p29.r0#15735 29 1,2,3,4,5;0,5,6,7,8,9,2;0,1,9,10,3;0,2,10,11,12,13,4;0,3,13,14,5;0,4,14,6,1;1,5,14,15,7;1,6,15,16,17,8;1,7,17,18,9;1,8,18,19,10,2;2,9,19,11,3;3,10,19,20,12;3,11,20,21,13;3,12,21,22,14,4;4,13,22,23,15,6,5;6,14,23,16,7;7,15,23,24,25,17;7,16,25,18,8;8,17,25,26,27,19,9;9,18,27,20,11,10;11,19,27,28,21,12;12,20,28,24,22,13;13,21,24,23,14;14,22,24,16,15;16,23,22,21,28,26,25;16,24,26,18,17;18,25,24,28,27;18,26,28,20,19;20,27,26,24,21 appfree=1 rsstfree=1
p29.r0#21929 29 1,2,3,4,5,6;0,6,7,8,9,2;0,1,9,10,3;0,2,10,11,12,4;0,3,12,13,14,5;0,4,14,15,6;0,5,15,7,1;1,6,15,16,8;1,7,16,17,18,9;1,8,18,19,20,10,2;2,9,20,11,3;3,10,20,21,22,12;3,11,22,13,4;4,12,22,23,24,14;4,13,24,15,5;5,14,24,25,16,7,6;7,15,25,17,8;8,16,25,26,27,18;8,17,27,19,9;9,18,27,21,20;9,19,21,11,10;11,20,19,27,28,22;11,21,28,23,13,12;13,22,28,26,25,24;13,23,25,15,14;15,24,23,26,17,16;17,25,23,28,27;17,26,28,21,19,18;21,27,26,23,22 appfree=1 rsstfree=1
p29.r0#22991 29 1,2,3,4,5;0,5,6,7,8,2;0,1,8,9,3;0,2,9,10,11,4;0,3,11,12,13,5;0,4,13,14,6,1;1,5,14,15,7;1,6,15,16,17,8;1,7,17,18,9,2;2,8,18,19,10,3;3,9,19,20,11;3,10,20,21,12,4;4,11,21,22,13;4,12,22,14,5;5,13,22,23,15,6;6,14,23,24,16,7;7,15,24,25,17;7,16,25,18,8;8,17,25,26,19,9;9,18,26,20,10;10,19,26,27,21,11;11,20,27,28,22,12;12,21,28,23,14,13;14,22,28,24,15;15,23,28,27,26,25,16;16,24,26,18,17;18,25,24,27,20,19;20,26,24,28,21;21,27,24,23,22 appfree=1 rsstfree=1
p29.r0#23027 29 1,2,3,4,5;0,5,6,7,8,2;0,1,8,9,3;0,2,9,10,4;0,3,10,11,12,5;0,4,12,13,6,1;1,5,13,14,15,7;1,6,15,16,8;1,7,16,17,18,9,2;2,8,18,19,10,3;3,9,19,20,11,4;4,10,20,21,22,12;4,11,22,13,5;5,12,22,23,14,6;6,13,23,24,15;6,14,24,25,16,7;7,15,25,17,8;8,16,25,26,18;8,17,26,27,19,9;9,18,27,20,10;10,19,27,21,11;11,20,27,26,28,22;11,21,28,23,13,12;13,22,28,24,14;14,23,28,25,15;15,24,28,26,17,16;17,25,28,21,27,18;18,26,21,20,19;21,26,25,24,23,22 appfree=1 rsstfree=1
p29.r0#24866 29 1,2,3,4,5;0,5,6,7,8,9,2;0,1,9,10,11,3;0,2,11,12,13,4;0,3,13,14,5;0,4,14,6,1;1,5,14,15,16,7;1,6,16,17,8;1,7,17,18,19,9;1,8,19,10,2;2,9,19,20,11;2,10,20,21,12,3;3,11,21,22,13;3,12,22,23,14,4;4,13,23,15,6,5;6,14,23,24,25,16;6,15,25,17,7;7,16,25,26,18,8;8,17,26,27,19;8,18,27,20,10,9;10,19,27,28,21,11;11,20,28,22,12;12,21,28,24,23,13;13,22,24,15,14;15,23,22,28,25;15,24,28,26,17,16;17,25,28,27,18;18,26,28,20,19;20,27,26,25,24,22,21 appfree=1 rsstfree=1
p29.r0#25763 29 1,2,3,4,5;0,5,6,7,8,2;0,1,8,9,10,3;0,2,10,11,12,4;0,3,12,13,5;0,4,13,14,15,6,1;1,5,15,16,17,7;1,6,17,18,8;1,7,18,9,2;2,8,18,19,20,10;2,9,20,11,3;3,10,20,21,12;3,11,21,22,13,4;4,12,22,14,5;5,13,22,23,15;5,14,23,24,16,6;6,15,24,25,17;6,16,25,19,18,7;7,17,19,9,8;9,18,17,25,26,20;9,19,26,27,21,11,10;11,20,27,22,12;12,21,27,28,23,14,13;14,22,28,24,15;15,23,28,26,25,16;16,24,26,19,17;19,25,24,28,27,20;20,26,28,22,21;22,27,26,24,23 appfree=1 rsstfree=1
p29.r0#37557 29 1,2,3,4,5,6;0,6,7,8,9,2;0,1,9,10,3;0,2,10,11,12,4;0,3,12,13,5;0,4,13,14,6;0,5,14,15,7,1;1,6,15,16,8;1,7,16,17,18,9;1,8,18,19,10,2;2,9,19,11,3;3,10,19,20,21,12;3,11,21,13,4;4,12,21,22,23,14,5;5,13,23,24,15,6;6,14,24,16,7;7,15,24,17,8;8,16,24,25,26,18;8,17,26,27,19,9;9,18,27,20,11,10;11,19,27,28,22,21;11,20,22,13,12;13,21,20,28,25,23;13,22,25,24,14;14,23,25,17,16,15;17,24,23,22,28,26;17,25,28,27,18;18,26,28,20,19;20,27,26,25,22 appfree=1 rsstfree=1
p29.r0#37938 29 1,2,3,4,5,6;0,6,7,8,9,2;0,1,9,10,11,12,3;0,2,12,13,4;0,3,13,14,15,5;0,4,15,16,6;0,5,16,7,1;1,6,16,17,18,8;1,7,18,19,9;1,8,19,10,2;2,9,19,20,21,11;2,10,21,22,12;2,11,22,13,3;3,12,22,14,4;4,13,22,23,24,25,15;4,14,25,16,5;5,15,25,26,17,7,6;7,16,26,27,18;7,17,27,20,19,8;8,18,20,10,9;10,19,18,27,28,21;10,20,28,22,11;11,21,28,23,14,13,12;14,22,28,27,24;14,23,27,26,25;14,24,26,16,15;16,25,24,27,17;17,26,24,23,28,20,18;20,27,23,22,21 appfree=1 rsstfree=1
p29.r0#38309 29 1,2,3,4,5;0,5,6,7,8,9,2;0,1,9,10,3;0,2,10,11,12,4;0,3,12,13,14,5;0,4,14,6,1;1,5,14,15,7;1,6,15,16,8;1,7,16,17,9;1,8,17,18,10,2;2,9,18,19,11,3;3,10,19,20,12;3,11,20,13,4;4,12,20,21,22,14;4,13,22,23,15,6,5;6,14,23,24,16,7;7,15,24,25,17,8;8,16,25,26,18,9;9,17,26,27,19,10;10,18,27,21,20,11;11,19,21,13,12;13,20,19,27,28,22;13,21,28,23,14;14,22,28,24,15;15,23,28,25,16;16,24,28,26,17;17,25,28,27,18;18,26,28,21,19;21,27,26,25,24,23,22 appfree=1 rsstfree=1
p29.r0#38310 29 1,2,3,4,5;0,5,6,7,8,9,2;0,1,9,10,3;0,2,10,11,12,4;0,3,12,13,14,5;0,4,14,6,1;1,5,14,15,7;1,6,15,16,8;1,7,16,17,9;1,8,17,10,2;2,9,17,18,19,11,3;3,10,19,20,12;3,11,20,13,4;4,12,20,21,22,14;4,13,22,23,15,6,5;6,14,23,24,16,7;7,15,24,25,17,8;8,16,25,26,18,10,9;10,17,26,27,19;10,18,27,21,20,11;11,19,21,13,12;13,20,19,27,28,22;13,21,28,23,14;14,22,28,24,15;15,23,28,25,16;16,24,28,26,17;17,25,28,27,18;18,26,28,21,19;21,27,26,25,24,23,22 appfree=1 rsstfree=1
p29.r0#38457 29 1,2,3,4,5;0,5,6,7,2;0,1,7,8,9,3;0,2,9,10,11,4;0,3,11,12,5;0,4,12,13,14,6,1;1,5,14,15,16,7;1,6,16,17,8,2;2,7,17,18,9;2,8,18,10,3;3,9,18,19,20,11;3,10,20,21,12,4;4,11,21,13,5;5,12,21,22,14;5,13,22,15,6;6,14,22,23,24,16;6,15,24,25,17,7;7,16,25,26,18,8;8,17,26,19,10,9;10,18,26,27,20;10,19,27,21,11;11,20,27,23,22,13,12;13,21,23,15,14;15,22,21,27,28,24;15,23,28,25,16;16,24,28,26,17;17,25,28,27,19,18;19,26,28,23,21,20;23,27,26,25,24 appfree=1 rsstfree=1
p29.r0#40188 29 1,2,3,4,5;0,5,6,7,8,2;0,1,8,9,3;0,2,9,10,11,12,4;0,3,12,13,5;0,4,13,14,6,1;1,5,14,15,7;1,6,15,16,8;1,7,16,17,9,2;2,8,17,10,3;3,9,17,18,11;3,10,18,19,12;3,11,19,13,4;4,12,19,20,14,5;5,13,20,21,22,15,6;6,14,22,23,16,7;7,15,23,24,17,8;8,16,24,25,18,10,9;10,17,25,26,19,11;11,18,26,27,20,13,12;13,19,27,21,14;14,20,27,28,22;14,21,28,23,15;15,22,28,24,16;16,23,28,25,17;17,24,28,26,18;18,25,28,27,19;19,26,28,21,20;21,27,26,25,24,23,22 appfree=1 rsstfree=1
p29.r0#40218 29 1,2,3,4,5;0,5,6,7,8,9,2;0,1,9,10,3;0,2,10,11,12,13,14,4;0,3,14,15,5;0,4,15,6,1;1,5,15,16,7;1,6,16,17,8;1,7,17,18,19,9;1,8,19,10,2;2,9,19,11,3;3,10,19,20,12;3,11,20,21,22,13;3,12,22,23,14;3,13,23,15,4;4,14,23,24,16,6,5;6,15,24,17,7;7,16,24,25,26,18,8;8,17,26,27,19;8,18,27,20,11,10,9;11,19,27,21,12;12,20,27,26,28,22;12,21,28,23,13;13,22,28,25,24,15,14;15,23,25,17,16;17,24,23,28,26;17,25,28,21,27,18;18,26,21,20,19;21,26,25,23,22 appfree=1 rsstfree=1
p29.r0#40302 29 1,2,3,4,5,6;0,6,7,8,9,10,2;0,1,10,11,3;0,2,11,12,4;0,3,12,13,14,5;0,4,14,15,6;0,5,15,7,1;1,6,15,16,8;1,7,16,17,18,9;1,8,18,19,10;1,9,19,11,2;2,10,19,20,21,12,3;3,11,21,13,4;4,12,21,22,23,14;4,13,23,15,5;5,14,23,24,25,16,7,6;7,15,25,17,8;8,16,25,26,27,18;8,17,27,19,9;9,18,27,28,20,11,10;11,19,28,22,21;11,20,22,13,12;13,21,20,28,26,24,23;13,22,24,15,14;15,23,22,26,25;15,24,26,17,16;17,25,24,22,28,27;17,26,28,19,18;19,27,26,22,20 appfree=1 rsstfree=1
p29.r0#42399 29 1,2,3,4,5,6;0,6,7,8,9,10,2;0,1,10,11,3;0,2,11,12,4;0,3,12,13,14,5;0,4,14,15,16,6;0,5,16,7,1;1,6,16,17,8;1,7,17,18,19,9;1,8,19,20,10;1,9,20,11,2;2,10,20,21,22,12,3;3,11,22,13,4;4,12,22,23,24,25,14;4,13,25,15,5;5,14,25,26,27,17,16;5,15,17,7,6;7,16,15,27,18,8;8,17,27,28,19;8,18,28,21,20,9;9,19,21,11,10;11,20,19,28,23,22;11,21,23,13,12;13,22,21,28,24;13,23,28,26,25;13,24,26,15,14;15,25,24,28,27;15,26,28,18,17;18,27,26,24,23,21,19 appfree=1 rsstfree=1
p29.r0#42835 29 1,2,3,4,5,6;0,6,7,8,9,2;0,1,9,10,3;0,2,10,11,12,13,4;0,3,13,14,5;0,4,14,15,16,6;0,5,16,7,1;1,6,16,17,8;1,7,17,18,19,9;1,8,19,10,2;2,9,19,20,11,3;3,10,20,21,22,12;3,11,22,23,13;3,12,23,14,4;4,13,23,15,5;5,14,23,24,17,16;5,15,17,7,6;7,16,15,24,25,18,8;8,17,25,26,27,19;8,18,27,20,10,9;10,19,27,21,11;11,20,27,26,22;11,21,26,28,23,12;12,22,28,24,15,14,13;15,23,28,25,17;17,24,28,26,18;18,25,28,22,21,27;18,26,21,20,19;22,26,25,24,23 appfree=1 rsstfree=1
p29.r0#89168 29 1,2,3,4,5;0,5,6,7,8,9,2;0,1,9,10,3;0,2,10,11,4;0,3,11,12,13,14,5;0,4,14,6,1;1,5,14,15,16,7;1,6,16,17,18,8;1,7,18,19,9;1,8,19,10,2;2,9,19,20,21,11,3;3,10,21,12,4;4,11,21,22,13;4,12,22,23,15,14;4,13,15,6,5;6,14,13,23,24,16;6,15,24,17,7;7,16,24,25,18;7,17,25,26,19,8;8,18,26,20,10,9;10,19,26,27,21;10,20,27,22,12,11;12,21,27,28,23,13;13,22,28,24,15;15,23,28,25,17,16;17,24,28,27,26,18;18,25,27,20,19;20,26,25,28,22,21;22,27,25,24,23 appfree=1 rsstfree=1
p29.r1#4783 29 1,2,3,4,5;0,5,6,7,8,9,2;0,1,9,10,3;0,2,10,11,12,13,4;0,3,13,14,5;0,4,14,6,1;1,5,14,15,7;1,6,15,16,8;1,7,16,17,9;1,8,17,18,10,2;2,9,18,11,3;3,10,18,19,12;3,11,19,20,13;3,12,20,21,14,4;4,13,21,22,15,6,5;6,14,22,23,16,7;7,15,23,24,17,8;8,16,24,25,26,18,9;9,17,26,19,11,10;11,18,26,27,20,12;12,19,27,28,21,13;13,20,28,22,14;14,21,28,23,15;15,22,28,24,16;16,23,28,25,17;17,24,28,27,26;17,25,27,19,18;19,26,25,28,20;20,27,25,24,23,22,21 appfree=1 rsstfree=1
p29.r1#4828 29 1,2,3,4,5;0,5,6,7,8,9,2;0,1,9,10,3;0,2,10,11,12,13,4;0,3,13,14,15,5;0,4,15,6,1;1,5,15,16,7;1,6,16,17,8;1,7,17,18,9;1,8,18,19,10,2;2,9,19,11,3;3,10,19,20,12;3,11,20,21,13;3,12,21,14,4;4,13,21,22,23,15;4,14,23,16,6,5;6,15,23,24,17,7;7,16,24,25,18,8;8,17,25,26,27,19,9;9,18,27,20,11,10;11,19,27,28,21,12;12,20,28,22,14,13;14,21,28,26,25,24,23;14,22,24,16,15;16,23,22,25,17;17,24,22,26,18;18,25,22,28,27;18,26,28,20,19;20,27,26,22,21 appfree=1 rsstfree=1
p29.r1#5500 29 1,2,3,4,5;0,5,6,7,8,9,2;0,1,9,10,3;0,2,10,11,12,4;0,3,12,13,14,5;0,4,14,6,1;1,5,14,15,7;1,6,15,16,8;1,7,16,17,9;1,8,17,18,10,2;2,9,18,19,11,3;3,10,19,20,12;3,11,20,13,4;4,12,20,21,22,14;4,13,22,15,6,5;6,14,22,23,16,7;7,15,23,24,17,8;8,16,24,25,18,9;9,17,25,19,10;10,18,25,26,20,11;11,19,26,21,13,12;13,20,26,27,22;13,21,27,28,23,15,14;15,22,28,24,16;16,23,28,25,17;17,24,28,27,26,19,18;19,25,27,21,20;21,26,25,28,22;22,27,25,24,23 appfree=1 rsstfree=1
p29.r1#5742 29 1,2,3,4,5,6;0,6,7,8,9,10,2;0,1,10,11,3;0,2,11,12,13,4;0,3,13,14,5;0,4,14,15,16,6;0,5,16,7,1;1,6,16,17,8;1,7,17,18,9;1,8,18,19,10;1,9,19,11,2;2,10,19,20,12,3;3,11,20,21,22,13;3,12,22,14,4;4,13,22,15,5;5,14,22,23,24,16;5,15,24,17,7,6;7,16,24,25,18,8;8,17,25,26,19,9;9,18,26,20,11,10;11,19,26,27,28,21,12;12,20,28,23,22;12,21,23,15,14,13;15,22,21,28,24;15,23,28,27,25,17,16;17,24,27,26,18;18,25,27,20,19;20,26,25,24,28;20,27,24,23,21 appfree=1 rsstfree=1
p29.r1#13572 29 1,2,3,4,5;0,5,6,7,8,2;0,1,8,9,3;0,2,9,10,11,12,4;0,3,12,13,14,5;0,4,14,15,6,1;1,5,15,16,7;1,6,16,17,18,8;1,7,18,19,9,2;2,8,19,10,3;3,9,19,20,11;3,10,20,21,12;3,11,21,13,4;4,12,21,22,23,14;4,13,23,24,15,5;5,14,24,16,6;6,15,24,17,7;7,16,24,25,26,18;7,17,26,27,19,8;8,18,27,20,10,9;10,19,27,28,22,21,11;11,20,22,13,12;13,21,20,28,25,23;13,22,25,24,14;14,23,25,17,16,15;17,24,23,22,28,26;17,25,28,27,18;18,26,28,20,19;20,27,26,25,22 appfree=1 rsstfree=1
p29.r1#14245 29 1,2,3,4,5;0,5,6,7,8,9,2;0,1,9,10,11,3;0,2,11,12,4;0,3,12,13,14,15,5;0,4,15,6,1;1,5,15,16,7;1,6,16,17,8;1,7,17,18,9;1,8,18,10,2;2,9,18,19,11;2,10,19,20,12,3;3,11,20,13,4;4,12,20,21,14;4,13,21,22,15;4,14,22,23,16,6,5;6,15,23,24,17,7;7,16,24,25,18,8;8,17,25,26,19,10,9;10,18,26,20,11;11,19,26,27,21,13,12;13,20,27,22,14;14,21,27,28,23,15;15,22,28,24,16;16,23,28,25,17;17,24,28,27,26,18;18,25,27,20,19;20,26,25,28,22,21;22,27,25,24,23 appfree=1 rsstfree=1
p29.r1#24194 29 1,2,3,4,5,6;0,6,7,8,2;0,1,8,9,10,11,3;0,2,11,12,4;0,3,12,13,5;0,4,13,14,15,6;0,5,15,7,1;1,6,15,16,8;1,7,16,17,18,9,2;2,8,18,19,10;2,9,19,20,11;2,10,20,21,12,3;3,11,21,13,4;4,12,21,22,14,5;5,13,22,23,15;5,14,23,16,7,6;7,15,23,24,17,8;8,16,24,25,18;8,17,25,19,9;9,18,25,26,27,20,10;10,19,27,21,11;11,20,27,28,22,13,12;13,21,28,24,23,14;14,22,24,16,15;16,23,22,28,26,25,17;17,24,26,19,18;19,25,24,28,27;19,26,28,21,20;21,27,26,24,22 appfree=1 rsstfree=1
p29.r1#24195 29 1,2,3,4,5,6;0,6,7,8,9,2;0,1,9,10,3;0,2,10,11,4;0,3,11,12,13,5;0,4,13,14,6;0,5,14,15,7,1;1,6,15,16,17,8;1,7,17,18,9;1,8,18,19,10,2;2,9,19,11,3;3,10,19,20,12,4;4,11,20,21,13;4,12,21,22,14,5;5,13,22,15,6;6,14,22,23,16,7;7,15,23,24,17;7,16,24,25,26,18,8;8,17,26,19,9;9,18,26,27,20,11,10;11,19,27,28,21,12;12,20,28,22,13;13,21,28,23,15,14;15,22,28,24,16;16,23,28,25,17;17,24,28,27,26;17,25,27,19,18;19,26,25,28,20;20,27,25,24,23,22,21 appfree=1 rsstfree=1
p29.r1#24213 29 1,2,3,4,5,6;0,6,7,8,9,2;0,1,9,10,3;0,2,10,11,4;0,3,11,12,13,14,5;0,4,14,15,6;0,5,15,7,1;1,6,15,16,17,8;1,7,17,18,9;1,8,18,19,20,10,2;2,9,20,11,3;3,10,20,21,22,12,4;4,11,22,23,13;4,12,23,24,14;4,13,24,16,15,5;5,14,16,7,6;7,15,14,24,25,26,17;7,16,26,18,8;8,17,26,19,9;9,18,26,27,28,21,20;9,19,21,11,10;11,20,19,28,22;11,21,28,23,12;12,22,28,27,25,24,13;13,23,25,16,14;16,24,23,27,26;16,25,27,19,18,17;19,26,25,23,28;19,27,23,22,21 appfree=1 rsstfree=1
p29.r1#24363 29 1,2,3,4,5;0,5,6,7,8,2;0,1,8,9,10,3;0,2,10,11,12,4;0,3,12,13,5;0,4,13,6,1;1,5,13,14,15,16,7;1,6,16,17,8;1,7,17,18,19,9,2;2,8,19,20,10;2,9,20,11,3;3,10,20,21,22,12;3,11,22,23,13,4;4,12,23,14,6,5;6,13,23,24,25,15;6,14,25,26,16;6,15,26,17,7;7,16,26,18,8;8,17,26,27,19;8,18,27,21,20,9;9,19,21,11,10;11,20,19,27,28,24,22;11,21,24,23,12;12,22,24,14,13;14,23,22,21,28,25;14,24,28,26,15;15,25,28,27,18,17,16;18,26,28,21,19;21,27,26,25,24 appfree=1 rsstfree=1
p29.r1#38875 29 1,2,3,4,5,6;0,6,7,8,2;0,1,8,9,10,3;0,2,10,11,12,4;0,3,12,13,5;0,4,13,14,15,6;0,5,15,7,1;1,6,15,16,8;1,7,16,17,9,2;2,8,17,18,19,10;2,9,19,11,3;3,10,19,20,21,22,12;3,11,22,13,4;4,12,22,14,5;5,13,22,23,24,15;5,14,24,16,7,6;7,15,24,25,26,17,8;8,16,26,18,9;9,17,26,27,19;9,18,27,20,11,10;11,19,27,28,21;11,20,28,23,22;11,21,23,14,13,12;14,22,21,28,25,24;14,23,25,16,15;16,24,23,28,27,26;16,25,27,18,17;18,26,25,28,20,19;20,27,25,23,21 appfree=1 rsstfree=1
p29.r1#46147 29 1,2,3,4,5,6;0,6,7,8,9,2;0,1,9,10,11,3;0,2,11,12,4;0,3,12,13,14,15,5;0,4,15,16,6;0,5,16,7,1;1,6,16,17,18,8;1,7,18,19,9;1,8,19,10,2;2,9,19,20,21,11;2,10,21,12,3;3,11,21,13,4;4,12,21,22,14;4,13,22,23,24,15;4,14,24,16,5;5,15,24,25,17,7,6;7,16,25,26,18;7,17,26,27,19,8;8,18,27,20,10,9;10,19,27,28,21;10,20,28,22,13,12,11;13,21,28,23,14;14,22,28,27,26,25,24;14,23,25,16,15;16,24,23,26,17;17,25,23,27,18;18,26,23,28,20,19;20,27,23,22,21 appfree=1 rsstfree=1
p29.r1#61738 29 1,2,3,4,5;0,5,6,7,8,2;0,1,8,9,10,3;0,2,10,11,12,4;0,3,12,13,14,5;0,4,14,6,1;1,5,14,15,16,7;1,6,16,17,8;1,7,17,9,2;2,8,17,18,19,10;2,9,19,20,21,11,3;3,10,21,22,12;3,11,22,13,4;4,12,22,23,14;4,13,23,15,6,5;6,14,23,24,16;6,15,24,25,17,7;7,16,25,18,9,8;9,17,25,26,19;9,18,26,20,10;10,19,26,27,21;10,20,27,22,11;11,21,27,28,23,13,12;13,22,28,24,15,14;15,23,28,26,25,16;16,24,26,18,17;18,25,24,28,27,20,19;20,26,28,22,21;22,27,26,24,23 appfree=1 rsstfree=1
p29.r1#79775 29 1,2,3,4,5,6;0,6,7,8,2;0,1,8,9,10,3;0,2,10,11,4;0,3,11,12,13,5;0,4,13,14,15,6;0,5,15,7,1;1,6,15,16,8;1,7,16,17,18,9,2;2,8,18,19,20,10;2,9,20,11,3;3,10,20,21,12,4;4,11,21,22,23,13;4,12,23,14,5;5,13,23,24,15;5,14,24,25,16,7,6;7,15,25,17,8;8,16,25,26,27,18;8,17,27,19,9;9,18,27,28,20;9,19,28,21,11,10;11,20,28,22,12;12,21,28,26,24,23;12,22,24,14,13;14,23,22,26,25,15;15,24,26,17,16;17,25,24,22,28,27;17,26,28,19,18;19,27,26,22,21,20 appfree=1 rsstfree=1
p29.r1#79795 29 1,2,3,4,5,6;0,6,7,8,9,2;0,1,9,10,11,3;0,2,11,12,4;0,3,12,13,14,5;0,4,14,15,6;0,5,15,7,1;1,6,15,16,17,8;1,7,17,18,19,9;1,8,19,10,2;2,9,19,20,11;2,10,20,21,22,12,3;3,11,22,13,4;4,12,22,23,24,14;4,13,24,25,16,15,5;5,14,16,7,6;7,15,14,25,26,17;7,16,26,18,8;8,17,26,27,20,19;8,18,20,10,9;10,19,18,27,21,11;11,20,27,23,22;11,21,23,13,12;13,22,21,27,28,24;13,23,28,25,14;14,24,28,26,16;16,25,28,27,18,17;18,26,28,23,21,20;23,27,26,25,24 appfree=1 rsstfree=1
p29.r1#222776 29 1,2,3,4,5;0,5,6,7,8,2;0,1,8,9,10,3;0,2,10,11,12,4;0,3,12,13,14,5;0,4,14,15,6,1;1,5,15,16,17,7;1,6,17,18,19,8;1,7,19,9,2;2,8,19,20,21,10;2,9,21,22,11,3;3,10,22,23,12;3,11,23,13,4;4,12,23,24,25,14;4,13,25,15,5;5,14,25,16,6;6,15,25,24,26,17;6,16,26,18,7;7,17,26,27,19;7,18,27,20,9,8;9,19,27,28,21;9,20,28,22,10;10,21,28,24,23,11;11,22,24,13,12;13,23,22,28,27,26,16,25;13,24,16,15,14;16,24,27,18,17;18,26,24,28,20,19;20,27,24,22,21 appfree=1 rsstfree=1
p29.r1#236383 29 1,2,3,4,5;0,5,6,7,8,9,2;0,1,9,10,11,3;0,2,11,12,13,4;0,3,13,14,5;0,4,14,15,6,1;1,5,15,16,7;1,6,16,17,8;1,7,17,18,9;1,8,18,10,2;2,9,18,19,20,11;2,10,20,12,3;3,11,20,21,13;3,12,21,22,14,4;4,13,22,23,15,5;5,14,23,24,16,6;6,15,24,25,17,7;7,16,25,26,18,8;8,17,26,19,10,9;10,18,26,27,21,20;10,19,21,12,11;12,20,19,27,28,22,13;13,21,28,23,14;14,22,28,24,15;15,23,28,27,25,16;16,24,27,26,17;17,25,27,19,18;19,26,25,24,28,21;21,27,24,23,22 appfree=1 rsstfree=1
p29.r1#236385 29 1,2,3,4,5;0,5,6,7,8,9,2;0,1,9,10,11,3;0,2,11,12,4;0,3,12,13,5;0,4,13,14,6,1;1,5,14,15,16,7;1,6,16,17,8;1,7,17,18,9;1,8,18,10,2;2,9,18,19,20,11;2,10,20,21,12,3;3,11,21,22,13,4;4,12,22,23,14,5;5,13,23,15,6;6,14,23,24,16;6,15,24,25,17,7;7,16,25,26,18,8;8,17,26,19,10,9;10,18,26,27,28,20;10,19,28,21,11;11,20,28,22,12;12,21,28,24,23,13;13,22,24,15,14;15,23,22,28,27,25,16;16,24,27,26,17;17,25,27,19,18;19,26,25,24,28;19,27,24,22,21,20 appfree=1 rsstfree=1
p29.r10#9546 29 1,2,3,4,5,6,7;0,7,8,9,10,2;0,1,10,11,3;0,2,11,12,13,4;0,3,13,14,5;0,4,14,15,6;0,5,15,16,7;0,6,16,8,1;1,7,16,17,9;1,8,17,18,19,20,10;1,9,20,11,2;2,10,20,12,3;3,11,20,21,22,13;3,12,22,14,4;4,13,22,23,24,15,5;5,14,24,16,6;6,15,24,25,17,8,7;8,16,25,18,9;9,17,25,26,19;9,18,26,21,20;9,19,21,12,11,10;12,20,19,26,27,22;12,21,27,23,14,13;14,22,27,28,24;14,23,28,25,16,15;16,24,28,26,18,17;18,25,28,27,21,19;21,26,28,23,22;23,27,26,25,24 appfree=1 rsstfree=1
p29.r10#14660 29 1,2,3,4,5,6;0,6,7,8,9,2;0,1,9,10,3;0,2,10,11,12,4;0,3,12,13,14,15,5;0,4,15,16,6;0,5,16,7,1;1,6,16,17,18,8;1,7,18,19,20,9;1,8,20,10,2;2,9,20,11,3;3,10,20,21,22,12;3,11,22,13,4;4,12,22,23,14;4,13,23,24,15;4,14,24,17,16,5;5,15,17,7,6;7,16,15,24,25,18;7,17,25,26,19,8;8,18,26,27,21,20;8,19,21,11,10,9;11,20,19,27,22;11,21,27,23,13,12;13,22,27,28,24,14;14,23,28,25,17,15;17,24,28,26,18;18,25,28,27,19;19,26,28,23,22,21;23,27,26,25,24 appfree=1 rsstfree=1
p29.r10#15149 29 1,2,3,4,5,6;0,6,7,8,2;0,1,8,9,3;0,2,9,10,11,4;0,3,11,12,5;0,4,12,13,14,6;0,5,14,15,7,1;1,6,15,16,17,8;1,7,17,18,9,2;2,8,18,19,10,3;3,9,19,20,21,22,11;3,10,22,12,4;4,11,22,13,5;5,12,22,23,24,14;5,13,24,15,6;6,14,24,25,16,7;7,15,25,26,17;7,16,26,27,18,8;8,17,27,19,9;9,18,27,20,10;10,19,27,26,28,21;10,20,28,23,22;10,21,23,13,12,11;13,22,21,28,25,24;13,23,25,15,14;15,24,23,28,26,16;16,25,28,20,27,17;17,26,20,19,18;20,26,25,23,21 appfree=1 rsstfree=1
p29.r10#15173 29 1,2,3,4,5,6;0,6,7,8,2;0,1,8,9,10,3;0,2,10,11,4;0,3,11,12,13,5;0,4,13,14,6;0,5,14,15,7,1;1,6,15,16,8;1,7,16,17,18,9,2;2,8,18,19,10;2,9,19,20,11,3;3,10,20,21,12,4;4,11,21,22,23,24,13;4,12,24,14,5;5,13,24,15,6;6,14,24,25,16,7;7,15,25,17,8;8,16,25,26,27,18;8,17,27,19,9;9,18,27,28,20,10;10,19,28,21,11;11,20,28,22,12;12,21,28,27,26,23;12,22,26,25,24;12,23,25,15,14,13;15,24,23,26,17,16;17,25,23,22,27;17,26,22,28,19,18;19,27,22,21,20 appfree=1 rsstfree=1
p29.r10#15177 29 1,2,3,4,5,6;0,6,7,8,2;0,1,8,9,10,3;0,2,10,11,4;0,3,11,12,13,5;0,4,13,14,6;0,5,14,15,7,1;1,6,15,16,8;1,7,16,17,18,9,2;2,8,18,19,10;2,9,19,20,11,3;3,10,20,21,12,4;4,11,21,22,23,13;4,12,23,14,5;5,13,23,24,15,6;6,14,24,25,16,7;7,15,25,17,8;8,16,25,26,18;8,17,26,19,9;9,18,26,27,20,10;10,19,27,21,11;11,20,27,22,12;12,21,27,26,28,23;12,22,28,24,14,13;14,23,28,25,15;15,24,28,26,17,16;17,25,28,22,27,19,18;19,26,22,21,20;22,26,25,24,23 appfree=1 rsstfree=1
p29.r10#23433 29 1,2,3,4,5;0,5,6,7,2;0,1,7,8,3;0,2,8,9,10,11,4;0,3,11,12,13,5;0,4,13,14,6,1;1,5,14,15,16,7;1,6,16,17,18,8,2;2,7,18,9,3;3,8,18,19,10;3,9,19,20,11;3,10,20,12,4;4,11,20,21,22,13;4,12,22,14,5;5,13,22,15,6;6,14,22,23,16;6,15,23,24,17,7;7,16,24,25,18;7,17,25,26,19,9,8;9,18,26,20,10;10,19,26,27,21,12,11;12,20,27,28,22;12,21,28,23,15,14,13;15,22,28,24,16;16,23,28,27,25,17;17,24,27,26,18;18,25,27,20,19;20,26,25,24,28,21;21,27,24,23,22 appfree=1 rsstfree=1
p29.r10#25022 29 1,2,3,4,5;0,5,6,7,2;0,1,7,8,3;0,2,8,9,10,11,4;0,3,11,12,13,5;0,4,13,14,6,1;1,5,14,15,16,17,7;1,6,17,18,19,8,2;2,7,19,9,3;3,8,19,20,10;3,9,20,21,11;3,10,21,12,4;4,11,21,22,23,13;4,12,23,14,5;5,13,23,15,6;6,14,23,24,16;6,15,24,25,17;6,16,25,18,7;7,17,25,26,19;7,18,26,20,9,8;9,19,26,27,21,10;10,20,27,22,12,11;12,21,27,28,23;12,22,28,24,15,14,13;15,23,28,25,16;16,24,28,27,26,18,17;18,25,27,20,19;20,26,25,28,22,21;22,27,25,24,23 appfree=1 rsstfree=1
p29.r10#26164 29 1,2,3,4,5;0,5,6,7,8,9,2;0,1,9,10,3;0,2,10,11,12,13,4;0,3,13,14,5;0,4,14,15,6,1;1,5,15,16,7;1,6,16,17,8;1,7,17,18,9;1,8,18,10,2;2,9,18,11,3;3,10,18,19,12;3,11,19,20,21,13;3,12,21,14,4;4,13,21,22,23,15,5;5,14,23,24,16,6;6,15,24,17,7;7,16,24,25,26,18,8;8,17,26,19,11,10,9;11,18,26,27,20,12;12,19,27,28,22,21;12,20,22,14,13;14,21,20,28,23;14,22,28,24,15;15,23,28,25,17,16;17,24,28,27,26;17,25,27,19,18;19,26,25,28,20;20,27,25,24,23,22 appfree=1 rsstfree=1
p29.r10#26168 29 1,2,3,4,5;0,5,6,7,8,9,2;0,1,9,10,3;0,2,10,11,12,13,4;0,3,13,14,5;0,4,14,15,6,1;1,5,15,16,7;1,6,16,17,8;1,7,17,18,19,9;1,8,19,10,2;2,9,19,11,3;3,10,19,20,12;3,11,20,21,22,13;3,12,22,14,4;4,13,22,23,24,15,5;5,14,24,25,16,6;6,15,25,17,7;7,16,25,26,18,8;8,17,26,27,19;8,18,27,20,11,10,9;11,19,27,21,12;12,20,27,28,23,22;12,21,23,14,13;14,22,21,28,24;14,23,28,25,15;15,24,28,26,17,16;17,25,28,27,18;18,26,28,21,20,19;21,27,26,25,24,23 appfree=1 rsstfree=1
p29.r10#30793 29 1,2,3,4,5;0,5,6,7,8,9,10,2;0,1,10,11,3;0,2,11,12,13,4;0,3,13,14,15,5;0,4,15,6,1;1,5,15,16,7;1,6,16,17,8;1,7,17,18,9;1,8,18,19,10;1,9,19,11,2;2,10,19,20,12,3;3,11,20,21,22,13;3,12,22,14,4;4,13,22,23,15;4,14,23,24,16,6,5;6,15,24,25,17,7;7,16,25,26,18,8;8,17,26,27,19,9;9,18,27,20,11,10;11,19,27,21,12;12,20,27,26,28,23,22;12,21,23,14,13;14,22,21,28,24,15;15,23,28,25,16;16,24,28,26,17;17,25,28,21,27,18;18,26,21,20,19;21,26,25,24,23 appfree=1 rsstfree=1
p29.r10#32604 29 1,2,3,4,5,6;0,6,7,8,9,2;0,1,9,10,3;0,2,10,11,4;0,3,11,12,13,5;0,4,13,14,6;0,5,14,7,1;1,6,14,15,16,8;1,7,16,17,9;1,8,17,18,19,10,2;2,9,19,11,3;3,10,19,20,21,22,12,4;4,11,22,23,24,13;4,12,24,14,5;5,13,24,25,15,7,6;7,14,25,26,16;7,15,26,27,17,8;8,16,27,18,9;9,17,27,20,19;9,18,20,11,10;11,19,18,27,21;11,20,27,28,22;11,21,28,23,12;12,22,28,26,25,24;12,23,25,14,13;14,24,23,26,15;15,25,23,28,27,16;16,26,28,21,20,18,17;21,27,26,23,22 appfree=1 rsstfree=1
p29.r10#35012 29 1,2,3,4,5;0,5,6,7,8,2;0,1,8,9,10,3;0,2,10,11,12,4;0,3,12,13,14,5;0,4,14,6,1;1,5,14,15,16,7;1,6,16,17,18,8;1,7,18,9,2;2,8,18,19,20,21,10;2,9,21,11,3;3,10,21,22,12;3,11,22,23,13,4;4,12,23,24,14;4,13,24,15,6,5;6,14,24,25,16;6,15,25,17,7;7,16,25,26,19,18;7,17,19,9,8;9,18,17,26,27,20;9,19,27,22,21;9,20,22,11,10;11,21,20,27,28,23,12;12,22,28,24,13;13,23,28,26,25,15,14;15,24,26,17,16;17,25,24,28,27,19;19,26,28,22,20;22,27,26,24,23 appfree=1 rsstfree=1
p29.r10#37277 29 1,2,3,4,5,6;0,6,7,8,9,2;0,1,9,10,3;0,2,10,11,12,4;0,3,12,13,5;0,4,13,14,15,6;0,5,15,7,1;1,6,15,16,8;1,7,16,17,18,9;1,8,18,19,20,10,2;2,9,20,11,3;3,10,20,21,22,12;3,11,22,13,4;4,12,22,23,14,5;5,13,23,24,25,16,15;5,14,16,7,6;7,15,14,25,17,8;8,16,25,26,18;8,17,26,27,19,9;9,18,27,21,20;9,19,21,11,10;11,20,19,27,28,22;11,21,28,23,13,12;13,22,28,24,14;14,23,28,27,26,25;14,24,26,17,16;17,25,24,27,18;18,26,24,28,21,19;21,27,24,23,22 appfree=1 rsstfree=1
p29.r10#37349 29 1,2,3,4,5,6;0,6,7,8,9,10,2;0,1,10,11,3;0,2,11,12,13,4;0,3,13,14,5;0,4,14,15,16,6;0,5,16,7,1;1,6,16,17,8;1,7,17,18,19,9;1,8,19,20,21,10;1,9,21,11,2;2,10,21,12,3;3,11,21,22,23,13;3,12,23,24,25,14,4;4,13,25,15,5;5,14,25,26,17,16;5,15,17,7,6;7,16,15,26,18,8;8,17,26,27,19;8,18,27,28,20,9;9,19,28,22,21;9,20,22,12,11,10;12,21,20,28,23;12,22,28,27,24,13;13,23,27,26,25;13,24,26,15,14;15,25,24,27,18,17;18,26,24,23,28,19;19,27,23,22,20 appfree=1 rsstfree=1
p29.r10#398544 29 1,2,3,4,5;0,5,6,7,8,9,2;0,1,9,10,3;0,2,10,11,12,13,4;0,3,13,14,15,16,5;0,4,16,6,1;1,5,16,17,18,19,7;1,6,19,20,8;1,7,20,21,9;1,8,21,10,2;2,9,21,11,3;3,10,21,22,12;3,11,22,23,13;3,12,23,24,14,4;4,13,24,25,15;4,14,25,17,16;4,15,17,6,5;6,16,15,25,18;6,17,25,26,19;6,18,26,27,20,7;7,19,27,21,8;8,20,27,22,11,10,9;11,21,27,23,12;12,22,27,28,24,13;13,23,28,25,14;14,24,28,26,18,17,15;18,25,28,27,19;19,26,28,23,22,21,20;23,27,26,25,24 appfree=1 rsstfree=1
p29.r11#523 29 1,2,3,4,5,6;0,6,7,8,9,10,2;0,1,10,11,3;0,2,11,12,4;0,3,12,13,14,5;0,4,14,15,6;0,5,15,7,1;1,6,15,16,8;1,7,16,17,18,9;1,8,18,19,10;1,9,19,20,11,2;2,10,20,12,3;3,11,20,21,13,4;4,12,21,22,14;4,13,22,23,15,5;5,14,23,24,16,7,6;7,15,24,17,8;8,16,24,25,26,18;8,17,26,19,9;9,18,26,27,28,20,10;10,19,28,21,12,11;12,20,28,22,13;13,21,28,27,25,23,14;14,22,25,24,15;15,23,25,17,16;17,24,23,22,27,26;17,25,27,19,18;19,26,25,22,28;19,27,22,21,20 appfree=1 rsstfree=1
p29.r11#2449 29 1,2,3,4,5;0,5,6,7,8,2;0,1,8,9,10,3;0,2,10,11,4;0,3,11,12,13,5;0,4,13,14,6,1;1,5,14,15,16,7;1,6,16,17,8;1,7,17,18,9,2;2,8,18,19,10;2,9,19,20,11,3;3,10,20,21,12,4;4,11,21,22,13;4,12,22,14,5;5,13,22,23,15,6;6,14,23,24,16;6,15,24,25,17,7;7,16,25,18,8;8,17,25,26,19,9;9,18,26,20,10;10,19,26,27,21,11;11,20,27,23,22,12;12,21,23,14,13;14,22,21,27,28,24,15;15,23,28,25,16;16,24,28,26,18,17;18,25,28,27,20,19;20,26,28,23,21;23,27,26,25,24 appfree=1 rsstfree=1
p29.r11#5886 29 1,2,3,4,5,6;0,6,7,8,9,2;0,1,9,10,3;0,2,10,11,12,4;0,3,12,13,5;0,4,13,14,6;0,5,14,15,7,1;1,6,15,16,17,8;1,7,17,18,19,9;1,8,19,10,2;2,9,19,20,11,3;3,10,20,21,12;3,11,21,22,13,4;4,12,22,23,24,14,5;5,13,24,15,6;6,14,24,25,16,7;7,15,25,26,17;7,16,26,18,8;8,17,26,27,28,19;8,18,28,20,10,9;10,19,28,21,11;11,20,28,22,12;12,21,28,27,23,13;13,22,27,25,24;13,23,25,15,14;15,24,23,27,26,16;16,25,27,18,17;18,26,25,23,22,28;18,27,22,21,20,19 appfree=1 rsstfree=1
p29.r11#5974 29 1,2,3,4,5;0,5,6,7,8,2;0,1,8,9,10,3;0,2,10,11,4;0,3,11,12,5;0,4,12,13,14,6,1;1,5,14,15,7;1,6,15,16,8;1,7,16,17,9,2;2,8,17,18,10;2,9,18,19,11,3;3,10,19,20,21,12,4;4,11,21,13,5;5,12,21,22,23,14;5,13,23,24,15,6;6,14,24,25,16,7;7,15,25,26,17,8;8,16,26,18,9;9,17,26,19,10;10,18,26,27,20,11;11,19,27,22,21;11,20,22,13,12;13,21,20,27,28,23;13,22,28,24,14;14,23,28,25,15;15,24,28,27,26,16;16,25,27,19,18,17;19,26,25,28,22,20;22,27,25,24,23 appfree=1 rsstfree=1
p29.r11#17356 29 1,2,3,4,5,6;0,6,7,8,9,2;0,1,9,10,3;0,2,10,11,4;0,3,11,12,13,5;0,4,13,14,6;0,5,14,15,7,1;1,6,15,16,8;1,7,16,17,9;1,8,17,18,19,10,2;2,9,19,11,3;3,10,19,20,12,4;4,11,20,21,13;4,12,21,22,23,14,5;5,13,23,15,6;6,14,23,24,16,7;7,15,24,17,8;8,16,24,25,18,9;9,17,25,26,19;9,18,26,20,11,10;11,19,26,21,12;12,20,26,27,22,13;13,21,27,28,23;13,22,28,24,15,14;15,23,28,25,17,16;17,24,28,27,26,18;18,25,27,21,20,19;21,26,25,28,22;22,27,25,24,23 appfree=1 rsstfree=1
p29.r11#30628 29 1,2,3,4,5,6;0,6,7,8,9,10,2;0,1,10,11,3;0,2,11,12,13,4;0,3,13,14,5;0,4,14,15,16,6;0,5,16,7,1;1,6,16,17,18,19,8;1,7,19,20,9;1,8,20,21,22,10;1,9,22,11,2;2,10,22,12,3;3,11,22,23,24,25,13;3,12,25,14,4;4,13,25,15,5;5,14,25,26,17,16;5,15,17,7,6;7,16,15,26,18;7,17,26,27,19;7,18,27,20,8;8,19,27,28,21,9;9,20,28,23,22;9,21,23,12,11,10;12,22,21,28,24;12,23,28,27,26,25;12,24,26,15,14,13;15,25,24,27,18,17;18,26,24,28,20,19;20,27,24,23,21 appfree=1 rsstfree=1
p29.r11#35858 29 1,2,3,4,5,6;0,6,7,8,9,2;0,1,9,10,3;0,2,10,11,12,4;0,3,12,13,14,15,5;0,4,15,16,6;0,5,16,7,1;1,6,16,17,8;1,7,17,18,19,9;1,8,19,10,2;2,9,19,20,11,3;3,10,20,21,12;3,11,21,13,4;4,12,21,22,14;4,13,22,23,24,25,15;4,14,25,16,5;5,15,25,26,17,7,6;7,16,26,18,8;8,17,26,24,23,27,28,19;8,18,28,20,10,9;10,19,28,21,11;11,20,28,27,22,13,12;13,21,27,23,14;14,22,27,18,24;14,23,18,26,25;14,24,26,16,15;16,25,24,18,17;18,23,22,21,28;18,27,21,20,19 appfree=1 rsstfree=1
p29.r11#35901 29 1,2,3,4,5,6,7;0,7,8,9,2;0,1,9,10,3;0,2,10,11,4;0,3,11,12,5;0,4,12,13,6;0,5,13,14,7;0,6,14,15,16,8,1;1,7,16,17,9;1,8,17,18,19,20,21,10,2;2,9,21,11,3;3,10,21,22,23,12,4;4,11,23,13,5;5,12,23,24,25,26,14,6;6,13,26,15,7;7,14,26,27,16;7,15,27,17,8;8,16,27,18,9;9,17,27,28,19;9,18,28,24,20;9,19,24,22,21;9,20,22,11,10;11,21,20,24,23;11,22,24,13,12;13,23,22,20,19,28,25;13,24,28,27,26;13,25,27,15,14;15,26,25,28,18,17,16;18,27,25,24,19 appfree=1 rsstfree=1
p29.r11#36502 29 1,2,3,4,5;0,5,6,7,8,2;0,1,8,9,10,3;0,2,10,11,4;0,3,11,12,13,5;0,4,13,14,6,1;1,5,14,15,7;1,6,15,16,8;1,7,16,17,9,2;2,8,17,18,10;2,9,18,19,11,3;3,10,19,20,12,4;4,11,20,21,13;4,12,21,22,23,14,5;5,13,23,15,6;6,14,23,24,25,16,7;7,15,25,26,17,8;8,16,26,18,9;9,17,26,27,19,10;10,18,27,20,11;11,19,27,28,21,12;12,20,28,22,13;13,21,28,24,23;13,22,24,15,14;15,23,22,28,25;15,24,28,26,16;16,25,28,27,18,17;18,26,28,20,19;20,27,26,25,24,22,21 appfree=1 rsstfree=1
p29.r11#36746 29 1,2,3,4,5;0,5,6,7,8,2;0,1,8,9,10,3;0,2,10,11,4;0,3,11,12,13,5;0,4,13,14,6,1;1,5,14,15,16,7;1,6,16,17,8;1,7,17,9,2;2,8,17,18,10;2,9,18,19,11,3;3,10,19,20,12,4;4,11,20,21,13;4,12,21,22,23,14,5;5,13,23,15,6;6,14,23,24,25,16;6,15,25,17,7;7,16,25,26,18,9,8;9,17,26,27,19,10;10,18,27,20,11;11,19,27,28,21,12;12,20,28,22,13;13,21,28,24,23;13,22,24,15,14;15,23,22,28,26,25;15,24,26,17,16;17,25,24,28,27,18;18,26,28,20,19;20,27,26,24,22,21 appfree=1 rsstfree=1
p29.r11#36902 29 1,2,3,4,5,6;0,6,7,8,9,2;0,1,9,10,3;0,2,10,11,12,13,4;0,3,13,14,5;0,4,14,15,6;0,5,15,16,7,1;1,6,16,17,18,8;1,7,18,19,9;1,8,19,20,10,2;2,9,20,11,3;3,10,20,21,12;3,11,21,22,13;3,12,22,23,14,4;4,13,23,15,5;5,14,23,24,16,6;6,15,24,17,7;7,16,24,25,18;7,17,25,26,27,19,8;8,18,27,20,9;9,19,27,21,11,10;11,20,27,26,28,22,12;12,21,28,23,13;13,22,28,25,24,15,14;15,23,25,17,16;17,24,23,28,26,18;18,25,28,21,27;18,26,21,20,19;21,26,25,23,22 appfree=1 rsstfree=1
p29.r11#37602 29 1,2,3,4,5,6;0,6,7,8,2;0,1,8,9,3;0,2,9,10,11,12,4;0,3,12,13,5;0,4,13,14,15,6;0,5,15,16,7,1;1,6,16,17,18,8;1,7,18,19,9,2;2,8,19,20,10,3;3,9,20,21,11;3,10,21,22,12;3,11,22,13,4;4,12,22,14,5;5,13,22,23,24,25,15;5,14,25,16,6;6,15,25,17,7;7,16,25,24,26,27,18;7,17,27,19,8;8,18,27,20,9;9,19,27,28,21,10;10,20,28,22,11;11,21,28,23,14,13,12;14,22,28,26,24;14,23,26,17,25;14,24,17,16,15;17,24,23,28,27;17,26,28,20,19,18;20,27,26,23,22,21 appfree=1 rsstfree=1
p29.r11#37854 29 1,2,3,4,5,6;0,6,7,8,2;0,1,8,9,10,11,3;0,2,11,12,4;0,3,12,13,14,5;0,4,14,15,16,6;0,5,16,7,1;1,6,16,17,18,8;1,7,18,19,9,2;2,8,19,20,10;2,9,20,21,11;2,10,21,12,3;3,11,21,13,4;4,12,21,22,23,14;4,13,23,15,5;5,14,23,24,16;5,15,24,17,7,6;7,16,24,25,18;7,17,25,19,8;8,18,25,26,20,9;9,19,26,27,21,10;10,20,27,22,13,12,11;13,21,27,28,24,23;13,22,24,15,14;15,23,22,28,25,17,16;17,24,28,26,19,18;19,25,28,27,20;20,26,28,22,21;22,27,26,25,24 appfree=1 rsstfree=1
p29.r11#38845 29 1,2,3,4,5;0,5,6,7,8,9,2;0,1,9,10,3;0,2,10,11,12,4;0,3,12,13,14,5;0,4,14,6,1;1,5,14,15,7;1,6,15,16,17,8;1,7,17,18,9;1,8,18,10,2;2,9,18,19,11,3;3,10,19,20,21,12;3,11,21,13,4;4,12,21,22,23,14;4,13,23,15,6,5;6,14,23,24,16,7;7,15,24,25,17;7,16,25,26,18,8;8,17,26,19,10,9;10,18,26,20,11;11,19,26,27,28,21;11,20,28,22,13,12;13,21,28,24,23;13,22,24,15,14;15,23,22,28,27,25,16;16,24,27,26,17;17,25,27,20,19,18;20,26,25,24,28;20,27,24,22,21 appfree=1 rsstfree=1
p29.r11#43643 29 1,2,3,4,5;0,5,6,7,8,9,2;0,1,9,10,3;0,2,10,11,12,13,4;0,3,13,14,5;0,4,14,6,1;1,5,14,15,7;1,6,15,16,17,18,8;1,7,18,19,9;1,8,19,10,2;2,9,19,11,3;3,10,19,20,12;3,11,20,21,13;3,12,21,22,14,4;4,13,22,23,24,15,6,5;6,14,24,16,7;7,15,24,25,17;7,16,25,26,18;7,17,26,19,8;8,18,26,27,20,11,10,9;11,19,27,21,12;12,20,27,28,22,13;13,21,28,23,14;14,22,28,25,24;14,23,25,16,15;16,24,23,28,27,26,17;17,25,27,19,18;19,26,25,28,21,20;21,27,25,23,22 appfree=1 rsstfree=1
p29.r11#43686 29 1,2,3,4,5;0,5,6,7,8,9,2;0,1,9,10,3;0,2,10,11,12,13,4;0,3,13,14,15,5;0,4,15,6,1;1,5,15,16,7;1,6,16,17,18,19,8;1,7,19,20,9;1,8,20,10,2;2,9,20,11,3;3,10,20,21,12;3,11,21,22,13;3,12,22,14,4;4,13,22,23,24,15;4,14,24,25,16,6,5;6,15,25,17,7;7,16,25,26,18;7,17,26,27,19;7,18,27,20,8;8,19,27,21,11,10,9;11,20,27,28,22,12;12,21,28,23,14,13;14,22,28,26,24;14,23,26,25,15;15,24,26,17,16;17,25,24,23,28,27,18;18,26,28,21,20,19;21,27,26,23,22 appfree=1 rsstfree=1
p29.r11#45379 29 1,2,3,4,5,6;0,6,7,8,9,2;0,1,9,10,3;0,2,10,11,4;0,3,11,12,13,5;0,4,13,14,6;0,5,14,7,1;1,6,14,15,16,8;1,7,16,17,18,9;1,8,18,10,2;2,9,18,19,20,11,3;3,10,20,21,12,4;4,11,21,22,13;4,12,22,23,14,5;5,13,23,15,7,6;7,14,23,24,16;7,15,24,25,17,8;8,16,25,26,27,19,18;8,17,19,10,9;10,18,17,27,20;10,19,27,21,11;11,20,27,26,28,22,12;12,21,28,24,23,13;13,22,24,15,14;15,23,22,28,25,16;16,24,28,26,17;17,25,28,21,27;17,26,21,20,19;21,26,25,24,22 appfree=1 rsstfree=1
p29.r11#45533 29 1,2,3,4,5,6;0,6,7,8,9,2;0,1,9,10,11,3;0,2,11,12,4;0,3,12,13,14,5;0,4,14,15,6;0,5,15,7,1;1,6,15,16,8;1,7,16,17,18,19,9;1,8,19,20,10,2;2,9,20,21,11;2,10,21,22,12,3;3,11,22,13,4;4,12,22,23,24,25,14;4,13,25,15,5;5,14,25,26,16,7,6;7,15,26,17,8;8,16,26,24,18;8,17,24,27,19;8,18,27,28,20,9;9,19,28,21,10;10,20,28,22,11;11,21,28,23,13,12;13,22,28,27,24;13,23,27,18,17,26,25;13,24,26,15,14;15,25,24,17,16;18,24,23,28,19;19,27,23,22,21,20 appfree=1 rsstfree=1
p29.r11#46653 29 1,2,3,4,5,6;0,6,7,8,9,2;0,1,9,10,3;0,2,10,11,4;0,3,11,12,13,5;0,4,13,14,6;0,5,14,15,7,1;1,6,15,16,17,8;1,7,17,18,19,9;1,8,19,10,2;2,9,19,20,21,11,3;3,10,21,12,4;4,11,21,22,23,24,25,13;4,12,25,14,5;5,13,25,26,15,6;6,14,26,16,7;7,15,26,27,17;7,16,27,28,18,8;8,17,28,23,22,20,19;8,18,20,10,9;10,19,18,22,21;10,20,22,12,11;12,21,20,18,23;12,22,18,28,24;12,23,28,27,25;12,24,27,26,14,13;14,25,27,16,15;16,26,25,24,28,17;17,27,24,23,18 appfree=1 rsstfree=1
p29.r11#48552 29 1,2,3,4,5;0,5,6,7,2;0,1,7,8,9,10,3;0,2,10,11,4;0,3,11,12,13,14,5;0,4,14,6,1;1,5,14,15,16,17,7;1,6,17,18,8,2;2,7,18,19,9;2,8,19,20,21,10;2,9,21,11,3;3,10,21,12,4;4,11,21,22,23,13;4,12,23,24,15,14;4,13,15,6,5;6,14,13,24,16;6,15,24,25,17;6,16,25,18,7;7,17,25,26,27,19,8;8,18,27,20,9;9,19,27,28,22,21;9,20,22,12,11,10;12,21,20,28,23;12,22,28,24,13;13,23,28,26,25,16,15;16,24,26,18,17;18,25,24,28,27;18,26,28,20,19;20,27,26,24,23,22 appfree=1 rsstfree=1
p29.r11#48581 29 1,2,3,4,5,6;0,6,7,8,9,10,2;0,1,10,11,3;0,2,11,12,13,4;0,3,13,14,5;0,4,14,15,6;0,5,15,16,7,1;1,6,16,17,8;1,7,17,18,9;1,8,18,19,10;1,9,19,11,2;2,10,19,20,12,3;3,11,20,21,22,13;3,12,22,14,4;4,13,22,23,24,15,5;5,14,24,16,6;6,15,24,25,26,17,7;7,16,26,27,18,8;8,17,27,28,19,9;9,18,28,20,11,10;11,19,28,21,12;12,20,28,27,26,25,23,22;12,21,23,14,13;14,22,21,25,24;14,23,25,16,15;16,24,23,21,26;16,25,21,27,17;17,26,21,28,18;18,27,21,20,19 appfree=1 rsstfree=1
p29.r11#48926 29 1,2,3,4,5;0,5,6,7,8,2;0,1,8,9,10,11,3;0,2,11,12,4;0,3,12,13,5;0,4,13,14,6,1;1,5,14,15,16,7;1,6,16,17,8;1,7,17,18,9,2;2,8,18,19,10;2,9,19,20,11;2,10,20,12,3;3,11,20,21,22,13,4;4,12,22,23,14,5;5,13,23,15,6;6,14,23,24,25,16;6,15,25,17,7;7,16,25,18,8;8,17,25,26,19,9;9,18,26,27,28,21,20,10;10,19,21,12,11;12,20,19,28,22;12,21,28,23,13;13,22,28,27,24,15,14;15,23,27,26,25;15,24,26,18,17,16;18,25,24,27,19;19,26,24,23,28;19,27,23,22,21 appfree=1 rsstfree=1
p29.r11#51465 29 1,2,3,4,5;0,5,6,7,8,9,2;0,1,9,10,3;0,2,10,11,4;0,3,11,12,13,14,5;0,4,14,6,1;1,5,14,15,7;1,6,15,16,8;1,7,16,17,18,19,9;1,8,19,10,2;2,9,19,20,21,11,3;3,10,21,12,4;4,11,21,22,23,13;4,12,23,24,14;4,13,24,25,15,6,5;6,14,25,16,7;7,15,25,26,27,17,8;8,16,27,28,18;8,17,28,22,20,19;8,18,20,10,9;10,19,18,22,21;10,20,22,12,11;12,21,20,18,28,23;12,22,28,27,26,24,13;13,23,26,25,14;14,24,26,16,15;16,25,24,23,27;16,26,23,28,17;17,27,23,22,18 appfree=1 rsstfree=1
p29.r11#81541 29 1,2,3,4,5,6;0,6,7,8,9,2;0,1,9,10,3;0,2,10,11,12,4;0,3,12,13,5;0,4,13,14,15,16,6;0,5,16,7,1;1,6,16,17,8;1,7,17,18,19,9;1,8,19,10,2;2,9,19,11,3;3,10,19,20,21,12;3,11,21,13,4;4,12,21,22,14,5;5,13,22,23,15;5,14,23,24,16;5,15,24,17,7,6;7,16,24,25,26,18,8;8,17,26,20,19;8,18,20,11,10,9;11,19,18,26,27,28,21;11,20,28,22,13,12;13,21,28,23,14;14,22,28,27,25,24,15;15,23,25,17,16;17,24,23,27,26;17,25,27,20,18;20,26,25,23,28;20,27,23,22,21 appfree=1 rsstfree=1
p29.r11#91536 29 1,2,3,4,5,6;0,6,7,8,9,2;0,1,9,10,3;0,2,10,11,12,4;0,3,12,13,14,5;0,4,14,15,6;0,5,15,16,7,1;1,6,16,17,8;1,7,17,18,9;1,8,18,19,10,2;2,9,19,20,11,3;3,10,20,21,22,12;3,11,22,13,4;4,12,22,23,24,14;4,13,24,15,5;5,14,24,16,6;6,15,24,25,17,7;7,16,25,26,18,8;8,17,26,27,19,9;9,18,27,20,10;10,19,27,21,11;11,20,27,26,28,22;11,21,28,23,13,12;13,22,28,25,24;13,23,25,16,15,14;16,24,23,28,26,17;17,25,28,21,27,18;18,26,21,20,19;21,26,25,23,22 appfree=1 rsstfree=1
p29.r11#93922 29 1,2,3,4,5,6;0,6,7,8,9,2;0,1,9,10,3;0,2,10,11,12,4;0,3,12,13,5;0,4,13,14,15,6;0,5,15,7,1;1,6,15,16,17,8;1,7,17,18,19,9;1,8,19,20,10,2;2,9,20,11,3;3,10,20,21,22,12;3,11,22,13,4;4,12,22,14,5;5,13,22,23,24,15;5,14,24,16,7,6;7,15,24,25,17;7,16,25,26,18,8;8,17,26,27,19;8,18,27,20,9;9,19,27,21,11,10;11,20,27,28,22;11,21,28,23,14,13,12;14,22,28,26,25,24;14,23,25,16,15;16,24,23,26,17;17,25,23,28,27,18;18,26,28,21,20,19;21,27,26,23,22 appfree=1 rsstfree=1
p29.r11#94020 29 1,2,3,4,5,6;0,6,7,8,9,2;0,1,9,10,3;0,2,10,11,12,4;0,3,12,13,5;0,4,13,14,6;0,5,14,15,7,1;1,6,15,16,8;1,7,16,17,18,9;1,8,18,10,2;2,9,18,19,11,3;3,10,19,20,12;3,11,20,21,13,4;4,12,21,22,14,5;5,13,22,23,15,6;6,14,23,24,16,7;7,15,24,25,17,8;8,16,25,26,18;8,17,26,19,10,9;10,18,26,20,11;11,19,26,27,21,12;12,20,27,22,13;13,21,27,28,23,14;14,22,28,24,15;15,23,28,25,16;16,24,28,27,26,17;17,25,27,20,19,18;20,26,25,28,22,21;22,27,25,24,23 appfree=1 rsstfree=1
p29.r12#56 29 1,2,3,4,5;0,5,6,7,8,2;0,1,8,9,10,3;0,2,10,11,12,4;0,3,12,13,5;0,4,13,6,1;1,5,13,14,15,16,7;1,6,16,17,8;1,7,17,9,2;2,8,17,18,10;2,9,18,19,20,11,3;3,10,20,21,12;3,11,21,22,13,4;4,12,22,14,6,5;6,13,22,23,15;6,14,23,24,16;6,15,24,17,7;7,16,24,25,18,9,8;9,17,25,19,10;10,18,25,26,20;10,19,26,21,11;11,20,26,27,22,12;12,21,27,23,14,13;14,22,27,28,24,15;15,23,28,25,17,16;17,24,28,26,19,18;19,25,28,27,21,20;21,26,28,23,22;23,27,26,25,24 appfree=1 rsstfree=1
p29.r12#13945 29 1,2,3,4,5,6;0,6,7,8,9,2;0,1,9,10,3;0,2,10,11,12,4;0,3,12,13,5;0,4,13,14,15,16,6;0,5,16,7,1;1,6,16,17,18,8;1,7,18,19,20,9;1,8,20,10,2;2,9,20,11,3;3,10,20,21,22,12;3,11,22,23,24,13,4;4,12,24,14,5;5,13,24,25,15;5,14,25,17,16;5,15,17,7,6;7,16,15,25,26,18;7,17,26,27,19,8;8,18,27,21,20;8,19,21,11,10,9;11,20,19,27,22;11,21,27,28,23,12;12,22,28,25,24;12,23,25,14,13;14,24,23,28,26,17,15;17,25,28,27,18;18,26,28,22,21,19;22,27,26,25,23 appfree=1 rsstfree=1
p29.r12#18165 29 1,2,3,4,5;0,5,6,7,8,2;0,1,8,9,10,11,3;0,2,11,12,4;0,3,12,13,14,5;0,4,14,15,6,1;1,5,15,16,17,7;1,6,17,18,8;1,7,18,9,2;2,8,18,19,10;2,9,19,20,11;2,10,20,12,3;3,11,20,21,13,4;4,12,21,22,14;4,13,22,15,5;5,14,22,23,16,6;6,15,23,24,25,17;6,16,25,18,7;7,17,25,26,19,9,8;9,18,26,27,20,10;10,19,27,21,12,11;12,20,27,28,22,13;13,21,28,23,15,14;15,22,28,24,16;16,23,28,27,26,25;16,24,26,18,17;18,25,24,27,19;19,26,24,28,21,20;21,27,24,23,22 appfree=1 rsstfree=1
p29.r12#18357 29 1,2,3,4,5;0,5,6,7,8,2;0,1,8,9,10,3;0,2,10,11,4;0,3,11,12,13,5;0,4,13,14,6,1;1,5,14,15,16,7;1,6,16,17,8;1,7,17,9,2;2,8,17,18,10;2,9,18,19,11,3;3,10,19,20,12,4;4,11,20,21,13;4,12,21,14,5;5,13,21,22,15,6;6,14,22,23,24,16;6,15,24,17,7;7,16,24,25,26,18,9,8;9,17,26,19,10;10,18,26,27,20,11;11,19,27,28,21,12;12,20,28,22,14,13;14,21,28,23,15;15,22,28,27,25,24;15,23,25,17,16;17,24,23,27,26;17,25,27,19,18;19,26,25,23,28,20;20,27,23,22,21 appfree=1 rsstfree=1
p29.r12#19391 29 1,2,3,4,5,6;0,6,7,8,9,2;0,1,9,10,3;0,2,10,11,12,13,4;0,3,13,14,5;0,4,14,15,16,6;0,5,16,7,1;1,6,16,17,18,8;1,7,18,19,9;1,8,19,20,10,2;2,9,20,11,3;3,10,20,21,12;3,11,21,22,13;3,12,22,14,4;4,13,22,23,15,5;5,14,23,24,16;5,15,24,17,7,6;7,16,24,25,18;7,17,25,26,19,8;8,18,26,20,9;9,19,26,27,21,11,10;11,20,27,22,12;12,21,27,28,23,14,13;14,22,28,24,15;15,23,28,25,17,16;17,24,28,26,18;18,25,28,27,20,19;20,26,28,22,21;22,27,26,25,24,23 appfree=1 rsstfree=1
p29.r12#22937 29 1,2,3,4,5,6,7;0,7,8,9,2;0,1,9,10,11,3;0,2,11,12,4;0,3,12,13,5;0,4,13,14,6;0,5,14,15,7;0,6,15,8,1;1,7,15,16,17,18,9;1,8,18,10,2;2,9,18,19,20,21,11;2,10,21,22,12,3;3,11,22,13,4;4,12,22,23,24,14,5;5,13,24,25,15,6;6,14,25,16,8,7;8,15,25,26,27,17;8,16,27,19,18;8,17,19,10,9;10,18,17,27,20;10,19,27,28,21;10,20,28,22,11;11,21,28,23,13,12;13,22,28,27,26,24;13,23,26,25,14;14,24,26,16,15;16,25,24,23,27;16,26,23,28,20,19,17;20,27,23,22,21 appfree=1 rsstfree=1
p29.r12#23064 29 1,2,3,4,5,6,7,8;0,8,9,10,2;0,1,10,11,3;0,2,11,12,4;0,3,12,13,5;0,4,13,14,6;0,5,14,15,7;0,6,15,16,8;0,7,16,9,1;1,8,16,17,10;1,9,17,18,19,11,2;2,10,19,20,12,3;3,11,20,21,13,4;4,12,21,22,23,14,5;5,13,23,15,6;6,14,23,24,25,16,7;7,15,25,26,17,9,8;9,16,26,18,10;10,17,26,27,19;10,18,27,28,20,11;11,19,28,21,12;12,20,28,22,13;13,21,28,27,24,23;13,22,24,15,14;15,23,22,27,25;15,24,27,26,16;16,25,27,18,17;18,26,25,24,22,28,19;19,27,22,21,20 appfree=1 rsstfree=1
p29.r12#23079 29 1,2,3,4,5,6,7,8;0,8,9,10,2;0,1,10,11,3;0,2,11,12,4;0,3,12,13,5;0,4,13,14,6;0,5,14,15,7;0,6,15,16,8;0,7,16,9,1;1,8,16,17,10;1,9,17,18,19,11,2;2,10,19,20,21,12,3;3,11,21,13,4;4,12,21,22,23,24,14,5;5,13,24,15,6;6,14,24,25,26,16,7;7,15,26,27,17,9,8;9,16,27,18,10;10,17,27,28,19;10,18,28,20,11;11,19,28,22,21;11,20,22,13,12;13,21,20,28,23;13,22,28,25,24;13,23,25,15,14;15,24,23,28,26;15,25,28,27,16;16,26,28,18,17;18,27,26,25,23,22,20,19 appfree=1 rsstfree=1
p29.r12#23662 29 1,2,3,4,5;0,5,6,7,8,9,2;0,1,9,10,11,3;0,2,11,12,4;0,3,12,13,5;0,4,13,14,6,1;1,5,14,15,7;1,6,15,16,17,8;1,7,17,18,19,9;1,8,19,10,2;2,9,19,20,11;2,10,20,21,12,3;3,11,21,22,13,4;4,12,22,23,14,5;5,13,23,15,6;6,14,23,24,16,7;7,15,24,25,17;7,16,25,18,8;8,17,25,26,19;8,18,26,20,10,9;10,19,26,27,21,11;11,20,27,22,12;12,21,27,28,23,13;13,22,28,24,15,14;15,23,28,25,16;16,24,28,27,26,18,17;18,25,27,20,19;20,26,25,28,22,21;22,27,25,24,23 appfree=1 rsstfree=1
p29.r12#23852 29 1,2,3,4,5;0,5,6,7,8,2;0,1,8,9,10,3;0,2,10,11,4;0,3,11,12,5;0,4,12,13,6,1;1,5,13,14,15,7;1,6,15,16,17,18,8;1,7,18,9,2;2,8,18,19,10;2,9,19,20,11,3;3,10,20,21,12,4;4,11,21,22,13,5;5,12,22,14,6;6,13,22,23,24,15;6,14,24,16,7;7,15,24,25,17;7,16,25,26,18;7,17,26,19,9,8;9,18,26,27,20,10;10,19,27,28,21,11;11,20,28,23,22,12;12,21,23,14,13;14,22,21,28,25,24;14,23,25,16,15;16,24,23,28,27,26,17;17,25,27,19,18;19,26,25,28,20;20,27,25,23,21 appfree=1 rsstfree=1
p29.r12#30083 29 1,2,3,4,5;0,5,6,7,8,2;0,1,8,9,3;0,2,9,10,4;0,3,10,11,12,5;0,4,12,13,6,1;1,5,13,14,7;1,6,14,15,16,8;1,7,16,17,9,2;2,8,17,18,19,10,3;3,9,19,20,11,4;4,10,20,21,12;4,11,21,13,5;5,12,21,22,23,24,14,6;6,13,24,15,7;7,14,24,25,26,16;7,15,26,17,8;8,16,26,18,9;9,17,26,25,27,19;9,18,27,20,10;10,19,27,28,22,21,11;11,20,22,13,12;13,21,20,28,23;13,22,28,25,24;13,23,25,15,14;15,24,23,28,27,18,26;15,25,18,17,16;18,25,28,20,19;20,27,25,23,22 appfree=1 rsstfree=1
p29.r12#31220 29 1,2,3,4,5;0,5,6,7,2;0,1,7,8,9,3;0,2,9,10,11,4;0,3,11,12,13,5;0,4,13,14,6,1;1,5,14,15,16,7;1,6,16,17,8,2;2,7,17,18,9;2,8,18,19,10,3;3,9,19,20,11;3,10,20,12,4;4,11,20,21,13;4,12,21,22,14,5;5,13,22,15,6;6,14,22,23,16;6,15,23,24,17,7;7,16,24,18,8;8,17,24,25,19,9;9,18,25,20,10;10,19,25,26,21,12,11;12,20,26,27,22,13;13,21,27,23,15,14;15,22,27,28,24,16;16,23,28,25,18,17;18,24,28,26,20,19;20,25,28,27,21;21,26,28,23,22;23,27,26,25,24 appfree=1 rsstfree=1
p29.r12#31221 29 1,2,3,4,5;0,5,6,7,2;0,1,7,8,9,3;0,2,9,10,11,4;0,3,11,12,13,5;0,4,13,14,6,1;1,5,14,15,16,7;1,6,16,17,8,2;2,7,17,18,9;2,8,18,19,10,3;3,9,19,20,11;3,10,20,21,12,4;4,11,21,22,13;4,12,22,23,14,5;5,13,23,15,6;6,14,23,24,16;6,15,24,25,17,7;7,16,25,18,8;8,17,25,26,19,9;9,18,26,20,10;10,19,26,21,11;11,20,26,27,28,22,12;12,21,28,23,13;13,22,28,24,15,14;15,23,28,27,25,16;16,24,27,26,18,17;18,25,27,21,20,19;21,26,25,24,28;21,27,24,23,22 appfree=1 rsstfree=1
p29.r12#34419 29 1,2,3,4,5;0,5,6,7,2;0,1,7,8,9,10,3;0,2,10,11,4;0,3,11,12,13,14,5;0,4,14,6,1;1,5,14,15,16,17,7;1,6,17,8,2;2,7,17,18,19,9;2,8,19,20,10;2,9,20,11,3;3,10,20,12,4;4,11,20,21,13;4,12,21,22,15,14;4,13,15,6,5;6,14,13,22,23,16;6,15,23,24,25,17;6,16,25,18,8,7;8,17,25,26,19;8,18,26,27,20,9;9,19,27,21,12,11,10;12,20,27,28,22,13;13,21,28,23,15;15,22,28,24,16;16,23,28,27,26,25;16,24,26,18,17;18,25,24,27,19;19,26,24,28,21,20;21,27,24,23,22 appfree=1 rsstfree=1
p29.r12#37292 29 1,2,3,4,5;0,5,6,7,8,9,2;0,1,9,10,11,3;0,2,11,12,13,4;0,3,13,14,15,5;0,4,15,6,1;1,5,15,16,7;1,6,16,17,8;1,7,17,18,19,9;1,8,19,10,2;2,9,19,20,11;2,10,20,21,12,3;3,11,21,22,23,13;3,12,23,14,4;4,13,23,24,15;4,14,24,16,6,5;6,15,24,25,17,7;7,16,25,26,18,8;8,17,26,27,19;8,18,27,20,10,9;10,19,27,28,21,11;11,20,28,22,12;12,21,28,25,24,23;12,22,24,14,13;14,23,22,25,16,15;16,24,22,28,26,17;17,25,28,27,18;18,26,28,20,19;20,27,26,25,22,21 appfree=1 rsstfree=1
p29.r12#37319 29 1,2,3,4,5;0,5,6,7,8,9,2;0,1,9,10,11,3;0,2,11,12,4;0,3,12,13,14,15,5;0,4,15,6,1;1,5,15,16,17,7;1,6,17,18,8;1,7,18,19,20,9;1,8,20,10,2;2,9,20,21,11;2,10,21,22,12,3;3,11,22,13,4;4,12,22,23,14;4,13,23,24,16,15;4,14,16,6,5;6,15,14,24,25,17;6,16,25,26,18,7;7,17,26,19,8;8,18,26,27,21,20;8,19,21,10,9;10,20,19,27,22,11;11,21,27,23,13,12;13,22,27,28,24,14;14,23,28,25,16;16,24,28,26,17;17,25,28,27,19,18;19,26,28,23,22,21;23,27,26,25,24 appfree=1 rsstfree=1
p29.r12#37499 29 1,2,3,4,5;0,5,6,7,8,2;0,1,8,9,10,3;0,2,10,11,4;0,3,11,12,13,14,5;0,4,14,6,1;1,5,14,15,16,7;1,6,16,17,18,8;1,7,18,19,9,2;2,8,19,20,10;2,9,20,21,11,3;3,10,21,12,4;4,11,21,22,13;4,12,22,23,15,14;4,13,15,6,5;6,14,13,23,24,16;6,15,24,25,17,7;7,16,25,26,18;7,17,26,19,8;8,18,26,27,20,9;9,19,27,21,10;10,20,27,22,12,11;12,21,27,28,23,13;13,22,28,24,15;15,23,28,25,16;16,24,28,27,26,17;17,25,27,19,18;19,26,25,28,22,21,20;22,27,25,24,23 appfree=1 rsstfree=1
p29.r12#38973 29 1,2,3,4,5;0,5,6,7,8,9,2;0,1,9,10,3;0,2,10,11,12,4;0,3,12,13,14,15,5;0,4,15,6,1;1,5,15,16,7;1,6,16,17,8;1,7,17,18,9;1,8,18,10,2;2,9,18,19,11,3;3,10,19,20,21,12;3,11,21,13,4;4,12,21,22,14;4,13,22,23,15;4,14,23,16,6,5;6,15,23,24,25,17,7;7,16,25,18,8;8,17,25,26,19,10,9;10,18,26,20,11;11,19,26,27,21;11,20,27,22,13,12;13,21,27,28,23,14;14,22,28,24,16,15;16,23,28,26,25;16,24,26,18,17;18,25,24,28,27,20,19;20,26,28,22,21;22,27,26,24,23 appfree=1 rsstfree=1
p29.r12#39889 29 1,2,3,4,5;0,5,6,7,8,9,2;0,1,9,10,3;0,2,10,11,12,4;0,3,12,13,14,15,5;0,4,15,6,1;1,5,15,16,7;1,6,16,17,8;1,7,17,18,9;1,8,18,10,2;2,9,18,19,20,11,3;3,10,20,21,12;3,11,21,13,4;4,12,21,22,14;4,13,22,23,15;4,14,23,16,6,5;6,15,23,24,17,7;7,16,24,25,18,8;8,17,25,19,10,9;10,18,25,26,20;10,19,26,21,11;11,20,26,27,22,13,12;13,21,27,23,14;14,22,27,28,24,16,15;16,23,28,25,17;17,24,28,26,19,18;19,25,28,27,21,20;21,26,28,23,22;23,27,26,25,24 appfree=1 rsstfree=1
p29.r12#54321 29 1,2,3,4,5,6;0,6,7,8,9,2;0,1,9,10,3;0,2,10,11,4;0,3,11,12,13,5;0,4,13,14,15,6;0,5,15,7,1;1,6,15,16,8;1,7,16,17,18,9;1,8,18,19,10,2;2,9,19,20,21,11,3;3,10,21,12,4;4,11,21,22,23,13;4,12,23,14,5;5,13,23,24,25,16,15;5,14,16,7,6;7,15,14,25,17,8;8,16,25,26,18;8,17,26,19,9;9,18,26,27,20,10;10,19,27,22,21;10,20,22,12,11;12,21,20,27,28,24,23;12,22,24,14,13;14,23,22,28,25;14,24,28,26,17,16;17,25,28,27,19,18;19,26,28,22,20;22,27,26,25,24 appfree=1 rsstfree=1
p29.r12#54326 29 1,2,3,4,5,6;0,6,7,8,9,2;0,1,9,10,3;0,2,10,11,4;0,3,11,12,13,5;0,4,13,14,6;0,5,14,7,1;1,6,14,15,8;1,7,15,16,17,18,9;1,8,18,10,2;2,9,18,19,20,21,11,3;3,10,21,12,4;4,11,21,22,23,13;4,12,23,14,5;5,13,23,24,25,15,7,6;7,14,25,16,8;8,15,25,26,17;8,16,26,19,18;8,17,19,10,9;10,18,17,26,27,20;10,19,27,22,21;10,20,22,12,11;12,21,20,27,28,24,23;12,22,24,14,13;14,23,22,28,25;14,24,28,26,16,15;16,25,28,27,19,17;19,26,28,22,20;22,27,26,25,24 appfree=1 rsstfree=1
p29.r12#58248 29 1,2,3,4,5,6;0,6,7,8,9,2;0,1,9,10,3;0,2,10,11,4;0,3,11,12,13,5;0,4,13,14,6;0,5,14,7,1;1,6,14,15,16,8;1,7,16,17,18,9;1,8,18,10,2;2,9,18,19,20,11,3;3,10,20,12,4;4,11,20,21,22,13;4,12,22,23,14,5;5,13,23,15,7,6;7,14,23,24,16;7,15,24,17,8;8,16,24,25,18;8,17,25,26,19,10,9;10,18,26,21,20;10,19,21,12,11;12,20,19,26,27,28,22;12,21,28,23,13;13,22,28,24,15,14;15,23,28,27,25,17,16;17,24,27,26,18;18,25,27,21,19;21,26,25,24,28;21,27,24,23,22 appfree=1 rsstfree=1
p29.r12#59373 29 1,2,3,4,5;0,5,6,7,8,2;0,1,8,9,3;0,2,9,10,4;0,3,10,11,12,5;0,4,12,13,14,6,1;1,5,14,15,7;1,6,15,16,8;1,7,16,17,9,2;2,8,17,18,10,3;3,9,18,19,11,4;4,10,19,20,12;4,11,20,21,13,5;5,12,21,22,14;5,13,22,23,15,6;6,14,23,16,7;7,15,23,24,25,17,8;8,16,25,18,9;9,17,25,26,27,19,10;10,18,27,20,11;11,19,27,21,12;12,20,27,28,22,13;13,21,28,23,14;14,22,28,24,16,15;16,23,28,26,25;16,24,26,18,17;18,25,24,28,27;18,26,28,21,20,19;21,27,26,24,23,22 appfree=1 rsstfree=1
p29.r12#59617 29 1,2,3,4,5,6;0,6,7,8,9,2;0,1,9,10,11,3;0,2,11,12,4;0,3,12,13,14,5;0,4,14,15,6;0,5,15,7,1;1,6,15,16,17,8;1,7,17,18,9;1,8,18,10,2;2,9,18,19,20,11;2,10,20,21,12,3;3,11,21,22,13,4;4,12,22,23,14;4,13,23,16,15,5;5,14,16,7,6;7,15,14,23,24,17;7,16,24,25,26,18,8;8,17,26,19,10,9;10,18,26,27,20;10,19,27,21,11;11,20,27,22,12;12,21,27,28,23,13;13,22,28,24,16,14;16,23,28,25,17;17,24,28,27,26;17,25,27,19,18;19,26,25,28,22,21,20;22,27,25,24,23 appfree=1 rsstfree=1
p29.r13#7151 29 1,2,3,4,5;0,5,6,7,8,9,2;0,1,9,10,3;0,2,10,11,12,13,4;0,3,13,14,5;0,4,14,15,16,6,1;1,5,16,17,7;1,6,17,18,19,8;1,7,19,20,9;1,8,20,10,2;2,9,20,11,3;3,10,20,21,22,12;3,11,22,23,13;3,12,23,14,4;4,13,23,24,15,5;5,14,24,25,16;5,15,25,17,6;6,16,25,18,7;7,17,25,26,27,19;7,18,27,20,8;8,19,27,21,11,10,9;11,20,27,26,22;11,21,26,28,23,12;12,22,28,24,14,13;14,23,28,25,15;15,24,28,26,18,17,16;18,25,28,22,21,27;18,26,21,20,19;22,26,25,24,23 appfree=1 rsstfree=1
p29.r13#8649 29 1,2,3,4,5;0,5,6,7,2;0,1,7,8,3;0,2,8,9,10,4;0,3,10,11,12,5;0,4,12,13,6,1;1,5,13,14,15,7;1,6,15,16,8,2;2,7,16,17,9,3;3,8,17,18,10;3,9,18,11,4;4,10,18,19,20,21,12;4,11,21,13,5;5,12,21,22,23,14,6;6,13,23,24,15;6,14,24,25,26,16,7;7,15,26,17,8;8,16,26,27,19,18,9;9,17,19,11,10;11,18,17,27,28,20;11,19,28,22,21;11,20,22,13,12;13,21,20,28,23;13,22,28,24,14;14,23,28,25,15;15,24,28,27,26;15,25,27,17,16;17,26,25,28,19;19,27,25,24,23,22,20 appfree=1 rsstfree=1
p29.r13#11491 29 1,2,3,4,5,6;0,6,7,8,2;0,1,8,9,3;0,2,9,10,11,4;0,3,11,12,5;0,4,12,13,6;0,5,13,14,7,1;1,6,14,15,16,17,18,8;1,7,18,9,2;2,8,18,19,20,10,3;3,9,20,21,11;3,10,21,22,23,24,12,4;4,11,24,13,5;5,12,24,25,14,6;6,13,25,15,7;7,14,25,26,16;7,15,26,27,28,17;7,16,28,19,18;7,17,19,9,8;9,18,17,28,20;9,19,28,21,10;10,20,28,22,11;11,21,28,27,23;11,22,27,26,24;11,23,26,25,13,12;13,24,26,15,14;15,25,24,23,27,16;16,26,23,22,28;16,27,22,21,20,19,17 appfree=1 rsstfree=1
p29.r13#16135 29 1,2,3,4,5;0,5,6,7,8,2;0,1,8,9,10,3;0,2,10,11,12,4;0,3,12,13,5;0,4,13,6,1;1,5,13,14,15,16,7;1,6,16,17,8;1,7,17,18,9,2;2,8,18,19,20,10;2,9,20,11,3;3,10,20,21,22,12;3,11,22,23,13,4;4,12,23,14,6,5;6,13,23,24,15;6,14,24,25,26,16;6,15,26,17,7;7,16,26,27,18,8;8,17,27,19,9;9,18,27,28,20;9,19,28,21,11,10;11,20,28,25,22;11,21,25,24,23,12;12,22,24,14,13;14,23,22,25,15;15,24,22,21,28,26;15,25,28,27,17,16;17,26,28,19,18;19,27,26,25,21,20 appfree=1 rsstfree=1
p29.r13#19654 29 1,2,3,4,5,6;0,6,7,8,9,10,2;0,1,10,11,3;0,2,11,12,13,4;0,3,13,14,5;0,4,14,15,6;0,5,15,16,7,1;1,6,16,17,8;1,7,17,18,9;1,8,18,19,10;1,9,19,11,2;2,10,19,20,21,12,3;3,11,21,22,23,13;3,12,23,14,4;4,13,23,24,25,15,5;5,14,25,16,6;6,15,25,26,17,7;7,16,26,27,18,8;8,17,27,28,20,19,9;9,18,20,11,10;11,19,18,28,21;11,20,28,22,12;12,21,28,27,26,24,23;12,22,24,14,13;14,23,22,26,25;14,24,26,16,15;16,25,24,22,27,17;17,26,22,28,18;18,27,22,21,20 appfree=1 rsstfree=1
p29.r13#23627 29 1,2,3,4,5,6;0,6,7,8,9,2;0,1,9,10,3;0,2,10,11,12,4;0,3,12,13,5;0,4,13,14,15,16,6;0,5,16,17,7,1;1,6,17,18,8;1,7,18,19,20,9;1,8,20,10,2;2,9,20,11,3;3,10,20,21,22,12;3,11,22,13,4;4,12,22,14,5;5,13,22,23,15;5,14,23,24,16;5,15,24,17,6;6,16,24,25,18,7;7,17,25,19,8;8,18,25,26,21,20;8,19,21,11,10,9;11,20,19,26,27,22;11,21,27,23,14,13,12;14,22,27,28,24,15;15,23,28,25,17,16;17,24,28,26,19,18;19,25,28,27,21;21,26,28,23,22;23,27,26,25,24 appfree=1 rsstfree=1
p29.r13#134073 29 1,2,3,4,5;0,5,6,7,8,9,2;0,1,9,10,3;0,2,10,11,4;0,3,11,12,13,14,5;0,4,14,6,1;1,5,14,15,16,7;1,6,16,17,8;1,7,17,18,19,9;1,8,19,10,2;2,9,19,20,21,11,3;3,10,21,12,4;4,11,21,22,13;4,12,22,23,14;4,13,23,15,6,5;6,14,23,24,25,16;6,15,25,17,7;7,16,25,26,18,8;8,17,26,27,19;8,18,27,20,10,9;10,19,27,28,22,21;10,20,22,12,11;12,21,20,28,24,23,13;13,22,24,15,14;15,23,22,28,25;15,24,28,26,17,16;17,25,28,27,18;18,26,28,20,19;20,27,26,25,24,22 appfree=1 rsstfree=1
p29.r14#1552 29 1,2,3,4,5;0,5,6,7,2;0,1,7,8,3;0,2,8,9,10,11,4;0,3,11,12,5;0,4,12,13,14,6,1;1,5,14,15,16,17,7;1,6,17,18,19,8,2;2,7,19,9,3;3,8,19,20,21,10;3,9,21,22,11;3,10,22,12,4;4,11,22,13,5;5,12,22,23,14;5,13,23,15,6;6,14,23,24,16;6,15,24,25,17;6,16,25,18,7;7,17,25,20,19;7,18,20,9,8;9,19,18,25,26,21;9,20,26,27,22,10;10,21,27,23,13,12,11;13,22,27,28,24,15,14;15,23,28,25,16;16,24,28,26,20,18,17;20,25,28,27,21;21,26,28,23,22;23,27,26,25,24 appfree=1 rsstfree=1
p29.r14#1588 29 1,2,3,4,5;0,5,6,7,8,2;0,1,8,9,3;0,2,9,10,11,12,4;0,3,12,13,5;0,4,13,14,15,6,1;1,5,15,16,7;1,6,16,17,18,8;1,7,18,19,20,9,2;2,8,20,10,3;3,9,20,21,22,11;3,10,22,23,12;3,11,23,13,4;4,12,23,14,5;5,13,23,24,15;5,14,24,16,6;6,15,24,25,17,7;7,16,25,26,18;7,17,26,19,8;8,18,26,21,20;8,19,21,10,9;10,20,19,26,27,22;10,21,27,23,11;11,22,27,28,24,14,13,12;14,23,28,25,16,15;16,24,28,26,17;17,25,28,27,21,19,18;21,26,28,23,22;23,27,26,25,24 appfree=1 rsstfree=1
p29.r14#1679 29 1,2,3,4,5;0,5,6,7,8,2;0,1,8,9,3;0,2,9,10,11,12,4;0,3,12,13,14,5;0,4,14,15,6,1;1,5,15,16,17,7;1,6,17,18,19,8;1,7,19,20,21,9,2;2,8,21,10,3;3,9,21,22,11;3,10,22,23,12;3,11,23,13,4;4,12,23,24,25,14;4,13,25,15,5;5,14,25,16,6;6,15,25,24,26,17;6,16,26,18,7;7,17,26,27,28,19;7,18,28,20,8;8,19,28,22,21;8,20,22,10,9;10,21,20,28,27,23,11;11,22,27,24,13,12;13,23,27,26,16,25;13,24,16,15,14;16,24,27,18,17;18,26,24,23,22,28;18,27,22,20,19 appfree=1 rsstfree=1
p29.r14#2147 29 1,2,3,4,5;0,5,6,7,8,9,2;0,1,9,10,3;0,2,10,11,4;0,3,11,12,13,14,5;0,4,14,6,1;1,5,14,15,7;1,6,15,16,8;1,7,16,17,18,9;1,8,18,19,10,2;2,9,19,20,21,11,3;3,10,21,12,4;4,11,21,22,13;4,12,22,23,14;4,13,23,24,15,6,5;6,14,24,16,7;7,15,24,25,17,8;8,16,25,26,18;8,17,26,19,9;9,18,26,27,20,10;10,19,27,22,21;10,20,22,12,11;12,21,20,27,28,23,13;13,22,28,24,14;14,23,28,25,16,15;16,24,28,27,26,17;17,25,27,19,18;19,26,25,28,22,20;22,27,25,24,23 appfree=1 rsstfree=1
p29.r14#4724 29 1,2,3,4,5;0,5,6,7,8,9,2;0,1,9,10,3;0,2,10,11,12,13,4;0,3,13,14,15,5;0,4,15,6,1;1,5,15,16,7;1,6,16,17,8;1,7,17,18,9;1,8,18,10,2;2,9,18,19,11,3;3,10,19,20,12;3,11,20,21,13;3,12,21,22,23,14,4;4,13,23,24,15;4,14,24,16,6,5;6,15,24,25,17,7;7,16,25,26,27,18,8;8,17,27,19,10,9;10,18,27,20,11;11,19,27,26,28,21,12;12,20,28,22,13;13,21,28,25,23;13,22,25,24,14;14,23,25,16,15;16,24,23,22,28,26,17;17,25,28,20,27;17,26,20,19,18;20,26,25,22,21 appfree=1 rsstfree=1
p29.r14#5902 29 1,2,3,4,5,6;0,6,7,8,9,2;0,1,9,10,3;0,2,10,11,12,4;0,3,12,13,14,5;0,4,14,15,6;0,5,15,7,1;1,6,15,16,17,8;1,7,17,18,9;1,8,18,19,20,21,10,2;2,9,21,11,3;3,10,21,22,23,12;3,11,23,13,4;4,12,23,24,25,26,14;4,13,26,16,15,5;5,14,16,7,6;7,15,14,26,27,17;7,16,27,18,8;8,17,27,19,9;9,18,27,28,20;9,19,28,22,21;9,20,22,11,10;11,21,20,28,24,23;11,22,24,13,12;13,23,22,28,25;13,24,28,27,26;13,25,27,16,14;16,26,25,28,19,18,17;19,27,25,24,22,20 appfree=1 rsstfree=1
p29.r14#62578 29 1,2,3,4,5;0,5,6,7,8,2;0,1,8,9,10,11,3;0,2,11,12,4;0,3,12,13,5;0,4,13,14,6,1;1,5,14,15,7;1,6,15,16,17,8;1,7,17,18,9,2;2,8,18,19,10;2,9,19,20,11;2,10,20,12,3;3,11,20,21,22,13,4;4,12,22,23,14,5;5,13,23,15,6;6,14,23,16,7;7,15,23,24,25,17;7,16,25,18,8;8,17,25,26,27,19,9;9,18,27,20,10;10,19,27,28,21,12,11;12,20,28,24,22;12,21,24,23,13;13,22,24,16,15,14;16,23,22,21,28,26,25;16,24,26,18,17;18,25,24,28,27;18,26,28,20,19;20,27,26,24,21 appfree=1 rsstfree=1
p29.r14#78784 29 1,2,3,4,5,6;0,6,7,8,9,2;0,1,9,10,3;0,2,10,11,12,4;0,3,12,13,5;0,4,13,14,15,6;0,5,15,16,7,1;1,6,16,17,18,8;1,7,18,19,9;1,8,19,20,10,2;2,9,20,11,3;3,10,20,21,22,12;3,11,22,13,4;4,12,22,23,14,5;5,13,23,24,15;5,14,24,25,16,6;6,15,25,17,7;7,16,25,26,27,18;7,17,27,19,8;8,18,27,20,9;9,19,27,21,11,10;11,20,27,26,28,22;11,21,28,23,13,12;13,22,28,24,14;14,23,28,25,15;15,24,28,26,17,16;17,25,28,21,27;17,26,21,20,19,18;21,26,25,24,23,22 appfree=1 rsstfree=1
p29.r14#78825 29 1,2,3,4,5,6;0,6,7,8,2;0,1,8,9,10,3;0,2,10,11,12,4;0,3,12,13,14,5;0,4,14,15,6;0,5,15,16,7,1;1,6,16,17,8;1,7,17,18,9,2;2,8,18,19,10;2,9,19,20,11,3;3,10,20,21,12;3,11,21,22,13,4;4,12,22,23,14;4,13,23,24,15,5;5,14,24,16,6;6,15,24,25,17,7;7,16,25,26,18,8;8,17,26,19,9;9,18,26,27,20,10;10,19,27,21,11;11,20,27,22,12;12,21,27,28,23,13;13,22,28,24,14;14,23,28,25,16,15;16,24,28,26,17;17,25,28,27,19,18;19,26,28,22,21,20;22,27,26,25,24,23 appfree=1 rsstfree=1
p29.r14#85264 29 1,2,3,4,5,6;0,6,7,8,9,2;0,1,9,10,3;0,2,10,11,12,4;0,3,12,13,14,5;0,4,14,15,16,6;0,5,16,7,1;1,6,16,17,8;1,7,17,18,19,9;1,8,19,10,2;2,9,19,20,11,3;3,10,20,21,12;3,11,21,13,4;4,12,21,22,23,14;4,13,23,24,15,5;5,14,24,25,17,16;5,15,17,7,6;7,16,15,25,18,8;8,17,25,26,27,19;8,18,27,20,10,9;10,19,27,28,21,11;11,20,28,22,13,12;13,21,28,26,23;13,22,26,24,14;14,23,26,25,15;15,24,26,18,17;18,25,24,23,22,28,27;18,26,28,20,19;20,27,26,22,21 appfree=1 rsstfree=1
p29.r14#91338 29 1,2,3,4,5,6;0,6,7,8,9,2;0,1,9,10,3;0,2,10,11,4;0,3,11,12,13,5;0,4,13,14,6;0,5,14,15,7,1;1,6,15,16,17,8;1,7,17,18,9;1,8,18,19,10,2;2,9,19,20,11,3;3,10,20,21,12,4;4,11,21,22,23,13;4,12,23,14,5;5,13,23,24,15,6;6,14,24,16,7;7,15,24,25,26,27,17;7,16,27,18,8;8,17,27,19,9;9,18,27,28,20,10;10,19,28,21,11;11,20,28,22,12;12,21,28,26,25,23;12,22,25,24,14,13;14,23,25,16,15;16,24,23,22,26;16,25,22,28,27;16,26,28,19,18,17;19,27,26,22,21,20 appfree=1 rsstfree=1
p29.r14#92362 29 1,2,3,4,5;0,5,6,7,8,9,2;0,1,9,10,3;0,2,10,11,12,4;0,3,12,13,14,15,5;0,4,15,6,1;1,5,15,16,7;1,6,16,17,8;1,7,17,18,19,9;1,8,19,10,2;2,9,19,20,21,11,3;3,10,21,22,12;3,11,22,13,4;4,12,22,23,14;4,13,23,24,15;4,14,24,16,6,5;6,15,24,25,17,7;7,16,25,26,18,8;8,17,26,27,28,20,19;8,18,20,10,9;10,19,18,28,21;10,20,28,22,11;11,21,28,27,23,13,12;13,22,27,26,25,24,14;14,23,25,16,15;16,24,23,26,17;17,25,23,27,18;18,26,23,22,28;18,27,22,21,20 appfree=1 rsstfree=1
p29.r14#92900 29 1,2,3,4,5;0,5,6,7,8,2;0,1,8,9,10,3;0,2,10,11,12,4;0,3,12,13,5;0,4,13,14,6,1;1,5,14,15,7;1,6,15,16,17,8;1,7,17,18,9,2;2,8,18,19,20,10;2,9,20,11,3;3,10,20,21,12;3,11,21,22,13,4;4,12,22,23,14,5;5,13,23,15,6;6,14,23,24,16,7;7,15,24,25,17;7,16,25,18,8;8,17,25,19,9;9,18,25,26,20;9,19,26,21,11,10;11,20,26,27,28,22,12;12,21,28,23,13;13,22,28,24,15,14;15,23,28,27,25,16;16,24,27,26,19,18,17;19,25,27,21,20;21,26,25,24,28;21,27,24,23,22 appfree=1 rsstfree=1
p29.r14#93002 29 1,2,3,4,5;0,5,6,7,8,2;0,1,8,9,10,3;0,2,10,11,12,4;0,3,12,13,5;0,4,13,14,6,1;1,5,14,15,7;1,6,15,16,17,8;1,7,17,18,9,2;2,8,18,19,20,10;2,9,20,11,3;3,10,20,21,12;3,11,21,22,13,4;4,12,22,23,14,5;5,13,23,15,6;6,14,23,16,7;7,15,23,24,25,17;7,16,25,18,8;8,17,25,19,9;9,18,25,26,20;9,19,26,21,11,10;11,20,26,27,28,22,12;12,21,28,23,13;13,22,28,24,16,15,14;16,23,28,27,25;16,24,27,26,19,18,17;19,25,27,21,20;21,26,25,24,28;21,27,24,23,22 appfree=1 rsstfree=1
p29.r14#94158 29 1,2,3,4,5,6,7;0,7,8,9,2;0,1,9,10,11,3;0,2,11,12,4;0,3,12,13,5;0,4,13,14,6;0,5,14,15,7;0,6,15,8,1;1,7,15,16,17,9;1,8,17,18,19,10,2;2,9,19,20,11;2,10,20,21,12,3;3,11,21,22,13,4;4,12,22,23,14,5;5,13,23,24,15,6;6,14,24,16,8,7;8,15,24,25,26,17;8,16,26,18,9;9,17,26,27,19;9,18,27,20,10;10,19,27,21,11;11,20,27,28,22,12;12,21,28,23,13;13,22,28,25,24,14;14,23,25,16,15;16,24,23,28,27,26;16,25,27,18,17;18,26,25,28,21,20,19;21,27,25,23,22 appfree=1 rsstfree=1
p29.r14#103190 29 1,2,3,4,5,6;0,6,7,8,9,10,2;0,1,10,11,3;0,2,11,12,13,4;0,3,13,14,5;0,4,14,15,6;0,5,15,16,7,1;1,6,16,17,8;1,7,17,18,19,9;1,8,19,20,10;1,9,20,11,2;2,10,20,21,12,3;3,11,21,22,13;3,12,22,23,14,4;4,13,23,15,5;5,14,23,24,16,6;6,15,24,17,7;7,16,24,18,8;8,17,24,25,26,19;8,18,26,27,20,9;9,19,27,21,11,10;11,20,27,22,12;12,21,27,28,23,13;13,22,28,25,24,15,14;15,23,25,18,17,16;18,24,23,28,26;18,25,28,27,19;19,26,28,22,21,20;22,27,26,25,23 appfree=1 rsstfree=1
p29.r14#103192 29 1,2,3,4,5,6;0,6,7,8,2;0,1,8,9,3;0,2,9,10,11,4;0,3,11,12,5;0,4,12,13,6;0,5,13,14,7,1;1,6,14,15,16,17,8;1,7,17,18,9,2;2,8,18,19,10,3;3,9,19,20,11;3,10,20,21,12,4;4,11,21,13,5;5,12,21,22,14,6;6,13,22,15,7;7,14,22,23,16;7,15,23,24,17;7,16,24,18,8;8,17,24,25,19,9;9,18,25,20,10;10,19,25,26,21,11;11,20,26,27,22,13,12;13,21,27,23,15,14;15,22,27,28,24,16;16,23,28,25,18,17;18,24,28,26,20,19;20,25,28,27,21;21,26,28,23,22;23,27,26,25,24 appfree=1 rsstfree=1
p29.r14#108163 29 1,2,3,4,5;0,5,6,7,2;0,1,7,8,3;0,2,8,9,10,4;0,3,10,11,12,13,5;0,4,13,14,6,1;1,5,14,15,16,7;1,6,16,17,8,2;2,7,17,18,9,3;3,8,18,19,10;3,9,19,20,11,4;4,10,20,21,12;4,11,21,22,13;4,12,22,23,14,5;5,13,23,15,6;6,14,23,24,16;6,15,24,25,17,7;7,16,25,26,18,8;8,17,26,19,9;9,18,26,20,10;10,19,26,27,21,11;11,20,27,28,22,12;12,21,28,24,23,13;13,22,24,15,14;15,23,22,28,25,16;16,24,28,27,26,17;17,25,27,20,19,18;20,26,25,28,21;21,27,25,24,22 appfree=1 rsstfree=1
p29.r14#131850 29 1,2,3,4,5,6;0,6,7,8,9,2;0,1,9,10,11,3;0,2,11,12,4;0,3,12,13,5;0,4,13,14,15,16,6;0,5,16,7,1;1,6,16,17,8;1,7,17,18,19,9;1,8,19,20,10,2;2,9,20,21,11;2,10,21,22,12,3;3,11,22,13,4;4,12,22,23,14,5;5,13,23,24,15;5,14,24,25,17,16;5,15,17,7,6;7,16,15,25,18,8;8,17,25,26,19;8,18,26,27,20,9;9,19,27,21,10;10,20,27,22,11;11,21,27,28,23,13,12;13,22,28,24,14;14,23,28,25,15;15,24,28,26,18,17;18,25,28,27,19;19,26,28,22,21,20;22,27,26,25,24,23 appfree=1 rsstfree=1
p29.r14#337566 29 1,2,3,4,5,6;0,6,7,8,9,2;0,1,9,10,3;0,2,10,11,4;0,3,11,12,13,5;0,4,13,14,15,6;0,5,15,7,1;1,6,15,16,17,8;1,7,17,18,19,9;1,8,19,20,10,2;2,9,20,11,3;3,10,20,21,12,4;4,11,21,22,23,24,13;4,12,24,14,5;5,13,24,25,16,15;5,14,16,7,6;7,15,14,25,26,17;7,16,26,18,8;8,17,26,27,28,19;8,18,28,20,9;9,19,28,21,11,10;11,20,28,22,12;12,21,28,27,23;12,22,27,25,24;12,23,25,14,13;14,24,23,27,26,16;16,25,27,18,17;18,26,25,23,22,28;18,27,22,21,20,19 appfree=1 rsstfree=1
p29.r14#337567 29 1,2,3,4,5,6;0,6,7,8,9,10,2;0,1,10,11,3;0,2,11,12,4;0,3,12,13,14,5;0,4,14,15,16,6;0,5,16,7,1;1,6,16,17,8;1,7,17,18,19,9;1,8,19,20,10;1,9,20,21,11,2;2,10,21,12,3;3,11,21,22,13,4;4,12,22,23,24,25,14;4,13,25,15,5;5,14,25,26,17,16;5,15,17,7,6;7,16,15,26,18,8;8,17,26,27,19;8,18,27,28,20,9;9,19,28,21,10;10,20,28,22,12,11;12,21,28,23,13;13,22,28,27,24;13,23,27,26,25;13,24,26,15,14;15,25,24,27,18,17;18,26,24,23,28,19;19,27,23,22,21,20 appfree=1 rsstfree=1
p29.r14#340351 29 1,2,3,4,5;0,5,6,7,8,9,2;0,1,9,10,3;0,2,10,11,12,13,4;0,3,13,14,5;0,4,14,15,16,6,1;1,5,16,17,7;1,6,17,18,19,8;1,7,19,20,9;1,8,20,10,2;2,9,20,11,3;3,10,20,21,22,12;3,11,22,23,13;3,12,23,14,4;4,13,23,15,5;5,14,23,24,16;5,15,24,17,6;6,16,24,25,18,7;7,17,25,26,27,19;7,18,27,20,8;8,19,27,21,11,10,9;11,20,27,26,22;11,21,26,28,23,12;12,22,28,24,15,14,13;15,23,28,25,17,16;17,24,28,26,18;18,25,28,22,21,27;18,26,21,20,19;22,26,25,24,23 appfree=1 rsstfree=1
p29.r15#1916 29 1,2,3,4,5;0,5,6,7,8,9,2;0,1,9,10,3;0,2,10,11,4;0,3,11,12,13,14,5;0,4,14,6,1;1,5,14,15,16,7;1,6,16,17,8;1,7,17,18,19,9;1,8,19,20,10,2;2,9,20,21,11,3;3,10,21,22,12,4;4,11,22,23,24,13;4,12,24,15,14;4,13,15,6,5;6,14,13,24,25,16;6,15,25,17,7;7,16,25,18,8;8,17,25,26,27,19;8,18,27,20,9;9,19,27,28,21,10;10,20,28,22,11;11,21,28,23,12;12,22,28,27,26,24;12,23,26,25,15,13;15,24,26,18,17,16;18,25,24,23,27;18,26,23,28,20,19;20,27,23,22,21 appfree=1 rsstfree=1
p29.r15#8911 29 1,2,3,4,5;0,5,6,7,8,2;0,1,8,9,10,3;0,2,10,11,4;0,3,11,12,13,14,5;0,4,14,6,1;1,5,14,15,16,7;1,6,16,17,18,8;1,7,18,9,2;2,8,18,19,10;2,9,19,20,11,3;3,10,20,12,4;4,11,20,21,13;4,12,21,22,14;4,13,22,15,6,5;6,14,22,23,24,25,16;6,15,25,17,7;7,16,25,26,18;7,17,26,19,9,8;9,18,26,27,20,10;10,19,27,21,12,11;12,20,27,28,23,22,13;13,21,23,15,14;15,22,21,28,24;15,23,28,26,25;15,24,26,17,16;17,25,24,28,27,19,18;19,26,28,21,20;21,27,26,24,23 appfree=1 rsstfree=1
p29.r15#10551 29 1,2,3,4,5,6;0,6,7,8,9,10,2;0,1,10,11,3;0,2,11,12,13,14,4;0,3,14,15,5;0,4,15,16,17,6;0,5,17,7,1;1,6,17,18,8;1,7,18,19,9;1,8,19,20,10;1,9,20,21,11,2;2,10,21,22,12,3;3,11,22,23,13;3,12,23,24,14;3,13,24,15,4;4,14,24,16,5;5,15,24,25,18,17;5,16,18,7,6;7,17,16,25,26,19,8;8,18,26,20,9;9,19,26,27,21,10;10,20,27,22,11;11,21,27,28,23,12;12,22,28,24,13;13,23,28,25,16,15,14;16,24,28,26,18;18,25,28,27,20,19;20,26,28,22,21;22,27,26,25,24,23 appfree=1 rsstfree=1
p29.r15#37067 29 1,2,3,4,5;0,5,6,7,8,2;0,1,8,9,3;0,2,9,10,4;0,3,10,11,12,13,5;0,4,13,14,6,1;1,5,14,15,7;1,6,15,16,8;1,7,16,17,9,2;2,8,17,18,19,10,3;3,9,19,11,4;4,10,19,20,12;4,11,20,21,22,13;4,12,22,14,5;5,13,22,23,15,6;6,14,23,16,7;7,15,23,24,17,8;8,16,24,25,18,9;9,17,25,26,19;9,18,26,20,11,10;11,19,26,27,21,12;12,20,27,28,22;12,21,28,23,14,13;14,22,28,24,16,15;16,23,28,27,25,17;17,24,27,26,18;18,25,27,20,19;20,26,25,24,28,21;21,27,24,23,22 appfree=1 rsstfree=1
p29.r15#41188 29 1,2,3,4,5,6,7;0,7,8,9,2;0,1,9,10,11,3;0,2,11,12,13,4;0,3,13,14,5;0,4,14,15,6;0,5,15,16,7;0,6,16,8,1;1,7,16,17,9;1,8,17,18,10,2;2,9,18,19,20,11;2,10,20,12,3;3,11,20,21,13;3,12,21,22,14,4;4,13,22,23,15,5;5,14,23,24,16,6;6,15,24,25,17,8,7;8,16,25,26,18,9;9,17,26,19,10;10,18,26,27,21,20;10,19,21,12,11;12,20,19,27,22,13;13,21,27,23,14;14,22,27,28,24,15;15,23,28,25,16;16,24,28,26,17;17,25,28,27,19,18;19,26,28,23,22,21;23,27,26,25,24 appfree=1 rsstfree=1
p29.r15#45703 29 1,2,3,4,5,6;0,6,7,8,9,2;0,1,9,10,3;0,2,10,11,4;0,3,11,12,13,5;0,4,13,14,6;0,5,14,7,1;1,6,14,15,16,8;1,7,16,17,9;1,8,17,18,10,2;2,9,18,11,3;3,10,18,19,12,4;4,11,19,20,21,22,13;4,12,22,14,5;5,13,22,23,15,7,6;7,14,23,24,25,16;7,15,25,26,17,8;8,16,26,27,18,9;9,17,27,19,11,10;11,18,27,20,12;12,19,27,28,24,21;12,20,24,23,22;12,21,23,14,13;14,22,21,24,15;15,23,21,20,28,25;15,24,28,26,16;16,25,28,27,17;17,26,28,20,19,18;20,27,26,25,24 appfree=1 rsstfree=1
p29.r15#53662 29 1,2,3,4,5,6;0,6,7,8,2;0,1,8,9,3;0,2,9,10,11,4;0,3,11,12,5;0,4,12,13,6;0,5,13,14,7,1;1,6,14,15,16,8;1,7,16,17,18,9,2;2,8,18,10,3;3,9,18,19,20,11;3,10,20,21,22,12,4;4,11,22,13,5;5,12,22,23,14,6;6,13,23,15,7;7,14,23,24,25,26,16;7,15,26,17,8;8,16,26,27,18;8,17,27,19,10,9;10,18,27,28,20;10,19,28,21,11;11,20,28,25,24,22;11,21,24,23,13,12;13,22,24,15,14;15,23,22,21,25;15,24,21,28,27,26;15,25,27,17,16;17,26,25,28,19,18;19,27,25,21,20 appfree=1 rsstfree=1
p29.r15#64039 29 1,2,3,4,5,6;0,6,7,8,9,10,2;0,1,10,11,3;0,2,11,12,13,4;0,3,13,14,5;0,4,14,15,16,6;0,5,16,7,1;1,6,16,17,8;1,7,17,18,9;1,8,18,19,10;1,9,19,20,11,2;2,10,20,21,12,3;3,11,21,22,23,13;3,12,23,14,4;4,13,23,15,5;5,14,23,24,17,16;5,15,17,7,6;7,16,15,24,25,18,8;8,17,25,26,19,9;9,18,26,27,20,10;10,19,27,21,11;11,20,27,22,12;12,21,27,26,28,23;12,22,28,24,15,14,13;15,23,28,25,17;17,24,28,26,18;18,25,28,22,27,19;19,26,22,21,20;22,26,25,24,23 appfree=1 rsstfree=1
p29.r15#154272 29 1,2,3,4,5,6,7;0,7,8,9,2;0,1,9,10,11,3;0,2,11,12,4;0,3,12,13,5;0,4,13,14,6;0,5,14,15,7;0,6,15,16,8,1;1,7,16,17,9;1,8,17,18,10,2;2,9,18,19,11;2,10,19,20,12,3;3,11,20,21,13,4;4,12,21,22,14,5;5,13,22,23,15,6;6,14,23,24,16,7;7,15,24,25,17,8;8,16,25,26,18,9;9,17,26,19,10;10,18,26,27,20,11;11,19,27,21,12;12,20,27,28,22,13;13,21,28,23,14;14,22,28,24,15;15,23,28,25,16;16,24,28,26,17;17,25,28,27,19,18;19,26,28,21,20;21,27,26,25,24,23,22 appfree=1 rsstfree=1
p29.r15#154282 29 1,2,3,4,5;0,5,6,7,8,9,2;0,1,9,10,11,3;0,2,11,12,4;0,3,12,13,5;0,4,13,14,6,1;1,5,14,15,7;1,6,15,16,8;1,7,16,17,9;1,8,17,18,10,2;2,9,18,19,11;2,10,19,20,12,3;3,11,20,21,13,4;4,12,21,22,14,5;5,13,22,23,15,6;6,14,23,24,16,7;7,15,24,25,17,8;8,16,25,26,18,9;9,17,26,19,10;10,18,26,27,20,11;11,19,27,21,12;12,20,27,22,13;13,21,27,23,14;14,22,27,28,24,15;15,23,28,25,16;16,24,28,26,17;17,25,28,27,19,18;19,26,28,23,22,21,20;23,27,26,25,24 appfree=1 rsstfree=1
p29.r15#154284 29 1,2,3,4,5,6,7;0,7,8,9,2;0,1,9,10,11,3;0,2,11,12,4;0,3,12,13,5;0,4,13,14,6;0,5,14,15,7;0,6,15,16,8,1;1,7,16,17,9;1,8,17,18,10,2;2,9,18,19,11;2,10,19,20,12,3;3,11,20,21,13,4;4,12,21,22,14,5;5,13,22,23,15,6;6,14,23,24,16,7;7,15,24,25,17,8;8,16,25,26,18,9;9,17,26,19,10;10,18,26,27,20,11;11,19,27,21,12;12,20,27,22,13;13,21,27,23,14;14,22,27,28,24,15;15,23,28,25,16;16,24,28,26,17;17,25,28,27,19,18;19,26,28,23,22,21,20;23,27,26,25,24 appfree=1 rsstfree=1
p29.r2#5159 29 1,2,3,4,5;0,5,6,7,8,9,10,2;0,1,10,11,3;0,2,11,12,4;0,3,12,13,14,15,5;0,4,15,6,1;1,5,15,16,7;1,6,16,17,8;1,7,17,18,9;1,8,18,19,10;1,9,19,11,2;2,10,19,20,21,12,3;3,11,21,13,4;4,12,21,22,23,24,14;4,13,24,16,15;4,14,16,6,5;6,15,14,24,25,17,7;7,16,25,26,18,8;8,17,26,27,19,9;9,18,27,20,11,10;11,19,27,28,22,21;11,20,22,13,12;13,21,20,28,23;13,22,28,25,24;13,23,25,16,14;16,24,23,28,26,17;17,25,28,27,18;18,26,28,20,19;20,27,26,25,23,22 appfree=1 rsstfree=1
p29.r2#5416 29 1,2,3,4,5;0,5,6,7,8,2;0,1,8,9,10,3;0,2,10,11,12,4;0,3,12,13,5;0,4,13,6,1;1,5,13,14,15,16,7;1,6,16,17,8;1,7,17,9,2;2,8,17,18,10;2,9,18,19,11,3;3,10,19,20,21,12;3,11,21,22,13,4;4,12,22,14,6,5;6,13,22,23,24,15;6,14,24,25,16;6,15,25,17,7;7,16,25,26,18,9,8;9,17,26,27,19,10;10,18,27,20,11;11,19,27,28,21;11,20,28,23,22,12;12,21,23,14,13;14,22,21,28,24;14,23,28,26,25,15;15,24,26,17,16;17,25,24,28,27,18;18,26,28,20,19;20,27,26,24,23,21 appfree=1 rsstfree=1
p29.r2#5471 29 1,2,3,4,5;0,5,6,7,8,9,10,2;0,1,10,11,3;0,2,11,12,13,14,4;0,3,14,15,5;0,4,15,6,1;1,5,15,16,7;1,6,16,17,18,8;1,7,18,19,9;1,8,19,20,10;1,9,20,11,2;2,10,20,12,3;3,11,20,21,13;3,12,21,22,14;3,13,22,23,15,4;4,14,23,24,16,6,5;6,15,24,17,7;7,16,24,25,26,18;7,17,26,27,19,8;8,18,27,20,9;9,19,27,21,12,11,10;12,20,27,28,22,13;13,21,28,25,23,14;14,22,25,24,15;15,23,25,17,16;17,24,23,22,28,26;17,25,28,27,18;18,26,28,21,20,19;21,27,26,25,22 appfree=1 rsstfree=1
p29.r2#5734 29 1,2,3,4,5;0,5,6,7,8,9,2;0,1,9,10,11,3;0,2,11,12,13,14,4;0,3,14,15,5;0,4,15,6,1;1,5,15,16,7;1,6,16,17,8;1,7,17,18,9;1,8,18,10,2;2,9,18,19,20,21,11;2,10,21,12,3;3,11,21,22,13;3,12,22,23,14;3,13,23,24,15,4;4,14,24,25,16,6,5;6,15,25,17,7;7,16,25,26,19,18,8;8,17,19,10,9;10,18,17,26,27,20;10,19,27,22,21;10,20,22,12,11;12,21,20,27,28,23,13;13,22,28,24,14;14,23,28,26,25,15;15,24,26,17,16;17,25,24,28,27,19;19,26,28,22,20;22,27,26,24,23 appfree=1 rsstfree=1
p29.r2#5738 29 1,2,3,4,5;0,5,6,7,8,9,2;0,1,9,10,3;0,2,10,11,12,13,4;0,3,13,14,5;0,4,14,6,1;1,5,14,15,7;1,6,15,16,17,8;1,7,17,18,9;1,8,18,19,20,10,2;2,9,20,11,3;3,10,20,21,12;3,11,21,22,13;3,12,22,23,14,4;4,13,23,24,15,6,5;6,14,24,16,7;7,15,24,25,26,17;7,16,26,18,8;8,17,26,19,9;9,18,26,27,21,20;9,19,21,11,10;11,20,19,27,28,22,12;12,21,28,23,13;13,22,28,25,24,14;14,23,25,16,15;16,24,23,28,27,26;16,25,27,19,18,17;19,26,25,28,21;21,27,25,23,22 appfree=1 rsstfree=1
p29.r2#5744 29 1,2,3,4,5;0,5,6,7,8,9,2;0,1,9,10,3;0,2,10,11,12,13,4;0,3,13,14,5;0,4,14,6,1;1,5,14,15,7;1,6,15,16,17,8;1,7,17,18,9;1,8,18,19,10,2;2,9,19,11,3;3,10,19,20,12;3,11,20,21,13;3,12,21,22,14,4;4,13,22,23,15,6,5;6,14,23,16,7;7,15,23,24,25,17;7,16,25,18,8;8,17,25,26,19,9;9,18,26,20,11,10;11,19,26,27,28,21,12;12,20,28,22,13;13,21,28,24,23,14;14,22,24,16,15;16,23,22,28,27,25;16,24,27,26,18,17;18,25,27,20,19;20,26,25,24,28;20,27,24,22,21 appfree=1 rsstfree=1
p29.r2#5761 29 1,2,3,4,5;0,5,6,7,2;0,1,7,8,3;0,2,8,9,10,11,4;0,3,11,12,5;0,4,12,13,14,6,1;1,5,14,15,16,7;1,6,16,17,18,8,2;2,7,18,9,3;3,8,18,19,20,21,10;3,9,21,22,11;3,10,22,23,12,4;4,11,23,13,5;5,12,23,24,14;5,13,24,15,6;6,14,24,25,16;6,15,25,26,17,7;7,16,26,19,18;7,17,19,9,8;9,18,17,26,20;9,19,26,27,28,21;9,20,28,22,10;10,21,28,23,11;11,22,28,24,13,12;13,23,28,27,25,15,14;15,24,27,26,16;16,25,27,20,19,17;20,26,25,24,28;20,27,24,23,22,21 appfree=1 rsstfree=1
p29.r2#5764 29 1,2,3,4,5;0,5,6,7,8,2;0,1,8,9,10,3;0,2,10,11,12,13,4;0,3,13,14,5;0,4,14,6,1;1,5,14,15,16,7;1,6,16,17,8;1,7,17,18,9,2;2,8,18,19,10;2,9,19,11,3;3,10,19,20,12;3,11,20,21,22,13;3,12,22,23,14,4;4,13,23,15,6,5;6,14,23,24,25,16;6,15,25,17,7;7,16,25,26,27,18,8;8,17,27,19,9;9,18,27,28,20,11,10;11,19,28,21,12;12,20,28,26,24,22;12,21,24,23,13;13,22,24,15,14;15,23,22,21,26,25;15,24,26,17,16;17,25,24,21,28,27;17,26,28,19,18;19,27,26,21,20 appfree=1 rsstfree=1
p29.r2#5765 29 1,2,3,4,5;0,5,6,7,8,2;0,1,8,9,10,3;0,2,10,11,12,13,4;0,3,13,14,5;0,4,14,6,1;1,5,14,15,16,7;1,6,16,17,8;1,7,17,18,9,2;2,8,18,19,10;2,9,19,11,3;3,10,19,20,12;3,11,20,21,22,13;3,12,22,23,14,4;4,13,23,15,6,5;6,14,23,24,25,16;6,15,25,17,7;7,16,25,26,27,18,8;8,17,27,19,9;9,18,27,28,20,11,10;11,19,28,21,12;12,20,28,26,25,24,22;12,21,24,23,13;13,22,24,15,14;15,23,22,21,25;15,24,21,26,17,16;17,25,21,28,27;17,26,28,19,18;19,27,26,21,20 appfree=1 rsstfree=1
p29.r2#5795 29 1,2,3,4,5;0,5,6,7,2;0,1,7,8,3;0,2,8,9,10,4;0,3,10,11,12,5;0,4,12,13,14,6,1;1,5,14,15,16,7;1,6,16,17,18,8,2;2,7,18,19,9,3;3,8,19,20,10;3,9,20,11,4;4,10,20,21,22,12;4,11,22,13,5;5,12,22,23,14;5,13,23,15,6;6,14,23,24,16;6,15,24,25,17,7;7,16,25,26,18;7,17,26,19,8;8,18,26,27,20,9;9,19,27,21,11,10;11,20,27,28,23,22;11,21,23,13,12;13,22,21,28,24,15,14;15,23,28,25,16;16,24,28,27,26,17;17,25,27,19,18;19,26,25,28,21,20;21,27,25,24,23 appfree=1 rsstfree=1
p29.r2#5797 29 1,2,3,4,5;0,5,6,7,2;0,1,7,8,3;0,2,8,9,10,4;0,3,10,11,12,5;0,4,12,13,14,6,1;1,5,14,15,16,7;1,6,16,17,18,8,2;2,7,18,19,9,3;3,8,19,20,10;3,9,20,11,4;4,10,20,21,22,23,12;4,11,23,13,5;5,12,23,24,14;5,13,24,15,6;6,14,24,25,16;6,15,25,26,17,7;7,16,26,27,18;7,17,27,19,8;8,18,27,21,20,9;9,19,21,11,10;11,20,19,27,26,28,22;11,21,28,24,23;11,22,24,13,12;13,23,22,28,25,15,14;15,24,28,26,16;16,25,28,21,27,17;17,26,21,19,18;21,26,25,24,22 appfree=1 rsstfree=1
p29.r2#17470 29 1,2,3,4,5;0,5,6,7,8,9,2;0,1,9,10,3;0,2,10,11,12,13,4;0,3,13,14,15,5;0,4,15,16,6,1;1,5,16,17,7;1,6,17,18,19,8;1,7,19,20,9;1,8,20,10,2;2,9,20,11,3;3,10,20,21,12;3,11,21,22,13;3,12,22,14,4;4,13,22,23,24,15;4,14,24,25,16,5;5,15,25,17,6;6,16,25,18,7;7,17,25,26,27,19;7,18,27,28,20,8;8,19,28,21,11,10,9;11,20,28,22,12;12,21,28,27,23,14,13;14,22,27,26,24;14,23,26,25,15;15,24,26,18,17,16;18,25,24,23,27;18,26,23,22,28,19;19,27,22,21,20 appfree=1 rsstfree=1
p29.r2#31378 29 1,2,3,4,5;0,5,6,7,8,9,2;0,1,9,10,11,3;0,2,11,12,13,4;0,3,13,14,5;0,4,14,6,1;1,5,14,15,16,7;1,6,16,17,8;1,7,17,18,9;1,8,18,10,2;2,9,18,19,20,11;2,10,20,12,3;3,11,20,21,13;3,12,21,22,14,4;4,13,22,15,6,5;6,14,22,23,16;6,15,23,24,17,7;7,16,24,25,18,8;8,17,25,19,10,9;10,18,25,26,20;10,19,26,27,21,12,11;12,20,27,22,13;13,21,27,28,23,15,14;15,22,28,24,16;16,23,28,26,25,17;17,24,26,19,18;19,25,24,28,27,20;20,26,28,22,21;22,27,26,24,23 appfree=1 rsstfree=1
p29.r2#34988 29 1,2,3,4,5,6;0,6,7,8,9,2;0,1,9,10,11,3;0,2,11,12,4;0,3,12,13,14,15,5;0,4,15,16,6;0,5,16,17,7,1;1,6,17,18,19,8;1,7,19,20,9;1,8,20,10,2;2,9,20,21,22,11;2,10,22,12,3;3,11,22,13,4;4,12,22,23,14;4,13,23,24,25,15;4,14,25,16,5;5,15,25,17,6;6,16,25,26,18,7;7,17,26,27,19;7,18,27,21,20,8;8,19,21,10,9;10,20,19,27,28,22;10,21,28,23,13,12,11;13,22,28,24,14;14,23,28,27,26,25;14,24,26,17,16,15;17,25,24,27,18;18,26,24,28,21,19;21,27,24,23,22 appfree=1 rsstfree=1
p29.r2#35003 29 1,2,3,4,5,6;0,6,7,8,9,2;0,1,9,10,11,3;0,2,11,12,4;0,3,12,13,14,15,5;0,4,15,16,6;0,5,16,17,7,1;1,6,17,18,19,8;1,7,19,20,9;1,8,20,10,2;2,9,20,21,22,11;2,10,22,12,3;3,11,22,13,4;4,12,22,23,24,14;4,13,24,25,26,15;4,14,26,16,5;5,15,26,17,6;6,16,26,27,18,7;7,17,27,28,19;7,18,28,21,20,8;8,19,21,10,9;10,20,19,28,23,22;10,21,23,13,12,11;13,22,21,28,24;13,23,28,25,14;14,24,28,27,26;14,25,27,17,16,15;17,26,25,28,18;18,27,25,24,23,21,19 appfree=1 rsstfree=1
p29.r2#37019 29 1,2,3,4,5;0,5,6,7,8,2;0,1,8,9,10,3;0,2,10,11,12,4;0,3,12,13,14,5;0,4,14,15,6,1;1,5,15,16,17,7;1,6,17,18,8;1,7,18,19,9,2;2,8,19,20,10;2,9,20,11,3;3,10,20,21,22,12;3,11,22,13,4;4,12,22,23,24,25,14;4,13,25,15,5;5,14,25,16,6;6,15,25,24,26,17;6,16,26,18,7;7,17,26,27,28,19,8;8,18,28,21,20,9;9,19,21,11,10;11,20,19,28,23,22;11,21,23,13,12;13,22,21,28,27,24;13,23,27,26,16,25;13,24,16,15,14;16,24,27,18,17;18,26,24,23,28;18,27,23,21,19 appfree=1 rsstfree=1
p29.r2#39880 29 1,2,3,4,5;0,5,6,7,8,9,2;0,1,9,10,3;0,2,10,11,4;0,3,11,12,13,5;0,4,13,14,6,1;1,5,14,15,7;1,6,15,16,8;1,7,16,17,9;1,8,17,18,10,2;2,9,18,19,11,3;3,10,19,20,12,4;4,11,20,21,22,13;4,12,22,14,5;5,13,22,23,15,6;6,14,23,24,16,7;7,15,24,25,17,8;8,16,25,26,18,9;9,17,26,19,10;10,18,26,27,20,11;11,19,27,21,12;12,20,27,28,22;12,21,28,23,14,13;14,22,28,24,15;15,23,28,25,16;16,24,28,26,17;17,25,28,27,19,18;19,26,28,21,20;21,27,26,25,24,23,22 appfree=1 rsstfree=1
p29.r2#164986 29 1,2,3,4,5;0,5,6,7,8,2;0,1,8,9,10,3;0,2,10,11,12,4;0,3,12,13,14,5;0,4,14,6,1;1,5,14,15,16,7;1,6,16,17,8;1,7,17,9,2;2,8,17,18,10;2,9,18,19,20,11,3;3,10,20,21,12;3,11,21,13,4;4,12,21,22,14;4,13,22,15,6,5;6,14,22,23,16;6,15,23,24,17,7;7,16,24,25,18,9,8;9,17,25,19,10;10,18,25,26,27,20;10,19,27,21,11;11,20,27,28,22,13,12;13,21,28,23,15,14;15,22,28,26,24,16;16,23,26,25,17;17,24,26,19,18;19,25,24,23,28,27;19,26,28,21,20;21,27,26,23,22 appfree=1 rsstfree=1
p29.r3#1518 29 1,2,3,4,5;0,5,6,7,8,2;0,1,8,9,3;0,2,9,10,4;0,3,10,11,12,5;0,4,12,13,14,6,1;1,5,14,15,7;1,6,15,16,8;1,7,16,17,9,2;2,8,17,18,10,3;3,9,18,19,20,11,4;4,10,20,21,12;4,11,21,13,5;5,12,21,22,14;5,13,22,23,15,6;6,14,23,24,16,7;7,15,24,25,17,8;8,16,25,18,9;9,17,25,19,10;10,18,25,26,27,20;10,19,27,21,11;11,20,27,28,22,13,12;13,21,28,23,14;14,22,28,26,24,15;15,23,26,25,16;16,24,26,19,18,17;19,25,24,23,28,27;19,26,28,21,20;21,27,26,23,22 appfree=1 rsstfree=1
p29.r3#1673 29 1,2,3,4,5;0,5,6,7,8,2;0,1,8,9,3;0,2,9,10,4;0,3,10,11,12,5;0,4,12,13,14,6,1;1,5,14,15,7;1,6,15,16,8;1,7,16,17,9,2;2,8,17,18,10,3;3,9,18,19,11,4;4,10,19,20,12;4,11,20,13,5;5,12,20,21,14;5,13,21,22,15,6;6,14,22,23,16,7;7,15,23,24,17,8;8,16,24,25,18,9;9,17,25,19,10;10,18,25,26,20,11;11,19,26,27,21,13,12;13,20,27,22,14;14,21,27,28,23,15;15,22,28,24,16;16,23,28,25,17;17,24,28,26,19,18;19,25,28,27,20;20,26,28,22,21;22,27,26,25,24,23 appfree=1 rsstfree=1
p29.r3#2961 29 1,2,3,4,5,6;0,6,7,8,2;0,1,8,9,10,3;0,2,10,11,4;0,3,11,12,5;0,4,12,13,14,6;0,5,14,7,1;1,6,14,15,16,17,8;1,7,17,18,9,2;2,8,18,19,20,10;2,9,20,11,3;3,10,20,21,22,23,12,4;4,11,23,13,5;5,12,23,24,25,15,14;5,13,15,7,6;7,14,13,25,16;7,15,25,26,17;7,16,26,27,18,8;8,17,27,19,9;9,18,27,28,21,20;9,19,21,11,10;11,20,19,28,22;11,21,28,24,23;11,22,24,13,12;13,23,22,28,26,25;13,24,26,16,15;16,25,24,28,27,17;17,26,28,19,18;19,27,26,24,22,21 appfree=1 rsstfree=1
p29.r3#2988 29 1,2,3,4,5;0,5,6,7,8,2;0,1,8,9,10,3;0,2,10,11,12,4;0,3,12,13,5;0,4,13,14,6,1;1,5,14,15,7;1,6,15,16,17,8;1,7,17,9,2;2,8,17,18,10;2,9,18,19,11,3;3,10,19,20,12;3,11,20,21,13,4;4,12,21,22,14,5;5,13,22,23,15,6;6,14,23,24,16,7;7,15,24,25,18,17;7,16,18,9,8;9,17,16,25,19,10;10,18,25,26,27,20,11;11,19,27,21,12;12,20,27,28,22,13;13,21,28,23,14;14,22,28,24,15;15,23,28,26,25,16;16,24,26,19,18;19,25,24,28,27;19,26,28,21,20;21,27,26,24,23,22 appfree=1 rsstfree=1
p29.r3#12328 29 1,2,3,4,5,6;0,6,7,8,2;0,1,8,9,10,3;0,2,10,11,4;0,3,11,12,5;0,4,12,13,14,6;0,5,14,7,1;1,6,14,15,16,17,18,19,8;1,7,19,9,2;2,8,19,20,21,10;2,9,21,11,3;3,10,21,22,23,24,25,12,4;4,11,25,13,5;5,12,25,26,15,14;5,13,15,7,6;7,14,13,26,16;7,15,26,27,17;7,16,27,28,18;7,17,28,20,19;7,18,20,9,8;9,19,18,28,22,21;9,20,22,11,10;11,21,20,28,23;11,22,28,27,24;11,23,27,26,25;11,24,26,13,12;13,25,24,27,16,15;16,26,24,23,28,17;17,27,23,22,20,18 appfree=1 rsstfree=1
p29.r3#12812 29 1,2,3,4,5,6,7,8;0,8,9,10,11,2;0,1,11,12,3;0,2,12,13,4;0,3,13,14,5;0,4,14,15,6;0,5,15,16,7;0,6,16,17,8;0,7,17,9,1;1,8,17,18,19,10;1,9,19,20,11;1,10,20,21,12,2;2,11,21,22,23,13,3;3,12,23,14,4;4,13,23,24,25,15,5;5,14,25,16,6;6,15,25,26,18,17,7;7,16,18,9,8;9,17,16,26,27,19;9,18,27,20,10;10,19,27,28,21,11;11,20,28,22,12;12,21,28,24,23;12,22,24,14,13;14,23,22,28,27,26,25;14,24,26,16,15;16,25,24,27,18;18,26,24,28,20,19;20,27,24,22,21 appfree=1 rsstfree=1
p29.r3#17372 29 1,2,3,4,5,6,7;0,7,8,9,2;0,1,9,10,11,3;0,2,11,12,4;0,3,12,13,5;0,4,13,14,6;0,5,14,15,7;0,6,15,16,8,1;1,7,16,17,9;1,8,17,18,10,2;2,9,18,19,11;2,10,19,20,12,3;3,11,20,21,13,4;4,12,21,22,23,14,5;5,13,23,15,6;6,14,23,24,16,7;7,15,24,25,17,8;8,16,25,26,18,9;9,17,26,19,10;10,18,26,20,11;11,19,26,27,21,12;12,20,27,22,13;13,21,27,28,23;13,22,28,24,15,14;15,23,28,25,16;16,24,28,26,17;17,25,28,27,20,19,18;20,26,28,22,21;22,27,26,25,24,23 appfree=1 rsstfree=1
p29.r3#17984 29 1,2,3,4,5,6;0,6,7,8,2;0,1,8,9,10,11,12,3;0,2,12,13,4;0,3,13,14,5;0,4,14,15,16,6;0,5,16,17,7,1;1,6,17,18,8;1,7,18,9,2;2,8,18,19,10;2,9,19,20,11;2,10,20,21,12;2,11,21,13,3;3,12,21,22,23,14,4;4,13,23,24,15,5;5,14,24,25,16;5,15,25,17,6;6,16,25,26,18,7;7,17,26,27,19,9,8;9,18,27,20,10;10,19,27,28,22,21,11;11,20,22,13,12;13,21,20,28,23;13,22,28,24,14;14,23,28,26,25,15;15,24,26,17,16;17,25,24,28,27,18;18,26,28,20,19;20,27,26,24,23,22 appfree=1 rsstfree=1
p29.r3#146679 29 1,2,3,4,5;0,5,6,7,8,2;0,1,8,9,3;0,2,9,10,4;0,3,10,11,12,13,5;0,4,13,14,6,1;1,5,14,15,16,7;1,6,16,17,8;1,7,17,18,9,2;2,8,18,19,10,3;3,9,19,20,11,4;4,10,20,21,12;4,11,21,22,13;4,12,22,14,5;5,13,22,23,15,6;6,14,23,24,16;6,15,24,25,17,7;7,16,25,26,18,8;8,17,26,19,9;9,18,26,20,10;10,19,26,27,21,11;11,20,27,28,22,12;12,21,28,23,14,13;14,22,28,24,15;15,23,28,25,16;16,24,28,27,26,17;17,25,27,20,19,18;20,26,25,28,21;21,27,25,24,23,22 appfree=1 rsstfree=1
p29.r3#180959 29 1,2,3,4,5,6,7;0,7,8,9,2;0,1,9,10,11,12,3;0,2,12,13,4;0,3,13,14,5;0,4,14,15,6;0,5,15,16,7;0,6,16,8,1;1,7,16,17,18,9;1,8,18,19,10,2;2,9,19,20,11;2,10,20,21,12;2,11,21,13,3;3,12,21,22,23,14,4;4,13,23,24,15,5;5,14,24,25,16,6;6,15,25,17,8,7;8,16,25,26,18;8,17,26,27,19,9;9,18,27,20,10;10,19,27,28,22,21,11;11,20,22,13,12;13,21,20,28,23;13,22,28,24,14;14,23,28,27,26,25,15;15,24,26,17,16;17,25,24,27,18;18,26,24,28,20,19;20,27,24,23,22 appfree=1 rsstfree=1
p29.r3#197357 29 1,2,3,4,5,6,7;0,7,8,9,2;0,1,9,10,3;0,2,10,11,4;0,3,11,12,5;0,4,12,13,6;0,5,13,14,15,7;0,6,15,8,1;1,7,15,16,17,9;1,8,17,18,19,10,2;2,9,19,20,11,3;3,10,20,21,12,4;4,11,21,22,13,5;5,12,22,23,14,6;6,13,23,24,15;6,14,24,16,8,7;8,15,24,25,26,17;8,16,26,18,9;9,17,26,27,19;9,18,27,28,20,10;10,19,28,21,11;11,20,28,22,12;12,21,28,27,25,23,13;13,22,25,24,14;14,23,25,16,15;16,24,23,22,27,26;16,25,27,18,17;18,26,25,22,28,19;19,27,22,21,20 appfree=1 rsstfree=1
p29.r3#197374 29 1,2,3,4,5,6,7;0,7,8,9,2;0,1,9,10,3;0,2,10,11,4;0,3,11,12,5;0,4,12,13,6;0,5,13,14,15,7;0,6,15,8,1;1,7,15,16,17,9;1,8,17,18,19,10,2;2,9,19,20,11,3;3,10,20,21,12,4;4,11,21,22,13,5;5,12,22,23,14,6;6,13,23,24,15;6,14,24,16,8,7;8,15,24,25,26,17;8,16,26,18,9;9,17,26,27,19;9,18,27,20,10;10,19,27,21,11;11,20,27,28,22,12;12,21,28,23,13;13,22,28,25,24,14;14,23,25,16,15;16,24,23,28,27,26;16,25,27,18,17;18,26,25,28,21,20,19;21,27,25,23,22 appfree=1 rsstfree=1
p29.r3#233997 29 1,2,3,4,5;0,5,6,7,8,2;0,1,8,9,10,3;0,2,10,11,12,4;0,3,12,13,5;0,4,13,6,1;1,5,13,14,15,7;1,6,15,16,8;1,7,16,17,9,2;2,8,17,18,19,10;2,9,19,11,3;3,10,19,20,21,12;3,11,21,22,13,4;4,12,22,14,6,5;6,13,22,23,15;6,14,23,24,16,7;7,15,24,17,8;8,16,24,25,18,9;9,17,25,26,19;9,18,26,20,11,10;11,19,26,27,28,21;11,20,28,22,12;12,21,28,23,14,13;14,22,28,27,24,15;15,23,27,25,17,16;17,24,27,26,18;18,25,27,20,19;20,26,25,24,23,28;20,27,23,22,21 appfree=1 rsstfree=1
p29.r4#1714 29 1,2,3,4,5,6;0,6,7,8,9,10,2;0,1,10,11,3;0,2,11,12,4;0,3,12,13,14,5;0,4,14,15,6;0,5,15,7,1;1,6,15,16,8;1,7,16,17,9;1,8,17,18,10;1,9,18,11,2;2,10,18,19,20,12,3;3,11,20,21,13,4;4,12,21,22,14;4,13,22,23,15,5;5,14,23,24,16,7,6;7,15,24,17,8;8,16,24,25,19,18,9;9,17,19,11,10;11,18,17,25,26,20;11,19,26,27,21,12;12,20,27,22,13;13,21,27,23,14;14,22,27,28,24,15;15,23,28,25,17,16;17,24,28,26,19;19,25,28,27,20;20,26,28,23,22,21;23,27,26,25,24 appfree=1 rsstfree=1
p29.r4#4900 29 1,2,3,4,5,6;0,6,7,8,9,2;0,1,9,10,3;0,2,10,11,12,4;0,3,12,13,14,5;0,4,14,15,6;0,5,15,7,1;1,6,15,16,17,8;1,7,17,18,19,9;1,8,19,10,2;2,9,19,20,11,3;3,10,20,21,12;3,11,21,13,4;4,12,21,22,14;4,13,22,23,15,5;5,14,23,16,7,6;7,15,23,24,17;7,16,24,18,8;8,17,24,25,26,19;8,18,26,27,20,10,9;10,19,27,21,11;11,20,27,28,22,13,12;13,21,28,25,23,14;14,22,25,24,16,15;16,23,25,18,17;18,24,23,22,28,26;18,25,28,27,19;19,26,28,21,20;21,27,26,25,22 appfree=1 rsstfree=1
p29.r4#5060 29 1,2,3,4,5,6;0,6,7,8,9,2;0,1,9,10,3;0,2,10,11,12,4;0,3,12,13,14,5;0,4,14,15,6;0,5,15,7,1;1,6,15,16,17,8;1,7,17,18,19,20,9;1,8,20,10,2;2,9,20,21,11,3;3,10,21,22,12;3,11,22,13,4;4,12,22,23,24,14;4,13,24,16,15,5;5,14,16,7,6;7,15,14,24,25,17;7,16,25,18,8;8,17,25,26,19;8,18,26,27,28,20;8,19,28,21,10,9;10,20,28,22,11;11,21,28,27,23,13,12;13,22,27,26,24;13,23,26,25,16,14;16,24,26,18,17;18,25,24,23,27,19;19,26,23,22,28;19,27,22,21,20 appfree=1 rsstfree=1
p29.r4#5330 29 1,2,3,4,5;0,5,6,7,8,9,2;0,1,9,10,11,3;0,2,11,12,4;0,3,12,13,5;0,4,13,14,6,1;1,5,14,15,7;1,6,15,16,8;1,7,16,17,9;1,8,17,18,10,2;2,9,18,19,11;2,10,19,20,12,3;3,11,20,21,13,4;4,12,21,22,14,5;5,13,22,23,24,15,6;6,14,24,16,7;7,15,24,25,26,17,8;8,16,26,18,9;9,17,26,27,19,10;10,18,27,28,20,11;11,19,28,21,12;12,20,28,22,13;13,21,28,27,23,14;14,22,27,25,24;14,23,25,16,15;16,24,23,27,26;16,25,27,18,17;18,26,25,23,22,28,19;19,27,22,21,20 appfree=1 rsstfree=1
p29.r4#18004 29 1,2,3,4,5;0,5,6,7,8,2;0,1,8,9,3;0,2,9,10,11,12,4;0,3,12,13,5;0,4,13,14,6,1;1,5,14,15,16,7;1,6,16,17,8;1,7,17,18,9,2;2,8,18,10,3;3,9,18,19,20,11;3,10,20,21,22,12;3,11,22,13,4;4,12,22,23,24,14,5;5,13,24,15,6;6,14,24,25,26,16;6,15,26,27,17,7;7,16,27,18,8;8,17,27,19,10,9;10,18,27,28,20;10,19,28,21,11;11,20,28,25,23,22;11,21,23,13,12;13,22,21,25,24;13,23,25,15,14;15,24,23,21,28,26;15,25,28,27,16;16,26,28,19,18,17;19,27,26,25,21,20 appfree=1 rsstfree=1
p29.r4#18074 29 1,2,3,4,5;0,5,6,7,8,2;0,1,8,9,10,3;0,2,10,11,12,4;0,3,12,13,5;0,4,13,6,1;1,5,13,14,15,7;1,6,15,16,17,8;1,7,17,18,9,2;2,8,18,19,10;2,9,19,20,11,3;3,10,20,21,12;3,11,21,22,13,4;4,12,22,14,6,5;6,13,22,23,15;6,14,23,16,7;7,15,23,24,25,17;7,16,25,18,8;8,17,25,26,19,9;9,18,26,20,10;10,19,26,27,21,11;11,20,27,28,22,12;12,21,28,23,14,13;14,22,28,24,16,15;16,23,28,27,26,25;16,24,26,18,17;18,25,24,27,20,19;20,26,24,28,21;21,27,24,23,22 appfree=1 rsstfree=1
p29.r4#23727 29 1,2,3,4,5,6;0,6,7,8,2;0,1,8,9,10,11,3;0,2,11,12,4;0,3,12,13,14,5;0,4,14,15,16,6;0,5,16,7,1;1,6,16,17,18,19,20,8;1,7,20,9,2;2,8,20,21,10;2,9,21,22,23,11;2,10,23,12,3;3,11,23,13,4;4,12,23,24,25,14;4,13,25,15,5;5,14,25,26,17,16;5,15,17,7,6;7,16,15,26,18;7,17,26,27,19;7,18,27,21,20;7,19,21,9,8;9,20,19,27,28,22,10;10,21,28,24,23;10,22,24,13,12,11;13,23,22,28,26,25;13,24,26,15,14;15,25,24,28,27,18,17;18,26,28,21,19;21,27,26,24,22 appfree=1 rsstfree=1
p29.r4#28259 29 1,2,3,4,5,6;0,6,7,8,9,2;0,1,9,10,3;0,2,10,11,12,4;0,3,12,13,5;0,4,13,14,6;0,5,14,15,7,1;1,6,15,16,8;1,7,16,17,18,19,9;1,8,19,10,2;2,9,19,11,3;3,10,19,20,21,12;3,11,21,22,13,4;4,12,22,23,14,5;5,13,23,24,15,6;6,14,24,16,7;7,15,24,17,8;8,16,24,25,18;8,17,25,26,19;8,18,26,20,11,10,9;11,19,26,27,21;11,20,27,22,12;12,21,27,28,23,13;13,22,28,24,14;14,23,28,25,17,16,15;17,24,28,26,18;18,25,28,27,20,19;20,26,28,22,21;22,27,26,25,24,23 appfree=1 rsstfree=1
p29.r4#28764 29 1,2,3,4,5,6;0,6,7,8,9,2;0,1,9,10,3;0,2,10,11,12,13,4;0,3,13,14,5;0,4,14,15,16,6;0,5,16,7,1;1,6,16,17,8;1,7,17,18,19,9;1,8,19,10,2;2,9,19,11,3;3,10,19,20,12;3,11,20,21,13;3,12,21,14,4;4,13,21,22,15,5;5,14,22,23,16;5,15,23,24,17,7,6;7,16,24,18,8;8,17,24,25,26,27,19;8,18,27,20,11,10,9;11,19,27,28,21,12;12,20,28,22,14,13;14,21,28,26,25,23,15;15,22,25,24,16;16,23,25,18,17;18,24,23,22,26;18,25,22,28,27;18,26,28,20,19;20,27,26,22,21 appfree=1 rsstfree=1
p29.r4#28773 29 1,2,3,4,5;0,5,6,7,2;0,1,7,8,9,3;0,2,9,10,11,4;0,3,11,12,13,5;0,4,13,6,1;1,5,13,14,15,7;1,6,15,16,17,8,2;2,7,17,18,9;2,8,18,19,10,3;3,9,19,20,11;3,10,20,12,4;4,11,20,21,22,13;4,12,22,14,6,5;6,13,22,23,24,15;6,14,24,16,7;7,15,24,25,17;7,16,25,18,8;8,17,25,26,19,9;9,18,26,27,21,20,10;10,19,21,12,11;12,20,19,27,23,22;12,21,23,14,13;14,22,21,27,28,24;14,23,28,25,16,15;16,24,28,26,18,17;18,25,28,27,19;19,26,28,23,21;23,27,26,25,24 appfree=1 rsstfree=1
p29.r4#28774 29 1,2,3,4,5;0,5,6,7,8,9,2;0,1,9,10,11,3;0,2,11,12,13,4;0,3,13,14,15,5;0,4,15,6,1;1,5,15,16,7;1,6,16,17,8;1,7,17,18,19,9;1,8,19,10,2;2,9,19,20,11;2,10,20,21,12,3;3,11,21,22,13;3,12,22,14,4;4,13,22,23,24,15;4,14,24,16,6,5;6,15,24,25,17,7;7,16,25,26,18,8;8,17,26,27,20,19;8,18,20,10,9;10,19,18,27,21,11;11,20,27,28,23,22,12;12,21,23,14,13;14,22,21,28,25,24;14,23,25,16,15;16,24,23,28,26,17;17,25,28,27,18;18,26,28,21,20;21,27,26,25,23 appfree=1 rsstfree=1
p29.r4#30313 29 1,2,3,4,5;0,5,6,7,8,9,10,2;0,1,10,11,3;0,2,11,12,13,4;0,3,13,14,15,5;0,4,15,6,1;1,5,15,16,7;1,6,16,17,8;1,7,17,18,9;1,8,18,19,10;1,9,19,11,2;2,10,19,20,12,3;3,11,20,21,22,13;3,12,22,14,4;4,13,22,23,15;4,14,23,16,6,5;6,15,23,24,25,17,7;7,16,25,18,8;8,17,25,26,27,19,9;9,18,27,20,11,10;11,19,27,21,12;12,20,27,28,22;12,21,28,23,14,13;14,22,28,24,16,15;16,23,28,26,25;16,24,26,18,17;18,25,24,28,27;18,26,28,21,20,19;21,27,26,24,23,22 appfree=1 rsstfree=1
p29.r4#30952 29 1,2,3,4,5;0,5,6,7,8,9,10,2;0,1,10,11,3;0,2,11,12,13,4;0,3,13,14,15,5;0,4,15,6,1;1,5,15,16,7;1,6,16,17,8;1,7,17,18,9;1,8,18,19,10;1,9,19,11,2;2,10,19,20,12,3;3,11,20,21,13;3,12,21,22,14,4;4,13,22,23,15;4,14,23,16,6,5;6,15,23,24,25,17,7;7,16,25,18,8;8,17,25,26,27,19,9;9,18,27,20,11,10;11,19,27,28,21,12;12,20,28,24,22,13;13,21,24,23,14;14,22,24,16,15;16,23,22,21,28,26,25;16,24,26,18,17;18,25,24,28,27;18,26,28,20,19;20,27,26,24,21 appfree=1 rsstfree=1
p29.r4#30964 29 1,2,3,4,5;0,5,6,7,8,9,10,2;0,1,10,11,3;0,2,11,12,13,4;0,3,13,14,15,5;0,4,15,6,1;1,5,15,16,7;1,6,16,17,8;1,7,17,18,9;1,8,18,19,10;1,9,19,11,2;2,10,19,20,12,3;3,11,20,21,13;3,12,21,22,14,4;4,13,22,23,15;4,14,23,16,6,5;6,15,23,24,25,17,7;7,16,25,18,8;8,17,25,26,27,19,9;9,18,27,20,11,10;11,19,27,28,21,12;12,20,28,22,13;13,21,28,24,23,14;14,22,24,16,15;16,23,22,28,26,25;16,24,26,18,17;18,25,24,28,27;18,26,28,20,19;20,27,26,24,22,21 appfree=1 rsstfree=1
p29.r4#30972 29 1,2,3,4,5;0,5,6,7,8,9,10,2;0,1,10,11,3;0,2,11,12,13,4;0,3,13,14,15,5;0,4,15,6,1;1,5,15,16,7;1,6,16,17,8;1,7,17,18,9;1,8,18,19,10;1,9,19,11,2;2,10,19,20,12,3;3,11,20,21,13;3,12,21,14,4;4,13,21,22,23,15;4,14,23,16,6,5;6,15,23,24,25,17,7;7,16,25,18,8;8,17,25,26,27,19,9;9,18,27,20,11,10;11,19,27,28,21,12;12,20,28,22,14,13;14,21,28,24,23;14,22,24,16,15;16,23,22,28,26,25;16,24,26,18,17;18,25,24,28,27;18,26,28,20,19;20,27,26,24,22,21 appfree=1 rsstfree=1
p29.r4#37964 29 1,2,3,4,5;0,5,6,7,8,9,10,2;0,1,10,11,3;0,2,11,12,4;0,3,12,13,14,15,5;0,4,15,6,1;1,5,15,16,7;1,6,16,17,8;1,7,17,18,9;1,8,18,19,10;1,9,19,11,2;2,10,19,20,21,22,12,3;3,11,22,13,4;4,12,22,23,24,14;4,13,24,25,15;4,14,25,16,6,5;6,15,25,26,27,17,7;7,16,27,18,8;8,17,27,28,20,19,9;9,18,20,11,10;11,19,18,28,21;11,20,28,23,22;11,21,23,13,12;13,22,21,28,26,24;13,23,26,25,14;14,24,26,16,15;16,25,24,23,28,27;16,26,28,18,17;18,27,26,23,21,20 appfree=1 rsstfree=1
p29.r4#41565 29 1,2,3,4,5;0,5,6,7,2;0,1,7,8,9,10,3;0,2,10,11,4;0,3,11,12,13,14,5;0,4,14,6,1;1,5,14,15,16,17,18,7;1,6,18,8,2;2,7,18,19,20,9;2,8,20,21,10;2,9,21,22,11,3;3,10,22,23,12,4;4,11,23,24,13;4,12,24,25,15,14;4,13,15,6,5;6,14,13,25,16;6,15,25,26,17;6,16,26,19,18;6,17,19,8,7;8,18,17,26,27,20;8,19,27,21,9;9,20,27,22,10;10,21,27,28,23,11;11,22,28,24,12;12,23,28,25,13;13,24,28,26,16,15;16,25,28,27,19,17;19,26,28,22,21,20;22,27,26,25,24,23 appfree=1 rsstfree=1
p29.r4#42366 29 1,2,3,4,5;0,5,6,7,8,9,2;0,1,9,10,11,3;0,2,11,12,13,4;0,3,13,14,15,5;0,4,15,6,1;1,5,15,16,7;1,6,16,17,8;1,7,17,18,19,9;1,8,19,10,2;2,9,19,20,11;2,10,20,21,12,3;3,11,21,22,13;3,12,22,14,4;4,13,22,23,24,15;4,14,24,16,6,5;6,15,24,25,26,17,7;7,16,26,18,8;8,17,26,27,20,19;8,18,20,10,9;10,19,18,27,21,11;11,20,27,28,22,12;12,21,28,23,14,13;14,22,28,25,24;14,23,25,16,15;16,24,23,28,26;16,25,28,27,18,17;18,26,28,21,20;21,27,26,25,23,22 appfree=1 rsstfree=1
p29.r4#42372 29 1,2,3,4,5,6;0,6,7,8,2;0,1,8,9,3;0,2,9,10,11,4;0,3,11,12,13,5;0,4,13,14,6;0,5,14,15,16,7,1;1,6,16,17,18,8;1,7,18,9,2;2,8,18,19,10,3;3,9,19,20,11;3,10,20,12,4;4,11,20,21,22,13;4,12,22,23,14,5;5,13,23,15,6;6,14,23,24,16;6,15,24,17,7;7,16,24,25,26,18;7,17,26,19,9,8;9,18,26,27,20,10;10,19,27,21,12,11;12,20,27,28,22;12,21,28,23,13;13,22,28,25,24,15,14;15,23,25,17,16;17,24,23,28,27,26;17,25,27,19,18;19,26,25,28,21,20;21,27,25,23,22 appfree=1 rsstfree=1
p29.r4#42896 29 1,2,3,4,5;0,5,6,7,8,2;0,1,8,9,10,3;0,2,10,11,4;0,3,11,12,13,5;0,4,13,14,6,1;1,5,14,15,7;1,6,15,16,8;1,7,16,17,9,2;2,8,17,18,10;2,9,18,19,11,3;3,10,19,20,12,4;4,11,20,21,22,13;4,12,22,14,5;5,13,22,23,15,6;6,14,23,24,16,7;7,15,24,25,17,8;8,16,25,26,18,9;9,17,26,19,10;10,18,26,27,20,11;11,19,27,21,12;12,20,27,28,23,22;12,21,23,14,13;14,22,21,28,24,15;15,23,28,25,16;16,24,28,26,17;17,25,28,27,19,18;19,26,28,21,20;21,27,26,25,24,23 appfree=1 rsstfree=1
p29.r4#43819 29 1,2,3,4,5;0,5,6,7,8,2;0,1,8,9,10,3;0,2,10,11,12,4;0,3,12,13,14,15,5;0,4,15,6,1;1,5,15,16,17,7;1,6,17,18,8;1,7,18,19,9,2;2,8,19,20,21,10;2,9,21,11,3;3,10,21,22,23,12;3,11,23,13,4;4,12,23,24,14;4,13,24,25,16,15;4,14,16,6,5;6,15,14,25,26,17;6,16,26,18,7;7,17,26,19,8;8,18,26,27,20,9;9,19,27,28,22,21;9,20,22,11,10;11,21,20,28,24,23;11,22,24,13,12;13,23,22,28,25,14;14,24,28,27,26,16;16,25,27,19,18,17;19,26,25,28,20;20,27,25,24,22 appfree=1 rsstfree=1
p29.r4#43820 29 1,2,3,4,5;0,5,6,7,8,2;0,1,8,9,10,3;0,2,10,11,12,4;0,3,12,13,14,15,5;0,4,15,6,1;1,5,15,16,17,7;1,6,17,18,8;1,7,18,19,9,2;2,8,19,20,21,10;2,9,21,11,3;3,10,21,22,23,12;3,11,23,13,4;4,12,23,24,14;4,13,24,16,15;4,14,16,6,5;6,15,14,24,25,26,17;6,16,26,18,7;7,17,26,19,8;8,18,26,27,20,9;9,19,27,28,22,21;9,20,22,11,10;11,21,20,28,24,23;11,22,24,13,12;13,23,22,28,25,16,14;16,24,28,27,26;16,25,27,19,18,17;19,26,25,28,20;20,27,25,24,22 appfree=1 rsstfree=1
p29.r4#44997 29 1,2,3,4,5,6;0,6,7,8,9,2;0,1,9,10,3;0,2,10,11,12,4;0,3,12,13,14,5;0,4,14,15,16,6;0,5,16,7,1;1,6,16,17,8;1,7,17,18,19,9;1,8,19,10,2;2,9,19,20,11,3;3,10,20,21,22,12;3,11,22,13,4;4,12,22,23,14;4,13,23,24,15,5;5,14,24,25,17,16;5,15,17,7,6;7,16,15,25,18,8;8,17,25,26,27,28,19;8,18,28,20,10,9;10,19,28,21,11;11,20,28,27,22;11,21,27,23,13,12;13,22,27,26,24,14;14,23,26,25,15;15,24,26,18,17;18,25,24,23,27;18,26,23,22,21,28;18,27,21,20,19 appfree=1 rsstfree=1
p29.r4#64907 29 1,2,3,4,5,6;0,6,7,8,9,2;0,1,9,10,3;0,2,10,11,4;0,3,11,12,13,5;0,4,13,14,15,6;0,5,15,7,1;1,6,15,16,17,8;1,7,17,18,9;1,8,18,19,20,10,2;2,9,20,11,3;3,10,20,21,12,4;4,11,21,22,23,13;4,12,23,14,5;5,13,23,24,16,15;5,14,16,7,6;7,15,14,24,25,17;7,16,25,18,8;8,17,25,26,19,9;9,18,26,27,20;9,19,27,21,11,10;11,20,27,22,12;12,21,27,28,23;12,22,28,24,14,13;14,23,28,25,16;16,24,28,26,18,17;18,25,28,27,19;19,26,28,22,21,20;22,27,26,25,24,23 appfree=1 rsstfree=1
p29.r4#134747 29 1,2,3,4,5,6;0,6,7,8,9,2;0,1,9,10,3;0,2,10,11,12,4;0,3,12,13,5;0,4,13,14,15,6;0,5,15,16,7,1;1,6,16,17,18,8;1,7,18,19,20,9;1,8,20,10,2;2,9,20,11,3;3,10,20,21,22,23,12;3,11,23,13,4;4,12,23,14,5;5,13,23,24,25,15;5,14,25,16,6;6,15,25,26,17,7;7,16,26,27,18;7,17,27,19,8;8,18,27,28,21,20;8,19,21,11,10,9;11,20,19,28,22;11,21,28,24,23;11,22,24,14,13,12;14,23,22,28,26,25;14,24,26,16,15;16,25,24,28,27,17;17,26,28,19,18;19,27,26,24,22,21 appfree=1 rsstfree=1
p29.r4#180488 29 1,2,3,4,5,6,7;0,7,8,9,10,2;0,1,10,11,3;0,2,11,12,4;0,3,12,13,5;0,4,13,14,6;0,5,14,15,7;0,6,15,8,1;1,7,15,16,17,9;1,8,17,18,10;1,9,18,19,11,2;2,10,19,20,21,12,3;3,11,21,22,13,4;4,12,22,23,14,5;5,13,23,24,15,6;6,14,24,16,8,7;8,15,24,25,26,17;8,16,26,18,9;9,17,26,27,19,10;10,18,27,20,11;11,19,27,28,21;11,20,28,22,12;12,21,28,23,13;13,22,28,25,24,14;14,23,25,16,15;16,24,23,28,26;16,25,28,27,18,17;18,26,28,20,19;20,27,26,25,23,22,21 appfree=1 rsstfree=1
p29.r5#2696 29 1,2,3,4,5;0,5,6,7,8,2;0,1,8,9,10,3;0,2,10,11,4;0,3,11,12,5;0,4,12,13,14,6,1;1,5,14,15,7;1,6,15,16,17,8;1,7,17,9,2;2,8,17,18,19,10;2,9,19,20,11,3;3,10,20,21,12,4;4,11,21,22,13,5;5,12,22,23,14;5,13,23,24,15,6;6,14,24,16,7;7,15,24,25,18,17;7,16,18,9,8;9,17,16,25,26,19;9,18,26,27,20,10;10,19,27,21,11;11,20,27,22,12;12,21,27,28,23,13;13,22,28,24,14;14,23,28,25,16,15;16,24,28,26,18;18,25,28,27,19;19,26,28,22,21,20;22,27,26,25,24,23 appfree=1 rsstfree=1
p29.r5#2761 29 1,2,3,4,5,6;0,6,7,8,9,2;0,1,9,10,3;0,2,10,11,4;0,3,11,12,13,5;0,4,13,14,15,6;0,5,15,7,1;1,6,15,16,8;1,7,16,17,18,9;1,8,18,19,10,2;2,9,19,20,11,3;3,10,20,21,12,4;4,11,21,22,13;4,12,22,23,14,5;5,13,23,24,15;5,14,24,16,7,6;7,15,24,25,17,8;8,16,25,26,18;8,17,26,27,19,9;9,18,27,20,10;10,19,27,21,11;11,20,27,28,22,12;12,21,28,23,13;13,22,28,25,24,14;14,23,25,16,15;16,24,23,28,26,17;17,25,28,27,18;18,26,28,21,20,19;21,27,26,25,23,22 appfree=1 rsstfree=1
p29.r5#45170 29 1,2,3,4,5;0,5,6,7,8,2;0,1,8,9,10,11,3;0,2,11,12,4;0,3,12,13,5;0,4,13,14,6,1;1,5,14,15,7;1,6,15,16,8;1,7,16,17,9,2;2,8,17,18,10;2,9,18,19,11;2,10,19,20,12,3;3,11,20,21,13,4;4,12,21,22,14,5;5,13,22,23,15,6;6,14,23,24,25,16,7;7,15,25,17,8;8,16,25,26,18,9;9,17,26,19,10;10,18,26,27,28,20,11;11,19,28,21,12;12,20,28,22,13;13,21,28,27,23,14;14,22,27,24,15;15,23,27,26,25;15,24,26,17,16;17,25,24,27,19,18;19,26,24,23,22,28;19,27,22,21,20 appfree=1 rsstfree=1
p29.r5#45745 29 1,2,3,4,5,6;0,6,7,8,2;0,1,8,9,3;0,2,9,10,11,4;0,3,11,12,13,5;0,4,13,14,6;0,5,14,15,7,1;1,6,15,16,17,8;1,7,17,9,2;2,8,17,18,10,3;3,9,18,19,11;3,10,19,12,4;4,11,19,20,21,22,13;4,12,22,23,14,5;5,13,23,15,6;6,14,23,24,16,7;7,15,24,25,17;7,16,25,26,18,9,8;9,17,26,27,20,19,10;10,18,20,12,11;12,19,18,27,21;12,20,27,28,22;12,21,28,23,13;13,22,28,24,15,14;15,23,28,25,16;16,24,28,26,17;17,25,28,27,18;18,26,28,21,20;21,27,26,25,24,23,22 appfree=1 rsstfree=1
p29.r5#47735 29 1,2,3,4,5;0,5,6,7,8,2;0,1,8,9,3;0,2,9,10,4;0,3,10,11,12,5;0,4,12,13,6,1;1,5,13,14,15,7;1,6,15,16,17,8;1,7,17,18,9,2;2,8,18,19,10,3;3,9,19,20,11,4;4,10,20,21,12;4,11,21,22,13,5;5,12,22,14,6;6,13,22,23,15;6,14,23,24,16,7;7,15,24,25,17;7,16,25,18,8;8,17,25,19,9;9,18,25,26,20,10;10,19,26,27,21,11;11,20,27,22,12;12,21,27,23,14,13;14,22,27,28,24,15;15,23,28,25,16;16,24,28,26,19,18,17;19,25,28,27,20;20,26,28,23,22,21;23,27,26,25,24 appfree=1 rsstfree=1
p29.r5#47945 29 1,2,3,4,5;0,5,6,7,8,2;0,1,8,9,3;0,2,9,10,4;0,3,10,11,12,5;0,4,12,13,6,1;1,5,13,14,15,7;1,6,15,16,17,8;1,7,17,18,9,2;2,8,18,19,10,3;3,9,19,20,21,11,4;4,10,21,22,12;4,11,22,23,13,5;5,12,23,14,6;6,13,23,24,15;6,14,24,25,16,7;7,15,25,26,17;7,16,26,18,8;8,17,26,19,9;9,18,26,20,10;10,19,26,27,28,21;10,20,28,22,11;11,21,28,23,12;12,22,28,24,14,13;14,23,28,27,25,15;15,24,27,26,16;16,25,27,20,19,18,17;20,26,25,24,28;20,27,24,23,22,21 appfree=1 rsstfree=1
p29.r5#53970 29 1,2,3,4,5;0,5,6,7,8,9,2;0,1,9,10,3;0,2,10,11,12,13,4;0,3,13,14,15,5;0,4,15,6,1;1,5,15,16,7;1,6,16,17,18,8;1,7,18,19,9;1,8,19,20,10,2;2,9,20,11,3;3,10,20,21,12;3,11,21,22,13;3,12,22,14,4;4,13,22,23,15;4,14,23,24,16,6,5;6,15,24,17,7;7,16,24,25,26,18;7,17,26,19,8;8,18,26,27,20,9;9,19,27,21,11,10;11,20,27,28,22,12;12,21,28,25,23,14,13;14,22,25,24,15;15,23,25,17,16;17,24,23,22,28,26;17,25,28,27,19,18;19,26,28,21,20;21,27,26,25,22 appfree=1 rsstfree=1
p29.r5#54887 29 1,2,3,4,5,6;0,6,7,8,9,10,2;0,1,10,11,12,3;0,2,12,13,4;0,3,13,14,5;0,4,14,15,16,17,6;0,5,17,7,1;1,6,17,18,8;1,7,18,19,9;1,8,19,20,10;1,9,20,21,11,2;2,10,21,22,12;2,11,22,23,13,3;3,12,23,14,4;4,13,23,24,15,5;5,14,24,25,16;5,15,25,18,17;5,16,18,7,6;7,17,16,25,26,19,8;8,18,26,20,9;9,19,26,27,28,21,10;10,20,28,22,11;11,21,28,23,12;12,22,28,24,14,13;14,23,28,27,25,15;15,24,27,26,18,16;18,25,27,20,19;20,26,25,24,28;20,27,24,23,22,21 appfree=1 rsstfree=1
p29.r5#64407 29 1,2,3,4,5,6;0,6,7,8,9,2;0,1,9,10,3;0,2,10,11,4;0,3,11,12,13,5;0,4,13,14,6;0,5,14,15,7,1;1,6,15,16,8;1,7,16,17,9;1,8,17,18,19,10,2;2,9,19,11,3;3,10,19,20,12,4;4,11,20,21,13;4,12,21,22,23,14,5;5,13,23,15,6;6,14,23,24,25,16,7;7,15,25,17,8;8,16,25,26,27,18,9;9,17,27,28,19;9,18,28,20,11,10;11,19,28,21,12;12,20,28,22,13;13,21,28,27,26,24,23;13,22,24,15,14;15,23,22,26,25;15,24,26,17,16;17,25,24,22,27;17,26,22,28,18;18,27,22,21,20,19 appfree=1 rsstfree=1
p29.r5#65429 29 1,2,3,4,5;0,5,6,7,8,9,2;0,1,9,10,3;0,2,10,11,12,4;0,3,12,13,14,15,5;0,4,15,6,1;1,5,15,16,7;1,6,16,17,8;1,7,17,18,9;1,8,18,19,10,2;2,9,19,20,11,3;3,10,20,21,12;3,11,21,22,13,4;4,12,22,23,14;4,13,23,16,15;4,14,16,6,5;6,15,14,23,24,17,7;7,16,24,25,18,8;8,17,25,26,19,9;9,18,26,27,20,10;10,19,27,21,11;11,20,27,22,12;12,21,27,28,24,23,13;13,22,24,16,14;16,23,22,28,25,17;17,24,28,26,18;18,25,28,27,19;19,26,28,22,21,20;22,27,26,25,24 appfree=1 rsstfree=1
p29.r5#65658 29 1,2,3,4,5;0,5,6,7,8,2;0,1,8,9,3;0,2,9,10,4;0,3,10,11,12,13,5;0,4,13,14,6,1;1,5,14,15,7;1,6,15,16,8;1,7,16,17,9,2;2,8,17,18,19,10,3;3,9,19,11,4;4,10,19,20,12;4,11,20,21,13;4,12,21,14,5;5,13,21,22,15,6;6,14,22,23,24,16,7;7,15,24,17,8;8,16,24,25,18,9;9,17,25,26,19;9,18,26,20,11,10;11,19,26,27,28,21,12;12,20,28,22,14,13;14,21,28,23,15;15,22,28,27,24;15,23,27,25,17,16;17,24,27,26,18;18,25,27,20,19;20,26,25,24,23,28;20,27,23,22,21 appfree=1 rsstfree=1
p29.r5#67087 29 1,2,3,4,5;0,5,6,7,8,9,2;0,1,9,10,3;0,2,10,11,12,13,4;0,3,13,14,5;0,4,14,6,1;1,5,14,15,16,7;1,6,16,17,8;1,7,17,18,19,9;1,8,19,10,2;2,9,19,20,11,3;3,10,20,21,22,12;3,11,22,23,13;3,12,23,14,4;4,13,23,24,15,6,5;6,14,24,25,26,16;6,15,26,17,7;7,16,26,18,8;8,17,26,27,28,19;8,18,28,20,10,9;10,19,28,21,11;11,20,28,27,22;11,21,27,25,24,23,12;12,22,24,14,13;14,23,22,25,15;15,24,22,27,26;15,25,27,18,17,16;18,26,25,22,21,28;18,27,21,20,19 appfree=1 rsstfree=1
p29.r5#67097 29 1,2,3,4,5,6;0,6,7,8,2;0,1,8,9,3;0,2,9,10,11,12,4;0,3,12,13,5;0,4,13,14,6;0,5,14,15,16,7,1;1,6,16,17,18,8;1,7,18,9,2;2,8,18,19,10,3;3,9,19,20,11;3,10,20,21,12;3,11,21,13,4;4,12,21,22,23,14,5;5,13,23,15,6;6,14,23,24,16;6,15,24,17,7;7,16,24,25,26,18;7,17,26,19,9,8;9,18,26,27,20,10;10,19,27,28,22,21,11;11,20,22,13,12;13,21,20,28,23;13,22,28,24,15,14;15,23,28,25,17,16;17,24,28,27,26;17,25,27,19,18;19,26,25,28,20;20,27,25,24,23,22 appfree=1 rsstfree=1
p29.r5#67098 29 1,2,3,4,5;0,5,6,7,8,9,2;0,1,9,10,3;0,2,10,11,12,13,4;0,3,13,14,5;0,4,14,6,1;1,5,14,15,16,7;1,6,16,17,8;1,7,17,18,19,9;1,8,19,10,2;2,9,19,20,11,3;3,10,20,21,12;3,11,21,22,13;3,12,22,14,4;4,13,22,23,15,6,5;6,14,23,24,25,16;6,15,25,17,7;7,16,25,18,8;8,17,25,26,27,19;8,18,27,20,10,9;10,19,27,28,21,11;11,20,28,24,23,22,12;12,21,23,14,13;14,22,21,24,15;15,23,21,28,26,25;15,24,26,18,17,16;18,25,24,28,27;18,26,28,20,19;20,27,26,24,21 appfree=1 rsstfree=1
p29.r5#69710 29 1,2,3,4,5,6;0,6,7,8,2;0,1,8,9,10,11,3;0,2,11,12,4;0,3,12,13,5;0,4,13,14,15,6;0,5,15,16,7,1;1,6,16,17,18,8;1,7,18,9,2;2,8,18,19,10;2,9,19,20,11;2,10,20,12,3;3,11,20,21,22,13,4;4,12,22,14,5;5,13,22,23,24,15;5,14,24,16,6;6,15,24,17,7;7,16,24,25,18;7,17,25,26,19,9,8;9,18,26,27,20,10;10,19,27,21,12,11;12,20,27,23,22;12,21,23,14,13;14,22,21,27,28,24;14,23,28,25,17,16,15;17,24,28,26,18;18,25,28,27,19;19,26,28,23,21,20;23,27,26,25,24 appfree=1 rsstfree=1
p29.r5#116447 29 1,2,3,4,5,6;0,6,7,8,9,10,2;0,1,10,11,3;0,2,11,12,13,4;0,3,13,14,5;0,4,14,15,16,6;0,5,16,7,1;1,6,16,17,8;1,7,17,18,9;1,8,18,19,10;1,9,19,20,11,2;2,10,20,21,12,3;3,11,21,22,23,24,13;3,12,24,14,4;4,13,24,15,5;5,14,24,25,17,16;5,15,17,7,6;7,16,15,25,26,27,18,8;8,17,27,19,9;9,18,27,28,20,10;10,19,28,21,11;11,20,28,22,12;12,21,28,27,26,23;12,22,26,25,24;12,23,25,15,14,13;15,24,23,26,17;17,25,23,22,27;17,26,22,28,19,18;19,27,22,21,20 appfree=1 rsstfree=1
p29.r6#3887 29 1,2,3,4,5,6;0,6,7,8,2;0,1,8,9,3;0,2,9,10,11,12,4;0,3,12,13,14,5;0,4,14,15,6;0,5,15,16,7,1;1,6,16,17,18,8;1,7,18,9,2;2,8,18,19,10,3;3,9,19,20,11;3,10,20,21,12;3,11,21,13,4;4,12,21,22,23,24,14;4,13,24,15,5;5,14,24,25,26,16,6;6,15,26,17,7;7,16,26,27,28,18;7,17,28,19,9,8;9,18,28,20,10;10,19,28,27,22,21,11;11,20,22,13,12;13,21,20,27,23;13,22,27,25,24;13,23,25,15,14;15,24,23,27,26;15,25,27,17,16;17,26,25,23,22,20,28;17,27,20,19,18 appfree=1 rsstfree=1
p29.r6#4352 29 1,2,3,4,5,6,7;0,7,8,9,2;0,1,9,10,3;0,2,10,11,4;0,3,11,12,13,5;0,4,13,14,6;0,5,14,15,7;0,6,15,16,8,1;1,7,16,17,18,9;1,8,18,19,10,2;2,9,19,20,11,3;3,10,20,21,12,4;4,11,21,22,13;4,12,22,23,24,14,5;5,13,24,15,6;6,14,24,25,26,16,7;7,15,26,17,8;8,16,26,27,18;8,17,27,28,19,9;9,18,28,20,10;10,19,28,21,11;11,20,28,27,22,12;12,21,27,23,13;13,22,27,25,24;13,23,25,15,14;15,24,23,27,26;15,25,27,17,16;17,26,25,23,22,21,28,18;18,27,21,20,19 appfree=1 rsstfree=1
p29.r6#4366 29 1,2,3,4,5,6;0,6,7,8,9,2;0,1,9,10,3;0,2,10,11,12,4;0,3,12,13,5;0,4,13,14,6;0,5,14,15,7,1;1,6,15,16,8;1,7,16,17,18,19,9;1,8,19,10,2;2,9,19,20,21,11,3;3,10,21,22,12;3,11,22,23,13,4;4,12,23,24,14,5;5,13,24,25,15,6;6,14,25,26,16,7;7,15,26,17,8;8,16,26,27,18;8,17,27,20,19;8,18,20,10,9;10,19,18,27,21;10,20,27,22,11;11,21,27,23,12;12,22,27,28,24,13;13,23,28,25,14;14,24,28,26,15;15,25,28,27,17,16;17,26,28,23,22,21,20,18;23,27,26,25,24 appfree=1 rsstfree=1
p29.r6#4755 29 1,2,3,4,5,6;0,6,7,8,2;0,1,8,9,10,3;0,2,10,11,4;0,3,11,12,13,14,5;0,4,14,15,6;0,5,15,16,7,1;1,6,16,17,18,8;1,7,18,9,2;2,8,18,19,20,10;2,9,20,11,3;3,10,20,21,12,4;4,11,21,22,13;4,12,22,23,24,14;4,13,24,15,5;5,14,24,25,26,16,6;6,15,26,17,7;7,16,26,27,18;7,17,27,19,9,8;9,18,27,28,20;9,19,28,21,11,10;11,20,28,22,12;12,21,28,23,13;13,22,28,27,25,24;13,23,25,15,14;15,24,23,27,26;15,25,27,17,16;17,26,25,23,28,19,18;19,27,23,22,21,20 appfree=1 rsstfree=1
p29.r6#5894 29 1,2,3,4,5;0,5,6,7,8,9,10,2;0,1,10,11,3;0,2,11,12,4;0,3,12,13,14,15,5;0,4,15,6,1;1,5,15,16,7;1,6,16,17,8;1,7,17,18,9;1,8,18,19,10;1,9,19,20,11,2;2,10,20,21,12,3;3,11,21,22,13,4;4,12,22,23,14;4,13,23,16,15;4,14,16,6,5;6,15,14,23,24,25,17,7;7,16,25,18,8;8,17,25,26,27,19,9;9,18,27,20,10;10,19,27,28,21,11;11,20,28,22,12;12,21,28,24,23,13;13,22,24,16,14;16,23,22,28,26,25;16,24,26,18,17;18,25,24,28,27;18,26,28,20,19;20,27,26,24,22,21 appfree=1 rsstfree=1
p29.r6#6803 29 1,2,3,4,5;0,5,6,7,8,2;0,1,8,9,10,3;0,2,10,11,4;0,3,11,12,5;0,4,12,13,14,6,1;1,5,14,15,7;1,6,15,16,17,8;1,7,17,9,2;2,8,17,18,19,20,10;2,9,20,21,11,3;3,10,21,22,12,4;4,11,22,23,13,5;5,12,23,24,25,14;5,13,25,15,6;6,14,25,16,7;7,15,25,26,18,17;7,16,18,9,8;9,17,16,26,19;9,18,26,27,20;9,19,27,21,10;10,20,27,28,22,11;11,21,28,23,12;12,22,28,24,13;13,23,28,27,26,25;13,24,26,16,15,14;16,25,24,27,19,18;19,26,24,28,21,20;21,27,24,23,22 appfree=1 rsstfree=1
p29.r6#8792 29 1,2,3,4,5,6;0,6,7,8,9,2;0,1,9,10,3;0,2,10,11,12,4;0,3,12,13,5;0,4,13,14,6;0,5,14,15,7,1;1,6,15,16,8;1,7,16,17,18,9;1,8,18,10,2;2,9,18,19,20,11,3;3,10,20,21,12;3,11,21,22,13,4;4,12,22,23,14,5;5,13,23,24,15,6;6,14,24,16,7;7,15,24,25,17,8;8,16,25,26,19,18;8,17,19,10,9;10,18,17,26,27,20;10,19,27,21,11;11,20,27,22,12;12,21,27,28,23,13;13,22,28,24,14;14,23,28,25,16,15;16,24,28,26,17;17,25,28,27,19;19,26,28,22,21,20;22,27,26,25,24,23 appfree=1 rsstfree=1
p29.r6#9889 29 1,2,3,4,5,6;0,6,7,8,9,2;0,1,9,10,3;0,2,10,11,12,4;0,3,12,13,5;0,4,13,14,6;0,5,14,15,7,1;1,6,15,16,17,8;1,7,17,18,19,9;1,8,19,10,2;2,9,19,11,3;3,10,19,20,21,12;3,11,21,22,13,4;4,12,22,23,14,5;5,13,23,24,15,6;6,14,24,16,7;7,15,24,25,17;7,16,25,26,18,8;8,17,26,27,20,19;8,18,20,11,10,9;11,19,18,27,21;11,20,27,22,12;12,21,27,28,23,13;13,22,28,25,24,14;14,23,25,16,15;16,24,23,28,26,17;17,25,28,27,18;18,26,28,22,21,20;22,27,26,25,23 appfree=1 rsstfree=1
p29.r6#9910 29 1,2,3,4,5,6;0,6,7,8,9,2;0,1,9,10,3;0,2,10,11,4;0,3,11,12,13,5;0,4,13,14,6;0,5,14,7,1;1,6,14,15,16,8;1,7,16,17,18,9;1,8,18,19,10,2;2,9,19,11,3;3,10,19,20,21,12,4;4,11,21,22,13;4,12,22,23,14,5;5,13,23,15,7,6;7,14,23,24,16;7,15,24,17,8;8,16,24,25,26,18;8,17,26,19,9;9,18,26,20,11,10;11,19,26,27,21;11,20,27,22,12;12,21,27,28,23,13;13,22,28,24,15,14;15,23,28,25,17,16;17,24,28,27,26;17,25,27,20,19,18;20,26,25,28,22,21;22,27,25,24,23 appfree=1 rsstfree=1
p29.r6#19721 29 1,2,3,4,5;0,5,6,7,8,9,2;0,1,9,10,3;0,2,10,11,12,13,4;0,3,13,14,5;0,4,14,15,6,1;1,5,15,16,7;1,6,16,17,18,8;1,7,18,19,9;1,8,19,10,2;2,9,19,11,3;3,10,19,20,12;3,11,20,21,22,13;3,12,22,14,4;4,13,22,23,24,15,5;5,14,24,16,6;6,15,24,17,7;7,16,24,25,26,18;7,17,26,27,19,8;8,18,27,20,11,10,9;11,19,27,21,12;12,20,27,28,23,22;12,21,23,14,13;14,22,21,28,25,24;14,23,25,17,16,15;17,24,23,28,26;17,25,28,27,18;18,26,28,21,20,19;21,27,26,25,23 appfree=1 rsstfree=1
p29.r6#19726 29 1,2,3,4,5;0,5,6,7,8,9,2;0,1,9,10,3;0,2,10,11,12,13,4;0,3,13,14,5;0,4,14,6,1;1,5,14,15,7;1,6,15,16,17,8;1,7,17,18,9;1,8,18,10,2;2,9,18,11,3;3,10,18,19,12;3,11,19,20,21,13;3,12,21,22,14,4;4,13,22,23,15,6,5;6,14,23,16,7;7,15,23,24,25,17;7,16,25,26,18,8;8,17,26,19,11,10,9;11,18,26,20,12;12,19,26,27,28,21;12,20,28,22,13;13,21,28,23,14;14,22,28,24,16,15;16,23,28,27,25;16,24,27,26,17;17,25,27,20,19,18;20,26,25,24,28;20,27,24,23,22,21 appfree=1 rsstfree=1
p29.r6#20706 29 1,2,3,4,5,6;0,6,7,8,2;0,1,8,9,3;0,2,9,10,11,4;0,3,11,12,5;0,4,12,13,6;0,5,13,14,15,7,1;1,6,15,16,8;1,7,16,17,18,9,2;2,8,18,10,3;3,9,18,19,20,11;3,10,20,21,12,4;4,11,21,13,5;5,12,21,22,14,6;6,13,22,23,15;6,14,23,24,16,7;7,15,24,25,17,8;8,16,25,19,18;8,17,19,10,9;10,18,17,25,26,27,20;10,19,27,21,11;11,20,27,28,22,13,12;13,21,28,23,14;14,22,28,24,15;15,23,28,26,25,16;16,24,26,19,17;19,25,24,28,27;19,26,28,21,20;21,27,26,24,23,22 appfree=1 rsstfree=1
p29.r6#29809 29 1,2,3,4,5,6;0,6,7,8,9,2;0,1,9,10,3;0,2,10,11,12,4;0,3,12,13,5;0,4,13,14,15,6;0,5,15,16,7,1;1,6,16,17,18,8;1,7,18,19,20,9;1,8,20,10,2;2,9,20,11,3;3,10,20,21,22,12;3,11,22,13,4;4,12,22,14,5;5,13,22,23,24,15;5,14,24,16,6;6,15,24,17,7;7,16,24,25,26,18;7,17,26,19,8;8,18,26,27,20;8,19,27,21,11,10,9;11,20,27,28,22;11,21,28,23,14,13,12;14,22,28,25,24;14,23,25,17,16,15;17,24,23,28,27,26;17,25,27,19,18;19,26,25,28,21,20;21,27,25,23,22 appfree=1 rsstfree=1
p29.r6#30047 29 1,2,3,4,5;0,5,6,7,8,9,2;0,1,9,10,11,3;0,2,11,12,13,4;0,3,13,14,5;0,4,14,6,1;1,5,14,15,7;1,6,15,16,17,8;1,7,17,18,19,9;1,8,19,10,2;2,9,19,20,21,22,11;2,10,22,12,3;3,11,22,23,13;3,12,23,24,14,4;4,13,24,25,15,6,5;6,14,25,16,7;7,15,25,26,27,17;7,16,27,18,8;8,17,27,28,20,19;8,18,20,10,9;10,19,18,28,21;10,20,28,23,22;10,21,23,12,11;12,22,21,28,26,24,13;13,23,26,25,14;14,24,26,16,15;16,25,24,23,28,27;16,26,28,18,17;18,27,26,23,21,20 appfree=1 rsstfree=1
p29.r6#32521 29 1,2,3,4,5,6;0,6,7,8,9,10,2;0,1,10,11,3;0,2,11,12,13,4;0,3,13,14,15,5;0,4,15,16,6;0,5,16,7,1;1,6,16,17,8;1,7,17,18,9;1,8,18,19,20,10;1,9,20,11,2;2,10,20,21,12,3;3,11,21,22,13;3,12,22,14,4;4,13,22,23,24,15;4,14,24,16,5;5,15,24,25,17,7,6;7,16,25,18,8;8,17,25,26,27,19,9;9,18,27,28,20;9,19,28,21,11,10;11,20,28,23,22,12;12,21,23,14,13;14,22,21,28,27,26,24;14,23,26,25,16,15;16,24,26,18,17;18,25,24,23,27;18,26,23,28,19;19,27,23,21,20 appfree=1 rsstfree=1
p29.r6#32672 29 1,2,3,4,5;0,5,6,7,8,2;0,1,8,9,3;0,2,9,10,4;0,3,10,11,12,5;0,4,12,13,6,1;1,5,13,14,7;1,6,14,15,16,8;1,7,16,17,9,2;2,8,17,18,10,3;3,9,18,19,11,4;4,10,19,20,12;4,11,20,21,13,5;5,12,21,14,6;6,13,21,22,15,7;7,14,22,23,16;7,15,23,24,17,8;8,16,24,18,9;9,17,24,25,19,10;10,18,25,26,20,11;11,19,26,27,21,12;12,20,27,22,14,13;14,21,27,23,15;15,22,27,28,24,16;16,23,28,25,18,17;18,24,28,26,19;19,25,28,27,20;20,26,28,23,22,21;23,27,26,25,24 appfree=1 rsstfree=1
p29.r6#32704 29 1,2,3,4,5;0,5,6,7,8,2;0,1,8,9,3;0,2,9,10,4;0,3,10,11,12,5;0,4,12,13,6,1;1,5,13,14,7;1,6,14,15,8;1,7,15,16,17,9,2;2,8,17,18,10,3;3,9,18,19,11,4;4,10,19,20,12;4,11,20,13,5;5,12,20,21,14,6;6,13,21,22,15,7;7,14,22,23,16,8;8,15,23,24,17;8,16,24,18,9;9,17,24,25,19,10;10,18,25,26,20,11;11,19,26,27,21,13,12;13,20,27,22,14;14,21,27,23,15;15,22,27,28,24,16;16,23,28,25,18,17;18,24,28,26,19;19,25,28,27,20;20,26,28,23,22,21;23,27,26,25,24 appfree=1 rsstfree=1
p29.r6#36190 29 1,2,3,4,5;0,5,6,7,8,2;0,1,8,9,10,3;0,2,10,11,12,4;0,3,12,13,5;0,4,13,6,1;1,5,13,14,15,16,7;1,6,16,17,8;1,7,17,9,2;2,8,17,18,19,10;2,9,19,11,3;3,10,19,20,21,12;3,11,21,22,13,4;4,12,22,14,6,5;6,13,22,23,24,15;6,14,24,25,16;6,15,25,18,17,7;7,16,18,9,8;9,17,16,25,26,27,19;9,18,27,20,11,10;11,19,27,28,21;11,20,28,23,22,12;12,21,23,14,13;14,22,21,28,26,24;14,23,26,25,15;15,24,26,18,16;18,25,24,23,28,27;18,26,28,20,19;20,27,26,23,21 appfree=1 rsstfree=1
p29.r6#36521 29 1,2,3,4,5,6;0,6,7,8,9,2;0,1,9,10,3;0,2,10,11,4;0,3,11,12,13,5;0,4,13,14,6;0,5,14,15,7,1;1,6,15,16,8;1,7,16,17,18,9;1,8,18,10,2;2,9,18,19,20,21,11,3;3,10,21,12,4;4,11,21,22,23,13;4,12,23,24,25,14,5;5,13,25,15,6;6,14,25,26,16,7;7,15,26,17,8;8,16,26,27,19,18;8,17,19,10,9;10,18,17,27,20;10,19,27,22,21;10,20,22,12,11;12,21,20,27,28,23;12,22,28,24,13;13,23,28,26,25;13,24,26,15,14;15,25,24,28,27,17,16;17,26,28,22,20,19;22,27,26,24,23 appfree=1 rsstfree=1
p29.r6#37739 29 1,2,3,4,5,6;0,6,7,8,9,2;0,1,9,10,3;0,2,10,11,12,4;0,3,12,13,14,5;0,4,14,15,6;0,5,15,16,7,1;1,6,16,17,8;1,7,17,18,19,20,9;1,8,20,10,2;2,9,20,11,3;3,10,20,21,22,12;3,11,22,23,13,4;4,12,23,24,25,14;4,13,25,15,5;5,14,25,16,6;6,15,25,26,17,7;7,16,26,18,8;8,17,26,27,19;8,18,27,21,20;8,19,21,11,10,9;11,20,19,27,28,22;11,21,28,23,12;12,22,28,24,13;13,23,28,27,26,25;13,24,26,16,15,14;16,25,24,27,18,17;18,26,24,28,21,19;21,27,24,23,22 appfree=1 rsstfree=1
p29.r6#38201 29 1,2,3,4,5,6;0,6,7,8,2;0,1,8,9,3;0,2,9,10,11,4;0,3,11,12,13,5;0,4,13,14,6;0,5,14,15,7,1;1,6,15,16,8;1,7,16,17,18,9,2;2,8,18,19,10,3;3,9,19,20,21,11;3,10,21,22,12,4;4,11,22,23,24,13;4,12,24,14,5;5,13,24,15,6;6,14,24,25,16,7;7,15,25,17,8;8,16,25,26,27,18;8,17,27,19,9;9,18,27,20,10;10,19,27,26,28,21;10,20,28,22,11;11,21,28,23,12;12,22,28,26,25,24;12,23,25,15,14,13;15,24,23,26,17,16;17,25,23,28,20,27;17,26,20,19,18;20,26,23,22,21 appfree=1 rsstfree=1
p29.r6#38821 29 1,2,3,4,5,6;0,6,7,8,2;0,1,8,9,3;0,2,9,10,11,4;0,3,11,12,13,5;0,4,13,14,6;0,5,14,15,7,1;1,6,15,16,17,8;1,7,17,9,2;2,8,17,18,10,3;3,9,18,19,20,11;3,10,20,21,12,4;4,11,21,22,23,13;4,12,23,14,5;5,13,23,15,6;6,14,23,24,16,7;7,15,24,25,17;7,16,25,26,18,9,8;9,17,26,19,10;10,18,26,27,28,20;10,19,28,21,11;11,20,28,22,12;12,21,28,27,24,23;12,22,24,15,14,13;15,23,22,27,25,16;16,24,27,26,17;17,25,27,19,18;19,26,25,24,22,28;19,27,22,21,20 appfree=1 rsstfree=1
p29.r6#40552 29 1,2,3,4,5;0,5,6,7,8,2;0,1,8,9,10,3;0,2,10,11,12,4;0,3,12,13,5;0,4,13,14,6,1;1,5,14,15,16,7;1,6,16,17,8;1,7,17,18,9,2;2,8,18,19,20,10;2,9,20,11,3;3,10,20,21,12;3,11,21,22,13,4;4,12,22,23,14,5;5,13,23,15,6;6,14,23,24,25,16;6,15,25,17,7;7,16,25,18,8;8,17,25,26,19,9;9,18,26,27,20;9,19,27,21,11,10;11,20,27,28,22,12;12,21,28,23,13;13,22,28,24,15,14;15,23,28,26,25;15,24,26,18,17,16;18,25,24,28,27,19;19,26,28,21,20;21,27,26,24,23,22 appfree=1 rsstfree=1
p29.r6#45475 29 1,2,3,4,5;0,5,6,7,8,2;0,1,8,9,10,3;0,2,10,11,4;0,3,11,12,5;0,4,12,13,14,6,1;1,5,14,15,7;1,6,15,16,17,18,8;1,7,18,9,2;2,8,18,19,10;2,9,19,20,21,11,3;3,10,21,22,12,4;4,11,22,23,13,5;5,12,23,24,14;5,13,24,15,6;6,14,24,16,7;7,15,24,25,17;7,16,25,26,19,18;7,17,19,9,8;9,18,17,26,20,10;10,19,26,27,21;10,20,27,22,11;11,21,27,28,23,12;12,22,28,24,13;13,23,28,25,16,15,14;16,24,28,26,17;17,25,28,27,20,19;20,26,28,22,21;22,27,26,25,24,23 appfree=1 rsstfree=1
p29.r6#52526 29 1,2,3,4,5;0,5,6,7,8,9,2;0,1,9,10,3;0,2,10,11,12,4;0,3,12,13,14,5;0,4,14,6,1;1,5,14,15,7;1,6,15,16,8;1,7,16,17,9;1,8,17,18,10,2;2,9,18,19,11,3;3,10,19,20,12;3,11,20,21,13,4;4,12,21,22,14;4,13,22,23,15,6,5;6,14,23,24,16,7;7,15,24,25,17,8;8,16,25,26,18,9;9,17,26,27,19,10;10,18,27,20,11;11,19,27,21,12;12,20,27,28,22,13;13,21,28,23,14;14,22,28,24,15;15,23,28,25,16;16,24,28,26,17;17,25,28,27,18;18,26,28,21,20,19;21,27,26,25,24,23,22 appfree=1 rsstfree=1
p29.r6#67883 29 1,2,3,4,5,6;0,6,7,8,9,2;0,1,9,10,3;0,2,10,11,12,4;0,3,12,13,5;0,4,13,14,15,6;0,5,15,7,1;1,6,15,16,8;1,7,16,17,18,9;1,8,18,19,10,2;2,9,19,20,11,3;3,10,20,21,12;3,11,21,22,13,4;4,12,22,23,14,5;5,13,23,24,16,15;5,14,16,7,6;7,15,14,24,25,17,8;8,16,25,26,18;8,17,26,19,9;9,18,26,27,20,10;10,19,27,21,11;11,20,27,22,12;12,21,27,28,23,13;13,22,28,24,14;14,23,28,25,16;16,24,28,27,26,17;17,25,27,19,18;19,26,25,28,22,21,20;22,27,25,24,23 appfree=1 rsstfree=1
p29.r6#67905 29 1,2,3,4,5,6;0,6,7,8,2;0,1,8,9,10,3;0,2,10,11,4;0,3,11,12,13,5;0,4,13,14,6;0,5,14,15,7,1;1,6,15,16,8;1,7,16,9,2;2,8,16,17,18,10;2,9,18,19,11,3;3,10,19,12,4;4,11,19,20,21,13;4,12,21,22,14,5;5,13,22,23,15,6;6,14,23,24,25,16,7;7,15,25,17,9,8;9,16,25,26,27,18;9,17,27,19,10;10,18,27,20,12,11;12,19,27,28,21;12,20,28,22,13;13,21,28,23,14;14,22,28,24,15;15,23,28,26,25;15,24,26,17,16;17,25,24,28,27;17,26,28,20,19,18;20,27,26,24,23,22,21 appfree=1 rsstfree=1
p29.r7#3434 29 1,2,3,4,5,6;0,6,7,8,2;0,1,8,9,10,3;0,2,10,11,12,4;0,3,12,13,5;0,4,13,14,15,6;0,5,15,7,1;1,6,15,16,17,18,19,8;1,7,19,9,2;2,8,19,20,21,10;2,9,21,11,3;3,10,21,22,12;3,11,22,23,13,4;4,12,23,24,14,5;5,13,24,25,16,15;5,14,16,7,6;7,15,14,25,17;7,16,25,26,18;7,17,26,20,19;7,18,20,9,8;9,19,18,26,27,21;9,20,27,22,11,10;11,21,27,28,23,12;12,22,28,24,13;13,23,28,25,14;14,24,28,26,17,16;17,25,28,27,20,18;20,26,28,22,21;22,27,26,25,24,23 appfree=1 rsstfree=1
p29.r7#3478 29 1,2,3,4,5,6;0,6,7,8,9,2;0,1,9,10,3;0,2,10,11,12,4;0,3,12,13,14,5;0,4,14,15,6;0,5,15,16,7,1;1,6,16,17,8;1,7,17,18,19,20,9;1,8,20,10,2;2,9,20,11,3;3,10,20,21,22,12;3,11,22,13,4;4,12,22,23,14;4,13,23,24,15,5;5,14,24,25,16,6;6,15,25,26,17,7;7,16,26,18,8;8,17,26,27,19;8,18,27,21,20;8,19,21,11,10,9;11,20,19,27,22;11,21,27,23,13,12;13,22,27,28,24,14;14,23,28,25,15;15,24,28,26,16;16,25,28,27,18,17;18,26,28,23,22,21,19;23,27,26,25,24 appfree=1 rsstfree=1
p29.r7#5805 29 1,2,3,4,5;0,5,6,7,8,2;0,1,8,9,10,11,3;0,2,11,12,4;0,3,12,13,5;0,4,13,14,6,1;1,5,14,15,16,7;1,6,16,17,8;1,7,17,9,2;2,8,17,18,10;2,9,18,19,20,11;2,10,20,12,3;3,11,20,21,22,13,4;4,12,22,23,14,5;5,13,23,15,6;6,14,23,24,25,16;6,15,25,17,7;7,16,25,26,18,9,8;9,17,26,19,10;10,18,26,27,28,21,20;10,19,21,12,11;12,20,19,28,22;12,21,28,24,23,13;13,22,24,15,14;15,23,22,28,27,25;15,24,27,26,17,16;17,25,27,19,18;19,26,25,24,28;19,27,24,22,21 appfree=1 rsstfree=1
p29.r7#5806 29 1,2,3,4,5;0,5,6,7,8,2;0,1,8,9,10,11,3;0,2,11,12,4;0,3,12,13,5;0,4,13,14,6,1;1,5,14,15,16,7;1,6,16,17,8;1,7,17,9,2;2,8,17,18,10;2,9,18,19,20,11;2,10,20,12,3;3,11,20,21,22,13,4;4,12,22,23,14,5;5,13,23,15,6;6,14,23,24,16;6,15,24,25,17,7;7,16,25,26,18,9,8;9,17,26,19,10;10,18,26,27,28,21,20;10,19,21,12,11;12,20,19,28,22;12,21,28,24,23,13;13,22,24,15,14;15,23,22,28,27,25,16;16,24,27,26,17;17,25,27,19,18;19,26,25,24,28;19,27,24,22,21 appfree=1 rsstfree=1
p29.r7#6142 29 1,2,3,4,5,6,7;0,7,8,9,2;0,1,9,10,3;0,2,10,11,4;0,3,11,12,5;0,4,12,13,6;0,5,13,14,15,7;0,6,15,8,1;1,7,15,16,17,18,9;1,8,18,19,10,2;2,9,19,20,11,3;3,10,20,21,12,4;4,11,21,22,13,5;5,12,22,23,14,6;6,13,23,24,16,15;6,14,16,8,7;8,15,14,24,17;8,16,24,25,18;8,17,25,26,19,9;9,18,26,20,10;10,19,26,21,11;11,20,26,27,28,22,12;12,21,28,23,13;13,22,28,24,14;14,23,28,27,25,17,16;17,24,27,26,18;18,25,27,21,20,19;21,26,25,24,28;21,27,24,23,22 appfree=1 rsstfree=1
p29.r7#12618 29 1,2,3,4,5;0,5,6,7,2;0,1,7,8,3;0,2,8,9,10,4;0,3,10,11,12,5;0,4,12,13,6,1;1,5,13,14,15,7;1,6,15,16,8,2;2,7,16,17,9,3;3,8,17,18,19,10;3,9,19,20,11,4;4,10,20,21,22,12;4,11,22,13,5;5,12,22,14,6;6,13,22,21,23,15;6,14,23,24,25,16,7;7,15,25,17,8;8,16,25,26,18,9;9,17,26,27,19;9,18,27,20,10;10,19,27,28,21,11;11,20,28,23,14,22;11,21,14,13,12;14,21,28,24,15;15,23,28,26,25;15,24,26,17,16;17,25,24,28,27,18;18,26,28,20,19;20,27,26,24,23,21 appfree=1 rsstfree=1
p29.r7#23845 29 1,2,3,4,5,6;0,6,7,8,9,2;0,1,9,10,3;0,2,10,11,12,4;0,3,12,13,5;0,4,13,14,15,6;0,5,15,7,1;1,6,15,16,17,8;1,7,17,18,19,9;1,8,19,10,2;2,9,19,11,3;3,10,19,20,21,12;3,11,21,22,23,13,4;4,12,23,14,5;5,13,23,24,16,15;5,14,16,7,6;7,15,14,24,25,17;7,16,25,26,18,8;8,17,26,27,20,19;8,18,20,11,10,9;11,19,18,27,21;11,20,27,22,12;12,21,27,28,24,23;12,22,24,14,13;14,23,22,28,25,16;16,24,28,26,17;17,25,28,27,18;18,26,28,22,21,20;22,27,26,25,24 appfree=1 rsstfree=1
p29.r7#35480 29 1,2,3,4,5;0,5,6,7,2;0,1,7,8,3;0,2,8,9,10,11,4;0,3,11,12,5;0,4,12,13,14,6,1;1,5,14,15,16,7;1,6,16,17,8,2;2,7,17,18,9,3;3,8,18,19,10;3,9,19,20,11;3,10,20,12,4;4,11,20,13,5;5,12,20,21,14;5,13,21,22,15,6;6,14,22,23,16;6,15,23,24,17,7;7,16,24,25,18,8;8,17,25,19,9;9,18,25,26,27,20,10;10,19,27,21,13,12,11;13,20,27,28,22,14;14,21,28,23,15;15,22,28,24,16;16,23,28,26,25,17;17,24,26,19,18;19,25,24,28,27;19,26,28,21,20;21,27,26,24,23,22 appfree=1 rsstfree=1
p29.r7#47714 29 1,2,3,4,5;0,5,6,7,8,2;0,1,8,9,10,3;0,2,10,11,4;0,3,11,12,5;0,4,12,13,6,1;1,5,13,14,15,7;1,6,15,16,17,8;1,7,17,9,2;2,8,17,18,10;2,9,18,19,20,11,3;3,10,20,21,12,4;4,11,21,22,23,13,5;5,12,23,14,6;6,13,23,24,25,26,15;6,14,26,16,7;7,15,26,27,18,17;7,16,18,9,8;9,17,16,27,19,10;10,18,27,28,20;10,19,28,21,11;11,20,28,22,12;12,21,28,24,23;12,22,24,14,13;14,23,22,28,25;14,24,28,27,26;14,25,27,16,15;16,26,25,28,19,18;19,27,25,24,22,21,20 appfree=1 rsstfree=1
p29.r7#48025 29 1,2,3,4,5;0,5,6,7,8,9,2;0,1,9,10,3;0,2,10,11,12,13,4;0,3,13,14,5;0,4,14,6,1;1,5,14,15,7;1,6,15,16,17,8;1,7,17,18,19,9;1,8,19,10,2;2,9,19,20,11,3;3,10,20,21,22,12;3,11,22,23,13;3,12,23,14,4;4,13,23,24,15,6,5;6,14,24,16,7;7,15,24,25,26,27,17;7,16,27,18,8;8,17,27,28,19;8,18,28,20,10,9;10,19,28,21,11;11,20,28,26,22;11,21,26,25,23,12;12,22,25,24,14,13;14,23,25,16,15;16,24,23,22,26;16,25,22,21,28,27;16,26,28,18,17;18,27,26,21,20,19 appfree=1 rsstfree=1
p29.r7#50671 29 1,2,3,4,5,6;0,6,7,8,9,2;0,1,9,10,3;0,2,10,11,12,4;0,3,12,13,14,5;0,4,14,15,6;0,5,15,7,1;1,6,15,16,17,8;1,7,17,18,19,9;1,8,19,20,10,2;2,9,20,11,3;3,10,20,21,22,12;3,11,22,13,4;4,12,22,23,24,14;4,13,24,16,15,5;5,14,16,7,6;7,15,14,24,25,17;7,16,25,26,18,8;8,17,26,27,19;8,18,27,20,9;9,19,27,21,11,10;11,20,27,28,22;11,21,28,23,13,12;13,22,28,26,25,24;13,23,25,16,14;16,24,23,26,17;17,25,23,28,27,18;18,26,28,21,20,19;21,27,26,23,22 appfree=1 rsstfree=1
p29.r7#50683 29 1,2,3,4,5,6;0,6,7,8,9,10,2;0,1,10,11,3;0,2,11,12,13,4;0,3,13,14,15,5;0,4,15,16,6;0,5,16,7,1;1,6,16,17,18,8;1,7,18,19,9;1,8,19,20,21,22,10;1,9,22,11,2;2,10,22,12,3;3,11,22,23,24,13;3,12,24,14,4;4,13,24,25,26,15;4,14,26,17,16,5;5,15,17,7,6;7,16,15,26,27,18;7,17,27,19,8;8,18,27,20,9;9,19,27,25,28,21;9,20,28,23,22;9,21,23,12,11,10;12,22,21,28,24;12,23,28,25,14,13;14,24,28,20,27,26;14,25,27,17,15;17,26,25,20,19,18;20,25,24,23,21 appfree=1 rsstfree=1
p29.r7#50692 29 1,2,3,4,5,6;0,6,7,8,9,10,2;0,1,10,11,3;0,2,11,12,13,4;0,3,13,14,15,5;0,4,15,16,6;0,5,16,7,1;1,6,16,17,18,8;1,7,18,19,9;1,8,19,20,21,10;1,9,21,11,2;2,10,21,12,3;3,11,21,22,23,13;3,12,23,14,4;4,13,23,24,25,15;4,14,25,17,16,5;5,15,17,7,6;7,16,15,25,26,18;7,17,26,27,19,8;8,18,27,20,9;9,19,27,28,22,21;9,20,22,12,11,10;12,21,20,28,23;12,22,28,24,14,13;14,23,28,27,26,25;14,24,26,17,15;17,25,24,27,18;18,26,24,28,20,19;20,27,24,23,22 appfree=1 rsstfree=1
p29.r7#210577 29 1,2,3,4,5;0,5,6,7,8,2;0,1,8,9,3;0,2,9,10,4;0,3,10,11,12,5;0,4,12,13,6,1;1,5,13,14,7;1,6,14,15,16,8;1,7,16,17,9,2;2,8,17,18,19,10,3;3,9,19,20,11,4;4,10,20,21,12;4,11,21,22,23,13,5;5,12,23,14,6;6,13,23,24,25,15,7;7,14,25,26,16;7,15,26,17,8;8,16,26,18,9;9,17,26,27,19;9,18,27,20,10;10,19,27,28,21,11;11,20,28,22,12;12,21,28,24,23;12,22,24,14,13;14,23,22,28,25;14,24,28,26,15;15,25,28,27,18,17,16;18,26,28,20,19;20,27,26,25,24,22,21 appfree=1 rsstfree=1
p29.r8#6309 29 1,2,3,4,5;0,5,6,7,8,9,2;0,1,9,10,3;0,2,10,11,12,13,4;0,3,13,14,5;0,4,14,6,1;1,5,14,15,16,7;1,6,16,17,8;1,7,17,18,9;1,8,18,10,2;2,9,18,19,11,3;3,10,19,20,12;3,11,20,21,13;3,12,21,22,14,4;4,13,22,15,6,5;6,14,22,23,16;6,15,23,24,17,7;7,16,24,18,8;8,17,24,25,19,10,9;10,18,25,20,11;11,19,25,26,27,21,12;12,20,27,22,13;13,21,27,28,23,15,14;15,22,28,24,16;16,23,28,26,25,18,17;18,24,26,20,19;20,25,24,28,27;20,26,28,22,21;22,27,26,24,23 appfree=1 rsstfree=1
p29.r8#69212 29 1,2,3,4,5;0,5,6,7,2;0,1,7,8,9,10,3;0,2,10,11,4;0,3,11,12,13,5;0,4,13,14,6,1;1,5,14,15,16,17,7;1,6,17,18,8,2;2,7,18,19,9;2,8,19,20,10;2,9,20,11,3;3,10,20,21,12,4;4,11,21,22,13;4,12,22,14,5;5,13,22,15,6;6,14,22,23,24,16;6,15,24,25,17;6,16,25,18,7;7,17,25,26,19,8;8,18,26,20,9;9,19,26,27,28,21,11,10;11,20,28,22,12;12,21,28,23,15,14,13;15,22,28,27,24;15,23,27,26,25,16;16,24,26,18,17;18,25,24,27,20,19;20,26,24,23,28;20,27,23,22,21 appfree=1 rsstfree=1
p29.r8#73980 29 1,2,3,4,5,6;0,6,7,8,2;0,1,8,9,10,11,3;0,2,11,12,4;0,3,12,13,14,5;0,4,14,15,6;0,5,15,16,7,1;1,6,16,17,8;1,7,17,9,2;2,8,17,18,19,10;2,9,19,20,21,11;2,10,21,12,3;3,11,21,22,23,13,4;4,12,23,24,14;4,13,24,25,15,5;5,14,25,16,6;6,15,25,26,17,7;7,16,26,18,9,8;9,17,26,27,19;9,18,27,20,10;10,19,27,28,22,21;10,20,22,12,11;12,21,20,28,23;12,22,28,24,13;13,23,28,25,14;14,24,28,26,16,15;16,25,28,27,18,17;18,26,28,20,19;20,27,26,25,24,23,22 appfree=1 rsstfree=1
p29.r8#78007 29 1,2,3,4,5,6;0,6,7,8,9,10,2;0,1,10,11,3;0,2,11,12,4;0,3,12,13,14,15,5;0,4,15,16,6;0,5,16,7,1;1,6,16,17,18,8;1,7,18,19,9;1,8,19,20,10;1,9,20,11,2;2,10,20,21,22,12,3;3,11,22,13,4;4,12,22,23,14;4,13,23,24,15;4,14,24,17,16,5;5,15,17,7,6;7,16,15,24,25,18;7,17,25,19,8;8,18,25,26,27,20,9;9,19,27,21,11,10;11,20,27,28,22;11,21,28,23,13,12;13,22,28,26,24,14;14,23,26,25,17,15;17,24,26,19,18;19,25,24,23,28,27;19,26,28,21,20;21,27,26,23,22 appfree=1 rsstfree=1
p29.r8#78081 29 1,2,3,4,5,6;0,6,7,8,2;0,1,8,9,3;0,2,9,10,11,12,4;0,3,12,13,5;0,4,13,14,6;0,5,14,15,16,7,1;1,6,16,17,18,8;1,7,18,9,2;2,8,18,19,10,3;3,9,19,20,11;3,10,20,21,12;3,11,21,22,13,4;4,12,22,14,5;5,13,22,23,15,6;6,14,23,24,16;6,15,24,17,7;7,16,24,25,18;7,17,25,19,9,8;9,18,25,20,10;10,19,25,26,27,21,11;11,20,27,22,12;12,21,27,28,23,14,13;14,22,28,24,15;15,23,28,26,25,17,16;17,24,26,20,19,18;20,25,24,28,27;20,26,28,22,21;22,27,26,24,23 appfree=1 rsstfree=1
p29.r8#78109 29 1,2,3,4,5;0,5,6,7,8,9,2;0,1,9,10,3;0,2,10,11,4;0,3,11,12,13,14,5;0,4,14,6,1;1,5,14,15,16,7;1,6,16,17,8;1,7,17,18,19,9;1,8,19,20,10,2;2,9,20,21,22,11,3;3,10,22,12,4;4,11,22,23,13;4,12,23,24,14;4,13,24,15,6,5;6,14,24,25,26,16;6,15,26,17,7;7,16,26,18,8;8,17,26,27,28,19;8,18,28,20,9;9,19,28,21,10;10,20,28,27,23,22;10,21,23,12,11;12,22,21,27,25,24,13;13,23,25,15,14;15,24,23,27,26;15,25,27,18,17,16;18,26,25,23,21,28;18,27,21,20,19 appfree=1 rsstfree=1
p29.r8#78149 29 1,2,3,4,5;0,5,6,7,2;0,1,7,8,9,10,3;0,2,10,11,4;0,3,11,12,5;0,4,12,13,14,6,1;1,5,14,15,16,7;1,6,16,8,2;2,7,16,17,18,9;2,8,18,19,10;2,9,19,20,11,3;3,10,20,21,22,12,4;4,11,22,13,5;5,12,22,23,14;5,13,23,15,6;6,14,23,24,16;6,15,24,17,8,7;8,16,24,25,26,18;8,17,26,19,9;9,18,26,20,10;10,19,26,27,21,11;11,20,27,28,22;11,21,28,23,13,12;13,22,28,25,24,15,14;15,23,25,17,16;17,24,23,28,27,26;17,25,27,20,19,18;20,26,25,28,21;21,27,25,23,22 appfree=1 rsstfree=1
p29.r8#78168 29 1,2,3,4,5;0,5,6,7,8,9,2;0,1,9,10,3;0,2,10,11,12,13,14,4;0,3,14,15,5;0,4,15,6,1;1,5,15,16,7;1,6,16,17,8;1,7,17,18,19,9;1,8,19,20,10,2;2,9,20,11,3;3,10,20,21,12;3,11,21,22,13;3,12,22,23,14;3,13,23,15,4;4,14,23,24,16,6,5;6,15,24,25,17,7;7,16,25,26,18,8;8,17,26,27,19;8,18,27,20,9;9,19,27,21,11,10;11,20,27,26,22,12;12,21,26,28,23,13;13,22,28,24,15,14;15,23,28,25,16;16,24,28,26,17;17,25,28,22,21,27,18;18,26,21,20,19;22,26,25,24,23 appfree=1 rsstfree=1
p29.r8#78451 29 1,2,3,4,5;0,5,6,7,8,9,2;0,1,9,10,11,3;0,2,11,12,4;0,3,12,13,14,15,5;0,4,15,6,1;1,5,15,16,7;1,6,16,17,8;1,7,17,18,9;1,8,18,10,2;2,9,18,19,20,11;2,10,20,21,12,3;3,11,21,22,13,4;4,12,22,23,14;4,13,23,24,15;4,14,24,16,6,5;6,15,24,25,17,7;7,16,25,26,18,8;8,17,26,19,10,9;10,18,26,27,28,20;10,19,28,21,11;11,20,28,22,12;12,21,28,27,23,13;13,22,27,24,14;14,23,27,25,16,15;16,24,27,26,17;17,25,27,19,18;19,26,25,24,23,22,28;19,27,22,21,20 appfree=1 rsstfree=1
p29.r8#106187 29 1,2,3,4,5;0,5,6,7,8,2;0,1,8,9,10,3;0,2,10,11,12,4;0,3,12,13,14,5;0,4,14,6,1;1,5,14,15,16,7;1,6,16,17,8;1,7,17,9,2;2,8,17,18,19,10;2,9,19,20,21,11,3;3,10,21,22,12;3,11,22,13,4;4,12,22,23,14;4,13,23,15,6,5;6,14,23,24,25,16;6,15,25,26,17,7;7,16,26,18,9,8;9,17,26,27,19;9,18,27,20,10;10,19,27,28,21;10,20,28,22,11;11,21,28,24,23,13,12;13,22,24,15,14;15,23,22,28,27,25;15,24,27,26,16;16,25,27,18,17;18,26,25,24,28,20,19;20,27,24,22,21 appfree=1 rsstfree=1
p29.r8#108754 29 1,2,3,4,5;0,5,6,7,8,2;0,1,8,9,3;0,2,9,10,4;0,3,10,11,12,5;0,4,12,13,6,1;1,5,13,14,7;1,6,14,15,8;1,7,15,16,9,2;2,8,16,17,10,3;3,9,17,18,19,11,4;4,10,19,20,12;4,11,20,21,22,13,5;5,12,22,14,6;6,13,22,23,24,25,15,7;7,14,25,26,16,8;8,15,26,17,9;9,16,26,18,10;10,17,26,27,28,19;10,18,28,20,11;11,19,28,21,12;12,20,28,23,22;12,21,23,14,13;14,22,21,28,24;14,23,28,27,25;14,24,27,26,15;15,25,27,18,17,16;18,26,25,24,28;18,27,24,23,21,20,19 appfree=1 rsstfree=1
p29.r8#108776 29 1,2,3,4,5;0,5,6,7,8,2;0,1,8,9,10,3;0,2,10,11,12,4;0,3,12,13,5;0,4,13,6,1;1,5,13,14,15,7;1,6,15,16,8;1,7,16,17,18,9,2;2,8,18,19,10;2,9,19,11,3;3,10,19,20,21,12;3,11,21,22,13,4;4,12,22,14,6,5;6,13,22,23,24,15;6,14,24,25,16,7;7,15,25,17,8;8,16,25,26,18;8,17,26,19,9;9,18,26,27,20,11,10;11,19,27,28,23,21;11,20,23,22,12;12,21,23,14,13;14,22,21,20,28,24;14,23,28,25,15;15,24,28,27,26,17,16;17,25,27,19,18;19,26,25,28,20;20,27,25,24,23 appfree=1 rsstfree=1
p29.r8#313368 29 1,2,3,4,5;0,5,6,7,8,2;0,1,8,9,10,3;0,2,10,11,4;0,3,11,12,5;0,4,12,13,14,6,1;1,5,14,15,7;1,6,15,16,17,18,8;1,7,18,9,2;2,8,18,19,10;2,9,19,20,11,3;3,10,20,21,22,12,4;4,11,22,13,5;5,12,22,23,24,14;5,13,24,15,6;6,14,24,16,7;7,15,24,25,26,17;7,16,26,19,18;7,17,19,9,8;9,18,17,26,27,20,10;10,19,27,21,11;11,20,27,28,22;11,21,28,23,13,12;13,22,28,25,24;13,23,25,16,15,14;16,24,23,28,26;16,25,28,27,19,17;19,26,28,21,20;21,27,26,25,23,22 appfree=1 rsstfree=1
p29.r8#318637 29 1,2,3,4,5,6,7;0,7,8,9,2;0,1,9,10,11,3;0,2,11,12,13,4;0,3,13,14,5;0,4,14,15,6;0,5,15,16,7;0,6,16,8,1;1,7,16,17,18,9;1,8,18,19,10,2;2,9,19,20,21,11;2,10,21,12,3;3,11,21,22,13;3,12,22,23,14,4;4,13,23,24,15,5;5,14,24,25,16,6;6,15,25,17,8,7;8,16,25,26,18;8,17,26,27,19,9;9,18,27,20,10;10,19,27,28,22,21;10,20,22,12,11;12,21,20,28,23,13;13,22,28,24,14;14,23,28,26,25,15;15,24,26,17,16;17,25,24,28,27,18;18,26,28,20,19;20,27,26,24,23,22 appfree=1 rsstfree=1
p29.r8#343014 29 1,2,3,4,5;0,5,6,7,8,9,2;0,1,9,10,3;0,2,10,11,12,13,4;0,3,13,14,5;0,4,14,6,1;1,5,14,15,7;1,6,15,16,8;1,7,16,17,9;1,8,17,18,10,2;2,9,18,11,3;3,10,18,19,20,12;3,11,20,21,22,13;3,12,22,14,4;4,13,22,23,15,6,5;6,14,23,24,16,7;7,15,24,25,26,17,8;8,16,26,18,9;9,17,26,19,11,10;11,18,26,25,27,20;11,19,27,21,12;12,20,27,28,22;12,21,28,23,14,13;14,22,28,24,15;15,23,28,25,16;16,24,28,27,19,26;16,25,19,18,17;19,25,28,21,20;21,27,25,24,23,22 appfree=1 rsstfree=1
p29.r8#343015 29 1,2,3,4,5;0,5,6,7,8,9,2;0,1,9,10,3;0,2,10,11,12,13,4;0,3,13,14,5;0,4,14,6,1;1,5,14,15,7;1,6,15,16,8;1,7,16,17,18,9;1,8,18,19,10,2;2,9,19,11,3;3,10,19,20,21,12;3,11,21,22,23,13;3,12,23,14,4;4,13,23,24,15,6,5;6,14,24,16,7;7,15,24,25,26,17,8;8,16,26,27,18;8,17,27,19,9;9,18,27,20,11,10;11,19,27,26,28,21;11,20,28,22,12;12,21,28,25,23;12,22,25,24,14,13;14,23,25,16,15;16,24,23,22,28,26;16,25,28,20,27,17;17,26,20,19,18;20,26,25,22,21 appfree=1 rsstfree=1
p29.r9#2824 29 1,2,3,4,5,6;0,6,7,8,9,2;0,1,9,10,3;0,2,10,11,12,4;0,3,12,13,5;0,4,13,14,15,6;0,5,15,16,7,1;1,6,16,17,18,8;1,7,18,19,20,9;1,8,20,10,2;2,9,20,11,3;3,10,20,21,22,12;3,11,22,13,4;4,12,22,23,14,5;5,13,23,24,25,15;5,14,25,16,6;6,15,25,17,7;7,16,25,24,26,18;7,17,26,19,8;8,18,26,27,21,20;8,19,21,11,10,9;11,20,19,27,22;11,21,27,28,23,13,12;13,22,28,24,14;14,23,28,26,17,25;14,24,17,16,15;17,24,28,27,19,18;19,26,28,22,21;22,27,26,24,23 appfree=1 rsstfree=1
p29.r9#4823 29 1,2,3,4,5;0,5,6,7,8,9,2;0,1,9,10,3;0,2,10,11,12,4;0,3,12,13,14,5;0,4,14,15,6,1;1,5,15,16,7;1,6,16,17,8;1,7,17,18,9;1,8,18,10,2;2,9,18,19,11,3;3,10,19,20,12;3,11,20,21,13,4;4,12,21,22,14;4,13,22,15,5;5,14,22,23,16,6;6,15,23,24,17,7;7,16,24,25,18,8;8,17,25,19,10,9;10,18,25,26,27,20,11;11,19,27,21,12;12,20,27,28,22,13;13,21,28,23,15,14;15,22,28,24,16;16,23,28,26,25,17;17,24,26,19,18;19,25,24,28,27;19,26,28,21,20;21,27,26,24,23,22 appfree=1 rsstfree=1
p29.r9#10225 29 1,2,3,4,5;0,5,6,7,8,9,2;0,1,9,10,11,3;0,2,11,12,4;0,3,12,13,5;0,4,13,14,6,1;1,5,14,15,7;1,6,15,16,8;1,7,16,17,18,9;1,8,18,19,10,2;2,9,19,20,11;2,10,20,21,12,3;3,11,21,22,13,4;4,12,22,23,14,5;5,13,23,24,15,6;6,14,24,16,7;7,15,24,25,17,8;8,16,25,26,18;8,17,26,27,19,9;9,18,27,20,10;10,19,27,21,11;11,20,27,28,22,12;12,21,28,23,13;13,22,28,24,14;14,23,28,25,16,15;16,24,28,26,17;17,25,28,27,18;18,26,28,21,20,19;21,27,26,25,24,23,22 appfree=1 rsstfree=1
p29.r9#16441 29 1,2,3,4,5;0,5,6,7,8,9,2;0,1,9,10,3;0,2,10,11,4;0,3,11,12,13,14,5;0,4,14,6,1;1,5,14,15,16,17,7;1,6,17,18,8;1,7,18,19,20,21,9;1,8,21,10,2;2,9,21,22,23,11,3;3,10,23,12,4;4,11,23,24,13;4,12,24,15,14;4,13,15,6,5;6,14,13,24,25,16;6,15,25,26,17;6,16,26,18,7;7,17,26,19,8;8,18,26,27,20;8,19,27,22,21;8,20,22,10,9;10,21,20,27,28,24,23;10,22,24,12,11;12,23,22,28,25,15,13;15,24,28,26,16;16,25,28,27,19,18,17;19,26,28,22,20;22,27,26,25,24 appfree=1 rsstfree=1
p29.r9#16454 29 1,2,3,4,5;0,5,6,7,8,2;0,1,8,9,10,3;0,2,10,11,4;0,3,11,12,13,14,5;0,4,14,6,1;1,5,14,15,16,7;1,6,16,17,18,8;1,7,18,19,9,2;2,8,19,20,10;2,9,20,21,11,3;3,10,21,12,4;4,11,21,22,23,13;4,12,23,15,14;4,13,15,6,5;6,14,13,23,24,16;6,15,24,17,7;7,16,24,25,26,27,18;7,17,27,19,8;8,18,27,28,20,9;9,19,28,21,10;10,20,28,22,12,11;12,21,28,26,25,23;12,22,25,24,15,13;15,23,25,17,16;17,24,23,22,26;17,25,22,28,27;17,26,28,19,18;19,27,26,22,21,20 appfree=1 rsstfree=1
p29.r9#16474 29 1,2,3,4,5;0,5,6,7,8,9,10,2;0,1,10,11,3;0,2,11,12,4;0,3,12,13,14,15,5;0,4,15,6,1;1,5,15,16,17,7;1,6,17,18,8;1,7,18,19,9;1,8,19,20,21,10;1,9,21,11,2;2,10,21,22,23,12,3;3,11,23,13,4;4,12,23,24,14;4,13,24,16,15;4,14,16,6,5;6,15,14,24,25,17;6,16,25,18,7;7,17,25,26,27,19,8;8,18,27,20,9;9,19,27,28,22,21;9,20,22,11,10;11,21,20,28,23;11,22,28,24,13,12;13,23,28,26,25,16,14;16,24,26,18,17;18,25,24,28,27;18,26,28,20,19;20,27,26,24,23,22 appfree=1 rsstfree=1
p29.r9#16526 29 1,2,3,4,5;0,5,6,7,8,9,2;0,1,9,10,3;0,2,10,11,12,13,4;0,3,13,14,5;0,4,14,6,1;1,5,14,15,16,7;1,6,16,17,8;1,7,17,18,9;1,8,18,19,10,2;2,9,19,11,3;3,10,19,20,12;3,11,20,21,13;3,12,21,14,4;4,13,21,22,15,6,5;6,14,22,23,16;6,15,23,24,17,7;7,16,24,25,18,8;8,17,25,26,19,9;9,18,26,20,11,10;11,19,26,27,21,12;12,20,27,22,14,13;14,21,27,23,15;15,22,27,28,24,16;16,23,28,25,17;17,24,28,26,18;18,25,28,27,20,19;20,26,28,23,22,21;23,27,26,25,24 appfree=1 rsstfree=1
p29.r9#17064 29 1,2,3,4,5,6,7;0,7,8,9,2;0,1,9,10,11,3;0,2,11,12,4;0,3,12,13,5;0,4,13,14,6;0,5,14,15,7;0,6,15,16,8,1;1,7,16,17,9;1,8,17,18,19,10,2;2,9,19,20,11;2,10,20,21,12,3;3,11,21,22,13,4;4,12,22,23,14,5;5,13,23,24,25,15,6;6,14,25,16,7;7,15,25,26,17,8;8,16,26,18,9;9,17,26,27,19;9,18,27,20,10;10,19,27,21,11;11,20,27,28,22,12;12,21,28,23,13;13,22,28,24,14;14,23,28,27,26,25;14,24,26,16,15;16,25,24,27,18,17;18,26,24,28,21,20,19;21,27,24,23,22 appfree=1 rsstfree=1
p29.r9#17122 29 1,2,3,4,5;0,5,6,7,8,9,2;0,1,9,10,3;0,2,10,11,12,4;0,3,12,13,14,5;0,4,14,6,1;1,5,14,15,7;1,6,15,16,8;1,7,16,17,9;1,8,17,10,2;2,9,17,18,19,11,3;3,10,19,20,12;3,11,20,21,13,4;4,12,21,22,14;4,13,22,15,6,5;6,14,22,23,16,7;7,15,23,24,17,8;8,16,24,18,10,9;10,17,24,25,19;10,18,25,20,11;11,19,25,26,21,12;12,20,26,27,22,13;13,21,27,23,15,14;15,22,27,28,24,16;16,23,28,25,18,17;18,24,28,26,20,19;20,25,28,27,21;21,26,28,23,22;23,27,26,25,24 appfree=1 rsstfree=1
p29.r9#19257 29 1,2,3,4,5;0,5,6,7,8,2;0,1,8,9,3;0,2,9,10,11,12,4;0,3,12,13,5;0,4,13,14,6,1;1,5,14,15,7;1,6,15,16,17,8;1,7,17,18,19,9,2;2,8,19,10,3;3,9,19,20,11;3,10,20,21,12;3,11,21,13,4;4,12,21,22,14,5;5,13,22,23,24,15,6;6,14,24,16,7;7,15,24,25,26,17;7,16,26,18,8;8,17,26,27,19;8,18,27,20,10,9;10,19,27,28,21,11;11,20,28,22,13,12;13,21,28,23,14;14,22,28,25,24;14,23,25,16,15;16,24,23,28,27,26;16,25,27,18,17;18,26,25,28,20,19;20,27,25,23,22,21 appfree=1 rsstfree=1
p29.r9#19290 29 1,2,3,4,5,6;0,6,7,8,9,10,2;0,1,10,11,12,3;0,2,12,13,4;0,3,13,14,15,16,5;0,4,16,17,6;0,5,17,7,1;1,6,17,18,8;1,7,18,19,9;1,8,19,20,10;1,9,20,11,2;2,10,20,21,22,12;2,11,22,13,3;3,12,22,14,4;4,13,22,23,24,15;4,14,24,25,26,16;4,15,26,17,5;5,16,26,27,18,7,6;7,17,27,19,8;8,18,27,25,28,21,20,9;9,19,21,11,10;11,20,19,28,23,22;11,21,23,14,13,12;14,22,21,28,24;14,23,28,25,15;15,24,28,19,27,26;15,25,27,17,16;17,26,25,19,18;19,25,24,23,21 appfree=1 rsstfree=1
p29.r9#19418 29 1,2,3,4,5,6;0,6,7,8,9,10,2;0,1,10,11,3;0,2,11,12,13,4;0,3,13,14,15,5;0,4,15,16,6;0,5,16,7,1;1,6,16,17,8;1,7,17,18,9;1,8,18,19,10;1,9,19,11,2;2,10,19,20,12,3;3,11,20,21,22,13;3,12,22,14,4;4,13,22,23,24,25,15;4,14,25,16,5;5,15,25,26,17,7,6;7,16,26,27,18,8;8,17,27,28,19,9;9,18,28,20,11,10;11,19,28,21,12;12,20,28,27,23,22;12,21,23,14,13;14,22,21,27,24;14,23,27,26,25;14,24,26,16,15;16,25,24,27,17;17,26,24,23,21,28,18;18,27,21,20,19 appfree=1 rsstfree=1
p29.r9#23212 29 1,2,3,4,5,6,7;0,7,8,9,2;0,1,9,10,3;0,2,10,11,12,4;0,3,12,13,5;0,4,13,14,6;0,5,14,15,7;0,6,15,8,1;1,7,15,16,9;1,8,16,17,18,10,2;2,9,18,19,11,3;3,10,19,20,12;3,11,20,21,22,13,4;4,12,22,14,5;5,13,22,23,24,15,6;6,14,24,25,16,8,7;8,15,25,17,9;9,16,25,26,18;9,17,26,19,10;10,18,26,27,20,11;11,19,27,21,12;12,20,27,23,22;12,21,23,14,13;14,22,21,27,28,24;14,23,28,25,15;15,24,28,26,17,16;17,25,28,27,19,18;19,26,28,23,21,20;23,27,26,25,24 appfree=1 rsstfree=1
p29.r9#28237 29 1,2,3,4,5;0,5,6,7,8,2;0,1,8,9,3;0,2,9,10,4;0,3,10,11,12,5;0,4,12,13,6,1;1,5,13,14,15,16,7;1,6,16,17,8;1,7,17,18,9,2;2,8,18,19,10,3;3,9,19,20,21,11,4;4,10,21,22,23,12;4,11,23,13,5;5,12,23,14,6;6,13,23,22,24,15;6,14,24,25,16;6,15,25,26,17,7;7,16,26,27,18,8;8,17,27,19,9;9,18,27,20,10;10,19,27,26,28,21;10,20,28,22,11;11,21,28,24,14,23;11,22,14,13,12;14,22,28,25,15;15,24,28,26,16;16,25,28,20,27,17;17,26,20,19,18;20,26,25,24,22,21 appfree=1 rsstfree=1
p29.r9#90378 29 1,2,3,4,5;0,5,6,7,8,9,2;0,1,9,10,3;0,2,10,11,4;0,3,11,12,13,14,5;0,4,14,6,1;1,5,14,15,16,17,7;1,6,17,18,19,8;1,7,19,20,9;1,8,20,10,2;2,9,20,21,22,11,3;3,10,22,12,4;4,11,22,23,13;4,12,23,24,15,14;4,13,15,6,5;6,14,13,24,16;6,15,24,25,17;6,16,25,18,7;7,17,25,26,19;7,18,26,21,20,8;8,19,21,10,9;10,20,19,26,27,22;10,21,27,28,23,12,11;12,22,28,24,13;13,23,28,25,16,15;16,24,28,27,26,18,17;18,25,27,21,19;21,26,25,28,22;22,27,25,24,23 appfree=1 rsstfree=1
p29.r9#92084 29 1,2,3,4,5,6;0,6,7,8,2;0,1,8,9,10,3;0,2,10,11,4;0,3,11,12,13,5;0,4,13,14,6;0,5,14,15,7,1;1,6,15,16,8;1,7,16,17,9,2;2,8,17,18,19,10;2,9,19,11,3;3,10,19,20,21,12,4;4,11,21,22,23,13;4,12,23,14,5;5,13,23,15,6;6,14,23,24,16,7;7,15,24,25,26,17,8;8,16,26,18,9;9,17,26,27,19;9,18,27,20,11,10;11,19,27,28,21;11,20,28,22,12;12,21,28,25,24,23;12,22,24,15,14,13;15,23,22,25,16;16,24,22,28,27,26;16,25,27,18,17;18,26,25,28,20,19;20,27,25,22,21 appfree=1 rsstfree=1
p29.r9#96624 29 1,2,3,4,5;0,5,6,7,8,9,2;0,1,9,10,11,3;0,2,11,12,4;0,3,12,13,5;0,4,13,14,6,1;1,5,14,15,7;1,6,15,16,8;1,7,16,17,9;1,8,17,10,2;2,9,17,18,11;2,10,18,19,20,12,3;3,11,20,21,13,4;4,12,21,22,23,14,5;5,13,23,15,6;6,14,23,24,25,26,16,7;7,15,26,17,8;8,16,26,27,18,10,9;10,17,27,19,11;11,18,27,28,20;11,19,28,21,12;12,20,28,22,13;13,21,28,24,23;13,22,24,15,14;15,23,22,28,25;15,24,28,27,26;15,25,27,17,16;17,26,25,28,19,18;19,27,25,24,22,21,20 appfree=1 rsstfree=1
p29.r9#96633 29 1,2,3,4,5;0,5,6,7,2;0,1,7,8,3;0,2,8,9,10,11,12,4;0,3,12,13,5;0,4,13,14,15,16,6,1;1,5,16,17,7;1,6,17,18,19,20,8,2;2,7,20,9,3;3,8,20,21,10;3,9,21,22,11;3,10,22,23,12;3,11,23,13,4;4,12,23,14,5;5,13,23,24,15;5,14,24,25,16;5,15,25,17,6;6,16,25,18,7;7,17,25,26,19;7,18,26,21,20;7,19,21,9,8;9,20,19,26,27,22,10;10,21,27,23,11;11,22,27,28,24,14,13,12;14,23,28,25,15;15,24,28,26,18,17,16;18,25,28,27,21,19;21,26,28,23,22;23,27,26,25,24 appfree=1 rsstfree=1
p29.r9#96643 29 1,2,3,4,5;0,5,6,7,8,9,2;0,1,9,10,3;0,2,10,11,4;0,3,11,12,13,14,5;0,4,14,15,6,1;1,5,15,16,7;1,6,16,17,18,8;1,7,18,19,9;1,8,19,10,2;2,9,19,20,21,22,11,3;3,10,22,12,4;4,11,22,23,13;4,12,23,24,14;4,13,24,25,15,5;5,14,25,16,6;6,15,25,17,7;7,16,25,26,27,18;7,17,27,28,20,19,8;8,18,20,10,9;10,19,18,28,21;10,20,28,23,22;10,21,23,12,11;12,22,21,28,27,26,24,13;13,23,26,25,14;14,24,26,17,16,15;17,25,24,23,27;17,26,23,28,18;18,27,23,21,20 appfree=1 rsstfree=1
p29.r9#100346 29 1,2,3,4,5;0,5,6,7,8,9,2;0,1,9,10,11,3;0,2,11,12,4;0,3,12,13,14,5;0,4,14,15,6,1;1,5,15,16,7;1,6,16,17,8;1,7,17,18,9;1,8,18,10,2;2,9,18,19,20,11;2,10,20,21,12,3;3,11,21,22,13,4;4,12,22,23,14;4,13,23,15,5;5,14,23,24,25,16,6;6,15,25,17,7;7,16,25,26,19,18,8;8,17,19,10,9;10,18,17,26,27,28,20;10,19,28,21,11;11,20,28,22,12;12,21,28,27,23,13;13,22,27,24,15,14;15,23,27,26,25;15,24,26,17,16;17,25,24,27,19;19,26,24,23,22,28;19,27,22,21,20 appfree=1 rsstfree=1
p29.r9#102270 29 1,2,3,4,5,6,7;0,7,8,9,2;0,1,9,10,3;0,2,10,11,4;0,3,11,12,5;0,4,12,13,6;0,5,13,14,7;0,6,14,15,8,1;1,7,15,16,17,9;1,8,17,10,2;2,9,17,18,19,11,3;3,10,19,20,12,4;4,11,20,21,22,13,5;5,12,22,14,6;6,13,22,23,15,7;7,14,23,24,16,8;8,15,24,25,17;8,16,25,18,10,9;10,17,25,26,27,19;10,18,27,20,11;11,19,27,21,12;12,20,27,26,28,22;12,21,28,23,14,13;14,22,28,24,15;15,23,28,26,25,16;16,24,26,18,17;18,25,24,28,21,27;18,26,21,20,19;21,26,24,23,22 appfree=1 rsstfree=1
p29.r9#102916 29 1,2,3,4,5,6,7;0,7,8,9,10,2;0,1,10,11,3;0,2,11,12,4;0,3,12,13,5;0,4,13,14,6;0,5,14,15,7;0,6,15,8,1;1,7,15,16,17,9;1,8,17,18,19,10;1,9,19,20,11,2;2,10,20,21,12,3;3,11,21,22,13,4;4,12,22,23,14,5;5,13,23,24,16,15,6;6,14,16,8,7;8,15,14,24,25,17;8,16,25,18,9;9,17,25,26,27,19;9,18,27,20,10;10,19,27,21,11;11,20,27,26,28,22,12;12,21,28,23,13;13,22,28,24,14;14,23,28,26,25,16;16,24,26,18,17;18,25,24,28,21,27;18,26,21,20,19;21,26,24,23,22 appfree=1 rsstfree=1
p29.r9#118787 29 1,2,3,4,5;0,5,6,7,8,9,2;0,1,9,10,11,3;0,2,11,12,4;0,3,12,13,5;0,4,13,14,6,1;1,5,14,15,7;1,6,15,16,8;1,7,16,17,18,19,9;1,8,19,10,2;2,9,19,20,21,11;2,10,21,22,12,3;3,11,22,23,13,4;4,12,23,24,14,5;5,13,24,15,6;6,14,24,25,26,16,7;7,15,26,17,8;8,16,26,27,18;8,17,27,20,19;8,18,20,10,9;10,19,18,27,28,21;10,20,28,22,11;11,21,28,23,12;12,22,28,27,25,24,13;13,23,25,15,14;15,24,23,27,26;15,25,27,17,16;17,26,25,23,28,20,18;20,27,23,22,21 appfree=1 rsstfree=1
p29.r9#118836 29 1,2,3,4,5;0,5,6,7,8,2;0,1,8,9,10,11,3;0,2,11,12,4;0,3,12,13,5;0,4,13,14,6,1;1,5,14,15,7;1,6,15,16,17,8;1,7,17,18,9,2;2,8,18,19,10;2,9,19,20,11;2,10,20,21,12,3;3,11,21,22,13,4;4,12,22,23,14,5;5,13,23,15,6;6,14,23,24,25,16,7;7,15,25,26,17;7,16,26,18,8;8,17,26,27,19,9;9,18,27,20,10;10,19,27,28,21,11;11,20,28,22,12;12,21,28,24,23,13;13,22,24,15,14;15,23,22,28,25;15,24,28,27,26,16;16,25,27,18,17;18,26,25,28,20,19;20,27,25,24,22,21 appfree=1 rsstfree=1
p29.r9#123896 29 1,2,3,4,5,6;0,6,7,8,9,10,2;0,1,10,11,3;0,2,11,12,4;0,3,12,13,14,5;0,4,14,15,16,6;0,5,16,7,1;1,6,16,17,18,8;1,7,18,19,9;1,8,19,20,10;1,9,20,21,11,2;2,10,21,12,3;3,11,21,22,13,4;4,12,22,23,14;4,13,23,15,5;5,14,23,24,17,16;5,15,17,7,6;7,16,15,24,25,18;7,17,25,26,19,8;8,18,26,20,9;9,19,26,27,21,10;10,20,27,22,12,11;12,21,27,23,13;13,22,27,28,24,15,14;15,23,28,25,17;17,24,28,26,18;18,25,28,27,20,19;20,26,28,23,22,21;23,27,26,25,24 appfree=1 rsstfree=1
