n1_7221_29_848 28 1,2,3,4,5;0,2,5,21,23;0,1,3,16,22,24,25;0,2,4,15,17,22,26;0,3,5,7,9,11,17;0,1,4,9,23;8,12,15,18,19,27;4,8,9,11,14,16,25;6,7,11,20,23;4,5,7,11,12,23;15,17,18,23;4,7,8,9,12,13,22;6,9,11,13,14,15;11,12,17,18,20,21,22,24;7,12,15,20,21,22,24,25,27;3,6,10,12,14,21,26;2,7,18,24,27;3,4,10,13,18,19,20,21,22,23;6,10,13,16,17,21,24,27;6,17,20,27;8,13,14,17,19,24,26;1,13,14,15,17,18;2,3,11,13,14,17,23,25,27;1,5,8,9,10,17,22;2,13,14,16,18,20,26,27;2,7,14,22;3,15,20,24;6,14,16,18,19,22,24
n1_7221_29_1028 28 1,2,3,4,5;0,2,5,21,23;0,1,3,16,22,25,26;0,2,4,15,17,22,26;0,3,5,7,9,11,17;0,1,4,9,23;8,12,15,18,19;4,8,9,11,16,25;6,7,11,20,23;4,5,7,11,12,23;15,17,18,23,27;4,7,8,9,12,13,22;6,9,11,13,15,26;11,12,17,18,20,21,22,24;18,20,21,22,24,25,27;3,6,10,12,26;2,7,18,24,27;3,4,10,13,18,19,20,21,22,23;6,10,13,14,16,17,21,24,27;6,17,20,27;8,13,14,17,19,24,26;1,13,14,17,18;2,3,11,13,14,17,23,25;1,5,8,9,10,17,22;13,14,16,18,20,26,27;2,7,14,22;2,3,12,15,20,24;10,14,16,18,19,24
n1_7221_29_1204 28 1,2,3,4,5;0,2,5,21,23;0,1,3,22,25,26;0,2,4,17,22,26;0,3,5,7,9,11,17;0,1,4,9,23;7,8,15,18,19,25;4,6,8,9,11,16,25;6,7,11,16,18,20,23;4,5,7,11,12,23;15,17,18,23,27;4,7,8,9,12,13,22;9,11,13,15,26,27;11,12,14,17,18,20,21,22,24;13,18,21,22,25;6,10,12,20,24,26;7,8,18,24,27;3,4,10,13,18,20,22,23;6,8,10,13,14,16,17,19,21,24,27;6,18,27;8,13,15,17,24;1,13,14,18;2,3,11,13,14,17,23,25,26;1,5,8,9,10,17,22;13,15,16,18,20,26,27;2,6,7,14,22;2,3,12,15,22,24,27;10,12,16,18,19,24,26
n1_7221_29_1420 28 1,2,3,4,5;0,2,5,19,21,23;0,1,3,22,25,26;0,2,4,12,17,22,26;0,3,5,7,9,11,17;0,1,4,9,23;7,8,15,18,19,25,27;4,6,8,9,11,16,25;6,7,11,16,18,20,23,26;4,5,7,11,12,23;14,17,18,23,27;4,7,8,9,12,13;3,9,11,13,15,17,25,27;11,12,14,17,18,20,21,22,24;10,13,20,21,25;6,12,20,21,24,26;7,8,18,24,27;3,4,10,12,13,18,20,22,23;6,8,10,13,16,17,19,21,24,26;1,6,18,27;8,13,14,15,17,24;1,13,14,15,18;2,3,13,17,23,26;1,5,8,9,10,17,22;13,15,16,18,20,27;2,6,7,12,14,27;2,3,8,15,18,22,27;6,10,12,16,19,24,25,26
n1_7221_29_1582 28 1,2,3,4,5;0,2,5,19,21,23;0,1,3,6,12,25,26;0,2,4,12,14,15,17,22,26;0,3,5,7,9,11,17;0,1,4,9,23;2,7,8,15,18,19,25;4,6,8,9,11,16,25,26;6,7,11,16,18,20,23,26;4,5,7,11,12,23;14,17,20,23,27;4,7,8,9,12,13;2,3,9,11,13,15,16,17,23,25,27;11,12,14,17,18,20,21,22,24;3,10,13,20,21;3,6,12,21,24,26;7,8,12,18,21,24,27;3,4,10,12,13,18,20,22,23;6,8,13,16,17,19,24,26;1,6,18,27;8,10,13,14,17,21,24;1,13,14,15,16,20;3,13,17,23;1,5,8,9,10,12,17,22;13,15,16,18,20,27;2,6,7,12,27;2,3,7,8,15,18,27;10,12,16,19,24,25,26
n1_7221_29_1786 28 1,2,3,4,5;0,2,5,21,23,27;0,1,3,6,12,16,21,25,26;0,2,4,12,14,15,16,26,27;0,3,5,7,9,11,14,17;0,1,4,9,23;2,7,8,18,19,25;4,6,8,9,11,16,25,26;6,7,11,16,18,20,23,26;4,5,7,11,12,23;14,17,20,23,27;4,7,8,9,12,13;2,3,9,11,13,15,16,17,23,25,27;11,12,14,17,18,20,22,24;3,4,10,13,20,25;3,12,22,24,26;2,3,7,8,12,21,24;4,10,12,13,18,19,20,22,23;6,8,13,17,19,22,24,26;6,17,18,27;8,10,13,14,17,21,22,24;1,2,16,20;13,15,17,18,20;1,5,8,9,10,12,17;13,15,16,18,20,27;2,6,7,12,14;2,3,7,8,15,18,27;1,3,10,12,19,24,26
n1_7221_29_1962 28 1,2,3,4,5;0,2,5,23,24;0,1,3,6,10,12,25,26;0,2,4,12,14,15,16,27;0,3,5,7,9,11,17;0,1,4,9,23;2,7,8,15,18,19,20,25;4,6,8,9,11,16,25,26;6,7,11,16,20,23;4,5,7,11,12,23;2,14,17,20,23;4,7,8,9,12,13;2,3,9,11,13,15,16,17,23,25,27;11,12,14,17,18,20,21,22,24;3,10,13,20,21,25;3,6,12,16,24;3,7,8,12,15,21,24;4,10,12,13,18,19,20,22,23;6,13,17,22,24,26;6,17,20,26,27;6,8,10,13,14,17,19,21,22,24;13,14,16,20;13,17,18,20;1,5,8,9,10,12,17;1,13,15,16,18,20;2,6,7,12,14;2,7,18,19,27;3,12,19,26
n1_7221_29_2152 28 1,2,3,4,5;0,2,5,23,24;0,1,3,6,10,12,16,22,25,26;0,2,4,7,14,15,16,27;0,3,5,7,9,11,17;0,1,4,9,23;2,8,15,18,19,25;3,4,8,9,11,16,25,26;6,7,11,16,20,23;4,5,7,11,12,23;2,14,17,18,23;4,7,8,9,12,13;2,9,11,13,15,16,17,23,25,27;11,12,14,17,18,20,21,24;3,10,13,20,21,25;3,6,12,16,22,24;2,3,7,8,12,15,18,22,24;4,10,12,13,18,20,23;6,10,13,16,17,22,24;6,20,26,27;8,13,14,17,19,21,22,26;13,14,20;2,15,16,18,20;1,5,8,9,10,12,17,24;1,13,15,16,18,23;2,6,7,12,14;2,7,19,20,27;3,12,19,26
n1_7221_43_873 28 1,2,3,4,5;0,2,5,19,20,21,23;0,1,3,6,18,24,26;0,2,4,12,17,22,27;0,3,5,7,9,11,17;0,1,4,9,23;2,7,12,15,24,25,26,27;4,6,8,9,11;7,11,14,18,23;4,5,7,11,20,22;15,17,18,23;4,7,8,9,13,22;3,6,14,15,23,27;11,17,19,22,24,25;8,12,15,18,25;6,10,12,14,16,19,21,25,26;15,19,21,25;3,4,10,13,18,19,21,22,23,24,26;2,8,10,14,17,19;1,13,15,16,17,18,23,26;1,9,21,24,27;1,15,16,17,20,25,26;3,9,11,13,17;1,5,8,10,12,17,19,24;2,6,13,17,20,23,26;6,13,14,15,16,21;2,6,15,17,19,21,24;3,6,12,20
n1_7221_43_1096 28 1,2,3,4,5;0,2,5,19,20,21,23;0,1,3,6,10,18,20,22,24,26;0,2,4,12,17,22,27;0,3,5,7,9,11,17;0,1,4,9,23;2,7,12,15,18,24,25,26;4,6,8,9,11;7,11,14,18,23,25;4,5,7,11,20,22;2,17,18,23;4,7,8,9,13,22;3,6,14,15,23,27;11,17,19,22,25;8,12,15,25,27;6,12,14,16,19,21,25,26;15,19,21,25,26;3,4,10,13,21,23,24,26;2,6,8,10,19;1,13,15,16,18,23;1,2,9,24;1,15,16,17,25,26;2,3,9,11,13;1,5,8,10,12,17,19,24;2,6,17,20,23,26;6,8,13,14,15,16,21;2,6,15,16,17,21,24,27;3,12,14,26
n1_7221_43_1416 28 1,2,3,4,5;0,2,5,8,19,20,23;0,1,3,6,10,20,22,24,26;0,2,4,12,17,22,27;0,3,5,7,9,11,17;0,1,4,9,23;2,7,12,15,24,25,26,27;4,6,8,9,11;1,7,11,14,20,23,26;4,5,7,11,12,20,22;2,17,18,23,27;4,7,8,9,12,13,22;3,6,9,11,14,23,27;11,17,18,19,22,25;8,12,18,27;6,16,19,21,25,26;15,18,19,21,25,26;3,4,10,13,18,19,21,23,26;10,13,14,16,17,19,27;1,13,15,16,17,18,23,25,26;1,2,8,9,21,24;15,16,17,20,26;2,3,9,11,13;1,5,8,10,12,17,19,24;2,6,20,23,26;6,13,15,16,19;2,6,8,15,16,17,19,21,24;3,6,10,12,14,18
n1_7221_43_1586 28 1,2,3,4,5;0,2,5,8,19,20,23,24;0,1,3,6,20,22,24,25;0,2,4,12,16,22,27;0,3,5,7,9,17;0,1,4,8,9,23;2,7,12,15,24,25;4,6,8,9,11;1,5,7,11,14,16,18,20,23,26;4,5,7,11,12,20;17,18,23,27;7,8,9,13,22;3,6,9,14,23,27;11,17,18,19;8,12,18,25,27;6,16,18,19,20,21,25,26;3,8,15,19,21,22,25,26,27;4,10,13,18,21,23,26;8,10,13,14,15,17,19,27;1,13,15,16,18,23,25,26,27;1,2,8,9,15,21,24;15,16,17,20,26,27;2,3,11,16,27;1,5,8,10,12,17,19;1,2,6,20,26;2,6,14,15,16,19;8,15,16,17,19,21,24;3,10,12,14,16,18,19,21,22
n1_7221_43_1766 28 1,2,3,4,5;0,2,5,15,19,20,23,24;0,1,3,6,12,18,20,22,24,25,26;0,2,4,6,12,13,16,22,27;0,3,5,7,9,17;0,1,4,9,23;2,3,7,12,15,24;4,6,8,9,11;7,11,14,18,20,23;4,5,7,11,12,20;15,17,18,23,26,27;7,8,9,13,22;2,3,6,9,14,23,27;3,11,17,18,19,24;8,12,15,25;1,6,10,14,16,19,21,26;3,15,18,19,21,22,25,26,27;4,10,13,18,21,23,26;2,8,10,13,16,17,19,21,27;1,13,15,16,18,20,23,25,26;1,2,8,9,19,24;15,16,17,18,23,26,27;2,3,11,16,27;1,5,8,10,12,17,19,21,24;1,2,6,13,20,23,26,27;2,14,16,19;2,10,15,16,17,19,21,24;3,10,12,16,18,21,22,24
n1_7221_43_1926 28 1,2,3,4,5;0,2,5,15,19,20,23,24;0,1,3,6,16,18,21,22,25,26;0,2,4,6,12,15,16,22,27;0,3,5,7,9,17;0,1,4,9,23;2,3,7,12,15;4,6,8,9,11;7,11,14,20,23,26;4,5,7,11,12,20;15,17,18,23;7,8,9,13,22;3,6,9,13,14,17,23,27;11,12,17,18,24;8,12,15,22,25;1,3,6,10,14,16,19,20,22,24;2,3,15,18,19,21,22,25,26,27;4,10,12,13,18,21,23,26;2,10,13,16,17,19,27;1,15,16,18,20,25,27;1,8,9,15,19,24,27;2,16,17,23,26;2,3,11,14,15,16,27;1,5,8,10,12,17,21,24;1,13,15,20,23,26,27;2,14,16,19;2,8,16,17,21,24;3,12,16,18,19,20,22,24
n1_7221_43_2105 28 1,2,3,4,5;0,2,5,8,19,20,23,24,27;0,1,3,6,10,16,19,21,22,25;0,2,4,6,12,15,16,22,27;0,3,5,7,9,17;0,1,4,9,23;2,3,7,12,15,18,24;4,6,8,9,11;1,7,11,14,23,26;4,5,7,11,12,20;2,15,17,20,23,26;7,8,9,13,22;3,6,9,13,17,23;11,12,17,24,25,26;8,15,18,22,25,27;3,6,10,14,18,19,20,21,22,26;2,3,18,19,21,22,25,26;4,10,12,13,18,21,23;6,14,15,16,17,19;1,2,15,16,18,20,25;1,9,10,15,19,21,24,27;2,15,16,17,20,23,26,27;2,3,11,14,15,16,27;1,5,8,10,12,17,21;1,6,13,20,26,27;2,13,14,16,19;8,10,13,15,16,21,24;1,3,14,20,21,22,24
n1_7221_43_2258 28 1,2,3,4,5;0,2,5,8,19,20,21,23,24,27;0,1,3,6,10,16,19,21,25;0,2,4,6,12,16,22,27;0,3,5,7,9,17;0,1,4,9,23;2,3,7,8,12,15,18,24;4,6,8,9,11,14;1,6,7,11,14,18,23,26;4,5,7,11,12,20;2,15,17,23,26;7,8,9,12,13,22;3,6,9,11,15,16,23;11,17,19,24,25,26;7,8,18,22,25,27;6,10,12,18,20,21,22;2,3,12,18,19,21,22;4,10,13,18,21,23,25,26;6,8,14,15,16,17,24,27;1,2,13,16,23,25;1,9,15,24,27;1,2,15,16,17,23,25,26,27;3,11,14,15,16,27;1,5,8,10,12,17,19,21;1,6,13,18,20,26,27;2,13,14,17,19,21;8,10,13,17,21,24;1,3,14,18,20,21,22,24
n1_7221_74_800 28 1,2,3,4,5;0,2,5,15,19,21,23,27;0,1,3,10,12,16,18,22;0,2,4,7,14,16,17,22;0,3,5,7,9,17;0,1,4,8,9,23;8,15,18,19,20,25,26,27;3,4,8,11,16;5,6,7,11,23,26;4,5,11,12,22,23;2,17,18,23,26,27;7,8,9,12,13,22;2,9,11,16,23;11,17,19,20,22;3,15,18,22,24;1,6,14,16,19,22,26;2,3,7,12,15,21,22,24,25;3,4,10,13,19,20,21,23,26;2,6,10,14,21,27;1,6,13,15,17,20,26,27;6,13,17,19,24;1,16,17,18,23,25,27;2,3,9,11,13,14,15,16,27;1,5,8,9,10,12,17,21;14,16,20,27;6,16,21,27;6,8,10,15,17,19,27;1,6,10,18,19,21,22,24,25,26
n1_7221_74_1025 28 1,2,3,4,5;0,2,5,8,21,23,27;0,1,3,10,16,18,22,24,25;0,2,4,7,12,14,16,17,22;0,3,5,7,9,17;0,1,4,9,23;8,12,15,19,25,26,27;3,4,8,9,11,16;1,6,7,11,14,16,23,26;4,5,7,11,12,22,23;2,17,18,23,26,27;7,8,9,13,22;3,6,9,13,14,16,23,27;11,12,17,19,20,22;3,8,12,15,18,20,22,24,26;6,14,16,19,26;2,3,7,8,12,15,21,25;3,4,10,13,19,20,21,23,26;2,10,14,21,24;6,13,15,17,20,26,27;13,14,17,19;1,16,17,18,25,27;2,3,9,11,13,14,23,27;1,5,8,9,10,12,17,22;2,14,18,26;2,6,16,21,27;6,8,10,14,15,17,19,24,27;1,6,10,12,19,21,22,25,26
n1_7221_74_1307 28 1,2,3,4,5;0,2,5,15,21,23,27;0,1,3,10,14,18,22,24,25;0,2,4,7,12,14,16,22;0,3,5,7,9,17;0,1,4,9,23;7,8,12,15,19,26;3,4,6,8,9,11,16;6,7,11,16,23,26;4,5,7,11,12,22,23;2,15,17,18,20,23,26;7,8,9,13,22;3,6,9,13,15,16,23,27;11,12,17,19,20,22;2,3,15,18,20,22,24,26;1,6,10,12,14,16,19,26;3,7,8,12,15,21,25,27;4,10,13,18,20,21,23;2,10,14,17,21;6,13,15,25,26;10,13,14,17,24;1,16,17,18,27;2,3,9,11,13,14,27;1,5,8,9,10,12,17;2,14,20,27;2,16,19,27;6,8,10,14,15,19,27;1,12,16,21,22,24,25,26
n1_7221_74_1603 28 1,2,3,4,5;0,2,5,8,15,19,21,23,25,27;0,1,3,10,18,19,22,24,25;0,2,4,7,12,14;0,3,5,7,9,17;0,1,4,9,23;7,8,12,15,20,26;3,4,6,8,9,11;1,6,7,11,14,16,23,26;4,5,7,11,22,23;2,17,23,26;7,8,9,12,13,22;3,6,11,13,15,16,23,27;11,12,17,19,20,21;3,8,15,18,19,20,22,24,26;1,6,12,14,16,19,26;8,12,15,18,21,27;4,10,13,18,20,21,23;2,14,16,17,21,24;1,2,13,14,15,25,26;6,13,14,17,21;1,13,16,17,18,20,23,27;2,9,11,14,27;1,5,8,9,10,12,17,21;2,14,18,26;1,2,19,27;6,8,10,14,15,19,24,27;1,12,16,21,22,25,26
n1_7221_74_1776 28 1,2,3,4,5;0,2,5,15,19,21,23,25;0,1,3,10,18,19,24,25;0,2,4,7,12,14,17,22;0,3,5,7,9,17;0,1,4,9,23;7,8,15,18,20,26;3,4,6,8,9,11;6,7,11,14,16,23,26;4,5,7,11,22,23;2,17,18,23,27;7,8,9,12,13,22;3,11,13,14,16,23,27;11,12,17,19,20;3,8,12,15,18,22,24,26;1,6,14,16,18,19,21,26;8,12,15,18,21,27;3,4,10,13,18,20,21,23;2,6,10,14,15,16,17,21,24,27;1,2,13,15,23,25;6,13,17,21,24;1,15,16,17,18,20,23,27;3,9,11,14,23,27;1,5,8,9,10,12,17,19,21,22,24;2,14,18,20,23,25,26;1,2,19,24,27;6,8,14,15,24,27;10,12,16,18,21,22,25,26
n1_7221_74_1915 28 1,2,3,4,5;0,2,5,19,23,24,25;0,1,3,10,16,18,19,22,24,25;0,2,4,7,12,14,15,16,17,22;0,3,5,7,9,17;0,1,4,9,23;7,8,15,20,26,27;3,4,6,8,9,11,14;6,7,11,14,16,23,26;4,5,7,11,12,22,23,25;2,17,18,23;7,8,9,13,22;3,9,13,15,16,23;11,12,17,19,20,24;3,7,8,15,22,24,26;3,6,12,14,16,21,22,24;2,3,8,12,15,18,21;3,4,10,13,18,20,21,23;2,10,16,17,21,24,27;1,2,13,23,25,27;6,13,17,21;15,16,17,18,20;2,3,9,11,14,15,23,27;1,5,8,9,10,12,17,19,22,24;1,2,13,14,15,18,23,25,26;1,2,9,19,24;6,8,14,24,27;6,18,19,22,26
n1_7221_74_2121 28 1,2,3,4,5;0,2,5,19,23,24,25;0,1,3,6,10,14,16,18,21,22;0,2,4,7,10,12,14,15,16,17,22;0,3,5,7,9,17;0,1,4,9,23;2,8,12,15,20,26,27;3,4,8,9,11,14;6,7,11,16,23,26;4,5,7,11,12,25;2,3,17,23;7,8,9,13,22;3,6,9,13,15,16,23,27;11,12,17,19,20,24;2,3,7,15,20,22,24;3,6,12,14,16,19,21,22,24,25,26;2,3,8,12,15,18,21;3,4,10,13,19,20,23;2,16,24,27;1,13,15,17,23,25,27;6,13,14,17,21;2,15,16,20,23,26;2,3,11,14,15,27;1,5,8,10,12,17,19,21;1,13,14,15,18,25,26;1,9,15,19,24,27;6,8,15,21,24;6,12,18,19,22,25
n1_7221_74_2275 28 1,2,3,4,5;0,2,5,15,19,21,23,24,25;0,1,3,6,10,18,26;0,2,4,7,10,12,14,15,16,17,22;0,3,5,7,9,17;0,1,4,9,23;2,8,12,18,20,22,27;3,4,8,9,11,14;6,7,11,14,23,26;4,5,7,11,12,25;2,3,15,17,23;7,8,9,13,22;3,6,9,23,27;11,17,19,20,22,24;3,7,8,15,21,22,24;1,3,10,14,16,19,21,22,24,25,26;3,15,18,21,26;3,4,10,13,19,20,23;2,6,16,24,27;1,13,15,17,23,25,27;6,13,17,24;1,14,15,16,26,27;3,6,11,13,14,15;1,5,8,10,12,17,19;1,13,14,15,18,20,25,26,27;1,9,15,19,24,27;2,8,15,16,21,24;6,12,18,19,21,24,25
n1_7221_89_293 28 1,2,3,4,5;0,2,5,8,21,23,24;0,1,3,10,14,16,21,22,24;0,2,4,6,7,10,12,16,27;0,3,5,7,9,11,17;0,1,4,9,23;3,15,18,21,24,26;3,4,8,9,11,16;1,7,11,14,16,23,26;4,5,7,11,22,23;2,3,11,17,23,25;4,7,8,9,10,12,13,22;3,11,13,14,17,27;11,12,17,18,19,20,22;2,8,12,15,18,25,27;6,14,18,19,20,24,25,26;2,3,7,8,18,19,20;4,10,12,13,18,19,23,26;6,13,14,15,16,17,21,24;13,15,16,17,20;13,15,16,19,21,27;1,2,6,18,20,23,26,27;2,9,11,13,23;1,5,8,9,10,17,21,22;1,2,6,15,18;10,14,15;6,8,15,17,21;3,12,14,20,21
n1_7221_89_554 28 1,2,3,4,5;0,2,5,8,21,23,24;0,1,3,10,12,14,16,21,24;0,2,4,6,7,10,12,16,27;0,3,5,7,9,11,17;0,1,4,9,23;3,7,20,21,26,27;3,4,6,8,9,11;1,7,11,14,16,23,26;4,5,7,11,12,22,23;2,3,11,15,17,23,25,27;4,7,8,9,10,13;2,3,9,14,25,27;11,17,18,19,26;2,8,12,15,18,22,25;10,14,18,19,20,22,24;2,3,8,18,19,20,22,24,27;4,10,13,18,19,23,26;13,14,15,16,17,21,24,27;13,15,16,17,20,26;6,15,16,19,21;1,2,6,18,20,23;9,14,15,16,23,25;1,5,8,9,10,17,21,22,24;1,2,15,16,18,23;10,12,14,22,27;6,8,13,17,19,27;3,6,10,12,16,18,25,26
n1_7221_89_756 28 1,2,3,4,5;0,2,5,8,15,21,23,24;0,1,3,10,14,16,22,25,26;0,2,4,6,7,10,13,16,27;0,3,5,7,9,11,17;0,1,4,8,9,23;3,7,18,20,21,26,27;3,4,6,8,9,11,14;1,5,7,11,14,16,23,26;4,5,7,10,11,23;2,3,9,11,15,17,23,25,27;4,7,8,9,10,13;14,23,25,27;3,11,17,21,26;2,7,8,12,18,25;1,10,16,19,21,22,24,26;2,3,8,15,19,22,24,26,27;4,10,13,19,20,23,25,26;6,14,21,24,27;15,16,17,20,26;6,17,19,27;1,6,13,15,18,23;2,15,16,23,25;1,5,8,9,10,12,17,21,22;1,15,16,18,26,27;2,10,12,14,17,22,27;2,6,8,13,15,16,17,19,24;3,6,10,12,16,18,20,24,25
n1_7221_89_1049 28 1,2,3,4,5;0,2,5,21,23,24;0,1,3,6,14,22,25;0,2,4,6,7,10,13,16;0,3,5,7,9,17;0,1,4,8,9,23;2,3,15,18,20,21,26;3,4,8,11,14;5,7,11,14,23,26;4,5,10,11,23;3,9,11,17,23,25,27;7,8,9,10,13;15,16,25;3,11,17,19,21,26;2,7,8,18,22,25,27;6,12,19,21,22,24,26;3,12,18,19,22,24,27;4,10,13,19,23,25,26;6,14,16,19,21,24,27;13,15,16,17,18,20,26,27;6,19,27;1,6,13,15,18,23;2,14,15,16,23,25;1,5,8,9,10,17,21,22;1,15,16,18,27;2,10,12,14,17,22,27;6,8,13,15,17,19;10,14,16,18,19,20,24,25
n1_7221_89_1403 28 1,2,3,4,5;0,2,5,8,21,23,24;0,1,3,6,18,22,25;0,2,4,6,7,10,16,17,22;0,3,5,7,9,17;0,1,4,8,9,23;2,3,15,20,21,26,27;3,4,8,11,14;1,5,7,11,14,23,26;4,5,10,11,22,23;3,9,11,17,23,25,27;7,8,9,10,13;14,25,27;11,17,24,26;7,8,12,15,18,22,25;6,14,16,18,19,21,25,26;3,15,18,19,22,24,26,27;3,4,10,13,20,22,23,25,26;2,14,15,16,21,24;15,16,23,26,27;6,17,21,27;1,6,15,18,20,23,26;2,3,9,14,16,17,23,27;1,5,8,9,10,17,19,21,22,24;1,13,16,18,23,27;2,10,12,14,15,17,27;6,8,13,15,16,17,19,21;6,10,12,16,19,20,22,24,25
n1_7221_89_1742 28 1,2,3,4,5;0,2,5,21,23,24,27;0,1,3,6,18,21,22,25;0,2,4,6,7,10,15,16,17;0,3,5,7,9,17;0,1,4,8,9,23;2,3,20,21,26,27;3,4,8,11,14;5,7,11,14,16,18,23,26;4,5,10,11,23;3,9,17,23,25,27;7,8,9,13,22;13,14,15,25,27;11,12,17,24,26;7,8,12,15,18,22,25,27;3,12,14,16,19,21,24,26;3,8,15,18,19,20,22,24,27;3,4,10,13,22,23,25,26;2,8,14,16,19,21,24;15,16,18,27;6,16,21,27;1,2,6,15,18,20,23,26;2,11,14,16,17,23,25,27;1,5,8,9,10,17,21,22;1,13,15,16,18,27;2,10,12,14,17,22,27;6,8,13,15,17,21;1,6,10,12,14,16,19,20,22,24,25
n1_7221_89_1981 28 1,2,3,4,5;0,2,5,8,21,23;0,1,3,6,16,18,20,21,22;0,2,4,6,10,15,16,17;0,3,5,7,9,17;0,1,4,8,9,23;2,3,19,20,21,26,27;4,8,11,14,16,25;1,5,7,11,14,23,26;4,5,10,11,12,22,23;3,9,17,23,25,27;7,8,9,12,13;9,11,13,14,15,23,27;11,12,17,19,24,26;7,8,12,15,18,22,25,27;3,12,14,19,20,21,24,25,26;2,3,7,18,22,24;3,4,10,13,22,23,25,26;2,14,16,19,21,24;6,13,15,18,26;2,6,15,21,24,27;1,2,6,15,18,20,23,27;2,9,14,16,17,23,25;1,5,8,9,10,12,17,21,22;13,15,16,18,20;7,10,14,15,17,22,27;6,8,13,15,17,19;6,10,12,14,20,21,25
n1_7221_89_2207 28 1,2,3,4,5;0,2,5,8,21,23,24;0,1,3,6,10,16,20,21;0,2,4,6,10,13,15,16,17;0,3,5,7,9,17;0,1,4,8,9,23;2,3,15,20,21,24;4,8,9,11,14,25;1,5,7,11,14,23,26;4,5,7,10,11,12,22,23;2,3,9,17,23,25;7,8,9,12,13;9,11,13,14,15,16,17,23,27;3,11,12,17,18,19,21,22,26;7,8,12,15,20,22,25,26,27;3,6,12,14,20,24,25,26;2,3,12,18,19;3,4,10,12,13,20,22,23,25;13,16,24,27;13,16,20,23,26,27;2,6,14,15,17,19,21,24,27;1,2,6,13,20,23;9,13,14,17,23,25;1,5,8,9,10,12,17,19,21,22;1,6,15,18,20,27;7,10,14,15,17,22,27;8,13,14,15,19;12,14,18,19,20,24,25
n1_7221_119_403 28 1,2,3,4,5;0,2,5,8,19,21,23,27;0,1,3,10,16,20,22,25;0,2,4,7,12,16,17,27;0,3,5,7,9,17;0,1,4,9,23;18,19,21,22,24,27;3,4,8,9,11,16;1,7,11,14,16,18,23,25;4,5,7,11,22,23;2,15,17,23,25;7,8,9,12,13,22;3,11,13,14,17,23,27;11,12,17,21,26;8,12,15,18,22;10,14,16,18,19,21;2,3,7,8,15,18,19,20,22,25,26,27;3,4,10,12,13,20,23,26;6,8,14,15,16,24,27;1,6,15,16,23,25;2,16,17,24;1,6,13,15,25,26;2,6,9,11,14,16,23;1,5,8,9,10,12,17,19,22;6,18,20,25,27;2,8,10,16,19,21,24;13,16,17,21;1,3,6,12,16,18,24
n1_7221_119_639 28 1,2,3,4,5;0,2,5,8,21,23,27;0,1,3,10,12,14,21,22;0,2,4,7,12,16,17,22,27;0,3,5,7,9,17;0,1,4,9,23;8,15,18,19,24,27;3,4,8,9,11,16;1,6,7,11,14,16,18,20,23,24;4,5,7,11,22,23;2,17,20,23,25;7,8,9,13,22;2,3,14,15,17;11,17,19,21,22,26;2,8,12,15,18,22,25;6,12,14,18,19,20,21;3,7,8,18,20,21,22,24,26,27;3,4,10,12,13,19,23,26;6,8,14,15,16,19,24,27;6,13,15,17,18,23;8,10,15,16,24,27;1,2,13,15,16,25,26;2,3,9,11,13,14,16,23,27;1,5,8,9,10,17,19,22;6,8,16,18,20,25;10,14,21,24,27;13,16,17,21;1,3,6,16,18,20,22,25
n1_7221_119_978 28 1,2,3,4,5;0,2,5,15,21,23,27;0,1,3,10,12,14,21,22,25;0,2,4,6,7,12,17,22,27;0,3,5,7,9,17;0,1,4,9,23;3,8,15,18,19,20,24;3,4,8,9,11,16;6,7,11,14,16,18,20,23,24;4,5,7,11,12,23;2,17,20,23,25;7,8,9,13,22;2,3,9,14,27;11,17,21,22,26;2,8,12,15,18,22,25;1,6,14,18,21;7,8,18,21,24,26,27;3,4,10,13,18,19,22,23,26;6,8,14,15,16,17,21,24;6,17,20,27;6,8,10,19,24,27;1,2,13,15,16,18,26;2,3,11,13,14,17,23,27;1,5,8,9,10,17,22;6,8,16,18,20;2,10,14,27;13,16,17,21;1,3,12,16,19,20,22,25
n1_7221_119_1352 28 1,2,3,4,5;0,2,5,15,21,23,27;0,1,3,6,10,12,14;0,2,4,7,12,15,16,17,22;0,3,5,7,9,17;0,1,4,9,23;2,8,15,18,20,22,24,26;3,4,8,9,11,16;6,7,11,14,16,18,20,23,24;4,5,7,11,12,23;2,17,20,23,25,27;7,8,9,13,22;2,3,9,14,26;11,17,21,22,26;2,8,12,20,22,25;1,3,6,19,20,22;3,7,8,18,19,20,21,24,26,27;3,4,10,13,22,23,26;6,8,16,21,24;15,16,20,23;6,8,10,14,15,16,19,24,27;1,13,16,18,27;3,6,11,13,14,15,17,23;1,5,8,9,10,17,19,22;6,8,16,18,20,25;10,14,24,27;6,12,13,16,17;1,10,16,20,21,25
n1_7221_119_1541 28 1,2,3,4,5;0,2,5,8,15,21,23,24;0,1,3,6,10,14,21;0,2,4,7,12,15,16,17,22,27;0,3,5,7,9,11,17;0,1,4,9,23;2,8,12,15,18,22,24,25;3,4,8,9,11,14,16;1,6,7,11,14,16,23,24,25;4,5,7,11,12,23;2,15,17,18,20,23,25,27;4,7,8,9,13,22;3,6,9,14,15,17,26;11,17,21,22,26;2,7,8,12,15,18,20,27;1,3,6,10,12,14,20,22;3,7,8,19,20,21,24;3,4,10,12,13,20,22,23,26;6,10,14,21,27;16,20,27;10,14,15,16,17,19,24,27;1,2,13,16,18,27;3,6,11,13,15,17,23,26,27;1,5,8,9,10,17,22;1,6,8,16,20,25;6,8,10,24,27;12,13,17,22;3,10,14,18,19,20,21,22,25
n1_7221_119_1735 28 1,2,3,4,5;0,2,5,21,23;0,1,3,6,12,16,18,25;0,2,4,6,7,15,16,17;0,3,5,7,9,11,17;0,1,4,9,23;2,3,8,12,15,18,19,24;3,4,8,9,11,14,16;6,7,11,14,16,23,24,25;4,5,7,11,22,23;15,17,18,20,23,25,27;4,7,8,9,12,13,22;2,6,11,14,26,27;11,17,21,22;7,8,12,15,20,25,27;3,6,10,14,18,20,22;2,3,7,8,19,20,21,22,24;3,4,10,13,21,22,23,26;2,6,10,15,21;6,16,20,25,27;10,14,15,16,19;1,13,16,17,18,27;9,11,13,15,16,17,23,26,27;1,5,8,9,10,17,22,26;6,8,16,25;2,8,10,14,19,24,27;12,17,22,23;10,12,14,19,21,22,25
n1_7221_119_1962 28 1,2,3,4,5;0,2,5,19,21,23;0,1,3,6,12,14,16,22,25;0,2,4,6,7,15,16,17;0,3,5,7,9,11,17;0,1,4,9,23;2,3,8,12,15,18;3,4,8,9,11,14;6,7,11,14,18,23,24,25;4,5,7,11,22,23;15,17,18,23,25,27;4,7,8,9,12,13,22;2,6,11,14,17,26;11,17,21,22;2,7,8,12,20,27;3,6,10,18,20,25;2,3,19,20,21,22,24,25;3,4,10,12,13,22,23,26;6,8,10,15,19,21,27;1,16,18,20,25,27;14,15,16,19,24;1,13,16,18,23,25,27;2,9,11,13,16,17,23,26;1,5,8,9,10,17,21,22,26;8,16,20;2,8,10,15,16,19,21,27;12,17,22,23;10,14,18,19,21,25
n1_7221_119_2158 28 1,2,3,4,5;0,2,5,15,19,21,23;0,1,3,14,16,19,21,25;0,2,4,6,7,12,17,22;0,3,5,7,9,11,17;0,1,4,8,9,23;3,8,12,15,18,20,21,27;3,4,8,9,11,14;5,6,7,11,14,16,23,24,25;4,5,7,11,22,23,24;17,18,23,27;4,7,8,9,12,13;3,6,11,13,15,17,23,26,27;11,12,17,19,21,22;2,7,8,20,25,27;1,6,12,18,20,21;2,8,19,22,24,25,27;3,4,10,12,13,22,23,26;6,10,15,19,21,27;1,2,13,16,18,20,25,27;6,14,15,19,24;1,2,6,13,15,18,27;3,9,13,16,17,23;1,5,8,9,10,12,17,22,26;8,9,16,20;2,8,14,16,19,27;12,17,23;6,10,12,14,16,18,19,21,25
n1_7221_153_2306 28 1,2,3,4,5;0,2,5,10,17,21,23;0,1,3,18,21,22,27;0,2,4,14,20,26,27;0,3,5,12,13,14,19,26;0,1,4,12,23;10,11,17,19,21,23;8,15,22,24;7,16,18,19,21,22,24;10,15,17,19,20;1,6,9,17,19,25;6,16,20,22,26;4,5,13,17,23,27;4,12,14,16,24,27;3,4,13,16,18,19;7,9,16,21;8,11,13,14,15,18,23;1,6,9,10,12,19,25,26,27;2,8,14,16,21;4,6,8,9,10,14,17,22,23,27;3,9,11,22,23,25;1,2,6,8,15,18,23,24,25,26;2,7,8,11,19,20,23,26;1,5,6,12,16,19,20,21,22,26,27;7,8,13,21,26,27;10,17,20,21;3,4,11,17,21,22,23,24,27;2,3,12,13,17,19,23,24,26
n1_7221_153_2450 28 1,2,3,4,5;0,2,5,10,17,21,23;0,1,3,10,18,21,22,27;0,2,4,14,19,20,26,27;0,3,5,12,13,14,19,20,26;0,1,4,12,23;10,11,17,19;8,15,22,24;7,16,18,19,21,22,24;10,15,17,20,21,23;1,2,6,9,17,19,25;6,16,19,20,22,26;4,5,13,17,23,27;4,12,14,16,24;3,4,13,16,18,19;7,9,16,21;8,11,13,14,15,17,18,23;1,6,9,10,12,16,19,25,26,27;2,8,14,16,21;3,4,6,8,10,11,14,17,22,23,25,27;3,4,9,11,22,25;1,2,8,9,15,18,23,24,25,26;2,7,8,11,19,20,23,26;1,5,9,12,16,19,21,22,26,27;7,8,13,21,26,27;10,17,19,20,21;3,4,11,17,21,22,23,24,27;2,3,12,17,19,23,24,26
n1_7221_153_2544 28 1,2,3,4,5;0,2,5,10,15;0,1,3,10,18,21,22,27;0,2,4,14,19,26,27;0,3,5,12,13,14,19,20,26;0,1,4,12,23;10,11,17,19,21;8,15,17,22,24;7,16,18,19,21,22,24;10,15,17,21,23,26;1,2,6,9,17,19,25;6,16,19,20,22,26;4,5,13,15,17,27;4,12,14,16,24;3,4,13,16,18,19;1,7,9,12,21;8,11,13,14,17,18,23;6,7,9,10,12,16,19,25,26,27;2,8,14,16,21;3,4,6,8,10,11,14,17,23,25,27;4,11,22,25;2,6,8,9,15,18,23,24,25,26;2,7,8,11,20,23,26;5,9,16,19,21,22,26,27;7,8,13,21,26,27;10,17,19,20,21;3,4,9,11,17,21,22,23,24,27;2,3,12,17,19,23,24,26
n1_7221_153_2597 28 1,2,3,4,5;0,2,5,10,15;0,1,3,10,18,21,22,27;0,2,4,14,19,26,27;0,3,5,12,13,14,20,26;0,1,4,12,23;11,17,19,21;8,15,17,22,24;7,16,18,19,21,22,24;10,15,17,21,23,26;1,2,9,17,19,25;6,19,20,21,22,26;4,5,13,15,17,27;4,12,14,16,24;3,4,13,16,18,19,20;1,7,9,12,19,21,22;8,13,14,17,18,23;6,7,9,10,12,16,19,27;2,8,14,16,21;3,6,8,10,11,14,15,17,23,25,27;4,11,14,21,22,25;2,6,8,9,11,15,18,20,23,24,25;2,7,8,11,15,20,23,26;5,9,16,19,21,22,25,26,27;7,8,13,21,26,27;10,19,20,21,23;3,4,9,11,22,23,24,27;2,3,12,17,19,23,24,26
n1_7221_153_2665 28 1,2,3,4,5;0,2,5,10,15;0,1,3,10,18,21,22,27;0,2,4,14,19,26,27;0,3,5,12,13,14,20,26;0,1,4,12,23;11,17,19,20,21;8,15,22,24;7,16,18,19,21,22,24;10,15,17,21,23,26;1,2,9,17,19;6,19,20,21,22,26,27;4,5,13,15,27;4,12,14,16,24;3,4,13,16,18,19;1,7,9,12,19,21,22;8,13,14,17,18,23;6,9,10,16,19,27;2,8,14,16,21;3,6,8,10,11,14,15,17,21,23,25,27;4,6,11,21,23,25;2,6,8,9,11,15,18,19,20,23,24,25;2,7,8,11,15,26;5,9,16,19,20,21,25,26,27;7,8,13,21,26,27;19,20,21,23;3,4,9,11,22,23,24,27;2,3,11,12,17,19,23,24,26
n1_7221_153_2755 28 1,2,3,4,5;0,2,5,10,15;0,1,3,10,18,21,22,27;0,2,4,14,19,26,27;0,3,5,12,13,14,20,26;0,1,4,11,12;11,17,19,20,21;8,15,22,24;7,16,18,19,21,22,24;10,15,17,21,23,26;1,2,9,17,19;5,6,12,20,21,25,26,27;4,5,11,13,15,17,27;4,12,14,16,24;3,4,13,16,18,19;1,7,9,12,16,19,21,22;8,13,14,15,17,18,23;6,9,10,12,16,19,27;2,8,14,16,21;3,6,8,10,14,15,17,21,25,27;4,6,11,21,25;2,6,8,9,11,15,18,19,20,23,24,25;2,7,8,15,26;9,16,21,26,27;7,8,13,21,26,27;11,19,20,21;3,4,9,11,22,23,24,27;2,3,11,12,17,19,23,24,26
n1_7221_153_2863 28 1,2,3,4,5;0,2,5,10,15,23;0,1,3,18,21,22,27;0,2,4,14,18,19,26,27;0,3,5,12,13,14,19,20,26;0,1,4,11,12,15;10,11,17,19,20,21;8,22,24;7,16,18,19,21,22,24;10,17,21,23,26;1,6,9,17,19;5,6,12,20,21,25,26,27;4,5,11,13,17,27;4,12,14,16,24;3,4,13,16,18,19;1,5,16,19,22,27;8,13,14,15,18,23;6,9,10,12,26,27;2,3,8,14,16,21;3,4,6,8,10,14,15,23,25,27;4,6,11,21,25;2,6,8,9,11,18,20,23,24,25;2,7,8,15,26;1,9,16,19,21,26,27;7,8,13,21,26,27;11,19,20,21;3,4,9,11,17,22,23,24,27;2,3,11,12,15,17,19,23,24,26
n1_7221_153_2923 28 1,2,3,4,5;0,2,5,10,11,15,23;0,1,3,18,21,22,27;0,2,4,14,18,19,26,27;0,3,5,12,13,14,19,20,26;0,1,4,12,15;17,19,21;8,9,15,22;7,16,18,21,22,24;7,10,11,15,17,20,21,23,26;1,9,17,19;1,9,12,20,21,25,26,27;4,5,11,13,17,27;4,12,14,16,24;3,4,13,16,18,19;1,5,7,9,16,19,22,27;8,13,14,15,18,23;6,9,10,12,19,26,27;2,3,8,14,16,21;3,4,6,10,14,15,17,23,27;4,9,11,21,25;2,6,8,9,11,18,20,23,24,25;2,7,8,15,23,26;1,9,16,19,21,22,26,27;8,13,21,26,27;11,20,21;3,4,9,11,17,22,23,24,27;2,3,11,12,15,17,19,23,24,26
n1_7511_14_1907 32 1,2,3,4,5;0,2,5,8,10,20,30;0,1,3,10,20,21,26;0,2,4,6,16,17,21,26,29,30;0,3,5,9,16;0,1,4,8,9,14;3,7,8,9,10,21;6,8,11,14,20,31;1,5,6,7,9,13;4,5,6,8,10,12,14,16;1,2,6,9,11,15,16,23,30;7,10,16,17;9,13,17,20,23,27,29;8,12,14,19,21,22,28;5,7,9,13,15,17,19,21,27;10,14,27,29;3,4,9,10,11,17,24;3,11,12,14,16,21,26,29;19,25,30,31;13,14,18,23,24,25;1,2,7,12,22,24,26,28,29;2,3,6,13,14,17,25,30;13,20,28,29;10,12,19,24,25,30;16,19,20,23,28,30;18,19,21,23,29,31;2,3,17,20,28,31;12,14,15,29,31;13,20,22,24,26,29,30,31;3,12,15,17,20,22,25,27,28,31;1,3,10,18,21,23,24,28;7,18,25,26,27,28,29
n1_7511_14_1918 32 1,2,3,4,5;0,2,5,8,10,20,30;0,1,3,10,20,21,26;0,2,4,6,16,17,21,26,29,30;0,3,5,9,16;0,1,4,8,9,14;3,7,8,9,10,21;6,8,11,14,20,31;1,5,6,7,9,13;4,5,6,8,10,12,14,16;1,2,6,9,11,15,16,23,30;7,10,16,17;9,13,17,20,23,27,29;8,12,14,19,21,22,28;5,7,9,13,15,17,19,21,27;10,14,27,29;3,4,9,10,11,17,24;3,11,12,14,16,21,26,29;19,25,30,31;13,14,18,23,24,25;1,2,7,12,22,24,26,28,29;2,3,6,13,14,17,25,30;13,20,28,29;10,12,19,24,25,30;16,19,20,23,25,28,30;18,19,21,23,24,29,31;2,3,17,20,28,31;12,14,15,29,31;13,20,22,24,26,29,30,31;3,12,15,17,20,22,25,27,28,31;1,3,10,18,21,23,24,28;7,18,25,26,27,28,29
n1_7511_14_1920 32 1,2,3,4,5;0,2,5,8,10,20,30;0,1,3,10,20,21,26;0,2,4,6,16,17,21,26,29,30;0,3,5,9,16;0,1,4,8,9,14;3,7,8,9,10,21;6,8,11,14,20,31;1,5,6,7,9,13;4,5,6,8,10,12,14,16;1,2,6,9,11,15,16,23,30;7,10,16,17;9,13,17,19,20,23,27,29;8,12,14,19,21,22,28;5,7,9,13,15,17,19,21,27;10,14,27,29;3,4,9,10,11,17,24;3,11,12,14,16,21,26,29;19,25,30,31;12,13,14,18,23,24,25;1,2,7,12,22,24,26,28,29;2,3,6,13,14,17,25,30;13,20,28,29;10,12,19,24,25,30;16,19,20,23,25,28,30;18,19,21,23,24,29,31;2,3,17,20,28,31;12,14,15,29,31;13,20,22,24,26,29,30,31;3,12,15,17,20,22,25,27,28,31;1,3,10,18,21,23,24,28;7,18,25,26,27,28,29
n1_7511_14_1924 32 1,2,3,4,5;0,2,5,8,10,20,30;0,1,3,10,20,21,26;0,2,4,6,16,17,21,26,29,30;0,3,5,9,16;0,1,4,8,9,14;3,7,8,9,10,21;6,8,11,14,20,31;1,5,6,7,9,13;4,5,6,8,10,12,14,16;1,2,6,9,11,15,16,23,30;7,10,16,17;9,13,17,19,23,27,29;8,12,14,19,21,22,28;5,7,9,13,15,17,19,21,27;10,14,27,29;3,4,9,10,11,17,24;3,11,12,14,16,21,26,29;19,25,30,31;12,13,14,18,23,24,25;1,2,7,22,24,26,28,29;2,3,6,13,14,17,25,30;13,20,28,29;10,12,19,24,25,30;16,19,20,23,25,28,30;18,19,21,23,24,29,31;2,3,17,20,28,31;12,14,15,29,31;13,20,22,24,26,29,30,31;3,12,15,17,20,22,25,27,28,31;1,3,10,18,21,23,24,28;7,18,25,26,27,28,29
n1_7511_14_1925 32 1,2,3,4,5;0,2,5,8,10,20,30;0,1,3,20,21,26;0,2,4,6,16,17,21,26,29,30;0,3,5,9,16;0,1,4,8,9,14;3,7,8,9,10,21;6,8,11,14,20,31;1,5,6,7,9,13;4,5,6,8,10,12,14,16;1,6,9,11,15,16,23,30;7,10,16,17;9,13,17,19,23,27,29;8,12,14,19,21,22,28;5,7,9,13,15,17,19,21,27;10,14,27,29;3,4,9,10,11,17,24;3,11,12,14,16,21,26,29;19,25,30,31;12,13,14,18,23,24,25;1,2,7,22,24,26,28,29;2,3,6,13,14,17,25,30;13,20,28,29;10,12,19,24,25,30;16,19,20,23,25,28,30;18,19,21,23,24,29,31;2,3,17,20,28,31;12,14,15,29,31;13,20,22,24,26,29,30,31;3,12,15,17,20,22,25,27,28,31;1,3,10,18,21,23,24,28;7,18,25,26,27,28,29
n1_7511_14_1944 32 1,2,3,4,5;0,2,5,8,10,20,23,30;0,1,3,20,21,26;0,2,4,6,16,17,21,26,29,30;0,3,5,9,16;0,1,4,8,9,14;3,7,8,9,10,21;6,8,11,14,20,31;1,5,6,7,9,13;4,5,6,8,10,12,14,16;1,6,9,11,15,16,23,30;7,10,16,17;9,13,17,19,23,27,29;8,12,14,19,21,22,28;5,7,9,13,15,17,19,21,27;10,14,27,29;3,4,9,10,11,17,24;3,11,12,14,16,21,26,29;19,25,30,31;12,13,14,18,23,24,25;1,2,7,22,24,26,28,29;2,3,6,13,14,17,25,30;13,20,28,29;1,10,12,19,24,25,30;16,19,20,23,25,28,30;18,19,21,23,24,29,31;2,3,17,20,28,31;12,14,15,29,31;13,20,22,24,26,29,30,31;3,12,15,17,20,22,25,27,28,31;1,3,10,18,21,23,24,28;7,18,25,26,27,28,29
n1_7511_14_1952 32 1,2,3,4,5;0,2,5,8,10,20,23,30;0,1,3,20,21,26;0,2,4,6,16,17,21,26,29,30;0,3,5,9,16;0,1,4,8,9,14;3,7,8,9,10,21;6,8,11,14,20,31;1,5,6,7,9,13;4,5,6,8,10,12,14,16;1,6,9,11,15,16,20,23,30;7,10,16,17;9,13,17,19,23,27,29;8,12,14,19,21,22,28;5,7,9,13,15,17,19,21,27;10,14,27,29;3,4,9,10,11,17,24;3,11,12,14,16,21,26,29;19,25,30,31;12,13,14,18,23,24,25;1,2,7,10,22,24,28,29;2,3,6,13,14,17,25,30;13,20,28,29;1,10,12,19,24,25,30;16,19,20,23,25,28,30;18,19,21,23,24,29,31;2,3,17,28,31;12,14,15,29,31;13,20,22,24,26,29,30,31;3,12,15,17,20,22,25,27,28,31;1,3,10,18,21,23,24,28;7,18,25,26,27,28,29
n1_7511_14_1964 32 1,2,3,4,5;0,2,5,8,10,20,23,30;0,1,3,20,21,26;0,2,4,6,16,17,21,26,29,30;0,3,5,9,16;0,1,4,8,9,14;3,7,8,9,10,21;6,8,11,14,20,31;1,5,6,7,9,13;4,5,6,8,10,12,14,16;1,6,9,11,15,16,20,23,30;7,10,16,17;9,13,19,23,27,29;8,12,14,19,21,22,28;5,7,9,13,15,17,19,21,27;10,14,27,29;3,4,9,10,11,17,24;3,11,14,16,21,26,29;19,25,30,31;12,13,14,18,23,24,25;1,2,7,10,22,24,28,29;2,3,6,13,14,17,25,30;13,20,28,29;1,10,12,19,24,25,30;16,19,20,23,25,28,30;18,19,21,23,24,29,31;2,3,17,28,31;12,14,15,29,31;13,20,22,24,26,29,30,31;3,12,15,17,20,22,25,27,28,31;1,3,10,18,21,23,24,28;7,18,25,26,27,28,29
n1_7511_14_1986 32 1,2,3,4,5;0,2,5,8,10,20,23,30;0,1,3,20,21,26;0,2,4,6,16,17,21,26,29,30;0,3,5,9,16;0,1,4,8,9,14;3,7,8,9,10,21;6,8,11,14,20,31;1,5,6,7,9,13;4,5,6,8,10,12,14,16;1,6,9,11,15,16,20,22,23,30;7,10,16,17;9,13,19,23,27,29;8,12,14,19,21,22,28;5,7,9,13,15,17,19,21,27;10,14,27,29;3,4,9,10,11,17,24;3,11,14,16,21,26,29;19,25,30,31;12,13,14,18,23,24,25;1,2,7,10,22,24,28,29;2,3,6,13,14,17,25,30;10,13,20,28,29;1,10,12,19,24,25,30;16,19,20,23,25,28,30;18,19,21,23,24,29,31;2,3,17,28,31;12,14,15,29,31;13,20,22,24,26,29,30,31;3,12,15,17,20,22,25,27,28,31;1,3,10,18,21,23,24,28;7,18,25,26,27,28,29
n1_7511_14_1990 32 1,2,3,4,5;0,2,5,8,10,20,23,30;0,1,3,20,21,26;0,2,4,6,16,17,21,26,29,30;0,3,5,9,16;0,1,4,8,9,14;3,7,8,9,10,21;6,8,11,14,20,31;1,5,6,7,9,13;4,5,6,8,10,12,14,16;1,6,9,11,15,20,22,23,30;7,10,16,17;9,13,19,23,27,29;8,12,14,19,21,22,28;5,7,9,13,15,17,19,21,26,27;10,14,27,29;3,4,9,11,17,24;3,11,14,16,21,26,29;19,25,30,31;12,13,14,18,23,24,25;1,2,7,10,22,24,28,29;2,3,6,13,14,17,25,30;10,13,20,28,29;1,10,12,19,24,25,30;16,19,20,23,25,28,30;18,19,21,23,24,29,31;2,3,14,17,28,31;12,14,15,29,31;13,20,22,24,26,29,30,31;3,12,15,17,20,22,25,27,28,31;1,3,10,18,21,23,24,28;7,18,25,26,27,28,29
n1_7511_14_1999 32 1,2,3,4,5;0,2,5,8,10,20,23,30;0,1,3,20,21,26;0,2,4,6,16,17,21,26,30;0,3,5,9,16;0,1,4,8,9,14;3,7,8,9,10,21;6,8,11,14,20,31;1,5,6,7,9,13;4,5,6,8,10,12,14,16;1,6,9,11,15,20,22,23,30;7,10,16,17;9,13,19,23,27,29;8,12,14,19,21,22,28;5,7,9,13,15,17,19,21,26,27;10,14,27,29;3,4,9,11,17,24;3,11,14,16,21,26,29;19,25,30,31;12,13,14,18,23,24,25;1,2,7,10,22,24,28,29;2,3,6,13,14,17,25,30;10,13,20,28,29;1,10,12,19,24,25,30;16,19,20,23,25,28,30;18,19,21,23,24,29,31;2,3,14,17,28,31;12,14,15,29,31;13,20,22,24,26,29,30,31;12,15,17,20,22,25,27,28,31;1,3,10,18,21,23,24,28;7,18,25,26,27,28,29
n1_7511_14_2000 32 1,2,3,4,5;0,2,5,8,10,20,23,30;0,1,3,20,21,26;0,2,4,6,16,17,21,26,30;0,3,5,9,16;0,1,4,8,9,14;3,7,8,9,10,21;6,8,11,14,20,31;1,5,6,7,9,13;4,5,6,8,10,12,14,16;1,6,9,11,15,20,22,23,30;7,10,16,17;9,13,19,23,27,29;8,12,14,19,21,22,28;5,7,9,13,15,17,19,21,23,26,27;10,14,27,29;3,4,9,11,17,24;3,11,14,16,21,26,29;19,25,30,31;12,13,14,18,23,24,25;1,2,7,10,22,24,29;2,3,6,13,14,17,25,30;10,13,20,28,29;1,10,12,14,19,24,25,30;16,19,20,23,25,28,30;18,19,21,23,24,29,31;2,3,14,17,28,31;12,14,15,29,31;13,22,24,26,29,30,31;12,15,17,20,22,25,27,28,31;1,3,10,18,21,23,24,28;7,18,25,26,27,28,29
n1_7511_14_2004 32 1,2,3,4,5;0,2,5,8,10,20,23,30;0,1,3,20,21,26;0,2,4,6,16,17,21,26,30;0,3,5,9,16;0,1,4,8,9,14;3,7,8,9,10,21;6,8,11,14,20,31;1,5,6,7,9,13;4,5,6,8,10,12,14,16;1,6,9,11,15,20,22,23,30;7,10,16,17;9,13,19,23,27,29;8,12,14,19,21,22,28;5,7,9,13,15,17,19,21,23,26,27;10,14,27,29;3,4,9,11,17,24;3,11,14,16,21,26,29;19,25,30,31;12,13,14,18,23,24,25;1,2,7,10,22,24,29;2,3,6,13,14,17,25,30;10,13,20,28,29;1,10,12,14,19,24,25,30;16,19,20,23,25,28;18,19,21,23,24,29,31;2,3,14,17,28,31;12,14,15,29,31;13,22,24,26,29,30,31;12,15,17,20,22,25,27,28,31;1,3,10,18,21,23,28;7,18,25,26,27,28,29
n1_7511_14_2019 32 1,2,3,4,5;0,2,5,8,10,20,23,30;0,1,3,20,21,26,28;0,2,4,6,16,17,21,26,30;0,3,5,9,16;0,1,4,8,9,14;3,7,8,9,10,21;6,8,11,14,20,31;1,5,6,7,9,13;4,5,6,8,10,12,16;1,6,9,11,15,20,22,23,30;7,10,16,17;9,13,19,23,27,29;8,12,14,19,21,22,28;5,7,13,15,17,19,21,23,26,27;10,14,27,29;3,4,9,11,17,24;3,11,14,16,21,26,29;19,25,30,31;12,13,14,18,23,24,25;1,2,7,10,22,24,29;2,3,6,13,14,17,25,30;10,13,20,28,29;1,10,12,14,19,24,25,30;16,19,20,23,25,28;18,19,21,23,24,29,31;2,3,14,17,28,31;12,14,15,29,31;2,13,22,24,26,29,30,31;12,15,17,20,22,25,27,28,31;1,3,10,18,21,23,28;7,18,25,26,27,28,29
n1_7511_14_2021 32 1,2,3,4,5;0,2,5,8,10,20,23,30;0,1,3,20,21,26,28;0,2,4,6,16,17,21,26,30;0,3,5,9,16;0,1,4,8,9,14;3,7,8,9,10,21;6,8,11,14,20,31;1,5,6,7,9,13;4,5,6,8,10,12,16;1,6,9,11,20,22,23,30;7,10,16,17;9,13,19,23,27,29;8,12,14,19,21,22,28;5,7,13,15,17,19,21,23,26,27;14,27,29;3,4,9,11,17,24;3,11,14,16,21,26,29;19,25,30,31;12,13,14,18,23,24,25;1,2,7,10,22,24,29;2,3,6,13,14,17,25,30;10,13,20,28,29;1,10,12,14,19,24,25,30;16,19,20,23,25,28;18,19,21,23,24,29,31;2,3,14,17,28,31;12,14,15,29,31;2,13,22,24,26,29,30,31;12,15,17,20,22,25,27,28,31;1,3,10,18,21,23,28;7,18,25,26,27,28,29
n1_7511_14_2022 32 1,2,3,4,5;0,2,5,8,10,20,23,30;0,1,3,20,21,26,28;0,2,4,6,16,17,21,26,30;0,3,5,9,16;0,1,4,8,9,14;3,7,8,9,10,21;6,8,11,14,20,31;1,5,6,7,9,13;4,5,6,8,10,12,16;1,6,9,11,20,22,23,30;7,10,16,17;9,13,19,23,27,29;8,12,14,19,21,22,28;5,7,13,15,17,19,21,23,26,27;14,27,29;3,4,9,11,17,24;3,11,14,16,21,26,29;19,25,31;12,13,14,18,20,21,23,24,25;1,2,7,10,19,22,24,29;2,3,6,13,14,17,19,25,30;10,13,20,28,29;1,10,12,14,19,24,25,30;16,19,20,23,25,28;18,19,21,23,24,29,31;2,3,14,17,28,31;12,14,15,29,31;2,13,22,24,26,29,30,31;12,15,17,20,22,25,27,28,31;1,3,10,21,23,28;7,18,25,26,27,28,29
n1_7511_14_2030 32 1,2,3,4,5;0,2,5,8,10,20,23,30;0,1,3,20,21,26,28;0,2,4,6,16,17,21,26,30;0,3,5,9,16;0,1,4,8,9,14;3,7,8,9,10,21;6,8,11,14,20,31;1,5,6,7,9,13,20;4,5,6,8,10,12,16;1,6,9,11,20,22,23,30;7,10,16,17;9,13,19,23,27,29;8,12,14,19,21,22,28;5,7,13,15,17,19,21,23,26,27;14,27,29;3,4,9,11,17,24;3,11,14,16,21,26,29;19,25,31;12,13,14,18,20,21,23,24,25;1,2,7,8,10,19,22,24,29;2,3,6,13,14,17,19,25,30;10,13,20,28,29;1,10,12,14,19,24,25,30;16,19,20,23,25,28;18,19,21,23,24,29,31;2,3,14,17,28,31;12,14,15,29,31;2,13,22,24,26,29,31;12,15,17,20,22,25,27,28,31;1,3,10,21,23;7,18,25,26,27,28,29
n1_7511_14_2044 32 1,2,3,4,5;0,2,5,8,10,20,23,30;0,1,3,20,21,26,28;0,2,4,6,16,17,21,26,30;0,3,5,9,16;0,1,4,8,9,14;3,7,8,9,10,21;6,8,11,14,20,31;1,5,6,7,9,13,20;4,5,6,8,10,12,16;1,6,9,11,20,22,23,30;7,10,16,17;9,13,19,23,27,29;8,12,14,19,21,22,28;5,7,13,15,17,19,21,23,26,27;14,25,27,29;3,4,9,11,17,24;3,11,14,16,21,26,29;19,25,31;12,13,14,18,20,21,23,24,25;1,2,7,8,10,19,22,24,29;2,3,6,13,14,17,19,25,30;10,13,20,28,29;1,10,12,14,19,24,25,30;16,19,20,23,25,28;15,18,19,21,23,24,29,31;2,3,14,17,28,31;12,14,15,29,31;2,13,22,24,26,29,31;12,15,17,20,22,25,27,28,31;1,3,10,21,23;7,18,25,26,27,28,29
n1_7511_14_2050 32 1,2,3,4,5;0,2,5,8,10,20,23,30;0,1,3,20,21,26,28;0,2,4,6,16,17,21,26,30;0,3,5,9,16;0,1,4,8,9,14;3,7,8,9,10,21;6,8,11,14,20,31;1,5,6,7,9,13,20;4,5,6,8,10,12,16;1,6,9,11,20,22,23,30;7,10,16,17;9,13,19,23,27,29;8,12,14,19,21,22,28;5,7,13,15,17,19,21,23,26,27;14,25,27,29;3,4,9,11,17,24;3,11,14,16,21,26,29;19,20,25;12,13,14,18,20,21,23,24,25;1,2,7,8,10,18,19,22,24,29;2,3,6,13,14,17,19,25,30;10,13,20,28,29;1,10,12,14,19,24,25,30;16,19,20,23,25,28;15,18,19,21,23,24,29,31;2,3,14,17,28,31;12,14,15,29,31;2,13,22,24,26,29,31;12,15,17,20,22,25,27,28,31;1,3,10,21,23;7,25,26,27,28,29
n1_7511_14_2056 32 1,2,3,4,5;0,2,5,8,10,20,23,30;0,1,3,20,21,26,28;0,2,4,6,16,17,21,26,30;0,3,5,9,16;0,1,4,8,9,14;3,7,8,9,10,21;6,8,11,14,20,31;1,5,6,7,9,13;4,5,6,8,10,12,16;1,6,9,11,20,22,23,30;7,10,16,17;9,13,19,23,27,29;8,12,14,19,21,22,28;5,7,13,15,17,19,21,23,26,27;14,25,27,29;3,4,9,11,17,24;3,11,14,16,21,26,29;19,20,25;12,13,14,18,20,21,23,24,25;1,2,7,10,18,19,22,24,29;2,3,6,13,14,17,19,25,30;10,13,20,28,29;1,10,12,14,19,24,25,30;16,19,20,23,25,28;15,18,19,21,23,24,29,31;2,3,14,17,28,31;12,14,15,29,31;2,13,22,24,26,29,31;12,15,17,20,22,25,27,28,31;1,3,10,21,23;7,25,26,27,28,29
n1_7511_14_2065 32 1,2,3,4,5;0,2,5,8,10,20,23,30;0,1,3,20,21,26,28;0,2,4,6,16,17,21,26,30;0,3,5,9,16;0,1,4,8,9,14;3,7,8,9,10,21;6,8,11,14,20,31;1,5,6,7,9,13;4,5,6,8,10,12,16;1,6,9,11,20,22,23,30;7,10,16,17;9,13,19,23,27,29;8,12,14,19,21,22,28;5,7,13,15,17,19,21,23,26,27;14,25,27,29;3,4,9,11,17,24;3,11,14,16,21,26,29;19,20,25;12,13,14,18,20,21,23,24,25;1,2,7,10,18,19,22,24,29;2,3,6,13,14,17,19,25;10,13,20,28,29;1,10,12,14,19,24,25,30;16,19,20,23,25,28;15,18,19,21,23,24,29,31;2,3,14,17,28,31;12,14,15,29,31;2,13,22,24,26,29,31;12,15,17,20,22,25,27,28,31;1,3,10,23;7,25,26,27,28,29
n1_7511_14_2066 32 1,2,3,4,5;0,2,5,8,10,20,23,30;0,1,3,20,21,26,28;0,2,4,6,16,17,21,26,30;0,3,5,9,16;0,1,4,8,9,14;3,7,8,9,10,21;6,8,11,14,20,31;1,5,6,7,9,13;4,5,6,8,10,12,16;1,6,9,11,20,22,23,30;7,10,16,17;9,13,19,23,27,29;8,12,14,19,21,22,28;5,7,13,15,17,19,21,23,26,27;14,25,27,29;3,4,9,11,17,24;3,11,14,16,21,26,29;19,20,25;12,13,14,18,20,21,23,24,25;1,2,7,10,18,19,22,24,25,29;2,3,6,13,14,17,19,25;10,13,20,28,29;1,10,12,14,19,24,25,30;16,19,20,23,25,28;15,18,19,20,21,23,24,29,31;2,3,14,17,28,31;12,14,15,29,31;2,13,22,24,26,29,31;12,15,17,20,22,25,27,28,31;1,3,10,23;7,25,26,27,28,29
n1_7511_14_2068 32 1,2,3,4,5;0,2,5,8,10,20,23,30;0,1,3,20,21,26,28;0,2,4,6,16,17,21,26,30;0,3,5,9,16;0,1,4,8,9,14;3,7,8,9,10,21;6,8,11,14,20,31;1,5,6,7,9,13;4,5,6,8,10,12,16;1,6,9,11,20,22,23,30;7,10,16,17;9,13,19,23,27,29;8,12,14,19,21,22,28;5,7,13,15,17,19,21,23,26;14,25,27,29;3,4,9,11,17,24;3,11,14,16,21,26,29;19,20,25;12,13,14,18,20,21,23,24,25;1,2,7,10,18,19,22,24,25,29;2,3,6,13,14,17,19,25;10,13,20,28,29;1,10,12,14,19,24,30;16,19,20,23,25,28;15,18,19,20,21,24,29,31;2,3,14,17,28,31;12,15,29,31;2,13,22,24,26,29,31;12,15,17,20,22,25,27,28,31;1,3,10,23;7,25,26,27,28,29
n1_7511_14_2069 32 1,2,3,4,5;0,2,5,8,10,20,23,30;0,1,3,20,21,26,28;0,2,4,6,16,17,21,26,30;0,3,5,9,16;0,1,4,8,9,14;3,7,8,9,10,21;6,8,11,14,20,31;1,5,6,7,9,13;4,5,6,8,10,12,16;1,6,9,11,20,22,23,30;7,10,16,17;9,13,19,23,27,29;8,12,14,19,21,22,28;5,7,13,15,17,19,21,23,26;14,25,27,29;3,4,9,11,17,18,24;3,11,14,16,21,26,29;16,19,20,25;12,13,14,18,20,21,23,24,25;1,2,7,10,18,19,22,24,25,29;2,3,6,13,14,17,19,25;10,13,20,28,29;1,10,12,14,19,24,30;16,19,20,23,25,28;15,18,19,20,21,24,29,31;2,3,14,17,28,31;12,15,29,31;2,13,22,24,26,29,31;12,15,17,20,22,25,27,28,31;1,3,10,23;7,25,26,27,28,29
n1_7511_14_2072 32 1,2,3,4,5;0,2,5,8,10,20,23,30;0,1,3,20,21,26,28;0,2,4,6,16,17,21,26,30;0,3,5,9,16;0,1,4,8,9,14;3,7,8,9,10,21;6,8,11,14,20,31;1,5,6,7,9,13;4,5,6,8,10,12,16;1,6,9,11,20,22,23,30;7,10,16,17;9,13,19,23,27,29;8,12,14,19,21,22,28;5,7,13,15,17,19,21,23,26;14,25,27,29;3,4,9,11,17,18,24;3,11,14,16,21,26,29;16,19,20,25;12,13,14,18,20,21,23,24,25;1,2,7,10,18,19,22,25,29;2,3,6,13,14,17,19,25;10,13,20,28,29;1,10,12,14,19,24,30;16,19,23,25,28;15,18,19,20,21,24,29,31;2,3,14,17,28,31;12,15,29,31;2,13,22,24,26,29,31;12,15,17,20,22,25,27,28,31;1,3,10,23;7,25,26,27,28,29
n1_7511_15_2656 30 1,2,3,4,5;0,2,5,7,12,13,20,26;0,1,3,11,20,22,27;0,2,4,24,25,27,28;0,3,5,8,19,23,24;0,1,4,10,13,19,23;8,10,12,20,29;1,8,11,18,19,27,28;4,6,7,13,19,24;10,14,15,16,17,18,23,27;5,6,9,24,25,27,29;2,7,12,17,19,26,28;1,6,11,21,25,26,29;1,5,8,14,20;9,13,15,23;9,14,16,20,23,24;9,15,17,18,24;9,11,16,18,26,27,29;7,9,16,17,22,26,28;4,5,7,8,11,22,23,27;1,2,6,13,15,21,25,28;12,20,22,25,27,28;2,18,19,21,27;4,5,9,14,15,19,24;3,4,8,10,15,16,23,25,29;3,10,12,20,21,24;1,11,12,17,18,28,29;2,3,7,9,10,17,19,21,22;3,7,11,18,20,21,26;6,10,12,17,24,26
n1_7511_15_2726 30 1,2,3,4,5;0,2,5,7,12,13,26;0,1,3,11,20,22,25,27;0,2,4,24,25,27,28;0,3,5,8,19,23,24;0,1,4,10,13,19,23;8,10,12,20,29;1,8,18,19,27,28;4,6,7,13,19,24,26;10,14,15,16,17,18,23,27;5,6,9,24,25,27,29;2,17,19,26,28;1,6,21,25,26,29;1,5,8,14,20;9,13,15,23;9,14,16,20,23,24;9,15,17,18,24;9,11,16,18,20,26,27,29;7,9,16,17,22,26,28;4,5,7,8,11,22,23,27;2,6,13,15,17,21,25,28;12,20,22,25,27,28;2,18,19,21,27;4,5,9,14,15,19,24;3,4,8,10,15,16,23,25;2,3,10,12,20,21,24;1,8,11,12,17,18,28,29;2,3,7,9,10,17,19,21,22;3,7,11,18,20,21,26;6,10,12,17,26
n1_7511_15_2756 30 1,2,3,4,5;0,2,5,7,12,13,26;0,1,3,11,20,22,25,27,29;0,2,4,24,25,27,28;0,3,5,8,19,23,24;0,1,4,10,13,19,23;8,10,12,20,29;1,8,18,19,27,28;4,6,7,13,19,24;10,14,15,16,17,18,23,27;5,6,9,24,25,27,29;2,17,19,26,28;1,6,21,25,26,29;1,5,8,14,20;9,13,15,23;9,14,16,20,23,24;9,15,17,18,24;9,11,16,18,20,26,27,29;7,9,16,17,22,26,28;4,5,7,8,11,22,23,27;2,6,13,15,17,21,25,27,28;12,20,22,25,27,28;2,18,19,21,27;4,5,9,14,15,19,24;3,4,8,10,15,16,23,25;2,3,10,12,20,21,24;1,11,12,17,18,28,29;2,3,7,9,10,17,19,20,21,22,28;3,7,11,18,20,21,26,27;2,6,10,12,17,26
n1_7511_15_2804 30 1,2,3,4,5;0,2,5,7,12,13,26;0,1,3,11,20,22,25,27,29;0,2,4,24,25,27,28;0,3,5,8,19,23,24;0,1,4,10,13,19,23;8,10,11,12,20,29;1,8,18,19,28;4,6,7,13,19,24;10,14,15,16,17,18,23,27;5,6,9,24,25,27,29;2,6,16,19,24,26,28;1,6,21,25,26,29;1,5,8,14,20,23;9,13,15,23;9,14,16,20,23,24;9,11,15,17,18,24;9,16,18,20,26,27,29;7,9,16,17,22,26,28;4,5,7,8,11,22,23;2,6,13,15,17,21,25,27,28;12,20,22,25,27,28;2,18,19,21,27;4,5,9,13,14,15,19;3,4,8,10,11,15,16,25;2,3,10,12,20,21,24;1,11,12,17,18,28,29;2,3,9,10,17,20,21,22,28;3,7,11,18,20,21,26,27;2,6,10,12,17,26
n1_7511_15_2822 30 1,2,3,4,5;0,2,5,7,12,13,26;0,1,3,11,20,22,25,27;0,2,4,24,25,27,28,29;0,3,5,8,19,23,24;0,1,4,10,13,19,23;8,10,11,12,20,29;1,8,18,19,28;4,6,7,13,19,24;10,14,15,16,17,18,23,27;5,6,9,24,25,27,29;2,6,16,19,20,24,26,28;1,6,21,25,26,29;1,5,8,14,16,20,23;9,13,15,23;9,14,16,20,23,24;9,11,13,15,17,18,24;9,16,18,20,26,27,29;7,9,16,17,22,28;4,5,7,8,11,22,23;2,6,11,13,15,17,21,25,27,28;12,20,22,25,27,28;2,18,19,21,27;4,5,9,13,14,15,19;3,4,8,10,11,15,16,25;2,3,10,12,20,21,24;1,11,12,17,28,29;2,3,9,10,17,20,21,22,28;3,7,11,18,20,21,26,27;3,6,10,12,17,26
n1_7511_15_2842 30 1,2,3,4,5;0,2,5,7,12,13,26;0,1,3,7,11,20,22,25,27;0,2,4,24,25,27,28,29;0,3,5,8,19,23,24;0,1,4,10,13,19,23;8,10,11,12,20,29;1,2,8,18,19,28;4,6,7,13,19,24;10,14,15,16,17,18,23,27;5,6,9,18,24,25,27,29;2,6,16,19,20,24,26,28;1,6,21,25,26;1,5,8,14,16,20,23;9,13,15,23;9,14,20,23,24;9,11,13,17,18,24;9,16,18,20,26,27,29;7,9,10,16,17,22,28;4,5,7,8,11,22,23;2,6,11,13,15,17,21,25,27,28;12,20,22,25,27,28;2,18,19,21,27;4,5,9,13,14,15,19;3,4,8,10,11,15,16,25;2,3,10,12,20,21,24;1,11,12,17,28,29;2,3,9,10,17,20,21,22,28;3,7,11,18,20,21,26,27,29;3,6,10,17,26,28
n1_7511_15_2860 30 1,2,3,4,5;0,2,5,7,12,13,26;0,1,3,6,7,11,20,22,25,27;0,2,4,24,25,27,28;0,3,5,8,19,23,24;0,1,4,10,13,19,23;2,8,10,11,12,18,20;1,2,8,18,19,25,28;4,6,7,13,19,22,24;10,14,15,16,17,18,23,25,27;5,6,9,18,24,25,27;2,6,16,19,20,24,26,28;1,6,21,25,26;1,5,8,14,16,20,23;9,13,15,23;9,14,20,23,24;9,11,13,17,18,24;9,16,18,20,26,27,29;6,7,9,10,16,17,22,28;4,5,7,8,11,22,23;2,6,11,13,15,17,21,27,28;12,20,22,25,27,28;2,8,18,19,21,27;4,5,9,13,14,15,19;3,4,8,10,11,15,16,25;2,3,7,9,10,12,21,24;1,11,12,17,28,29;2,3,9,10,17,20,21,22,28;3,7,11,18,20,21,26,27,29;17,26,28
n1_7511_15_2896 30 1,2,3,4,5;0,2,5,7,12,13,26;0,1,3,6,7,11,20,22,25;0,2,4,24,25,28;0,3,5,8,19,23,24;0,1,4,10,13,19,23;2,8,10,11,12,18,20;1,2,8,18,19,28;4,6,7,13,19,22,24;10,14,15,16,17,18,23,25,27;5,6,9,18,24,25;2,6,16,19,20,28;1,6,21,25,26;1,5,8,14,16,20,23;9,13,15,23;9,14,20,23,24;9,11,13,17,18,24;9,16,18,20,26,27,29;6,7,9,10,16,17,22,28;4,5,7,8,11,22,23;2,6,11,13,15,17,21,27,28;12,20,22,25,27,28;2,8,18,19,21,27,29;4,5,9,13,14,15,19;3,4,8,10,15,16,25;2,3,9,10,12,21,24;1,12,17,28,29;9,17,20,21,22,28;3,7,11,18,20,21,26,27,29;17,22,26,28
n1_7511_15_2957 30 1,2,3,4,5;0,2,5,7,12,13,26;0,1,3,7,20,22,25,26;0,2,4,24,25,28;0,3,5,8,19,23,24;0,1,4,10,13,19,23;8,10,11,12,18,20;1,2,8,18,19,28;4,6,7,19,22,24;10,14,15,16,17,18,23,25,27;5,6,9,18,24,25;6,19,20,28;1,6,21,25,26,27;1,5,14,16,20,23;9,13,15,23;9,14,20,23,24;9,13,17,18,24;9,16,18,20,26,27,29;6,7,9,10,16,17,22,28;4,5,7,8,11,22,23;2,6,11,13,15,17,21,27,28;12,20,22,25,27,28;2,8,18,19,21,27,29;4,5,9,13,14,15,19;3,4,8,10,15,16,25;2,3,9,10,12,21,24;1,2,12,17,29;9,12,17,20,21,22,28;3,7,11,18,20,21,27,29;17,22,26,28
n1_7511_15_3000 30 1,2,3,4,5;0,2,5,7,12,13,26;0,1,3,7,20,22,25,26;0,2,4,24,25,28;0,3,5,8,19,23,24;0,1,4,10,13,16,19,23;8,10,11,12,18,20;1,2,8,18,19,28;4,6,7,19,22,24;10,14,15,17,18,23,25,27;5,6,9,18,24,25;6,19,20,28;1,6,21,26,27;1,5,14,16,20,23;9,13,15,23;9,14,20,23,24;5,13,17,18,24,25;9,16,18,20,26,27,29;6,7,9,10,16,17,28;4,5,7,8,11,22,23;2,6,11,13,15,17,21,27,28;12,20,22,25,27,28;2,8,19,21,27,29;4,5,9,13,14,15,19;3,4,8,10,15,16,25;2,3,9,10,16,21,24;1,2,12,17,29;9,12,17,20,21,22,28;3,7,11,18,20,21,27,29;17,22,26,28
n1_7511_15_3030 30 1,2,3,4,5;0,2,5,7,12,13,26;0,1,3,7,20,22,25,26;0,2,4,24,25,28;0,3,5,8,19,23,24;0,1,4,10,13,16,19,23;8,10,11,12,18,20;1,2,8,18,19,28;4,6,7,19,22,24;10,14,15,17,18,23,25,27;5,6,9,18,19,25;6,19,20,21,28;1,6,21,26,27;1,5,14,16,20,23;9,13,15,23;9,14,20,23,24;5,13,17,18,24,25;9,16,18,20,26,27,29;6,7,9,10,16,17,28;4,5,7,8,10,11,22,23,26;2,6,11,13,15,17,21,27;11,12,20,22,25,27,28;2,8,19,21,27,29;4,5,9,13,14,15,19;3,4,8,15,16,25;2,3,9,10,16,21,24;1,2,12,17,19,29;9,12,17,20,21,22,28;3,7,11,18,21,27,29;17,22,26,28
n1_7511_15_3044 30 1,2,3,4,5;0,2,5,7,12,13,26;0,1,3,6,7,20,22,25,26;0,2,4,24,25,28;0,3,5,8,19,23,24;0,1,4,10,13,16,19,23;2,8,10,11,12,18,20;1,2,8,18,19,21,28;4,6,7,19,22,24;10,14,15,17,18,23,25,27;5,6,9,18,19,25;6,19,20,21,28;1,6,20,21,26,27;1,5,14,16,23;9,13,15,23;9,14,20,23,24;5,13,17,18,24,25;9,16,18,20,26,27,29;6,7,9,10,16,17,28;4,5,7,8,10,11,22,23,26;2,6,11,12,15,17,27;7,11,12,22,25,27,28;2,8,19,21,27,29;4,5,9,13,14,15,19;3,4,8,15,16,25;2,3,9,10,16,21,24;1,2,12,17,19,29;9,12,17,20,21,22,28;3,7,11,18,21,27,29;17,22,26,28
n1_7511_15_3080 30 1,2,3,4,5;0,2,5,7,12,13,26;0,1,3,7,20,22,25;0,2,4,24,25,28;0,3,5,8,19,23,24;0,1,4,10,13,16,19,23;8,10,11,12,18,20,26;1,2,8,18,19,21,28;4,6,7,19,22,24;10,14,15,17,18,23,25,27;5,6,9,18,19,25;6,19,20,21,28;1,6,20,21,26,27;1,5,14,16,23;9,13,15,23;9,14,20,23,24,26;5,13,17,18,24,25;9,16,18,26,27,29;6,7,9,10,16,17,19,28;4,5,7,8,10,11,18,22,23,26;2,6,11,12,15,27;7,11,12,22,25,27,28;2,8,19,21,27,29;4,5,9,13,14,15,19;3,4,8,15,16,25;2,3,9,10,16,21,24;1,6,12,15,17,19,29;9,12,17,20,21,22,28;3,7,11,18,21,27,29;17,22,26,28
n1_7511_15_3104 30 1,2,3,4,5;0,2,5,7,12,13,26;0,1,3,7,20,22,25;0,2,4,24,25,28;0,3,5,8,19,23,24;0,1,4,10,13,16,19,23;8,10,11,12,18,20,26;1,2,19,21,25,28;4,6,19,22,24;10,14,15,17,18,23,25,27;5,6,9,18,19;6,19,20,21,28;1,6,20,21,26,27;1,5,14,16,23;9,13,15,23;9,14,16,20,23,24,26;5,13,15,17,18,24,25;9,16,18,26,27,29;6,9,10,16,17,19,24,28;4,5,7,8,10,11,18,22,23,26;2,6,11,12,15,27;7,11,12,22,25,28;2,8,19,21,27,29;4,5,9,13,14,15,19;3,4,8,15,16,18;2,3,7,9,16,21;1,6,12,15,17,19,29;9,12,17,20,22,28;3,7,11,18,21,27,29;17,22,26,28
n1_7511_15_3119 30 1,2,3,4,5;0,2,5,7,12,13,26;0,1,3,7,20,22,25;0,2,4,24,25,28;0,3,5,8,19,23,24;0,1,4,10,13,16,19,23;8,10,11,12,18,20,22,26,27;1,2,19,25,28;4,6,22,24;10,14,15,17,18,23,25,27,29;5,6,9,18,19;6,19,20,21,28;1,6,20,21,26,27;1,5,14,16,23;9,13,15,23;9,14,16,20,23,24,26;5,13,15,17,18,24,25;9,16,18,26,29;6,9,10,16,17,19,24,28;4,5,7,10,11,18,22,23,26;2,6,11,12,15,27;11,12,22,25,28;2,6,8,19,21,27,29;4,5,9,13,14,15,19;3,4,8,15,16,18;2,3,7,9,16,21;1,6,12,15,17,19,29;6,9,12,20,22,28;3,7,11,18,21,27,29;9,17,22,26,28
n1_7511_15_3149 30 1,2,3,4,5;0,2,5,7,12,13,26;0,1,3,7,20,22,25;0,2,4,18,24,25,28;0,3,5,8,19,23,24;0,1,4,10,13,16,19,23;8,10,11,12,20,22,26,27;1,2,19,25,27,28;4,6,20,22,24;10,14,15,17,18,23,25,27,29;5,6,9,18,19;6,17,19,20,21,28;1,6,20,21,26,27;1,5,14,16,23;9,13,15,23;9,14,16,23,24,26;5,13,15,17,18,24,25;9,11,16,18,26,29;3,9,10,16,17,19,24,28;4,5,7,10,11,18,22,23,26;2,6,8,11,12,27;11,12,22,25,28;2,6,8,19,21,29;4,5,9,13,14,15,19;3,4,8,15,16,18;2,3,7,9,16,21;1,6,12,15,17,19,29;6,7,9,12,20,28;3,7,11,18,21,27,29;9,17,22,26,28
n1_7511_15_3180 30 1,2,3,4,5;0,2,5,7,12,13,26;0,1,3,7,20,22,25;0,2,4,24,25,28;0,3,5,8,19,23,24;0,1,4,10,13,16,19,23;8,10,11,12,20,22,26,27;1,2,19,25,27,28;4,6,20,22,24;10,14,15,17,18,23,25,29;5,6,9,19,27;6,17,19,20,21,28;1,6,20,21,26,27;1,5,14,16,23;9,13,15,23;9,14,23,24,26;5,13,17,18,24,25;9,11,16,18,26,29;9,16,17,19,24,28;4,5,7,10,11,18,22,23,26,29;2,6,8,11,12,27;11,12,22,25,28;2,6,8,19,21,29;4,5,9,13,14,15,19;3,4,8,15,16,18;2,3,7,9,16,21;1,6,12,15,17,19,29;6,7,10,12,20,28;3,7,11,18,21,27,29;9,17,19,22,26,28
n1_7511_15_3226 30 1,2,3,4,5;0,2,5,7,12,13,26;0,1,3,7,20,22,25,26,29;0,2,4,24,28,29;0,3,5,8,19,23,24;0,1,4,10,13,16,19,23;8,10,11,12,20,22,26,27;1,2,19,25,27,28;4,6,20,22,24;10,14,15,17,18,23,25,29;5,6,9,19,27;6,17,19,20,21,28;1,6,21,26,27;1,5,14,16,23;9,13,15,23;9,14,23,24,26;5,13,17,18,24,25;9,11,16,18,26,29;9,16,17,19,24,28;4,5,7,10,11,18,22,23,29;2,6,8,11,27;11,12,22,25,28;2,6,8,19,21,29;4,5,9,13,14,15,19;3,4,8,15,16,18;2,7,9,16,21;1,2,6,12,15,17,29;6,7,10,12,20,28;3,7,11,18,21,27,29;2,3,9,17,19,22,26,28
n1_7511_15_3272 30 1,2,3,4,5;0,2,5,7,12,13,26;0,1,3,7,20,22,26,27;0,2,4,24,28,29;0,3,5,8,19,23,24;0,1,4,10,13,16,19,23;8,10,11,12,20,22,26,27;1,2,19,25,27,28;4,6,22,24;10,14,15,17,18,23,25,29;5,6,9,19,27;6,17,19,20,21,28;1,6,21,26,27;1,5,14,16,23;9,13,15,23;9,14,23,24,26;5,13,17,18,24,25;9,11,16,18,26,29;9,16,17,19,24,28;4,5,7,10,11,18,22,23,29;2,6,11,27;11,12,22,25,28;2,6,8,19,21,29;4,5,9,13,14,15,19;3,4,8,15,16,18;7,9,16,21;1,2,6,12,15,17,29;2,6,7,10,12,20,28;3,7,11,18,21,27,29;3,9,17,19,22,26,28
n1_7511_15_3307 30 1,2,3,4,5;0,2,5,7,12,13,26;0,1,3,7,20,22,26,27;0,2,4,24,28,29;0,3,5,8,19,23,24;0,1,4,10,13,16,19,23;8,10,11,12,20,22,26,27;1,2,19,25,27,28;4,6,22,24;10,11,14,15,17,18,23,25;5,6,9,19,27;6,9,17,20,21,28;1,6,21,26,27;1,5,14,16,20,23;9,13,15,23;9,14,23,24,26;5,13,17,18,24,25;9,11,16,18,26,29;9,16,17,24,28;4,5,7,10,23,29;2,6,11,13,27;11,12,22,25,28;2,6,8,21,29;4,5,9,13,14,15,19;3,4,8,15,16,18;7,9,16,21;1,2,6,12,15,17,29;2,6,7,10,12,20,28;3,7,11,18,21,27,29;3,17,19,22,26,28
n1_7511_15_3350 30 1,2,3,4,5;0,2,5,7,12,13,26;0,1,3,7,20,22,26,27;0,2,4,24,28,29;0,3,5,8,19,23,24;0,1,4,10,13,16,19,23;8,10,11,12,20,22,26,27;1,2,19,25,27,28;4,6,22,24;10,11,14,15,17,18,23,25;5,6,9,19,27;6,9,17,20,22,28;1,6,21,26,27;1,5,14,16,20,23;9,13,15,23;9,14,23,24,26;5,13,17,18,24,25;9,11,16,18,26,29;9,16,17,24,28;4,5,7,10,23,29;2,6,11,13,27;12,22,25,27,28;2,6,8,11,21,29;4,5,9,13,14,15,19;3,4,8,15,16,18;7,9,16,21,28;1,2,6,12,15,17,28,29;2,6,7,10,12,20,21,28;3,7,11,18,21,25,26,27,29;3,17,19,22,26,28
n1_7511_15_3364 30 1,2,3,4,5;0,2,5,7,12,13,26;0,1,3,6,7,20,22,26,27;0,2,4,24,28,29;0,3,5,8,19,23,24;0,1,4,10,13,16,19,23;2,8,10,11,12,18,20,22,26,27;1,2,19,25,27,28;4,6,22,24;10,11,14,15,17,18,23,25;5,6,9,19,27;6,9,17,20,22,28;1,6,21,26,27;1,5,14,16,20,23;9,13,15,23;9,14,23,24,26;5,13,17,18,24,25;9,11,16,18,26,27,29;6,9,16,17,24,28;4,5,7,10,20,23,29;2,6,11,13,19;12,22,25,27,28;2,6,8,11,21,29;4,5,9,13,14,15,19;3,4,8,15,16,18;7,9,16,21,28;1,2,6,12,15,17,28,29;2,6,7,10,12,17,21,28;3,7,11,18,21,25,26,27,29;3,17,19,22,26,28
n1_7511_15_3376 30 1,2,3,4,5;0,2,5,7,12,13,26;0,1,3,20,22,26,27;0,2,4,24,28,29;0,3,5,8,19,23,24;0,1,4,10,13,16,19,23;8,10,11,12,18,20,22,26,27;1,19,25,27,28;4,6,22,24;10,11,14,15,17,18,23,25;5,6,9,19,27;6,9,17,20,22,28;1,6,18,21,22,26,27;1,5,14,16,20,23;9,13,15,23;9,14,23,24,26;5,13,17,18,24,25;9,11,16,18,26,27,29;6,9,12,16,17,24,28;4,5,7,10,23,29;2,6,11,13;12,22,25,27,28;2,6,8,11,12,21,27,29;4,5,9,13,14,15,19;3,4,8,15,16,18;7,9,16,21,28;1,2,6,12,15,17,28,29;2,6,7,10,12,17,21,22,28;3,7,11,18,21,25,26,27,29;3,17,19,22,26,28
n1_7511_15_3402 30 1,2,3,4,5;0,2,5,7,12,13,26;0,1,3,20,22,26,27;0,2,4,24,28,29;0,3,5,8,19,23,24;0,1,4,10,13,16,19,23;8,10,11,18,20,22,26,27,28;1,19,25,27,28;4,6,22,24;10,11,14,15,17,18,23,25;5,6,9,19,27;6,9,17,20,22,24,28;1,18,21,22,26,27;1,5,14,16,20,23;9,13,15,23;9,14,20,23,24,26;5,13,17,18,24,25;9,11,16,18,26,27,29;6,9,12,16,17,19,24,28;4,5,7,10,18,23,29;2,6,11,13,15;12,22,25,28,29;2,6,8,11,12,21,27,29;4,5,9,13,14,15,19;3,4,8,11,15,16,18;7,9,16,21,28;1,2,6,12,15,17,28,29;2,6,7,10,12,17,22;3,6,7,11,18,21,25,26,29;3,17,19,21,22,26,28
n1_7511_15_3416 30 1,2,3,4,5;0,2,5,7,12,13,22,26;0,1,3,11,20,22,26;0,2,4,24,28,29;0,3,5,8,19,23,24;0,1,4,10,13,16,19,23;8,10,11,18,20,22,27,28;1,19,25,27,28;4,6,22,24;10,11,14,15,17,18,23,25;5,6,9,19,27;2,6,9,17,20,22,24,28;1,18,21,26,27;1,5,14,16,20,23;9,13,15,23;9,14,20,23,24,26;5,13,17,18,24,25;9,11,16,18,26,27,29;6,9,12,16,17,19,21,24,28;4,5,7,10,18,23,29;2,6,11,13,15,27;12,18,22,25,28,29;1,2,6,8,11,21,29;4,5,9,13,14,15,19;3,4,8,11,15,16,18;7,9,16,21,28;1,2,12,15,17,28,29;6,7,10,12,17,20;3,6,7,11,18,21,25,26,29;3,17,19,21,22,26,28
n1_7511_15_3445 30 1,2,3,4,5;0,2,5,7,12,13,22,26;0,1,3,11,20,22;0,2,4,24,25,28,29;0,3,5,8,19,23,24;0,1,4,10,13,16,19,23;8,10,11,18,20,22,27,28;1,19,25,27,28;4,6,22,24;10,14,15,17,18,23,25;5,6,9,19,27;2,6,20,22,24,28;1,18,20,21,26,27;1,5,14,16,20,23;9,13,15,23;9,14,20,23,24,26;5,13,17,18,24,25;9,16,18,26,27,29;6,9,12,16,17,19,21,24,28;4,5,7,10,18,23,25;2,6,11,12,13,15,27;12,18,22,25,28,29;1,2,6,8,11,21,29;4,5,9,13,14,15,19;3,4,8,11,15,16,18;3,7,9,16,19,21,28;1,12,15,17,28,29;6,7,10,12,17,20;3,6,7,11,18,21,25,26,29;3,17,21,22,26,28
n1_7121_17_5 29 1,2,3,4,5;0,2,5,8,14,28;0,1,3,22,28;0,2,4,7,16,17,19,22,23,25,26;0,3,5,12,17,24,25;0,1,4,8,9,12;10,11,16,19,21,22,27;3,10,17,19,23,26,28;1,5,11,18,23,27;5,12,14,15,17,22,27,28;6,7,11,12,13,16;6,8,10,16,20,25;4,5,9,10,15,20,23,25,26;10,14,18,25,28;1,9,13,20,22,25;9,12,21,24,25,27;3,6,10,11,17,19,20,21,26,28;3,4,7,9,16,23,24;8,13,26,28;3,6,7,16,21,28;11,12,14,16,25;6,15,16,19,23,24,27;2,3,6,9,14,24,25,26,28;3,7,8,12,17,21,27;4,15,17,21,22;3,4,11,12,13,14,15,20,22,27;3,7,12,16,18,22;6,8,9,15,21,23,25;1,2,7,9,13,16,18,19,22
n1_7121_17_268 29 1,2,3,4,5;0,2,5,8,14;0,1,3,22,28;0,2,4,6,7,17,22,23,24,25,27;0,3,5,12,17,24,25;0,1,4,8,9,11;3,10,16,17,22,27;3,12,17,21,23,26;1,5,18,19,23,28;5,11,14,15,17,19,22,28;6,11,12,13,16,25;5,9,10,16,24,26;4,7,10,15,16,20,26;10,14,18,25,28;1,9,13,20,22,25;9,12,19,21,25,27;6,10,11,12,17,19,20,21,26;3,4,6,7,9,16,23,24;8,13,26,28;8,9,15,16,21,23,28;12,14,16,25;7,15,16,19,23,26,27;2,3,6,9,14,25,26,28;3,7,8,17,19,21;3,4,11,17;3,4,10,13,14,15,20,22,27;7,11,12,16,18,21,22;3,6,15,21,25;2,8,9,13,18,19,22
n1_7121_17_649 29 1,2,3,4,5;0,2,5,8,14;0,1,3,22,28;0,2,4,7,15,17,22,23,25,27;0,3,5,12,17,21,24,25;0,1,4,8,9,11,12,15;8,10,11,16,22,27;3,17,19,23,26;1,5,6,18,19,23,28;5,11,12,13,14,15,19,22,28;6,12,13,15,16,25;5,6,9,15,16,26;4,5,9,10,16,20;9,10,14,18,24,25,28;1,9,13,20,22,24;3,5,9,10,11,19,21,27;6,10,11,12,19,20,21,26;3,4,7,23,24;8,13,26,28;7,8,9,15,16,21,23;12,14,16,24,25;4,15,16,19,23,26,27;2,3,6,9,14,25,26,28;3,7,8,17,19,21,27;4,13,14,17,20,27;3,4,10,13,20,22,27;7,11,16,18,21,22;3,6,15,21,23,24,25;2,8,9,13,18,22
n1_7121_17_915 29 1,2,3,4,5;0,2,5,8,14;0,1,3,22,28;0,2,4,7,17,22,25,26;0,3,5,17,19,21,24,25;0,1,4,8,9,11,12,15;8,10,11,16,19,22,27;3,12,19,21,26;1,5,6,17,18,19,28;5,11,12,13,14,22,27,28;6,12,13,15,25;5,6,9,15,20,25,26;5,7,9,10,15,16,20;9,10,14,18,24,25,28;1,9,13,20,22,24,25;5,10,11,12,17,21,25,27;6,12,19,20,21,23,26;3,4,8,15,21,24;8,13,26,28;4,6,7,8,16,21,25;11,12,14,16,24;4,7,15,16,17,19,23,24,25,27;2,3,6,9,14,25,26,28;16,21,27;4,13,14,17,20,21,27;3,4,10,11,13,14,15,19,21,22,27;3,7,11,16,18,22;6,9,15,21,23,24,25,28;2,8,9,13,18,22,27
n1_7121_17_1191 29 1,2,3,4,5;0,2,5,8,14;0,1,3,21,22,28;0,2,4,22,25,27;0,3,5,17,19,21,24,25;0,1,4,8,9,11,12,15;8,10,11,16,17,19,22,27;10,12,19,21,24;1,5,6,18,23,27,28;5,11,12,13,14,27,28;6,7,12,13,15,25;5,6,9,15,25,26;5,7,9,10,15,20;9,10,14,18,25,28;1,9,13,20,22,25;5,10,11,12,25,27;6,19,20,21,23,26,27;4,6,21,24;8,13,26,28;4,6,7,16,21,25;12,14,16,24;2,4,7,16,17,19,22,23,24,25,26;2,3,6,14,21,25,26,28;8,16,21,27;4,7,17,20,21,27;3,4,10,11,13,14,15,19,21,22,27;11,16,18,21,22;3,6,8,9,15,16,23,24,25;2,8,9,13,18,22
n1_7121_17_1450 29 1,2,3,4,5;0,2,5,8,14;0,1,3,21,22,28;0,2,4,19,22,24,25,27;0,3,5,17,19,21,24,25;0,1,4,8,9,11,12,15;8,10,11,12,16,17,19,22;10,12,21,24;1,5,6,18,19,27,28;5,11,12,13,14,27,28;6,7,12,13,15,25;5,6,9,16,20,24,26;5,6,7,9,10,15,16,25;9,10,14,18,24,25,28;1,9,13,20,22,25;5,10,12,25,27;6,11,12,19,20,21,23,26;4,6,21,24,28;8,13,26,28;3,4,6,8,16,23;11,14,16,24,25;2,4,7,16,17,22,23,24,25,26;2,3,6,14,21,25,26;16,19,21;3,4,7,11,13,17,20,21,27;3,4,10,12,13,14,15,20,21,22;11,16,18,21,22;3,8,9,15,24;2,8,9,13,17,18
n1_7121_17_1840 29 1,2,3,4,5;0,2,5,8,14;0,1,3,22,28;0,2,4,15,17,19,22,23,25,27;0,3,5,9,10,17,24,27;0,1,4,8,9,11,12,15;8,10,11,16,17,22;10,12,21,24,25,27;1,5,6,17,18,19,23,28;4,5,11,12,14,27,28;4,6,7,12,13,15,25;5,6,9,16,20,25,26;5,7,9,10,15,24,25;10,14,18,25,28;1,9,13,20,22,25;3,5,10,12,19,25;6,11,19,20,21,23,26;3,4,6,8,21,24,25,28;8,13,26,28;3,8,15,16,23,24;11,14,16,24,25;7,16,17,23,26,27;2,3,6,14,23,25,26;3,8,16,19,21,22;4,7,12,17,19,20,27;3,7,10,11,12,13,14,15,17,20,22;11,16,18,21,22;3,4,7,9,21,24;2,8,9,13,17,18
n1_7121_17_2160 29 1,2,3,4,5;0,2,5,8,14;0,1,3,22,28;0,2,4,16,17,22,23,25,27;0,3,5,9,10,12,17,19,24;0,1,4,8,9,11,15;10,11,16;9,10,12,25,27;1,5,18,23,27,28;4,5,7,11,14,17,28;4,6,7,11,12,13,25;5,6,9,10,16,20,26;4,7,10,15,16,20,24,25;10,14,18,25,28;1,9,13,20,22,24,25;5,12,19,21,25;3,6,11,12,17,19,20,21,23,26,27;3,4,9,16,21,23,24,28;8,13,26,28;4,15,16,20,23,24;11,12,14,16,19,24,25;15,16,17,23,24,26;2,3,14,25,26;3,8,16,17,19,21;4,12,14,17,19,20,21,27;3,7,10,12,13,14,15,20,22;11,16,18,21,22;3,7,8,16,24;2,8,9,13,17,18
n1_7121_20_1038 29 1,2,3,4,5;0,2,5,8,28;0,1,3,7,19,20,22,26,28;0,2,4,7,17,22,26;0,3,5,10,17,24,27;0,1,4,8,12;12,18,19,24,25;2,3,8,10,16,19,20,27;1,5,7,12,17,18,23;13,14,18,22,28;4,7,11,14,16,25;10,16,20,26;5,6,8,13,20,23,26;9,12,14,20,23;9,10,13,20,22,24,25;18,19,26,27;7,10,11,18,19,21,26;3,4,8,23,28;6,8,9,15,16,21,23,24,26,28;2,6,7,15,16,27;2,7,11,12,13,14,23,24,28;16,18,24,26,27;2,3,9,14,24,25,26;8,12,13,17,18,20;4,6,14,18,20,21,22,27;6,10,14,22,27;2,3,11,12,15,16,18,21,22,27;4,7,15,19,21,24,25,26;1,2,9,17,18,20
n1_7121_20_1204 29 1,2,3,4,5;0,2,5,8,28;0,1,3,7,19,20,22,28;0,2,4,6,7,17,26,27;0,3,5,10,12,24,25,27;0,1,4,8,12;3,12,18,19,24,25,27;2,3,8,10,16,17,19,20;1,5,7,11,12,17,18,23;13,14,17,18,22,28;4,7,11,14,16,25,26;8,10,16,20,26;4,5,6,8,13,20,23,26;9,12,14,20,23;9,10,13,20,22,24,25;18,19,21,26,27;7,10,11,18,19,21,26;3,7,8,9,23,28;6,8,9,15,16,21,23,24,28;2,6,7,15,16,22;2,7,11,12,13,14,23,24,26,28;15,16,18,24,26;2,9,14,19,25,26;8,12,13,17,18,20;4,6,14,18,20,21,27;4,6,10,14,22,27;3,10,11,12,15,16,20,21,22;3,4,6,15,24,25;1,2,9,17,18,20
n1_7121_20_1398 29 1,2,3,4,5;0,2,5,8,28;0,1,3,7,19,20,21,22,26,28;0,2,4,6,7,17,22,26,27;0,3,5,10,12,17,24,25;0,1,4,6,8,11,12;3,5,10,12,18,24,27;2,3,8,10,16,17,19,20;1,5,7,11,12,17,18,23;13,14,17,18,22,28;4,6,7,11,14,16,25;5,8,10,20,23,24;4,5,6,8,13,15,20,23,26;9,12,14,20,23;9,10,13,20,22,24,25;12,18,19,21,26;7,10,18,19,26;3,4,7,8,9,28;6,8,9,15,16,21,23,28;2,7,15,16,22,24;2,7,11,12,13,14,23,24,26,28;2,15,18,24,26;2,3,9,14,19,25,26;8,11,12,13,18,20;4,6,11,14,19,20,21,27;4,10,14,22,27;2,3,12,15,16,20,21,22;3,6,24,25;1,2,9,17,18,20
n1_7121_20_1658 29 1,2,3,4,5;0,2,5,8,28;0,1,3,7,9,19,20,21,22,26,28;0,2,4,6,7,17,22,26,27;0,3,5,10,11,24,25;0,1,4,8,11,12;3,11,18,21,24,27;2,3,8,10,16,17,19,20;1,5,7,11,12,17,18,23;2,13,14,18,22,28;4,7,11,12,16,24,25;4,5,6,8,10,23,24;5,8,10,13,15,16,20,23,26;9,12,14,20,23;9,13,20,22,24,25;12,18,19,26;7,10,12,18,21,26;3,7,8,23,28;6,8,9,15,16,23,28;2,7,15,22,24;2,7,12,13,14,23,24,25,28;2,6,16,24,26,27;2,3,9,14,19,25,26;8,11,12,13,17,18,20;4,6,10,11,14,19,20,21,27;4,10,14,20,22,27;2,3,12,15,16,21,22,27;3,6,21,24,25,26;1,2,9,17,18,20
n1_7121_20_1746 29 1,2,3,4,5;0,2,5,8,28;0,1,3,7,9,19,20,21,22,28;0,2,4,7,16,17,22,26,27;0,3,5,18,24,25,27;0,1,4,6,8,11,12;5,11,18,21,24,27;2,3,8,10,15,17,20,27;1,5,7,11,12,17,18,23;2,13,14,17,18,22,28;7,11,12,16,24,25;5,6,8,10,23,24;5,8,10,13,16,20,23;9,12,14,20,23;9,13,20,22,24,25;7,18,21,26;3,10,12,18,21,26,27;3,7,8,9,21,23,28;4,6,8,9,15,16,19,23,28;2,18,22,26;2,7,12,13,14,23,25,28;2,6,15,16,17,24,26;2,3,9,14,19,25,26;8,11,12,13,17,18,20;4,6,10,11,14,21,27;4,10,14,20,22;3,15,16,19,21,22,27;3,4,6,7,16,24,26;1,2,9,17,18,20
n1_7121_20_1879 29 1,2,3,4,5;0,2,5,8,14,28;0,1,3,7,19,20,21,22,28;0,2,4,7,16,17,22,26,27;0,3,5,10,19,21,24,25,27;0,1,4,6,8,11,12;5,11,12,18,21,24,25,27;2,3,15,17,27;1,5,12,17,18,23,26;13,14,22,28;4,11,12,16,24,25;5,6,10,23,24;5,6,8,10,13,20,23;9,12,14,20,23;1,9,13,20,24,25;7,18,21,26;3,10,18,26,27;3,7,8,21,23;6,8,15,16,19,24,28;2,4,18,22,24,26;2,12,13,14,23,25,26,28;2,4,6,15,17,24,26,27;2,3,9,19,25,26;8,11,12,13,17,20;4,6,10,11,14,18,19,21,27;4,6,10,14,20,22;3,8,15,16,19,20,21,22,27;3,4,6,7,16,21,24,26;1,2,9,18,20
n1_7121_20_2049 29 1,2,3,4,5;0,2,5,8,14,28;0,1,3,7,19,20,21,22,26,28;0,2,4,7,15,17,24,26;0,3,5,10,11,19,21,25;0,1,4,8,11,12;10,11,12,18,21,24,25,27;2,3,15,17,27;1,5,12,17,18,23,26;13,14,22,28;4,6,11,12,16,24,25,26;4,5,6,10,13,20,23,24;5,6,8,10,13,23,26;9,11,12,14,20,23;1,9,13,20,24,25;3,7,18,21,26;10,21,26,27;3,7,8,19,23;6,8,15,19,24;2,4,17,18,22,26,27;2,11,13,14,23,25,26,28;2,4,6,15,16,24,26,27;2,9,19,25,26;8,11,12,13,17,20,27;3,6,10,11,14,18,21,27;4,6,10,14,20,22;2,3,8,10,12,15,16,19,20,21,22,27;6,7,16,19,21,23,24,26,28;1,2,9,20,27
n1_7121_20_2209 29 1,2,3,4,5;0,2,5,8,28;0,1,3,20,22,26,28;0,2,4,7,15,17,24,27;0,3,5,21,24,25,27;0,1,4,8,12;10,11,12,18,21,25;3,15,19,27;1,5,12,17,18,23,26;13,14,18,22,28;6,11,12,16,24,25,26;6,10,13,15,20,24;5,6,8,10,13,16,23,26;9,11,12,14,20,23;9,13,20,22,24,25;3,7,11,18,26;10,12,18,19,21,26,27;3,8,19,23,26;6,8,9,15,16,19,21,24;7,16,17,18,22,24,26;2,11,13,14,23,26,28;4,6,16,18,26,27;2,9,14,19,25,26;8,12,13,17,20,27;3,4,10,11,14,18,19;4,6,10,14,22,27;2,8,10,12,15,16,17,19,20,21,22,27;3,4,7,16,21,23,25,26,28;1,2,9,20,27
n1_7121_103_1164 28 1,2,3,4,5;0,2,5,11,14,21,22;0,1,3,9,10,12,26;0,2,4,8,10,12,13,19;0,3,5,6,7,9,17,18;0,1,4,6,7,11,17,21;4,5,7,12,18,21;4,5,6,15,20,22,23,26;3,9,12,23,24,27;2,4,8,12,25,26;2,3,12,15,17,23,24;1,5,16,18,21,25,26,27;2,3,6,8,9,10,14,19,21;3,17,25,27;1,12,20,21,22,23;7,10,20,27;11,17,18,23;4,5,10,13,16,20,22,27;4,6,11,16,25;3,12,20,23,26,27;7,14,15,17,19,24,26;1,5,6,11,12,14;1,7,14,17,27;7,8,10,14,16,19,24,26;8,10,20,23,26;9,11,13,18,26,27;2,7,9,11,19,20,23,24,25;8,11,13,15,17,19,22,25
n1_7121_103_1312 28 1,2,3,4,5;0,2,5,8,11,14,21,22;0,1,3,10,12,26;0,2,4,8,10,12,13,19;0,3,5,6,7,9,17,18;0,1,4,6,7,11,17,21;4,5,7,12,18,21;4,5,6,15,22,26;1,3,9,12,24,27;4,8,12,25,26;2,3,11,12,15,17,23,24;1,5,10,16,18,21,25,26,27;2,3,6,8,9,10,14,19,21,26;3,17,25,27;1,12,21,22,23;7,10,20,27;11,17,18,23;4,5,10,13,16,20,22,27;4,6,11,16,25;3,12,20,23,24,26,27;15,17,19,24,26;1,5,6,11,12,14;1,7,14,17,24,27;10,14,16,19,24;8,10,19,20,22,23,26;9,11,13,18,26,27;2,7,9,11,12,19,20,24,25;8,11,13,15,17,19,22,25
n1_7121_103_1402 28 1,2,3,4,5;0,2,5,8,11,14,21,22;0,1,3,9,10,12,23,26;0,2,4,8,10,12,13,26;0,3,5,6,7,9,17,18;0,1,4,6,7,11,17,21;4,5,7,12,18,21;4,5,6,22,26;1,3,12,24,27;2,4,12,25,26;2,3,11,15,17,20,23,24;1,5,10,16,18,21,25,27;2,3,6,8,9,14,21,26;3,17,25,27;1,12,21,22,23;10,17,20,23,27;11,17,18,23;4,5,10,13,15,16,20,22,23,26,27;4,6,11,16,25;20,24,26,27;10,15,17,19,26;1,5,6,11,12,14;1,7,14,17,24,27;2,10,14,15,16,17;8,10,19,22,26;9,11,13,18,26,27;2,3,7,9,12,17,19,20,24,25;8,11,13,15,17,19,22,25
n1_7121_103_1522 28 1,2,3,4,5;0,2,5,8,11,14,21,22;0,1,3,9,10,23,26;0,2,4,8,12,13,19,26;0,3,5,6,7,17,18,25;0,1,4,6,7,11,17,21;4,5,7,12,18,21;4,5,6,14,22,26;1,3,20,24,27;2,12,25,26;2,11,13,17,20,23,24;1,5,10,16,21,25,27;3,6,9,14,19,21,26;3,10,17,25;1,7,12,21,22,23;17,20,23,27;11,17,18,23;4,5,10,13,15,16,20,22,23,26,27;4,6,16,25;3,12,24,26,27;8,10,15,17,26;1,5,6,11,12,14;1,7,14,17,24,27;2,10,14,15,16,17;8,10,19,22,26,27;4,9,11,13,18,26,27;2,3,7,9,12,17,19,20,24,25;8,11,15,17,19,22,24,25
n1_7121_103_1620 28 1,2,3,4,5;0,2,5,8,11,14,21,22;0,1,3,10,12,26;0,2,4,8,12,13,19,26;0,3,5,6,7,18,25;0,1,4,6,7,11,17,21;4,5,7,12,18,21;4,5,6,14,15,22,26;1,3,9,20,24,27;8,12,25,26;2,11,13,17,20,23,24;1,5,10,16,21,25,27;2,3,6,9,14,19,21,26,27;3,10,17,25;1,7,12,21,22,23;7,20,23,26;11,17,18,20,23;5,10,13,16,20,22,23,26;4,6,16,25;3,12,24,26,27;8,10,15,16,17,26;1,5,6,11,12,14;1,7,14,17,24,27;10,14,15,16,17,24;8,10,19,22,23,26,27;4,9,11,13,18,26;2,3,7,9,12,15,17,19,20,24,25;8,11,12,19,22,24
n1_7121_103_1751 28 1,2,3,4,5;0,2,5,11,14,20,21,22,23;0,1,3,9,10,12,24,26;0,2,4,10,12,13,19,25;0,3,5,6,7,18,25;0,1,4,6,7,11,17,21;4,5,7,12,18,21;4,5,6,14,15,22,26;9,20,24,26,27;2,8,12,25,26;2,3,11,13,17,20,23,24;1,5,10,16,21,25,27;2,3,6,9,14,19,21,26,27;3,10,17,25;1,7,12,21,22,23;7,20,23,26;11,17,18,20;5,10,13,16,20,23,26;4,6,16,25;3,12,24,27;1,8,10,15,16,17,26;1,5,6,11,12,14;1,7,14,24,27;1,10,14,15,17;2,8,10,19,22,26,27;3,4,9,11,13,18,26;2,7,8,9,12,15,17,20,24,25;8,11,12,19,22,24
n1_7121_103_1999 28 1,2,3,4,5;0,2,5,11,14,20,21,22;0,1,3,9,10,12,26;0,2,4,10,12,13,19;0,3,5,6,7,18,25;0,1,4,6,7,11,17,21;4,5,7,12,18,21;4,5,6,10,14,15,22,23;9,20,24,26,27;2,8,12,25,26;2,3,7,11,13,17,20,23,24;1,5,10,16,21,25,27;2,3,6,9,14,19,21,26,27;3,10,17,25;1,7,12,21,22,23;7,20,23,26;11,17,18,20;5,10,13,16,20,26;4,6,16,25;3,12,24,27;1,8,10,15,16,17,26;1,5,6,11,12,14;1,7,14,27;7,10,14,15,24;8,10,19,23,26,27;4,9,11,13,18,26;2,8,9,12,15,17,20,24,25;8,11,12,19,22,24
n1_7121_103_2264 28 1,2,3,4,5;0,2,5,11,14,20,21,22;0,1,3,9,23,26,27;0,2,4,10,12,13;0,3,5,6,7,18,25;0,1,4,6,7,11,17,21;4,5,7,12,18,21;4,5,6,14,15,22,23;20,24,26;2,12,13,19,25,26;3,13,17,19,20,23,24;1,5,16,21,25,27;3,6,9,14,19,21,27;3,9,10,17,25;1,7,12,21,22,23;7,20,23,26;11,17,18,20,23;5,10,13,16,20,26;4,6,16,25;9,10,12,20,24,27;1,8,10,15,16,17,19,26;1,5,6,11,12,14;1,7,14,27;2,7,10,14,15,16,24;8,10,19,23,26,27;4,9,11,13,18,26;2,8,9,15,17,20,24,25;2,11,12,19,22,24
n1_7121_110_369 29 1,2,3,4,5;0,2,5,8,28;0,1,3,20,22,26,28;0,2,4,6,7,15,17,22,27;0,3,5,11,19,24,27;0,1,4,8,12;3,10,11,14,15,25,27;3,10,12,16,17,18,19,21,25;1,5,11,12,17,23,27,28;13,14,18,22,28;6,7,11,12,16,26;4,6,8,10,13,15,16,25;5,7,8,10,15,19,20,23,25;9,11,14,20,23;6,9,13,22,24,25;3,6,11,12,19,21,24,25;7,10,11,18,19,26;3,7,8,23,24,26;7,9,16,21,23;4,7,12,15,16;2,12,13,23,24,26;7,15,18,24,26,27;2,3,9,14,24,26;8,12,13,17,18,20;4,14,15,17,20,21,22;6,7,11,12,14,15;2,10,16,17,20,21,22;3,4,6,8,21,28;1,2,8,9,27
n1_7121_110_537 29 1,2,3,4,5;0,2,5,8,28;0,1,3,20,22,26,28;0,2,4,6,17,22,27;0,3,5,6,10,11,18,19,24,25,27;0,1,4,8,12;3,4,10,11,14,15,19,25,27;8,11,12,16,17,18,19,21,22;1,5,7,12,17,18,23,27,28;13,14,18,22,28;4,6,11,12,14,26;4,6,7,10,13,15,16;5,7,8,10,15,19,20,23,25,26;9,11,14,20,23;6,9,10,13,22,24;6,11,12,19,21,25;7,11,18,19,26;3,7,8,23,24;4,7,8,9,16,23,26,28;4,6,7,12,15,16,26;2,12,13,23,24,26;7,15,24,26,27;2,3,7,9,14,24,26;8,12,13,17,18,20;4,14,17,20,21,22;4,6,12,15;2,10,12,16,18,19,20,21,22;3,4,6,8,21,28;1,2,8,9,18,27
n1_7121_110_849 29 1,2,3,4,5;0,2,5,8,28;0,1,3,7,20,22,26,28;0,2,4,6,16,17,22,27;0,3,5,6,11,19,24,27;0,1,4,8,11,12,14;3,4,10,14,15,17,19,25,27;2,8,11,16,17,18,19,21,22;1,5,7,12,17,18,23,26,28;13,14,18,22,27,28;6,11,12,14,16,26;4,5,7,10,13,15,16,23,25,26;5,8,10,15,19,20,25,26;9,11,14,20,23;5,6,9,10,13,22,24;6,11,12,19,21,25;3,7,10,11,18,19;3,6,7,8,23;7,8,9,16,28;4,6,7,12,15,16;2,12,13,23,24,26;7,15,24,26,27;2,3,7,9,14,24,26;8,11,13,17,20;4,14,20,21,22,25;6,11,12,15,24;2,8,10,11,12,20,21,22;3,4,6,9,21,28;1,2,8,9,18,27
n1_7121_110_1088 29 1,2,3,4,5;0,2,5,8,28;0,1,3,7,20,22,26;0,2,4,6,16,22,27;0,3,5,6,11,12,17,24;0,1,4,8,11,12,14;3,4,10,12,14,17,19,22,25,27;2,8,11,16,18,21,25;1,5,7,12,17,18,23,28;13,14,18,22,27,28;6,12,14,16,26;4,5,7,13,15,16,19,23,25;4,5,6,8,10,15,19,20,26;9,11,14,20,23;5,6,9,10,13,22,24;11,12,17,18,19,21,24,25,27;3,7,10,11,18,19,28;4,6,8,15,21,23;7,8,9,15,16,28;6,11,12,15,16;2,12,13,23,24,26;7,15,17,24,26,27;2,3,6,9,14,24,26;8,11,13,17,20;4,14,15,20,21,22,25;6,7,11,15,24;2,10,12,20,21,22;3,6,9,15,21,28;1,8,9,16,18,27
n1_7121_110_1356 29 1,2,3,4,5;0,2,5,8,28;0,1,3,7,20,22,26;0,2,4,6,16,17,18,22,27;0,3,5,6,11,12,17,18,24;0,1,4,8,12,14;3,4,10,12,14,15,17,19,20,22,25;2,8,11,16,18,21,25;1,5,7,11,12,18,23,26,28;13,14,16,22,28;6,12,14,16,26;4,7,8,13,15,16,19,23,25;4,5,6,8,10,13,15,19,20,23;9,11,12,14,20,23;5,6,9,10,13,20,22,24;6,11,12,18,19,21,25,27;3,7,9,10,11,18,19,27,28;3,4,6,23,26;3,4,7,8,15,16,28;6,11,12,15,16;2,6,12,13,14,23,24,26;7,15,24,26,27;2,3,6,9,14,24,26;8,11,12,13,17,20,27;4,14,20,21,22,25;6,7,11,15,24;2,8,10,17,20,21,22;3,15,16,21,23,28;1,8,9,16,18,27
n1_7121_110_1597 29 1,2,3,4,5;0,2,5,8,14,28;0,1,3,20,22,26,28;0,2,4,6,16,17,18,22,27;0,3,5,11,12,17,18,24;0,1,4,8,12,14;3,10,12,15,17,18,19,20,22,25;8,10,11,16,17,18,19,21;1,5,7,11,18,23,26,27;13,14,16,22,28;6,7,11,16,26;4,7,8,10,13,15,16,19,23,25;4,5,6,13,15,19,20,23,26;9,11,12,14,20,23;1,5,9,13,20,22,24;6,11,12,19,21,24,25,27;3,7,9,10,11,18,19,27,28;3,4,6,7,23,24,26;3,4,6,7,8,16,24,26,28;6,7,11,12,15,16;2,6,12,13,14,23,24,26;7,15,24,27;2,3,6,9,14,24,26;8,11,12,13,17,20,27;4,14,15,17,18,20,21,22,25;6,11,15,24;2,8,10,12,17,18,20,22,27;3,8,15,16,21,23,26,28;1,2,9,16,18,27
n1_7121_110_1794 29 1,2,3,4,5;0,2,5,8,14,28;0,1,3,7,20,22,26,28;0,2,4,6,16,17,18,22,27;0,3,5,11,12,17,24;0,1,4,8,12,14;3,10,12,14,15,17,19,20,22,25;2,8,10,11,17,19,21,22,27;1,5,7,12,18,23;13,14,16,22,28;6,7,11,16,26;4,7,10,15,19,23,24,25,26;4,5,6,8,13,15,19,20,23,26;9,12,14,20,23;1,5,6,9,13,20,22,24;6,11,12,18,19,21,24,25,27;3,9,10,17,19,27,28;3,4,6,7,16,21,23,24,28;3,8,15,24;6,7,11,12,15,16;2,6,12,13,14,23,26;7,15,17,24;2,3,6,7,9,14,26,28;8,11,12,13,17,20,27;4,11,14,15,17,18,21,25;6,11,15,24;2,10,11,12,20,22,27;3,7,15,16,23,26,28;1,2,9,16,17,22,27
n1_7121_110_2160 29 1,2,3,4,5;0,2,5,8,14,28;0,1,3,7,20,22,26,28;0,2,4,6,16,17,18;0,3,5,12,17,24;0,1,4,8,12,14;3,10,12,15,17,20,25;2,10,17,19,21,22,25,27;1,5,12,23,27,28;13,14,17,22,27,28;6,7,11,12,16,26;10,15,19,23,24,26;4,5,6,8,10,13,15,19,20,25,26;9,12,14,20,23;1,5,9,13,20,22,24;6,11,12,18,19,21,24,25,27;3,10,17,19,26,27;3,4,6,7,9,16,21,23,24;3,15,24,28;7,11,12,15,16,26;2,6,12,13,14,23,26;7,15,17,22,24;2,7,9,14,21,26,28;8,11,13,17,20;4,11,14,15,17,18,21,25;6,7,12,15,24;2,10,11,12,16,19,20,22;7,8,9,15,16,28;1,2,8,9,18,22,27
n1_7121_119_1473 28 1,2,3,4,5;0,2,5,20,21;0,1,3,8,9,10,12,22;0,2,4,13,25,26,27;0,3,5,6,7;0,1,4,6,7,11,21;4,5,12,17,18,21;4,5,11,13,14,16,20,22,26;2,10,19,23,26,27;2,10,12,13,23,26;2,8,9,15,17,19,20,22,23,25;5,7,16,17,25,27;2,6,9,18,19,21,26,27;3,7,9,25,27;7,16,20,21,22;10,20,22,23,27;7,11,14,17,18,20,22;6,10,11,16,19,24;6,12,16,25;8,10,12,17,23,24;1,7,10,14,15,16,21;1,5,6,12,14,20;2,7,10,14,15,16;8,9,10,15,19,26;17,19,26,27;3,10,11,13,18,27;3,7,8,9,12,23,24;3,8,11,12,13,15,24,25
n1_7121_119_1579 28 1,2,3,4,5;0,2,5,21,22;0,1,3,8,9,10,15,20,22;0,2,4,13,17,25,26,27;0,3,5,6,7;0,1,4,6,7,11,21;4,5,12,17,18,21;4,5,11,13,14,16,22,26;2,9,10,19,23,27;2,8,10,12,13,23,26;2,8,9,17,19,20,23,25;5,7,16,17,25,27;6,9,18,19,21,23,26,27;3,7,9,25,27;7,16,20,21,22;2,20,22,23,27;7,11,14,17,18,20,22;3,6,10,11,16,24,27;6,12,16,25;8,10,12,23,24;2,10,14,15,16,21;1,5,6,12,14,20,22;1,2,7,14,15,16,21,26;8,9,10,12,15,19,26;17,19,26,27;3,10,11,13,18;3,7,9,12,22,23,24;3,8,11,12,13,15,17,24
n1_7121_119_1660 28 1,2,3,4,5;0,2,5,20,21,22;0,1,3,8,9,10,15,20,26;0,2,4,13,17,25,26,27;0,3,5,6,7;0,1,4,6,7,11,21;4,5,12,17,18,21;4,5,11,13,14,16,22,26;2,9,10,23,27;2,8,10,12,13,23,26;2,8,9,17,19,20,22,25;5,7,16,17,25,27;6,9,18,21,23,26,27;3,7,9,19,25,27;7,16,20,21,22;2,20,22,23,27;7,11,14,17,18,20,22;3,6,10,11,16,19,24,27;6,12,16,25;10,13,17,24,25;1,2,10,14,15,16;1,5,6,12,14,22;1,7,10,14,15,16,21;8,9,12,15,26;17,19,26,27;3,10,11,13,18,19;2,3,7,9,12,23,24;3,8,11,12,13,15,17,24
n1_7121_119_1759 28 1,2,3,4,5;0,2,5,20,21,22;0,1,3,8,20,22,26;0,2,4,13,17,25,26,27;0,3,5,6,19,25;0,1,4,6,7,11,21;4,5,12,17,18,21;5,11,13,14,16,22,26;2,9,10,23,26,27;8,10,12,13,17,23,26;8,9,17,20,22,23,25;5,7,16,17,25,27;6,9,18,21,23,26,27;3,7,9,19,25,27;7,16,20,21;20,22,23,27;7,11,14,17,18,20;3,6,9,10,11,16,19,24,27;6,12,16,25;4,13,17,24,25,27;1,2,10,14,15,16;1,5,6,12,14,22;1,2,7,10,15,21;8,9,10,12,15,26,27;17,19,26;3,4,10,11,13,18,19;2,3,7,8,9,12,23,24;3,8,11,12,13,15,17,19,23
n1_7121_119_1849 28 1,2,3,4,5;0,2,5,21,22;0,1,3,12,20,22,26;0,2,4,10,13,17,25,27;0,3,5,6,9,25;0,1,4,6,7,11,21;4,5,8,12,17,18,21;5,11,13,14,16,22,26;6,9,10,23,26;4,8,10,12,13,17,23,26;3,8,9,17,22,23,25;5,7,16,17,25,27;2,6,9,18,21,23,26,27;3,7,9,19,25,27;7,16,20,21;20,22,23,27;7,11,14,17,18,20;3,6,9,10,11,16,19,24,26,27;6,12,16,25;13,17,23,24,25,27;2,14,15,16,23,27;1,5,6,12,14,22;1,2,7,10,15,21,26;8,9,10,12,15,19,20,26;17,19,26,27;3,4,10,11,13,18,19;2,7,8,9,12,17,22,23,24;3,11,12,13,15,17,19,20,24
n1_7121_119_2009 28 1,2,3,4,5;0,2,5,21,22;0,1,3,8,10,12,20,22,26,27;0,2,4,10,13,17,27;0,3,5,6,25;0,1,4,6,7,11,21;4,5,8,17,18,21;5,11,13,14,16,22,26;2,6,9,10,21,26;8,10,12,13,17,26;2,3,8,9,12,15,17,22,23,25;5,7,16,17,25,26,27;2,9,10,18,21,23,26;3,7,9,19,25,27;7,16,20,21;10,20,22,23;7,11,14,17,18,20;3,6,9,10,11,16,19,26,27;6,12,16,25;13,17,23,24,25,27;2,14,15,16,23,27;1,5,6,8,12,14,22;1,2,7,10,15,21,26;10,12,15,19,20;19,25,26,27;4,10,11,13,18,19,24;2,7,8,9,11,12,17,22,24;2,3,11,13,17,19,20,24
n1_7121_119_2179 28 1,2,3,4,5;0,2,5,21,22;0,1,3,8,10,12,15,20;0,2,4,10,13,17,24,27;0,3,5,6,7,17,25;0,1,4,6,7,11,21;4,5,8,17,18,21;4,5,11,13,14,16,22,26;2,6,9,21,26;8,10,12,13,17,25,26;2,3,9,15,17,23,24,25;5,7,16,17,21,25,27;2,9,18,21,23,26;3,7,9,25,27;7,16,20,21;2,10,20,22;7,11,14,17,18,20;3,4,6,9,10,11,16,19,26,27;6,12,16,25;17,23,24,25,27;2,14,15,16,23,27;1,5,6,8,11,12,14;1,7,15,23,26;10,12,19,20,22;3,10,19,25,26,27;4,9,10,11,13,18,19,24;7,8,9,12,17,22,24;3,11,13,17,19,20,24
n1_7121_119_2340 28 1,2,3,4,5;0,2,5,21,22;0,1,3,10,12,15,19,20;0,2,4,10,12,13,17,24,27;0,3,5,6,17,25;0,1,4,6,7,11,21;4,5,8,17,18,21;5,10,11,13,14,16,22,26;6,9,23,26;8,10,13,17,26;2,3,7,9,13,15,17,20,24,25;5,7,16,17,21,25,27;2,3,18,21,27;3,7,9,10,25,27;7,16,21,22;2,10,20,22,23;7,11,14,17,18,20;3,4,6,9,10,11,16,19,26,27;6,12,16,25;2,17,23,24,25,27;2,10,15,16,23;1,5,6,11,12,14;1,7,14,15,23,26;8,15,19,20,22,26;3,10,19,25,26,27;4,10,11,13,18,19,24;7,8,9,17,22,23,24;3,11,12,13,17,19,24
n1_7121_127_2225 29 1,2,3,4,5;0,2,5,8,13,14,20,28;0,1,3,7,19,20;0,2,4,6,16,17,18,24,26;0,3,5,10,18,24,25;0,1,4,8,11,12,14;3,10,11,18,24;2,11,16,20,21,22;1,5,11,18,23,28;13,14,17,18,22,28;4,6,12,16,24;5,6,7,8,13;5,10,16,20,23,26;1,9,11,14,20,22,23;1,5,9,13,20,22,24;17,21,26,27;3,7,10,12,17,18,19,21,26,27,28;3,9,15,16,28;3,4,6,8,9,16,19,21,24,25;2,16,18,22,25,26,27;1,2,7,12,13,14,24,25,26;7,15,16,18,25,27;7,9,13,14,19,24,26,28;8,12,13,27;3,4,6,10,14,18,20,22,27;4,18,19,20,21,27;3,12,15,16,19,20,22;15,16,19,21,23,24,25,28;1,8,9,16,17,22,27
n1_7121_127_2311 29 1,2,3,4,5;0,2,5,8,13,14,20,28;0,1,3,19,20,22,26;0,2,4,6,16,18,26;0,3,5,10,18,24,25;0,1,4,8,11,12,14;3,10,11,18,19,24;11,12,16,19,20,21,22;1,5,11,17,18,23,28;13,14,17,18,22,28;4,6,12,16,24,25;5,6,7,8,13;5,7,10,16,20,23,26;1,9,11,14,20,22,23;1,5,9,13,20,22,24;17,21,26;3,7,10,12,17,18,19,21,26,27,28;8,9,15,16,28;3,4,6,8,9,16,19,24,25;2,6,7,16,18,22,24,25,26,27;1,2,7,12,13,14,25,26;7,15,16,22,25,27;2,7,9,13,14,19,21,24,26,28;8,12,13,27;4,6,10,14,18,19,22,27;4,10,18,19,20,21,27;2,3,12,15,16,19,20,22;16,19,21,23,24,25,28;1,8,9,16,17,22,27
n1_7121_127_2400 29 1,2,3,4,5;0,2,5,8,13,14,20,28;0,1,3,19,20,22,26;0,2,4,6,16,18,25,26,27;0,3,5,7,10,17,21,24,25;0,1,4,8,11,12,14;3,11,17,18,24;4,11,12,19,20,21;1,5,11,17,23,27,28;13,14,18,22,28;4,16,21,24,25;5,6,7,8,13;5,7,16,20,23,26;1,9,11,14,20,22,23;1,5,9,13,20,22,24;17,21,26;3,10,12,17,18,26,27,28;4,6,8,15,16,19,24,28;3,6,9,16,24,25;2,7,17,22,24,25,26;1,2,7,12,13,14,25,26,28;4,7,10,15,22,25,27;2,9,13,14,19,21,24,26,28;8,12,13,27;4,6,10,14,17,18,19,22,27;3,4,10,18,19,20,21,27;2,3,12,15,16,19,20,22;3,8,16,21,23,24,25,28;1,8,9,16,17,20,22,27
n1_7121_127_2520 29 1,2,3,4,5;0,2,5,8,13,20,28;0,1,3,19,20,22,26;0,2,4,6,16,18,26,27;0,3,5,7,10,17,21,24,25;0,1,4,8,11,12;3,11,12,17,18,24;4,12,19,20,21;1,5,11,17,23,28;13,14,18,22,28;4,21,24,25;5,6,8,15,16,26;5,6,7,13,16,20,23,26;1,9,12,14,20,22,23;9,13,20,22,24;11,17,21,26;3,11,12,18,19,26,27,28;4,6,8,15,19,24,28;3,6,9,16,24,25;2,7,16,17,22,24,25,26;1,2,7,12,13,14,25,26,28;4,7,10,15,22,25,27;2,9,13,14,19,21,24,26,28;8,12,13,27;4,6,10,14,17,18,19,22,27;4,10,18,19,20,21,27;2,3,11,12,15,16,19,20,22;3,16,21,23,24,25,28;1,8,9,16,17,20,22,27
n1_7121_127_2622 29 1,2,3,4,5;0,2,5,8,13,14,20,28;0,1,3,19,20,26;0,2,4,16,18,22,24,26,27;0,3,5,7,10,17,21,25;0,1,4,8,11,12;7,11,12,17,18,19,24;4,6,12,20,21;1,5,11,12,17,23,28;13,14,18,22,28;4,21,24,25;5,6,8,16,26;5,6,7,8,13,16,20,23,26;1,9,12,14,20,22,23;1,9,13,20,22,24;17,21,26,28;3,11,12,18,19,26,27,28;4,6,8,15,19,24,28;3,6,9,16,24,25;2,6,16,17,25,26,27;1,2,7,12,13,14,24,25,26,28;4,7,10,15,22,25,26,27;3,9,13,14,21,26;8,12,13,27;3,6,10,14,17,18,20;4,10,18,19,20,21,27;2,3,11,12,15,16,19,20,21,22;3,16,19,21,23,25,28;1,8,9,15,16,17,20,27
n1_7121_127_2702 29 1,2,3,4,5;0,2,5,8,13,14,20,28;0,1,3,19,20,21,26;0,2,4,6,16,18,22,24,25,26,27;0,3,5,7,10,11,17,21,25;0,1,4,8,11,12;3,7,12,17,18,19,24,25;4,6,12,20,21;1,5,11,12,17,23,28;13,14,16,18;4,21,24,25;4,5,8,16,26;5,6,7,8,13,16,20,23,26;1,9,12,14,20,22,23;1,9,13,20,22,25;17,21,26,28;3,9,11,12,18,19,26,27;4,6,8,15,19,24,28;3,6,9,16,25;2,6,16,17,26,27;1,2,7,12,13,14,24,25,26,28;2,4,7,10,15,22,25,27;3,13,14,21,26;8,12,13,27;3,6,10,17,20,27;3,4,6,10,14,18,20,21,27;2,3,11,12,15,16,19,20,22;3,16,19,21,23,24,25,28;1,8,15,17,20,27
n1_7121_127_2804 29 1,2,3,4,5;0,2,5,8,13,14,20,28;0,1,3,19,20,21,26;0,2,4,6,10,16,18,22,24,25,26,27;0,3,5,7,10,11,17,21;0,1,4,6,8,11,12;3,5,7,12,17,18,19,24,25;4,6,12,20,21;1,5,11,12,17,23,28;13,16,18,28;3,4,15,21,24,25;4,5,8,13,16,26;5,6,7,8,13,16,20,23,26;1,9,11,12,14,20,22,23;1,13,20,22,25;10,17,19,21,26,28;3,9,11,12,18,26,27;4,6,8,15,19,21,24,28;3,6,9,16,25;2,6,15,17,26;1,2,7,12,13,14,24,25,26,28;2,4,7,10,15,17,22,25;3,13,14,21,26;8,12,13,27;3,6,10,17,20,27;3,6,10,14,18,20,21,27;2,3,11,12,15,16,19,20,22;3,16,23,24,25,28;1,8,9,15,17,20,27
n1_7121_127_2931 29 1,2,3,4,5;0,2,5,8,13,14,20,28;0,1,3,19,20,21,26,28;0,2,4,6,7,10,16,18,24,26,27;0,3,5,7,10,11,17,18,21;0,1,4,6,8,11,12;3,5,7,12,19,24,25;3,4,6,11,14,20,21;1,5,11,12,17,23,26,28;13,14,16,17,18,28;3,4,21,24;4,5,7,8,13,26;5,6,8,13,15,16,20,23,26;1,9,11,12,14,20,22,23;1,7,9,13,20,22,25;12,17,19,21,26,28;3,9,12,18,26,27;4,8,9,15,21,24,28;3,4,9,16,25,26;2,6,15,22,26;1,2,7,12,13,14,24,25,26,28;2,4,7,10,15,17,22,25;13,14,19,21,24,26;8,12,13,27;3,6,10,17,20,22,27;6,14,18,20,21,27;2,3,8,11,12,15,16,18,19,20,22;3,16,23,24,25,28;1,2,8,9,15,17,20,27
n1_7121_138_352 29 1,2,3,4,5;0,2,5,8,28;0,1,3,6,21,22,23,28;0,2,4,7,19,22,24;0,3,5,9,12,17,19;0,1,4,8,9,11,13,15;2,10,11,12,16,21,22;3,11,17,23,24,26,27,28;1,5,11,17,18,23;4,5,13,14,15,19,22,27,28;6,11,12,13,16,23;5,6,7,8,10,25;4,6,10,15,16,20,23,24,26;5,9,10,14,18,25,28;9,13,20,22,25;5,9,12,25;6,10,12,19,20,21;4,7,8,21,24,26,28;8,13,26,28;3,4,9,16,21,25;12,14,16,25;2,6,16,17,19,23,24,25,26,27;2,3,6,9,14,26;2,7,8,10,12,21,27;3,7,12,17,21;11,13,14,15,19,20,21;7,12,17,18,21,22;7,9,21,23;1,2,7,9,13,17,18
n1_7121_138_575 29 1,2,3,4,5;0,2,5,8,28;0,1,3,6,22,28;0,2,4,7,16,17,19,22,24,25,26;0,3,5,9,12,19;0,1,4,8,9,11,13,15;2,10,11,12,16,22;3,12,17,23,26,27,28;1,5,11,18,23,24,27;4,5,13,14,19,22,27,28;6,11,12,13,15,16,23,25;5,6,8,10,15,24,25;4,6,7,10,15,16,20,25,26;5,9,10,14,18,25,28;9,13,20,22,25;5,10,11,12,25;3,6,10,12,20,21,23,24;3,7,21,24,26,28;8,13,26,28;3,4,9,21,25;12,14,16,25;16,17,19,23,26,27;2,3,6,9,14,23,26;7,8,10,16,21,22,27;3,8,11,16,17;3,10,11,12,13,14,15,19,20;3,7,12,17,18,21,22;7,8,9,21,23,28;1,2,7,9,13,17,18,27
n1_7121_138_820 29 1,2,3,4,5;0,2,5,8,14;0,1,3,6,21,22,26,28;0,2,4,7,16,17,19,22,25,26;0,3,5,9,17,19,21;0,1,4,8,9,11,13,15;2,7,10,11,16;3,6,12,17,27,28;1,5,11,18,19,23,26,27,28;4,5,13,14,15,19,22,27,28;6,11,13,15,23,25;5,6,8,10,15,20,25;7,15,16,20,24,25;5,9,10,14,18,25,28;1,9,13,20,22,25;5,9,10,11,12,25;3,6,12,17,20,23,24,26;3,4,7,16,24;8,13,26,28;3,4,8,9,21,25,26;11,12,14,16,25;2,4,19,23,24,25,27;2,3,9,14,23,24,26;8,10,16,21,22,27;12,16,17,21,22;3,10,11,12,13,14,15,19,20,21;2,3,8,16,18,19,22;7,8,9,21,23,28;2,7,8,9,13,18,27
n1_7121_138_978 29 1,2,3,4,5;0,2,5,8,14;0,1,3,6,21,22;0,2,4,7,16,17,22,23,24,26;0,3,5,9,17,19,21,25;0,1,4,8,9,11,13;2,7,10,11;3,6,17,20,23,26,27,28;1,5,11,17,18,19,26,27;4,5,13,14,15,22,27,28;6,11,13,15,16,23;5,6,8,10,15,20,23,25;15,16,20,24,25,26;5,9,10,14,18,25,28;1,9,13,20,22,25;9,10,11,12,25;3,10,12,19,23,24;3,4,7,8,21,24;8,13,26,28;4,8,16,21,25,26;7,11,12,14,25;2,4,17,19,23,24,25,27;2,3,9,14,23,24;3,7,10,11,16,21,22,27;3,12,16,17,21,22;4,11,12,13,14,15,19,20,21,27;3,7,8,12,18,19;7,8,9,21,23,25,28;7,9,13,18,27
n1_7121_138_1277 29 1,2,3,4,5;0,2,5,8,14;0,1,3,6,22;0,2,4,7,16,17,22,23,24,26;0,3,5,9,17,19,21,25;0,1,4,8,9,11,13;2,7,8,10,11,12;3,6,17,20,23,26,27;1,5,6,11,17,18;4,5,13,14,27,28;6,11,15,16,26;5,6,8,10,16,20,25;6,16,20,24,25,26;5,9,14,18,25,28;1,9,13,15,20,22,25;10,14,18,25;3,10,11,12,19,20,23,24,28;3,4,7,8,21,24,28;8,13,15,23,26,28;4,16,20,23;7,11,12,14,16,19,25;4,17,24,25,27;2,3,14,23,24,25;3,7,16,18,19,22;3,12,16,17,21,22;4,11,12,13,14,15,20,21,22,27;3,7,10,12,18,27;7,9,21,25,26;9,13,16,17,18
n1_7121_138_1579 29 1,2,3,4,5;0,2,5,8,14;0,1,3,6,22;0,2,4,7,17,22,23,24,26,27;0,3,5,9,17,21,25;0,1,4,8,9,11,12,13;2,7,10,12,16;3,6,10,12,17,20,24,26,28;1,5,11,17,18,26;4,5,13,14,27,28;6,7,11,15,19,26;5,8,10,16,20,24;5,6,7,20,24,25,26;5,9,18,25,28;1,9,15,20,22,25;10,14,18,25,28;6,11,17,19,20,23,27,28;3,4,7,8,16,21,24,28;8,13,15,23,28;10,16,23;7,11,12,14,16,25;4,17,24,25;2,3,14,24,25,28;3,16,18,19,27;3,7,11,12,17,21,22;4,12,13,14,15,20,21,22,27;3,7,8,10,12,27;3,9,16,23,25,26;7,9,13,15,16,17,18,22
n1_7121_138_1934 29 1,2,3,4,5;0,2,5,8,28;0,1,3,22,23,26;0,2,4,16,17,23,24,25,27;0,3,5,17,21,25;0,1,4,8,9,12,13;7,8,10,12,27;6,10,12,17,20,21,26;1,5,6,11,17,18,23,24,26,28;5,13,14,22,27,28;6,7,15,19,25,26;8,16,20,24,26;5,6,7,20,24,26;5,9,18,25,28;9,15,20,22,25;10,14,18,25,28;3,11,17,19,20,23,24,26,27;3,4,7,8,16,24,28;8,13,15,23,28;10,16,20,24;7,11,12,14,16,19,25;4,7,22,25,26,27;2,9,14,21,24,25,28;2,3,8,16,18,27;3,8,11,12,16,17,19,22;3,4,10,13,14,15,20,21,22,27;2,7,8,10,11,12,16,21;3,6,9,16,21,23,25;1,8,9,13,15,17,18,22
n1_7121_138_2177 29 1,2,3,4,5;0,2,5,8,28;0,1,3,22,23,26;0,2,4,6,16,17,23,25,26,27;0,3,5,17,21,25;0,1,4,8,9,11,12,13;3,7,19,21,27;6,10,12,17,21,26;1,5,11,17,18,19,23,26,28;5,13,14,22,27,28;7,13,15,19,26;5,8,16,20,24,25,26;5,7,20,23,24;5,9,10,14,25,28;9,13,15,20,22,25;10,14,18,25,28;3,11,17,19,20,21,23,24,26,27;3,4,7,8,16,24,28;8,15,23,26,28;6,8,10,16,20;11,12,14,16,19,25;4,6,7,16,22,24,25,27;2,9,14,21,24,28;2,3,8,12,16,18,27;11,12,16,17,21,22;3,4,11,13,14,15,20,21,27;2,3,7,8,10,11,16,18,27;3,6,9,16,21,23,25,26;1,8,9,13,15,17,18,22
n1_7121_142_770 29 1,2,3,4,5;0,2,5,8,28;0,1,3,20,22,26,28;0,2,4,15,17,18,22,24,27;0,3,5,10,11,17,25;0,1,4,6,8,12;5,17,19,21,24,25;12,16,18,19,27;1,5,12,18,23,27,28;13,14,16,18,22,28;4,11,12,24,25,26;4,10,20,24,26;5,7,8,10,13,19,20,23,24,26;9,12,14,20,23;9,13,20,22,24,25;3,25,27;7,9,17,18,21,28;3,4,6,16,23,25,28;3,7,8,9,16,21,24;6,7,12,24,26;2,11,12,13,14,23,26;6,16,18,26;2,3,9,14,24,26,28;8,12,13,17,20,27;3,6,10,11,12,14,18,19,22;4,6,10,14,15,17;2,10,11,12,19,20,21,22;3,7,8,15,23;1,2,8,9,16,17,22
n1_7121_142_1012 29 1,2,3,4,5;0,2,5,8,28;0,1,3,7,20,22,26,28;0,2,4,6,15,17,18,22,24,26,27;0,3,5,11,17,25;0,1,4,8,12;3,18,24,25;2,11,12,16,18,19,22,27;1,5,12,18,23,27,28;13,14,16,18,22,28;11,12,14,15,16,24,25,26;4,7,10,24;5,7,8,10,13,19,20,23,24,26;9,12,14,20,23;9,10,13,20,22,24,25;3,10,17,19,21,25,27;7,9,10,17,18,19,21,28;3,4,15,16,23,25,28;3,6,7,8,9,16,21,24;7,12,15,16,25,26;2,12,13,14,23,26;15,16,18,26;2,3,7,9,14,24,26;8,12,13,17,20,27;3,6,10,11,12,14,18,22;4,6,10,14,15,17,19;2,3,10,12,19,20,21,22;3,7,8,15,23;1,2,8,9,16,17
n1_7121_142_1153 29 1,2,3,4,5;0,2,5,8,28;0,1,3,7,20,22,26,28;0,2,4,6,17,22,24,26,27;0,3,5,11,18,19,24,27;0,1,4,8,12;3,18,24,25,27;2,11,12,21,22,27;1,5,12,18,23,26,27,28;13,14,16,17,18,22,28;11,12,14,16,24,25,26;4,7,10,24;5,7,8,10,13,19,20,23;9,12,14,20,23;9,10,13,20,22,24,25;17,21,24,25,27;9,10,17,18,21,28;3,9,15,16,24,25,28;4,6,8,9,16,21,24,26;4,12,25;2,12,13,14,23,24;7,15,16,18,26,27;2,3,7,9,14,24,25,26;8,12,13,20,27;3,4,6,10,11,14,15,17,18,20,22;6,10,14,15,17,19,22;2,3,8,10,18,21,22;3,4,6,7,8,15,21,23;1,2,8,9,16,17
n1_7121_142_1340 29 1,2,3,4,5;0,2,5,8,14,28;0,1,3,7,20,22,26,28;0,2,4,6,17,22,24,26,27;0,3,5,11,19,24,27;0,1,4,8,12;3,18,24,25,27;2,12,21,22;1,5,12,18,23,27,28;13,14,16,22,28;11,12,14,16,25,26;4,10,13,20,24;5,7,8,10,19,23;9,11,14,20,23;1,9,10,13,20,22,24,25;17,21,24,27;9,10,18,21,28;3,15,21,24,25,28;6,8,16,21,24;4,12,25;2,11,13,14,23,24;7,15,16,17,18,26;2,3,7,9,14,24,26,28;8,12,13,20,27;3,4,6,11,14,15,17,18,20,22;6,10,14,17,19;2,3,10,21,22,27;3,4,6,8,15,23,26,28;1,2,8,9,16,17,22,27
n1_7121_142_1539 29 1,2,3,4,5;0,2,5,8,14,28;0,1,3,7,20,22,26,28;0,2,4,6,17,22,24,26,27;0,3,5,11,12,24,27;0,1,4,8,12;3,18,24,25;2,10,12,16,21,22,27;1,5,12,18,23,27,28;13,14,16,17,18,22,28;7,12,14,16,25,26;4,13,19,20,24;4,5,7,8,10,19,23;9,11,14,20,23;1,9,10,13,20,22,24,25;17,19,21,24,27;7,9,10,18,21,26,28;3,9,15,21,24,25,28;6,8,9,16,21,23,24,26,28;11,12,15,25;2,11,13,14,23,24;7,15,16,17,18,22,26;2,3,7,9,14,21,24,26;8,12,13,18,20,27;3,4,6,11,14,15,17,18,20,22;6,10,14,17,19;2,3,10,16,18,21,22,27;3,4,7,8,15,23,26,28;1,2,8,9,16,17,18,27
n1_7121_142_1715 29 1,2,3,4,5;0,2,5,8,28;0,1,3,20,22,26,28;0,2,4,6,7,15,18,22,24,26;0,3,5,10,11,12,17,24,27;0,1,4,8,12;3,18,21,24,25;3,10,12,16,17,21,22,27;1,5,12,18,23,27,28;13,14,16,17,18,22,28;4,7,12,14,16,25,26;4,13,19,20,25;4,5,7,8,10,19,23;9,11,14,20,23;9,10,13,19,20,22,24,25;3,19,24,27;7,9,10,21,26,27,28;4,7,9,21,24,25;3,6,8,9,21,23,24,26,28;11,12,14,15,25;2,11,13,14,23,24;6,7,16,17,18,27;2,3,7,9,14,24,26;8,12,13,18,20,27;3,4,6,14,15,17,18,20,22;6,10,11,14,17,19;2,3,10,16,18,22;4,7,8,15,16,21,23;1,2,8,9,16,18
n1_7121_142_2017 29 1,2,3,4,5;0,2,5,8,28;0,1,3,20,22,26,28;0,2,4,6,7,18,22,24,26,27;0,3,5,12,17,21,24,25,27;0,1,4,6,8,12;3,5,11,17,24;3,10,12,16,21,22,27;1,5,12,18,23,27,28;13,14,16,17,18,22,27,28;7,12,16,25;6,13,19,20,25;4,5,7,8,10,19,23,24;9,11,14,20,23;9,13,19,20,22,24,25;19,21,24,27;7,9,10,21,27,28;4,6,9,21,24,28;3,8,9,23,24,25,26,28;11,12,14,15,25;2,11,13,14,23,24;4,7,15,16,17;2,3,7,9,14,24,26;8,12,13,18,20,27;3,4,6,12,14,15,17,18,20,22;4,10,11,14,18,19;2,3,18,22;3,4,7,8,9,15,16,23;1,2,8,9,16,17,18
n1_7121_142_2253 29 1,2,3,4,5;0,2,5,8,28;0,1,3,7,20,22,26;0,2,4,7,15,17,22,24,26,27;0,3,5,11,17,21,24,25,27;0,1,4,8,11,12;10,11,19,24;2,3,8,10,12,16,19,21,22,27;1,5,7,12,18,23,27,28;13,14,16,17,18,22,27,28;6,7,16,25,27;4,5,6,13,19,20,25;5,7,8,19,20,23,24,26;9,11,14,20,23;9,13,19,20,22,25;3,18,19,24,27;7,9,10,21,27,28;3,4,9,21,24,28;8,9,15,21,23,24,25;6,7,11,12,14,15,25;2,11,12,13,14,23,24;4,7,16,17,18;2,3,7,9,14,24,26,28;8,12,13,18,20,27;3,4,6,12,15,17,18,20,22;4,10,11,14,18,19;2,3,12,22,27;3,4,7,8,9,10,15,16,23,26;1,8,9,16,17,22
n1_7121_17_53 29 1,2,3,4,5;0,2,5,8,14;0,1,3,22,28;0,2,4,7,15,16,17,19,22,23,25,26;0,3,5,12,17,24,25;0,1,4,8,9,12;10,11,16,19,22,27;3,10,17,23,26;1,5,18,19,23,27,28;5,12,14,15,17,19,22,27,28;6,7,11,12,13,16,23;6,10,15,16,20,25;4,5,9,10,15,16,20,23,26;10,14,18,25,28;1,9,13,20,22,25;3,9,11,12,21,25,27;3,6,10,11,12,17,19,20,21,26,28;3,4,7,9,16,23,24;8,13,26,28;3,6,8,9,16,21,28;11,12,14,16,25;15,16,19,23,24,27;2,3,6,9,14,25,26;3,7,8,10,12,17,21,27;4,17,21;3,4,11,13,14,15,20,22,27;3,7,12,16,18,22;6,8,9,15,21,23,25;2,8,9,13,16,18,19
n1_7121_17_121 29 1,2,3,4,5;0,2,5,8,14;0,1,3,22,28;0,2,4,7,15,16,17,22,23,24,25,26,27;0,3,5,12,17,24,25;0,1,4,8,9,11;10,12,16,19,22,27;3,17,21,23,26;1,5,18,19,23,27,28;5,11,12,14,15,17,19,22,27,28;6,11,12,13,16,23;5,9,10,15,16,24,25;4,6,9,10,15,16,20,26;10,14,18,25,28;1,9,13,20,22,25;3,9,11,12,21,25,27;3,6,10,11,12,17,19,20,21,26;3,4,7,9,16,23,24;8,13,26,28;6,8,9,16,21,28;12,14,16,25;7,15,16,19,23,27;2,3,6,9,14,25,26;3,7,8,10,17,21,27;3,4,11,17;3,4,11,13,14,15,20,22,27;3,7,12,16,18,22;3,6,8,9,15,21,23,25;2,8,9,13,18,19
n1_7121_17_230 29 1,2,3,4,5;0,2,5,8,14;0,1,3,22,28;0,2,4,6,7,16,17,22,23,24,25,26,27;0,3,5,12,17,24,25;0,1,4,8,9,11;3,10,16,17,22,27;3,12,17,21,23,26;1,5,18,19,23,28;5,11,14,15,17,19,22,28;6,11,12,13,16,25;5,9,10,16,24,26;4,7,10,15,16,20,26;10,14,18,25,28;1,9,13,20,22,25;9,12,19,21,25,27;3,6,10,11,12,17,19,20,21,26;3,4,6,7,9,16,23,24;8,13,26,28;8,9,15,16,21,23,28;12,14,16,25;7,15,16,19,23,27;2,3,6,9,14,25,26;3,7,8,17,19,21;3,4,11,17;3,4,10,13,14,15,20,22,27;3,7,11,12,16,18,22;3,6,15,21,25;2,8,9,13,18,19
n1_7121_17_330 29 1,2,3,4,5;0,2,5,8,14;0,1,3,22,28;0,2,4,6,7,17,22,23,24,25,27;0,3,5,12,17,24,25;0,1,4,8,9,11,12;3,10,16,17,22,27;3,12,17,21,23,26;1,5,18,19,23,28;5,11,12,14,15,17,19,28;6,11,12,13,15,16,25;5,9,10,16,26;4,5,7,9,10,15,16,20,25;10,14,18,24,28;1,9,13,20,22,25;9,10,12,19,21,25,27;6,10,11,12,19,20,21,26;3,4,6,7,9,23;8,13,26,28;8,9,15,16,21,23,28;12,14,16,25;7,15,16,19,23,26,27;2,3,6,14,25,26,28;3,7,8,17,19,21;3,4,13,27;3,4,10,12,14,15,20,22,27;7,11,16,18,21,22;3,6,15,21,24,25;2,8,9,13,18,19,22
n1_7121_17_428 29 1,2,3,4,5;0,2,5,8,14;0,1,3,22,28;0,2,4,17,22,23,24,25,27;0,3,5,12,17,21,24,25;0,1,4,8,9,11,12;10,12,16,17,22,27;12,17,20,23,26;1,5,18,19,23,28;5,11,12,13,14,15,19,28;6,12,13,15,16,25;5,9,15,16,26;4,5,6,7,9,10,16,20,25;9,10,14,18,24,28;1,9,13,20,22,24;9,10,11,19,21,25,27;6,10,11,12,19,20,21,26;3,4,6,7,23,24;8,13,26,28;8,9,15,16,21,23;7,12,14,16,25;4,15,16,19,23,26,27;2,3,6,14,25,26,28;3,7,8,17,19,21,27;3,4,13,14,17,27;3,4,10,12,15,20,22,27;7,11,16,18,21,22;3,6,15,21,23,24,25;2,8,9,13,18,22
n1_7121_17_522 29 1,2,3,4,5;0,2,5,8,14;0,1,3,22,28;0,2,4,7,15,17,22,23,24,25,27;0,3,5,12,17,21,24,25;0,1,4,8,9,11,12,15;10,12,16,22,27;3,17,23,26;1,5,18,19,23,28;5,11,12,13,14,15,19,22,28;6,12,13,15,16,25;5,9,15,26;4,5,6,9,10,16,20,25;9,10,14,18,24,25,28;1,9,13,20,22,24;3,5,9,10,11,19,21,27;6,10,12,19,20,21,26;3,4,7,23,24;8,13,26,28;8,9,15,16,21,23;12,14,16,25;4,15,16,19,23,26,27;2,3,6,9,14,25,26,28;3,7,8,17,19,21,27;3,4,13,14,17,27;3,4,10,12,13,20,22,27;7,11,16,18,21,22;3,6,15,21,23,24,25;2,8,9,13,18,22
n1_7121_17_674 29 1,2,3,4,5;0,2,5,8,14;0,1,3,22,28;0,2,4,7,17,22,23,25,27;0,3,5,12,17,21,24,25;0,1,4,8,9,11,12,15;8,10,11,16,22,27;3,17,19,23,26;1,5,6,18,19,28;5,11,12,13,14,19,22,28;6,12,13,15,16,25;5,6,9,15,16,25,26;4,5,9,10,16,20;9,10,14,18,24,25,28;1,9,13,20,22,24;5,10,11,19,21,25,27;6,10,11,12,19,20,21,26;3,4,7,23,24;8,13,26,28;7,8,9,15,16,21,23;12,14,16,24,25;4,15,16,19,23,26,27;2,3,6,9,14,25,26,28;3,7,17,19,21,27;4,13,14,17,20,27;3,4,10,11,13,15,20,22,27;7,11,16,18,21,22;3,6,15,21,23,24,25;2,8,9,13,18,22
n1_7121_17_782 29 1,2,3,4,5;0,2,5,8,14;0,1,3,22,28;0,2,4,7,17,19,22,24,25;0,3,5,12,17,21,24,25;0,1,4,8,9,11,12,15;8,10,11,16,22,27;3,17,19,23,26;1,5,6,18,19,28;5,11,12,13,14,22,27,28;6,12,13,15,25;5,6,9,15,16,20,25,26;4,5,9,10,16,20;9,10,14,18,24,25,28;1,9,13,20,22,25;5,10,11,19,21,25,27;6,11,12,19,20,21,23,26;3,4,7,23,24;8,13,26,28;3,7,8,15,16,21,25;11,12,14,16,25;4,15,16,19,23,24,26,27;2,3,6,9,14,25,26,28;7,16,17,21,27;3,4,13,17,21,27;3,4,10,11,13,14,15,19,20,22,27;7,11,16,18,21,22;6,9,15,21,23,24,25,28;2,8,9,13,18,22,27
n1_7121_17_842 29 1,2,3,4,5;0,2,5,8,14;0,1,3,22,28;0,2,4,7,17,19,22,24,25,26;0,3,5,17,19,21,24,25;0,1,4,8,9,11,12,15;8,10,11,16,22,27;3,12,19,21,26;1,5,6,17,18,19,28;5,11,12,13,14,22,27,28;6,12,13,15,25;5,6,9,15,20,25,26;5,7,9,10,15,16,20;9,10,14,18,24,25,28;1,9,13,20,22,24,25;5,10,11,12,19,21,25,27;6,12,19,20,21,23,26;3,4,8,21,23,24;8,13,26,28;3,4,7,8,15,16,21,25;11,12,14,16,25;4,7,15,16,17,19,23,24,27;2,3,6,9,14,25,26;16,17,21,27;3,4,13,14,17,21,27;3,4,10,11,13,14,15,19,20,22,27;3,7,11,16,18,22;6,9,15,21,23,24,25,28;2,8,9,13,18,27
n1_7121_17_916 29 1,2,3,4,5;0,2,5,8,14;0,1,3,22,28;0,2,4,7,17,22,25,26;0,3,5,17,19,21,24,25;0,1,4,8,9,11,12,15;8,10,11,16,19,22,27;3,12,19,21,26;1,5,6,17,18,19,28;5,11,12,13,14,22,27,28;6,12,13,15,25;5,6,9,15,20,25,26;5,7,9,10,15,16,20;9,10,14,18,24,25,28;1,9,13,20,22,25;5,10,11,12,17,21,25,27;6,12,19,20,21,23,26;3,4,8,15,21,24;8,13,26,28;4,6,7,8,16,21,25;11,12,14,16,24;4,7,15,16,17,19,23,24,25,27;2,3,6,9,14,25,26,28;16,21,27;4,13,17,20,21,27;3,4,10,11,13,14,15,19,21,22,27;3,7,11,16,18,22;6,9,15,21,23,24,25,28;2,8,9,13,18,22,27
n1_7121_17_1022 29 1,2,3,4,5;0,2,5,8,14;0,1,3,22,28;0,2,4,17,22,25;0,3,5,10,17,21,24,25;0,1,4,8,9,11,12,15;8,10,11,16,17,19,22;10,12,19,24;1,5,6,17,18,19,26,28;5,11,12,13,14,22,27,28;4,6,7,12,13,15,25;5,6,9,15,16,25,26;5,7,9,10,15,20;9,10,14,18,24,25,28;1,9,13,20,22,24,25;5,10,11,12,17,25,27;6,11,19,20,21,23,26;3,4,6,8,15,21,24;8,13,26,28;6,7,8,16,21,25;12,14,16,24;4,16,17,19,23,24,25,26,27;2,3,6,9,14,25,26,28;16,21,27;4,7,13,14,17,20,21,27;3,4,10,11,13,14,15,19,21,22,27;8,11,16,18,21,22;9,15,21,23,24,25;2,8,9,13,18,22
n1_7121_17_1069 29 1,2,3,4,5;0,2,5,8,14;0,1,3,22,28;0,2,4,17,22,25,27;0,3,5,10,17,21,24,25;0,1,4,8,9,11,12,15;8,10,11,16,17,19,22,27;10,12,19,21,24;1,5,6,17,18,27,28;5,11,12,13,14,27,28;4,6,7,12,13,15,25;5,6,9,15,16,25,26;5,7,9,10,15,20;9,10,14,18,24,25,28;1,9,13,20,22,24,25;5,10,11,12,17,25,27;6,11,19,20,21,23,26;3,4,6,8,15,21,24;8,13,26,28;6,7,16,21,25;12,14,16,24,25;4,7,16,17,19,22,23,24,25,26;2,3,6,14,21,25,26,28;16,21,27;4,7,13,14,17,20,21,27;3,4,10,11,13,14,15,19,20,21,22;11,16,18,21,22;3,6,8,9,15,23,24;2,8,9,13,18,22
n1_7121_17_1155 29 1,2,3,4,5;0,2,5,8,14;0,1,3,21,22,28;0,2,4,22,25,27;0,3,5,10,17,19,21,24,25;0,1,4,8,9,11,12,15;8,10,11,16,17,19,22,27;10,12,19,21,24;1,5,6,18,23,27,28;5,11,12,13,14,27,28;4,6,7,12,13,15,25;5,6,9,15,25,26;5,7,9,10,15,20;9,10,14,18,25,28;1,9,13,20,22,24,25;5,10,11,12,25,27;6,19,20,21,23,26,27;4,6,21,24;8,13,26,28;4,6,7,16,21,25;12,14,16,24;2,4,7,16,17,19,22,23,24,25,26;2,3,6,14,21,25,26,28;8,16,21,27;4,7,14,17,20,21,27;3,4,10,11,13,14,15,19,21,22;11,16,18,21,22;3,6,8,9,15,16,23,24;2,8,9,13,18,22
n1_7121_17_1232 29 1,2,3,4,5;0,2,5,8,14,28;0,1,3,21,22,28;0,2,4,19,22,25,27;0,3,5,17,19,21,24,25;0,1,4,8,9,11,12,15;8,10,11,16,17,19,22,27;10,12,19,21,24;1,5,6,18,27,28;5,11,12,13,14,27,28;6,7,12,13,15,25;5,6,9,15,25,26;5,7,9,10,15,20;9,10,14,18,25,28;1,9,13,20,22,25;5,10,11,12,25,27;6,19,20,21,23,26,27;4,6,21,24,28;8,13,26,28;3,4,6,7,16,23;12,14,16,25;2,4,7,16,17,22,23,24,25,26;2,3,6,14,21,25,26;16,19,21;4,7,17,21,27;3,4,10,11,13,14,15,20,21,22,27;11,16,18,21,22;3,6,8,9,15,16,24,25;1,2,8,9,13,17,18
n1_7121_17_1316 29 1,2,3,4,5;0,2,5,8,14,28;0,1,3,21,22,28;0,2,4,7,19,22,24,27;0,3,5,17,19,21,24,25;0,1,4,8,9,11,12,15;8,10,12,16,17,19,22;3,10,12,19,21,24;1,5,6,12,18,27,28;5,11,12,13,14,27,28;6,7,12,13,15,25;5,9,15,20,24,26;5,6,7,8,9,10,15,25;9,10,14,18,25,28;1,9,13,20,22,25;5,10,11,12,21,25,27;6,19,20,21,23,26,27;4,6,21,24,28;8,13,26,28;3,4,6,7,16,23;11,14,16,25;2,4,7,15,16,17,22,23,24,25,26;2,3,6,14,21,25,26;16,19,21;3,4,7,11,17,21,27;4,10,12,13,14,15,20,21,22;11,16,18,21,22;3,8,9,15,16,24;1,2,8,9,13,17,18
n1_7121_17_1411 29 1,2,3,4,5;0,2,5,8,14,28;0,1,3,21,22,28;0,2,4,19,22,24,27;0,3,5,17,19,21,24,25;0,1,4,8,9,11,12,15;8,10,12,16,17,19,22;10,11,12,21,24;1,5,6,18,27,28;5,11,12,13,14,27,28;6,7,12,13,15,25;5,7,9,15,16,20,24,26;5,6,7,9,10,15,16,25;9,10,14,18,24,25,28;1,9,13,20,22,25;5,10,11,12,25,27;6,11,12,19,20,21,23,26;4,6,21,24,28;8,13,26,28;3,4,6,16,23;11,14,16,24,25;2,4,7,16,17,22,23,24,25,26;2,3,6,14,21,25,26;16,19,21;3,4,7,11,13,17,20,21,27;4,10,12,13,14,15,20,21,22;11,16,18,21,22;3,8,9,15,24;1,2,8,9,13,17,18
n1_7121_17_1517 29 1,2,3,4,5;0,2,5,8,14;0,1,3,21,22,28;0,2,4,19,22,24,25,27;0,3,5,10,11,17,19,24,25,27;0,1,4,8,9,11,12,15;8,10,11,12,16,17,19,22;10,12,21,24;1,5,6,18,19,27,28;5,11,12,13,14,27,28;4,6,7,12,13,15,23,25;4,5,6,9,16,20,24,26;5,6,7,9,10,15,16,25;9,10,14,18,24,25,28;1,9,13,20,22,25;5,10,12,25;6,11,12,19,20,21,23,26;4,6,21,24,28;8,13,26,28;3,4,6,8,16,23,24;11,14,16,24,25;2,7,16,17,22,23,24,25,26;2,3,6,14,21,25,26;10,16,19,21;3,4,7,11,13,17,19,20,21,27;3,4,10,12,13,14,15,20,21,22;11,16,18,21,22;3,4,8,9,24;2,8,9,13,17,18
n1_7121_17_1629 29 1,2,3,4,5;0,2,5,8,14;0,1,3,22,28;0,2,4,7,17,19,22,25,27;0,3,5,10,17,19,24,25,27;0,1,4,8,9,11,12,15;8,10,11,12,16,17,19,21,22;3,10,12,21,24;1,5,6,17,18,19,28;5,11,12,13,14,27,28;4,6,7,12,13,15,23,25;5,6,9,16,20,24,25,26;5,6,7,9,10,15,16,24,25;9,10,14,18,25,28;1,9,13,20,22,25;5,10,12,25;6,11,12,19,20,21,23,26;3,4,6,8,21,24,28;8,13,26,28;3,4,6,8,16,23,24;11,14,16,24,25;6,7,16,17,23,26,27;2,3,6,14,25,26;10,16,19,21;4,7,11,12,17,19,20,27;3,4,10,11,12,13,14,15,20,22;11,16,18,21,22;3,4,9,21,24;2,8,9,13,17,18
n1_7121_17_1766 29 1,2,3,4,5;0,2,5,8,14;0,1,3,22,28;0,2,4,7,15,19,22,23,25,27;0,3,5,10,17,24,25,27;0,1,4,8,9,11,12,15;8,10,11,16,17,19,21,22;3,10,12,21,24,27;1,5,6,17,18,19,28;5,11,12,13,14,27,28;4,6,7,12,13,15,25;5,6,9,16,20,25,26;5,7,9,10,15,16,24,25;9,10,14,18,25,28;1,9,13,20,22,25;3,5,10,12,25;6,11,12,19,20,21,23,26;4,6,8,21,24,25,28;8,13,26,28;3,6,8,16,23,24;11,14,16,24,25;6,7,16,17,23,26,27;2,3,6,14,23,25,26;3,16,19,21,22;4,7,12,17,19,20,27;3,4,10,11,12,13,14,15,17,20,22;11,16,18,21,22;3,4,7,9,21,24;2,8,9,13,17,18
n1_7121_17_1847 29 1,2,3,4,5;0,2,5,8,14;0,1,3,22,28;0,2,4,15,17,19,22,23,25,27;0,3,5,9,10,17,24;0,1,4,8,9,11,12,15;8,10,11,16,17,22;10,12,21,24,25,27;1,5,6,17,18,19,23,28;4,5,11,12,13,14,27,28;4,6,7,12,13,15,25;5,6,9,16,20,25,26;5,7,9,10,15,24,25;9,10,14,18,25,28;1,9,13,20,22,25;3,5,10,12,19,25;6,11,17,19,20,21,23,26;3,4,6,8,16,21,24,25,28;8,13,26,28;3,8,15,16,23,24;11,14,16,24,25;7,16,17,23,26,27;2,3,6,14,23,25,26;3,8,16,19,21,22;4,7,12,17,19,20,27;3,7,10,11,12,13,14,15,17,20,22;11,16,18,21,22;3,7,9,21,24;2,8,9,13,17,18
n1_7121_17_1940 29 1,2,3,4,5;0,2,5,8,14;0,1,3,22,28;0,2,4,15,17,19,22,23,25,27;0,3,5,9,10,17;0,1,4,8,9,11,12,15;8,10,11,16,22,27;10,12,21,24,25;1,5,6,17,18,19,23,28;4,5,11,12,13,14,27,28;4,6,7,12,13,15,25;5,6,9,16,20,26;5,7,9,10,15,24,25;9,10,14,18,25,28;1,9,13,20,22,24,25;3,5,10,12,19,25,27;6,11,17,19,20,21,23,26;3,4,8,16,21,23,24,28;8,13,26,28;3,8,15,16,23,24;11,14,16,24,25;7,16,17,23,26;2,3,6,14,23,25,26;3,8,16,17,19,21,22;7,12,14,17,19,20,27;3,7,10,12,13,14,15,20,22;11,16,18,21,22;3,6,9,15,24;2,8,9,13,17,18
n1_7121_17_2065 29 1,2,3,4,5;0,2,5,8,14;0,1,3,22,28;0,2,4,15,17,19,22,23,25,27;0,3,5,9,10,12,17,19;0,1,4,8,9,11,15;8,10,11,16;9,10,12,21,24,25;1,5,6,18,23,27,28;4,5,7,11,12,14,17,27,28;4,6,7,11,12,13,15,25;5,6,9,10,16,20,26;4,7,9,10,15,24,25;10,14,18,25,28;1,9,13,20,22,24,25;3,5,10,12,19,25,27;6,11,17,19,20,21,23,26;3,4,9,16,21,23,24,28;8,13,26,28;3,4,15,16,23,24;11,14,16,24,25;7,16,17,23,26;2,3,14,25,26;3,8,16,17,19,21;7,12,14,17,19,20,27;3,7,10,12,13,14,15,20,22;11,16,18,21,22;3,8,9,15,24;2,8,9,13,17,18
n1_7121_17_2156 29 1,2,3,4,5;0,2,5,8,14;0,1,3,22,28;0,2,4,16,17,22,23,25,27;0,3,5,9,10,12,17,19,24;0,1,4,8,9,11,15;8,10,11,16;9,10,12,25,27;1,5,6,18,23,27,28;4,5,7,11,14,17,28;4,6,7,11,12,13,25;5,6,9,10,16,20,26;4,7,10,15,16,20,24,25;10,14,18,25,28;1,9,13,20,22,24,25;5,12,19,21,25;3,6,11,12,17,19,20,21,23,26,27;3,4,9,16,21,23,24,28;8,13,26,28;4,15,16,20,23,24;11,12,14,16,19,24,25;15,16,17,23,24,26;2,3,14,25,26;3,8,16,17,19,21;4,12,14,17,19,20,21,27;3,7,10,12,13,14,15,20,22;11,16,18,21,22;3,7,8,16,24;2,8,9,13,17,18
n1_7121_17_2263 29 1,2,3,4,5;0,2,5,8,14;0,1,3,22,28;0,2,4,16,17,23,25,27;0,3,5,9,12,17,19;0,1,4,8,9,11,15;10,11,15;9,10,11,24,25,27;1,5,18,23,27,28;4,5,7,11,14,17,28;6,7,11,12,13,23,25;5,6,7,9,10,16,20,26;4,10,15,16,20,24,25;10,14,18,25,28;1,9,13,20,22,24,25;5,6,12,19,21,25;3,11,12,19,20,21,23,26,27;3,4,9,21,23,24,28;8,13,26,28;4,15,16,20,23,24;11,12,14,16,19,24,25;15,16,17,22,23,24,26;2,14,21,23,25,26;3,8,10,16,17,19,21,22;7,12,14,17,19,20,21,27;3,7,10,12,13,14,15,20,22;11,16,18,21,22;3,7,8,16,24;2,8,9,13,17,18
n1_7121_17_2353 29 1,2,3,4,5;0,2,5,8,14;0,1,3,22,28;0,2,4,16,17,23,24,25,27;0,3,5,9,12,17;0,1,4,8,9,11,15;7,10,19;6,9,10,11,24,25,27;1,5,18,23,27,28;4,5,7,11,14,17,28;6,7,11,12,13,23,25;5,7,9,10,16,20,26;4,10,16,20,23,25;10,14,18,25,28;1,9,13,20,22,25;5,19,21,25;3,11,12,19,20,21,23,26,27;3,4,9,21,23,24,28;8,13,26,28;6,15,16,20,23,24,26;11,12,14,16,19,24,25;15,16,17,22,23,24,26;2,14,21,23,25,26;3,8,10,12,16,17,19,21,22;3,7,17,19,20,21,27;3,7,10,12,13,14,15,20,22;11,16,18,19,21,22;3,7,8,16,24;2,8,9,13,17,18
n1_7121_17_2477 29 1,2,3,4,5;0,2,5,8,14;0,1,3,22,28;0,2,4,16,17,23,24,25,27;0,3,5,9,12,17,19,21;0,1,4,8,9,11,15;7,10,11,14;6,9,10,11,24,25,27;1,5,12,18,23,27,28;4,5,7,11,14,27,28;6,7,11,12,13,16,23,25;5,6,7,9,10,16,20,23;4,8,10,16,20,23;10,14,18,25,28;1,6,9,13,20,22,25;5,19,21,25;3,10,11,12,17,19,20,21,23,26,27;3,4,16,21,23,24,28;8,13,26,28;4,15,16,20,23,24,26;11,12,14,16,19,24,25;4,15,16,17,22,23,25,26;2,14,21,23,25,26;3,8,10,11,12,16,17,19,21,22;3,7,17,19,20,27;3,7,10,13,14,15,20,21,22;16,18,19,21,22;3,7,8,9,16,24;2,8,9,13,17,18
n1_7121_17_230_K_L 29 1,2,3,4,5;0,2,5,8,14;0,1,3,22,28;0,2,4,6,7,15,17,19,23,26,27;0,3,5,19,21,25;0,1,4,8,9,12;3,7,10,12,19,21;3,6,10,11,12,20,23;1,5,12,18,26,28;5,13,14,27,28;6,7,11,12,13;7,10,16,24,26;5,6,7,8,10,20;9,10,14,18,24,28;1,9,13,20,22,24;3,17,24,25,27;11,19,21,23,26,27;3,15,25;8,13,26,28;3,4,6,16,23;7,12,14,24,25;4,6,16,22,25,27;2,14,21,24,26;3,7,16,19,27;11,13,14,15,20,22;4,15,17,20,21,27;3,8,11,16,18,22;3,9,15,16,21,23,25,28;2,8,9,13,18,27
n1_7121_17_330_K_L 29 1,2,3,4,5;0,2,5,8,14;0,1,3,22,28;0,2,4,15,16,19,23,26,27;0,3,5,10,19,21,24;0,1,4,8,9,11,12;7,8,10,11,16;6,19,21,26,27;1,5,6,11,18,28;5,12,13,14,27,28;4,6,11,13,23,24;5,6,8,10,15,20,24;5,9,15,26;9,10,14,18,25,28;1,9,13,20,22,24;3,11,12,17,19,24,25;3,6,20,23,27;15,21,24,25;8,13,26,28;3,4,7,15,21,25;11,14,16,24;4,7,17,19,22,24,25;2,14,21,24,26;3,10,16,27;4,10,11,14,15,17,20,21,22;13,15,17,19,21;3,7,12,18,22;3,7,9,16,23,28;2,8,9,13,18,27
n1_7121_17_5_K_L 29 1,2,3,4,5;0,2,5,8,28;0,1,3,22,23;0,2,4,6,15,16,17,19,24,27;0,3,5,11,17,19,25,27;0,1,4,8,9,11;3,7,17,21;6,10,11,20,23,26;1,5,11,18,26,28;5,13,14,19,28;7,11,13,15,24,25;4,5,7,8,10,20,26;16,20,25,26;9,10,14,18,24,28;9,13,20,22,24;3,10,24,25,27;3,12,21,23,27;3,4,6,21,25;8,13,26,28;3,4,9,23,25;7,11,12,14,24;6,16,17,22,23,26;2,14,21,25,26;2,7,16,19,21;3,10,13,14,15,20,27;4,10,12,15,17,19,22;7,8,11,12,18,21,22;3,4,15,16,24,28;1,8,9,13,18,27
n1_7121_17_121_K_L 29 1,2,3,4,5;0,2,5,8,14;0,1,3,6,22;0,2,4,7,15,16,17,19,24;0,3,5,10,11,21,24,25,27;0,1,4,8,9,12;2,7,8,17,19,21;3,6,12,19,23,27;1,5,6,12,18,28;5,13,14,19,28;4,11,13,24,25;4,10,20,24;5,7,8,20,25,26;9,10,14,18,24,28;1,9,13,20,22,24;3,17,24,27;3,17,20,23,26;3,6,15,16,21,25;8,13,26,28;3,6,7,9,23;11,12,14,16,24;4,6,17,22,23,24,26,27;2,14,21,24,26;7,16,19,21;3,4,10,11,13,14,15,20,21,22,27;4,10,12,17;12,16,18,21,22;4,7,15,21,24,28;8,9,13,18,27
n1_7121_17_522_K_L 29 1,2,3,4,5;0,2,5,8,14;0,1,3,22,28;0,2,4,7,15,16,17,19,24,25,26,27;0,3,5,10,12,17,24;0,1,4,8,9,11;7,8,10,11,16,21,27;3,6,11,12,23,27;1,5,6,18,27,28;5,13,14,17,28;4,6,11,13,25;5,6,7,10,20,26;4,7,20,24;9,10,14,18,24,28;1,9,13,20,22,24;3,19,24,25,27;3,6,19,20,21,26;3,4,9,23,25,28;8,13,26,28;3,15,16,21,25;11,12,14,16,24;6,16,19,22,23;2,14,21,25,26;7,17,21;3,4,12,13,14,15,20,27;3,10,15,17,19,22;3,11,16,18,22;3,6,7,8,15,24;2,8,9,13,17,18
n1_7121_17_674_K_L 29 1,2,3,4,5;0,2,5,8,14;0,1,3,22,28;0,2,4,7,15,17,19,25,26,27;0,3,5,10,21,24,25,27;0,1,4,8,9,11,12;7,10,12,19;3,6,17,19,20,26,27;1,5,18,23,27,28;5,11,13,14,17,28;4,6,12,13,24;5,9,15;5,6,10,16,20,26;9,10,14,18,25,28;1,9,13,20,22,25;3,11,17,24;12,21,23,26,27;3,7,9,15,23,24,28;8,13,26,28;3,6,7,21,25;7,12,14,25;4,16,19,22,23,24,25;2,14,21,24,26;8,16,17,21,27;4,10,15,17,21,22;3,4,13,14,19,20,21;3,7,12,16,18,22;3,4,7,8,16,23;2,8,9,13,17,18
n1_7121_17_782_K_L 29 1,2,3,4,5;0,2,5,8,14;0,1,3,22,28;0,2,4,22,23,25,26,27;0,3,5,11,19,21,25;0,1,4,8,9,11,12;7,10,12,17;6,10,12,17,20,23,26,27;1,5,12,18,23,28;5,11,13,14,17,28;6,7,12,13,15,24;4,5,9,15;5,6,7,8,10,20,26;9,10,14,18,24,28;1,9,13,20,22,24;10,11,21,24,25,27;17,21,23;6,7,9,16,21,25;8,13,26,28;4,21,23,24,28;7,12,14,25;4,15,16,17,19,24,25,27;2,3,14,24,26;3,7,8,16,19,27;10,13,14,15,19,21,22;3,4,15,17,20,21;3,7,12,18,22;3,7,15,21,23;2,8,9,13,18,19
n1_7121_17_1069_K_L 29 1,2,3,4,5;0,2,5,8,14;0,1,3,6,22;0,2,4,15,16,17,19,24,27;0,3,5,10,19,21,24;0,1,4,8,9,11,12;2,10,11,16;17,19,21,24;1,5,11,18,26,28;5,12,13,14,19,28;4,6,11,13,24,25;5,6,8,10,16,20,26;5,9,15;9,10,14,18,24,25,28;1,9,13,20,22,24,25;3,12,19,24;3,6,11,19,20,23,26,27;3,7,21,24,28;8,13,26,28;3,4,7,9,15,16,23;11,14,16,24;4,7,17,22,23,24,26;2,14,21,25,26;16,19,21,27;3,4,7,10,13,14,15,17,20,21,27;10,13,14,22;8,11,16,18,21,22;3,16,23,24;8,9,13,17,18
n1_7121_17_1232_K_L 29 1,2,3,4,5;0,2,5,8,28;0,1,3,22,23;0,2,4,6,7,15,16,17,19,24,26;0,3,5,10,24,27;0,1,4,8,9,11,12;3,16,17,27;3,11,17,25;1,5,11,18,26,28;5,11,13,14,17,28;4,12,13,23,24,25;5,7,8,9,23;5,10,16,20,25,26;9,10,14,18,24,28;9,13,20,22,24;3,17,19,21,24,25;3,6,12,17,20,23,26,27;3,6,7,9,15,16,25;8,13,26,28;3,15,21,24,28;12,14,16,24;15,19,22,24,27;2,14,21,24,26;2,10,11,16;3,4,10,13,14,15,19,20,21,22;7,10,12,15,17;3,8,12,16,18,22;4,6,16,21;1,8,9,13,18,19
n1_7121_17_1766_K_L 29 1,2,3,4,5;0,2,5,8,14;0,1,3,22,28;0,2,4,6,17,19,23,25,27;0,3,5,19,21,24,25;0,1,4,8,9,11;3,16,19,27;10,12,25,27;1,5,11,18,26,28;5,13,14,27,28;7,12,13,15,16,24;5,8,15,16,20,24,26;7,10,15,20,25;9,10,14,18,25,28;1,9,13,20,22,25;10,11,12,17,21,25;6,10,11,19,20,23,26;3,15,25,28;8,13,26,28;3,4,6,16;11,12,14,16,24,25;4,15,22,25,26,27;2,14,21,25,26;3,16,27;4,10,11,20,27;3,4,7,12,13,14,15,17,20,21,22;8,11,16,18,21,22;3,6,7,9,21,23,24;2,8,9,13,17,18
n1_7121_17_2156_K_L 29 1,2,3,4,5;0,2,5,8,28;0,1,3,22,23;0,2,4,17,24,26;0,3,5,9,19,25,27;0,1,4,7,8,9,12;16,17,21;5,11,19,21,24;1,5,12,18,23,26;4,5,13,14,27,28;13,15,16,19,23,24;7,15,20,25;5,8,16,20,23,26;9,10,14,18,24,28;9,13,20,22,24;10,11,17,24;6,10,12,20,21,23,27,28;3,6,15,21,24,28;8,13,26,28;4,7,10,20,24;11,12,14,16,19,25;6,7,16,17,22,23,25,27;2,14,21,24,26;2,8,10,12,16,21,27;3,7,10,13,14,15,17,19,22;4,11,20,21,27;3,8,12,18,22;4,9,16,21,23,25;1,9,13,16,17,18
n1_7121_17_2263_K_L 29 1,2,3,4,5;0,2,5,8,28;0,1,3,22,23;0,2,4,6,15,22,24,27;0,3,5,6,21,24,27;0,1,4,8,9,11,12,15;3,4,10,14,20,22;9,10,11,17,24;1,5,18,19,26,28;5,7,12,13,14,15,17,28;6,7,13,19,23;5,7,15,20,25;5,9,16,26;9,10,14,18,25,28;6,9,13,20,22,25;3,5,9,11;12,17,19,20,21,23,26,27;7,9,16,21,23,24;8,13,26,28;8,10,16,20,26;6,11,14,16,19,25;4,16,17,23,26,27;2,3,6,14,26;2,10,16,17,21,27;3,4,7,17;11,13,14,20;8,12,16,18,19,21,22;3,4,16,21,23,28;1,8,9,13,18,27
n1_7121_17_2353_K_L 29 1,2,3,4,5;0,2,5,8,14;0,1,3,22,28;0,2,4,17,24,25,27;0,3,5,9,11,17,27;0,1,4,8,9,11,15;10,11,13,15,19,20;10,11,12,25;1,5,11,18,26,28;4,5,13,14,17,28;6,7,11,13,16,23,25;4,5,6,7,8,10,15,20;7,20,24;6,9,10,14,18,28;1,9,13,20,22,25;5,6,11,21,24,25;10,19,20,21,23,26,27;3,4,9,21,23,24,28;8,13,26,28;6,16,20,25,26;6,11,12,14,16,19;15,16,17,22,23,26;2,14,21,24,26;10,16,17,21;3,12,15,17,22,27;3,7,10,14,15,19;8,16,18,19,21,22;3,4,16,24;2,8,9,13,17,18
n1_7121_17_2477_K_L 29 1,2,3,4,5;0,2,5,8,14;0,1,3,22,28;0,2,4,17,22,25,27;0,3,5,9,17,21,25,27;0,1,4,8,9,15,19;7,10,11,14;6,9,10,11,24;1,5,12,18,23;4,5,7,12,14,15,27,28;6,7,13,19,23,24,25;6,7,16,20,23;8,9,15,16,20,23;10,14,18,24,28;1,6,9,13,20,22,25;5,9,12;11,12,17,19,20,21,23,26,28;3,4,16,21,23,28;8,13,26,28;5,10,16,20,24,26;11,12,14,16,19,25;4,16,17,23,26;2,3,14,25,26;8,10,11,12,16,17,21;7,10,13,19,27;3,4,10,14,20,22;16,18,19,21,22;3,4,9,24;2,9,13,16,17,18
n1_7121_17_915_K_L 29 1,2,3,4,5;0,2,5,8,14;0,1,3,22,28;0,2,4,7,17,22,24,26;0,3,5,12,17,19,21,24,25,27;0,1,4,8,9,11,12;8,10,12,16;3,11,19,26;1,5,6,12,18,28;5,11,13,14,27,28;6,12,13,15,24,25;5,7,9,26;4,5,6,8,10,20,25;9,10,14,18,24,28;1,9,13,20,22,25;10,21,25,27;6,19,20,21,23,26;3,4,21,25;8,13,26,28;4,7,16,21,25;12,14,16,24;4,15,16,17,19,23,24,27;2,3,14,24,26;16,21,27;3,4,10,13,20,21,22,27;4,10,12,14,15,17,19;3,7,11,16,18,22;4,9,15,21,23,24,28;2,8,9,13,18,27
n1_7121_103_1402_K_L 28 1,2,3,4,5;0,2,5,11,14,21;0,1,3,9,23,24,27;0,2,4,12,19,26;0,3,5,6,7,18,25;0,1,4,6,11,17,21;4,5,7,12,18,21;4,6,14,22;9,12,26,27;2,8,10,12,13,25,26;9,15,17,20,25;1,5,16,21,25,27;3,6,8,9,14,19,21,27;9,17,25,26;1,7,12,21,22,23;10,17,20,23,27;11,17,18,20;5,10,13,15,16,20,23;4,6,16,25;3,12,26;10,15,16,17,26;1,5,6,11,12,14;7,14,24,27;2,14,15,17,24,26;2,22,23,26,27;4,9,10,11,13,18,27;3,8,9,13,19,20,23,24;2,8,11,12,15,22,24,25
n1_7121_103_1522_K_L 28 1,2,3,4,5;0,2,5,11,14,21;0,1,3,9,10,23,26;0,2,4,12,19,26;0,3,5,6,7,18,25;0,1,4,6,11,17,21;4,5,7,12,18,21;4,6,14,22;10,20,24;2,12,13,25,26;2,8,13,20,23,24,25;1,5,16,21,25,27;3,6,9,14,19,21,26;9,10,17,25,27;1,7,12,21,22,23;17,20,23,27;11,17,18,23;5,13,15,16,20,23,27;4,6,16,25;3,12,24,26;8,10,15,17,24,26;1,5,6,11,12,14;7,14,24,27;2,10,14,15,16,17;8,10,19,20,22,26,27;4,9,10,11,13,18,27;2,3,9,12,19,20,24;11,13,15,17,22,24,25
n1_7121_103_1620_K_L 28 1,2,3,4,5;0,2,5,11,14,21;0,1,3,9,23,26;0,2,4,10,12,13,19,25;0,3,5,6,7,18,25;0,1,4,6,11,17,21;4,5,7,12,18,21;4,6,14,15,22,26;23,24,27;2,12,26;3,12,15,19,20,23,24;1,5,16,21,25,27;3,6,9,10,14,19,21;3,17,25,26;1,7,12,21,22,23;7,10,20,23,27;11,17,18,20;5,13,16,20,23,27;4,6,16,25;3,10,12,24,26;10,15,16,17,24,26;1,5,6,11,12,14;7,14,24,27;2,8,10,14,15,17;8,10,19,20,22,26;3,4,11,13,18,26,27;2,7,9,13,19,20,24,25;8,11,15,17,22,25
n1_7221_43_1766_K_L 28 1,2,3,4,5;0,2,5,19,20,23,24;0,1,3,6,12,14,20,22,26;0,2,4,6,12,16,22,27;0,3,5,7,9,17;0,1,4,9,23;2,3,7,12,18;4,6,8,9,11;7,11,14,23,26;4,5,7,11,12,20;17,18,20,23,27;7,8,9,13,22;2,3,6,9,14,23,27;11,17,18,21,24;2,8,12,15,25;14,16,19,21,25,26;3,15,19,21,22,25,26,27;4,10,13,18,21,23;6,10,13,17,19,21,27;1,15,16,18,25;1,2,9,10,24;13,15,16,17,18,26;2,3,11,16;1,5,8,10,12,17;1,13,20,27;14,15,16,19;2,8,15,16,21;3,10,12,16,18,24
n1_7511_15_2860_K_L 30 1,2,3,4,5;0,2,5,7,13,22;0,1,3,7,21,25,27,29;0,2,4,24,27;0,3,5,8,19,23,24;0,1,4,10,13,19,23;12,20,27,28;1,2,8,12,13,18;4,7,19,21,24;10,14,15,16,17,18,23,25;5,9,11,21;10,12,21,22,28;6,7,11,20,29;1,5,7,14,23;9,13,15,23;9,14,16,23,24;9,15,17,18,24,25;9,16,18,20,22;7,9,16,17,21;4,5,8,23,26;6,12,17,28,29;2,8,10,11,18,22,25,26,27,28,29;1,11,17,21,27,28,29;4,5,9,13,14,15,19;3,4,8,15,16,27;2,9,16,21;19,21,28,29;2,3,6,21,22,24;6,11,20,21,22,26;2,12,20,21,22,26
