CERTIFICATE 8a23ee3ec7b2bb33
step 0 score (0, 3, 15, 0.123522) best (1, 4, 8, 0.094035)
step 1 score (0, 4, 15, 0.136306) best (1, 4, 8, 0.094035)
step 2 score (0, 0, 14, 0.126781) best (1, 4, 8, 0.094035)
step 3 score (0, 0, 13, 0.137812) best (1, 4, 8, 0.094035)
step 4 score (0, 0, 14, 0.148046) best (1, 4, 8, 0.094035)
step 5 score (0, 1, 13, 0.11532) best (1, 4, 8, 0.094035)
step 6 score (0, 3, 13, 0.118944) best (1, 4, 8, 0.094035)
step 7 score (0, 0, 12, 0.133815) best (1, 4, 8, 0.094035)
step 8 score (0, 4, 15, 0.160441) best (1, 4, 8, 0.094035)
step 9 score (0, 2, 16, 0.160603) best (1, 4, 8, 0.094035)
step 10 score (0, 4, 15, 0.160441) best (1, 4, 8, 0.094035)
step 11 score (0, 8, 17, 0.168598) best (1, 4, 8, 0.094035)
step 12 score (0, 4, 15, 0.166067) best (1, 4, 8, 0.094035)
step 13 score (0, 1, 16, 0.17814) best (1, 4, 8, 0.094035)
step 14 score (0, 0, 14, 0.153487) best (1, 4, 8, 0.094035)
step 15 score (0, 2, 17, 0.166388) best (1, 4, 8, 0.094035)
step 16 score (0, 4, 16, 0.166681) best (1, 4, 8, 0.094035)
step 17 score (0, 6, 9, 0.114746) best (1, 4, 8, 0.094035)
step 18 score (0, 4, 16, 0.166681) best (1, 4, 8, 0.094035)
step 19 score (0, 5, 18, 0.156258) best (1, 4, 8, 0.094035)
step 20 score (0, 6, 18, 0.185807) best (1, 4, 8, 0.094035)
step 21 score (0, 3, 16, 0.147066) best (1, 4, 8, 0.094035)
step 22 score (0, 6, 18, 0.185807) best (1, 4, 8, 0.094035)
step 23 score (0, 5, 18, 0.156258) best (1, 4, 8, 0.094035)
step 24 score (0, 5, 18, 0.159748) best (1, 4, 8, 0.094035)
step 25 score (0, 6, 16, 0.14565) best (1, 4, 8, 0.094035)
step 26 score (0, 5, 18, 0.159748) best (1, 4, 8, 0.094035)
step 27 score (0, 4, 16, 0.16352) best (1, 4, 8, 0.094035)
step 28 score (0, 4, 16, 0.166681) best (1, 4, 8, 0.094035)
step 29 score (0, 3, 14, 0.191237) best (1, 4, 8, 0.094035)
step 30 score (0, 7, 18, 0.179009) best (1, 4, 8, 0.094035)
step 31 score (0, 6, 16, 0.168752) best (1, 4, 8, 0.094035)
step 32 score (0, 9, 10, 0.155291) best (1, 4, 8, 0.094035)
step 33 score (0, 7, 10, 0.135494) best (1, 4, 8, 0.094035)
step 34 score (0, 4, 9, 0.138776) best (1, 4, 8, 0.094035)
step 35 score (0, 4, 11, 0.157621) best (1, 4, 8, 0.094035)
step 36 score (0, 0, 15, 0.145843) best (1, 4, 8, 0.094035)
step 37 score (0, 2, 10, 0.121095) best (1, 4, 8, 0.094035)
step 38 score (0, 2, 10, 0.13729) best (1, 4, 8, 0.094035)
step 39 score (0, 0, 15, 0.188323) best (1, 4, 8, 0.094035)
step 40 score (0, 3, 15, 0.173472) best (1, 4, 8, 0.094035)
step 41 score (0, 4, 11, 0.157621) best (1, 4, 8, 0.094035)
step 42 score (0, 0, 15, 0.145843) best (1, 4, 8, 0.094035)
step 43 score (0, 0, 16, 0.144599) best (1, 4, 8, 0.094035)
step 44 score (0, 4, 16, 0.148664) best (1, 4, 8, 0.094035)
step 45 score (0, 4, 16, 0.169513) best (1, 4, 8, 0.094035)
step 46 score (0, 13, 16, 0.163697) best (1, 4, 8, 0.094035)
step 47 score (0, 11, 16, 0.145046) best (1, 4, 8, 0.094035)
step 48 score (0, 8, 18, 0.1714) best (1, 4, 8, 0.094035)
step 49 score (0, 11, 16, 0.145046) best (1, 4, 8, 0.094035)
step 50 score (0, 3, 16, 0.148726) best (1, 4, 8, 0.094035)
step 51 score (0, 4, 16, 0.169513) best (1, 4, 8, 0.094035)
step 52 score (0, 3, 15, 0.149313) best (1, 4, 8, 0.094035)
step 53 score (0, 7, 17, 0.179723) best (1, 4, 8, 0.094035)
step 54 score (0, 11, 17, 0.188919) best (1, 4, 8, 0.094035)
step 55 score (0, 14, 16, 0.197437) best (1, 4, 8, 0.094035)
step 56 score (0, 7, 17, 0.180799) best (1, 4, 8, 0.094035)
step 57 score (0, 3, 17, 0.165644) best (1, 4, 8, 0.094035)
step 58 score (0, 7, 17, 0.180799) best (1, 4, 8, 0.094035)
step 59 score (0, 14, 16, 0.197437) best (1, 4, 8, 0.094035)
step 60 score (0, 11, 17, 0.188919) best (1, 4, 8, 0.094035)
step 61 score (0, 7, 17, 0.179723) best (1, 4, 8, 0.094035)
step 62 score (0, 9, 17, 0.184593) best (1, 4, 8, 0.094035)
step 63 score (0, 10, 17, 0.187073) best (1, 4, 8, 0.094035)
step 64 score (0, 6, 15, 0.141463) best (1, 4, 8, 0.094035)
step 65 score (0, 5, 12, 0.1205) best (1, 4, 8, 0.094035)
step 66 score (0, 5, 14, 0.151672) best (1, 4, 8, 0.094035)
step 67 score (0, 6, 14, 0.130718) best (1, 4, 8, 0.094035)
step 68 score (0, 5, 14, 0.151672) best (1, 4, 8, 0.094035)
step 69 score (0, 4, 14, 0.148565) best (1, 4, 8, 0.094035)
step 70 score (0, 1, 13, 0.127205) best (1, 4, 8, 0.094035)
step 71 score (0, 4, 10, 0.11451) best (1, 4, 8, 0.094035)
step 72 score (0, 2, 7, 0.132419) best (1, 4, 8, 0.094035)
step 73 score (0, 4, 10, 0.11451) best (1, 4, 8, 0.094035)
step 74 score (0, 1, 13, 0.127205) best (1, 4, 8, 0.094035)
step 75 score (0, 1, 15, 0.149642) best (1, 4, 8, 0.094035)
step 76 score (0, 7, 17, 0.146706) best (1, 4, 8, 0.094035)
step 77 score (0, 4, 16, 0.150289) best (1, 4, 8, 0.094035)
CERTIFICATE 794e750e68700e1a
step 78 score (1, 6, 15, 0.1265) best (1, 6, 15, 0.1265)
step 79 score (0, 1, 14, 0.114418) best (1, 6, 15, 0.1265)
step 80 score (0, 4, 14, 0.116351) best (1, 6, 15, 0.1265)
step 81 score (0, 1, 14, 0.114418) best (1, 6, 15, 0.1265)
CERTIFICATE d10c1e95142aae12
step 82 score (1, 5, 16, 0.131452) best (1, 6, 15, 0.1265)
step 83 score (0, 0, 15, 0.155221) best (1, 6, 15, 0.1265)
step 84 score (0, 1, 10, 0.140002) best (1, 6, 15, 0.1265)
step 85 score (0, 4, 11, 0.107843) best (1, 6, 15, 0.1265)
step 86 score (0, 1, 12, 0.123407) best (1, 6, 15, 0.1265)
step 87 score (0, 4, 11, 0.107843) best (1, 6, 15, 0.1265)
step 88 score (0, 4, 8, 0.112994) best (1, 6, 15, 0.1265)
step 89 score (0, 0, 13, 0.131183) best (1, 6, 15, 0.1265)
step 90 score (0, 5, 10, 0.124374) best (1, 6, 15, 0.1265)
step 91 score (0, 4, 11, 0.130255) best (1, 6, 15, 0.1265)
step 92 score (0, 3, 10, 0.129553) best (1, 6, 15, 0.1265)
step 93 score (0, 3, 10, 0.114047) best (1, 6, 15, 0.1265)
step 94 score (0, 5, 9, 0.120465) best (1, 6, 15, 0.1265)
step 95 score (0, 3, 9, 0.113475) best (1, 6, 15, 0.1265)
step 96 score (0, 1, 10, 0.131058) best (1, 6, 15, 0.1265)
step 97 score (0, 4, 10, 0.119245) best (1, 6, 15, 0.1265)
step 98 score (0, 4, 11, 0.127298) best (1, 6, 15, 0.1265)
step 99 score (0, 2, 12, 0.172832) best (1, 6, 15, 0.1265)
step 100 score (0, 3, 9, 0.129549) best (1, 6, 15, 0.1265)
step 101 score (0, 5, 11, 0.137139) best (1, 6, 15, 0.1265)
step 102 score (0, 8, 11, 0.130531) best (1, 6, 15, 0.1265)
step 103 score (0, 7, 15, 0.136668) best (1, 6, 15, 0.1265)
step 104 score (0, 8, 11, 0.130531) best (1, 6, 15, 0.1265)
step 105 score (0, 8, 15, 0.128744) best (1, 6, 15, 0.1265)
step 106 score (0, 8, 14, 0.113738) best (1, 6, 15, 0.1265)
step 107 score (0, 8, 15, 0.128744) best (1, 6, 15, 0.1265)
step 108 score (0, 2, 14, 0.129826) best (1, 6, 15, 0.1265)
step 109 score (0, 0, 15, 0.121951) best (1, 6, 15, 0.1265)
step 110 score (0, 3, 14, 0.130072) best (1, 6, 15, 0.1265)
step 111 score (0, 4, 14, 0.130172) best (1, 6, 15, 0.1265)
step 112 score (0, 0, 16, 0.11322) best (1, 6, 15, 0.1265)
step 113 score (0, 4, 14, 0.130172) best (1, 6, 15, 0.1265)
step 114 score (0, 2, 14, 0.119644) best (1, 6, 15, 0.1265)
step 115 score (0, 2, 13, 0.12815) best (1, 6, 15, 0.1265)
step 116 score (0, 1, 15, 0.119556) best (1, 6, 15, 0.1265)
step 117 score (0, 1, 12, 0.115967) best (1, 6, 15, 0.1265)
step 118 score (0, 1, 15, 0.119556) best (1, 6, 15, 0.1265)
step 119 score (0, 1, 11, 0.1212) best (1, 6, 15, 0.1265)
step 120 score (0, 1, 14, 0.135208) best (1, 6, 15, 0.1265)
step 121 score (0, 2, 10, 0.137898) best (1, 6, 15, 0.1265)
step 122 score (0, 4, 14, 0.125296) best (1, 6, 15, 0.1265)
step 123 score (0, 10, 17, 0.163511) best (1, 6, 15, 0.1265)
step 124 score (0, 13, 17, 0.155466) best (1, 6, 15, 0.1265)
step 125 score (0, 7, 13, 0.136534) best (1, 6, 15, 0.1265)
step 126 score (0, 5, 15, 0.136292) best (1, 6, 15, 0.1265)
step 127 score (0, 1, 7, 0.104734) best (1, 6, 15, 0.1265)
step 128 score (0, 5, 15, 0.136292) best (1, 6, 15, 0.1265)
step 129 score (0, 7, 13, 0.136534) best (1, 6, 15, 0.1265)
step 130 score (0, 2, 12, 0.1414) best (1, 6, 15, 0.1265)
step 131 score (0, 1, 10, 0.108168) best (1, 6, 15, 0.1265)
step 132 score (0, 1, 13, 0.121622) best (1, 6, 15, 0.1265)
step 133 score (0, 1, 16, 0.115601) best (1, 6, 15, 0.1265)
step 134 score (0, 5, 19, 0.137048) best (1, 6, 15, 0.1265)
step 135 score (0, 5, 18, 0.151971) best (1, 6, 15, 0.1265)
step 136 score (0, 5, 17, 0.121738) best (1, 6, 15, 0.1265)
step 137 score (0, 7, 17, 0.158191) best (1, 6, 15, 0.1265)
step 138 score (0, 5, 17, 0.121738) best (1, 6, 15, 0.1265)
step 139 score (0, 0, 16, 0.138197) best (1, 6, 15, 0.1265)
step 140 score (0, 4, 11, 0.146742) best (1, 6, 15, 0.1265)
step 141 score (0, 5, 13, 0.176373) best (1, 6, 15, 0.1265)
step 142 score (0, 5, 13, 0.136204) best (1, 6, 15, 0.1265)
step 143 score (0, 5, 13, 0.176373) best (1, 6, 15, 0.1265)
step 144 score (0, 4, 11, 0.146742) best (1, 6, 15, 0.1265)
step 145 score (0, 2, 10, 0.106664) best (1, 6, 15, 0.1265)
step 146 score (0, 0, 12, 0.126553) best (1, 6, 15, 0.1265)
step 147 score (0, 0, 15, 0.127821) best (1, 6, 15, 0.1265)
step 148 score (0, 1, 13, 0.126518) best (1, 6, 15, 0.1265)
step 149 score (0, 1, 12, 0.122539) best (1, 6, 15, 0.1265)
step 150 score (0, 1, 13, 0.127693) best (1, 6, 15, 0.1265)
step 151 score (0, 4, 10, 0.146313) best (1, 6, 15, 0.1265)
step 152 score (0, 4, 16, 0.14821) best (1, 6, 15, 0.1265)
step 153 score (0, 8, 16, 0.145739) best (1, 6, 15, 0.1265)
step 154 score (0, 3, 11, 0.123964) best (1, 6, 15, 0.1265)
step 155 score (0, 4, 10, 0.146313) best (1, 6, 15, 0.1265)
step 156 score (0, 4, 16, 0.14821) best (1, 6, 15, 0.1265)
step 157 score (0, 4, 15, 0.156543) best (1, 6, 15, 0.1265)
step 158 score (0, 5, 13, 0.1546) best (1, 6, 15, 0.1265)
step 159 score (0, 8, 16, 0.145739) best (1, 6, 15, 0.1265)
step 160 score (0, 5, 17, 0.155717) best (1, 6, 15, 0.1265)
step 161 score (0, 8, 16, 0.145739) best (1, 6, 15, 0.1265)
step 162 score (0, 8, 10, 0.153399) best (1, 6, 15, 0.1265)
step 163 score (0, 5, 9, 0.156279) best (1, 6, 15, 0.1265)
step 164 score (0, 9, 9, 0.156715) best (1, 6, 15, 0.1265)
step 165 score (0, 9, 9, 0.153946) best (1, 6, 15, 0.1265)
step 166 score (0, 7, 16, 0.161415) best (1, 6, 15, 0.1265)
step 167 score (0, 6, 15, 0.158711) best (1, 6, 15, 0.1265)
step 168 score (0, 7, 16, 0.161415) best (1, 6, 15, 0.1265)
step 169 score (0, 7, 10, 0.106556) best (1, 6, 15, 0.1265)
step 170 score (0, 7, 16, 0.161415) best (1, 6, 15, 0.1265)
step 171 score (0, 9, 9, 0.153946) best (1, 6, 15, 0.1265)
step 172 score (0, 9, 9, 0.156715) best (1, 6, 15, 0.1265)
step 173 score (0, 5, 9, 0.156279) best (1, 6, 15, 0.1265)
step 174 score (0, 5, 9, 0.162405) best (1, 6, 15, 0.1265)
step 175 score (0, 7, 10, 0.143636) best (1, 6, 15, 0.1265)
step 176 score (0, 6, 12, 0.154162) best (1, 6, 15, 0.1265)
step 177 score (0, 5, 11, 0.121099) best (1, 6, 15, 0.1265)
step 178 score (0, 4, 12, 0.094894) best (1, 6, 15, 0.1265)
step 179 score (0, 2, 9, 0.067244) best (1, 6, 15, 0.1265)
step 180 score (0, 4, 12, 0.094894) best (1, 6, 15, 0.1265)
step 181 score (0, 7, 16, 0.171862) best (1, 6, 15, 0.1265)
step 182 score (0, 9, 12, 0.13732) best (1, 6, 15, 0.1265)
step 183 score (0, 5, 11, 0.121099) best (1, 6, 15, 0.1265)
step 184 score (0, 6, 12, 0.154162) best (1, 6, 15, 0.1265)
step 185 score (0, 5, 11, 0.114666) best (1, 6, 15, 0.1265)
step 186 score (0, 3, 17, 0.125106) best (1, 6, 15, 0.1265)
step 187 score (0, 8, 16, 0.146144) best (1, 6, 15, 0.1265)
step 188 score (0, 7, 18, 0.174215) best (1, 6, 15, 0.1265)
step 189 score (0, 8, 16, 0.146144) best (1, 6, 15, 0.1265)
step 190 score (0, 3, 17, 0.125106) best (1, 6, 15, 0.1265)
step 191 score (0, 1, 13, 0.132473) best (1, 6, 15, 0.1265)
step 192 score (0, 3, 9, 0.128236) best (1, 6, 15, 0.1265)
step 193 score (0, 2, 7, 0.110527) best (1, 6, 15, 0.1265)
step 194 score (0, 2, 9, 0.099586) best (1, 6, 15, 0.1265)
step 195 score (0, 5, 9, 0.117669) best (1, 6, 15, 0.1265)
step 196 score (0, 2, 11, 0.123504) best (1, 6, 15, 0.1265)
step 197 score (0, 5, 9, 0.117669) best (1, 6, 15, 0.1265)
step 198 score (0, 6, 10, 0.113695) best (1, 6, 15, 0.1265)
step 199 score (0, 4, 9, 0.112094) best (1, 6, 15, 0.1265)
step 200 score (0, 1, 15, 0.1303) best (1, 6, 15, 0.1265)
step 201 score (0, 2, 14, 0.140441) best (1, 6, 15, 0.1265)
step 202 score (0, 2, 10, 0.106715) best (1, 6, 15, 0.1265)
step 203 score (0, 4, 15, 0.135373) best (1, 6, 15, 0.1265)
step 204 score (0, 6, 15, 0.139623) best (1, 6, 15, 0.1265)
step 205 score (0, 5, 17, 0.160069) best (1, 6, 15, 0.1265)
step 206 score (0, 3, 17, 0.12758) best (1, 6, 15, 0.1265)
step 207 score (0, 6, 14, 0.117577) best (1, 6, 15, 0.1265)
step 208 score (0, 2, 10, 0.110085) best (1, 6, 15, 0.1265)
step 209 score (0, 3, 10, 0.135892) best (1, 6, 15, 0.1265)
step 210 score (0, 4, 15, 0.149006) best (1, 6, 15, 0.1265)
step 211 score (0, 6, 14, 0.117577) best (1, 6, 15, 0.1265)
step 212 score (0, 6, 13, 0.113972) best (1, 6, 15, 0.1265)
step 213 score (0, 6, 14, 0.117577) best (1, 6, 15, 0.1265)
step 214 score (0, 4, 15, 0.149006) best (1, 6, 15, 0.1265)
step 215 score (0, 4, 16, 0.17999) best (1, 6, 15, 0.1265)
step 216 score (0, 4, 15, 0.172432) best (1, 6, 15, 0.1265)
step 217 score (0, 5, 15, 0.157541) best (1, 6, 15, 0.1265)
step 218 score (0, 6, 14, 0.169239) best (1, 6, 15, 0.1265)
step 219 score (0, 4, 16, 0.17999) best (1, 6, 15, 0.1265)
step 220 score (0, 5, 15, 0.153392) best (1, 6, 15, 0.1265)
step 221 score (0, 2, 13, 0.130627) best (1, 6, 15, 0.1265)
step 222 score (0, 1, 12, 0.117911) best (1, 6, 15, 0.1265)
step 223 score (0, 0, 12, 0.097864) best (1, 6, 15, 0.1265)
step 224 score (0, 3, 12, 0.097569) best (1, 6, 15, 0.1265)
step 225 score (0, 3, 16, 0.108639) best (1, 6, 15, 0.1265)
step 226 score (0, 1, 12, 0.10279) best (1, 6, 15, 0.1265)
step 227 score (0, 2, 13, 0.130627) best (1, 6, 15, 0.1265)
step 228 score (0, 2, 15, 0.13421) best (1, 6, 15, 0.1265)
step 229 score (0, 2, 13, 0.16065) best (1, 6, 15, 0.1265)
step 230 score (0, 4, 15, 0.125198) best (1, 6, 15, 0.1265)
step 231 score (0, 5, 12, 0.130365) best (1, 6, 15, 0.1265)
step 232 score (0, 5, 14, 0.136651) best (1, 6, 15, 0.1265)
step 233 score (0, 4, 15, 0.124287) best (1, 6, 15, 0.1265)
step 234 score (0, 2, 16, 0.139352) best (1, 6, 15, 0.1265)
step 235 score (0, 4, 15, 0.124287) best (1, 6, 15, 0.1265)
step 236 score (0, 5, 16, 0.122156) best (1, 6, 15, 0.1265)
step 237 score (0, 3, 15, 0.134055) best (1, 6, 15, 0.1265)
step 238 score (0, 5, 14, 0.136651) best (1, 6, 15, 0.1265)
step 239 score (0, 5, 12, 0.130365) best (1, 6, 15, 0.1265)
step 240 score (0, 4, 15, 0.125198) best (1, 6, 15, 0.1265)
step 241 score (0, 2, 13, 0.16065) best (1, 6, 15, 0.1265)
step 242 score (0, 1, 16, 0.135652) best (1, 6, 15, 0.1265)
step 243 score (0, 2, 15, 0.13479) best (1, 6, 15, 0.1265)
step 244 score (0, 4, 16, 0.123102) best (1, 6, 15, 0.1265)
step 245 score (0, 5, 16, 0.135313) best (1, 6, 15, 0.1265)
step 246 score (0, 1, 16, 0.135652) best (1, 6, 15, 0.1265)
step 247 score (0, 2, 15, 0.13479) best (1, 6, 15, 0.1265)
step 248 score (0, 2, 13, 0.157649) best (1, 6, 15, 0.1265)
step 249 score (0, 1, 8, 0.118473) best (1, 6, 15, 0.1265)
step 250 score (0, 2, 13, 0.157649) best (1, 6, 15, 0.1265)
step 251 score (0, 3, 16, 0.174079) best (1, 6, 15, 0.1265)
step 252 score (0, 3, 16, 0.168067) best (1, 6, 15, 0.1265)
step 253 score (0, 4, 10, 0.146427) best (1, 6, 15, 0.1265)
step 254 score (0, 4, 10, 0.107723) best (1, 6, 15, 0.1265)
step 255 score (0, 3, 9, 0.118244) best (1, 6, 15, 0.1265)
step 256 score (0, 0, 12, 0.087614) best (1, 6, 15, 0.1265)
step 257 score (0, 0, 14, 0.097027) best (1, 6, 15, 0.1265)
step 258 score (0, 2, 9, 0.095736) best (1, 6, 15, 0.1265)
step 259 score (0, 1, 11, 0.117985) best (1, 6, 15, 0.1265)
step 260 score (0, 2, 10, 0.132798) best (1, 6, 15, 0.1265)
step 261 score (0, 0, 16, 0.160917) best (1, 6, 15, 0.1265)
step 262 score (0, 7, 14, 0.147587) best (1, 6, 15, 0.1265)
step 263 score (0, 6, 10, 0.116164) best (1, 6, 15, 0.1265)
step 264 score (0, 3, 10, 0.133752) best (1, 6, 15, 0.1265)
step 265 score (0, 6, 10, 0.116164) best (1, 6, 15, 0.1265)
step 266 score (0, 7, 14, 0.147587) best (1, 6, 15, 0.1265)
step 267 score (0, 1, 11, 0.120493) best (1, 6, 15, 0.1265)
step 268 score (0, 7, 14, 0.147587) best (1, 6, 15, 0.1265)
step 269 score (0, 7, 13, 0.136404) best (1, 6, 15, 0.1265)
step 270 score (0, 7, 12, 0.140042) best (1, 6, 15, 0.1265)
step 271 score (0, 1, 13, 0.147854) best (1, 6, 15, 0.1265)
step 272 score (0, 1, 15, 0.143064) best (1, 6, 15, 0.1265)
step 273 score (0, 0, 12, 0.118084) best (1, 6, 15, 0.1265)
step 274 score (0, 0, 14, 0.127947) best (1, 6, 15, 0.1265)
step 275 score (0, 0, 12, 0.118084) best (1, 6, 15, 0.1265)
step 276 score (0, 0, 10, 0.111127) best (1, 6, 15, 0.1265)
step 277 score (0, 0, 12, 0.120751) best (1, 6, 15, 0.1265)
step 278 score (0, 0, 12, 0.1205) best (1, 6, 15, 0.1265)
step 279 score (0, 3, 11, 0.134942) best (1, 6, 15, 0.1265)
step 280 score (0, 3, 11, 0.107249) best (1, 6, 15, 0.1265)
step 281 score (0, 8, 15, 0.116572) best (1, 6, 15, 0.1265)
step 282 score (0, 1, 13, 0.141234) best (1, 6, 15, 0.1265)
step 283 score (0, 5, 15, 0.129844) best (1, 6, 15, 0.1265)
step 284 score (0, 1, 14, 0.110868) best (1, 6, 15, 0.1265)
step 285 score (0, 0, 16, 0.130515) best (1, 6, 15, 0.1265)
step 286 score (0, 1, 14, 0.110868) best (1, 6, 15, 0.1265)
step 287 score (0, 2, 14, 0.111157) best (1, 6, 15, 0.1265)
step 288 score (0, 5, 17, 0.120846) best (1, 6, 15, 0.1265)
step 289 score (0, 5, 15, 0.129844) best (1, 6, 15, 0.1265)
step 290 score (0, 4, 17, 0.139072) best (1, 6, 15, 0.1265)
step 291 score (0, 5, 15, 0.129844) best (1, 6, 15, 0.1265)
step 292 score (0, 1, 14, 0.110868) best (1, 6, 15, 0.1265)
step 293 score (0, 2, 14, 0.111157) best (1, 6, 15, 0.1265)
step 294 score (0, 5, 17, 0.120846) best (1, 6, 15, 0.1265)
step 295 score (0, 2, 12, 0.122691) best (1, 6, 15, 0.1265)
step 296 score (0, 5, 18, 0.15044) best (1, 6, 15, 0.1265)
step 297 score (0, 8, 16, 0.156355) best (1, 6, 15, 0.1265)
step 298 score (0, 6, 16, 0.166213) best (1, 6, 15, 0.1265)
CERTIFICATE f22837fbf7d3131c
step 299 score (1, 5, 13, 0.133824) best (1, 6, 15, 0.1265)
step 300 score (0, 6, 16, 0.166213) best (1, 6, 15, 0.1265)
step 301 score (0, 8, 16, 0.156355) best (1, 6, 15, 0.1265)
step 302 score (0, 6, 16, 0.166213) best (1, 6, 15, 0.1265)
step 303 score (0, 6, 14, 0.168604) best (1, 6, 15, 0.1265)
step 304 score (0, 8, 17, 0.163931) best (1, 6, 15, 0.1265)
step 305 score (0, 9, 15, 0.171637) best (1, 6, 15, 0.1265)
step 306 score (0, 6, 16, 0.190099) best (1, 6, 15, 0.1265)
step 307 score (0, 5, 14, 0.140626) best (1, 6, 15, 0.1265)
step 308 score (0, 4, 14, 0.130818) best (1, 6, 15, 0.1265)
step 309 score (0, 10, 16, 0.172082) best (1, 6, 15, 0.1265)
step 310 score (0, 8, 16, 0.170555) best (1, 6, 15, 0.1265)
step 311 score (0, 7, 11, 0.16273) best (1, 6, 15, 0.1265)
step 312 score (0, 8, 16, 0.170555) best (1, 6, 15, 0.1265)
step 313 score (0, 7, 10, 0.125292) best (1, 6, 15, 0.1265)
step 314 score (0, 8, 16, 0.170555) best (1, 6, 15, 0.1265)
step 315 score (0, 7, 11, 0.16273) best (1, 6, 15, 0.1265)
step 316 score (0, 2, 14, 0.173431) best (1, 6, 15, 0.1265)
step 317 score (0, 7, 14, 0.126848) best (1, 6, 15, 0.1265)
step 318 score (0, 5, 15, 0.131792) best (1, 6, 15, 0.1265)
step 319 score (0, 6, 13, 0.125423) best (1, 6, 15, 0.1265)
step 320 score (0, 3, 13, 0.113297) best (1, 6, 15, 0.1265)
step 321 score (0, 3, 13, 0.115913) best (1, 6, 15, 0.1265)
step 322 score (0, 5, 15, 0.135279) best (1, 6, 15, 0.1265)
step 323 score (0, 6, 12, 0.130479) best (1, 6, 15, 0.1265)
step 324 score (0, 4, 12, 0.096684) best (1, 6, 15, 0.1265)
step 325 score (0, 1, 10, 0.1236) best (1, 6, 15, 0.1265)
step 326 score (0, 0, 13, 0.133884) best (1, 6, 15, 0.1265)
step 327 score (0, 0, 14, 0.107885) best (1, 6, 15, 0.1265)
step 328 score (0, 1, 14, 0.127498) best (1, 6, 15, 0.1265)
step 329 score (0, 0, 11, 0.116086) best (1, 6, 15, 0.1265)
step 330 score (0, 2, 10, 0.101312) best (1, 6, 15, 0.1265)
step 331 score (0, 3, 12, 0.101366) best (1, 6, 15, 0.1265)
step 332 score (0, 1, 13, 0.099553) best (1, 6, 15, 0.1265)
step 333 score (0, 0, 15, 0.121515) best (1, 6, 15, 0.1265)
step 334 score (0, 2, 12, 0.118837) best (1, 6, 15, 0.1265)
step 335 score (0, 3, 12, 0.111019) best (1, 6, 15, 0.1265)
step 336 score (0, 5, 14, 0.121787) best (1, 6, 15, 0.1265)
step 337 score (0, 4, 16, 0.150044) best (1, 6, 15, 0.1265)
step 338 score (0, 5, 14, 0.121787) best (1, 6, 15, 0.1265)
step 339 score (0, 1, 11, 0.122873) best (1, 6, 15, 0.1265)
step 340 score (0, 1, 13, 0.124207) best (1, 6, 15, 0.1265)
step 341 score (0, 3, 14, 0.118244) best (1, 6, 15, 0.1265)
step 342 score (0, 5, 14, 0.121787) best (1, 6, 15, 0.1265)
step 343 score (0, 2, 14, 0.124179) best (1, 6, 15, 0.1265)
step 344 score (0, 4, 16, 0.145138) best (1, 6, 15, 0.1265)
step 345 score (0, 4, 17, 0.158087) best (1, 6, 15, 0.1265)
step 346 score (0, 3, 18, 0.126619) best (1, 6, 15, 0.1265)
step 347 score (0, 3, 18, 0.135709) best (1, 6, 15, 0.1265)
step 348 score (0, 4, 17, 0.115109) best (1, 6, 15, 0.1265)
step 349 score (0, 4, 17, 0.137552) best (1, 6, 15, 0.1265)
step 350 score (0, 4, 17, 0.115109) best (1, 6, 15, 0.1265)
step 351 score (0, 4, 15, 0.105373) best (1, 6, 15, 0.1265)
step 352 score (0, 4, 17, 0.115109) best (1, 6, 15, 0.1265)
step 353 score (0, 3, 18, 0.135709) best (1, 6, 15, 0.1265)
step 354 score (0, 2, 16, 0.11851) best (1, 6, 15, 0.1265)
step 355 score (0, 5, 15, 0.13258) best (1, 6, 15, 0.1265)
step 356 score (0, 3, 13, 0.12139) best (1, 6, 15, 0.1265)
step 357 score (0, 1, 14, 0.16372) best (1, 6, 15, 0.1265)
step 358 score (0, 6, 15, 0.141297) best (1, 6, 15, 0.1265)
step 359 score (0, 7, 17, 0.133177) best (1, 6, 15, 0.1265)
step 360 score (0, 8, 15, 0.142361) best (1, 6, 15, 0.1265)
step 361 score (0, 4, 17, 0.16298) best (1, 6, 15, 0.1265)
step 362 score (0, 6, 16, 0.133154) best (1, 6, 15, 0.1265)
step 363 score (0, 7, 14, 0.158559) best (1, 6, 15, 0.1265)
step 364 score (0, 8, 17, 0.141783) best (1, 6, 15, 0.1265)
step 365 score (0, 10, 19, 0.133587) best (1, 6, 15, 0.1265)
CERTIFICATE f1d2cb9204571b2b
step 366 score (1, 8, 19, 0.136265) best (1, 8, 19, 0.136265)
step 367 score (0, 10, 19, 0.133587) best (1, 8, 19, 0.136265)
step 368 score (0, 8, 17, 0.141783) best (1, 8, 19, 0.136265)
step 369 score (0, 7, 14, 0.158559) best (1, 8, 19, 0.136265)
step 370 score (0, 8, 15, 0.142361) best (1, 8, 19, 0.136265)
step 371 score (0, 7, 17, 0.133177) best (1, 8, 19, 0.136265)
step 372 score (0, 6, 15, 0.141297) best (1, 8, 19, 0.136265)
step 373 score (0, 4, 15, 0.093326) best (1, 8, 19, 0.136265)
step 374 score (0, 4, 15, 0.126144) best (1, 8, 19, 0.136265)
CERTIFICATE 1e5c24299223ab6f
step 375 score (1, 5, 15, 0.120103) best (1, 8, 19, 0.136265)
step 376 score (0, 2, 13, 0.11518) best (1, 8, 19, 0.136265)
CERTIFICATE c4510399ecf96dc7
step 377 score (1, 5, 15, 0.120103) best (1, 8, 19, 0.136265)
step 378 score (0, 3, 13, 0.077119) best (1, 8, 19, 0.136265)
step 379 score (0, 6, 14, 0.101073) best (1, 8, 19, 0.136265)
step 380 score (0, 7, 16, 0.11848) best (1, 8, 19, 0.136265)
CERTIFICATE 108271c345c53869
step 381 score (1, 8, 18, 0.13013) best (1, 8, 19, 0.136265)
step 382 score (0, 9, 17, 0.133311) best (1, 8, 19, 0.136265)
step 383 score (0, 6, 17, 0.14074) best (1, 8, 19, 0.136265)
step 384 score (0, 2, 16, 0.16808) best (1, 8, 19, 0.136265)
step 385 score (0, 5, 15, 0.13258) best (1, 8, 19, 0.136265)
step 386 score (0, 3, 13, 0.12139) best (1, 8, 19, 0.136265)
step 387 score (0, 0, 13, 0.125614) best (1, 8, 19, 0.136265)
step 388 score (0, 3, 13, 0.12139) best (1, 8, 19, 0.136265)
step 389 score (0, 5, 15, 0.13258) best (1, 8, 19, 0.136265)
step 390 score (0, 1, 18, 0.160552) best (1, 8, 19, 0.136265)
step 391 score (0, 5, 15, 0.13258) best (1, 8, 19, 0.136265)
step 392 score (0, 2, 16, 0.11851) best (1, 8, 19, 0.136265)
step 393 score (0, 3, 18, 0.135709) best (1, 8, 19, 0.136265)
step 394 score (0, 4, 17, 0.115109) best (1, 8, 19, 0.136265)
step 395 score (0, 4, 15, 0.105373) best (1, 8, 19, 0.136265)
step 396 score (0, 4, 16, 0.140571) best (1, 8, 19, 0.136265)
step 397 score (0, 4, 17, 0.137552) best (1, 8, 19, 0.136265)
step 398 score (0, 3, 17, 0.127066) best (1, 8, 19, 0.136265)
step 399 score (0, 4, 16, 0.160006) best (1, 8, 19, 0.136265)
step 400 score (0, 4, 14, 0.132095) best (1, 8, 19, 0.136265)
step 401 score (0, 2, 14, 0.11828) best (1, 8, 19, 0.136265)
step 402 score (0, 0, 14, 0.11582) best (1, 8, 19, 0.136265)
step 403 score (0, 1, 16, 0.094873) best (1, 8, 19, 0.136265)
step 404 score (0, 3, 17, 0.127066) best (1, 8, 19, 0.136265)
step 405 score (0, 4, 17, 0.137552) best (1, 8, 19, 0.136265)
step 406 score (0, 4, 17, 0.115109) best (1, 8, 19, 0.136265)
step 407 score (0, 3, 18, 0.135709) best (1, 8, 19, 0.136265)
step 408 score (0, 3, 18, 0.126619) best (1, 8, 19, 0.136265)
step 409 score (0, 4, 17, 0.158087) best (1, 8, 19, 0.136265)
step 410 score (0, 4, 16, 0.145138) best (1, 8, 19, 0.136265)
step 411 score (0, 2, 16, 0.127555) best (1, 8, 19, 0.136265)
step 412 score (0, 2, 15, 0.155131) best (1, 8, 19, 0.136265)
step 413 score (0, 3, 10, 0.113857) best (1, 8, 19, 0.136265)
step 414 score (0, 4, 12, 0.098498) best (1, 8, 19, 0.136265)
step 415 score (0, 3, 12, 0.128151) best (1, 8, 19, 0.136265)
step 416 score (0, 2, 15, 0.155131) best (1, 8, 19, 0.136265)
step 417 score (0, 2, 13, 0.129313) best (1, 8, 19, 0.136265)
step 418 score (0, 4, 14, 0.124399) best (1, 8, 19, 0.136265)
step 419 score (0, 3, 12, 0.115708) best (1, 8, 19, 0.136265)
step 420 score (0, 4, 14, 0.124399) best (1, 8, 19, 0.136265)
step 421 score (0, 2, 14, 0.152072) best (1, 8, 19, 0.136265)
step 422 score (0, 4, 13, 0.128271) best (1, 8, 19, 0.136265)
step 423 score (0, 8, 15, 0.130444) best (1, 8, 19, 0.136265)
step 424 score (0, 5, 14, 0.139927) best (1, 8, 19, 0.136265)
step 425 score (0, 7, 16, 0.168105) best (1, 8, 19, 0.136265)
step 426 score (0, 5, 13, 0.138941) best (1, 8, 19, 0.136265)
step 427 score (0, 1, 14, 0.141773) best (1, 8, 19, 0.136265)
step 428 score (0, 1, 14, 0.140403) best (1, 8, 19, 0.136265)
step 429 score (0, 2, 9, 0.112697) best (1, 8, 19, 0.136265)
step 430 score (0, 2, 12, 0.136024) best (1, 8, 19, 0.136265)
step 431 score (0, 4, 12, 0.099252) best (1, 8, 19, 0.136265)
step 432 score (0, 3, 12, 0.13348) best (1, 8, 19, 0.136265)
step 433 score (0, 2, 16, 0.156171) best (1, 8, 19, 0.136265)
step 434 score (0, 1, 15, 0.130176) best (1, 8, 19, 0.136265)
step 435 score (0, 0, 10, 0.130442) best (1, 8, 19, 0.136265)
step 436 score (0, 2, 12, 0.118358) best (1, 8, 19, 0.136265)
step 437 score (0, 1, 9, 0.111988) best (1, 8, 19, 0.136265)
step 438 score (0, 2, 12, 0.118358) best (1, 8, 19, 0.136265)
step 439 score (0, 2, 12, 0.103378) best (1, 8, 19, 0.136265)
step 440 score (0, 2, 12, 0.118358) best (1, 8, 19, 0.136265)
step 441 score (0, 2, 14, 0.103293) best (1, 8, 19, 0.136265)
step 442 score (0, 1, 9, 0.128032) best (1, 8, 19, 0.136265)
step 443 score (0, 1, 14, 0.137234) best (1, 8, 19, 0.136265)
step 444 score (0, 4, 16, 0.134848) best (1, 8, 19, 0.136265)
step 445 score (0, 4, 9, 0.103662) best (1, 8, 19, 0.136265)
step 446 score (0, 3, 13, 0.13458) best (1, 8, 19, 0.136265)
step 447 score (0, 7, 17, 0.171959) best (1, 8, 19, 0.136265)
step 448 score (0, 2, 15, 0.137112) best (1, 8, 19, 0.136265)
step 449 score (0, 3, 11, 0.168088) best (1, 8, 19, 0.136265)
step 450 score (0, 2, 9, 0.109796) best (1, 8, 19, 0.136265)
step 451 score (0, 4, 9, 0.139246) best (1, 8, 19, 0.136265)
step 452 score (0, 8, 9, 0.13379) best (1, 8, 19, 0.136265)
step 453 score (0, 6, 9, 0.140203) best (1, 8, 19, 0.136265)
step 454 score (0, 2, 12, 0.167101) best (1, 8, 19, 0.136265)
step 455 score (0, 7, 16, 0.175514) best (1, 8, 19, 0.136265)
step 456 score (0, 6, 14, 0.167818) best (1, 8, 19, 0.136265)
step 457 score (0, 7, 16, 0.175514) best (1, 8, 19, 0.136265)
step 458 score (0, 6, 11, 0.138411) best (1, 8, 19, 0.136265)
step 459 score (0, 4, 15, 0.130592) best (1, 8, 19, 0.136265)
step 460 score (0, 3, 12, 0.13893) best (1, 8, 19, 0.136265)
step 461 score (0, 4, 15, 0.130592) best (1, 8, 19, 0.136265)
step 462 score (0, 6, 11, 0.138411) best (1, 8, 19, 0.136265)
step 463 score (0, 7, 16, 0.175514) best (1, 8, 19, 0.136265)
step 464 score (0, 3, 11, 0.145088) best (1, 8, 19, 0.136265)
step 465 score (0, 1, 11, 0.122411) best (1, 8, 19, 0.136265)
step 466 score (0, 3, 11, 0.145088) best (1, 8, 19, 0.136265)
step 467 score (0, 1, 11, 0.121043) best (1, 8, 19, 0.136265)
step 468 score (0, 0, 13, 0.135489) best (1, 8, 19, 0.136265)
step 469 score (0, 3, 8, 0.141569) best (1, 8, 19, 0.136265)
step 470 score (0, 3, 11, 0.156836) best (1, 8, 19, 0.136265)
step 471 score (0, 3, 11, 0.168088) best (1, 8, 19, 0.136265)
step 472 score (0, 2, 13, 0.107027) best (1, 8, 19, 0.136265)
step 473 score (0, 3, 11, 0.168088) best (1, 8, 19, 0.136265)
step 474 score (0, 2, 12, 0.167101) best (1, 8, 19, 0.136265)
step 475 score (0, 2, 11, 0.15337) best (1, 8, 19, 0.136265)
step 476 score (0, 6, 14, 0.167818) best (1, 8, 19, 0.136265)
step 477 score (0, 5, 9, 0.121199) best (1, 8, 19, 0.136265)
step 478 score (0, 2, 13, 0.142187) best (1, 8, 19, 0.136265)
step 479 score (0, 1, 16, 0.185539) best (1, 8, 19, 0.136265)
step 480 score (0, 6, 17, 0.156687) best (1, 8, 19, 0.136265)
step 481 score (0, 4, 17, 0.135043) best (1, 8, 19, 0.136265)
step 482 score (0, 4, 17, 0.139072) best (1, 8, 19, 0.136265)
step 483 score (0, 1, 13, 0.138849) best (1, 8, 19, 0.136265)
step 484 score (0, 3, 17, 0.157169) best (1, 8, 19, 0.136265)
step 485 score (0, 1, 16, 0.152033) best (1, 8, 19, 0.136265)
step 486 score (0, 3, 17, 0.157169) best (1, 8, 19, 0.136265)
step 487 score (0, 1, 13, 0.138849) best (1, 8, 19, 0.136265)
step 488 score (0, 1, 14, 0.112065) best (1, 8, 19, 0.136265)
step 489 score (0, 2, 13, 0.113564) best (1, 8, 19, 0.136265)
step 490 score (0, 0, 12, 0.139425) best (1, 8, 19, 0.136265)
step 491 score (0, 1, 10, 0.129785) best (1, 8, 19, 0.136265)
step 492 score (0, 0, 12, 0.131209) best (1, 8, 19, 0.136265)
step 493 score (0, 1, 11, 0.112815) best (1, 8, 19, 0.136265)
step 494 score (0, 1, 9, 0.134513) best (1, 8, 19, 0.136265)
step 495 score (0, 0, 14, 0.130233) best (1, 8, 19, 0.136265)
step 496 score (0, 1, 12, 0.133209) best (1, 8, 19, 0.136265)
step 497 score (0, 1, 12, 0.133209) best (1, 8, 19, 0.136265)
step 498 score (0, 1, 12, 0.133209) best (1, 8, 19, 0.136265)
step 499 score (0, 0, 12, 0.142057) best (1, 8, 19, 0.136265)
step 500 score (0, 1, 9, 0.134513) best (1, 8, 19, 0.136265)
step 501 score (0, 1, 11, 0.112815) best (1, 8, 19, 0.136265)
step 502 score (0, 1, 9, 0.099179) best (1, 8, 19, 0.136265)
step 503 score (0, 0, 12, 0.143013) best (1, 8, 19, 0.136265)
step 504 score (0, 1, 9, 0.099179) best (1, 8, 19, 0.136265)
step 505 score (0, 1, 13, 0.11795) best (1, 8, 19, 0.136265)
step 506 score (0, 2, 10, 0.118255) best (1, 8, 19, 0.136265)
step 507 score (0, 1, 13, 0.11795) best (1, 8, 19, 0.136265)
step 508 score (0, 0, 15, 0.136457) best (1, 8, 19, 0.136265)
CERTIFICATE 33c68c750871976d
step 509 score (1, 2, 14, 0.120246) best (1, 8, 19, 0.136265)
step 510 score (0, 3, 15, 0.128965) best (1, 8, 19, 0.136265)
CERTIFICATE 78230bdc6acf542f
step 511 score (1, 2, 14, 0.120246) best (1, 8, 19, 0.136265)
step 512 score (0, 3, 12, 0.108415) best (1, 8, 19, 0.136265)
step 513 score (0, 1, 12, 0.102719) best (1, 8, 19, 0.136265)
step 514 score (0, 0, 13, 0.115198) best (1, 8, 19, 0.136265)
step 515 score (0, 1, 9, 0.118867) best (1, 8, 19, 0.136265)
step 516 score (0, 1, 12, 0.118134) best (1, 8, 19, 0.136265)
step 517 score (0, 2, 14, 0.138514) best (1, 8, 19, 0.136265)
step 518 score (0, 1, 14, 0.134212) best (1, 8, 19, 0.136265)
step 519 score (0, 3, 16, 0.142649) best (1, 8, 19, 0.136265)
step 520 score (0, 0, 15, 0.136426) best (1, 8, 19, 0.136265)
step 521 score (0, 1, 16, 0.134786) best (1, 8, 19, 0.136265)
step 522 score (0, 1, 17, 0.136598) best (1, 8, 19, 0.136265)
step 523 score (0, 1, 13, 0.111562) best (1, 8, 19, 0.136265)
step 524 score (0, 0, 12, 0.124831) best (1, 8, 19, 0.136265)
step 525 score (0, 0, 14, 0.125477) best (1, 8, 19, 0.136265)
step 526 score (0, 0, 11, 0.109742) best (1, 8, 19, 0.136265)
step 527 score (0, 1, 11, 0.09918) best (1, 8, 19, 0.136265)
step 528 score (0, 0, 11, 0.110936) best (1, 8, 19, 0.136265)
step 529 score (0, 2, 11, 0.119732) best (1, 8, 19, 0.136265)
step 530 score (0, 2, 9, 0.107544) best (1, 8, 19, 0.136265)
step 531 score (0, 1, 11, 0.131188) best (1, 8, 19, 0.136265)
step 532 score (0, 2, 8, 0.116745) best (1, 8, 19, 0.136265)
step 533 score (0, 5, 10, 0.123405) best (1, 8, 19, 0.136265)
step 534 score (0, 2, 8, 0.116745) best (1, 8, 19, 0.136265)
step 535 score (0, 3, 10, 0.113101) best (1, 8, 19, 0.136265)
step 536 score (0, 2, 10, 0.112327) best (1, 8, 19, 0.136265)
step 537 score (0, 3, 12, 0.127746) best (1, 8, 19, 0.136265)
step 538 score (0, 0, 13, 0.104673) best (1, 8, 19, 0.136265)
step 539 score (0, 6, 12, 0.095414) best (1, 8, 19, 0.136265)
step 540 score (0, 1, 12, 0.123184) best (1, 8, 19, 0.136265)
step 541 score (0, 2, 15, 0.126258) best (1, 8, 19, 0.136265)
step 542 score (0, 5, 10, 0.138935) best (1, 8, 19, 0.136265)
step 543 score (0, 7, 9, 0.130361) best (1, 8, 19, 0.136265)
step 544 score (0, 5, 12, 0.119229) best (1, 8, 19, 0.136265)
step 545 score (0, 1, 12, 0.107758) best (1, 8, 19, 0.136265)
step 546 score (0, 3, 13, 0.111533) best (1, 8, 19, 0.136265)
step 547 score (0, 3, 14, 0.128079) best (1, 8, 19, 0.136265)
step 548 score (0, 2, 15, 0.120765) best (1, 8, 19, 0.136265)
step 549 score (0, 3, 10, 0.132587) best (1, 8, 19, 0.136265)
step 550 score (0, 2, 15, 0.120765) best (1, 8, 19, 0.136265)
step 551 score (0, 2, 14, 0.119708) best (1, 8, 19, 0.136265)
step 552 score (0, 1, 11, 0.12274) best (1, 8, 19, 0.136265)
step 553 score (0, 2, 14, 0.119708) best (1, 8, 19, 0.136265)
step 554 score (0, 2, 15, 0.120765) best (1, 8, 19, 0.136265)
step 555 score (0, 3, 14, 0.128079) best (1, 8, 19, 0.136265)
step 556 score (0, 3, 13, 0.111533) best (1, 8, 19, 0.136265)
step 557 score (0, 3, 11, 0.104568) best (1, 8, 19, 0.136265)
step 558 score (0, 6, 11, 0.116166) best (1, 8, 19, 0.136265)
step 559 score (0, 5, 14, 0.109475) best (1, 8, 19, 0.136265)
step 560 score (0, 5, 16, 0.132852) best (1, 8, 19, 0.136265)
step 561 score (0, 7, 17, 0.164385) best (1, 8, 19, 0.136265)
step 562 score (0, 5, 16, 0.182496) best (1, 8, 19, 0.136265)
step 563 score (0, 7, 17, 0.164385) best (1, 8, 19, 0.136265)
step 564 score (0, 5, 16, 0.132852) best (1, 8, 19, 0.136265)
step 565 score (0, 5, 14, 0.109475) best (1, 8, 19, 0.136265)
step 566 score (0, 3, 14, 0.104409) best (1, 8, 19, 0.136265)
step 567 score (0, 5, 15, 0.124015) best (1, 8, 19, 0.136265)
step 568 score (0, 4, 12, 0.115152) best (1, 8, 19, 0.136265)
step 569 score (0, 5, 15, 0.124015) best (1, 8, 19, 0.136265)
step 570 score (0, 1, 14, 0.12032) best (1, 8, 19, 0.136265)
step 571 score (0, 5, 15, 0.124015) best (1, 8, 19, 0.136265)
step 572 score (0, 4, 8, 0.12808) best (1, 8, 19, 0.136265)
step 573 score (0, 5, 15, 0.124015) best (1, 8, 19, 0.136265)
step 574 score (0, 3, 14, 0.104409) best (1, 8, 19, 0.136265)
step 575 score (0, 3, 11, 0.104568) best (1, 8, 19, 0.136265)
step 576 score (0, 6, 11, 0.116166) best (1, 8, 19, 0.136265)
step 577 score (0, 1, 14, 0.120448) best (1, 8, 19, 0.136265)
step 578 score (0, 3, 12, 0.103534) best (1, 8, 19, 0.136265)
step 579 score (0, 2, 14, 0.110474) best (1, 8, 19, 0.136265)
step 580 score (0, 1, 13, 0.114292) best (1, 8, 19, 0.136265)
step 581 score (0, 1, 13, 0.14471) best (1, 8, 19, 0.136265)
step 582 score (0, 4, 8, 0.12808) best (1, 8, 19, 0.136265)
step 583 score (0, 5, 15, 0.124015) best (1, 8, 19, 0.136265)
step 584 score (0, 1, 12, 0.120219) best (1, 8, 19, 0.136265)
step 585 score (0, 0, 12, 0.129646) best (1, 8, 19, 0.136265)
step 586 score (0, 1, 12, 0.120219) best (1, 8, 19, 0.136265)
step 587 score (0, 5, 15, 0.124015) best (1, 8, 19, 0.136265)
step 588 score (0, 4, 8, 0.12808) best (1, 8, 19, 0.136265)
step 589 score (0, 1, 10, 0.088062) best (1, 8, 19, 0.136265)
step 590 score (0, 3, 12, 0.120512) best (1, 8, 19, 0.136265)
step 591 score (0, 4, 18, 0.148757) best (1, 8, 19, 0.136265)
step 592 score (0, 3, 12, 0.120512) best (1, 8, 19, 0.136265)
step 593 score (0, 1, 9, 0.1385) best (1, 8, 19, 0.136265)
step 594 score (0, 2, 7, 0.118675) best (1, 8, 19, 0.136265)
step 595 score (0, 6, 16, 0.133154) best (1, 8, 19, 0.136265)
step 596 score (0, 7, 17, 0.147635) best (1, 8, 19, 0.136265)
step 597 score (0, 9, 17, 0.115972) best (1, 8, 19, 0.136265)
step 598 score (0, 0, 13, 0.11342) best (1, 8, 19, 0.136265)
step 599 score (0, 0, 14, 0.116993) best (1, 8, 19, 0.136265)
step 600 score (0, 0, 13, 0.122048) best (1, 8, 19, 0.136265)
step 601 score (0, 0, 13, 0.122935) best (1, 8, 19, 0.136265)
step 602 score (0, 0, 13, 0.122048) best (1, 8, 19, 0.136265)
step 603 score (0, 0, 14, 0.117461) best (1, 8, 19, 0.136265)
step 604 score (0, 0, 13, 0.122048) best (1, 8, 19, 0.136265)
step 605 score (0, 0, 14, 0.116993) best (1, 8, 19, 0.136265)
step 606 score (0, 1, 9, 0.126306) best (1, 8, 19, 0.136265)
step 607 score (0, 1, 8, 0.123754) best (1, 8, 19, 0.136265)
step 608 score (0, 2, 13, 0.136818) best (1, 8, 19, 0.136265)
step 609 score (0, 1, 13, 0.097898) best (1, 8, 19, 0.136265)
step 610 score (0, 0, 14, 0.117152) best (1, 8, 19, 0.136265)
step 611 score (0, 4, 15, 0.132217) best (1, 8, 19, 0.136265)
step 612 score (0, 4, 12, 0.108744) best (1, 8, 19, 0.136265)
step 613 score (0, 3, 12, 0.118095) best (1, 8, 19, 0.136265)
step 614 score (0, 4, 12, 0.108744) best (1, 8, 19, 0.136265)
step 615 score (0, 4, 15, 0.132217) best (1, 8, 19, 0.136265)
step 616 score (0, 2, 13, 0.11328) best (1, 8, 19, 0.136265)
step 617 score (0, 2, 16, 0.136588) best (1, 8, 19, 0.136265)
step 618 score (0, 2, 15, 0.147739) best (1, 8, 19, 0.136265)
step 619 score (0, 1, 13, 0.125812) best (1, 8, 19, 0.136265)
step 620 score (0, 2, 15, 0.147739) best (1, 8, 19, 0.136265)
step 621 score (0, 2, 16, 0.136588) best (1, 8, 19, 0.136265)
step 622 score (0, 1, 14, 0.115499) best (1, 8, 19, 0.136265)
step 623 score (0, 1, 12, 0.116722) best (1, 8, 19, 0.136265)
step 624 score (0, 2, 13, 0.101522) best (1, 8, 19, 0.136265)
step 625 score (0, 1, 12, 0.116722) best (1, 8, 19, 0.136265)
step 626 score (0, 1, 13, 0.109798) best (1, 8, 19, 0.136265)
step 627 score (0, 1, 14, 0.124501) best (1, 8, 19, 0.136265)
step 628 score (0, 0, 12, 0.129112) best (1, 8, 19, 0.136265)
step 629 score (0, 0, 11, 0.13604) best (1, 8, 19, 0.136265)
step 630 score (0, 0, 12, 0.129112) best (1, 8, 19, 0.136265)
step 631 score (0, 1, 15, 0.173007) best (1, 8, 19, 0.136265)
step 632 score (0, 5, 15, 0.150005) best (1, 8, 19, 0.136265)
step 633 score (0, 6, 16, 0.122539) best (1, 8, 19, 0.136265)
step 634 score (0, 5, 15, 0.150005) best (1, 8, 19, 0.136265)
step 635 score (0, 5, 17, 0.143931) best (1, 8, 19, 0.136265)
step 636 score (0, 5, 15, 0.150005) best (1, 8, 19, 0.136265)
step 637 score (0, 2, 12, 0.128688) best (1, 8, 19, 0.136265)
step 638 score (0, 5, 15, 0.150005) best (1, 8, 19, 0.136265)
step 639 score (0, 6, 16, 0.122539) best (1, 8, 19, 0.136265)
step 640 score (0, 5, 16, 0.122507) best (1, 8, 19, 0.136265)
step 641 score (0, 1, 15, 0.176489) best (1, 8, 19, 0.136265)
step 642 score (0, 1, 11, 0.132466) best (1, 8, 19, 0.136265)
step 643 score (0, 2, 12, 0.139609) best (1, 8, 19, 0.136265)
step 644 score (0, 3, 12, 0.147818) best (1, 8, 19, 0.136265)
step 645 score (0, 3, 14, 0.140891) best (1, 8, 19, 0.136265)
step 646 score (0, 3, 12, 0.147818) best (1, 8, 19, 0.136265)
step 647 score (0, 8, 17, 0.187812) best (1, 8, 19, 0.136265)
step 648 score (0, 7, 17, 0.160235) best (1, 8, 19, 0.136265)
step 649 score (0, 8, 17, 0.187812) best (1, 8, 19, 0.136265)
step 650 score (0, 5, 16, 0.194692) best (1, 8, 19, 0.136265)
step 651 score (0, 4, 11, 0.165342) best (1, 8, 19, 0.136265)
step 652 score (0, 2, 9, 0.151784) best (1, 8, 19, 0.136265)
step 653 score (0, 8, 17, 0.19368) best (1, 8, 19, 0.136265)
step 654 score (0, 7, 17, 0.17777) best (1, 8, 19, 0.136265)
step 655 score (0, 8, 17, 0.168232) best (1, 8, 19, 0.136265)
step 656 score (0, 7, 17, 0.160235) best (1, 8, 19, 0.136265)
step 657 score (0, 8, 17, 0.187812) best (1, 8, 19, 0.136265)
step 658 score (0, 9, 17, 0.187818) best (1, 8, 19, 0.136265)
step 659 score (0, 8, 17, 0.187812) best (1, 8, 19, 0.136265)
step 660 score (0, 6, 17, 0.179444) best (1, 8, 19, 0.136265)
step 661 score (0, 5, 16, 0.195033) best (1, 8, 19, 0.136265)
step 662 score (0, 5, 9, 0.121898) best (1, 8, 19, 0.136265)
step 663 score (0, 5, 16, 0.195033) best (1, 8, 19, 0.136265)
step 664 score (0, 7, 9, 0.146084) best (1, 8, 19, 0.136265)
step 665 score (0, 5, 16, 0.195033) best (1, 8, 19, 0.136265)
step 666 score (0, 6, 17, 0.179444) best (1, 8, 19, 0.136265)
step 667 score (0, 8, 17, 0.187812) best (1, 8, 19, 0.136265)
step 668 score (0, 9, 17, 0.187818) best (1, 8, 19, 0.136265)
step 669 score (0, 4, 15, 0.189586) best (1, 8, 19, 0.136265)
step 670 score (0, 9, 17, 0.187818) best (1, 8, 19, 0.136265)
step 671 score (0, 6, 17, 0.186264) best (1, 8, 19, 0.136265)
step 672 score (0, 6, 17, 0.179444) best (1, 8, 19, 0.136265)
step 673 score (0, 5, 16, 0.195033) best (1, 8, 19, 0.136265)
step 674 score (0, 7, 9, 0.146084) best (1, 8, 19, 0.136265)
step 675 score (0, 4, 10, 0.161874) best (1, 8, 19, 0.136265)
step 676 score (0, 4, 9, 0.13574) best (1, 8, 19, 0.136265)
step 677 score (0, 4, 10, 0.161874) best (1, 8, 19, 0.136265)
step 678 score (0, 7, 9, 0.146084) best (1, 8, 19, 0.136265)
step 679 score (0, 5, 16, 0.195033) best (1, 8, 19, 0.136265)
step 680 score (0, 5, 16, 0.194692) best (1, 8, 19, 0.136265)
step 681 score (0, 3, 17, 0.191986) best (1, 8, 19, 0.136265)
step 682 score (0, 1, 16, 0.18641) best (1, 8, 19, 0.136265)
step 683 score (0, 2, 16, 0.177192) best (1, 8, 19, 0.136265)
step 684 score (0, 4, 15, 0.17436) best (1, 8, 19, 0.136265)
step 685 score (0, 9, 15, 0.16785) best (1, 8, 19, 0.136265)
step 686 score (0, 2, 15, 0.129381) best (1, 8, 19, 0.136265)
CERTIFICATE d93bf28cd05c2de2
step 687 score (1, 4, 15, 0.124625) best (1, 8, 19, 0.136265)
step 688 score (0, 4, 16, 0.12626) best (1, 8, 19, 0.136265)
step 689 score (0, 1, 15, 0.142666) best (1, 8, 19, 0.136265)
step 690 score (0, 4, 15, 0.151199) best (1, 8, 19, 0.136265)
step 691 score (0, 3, 15, 0.141326) best (1, 8, 19, 0.136265)
step 692 score (0, 0, 12, 0.164269) best (1, 8, 19, 0.136265)
step 693 score (0, 9, 17, 0.137025) best (1, 8, 19, 0.136265)
step 694 score (0, 11, 17, 0.164478) best (1, 8, 19, 0.136265)
step 695 score (0, 12, 17, 0.169909) best (1, 8, 19, 0.136265)
step 696 score (0, 7, 17, 0.135104) best (1, 8, 19, 0.136265)
step 697 score (0, 5, 13, 0.174175) best (1, 8, 19, 0.136265)
step 698 score (0, 12, 18, 0.190605) best (1, 8, 19, 0.136265)
step 699 score (0, 10, 18, 0.179897) best (1, 8, 19, 0.136265)
step 700 score (0, 3, 17, 0.172709) best (1, 8, 19, 0.136265)
step 701 score (0, 5, 17, 0.182518) best (1, 8, 19, 0.136265)
step 702 score (0, 9, 17, 0.161757) best (1, 8, 19, 0.136265)
step 703 score (0, 7, 12, 0.142226) best (1, 8, 19, 0.136265)
step 704 score (0, 9, 17, 0.161757) best (1, 8, 19, 0.136265)
step 705 score (0, 5, 17, 0.182518) best (1, 8, 19, 0.136265)
step 706 score (0, 2, 17, 0.173602) best (1, 8, 19, 0.136265)
step 707 score (0, 3, 15, 0.151993) best (1, 8, 19, 0.136265)
step 708 score (0, 4, 12, 0.150192) best (1, 8, 19, 0.136265)
step 709 score (0, 3, 15, 0.151993) best (1, 8, 19, 0.136265)
step 710 score (0, 9, 17, 0.161757) best (1, 8, 19, 0.136265)
step 711 score (0, 5, 17, 0.182518) best (1, 8, 19, 0.136265)
step 712 score (0, 9, 18, 0.193989) best (1, 8, 19, 0.136265)
step 713 score (0, 10, 18, 0.179897) best (1, 8, 19, 0.136265)
step 714 score (0, 12, 18, 0.190605) best (1, 8, 19, 0.136265)
step 715 score (0, 8, 18, 0.169388) best (1, 8, 19, 0.136265)
step 716 score (0, 10, 12, 0.153028) best (1, 8, 19, 0.136265)
step 717 score (0, 8, 17, 0.11235) best (1, 8, 19, 0.136265)
step 718 score (0, 10, 12, 0.153028) best (1, 8, 19, 0.136265)
step 719 score (0, 8, 18, 0.169388) best (1, 8, 19, 0.136265)
step 720 score (0, 6, 18, 0.181289) best (1, 8, 19, 0.136265)
step 721 score (0, 9, 16, 0.163896) best (1, 8, 19, 0.136265)
step 722 score (0, 6, 16, 0.158651) best (1, 8, 19, 0.136265)
step 723 score (0, 6, 16, 0.14267) best (1, 8, 19, 0.136265)
step 724 score (0, 6, 16, 0.127144) best (1, 8, 19, 0.136265)
step 725 score (0, 4, 14, 0.141968) best (1, 8, 19, 0.136265)
step 726 score (0, 5, 15, 0.14797) best (1, 8, 19, 0.136265)
step 727 score (0, 5, 16, 0.133016) best (1, 8, 19, 0.136265)
step 728 score (0, 2, 13, 0.131502) best (1, 8, 19, 0.136265)
step 729 score (0, 1, 16, 0.155563) best (1, 8, 19, 0.136265)
step 730 score (0, 1, 16, 0.133113) best (1, 8, 19, 0.136265)
step 731 score (0, 9, 17, 0.137025) best (1, 8, 19, 0.136265)
step 732 score (0, 5, 15, 0.102275) best (1, 8, 19, 0.136265)
step 733 score (0, 7, 12, 0.164486) best (1, 8, 19, 0.136265)
step 734 score (0, 7, 11, 0.153638) best (1, 8, 19, 0.136265)
step 735 score (0, 4, 15, 0.100339) best (1, 8, 19, 0.136265)
step 736 score (0, 4, 12, 0.12553) best (1, 8, 19, 0.136265)
step 737 score (0, 4, 15, 0.100339) best (1, 8, 19, 0.136265)
step 738 score (0, 7, 11, 0.153638) best (1, 8, 19, 0.136265)
step 739 score (0, 5, 10, 0.116578) best (1, 8, 19, 0.136265)
step 740 score (0, 7, 8, 0.116244) best (1, 8, 19, 0.136265)
step 741 score (0, 4, 9, 0.128017) best (1, 8, 19, 0.136265)
step 742 score (0, 4, 9, 0.139188) best (1, 8, 19, 0.136265)
step 743 score (0, 8, 9, 0.155155) best (1, 8, 19, 0.136265)
step 744 score (0, 5, 9, 0.181291) best (1, 8, 19, 0.136265)
step 745 score (0, 10, 10, 0.169348) best (1, 8, 19, 0.136265)
step 746 score (0, 8, 10, 0.142851) best (1, 8, 19, 0.136265)
step 747 score (0, 10, 10, 0.169348) best (1, 8, 19, 0.136265)
step 748 score (0, 6, 10, 0.142851) best (1, 8, 19, 0.136265)
step 749 score (0, 10, 10, 0.149954) best (1, 8, 19, 0.136265)
step 750 score (0, 5, 10, 0.152567) best (1, 8, 19, 0.136265)
step 751 score (0, 10, 10, 0.146439) best (1, 8, 19, 0.136265)
step 752 score (0, 8, 10, 0.134934) best (1, 8, 19, 0.136265)
step 753 score (0, 10, 10, 0.146439) best (1, 8, 19, 0.136265)
step 754 score (0, 7, 9, 0.142194) best (1, 8, 19, 0.136265)
step 755 score (0, 10, 10, 0.146439) best (1, 8, 19, 0.136265)
step 756 score (0, 10, 10, 0.133834) best (1, 8, 19, 0.136265)
step 757 score (0, 10, 10, 0.168218) best (1, 8, 19, 0.136265)
step 758 score (0, 10, 10, 0.138018) best (1, 8, 19, 0.136265)
step 759 score (0, 10, 12, 0.150257) best (1, 8, 19, 0.136265)
step 760 score (0, 10, 10, 0.138018) best (1, 8, 19, 0.136265)
step 761 score (0, 10, 10, 0.168218) best (1, 8, 19, 0.136265)
step 762 score (0, 10, 10, 0.133834) best (1, 8, 19, 0.136265)
step 763 score (0, 10, 10, 0.146439) best (1, 8, 19, 0.136265)
step 764 score (0, 8, 10, 0.134934) best (1, 8, 19, 0.136265)
step 765 score (0, 4, 9, 0.132521) best (1, 8, 19, 0.136265)
step 766 score (0, 8, 10, 0.134934) best (1, 8, 19, 0.136265)
step 767 score (0, 10, 10, 0.146439) best (1, 8, 19, 0.136265)
step 768 score (0, 7, 9, 0.142194) best (1, 8, 19, 0.136265)
step 769 score (0, 8, 9, 0.133661) best (1, 8, 19, 0.136265)
step 770 score (0, 5, 9, 0.131028) best (1, 8, 19, 0.136265)
step 771 score (0, 8, 9, 0.194166) best (1, 8, 19, 0.136265)
step 772 score (0, 10, 10, 0.168218) best (1, 8, 19, 0.136265)
step 773 score (0, 10, 10, 0.138018) best (1, 8, 19, 0.136265)
step 774 score (0, 10, 12, 0.150257) best (1, 8, 19, 0.136265)
step 775 score (0, 10, 10, 0.138018) best (1, 8, 19, 0.136265)
step 776 score (0, 10, 12, 0.150257) best (1, 8, 19, 0.136265)
step 777 score (0, 10, 10, 0.138018) best (1, 8, 19, 0.136265)
step 778 score (0, 10, 10, 0.168218) best (1, 8, 19, 0.136265)
step 779 score (0, 10, 10, 0.133834) best (1, 8, 19, 0.136265)
step 780 score (0, 10, 10, 0.168218) best (1, 8, 19, 0.136265)
step 781 score (0, 10, 10, 0.133834) best (1, 8, 19, 0.136265)
step 782 score (0, 10, 10, 0.146439) best (1, 8, 19, 0.136265)
step 783 score (0, 8, 10, 0.134934) best (1, 8, 19, 0.136265)
step 784 score (0, 10, 10, 0.146439) best (1, 8, 19, 0.136265)
step 785 score (0, 10, 10, 0.133834) best (1, 8, 19, 0.136265)
step 786 score (0, 10, 10, 0.168218) best (1, 8, 19, 0.136265)
step 787 score (0, 10, 10, 0.138018) best (1, 8, 19, 0.136265)
step 788 score (0, 10, 12, 0.150257) best (1, 8, 19, 0.136265)
step 789 score (0, 10, 10, 0.138018) best (1, 8, 19, 0.136265)
step 790 score (0, 10, 12, 0.150257) best (1, 8, 19, 0.136265)
step 791 score (0, 10, 10, 0.138018) best (1, 8, 19, 0.136265)
step 792 score (0, 10, 10, 0.168218) best (1, 8, 19, 0.136265)
step 793 score (0, 10, 10, 0.133834) best (1, 8, 19, 0.136265)
step 794 score (0, 10, 10, 0.168218) best (1, 8, 19, 0.136265)
step 795 score (0, 10, 10, 0.133834) best (1, 8, 19, 0.136265)
step 796 score (0, 5, 10, 0.14516) best (1, 8, 19, 0.136265)
step 797 score (0, 6, 10, 0.142851) best (1, 8, 19, 0.136265)
step 798 score (0, 10, 10, 0.149954) best (1, 8, 19, 0.136265)
step 799 score (0, 6, 10, 0.142851) best (1, 8, 19, 0.136265)
step 800 score (0, 5, 11, 0.100633) best (1, 8, 19, 0.136265)
step 801 score (0, 6, 10, 0.142851) best (1, 8, 19, 0.136265)
step 802 score (0, 10, 10, 0.169348) best (1, 8, 19, 0.136265)
step 803 score (0, 8, 10, 0.142851) best (1, 8, 19, 0.136265)
step 804 score (0, 9, 10, 0.155752) best (1, 8, 19, 0.136265)
step 805 score (0, 8, 10, 0.142851) best (1, 8, 19, 0.136265)
step 806 score (0, 10, 10, 0.169348) best (1, 8, 19, 0.136265)
step 807 score (0, 6, 12, 0.159608) best (1, 8, 19, 0.136265)
step 808 score (0, 9, 17, 0.185645) best (1, 8, 19, 0.136265)
step 809 score (0, 10, 17, 0.196604) best (1, 8, 19, 0.136265)
step 810 score (0, 8, 18, 0.207662) best (1, 8, 19, 0.136265)
step 811 score (0, 10, 18, 0.19561) best (1, 8, 19, 0.136265)
step 812 score (0, 10, 17, 0.174072) best (1, 8, 19, 0.136265)
step 813 score (0, 10, 18, 0.19561) best (1, 8, 19, 0.136265)
step 814 score (0, 8, 16, 0.169199) best (1, 8, 19, 0.136265)
step 815 score (0, 10, 18, 0.19561) best (1, 8, 19, 0.136265)
step 816 score (0, 10, 17, 0.174072) best (1, 8, 19, 0.136265)
step 817 score (0, 8, 17, 0.182974) best (1, 8, 19, 0.136265)
step 818 score (0, 8, 18, 0.207662) best (1, 8, 19, 0.136265)
step 819 score (0, 6, 16, 0.170604) best (1, 8, 19, 0.136265)
step 820 score (0, 8, 16, 0.176859) best (1, 8, 19, 0.136265)
step 821 score (0, 5, 16, 0.168972) best (1, 8, 19, 0.136265)
step 822 score (0, 8, 16, 0.176859) best (1, 8, 19, 0.136265)
step 823 score (0, 6, 18, 0.184182) best (1, 8, 19, 0.136265)
step 824 score (0, 8, 18, 0.207662) best (1, 8, 19, 0.136265)
step 825 score (0, 10, 17, 0.196604) best (1, 8, 19, 0.136265)
step 826 score (0, 9, 17, 0.185645) best (1, 8, 19, 0.136265)
step 827 score (0, 6, 12, 0.159608) best (1, 8, 19, 0.136265)
step 828 score (0, 9, 17, 0.185645) best (1, 8, 19, 0.136265)
step 829 score (0, 10, 17, 0.196604) best (1, 8, 19, 0.136265)
step 830 score (0, 7, 17, 0.192784) best (1, 8, 19, 0.136265)
step 831 score (0, 4, 14, 0.168867) best (1, 8, 19, 0.136265)
step 832 score (0, 10, 16, 0.149047) best (1, 8, 19, 0.136265)
step 833 score (0, 4, 13, 0.149446) best (1, 8, 19, 0.136265)
step 834 score (0, 8, 15, 0.160373) best (1, 8, 19, 0.136265)
step 835 score (0, 4, 17, 0.17807) best (1, 8, 19, 0.136265)
step 836 score (0, 10, 17, 0.156881) best (1, 8, 19, 0.136265)
step 837 score (0, 2, 16, 0.16384) best (1, 8, 19, 0.136265)
step 838 score (0, 1, 15, 0.17331) best (1, 8, 19, 0.136265)
step 839 score (0, 5, 17, 0.155993) best (1, 8, 19, 0.136265)
step 840 score (0, 4, 17, 0.132364) best (1, 8, 19, 0.136265)
step 841 score (0, 5, 17, 0.155993) best (1, 8, 19, 0.136265)
step 842 score (0, 8, 11, 0.14379) best (1, 8, 19, 0.136265)
step 843 score (0, 5, 16, 0.153486) best (1, 8, 19, 0.136265)
step 844 score (0, 11, 18, 0.203291) best (1, 8, 19, 0.136265)
step 845 score (0, 13, 18, 0.18884) best (1, 8, 19, 0.136265)
step 846 score (0, 14, 18, 0.18241) best (1, 8, 19, 0.136265)
step 847 score (0, 11, 18, 0.197568) best (1, 8, 19, 0.136265)
step 848 score (0, 7, 17, 0.152755) best (1, 8, 19, 0.136265)
step 849 score (0, 13, 17, 0.196959) best (1, 8, 19, 0.136265)
step 850 score (0, 14, 18, 0.172366) best (1, 8, 19, 0.136265)
step 851 score (0, 13, 17, 0.196959) best (1, 8, 19, 0.136265)
step 852 score (0, 9, 10, 0.135772) best (1, 8, 19, 0.136265)
step 853 score (0, 13, 17, 0.196959) best (1, 8, 19, 0.136265)
step 854 score (0, 9, 17, 0.198914) best (1, 8, 19, 0.136265)
step 855 score (0, 6, 17, 0.155458) best (1, 8, 19, 0.136265)
step 856 score (0, 11, 18, 0.203291) best (1, 8, 19, 0.136265)
step 857 score (0, 13, 18, 0.18884) best (1, 8, 19, 0.136265)
step 858 score (0, 14, 18, 0.18241) best (1, 8, 19, 0.136265)
step 859 score (0, 11, 18, 0.197568) best (1, 8, 19, 0.136265)
step 860 score (0, 14, 18, 0.171685) best (1, 8, 19, 0.136265)
step 861 score (0, 9, 18, 0.179015) best (1, 8, 19, 0.136265)
step 862 score (0, 12, 16, 0.168771) best (1, 8, 19, 0.136265)
step 863 score (0, 9, 18, 0.179015) best (1, 8, 19, 0.136265)
step 864 score (0, 11, 18, 0.203291) best (1, 8, 19, 0.136265)
step 865 score (0, 11, 18, 0.197568) best (1, 8, 19, 0.136265)
step 866 score (0, 8, 17, 0.206435) best (1, 8, 19, 0.136265)
step 867 score (0, 5, 10, 0.155889) best (1, 8, 19, 0.136265)
step 868 score (0, 8, 17, 0.206435) best (1, 8, 19, 0.136265)
step 869 score (0, 10, 17, 0.19612) best (1, 8, 19, 0.136265)
step 870 score (0, 14, 18, 0.18241) best (1, 8, 19, 0.136265)
step 871 score (0, 13, 18, 0.18884) best (1, 8, 19, 0.136265)
step 872 score (0, 7, 17, 0.181804) best (1, 8, 19, 0.136265)
step 873 score (0, 13, 18, 0.18884) best (1, 8, 19, 0.136265)
step 874 score (0, 14, 18, 0.18241) best (1, 8, 19, 0.136265)
step 875 score (0, 11, 18, 0.197568) best (1, 8, 19, 0.136265)
step 876 score (0, 8, 17, 0.206435) best (1, 8, 19, 0.136265)
step 877 score (0, 8, 16, 0.168283) best (1, 8, 19, 0.136265)
step 878 score (0, 12, 16, 0.143614) best (1, 8, 19, 0.136265)
step 879 score (0, 5, 16, 0.166324) best (1, 8, 19, 0.136265)
step 880 score (0, 7, 15, 0.113535) best (1, 8, 19, 0.136265)
step 881 score (0, 5, 16, 0.116911) best (1, 8, 19, 0.136265)
step 882 score (0, 4, 14, 0.122841) best (1, 8, 19, 0.136265)
step 883 score (0, 2, 16, 0.139104) best (1, 8, 19, 0.136265)
step 884 score (0, 3, 16, 0.133128) best (1, 8, 19, 0.136265)
step 885 score (0, 5, 17, 0.168434) best (1, 8, 19, 0.136265)
step 886 score (0, 4, 18, 0.147751) best (1, 8, 19, 0.136265)
step 887 score (0, 4, 18, 0.128604) best (1, 8, 19, 0.136265)
step 888 score (0, 5, 17, 0.149415) best (1, 8, 19, 0.136265)
CERTIFICATE 5b7066bfd5b076e9
step 889 score (1, 4, 16, 0.128759) best (1, 8, 19, 0.136265)
step 890 score (0, 2, 15, 0.135335) best (1, 8, 19, 0.136265)
CERTIFICATE 59998957db4616e9
step 891 score (1, 4, 17, 0.134202) best (1, 8, 19, 0.136265)
CERTIFICATE 2a9ef333c32a58ea
step 892 score (1, 8, 17, 0.118111) best (1, 8, 19, 0.136265)
step 893 score (0, 2, 14, 0.112415) best (1, 8, 19, 0.136265)
step 894 score (0, 2, 9, 0.119043) best (1, 8, 19, 0.136265)
step 895 score (0, 2, 14, 0.112415) best (1, 8, 19, 0.136265)
step 896 score (0, 1, 10, 0.14289) best (1, 8, 19, 0.136265)
step 897 score (0, 1, 9, 0.108827) best (1, 8, 19, 0.136265)
step 898 score (0, 4, 15, 0.119546) best (1, 8, 19, 0.136265)
step 899 score (0, 1, 14, 0.126145) best (1, 8, 19, 0.136265)
step 900 score (0, 4, 15, 0.119546) best (1, 8, 19, 0.136265)
step 901 score (0, 1, 9, 0.108827) best (1, 8, 19, 0.136265)
step 902 score (0, 5, 14, 0.105919) best (1, 8, 19, 0.136265)
step 903 score (0, 2, 13, 0.145876) best (1, 8, 19, 0.136265)
step 904 score (0, 1, 15, 0.172596) best (1, 8, 19, 0.136265)
step 905 score (0, 1, 15, 0.148947) best (1, 8, 19, 0.136265)
step 906 score (0, 3, 15, 0.133766) best (1, 8, 19, 0.136265)
step 907 score (0, 1, 12, 0.119416) best (1, 8, 19, 0.136265)
step 908 score (0, 2, 12, 0.094261) best (1, 8, 19, 0.136265)
step 909 score (0, 0, 15, 0.127393) best (1, 8, 19, 0.136265)
step 910 score (0, 1, 13, 0.122577) best (1, 8, 19, 0.136265)
step 911 score (0, 0, 13, 0.114565) best (1, 8, 19, 0.136265)
step 912 score (0, 0, 16, 0.150222) best (1, 8, 19, 0.136265)
step 913 score (0, 1, 13, 0.147714) best (1, 8, 19, 0.136265)
step 914 score (0, 0, 11, 0.125998) best (1, 8, 19, 0.136265)
step 915 score (0, 0, 13, 0.128946) best (1, 8, 19, 0.136265)
step 916 score (0, 0, 10, 0.132202) best (1, 8, 19, 0.136265)
step 917 score (0, 0, 14, 0.14151) best (1, 8, 19, 0.136265)
step 918 score (0, 0, 13, 0.133438) best (1, 8, 19, 0.136265)
step 919 score (0, 4, 16, 0.154518) best (1, 8, 19, 0.136265)
step 920 score (0, 0, 17, 0.137053) best (1, 8, 19, 0.136265)
step 921 score (0, 0, 15, 0.130046) best (1, 8, 19, 0.136265)
step 922 score (0, 0, 17, 0.137053) best (1, 8, 19, 0.136265)
step 923 score (0, 4, 16, 0.154518) best (1, 8, 19, 0.136265)
step 924 score (0, 0, 15, 0.160912) best (1, 8, 19, 0.136265)
step 925 score (0, 2, 15, 0.130895) best (1, 8, 19, 0.136265)
step 926 score (0, 1, 16, 0.151561) best (1, 8, 19, 0.136265)
step 927 score (0, 2, 17, 0.149027) best (1, 8, 19, 0.136265)
step 928 score (0, 0, 13, 0.145291) best (1, 8, 19, 0.136265)
step 929 score (0, 2, 17, 0.149027) best (1, 8, 19, 0.136265)
step 930 score (0, 1, 16, 0.13109) best (1, 8, 19, 0.136265)
step 931 score (0, 1, 11, 0.123881) best (1, 8, 19, 0.136265)
step 932 score (0, 1, 16, 0.13109) best (1, 8, 19, 0.136265)
step 933 score (0, 0, 13, 0.133269) best (1, 8, 19, 0.136265)
step 934 score (0, 1, 16, 0.13109) best (1, 8, 19, 0.136265)
step 935 score (0, 2, 17, 0.149027) best (1, 8, 19, 0.136265)
step 936 score (0, 1, 16, 0.151561) best (1, 8, 19, 0.136265)
step 937 score (0, 2, 15, 0.130895) best (1, 8, 19, 0.136265)
step 938 score (0, 1, 16, 0.151561) best (1, 8, 19, 0.136265)
step 939 score (0, 2, 17, 0.149027) best (1, 8, 19, 0.136265)
step 940 score (0, 1, 12, 0.141359) best (1, 8, 19, 0.136265)
step 941 score (0, 0, 15, 0.140217) best (1, 8, 19, 0.136265)
step 942 score (0, 1, 11, 0.121905) best (1, 8, 19, 0.136265)
step 943 score (0, 0, 11, 0.127031) best (1, 8, 19, 0.136265)
step 944 score (0, 2, 13, 0.12504) best (1, 8, 19, 0.136265)
step 945 score (0, 1, 14, 0.105042) best (1, 8, 19, 0.136265)
step 946 score (0, 3, 12, 0.120924) best (1, 8, 19, 0.136265)
step 947 score (0, 6, 10, 0.110354) best (1, 8, 19, 0.136265)
step 948 score (0, 3, 12, 0.120924) best (1, 8, 19, 0.136265)
step 949 score (0, 6, 13, 0.107628) best (1, 8, 19, 0.136265)
step 950 score (0, 0, 10, 0.118529) best (1, 8, 19, 0.136265)
step 951 score (0, 0, 12, 0.106288) best (1, 8, 19, 0.136265)
step 952 score (0, 0, 14, 0.121399) best (1, 8, 19, 0.136265)
step 953 score (0, 0, 15, 0.103296) best (1, 8, 19, 0.136265)
step 954 score (0, 1, 14, 0.108517) best (1, 8, 19, 0.136265)
step 955 score (0, 5, 12, 0.095981) best (1, 8, 19, 0.136265)
step 956 score (0, 5, 14, 0.107377) best (1, 8, 19, 0.136265)
step 957 score (0, 5, 12, 0.095981) best (1, 8, 19, 0.136265)
step 958 score (0, 2, 10, 0.107695) best (1, 8, 19, 0.136265)
step 959 score (0, 1, 9, 0.123126) best (1, 8, 19, 0.136265)
step 960 score (0, 1, 16, 0.113311) best (1, 8, 19, 0.136265)
step 961 score (0, 1, 16, 0.133974) best (1, 8, 19, 0.136265)
step 962 score (0, 4, 14, 0.121974) best (1, 8, 19, 0.136265)
step 963 score (0, 2, 12, 0.124383) best (1, 8, 19, 0.136265)
step 964 score (0, 4, 15, 0.135867) best (1, 8, 19, 0.136265)
step 965 score (0, 4, 15, 0.1271) best (1, 8, 19, 0.136265)
step 966 score (0, 4, 14, 0.121974) best (1, 8, 19, 0.136265)
step 967 score (0, 1, 16, 0.133974) best (1, 8, 19, 0.136265)
step 968 score (0, 1, 11, 0.102487) best (1, 8, 19, 0.136265)
step 969 score (0, 0, 12, 0.111295) best (1, 8, 19, 0.136265)
step 970 score (0, 2, 11, 0.11238) best (1, 8, 19, 0.136265)
step 971 score (0, 1, 13, 0.143661) best (1, 8, 19, 0.136265)
step 972 score (0, 3, 16, 0.133915) best (1, 8, 19, 0.136265)
step 973 score (0, 3, 15, 0.121994) best (1, 8, 19, 0.136265)
step 974 score (0, 3, 16, 0.133915) best (1, 8, 19, 0.136265)
step 975 score (0, 4, 17, 0.146655) best (1, 8, 19, 0.136265)
step 976 score (0, 3, 16, 0.133915) best (1, 8, 19, 0.136265)
step 977 score (0, 3, 15, 0.121994) best (1, 8, 19, 0.136265)
step 978 score (0, 9, 16, 0.132479) best (1, 8, 19, 0.136265)
step 979 score (0, 4, 16, 0.134968) best (1, 8, 19, 0.136265)
step 980 score (0, 1, 14, 0.112702) best (1, 8, 19, 0.136265)
step 981 score (0, 0, 13, 0.130863) best (1, 8, 19, 0.136265)
step 982 score (0, 1, 10, 0.104448) best (1, 8, 19, 0.136265)
step 983 score (0, 0, 14, 0.105457) best (1, 8, 19, 0.136265)
step 984 score (0, 1, 10, 0.104448) best (1, 8, 19, 0.136265)
step 985 score (0, 0, 13, 0.130863) best (1, 8, 19, 0.136265)
step 986 score (0, 1, 14, 0.112702) best (1, 8, 19, 0.136265)
step 987 score (0, 4, 16, 0.134968) best (1, 8, 19, 0.136265)
step 988 score (0, 9, 16, 0.132479) best (1, 8, 19, 0.136265)
step 989 score (0, 3, 15, 0.121994) best (1, 8, 19, 0.136265)
step 990 score (0, 9, 16, 0.132479) best (1, 8, 19, 0.136265)
step 991 score (0, 4, 17, 0.146655) best (1, 8, 19, 0.136265)
step 992 score (0, 2, 17, 0.149555) best (1, 8, 19, 0.136265)
step 993 score (0, 4, 16, 0.134968) best (1, 8, 19, 0.136265)
step 994 score (0, 5, 11, 0.139956) best (1, 8, 19, 0.136265)
step 995 score (0, 3, 12, 0.120055) best (1, 8, 19, 0.136265)
step 996 score (0, 1, 14, 0.112005) best (1, 8, 19, 0.136265)
step 997 score (0, 0, 15, 0.134184) best (1, 8, 19, 0.136265)
step 998 score (0, 2, 15, 0.127504) best (1, 8, 19, 0.136265)
step 999 score (0, 1, 15, 0.129534) best (1, 8, 19, 0.136265)
step 1000 score (0, 4, 17, 0.152726) best (1, 8, 19, 0.136265)
step 1001 score (0, 4, 17, 0.136598) best (1, 8, 19, 0.136265)
step 1002 score (0, 4, 17, 0.152726) best (1, 8, 19, 0.136265)
step 1003 score (0, 1, 17, 0.154572) best (1, 8, 19, 0.136265)
step 1004 score (0, 1, 16, 0.129498) best (1, 8, 19, 0.136265)
step 1005 score (0, 4, 16, 0.140803) best (1, 8, 19, 0.136265)
step 1006 score (0, 10, 16, 0.181529) best (1, 8, 19, 0.136265)
step 1007 score (0, 12, 16, 0.183629) best (1, 8, 19, 0.136265)
step 1008 score (0, 10, 16, 0.156392) best (1, 8, 19, 0.136265)
step 1009 score (0, 12, 16, 0.170116) best (1, 8, 19, 0.136265)
step 1010 score (0, 11, 16, 0.172976) best (1, 8, 19, 0.136265)
step 1011 score (0, 11, 16, 0.159114) best (1, 8, 19, 0.136265)
step 1012 score (0, 10, 16, 0.156392) best (1, 8, 19, 0.136265)
step 1013 score (0, 1, 16, 0.17391) best (1, 8, 19, 0.136265)
step 1014 score (0, 6, 15, 0.136229) best (1, 8, 19, 0.136265)
step 1015 score (0, 5, 16, 0.108713) best (1, 8, 19, 0.136265)
step 1016 score (0, 6, 15, 0.153383) best (1, 8, 19, 0.136265)
step 1017 score (0, 9, 15, 0.16785) best (1, 8, 19, 0.136265)
step 1018 score (0, 7, 17, 0.172561) best (1, 8, 19, 0.136265)
step 1019 score (0, 11, 18, 0.183616) best (1, 8, 19, 0.136265)
step 1020 score (0, 10, 12, 0.167221) best (1, 8, 19, 0.136265)
step 1021 score (0, 12, 18, 0.181078) best (1, 8, 19, 0.136265)
step 1022 score (0, 12, 18, 0.187064) best (1, 8, 19, 0.136265)
step 1023 score (0, 10, 18, 0.199319) best (1, 8, 19, 0.136265)
step 1024 score (0, 11, 18, 0.193492) best (1, 8, 19, 0.136265)
step 1025 score (0, 11, 18, 0.183616) best (1, 8, 19, 0.136265)
step 1026 score (0, 10, 16, 0.181529) best (1, 8, 19, 0.136265)
step 1027 score (0, 12, 16, 0.183629) best (1, 8, 19, 0.136265)
step 1028 score (0, 10, 16, 0.156392) best (1, 8, 19, 0.136265)
step 1029 score (0, 12, 16, 0.170116) best (1, 8, 19, 0.136265)
step 1030 score (0, 8, 18, 0.180438) best (1, 8, 19, 0.136265)
step 1031 score (0, 7, 18, 0.180946) best (1, 8, 19, 0.136265)
step 1032 score (0, 11, 16, 0.172976) best (1, 8, 19, 0.136265)
step 1033 score (0, 7, 15, 0.148865) best (1, 8, 19, 0.136265)
step 1034 score (0, 3, 16, 0.143603) best (1, 8, 19, 0.136265)
step 1035 score (0, 7, 15, 0.148865) best (1, 8, 19, 0.136265)
step 1036 score (0, 4, 10, 0.132368) best (1, 8, 19, 0.136265)
step 1037 score (0, 7, 15, 0.148865) best (1, 8, 19, 0.136265)
step 1038 score (0, 3, 13, 0.144342) best (1, 8, 19, 0.136265)
step 1039 score (0, 6, 12, 0.115463) best (1, 8, 19, 0.136265)
step 1040 score (0, 3, 15, 0.111625) best (1, 8, 19, 0.136265)
step 1041 score (0, 10, 16, 0.139599) best (1, 8, 19, 0.136265)
step 1042 score (0, 3, 15, 0.111625) best (1, 8, 19, 0.136265)
step 1043 score (0, 6, 12, 0.115463) best (1, 8, 19, 0.136265)
step 1044 score (0, 2, 14, 0.145922) best (1, 8, 19, 0.136265)
step 1045 score (0, 6, 12, 0.115463) best (1, 8, 19, 0.136265)
step 1046 score (0, 3, 16, 0.117393) best (1, 8, 19, 0.136265)
step 1047 score (0, 6, 16, 0.107293) best (1, 8, 19, 0.136265)
step 1048 score (0, 7, 14, 0.111815) best (1, 8, 19, 0.136265)
step 1049 score (0, 6, 16, 0.107293) best (1, 8, 19, 0.136265)
step 1050 score (0, 3, 16, 0.117393) best (1, 8, 19, 0.136265)
step 1051 score (0, 6, 12, 0.115463) best (1, 8, 19, 0.136265)
step 1052 score (0, 4, 14, 0.106237) best (1, 8, 19, 0.136265)
step 1053 score (0, 1, 13, 0.123003) best (1, 8, 19, 0.136265)
step 1054 score (0, 2, 11, 0.116837) best (1, 8, 19, 0.136265)
step 1055 score (0, 2, 12, 0.132018) best (1, 8, 19, 0.136265)
step 1056 score (0, 4, 13, 0.148463) best (1, 8, 19, 0.136265)
step 1057 score (0, 3, 14, 0.191237) best (1, 8, 19, 0.136265)
step 1058 score (0, 2, 15, 0.156112) best (1, 8, 19, 0.136265)
step 1059 score (0, 4, 16, 0.169513) best (1, 8, 19, 0.136265)
step 1060 score (0, 13, 16, 0.163697) best (1, 8, 19, 0.136265)
step 1061 score (0, 8, 15, 0.133992) best (1, 8, 19, 0.136265)
step 1062 score (0, 13, 16, 0.163697) best (1, 8, 19, 0.136265)
step 1063 score (0, 4, 16, 0.169513) best (1, 8, 19, 0.136265)
step 1064 score (0, 6, 13, 0.150629) best (1, 8, 19, 0.136265)
step 1065 score (0, 4, 16, 0.169513) best (1, 8, 19, 0.136265)
step 1066 score (0, 13, 16, 0.163697) best (1, 8, 19, 0.136265)
step 1067 score (0, 11, 16, 0.145046) best (1, 8, 19, 0.136265)
step 1068 score (0, 13, 16, 0.163697) best (1, 8, 19, 0.136265)
step 1069 score (0, 9, 18, 0.173487) best (1, 8, 19, 0.136265)
step 1070 score (0, 13, 16, 0.163697) best (1, 8, 19, 0.136265)
step 1071 score (0, 8, 15, 0.133992) best (1, 8, 19, 0.136265)
step 1072 score (0, 7, 9, 0.135342) best (1, 8, 19, 0.136265)
step 1073 score (0, 8, 15, 0.133992) best (1, 8, 19, 0.136265)
step 1074 score (0, 8, 13, 0.174863) best (1, 8, 19, 0.136265)
step 1075 score (0, 1, 16, 0.15466) best (1, 8, 19, 0.136265)
step 1076 score (0, 8, 13, 0.174863) best (1, 8, 19, 0.136265)
step 1077 score (0, 7, 10, 0.135494) best (1, 8, 19, 0.136265)
step 1078 score (0, 7, 9, 0.135342) best (1, 8, 19, 0.136265)
step 1079 score (0, 7, 10, 0.135494) best (1, 8, 19, 0.136265)
step 1080 score (0, 9, 10, 0.155291) best (1, 8, 19, 0.136265)
step 1081 score (0, 7, 10, 0.135494) best (1, 8, 19, 0.136265)
step 1082 score (0, 4, 9, 0.138776) best (1, 8, 19, 0.136265)
step 1083 score (0, 4, 11, 0.157621) best (1, 8, 19, 0.136265)
step 1084 score (0, 3, 15, 0.173472) best (1, 8, 19, 0.136265)
step 1085 score (0, 9, 16, 0.169411) best (1, 8, 19, 0.136265)
step 1086 score (0, 8, 16, 0.15127) best (1, 8, 19, 0.136265)
step 1087 score (0, 9, 16, 0.169411) best (1, 8, 19, 0.136265)
step 1088 score (0, 8, 13, 0.174863) best (1, 8, 19, 0.136265)
step 1089 score (0, 8, 15, 0.133992) best (1, 8, 19, 0.136265)
step 1090 score (0, 8, 13, 0.174863) best (1, 8, 19, 0.136265)
step 1091 score (0, 9, 16, 0.169411) best (1, 8, 19, 0.136265)
step 1092 score (0, 8, 17, 0.150817) best (1, 8, 19, 0.136265)
step 1093 score (0, 9, 16, 0.169411) best (1, 8, 19, 0.136265)
step 1094 score (0, 7, 18, 0.172267) best (1, 8, 19, 0.136265)
step 1095 score (0, 9, 16, 0.169411) best (1, 8, 19, 0.136265)
step 1096 score (0, 8, 17, 0.150817) best (1, 8, 19, 0.136265)
step 1097 score (0, 3, 17, 0.166021) best (1, 8, 19, 0.136265)
step 1098 score (0, 8, 16, 0.15127) best (1, 8, 19, 0.136265)
step 1099 score (0, 9, 16, 0.169411) best (1, 8, 19, 0.136265)
step 1100 score (0, 9, 17, 0.159335) best (1, 8, 19, 0.136265)
step 1101 score (0, 3, 17, 0.166767) best (1, 8, 19, 0.136265)
step 1102 score (0, 1, 17, 0.159122) best (1, 8, 19, 0.136265)
step 1103 score (0, 3, 16, 0.169535) best (1, 8, 19, 0.136265)
step 1104 score (0, 9, 17, 0.159335) best (1, 8, 19, 0.136265)
step 1105 score (0, 9, 16, 0.169411) best (1, 8, 19, 0.136265)
step 1106 score (0, 8, 17, 0.150817) best (1, 8, 19, 0.136265)
step 1107 score (0, 3, 10, 0.137779) best (1, 8, 19, 0.136265)
step 1108 score (0, 3, 10, 0.133445) best (1, 8, 19, 0.136265)
step 1109 score (0, 4, 10, 0.149637) best (1, 8, 19, 0.136265)
step 1110 score (0, 6, 10, 0.141635) best (1, 8, 19, 0.136265)
step 1111 score (0, 4, 10, 0.149637) best (1, 8, 19, 0.136265)
step 1112 score (0, 0, 13, 0.158159) best (1, 8, 19, 0.136265)
step 1113 score (0, 8, 17, 0.194734) best (1, 8, 19, 0.136265)
step 1114 score (0, 7, 17, 0.192632) best (1, 8, 19, 0.136265)
step 1115 score (0, 8, 17, 0.194734) best (1, 8, 19, 0.136265)
step 1116 score (0, 9, 16, 0.203043) best (1, 8, 19, 0.136265)
step 1117 score (0, 13, 16, 0.191403) best (1, 8, 19, 0.136265)
step 1118 score (0, 8, 17, 0.185575) best (1, 8, 19, 0.136265)
step 1119 score (0, 13, 16, 0.191403) best (1, 8, 19, 0.136265)
step 1120 score (0, 8, 17, 0.18826) best (1, 8, 19, 0.136265)
step 1121 score (0, 8, 17, 0.194734) best (1, 8, 19, 0.136265)
step 1122 score (0, 9, 16, 0.203043) best (1, 8, 19, 0.136265)
step 1123 score (0, 14, 16, 0.180507) best (1, 8, 19, 0.136265)
step 1124 score (0, 7, 13, 0.150946) best (1, 8, 19, 0.136265)
step 1125 score (0, 14, 16, 0.180507) best (1, 8, 19, 0.136265)
step 1126 score (0, 7, 15, 0.163713) best (1, 8, 19, 0.136265)
step 1127 score (0, 5, 11, 0.12225) best (1, 8, 19, 0.136265)
step 1128 score (0, 6, 13, 0.113972) best (1, 8, 19, 0.136265)
step 1129 score (0, 3, 17, 0.16156) best (1, 8, 19, 0.136265)
step 1130 score (0, 6, 13, 0.157013) best (1, 8, 19, 0.136265)
step 1131 score (0, 7, 10, 0.147323) best (1, 8, 19, 0.136265)
step 1132 score (0, 5, 10, 0.145933) best (1, 8, 19, 0.136265)
step 1133 score (0, 14, 16, 0.180507) best (1, 8, 19, 0.136265)
step 1134 score (0, 7, 17, 0.17167) best (1, 8, 19, 0.136265)
step 1135 score (0, 4, 17, 0.171836) best (1, 8, 19, 0.136265)
step 1136 score (0, 10, 17, 0.196604) best (1, 8, 19, 0.136265)
step 1137 score (0, 9, 17, 0.185645) best (1, 8, 19, 0.136265)
step 1138 score (0, 10, 18, 0.19561) best (1, 8, 19, 0.136265)
step 1139 score (0, 10, 17, 0.174072) best (1, 8, 19, 0.136265)
step 1140 score (0, 8, 17, 0.182974) best (1, 8, 19, 0.136265)
step 1141 score (0, 8, 17, 0.160147) best (1, 8, 19, 0.136265)
step 1142 score (0, 6, 18, 0.184182) best (1, 8, 19, 0.136265)
step 1143 score (0, 8, 16, 0.176859) best (1, 8, 19, 0.136265)
step 1144 score (0, 6, 16, 0.170604) best (1, 8, 19, 0.136265)
step 1145 score (0, 8, 18, 0.207662) best (1, 8, 19, 0.136265)
step 1146 score (0, 10, 17, 0.196604) best (1, 8, 19, 0.136265)
step 1147 score (0, 7, 17, 0.192784) best (1, 8, 19, 0.136265)
step 1148 score (0, 9, 16, 0.203043) best (1, 8, 19, 0.136265)
step 1149 score (0, 13, 16, 0.191403) best (1, 8, 19, 0.136265)
step 1150 score (0, 8, 17, 0.18826) best (1, 8, 19, 0.136265)
step 1151 score (0, 13, 16, 0.191403) best (1, 8, 19, 0.136265)
step 1152 score (0, 9, 16, 0.203043) best (1, 8, 19, 0.136265)
step 1153 score (0, 6, 15, 0.125994) best (1, 8, 19, 0.136265)
step 1154 score (0, 2, 15, 0.149713) best (1, 8, 19, 0.136265)
step 1155 score (0, 2, 10, 0.129722) best (1, 8, 19, 0.136265)
step 1156 score (0, 2, 15, 0.149713) best (1, 8, 19, 0.136265)
step 1157 score (0, 6, 17, 0.119953) best (1, 8, 19, 0.136265)
step 1158 score (0, 7, 14, 0.152364) best (1, 8, 19, 0.136265)
step 1159 score (0, 6, 17, 0.157228) best (1, 8, 19, 0.136265)
step 1160 score (0, 6, 16, 0.144588) best (1, 8, 19, 0.136265)
step 1161 score (0, 8, 15, 0.16375) best (1, 8, 19, 0.136265)
step 1162 score (0, 5, 15, 0.178121) best (1, 8, 19, 0.136265)
step 1163 score (0, 4, 15, 0.153659) best (1, 8, 19, 0.136265)
step 1164 score (0, 2, 15, 0.105878) best (1, 8, 19, 0.136265)
step 1165 score (0, 3, 13, 0.102422) best (1, 8, 19, 0.136265)
step 1166 score (0, 2, 14, 0.112182) best (1, 8, 19, 0.136265)
step 1167 score (0, 3, 14, 0.128079) best (1, 8, 19, 0.136265)
step 1168 score (0, 3, 13, 0.111533) best (1, 8, 19, 0.136265)
step 1169 score (0, 3, 13, 0.126262) best (1, 8, 19, 0.136265)
step 1170 score (0, 4, 14, 0.140666) best (1, 8, 19, 0.136265)
step 1171 score (0, 4, 15, 0.151542) best (1, 8, 19, 0.136265)
step 1172 score (0, 4, 15, 0.167662) best (1, 8, 19, 0.136265)
step 1173 score (0, 7, 16, 0.159485) best (1, 8, 19, 0.136265)
step 1174 score (0, 7, 16, 0.178877) best (1, 8, 19, 0.136265)
step 1175 score (0, 6, 16, 0.163965) best (1, 8, 19, 0.136265)
step 1176 score (0, 9, 17, 0.189478) best (1, 8, 19, 0.136265)
step 1177 score (0, 6, 16, 0.140391) best (1, 8, 19, 0.136265)
step 1178 score (0, 4, 13, 0.136846) best (1, 8, 19, 0.136265)
step 1179 score (0, 7, 15, 0.133752) best (1, 8, 19, 0.136265)
step 1180 score (0, 3, 14, 0.129576) best (1, 8, 19, 0.136265)
step 1181 score (0, 7, 15, 0.133752) best (1, 8, 19, 0.136265)
step 1182 score (0, 3, 16, 0.200745) best (1, 8, 19, 0.136265)
step 1183 score (0, 2, 14, 0.161906) best (1, 8, 19, 0.136265)
step 1184 score (0, 5, 14, 0.164151) best (1, 8, 19, 0.136265)
step 1185 score (0, 5, 16, 0.19677) best (1, 8, 19, 0.136265)
step 1186 score (0, 5, 16, 0.181018) best (1, 8, 19, 0.136265)
step 1187 score (0, 5, 16, 0.19677) best (1, 8, 19, 0.136265)
step 1188 score (0, 5, 16, 0.18231) best (1, 8, 19, 0.136265)
CERTIFICATE ae0e9275e47f1a87
step 1189 score (1, 4, 15, 0.16329) best (1, 8, 19, 0.136265)
step 1190 score (0, 7, 12, 0.142047) best (1, 8, 19, 0.136265)
CERTIFICATE 6832f05ea5f7483d
step 1191 score (1, 4, 15, 0.16329) best (1, 8, 19, 0.136265)
step 1192 score (0, 0, 16, 0.150542) best (1, 8, 19, 0.136265)
step 1193 score (0, 1, 15, 0.162419) best (1, 8, 19, 0.136265)
step 1194 score (0, 5, 10, 0.117713) best (1, 8, 19, 0.136265)
step 1195 score (0, 6, 13, 0.126439) best (1, 8, 19, 0.136265)
step 1196 score (0, 6, 16, 0.171762) best (1, 8, 19, 0.136265)
step 1197 score (0, 9, 16, 0.164434) best (1, 8, 19, 0.136265)
step 1198 score (0, 5, 14, 0.129286) best (1, 8, 19, 0.136265)
step 1199 score (0, 2, 10, 0.110793) best (1, 8, 19, 0.136265)
step 1200 score (0, 5, 14, 0.129286) best (1, 8, 19, 0.136265)
step 1201 score (0, 9, 16, 0.164434) best (1, 8, 19, 0.136265)
step 1202 score (0, 8, 16, 0.182648) best (1, 8, 19, 0.136265)
step 1203 score (0, 2, 16, 0.187702) best (1, 8, 19, 0.136265)
step 1204 score (0, 8, 17, 0.197258) best (1, 8, 19, 0.136265)
step 1205 score (0, 5, 17, 0.205729) best (1, 8, 19, 0.136265)
step 1206 score (0, 8, 17, 0.197258) best (1, 8, 19, 0.136265)
step 1207 score (0, 11, 17, 0.181829) best (1, 8, 19, 0.136265)
step 1208 score (0, 9, 17, 0.192781) best (1, 8, 19, 0.136265)
step 1209 score (0, 6, 18, 0.206913) best (1, 8, 19, 0.136265)
step 1210 score (0, 4, 18, 0.184078) best (1, 8, 19, 0.136265)
step 1211 score (0, 10, 17, 0.168091) best (1, 8, 19, 0.136265)
step 1212 score (0, 5, 16, 0.15723) best (1, 8, 19, 0.136265)
step 1213 score (0, 4, 16, 0.166395) best (1, 8, 19, 0.136265)
step 1214 score (0, 0, 15, 0.161239) best (1, 8, 19, 0.136265)
step 1215 score (0, 2, 15, 0.133898) best (1, 8, 19, 0.136265)
step 1216 score (0, 11, 16, 0.119791) best (1, 8, 19, 0.136265)
step 1217 score (0, 9, 16, 0.145871) best (1, 8, 19, 0.136265)
step 1218 score (0, 6, 16, 0.151519) best (1, 8, 19, 0.136265)
step 1219 score (0, 4, 11, 0.129254) best (1, 8, 19, 0.136265)
step 1220 score (0, 6, 16, 0.151519) best (1, 8, 19, 0.136265)
step 1221 score (0, 5, 16, 0.125942) best (1, 8, 19, 0.136265)
step 1222 score (0, 5, 16, 0.125106) best (1, 8, 19, 0.136265)
step 1223 score (0, 6, 15, 0.129643) best (1, 8, 19, 0.136265)
step 1224 score (0, 3, 10, 0.127967) best (1, 8, 19, 0.136265)
step 1225 score (0, 6, 17, 0.135473) best (1, 8, 19, 0.136265)
step 1226 score (0, 5, 10, 0.104546) best (1, 8, 19, 0.136265)
step 1227 score (0, 4, 16, 0.145352) best (1, 8, 19, 0.136265)
step 1228 score (0, 5, 10, 0.104546) best (1, 8, 19, 0.136265)
step 1229 score (0, 6, 15, 0.129643) best (1, 8, 19, 0.136265)
step 1230 score (0, 5, 14, 0.130621) best (1, 8, 19, 0.136265)
step 1231 score (0, 4, 10, 0.114564) best (1, 8, 19, 0.136265)
step 1232 score (0, 1, 16, 0.13766) best (1, 8, 19, 0.136265)
step 1233 score (0, 5, 15, 0.123198) best (1, 8, 19, 0.136265)
step 1234 score (0, 6, 16, 0.136884) best (1, 8, 19, 0.136265)
step 1235 score (0, 5, 15, 0.123198) best (1, 8, 19, 0.136265)
step 1236 score (0, 4, 14, 0.143406) best (1, 8, 19, 0.136265)
step 1237 score (0, 6, 14, 0.150314) best (1, 8, 19, 0.136265)
step 1238 score (0, 2, 13, 0.150722) best (1, 8, 19, 0.136265)
step 1239 score (0, 6, 14, 0.150314) best (1, 8, 19, 0.136265)
step 1240 score (0, 2, 12, 0.104372) best (1, 8, 19, 0.136265)
step 1241 score (0, 0, 12, 0.117267) best (1, 8, 19, 0.136265)
step 1242 score (0, 1, 10, 0.110872) best (1, 8, 19, 0.136265)
step 1243 score (0, 1, 13, 0.125869) best (1, 8, 19, 0.136265)
step 1244 score (0, 1, 10, 0.110872) best (1, 8, 19, 0.136265)
step 1245 score (0, 6, 15, 0.139623) best (1, 8, 19, 0.136265)
step 1246 score (0, 6, 11, 0.089796) best (1, 8, 19, 0.136265)
step 1247 score (0, 8, 9, 0.136148) best (1, 8, 19, 0.136265)
step 1248 score (0, 8, 9, 0.152686) best (1, 8, 19, 0.136265)
step 1249 score (0, 8, 9, 0.136148) best (1, 8, 19, 0.136265)
step 1250 score (0, 5, 11, 0.165311) best (1, 8, 19, 0.136265)
step 1251 score (0, 8, 9, 0.164415) best (1, 8, 19, 0.136265)
step 1252 score (0, 9, 9, 0.139259) best (1, 8, 19, 0.136265)
step 1253 score (0, 5, 14, 0.123493) best (1, 8, 19, 0.136265)
step 1254 score (0, 11, 17, 0.150165) best (1, 8, 19, 0.136265)
step 1255 score (0, 11, 16, 0.180188) best (1, 8, 19, 0.136265)
step 1256 score (0, 7, 17, 0.180074) best (1, 8, 19, 0.136265)
step 1257 score (0, 11, 16, 0.180188) best (1, 8, 19, 0.136265)
step 1258 score (0, 7, 16, 0.141806) best (1, 8, 19, 0.136265)
step 1259 score (0, 8, 16, 0.131118) best (1, 8, 19, 0.136265)
step 1260 score (0, 4, 15, 0.163081) best (1, 8, 19, 0.136265)
step 1261 score (0, 2, 15, 0.149525) best (1, 8, 19, 0.136265)
step 1262 score (0, 3, 13, 0.123064) best (1, 8, 19, 0.136265)
step 1263 score (0, 4, 9, 0.099228) best (1, 8, 19, 0.136265)
step 1264 score (0, 3, 13, 0.123064) best (1, 8, 19, 0.136265)
step 1265 score (0, 2, 16, 0.130093) best (1, 8, 19, 0.136265)
step 1266 score (0, 0, 14, 0.153736) best (1, 8, 19, 0.136265)
step 1267 score (0, 4, 15, 0.1673) best (1, 8, 19, 0.136265)
step 1268 score (0, 4, 13, 0.109318) best (1, 8, 19, 0.136265)
step 1269 score (0, 2, 12, 0.108803) best (1, 8, 19, 0.136265)
step 1270 score (0, 4, 13, 0.125068) best (1, 8, 19, 0.136265)
step 1271 score (0, 2, 11, 0.12625) best (1, 8, 19, 0.136265)
step 1272 score (0, 0, 12, 0.121331) best (1, 8, 19, 0.136265)
step 1273 score (0, 2, 11, 0.122285) best (1, 8, 19, 0.136265)
step 1274 score (0, 1, 9, 0.094358) best (1, 8, 19, 0.136265)
step 1275 score (0, 1, 9, 0.085143) best (1, 8, 19, 0.136265)
step 1276 score (0, 1, 12, 0.089014) best (1, 8, 19, 0.136265)
step 1277 score (0, 2, 15, 0.106795) best (1, 8, 19, 0.136265)
step 1278 score (0, 3, 16, 0.122248) best (1, 8, 19, 0.136265)
step 1279 score (0, 3, 14, 0.134324) best (1, 8, 19, 0.136265)
step 1280 score (0, 2, 15, 0.123086) best (1, 8, 19, 0.136265)
step 1281 score (0, 3, 14, 0.134324) best (1, 8, 19, 0.136265)
step 1282 score (0, 2, 15, 0.117393) best (1, 8, 19, 0.136265)
step 1283 score (0, 2, 9, 0.12015) best (1, 8, 19, 0.136265)
step 1284 score (0, 2, 15, 0.117393) best (1, 8, 19, 0.136265)
step 1285 score (0, 3, 14, 0.134324) best (1, 8, 19, 0.136265)
step 1286 score (0, 3, 16, 0.122248) best (1, 8, 19, 0.136265)
step 1287 score (0, 4, 10, 0.11529) best (1, 8, 19, 0.136265)
step 1288 score (0, 4, 12, 0.124589) best (1, 8, 19, 0.136265)
step 1289 score (0, 1, 11, 0.126025) best (1, 8, 19, 0.136265)
step 1290 score (0, 4, 12, 0.124589) best (1, 8, 19, 0.136265)
step 1291 score (0, 0, 12, 0.12125) best (1, 8, 19, 0.136265)
step 1292 score (0, 3, 16, 0.122248) best (1, 8, 19, 0.136265)
step 1293 score (0, 4, 10, 0.11529) best (1, 8, 19, 0.136265)
step 1294 score (0, 0, 12, 0.124454) best (1, 8, 19, 0.136265)
step 1295 score (0, 1, 10, 0.115121) best (1, 8, 19, 0.136265)
step 1296 score (0, 0, 12, 0.125293) best (1, 8, 19, 0.136265)
step 1297 score (0, 1, 14, 0.126025) best (1, 8, 19, 0.136265)
step 1298 score (0, 0, 16, 0.139616) best (1, 8, 19, 0.136265)
step 1299 score (0, 2, 12, 0.117128) best (1, 8, 19, 0.136265)
step 1300 score (0, 1, 16, 0.130531) best (1, 8, 19, 0.136265)
step 1301 score (0, 1, 9, 0.12391) best (1, 8, 19, 0.136265)
step 1302 score (0, 2, 8, 0.147866) best (1, 8, 19, 0.136265)
step 1303 score (0, 0, 12, 0.129622) best (1, 8, 19, 0.136265)
step 1304 score (0, 3, 13, 0.125992) best (1, 8, 19, 0.136265)
step 1305 score (0, 5, 14, 0.114782) best (1, 8, 19, 0.136265)
step 1306 score (0, 3, 13, 0.125992) best (1, 8, 19, 0.136265)
step 1307 score (0, 1, 14, 0.107655) best (1, 8, 19, 0.136265)
step 1308 score (0, 2, 11, 0.121179) best (1, 8, 19, 0.136265)
step 1309 score (0, 1, 16, 0.13552) best (1, 8, 19, 0.136265)
step 1310 score (0, 2, 10, 0.130215) best (1, 8, 19, 0.136265)
step 1311 score (0, 3, 12, 0.120817) best (1, 8, 19, 0.136265)
step 1312 score (0, 0, 12, 0.142517) best (1, 8, 19, 0.136265)
step 1313 score (0, 0, 16, 0.141695) best (1, 8, 19, 0.136265)
step 1314 score (0, 1, 13, 0.147916) best (1, 8, 19, 0.136265)
step 1315 score (0, 1, 17, 0.138758) best (1, 8, 19, 0.136265)
step 1316 score (0, 1, 14, 0.128543) best (1, 8, 19, 0.136265)
step 1317 score (0, 1, 13, 0.121444) best (1, 8, 19, 0.136265)
step 1318 score (0, 1, 15, 0.128408) best (1, 8, 19, 0.136265)
step 1319 score (0, 1, 17, 0.138758) best (1, 8, 19, 0.136265)
step 1320 score (0, 1, 13, 0.147916) best (1, 8, 19, 0.136265)
step 1321 score (0, 0, 16, 0.141695) best (1, 8, 19, 0.136265)
step 1322 score (0, 1, 13, 0.147916) best (1, 8, 19, 0.136265)
step 1323 score (0, 1, 17, 0.138758) best (1, 8, 19, 0.136265)
step 1324 score (0, 1, 14, 0.128543) best (1, 8, 19, 0.136265)
step 1325 score (0, 0, 14, 0.126024) best (1, 8, 19, 0.136265)
step 1326 score (0, 0, 13, 0.112236) best (1, 8, 19, 0.136265)
step 1327 score (0, 0, 13, 0.110059) best (1, 8, 19, 0.136265)
step 1328 score (0, 0, 11, 0.106717) best (1, 8, 19, 0.136265)
step 1329 score (0, 0, 13, 0.110059) best (1, 8, 19, 0.136265)
step 1330 score (0, 0, 13, 0.112236) best (1, 8, 19, 0.136265)
step 1331 score (0, 0, 13, 0.107425) best (1, 8, 19, 0.136265)
step 1332 score (0, 1, 15, 0.128408) best (1, 8, 19, 0.136265)
step 1333 score (0, 1, 17, 0.138758) best (1, 8, 19, 0.136265)
step 1334 score (0, 1, 14, 0.128543) best (1, 8, 19, 0.136265)
step 1335 score (0, 1, 13, 0.121444) best (1, 8, 19, 0.136265)
step 1336 score (0, 0, 14, 0.131983) best (1, 8, 19, 0.136265)
step 1337 score (0, 0, 11, 0.12372) best (1, 8, 19, 0.136265)
step 1338 score (0, 0, 13, 0.120658) best (1, 8, 19, 0.136265)
step 1339 score (0, 1, 14, 0.13273) best (1, 8, 19, 0.136265)
step 1340 score (0, 1, 15, 0.1465) best (1, 8, 19, 0.136265)
step 1341 score (0, 0, 15, 0.14401) best (1, 8, 19, 0.136265)
step 1342 score (0, 2, 12, 0.12789) best (1, 8, 19, 0.136265)
step 1343 score (0, 3, 18, 0.149772) best (1, 8, 19, 0.136265)
step 1344 score (0, 1, 17, 0.1799) best (1, 8, 19, 0.136265)
step 1345 score (0, 3, 16, 0.155009) best (1, 8, 19, 0.136265)
step 1346 score (0, 6, 16, 0.165043) best (1, 8, 19, 0.136265)
step 1347 score (0, 9, 15, 0.152789) best (1, 8, 19, 0.136265)
step 1348 score (0, 6, 17, 0.15657) best (1, 8, 19, 0.136265)
step 1349 score (0, 9, 15, 0.152789) best (1, 8, 19, 0.136265)
CERTIFICATE 3c98bae141960852
step 1350 score (1, 3, 14, 0.108172) best (1, 8, 19, 0.136265)
step 1351 score (0, 9, 15, 0.152789) best (1, 8, 19, 0.136265)
step 1352 score (0, 6, 16, 0.165043) best (1, 8, 19, 0.136265)
step 1353 score (0, 7, 13, 0.124834) best (1, 8, 19, 0.136265)
step 1354 score (0, 3, 13, 0.145434) best (1, 8, 19, 0.136265)
step 1355 score (0, 4, 17, 0.144407) best (1, 8, 19, 0.136265)
step 1356 score (0, 3, 17, 0.160438) best (1, 8, 19, 0.136265)
step 1357 score (0, 0, 18, 0.159778) best (1, 8, 19, 0.136265)
step 1358 score (0, 5, 12, 0.112822) best (1, 8, 19, 0.136265)
step 1359 score (0, 0, 16, 0.140429) best (1, 8, 19, 0.136265)
step 1360 score (0, 5, 12, 0.112822) best (1, 8, 19, 0.136265)
step 1361 score (0, 4, 14, 0.120535) best (1, 8, 19, 0.136265)
step 1362 score (0, 5, 12, 0.112822) best (1, 8, 19, 0.136265)
step 1363 score (0, 0, 18, 0.159778) best (1, 8, 19, 0.136265)
step 1364 score (0, 2, 9, 0.101361) best (1, 8, 19, 0.136265)
step 1365 score (0, 3, 13, 0.136886) best (1, 8, 19, 0.136265)
step 1366 score (0, 8, 12, 0.136452) best (1, 8, 19, 0.136265)
step 1367 score (0, 8, 15, 0.147093) best (1, 8, 19, 0.136265)
step 1368 score (0, 9, 14, 0.122019) best (1, 8, 19, 0.136265)
step 1369 score (0, 5, 13, 0.147649) best (1, 8, 19, 0.136265)
step 1370 score (0, 9, 9, 0.144135) best (1, 8, 19, 0.136265)
step 1371 score (0, 0, 8, 0.137427) best (1, 8, 19, 0.136265)
step 1372 score (0, 0, 12, 0.139792) best (1, 8, 19, 0.136265)
step 1373 score (0, 0, 11, 0.142659) best (1, 8, 19, 0.136265)
step 1374 score (0, 0, 13, 0.154671) best (1, 8, 19, 0.136265)
step 1375 score (0, 2, 11, 0.129979) best (1, 8, 19, 0.136265)
step 1376 score (0, 9, 9, 0.154034) best (1, 8, 19, 0.136265)
step 1377 score (0, 9, 9, 0.140787) best (1, 8, 19, 0.136265)
step 1378 score (0, 9, 9, 0.143845) best (1, 8, 19, 0.136265)
step 1379 score (0, 5, 10, 0.154219) best (1, 8, 19, 0.136265)
step 1380 score (0, 9, 9, 0.143845) best (1, 8, 19, 0.136265)
step 1381 score (0, 8, 9, 0.140787) best (1, 8, 19, 0.136265)
step 1382 score (0, 9, 9, 0.154034) best (1, 8, 19, 0.136265)
step 1383 score (0, 5, 10, 0.176975) best (1, 8, 19, 0.136265)
step 1384 score (0, 9, 9, 0.154034) best (1, 8, 19, 0.136265)
step 1385 score (0, 9, 9, 0.140787) best (1, 8, 19, 0.136265)
step 1386 score (0, 9, 9, 0.143845) best (1, 8, 19, 0.136265)
step 1387 score (0, 7, 9, 0.138359) best (1, 8, 19, 0.136265)
step 1388 score (0, 2, 10, 0.101061) best (1, 8, 19, 0.136265)
step 1389 score (0, 7, 9, 0.138359) best (1, 8, 19, 0.136265)
step 1390 score (0, 9, 9, 0.143845) best (1, 8, 19, 0.136265)
step 1391 score (0, 9, 9, 0.140787) best (1, 8, 19, 0.136265)
step 1392 score (0, 9, 9, 0.150185) best (1, 8, 19, 0.136265)
step 1393 score (0, 9, 9, 0.140787) best (1, 8, 19, 0.136265)
step 1394 score (0, 9, 9, 0.154034) best (1, 8, 19, 0.136265)
step 1395 score (0, 9, 9, 0.140787) best (1, 8, 19, 0.136265)
step 1396 score (0, 9, 9, 0.150185) best (1, 8, 19, 0.136265)
step 1397 score (0, 8, 10, 0.13854) best (1, 8, 19, 0.136265)
step 1398 score (0, 3, 10, 0.142946) best (1, 8, 19, 0.136265)
step 1399 score (0, 8, 10, 0.13854) best (1, 8, 19, 0.136265)
step 1400 score (0, 9, 9, 0.150185) best (1, 8, 19, 0.136265)
step 1401 score (0, 4, 10, 0.161774) best (1, 8, 19, 0.136265)
step 1402 score (0, 9, 9, 0.150185) best (1, 8, 19, 0.136265)
step 1403 score (0, 4, 9, 0.160504) best (1, 8, 19, 0.136265)
step 1404 score (0, 9, 9, 0.150185) best (1, 8, 19, 0.136265)
step 1405 score (0, 8, 9, 0.140787) best (1, 8, 19, 0.136265)
step 1406 score (0, 9, 9, 0.154034) best (1, 8, 19, 0.136265)
step 1407 score (0, 8, 9, 0.132674) best (1, 8, 19, 0.136265)
step 1408 score (0, 9, 11, 0.134851) best (1, 8, 19, 0.136265)
step 1409 score (0, 8, 9, 0.132674) best (1, 8, 19, 0.136265)
step 1410 score (0, 9, 11, 0.134851) best (1, 8, 19, 0.136265)
step 1411 score (0, 8, 9, 0.132674) best (1, 8, 19, 0.136265)
step 1412 score (0, 9, 9, 0.154034) best (1, 8, 19, 0.136265)
step 1413 score (0, 9, 9, 0.140787) best (1, 8, 19, 0.136265)
step 1414 score (0, 2, 10, 0.097201) best (1, 8, 19, 0.136265)
step 1415 score (0, 4, 9, 0.117691) best (1, 8, 19, 0.136265)
step 1416 score (0, 9, 9, 0.154034) best (1, 8, 19, 0.136265)
step 1417 score (0, 9, 9, 0.140787) best (1, 8, 19, 0.136265)
step 1418 score (0, 9, 9, 0.143845) best (1, 8, 19, 0.136265)
step 1419 score (0, 9, 9, 0.140787) best (1, 8, 19, 0.136265)
step 1420 score (0, 7, 9, 0.111238) best (1, 8, 19, 0.136265)
step 1421 score (0, 8, 10, 0.13854) best (1, 8, 19, 0.136265)
step 1422 score (0, 9, 9, 0.150185) best (1, 8, 19, 0.136265)
step 1423 score (0, 9, 9, 0.140787) best (1, 8, 19, 0.136265)
step 1424 score (0, 4, 10, 0.144773) best (1, 8, 19, 0.136265)
step 1425 score (0, 8, 9, 0.140787) best (1, 8, 19, 0.136265)
step 1426 score (0, 4, 9, 0.14607) best (1, 8, 19, 0.136265)
step 1427 score (0, 7, 8, 0.129663) best (1, 8, 19, 0.136265)
step 1428 score (0, 7, 8, 0.140037) best (1, 8, 19, 0.136265)
step 1429 score (0, 7, 9, 0.127723) best (1, 8, 19, 0.136265)
step 1430 score (0, 5, 7, 0.095457) best (1, 8, 19, 0.136265)
step 1431 score (0, 5, 9, 0.119601) best (1, 8, 19, 0.136265)
step 1432 score (0, 5, 7, 0.095457) best (1, 8, 19, 0.136265)
step 1433 score (0, 7, 9, 0.127723) best (1, 8, 19, 0.136265)
step 1434 score (0, 7, 8, 0.140037) best (1, 8, 19, 0.136265)
step 1435 score (0, 4, 9, 0.160504) best (1, 8, 19, 0.136265)
step 1436 score (0, 4, 9, 0.14607) best (1, 8, 19, 0.136265)
step 1437 score (0, 7, 8, 0.129663) best (1, 8, 19, 0.136265)
step 1438 score (0, 8, 8, 0.132804) best (1, 8, 19, 0.136265)
step 1439 score (0, 6, 9, 0.139869) best (1, 8, 19, 0.136265)
step 1440 score (0, 8, 8, 0.132804) best (1, 8, 19, 0.136265)
step 1441 score (0, 5, 9, 0.158293) best (1, 8, 19, 0.136265)
step 1442 score (0, 9, 9, 0.138574) best (1, 8, 19, 0.136265)
step 1443 score (0, 7, 9, 0.123424) best (1, 8, 19, 0.136265)
step 1444 score (0, 9, 9, 0.157106) best (1, 8, 19, 0.136265)
step 1445 score (0, 7, 9, 0.122407) best (1, 8, 19, 0.136265)
step 1446 score (0, 4, 9, 0.150174) best (1, 8, 19, 0.136265)
step 1447 score (0, 5, 13, 0.147522) best (1, 8, 19, 0.136265)
step 1448 score (0, 8, 10, 0.118426) best (1, 8, 19, 0.136265)
step 1449 score (0, 6, 8, 0.121838) best (1, 8, 19, 0.136265)
step 1450 score (0, 2, 8, 0.138412) best (1, 8, 19, 0.136265)
step 1451 score (0, 6, 8, 0.121838) best (1, 8, 19, 0.136265)
step 1452 score (0, 8, 8, 0.141194) best (1, 8, 19, 0.136265)
step 1453 score (0, 5, 9, 0.17088) best (1, 8, 19, 0.136265)
step 1454 score (0, 5, 9, 0.150174) best (1, 8, 19, 0.136265)
step 1455 score (0, 7, 9, 0.122407) best (1, 8, 19, 0.136265)
step 1456 score (0, 9, 11, 0.133113) best (1, 8, 19, 0.136265)
step 1457 score (0, 7, 9, 0.122407) best (1, 8, 19, 0.136265)
step 1458 score (0, 5, 9, 0.150174) best (1, 8, 19, 0.136265)
step 1459 score (0, 5, 9, 0.17088) best (1, 8, 19, 0.136265)
step 1460 score (0, 9, 9, 0.157106) best (1, 8, 19, 0.136265)
step 1461 score (0, 7, 9, 0.123424) best (1, 8, 19, 0.136265)
step 1462 score (0, 5, 9, 0.153632) best (1, 8, 19, 0.136265)
step 1463 score (0, 7, 8, 0.129663) best (1, 8, 19, 0.136265)
step 1464 score (0, 7, 8, 0.140037) best (1, 8, 19, 0.136265)
step 1465 score (0, 7, 9, 0.127723) best (1, 8, 19, 0.136265)
step 1466 score (0, 6, 8, 0.095965) best (1, 8, 19, 0.136265)
step 1467 score (0, 7, 8, 0.129663) best (1, 8, 19, 0.136265)
step 1468 score (0, 8, 8, 0.141194) best (1, 8, 19, 0.136265)
step 1469 score (0, 6, 8, 0.121838) best (1, 8, 19, 0.136265)
step 1470 score (0, 8, 10, 0.118426) best (1, 8, 19, 0.136265)
step 1471 score (0, 1, 12, 0.128915) best (1, 8, 19, 0.136265)
step 1472 score (0, 5, 13, 0.135283) best (1, 8, 19, 0.136265)
step 1473 score (0, 1, 14, 0.144852) best (1, 8, 19, 0.136265)
step 1474 score (0, 2, 11, 0.138478) best (1, 8, 19, 0.136265)
step 1475 score (0, 5, 8, 0.125391) best (1, 8, 19, 0.136265)
step 1476 score (0, 5, 13, 0.149651) best (1, 8, 19, 0.136265)
step 1477 score (0, 10, 14, 0.161808) best (1, 8, 19, 0.136265)
step 1478 score (0, 7, 13, 0.149062) best (1, 8, 19, 0.136265)
step 1479 score (0, 6, 9, 0.130994) best (1, 8, 19, 0.136265)
step 1480 score (0, 7, 13, 0.149062) best (1, 8, 19, 0.136265)
step 1481 score (0, 10, 14, 0.161808) best (1, 8, 19, 0.136265)
step 1482 score (0, 9, 16, 0.186148) best (1, 8, 19, 0.136265)
step 1483 score (0, 10, 15, 0.168815) best (1, 8, 19, 0.136265)
step 1484 score (0, 7, 15, 0.183811) best (1, 8, 19, 0.136265)
step 1485 score (0, 4, 13, 0.169612) best (1, 8, 19, 0.136265)
step 1486 score (0, 6, 13, 0.155957) best (1, 8, 19, 0.136265)
step 1487 score (0, 2, 9, 0.151717) best (1, 8, 19, 0.136265)
step 1488 score (0, 3, 11, 0.139136) best (1, 8, 19, 0.136265)
step 1489 score (0, 3, 10, 0.155614) best (1, 8, 19, 0.136265)
step 1490 score (0, 2, 10, 0.171266) best (1, 8, 19, 0.136265)
step 1491 score (0, 2, 14, 0.1774) best (1, 8, 19, 0.136265)
step 1492 score (0, 7, 13, 0.149062) best (1, 8, 19, 0.136265)
step 1493 score (0, 10, 14, 0.161808) best (1, 8, 19, 0.136265)
step 1494 score (0, 7, 16, 0.196787) best (1, 8, 19, 0.136265)
step 1495 score (0, 10, 14, 0.161808) best (1, 8, 19, 0.136265)
step 1496 score (0, 9, 16, 0.186148) best (1, 8, 19, 0.136265)
step 1497 score (0, 10, 15, 0.168815) best (1, 8, 19, 0.136265)
step 1498 score (0, 5, 7, 0.108622) best (1, 8, 19, 0.136265)
step 1499 score (0, 1, 8, 0.12126) best (1, 8, 19, 0.136265)
step 1500 score (0, 3, 13, 0.163512) best (1, 8, 19, 0.136265)
step 1501 score (0, 5, 16, 0.158843) best (1, 8, 19, 0.136265)
step 1502 score (0, 8, 14, 0.165006) best (1, 8, 19, 0.136265)
step 1503 score (0, 3, 15, 0.15668) best (1, 8, 19, 0.136265)
step 1504 score (0, 8, 14, 0.165006) best (1, 8, 19, 0.136265)
step 1505 score (0, 5, 15, 0.178121) best (1, 8, 19, 0.136265)
step 1506 score (0, 3, 16, 0.164052) best (1, 8, 19, 0.136265)
step 1507 score (0, 6, 16, 0.144588) best (1, 8, 19, 0.136265)
step 1508 score (0, 6, 17, 0.157228) best (1, 8, 19, 0.136265)
step 1509 score (0, 7, 14, 0.152364) best (1, 8, 19, 0.136265)
step 1510 score (0, 7, 16, 0.159485) best (1, 8, 19, 0.136265)
step 1511 score (0, 7, 16, 0.178877) best (1, 8, 19, 0.136265)
step 1512 score (0, 5, 16, 0.185707) best (1, 8, 19, 0.136265)
step 1513 score (0, 3, 16, 0.190417) best (1, 8, 19, 0.136265)
step 1514 score (0, 8, 15, 0.16375) best (1, 8, 19, 0.136265)
step 1515 score (0, 6, 16, 0.144588) best (1, 8, 19, 0.136265)
step 1516 score (0, 1, 16, 0.138502) best (1, 8, 19, 0.136265)
step 1517 score (0, 6, 16, 0.144588) best (1, 8, 19, 0.136265)
step 1518 score (0, 8, 15, 0.16375) best (1, 8, 19, 0.136265)
step 1519 score (0, 2, 15, 0.105878) best (1, 8, 19, 0.136265)
step 1520 score (0, 4, 15, 0.153659) best (1, 8, 19, 0.136265)
step 1521 score (0, 2, 16, 0.124806) best (1, 8, 19, 0.136265)
step 1522 score (0, 2, 15, 0.123171) best (1, 8, 19, 0.136265)
step 1523 score (0, 3, 17, 0.166892) best (1, 8, 19, 0.136265)
step 1524 score (0, 5, 17, 0.180819) best (1, 8, 19, 0.136265)
step 1525 score (0, 4, 14, 0.129682) best (1, 8, 19, 0.136265)
step 1526 score (0, 1, 12, 0.128947) best (1, 8, 19, 0.136265)
step 1527 score (0, 4, 14, 0.129682) best (1, 8, 19, 0.136265)
step 1528 score (0, 6, 16, 0.167665) best (1, 8, 19, 0.136265)
step 1529 score (0, 2, 15, 0.151773) best (1, 8, 19, 0.136265)
step 1530 score (0, 7, 16, 0.15463) best (1, 8, 19, 0.136265)
step 1531 score (0, 2, 16, 0.165761) best (1, 8, 19, 0.136265)
step 1532 score (0, 2, 16, 0.160603) best (1, 8, 19, 0.136265)
step 1533 score (0, 6, 17, 0.146186) best (1, 8, 19, 0.136265)
step 1534 score (0, 6, 16, 0.141055) best (1, 8, 19, 0.136265)
step 1535 score (0, 10, 17, 0.196604) best (1, 8, 19, 0.136265)
step 1536 score (0, 8, 18, 0.207662) best (1, 8, 19, 0.136265)
step 1537 score (0, 10, 18, 0.19561) best (1, 8, 19, 0.136265)
step 1538 score (0, 10, 17, 0.174072) best (1, 8, 19, 0.136265)
step 1539 score (0, 6, 10, 0.155069) best (1, 8, 19, 0.136265)
step 1540 score (0, 13, 16, 0.191403) best (1, 8, 19, 0.136265)
step 1541 score (0, 9, 16, 0.203043) best (1, 8, 19, 0.136265)
step 1542 score (0, 14, 16, 0.180507) best (1, 8, 19, 0.136265)
step 1543 score (0, 9, 16, 0.203043) best (1, 8, 19, 0.136265)
step 1544 score (0, 8, 17, 0.194734) best (1, 8, 19, 0.136265)
step 1545 score (0, 9, 16, 0.203043) best (1, 8, 19, 0.136265)
step 1546 score (0, 7, 17, 0.192784) best (1, 8, 19, 0.136265)
step 1547 score (0, 10, 17, 0.196604) best (1, 8, 19, 0.136265)
step 1548 score (0, 9, 17, 0.185645) best (1, 8, 19, 0.136265)
step 1549 score (0, 10, 18, 0.19561) best (1, 8, 19, 0.136265)
step 1550 score (0, 8, 16, 0.169199) best (1, 8, 19, 0.136265)
step 1551 score (0, 6, 16, 0.170604) best (1, 8, 19, 0.136265)
step 1552 score (0, 6, 14, 0.144772) best (1, 8, 19, 0.136265)
step 1553 score (0, 6, 12, 0.146338) best (1, 8, 19, 0.136265)
step 1554 score (0, 8, 16, 0.169199) best (1, 8, 19, 0.136265)
step 1555 score (0, 10, 18, 0.19561) best (1, 8, 19, 0.136265)
step 1556 score (0, 8, 18, 0.207662) best (1, 8, 19, 0.136265)
step 1557 score (0, 10, 17, 0.196604) best (1, 8, 19, 0.136265)
step 1558 score (0, 9, 17, 0.185645) best (1, 8, 19, 0.136265)
step 1559 score (0, 8, 17, 0.185575) best (1, 8, 19, 0.136265)
step 1560 score (0, 13, 16, 0.191403) best (1, 8, 19, 0.136265)
step 1561 score (0, 8, 17, 0.185575) best (1, 8, 19, 0.136265)
step 1562 score (0, 7, 15, 0.155799) best (1, 8, 19, 0.136265)
step 1563 score (0, 6, 12, 0.138739) best (1, 8, 19, 0.136265)
step 1564 score (0, 7, 15, 0.155799) best (1, 8, 19, 0.136265)
step 1565 score (0, 6, 16, 0.138201) best (1, 8, 19, 0.136265)
step 1566 score (0, 7, 10, 0.137423) best (1, 8, 19, 0.136265)
step 1567 score (0, 0, 11, 0.136951) best (1, 8, 19, 0.136265)
step 1568 score (0, 6, 9, 0.164774) best (1, 8, 19, 0.136265)
step 1569 score (0, 6, 16, 0.138201) best (1, 8, 19, 0.136265)
step 1570 score (0, 7, 15, 0.155799) best (1, 8, 19, 0.136265)
step 1571 score (0, 8, 17, 0.185575) best (1, 8, 19, 0.136265)
step 1572 score (0, 9, 17, 0.185645) best (1, 8, 19, 0.136265)
step 1573 score (0, 10, 17, 0.196604) best (1, 8, 19, 0.136265)
step 1574 score (0, 8, 18, 0.207662) best (1, 8, 19, 0.136265)
step 1575 score (0, 10, 17, 0.196604) best (1, 8, 19, 0.136265)
step 1576 score (0, 9, 17, 0.185645) best (1, 8, 19, 0.136265)
step 1577 score (0, 8, 17, 0.185575) best (1, 8, 19, 0.136265)
step 1578 score (0, 13, 16, 0.191403) best (1, 8, 19, 0.136265)
step 1579 score (0, 9, 16, 0.203043) best (1, 8, 19, 0.136265)
step 1580 score (0, 6, 15, 0.125994) best (1, 8, 19, 0.136265)
step 1581 score (0, 7, 15, 0.163187) best (1, 8, 19, 0.136265)
step 1582 score (0, 8, 17, 0.194734) best (1, 8, 19, 0.136265)
step 1583 score (0, 9, 16, 0.203043) best (1, 8, 19, 0.136265)
step 1584 score (0, 14, 16, 0.180507) best (1, 8, 19, 0.136265)
step 1585 score (0, 7, 17, 0.17167) best (1, 8, 19, 0.136265)
step 1586 score (0, 10, 16, 0.149047) best (1, 8, 19, 0.136265)
step 1587 score (0, 4, 13, 0.149446) best (1, 8, 19, 0.136265)
step 1588 score (0, 9, 13, 0.130321) best (1, 8, 19, 0.136265)
step 1589 score (0, 4, 13, 0.149446) best (1, 8, 19, 0.136265)
step 1590 score (0, 10, 15, 0.17807) best (1, 8, 19, 0.136265)
step 1591 score (0, 7, 15, 0.163713) best (1, 8, 19, 0.136265)
step 1592 score (0, 14, 16, 0.180507) best (1, 8, 19, 0.136265)
step 1593 score (0, 7, 17, 0.17167) best (1, 8, 19, 0.136265)
step 1594 score (0, 7, 17, 0.192784) best (1, 8, 19, 0.136265)
step 1595 score (0, 8, 17, 0.185575) best (1, 8, 19, 0.136265)
step 1596 score (0, 9, 17, 0.185645) best (1, 8, 19, 0.136265)
step 1597 score (0, 6, 16, 0.138201) best (1, 8, 19, 0.136265)
step 1598 score (0, 6, 10, 0.111421) best (1, 8, 19, 0.136265)
step 1599 score (0, 4, 10, 0.136326) best (1, 8, 19, 0.136265)
step 1600 score (0, 7, 9, 0.126193) best (1, 8, 19, 0.136265)
step 1601 score (0, 4, 10, 0.136326) best (1, 8, 19, 0.136265)
step 1602 score (0, 6, 9, 0.164774) best (1, 8, 19, 0.136265)
step 1603 score (0, 6, 16, 0.138201) best (1, 8, 19, 0.136265)
step 1604 score (0, 9, 17, 0.185645) best (1, 8, 19, 0.136265)
step 1605 score (0, 8, 17, 0.185575) best (1, 8, 19, 0.136265)
step 1606 score (0, 13, 16, 0.191403) best (1, 8, 19, 0.136265)
step 1607 score (0, 6, 15, 0.182149) best (1, 8, 19, 0.136265)
step 1608 score (0, 3, 12, 0.161473) best (1, 8, 19, 0.136265)
step 1609 score (0, 6, 13, 0.15562) best (1, 8, 19, 0.136265)
step 1610 score (0, 8, 13, 0.154762) best (1, 8, 19, 0.136265)
step 1611 score (0, 6, 15, 0.182149) best (1, 8, 19, 0.136265)
step 1612 score (0, 13, 16, 0.191403) best (1, 8, 19, 0.136265)
step 1613 score (0, 9, 16, 0.203043) best (1, 8, 19, 0.136265)
step 1614 score (0, 14, 16, 0.180507) best (1, 8, 19, 0.136265)
step 1615 score (0, 7, 13, 0.150946) best (1, 8, 19, 0.136265)
step 1616 score (0, 14, 16, 0.180507) best (1, 8, 19, 0.136265)
step 1617 score (0, 6, 13, 0.157013) best (1, 8, 19, 0.136265)
step 1618 score (0, 7, 10, 0.147323) best (1, 8, 19, 0.136265)
step 1619 score (0, 4, 9, 0.168701) best (1, 8, 19, 0.136265)
step 1620 score (0, 4, 11, 0.147765) best (1, 8, 19, 0.136265)
step 1621 score (0, 5, 10, 0.138807) best (1, 8, 19, 0.136265)
step 1622 score (0, 6, 10, 0.113381) best (1, 8, 19, 0.136265)
step 1623 score (0, 6, 15, 0.148836) best (1, 8, 19, 0.136265)
step 1624 score (0, 2, 11, 0.107289) best (1, 8, 19, 0.136265)
step 1625 score (0, 6, 15, 0.148836) best (1, 8, 19, 0.136265)
step 1626 score (0, 6, 10, 0.113381) best (1, 8, 19, 0.136265)
step 1627 score (0, 5, 10, 0.138807) best (1, 8, 19, 0.136265)
step 1628 score (0, 6, 9, 0.147772) best (1, 8, 19, 0.136265)
step 1629 score (0, 7, 10, 0.129284) best (1, 8, 19, 0.136265)
step 1630 score (0, 0, 9, 0.124027) best (1, 8, 19, 0.136265)
step 1631 score (0, 2, 15, 0.147485) best (1, 8, 19, 0.136265)
step 1632 score (0, 10, 17, 0.174072) best (1, 8, 19, 0.136265)
step 1633 score (0, 10, 18, 0.19561) best (1, 8, 19, 0.136265)
step 1634 score (0, 10, 17, 0.174072) best (1, 8, 19, 0.136265)
step 1635 score (0, 6, 10, 0.155069) best (1, 8, 19, 0.136265)
step 1636 score (0, 7, 17, 0.181527) best (1, 8, 19, 0.136265)
step 1637 score (0, 8, 17, 0.18826) best (1, 8, 19, 0.136265)
step 1638 score (0, 13, 16, 0.191403) best (1, 8, 19, 0.136265)
step 1639 score (0, 8, 17, 0.185575) best (1, 8, 19, 0.136265)
step 1640 score (0, 9, 17, 0.185645) best (1, 8, 19, 0.136265)
step 1641 score (0, 6, 16, 0.138201) best (1, 8, 19, 0.136265)
step 1642 score (0, 7, 10, 0.137423) best (1, 8, 19, 0.136265)
step 1643 score (0, 7, 10, 0.122296) best (1, 8, 19, 0.136265)
step 1644 score (0, 8, 12, 0.143848) best (1, 8, 19, 0.136265)
step 1645 score (0, 7, 10, 0.122296) best (1, 8, 19, 0.136265)
step 1646 score (0, 5, 14, 0.102909) best (1, 8, 19, 0.136265)
step 1647 score (0, 7, 10, 0.122296) best (1, 8, 19, 0.136265)
step 1648 score (0, 8, 13, 0.139677) best (1, 8, 19, 0.136265)
step 1649 score (0, 5, 11, 0.151445) best (1, 8, 19, 0.136265)
step 1650 score (0, 7, 10, 0.129404) best (1, 8, 19, 0.136265)
step 1651 score (0, 2, 14, 0.132637) best (1, 8, 19, 0.136265)
step 1652 score (0, 5, 13, 0.127526) best (1, 8, 19, 0.136265)
step 1653 score (0, 5, 11, 0.120331) best (1, 8, 19, 0.136265)
step 1654 score (0, 4, 11, 0.140436) best (1, 8, 19, 0.136265)
step 1655 score (0, 1, 15, 0.154959) best (1, 8, 19, 0.136265)
step 1656 score (0, 1, 13, 0.113841) best (1, 8, 19, 0.136265)
step 1657 score (0, 1, 16, 0.152194) best (1, 8, 19, 0.136265)
step 1658 score (0, 5, 15, 0.145202) best (1, 8, 19, 0.136265)
step 1659 score (0, 7, 16, 0.158557) best (1, 8, 19, 0.136265)
step 1660 score (0, 12, 18, 0.177658) best (1, 8, 19, 0.136265)
step 1661 score (0, 10, 18, 0.202581) best (1, 8, 19, 0.136265)
step 1662 score (0, 14, 18, 0.187955) best (1, 8, 19, 0.136265)
step 1663 score (0, 10, 18, 0.202581) best (1, 8, 19, 0.136265)
step 1664 score (0, 14, 18, 0.187955) best (1, 8, 19, 0.136265)
step 1665 score (0, 7, 17, 0.184093) best (1, 8, 19, 0.136265)
step 1666 score (0, 14, 18, 0.187955) best (1, 8, 19, 0.136265)
step 1667 score (0, 10, 18, 0.202581) best (1, 8, 19, 0.136265)
step 1668 score (0, 8, 18, 0.211423) best (1, 8, 19, 0.136265)
step 1669 score (0, 9, 18, 0.188846) best (1, 8, 19, 0.136265)
step 1670 score (0, 14, 18, 0.164651) best (1, 8, 19, 0.136265)
step 1671 score (0, 9, 18, 0.188846) best (1, 8, 19, 0.136265)
step 1672 score (0, 12, 18, 0.177658) best (1, 8, 19, 0.136265)
step 1673 score (0, 10, 18, 0.202581) best (1, 8, 19, 0.136265)
step 1674 score (0, 14, 18, 0.187955) best (1, 8, 19, 0.136265)
step 1675 score (0, 10, 18, 0.202581) best (1, 8, 19, 0.136265)
step 1676 score (0, 12, 18, 0.177658) best (1, 8, 19, 0.136265)
step 1677 score (0, 7, 16, 0.158557) best (1, 8, 19, 0.136265)
step 1678 score (0, 12, 16, 0.179333) best (1, 8, 19, 0.136265)
step 1679 score (0, 6, 16, 0.168877) best (1, 8, 19, 0.136265)
step 1680 score (0, 5, 10, 0.14441) best (1, 8, 19, 0.136265)
step 1681 score (0, 7, 11, 0.153638) best (1, 8, 19, 0.136265)
step 1682 score (0, 5, 10, 0.14441) best (1, 8, 19, 0.136265)
step 1683 score (0, 6, 16, 0.168877) best (1, 8, 19, 0.136265)
step 1684 score (0, 8, 16, 0.175886) best (1, 8, 19, 0.136265)
step 1685 score (0, 10, 18, 0.202581) best (1, 8, 19, 0.136265)
step 1686 score (0, 14, 18, 0.187955) best (1, 8, 19, 0.136265)
step 1687 score (0, 10, 18, 0.202581) best (1, 8, 19, 0.136265)
step 1688 score (0, 12, 18, 0.177658) best (1, 8, 19, 0.136265)
step 1689 score (0, 9, 18, 0.188846) best (1, 8, 19, 0.136265)
step 1690 score (0, 14, 18, 0.164651) best (1, 8, 19, 0.136265)
step 1691 score (0, 9, 18, 0.188846) best (1, 8, 19, 0.136265)
step 1692 score (0, 8, 18, 0.211423) best (1, 8, 19, 0.136265)
step 1693 score (0, 10, 18, 0.202581) best (1, 8, 19, 0.136265)
step 1694 score (0, 14, 18, 0.187955) best (1, 8, 19, 0.136265)
step 1695 score (0, 7, 17, 0.184093) best (1, 8, 19, 0.136265)
step 1696 score (0, 14, 18, 0.187955) best (1, 8, 19, 0.136265)
step 1697 score (0, 10, 18, 0.202581) best (1, 8, 19, 0.136265)
step 1698 score (0, 12, 18, 0.177658) best (1, 8, 19, 0.136265)
step 1699 score (0, 7, 16, 0.158557) best (1, 8, 19, 0.136265)
step 1700 score (0, 9, 15, 0.178006) best (1, 8, 19, 0.136265)
step 1701 score (0, 7, 15, 0.163128) best (1, 8, 19, 0.136265)
step 1702 score (0, 5, 14, 0.138415) best (1, 8, 19, 0.136265)
step 1703 score (0, 6, 16, 0.168877) best (1, 8, 19, 0.136265)
step 1704 score (0, 7, 17, 0.166002) best (1, 8, 19, 0.136265)
step 1705 score (0, 6, 16, 0.169632) best (1, 8, 19, 0.136265)
step 1706 score (0, 9, 16, 0.167005) best (1, 8, 19, 0.136265)
step 1707 score (0, 5, 14, 0.174777) best (1, 8, 19, 0.136265)
step 1708 score (0, 9, 16, 0.167005) best (1, 8, 19, 0.136265)
step 1709 score (0, 6, 16, 0.169632) best (1, 8, 19, 0.136265)
step 1710 score (0, 6, 16, 0.148848) best (1, 8, 19, 0.136265)
step 1711 score (0, 6, 16, 0.169632) best (1, 8, 19, 0.136265)
step 1712 score (0, 7, 17, 0.166002) best (1, 8, 19, 0.136265)
step 1713 score (0, 6, 15, 0.11971) best (1, 8, 19, 0.136265)
step 1714 score (0, 6, 15, 0.123122) best (1, 8, 19, 0.136265)
step 1715 score (0, 7, 13, 0.115615) best (1, 8, 19, 0.136265)
step 1716 score (0, 6, 13, 0.12621) best (1, 8, 19, 0.136265)
step 1717 score (0, 4, 16, 0.130251) best (1, 8, 19, 0.136265)
step 1718 score (0, 6, 15, 0.123122) best (1, 8, 19, 0.136265)
step 1719 score (0, 6, 15, 0.13316) best (1, 8, 19, 0.136265)
step 1720 score (0, 1, 17, 0.17363) best (1, 8, 19, 0.136265)
step 1721 score (0, 5, 12, 0.146248) best (1, 8, 19, 0.136265)
step 1722 score (0, 1, 15, 0.159735) best (1, 8, 19, 0.136265)
step 1723 score (0, 5, 12, 0.146248) best (1, 8, 19, 0.136265)
step 1724 score (0, 5, 14, 0.141437) best (1, 8, 19, 0.136265)
step 1725 score (0, 11, 18, 0.203291) best (1, 8, 19, 0.136265)
step 1726 score (0, 11, 18, 0.197568) best (1, 8, 19, 0.136265)
step 1727 score (0, 8, 17, 0.206435) best (1, 8, 19, 0.136265)
step 1728 score (0, 10, 17, 0.19612) best (1, 8, 19, 0.136265)
step 1729 score (0, 10, 16, 0.15792) best (1, 8, 19, 0.136265)
step 1730 score (0, 10, 17, 0.19612) best (1, 8, 19, 0.136265)
step 1731 score (0, 8, 16, 0.128388) best (1, 8, 19, 0.136265)
step 1732 score (0, 7, 17, 0.186256) best (1, 8, 19, 0.136265)
step 1733 score (0, 8, 16, 0.128388) best (1, 8, 19, 0.136265)
step 1734 score (0, 10, 17, 0.19612) best (1, 8, 19, 0.136265)
step 1735 score (0, 8, 17, 0.206435) best (1, 8, 19, 0.136265)
step 1736 score (0, 11, 18, 0.197568) best (1, 8, 19, 0.136265)
step 1737 score (0, 14, 18, 0.18241) best (1, 8, 19, 0.136265)
step 1738 score (0, 8, 17, 0.179211) best (1, 8, 19, 0.136265)
step 1739 score (0, 7, 17, 0.181804) best (1, 8, 19, 0.136265)
step 1740 score (0, 13, 18, 0.18884) best (1, 8, 19, 0.136265)
step 1741 score (0, 5, 15, 0.151903) best (1, 8, 19, 0.136265)
step 1742 score (0, 6, 16, 0.169455) best (1, 8, 19, 0.136265)
step 1743 score (0, 8, 11, 0.14379) best (1, 8, 19, 0.136265)
step 1744 score (0, 6, 16, 0.169455) best (1, 8, 19, 0.136265)
step 1745 score (0, 11, 18, 0.203291) best (1, 8, 19, 0.136265)
step 1746 score (0, 13, 18, 0.18884) best (1, 8, 19, 0.136265)
step 1747 score (0, 14, 18, 0.18241) best (1, 8, 19, 0.136265)
step 1748 score (0, 10, 17, 0.19612) best (1, 8, 19, 0.136265)
step 1749 score (0, 8, 16, 0.128388) best (1, 8, 19, 0.136265)
step 1750 score (0, 2, 11, 0.115636) best (1, 8, 19, 0.136265)
step 1751 score (0, 9, 9, 0.12869) best (1, 8, 19, 0.136265)
step 1752 score (0, 6, 10, 0.150898) best (1, 8, 19, 0.136265)
step 1753 score (0, 5, 9, 0.162405) best (1, 8, 19, 0.136265)
step 1754 score (0, 7, 10, 0.143636) best (1, 8, 19, 0.136265)
step 1755 score (0, 6, 12, 0.154162) best (1, 8, 19, 0.136265)
step 1756 score (0, 5, 11, 0.121099) best (1, 8, 19, 0.136265)
step 1757 score (0, 3, 10, 0.137526) best (1, 8, 19, 0.136265)
step 1758 score (0, 5, 11, 0.121099) best (1, 8, 19, 0.136265)
step 1759 score (0, 9, 12, 0.13732) best (1, 8, 19, 0.136265)
step 1760 score (0, 5, 11, 0.121099) best (1, 8, 19, 0.136265)
step 1761 score (0, 6, 12, 0.154162) best (1, 8, 19, 0.136265)
step 1762 score (0, 5, 11, 0.121099) best (1, 8, 19, 0.136265)
step 1763 score (0, 4, 9, 0.118388) best (1, 8, 19, 0.136265)
step 1764 score (0, 0, 9, 0.120811) best (1, 8, 19, 0.136265)
step 1765 score (0, 4, 9, 0.118388) best (1, 8, 19, 0.136265)
step 1766 score (0, 5, 15, 0.119919) best (1, 8, 19, 0.136265)
step 1767 score (0, 9, 16, 0.135807) best (1, 8, 19, 0.136265)
step 1768 score (0, 5, 16, 0.184789) best (1, 8, 19, 0.136265)
step 1769 score (0, 9, 16, 0.135807) best (1, 8, 19, 0.136265)
step 1770 score (0, 10, 16, 0.130814) best (1, 8, 19, 0.136265)
step 1771 score (0, 9, 16, 0.135807) best (1, 8, 19, 0.136265)
step 1772 score (0, 3, 16, 0.145952) best (1, 8, 19, 0.136265)
step 1773 score (0, 5, 14, 0.156717) best (1, 8, 19, 0.136265)
step 1774 score (0, 5, 17, 0.198166) best (1, 8, 19, 0.136265)
step 1775 score (0, 5, 14, 0.156717) best (1, 8, 19, 0.136265)
step 1776 score (0, 4, 12, 0.14019) best (1, 8, 19, 0.136265)
step 1777 score (0, 5, 14, 0.156717) best (1, 8, 19, 0.136265)
step 1778 score (0, 3, 16, 0.145952) best (1, 8, 19, 0.136265)
step 1779 score (0, 5, 14, 0.156717) best (1, 8, 19, 0.136265)
step 1780 score (0, 5, 16, 0.184789) best (1, 8, 19, 0.136265)
step 1781 score (0, 3, 15, 0.161592) best (1, 8, 19, 0.136265)
step 1782 score (0, 8, 17, 0.170413) best (1, 8, 19, 0.136265)
step 1783 score (0, 6, 17, 0.149379) best (1, 8, 19, 0.136265)
step 1784 score (0, 3, 17, 0.163611) best (1, 8, 19, 0.136265)
step 1785 score (0, 7, 17, 0.180971) best (1, 8, 19, 0.136265)
step 1786 score (0, 11, 17, 0.129503) best (1, 8, 19, 0.136265)
step 1787 score (0, 7, 16, 0.185491) best (1, 8, 19, 0.136265)
step 1788 score (0, 4, 13, 0.14941) best (1, 8, 19, 0.136265)
step 1789 score (0, 8, 17, 0.201717) best (1, 8, 19, 0.136265)
step 1790 score (0, 12, 17, 0.188374) best (1, 8, 19, 0.136265)
step 1791 score (0, 11, 17, 0.181505) best (1, 8, 19, 0.136265)
step 1792 score (0, 5, 11, 0.1348) best (1, 8, 19, 0.136265)
step 1793 score (0, 4, 9, 0.126631) best (1, 8, 19, 0.136265)
step 1794 score (0, 8, 13, 0.106763) best (1, 8, 19, 0.136265)
step 1795 score (0, 4, 8, 0.122677) best (1, 8, 19, 0.136265)
step 1796 score (0, 5, 7, 0.122617) best (1, 8, 19, 0.136265)
step 1797 score (0, 6, 13, 0.139851) best (1, 8, 19, 0.136265)
step 1798 score (0, 5, 9, 0.117063) best (1, 8, 19, 0.136265)
step 1799 score (0, 6, 11, 0.122503) best (1, 8, 19, 0.136265)
step 1800 score (0, 5, 9, 0.117063) best (1, 8, 19, 0.136265)
step 1801 score (0, 0, 8, 0.114156) best (1, 8, 19, 0.136265)
step 1802 score (0, 4, 12, 0.138861) best (1, 8, 19, 0.136265)
step 1803 score (0, 4, 11, 0.134624) best (1, 8, 19, 0.136265)
step 1804 score (0, 4, 10, 0.114566) best (1, 8, 19, 0.136265)
step 1805 score (0, 4, 11, 0.134624) best (1, 8, 19, 0.136265)
step 1806 score (0, 1, 10, 0.121154) best (1, 8, 19, 0.136265)
step 1807 score (0, 4, 11, 0.134624) best (1, 8, 19, 0.136265)
step 1808 score (0, 4, 12, 0.138861) best (1, 8, 19, 0.136265)
step 1809 score (0, 1, 9, 0.144024) best (1, 8, 19, 0.136265)
step 1810 score (0, 1, 12, 0.120818) best (1, 8, 19, 0.136265)
step 1811 score (0, 0, 11, 0.127975) best (1, 8, 19, 0.136265)
step 1812 score (0, 0, 11, 0.141708) best (1, 8, 19, 0.136265)
step 1813 score (0, 0, 11, 0.123826) best (1, 8, 19, 0.136265)
step 1814 score (0, 2, 11, 0.108793) best (1, 8, 19, 0.136265)
step 1815 score (0, 0, 9, 0.118183) best (1, 8, 19, 0.136265)
step 1816 score (0, 0, 13, 0.132258) best (1, 8, 19, 0.136265)
step 1817 score (0, 0, 13, 0.118574) best (1, 8, 19, 0.136265)
step 1818 score (0, 2, 11, 0.092375) best (1, 8, 19, 0.136265)
step 1819 score (0, 4, 16, 0.127545) best (1, 8, 19, 0.136265)
step 1820 score (0, 3, 13, 0.147641) best (1, 8, 19, 0.136265)
step 1821 score (0, 4, 16, 0.127545) best (1, 8, 19, 0.136265)
step 1822 score (0, 3, 15, 0.138918) best (1, 8, 19, 0.136265)
step 1823 score (0, 4, 16, 0.127545) best (1, 8, 19, 0.136265)
step 1824 score (0, 3, 13, 0.147641) best (1, 8, 19, 0.136265)
step 1825 score (0, 0, 16, 0.152898) best (1, 8, 19, 0.136265)
step 1826 score (0, 2, 14, 0.145567) best (1, 8, 19, 0.136265)
step 1827 score (0, 1, 11, 0.13694) best (1, 8, 19, 0.136265)
step 1828 score (0, 7, 17, 0.150562) best (1, 8, 19, 0.136265)
step 1829 score (0, 9, 10, 0.149627) best (1, 8, 19, 0.136265)
step 1830 score (0, 9, 9, 0.162509) best (1, 8, 19, 0.136265)
step 1831 score (0, 5, 8, 0.154944) best (1, 8, 19, 0.136265)
step 1832 score (0, 5, 10, 0.11299) best (1, 8, 19, 0.136265)
step 1833 score (0, 5, 13, 0.125611) best (1, 8, 19, 0.136265)
step 1834 score (0, 0, 14, 0.117129) best (1, 8, 19, 0.136265)
step 1835 score (0, 5, 12, 0.124552) best (1, 8, 19, 0.136265)
step 1836 score (0, 5, 15, 0.149892) best (1, 8, 19, 0.136265)
step 1837 score (0, 9, 17, 0.185645) best (1, 8, 19, 0.136265)
step 1838 score (0, 10, 18, 0.19561) best (1, 8, 19, 0.136265)
step 1839 score (0, 9, 17, 0.185645) best (1, 8, 19, 0.136265)
step 1840 score (0, 10, 17, 0.196604) best (1, 8, 19, 0.136265)
step 1841 score (0, 9, 17, 0.185645) best (1, 8, 19, 0.136265)
step 1842 score (0, 10, 18, 0.19561) best (1, 8, 19, 0.136265)
step 1843 score (0, 8, 16, 0.169199) best (1, 8, 19, 0.136265)
step 1844 score (0, 6, 16, 0.170604) best (1, 8, 19, 0.136265)
step 1845 score (0, 3, 17, 0.148362) best (1, 8, 19, 0.136265)
step 1846 score (0, 8, 14, 0.134797) best (1, 8, 19, 0.136265)
step 1847 score (0, 7, 11, 0.16273) best (1, 8, 19, 0.136265)
step 1848 score (0, 5, 16, 0.168972) best (1, 8, 19, 0.136265)
step 1849 score (0, 8, 16, 0.176859) best (1, 8, 19, 0.136265)
step 1850 score (0, 2, 16, 0.137902) best (1, 8, 19, 0.136265)
step 1851 score (0, 3, 15, 0.118371) best (1, 8, 19, 0.136265)
step 1852 score (0, 2, 16, 0.137902) best (1, 8, 19, 0.136265)
step 1853 score (0, 4, 17, 0.167962) best (1, 8, 19, 0.136265)
step 1854 score (0, 11, 17, 0.188919) best (1, 8, 19, 0.136265)
step 1855 score (0, 10, 17, 0.187073) best (1, 8, 19, 0.136265)
step 1856 score (0, 9, 17, 0.184593) best (1, 8, 19, 0.136265)
step 1857 score (0, 5, 12, 0.157971) best (1, 8, 19, 0.136265)
step 1858 score (0, 5, 13, 0.18575) best (1, 8, 19, 0.136265)
step 1859 score (0, 4, 15, 0.137065) best (1, 8, 19, 0.136265)
step 1860 score (0, 9, 17, 0.132017) best (1, 8, 19, 0.136265)
CERTIFICATE 2b4c6ef9dde9f5cb
step 1861 score (1, 7, 16, 0.113256) best (1, 8, 19, 0.136265)
CERTIFICATE 96bf82bbbd639392
step 1862 score (1, 7, 10, 0.102934) best (1, 8, 19, 0.136265)
step 1863 score (0, 7, 10, 0.103997) best (1, 8, 19, 0.136265)
CERTIFICATE 7b21f8f473ded6f6
step 1864 score (1, 7, 10, 0.102934) best (1, 8, 19, 0.136265)
CERTIFICATE 224251cbda439b69
step 1865 score (1, 7, 16, 0.113256) best (1, 8, 19, 0.136265)
step 1866 score (0, 5, 16, 0.139591) best (1, 8, 19, 0.136265)
step 1867 score (0, 4, 13, 0.145745) best (1, 8, 19, 0.136265)
step 1868 score (0, 7, 14, 0.139661) best (1, 8, 19, 0.136265)
step 1869 score (0, 9, 13, 0.13677) best (1, 8, 19, 0.136265)
step 1870 score (0, 7, 14, 0.139661) best (1, 8, 19, 0.136265)
step 1871 score (0, 6, 10, 0.14751) best (1, 8, 19, 0.136265)
step 1872 score (0, 8, 10, 0.145573) best (1, 8, 19, 0.136265)
step 1873 score (0, 6, 10, 0.14751) best (1, 8, 19, 0.136265)
step 1874 score (0, 5, 10, 0.136804) best (1, 8, 19, 0.136265)
step 1875 score (0, 3, 10, 0.1546) best (1, 8, 19, 0.136265)
step 1876 score (0, 8, 17, 0.177688) best (1, 8, 19, 0.136265)
step 1877 score (0, 9, 17, 0.176882) best (1, 8, 19, 0.136265)
step 1878 score (0, 8, 18, 0.193587) best (1, 8, 19, 0.136265)
step 1879 score (0, 9, 17, 0.176882) best (1, 8, 19, 0.136265)
step 1880 score (0, 8, 16, 0.169518) best (1, 8, 19, 0.136265)
step 1881 score (0, 6, 9, 0.139332) best (1, 8, 19, 0.136265)
step 1882 score (0, 4, 11, 0.166055) best (1, 8, 19, 0.136265)
step 1883 score (0, 8, 10, 0.140785) best (1, 8, 19, 0.136265)
step 1884 score (0, 5, 16, 0.18321) best (1, 8, 19, 0.136265)
step 1885 score (0, 9, 17, 0.189377) best (1, 8, 19, 0.136265)
step 1886 score (0, 8, 18, 0.193587) best (1, 8, 19, 0.136265)
step 1887 score (0, 9, 17, 0.176882) best (1, 8, 19, 0.136265)
step 1888 score (0, 8, 17, 0.177688) best (1, 8, 19, 0.136265)
step 1889 score (0, 4, 12, 0.138722) best (1, 8, 19, 0.136265)
step 1890 score (0, 2, 17, 0.157507) best (1, 8, 19, 0.136265)
step 1891 score (0, 7, 14, 0.154506) best (1, 8, 19, 0.136265)
step 1892 score (0, 9, 17, 0.191811) best (1, 8, 19, 0.136265)
step 1893 score (0, 6, 10, 0.163099) best (1, 8, 19, 0.136265)
step 1894 score (0, 9, 17, 0.184593) best (1, 8, 19, 0.136265)
step 1895 score (0, 6, 10, 0.163099) best (1, 8, 19, 0.136265)
step 1896 score (0, 9, 17, 0.191811) best (1, 8, 19, 0.136265)
step 1897 score (0, 5, 14, 0.139008) best (1, 8, 19, 0.136265)
step 1898 score (0, 6, 15, 0.114581) best (1, 8, 19, 0.136265)
step 1899 score (0, 5, 9, 0.127362) best (1, 8, 19, 0.136265)
step 1900 score (0, 5, 15, 0.157541) best (1, 8, 19, 0.136265)
step 1901 score (0, 6, 15, 0.157642) best (1, 8, 19, 0.136265)
step 1902 score (0, 7, 17, 0.180799) best (1, 8, 19, 0.136265)
step 1903 score (0, 14, 16, 0.197437) best (1, 8, 19, 0.136265)
step 1904 score (0, 11, 16, 0.202189) best (1, 8, 19, 0.136265)
step 1905 score (0, 10, 17, 0.187073) best (1, 8, 19, 0.136265)
step 1906 score (0, 9, 17, 0.184593) best (1, 8, 19, 0.136265)
step 1907 score (0, 7, 17, 0.179723) best (1, 8, 19, 0.136265)
step 1908 score (0, 11, 17, 0.188919) best (1, 8, 19, 0.136265)
step 1909 score (0, 9, 15, 0.145687) best (1, 8, 19, 0.136265)
step 1910 score (0, 0, 16, 0.162458) best (1, 8, 19, 0.136265)
step 1911 score (0, 9, 15, 0.145687) best (1, 8, 19, 0.136265)
step 1912 score (0, 3, 15, 0.149313) best (1, 8, 19, 0.136265)
step 1913 score (0, 7, 17, 0.179723) best (1, 8, 19, 0.136265)
step 1914 score (0, 9, 17, 0.184593) best (1, 8, 19, 0.136265)
step 1915 score (0, 6, 10, 0.163099) best (1, 8, 19, 0.136265)
step 1916 score (0, 11, 16, 0.202189) best (1, 8, 19, 0.136265)
step 1917 score (0, 10, 17, 0.187073) best (1, 8, 19, 0.136265)
step 1918 score (0, 5, 9, 0.163958) best (1, 8, 19, 0.136265)
step 1919 score (0, 4, 13, 0.167255) best (1, 8, 19, 0.136265)
step 1920 score (0, 6, 10, 0.149164) best (1, 8, 19, 0.136265)
step 1921 score (0, 6, 12, 0.174109) best (1, 8, 19, 0.136265)
step 1922 score (0, 11, 16, 0.202189) best (1, 8, 19, 0.136265)
step 1923 score (0, 10, 17, 0.187073) best (1, 8, 19, 0.136265)
step 1924 score (0, 11, 17, 0.188919) best (1, 8, 19, 0.136265)
step 1925 score (0, 7, 17, 0.179723) best (1, 8, 19, 0.136265)
step 1926 score (0, 9, 17, 0.184593) best (1, 8, 19, 0.136265)
step 1927 score (0, 6, 10, 0.163099) best (1, 8, 19, 0.136265)
step 1928 score (0, 9, 17, 0.191811) best (1, 8, 19, 0.136265)
step 1929 score (0, 8, 18, 0.197002) best (1, 8, 19, 0.136265)
step 1930 score (0, 8, 17, 0.177688) best (1, 8, 19, 0.136265)
step 1931 score (0, 9, 17, 0.176882) best (1, 8, 19, 0.136265)
step 1932 score (0, 8, 18, 0.193587) best (1, 8, 19, 0.136265)
step 1933 score (0, 7, 17, 0.19564) best (1, 8, 19, 0.136265)
step 1934 score (0, 8, 16, 0.169518) best (1, 8, 19, 0.136265)
step 1935 score (0, 6, 14, 0.146671) best (1, 8, 19, 0.136265)
step 1936 score (0, 5, 16, 0.18231) best (1, 8, 19, 0.136265)
CERTIFICATE 82ba08fa337a635f
step 1937 score (1, 4, 15, 0.16329) best (1, 8, 19, 0.136265)
step 1938 score (0, 4, 15, 0.176563) best (1, 8, 19, 0.136265)
CERTIFICATE fb578094a6e99490
step 1939 score (1, 4, 15, 0.16329) best (1, 8, 19, 0.136265)
step 1940 score (0, 1, 13, 0.156614) best (1, 8, 19, 0.136265)
CERTIFICATE dd7f50328d7bc233
step 1941 score (1, 4, 15, 0.16329) best (1, 8, 19, 0.136265)
step 1942 score (0, 7, 12, 0.142047) best (1, 8, 19, 0.136265)
step 1943 score (0, 0, 13, 0.120911) best (1, 8, 19, 0.136265)
step 1944 score (0, 7, 12, 0.142047) best (1, 8, 19, 0.136265)
step 1945 score (0, 0, 11, 0.146395) best (1, 8, 19, 0.136265)
step 1946 score (0, 0, 16, 0.150542) best (1, 8, 19, 0.136265)
step 1947 score (0, 6, 17, 0.205579) best (1, 8, 19, 0.136265)
step 1948 score (0, 9, 17, 0.192776) best (1, 8, 19, 0.136265)
step 1949 score (0, 6, 16, 0.159252) best (1, 8, 19, 0.136265)
step 1950 score (0, 4, 14, 0.15741) best (1, 8, 19, 0.136265)
step 1951 score (0, 5, 16, 0.196127) best (1, 8, 19, 0.136265)
step 1952 score (0, 6, 17, 0.199479) best (1, 8, 19, 0.136265)
step 1953 score (0, 6, 16, 0.164577) best (1, 8, 19, 0.136265)
step 1954 score (0, 9, 10, 0.131283) best (1, 8, 19, 0.136265)
step 1955 score (0, 7, 10, 0.148169) best (1, 8, 19, 0.136265)
step 1956 score (0, 5, 10, 0.146417) best (1, 8, 19, 0.136265)
step 1957 score (0, 7, 8, 0.142473) best (1, 8, 19, 0.136265)
step 1958 score (0, 3, 15, 0.119422) best (1, 8, 19, 0.136265)
step 1959 score (0, 5, 9, 0.117215) best (1, 8, 19, 0.136265)
step 1960 score (0, 3, 15, 0.119422) best (1, 8, 19, 0.136265)
step 1961 score (0, 3, 12, 0.129161) best (1, 8, 19, 0.136265)
step 1962 score (0, 2, 15, 0.149525) best (1, 8, 19, 0.136265)
step 1963 score (0, 2, 16, 0.12692) best (1, 8, 19, 0.136265)
CERTIFICATE 56c177fd18c430cc
step 1964 score (1, 4, 16, 0.128788) best (1, 8, 19, 0.136265)
step 1965 score (0, 4, 16, 0.113056) best (1, 8, 19, 0.136265)
step 1966 score (0, 10, 16, 0.150803) best (1, 8, 19, 0.136265)
step 1967 score (0, 7, 13, 0.137731) best (1, 8, 19, 0.136265)
step 1968 score (0, 10, 16, 0.150803) best (1, 8, 19, 0.136265)
step 1969 score (0, 4, 16, 0.113056) best (1, 8, 19, 0.136265)
step 1970 score (0, 10, 16, 0.150803) best (1, 8, 19, 0.136265)
step 1971 score (0, 5, 14, 0.145681) best (1, 8, 19, 0.136265)
step 1972 score (0, 10, 16, 0.150803) best (1, 8, 19, 0.136265)
step 1973 score (0, 5, 12, 0.126022) best (1, 8, 19, 0.136265)
step 1974 score (0, 1, 12, 0.136857) best (1, 8, 19, 0.136265)
step 1975 score (0, 0, 13, 0.140272) best (1, 8, 19, 0.136265)
step 1976 score (0, 1, 12, 0.143371) best (1, 8, 19, 0.136265)
step 1977 score (0, 2, 15, 0.153942) best (1, 8, 19, 0.136265)
step 1978 score (0, 2, 14, 0.128201) best (1, 8, 19, 0.136265)
step 1979 score (0, 2, 15, 0.153942) best (1, 8, 19, 0.136265)
step 1980 score (0, 3, 11, 0.134733) best (1, 8, 19, 0.136265)
step 1981 score (0, 4, 9, 0.13727) best (1, 8, 19, 0.136265)
step 1982 score (0, 6, 10, 0.11394) best (1, 8, 19, 0.136265)
step 1983 score (0, 6, 15, 0.162797) best (1, 8, 19, 0.136265)
step 1984 score (0, 11, 16, 0.202189) best (1, 8, 19, 0.136265)
step 1985 score (0, 10, 17, 0.187073) best (1, 8, 19, 0.136265)
step 1986 score (0, 9, 17, 0.184593) best (1, 8, 19, 0.136265)
step 1987 score (0, 5, 12, 0.157971) best (1, 8, 19, 0.136265)
step 1988 score (0, 5, 10, 0.154387) best (1, 8, 19, 0.136265)
step 1989 score (0, 5, 9, 0.105356) best (1, 8, 19, 0.136265)
step 1990 score (0, 5, 10, 0.117163) best (1, 8, 19, 0.136265)
step 1991 score (0, 8, 10, 0.172756) best (1, 8, 19, 0.136265)
step 1992 score (0, 10, 11, 0.147475) best (1, 8, 19, 0.136265)
step 1993 score (0, 10, 11, 0.098643) best (1, 8, 19, 0.136265)
step 1994 score (0, 10, 11, 0.147475) best (1, 8, 19, 0.136265)
step 1995 score (0, 10, 10, 0.186751) best (1, 8, 19, 0.136265)
step 1996 score (0, 10, 11, 0.147475) best (1, 8, 19, 0.136265)
step 1997 score (0, 10, 11, 0.098643) best (1, 8, 19, 0.136265)
step 1998 score (0, 9, 10, 0.123509) best (1, 8, 19, 0.136265)
step 1999 score (0, 10, 11, 0.098643) best (1, 8, 19, 0.136265)
step 2000 score (0, 10, 11, 0.147475) best (1, 8, 19, 0.136265)
step 2001 score (0, 10, 10, 0.186751) best (1, 8, 19, 0.136265)
step 2002 score (0, 10, 11, 0.147475) best (1, 8, 19, 0.136265)
step 2003 score (0, 10, 10, 0.186751) best (1, 8, 19, 0.136265)
step 2004 score (0, 10, 10, 0.205578) best (1, 8, 19, 0.136265)
step 2005 score (0, 10, 11, 0.139799) best (1, 8, 19, 0.136265)
step 2006 score (0, 10, 10, 0.205578) best (1, 8, 19, 0.136265)
step 2007 score (0, 10, 10, 0.186751) best (1, 8, 19, 0.136265)
step 2008 score (0, 10, 11, 0.147475) best (1, 8, 19, 0.136265)
step 2009 score (0, 10, 11, 0.098643) best (1, 8, 19, 0.136265)
step 2010 score (0, 10, 11, 0.147475) best (1, 8, 19, 0.136265)
step 2011 score (0, 10, 10, 0.186751) best (1, 8, 19, 0.136265)
step 2012 score (0, 10, 10, 0.205578) best (1, 8, 19, 0.136265)
step 2013 score (0, 10, 11, 0.139799) best (1, 8, 19, 0.136265)
step 2014 score (0, 10, 10, 0.205578) best (1, 8, 19, 0.136265)
step 2015 score (0, 10, 10, 0.186751) best (1, 8, 19, 0.136265)
step 2016 score (0, 10, 11, 0.147475) best (1, 8, 19, 0.136265)
step 2017 score (0, 10, 11, 0.098643) best (1, 8, 19, 0.136265)
step 2018 score (0, 9, 10, 0.123509) best (1, 8, 19, 0.136265)
step 2019 score (0, 5, 10, 0.115889) best (1, 8, 19, 0.136265)
step 2020 score (0, 9, 10, 0.124568) best (1, 8, 19, 0.136265)
step 2021 score (0, 8, 9, 0.137569) best (1, 8, 19, 0.136265)
step 2022 score (0, 9, 10, 0.124568) best (1, 8, 19, 0.136265)
step 2023 score (0, 7, 9, 0.137569) best (1, 8, 19, 0.136265)
step 2024 score (0, 8, 9, 0.159656) best (1, 8, 19, 0.136265)
step 2025 score (0, 4, 9, 0.174482) best (1, 8, 19, 0.136265)
step 2026 score (0, 4, 9, 0.154712) best (1, 8, 19, 0.136265)
step 2027 score (0, 9, 10, 0.139462) best (1, 8, 19, 0.136265)
step 2028 score (0, 9, 10, 0.162518) best (1, 8, 19, 0.136265)
step 2029 score (0, 5, 9, 0.113827) best (1, 8, 19, 0.136265)
step 2030 score (0, 8, 10, 0.162561) best (1, 8, 19, 0.136265)
step 2031 score (0, 5, 10, 0.154545) best (1, 8, 19, 0.136265)
step 2032 score (0, 2, 10, 0.114986) best (1, 8, 19, 0.136265)
step 2033 score (0, 5, 10, 0.154545) best (1, 8, 19, 0.136265)
step 2034 score (0, 8, 10, 0.162561) best (1, 8, 19, 0.136265)
step 2035 score (0, 5, 10, 0.154545) best (1, 8, 19, 0.136265)
step 2036 score (0, 10, 10, 0.141201) best (1, 8, 19, 0.136265)
step 2037 score (0, 7, 10, 0.131009) best (1, 8, 19, 0.136265)
step 2038 score (0, 6, 10, 0.175467) best (1, 8, 19, 0.136265)
step 2039 score (0, 9, 9, 0.152166) best (1, 8, 19, 0.136265)
step 2040 score (0, 4, 11, 0.140405) best (1, 8, 19, 0.136265)
step 2041 score (0, 9, 9, 0.152166) best (1, 8, 19, 0.136265)
step 2042 score (0, 4, 8, 0.136035) best (1, 8, 19, 0.136265)
step 2043 score (0, 2, 14, 0.151567) best (1, 8, 19, 0.136265)
step 2044 score (0, 4, 8, 0.136035) best (1, 8, 19, 0.136265)
step 2045 score (0, 5, 8, 0.134154) best (1, 8, 19, 0.136265)
step 2046 score (0, 4, 15, 0.160495) best (1, 8, 19, 0.136265)
step 2047 score (0, 9, 17, 0.182472) best (1, 8, 19, 0.136265)
step 2048 score (0, 4, 16, 0.181238) best (1, 8, 19, 0.136265)
step 2049 score (0, 10, 17, 0.186385) best (1, 8, 19, 0.136265)
step 2050 score (0, 6, 14, 0.136396) best (1, 8, 19, 0.136265)
step 2051 score (0, 10, 17, 0.186385) best (1, 8, 19, 0.136265)
step 2052 score (0, 4, 16, 0.181238) best (1, 8, 19, 0.136265)
step 2053 score (0, 8, 14, 0.145466) best (1, 8, 19, 0.136265)
step 2054 score (0, 3, 11, 0.108246) best (1, 8, 19, 0.136265)
step 2055 score (0, 4, 9, 0.114986) best (1, 8, 19, 0.136265)
step 2056 score (0, 2, 9, 0.094825) best (1, 8, 19, 0.136265)
step 2057 score (0, 5, 12, 0.127609) best (1, 8, 19, 0.136265)
step 2058 score (0, 1, 10, 0.135431) best (1, 8, 19, 0.136265)
step 2059 score (0, 1, 13, 0.141119) best (1, 8, 19, 0.136265)
step 2060 score (0, 2, 14, 0.141893) best (1, 8, 19, 0.136265)
step 2061 score (0, 7, 10, 0.13758) best (1, 8, 19, 0.136265)
step 2062 score (0, 2, 14, 0.141893) best (1, 8, 19, 0.136265)
step 2063 score (0, 8, 17, 0.168598) best (1, 8, 19, 0.136265)
step 2064 score (0, 7, 13, 0.15261) best (1, 8, 19, 0.136265)
step 2065 score (0, 4, 13, 0.14434) best (1, 8, 19, 0.136265)
step 2066 score (0, 4, 13, 0.115183) best (1, 8, 19, 0.136265)
step 2067 score (0, 8, 16, 0.159308) best (1, 8, 19, 0.136265)
step 2068 score (0, 5, 17, 0.149415) best (1, 8, 19, 0.136265)
CERTIFICATE 1fa9cf9be2c6e818
step 2069 score (1, 4, 16, 0.128759) best (1, 8, 19, 0.136265)
step 2070 score (0, 4, 16, 0.162083) best (1, 8, 19, 0.136265)
CERTIFICATE bc7e6468259c84df
step 2071 score (1, 4, 16, 0.128759) best (1, 8, 19, 0.136265)
step 2072 score (0, 5, 17, 0.149415) best (1, 8, 19, 0.136265)
CERTIFICATE 0b19c0978cf176f7
step 2073 score (1, 4, 16, 0.129307) best (1, 8, 19, 0.136265)
step 2074 score (0, 2, 13, 0.117769) best (1, 8, 19, 0.136265)
CERTIFICATE cf9493e0bbd7d72a
step 2075 score (1, 4, 16, 0.129307) best (1, 8, 19, 0.136265)
step 2076 score (0, 2, 12, 0.115408) best (1, 8, 19, 0.136265)
step 2077 score (0, 6, 12, 0.118628) best (1, 8, 19, 0.136265)
step 2078 score (0, 8, 16, 0.146681) best (1, 8, 19, 0.136265)
step 2079 score (0, 5, 13, 0.16769) best (1, 8, 19, 0.136265)
step 2080 score (0, 5, 11, 0.134952) best (1, 8, 19, 0.136265)
step 2081 score (0, 5, 13, 0.16769) best (1, 8, 19, 0.136265)
step 2082 score (0, 8, 16, 0.146681) best (1, 8, 19, 0.136265)
step 2083 score (0, 3, 15, 0.149182) best (1, 8, 19, 0.136265)
step 2084 score (0, 6, 9, 0.143676) best (1, 8, 19, 0.136265)
step 2085 score (0, 8, 9, 0.134995) best (1, 8, 19, 0.136265)
step 2086 score (0, 5, 9, 0.16103) best (1, 8, 19, 0.136265)
step 2087 score (0, 6, 9, 0.160332) best (1, 8, 19, 0.136265)
step 2088 score (0, 7, 17, 0.181804) best (1, 8, 19, 0.136265)
step 2089 score (0, 13, 18, 0.18884) best (1, 8, 19, 0.136265)
step 2090 score (0, 14, 18, 0.18241) best (1, 8, 19, 0.136265)
step 2091 score (0, 11, 18, 0.197568) best (1, 8, 19, 0.136265)
step 2092 score (0, 14, 18, 0.171685) best (1, 8, 19, 0.136265)
step 2093 score (0, 11, 16, 0.173086) best (1, 8, 19, 0.136265)
step 2094 score (0, 14, 18, 0.171685) best (1, 8, 19, 0.136265)
step 2095 score (0, 11, 18, 0.197568) best (1, 8, 19, 0.136265)
step 2096 score (0, 14, 18, 0.18241) best (1, 8, 19, 0.136265)
step 2097 score (0, 10, 17, 0.19612) best (1, 8, 19, 0.136265)
step 2098 score (0, 10, 16, 0.15792) best (1, 8, 19, 0.136265)
step 2099 score (0, 9, 16, 0.178756) best (1, 8, 19, 0.136265)
step 2100 score (0, 7, 16, 0.189316) best (1, 8, 19, 0.136265)
step 2101 score (0, 5, 16, 0.116911) best (1, 8, 19, 0.136265)
step 2102 score (0, 7, 16, 0.189316) best (1, 8, 19, 0.136265)
step 2103 score (0, 5, 16, 0.166324) best (1, 8, 19, 0.136265)
step 2104 score (0, 7, 17, 0.146524) best (1, 8, 19, 0.136265)
step 2105 score (0, 5, 15, 0.14706) best (1, 8, 19, 0.136265)
step 2106 score (0, 3, 16, 0.138802) best (1, 8, 19, 0.136265)
step 2107 score (0, 7, 14, 0.138389) best (1, 8, 19, 0.136265)
step 2108 score (0, 4, 14, 0.145026) best (1, 8, 19, 0.136265)
step 2109 score (0, 4, 16, 0.162465) best (1, 8, 19, 0.136265)
step 2110 score (0, 2, 12, 0.145426) best (1, 8, 19, 0.136265)
step 2111 score (0, 2, 14, 0.129965) best (1, 8, 19, 0.136265)
step 2112 score (0, 2, 9, 0.122111) best (1, 8, 19, 0.136265)
step 2113 score (0, 5, 11, 0.111084) best (1, 8, 19, 0.136265)
step 2114 score (0, 2, 14, 0.093764) best (1, 8, 19, 0.136265)
step 2115 score (0, 5, 11, 0.111084) best (1, 8, 19, 0.136265)
step 2116 score (0, 2, 13, 0.142241) best (1, 8, 19, 0.136265)
step 2117 score (0, 5, 11, 0.111084) best (1, 8, 19, 0.136265)
step 2118 score (0, 2, 14, 0.093764) best (1, 8, 19, 0.136265)
step 2119 score (0, 0, 14, 0.11441) best (1, 8, 19, 0.136265)
step 2120 score (0, 2, 12, 0.115101) best (1, 8, 19, 0.136265)
step 2121 score (0, 2, 10, 0.108307) best (1, 8, 19, 0.136265)
step 2122 score (0, 5, 15, 0.120761) best (1, 8, 19, 0.136265)
step 2123 score (0, 2, 15, 0.107848) best (1, 8, 19, 0.136265)
step 2124 score (0, 5, 15, 0.120761) best (1, 8, 19, 0.136265)
step 2125 score (0, 2, 10, 0.108307) best (1, 8, 19, 0.136265)
step 2126 score (0, 4, 9, 0.126203) best (1, 8, 19, 0.136265)
step 2127 score (0, 4, 11, 0.141109) best (1, 8, 19, 0.136265)
step 2128 score (0, 1, 15, 0.147353) best (1, 8, 19, 0.136265)
step 2129 score (0, 1, 11, 0.144527) best (1, 8, 19, 0.136265)
step 2130 score (0, 3, 17, 0.166438) best (1, 8, 19, 0.136265)
step 2131 score (0, 1, 15, 0.162106) best (1, 8, 19, 0.136265)
step 2132 score (0, 1, 12, 0.146401) best (1, 8, 19, 0.136265)
step 2133 score (0, 1, 13, 0.148225) best (1, 8, 19, 0.136265)
step 2134 score (0, 2, 15, 0.139061) best (1, 8, 19, 0.136265)
step 2135 score (0, 2, 12, 0.112062) best (1, 8, 19, 0.136265)
step 2136 score (0, 3, 12, 0.121849) best (1, 8, 19, 0.136265)
step 2137 score (0, 1, 12, 0.134271) best (1, 8, 19, 0.136265)
step 2138 score (0, 4, 15, 0.15499) best (1, 8, 19, 0.136265)
step 2139 score (0, 6, 13, 0.140491) best (1, 8, 19, 0.136265)
step 2140 score (0, 4, 15, 0.15499) best (1, 8, 19, 0.136265)
step 2141 score (0, 6, 16, 0.130698) best (1, 8, 19, 0.136265)
step 2142 score (0, 4, 15, 0.15499) best (1, 8, 19, 0.136265)
step 2143 score (0, 4, 14, 0.142499) best (1, 8, 19, 0.136265)
step 2144 score (0, 4, 15, 0.15499) best (1, 8, 19, 0.136265)
step 2145 score (0, 6, 13, 0.140491) best (1, 8, 19, 0.136265)
step 2146 score (0, 6, 15, 0.176501) best (1, 8, 19, 0.136265)
step 2147 score (0, 6, 15, 0.147589) best (1, 8, 19, 0.136265)
step 2148 score (0, 9, 12, 0.155576) best (1, 8, 19, 0.136265)
step 2149 score (0, 6, 15, 0.147589) best (1, 8, 19, 0.136265)
step 2150 score (0, 5, 15, 0.155722) best (1, 8, 19, 0.136265)
step 2151 score (0, 7, 14, 0.142538) best (1, 8, 19, 0.136265)
step 2152 score (0, 7, 14, 0.142384) best (1, 8, 19, 0.136265)
step 2153 score (0, 2, 12, 0.16285) best (1, 8, 19, 0.136265)
step 2154 score (0, 7, 14, 0.142384) best (1, 8, 19, 0.136265)
step 2155 score (0, 5, 15, 0.161348) best (1, 8, 19, 0.136265)
step 2156 score (0, 9, 12, 0.155576) best (1, 8, 19, 0.136265)
step 2157 score (0, 6, 15, 0.147589) best (1, 8, 19, 0.136265)
step 2158 score (0, 6, 15, 0.176501) best (1, 8, 19, 0.136265)
step 2159 score (0, 7, 17, 0.148665) best (1, 8, 19, 0.136265)
step 2160 score (0, 4, 16, 0.187893) best (1, 8, 19, 0.136265)
step 2161 score (0, 5, 15, 0.154149) best (1, 8, 19, 0.136265)
step 2162 score (0, 9, 10, 0.13814) best (1, 8, 19, 0.136265)
step 2163 score (0, 5, 10, 0.119869) best (1, 8, 19, 0.136265)
step 2164 score (0, 9, 10, 0.13814) best (1, 8, 19, 0.136265)
step 2165 score (0, 5, 15, 0.154149) best (1, 8, 19, 0.136265)
step 2166 score (0, 4, 16, 0.187893) best (1, 8, 19, 0.136265)
step 2167 score (0, 9, 13, 0.15594) best (1, 8, 19, 0.136265)
step 2168 score (0, 9, 14, 0.156294) best (1, 8, 19, 0.136265)
step 2169 score (0, 4, 14, 0.183193) best (1, 8, 19, 0.136265)
step 2170 score (0, 6, 17, 0.197638) best (1, 8, 19, 0.136265)
step 2171 score (0, 11, 17, 0.192345) best (1, 8, 19, 0.136265)
step 2172 score (0, 12, 17, 0.193524) best (1, 8, 19, 0.136265)
step 2173 score (0, 8, 17, 0.179211) best (1, 8, 19, 0.136265)
step 2174 score (0, 6, 15, 0.157135) best (1, 8, 19, 0.136265)
step 2175 score (0, 7, 15, 0.163128) best (1, 8, 19, 0.136265)
step 2176 score (0, 6, 15, 0.157135) best (1, 8, 19, 0.136265)
step 2177 score (0, 5, 15, 0.15713) best (1, 8, 19, 0.136265)
step 2178 score (0, 6, 15, 0.169908) best (1, 8, 19, 0.136265)
step 2179 score (0, 5, 11, 0.165311) best (1, 8, 19, 0.136265)
step 2180 score (0, 8, 9, 0.136148) best (1, 8, 19, 0.136265)
step 2181 score (0, 8, 9, 0.152686) best (1, 8, 19, 0.136265)
step 2182 score (0, 10, 10, 0.137261) best (1, 8, 19, 0.136265)
step 2183 score (0, 8, 9, 0.152686) best (1, 8, 19, 0.136265)
step 2184 score (0, 8, 9, 0.136148) best (1, 8, 19, 0.136265)
step 2185 score (0, 8, 9, 0.152686) best (1, 8, 19, 0.136265)
step 2186 score (0, 8, 9, 0.130312) best (1, 8, 19, 0.136265)
step 2187 score (0, 7, 9, 0.13776) best (1, 8, 19, 0.136265)
step 2188 score (0, 9, 9, 0.142333) best (1, 8, 19, 0.136265)
step 2189 score (0, 5, 10, 0.098029) best (1, 8, 19, 0.136265)
step 2190 score (0, 9, 9, 0.142333) best (1, 8, 19, 0.136265)
step 2191 score (0, 6, 17, 0.155897) best (1, 8, 19, 0.136265)
step 2192 score (0, 6, 17, 0.158538) best (1, 8, 19, 0.136265)
step 2193 score (0, 6, 17, 0.171069) best (1, 8, 19, 0.136265)
step 2194 score (0, 6, 17, 0.158538) best (1, 8, 19, 0.136265)
step 2195 score (0, 9, 16, 0.178756) best (1, 8, 19, 0.136265)
step 2196 score (0, 7, 16, 0.17238) best (1, 8, 19, 0.136265)
step 2197 score (0, 3, 16, 0.182145) best (1, 8, 19, 0.136265)
step 2198 score (0, 7, 16, 0.189316) best (1, 8, 19, 0.136265)
step 2199 score (0, 8, 16, 0.168283) best (1, 8, 19, 0.136265)
step 2200 score (0, 12, 16, 0.143614) best (1, 8, 19, 0.136265)
step 2201 score (0, 5, 16, 0.166324) best (1, 8, 19, 0.136265)
step 2202 score (0, 7, 17, 0.146524) best (1, 8, 19, 0.136265)
step 2203 score (0, 6, 17, 0.171069) best (1, 8, 19, 0.136265)
step 2204 score (0, 5, 11, 0.142405) best (1, 8, 19, 0.136265)
step 2205 score (0, 7, 10, 0.115573) best (1, 8, 19, 0.136265)
step 2206 score (0, 4, 17, 0.146183) best (1, 8, 19, 0.136265)
step 2207 score (0, 10, 10, 0.177144) best (1, 8, 19, 0.136265)
step 2208 score (0, 10, 10, 0.193306) best (1, 8, 19, 0.136265)
step 2209 score (0, 10, 10, 0.177144) best (1, 8, 19, 0.136265)
step 2210 score (0, 10, 10, 0.152326) best (1, 8, 19, 0.136265)
step 2211 score (0, 10, 10, 0.177144) best (1, 8, 19, 0.136265)
step 2212 score (0, 10, 10, 0.193306) best (1, 8, 19, 0.136265)
step 2213 score (0, 5, 9, 0.179833) best (1, 8, 19, 0.136265)
step 2214 score (0, 9, 9, 0.181845) best (1, 8, 19, 0.136265)
step 2215 score (0, 7, 9, 0.169767) best (1, 8, 19, 0.136265)
step 2216 score (0, 5, 16, 0.176184) best (1, 8, 19, 0.136265)
step 2217 score (0, 7, 9, 0.169767) best (1, 8, 19, 0.136265)
step 2218 score (0, 10, 10, 0.152326) best (1, 8, 19, 0.136265)
step 2219 score (0, 10, 10, 0.177144) best (1, 8, 19, 0.136265)
step 2220 score (0, 10, 10, 0.193306) best (1, 8, 19, 0.136265)
step 2221 score (0, 5, 9, 0.179833) best (1, 8, 19, 0.136265)
step 2222 score (0, 8, 9, 0.160741) best (1, 8, 19, 0.136265)
step 2223 score (0, 9, 9, 0.160698) best (1, 8, 19, 0.136265)
step 2224 score (0, 6, 9, 0.128163) best (1, 8, 19, 0.136265)
step 2225 score (0, 9, 9, 0.160698) best (1, 8, 19, 0.136265)
step 2226 score (0, 5, 9, 0.176621) best (1, 8, 19, 0.136265)
step 2227 score (0, 9, 9, 0.160698) best (1, 8, 19, 0.136265)
step 2228 score (0, 7, 9, 0.160741) best (1, 8, 19, 0.136265)
step 2229 score (0, 9, 9, 0.160698) best (1, 8, 19, 0.136265)
step 2230 score (0, 5, 9, 0.176621) best (1, 8, 19, 0.136265)
step 2231 score (0, 9, 9, 0.160698) best (1, 8, 19, 0.136265)
step 2232 score (0, 8, 9, 0.160741) best (1, 8, 19, 0.136265)
step 2233 score (0, 4, 9, 0.165048) best (1, 8, 19, 0.136265)
step 2234 score (0, 8, 9, 0.160741) best (1, 8, 19, 0.136265)
step 2235 score (0, 5, 9, 0.179833) best (1, 8, 19, 0.136265)
step 2236 score (0, 10, 10, 0.193306) best (1, 8, 19, 0.136265)
step 2237 score (0, 10, 10, 0.177144) best (1, 8, 19, 0.136265)
step 2238 score (0, 10, 10, 0.152326) best (1, 8, 19, 0.136265)
step 2239 score (0, 10, 10, 0.177144) best (1, 8, 19, 0.136265)
step 2240 score (0, 10, 10, 0.193306) best (1, 8, 19, 0.136265)
step 2241 score (0, 5, 9, 0.179833) best (1, 8, 19, 0.136265)
step 2242 score (0, 9, 9, 0.181845) best (1, 8, 19, 0.136265)
step 2243 score (0, 9, 9, 0.143714) best (1, 8, 19, 0.136265)
step 2244 score (0, 9, 9, 0.181845) best (1, 8, 19, 0.136265)
step 2245 score (0, 5, 9, 0.179833) best (1, 8, 19, 0.136265)
step 2246 score (0, 10, 10, 0.193306) best (1, 8, 19, 0.136265)
step 2247 score (0, 10, 10, 0.177144) best (1, 8, 19, 0.136265)
step 2248 score (0, 10, 10, 0.193306) best (1, 8, 19, 0.136265)
step 2249 score (0, 5, 9, 0.179833) best (1, 8, 19, 0.136265)
step 2250 score (0, 9, 9, 0.181845) best (1, 8, 19, 0.136265)
step 2251 score (0, 8, 9, 0.169767) best (1, 8, 19, 0.136265)
step 2252 score (0, 4, 15, 0.150448) best (1, 8, 19, 0.136265)
step 2253 score (0, 10, 16, 0.172082) best (1, 8, 19, 0.136265)
step 2254 score (0, 8, 8, 0.119195) best (1, 8, 19, 0.136265)
step 2255 score (0, 5, 9, 0.126859) best (1, 8, 19, 0.136265)
step 2256 score (0, 4, 9, 0.130181) best (1, 8, 19, 0.136265)
step 2257 score (0, 7, 14, 0.126848) best (1, 8, 19, 0.136265)
step 2258 score (0, 2, 15, 0.152438) best (1, 8, 19, 0.136265)
step 2259 score (0, 4, 15, 0.145001) best (1, 8, 19, 0.136265)
step 2260 score (0, 4, 13, 0.119804) best (1, 8, 19, 0.136265)
step 2261 score (0, 4, 15, 0.145001) best (1, 8, 19, 0.136265)
step 2262 score (0, 8, 8, 0.119195) best (1, 8, 19, 0.136265)
step 2263 score (0, 7, 11, 0.16273) best (1, 8, 19, 0.136265)
step 2264 score (0, 8, 16, 0.170555) best (1, 8, 19, 0.136265)
step 2265 score (0, 7, 10, 0.125292) best (1, 8, 19, 0.136265)
step 2266 score (0, 8, 16, 0.170555) best (1, 8, 19, 0.136265)
step 2267 score (0, 5, 9, 0.132397) best (1, 8, 19, 0.136265)
step 2268 score (0, 8, 16, 0.170555) best (1, 8, 19, 0.136265)
step 2269 score (0, 10, 16, 0.172082) best (1, 8, 19, 0.136265)
step 2270 score (0, 8, 8, 0.119195) best (1, 8, 19, 0.136265)
step 2271 score (0, 7, 14, 0.126848) best (1, 8, 19, 0.136265)
step 2272 score (0, 8, 10, 0.119072) best (1, 8, 19, 0.136265)
step 2273 score (0, 9, 15, 0.171637) best (1, 8, 19, 0.136265)
step 2274 score (0, 8, 18, 0.147095) best (1, 8, 19, 0.136265)
step 2275 score (0, 8, 18, 0.14523) best (1, 8, 19, 0.136265)
step 2276 score (0, 4, 14, 0.096688) best (1, 8, 19, 0.136265)
step 2277 score (0, 2, 11, 0.101795) best (1, 8, 19, 0.136265)
step 2278 score (0, 2, 13, 0.110565) best (1, 8, 19, 0.136265)
step 2279 score (0, 8, 18, 0.14523) best (1, 8, 19, 0.136265)
step 2280 score (0, 8, 18, 0.147095) best (1, 8, 19, 0.136265)
step 2281 score (0, 9, 15, 0.171637) best (1, 8, 19, 0.136265)
step 2282 score (0, 8, 10, 0.138877) best (1, 8, 19, 0.136265)
step 2283 score (0, 4, 10, 0.124548) best (1, 8, 19, 0.136265)
step 2284 score (0, 8, 10, 0.119072) best (1, 8, 19, 0.136265)
step 2285 score (0, 6, 14, 0.168604) best (1, 8, 19, 0.136265)
step 2286 score (0, 6, 15, 0.151317) best (1, 8, 19, 0.136265)
step 2287 score (0, 7, 15, 0.136824) best (1, 8, 19, 0.136265)
step 2288 score (0, 6, 15, 0.151317) best (1, 8, 19, 0.136265)
step 2289 score (0, 6, 10, 0.122826) best (1, 8, 19, 0.136265)
step 2290 score (0, 6, 15, 0.151317) best (1, 8, 19, 0.136265)
step 2291 score (0, 7, 15, 0.136824) best (1, 8, 19, 0.136265)
step 2292 score (0, 8, 16, 0.152239) best (1, 8, 19, 0.136265)
step 2293 score (0, 7, 15, 0.136824) best (1, 8, 19, 0.136265)
step 2294 score (0, 7, 10, 0.106556) best (1, 8, 19, 0.136265)
step 2295 score (0, 7, 15, 0.136824) best (1, 8, 19, 0.136265)
step 2296 score (0, 4, 15, 0.142192) best (1, 8, 19, 0.136265)
step 2297 score (0, 7, 15, 0.136824) best (1, 8, 19, 0.136265)
step 2298 score (0, 4, 12, 0.121126) best (1, 8, 19, 0.136265)
step 2299 score (0, 4, 14, 0.135247) best (1, 8, 19, 0.136265)
step 2300 score (0, 5, 10, 0.102114) best (1, 8, 19, 0.136265)
step 2301 score (0, 0, 10, 0.108239) best (1, 8, 19, 0.136265)
step 2302 score (0, 0, 13, 0.097206) best (1, 8, 19, 0.136265)
step 2303 score (0, 0, 11, 0.117323) best (1, 8, 19, 0.136265)
step 2304 score (0, 1, 13, 0.124689) best (1, 8, 19, 0.136265)
step 2305 score (0, 0, 14, 0.126259) best (1, 8, 19, 0.136265)
step 2306 score (0, 4, 12, 0.126801) best (1, 8, 19, 0.136265)
step 2307 score (0, 1, 11, 0.150619) best (1, 8, 19, 0.136265)
step 2308 score (0, 3, 11, 0.124986) best (1, 8, 19, 0.136265)
step 2309 score (0, 3, 11, 0.110585) best (1, 8, 19, 0.136265)
step 2310 score (0, 4, 10, 0.122173) best (1, 8, 19, 0.136265)
step 2311 score (0, 3, 10, 0.117692) best (1, 8, 19, 0.136265)
step 2312 score (0, 2, 9, 0.107658) best (1, 8, 19, 0.136265)
step 2313 score (0, 2, 11, 0.109296) best (1, 8, 19, 0.136265)
step 2314 score (0, 7, 16, 0.157124) best (1, 8, 19, 0.136265)
step 2315 score (0, 3, 14, 0.137421) best (1, 8, 19, 0.136265)
step 2316 score (0, 7, 16, 0.157124) best (1, 8, 19, 0.136265)
step 2317 score (0, 6, 11, 0.118922) best (1, 8, 19, 0.136265)
step 2318 score (0, 3, 9, 0.095405) best (1, 8, 19, 0.136265)
step 2319 score (0, 2, 13, 0.115558) best (1, 8, 19, 0.136265)
step 2320 score (0, 1, 12, 0.117361) best (1, 8, 19, 0.136265)
step 2321 score (0, 2, 13, 0.115558) best (1, 8, 19, 0.136265)
step 2322 score (0, 1, 11, 0.121104) best (1, 8, 19, 0.136265)
step 2323 score (0, 2, 13, 0.115558) best (1, 8, 19, 0.136265)
step 2324 score (0, 1, 7, 0.100001) best (1, 8, 19, 0.136265)
step 2325 score (0, 0, 14, 0.136754) best (1, 8, 19, 0.136265)
step 2326 score (0, 5, 9, 0.113116) best (1, 8, 19, 0.136265)
step 2327 score (0, 6, 16, 0.148848) best (1, 8, 19, 0.136265)
step 2328 score (0, 12, 17, 0.169909) best (1, 8, 19, 0.136265)
step 2329 score (0, 11, 18, 0.193011) best (1, 8, 19, 0.136265)
step 2330 score (0, 12, 17, 0.169909) best (1, 8, 19, 0.136265)
step 2331 score (0, 7, 17, 0.135104) best (1, 8, 19, 0.136265)
CERTIFICATE 253265b87d6435f9
step 2332 score (1, 4, 14, 0.11642) best (1, 8, 19, 0.136265)
step 2333 score (0, 7, 17, 0.135104) best (1, 8, 19, 0.136265)
step 2334 score (0, 12, 17, 0.169909) best (1, 8, 19, 0.136265)
step 2335 score (0, 6, 16, 0.148848) best (1, 8, 19, 0.136265)
step 2336 score (0, 6, 16, 0.169632) best (1, 8, 19, 0.136265)
step 2337 score (0, 9, 16, 0.167005) best (1, 8, 19, 0.136265)
step 2338 score (0, 2, 15, 0.179904) best (1, 8, 19, 0.136265)
step 2339 score (0, 5, 17, 0.18183) best (1, 8, 19, 0.136265)
step 2340 score (0, 6, 15, 0.144417) best (1, 8, 19, 0.136265)
step 2341 score (0, 5, 17, 0.18183) best (1, 8, 19, 0.136265)
step 2342 score (0, 6, 16, 0.20077) best (1, 8, 19, 0.136265)
step 2343 score (0, 5, 16, 0.185409) best (1, 8, 19, 0.136265)
step 2344 score (0, 5, 16, 0.167152) best (1, 8, 19, 0.136265)
step 2345 score (0, 12, 16, 0.172135) best (1, 8, 19, 0.136265)
step 2346 score (0, 6, 17, 0.192747) best (1, 8, 19, 0.136265)
step 2347 score (0, 12, 16, 0.172135) best (1, 8, 19, 0.136265)
step 2348 score (0, 4, 10, 0.152397) best (1, 8, 19, 0.136265)
step 2349 score (0, 5, 11, 0.155488) best (1, 8, 19, 0.136265)
step 2350 score (0, 3, 9, 0.130221) best (1, 8, 19, 0.136265)
step 2351 score (0, 4, 11, 0.140107) best (1, 8, 19, 0.136265)
step 2352 score (0, 10, 13, 0.139496) best (1, 8, 19, 0.136265)
step 2353 score (0, 5, 10, 0.121614) best (1, 8, 19, 0.136265)
step 2354 score (0, 9, 12, 0.150078) best (1, 8, 19, 0.136265)
step 2355 score (0, 6, 13, 0.166914) best (1, 8, 19, 0.136265)
step 2356 score (0, 4, 12, 0.175461) best (1, 8, 19, 0.136265)
step 2357 score (0, 3, 12, 0.132185) best (1, 8, 19, 0.136265)
step 2358 score (0, 4, 12, 0.175461) best (1, 8, 19, 0.136265)
step 2359 score (0, 6, 13, 0.166914) best (1, 8, 19, 0.136265)
step 2360 score (0, 6, 16, 0.176725) best (1, 8, 19, 0.136265)
step 2361 score (0, 7, 16, 0.162259) best (1, 8, 19, 0.136265)
step 2362 score (0, 6, 17, 0.187164) best (1, 8, 19, 0.136265)
step 2363 score (0, 4, 17, 0.155733) best (1, 8, 19, 0.136265)
step 2364 score (0, 6, 16, 0.182219) best (1, 8, 19, 0.136265)
step 2365 score (0, 4, 17, 0.205026) best (1, 8, 19, 0.136265)
step 2366 score (0, 6, 17, 0.192747) best (1, 8, 19, 0.136265)
step 2367 score (0, 12, 16, 0.172135) best (1, 8, 19, 0.136265)
step 2368 score (0, 5, 16, 0.167152) best (1, 8, 19, 0.136265)
step 2369 score (0, 12, 16, 0.172135) best (1, 8, 19, 0.136265)
step 2370 score (0, 9, 16, 0.187344) best (1, 8, 19, 0.136265)
step 2371 score (0, 13, 16, 0.175088) best (1, 8, 19, 0.136265)
step 2372 score (0, 5, 12, 0.158359) best (1, 8, 19, 0.136265)
step 2373 score (0, 9, 9, 0.135045) best (1, 8, 19, 0.136265)
step 2374 score (0, 7, 9, 0.105126) best (1, 8, 19, 0.136265)
step 2375 score (0, 9, 9, 0.135045) best (1, 8, 19, 0.136265)
step 2376 score (0, 4, 12, 0.128744) best (1, 8, 19, 0.136265)
step 2377 score (0, 2, 9, 0.124371) best (1, 8, 19, 0.136265)
step 2378 score (0, 5, 9, 0.110888) best (1, 8, 19, 0.136265)
step 2379 score (0, 3, 14, 0.113264) best (1, 8, 19, 0.136265)
step 2380 score (0, 1, 11, 0.096786) best (1, 8, 19, 0.136265)
step 2381 score (0, 0, 10, 0.098158) best (1, 8, 19, 0.136265)
step 2382 score (0, 0, 11, 0.119626) best (1, 8, 19, 0.136265)
step 2383 score (0, 0, 14, 0.142954) best (1, 8, 19, 0.136265)
step 2384 score (0, 3, 16, 0.13907) best (1, 8, 19, 0.136265)
step 2385 score (0, 2, 11, 0.121832) best (1, 8, 19, 0.136265)
step 2386 score (0, 5, 9, 0.11619) best (1, 8, 19, 0.136265)
step 2387 score (0, 0, 12, 0.117216) best (1, 8, 19, 0.136265)
step 2388 score (0, 5, 9, 0.11619) best (1, 8, 19, 0.136265)
step 2389 score (0, 2, 11, 0.121832) best (1, 8, 19, 0.136265)
step 2390 score (0, 0, 14, 0.156634) best (1, 8, 19, 0.136265)
step 2391 score (0, 4, 14, 0.162051) best (1, 8, 19, 0.136265)
step 2392 score (0, 3, 16, 0.13907) best (1, 8, 19, 0.136265)
step 2393 score (0, 2, 15, 0.115238) best (1, 8, 19, 0.136265)
step 2394 score (0, 0, 15, 0.130024) best (1, 8, 19, 0.136265)
step 2395 score (0, 3, 12, 0.15847) best (1, 8, 19, 0.136265)
step 2396 score (0, 1, 15, 0.147411) best (1, 8, 19, 0.136265)
step 2397 score (0, 5, 17, 0.163691) best (1, 8, 19, 0.136265)
step 2398 score (0, 9, 17, 0.156637) best (1, 8, 19, 0.136265)
step 2399 score (0, 9, 17, 0.145017) best (1, 8, 19, 0.136265)
step 2400 score (0, 9, 17, 0.156637) best (1, 8, 19, 0.136265)
step 2401 score (0, 5, 16, 0.119114) best (1, 8, 19, 0.136265)
step 2402 score (0, 4, 13, 0.144937) best (1, 8, 19, 0.136265)
step 2403 score (0, 5, 16, 0.119114) best (1, 8, 19, 0.136265)
step 2404 score (0, 5, 16, 0.109736) best (1, 8, 19, 0.136265)
step 2405 score (0, 0, 12, 0.136936) best (1, 8, 19, 0.136265)
step 2406 score (0, 5, 16, 0.181138) best (1, 8, 19, 0.136265)
step 2407 score (0, 11, 17, 0.190813) best (1, 8, 19, 0.136265)
step 2408 score (0, 16, 17, 0.18417) best (1, 8, 19, 0.136265)
step 2409 score (0, 12, 17, 0.194708) best (1, 8, 19, 0.136265)
step 2410 score (0, 16, 17, 0.18417) best (1, 8, 19, 0.136265)
step 2411 score (0, 11, 17, 0.190813) best (1, 8, 19, 0.136265)
step 2412 score (0, 9, 17, 0.182271) best (1, 8, 19, 0.136265)
step 2413 score (0, 5, 13, 0.152854) best (1, 8, 19, 0.136265)
step 2414 score (0, 6, 18, 0.139578) best (1, 8, 19, 0.136265)
step 2415 score (0, 5, 13, 0.152854) best (1, 8, 19, 0.136265)
step 2416 score (0, 10, 17, 0.199563) best (1, 8, 19, 0.136265)
step 2417 score (0, 12, 17, 0.194708) best (1, 8, 19, 0.136265)
step 2418 score (0, 16, 17, 0.18417) best (1, 8, 19, 0.136265)
step 2419 score (0, 7, 10, 0.164581) best (1, 8, 19, 0.136265)
step 2420 score (0, 16, 17, 0.18417) best (1, 8, 19, 0.136265)
step 2421 score (0, 12, 17, 0.194708) best (1, 8, 19, 0.136265)
step 2422 score (0, 10, 17, 0.199563) best (1, 8, 19, 0.136265)
step 2423 score (0, 5, 14, 0.183283) best (1, 8, 19, 0.136265)
step 2424 score (0, 10, 17, 0.199563) best (1, 8, 19, 0.136265)
step 2425 score (0, 12, 17, 0.194708) best (1, 8, 19, 0.136265)
step 2426 score (0, 16, 17, 0.18417) best (1, 8, 19, 0.136265)
step 2427 score (0, 8, 17, 0.178273) best (1, 8, 19, 0.136265)
step 2428 score (0, 11, 17, 0.188549) best (1, 8, 19, 0.136265)
step 2429 score (0, 4, 15, 0.141877) best (1, 8, 19, 0.136265)
step 2430 score (0, 6, 16, 0.140453) best (1, 8, 19, 0.136265)
step 2431 score (0, 3, 16, 0.150241) best (1, 8, 19, 0.136265)
step 2432 score (0, 6, 16, 0.14267) best (1, 8, 19, 0.136265)
step 2433 score (0, 6, 16, 0.127144) best (1, 8, 19, 0.136265)
step 2434 score (0, 6, 16, 0.14267) best (1, 8, 19, 0.136265)
step 2435 score (0, 4, 14, 0.138434) best (1, 8, 19, 0.136265)
step 2436 score (0, 12, 17, 0.169909) best (1, 8, 19, 0.136265)
step 2437 score (0, 11, 18, 0.193011) best (1, 8, 19, 0.136265)
step 2438 score (0, 12, 17, 0.169909) best (1, 8, 19, 0.136265)
step 2439 score (0, 11, 17, 0.164478) best (1, 8, 19, 0.136265)
step 2440 score (0, 9, 17, 0.137025) best (1, 8, 19, 0.136265)
step 2441 score (0, 11, 17, 0.156488) best (1, 8, 19, 0.136265)
step 2442 score (0, 12, 17, 0.162488) best (1, 8, 19, 0.136265)
step 2443 score (0, 7, 18, 0.192484) best (1, 8, 19, 0.136265)
step 2444 score (0, 8, 18, 0.180915) best (1, 8, 19, 0.136265)
step 2445 score (0, 9, 12, 0.159191) best (1, 8, 19, 0.136265)
step 2446 score (0, 9, 18, 0.182596) best (1, 8, 19, 0.136265)
step 2447 score (0, 11, 18, 0.193011) best (1, 8, 19, 0.136265)
step 2448 score (0, 12, 17, 0.169909) best (1, 8, 19, 0.136265)
step 2449 score (0, 6, 16, 0.148848) best (1, 8, 19, 0.136265)
step 2450 score (0, 12, 17, 0.169909) best (1, 8, 19, 0.136265)
step 2451 score (0, 11, 18, 0.193011) best (1, 8, 19, 0.136265)
step 2452 score (0, 9, 18, 0.182596) best (1, 8, 19, 0.136265)
step 2453 score (0, 9, 18, 0.193989) best (1, 8, 19, 0.136265)
step 2454 score (0, 10, 18, 0.179897) best (1, 8, 19, 0.136265)
step 2455 score (0, 12, 18, 0.190605) best (1, 8, 19, 0.136265)
step 2456 score (0, 8, 18, 0.169388) best (1, 8, 19, 0.136265)
step 2457 score (0, 6, 18, 0.181289) best (1, 8, 19, 0.136265)
step 2458 score (0, 9, 16, 0.163896) best (1, 8, 19, 0.136265)
step 2459 score (0, 3, 16, 0.156459) best (1, 8, 19, 0.136265)
step 2460 score (0, 3, 12, 0.148166) best (1, 8, 19, 0.136265)
step 2461 score (0, 10, 12, 0.153028) best (1, 8, 19, 0.136265)
step 2462 score (0, 8, 17, 0.11235) best (1, 8, 19, 0.136265)
step 2463 score (0, 4, 17, 0.152905) best (1, 8, 19, 0.136265)
step 2464 score (0, 4, 18, 0.170463) best (1, 8, 19, 0.136265)
step 2465 score (0, 11, 18, 0.193011) best (1, 8, 19, 0.136265)
step 2466 score (0, 9, 18, 0.182596) best (1, 8, 19, 0.136265)
step 2467 score (0, 9, 18, 0.193989) best (1, 8, 19, 0.136265)
step 2468 score (0, 10, 18, 0.179897) best (1, 8, 19, 0.136265)
step 2469 score (0, 12, 18, 0.190605) best (1, 8, 19, 0.136265)
step 2470 score (0, 5, 17, 0.146734) best (1, 8, 19, 0.136265)
step 2471 score (0, 7, 17, 0.171898) best (1, 8, 19, 0.136265)
step 2472 score (0, 12, 18, 0.181078) best (1, 8, 19, 0.136265)
step 2473 score (0, 11, 18, 0.193492) best (1, 8, 19, 0.136265)
step 2474 score (0, 11, 18, 0.183616) best (1, 8, 19, 0.136265)
step 2475 score (0, 10, 16, 0.181529) best (1, 8, 19, 0.136265)
step 2476 score (0, 11, 18, 0.183616) best (1, 8, 19, 0.136265)
step 2477 score (0, 10, 12, 0.167221) best (1, 8, 19, 0.136265)
step 2478 score (0, 12, 18, 0.181078) best (1, 8, 19, 0.136265)
step 2479 score (0, 11, 18, 0.193492) best (1, 8, 19, 0.136265)
step 2480 score (0, 10, 18, 0.199319) best (1, 8, 19, 0.136265)
step 2481 score (0, 11, 18, 0.193492) best (1, 8, 19, 0.136265)
step 2482 score (0, 12, 18, 0.181078) best (1, 8, 19, 0.136265)
step 2483 score (0, 12, 18, 0.187064) best (1, 8, 19, 0.136265)
step 2484 score (0, 8, 15, 0.153301) best (1, 8, 19, 0.136265)
step 2485 score (0, 3, 12, 0.147375) best (1, 8, 19, 0.136265)
step 2486 score (0, 8, 15, 0.153301) best (1, 8, 19, 0.136265)
step 2487 score (0, 12, 18, 0.187064) best (1, 8, 19, 0.136265)
step 2488 score (0, 12, 18, 0.181078) best (1, 8, 19, 0.136265)
step 2489 score (0, 11, 18, 0.193492) best (1, 8, 19, 0.136265)
step 2490 score (0, 11, 18, 0.183616) best (1, 8, 19, 0.136265)
step 2491 score (0, 10, 12, 0.167221) best (1, 8, 19, 0.136265)
step 2492 score (0, 11, 16, 0.159114) best (1, 8, 19, 0.136265)
step 2493 score (0, 10, 16, 0.181529) best (1, 8, 19, 0.136265)
step 2494 score (0, 4, 16, 0.140803) best (1, 8, 19, 0.136265)
step 2495 score (0, 4, 15, 0.151199) best (1, 8, 19, 0.136265)
step 2496 score (0, 1, 16, 0.145213) best (1, 8, 19, 0.136265)
step 2497 score (0, 4, 15, 0.114568) best (1, 8, 19, 0.136265)
step 2498 score (0, 5, 14, 0.111774) best (1, 8, 19, 0.136265)
step 2499 score (0, 3, 17, 0.143176) best (1, 8, 19, 0.136265)
step 2500 score (0, 4, 16, 0.140803) best (1, 8, 19, 0.136265)
step 2501 score (0, 10, 16, 0.181529) best (1, 8, 19, 0.136265)
step 2502 score (0, 11, 16, 0.159114) best (1, 8, 19, 0.136265)
step 2503 score (0, 11, 16, 0.172976) best (1, 8, 19, 0.136265)
step 2504 score (0, 12, 16, 0.170116) best (1, 8, 19, 0.136265)
step 2505 score (0, 4, 14, 0.136383) best (1, 8, 19, 0.136265)
step 2506 score (0, 0, 12, 0.12686) best (1, 8, 19, 0.136265)
step 2507 score (0, 4, 14, 0.136383) best (1, 8, 19, 0.136265)
step 2508 score (0, 12, 16, 0.170116) best (1, 8, 19, 0.136265)
step 2509 score (0, 4, 14, 0.136383) best (1, 8, 19, 0.136265)
step 2510 score (0, 6, 14, 0.149192) best (1, 8, 19, 0.136265)
step 2511 score (0, 4, 16, 0.138581) best (1, 8, 19, 0.136265)
step 2512 score (0, 3, 17, 0.129297) best (1, 8, 19, 0.136265)
step 2513 score (0, 4, 16, 0.138581) best (1, 8, 19, 0.136265)
step 2514 score (0, 1, 10, 0.121563) best (1, 8, 19, 0.136265)
step 2515 score (0, 4, 16, 0.138581) best (1, 8, 19, 0.136265)
step 2516 score (0, 7, 18, 0.180946) best (1, 8, 19, 0.136265)
step 2517 score (0, 11, 16, 0.172976) best (1, 8, 19, 0.136265)
step 2518 score (0, 11, 16, 0.159114) best (1, 8, 19, 0.136265)
step 2519 score (0, 11, 16, 0.172976) best (1, 8, 19, 0.136265)
step 2520 score (0, 12, 16, 0.170116) best (1, 8, 19, 0.136265)
step 2521 score (0, 2, 14, 0.145922) best (1, 8, 19, 0.136265)
step 2522 score (0, 6, 12, 0.115463) best (1, 8, 19, 0.136265)
step 2523 score (0, 4, 14, 0.106237) best (1, 8, 19, 0.136265)
step 2524 score (0, 0, 12, 0.121126) best (1, 8, 19, 0.136265)
step 2525 score (0, 4, 14, 0.106237) best (1, 8, 19, 0.136265)
step 2526 score (0, 6, 12, 0.115463) best (1, 8, 19, 0.136265)
step 2527 score (0, 2, 14, 0.145922) best (1, 8, 19, 0.136265)
step 2528 score (0, 12, 16, 0.170116) best (1, 8, 19, 0.136265)
step 2529 score (0, 11, 16, 0.172976) best (1, 8, 19, 0.136265)
step 2530 score (0, 3, 15, 0.141512) best (1, 8, 19, 0.136265)
step 2531 score (0, 3, 13, 0.102422) best (1, 8, 19, 0.136265)
step 2532 score (0, 3, 15, 0.141512) best (1, 8, 19, 0.136265)
step 2533 score (0, 4, 13, 0.127432) best (1, 8, 19, 0.136265)
step 2534 score (0, 4, 14, 0.116757) best (1, 8, 19, 0.136265)
step 2535 score (0, 6, 13, 0.106864) best (1, 8, 19, 0.136265)
step 2536 score (0, 5, 11, 0.13099) best (1, 8, 19, 0.136265)
step 2537 score (0, 5, 16, 0.149688) best (1, 8, 19, 0.136265)
step 2538 score (0, 8, 18, 0.197002) best (1, 8, 19, 0.136265)
step 2539 score (0, 8, 18, 0.193587) best (1, 8, 19, 0.136265)
step 2540 score (0, 9, 17, 0.189377) best (1, 8, 19, 0.136265)
step 2541 score (0, 7, 17, 0.180799) best (1, 8, 19, 0.136265)
step 2542 score (0, 14, 16, 0.197437) best (1, 8, 19, 0.136265)
step 2543 score (0, 11, 16, 0.202189) best (1, 8, 19, 0.136265)
step 2544 score (0, 6, 13, 0.158918) best (1, 8, 19, 0.136265)
step 2545 score (0, 11, 16, 0.202189) best (1, 8, 19, 0.136265)
step 2546 score (0, 8, 17, 0.183052) best (1, 8, 19, 0.136265)
step 2547 score (0, 7, 17, 0.180799) best (1, 8, 19, 0.136265)
step 2548 score (0, 9, 17, 0.189377) best (1, 8, 19, 0.136265)
step 2549 score (0, 9, 17, 0.191811) best (1, 8, 19, 0.136265)
step 2550 score (0, 8, 18, 0.197002) best (1, 8, 19, 0.136265)
step 2551 score (0, 8, 17, 0.177688) best (1, 8, 19, 0.136265)
step 2552 score (0, 9, 17, 0.176882) best (1, 8, 19, 0.136265)
step 2553 score (0, 8, 16, 0.169518) best (1, 8, 19, 0.136265)
step 2554 score (0, 9, 17, 0.176882) best (1, 8, 19, 0.136265)
step 2555 score (0, 7, 10, 0.158446) best (1, 8, 19, 0.136265)
step 2556 score (0, 9, 17, 0.189377) best (1, 8, 19, 0.136265)
step 2557 score (0, 8, 18, 0.193587) best (1, 8, 19, 0.136265)
step 2558 score (0, 8, 18, 0.197002) best (1, 8, 19, 0.136265)
step 2559 score (0, 8, 17, 0.177688) best (1, 8, 19, 0.136265)
step 2560 score (0, 4, 12, 0.138722) best (1, 8, 19, 0.136265)
step 2561 score (0, 4, 10, 0.128752) best (1, 8, 19, 0.136265)
step 2562 score (0, 4, 12, 0.138722) best (1, 8, 19, 0.136265)
step 2563 score (0, 6, 11, 0.13677) best (1, 8, 19, 0.136265)
step 2564 score (0, 5, 10, 0.137915) best (1, 8, 19, 0.136265)
step 2565 score (0, 8, 10, 0.148301) best (1, 8, 19, 0.136265)
step 2566 score (0, 10, 10, 0.133216) best (1, 8, 19, 0.136265)
step 2567 score (0, 7, 9, 0.108337) best (1, 8, 19, 0.136265)
step 2568 score (0, 7, 15, 0.121736) best (1, 8, 19, 0.136265)
step 2569 score (0, 4, 9, 0.10101) best (1, 8, 19, 0.136265)
step 2570 score (0, 4, 9, 0.102672) best (1, 8, 19, 0.136265)
step 2571 score (0, 6, 17, 0.152599) best (1, 8, 19, 0.136265)
step 2572 score (0, 3, 15, 0.158451) best (1, 8, 19, 0.136265)
step 2573 score (0, 2, 15, 0.1517) best (1, 8, 19, 0.136265)
step 2574 score (0, 4, 14, 0.162705) best (1, 8, 19, 0.136265)
step 2575 score (0, 4, 12, 0.13757) best (1, 8, 19, 0.136265)
step 2576 score (0, 4, 15, 0.122796) best (1, 8, 19, 0.136265)
step 2577 score (0, 5, 18, 0.159748) best (1, 8, 19, 0.136265)
step 2578 score (0, 6, 13, 0.124814) best (1, 8, 19, 0.136265)
step 2579 score (0, 6, 9, 0.120825) best (1, 8, 19, 0.136265)
step 2580 score (0, 5, 15, 0.137891) best (1, 8, 19, 0.136265)
step 2581 score (0, 7, 10, 0.10733) best (1, 8, 19, 0.136265)
step 2582 score (0, 5, 10, 0.111663) best (1, 8, 19, 0.136265)
step 2583 score (0, 5, 14, 0.132471) best (1, 8, 19, 0.136265)
step 2584 score (0, 5, 12, 0.096899) best (1, 8, 19, 0.136265)
step 2585 score (0, 3, 12, 0.112538) best (1, 8, 19, 0.136265)
step 2586 score (0, 4, 12, 0.107526) best (1, 8, 19, 0.136265)
step 2587 score (0, 0, 11, 0.097858) best (1, 8, 19, 0.136265)
step 2588 score (0, 4, 9, 0.093105) best (1, 8, 19, 0.136265)
step 2589 score (0, 9, 9, 0.100706) best (1, 8, 19, 0.136265)
step 2590 score (0, 4, 9, 0.105357) best (1, 8, 19, 0.136265)
step 2591 score (0, 4, 9, 0.102801) best (1, 8, 19, 0.136265)
step 2592 score (0, 5, 9, 0.098789) best (1, 8, 19, 0.136265)
step 2593 score (0, 5, 9, 0.137344) best (1, 8, 19, 0.136265)
step 2594 score (0, 3, 10, 0.131807) best (1, 8, 19, 0.136265)
step 2595 score (0, 9, 10, 0.141932) best (1, 8, 19, 0.136265)
step 2596 score (0, 7, 9, 0.160883) best (1, 8, 19, 0.136265)
step 2597 score (0, 8, 9, 0.120133) best (1, 8, 19, 0.136265)
step 2598 score (0, 0, 13, 0.119045) best (1, 8, 19, 0.136265)
step 2599 score (0, 2, 12, 0.138049) best (1, 8, 19, 0.136265)
step 2600 score (0, 9, 9, 0.173211) best (1, 8, 19, 0.136265)
step 2601 score (0, 9, 9, 0.163764) best (1, 8, 19, 0.136265)
step 2602 score (0, 10, 10, 0.152458) best (1, 8, 19, 0.136265)
step 2603 score (0, 9, 9, 0.163764) best (1, 8, 19, 0.136265)
step 2604 score (0, 5, 9, 0.109076) best (1, 8, 19, 0.136265)
step 2605 score (0, 8, 10, 0.12476) best (1, 8, 19, 0.136265)
step 2606 score (0, 10, 12, 0.124614) best (1, 8, 19, 0.136265)
step 2607 score (0, 8, 10, 0.12476) best (1, 8, 19, 0.136265)
step 2608 score (0, 5, 10, 0.137149) best (1, 8, 19, 0.136265)
step 2609 score (0, 8, 10, 0.12476) best (1, 8, 19, 0.136265)
step 2610 score (0, 10, 12, 0.124614) best (1, 8, 19, 0.136265)
step 2611 score (0, 5, 13, 0.13085) best (1, 8, 19, 0.136265)
step 2612 score (0, 9, 11, 0.11816) best (1, 8, 19, 0.136265)
step 2613 score (0, 8, 9, 0.125873) best (1, 8, 19, 0.136265)
step 2614 score (0, 8, 9, 0.112367) best (1, 8, 19, 0.136265)
step 2615 score (0, 8, 10, 0.135556) best (1, 8, 19, 0.136265)
step 2616 score (0, 8, 9, 0.112367) best (1, 8, 19, 0.136265)
step 2617 score (0, 0, 7, 0.122534) best (1, 8, 19, 0.136265)
step 2618 score (0, 0, 8, 0.13722) best (1, 8, 19, 0.136265)
step 2619 score (0, 8, 10, 0.135556) best (1, 8, 19, 0.136265)
step 2620 score (0, 5, 10, 0.140697) best (1, 8, 19, 0.136265)
step 2621 score (0, 9, 11, 0.128435) best (1, 8, 19, 0.136265)
step 2622 score (0, 8, 10, 0.106343) best (1, 8, 19, 0.136265)
step 2623 score (0, 8, 10, 0.12476) best (1, 8, 19, 0.136265)
step 2624 score (0, 10, 10, 0.152458) best (1, 8, 19, 0.136265)
step 2625 score (0, 9, 9, 0.163764) best (1, 8, 19, 0.136265)
step 2626 score (0, 10, 10, 0.152458) best (1, 8, 19, 0.136265)
step 2627 score (0, 8, 10, 0.12476) best (1, 8, 19, 0.136265)
step 2628 score (0, 10, 12, 0.124614) best (1, 8, 19, 0.136265)
step 2629 score (0, 7, 10, 0.12476) best (1, 8, 19, 0.136265)
step 2630 score (0, 10, 12, 0.124614) best (1, 8, 19, 0.136265)
step 2631 score (0, 8, 10, 0.12476) best (1, 8, 19, 0.136265)
step 2632 score (0, 10, 10, 0.152458) best (1, 8, 19, 0.136265)
step 2633 score (0, 5, 9, 0.160244) best (1, 8, 19, 0.136265)
step 2634 score (0, 5, 9, 0.137219) best (1, 8, 19, 0.136265)
step 2635 score (0, 8, 9, 0.125873) best (1, 8, 19, 0.136265)
step 2636 score (0, 9, 11, 0.11816) best (1, 8, 19, 0.136265)
step 2637 score (0, 8, 9, 0.125873) best (1, 8, 19, 0.136265)
step 2638 score (0, 8, 9, 0.112367) best (1, 8, 19, 0.136265)
step 2639 score (0, 8, 9, 0.137207) best (1, 8, 19, 0.136265)
step 2640 score (0, 9, 9, 0.143819) best (1, 8, 19, 0.136265)
step 2641 score (0, 8, 9, 0.137207) best (1, 8, 19, 0.136265)
step 2642 score (0, 8, 9, 0.112367) best (1, 8, 19, 0.136265)
step 2643 score (0, 8, 9, 0.137207) best (1, 8, 19, 0.136265)
step 2644 score (0, 9, 9, 0.143819) best (1, 8, 19, 0.136265)
step 2645 score (0, 8, 9, 0.125873) best (1, 8, 19, 0.136265)
step 2646 score (0, 9, 11, 0.11816) best (1, 8, 19, 0.136265)
step 2647 score (0, 8, 9, 0.125873) best (1, 8, 19, 0.136265)
step 2648 score (0, 9, 9, 0.143819) best (1, 8, 19, 0.136265)
step 2649 score (0, 8, 9, 0.125873) best (1, 8, 19, 0.136265)
step 2650 score (0, 9, 11, 0.11816) best (1, 8, 19, 0.136265)
step 2651 score (0, 4, 11, 0.140929) best (1, 8, 19, 0.136265)
step 2652 score (0, 2, 9, 0.141756) best (1, 8, 19, 0.136265)
step 2653 score (0, 4, 9, 0.166009) best (1, 8, 19, 0.136265)
step 2654 score (0, 10, 10, 0.169348) best (1, 8, 19, 0.136265)
step 2655 score (0, 8, 10, 0.142851) best (1, 8, 19, 0.136265)
step 2656 score (0, 10, 10, 0.169348) best (1, 8, 19, 0.136265)
step 2657 score (0, 7, 10, 0.142851) best (1, 8, 19, 0.136265)
step 2658 score (0, 10, 10, 0.149954) best (1, 8, 19, 0.136265)
step 2659 score (0, 7, 11, 0.123144) best (1, 8, 19, 0.136265)
step 2660 score (0, 10, 10, 0.149954) best (1, 8, 19, 0.136265)
step 2661 score (0, 7, 10, 0.142851) best (1, 8, 19, 0.136265)
step 2662 score (0, 10, 10, 0.169348) best (1, 8, 19, 0.136265)
step 2663 score (0, 6, 9, 0.161629) best (1, 8, 19, 0.136265)
step 2664 score (0, 7, 9, 0.147997) best (1, 8, 19, 0.136265)
step 2665 score (0, 4, 10, 0.151943) best (1, 8, 19, 0.136265)
step 2666 score (0, 7, 9, 0.147997) best (1, 8, 19, 0.136265)
step 2667 score (0, 6, 12, 0.164807) best (1, 8, 19, 0.136265)
step 2668 score (0, 11, 17, 0.181829) best (1, 8, 19, 0.136265)
step 2669 score (0, 8, 17, 0.197258) best (1, 8, 19, 0.136265)
step 2670 score (0, 2, 16, 0.187702) best (1, 8, 19, 0.136265)
step 2671 score (0, 7, 16, 0.150976) best (1, 8, 19, 0.136265)
step 2672 score (0, 6, 9, 0.143676) best (1, 8, 19, 0.136265)
step 2673 score (0, 5, 11, 0.120331) best (1, 8, 19, 0.136265)
step 2674 score (0, 6, 9, 0.143676) best (1, 8, 19, 0.136265)
step 2675 score (0, 4, 15, 0.119341) best (1, 8, 19, 0.136265)
step 2676 score (0, 3, 15, 0.143935) best (1, 8, 19, 0.136265)
step 2677 score (0, 2, 18, 0.099666) best (1, 8, 19, 0.136265)
step 2678 score (0, 4, 10, 0.138623) best (1, 8, 19, 0.136265)
step 2679 score (0, 4, 8, 0.144824) best (1, 8, 19, 0.136265)
step 2680 score (0, 6, 9, 0.143676) best (1, 8, 19, 0.136265)
step 2681 score (0, 7, 16, 0.150976) best (1, 8, 19, 0.136265)
step 2682 score (0, 2, 16, 0.187702) best (1, 8, 19, 0.136265)
step 2683 score (0, 8, 17, 0.197258) best (1, 8, 19, 0.136265)
step 2684 score (0, 6, 17, 0.177499) best (1, 8, 19, 0.136265)
step 2685 score (0, 9, 16, 0.173417) best (1, 8, 19, 0.136265)
step 2686 score (0, 7, 9, 0.15362) best (1, 8, 19, 0.136265)
step 2687 score (0, 9, 16, 0.173417) best (1, 8, 19, 0.136265)
step 2688 score (0, 4, 16, 0.189502) best (1, 8, 19, 0.136265)
step 2689 score (0, 4, 14, 0.128221) best (1, 8, 19, 0.136265)
step 2690 score (0, 8, 17, 0.206435) best (1, 8, 19, 0.136265)
step 2691 score (0, 10, 17, 0.19612) best (1, 8, 19, 0.136265)
step 2692 score (0, 10, 16, 0.15792) best (1, 8, 19, 0.136265)
step 2693 score (0, 9, 16, 0.178756) best (1, 8, 19, 0.136265)
step 2694 score (0, 7, 16, 0.17238) best (1, 8, 19, 0.136265)
step 2695 score (0, 8, 16, 0.182648) best (1, 8, 19, 0.136265)
step 2696 score (0, 10, 16, 0.15792) best (1, 8, 19, 0.136265)
step 2697 score (0, 7, 16, 0.150976) best (1, 8, 19, 0.136265)
step 2698 score (0, 4, 14, 0.158223) best (1, 8, 19, 0.136265)
step 2699 score (0, 7, 16, 0.150976) best (1, 8, 19, 0.136265)
step 2700 score (0, 10, 16, 0.15792) best (1, 8, 19, 0.136265)
step 2701 score (0, 8, 16, 0.182648) best (1, 8, 19, 0.136265)
step 2702 score (0, 9, 16, 0.164434) best (1, 8, 19, 0.136265)
step 2703 score (0, 7, 13, 0.141963) best (1, 8, 19, 0.136265)
step 2704 score (0, 5, 10, 0.157206) best (1, 8, 19, 0.136265)
step 2705 score (0, 5, 13, 0.157) best (1, 8, 19, 0.136265)
step 2706 score (0, 5, 9, 0.131035) best (1, 8, 19, 0.136265)
step 2707 score (0, 6, 10, 0.138289) best (1, 8, 19, 0.136265)
step 2708 score (0, 5, 10, 0.160036) best (1, 8, 19, 0.136265)
step 2709 score (0, 3, 9, 0.131178) best (1, 8, 19, 0.136265)
step 2710 score (0, 3, 8, 0.120023) best (1, 8, 19, 0.136265)
step 2711 score (0, 5, 8, 0.109155) best (1, 8, 19, 0.136265)
step 2712 score (0, 6, 10, 0.135433) best (1, 8, 19, 0.136265)
step 2713 score (0, 6, 10, 0.131211) best (1, 8, 19, 0.136265)
step 2714 score (0, 2, 15, 0.114733) best (1, 8, 19, 0.136265)
step 2715 score (0, 6, 10, 0.131211) best (1, 8, 19, 0.136265)
step 2716 score (0, 4, 10, 0.127267) best (1, 8, 19, 0.136265)
step 2717 score (0, 4, 11, 0.133933) best (1, 8, 19, 0.136265)
step 2718 score (0, 5, 11, 0.131701) best (1, 8, 19, 0.136265)
step 2719 score (0, 6, 8, 0.134831) best (1, 8, 19, 0.136265)
step 2720 score (0, 5, 15, 0.153288) best (1, 8, 19, 0.136265)
step 2721 score (0, 6, 15, 0.146818) best (1, 8, 19, 0.136265)
step 2722 score (0, 5, 15, 0.153288) best (1, 8, 19, 0.136265)
step 2723 score (0, 6, 8, 0.134831) best (1, 8, 19, 0.136265)
step 2724 score (0, 5, 11, 0.131701) best (1, 8, 19, 0.136265)
step 2725 score (0, 0, 12, 0.165344) best (1, 8, 19, 0.136265)
step 2726 score (0, 3, 15, 0.155084) best (1, 8, 19, 0.136265)
step 2727 score (0, 5, 17, 0.161672) best (1, 8, 19, 0.136265)
step 2728 score (0, 5, 14, 0.175659) best (1, 8, 19, 0.136265)
step 2729 score (0, 6, 14, 0.153131) best (1, 8, 19, 0.136265)
step 2730 score (0, 4, 12, 0.142654) best (1, 8, 19, 0.136265)
step 2731 score (0, 3, 10, 0.132757) best (1, 8, 19, 0.136265)
step 2732 score (0, 4, 12, 0.142654) best (1, 8, 19, 0.136265)
step 2733 score (0, 3, 9, 0.128066) best (1, 8, 19, 0.136265)
step 2734 score (0, 3, 9, 0.112646) best (1, 8, 19, 0.136265)
step 2735 score (0, 3, 9, 0.142586) best (1, 8, 19, 0.136265)
step 2736 score (0, 7, 13, 0.149062) best (1, 8, 19, 0.136265)
step 2737 score (0, 6, 9, 0.130994) best (1, 8, 19, 0.136265)
step 2738 score (0, 7, 10, 0.133877) best (1, 8, 19, 0.136265)
step 2739 score (0, 6, 9, 0.130994) best (1, 8, 19, 0.136265)
step 2740 score (0, 7, 13, 0.149062) best (1, 8, 19, 0.136265)
step 2741 score (0, 10, 14, 0.161808) best (1, 8, 19, 0.136265)
step 2742 score (0, 9, 16, 0.186148) best (1, 8, 19, 0.136265)
step 2743 score (0, 10, 14, 0.161808) best (1, 8, 19, 0.136265)
step 2744 score (0, 3, 16, 0.160359) best (1, 8, 19, 0.136265)
step 2745 score (0, 3, 15, 0.155734) best (1, 8, 19, 0.136265)
step 2746 score (0, 3, 17, 0.190087) best (1, 8, 19, 0.136265)
step 2747 score (0, 2, 15, 0.15449) best (1, 8, 19, 0.136265)
step 2748 score (0, 5, 17, 0.168806) best (1, 8, 19, 0.136265)
step 2749 score (0, 4, 18, 0.199341) best (1, 8, 19, 0.136265)
step 2750 score (0, 5, 17, 0.183835) best (1, 8, 19, 0.136265)
step 2751 score (0, 4, 17, 0.188675) best (1, 8, 19, 0.136265)
step 2752 score (0, 9, 16, 0.186148) best (1, 8, 19, 0.136265)
step 2753 score (0, 10, 15, 0.168815) best (1, 8, 19, 0.136265)
step 2754 score (0, 5, 16, 0.17388) best (1, 8, 19, 0.136265)
step 2755 score (0, 5, 17, 0.186387) best (1, 8, 19, 0.136265)
step 2756 score (0, 9, 16, 0.186148) best (1, 8, 19, 0.136265)
step 2757 score (0, 10, 15, 0.168815) best (1, 8, 19, 0.136265)
step 2758 score (0, 7, 15, 0.183811) best (1, 8, 19, 0.136265)
step 2759 score (0, 4, 16, 0.175264) best (1, 8, 19, 0.136265)
step 2760 score (0, 7, 15, 0.183811) best (1, 8, 19, 0.136265)
step 2761 score (0, 10, 14, 0.175556) best (1, 8, 19, 0.136265)
step 2762 score (0, 5, 13, 0.135283) best (1, 8, 19, 0.136265)
step 2763 score (0, 2, 13, 0.103088) best (1, 8, 19, 0.136265)
step 2764 score (0, 1, 9, 0.106584) best (1, 8, 19, 0.136265)
step 2765 score (0, 5, 7, 0.086315) best (1, 8, 19, 0.136265)
step 2766 score (0, 0, 11, 0.139754) best (1, 8, 19, 0.136265)
step 2767 score (0, 3, 11, 0.113925) best (1, 8, 19, 0.136265)
step 2768 score (0, 4, 12, 0.124818) best (1, 8, 19, 0.136265)
step 2769 score (0, 6, 16, 0.117076) best (1, 8, 19, 0.136265)
step 2770 score (0, 6, 16, 0.125251) best (1, 8, 19, 0.136265)
step 2771 score (0, 6, 13, 0.114898) best (1, 8, 19, 0.136265)
step 2772 score (0, 6, 16, 0.125251) best (1, 8, 19, 0.136265)
step 2773 score (0, 7, 10, 0.127868) best (1, 8, 19, 0.136265)
step 2774 score (0, 6, 9, 0.142451) best (1, 8, 19, 0.136265)
step 2775 score (0, 6, 10, 0.119651) best (1, 8, 19, 0.136265)
step 2776 score (0, 7, 11, 0.140835) best (1, 8, 19, 0.136265)
step 2777 score (0, 6, 10, 0.119651) best (1, 8, 19, 0.136265)
step 2778 score (0, 2, 9, 0.122931) best (1, 8, 19, 0.136265)
step 2779 score (0, 8, 9, 0.137569) best (1, 8, 19, 0.136265)
step 2780 score (0, 9, 11, 0.123808) best (1, 8, 19, 0.136265)
step 2781 score (0, 7, 9, 0.137569) best (1, 8, 19, 0.136265)
step 2782 score (0, 9, 9, 0.154349) best (1, 8, 19, 0.136265)
step 2783 score (0, 8, 9, 0.145952) best (1, 8, 19, 0.136265)
step 2784 score (0, 9, 9, 0.154349) best (1, 8, 19, 0.136265)
step 2785 score (0, 8, 9, 0.143224) best (1, 8, 19, 0.136265)
step 2786 score (0, 4, 9, 0.152726) best (1, 8, 19, 0.136265)
step 2787 score (0, 9, 9, 0.14911) best (1, 8, 19, 0.136265)
step 2788 score (0, 9, 9, 0.111994) best (1, 8, 19, 0.136265)
step 2789 score (0, 8, 9, 0.152157) best (1, 8, 19, 0.136265)
step 2790 score (0, 9, 9, 0.111994) best (1, 8, 19, 0.136265)
step 2791 score (0, 9, 9, 0.14911) best (1, 8, 19, 0.136265)
step 2792 score (0, 9, 9, 0.111994) best (1, 8, 19, 0.136265)
step 2793 score (0, 7, 9, 0.161854) best (1, 8, 19, 0.136265)
step 2794 score (0, 9, 9, 0.111994) best (1, 8, 19, 0.136265)
step 2795 score (0, 0, 10, 0.120452) best (1, 8, 19, 0.136265)
step 2796 score (0, 4, 10, 0.154934) best (1, 8, 19, 0.136265)
step 2797 score (0, 8, 10, 0.13832) best (1, 8, 19, 0.136265)
step 2798 score (0, 10, 11, 0.125829) best (1, 8, 19, 0.136265)
step 2799 score (0, 7, 10, 0.13832) best (1, 8, 19, 0.136265)
step 2800 score (0, 7, 11, 0.105563) best (1, 8, 19, 0.136265)
step 2801 score (0, 6, 10, 0.101046) best (1, 8, 19, 0.136265)
step 2802 score (0, 3, 17, 0.139106) best (1, 8, 19, 0.136265)
step 2803 score (0, 6, 10, 0.101046) best (1, 8, 19, 0.136265)
step 2804 score (0, 7, 11, 0.105563) best (1, 8, 19, 0.136265)
step 2805 score (0, 7, 10, 0.13832) best (1, 8, 19, 0.136265)
step 2806 score (0, 7, 11, 0.105563) best (1, 8, 19, 0.136265)
step 2807 score (0, 3, 11, 0.122885) best (1, 8, 19, 0.136265)
step 2808 score (0, 1, 10, 0.180028) best (1, 8, 19, 0.136265)
step 2809 score (0, 4, 16, 0.148871) best (1, 8, 19, 0.136265)
step 2810 score (0, 3, 16, 0.150355) best (1, 8, 19, 0.136265)
step 2811 score (0, 3, 17, 0.169094) best (1, 8, 19, 0.136265)
step 2812 score (0, 4, 16, 0.166156) best (1, 8, 19, 0.136265)
step 2813 score (0, 6, 15, 0.166447) best (1, 8, 19, 0.136265)
step 2814 score (0, 3, 17, 0.161159) best (1, 8, 19, 0.136265)
step 2815 score (0, 6, 15, 0.166447) best (1, 8, 19, 0.136265)
step 2816 score (0, 7, 14, 0.154506) best (1, 8, 19, 0.136265)
step 2817 score (0, 8, 16, 0.129466) best (1, 8, 19, 0.136265)
step 2818 score (0, 7, 14, 0.154506) best (1, 8, 19, 0.136265)
step 2819 score (0, 3, 16, 0.136414) best (1, 8, 19, 0.136265)
step 2820 score (0, 9, 9, 0.148433) best (1, 8, 19, 0.136265)
step 2821 score (0, 9, 11, 0.165007) best (1, 8, 19, 0.136265)
step 2822 score (0, 9, 9, 0.148433) best (1, 8, 19, 0.136265)
step 2823 score (0, 7, 9, 0.106479) best (1, 8, 19, 0.136265)
step 2824 score (0, 9, 10, 0.142256) best (1, 8, 19, 0.136265)
step 2825 score (0, 7, 9, 0.106479) best (1, 8, 19, 0.136265)
step 2826 score (0, 9, 9, 0.148433) best (1, 8, 19, 0.136265)
step 2827 score (0, 9, 11, 0.165007) best (1, 8, 19, 0.136265)
step 2828 score (0, 5, 13, 0.180128) best (1, 8, 19, 0.136265)
step 2829 score (0, 9, 11, 0.165007) best (1, 8, 19, 0.136265)
step 2830 score (0, 9, 9, 0.148433) best (1, 8, 19, 0.136265)
step 2831 score (0, 9, 9, 0.175961) best (1, 8, 19, 0.136265)
step 2832 score (0, 8, 9, 0.145952) best (1, 8, 19, 0.136265)
step 2833 score (0, 8, 9, 0.106479) best (1, 8, 19, 0.136265)
step 2834 score (0, 3, 9, 0.12447) best (1, 8, 19, 0.136265)
step 2835 score (0, 8, 9, 0.106479) best (1, 8, 19, 0.136265)
step 2836 score (0, 9, 9, 0.148433) best (1, 8, 19, 0.136265)
step 2837 score (0, 9, 11, 0.165007) best (1, 8, 19, 0.136265)
step 2838 score (0, 4, 13, 0.14666) best (1, 8, 19, 0.136265)
step 2839 score (0, 9, 11, 0.102554) best (1, 8, 19, 0.136265)
step 2840 score (0, 8, 9, 0.113161) best (1, 8, 19, 0.136265)
step 2841 score (0, 5, 9, 0.137469) best (1, 8, 19, 0.136265)
step 2842 score (0, 5, 9, 0.122731) best (1, 8, 19, 0.136265)
step 2843 score (0, 7, 9, 0.098964) best (1, 8, 19, 0.136265)
step 2844 score (0, 8, 9, 0.123434) best (1, 8, 19, 0.136265)
step 2845 score (0, 7, 9, 0.107598) best (1, 8, 19, 0.136265)
step 2846 score (0, 8, 9, 0.123434) best (1, 8, 19, 0.136265)
step 2847 score (0, 9, 9, 0.130312) best (1, 8, 19, 0.136265)
step 2848 score (0, 8, 9, 0.123434) best (1, 8, 19, 0.136265)
step 2849 score (0, 7, 9, 0.107598) best (1, 8, 19, 0.136265)
step 2850 score (0, 5, 9, 0.130029) best (1, 8, 19, 0.136265)
step 2851 score (0, 5, 10, 0.176105) best (1, 8, 19, 0.136265)
step 2852 score (0, 7, 10, 0.158509) best (1, 8, 19, 0.136265)
step 2853 score (0, 7, 9, 0.107598) best (1, 8, 19, 0.136265)
step 2854 score (0, 8, 9, 0.123434) best (1, 8, 19, 0.136265)
step 2855 score (0, 0, 8, 0.099242) best (1, 8, 19, 0.136265)
step 2856 score (0, 2, 8, 0.116386) best (1, 8, 19, 0.136265)
step 2857 score (0, 8, 11, 0.120453) best (1, 8, 19, 0.136265)
step 2858 score (0, 7, 10, 0.130506) best (1, 8, 19, 0.136265)
step 2859 score (0, 8, 11, 0.120453) best (1, 8, 19, 0.136265)
step 2860 score (0, 2, 9, 0.117823) best (1, 8, 19, 0.136265)
step 2861 score (0, 8, 9, 0.137511) best (1, 8, 19, 0.136265)
step 2862 score (0, 2, 11, 0.127838) best (1, 8, 19, 0.136265)
step 2863 score (0, 3, 16, 0.152818) best (1, 8, 19, 0.136265)
step 2864 score (0, 7, 13, 0.157201) best (1, 8, 19, 0.136265)
step 2865 score (0, 5, 11, 0.141391) best (1, 8, 19, 0.136265)
step 2866 score (0, 6, 14, 0.141859) best (1, 8, 19, 0.136265)
step 2867 score (0, 7, 15, 0.141112) best (1, 8, 19, 0.136265)
step 2868 score (0, 6, 14, 0.141859) best (1, 8, 19, 0.136265)
step 2869 score (0, 5, 11, 0.141391) best (1, 8, 19, 0.136265)
step 2870 score (0, 6, 14, 0.141859) best (1, 8, 19, 0.136265)
step 2871 score (0, 2, 15, 0.154366) best (1, 8, 19, 0.136265)
step 2872 score (0, 2, 15, 0.143099) best (1, 8, 19, 0.136265)
step 2873 score (0, 3, 14, 0.154446) best (1, 8, 19, 0.136265)
step 2874 score (0, 2, 15, 0.143099) best (1, 8, 19, 0.136265)
step 2875 score (0, 4, 16, 0.153009) best (1, 8, 19, 0.136265)
step 2876 score (0, 6, 14, 0.141859) best (1, 8, 19, 0.136265)
step 2877 score (0, 7, 15, 0.141112) best (1, 8, 19, 0.136265)
step 2878 score (0, 5, 16, 0.121491) best (1, 8, 19, 0.136265)
step 2879 score (0, 2, 9, 0.10363) best (1, 8, 19, 0.136265)
step 2880 score (0, 6, 11, 0.132886) best (1, 8, 19, 0.136265)
step 2881 score (0, 4, 10, 0.131254) best (1, 8, 19, 0.136265)
step 2882 score (0, 3, 11, 0.131629) best (1, 8, 19, 0.136265)
step 2883 score (0, 8, 9, 0.132662) best (1, 8, 19, 0.136265)
step 2884 score (0, 3, 11, 0.131629) best (1, 8, 19, 0.136265)
step 2885 score (0, 0, 11, 0.126955) best (1, 8, 19, 0.136265)
step 2886 score (0, 1, 8, 0.113349) best (1, 8, 19, 0.136265)
step 2887 score (0, 0, 12, 0.121072) best (1, 8, 19, 0.136265)
step 2888 score (0, 0, 14, 0.087409) best (1, 8, 19, 0.136265)
step 2889 score (0, 0, 13, 0.109582) best (1, 8, 19, 0.136265)
step 2890 score (0, 0, 12, 0.129373) best (1, 8, 19, 0.136265)
step 2891 score (0, 0, 12, 0.125532) best (1, 8, 19, 0.136265)
step 2892 score (0, 2, 6, 0.088518) best (1, 8, 19, 0.136265)
step 2893 score (0, 0, 14, 0.12502) best (1, 8, 19, 0.136265)
step 2894 score (0, 2, 6, 0.088518) best (1, 8, 19, 0.136265)
step 2895 score (0, 0, 12, 0.125532) best (1, 8, 19, 0.136265)
step 2896 score (0, 1, 11, 0.13652) best (1, 8, 19, 0.136265)
step 2897 score (0, 2, 13, 0.145976) best (1, 8, 19, 0.136265)
step 2898 score (0, 1, 11, 0.12553) best (1, 8, 19, 0.136265)
step 2899 score (0, 0, 13, 0.135291) best (1, 8, 19, 0.136265)
step 2900 score (0, 0, 16, 0.119633) best (1, 8, 19, 0.136265)
step 2901 score (0, 2, 16, 0.119687) best (1, 8, 19, 0.136265)
step 2902 score (0, 1, 15, 0.127465) best (1, 8, 19, 0.136265)
step 2903 score (0, 1, 9, 0.118848) best (1, 8, 19, 0.136265)
step 2904 score (0, 1, 10, 0.120277) best (1, 8, 19, 0.136265)
step 2905 score (0, 0, 15, 0.157427) best (1, 8, 19, 0.136265)
step 2906 score (0, 1, 16, 0.146774) best (1, 8, 19, 0.136265)
step 2907 score (0, 6, 17, 0.144966) best (1, 8, 19, 0.136265)
step 2908 score (0, 1, 16, 0.146774) best (1, 8, 19, 0.136265)
step 2909 score (0, 1, 13, 0.14237) best (1, 8, 19, 0.136265)
step 2910 score (0, 1, 16, 0.146774) best (1, 8, 19, 0.136265)
step 2911 score (0, 1, 14, 0.165594) best (1, 8, 19, 0.136265)
step 2912 score (0, 1, 16, 0.165295) best (1, 8, 19, 0.136265)
step 2913 score (0, 2, 15, 0.160644) best (1, 8, 19, 0.136265)
step 2914 score (0, 1, 16, 0.165295) best (1, 8, 19, 0.136265)
step 2915 score (0, 1, 15, 0.139668) best (1, 8, 19, 0.136265)
step 2916 score (0, 1, 16, 0.165295) best (1, 8, 19, 0.136265)
step 2917 score (0, 1, 15, 0.127408) best (1, 8, 19, 0.136265)
step 2918 score (0, 0, 16, 0.113288) best (1, 8, 19, 0.136265)
step 2919 score (0, 0, 10, 0.12783) best (1, 8, 19, 0.136265)
step 2920 score (0, 1, 16, 0.165295) best (1, 8, 19, 0.136265)
step 2921 score (0, 5, 12, 0.114834) best (1, 8, 19, 0.136265)
step 2922 score (0, 1, 10, 0.119804) best (1, 8, 19, 0.136265)
step 2923 score (0, 2, 9, 0.083656) best (1, 8, 19, 0.136265)
step 2924 score (0, 3, 11, 0.103031) best (1, 8, 19, 0.136265)
step 2925 score (0, 0, 13, 0.119892) best (1, 8, 19, 0.136265)
step 2926 score (0, 1, 13, 0.126526) best (1, 8, 19, 0.136265)
step 2927 score (0, 1, 11, 0.11845) best (1, 8, 19, 0.136265)
step 2928 score (0, 3, 15, 0.14173) best (1, 8, 19, 0.136265)
step 2929 score (0, 2, 15, 0.145958) best (1, 8, 19, 0.136265)
step 2930 score (0, 4, 15, 0.150032) best (1, 8, 19, 0.136265)
step 2931 score (0, 2, 15, 0.145958) best (1, 8, 19, 0.136265)
step 2932 score (0, 3, 15, 0.135827) best (1, 8, 19, 0.136265)
step 2933 score (0, 3, 15, 0.134768) best (1, 8, 19, 0.136265)
step 2934 score (0, 2, 18, 0.137053) best (1, 8, 19, 0.136265)
step 2935 score (0, 3, 11, 0.115764) best (1, 8, 19, 0.136265)
step 2936 score (0, 2, 18, 0.137053) best (1, 8, 19, 0.136265)
step 2937 score (0, 3, 15, 0.134768) best (1, 8, 19, 0.136265)
step 2938 score (0, 3, 15, 0.135827) best (1, 8, 19, 0.136265)
step 2939 score (0, 2, 13, 0.110883) best (1, 8, 19, 0.136265)
step 2940 score (0, 1, 16, 0.149963) best (1, 8, 19, 0.136265)
step 2941 score (0, 2, 17, 0.142835) best (1, 8, 19, 0.136265)
step 2942 score (0, 2, 18, 0.137053) best (1, 8, 19, 0.136265)
step 2943 score (0, 3, 15, 0.134768) best (1, 8, 19, 0.136265)
step 2944 score (0, 1, 12, 0.136808) best (1, 8, 19, 0.136265)
step 2945 score (0, 2, 13, 0.116091) best (1, 8, 19, 0.136265)
step 2946 score (0, 2, 17, 0.122735) best (1, 8, 19, 0.136265)
step 2947 score (0, 3, 14, 0.102292) best (1, 8, 19, 0.136265)
step 2948 score (0, 0, 14, 0.115269) best (1, 8, 19, 0.136265)
step 2949 score (0, 3, 14, 0.102292) best (1, 8, 19, 0.136265)
step 2950 score (0, 2, 12, 0.119) best (1, 8, 19, 0.136265)
step 2951 score (0, 0, 14, 0.132483) best (1, 8, 19, 0.136265)
step 2952 score (0, 2, 15, 0.14226) best (1, 8, 19, 0.136265)
step 2953 score (0, 2, 15, 0.14226) best (1, 8, 19, 0.136265)
step 2954 score (0, 4, 12, 0.138462) best (1, 8, 19, 0.136265)
step 2955 score (0, 2, 15, 0.14226) best (1, 8, 19, 0.136265)
step 2956 score (0, 2, 13, 0.149249) best (1, 8, 19, 0.136265)
step 2957 score (0, 2, 13, 0.12348) best (1, 8, 19, 0.136265)
step 2958 score (0, 2, 13, 0.149249) best (1, 8, 19, 0.136265)
step 2959 score (0, 2, 15, 0.14226) best (1, 8, 19, 0.136265)
step 2960 score (0, 4, 12, 0.138462) best (1, 8, 19, 0.136265)
step 2961 score (0, 0, 14, 0.146483) best (1, 8, 19, 0.136265)
step 2962 score (0, 2, 16, 0.146701) best (1, 8, 19, 0.136265)
step 2963 score (0, 2, 13, 0.083592) best (1, 8, 19, 0.136265)
step 2964 score (0, 2, 16, 0.146701) best (1, 8, 19, 0.136265)
step 2965 score (0, 0, 14, 0.146483) best (1, 8, 19, 0.136265)
step 2966 score (0, 4, 12, 0.138462) best (1, 8, 19, 0.136265)
step 2967 score (0, 2, 15, 0.14226) best (1, 8, 19, 0.136265)
step 2968 score (0, 3, 14, 0.148394) best (1, 8, 19, 0.136265)
step 2969 score (0, 2, 15, 0.14226) best (1, 8, 19, 0.136265)
step 2970 score (0, 4, 12, 0.138462) best (1, 8, 19, 0.136265)
step 2971 score (0, 2, 15, 0.1328) best (1, 8, 19, 0.136265)
step 2972 score (0, 1, 14, 0.136251) best (1, 8, 19, 0.136265)
step 2973 score (0, 1, 10, 0.112313) best (1, 8, 19, 0.136265)
step 2974 score (0, 1, 16, 0.118709) best (1, 8, 19, 0.136265)
step 2975 score (0, 3, 17, 0.144529) best (1, 8, 19, 0.136265)
step 2976 score (0, 1, 16, 0.118709) best (1, 8, 19, 0.136265)
step 2977 score (0, 0, 15, 0.107746) best (1, 8, 19, 0.136265)
step 2978 score (0, 1, 12, 0.121024) best (1, 8, 19, 0.136265)
step 2979 score (0, 0, 13, 0.134595) best (1, 8, 19, 0.136265)
step 2980 score (0, 1, 14, 0.122726) best (1, 8, 19, 0.136265)
step 2981 score (0, 0, 13, 0.134595) best (1, 8, 19, 0.136265)
step 2982 score (0, 1, 12, 0.121024) best (1, 8, 19, 0.136265)
step 2983 score (0, 0, 15, 0.107746) best (1, 8, 19, 0.136265)
step 2984 score (0, 3, 13, 0.118736) best (1, 8, 19, 0.136265)
step 2985 score (0, 3, 15, 0.128834) best (1, 8, 19, 0.136265)
step 2986 score (0, 2, 16, 0.141515) best (1, 8, 19, 0.136265)
step 2987 score (0, 3, 12, 0.121574) best (1, 8, 19, 0.136265)
step 2988 score (0, 1, 11, 0.125502) best (1, 8, 19, 0.136265)
step 2989 score (0, 3, 12, 0.121574) best (1, 8, 19, 0.136265)
step 2990 score (0, 6, 16, 0.142771) best (1, 8, 19, 0.136265)
step 2991 score (0, 4, 14, 0.132136) best (1, 8, 19, 0.136265)
step 2992 score (0, 1, 11, 0.125502) best (1, 8, 19, 0.136265)
step 2993 score (0, 2, 9, 0.115955) best (1, 8, 19, 0.136265)
step 2994 score (0, 3, 11, 0.108405) best (1, 8, 19, 0.136265)
step 2995 score (0, 0, 6, 0.107001) best (1, 8, 19, 0.136265)
step 2996 score (0, 0, 9, 0.11459) best (1, 8, 19, 0.136265)
step 2997 score (0, 1, 9, 0.120982) best (1, 8, 19, 0.136265)
step 2998 score (0, 3, 13, 0.135501) best (1, 8, 19, 0.136265)
step 2999 score (0, 4, 15, 0.171663) best (1, 8, 19, 0.136265)
step 3000 score (0, 4, 15, 0.164006) best (1, 8, 19, 0.136265)
step 3001 score (0, 6, 17, 0.187164) best (1, 8, 19, 0.136265)
step 3002 score (0, 7, 16, 0.162259) best (1, 8, 19, 0.136265)
step 3003 score (0, 9, 12, 0.150078) best (1, 8, 19, 0.136265)
step 3004 score (0, 6, 13, 0.166914) best (1, 8, 19, 0.136265)
step 3005 score (0, 9, 12, 0.150078) best (1, 8, 19, 0.136265)
step 3006 score (0, 5, 11, 0.155488) best (1, 8, 19, 0.136265)
step 3007 score (0, 5, 16, 0.168445) best (1, 8, 19, 0.136265)
step 3008 score (0, 7, 12, 0.125855) best (1, 8, 19, 0.136265)
step 3009 score (0, 4, 8, 0.133043) best (1, 8, 19, 0.136265)
step 3010 score (0, 0, 14, 0.126198) best (1, 8, 19, 0.136265)
step 3011 score (0, 4, 13, 0.099023) best (1, 8, 19, 0.136265)
step 3012 score (0, 4, 15, 0.129947) best (1, 8, 19, 0.136265)
step 3013 score (0, 1, 14, 0.121027) best (1, 8, 19, 0.136265)
step 3014 score (0, 4, 15, 0.129947) best (1, 8, 19, 0.136265)
step 3015 score (0, 4, 13, 0.099023) best (1, 8, 19, 0.136265)
step 3016 score (0, 5, 12, 0.130394) best (1, 8, 19, 0.136265)
step 3017 score (0, 2, 16, 0.14157) best (1, 8, 19, 0.136265)
step 3018 score (0, 5, 17, 0.167) best (1, 8, 19, 0.136265)
step 3019 score (0, 4, 17, 0.163079) best (1, 8, 19, 0.136265)
step 3020 score (0, 2, 15, 0.163554) best (1, 8, 19, 0.136265)
step 3021 score (0, 4, 15, 0.151169) best (1, 8, 19, 0.136265)
step 3022 score (0, 6, 16, 0.156265) best (1, 8, 19, 0.136265)
step 3023 score (0, 5, 16, 0.127057) best (1, 8, 19, 0.136265)
step 3024 score (0, 3, 15, 0.121834) best (1, 8, 19, 0.136265)
step 3025 score (0, 3, 17, 0.153001) best (1, 8, 19, 0.136265)
step 3026 score (0, 3, 12, 0.124233) best (1, 8, 19, 0.136265)
step 3027 score (0, 0, 13, 0.138245) best (1, 8, 19, 0.136265)
step 3028 score (0, 2, 11, 0.110538) best (1, 8, 19, 0.136265)
step 3029 score (0, 5, 14, 0.106237) best (1, 8, 19, 0.136265)
step 3030 score (0, 1, 14, 0.137859) best (1, 8, 19, 0.136265)
step 3031 score (0, 2, 11, 0.116922) best (1, 8, 19, 0.136265)
step 3032 score (0, 4, 9, 0.111684) best (1, 8, 19, 0.136265)
step 3033 score (0, 0, 15, 0.100507) best (1, 8, 19, 0.136265)
step 3034 score (0, 0, 10, 0.109977) best (1, 8, 19, 0.136265)
step 3035 score (0, 0, 15, 0.100507) best (1, 8, 19, 0.136265)
step 3036 score (0, 4, 9, 0.111684) best (1, 8, 19, 0.136265)
step 3037 score (0, 2, 11, 0.116922) best (1, 8, 19, 0.136265)
step 3038 score (0, 2, 8, 0.110957) best (1, 8, 19, 0.136265)
step 3039 score (0, 2, 11, 0.116922) best (1, 8, 19, 0.136265)
step 3040 score (0, 0, 12, 0.121183) best (1, 8, 19, 0.136265)
step 3041 score (0, 0, 15, 0.159018) best (1, 8, 19, 0.136265)
step 3042 score (0, 0, 14, 0.130061) best (1, 8, 19, 0.136265)
step 3043 score (0, 2, 11, 0.104857) best (1, 8, 19, 0.136265)
step 3044 score (0, 2, 11, 0.103665) best (1, 8, 19, 0.136265)
step 3045 score (0, 1, 9, 0.103861) best (1, 8, 19, 0.136265)
step 3046 score (0, 2, 11, 0.103665) best (1, 8, 19, 0.136265)
step 3047 score (0, 2, 11, 0.104857) best (1, 8, 19, 0.136265)
step 3048 score (0, 5, 9, 0.083525) best (1, 8, 19, 0.136265)
step 3049 score (0, 5, 13, 0.110446) best (1, 8, 19, 0.136265)
step 3050 score (0, 4, 16, 0.114225) best (1, 8, 19, 0.136265)
step 3051 score (0, 5, 13, 0.110446) best (1, 8, 19, 0.136265)
step 3052 score (0, 4, 13, 0.09675) best (1, 8, 19, 0.136265)
step 3053 score (0, 6, 15, 0.109263) best (1, 8, 19, 0.136265)
step 3054 score (0, 5, 11, 0.100473) best (1, 8, 19, 0.136265)
step 3055 score (0, 6, 15, 0.109263) best (1, 8, 19, 0.136265)
step 3056 score (0, 4, 13, 0.09675) best (1, 8, 19, 0.136265)
step 3057 score (0, 1, 13, 0.128514) best (1, 8, 19, 0.136265)
step 3058 score (0, 4, 13, 0.09675) best (1, 8, 19, 0.136265)
step 3059 score (0, 2, 16, 0.12656) best (1, 8, 19, 0.136265)
step 3060 score (0, 3, 9, 0.126542) best (1, 8, 19, 0.136265)
step 3061 score (0, 2, 16, 0.12656) best (1, 8, 19, 0.136265)
step 3062 score (0, 2, 15, 0.125267) best (1, 8, 19, 0.136265)
step 3063 score (0, 5, 13, 0.110446) best (1, 8, 19, 0.136265)
step 3064 score (0, 5, 9, 0.083525) best (1, 8, 19, 0.136265)
step 3065 score (0, 1, 13, 0.104309) best (1, 8, 19, 0.136265)
step 3066 score (0, 1, 14, 0.119806) best (1, 8, 19, 0.136265)
step 3067 score (0, 3, 13, 0.107166) best (1, 8, 19, 0.136265)
step 3068 score (0, 1, 13, 0.101802) best (1, 8, 19, 0.136265)
step 3069 score (0, 1, 13, 0.120437) best (1, 8, 19, 0.136265)
step 3070 score (0, 3, 15, 0.132212) best (1, 8, 19, 0.136265)
step 3071 score (0, 3, 14, 0.118244) best (1, 8, 19, 0.136265)
step 3072 score (0, 1, 14, 0.122418) best (1, 8, 19, 0.136265)
step 3073 score (0, 1, 12, 0.111665) best (1, 8, 19, 0.136265)
step 3074 score (0, 2, 16, 0.11851) best (1, 8, 19, 0.136265)
step 3075 score (0, 2, 15, 0.115742) best (1, 8, 19, 0.136265)
step 3076 score (0, 2, 15, 0.112143) best (1, 8, 19, 0.136265)
step 3077 score (0, 2, 18, 0.134964) best (1, 8, 19, 0.136265)
step 3078 score (0, 4, 16, 0.114225) best (1, 8, 19, 0.136265)
step 3079 score (0, 0, 16, 0.120737) best (1, 8, 19, 0.136265)
step 3080 score (0, 4, 13, 0.122133) best (1, 8, 19, 0.136265)
step 3081 score (0, 5, 13, 0.110446) best (1, 8, 19, 0.136265)
step 3082 score (0, 4, 16, 0.114225) best (1, 8, 19, 0.136265)
step 3083 score (0, 2, 18, 0.134964) best (1, 8, 19, 0.136265)
step 3084 score (0, 4, 14, 0.135925) best (1, 8, 19, 0.136265)
step 3085 score (0, 2, 17, 0.129502) best (1, 8, 19, 0.136265)
step 3086 score (0, 0, 18, 0.141144) best (1, 8, 19, 0.136265)
step 3087 score (0, 2, 17, 0.129502) best (1, 8, 19, 0.136265)
step 3088 score (0, 4, 14, 0.135925) best (1, 8, 19, 0.136265)
step 3089 score (0, 2, 18, 0.134964) best (1, 8, 19, 0.136265)
step 3090 score (0, 4, 16, 0.114225) best (1, 8, 19, 0.136265)
step 3091 score (0, 4, 15, 0.094027) best (1, 8, 19, 0.136265)
step 3092 score (0, 4, 13, 0.09675) best (1, 8, 19, 0.136265)
step 3093 score (0, 5, 13, 0.110446) best (1, 8, 19, 0.136265)
step 3094 score (0, 4, 13, 0.122133) best (1, 8, 19, 0.136265)
step 3095 score (0, 4, 11, 0.115507) best (1, 8, 19, 0.136265)
step 3096 score (0, 5, 11, 0.100473) best (1, 8, 19, 0.136265)
step 3097 score (0, 6, 15, 0.109263) best (1, 8, 19, 0.136265)
step 3098 score (0, 0, 13, 0.129687) best (1, 8, 19, 0.136265)
step 3099 score (0, 1, 13, 0.143771) best (1, 8, 19, 0.136265)
step 3100 score (0, 3, 16, 0.143567) best (1, 8, 19, 0.136265)
CERTIFICATE 36ae95b9a814baef
step 3101 score (1, 1, 13, 0.141498) best (1, 8, 19, 0.136265)
step 3102 score (0, 1, 11, 0.155706) best (1, 8, 19, 0.136265)
CERTIFICATE a66934c634e15afd
step 3103 score (1, 1, 13, 0.141498) best (1, 8, 19, 0.136265)
step 3104 score (0, 3, 11, 0.109611) best (1, 8, 19, 0.136265)
CERTIFICATE 1f46c88bd3c0ba73
step 3105 score (1, 1, 13, 0.141498) best (1, 8, 19, 0.136265)
step 3106 score (0, 1, 11, 0.155706) best (1, 8, 19, 0.136265)
step 3107 score (0, 1, 12, 0.146836) best (1, 8, 19, 0.136265)
step 3108 score (0, 2, 16, 0.145109) best (1, 8, 19, 0.136265)
step 3109 score (0, 0, 17, 0.14546) best (1, 8, 19, 0.136265)
step 3110 score (0, 3, 17, 0.132625) best (1, 8, 19, 0.136265)
step 3111 score (0, 7, 18, 0.133911) best (1, 8, 19, 0.136265)
step 3112 score (0, 5, 17, 0.161868) best (1, 8, 19, 0.136265)
step 3113 score (0, 9, 16, 0.151483) best (1, 8, 19, 0.136265)
step 3114 score (0, 0, 16, 0.143912) best (1, 8, 19, 0.136265)
step 3115 score (0, 2, 15, 0.129522) best (1, 8, 19, 0.136265)
step 3116 score (0, 1, 15, 0.149374) best (1, 8, 19, 0.136265)
step 3117 score (0, 2, 15, 0.145194) best (1, 8, 19, 0.136265)
step 3118 score (0, 2, 15, 0.160176) best (1, 8, 19, 0.136265)
step 3119 score (0, 4, 16, 0.178311) best (1, 8, 19, 0.136265)
step 3120 score (0, 6, 15, 0.16665) best (1, 8, 19, 0.136265)
step 3121 score (0, 7, 15, 0.160893) best (1, 8, 19, 0.136265)
step 3122 score (0, 4, 10, 0.119499) best (1, 8, 19, 0.136265)
step 3123 score (0, 1, 10, 0.123775) best (1, 8, 19, 0.136265)
step 3124 score (0, 10, 11, 0.146348) best (1, 8, 19, 0.136265)
step 3125 score (0, 6, 10, 0.167852) best (1, 8, 19, 0.136265)
step 3126 score (0, 10, 11, 0.146348) best (1, 8, 19, 0.136265)
step 3127 score (0, 6, 11, 0.146916) best (1, 8, 19, 0.136265)
step 3128 score (0, 10, 11, 0.146348) best (1, 8, 19, 0.136265)
step 3129 score (0, 5, 10, 0.167852) best (1, 8, 19, 0.136265)
step 3130 score (0, 8, 10, 0.170766) best (1, 8, 19, 0.136265)
CERTIFICATE f7a1edadb1a8279a
step 3131 score (1, 3, 9, 0.113302) best (1, 8, 19, 0.136265)
step 3132 score (0, 4, 10, 0.135889) best (1, 8, 19, 0.136265)
CERTIFICATE 59697fcae8e73ebc
step 3133 score (1, 3, 9, 0.113302) best (1, 8, 19, 0.136265)
step 3134 score (0, 8, 10, 0.170766) best (1, 8, 19, 0.136265)
step 3135 score (0, 7, 10, 0.145203) best (1, 8, 19, 0.136265)
step 3136 score (0, 7, 10, 0.110604) best (1, 8, 19, 0.136265)
step 3137 score (0, 9, 10, 0.14829) best (1, 8, 19, 0.136265)
step 3138 score (0, 8, 10, 0.164245) best (1, 8, 19, 0.136265)
step 3139 score (0, 8, 10, 0.163777) best (1, 8, 19, 0.136265)
step 3140 score (0, 10, 11, 0.129743) best (1, 8, 19, 0.136265)
step 3141 score (0, 8, 10, 0.163777) best (1, 8, 19, 0.136265)
step 3142 score (0, 6, 11, 0.128466) best (1, 8, 19, 0.136265)
step 3143 score (0, 8, 11, 0.172717) best (1, 8, 19, 0.136265)
step 3144 score (0, 7, 11, 0.133064) best (1, 8, 19, 0.136265)
step 3145 score (0, 5, 11, 0.164409) best (1, 8, 19, 0.136265)
step 3146 score (0, 7, 10, 0.12173) best (1, 8, 19, 0.136265)
step 3147 score (0, 9, 11, 0.158311) best (1, 8, 19, 0.136265)
step 3148 score (0, 6, 11, 0.117057) best (1, 8, 19, 0.136265)
step 3149 score (0, 5, 12, 0.168046) best (1, 8, 19, 0.136265)
step 3150 score (0, 5, 12, 0.162598) best (1, 8, 19, 0.136265)
step 3151 score (0, 9, 11, 0.158311) best (1, 8, 19, 0.136265)
step 3152 score (0, 7, 11, 0.134145) best (1, 8, 19, 0.136265)
step 3153 score (0, 9, 11, 0.158311) best (1, 8, 19, 0.136265)
step 3154 score (0, 7, 13, 0.087916) best (1, 8, 19, 0.136265)
step 3155 score (0, 1, 12, 0.108921) best (1, 8, 19, 0.136265)
step 3156 score (0, 7, 13, 0.087916) best (1, 8, 19, 0.136265)
step 3157 score (0, 9, 11, 0.158311) best (1, 8, 19, 0.136265)
step 3158 score (0, 7, 11, 0.134145) best (1, 8, 19, 0.136265)
step 3159 score (0, 9, 11, 0.158311) best (1, 8, 19, 0.136265)
step 3160 score (0, 7, 13, 0.087916) best (1, 8, 19, 0.136265)
step 3161 score (0, 4, 16, 0.119726) best (1, 8, 19, 0.136265)
step 3162 score (0, 6, 13, 0.110237) best (1, 8, 19, 0.136265)
step 3163 score (0, 5, 15, 0.145748) best (1, 8, 19, 0.136265)
step 3164 score (0, 6, 13, 0.110237) best (1, 8, 19, 0.136265)
step 3165 score (0, 4, 16, 0.119726) best (1, 8, 19, 0.136265)
step 3166 score (0, 8, 15, 0.141423) best (1, 8, 19, 0.136265)
CERTIFICATE 6ba34980fd2f5764
step 3167 score (1, 4, 16, 0.141519) best (1, 8, 19, 0.136265)
step 3168 score (0, 1, 12, 0.119754) best (1, 8, 19, 0.136265)
CERTIFICATE 098f69aeca62b7a9
step 3169 score (1, 4, 16, 0.141519) best (1, 8, 19, 0.136265)
CERTIFICATE d5ab7c0cdb74fc1b
step 3170 score (1, 7, 16, 0.168901) best (1, 8, 19, 0.136265)
step 3171 score (0, 9, 15, 0.144548) best (1, 8, 19, 0.136265)
step 3172 score (0, 10, 14, 0.169806) best (1, 8, 19, 0.136265)
step 3173 score (0, 13, 15, 0.184163) best (1, 8, 19, 0.136265)
step 3174 score (0, 10, 14, 0.169806) best (1, 8, 19, 0.136265)
step 3175 score (0, 5, 16, 0.164056) best (1, 8, 19, 0.136265)
step 3176 score (0, 8, 17, 0.160123) best (1, 8, 19, 0.136265)
step 3177 score (0, 6, 13, 0.116002) best (1, 8, 19, 0.136265)
step 3178 score (0, 2, 11, 0.10637) best (1, 8, 19, 0.136265)
step 3179 score (0, 11, 17, 0.151558) best (1, 8, 19, 0.136265)
CERTIFICATE 46f9bacf39f02ed6
step 3180 score (1, 4, 16, 0.156068) best (1, 8, 19, 0.136265)
step 3181 score (0, 11, 17, 0.151558) best (1, 8, 19, 0.136265)
step 3182 score (0, 3, 17, 0.149909) best (1, 8, 19, 0.136265)
step 3183 score (0, 8, 14, 0.104598) best (1, 8, 19, 0.136265)
step 3184 score (0, 6, 15, 0.140135) best (1, 8, 19, 0.136265)
step 3185 score (0, 11, 17, 0.151558) best (1, 8, 19, 0.136265)
CERTIFICATE 9aab4aaf04e83e14
step 3186 score (1, 4, 16, 0.156068) best (1, 8, 19, 0.136265)
CERTIFICATE 7480ff29519dbddb
step 3187 score (1, 9, 16, 0.175114) best (1, 9, 16, 0.175114)
step 3188 score (0, 14, 16, 0.179565) best (1, 9, 16, 0.175114)
step 3189 score (0, 11, 16, 0.180188) best (1, 9, 16, 0.175114)
step 3190 score (0, 7, 17, 0.180074) best (1, 9, 16, 0.175114)
CERTIFICATE 3457818ee44299f3
step 3191 score (1, 8, 17, 0.118111) best (1, 9, 16, 0.175114)
step 3192 score (0, 2, 14, 0.112415) best (1, 9, 16, 0.175114)
step 3193 score (0, 2, 9, 0.119043) best (1, 9, 16, 0.175114)
step 3194 score (0, 2, 14, 0.112415) best (1, 9, 16, 0.175114)
CERTIFICATE 491e85123e50a1a4
step 3195 score (1, 8, 17, 0.118111) best (1, 9, 16, 0.175114)
step 3196 score (0, 7, 17, 0.180074) best (1, 9, 16, 0.175114)
step 3197 score (0, 11, 16, 0.180188) best (1, 9, 16, 0.175114)
step 3198 score (0, 11, 17, 0.150165) best (1, 9, 16, 0.175114)
step 3199 score (0, 11, 16, 0.180188) best (1, 9, 16, 0.175114)
step 3200 score (0, 14, 16, 0.179565) best (1, 9, 16, 0.175114)
CERTIFICATE 20d811744aae7ef4
step 3201 score (1, 9, 16, 0.175114) best (1, 9, 16, 0.175114)
CERTIFICATE 17d0e540a12a5b09
step 3202 score (1, 4, 16, 0.156068) best (1, 9, 16, 0.175114)
step 3203 score (0, 11, 17, 0.151558) best (1, 9, 16, 0.175114)
step 3204 score (0, 8, 17, 0.160123) best (1, 9, 16, 0.175114)
step 3205 score (0, 11, 17, 0.151558) best (1, 9, 16, 0.175114)
CERTIFICATE 2d33d1d99343ee0f
step 3206 score (1, 4, 16, 0.156068) best (1, 9, 16, 0.175114)
CERTIFICATE 89cf4ad859bcbdce
step 3207 score (1, 9, 16, 0.175114) best (1, 9, 16, 0.175114)
step 3208 score (0, 6, 16, 0.141938) best (1, 9, 16, 0.175114)
step 3209 score (0, 1, 14, 0.129043) best (1, 9, 16, 0.175114)
step 3210 score (0, 9, 16, 0.152438) best (1, 9, 16, 0.175114)
CERTIFICATE f2fb174960d9ebdb
step 3211 score (1, 9, 17, 0.151334) best (1, 9, 17, 0.151334)
step 3212 score (0, 9, 17, 0.16403) best (1, 9, 17, 0.151334)
CERTIFICATE 5ac5aba8493ea5b1
step 3213 score (1, 9, 17, 0.151334) best (1, 9, 17, 0.151334)
step 3214 score (0, 9, 16, 0.152438) best (1, 9, 17, 0.151334)
step 3215 score (0, 5, 16, 0.162322) best (1, 9, 17, 0.151334)
step 3216 score (0, 10, 17, 0.139461) best (1, 9, 17, 0.151334)
step 3217 score (0, 10, 18, 0.15618) best (1, 9, 17, 0.151334)
step 3218 score (0, 10, 18, 0.131273) best (1, 9, 17, 0.151334)
step 3219 score (0, 9, 17, 0.157644) best (1, 9, 17, 0.151334)
CERTIFICATE f97f0d9d335c7620
step 3220 score (1, 2, 9, 0.105332) best (1, 9, 17, 0.151334)
step 3221 score (0, 1, 14, 0.115282) best (1, 9, 17, 0.151334)
step 3222 score (0, 1, 16, 0.123958) best (1, 9, 17, 0.151334)
step 3223 score (0, 3, 14, 0.146262) best (1, 9, 17, 0.151334)
step 3224 score (0, 9, 16, 0.152438) best (1, 9, 17, 0.151334)
step 3225 score (0, 4, 16, 0.154061) best (1, 9, 17, 0.151334)
step 3226 score (0, 8, 15, 0.142361) best (1, 9, 17, 0.151334)
step 3227 score (0, 7, 17, 0.133177) best (1, 9, 17, 0.151334)
step 3228 score (0, 9, 17, 0.133311) best (1, 9, 17, 0.151334)
step 3229 score (0, 6, 17, 0.14074) best (1, 9, 17, 0.151334)
step 3230 score (0, 9, 17, 0.16403) best (1, 9, 17, 0.151334)
CERTIFICATE 05bbdbfdf98b49e8
step 3231 score (1, 7, 12, 0.086966) best (1, 9, 17, 0.151334)
step 3232 score (0, 7, 11, 0.085307) best (1, 9, 17, 0.151334)
CERTIFICATE a6ad9258d1de7608
step 3233 score (1, 9, 18, 0.115509) best (1, 9, 18, 0.115509)
CERTIFICATE 89ab885abb89b970
step 3234 score (1, 6, 18, 0.120011) best (1, 9, 18, 0.115509)
step 3235 score (0, 4, 17, 0.128009) best (1, 9, 18, 0.115509)
step 3236 score (0, 5, 9, 0.125675) best (1, 9, 18, 0.115509)
step 3237 score (0, 4, 17, 0.128009) best (1, 9, 18, 0.115509)
CERTIFICATE 9fcec1a769ec92f2
step 3238 score (1, 6, 18, 0.120011) best (1, 9, 18, 0.115509)
CERTIFICATE b83393c54847aece
CERTIFICATE 3fc8fa2f2552f49c
step 3239 score (1, 9, 18, 0.115509) best (1, 9, 18, 0.115509)
step 3240 score (0, 7, 18, 0.149711) best (1, 9, 18, 0.115509)
CERTIFICATE 499367da39df623c
step 3241 score (1, 9, 17, 0.151334) best (1, 9, 18, 0.115509)
step 3242 score (0, 9, 17, 0.16403) best (1, 9, 18, 0.115509)
step 3243 score (0, 6, 17, 0.14074) best (1, 9, 18, 0.115509)
step 3244 score (0, 9, 17, 0.133311) best (1, 9, 18, 0.115509)
step 3245 score (0, 6, 14, 0.101073) best (1, 9, 18, 0.115509)
step 3246 score (0, 3, 17, 0.137969) best (1, 9, 18, 0.115509)
step 3247 score (0, 5, 16, 0.149688) best (1, 9, 18, 0.115509)
step 3248 score (0, 5, 14, 0.139008) best (1, 9, 18, 0.115509)
step 3249 score (0, 5, 16, 0.149688) best (1, 9, 18, 0.115509)
step 3250 score (0, 8, 18, 0.197002) best (1, 9, 18, 0.115509)
step 3251 score (0, 9, 17, 0.191811) best (1, 9, 18, 0.115509)
step 3252 score (0, 7, 14, 0.154506) best (1, 9, 18, 0.115509)
step 3253 score (0, 8, 14, 0.13893) best (1, 9, 18, 0.115509)
step 3254 score (0, 5, 9, 0.12315) best (1, 9, 18, 0.115509)
step 3255 score (0, 8, 14, 0.13893) best (1, 9, 18, 0.115509)
step 3256 score (0, 8, 13, 0.116972) best (1, 9, 18, 0.115509)
step 3257 score (0, 9, 15, 0.116216) best (1, 9, 18, 0.115509)
step 3258 score (0, 2, 13, 0.105942) best (1, 9, 18, 0.115509)
step 3259 score (0, 1, 13, 0.144425) best (1, 9, 18, 0.115509)
step 3260 score (0, 0, 14, 0.139262) best (1, 9, 18, 0.115509)
step 3261 score (0, 2, 16, 0.163108) best (1, 9, 18, 0.115509)
step 3262 score (0, 3, 15, 0.140921) best (1, 9, 18, 0.115509)
step 3263 score (0, 2, 16, 0.163108) best (1, 9, 18, 0.115509)
step 3264 score (0, 1, 16, 0.167242) best (1, 9, 18, 0.115509)
step 3265 score (0, 2, 16, 0.163108) best (1, 9, 18, 0.115509)
step 3266 score (0, 0, 16, 0.154763) best (1, 9, 18, 0.115509)
step 3267 score (0, 4, 14, 0.157568) best (1, 9, 18, 0.115509)
step 3268 score (0, 0, 15, 0.146855) best (1, 9, 18, 0.115509)
step 3269 score (0, 6, 16, 0.12587) best (1, 9, 18, 0.115509)
step 3270 score (0, 5, 14, 0.129023) best (1, 9, 18, 0.115509)
step 3271 score (0, 2, 16, 0.137929) best (1, 9, 18, 0.115509)
step 3272 score (0, 2, 15, 0.125606) best (1, 9, 18, 0.115509)
step 3273 score (0, 0, 12, 0.149751) best (1, 9, 18, 0.115509)
step 3274 score (0, 2, 8, 0.118302) best (1, 9, 18, 0.115509)
step 3275 score (0, 1, 11, 0.117112) best (1, 9, 18, 0.115509)
step 3276 score (0, 2, 8, 0.118302) best (1, 9, 18, 0.115509)
step 3277 score (0, 0, 12, 0.149751) best (1, 9, 18, 0.115509)
step 3278 score (0, 0, 15, 0.146855) best (1, 9, 18, 0.115509)
step 3279 score (0, 3, 13, 0.145301) best (1, 9, 18, 0.115509)
step 3280 score (0, 2, 15, 0.142429) best (1, 9, 18, 0.115509)
step 3281 score (0, 0, 14, 0.125451) best (1, 9, 18, 0.115509)
step 3282 score (0, 1, 12, 0.114094) best (1, 9, 18, 0.115509)
step 3283 score (0, 1, 11, 0.102455) best (1, 9, 18, 0.115509)
step 3284 score (0, 1, 11, 0.123099) best (1, 9, 18, 0.115509)
step 3285 score (0, 1, 11, 0.106728) best (1, 9, 18, 0.115509)
step 3286 score (0, 0, 12, 0.103951) best (1, 9, 18, 0.115509)
step 3287 score (0, 1, 14, 0.119951) best (1, 9, 18, 0.115509)
step 3288 score (0, 1, 13, 0.116783) best (1, 9, 18, 0.115509)
step 3289 score (0, 2, 13, 0.104977) best (1, 9, 18, 0.115509)
step 3290 score (0, 4, 14, 0.126288) best (1, 9, 18, 0.115509)
step 3291 score (0, 1, 13, 0.113973) best (1, 9, 18, 0.115509)
step 3292 score (0, 4, 14, 0.126288) best (1, 9, 18, 0.115509)
step 3293 score (0, 2, 13, 0.104977) best (1, 9, 18, 0.115509)
step 3294 score (0, 0, 11, 0.124421) best (1, 9, 18, 0.115509)
step 3295 score (0, 2, 13, 0.104977) best (1, 9, 18, 0.115509)
step 3296 score (0, 4, 14, 0.126288) best (1, 9, 18, 0.115509)
step 3297 score (0, 1, 10, 0.120611) best (1, 9, 18, 0.115509)
step 3298 score (0, 5, 15, 0.140863) best (1, 9, 18, 0.115509)
step 3299 score (0, 1, 11, 0.122204) best (1, 9, 18, 0.115509)
step 3300 score (0, 5, 15, 0.140863) best (1, 9, 18, 0.115509)
step 3301 score (0, 3, 14, 0.14042) best (1, 9, 18, 0.115509)
step 3302 score (0, 3, 15, 0.111866) best (1, 9, 18, 0.115509)
step 3303 score (0, 0, 12, 0.136823) best (1, 9, 18, 0.115509)
step 3304 score (0, 2, 13, 0.136289) best (1, 9, 18, 0.115509)
step 3305 score (0, 1, 11, 0.119678) best (1, 9, 18, 0.115509)
step 3306 score (0, 3, 15, 0.128787) best (1, 9, 18, 0.115509)
step 3307 score (0, 5, 13, 0.107666) best (1, 9, 18, 0.115509)
step 3308 score (0, 3, 14, 0.118764) best (1, 9, 18, 0.115509)
step 3309 score (0, 6, 16, 0.140877) best (1, 9, 18, 0.115509)
step 3310 score (0, 4, 15, 0.139528) best (1, 9, 18, 0.115509)
step 3311 score (0, 1, 15, 0.14168) best (1, 9, 18, 0.115509)
step 3312 score (0, 0, 15, 0.141035) best (1, 9, 18, 0.115509)
step 3313 score (0, 1, 11, 0.127736) best (1, 9, 18, 0.115509)
step 3314 score (0, 0, 13, 0.137463) best (1, 9, 18, 0.115509)
step 3315 score (0, 1, 11, 0.127736) best (1, 9, 18, 0.115509)
step 3316 score (0, 0, 15, 0.141035) best (1, 9, 18, 0.115509)
step 3317 score (0, 0, 16, 0.12965) best (1, 9, 18, 0.115509)
step 3318 score (0, 5, 14, 0.120721) best (1, 9, 18, 0.115509)
step 3319 score (0, 0, 14, 0.129839) best (1, 9, 18, 0.115509)
step 3320 score (0, 2, 15, 0.140796) best (1, 9, 18, 0.115509)
step 3321 score (0, 2, 11, 0.109112) best (1, 9, 18, 0.115509)
step 3322 score (0, 1, 11, 0.118175) best (1, 9, 18, 0.115509)
step 3323 score (0, 3, 14, 0.132717) best (1, 9, 18, 0.115509)
step 3324 score (0, 4, 11, 0.113225) best (1, 9, 18, 0.115509)
step 3325 score (0, 4, 13, 0.120686) best (1, 9, 18, 0.115509)
step 3326 score (0, 3, 17, 0.126023) best (1, 9, 18, 0.115509)
step 3327 score (0, 5, 18, 0.134963) best (1, 9, 18, 0.115509)
step 3328 score (0, 2, 9, 0.113248) best (1, 9, 18, 0.115509)
step 3329 score (0, 1, 11, 0.100692) best (1, 9, 18, 0.115509)
step 3330 score (0, 3, 13, 0.116747) best (1, 9, 18, 0.115509)
step 3331 score (0, 1, 13, 0.128425) best (1, 9, 18, 0.115509)
step 3332 score (0, 1, 16, 0.134893) best (1, 9, 18, 0.115509)
step 3333 score (0, 5, 18, 0.134963) best (1, 9, 18, 0.115509)
step 3334 score (0, 2, 9, 0.113248) best (1, 9, 18, 0.115509)
step 3335 score (0, 1, 11, 0.132148) best (1, 9, 18, 0.115509)
step 3336 score (0, 4, 11, 0.134648) best (1, 9, 18, 0.115509)
step 3337 score (0, 3, 13, 0.137187) best (1, 9, 18, 0.115509)
step 3338 score (0, 4, 11, 0.134648) best (1, 9, 18, 0.115509)
step 3339 score (0, 1, 11, 0.132148) best (1, 9, 18, 0.115509)
step 3340 score (0, 3, 14, 0.139469) best (1, 9, 18, 0.115509)
step 3341 score (0, 1, 14, 0.146194) best (1, 9, 18, 0.115509)
step 3342 score (0, 3, 16, 0.134545) best (1, 9, 18, 0.115509)
step 3343 score (0, 3, 15, 0.134907) best (1, 9, 18, 0.115509)
step 3344 score (0, 3, 16, 0.134545) best (1, 9, 18, 0.115509)
step 3345 score (0, 1, 14, 0.11692) best (1, 9, 18, 0.115509)
step 3346 score (0, 3, 16, 0.134545) best (1, 9, 18, 0.115509)
step 3347 score (0, 3, 15, 0.134907) best (1, 9, 18, 0.115509)
step 3348 score (0, 1, 9, 0.10001) best (1, 9, 18, 0.115509)
step 3349 score (0, 4, 12, 0.128778) best (1, 9, 18, 0.115509)
step 3350 score (0, 4, 14, 0.140134) best (1, 9, 18, 0.115509)
step 3351 score (0, 0, 11, 0.11389) best (1, 9, 18, 0.115509)
step 3352 score (0, 1, 12, 0.116184) best (1, 9, 18, 0.115509)
step 3353 score (0, 2, 10, 0.133348) best (1, 9, 18, 0.115509)
step 3354 score (0, 1, 11, 0.123277) best (1, 9, 18, 0.115509)
step 3355 score (0, 4, 13, 0.148738) best (1, 9, 18, 0.115509)
step 3356 score (0, 1, 10, 0.155435) best (1, 9, 18, 0.115509)
step 3357 score (0, 0, 14, 0.129657) best (1, 9, 18, 0.115509)
step 3358 score (0, 1, 10, 0.155435) best (1, 9, 18, 0.115509)
step 3359 score (0, 4, 13, 0.148738) best (1, 9, 18, 0.115509)
step 3360 score (0, 1, 11, 0.123277) best (1, 9, 18, 0.115509)
step 3361 score (0, 0, 11, 0.132206) best (1, 9, 18, 0.115509)
step 3362 score (0, 0, 14, 0.138954) best (1, 9, 18, 0.115509)
step 3363 score (0, 0, 12, 0.118834) best (1, 9, 18, 0.115509)
step 3364 score (0, 1, 11, 0.122938) best (1, 9, 18, 0.115509)
step 3365 score (0, 2, 14, 0.138926) best (1, 9, 18, 0.115509)
step 3366 score (0, 4, 15, 0.156072) best (1, 9, 18, 0.115509)
step 3367 score (0, 5, 15, 0.14706) best (1, 9, 18, 0.115509)
step 3368 score (0, 7, 17, 0.146524) best (1, 9, 18, 0.115509)
step 3369 score (0, 6, 17, 0.171069) best (1, 9, 18, 0.115509)
step 3370 score (0, 7, 17, 0.146524) best (1, 9, 18, 0.115509)
step 3371 score (0, 3, 15, 0.144918) best (1, 9, 18, 0.115509)
step 3372 score (0, 9, 14, 0.11881) best (1, 9, 18, 0.115509)
step 3373 score (0, 7, 14, 0.138389) best (1, 9, 18, 0.115509)
step 3374 score (0, 2, 12, 0.153516) best (1, 9, 18, 0.115509)
step 3375 score (0, 4, 16, 0.162465) best (1, 9, 18, 0.115509)
step 3376 score (0, 3, 15, 0.137832) best (1, 9, 18, 0.115509)
step 3377 score (0, 2, 10, 0.156013) best (1, 9, 18, 0.115509)
step 3378 score (0, 3, 15, 0.137832) best (1, 9, 18, 0.115509)
step 3379 score (0, 2, 10, 0.135702) best (1, 9, 18, 0.115509)
step 3380 score (0, 0, 13, 0.101384) best (1, 9, 18, 0.115509)
step 3381 score (0, 0, 13, 0.103598) best (1, 9, 18, 0.115509)
step 3382 score (0, 2, 13, 0.127064) best (1, 9, 18, 0.115509)
step 3383 score (0, 6, 15, 0.114581) best (1, 9, 18, 0.115509)
step 3384 score (0, 7, 12, 0.116063) best (1, 9, 18, 0.115509)
step 3385 score (0, 9, 11, 0.120978) best (1, 9, 18, 0.115509)
step 3386 score (0, 7, 12, 0.116063) best (1, 9, 18, 0.115509)
step 3387 score (0, 1, 11, 0.121041) best (1, 9, 18, 0.115509)
step 3388 score (0, 7, 12, 0.116063) best (1, 9, 18, 0.115509)
step 3389 score (0, 9, 11, 0.120978) best (1, 9, 18, 0.115509)
step 3390 score (0, 7, 11, 0.122922) best (1, 9, 18, 0.115509)
step 3391 score (0, 5, 12, 0.095542) best (1, 9, 18, 0.115509)
step 3392 score (0, 2, 13, 0.126649) best (1, 9, 18, 0.115509)
step 3393 score (0, 7, 15, 0.163713) best (1, 9, 18, 0.115509)
step 3394 score (0, 14, 16, 0.180507) best (1, 9, 18, 0.115509)
step 3395 score (0, 7, 15, 0.163713) best (1, 9, 18, 0.115509)
step 3396 score (0, 3, 17, 0.16156) best (1, 9, 18, 0.115509)
step 3397 score (0, 6, 13, 0.113972) best (1, 9, 18, 0.115509)
step 3398 score (0, 5, 11, 0.12225) best (1, 9, 18, 0.115509)
step 3399 score (0, 5, 14, 0.153165) best (1, 9, 18, 0.115509)
step 3400 score (0, 8, 13, 0.116972) best (1, 9, 18, 0.115509)
step 3401 score (0, 9, 15, 0.116216) best (1, 9, 18, 0.115509)
step 3402 score (0, 8, 13, 0.116972) best (1, 9, 18, 0.115509)
step 3403 score (0, 7, 10, 0.104304) best (1, 9, 18, 0.115509)
step 3404 score (0, 5, 11, 0.113183) best (1, 9, 18, 0.115509)
step 3405 score (0, 8, 10, 0.114455) best (1, 9, 18, 0.115509)
step 3406 score (0, 3, 11, 0.10195) best (1, 9, 18, 0.115509)
step 3407 score (0, 8, 10, 0.114455) best (1, 9, 18, 0.115509)
step 3408 score (0, 5, 10, 0.133886) best (1, 9, 18, 0.115509)
step 3409 score (0, 8, 10, 0.114455) best (1, 9, 18, 0.115509)
step 3410 score (0, 5, 11, 0.113183) best (1, 9, 18, 0.115509)
step 3411 score (0, 2, 11, 0.114905) best (1, 9, 18, 0.115509)
step 3412 score (0, 4, 10, 0.101211) best (1, 9, 18, 0.115509)
step 3413 score (0, 7, 10, 0.104304) best (1, 9, 18, 0.115509)
step 3414 score (0, 5, 10, 0.131742) best (1, 9, 18, 0.115509)
step 3415 score (0, 7, 10, 0.104304) best (1, 9, 18, 0.115509)
step 3416 score (0, 2, 10, 0.130573) best (1, 9, 18, 0.115509)
step 3417 score (0, 3, 11, 0.133668) best (1, 9, 18, 0.115509)
step 3418 score (0, 3, 10, 0.160262) best (1, 9, 18, 0.115509)
step 3419 score (0, 3, 12, 0.1495) best (1, 9, 18, 0.115509)
step 3420 score (0, 8, 13, 0.116972) best (1, 9, 18, 0.115509)
step 3421 score (0, 9, 15, 0.116216) best (1, 9, 18, 0.115509)
step 3422 score (0, 8, 13, 0.116972) best (1, 9, 18, 0.115509)
step 3423 score (0, 3, 12, 0.1495) best (1, 9, 18, 0.115509)
step 3424 score (0, 6, 13, 0.153246) best (1, 9, 18, 0.115509)
step 3425 score (0, 7, 15, 0.172138) best (1, 9, 18, 0.115509)
step 3426 score (0, 6, 15, 0.130329) best (1, 9, 18, 0.115509)
step 3427 score (0, 7, 15, 0.192941) best (1, 9, 18, 0.115509)
step 3428 score (0, 6, 16, 0.183553) best (1, 9, 18, 0.115509)
step 3429 score (0, 7, 17, 0.180799) best (1, 9, 18, 0.115509)
step 3430 score (0, 14, 16, 0.197437) best (1, 9, 18, 0.115509)
step 3431 score (0, 11, 16, 0.202189) best (1, 9, 18, 0.115509)
step 3432 score (0, 14, 16, 0.197437) best (1, 9, 18, 0.115509)
step 3433 score (0, 8, 13, 0.160164) best (1, 9, 18, 0.115509)
step 3434 score (0, 14, 16, 0.197437) best (1, 9, 18, 0.115509)
step 3435 score (0, 11, 16, 0.202189) best (1, 9, 18, 0.115509)
step 3436 score (0, 6, 15, 0.162797) best (1, 9, 18, 0.115509)
step 3437 score (0, 11, 16, 0.202189) best (1, 9, 18, 0.115509)
step 3438 score (0, 6, 15, 0.162275) best (1, 9, 18, 0.115509)
step 3439 score (0, 5, 11, 0.100379) best (1, 9, 18, 0.115509)
step 3440 score (0, 6, 15, 0.162275) best (1, 9, 18, 0.115509)
step 3441 score (0, 11, 16, 0.202189) best (1, 9, 18, 0.115509)
step 3442 score (0, 10, 17, 0.187073) best (1, 9, 18, 0.115509)
step 3443 score (0, 11, 16, 0.202189) best (1, 9, 18, 0.115509)
step 3444 score (0, 8, 17, 0.183052) best (1, 9, 18, 0.115509)
step 3445 score (0, 9, 17, 0.191811) best (1, 9, 18, 0.115509)
step 3446 score (0, 9, 17, 0.189377) best (1, 9, 18, 0.115509)
step 3447 score (0, 7, 17, 0.180799) best (1, 9, 18, 0.115509)
step 3448 score (0, 8, 17, 0.183052) best (1, 9, 18, 0.115509)
step 3449 score (0, 11, 16, 0.202189) best (1, 9, 18, 0.115509)
step 3450 score (0, 14, 16, 0.197437) best (1, 9, 18, 0.115509)
step 3451 score (0, 8, 13, 0.160164) best (1, 9, 18, 0.115509)
step 3452 score (0, 14, 16, 0.197437) best (1, 9, 18, 0.115509)
step 3453 score (0, 7, 13, 0.154559) best (1, 9, 18, 0.115509)
step 3454 score (0, 14, 16, 0.197437) best (1, 9, 18, 0.115509)
step 3455 score (0, 11, 16, 0.202189) best (1, 9, 18, 0.115509)
step 3456 score (0, 6, 13, 0.158918) best (1, 9, 18, 0.115509)
step 3457 score (0, 3, 15, 0.156187) best (1, 9, 18, 0.115509)
step 3458 score (0, 0, 13, 0.166425) best (1, 9, 18, 0.115509)
step 3459 score (0, 8, 17, 0.170947) best (1, 9, 18, 0.115509)
step 3460 score (0, 10, 17, 0.150956) best (1, 9, 18, 0.115509)
step 3461 score (0, 8, 17, 0.170947) best (1, 9, 18, 0.115509)
step 3462 score (0, 8, 18, 0.14523) best (1, 9, 18, 0.115509)
step 3463 score (0, 8, 17, 0.170947) best (1, 9, 18, 0.115509)
step 3464 score (0, 10, 17, 0.150956) best (1, 9, 18, 0.115509)
step 3465 score (0, 11, 17, 0.152863) best (1, 9, 18, 0.115509)
step 3466 score (0, 7, 17, 0.175869) best (1, 9, 18, 0.115509)
step 3467 score (0, 7, 17, 0.17777) best (1, 9, 18, 0.115509)
step 3468 score (0, 8, 17, 0.19368) best (1, 9, 18, 0.115509)
step 3469 score (0, 7, 17, 0.19589) best (1, 9, 18, 0.115509)
step 3470 score (0, 5, 17, 0.178399) best (1, 9, 18, 0.115509)
step 3471 score (0, 7, 17, 0.17777) best (1, 9, 18, 0.115509)
step 3472 score (0, 13, 17, 0.196959) best (1, 9, 18, 0.115509)
step 3473 score (0, 14, 18, 0.172366) best (1, 9, 18, 0.115509)
step 3474 score (0, 13, 17, 0.196959) best (1, 9, 18, 0.115509)
step 3475 score (0, 9, 17, 0.198914) best (1, 9, 18, 0.115509)
step 3476 score (0, 13, 17, 0.196959) best (1, 9, 18, 0.115509)
step 3477 score (0, 14, 18, 0.172366) best (1, 9, 18, 0.115509)
step 3478 score (0, 13, 17, 0.196959) best (1, 9, 18, 0.115509)
step 3479 score (0, 11, 17, 0.152863) best (1, 9, 18, 0.115509)
step 3480 score (0, 4, 12, 0.125497) best (1, 9, 18, 0.115509)
step 3481 score (0, 4, 16, 0.144734) best (1, 9, 18, 0.115509)
step 3482 score (0, 9, 18, 0.181991) best (1, 9, 18, 0.115509)
step 3483 score (0, 11, 18, 0.182318) best (1, 9, 18, 0.115509)
step 3484 score (0, 10, 18, 0.178463) best (1, 9, 18, 0.115509)
step 3485 score (0, 6, 18, 0.195162) best (1, 9, 18, 0.115509)
CERTIFICATE d8ee5239e9c42fbb
step 3486 score (1, 9, 17, 0.125923) best (1, 9, 18, 0.115509)
step 3487 score (0, 0, 15, 0.148677) best (1, 9, 18, 0.115509)
CERTIFICATE 530fe3c626a1fe90
step 3488 score (1, 9, 17, 0.125923) best (1, 9, 18, 0.115509)
step 3489 score (0, 8, 17, 0.135897) best (1, 9, 18, 0.115509)
step 3490 score (0, 8, 12, 0.099449) best (1, 9, 18, 0.115509)
step 3491 score (0, 0, 12, 0.125609) best (1, 9, 18, 0.115509)
step 3492 score (0, 8, 12, 0.099449) best (1, 9, 18, 0.115509)
step 3493 score (0, 11, 17, 0.121683) best (1, 9, 18, 0.115509)
step 3494 score (0, 9, 18, 0.181991) best (1, 9, 18, 0.115509)
step 3495 score (0, 11, 18, 0.182318) best (1, 9, 18, 0.115509)
step 3496 score (0, 10, 18, 0.178463) best (1, 9, 18, 0.115509)
step 3497 score (0, 9, 18, 0.178836) best (1, 9, 18, 0.115509)
step 3498 score (0, 9, 17, 0.115972) best (1, 9, 18, 0.115509)
step 3499 score (0, 0, 13, 0.11342) best (1, 9, 18, 0.115509)
step 3500 score (0, 0, 14, 0.116993) best (1, 9, 18, 0.115509)
step 3501 score (0, 0, 13, 0.117234) best (1, 9, 18, 0.115509)
step 3502 score (0, 0, 12, 0.115295) best (1, 9, 18, 0.115509)
step 3503 score (0, 0, 13, 0.117234) best (1, 9, 18, 0.115509)
step 3504 score (0, 5, 14, 0.177848) best (1, 9, 18, 0.115509)
step 3505 score (0, 5, 11, 0.165311) best (1, 9, 18, 0.115509)
step 3506 score (0, 7, 17, 0.181804) best (1, 9, 18, 0.115509)
step 3507 score (0, 5, 15, 0.15713) best (1, 9, 18, 0.115509)
step 3508 score (0, 6, 15, 0.157135) best (1, 9, 18, 0.115509)
step 3509 score (0, 3, 10, 0.136354) best (1, 9, 18, 0.115509)
step 3510 score (0, 6, 15, 0.129643) best (1, 9, 18, 0.115509)
step 3511 score (0, 5, 16, 0.125106) best (1, 9, 18, 0.115509)
step 3512 score (0, 5, 16, 0.12598) best (1, 9, 18, 0.115509)
step 3513 score (0, 11, 16, 0.119791) best (1, 9, 18, 0.115509)
step 3514 score (0, 9, 16, 0.145871) best (1, 9, 18, 0.115509)
step 3515 score (0, 4, 11, 0.129011) best (1, 9, 18, 0.115509)
step 3516 score (0, 9, 16, 0.145871) best (1, 9, 18, 0.115509)
step 3517 score (0, 4, 10, 0.106817) best (1, 9, 18, 0.115509)
step 3518 score (0, 9, 16, 0.145871) best (1, 9, 18, 0.115509)
step 3519 score (0, 11, 16, 0.119791) best (1, 9, 18, 0.115509)
step 3520 score (0, 6, 14, 0.106844) best (1, 9, 18, 0.115509)
step 3521 score (0, 6, 11, 0.117276) best (1, 9, 18, 0.115509)
step 3522 score (0, 6, 14, 0.106844) best (1, 9, 18, 0.115509)
step 3523 score (0, 11, 16, 0.119791) best (1, 9, 18, 0.115509)
step 3524 score (0, 9, 16, 0.145871) best (1, 9, 18, 0.115509)
step 3525 score (0, 6, 16, 0.151519) best (1, 9, 18, 0.115509)
step 3526 score (0, 4, 11, 0.129254) best (1, 9, 18, 0.115509)
step 3527 score (0, 6, 14, 0.139204) best (1, 9, 18, 0.115509)
step 3528 score (0, 4, 11, 0.129254) best (1, 9, 18, 0.115509)
step 3529 score (0, 6, 14, 0.112623) best (1, 9, 18, 0.115509)
step 3530 score (0, 7, 11, 0.119387) best (1, 9, 18, 0.115509)
step 3531 score (0, 6, 14, 0.112623) best (1, 9, 18, 0.115509)
step 3532 score (0, 4, 11, 0.129254) best (1, 9, 18, 0.115509)
step 3533 score (0, 6, 16, 0.151519) best (1, 9, 18, 0.115509)
step 3534 score (0, 9, 16, 0.145871) best (1, 9, 18, 0.115509)
step 3535 score (0, 11, 16, 0.119791) best (1, 9, 18, 0.115509)
step 3536 score (0, 5, 16, 0.125942) best (1, 9, 18, 0.115509)
step 3537 score (0, 5, 16, 0.125106) best (1, 9, 18, 0.115509)
step 3538 score (0, 5, 16, 0.12598) best (1, 9, 18, 0.115509)
step 3539 score (0, 5, 14, 0.11239) best (1, 9, 18, 0.115509)
step 3540 score (0, 5, 13, 0.110351) best (1, 9, 18, 0.115509)
step 3541 score (0, 4, 11, 0.105914) best (1, 9, 18, 0.115509)
step 3542 score (0, 0, 14, 0.113626) best (1, 9, 18, 0.115509)
step 3543 score (0, 4, 11, 0.105914) best (1, 9, 18, 0.115509)
step 3544 score (0, 5, 13, 0.110351) best (1, 9, 18, 0.115509)
step 3545 score (0, 5, 14, 0.11239) best (1, 9, 18, 0.115509)
step 3546 score (0, 5, 16, 0.12598) best (1, 9, 18, 0.115509)
step 3547 score (0, 5, 14, 0.11239) best (1, 9, 18, 0.115509)
step 3548 score (0, 5, 13, 0.110351) best (1, 9, 18, 0.115509)
step 3549 score (0, 4, 14, 0.121926) best (1, 9, 18, 0.115509)
step 3550 score (0, 1, 12, 0.123626) best (1, 9, 18, 0.115509)
step 3551 score (0, 4, 14, 0.121926) best (1, 9, 18, 0.115509)
step 3552 score (0, 0, 15, 0.121213) best (1, 9, 18, 0.115509)
step 3553 score (0, 4, 14, 0.121926) best (1, 9, 18, 0.115509)
step 3554 score (0, 5, 13, 0.110351) best (1, 9, 18, 0.115509)
step 3555 score (0, 5, 14, 0.11239) best (1, 9, 18, 0.115509)
step 3556 score (0, 5, 16, 0.12598) best (1, 9, 18, 0.115509)
step 3557 score (0, 11, 16, 0.119791) best (1, 9, 18, 0.115509)
step 3558 score (0, 6, 14, 0.106844) best (1, 9, 18, 0.115509)
step 3559 score (0, 11, 16, 0.119791) best (1, 9, 18, 0.115509)
step 3560 score (0, 4, 12, 0.117505) best (1, 9, 18, 0.115509)
step 3561 score (0, 2, 16, 0.14318) best (1, 9, 18, 0.115509)
step 3562 score (0, 1, 11, 0.136952) best (1, 9, 18, 0.115509)
step 3563 score (0, 1, 9, 0.117449) best (1, 9, 18, 0.115509)
step 3564 score (0, 1, 6, 0.115424) best (1, 9, 18, 0.115509)
step 3565 score (0, 1, 9, 0.117537) best (1, 9, 18, 0.115509)
step 3566 score (0, 5, 11, 0.113612) best (1, 9, 18, 0.115509)
step 3567 score (0, 4, 10, 0.114564) best (1, 9, 18, 0.115509)
step 3568 score (0, 4, 14, 0.143406) best (1, 9, 18, 0.115509)
step 3569 score (0, 6, 14, 0.150314) best (1, 9, 18, 0.115509)
step 3570 score (0, 4, 9, 0.156592) best (1, 9, 18, 0.115509)
step 3571 score (0, 7, 9, 0.14474) best (1, 9, 18, 0.115509)
step 3572 score (0, 7, 10, 0.138628) best (1, 9, 18, 0.115509)
step 3573 score (0, 7, 9, 0.14474) best (1, 9, 18, 0.115509)
step 3574 score (0, 5, 12, 0.096899) best (1, 9, 18, 0.115509)
step 3575 score (0, 7, 9, 0.14474) best (1, 9, 18, 0.115509)
step 3576 score (0, 7, 10, 0.138628) best (1, 9, 18, 0.115509)
step 3577 score (0, 4, 12, 0.159066) best (1, 9, 18, 0.115509)
step 3578 score (0, 4, 17, 0.177172) best (1, 9, 18, 0.115509)
step 3579 score (0, 8, 17, 0.188209) best (1, 9, 18, 0.115509)
step 3580 score (0, 8, 10, 0.16212) best (1, 9, 18, 0.115509)
step 3581 score (0, 5, 10, 0.156492) best (1, 9, 18, 0.115509)
step 3582 score (0, 11, 17, 0.18699) best (1, 9, 18, 0.115509)
step 3583 score (0, 7, 17, 0.185497) best (1, 9, 18, 0.115509)
step 3584 score (0, 11, 17, 0.18699) best (1, 9, 18, 0.115509)
step 3585 score (0, 7, 17, 0.19664) best (1, 9, 18, 0.115509)
step 3586 score (0, 7, 17, 0.197984) best (1, 9, 18, 0.115509)
step 3587 score (0, 9, 14, 0.177645) best (1, 9, 18, 0.115509)
step 3588 score (0, 5, 9, 0.10812) best (1, 9, 18, 0.115509)
step 3589 score (0, 8, 14, 0.145256) best (1, 9, 18, 0.115509)
step 3590 score (0, 8, 16, 0.164947) best (1, 9, 18, 0.115509)
step 3591 score (0, 4, 17, 0.176136) best (1, 9, 18, 0.115509)
step 3592 score (0, 4, 15, 0.173837) best (1, 9, 18, 0.115509)
step 3593 score (0, 9, 14, 0.177645) best (1, 9, 18, 0.115509)
step 3594 score (0, 8, 17, 0.183425) best (1, 9, 18, 0.115509)
step 3595 score (0, 6, 10, 0.133129) best (1, 9, 18, 0.115509)
step 3596 score (0, 3, 10, 0.137585) best (1, 9, 18, 0.115509)
step 3597 score (0, 2, 18, 0.183596) best (1, 9, 18, 0.115509)
step 3598 score (0, 3, 18, 0.149319) best (1, 9, 18, 0.115509)
step 3599 score (0, 2, 18, 0.183596) best (1, 9, 18, 0.115509)
step 3600 score (0, 3, 10, 0.137585) best (1, 9, 18, 0.115509)
step 3601 score (0, 4, 10, 0.122198) best (1, 9, 18, 0.115509)
step 3602 score (0, 8, 10, 0.123215) best (1, 9, 18, 0.115509)
step 3603 score (0, 4, 12, 0.168594) best (1, 9, 18, 0.115509)
step 3604 score (0, 4, 10, 0.156083) best (1, 9, 18, 0.115509)
step 3605 score (0, 4, 10, 0.122198) best (1, 9, 18, 0.115509)
step 3606 score (0, 4, 10, 0.123293) best (1, 9, 18, 0.115509)
step 3607 score (0, 4, 10, 0.122198) best (1, 9, 18, 0.115509)
step 3608 score (0, 1, 13, 0.12792) best (1, 9, 18, 0.115509)
step 3609 score (0, 5, 17, 0.147735) best (1, 9, 18, 0.115509)
step 3610 score (0, 8, 17, 0.141783) best (1, 9, 18, 0.115509)
step 3611 score (0, 10, 19, 0.133587) best (1, 9, 18, 0.115509)
CERTIFICATE c6c16fec853e2635
step 3612 score (1, 8, 19, 0.136265) best (1, 9, 18, 0.115509)
step 3613 score (0, 5, 17, 0.147735) best (1, 9, 18, 0.115509)
step 3614 score (0, 6, 16, 0.118811) best (1, 9, 18, 0.115509)
step 3615 score (0, 6, 16, 0.162214) best (1, 9, 18, 0.115509)
step 3616 score (0, 1, 16, 0.154846) best (1, 9, 18, 0.115509)
step 3617 score (0, 4, 17, 0.17466) best (1, 9, 18, 0.115509)
step 3618 score (0, 8, 16, 0.145503) best (1, 9, 18, 0.115509)
step 3619 score (0, 5, 17, 0.164284) best (1, 9, 18, 0.115509)
step 3620 score (0, 6, 17, 0.150613) best (1, 9, 18, 0.115509)
step 3621 score (0, 5, 16, 0.139558) best (1, 9, 18, 0.115509)
step 3622 score (0, 6, 17, 0.150613) best (1, 9, 18, 0.115509)
step 3623 score (0, 5, 17, 0.164284) best (1, 9, 18, 0.115509)
step 3624 score (0, 0, 18, 0.142455) best (1, 9, 18, 0.115509)
step 3625 score (0, 5, 17, 0.164284) best (1, 9, 18, 0.115509)
step 3626 score (0, 6, 17, 0.150613) best (1, 9, 18, 0.115509)
step 3627 score (0, 5, 16, 0.139558) best (1, 9, 18, 0.115509)
step 3628 score (0, 5, 9, 0.096981) best (1, 9, 18, 0.115509)
step 3629 score (0, 5, 16, 0.139558) best (1, 9, 18, 0.115509)
step 3630 score (0, 2, 14, 0.147932) best (1, 9, 18, 0.115509)
step 3631 score (0, 5, 16, 0.139558) best (1, 9, 18, 0.115509)
step 3632 score (0, 5, 9, 0.096981) best (1, 9, 18, 0.115509)
step 3633 score (0, 0, 10, 0.134431) best (1, 9, 18, 0.115509)
step 3634 score (0, 7, 13, 0.111457) best (1, 9, 18, 0.115509)
step 3635 score (0, 3, 8, 0.106289) best (1, 9, 18, 0.115509)
step 3636 score (0, 6, 10, 0.109284) best (1, 9, 18, 0.115509)
step 3637 score (0, 3, 10, 0.10695) best (1, 9, 18, 0.115509)
step 3638 score (0, 4, 9, 0.108621) best (1, 9, 18, 0.115509)
step 3639 score (0, 4, 16, 0.126741) best (1, 9, 18, 0.115509)
step 3640 score (0, 1, 12, 0.129349) best (1, 9, 18, 0.115509)
step 3641 score (0, 4, 16, 0.126741) best (1, 9, 18, 0.115509)
step 3642 score (0, 4, 9, 0.108621) best (1, 9, 18, 0.115509)
step 3643 score (0, 3, 10, 0.10695) best (1, 9, 18, 0.115509)
step 3644 score (0, 1, 9, 0.128675) best (1, 9, 18, 0.115509)
step 3645 score (0, 3, 10, 0.10695) best (1, 9, 18, 0.115509)
step 3646 score (0, 6, 10, 0.109284) best (1, 9, 18, 0.115509)
step 3647 score (0, 3, 8, 0.106289) best (1, 9, 18, 0.115509)
step 3648 score (0, 4, 9, 0.108621) best (1, 9, 18, 0.115509)
step 3649 score (0, 1, 9, 0.118223) best (1, 9, 18, 0.115509)
step 3650 score (0, 1, 16, 0.131948) best (1, 9, 18, 0.115509)
step 3651 score (0, 4, 17, 0.170103) best (1, 9, 18, 0.115509)
step 3652 score (0, 5, 17, 0.18162) best (1, 9, 18, 0.115509)
step 3653 score (0, 6, 17, 0.180681) best (1, 9, 18, 0.115509)
step 3654 score (0, 6, 15, 0.150548) best (1, 9, 18, 0.115509)
step 3655 score (0, 5, 15, 0.119266) best (1, 9, 18, 0.115509)
step 3656 score (0, 2, 9, 0.117955) best (1, 9, 18, 0.115509)
step 3657 score (0, 2, 12, 0.108549) best (1, 9, 18, 0.115509)
step 3658 score (0, 1, 10, 0.111741) best (1, 9, 18, 0.115509)
step 3659 score (0, 0, 13, 0.109299) best (1, 9, 18, 0.115509)
step 3660 score (0, 0, 16, 0.124061) best (1, 9, 18, 0.115509)
step 3661 score (0, 1, 14, 0.139155) best (1, 9, 18, 0.115509)
step 3662 score (0, 1, 16, 0.169902) best (1, 9, 18, 0.115509)
step 3663 score (0, 4, 17, 0.159592) best (1, 9, 18, 0.115509)
step 3664 score (0, 9, 18, 0.164037) best (1, 9, 18, 0.115509)
step 3665 score (0, 4, 17, 0.155737) best (1, 9, 18, 0.115509)
step 3666 score (0, 9, 18, 0.164037) best (1, 9, 18, 0.115509)
step 3667 score (0, 4, 17, 0.159592) best (1, 9, 18, 0.115509)
step 3668 score (0, 2, 17, 0.142056) best (1, 9, 18, 0.115509)
step 3669 score (0, 4, 17, 0.136986) best (1, 9, 18, 0.115509)
step 3670 score (0, 6, 16, 0.145178) best (1, 9, 18, 0.115509)
step 3671 score (0, 8, 14, 0.138662) best (1, 9, 18, 0.115509)
step 3672 score (0, 7, 17, 0.121576) best (1, 9, 18, 0.115509)
step 3673 score (0, 4, 17, 0.136986) best (1, 9, 18, 0.115509)
step 3674 score (0, 7, 17, 0.158191) best (1, 9, 18, 0.115509)
step 3675 score (0, 5, 17, 0.121738) best (1, 9, 18, 0.115509)
step 3676 score (0, 5, 18, 0.151971) best (1, 9, 18, 0.115509)
step 3677 score (0, 5, 19, 0.137048) best (1, 9, 18, 0.115509)
step 3678 score (0, 5, 18, 0.151971) best (1, 9, 18, 0.115509)
step 3679 score (0, 5, 17, 0.121738) best (1, 9, 18, 0.115509)
step 3680 score (0, 7, 17, 0.158191) best (1, 9, 18, 0.115509)
step 3681 score (0, 4, 17, 0.136986) best (1, 9, 18, 0.115509)
step 3682 score (0, 7, 17, 0.121576) best (1, 9, 18, 0.115509)
step 3683 score (0, 8, 14, 0.138662) best (1, 9, 18, 0.115509)
step 3684 score (0, 7, 17, 0.121576) best (1, 9, 18, 0.115509)
step 3685 score (0, 5, 14, 0.110894) best (1, 9, 18, 0.115509)
step 3686 score (0, 3, 14, 0.121415) best (1, 9, 18, 0.115509)
step 3687 score (0, 5, 14, 0.110894) best (1, 9, 18, 0.115509)
step 3688 score (0, 2, 12, 0.113709) best (1, 9, 18, 0.115509)
step 3689 score (0, 0, 14, 0.119098) best (1, 9, 18, 0.115509)
step 3690 score (0, 2, 12, 0.113709) best (1, 9, 18, 0.115509)
step 3691 score (0, 1, 14, 0.117565) best (1, 9, 18, 0.115509)
step 3692 score (0, 0, 11, 0.090645) best (1, 9, 18, 0.115509)
step 3693 score (0, 0, 11, 0.107926) best (1, 9, 18, 0.115509)
step 3694 score (0, 0, 11, 0.090645) best (1, 9, 18, 0.115509)
step 3695 score (0, 0, 11, 0.105344) best (1, 9, 18, 0.115509)
step 3696 score (0, 0, 14, 0.146792) best (1, 9, 18, 0.115509)
step 3697 score (0, 0, 11, 0.13663) best (1, 9, 18, 0.115509)
step 3698 score (0, 2, 14, 0.121005) best (1, 9, 18, 0.115509)
step 3699 score (0, 0, 13, 0.108657) best (1, 9, 18, 0.115509)
step 3700 score (0, 2, 14, 0.121005) best (1, 9, 18, 0.115509)
step 3701 score (0, 0, 17, 0.116917) best (1, 9, 18, 0.115509)
step 3702 score (0, 2, 14, 0.121005) best (1, 9, 18, 0.115509)
step 3703 score (0, 0, 14, 0.126264) best (1, 9, 18, 0.115509)
step 3704 score (0, 0, 13, 0.127579) best (1, 9, 18, 0.115509)
step 3705 score (0, 4, 15, 0.098186) best (1, 9, 18, 0.115509)
step 3706 score (0, 1, 13, 0.097621) best (1, 9, 18, 0.115509)
step 3707 score (0, 4, 15, 0.098186) best (1, 9, 18, 0.115509)
step 3708 score (0, 1, 12, 0.110284) best (1, 9, 18, 0.115509)
step 3709 score (0, 0, 14, 0.125329) best (1, 9, 18, 0.115509)
step 3710 score (0, 0, 14, 0.12112) best (1, 9, 18, 0.115509)
step 3711 score (0, 0, 13, 0.141883) best (1, 9, 18, 0.115509)
step 3712 score (0, 4, 12, 0.119908) best (1, 9, 18, 0.115509)
step 3713 score (0, 1, 15, 0.131153) best (1, 9, 18, 0.115509)
step 3714 score (0, 1, 12, 0.129447) best (1, 9, 18, 0.115509)
step 3715 score (0, 3, 10, 0.099273) best (1, 9, 18, 0.115509)
step 3716 score (0, 1, 12, 0.129447) best (1, 9, 18, 0.115509)
step 3717 score (0, 1, 15, 0.131153) best (1, 9, 18, 0.115509)
step 3718 score (0, 4, 13, 0.124061) best (1, 9, 18, 0.115509)
step 3719 score (0, 0, 16, 0.135622) best (1, 9, 18, 0.115509)
step 3720 score (0, 4, 13, 0.124061) best (1, 9, 18, 0.115509)
step 3721 score (0, 1, 15, 0.131153) best (1, 9, 18, 0.115509)
step 3722 score (0, 3, 12, 0.132577) best (1, 9, 18, 0.115509)
step 3723 score (0, 2, 11, 0.095005) best (1, 9, 18, 0.115509)
step 3724 score (0, 3, 12, 0.132577) best (1, 9, 18, 0.115509)
step 3725 score (0, 1, 15, 0.131153) best (1, 9, 18, 0.115509)
step 3726 score (0, 2, 12, 0.154965) best (1, 9, 18, 0.115509)
step 3727 score (0, 0, 15, 0.16619) best (1, 9, 18, 0.115509)
step 3728 score (0, 1, 10, 0.132637) best (1, 9, 18, 0.115509)
step 3729 score (0, 1, 12, 0.13572) best (1, 9, 18, 0.115509)
step 3730 score (0, 0, 15, 0.168176) best (1, 9, 18, 0.115509)
step 3731 score (0, 4, 15, 0.109941) best (1, 9, 18, 0.115509)
step 3732 score (0, 5, 12, 0.099774) best (1, 9, 18, 0.115509)
step 3733 score (0, 1, 18, 0.143598) best (1, 9, 18, 0.115509)
step 3734 score (0, 5, 16, 0.128637) best (1, 9, 18, 0.115509)
step 3735 score (0, 5, 10, 0.129823) best (1, 9, 18, 0.115509)
step 3736 score (0, 5, 16, 0.128637) best (1, 9, 18, 0.115509)
step 3737 score (0, 1, 18, 0.143598) best (1, 9, 18, 0.115509)
step 3738 score (0, 3, 18, 0.121436) best (1, 9, 18, 0.115509)
step 3739 score (0, 7, 17, 0.131283) best (1, 9, 18, 0.115509)
step 3740 score (0, 5, 17, 0.141352) best (1, 9, 18, 0.115509)
step 3741 score (0, 7, 17, 0.132544) best (1, 9, 18, 0.115509)
step 3742 score (0, 6, 17, 0.130357) best (1, 9, 18, 0.115509)
step 3743 score (0, 4, 17, 0.145562) best (1, 9, 18, 0.115509)
step 3744 score (0, 4, 15, 0.135779) best (1, 9, 18, 0.115509)
step 3745 score (0, 2, 13, 0.15348) best (1, 9, 18, 0.115509)
step 3746 score (0, 4, 15, 0.135779) best (1, 9, 18, 0.115509)
step 3747 score (0, 4, 17, 0.145562) best (1, 9, 18, 0.115509)
step 3748 score (0, 6, 17, 0.130357) best (1, 9, 18, 0.115509)
step 3749 score (0, 4, 17, 0.145562) best (1, 9, 18, 0.115509)
step 3750 score (0, 5, 17, 0.141352) best (1, 9, 18, 0.115509)
step 3751 score (0, 7, 17, 0.131283) best (1, 9, 18, 0.115509)
step 3752 score (0, 1, 16, 0.122572) best (1, 9, 18, 0.115509)
step 3753 score (0, 7, 18, 0.154676) best (1, 9, 18, 0.115509)
step 3754 score (0, 7, 18, 0.152857) best (1, 9, 18, 0.115509)
step 3755 score (0, 1, 17, 0.139547) best (1, 9, 18, 0.115509)
step 3756 score (0, 7, 18, 0.152857) best (1, 9, 18, 0.115509)
step 3757 score (0, 1, 16, 0.121149) best (1, 9, 18, 0.115509)
step 3758 score (0, 2, 15, 0.122773) best (1, 9, 18, 0.115509)
step 3759 score (0, 0, 15, 0.119279) best (1, 9, 18, 0.115509)
step 3760 score (0, 3, 13, 0.139826) best (1, 9, 18, 0.115509)
step 3761 score (0, 1, 11, 0.131687) best (1, 9, 18, 0.115509)
step 3762 score (0, 0, 15, 0.133391) best (1, 9, 18, 0.115509)
step 3763 score (0, 1, 17, 0.139547) best (1, 9, 18, 0.115509)
step 3764 score (0, 6, 17, 0.143595) best (1, 9, 18, 0.115509)
step 3765 score (0, 6, 16, 0.140001) best (1, 9, 18, 0.115509)
step 3766 score (0, 8, 16, 0.146219) best (1, 9, 18, 0.115509)
step 3767 score (0, 6, 17, 0.143654) best (1, 9, 18, 0.115509)
step 3768 score (0, 1, 15, 0.149642) best (1, 9, 18, 0.115509)
step 3769 score (0, 7, 17, 0.146706) best (1, 9, 18, 0.115509)
step 3770 score (0, 4, 16, 0.150289) best (1, 9, 18, 0.115509)
CERTIFICATE 64c5f76e151342b1
step 3771 score (1, 6, 15, 0.1265) best (1, 9, 18, 0.115509)
step 3772 score (0, 4, 16, 0.150289) best (1, 9, 18, 0.115509)
step 3773 score (0, 7, 17, 0.146706) best (1, 9, 18, 0.115509)
step 3774 score (0, 5, 17, 0.142591) best (1, 9, 18, 0.115509)
step 3775 score (0, 4, 13, 0.139619) best (1, 9, 18, 0.115509)
step 3776 score (0, 4, 15, 0.140141) best (1, 9, 18, 0.115509)
step 3777 score (0, 7, 17, 0.146706) best (1, 9, 18, 0.115509)
step 3778 score (0, 5, 17, 0.142591) best (1, 9, 18, 0.115509)
step 3779 score (0, 2, 16, 0.146163) best (1, 9, 18, 0.115509)
step 3780 score (0, 6, 17, 0.143595) best (1, 9, 18, 0.115509)
step 3781 score (0, 6, 17, 0.143654) best (1, 9, 18, 0.115509)
step 3782 score (0, 5, 14, 0.135094) best (1, 9, 18, 0.115509)
step 3783 score (0, 6, 17, 0.143654) best (1, 9, 18, 0.115509)
step 3784 score (0, 8, 16, 0.146219) best (1, 9, 18, 0.115509)
step 3785 score (0, 6, 16, 0.140001) best (1, 9, 18, 0.115509)
step 3786 score (0, 6, 17, 0.155693) best (1, 9, 18, 0.115509)
step 3787 score (0, 9, 16, 0.169411) best (1, 9, 18, 0.115509)
step 3788 score (0, 9, 17, 0.159335) best (1, 9, 18, 0.115509)
step 3789 score (0, 9, 16, 0.169411) best (1, 9, 18, 0.115509)
step 3790 score (0, 8, 16, 0.15127) best (1, 9, 18, 0.115509)
step 3791 score (0, 3, 17, 0.166021) best (1, 9, 18, 0.115509)
step 3792 score (0, 8, 16, 0.15127) best (1, 9, 18, 0.115509)
step 3793 score (0, 9, 16, 0.169411) best (1, 9, 18, 0.115509)
step 3794 score (0, 8, 17, 0.150817) best (1, 9, 18, 0.115509)
step 3795 score (0, 3, 10, 0.137779) best (1, 9, 18, 0.115509)
step 3796 score (0, 3, 13, 0.133866) best (1, 9, 18, 0.115509)
step 3797 score (0, 3, 10, 0.137779) best (1, 9, 18, 0.115509)
step 3798 score (0, 3, 10, 0.133445) best (1, 9, 18, 0.115509)
step 3799 score (0, 0, 14, 0.145331) best (1, 9, 18, 0.115509)
step 3800 score (0, 6, 17, 0.172325) best (1, 9, 18, 0.115509)
step 3801 score (0, 14, 16, 0.180507) best (1, 9, 18, 0.115509)
step 3802 score (0, 7, 13, 0.150946) best (1, 9, 18, 0.115509)
step 3803 score (0, 7, 10, 0.131256) best (1, 9, 18, 0.115509)
step 3804 score (0, 9, 10, 0.120114) best (1, 9, 18, 0.115509)
step 3805 score (0, 5, 10, 0.140443) best (1, 9, 18, 0.115509)
step 3806 score (0, 9, 10, 0.120114) best (1, 9, 18, 0.115509)
step 3807 score (0, 7, 10, 0.131256) best (1, 9, 18, 0.115509)
step 3808 score (0, 8, 10, 0.122205) best (1, 9, 18, 0.115509)
step 3809 score (0, 6, 9, 0.14477) best (1, 9, 18, 0.115509)
step 3810 score (0, 8, 11, 0.135236) best (1, 9, 18, 0.115509)
step 3811 score (0, 6, 9, 0.14477) best (1, 9, 18, 0.115509)
step 3812 score (0, 5, 10, 0.170496) best (1, 9, 18, 0.115509)
step 3813 score (0, 4, 11, 0.146564) best (1, 9, 18, 0.115509)
step 3814 score (0, 4, 9, 0.163938) best (1, 9, 18, 0.115509)
step 3815 score (0, 6, 9, 0.148948) best (1, 9, 18, 0.115509)
step 3816 score (0, 5, 9, 0.136145) best (1, 9, 18, 0.115509)
step 3817 score (0, 5, 12, 0.154193) best (1, 9, 18, 0.115509)
step 3818 score (0, 12, 17, 0.168477) best (1, 9, 18, 0.115509)
step 3819 score (0, 10, 17, 0.192016) best (1, 9, 18, 0.115509)
step 3820 score (0, 13, 17, 0.181408) best (1, 9, 18, 0.115509)
step 3821 score (0, 10, 17, 0.197989) best (1, 9, 18, 0.115509)
step 3822 score (0, 13, 17, 0.181408) best (1, 9, 18, 0.115509)
step 3823 score (0, 10, 17, 0.192016) best (1, 9, 18, 0.115509)
step 3824 score (0, 12, 17, 0.168477) best (1, 9, 18, 0.115509)
step 3825 score (0, 6, 15, 0.157821) best (1, 9, 18, 0.115509)
step 3826 score (0, 5, 13, 0.136158) best (1, 9, 18, 0.115509)
step 3827 score (0, 4, 15, 0.148461) best (1, 9, 18, 0.115509)
step 3828 score (0, 7, 14, 0.135674) best (1, 9, 18, 0.115509)
step 3829 score (0, 1, 13, 0.135792) best (1, 9, 18, 0.115509)
step 3830 score (0, 7, 14, 0.135674) best (1, 9, 18, 0.115509)
step 3831 score (0, 7, 17, 0.172561) best (1, 9, 18, 0.115509)
step 3832 score (0, 11, 18, 0.183616) best (1, 9, 18, 0.115509)
step 3833 score (0, 11, 18, 0.193492) best (1, 9, 18, 0.115509)
step 3834 score (0, 12, 18, 0.181078) best (1, 9, 18, 0.115509)
step 3835 score (0, 12, 18, 0.187064) best (1, 9, 18, 0.115509)
step 3836 score (0, 10, 18, 0.199319) best (1, 9, 18, 0.115509)
step 3837 score (0, 9, 18, 0.192393) best (1, 9, 18, 0.115509)
step 3838 score (0, 12, 16, 0.183629) best (1, 9, 18, 0.115509)
step 3839 score (0, 6, 15, 0.153383) best (1, 9, 18, 0.115509)
step 3840 score (0, 3, 16, 0.122853) best (1, 9, 18, 0.115509)
step 3841 score (0, 1, 12, 0.098343) best (1, 9, 18, 0.115509)
step 3842 score (0, 2, 15, 0.114355) best (1, 9, 18, 0.115509)
step 3843 score (0, 3, 12, 0.1333) best (1, 9, 18, 0.115509)
step 3844 score (0, 4, 14, 0.132996) best (1, 9, 18, 0.115509)
step 3845 score (0, 3, 12, 0.1333) best (1, 9, 18, 0.115509)
step 3846 score (0, 1, 16, 0.145213) best (1, 9, 18, 0.115509)
step 3847 score (0, 4, 15, 0.151199) best (1, 9, 18, 0.115509)
step 3848 score (0, 1, 15, 0.142666) best (1, 9, 18, 0.115509)
step 3849 score (0, 2, 15, 0.129381) best (1, 9, 18, 0.115509)
step 3850 score (0, 0, 15, 0.13508) best (1, 9, 18, 0.115509)
step 3851 score (0, 0, 13, 0.120998) best (1, 9, 18, 0.115509)
CERTIFICATE e8def38bdb99434c
step 3852 score (1, 4, 15, 0.124625) best (1, 9, 18, 0.115509)
step 3853 score (0, 2, 15, 0.129381) best (1, 9, 18, 0.115509)
step 3854 score (0, 4, 16, 0.140803) best (1, 9, 18, 0.115509)
step 3855 score (0, 10, 16, 0.181529) best (1, 9, 18, 0.115509)
step 3856 score (0, 11, 16, 0.159114) best (1, 9, 18, 0.115509)
step 3857 score (0, 11, 16, 0.172976) best (1, 9, 18, 0.115509)
step 3858 score (0, 7, 18, 0.180946) best (1, 9, 18, 0.115509)
step 3859 score (0, 10, 12, 0.167221) best (1, 9, 18, 0.115509)
step 3860 score (0, 11, 18, 0.183616) best (1, 9, 18, 0.115509)
step 3861 score (0, 11, 18, 0.193492) best (1, 9, 18, 0.115509)
step 3862 score (0, 12, 18, 0.181078) best (1, 9, 18, 0.115509)
step 3863 score (0, 7, 17, 0.171898) best (1, 9, 18, 0.115509)
step 3864 score (0, 12, 18, 0.181078) best (1, 9, 18, 0.115509)
step 3865 score (0, 12, 18, 0.187064) best (1, 9, 18, 0.115509)
step 3866 score (0, 10, 18, 0.199319) best (1, 9, 18, 0.115509)
step 3867 score (0, 11, 18, 0.193492) best (1, 9, 18, 0.115509)
step 3868 score (0, 11, 18, 0.183616) best (1, 9, 18, 0.115509)
step 3869 score (0, 10, 16, 0.181529) best (1, 9, 18, 0.115509)
step 3870 score (0, 12, 16, 0.183629) best (1, 9, 18, 0.115509)
step 3871 score (0, 6, 15, 0.153383) best (1, 9, 18, 0.115509)
step 3872 score (0, 9, 15, 0.16785) best (1, 9, 18, 0.115509)
step 3873 score (0, 3, 15, 0.136183) best (1, 9, 18, 0.115509)
step 3874 score (0, 2, 17, 0.169457) best (1, 9, 18, 0.115509)
step 3875 score (0, 4, 16, 0.139742) best (1, 9, 18, 0.115509)
step 3876 score (0, 8, 17, 0.206485) best (1, 9, 18, 0.115509)
step 3877 score (0, 10, 17, 0.197989) best (1, 9, 18, 0.115509)
step 3878 score (0, 13, 17, 0.181408) best (1, 9, 18, 0.115509)
step 3879 score (0, 4, 16, 0.177558) best (1, 9, 18, 0.115509)
step 3880 score (0, 3, 10, 0.147356) best (1, 9, 18, 0.115509)
step 3881 score (0, 4, 16, 0.177558) best (1, 9, 18, 0.115509)
step 3882 score (0, 13, 17, 0.181408) best (1, 9, 18, 0.115509)
step 3883 score (0, 10, 17, 0.197989) best (1, 9, 18, 0.115509)
step 3884 score (0, 12, 17, 0.183719) best (1, 9, 18, 0.115509)
step 3885 score (0, 10, 17, 0.195152) best (1, 9, 18, 0.115509)
step 3886 score (0, 14, 17, 0.171654) best (1, 9, 18, 0.115509)
step 3887 score (0, 10, 17, 0.195152) best (1, 9, 18, 0.115509)
step 3888 score (0, 12, 17, 0.183719) best (1, 9, 18, 0.115509)
step 3889 score (0, 9, 16, 0.18457) best (1, 9, 18, 0.115509)
step 3890 score (0, 8, 16, 0.184908) best (1, 9, 18, 0.115509)
step 3891 score (0, 7, 10, 0.15184) best (1, 9, 18, 0.115509)
step 3892 score (0, 12, 17, 0.183719) best (1, 9, 18, 0.115509)
step 3893 score (0, 8, 14, 0.119324) best (1, 9, 18, 0.115509)
step 3894 score (0, 0, 13, 0.132886) best (1, 9, 18, 0.115509)
step 3895 score (0, 4, 13, 0.130676) best (1, 9, 18, 0.115509)
step 3896 score (0, 4, 9, 0.112189) best (1, 9, 18, 0.115509)
step 3897 score (0, 3, 10, 0.131653) best (1, 9, 18, 0.115509)
step 3898 score (0, 1, 9, 0.126366) best (1, 9, 18, 0.115509)
step 3899 score (0, 3, 10, 0.131653) best (1, 9, 18, 0.115509)
step 3900 score (0, 4, 9, 0.112189) best (1, 9, 18, 0.115509)
step 3901 score (0, 4, 13, 0.130676) best (1, 9, 18, 0.115509)
step 3902 score (0, 7, 9, 0.13723) best (1, 9, 18, 0.115509)
step 3903 score (0, 7, 9, 0.167329) best (1, 9, 18, 0.115509)
CERTIFICATE 569eb239b5479310
step 3904 score (1, 3, 10, 0.133703) best (1, 9, 18, 0.115509)
step 3905 score (0, 3, 8, 0.124721) best (1, 9, 18, 0.115509)
step 3906 score (0, 5, 11, 0.128122) best (1, 9, 18, 0.115509)
step 3907 score (0, 3, 8, 0.124721) best (1, 9, 18, 0.115509)
step 3908 score (0, 5, 10, 0.134184) best (1, 9, 18, 0.115509)
step 3909 score (0, 4, 10, 0.137511) best (1, 9, 18, 0.115509)
step 3910 score (0, 8, 10, 0.129126) best (1, 9, 18, 0.115509)
step 3911 score (0, 5, 10, 0.135674) best (1, 9, 18, 0.115509)
step 3912 score (0, 8, 10, 0.129126) best (1, 9, 18, 0.115509)
step 3913 score (0, 8, 10, 0.0965) best (1, 9, 18, 0.115509)
step 3914 score (0, 8, 10, 0.129126) best (1, 9, 18, 0.115509)
step 3915 score (0, 5, 10, 0.135674) best (1, 9, 18, 0.115509)
step 3916 score (0, 4, 9, 0.095703) best (1, 9, 18, 0.115509)
step 3917 score (0, 5, 10, 0.135674) best (1, 9, 18, 0.115509)
step 3918 score (0, 8, 10, 0.129126) best (1, 9, 18, 0.115509)
step 3919 score (0, 8, 10, 0.0965) best (1, 9, 18, 0.115509)
step 3920 score (0, 10, 10, 0.108485) best (1, 9, 18, 0.115509)
step 3921 score (0, 5, 10, 0.132864) best (1, 9, 18, 0.115509)
step 3922 score (0, 9, 9, 0.14273) best (1, 9, 18, 0.115509)
step 3923 score (0, 6, 13, 0.140491) best (1, 9, 18, 0.115509)
step 3924 score (0, 6, 15, 0.176501) best (1, 9, 18, 0.115509)
step 3925 score (0, 6, 15, 0.147589) best (1, 9, 18, 0.115509)
step 3926 score (0, 9, 12, 0.155576) best (1, 9, 18, 0.115509)
step 3927 score (0, 5, 15, 0.161348) best (1, 9, 18, 0.115509)
step 3928 score (0, 7, 14, 0.142384) best (1, 9, 18, 0.115509)
step 3929 score (0, 7, 14, 0.142538) best (1, 9, 18, 0.115509)
step 3930 score (0, 8, 16, 0.140307) best (1, 9, 18, 0.115509)
step 3931 score (0, 7, 14, 0.142538) best (1, 9, 18, 0.115509)
step 3932 score (0, 7, 14, 0.142384) best (1, 9, 18, 0.115509)
step 3933 score (0, 4, 13, 0.145479) best (1, 9, 18, 0.115509)
step 3934 score (0, 5, 16, 0.172985) best (1, 9, 18, 0.115509)
step 3935 score (0, 14, 17, 0.171654) best (1, 9, 18, 0.115509)
step 3936 score (0, 10, 17, 0.195152) best (1, 9, 18, 0.115509)
step 3937 score (0, 6, 16, 0.149159) best (1, 9, 18, 0.115509)
step 3938 score (0, 7, 16, 0.180678) best (1, 9, 18, 0.115509)
step 3939 score (0, 16, 17, 0.18417) best (1, 9, 18, 0.115509)
step 3940 score (0, 11, 17, 0.190813) best (1, 9, 18, 0.115509)
step 3941 score (0, 9, 17, 0.182271) best (1, 9, 18, 0.115509)
step 3942 score (0, 8, 17, 0.19801) best (1, 9, 18, 0.115509)
step 3943 score (0, 4, 13, 0.138316) best (1, 9, 18, 0.115509)
step 3944 score (0, 8, 17, 0.19801) best (1, 9, 18, 0.115509)
step 3945 score (0, 9, 17, 0.182271) best (1, 9, 18, 0.115509)
step 3946 score (0, 8, 17, 0.178273) best (1, 9, 18, 0.115509)
step 3947 score (0, 16, 17, 0.18417) best (1, 9, 18, 0.115509)
step 3948 score (0, 12, 17, 0.194708) best (1, 9, 18, 0.115509)
step 3949 score (0, 15, 17, 0.177101) best (1, 9, 18, 0.115509)
step 3950 score (0, 11, 17, 0.185855) best (1, 9, 18, 0.115509)
step 3951 score (0, 10, 17, 0.199563) best (1, 9, 18, 0.115509)
step 3952 score (0, 3, 15, 0.191609) best (1, 9, 18, 0.115509)
step 3953 score (0, 10, 17, 0.199563) best (1, 9, 18, 0.115509)
step 3954 score (0, 11, 17, 0.190813) best (1, 9, 18, 0.115509)
step 3955 score (0, 9, 17, 0.182271) best (1, 9, 18, 0.115509)
step 3956 score (0, 4, 16, 0.152319) best (1, 9, 18, 0.115509)
step 3957 score (0, 6, 18, 0.154824) best (1, 9, 18, 0.115509)
step 3958 score (0, 6, 14, 0.111211) best (1, 9, 18, 0.115509)
step 3959 score (0, 6, 15, 0.116578) best (1, 9, 18, 0.115509)
step 3960 score (0, 2, 16, 0.126163) best (1, 9, 18, 0.115509)
step 3961 score (0, 6, 14, 0.112272) best (1, 9, 18, 0.115509)
step 3962 score (0, 3, 9, 0.116537) best (1, 9, 18, 0.115509)
step 3963 score (0, 6, 14, 0.112272) best (1, 9, 18, 0.115509)
step 3964 score (0, 0, 14, 0.113181) best (1, 9, 18, 0.115509)
step 3965 score (0, 4, 16, 0.142649) best (1, 9, 18, 0.115509)
step 3966 score (0, 4, 16, 0.117412) best (1, 9, 18, 0.115509)
step 3967 score (0, 5, 14, 0.121626) best (1, 9, 18, 0.115509)
step 3968 score (0, 2, 14, 0.123294) best (1, 9, 18, 0.115509)
step 3969 score (0, 6, 14, 0.112272) best (1, 9, 18, 0.115509)
step 3970 score (0, 3, 9, 0.116537) best (1, 9, 18, 0.115509)
step 3971 score (0, 6, 14, 0.112272) best (1, 9, 18, 0.115509)
step 3972 score (0, 2, 14, 0.123294) best (1, 9, 18, 0.115509)
step 3973 score (0, 6, 15, 0.123304) best (1, 9, 18, 0.115509)
step 3974 score (0, 6, 11, 0.104064) best (1, 9, 18, 0.115509)
step 3975 score (0, 6, 15, 0.123304) best (1, 9, 18, 0.115509)
step 3976 score (0, 2, 14, 0.123294) best (1, 9, 18, 0.115509)
step 3977 score (0, 6, 14, 0.112272) best (1, 9, 18, 0.115509)
step 3978 score (0, 2, 16, 0.13877) best (1, 9, 18, 0.115509)
step 3979 score (0, 3, 18, 0.142215) best (1, 9, 18, 0.115509)
step 3980 score (0, 5, 17, 0.150513) best (1, 9, 18, 0.115509)
step 3981 score (0, 4, 16, 0.150707) best (1, 9, 18, 0.115509)
step 3982 score (0, 6, 13, 0.127369) best (1, 9, 18, 0.115509)
step 3983 score (0, 8, 14, 0.137003) best (1, 9, 18, 0.115509)
step 3984 score (0, 6, 16, 0.160162) best (1, 9, 18, 0.115509)
step 3985 score (0, 4, 13, 0.140016) best (1, 9, 18, 0.115509)
step 3986 score (0, 3, 13, 0.131878) best (1, 9, 18, 0.115509)
step 3987 score (0, 3, 14, 0.13996) best (1, 9, 18, 0.115509)
step 3988 score (0, 3, 13, 0.131878) best (1, 9, 18, 0.115509)
step 3989 score (0, 3, 10, 0.122217) best (1, 9, 18, 0.115509)
step 3990 score (0, 2, 12, 0.09983) best (1, 9, 18, 0.115509)
step 3991 score (0, 4, 11, 0.106381) best (1, 9, 18, 0.115509)
step 3992 score (0, 3, 12, 0.117924) best (1, 9, 18, 0.115509)
step 3993 score (0, 6, 15, 0.129606) best (1, 9, 18, 0.115509)
step 3994 score (0, 4, 16, 0.148143) best (1, 9, 18, 0.115509)
step 3995 score (0, 1, 13, 0.144075) best (1, 9, 18, 0.115509)
step 3996 score (0, 4, 16, 0.148143) best (1, 9, 18, 0.115509)
step 3997 score (0, 3, 17, 0.133522) best (1, 9, 18, 0.115509)
step 3998 score (0, 2, 16, 0.155563) best (1, 9, 18, 0.115509)
step 3999 score (0, 7, 16, 0.120601) best (1, 9, 18, 0.115509)
step 4000 score (0, 2, 14, 0.107952) best (1, 9, 18, 0.115509)
step 4001 score (0, 0, 12, 0.120132) best (1, 9, 18, 0.115509)
step 4002 score (0, 0, 11, 0.120202) best (1, 9, 18, 0.115509)
step 4003 score (0, 0, 15, 0.143507) best (1, 9, 18, 0.115509)
step 4004 score (0, 0, 10, 0.120089) best (1, 9, 18, 0.115509)
step 4005 score (0, 0, 12, 0.119311) best (1, 9, 18, 0.115509)
step 4006 score (0, 1, 12, 0.144739) best (1, 9, 18, 0.115509)
step 4007 score (0, 4, 12, 0.104413) best (1, 9, 18, 0.115509)
step 4008 score (0, 2, 12, 0.11592) best (1, 9, 18, 0.115509)
step 4009 score (0, 1, 9, 0.107377) best (1, 9, 18, 0.115509)
step 4010 score (0, 1, 12, 0.129166) best (1, 9, 18, 0.115509)
step 4011 score (0, 0, 15, 0.151467) best (1, 9, 18, 0.115509)
step 4012 score (0, 3, 13, 0.14807) best (1, 9, 18, 0.115509)
step 4013 score (0, 2, 15, 0.150273) best (1, 9, 18, 0.115509)
step 4014 score (0, 3, 13, 0.14807) best (1, 9, 18, 0.115509)
step 4015 score (0, 0, 15, 0.151467) best (1, 9, 18, 0.115509)
step 4016 score (0, 2, 10, 0.13865) best (1, 9, 18, 0.115509)
step 4017 score (0, 0, 11, 0.120706) best (1, 9, 18, 0.115509)
step 4018 score (0, 2, 11, 0.131133) best (1, 9, 18, 0.115509)
step 4019 score (0, 0, 11, 0.120706) best (1, 9, 18, 0.115509)
step 4020 score (0, 2, 10, 0.13865) best (1, 9, 18, 0.115509)
step 4021 score (0, 1, 11, 0.135406) best (1, 9, 18, 0.115509)
step 4022 score (0, 1, 11, 0.103747) best (1, 9, 18, 0.115509)
step 4023 score (0, 1, 10, 0.117924) best (1, 9, 18, 0.115509)
step 4024 score (0, 3, 12, 0.138027) best (1, 9, 18, 0.115509)
step 4025 score (0, 6, 14, 0.153809) best (1, 9, 18, 0.115509)
step 4026 score (0, 4, 11, 0.136112) best (1, 9, 18, 0.115509)
step 4027 score (0, 5, 12, 0.105629) best (1, 9, 18, 0.115509)
step 4028 score (0, 6, 12, 0.131704) best (1, 9, 18, 0.115509)
step 4029 score (0, 7, 10, 0.128337) best (1, 9, 18, 0.115509)
step 4030 score (0, 4, 10, 0.138991) best (1, 9, 18, 0.115509)
step 4031 score (0, 7, 10, 0.128337) best (1, 9, 18, 0.115509)
step 4032 score (0, 6, 12, 0.131704) best (1, 9, 18, 0.115509)
step 4033 score (0, 5, 8, 0.137826) best (1, 9, 18, 0.115509)
step 4034 score (0, 5, 11, 0.128654) best (1, 9, 18, 0.115509)
step 4035 score (0, 3, 9, 0.118854) best (1, 9, 18, 0.115509)
step 4036 score (0, 5, 11, 0.128654) best (1, 9, 18, 0.115509)
step 4037 score (0, 4, 10, 0.140409) best (1, 9, 18, 0.115509)
step 4038 score (0, 7, 17, 0.124061) best (1, 9, 18, 0.115509)
step 4039 score (0, 7, 13, 0.14656) best (1, 9, 18, 0.115509)
step 4040 score (0, 7, 14, 0.133675) best (1, 9, 18, 0.115509)
step 4041 score (0, 10, 10, 0.132133) best (1, 9, 18, 0.115509)
step 4042 score (0, 6, 11, 0.146036) best (1, 9, 18, 0.115509)
step 4043 score (0, 9, 15, 0.146933) best (1, 9, 18, 0.115509)
step 4044 score (0, 6, 11, 0.146036) best (1, 9, 18, 0.115509)
step 4045 score (0, 7, 14, 0.151807) best (1, 9, 18, 0.115509)
step 4046 score (0, 6, 11, 0.146036) best (1, 9, 18, 0.115509)
step 4047 score (0, 10, 10, 0.132133) best (1, 9, 18, 0.115509)
step 4048 score (0, 7, 14, 0.133675) best (1, 9, 18, 0.115509)
step 4049 score (0, 4, 15, 0.122366) best (1, 9, 18, 0.115509)
step 4050 score (0, 7, 14, 0.133675) best (1, 9, 18, 0.115509)
step 4051 score (0, 10, 10, 0.132133) best (1, 9, 18, 0.115509)
step 4052 score (0, 6, 11, 0.146036) best (1, 9, 18, 0.115509)
step 4053 score (0, 7, 14, 0.151807) best (1, 9, 18, 0.115509)
step 4054 score (0, 4, 9, 0.136656) best (1, 9, 18, 0.115509)
step 4055 score (0, 6, 9, 0.135502) best (1, 9, 18, 0.115509)
step 4056 score (0, 1, 7, 0.093975) best (1, 9, 18, 0.115509)
step 4057 score (0, 0, 11, 0.104696) best (1, 9, 18, 0.115509)
step 4058 score (0, 7, 9, 0.129376) best (1, 9, 18, 0.115509)
step 4059 score (0, 6, 9, 0.135502) best (1, 9, 18, 0.115509)
step 4060 score (0, 4, 9, 0.136656) best (1, 9, 18, 0.115509)
step 4061 score (0, 7, 14, 0.151807) best (1, 9, 18, 0.115509)
step 4062 score (0, 6, 11, 0.146036) best (1, 9, 18, 0.115509)
step 4063 score (0, 9, 15, 0.146933) best (1, 9, 18, 0.115509)
step 4064 score (0, 6, 12, 0.126568) best (1, 9, 18, 0.115509)
step 4065 score (0, 5, 9, 0.12508) best (1, 9, 18, 0.115509)
step 4066 score (0, 6, 12, 0.126568) best (1, 9, 18, 0.115509)
step 4067 score (0, 3, 13, 0.179829) best (1, 9, 18, 0.115509)
step 4068 score (0, 5, 8, 0.137826) best (1, 9, 18, 0.115509)
step 4069 score (0, 6, 12, 0.131704) best (1, 9, 18, 0.115509)
step 4070 score (0, 7, 10, 0.128337) best (1, 9, 18, 0.115509)
step 4071 score (0, 6, 12, 0.131704) best (1, 9, 18, 0.115509)
step 4072 score (0, 4, 9, 0.152135) best (1, 9, 18, 0.115509)
step 4073 score (0, 4, 11, 0.13871) best (1, 9, 18, 0.115509)
step 4074 score (0, 5, 10, 0.123962) best (1, 9, 18, 0.115509)
step 4075 score (0, 6, 10, 0.098474) best (1, 9, 18, 0.115509)
step 4076 score (0, 5, 10, 0.132184) best (1, 9, 18, 0.115509)
step 4077 score (0, 2, 9, 0.137369) best (1, 9, 18, 0.115509)
step 4078 score (0, 4, 11, 0.140148) best (1, 9, 18, 0.115509)
step 4079 score (0, 6, 11, 0.116214) best (1, 9, 18, 0.115509)
step 4080 score (0, 0, 12, 0.11553) best (1, 9, 18, 0.115509)
step 4081 score (0, 4, 11, 0.13871) best (1, 9, 18, 0.115509)
step 4082 score (0, 3, 13, 0.179829) best (1, 9, 18, 0.115509)
step 4083 score (0, 7, 14, 0.128086) best (1, 9, 18, 0.115509)
step 4084 score (0, 4, 10, 0.136899) best (1, 9, 18, 0.115509)
step 4085 score (0, 7, 14, 0.128086) best (1, 9, 18, 0.115509)
step 4086 score (0, 6, 12, 0.126568) best (1, 9, 18, 0.115509)
step 4087 score (0, 5, 10, 0.123962) best (1, 9, 18, 0.115509)
step 4088 score (0, 6, 10, 0.098474) best (1, 9, 18, 0.115509)
step 4089 score (0, 5, 10, 0.132184) best (1, 9, 18, 0.115509)
step 4090 score (0, 6, 10, 0.098474) best (1, 9, 18, 0.115509)
step 4091 score (0, 5, 10, 0.123962) best (1, 9, 18, 0.115509)
step 4092 score (0, 6, 11, 0.146036) best (1, 9, 18, 0.115509)
step 4093 score (0, 10, 10, 0.132133) best (1, 9, 18, 0.115509)
step 4094 score (0, 7, 14, 0.133675) best (1, 9, 18, 0.115509)
step 4095 score (0, 7, 13, 0.14656) best (1, 9, 18, 0.115509)
step 4096 score (0, 7, 17, 0.124061) best (1, 9, 18, 0.115509)
step 4097 score (0, 7, 13, 0.14656) best (1, 9, 18, 0.115509)
step 4098 score (0, 7, 14, 0.133675) best (1, 9, 18, 0.115509)
step 4099 score (0, 7, 13, 0.14656) best (1, 9, 18, 0.115509)
step 4100 score (0, 1, 13, 0.13167) best (1, 9, 18, 0.115509)
step 4101 score (0, 7, 14, 0.151807) best (1, 9, 18, 0.115509)
step 4102 score (0, 4, 11, 0.134502) best (1, 9, 18, 0.115509)
step 4103 score (0, 8, 11, 0.109881) best (1, 9, 18, 0.115509)
step 4104 score (0, 6, 10, 0.094581) best (1, 9, 18, 0.115509)
step 4105 score (0, 8, 11, 0.109881) best (1, 9, 18, 0.115509)
step 4106 score (0, 4, 12, 0.107352) best (1, 9, 18, 0.115509)
step 4107 score (0, 8, 11, 0.109881) best (1, 9, 18, 0.115509)
step 4108 score (0, 6, 10, 0.094581) best (1, 9, 18, 0.115509)
step 4109 score (0, 5, 11, 0.146762) best (1, 9, 18, 0.115509)
step 4110 score (0, 6, 10, 0.094581) best (1, 9, 18, 0.115509)
step 4111 score (0, 8, 11, 0.109881) best (1, 9, 18, 0.115509)
step 4112 score (0, 4, 12, 0.107352) best (1, 9, 18, 0.115509)
step 4113 score (0, 1, 11, 0.126469) best (1, 9, 18, 0.115509)
step 4114 score (0, 4, 12, 0.107352) best (1, 9, 18, 0.115509)
step 4115 score (0, 0, 14, 0.088486) best (1, 9, 18, 0.115509)
step 4116 score (0, 0, 15, 0.109969) best (1, 9, 18, 0.115509)
step 4117 score (0, 1, 12, 0.111744) best (1, 9, 18, 0.115509)
step 4118 score (0, 0, 11, 0.092142) best (1, 9, 18, 0.115509)
step 4119 score (0, 1, 12, 0.111744) best (1, 9, 18, 0.115509)
step 4120 score (0, 1, 12, 0.083729) best (1, 9, 18, 0.115509)
step 4121 score (0, 5, 16, 0.140373) best (1, 9, 18, 0.115509)
step 4122 score (0, 3, 10, 0.12891) best (1, 9, 18, 0.115509)
step 4123 score (0, 4, 10, 0.126212) best (1, 9, 18, 0.115509)
step 4124 score (0, 3, 10, 0.12891) best (1, 9, 18, 0.115509)
step 4125 score (0, 5, 16, 0.140373) best (1, 9, 18, 0.115509)
step 4126 score (0, 8, 16, 0.145503) best (1, 9, 18, 0.115509)
step 4127 score (0, 5, 16, 0.149349) best (1, 9, 18, 0.115509)
step 4128 score (0, 4, 16, 0.161225) best (1, 9, 18, 0.115509)
step 4129 score (0, 3, 17, 0.161159) best (1, 9, 18, 0.115509)
step 4130 score (0, 4, 16, 0.166156) best (1, 9, 18, 0.115509)
step 4131 score (0, 6, 15, 0.166447) best (1, 9, 18, 0.115509)
step 4132 score (0, 7, 13, 0.139937) best (1, 9, 18, 0.115509)
step 4133 score (0, 4, 14, 0.137024) best (1, 9, 18, 0.115509)
step 4134 score (0, 4, 8, 0.106624) best (1, 9, 18, 0.115509)
step 4135 score (0, 5, 9, 0.096981) best (1, 9, 18, 0.115509)
step 4136 score (0, 4, 9, 0.141072) best (1, 9, 18, 0.115509)
step 4137 score (0, 3, 13, 0.105382) best (1, 9, 18, 0.115509)
step 4138 score (0, 1, 11, 0.120832) best (1, 9, 18, 0.115509)
step 4139 score (0, 6, 11, 0.109877) best (1, 9, 18, 0.115509)
step 4140 score (0, 6, 9, 0.135502) best (1, 9, 18, 0.115509)
step 4141 score (0, 4, 14, 0.137024) best (1, 9, 18, 0.115509)
step 4142 score (0, 4, 8, 0.106624) best (1, 9, 18, 0.115509)
step 4143 score (0, 5, 9, 0.096981) best (1, 9, 18, 0.115509)
step 4144 score (0, 4, 9, 0.141072) best (1, 9, 18, 0.115509)
step 4145 score (0, 4, 10, 0.136899) best (1, 9, 18, 0.115509)
step 4146 score (0, 7, 11, 0.130217) best (1, 9, 18, 0.115509)
step 4147 score (0, 6, 11, 0.146036) best (1, 9, 18, 0.115509)
step 4148 score (0, 9, 15, 0.146933) best (1, 9, 18, 0.115509)
step 4149 score (0, 6, 12, 0.126568) best (1, 9, 18, 0.115509)
step 4150 score (0, 5, 9, 0.12508) best (1, 9, 18, 0.115509)
step 4151 score (0, 6, 12, 0.126568) best (1, 9, 18, 0.115509)
step 4152 score (0, 7, 14, 0.128086) best (1, 9, 18, 0.115509)
step 4153 score (0, 3, 13, 0.179829) best (1, 9, 18, 0.115509)
step 4154 score (0, 4, 11, 0.13871) best (1, 9, 18, 0.115509)
step 4155 score (0, 4, 9, 0.152135) best (1, 9, 18, 0.115509)
step 4156 score (0, 6, 12, 0.131704) best (1, 9, 18, 0.115509)
step 4157 score (0, 7, 10, 0.128337) best (1, 9, 18, 0.115509)
step 4158 score (0, 6, 12, 0.131704) best (1, 9, 18, 0.115509)
step 4159 score (0, 5, 8, 0.137826) best (1, 9, 18, 0.115509)
step 4160 score (0, 3, 13, 0.179829) best (1, 9, 18, 0.115509)
step 4161 score (0, 6, 12, 0.126568) best (1, 9, 18, 0.115509)
step 4162 score (0, 9, 15, 0.146933) best (1, 9, 18, 0.115509)
step 4163 score (0, 6, 11, 0.146036) best (1, 9, 18, 0.115509)
step 4164 score (0, 10, 10, 0.132133) best (1, 9, 18, 0.115509)
step 4165 score (0, 7, 14, 0.133675) best (1, 9, 18, 0.115509)
step 4166 score (0, 4, 15, 0.122366) best (1, 9, 18, 0.115509)
step 4167 score (0, 3, 14, 0.1443) best (1, 9, 18, 0.115509)
step 4168 score (0, 7, 14, 0.175534) best (1, 9, 18, 0.115509)
step 4169 score (0, 4, 9, 0.119803) best (1, 9, 18, 0.115509)
step 4170 score (0, 6, 9, 0.109208) best (1, 9, 18, 0.115509)
step 4171 score (0, 9, 14, 0.175174) best (1, 9, 18, 0.115509)
step 4172 score (0, 5, 16, 0.16687) best (1, 9, 18, 0.115509)
step 4173 score (0, 8, 13, 0.154762) best (1, 9, 18, 0.115509)
step 4174 score (0, 6, 13, 0.15562) best (1, 9, 18, 0.115509)
step 4175 score (0, 8, 13, 0.154762) best (1, 9, 18, 0.115509)
step 4176 score (0, 6, 12, 0.155265) best (1, 9, 18, 0.115509)
step 4177 score (0, 4, 8, 0.107067) best (1, 9, 18, 0.115509)
step 4178 score (0, 2, 8, 0.091582) best (1, 9, 18, 0.115509)
step 4179 score (0, 2, 8, 0.109502) best (1, 9, 18, 0.115509)
step 4180 score (0, 2, 10, 0.10613) best (1, 9, 18, 0.115509)
step 4181 score (0, 6, 9, 0.127663) best (1, 9, 18, 0.115509)
step 4182 score (0, 4, 14, 0.150751) best (1, 9, 18, 0.115509)
step 4183 score (0, 6, 9, 0.127663) best (1, 9, 18, 0.115509)
step 4184 score (0, 6, 9, 0.114247) best (1, 9, 18, 0.115509)
step 4185 score (0, 5, 9, 0.136439) best (1, 9, 18, 0.115509)
step 4186 score (0, 8, 11, 0.122906) best (1, 9, 18, 0.115509)
step 4187 score (0, 3, 10, 0.135124) best (1, 9, 18, 0.115509)
step 4188 score (0, 8, 11, 0.122906) best (1, 9, 18, 0.115509)
step 4189 score (0, 7, 10, 0.15184) best (1, 9, 18, 0.115509)
step 4190 score (0, 13, 17, 0.181408) best (1, 9, 18, 0.115509)
step 4191 score (0, 10, 17, 0.197989) best (1, 9, 18, 0.115509)
step 4192 score (0, 12, 17, 0.183719) best (1, 9, 18, 0.115509)
step 4193 score (0, 10, 17, 0.195152) best (1, 9, 18, 0.115509)
step 4194 score (0, 8, 17, 0.206485) best (1, 9, 18, 0.115509)
step 4195 score (0, 10, 17, 0.192016) best (1, 9, 18, 0.115509)
step 4196 score (0, 12, 17, 0.168477) best (1, 9, 18, 0.115509)
step 4197 score (0, 6, 15, 0.157821) best (1, 9, 18, 0.115509)
step 4198 score (0, 5, 13, 0.136158) best (1, 9, 18, 0.115509)
step 4199 score (0, 6, 17, 0.170758) best (1, 9, 18, 0.115509)
step 4200 score (0, 12, 18, 0.181078) best (1, 9, 18, 0.115509)
step 4201 score (0, 11, 18, 0.193492) best (1, 9, 18, 0.115509)
step 4202 score (0, 11, 18, 0.183616) best (1, 9, 18, 0.115509)
step 4203 score (0, 10, 16, 0.181529) best (1, 9, 18, 0.115509)
step 4204 score (0, 11, 16, 0.159114) best (1, 9, 18, 0.115509)
step 4205 score (0, 10, 16, 0.156392) best (1, 9, 18, 0.115509)
step 4206 score (0, 12, 16, 0.183629) best (1, 9, 18, 0.115509)
step 4207 score (0, 6, 15, 0.153383) best (1, 9, 18, 0.115509)
step 4208 score (0, 5, 16, 0.108713) best (1, 9, 18, 0.115509)
step 4209 score (0, 6, 15, 0.136229) best (1, 9, 18, 0.115509)
step 4210 score (0, 2, 13, 0.125482) best (1, 9, 18, 0.115509)
step 4211 score (0, 3, 16, 0.117073) best (1, 9, 18, 0.115509)
step 4212 score (0, 1, 17, 0.140451) best (1, 9, 18, 0.115509)
step 4213 score (0, 2, 11, 0.111842) best (1, 9, 18, 0.115509)
step 4214 score (0, 0, 14, 0.135816) best (1, 9, 18, 0.115509)
step 4215 score (0, 0, 13, 0.113809) best (1, 9, 18, 0.115509)
step 4216 score (0, 2, 12, 0.114832) best (1, 9, 18, 0.115509)
step 4217 score (0, 2, 10, 0.115847) best (1, 9, 18, 0.115509)
step 4218 score (0, 2, 10, 0.127286) best (1, 9, 18, 0.115509)
step 4219 score (0, 2, 15, 0.123551) best (1, 9, 18, 0.115509)
step 4220 score (0, 13, 16, 0.163697) best (1, 9, 18, 0.115509)
step 4221 score (0, 4, 16, 0.134917) best (1, 9, 18, 0.115509)
step 4222 score (0, 13, 16, 0.163697) best (1, 9, 18, 0.115509)
step 4223 score (0, 11, 16, 0.145046) best (1, 9, 18, 0.115509)
step 4224 score (0, 3, 14, 0.117399) best (1, 9, 18, 0.115509)
step 4225 score (0, 9, 16, 0.132479) best (1, 9, 18, 0.115509)
step 4226 score (0, 4, 16, 0.134968) best (1, 9, 18, 0.115509)
step 4227 score (0, 9, 16, 0.132479) best (1, 9, 18, 0.115509)
step 4228 score (0, 4, 17, 0.146655) best (1, 9, 18, 0.115509)
step 4229 score (0, 2, 15, 0.123551) best (1, 9, 18, 0.115509)
step 4230 score (0, 6, 15, 0.09667) best (1, 9, 18, 0.115509)
step 4231 score (0, 3, 17, 0.16803) best (1, 9, 18, 0.115509)
step 4232 score (0, 9, 17, 0.156637) best (1, 9, 18, 0.115509)
step 4233 score (0, 9, 17, 0.145017) best (1, 9, 18, 0.115509)
step 4234 score (0, 5, 16, 0.109736) best (1, 9, 18, 0.115509)
step 4235 score (0, 0, 13, 0.1036) best (1, 9, 18, 0.115509)
step 4236 score (0, 5, 16, 0.109736) best (1, 9, 18, 0.115509)
step 4237 score (0, 9, 17, 0.145017) best (1, 9, 18, 0.115509)
step 4238 score (0, 5, 17, 0.161516) best (1, 9, 18, 0.115509)
step 4239 score (0, 2, 15, 0.120196) best (1, 9, 18, 0.115509)
step 4240 score (0, 2, 13, 0.098239) best (1, 9, 18, 0.115509)
step 4241 score (0, 2, 12, 0.100951) best (1, 9, 18, 0.115509)
step 4242 score (0, 0, 8, 0.126981) best (1, 9, 18, 0.115509)
step 4243 score (0, 2, 12, 0.100951) best (1, 9, 18, 0.115509)
step 4244 score (0, 3, 12, 0.10702) best (1, 9, 18, 0.115509)
step 4245 score (0, 0, 12, 0.103339) best (1, 9, 18, 0.115509)
step 4246 score (0, 2, 13, 0.098239) best (1, 9, 18, 0.115509)
step 4247 score (0, 2, 15, 0.120196) best (1, 9, 18, 0.115509)
step 4248 score (0, 2, 12, 0.0898) best (1, 9, 18, 0.115509)
step 4249 score (0, 3, 14, 0.093998) best (1, 9, 18, 0.115509)
step 4250 score (0, 3, 9, 0.085487) best (1, 9, 18, 0.115509)
step 4251 score (0, 3, 14, 0.093998) best (1, 9, 18, 0.115509)
step 4252 score (0, 3, 16, 0.126758) best (1, 9, 18, 0.115509)
step 4253 score (0, 8, 17, 0.1613) best (1, 9, 18, 0.115509)
step 4254 score (0, 5, 17, 0.161516) best (1, 9, 18, 0.115509)
step 4255 score (0, 9, 17, 0.145017) best (1, 9, 18, 0.115509)
step 4256 score (0, 9, 17, 0.156637) best (1, 9, 18, 0.115509)
step 4257 score (0, 1, 16, 0.135613) best (1, 9, 18, 0.115509)
step 4258 score (0, 1, 14, 0.118751) best (1, 9, 18, 0.115509)
step 4259 score (0, 0, 14, 0.134649) best (1, 9, 18, 0.115509)
step 4260 score (0, 0, 16, 0.137297) best (1, 9, 18, 0.115509)
step 4261 score (0, 2, 15, 0.141028) best (1, 9, 18, 0.115509)
step 4262 score (0, 1, 15, 0.145675) best (1, 9, 18, 0.115509)
step 4263 score (0, 2, 15, 0.144349) best (1, 9, 18, 0.115509)
step 4264 score (0, 1, 14, 0.139317) best (1, 9, 18, 0.115509)
step 4265 score (0, 3, 17, 0.164956) best (1, 9, 18, 0.115509)
step 4266 score (0, 4, 16, 0.169189) best (1, 9, 18, 0.115509)
step 4267 score (0, 0, 15, 0.142555) best (1, 9, 18, 0.115509)
step 4268 score (0, 4, 16, 0.169189) best (1, 9, 18, 0.115509)
step 4269 score (0, 1, 16, 0.149619) best (1, 9, 18, 0.115509)
step 4270 score (0, 5, 13, 0.095861) best (1, 9, 18, 0.115509)
step 4271 score (0, 2, 14, 0.112942) best (1, 9, 18, 0.115509)
step 4272 score (0, 1, 12, 0.114906) best (1, 9, 18, 0.115509)
step 4273 score (0, 0, 11, 0.10864) best (1, 9, 18, 0.115509)
step 4274 score (0, 1, 12, 0.114906) best (1, 9, 18, 0.115509)
step 4275 score (0, 0, 14, 0.100992) best (1, 9, 18, 0.115509)
step 4276 score (0, 5, 15, 0.110095) best (1, 9, 18, 0.115509)
step 4277 score (0, 4, 11, 0.106486) best (1, 9, 18, 0.115509)
step 4278 score (0, 5, 19, 0.13524) best (1, 9, 18, 0.115509)
step 4279 score (0, 2, 17, 0.142436) best (1, 9, 18, 0.115509)
step 4280 score (0, 5, 19, 0.13524) best (1, 9, 18, 0.115509)
step 4281 score (0, 1, 18, 0.127893) best (1, 9, 18, 0.115509)
step 4282 score (0, 1, 13, 0.128062) best (1, 9, 18, 0.115509)
step 4283 score (0, 2, 17, 0.121417) best (1, 9, 18, 0.115509)
step 4284 score (0, 3, 16, 0.113246) best (1, 9, 18, 0.115509)
step 4285 score (0, 2, 17, 0.121417) best (1, 9, 18, 0.115509)
step 4286 score (0, 1, 13, 0.128062) best (1, 9, 18, 0.115509)
step 4287 score (0, 1, 18, 0.127893) best (1, 9, 18, 0.115509)
step 4288 score (0, 5, 19, 0.13524) best (1, 9, 18, 0.115509)
step 4289 score (0, 4, 11, 0.106486) best (1, 9, 18, 0.115509)
step 4290 score (0, 5, 19, 0.13524) best (1, 9, 18, 0.115509)
step 4291 score (0, 1, 18, 0.127893) best (1, 9, 18, 0.115509)
step 4292 score (0, 1, 13, 0.128062) best (1, 9, 18, 0.115509)
step 4293 score (0, 2, 17, 0.121417) best (1, 9, 18, 0.115509)
step 4294 score (0, 3, 16, 0.113246) best (1, 9, 18, 0.115509)
step 4295 score (0, 1, 12, 0.126893) best (1, 9, 18, 0.115509)
step 4296 score (0, 3, 16, 0.113246) best (1, 9, 18, 0.115509)
step 4297 score (0, 2, 17, 0.121417) best (1, 9, 18, 0.115509)
step 4298 score (0, 1, 13, 0.128062) best (1, 9, 18, 0.115509)
step 4299 score (0, 1, 18, 0.127893) best (1, 9, 18, 0.115509)
step 4300 score (0, 5, 19, 0.13524) best (1, 9, 18, 0.115509)
step 4301 score (0, 4, 11, 0.106486) best (1, 9, 18, 0.115509)
step 4302 score (0, 5, 19, 0.13524) best (1, 9, 18, 0.115509)
step 4303 score (0, 2, 17, 0.142436) best (1, 9, 18, 0.115509)
step 4304 score (0, 5, 19, 0.13524) best (1, 9, 18, 0.115509)
step 4305 score (0, 1, 18, 0.127893) best (1, 9, 18, 0.115509)
step 4306 score (0, 1, 13, 0.128062) best (1, 9, 18, 0.115509)
step 4307 score (0, 2, 17, 0.121417) best (1, 9, 18, 0.115509)
step 4308 score (0, 3, 16, 0.113246) best (1, 9, 18, 0.115509)
step 4309 score (0, 0, 13, 0.111035) best (1, 9, 18, 0.115509)
step 4310 score (0, 0, 16, 0.119063) best (1, 9, 18, 0.115509)
step 4311 score (0, 2, 14, 0.134049) best (1, 9, 18, 0.115509)
step 4312 score (0, 0, 16, 0.119063) best (1, 9, 18, 0.115509)
step 4313 score (0, 2, 14, 0.119856) best (1, 9, 18, 0.115509)
step 4314 score (0, 2, 8, 0.104144) best (1, 9, 18, 0.115509)
step 4315 score (0, 2, 14, 0.119856) best (1, 9, 18, 0.115509)
step 4316 score (0, 2, 17, 0.135557) best (1, 9, 18, 0.115509)
step 4317 score (0, 2, 14, 0.135117) best (1, 9, 18, 0.115509)
step 4318 score (0, 4, 12, 0.108331) best (1, 9, 18, 0.115509)
step 4319 score (0, 2, 13, 0.116021) best (1, 9, 18, 0.115509)
step 4320 score (0, 4, 12, 0.108331) best (1, 9, 18, 0.115509)
step 4321 score (0, 2, 14, 0.135117) best (1, 9, 18, 0.115509)
step 4322 score (0, 2, 11, 0.135037) best (1, 9, 18, 0.115509)
step 4323 score (0, 1, 13, 0.135438) best (1, 9, 18, 0.115509)
step 4324 score (0, 4, 12, 0.108331) best (1, 9, 18, 0.115509)
step 4325 score (0, 2, 13, 0.116021) best (1, 9, 18, 0.115509)
step 4326 score (0, 1, 11, 0.115461) best (1, 9, 18, 0.115509)
step 4327 score (0, 2, 16, 0.132674) best (1, 9, 18, 0.115509)
step 4328 score (0, 5, 14, 0.134521) best (1, 9, 18, 0.115509)
step 4329 score (0, 2, 14, 0.108116) best (1, 9, 18, 0.115509)
step 4330 score (0, 2, 10, 0.127286) best (1, 9, 18, 0.115509)
step 4331 score (0, 1, 12, 0.119004) best (1, 9, 18, 0.115509)
step 4332 score (0, 1, 11, 0.127192) best (1, 9, 18, 0.115509)
step 4333 score (0, 1, 12, 0.127606) best (1, 9, 18, 0.115509)
step 4334 score (0, 2, 11, 0.118783) best (1, 9, 18, 0.115509)
step 4335 score (0, 0, 12, 0.110516) best (1, 9, 18, 0.115509)
step 4336 score (0, 2, 11, 0.118783) best (1, 9, 18, 0.115509)
step 4337 score (0, 1, 15, 0.147442) best (1, 9, 18, 0.115509)
step 4338 score (0, 2, 11, 0.118783) best (1, 9, 18, 0.115509)
step 4339 score (0, 1, 12, 0.127606) best (1, 9, 18, 0.115509)
step 4340 score (0, 1, 11, 0.127192) best (1, 9, 18, 0.115509)
step 4341 score (0, 1, 12, 0.12083) best (1, 9, 18, 0.115509)
step 4342 score (0, 1, 8, 0.111009) best (1, 9, 18, 0.115509)
step 4343 score (0, 1, 12, 0.106587) best (1, 9, 18, 0.115509)
step 4344 score (0, 2, 11, 0.123724) best (1, 9, 18, 0.115509)
step 4345 score (0, 1, 13, 0.131267) best (1, 9, 18, 0.115509)
step 4346 score (0, 3, 13, 0.153703) best (1, 9, 18, 0.115509)
step 4347 score (0, 1, 13, 0.131818) best (1, 9, 18, 0.115509)
step 4348 score (0, 1, 13, 0.111211) best (1, 9, 18, 0.115509)
step 4349 score (0, 0, 16, 0.138559) best (1, 9, 18, 0.115509)
step 4350 score (0, 1, 8, 0.121476) best (1, 9, 18, 0.115509)
step 4351 score (0, 0, 14, 0.131099) best (1, 9, 18, 0.115509)
step 4352 score (0, 1, 14, 0.126845) best (1, 9, 18, 0.115509)
step 4353 score (0, 2, 13, 0.123787) best (1, 9, 18, 0.115509)
step 4354 score (0, 1, 11, 0.117432) best (1, 9, 18, 0.115509)
step 4355 score (0, 2, 13, 0.123787) best (1, 9, 18, 0.115509)
step 4356 score (0, 1, 14, 0.126845) best (1, 9, 18, 0.115509)
step 4357 score (0, 1, 12, 0.133039) best (1, 9, 18, 0.115509)
step 4358 score (0, 2, 15, 0.155471) best (1, 9, 18, 0.115509)
step 4359 score (0, 0, 13, 0.132031) best (1, 9, 18, 0.115509)
step 4360 score (0, 8, 16, 0.155284) best (1, 9, 18, 0.115509)
step 4361 score (0, 4, 14, 0.152669) best (1, 9, 18, 0.115509)
step 4362 score (0, 0, 13, 0.129841) best (1, 9, 18, 0.115509)
step 4363 score (0, 2, 15, 0.134385) best (1, 9, 18, 0.115509)
step 4364 score (0, 0, 12, 0.124864) best (1, 9, 18, 0.115509)
step 4365 score (0, 2, 15, 0.134385) best (1, 9, 18, 0.115509)
step 4366 score (0, 0, 12, 0.109658) best (1, 9, 18, 0.115509)
step 4367 score (0, 0, 10, 0.103459) best (1, 9, 18, 0.115509)
CERTIFICATE 8e1d89fb7c4488a8
step 4368 score (1, 4, 15, 0.142131) best (1, 9, 18, 0.115509)
step 4369 score (0, 2, 15, 0.134385) best (1, 9, 18, 0.115509)
step 4370 score (0, 1, 14, 0.131939) best (1, 9, 18, 0.115509)
step 4371 score (0, 1, 13, 0.129851) best (1, 9, 18, 0.115509)
step 4372 score (0, 1, 14, 0.131939) best (1, 9, 18, 0.115509)
step 4373 score (0, 0, 11, 0.125082) best (1, 9, 18, 0.115509)
step 4374 score (0, 0, 15, 0.139969) best (1, 9, 18, 0.115509)
step 4375 score (0, 4, 15, 0.137948) best (1, 9, 18, 0.115509)
step 4376 score (0, 3, 16, 0.132913) best (1, 9, 18, 0.115509)
step 4377 score (0, 2, 16, 0.133163) best (1, 9, 18, 0.115509)
step 4378 score (0, 5, 16, 0.117092) best (1, 9, 18, 0.115509)
step 4379 score (0, 3, 16, 0.14566) best (1, 9, 18, 0.115509)
step 4380 score (0, 3, 9, 0.156566) best (1, 9, 18, 0.115509)
step 4381 score (0, 6, 10, 0.143042) best (1, 9, 18, 0.115509)
step 4382 score (0, 1, 10, 0.127395) best (1, 9, 18, 0.115509)
step 4383 score (0, 10, 10, 0.151116) best (1, 9, 18, 0.115509)
step 4384 score (0, 7, 9, 0.160442) best (1, 9, 18, 0.115509)
step 4385 score (0, 9, 10, 0.13814) best (1, 9, 18, 0.115509)
step 4386 score (0, 5, 15, 0.154149) best (1, 9, 18, 0.115509)
step 4387 score (0, 4, 16, 0.187893) best (1, 9, 18, 0.115509)
step 4388 score (0, 9, 13, 0.15594) best (1, 9, 18, 0.115509)
step 4389 score (0, 5, 12, 0.163183) best (1, 9, 18, 0.115509)
step 4390 score (0, 4, 14, 0.183193) best (1, 9, 18, 0.115509)
step 4391 score (0, 9, 14, 0.156294) best (1, 9, 18, 0.115509)
step 4392 score (0, 9, 13, 0.15594) best (1, 9, 18, 0.115509)
step 4393 score (0, 6, 15, 0.145954) best (1, 9, 18, 0.115509)
step 4394 score (0, 9, 13, 0.15594) best (1, 9, 18, 0.115509)
step 4395 score (0, 9, 14, 0.156294) best (1, 9, 18, 0.115509)
step 4396 score (0, 4, 14, 0.183193) best (1, 9, 18, 0.115509)
step 4397 score (0, 6, 17, 0.197638) best (1, 9, 18, 0.115509)
step 4398 score (0, 5, 17, 0.198166) best (1, 9, 18, 0.115509)
step 4399 score (0, 12, 17, 0.193524) best (1, 9, 18, 0.115509)
step 4400 score (0, 11, 17, 0.192345) best (1, 9, 18, 0.115509)
step 4401 score (0, 5, 15, 0.129478) best (1, 9, 18, 0.115509)
step 4402 score (0, 11, 17, 0.192345) best (1, 9, 18, 0.115509)
step 4403 score (0, 7, 17, 0.181804) best (1, 9, 18, 0.115509)
step 4404 score (0, 8, 17, 0.179211) best (1, 9, 18, 0.115509)
step 4405 score (0, 14, 18, 0.18241) best (1, 9, 18, 0.115509)
step 4406 score (0, 13, 18, 0.18884) best (1, 9, 18, 0.115509)
step 4407 score (0, 11, 18, 0.203291) best (1, 9, 18, 0.115509)
step 4408 score (0, 9, 18, 0.179015) best (1, 9, 18, 0.115509)
step 4409 score (0, 14, 18, 0.171685) best (1, 9, 18, 0.115509)
step 4410 score (0, 11, 16, 0.173086) best (1, 9, 18, 0.115509)
step 4411 score (0, 5, 16, 0.161104) best (1, 9, 18, 0.115509)
step 4412 score (0, 3, 17, 0.171619) best (1, 9, 18, 0.115509)
step 4413 score (0, 5, 18, 0.16854) best (1, 9, 18, 0.115509)
step 4414 score (0, 9, 17, 0.18431) best (1, 9, 18, 0.115509)
step 4415 score (0, 10, 17, 0.168091) best (1, 9, 18, 0.115509)
step 4416 score (0, 9, 17, 0.192781) best (1, 9, 18, 0.115509)
step 4417 score (0, 11, 17, 0.181829) best (1, 9, 18, 0.115509)
step 4418 score (0, 8, 17, 0.197258) best (1, 9, 18, 0.115509)
step 4419 score (0, 5, 17, 0.205729) best (1, 9, 18, 0.115509)
step 4420 score (0, 3, 17, 0.18893) best (1, 9, 18, 0.115509)
step 4421 score (0, 8, 17, 0.206435) best (1, 9, 18, 0.115509)
step 4422 score (0, 10, 17, 0.19612) best (1, 9, 18, 0.115509)
step 4423 score (0, 14, 18, 0.18241) best (1, 9, 18, 0.115509)
step 4424 score (0, 13, 18, 0.18884) best (1, 9, 18, 0.115509)
step 4425 score (0, 11, 18, 0.203291) best (1, 9, 18, 0.115509)
step 4426 score (0, 11, 18, 0.197568) best (1, 9, 18, 0.115509)
step 4427 score (0, 14, 18, 0.171685) best (1, 9, 18, 0.115509)
step 4428 score (0, 11, 16, 0.173086) best (1, 9, 18, 0.115509)
step 4429 score (0, 5, 16, 0.161588) best (1, 9, 18, 0.115509)
step 4430 score (0, 11, 16, 0.173086) best (1, 9, 18, 0.115509)
step 4431 score (0, 5, 16, 0.161104) best (1, 9, 18, 0.115509)
step 4432 score (0, 3, 14, 0.1214) best (1, 9, 18, 0.115509)
step 4433 score (0, 5, 16, 0.111011) best (1, 9, 18, 0.115509)
step 4434 score (0, 8, 17, 0.170413) best (1, 9, 18, 0.115509)
step 4435 score (0, 6, 17, 0.149379) best (1, 9, 18, 0.115509)
step 4436 score (0, 8, 17, 0.170413) best (1, 9, 18, 0.115509)
step 4437 score (0, 3, 10, 0.133988) best (1, 9, 18, 0.115509)
step 4438 score (0, 4, 12, 0.156938) best (1, 9, 18, 0.115509)
step 4439 score (0, 9, 12, 0.13732) best (1, 9, 18, 0.115509)
step 4440 score (0, 7, 16, 0.171862) best (1, 9, 18, 0.115509)
step 4441 score (0, 8, 18, 0.20322) best (1, 9, 18, 0.115509)
step 4442 score (0, 9, 18, 0.203763) best (1, 9, 18, 0.115509)
step 4443 score (0, 9, 18, 0.194965) best (1, 9, 18, 0.115509)
step 4444 score (0, 10, 18, 0.190201) best (1, 9, 18, 0.115509)
step 4445 score (0, 10, 18, 0.185599) best (1, 9, 18, 0.115509)
step 4446 score (0, 10, 18, 0.190201) best (1, 9, 18, 0.115509)
step 4447 score (0, 9, 18, 0.194965) best (1, 9, 18, 0.115509)
step 4448 score (0, 9, 18, 0.203763) best (1, 9, 18, 0.115509)
CERTIFICATE f84df66024805bae
step 4449 score (1, 3, 16, 0.142125) best (1, 9, 18, 0.115509)
step 4450 score (0, 1, 15, 0.175538) best (1, 9, 18, 0.115509)
step 4451 score (0, 2, 14, 0.131453) best (1, 9, 18, 0.115509)
step 4452 score (0, 3, 16, 0.148891) best (1, 9, 18, 0.115509)
step 4453 score (0, 2, 15, 0.133862) best (1, 9, 18, 0.115509)
step 4454 score (0, 3, 12, 0.124067) best (1, 9, 18, 0.115509)
step 4455 score (0, 1, 8, 0.128371) best (1, 9, 18, 0.115509)
step 4456 score (0, 1, 10, 0.134858) best (1, 9, 18, 0.115509)
step 4457 score (0, 7, 10, 0.125351) best (1, 9, 18, 0.115509)
step 4458 score (0, 0, 10, 0.109528) best (1, 9, 18, 0.115509)
step 4459 score (0, 7, 10, 0.125351) best (1, 9, 18, 0.115509)
step 4460 score (0, 0, 10, 0.110339) best (1, 9, 18, 0.115509)
step 4461 score (0, 2, 15, 0.139295) best (1, 9, 18, 0.115509)
step 4462 score (0, 1, 15, 0.141691) best (1, 9, 18, 0.115509)
step 4463 score (0, 3, 17, 0.162878) best (1, 9, 18, 0.115509)
step 4464 score (0, 9, 17, 0.17397) best (1, 9, 18, 0.115509)
step 4465 score (0, 5, 16, 0.128517) best (1, 9, 18, 0.115509)
step 4466 score (0, 6, 16, 0.162543) best (1, 9, 18, 0.115509)
step 4467 score (0, 4, 16, 0.149662) best (1, 9, 18, 0.115509)
step 4468 score (0, 6, 16, 0.162543) best (1, 9, 18, 0.115509)
step 4469 score (0, 2, 17, 0.146854) best (1, 9, 18, 0.115509)
step 4470 score (0, 5, 16, 0.149259) best (1, 9, 18, 0.115509)
step 4471 score (0, 8, 15, 0.122316) best (1, 9, 18, 0.115509)
step 4472 score (0, 3, 18, 0.136435) best (1, 9, 18, 0.115509)
step 4473 score (0, 9, 17, 0.12988) best (1, 9, 18, 0.115509)
step 4474 score (0, 7, 18, 0.148508) best (1, 9, 18, 0.115509)
step 4475 score (0, 9, 17, 0.12988) best (1, 9, 18, 0.115509)
step 4476 score (0, 3, 18, 0.136435) best (1, 9, 18, 0.115509)
step 4477 score (0, 8, 15, 0.122316) best (1, 9, 18, 0.115509)
step 4478 score (0, 8, 17, 0.154919) best (1, 9, 18, 0.115509)
step 4479 score (0, 6, 12, 0.124276) best (1, 9, 18, 0.115509)
step 4480 score (0, 4, 12, 0.117568) best (1, 9, 18, 0.115509)
step 4481 score (0, 3, 14, 0.13414) best (1, 9, 18, 0.115509)
step 4482 score (0, 0, 12, 0.137907) best (1, 9, 18, 0.115509)
step 4483 score (0, 1, 13, 0.153572) best (1, 9, 18, 0.115509)
step 4484 score (0, 1, 11, 0.124064) best (1, 9, 18, 0.115509)
step 4485 score (0, 0, 12, 0.11881) best (1, 9, 18, 0.115509)
step 4486 score (0, 3, 14, 0.128991) best (1, 9, 18, 0.115509)
step 4487 score (0, 2, 15, 0.152493) best (1, 9, 18, 0.115509)
step 4488 score (0, 4, 16, 0.154888) best (1, 9, 18, 0.115509)
step 4489 score (0, 2, 15, 0.152493) best (1, 9, 18, 0.115509)
step 4490 score (0, 3, 18, 0.133602) best (1, 9, 18, 0.115509)
step 4491 score (0, 1, 15, 0.125275) best (1, 9, 18, 0.115509)
step 4492 score (0, 3, 18, 0.133602) best (1, 9, 18, 0.115509)
step 4493 score (0, 2, 16, 0.132657) best (1, 9, 18, 0.115509)
step 4494 score (0, 4, 14, 0.155904) best (1, 9, 18, 0.115509)
step 4495 score (0, 4, 16, 0.144426) best (1, 9, 18, 0.115509)
step 4496 score (0, 8, 17, 0.158749) best (1, 9, 18, 0.115509)
step 4497 score (0, 4, 18, 0.164985) best (1, 9, 18, 0.115509)
step 4498 score (0, 3, 17, 0.156876) best (1, 9, 18, 0.115509)
step 4499 score (0, 4, 18, 0.164985) best (1, 9, 18, 0.115509)
step 4500 score (0, 8, 17, 0.158749) best (1, 9, 18, 0.115509)
step 4501 score (0, 4, 16, 0.144426) best (1, 9, 18, 0.115509)
step 4502 score (0, 2, 16, 0.137954) best (1, 9, 18, 0.115509)
step 4503 score (0, 4, 17, 0.132861) best (1, 9, 18, 0.115509)
step 4504 score (0, 5, 16, 0.148305) best (1, 9, 18, 0.115509)
step 4505 score (0, 3, 14, 0.121415) best (1, 9, 18, 0.115509)
step 4506 score (0, 5, 14, 0.110894) best (1, 9, 18, 0.115509)
step 4507 score (0, 0, 15, 0.132499) best (1, 9, 18, 0.115509)
step 4508 score (0, 8, 17, 0.158749) best (1, 9, 18, 0.115509)
step 4509 score (0, 4, 18, 0.164985) best (1, 9, 18, 0.115509)
step 4510 score (0, 3, 17, 0.156876) best (1, 9, 18, 0.115509)
step 4511 score (0, 2, 16, 0.133086) best (1, 9, 18, 0.115509)
step 4512 score (0, 2, 15, 0.135544) best (1, 9, 18, 0.115509)
step 4513 score (0, 1, 18, 0.14632) best (1, 9, 18, 0.115509)
step 4514 score (0, 3, 16, 0.132308) best (1, 9, 18, 0.115509)
step 4515 score (0, 6, 16, 0.145178) best (1, 9, 18, 0.115509)
step 4516 score (0, 4, 17, 0.136986) best (1, 9, 18, 0.115509)
step 4517 score (0, 7, 17, 0.158191) best (1, 9, 18, 0.115509)
step 4518 score (0, 5, 17, 0.121738) best (1, 9, 18, 0.115509)
step 4519 score (0, 5, 18, 0.151971) best (1, 9, 18, 0.115509)
step 4520 score (0, 2, 18, 0.172836) best (1, 9, 18, 0.115509)
step 4521 score (0, 5, 18, 0.151971) best (1, 9, 18, 0.115509)
step 4522 score (0, 5, 19, 0.137048) best (1, 9, 18, 0.115509)
step 4523 score (0, 5, 18, 0.151971) best (1, 9, 18, 0.115509)
step 4524 score (0, 2, 18, 0.172836) best (1, 9, 18, 0.115509)
step 4525 score (0, 2, 18, 0.163166) best (1, 9, 18, 0.115509)
step 4526 score (0, 5, 17, 0.121738) best (1, 9, 18, 0.115509)
step 4527 score (0, 7, 17, 0.158191) best (1, 9, 18, 0.115509)
step 4528 score (0, 4, 17, 0.136986) best (1, 9, 18, 0.115509)
step 4529 score (0, 6, 16, 0.145178) best (1, 9, 18, 0.115509)
step 4530 score (0, 4, 17, 0.136986) best (1, 9, 18, 0.115509)
step 4531 score (0, 7, 17, 0.121576) best (1, 9, 18, 0.115509)
step 4532 score (0, 8, 14, 0.138662) best (1, 9, 18, 0.115509)
step 4533 score (0, 3, 13, 0.122852) best (1, 9, 18, 0.115509)
step 4534 score (0, 8, 14, 0.138662) best (1, 9, 18, 0.115509)
step 4535 score (0, 6, 14, 0.149221) best (1, 9, 18, 0.115509)
step 4536 score (0, 5, 15, 0.127132) best (1, 9, 18, 0.115509)
step 4537 score (0, 6, 14, 0.149221) best (1, 9, 18, 0.115509)
step 4538 score (0, 8, 14, 0.138662) best (1, 9, 18, 0.115509)
step 4539 score (0, 1, 12, 0.106854) best (1, 9, 18, 0.115509)
step 4540 score (0, 8, 14, 0.138662) best (1, 9, 18, 0.115509)
step 4541 score (0, 7, 17, 0.121576) best (1, 9, 18, 0.115509)
step 4542 score (0, 8, 14, 0.138662) best (1, 9, 18, 0.115509)
step 4543 score (0, 6, 14, 0.149221) best (1, 9, 18, 0.115509)
step 4544 score (0, 2, 14, 0.139147) best (1, 9, 18, 0.115509)
step 4545 score (0, 6, 14, 0.149221) best (1, 9, 18, 0.115509)
step 4546 score (0, 3, 16, 0.159871) best (1, 9, 18, 0.115509)
step 4547 score (0, 1, 17, 0.162975) best (1, 9, 18, 0.115509)
step 4548 score (0, 2, 15, 0.143563) best (1, 9, 18, 0.115509)
step 4549 score (0, 6, 14, 0.149221) best (1, 9, 18, 0.115509)
step 4550 score (0, 8, 14, 0.138662) best (1, 9, 18, 0.115509)
step 4551 score (0, 6, 16, 0.145178) best (1, 9, 18, 0.115509)
step 4552 score (0, 1, 10, 0.123399) best (1, 9, 18, 0.115509)
step 4553 score (0, 6, 16, 0.145178) best (1, 9, 18, 0.115509)
step 4554 score (0, 4, 17, 0.136986) best (1, 9, 18, 0.115509)
step 4555 score (0, 7, 17, 0.158191) best (1, 9, 18, 0.115509)
step 4556 score (0, 5, 17, 0.121738) best (1, 9, 18, 0.115509)
step 4557 score (0, 5, 18, 0.151971) best (1, 9, 18, 0.115509)
step 4558 score (0, 5, 19, 0.137048) best (1, 9, 18, 0.115509)
step 4559 score (0, 5, 18, 0.151971) best (1, 9, 18, 0.115509)
step 4560 score (0, 5, 17, 0.121738) best (1, 9, 18, 0.115509)
step 4561 score (0, 7, 17, 0.158191) best (1, 9, 18, 0.115509)
step 4562 score (0, 4, 17, 0.136986) best (1, 9, 18, 0.115509)
step 4563 score (0, 7, 17, 0.121576) best (1, 9, 18, 0.115509)
step 4564 score (0, 8, 14, 0.138662) best (1, 9, 18, 0.115509)
step 4565 score (0, 6, 13, 0.101024) best (1, 9, 18, 0.115509)
step 4566 score (0, 1, 9, 0.10336) best (1, 9, 18, 0.115509)
step 4567 score (0, 2, 15, 0.124264) best (1, 9, 18, 0.115509)
step 4568 score (0, 3, 15, 0.13104) best (1, 9, 18, 0.115509)
step 4569 score (0, 2, 14, 0.115153) best (1, 9, 18, 0.115509)
step 4570 score (0, 5, 17, 0.130294) best (1, 9, 18, 0.115509)
step 4571 score (0, 6, 18, 0.158937) best (1, 9, 18, 0.115509)
step 4572 score (0, 5, 17, 0.130294) best (1, 9, 18, 0.115509)
step 4573 score (0, 6, 18, 0.158937) best (1, 9, 18, 0.115509)
step 4574 score (0, 5, 17, 0.130294) best (1, 9, 18, 0.115509)
step 4575 score (0, 4, 17, 0.15714) best (1, 9, 18, 0.115509)
step 4576 score (0, 3, 16, 0.12915) best (1, 9, 18, 0.115509)
step 4577 score (0, 0, 16, 0.146883) best (1, 9, 18, 0.115509)
step 4578 score (0, 5, 16, 0.120722) best (1, 9, 18, 0.115509)
step 4579 score (0, 4, 16, 0.112971) best (1, 9, 18, 0.115509)
step 4580 score (0, 0, 16, 0.136436) best (1, 9, 18, 0.115509)
step 4581 score (0, 2, 14, 0.108511) best (1, 9, 18, 0.115509)
step 4582 score (0, 0, 11, 0.127026) best (1, 9, 18, 0.115509)
step 4583 score (0, 0, 12, 0.120034) best (1, 9, 18, 0.115509)
step 4584 score (0, 0, 13, 0.117794) best (1, 9, 18, 0.115509)
step 4585 score (0, 1, 13, 0.115735) best (1, 9, 18, 0.115509)
step 4586 score (0, 2, 14, 0.114457) best (1, 9, 18, 0.115509)
step 4587 score (0, 1, 13, 0.115735) best (1, 9, 18, 0.115509)
step 4588 score (0, 2, 15, 0.1136) best (1, 9, 18, 0.115509)
step 4589 score (0, 0, 14, 0.133225) best (1, 9, 18, 0.115509)
step 4590 score (0, 0, 15, 0.141045) best (1, 9, 18, 0.115509)
step 4591 score (0, 5, 15, 0.158295) best (1, 9, 18, 0.115509)
step 4592 score (0, 2, 14, 0.152824) best (1, 9, 18, 0.115509)
step 4593 score (0, 0, 13, 0.128587) best (1, 9, 18, 0.115509)
step 4594 score (0, 1, 15, 0.127673) best (1, 9, 18, 0.115509)
step 4595 score (0, 2, 15, 0.139865) best (1, 9, 18, 0.115509)
step 4596 score (0, 2, 14, 0.128758) best (1, 9, 18, 0.115509)
step 4597 score (0, 6, 15, 0.124764) best (1, 9, 18, 0.115509)
step 4598 score (0, 0, 14, 0.158261) best (1, 9, 18, 0.115509)
step 4599 score (0, 6, 15, 0.124764) best (1, 9, 18, 0.115509)
step 4600 score (0, 0, 12, 0.129488) best (1, 9, 18, 0.115509)
step 4601 score (0, 2, 14, 0.133012) best (1, 9, 18, 0.115509)
step 4602 score (0, 2, 13, 0.146404) best (1, 9, 18, 0.115509)
step 4603 score (0, 1, 10, 0.1203) best (1, 9, 18, 0.115509)
step 4604 score (0, 0, 11, 0.111737) best (1, 9, 18, 0.115509)
step 4605 score (0, 1, 10, 0.1203) best (1, 9, 18, 0.115509)
step 4606 score (0, 1, 10, 0.119473) best (1, 9, 18, 0.115509)
step 4607 score (0, 0, 11, 0.12927) best (1, 9, 18, 0.115509)
step 4608 score (0, 0, 14, 0.126993) best (1, 9, 18, 0.115509)
step 4609 score (0, 0, 11, 0.108645) best (1, 9, 18, 0.115509)
step 4610 score (0, 0, 9, 0.098528) best (1, 9, 18, 0.115509)
step 4611 score (0, 0, 10, 0.091703) best (1, 9, 18, 0.115509)
step 4612 score (0, 0, 10, 0.101719) best (1, 9, 18, 0.115509)
step 4613 score (0, 1, 12, 0.096087) best (1, 9, 18, 0.115509)
step 4614 score (0, 0, 13, 0.090932) best (1, 9, 18, 0.115509)
step 4615 score (0, 1, 12, 0.096087) best (1, 9, 18, 0.115509)
step 4616 score (0, 0, 11, 0.102254) best (1, 9, 18, 0.115509)
step 4617 score (0, 1, 13, 0.101149) best (1, 9, 18, 0.115509)
step 4618 score (0, 1, 13, 0.113222) best (1, 9, 18, 0.115509)
step 4619 score (0, 3, 14, 0.117399) best (1, 9, 18, 0.115509)
step 4620 score (0, 3, 15, 0.143306) best (1, 9, 18, 0.115509)
step 4621 score (0, 3, 14, 0.117399) best (1, 9, 18, 0.115509)
step 4622 score (0, 9, 16, 0.132479) best (1, 9, 18, 0.115509)
step 4623 score (0, 3, 12, 0.13967) best (1, 9, 18, 0.115509)
step 4624 score (0, 9, 16, 0.132479) best (1, 9, 18, 0.115509)
step 4625 score (0, 4, 16, 0.134968) best (1, 9, 18, 0.115509)
step 4626 score (0, 9, 16, 0.132479) best (1, 9, 18, 0.115509)
step 4627 score (0, 3, 15, 0.121994) best (1, 9, 18, 0.115509)
step 4628 score (0, 3, 16, 0.133915) best (1, 9, 18, 0.115509)
step 4629 score (0, 4, 17, 0.146655) best (1, 9, 18, 0.115509)
step 4630 score (0, 9, 16, 0.132479) best (1, 9, 18, 0.115509)
step 4631 score (0, 4, 16, 0.134968) best (1, 9, 18, 0.115509)
step 4632 score (0, 1, 14, 0.112702) best (1, 9, 18, 0.115509)
step 4633 score (0, 2, 14, 0.151309) best (1, 9, 18, 0.115509)
step 4634 score (0, 0, 16, 0.140466) best (1, 9, 18, 0.115509)
step 4635 score (0, 1, 11, 0.11847) best (1, 9, 18, 0.115509)
step 4636 score (0, 2, 12, 0.1126) best (1, 9, 18, 0.115509)
step 4637 score (0, 1, 16, 0.148246) best (1, 9, 18, 0.115509)
step 4638 score (0, 2, 12, 0.1126) best (1, 9, 18, 0.115509)
step 4639 score (0, 1, 15, 0.134762) best (1, 9, 18, 0.115509)
step 4640 score (0, 1, 13, 0.125752) best (1, 9, 18, 0.115509)
step 4641 score (0, 1, 11, 0.107632) best (1, 9, 18, 0.115509)
step 4642 score (0, 1, 14, 0.084251) best (1, 9, 18, 0.115509)
step 4643 score (0, 1, 13, 0.115101) best (1, 9, 18, 0.115509)
step 4644 score (0, 0, 12, 0.132606) best (1, 9, 18, 0.115509)
step 4645 score (0, 0, 14, 0.128813) best (1, 9, 18, 0.115509)
step 4646 score (0, 0, 16, 0.134966) best (1, 9, 18, 0.115509)
step 4647 score (0, 7, 14, 0.112458) best (1, 9, 18, 0.115509)
step 4648 score (0, 0, 13, 0.112952) best (1, 9, 18, 0.115509)
step 4649 score (0, 0, 15, 0.112816) best (1, 9, 18, 0.115509)
step 4650 score (0, 0, 13, 0.126469) best (1, 9, 18, 0.115509)
step 4651 score (0, 2, 15, 0.13421) best (1, 9, 18, 0.115509)
step 4652 score (0, 2, 10, 0.132501) best (1, 9, 18, 0.115509)
step 4653 score (0, 5, 15, 0.153392) best (1, 9, 18, 0.115509)
step 4654 score (0, 5, 17, 0.181171) best (1, 9, 18, 0.115509)
step 4655 score (0, 8, 16, 0.146672) best (1, 9, 18, 0.115509)
step 4656 score (0, 5, 16, 0.152149) best (1, 9, 18, 0.115509)
step 4657 score (0, 9, 16, 0.148121) best (1, 9, 18, 0.115509)
step 4658 score (0, 5, 16, 0.153006) best (1, 9, 18, 0.115509)
step 4659 score (0, 4, 11, 0.119353) best (1, 9, 18, 0.115509)
step 4660 score (0, 1, 14, 0.129706) best (1, 9, 18, 0.115509)
step 4661 score (0, 4, 11, 0.119353) best (1, 9, 18, 0.115509)
step 4662 score (0, 2, 13, 0.125964) best (1, 9, 18, 0.115509)
step 4663 score (0, 3, 13, 0.143441) best (1, 9, 18, 0.115509)
step 4664 score (0, 3, 14, 0.135183) best (1, 9, 18, 0.115509)
step 4665 score (0, 4, 15, 0.114882) best (1, 9, 18, 0.115509)
step 4666 score (0, 3, 15, 0.073692) best (1, 9, 18, 0.115509)
step 4667 score (0, 3, 14, 0.107289) best (1, 9, 18, 0.115509)
step 4668 score (0, 2, 13, 0.120969) best (1, 9, 18, 0.115509)
step 4669 score (0, 3, 12, 0.094567) best (1, 9, 18, 0.115509)
step 4670 score (0, 4, 13, 0.095282) best (1, 9, 18, 0.115509)
step 4671 score (0, 2, 13, 0.111961) best (1, 9, 18, 0.115509)
step 4672 score (0, 0, 14, 0.128636) best (1, 9, 18, 0.115509)
step 4673 score (0, 4, 12, 0.130929) best (1, 9, 18, 0.115509)
step 4674 score (0, 0, 14, 0.11182) best (1, 9, 18, 0.115509)
step 4675 score (0, 1, 14, 0.125702) best (1, 9, 18, 0.115509)
step 4676 score (0, 1, 12, 0.101111) best (1, 9, 18, 0.115509)
step 4677 score (0, 0, 14, 0.109572) best (1, 9, 18, 0.115509)
step 4678 score (0, 1, 10, 0.133255) best (1, 9, 18, 0.115509)
step 4679 score (0, 0, 13, 0.121248) best (1, 9, 18, 0.115509)
step 4680 score (0, 1, 12, 0.113813) best (1, 9, 18, 0.115509)
step 4681 score (0, 0, 13, 0.121248) best (1, 9, 18, 0.115509)
step 4682 score (0, 1, 11, 0.109462) best (1, 9, 18, 0.115509)
step 4683 score (0, 0, 13, 0.121248) best (1, 9, 18, 0.115509)
step 4684 score (0, 2, 11, 0.11111) best (1, 9, 18, 0.115509)
step 4685 score (0, 0, 12, 0.103166) best (1, 9, 18, 0.115509)
step 4686 score (0, 2, 11, 0.11111) best (1, 9, 18, 0.115509)
step 4687 score (0, 0, 13, 0.121248) best (1, 9, 18, 0.115509)
step 4688 score (0, 1, 12, 0.113813) best (1, 9, 18, 0.115509)
step 4689 score (0, 0, 14, 0.110814) best (1, 9, 18, 0.115509)
step 4690 score (0, 1, 12, 0.113813) best (1, 9, 18, 0.115509)
step 4691 score (0, 0, 11, 0.132154) best (1, 9, 18, 0.115509)
step 4692 score (0, 0, 14, 0.131018) best (1, 9, 18, 0.115509)
step 4693 score (0, 1, 12, 0.159034) best (1, 9, 18, 0.115509)
step 4694 score (0, 2, 13, 0.154345) best (1, 9, 18, 0.115509)
step 4695 score (0, 0, 14, 0.147486) best (1, 9, 18, 0.115509)
step 4696 score (0, 1, 11, 0.121428) best (1, 9, 18, 0.115509)
step 4697 score (0, 1, 15, 0.10527) best (1, 9, 18, 0.115509)
step 4698 score (0, 1, 11, 0.116726) best (1, 9, 18, 0.115509)
step 4699 score (0, 1, 12, 0.105855) best (1, 9, 18, 0.115509)
step 4700 score (0, 1, 11, 0.116876) best (1, 9, 18, 0.115509)
step 4701 score (0, 1, 9, 0.116841) best (1, 9, 18, 0.115509)
step 4702 score (0, 2, 11, 0.14156) best (1, 9, 18, 0.115509)
step 4703 score (0, 1, 9, 0.116841) best (1, 9, 18, 0.115509)
step 4704 score (0, 1, 16, 0.140778) best (1, 9, 18, 0.115509)
step 4705 score (0, 1, 12, 0.134654) best (1, 9, 18, 0.115509)
step 4706 score (0, 1, 11, 0.139835) best (1, 9, 18, 0.115509)
step 4707 score (0, 4, 11, 0.118464) best (1, 9, 18, 0.115509)
step 4708 score (0, 3, 15, 0.128812) best (1, 9, 18, 0.115509)
step 4709 score (0, 4, 15, 0.112906) best (1, 9, 18, 0.115509)
step 4710 score (0, 4, 14, 0.11494) best (1, 9, 18, 0.115509)
step 4711 score (0, 3, 14, 0.11524) best (1, 9, 18, 0.115509)
step 4712 score (0, 0, 16, 0.135488) best (1, 9, 18, 0.115509)
step 4713 score (0, 3, 14, 0.11524) best (1, 9, 18, 0.115509)
step 4714 score (0, 0, 11, 0.117659) best (1, 9, 18, 0.115509)
step 4715 score (0, 5, 12, 0.126515) best (1, 9, 18, 0.115509)
step 4716 score (0, 1, 12, 0.129788) best (1, 9, 18, 0.115509)
step 4717 score (0, 1, 10, 0.111845) best (1, 9, 18, 0.115509)
step 4718 score (0, 0, 11, 0.108802) best (1, 9, 18, 0.115509)
step 4719 score (0, 2, 13, 0.106826) best (1, 9, 18, 0.115509)
step 4720 score (0, 1, 15, 0.111598) best (1, 9, 18, 0.115509)
step 4721 score (0, 1, 14, 0.126836) best (1, 9, 18, 0.115509)
step 4722 score (0, 0, 14, 0.127741) best (1, 9, 18, 0.115509)
step 4723 score (0, 1, 12, 0.128491) best (1, 9, 18, 0.115509)
step 4724 score (0, 2, 9, 0.115283) best (1, 9, 18, 0.115509)
step 4725 score (0, 1, 12, 0.128491) best (1, 9, 18, 0.115509)
step 4726 score (0, 2, 13, 0.112865) best (1, 9, 18, 0.115509)
step 4727 score (0, 2, 13, 0.113871) best (1, 9, 18, 0.115509)
step 4728 score (0, 2, 15, 0.135909) best (1, 9, 18, 0.115509)
step 4729 score (0, 0, 13, 0.134235) best (1, 9, 18, 0.115509)
step 4730 score (0, 1, 15, 0.160144) best (1, 9, 18, 0.115509)
step 4731 score (0, 3, 16, 0.138022) best (1, 9, 18, 0.115509)
step 4732 score (0, 0, 12, 0.137133) best (1, 9, 18, 0.115509)
step 4733 score (0, 1, 15, 0.13036) best (1, 9, 18, 0.115509)
step 4734 score (0, 1, 16, 0.148877) best (1, 9, 18, 0.115509)
step 4735 score (0, 2, 16, 0.163059) best (1, 9, 18, 0.115509)
step 4736 score (0, 1, 17, 0.157334) best (1, 9, 18, 0.115509)
step 4737 score (0, 2, 16, 0.163059) best (1, 9, 18, 0.115509)
step 4738 score (0, 2, 12, 0.14455) best (1, 9, 18, 0.115509)
step 4739 score (0, 2, 16, 0.163059) best (1, 9, 18, 0.115509)
step 4740 score (0, 1, 16, 0.148877) best (1, 9, 18, 0.115509)
step 4741 score (0, 0, 17, 0.134911) best (1, 9, 18, 0.115509)
step 4742 score (0, 1, 16, 0.148877) best (1, 9, 18, 0.115509)
step 4743 score (0, 1, 13, 0.143822) best (1, 9, 18, 0.115509)
step 4744 score (0, 1, 16, 0.148877) best (1, 9, 18, 0.115509)
step 4745 score (0, 1, 15, 0.13036) best (1, 9, 18, 0.115509)
step 4746 score (0, 0, 13, 0.113086) best (1, 9, 18, 0.115509)
step 4747 score (0, 0, 10, 0.099724) best (1, 9, 18, 0.115509)
step 4748 score (0, 1, 15, 0.110046) best (1, 9, 18, 0.115509)
step 4749 score (0, 1, 11, 0.117173) best (1, 9, 18, 0.115509)
step 4750 score (0, 3, 10, 0.126468) best (1, 9, 18, 0.115509)
step 4751 score (0, 3, 11, 0.126732) best (1, 9, 18, 0.115509)
CERTIFICATE 331e98452ede0f92
step 4752 score (1, 7, 11, 0.111234) best (1, 9, 18, 0.115509)
step 4753 score (0, 6, 11, 0.125638) best (1, 9, 18, 0.115509)
CERTIFICATE b08dee63156437da
step 4754 score (1, 7, 11, 0.111234) best (1, 9, 18, 0.115509)
step 4755 score (0, 3, 11, 0.126732) best (1, 9, 18, 0.115509)
step 4756 score (0, 0, 9, 0.122088) best (1, 9, 18, 0.115509)
step 4757 score (0, 1, 12, 0.136669) best (1, 9, 18, 0.115509)
step 4758 score (0, 3, 14, 0.140637) best (1, 9, 18, 0.115509)
step 4759 score (0, 0, 10, 0.121073) best (1, 9, 18, 0.115509)
step 4760 score (0, 0, 10, 0.122902) best (1, 9, 18, 0.115509)
step 4761 score (0, 1, 8, 0.124622) best (1, 9, 18, 0.115509)
step 4762 score (0, 0, 8, 0.097797) best (1, 9, 18, 0.115509)
step 4763 score (0, 0, 10, 0.115781) best (1, 9, 18, 0.115509)
step 4764 score (0, 1, 6, 0.108079) best (1, 9, 18, 0.115509)
step 4765 score (0, 0, 8, 0.108032) best (1, 9, 18, 0.115509)
step 4766 score (0, 0, 14, 0.124873) best (1, 9, 18, 0.115509)
step 4767 score (0, 0, 9, 0.105828) best (1, 9, 18, 0.115509)
step 4768 score (0, 0, 14, 0.124873) best (1, 9, 18, 0.115509)
step 4769 score (0, 0, 11, 0.134104) best (1, 9, 18, 0.115509)
step 4770 score (0, 2, 9, 0.126703) best (1, 9, 18, 0.115509)
step 4771 score (0, 0, 11, 0.122971) best (1, 9, 18, 0.115509)
step 4772 score (0, 2, 9, 0.126703) best (1, 9, 18, 0.115509)
step 4773 score (0, 0, 13, 0.118582) best (1, 9, 18, 0.115509)
step 4774 score (0, 2, 9, 0.126703) best (1, 9, 18, 0.115509)
step 4775 score (0, 1, 12, 0.137711) best (1, 9, 18, 0.115509)
step 4776 score (0, 1, 11, 0.130176) best (1, 9, 18, 0.115509)
step 4777 score (0, 1, 14, 0.118712) best (1, 9, 18, 0.115509)
step 4778 score (0, 1, 13, 0.112171) best (1, 9, 18, 0.115509)
step 4779 score (0, 3, 16, 0.133206) best (1, 9, 18, 0.115509)
step 4780 score (0, 1, 15, 0.135933) best (1, 9, 18, 0.115509)
step 4781 score (0, 3, 16, 0.133206) best (1, 9, 18, 0.115509)
step 4782 score (0, 1, 13, 0.112171) best (1, 9, 18, 0.115509)
step 4783 score (0, 3, 13, 0.116658) best (1, 9, 18, 0.115509)
step 4784 score (0, 2, 13, 0.126232) best (1, 9, 18, 0.115509)
step 4785 score (0, 0, 14, 0.116854) best (1, 9, 18, 0.115509)
step 4786 score (0, 2, 13, 0.126232) best (1, 9, 18, 0.115509)
step 4787 score (0, 1, 13, 0.126869) best (1, 9, 18, 0.115509)
step 4788 score (0, 0, 12, 0.10692) best (1, 9, 18, 0.115509)
step 4789 score (0, 1, 15, 0.135933) best (1, 9, 18, 0.115509)
step 4790 score (0, 3, 16, 0.133206) best (1, 9, 18, 0.115509)
step 4791 score (0, 8, 16, 0.119146) best (1, 9, 18, 0.115509)
step 4792 score (0, 2, 10, 0.115998) best (1, 9, 18, 0.115509)
step 4793 score (0, 0, 14, 0.132377) best (1, 9, 18, 0.115509)
step 4794 score (0, 2, 9, 0.112823) best (1, 9, 18, 0.115509)
step 4795 score (0, 0, 14, 0.132377) best (1, 9, 18, 0.115509)
step 4796 score (0, 0, 13, 0.143961) best (1, 9, 18, 0.115509)
step 4797 score (0, 5, 13, 0.130466) best (1, 9, 18, 0.115509)
step 4798 score (0, 0, 12, 0.138674) best (1, 9, 18, 0.115509)
step 4799 score (0, 1, 13, 0.142697) best (1, 9, 18, 0.115509)
step 4800 score (0, 1, 14, 0.122175) best (1, 9, 18, 0.115509)
step 4801 score (0, 0, 14, 0.130749) best (1, 9, 18, 0.115509)
step 4802 score (0, 1, 15, 0.140582) best (1, 9, 18, 0.115509)
step 4803 score (0, 2, 15, 0.137464) best (1, 9, 18, 0.115509)
step 4804 score (0, 2, 16, 0.154217) best (1, 9, 18, 0.115509)
step 4805 score (0, 2, 14, 0.142212) best (1, 9, 18, 0.115509)
step 4806 score (0, 0, 13, 0.111734) best (1, 9, 18, 0.115509)
step 4807 score (0, 4, 14, 0.138069) best (1, 9, 18, 0.115509)
step 4808 score (0, 4, 14, 0.123095) best (1, 9, 18, 0.115509)
step 4809 score (0, 2, 10, 0.087972) best (1, 9, 18, 0.115509)
step 4810 score (0, 0, 14, 0.099502) best (1, 9, 18, 0.115509)
step 4811 score (0, 3, 13, 0.102451) best (1, 9, 18, 0.115509)
step 4812 score (0, 4, 14, 0.11724) best (1, 9, 18, 0.115509)
step 4813 score (0, 0, 13, 0.120219) best (1, 9, 18, 0.115509)
step 4814 score (0, 5, 16, 0.150711) best (1, 9, 18, 0.115509)
CERTIFICATE 9a2623d7789970cf
step 4815 score (1, 3, 16, 0.155272) best (1, 9, 18, 0.115509)
step 4816 score (0, 5, 16, 0.150711) best (1, 9, 18, 0.115509)
step 4817 score (0, 6, 15, 0.118902) best (1, 9, 18, 0.115509)
step 4818 score (0, 3, 12, 0.097424) best (1, 9, 18, 0.115509)
step 4819 score (0, 1, 12, 0.116687) best (1, 9, 18, 0.115509)
step 4820 score (0, 2, 13, 0.125563) best (1, 9, 18, 0.115509)
step 4821 score (0, 0, 16, 0.132737) best (1, 9, 18, 0.115509)
step 4822 score (0, 1, 12, 0.11754) best (1, 9, 18, 0.115509)
step 4823 score (0, 0, 13, 0.125307) best (1, 9, 18, 0.115509)
step 4824 score (0, 1, 10, 0.099062) best (1, 9, 18, 0.115509)
step 4825 score (0, 0, 11, 0.116139) best (1, 9, 18, 0.115509)
step 4826 score (0, 1, 12, 0.126306) best (1, 9, 18, 0.115509)
step 4827 score (0, 0, 13, 0.145287) best (1, 9, 18, 0.115509)
step 4828 score (0, 1, 14, 0.153221) best (1, 9, 18, 0.115509)
step 4829 score (0, 2, 12, 0.125559) best (1, 9, 18, 0.115509)
step 4830 score (0, 5, 15, 0.136187) best (1, 9, 18, 0.115509)
step 4831 score (0, 2, 12, 0.125559) best (1, 9, 18, 0.115509)
step 4832 score (0, 3, 14, 0.130772) best (1, 9, 18, 0.115509)
step 4833 score (0, 5, 14, 0.101946) best (1, 9, 18, 0.115509)
step 4834 score (0, 5, 10, 0.117818) best (1, 9, 18, 0.115509)
step 4835 score (0, 6, 14, 0.112623) best (1, 9, 18, 0.115509)
step 4836 score (0, 7, 11, 0.119387) best (1, 9, 18, 0.115509)
step 4837 score (0, 6, 14, 0.112623) best (1, 9, 18, 0.115509)
step 4838 score (0, 5, 13, 0.115774) best (1, 9, 18, 0.115509)
step 4839 score (0, 5, 13, 0.128227) best (1, 9, 18, 0.115509)
step 4840 score (0, 5, 14, 0.131558) best (1, 9, 18, 0.115509)
step 4841 score (0, 5, 13, 0.128227) best (1, 9, 18, 0.115509)
step 4842 score (0, 7, 11, 0.119387) best (1, 9, 18, 0.115509)
step 4843 score (0, 6, 14, 0.112623) best (1, 9, 18, 0.115509)
step 4844 score (0, 5, 10, 0.117818) best (1, 9, 18, 0.115509)
step 4845 score (0, 6, 11, 0.117276) best (1, 9, 18, 0.115509)
step 4846 score (0, 5, 15, 0.09672) best (1, 9, 18, 0.115509)
step 4847 score (0, 5, 14, 0.101946) best (1, 9, 18, 0.115509)
step 4848 score (0, 4, 15, 0.12482) best (1, 9, 18, 0.115509)
step 4849 score (0, 5, 11, 0.108088) best (1, 9, 18, 0.115509)
step 4850 score (0, 5, 12, 0.119471) best (1, 9, 18, 0.115509)
step 4851 score (0, 1, 12, 0.123584) best (1, 9, 18, 0.115509)
step 4852 score (0, 5, 12, 0.119471) best (1, 9, 18, 0.115509)
step 4853 score (0, 5, 11, 0.108088) best (1, 9, 18, 0.115509)
step 4854 score (0, 4, 15, 0.12482) best (1, 9, 18, 0.115509)
step 4855 score (0, 6, 16, 0.109093) best (1, 9, 18, 0.115509)
step 4856 score (0, 0, 12, 0.116625) best (1, 9, 18, 0.115509)
step 4857 score (0, 6, 13, 0.117553) best (1, 9, 18, 0.115509)
step 4858 score (0, 7, 11, 0.119387) best (1, 9, 18, 0.115509)
step 4859 score (0, 6, 14, 0.112623) best (1, 9, 18, 0.115509)
step 4860 score (0, 5, 13, 0.115774) best (1, 9, 18, 0.115509)
step 4861 score (0, 0, 12, 0.100191) best (1, 9, 18, 0.115509)
step 4862 score (0, 4, 16, 0.120687) best (1, 9, 18, 0.115509)
step 4863 score (0, 6, 17, 0.137836) best (1, 9, 18, 0.115509)
step 4864 score (0, 5, 17, 0.15664) best (1, 9, 18, 0.115509)
CERTIFICATE 294001632e147847
step 4865 score (1, 5, 15, 0.157873) best (1, 9, 18, 0.115509)
step 4866 score (0, 5, 18, 0.132995) best (1, 9, 18, 0.115509)
CERTIFICATE b8314edc4ccf954a
step 4867 score (1, 5, 15, 0.157873) best (1, 9, 18, 0.115509)
step 4868 score (0, 4, 15, 0.146313) best (1, 9, 18, 0.115509)
step 4869 score (0, 6, 18, 0.154824) best (1, 9, 18, 0.115509)
step 4870 score (0, 4, 16, 0.152319) best (1, 9, 18, 0.115509)
step 4871 score (0, 9, 17, 0.182271) best (1, 9, 18, 0.115509)
step 4872 score (0, 11, 17, 0.190813) best (1, 9, 18, 0.115509)
step 4873 score (0, 9, 17, 0.182271) best (1, 9, 18, 0.115509)
step 4874 score (0, 8, 17, 0.19801) best (1, 9, 18, 0.115509)
step 4875 score (0, 11, 17, 0.188549) best (1, 9, 18, 0.115509)
step 4876 score (0, 8, 17, 0.178273) best (1, 9, 18, 0.115509)
step 4877 score (0, 4, 16, 0.151233) best (1, 9, 18, 0.115509)
step 4878 score (0, 5, 18, 0.152584) best (1, 9, 18, 0.115509)
step 4879 score (0, 6, 15, 0.116578) best (1, 9, 18, 0.115509)
step 4880 score (0, 2, 16, 0.126163) best (1, 9, 18, 0.115509)
step 4881 score (0, 6, 15, 0.116578) best (1, 9, 18, 0.115509)
step 4882 score (0, 2, 12, 0.119665) best (1, 9, 18, 0.115509)
step 4883 score (0, 6, 15, 0.116578) best (1, 9, 18, 0.115509)
step 4884 score (0, 5, 18, 0.152584) best (1, 9, 18, 0.115509)
step 4885 score (0, 6, 18, 0.154824) best (1, 9, 18, 0.115509)
step 4886 score (0, 6, 14, 0.111211) best (1, 9, 18, 0.115509)
step 4887 score (0, 6, 15, 0.116578) best (1, 9, 18, 0.115509)
step 4888 score (0, 2, 12, 0.119665) best (1, 9, 18, 0.115509)
step 4889 score (0, 0, 12, 0.172288) best (1, 9, 18, 0.115509)
step 4890 score (0, 1, 8, 0.135879) best (1, 9, 18, 0.115509)
step 4891 score (0, 1, 10, 0.12398) best (1, 9, 18, 0.115509)
step 4892 score (0, 1, 8, 0.135879) best (1, 9, 18, 0.115509)
step 4893 score (0, 0, 14, 0.136189) best (1, 9, 18, 0.115509)
step 4894 score (0, 0, 10, 0.171473) best (1, 9, 18, 0.115509)
step 4895 score (0, 7, 13, 0.170376) best (1, 9, 18, 0.115509)
step 4896 score (0, 4, 16, 0.165988) best (1, 9, 18, 0.115509)
step 4897 score (0, 7, 13, 0.170376) best (1, 9, 18, 0.115509)
step 4898 score (0, 2, 10, 0.12901) best (1, 9, 18, 0.115509)
step 4899 score (0, 6, 8, 0.165409) best (1, 9, 18, 0.115509)
step 4900 score (0, 4, 8, 0.143682) best (1, 9, 18, 0.115509)
step 4901 score (0, 6, 8, 0.165409) best (1, 9, 18, 0.115509)
step 4902 score (0, 3, 9, 0.178709) best (1, 9, 18, 0.115509)
step 4903 score (0, 5, 10, 0.159861) best (1, 9, 18, 0.115509)
step 4904 score (0, 6, 10, 0.126606) best (1, 9, 18, 0.115509)
step 4905 score (0, 8, 10, 0.137034) best (1, 9, 18, 0.115509)
step 4906 score (0, 5, 10, 0.143864) best (1, 9, 18, 0.115509)
step 4907 score (0, 8, 9, 0.121946) best (1, 9, 18, 0.115509)
step 4908 score (0, 7, 10, 0.158509) best (1, 9, 18, 0.115509)
step 4909 score (0, 7, 9, 0.107598) best (1, 9, 18, 0.115509)
step 4910 score (0, 0, 4, 0.098921) best (1, 9, 18, 0.115509)
step 4911 score (0, 0, 4, 0.127918) best (1, 9, 18, 0.115509)
step 4912 score (0, 0, 4, 0.137496) best (1, 9, 18, 0.115509)
step 4913 score (0, 0, 5, 0.108939) best (1, 9, 18, 0.115509)
step 4914 score (0, 0, 8, 0.13722) best (1, 9, 18, 0.115509)
step 4915 score (0, 5, 10, 0.140697) best (1, 9, 18, 0.115509)
step 4916 score (0, 9, 11, 0.128435) best (1, 9, 18, 0.115509)
step 4917 score (0, 8, 10, 0.106343) best (1, 9, 18, 0.115509)
step 4918 score (0, 8, 10, 0.12476) best (1, 9, 18, 0.115509)
step 4919 score (0, 10, 10, 0.152458) best (1, 9, 18, 0.115509)
step 4920 score (0, 9, 9, 0.163764) best (1, 9, 18, 0.115509)
step 4921 score (0, 10, 10, 0.152458) best (1, 9, 18, 0.115509)
step 4922 score (0, 8, 10, 0.12476) best (1, 9, 18, 0.115509)
step 4923 score (0, 8, 10, 0.106343) best (1, 9, 18, 0.115509)
step 4924 score (0, 5, 10, 0.133122) best (1, 9, 18, 0.115509)
step 4925 score (0, 8, 10, 0.106343) best (1, 9, 18, 0.115509)
step 4926 score (0, 9, 11, 0.128435) best (1, 9, 18, 0.115509)
step 4927 score (0, 5, 10, 0.140697) best (1, 9, 18, 0.115509)
step 4928 score (0, 8, 10, 0.135556) best (1, 9, 18, 0.115509)
step 4929 score (0, 8, 9, 0.112367) best (1, 9, 18, 0.115509)
step 4930 score (0, 8, 9, 0.13568) best (1, 9, 18, 0.115509)
step 4931 score (0, 1, 6, 0.102799) best (1, 9, 18, 0.115509)
step 4932 score (0, 4, 11, 0.142987) best (1, 9, 18, 0.115509)
step 4933 score (0, 4, 13, 0.149455) best (1, 9, 18, 0.115509)
step 4934 score (0, 3, 11, 0.139054) best (1, 9, 18, 0.115509)
step 4935 score (0, 4, 13, 0.149455) best (1, 9, 18, 0.115509)
step 4936 score (0, 0, 14, 0.157108) best (1, 9, 18, 0.115509)
step 4937 score (0, 4, 13, 0.149455) best (1, 9, 18, 0.115509)
step 4938 score (0, 0, 13, 0.134306) best (1, 9, 18, 0.115509)
step 4939 score (0, 6, 14, 0.134609) best (1, 9, 18, 0.115509)
step 4940 score (0, 0, 15, 0.146054) best (1, 9, 18, 0.115509)
step 4941 score (0, 0, 16, 0.138667) best (1, 9, 18, 0.115509)
step 4942 score (0, 0, 16, 0.138095) best (1, 9, 18, 0.115509)
step 4943 score (0, 0, 13, 0.136934) best (1, 9, 18, 0.115509)
step 4944 score (0, 0, 12, 0.115334) best (1, 9, 18, 0.115509)
step 4945 score (0, 1, 9, 0.120556) best (1, 9, 18, 0.115509)
step 4946 score (0, 0, 12, 0.115334) best (1, 9, 18, 0.115509)
step 4947 score (0, 0, 16, 0.138667) best (1, 9, 18, 0.115509)
step 4948 score (0, 1, 11, 0.121334) best (1, 9, 18, 0.115509)
step 4949 score (0, 0, 16, 0.117592) best (1, 9, 18, 0.115509)
step 4950 score (0, 1, 11, 0.114825) best (1, 9, 18, 0.115509)
step 4951 score (0, 0, 12, 0.134766) best (1, 9, 18, 0.115509)
step 4952 score (0, 0, 12, 0.141855) best (1, 9, 18, 0.115509)
step 4953 score (0, 0, 15, 0.13053) best (1, 9, 18, 0.115509)
step 4954 score (0, 1, 17, 0.160541) best (1, 9, 18, 0.115509)
step 4955 score (0, 0, 13, 0.139422) best (1, 9, 18, 0.115509)
step 4956 score (0, 1, 16, 0.132193) best (1, 9, 18, 0.115509)
step 4957 score (0, 2, 16, 0.154402) best (1, 9, 18, 0.115509)
step 4958 score (0, 6, 14, 0.095803) best (1, 9, 18, 0.115509)
step 4959 score (0, 3, 14, 0.11321) best (1, 9, 18, 0.115509)
step 4960 score (0, 6, 14, 0.095803) best (1, 9, 18, 0.115509)
step 4961 score (0, 2, 16, 0.154402) best (1, 9, 18, 0.115509)
step 4962 score (0, 1, 17, 0.160541) best (1, 9, 18, 0.115509)
step 4963 score (0, 2, 16, 0.154402) best (1, 9, 18, 0.115509)
step 4964 score (0, 1, 16, 0.157996) best (1, 9, 18, 0.115509)
step 4965 score (0, 2, 15, 0.155131) best (1, 9, 18, 0.115509)
step 4966 score (0, 2, 16, 0.127555) best (1, 9, 18, 0.115509)
step 4967 score (0, 2, 15, 0.155131) best (1, 9, 18, 0.115509)
step 4968 score (0, 1, 16, 0.157996) best (1, 9, 18, 0.115509)
step 4969 score (0, 2, 16, 0.154402) best (1, 9, 18, 0.115509)
step 4970 score (0, 1, 16, 0.132193) best (1, 9, 18, 0.115509)
step 4971 score (0, 2, 16, 0.154402) best (1, 9, 18, 0.115509)
step 4972 score (0, 6, 14, 0.095803) best (1, 9, 18, 0.115509)
step 4973 score (0, 1, 15, 0.109799) best (1, 9, 18, 0.115509)
step 4974 score (0, 0, 15, 0.132505) best (1, 9, 18, 0.115509)
step 4975 score (0, 0, 16, 0.123216) best (1, 9, 18, 0.115509)
step 4976 score (0, 0, 15, 0.137491) best (1, 9, 18, 0.115509)
step 4977 score (0, 0, 12, 0.125637) best (1, 9, 18, 0.115509)
step 4978 score (0, 1, 8, 0.115808) best (1, 9, 18, 0.115509)
step 4979 score (0, 2, 13, 0.119999) best (1, 9, 18, 0.115509)
step 4980 score (0, 3, 13, 0.124337) best (1, 9, 18, 0.115509)
step 4981 score (0, 3, 13, 0.118985) best (1, 9, 18, 0.115509)
step 4982 score (0, 0, 15, 0.137256) best (1, 9, 18, 0.115509)
step 4983 score (0, 3, 13, 0.118985) best (1, 9, 18, 0.115509)
step 4984 score (0, 3, 12, 0.10358) best (1, 9, 18, 0.115509)
step 4985 score (0, 4, 14, 0.104967) best (1, 9, 18, 0.115509)
step 4986 score (0, 3, 16, 0.133109) best (1, 9, 18, 0.115509)
step 4987 score (0, 6, 17, 0.156168) best (1, 9, 18, 0.115509)
CERTIFICATE c5cdc163cb03e5a3
step 4988 score (1, 7, 17, 0.161363) best (1, 9, 18, 0.115509)
step 4989 score (0, 5, 17, 0.145787) best (1, 9, 18, 0.115509)
step 4990 score (0, 5, 16, 0.145889) best (1, 9, 18, 0.115509)
step 4991 score (0, 3, 15, 0.132149) best (1, 9, 18, 0.115509)
step 4992 score (0, 3, 13, 0.124337) best (1, 9, 18, 0.115509)
step 4993 score (0, 1, 13, 0.135581) best (1, 9, 18, 0.115509)
step 4994 score (0, 3, 13, 0.124337) best (1, 9, 18, 0.115509)
step 4995 score (0, 3, 15, 0.132149) best (1, 9, 18, 0.115509)
step 4996 score (0, 3, 16, 0.133109) best (1, 9, 18, 0.115509)
step 4997 score (0, 6, 17, 0.156168) best (1, 9, 18, 0.115509)
CERTIFICATE 02adadff18b92f36
step 4998 score (1, 7, 17, 0.161363) best (1, 9, 18, 0.115509)
step 4999 score (0, 3, 15, 0.141779) best (1, 9, 18, 0.115509)
CERTIFICATE 03c5cd25a5ce8c51
step 5000 score (1, 7, 17, 0.161363) best (1, 9, 18, 0.115509)
step 5001 score (0, 6, 17, 0.156168) best (1, 9, 18, 0.115509)
step 5002 score (0, 6, 17, 0.151713) best (1, 9, 18, 0.115509)
step 5003 score (0, 6, 17, 0.156168) best (1, 9, 18, 0.115509)
CERTIFICATE e7942561854929df
step 5004 score (1, 7, 17, 0.161363) best (1, 9, 18, 0.115509)
step 5005 score (0, 5, 17, 0.145787) best (1, 9, 18, 0.115509)
step 5006 score (0, 0, 14, 0.131887) best (1, 9, 18, 0.115509)
step 5007 score (0, 1, 16, 0.14759) best (1, 9, 18, 0.115509)
step 5008 score (0, 5, 18, 0.198063) best (1, 9, 18, 0.115509)
step 5009 score (0, 5, 18, 0.186243) best (1, 9, 18, 0.115509)
step 5010 score (0, 11, 17, 0.150165) best (1, 9, 18, 0.115509)
step 5011 score (0, 11, 16, 0.180188) best (1, 9, 18, 0.115509)
step 5012 score (0, 7, 17, 0.180074) best (1, 9, 18, 0.115509)
CERTIFICATE 67d50c1dd402960d
step 5013 score (1, 8, 17, 0.118111) best (1, 9, 18, 0.115509)
CERTIFICATE bbfff51b47d34cbd
step 5014 score (1, 4, 17, 0.134202) best (1, 9, 18, 0.115509)
step 5015 score (0, 7, 18, 0.139616) best (1, 9, 18, 0.115509)
CERTIFICATE 7b8a450664cc2cc0
step 5016 score (1, 7, 14, 0.121599) best (1, 9, 18, 0.115509)
step 5017 score (0, 4, 13, 0.129382) best (1, 9, 18, 0.115509)
step 5018 score (0, 9, 18, 0.149956) best (1, 9, 18, 0.115509)
step 5019 score (0, 7, 18, 0.139616) best (1, 9, 18, 0.115509)
step 5020 score (0, 6, 17, 0.15657) best (1, 9, 18, 0.115509)
step 5021 score (0, 9, 15, 0.152789) best (1, 9, 18, 0.115509)
CERTIFICATE 7dab988c2c38fb35
step 5022 score (1, 3, 14, 0.108172) best (1, 9, 18, 0.115509)
step 5023 score (0, 2, 15, 0.151576) best (1, 9, 18, 0.115509)
CERTIFICATE f7883050e4675227
step 5024 score (1, 3, 14, 0.108172) best (1, 9, 18, 0.115509)
step 5025 score (0, 3, 11, 0.14013) best (1, 9, 18, 0.115509)
CERTIFICATE 90177c9e77de3963
step 5026 score (1, 3, 14, 0.108172) best (1, 9, 18, 0.115509)
step 5027 score (0, 3, 11, 0.134031) best (1, 9, 18, 0.115509)
step 5028 score (0, 0, 9, 0.114465) best (1, 9, 18, 0.115509)
step 5029 score (0, 4, 9, 0.128222) best (1, 9, 18, 0.115509)
step 5030 score (0, 8, 17, 0.134962) best (1, 9, 18, 0.115509)
step 5031 score (0, 8, 16, 0.146681) best (1, 9, 18, 0.115509)
step 5032 score (0, 5, 13, 0.16769) best (1, 9, 18, 0.115509)
step 5033 score (0, 8, 16, 0.146681) best (1, 9, 18, 0.115509)
step 5034 score (0, 7, 17, 0.160771) best (1, 9, 18, 0.115509)
step 5035 score (0, 3, 15, 0.133097) best (1, 9, 18, 0.115509)
step 5036 score (0, 0, 15, 0.136476) best (1, 9, 18, 0.115509)
step 5037 score (0, 3, 15, 0.133097) best (1, 9, 18, 0.115509)
step 5038 score (0, 3, 18, 0.113484) best (1, 9, 18, 0.115509)
step 5039 score (0, 7, 18, 0.149506) best (1, 9, 18, 0.115509)
step 5040 score (0, 9, 18, 0.149956) best (1, 9, 18, 0.115509)
step 5041 score (0, 8, 17, 0.184693) best (1, 9, 18, 0.115509)
step 5042 score (0, 10, 17, 0.213879) best (1, 9, 18, 0.115509)
step 5043 score (0, 8, 17, 0.184693) best (1, 9, 18, 0.115509)
step 5044 score (0, 7, 17, 0.155928) best (1, 9, 18, 0.115509)
step 5045 score (0, 5, 14, 0.123493) best (1, 9, 18, 0.115509)
step 5046 score (0, 7, 12, 0.157777) best (1, 9, 18, 0.115509)
step 5047 score (0, 5, 11, 0.159426) best (1, 9, 18, 0.115509)
step 5048 score (0, 3, 12, 0.136232) best (1, 9, 18, 0.115509)
step 5049 score (0, 4, 16, 0.162083) best (1, 9, 18, 0.115509)
CERTIFICATE 2817a3844a843126
step 5050 score (1, 4, 16, 0.128759) best (1, 9, 18, 0.115509)
step 5051 score (0, 2, 12, 0.114408) best (1, 9, 18, 0.115509)
step 5052 score (0, 2, 11, 0.123867) best (1, 9, 18, 0.115509)
step 5053 score (0, 2, 12, 0.110222) best (1, 9, 18, 0.115509)
CERTIFICATE 11dd6629450cfd5c
step 5054 score (1, 4, 17, 0.134202) best (1, 9, 18, 0.115509)
CERTIFICATE 968a860334bb20f0
step 5055 score (1, 8, 17, 0.118111) best (1, 9, 18, 0.115509)
step 5056 score (0, 7, 17, 0.180074) best (1, 9, 18, 0.115509)
step 5057 score (0, 11, 16, 0.180188) best (1, 9, 18, 0.115509)
step 5058 score (0, 14, 16, 0.179565) best (1, 9, 18, 0.115509)
CERTIFICATE 1933a27953316a91
step 5059 score (1, 9, 16, 0.175114) best (1, 9, 18, 0.115509)
CERTIFICATE 895deda74db2c5b9
step 5060 score (1, 4, 16, 0.156068) best (1, 9, 18, 0.115509)
CERTIFICATE d9ed18e57ef5fc4d
step 5061 score (1, 9, 16, 0.175114) best (1, 9, 18, 0.115509)
step 5062 score (0, 6, 16, 0.141938) best (1, 9, 18, 0.115509)
step 5063 score (0, 4, 13, 0.130183) best (1, 9, 18, 0.115509)
CERTIFICATE 165faa2fa950e5a1
step 5064 score (1, 4, 16, 0.156068) best (1, 9, 18, 0.115509)
step 5065 score (0, 7, 17, 0.150266) best (1, 9, 18, 0.115509)
CERTIFICATE c7069bedc8d59e0a
step 5066 score (1, 4, 16, 0.156068) best (1, 9, 18, 0.115509)
CERTIFICATE 45eb3323621516d6
step 5067 score (1, 9, 16, 0.175114) best (1, 9, 18, 0.115509)
step 5068 score (0, 14, 16, 0.179565) best (1, 9, 18, 0.115509)
step 5069 score (0, 8, 16, 0.131118) best (1, 9, 18, 0.115509)
step 5070 score (0, 6, 15, 0.122352) best (1, 9, 18, 0.115509)
step 5071 score (0, 6, 15, 0.114481) best (1, 9, 18, 0.115509)
step 5072 score (0, 3, 8, 0.107708) best (1, 9, 18, 0.115509)
step 5073 score (0, 1, 12, 0.088686) best (1, 9, 18, 0.115509)
step 5074 score (0, 1, 17, 0.094739) best (1, 9, 18, 0.115509)
step 5075 score (0, 4, 16, 0.113693) best (1, 9, 18, 0.115509)
step 5076 score (0, 6, 12, 0.13343) best (1, 9, 18, 0.115509)
step 5077 score (0, 3, 10, 0.110809) best (1, 9, 18, 0.115509)
step 5078 score (0, 0, 10, 0.122464) best (1, 9, 18, 0.115509)
step 5079 score (0, 0, 9, 0.114486) best (1, 9, 18, 0.115509)
step 5080 score (0, 0, 10, 0.122464) best (1, 9, 18, 0.115509)
step 5081 score (0, 3, 10, 0.110809) best (1, 9, 18, 0.115509)
step 5082 score (0, 2, 11, 0.113033) best (1, 9, 18, 0.115509)
step 5083 score (0, 3, 12, 0.126227) best (1, 9, 18, 0.115509)
step 5084 score (0, 3, 15, 0.143792) best (1, 9, 18, 0.115509)
CERTIFICATE fa187ba1c56b9796
step 5085 score (1, 2, 14, 0.126959) best (1, 9, 18, 0.115509)
step 5086 score (0, 0, 17, 0.128046) best (1, 9, 18, 0.115509)
CERTIFICATE 521fc0c703c44cc9
step 5087 score (1, 2, 14, 0.126959) best (1, 9, 18, 0.115509)
step 5088 score (0, 3, 15, 0.143792) best (1, 9, 18, 0.115509)
CERTIFICATE 37a3d5875fa45cdc
step 5089 score (1, 2, 15, 0.141482) best (1, 9, 18, 0.115509)
step 5090 score (0, 3, 12, 0.115098) best (1, 9, 18, 0.115509)
step 5091 score (0, 0, 13, 0.138694) best (1, 9, 18, 0.115509)
step 5092 score (0, 3, 12, 0.115098) best (1, 9, 18, 0.115509)
step 5093 score (0, 0, 13, 0.116613) best (1, 9, 18, 0.115509)
step 5094 score (0, 1, 12, 0.140563) best (1, 9, 18, 0.115509)
step 5095 score (0, 1, 13, 0.128561) best (1, 9, 18, 0.115509)
step 5096 score (0, 2, 13, 0.119701) best (1, 9, 18, 0.115509)
step 5097 score (0, 0, 14, 0.127692) best (1, 9, 18, 0.115509)
step 5098 score (0, 2, 12, 0.133127) best (1, 9, 18, 0.115509)
step 5099 score (0, 1, 12, 0.136984) best (1, 9, 18, 0.115509)
step 5100 score (0, 2, 12, 0.133127) best (1, 9, 18, 0.115509)
step 5101 score (0, 0, 14, 0.127692) best (1, 9, 18, 0.115509)
step 5102 score (0, 0, 14, 0.129524) best (1, 9, 18, 0.115509)
step 5103 score (0, 0, 12, 0.135348) best (1, 9, 18, 0.115509)
step 5104 score (0, 1, 15, 0.12255) best (1, 9, 18, 0.115509)
step 5105 score (0, 3, 15, 0.136303) best (1, 9, 18, 0.115509)
step 5106 score (0, 4, 15, 0.133792) best (1, 9, 18, 0.115509)
step 5107 score (0, 3, 16, 0.125178) best (1, 9, 18, 0.115509)
step 5108 score (0, 2, 16, 0.134597) best (1, 9, 18, 0.115509)
step 5109 score (0, 4, 14, 0.144544) best (1, 9, 18, 0.115509)
step 5110 score (0, 2, 10, 0.123639) best (1, 9, 18, 0.115509)
step 5111 score (0, 2, 9, 0.127974) best (1, 9, 18, 0.115509)
step 5112 score (0, 2, 14, 0.128766) best (1, 9, 18, 0.115509)
step 5113 score (0, 3, 12, 0.122109) best (1, 9, 18, 0.115509)
step 5114 score (0, 2, 14, 0.128766) best (1, 9, 18, 0.115509)
step 5115 score (0, 2, 13, 0.129017) best (1, 9, 18, 0.115509)
step 5116 score (0, 2, 13, 0.144638) best (1, 9, 18, 0.115509)
step 5117 score (0, 1, 13, 0.151113) best (1, 9, 18, 0.115509)
step 5118 score (0, 1, 12, 0.147132) best (1, 9, 18, 0.115509)
step 5119 score (0, 1, 12, 0.124245) best (1, 9, 18, 0.115509)
step 5120 score (0, 1, 17, 0.141284) best (1, 9, 18, 0.115509)
step 5121 score (0, 4, 17, 0.159592) best (1, 9, 18, 0.115509)
step 5122 score (0, 9, 18, 0.164037) best (1, 9, 18, 0.115509)
step 5123 score (0, 4, 17, 0.159592) best (1, 9, 18, 0.115509)
step 5124 score (0, 2, 12, 0.113709) best (1, 9, 18, 0.115509)
step 5125 score (0, 4, 17, 0.136986) best (1, 9, 18, 0.115509)
step 5126 score (0, 7, 17, 0.158191) best (1, 9, 18, 0.115509)
step 5127 score (0, 5, 17, 0.121738) best (1, 9, 18, 0.115509)
step 5128 score (0, 5, 18, 0.151971) best (1, 9, 18, 0.115509)
step 5129 score (0, 5, 17, 0.121738) best (1, 9, 18, 0.115509)
step 5130 score (0, 7, 17, 0.158191) best (1, 9, 18, 0.115509)
step 5131 score (0, 4, 17, 0.136986) best (1, 9, 18, 0.115509)
step 5132 score (0, 7, 17, 0.121576) best (1, 9, 18, 0.115509)
step 5133 score (0, 8, 14, 0.138662) best (1, 9, 18, 0.115509)
step 5134 score (0, 6, 13, 0.101024) best (1, 9, 18, 0.115509)
step 5135 score (0, 1, 8, 0.108687) best (1, 9, 18, 0.115509)
step 5136 score (0, 0, 15, 0.144187) best (1, 9, 18, 0.115509)
step 5137 score (0, 0, 14, 0.140347) best (1, 9, 18, 0.115509)
step 5138 score (0, 2, 14, 0.167422) best (1, 9, 18, 0.115509)
step 5139 score (0, 3, 17, 0.168588) best (1, 9, 18, 0.115509)
step 5140 score (0, 7, 15, 0.17352) best (1, 9, 18, 0.115509)
step 5141 score (0, 7, 15, 0.17352) best (1, 9, 18, 0.115509)
step 5142 score (0, 7, 15, 0.17352) best (1, 9, 18, 0.115509)
step 5143 score (0, 5, 18, 0.161864) best (1, 9, 18, 0.115509)
CERTIFICATE 54790b0085400cc2
step 5144 score (1, 5, 16, 0.145574) best (1, 9, 18, 0.115509)
CERTIFICATE 0fea9ebcc39349be
CERTIFICATE fe0c937edcc2f305
step 5145 score (1, 4, 15, 0.126036) best (1, 9, 18, 0.115509)
step 5146 score (0, 5, 16, 0.13577) best (1, 9, 18, 0.115509)
step 5147 score (0, 15, 18, 0.182598) best (1, 9, 18, 0.115509)
step 5148 score (0, 15, 18, 0.182598) best (1, 9, 18, 0.115509)
step 5149 score (0, 6, 18, 0.183001) best (1, 9, 18, 0.115509)
step 5150 score (0, 3, 12, 0.134948) best (1, 9, 18, 0.115509)
step 5151 score (0, 6, 15, 0.172253) best (1, 9, 18, 0.115509)
step 5152 score (0, 5, 13, 0.152153) best (1, 9, 18, 0.115509)
step 5153 score (0, 4, 14, 0.147741) best (1, 9, 18, 0.115509)
step 5154 score (0, 8, 13, 0.166295) best (1, 9, 18, 0.115509)
step 5155 score (0, 5, 12, 0.173912) best (1, 9, 18, 0.115509)
step 5156 score (0, 8, 13, 0.166295) best (1, 9, 18, 0.115509)
step 5157 score (0, 6, 10, 0.10213) best (1, 9, 18, 0.115509)
step 5158 score (0, 7, 11, 0.120286) best (1, 9, 18, 0.115509)
CERTIFICATE f6e9f05743eb1f6e
step 5159 score (1, 2, 12, 0.106429) best (1, 9, 18, 0.115509)
step 5160 score (0, 5, 11, 0.128122) best (1, 9, 18, 0.115509)
step 5161 score (0, 3, 10, 0.153651) best (1, 9, 18, 0.115509)
step 5162 score (0, 6, 13, 0.1479) best (1, 9, 18, 0.115509)
step 5163 score (0, 9, 10, 0.149627) best (1, 9, 18, 0.115509)
step 5164 score (0, 9, 9, 0.162509) best (1, 9, 18, 0.115509)
step 5165 score (0, 9, 10, 0.149627) best (1, 9, 18, 0.115509)
step 5166 score (0, 5, 10, 0.13692) best (1, 9, 18, 0.115509)
step 5167 score (0, 7, 10, 0.169644) best (1, 9, 18, 0.115509)
step 5168 score (0, 11, 17, 0.177762) best (1, 9, 18, 0.115509)
step 5169 score (0, 8, 17, 0.19368) best (1, 9, 18, 0.115509)
step 5170 score (0, 7, 17, 0.17777) best (1, 9, 18, 0.115509)
step 5171 score (0, 8, 17, 0.168232) best (1, 9, 18, 0.115509)
step 5172 score (0, 9, 9, 0.161815) best (1, 9, 18, 0.115509)
step 5173 score (0, 8, 17, 0.168232) best (1, 9, 18, 0.115509)
step 5174 score (0, 7, 17, 0.165705) best (1, 9, 18, 0.115509)
step 5175 score (0, 9, 18, 0.189324) best (1, 9, 18, 0.115509)
CERTIFICATE ca20bf87c7c0f589
step 5176 score (1, 8, 16, 0.139937) best (1, 9, 18, 0.115509)
step 5177 score (0, 11, 16, 0.126761) best (1, 9, 18, 0.115509)
CERTIFICATE e1375336e029bb03
step 5178 score (1, 8, 16, 0.139937) best (1, 9, 18, 0.115509)
step 5179 score (0, 8, 17, 0.140442) best (1, 9, 18, 0.115509)
CERTIFICATE ba2bccdd3ab73777
step 5180 score (1, 8, 16, 0.139937) best (1, 9, 18, 0.115509)
step 5181 score (0, 9, 18, 0.189324) best (1, 9, 18, 0.115509)
step 5182 score (0, 10, 18, 0.185599) best (1, 9, 18, 0.115509)
step 5183 score (0, 10, 18, 0.190201) best (1, 9, 18, 0.115509)
step 5184 score (0, 8, 18, 0.20322) best (1, 9, 18, 0.115509)
step 5185 score (0, 7, 16, 0.171862) best (1, 9, 18, 0.115509)
step 5186 score (0, 7, 18, 0.174215) best (1, 9, 18, 0.115509)
step 5187 score (0, 8, 16, 0.146144) best (1, 9, 18, 0.115509)
step 5188 score (0, 4, 16, 0.172919) best (1, 9, 18, 0.115509)
step 5189 score (0, 6, 17, 0.170656) best (1, 9, 18, 0.115509)
step 5190 score (0, 7, 17, 0.165425) best (1, 9, 18, 0.115509)
step 5191 score (0, 9, 16, 0.171128) best (1, 9, 18, 0.115509)
step 5192 score (0, 5, 12, 0.117933) best (1, 9, 18, 0.115509)
step 5193 score (0, 5, 14, 0.114075) best (1, 9, 18, 0.115509)
step 5194 score (0, 6, 10, 0.118527) best (1, 9, 18, 0.115509)
step 5195 score (0, 1, 14, 0.156503) best (1, 9, 18, 0.115509)
step 5196 score (0, 2, 15, 0.153414) best (1, 9, 18, 0.115509)
step 5197 score (0, 2, 15, 0.143251) best (1, 9, 18, 0.115509)
step 5198 score (0, 3, 11, 0.14065) best (1, 9, 18, 0.115509)
step 5199 score (0, 2, 15, 0.156855) best (1, 9, 18, 0.115509)
step 5200 score (0, 0, 16, 0.174262) best (1, 9, 18, 0.115509)
step 5201 score (0, 3, 15, 0.167467) best (1, 9, 18, 0.115509)
step 5202 score (0, 1, 10, 0.150092) best (1, 9, 18, 0.115509)
step 5203 score (0, 1, 11, 0.143732) best (1, 9, 18, 0.115509)
step 5204 score (0, 1, 15, 0.143918) best (1, 9, 18, 0.115509)
step 5205 score (0, 2, 12, 0.160774) best (1, 9, 18, 0.115509)
step 5206 score (0, 4, 15, 0.170469) best (1, 9, 18, 0.115509)
step 5207 score (0, 4, 15, 0.139852) best (1, 9, 18, 0.115509)
step 5208 score (0, 6, 16, 0.174508) best (1, 9, 18, 0.115509)
step 5209 score (0, 4, 16, 0.127495) best (1, 9, 18, 0.115509)
step 5210 score (0, 5, 9, 0.159791) best (1, 9, 18, 0.115509)
step 5211 score (0, 4, 9, 0.128517) best (1, 9, 18, 0.115509)
step 5212 score (0, 6, 9, 0.138953) best (1, 9, 18, 0.115509)
step 5213 score (0, 4, 9, 0.128517) best (1, 9, 18, 0.115509)
step 5214 score (0, 7, 10, 0.138395) best (1, 9, 18, 0.115509)
step 5215 score (0, 10, 11, 0.112125) best (1, 9, 18, 0.115509)
step 5216 score (0, 5, 11, 0.152055) best (1, 9, 18, 0.115509)
step 5217 score (0, 3, 9, 0.13914) best (1, 9, 18, 0.115509)
step 5218 score (0, 3, 9, 0.158167) best (1, 9, 18, 0.115509)
step 5219 score (0, 5, 9, 0.141129) best (1, 9, 18, 0.115509)
step 5220 score (0, 5, 9, 0.103815) best (1, 9, 18, 0.115509)
step 5221 score (0, 8, 10, 0.125787) best (1, 9, 18, 0.115509)
step 5222 score (0, 6, 9, 0.132705) best (1, 9, 18, 0.115509)
step 5223 score (0, 3, 9, 0.181575) best (1, 9, 18, 0.115509)
step 5224 score (0, 6, 9, 0.160117) best (1, 9, 18, 0.115509)
step 5225 score (0, 6, 9, 0.138953) best (1, 9, 18, 0.115509)
step 5226 score (0, 4, 9, 0.128517) best (1, 9, 18, 0.115509)
step 5227 score (0, 6, 9, 0.138953) best (1, 9, 18, 0.115509)
step 5228 score (0, 1, 11, 0.115932) best (1, 9, 18, 0.115509)
step 5229 score (0, 6, 9, 0.138953) best (1, 9, 18, 0.115509)
step 5230 score (0, 3, 10, 0.162664) best (1, 9, 18, 0.115509)
step 5231 score (0, 2, 9, 0.157947) best (1, 9, 18, 0.115509)
step 5232 score (0, 3, 10, 0.162664) best (1, 9, 18, 0.115509)
step 5233 score (0, 2, 9, 0.13823) best (1, 9, 18, 0.115509)
step 5234 score (0, 5, 9, 0.129672) best (1, 9, 18, 0.115509)
step 5235 score (0, 5, 15, 0.134967) best (1, 9, 18, 0.115509)
step 5236 score (0, 2, 14, 0.161906) best (1, 9, 18, 0.115509)
step 5237 score (0, 5, 14, 0.164151) best (1, 9, 18, 0.115509)
step 5238 score (0, 3, 16, 0.204406) best (1, 9, 18, 0.115509)
step 5239 score (0, 7, 16, 0.180204) best (1, 9, 18, 0.115509)
step 5240 score (0, 7, 13, 0.148302) best (1, 9, 18, 0.115509)
step 5241 score (0, 3, 16, 0.126738) best (1, 9, 18, 0.115509)
step 5242 score (0, 11, 17, 0.13957) best (1, 9, 18, 0.115509)
step 5243 score (0, 11, 17, 0.137853) best (1, 9, 18, 0.115509)
step 5244 score (0, 4, 15, 0.1673) best (1, 9, 18, 0.115509)
step 5245 score (0, 7, 16, 0.141806) best (1, 9, 18, 0.115509)
step 5246 score (0, 11, 16, 0.180188) best (1, 9, 18, 0.115509)
step 5247 score (0, 14, 16, 0.179565) best (1, 9, 18, 0.115509)
step 5248 score (0, 9, 17, 0.154006) best (1, 9, 18, 0.115509)
step 5249 score (0, 6, 16, 0.141938) best (1, 9, 18, 0.115509)
step 5250 score (0, 9, 17, 0.154006) best (1, 9, 18, 0.115509)
step 5251 score (0, 2, 16, 0.151652) best (1, 9, 18, 0.115509)
step 5252 score (0, 9, 17, 0.154006) best (1, 9, 18, 0.115509)
step 5253 score (0, 14, 16, 0.179565) best (1, 9, 18, 0.115509)
step 5254 score (0, 11, 16, 0.180188) best (1, 9, 18, 0.115509)
step 5255 score (0, 6, 16, 0.163061) best (1, 9, 18, 0.115509)
step 5256 score (0, 11, 16, 0.180188) best (1, 9, 18, 0.115509)
step 5257 score (0, 14, 16, 0.179565) best (1, 9, 18, 0.115509)
CERTIFICATE ceac9def57ca07fd
step 5258 score (1, 9, 16, 0.175114) best (1, 9, 18, 0.115509)
CERTIFICATE 119b27f190abc005
step 5259 score (1, 4, 16, 0.156068) best (1, 9, 18, 0.115509)
step 5260 score (0, 11, 17, 0.151558) best (1, 9, 18, 0.115509)
step 5261 score (0, 3, 17, 0.149909) best (1, 9, 18, 0.115509)
step 5262 score (0, 6, 15, 0.114481) best (1, 9, 18, 0.115509)
step 5263 score (0, 0, 15, 0.141273) best (1, 9, 18, 0.115509)
step 5264 score (0, 4, 10, 0.124855) best (1, 9, 18, 0.115509)
step 5265 score (0, 3, 14, 0.114735) best (1, 9, 18, 0.115509)
step 5266 score (0, 8, 18, 0.120619) best (1, 9, 18, 0.115509)
step 5267 score (0, 9, 18, 0.118419) best (1, 9, 18, 0.115509)
step 5268 score (0, 2, 15, 0.124609) best (1, 9, 18, 0.115509)
step 5269 score (0, 5, 15, 0.121445) best (1, 9, 18, 0.115509)
step 5270 score (0, 2, 15, 0.124609) best (1, 9, 18, 0.115509)
step 5271 score (0, 5, 18, 0.183622) best (1, 9, 18, 0.115509)
step 5272 score (0, 6, 18, 0.198045) best (1, 9, 18, 0.115509)
step 5273 score (0, 6, 17, 0.163771) best (1, 9, 18, 0.115509)
step 5274 score (0, 3, 16, 0.152389) best (1, 9, 18, 0.115509)
step 5275 score (0, 6, 18, 0.189817) best (1, 9, 18, 0.115509)
step 5276 score (0, 7, 14, 0.135715) best (1, 9, 18, 0.115509)
step 5277 score (0, 6, 18, 0.189817) best (1, 9, 18, 0.115509)
step 5278 score (0, 3, 16, 0.152389) best (1, 9, 18, 0.115509)
step 5279 score (0, 8, 12, 0.139909) best (1, 9, 18, 0.115509)
step 5280 score (0, 5, 16, 0.104044) best (1, 9, 18, 0.115509)
step 5281 score (0, 8, 12, 0.139909) best (1, 9, 18, 0.115509)
step 5282 score (0, 5, 15, 0.149871) best (1, 9, 18, 0.115509)
step 5283 score (0, 5, 18, 0.183622) best (1, 9, 18, 0.115509)
step 5284 score (0, 6, 18, 0.198045) best (1, 9, 18, 0.115509)
step 5285 score (0, 5, 17, 0.175448) best (1, 9, 18, 0.115509)
step 5286 score (0, 3, 17, 0.1628) best (1, 9, 18, 0.115509)
step 5287 score (0, 5, 12, 0.145248) best (1, 9, 18, 0.115509)
step 5288 score (0, 5, 12, 0.164501) best (1, 9, 18, 0.115509)
step 5289 score (0, 6, 11, 0.146302) best (1, 9, 18, 0.115509)
step 5290 score (0, 12, 15, 0.16925) best (1, 9, 18, 0.115509)
step 5291 score (0, 7, 16, 0.195259) best (1, 9, 18, 0.115509)
step 5292 score (0, 12, 15, 0.16925) best (1, 9, 18, 0.115509)
step 5293 score (0, 6, 13, 0.15369) best (1, 9, 18, 0.115509)
step 5294 score (0, 12, 15, 0.16925) best (1, 9, 18, 0.115509)
step 5295 score (0, 11, 16, 0.182159) best (1, 9, 18, 0.115509)
step 5296 score (0, 6, 12, 0.097268) best (1, 9, 18, 0.115509)
step 5297 score (0, 1, 12, 0.100667) best (1, 9, 18, 0.115509)
step 5298 score (0, 0, 13, 0.172124) best (1, 9, 18, 0.115509)
step 5299 score (0, 1, 17, 0.127128) best (1, 9, 18, 0.115509)
step 5300 score (0, 5, 15, 0.15208) best (1, 9, 18, 0.115509)
step 5301 score (0, 6, 15, 0.116888) best (1, 9, 18, 0.115509)
step 5302 score (0, 5, 15, 0.15208) best (1, 9, 18, 0.115509)
step 5303 score (0, 4, 16, 0.102771) best (1, 9, 18, 0.115509)
step 5304 score (0, 0, 15, 0.12141) best (1, 9, 18, 0.115509)
step 5305 score (0, 4, 16, 0.102771) best (1, 9, 18, 0.115509)
step 5306 score (0, 5, 15, 0.15208) best (1, 9, 18, 0.115509)
step 5307 score (0, 3, 15, 0.139022) best (1, 9, 18, 0.115509)
step 5308 score (0, 3, 15, 0.173366) best (1, 9, 18, 0.115509)
step 5309 score (0, 2, 16, 0.147114) best (1, 9, 18, 0.115509)
step 5310 score (0, 5, 15, 0.163977) best (1, 9, 18, 0.115509)
step 5311 score (0, 5, 12, 0.165511) best (1, 9, 18, 0.115509)
step 5312 score (0, 9, 14, 0.16605) best (1, 9, 18, 0.115509)
step 5313 score (0, 5, 14, 0.172705) best (1, 9, 18, 0.115509)
step 5314 score (0, 9, 14, 0.16605) best (1, 9, 18, 0.115509)
step 5315 score (0, 5, 14, 0.150403) best (1, 9, 18, 0.115509)
step 5316 score (0, 4, 13, 0.164983) best (1, 9, 18, 0.115509)
step 5317 score (0, 4, 14, 0.157734) best (1, 9, 18, 0.115509)
step 5318 score (0, 2, 13, 0.130261) best (1, 9, 18, 0.115509)
step 5319 score (0, 4, 14, 0.157734) best (1, 9, 18, 0.115509)
step 5320 score (0, 4, 15, 0.145919) best (1, 9, 18, 0.115509)
step 5321 score (0, 4, 14, 0.157734) best (1, 9, 18, 0.115509)
step 5322 score (0, 4, 13, 0.164983) best (1, 9, 18, 0.115509)
step 5323 score (0, 4, 14, 0.118084) best (1, 9, 18, 0.115509)
step 5324 score (0, 4, 13, 0.164983) best (1, 9, 18, 0.115509)
step 5325 score (0, 4, 14, 0.157734) best (1, 9, 18, 0.115509)
step 5326 score (0, 4, 15, 0.13346) best (1, 9, 18, 0.115509)
step 5327 score (0, 4, 14, 0.157734) best (1, 9, 18, 0.115509)
step 5328 score (0, 4, 13, 0.164983) best (1, 9, 18, 0.115509)
step 5329 score (0, 9, 12, 0.12287) best (1, 9, 18, 0.115509)
step 5330 score (0, 4, 10, 0.135071) best (1, 9, 18, 0.115509)
step 5331 score (0, 7, 13, 0.129773) best (1, 9, 18, 0.115509)
step 5332 score (0, 4, 10, 0.135071) best (1, 9, 18, 0.115509)
step 5333 score (0, 5, 13, 0.103218) best (1, 9, 18, 0.115509)
step 5334 score (0, 6, 12, 0.111324) best (1, 9, 18, 0.115509)
step 5335 score (0, 6, 13, 0.106864) best (1, 9, 18, 0.115509)
step 5336 score (0, 5, 11, 0.13099) best (1, 9, 18, 0.115509)
step 5337 score (0, 5, 16, 0.149688) best (1, 9, 18, 0.115509)
step 5338 score (0, 6, 16, 0.149442) best (1, 9, 18, 0.115509)
step 5339 score (0, 2, 15, 0.158652) best (1, 9, 18, 0.115509)
step 5340 score (0, 6, 13, 0.153246) best (1, 9, 18, 0.115509)
step 5341 score (0, 2, 14, 0.162674) best (1, 9, 18, 0.115509)
step 5342 score (0, 6, 13, 0.153246) best (1, 9, 18, 0.115509)
step 5343 score (0, 3, 12, 0.1495) best (1, 9, 18, 0.115509)
step 5344 score (0, 8, 13, 0.116972) best (1, 9, 18, 0.115509)
step 5345 score (0, 7, 10, 0.104304) best (1, 9, 18, 0.115509)
step 5346 score (0, 4, 10, 0.091141) best (1, 9, 18, 0.115509)
step 5347 score (0, 7, 10, 0.104304) best (1, 9, 18, 0.115509)
step 5348 score (0, 5, 11, 0.113183) best (1, 9, 18, 0.115509)
step 5349 score (0, 6, 10, 0.130053) best (1, 9, 18, 0.115509)
step 5350 score (0, 3, 13, 0.131263) best (1, 9, 18, 0.115509)
step 5351 score (0, 4, 13, 0.148237) best (1, 9, 18, 0.115509)
step 5352 score (0, 9, 11, 0.148684) best (1, 9, 18, 0.115509)
step 5353 score (0, 7, 10, 0.122838) best (1, 9, 18, 0.115509)
step 5354 score (0, 7, 11, 0.153397) best (1, 9, 18, 0.115509)
step 5355 score (0, 8, 11, 0.138878) best (1, 9, 18, 0.115509)
step 5356 score (0, 7, 10, 0.117922) best (1, 9, 18, 0.115509)
step 5357 score (0, 7, 15, 0.136668) best (1, 9, 18, 0.115509)
step 5358 score (0, 7, 10, 0.117922) best (1, 9, 18, 0.115509)
step 5359 score (0, 7, 11, 0.125995) best (1, 9, 18, 0.115509)
step 5360 score (0, 2, 12, 0.098897) best (1, 9, 18, 0.115509)
step 5361 score (0, 8, 12, 0.140934) best (1, 9, 18, 0.115509)
step 5362 score (0, 3, 12, 0.163748) best (1, 9, 18, 0.115509)
step 5363 score (0, 9, 10, 0.144188) best (1, 9, 18, 0.115509)
step 5364 score (0, 8, 17, 0.16848) best (1, 9, 18, 0.115509)
step 5365 score (0, 12, 17, 0.188374) best (1, 9, 18, 0.115509)
step 5366 score (0, 8, 17, 0.201717) best (1, 9, 18, 0.115509)
step 5367 score (0, 6, 18, 0.182469) best (1, 9, 18, 0.115509)
step 5368 score (0, 7, 16, 0.185491) best (1, 9, 18, 0.115509)
step 5369 score (0, 4, 13, 0.14941) best (1, 9, 18, 0.115509)
step 5370 score (0, 8, 17, 0.201717) best (1, 9, 18, 0.115509)
step 5371 score (0, 12, 17, 0.188374) best (1, 9, 18, 0.115509)
step 5372 score (0, 11, 17, 0.181505) best (1, 9, 18, 0.115509)
step 5373 score (0, 5, 11, 0.1348) best (1, 9, 18, 0.115509)
step 5374 score (0, 6, 13, 0.144366) best (1, 9, 18, 0.115509)
step 5375 score (0, 5, 9, 0.11072) best (1, 9, 18, 0.115509)
step 5376 score (0, 5, 9, 0.117063) best (1, 9, 18, 0.115509)
step 5377 score (0, 1, 10, 0.150613) best (1, 9, 18, 0.115509)
step 5378 score (0, 4, 11, 0.169682) best (1, 9, 18, 0.115509)
step 5379 score (0, 6, 11, 0.122503) best (1, 9, 18, 0.115509)
step 5380 score (0, 5, 9, 0.117063) best (1, 9, 18, 0.115509)
step 5381 score (0, 5, 9, 0.11072) best (1, 9, 18, 0.115509)
step 5382 score (0, 2, 9, 0.120601) best (1, 9, 18, 0.115509)
step 5383 score (0, 0, 10, 0.112997) best (1, 9, 18, 0.115509)
step 5384 score (0, 0, 14, 0.126164) best (1, 9, 18, 0.115509)
step 5385 score (0, 1, 11, 0.109922) best (1, 9, 18, 0.115509)
step 5386 score (0, 1, 12, 0.113719) best (1, 9, 18, 0.115509)
step 5387 score (0, 2, 15, 0.14544) best (1, 9, 18, 0.115509)
step 5388 score (0, 1, 9, 0.106999) best (1, 9, 18, 0.115509)
step 5389 score (0, 2, 10, 0.113301) best (1, 9, 18, 0.115509)
step 5390 score (0, 0, 13, 0.13185) best (1, 9, 18, 0.115509)
step 5391 score (0, 2, 15, 0.14544) best (1, 9, 18, 0.115509)
step 5392 score (0, 0, 14, 0.127286) best (1, 9, 18, 0.115509)
step 5393 score (0, 2, 16, 0.174657) best (1, 9, 18, 0.115509)
step 5394 score (0, 2, 17, 0.170206) best (1, 9, 18, 0.115509)
step 5395 score (0, 3, 17, 0.159015) best (1, 9, 18, 0.115509)
step 5396 score (0, 4, 16, 0.174712) best (1, 9, 18, 0.115509)
step 5397 score (0, 4, 15, 0.155723) best (1, 9, 18, 0.115509)
step 5398 score (0, 3, 11, 0.134208) best (1, 9, 18, 0.115509)
step 5399 score (0, 4, 15, 0.155723) best (1, 9, 18, 0.115509)
step 5400 score (0, 4, 16, 0.174712) best (1, 9, 18, 0.115509)
step 5401 score (0, 4, 16, 0.161672) best (1, 9, 18, 0.115509)
step 5402 score (0, 3, 15, 0.150249) best (1, 9, 18, 0.115509)
step 5403 score (0, 4, 16, 0.161672) best (1, 9, 18, 0.115509)
step 5404 score (0, 4, 16, 0.174712) best (1, 9, 18, 0.115509)
step 5405 score (0, 4, 15, 0.155723) best (1, 9, 18, 0.115509)
step 5406 score (0, 0, 15, 0.146297) best (1, 9, 18, 0.115509)
step 5407 score (0, 4, 14, 0.136494) best (1, 9, 18, 0.115509)
step 5408 score (0, 2, 13, 0.099551) best (1, 9, 18, 0.115509)
step 5409 score (0, 0, 10, 0.105311) best (1, 9, 18, 0.115509)
step 5410 score (0, 1, 17, 0.132975) best (1, 9, 18, 0.115509)
step 5411 score (0, 1, 18, 0.140504) best (1, 9, 18, 0.115509)
step 5412 score (0, 2, 15, 0.14844) best (1, 9, 18, 0.115509)
step 5413 score (0, 5, 16, 0.169106) best (1, 9, 18, 0.115509)
step 5414 score (0, 8, 15, 0.121224) best (1, 9, 18, 0.115509)
step 5415 score (0, 1, 13, 0.119464) best (1, 9, 18, 0.115509)
step 5416 score (0, 1, 12, 0.108394) best (1, 9, 18, 0.115509)
step 5417 score (0, 2, 13, 0.124571) best (1, 9, 18, 0.115509)
step 5418 score (0, 1, 12, 0.121273) best (1, 9, 18, 0.115509)
step 5419 score (0, 1, 7, 0.125443) best (1, 9, 18, 0.115509)
step 5420 score (0, 1, 10, 0.12789) best (1, 9, 18, 0.115509)
step 5421 score (0, 1, 9, 0.115367) best (1, 9, 18, 0.115509)
step 5422 score (0, 1, 10, 0.12789) best (1, 9, 18, 0.115509)
step 5423 score (0, 0, 11, 0.132396) best (1, 9, 18, 0.115509)
step 5424 score (0, 1, 10, 0.12789) best (1, 9, 18, 0.115509)
step 5425 score (0, 2, 11, 0.107076) best (1, 9, 18, 0.115509)
step 5426 score (0, 1, 11, 0.122547) best (1, 9, 18, 0.115509)
step 5427 score (0, 0, 12, 0.113685) best (1, 9, 18, 0.115509)
step 5428 score (0, 0, 13, 0.132015) best (1, 9, 18, 0.115509)
step 5429 score (0, 0, 13, 0.112165) best (1, 9, 18, 0.115509)
step 5430 score (0, 1, 8, 0.117267) best (1, 9, 18, 0.115509)
step 5431 score (0, 2, 15, 0.124224) best (1, 9, 18, 0.115509)
step 5432 score (0, 1, 14, 0.12538) best (1, 9, 18, 0.115509)
step 5433 score (0, 2, 10, 0.126858) best (1, 9, 18, 0.115509)
step 5434 score (0, 0, 10, 0.113985) best (1, 9, 18, 0.115509)
step 5435 score (0, 1, 8, 0.09705) best (1, 9, 18, 0.115509)
step 5436 score (0, 0, 12, 0.135052) best (1, 9, 18, 0.115509)
step 5437 score (0, 0, 12, 0.116058) best (1, 9, 18, 0.115509)
step 5438 score (0, 0, 12, 0.135052) best (1, 9, 18, 0.115509)
step 5439 score (0, 0, 9, 0.122033) best (1, 9, 18, 0.115509)
step 5440 score (0, 0, 13, 0.131563) best (1, 9, 18, 0.115509)
step 5441 score (0, 0, 12, 0.12969) best (1, 9, 18, 0.115509)
step 5442 score (0, 0, 11, 0.126067) best (1, 9, 18, 0.115509)
step 5443 score (0, 0, 14, 0.11734) best (1, 9, 18, 0.115509)
step 5444 score (0, 1, 12, 0.128877) best (1, 9, 18, 0.115509)
step 5445 score (0, 1, 14, 0.132566) best (1, 9, 18, 0.115509)
step 5446 score (0, 1, 13, 0.132051) best (1, 9, 18, 0.115509)
step 5447 score (0, 0, 14, 0.121937) best (1, 9, 18, 0.115509)
step 5448 score (0, 1, 15, 0.136441) best (1, 9, 18, 0.115509)
step 5449 score (0, 3, 14, 0.132717) best (1, 9, 18, 0.115509)
step 5450 score (0, 4, 11, 0.113225) best (1, 9, 18, 0.115509)
step 5451 score (0, 3, 14, 0.132717) best (1, 9, 18, 0.115509)
step 5452 score (0, 3, 12, 0.115113) best (1, 9, 18, 0.115509)
step 5453 score (0, 2, 13, 0.128969) best (1, 9, 18, 0.115509)
step 5454 score (0, 3, 17, 0.121512) best (1, 9, 18, 0.115509)
step 5455 score (0, 6, 15, 0.129061) best (1, 9, 18, 0.115509)
step 5456 score (0, 3, 17, 0.121512) best (1, 9, 18, 0.115509)
step 5457 score (0, 2, 13, 0.128969) best (1, 9, 18, 0.115509)
step 5458 score (0, 3, 12, 0.115113) best (1, 9, 18, 0.115509)
step 5459 score (0, 0, 13, 0.106374) best (1, 9, 18, 0.115509)
step 5460 score (0, 0, 9, 0.109007) best (1, 9, 18, 0.115509)
step 5461 score (0, 5, 11, 0.104066) best (1, 9, 18, 0.115509)
step 5462 score (0, 1, 11, 0.102074) best (1, 9, 18, 0.115509)
step 5463 score (0, 1, 10, 0.110652) best (1, 9, 18, 0.115509)
step 5464 score (0, 1, 11, 0.102074) best (1, 9, 18, 0.115509)
step 5465 score (0, 0, 13, 0.102592) best (1, 9, 18, 0.115509)
step 5466 score (0, 3, 12, 0.097507) best (1, 9, 18, 0.115509)
step 5467 score (0, 0, 14, 0.105531) best (1, 9, 18, 0.115509)
step 5468 score (0, 0, 13, 0.123361) best (1, 9, 18, 0.115509)
step 5469 score (0, 0, 16, 0.137195) best (1, 9, 18, 0.115509)
step 5470 score (0, 3, 12, 0.08993) best (1, 9, 18, 0.115509)
step 5471 score (0, 2, 10, 0.104618) best (1, 9, 18, 0.115509)
step 5472 score (0, 3, 12, 0.08993) best (1, 9, 18, 0.115509)
step 5473 score (0, 1, 11, 0.134531) best (1, 9, 18, 0.115509)
step 5474 score (0, 4, 14, 0.104944) best (1, 9, 18, 0.115509)
step 5475 score (0, 3, 16, 0.120609) best (1, 9, 18, 0.115509)
step 5476 score (0, 2, 13, 0.122914) best (1, 9, 18, 0.115509)
step 5477 score (0, 2, 11, 0.133498) best (1, 9, 18, 0.115509)
step 5478 score (0, 0, 14, 0.123715) best (1, 9, 18, 0.115509)
step 5479 score (0, 0, 14, 0.113183) best (1, 9, 18, 0.115509)
step 5480 score (0, 0, 16, 0.117359) best (1, 9, 18, 0.115509)
step 5481 score (0, 4, 14, 0.11724) best (1, 9, 18, 0.115509)
step 5482 score (0, 6, 15, 0.118902) best (1, 9, 18, 0.115509)
step 5483 score (0, 5, 16, 0.150711) best (1, 9, 18, 0.115509)
step 5484 score (0, 6, 15, 0.118902) best (1, 9, 18, 0.115509)
step 5485 score (0, 3, 17, 0.126023) best (1, 9, 18, 0.115509)
step 5486 score (0, 0, 14, 0.096487) best (1, 9, 18, 0.115509)
step 5487 score (0, 0, 14, 0.124322) best (1, 9, 18, 0.115509)
step 5488 score (0, 0, 15, 0.142068) best (1, 9, 18, 0.115509)
step 5489 score (0, 0, 14, 0.124322) best (1, 9, 18, 0.115509)
step 5490 score (0, 5, 18, 0.134963) best (1, 9, 18, 0.115509)
step 5491 score (0, 2, 9, 0.113248) best (1, 9, 18, 0.115509)
step 5492 score (0, 5, 18, 0.134963) best (1, 9, 18, 0.115509)
step 5493 score (0, 3, 17, 0.126023) best (1, 9, 18, 0.115509)
step 5494 score (0, 6, 15, 0.118902) best (1, 9, 18, 0.115509)
step 5495 score (0, 2, 13, 0.122223) best (1, 9, 18, 0.115509)
step 5496 score (0, 1, 16, 0.168116) best (1, 9, 18, 0.115509)
step 5497 score (0, 5, 16, 0.150711) best (1, 9, 18, 0.115509)
step 5498 score (0, 3, 15, 0.130473) best (1, 9, 18, 0.115509)
step 5499 score (0, 1, 16, 0.132771) best (1, 9, 18, 0.115509)
step 5500 score (0, 3, 15, 0.130473) best (1, 9, 18, 0.115509)
step 5501 score (0, 5, 16, 0.150711) best (1, 9, 18, 0.115509)
step 5502 score (0, 2, 15, 0.126545) best (1, 9, 18, 0.115509)
step 5503 score (0, 2, 13, 0.120642) best (1, 9, 18, 0.115509)
step 5504 score (0, 2, 15, 0.126545) best (1, 9, 18, 0.115509)
step 5505 score (0, 5, 16, 0.150711) best (1, 9, 18, 0.115509)
step 5506 score (0, 6, 15, 0.118902) best (1, 9, 18, 0.115509)
step 5507 score (0, 4, 16, 0.117868) best (1, 9, 18, 0.115509)
CERTIFICATE 90548a77f0e4d37b
step 5508 score (1, 3, 16, 0.155272) best (1, 9, 18, 0.115509)
step 5509 score (0, 1, 11, 0.14243) best (1, 9, 18, 0.115509)
step 5510 score (0, 0, 14, 0.113419) best (1, 9, 18, 0.115509)
step 5511 score (0, 3, 9, 0.091987) best (1, 9, 18, 0.115509)
step 5512 score (0, 0, 11, 0.085629) best (1, 9, 18, 0.115509)
step 5513 score (0, 3, 9, 0.091987) best (1, 9, 18, 0.115509)
step 5514 score (0, 0, 14, 0.1176) best (1, 9, 18, 0.115509)
step 5515 score (0, 0, 14, 0.125771) best (1, 9, 18, 0.115509)
step 5516 score (0, 0, 13, 0.12413) best (1, 9, 18, 0.115509)
step 5517 score (0, 0, 16, 0.142883) best (1, 9, 18, 0.115509)
step 5518 score (0, 0, 14, 0.13785) best (1, 9, 18, 0.115509)
step 5519 score (0, 2, 13, 0.111544) best (1, 9, 18, 0.115509)
step 5520 score (0, 0, 10, 0.125868) best (1, 9, 18, 0.115509)
step 5521 score (0, 0, 15, 0.159578) best (1, 9, 18, 0.115509)
step 5522 score (0, 0, 13, 0.129606) best (1, 9, 18, 0.115509)
step 5523 score (0, 0, 15, 0.159578) best (1, 9, 18, 0.115509)
step 5524 score (0, 0, 15, 0.142938) best (1, 9, 18, 0.115509)
step 5525 score (0, 3, 15, 0.154892) best (1, 9, 18, 0.115509)
step 5526 score (0, 0, 15, 0.142938) best (1, 9, 18, 0.115509)
step 5527 score (0, 3, 9, 0.123614) best (1, 9, 18, 0.115509)
step 5528 score (0, 1, 13, 0.119725) best (1, 9, 18, 0.115509)
step 5529 score (0, 3, 9, 0.123614) best (1, 9, 18, 0.115509)
step 5530 score (0, 3, 12, 0.131769) best (1, 9, 18, 0.115509)
step 5531 score (0, 3, 16, 0.153637) best (1, 9, 18, 0.115509)
step 5532 score (0, 2, 15, 0.137954) best (1, 9, 18, 0.115509)
step 5533 score (0, 2, 13, 0.129511) best (1, 9, 18, 0.115509)
step 5534 score (0, 1, 16, 0.129989) best (1, 9, 18, 0.115509)
step 5535 score (0, 1, 16, 0.126292) best (1, 9, 18, 0.115509)
step 5536 score (0, 1, 16, 0.129989) best (1, 9, 18, 0.115509)
step 5537 score (0, 3, 15, 0.128965) best (1, 9, 18, 0.115509)
step 5538 score (0, 3, 16, 0.157476) best (1, 9, 18, 0.115509)
step 5539 score (0, 3, 15, 0.128965) best (1, 9, 18, 0.115509)
step 5540 score (0, 1, 17, 0.126981) best (1, 9, 18, 0.115509)
step 5541 score (0, 1, 16, 0.140318) best (1, 9, 18, 0.115509)
step 5542 score (0, 2, 16, 0.11992) best (1, 9, 18, 0.115509)
step 5543 score (0, 1, 16, 0.140318) best (1, 9, 18, 0.115509)
step 5544 score (0, 1, 17, 0.126981) best (1, 9, 18, 0.115509)
step 5545 score (0, 3, 15, 0.128965) best (1, 9, 18, 0.115509)
step 5546 score (0, 1, 12, 0.120165) best (1, 9, 18, 0.115509)
step 5547 score (0, 1, 8, 0.109988) best (1, 9, 18, 0.115509)
step 5548 score (0, 1, 12, 0.120165) best (1, 9, 18, 0.115509)
step 5549 score (0, 0, 12, 0.121536) best (1, 9, 18, 0.115509)
step 5550 score (0, 2, 10, 0.113917) best (1, 9, 18, 0.115509)
step 5551 score (0, 2, 15, 0.119306) best (1, 9, 18, 0.115509)
step 5552 score (0, 4, 14, 0.108081) best (1, 9, 18, 0.115509)
step 5553 score (0, 2, 15, 0.119306) best (1, 9, 18, 0.115509)
step 5554 score (0, 0, 14, 0.14863) best (1, 9, 18, 0.115509)
step 5555 score (0, 1, 16, 0.125768) best (1, 9, 18, 0.115509)
step 5556 score (0, 4, 13, 0.161527) best (1, 9, 18, 0.115509)
step 5557 score (0, 3, 17, 0.165315) best (1, 9, 18, 0.115509)
step 5558 score (0, 1, 15, 0.138035) best (1, 9, 18, 0.115509)
step 5559 score (0, 3, 17, 0.165315) best (1, 9, 18, 0.115509)
step 5560 score (0, 4, 13, 0.161527) best (1, 9, 18, 0.115509)
step 5561 score (0, 0, 15, 0.124708) best (1, 9, 18, 0.115509)
step 5562 score (0, 4, 13, 0.161527) best (1, 9, 18, 0.115509)
step 5563 score (0, 3, 17, 0.165315) best (1, 9, 18, 0.115509)
step 5564 score (0, 1, 16, 0.137209) best (1, 9, 18, 0.115509)
step 5565 score (0, 2, 16, 0.142356) best (1, 9, 18, 0.115509)
step 5566 score (0, 1, 16, 0.137209) best (1, 9, 18, 0.115509)
step 5567 score (0, 1, 14, 0.123539) best (1, 9, 18, 0.115509)
step 5568 score (0, 0, 16, 0.134786) best (1, 9, 18, 0.115509)
step 5569 score (0, 3, 17, 0.165315) best (1, 9, 18, 0.115509)
step 5570 score (0, 4, 13, 0.161527) best (1, 9, 18, 0.115509)
step 5571 score (0, 1, 16, 0.125768) best (1, 9, 18, 0.115509)
step 5572 score (0, 1, 9, 0.120462) best (1, 9, 18, 0.115509)
step 5573 score (0, 1, 14, 0.116997) best (1, 9, 18, 0.115509)
step 5574 score (0, 1, 9, 0.09967) best (1, 9, 18, 0.115509)
step 5575 score (0, 0, 13, 0.118435) best (1, 9, 18, 0.115509)
step 5576 score (0, 1, 13, 0.130795) best (1, 9, 18, 0.115509)
step 5577 score (0, 1, 10, 0.128691) best (1, 9, 18, 0.115509)
step 5578 score (0, 0, 11, 0.116343) best (1, 9, 18, 0.115509)
step 5579 score (0, 1, 10, 0.128691) best (1, 9, 18, 0.115509)
step 5580 score (0, 0, 11, 0.108123) best (1, 9, 18, 0.115509)
step 5581 score (0, 0, 11, 0.09543) best (1, 9, 18, 0.115509)
step 5582 score (0, 2, 16, 0.116967) best (1, 9, 18, 0.115509)
step 5583 score (0, 2, 16, 0.137969) best (1, 9, 18, 0.115509)
step 5584 score (0, 3, 13, 0.113784) best (1, 9, 18, 0.115509)
step 5585 score (0, 1, 15, 0.106249) best (1, 9, 18, 0.115509)
step 5586 score (0, 2, 16, 0.116967) best (1, 9, 18, 0.115509)
step 5587 score (0, 2, 16, 0.137969) best (1, 9, 18, 0.115509)
step 5588 score (0, 2, 14, 0.121471) best (1, 9, 18, 0.115509)
step 5589 score (0, 4, 16, 0.139631) best (1, 9, 18, 0.115509)
step 5590 score (0, 3, 16, 0.137896) best (1, 9, 18, 0.115509)
step 5591 score (0, 4, 16, 0.139631) best (1, 9, 18, 0.115509)
step 5592 score (0, 2, 14, 0.121471) best (1, 9, 18, 0.115509)
step 5593 score (0, 2, 16, 0.137969) best (1, 9, 18, 0.115509)
step 5594 score (0, 3, 13, 0.113784) best (1, 9, 18, 0.115509)
step 5595 score (0, 0, 13, 0.139791) best (1, 9, 18, 0.115509)
step 5596 score (0, 4, 12, 0.110177) best (1, 9, 18, 0.115509)
step 5597 score (0, 5, 13, 0.121713) best (1, 9, 18, 0.115509)
step 5598 score (0, 1, 17, 0.118677) best (1, 9, 18, 0.115509)
step 5599 score (0, 2, 15, 0.129353) best (1, 9, 18, 0.115509)
step 5600 score (0, 3, 18, 0.150243) best (1, 9, 18, 0.115509)
step 5601 score (0, 9, 18, 0.148404) best (1, 9, 18, 0.115509)
step 5602 score (0, 14, 18, 0.154121) best (1, 9, 18, 0.115509)
step 5603 score (0, 10, 18, 0.143613) best (1, 9, 18, 0.115509)
step 5604 score (0, 5, 18, 0.165179) best (1, 9, 18, 0.115509)
step 5605 score (0, 5, 15, 0.109793) best (1, 9, 18, 0.115509)
step 5606 score (0, 5, 18, 0.165179) best (1, 9, 18, 0.115509)
step 5607 score (0, 10, 18, 0.143613) best (1, 9, 18, 0.115509)
step 5608 score (0, 14, 18, 0.154121) best (1, 9, 18, 0.115509)
step 5609 score (0, 9, 18, 0.148404) best (1, 9, 18, 0.115509)
step 5610 score (0, 5, 18, 0.154887) best (1, 9, 18, 0.115509)
step 5611 score (0, 7, 17, 0.166002) best (1, 9, 18, 0.115509)
step 5612 score (0, 6, 16, 0.168877) best (1, 9, 18, 0.115509)
step 5613 score (0, 2, 17, 0.152942) best (1, 9, 18, 0.115509)
step 5614 score (0, 6, 16, 0.115342) best (1, 9, 18, 0.115509)
step 5615 score (0, 6, 17, 0.146185) best (1, 9, 18, 0.115509)
step 5616 score (0, 5, 17, 0.153979) best (1, 9, 18, 0.115509)
step 5617 score (0, 8, 16, 0.175886) best (1, 9, 18, 0.115509)
step 5618 score (0, 6, 16, 0.168877) best (1, 9, 18, 0.115509)
step 5619 score (0, 8, 18, 0.211423) best (1, 9, 18, 0.115509)
step 5620 score (0, 10, 18, 0.202581) best (1, 9, 18, 0.115509)
step 5621 score (0, 14, 18, 0.187955) best (1, 9, 18, 0.115509)
step 5622 score (0, 10, 18, 0.202581) best (1, 9, 18, 0.115509)
step 5623 score (0, 12, 18, 0.177658) best (1, 9, 18, 0.115509)
step 5624 score (0, 10, 18, 0.202581) best (1, 9, 18, 0.115509)
step 5625 score (0, 8, 18, 0.211423) best (1, 9, 18, 0.115509)
step 5626 score (0, 6, 16, 0.168877) best (1, 9, 18, 0.115509)
step 5627 score (0, 3, 18, 0.153981) best (1, 9, 18, 0.115509)
step 5628 score (0, 6, 16, 0.168877) best (1, 9, 18, 0.115509)
step 5629 score (0, 8, 16, 0.175886) best (1, 9, 18, 0.115509)
step 5630 score (0, 5, 16, 0.162932) best (1, 9, 18, 0.115509)
step 5631 score (0, 9, 18, 0.148404) best (1, 9, 18, 0.115509)
step 5632 score (0, 14, 18, 0.154121) best (1, 9, 18, 0.115509)
step 5633 score (0, 9, 18, 0.148404) best (1, 9, 18, 0.115509)
step 5634 score (0, 5, 16, 0.162932) best (1, 9, 18, 0.115509)
step 5635 score (0, 9, 18, 0.149677) best (1, 9, 18, 0.115509)
step 5636 score (0, 7, 16, 0.125188) best (1, 9, 18, 0.115509)
step 5637 score (0, 7, 16, 0.142361) best (1, 9, 18, 0.115509)
step 5638 score (0, 8, 18, 0.155604) best (1, 9, 18, 0.115509)
step 5639 score (0, 7, 16, 0.142361) best (1, 9, 18, 0.115509)
step 5640 score (0, 5, 18, 0.170472) best (1, 9, 18, 0.115509)
step 5641 score (0, 9, 18, 0.149677) best (1, 9, 18, 0.115509)
step 5642 score (0, 7, 16, 0.125188) best (1, 9, 18, 0.115509)
step 5643 score (0, 1, 18, 0.158343) best (1, 9, 18, 0.115509)
step 5644 score (0, 5, 17, 0.151045) best (1, 9, 18, 0.115509)
step 5645 score (0, 2, 15, 0.135441) best (1, 9, 18, 0.115509)
step 5646 score (0, 5, 17, 0.151045) best (1, 9, 18, 0.115509)
step 5647 score (0, 3, 14, 0.096915) best (1, 9, 18, 0.115509)
step 5648 score (0, 4, 15, 0.123016) best (1, 9, 18, 0.115509)
step 5649 score (0, 5, 14, 0.118928) best (1, 9, 18, 0.115509)
step 5650 score (0, 1, 10, 0.118629) best (1, 9, 18, 0.115509)
step 5651 score (0, 1, 15, 0.142114) best (1, 9, 18, 0.115509)
step 5652 score (0, 6, 14, 0.125827) best (1, 9, 18, 0.115509)
step 5653 score (0, 1, 15, 0.142114) best (1, 9, 18, 0.115509)
step 5654 score (0, 0, 16, 0.151064) best (1, 9, 18, 0.115509)
step 5655 score (0, 1, 15, 0.143187) best (1, 9, 18, 0.115509)
step 5656 score (0, 5, 15, 0.128104) best (1, 9, 18, 0.115509)
step 5657 score (0, 8, 15, 0.135314) best (1, 9, 18, 0.115509)
step 5658 score (0, 0, 14, 0.141387) best (1, 9, 18, 0.115509)
step 5659 score (0, 8, 15, 0.135314) best (1, 9, 18, 0.115509)
step 5660 score (0, 10, 16, 0.204911) best (1, 9, 18, 0.115509)
step 5661 score (0, 8, 16, 0.184908) best (1, 9, 18, 0.115509)
step 5662 score (0, 9, 16, 0.18457) best (1, 9, 18, 0.115509)
step 5663 score (0, 8, 16, 0.195512) best (1, 9, 18, 0.115509)
step 5664 score (0, 4, 15, 0.163984) best (1, 9, 18, 0.115509)
step 5665 score (0, 8, 16, 0.195512) best (1, 9, 18, 0.115509)
step 5666 score (0, 9, 16, 0.18457) best (1, 9, 18, 0.115509)
step 5667 score (0, 3, 16, 0.185243) best (1, 9, 18, 0.115509)
step 5668 score (0, 6, 16, 0.177533) best (1, 9, 18, 0.115509)
step 5669 score (0, 12, 17, 0.183719) best (1, 9, 18, 0.115509)
step 5670 score (0, 10, 17, 0.197989) best (1, 9, 18, 0.115509)
step 5671 score (0, 8, 17, 0.206485) best (1, 9, 18, 0.115509)
step 5672 score (0, 10, 17, 0.192016) best (1, 9, 18, 0.115509)
step 5673 score (0, 6, 16, 0.142767) best (1, 9, 18, 0.115509)
step 5674 score (0, 10, 17, 0.192016) best (1, 9, 18, 0.115509)
step 5675 score (0, 13, 17, 0.181408) best (1, 9, 18, 0.115509)
step 5676 score (0, 10, 17, 0.197989) best (1, 9, 18, 0.115509)
step 5677 score (0, 4, 15, 0.180191) best (1, 9, 18, 0.115509)
step 5678 score (0, 10, 17, 0.197989) best (1, 9, 18, 0.115509)
step 5679 score (0, 13, 17, 0.181408) best (1, 9, 18, 0.115509)
step 5680 score (0, 10, 17, 0.192016) best (1, 9, 18, 0.115509)
step 5681 score (0, 6, 16, 0.142767) best (1, 9, 18, 0.115509)
step 5682 score (0, 9, 16, 0.177016) best (1, 9, 18, 0.115509)
step 5683 score (0, 7, 16, 0.116264) best (1, 9, 18, 0.115509)
step 5684 score (0, 9, 16, 0.177016) best (1, 9, 18, 0.115509)
step 5685 score (0, 7, 9, 0.137829) best (1, 9, 18, 0.115509)
step 5686 score (0, 5, 9, 0.142516) best (1, 9, 18, 0.115509)
step 5687 score (0, 9, 9, 0.135698) best (1, 9, 18, 0.115509)
step 5688 score (0, 5, 9, 0.148801) best (1, 9, 18, 0.115509)
step 5689 score (0, 8, 8, 0.120595) best (1, 9, 18, 0.115509)
step 5690 score (0, 6, 8, 0.138912) best (1, 9, 18, 0.115509)
step 5691 score (0, 3, 9, 0.166398) best (1, 9, 18, 0.115509)
step 5692 score (0, 5, 9, 0.151083) best (1, 9, 18, 0.115509)
step 5693 score (0, 8, 8, 0.120595) best (1, 9, 18, 0.115509)
step 5694 score (0, 1, 8, 0.088006) best (1, 9, 18, 0.115509)
step 5695 score (0, 4, 9, 0.129638) best (1, 9, 18, 0.115509)
step 5696 score (0, 1, 8, 0.088006) best (1, 9, 18, 0.115509)
step 5697 score (0, 8, 8, 0.120595) best (1, 9, 18, 0.115509)
step 5698 score (0, 5, 9, 0.151083) best (1, 9, 18, 0.115509)
step 5699 score (0, 4, 9, 0.166398) best (1, 9, 18, 0.115509)
step 5700 score (0, 5, 9, 0.151083) best (1, 9, 18, 0.115509)
step 5701 score (0, 3, 9, 0.166398) best (1, 9, 18, 0.115509)
step 5702 score (0, 6, 8, 0.138912) best (1, 9, 18, 0.115509)
step 5703 score (0, 8, 8, 0.120595) best (1, 9, 18, 0.115509)
step 5704 score (0, 5, 9, 0.148801) best (1, 9, 18, 0.115509)
step 5705 score (0, 9, 9, 0.135698) best (1, 9, 18, 0.115509)
step 5706 score (0, 5, 9, 0.142516) best (1, 9, 18, 0.115509)
step 5707 score (0, 12, 17, 0.168477) best (1, 9, 18, 0.115509)
step 5708 score (0, 10, 17, 0.192016) best (1, 9, 18, 0.115509)
step 5709 score (0, 8, 17, 0.206485) best (1, 9, 18, 0.115509)
step 5710 score (0, 10, 17, 0.195152) best (1, 9, 18, 0.115509)
step 5711 score (0, 12, 17, 0.183719) best (1, 9, 18, 0.115509)
step 5712 score (0, 8, 14, 0.119324) best (1, 9, 18, 0.115509)
step 5713 score (0, 12, 17, 0.183719) best (1, 9, 18, 0.115509)
step 5714 score (0, 9, 16, 0.18457) best (1, 9, 18, 0.115509)
step 5715 score (0, 8, 16, 0.195512) best (1, 9, 18, 0.115509)
step 5716 score (0, 10, 16, 0.204911) best (1, 9, 18, 0.115509)
step 5717 score (0, 3, 16, 0.19469) best (1, 9, 18, 0.115509)
step 5718 score (0, 2, 16, 0.185374) best (1, 9, 18, 0.115509)
step 5719 score (0, 5, 16, 0.16687) best (1, 9, 18, 0.115509)
step 5720 score (0, 2, 15, 0.152595) best (1, 9, 18, 0.115509)
step 5721 score (0, 8, 17, 0.168598) best (1, 9, 18, 0.115509)
step 5722 score (0, 4, 15, 0.166067) best (1, 9, 18, 0.115509)
step 5723 score (0, 1, 15, 0.164138) best (1, 9, 18, 0.115509)
step 5724 score (0, 2, 17, 0.187581) best (1, 9, 18, 0.115509)
step 5725 score (0, 10, 18, 0.19561) best (1, 9, 18, 0.115509)
step 5726 score (0, 10, 17, 0.174072) best (1, 9, 18, 0.115509)
step 5727 score (0, 6, 10, 0.155069) best (1, 9, 18, 0.115509)
step 5728 score (0, 9, 17, 0.185645) best (1, 9, 18, 0.115509)
step 5729 score (0, 10, 18, 0.19561) best (1, 9, 18, 0.115509)
step 5730 score (0, 8, 16, 0.169199) best (1, 9, 18, 0.115509)
step 5731 score (0, 10, 18, 0.19561) best (1, 9, 18, 0.115509)
step 5732 score (0, 10, 17, 0.174072) best (1, 9, 18, 0.115509)
step 5733 score (0, 8, 17, 0.182974) best (1, 9, 18, 0.115509)
step 5734 score (0, 8, 17, 0.160147) best (1, 9, 18, 0.115509)
step 5735 score (0, 5, 10, 0.145933) best (1, 9, 18, 0.115509)
step 5736 score (0, 7, 10, 0.147323) best (1, 9, 18, 0.115509)
step 5737 score (0, 5, 10, 0.145933) best (1, 9, 18, 0.115509)
step 5738 score (0, 5, 17, 0.170588) best (1, 9, 18, 0.115509)
step 5739 score (0, 6, 17, 0.172325) best (1, 9, 18, 0.115509)
step 5740 score (0, 14, 16, 0.180507) best (1, 9, 18, 0.115509)
step 5741 score (0, 9, 16, 0.203043) best (1, 9, 18, 0.115509)
step 5742 score (0, 7, 17, 0.192784) best (1, 9, 18, 0.115509)
step 5743 score (0, 10, 17, 0.196604) best (1, 9, 18, 0.115509)
step 5744 score (0, 8, 18, 0.207662) best (1, 9, 18, 0.115509)
step 5745 score (0, 8, 17, 0.182974) best (1, 9, 18, 0.115509)
step 5746 score (0, 6, 15, 0.153137) best (1, 9, 18, 0.115509)
step 5747 score (0, 0, 12, 0.108106) best (1, 9, 18, 0.115509)
step 5748 score (0, 4, 16, 0.148241) best (1, 9, 18, 0.115509)
step 5749 score (0, 8, 17, 0.182974) best (1, 9, 18, 0.115509)
step 5750 score (0, 8, 17, 0.160147) best (1, 9, 18, 0.115509)
step 5751 score (0, 6, 18, 0.184182) best (1, 9, 18, 0.115509)
step 5752 score (0, 8, 18, 0.207662) best (1, 9, 18, 0.115509)
step 5753 score (0, 10, 18, 0.19561) best (1, 9, 18, 0.115509)
step 5754 score (0, 10, 17, 0.174072) best (1, 9, 18, 0.115509)
step 5755 score (0, 6, 10, 0.155069) best (1, 9, 18, 0.115509)
step 5756 score (0, 6, 9, 0.147772) best (1, 9, 18, 0.115509)
step 5757 score (0, 6, 13, 0.163921) best (1, 9, 18, 0.115509)
step 5758 score (0, 6, 9, 0.161629) best (1, 9, 18, 0.115509)
step 5759 score (0, 10, 10, 0.169348) best (1, 9, 18, 0.115509)
step 5760 score (0, 6, 9, 0.161629) best (1, 9, 18, 0.115509)
step 5761 score (0, 6, 15, 0.148836) best (1, 9, 18, 0.115509)
step 5762 score (0, 4, 15, 0.158965) best (1, 9, 18, 0.115509)
step 5763 score (0, 3, 15, 0.144814) best (1, 9, 18, 0.115509)
step 5764 score (0, 7, 10, 0.131256) best (1, 9, 18, 0.115509)
step 5765 score (0, 7, 13, 0.150946) best (1, 9, 18, 0.115509)
step 5766 score (0, 14, 16, 0.180507) best (1, 9, 18, 0.115509)
step 5767 score (0, 7, 15, 0.163713) best (1, 9, 18, 0.115509)
step 5768 score (0, 10, 15, 0.17807) best (1, 9, 18, 0.115509)
step 5769 score (0, 3, 15, 0.164211) best (1, 9, 18, 0.115509)
step 5770 score (0, 8, 16, 0.176859) best (1, 9, 18, 0.115509)
step 5771 score (0, 6, 18, 0.184182) best (1, 9, 18, 0.115509)
step 5772 score (0, 8, 18, 0.207662) best (1, 9, 18, 0.115509)
step 5773 score (0, 10, 17, 0.196604) best (1, 9, 18, 0.115509)
step 5774 score (0, 9, 17, 0.185645) best (1, 9, 18, 0.115509)
step 5775 score (0, 8, 17, 0.185575) best (1, 9, 18, 0.115509)
step 5776 score (0, 13, 16, 0.191403) best (1, 9, 18, 0.115509)
step 5777 score (0, 8, 17, 0.18826) best (1, 9, 18, 0.115509)
step 5778 score (0, 8, 17, 0.194734) best (1, 9, 18, 0.115509)
step 5779 score (0, 9, 16, 0.203043) best (1, 9, 18, 0.115509)
step 5780 score (0, 7, 17, 0.192784) best (1, 9, 18, 0.115509)
step 5781 score (0, 10, 17, 0.196604) best (1, 9, 18, 0.115509)
step 5782 score (0, 7, 14, 0.148571) best (1, 9, 18, 0.115509)
step 5783 score (0, 6, 12, 0.119417) best (1, 9, 18, 0.115509)
step 5784 score (0, 6, 12, 0.119149) best (1, 9, 18, 0.115509)
step 5785 score (0, 6, 12, 0.119417) best (1, 9, 18, 0.115509)
step 5786 score (0, 6, 11, 0.109064) best (1, 9, 18, 0.115509)
step 5787 score (0, 5, 11, 0.100379) best (1, 9, 18, 0.115509)
step 5788 score (0, 5, 12, 0.124552) best (1, 9, 18, 0.115509)
step 5789 score (0, 5, 14, 0.128561) best (1, 9, 18, 0.115509)
step 5790 score (0, 7, 13, 0.14812) best (1, 9, 18, 0.115509)
step 5791 score (0, 6, 16, 0.15553) best (1, 9, 18, 0.115509)
step 5792 score (0, 6, 11, 0.119996) best (1, 9, 18, 0.115509)
step 5793 score (0, 5, 15, 0.136619) best (1, 9, 18, 0.115509)
step 5794 score (0, 6, 11, 0.119996) best (1, 9, 18, 0.115509)
step 5795 score (0, 5, 12, 0.116911) best (1, 9, 18, 0.115509)
step 5796 score (0, 0, 12, 0.122318) best (1, 9, 18, 0.115509)
step 5797 score (0, 5, 17, 0.160053) best (1, 9, 18, 0.115509)
step 5798 score (0, 7, 16, 0.15792) best (1, 9, 18, 0.115509)
step 5799 score (0, 5, 17, 0.160053) best (1, 9, 18, 0.115509)
step 5800 score (0, 4, 15, 0.142913) best (1, 9, 18, 0.115509)
step 5801 score (0, 8, 16, 0.156355) best (1, 9, 18, 0.115509)
step 5802 score (0, 6, 16, 0.166213) best (1, 9, 18, 0.115509)
step 5803 score (0, 6, 14, 0.168604) best (1, 9, 18, 0.115509)
step 5804 score (0, 8, 17, 0.163931) best (1, 9, 18, 0.115509)
step 5805 score (0, 9, 15, 0.171637) best (1, 9, 18, 0.115509)
step 5806 score (0, 8, 10, 0.138877) best (1, 9, 18, 0.115509)
step 5807 score (0, 9, 15, 0.171637) best (1, 9, 18, 0.115509)
step 5808 score (0, 8, 18, 0.147095) best (1, 9, 18, 0.115509)
step 5809 score (0, 9, 15, 0.171637) best (1, 9, 18, 0.115509)
step 5810 score (0, 8, 17, 0.163931) best (1, 9, 18, 0.115509)
step 5811 score (0, 9, 15, 0.171637) best (1, 9, 18, 0.115509)
step 5812 score (0, 8, 10, 0.138877) best (1, 9, 18, 0.115509)
step 5813 score (0, 9, 15, 0.171637) best (1, 9, 18, 0.115509)
step 5814 score (0, 8, 17, 0.163931) best (1, 9, 18, 0.115509)
step 5815 score (0, 7, 10, 0.115573) best (1, 9, 18, 0.115509)
step 5816 score (0, 8, 17, 0.163931) best (1, 9, 18, 0.115509)
step 5817 score (0, 9, 15, 0.171637) best (1, 9, 18, 0.115509)
step 5818 score (0, 8, 10, 0.138877) best (1, 9, 18, 0.115509)
step 5819 score (0, 9, 15, 0.171637) best (1, 9, 18, 0.115509)
step 5820 score (0, 8, 10, 0.119072) best (1, 9, 18, 0.115509)
step 5821 score (0, 0, 14, 0.112723) best (1, 9, 18, 0.115509)
step 5822 score (0, 8, 10, 0.119072) best (1, 9, 18, 0.115509)
step 5823 score (0, 9, 15, 0.171637) best (1, 9, 18, 0.115509)
step 5824 score (0, 8, 17, 0.163931) best (1, 9, 18, 0.115509)
step 5825 score (0, 7, 10, 0.115573) best (1, 9, 18, 0.115509)
step 5826 score (0, 5, 11, 0.142405) best (1, 9, 18, 0.115509)
step 5827 score (0, 9, 12, 0.170136) best (1, 9, 18, 0.115509)
step 5828 score (0, 3, 13, 0.162696) best (1, 9, 18, 0.115509)
step 5829 score (0, 2, 15, 0.14329) best (1, 9, 18, 0.115509)
step 5830 score (0, 7, 16, 0.176341) best (1, 9, 18, 0.115509)
step 5831 score (0, 3, 16, 0.135368) best (1, 9, 18, 0.115509)
step 5832 score (0, 3, 13, 0.121251) best (1, 9, 18, 0.115509)
step 5833 score (0, 1, 8, 0.101731) best (1, 9, 18, 0.115509)
step 5834 score (0, 2, 15, 0.120208) best (1, 9, 18, 0.115509)
step 5835 score (0, 2, 11, 0.10401) best (1, 9, 18, 0.115509)
step 5836 score (0, 2, 15, 0.126714) best (1, 9, 18, 0.115509)
step 5837 score (0, 2, 11, 0.132346) best (1, 9, 18, 0.115509)
step 5838 score (0, 1, 13, 0.132612) best (1, 9, 18, 0.115509)
step 5839 score (0, 2, 12, 0.135686) best (1, 9, 18, 0.115509)
step 5840 score (0, 2, 13, 0.111085) best (1, 9, 18, 0.115509)
step 5841 score (0, 6, 13, 0.1144) best (1, 9, 18, 0.115509)
step 5842 score (0, 7, 14, 0.125139) best (1, 9, 18, 0.115509)
step 5843 score (0, 6, 13, 0.117553) best (1, 9, 18, 0.115509)
step 5844 score (0, 5, 14, 0.131558) best (1, 9, 18, 0.115509)
step 5845 score (0, 6, 13, 0.134287) best (1, 9, 18, 0.115509)
step 5846 score (0, 7, 14, 0.125139) best (1, 9, 18, 0.115509)
step 5847 score (0, 4, 11, 0.096661) best (1, 9, 18, 0.115509)
step 5848 score (0, 1, 9, 0.091421) best (1, 9, 18, 0.115509)
step 5849 score (0, 2, 12, 0.09983) best (1, 9, 18, 0.115509)
step 5850 score (0, 3, 10, 0.122217) best (1, 9, 18, 0.115509)
step 5851 score (0, 3, 13, 0.131878) best (1, 9, 18, 0.115509)
step 5852 score (0, 0, 13, 0.143368) best (1, 9, 18, 0.115509)
step 5853 score (0, 1, 14, 0.13273) best (1, 9, 18, 0.115509)
step 5854 score (0, 0, 17, 0.121856) best (1, 9, 18, 0.115509)
step 5855 score (0, 3, 13, 0.131878) best (1, 9, 18, 0.115509)
step 5856 score (0, 4, 13, 0.140016) best (1, 9, 18, 0.115509)
step 5857 score (0, 5, 16, 0.127954) best (1, 9, 18, 0.115509)
step 5858 score (0, 4, 16, 0.117856) best (1, 9, 18, 0.115509)
step 5859 score (0, 0, 17, 0.129891) best (1, 9, 18, 0.115509)
step 5860 score (0, 4, 16, 0.117856) best (1, 9, 18, 0.115509)
step 5861 score (0, 5, 16, 0.127954) best (1, 9, 18, 0.115509)
step 5862 score (0, 1, 14, 0.086648) best (1, 9, 18, 0.115509)
step 5863 score (0, 3, 16, 0.109829) best (1, 9, 18, 0.115509)
step 5864 score (0, 1, 14, 0.086648) best (1, 9, 18, 0.115509)
step 5865 score (0, 1, 14, 0.140053) best (1, 9, 18, 0.115509)
step 5866 score (0, 4, 15, 0.164217) best (1, 9, 18, 0.115509)
step 5867 score (0, 2, 16, 0.147251) best (1, 9, 18, 0.115509)
step 5868 score (0, 3, 14, 0.120324) best (1, 9, 18, 0.115509)
step 5869 score (0, 5, 17, 0.160069) best (1, 9, 18, 0.115509)
step 5870 score (0, 6, 15, 0.139623) best (1, 9, 18, 0.115509)
step 5871 score (0, 5, 17, 0.160069) best (1, 9, 18, 0.115509)
step 5872 score (0, 3, 14, 0.120324) best (1, 9, 18, 0.115509)
step 5873 score (0, 3, 16, 0.130846) best (1, 9, 18, 0.115509)
step 5874 score (0, 5, 15, 0.12318) best (1, 9, 18, 0.115509)
step 5875 score (0, 7, 14, 0.142247) best (1, 9, 18, 0.115509)
step 5876 score (0, 5, 15, 0.12318) best (1, 9, 18, 0.115509)
step 5877 score (0, 9, 14, 0.162885) best (1, 9, 18, 0.115509)
step 5878 score (0, 6, 16, 0.173294) best (1, 9, 18, 0.115509)
step 5879 score (0, 7, 17, 0.170052) best (1, 9, 18, 0.115509)
step 5880 score (0, 8, 17, 0.18198) best (1, 9, 18, 0.115509)
step 5881 score (0, 5, 17, 0.171673) best (1, 9, 18, 0.115509)
step 5882 score (0, 9, 12, 0.159078) best (1, 9, 18, 0.115509)
step 5883 score (0, 7, 17, 0.173531) best (1, 9, 18, 0.115509)
step 5884 score (0, 9, 12, 0.159078) best (1, 9, 18, 0.115509)
step 5885 score (0, 7, 17, 0.170052) best (1, 9, 18, 0.115509)
step 5886 score (0, 7, 17, 0.19813) best (1, 9, 18, 0.115509)
step 5887 score (0, 4, 17, 0.212776) best (1, 9, 18, 0.115509)
step 5888 score (0, 7, 17, 0.19813) best (1, 9, 18, 0.115509)
step 5889 score (0, 7, 17, 0.173531) best (1, 9, 18, 0.115509)
step 5890 score (0, 10, 17, 0.181941) best (1, 9, 18, 0.115509)
step 5891 score (0, 7, 17, 0.194852) best (1, 9, 18, 0.115509)
step 5892 score (0, 5, 17, 0.183932) best (1, 9, 18, 0.115509)
step 5893 score (0, 7, 17, 0.173531) best (1, 9, 18, 0.115509)
step 5894 score (0, 9, 12, 0.159078) best (1, 9, 18, 0.115509)
step 5895 score (0, 4, 15, 0.109392) best (1, 9, 18, 0.115509)
step 5896 score (0, 4, 15, 0.145392) best (1, 9, 18, 0.115509)
step 5897 score (0, 2, 15, 0.179528) best (1, 9, 18, 0.115509)
step 5898 score (0, 4, 16, 0.17309) best (1, 9, 18, 0.115509)
step 5899 score (0, 6, 16, 0.144346) best (1, 9, 18, 0.115509)
step 5900 score (0, 4, 16, 0.17309) best (1, 9, 18, 0.115509)
step 5901 score (0, 2, 15, 0.179528) best (1, 9, 18, 0.115509)
step 5902 score (0, 6, 15, 0.144417) best (1, 9, 18, 0.115509)
step 5903 score (0, 7, 15, 0.115025) best (1, 9, 18, 0.115509)
step 5904 score (0, 6, 14, 0.147209) best (1, 9, 18, 0.115509)
step 5905 score (0, 2, 14, 0.177146) best (1, 9, 18, 0.115509)
step 5906 score (0, 2, 15, 0.168643) best (1, 9, 18, 0.115509)
step 5907 score (0, 4, 9, 0.166398) best (1, 9, 18, 0.115509)
step 5908 score (0, 5, 9, 0.151083) best (1, 9, 18, 0.115509)
step 5909 score (0, 9, 9, 0.135991) best (1, 9, 18, 0.115509)
step 5910 score (0, 5, 9, 0.151083) best (1, 9, 18, 0.115509)
step 5911 score (0, 3, 9, 0.166398) best (1, 9, 18, 0.115509)
step 5912 score (0, 6, 8, 0.138912) best (1, 9, 18, 0.115509)
step 5913 score (0, 6, 16, 0.149159) best (1, 9, 18, 0.115509)
step 5914 score (0, 10, 17, 0.195152) best (1, 9, 18, 0.115509)
step 5915 score (0, 14, 17, 0.171654) best (1, 9, 18, 0.115509)
step 5916 score (0, 7, 17, 0.183459) best (1, 9, 18, 0.115509)
step 5917 score (0, 12, 17, 0.168477) best (1, 9, 18, 0.115509)
step 5918 score (0, 5, 10, 0.145135) best (1, 9, 18, 0.115509)
step 5919 score (0, 8, 17, 0.163176) best (1, 9, 18, 0.115509)
step 5920 score (0, 7, 17, 0.184691) best (1, 9, 18, 0.115509)
step 5921 score (0, 11, 17, 0.17587) best (1, 9, 18, 0.115509)
step 5922 score (0, 9, 14, 0.175174) best (1, 9, 18, 0.115509)
step 5923 score (0, 5, 16, 0.16687) best (1, 9, 18, 0.115509)
step 5924 score (0, 8, 13, 0.154762) best (1, 9, 18, 0.115509)
step 5925 score (0, 3, 14, 0.125826) best (1, 9, 18, 0.115509)
step 5926 score (0, 8, 9, 0.125873) best (1, 9, 18, 0.115509)
step 5927 score (0, 9, 11, 0.11816) best (1, 9, 18, 0.115509)
step 5928 score (0, 8, 9, 0.125873) best (1, 9, 18, 0.115509)
step 5929 score (0, 9, 9, 0.143819) best (1, 9, 18, 0.115509)
step 5930 score (0, 8, 9, 0.125873) best (1, 9, 18, 0.115509)
step 5931 score (0, 9, 11, 0.11816) best (1, 9, 18, 0.115509)
step 5932 score (0, 5, 13, 0.13085) best (1, 9, 18, 0.115509)
step 5933 score (0, 5, 9, 0.137219) best (1, 9, 18, 0.115509)
step 5934 score (0, 5, 9, 0.160244) best (1, 9, 18, 0.115509)
step 5935 score (0, 9, 9, 0.143819) best (1, 9, 18, 0.115509)
step 5936 score (0, 5, 8, 0.115471) best (1, 9, 18, 0.115509)
step 5937 score (0, 3, 14, 0.125826) best (1, 9, 18, 0.115509)
step 5938 score (0, 1, 8, 0.098672) best (1, 9, 18, 0.115509)
step 5939 score (0, 5, 10, 0.155785) best (1, 9, 18, 0.115509)
step 5940 score (0, 2, 9, 0.144018) best (1, 9, 18, 0.115509)
step 5941 score (0, 6, 12, 0.155265) best (1, 9, 18, 0.115509)
step 5942 score (0, 5, 8, 0.121039) best (1, 9, 18, 0.115509)
step 5943 score (0, 2, 8, 0.091582) best (1, 9, 18, 0.115509)
step 5944 score (0, 2, 8, 0.109502) best (1, 9, 18, 0.115509)
step 5945 score (0, 8, 9, 0.119373) best (1, 9, 18, 0.115509)
step 5946 score (0, 4, 9, 0.131322) best (1, 9, 18, 0.115509)
step 5947 score (0, 3, 10, 0.117518) best (1, 9, 18, 0.115509)
step 5948 score (0, 0, 10, 0.106531) best (1, 9, 18, 0.115509)
step 5949 score (0, 1, 10, 0.129112) best (1, 9, 18, 0.115509)
step 5950 score (0, 2, 8, 0.109502) best (1, 9, 18, 0.115509)
step 5951 score (0, 5, 8, 0.132142) best (1, 9, 18, 0.115509)
step 5952 score (0, 2, 14, 0.157213) best (1, 9, 18, 0.115509)
step 5953 score (0, 8, 11, 0.120453) best (1, 9, 18, 0.115509)
step 5954 score (0, 7, 10, 0.130506) best (1, 9, 18, 0.115509)
step 5955 score (0, 8, 17, 0.167469) best (1, 9, 18, 0.115509)
step 5956 score (0, 10, 17, 0.178199) best (1, 9, 18, 0.115509)
step 5957 score (0, 8, 17, 0.166832) best (1, 9, 18, 0.115509)
step 5958 score (0, 9, 12, 0.15262) best (1, 9, 18, 0.115509)
step 5959 score (0, 7, 15, 0.115025) best (1, 9, 18, 0.115509)
step 5960 score (0, 5, 15, 0.151403) best (1, 9, 18, 0.115509)
step 5961 score (0, 5, 8, 0.113643) best (1, 9, 18, 0.115509)
step 5962 score (0, 5, 15, 0.151403) best (1, 9, 18, 0.115509)
step 5963 score (0, 7, 15, 0.115025) best (1, 9, 18, 0.115509)
step 5964 score (0, 5, 10, 0.076952) best (1, 9, 18, 0.115509)
step 5965 score (0, 7, 15, 0.115025) best (1, 9, 18, 0.115509)
step 5966 score (0, 6, 15, 0.144417) best (1, 9, 18, 0.115509)
step 5967 score (0, 2, 15, 0.179528) best (1, 9, 18, 0.115509)
step 5968 score (0, 4, 16, 0.17309) best (1, 9, 18, 0.115509)
step 5969 score (0, 6, 16, 0.144346) best (1, 9, 18, 0.115509)
step 5970 score (0, 4, 12, 0.106726) best (1, 9, 18, 0.115509)
step 5971 score (0, 0, 14, 0.145953) best (1, 9, 18, 0.115509)
step 5972 score (0, 12, 16, 0.183629) best (1, 9, 18, 0.115509)
step 5973 score (0, 10, 16, 0.181529) best (1, 9, 18, 0.115509)
step 5974 score (0, 11, 18, 0.183616) best (1, 9, 18, 0.115509)
step 5975 score (0, 11, 18, 0.193492) best (1, 9, 18, 0.115509)
step 5976 score (0, 10, 18, 0.199319) best (1, 9, 18, 0.115509)
step 5977 score (0, 9, 18, 0.192393) best (1, 9, 18, 0.115509)
step 5978 score (0, 12, 16, 0.183629) best (1, 9, 18, 0.115509)
step 5979 score (0, 10, 16, 0.181529) best (1, 9, 18, 0.115509)
step 5980 score (0, 5, 15, 0.128737) best (1, 9, 18, 0.115509)
step 5981 score (0, 10, 16, 0.181529) best (1, 9, 18, 0.115509)
step 5982 score (0, 11, 16, 0.159114) best (1, 9, 18, 0.115509)
step 5983 score (0, 10, 12, 0.167221) best (1, 9, 18, 0.115509)
step 5984 score (0, 12, 18, 0.181078) best (1, 9, 18, 0.115509)
step 5985 score (0, 12, 18, 0.187064) best (1, 9, 18, 0.115509)
step 5986 score (0, 8, 15, 0.153301) best (1, 9, 18, 0.115509)
step 5987 score (0, 12, 18, 0.187064) best (1, 9, 18, 0.115509)
step 5988 score (0, 12, 18, 0.181078) best (1, 9, 18, 0.115509)
step 5989 score (0, 11, 18, 0.193492) best (1, 9, 18, 0.115509)
step 5990 score (0, 11, 18, 0.183616) best (1, 9, 18, 0.115509)
step 5991 score (0, 9, 17, 0.17533) best (1, 9, 18, 0.115509)
step 5992 score (0, 11, 18, 0.183616) best (1, 9, 18, 0.115509)
step 5993 score (0, 10, 12, 0.167221) best (1, 9, 18, 0.115509)
step 5994 score (0, 11, 16, 0.159114) best (1, 9, 18, 0.115509)
step 5995 score (0, 10, 16, 0.156392) best (1, 9, 18, 0.115509)
step 5996 score (0, 7, 13, 0.111457) best (1, 9, 18, 0.115509)
step 5997 score (0, 2, 13, 0.118677) best (1, 9, 18, 0.115509)
step 5998 score (0, 0, 11, 0.137529) best (1, 9, 18, 0.115509)
step 5999 score (0, 5, 16, 0.168648) best (1, 9, 18, 0.115509)
step 6000 score (0, 2, 11, 0.149337) best (1, 9, 18, 0.115509)
step 6001 score (0, 0, 13, 0.135389) best (1, 9, 18, 0.115509)
step 6002 score (0, 1, 10, 0.117611) best (1, 9, 18, 0.115509)
step 6003 score (0, 2, 13, 0.129075) best (1, 9, 18, 0.115509)
step 6004 score (0, 3, 15, 0.124418) best (1, 9, 18, 0.115509)
step 6005 score (0, 4, 16, 0.147235) best (1, 9, 18, 0.115509)
step 6006 score (0, 5, 16, 0.142032) best (1, 9, 18, 0.115509)
step 6007 score (0, 3, 16, 0.126758) best (1, 9, 18, 0.115509)
step 6008 score (0, 8, 17, 0.1613) best (1, 9, 18, 0.115509)
step 6009 score (0, 6, 10, 0.123071) best (1, 9, 18, 0.115509)
step 6010 score (0, 5, 12, 0.12378) best (1, 9, 18, 0.115509)
step 6011 score (0, 6, 10, 0.123071) best (1, 9, 18, 0.115509)
step 6012 score (0, 8, 17, 0.1613) best (1, 9, 18, 0.115509)
step 6013 score (0, 5, 17, 0.161516) best (1, 9, 18, 0.115509)
step 6014 score (0, 9, 17, 0.145017) best (1, 9, 18, 0.115509)
step 6015 score (0, 9, 17, 0.156637) best (1, 9, 18, 0.115509)
step 6016 score (0, 4, 17, 0.116768) best (1, 9, 18, 0.115509)
step 6017 score (0, 1, 13, 0.139678) best (1, 9, 18, 0.115509)
step 6018 score (0, 9, 16, 0.167005) best (1, 9, 18, 0.115509)
step 6019 score (0, 9, 11, 0.111071) best (1, 9, 18, 0.115509)
step 6020 score (0, 4, 11, 0.135946) best (1, 9, 18, 0.115509)
step 6021 score (0, 6, 13, 0.171285) best (1, 9, 18, 0.115509)
step 6022 score (0, 9, 18, 0.192393) best (1, 9, 18, 0.115509)
step 6023 score (0, 11, 18, 0.183616) best (1, 9, 18, 0.115509)
step 6024 score (0, 11, 18, 0.193492) best (1, 9, 18, 0.115509)
step 6025 score (0, 12, 18, 0.181078) best (1, 9, 18, 0.115509)
step 6026 score (0, 12, 18, 0.187064) best (1, 9, 18, 0.115509)
step 6027 score (0, 10, 18, 0.199319) best (1, 9, 18, 0.115509)
step 6028 score (0, 11, 18, 0.193492) best (1, 9, 18, 0.115509)
step 6029 score (0, 11, 18, 0.183616) best (1, 9, 18, 0.115509)
step 6030 score (0, 9, 17, 0.17533) best (1, 9, 18, 0.115509)
step 6031 score (0, 11, 18, 0.183616) best (1, 9, 18, 0.115509)
step 6032 score (0, 10, 16, 0.181529) best (1, 9, 18, 0.115509)
step 6033 score (0, 9, 15, 0.16785) best (1, 9, 18, 0.115509)
step 6034 score (0, 5, 16, 0.153005) best (1, 9, 18, 0.115509)
step 6035 score (0, 3, 16, 0.120955) best (1, 9, 18, 0.115509)
step 6036 score (0, 2, 14, 0.104963) best (1, 9, 18, 0.115509)
step 6037 score (0, 5, 16, 0.108713) best (1, 9, 18, 0.115509)
step 6038 score (0, 4, 16, 0.134221) best (1, 9, 18, 0.115509)
step 6039 score (0, 5, 16, 0.108713) best (1, 9, 18, 0.115509)
step 6040 score (0, 4, 13, 0.126268) best (1, 9, 18, 0.115509)
step 6041 score (0, 5, 16, 0.108713) best (1, 9, 18, 0.115509)
step 6042 score (0, 6, 15, 0.153383) best (1, 9, 18, 0.115509)
step 6043 score (0, 9, 15, 0.16785) best (1, 9, 18, 0.115509)
step 6044 score (0, 10, 16, 0.181529) best (1, 9, 18, 0.115509)
step 6045 score (0, 5, 15, 0.128737) best (1, 9, 18, 0.115509)
step 6046 score (0, 10, 16, 0.181529) best (1, 9, 18, 0.115509)
step 6047 score (0, 11, 16, 0.159114) best (1, 9, 18, 0.115509)
step 6048 score (0, 5, 13, 0.119112) best (1, 9, 18, 0.115509)
step 6049 score (0, 4, 9, 0.108621) best (1, 9, 18, 0.115509)
step 6050 score (0, 5, 13, 0.119112) best (1, 9, 18, 0.115509)
step 6051 score (0, 1, 12, 0.092997) best (1, 9, 18, 0.115509)
step 6052 score (0, 2, 12, 0.117425) best (1, 9, 18, 0.115509)
step 6053 score (0, 1, 12, 0.137552) best (1, 9, 18, 0.115509)
step 6054 score (0, 4, 16, 0.153744) best (1, 9, 18, 0.115509)
step 6055 score (0, 2, 16, 0.153463) best (1, 9, 18, 0.115509)
step 6056 score (0, 3, 13, 0.136697) best (1, 9, 18, 0.115509)
step 6057 score (0, 1, 6, 0.108052) best (1, 9, 18, 0.115509)
step 6058 score (0, 3, 13, 0.136697) best (1, 9, 18, 0.115509)
step 6059 score (0, 1, 14, 0.121142) best (1, 9, 18, 0.115509)
step 6060 score (0, 5, 14, 0.129357) best (1, 9, 18, 0.115509)
step 6061 score (0, 2, 15, 0.138991) best (1, 9, 18, 0.115509)
step 6062 score (0, 5, 14, 0.129357) best (1, 9, 18, 0.115509)
step 6063 score (0, 2, 14, 0.11776) best (1, 9, 18, 0.115509)
step 6064 score (0, 5, 14, 0.129357) best (1, 9, 18, 0.115509)
step 6065 score (0, 3, 13, 0.133182) best (1, 9, 18, 0.115509)
step 6066 score (0, 3, 13, 0.12606) best (1, 9, 18, 0.115509)
step 6067 score (0, 5, 16, 0.135405) best (1, 9, 18, 0.115509)
step 6068 score (0, 4, 17, 0.145562) best (1, 9, 18, 0.115509)
step 6069 score (0, 5, 17, 0.141352) best (1, 9, 18, 0.115509)
step 6070 score (0, 7, 17, 0.132544) best (1, 9, 18, 0.115509)
step 6071 score (0, 5, 17, 0.141352) best (1, 9, 18, 0.115509)
step 6072 score (0, 7, 17, 0.131283) best (1, 9, 18, 0.115509)
step 6073 score (0, 3, 13, 0.133182) best (1, 9, 18, 0.115509)
step 6074 score (0, 1, 15, 0.106256) best (1, 9, 18, 0.115509)
step 6075 score (0, 7, 17, 0.113811) best (1, 9, 18, 0.115509)
step 6076 score (0, 3, 13, 0.085803) best (1, 9, 18, 0.115509)
step 6077 score (0, 0, 10, 0.105404) best (1, 9, 18, 0.115509)
step 6078 score (0, 1, 7, 0.113302) best (1, 9, 18, 0.115509)
step 6079 score (0, 1, 13, 0.121147) best (1, 9, 18, 0.115509)
step 6080 score (0, 0, 16, 0.142928) best (1, 9, 18, 0.115509)
step 6081 score (0, 1, 16, 0.140198) best (1, 9, 18, 0.115509)
step 6082 score (0, 0, 16, 0.142928) best (1, 9, 18, 0.115509)
step 6083 score (0, 3, 17, 0.129701) best (1, 9, 18, 0.115509)
step 6084 score (0, 1, 7, 0.110951) best (1, 9, 18, 0.115509)
step 6085 score (0, 3, 11, 0.123257) best (1, 9, 18, 0.115509)
step 6086 score (0, 3, 13, 0.150275) best (1, 9, 18, 0.115509)
step 6087 score (0, 3, 14, 0.142789) best (1, 9, 18, 0.115509)
step 6088 score (0, 1, 16, 0.120946) best (1, 9, 18, 0.115509)
step 6089 score (0, 2, 12, 0.11303) best (1, 9, 18, 0.115509)
step 6090 score (0, 4, 16, 0.132924) best (1, 9, 18, 0.115509)
step 6091 score (0, 3, 14, 0.142789) best (1, 9, 18, 0.115509)
step 6092 score (0, 1, 12, 0.146426) best (1, 9, 18, 0.115509)
step 6093 score (0, 6, 14, 0.127342) best (1, 9, 18, 0.115509)
step 6094 score (0, 2, 13, 0.117605) best (1, 9, 18, 0.115509)
step 6095 score (0, 2, 12, 0.121909) best (1, 9, 18, 0.115509)
step 6096 score (0, 3, 15, 0.152835) best (1, 9, 18, 0.115509)
step 6097 score (0, 2, 16, 0.162769) best (1, 9, 18, 0.115509)
step 6098 score (0, 6, 15, 0.165861) best (1, 9, 18, 0.115509)
step 6099 score (0, 9, 17, 0.182472) best (1, 9, 18, 0.115509)
step 6100 score (0, 6, 13, 0.134189) best (1, 9, 18, 0.115509)
step 6101 score (0, 1, 10, 0.129154) best (1, 9, 18, 0.115509)
step 6102 score (0, 3, 10, 0.112844) best (1, 9, 18, 0.115509)
step 6103 score (0, 6, 11, 0.119447) best (1, 9, 18, 0.115509)
step 6104 score (0, 2, 13, 0.129744) best (1, 9, 18, 0.115509)
step 6105 score (0, 8, 14, 0.145466) best (1, 9, 18, 0.115509)
step 6106 score (0, 3, 11, 0.108246) best (1, 9, 18, 0.115509)
step 6107 score (0, 8, 14, 0.145466) best (1, 9, 18, 0.115509)
step 6108 score (0, 6, 14, 0.136396) best (1, 9, 18, 0.115509)
step 6109 score (0, 2, 11, 0.119572) best (1, 9, 18, 0.115509)
CERTIFICATE 54530f8dac2dffa8
step 6110 score (1, 7, 11, 0.112367) best (1, 9, 18, 0.115509)
step 6111 score (0, 3, 14, 0.113891) best (1, 9, 18, 0.115509)
step 6112 score (0, 4, 9, 0.111682) best (1, 9, 18, 0.115509)
step 6113 score (0, 5, 14, 0.104193) best (1, 9, 18, 0.115509)
step 6114 score (0, 2, 13, 0.12628) best (1, 9, 18, 0.115509)
step 6115 score (0, 6, 9, 0.133911) best (1, 9, 18, 0.115509)
step 6116 score (0, 7, 10, 0.092209) best (1, 9, 18, 0.115509)
step 6117 score (0, 4, 13, 0.137779) best (1, 9, 18, 0.115509)
step 6118 score (0, 7, 10, 0.092209) best (1, 9, 18, 0.115509)
step 6119 score (0, 6, 9, 0.133911) best (1, 9, 18, 0.115509)
step 6120 score (0, 6, 11, 0.114634) best (1, 9, 18, 0.115509)
step 6121 score (0, 4, 14, 0.132692) best (1, 9, 18, 0.115509)
step 6122 score (0, 3, 14, 0.135627) best (1, 9, 18, 0.115509)
step 6123 score (0, 3, 10, 0.11245) best (1, 9, 18, 0.115509)
step 6124 score (0, 8, 12, 0.135068) best (1, 9, 18, 0.115509)
step 6125 score (0, 5, 12, 0.143649) best (1, 9, 18, 0.115509)
step 6126 score (0, 6, 14, 0.166191) best (1, 9, 18, 0.115509)
step 6127 score (0, 7, 11, 0.180595) best (1, 9, 18, 0.115509)
step 6128 score (0, 5, 12, 0.147982) best (1, 9, 18, 0.115509)
step 6129 score (0, 8, 9, 0.194166) best (1, 9, 18, 0.115509)
step 6130 score (0, 10, 10, 0.168218) best (1, 9, 18, 0.115509)
step 6131 score (0, 10, 10, 0.138018) best (1, 9, 18, 0.115509)
step 6132 score (0, 10, 12, 0.150257) best (1, 9, 18, 0.115509)
step 6133 score (0, 10, 10, 0.138018) best (1, 9, 18, 0.115509)
step 6134 score (0, 10, 12, 0.150257) best (1, 9, 18, 0.115509)
step 6135 score (0, 10, 10, 0.138018) best (1, 9, 18, 0.115509)
step 6136 score (0, 10, 10, 0.168218) best (1, 9, 18, 0.115509)
step 6137 score (0, 10, 10, 0.133834) best (1, 9, 18, 0.115509)
step 6138 score (0, 10, 10, 0.168218) best (1, 9, 18, 0.115509)
step 6139 score (0, 10, 10, 0.138018) best (1, 9, 18, 0.115509)
step 6140 score (0, 10, 12, 0.150257) best (1, 9, 18, 0.115509)
step 6141 score (0, 10, 10, 0.138018) best (1, 9, 18, 0.115509)
step 6142 score (0, 8, 10, 0.096603) best (1, 9, 18, 0.115509)
step 6143 score (0, 10, 11, 0.131161) best (1, 9, 18, 0.115509)
step 6144 score (0, 8, 10, 0.096603) best (1, 9, 18, 0.115509)
step 6145 score (0, 10, 10, 0.138018) best (1, 9, 18, 0.115509)
step 6146 score (0, 10, 10, 0.168218) best (1, 9, 18, 0.115509)
step 6147 score (0, 9, 9, 0.174878) best (1, 9, 18, 0.115509)
step 6148 score (0, 8, 9, 0.164539) best (1, 9, 18, 0.115509)
step 6149 score (0, 9, 9, 0.174878) best (1, 9, 18, 0.115509)
step 6150 score (0, 8, 9, 0.118635) best (1, 9, 18, 0.115509)
step 6151 score (0, 8, 10, 0.159776) best (1, 9, 18, 0.115509)
step 6152 score (0, 9, 11, 0.155337) best (1, 9, 18, 0.115509)
step 6153 score (0, 8, 10, 0.159776) best (1, 9, 18, 0.115509)
step 6154 score (0, 10, 12, 0.150257) best (1, 9, 18, 0.115509)
step 6155 score (0, 10, 10, 0.138018) best (1, 9, 18, 0.115509)
step 6156 score (0, 10, 10, 0.168218) best (1, 9, 18, 0.115509)
step 6157 score (0, 10, 10, 0.133834) best (1, 9, 18, 0.115509)
step 6158 score (0, 8, 10, 0.096603) best (1, 9, 18, 0.115509)
step 6159 score (0, 8, 10, 0.134934) best (1, 9, 18, 0.115509)
step 6160 score (0, 10, 10, 0.146439) best (1, 9, 18, 0.115509)
step 6161 score (0, 10, 10, 0.133834) best (1, 9, 18, 0.115509)
step 6162 score (0, 10, 10, 0.168218) best (1, 9, 18, 0.115509)
step 6163 score (0, 10, 10, 0.133834) best (1, 9, 18, 0.115509)
step 6164 score (0, 10, 10, 0.146439) best (1, 9, 18, 0.115509)
step 6165 score (0, 10, 10, 0.133834) best (1, 9, 18, 0.115509)
step 6166 score (0, 10, 10, 0.168218) best (1, 9, 18, 0.115509)
step 6167 score (0, 10, 10, 0.138018) best (1, 9, 18, 0.115509)
step 6168 score (0, 10, 12, 0.150257) best (1, 9, 18, 0.115509)
step 6169 score (0, 10, 10, 0.138018) best (1, 9, 18, 0.115509)
step 6170 score (0, 10, 10, 0.168218) best (1, 9, 18, 0.115509)
step 6171 score (0, 10, 10, 0.138018) best (1, 9, 18, 0.115509)
step 6172 score (0, 8, 10, 0.096603) best (1, 9, 18, 0.115509)
step 6173 score (0, 10, 10, 0.138018) best (1, 9, 18, 0.115509)
step 6174 score (0, 10, 12, 0.150257) best (1, 9, 18, 0.115509)
step 6175 score (0, 10, 10, 0.138018) best (1, 9, 18, 0.115509)
step 6176 score (0, 10, 10, 0.168218) best (1, 9, 18, 0.115509)
step 6177 score (0, 10, 10, 0.133834) best (1, 9, 18, 0.115509)
step 6178 score (0, 10, 10, 0.168218) best (1, 9, 18, 0.115509)
step 6179 score (0, 10, 10, 0.133834) best (1, 9, 18, 0.115509)
step 6180 score (0, 10, 10, 0.168218) best (1, 9, 18, 0.115509)
step 6181 score (0, 10, 10, 0.138018) best (1, 9, 18, 0.115509)
step 6182 score (0, 10, 12, 0.150257) best (1, 9, 18, 0.115509)
step 6183 score (0, 10, 10, 0.138018) best (1, 9, 18, 0.115509)
step 6184 score (0, 10, 10, 0.168218) best (1, 9, 18, 0.115509)
step 6185 score (0, 10, 10, 0.138018) best (1, 9, 18, 0.115509)
step 6186 score (0, 10, 12, 0.150257) best (1, 9, 18, 0.115509)
step 6187 score (0, 10, 10, 0.138018) best (1, 9, 18, 0.115509)
step 6188 score (0, 10, 10, 0.168218) best (1, 9, 18, 0.115509)
step 6189 score (0, 10, 10, 0.133834) best (1, 9, 18, 0.115509)
step 6190 score (0, 5, 10, 0.14516) best (1, 9, 18, 0.115509)
step 6191 score (0, 10, 10, 0.133834) best (1, 9, 18, 0.115509)
step 6192 score (0, 10, 10, 0.146439) best (1, 9, 18, 0.115509)
step 6193 score (0, 10, 10, 0.133834) best (1, 9, 18, 0.115509)
step 6194 score (0, 8, 10, 0.096603) best (1, 9, 18, 0.115509)
step 6195 score (0, 10, 10, 0.138018) best (1, 9, 18, 0.115509)
step 6196 score (0, 10, 12, 0.150257) best (1, 9, 18, 0.115509)
step 6197 score (0, 10, 10, 0.138018) best (1, 9, 18, 0.115509)
step 6198 score (0, 10, 12, 0.150257) best (1, 9, 18, 0.115509)
step 6199 score (0, 10, 10, 0.138018) best (1, 9, 18, 0.115509)
step 6200 score (0, 10, 10, 0.168218) best (1, 9, 18, 0.115509)
step 6201 score (0, 10, 10, 0.133834) best (1, 9, 18, 0.115509)
step 6202 score (0, 10, 10, 0.168218) best (1, 9, 18, 0.115509)
step 6203 score (0, 10, 10, 0.138018) best (1, 9, 18, 0.115509)
step 6204 score (0, 10, 10, 0.168218) best (1, 9, 18, 0.115509)
step 6205 score (0, 10, 10, 0.133834) best (1, 9, 18, 0.115509)
step 6206 score (0, 5, 10, 0.14516) best (1, 9, 18, 0.115509)
step 6207 score (0, 6, 10, 0.142851) best (1, 9, 18, 0.115509)
step 6208 score (0, 10, 10, 0.169348) best (1, 9, 18, 0.115509)
step 6209 score (0, 8, 10, 0.142851) best (1, 9, 18, 0.115509)
step 6210 score (0, 10, 10, 0.149954) best (1, 9, 18, 0.115509)
step 6211 score (0, 9, 11, 0.126872) best (1, 9, 18, 0.115509)
step 6212 score (0, 9, 10, 0.121418) best (1, 9, 18, 0.115509)
step 6213 score (0, 8, 10, 0.127461) best (1, 9, 18, 0.115509)
step 6214 score (0, 7, 13, 0.16482) best (1, 9, 18, 0.115509)
step 6215 score (0, 7, 9, 0.142741) best (1, 9, 18, 0.115509)
step 6216 score (0, 7, 13, 0.16482) best (1, 9, 18, 0.115509)
step 6217 score (0, 6, 12, 0.133918) best (1, 9, 18, 0.115509)
step 6218 score (0, 5, 12, 0.135422) best (1, 9, 18, 0.115509)
step 6219 score (0, 6, 13, 0.158918) best (1, 9, 18, 0.115509)
step 6220 score (0, 7, 13, 0.154559) best (1, 9, 18, 0.115509)
step 6221 score (0, 8, 17, 0.171845) best (1, 9, 18, 0.115509)
step 6222 score (0, 7, 13, 0.154559) best (1, 9, 18, 0.115509)
step 6223 score (0, 14, 16, 0.197437) best (1, 9, 18, 0.115509)
step 6224 score (0, 11, 17, 0.188919) best (1, 9, 18, 0.115509)
step 6225 score (0, 14, 16, 0.197437) best (1, 9, 18, 0.115509)
step 6226 score (0, 11, 16, 0.202189) best (1, 9, 18, 0.115509)
step 6227 score (0, 6, 15, 0.162797) best (1, 9, 18, 0.115509)
step 6228 score (0, 5, 9, 0.122664) best (1, 9, 18, 0.115509)
step 6229 score (0, 4, 9, 0.121456) best (1, 9, 18, 0.115509)
step 6230 score (0, 5, 15, 0.159856) best (1, 9, 18, 0.115509)
step 6231 score (0, 14, 16, 0.197437) best (1, 9, 18, 0.115509)
step 6232 score (0, 11, 17, 0.188919) best (1, 9, 18, 0.115509)
step 6233 score (0, 14, 16, 0.197437) best (1, 9, 18, 0.115509)
step 6234 score (0, 7, 15, 0.192941) best (1, 9, 18, 0.115509)
step 6235 score (0, 12, 14, 0.163098) best (1, 9, 18, 0.115509)
step 6236 score (0, 8, 12, 0.154178) best (1, 9, 18, 0.115509)
step 6237 score (0, 6, 10, 0.11983) best (1, 9, 18, 0.115509)
step 6238 score (0, 4, 10, 0.124683) best (1, 9, 18, 0.115509)
step 6239 score (0, 6, 10, 0.11983) best (1, 9, 18, 0.115509)
step 6240 score (0, 8, 17, 0.134962) best (1, 9, 18, 0.115509)
step 6241 score (0, 8, 16, 0.146681) best (1, 9, 18, 0.115509)
step 6242 score (0, 4, 15, 0.152697) best (1, 9, 18, 0.115509)
step 6243 score (0, 2, 15, 0.166268) best (1, 9, 18, 0.115509)
step 6244 score (0, 2, 16, 0.139104) best (1, 9, 18, 0.115509)
step 6245 score (0, 4, 14, 0.122841) best (1, 9, 18, 0.115509)
step 6246 score (0, 5, 16, 0.116911) best (1, 9, 18, 0.115509)
step 6247 score (0, 4, 14, 0.122841) best (1, 9, 18, 0.115509)
step 6248 score (0, 2, 12, 0.114202) best (1, 9, 18, 0.115509)
step 6249 score (0, 4, 14, 0.122841) best (1, 9, 18, 0.115509)
step 6250 score (0, 9, 16, 0.178756) best (1, 9, 18, 0.115509)
step 6251 score (0, 5, 13, 0.155414) best (1, 9, 18, 0.115509)
step 6252 score (0, 13, 16, 0.191403) best (1, 9, 18, 0.115509)
step 6253 score (0, 6, 15, 0.182149) best (1, 9, 18, 0.115509)
step 6254 score (0, 3, 16, 0.172839) best (1, 9, 18, 0.115509)
step 6255 score (0, 2, 14, 0.185395) best (1, 9, 18, 0.115509)
step 6256 score (0, 2, 17, 0.160985) best (1, 9, 18, 0.115509)
step 6257 score (0, 4, 16, 0.165988) best (1, 9, 18, 0.115509)
step 6258 score (0, 7, 13, 0.170376) best (1, 9, 18, 0.115509)
step 6259 score (0, 4, 16, 0.164453) best (1, 9, 18, 0.115509)
step 6260 score (0, 5, 12, 0.152479) best (1, 9, 18, 0.115509)
step 6261 score (0, 6, 14, 0.153258) best (1, 9, 18, 0.115509)
step 6262 score (0, 5, 12, 0.140776) best (1, 9, 18, 0.115509)
step 6263 score (0, 1, 13, 0.14443) best (1, 9, 18, 0.115509)
step 6264 score (0, 5, 12, 0.140776) best (1, 9, 18, 0.115509)
step 6265 score (0, 6, 14, 0.153258) best (1, 9, 18, 0.115509)
step 6266 score (0, 4, 15, 0.136302) best (1, 9, 18, 0.115509)
step 6267 score (0, 2, 13, 0.155313) best (1, 9, 18, 0.115509)
step 6268 score (0, 2, 15, 0.100907) best (1, 9, 18, 0.115509)
step 6269 score (0, 0, 9, 0.106964) best (1, 9, 18, 0.115509)
step 6270 score (0, 6, 15, 0.125994) best (1, 9, 18, 0.115509)
step 6271 score (0, 1, 9, 0.110354) best (1, 9, 18, 0.115509)
step 6272 score (0, 6, 15, 0.125994) best (1, 9, 18, 0.115509)
step 6273 score (0, 9, 16, 0.203043) best (1, 9, 18, 0.115509)
step 6274 score (0, 13, 16, 0.191403) best (1, 9, 18, 0.115509)
step 6275 score (0, 8, 17, 0.18826) best (1, 9, 18, 0.115509)
step 6276 score (0, 8, 17, 0.194734) best (1, 9, 18, 0.115509)
step 6277 score (0, 7, 17, 0.192632) best (1, 9, 18, 0.115509)
step 6278 score (0, 7, 17, 0.181527) best (1, 9, 18, 0.115509)
step 6279 score (0, 8, 17, 0.18826) best (1, 9, 18, 0.115509)
step 6280 score (0, 8, 17, 0.194734) best (1, 9, 18, 0.115509)
step 6281 score (0, 6, 17, 0.172325) best (1, 9, 18, 0.115509)
step 6282 score (0, 14, 16, 0.180507) best (1, 9, 18, 0.115509)
step 6283 score (0, 9, 16, 0.203043) best (1, 9, 18, 0.115509)
step 6284 score (0, 6, 15, 0.125994) best (1, 9, 18, 0.115509)
step 6285 score (0, 7, 15, 0.163187) best (1, 9, 18, 0.115509)
step 6286 score (0, 0, 16, 0.157363) best (1, 9, 18, 0.115509)
step 6287 score (0, 3, 14, 0.164659) best (1, 9, 18, 0.115509)
step 6288 score (0, 3, 14, 0.145851) best (1, 9, 18, 0.115509)
step 6289 score (0, 0, 7, 0.107293) best (1, 9, 18, 0.115509)
step 6290 score (0, 2, 11, 0.111991) best (1, 9, 18, 0.115509)
step 6291 score (0, 0, 10, 0.126085) best (1, 9, 18, 0.115509)
step 6292 score (0, 0, 11, 0.123071) best (1, 9, 18, 0.115509)
step 6293 score (0, 2, 10, 0.148037) best (1, 9, 18, 0.115509)
step 6294 score (0, 2, 9, 0.124732) best (1, 9, 18, 0.115509)
step 6295 score (0, 2, 13, 0.110584) best (1, 9, 18, 0.115509)
step 6296 score (0, 1, 10, 0.106467) best (1, 9, 18, 0.115509)
step 6297 score (0, 0, 10, 0.119565) best (1, 9, 18, 0.115509)
step 6298 score (0, 0, 11, 0.11012) best (1, 9, 18, 0.115509)
step 6299 score (0, 0, 16, 0.145819) best (1, 9, 18, 0.115509)
step 6300 score (0, 4, 15, 0.12304) best (1, 9, 18, 0.115509)
step 6301 score (0, 4, 11, 0.093726) best (1, 9, 18, 0.115509)
step 6302 score (0, 4, 15, 0.12304) best (1, 9, 18, 0.115509)
step 6303 score (0, 2, 13, 0.140574) best (1, 9, 18, 0.115509)
step 6304 score (0, 5, 13, 0.130301) best (1, 9, 18, 0.115509)
step 6305 score (0, 2, 11, 0.104157) best (1, 9, 18, 0.115509)
step 6306 score (0, 1, 11, 0.088298) best (1, 9, 18, 0.115509)
step 6307 score (0, 5, 11, 0.119283) best (1, 9, 18, 0.115509)
step 6308 score (0, 1, 17, 0.140976) best (1, 9, 18, 0.115509)
step 6309 score (0, 1, 17, 0.165861) best (1, 9, 18, 0.115509)
step 6310 score (0, 5, 17, 0.163787) best (1, 9, 18, 0.115509)
step 6311 score (0, 3, 17, 0.178556) best (1, 9, 18, 0.115509)
step 6312 score (0, 7, 18, 0.172267) best (1, 9, 18, 0.115509)
step 6313 score (0, 6, 16, 0.168752) best (1, 9, 18, 0.115509)
step 6314 score (0, 8, 13, 0.174863) best (1, 9, 18, 0.115509)
step 6315 score (0, 3, 16, 0.169156) best (1, 9, 18, 0.115509)
step 6316 score (0, 7, 18, 0.179009) best (1, 9, 18, 0.115509)
step 6317 score (0, 6, 16, 0.168752) best (1, 9, 18, 0.115509)
step 6318 score (0, 8, 13, 0.174863) best (1, 9, 18, 0.115509)
step 6319 score (0, 0, 15, 0.163486) best (1, 9, 18, 0.115509)
step 6320 score (0, 8, 13, 0.174863) best (1, 9, 18, 0.115509)
step 6321 score (0, 7, 10, 0.135494) best (1, 9, 18, 0.115509)
step 6322 score (0, 8, 13, 0.174863) best (1, 9, 18, 0.115509)
step 6323 score (0, 6, 16, 0.168752) best (1, 9, 18, 0.115509)
step 6324 score (0, 9, 10, 0.155291) best (1, 9, 18, 0.115509)
step 6325 score (0, 6, 10, 0.119496) best (1, 9, 18, 0.115509)
step 6326 score (0, 1, 8, 0.135879) best (1, 9, 18, 0.115509)
step 6327 score (0, 5, 9, 0.137467) best (1, 9, 18, 0.115509)
step 6328 score (0, 9, 9, 0.121458) best (1, 9, 18, 0.115509)
step 6329 score (0, 7, 9, 0.137816) best (1, 9, 18, 0.115509)
step 6330 score (0, 5, 17, 0.15318) best (1, 9, 18, 0.115509)
step 6331 score (0, 5, 17, 0.1824) best (1, 9, 18, 0.115509)
step 6332 score (0, 5, 17, 0.15318) best (1, 9, 18, 0.115509)
step 6333 score (0, 6, 16, 0.168752) best (1, 9, 18, 0.115509)
step 6334 score (0, 9, 10, 0.155291) best (1, 9, 18, 0.115509)
step 6335 score (0, 6, 10, 0.119496) best (1, 9, 18, 0.115509)
step 6336 score (0, 3, 17, 0.163058) best (1, 9, 18, 0.115509)
step 6337 score (0, 5, 17, 0.1824) best (1, 9, 18, 0.115509)
step 6338 score (0, 5, 17, 0.15318) best (1, 9, 18, 0.115509)
step 6339 score (0, 4, 11, 0.128607) best (1, 9, 18, 0.115509)
step 6340 score (0, 5, 17, 0.15318) best (1, 9, 18, 0.115509)
step 6341 score (0, 7, 9, 0.137816) best (1, 9, 18, 0.115509)
step 6342 score (0, 5, 17, 0.15318) best (1, 9, 18, 0.115509)
step 6343 score (0, 6, 16, 0.168752) best (1, 9, 18, 0.115509)
step 6344 score (0, 7, 18, 0.179009) best (1, 9, 18, 0.115509)
step 6345 score (0, 6, 16, 0.168752) best (1, 9, 18, 0.115509)
step 6346 score (0, 9, 10, 0.155291) best (1, 9, 18, 0.115509)
step 6347 score (0, 6, 16, 0.168752) best (1, 9, 18, 0.115509)
step 6348 score (0, 5, 17, 0.15318) best (1, 9, 18, 0.115509)
step 6349 score (0, 4, 11, 0.128607) best (1, 9, 18, 0.115509)
step 6350 score (0, 7, 18, 0.172267) best (1, 9, 18, 0.115509)
step 6351 score (0, 9, 16, 0.169411) best (1, 9, 18, 0.115509)
step 6352 score (0, 9, 17, 0.159335) best (1, 9, 18, 0.115509)
step 6353 score (0, 2, 16, 0.159863) best (1, 9, 18, 0.115509)
step 6354 score (0, 3, 15, 0.173472) best (1, 9, 18, 0.115509)
step 6355 score (0, 2, 14, 0.156318) best (1, 9, 18, 0.115509)
step 6356 score (0, 2, 16, 0.148923) best (1, 9, 18, 0.115509)
step 6357 score (0, 11, 17, 0.13957) best (1, 9, 18, 0.115509)
step 6358 score (0, 4, 15, 0.163081) best (1, 9, 18, 0.115509)
step 6359 score (0, 2, 14, 0.156318) best (1, 9, 18, 0.115509)
step 6360 score (0, 2, 14, 0.158618) best (1, 9, 18, 0.115509)
step 6361 score (0, 3, 12, 0.146831) best (1, 9, 18, 0.115509)
step 6362 score (0, 5, 14, 0.160597) best (1, 9, 18, 0.115509)
step 6363 score (0, 5, 16, 0.157139) best (1, 9, 18, 0.115509)
step 6364 score (0, 7, 15, 0.135348) best (1, 9, 18, 0.115509)
step 6365 score (0, 6, 14, 0.156665) best (1, 9, 18, 0.115509)
step 6366 score (0, 7, 15, 0.135348) best (1, 9, 18, 0.115509)
step 6367 score (0, 1, 15, 0.137774) best (1, 9, 18, 0.115509)
step 6368 score (0, 4, 13, 0.126737) best (1, 9, 18, 0.115509)
step 6369 score (0, 5, 16, 0.127086) best (1, 9, 18, 0.115509)
step 6370 score (0, 4, 13, 0.126737) best (1, 9, 18, 0.115509)
step 6371 score (0, 3, 15, 0.158107) best (1, 9, 18, 0.115509)
step 6372 score (0, 5, 15, 0.132829) best (1, 9, 18, 0.115509)
step 6373 score (0, 2, 14, 0.136977) best (1, 9, 18, 0.115509)
step 6374 score (0, 4, 16, 0.166156) best (1, 9, 18, 0.115509)
step 6375 score (0, 1, 11, 0.115648) best (1, 9, 18, 0.115509)
step 6376 score (0, 6, 14, 0.14123) best (1, 9, 18, 0.115509)
step 6377 score (0, 6, 15, 0.166447) best (1, 9, 18, 0.115509)
step 6378 score (0, 7, 13, 0.139937) best (1, 9, 18, 0.115509)
step 6379 score (0, 5, 15, 0.140664) best (1, 9, 18, 0.115509)
step 6380 score (0, 3, 14, 0.121825) best (1, 9, 18, 0.115509)
step 6381 score (0, 5, 16, 0.127086) best (1, 9, 18, 0.115509)
step 6382 score (0, 4, 13, 0.128271) best (1, 9, 18, 0.115509)
step 6383 score (0, 8, 15, 0.130444) best (1, 9, 18, 0.115509)
step 6384 score (0, 5, 14, 0.139927) best (1, 9, 18, 0.115509)
step 6385 score (0, 8, 15, 0.130444) best (1, 9, 18, 0.115509)
step 6386 score (0, 4, 13, 0.128271) best (1, 9, 18, 0.115509)
step 6387 score (0, 2, 14, 0.152072) best (1, 9, 18, 0.115509)
step 6388 score (0, 4, 14, 0.124399) best (1, 9, 18, 0.115509)
step 6389 score (0, 3, 12, 0.128151) best (1, 9, 18, 0.115509)
step 6390 score (0, 1, 9, 0.091103) best (1, 9, 18, 0.115509)
step 6391 score (0, 0, 11, 0.112809) best (1, 9, 18, 0.115509)
step 6392 score (0, 1, 13, 0.129895) best (1, 9, 18, 0.115509)
step 6393 score (0, 0, 14, 0.125675) best (1, 9, 18, 0.115509)
step 6394 score (0, 0, 13, 0.126902) best (1, 9, 18, 0.115509)
step 6395 score (0, 2, 13, 0.145695) best (1, 9, 18, 0.115509)
step 6396 score (0, 1, 12, 0.126089) best (1, 9, 18, 0.115509)
step 6397 score (0, 0, 12, 0.141902) best (1, 9, 18, 0.115509)
step 6398 score (0, 1, 14, 0.163031) best (1, 9, 18, 0.115509)
step 6399 score (0, 5, 13, 0.18575) best (1, 9, 18, 0.115509)
step 6400 score (0, 5, 12, 0.157971) best (1, 9, 18, 0.115509)
step 6401 score (0, 5, 9, 0.163958) best (1, 9, 18, 0.115509)
step 6402 score (0, 10, 17, 0.187073) best (1, 9, 18, 0.115509)
step 6403 score (0, 11, 16, 0.202189) best (1, 9, 18, 0.115509)
step 6404 score (0, 10, 17, 0.187073) best (1, 9, 18, 0.115509)
step 6405 score (0, 11, 17, 0.188919) best (1, 9, 18, 0.115509)
step 6406 score (0, 10, 17, 0.187073) best (1, 9, 18, 0.115509)
step 6407 score (0, 11, 16, 0.202189) best (1, 9, 18, 0.115509)
step 6408 score (0, 14, 16, 0.197437) best (1, 9, 18, 0.115509)
step 6409 score (0, 7, 17, 0.180799) best (1, 9, 18, 0.115509)
step 6410 score (0, 9, 17, 0.189377) best (1, 9, 18, 0.115509)
step 6411 score (0, 7, 15, 0.14319) best (1, 9, 18, 0.115509)
step 6412 score (0, 6, 15, 0.157642) best (1, 9, 18, 0.115509)
step 6413 score (0, 5, 11, 0.13673) best (1, 9, 18, 0.115509)
step 6414 score (0, 6, 15, 0.157642) best (1, 9, 18, 0.115509)
step 6415 score (0, 5, 15, 0.157541) best (1, 9, 18, 0.115509)
step 6416 score (0, 8, 17, 0.183052) best (1, 9, 18, 0.115509)
step 6417 score (0, 11, 16, 0.202189) best (1, 9, 18, 0.115509)
step 6418 score (0, 8, 17, 0.183052) best (1, 9, 18, 0.115509)
step 6419 score (0, 9, 17, 0.191811) best (1, 9, 18, 0.115509)
step 6420 score (0, 8, 18, 0.197002) best (1, 9, 18, 0.115509)
step 6421 score (0, 8, 18, 0.193587) best (1, 9, 18, 0.115509)
step 6422 score (0, 9, 17, 0.189377) best (1, 9, 18, 0.115509)
step 6423 score (0, 7, 15, 0.14319) best (1, 9, 18, 0.115509)
step 6424 score (0, 6, 13, 0.153246) best (1, 9, 18, 0.115509)
step 6425 score (0, 7, 15, 0.163713) best (1, 9, 18, 0.115509)
step 6426 score (0, 14, 16, 0.180507) best (1, 9, 18, 0.115509)
step 6427 score (0, 9, 16, 0.203043) best (1, 9, 18, 0.115509)
step 6428 score (0, 8, 17, 0.194734) best (1, 9, 18, 0.115509)
step 6429 score (0, 7, 15, 0.163187) best (1, 9, 18, 0.115509)
step 6430 score (0, 4, 16, 0.173298) best (1, 9, 18, 0.115509)
step 6431 score (0, 7, 15, 0.163187) best (1, 9, 18, 0.115509)
step 6432 score (0, 8, 17, 0.194734) best (1, 9, 18, 0.115509)
step 6433 score (0, 9, 16, 0.203043) best (1, 9, 18, 0.115509)
step 6434 score (0, 5, 15, 0.163995) best (1, 9, 18, 0.115509)
step 6435 score (0, 3, 13, 0.179778) best (1, 9, 18, 0.115509)
step 6436 score (0, 5, 14, 0.164151) best (1, 9, 18, 0.115509)
step 6437 score (0, 3, 10, 0.129012) best (1, 9, 18, 0.115509)
step 6438 score (0, 1, 8, 0.114087) best (1, 9, 18, 0.115509)
step 6439 score (0, 0, 9, 0.107996) best (1, 9, 18, 0.115509)
step 6440 score (0, 1, 8, 0.114087) best (1, 9, 18, 0.115509)
step 6441 score (0, 3, 10, 0.129012) best (1, 9, 18, 0.115509)
step 6442 score (0, 5, 14, 0.164151) best (1, 9, 18, 0.115509)
step 6443 score (0, 9, 15, 0.156193) best (1, 9, 18, 0.115509)
step 6444 score (0, 6, 8, 0.134831) best (1, 9, 18, 0.115509)
step 6445 score (0, 9, 15, 0.156193) best (1, 9, 18, 0.115509)
step 6446 score (0, 5, 9, 0.141129) best (1, 9, 18, 0.115509)
step 6447 score (0, 5, 9, 0.150908) best (1, 9, 18, 0.115509)
step 6448 score (0, 8, 10, 0.125787) best (1, 9, 18, 0.115509)
step 6449 score (0, 6, 9, 0.132705) best (1, 9, 18, 0.115509)
step 6450 score (0, 7, 9, 0.111339) best (1, 9, 18, 0.115509)
step 6451 score (0, 1, 10, 0.133555) best (1, 9, 18, 0.115509)
step 6452 score (0, 7, 10, 0.120545) best (1, 9, 18, 0.115509)
step 6453 score (0, 6, 10, 0.14851) best (1, 9, 18, 0.115509)
step 6454 score (0, 8, 10, 0.129137) best (1, 9, 18, 0.115509)
step 6455 score (0, 6, 10, 0.141093) best (1, 9, 18, 0.115509)
step 6456 score (0, 7, 13, 0.154798) best (1, 9, 18, 0.115509)
step 6457 score (0, 5, 8, 0.141802) best (1, 9, 18, 0.115509)
step 6458 score (0, 9, 9, 0.164373) best (1, 9, 18, 0.115509)
step 6459 score (0, 7, 9, 0.142613) best (1, 9, 18, 0.115509)
step 6460 score (0, 4, 9, 0.154429) best (1, 9, 18, 0.115509)
step 6461 score (0, 4, 9, 0.118171) best (1, 9, 18, 0.115509)
step 6462 score (0, 4, 9, 0.154429) best (1, 9, 18, 0.115509)
step 6463 score (0, 4, 9, 0.182619) best (1, 9, 18, 0.115509)
step 6464 score (0, 9, 9, 0.164373) best (1, 9, 18, 0.115509)
step 6465 score (0, 7, 9, 0.142613) best (1, 9, 18, 0.115509)
step 6466 score (0, 9, 9, 0.164373) best (1, 9, 18, 0.115509)
step 6467 score (0, 7, 9, 0.14076) best (1, 9, 18, 0.115509)
step 6468 score (0, 9, 11, 0.148932) best (1, 9, 18, 0.115509)
step 6469 score (0, 7, 9, 0.14076) best (1, 9, 18, 0.115509)
step 6470 score (0, 9, 9, 0.164373) best (1, 9, 18, 0.115509)
step 6471 score (0, 7, 9, 0.142613) best (1, 9, 18, 0.115509)
step 6472 score (0, 9, 9, 0.105014) best (1, 9, 18, 0.115509)
step 6473 score (0, 4, 9, 0.118171) best (1, 9, 18, 0.115509)
step 6474 score (0, 8, 9, 0.106479) best (1, 9, 18, 0.115509)
step 6475 score (0, 9, 9, 0.148433) best (1, 9, 18, 0.115509)
step 6476 score (0, 5, 9, 0.158209) best (1, 9, 18, 0.115509)
step 6477 score (0, 5, 13, 0.180128) best (1, 9, 18, 0.115509)
step 6478 score (0, 10, 14, 0.172419) best (1, 9, 18, 0.115509)
step 6479 score (0, 10, 12, 0.141084) best (1, 9, 18, 0.115509)
step 6480 score (0, 10, 14, 0.172419) best (1, 9, 18, 0.115509)
step 6481 score (0, 10, 12, 0.141084) best (1, 9, 18, 0.115509)
step 6482 score (0, 9, 13, 0.169061) best (1, 9, 18, 0.115509)
step 6483 score (0, 10, 12, 0.141084) best (1, 9, 18, 0.115509)
step 6484 score (0, 10, 14, 0.172419) best (1, 9, 18, 0.115509)
step 6485 score (0, 10, 10, 0.169232) best (1, 9, 18, 0.115509)
step 6486 score (0, 10, 10, 0.189061) best (1, 9, 18, 0.115509)
step 6487 score (0, 10, 10, 0.205578) best (1, 9, 18, 0.115509)
step 6488 score (0, 10, 10, 0.189061) best (1, 9, 18, 0.115509)
step 6489 score (0, 10, 10, 0.172301) best (1, 9, 18, 0.115509)
step 6490 score (0, 8, 9, 0.178798) best (1, 9, 18, 0.115509)
step 6491 score (0, 8, 9, 0.152997) best (1, 9, 18, 0.115509)
step 6492 score (0, 5, 9, 0.158209) best (1, 9, 18, 0.115509)
step 6493 score (0, 9, 9, 0.148433) best (1, 9, 18, 0.115509)
step 6494 score (0, 9, 9, 0.175961) best (1, 9, 18, 0.115509)
step 6495 score (0, 9, 9, 0.145952) best (1, 9, 18, 0.115509)
step 6496 score (0, 9, 9, 0.175961) best (1, 9, 18, 0.115509)
step 6497 score (0, 9, 9, 0.148433) best (1, 9, 18, 0.115509)
step 6498 score (0, 9, 11, 0.165007) best (1, 9, 18, 0.115509)
step 6499 score (0, 9, 9, 0.148433) best (1, 9, 18, 0.115509)
step 6500 score (0, 5, 9, 0.164501) best (1, 9, 18, 0.115509)
step 6501 score (0, 10, 11, 0.125829) best (1, 9, 18, 0.115509)
step 6502 score (0, 7, 10, 0.13832) best (1, 9, 18, 0.115509)
step 6503 score (0, 7, 11, 0.105563) best (1, 9, 18, 0.115509)
step 6504 score (0, 7, 10, 0.13832) best (1, 9, 18, 0.115509)
step 6505 score (0, 5, 9, 0.164051) best (1, 9, 18, 0.115509)
step 6506 score (0, 9, 9, 0.175961) best (1, 9, 18, 0.115509)
step 6507 score (0, 9, 9, 0.148433) best (1, 9, 18, 0.115509)
step 6508 score (0, 9, 9, 0.175961) best (1, 9, 18, 0.115509)
step 6509 score (0, 9, 9, 0.148433) best (1, 9, 18, 0.115509)
step 6510 score (0, 9, 11, 0.165007) best (1, 9, 18, 0.115509)
step 6511 score (0, 9, 9, 0.148433) best (1, 9, 18, 0.115509)
step 6512 score (0, 8, 9, 0.106479) best (1, 9, 18, 0.115509)
step 6513 score (0, 8, 9, 0.143224) best (1, 9, 18, 0.115509)
step 6514 score (0, 9, 9, 0.154349) best (1, 9, 18, 0.115509)
step 6515 score (0, 8, 9, 0.145952) best (1, 9, 18, 0.115509)
step 6516 score (0, 3, 9, 0.154429) best (1, 9, 18, 0.115509)
step 6517 score (0, 4, 9, 0.118171) best (1, 9, 18, 0.115509)
step 6518 score (0, 9, 9, 0.105014) best (1, 9, 18, 0.115509)
step 6519 score (0, 9, 9, 0.140249) best (1, 9, 18, 0.115509)
step 6520 score (0, 9, 9, 0.145713) best (1, 9, 18, 0.115509)
step 6521 score (0, 5, 10, 0.113959) best (1, 9, 18, 0.115509)
step 6522 score (0, 8, 10, 0.129137) best (1, 9, 18, 0.115509)
step 6523 score (0, 6, 10, 0.14851) best (1, 9, 18, 0.115509)
step 6524 score (0, 7, 10, 0.120545) best (1, 9, 18, 0.115509)
step 6525 score (0, 1, 10, 0.144649) best (1, 9, 18, 0.115509)
step 6526 score (0, 7, 10, 0.120545) best (1, 9, 18, 0.115509)
step 6527 score (0, 6, 10, 0.14851) best (1, 9, 18, 0.115509)
step 6528 score (0, 2, 10, 0.108643) best (1, 9, 18, 0.115509)
step 6529 score (0, 2, 8, 0.136564) best (1, 9, 18, 0.115509)
step 6530 score (0, 7, 8, 0.122689) best (1, 9, 18, 0.115509)
step 6531 score (0, 5, 9, 0.13874) best (1, 9, 18, 0.115509)
step 6532 score (0, 7, 11, 0.125961) best (1, 9, 18, 0.115509)
step 6533 score (0, 1, 11, 0.124569) best (1, 9, 18, 0.115509)
step 6534 score (0, 7, 11, 0.125961) best (1, 9, 18, 0.115509)
step 6535 score (0, 6, 9, 0.135382) best (1, 9, 18, 0.115509)
step 6536 score (0, 7, 11, 0.125961) best (1, 9, 18, 0.115509)
step 6537 score (0, 5, 9, 0.13874) best (1, 9, 18, 0.115509)
step 6538 score (0, 4, 9, 0.126075) best (1, 9, 18, 0.115509)
step 6539 score (0, 4, 9, 0.118589) best (1, 9, 18, 0.115509)
step 6540 score (0, 3, 11, 0.109314) best (1, 9, 18, 0.115509)
step 6541 score (0, 5, 10, 0.119535) best (1, 9, 18, 0.115509)
step 6542 score (0, 8, 13, 0.153198) best (1, 9, 18, 0.115509)
step 6543 score (0, 11, 13, 0.154095) best (1, 9, 18, 0.115509)
step 6544 score (0, 6, 14, 0.163704) best (1, 9, 18, 0.115509)
step 6545 score (0, 7, 14, 0.175534) best (1, 9, 18, 0.115509)
step 6546 score (0, 8, 13, 0.154762) best (1, 9, 18, 0.115509)
step 6547 score (0, 6, 12, 0.155265) best (1, 9, 18, 0.115509)
step 6548 score (0, 7, 9, 0.159654) best (1, 9, 18, 0.115509)
step 6549 score (0, 6, 16, 0.175885) best (1, 9, 18, 0.115509)
step 6550 score (0, 7, 9, 0.159654) best (1, 9, 18, 0.115509)
step 6551 score (0, 9, 9, 0.126162) best (1, 9, 18, 0.115509)
step 6552 score (0, 7, 9, 0.159654) best (1, 9, 18, 0.115509)
step 6553 score (0, 5, 10, 0.134687) best (1, 9, 18, 0.115509)
step 6554 score (0, 0, 9, 0.125466) best (1, 9, 18, 0.115509)
step 6555 score (0, 5, 10, 0.156544) best (1, 9, 18, 0.115509)
step 6556 score (0, 8, 10, 0.154064) best (1, 9, 18, 0.115509)
step 6557 score (0, 3, 12, 0.13993) best (1, 9, 18, 0.115509)
step 6558 score (0, 9, 12, 0.157559) best (1, 9, 18, 0.115509)
step 6559 score (0, 7, 9, 0.168379) best (1, 9, 18, 0.115509)
step 6560 score (0, 8, 9, 0.164539) best (1, 9, 18, 0.115509)
step 6561 score (0, 7, 9, 0.168379) best (1, 9, 18, 0.115509)
step 6562 score (0, 9, 12, 0.157559) best (1, 9, 18, 0.115509)
step 6563 score (0, 6, 9, 0.172092) best (1, 9, 18, 0.115509)
step 6564 score (0, 6, 9, 0.164981) best (1, 9, 18, 0.115509)
step 6565 score (0, 6, 9, 0.172092) best (1, 9, 18, 0.115509)
step 6566 score (0, 10, 10, 0.137261) best (1, 9, 18, 0.115509)
step 6567 score (0, 5, 10, 0.141649) best (1, 9, 18, 0.115509)
step 6568 score (0, 10, 10, 0.140039) best (1, 9, 18, 0.115509)
step 6569 score (0, 6, 10, 0.106752) best (1, 9, 18, 0.115509)
step 6570 score (0, 2, 9, 0.104654) best (1, 9, 18, 0.115509)
step 6571 score (0, 4, 9, 0.132458) best (1, 9, 18, 0.115509)
step 6572 score (0, 9, 9, 0.115266) best (1, 9, 18, 0.115509)
step 6573 score (0, 5, 13, 0.150487) best (1, 9, 18, 0.115509)
step 6574 score (0, 9, 9, 0.115266) best (1, 9, 18, 0.115509)
step 6575 score (0, 5, 9, 0.124928) best (1, 9, 18, 0.115509)
step 6576 score (0, 3, 13, 0.159965) best (1, 9, 18, 0.115509)
step 6577 score (0, 8, 12, 0.143927) best (1, 9, 18, 0.115509)
step 6578 score (0, 3, 8, 0.142431) best (1, 9, 18, 0.115509)
step 6579 score (0, 4, 15, 0.145919) best (1, 9, 18, 0.115509)
step 6580 score (0, 3, 17, 0.17205) best (1, 9, 18, 0.115509)
step 6581 score (0, 9, 12, 0.159078) best (1, 9, 18, 0.115509)
step 6582 score (0, 7, 17, 0.170052) best (1, 9, 18, 0.115509)
step 6583 score (0, 8, 17, 0.18198) best (1, 9, 18, 0.115509)
step 6584 score (0, 4, 17, 0.198224) best (1, 9, 18, 0.115509)
step 6585 score (0, 2, 17, 0.181776) best (1, 9, 18, 0.115509)
step 6586 score (0, 5, 17, 0.168479) best (1, 9, 18, 0.115509)
step 6587 score (0, 9, 16, 0.177016) best (1, 9, 18, 0.115509)
step 6588 score (0, 15, 17, 0.177101) best (1, 9, 18, 0.115509)
step 6589 score (0, 12, 17, 0.194708) best (1, 9, 18, 0.115509)
step 6590 score (0, 16, 17, 0.18417) best (1, 9, 18, 0.115509)
step 6591 score (0, 11, 17, 0.190813) best (1, 9, 18, 0.115509)
step 6592 score (0, 16, 17, 0.18417) best (1, 9, 18, 0.115509)
step 6593 score (0, 7, 10, 0.164581) best (1, 9, 18, 0.115509)
step 6594 score (0, 5, 11, 0.133746) best (1, 9, 18, 0.115509)
step 6595 score (0, 3, 9, 0.139336) best (1, 9, 18, 0.115509)
step 6596 score (0, 9, 9, 0.165795) best (1, 9, 18, 0.115509)
step 6597 score (0, 5, 9, 0.169045) best (1, 9, 18, 0.115509)
step 6598 score (0, 5, 9, 0.141368) best (1, 9, 18, 0.115509)
step 6599 score (0, 9, 9, 0.143714) best (1, 9, 18, 0.115509)
step 6600 score (0, 9, 9, 0.181845) best (1, 9, 18, 0.115509)
step 6601 score (0, 5, 8, 0.141716) best (1, 9, 18, 0.115509)
step 6602 score (0, 12, 16, 0.143614) best (1, 9, 18, 0.115509)
step 6603 score (0, 9, 17, 0.181157) best (1, 9, 18, 0.115509)
step 6604 score (0, 14, 18, 0.171685) best (1, 9, 18, 0.115509)
step 6605 score (0, 11, 18, 0.197568) best (1, 9, 18, 0.115509)
step 6606 score (0, 14, 18, 0.18241) best (1, 9, 18, 0.115509)
step 6607 score (0, 13, 18, 0.18884) best (1, 9, 18, 0.115509)
step 6608 score (0, 11, 18, 0.203291) best (1, 9, 18, 0.115509)
step 6609 score (0, 9, 18, 0.179015) best (1, 9, 18, 0.115509)
step 6610 score (0, 12, 16, 0.168771) best (1, 9, 18, 0.115509)
step 6611 score (0, 11, 16, 0.173086) best (1, 9, 18, 0.115509)
step 6612 score (0, 5, 16, 0.161104) best (1, 9, 18, 0.115509)
step 6613 score (0, 4, 15, 0.152462) best (1, 9, 18, 0.115509)
step 6614 score (0, 12, 16, 0.143614) best (1, 9, 18, 0.115509)
step 6615 score (0, 9, 17, 0.181157) best (1, 9, 18, 0.115509)
step 6616 score (0, 7, 10, 0.131912) best (1, 9, 18, 0.115509)
step 6617 score (0, 9, 17, 0.181157) best (1, 9, 18, 0.115509)
step 6618 score (0, 5, 17, 0.143171) best (1, 9, 18, 0.115509)
step 6619 score (0, 9, 18, 0.188846) best (1, 9, 18, 0.115509)
step 6620 score (0, 14, 18, 0.164651) best (1, 9, 18, 0.115509)
step 6621 score (0, 3, 16, 0.154817) best (1, 9, 18, 0.115509)
step 6622 score (0, 1, 11, 0.145475) best (1, 9, 18, 0.115509)
step 6623 score (0, 4, 14, 0.148885) best (1, 9, 18, 0.115509)
step 6624 score (0, 2, 14, 0.175377) best (1, 9, 18, 0.115509)
step 6625 score (0, 4, 14, 0.148885) best (1, 9, 18, 0.115509)
step 6626 score (0, 2, 9, 0.103104) best (1, 9, 18, 0.115509)
step 6627 score (0, 4, 11, 0.118044) best (1, 9, 18, 0.115509)
step 6628 score (0, 1, 14, 0.128416) best (1, 9, 18, 0.115509)
step 6629 score (0, 5, 11, 0.100501) best (1, 9, 18, 0.115509)
step 6630 score (0, 3, 13, 0.107613) best (1, 9, 18, 0.115509)
step 6631 score (0, 2, 8, 0.080854) best (1, 9, 18, 0.115509)
step 6632 score (0, 0, 13, 0.09808) best (1, 9, 18, 0.115509)
step 6633 score (0, 0, 11, 0.11283) best (1, 9, 18, 0.115509)
step 6634 score (0, 1, 12, 0.118086) best (1, 9, 18, 0.115509)
step 6635 score (0, 2, 10, 0.130679) best (1, 9, 18, 0.115509)
step 6636 score (0, 0, 8, 0.122873) best (1, 9, 18, 0.115509)
step 6637 score (0, 3, 14, 0.108029) best (1, 9, 18, 0.115509)
step 6638 score (0, 3, 10, 0.115047) best (1, 9, 18, 0.115509)
step 6639 score (0, 3, 14, 0.108029) best (1, 9, 18, 0.115509)
step 6640 score (0, 1, 13, 0.127035) best (1, 9, 18, 0.115509)
step 6641 score (0, 1, 14, 0.135343) best (1, 9, 18, 0.115509)
step 6642 score (0, 0, 9, 0.120814) best (1, 9, 18, 0.115509)
step 6643 score (0, 4, 12, 0.126931) best (1, 9, 18, 0.115509)
step 6644 score (0, 4, 11, 0.110493) best (1, 9, 18, 0.115509)
step 6645 score (0, 1, 8, 0.129548) best (1, 9, 18, 0.115509)
step 6646 score (0, 2, 8, 0.118027) best (1, 9, 18, 0.115509)
step 6647 score (0, 0, 9, 0.121907) best (1, 9, 18, 0.115509)
step 6648 score (0, 0, 11, 0.13117) best (1, 9, 18, 0.115509)
step 6649 score (0, 2, 12, 0.11398) best (1, 9, 18, 0.115509)
step 6650 score (0, 0, 11, 0.106574) best (1, 9, 18, 0.115509)
step 6651 score (0, 5, 14, 0.119145) best (1, 9, 18, 0.115509)
step 6652 score (0, 5, 15, 0.107304) best (1, 9, 18, 0.115509)
step 6653 score (0, 5, 14, 0.122784) best (1, 9, 18, 0.115509)
step 6654 score (0, 7, 14, 0.117416) best (1, 9, 18, 0.115509)
step 6655 score (0, 3, 13, 0.137078) best (1, 9, 18, 0.115509)
step 6656 score (0, 2, 12, 0.138851) best (1, 9, 18, 0.115509)
step 6657 score (0, 3, 9, 0.114091) best (1, 9, 18, 0.115509)
step 6658 score (0, 4, 10, 0.136664) best (1, 9, 18, 0.115509)
step 6659 score (0, 0, 11, 0.133979) best (1, 9, 18, 0.115509)
step 6660 score (0, 0, 10, 0.127414) best (1, 9, 18, 0.115509)
step 6661 score (0, 5, 10, 0.115033) best (1, 9, 18, 0.115509)
CERTIFICATE 7518fe98355623c2
step 6662 score (1, 1, 12, 0.094842) best (1, 9, 18, 0.115509)
step 6663 score (0, 0, 13, 0.116831) best (1, 9, 18, 0.115509)
step 6664 score (0, 0, 12, 0.105756) best (1, 9, 18, 0.115509)
step 6665 score (0, 0, 15, 0.126566) best (1, 9, 18, 0.115509)
step 6666 score (0, 0, 14, 0.125393) best (1, 9, 18, 0.115509)
step 6667 score (0, 0, 17, 0.13964) best (1, 9, 18, 0.115509)
step 6668 score (0, 1, 13, 0.130867) best (1, 9, 18, 0.115509)
step 6669 score (0, 2, 13, 0.130044) best (1, 9, 18, 0.115509)
step 6670 score (0, 1, 11, 0.127267) best (1, 9, 18, 0.115509)
step 6671 score (0, 2, 13, 0.1361) best (1, 9, 18, 0.115509)
step 6672 score (0, 1, 15, 0.130901) best (1, 9, 18, 0.115509)
step 6673 score (0, 2, 13, 0.1361) best (1, 9, 18, 0.115509)
step 6674 score (0, 1, 16, 0.173365) best (1, 9, 18, 0.115509)
step 6675 score (0, 2, 13, 0.1361) best (1, 9, 18, 0.115509)
step 6676 score (0, 1, 13, 0.134149) best (1, 9, 18, 0.115509)
step 6677 score (0, 1, 13, 0.139538) best (1, 9, 18, 0.115509)
step 6678 score (0, 2, 14, 0.129204) best (1, 9, 18, 0.115509)
step 6679 score (0, 4, 14, 0.115892) best (1, 9, 18, 0.115509)
step 6680 score (0, 1, 11, 0.12263) best (1, 9, 18, 0.115509)
step 6681 score (0, 3, 12, 0.108178) best (1, 9, 18, 0.115509)
step 6682 score (0, 1, 10, 0.091188) best (1, 9, 18, 0.115509)
step 6683 score (0, 1, 17, 0.097143) best (1, 9, 18, 0.115509)
step 6684 score (0, 1, 17, 0.109208) best (1, 9, 18, 0.115509)
step 6685 score (0, 1, 17, 0.097143) best (1, 9, 18, 0.115509)
step 6686 score (0, 3, 16, 0.139694) best (1, 9, 18, 0.115509)
step 6687 score (0, 2, 14, 0.152001) best (1, 9, 18, 0.115509)
step 6688 score (0, 2, 15, 0.133969) best (1, 9, 18, 0.115509)
step 6689 score (0, 1, 15, 0.168801) best (1, 9, 18, 0.115509)
step 6690 score (0, 7, 16, 0.129794) best (1, 9, 18, 0.115509)
step 6691 score (0, 5, 16, 0.162322) best (1, 9, 18, 0.115509)
step 6692 score (0, 7, 17, 0.157039) best (1, 9, 18, 0.115509)
step 6693 score (0, 5, 16, 0.162322) best (1, 9, 18, 0.115509)
step 6694 score (0, 10, 17, 0.139461) best (1, 9, 18, 0.115509)
step 6695 score (0, 10, 18, 0.15618) best (1, 9, 18, 0.115509)
step 6696 score (0, 10, 17, 0.139461) best (1, 9, 18, 0.115509)
step 6697 score (0, 7, 16, 0.173864) best (1, 9, 18, 0.115509)
step 6698 score (0, 5, 14, 0.154454) best (1, 9, 18, 0.115509)
step 6699 score (0, 1, 14, 0.154084) best (1, 9, 18, 0.115509)
step 6700 score (0, 2, 15, 0.132515) best (1, 9, 18, 0.115509)
step 6701 score (0, 3, 11, 0.132963) best (1, 9, 18, 0.115509)
step 6702 score (0, 4, 14, 0.128473) best (1, 9, 18, 0.115509)
step 6703 score (0, 6, 14, 0.099539) best (1, 9, 18, 0.115509)
step 6704 score (0, 8, 17, 0.171845) best (1, 9, 18, 0.115509)
step 6705 score (0, 8, 18, 0.147095) best (1, 9, 18, 0.115509)
step 6706 score (0, 8, 17, 0.171845) best (1, 9, 18, 0.115509)
step 6707 score (0, 11, 17, 0.152863) best (1, 9, 18, 0.115509)
step 6708 score (0, 10, 17, 0.150956) best (1, 9, 18, 0.115509)
step 6709 score (0, 8, 17, 0.170947) best (1, 9, 18, 0.115509)
step 6710 score (0, 8, 17, 0.171845) best (1, 9, 18, 0.115509)
step 6711 score (0, 8, 18, 0.147095) best (1, 9, 18, 0.115509)
step 6712 score (0, 9, 15, 0.171637) best (1, 9, 18, 0.115509)
step 6713 score (0, 8, 17, 0.163931) best (1, 9, 18, 0.115509)
step 6714 score (0, 9, 15, 0.171637) best (1, 9, 18, 0.115509)
step 6715 score (0, 8, 10, 0.138877) best (1, 9, 18, 0.115509)
step 6716 score (0, 9, 15, 0.171637) best (1, 9, 18, 0.115509)
step 6717 score (0, 8, 17, 0.163931) best (1, 9, 18, 0.115509)
step 6718 score (0, 6, 17, 0.169203) best (1, 9, 18, 0.115509)
step 6719 score (0, 7, 17, 0.150562) best (1, 9, 18, 0.115509)
step 6720 score (0, 6, 17, 0.160449) best (1, 9, 18, 0.115509)
step 6721 score (0, 7, 17, 0.150562) best (1, 9, 18, 0.115509)
step 6722 score (0, 6, 16, 0.170616) best (1, 9, 18, 0.115509)
step 6723 score (0, 6, 16, 0.153299) best (1, 9, 18, 0.115509)
step 6724 score (0, 9, 16, 0.188166) best (1, 9, 18, 0.115509)
step 6725 score (0, 8, 10, 0.139283) best (1, 9, 18, 0.115509)
step 6726 score (0, 9, 16, 0.188166) best (1, 9, 18, 0.115509)
step 6727 score (0, 7, 16, 0.203379) best (1, 9, 18, 0.115509)
step 6728 score (0, 2, 17, 0.190707) best (1, 9, 18, 0.115509)
step 6729 score (0, 8, 16, 0.170555) best (1, 9, 18, 0.115509)
step 6730 score (0, 10, 16, 0.172082) best (1, 9, 18, 0.115509)
step 6731 score (0, 6, 16, 0.203159) best (1, 9, 18, 0.115509)
step 6732 score (0, 13, 17, 0.196959) best (1, 9, 18, 0.115509)
step 6733 score (0, 14, 18, 0.172366) best (1, 9, 18, 0.115509)
step 6734 score (0, 13, 17, 0.196959) best (1, 9, 18, 0.115509)
step 6735 score (0, 9, 10, 0.135772) best (1, 9, 18, 0.115509)
step 6736 score (0, 5, 10, 0.143416) best (1, 9, 18, 0.115509)
step 6737 score (0, 9, 17, 0.198914) best (1, 9, 18, 0.115509)
step 6738 score (0, 6, 17, 0.155458) best (1, 9, 18, 0.115509)
step 6739 score (0, 9, 17, 0.198914) best (1, 9, 18, 0.115509)
step 6740 score (0, 13, 17, 0.196959) best (1, 9, 18, 0.115509)
step 6741 score (0, 9, 10, 0.135772) best (1, 9, 18, 0.115509)
step 6742 score (0, 5, 10, 0.143416) best (1, 9, 18, 0.115509)
step 6743 score (0, 9, 10, 0.126451) best (1, 9, 18, 0.115509)
step 6744 score (0, 6, 10, 0.131158) best (1, 9, 18, 0.115509)
step 6745 score (0, 0, 12, 0.116569) best (1, 9, 18, 0.115509)
step 6746 score (0, 6, 10, 0.131158) best (1, 9, 18, 0.115509)
step 6747 score (0, 8, 11, 0.13039) best (1, 9, 18, 0.115509)
step 6748 score (0, 10, 18, 0.171219) best (1, 9, 18, 0.115509)
step 6749 score (0, 5, 17, 0.172719) best (1, 9, 18, 0.115509)
step 6750 score (0, 10, 18, 0.171219) best (1, 9, 18, 0.115509)
step 6751 score (0, 8, 11, 0.13039) best (1, 9, 18, 0.115509)
step 6752 score (0, 2, 17, 0.120681) best (1, 9, 18, 0.115509)
step 6753 score (0, 8, 11, 0.13039) best (1, 9, 18, 0.115509)
step 6754 score (0, 10, 18, 0.171219) best (1, 9, 18, 0.115509)
step 6755 score (0, 5, 17, 0.172719) best (1, 9, 18, 0.115509)
step 6756 score (0, 4, 15, 0.143524) best (1, 9, 18, 0.115509)
step 6757 score (0, 6, 17, 0.163841) best (1, 9, 18, 0.115509)
step 6758 score (0, 0, 13, 0.130336) best (1, 9, 18, 0.115509)
step 6759 score (0, 6, 17, 0.175932) best (1, 9, 18, 0.115509)
step 6760 score (0, 3, 13, 0.119878) best (1, 9, 18, 0.115509)
step 6761 score (0, 3, 15, 0.111421) best (1, 9, 18, 0.115509)
step 6762 score (0, 7, 17, 0.157039) best (1, 9, 18, 0.115509)
step 6763 score (0, 5, 16, 0.162322) best (1, 9, 18, 0.115509)
step 6764 score (0, 10, 17, 0.139461) best (1, 9, 18, 0.115509)
step 6765 score (0, 4, 14, 0.132692) best (1, 9, 18, 0.115509)
step 6766 score (0, 6, 11, 0.114634) best (1, 9, 18, 0.115509)
step 6767 score (0, 6, 12, 0.166367) best (1, 9, 18, 0.115509)
step 6768 score (0, 8, 10, 0.125371) best (1, 9, 18, 0.115509)
step 6769 score (0, 7, 15, 0.16647) best (1, 9, 18, 0.115509)
step 6770 score (0, 8, 15, 0.142361) best (1, 9, 18, 0.115509)
step 6771 score (0, 4, 17, 0.16298) best (1, 9, 18, 0.115509)
step 6772 score (0, 8, 15, 0.142361) best (1, 9, 18, 0.115509)
step 6773 score (0, 7, 17, 0.133177) best (1, 9, 18, 0.115509)
step 6774 score (0, 9, 17, 0.133311) best (1, 9, 18, 0.115509)
step 6775 score (0, 6, 14, 0.101073) best (1, 9, 18, 0.115509)
step 6776 score (0, 5, 17, 0.108784) best (1, 9, 18, 0.115509)
step 6777 score (0, 4, 14, 0.100915) best (1, 9, 18, 0.115509)
step 6778 score (0, 5, 17, 0.108784) best (1, 9, 18, 0.115509)
CERTIFICATE b5cb0ed12f796660
step 6779 score (1, 8, 16, 0.119873) best (1, 9, 18, 0.115509)
step 6780 score (0, 5, 17, 0.108784) best (1, 9, 18, 0.115509)
step 6781 score (0, 7, 17, 0.133177) best (1, 9, 18, 0.115509)
step 6782 score (0, 9, 17, 0.133311) best (1, 9, 18, 0.115509)
step 6783 score (0, 4, 15, 0.093326) best (1, 9, 18, 0.115509)
step 6784 score (0, 3, 12, 0.088732) best (1, 9, 18, 0.115509)
step 6785 score (0, 4, 15, 0.093326) best (1, 9, 18, 0.115509)
step 6786 score (0, 9, 17, 0.133311) best (1, 9, 18, 0.115509)
step 6787 score (0, 7, 17, 0.133177) best (1, 9, 18, 0.115509)
step 6788 score (0, 6, 15, 0.141297) best (1, 9, 18, 0.115509)
CERTIFICATE 88eac4e85c1f7787
step 6789 score (1, 8, 16, 0.119873) best (1, 9, 18, 0.115509)
step 6790 score (0, 6, 15, 0.155513) best (1, 9, 18, 0.115509)
step 6791 score (0, 8, 16, 0.152239) best (1, 9, 18, 0.115509)
step 6792 score (0, 1, 11, 0.13946) best (1, 9, 18, 0.115509)
step 6793 score (0, 6, 16, 0.135115) best (1, 9, 18, 0.115509)
step 6794 score (0, 8, 18, 0.180915) best (1, 9, 18, 0.115509)
step 6795 score (0, 11, 17, 0.156488) best (1, 9, 18, 0.115509)
step 6796 score (0, 12, 17, 0.162488) best (1, 9, 18, 0.115509)
step 6797 score (0, 7, 17, 0.135104) best (1, 9, 18, 0.115509)
CERTIFICATE fc86ca08bc854660
step 6798 score (1, 4, 14, 0.11642) best (1, 9, 18, 0.115509)
step 6799 score (0, 7, 15, 0.131882) best (1, 9, 18, 0.115509)
step 6800 score (0, 12, 17, 0.162488) best (1, 9, 18, 0.115509)
step 6801 score (0, 11, 17, 0.156488) best (1, 9, 18, 0.115509)
step 6802 score (0, 8, 18, 0.180915) best (1, 9, 18, 0.115509)
step 6803 score (0, 9, 12, 0.159191) best (1, 9, 18, 0.115509)
step 6804 score (0, 9, 18, 0.182596) best (1, 9, 18, 0.115509)
step 6805 score (0, 11, 17, 0.164478) best (1, 9, 18, 0.115509)
step 6806 score (0, 6, 17, 0.140424) best (1, 9, 18, 0.115509)
step 6807 score (0, 5, 16, 0.144519) best (1, 9, 18, 0.115509)
step 6808 score (0, 3, 16, 0.145606) best (1, 9, 18, 0.115509)
step 6809 score (0, 4, 18, 0.145486) best (1, 9, 18, 0.115509)
step 6810 score (0, 6, 17, 0.140424) best (1, 9, 18, 0.115509)
step 6811 score (0, 11, 17, 0.164478) best (1, 9, 18, 0.115509)
step 6812 score (0, 9, 18, 0.182596) best (1, 9, 18, 0.115509)
step 6813 score (0, 11, 18, 0.193011) best (1, 9, 18, 0.115509)
step 6814 score (0, 12, 17, 0.169909) best (1, 9, 18, 0.115509)
step 6815 score (0, 6, 16, 0.148848) best (1, 9, 18, 0.115509)
step 6816 score (0, 12, 17, 0.169909) best (1, 9, 18, 0.115509)
step 6817 score (0, 11, 17, 0.164478) best (1, 9, 18, 0.115509)
step 6818 score (0, 9, 18, 0.182596) best (1, 9, 18, 0.115509)
step 6819 score (0, 11, 18, 0.193011) best (1, 9, 18, 0.115509)
step 6820 score (0, 8, 18, 0.203501) best (1, 9, 18, 0.115509)
step 6821 score (0, 11, 18, 0.193011) best (1, 9, 18, 0.115509)
step 6822 score (0, 12, 17, 0.169909) best (1, 9, 18, 0.115509)
step 6823 score (0, 11, 17, 0.164478) best (1, 9, 18, 0.115509)
step 6824 score (0, 9, 18, 0.182596) best (1, 9, 18, 0.115509)
step 6825 score (0, 9, 12, 0.159191) best (1, 9, 18, 0.115509)
step 6826 score (0, 10, 18, 0.179897) best (1, 9, 18, 0.115509)
step 6827 score (0, 12, 18, 0.190605) best (1, 9, 18, 0.115509)
step 6828 score (0, 8, 18, 0.169388) best (1, 9, 18, 0.115509)
step 6829 score (0, 12, 18, 0.190605) best (1, 9, 18, 0.115509)
step 6830 score (0, 10, 18, 0.179897) best (1, 9, 18, 0.115509)
step 6831 score (0, 9, 18, 0.193989) best (1, 9, 18, 0.115509)
step 6832 score (0, 8, 16, 0.17079) best (1, 9, 18, 0.115509)
step 6833 score (0, 6, 16, 0.158651) best (1, 9, 18, 0.115509)
step 6834 score (0, 9, 16, 0.163896) best (1, 9, 18, 0.115509)
step 6835 score (0, 4, 14, 0.14032) best (1, 9, 18, 0.115509)
step 6836 score (0, 5, 13, 0.127681) best (1, 9, 18, 0.115509)
step 6837 score (0, 1, 13, 0.143678) best (1, 9, 18, 0.115509)
step 6838 score (0, 4, 12, 0.123694) best (1, 9, 18, 0.115509)
step 6839 score (0, 3, 13, 0.138792) best (1, 9, 18, 0.115509)
step 6840 score (0, 5, 11, 0.136871) best (1, 9, 18, 0.115509)
step 6841 score (0, 6, 16, 0.127144) best (1, 9, 18, 0.115509)
step 6842 score (0, 5, 10, 0.129109) best (1, 9, 18, 0.115509)
step 6843 score (0, 6, 16, 0.127144) best (1, 9, 18, 0.115509)
step 6844 score (0, 6, 16, 0.14267) best (1, 9, 18, 0.115509)
step 6845 score (0, 6, 16, 0.158651) best (1, 9, 18, 0.115509)
step 6846 score (0, 8, 18, 0.203501) best (1, 9, 18, 0.115509)
step 6847 score (0, 12, 18, 0.190605) best (1, 9, 18, 0.115509)
step 6848 score (0, 8, 18, 0.169388) best (1, 9, 18, 0.115509)
step 6849 score (0, 12, 18, 0.190605) best (1, 9, 18, 0.115509)
step 6850 score (0, 10, 18, 0.179897) best (1, 9, 18, 0.115509)
step 6851 score (0, 9, 18, 0.193989) best (1, 9, 18, 0.115509)
step 6852 score (0, 9, 18, 0.182596) best (1, 9, 18, 0.115509)
step 6853 score (0, 11, 18, 0.193011) best (1, 9, 18, 0.115509)
step 6854 score (0, 12, 17, 0.169909) best (1, 9, 18, 0.115509)
step 6855 score (0, 7, 17, 0.135104) best (1, 9, 18, 0.115509)
step 6856 score (0, 12, 17, 0.162488) best (1, 9, 18, 0.115509)
step 6857 score (0, 11, 17, 0.156488) best (1, 9, 18, 0.115509)
step 6858 score (0, 6, 14, 0.120388) best (1, 9, 18, 0.115509)
step 6859 score (0, 2, 12, 0.130372) best (1, 9, 18, 0.115509)
step 6860 score (0, 4, 13, 0.120275) best (1, 9, 18, 0.115509)
step 6861 score (0, 2, 9, 0.109379) best (1, 9, 18, 0.115509)
step 6862 score (0, 1, 9, 0.110485) best (1, 9, 18, 0.115509)
step 6863 score (0, 1, 10, 0.117522) best (1, 9, 18, 0.115509)
step 6864 score (0, 1, 9, 0.110485) best (1, 9, 18, 0.115509)
step 6865 score (0, 0, 9, 0.137948) best (1, 9, 18, 0.115509)
step 6866 score (0, 1, 10, 0.126714) best (1, 9, 18, 0.115509)
step 6867 score (0, 0, 11, 0.115253) best (1, 9, 18, 0.115509)
step 6868 score (0, 0, 11, 0.104496) best (1, 9, 18, 0.115509)
step 6869 score (0, 0, 11, 0.097987) best (1, 9, 18, 0.115509)
step 6870 score (0, 0, 12, 0.116337) best (1, 9, 18, 0.115509)
step 6871 score (0, 2, 13, 0.097308) best (1, 9, 18, 0.115509)
step 6872 score (0, 1, 7, 0.095668) best (1, 9, 18, 0.115509)
step 6873 score (0, 1, 8, 0.107244) best (1, 9, 18, 0.115509)
step 6874 score (0, 2, 9, 0.154501) best (1, 9, 18, 0.115509)
step 6875 score (0, 3, 10, 0.132038) best (1, 9, 18, 0.115509)
step 6876 score (0, 3, 11, 0.095212) best (1, 9, 18, 0.115509)
step 6877 score (0, 7, 10, 0.092209) best (1, 9, 18, 0.115509)
step 6878 score (0, 6, 9, 0.133911) best (1, 9, 18, 0.115509)
step 6879 score (0, 3, 10, 0.132038) best (1, 9, 18, 0.115509)
step 6880 score (0, 3, 12, 0.109711) best (1, 9, 18, 0.115509)
CERTIFICATE b0e4bc17d11ad824
step 6881 score (1, 7, 11, 0.112367) best (1, 9, 18, 0.115509)
step 6882 score (0, 3, 12, 0.109711) best (1, 9, 18, 0.115509)
step 6883 score (0, 3, 18, 0.144778) best (1, 9, 18, 0.115509)
step 6884 score (0, 10, 17, 0.186385) best (1, 9, 18, 0.115509)
step 6885 score (0, 7, 17, 0.170077) best (1, 9, 18, 0.115509)
step 6886 score (0, 4, 11, 0.15197) best (1, 9, 18, 0.115509)
step 6887 score (0, 4, 17, 0.139788) best (1, 9, 18, 0.115509)
step 6888 score (0, 2, 15, 0.136809) best (1, 9, 18, 0.115509)
step 6889 score (0, 6, 13, 0.122526) best (1, 9, 18, 0.115509)
step 6890 score (0, 2, 15, 0.136809) best (1, 9, 18, 0.115509)
step 6891 score (0, 2, 11, 0.13638) best (1, 9, 18, 0.115509)
step 6892 score (0, 3, 11, 0.095212) best (1, 9, 18, 0.115509)
step 6893 score (0, 1, 13, 0.114581) best (1, 9, 18, 0.115509)
step 6894 score (0, 2, 14, 0.1317) best (1, 9, 18, 0.115509)
step 6895 score (0, 2, 9, 0.118587) best (1, 9, 18, 0.115509)
step 6896 score (0, 2, 14, 0.1317) best (1, 9, 18, 0.115509)
step 6897 score (0, 5, 14, 0.104654) best (1, 9, 18, 0.115509)
step 6898 score (0, 2, 15, 0.136809) best (1, 9, 18, 0.115509)
step 6899 score (0, 5, 16, 0.121491) best (1, 9, 18, 0.115509)
step 6900 score (0, 7, 15, 0.138048) best (1, 9, 18, 0.115509)
step 6901 score (0, 2, 12, 0.122985) best (1, 9, 18, 0.115509)
step 6902 score (0, 8, 10, 0.150893) best (1, 9, 18, 0.115509)
step 6903 score (0, 8, 10, 0.122345) best (1, 9, 18, 0.115509)
step 6904 score (0, 8, 10, 0.150893) best (1, 9, 18, 0.115509)
step 6905 score (0, 6, 13, 0.138048) best (1, 9, 18, 0.115509)
step 6906 score (0, 7, 15, 0.138048) best (1, 9, 18, 0.115509)
step 6907 score (0, 3, 12, 0.103703) best (1, 9, 18, 0.115509)
step 6908 score (0, 7, 15, 0.138048) best (1, 9, 18, 0.115509)
step 6909 score (0, 6, 9, 0.116604) best (1, 9, 18, 0.115509)
step 6910 score (0, 3, 11, 0.123458) best (1, 9, 18, 0.115509)
step 6911 score (0, 3, 10, 0.142505) best (1, 9, 18, 0.115509)
step 6912 score (0, 3, 9, 0.136062) best (1, 9, 18, 0.115509)
step 6913 score (0, 5, 11, 0.129094) best (1, 9, 18, 0.115509)
step 6914 score (0, 3, 9, 0.136062) best (1, 9, 18, 0.115509)
step 6915 score (0, 0, 7, 0.127133) best (1, 9, 18, 0.115509)
step 6916 score (0, 3, 9, 0.136062) best (1, 9, 18, 0.115509)
step 6917 score (0, 7, 11, 0.132895) best (1, 9, 18, 0.115509)
step 6918 score (0, 8, 11, 0.139823) best (1, 9, 18, 0.115509)
step 6919 score (0, 7, 11, 0.132895) best (1, 9, 18, 0.115509)
step 6920 score (0, 3, 9, 0.136062) best (1, 9, 18, 0.115509)
step 6921 score (0, 5, 11, 0.129094) best (1, 9, 18, 0.115509)
step 6922 score (0, 2, 9, 0.088637) best (1, 9, 18, 0.115509)
step 6923 score (0, 2, 9, 0.106207) best (1, 9, 18, 0.115509)
step 6924 score (0, 0, 8, 0.115416) best (1, 9, 18, 0.115509)
step 6925 score (0, 7, 7, 0.110231) best (1, 9, 18, 0.115509)
step 6926 score (0, 0, 9, 0.11331) best (1, 9, 18, 0.115509)
step 6927 score (0, 3, 8, 0.099484) best (1, 9, 18, 0.115509)
step 6928 score (0, 0, 9, 0.11331) best (1, 9, 18, 0.115509)
step 6929 score (0, 0, 9, 0.110073) best (1, 9, 18, 0.115509)
step 6930 score (0, 0, 8, 0.116094) best (1, 9, 18, 0.115509)
step 6931 score (0, 0, 12, 0.126024) best (1, 9, 18, 0.115509)
step 6932 score (0, 3, 10, 0.110489) best (1, 9, 18, 0.115509)
step 6933 score (0, 9, 10, 0.152433) best (1, 9, 18, 0.115509)
step 6934 score (0, 9, 9, 0.165537) best (1, 9, 18, 0.115509)
step 6935 score (0, 9, 11, 0.152336) best (1, 9, 18, 0.115509)
step 6936 score (0, 9, 9, 0.12959) best (1, 9, 18, 0.115509)
step 6937 score (0, 9, 11, 0.152336) best (1, 9, 18, 0.115509)
step 6938 score (0, 9, 9, 0.165537) best (1, 9, 18, 0.115509)
step 6939 score (0, 9, 10, 0.152433) best (1, 9, 18, 0.115509)
step 6940 score (0, 7, 16, 0.154443) best (1, 9, 18, 0.115509)
step 6941 score (0, 4, 15, 0.164368) best (1, 9, 18, 0.115509)
step 6942 score (0, 7, 12, 0.130133) best (1, 9, 18, 0.115509)
step 6943 score (0, 4, 15, 0.164368) best (1, 9, 18, 0.115509)
step 6944 score (0, 7, 16, 0.154443) best (1, 9, 18, 0.115509)
step 6945 score (0, 4, 15, 0.170335) best (1, 9, 18, 0.115509)
step 6946 score (0, 5, 12, 0.148689) best (1, 9, 18, 0.115509)
step 6947 score (0, 1, 13, 0.140567) best (1, 9, 18, 0.115509)
step 6948 score (0, 1, 15, 0.149684) best (1, 9, 18, 0.115509)
step 6949 score (0, 6, 16, 0.134498) best (1, 9, 18, 0.115509)
step 6950 score (0, 5, 16, 0.127476) best (1, 9, 18, 0.115509)
step 6951 score (0, 6, 13, 0.11146) best (1, 9, 18, 0.115509)
step 6952 score (0, 5, 16, 0.133474) best (1, 9, 18, 0.115509)
CERTIFICATE bd2d750ad4c5d636
step 6953 score (1, 7, 16, 0.134477) best (1, 9, 18, 0.115509)
step 6954 score (0, 8, 16, 0.170984) best (1, 9, 18, 0.115509)
step 6955 score (0, 7, 16, 0.164528) best (1, 9, 18, 0.115509)
step 6956 score (0, 4, 15, 0.154753) best (1, 9, 18, 0.115509)
step 6957 score (0, 9, 16, 0.171128) best (1, 9, 18, 0.115509)
step 6958 score (0, 10, 16, 0.177462) best (1, 9, 18, 0.115509)
step 6959 score (0, 9, 16, 0.171128) best (1, 9, 18, 0.115509)
step 6960 score (0, 10, 16, 0.177462) best (1, 9, 18, 0.115509)
step 6961 score (0, 3, 15, 0.173852) best (1, 9, 18, 0.115509)
step 6962 score (0, 9, 16, 0.145871) best (1, 9, 18, 0.115509)
step 6963 score (0, 4, 11, 0.129011) best (1, 9, 18, 0.115509)
step 6964 score (0, 9, 16, 0.145871) best (1, 9, 18, 0.115509)
step 6965 score (0, 6, 16, 0.151519) best (1, 9, 18, 0.115509)
step 6966 score (0, 9, 16, 0.145871) best (1, 9, 18, 0.115509)
step 6967 score (0, 11, 16, 0.119791) best (1, 9, 18, 0.115509)
step 6968 score (0, 5, 16, 0.12598) best (1, 9, 18, 0.115509)
step 6969 score (0, 5, 14, 0.11239) best (1, 9, 18, 0.115509)
step 6970 score (0, 5, 16, 0.12598) best (1, 9, 18, 0.115509)
step 6971 score (0, 4, 15, 0.135373) best (1, 9, 18, 0.115509)
step 6972 score (0, 5, 16, 0.12598) best (1, 9, 18, 0.115509)
step 6973 score (0, 5, 16, 0.125106) best (1, 9, 18, 0.115509)
step 6974 score (0, 5, 10, 0.110205) best (1, 9, 18, 0.115509)
step 6975 score (0, 5, 14, 0.11239) best (1, 9, 18, 0.115509)
step 6976 score (0, 1, 10, 0.112335) best (1, 9, 18, 0.115509)
step 6977 score (0, 5, 14, 0.11239) best (1, 9, 18, 0.115509)
step 6978 score (0, 5, 13, 0.110351) best (1, 9, 18, 0.115509)
step 6979 score (0, 4, 9, 0.118291) best (1, 9, 18, 0.115509)
step 6980 score (0, 2, 11, 0.087358) best (1, 9, 18, 0.115509)
step 6981 score (0, 0, 9, 0.125315) best (1, 9, 18, 0.115509)
step 6982 score (0, 2, 13, 0.133521) best (1, 9, 18, 0.115509)
step 6983 score (0, 1, 15, 0.13878) best (1, 9, 18, 0.115509)
step 6984 score (0, 2, 13, 0.133521) best (1, 9, 18, 0.115509)
step 6985 score (0, 1, 11, 0.12874) best (1, 9, 18, 0.115509)
step 6986 score (0, 4, 14, 0.144706) best (1, 9, 18, 0.115509)
step 6987 score (0, 1, 14, 0.133361) best (1, 9, 18, 0.115509)
step 6988 score (0, 1, 15, 0.132192) best (1, 9, 18, 0.115509)
step 6989 score (0, 2, 14, 0.130871) best (1, 9, 18, 0.115509)
step 6990 score (0, 2, 14, 0.112214) best (1, 9, 18, 0.115509)
step 6991 score (0, 3, 13, 0.134585) best (1, 9, 18, 0.115509)
step 6992 score (0, 2, 14, 0.112214) best (1, 9, 18, 0.115509)
step 6993 score (0, 2, 14, 0.130871) best (1, 9, 18, 0.115509)
step 6994 score (0, 1, 15, 0.132192) best (1, 9, 18, 0.115509)
step 6995 score (0, 1, 14, 0.133361) best (1, 9, 18, 0.115509)
step 6996 score (0, 4, 14, 0.144706) best (1, 9, 18, 0.115509)
step 6997 score (0, 0, 13, 0.144788) best (1, 9, 18, 0.115509)
step 6998 score (0, 1, 15, 0.136254) best (1, 9, 18, 0.115509)
step 6999 score (0, 1, 15, 0.140075) best (1, 9, 18, 0.115509)
step 7000 score (0, 2, 13, 0.108674) best (1, 9, 18, 0.115509)
step 7001 score (0, 4, 14, 0.145026) best (1, 9, 18, 0.115509)
step 7002 score (0, 4, 16, 0.162465) best (1, 9, 18, 0.115509)
step 7003 score (0, 7, 16, 0.155541) best (1, 9, 18, 0.115509)
step 7004 score (0, 2, 10, 0.135702) best (1, 9, 18, 0.115509)
step 7005 score (0, 7, 16, 0.155541) best (1, 9, 18, 0.115509)
CERTIFICATE 66640ef431e33668
step 7006 score (1, 4, 15, 0.13476) best (1, 9, 18, 0.115509)
step 7007 score (0, 7, 16, 0.155541) best (1, 9, 18, 0.115509)
step 7008 score (0, 4, 18, 0.133425) best (1, 9, 18, 0.115509)
step 7009 score (0, 5, 16, 0.121508) best (1, 9, 18, 0.115509)
step 7010 score (0, 4, 18, 0.133425) best (1, 9, 18, 0.115509)
step 7011 score (0, 7, 16, 0.155541) best (1, 9, 18, 0.115509)
CERTIFICATE 0ffd08de01315979
step 7012 score (1, 4, 15, 0.13476) best (1, 9, 18, 0.115509)
step 7013 score (0, 6, 15, 0.129205) best (1, 9, 18, 0.115509)
step 7014 score (0, 2, 14, 0.138508) best (1, 9, 18, 0.115509)
step 7015 score (0, 3, 14, 0.118608) best (1, 9, 18, 0.115509)
step 7016 score (0, 1, 11, 0.104463) best (1, 9, 18, 0.115509)
step 7017 score (0, 4, 13, 0.117135) best (1, 9, 18, 0.115509)
step 7018 score (0, 1, 9, 0.124549) best (1, 9, 18, 0.115509)
step 7019 score (0, 1, 13, 0.115802) best (1, 9, 18, 0.115509)
step 7020 score (0, 1, 12, 0.114669) best (1, 9, 18, 0.115509)
step 7021 score (0, 1, 12, 0.105207) best (1, 9, 18, 0.115509)
step 7022 score (0, 1, 13, 0.123588) best (1, 9, 18, 0.115509)
step 7023 score (0, 1, 12, 0.105207) best (1, 9, 18, 0.115509)
step 7024 score (0, 1, 12, 0.114669) best (1, 9, 18, 0.115509)
step 7025 score (0, 0, 11, 0.123527) best (1, 9, 18, 0.115509)
step 7026 score (0, 1, 11, 0.126729) best (1, 9, 18, 0.115509)
step 7027 score (0, 1, 9, 0.107414) best (1, 9, 18, 0.115509)
step 7028 score (0, 1, 8, 0.116483) best (1, 9, 18, 0.115509)
step 7029 score (0, 4, 10, 0.119081) best (1, 9, 18, 0.115509)
step 7030 score (0, 1, 13, 0.131512) best (1, 9, 18, 0.115509)
step 7031 score (0, 1, 12, 0.126697) best (1, 9, 18, 0.115509)
step 7032 score (0, 1, 11, 0.113872) best (1, 9, 18, 0.115509)
step 7033 score (0, 1, 12, 0.105933) best (1, 9, 18, 0.115509)
step 7034 score (0, 1, 13, 0.127903) best (1, 9, 18, 0.115509)
step 7035 score (0, 1, 16, 0.11978) best (1, 9, 18, 0.115509)
step 7036 score (0, 0, 12, 0.077345) best (1, 9, 18, 0.115509)
step 7037 score (0, 0, 12, 0.128215) best (1, 9, 18, 0.115509)
step 7038 score (0, 1, 12, 0.114015) best (1, 9, 18, 0.115509)
step 7039 score (0, 0, 14, 0.105771) best (1, 9, 18, 0.115509)
step 7040 score (0, 2, 15, 0.106647) best (1, 9, 18, 0.115509)
step 7041 score (0, 1, 12, 0.134605) best (1, 9, 18, 0.115509)
step 7042 score (0, 4, 14, 0.130106) best (1, 9, 18, 0.115509)
step 7043 score (0, 5, 12, 0.116671) best (1, 9, 18, 0.115509)
step 7044 score (0, 0, 13, 0.11637) best (1, 9, 18, 0.115509)
step 7045 score (0, 5, 12, 0.116671) best (1, 9, 18, 0.115509)
step 7046 score (0, 4, 14, 0.130106) best (1, 9, 18, 0.115509)
step 7047 score (0, 0, 12, 0.128264) best (1, 9, 18, 0.115509)
step 7048 score (0, 0, 13, 0.13256) best (1, 9, 18, 0.115509)
step 7049 score (0, 0, 15, 0.138665) best (1, 9, 18, 0.115509)
step 7050 score (0, 0, 15, 0.100591) best (1, 9, 18, 0.115509)
step 7051 score (0, 2, 10, 0.125628) best (1, 9, 18, 0.115509)
step 7052 score (0, 3, 12, 0.132851) best (1, 9, 18, 0.115509)
step 7053 score (0, 2, 11, 0.113152) best (1, 9, 18, 0.115509)
step 7054 score (0, 1, 7, 0.104004) best (1, 9, 18, 0.115509)
step 7055 score (0, 0, 11, 0.089777) best (1, 9, 18, 0.115509)
step 7056 score (0, 0, 14, 0.119165) best (1, 9, 18, 0.115509)
step 7057 score (0, 5, 13, 0.121958) best (1, 9, 18, 0.115509)
step 7058 score (0, 0, 16, 0.143294) best (1, 9, 18, 0.115509)
step 7059 score (0, 3, 15, 0.125886) best (1, 9, 18, 0.115509)
step 7060 score (0, 0, 14, 0.119165) best (1, 9, 18, 0.115509)
step 7061 score (0, 0, 12, 0.090641) best (1, 9, 18, 0.115509)
step 7062 score (0, 0, 14, 0.119165) best (1, 9, 18, 0.115509)
step 7063 score (0, 5, 13, 0.121958) best (1, 9, 18, 0.115509)
step 7064 score (0, 1, 16, 0.108765) best (1, 9, 18, 0.115509)
step 7065 score (0, 4, 12, 0.101994) best (1, 9, 18, 0.115509)
step 7066 score (0, 0, 13, 0.102381) best (1, 9, 18, 0.115509)
step 7067 score (0, 1, 12, 0.105667) best (1, 9, 18, 0.115509)
step 7068 score (0, 4, 13, 0.115314) best (1, 9, 18, 0.115509)
step 7069 score (0, 3, 12, 0.115475) best (1, 9, 18, 0.115509)
step 7070 score (0, 3, 16, 0.142649) best (1, 9, 18, 0.115509)
step 7071 score (0, 2, 13, 0.125713) best (1, 9, 18, 0.115509)
step 7072 score (0, 4, 13, 0.115314) best (1, 9, 18, 0.115509)
step 7073 score (0, 0, 14, 0.119612) best (1, 9, 18, 0.115509)
step 7074 score (0, 1, 13, 0.112306) best (1, 9, 18, 0.115509)
step 7075 score (0, 5, 12, 0.097983) best (1, 9, 18, 0.115509)
step 7076 score (0, 1, 13, 0.112306) best (1, 9, 18, 0.115509)
step 7077 score (0, 1, 15, 0.120859) best (1, 9, 18, 0.115509)
step 7078 score (0, 3, 11, 0.124059) best (1, 9, 18, 0.115509)
step 7079 score (0, 1, 15, 0.120859) best (1, 9, 18, 0.115509)
step 7080 score (0, 2, 14, 0.128603) best (1, 9, 18, 0.115509)
step 7081 score (0, 0, 14, 0.143383) best (1, 9, 18, 0.115509)
step 7082 score (0, 1, 6, 0.104503) best (1, 9, 18, 0.115509)
step 7083 score (0, 0, 10, 0.110269) best (1, 9, 18, 0.115509)
step 7084 score (0, 2, 10, 0.113469) best (1, 9, 18, 0.115509)
step 7085 score (0, 2, 14, 0.110955) best (1, 9, 18, 0.115509)
step 7086 score (0, 1, 12, 0.097525) best (1, 9, 18, 0.115509)
step 7087 score (0, 3, 10, 0.096077) best (1, 9, 18, 0.115509)
step 7088 score (0, 1, 12, 0.097525) best (1, 9, 18, 0.115509)
step 7089 score (0, 1, 12, 0.097572) best (1, 9, 18, 0.115509)
step 7090 score (0, 1, 12, 0.097525) best (1, 9, 18, 0.115509)
step 7091 score (0, 3, 10, 0.096077) best (1, 9, 18, 0.115509)
step 7092 score (0, 1, 11, 0.095803) best (1, 9, 18, 0.115509)
step 7093 score (0, 3, 10, 0.096077) best (1, 9, 18, 0.115509)
step 7094 score (0, 1, 12, 0.097525) best (1, 9, 18, 0.115509)
step 7095 score (0, 1, 12, 0.107214) best (1, 9, 18, 0.115509)
step 7096 score (0, 2, 14, 0.107212) best (1, 9, 18, 0.115509)
step 7097 score (0, 1, 11, 0.109818) best (1, 9, 18, 0.115509)
step 7098 score (0, 2, 13, 0.131328) best (1, 9, 18, 0.115509)
step 7099 score (0, 1, 12, 0.12462) best (1, 9, 18, 0.115509)
step 7100 score (0, 2, 13, 0.131328) best (1, 9, 18, 0.115509)
step 7101 score (0, 1, 11, 0.109818) best (1, 9, 18, 0.115509)
step 7102 score (0, 0, 11, 0.106449) best (1, 9, 18, 0.115509)
step 7103 score (0, 0, 14, 0.104419) best (1, 9, 18, 0.115509)
step 7104 score (0, 0, 15, 0.1125) best (1, 9, 18, 0.115509)
step 7105 score (0, 0, 12, 0.130624) best (1, 9, 18, 0.115509)
step 7106 score (0, 0, 13, 0.113583) best (1, 9, 18, 0.115509)
step 7107 score (0, 0, 19, 0.146681) best (1, 9, 18, 0.115509)
step 7108 score (0, 1, 15, 0.148966) best (1, 9, 18, 0.115509)
step 7109 score (0, 2, 14, 0.146197) best (1, 9, 18, 0.115509)
step 7110 score (0, 0, 17, 0.134645) best (1, 9, 18, 0.115509)
step 7111 score (0, 2, 14, 0.146197) best (1, 9, 18, 0.115509)
step 7112 score (0, 4, 16, 0.123722) best (1, 9, 18, 0.115509)
step 7113 score (0, 1, 15, 0.111746) best (1, 9, 18, 0.115509)
step 7114 score (0, 1, 15, 0.116703) best (1, 9, 18, 0.115509)
step 7115 score (0, 1, 15, 0.111746) best (1, 9, 18, 0.115509)
step 7116 score (0, 1, 12, 0.104804) best (1, 9, 18, 0.115509)
step 7117 score (0, 0, 14, 0.106711) best (1, 9, 18, 0.115509)
step 7118 score (0, 3, 14, 0.090487) best (1, 9, 18, 0.115509)
step 7119 score (0, 1, 15, 0.10003) best (1, 9, 18, 0.115509)
step 7120 score (0, 0, 12, 0.10836) best (1, 9, 18, 0.115509)
step 7121 score (0, 1, 15, 0.10003) best (1, 9, 18, 0.115509)
step 7122 score (0, 1, 12, 0.104804) best (1, 9, 18, 0.115509)
step 7123 score (0, 0, 14, 0.106711) best (1, 9, 18, 0.115509)
step 7124 score (0, 4, 16, 0.123722) best (1, 9, 18, 0.115509)
step 7125 score (0, 0, 17, 0.122603) best (1, 9, 18, 0.115509)
step 7126 score (0, 0, 15, 0.142577) best (1, 9, 18, 0.115509)
step 7127 score (0, 2, 14, 0.146197) best (1, 9, 18, 0.115509)
step 7128 score (0, 4, 16, 0.123722) best (1, 9, 18, 0.115509)
step 7129 score (0, 0, 11, 0.118488) best (1, 9, 18, 0.115509)
step 7130 score (0, 4, 16, 0.123722) best (1, 9, 18, 0.115509)
step 7131 score (0, 2, 14, 0.146197) best (1, 9, 18, 0.115509)
step 7132 score (0, 1, 16, 0.126246) best (1, 9, 18, 0.115509)
step 7133 score (0, 2, 16, 0.12425) best (1, 9, 18, 0.115509)
step 7134 score (0, 0, 13, 0.11685) best (1, 9, 18, 0.115509)
step 7135 score (0, 1, 15, 0.109435) best (1, 9, 18, 0.115509)
step 7136 score (0, 0, 13, 0.11685) best (1, 9, 18, 0.115509)
step 7137 score (0, 5, 14, 0.140157) best (1, 9, 18, 0.115509)
step 7138 score (0, 0, 16, 0.149247) best (1, 9, 18, 0.115509)
step 7139 score (0, 3, 14, 0.151963) best (1, 9, 18, 0.115509)
step 7140 score (0, 1, 15, 0.133175) best (1, 9, 18, 0.115509)
step 7141 score (0, 3, 15, 0.117988) best (1, 9, 18, 0.115509)
step 7142 score (0, 3, 15, 0.105663) best (1, 9, 18, 0.115509)
step 7143 score (0, 3, 15, 0.117988) best (1, 9, 18, 0.115509)
step 7144 score (0, 0, 12, 0.114667) best (1, 9, 18, 0.115509)
step 7145 score (0, 0, 11, 0.117052) best (1, 9, 18, 0.115509)
step 7146 score (0, 3, 15, 0.105663) best (1, 9, 18, 0.115509)
step 7147 score (0, 3, 15, 0.117988) best (1, 9, 18, 0.115509)
step 7148 score (0, 1, 15, 0.133175) best (1, 9, 18, 0.115509)
step 7149 score (0, 1, 9, 0.11363) best (1, 9, 18, 0.115509)
step 7150 score (0, 0, 13, 0.142594) best (1, 9, 18, 0.115509)
step 7151 score (0, 0, 16, 0.162385) best (1, 9, 18, 0.115509)
step 7152 score (0, 1, 13, 0.1267) best (1, 9, 18, 0.115509)
step 7153 score (0, 1, 16, 0.14208) best (1, 9, 18, 0.115509)
step 7154 score (0, 2, 14, 0.120318) best (1, 9, 18, 0.115509)
step 7155 score (0, 1, 12, 0.103925) best (1, 9, 18, 0.115509)
step 7156 score (0, 0, 13, 0.138041) best (1, 9, 18, 0.115509)
step 7157 score (0, 1, 12, 0.103925) best (1, 9, 18, 0.115509)
step 7158 score (0, 1, 12, 0.112139) best (1, 9, 18, 0.115509)
step 7159 score (0, 3, 14, 0.105061) best (1, 9, 18, 0.115509)
step 7160 score (0, 4, 15, 0.119911) best (1, 9, 18, 0.115509)
step 7161 score (0, 1, 10, 0.13065) best (1, 9, 18, 0.115509)
step 7162 score (0, 1, 11, 0.110932) best (1, 9, 18, 0.115509)
step 7163 score (0, 1, 16, 0.14208) best (1, 9, 18, 0.115509)
step 7164 score (0, 0, 15, 0.164355) best (1, 9, 18, 0.115509)
step 7165 score (0, 1, 16, 0.14208) best (1, 9, 18, 0.115509)
step 7166 score (0, 2, 14, 0.120318) best (1, 9, 18, 0.115509)
step 7167 score (0, 1, 10, 0.13065) best (1, 9, 18, 0.115509)
step 7168 score (0, 4, 15, 0.119911) best (1, 9, 18, 0.115509)
step 7169 score (0, 3, 10, 0.126026) best (1, 9, 18, 0.115509)
step 7170 score (0, 4, 15, 0.119911) best (1, 9, 18, 0.115509)
step 7171 score (0, 1, 14, 0.106286) best (1, 9, 18, 0.115509)
step 7172 score (0, 2, 15, 0.098969) best (1, 9, 18, 0.115509)
step 7173 score (0, 2, 13, 0.098734) best (1, 9, 18, 0.115509)
step 7174 score (0, 3, 15, 0.119131) best (1, 9, 18, 0.115509)
step 7175 score (0, 2, 13, 0.098734) best (1, 9, 18, 0.115509)
step 7176 score (0, 5, 15, 0.112272) best (1, 9, 18, 0.115509)
step 7177 score (0, 8, 12, 0.111126) best (1, 9, 18, 0.115509)
step 7178 score (0, 5, 11, 0.128609) best (1, 9, 18, 0.115509)
step 7179 score (0, 2, 11, 0.134209) best (1, 9, 18, 0.115509)
step 7180 score (0, 0, 15, 0.152777) best (1, 9, 18, 0.115509)
step 7181 score (0, 2, 11, 0.134209) best (1, 9, 18, 0.115509)
step 7182 score (0, 1, 14, 0.137227) best (1, 9, 18, 0.115509)
step 7183 score (0, 3, 10, 0.114833) best (1, 9, 18, 0.115509)
step 7184 score (0, 2, 10, 0.121917) best (1, 9, 18, 0.115509)
step 7185 score (0, 2, 10, 0.100628) best (1, 9, 18, 0.115509)
step 7186 score (0, 3, 11, 0.124917) best (1, 9, 18, 0.115509)
step 7187 score (0, 4, 10, 0.125827) best (1, 9, 18, 0.115509)
step 7188 score (0, 2, 9, 0.108018) best (1, 9, 18, 0.115509)
step 7189 score (0, 2, 11, 0.11364) best (1, 9, 18, 0.115509)
step 7190 score (0, 8, 10, 0.114455) best (1, 9, 18, 0.115509)
step 7191 score (0, 5, 10, 0.133886) best (1, 9, 18, 0.115509)
step 7192 score (0, 4, 11, 0.120749) best (1, 9, 18, 0.115509)
step 7193 score (0, 5, 10, 0.133886) best (1, 9, 18, 0.115509)
step 7194 score (0, 2, 13, 0.128115) best (1, 9, 18, 0.115509)
step 7195 score (0, 3, 10, 0.141203) best (1, 9, 18, 0.115509)
step 7196 score (0, 2, 13, 0.131746) best (1, 9, 18, 0.115509)
step 7197 score (0, 4, 10, 0.125827) best (1, 9, 18, 0.115509)
step 7198 score (0, 2, 9, 0.108018) best (1, 9, 18, 0.115509)
step 7199 score (0, 3, 10, 0.114833) best (1, 9, 18, 0.115509)
step 7200 score (0, 2, 10, 0.121917) best (1, 9, 18, 0.115509)
step 7201 score (0, 2, 10, 0.100628) best (1, 9, 18, 0.115509)
step 7202 score (0, 3, 11, 0.124917) best (1, 9, 18, 0.115509)
step 7203 score (0, 4, 10, 0.125827) best (1, 9, 18, 0.115509)
step 7204 score (0, 2, 9, 0.108018) best (1, 9, 18, 0.115509)
step 7205 score (0, 3, 10, 0.114833) best (1, 9, 18, 0.115509)
step 7206 score (0, 3, 10, 0.123755) best (1, 9, 18, 0.115509)
step 7207 score (0, 5, 10, 0.155229) best (1, 9, 18, 0.115509)
step 7208 score (0, 7, 10, 0.147907) best (1, 9, 18, 0.115509)
step 7209 score (0, 3, 10, 0.14962) best (1, 9, 18, 0.115509)
step 7210 score (0, 2, 11, 0.151352) best (1, 9, 18, 0.115509)
step 7211 score (0, 6, 11, 0.152598) best (1, 9, 18, 0.115509)
step 7212 score (0, 9, 11, 0.121382) best (1, 9, 18, 0.115509)
step 7213 score (0, 7, 10, 0.122079) best (1, 9, 18, 0.115509)
step 7214 score (0, 2, 11, 0.151016) best (1, 9, 18, 0.115509)
step 7215 score (0, 8, 16, 0.129466) best (1, 9, 18, 0.115509)
step 7216 score (0, 4, 16, 0.134443) best (1, 9, 18, 0.115509)
step 7217 score (0, 9, 17, 0.191811) best (1, 9, 18, 0.115509)
step 7218 score (0, 8, 18, 0.197002) best (1, 9, 18, 0.115509)
step 7219 score (0, 9, 17, 0.191811) best (1, 9, 18, 0.115509)
step 7220 score (0, 8, 17, 0.183052) best (1, 9, 18, 0.115509)
step 7221 score (0, 5, 15, 0.157541) best (1, 9, 18, 0.115509)
step 7222 score (0, 5, 14, 0.139008) best (1, 9, 18, 0.115509)
step 7223 score (0, 6, 15, 0.114581) best (1, 9, 18, 0.115509)
step 7224 score (0, 7, 12, 0.116063) best (1, 9, 18, 0.115509)
step 7225 score (0, 5, 14, 0.111294) best (1, 9, 18, 0.115509)
step 7226 score (0, 7, 12, 0.116063) best (1, 9, 18, 0.115509)
step 7227 score (0, 6, 15, 0.114581) best (1, 9, 18, 0.115509)
step 7228 score (0, 5, 9, 0.127362) best (1, 9, 18, 0.115509)
step 7229 score (0, 4, 13, 0.108178) best (1, 9, 18, 0.115509)
step 7230 score (0, 8, 12, 0.122192) best (1, 9, 18, 0.115509)
step 7231 score (0, 3, 16, 0.154673) best (1, 9, 18, 0.115509)
step 7232 score (0, 3, 9, 0.138975) best (1, 9, 18, 0.115509)
step 7233 score (0, 6, 9, 0.113463) best (1, 9, 18, 0.115509)
step 7234 score (0, 4, 16, 0.117751) best (1, 9, 18, 0.115509)
step 7235 score (0, 5, 13, 0.116428) best (1, 9, 18, 0.115509)
step 7236 score (0, 5, 9, 0.132977) best (1, 9, 18, 0.115509)
step 7237 score (0, 1, 13, 0.125488) best (1, 9, 18, 0.115509)
step 7238 score (0, 5, 9, 0.132977) best (1, 9, 18, 0.115509)
step 7239 score (0, 5, 13, 0.116428) best (1, 9, 18, 0.115509)
step 7240 score (0, 5, 10, 0.079945) best (1, 9, 18, 0.115509)
step 7241 score (0, 5, 8, 0.099482) best (1, 9, 18, 0.115509)
step 7242 score (0, 4, 9, 0.118291) best (1, 9, 18, 0.115509)
step 7243 score (0, 0, 12, 0.154039) best (1, 9, 18, 0.115509)
step 7244 score (0, 0, 13, 0.149775) best (1, 9, 18, 0.115509)
step 7245 score (0, 0, 12, 0.140992) best (1, 9, 18, 0.115509)
step 7246 score (0, 2, 15, 0.148786) best (1, 9, 18, 0.115509)
step 7247 score (0, 0, 13, 0.11625) best (1, 9, 18, 0.115509)
step 7248 score (0, 0, 14, 0.115226) best (1, 9, 18, 0.115509)
step 7249 score (0, 1, 15, 0.132507) best (1, 9, 18, 0.115509)
step 7250 score (0, 1, 13, 0.123355) best (1, 9, 18, 0.115509)
step 7251 score (0, 3, 15, 0.163255) best (1, 9, 18, 0.115509)
step 7252 score (0, 4, 15, 0.165961) best (1, 9, 18, 0.115509)
step 7253 score (0, 4, 15, 0.154753) best (1, 9, 18, 0.115509)
step 7254 score (0, 4, 10, 0.14206) best (1, 9, 18, 0.115509)
step 7255 score (0, 4, 15, 0.154753) best (1, 9, 18, 0.115509)
step 7256 score (0, 7, 16, 0.164528) best (1, 9, 18, 0.115509)
step 7257 score (0, 2, 13, 0.151144) best (1, 9, 18, 0.115509)
step 7258 score (0, 8, 13, 0.14209) best (1, 9, 18, 0.115509)
step 7259 score (0, 8, 9, 0.163397) best (1, 9, 18, 0.115509)
step 7260 score (0, 8, 13, 0.14209) best (1, 9, 18, 0.115509)
step 7261 score (0, 6, 14, 0.157667) best (1, 9, 18, 0.115509)
step 7262 score (0, 5, 13, 0.120814) best (1, 9, 18, 0.115509)
step 7263 score (0, 2, 14, 0.126577) best (1, 9, 18, 0.115509)
step 7264 score (0, 7, 17, 0.17503) best (1, 9, 18, 0.115509)
step 7265 score (0, 7, 17, 0.165425) best (1, 9, 18, 0.115509)
step 7266 score (0, 7, 16, 0.164528) best (1, 9, 18, 0.115509)
step 7267 score (0, 8, 16, 0.170984) best (1, 9, 18, 0.115509)
CERTIFICATE e817f5489957fab9
step 7268 score (1, 7, 16, 0.134477) best (1, 9, 18, 0.115509)
step 7269 score (0, 6, 14, 0.157667) best (1, 9, 18, 0.115509)
CERTIFICATE 2189f959709014ed
step 7270 score (1, 7, 16, 0.134477) best (1, 9, 18, 0.115509)
step 7271 score (0, 6, 10, 0.118527) best (1, 9, 18, 0.115509)
step 7272 score (0, 5, 14, 0.114075) best (1, 9, 18, 0.115509)
step 7273 score (0, 5, 12, 0.117933) best (1, 9, 18, 0.115509)
step 7274 score (0, 3, 16, 0.155445) best (1, 9, 18, 0.115509)
step 7275 score (0, 1, 16, 0.1472) best (1, 9, 18, 0.115509)
step 7276 score (0, 6, 16, 0.134498) best (1, 9, 18, 0.115509)
step 7277 score (0, 5, 14, 0.141465) best (1, 9, 18, 0.115509)
step 7278 score (0, 5, 14, 0.134585) best (1, 9, 18, 0.115509)
step 7279 score (0, 6, 14, 0.138127) best (1, 9, 18, 0.115509)
step 7280 score (0, 8, 12, 0.141312) best (1, 9, 18, 0.115509)
step 7281 score (0, 9, 9, 0.148854) best (1, 9, 18, 0.115509)
step 7282 score (0, 10, 10, 0.130546) best (1, 9, 18, 0.115509)
step 7283 score (0, 9, 9, 0.148854) best (1, 9, 18, 0.115509)
step 7284 score (0, 8, 13, 0.13273) best (1, 9, 18, 0.115509)
step 7285 score (0, 9, 16, 0.178229) best (1, 9, 18, 0.115509)
step 7286 score (0, 8, 13, 0.13273) best (1, 9, 18, 0.115509)
step 7287 score (0, 9, 9, 0.148854) best (1, 9, 18, 0.115509)
step 7288 score (0, 10, 10, 0.130546) best (1, 9, 18, 0.115509)
step 7289 score (0, 9, 9, 0.148854) best (1, 9, 18, 0.115509)
step 7290 score (0, 8, 13, 0.13273) best (1, 9, 18, 0.115509)
step 7291 score (0, 6, 17, 0.159806) best (1, 9, 18, 0.115509)
step 7292 score (0, 8, 14, 0.170589) best (1, 9, 18, 0.115509)
step 7293 score (0, 6, 17, 0.159806) best (1, 9, 18, 0.115509)
step 7294 score (0, 7, 10, 0.119834) best (1, 9, 18, 0.115509)
step 7295 score (0, 6, 17, 0.159806) best (1, 9, 18, 0.115509)
step 7296 score (0, 8, 14, 0.170589) best (1, 9, 18, 0.115509)
step 7297 score (0, 10, 17, 0.184406) best (1, 9, 18, 0.115509)
step 7298 score (0, 8, 14, 0.170589) best (1, 9, 18, 0.115509)
step 7299 score (0, 8, 15, 0.179543) best (1, 9, 18, 0.115509)
step 7300 score (0, 8, 14, 0.170589) best (1, 9, 18, 0.115509)
step 7301 score (0, 10, 17, 0.184406) best (1, 9, 18, 0.115509)
step 7302 score (0, 7, 15, 0.134174) best (1, 9, 18, 0.115509)
step 7303 score (0, 5, 11, 0.104934) best (1, 9, 18, 0.115509)
step 7304 score (0, 0, 11, 0.128768) best (1, 9, 18, 0.115509)
step 7305 score (0, 0, 8, 0.112349) best (1, 9, 18, 0.115509)
step 7306 score (0, 2, 13, 0.12487) best (1, 9, 18, 0.115509)
step 7307 score (0, 2, 9, 0.108769) best (1, 9, 18, 0.115509)
step 7308 score (0, 0, 13, 0.104174) best (1, 9, 18, 0.115509)
step 7309 score (0, 2, 9, 0.108769) best (1, 9, 18, 0.115509)
step 7310 score (0, 0, 13, 0.104174) best (1, 9, 18, 0.115509)
step 7311 score (0, 0, 12, 0.108679) best (1, 9, 18, 0.115509)
step 7312 score (0, 0, 10, 0.114131) best (1, 9, 18, 0.115509)
step 7313 score (0, 1, 13, 0.09715) best (1, 9, 18, 0.115509)
step 7314 score (0, 6, 13, 0.106659) best (1, 9, 18, 0.115509)
step 7315 score (0, 3, 14, 0.115629) best (1, 9, 18, 0.115509)
step 7316 score (0, 1, 17, 0.124387) best (1, 9, 18, 0.115509)
step 7317 score (0, 3, 14, 0.115629) best (1, 9, 18, 0.115509)
step 7318 score (0, 1, 15, 0.121388) best (1, 9, 18, 0.115509)
step 7319 score (0, 3, 14, 0.115629) best (1, 9, 18, 0.115509)
step 7320 score (0, 1, 13, 0.127021) best (1, 9, 18, 0.115509)
step 7321 score (0, 1, 13, 0.138958) best (1, 9, 18, 0.115509)
step 7322 score (0, 1, 18, 0.140504) best (1, 9, 18, 0.115509)
step 7323 score (0, 2, 17, 0.133587) best (1, 9, 18, 0.115509)
step 7324 score (0, 1, 15, 0.121388) best (1, 9, 18, 0.115509)
step 7325 score (0, 3, 14, 0.115629) best (1, 9, 18, 0.115509)
step 7326 score (0, 7, 17, 0.143896) best (1, 9, 18, 0.115509)
step 7327 score (0, 7, 17, 0.16691) best (1, 9, 18, 0.115509)
step 7328 score (0, 5, 16, 0.154644) best (1, 9, 18, 0.115509)
step 7329 score (0, 4, 17, 0.181149) best (1, 9, 18, 0.115509)
step 7330 score (0, 4, 15, 0.146136) best (1, 9, 18, 0.115509)
step 7331 score (0, 4, 12, 0.14019) best (1, 9, 18, 0.115509)
step 7332 score (0, 4, 12, 0.138178) best (1, 9, 18, 0.115509)
step 7333 score (0, 5, 15, 0.154199) best (1, 9, 18, 0.115509)
step 7334 score (0, 4, 17, 0.158072) best (1, 9, 18, 0.115509)
step 7335 score (0, 5, 15, 0.154199) best (1, 9, 18, 0.115509)
step 7336 score (0, 0, 17, 0.135905) best (1, 9, 18, 0.115509)
step 7337 score (0, 0, 13, 0.128517) best (1, 9, 18, 0.115509)
step 7338 score (0, 3, 17, 0.151483) best (1, 9, 18, 0.115509)
step 7339 score (0, 1, 12, 0.111704) best (1, 9, 18, 0.115509)
step 7340 score (0, 2, 11, 0.133775) best (1, 9, 18, 0.115509)
step 7341 score (0, 1, 10, 0.128999) best (1, 9, 18, 0.115509)
step 7342 score (0, 3, 12, 0.130044) best (1, 9, 18, 0.115509)
step 7343 score (0, 3, 16, 0.149074) best (1, 9, 18, 0.115509)
step 7344 score (0, 3, 12, 0.148815) best (1, 9, 18, 0.115509)
step 7345 score (0, 3, 15, 0.12074) best (1, 9, 18, 0.115509)
step 7346 score (0, 3, 16, 0.150716) best (1, 9, 18, 0.115509)
step 7347 score (0, 4, 17, 0.143504) best (1, 9, 18, 0.115509)
step 7348 score (0, 5, 18, 0.158371) best (1, 9, 18, 0.115509)
CERTIFICATE 3d12f58691cc7434
step 7349 score (1, 2, 17, 0.14366) best (1, 9, 18, 0.115509)
step 7350 score (0, 5, 18, 0.158371) best (1, 9, 18, 0.115509)
step 7351 score (0, 5, 17, 0.152834) best (1, 9, 18, 0.115509)
CERTIFICATE e04744dd38f8a653
step 7352 score (1, 5, 17, 0.148603) best (1, 9, 18, 0.115509)
step 7353 score (0, 3, 17, 0.140072) best (1, 9, 18, 0.115509)
step 7354 score (0, 3, 16, 0.147743) best (1, 9, 18, 0.115509)
step 7355 score (0, 1, 16, 0.159914) best (1, 9, 18, 0.115509)
step 7356 score (0, 1, 14, 0.134157) best (1, 9, 18, 0.115509)
step 7357 score (0, 4, 12, 0.128602) best (1, 9, 18, 0.115509)
step 7358 score (0, 1, 14, 0.134157) best (1, 9, 18, 0.115509)
step 7359 score (0, 1, 16, 0.159914) best (1, 9, 18, 0.115509)
step 7360 score (0, 3, 16, 0.147743) best (1, 9, 18, 0.115509)
step 7361 score (0, 1, 13, 0.112894) best (1, 9, 18, 0.115509)
step 7362 score (0, 3, 15, 0.098795) best (1, 9, 18, 0.115509)
step 7363 score (0, 3, 13, 0.11577) best (1, 9, 18, 0.115509)
step 7364 score (0, 2, 11, 0.115643) best (1, 9, 18, 0.115509)
step 7365 score (0, 6, 13, 0.126144) best (1, 9, 18, 0.115509)
step 7366 score (0, 3, 10, 0.152478) best (1, 9, 18, 0.115509)
step 7367 score (0, 3, 13, 0.122911) best (1, 9, 18, 0.115509)
step 7368 score (0, 2, 13, 0.108972) best (1, 9, 18, 0.115509)
step 7369 score (0, 0, 10, 0.11816) best (1, 9, 18, 0.115509)
step 7370 score (0, 9, 11, 0.122794) best (1, 9, 18, 0.115509)
step 7371 score (0, 7, 11, 0.120017) best (1, 9, 18, 0.115509)
step 7372 score (0, 3, 11, 0.103174) best (1, 9, 18, 0.115509)
CERTIFICATE 38938729f344b7d1
step 7373 score (1, 8, 11, 0.089116) best (1, 9, 18, 0.115509)
CERTIFICATE 258a7a90cefa53ec
step 7374 score (1, 8, 12, 0.119857) best (1, 9, 18, 0.115509)
step 7375 score (0, 9, 11, 0.147306) best (1, 9, 18, 0.115509)
step 7376 score (0, 8, 10, 0.149312) best (1, 9, 18, 0.115509)
step 7377 score (0, 3, 10, 0.138728) best (1, 9, 18, 0.115509)
step 7378 score (0, 8, 10, 0.149312) best (1, 9, 18, 0.115509)
step 7379 score (0, 9, 11, 0.147306) best (1, 9, 18, 0.115509)
CERTIFICATE 0b8e2908ac19487b
step 7380 score (1, 8, 12, 0.119857) best (1, 9, 18, 0.115509)
CERTIFICATE 268c270bddcc7aab
step 7381 score (1, 8, 11, 0.089116) best (1, 9, 18, 0.115509)
step 7382 score (0, 8, 11, 0.13141) best (1, 9, 18, 0.115509)
CERTIFICATE 3ba926a7df0326b5
step 7383 score (1, 8, 11, 0.089116) best (1, 9, 18, 0.115509)
step 7384 score (0, 4, 10, 0.116657) best (1, 9, 18, 0.115509)
step 7385 score (0, 4, 10, 0.138288) best (1, 9, 18, 0.115509)
step 7386 score (0, 0, 9, 0.098908) best (1, 9, 18, 0.115509)
step 7387 score (0, 7, 13, 0.087916) best (1, 9, 18, 0.115509)
step 7388 score (0, 9, 11, 0.158311) best (1, 9, 18, 0.115509)
step 7389 score (0, 7, 13, 0.087916) best (1, 9, 18, 0.115509)
step 7390 score (0, 6, 10, 0.11983) best (1, 9, 18, 0.115509)
step 7391 score (0, 2, 10, 0.109068) best (1, 9, 18, 0.115509)
step 7392 score (0, 6, 8, 0.124469) best (1, 9, 18, 0.115509)
step 7393 score (0, 6, 13, 0.103851) best (1, 9, 18, 0.115509)
step 7394 score (0, 3, 14, 0.099722) best (1, 9, 18, 0.115509)
step 7395 score (0, 4, 15, 0.13288) best (1, 9, 18, 0.115509)
step 7396 score (0, 4, 16, 0.119726) best (1, 9, 18, 0.115509)
step 7397 score (0, 7, 13, 0.087916) best (1, 9, 18, 0.115509)
step 7398 score (0, 9, 11, 0.158311) best (1, 9, 18, 0.115509)
step 7399 score (0, 7, 11, 0.134145) best (1, 9, 18, 0.115509)
step 7400 score (0, 9, 11, 0.158311) best (1, 9, 18, 0.115509)
step 7401 score (0, 7, 10, 0.12173) best (1, 9, 18, 0.115509)
step 7402 score (0, 9, 11, 0.158311) best (1, 9, 18, 0.115509)
step 7403 score (0, 7, 13, 0.087916) best (1, 9, 18, 0.115509)
step 7404 score (0, 1, 12, 0.108921) best (1, 9, 18, 0.115509)
step 7405 score (0, 0, 9, 0.11698) best (1, 9, 18, 0.115509)
step 7406 score (0, 3, 9, 0.141072) best (1, 9, 18, 0.115509)
step 7407 score (0, 4, 10, 0.15737) best (1, 9, 18, 0.115509)
step 7408 score (0, 9, 11, 0.158311) best (1, 9, 18, 0.115509)
step 7409 score (0, 6, 11, 0.117057) best (1, 9, 18, 0.115509)
step 7410 score (0, 9, 11, 0.158311) best (1, 9, 18, 0.115509)
step 7411 score (0, 7, 11, 0.134145) best (1, 9, 18, 0.115509)
step 7412 score (0, 9, 11, 0.158311) best (1, 9, 18, 0.115509)
step 7413 score (0, 6, 11, 0.117057) best (1, 9, 18, 0.115509)
step 7414 score (0, 2, 9, 0.117711) best (1, 9, 18, 0.115509)
step 7415 score (0, 2, 8, 0.128119) best (1, 9, 18, 0.115509)
step 7416 score (0, 3, 11, 0.127849) best (1, 9, 18, 0.115509)
step 7417 score (0, 2, 11, 0.123191) best (1, 9, 18, 0.115509)
step 7418 score (0, 0, 11, 0.154763) best (1, 9, 18, 0.115509)
step 7419 score (0, 0, 14, 0.169676) best (1, 9, 18, 0.115509)
step 7420 score (0, 3, 18, 0.183594) best (1, 9, 18, 0.115509)
step 7421 score (0, 7, 17, 0.170052) best (1, 9, 18, 0.115509)
step 7422 score (0, 7, 17, 0.19813) best (1, 9, 18, 0.115509)
step 7423 score (0, 3, 16, 0.195872) best (1, 9, 18, 0.115509)
step 7424 score (0, 1, 15, 0.167919) best (1, 9, 18, 0.115509)
step 7425 score (0, 3, 16, 0.195872) best (1, 9, 18, 0.115509)
step 7426 score (0, 7, 17, 0.19813) best (1, 9, 18, 0.115509)
step 7427 score (0, 7, 17, 0.170052) best (1, 9, 18, 0.115509)
step 7428 score (0, 9, 12, 0.159078) best (1, 9, 18, 0.115509)
step 7429 score (0, 5, 17, 0.171673) best (1, 9, 18, 0.115509)
step 7430 score (0, 10, 16, 0.175374) best (1, 9, 18, 0.115509)
step 7431 score (0, 9, 15, 0.167193) best (1, 9, 18, 0.115509)
CERTIFICATE c73d36d570bff709
step 7432 score (1, 4, 15, 0.152837) best (1, 9, 18, 0.115509)
step 7433 score (0, 5, 15, 0.124552) best (1, 9, 18, 0.115509)
step 7434 score (0, 5, 15, 0.12318) best (1, 9, 18, 0.115509)
step 7435 score (0, 9, 14, 0.162885) best (1, 9, 18, 0.115509)
step 7436 score (0, 6, 14, 0.188506) best (1, 9, 18, 0.115509)
step 7437 score (0, 7, 16, 0.177213) best (1, 9, 18, 0.115509)
step 7438 score (0, 3, 16, 0.176942) best (1, 9, 18, 0.115509)
step 7439 score (0, 2, 15, 0.134027) best (1, 9, 18, 0.115509)
step 7440 score (0, 1, 11, 0.122204) best (1, 9, 18, 0.115509)
step 7441 score (0, 3, 12, 0.128131) best (1, 9, 18, 0.115509)
step 7442 score (0, 1, 11, 0.122204) best (1, 9, 18, 0.115509)
step 7443 score (0, 5, 15, 0.140863) best (1, 9, 18, 0.115509)
step 7444 score (0, 3, 14, 0.14042) best (1, 9, 18, 0.115509)
step 7445 score (0, 5, 15, 0.140863) best (1, 9, 18, 0.115509)
step 7446 score (0, 1, 12, 0.118376) best (1, 9, 18, 0.115509)
step 7447 score (0, 5, 15, 0.140863) best (1, 9, 18, 0.115509)
step 7448 score (0, 1, 14, 0.149102) best (1, 9, 18, 0.115509)
step 7449 score (0, 6, 15, 0.115784) best (1, 9, 18, 0.115509)
CERTIFICATE 77c9f1f779fbbf65
step 7450 score (1, 2, 12, 0.097639) best (1, 9, 18, 0.115509)
step 7451 score (0, 5, 14, 0.143815) best (1, 9, 18, 0.115509)
step 7452 score (0, 1, 13, 0.109715) best (1, 9, 18, 0.115509)
step 7453 score (0, 0, 14, 0.124464) best (1, 9, 18, 0.115509)
step 7454 score (0, 0, 13, 0.115163) best (1, 9, 18, 0.115509)
step 7455 score (0, 4, 15, 0.126775) best (1, 9, 18, 0.115509)
step 7456 score (0, 1, 15, 0.149294) best (1, 9, 18, 0.115509)
step 7457 score (0, 3, 14, 0.146887) best (1, 9, 18, 0.115509)
step 7458 score (0, 1, 11, 0.118126) best (1, 9, 18, 0.115509)
step 7459 score (0, 2, 11, 0.129311) best (1, 9, 18, 0.115509)
step 7460 score (0, 2, 7, 0.12731) best (1, 9, 18, 0.115509)
step 7461 score (0, 0, 12, 0.152733) best (1, 9, 18, 0.115509)
step 7462 score (0, 0, 12, 0.142292) best (1, 9, 18, 0.115509)
step 7463 score (0, 1, 12, 0.138297) best (1, 9, 18, 0.115509)
step 7464 score (0, 1, 14, 0.144935) best (1, 9, 18, 0.115509)
step 7465 score (0, 2, 15, 0.170367) best (1, 9, 18, 0.115509)
step 7466 score (0, 1, 10, 0.126247) best (1, 9, 18, 0.115509)
step 7467 score (0, 5, 12, 0.11653) best (1, 9, 18, 0.115509)
step 7468 score (0, 2, 12, 0.123929) best (1, 9, 18, 0.115509)
step 7469 score (0, 2, 12, 0.163472) best (1, 9, 18, 0.115509)
step 7470 score (0, 2, 13, 0.140574) best (1, 9, 18, 0.115509)
step 7471 score (0, 5, 13, 0.130301) best (1, 9, 18, 0.115509)
step 7472 score (0, 2, 11, 0.104157) best (1, 9, 18, 0.115509)
step 7473 score (0, 1, 11, 0.088298) best (1, 9, 18, 0.115509)
step 7474 score (0, 5, 11, 0.119283) best (1, 9, 18, 0.115509)
step 7475 score (0, 1, 17, 0.140976) best (1, 9, 18, 0.115509)
step 7476 score (0, 2, 13, 0.11478) best (1, 9, 18, 0.115509)
step 7477 score (0, 4, 16, 0.113416) best (1, 9, 18, 0.115509)
step 7478 score (0, 5, 17, 0.13829) best (1, 9, 18, 0.115509)
step 7479 score (0, 1, 15, 0.164558) best (1, 9, 18, 0.115509)
step 7480 score (0, 4, 14, 0.144544) best (1, 9, 18, 0.115509)
step 7481 score (0, 2, 10, 0.123639) best (1, 9, 18, 0.115509)
step 7482 score (0, 1, 15, 0.141537) best (1, 9, 18, 0.115509)
step 7483 score (0, 0, 14, 0.140682) best (1, 9, 18, 0.115509)
step 7484 score (0, 2, 13, 0.129017) best (1, 9, 18, 0.115509)
step 7485 score (0, 2, 14, 0.128766) best (1, 9, 18, 0.115509)
step 7486 score (0, 3, 16, 0.137125) best (1, 9, 18, 0.115509)
step 7487 score (0, 4, 17, 0.149892) best (1, 9, 18, 0.115509)
step 7488 score (0, 6, 15, 0.135851) best (1, 9, 18, 0.115509)
step 7489 score (0, 1, 16, 0.140131) best (1, 9, 18, 0.115509)
step 7490 score (0, 6, 17, 0.131892) best (1, 9, 18, 0.115509)
step 7491 score (0, 3, 15, 0.13175) best (1, 9, 18, 0.115509)
step 7492 score (0, 1, 15, 0.164609) best (1, 9, 18, 0.115509)
step 7493 score (0, 1, 14, 0.13946) best (1, 9, 18, 0.115509)
step 7494 score (0, 3, 15, 0.142746) best (1, 9, 18, 0.115509)
step 7495 score (0, 1, 11, 0.11119) best (1, 9, 18, 0.115509)
step 7496 score (0, 7, 15, 0.130602) best (1, 9, 18, 0.115509)
step 7497 score (0, 7, 14, 0.12958) best (1, 9, 18, 0.115509)
step 7498 score (0, 7, 15, 0.130602) best (1, 9, 18, 0.115509)
step 7499 score (0, 4, 15, 0.13728) best (1, 9, 18, 0.115509)
step 7500 score (0, 2, 15, 0.121092) best (1, 9, 18, 0.115509)
step 7501 score (0, 4, 15, 0.13728) best (1, 9, 18, 0.115509)
step 7502 score (0, 0, 13, 0.12892) best (1, 9, 18, 0.115509)
step 7503 score (0, 1, 13, 0.154983) best (1, 9, 18, 0.115509)
step 7504 score (0, 1, 14, 0.110304) best (1, 9, 18, 0.115509)
step 7505 score (0, 0, 13, 0.11213) best (1, 9, 18, 0.115509)
step 7506 score (0, 1, 14, 0.110304) best (1, 9, 18, 0.115509)
step 7507 score (0, 2, 12, 0.119435) best (1, 9, 18, 0.115509)
step 7508 score (0, 2, 11, 0.155709) best (1, 9, 18, 0.115509)
step 7509 score (0, 1, 13, 0.154983) best (1, 9, 18, 0.115509)
step 7510 score (0, 2, 15, 0.159975) best (1, 9, 18, 0.115509)
step 7511 score (0, 1, 15, 0.124341) best (1, 9, 18, 0.115509)
step 7512 score (0, 4, 14, 0.116768) best (1, 9, 18, 0.115509)
step 7513 score (0, 1, 15, 0.124341) best (1, 9, 18, 0.115509)
step 7514 score (0, 4, 14, 0.117442) best (1, 9, 18, 0.115509)
step 7515 score (0, 1, 13, 0.154983) best (1, 9, 18, 0.115509)
step 7516 score (0, 1, 14, 0.119942) best (1, 9, 18, 0.115509)
step 7517 score (0, 1, 12, 0.116321) best (1, 9, 18, 0.115509)
step 7518 score (0, 1, 14, 0.102139) best (1, 9, 18, 0.115509)
step 7519 score (0, 1, 13, 0.132226) best (1, 9, 18, 0.115509)
step 7520 score (0, 0, 12, 0.109779) best (1, 9, 18, 0.115509)
step 7521 score (0, 2, 15, 0.125638) best (1, 9, 18, 0.115509)
step 7522 score (0, 1, 11, 0.130906) best (1, 9, 18, 0.115509)
step 7523 score (0, 3, 12, 0.134948) best (1, 9, 18, 0.115509)
step 7524 score (0, 6, 18, 0.183001) best (1, 9, 18, 0.115509)
step 7525 score (0, 15, 18, 0.182598) best (1, 9, 18, 0.115509)
step 7526 score (0, 15, 18, 0.182598) best (1, 9, 18, 0.115509)
step 7527 score (0, 15, 18, 0.182598) best (1, 9, 18, 0.115509)
step 7528 score (0, 6, 18, 0.183001) best (1, 9, 18, 0.115509)
step 7529 score (0, 3, 12, 0.134948) best (1, 9, 18, 0.115509)
step 7530 score (0, 6, 15, 0.172253) best (1, 9, 18, 0.115509)
CERTIFICATE 5b131f37883935a9
step 7531 score (1, 7, 15, 0.126737) best (1, 9, 18, 0.115509)
step 7532 score (0, 2, 13, 0.126873) best (1, 9, 18, 0.115509)
step 7533 score (0, 5, 13, 0.152153) best (1, 9, 18, 0.115509)
step 7534 score (0, 4, 14, 0.147741) best (1, 9, 18, 0.115509)
step 7535 score (0, 6, 11, 0.130329) best (1, 9, 18, 0.115509)
step 7536 score (0, 5, 13, 0.139522) best (1, 9, 18, 0.115509)
CERTIFICATE 7f641bd30ff7d921
step 7537 score (1, 7, 13, 0.10754) best (1, 9, 18, 0.115509)
step 7538 score (0, 3, 17, 0.137732) best (1, 9, 18, 0.115509)
step 7539 score (0, 4, 16, 0.133436) best (1, 9, 18, 0.115509)
step 7540 score (0, 3, 17, 0.137732) best (1, 9, 18, 0.115509)
step 7541 score (0, 2, 16, 0.135305) best (1, 9, 18, 0.115509)
step 7542 score (0, 0, 12, 0.139168) best (1, 9, 18, 0.115509)
step 7543 score (0, 3, 14, 0.148181) best (1, 9, 18, 0.115509)
step 7544 score (0, 7, 13, 0.145567) best (1, 9, 18, 0.115509)
step 7545 score (0, 4, 13, 0.128552) best (1, 9, 18, 0.115509)
step 7546 score (0, 4, 15, 0.169628) best (1, 9, 18, 0.115509)
step 7547 score (0, 6, 15, 0.150381) best (1, 9, 18, 0.115509)
step 7548 score (0, 5, 16, 0.182838) best (1, 9, 18, 0.115509)
step 7549 score (0, 7, 16, 0.189889) best (1, 9, 18, 0.115509)
step 7550 score (0, 11, 17, 0.188549) best (1, 9, 18, 0.115509)
step 7551 score (0, 8, 17, 0.19801) best (1, 9, 18, 0.115509)
step 7552 score (0, 5, 10, 0.164636) best (1, 9, 18, 0.115509)
step 7553 score (0, 11, 17, 0.185855) best (1, 9, 18, 0.115509)
step 7554 score (0, 10, 17, 0.199563) best (1, 9, 18, 0.115509)
step 7555 score (0, 11, 17, 0.190813) best (1, 9, 18, 0.115509)
step 7556 score (0, 16, 17, 0.18417) best (1, 9, 18, 0.115509)
step 7557 score (0, 12, 17, 0.194708) best (1, 9, 18, 0.115509)
step 7558 score (0, 15, 17, 0.177101) best (1, 9, 18, 0.115509)
step 7559 score (0, 9, 16, 0.177016) best (1, 9, 18, 0.115509)
step 7560 score (0, 10, 16, 0.148876) best (1, 9, 18, 0.115509)
step 7561 score (0, 6, 16, 0.181008) best (1, 9, 18, 0.115509)
step 7562 score (0, 3, 16, 0.204192) best (1, 9, 18, 0.115509)
step 7563 score (0, 6, 16, 0.177373) best (1, 9, 18, 0.115509)
step 7564 score (0, 4, 11, 0.156142) best (1, 9, 18, 0.115509)
step 7565 score (0, 9, 12, 0.15262) best (1, 9, 18, 0.115509)
step 7566 score (0, 7, 15, 0.115025) best (1, 9, 18, 0.115509)
step 7567 score (0, 6, 15, 0.144417) best (1, 9, 18, 0.115509)
step 7568 score (0, 4, 15, 0.109392) best (1, 9, 18, 0.115509)
step 7569 score (0, 9, 12, 0.159078) best (1, 9, 18, 0.115509)
step 7570 score (0, 7, 17, 0.170052) best (1, 9, 18, 0.115509)
step 7571 score (0, 6, 16, 0.173294) best (1, 9, 18, 0.115509)
step 7572 score (0, 9, 14, 0.162885) best (1, 9, 18, 0.115509)
step 7573 score (0, 6, 11, 0.154681) best (1, 9, 18, 0.115509)
step 7574 score (0, 9, 15, 0.167193) best (1, 9, 18, 0.115509)
step 7575 score (0, 10, 16, 0.175374) best (1, 9, 18, 0.115509)
step 7576 score (0, 6, 14, 0.168291) best (1, 9, 18, 0.115509)
step 7577 score (0, 3, 10, 0.129012) best (1, 9, 18, 0.115509)
step 7578 score (0, 2, 15, 0.159258) best (1, 9, 18, 0.115509)
step 7579 score (0, 4, 13, 0.161449) best (1, 9, 18, 0.115509)
step 7580 score (0, 2, 15, 0.159258) best (1, 9, 18, 0.115509)
step 7581 score (0, 1, 14, 0.174179) best (1, 9, 18, 0.115509)
step 7582 score (0, 7, 16, 0.180204) best (1, 9, 18, 0.115509)
step 7583 score (0, 4, 14, 0.136077) best (1, 9, 18, 0.115509)
step 7584 score (0, 5, 16, 0.18231) best (1, 9, 18, 0.115509)
step 7585 score (0, 6, 17, 0.205579) best (1, 9, 18, 0.115509)
step 7586 score (0, 9, 17, 0.189478) best (1, 9, 18, 0.115509)
step 7587 score (0, 6, 16, 0.163965) best (1, 9, 18, 0.115509)
step 7588 score (0, 9, 17, 0.189478) best (1, 9, 18, 0.115509)
step 7589 score (0, 9, 15, 0.156193) best (1, 9, 18, 0.115509)
step 7590 score (0, 6, 8, 0.134831) best (1, 9, 18, 0.115509)
step 7591 score (0, 6, 8, 0.134209) best (1, 9, 18, 0.115509)
step 7592 score (0, 6, 8, 0.134831) best (1, 9, 18, 0.115509)
step 7593 score (0, 2, 9, 0.137675) best (1, 9, 18, 0.115509)
step 7594 score (0, 0, 10, 0.161996) best (1, 9, 18, 0.115509)
step 7595 score (0, 2, 9, 0.127164) best (1, 9, 18, 0.115509)
step 7596 score (0, 1, 17, 0.150295) best (1, 9, 18, 0.115509)
step 7597 score (0, 4, 14, 0.170379) best (1, 9, 18, 0.115509)
step 7598 score (0, 4, 15, 0.171307) best (1, 9, 18, 0.115509)
step 7599 score (0, 4, 15, 0.139852) best (1, 9, 18, 0.115509)
step 7600 score (0, 5, 15, 0.119515) best (1, 9, 18, 0.115509)
step 7601 score (0, 6, 14, 0.155705) best (1, 9, 18, 0.115509)
step 7602 score (0, 4, 15, 0.170469) best (1, 9, 18, 0.115509)
step 7603 score (0, 4, 15, 0.139852) best (1, 9, 18, 0.115509)
step 7604 score (0, 6, 16, 0.174508) best (1, 9, 18, 0.115509)
step 7605 score (0, 6, 15, 0.167805) best (1, 9, 18, 0.115509)
step 7606 score (0, 5, 15, 0.168735) best (1, 9, 18, 0.115509)
step 7607 score (0, 3, 15, 0.169814) best (1, 9, 18, 0.115509)
step 7608 score (0, 7, 16, 0.137462) best (1, 9, 18, 0.115509)
step 7609 score (0, 6, 15, 0.167805) best (1, 9, 18, 0.115509)
step 7610 score (0, 6, 16, 0.174508) best (1, 9, 18, 0.115509)
step 7611 score (0, 4, 16, 0.127495) best (1, 9, 18, 0.115509)
step 7612 score (0, 4, 9, 0.097575) best (1, 9, 18, 0.115509)
step 7613 score (0, 5, 9, 0.129672) best (1, 9, 18, 0.115509)
step 7614 score (0, 5, 15, 0.134967) best (1, 9, 18, 0.115509)
step 7615 score (0, 6, 15, 0.140624) best (1, 9, 18, 0.115509)
step 7616 score (0, 6, 14, 0.116889) best (1, 9, 18, 0.115509)
step 7617 score (0, 6, 15, 0.140624) best (1, 9, 18, 0.115509)
step 7618 score (0, 5, 15, 0.165519) best (1, 9, 18, 0.115509)
step 7619 score (0, 3, 16, 0.204406) best (1, 9, 18, 0.115509)
step 7620 score (0, 5, 16, 0.191257) best (1, 9, 18, 0.115509)
step 7621 score (0, 4, 16, 0.162304) best (1, 9, 18, 0.115509)
step 7622 score (0, 8, 17, 0.194734) best (1, 9, 18, 0.115509)
step 7623 score (0, 7, 17, 0.192632) best (1, 9, 18, 0.115509)
step 7624 score (0, 7, 17, 0.181527) best (1, 9, 18, 0.115509)
step 7625 score (0, 8, 17, 0.18826) best (1, 9, 18, 0.115509)
step 7626 score (0, 13, 16, 0.191403) best (1, 9, 18, 0.115509)
step 7627 score (0, 9, 16, 0.203043) best (1, 9, 18, 0.115509)
step 7628 score (0, 7, 17, 0.192784) best (1, 9, 18, 0.115509)
step 7629 score (0, 9, 16, 0.203043) best (1, 9, 18, 0.115509)
step 7630 score (0, 14, 16, 0.180507) best (1, 9, 18, 0.115509)
step 7631 score (0, 7, 17, 0.17167) best (1, 9, 18, 0.115509)
step 7632 score (0, 7, 17, 0.192784) best (1, 9, 18, 0.115509)
step 7633 score (0, 10, 17, 0.196604) best (1, 9, 18, 0.115509)
step 7634 score (0, 9, 17, 0.185645) best (1, 9, 18, 0.115509)
step 7635 score (0, 10, 18, 0.19561) best (1, 9, 18, 0.115509)
step 7636 score (0, 10, 17, 0.174072) best (1, 9, 18, 0.115509)
step 7637 score (0, 8, 17, 0.182974) best (1, 9, 18, 0.115509)
step 7638 score (0, 8, 18, 0.207662) best (1, 9, 18, 0.115509)
step 7639 score (0, 6, 18, 0.184182) best (1, 9, 18, 0.115509)
step 7640 score (0, 8, 16, 0.176859) best (1, 9, 18, 0.115509)
step 7641 score (0, 6, 18, 0.184182) best (1, 9, 18, 0.115509)
step 7642 score (0, 8, 18, 0.207662) best (1, 9, 18, 0.115509)
step 7643 score (0, 10, 17, 0.196604) best (1, 9, 18, 0.115509)
step 7644 score (0, 7, 14, 0.148571) best (1, 9, 18, 0.115509)
step 7645 score (0, 6, 12, 0.119417) best (1, 9, 18, 0.115509)
step 7646 score (0, 5, 10, 0.124031) best (1, 9, 18, 0.115509)
step 7647 score (0, 7, 12, 0.140042) best (1, 9, 18, 0.115509)
step 7648 score (0, 7, 13, 0.136404) best (1, 9, 18, 0.115509)
step 7649 score (0, 4, 9, 0.139188) best (1, 9, 18, 0.115509)
step 7650 score (0, 5, 9, 0.137759) best (1, 9, 18, 0.115509)
step 7651 score (0, 6, 11, 0.161239) best (1, 9, 18, 0.115509)
step 7652 score (0, 6, 14, 0.144772) best (1, 9, 18, 0.115509)
step 7653 score (0, 7, 15, 0.108638) best (1, 9, 18, 0.115509)
step 7654 score (0, 6, 14, 0.117886) best (1, 9, 18, 0.115509)
step 7655 score (0, 9, 13, 0.136281) best (1, 9, 18, 0.115509)
step 7656 score (0, 6, 14, 0.117886) best (1, 9, 18, 0.115509)
step 7657 score (0, 0, 14, 0.101436) best (1, 9, 18, 0.115509)
step 7658 score (0, 6, 14, 0.117886) best (1, 9, 18, 0.115509)
step 7659 score (0, 2, 9, 0.124131) best (1, 9, 18, 0.115509)
step 7660 score (0, 6, 14, 0.117886) best (1, 9, 18, 0.115509)
step 7661 score (0, 6, 12, 0.109832) best (1, 9, 18, 0.115509)
step 7662 score (0, 6, 12, 0.116162) best (1, 9, 18, 0.115509)
step 7663 score (0, 6, 12, 0.109832) best (1, 9, 18, 0.115509)
step 7664 score (0, 2, 9, 0.119261) best (1, 9, 18, 0.115509)
step 7665 score (0, 3, 10, 0.123142) best (1, 9, 18, 0.115509)
step 7666 score (0, 2, 11, 0.148105) best (1, 9, 18, 0.115509)
step 7667 score (0, 1, 11, 0.116417) best (1, 9, 18, 0.115509)
step 7668 score (0, 3, 12, 0.126709) best (1, 9, 18, 0.115509)
step 7669 score (0, 1, 9, 0.11687) best (1, 9, 18, 0.115509)
step 7670 score (0, 3, 12, 0.126709) best (1, 9, 18, 0.115509)
step 7671 score (0, 3, 12, 0.112189) best (1, 9, 18, 0.115509)
step 7672 score (0, 5, 11, 0.108088) best (1, 9, 18, 0.115509)
step 7673 score (0, 5, 12, 0.119471) best (1, 9, 18, 0.115509)
step 7674 score (0, 0, 9, 0.118848) best (1, 9, 18, 0.115509)
step 7675 score (0, 0, 10, 0.123829) best (1, 9, 18, 0.115509)
step 7676 score (0, 4, 11, 0.115823) best (1, 9, 18, 0.115509)
step 7677 score (0, 6, 10, 0.114224) best (1, 9, 18, 0.115509)
step 7678 score (0, 2, 7, 0.125217) best (1, 9, 18, 0.115509)
step 7679 score (0, 6, 10, 0.114224) best (1, 9, 18, 0.115509)
step 7680 score (0, 4, 11, 0.115823) best (1, 9, 18, 0.115509)
step 7681 score (0, 1, 12, 0.122356) best (1, 9, 18, 0.115509)
step 7682 score (0, 3, 15, 0.12624) best (1, 9, 18, 0.115509)
step 7683 score (0, 2, 17, 0.146701) best (1, 9, 18, 0.115509)
step 7684 score (0, 3, 15, 0.137945) best (1, 9, 18, 0.115509)
step 7685 score (0, 3, 17, 0.159058) best (1, 9, 18, 0.115509)
step 7686 score (0, 5, 17, 0.140224) best (1, 9, 18, 0.115509)
step 7687 score (0, 3, 13, 0.09585) best (1, 9, 18, 0.115509)
step 7688 score (0, 0, 17, 0.137769) best (1, 9, 18, 0.115509)
step 7689 score (0, 7, 17, 0.132544) best (1, 9, 18, 0.115509)
step 7690 score (0, 5, 17, 0.141352) best (1, 9, 18, 0.115509)
step 7691 score (0, 7, 17, 0.131283) best (1, 9, 18, 0.115509)
step 7692 score (0, 3, 13, 0.133182) best (1, 9, 18, 0.115509)
step 7693 score (0, 3, 16, 0.117561) best (1, 9, 18, 0.115509)
step 7694 score (0, 1, 16, 0.108584) best (1, 9, 18, 0.115509)
step 7695 score (0, 0, 14, 0.141431) best (1, 9, 18, 0.115509)
step 7696 score (0, 5, 14, 0.166816) best (1, 9, 18, 0.115509)
step 7697 score (0, 8, 14, 0.15499) best (1, 9, 18, 0.115509)
step 7698 score (0, 5, 15, 0.147205) best (1, 9, 18, 0.115509)
step 7699 score (0, 6, 12, 0.13322) best (1, 9, 18, 0.115509)
step 7700 score (0, 5, 15, 0.147205) best (1, 9, 18, 0.115509)
step 7701 score (0, 8, 14, 0.15499) best (1, 9, 18, 0.115509)
step 7702 score (0, 5, 16, 0.178784) best (1, 9, 18, 0.115509)
step 7703 score (0, 11, 15, 0.182492) best (1, 9, 18, 0.115509)
step 7704 score (0, 7, 16, 0.1849) best (1, 9, 18, 0.115509)
step 7705 score (0, 4, 14, 0.157851) best (1, 9, 18, 0.115509)
step 7706 score (0, 6, 15, 0.179075) best (1, 9, 18, 0.115509)
step 7707 score (0, 4, 14, 0.157851) best (1, 9, 18, 0.115509)
step 7708 score (0, 5, 15, 0.12709) best (1, 9, 18, 0.115509)
step 7709 score (0, 6, 12, 0.133043) best (1, 9, 18, 0.115509)
step 7710 score (0, 9, 11, 0.142414) best (1, 9, 18, 0.115509)
step 7711 score (0, 6, 12, 0.133043) best (1, 9, 18, 0.115509)
step 7712 score (0, 5, 15, 0.12709) best (1, 9, 18, 0.115509)
step 7713 score (0, 1, 15, 0.147494) best (1, 9, 18, 0.115509)
step 7714 score (0, 7, 16, 0.1849) best (1, 9, 18, 0.115509)
step 7715 score (0, 11, 15, 0.182492) best (1, 9, 18, 0.115509)
step 7716 score (0, 5, 16, 0.178784) best (1, 9, 18, 0.115509)
step 7717 score (0, 11, 15, 0.182492) best (1, 9, 18, 0.115509)
step 7718 score (0, 8, 15, 0.197713) best (1, 9, 18, 0.115509)
step 7719 score (0, 3, 16, 0.189148) best (1, 9, 18, 0.115509)
step 7720 score (0, 4, 16, 0.189377) best (1, 9, 18, 0.115509)
step 7721 score (0, 5, 17, 0.200415) best (1, 9, 18, 0.115509)
step 7722 score (0, 7, 16, 0.163611) best (1, 9, 18, 0.115509)
step 7723 score (0, 0, 15, 0.140858) best (1, 9, 18, 0.115509)
CERTIFICATE 19aaa4925a41a472
step 7724 score (1, 7, 14, 0.121599) best (1, 9, 18, 0.115509)
step 7725 score (0, 4, 13, 0.129382) best (1, 9, 18, 0.115509)
CERTIFICATE 60aca2c769253f73
step 7726 score (1, 7, 14, 0.121599) best (1, 9, 18, 0.115509)
step 7727 score (0, 7, 18, 0.139616) best (1, 9, 18, 0.115509)
CERTIFICATE 53861d54eae7d672
step 7728 score (1, 7, 14, 0.121599) best (1, 9, 18, 0.115509)
step 7729 score (0, 4, 13, 0.129382) best (1, 9, 18, 0.115509)
step 7730 score (0, 9, 18, 0.149956) best (1, 9, 18, 0.115509)
step 7731 score (0, 7, 18, 0.149506) best (1, 9, 18, 0.115509)
step 7732 score (0, 4, 12, 0.176895) best (1, 9, 18, 0.115509)
step 7733 score (0, 8, 17, 0.184693) best (1, 9, 18, 0.115509)
step 7734 score (0, 10, 17, 0.213879) best (1, 9, 18, 0.115509)
step 7735 score (0, 5, 17, 0.183809) best (1, 9, 18, 0.115509)
step 7736 score (0, 10, 17, 0.213879) best (1, 9, 18, 0.115509)
step 7737 score (0, 8, 17, 0.184693) best (1, 9, 18, 0.115509)
step 7738 score (0, 9, 18, 0.149956) best (1, 9, 18, 0.115509)
step 7739 score (0, 5, 17, 0.156544) best (1, 9, 18, 0.115509)
step 7740 score (0, 9, 18, 0.149956) best (1, 9, 18, 0.115509)
step 7741 score (0, 8, 17, 0.184693) best (1, 9, 18, 0.115509)
step 7742 score (0, 10, 17, 0.213879) best (1, 9, 18, 0.115509)
step 7743 score (0, 8, 18, 0.164381) best (1, 9, 18, 0.115509)
step 7744 score (0, 9, 18, 0.151969) best (1, 9, 18, 0.115509)
step 7745 score (0, 4, 18, 0.147751) best (1, 9, 18, 0.115509)
step 7746 score (0, 3, 17, 0.162397) best (1, 9, 18, 0.115509)
step 7747 score (0, 4, 18, 0.145748) best (1, 9, 18, 0.115509)
step 7748 score (0, 3, 17, 0.162397) best (1, 9, 18, 0.115509)
step 7749 score (0, 3, 17, 0.142999) best (1, 9, 18, 0.115509)
step 7750 score (0, 5, 16, 0.136011) best (1, 9, 18, 0.115509)
step 7751 score (0, 5, 15, 0.136041) best (1, 9, 18, 0.115509)
step 7752 score (0, 5, 16, 0.136011) best (1, 9, 18, 0.115509)
step 7753 score (0, 3, 16, 0.155009) best (1, 9, 18, 0.115509)
step 7754 score (0, 4, 10, 0.151394) best (1, 9, 18, 0.115509)
step 7755 score (0, 9, 15, 0.152789) best (1, 9, 18, 0.115509)
step 7756 score (0, 6, 16, 0.165043) best (1, 9, 18, 0.115509)
step 7757 score (0, 7, 13, 0.124834) best (1, 9, 18, 0.115509)
step 7758 score (0, 2, 9, 0.114032) best (1, 9, 18, 0.115509)
step 7759 score (0, 1, 6, 0.104735) best (1, 9, 18, 0.115509)
step 7760 score (0, 3, 12, 0.15383) best (1, 9, 18, 0.115509)
step 7761 score (0, 10, 15, 0.162035) best (1, 9, 18, 0.115509)
step 7762 score (0, 6, 10, 0.123304) best (1, 9, 18, 0.115509)
step 7763 score (0, 6, 10, 0.146549) best (1, 9, 18, 0.115509)
step 7764 score (0, 6, 12, 0.137351) best (1, 9, 18, 0.115509)
CERTIFICATE afe9b819c1e4176b
step 7765 score (1, 7, 11, 0.12343) best (1, 9, 18, 0.115509)
step 7766 score (0, 4, 10, 0.123707) best (1, 9, 18, 0.115509)
CERTIFICATE 6d52b70ead749731
step 7767 score (1, 7, 11, 0.12343) best (1, 9, 18, 0.115509)
step 7768 score (0, 9, 11, 0.151787) best (1, 9, 18, 0.115509)
CERTIFICATE 8b48e574077a8de1
step 7769 score (1, 7, 11, 0.12343) best (1, 9, 18, 0.115509)
step 7770 score (0, 7, 12, 0.139611) best (1, 9, 18, 0.115509)
step 7771 score (0, 6, 11, 0.153496) best (1, 9, 18, 0.115509)
step 7772 score (0, 6, 12, 0.137351) best (1, 9, 18, 0.115509)
step 7773 score (0, 6, 10, 0.146549) best (1, 9, 18, 0.115509)
step 7774 score (0, 6, 12, 0.137351) best (1, 9, 18, 0.115509)
CERTIFICATE 1b176f09ba208d96
step 7775 score (1, 7, 11, 0.12343) best (1, 9, 18, 0.115509)
step 7776 score (0, 7, 12, 0.139611) best (1, 9, 18, 0.115509)
step 7777 score (0, 10, 14, 0.169806) best (1, 9, 18, 0.115509)
step 7778 score (0, 13, 15, 0.184163) best (1, 9, 18, 0.115509)
step 7779 score (0, 7, 15, 0.172248) best (1, 9, 18, 0.115509)
step 7780 score (0, 13, 15, 0.184163) best (1, 9, 18, 0.115509)
step 7781 score (0, 10, 14, 0.169806) best (1, 9, 18, 0.115509)
step 7782 score (0, 9, 15, 0.144548) best (1, 9, 18, 0.115509)
step 7783 score (0, 10, 14, 0.169806) best (1, 9, 18, 0.115509)
step 7784 score (0, 7, 12, 0.139611) best (1, 9, 18, 0.115509)
CERTIFICATE dea3d8727b2e19cd
step 7785 score (1, 7, 11, 0.12343) best (1, 9, 18, 0.115509)
step 7786 score (0, 9, 11, 0.151787) best (1, 9, 18, 0.115509)
step 7787 score (0, 9, 11, 0.131976) best (1, 9, 18, 0.115509)
step 7788 score (0, 6, 11, 0.150714) best (1, 9, 18, 0.115509)
step 7789 score (0, 10, 11, 0.149071) best (1, 9, 18, 0.115509)
step 7790 score (0, 5, 11, 0.150435) best (1, 9, 18, 0.115509)
step 7791 score (0, 10, 11, 0.128194) best (1, 9, 18, 0.115509)
step 7792 score (0, 5, 11, 0.150435) best (1, 9, 18, 0.115509)
step 7793 score (0, 10, 11, 0.149071) best (1, 9, 18, 0.115509)
step 7794 score (0, 8, 13, 0.135541) best (1, 9, 18, 0.115509)
step 7795 score (0, 6, 16, 0.128253) best (1, 9, 18, 0.115509)
step 7796 score (0, 6, 15, 0.161553) best (1, 9, 18, 0.115509)
step 7797 score (0, 8, 14, 0.153793) best (1, 9, 18, 0.115509)
step 7798 score (0, 7, 13, 0.175621) best (1, 9, 18, 0.115509)
step 7799 score (0, 9, 9, 0.167438) best (1, 9, 18, 0.115509)
step 7800 score (0, 7, 13, 0.175621) best (1, 9, 18, 0.115509)
step 7801 score (0, 8, 14, 0.153793) best (1, 9, 18, 0.115509)
step 7802 score (0, 7, 13, 0.175621) best (1, 9, 18, 0.115509)
step 7803 score (0, 5, 13, 0.17897) best (1, 9, 18, 0.115509)
step 7804 score (0, 6, 13, 0.168845) best (1, 9, 18, 0.115509)
step 7805 score (0, 6, 9, 0.132906) best (1, 9, 18, 0.115509)
step 7806 score (0, 6, 13, 0.168845) best (1, 9, 18, 0.115509)
step 7807 score (0, 5, 13, 0.152483) best (1, 9, 18, 0.115509)
step 7808 score (0, 9, 11, 0.151787) best (1, 9, 18, 0.115509)
step 7809 score (0, 9, 11, 0.131976) best (1, 9, 18, 0.115509)
step 7810 score (0, 6, 11, 0.150714) best (1, 9, 18, 0.115509)
step 7811 score (0, 10, 11, 0.149071) best (1, 9, 18, 0.115509)
step 7812 score (0, 8, 13, 0.135541) best (1, 9, 18, 0.115509)
step 7813 score (0, 6, 16, 0.128253) best (1, 9, 18, 0.115509)
step 7814 score (0, 6, 15, 0.119076) best (1, 9, 18, 0.115509)
step 7815 score (0, 6, 16, 0.128253) best (1, 9, 18, 0.115509)
step 7816 score (0, 8, 13, 0.135541) best (1, 9, 18, 0.115509)
step 7817 score (0, 5, 13, 0.120368) best (1, 9, 18, 0.115509)
step 7818 score (0, 8, 13, 0.135541) best (1, 9, 18, 0.115509)
step 7819 score (0, 10, 11, 0.149071) best (1, 9, 18, 0.115509)
step 7820 score (0, 8, 13, 0.135541) best (1, 9, 18, 0.115509)
step 7821 score (0, 6, 16, 0.128253) best (1, 9, 18, 0.115509)
step 7822 score (0, 6, 15, 0.161553) best (1, 9, 18, 0.115509)
step 7823 score (0, 8, 14, 0.153793) best (1, 9, 18, 0.115509)
step 7824 score (0, 5, 14, 0.163642) best (1, 9, 18, 0.115509)
step 7825 score (0, 9, 16, 0.173714) best (1, 9, 18, 0.115509)
step 7826 score (0, 9, 15, 0.144548) best (1, 9, 18, 0.115509)
step 7827 score (0, 10, 14, 0.169806) best (1, 9, 18, 0.115509)
step 7828 score (0, 7, 12, 0.139611) best (1, 9, 18, 0.115509)
CERTIFICATE 69b12a091997d5a5
step 7829 score (1, 7, 11, 0.12343) best (1, 9, 18, 0.115509)
step 7830 score (0, 4, 10, 0.123707) best (1, 9, 18, 0.115509)
CERTIFICATE 38e148f9c590bfe1
step 7831 score (1, 7, 11, 0.12343) best (1, 9, 18, 0.115509)
step 7832 score (0, 9, 11, 0.151787) best (1, 9, 18, 0.115509)
step 7833 score (0, 9, 11, 0.131976) best (1, 9, 18, 0.115509)
step 7834 score (0, 9, 11, 0.151787) best (1, 9, 18, 0.115509)
step 7835 score (0, 5, 13, 0.152483) best (1, 9, 18, 0.115509)
step 7836 score (0, 9, 15, 0.144548) best (1, 9, 18, 0.115509)
step 7837 score (0, 9, 16, 0.173714) best (1, 9, 18, 0.115509)
step 7838 score (0, 9, 15, 0.144548) best (1, 9, 18, 0.115509)
CERTIFICATE 78bb5cde237b58f1
step 7839 score (1, 7, 16, 0.168901) best (1, 9, 18, 0.115509)
step 7840 score (0, 6, 16, 0.198544) best (1, 9, 18, 0.115509)
step 7841 score (0, 10, 14, 0.169806) best (1, 9, 18, 0.115509)
step 7842 score (0, 13, 15, 0.184163) best (1, 9, 18, 0.115509)
step 7843 score (0, 10, 14, 0.169806) best (1, 9, 18, 0.115509)
step 7844 score (0, 5, 16, 0.164056) best (1, 9, 18, 0.115509)
step 7845 score (0, 6, 13, 0.173371) best (1, 9, 18, 0.115509)
step 7846 score (0, 5, 16, 0.164056) best (1, 9, 18, 0.115509)
step 7847 score (0, 10, 14, 0.169806) best (1, 9, 18, 0.115509)
step 7848 score (0, 9, 15, 0.144548) best (1, 9, 18, 0.115509)
CERTIFICATE 8a6d3826ae8038f5
step 7849 score (1, 7, 16, 0.168901) best (1, 9, 18, 0.115509)
step 7850 score (0, 6, 16, 0.198544) best (1, 9, 18, 0.115509)
step 7851 score (0, 10, 14, 0.169806) best (1, 9, 18, 0.115509)
step 7852 score (0, 5, 16, 0.164056) best (1, 9, 18, 0.115509)
step 7853 score (0, 6, 13, 0.173371) best (1, 9, 18, 0.115509)
step 7854 score (0, 5, 14, 0.154454) best (1, 9, 18, 0.115509)
step 7855 score (0, 7, 16, 0.173864) best (1, 9, 18, 0.115509)
step 7856 score (0, 6, 16, 0.198277) best (1, 9, 18, 0.115509)
step 7857 score (0, 7, 16, 0.173864) best (1, 9, 18, 0.115509)
step 7858 score (0, 2, 12, 0.17116) best (1, 9, 18, 0.115509)
step 7859 score (0, 10, 18, 0.15618) best (1, 9, 18, 0.115509)
step 7860 score (0, 10, 18, 0.131273) best (1, 9, 18, 0.115509)
step 7861 score (0, 9, 17, 0.157644) best (1, 9, 18, 0.115509)
step 7862 score (0, 6, 17, 0.125408) best (1, 9, 18, 0.115509)
step 7863 score (0, 3, 13, 0.150967) best (1, 9, 18, 0.115509)
step 7864 score (0, 1, 13, 0.113117) best (1, 9, 18, 0.115509)
step 7865 score (0, 4, 12, 0.101658) best (1, 9, 18, 0.115509)
step 7866 score (0, 1, 7, 0.101869) best (1, 9, 18, 0.115509)
step 7867 score (0, 3, 14, 0.104929) best (1, 9, 18, 0.115509)
step 7868 score (0, 4, 15, 0.118363) best (1, 9, 18, 0.115509)
step 7869 score (0, 2, 16, 0.142737) best (1, 9, 18, 0.115509)
step 7870 score (0, 2, 16, 0.149111) best (1, 9, 18, 0.115509)
step 7871 score (0, 4, 16, 0.140478) best (1, 9, 18, 0.115509)
step 7872 score (0, 1, 13, 0.143934) best (1, 9, 18, 0.115509)
step 7873 score (0, 2, 16, 0.13239) best (1, 9, 18, 0.115509)
step 7874 score (0, 5, 16, 0.126054) best (1, 9, 18, 0.115509)
step 7875 score (0, 2, 16, 0.13239) best (1, 9, 18, 0.115509)
step 7876 score (0, 1, 13, 0.143934) best (1, 9, 18, 0.115509)
step 7877 score (0, 4, 16, 0.140478) best (1, 9, 18, 0.115509)
step 7878 score (0, 2, 15, 0.124636) best (1, 9, 18, 0.115509)
step 7879 score (0, 4, 16, 0.140478) best (1, 9, 18, 0.115509)
step 7880 score (0, 1, 13, 0.143934) best (1, 9, 18, 0.115509)
step 7881 score (0, 1, 11, 0.123481) best (1, 9, 18, 0.115509)
step 7882 score (0, 1, 15, 0.12424) best (1, 9, 18, 0.115509)
step 7883 score (0, 2, 16, 0.116903) best (1, 9, 18, 0.115509)
step 7884 score (0, 1, 17, 0.135977) best (1, 9, 18, 0.115509)
step 7885 score (0, 2, 15, 0.122135) best (1, 9, 18, 0.115509)
step 7886 score (0, 1, 17, 0.135977) best (1, 9, 18, 0.115509)
step 7887 score (0, 2, 16, 0.116903) best (1, 9, 18, 0.115509)
step 7888 score (0, 2, 16, 0.142714) best (1, 9, 18, 0.115509)
step 7889 score (0, 2, 13, 0.114605) best (1, 9, 18, 0.115509)
step 7890 score (0, 2, 16, 0.142714) best (1, 9, 18, 0.115509)
step 7891 score (0, 2, 16, 0.116903) best (1, 9, 18, 0.115509)
step 7892 score (0, 1, 17, 0.135977) best (1, 9, 18, 0.115509)
step 7893 score (0, 2, 15, 0.122135) best (1, 9, 18, 0.115509)
step 7894 score (0, 1, 13, 0.120192) best (1, 9, 18, 0.115509)
step 7895 score (0, 3, 14, 0.131545) best (1, 9, 18, 0.115509)
step 7896 score (0, 4, 16, 0.137618) best (1, 9, 18, 0.115509)
step 7897 score (0, 2, 15, 0.122135) best (1, 9, 18, 0.115509)
step 7898 score (0, 5, 17, 0.163691) best (1, 9, 18, 0.115509)
step 7899 score (0, 9, 17, 0.156637) best (1, 9, 18, 0.115509)
step 7900 score (0, 9, 17, 0.145017) best (1, 9, 18, 0.115509)
step 7901 score (0, 1, 11, 0.091986) best (1, 9, 18, 0.115509)
step 7902 score (0, 2, 15, 0.136601) best (1, 9, 18, 0.115509)
step 7903 score (0, 1, 14, 0.123915) best (1, 9, 18, 0.115509)
step 7904 score (0, 5, 12, 0.154534) best (1, 9, 18, 0.115509)
step 7905 score (0, 1, 14, 0.109977) best (1, 9, 18, 0.115509)
step 7906 score (0, 4, 13, 0.136176) best (1, 9, 18, 0.115509)
step 7907 score (0, 5, 11, 0.143858) best (1, 9, 18, 0.115509)
step 7908 score (0, 2, 16, 0.142066) best (1, 9, 18, 0.115509)
step 7909 score (0, 5, 17, 0.146212) best (1, 9, 18, 0.115509)
step 7910 score (0, 5, 12, 0.140083) best (1, 9, 18, 0.115509)
step 7911 score (0, 5, 17, 0.146212) best (1, 9, 18, 0.115509)
step 7912 score (0, 8, 17, 0.1613) best (1, 9, 18, 0.115509)
step 7913 score (0, 5, 17, 0.161516) best (1, 9, 18, 0.115509)
step 7914 score (0, 2, 16, 0.136352) best (1, 9, 18, 0.115509)
step 7915 score (0, 3, 9, 0.119309) best (1, 9, 18, 0.115509)
step 7916 score (0, 2, 14, 0.108955) best (1, 9, 18, 0.115509)
step 7917 score (0, 8, 16, 0.158386) best (1, 9, 18, 0.115509)
step 7918 score (0, 4, 16, 0.148488) best (1, 9, 18, 0.115509)
step 7919 score (0, 6, 16, 0.145227) best (1, 9, 18, 0.115509)
step 7920 score (0, 4, 16, 0.144734) best (1, 9, 18, 0.115509)
step 7921 score (0, 9, 18, 0.181991) best (1, 9, 18, 0.115509)
step 7922 score (0, 11, 18, 0.182318) best (1, 9, 18, 0.115509)
step 7923 score (0, 10, 18, 0.178463) best (1, 9, 18, 0.115509)
step 7924 score (0, 6, 18, 0.195162) best (1, 9, 18, 0.115509)
CERTIFICATE b4b9cb5127a2b804
step 7925 score (1, 9, 17, 0.125923) best (1, 9, 18, 0.115509)
step 7926 score (0, 0, 15, 0.148677) best (1, 9, 18, 0.115509)
CERTIFICATE e428f8fe3b28a845
step 7927 score (1, 9, 17, 0.125923) best (1, 9, 18, 0.115509)
step 7928 score (0, 5, 17, 0.136355) best (1, 9, 18, 0.115509)
CERTIFICATE d03188197aa8020f
step 7929 score (1, 9, 17, 0.125923) best (1, 9, 18, 0.115509)
step 7930 score (0, 8, 17, 0.135897) best (1, 9, 18, 0.115509)
step 7931 score (0, 4, 17, 0.138334) best (1, 9, 18, 0.115509)
step 7932 score (0, 4, 13, 0.136624) best (1, 9, 18, 0.115509)
step 7933 score (0, 5, 14, 0.128561) best (1, 9, 18, 0.115509)
step 7934 score (0, 7, 12, 0.140042) best (1, 9, 18, 0.115509)
step 7935 score (0, 5, 14, 0.128561) best (1, 9, 18, 0.115509)
step 7936 score (0, 7, 13, 0.14812) best (1, 9, 18, 0.115509)
step 7937 score (0, 6, 16, 0.15553) best (1, 9, 18, 0.115509)
step 7938 score (0, 6, 16, 0.122318) best (1, 9, 18, 0.115509)
step 7939 score (0, 9, 16, 0.116733) best (1, 9, 18, 0.115509)
step 7940 score (0, 6, 16, 0.152508) best (1, 9, 18, 0.115509)
step 7941 score (0, 5, 15, 0.139023) best (1, 9, 18, 0.115509)
step 7942 score (0, 5, 11, 0.125861) best (1, 9, 18, 0.115509)
step 7943 score (0, 6, 12, 0.119417) best (1, 9, 18, 0.115509)
step 7944 score (0, 5, 10, 0.124031) best (1, 9, 18, 0.115509)
step 7945 score (0, 6, 12, 0.119417) best (1, 9, 18, 0.115509)
step 7946 score (0, 6, 12, 0.119149) best (1, 9, 18, 0.115509)
step 7947 score (0, 4, 12, 0.144006) best (1, 9, 18, 0.115509)
step 7948 score (0, 7, 10, 0.137423) best (1, 9, 18, 0.115509)
step 7949 score (0, 6, 16, 0.138201) best (1, 9, 18, 0.115509)
step 7950 score (0, 6, 9, 0.101879) best (1, 9, 18, 0.115509)
step 7951 score (0, 6, 10, 0.119651) best (1, 9, 18, 0.115509)
step 7952 score (0, 4, 10, 0.135643) best (1, 9, 18, 0.115509)
step 7953 score (0, 4, 10, 0.150458) best (1, 9, 18, 0.115509)
step 7954 score (0, 7, 11, 0.140835) best (1, 9, 18, 0.115509)
step 7955 score (0, 6, 9, 0.11516) best (1, 9, 18, 0.115509)
step 7956 score (0, 6, 9, 0.101879) best (1, 9, 18, 0.115509)
step 7957 score (0, 7, 10, 0.127868) best (1, 9, 18, 0.115509)
step 7958 score (0, 6, 16, 0.125251) best (1, 9, 18, 0.115509)
step 7959 score (0, 6, 13, 0.114898) best (1, 9, 18, 0.115509)
step 7960 score (0, 4, 14, 0.126107) best (1, 9, 18, 0.115509)
step 7961 score (0, 4, 15, 0.133732) best (1, 9, 18, 0.115509)
step 7962 score (0, 6, 16, 0.125251) best (1, 9, 18, 0.115509)
step 7963 score (0, 7, 10, 0.127868) best (1, 9, 18, 0.115509)
step 7964 score (0, 7, 8, 0.132259) best (1, 9, 18, 0.115509)
step 7965 score (0, 7, 10, 0.127868) best (1, 9, 18, 0.115509)
step 7966 score (0, 6, 16, 0.125251) best (1, 9, 18, 0.115509)
step 7967 score (0, 4, 15, 0.133732) best (1, 9, 18, 0.115509)
step 7968 score (0, 4, 14, 0.126107) best (1, 9, 18, 0.115509)
step 7969 score (0, 0, 13, 0.153271) best (1, 9, 18, 0.115509)
step 7970 score (0, 0, 15, 0.13889) best (1, 9, 18, 0.115509)
step 7971 score (0, 0, 15, 0.149145) best (1, 9, 18, 0.115509)
step 7972 score (0, 4, 14, 0.126107) best (1, 9, 18, 0.115509)
step 7973 score (0, 6, 13, 0.114898) best (1, 9, 18, 0.115509)
step 7974 score (0, 1, 13, 0.139099) best (1, 9, 18, 0.115509)
step 7975 score (0, 2, 15, 0.150849) best (1, 9, 18, 0.115509)
step 7976 score (0, 1, 9, 0.133704) best (1, 9, 18, 0.115509)
step 7977 score (0, 6, 16, 0.164577) best (1, 9, 18, 0.115509)
step 7978 score (0, 4, 16, 0.177872) best (1, 9, 18, 0.115509)
step 7979 score (0, 4, 10, 0.137061) best (1, 9, 18, 0.115509)
step 7980 score (0, 4, 16, 0.177872) best (1, 9, 18, 0.115509)
step 7981 score (0, 4, 17, 0.213938) best (1, 9, 18, 0.115509)
step 7982 score (0, 7, 16, 0.180204) best (1, 9, 18, 0.115509)
step 7983 score (0, 4, 15, 0.143928) best (1, 9, 18, 0.115509)
step 7984 score (0, 6, 13, 0.17587) best (1, 9, 18, 0.115509)
step 7985 score (0, 7, 9, 0.142182) best (1, 9, 18, 0.115509)
step 7986 score (0, 7, 9, 0.129674) best (1, 9, 18, 0.115509)
step 7987 score (0, 5, 9, 0.142182) best (1, 9, 18, 0.115509)
step 7988 score (0, 7, 9, 0.129674) best (1, 9, 18, 0.115509)
step 7989 score (0, 5, 9, 0.141501) best (1, 9, 18, 0.115509)
step 7990 score (0, 9, 10, 0.143482) best (1, 9, 18, 0.115509)
step 7991 score (0, 8, 9, 0.16076) best (1, 9, 18, 0.115509)
step 7992 score (0, 4, 10, 0.156748) best (1, 9, 18, 0.115509)
step 7993 score (0, 8, 9, 0.16076) best (1, 9, 18, 0.115509)
step 7994 score (0, 9, 10, 0.143482) best (1, 9, 18, 0.115509)
step 7995 score (0, 8, 9, 0.16076) best (1, 9, 18, 0.115509)
step 7996 score (0, 1, 8, 0.110218) best (1, 9, 18, 0.115509)
step 7997 score (0, 8, 9, 0.112367) best (1, 9, 18, 0.115509)
step 7998 score (0, 8, 9, 0.13568) best (1, 9, 18, 0.115509)
step 7999 score (0, 9, 9, 0.142145) best (1, 9, 18, 0.115509)
step 8000 score (0, 8, 9, 0.16076) best (1, 9, 18, 0.115509)
step 8001 score (0, 8, 9, 0.162172) best (1, 9, 18, 0.115509)
step 8002 score (0, 8, 9, 0.16076) best (1, 9, 18, 0.115509)
step 8003 score (0, 9, 9, 0.142145) best (1, 9, 18, 0.115509)
step 8004 score (0, 8, 9, 0.137207) best (1, 9, 18, 0.115509)
step 8005 score (0, 5, 9, 0.143705) best (1, 9, 18, 0.115509)
step 8006 score (0, 9, 10, 0.130613) best (1, 9, 18, 0.115509)
step 8007 score (0, 10, 10, 0.141201) best (1, 9, 18, 0.115509)
step 8008 score (0, 8, 10, 0.133122) best (1, 9, 18, 0.115509)
step 8009 score (0, 3, 9, 0.145049) best (1, 9, 18, 0.115509)
step 8010 score (0, 3, 9, 0.116497) best (1, 9, 18, 0.115509)
step 8011 score (0, 8, 9, 0.112367) best (1, 9, 18, 0.115509)
step 8012 score (0, 8, 9, 0.13568) best (1, 9, 18, 0.115509)
step 8013 score (0, 9, 9, 0.142145) best (1, 9, 18, 0.115509)
step 8014 score (0, 8, 9, 0.137207) best (1, 9, 18, 0.115509)
step 8015 score (0, 9, 9, 0.143819) best (1, 9, 18, 0.115509)
step 8016 score (0, 5, 9, 0.160244) best (1, 9, 18, 0.115509)
step 8017 score (0, 5, 9, 0.143705) best (1, 9, 18, 0.115509)
step 8018 score (0, 7, 10, 0.130613) best (1, 9, 18, 0.115509)
step 8019 score (0, 10, 10, 0.152458) best (1, 9, 18, 0.115509)
step 8020 score (0, 9, 10, 0.130613) best (1, 9, 18, 0.115509)
step 8021 score (0, 5, 10, 0.117595) best (1, 9, 18, 0.115509)
step 8022 score (0, 8, 10, 0.162561) best (1, 9, 18, 0.115509)
step 8023 score (0, 8, 9, 0.127202) best (1, 9, 18, 0.115509)
step 8024 score (0, 8, 10, 0.162561) best (1, 9, 18, 0.115509)
step 8025 score (0, 5, 10, 0.154545) best (1, 9, 18, 0.115509)
step 8026 score (0, 8, 10, 0.162561) best (1, 9, 18, 0.115509)
step 8027 score (0, 8, 9, 0.127202) best (1, 9, 18, 0.115509)
step 8028 score (0, 6, 9, 0.147467) best (1, 9, 18, 0.115509)
step 8029 score (0, 2, 10, 0.153894) best (1, 9, 18, 0.115509)
step 8030 score (0, 3, 9, 0.167111) best (1, 9, 18, 0.115509)
step 8031 score (0, 2, 10, 0.153894) best (1, 9, 18, 0.115509)
step 8032 score (0, 4, 9, 0.128517) best (1, 9, 18, 0.115509)
step 8033 score (0, 7, 10, 0.138395) best (1, 9, 18, 0.115509)
step 8034 score (0, 10, 11, 0.112125) best (1, 9, 18, 0.115509)
step 8035 score (0, 7, 10, 0.138395) best (1, 9, 18, 0.115509)
step 8036 score (0, 7, 10, 0.158156) best (1, 9, 18, 0.115509)
step 8037 score (0, 10, 10, 0.118385) best (1, 9, 18, 0.115509)
step 8038 score (0, 7, 11, 0.120017) best (1, 9, 18, 0.115509)
step 8039 score (0, 9, 11, 0.122794) best (1, 9, 18, 0.115509)
CERTIFICATE 6b94026f3494829d
step 8040 score (1, 7, 10, 0.102934) best (1, 9, 18, 0.115509)
CERTIFICATE 0d426db586dc6990
step 8041 score (1, 7, 16, 0.113256) best (1, 9, 18, 0.115509)
CERTIFICATE 85eb2cfe6c4a5c8d
step 8042 score (1, 7, 10, 0.102934) best (1, 9, 18, 0.115509)
step 8043 score (0, 9, 11, 0.122794) best (1, 9, 18, 0.115509)
step 8044 score (0, 7, 11, 0.120017) best (1, 9, 18, 0.115509)
step 8045 score (0, 10, 10, 0.118385) best (1, 9, 18, 0.115509)
step 8046 score (0, 7, 11, 0.120017) best (1, 9, 18, 0.115509)
step 8047 score (0, 9, 11, 0.122794) best (1, 9, 18, 0.115509)
step 8048 score (0, 7, 11, 0.120017) best (1, 9, 18, 0.115509)
step 8049 score (0, 7, 10, 0.138395) best (1, 9, 18, 0.115509)
step 8050 score (0, 5, 10, 0.157997) best (1, 9, 18, 0.115509)
step 8051 score (0, 5, 11, 0.129339) best (1, 9, 18, 0.115509)
step 8052 score (0, 5, 10, 0.157997) best (1, 9, 18, 0.115509)
step 8053 score (0, 7, 10, 0.138395) best (1, 9, 18, 0.115509)
step 8054 score (0, 4, 10, 0.119671) best (1, 9, 18, 0.115509)
step 8055 score (0, 7, 10, 0.138395) best (1, 9, 18, 0.115509)
step 8056 score (0, 7, 10, 0.158156) best (1, 9, 18, 0.115509)
step 8057 score (0, 10, 10, 0.118385) best (1, 9, 18, 0.115509)
step 8058 score (0, 6, 10, 0.147951) best (1, 9, 18, 0.115509)
CERTIFICATE 8e92617eb109a437
step 8059 score (1, 3, 9, 0.121093) best (1, 9, 18, 0.115509)
step 8060 score (0, 2, 8, 0.134126) best (1, 9, 18, 0.115509)
step 8061 score (0, 4, 8, 0.125346) best (1, 9, 18, 0.115509)
step 8062 score (0, 5, 10, 0.116121) best (1, 9, 18, 0.115509)
step 8063 score (0, 8, 12, 0.154178) best (1, 9, 18, 0.115509)
step 8064 score (0, 4, 9, 0.144618) best (1, 9, 18, 0.115509)
step 8065 score (0, 4, 11, 0.135336) best (1, 9, 18, 0.115509)
step 8066 score (0, 2, 10, 0.141791) best (1, 9, 18, 0.115509)
step 8067 score (0, 3, 10, 0.141326) best (1, 9, 18, 0.115509)
step 8068 score (0, 6, 10, 0.150503) best (1, 9, 18, 0.115509)
step 8069 score (0, 3, 9, 0.124258) best (1, 9, 18, 0.115509)
step 8070 score (0, 6, 10, 0.150503) best (1, 9, 18, 0.115509)
step 8071 score (0, 1, 9, 0.122437) best (1, 9, 18, 0.115509)
step 8072 score (0, 5, 11, 0.149856) best (1, 9, 18, 0.115509)
step 8073 score (0, 9, 11, 0.144282) best (1, 9, 18, 0.115509)
step 8074 score (0, 8, 9, 0.16076) best (1, 9, 18, 0.115509)
step 8075 score (0, 9, 9, 0.142145) best (1, 9, 18, 0.115509)
step 8076 score (0, 8, 9, 0.16076) best (1, 9, 18, 0.115509)
step 8077 score (0, 9, 11, 0.144282) best (1, 9, 18, 0.115509)
step 8078 score (0, 8, 9, 0.16076) best (1, 9, 18, 0.115509)
step 8079 score (0, 8, 9, 0.162172) best (1, 9, 18, 0.115509)
step 8080 score (0, 8, 9, 0.16076) best (1, 9, 18, 0.115509)
step 8081 score (0, 8, 9, 0.162172) best (1, 9, 18, 0.115509)
step 8082 score (0, 7, 9, 0.133236) best (1, 9, 18, 0.115509)
step 8083 score (0, 3, 10, 0.14141) best (1, 9, 18, 0.115509)
step 8084 score (0, 5, 8, 0.120523) best (1, 9, 18, 0.115509)
step 8085 score (0, 2, 9, 0.133527) best (1, 9, 18, 0.115509)
step 8086 score (0, 5, 11, 0.180404) best (1, 9, 18, 0.115509)
step 8087 score (0, 8, 11, 0.168303) best (1, 9, 18, 0.115509)
step 8088 score (0, 8, 10, 0.137034) best (1, 9, 18, 0.115509)
step 8089 score (0, 7, 10, 0.159781) best (1, 9, 18, 0.115509)
step 8090 score (0, 7, 9, 0.126193) best (1, 9, 18, 0.115509)
step 8091 score (0, 6, 10, 0.119651) best (1, 9, 18, 0.115509)
step 8092 score (0, 7, 11, 0.140835) best (1, 9, 18, 0.115509)
step 8093 score (0, 6, 10, 0.119651) best (1, 9, 18, 0.115509)
step 8094 score (0, 7, 9, 0.126193) best (1, 9, 18, 0.115509)
step 8095 score (0, 8, 9, 0.159656) best (1, 9, 18, 0.115509)
step 8096 score (0, 8, 9, 0.137569) best (1, 9, 18, 0.115509)
step 8097 score (0, 9, 11, 0.123808) best (1, 9, 18, 0.115509)
step 8098 score (0, 7, 9, 0.137569) best (1, 9, 18, 0.115509)
step 8099 score (0, 9, 9, 0.154349) best (1, 9, 18, 0.115509)
step 8100 score (0, 7, 9, 0.137569) best (1, 9, 18, 0.115509)
step 8101 score (0, 9, 11, 0.123808) best (1, 9, 18, 0.115509)
step 8102 score (0, 4, 11, 0.152213) best (1, 9, 18, 0.115509)
step 8103 score (0, 3, 9, 0.17271) best (1, 9, 18, 0.115509)
step 8104 score (0, 4, 9, 0.181419) best (1, 9, 18, 0.115509)
step 8105 score (0, 7, 10, 0.159781) best (1, 9, 18, 0.115509)
step 8106 score (0, 7, 9, 0.126193) best (1, 9, 18, 0.115509)
step 8107 score (0, 8, 9, 0.159656) best (1, 9, 18, 0.115509)
step 8108 score (0, 7, 9, 0.137569) best (1, 9, 18, 0.115509)
step 8109 score (0, 9, 10, 0.124568) best (1, 9, 18, 0.115509)
step 8110 score (0, 8, 9, 0.137569) best (1, 9, 18, 0.115509)
step 8111 score (0, 2, 9, 0.126656) best (1, 9, 18, 0.115509)
step 8112 score (0, 8, 9, 0.137569) best (1, 9, 18, 0.115509)
step 8113 score (0, 2, 9, 0.17271) best (1, 9, 18, 0.115509)
step 8114 score (0, 4, 10, 0.154764) best (1, 9, 18, 0.115509)
step 8115 score (0, 7, 9, 0.145109) best (1, 9, 18, 0.115509)
step 8116 score (0, 9, 9, 0.132698) best (1, 9, 18, 0.115509)
step 8117 score (0, 8, 9, 0.113161) best (1, 9, 18, 0.115509)
step 8118 score (0, 9, 9, 0.132698) best (1, 9, 18, 0.115509)
step 8119 score (0, 8, 9, 0.123434) best (1, 9, 18, 0.115509)
step 8120 score (0, 9, 9, 0.132698) best (1, 9, 18, 0.115509)
step 8121 score (0, 8, 9, 0.113161) best (1, 9, 18, 0.115509)
step 8122 score (0, 7, 9, 0.098964) best (1, 9, 18, 0.115509)
step 8123 score (0, 8, 10, 0.122672) best (1, 9, 18, 0.115509)
step 8124 score (0, 7, 9, 0.098964) best (1, 9, 18, 0.115509)
step 8125 score (0, 6, 9, 0.125055) best (1, 9, 18, 0.115509)
step 8126 score (0, 4, 9, 0.154924) best (1, 9, 18, 0.115509)
step 8127 score (0, 8, 9, 0.143224) best (1, 9, 18, 0.115509)
step 8128 score (0, 8, 9, 0.106479) best (1, 9, 18, 0.115509)
step 8129 score (0, 8, 9, 0.145952) best (1, 9, 18, 0.115509)
step 8130 score (0, 9, 9, 0.154349) best (1, 9, 18, 0.115509)
step 8131 score (0, 4, 9, 0.157534) best (1, 9, 18, 0.115509)
step 8132 score (0, 9, 9, 0.130312) best (1, 9, 18, 0.115509)
step 8133 score (0, 8, 9, 0.123434) best (1, 9, 18, 0.115509)
step 8134 score (0, 9, 9, 0.132698) best (1, 9, 18, 0.115509)
step 8135 score (0, 5, 9, 0.158843) best (1, 9, 18, 0.115509)
step 8136 score (0, 5, 9, 0.167019) best (1, 9, 18, 0.115509)
step 8137 score (0, 7, 9, 0.145109) best (1, 9, 18, 0.115509)
step 8138 score (0, 9, 9, 0.132698) best (1, 9, 18, 0.115509)
step 8139 score (0, 4, 9, 0.16925) best (1, 9, 18, 0.115509)
step 8140 score (0, 9, 9, 0.175961) best (1, 9, 18, 0.115509)
step 8141 score (0, 9, 9, 0.148433) best (1, 9, 18, 0.115509)
step 8142 score (0, 5, 9, 0.158209) best (1, 9, 18, 0.115509)
step 8143 score (0, 9, 9, 0.148433) best (1, 9, 18, 0.115509)
step 8144 score (0, 9, 11, 0.165007) best (1, 9, 18, 0.115509)
step 8145 score (0, 9, 9, 0.148433) best (1, 9, 18, 0.115509)
step 8146 score (0, 9, 9, 0.175961) best (1, 9, 18, 0.115509)
step 8147 score (0, 9, 9, 0.148433) best (1, 9, 18, 0.115509)
step 8148 score (0, 9, 11, 0.165007) best (1, 9, 18, 0.115509)
step 8149 score (0, 5, 13, 0.180128) best (1, 9, 18, 0.115509)
step 8150 score (0, 9, 13, 0.169061) best (1, 9, 18, 0.115509)
step 8151 score (0, 10, 12, 0.141084) best (1, 9, 18, 0.115509)
step 8152 score (0, 10, 14, 0.172419) best (1, 9, 18, 0.115509)
step 8153 score (0, 10, 10, 0.169232) best (1, 9, 18, 0.115509)
step 8154 score (0, 10, 10, 0.189061) best (1, 9, 18, 0.115509)
step 8155 score (0, 10, 10, 0.172301) best (1, 9, 18, 0.115509)
step 8156 score (0, 10, 10, 0.189061) best (1, 9, 18, 0.115509)
step 8157 score (0, 10, 10, 0.169232) best (1, 9, 18, 0.115509)
step 8158 score (0, 10, 10, 0.186751) best (1, 9, 18, 0.115509)
step 8159 score (0, 10, 10, 0.205578) best (1, 9, 18, 0.115509)
step 8160 score (0, 10, 11, 0.139799) best (1, 9, 18, 0.115509)
step 8161 score (0, 10, 10, 0.146716) best (1, 9, 18, 0.115509)
step 8162 score (0, 10, 11, 0.139799) best (1, 9, 18, 0.115509)
step 8163 score (0, 10, 10, 0.205578) best (1, 9, 18, 0.115509)
step 8164 score (0, 10, 11, 0.139799) best (1, 9, 18, 0.115509)
step 8165 score (0, 10, 10, 0.205578) best (1, 9, 18, 0.115509)
step 8166 score (0, 10, 11, 0.139799) best (1, 9, 18, 0.115509)
step 8167 score (0, 10, 10, 0.205578) best (1, 9, 18, 0.115509)
step 8168 score (0, 10, 11, 0.139799) best (1, 9, 18, 0.115509)
step 8169 score (0, 10, 10, 0.205578) best (1, 9, 18, 0.115509)
step 8170 score (0, 10, 11, 0.139799) best (1, 9, 18, 0.115509)
step 8171 score (0, 10, 10, 0.205578) best (1, 9, 18, 0.115509)
step 8172 score (0, 10, 11, 0.139799) best (1, 9, 18, 0.115509)
step 8173 score (0, 10, 10, 0.205578) best (1, 9, 18, 0.115509)
step 8174 score (0, 10, 11, 0.139799) best (1, 9, 18, 0.115509)
step 8175 score (0, 10, 10, 0.205578) best (1, 9, 18, 0.115509)
step 8176 score (0, 10, 11, 0.139799) best (1, 9, 18, 0.115509)
step 8177 score (0, 10, 10, 0.205578) best (1, 9, 18, 0.115509)
step 8178 score (0, 10, 11, 0.139799) best (1, 9, 18, 0.115509)
step 8179 score (0, 10, 10, 0.205578) best (1, 9, 18, 0.115509)
step 8180 score (0, 10, 10, 0.186751) best (1, 9, 18, 0.115509)
step 8181 score (0, 10, 11, 0.147475) best (1, 9, 18, 0.115509)
step 8182 score (0, 10, 11, 0.098643) best (1, 9, 18, 0.115509)
step 8183 score (0, 9, 10, 0.123509) best (1, 9, 18, 0.115509)
step 8184 score (0, 9, 9, 0.127231) best (1, 9, 18, 0.115509)
step 8185 score (0, 8, 9, 0.152997) best (1, 9, 18, 0.115509)
step 8186 score (0, 8, 9, 0.178798) best (1, 9, 18, 0.115509)
step 8187 score (0, 10, 10, 0.172301) best (1, 9, 18, 0.115509)
step 8188 score (0, 10, 10, 0.189061) best (1, 9, 18, 0.115509)
step 8189 score (0, 10, 10, 0.205578) best (1, 9, 18, 0.115509)
step 8190 score (0, 10, 11, 0.139799) best (1, 9, 18, 0.115509)
step 8191 score (0, 10, 10, 0.205578) best (1, 9, 18, 0.115509)
step 8192 score (0, 10, 11, 0.139799) best (1, 9, 18, 0.115509)
