klein_c32_w2_t795 30 6,12,27,9,10;2,3,19,7,26,27,17,20;1,3,22,28,20;1,2,22,24,25,26,23,19;5,17,27,9,13;4,17,20,8,13;0,12,11,14,10;1,19,21,24,25,16,23,26;5,20,18,15,13;0,27,4,13,15,10;0,6,14,15,9;6,12,16,23,19,14;0,6,11,16,25,27;4,5,8,15,9;6,10,15,18,21,19,11;8,13,9,10,14,18;7,25,12,11,23;1,27,4,5,20;8,20,28,29,21,14,15;1,3,23,11,14,21,7;1,2,28,18,8,5,17;7,19,14,18,29,24;2,3,24,29,28;3,19,11,16,7,26;3,25,7,21,29,22;3,24,7,16,12,27,26;1,7,23,3,25,27;0,9,4,17,1,26,25,12;2,20,18,29,22;18,21,24,22,28
klein_c32_w2_t798 30 6,12,27,9,10;2,3,19,7,26,27,17,20;1,3,22,28,20;1,2,22,25,26,23,19;5,17,27,9,13;4,17,20,8,13;0,12,11,14,10;1,19,21,24,25,16,23,26;5,20,18,15,13;0,27,4,13,15,10;0,6,14,15,9;6,12,16,23,19,14;0,6,11,16,25,27;4,5,8,15,9;6,10,15,18,21,19,11;8,13,9,10,14,18;7,25,12,11,23;1,27,4,5,20;8,20,28,29,21,14,15;1,3,23,11,14,21,7;1,2,28,18,8,5,17;7,19,14,18,29,24;2,3,25,24,29,28;3,19,11,16,7,26;7,21,29,22,25;3,22,24,7,16,12,27,26;1,7,23,3,25,27;0,9,4,17,1,26,25,12;2,20,18,29,22;18,21,24,22,28
klein_c32_w2_t864 30 6,12,27,9,10;2,3,19,7,26,27,17,20;1,3,22,28,20;1,2,22,24,25,26,23,19;5,17,27,9,13;4,17,20,8,13;0,12,11,14,10;1,19,21,24,25,16,26;5,20,18,15,13;0,27,4,13,15,10;0,6,14,15,9;6,12,16,23,19,14;0,6,11,16,25,27;4,5,8,15,9;6,10,15,18,21,19,11;8,13,9,10,14,18;7,25,12,11,23,26;1,27,4,5,20;8,20,28,29,21,14,15;1,3,23,11,14,21,7;1,2,28,18,8,5,17;7,19,14,18,29,24;2,3,24,29,28;3,19,11,16,26;3,25,7,21,29,22;3,24,7,16,12,27,26;1,7,16,23,3,25,27;0,9,4,17,1,26,25,12;2,20,18,29,22;18,21,24,22,28
klein_c32_w2_t941 30 6,12,27,9,10;2,3,19,7,26,27,17,20;1,3,22,28,20;1,2,22,24,25,26,23,19;5,17,27,9,13;4,17,20,8,13;0,12,11,14,10;1,19,21,24,25,16,23,26;5,20,18,15,13;0,27,4,13,15,10;0,6,14,15,9;6,12,16,23,19,14;0,6,11,16,25,27;4,5,8,15,9;6,10,15,18,29,21,19,11;8,13,9,10,14,18;7,25,12,11,23;1,27,4,5,20;8,20,28,29,14,15;1,3,23,11,14,21,7;1,2,28,18,8,5,17;7,19,14,29,24;2,3,24,29,28;3,19,11,16,7,26;3,25,7,21,29,22;3,24,7,16,12,27,26;1,7,23,3,25,27;0,9,4,17,1,26,25,12;2,20,18,29,22;14,18,28,22,24,21
klein_c32_w2_t1090 30 6,12,27,9,10;2,3,19,7,26,27,17,20;1,3,22,28,20;1,2,22,24,25,26,23,19;5,17,27,9,13;4,17,20,8,13;0,12,11,14,10;1,19,14,21,24,25,16,23,26;5,20,18,15,13;0,27,4,13,15,10;0,6,14,15,9;6,12,16,23,19,14;0,6,11,16,25,27;4,5,8,15,9;6,10,15,18,21,7,19,11;8,13,9,10,14,18;7,25,12,11,23;1,27,4,5,20;8,20,28,29,21,14,15;1,3,23,11,14,7;1,2,28,18,8,5,17;7,24,29,18,14;2,3,24,29,28;3,19,11,16,7,26;3,25,7,21,29,22;3,24,7,16,12,27,26;1,7,23,3,25,27;0,9,4,17,1,26,25,12;2,20,18,29,22;18,21,24,22,28
klein_c32_w6_t598 30 6,11,24,17,22,28;2,16,13,14,7,27;1,16,12,22,25,27;7,8,26,25,27;5,28,22,12,11,20;4,28,6,10,9,23,20;0,11,12,10,5,28;1,27,3,8,14;3,7,14,21,26;5,10,19,15,23;5,6,12,19,9;0,6,12,4,20,24;2,16,18,19,10,6,11,4,22;1,14,29,18,16;1,7,8,21,29,13;9,19,21,29,23;1,2,12,18,13;0,24,29,19,22;12,16,13,29,19;9,10,12,18,29,17,22,21,15;4,5,23,29,24,11;8,14,29,15,19,22,26;0,28,4,12,2,25,26,21,19,17;5,9,15,29,20;0,17,29,20,11;2,27,3,26,22;3,8,21,22,25;1,7,3,25,2;0,22,4,5,6;13,14,21,15,23,20,24,17,19,18
klein_c32_w6_t608 30 6,11,24,17,22,28;2,16,13,14,7,27;1,16,12,22,25,27;7,8,26,25,27;5,28,22,12,11,20;4,28,10,9,23,20;0,11,12,10,28;1,27,3,8,14;3,7,14,21,26;5,10,19,15,23;5,28,6,12,19,9;0,6,12,4,20,24;2,16,18,19,10,6,11,4,22;1,14,29,18,16;1,7,8,21,29,13;9,19,21,29,23;1,2,12,18,13;0,24,29,19,22;12,16,13,29,19;9,10,12,18,29,17,22,21,15;4,5,23,29,24,11;8,14,29,15,19,22,26;0,28,4,12,2,25,26,21,19,17;5,9,15,29,20;0,17,29,20,11;2,27,3,26,22;3,8,21,22,25;1,7,3,25,2;0,22,4,5,10,6;13,14,21,15,23,20,24,17,19,18
klein_c32_w6_t625 30 6,11,24,17,22,28;2,16,13,14,7,27;1,16,12,22,25,27;7,8,26,25,27;5,28,22,12,11;4,28,6,10,9,23,20,11;0,11,12,10,5,28;1,27,3,8,14;3,7,14,21,26;5,10,19,15,23;5,6,12,19,9;0,6,12,4,5,20,24;2,16,18,19,10,6,11,4,22;1,14,29,18,16;1,7,8,21,29,13;9,19,21,29,23;1,2,12,18,13;0,24,29,19,22;12,16,13,29,19;9,10,12,18,29,17,22,21,15;5,11,24,29,23;8,14,29,15,19,22,26;0,28,4,12,2,25,26,21,19,17;5,9,15,29,20;0,17,29,20,11;2,27,3,26,22;3,8,21,22,25;1,7,3,25,2;0,22,4,5,6;13,14,21,15,23,20,24,17,19,18
klein_c32_w6_t644 30 6,11,24,17,22,28;2,16,13,14,7,27;1,16,12,22,25,27;7,8,26,25,27;5,28,22,12,11,20;4,28,6,10,9,23,20;0,11,12,10,5,28;1,27,3,8,14;3,7,14,21,26;5,10,19,15,23;5,6,12,18,19,9;0,6,12,4,20,24;2,16,18,10,6,11,4,22;1,14,29,18,16;1,7,8,21,29,13;9,19,21,29,23;1,2,12,18,13;0,24,29,19,22;10,12,16,13,29,19;9,10,18,29,17,22,21,15;4,5,23,29,24,11;8,14,29,15,19,22,26;0,28,4,12,2,25,26,21,19,17;5,9,15,29,20;0,17,29,20,11;2,27,3,26,22;3,8,21,22,25;1,7,3,25,2;0,22,4,5,6;13,14,21,15,23,20,24,17,19,18
klein_c32_w6_t665 30 11,28,22,17,24;2,16,13,14,7,27;1,16,12,22,25,27;7,8,26,25,27;5,28,22,12,11,20;4,28,6,10,9,23,20;5,10,12,11,28;1,27,3,8,14;3,7,14,21,26;5,10,19,15,23;5,6,12,19,9;0,28,6,12,4,20,24;2,16,18,19,10,6,11,4,22;1,14,29,18,16;1,7,8,21,29,13;9,19,21,29,23;1,2,12,18,13;0,24,29,19,22;12,16,13,29,19;9,10,12,18,29,17,22,21,15;4,5,23,29,24,11;8,14,29,15,19,22,26;0,28,4,12,2,25,26,21,19,17;5,9,15,29,20;0,17,29,20,11;2,27,3,26,22;3,8,21,22,25;1,7,3,25,2;0,22,4,5,6,11;13,14,21,15,23,20,24,17,19,18
klein_c32_w15_t646 28 6,19,11,22,7;6,7,15,26,23;5,12,11,15,14;4,24,13,18,11,22;3,24,20,26,23,22;2,12,17,16,14;0,19,25,23,1,7;0,6,1,15,27,20,21,22;9,10,16,14,15,27;8,10,13,24,27;8,9,13,18,17,16;0,19,15,2,12,18,3,22;2,11,18,17,5;3,24,9,10,18;2,5,16,8,15;1,7,27,8,14,2,11,19,25,21,20,26;5,14,8,10,17;5,12,18,10,16;3,11,12,17,10,13;0,6,25,15,11;4,24,27,7,21,15,26;7,22,25,15,20;0,11,3,4,23,25,21,7;1,6,25,22,4,26;3,4,20,27,9,13;6,19,15,21,22,23;1,15,20,4,23;7,15,8,9,24,20
klein_c32_w15_t652 28 6,19,11,22,7;6,7,27,15,26,23;5,12,11,15,14;4,24,13,18,11,22;3,24,20,26,23,22;2,12,17,16,14;0,19,25,23,1,7;0,6,1,27,20,21,22;9,10,16,14,15,27;8,10,13,24,27;8,9,13,18,17,16;0,19,15,2,12,18,3,22;2,11,18,17,5;3,24,9,10,18;2,5,16,8,15;1,27,8,14,2,11,19,25,21,20,26;5,14,8,10,17;5,12,18,10,16;3,11,12,17,10,13;0,6,25,15,11;4,24,27,7,21,15,26;7,22,25,15,20;0,11,3,4,23,25,21,7;1,6,25,22,4,26;3,4,20,27,9,13;6,19,15,21,22,23;1,15,20,4,23;1,7,20,24,9,8,15
klein_c32_w15_t678 28 6,19,11,22,7;6,7,27,15,26,23;5,12,11,15,14;4,24,13,18,11,22;3,24,20,26,23,22;2,12,17,16,14;0,19,25,23,1,7;0,6,1,27,20,21,22;9,10,16,14,15,27;8,10,13,24,27;8,9,13,18,17,16;0,19,15,2,12,18,3,22;2,11,18,17,5;3,24,9,10,18;2,5,16,8,15;1,27,8,14,2,11,19,21,20,26;5,14,8,10,17;5,12,18,10,16;3,11,12,17,10,13;0,6,25,21,15,11;4,24,27,7,21,15,26;7,22,25,19,15,20;0,11,3,4,23,25,21,7;1,6,25,22,4,26;3,4,20,27,9,13;6,19,21,22,23;1,15,20,4,23;1,7,20,24,9,8,15
klein_c32_w15_t686 28 6,19,11,22,7;6,7,15,26,23;5,12,11,15,14;4,24,13,18,11,22;3,24,20,26,23,22;2,12,17,16,14;0,19,25,23,1,7;0,6,1,15,27,20,21,22;9,10,16,14,15,27;8,10,13,24,27;8,9,13,18,17,16;0,19,15,2,12,18,3,22;2,11,18,17,5;3,24,9,10,18;2,5,16,8,15;1,7,27,8,14,2,11,19,21,20,26;5,14,8,10,17;5,12,18,10,16;3,11,12,17,10,13;0,6,25,21,15,11;4,24,27,7,21,15,26;7,22,25,19,15,20;0,11,3,4,23,25,21,7;1,6,25,22,4,26;3,4,20,27,9,13;6,19,21,22,23;1,15,20,4,23;7,15,8,9,24,20
klein_c32_w15_t690 28 1,6,19,11,22,7;0,6,23,26,15,27,7;5,12,11,15,14;4,24,13,18,11,22;3,24,20,26,23,22;2,12,17,16,14;0,19,25,23,1;0,1,27,20,21,22;9,10,16,14,15,27;8,10,13,24,27;8,9,13,18,17,16;0,19,15,2,12,18,3,22;2,11,18,17,5;3,24,9,10,18;2,5,16,8,15;1,27,8,14,2,11,19,21,20,26;5,14,8,10,17;5,12,18,10,16;3,11,12,17,10,13;0,6,25,21,15,11;4,24,27,7,21,15,26;7,22,25,19,15,20;0,11,3,4,23,25,21,7;1,6,25,22,4,26;3,4,20,27,9,13;6,19,21,22,23;1,15,20,4,23;1,7,20,24,9,8,15
klein_c32_w15_t708 28 1,6,19,11,22,7;0,6,23,26,15,27,7;5,12,11,15,14;11,22,24,13,18;20,24,22,23,26;2,12,17,16,14;0,19,25,23,1;0,1,27,20,21,22;9,10,16,14,15,27;8,10,13,24,27;8,9,13,18,17,16;0,19,15,2,12,18,3,22;2,11,18,17,5;3,24,9,10,18;2,5,16,8,15;1,27,8,14,2,11,19,21,20,26;5,14,8,10,17;5,12,18,10,16;3,11,12,17,10,13;0,6,25,21,15,11;4,24,27,7,21,15,26;7,22,25,19,15,20;0,11,3,24,4,23,25,21,7;1,6,25,22,4,26;3,22,4,20,27,9,13;6,19,21,22,23;1,15,20,4,23;1,7,20,24,9,8,15
klein_c32_w15_t710 28 1,6,19,11,7;0,6,23,26,15,27,7;5,12,11,15,14;11,22,24,13,18;20,24,22,23,26;2,12,17,16,14;0,19,25,23,1;0,1,27,20,21,22,11;9,10,16,14,15,27;8,10,13,24,27;8,9,13,18,17,16;0,19,15,2,12,18,3,22,7;2,11,18,17,5;3,24,9,10,18;2,5,16,8,15;1,27,8,14,2,11,19,21,20,26;5,14,8,10,17;5,12,18,10,16;3,11,12,17,10,13;0,6,25,21,15,11;4,24,27,7,21,15,26;7,22,25,19,15,20;3,11,7,21,25,23,4,24;1,6,25,22,4,26;3,22,4,20,27,9,13;6,19,21,22,23;1,15,20,4,23;1,7,20,24,9,8,15
klein_c32_w15_t818 28 1,6,19,11,22,7;0,6,23,26,15,27,7;5,12,11,15,14;11,22,24,13,18;20,24,22,23,26;2,12,17,16,14;0,19,25,23,1;0,1,27,20,21,22;9,10,16,14,15,27;8,10,13,24,27;8,9,13,18,17,16;0,19,15,2,12,18,3,22;2,11,18,17,5;3,24,9,10,18;2,5,16,8,15;1,27,8,14,2,11,19,21,20,26;5,14,8,10,17;5,12,18,10,16;3,11,12,17,10,13;0,6,25,21,15,11;4,24,27,7,21,15,26;7,22,25,19,15,20;0,7,21,25,23,4,24,3,11;1,6,25,22,4,26;3,22,4,20,27,9,13;6,19,21,22,23;1,15,20,4,23;1,7,20,24,9,8,15
klein_c32_w15_t831 28 1,6,19,11,22,7;0,6,23,26,15,27,7;5,12,11,15,14;4,22,11,18,13,24;3,22,23,26,20,24;2,12,17,16,14;0,19,25,23,1;0,1,27,20,21,22;9,10,16,14,15,27;8,10,13,24,27;8,9,13,18,17,16;0,19,15,2,12,18,3,22;2,11,18,17,5;3,24,9,10,18;2,5,16,8,15;1,27,8,14,2,11,19,21,20,26;5,14,8,10,17;5,12,18,10,16;3,11,12,17,10,13;0,6,25,21,15,11;4,24,27,7,21,15,26;7,22,25,19,15,20;0,7,21,25,23,4,3,11;1,6,25,22,4,26;3,13,9,27,20,4;6,19,21,22,23;1,15,20,4,23;1,7,20,24,9,8,15
klein_c32_w15_t876 28 1,6,19,11,22,21,7;0,6,23,26,15,27,7;5,12,11,15,14;11,22,24,13,18;20,24,22,23,26;2,12,17,16,14;0,19,25,23,1;0,1,27,20,21;9,10,16,14,15,27;8,10,13,24,27;8,9,13,18,17,16;0,19,15,2,12,18,3,22;2,11,18,17,5;3,24,9,10,18;2,5,16,8,15;1,27,8,14,2,11,19,21,20,26;5,14,8,10,17;5,12,18,10,16;3,11,12,17,10,13;0,6,25,21,15,11;4,24,27,7,21,15,26;0,7,20,15,19,25,22;0,21,25,23,4,24,3,11;1,6,25,22,4,26;3,22,4,20,27,9,13;6,19,21,22,23;1,15,20,4,23;1,7,20,24,9,8,15
klein_c32_w15_t896 28 1,6,19,11,22,21,7;0,6,23,26,15,27,7;5,12,11,15,14;11,22,24,13,18;20,27,24,22,23,26;2,12,17,16,14;0,19,25,23,1;0,1,27,20,21;9,10,16,14,15,27;8,10,13,24,27;8,9,13,18,17,16;0,19,15,2,12,18,3,22;2,11,18,17,5;3,24,9,10,18;2,5,16,8,15;1,27,8,14,2,11,19,21,20,26;5,14,8,10,17;5,12,18,10,16;3,11,12,17,10,13;0,6,25,21,15,11;4,27,7,21,15,26;0,7,20,15,19,25,22;0,21,25,23,4,24,3,11;1,6,25,22,4,26;3,22,4,27,9,13;6,19,21,22,23;1,15,20,4,23;1,7,20,4,24,9,8,15
klein_c32_w15_t952 28 1,6,19,11,22,21,7;0,6,23,26,15,27,7;5,12,11,15,14;11,22,24,13,18;20,24,22,23,26;2,12,17,16,14;0,19,25,23,1;0,1,27,24,20,21;9,10,16,14,15,27;8,10,13,24,27;8,9,13,18,17,16;0,19,15,2,12,18,3,22;2,11,18,17,5;3,24,9,10,18;2,5,16,8,15;1,27,8,14,2,11,19,21,20,26;5,14,8,10,17;5,12,18,10,16;3,11,12,17,10,13;0,6,25,21,15,11;4,24,7,21,15,26;0,7,20,15,19,25,22;0,21,25,23,4,24,3,11;1,6,25,22,4,26;3,22,4,20,7,27,9,13;6,19,21,22,23;1,15,20,4,23;1,7,24,9,8,15
klein_c32_w15_t973 28 1,6,19,11,22,21,7;0,6,23,26,15,27,7;5,12,11,15,14;11,22,24,13,18;20,24,22,23,26;2,12,17,16,14;0,19,25,23,1;0,1,27,20,21;9,10,16,14,15,27;8,10,13,24,27;8,9,13,18,17,16;0,19,15,2,12,18,3,22;2,11,18,17,5;3,24,9,10,18;2,5,16,8,15;1,27,8,14,2,11,19,21,26;5,14,8,10,17;5,12,18,10,16;3,11,12,17,10,13;0,6,25,21,15,11;4,24,27,7,21,26;0,7,20,26,15,19,25,22;0,21,25,23,4,24,3,11;1,6,25,22,4,26;3,22,4,20,27,9,13;6,19,21,22,23;1,15,21,20,4,23;1,7,20,24,9,8,15
klein_c32_w15_t975 28 1,6,19,15,11,22,21,7;0,6,23,26,15,27,7;5,12,11,15,14;11,22,24,13,18;20,24,22,23,26;2,12,17,16,14;0,19,25,23,1;0,1,27,20,21;9,10,16,14,15,27;8,10,13,24,27;8,9,13,18,17,16;0,15,2,12,18,3,22;2,11,18,17,5;3,24,9,10,18;2,5,16,8,15;0,11,2,14,8,27,1,26,20,21,19;5,14,8,10,17;5,12,18,10,16;3,11,12,17,10,13;0,6,25,21,15;4,24,27,7,21,15,26;0,7,20,15,19,25,22;0,21,25,23,4,24,3,11;1,6,25,22,4,26;3,22,4,20,27,9,13;6,19,21,22,23;1,15,20,4,23;1,7,20,24,9,8,15
klein_c32_w15_t995 28 6,19,11,22,21,7;6,7,27,15,26,23;5,12,11,15,14;11,22,24,13,18;20,24,22,23,26;2,12,17,16,14;0,19,25,23,1,7;0,6,1,27,20,21;9,10,16,14,15,27;8,10,13,24,27;8,9,13,18,17,16;0,19,15,2,12,18,3,22;2,11,18,17,5;3,24,9,10,18;2,5,16,8,15;1,27,8,14,2,11,19,21,20,26;5,14,8,10,17;5,12,18,10,16;3,11,12,17,10,13;0,6,25,21,15,11;4,24,27,7,21,15,26;0,7,20,15,19,25,22;0,21,25,23,4,24,3,11;1,6,25,22,4,26;3,22,4,20,27,9,13;6,19,21,22,23;1,15,20,4,23;1,7,20,24,9,8,15
klein_c32_w15_t1002 28 6,19,11,22,21,7;6,7,27,15,26,23;5,12,11,15,14;11,22,24,13,18;20,27,24,22,23,26;2,12,17,16,14;0,19,25,23,1,7;0,6,1,27,20,21;9,10,16,14,15,27;8,10,13,24,27;8,9,13,18,17,16;0,19,15,2,12,18,3,22;2,11,18,17,5;3,24,9,10,18;2,5,16,8,15;1,27,8,14,2,11,19,21,20,26;5,14,8,10,17;5,12,18,10,16;3,11,12,17,10,13;0,6,25,21,15,11;4,27,7,21,15,26;0,7,20,15,19,25,22;0,21,25,23,4,24,3,11;1,6,25,22,4,26;3,22,4,27,9,13;6,19,21,22,23;1,15,20,4,23;1,7,20,4,24,9,8,15
klein_c32_w15_t1030 28 6,19,11,22,21,20,7;6,7,27,15,26,23;5,12,11,15,14;11,22,24,13,18;20,24,22,23,26;2,12,17,16,14;0,19,25,23,1,7;0,6,1,27,20;9,10,16,14,15,27;8,10,13,24,27;8,9,13,18,17,16;0,19,15,2,12,18,3,22;2,11,18,17,5;3,24,9,10,18;2,5,16,8,15;1,27,8,14,2,11,19,21,20,26;5,14,8,10,17;5,12,18,10,16;3,11,12,17,10,13;0,6,25,21,15,11;0,7,27,24,4,26,15,21;0,22,25,19,15,20;0,21,25,23,4,24,3,11;1,6,25,22,4,26;3,22,4,20,27,9,13;6,19,21,22,23;1,15,20,4,23;1,7,20,24,9,8,15
klein_c32_w15_t1033 28 7,19,11,22,21;6,7,27,15,26,23;5,12,11,15,14;11,22,24,13,18;20,24,22,23,26;2,12,17,16,14;1,7,19,25,23;0,19,6,1,27,20,21;9,10,16,14,15,27;8,10,13,24,27;8,9,13,18,17,16;0,19,15,2,12,18,3,22;2,11,18,17,5;3,24,9,10,18;2,5,16,8,15;1,27,8,14,2,11,19,21,20,26;5,14,8,10,17;5,12,18,10,16;3,11,12,17,10,13;0,7,6,25,21,15,11;4,24,27,7,21,15,26;0,7,20,15,19,25,22;0,21,25,23,4,24,3,11;1,6,25,22,4,26;3,22,4,20,27,9,13;6,19,21,22,23;1,15,20,4,23;1,7,20,24,9,8,15
klein_c32_w15_t1047 28 6,19,11,22,21,7;6,7,27,15,26,23;5,12,11,15,14;4,22,11,18,13,24;3,22,23,26,20,24;2,12,17,16,14;0,19,25,23,1,7;0,6,1,27,20,21;9,10,16,14,15,27;8,10,13,24,27;8,9,13,18,17,16;0,19,15,2,12,18,3,22;2,11,18,17,5;3,24,9,10,18;2,5,16,8,15;1,27,8,14,2,11,19,21,20,26;5,14,8,10,17;5,12,18,10,16;3,11,12,17,10,13;0,6,25,21,15,11;4,24,27,7,21,15,26;0,7,20,15,19,25,22;0,21,25,23,4,3,11;1,6,25,22,4,26;3,13,9,27,20,4;6,19,21,22,23;1,15,20,4,23;1,7,20,24,9,8,15
klein_c32_w15_t1070 28 6,19,11,22,21,7;6,7,27,15,26,23;5,12,11,15,14;11,22,24,13,18;20,24,22,23,26;2,12,17,16,14;0,19,25,23,1,7;0,6,1,27,20,21;9,10,16,14,15,27;8,10,13,24,27;8,9,13,18,17,16;0,19,15,2,12,18,3,22;2,11,18,17,5;3,24,9,10,18;2,5,16,8,15;1,27,8,14,2,11,19,21,26;5,14,8,10,17;5,12,18,10,16;3,11,12,17,10,13;0,6,25,21,15,11;4,24,27,7,21,26;0,7,20,26,15,19,25,22;0,21,25,23,4,24,3,11;1,6,25,22,4,26;3,22,4,20,27,9,13;6,19,21,22,23;1,15,21,20,4,23;1,7,20,24,9,8,15
klein_c32_w15_t1079 28 6,19,11,22,21,7;6,7,27,15,26,23;5,12,11,15,14;11,22,24,13,18;20,24,22,23,26;2,12,17,16,14;0,19,25,23,1,7;0,6,1,27,24,20,21;9,10,16,14,15,27;8,10,13,24,27;8,9,13,18,17,16;0,19,15,2,12,18,3,22;2,11,18,17,5;3,24,9,10,18;2,5,16,8,15;1,27,8,14,2,11,19,21,20,26;5,14,8,10,17;5,12,18,10,16;3,11,12,17,10,13;0,6,25,21,15,11;4,24,7,21,15,26;0,7,20,15,19,25,22;0,21,25,23,4,24,3,11;1,6,25,22,4,26;3,22,4,20,7,27,9,13;6,19,21,22,23;1,15,20,4,23;1,7,24,9,8,15
klein_c32_w15_t1098 28 6,19,11,22,7;6,7,27,15,26,23;5,12,11,15,14;11,22,24,13,18;20,24,22,23,26;2,12,17,16,14;0,19,25,23,1,7;0,6,1,27,20,21,22;9,10,16,14,15,27;8,10,13,24,27;8,9,13,18,17,16;0,19,15,2,12,18,3,22;2,11,18,17,5;3,24,9,10,18;2,5,16,8,15;1,27,8,14,2,11,19,21,20,26;5,14,8,10,17;5,12,18,10,16;3,11,12,17,10,13;0,6,25,21,15,11;4,24,27,7,21,15,26;7,22,25,19,15,20;0,7,21,25,23,4,24,3,11;1,6,25,22,4,26;3,22,4,20,27,9,13;6,19,21,22,23;1,15,20,4,23;1,7,20,24,9,8,15
klein_c32_w15_t1143 28 6,19,11,22,21,7;6,7,27,15,26,23,25;5,12,11,15,14;11,22,24,13,18;20,24,22,23,26;2,12,17,16,14;0,19,25,1,7;0,6,1,27,20,21;9,10,16,14,15,27;8,10,13,24,27;8,9,13,18,17,16;0,19,15,2,12,18,3,22;2,11,18,17,5;3,24,9,10,18;2,5,16,8,15;1,27,8,14,2,11,19,21,20,26;5,14,8,10,17;5,12,18,10,16;3,11,12,17,10,13;0,6,25,21,15,11;4,24,27,7,21,15,26;0,7,20,15,19,25,22;0,21,25,23,4,24,3,11;1,25,22,4,26;3,22,4,20,27,9,13;1,6,19,21,22,23;1,15,20,4,23;1,7,20,24,9,8,15
klein_c32_w15_t1182 28 6,19,15,11,22,21,7;6,7,27,15,26,23;5,12,11,15,14;11,22,24,13,18;20,24,22,23,26;2,12,17,16,14;0,19,25,23,1,7;0,6,1,27,20,21;9,10,16,14,15,27;8,10,13,24,27;8,9,13,18,17,16;0,15,2,12,18,3,22;2,11,18,17,5;3,24,9,10,18;2,5,16,8,15;0,11,2,14,8,27,1,26,20,21,19;5,14,8,10,17;5,12,18,10,16;3,11,12,17,10,13;0,6,25,21,15;4,24,27,7,21,15,26;0,7,20,15,19,25,22;0,21,25,23,4,24,3,11;1,6,25,22,4,26;3,22,4,20,27,9,13;6,19,21,22,23;1,15,20,4,23;1,7,20,24,9,8,15
klein_c32_w23_t1154 28 6,8,11,17,10,23;8,15,22,12,19;3,16,20,24,26,22,27;2,16,4,25,27;3,16,10,17,25;6,8,7,14,13,21;0,8,5,21,23;5,8,19,13,21,23,12,14;0,6,5,7,19,1,15,11;12,20,16,26,22;0,23,12,24,26,16,4,17;0,8,15,18,17;1,22,9,20,24,10,23,7,14,19;5,21,7,19,14;5,7,12,19,13;1,22,18,11,8;2,3,4,10,26,9,20;0,10,4,25,18,11;11,15,22,27,25,17;1,8,7,13,14,12;2,24,12,9,16;5,13,7,23,6;1,15,18,27,2,26,9,12;0,10,12,7,21,6;2,20,12,10,26;3,4,17,18,27;2,24,10,16,9,22;2,3,25,18,22
klein_c32_w23_t1192 28 6,8,11,17,10,23;8,15,22,12,19;3,16,20,24,26,22,27;2,16,4,25,27;3,16,10,17,25;6,8,7,14,13,21;0,8,5,21,23;5,8,19,13,21,12,14;0,6,5,7,19,1,15,11;12,20,16,26,22;0,23,12,24,26,16,4,17;0,8,15,18,17;1,22,9,20,24,10,23,21,7,14,19;5,21,7,19,14;5,7,12,19,13;1,22,18,11,8;2,3,4,10,26,9,20;0,10,4,25,18,11;11,15,22,27,25,17;1,8,7,13,14,12;2,24,12,9,16;5,13,7,12,23,6;1,15,18,27,2,26,9,12;0,10,12,21,6;2,20,12,10,26;3,4,17,18,27;2,24,10,16,9,22;2,3,25,18,22
klein_c32_w30_t1164 30 2,26,20,7,10;3,19,21,28,20,23,29,14;0,26,6,13,17,10;1,19,7,10,17,14;15,24,28,21,18;8,27,16,11,25,12;2,26,16,11,13;0,10,3,19,23,20;5,27,24,22,12;12,22,14,17,25;0,7,3,17,2;5,25,13,6,16;5,25,9,22,8;2,6,11,25,17;1,3,17,9,22,18,29;4,24,27,26,20,18;5,27,26,6,11;2,10,3,14,9,25,13;4,15,20,28,22,14,29,19,21;1,3,7,23,29,18,21;0,7,23,1,28,18,15,26;1,19,18,4,28;8,24,28,18,14,9,12;1,20,7,19,29;4,15,27,8,22,28;5,11,13,17,9,12;0,2,6,16,27,15,20;5,8,24,15,26,16;1,21,4,24,22,18,20;1,14,18,19,23
klein_c32_w30_t1182 30 2,26,20,7,10;3,19,21,28,20,23,29,14;0,26,6,13,17,10;1,19,7,10,17,14;15,24,22,28,21,18;8,27,16,11,25,12;2,26,16,11,13;0,10,3,19,23,20;5,27,24,22,12;12,22,14,17,25;0,7,3,17,2;5,25,13,6,16;5,25,9,22,8;2,6,11,25,17;1,3,17,9,22,18,29;4,24,27,26,20,18;5,27,26,6,11;2,10,3,14,9,25,13;4,15,20,28,22,14,29,19,21;1,3,7,23,29,18,21;0,7,23,1,28,18,15,26;1,19,18,4,28;4,24,8,12,9,14,18,28;1,20,7,19,29;4,15,27,8,22;5,11,13,17,9,12;0,2,6,16,27,15,20;5,8,24,15,26,16;1,21,4,22,18,20;1,14,18,19,23
klein_c32_w30_t1198 30 2,26,20,7,10;3,19,21,28,20,23,29;0,26,6,13,17,10;1,19,7,10,17,14,29;15,24,28,21,18;8,27,16,11,25,12;2,26,16,11,13;0,10,3,19,23,20;5,27,24,22,12;12,22,14,17,25;0,7,3,17,2;5,25,13,6,16;5,25,9,22,8;2,6,11,25,17;3,17,9,22,18,29;4,24,27,26,20,18;5,27,26,6,11;2,10,3,14,9,25,13;4,15,20,28,22,14,29,19,21;1,3,7,23,29,18,21;0,7,23,1,28,18,15,26;1,19,18,4,28;8,24,28,18,14,9,12;1,20,7,19,29;4,15,27,8,22,28;5,11,13,17,9,12;0,2,6,16,27,15,20;5,8,24,15,26,16;1,21,4,24,22,18,20;1,3,14,18,19,23
klein_c32_w33_t590 29 6,13,18,7,15;3,20,9,10,25;5,14,21,20,26,22,19,16,7,15;1,20,21,27,5,6,13,25;5,28,22,26,8,27;2,14,28,4,27,3,6,15;0,13,3,5,15;0,15,2,16,18;4,26,20,23,14,27;1,20,16,11,10;1,9,11,12,25;9,16,18,12,10;10,11,18,13,25;0,6,3,25,12,18;2,5,28,24,23,8,27,21;0,7,2,5,6;2,7,18,11,9,20,17,19;16,19,24,23,20;0,7,16,11,12,13;2,22,28,24,17,16;1,3,21,2,26,8,23,17,16,9;2,20,3,27,14;2,19,28,4,26;8,20,17,24,14;14,23,17,19,28;1,10,12,13,3;2,22,4,8,20;3,5,4,8,14,21;4,5,14,24,19,22
klein_c32_w33_t592 29 6,13,18,7,15;3,20,9,10,25;5,28,14,21,20,26,22,19,16,7,15;1,20,21,27,5,6,13,25;5,28,22,26,8,27;2,28,4,27,3,6,15;0,13,3,5,15;0,15,2,16,18;4,26,20,23,14,27;1,20,16,11,10;1,9,11,12,25;9,16,18,12,10;10,11,18,13,25;0,6,3,25,12,18;2,21,27,8,23,24,28;0,7,2,5,6;2,7,18,11,9,20,17,19;16,19,24,23,20;0,7,16,11,12,13;2,22,28,24,17,16;1,3,21,2,26,8,23,17,16,9;2,20,3,27,14;2,19,28,4,26;8,20,17,24,14;14,23,17,19,28;1,10,12,13,3;2,22,4,8,20;3,5,4,8,14,21;2,5,4,22,19,24,14
klein_c32_w33_t600 29 6,13,18,7,15;3,20,9,10,25;5,14,21,20,26,22,16,7,15;1,20,21,27,5,6,13,25;5,28,22,26,8,27;2,14,28,4,27,3,6,15;0,13,3,5,15;0,15,2,16,18;4,26,20,23,14,27;1,20,16,11,10;1,9,11,12,25;9,16,18,12,10;10,11,18,13,25;0,6,3,25,12,18;2,5,28,24,23,8,27,21;0,7,2,5,6;2,7,18,11,9,20,17,19,22;16,19,24,23,20;0,7,16,11,12,13;16,17,24,28,22;1,3,21,2,26,8,23,17,16,9;2,20,3,27,14;2,16,19,28,4,26;8,20,17,24,14;14,23,17,19,28;1,10,12,13,3;2,22,4,8,20;3,5,4,8,14,21;4,5,14,24,19,22
klein_c32_w33_t610 29 6,13,18,7,15;3,20,9,10,25;5,14,21,20,26,22,16,7,15;1,20,21,27,5,6,13,25;5,28,22,26,8,27;2,14,24,28,4,27,3,6,15;0,13,3,5,15;0,15,2,16,18;4,26,20,23,14,27;1,20,16,11,10;1,9,11,12,25;9,16,18,12,10;10,11,18,13,25;0,6,3,25,12,18;2,5,24,23,8,27,21;0,7,2,5,6;2,7,18,11,9,20,17,19,22;16,19,24,23,20;0,7,16,11,12,13;16,17,24,28,22;1,3,21,2,26,8,23,17,16,9;2,20,3,27,14;2,16,19,28,4,26;8,20,17,24,14;5,14,23,17,19,28;1,10,12,13,3;2,22,4,8,20;3,5,4,8,14,21;4,5,24,19,22
klein_c32_w33_t621 29 6,13,18,7,15;3,20,9,10,25;5,14,21,20,26,22,16,7,15;1,20,21,27,5,6,13,25;5,22,26,8,27;2,14,28,22,4,27,3,6,15;0,13,3,5,15;0,15,2,16,18;4,26,20,23,14,27;1,20,16,11,10;1,9,11,12,25;9,16,18,12,10;10,11,18,13,25;0,6,3,25,12,18;2,5,28,24,23,8,27,21;0,7,2,5,6;2,7,18,11,9,20,17,19,22;16,19,24,23,20;0,7,16,11,12,13;16,17,24,28,22;1,3,21,2,26,8,23,17,16,9;2,20,3,27,14;2,16,19,28,5,4,26;8,20,17,24,14;14,23,17,19,28;1,10,12,13,3;2,22,4,8,20;3,5,4,8,14,21;5,22,19,24,14
klein_c32_w33_t623 29 6,13,18,7,15;3,20,9,10,25;5,14,21,20,26,22,16,7,15;1,20,21,27,5,6,13,25;5,14,28,22,26,8,27;2,14,4,27,3,6,15;0,13,3,5,15;0,15,2,16,18;4,26,20,23,14,27;1,20,16,11,10;1,9,11,12,25;9,16,18,12,10;10,11,18,13,25;0,6,3,25,12,18;2,5,4,28,24,23,8,27,21;0,7,2,5,6;2,7,18,11,9,20,17,19,22;16,19,24,23,20;0,7,16,11,12,13;16,17,24,28,22;1,3,21,2,26,8,23,17,16,9;2,20,3,27,14;2,16,19,28,4,26;8,20,17,24,14;14,23,17,19,28;1,10,12,13,3;2,22,4,8,20;3,5,4,8,14,21;4,22,19,24,14
klein_c32_w33_t646 29 6,13,18,7,15;3,20,9,10,25;5,14,21,20,26,22,16,7,15;1,20,21,27,5,6,13,25;5,28,26,8,27;2,14,28,4,27,3,6,15;0,13,3,5,15;0,15,2,16,18;4,26,20,23,14,27;1,20,16,11,10;1,9,11,12,25;9,16,18,12,10;10,11,18,13,25;0,6,3,25,12,18;2,5,28,24,23,8,27,21;0,7,2,5,6;2,7,18,11,9,20,17,19,22;16,19,24,23,20;0,7,16,11,12,13;16,17,24,28,22;1,3,21,2,26,8,23,17,16,9;2,20,3,27,14;2,16,19,28,26;8,20,17,24,14;14,23,17,19,28;1,10,12,13,3;2,22,28,4,8,20;3,5,4,8,14,21;4,26,22,19,24,14,5
klein_c32_w33_t648 29 6,13,18,7,15;3,20,9,10,25;5,14,21,20,26,22,16,7,15;1,20,21,27,5,6,13,25;5,28,26,20,8,27;2,14,28,4,27,3,6,15;0,13,3,5,15;0,15,2,16,18;4,20,23,14,27;1,20,16,11,10;1,9,11,12,25;9,16,18,12,10;10,11,18,13,25;0,6,3,25,12,18;2,5,28,24,23,8,27,21;0,7,2,5,6;2,7,18,11,9,20,17,19,22;16,19,24,23,20;0,7,16,11,12,13;16,17,24,28,22;1,3,21,2,26,4,8,23,17,16,9;2,20,3,27,14;2,16,19,28,26;8,20,17,24,14;14,23,17,19,28;1,10,12,13,3;2,22,28,4,20;3,5,4,8,14,21;4,26,22,19,24,14,5
klein_c32_w33_t660 29 6,13,18,7,15;3,20,9,10,25;5,14,21,20,26,22,16,7,15;1,20,21,27,5,6,13,25;5,28,26,8,27;2,14,28,4,27,3,6,15;0,13,3,5,15;0,15,2,16,18;4,26,20,23,14,21,27;1,20,16,11,10;1,9,11,12,25;9,16,18,12,10;10,11,18,13,25;0,6,3,25,12,18;2,5,28,24,23,8,21;0,7,2,5,6;2,7,18,11,9,20,17,19,22;16,19,24,23,20;0,7,16,11,12,13;16,17,24,28,22;1,3,21,2,26,8,23,17,16,9;2,20,3,27,8,14;2,16,19,28,26;8,20,17,24,14;14,23,17,19,28;1,10,12,13,3;2,22,28,4,8,20;3,5,4,8,21;4,26,22,19,24,14,5
klein_c32_w33_t664 29 6,13,18,7,15;3,20,9,10,25;5,14,21,20,26,22,16,7,15;1,20,21,27,5,6,13,25;5,28,26,8,27;2,14,24,28,4,27,3,6,15;0,13,3,5,15;0,15,2,16,18;4,26,20,23,14,27;1,20,16,11,10;1,9,11,12,25;9,16,18,12,10;10,11,18,13,25;0,6,3,25,12,18;2,5,24,23,8,27,21;0,7,2,5,6;2,7,18,11,9,20,17,19,22;16,19,24,23,20;0,7,16,11,12,13;16,17,24,28,22;1,3,21,2,26,8,23,17,16,9;2,20,3,27,14;2,16,19,28,26;8,20,17,24,14;5,14,23,17,19,28;1,10,12,13,3;2,22,28,4,8,20;3,5,4,8,14,21;4,26,22,19,24,5
klein_c32_w33_t698 29 6,13,18,7,15;3,20,9,10,25;5,14,21,20,22,16,7,15;1,20,21,27,5,6,13,25;5,28,26,8,27;2,14,28,4,27,3,6,15;0,13,3,5,15;0,15,2,16,18;4,26,20,23,14,27;1,20,16,11,10;1,9,11,12,25;9,16,18,12,10;10,11,18,13,25;0,6,3,25,12,18;2,5,28,24,23,8,27,21;0,7,2,5,6;2,7,18,11,9,20,17,19,22;16,19,24,23,20;0,7,16,11,12,13;16,17,24,28,22;1,3,21,2,22,26,8,23,17,16,9;2,20,3,27,14;2,16,19,28,26,20;8,20,17,24,14;14,23,17,19,28;1,10,12,13,3;4,28,22,20,8;3,5,4,8,14,21;4,26,22,19,24,14,5
klein_c32_w33_t711 29 6,13,18,7,15;3,20,9,10,25;5,14,21,20,26,22,16,7,15;1,20,21,27,5,6,13,25;5,28,26,8,27;2,14,28,4,27,3,6,15;0,13,3,5,15;0,15,2,16,18;4,26,23,14,27;1,20,16,11,10;1,9,11,12,25;9,16,18,12,10;10,11,18,13,25;0,6,3,25,12,18;2,5,28,24,23,8,27,21;0,7,2,5,6;2,7,18,11,9,20,17,19,22;16,19,24,23,20;0,7,16,11,12,13;16,17,24,28,22;1,3,21,2,26,23,17,16,9;2,20,3,27,14;2,16,19,28,26;8,26,20,17,24,14;14,23,17,19,28;1,10,12,13,3;2,22,28,4,8,23,20;3,5,4,8,14,21;4,26,22,19,24,14,5
klein_c32_w33_t718 29 6,13,18,7,15;3,20,9,10,25;5,14,21,20,26,22,16,7,15;1,20,21,27,5,6,13,25;5,28,26,8,27;2,14,28,4,27,3,6,15;0,13,3,5,15;0,15,2,16,18;4,26,20,23,27;1,20,16,11,10;1,9,11,12,25;9,16,18,12,10;10,11,18,13,25;0,6,3,25,12,18;2,5,28,24,23,27,21;0,7,2,5,6;2,7,18,11,9,20,17,19,22;16,19,24,23,20;0,7,16,11,12,13;16,17,24,28,22;1,3,21,2,26,8,23,17,16,9;2,20,3,27,14;2,16,19,28,26;8,20,17,24,14,27;14,23,17,19,28;1,10,12,13,3;2,22,28,4,8,20;3,5,4,8,23,14,21;4,26,22,19,24,14,5
klein_c32_w41_t1327 28 3,4,24,18,21,25,9,15,11;2,7,4,24,23;1,7,13,8,23;0,4,7,13,5,16,11;0,3,7,1,24;3,13,8,10,6,16;5,10,12,20,14,26,16;1,4,3,13,2;2,13,5,10,22,23;0,15,26,14,25;5,6,12,22,8;0,3,16,27,14,15;6,10,22,17,19,20;2,7,3,5,8;6,26,9,25,15,11,27,20;0,11,14,25,21,26,9;3,5,6,26,21,27,11;12,19,18,24,23,22;0,21,27,19,17,24;12,17,18,27,20;6,14,27,19,12;0,18,27,16,26,15,25;8,10,12,17,23;1,24,17,22,8,2;0,4,1,23,17,18;0,9,14,15,21;6,14,9,15,21,16;11,16,21,18,19,20,14
klein_c32_w41_t1336 28 3,4,24,18,21,25,9,15;2,7,4,24,23;1,7,13,8,23;0,4,7,13,5,16,11,15;0,3,7,1,24;3,13,8,10,6,16;5,10,12,20,14,26,16;1,4,3,13,2;2,13,5,10,22,23;0,15,26,14,25;5,6,12,22,8;3,15,14,27,16;6,10,22,17,19,20;2,7,3,5,8;6,26,9,25,15,11,27,20;0,3,11,14,25,21,26,9;3,5,6,26,21,27,11;12,19,18,24,23,22;0,21,27,19,17,24;12,17,18,27,20;6,14,27,19,12;0,18,27,16,26,15,25;8,10,12,17,23;1,24,17,22,8,2;0,4,1,23,17,18;0,9,14,15,21;6,14,9,15,21,16;11,16,21,18,19,20,14
klein_c32_w41_t1377 28 3,4,24,18,21,25,9,15,11;2,7,4,24,23;1,7,13,8,23;0,4,7,13,5,16,11;0,3,7,1,24;3,13,8,10,6,16;5,10,12,20,14,26,16;1,4,3,13,2;2,13,5,10,22,23;0,15,26,14,25;5,6,12,22,8;0,3,16,27,14,15;6,10,22,17,19,20;2,7,3,5,8;6,26,9,25,15,11,27,20;0,11,14,25,21,16,26,9;3,5,6,26,15,21,27,11;12,19,18,24,23,22;0,21,27,19,17,24;12,17,18,27,20;6,14,27,19,12;0,18,27,16,15,25;8,10,12,17,23;1,24,17,22,8,2;0,4,1,23,17,18;0,9,14,15,21;6,14,9,15,16;11,16,21,18,19,20,14
klein_c32_w41_t1416 28 3,4,24,18,21,25,9,15;2,7,4,24,23;1,7,13,8,23;0,4,7,13,5,16,11,15;0,3,7,1,24;3,13,8,10,6,16;5,10,12,20,14,26,16;1,4,3,13,2;2,13,5,10,22,23;0,15,26,14,25;5,6,12,22,8;3,15,14,27,16;6,10,22,17,19,20;2,7,3,5,8;6,26,9,25,15,11,27,20;0,3,11,14,25,21,16,26,9;3,5,6,26,15,21,27,11;12,19,18,24,23,22;0,21,27,19,17,24;12,17,18,27,20;6,14,27,19,12;0,18,27,16,15,25;8,10,12,17,23;1,24,17,22,8,2;0,4,1,23,17,18;0,9,14,15,21;6,14,9,15,16;11,16,21,18,19,20,14
klein_c32_w41_t1656 28 3,4,24,18,21,25,9,15,11;2,7,4,24,23;1,7,13,8,23;0,4,7,13,5,16,11;0,3,7,1,24;3,13,8,10,6,16;5,10,12,20,14,26,16;1,4,3,13,2;2,13,5,10,22,23;0,15,26,14,25;5,6,12,22,8;0,3,16,27,14,15;6,10,22,17,19,20;2,7,3,5,8;6,26,9,25,15,11,27,20;0,11,14,25,21,26,9;3,5,6,26,27,11;12,19,18,24,23,22;0,21,27,19,17,24;12,17,18,27,20;6,14,27,19,12;0,18,27,26,15,25;8,10,12,17,23;1,24,17,22,8,2;0,4,1,23,17,18;0,9,14,15,21;6,14,9,15,21,27,16;11,16,26,21,18,19,20,14
klein_c32_w50_t627 30 1,13,25,17,6;0,13,19,2,28,23,29,6;1,19,8,26,28;4,5,10,9,8,26;3,5,7,24,26;3,4,7,13,25,29,10;0,17,11,14,10,29,1;4,5,13,19,24;2,19,15,9,3,26;3,8,15,14,10;3,5,29,6,14,9;6,17,27,22,14;16,21,27,25,18;0,1,19,7,5,25;6,10,9,15,20,28,22,11;8,19,20,14,9;12,21,28,23,18;0,6,11,27,25;12,16,23,29,25;1,2,8,15,20,24,7,13;14,15,19,24,28;12,16,28,22,27;11,14,28,21,27;1,28,16,18,29;4,7,19,20,28,26;0,13,5,29,18,12,27,17;2,28,24,4,3,8;11,17,25,12,21,22;1,2,26,24,20,14,22,21,16,23;1,6,10,5,25,18,23
klein_c32_w50_t637 30 1,13,25,17,6;0,13,19,2,28,23,29,6;1,19,8,26,28;4,5,10,9,8,26;3,5,7,24,26;3,4,7,13,25,29,6,10;0,17,11,14,10,5,29,1;4,5,13,19,24;2,19,15,9,3,26;3,8,15,14,10;3,5,6,14,9;6,17,27,22,14;16,21,27,25,18;0,1,19,7,5,25;6,10,9,15,20,28,22,11;8,19,20,14,9;12,21,28,23,18;0,6,11,27,25;12,16,23,29,25;1,2,8,15,20,24,7,13;14,15,19,24,28;12,16,28,22,27;11,14,28,21,27;1,28,16,18,29;4,7,19,20,28,26;0,13,5,29,18,12,27,17;2,28,24,4,3,8;11,17,25,12,21,22;1,2,26,24,20,14,22,21,16,23;1,6,5,25,18,23
klein_c32_w50_t638 30 1,13,25,17,6;0,13,19,2,28,23,29,6;1,19,15,8,26,28;4,5,10,9,8,26;3,5,7,24,26;3,4,7,13,25,29,6,10;0,17,11,14,10,5,29,1;4,5,13,19,24;2,15,9,3,26;3,8,15,14,10;3,5,6,14,9;6,17,27,22,14;16,21,27,25,18;0,1,19,7,5,25;6,10,9,15,20,28,22,11;2,8,9,14,20,19;12,21,28,23,18;0,6,11,27,25;12,16,23,29,25;1,2,15,20,24,7,13;14,15,19,24,28;12,16,28,22,27;11,14,28,21,27;1,28,16,18,29;4,7,19,20,28,26;0,13,5,29,18,12,27,17;2,28,24,4,3,8;11,17,25,12,21,22;1,2,26,24,20,14,22,21,16,23;1,6,5,25,18,23
klein_c32_w50_t646 30 1,13,25,17,6;0,13,19,2,28,23,29,6;1,19,8,26,28;4,5,10,9,8;3,5,7,24,26,8;3,4,7,13,25,29,6,10;0,17,11,14,10,5,29,1;4,5,13,19,24;2,19,15,9,3,4,26;3,8,15,14,10;3,5,6,14,9;6,17,27,22,14;16,21,27,25,18;0,1,19,7,5,25;6,10,9,15,20,28,22,11;8,19,20,14,9;12,21,28,23,18;0,6,11,27,25;12,16,23,29,25;1,2,8,15,20,24,7,13;14,15,19,24,28;12,16,28,22,27;11,14,28,21,27;1,28,16,18,29;4,7,19,20,28,26;0,13,5,29,18,12,27,17;2,28,24,4,8;11,17,25,12,21,22;1,2,26,24,20,14,22,21,16,23;1,6,5,25,18,23
klein_c32_w50_t688 30 1,13,25,17,6;0,13,19,2,28,23,29,6;1,19,8,26,28;4,5,10,9,8;3,5,7,24,26,8;3,4,7,13,25,29,10;0,17,11,14,10,29,1;4,5,13,19,24;2,19,15,9,3,4,26;3,8,15,14,10;3,5,29,6,14,9;6,17,27,22,14;16,21,27,25,18;0,1,19,7,5,25;6,10,9,15,20,28,22,11;8,19,20,14,9;12,21,28,23,18;0,6,11,27,25;12,16,23,29,25;1,2,8,15,20,24,7,13;14,15,19,24,28;12,16,28,22,27;11,14,28,21,27;1,28,16,18,29;4,7,19,20,28,26;0,13,5,29,18,12,27,17;2,28,24,4,8;11,17,25,12,21,22;1,2,26,24,20,14,22,21,16,23;1,6,10,5,25,18,23
klein_c32_w50_t825 30 1,13,25,17,6;0,13,19,2,28,23,29,6;1,19,15,8,26,28;4,5,10,9,8,26;3,5,7,24,26;3,4,7,13,25,29,10;0,17,11,14,10,29,1;4,5,13,19,24;2,15,9,3,26;3,8,15,14,10;3,5,29,6,14,9;6,17,27,22,14;16,21,27,25,18;0,1,19,7,5,25;6,10,9,15,20,28,22,11;2,8,9,14,20,19;12,21,28,23,18;0,6,11,27,25;12,16,23,29,25;1,2,15,20,24,7,13;14,15,19,24,28;12,16,28,22,27;11,14,28,21,27;1,28,16,18,29;4,7,19,20,28,26;0,13,5,29,18,12,27,17;2,28,24,4,3,8;11,17,25,12,21,22;1,2,26,24,20,14,22,21,16,23;1,6,10,5,25,18,23
klein_c32_w50_t910 30 1,13,25,17,6;0,13,19,2,28,23,29,6;1,19,15,8,26,28;4,5,10,9,8;3,5,7,24,26,8;3,4,7,13,25,29,6,10;0,17,11,14,10,5,29,1;4,5,13,19,24;2,15,9,3,4,26;3,8,15,14,10;3,5,6,14,9;6,17,27,22,14;16,21,27,25,18;0,1,19,7,5,25;6,10,9,15,20,28,22,11;2,8,9,14,20,19;12,21,28,23,18;0,6,11,27,25;12,16,23,29,25;1,2,15,20,24,7,13;14,15,19,24,28;12,16,28,22,27;11,14,28,21,27;1,28,16,18,29;4,7,19,20,28,26;0,13,5,29,18,12,27,17;2,28,24,4,8;11,17,25,12,21,22;1,2,26,24,20,14,22,21,16,23;1,6,5,25,18,23
klein_c32_w50_t919 30 1,13,25,17,6;0,13,19,2,28,23,29,6;1,19,15,8,26,28;4,5,10,9,8;3,5,7,24,26,8;3,4,7,13,25,29,10;0,17,11,14,10,29,1;4,5,13,19,24;2,15,9,3,4,26;3,8,15,14,10;3,5,29,6,14,9;6,17,27,22,14;16,21,27,25,18;0,1,19,7,5,25;6,10,9,15,20,28,22,11;2,8,9,14,20,19;12,21,28,23,18;0,6,11,27,25;12,16,23,29,25;1,2,15,20,24,7,13;14,15,19,24,28;12,16,28,22,27;11,14,28,21,27;1,28,16,18,29;4,7,19,20,28,26;0,13,5,29,18,12,27,17;2,28,24,4,8;11,17,25,12,21,22;1,2,26,24,20,14,22,21,16,23;1,6,10,5,25,18,23
klein_c32_w50_t1142 30 1,13,25,17,6;0,13,19,2,28,23,29,6;1,19,15,8,26,28;4,5,10,9,8;3,5,7,26,8;3,4,7,13,25,29,10;0,17,11,14,10,29,1;4,5,13,19,24,26;2,15,9,3,4,26;3,8,15,14,10;3,5,29,6,14,9;6,17,27,22,14;16,21,27,25,18;0,1,19,7,5,25;6,10,9,15,20,28,22,11;2,8,9,14,20,19;12,21,28,23,18;0,6,11,27,25;12,16,23,29,25;1,2,15,20,24,7,13;14,15,19,24,28;12,16,28,22,27;11,14,28,21,27;1,28,16,18,29;7,19,20,28,26;0,13,5,29,18,12,27,17;2,28,24,7,4,8;11,17,25,12,21,22;1,2,26,24,20,14,22,21,16,23;1,6,10,5,25,18,23
klein_c32_w50_t1607 30 1,13,25,17,6;0,13,19,2,28,23,29,6;1,19,15,8,26,28;4,5,10,9,8;3,5,7,26,8;3,4,7,13,25,29,6,10;0,17,11,14,10,5,29,1;4,5,13,19,24,26;2,15,9,3,4,26;3,8,15,14,10;3,5,6,14,9;6,17,27,22,14;16,21,27,25,18;0,1,19,7,5,25;6,10,9,15,20,28,22,11;2,8,9,14,20,19;12,21,28,23,18;0,6,11,27,25;12,16,23,29,25;1,2,15,20,24,7,13;14,15,19,24,28;12,16,28,22,27;11,14,28,21,27;1,28,16,18,29;7,19,20,28,26;0,13,5,29,18,12,27,17;2,28,24,7,4,8;11,17,25,12,21,22;1,2,26,24,20,14,22,21,16,23;1,6,5,25,18,23
klein_c32_w52_t1174 28 1,5,8,26,25,11;0,5,22,20,14,11;7,15,9,12,24,23;5,8,21,6,22;7,12,19,27,18,23;0,1,22,3,8;3,21,17,20,22;2,15,16,18,24,12,4,23;0,5,3,21,16,13,26;2,15,17,20,14,10,12;9,12,19,11,14;0,25,13,19,10,14,1;2,9,10,19,4,7,24;8,16,25,11,19,26;1,20,9,10,11;2,7,16,17,9;7,15,17,21,8,13,25,27,18;6,20,9,15,16,21;4,23,24,7,16,27;4,12,10,11,13,26,27;1,14,9,17,6,22;3,6,17,16,8;1,5,3,6,20;2,7,4,18,24;2,23,18,7,12;0,11,13,16,27,26;0,8,13,19,27,25;4,18,16,25,26,19
klein_c32_w52_t1220 28 1,5,8,26,25,11;0,5,22,20,14,11;7,15,9,12,24,23;5,8,21,6,22;7,12,19,27,18,23;0,1,22,3,8;3,21,17,20,22;2,15,16,27,18,24,12,4,23;0,5,3,21,16,13,26;2,15,17,20,14,10,12;9,12,19,11,14;0,25,13,19,10,14,1;2,9,10,19,4,7,24;8,16,25,11,19,26;1,20,9,10,11;2,7,16,17,9;7,15,17,21,8,13,25,27;6,20,9,15,16,21;4,23,24,7,27;4,12,10,11,13,26,27;1,14,9,17,6,22;3,6,17,16,8;1,5,3,6,20;2,7,4,18,24;2,23,18,7,12;0,11,13,16,27,26;0,8,13,19,27,25;4,18,7,16,25,26,19
klein_c32_w73_t1051 27 7,15,20,14,9;2,12,5,18,25,19;1,12,4,8,23,19;7,8,13,25,18;2,8,7,9,22,12;1,12,17,15,7,19,23,18;16,24,17,20,21;0,15,5,19,26,18,3,8,4,9;2,4,7,3,13,23;0,7,4,22,14;11,16,21,14,22;10,16,24,12,22;1,2,4,22,11,24,17,5;3,8,23,26,25;0,20,21,10,22,9;0,7,5,17,20;6,24,11,10,21;5,15,20,6,24,12;1,5,23,26,7,3,25;1,2,23,5,7,26,25;0,14,21,6,17,15;6,20,14,10,16;4,12,11,10,14,9;2,8,13,26,18,5,19;6,16,11,12,17;1,19,26,13,3,18;7,18,23,13,25,19
klein_c32_w73_t1055 27 7,15,20,14,9;2,12,5,18,25,19;1,12,4,23,19;7,8,13,25,18;2,23,8,7,9,22,12;1,12,17,15,7,19,23,18;16,24,17,20,21;0,15,5,19,26,18,3,8,4,9;3,7,4,23,13;0,7,4,22,14;11,16,21,14,22;10,16,24,12,22;1,2,4,22,11,24,17,5;3,8,23,26,25;0,20,21,10,22,9;0,7,5,17,20;6,24,11,10,21;5,15,20,6,24,12;1,5,23,26,7,3,25;1,2,23,5,7,26,25;0,14,21,6,17,15;6,20,14,10,16;4,12,11,10,14,9;2,4,8,13,26,18,5,19;6,16,11,12,17;1,19,26,13,3,18;7,18,23,13,25,19
klein_c32_w73_t1076 27 7,15,20,14,9;2,12,5,25,19;1,12,4,23,19;7,8,13,25,18;2,23,8,7,9,22,12;1,12,17,15,7,19,23,18,25;16,24,17,20,21;0,15,5,19,26,18,3,8,4,9;3,7,4,23,13;0,7,4,22,14;11,16,21,14,22;10,16,24,12,22;1,2,4,22,11,24,17,5;3,8,23,26,25;0,20,21,10,22,9;0,7,5,17,20;6,24,11,10,21;5,15,20,6,24,12;3,7,26,23,5,25;1,2,23,5,7,26,25;0,14,21,6,17,15;6,20,14,10,16;4,12,11,10,14,9;2,4,8,13,26,18,5,19;6,16,11,12,17;1,5,18,3,13,26,19;7,18,23,13,25,19
klein_c32_w73_t1110 27 7,15,20,14,9;2,12,5,18,25,19;1,12,4,23,19;7,8,13,25,18;2,23,8,7,9,22,12;1,12,17,15,7,19,23,26,18;16,24,17,20,21;0,15,5,19,26,18,3,8,4,9;3,7,4,23,13;0,7,4,22,14;11,16,21,14,22;10,16,24,12,22;1,2,4,22,11,24,17,5;3,8,23,26,25;0,20,21,10,22,9;0,7,5,17,20;6,24,11,10,21;5,15,20,6,24,12;1,5,26,7,3,25;1,2,23,5,7,26,25;0,14,21,6,17,15;6,20,14,10,16;4,12,11,10,14,9;2,4,8,13,26,5,19;6,16,11,12,17;1,19,26,13,3,18;5,18,7,19,25,13,23
klein_c32_w73_t1135 27 7,15,20,14,9;2,12,5,18,25,19;1,12,4,23,19;7,8,13,25,18;2,23,8,7,9,22,12;1,12,17,15,7,26,19,23,18;16,24,17,20,21;0,15,5,26,18,3,8,4,9;3,7,4,23,13;0,7,4,22,14;11,16,21,14,22;10,16,24,12,22;1,2,4,22,11,24,17,5;3,8,23,26,25;0,20,21,10,22,9;0,7,5,17,20;6,24,11,10,21;5,15,20,6,24,12;1,5,23,26,7,3,25;1,2,23,5,26,25;0,14,21,6,17,15;6,20,14,10,16;4,12,11,10,14,9;2,4,8,13,26,18,5,19;6,16,11,12,17;1,19,26,13,3,18;5,7,18,23,13,25,19
klein_c32_w73_t1171 27 7,15,20,14,9;2,12,5,23,18,25,19;1,12,4,23,19;7,8,13,25,18;2,23,8,7,9,22,12;1,12,17,15,7,19,23;16,24,17,20,21;0,15,5,19,26,18,3,8,4,9;3,7,4,23,13;0,7,4,22,14;11,16,21,14,22;10,16,24,12,22;1,2,4,22,11,24,17,5;3,8,23,26,25;0,20,21,10,22,9;0,7,5,17,20;6,24,11,10,21;5,15,20,6,24,12;1,23,26,7,3,25;1,2,23,5,7,26,25;0,14,21,6,17,15;6,20,14,10,16;4,12,11,10,14,9;1,5,19,2,4,8,13,26,18;6,16,11,12,17;1,19,26,13,3,18;7,18,23,13,25,19
klein_c32_w73_t1178 27 7,15,20,14,9;2,12,5,18,25;1,12,4,23,19,25;7,8,13,25,18;2,23,8,7,9,22,12;1,12,17,15,7,19,23,18;16,24,17,20,21;0,15,5,19,26,18,3,8,4,9;3,7,4,23,13;0,7,4,22,14;11,16,21,14,22;10,16,24,12,22;1,2,4,22,11,24,17,5;3,8,23,26,25;0,20,21,10,22,9;0,7,5,17,20;6,24,11,10,21;5,15,20,6,24,12;1,5,23,26,7,3,25;2,23,5,7,26,25;0,14,21,6,17,15;6,20,14,10,16;4,12,11,10,14,9;2,4,8,13,26,18,5,19;6,16,11,12,17;1,2,19,26,13,3,18;7,18,23,13,25,19
klein_c32_w73_t1183 27 7,15,20,14,9;2,12,5,18,25,19;1,12,4,23,19;7,8,13,25,18;2,23,8,7,9,22,12;1,12,17,15,7,19,23,18;16,24,17,20,21;0,15,5,19,26,18,3,8,4,9;3,7,4,23,13;0,7,4,22,14;11,16,21,14,22;10,16,24,12,22;1,2,4,22,11,24,17,5;3,8,23,18,26,25;0,20,21,10,22,9;0,7,5,17,20;6,24,11,10,21;5,15,20,6,24,12;1,5,23,13,26,7,3,25;1,2,23,5,7,26,25;0,14,21,6,17,15;6,20,14,10,16;4,12,11,10,14,9;2,4,8,13,18,5,19;6,16,11,12,17;1,19,26,13,3,18;7,18,13,25,19
klein_c32_w73_t1196 27 7,15,20,14,9;2,12,5,18,25,19;1,12,4,23,19;7,8,13,25,18;2,23,8,7,9,22,12;1,12,17,15,7,19,23,13,18;16,24,17,20,21;0,15,5,19,26,18,3,8,4,9;3,7,4,23,13;0,7,4,22,14;11,16,21,14,22;10,16,24,12,22;1,2,4,22,11,24,17,5;3,8,23,5,18,26,25;0,20,21,10,22,9;0,7,5,17,20;6,24,11,10,21;5,15,20,6,24,12;1,5,13,26,7,3,25;1,2,23,5,7,26,25;0,14,21,6,17,15;6,20,14,10,16;4,12,11,10,14,9;2,4,8,13,5,19;6,16,11,12,17;1,19,26,13,3,18;7,18,13,25,19
klein_c32_w73_t1198 27 7,15,20,14,9;2,12,5,18,25,26,19;1,12,4,23,19;7,8,13,25,18;2,23,8,7,9,22,12;1,12,17,15,7,19,23,18;16,24,17,20,21;0,15,5,19,26,18,3,8,4,9;3,7,4,23,13;0,7,4,22,14;11,16,21,14,22;10,16,24,12,22;1,2,4,22,11,24,17,5;3,8,23,18,26,25;0,20,21,10,22,9;0,7,5,17,20;6,24,11,10,21;5,15,20,6,24,12;1,5,23,13,26,7,3,25;1,2,23,5,7,26;0,14,21,6,17,15;6,20,14,10,16;4,12,11,10,14,9;2,4,8,13,18,5,19;6,16,11,12,17;1,18,3,13,26;1,19,7,18,13,25
klein_c32_w73_t1211 27 7,15,20,14,9;2,12,18,25,19;1,12,4,23,19;7,8,13,25,18;2,23,8,7,9,22,12;7,15,17,12,18,23,19;16,24,17,20,21;0,15,5,19,26,18,3,8,4,9;3,7,4,23,13;0,7,4,22,14;11,16,21,14,22;10,16,24,12,22;1,2,4,22,11,24,17,5,18;3,8,23,18,26,25;0,20,21,10,22,9;0,7,5,17,20;6,24,11,10,21;5,15,20,6,24,12;1,12,5,23,13,26,7,3,25;1,2,23,5,7,26,25;0,14,21,6,17,15;6,20,14,10,16;4,12,11,10,14,9;2,4,8,13,18,5,19;6,16,11,12,17;1,19,26,13,3,18;7,18,13,25,19
klein_c32_w73_t1232 27 7,15,20,14,9;2,12,5,23,18,25,19;1,12,4,23,19;7,8,13,25,18;2,23,8,7,9,22,12;1,12,17,15,7,19,23;16,24,17,20,21;0,15,5,19,26,18,3,8,4,9;3,7,4,23,13;0,7,4,22,14;11,16,21,14,22;10,16,24,12,22;1,2,4,22,11,24,17,5;3,8,23,18,26,25;0,20,21,10,22,9;0,7,5,17,20;6,24,11,10,21;5,15,20,6,24,12;1,23,13,26,7,3,25;1,2,23,5,7,26,25;0,14,21,6,17,15;6,20,14,10,16;4,12,11,10,14,9;1,5,19,2,4,8,13,18;6,16,11,12,17;1,19,26,13,3,18;7,18,13,25,19
klein_c32_w73_t1254 27 7,15,20,14,9;2,12,5,18,25,19;1,12,4,23,19;7,8,13,25,18;2,23,8,7,9,22,12;1,12,17,15,7,23,18;16,24,17,20,21;0,15,5,23,19,26,18,3,8,4,9;3,7,4,23,13;0,7,4,22,14;11,16,21,14,22;10,16,24,12,22;1,2,4,22,11,24,17,5;3,8,23,18,26,25;0,20,21,10,22,9;0,7,5,17,20;6,24,11,10,21;5,15,20,6,24,12;1,5,23,13,26,7,3,25;1,2,23,7,26,25;0,14,21,6,17,15;6,20,14,10,16;4,12,11,10,14,9;2,4,8,13,18,5,7,19;6,16,11,12,17;1,19,26,13,3,18;7,18,13,25,19
klein_c32_w73_t1275 27 7,15,20,14,9;2,12,5,18,25;1,12,4,23,19,25;7,8,13,25,18;2,23,8,7,9,22,12;1,12,17,15,7,19,23,18;16,24,17,20,21;0,15,5,19,26,18,3,8,4,9;3,7,4,23,13;0,7,4,22,14;11,16,21,14,22;10,16,24,12,22;1,2,4,22,11,24,17,5;3,8,23,18,26,25;0,20,21,10,22,9;0,7,5,17,20;6,24,11,10,21;5,15,20,6,24,12;1,5,23,13,26,7,3,25;2,23,5,7,26,25;0,14,21,6,17,15;6,20,14,10,16;4,12,11,10,14,9;2,4,8,13,18,5,19;6,16,11,12,17;1,2,19,26,13,3,18;7,18,13,25,19
klein_c32_w73_t1296 27 7,15,20,14,9;2,12,5,18,3,25,19;1,12,4,23,19;1,18,7,8,13,25;2,23,8,7,9,22,12;1,12,17,15,7,19,23,18;16,24,17,20,21;0,15,5,19,26,18,3,8,4,9;3,7,4,23,13;0,7,4,22,14;11,16,21,14,22;10,16,24,12,22;1,2,4,22,11,24,17,5;3,8,23,18,26,25;0,20,21,10,22,9;0,7,5,17,20;6,24,11,10,21;5,15,20,6,24,12;1,5,23,13,26,7,3;1,2,23,5,7,26,25;0,14,21,6,17,15;6,20,14,10,16;4,12,11,10,14,9;2,4,8,13,18,5,19;6,16,11,12,17;1,19,26,13,3;7,18,13,25,19
klein_c32_w73_t1563 27 7,15,20,14,9;2,12,5,25,19;1,12,4,23,19;7,8,13,25,18;2,23,8,7,9,22,12;1,12,17,15,7,19,23,18,25;16,24,17,20,21;0,15,5,19,26,18,3,8,4,9;3,7,4,23,13;0,7,4,22,14;11,16,21,14,22;10,16,24,12,22;1,2,4,22,11,24,17,5;3,8,23,18,26,25;0,20,21,10,22,9;0,7,5,17,20;6,24,11,10,21;5,15,20,6,24,12;3,7,26,13,23,5,25;1,2,23,5,7,26,25;0,14,21,6,17,15;6,20,14,10,16;4,12,11,10,14,9;2,4,8,13,18,5,19;6,16,11,12,17;1,5,18,3,13,26,19;7,18,13,25,19
klein_c32_w73_t1631 27 7,15,20,14,9;2,12,5,18,25,19;1,12,4,23,19;7,8,13,25,18;2,23,8,7,9,22,12;1,12,17,15,7,26,19,23,18;16,24,17,20,21;0,15,5,26,18,3,8,4,9;3,7,4,23,13;0,7,4,22,14;11,16,21,14,22;10,16,24,12,22;1,2,4,22,11,24,17,5;3,8,23,18,26,25;0,20,21,10,22,9;0,7,5,17,20;6,24,11,10,21;5,15,20,6,24,12;1,5,23,13,26,7,3,25;1,2,23,5,26,25;0,14,21,6,17,15;6,20,14,10,16;4,12,11,10,14,9;2,4,8,13,18,5,19;6,16,11,12,17;1,19,26,13,3,18;5,7,18,13,25,19
klein_c32_w75_t1978 32 5,7,29,25,22,24;2,12,13,30,6;1,12,8,9,10,19,11,6;8,14,15,10,19,12;17,18,28,30,20;0,7,14,23,24;1,2,11,20,30;0,5,14,20,11,19,29;2,9,27,25,14,3,12;2,8,27,15,10;2,9,15,3,19;2,19,7,20,6;1,2,8,3,19,29,13;1,12,29,21,28,30;3,8,25,20,7,5,23,16,15;3,10,9,27,16,14;14,15,27,31,23;4,18,26,25,20;4,28,21,26,17;2,10,3,12,29,7,11;4,30,6,11,7,14,25,17;13,28,18,26,29;0,24,31,27,25;5,14,16,31,24;0,22,31,23,5;0,22,27,8,14,20,17,26,29;17,18,21,29,25;8,9,15,16,31,22,25;4,18,21,13,30;0,7,19,12,13,21,26,25;1,6,20,4,28,13;16,27,22,24,23
rp2_c33_w0_t402 34 1,25,26,5,29;0,25,13,2,32,29;1,32,23,31,17,30,18,13;5,29,32,33,8;6,31,33,8,26;0,26,8,3,29;4,31,23,12,25,26;12,22,18,13,25;3,5,26,4,33;16,27,21,22,19;11,18,30,24,15,28;10,18,19,16,28;6,23,14,21,22,7,25;1,2,18,7,25;12,21,15,24,23;10,28,27,21,14,24;9,27,28,11,19;2,30,20,32,33,31;2,13,7,22,19,11,10,30;9,22,18,11,16;17,30,24,23,32;9,22,12,14,15,27;7,12,21,9,19,18;2,31,6,12,14,24,20,32;10,15,14,23,20,30;0,1,13,7,12,6,26;0,5,8,4,6,25;9,16,28,15,21;10,15,27,16,11;0,5,3,32,1;2,17,20,24,10,18;2,17,33,4,6,23;1,2,23,20,17,33,3,29;3,8,4,31,17,32
rp2_c33_w0_t424 34 1,13,25,26,5,29;0,13,2,32,29;1,32,23,31,17,30,18,13;5,29,32,33,8;6,31,33,8,26;0,26,8,3,29;4,31,23,12,25,26;12,22,18,13,25;3,5,26,4,33;16,27,21,22,19;11,18,30,24,15,28;10,18,19,16,28;6,23,14,21,22,7,25;0,1,2,18,7,25;12,21,15,24,23;10,28,27,21,14,24;9,27,28,11,19;2,30,20,32,33,31;2,13,7,22,19,11,10,30;9,22,18,11,16;17,30,24,23,32;9,22,12,14,15,27;7,12,21,9,19,18;2,31,6,12,14,24,20,32;10,15,14,23,20,30;0,13,7,12,6,26;0,5,8,4,6,25;9,16,28,15,21;10,15,27,16,11;0,5,3,32,1;2,17,20,24,10,18;2,17,33,4,6,23;1,2,23,20,17,33,3,29;3,8,4,31,17,32
rp2_c33_w2_t1301 27 1,20,14,25,18;0,20,23,13,18;7,24,11,22,15,9,25,14;4,12,16,22,11;3,12,13,24,11;15,17,21,26,19,22;8,15,9,21,26;2,24,23,20,14;6,15,17,25,10,26;2,15,6,21,25;8,25,16,19,26;2,24,4,3,22;3,4,13,18,16;1,23,24,4,12,18;0,25,2,7,20;2,9,6,8,17,5,22;3,22,19,10,25,18,12;5,21,25,8,15;0,1,13,12,16,25;5,26,10,16,22;0,1,23,7,14;5,17,25,9,6,26;2,11,3,16,19,5,15;1,13,24,7,20;2,11,4,13,23,7;0,14,2,9,21,17,8,10,16,18;5,19,10,8,6,21
rp2_c33_w2_t1306 27 1,20,14,25,18;0,20,23,13,18;7,24,11,22,15,9,25,14;4,12,16,22,11;3,12,13,24,11;6,21,17,15,22,19,26;5,21,9,15,8,26;2,24,23,20,14;6,15,17,25,10,26;2,15,6,21,25;8,25,16,19,26;2,24,4,3,22;3,4,13,18,16;1,23,24,4,12,18;0,25,2,7,20;2,9,6,8,17,5,22;3,22,19,10,25,18,12;5,21,25,8,15;0,1,13,12,16,25;5,26,10,16,22;0,1,23,7,14;5,17,25,9,6;2,11,3,16,19,5,15;1,13,24,7,20;2,11,4,13,23,7;0,14,2,9,21,17,8,10,16,18;5,19,10,8,6
rp2_c33_w2_t1322 27 1,20,14,25,18;0,20,23,13,18;7,24,11,22,15,9,25,14;4,12,16,22,11;3,12,13,24,11;6,21,17,15,19,26;5,21,9,15,8,26;2,24,23,20,14;6,15,17,25,10,26;2,15,6,21,25;8,25,16,19,26;2,24,4,3,22;3,4,13,18,16;1,23,24,4,12,18;0,25,2,7,20;2,9,6,8,17,5,19,22;3,22,19,10,25,18,12;5,21,25,8,15;0,1,13,12,16,25;5,26,10,16,22,15;0,1,23,7,14;5,17,25,9,6;2,11,3,16,19,15;1,13,24,7,20;2,11,4,13,23,7;0,14,2,9,21,17,8,10,16,18;5,19,10,8,6
rp2_c33_w2_t1337 27 1,20,14,25,18;0,20,23,13,18;7,24,11,22,15,9,25,14;4,12,16,22,11;3,12,13,24,11;6,21,17,15,22,19,26;5,21,9,15,17,8,26;2,24,23,20,14;6,17,25,10,26;2,15,6,21,25;8,25,16,19,26;2,24,4,3,22;3,4,13,18,16;1,23,24,4,12,18;0,25,2,7,20;2,9,6,17,5,22;3,22,19,10,25,18,12;5,21,25,8,6,15;0,1,13,12,16,25;5,26,10,16,22;0,1,23,7,14;5,17,25,9,6;2,11,3,16,19,5,15;1,13,24,7,20;2,11,4,13,23,7;0,14,2,9,21,17,8,10,16,18;5,19,10,8,6
rp2_c33_w2_t1350 27 1,20,14,25,18;0,20,23,13,18;7,24,11,22,15,9,25,14;4,12,16,22,11;3,12,13,24,11;6,21,17,15,22,19,26;5,21,9,17,8,26;2,24,23,20,14;6,17,25,10,26;2,15,17,6,21,25;8,25,16,19,26;2,24,4,3,22;3,4,13,18,16;1,23,24,4,12,18;0,25,2,7,20;2,9,17,5,22;3,22,19,10,25,18,12;5,21,25,8,6,9,15;0,1,13,12,16,25;5,26,10,16,22;0,1,23,7,14;5,17,25,9,6;2,11,3,16,19,5,15;1,13,24,7,20;2,11,4,13,23,7;0,14,2,9,21,17,8,10,16,18;5,19,10,8,6
rp2_c33_w2_t1379 27 1,20,14,25,18;0,20,23,13,18;7,24,11,22,9,25,14;4,12,16,22,11;3,12,13,24,11;6,21,17,15,22,19,26;5,21,9,15,17,8,26;2,24,23,20,14;6,17,25,10,26;2,22,15,6,21,25;8,25,16,19,26;2,24,4,3,22;3,4,13,18,16;1,23,24,4,12,18;0,25,2,7,20;5,17,6,9,22;3,22,19,10,25,18,12;5,21,25,8,6,15;0,1,13,12,16,25;5,26,10,16,22;0,1,23,7,14;5,17,25,9,6;2,11,3,16,19,5,15,9;1,13,24,7,20;2,11,4,13,23,7;0,14,2,9,21,17,8,10,16,18;5,19,10,8,6
rp2_c33_w2_t1389 27 1,20,14,25,18;0,20,23,13,18;7,24,11,22,9,25,14;4,12,16,22,11;3,12,13,24,11;6,21,17,15,22,19,26;5,21,9,15,17,8,26;2,24,23,20,14;6,17,21,25,10,26;2,22,15,6,21,25;8,25,16,19,26;2,24,4,3,22;3,4,13,18,16;1,23,24,4,12,18;0,25,2,7,20;5,17,6,9,22;3,22,19,10,25,18,12;5,21,8,6,15;0,1,13,12,16,25;5,26,10,16,22;0,1,23,7,14;5,17,8,25,9,6;2,11,3,16,19,5,15,9;1,13,24,7,20;2,11,4,13,23,7;0,14,2,9,21,8,10,16,18;5,19,10,8,6
rp2_c33_w2_t1397 27 1,20,14,25,18;0,20,23,13,18;7,24,11,22,9,25,14;4,12,16,22,11;3,12,13,24,11;15,17,21,26,19,22;8,17,15,9,21,26;2,24,23,20,14;6,17,25,10,26;2,22,15,6,21,25;8,25,16,19,26;2,24,4,3,22;3,4,13,18,16;1,23,24,4,12,18;0,25,2,7,20;5,17,6,9,22;3,22,19,10,25,18,12;5,21,25,8,6,15;0,1,13,12,16,25;5,26,10,16,22;0,1,23,7,14;5,17,25,9,6,26;2,11,3,16,19,5,15,9;1,13,24,7,20;2,11,4,13,23,7;0,14,2,9,21,17,8,10,16,18;5,19,10,8,6,21
rp2_c33_w2_t1400 27 1,20,14,25,18;0,20,23,13,18;7,24,11,22,9,25,14;4,12,16,22,11;3,12,13,24,11;15,17,21,26,19,22;8,17,15,9,26;2,24,23,20,14;6,17,25,10,26;2,22,15,6,26,21,25;8,25,16,19,26;2,24,4,3,22;3,4,13,18,16;1,23,24,4,12,18;0,25,2,7,20;5,17,6,9,22;3,22,19,10,25,18,12;5,21,25,8,6,15;0,1,13,12,16,25;5,26,10,16,22;0,1,23,7,14;5,17,25,9,26;2,11,3,16,19,5,15,9;1,13,24,7,20;2,11,4,13,23,7;0,14,2,9,21,17,8,10,16,18;5,19,10,8,6,9,21
rp2_c33_w2_t1416 27 1,20,14,25,18;0,20,23,13,18;7,24,11,22,15,9,25,14;4,12,16,22,11;3,12,13,24,11;15,17,21,26,19,22;8,17,15,9,21,26;2,24,23,20,14;6,17,25,10,26;2,15,6,21,25;8,25,16,19,26;2,24,4,3,22;3,4,13,18,16;1,23,24,4,12,18;0,25,2,7,20;2,9,6,17,5,22;3,22,19,10,25,18,12;5,21,25,8,6,15;0,1,13,12,16,25;5,26,10,16,22;0,1,23,7,14;5,17,25,9,6,26;2,11,3,16,19,5,15;1,13,24,7,20;2,11,4,13,23,7;0,14,2,9,21,17,8,10,16,18;5,19,10,8,6,21
rp2_c33_w2_t1451 27 1,20,14,25,18;0,20,23,13,18;7,24,11,22,9,25,14;4,12,16,22,11;3,12,13,24,11;15,17,25,21,26,19,22;8,17,15,9,21,26;2,24,23,20,14;6,17,25,10,26;2,22,15,6,21,25;8,25,16,19,26;2,24,4,3,22;3,4,13,18,16;1,23,24,4,12,18;0,25,2,7,20;5,17,6,9,22;3,22,19,10,25,18,12;5,25,8,6,15;0,1,13,12,16,25;5,26,10,16,22;0,1,23,7,14;5,26,6,9,25;2,11,3,16,19,5,15,9;1,13,24,7,20;2,11,4,13,23,7;0,14,2,9,21,5,17,8,10,16,18;5,19,10,8,6,21
rp2_c33_w2_t1480 27 1,20,14,25,18;0,20,23,13,18;7,24,11,22,25,14;4,12,16,22,11;3,12,13,24,11;15,17,21,26,19,22;8,17,15,9,21,26;2,24,23,20,14;6,17,25,10,26;6,15,22,25,21;8,25,16,19,26;2,24,4,3,22;3,4,13,18,16;1,23,24,4,12,18;0,25,2,7,20;5,17,6,9,22;3,22,19,10,25,18,12;5,21,25,8,6,15;0,1,13,12,16,25;5,26,10,16,22;0,1,23,7,14;5,17,25,9,6,26;2,11,3,16,19,5,15,9,25;1,13,24,7,20;2,11,4,13,23,7;0,14,2,22,9,21,17,8,10,16,18;5,19,10,8,6,21
rp2_c33_w2_t1491 27 1,20,14,25,18;0,20,23,13,18;7,24,11,22,25,14;4,12,16,22,11;3,12,13,24,11;15,17,21,26,19,22;8,17,15,9,21,26;2,24,23,20,14;6,17,25,10,26;6,15,22,25,17,21;8,25,16,19,26;2,24,4,3,22;3,4,13,18,16;1,23,24,4,12,18;0,25,2,7,20;5,17,6,9,22;3,22,19,10,25,18,12;5,21,9,25,8,6,15;0,1,13,12,16,25;5,26,10,16,22;0,1,23,7,14;5,17,9,6,26;2,11,3,16,19,5,15,9,25;1,13,24,7,20;2,11,4,13,23,7;0,14,2,22,9,17,8,10,16,18;5,19,10,8,6,21
rp2_c33_w2_t1494 27 1,20,14,25,18;0,20,23,13,18;7,24,11,22,25,14;4,12,16,22,11;3,12,13,24,11;15,19,26,21,17;8,17,15,9,21,26;2,24,23,20,14;6,17,25,10,26;6,15,22,25,17,21;8,25,16,19,26;2,24,4,3,22;3,4,13,18,16;1,23,24,4,12,18;0,25,2,7,20;5,19,22,9,6,17;3,22,19,10,25,18,12;5,21,9,25,8,6,15;0,1,13,12,16,25;5,26,10,16,22,15;0,1,23,7,14;5,17,9,6,26;2,11,3,16,19,15,9,25;1,13,24,7,20;2,11,4,13,23,7;0,14,2,22,9,17,8,10,16,18;5,19,10,8,6,21
rp2_c33_w2_t1498 27 1,20,14,25,18;0,20,23,13,18;7,24,11,22,25,14;4,12,16,22,11;3,12,13,24,11;15,19,26,21,17;8,17,15,9,21,26;2,24,23,20,14;6,17,25,10,26;6,15,22,25,17,21;8,25,16,19,26;2,24,4,3,22;3,4,13,18,16;1,23,24,4,12,18;0,25,2,7,20;5,19,16,22,9,6,17;3,22,15,19,10,25,18,12;5,21,9,25,8,6,15;0,1,13,12,16,25;5,26,10,16,15;0,1,23,7,14;5,17,9,6,26;2,11,3,16,15,9,25;1,13,24,7,20;2,11,4,13,23,7;0,14,2,22,9,17,8,10,16,18;5,19,10,8,6,21
rp2_c33_w2_t1500 27 1,20,14,25,18;0,20,23,13,18;7,24,11,22,25,14;4,12,16,22,11;3,12,13,24,11;15,19,26,21,17;8,17,15,9,21,26;2,24,23,20,14;6,17,25,10,26;6,15,25,17,21;8,25,16,19,26;2,24,4,3,22;3,4,13,18,16;1,23,24,4,12,18;0,25,2,7,20;5,19,16,22,25,9,6,17;3,22,15,19,10,25,18,12;5,21,9,25,8,6,15;0,1,13,12,16,25;5,26,10,16,15;0,1,23,7,14;5,17,9,6,26;2,11,3,16,15,25;1,13,24,7,20;2,11,4,13,23,7;0,14,2,22,15,9,17,8,10,16,18;5,19,10,8,6,21
rp2_c33_w2_t1503 27 1,20,14,25,18;0,20,23,13,18;7,24,11,22,25,14;4,12,16,22,11;3,12,13,24,11;15,19,26,21,17;8,17,15,9,21,26;2,24,23,20,14;6,17,25,10,26;6,15,25,17,21;8,25,16,19,26;2,24,4,3,22;3,4,13,18,16;1,23,24,4,12,18;0,25,2,7,20;5,19,22,25,9,6,17;3,22,19,10,25,18,12;5,21,9,25,8,6,15;0,1,13,12,16,25;5,26,10,16,22,15;0,1,23,7,14;5,17,9,6,26;2,11,3,16,19,15,25;1,13,24,7,20;2,11,4,13,23,7;0,14,2,22,15,9,17,8,10,16,18;5,19,10,8,6,21
rp2_c33_w2_t1515 27 1,20,14,25,18;0,20,23,13,18;7,24,11,22,25,14;4,12,16,22,11;3,12,13,24,11;15,19,26,21,17;8,17,15,9,21,26;2,24,23,20,14;6,17,9,25,10,26;6,15,25,8,17,21;8,25,16,19,26;2,24,4,3,22;3,4,13,18,16;1,23,24,4,12,18;0,25,2,7,20;5,19,22,25,9,6,17;3,22,19,10,25,18,12;5,21,9,8,6,15;0,1,13,12,16,25;5,26,10,16,22,15;0,1,23,7,14;5,17,9,6,26;2,11,3,16,19,15,25;1,13,24,7,20;2,11,4,13,23,7;0,14,2,22,15,9,8,10,16,18;5,19,10,8,6,21
rp2_c33_w2_t1520 27 1,20,14,25,18;0,20,23,13,18;7,24,11,22,25,14;4,12,16,22,11;3,12,13,24,11;15,19,26,21,17;8,17,15,25,9,21,26;2,24,23,20,14;6,17,9,25,10,26;6,25,8,17,21;8,25,16,19,26;2,24,4,3,22;3,4,13,18,16;1,23,24,4,12,18;0,25,2,7,20;5,19,22,25,6,17;3,22,19,10,25,18,12;5,21,9,8,6,15;0,1,13,12,16,25;5,26,10,16,22,15;0,1,23,7,14;5,17,9,6,26;2,11,3,16,19,15,25;1,13,24,7,20;2,11,4,13,23,7;0,14,2,22,15,6,9,8,10,16,18;5,19,10,8,6,21
rp2_c33_w2_t1533 27 1,20,14,25,18;0,20,23,13,18;7,24,11,22,25,14;4,12,16,22,11;3,12,13,24,11;10,19,15,17,21,26;8,17,15,25,9,21,26;2,24,23,20,14;6,17,9,25,10,26;6,25,8,17,21;5,19,16,25,8,26;2,24,4,3,22;3,4,13,18,16;1,23,24,4,12,18;0,25,2,7,20;5,19,22,25,6,17;3,22,19,10,25,18,12;5,21,9,8,6,15;0,1,13,12,16,25;5,10,16,22,15;0,1,23,7,14;5,17,9,6,26;2,11,3,16,19,15,25;1,13,24,7,20;2,11,4,13,23,7;0,14,2,22,15,6,9,8,10,16,18;5,10,8,6,21
rp2_c33_w2_t1536 27 1,20,14,25,18;0,20,23,13,18;7,24,11,22,25,14;4,12,16,22,11;3,12,13,24,11;6,15,19,10,26,21,17;5,15,25,9,21,26,8,17;2,24,23,20,14;6,17,9,25,10,26;6,25,8,17,21;5,19,16,25,8,26;2,24,4,3,22;3,4,13,18,16;1,23,24,4,12,18;0,25,2,7,20;5,19,22,25,6;3,22,19,10,25,18,12;5,21,9,8,6;0,1,13,12,16,25;5,10,16,22,15;0,1,23,7,14;5,17,9,6,26;2,11,3,16,19,15,25;1,13,24,7,20;2,11,4,13,23,7;0,14,2,22,15,6,9,8,10,16,18;5,10,8,6,21
rp2_c33_w2_t1542 27 1,20,14,25,18;0,20,23,13,18;7,24,11,22,25,14;4,12,16,22,11;3,12,13,24,11;6,15,19,10,26,21,17;5,15,25,9,21,26,8,17;2,24,23,20,14;6,17,9,25,16,10,26;6,25,8,17,21;5,19,16,8,26;2,24,4,3,22;3,4,13,18,16;1,23,24,4,12,18;0,25,2,7,20;5,19,22,25,6;3,22,19,10,8,25,18,12;5,21,9,8,6;0,1,13,12,16,25;5,10,16,22,15;0,1,23,7,14;5,17,9,6,26;2,11,3,16,19,15,25;1,13,24,7,20;2,11,4,13,23,7;0,14,2,22,15,6,9,8,16,18;5,10,8,6,21
rp2_c33_w2_t1544 27 1,20,14,25,18;0,20,23,13,18;7,24,11,22,25,14;4,12,16,22,11;3,12,13,24,11;10,19,15,17,21,26;8,17,15,25,9,21,26;2,24,23,20,14;6,17,9,25,16,10,26;6,25,8,17,21;5,19,16,8,26;2,24,4,3,22;3,4,13,18,16;1,23,24,4,12,18;0,25,2,7,20;5,19,22,25,6,17;3,22,19,10,8,25,18,12;5,21,9,8,6,15;0,1,13,12,16,25;5,10,16,22,15;0,1,23,7,14;5,17,9,6,26;2,11,3,16,19,15,25;1,13,24,7,20;2,11,4,13,23,7;0,14,2,22,15,6,9,8,16,18;5,10,8,6,21
rp2_c33_w2_t1551 27 1,20,14,25,18;0,20,23,13,18;7,24,11,22,25,14;4,12,16,22,11;3,12,13,24,11;10,19,15,21,26;8,17,15,25,9,21,26;2,24,23,20,14;6,17,9,25,16,10,26;6,25,8,17,21;5,19,16,8,26;2,24,4,3,22;3,4,13,18,16;1,23,24,4,12,18;0,25,2,7,20;5,19,22,25,6,17,21;3,22,19,10,8,25,18,12;6,8,9,21,15;0,1,13,12,16,25;5,10,16,22,15;0,1,23,7,14;5,15,17,9,6,26;2,11,3,16,19,15,25;1,13,24,7,20;2,11,4,13,23,7;0,14,2,22,15,6,9,8,16,18;5,10,8,6,21
rp2_c33_w2_t1555 27 1,20,14,25,18;0,20,23,13,18;7,24,11,22,25,14;4,12,16,22,11;3,12,13,24,11;10,19,15,21,26;8,17,15,22,25,9,21,26;2,24,23,20,14;6,17,9,25,16,10,26;6,25,8,17,21;5,19,16,8,26;2,24,4,3,22;3,4,13,18,16;1,23,24,4,12,18;0,25,2,7,20;5,19,22,6,17,21;3,22,19,10,8,25,18,12;6,8,9,21,15;0,1,13,12,16,25;5,10,16,22,15;0,1,23,7,14;5,15,17,9,6,26;2,11,3,16,19,15,6,25;1,13,24,7,20;2,11,4,13,23,7;0,14,2,22,6,9,8,16,18;5,10,8,6,21
rp2_c33_w2_t1557 27 1,20,14,25,18;0,20,23,13,18;7,24,11,22,25,14;4,12,16,22,11;3,12,13,24,11;10,19,15,21,26;8,17,15,19,22,25,9,21,26;2,24,23,20,14;6,17,9,25,16,10,26;6,25,8,17,21;5,19,16,8,26;2,24,4,3,22;3,4,13,18,16;1,23,24,4,12,18;0,25,2,7,20;5,19,6,17,21;3,22,19,10,8,25,18,12;6,8,9,21,15;0,1,13,12,16,25;5,10,16,22,6,15;0,1,23,7,14;5,15,17,9,6,26;2,11,3,16,19,6,25;1,13,24,7,20;2,11,4,13,23,7;0,14,2,22,6,9,8,16,18;5,10,8,6,21
rp2_c33_w2_t1559 27 1,20,14,25,18;0,20,23,13,18;7,24,11,22,25,14;4,12,16,22,11;3,12,13,24,11;10,19,15,21,26;8,17,15,19,22,25,9,21,26;2,24,23,20,14;6,17,9,25,16,10,26;6,25,8,17,21;5,19,22,16,8,26;2,24,4,3,22;3,4,13,18,16;1,23,24,4,12,18;0,25,2,7,20;5,19,6,17,21;3,22,10,8,25,18,12;6,8,9,21,15;0,1,13,12,16,25;5,10,22,6,15;0,1,23,7,14;5,15,17,9,6,26;2,11,3,16,10,19,6,25;1,13,24,7,20;2,11,4,13,23,7;0,14,2,22,6,9,8,16,18;5,10,8,6,21
rp2_c33_w2_t1563 27 1,20,14,25,18;0,20,23,13,18;7,24,11,22,25,14;4,12,16,22,11;3,12,13,24,11;10,19,15,21,26;8,17,15,19,22,25,9,21,26;2,24,23,20,14;6,17,9,25,16,22,10,26;6,25,8,17,21;5,19,22,8,26;2,24,4,3,22;3,4,13,18,16;1,23,24,4,12,18;0,25,2,7,20;5,19,6,17,21;3,22,8,25,18,12;6,8,9,21,15;0,1,13,12,16,25;5,10,22,6,15;0,1,23,7,14;5,15,17,9,6,26;2,11,3,16,8,10,19,6,25;1,13,24,7,20;2,11,4,13,23,7;0,14,2,22,6,9,8,16,18;5,10,8,6,21
rp2_c33_w2_t1575 27 1,20,14,25,18;0,20,23,13,18;7,24,11,22,25,14;4,12,16,22,11;3,12,13,24,11;10,19,15,21,26;9,25,22,19,15,17,26,21;2,24,23,20,14;9,17,26,10,22,16,25;6,25,8,17,21;5,19,22,8,26;2,24,4,3,22;3,4,13,18,16;1,23,24,4,12,18;0,25,2,7,20;5,19,6,17,21;3,22,8,25,18,12;6,26,8,9,21,15;0,1,13,12,16,25;5,10,22,6,15;0,1,23,7,14;5,15,17,9,6,26;2,11,3,16,8,10,19,6,25;1,13,24,7,20;2,11,4,13,23,7;0,14,2,22,6,9,8,16,18;5,10,8,17,6,21
rp2_c33_w2_t1577 27 1,20,14,25,18;0,20,23,13,18;7,24,11,22,25,14;4,12,16,22,11;3,12,13,24,11;10,19,15,21,26;9,25,22,19,15,17,26;2,24,23,20,14;9,17,26,10,22,16,25;6,25,8,17,21,26;5,19,22,8,26;2,24,4,3,22;3,4,13,18,16;1,23,24,4,12,18;0,25,2,7,20;5,19,6,17,21;3,22,8,25,18,12;6,26,8,9,21,15;0,1,13,12,16,25;5,10,22,6,15;0,1,23,7,14;5,15,17,9,26;2,11,3,16,8,10,19,6,25;1,13,24,7,20;2,11,4,13,23,7;0,14,2,22,6,9,8,16,18;5,10,8,17,6,9,21
rp2_c33_w2_t1583 27 1,20,14,25,18;0,20,23,13,18;7,24,11,22,25,14;4,12,16,22,11;3,12,13,24,11;10,19,15,21,26;9,25,22,19,15,17,26;2,24,23,20,14;9,21,17,26,10,22,16,25;6,25,8,21,26;5,19,22,8,26;2,24,4,3,22;3,4,13,18,16;1,23,24,4,12,18;0,25,2,7,20;5,19,6,17,21;3,22,8,25,18,12;6,26,8,21,15;0,1,13,12,16,25;5,10,22,6,15;0,1,23,7,14;5,15,17,8,9,26;2,11,3,16,8,10,19,6,25;1,13,24,7,20;2,11,4,13,23,7;0,14,2,22,6,9,8,16,18;5,10,8,17,6,9,21
rp2_c33_w2_t1591 27 1,20,14,25,18;0,20,23,13,18;7,24,11,22,25,14;4,12,16,22,11;3,12,13,24,11;10,19,15,21,26;9,25,22,19,15,17,26;2,24,23,20,14;9,16,22,10,26,17,21;6,25,16,8,21,26;5,19,22,8,26;2,24,4,3,22;3,4,13,18,16;1,23,24,4,12,18;0,25,2,7,20;5,19,6,17,21;3,22,8,9,25,18,12;6,26,8,21,15;0,1,13,12,16,25;5,10,22,6,15;0,1,23,7,14;5,15,17,8,9,26;2,11,3,16,8,10,19,6,25;1,13,24,7,20;2,11,4,13,23,7;0,14,2,22,6,9,16,18;5,10,8,17,6,9,21
rp2_c33_w2_t1592 27 1,20,14,25,18;0,20,23,13,18;7,24,11,22,25,14;4,12,16,22,11;3,12,13,24,11;10,19,15,21,26;9,25,22,19,15,17,26;2,24,23,20,14;9,16,22,10,17,21;6,25,16,8,21,26;5,19,22,8,17,26;2,24,4,3,22;3,4,13,18,16;1,23,24,4,12,18;0,25,2,7,20;5,19,6,17,21;3,22,8,9,25,18,12;6,26,10,8,21,15;0,1,13,12,16,25;5,10,22,6,15;0,1,23,7,14;5,15,17,8,9,26;2,11,3,16,8,10,19,6,25;1,13,24,7,20;2,11,4,13,23,7;0,14,2,22,6,9,16,18;5,10,17,6,9,21
rp2_c33_w2_t1596 27 1,20,14,25,18;0,20,23,13,18;7,24,11,22,25,14;4,12,16,22,11;3,12,13,24,11;10,19,15,21,26;15,19,22,25,26,17;2,24,23,20,14;9,16,22,10,17,21;8,16,25,26,21;5,19,22,8,17,26;2,24,4,3,22;3,4,13,18,16;1,23,24,4,12,18;0,25,2,7,20;5,19,6,17,21;3,22,8,9,25,18,12;6,26,10,8,21,15;0,1,13,12,16,25;5,10,22,6,15;0,1,23,7,14;5,15,17,8,9,26;2,11,3,16,8,10,19,6,25;1,13,24,7,20;2,11,4,13,23,7;0,14,2,22,6,26,9,16,18;5,10,17,6,25,9,21
rp2_c33_w2_t1604 27 1,20,14,25,18;0,20,23,13,18;7,24,11,22,25,14;4,12,16,22,11;3,12,13,24,11;10,19,15,21,26;15,19,22,25,17;2,24,23,20,14;9,16,22,10,17,21;8,16,25,26,21;5,19,22,8,17,26;2,24,4,3,22;3,4,13,18,16;1,23,24,4,12,18;0,25,2,7,20;5,19,6,17,21;3,22,8,9,25,18,12;6,25,26,10,8,21,15;0,1,13,12,16,25;5,10,22,6,15;0,1,23,7,14;5,15,17,8,9,26;2,11,3,16,8,10,19,6,25;1,13,24,7,20;2,11,4,13,23,7;0,14,2,22,6,17,26,9,16,18;5,10,17,25,9,21
rp2_c33_w2_t1606 27 1,20,14,25,18;0,20,23,13,18;7,24,11,22,25,14;4,12,16,22,11;3,12,13,24,11;9,21,15,19,10,26;15,19,22,25,17;2,24,23,20,14;9,16,22,10,17,21;5,21,8,16,25,26;5,19,22,8,17,26;2,24,4,3,22;3,4,13,18,16;1,23,24,4,12,18;0,25,2,7,20;5,19,6,17,21;3,22,8,9,25,18,12;6,25,26,10,8,21,15;0,1,13,12,16,25;5,10,22,6,15;0,1,23,7,14;5,15,17,8,9;2,11,3,16,8,10,19,6,25;1,13,24,7,20;2,11,4,13,23,7;0,14,2,22,6,17,26,9,16,18;5,10,17,25,9
rp2_c33_w2_t1618 27 1,20,14,25,18;0,20,23,13,18;7,24,11,22,25,14;4,12,16,22,11;3,12,13,24,11;9,21,15,19,10,26;15,19,22,25,17;2,24,23,20,14;9,16,22,10,21;5,21,8,16,25,26;5,19,22,8,21,17,26;2,24,4,3,22;3,4,13,18,16;1,23,24,4,12,18;0,25,2,7,20;5,19,6,17,21;3,22,8,9,25,18,12;6,25,26,10,21,15;0,1,13,12,16,25;5,10,22,6,15;0,1,23,7,14;5,15,17,10,8,9;2,11,3,16,8,10,19,6,25;1,13,24,7,20;2,11,4,13,23,7;0,14,2,22,6,17,26,9,16,18;5,10,17,25,9
rp2_c33_w2_t1630 27 1,20,14,25,18;0,20,23,13,18;7,24,11,22,25,14;4,12,16,22,11;3,12,13,24,11;9,21,15,19,10,26;15,19,22,25,26,17;2,24,23,20,14;9,16,22,10,21;5,21,8,16,25,26;5,19,22,8,21,17,26;2,24,4,3,22;3,4,13,18,16;1,23,24,4,12,18;0,25,2,7,20;5,19,6,17,21;3,22,8,9,25,18,12;6,26,10,21,15;0,1,13,12,16,25;5,10,22,6,15;0,1,23,7,14;5,15,17,10,8,9;2,11,3,16,8,10,19,6,25;1,13,24,7,20;2,11,4,13,23,7;0,14,2,22,6,26,9,16,18;5,10,17,6,25,9
rp2_c33_w2_t1638 27 1,20,14,25,18;0,20,23,13,18;7,24,11,22,25,14;4,12,16,22,11;3,12,13,24,11;9,21,15,19,26;15,19,22,25,26,17;2,24,23,20,14;9,16,22,10,21;5,21,8,16,25,26;8,22,19,26,17,21;2,24,4,3,22;3,4,13,18,16;1,23,24,4,12,18;0,25,2,7,20;5,19,6,17,21;3,22,8,9,25,18,12;6,26,10,21,15;0,1,13,12,16,25;5,26,10,22,6,15;0,1,23,7,14;5,15,17,10,8,9;2,11,3,16,8,10,19,6,25;1,13,24,7,20;2,11,4,13,23,7;0,14,2,22,6,26,9,16,18;5,19,10,17,6,25,9
rp2_c33_w2_t1646 27 1,20,14,25,18;0,20,23,13,18;7,24,11,22,25,14;4,12,16,22,11;3,12,13,24,11;9,21,15,19,26;15,22,25,26,17;2,24,23,20,14;9,16,22,10,21;5,21,8,16,25,26;8,22,19,26,17,21;2,24,4,3,22;3,4,13,18,16;1,23,24,4,12,18;0,25,2,7,20;5,19,22,6,17,21;3,22,8,9,25,18,12;6,26,10,21,15;0,1,13,12,16,25;5,26,10,22,15;0,1,23,7,14;5,15,17,10,8,9;2,11,3,16,8,10,19,15,6,25;1,13,24,7,20;2,11,4,13,23,7;0,14,2,22,6,26,9,16,18;5,19,10,17,6,25,9
rp2_c33_w2_t1648 27 1,20,14,25,18;0,20,23,13,18;7,24,11,22,25,14;4,12,16,22,11;3,12,13,24,11;9,21,15,19,26;15,22,25,26,17;2,24,23,20,14;9,16,22,19,10,21;5,21,8,16,25,26;8,19,26,17,21;2,24,4,3,22;3,4,13,18,16;1,23,24,4,12,18;0,25,2,7,20;5,19,22,6,17,21;3,22,8,9,25,18,12;6,26,10,21,15;0,1,13,12,16,25;5,26,10,8,22,15;0,1,23,7,14;5,15,17,10,8,9;2,11,3,16,8,19,15,6,25;1,13,24,7,20;2,11,4,13,23,7;0,14,2,22,6,26,9,16,18;5,19,10,17,6,25,9
rp2_c33_w2_t1652 27 1,20,14,25,18;0,20,23,13,18;7,24,11,22,25,14;4,12,16,22,11;3,12,13,24,11;9,21,15,19,26;15,22,25,26,17;2,24,23,20,14;9,16,22,15,19,10,21;5,21,8,16,25,26;8,19,26,17,21;2,24,4,3,22;3,4,13,18,16;1,23,24,4,12,18;0,25,2,7,20;5,19,8,22,6,17,21;3,22,8,9,25,18,12;6,26,10,21,15;0,1,13,12,16,25;5,26,10,8,15;0,1,23,7,14;5,15,17,10,8,9;2,11,3,16,8,15,6,25;1,13,24,7,20;2,11,4,13,23,7;0,14,2,22,6,26,9,16,18;5,19,10,17,6,25,9
rp2_c33_w2_t1655 27 1,20,14,25,18;0,20,23,13,18;6,22,11,24,7,14,25;4,12,16,22,11;3,12,13,24,11;9,21,15,19,26;2,22,15,17,26,25;2,24,23,20,14;9,16,22,15,19,10,21;5,21,8,16,25,26;8,19,26,17,21;2,24,4,3,22;3,4,13,18,16;1,23,24,4,12,18;0,25,2,7,20;5,19,8,22,6,17,21;3,22,8,9,25,18,12;6,26,10,21,15;0,1,13,12,16,25;5,26,10,8,15;0,1,23,7,14;5,15,17,10,8,9;2,11,3,16,8,15,6;1,13,24,7,20;2,11,4,13,23,7;0,14,2,6,26,9,16,18;5,19,10,17,6,25,9
rp2_c33_w2_t1656 27 1,20,14,25,18;0,20,23,13,18;7,24,11,22,25,14;4,12,16,22,11;3,12,13,24,11;9,21,15,19,26;15,22,25,26,17;2,24,23,20,14;9,16,22,15,19,10,21;5,21,8,16,18,25,26;8,19,26,17,21;2,24,4,3,22;3,4,13,18,16;1,23,24,4,12,18;0,25,2,7,20;5,19,8,22,6,17,21;3,22,8,9,18,12;6,26,10,21,15;0,1,13,12,16,9,25;5,26,10,8,15;0,1,23,7,14;5,15,17,10,8,9;2,11,3,16,8,15,6,25;1,13,24,7,20;2,11,4,13,23,7;0,14,2,22,6,26,9,18;5,19,10,17,6,25,9
rp2_c33_w2_t1664 27 1,20,14,25,18;0,20,23,13,18;7,24,11,22,25,14;4,12,16,22,11;3,12,13,24,11;9,21,15,19,26;15,22,25,26,17;2,24,23,20,14;9,22,15,19,10,21;5,21,8,22,16,25,26;8,19,26,17,21;2,24,4,3,22;3,4,13,18,16;1,23,24,4,12,18;0,25,2,7,20;5,19,8,22,6,17,21;3,22,9,25,18,12;6,26,10,21,15;0,1,13,12,16,25;5,26,10,8,15;0,1,23,7,14;5,15,17,10,8,9;2,11,3,16,9,8,15,6,25;1,13,24,7,20;2,11,4,13,23,7;0,14,2,22,6,26,9,16,18;5,19,10,17,6,25,9
rp2_c33_w2_t1669 27 1,20,14,25,18;0,20,23,13,18;7,24,11,22,25,14;4,12,16,22,11;3,12,13,24,11;9,21,15,19,26;15,22,25,26,17;2,24,23,20,14;10,19,15,22,21;5,21,22,16,25,26;8,19,26,17,21;2,24,4,3,22;3,4,13,18,16;1,23,24,4,12,18;0,25,2,7,20;5,19,8,22,6,17,21;3,22,9,25,18,12;6,26,10,21,15;0,1,13,12,16,25;5,26,10,8,15;0,1,23,7,14;5,15,17,10,8,22,9;2,11,3,16,9,21,8,15,6,25;1,13,24,7,20;2,11,4,13,23,7;0,14,2,22,6,26,9,16,18;5,19,10,17,6,25,9
rp2_c33_w2_t1673 27 1,20,14,25,18;0,20,23,13,18;7,24,11,22,25,14;4,12,16,22,11;3,12,13,24,11;9,21,15,19,26;15,22,25,26,17;2,24,23,20,14;10,19,15,22,21;5,21,22,16,26;8,19,26,17,21;2,24,4,3,22;3,4,13,18,16;1,23,24,4,12,18;0,25,2,7,20;5,19,8,22,6,17,21;3,22,9,26,25,18,12;6,26,10,21,15;0,1,13,12,16,25;5,26,10,8,15;0,1,23,7,14;5,15,17,10,8,22,9;2,11,3,16,9,21,8,15,6,25;1,13,24,7,20;2,11,4,13,23,7;0,14,2,22,6,26,16,18;5,19,10,17,6,25,16,9
rp2_c33_w2_t1693 27 1,20,14,25,18;0,20,23,13,18;6,22,11,24,7,14,25;4,12,16,22,11;3,12,13,24,11;9,21,15,19,26;2,22,15,17,26,25;2,24,23,20,14;10,19,15,22,21;5,21,22,16,26;8,19,26,17,21;2,24,4,3,22;3,4,13,18,16;1,23,24,4,12,18;0,25,2,7,20;5,19,8,22,6,17,21;3,22,9,26,25,18,12;6,26,10,21,15;0,1,13,12,16,25;5,26,10,8,15;0,1,23,7,14;5,15,17,10,8,22,9;2,11,3,16,9,21,8,15,6;1,13,24,7,20;2,11,4,13,23,7;0,14,2,6,26,16,18;5,19,10,17,6,25,16,9
rp2_c33_w2_t1701 27 1,20,14,25,18;0,20,23,13,18;7,24,11,22,25,14;4,12,16,22,11;3,12,13,24,11;9,21,15,19,26;15,22,25,26,17;2,24,23,20,14;10,19,15,22,21;5,21,22,16,26;8,19,26,17,21;2,24,4,3,22;3,4,13,18,16;1,23,24,4,12,18;0,25,2,7,20;5,19,8,22,6,17,21;3,22,9,26,18,12;6,26,10,21,15;0,1,13,12,16,26,25;5,26,10,8,15;0,1,23,7,14;5,15,17,10,8,22,9;2,11,3,16,9,21,8,15,6,25;1,13,24,7,20;2,11,4,13,23,7;0,14,2,22,6,26,18;5,19,10,17,6,25,18,16,9
rp2_c33_w2_t1722 27 1,20,14,25,18;0,20,23,13,18;7,24,11,22,25,14;4,12,16,22,11;3,12,13,24,11;9,21,17,15,19,26;15,22,25,26,17;2,24,23,20,14;10,19,15,22,21;5,21,22,16,26;8,19,26,17,21;2,24,4,3,22;3,4,13,18,16;1,23,24,4,12,18;0,25,2,7,20;5,19,8,22,6,17;3,22,9,26,25,18,12;5,15,6,26,10,21;0,1,13,12,16,25;5,26,10,8,15;0,1,23,7,14;5,17,10,8,22,9;2,11,3,16,9,21,8,15,6,25;1,13,24,7,20;2,11,4,13,23,7;0,14,2,22,6,26,16,18;5,19,10,17,6,25,16,9
rp2_c33_w2_t1731 27 1,20,14,25,18;0,20,23,13,18;7,24,11,22,25,14;4,12,16,22,11;3,12,13,24,11;9,17,15,19,26;15,22,25,26,17;2,24,23,20,14;10,19,15,22,21;5,17,21,22,16,26;8,19,26,17,21;2,24,4,3,22;3,4,13,18,16;1,23,24,4,12,18;0,25,2,7,20;5,19,8,22,6,17;3,22,9,26,25,18,12;5,15,6,26,10,21,9;0,1,13,12,16,25;5,26,10,8,15;0,1,23,7,14;8,22,9,17,10;2,11,3,16,9,21,8,15,6,25;1,13,24,7,20;2,11,4,13,23,7;0,14,2,22,6,26,16,18;5,19,10,17,6,25,16,9
rp2_c33_w2_t1740 27 1,20,14,25,18;0,20,23,13,18;7,24,11,22,25,14;4,12,16,22,11;3,12,13,24,11;9,16,26,19,15,17;15,22,25,26,17;2,24,23,20,14;10,19,15,22,21;5,16,22,21,17;8,19,26,17,21;2,24,4,3,22;3,4,13,18,16;1,23,24,4,12,18;0,25,2,7,20;5,19,8,22,6,17;3,22,9,5,26,25,18,12;5,15,6,26,10,21,9;0,1,13,12,16,25;5,26,10,8,15;0,1,23,7,14;8,22,9,17,10;2,11,3,16,9,21,8,15,6,25;1,13,24,7,20;2,11,4,13,23,7;0,14,2,22,6,26,16,18;5,19,10,17,6,25,16
rp2_c33_w2_t1749 27 1,20,14,25,18;0,20,23,13,18;7,24,11,22,25,14;4,12,16,22,11;3,12,13,24,11;9,16,26,19,15,17;15,22,25,16,26,17;2,24,23,20,14;10,19,15,22,21;5,16,22,21,17;8,19,26,17,21;2,24,4,3,22;3,4,13,18,16;1,23,24,4,12,18;0,25,2,7,20;5,19,8,22,6,17;3,22,9,5,26,6,25,18,12;5,15,6,26,10,21,9;0,1,13,12,16,25;5,26,10,8,15;0,1,23,7,14;8,22,9,17,10;2,11,3,16,9,21,8,15,6,25;1,13,24,7,20;2,11,4,13,23,7;0,14,2,22,6,16,18;5,19,10,17,6,16
rp2_c33_w2_t1768 27 1,20,14,25,18;0,20,23,13,18;7,24,11,22,25,14;4,12,16,22,11;3,12,13,24,11;9,16,26,19,15,17;10,17,15,22,25,16,26;2,24,23,20,14;10,19,15,22,21;5,16,22,21,17;6,17,21,8,19,26;2,24,4,3,22;3,4,13,18,16;1,23,24,4,12,18;0,25,2,7,20;5,19,8,22,6,17;3,22,9,5,26,6,25,18,12;5,15,6,10,21,9;0,1,13,12,16,25;5,26,10,8,15;0,1,23,7,14;8,22,9,17,10;2,11,3,16,9,21,8,15,6,25;1,13,24,7,20;2,11,4,13,23,7;0,14,2,22,6,16,18;5,19,10,6,16
rp2_c33_w2_t1781 27 1,20,14,25,18;0,20,23,13,18;7,24,11,22,25,14;4,12,16,22,11;3,12,13,24,11;6,15,19,26,16,9,17;5,15,22,25,16,26,10,17;2,24,23,20,14;10,19,15,22,21;5,16,22,21,17;6,17,21,8,19,26;2,24,4,3,22;3,4,13,18,16;1,23,24,4,12,18;0,25,2,7,20;5,19,8,22,6;3,22,9,5,26,6,25,18,12;5,9,21,10,6;0,1,13,12,16,25;5,26,10,8,15;0,1,23,7,14;8,22,9,17,10;2,11,3,16,9,21,8,15,6,25;1,13,24,7,20;2,11,4,13,23,7;0,14,2,22,6,16,18;5,19,10,6,16
rp2_c33_w2_t1791 27 1,20,14,25,18;0,20,23,13,18;7,24,11,22,25,14;4,12,16,22,11;3,12,13,24,11;6,15,19,26,9,17;5,15,22,25,16,26,10,17;2,24,23,20,14;10,19,15,22,21;5,26,16,22,21,17;6,17,21,8,19,26;2,24,4,3,22;3,4,13,18,16;1,23,24,4,12,18;0,25,2,7,20;5,19,8,22,6;3,22,9,26,6,25,18,12;5,9,21,10,6;0,1,13,12,16,25;5,26,10,8,15;0,1,23,7,14;8,22,9,17,10;2,11,3,16,9,21,8,15,6,25;1,13,24,7,20;2,11,4,13,23,7;0,14,2,22,6,16,18;5,19,10,6,16,9
rp2_c33_w2_t1794 27 1,20,14,25,18;0,20,23,13,18;7,24,11,22,25,14;4,12,16,22,11;3,12,13,24,11;6,15,19,26,9,17;5,15,22,25,16,10,17;2,24,23,20,14;10,19,15,22,21;5,26,16,22,21,17;6,17,21,8,19,26,16;2,24,4,3,22;3,4,13,18,16;1,23,24,4,12,18;0,25,2,7,20;5,19,8,22,6;3,22,9,26,10,6,25,18,12;5,9,21,10,6;0,1,13,12,16,25;5,26,10,8,15;0,1,23,7,14;8,22,9,17,10;2,11,3,16,9,21,8,15,6,25;1,13,24,7,20;2,11,4,13,23,7;0,14,2,22,6,16,18;5,19,10,16,9
rp2_c33_w2_t1795 27 1,20,14,25,18;0,20,23,13,18;7,24,11,22,25,14;4,12,16,22,11;3,12,13,24,11;6,15,19,26,17;5,15,22,25,16,10,17;2,24,23,20,14;10,19,15,22,21;16,22,21,17,26;6,17,21,8,19,26,16;2,24,4,3,22;3,4,13,18,16;1,23,24,4,12,18;0,25,2,7,20;5,19,8,22,6;3,22,9,26,10,6,25,18,12;5,26,9,21,10,6;0,1,13,12,16,25;5,26,10,8,15;0,1,23,7,14;8,22,9,17,10;2,11,3,16,9,21,8,15,6,25;1,13,24,7,20;2,11,4,13,23,7;0,14,2,22,6,16,18;5,19,10,16,9,17
rp2_c33_w2_t1801 27 1,20,14,25,18;0,20,23,13,18;7,24,11,22,25,14;4,12,16,22,11;3,12,13,24,11;6,10,17,26,19,15;5,10,16,25,22,15;2,24,23,20,14;10,19,15,22,21;16,22,21,17,26;5,6,16,26,19,8,21,17;2,24,4,3,22;3,4,13,18,16;1,23,24,4,12,18;0,25,2,7,20;5,19,8,22,6;3,22,9,26,10,6,25,18,12;5,26,9,21,10;0,1,13,12,16,25;5,26,10,8,15;0,1,23,7,14;8,22,9,17,10;2,11,3,16,9,21,8,15,6,25;1,13,24,7,20;2,11,4,13,23,7;0,14,2,22,6,16,18;5,19,10,16,9,17
rp2_c33_w2_t1803 27 1,20,14,25,18;0,20,23,13,18;7,24,11,22,25,14;4,12,16,22,11;3,12,13,24,11;6,17,26,19,15;5,17,10,16,25,22,15;2,24,23,20,14;10,19,15,22,21;16,22,21,17,26;6,17,21,8,19,26,16;2,24,4,3,22;3,4,13,18,16;1,23,24,4,12,18;0,25,2,7,20;5,19,8,22,6;3,22,9,26,10,6,25,18,12;5,6,10,21,9,26;0,1,13,12,16,25;5,26,10,8,15;0,1,23,7,14;8,22,9,17,10;2,11,3,16,9,21,8,15,6,25;1,13,24,7,20;2,11,4,13,23,7;0,14,2,22,6,16,18;5,19,10,16,9,17
rp2_c33_w2_t1806 27 1,20,14,25,18;0,20,23,13,18;7,24,11,22,25,14;4,12,16,22,11;3,12,13,24,11;6,17,26,19,15;5,17,10,16,25,22,15;2,24,23,20,14;10,19,15,22,21;16,22,21,17,26;6,17,21,8,19,16;2,24,4,3,22;3,4,13,18,16;1,23,24,4,12,18;0,25,2,7,20;5,19,8,22,6;3,22,9,26,19,10,6,25,18,12;5,6,10,21,9,26;0,1,13,12,16,25;5,26,16,10,8,15;0,1,23,7,14;8,22,9,17,10;2,11,3,16,9,21,8,15,6,25;1,13,24,7,20;2,11,4,13,23,7;0,14,2,22,6,16,18;5,19,16,9,17
rp2_c33_w2_t1835 27 1,20,14,25,18;0,20,23,13,18;7,24,11,22,25,14;4,12,16,22,11;3,12,13,24,11;6,10,17,19,15;5,10,16,25,22,15;2,24,23,20,14;10,19,15,22,21;16,22,21,17,26;5,6,16,26,19,8,21,17;2,24,4,3,22;3,4,13,18,16;1,23,24,4,12,18;0,25,2,7,20;5,19,8,22,6;3,22,9,26,10,6,25,18,12;5,19,26,9,21,10;0,1,13,12,16,25;5,17,26,10,8,15;0,1,23,7,14;8,22,9,17,10;2,11,3,16,9,21,8,15,6,25;1,13,24,7,20;2,11,4,13,23,7;0,14,2,22,6,16,18;9,17,19,10,16
rp2_c33_w2_t1841 27 1,20,14,25,18;0,20,23,13,18;7,24,11,22,25,14;4,12,16,22,11;3,12,13,24,11;6,10,17,19,15;5,10,26,16,25,22,15;2,24,23,20,14;10,19,15,22,21;16,22,21,17,26;5,6,26,19,8,21,17;2,24,4,3,22;3,4,13,18,16;1,23,24,4,12,18;0,25,2,7,20;5,19,8,22,6;3,22,9,26,6,25,18,12;5,19,26,9,21,10;0,1,13,12,16,25;5,17,26,10,8,15;0,1,23,7,14;8,22,9,17,10;2,11,3,16,9,21,8,15,6,25;1,13,24,7,20;2,11,4,13,23,7;0,14,2,22,6,16,18;6,10,19,17,9,16
rp2_c33_w2_t1858 27 1,20,14,25,18;0,20,23,13,18;7,24,11,22,25,14;4,12,16,22,11;3,12,13,24,11;6,10,17,19,15;5,10,26,25,22,15;2,24,23,20,14;10,19,15,22,21;16,22,21,17,26;5,6,26,19,8,21,17;2,24,4,3,22;3,4,13,18,16;1,23,24,4,12,18;0,25,2,7,20;5,19,8,22,6;3,22,9,26,25,18,12;5,19,26,9,21,10;0,1,13,12,16,25;5,17,26,10,8,15;0,1,23,7,14;8,22,9,17,10;2,11,3,16,9,21,8,15,6,25;1,13,24,7,20;2,11,4,13,23,7;0,14,2,22,6,26,16,18;6,10,19,17,9,16,25
rp2_c33_w2_t1861 27 1,20,14,25,18;0,20,23,13,18;7,24,11,22,25,14;4,12,16,22,11;3,12,13,24,11;6,10,17,19,15;5,10,19,26,25,22,15;2,24,23,20,14;10,19,15,22,21;16,22,21,17,26;5,6,19,8,21,17;2,24,4,3,22;3,4,13,18,16;1,23,24,4,12,18;0,25,2,7,20;5,19,8,22,6;3,22,9,26,25,18,12;5,19,26,9,21,10;0,1,13,12,16,25;5,17,26,6,10,8,15;0,1,23,7,14;8,22,9,17,10;2,11,3,16,9,21,8,15,6,25;1,13,24,7,20;2,11,4,13,23,7;0,14,2,22,6,26,16,18;6,25,16,9,17,19
rp2_c33_w2_t1862 27 1,20,14,25,18;0,20,23,13,18;7,24,11,22,25,14;4,12,16,22,11;3,12,13,24,11;6,10,17,26,19,15;5,10,19,26,25,22,15;2,24,23,20,14;10,19,15,22,21;16,22,21,17,26;5,6,19,8,21,17;2,24,4,3,22;3,4,13,18,16;1,23,24,4,12,18;0,25,2,7,20;5,19,8,22,6;3,22,9,26,25,18,12;5,26,9,21,10;0,1,13,12,16,25;5,15,8,10,6,26;0,1,23,7,14;8,22,9,17,10;2,11,3,16,9,21,8,15,6,25;1,13,24,7,20;2,11,4,13,23,7;0,14,2,22,6,26,16,18;5,17,9,16,25,6,19
rp2_c33_w2_t1870 27 1,20,14,25,18;0,20,23,13,18;7,24,11,22,25,14;4,12,16,22,11;3,12,13,24,11;6,10,17,19,15;5,10,19,26,25,15;2,24,23,20,14;10,19,15,22,21;16,22,21,17,26;5,6,19,8,21,17;2,24,4,3,22;3,4,13,18,16;1,23,24,4,12,18;0,25,2,7,20;5,19,8,22,25,6;3,22,9,26,25,18,12;5,19,26,9,21,10;0,1,13,12,16,25;5,17,26,6,10,8,15;0,1,23,7,14;8,22,9,17,10;2,11,3,16,9,21,8,15,25;1,13,24,7,20;2,11,4,13,23,7;0,14,2,22,15,6,26,16,18;6,25,16,9,17,19
rp2_c33_w2_t1876 27 1,20,14,25,18;0,20,23,13,18;7,24,11,22,25,14;4,12,16,22,11;3,12,13,24,11;6,10,21,17,19,15;5,10,19,26,25,15;2,24,23,20,14;10,19,15,22,21;16,22,21,17,26;5,6,19,8,21;2,24,4,3,22;3,4,13,18,16;1,23,24,4,12,18;0,25,2,7,20;5,19,8,22,25,6;3,22,9,26,25,18,12;5,19,26,9,21;0,1,13,12,16,25;5,17,26,6,10,8,15;0,1,23,7,14;5,10,8,22,9,17;2,11,3,16,9,21,8,15,25;1,13,24,7,20;2,11,4,13,23,7;0,14,2,22,15,6,26,16,18;6,25,16,9,17,19
rp2_c33_w2_t1893 27 1,20,14,25,18;0,20,23,13,18;7,24,11,22,25,14;4,12,16,22,11;3,12,13,24,11;6,10,17,19,15;5,10,19,26,25,15;2,24,23,20,14;10,19,15,22,21;16,22,21,17,19,26;5,6,19,8,21,17;2,24,4,3,22;3,4,13,18,16;1,23,24,4,12,18;0,25,2,7,20;5,19,8,22,25,6;3,22,9,26,25,18,12;5,19,9,21,10;0,1,13,12,16,25;5,17,9,26,6,10,8,15;0,1,23,7,14;8,22,9,17,10;2,11,3,16,9,21,8,15,25;1,13,24,7,20;2,11,4,13,23,7;0,14,2,22,15,6,26,16,18;6,25,16,9,19
rp2_c33_w2_t1912 27 1,20,14,25,18;0,20,23,13,18;7,24,11,22,25,14;4,12,16,22,11;3,12,13,24,11;6,10,17,19,15;5,10,19,26,15;2,24,23,20,14;10,19,15,22,21;16,22,21,17,19,26;5,6,19,8,21,17;2,24,4,3,22;3,4,13,18,16;1,23,24,4,12,18;0,25,2,7,20;5,19,8,22,25,26,6;3,22,9,26,25,18,12;5,19,9,21,10;0,1,13,12,16,25;5,17,9,26,6,10,8,15;0,1,23,7,14;8,22,9,17,10;2,11,3,16,9,21,8,15,25;1,13,24,7,20;2,11,4,13,23,7;0,14,2,22,15,26,16,18;6,15,25,16,9,19
rp2_c33_w2_t1919 27 1,20,14,25,18;0,20,23,13,18;7,24,11,22,25,14;4,12,16,22,11;3,12,13,24,11;6,10,17,19,15;5,10,19,26,15;2,24,23,20,14;10,19,15,25,22,21;16,22,21,17,19,26;5,6,19,8,21,17;2,24,4,3,22;3,4,13,18,16;1,23,24,4,12,18;0,25,2,7,20;5,19,8,25,26,6;3,22,9,26,25,18,12;5,19,9,21,10;0,1,13,12,16,25;5,17,9,26,6,10,8,15;0,1,23,7,14;8,22,9,17,10;2,11,3,16,9,21,8,25;1,13,24,7,20;2,11,4,13,23,7;0,14,2,22,8,15,26,16,18;6,15,25,16,9,19
rp2_c33_w2_t1933 27 1,20,14,25,18;0,20,23,13,18;7,24,11,22,25,14;4,12,16,22,11;3,12,13,24,11;6,10,17,19,15;5,10,19,26,15;2,24,23,20,14;10,19,15,25,22,21;16,21,17,19,26;5,6,19,8,21,17;2,24,4,3,22;3,4,13,18,16;1,23,24,4,12,18;0,25,2,7,20;5,19,8,25,26,6;3,22,21,9,26,25,18,12;5,19,9,21,10;0,1,13,12,16,25;5,17,9,26,6,10,8,15;0,1,23,7,14;8,22,16,9,17,10;2,11,3,16,21,8,25;1,13,24,7,20;2,11,4,13,23,7;0,14,2,22,8,15,26,16,18;6,15,25,16,9,19
rp2_c33_w2_t1936 27 1,20,14,25,18;0,20,23,13,18;7,24,11,22,25,14;4,12,16,22,11;3,12,13,24,11;6,10,17,19,8,15;5,10,19,26,15;2,24,23,20,14;5,15,25,22,21,10,19;16,21,17,19,26;5,6,19,8,21,17;2,24,4,3,22;3,4,13,18,16;1,23,24,4,12,18;0,25,2,7,20;5,8,25,26,6;3,22,21,9,26,25,18,12;5,19,9,21,10;0,1,13,12,16,25;5,17,9,26,6,10,8;0,1,23,7,14;8,22,16,9,17,10;2,11,3,16,21,8,25;1,13,24,7,20;2,11,4,13,23,7;0,14,2,22,8,15,26,16,18;6,15,25,16,9,19
rp2_c33_w2_t1939 27 1,20,14,25,18;0,20,23,13,18;7,24,11,22,25,14;4,12,16,21,22,11;3,12,13,24,11;6,10,17,19,8,15;5,10,19,26,15;2,24,23,20,14;5,15,25,22,21,10,19;16,21,17,19,26;5,6,19,8,21,17;2,24,4,3,22;3,4,13,18,16;1,23,24,4,12,18;0,25,2,7,20;5,8,25,26,6;3,21,9,26,25,18,12;5,19,9,21,10;0,1,13,12,16,25;5,17,9,26,6,10,8;0,1,23,7,14;3,16,9,17,10,8,22;2,11,3,21,8,25;1,13,24,7,20;2,11,4,13,23,7;0,14,2,22,8,15,26,16,18;6,15,25,16,9,19
rp2_c33_w2_t1943 27 1,20,14,25,18;0,20,23,13,18;7,24,11,22,25,14;4,12,16,22,11;3,12,13,24,11;6,10,17,19,8,15;5,10,19,26,15;2,24,23,20,14;5,15,25,22,21,10,19;16,21,17,19,26,25;5,6,19,8,21,17;2,24,4,3,22;3,4,13,18,16;1,23,24,4,12,18;0,25,2,7,20;5,8,25,26,6;3,22,21,9,25,18,12;5,19,9,21,10;0,1,13,12,16,25;5,17,9,26,6,10,8;0,1,23,7,14;8,22,16,9,17,10;2,11,3,16,21,8,25;1,13,24,7,20;2,11,4,13,23,7;0,14,2,22,8,15,26,9,16,18;6,15,25,9,19
rp2_c33_w2_t1949 27 1,20,14,25,18;0,20,23,13,18;7,24,11,22,25,14;4,12,16,22,11;3,12,13,24,11;6,10,17,19,8,15;5,10,19,26,15;2,24,23,20,14;5,15,25,22,21,10,19;16,17,19,26,25;5,6,19,8,21,17;2,24,4,3,22;3,4,13,18,16;1,23,24,4,12,18;0,25,2,7,20;5,8,25,26,6;3,22,21,17,9,25,18,12;5,19,9,16,21,10;0,1,13,12,16,25;5,17,9,26,6,10,8;0,1,23,7,14;8,22,16,17,10;2,11,3,16,21,8,25;1,13,24,7,20;2,11,4,13,23,7;0,14,2,22,8,15,26,9,16,18;6,15,25,9,19
rp2_c33_w2_t1954 27 1,20,14,25,18;0,20,23,13,18;7,24,11,22,25,14;4,12,16,22,11;3,12,13,24,11;6,10,17,19,15;5,10,19,26,15;2,24,23,20,14;10,19,15,25,22,21;16,17,19,26,25;5,6,19,8,21,17;2,24,4,3,22;3,4,13,18,16;1,23,24,4,12,18;0,25,2,7,20;5,19,8,25,26,6;3,22,21,17,9,25,18,12;5,19,9,16,21,10;0,1,13,12,16,25;5,17,9,26,6,10,8,15;0,1,23,7,14;8,22,16,17,10;2,11,3,16,21,8,25;1,13,24,7,20;2,11,4,13,23,7;0,14,2,22,8,15,26,9,16,18;6,15,25,9,19
rp2_c33_w2_t1964 27 1,20,14,25,18;0,20,23,13,18;7,24,11,22,8,25,14;4,12,16,22,11;3,12,13,24,11;6,10,17,19,15;5,10,19,26,15;2,24,23,20,14;2,22,21,10,19,15,25;16,17,19,26,25;5,6,19,8,21,17;2,24,4,3,22;3,4,13,18,16;1,23,24,4,12,18;0,25,2,7,20;5,19,8,25,26,6;3,22,21,17,9,25,18,12;5,19,9,16,21,10;0,1,13,12,16,25;5,17,9,26,6,10,8,15;0,1,23,7,14;8,22,16,17,10;2,11,3,16,21,8;1,13,24,7,20;2,11,4,13,23,7;0,14,2,8,15,26,9,16,18;6,15,25,9,19
rp2_c33_w10_t209 34 4,26,22,32,12,20;7,15,26,30,24;10,31,25,18,17;13,19,16,20,15,26;0,26,29,27,16,20;9,22,13,19,23;11,21,16,27,31;1,15,33,11,10,17,24;9,23,21,11,33,12,32;5,22,32,8,23;2,31,11,7,17;6,21,8,33,7,10,31;0,20,15,33,8,32;3,19,5,22,26;17,18,28,30,24;1,26,3,20,12,33,7;3,19,21,6,27,4,20;2,10,7,24,14,18;2,25,29,28,14,17;3,13,5,23,21,16;0,4,16,3,15,12;6,11,8,23,19,16;0,26,13,5,9,32;5,19,21,8,9;1,7,17,14,30;2,31,27,29,18;0,22,13,3,15,1,30,28,29,4;4,16,6,31,25,29;14,30,26,29,18;4,26,28,18,25,27;1,24,14,28,26;2,25,27,6,11,10;0,12,8,9,22;7,11,8,12,15
rp2_c33_w10_t223 34 4,26,22,32,12,20;7,15,26,30,24;10,31,25,18,17;13,19,16,20,15,26;0,26,29,27,16,20;9,22,13,19,23;11,21,16,27,31;1,15,33,11,10,17,24;9,23,21,11,33,12,32;5,22,32,8,23;2,31,11,7,17;6,21,8,33,7,10,31;0,20,15,33,8,32;3,19,5,22,26;17,18,28,30,24;1,26,3,20,12,33,7;3,19,23,21,6,27,4,20;2,10,7,24,14,18;2,25,29,28,14,17;3,13,5,23,16;0,4,16,3,15,12;6,11,8,23,16;0,26,13,5,9,32;5,19,16,21,8,9;1,7,17,14,30;2,31,27,29,18;0,22,13,3,15,1,30,28,29,4;4,16,6,31,25,29;14,30,26,29,18;4,26,28,18,25,27;1,24,14,28,26;2,25,27,6,11,10;0,12,8,9,22;7,11,8,12,15
rp2_c33_w14_t273 33 1,29,18,31,22,23,7;0,29,5,26,7;14,28,16,25,30;7,20,21,11,14,23;6,9,26,20,17;1,29,15,24,9,26;4,9,15,27,22,23,14,30,17;0,1,26,20,3,23;10,19,13,12,28;4,6,15,29,18,24,5,26;8,19,20,32,16,28;3,14,12,13,21;8,13,11,14,28;8,12,11,21,19;2,28,12,11,3,23,6,30;5,29,9,6,27,24;2,25,32,10,28;4,20,32,25,30,6;0,29,9,24,31;8,10,20,21,13;3,7,26,4,17,32,10,19,21;3,20,19,13,11;0,23,6,27,31;0,22,6,14,3,7;5,9,18,31,27,15;2,30,17,32,16;1,5,9,4,20,7;6,22,31,24,15;2,14,12,8,10,16;0,1,5,15,9,18;2,25,17,6,14;0,22,27,24,18;10,16,25,17,20
rp2_c33_w14_t279 33 1,29,18,31,22,23,7;0,29,5,26,7;14,28,16,25,30;7,20,21,11,14,23;6,9,26,20,17;1,29,24,9,26;4,9,15,27,22,23,14,30,17;0,1,26,20,3,23;10,19,13,12,28;4,6,15,29,18,24,5,26;8,19,20,32,16,28;3,14,12,13,21;8,13,11,14,28;8,12,11,21,19;2,28,12,11,3,23,6,30;6,9,29,24,27;2,25,32,10,28;4,20,32,25,30,6;0,29,9,24,31;8,10,20,21,13;3,7,26,4,17,32,10,19,21;3,20,19,13,11;0,23,6,27,31;0,22,6,14,3,7;5,29,15,27,31,18,9;2,30,17,32,16;1,5,9,4,20,7;6,22,31,24,15;2,14,12,8,10,16;0,1,5,24,15,9,18;2,25,17,6,14;0,22,27,24,18;10,16,25,17,20
rp2_c33_w14_t280 33 1,29,18,31,22,23,3,7;0,29,5,26,7;14,28,16,25,30;0,7,20,21,11,14,23;6,9,26,20,17;1,29,15,24,9,26;4,9,15,27,22,23,14,30,17;0,1,26,20,3;10,19,13,12,28;4,6,15,29,18,24,5,26;8,19,20,32,16,28;3,14,12,13,21;8,13,11,14,28;8,12,11,21,19;2,28,12,11,3,23,6,30;5,29,9,6,27,24;2,25,32,10,28;4,20,32,25,30,6;0,29,9,24,31;8,10,20,21,13;3,7,26,4,17,32,10,19,21;3,20,19,13,11;0,23,6,27,31;0,22,6,14,3;5,9,18,31,27,15;2,30,17,32,16;1,5,9,4,20,7;6,22,31,24,15;2,14,12,8,10,16;0,1,5,15,9,18;2,25,17,6,14;0,22,27,24,18;10,16,25,17,20
rp2_c33_w14_t281 33 1,29,18,31,22,23,7;0,29,5,26,7;14,28,16,25,30;7,20,21,11,14,23;6,9,26,20,17;1,29,15,24,9,26;4,9,27,22,23,14,30,17;0,1,26,20,3,23;10,19,13,12,28;4,6,27,15,29,18,24,5,26;8,19,20,32,16,28;3,14,12,13,21;8,13,11,14,28;8,12,11,21,19;2,28,12,11,3,23,6,30;5,29,9,27,24;2,25,32,10,28;4,20,32,25,30,6;0,29,9,24,31;8,10,20,21,13;3,7,26,4,17,32,10,19,21;3,20,19,13,11;0,23,6,27,31;0,22,6,14,3,7;5,9,18,31,27,15;2,30,17,32,16;1,5,9,4,20,7;6,9,15,24,31,22;2,14,12,8,10,16;0,1,5,15,9,18;2,25,17,6,14;0,22,27,24,18;10,16,25,17,20
rp2_c33_w14_t284 33 1,18,31,22,23,7;0,18,29,5,26,7;14,28,16,25,30;7,20,21,11,14,23;6,9,26,20,17;1,29,15,24,9,26;4,9,27,22,23,14,30,17;0,1,26,20,3,23;10,19,13,12,28;4,6,27,15,29,18,24,5,26;8,19,20,32,16,28;3,14,12,13,21;8,13,11,14,28;8,12,11,21,19;2,28,12,11,3,23,6,30;5,29,9,27,24;2,25,32,10,28;4,20,32,25,30,6;0,1,29,9,24,31;8,10,20,21,13;3,7,26,4,17,32,10,19,21;3,20,19,13,11;0,23,6,27,31;0,22,6,14,3,7;5,9,18,31,27,15;2,30,17,32,16;1,5,9,4,20,7;6,9,15,24,31,22;2,14,12,8,10,16;1,5,15,9,18;2,25,17,6,14;0,22,27,24,18;10,16,25,17,20
rp2_c33_w14_t294 33 7,18,31,22,23;5,29,18,7,26;14,28,16,25,30;7,20,21,11,14,23;6,9,26,20,17;1,29,15,24,9,26;4,9,27,22,23,14,30,17;0,18,1,26,20,3,23;10,19,13,12,28;4,6,27,15,29,18,24,5,26;8,19,20,32,16,28;3,14,12,13,21;8,13,11,14,28;8,12,11,21,19;2,28,12,11,3,23,6,30;5,29,9,27,24;2,25,32,10,28;4,20,32,25,30,6;0,7,1,29,9,24,31;8,10,20,21,13;3,7,26,4,17,32,10,19,21;3,20,19,13,11;0,23,6,27,31;0,22,6,14,3,7;5,9,18,31,27,15;2,30,17,32,16;1,5,9,4,20,7;6,9,15,24,31,22;2,14,12,8,10,16;1,5,15,9,18;2,25,17,6,14;0,22,27,24,18;10,16,25,17,20
rp2_c33_w14_t298 33 1,18,31,22,23,7;0,18,29,5,26,7;14,28,16,25,30;7,20,21,11,14,23;6,9,26,20,17;1,29,15,24,26;4,9,27,22,23,14,30,17;0,1,26,20,3,23;10,19,13,12,28;4,6,27,15,29,18,24,26;8,19,20,32,16,28;3,14,12,13,21;8,13,11,14,28;8,12,11,21,19;2,28,12,11,3,23,6,30;5,29,9,27,24;2,25,32,10,28;4,20,32,25,30,6;0,1,29,9,24,31;8,10,20,21,13;3,7,26,4,17,32,10,19,21;3,20,19,13,11;0,23,6,27,31;0,22,6,14,3,7;5,26,9,18,31,27,15;2,30,17,32,16;1,5,24,9,4,20,7;6,9,15,24,31,22;2,14,12,8,10,16;1,5,15,9,18;2,25,17,6,14;0,22,27,24,18;10,16,25,17,20
rp2_c33_w14_t301 33 1,18,31,22,23,7;0,18,29,5,9,26,7;14,28,16,25,30;7,20,21,11,14,23;6,9,26,20,17;1,29,15,24,9;4,9,27,22,23,14,30,17;0,1,26,20,3,23;10,19,13,12,28;1,5,24,18,29,15,27,6,4,26;8,19,20,32,16,28;3,14,12,13,21;8,13,11,14,28;8,12,11,21,19;2,28,12,11,3,23,6,30;5,29,9,27,24;2,25,32,10,28;4,20,32,25,30,6;0,1,29,9,24,31;8,10,20,21,13;3,7,26,4,17,32,10,19,21;3,20,19,13,11;0,23,6,27,31;0,22,6,14,3,7;5,9,18,31,27,15;2,30,17,32,16;1,7,20,4,9;6,9,15,24,31,22;2,14,12,8,10,16;1,5,15,9,18;2,25,17,6,14;0,22,27,24,18;10,16,25,17,20
rp2_c33_w14_t303 33 1,18,31,22,23,7;0,18,29,5,26,7;14,28,16,25,30;7,20,21,11,14,23;6,9,26,20,17;1,29,15,24,18,9,26;4,9,27,22,23,14,30,17;0,1,26,20,3,23;10,19,13,12,28;4,6,27,15,29,18,5,26;8,19,20,32,16,28;3,14,12,13,21;8,13,11,14,28;8,12,11,21,19;2,28,12,11,3,23,6,30;5,29,9,27,24;2,25,32,10,28;4,20,32,25,30,6;0,1,29,9,5,24,31;8,10,20,21,13;3,7,26,4,17,32,10,19,21;3,20,19,13,11;0,23,6,27,31;0,22,6,14,3,7;5,15,27,31,18;2,30,17,32,16;1,5,9,4,20,7;6,9,15,24,31,22;2,14,12,8,10,16;1,5,15,9,18;2,25,17,6,14;0,22,27,24,18;10,16,25,17,20
rp2_c33_w14_t307 33 1,18,31,22,23,7;0,18,29,5,26,7;14,28,16,25,30;7,20,21,11,14,23;6,9,26,20,17;1,29,15,24,9,26;4,9,22,23,14,30,17;0,1,26,20,3,23;10,19,13,12,28;4,6,22,27,15,29,18,24,5,26;8,19,20,32,16,28;3,14,12,13,21;8,13,11,14,28;8,12,11,21,19;2,28,12,11,3,23,6,30;5,29,9,27,24;2,25,32,10,28;4,20,32,25,30,6;0,1,29,9,24,31;8,10,20,21,13;3,7,26,4,17,32,10,19,21;3,20,19,13,11;0,23,6,9,27,31;0,22,6,14,3,7;5,9,18,31,27,15;2,30,17,32,16;1,5,9,4,20,7;9,22,31,24,15;2,14,12,8,10,16;1,5,15,9,18;2,25,17,6,14;0,22,27,24,18;10,16,25,17,20
rp2_c33_w14_t309 33 1,18,31,22,23,7;0,18,29,5,26,7;14,28,16,25,30;7,21,11,14,23;6,9,26,20,17;1,29,15,24,9,26;4,9,27,22,23,14,30,17;0,1,26,20,21,3,23;10,19,13,12,28;4,6,27,15,29,18,24,5,26;8,19,20,32,16,28;3,14,12,13,21;8,13,11,14,28;8,12,11,21,19;2,28,12,11,3,23,6,30;5,29,9,27,24;2,25,32,10,28;4,20,32,25,30,6;0,1,29,9,24,31;8,10,20,21,13;4,26,7,21,19,10,32,17;3,7,20,19,13,11;0,23,6,27,31;0,22,6,14,3,7;5,9,18,31,27,15;2,30,17,32,16;1,5,9,4,20,7;6,9,15,24,31,22;2,14,12,8,10,16;1,5,15,9,18;2,25,17,6,14;0,22,27,24,18;10,16,25,17,20
rp2_c33_w14_t319 33 1,18,31,22,7;0,18,29,5,26,7;14,28,16,25,30;7,20,21,11,14,23;6,9,26,20,17;1,29,15,24,9,26;4,9,27,22,23,14,30,17;0,22,23,3,20,26,1;10,19,13,12,28;4,6,27,15,29,18,24,5,26;8,19,20,32,16,28;3,14,12,13,21;8,13,11,14,28;8,12,11,21,19;2,28,12,11,3,23,6,30;5,29,9,27,24;2,25,32,10,28;4,20,32,25,30,6;0,1,29,9,24,31;8,10,20,21,13;3,7,26,4,17,32,10,19,21;3,20,19,13,11;0,7,23,6,27,31;3,14,6,22,7;5,9,18,31,27,15;2,30,17,32,16;1,5,9,4,20,7;6,9,15,24,31,22;2,14,12,8,10,16;1,5,15,9,18;2,25,17,6,14;0,22,27,24,18;10,16,25,17,20
rp2_c33_w14_t345 33 1,29,18,31,22,23,7;0,29,5,26,7;14,28,16,25,30;7,20,21,11,14,23;6,9,26,20,17;1,29,15,24,26;4,9,27,22,23,14,30,17;0,1,26,20,3,23;10,19,13,12,28;4,6,27,15,29,18,24,26;8,19,20,32,16,28;3,14,12,13,21;8,13,11,14,28;8,12,11,21,19;2,28,12,11,3,23,6,30;5,29,9,27,24;2,25,32,10,28;4,20,32,25,30,6;0,29,9,24,31;8,10,20,21,13;3,7,26,4,17,32,10,19,21;3,20,19,13,11;0,23,6,27,31;0,22,6,14,3,7;5,26,9,18,31,27,15;2,30,17,32,16;1,5,24,9,4,20,7;6,9,15,24,31,22;2,14,12,8,10,16;0,1,5,15,9,18;2,25,17,6,14;0,22,27,24,18;10,16,25,17,20
rp2_c33_w14_t349 33 1,29,18,31,22,23,7;0,29,5,26,7;14,28,16,25,30;7,20,21,11,23;6,9,26,20,17;1,29,15,24,9,26;4,9,27,22,23,14,30,17;0,1,26,20,3,23;10,19,13,12,28;4,6,27,15,29,18,24,5,26;8,19,20,32,16,28;3,23,14,12,13,21;8,13,11,14,28;8,12,11,21,19;2,28,12,11,23,6,30;5,29,9,27,24;2,25,32,10,28;4,20,32,25,30,6;0,29,9,24,31;8,10,20,21,13;3,7,26,4,17,32,10,19,21;3,20,19,13,11;0,23,6,27,31;0,22,6,14,11,3,7;5,9,18,31,27,15;2,30,17,32,16;1,5,9,4,20,7;6,9,15,24,31,22;2,14,12,8,10,16;0,1,5,15,9,18;2,25,17,6,14;0,22,27,24,18;10,16,25,17,20
rp2_c33_w14_t350 33 1,29,18,31,22,23,7;0,29,15,5,26,7;14,28,16,25,30;7,20,21,11,14,23;6,9,26,20,17;1,15,24,9,26;4,9,27,22,23,14,30,17;0,1,26,20,3,23;10,19,13,12,28;4,6,27,15,29,18,24,5,26;8,19,20,32,16,28;3,14,12,13,21;8,13,11,14,28;8,12,11,21,19;2,28,12,11,3,23,6,30;1,5,24,27,9,29;2,25,32,10,28;4,20,32,25,30,6;0,29,9,24,31;8,10,20,21,13;3,7,26,4,17,32,10,19,21;3,20,19,13,11;0,23,6,27,31;0,22,6,14,3,7;5,9,18,31,27,15;2,30,17,32,16;1,5,9,4,20,7;6,9,15,24,31,22;2,14,12,8,10,16;0,1,15,9,18;2,25,17,6,14;0,22,27,24,18;10,16,25,17,20
rp2_c33_w14_t367 33 1,29,18,31,22,23,7;0,29,15,5,26,7;14,28,16,25,30;7,20,21,11,14,23;6,9,26,20,17;1,15,24,9,26;4,9,15,27,22,23,14,30,17;0,1,26,20,3,23;10,19,13,12,28;4,6,15,29,18,24,5,26;8,19,20,32,16,28;3,14,12,13,21;8,13,11,14,28;8,12,11,21,19;2,28,12,11,3,23,6,30;1,5,24,27,6,9,29;2,25,32,10,28;4,20,32,25,30,6;0,29,9,24,31;8,10,20,21,13;3,7,26,4,17,32,10,19,21;3,20,19,13,11;0,23,6,27,31;0,22,6,14,3,7;5,9,18,31,27,15;2,30,17,32,16;1,5,9,4,20,7;6,22,31,24,15;2,14,12,8,10,16;0,1,15,9,18;2,25,17,6,14;0,22,27,24,18;10,16,25,17,20
rp2_c33_w14_t380 33 1,29,18,31,22,23,7;0,29,15,5,26,7;14,28,16,25,30;7,20,21,11,14,23;6,9,26,20,17;1,15,24,9,26;4,9,27,22,23,14,30,17;0,1,26,20,3,23;10,19,13,12,28;4,6,27,15,29,18,24,5,26;8,19,20,32,16,28;3,14,12,13,21;8,13,11,14,28;8,12,11,21,19;2,28,12,11,3,23,6,30;1,5,24,31,27,9,29;2,25,32,10,28;4,20,32,25,30,6;0,29,9,24,31;8,10,20,21,13;3,7,26,4,17,32,10,19,21;3,20,19,13,11;0,23,6,27,31;0,22,6,14,3,7;5,9,18,31,15;2,30,17,32,16;1,5,9,4,20,7;6,9,15,31,22;2,14,12,8,10,16;0,1,15,9,18;2,25,17,6,14;0,22,27,15,24,18;10,16,25,17,20
rp2_c33_w14_t397 33 1,29,18,31,22,23,7;0,29,15,5,26,7;14,28,16,25,30;7,20,21,11,14,23;6,9,26,20,17;1,15,27,24,9,26;4,9,27,22,23,14,30,17;0,1,26,20,3,23;10,19,13,12,28;4,6,27,15,29,18,24,5,26;8,19,20,32,16,28;3,14,12,13,21;8,13,11,14,28;8,12,11,21,19;2,28,12,11,3,23,6,30;1,5,27,9,29;2,25,32,10,28;4,20,32,25,30,6;0,29,9,24,31;8,10,20,21,13;3,7,26,4,17,32,10,19,21;3,20,19,13,11;0,23,6,27,31;0,22,6,14,3,7;5,9,18,31,27;2,30,17,32,16;1,5,9,4,20,7;5,15,9,6,22,31,24;2,14,12,8,10,16;0,1,15,9,18;2,25,17,6,14;0,22,27,24,18;10,16,25,17,20
rp2_c33_w14_t401 33 1,29,18,31,22,23,7;0,29,15,5,26,7;14,28,16,25,30;7,20,21,11,14,23;6,9,26,20,17;1,15,24,9,26;4,9,22,23,14,30,17;0,1,26,20,3,23;10,19,13,12,28;4,6,22,27,15,29,18,24,5,26;8,19,20,32,16,28;3,14,12,13,21;8,13,11,14,28;8,12,11,21,19;2,28,12,11,3,23,6,30;1,5,24,27,9,29;2,25,32,10,28;4,20,32,25,30,6;0,29,9,24,31;8,10,20,21,13;3,7,26,4,17,32,10,19,21;3,20,19,13,11;0,23,6,9,27,31;0,22,6,14,3,7;5,9,18,31,27,15;2,30,17,32,16;1,5,9,4,20,7;9,22,31,24,15;2,14,12,8,10,16;0,1,15,9,18;2,25,17,6,14;0,22,27,24,18;10,16,25,17,20
rp2_c33_w14_t428 33 1,29,18,31,22,23,7;0,29,15,5,26,7;14,28,16,25,30;7,20,21,11,14,23;6,9,26,20,17;1,15,24,9,26;4,9,27,22,23,14,30,17;0,1,26,20,3,23;10,19,13,12,28;4,6,27,29,18,24,5,26;8,19,20,32,16,28;3,14,12,13,21;8,13,11,14,28;8,12,11,21,19;2,28,12,11,3,23,6,30;1,5,24,27,29;2,25,32,10,28;4,20,32,25,30,6;0,29,9,24,31;8,10,20,21,13;3,7,26,4,17,32,10,19,21;3,20,19,13,11;0,23,6,27,31;0,22,6,14,3,7;5,9,18,31,27,15;2,30,17,32,16;1,5,9,4,20,7;6,9,29,15,24,31,22;2,14,12,8,10,16;0,1,15,27,9,18;2,25,17,6,14;0,22,27,24,18;10,16,25,17,20
rp2_c33_w14_t441 33 1,29,18,31,22,23,7;0,29,15,5,26,7;14,28,16,25,30;7,20,21,11,23;6,9,26,20,17;1,15,24,9,26;4,9,27,22,23,14,30,17;0,1,26,20,3,23;10,19,13,12,28;4,6,27,15,29,18,24,5,26;8,19,20,32,16,28;3,23,14,12,13,21;8,13,11,14,28;8,12,11,21,19;2,28,12,11,23,6,30;1,5,24,27,9,29;2,25,32,10,28;4,20,32,25,30,6;0,29,9,24,31;8,10,20,21,13;3,7,26,4,17,32,10,19,21;3,20,19,13,11;0,23,6,27,31;0,22,6,14,11,3,7;5,9,18,31,27,15;2,30,17,32,16;1,5,9,4,20,7;6,9,15,24,31,22;2,14,12,8,10,16;0,1,15,9,18;2,25,17,6,14;0,22,27,24,18;10,16,25,17,20
rp2_c33_w14_t456 33 1,29,18,31,22,23,7;0,29,15,5,26,7;14,28,16,25,30;7,20,21,11,14,23;6,27,9,26,20,17;1,15,24,9,26;4,27,22,23,14,30,17;0,1,26,20,3,23;10,19,13,12,28;4,26,5,24,18,29,15,27;8,19,20,32,16,28;3,14,12,13,21;8,13,11,14,28;8,12,11,21,19;2,28,12,11,3,23,6,30;1,5,24,27,9,29;2,25,32,10,28;4,20,32,25,30,6;0,29,9,24,31;8,10,20,21,13;3,7,26,4,17,32,10,19,21;3,20,19,13,11;0,23,6,27,31;0,22,6,14,3,7;5,9,18,31,27,15;2,30,17,32,16;1,5,9,4,20,7;4,6,22,31,24,15,9;2,14,12,8,10,16;0,1,15,9,18;2,25,17,6,14;0,22,27,24,18;10,16,25,17,20
rp2_c33_w14_t458 33 1,29,18,31,22,23,3,7;0,29,15,5,26,7;14,28,16,25,30;0,7,20,21,11,14,23;6,27,9,26,20,17;1,15,24,9,26;4,27,22,23,14,30,17;0,1,26,20,3;10,19,13,12,28;4,26,5,24,18,29,15,27;8,19,20,32,16,28;3,14,12,13,21;8,13,11,14,28;8,12,11,21,19;2,28,12,11,3,23,6,30;1,5,24,27,9,29;2,25,32,10,28;4,20,32,25,30,6;0,29,9,24,31;8,10,20,21,13;3,7,26,4,17,32,10,19,21;3,20,19,13,11;0,23,6,27,31;0,22,6,14,3;5,9,18,31,27,15;2,30,17,32,16;1,5,9,4,20,7;4,6,22,31,24,15,9;2,14,12,8,10,16;0,1,15,9,18;2,25,17,6,14;0,22,27,24,18;10,16,25,17,20
rp2_c33_w14_t463 33 1,29,18,31,22,23,7;0,29,15,5,26,7;14,28,16,25,30;7,20,21,11,14,23;6,27,15,9,26,20,17;1,15,24,9,26;4,27,22,23,14,30,17;0,1,26,20,3,23;10,19,13,12,28;4,26,5,24,18,29,15;8,19,20,32,16,28;3,14,12,13,21;8,13,11,14,28;8,12,11,21,19;2,28,12,11,3,23,6,30;1,5,24,27,4,9,29;2,25,32,10,28;4,20,32,25,30,6;0,29,9,24,31;8,10,20,21,13;3,7,26,4,17,32,10,19,21;3,20,19,13,11;0,23,6,27,31;0,22,6,14,3,7;5,9,18,31,27,15;2,30,17,32,16;1,5,9,4,20,7;4,6,22,31,24,15;2,14,12,8,10,16;0,1,15,9,18;2,25,17,6,14;0,22,27,24,18;10,16,25,17,20
rp2_c33_w14_t465 33 1,29,18,31,22,23,7;0,29,15,5,7;14,28,16,25,30;7,20,21,11,14,23;6,27,15,9,26,20,17;1,15,24,9,26,7;4,27,22,23,14,30,17;0,1,5,26,20,3,23;10,19,13,12,28;4,26,5,24,18,29,15;8,19,20,32,16,28;3,14,12,13,21;8,13,11,14,28;8,12,11,21,19;2,28,12,11,3,23,6,30;1,5,24,27,4,9,29;2,25,32,10,28;4,20,32,25,30,6;0,29,9,24,31;8,10,20,21,13;3,7,26,4,17,32,10,19,21;3,20,19,13,11;0,23,6,27,31;0,22,6,14,3,7;5,9,18,31,27,15;2,30,17,32,16;4,20,7,5,9;4,6,22,31,24,15;2,14,12,8,10,16;0,1,15,9,18;2,25,17,6,14;0,22,27,24,18;10,16,25,17,20
rp2_c33_w14_t472 33 1,29,18,31,22,23,7;0,29,15,5,7;14,28,16,25,30;7,20,21,11,14,23;6,27,9,26,20,17;1,15,24,9,26,7;4,27,22,23,14,30,17;0,1,5,26,20,3,23;10,19,13,12,28;4,26,5,24,18,29,15,27;8,19,20,32,16,28;3,14,12,13,21;8,13,11,14,28;8,12,11,21,19;2,28,12,11,3,23,6,30;1,5,24,27,9,29;2,25,32,10,28;4,20,32,25,30,6;0,29,9,24,31;8,10,20,21,13;3,7,26,4,17,32,10,19,21;3,20,19,13,11;0,23,6,27,31;0,22,6,14,3,7;5,9,18,31,27,15;2,30,17,32,16;4,20,7,5,9;4,6,22,31,24,15,9;2,14,12,8,10,16;0,1,15,9,18;2,25,17,6,14;0,22,27,24,18;10,16,25,17,20
rp2_c33_w14_t474 33 1,29,18,31,22,23,7;0,29,15,5,7;14,28,16,25,30;7,20,21,11,14,23;6,27,9,26,20,17;1,15,24,18,9,26,7;4,27,22,23,14,30,17;0,1,5,26,20,3,23;10,19,13,12,28;4,26,5,18,29,15,27;8,19,20,32,16,28;3,14,12,13,21;8,13,11,14,28;8,12,11,21,19;2,28,12,11,3,23,6,30;1,5,24,27,9,29;2,25,32,10,28;4,20,32,25,30,6;0,29,9,5,24,31;8,10,20,21,13;3,7,26,4,17,32,10,19,21;3,20,19,13,11;0,23,6,27,31;0,22,6,14,3,7;5,15,27,31,18;2,30,17,32,16;4,20,7,5,9;4,6,22,31,24,15,9;2,14,12,8,10,16;0,1,15,9,18;2,25,17,6,14;0,22,27,24,18;10,16,25,17,20
rp2_c33_w14_t478 33 1,29,18,31,22,23,7;0,29,15,24,5,7;14,28,16,25,30;7,20,21,11,14,23;6,27,9,26,20,17;1,24,9,26,7;4,27,22,23,14,30,17;0,1,5,26,20,3,23;10,19,13,12,28;4,26,5,24,18,29,15,27;8,19,20,32,16,28;3,14,12,13,21;8,13,11,14,28;8,12,11,21,19;2,28,12,11,3,23,6,30;1,29,9,27,24;2,25,32,10,28;4,20,32,25,30,6;0,29,9,24,31;8,10,20,21,13;3,7,26,4,17,32,10,19,21;3,20,19,13,11;0,23,6,27,31;0,22,6,14,3,7;1,5,9,18,31,27,15;2,30,17,32,16;4,20,7,5,9;4,6,22,31,24,15,9;2,14,12,8,10,16;0,1,15,9,18;2,25,17,6,14;0,22,27,24,18;10,16,25,17,20
rp2_c33_w14_t480 33 1,29,18,31,22,23,7;0,29,15,5,7;14,28,16,25,30;7,20,21,11,14,23;6,27,9,26,20,17;1,15,27,24,9,26,7;4,27,22,23,14,30,17;0,1,5,26,20,3,23;10,19,13,12,28;4,26,5,24,18,29,15,27;8,19,20,32,16,28;3,14,12,13,21;8,13,11,14,28;8,12,11,21,19;2,28,12,11,3,23,6,30;1,5,27,9,29;2,25,32,10,28;4,20,32,25,30,6;0,29,9,24,31;8,10,20,21,13;3,7,26,4,17,32,10,19,21;3,20,19,13,11;0,23,6,27,31;0,22,6,14,3,7;5,9,18,31,27;2,30,17,32,16;4,20,7,5,9;4,6,22,31,24,5,15,9;2,14,12,8,10,16;0,1,15,9,18;2,25,17,6,14;0,22,27,24,18;10,16,25,17,20
rp2_c33_w14_t489 33 1,29,18,31,22,23,7;0,29,15,5,7;14,28,16,25,30;7,20,21,11,14,23;6,27,26,20,17;1,15,24,9,26,7;4,27,22,23,14,30,17;0,1,5,26,20,3,23;10,19,13,12,28;5,24,18,29,15,27,26;8,19,20,32,16,28;3,14,12,13,21;8,13,11,14,28;8,12,11,21,19;2,28,12,11,3,23,6,30;1,5,24,27,9,29;2,25,32,10,28;4,20,32,25,30,6;0,29,9,24,31;8,10,20,21,13;3,7,26,4,17,32,10,19,21;3,20,19,13,11;0,23,6,27,31;0,22,6,14,3,7;5,9,18,31,27,15;2,30,17,32,16;4,20,7,5,9,27;4,6,22,31,24,15,9,26;2,14,12,8,10,16;0,1,15,9,18;2,25,17,6,14;0,22,27,24,18;10,16,25,17,20
rp2_c33_w14_t495 33 1,29,18,31,22,23,7;0,29,15,5,7;14,28,16,25,30;7,20,21,11,14,23;9,26,20,17,27;1,15,24,9,26,7;14,23,22,27,17,30;0,1,5,26,20,3,23;10,19,13,12,28;4,26,5,24,18,29,15,27;8,19,20,32,16,28;3,14,12,13,21;8,13,11,14,28;8,12,11,21,19;2,28,12,11,3,23,6,30;1,5,24,27,9,29;2,25,32,10,28;4,27,6,30,25,32,20;0,29,9,24,31;8,10,20,21,13;3,7,26,4,17,32,10,19,21;3,20,19,13,11;0,23,6,27,31;0,22,6,14,3,7;5,9,18,31,27,15;2,30,17,32,16;4,20,7,5,9;4,17,6,22,31,24,15,9;2,14,12,8,10,16;0,1,15,9,18;2,25,17,6,14;0,22,27,24,18;10,16,25,17,20
rp2_c33_w14_t511 33 1,29,18,31,22,23,7;0,29,15,5,7;14,28,16,25,30;7,20,21,11,14,23;6,27,15,9,26,20;1,15,24,9,26,7;4,27,22,23,14,30,17,20;0,1,5,26,20,3,23;10,19,13,12,28;4,26,5,24,18,29,15;8,19,20,32,16,28;3,14,12,13,21;8,13,11,14,28;8,12,11,21,19;2,28,12,11,3,23,6,30;1,5,24,27,4,9,29;2,25,32,10,28;6,30,25,32,20;0,29,9,24,31;8,10,20,21,13;3,7,26,4,6,17,32,10,19,21;3,20,19,13,11;0,23,6,27,31;0,22,6,14,3,7;5,9,18,31,27,15;2,30,17,32,16;4,20,7,5,9;4,6,22,31,24,15;2,14,12,8,10,16;0,1,15,9,18;2,25,17,6,14;0,22,27,24,18;10,16,25,17,20
rp2_c33_w14_t537 33 1,29,18,31,22,23,3,7;0,29,15,5,7;14,28,16,25,30;0,7,20,21,11,14,23;6,27,15,9,26,20,17;1,15,24,9,26,7;4,27,22,23,14,30,17;0,1,5,26,20,3;10,19,13,12,28;4,26,5,24,18,29,15;8,19,20,32,16,28;3,14,12,13,21;8,13,11,14,28;8,12,11,21,19;2,28,12,11,3,23,6,30;1,5,24,27,4,9,29;2,25,32,10,28;4,20,32,25,30,6;0,29,9,24,31;8,10,20,21,13;3,7,26,4,17,32,10,19,21;3,20,19,13,11;0,23,6,27,31;0,22,6,14,3;5,9,18,31,27,15;2,30,17,32,16;4,20,7,5,9;4,6,22,31,24,15;2,14,12,8,10,16;0,1,15,9,18;2,25,17,6,14;0,22,27,24,18;10,16,25,17,20
rp2_c33_w14_t538 33 1,29,18,31,22,23,7;0,29,15,5,7;14,28,16,25,30;7,20,21,11,14,23;6,27,15,29,9,26,20,17;1,15,24,9,26,7;4,27,22,23,14,30,17;0,1,5,26,20,3,23;10,19,13,12,28;4,26,5,24,18,29;8,19,20,32,16,28;3,14,12,13,21;8,13,11,14,28;8,12,11,21,19;2,28,12,11,3,23,6,30;1,5,24,27,4,29;2,25,32,10,28;4,20,32,25,30,6;0,29,9,24,31;8,10,20,21,13;3,7,26,4,17,32,10,19,21;3,20,19,13,11;0,23,6,27,31;0,22,6,14,3,7;5,9,18,31,27,15;2,30,17,32,16;4,20,7,5,9;4,6,22,31,24,15;2,14,12,8,10,16;0,1,15,4,9,18;2,25,17,6,14;0,22,27,24,18;10,16,25,17,20
rp2_c33_w14_t539 33 1,29,18,31,22,23,7;0,29,15,5,7;14,28,16,25,30;7,20,21,11,14,23;9,26,20,17,27,15;1,15,24,9,26,7;14,23,22,27,17,30;0,1,5,26,20,3,23;10,19,13,12,28;4,26,5,24,18,29,15;8,19,20,32,16,28;3,14,12,13,21;8,13,11,14,28;8,12,11,21,19;2,28,12,11,3,23,6,30;1,5,24,27,4,9,29;2,25,32,10,28;4,27,6,30,25,32,20;0,29,9,24,31;8,10,20,21,13;3,7,26,4,17,32,10,19,21;3,20,19,13,11;0,23,6,27,31;0,22,6,14,3,7;5,9,18,31,27,15;2,30,17,32,16;4,20,7,5,9;4,17,6,22,31,24,15;2,14,12,8,10,16;0,1,15,9,18;2,25,17,6,14;0,22,27,24,18;10,16,25,17,20
rp2_c33_w14_t562 33 1,29,18,31,22,23,7;0,29,15,5,7;14,28,16,25,30;7,20,21,11,14,23;6,27,9,26,17;1,15,24,9,26,7;4,27,22,23,14,30,17;0,1,5,26,20,3,23;10,19,13,12,28;4,26,5,24,18,29,15,27;8,19,20,32,16,28;3,14,12,13,21;8,13,11,14,28;8,12,11,21,19;2,28,12,11,3,23,6,30;1,5,24,27,9,29;2,25,32,10,28;4,26,20,32,25,30,6;0,29,9,24,31;8,10,20,21,13;3,7,26,17,32,10,19,21;3,20,19,13,11;0,23,6,27,31;0,22,6,14,3,7;5,9,18,31,27,15;2,30,17,32,16;4,17,20,7,5,9;4,6,22,31,24,15,9;2,14,12,8,10,16;0,1,15,9,18;2,25,17,6,14;0,22,27,24,18;10,16,25,17,20
rp2_c33_w14_t577 33 1,29,18,31,22,23,7;0,29,15,5,7;14,28,16,25,30;7,20,21,11,14,23;5,9,27,6,17,26;1,15,24,9,4,26,7;4,27,22,23,14,30,17;0,1,5,26,20,3,23;10,19,13,12,28;4,5,24,18,29,15,27;8,19,20,32,16,28;3,14,12,13,21;8,13,11,14,28;8,12,11,21,19;2,28,12,11,3,23,6,30;1,5,24,27,9,29;2,25,32,10,28;4,26,20,32,25,30,6;0,29,9,24,31;8,10,20,21,13;3,7,26,17,32,10,19,21;3,20,19,13,11;0,23,6,27,31;0,22,6,14,3,7;5,9,18,31,27,15;2,30,17,32,16;4,17,20,7,5;4,6,22,31,24,15,9;2,14,12,8,10,16;0,1,15,9,18;2,25,17,6,14;0,22,27,24,18;10,16,25,17,20
rp2_c33_w14_t580 33 1,29,18,31,22,23,7;0,29,15,5,7;14,28,16,25,30;7,20,21,11,14,23;6,27,9,26,17;1,15,24,26,7;4,27,22,23,14,30,17;0,1,5,26,20,3,23;10,19,13,12,28;4,26,24,18,29,15,27;8,19,20,32,16,28;3,14,12,13,21;8,13,11,14,28;8,12,11,21,19;2,28,12,11,3,23,6,30;1,5,24,27,9,29;2,25,32,10,28;4,26,20,32,25,30,6;0,29,9,24,31;8,10,20,21,13;3,7,26,17,32,10,19,21;3,20,19,13,11;0,23,6,27,31;0,22,6,14,3,7;5,26,9,18,31,27,15;2,30,17,32,16;4,17,20,7,5,24,9;4,6,22,31,24,15,9;2,14,12,8,10,16;0,1,15,9,18;2,25,17,6,14;0,22,27,24,18;10,16,25,17,20
rp2_c33_w14_t595 33 1,29,18,31,22,23,7;0,29,15,5,7;14,28,16,25,30;7,20,21,11,14,23;6,27,9,26,17;1,15,24,18,9,26,7;4,27,22,23,14,30,17;0,1,5,26,20,3,23;10,19,13,12,28;4,26,5,18,29,15,27;8,19,20,32,16,28;3,14,12,13,21;8,13,11,14,28;8,12,11,21,19;2,28,12,11,3,23,6,30;1,5,24,27,9,29;2,25,32,10,28;4,26,20,32,25,30,6;0,29,9,5,24,31;8,10,20,21,13;3,7,26,17,32,10,19,21;3,20,19,13,11;0,23,6,27,31;0,22,6,14,3,7;5,15,27,31,18;2,30,17,32,16;4,17,20,7,5,9;4,6,22,31,24,15,9;2,14,12,8,10,16;0,1,15,9,18;2,25,17,6,14;0,22,27,24,18;10,16,25,17,20
rp2_c33_w14_t607 33 1,29,18,31,22,23,7;0,29,15,5,7;14,28,16,25,30;7,20,21,11,14,23;6,27,9,26,17;1,15,24,9,26,7;4,27,22,23,14,30,17;0,1,5,26,17,20,3,23;10,19,13,12,28;4,26,5,24,18,29,15,27;8,19,20,32,16,28;3,14,12,13,21;8,13,11,14,28;8,12,11,21,19;2,28,12,11,3,23,6,30;1,5,24,27,9,29;2,25,32,10,28;4,26,7,20,32,25,30,6;0,29,9,24,31;8,10,20,21,13;3,7,17,32,10,19,21;3,20,19,13,11;0,23,6,27,31;0,22,6,14,3,7;5,9,18,31,27,15;2,30,17,32,16;4,17,7,5,9;4,6,22,31,24,15,9;2,14,12,8,10,16;0,1,15,9,18;2,25,17,6,14;0,22,27,24,18;10,16,25,17,20
rp2_c33_w14_t619 33 1,29,18,31,22,23,7;0,29,15,5,7;14,28,16,25,30;7,20,21,11,14,23;6,27,9,26,17;1,15,24,9,26,20,7;4,27,22,23,14,30,17;0,1,5,20,3,23;10,19,13,12,28;4,26,5,24,18,29,15,27;8,19,20,32,16,28;3,14,12,13,21;8,13,11,14,28;8,12,11,21,19;2,28,12,11,3,23,6,30;1,5,24,27,9,29;2,25,32,10,28;4,26,20,32,25,30,6;0,29,9,24,31;8,10,20,21,13;3,7,5,26,17,32,10,19,21;3,20,19,13,11;0,23,6,27,31;0,22,6,14,3,7;5,9,18,31,27,15;2,30,17,32,16;4,17,20,5,9;4,6,22,31,24,15,9;2,14,12,8,10,16;0,1,15,9,18;2,25,17,6,14;0,22,27,24,18;10,16,25,17,20
rp2_c33_w14_t635 33 1,29,18,31,22,23,3,7;0,29,15,5,7;14,28,16,25,30;0,7,20,21,11,14,23;6,27,9,26,17;1,15,24,9,26,7;4,27,22,23,14,30,17;0,1,5,26,20,3;10,19,13,12,28;4,26,5,24,18,29,15,27;8,19,20,32,16,28;3,14,12,13,21;8,13,11,14,28;8,12,11,21,19;2,28,12,11,3,23,6,30;1,5,24,27,9,29;2,25,32,10,28;4,26,20,32,25,30,6;0,29,9,24,31;8,10,20,21,13;3,7,26,17,32,10,19,21;3,20,19,13,11;0,23,6,27,31;0,22,6,14,3;5,9,18,31,27,15;2,30,17,32,16;4,17,20,7,5,9;4,6,22,31,24,15,9;2,14,12,8,10,16;0,1,15,9,18;2,25,17,6,14;0,22,27,24,18;10,16,25,17,20
rp2_c33_w14_t639 33 1,29,18,31,22,23;0,29,15,5,7,23;14,28,16,25,30;7,20,21,11,14,23;6,27,9,26,17;1,15,24,9,26,7;4,27,22,23,14,30,17;1,5,26,20,3,23;10,19,13,12,28;4,26,5,24,18,29,15,27;8,19,20,32,16,28;3,14,12,13,21;8,13,11,14,28;8,12,11,21,19;2,28,12,11,3,23,6,30;1,5,24,27,9,29;2,25,32,10,28;4,26,20,32,25,30,6;0,29,9,24,31;8,10,20,21,13;3,7,26,17,32,10,19,21;3,20,19,13,11;0,23,6,27,31;0,22,6,14,3,7,1;5,9,18,31,27,15;2,30,17,32,16;4,17,20,7,5,9;4,6,22,31,24,15,9;2,14,12,8,10,16;0,1,15,9,18;2,25,17,6,14;0,22,27,24,18;10,16,25,17,20
rp2_c33_w14_t643 33 1,29,18,31,22,23,7;0,29,15,5,7;14,28,16,25,30;7,20,21,11,14,23;6,27,9,26,17;1,15,24,9,7;4,27,22,23,14,30,17;0,1,5,9,26,20,3,23;10,19,13,12,28;4,26,7,5,24,18,29,15,27;8,19,20,32,16,28;3,14,12,13,21;8,13,11,14,28;8,12,11,21,19;2,28,12,11,3,23,6,30;1,5,24,27,9,29;2,25,32,10,28;4,26,20,32,25,30,6;0,29,9,24,31;8,10,20,21,13;3,7,26,17,32,10,19,21;3,20,19,13,11;0,23,6,27,31;0,22,6,14,3,7;5,9,18,31,27,15;2,30,17,32,16;4,17,20,7,9;4,6,22,31,24,15,9;2,14,12,8,10,16;0,1,15,9,18;2,25,17,6,14;0,22,27,24,18;10,16,25,17,20
rp2_c33_w14_t650 33 1,29,18,31,22,23,7;0,29,15,5,7;14,28,16,25,30;7,20,21,11,14,23;6,27,9,26,17;1,15,24,9,26,7;4,27,22,23,14,30,17;0,1,5,26,20,3,23;10,19,13,12,28;4,26,5,24,18,29,15,27;8,19,20,32,16,28;3,14,12,13,21;8,13,11,14,28;8,12,11,21,19;2,28,12,11,3,23,6,30;1,5,24,31,27,9,29;2,25,32,10,28;4,26,20,32,25,30,6;0,29,9,24,31;8,10,20,21,13;3,7,26,17,32,10,19,21;3,20,19,13,11;0,23,6,27,31;0,22,6,14,3,7;5,9,18,31,15;2,30,17,32,16;4,17,20,7,5,9;4,6,22,31,15,9;2,14,12,8,10,16;0,1,15,9,18;2,25,17,6,14;0,22,27,15,24,18;10,16,25,17,20
rp2_c33_w14_t712 33 1,29,18,31,22,23,7;0,29,15,5,26,7;14,28,16,25,30;7,20,21,11,14,23;6,27,9,26,17;1,15,24,9,26;4,27,22,23,14,30,17;0,1,26,20,3,23;10,19,13,12,28;4,26,5,24,18,29,15,27;8,19,20,32,16,28;3,14,12,13,21;8,13,11,14,28;8,12,11,21,19;2,28,12,11,3,23,6,30;1,5,24,27,9,29;2,25,32,10,28;4,26,20,32,25,30,6;0,29,9,24,31;8,10,20,21,13;3,7,26,17,32,10,19,21;3,20,19,13,11;0,23,6,27,31;0,22,6,14,3,7;5,9,18,31,27,15;2,30,17,32,16;1,5,9,4,17,20,7;4,6,22,31,24,15,9;2,14,12,8,10,16;0,1,15,9,18;2,25,17,6,14;0,22,27,24,18;10,16,25,17,20
rp2_c33_w14_t770 33 1,29,18,31,22,23,7;0,29,15,5,7;14,28,16,25,30;7,20,21,11,14,23;6,27,9,26,20,17;1,15,24,9,26,7;4,27,22,23,14,30,17;0,1,5,26,20,3,23;10,19,13,12,28;4,26,5,24,18,29,15,27;8,19,20,32,16,28;3,14,12,13,21;8,13,11,14,28;8,12,11,21,19;2,28,12,11,3,23,6,30;1,5,24,27,9,29;2,25,32,10,28;4,20,32,25,30,6;0,29,9,24,31;8,10,20,21,13;3,7,26,4,17,32,10,19,21;3,20,19,13,11;0,23,6,27,31;0,22,6,14,3,7;5,9,18,31,27,15;2,30,17,32,16;4,9,5,7,20;4,6,22,31,24,15,9;2,14,12,8,10,16;0,1,15,9,18;2,25,17,6,14;0,22,27,24,18;10,16,25,17,20
rp2_c33_w14_t800 33 1,29,18,31,22,23,7;0,29,15,24,5,7;14,28,16,25,30;7,20,21,11,14,23;6,27,9,26,17;1,24,9,26,7;4,27,22,23,14,30,17;0,1,5,26,20,3,23;10,19,13,12,28;4,26,5,24,18,29,15,27;8,19,20,32,16,28;3,14,12,13,21;8,13,11,14,28;8,12,11,21,19;2,28,12,11,3,23,6,30;1,29,9,27,24;2,25,32,10,28;4,26,20,32,25,30,6;0,29,9,24,31;8,10,20,21,13;3,7,26,17,32,10,19,21;3,20,19,13,11;0,23,6,27,31;0,22,6,14,3,7;1,5,9,18,31,27,15;2,30,17,32,16;4,17,20,7,5,9;4,6,22,31,24,15,9;2,14,12,8,10,16;0,1,15,9,18;2,25,17,6,14;0,22,27,24,18;10,16,25,17,20
rp2_c33_w14_t872 33 1,29,18,31,22,23,7;0,29,15,5,7;14,28,16,25,30;7,20,21,11,14,23;6,27,15,9,26,17;1,15,24,9,26,7;4,27,22,23,14,30,17;0,1,5,26,20,3,23;10,19,13,12,28;4,26,5,24,18,29,15;8,19,20,32,16,28;3,14,12,13,21;8,13,11,14,28;8,12,11,21,19;2,28,12,11,3,23,6,30;1,5,24,27,4,9,29;2,25,32,10,28;4,26,20,32,25,30,6;0,29,9,24,31;8,10,20,21,13;3,7,26,17,32,10,19,21;3,20,19,13,11;0,23,6,27,31;0,22,6,14,3,7;5,9,18,31,27,15;2,30,17,32,16;4,17,20,7,5,9;4,6,22,31,24,15;2,14,12,8,10,16;0,1,15,9,18;2,25,17,6,14;0,22,27,24,18;10,16,25,17,20
rp2_c33_w14_t873 33 1,29,18,31,22,23,7;0,29,15,5,7;14,28,16,25,30;7,20,21,11,14,23;5,9,15,27,6,17,26;1,15,24,9,4,26,7;4,27,22,23,14,30,17;0,1,5,26,20,3,23;10,19,13,12,28;4,5,24,18,29,15;8,19,20,32,16,28;3,14,12,13,21;8,13,11,14,28;8,12,11,21,19;2,28,12,11,3,23,6,30;1,5,24,27,4,9,29;2,25,32,10,28;4,26,20,32,25,30,6;0,29,9,24,31;8,10,20,21,13;3,7,26,17,32,10,19,21;3,20,19,13,11;0,23,6,27,31;0,22,6,14,3,7;5,9,18,31,27,15;2,30,17,32,16;4,17,20,7,5;4,6,22,31,24,15;2,14,12,8,10,16;0,1,15,9,18;2,25,17,6,14;0,22,27,24,18;10,16,25,17,20
rp2_c33_w14_t874 33 1,29,18,31,22,23,7;0,29,15,5,7;14,28,16,25,30;7,20,21,11,14,23;6,22,27,15,9,26,17;1,15,24,9,26,7;4,22,23,14,30,17;0,1,5,26,20,3,23;10,19,13,12,28;4,26,5,24,18,29,15;8,19,20,32,16,28;3,14,12,13,21;8,13,11,14,28;8,12,11,21,19;2,28,12,11,3,23,6,30;1,5,24,27,4,9,29;2,25,32,10,28;4,26,20,32,25,30,6;0,29,9,24,31;8,10,20,21,13;3,7,26,17,32,10,19,21;3,20,19,13,11;0,23,6,4,27,31;0,22,6,14,3,7;5,9,18,31,27,15;2,30,17,32,16;4,17,20,7,5,9;4,22,31,24,15;2,14,12,8,10,16;0,1,15,9,18;2,25,17,6,14;0,22,27,24,18;10,16,25,17,20
rp2_c33_w14_t876 33 1,29,18,31,22,23;0,29,15,5,7,23;14,28,16,25,30;7,20,21,11,14,23;6,27,15,9,26,17;1,15,24,9,26,7;4,27,22,23,14,30,17;1,5,26,20,3,23;10,19,13,12,28;4,26,5,24,18,29,15;8,19,20,32,16,28;3,14,12,13,21;8,13,11,14,28;8,12,11,21,19;2,28,12,11,3,23,6,30;1,5,24,27,4,9,29;2,25,32,10,28;4,26,20,32,25,30,6;0,29,9,24,31;8,10,20,21,13;3,7,26,17,32,10,19,21;3,20,19,13,11;0,23,6,27,31;0,22,6,14,3,7,1;5,9,18,31,27,15;2,30,17,32,16;4,17,20,7,5,9;4,6,22,31,24,15;2,14,12,8,10,16;0,1,15,9,18;2,25,17,6,14;0,22,27,24,18;10,16,25,17,20
rp2_c33_w14_t882 33 1,29,18,31,22,23,7;0,29,15,24,5,7;14,28,16,25,30;7,20,21,11,14,23;6,27,15,9,26,17;1,24,9,26,7;4,27,22,23,14,30,17;0,1,5,26,20,3,23;10,19,13,12,28;4,26,5,24,18,29,15;8,19,20,32,16,28;3,14,12,13,21;8,13,11,14,28;8,12,11,21,19;2,28,12,11,3,23,6,30;1,29,9,4,27,24;2,25,32,10,28;4,26,20,32,25,30,6;0,29,9,24,31;8,10,20,21,13;3,7,26,17,32,10,19,21;3,20,19,13,11;0,23,6,27,31;0,22,6,14,3,7;1,5,9,18,31,27,15;2,30,17,32,16;4,17,20,7,5,9;4,6,22,31,24,15;2,14,12,8,10,16;0,1,15,9,18;2,25,17,6,14;0,22,27,24,18;10,16,25,17,20
rp2_c33_w14_t883 33 1,29,18,31,22,23,7;0,29,15,5,7;14,28,16,25,30;7,21,11,14,23;6,27,15,9,26,17;1,15,24,9,26,7;4,27,22,23,14,30,17;0,1,5,26,20,21,3,23;10,19,13,12,28;4,26,5,24,18,29,15;8,19,20,32,16,28;3,14,12,13,21;8,13,11,14,28;8,12,11,21,19;2,28,12,11,3,23,6,30;1,5,24,27,4,9,29;2,25,32,10,28;4,26,20,32,25,30,6;0,29,9,24,31;8,10,20,21,13;7,21,19,10,32,17,26;3,7,20,19,13,11;0,23,6,27,31;0,22,6,14,3,7;5,9,18,31,27,15;2,30,17,32,16;4,17,20,7,5,9;4,6,22,31,24,15;2,14,12,8,10,16;0,1,15,9,18;2,25,17,6,14;0,22,27,24,18;10,16,25,17,20
rp2_c33_w14_t885 33 1,29,18,31,22,23,7;0,29,15,5,7;14,28,16,25,30;7,20,21,11,14,23;6,27,15,9,26,17;1,15,24,9,26,20,7;4,27,22,23,14,30,17;0,1,5,20,3,23;10,19,13,12,28;4,26,5,24,18,29,15;8,19,20,32,16,28;3,14,12,13,21;8,13,11,14,28;8,12,11,21,19;2,28,12,11,3,23,6,30;1,5,24,27,4,9,29;2,25,32,10,28;4,26,20,32,25,30,6;0,29,9,24,31;8,10,20,21,13;3,7,5,26,17,32,10,19,21;3,20,19,13,11;0,23,6,27,31;0,22,6,14,3,7;5,9,18,31,27,15;2,30,17,32,16;4,17,20,5,9;4,6,22,31,24,15;2,14,12,8,10,16;0,1,15,9,18;2,25,17,6,14;0,22,27,24,18;10,16,25,17,20
rp2_c33_w14_t892 33 1,29,18,31,22,23,7;0,29,15,5,7;14,28,16,25,30;7,20,21,11,14,23;6,27,15,26,17;1,15,24,9,26,7;4,27,22,23,14,30,17;0,1,5,26,20,3,23;10,19,13,12,28;5,24,18,29,15,26;8,19,20,32,16,28;3,14,12,13,21;8,13,11,14,28;8,12,11,21,19;2,28,12,11,3,23,6,30;1,5,24,27,4,26,9,29;2,25,32,10,28;4,26,20,32,25,30,6;0,29,9,24,31;8,10,20,21,13;3,7,26,17,32,10,19,21;3,20,19,13,11;0,23,6,27,31;0,22,6,14,3,7;5,9,18,31,27,15;2,30,17,32,16;4,17,20,7,5,9,15;4,6,22,31,24,15;2,14,12,8,10,16;0,1,15,9,18;2,25,17,6,14;0,22,27,24,18;10,16,25,17,20
rp2_c33_w14_t941 33 1,29,18,31,22,23,7;0,29,15,5,7;14,28,16,25,30;7,20,21,11,23;6,27,15,9,26,17;1,15,24,9,26,7;4,27,22,23,14,30,17;0,1,5,26,20,3,23;10,19,13,12,28;4,26,5,24,18,29,15;8,19,20,32,16,28;3,23,14,12,13,21;8,13,11,14,28;8,12,11,21,19;2,28,12,11,23,6,30;1,5,24,27,4,9,29;2,25,32,10,28;4,26,20,32,25,30,6;0,29,9,24,31;8,10,20,21,13;3,7,26,17,32,10,19,21;3,20,19,13,11;0,23,6,27,31;0,22,6,14,11,3,7;5,9,18,31,27,15;2,30,17,32,16;4,17,20,7,5,9;4,6,22,31,24,15;2,14,12,8,10,16;0,1,15,9,18;2,25,17,6,14;0,22,27,24,18;10,16,25,17,20
rp2_c33_w14_t942 33 1,29,18,31,22,23,7;0,29,15,5,7;14,28,16,25,30;7,20,21,11,14,23;6,27,15,9,26,17;1,15,24,9,26,7;4,27,22,23,14,30,17;0,1,5,26,20,3,23;10,19,13,12,28;4,26,5,24,18,29,15;8,19,20,32,16,28;3,14,12,13,21;8,13,11,14,28;8,12,11,21,19;2,28,12,11,3,23,6,30;1,5,24,31,27,4,9,29;2,25,32,10,28;4,26,20,32,25,30,6;0,29,9,24,31;8,10,20,21,13;3,7,26,17,32,10,19,21;3,20,19,13,11;0,23,6,27,31;0,22,6,14,3,7;5,9,18,31,15;2,30,17,32,16;4,17,20,7,5,9;4,6,22,31,15;2,14,12,8,10,16;0,1,15,9,18;2,25,17,6,14;0,22,27,15,24,18;10,16,25,17,20
rp2_c33_w14_t944 33 1,29,18,31,22,23,7;0,29,15,5,7;14,28,16,25,30;7,20,21,11,14,23;9,26,17,27,15;1,15,24,9,26,7;14,23,22,27,17,30;0,1,5,26,20,3,23;10,19,13,12,28;4,26,5,24,18,29,15;8,19,20,32,16,28;3,14,12,13,21;8,13,11,14,28;8,12,11,21,19;2,28,12,11,3,23,6,30;1,5,24,27,4,9,29;2,25,32,10,28;4,27,6,30,25,32,20,26;0,29,9,24,31;8,10,20,21,13;3,7,26,17,32,10,19,21;3,20,19,13,11;0,23,6,27,31;0,22,6,14,3,7;5,9,18,31,27,15;2,30,17,32,16;4,17,20,7,5,9;4,17,6,22,31,24,15;2,14,12,8,10,16;0,1,15,9,18;2,25,17,6,14;0,22,27,24,18;10,16,25,17,20
rp2_c33_w14_t946 33 1,29,18,31,22,23,7;0,29,15,5,7;14,28,16,25,30;7,20,21,11,14,23;6,27,15,29,9,26,17;1,15,24,9,26,7;4,27,22,23,14,30,17;0,1,5,26,20,3,23;10,19,13,12,28;4,26,5,24,18,29;8,19,20,32,16,28;3,14,12,13,21;8,13,11,14,28;8,12,11,21,19;2,28,12,11,3,23,6,30;1,5,24,27,4,29;2,25,32,10,28;4,26,20,32,25,30,6;0,29,9,24,31;8,10,20,21,13;3,7,26,17,32,10,19,21;3,20,19,13,11;0,23,6,27,31;0,22,6,14,3,7;5,9,18,31,27,15;2,30,17,32,16;4,17,20,7,5,9;4,6,22,31,24,15;2,14,12,8,10,16;0,1,15,4,9,18;2,25,17,6,14;0,22,27,24,18;10,16,25,17,20
rp2_c33_w14_t950 33 1,29,18,31,22,23,7;0,29,15,5,7;14,28,16,25,30;7,20,21,11,14,23;6,27,15,9,26,17;1,15,24,9,26,7;4,27,22,23,30,17;0,1,5,26,20,3,23;10,19,13,12,28;4,26,5,24,18,29,15;8,19,20,32,16,28;3,14,12,13,21;8,13,11,14,28;8,12,11,21,19;2,28,12,11,3,23,30;1,5,24,27,4,9,29;2,25,32,10,28;4,26,20,32,25,30,6;0,29,9,24,31;8,10,20,21,13;3,7,26,17,32,10,19,21;3,20,19,13,11;0,23,6,27,31;0,22,6,30,14,3,7;5,9,18,31,27,15;2,30,17,32,16;4,17,20,7,5,9;4,6,22,31,24,15;2,14,12,8,10,16;0,1,15,9,18;2,25,17,6,23,14;0,22,27,24,18;10,16,25,17,20
rp2_c33_w14_t961 33 1,29,18,31,22,23,7;0,29,15,5,7;14,28,16,25,30;7,20,21,11,14,23;6,27,15,9,26,17;1,15,24,9,26,7;4,27,22,23,14,30,17;0,1,5,26,17,20,3,23;10,19,13,12,28;4,26,5,24,18,29,15;8,19,20,32,16,28;3,14,12,13,21;8,13,11,14,28;8,12,11,21,19;2,28,12,11,3,23,6,30;1,5,24,27,4,9,29;2,25,32,10,28;4,26,7,20,32,25,30,6;0,29,9,24,31;8,10,20,21,13;3,7,17,32,10,19,21;3,20,19,13,11;0,23,6,27,31;0,22,6,14,3,7;5,9,18,31,27,15;2,30,17,32,16;4,17,7,5,9;4,6,22,31,24,15;2,14,12,8,10,16;0,1,15,9,18;2,25,17,6,14;0,22,27,24,18;10,16,25,17,20
rp2_c33_w14_t962 33 1,29,18,31,22,23,7;0,29,15,5,7;14,28,16,25,30;7,20,21,11,14,23;6,27,24,15,9,26,17;1,15,24,9,26,7;4,27,22,23,14,30,17;0,1,5,26,20,3,23;10,19,13,12,28;4,26,5,24,18,29,15;8,19,20,32,16,28;3,14,12,13,21;8,13,11,14,28;8,12,11,21,19;2,28,12,11,3,23,6,30;1,5,24,4,9,29;2,25,32,10,28;4,26,20,32,25,30,6;0,29,9,24,31;8,10,20,21,13;3,7,26,17,32,10,19,21;3,20,19,13,11;0,23,6,27,31;0,22,6,14,3,7;4,15,5,9,18,31,27;2,30,17,32,16;4,17,20,7,5,9;4,6,22,31,24;2,14,12,8,10,16;0,1,15,9,18;2,25,17,6,14;0,22,27,24,18;10,16,25,17,20
rp2_c33_w14_t973 33 1,29,18,31,22,23,7;0,29,15,5,7;14,28,16,25,30;7,20,21,11,14,23;6,27,15,9,26,17,30;1,15,24,9,26,7;4,27,22,23,14,30;0,1,5,26,20,3,23;10,19,13,12,28;4,26,5,24,18,29,15;8,19,20,32,16,28;3,14,12,13,21;8,13,11,14,28;8,12,11,21,19;2,28,12,11,3,23,6,30;1,5,24,27,4,9,29;2,25,32,10,28;4,26,20,32,25,30;0,29,9,24,31;8,10,20,21,13;3,7,26,17,32,10,19,21;3,20,19,13,11;0,23,6,27,31;0,22,6,14,3,7;5,9,18,31,27,15;2,30,17,32,16;4,17,20,7,5,9;4,6,22,31,24,15;2,14,12,8,10,16;0,1,15,9,18;2,25,17,4,6,14;0,22,27,24,18;10,16,25,17,20
rp2_c33_w14_t979 33 1,29,18,31,22,23,7;0,29,15,5,7;14,28,16,25,30;7,20,21,11,14,23;6,27,15,9,26,20,17;1,15,24,9,26,7;4,27,22,23,14,30,17;0,1,5,26,20,3,23;10,19,13,12,28;4,26,5,24,18,29,15;8,19,20,32,16,28;3,14,12,13,21;8,13,11,14,28;8,12,11,21,19;2,28,12,11,3,23,6,30;1,5,24,27,4,9,29;2,25,32,10,28;4,20,32,25,30,6;0,29,9,24,31;8,10,20,21,13;3,7,26,4,17,32,10,19,21;3,20,19,13,11;0,23,6,27,31;0,22,6,14,3,7;5,9,18,31,27,15;2,30,17,32,16;4,9,5,7,20;4,6,22,31,24,15;2,14,12,8,10,16;0,1,15,9,18;2,25,17,6,14;0,22,27,24,18;10,16,25,17,20
rp2_c33_w14_t994 33 1,29,18,31,22,23,7;0,29,15,5,7;14,28,16,25,30;7,20,21,11,14,23;6,27,15,9,26,17;1,15,24,18,9,26,7;4,27,22,23,14,30,17;0,1,5,26,20,3,23;10,19,13,12,28;4,26,5,18,29,15;8,19,20,32,16,28;3,14,12,13,21;8,13,11,14,28;8,12,11,21,19;2,28,12,11,3,23,6,30;1,5,24,27,4,9,29;2,25,32,10,28;4,26,20,32,25,30,6;0,29,9,5,24,31;8,10,20,21,13;3,7,26,17,32,10,19,21;3,20,19,13,11;0,23,6,27,31;0,22,6,14,3,7;5,15,27,31,18;2,30,17,32,16;4,17,20,7,5,9;4,6,22,31,24,15;2,14,12,8,10,16;0,1,15,9,18;2,25,17,6,14;0,22,27,24,18;10,16,25,17,20
rp2_c33_w14_t1013 33 1,29,18,31,22,23,7;0,29,15,5,7;14,28,16,25,30;7,20,21,11,14,23;6,27,15,9,26;1,15,24,9,26,7;4,27,22,23,14,30,17,26;0,1,5,26,20,3,23;10,19,13,12,28;4,26,5,24,18,29,15;8,19,20,32,16,28;3,14,12,13,21;8,13,11,14,28;8,12,11,21,19;2,28,12,11,3,23,6,30;1,5,24,27,4,9,29;2,25,32,10,28;6,30,25,32,20,26;0,29,9,24,31;8,10,20,21,13;3,7,26,17,32,10,19,21;3,20,19,13,11;0,23,6,27,31;0,22,6,14,3,7;5,9,18,31,27,15;2,30,17,32,16;4,6,17,20,7,5,9;4,6,22,31,24,15;2,14,12,8,10,16;0,1,15,9,18;2,25,17,6,14;0,22,27,24,18;10,16,25,17,20
rp2_c33_w14_t1044 33 1,29,18,31,22,23,3,7;0,29,15,5,7;14,28,16,25,30;0,7,20,21,11,14,23;6,27,15,9,26,17;1,15,24,9,26,7;4,27,22,23,14,30,17;0,1,5,26,20,3;10,19,13,12,28;4,26,5,24,18,29,15;8,19,20,32,16,28;3,14,12,13,21;8,13,11,14,28;8,12,11,21,19;2,28,12,11,3,23,6,30;1,5,24,27,4,9,29;2,25,32,10,28;4,26,20,32,25,30,6;0,29,9,24,31;8,10,20,21,13;3,7,26,17,32,10,19,21;3,20,19,13,11;0,23,6,27,31;0,22,6,14,3;5,9,18,31,27,15;2,30,17,32,16;4,17,20,7,5,9;4,6,22,31,24,15;2,14,12,8,10,16;0,1,15,9,18;2,25,17,6,14;0,22,27,24,18;10,16,25,17,20
rp2_c33_w14_t1049 33 1,29,18,31,22,23,7;0,29,15,5,7;14,28,16,25,30;7,20,21,11,14,23;6,15,9,26,17;1,15,24,9,26,7;4,15,27,22,23,14,30,17;0,1,5,26,20,3,23;10,19,13,12,28;4,26,5,24,18,29,15;8,19,20,32,16,28;3,14,12,13,21;8,13,11,14,28;8,12,11,21,19;2,28,12,11,3,23,6,30;1,5,24,27,6,4,9,29;2,25,32,10,28;4,26,20,32,25,30,6;0,29,9,24,31;8,10,20,21,13;3,7,26,17,32,10,19,21;3,20,19,13,11;0,23,6,27,31;0,22,6,14,3,7;5,9,18,31,27,15;2,30,17,32,16;4,17,20,7,5,9;6,22,31,24,15;2,14,12,8,10,16;0,1,15,9,18;2,25,17,6,14;0,22,27,24,18;10,16,25,17,20
rp2_c33_w14_t1098 33 1,29,18,31,22,23,7;0,29,15,5,7;14,28,16,25,30;7,20,21,11,14,23;6,27,9,26,17;1,15,24,9,26,7;4,27,22,23,14,30,17;0,1,5,26,20,3,23;10,19,13,12,28;4,26,5,24,18,29,27;8,19,20,32,16,28;3,14,12,13,21;8,13,11,14,28;8,12,11,21,19;2,28,12,11,3,23,6,30;1,5,24,27,29;2,25,32,10,28;4,26,20,32,25,30,6;0,29,9,24,31;8,10,20,21,13;3,7,26,17,32,10,19,21;3,20,19,13,11;0,23,6,27,31;0,22,6,14,3,7;5,9,18,31,27,15;2,30,17,32,16;4,17,20,7,5,9;4,6,22,31,24,15,29,9;2,14,12,8,10,16;0,1,15,27,9,18;2,25,17,6,14;0,22,27,24,18;10,16,25,17,20
rp2_c33_w14_t1290 33 1,29,18,31,22,23,7;0,29,15,5,7;14,28,16,25,30;7,20,21,11,14,23;6,27,15,9,26,17;1,15,24,9,7;4,27,22,23,14,30,17;0,1,5,9,26,20,3,23;10,19,13,12,28;4,26,7,5,24,18,29,15;8,19,20,32,16,28;3,14,12,13,21;8,13,11,14,28;8,12,11,21,19;2,28,12,11,3,23,6,30;1,5,24,27,4,9,29;2,25,32,10,28;4,26,20,32,25,30,6;0,29,9,24,31;8,10,20,21,13;3,7,26,17,32,10,19,21;3,20,19,13,11;0,23,6,27,31;0,22,6,14,3,7;5,9,18,31,27,15;2,30,17,32,16;4,17,20,7,9;4,6,22,31,24,15;2,14,12,8,10,16;0,1,15,9,18;2,25,17,6,14;0,22,27,24,18;10,16,25,17,20
rp2_c33_w14_t1648 33 1,29,18,31,22,23,7;0,29,15,5,7;14,28,16,25,30;7,20,21,11,14,23;6,27,15,9,26,17;1,15,27,24,9,26,7;4,27,22,23,14,30,17;0,1,5,26,20,3,23;10,19,13,12,28;4,26,5,24,18,29,15;8,19,20,32,16,28;3,14,12,13,21;8,13,11,14,28;8,12,11,21,19;2,28,12,11,3,23,6,30;1,5,27,4,9,29;2,25,32,10,28;4,26,20,32,25,30,6;0,29,9,24,31;8,10,20,21,13;3,7,26,17,32,10,19,21;3,20,19,13,11;0,23,6,27,31;0,22,6,14,3,7;5,9,18,31,27;2,30,17,32,16;4,17,20,7,5,9;4,6,22,31,24,5,15;2,14,12,8,10,16;0,1,15,9,18;2,25,17,6,14;0,22,27,24,18;10,16,25,17,20
rp2_c33_w14_t1666 33 1,29,18,31,22,23,7;0,29,15,5,7;14,28,16,25,30;7,20,21,11,14,23;6,27,15,9,17;1,15,24,9,26,7;4,27,22,23,14,30,17;0,1,5,26,20,3,23;10,19,13,12,28;4,17,26,5,24,18,29,15;8,19,20,32,16,28;3,14,12,13,21;8,13,11,14,28;8,12,11,21,19;2,28,12,11,3,23,6,30;1,5,24,27,4,9,29;2,25,32,10,28;4,9,26,20,32,25,30,6;0,29,9,24,31;8,10,20,21,13;3,7,26,17,32,10,19,21;3,20,19,13,11;0,23,6,27,31;0,22,6,14,3,7;5,9,18,31,27,15;2,30,17,32,16;5,7,20,17,9;4,6,22,31,24,15;2,14,12,8,10,16;0,1,15,9,18;2,25,17,6,14;0,22,27,24,18;10,16,25,17,20
rp2_c33_w14_t1701 33 1,29,18,31,22,23,7;0,29,15,5,7;14,28,16,25,30;7,20,21,11,14,23;6,27,15,9,26,17;1,15,24,26,7;4,27,22,23,14,30,17;0,1,5,26,20,3,23;10,19,13,12,28;4,26,24,18,29,15;8,19,20,32,16,28;3,14,12,13,21;8,13,11,14,28;8,12,11,21,19;2,28,12,11,3,23,6,30;1,5,24,27,4,9,29;2,25,32,10,28;4,26,20,32,25,30,6;0,29,9,24,31;8,10,20,21,13;3,7,26,17,32,10,19,21;3,20,19,13,11;0,23,6,27,31;0,22,6,14,3,7;5,26,9,18,31,27,15;2,30,17,32,16;4,17,20,7,5,24,9;4,6,22,31,24,15;2,14,12,8,10,16;0,1,15,9,18;2,25,17,6,14;0,22,27,24,18;10,16,25,17,20
rp2_c33_w14_t1726 33 1,29,18,31,22,23,7;0,29,15,5,26,7;14,28,16,25,30;7,20,21,11,14,23;6,27,15,9,26,17;1,15,24,9,26;4,27,22,23,14,30,17;0,1,26,20,3,23;10,19,13,12,28;4,26,5,24,18,29,15;8,19,20,32,16,28;3,14,12,13,21;8,13,11,14,28;8,12,11,21,19;2,28,12,11,3,23,6,30;1,5,24,27,4,9,29;2,25,32,10,28;4,26,20,32,25,30,6;0,29,9,24,31;8,10,20,21,13;3,7,26,17,32,10,19,21;3,20,19,13,11;0,23,6,27,31;0,22,6,14,3,7;5,9,18,31,27,15;2,30,17,32,16;1,5,9,4,17,20,7;4,6,22,31,24,15;2,14,12,8,10,16;0,1,15,9,18;2,25,17,6,14;0,22,27,24,18;10,16,25,17,20
rp2_c33_w15_t611 25 2,10,6,23,21,5,14;10,20,23,15,16;0,10,3,11,14;2,10,16,7,4,24,13,11;3,24,19,12,7;0,21,8,9,14;0,10,20,17,15,23;3,4,12,21,15,16;5,21,18,22,13,9;5,14,11,13,8;0,2,3,16,1,20,6;2,3,13,9,14;4,7,21,18,19;3,11,9,8,22,24;0,2,11,9,5;1,23,6,17,21,7,16;1,10,3,7,15;6,15,21,23,20;8,21,12,19,22;4,24,22,18,12;1,23,17,6,10;0,5,8,18,12,7,15,17,23;8,18,19,24,13;0,21,17,20,1,15,6;3,4,19,22,13
rp2_c33_w15_t619 25 2,10,20,6,23,21,5,14;10,20,23,15,16;0,10,3,11,14;2,10,16,7,4,24,13,11;3,24,19,12,7;0,21,8,9,14;0,20,17,15,23;3,4,12,21,15,16;5,21,18,22,13,9;5,14,11,13,8;0,2,3,16,1,20;2,3,13,9,14;4,7,21,18,19;3,11,9,8,22,24;0,2,11,9,5;1,23,6,17,21,7,16;1,10,3,7,15;6,15,21,23,20;8,21,12,19,22;4,24,22,18,12;0,6,17,23,1,10;0,5,8,18,12,7,15,17,23;8,18,19,24,13;0,21,17,20,1,15,6;3,4,19,22,13
rp2_c33_w16_t581 24 2,12,19,15,10,21;4,8,9,22,11;0,12,8,4,20,17,21;6,11,9,8,12,19;1,8,2,20,14,16,11;13,17,20,14,23;3,11,22,16,23,13,18,15,19;10,18,13,17,21;1,4,2,12,3,9;1,22,16,11,3,8;0,15,18,7,21;1,22,6,3,9,16,4;0,2,8,3,19;5,17,7,18,6,23;4,16,23,5,20;0,10,18,6,19;4,11,9,22,6,23,14;2,20,5,13,7,21;6,15,10,7,13;0,12,3,6,15;2,4,14,5,17;0,2,17,7,10;1,11,6,16,9;5,13,6,16,14
rp2_c33_w24_t321 24 2,14,13,9,15,3;5,19,9,12,22,23;0,14,8,17,7,23,21,3;0,2,21,10,15;8,11,18,16,14;1,19,10,21,23;11,17,16,22,23,20,18;2,17,16,20,23;2,14,4,11,17;0,13,12,1,19,15;3,21,5,19,15;4,8,17,6,18;1,9,13,16,22;0,9,12,16,14;0,2,8,4,16,13;0,9,19,10,3;4,14,13,12,22,6,17,7,20,18;2,7,16,6,11,8;4,11,6,20,16;1,5,10,15,9;6,18,16,7,23;2,3,10,5,23;1,12,16,6,23;1,5,21,2,7,20,6,22
rp2_c33_w25_t764 24 2,9,20,10,4;5,13,18,11,15,19,22,21,12;0,9,13,7,16,3,19,4;2,19,23,11,16;0,10,22,19,2;1,13,9,20,6,12;5,12,8,14,20;2,13,18,15,16;6,12,21,17,14;0,2,13,5,20;0,4,22,17,14,20;1,15,16,3,23,18;1,5,6,8,21;1,5,9,2,7,18;6,20,10,17,8;1,11,16,7,18,23,19;2,3,11,15,7;8,21,22,10,14;1,11,23,15,7,13;1,15,23,3,2,4,22;0,10,14,6,5,9;1,22,17,8,12;1,19,4,10,17,21;3,19,15,18,11
rp2_c33_w25_t814 24 2,9,20,10,4;5,13,18,11,19,22,21,12;0,9,13,7,16,3,19,4;2,19,23,11,16;0,10,22,19,2;1,13,9,20,6,12;5,12,8,14,20;2,13,18,15,16;6,12,21,17,14;0,2,13,5,20;0,4,22,17,14,20;1,19,15,16,3,23,18;1,5,6,8,21;1,5,9,2,7,18;6,20,10,17,8;7,16,11,19,23,18;2,3,11,15,7;8,21,22,10,14;1,11,23,15,7,13;1,11,15,23,3,2,4,22;0,10,14,6,5,9;1,22,17,8,12;1,19,4,10,17,21;3,19,15,18,11
rp2_c33_w25_t851 24 2,9,20,10,4;5,13,11,19,22,21,12;0,9,13,7,16,3,19,4;2,19,23,11,16;0,10,22,19,2;1,13,9,20,6,12;5,12,8,14,20;2,13,18,15,16;6,12,21,17,14;0,2,13,5,20;0,4,22,17,14,20;1,19,15,16,3,23,18,13;1,5,6,8,21;1,5,9,2,7,18,11;6,20,10,17,8;7,16,11,19,23,18;2,3,11,15,7;8,21,22,10,14;7,15,23,11,13;1,11,15,23,3,2,4,22;0,10,14,6,5,9;1,22,17,8,12;1,19,4,10,17,21;3,19,15,18,11
rp2_c33_w25_t853 24 2,9,20,10,4;5,13,19,22,21,12;0,9,13,7,16,3,19,4;2,19,23,11,16;0,10,22,19,2;1,13,9,20,6,12;5,12,8,14,20;2,13,18,15,16;6,12,21,17,14;0,2,13,5,20;0,4,22,17,14,20;3,16,15,19,13,18,23;1,5,6,8,21;1,5,9,2,7,18,11,19;6,20,10,17,8;7,16,11,19,23,18;2,3,11,15,7;8,21,22,10,14;7,15,23,11,13;1,13,11,15,23,3,2,4,22;0,10,14,6,5,9;1,22,17,8,12;1,19,4,10,17,21;3,19,15,18,11
rp2_c33_w25_t872 24 2,9,20,10,4;5,13,19,22,21,12;0,9,13,7,16,3,19,4;2,19,23,11,16;0,10,22,19,2;1,13,9,20,6,12;5,12,8,14,20;2,13,18,15,16;6,12,21,17,14;0,2,13,5,20;0,4,22,17,14,20;3,16,19,13,18,23;1,5,6,8,21;1,5,9,2,7,18,11,19;6,20,10,17,8;7,16,19,23,18;2,3,11,19,15,7;8,21,22,10,14;7,15,23,11,13;1,13,11,16,15,23,3,2,4,22;0,10,14,6,5,9;1,22,17,8,12;1,19,4,10,17,21;3,19,15,18,11
rp2_c33_w25_t957 24 2,9,20,10,4;5,13,11,19,22,21,12;0,9,13,7,16,3,19,4;2,19,23,11,16;0,10,22,19,2;1,13,9,20,6,12;5,12,8,14,20;2,13,18,15,16;6,12,21,17,14;0,2,13,5,20;0,4,22,17,14,20;1,13,18,23,3,16,15,19;1,5,6,8,21;1,5,9,2,7,18,11;6,20,10,17,8;7,16,11,19,23,18;2,3,11,15,7;8,21,22,10,14;7,15,23,11,13;1,11,15,23,3,2,4,22;0,10,14,6,5,9;1,22,17,8,12;1,19,4,10,17,21;3,19,15,18,11
rp2_c33_w25_t959 24 2,9,20,10,4;5,13,18,11,19,22,21,12;0,9,13,7,16,3,19,4;2,19,23,11,16;0,10,22,19,2;1,13,9,20,6,12;5,12,8,14,20;2,13,18,15,16;6,12,21,17,14;0,2,13,5,20;0,4,22,17,14,20;1,18,23,3,16,15,19;1,5,6,8,21;1,5,9,2,7,18;6,20,10,17,8;7,16,11,19,23,18;2,3,11,15,7;8,21,22,10,14;1,11,23,15,7,13;1,11,15,23,3,2,4,22;0,10,14,6,5,9;1,22,17,8,12;1,19,4,10,17,21;3,19,15,18,11
rp2_c33_w25_t995 24 2,9,20,10,4;5,13,11,15,19,22,21,12;0,9,13,7,16,3,19,4;2,19,23,11,16;0,10,22,19,2;1,13,9,20,6,12;5,12,8,14,20;2,13,18,15,16;6,12,21,17,14;0,2,13,5,20;0,4,22,17,14,20;1,13,18,23,3,16,15;1,5,6,8,21;1,5,9,2,7,18,11;6,20,10,17,8;1,11,16,7,18,23,19;2,3,11,15,7;8,21,22,10,14;7,15,23,11,13;1,15,23,3,2,4,22;0,10,14,6,5,9;1,22,17,8,12;1,19,4,10,17,21;3,19,15,18,11
rp2_c33_w25_t1073 24 2,9,20,10,4;5,13,18,11,15,19,22,21,12;0,9,13,7,16,3,19,4;2,19,23,11,16;0,10,22,19,2;1,13,9,20,6,12;5,12,8,14,20;2,13,18,15,16;6,12,21,17,14;0,2,13,5,20;0,4,22,17,14,20;1,18,23,3,16,15;1,5,6,8,21;1,5,9,2,7,18;6,20,10,17,8;1,11,16,7,18,23,19;2,3,11,15,7;8,21,22,10,14;1,11,23,15,7,13;1,15,23,3,2,4,22;0,10,14,6,5,9;1,22,17,8,12;1,19,4,10,17,21;3,19,15,18,11
rp2_c33_w25_t1396 24 2,9,20,10,4;5,13,19,22,21,12;0,9,13,7,16,3,19,4;2,19,23,11,16;0,10,22,19,2;1,13,9,20,6,12;5,12,8,14,20;2,13,18,15,16;6,12,21,17,14;0,2,13,5,20;0,4,22,17,14,20;3,16,19,18,23;1,5,6,8,21;1,5,9,2,7,18,19;6,20,10,17,8;7,16,19,23,18;2,3,11,19,15,7;8,21,22,10,14;7,15,23,11,19,13;1,13,18,11,16,15,23,3,2,4,22;0,10,14,6,5,9;1,22,17,8,12;1,19,4,10,17,21;3,19,15,18,11
rp2_c33_w25_t1411 24 2,9,20,10,4;5,13,19,22,21,12;0,9,13,7,3,19,4;2,19,23,11,16,7;0,10,22,19,2;1,13,9,20,6,12;5,12,8,14,20;2,3,16,15,18,13;6,12,21,17,14;0,2,13,5,20;0,4,22,17,14,20;3,16,19,18,23;1,5,6,8,21;1,5,9,2,7,18,19;6,20,10,17,8;7,16,19,23,18;3,7,15,19,11;8,21,22,10,14;7,15,23,11,19,13;1,13,18,11,16,15,23,3,2,4,22;0,10,14,6,5,9;1,22,17,8,12;1,19,4,10,17,21;3,19,15,18,11
rp2_c33_w25_t1431 24 2,9,20,10,4;5,13,19,22,21,12;0,9,13,18,7,3,19,4;2,19,23,11,16,7;0,10,22,19,2;1,13,9,20,6,12;5,12,8,14,20;2,3,16,15,18;6,12,21,17,14;0,2,13,5,20;0,4,22,17,14,20;3,16,19,18,23;1,5,6,8,21;1,5,9,2,18,19;6,20,10,17,8;7,16,19,23,18;3,7,15,19,11;8,21,22,10,14;2,7,15,23,11,19,13;1,13,18,11,16,15,23,3,2,4,22;0,10,14,6,5,9;1,22,17,8,12;1,19,4,10,17,21;3,19,15,18,11
rp2_c33_w25_t1556 24 2,9,20,10,4;5,13,19,22,21,12;0,9,13,7,3,19,4;2,19,23,11,16,7;0,10,22,19,2;1,13,9,20,6,12;5,12,8,14,20;2,3,16,15,13;6,12,21,17,14;0,2,13,5,20;0,4,22,17,14,20;3,16,19,18,23;1,5,6,8,21;1,5,9,2,7,15,18,19;6,20,10,17,8;7,16,19,23,18,13;3,7,15,19,11;8,21,22,10,14;11,23,15,13,19;1,13,18,11,16,15,23,3,2,4,22;0,10,14,6,5,9;1,22,17,8,12;1,19,4,10,17,21;3,19,15,18,11
rp2_c33_w25_t1582 24 2,9,20,10,4;5,13,19,22,21,12;0,9,13,7,3,23,19,4;2,23,11,16,7;0,10,22,19,2;1,13,9,20,6,12;5,12,8,14,20;2,3,16,15,13;6,12,21,17,14;0,2,13,5,20;0,4,22,17,14,20;3,16,19,18,23;1,5,6,8,21;1,5,9,2,7,15,18,19;6,20,10,17,8;7,16,19,23,18,13;3,7,15,19,11;8,21,22,10,14;11,23,15,13,19;1,13,18,11,16,15,23,2,4,22;0,10,14,6,5,9;1,22,17,8,12;1,19,4,10,17,21;2,3,11,18,15,19
rp2_c33_w25_t1591 24 2,9,20,10,4;5,13,19,22,21,12;0,9,13,7,3,23,15,19,4;2,23,11,16,7;0,10,22,19,2;1,13,9,20,6,12;5,12,8,14,20;2,3,16,15,13;6,12,21,17,14;0,2,13,5,20;0,4,22,17,14,20;3,16,19,18,23;1,5,6,8,21;1,5,9,2,7,15,18,19;6,20,10,17,8;2,19,16,7,13,18,23;3,7,15,19,11;8,21,22,10,14;11,23,15,13,19;1,13,18,11,16,15,2,4,22;0,10,14,6,5,9;1,22,17,8,12;1,19,4,10,17,21;2,3,11,18,15
rp2_c33_w25_t1606 24 2,9,20,10,4;5,13,19,22,21,12;0,9,13,7,3,23,15,16,19,4;2,23,11,16,7;0,10,22,19,2;1,13,9,20,6,12;5,12,8,14,20;2,3,16,15,13;6,12,21,17,14;0,2,13,5,20;0,4,22,17,14,20;3,16,19,18,23;1,5,6,8,21;1,5,9,2,7,15,18,19;6,20,10,17,8;2,16,7,13,18,23;2,15,7,3,11,19;8,21,22,10,14;11,23,15,13,19;1,13,18,11,16,2,4,22;0,10,14,6,5,9;1,22,17,8,12;1,19,4,10,17,21;2,3,11,18,15
rp2_c33_w25_t1611 24 2,9,20,10,4;5,13,19,22,21,12;0,9,13,7,3,23,16,19,4;2,23,11,16,7;0,10,22,19,2;1,13,9,20,6,12;5,12,8,14,20;2,3,16,15,13;6,12,21,17,14;0,2,13,5,20;0,4,22,17,14,20;3,16,19,18,23;1,5,6,8,21;1,5,9,2,7,15,18,19;6,20,10,17,8;7,16,23,18,13;2,23,15,7,3,11,19;8,21,22,10,14;11,23,15,13,19;1,13,18,11,16,2,4,22;0,10,14,6,5,9;1,22,17,8,12;1,19,4,10,17,21;2,3,11,18,15,16
rp2_c33_w25_t1624 24 2,9,20,10,4;5,13,19,22,21,12;0,9,13,7,3,23,16,4;2,23,11,16,7;0,10,22,19,16,2;1,13,9,20,6,12;5,12,8,14,20;2,3,16,15,13;6,12,21,17,14;0,2,13,5,20;0,4,22,17,14,20;3,16,19,18,23;1,5,6,8,21;1,5,9,2,7,15,18,19;6,20,10,17,8;7,16,23,18,13;2,4,19,11,3,7,15,23;8,21,22,10,14;11,23,15,13,19;1,13,18,11,16,4,22;0,10,14,6,5,9;1,22,17,8,12;1,19,4,10,17,21;2,3,11,18,15,16
rp2_c33_w25_t1716 24 2,9,20,10,4;5,13,19,22,21,12;0,9,13,7,3,23,16,4;2,23,11,16,7;0,10,22,19,11,16,2;1,13,9,20,6,12;5,12,8,14,20;2,3,16,15,13;6,12,21,17,14;0,2,13,5,20;0,4,22,17,14,20;3,16,4,19,18,23;1,5,6,8,21;1,5,9,2,7,15,18,19;6,20,10,17,8;7,16,23,18,13;2,4,11,3,7,15,23;8,21,22,10,14;11,23,15,13,19;1,13,18,11,4,22;0,10,14,6,5,9;1,22,17,8,12;1,19,4,10,17,21;2,3,11,18,15,16
rp2_c33_w25_t1876 24 2,9,20,10,4;5,13,19,22,21,12;0,9,13,7,3,23,16,19,4;2,23,11,16,7;0,10,22,19,2;1,13,9,20,6,12;5,12,8,14,20;2,3,16,15,13;6,12,21,17,14;0,2,13,5,20;0,4,22,17,14,20;3,16,19,18,23;1,5,6,8,21;1,5,9,2,7,15,18,19;6,20,10,17,8;7,16,23,18,13;2,19,11,3,7,15,23;8,21,22,10,14;11,23,15,13,19;1,13,18,11,16,2,4,22;0,10,14,6,5,9;1,22,17,8,12;1,19,4,10,17,21;2,3,11,18,15,16
rp2_c33_w30_t244 28 2,23,12,15,3;6,25,11,8,19,21,14;0,23,16,24,3;0,2,24,20,15;6,17,27,7,26,25;9,10,27,12,23,16;1,25,4,17,14;4,27,22,21,26;1,11,14,17,19;5,10,18,20,24,16;5,9,18,13,27;1,25,26,14,8;0,15,17,27,5,23;10,27,22,19,18;1,6,17,8,11,26,21;0,12,17,19,20,3;2,23,5,9,24;4,6,14,8,19,15,12,27;9,20,19,13,10;1,8,17,15,20,18,13,22,21;3,24,9,18,19,15;1,14,26,7,22,19;7,27,13,19,21;0,2,16,5,12;2,3,20,9,16;1,6,4,26,11;4,7,21,14,11,25;4,7,22,13,10,5,12,17
rp2_c33_w30_t254 28 2,23,12,15,3;6,25,11,8,19,21,14;0,23,16,24,3;0,2,24,20,15;6,27,7,26,25;9,10,27,12,23,16;1,25,4,27,17,14;4,27,22,21,26;1,11,14,17,19;5,10,18,20,24,16;5,9,18,13,27;1,25,26,14,8;0,15,17,27,5,23;10,27,22,19,18;1,6,17,8,11,26,21;0,12,17,19,20,3;2,23,5,9,24;6,14,8,19,15,12,27;9,20,19,13,10;1,8,17,15,20,18,13,22,21;3,24,9,18,19,15;1,14,26,7,22,19;7,27,13,19,21;0,2,16,5,12;2,3,20,9,16;1,6,4,26,11;4,7,21,14,11,25;4,7,22,13,10,5,12,17,6
rp2_c33_w30_t262 28 2,23,12,15,3;6,25,11,8,19,21,14;0,23,16,24,3;0,2,24,20,15;6,17,7,26,25;9,10,27,12,23,16;1,25,4,17,14;4,17,27,22,21,26;1,11,14,17,19;5,10,18,20,24,16;5,9,18,13,27;1,25,26,14,8;0,15,17,27,5,23;10,27,22,19,18;1,6,17,8,11,26,21;0,12,17,19,20,3;2,23,5,9,24;4,7,27,12,15,19,8,14,6;9,20,19,13,10;1,8,17,15,20,18,13,22,21;3,24,9,18,19,15;1,14,26,7,22,19;7,27,13,19,21;0,2,16,5,12;2,3,20,9,16;1,6,4,26,11;4,7,21,14,11,25;5,10,13,22,7,17,12
rp2_c33_w30_t289 28 2,23,12,15,3;6,25,11,8,19,21,14;0,23,16,24,3;0,2,24,20,15;6,17,7,26,25;9,10,27,12,23,16;1,25,4,17,8,14;4,17,27,22,21,26;1,11,14,6,17,19;5,10,18,20,24,16;5,9,18,13,27;1,25,26,14,8;0,15,17,27,5,23;10,27,22,19,18;1,6,8,11,26,21;0,12,17,19,20,3;2,23,5,9,24;4,7,27,12,15,19,8,6;9,20,19,13,10;1,8,17,15,20,18,13,22,21;3,24,9,18,19,15;1,14,26,7,22,19;7,27,13,19,21;0,2,16,5,12;2,3,20,9,16;1,6,4,26,11;4,7,21,14,11,25;5,10,13,22,7,17,12
rp2_c33_w30_t311 28 2,23,12,15,3;6,25,11,8,19,21,14;0,23,16,24,3;0,2,24,20,15;6,17,7,26,25;9,10,27,12,23,16;1,25,4,17,14;4,17,27,22,21,26;1,11,14,17,19;5,10,18,20,24,16;5,9,18,13,27;1,25,26,21,14,8;0,15,17,27,5,23;10,27,22,19,18;1,6,17,8,11,21;0,12,17,19,20,3;2,23,5,9,24;4,7,27,12,15,19,8,14,6;9,20,19,13,10;1,8,17,15,20,18,13,22,21;3,24,9,18,19,15;1,14,11,26,7,22,19;7,27,13,19,21;0,2,16,5,12;2,3,20,9,16;1,6,4,26,11;4,7,21,11,25;5,10,13,22,7,17,12
rp2_c33_w30_t322 28 2,23,12,15,3;6,25,8,19,21,14;0,23,16,24,3;0,2,24,20,15;6,17,7,26,25;9,10,27,12,23,16;1,25,4,17,14;4,17,27,22,21,26;1,25,11,14,17,19;5,10,18,20,24,16;5,9,18,13,27;8,25,26,21,14;0,15,17,27,5,23;10,27,22,19,18;1,6,17,8,11,21;0,12,17,19,20,3;2,23,5,9,24;4,7,27,12,15,19,8,14,6;9,20,19,13,10;1,8,17,15,20,18,13,22,21;3,24,9,18,19,15;1,14,11,26,7,22,19;7,27,13,19,21;0,2,16,5,12;2,3,20,9,16;1,6,4,26,11,8;4,7,21,11,25;5,10,13,22,7,17,12
rp2_c33_w30_t327 28 2,23,12,15,3;6,25,11,8,19,21,14;0,23,16,24,3;0,2,24,20,15;6,17,7,26,25;9,10,27,12,23,16;1,25,4,17,14;4,17,27,22,21,26;1,11,14,17,15,19;5,10,18,20,24,16;5,9,18,13,27;1,25,26,21,14,8;0,15,17,27,5,23;10,27,22,19,18;1,6,17,8,11,21;0,12,17,8,19,20,3;2,23,5,9,24;4,7,27,12,15,8,14,6;9,20,19,13,10;1,8,15,20,18,13,22,21;3,24,9,18,19,15;1,14,11,26,7,22,19;7,27,13,19,21;0,2,16,5,12;2,3,20,9,16;1,6,4,26,11;4,7,21,11,25;5,10,13,22,7,17,12
rp2_c33_w30_t330 28 2,23,12,15,3;6,25,11,8,19,21,14;0,23,16,24,3;0,2,24,20,15;6,17,7,26,25;9,10,27,12,23,16;1,25,4,17,14;4,17,27,22,21,26;1,11,14,17,15,19;5,10,18,20,24,16;5,9,18,13,27;1,25,26,14,8;0,15,17,27,5,23;10,27,22,19,18;1,6,17,8,11,26,21;0,12,17,8,19,20,3;2,23,5,9,24;4,7,27,12,15,8,14,6;9,20,19,13,10;1,8,15,20,18,13,22,21;3,24,9,18,19,15;1,14,26,7,22,19;7,27,13,19,21;0,2,16,5,12;2,3,20,9,16;1,6,4,26,11;4,7,21,14,11,25;5,10,13,22,7,17,12
rp2_c33_w30_t340 28 2,23,12,15,3;6,25,11,8,19,21,14;0,23,16,24,3;0,2,24,20,15;6,17,27,7,26,25;9,10,27,12,23,16;1,25,4,17,14;4,27,22,21,26;1,11,14,17,15,19;5,10,18,20,24,16;5,9,18,13,27;1,25,26,21,14,8;0,15,17,27,5,23;10,27,22,19,18;1,6,17,8,11,21;0,12,17,8,19,20,3;2,23,5,9,24;4,6,14,8,15,12,27;9,20,19,13,10;1,8,15,20,18,13,22,21;3,24,9,18,19,15;1,14,11,26,7,22,19;7,27,13,19,21;0,2,16,5,12;2,3,20,9,16;1,6,4,26,11;4,7,21,11,25;4,7,22,13,10,5,12,17
rp2_c33_w30_t367 28 2,23,12,15,3;6,25,11,8,19,21,14;0,23,16,24,3;0,2,24,20,15;6,17,27,7,26,25;9,10,27,12,23,16;1,25,4,17,14;4,27,22,21,26;1,11,14,17,15,19;5,10,18,20,24,16;5,9,18,13,27;1,25,26,14,8;0,15,17,27,5,23;10,27,22,19,18;1,6,17,8,11,26,21;0,12,17,8,19,20,3;2,23,5,9,24;4,6,14,8,15,12,27;9,20,19,13,10;1,8,15,20,18,13,22,21;3,24,9,18,19,15;1,14,26,7,22,19;7,27,13,19,21;0,2,16,5,12;2,3,20,9,16;1,6,4,26,11;4,7,21,14,11,25;4,7,22,13,10,5,12,17
rp2_c33_w30_t384 28 2,23,12,15,3;6,25,11,8,15,19,21,14;0,23,16,24,3;0,2,24,20,15;6,17,27,7,26,25;9,10,27,12,23,16;1,25,4,17,14;4,27,22,21,26;1,11,14,17,15;5,10,18,20,24,16;5,9,18,13,27;1,25,26,21,14,8;0,15,17,27,5,23;10,27,22,19,18;1,6,17,8,11,21;0,12,17,8,1,19,20,3;2,23,5,9,24;4,6,14,8,15,12,27;9,20,19,13,10;1,15,20,18,13,22,21;3,24,9,18,19,15;1,14,11,26,7,22,19;7,27,13,19,21;0,2,16,5,12;2,3,20,9,16;1,6,4,26,11;4,7,21,11,25;4,7,22,13,10,5,12,17
rp2_c33_w30_t404 28 2,23,12,15,3;6,25,11,8,15,19,21,14;0,23,16,24,3;0,2,24,20,15;6,27,7,26,25;9,10,27,12,23,16;1,25,4,27,17,14;4,27,22,21,26;1,11,14,17,15;5,10,18,20,24,16;5,9,18,13,27;1,25,26,21,14,8;0,15,17,27,5,23;10,27,22,19,18;1,6,17,8,11,21;0,12,17,8,1,19,20,3;2,23,5,9,24;6,14,8,15,12,27;9,20,19,13,10;1,15,20,18,13,22,21;3,24,9,18,19,15;1,14,11,26,7,22,19;7,27,13,19,21;0,2,16,5,12;2,3,20,9,16;1,6,4,26,11;4,7,21,11,25;4,7,22,13,10,5,12,17,6
rp2_c33_w30_t406 28 2,23,12,15,3;6,25,11,8,15,19,21,14;0,23,16,24,3;0,2,24,20,15;6,27,7,26,25;9,10,27,12,23,16;1,25,4,27,17,14;4,27,22,21,26;1,11,14,17,15;5,10,18,20,24,16;5,9,18,13,27;1,25,26,14,8;0,15,17,27,5,23;10,27,22,19,18;1,6,17,8,11,26,21;0,12,17,8,1,19,20,3;2,23,5,9,24;6,14,8,15,12,27;9,20,19,13,10;1,15,20,18,13,22,21;3,24,9,18,19,15;1,14,26,7,22,19;7,27,13,19,21;0,2,16,5,12;2,3,20,9,16;1,6,4,26,11;4,7,21,14,11,25;4,7,22,13,10,5,12,17,6
rp2_c33_w30_t452 28 2,23,12,15,3;6,25,11,8,19,21,14;0,23,16,24,3;0,2,24,20,15;6,27,7,26,25;9,10,27,12,23,16;1,25,4,27,17,14;4,27,22,21,26;1,11,14,17,15,19;5,10,18,20,24,16;5,9,18,13,27;1,25,26,21,14,8;0,15,17,27,5,23;10,27,22,19,18;1,6,17,8,11,21;0,12,17,8,19,20,3;2,23,5,9,24;6,14,8,15,12,27;9,20,19,13,10;1,8,15,20,18,13,22,21;3,24,9,18,19,15;1,14,11,26,7,22,19;7,27,13,19,21;0,2,16,5,12;2,3,20,9,16;1,6,4,26,11;4,7,21,11,25;4,7,22,13,10,5,12,17,6
rp2_c33_w30_t510 28 2,23,12,15,3;6,25,11,8,19,21,14;0,23,16,24,3;0,2,24,20,15;6,27,7,26,25;9,10,27,12,23,16;1,25,4,27,17,14;4,27,22,21,26;1,11,14,17,19;5,10,18,20,24,16;5,9,18,13,27;1,25,26,21,14,8;0,15,17,27,5,23;10,27,22,19,18;1,6,17,8,11,21;0,12,17,19,20,3;2,23,5,9,24;6,14,8,19,15,12,27;9,20,19,13,10;1,8,17,15,20,18,13,22,21;3,24,9,18,19,15;1,14,11,26,7,22,19;7,27,13,19,21;0,2,16,5,12;2,3,20,9,16;1,6,4,26,11;4,7,21,11,25;4,7,22,13,10,5,12,17,6
rp2_c33_w30_t528 28 2,23,12,15,3;6,25,11,8,19,21,14;0,23,16,24,3;0,2,24,20,15;6,27,7,26,25;9,10,27,12,23,16;1,25,4,27,17,14;4,27,22,21,26;1,11,14,17,15,19;5,10,18,20,24,16;5,9,18,13,27;1,25,26,14,8;0,15,17,27,5,23;10,27,22,19,18;1,6,17,8,11,26,21;0,12,17,8,19,20,3;2,23,5,9,24;6,14,8,15,12,27;9,20,19,13,10;1,8,15,20,18,13,22,21;3,24,9,18,19,15;1,14,26,7,22,19;7,27,13,19,21;0,2,16,5,12;2,3,20,9,16;1,6,4,26,11;4,7,21,14,11,25;4,7,22,13,10,5,12,17,6
rp2_c33_w30_t562 28 2,23,12,15,3;6,25,8,15,19,21,14;0,23,16,24,3;0,2,24,20,15;6,27,7,26,25;9,10,27,12,23,16;1,25,4,27,17,14;4,27,22,21,26;1,25,11,14,17,15;5,10,18,20,24,16;5,9,18,13,27;8,25,26,21,14;0,15,17,27,5,23;10,27,22,19,18;1,6,17,8,11,21;0,12,17,8,1,19,20,3;2,23,5,9,24;6,14,8,15,12,27;9,20,19,13,10;1,15,20,18,13,22,21;3,24,9,18,19,15;1,14,11,26,7,22,19;7,27,13,19,21;0,2,16,5,12;2,3,20,9,16;1,6,4,26,11,8;4,7,21,11,25;4,7,22,13,10,5,12,17,6
rp2_c33_w30_t849 28 2,23,12,15,3;6,25,11,8,15,19,21,14;0,23,16,24,3;0,2,24,20,15;6,17,27,7,26,25;9,10,27,12,23,16;1,25,4,17,14;4,27,22,21,26;1,11,14,17,15;5,10,18,20,24,16;5,9,18,13,27;1,25,26,14,8;0,15,17,27,5,23;10,27,22,19,18;1,6,17,8,11,26,21;0,12,17,8,1,19,20,3;2,23,5,9,24;4,6,14,8,15,12,27;9,20,19,13,10;1,15,20,18,13,22,21;3,24,9,18,19,15;1,14,26,7,22,19;7,27,13,19,21;0,2,16,5,12;2,3,20,9,16;1,6,4,26,11;4,7,21,14,11,25;4,7,22,13,10,5,12,17
rp2_c33_w30_t873 28 2,23,12,15,3;6,25,11,8,19,21,14;0,23,16,24,3;0,2,24,20,15;6,17,27,7,26,25;9,10,27,12,23,16;1,25,4,17,14;4,27,22,21,26;1,11,14,17,19;5,10,18,20,24,16;5,9,18,13,27;1,25,26,21,14,8;0,15,17,27,5,23;10,27,22,19,18;1,6,17,8,11,21;0,12,17,19,20,3;2,23,5,9,24;4,6,14,8,19,15,12,27;9,20,19,13,10;1,8,17,15,20,18,13,22,21;3,24,9,18,19,15;1,14,11,26,7,22,19;7,27,13,19,21;0,2,16,5,12;2,3,20,9,16;1,6,4,26,11;4,7,21,11,25;4,7,22,13,10,5,12,17
rp2_c33_w30_t996 28 2,23,12,15,3;6,25,11,19,21,14;0,23,16,24,3;0,2,24,20,15;6,17,27,7,26,25;9,10,27,12,23,16;1,25,4,17,14;4,27,22,21,26;11,14,17,15,19;5,10,18,20,24,16;5,9,18,13,27;1,25,26,21,14,8,19;0,15,17,27,5,23;10,27,22,19,18;1,6,17,8,11,21;0,12,17,8,19,20,3;2,23,5,9,24;4,6,14,8,15,12,27;9,20,19,13,10;1,11,8,15,20,18,13,22,21;3,24,9,18,19,15;1,14,11,26,7,22,19;7,27,13,19,21;0,2,16,5,12;2,3,20,9,16;1,6,4,26,11;4,7,21,11,25;4,7,22,13,10,5,12,17
rp2_c33_w30_t1142 28 2,23,12,15,3;6,25,11,19,21,14;0,23,16,24,3;0,2,24,20,15;6,17,27,7,26,25;9,10,27,12,23,16;1,25,4,17,14;4,27,22,21,26;11,14,17,15,19;5,10,18,20,24,16;5,9,18,13,27;1,25,26,14,8,19;0,15,17,27,5,23;10,27,22,19,18;1,6,17,8,11,26,21;0,12,17,8,19,20,3;2,23,5,9,24;4,6,14,8,15,12,27;9,20,19,13,10;1,11,8,15,20,18,13,22,21;3,24,9,18,19,15;1,14,26,7,22,19;7,27,13,19,21;0,2,16,5,12;2,3,20,9,16;1,6,4,26,11;4,7,21,14,11,25;4,7,22,13,10,5,12,17
rp2_c33_w30_t1192 28 2,23,12,15,3;6,25,11,8,19,21,14;0,23,16,24,3;0,2,24,20,15;6,17,27,7,26,25;9,10,27,12,23,16;1,25,4,17,14;4,27,22,21,26;1,11,14,15,19;5,10,18,20,24,16;5,9,18,13,27;1,25,26,21,14,8;0,15,17,27,5,23;10,27,22,19,18;1,6,17,15,8,11,21;0,12,17,14,8,19,20,3;2,23,5,9,24;4,6,14,15,12,27;9,20,19,13,10;1,8,15,20,18,13,22,21;3,24,9,18,19,15;1,14,11,26,7,22,19;7,27,13,19,21;0,2,16,5,12;2,3,20,9,16;1,6,4,26,11;4,7,21,11,25;4,7,22,13,10,5,12,17
rp2_c33_w30_t1358 28 2,23,12,15,3;6,25,11,8,19,21,14;0,23,16,24,3;0,2,24,20,15;6,17,27,7,26,25;9,10,27,12,23,16;1,25,4,17,14;4,27,22,21,26;1,11,14,15,19;5,10,18,20,24,16;5,9,18,13,27;1,25,26,14,8;0,15,17,27,5,23;10,27,22,19,18;1,6,17,15,8,11,26,21;0,12,17,14,8,19,20,3;2,23,5,9,24;4,6,14,15,12,27;9,20,19,13,10;1,8,15,20,18,13,22,21;3,24,9,18,19,15;1,14,26,7,22,19;7,27,13,19,21;0,2,16,5,12;2,3,20,9,16;1,6,4,26,11;4,7,21,14,11,25;4,7,22,13,10,5,12,17
rp2_c33_w30_t1404 28 2,23,12,15,3;6,25,11,8,19,21,14;0,23,16,24,3;0,2,24,20,15;6,17,27,7,26,25;9,10,27,12,23,16;1,25,4,17,14;4,27,22,21,26;1,11,17,15,19;5,10,18,20,24,16;5,9,18,13,27;1,25,26,21,14,17,8;0,15,17,27,5,23;10,27,22,19,18;1,6,17,11,21;0,12,17,8,19,20,3;2,23,5,9,24;4,6,14,11,8,15,12,27;9,20,19,13,10;1,8,15,20,18,13,22,21;3,24,9,18,19,15;1,14,11,26,7,22,19;7,27,13,19,21;0,2,16,5,12;2,3,20,9,16;1,6,4,26,11;4,7,21,11,25;4,7,22,13,10,5,12,17
rp2_c33_w30_t1483 28 2,23,12,15,3;6,25,11,8,15,19,14;0,23,16,24,3;0,2,24,20,15;6,17,27,7,26,25;9,10,27,12,23,16;1,25,4,17,14;4,27,22,21,26;1,11,14,17,15;5,10,18,20,24,16;5,9,18,13,27;1,25,26,21,14,8;0,15,17,27,5,23;10,27,22,19,18;1,6,17,8,11,21,19;0,12,17,8,1,19,20,3;2,23,5,9,24;4,6,14,8,15,12,27;9,20,19,13,10;1,14,21,22,13,18,20,15;3,24,9,18,19,15;7,22,19,14,11,26;7,27,13,19,21;0,2,16,5,12;2,3,20,9,16;1,6,4,26,11;4,7,21,11,25;4,7,22,13,10,5,12,17
rp2_c33_w30_t1484 28 2,23,12,15,3;6,25,11,8,15,19,14;0,23,16,24,3;0,2,24,20,15;6,17,27,7,26,25;9,10,27,12,23,16;1,25,4,17,14;4,27,22,21,26;1,11,14,17,15;5,10,18,20,24,16;5,9,18,13,27;1,25,26,14,8;0,15,17,27,5,23;10,27,22,19,18;1,6,17,8,11,26,21,19;0,12,17,8,1,19,20,3;2,23,5,9,24;4,6,14,8,15,12,27;9,20,19,13,10;1,14,21,22,13,18,20,15;3,24,9,18,19,15;7,22,19,14,26;7,27,13,19,21;0,2,16,5,12;2,3,20,9,16;1,6,4,26,11;4,7,21,14,11,25;4,7,22,13,10,5,12,17
rp2_c33_w30_t1545 28 2,23,12,15,3;6,25,11,8,15,19,21,14;0,23,16,24,3;0,2,24,20,15;6,17,7,26,25;9,10,27,12,23,16;1,25,4,17,14;4,17,27,22,21,26;1,11,14,17,15;5,10,18,20,24,16;5,9,18,13,27;1,25,26,21,14,8;0,15,17,27,5,23;10,27,22,19,18;1,6,17,8,11,21;0,12,17,8,1,19,20,3;2,23,5,9,24;4,7,27,12,15,8,14,6;9,20,19,13,10;1,15,20,18,13,22,21;3,24,9,18,19,15;1,14,11,26,7,22,19;7,27,13,19,21;0,2,16,5,12;2,3,20,9,16;1,6,4,26,11;4,7,21,11,25;5,10,13,22,7,17,12
rp2_c33_w30_t1683 28 2,23,12,15,3;6,25,11,8,19,21,14;0,23,16,24,3;0,2,24,20,15;6,27,7,26,25;9,10,27,12,23,16;1,25,4,27,17,14;4,27,22,21,26;1,11,17,15,19;5,10,18,20,24,16;5,9,18,13,27;1,25,26,21,14,17,8;0,15,17,27,5,23;10,27,22,19,18;1,6,17,11,21;0,12,17,8,19,20,3;2,23,5,9,24;6,14,11,8,15,12,27;9,20,19,13,10;1,8,15,20,18,13,22,21;3,24,9,18,19,15;1,14,11,26,7,22,19;7,27,13,19,21;0,2,16,5,12;2,3,20,9,16;1,6,4,26,11;4,7,21,11,25;4,7,22,13,10,5,12,17,6
rp2_c33_w30_t1813 28 2,23,12,15,3;6,25,11,8,15,19,14;0,23,16,24,3;0,2,24,20,15;6,17,27,7,26,25;9,10,27,12,23,16;1,25,4,17,14;4,27,22,21,26;1,11,14,17,15;5,10,18,20,24,16;5,9,18,13,27;1,25,26,21,19,14,8;0,15,17,27,5,23;10,27,22,19,18;1,6,17,8,11,19;0,12,17,8,1,19,20,3;2,23,5,9,24;4,6,14,8,15,12,27;9,20,19,13,10;1,14,11,21,22,13,18,20,15;3,24,9,18,19,15;7,22,19,11,26;7,27,13,19,21;0,2,16,5,12;2,3,20,9,16;1,6,4,26,11;4,7,21,11,25;4,7,22,13,10,5,12,17
rp2_c33_w30_t1854 28 2,23,12,15,3;6,25,11,8,15,19,14;0,23,16,24,3;0,2,24,20,15;6,17,27,7,26,25;9,10,27,12,23,16;1,25,4,17,14;4,27,22,21,26;1,11,14,17,15;5,10,18,20,24,16;5,9,18,13,27;1,25,26,21,14,8;0,15,17,27,5,23;10,27,22,19,18;1,6,17,8,11,21,22,19;0,12,17,8,1,19,20,3;2,23,5,9,24;4,6,14,8,15,12,27;9,20,19,13,10;1,14,22,13,18,20,15;3,24,9,18,19,15;7,22,14,11,26;7,27,13,19,14,21;0,2,16,5,12;2,3,20,9,16;1,6,4,26,11;4,7,21,11,25;4,7,22,13,10,5,12,17
rp2_c33_w30_t1955 28 2,23,12,15,3;6,25,11,8,19,14;0,23,16,24,3;0,2,24,20,15;6,17,27,7,26,25;9,10,27,12,23,16;1,25,4,17,14;4,27,22,21,26;1,11,14,17,15,19;5,10,18,20,24,16;5,9,18,13,27;1,25,26,21,14,8;0,15,17,27,5,23;10,27,22,19,18;1,6,17,8,11,21,19;0,12,17,8,19,20,3;2,23,5,9,24;4,6,14,8,15,12,27;9,20,19,13,10;1,8,15,20,18,13,22,21,14;3,24,9,18,19,15;7,22,19,14,11,26;7,27,13,19,21;0,2,16,5,12;2,3,20,9,16;1,6,4,26,11;4,7,21,11,25;4,7,22,13,10,5,12,17
rp2_c33_w30_t1958 28 2,23,12,15,3;6,25,11,8,19,14;0,23,16,24,3;0,2,24,20,15;6,17,27,7,26,25;9,10,27,12,23,16;1,25,4,17,14;4,27,22,21,26;1,11,14,17,15,19;5,10,18,20,24,16;5,9,18,13,27;1,25,26,21,14,8;0,15,17,27,5,23;10,27,22,19,18;1,6,17,8,11,21,22,19;0,12,17,8,19,20,3;2,23,5,9,24;4,6,14,8,15,12,27;9,20,19,13,10;1,8,15,20,18,13,22,14;3,24,9,18,19,15;7,22,14,11,26;7,27,13,19,14,21;0,2,16,5,12;2,3,20,9,16;1,6,4,26,11;4,7,21,11,25;4,7,22,13,10,5,12,17
rp2_c33_w30_t1959 28 2,23,12,15,3;6,25,11,8,19,14;0,23,16,24,3;0,2,24,20,15;6,17,27,7,26,25;9,10,27,12,23,16;1,25,4,17,14;4,27,22,21,26;1,11,17,15,19;5,10,18,20,24,16;5,9,18,13,27;1,25,26,21,14,17,8;0,15,17,27,5,23;10,27,22,19,18;1,6,17,11,21,22,19;0,12,17,8,19,20,3;2,23,5,9,24;4,6,14,11,8,15,12,27;9,20,19,13,10;1,8,15,20,18,13,22,14;3,24,9,18,19,15;7,22,14,11,26;7,27,13,19,14,21;0,2,16,5,12;2,3,20,9,16;1,6,4,26,11;4,7,21,11,25;4,7,22,13,10,5,12,17
rp2_c33_w36_t732 24 1,16,10,6,18,7,22,21,20;0,16,5,2,20;1,5,15,10,3,20;2,10,16,5,15,20;8,9,19,17,14;1,2,15,3,16;0,10,19,9,11,18;0,22,13,23,18;4,9,12,13,22,14;4,8,12,11,6,19;0,6,19,15,2,3,16;6,9,12,23,18;8,9,11,23,13;7,22,8,12,23;4,17,21,22,8;2,10,19,17,20,3,5;0,10,3,5,1;4,14,21,20,15,19;0,7,23,11,6;4,17,15,10,6,9;0,1,2,3,15,17,21;0,22,14,17,20;0,7,13,8,14,21;7,13,12,11,18
rp2_c33_w36_t742 24 1,16,10,6,18,7,22,21,20;0,16,5,2,20;1,5,15,10,3,20;2,10,16,5,15,20;8,9,19,17,14;1,2,15,3,16;0,10,19,9,11,18;0,22,13,23,18;4,9,12,13,22,14;4,8,12,11,6,19;0,6,19,15,2,3,16;6,9,12,23,18;8,9,11,23,13;7,22,8,12,23;4,17,21,22,8;2,10,19,20,3,5;0,10,3,5,1;4,14,21,20,19;0,7,23,11,6;4,17,20,15,10,6,9;0,1,2,3,15,19,17,21;0,22,14,17,20;0,7,13,8,14,21;7,13,12,11,18
rp2_c33_w36_t786 24 1,16,10,6,18,7,22,21,20;0,16,5,2,20;1,5,15,10,3,20;2,10,16,5,15,20;8,9,19,17,14;1,2,15,3,16;0,10,19,9,11,18;0,22,13,23,18;4,9,12,13,22,14;4,8,12,11,6,19;0,6,19,17,15,2,3,16;6,9,12,23,18;8,9,11,23,13;7,22,8,12,23;4,17,21,22,8;2,10,17,20,3,5;0,10,3,5,1;4,14,21,20,15,10,19;0,7,23,11,6;4,17,10,6,9;0,1,2,3,15,17,21;0,22,14,17,20;0,7,13,8,14,21;7,13,12,11,18
rp2_c33_w36_t851 24 1,16,10,6,18,7,22,21,20;0,16,5,2,20;1,5,15,10,3,20;2,10,16,5,15,20;8,9,19,17,14;1,2,15,3,16;0,10,19,9,11,18;0,22,13,23,18;4,9,12,13,22,14;4,8,12,11,6,19;0,6,19,17,15,2,3,16;6,9,12,23,18;8,9,11,23,13;7,22,8,12,23;4,17,21,22,8;2,10,17,21,20,3,5;0,10,3,5,1;4,14,21,15,10,19;0,7,23,11,6;4,17,10,6,9;0,1,2,3,15,21;0,22,14,17,15,20;0,7,13,8,14,21;7,13,12,11,18
rp2_c33_w36_t877 24 1,16,10,6,18,7,22,21;0,16,5,2,20,21;1,5,15,10,3,20;2,10,16,5,15,20;8,9,19,17,14;1,2,15,3,16;0,10,19,9,11,18;0,22,13,23,18;4,9,12,13,22,14;4,8,12,11,6,19;0,6,19,17,15,2,3,16;6,9,12,23,18;8,9,11,23,13;7,22,8,12,23;4,17,21,22,8;2,10,17,21,20,3,5;0,10,3,5,1;4,14,21,15,10,19;0,7,23,11,6;4,17,10,6,9;1,2,3,15,21;0,1,20,15,17,14,22;0,7,13,8,14,21;7,13,12,11,18
rp2_c33_w36_t900 24 1,16,10,6,18,7,22,21;0,16,5,2,20,21;1,5,15,10,3,20;2,10,16,5,15,20;8,9,19,17,14;1,2,15,3,16;0,10,19,9,11,18;0,22,13,23,18;4,9,12,13,22,14;4,8,12,11,6,19;0,6,19,17,21,15,2,3,16;6,9,12,23,18;8,9,11,23,13;7,22,8,12,23;4,17,21,22,8;2,10,21,20,3,5;0,10,3,5,1;4,14,21,10,19;0,7,23,11,6;4,17,10,6,9;1,2,3,15,21;0,1,20,15,10,17,14,22;0,7,13,8,14,21;7,13,12,11,18
rp2_c33_w36_t906 24 1,16,10,6,18,7,22,21;0,16,5,2,20,21;1,5,15,10,16,3,20;2,16,5,15,20;8,9,19,17,14;1,2,15,3,16;0,10,19,9,11,18;0,22,13,23,18;4,9,12,13,22,14;4,8,12,11,6,19;0,6,19,17,21,15,2,16;6,9,12,23,18;8,9,11,23,13;7,22,8,12,23;4,17,21,22,8;2,10,21,20,3,5;0,10,2,3,5,1;4,14,21,10,19;0,7,23,11,6;4,17,10,6,9;1,2,3,15,21;0,1,20,15,10,17,14,22;0,7,13,8,14,21;7,13,12,11,18
rp2_c33_w36_t910 24 1,16,10,6,18,7,22,21;0,16,5,2,20,21;1,5,10,16,3,20;2,16,5,15,20;8,9,19,17,14;1,2,10,15,3,16;0,10,19,9,11,18;0,22,13,23,18;4,9,12,13,22,14;4,8,12,11,6,19;0,6,19,17,21,15,5,2,16;6,9,12,23,18;8,9,11,23,13;7,22,8,12,23;4,17,21,22,8;3,5,10,21,20;0,10,2,3,5,1;4,14,21,10,19;0,7,23,11,6;4,17,10,6,9;1,2,3,15,21;0,1,20,15,10,17,14,22;0,7,13,8,14,21;7,13,12,11,18
rp2_c33_w36_t931 24 1,16,10,6,18,7,22,21;0,16,5,20,21;3,16,10,5,20;2,16,5,15,20;8,9,19,17,14;1,20,2,10,15,3,16;0,10,19,9,11,18;0,22,13,23,18;4,9,12,13,22,14;4,8,12,11,6,19;0,6,19,17,21,15,5,2,16;6,9,12,23,18;8,9,11,23,13;7,22,8,12,23;4,17,21,22,8;3,5,10,21,20;0,10,2,3,5,1;4,14,21,10,19;0,7,23,11,6;4,17,10,6,9;1,5,2,3,15,21;0,1,20,15,10,17,14,22;0,7,13,8,14,21;7,13,12,11,18
rp2_c33_w36_t955 24 1,16,10,6,18,7,22,21;0,16,5,20,15,21;3,16,10,5,20;2,16,5,15,20;8,9,19,17,14;1,20,2,10,15,3,16;0,10,19,9,11,18;0,22,13,23,18;4,9,12,13,22,14;4,8,12,11,6,19;0,6,19,17,21,15,5,2,16;6,9,12,23,18;8,9,11,23,13;7,22,8,12,23;4,17,21,22,8;1,20,3,5,10,21;0,10,2,3,5,1;4,14,21,10,19;0,7,23,11,6;4,17,10,6,9;1,5,2,3,15;0,1,15,10,17,14,22;0,7,13,8,14,21;7,13,12,11,18
rp2_c33_w36_t961 24 6,10,16,21,22,7,18;5,20,15,21,16;3,16,10,5,20;2,16,5,15,20;8,9,19,17,14;1,20,2,10,15,3,16;0,10,19,9,11,18;0,22,13,23,18;4,9,12,13,22,14;4,8,12,11,6,19;0,6,19,17,21,15,5,2,16;6,9,12,23,18;8,9,11,23,13;7,22,8,12,23;4,17,21,22,8;1,20,3,5,10,21;0,10,2,3,5,1,21;4,14,21,10,19;0,7,23,11,6;4,17,10,6,9;1,5,2,3,15;0,16,1,15,10,17,14,22;0,7,13,8,14,21;7,13,12,11,18
rp2_c33_w36_t1008 24 2,10,6,18,7,22,21,16;5,20,15,21,16;0,10,5,20,3,16;2,16,5,15,20;8,9,19,17,14;1,20,2,10,15,3,16;0,10,19,9,11,18;0,22,13,23,18;4,9,12,13,22,14;4,8,12,11,6,19;0,6,19,17,21,15,5,2;6,9,12,23,18;8,9,11,23,13;7,22,8,12,23;4,17,21,22,8;1,20,3,5,10,21;0,21,1,5,3,2;4,14,21,10,19;0,7,23,11,6;4,17,10,6,9;1,5,2,3,15;0,16,1,15,10,17,14,22;0,7,13,8,14,21;7,13,12,11,18
rp2_c33_w36_t1052 24 2,5,10,6,18,7,22,21,16;5,20,15,21,16;0,5,20,3,16;2,16,5,15,20;8,9,19,17,14;0,2,20,1,16,3,15,10;0,10,19,9,11,18;0,22,13,23,18;4,9,12,13,22,14;4,8,12,11,6,19;0,6,19,17,21,15,5;6,9,12,23,18;8,9,11,23,13;7,22,8,12,23;4,17,21,22,8;1,20,3,5,10,21;0,21,1,5,3,2;4,14,21,10,19;0,7,23,11,6;4,17,10,6,9;1,5,2,3,15;0,16,1,15,10,17,14,22;0,7,13,8,14,21;7,13,12,11,18
rp2_c33_w36_t1086 24 2,5,10,6,18,7,22,21,16;5,20,15,10,21,16;0,5,20,3,16;2,16,5,15,20;8,9,19,17,14;0,2,20,1,16,3,15,10;0,10,19,9,11,18;0,22,13,23,18;4,9,12,13,22,14;4,8,12,11,6,19;0,6,19,17,21,1,15,5;6,9,12,23,18;8,9,11,23,13;7,22,8,12,23;4,17,21,22,8;1,10,5,3,20;0,21,1,5,3,2;4,14,21,10,19;0,7,23,11,6;4,17,10,6,9;1,5,2,3,15;0,16,1,10,17,14,22;0,7,13,8,14,21;7,13,12,11,18
rp2_c33_w36_t1089 24 2,5,6,18,7,22,21,16;5,20,15,10,21,16;0,5,20,3,16;2,16,5,15,20;8,9,19,17,14;0,6,10,15,3,16,1,20,2;0,5,10,19,9,11,18;0,22,13,23,18;4,9,12,13,22,14;4,8,12,11,6,19;1,15,5,6,19,17,21;6,9,12,23,18;8,9,11,23,13;7,22,8,12,23;4,17,21,22,8;1,10,5,3,20;0,21,1,5,3,2;4,14,21,10,19;0,7,23,11,6;4,17,10,6,9;1,5,2,3,15;0,16,1,10,17,14,22;0,7,13,8,14,21;7,13,12,11,18
rp2_c33_w36_t1182 24 2,5,10,6,18,7,22,21,16;5,20,15,10,21,16;0,5,20,3,16;2,16,5,15,20;8,9,19,17,14;0,10,15,3,16,1,20,2;0,10,19,9,11,18;0,22,13,23,18;4,9,12,13,22,14;4,8,12,11,6,19;0,5,15,1,21,17,19,6;6,9,12,23,18;8,9,11,23,13;7,22,8,12,23;4,17,21,22,8;1,10,5,3,20;0,21,1,5,3,2;4,14,21,10,19;0,7,23,11,6;4,17,10,6,9;1,5,2,3,15;0,16,1,10,17,14,22;0,7,13,8,14,21;7,13,12,11,18
rp2_c33_w36_t1215 24 2,10,6,18,7,22,21,16;5,20,15,10,21,16;0,10,5,20,3,16;2,16,5,15,20;8,9,19,17,14;1,20,2,10,15,3,16;0,10,19,9,11,18;0,22,13,23,18;4,9,12,13,22,14;4,8,12,11,6,19;0,2,5,15,1,21,17,19,6;6,9,12,23,18;8,9,11,23,13;7,22,8,12,23;4,17,21,22,8;1,10,5,3,20;0,21,1,5,3,2;4,14,21,10,19;0,7,23,11,6;4,17,10,6,9;1,5,2,3,15;0,16,1,10,17,14,22;0,7,13,8,14,21;7,13,12,11,18
rp2_c33_w36_t1230 24 2,10,6,18,7,22,21,16;5,20,15,10,21;0,10,5,20,3,16;2,16,5,15,20;8,9,19,17,14;1,20,2,10,15,3,16,21;0,10,19,9,11,18;0,22,13,23,18;4,9,12,13,22,14;4,8,12,11,6,19;0,2,5,15,1,21,17,19,6;6,9,12,23,18;8,9,11,23,13;7,22,8,12,23;4,17,21,22,8;1,10,5,3,20;0,21,5,3,2;4,14,21,10,19;0,7,23,11,6;4,17,10,6,9;1,5,2,3,15;0,16,5,1,10,17,14,22;0,7,13,8,14,21;7,13,12,11,18
rp2_c33_w36_t1240 24 2,10,6,18,7,22,21,16;5,20,15,21,16;0,10,5,20,3,16;2,16,5,15,20;8,9,19,17,14;1,20,2,10,15,3,16;0,10,19,9,11,18;0,22,13,23,18;4,9,12,13,22,14;4,8,12,11,6,19;0,2,5,15,21,17,19,6;6,9,12,23,18;8,9,11,23,13;7,22,8,12,23;4,17,21,22,8;1,21,10,5,3,20;0,21,1,5,3,2;4,14,21,10,19;0,7,23,11,6;4,17,10,6,9;1,5,2,3,15;0,16,1,15,10,17,14,22;0,7,13,8,14,21;7,13,12,11,18
rp2_c33_w36_t1254 24 2,5,10,6,18,7,22,21,16;5,20,15,21,16;0,5,20,3,16;2,16,5,15,20;8,9,19,17,14;0,2,20,1,16,3,15,10;0,10,19,9,11,18;0,22,13,23,18;4,9,12,13,22,14;4,8,12,11,6,19;0,5,15,21,17,19,6;6,9,12,23,18;8,9,11,23,13;7,22,8,12,23;4,17,21,22,8;1,21,10,5,3,20;0,21,1,5,3,2;4,14,21,10,19;0,7,23,11,6;4,17,10,6,9;1,5,2,3,15;0,16,1,15,10,17,14,22;0,7,13,8,14,21;7,13,12,11,18
rp2_c33_w36_t1261 24 2,5,10,6,18,7,22,21,16;5,20,15,21,16;0,5,20,3,16;2,16,5,10,15,20;8,9,19,17,14;0,2,20,1,16,3,10;0,10,19,9,11,18;0,22,13,23,18;4,9,12,13,22,14;4,8,12,11,6,19;0,5,3,15,21,17,19,6;6,9,12,23,18;8,9,11,23,13;7,22,8,12,23;4,17,21,22,8;1,21,10,3,20;0,21,1,5,3,2;4,14,21,10,19;0,7,23,11,6;4,17,10,6,9;1,5,2,3,15;0,16,1,15,10,17,14,22;0,7,13,8,14,21;7,13,12,11,18
rp2_c33_w36_t1350 24 2,5,10,6,18,7,22,21,16;5,20,15,10,21;0,5,20,3,16;2,16,5,15,20;8,9,19,17,14;0,2,20,1,21,16,3,15,10;0,10,19,9,11,18;0,22,13,23,18;4,9,12,13,22,14;4,8,12,11,6,19;0,5,15,1,21,17,19,6;6,9,12,23,18;8,9,11,23,13;7,22,8,12,23;4,17,21,22,8;1,10,5,3,20;0,21,5,3,2;4,14,21,10,19;0,7,23,11,6;4,17,10,6,9;1,5,2,3,15;0,16,5,1,10,17,14,22;0,7,13,8,14,21;7,13,12,11,18
rp2_c33_w36_t1390 24 2,5,15,10,6,18,7,22,21,16;5,20,15,10,21;0,5,20,3,16;2,16,5,15,20;8,9,19,17,14;0,2,20,1,21,16,3,15;0,10,19,9,11,18;0,22,13,23,18;4,9,12,13,22,14;4,8,12,11,6,19;0,6,19,17,21,1,15;6,9,12,23,18;8,9,11,23,13;7,22,8,12,23;4,17,21,22,8;0,5,3,20,1,10;0,21,5,3,2;4,14,21,10,19;0,7,23,11,6;4,17,10,6,9;1,5,2,3,15;0,16,5,1,10,17,14,22;0,7,13,8,14,21;7,13,12,11,18
rp2_c33_w36_t1404 24 2,5,15,10,6,18,7,22,16;5,20,15,10,21;0,5,20,3,16;2,16,5,15,20;8,9,19,17,14;0,2,20,1,21,16,3,15;0,10,19,9,11,18;0,22,13,23,18;4,9,12,13,22,14;4,8,12,11,6,19;0,6,19,17,21,1,15;6,9,12,23,18;8,9,11,23,13;7,22,8,12,23;4,17,21,22,8;0,5,3,20,1,10;0,22,21,5,3,2;4,14,21,10,19;0,7,23,11,6;4,17,10,6,9;1,5,2,3,15;1,5,16,22,14,17,10;0,7,13,8,14,21,16;7,13,12,11,18
rp2_c33_w36_t1555 24 2,5,15,10,6,18,7,22,16;5,20,15,10,21;0,5,20,3,16;2,16,21,5,15,20;8,9,19,17,14;0,2,20,1,21,3,15;0,10,19,9,11,18;0,22,13,23,18;4,9,12,13,22,14;4,8,12,11,6,19;0,6,19,17,21,1,15;6,9,12,23,18;8,9,11,23,13;7,22,8,12,23;4,17,21,22,8;0,5,3,20,1,10;0,22,21,3,2;4,14,21,10,19;0,7,23,11,6;4,17,10,6,9;1,5,2,3,15;1,5,3,16,22,14,17,10;0,7,13,8,14,21,16;7,13,12,11,18
rp2_c33_w36_t1577 24 2,5,15,10,6,18,7,22,16;5,20,15,10,21,16;0,5,20,3,16;2,16,5,15,20;8,9,19,17,14;0,2,20,1,16,3,15;0,10,19,9,11,18;0,22,13,23,18;4,9,12,13,22,14;4,8,12,11,6,19;0,6,19,17,21,1,15;6,9,12,23,18;8,9,11,23,13;7,22,8,12,23;4,17,21,22,8;0,5,3,20,1,10;0,22,21,1,5,3,2;4,14,21,10,19;0,7,23,11,6;4,17,10,6,9;1,5,2,3,15;1,16,22,14,17,10;0,7,13,8,14,21,16;7,13,12,11,18
rp2_c33_w36_t1578 24 2,5,15,10,6,18,7,22;5,20,15,10,21;0,5,20,3,16,22;2,16,5,15,20;8,9,19,17,14;0,2,20,1,21,16,3,15;0,10,19,9,11,18;0,22,13,23,18;4,9,12,13,22,14;4,8,12,11,6,19;0,6,19,17,21,1,15;6,9,12,23,18;8,9,11,23,13;7,22,8,12,23;4,17,21,22,8;0,5,3,20,1,10;2,3,5,21,22;4,14,21,10,19;0,7,23,11,6;4,17,10,6,9;1,5,2,3,15;1,5,16,22,14,17,10;0,7,13,8,14,21,16,2;7,13,12,11,18
rp2_c33_w36_t1585 24 2,5,15,10,6,18,7,22;5,20,15,10,17,21;0,5,20,3,16,22;2,16,5,15,20;8,9,19,17,14;0,2,20,1,21,16,3,15;0,10,19,9,11,18;0,22,13,23,18;4,9,12,13,22,14;4,8,12,11,6,19;0,6,19,17,1,15;6,9,12,23,18;8,9,11,23,13;7,22,8,12,23;4,17,21,22,8;0,5,3,20,1,10;2,3,5,21,22;1,10,19,4,14,21;0,7,23,11,6;4,17,10,6,9;1,5,2,3,15;1,5,16,22,14,17;0,7,13,8,14,21,16,2;7,13,12,11,18
rp2_c33_w36_t1588 24 2,5,15,10,6,18,7,22;5,20,15,10,17,21,16;0,5,20,3,16,22;2,16,5,15,20;8,9,19,17,14;0,2,20,1,16,3,15;0,10,19,9,11,18;0,22,13,23,18;4,9,12,13,22,14;4,8,12,11,6,19;0,6,19,17,1,15;6,9,12,23,18;8,9,11,23,13;7,22,8,12,23;4,17,21,22,8;0,5,3,20,1,10;1,5,3,2,22,21;1,10,19,4,14,21;0,7,23,11,6;4,17,10,6,9;1,5,2,3,15;1,16,22,14,17;0,7,13,8,14,21,16,2;7,13,12,11,18
rp2_c33_w36_t1661 24 2,5,15,10,6,18,7,22;5,20,15,17,21;0,5,20,3,16,22;2,16,5,15,20;8,9,19,17,14;0,2,20,1,21,16,3,15;0,10,19,9,11,18;0,22,13,23,18;4,9,12,13,22,14;4,8,12,11,6,19;0,6,19,17,15;6,9,12,23,18;8,9,11,23,13;7,22,8,12,23;4,17,21,22,8;0,5,3,20,1,17,10;2,3,5,21,22;1,15,10,19,4,14,21;0,7,23,11,6;4,17,10,6,9;1,5,2,3,15;1,5,16,22,14,17;0,7,13,8,14,21,16,2;7,13,12,11,18
rp2_c33_w36_t1781 24 2,5,15,10,6,18,7,22;5,20,15,17,14,21;0,5,20,3,16,22;2,16,5,15,20;8,9,19,17,14;0,2,20,1,21,16,3,15;0,10,19,9,11,18;0,22,13,23,18;4,9,12,13,22,14;4,8,12,11,6,19;0,6,19,17,15;6,9,12,23,18;8,9,11,23,13;7,22,8,12,23;1,17,4,8,22,21;0,5,3,20,1,17,10;2,3,5,21,22;1,15,10,19,4,14;0,7,23,11,6;4,17,10,6,9;1,5,2,3,15;1,5,16,22,14;0,7,13,8,14,21,16,2;7,13,12,11,18
rp2_c33_w36_t1875 24 2,5,15,10,6,18,7,22;5,20,15,14,21;0,5,20,3,16,22;2,16,5,15,20;8,9,19,17,14;0,2,20,1,21,16,3,15;0,10,19,9,11,18;0,22,13,23,18;4,9,12,13,22,14;4,8,12,11,6,19;0,6,19,17,15;6,9,12,23,18;8,9,11,23,13;7,22,8,12,23;1,15,17,4,8,22,21;0,5,3,20,1,14,17,10;2,3,5,21,22;4,14,15,10,19;0,7,23,11,6;4,17,10,6,9;1,5,2,3,15;1,5,16,22,14;0,7,13,8,14,21,16,2;7,13,12,11,18
rp2_c33_w36_t1879 24 5,22,7,18,6,10,15;5,20,15,14,21;3,16,22,5,20;2,16,5,15,20;8,9,19,17,14;0,22,2,20,1,21,16,3,15;0,10,19,9,11,18;0,22,13,23,18;4,9,12,13,22,14;4,8,12,11,6,19;0,6,19,17,15;6,9,12,23,18;8,9,11,23,13;7,22,8,12,23;1,15,17,4,8,22,21;0,5,3,20,1,14,17,10;2,3,5,21,22;4,14,15,10,19;0,7,23,11,6;4,17,10,6,9;1,5,2,3,15;1,5,16,22,14;0,5,2,16,21,14,8,13,7;7,13,12,11,18
rp2_c33_w36_t1881 24 3,5,22,7,18,6,10,15;5,20,15,14,21;3,16,22,5,20;0,5,16,2,20,15;8,9,19,17,14;0,22,2,20,1,21,16,3;0,10,19,9,11,18;0,22,13,23,18;4,9,12,13,22,14;4,8,12,11,6,19;0,6,19,17,15;6,9,12,23,18;8,9,11,23,13;7,22,8,12,23;1,15,17,4,8,22,21;0,3,20,1,14,17,10;2,3,5,21,22;4,14,15,10,19;0,7,23,11,6;4,17,10,6,9;1,5,2,3,15;1,5,16,22,14;0,5,2,16,21,14,8,13,7;7,13,12,11,18
rp2_c33_w36_t1938 24 2,5,3,15,10,6,18,7,22;5,20,15,14,21;0,5,20,3,16,22;0,5,16,2,20,15;8,9,19,17,14;0,2,20,1,21,16,3;0,10,19,9,11,18;0,22,13,23,18;4,9,12,13,22,14;4,8,12,11,6,19;0,6,19,17,15;6,9,12,23,18;8,9,11,23,13;7,22,8,12,23;1,15,17,4,8,22,21;0,3,20,1,14,17,10;2,3,5,21,22;4,14,15,10,19;0,7,23,11,6;4,17,10,6,9;1,5,2,3,15;1,5,16,22,14;0,7,13,8,14,21,16,2;7,13,12,11,18
rp2_c33_w36_t1968 24 6,10,15,22,7,18;5,20,15,14,21;3,16,22,5,20;2,16,5,15,20;8,9,19,17,14;1,20,2,22,15,3,16,21;0,10,19,9,11,18;0,22,13,23,18;4,9,12,13,22,14;4,8,12,11,6,19;0,6,19,17,15;6,9,12,23,18;8,9,11,23,13;7,22,8,12,23;1,15,17,4,8,22,21;0,22,5,3,20,1,14,17,10;2,3,5,21,22;4,14,15,10,19;0,7,23,11,6;4,17,10,6,9;1,5,2,3,15;1,5,16,22,14;0,15,5,2,16,21,14,8,13,7;7,13,12,11,18
rp2_c33_w43_t461 29 3,14,15,16,8,9,19;2,24,17,11,15,18,26;1,24,20,27,13,22,26;0,14,13,27,19;12,28,18,26,22;7,21,8,16,17,11;7,10,17,16,15,11;5,21,10,6,11;0,16,5,21,25,9;0,8,25,20,19;6,7,21,23,17;1,17,5,7,6,15;4,28,14,13,22;2,22,12,14,3,27;0,3,13,12,28,15;0,14,28,18,1,11,6,16;0,8,5,17,6,15;1,24,23,10,6,16,5,11;1,15,28,4,26;0,3,27,20,9;2,27,19,9,25,23,24;5,7,10,23,25,8;2,26,4,12,13;10,21,25,20,24,17;1,2,20,23,17;8,9,20,23,21;1,2,22,4,18;2,20,19,3,13;4,18,15,14,12
rp2_c33_w43_t544 29 3,14,15,16,8,9,19;2,24,17,5,11,15,18,26;1,24,20,27,13,22,26;0,14,13,27,19;12,28,18,26,22;1,11,7,21,8,16,17;7,10,17,16,15,11;5,21,10,6,11;0,16,5,21,25,9;0,8,25,20,19;6,7,21,23,17;1,5,7,6,15;4,28,14,13,22;2,22,12,14,3,27;0,3,13,12,28,15;0,14,28,18,1,11,6,16;0,8,5,17,6,15;1,24,23,10,6,16,5;1,15,28,4,26;0,3,27,20,9;2,27,19,9,25,23,24;5,7,10,23,25,8;2,26,4,12,13;10,21,25,20,24,17;1,2,20,23,17;8,9,20,23,21;1,2,22,4,18;2,20,19,3,13;4,18,15,14,12
rp2_c33_w43_t633 29 3,14,15,16,8,9,19;2,24,17,16,5,11,15,18,26;1,24,20,27,13,22,26;0,14,13,27,19;12,28,18,26,22;1,11,7,21,8,16;7,10,17,16,15,11;5,21,10,6,11;0,16,5,21,25,9;0,8,25,20,19;6,7,21,23,17;1,5,7,6,15;4,28,14,13,22;2,22,12,14,3,27;0,3,13,12,28,15;0,14,28,18,1,11,6,16;0,8,5,1,17,6,15;1,24,23,10,6,16;1,15,28,4,26;0,3,27,20,9;2,27,19,9,25,23,24;5,7,10,23,25,8;2,26,4,12,13;10,21,25,20,24,17;1,2,20,23,17;8,9,20,23,21;1,2,22,4,18;2,20,19,3,13;4,18,15,14,12
rp2_c33_w49_t370 32 2,8,21,26,6,15;10,22,12,18,24,25,30;0,8,14,25,23,15;16,20,30,25,29;17,27,24,18,23;11,31,17,28,19,13;0,26,12,18,15;8,14,9,27,17,21;0,2,14,7,21;7,14,25,24,27;1,22,19,13,30;5,31,16,20,13;1,18,6,26,22;5,11,20,30,10,19;2,25,9,7,8;0,2,23,18,6;3,20,11,31,29;4,27,7,21,28,5,31,29,25,23;1,12,6,15,23,4,24;5,13,10,22,28;3,16,11,13,30;0,8,7,17,28,22,26;1,10,19,28,21,26,12;2,15,18,4,17,25;1,25,9,27,4,18;1,24,9,14,2,23,17,29,3,30;0,6,12,22,21;4,17,7,9,24;5,17,21,22,19;3,25,17,31,16;1,25,3,20,13,10;5,17,29,16,11
rp2_c33_w49_t374 32 2,8,21,26,6,15;10,22,12,18,24,25,30;0,8,14,25,15;16,20,30,25,29;17,27,24,18,23;11,31,17,28,19,13;0,26,12,18,15;8,14,9,27,17,21;0,2,14,7,21;7,14,25,24,27;1,22,19,13,30;5,31,16,20,13;1,18,6,26,22;5,11,20,30,10,19;2,25,9,7,8;0,2,25,23,18,6;3,20,11,31,29;4,27,7,21,28,5,31,29,25,23;1,12,6,15,23,4,24;5,13,10,22,28;3,16,11,13,30;0,8,7,17,28,22,26;1,10,19,28,21,26,12;4,18,15,25,17;1,25,9,27,4,18;1,24,9,14,2,15,23,17,29,3,30;0,6,12,22,21;4,17,7,9,24;5,17,21,22,19;3,25,17,31,16;1,25,3,20,13,10;5,17,29,16,11
rp2_c33_w49_t409 32 2,8,21,26,6,15;10,22,12,18,24,25,30;0,8,14,25,23,15;16,20,30,25,29;15,18,24,27,17,23;11,31,17,28,19,13;0,26,12,18,15;8,14,9,27,17,21;0,2,14,7,21;7,14,25,24,27;1,22,19,13,30;5,31,16,20,13;1,18,6,26,22;5,11,20,30,10,19;2,25,9,7,8;0,2,23,4,18,6;3,20,11,31,29;4,27,7,21,28,5,31,29,25,23;1,12,6,15,4,24;5,13,10,22,28;3,16,11,13,30;0,8,7,17,28,22,26;1,10,19,28,21,26,12;2,15,4,17,25;1,25,9,27,4,18;1,24,9,14,2,23,17,29,3,30;0,6,12,22,21;4,17,7,9,24;5,17,21,22,19;3,25,17,31,16;1,25,3,20,13,10;5,17,29,16,11
rp2_c33_w49_t430 32 2,8,21,26,6,15;10,22,12,24,25,30;0,8,14,25,23,15;16,20,30,25,29;17,27,24,18,23;11,31,17,28,19,13;0,26,12,18,15;8,14,9,27,17,21;0,2,14,7,21;7,14,25,24,27;1,22,19,13,30;5,31,16,20,13;1,24,18,6,26,22;5,11,20,30,10,19;2,25,9,7,8;0,2,23,18,6;3,20,11,31,29;4,27,7,21,28,5,31,29,25,23;4,24,12,6,15,23;5,13,10,22,28;3,16,11,13,30;0,8,7,17,28,22,26;1,10,19,28,21,26,12;2,15,18,4,17,25;1,25,9,27,4,18,12;1,24,9,14,2,23,17,29,3,30;0,6,12,22,21;4,17,7,9,24;5,17,21,22,19;3,25,17,31,16;1,25,3,20,13,10;5,17,29,16,11
rp2_c33_w49_t462 32 2,8,21,26,6,15;10,22,12,24,25,30;0,8,14,25,15;16,20,30,25,29;17,27,24,18,23;11,31,17,28,19,13;0,26,12,18,15;8,14,9,27,17,21;0,2,14,7,21;7,14,25,24,27;1,22,19,13,30;5,31,16,20,13;1,24,18,6,26,22;5,11,20,30,10,19;2,25,9,7,8;0,2,25,23,18,6;3,20,11,31,29;4,27,7,21,28,5,31,29,25,23;4,24,12,6,15,23;5,13,10,22,28;3,16,11,13,30;0,8,7,17,28,22,26;1,10,19,28,21,26,12;4,18,15,25,17;1,25,9,27,4,18,12;1,24,9,14,2,15,23,17,29,3,30;0,6,12,22,21;4,17,7,9,24;5,17,21,22,19;3,25,17,31,16;1,25,3,20,13,10;5,17,29,16,11
rp2_c33_w49_t518 32 2,8,21,26,6,15;10,22,12,24,25,30;0,8,14,25,23,15;16,20,30,25,29;17,27,24,18,23;11,31,17,28,19,13;0,26,12,18,15;8,14,9,27,21;0,2,14,7,21;7,14,25,24,27;1,22,19,13,30;5,31,16,20,13;1,24,18,6,26,22;5,11,20,30,10,19;2,25,9,7,8;0,2,23,18,6;3,20,11,31,29;4,27,21,28,5,31,29,25,23;4,24,12,6,15,23;5,13,10,22,28;3,16,11,13,30;0,8,7,27,17,28,22,26;1,10,19,28,21,26,12;2,15,18,4,17,25;1,25,9,27,4,18,12;1,24,9,14,2,23,17,29,3,30;0,6,12,22,21;4,17,21,7,9,24;5,17,21,22,19;3,25,17,31,16;1,25,3,20,13,10;5,17,29,16,11
rp2_c33_w49_t617 32 2,8,21,26,6,15;10,22,12,24,25,30;0,8,14,25,23,15;16,20,30,25,29;15,18,24,27,17,23;11,31,17,28,19,13;0,26,12,18,15;8,14,9,27,17,21;0,2,14,7,21;7,14,25,24,27;1,22,19,13,30;5,31,16,20,13;1,24,18,6,26,22;5,11,20,30,10,19;2,25,9,7,8;0,2,23,4,18,6;3,20,11,31,29;4,27,7,21,28,5,31,29,25,23;4,24,12,6,15;5,13,10,22,28;3,16,11,13,30;0,8,7,17,28,22,26;1,10,19,28,21,26,12;2,15,4,17,25;1,25,9,27,4,18,12;1,24,9,14,2,23,17,29,3,30;0,6,12,22,21;4,17,7,9,24;5,17,21,22,19;3,25,17,31,16;1,25,3,20,13,10;5,17,29,16,11
torus_c34_w11_t947 32 4,23,12,31,14,25,26,29;2,6,9,13,22,21,8;1,6,26,29,7,8;5,23,12,13,30,28;0,23,24,27,29;3,23,11,15,28;1,2,26,25,27,29,9;2,29,9,31,14,20,8;1,21,20,7,2;1,6,29,7,31,13;14,25,27,18,16,19,20;5,23,24,18,16,15;0,31,13,3,23;1,9,31,12,3,30,22;0,25,10,20,7,31;5,11,16,17,28;10,18,11,15,17,22,19;15,16,22,30,28;10,27,24,11,16;10,16,22,21,20;7,8,21,19,10,14;1,8,20,19,22;1,21,19,16,17,30,13;0,4,24,11,5,3,12;4,23,11,18,27;0,14,10,27,6,26;0,25,6,2,29;4,24,18,10,25,6,29;3,30,17,15,5;0,4,27,6,9,7,2,26;3,13,22,17,28;0,12,13,9,7,14
torus_c34_w11_t964 32 4,23,12,31,14,25,26,29;6,8,21,22,13,9;6,8,7,29,26;5,23,12,13,30,28;0,23,24,27,29;3,23,11,15,28;1,8,2,26,25,27,29,9;2,29,9,31,14,20,8;1,6,2,7,20,21;1,6,29,7,31,13;14,25,27,18,16,19,20;5,23,24,18,16,15;0,31,13,3,23;1,9,31,12,3,30,22;0,25,10,20,7,31;5,11,16,17,28;10,18,11,15,17,22,19;15,16,22,30,28;10,27,24,11,16;10,16,22,21,20;7,8,21,19,10,14;1,8,20,19,22;1,21,19,16,17,30,13;0,4,24,11,5,3,12;4,23,11,18,27;0,14,10,27,6,26;0,25,6,2,29;4,24,18,10,25,6,29;3,30,17,15,5;0,4,27,6,9,7,2,26;3,13,22,17,28;0,12,13,9,7,14
torus_c34_w11_t1029 32 4,23,12,31,14,25,26,29;2,6,9,13,22,21,8;1,6,26,7,8;5,23,12,13,30,28;0,23,24,27,29;3,23,11,15,28;1,2,26,25,27,29,9;2,26,29,9,31,14,20,8;1,21,20,7,2;1,6,29,7,31,13;14,25,27,18,16,19,20;5,23,24,18,16,15;0,31,13,3,23;1,9,31,12,3,30,22;0,25,10,20,7,31;5,11,16,17,28;10,18,11,15,17,22,19;15,16,22,30,28;10,27,24,11,16;10,16,22,21,20;7,8,21,19,10,14;1,8,20,19,22;1,21,19,16,17,30,13;0,4,24,11,5,3,12;4,23,11,18,27;0,14,10,27,6,26;0,25,6,2,7,29;4,24,18,10,25,6,29;3,30,17,15,5;0,4,27,6,9,7,26;3,13,22,17,28;0,12,13,9,7,14
torus_c34_w11_t1083 32 4,23,12,31,14,25,26,29;2,9,13,22,21,8;1,9,6,26,29,7,8;5,23,12,13,30,28;0,23,24,27,29;3,23,11,15,28;2,9,29,27,25,26;2,29,9,31,14,20,8;1,21,20,7,2;1,2,6,29,7,31,13;14,25,27,18,16,19,20;5,23,24,18,16,15;0,31,13,3,23;1,9,31,12,3,30,22;0,25,10,20,7,31;5,11,16,17,28;10,18,11,15,17,22,19;15,16,22,30,28;10,27,24,11,16;10,16,22,21,20;7,8,21,19,10,14;1,8,20,19,22;1,21,19,16,17,30,13;0,4,24,11,5,3,12;4,23,11,18,27;0,14,10,27,6,26;0,25,6,2,29;4,24,18,10,25,6,29;3,30,17,15,5;0,4,27,6,9,7,2,26;3,13,22,17,28;0,12,13,9,7,14
torus_c34_w11_t1129 32 4,23,12,31,14,25,26,29;2,9,13,22,21,8;1,9,6,26,7,8;5,23,12,13,30,28;0,23,24,27,29;3,23,11,15,28;2,9,29,27,25,26;2,26,29,9,31,14,20,8;1,21,20,7,2;1,2,6,29,7,31,13;14,25,27,18,16,19,20;5,23,24,18,16,15;0,31,13,3,23;1,9,31,12,3,30,22;0,25,10,20,7,31;5,11,16,17,28;10,18,11,15,17,22,19;15,16,22,30,28;10,27,24,11,16;10,16,22,21,20;7,8,21,19,10,14;1,8,20,19,22;1,21,19,16,17,30,13;0,4,24,11,5,3,12;4,23,11,18,27;0,14,10,27,6,26;0,25,6,2,7,29;4,24,18,10,25,6,29;3,30,17,15,5;0,4,27,6,9,7,26;3,13,22,17,28;0,12,13,9,7,14
torus_c34_w17_t416 24 3,6,5,9,4,22;2,11,23,20,17;1,11,22,3,17;0,6,23,19,17,2,22;0,9,8,7,22;0,6,15,10,9;0,5,15,16,11,23,3;4,8,14,12,22;4,9,13,14,7;0,4,8,13,10,5;5,9,13,18,15;1,2,22,12,21,16,6,23;7,14,19,17,21,11,22;8,9,10,18,19,14;7,12,19,13,8;5,6,16,18,10;6,15,18,19,20,21,11;1,2,3,19,12,21,20;10,13,19,16,15;3,17,12,14,13,18,16,20,23;1,17,21,16,19,23;11,12,17,20,16;0,4,7,12,11,2,3;1,11,6,3,19,20
torus_c34_w17_t417 24 3,6,5,9,4,22;2,11,23,20,17;1,11,22,3,17;0,6,23,19,12,17,2,22;0,9,8,7,22;0,6,15,10,9;0,5,15,16,11,23,3;4,8,14,12,22;4,9,13,14,7;0,4,8,13,10,5;5,9,13,18,15;1,2,22,12,21,16,6,23;3,17,21,11,22,7,14,19;8,9,10,18,19,14;7,12,19,13,8;5,6,16,18,10;6,15,18,19,20,21,11;1,2,3,12,21,20;10,13,19,16,15;3,12,14,13,18,16,20,23;1,17,21,16,19,23;11,12,17,20,16;0,4,7,12,11,2,3;1,11,6,3,19,20
torus_c34_w38_t1267 29 1,7,28,5,20;0,7,22,4,20;3,8,14,27,22,17;2,8,10,26,17;1,20,9,8,10,24,15,22;0,28,16,23,10,26,9,20;11,12,21,28,16;0,1,22,21,28;2,3,10,4,9,14;4,8,14,26,5,20;3,8,4,24,13,25,18,23,5,26;6,12,18,23,16;6,21,25,18,11;10,25,22,27,19,24;2,8,9,26,17,22,15,19,27;4,22,14,19,24;5,23,11,6,28;2,3,26,14,22;10,25,12,11,23;13,24,15,14,27;0,5,9,4,1;6,28,7,22,25,12;1,7,21,25,13,27,2,17,14,15,4;5,16,11,18,10;4,10,13,19,15;10,13,22,21,12,18;3,10,5,9,14,17;2,22,13,19,14;0,5,16,6,21,7
torus_c34_w38_t1275 29 1,7,28,5,20;0,7,22,4,20;3,8,14,27,22,17;2,8,10,26,17;1,20,9,8,24,15,22;0,28,16,23,10,26,9,20;11,12,21,28,16;0,1,22,21,28;2,3,10,24,4,9,14;4,8,14,26,5,20;3,8,24,13,25,18,23,5,26;6,12,18,23,16;6,21,25,18,11;10,25,22,27,19,24;2,8,9,26,17,22,15,19,27;4,22,14,19,24;5,23,11,6,28;2,3,26,14,22;10,25,12,11,23;13,24,15,14,27;0,5,9,4,1;6,28,7,22,25,12;1,7,21,25,13,27,2,17,14,15,4;5,16,11,18,10;4,8,10,13,19,15;10,13,22,21,12,18;3,10,5,9,14,17;2,22,13,19,14;0,5,16,6,21,7
torus_c34_w38_t1289 29 1,7,28,5,20;0,7,22,4,20;3,8,14,27,22,17;2,8,10,26,17;1,20,9,8,24,15,22;0,28,16,23,10,26,9,20;11,12,21,28,16;0,1,22,21,28;2,3,10,24,4,9,26,14;4,8,26,5,20;3,8,24,13,25,18,23,5,26;6,12,18,23,16;6,21,25,18,11;10,25,22,27,19,24;2,8,26,17,22,15,19,27;4,22,14,19,24;5,23,11,6,28;2,3,26,14,22;10,25,12,11,23;13,24,15,14,27;0,5,9,4,1;6,28,7,22,25,12;1,7,21,25,13,27,2,17,14,15,4;5,16,11,18,10;4,8,10,13,19,15;10,13,22,21,12,18;3,10,5,9,8,14,17;2,22,13,19,14;0,5,16,6,21,7
torus_c34_w38_t1329 29 1,7,28,5,20;0,7,22,4,20;3,8,14,27,22,17;2,8,10,26,17;1,20,9,8,24,15,22;0,28,16,23,10,26,9,20;11,12,21,28,16;0,1,22,21,28;2,3,10,24,4,9,26,14;4,8,26,5,20;3,8,24,13,25,18,23,5,26;6,12,18,23,16;6,21,25,18,11;10,25,27,19,24;2,8,26,17,22,15,19,27;4,22,14,19,24;5,23,11,6,28;2,3,26,14,22;10,25,12,11,23;13,24,15,14,27;0,5,9,4,1;6,28,7,22,25,12;1,7,21,25,27,2,17,14,15,4;5,16,11,18,10;4,8,10,13,19,15;10,13,27,22,21,12,18;3,10,5,9,8,14,17;2,22,25,13,19,14;0,5,16,6,21,7
torus_c34_w38_t1333 29 1,7,28,5,20;0,7,22,4,20;3,8,14,27,22,17;2,8,10,26,17;1,20,9,8,24,15,22;0,28,16,23,10,26,9,20;11,12,21,28,16;0,1,22,21,28;2,3,10,24,4,9,14;4,8,14,26,5,20;3,8,24,13,25,18,23,5,26;6,12,18,23,16;6,21,25,18,11;10,25,27,19,24;2,8,9,26,17,22,15,19,27;4,22,14,19,24;5,23,11,6,28;2,3,26,14,22;10,25,12,11,23;13,24,15,14,27;0,5,9,4,1;6,28,7,22,25,12;1,7,21,25,27,2,17,14,15,4;5,16,11,18,10;4,8,10,13,19,15;10,13,27,22,21,12,18;3,10,5,9,14,17;2,22,25,13,19,14;0,5,16,6,21,7
torus_c34_w38_t1334 29 1,7,28,5,20;0,7,22,4,20;3,8,14,27,22,17;2,8,10,26,17;1,20,9,24,15,22;0,28,16,23,10,26,9,20;11,12,21,28,16;0,1,22,21,28;2,3,10,24,9,26,14;4,24,8,26,5,20;3,8,24,13,25,18,23,5,26;6,12,18,23,16;6,21,25,18,11;10,25,27,19,24;2,8,26,17,22,15,19,27;4,22,14,19,24;5,23,11,6,28;2,3,26,14,22;10,25,12,11,23;13,24,15,14,27;0,5,9,4,1;6,28,7,22,25,12;1,7,21,25,27,2,17,14,15,4;5,16,11,18,10;4,9,8,10,13,19,15;10,13,27,22,21,12,18;3,10,5,9,8,14,17;2,22,25,13,19,14;0,5,16,6,21,7
torus_c34_w38_t1433 29 1,7,28,5,20;0,7,22,4,20;3,8,14,27,22,17;2,8,10,26,17;1,20,9,24,15,22;0,28,16,23,10,26,9,20;11,12,21,28,16;0,1,22,21,28;2,3,10,13,24,9,26,14;4,24,8,26,5,20;3,8,13,25,18,23,5,26;6,12,18,23,16;6,21,25,18,11;8,10,25,27,19,24;2,8,26,17,22,15,19,27;4,22,14,19,24;5,23,11,6,28;2,3,26,14,22;10,25,12,11,23;13,24,15,14,27;0,5,9,4,1;6,28,7,22,25,12;1,7,21,25,27,2,17,14,15,4;5,16,11,18,10;4,9,8,13,19,15;10,13,27,22,21,12,18;3,10,5,9,8,14,17;2,22,25,13,19,14;0,5,16,6,21,7
torus_c34_w38_t1480 29 1,7,28,5,20;0,7,22,4,20;3,8,14,27,22,17;2,8,10,26,17;1,20,9,24,15,22;0,28,16,23,10,26,9,20;11,12,21,28,16;0,1,22,21,28;2,3,10,13,24,9,26,14;4,24,8,26,5,20;3,8,13,25,18,23,5,26;6,12,18,23,16;6,21,25,18,11;8,10,25,22,27,19,24;2,8,26,17,22,15,19,27;4,22,14,19,24;5,23,11,6,28;2,3,26,14,22;10,25,12,11,23;13,24,15,14,27;0,5,9,4,1;6,28,7,22,25,12;1,7,21,25,13,27,2,17,14,15,4;5,16,11,18,10;4,9,8,13,19,15;10,13,22,21,12,18;3,10,5,9,8,14,17;2,22,13,19,14;0,5,16,6,21,7
torus_c34_w38_t1492 29 1,7,28,5,20;0,7,22,4,20;3,8,14,27,22,17;2,8,10,26,17;1,20,9,8,24,15,22;0,28,16,23,10,26,9,20;11,12,21,28,16;0,1,22,21,28;2,3,10,13,24,4,9,26,14;4,8,26,5,20;3,8,13,25,18,23,5,26;6,12,18,23,16;6,21,25,18,11;8,10,25,27,19,24;2,8,26,17,22,15,19,27;4,22,14,19,24;5,23,11,6,28;2,3,26,14,22;10,25,12,11,23;13,24,15,14,27;0,5,9,4,1;6,28,7,22,25,12;1,7,21,25,27,2,17,14,15,4;5,16,11,18,10;4,8,13,19,15;10,13,27,22,21,12,18;3,10,5,9,8,14,17;2,22,25,13,19,14;0,5,16,6,21,7
torus_c34_w38_t1506 29 1,7,28,5,20;0,7,22,4,20;3,8,14,27,22,17;2,8,10,26,17;1,20,9,24,15,22;0,28,16,23,10,26,9,20;11,12,21,28,16;0,1,22,21,28;2,3,10,13,9,26,14;4,24,13,8,26,5,20;3,8,13,25,18,23,5,26;6,12,18,23,16;6,21,25,18,11;8,9,24,19,27,25,10;2,8,26,17,22,15,19,27;4,22,14,19,24;5,23,11,6,28;2,3,26,14,22;10,25,12,11,23;13,24,15,14,27;0,5,9,4,1;6,28,7,22,25,12;1,7,21,25,27,2,17,14,15,4;5,16,11,18,10;4,9,13,19,15;10,13,27,22,21,12,18;3,10,5,9,8,14,17;2,22,25,13,19,14;0,5,16,6,21,7
torus_c34_w38_t1538 29 1,7,28,5,20;0,7,22,4,20;3,8,14,27,22,17;2,8,10,26,17;1,20,9,24,15,22;0,28,16,23,10,26,9,20;11,12,21,28,16;0,1,22,21,28;2,3,10,13,24,9,14;4,24,8,14,26,5,20;3,8,13,25,18,23,5,26;6,12,18,23,16;6,21,25,18,11;8,10,25,27,19,24;2,8,9,26,17,22,15,19,27;4,22,14,19,24;5,23,11,6,28;2,3,26,14,22;10,25,12,11,23;13,24,15,14,27;0,5,9,4,1;6,28,7,22,25,12;1,7,21,25,27,2,17,14,15,4;5,16,11,18,10;4,9,8,13,19,15;10,13,27,22,21,12,18;3,10,5,9,14,17;2,22,25,13,19,14;0,5,16,6,21,7
torus_c34_w38_t1556 29 1,7,28,5,20;0,7,22,4,20;3,8,14,27,22,17;2,8,10,26,17;1,20,9,24,15,22;0,28,16,23,10,26,9,20;11,12,21,28,16;0,1,22,21,28;2,3,10,13,24,9,26,14;4,24,8,26,5,20;3,8,13,25,18,23,5,26;6,12,18,23,16;6,21,25,18,11;8,10,25,19,24;2,8,26,17,22,15,19,27;4,22,14,19,24;5,23,11,6,28;2,3,26,14,22;10,25,12,11,23;13,24,15,14,27,25;0,5,9,4,1;6,28,7,22,25,12;1,7,21,25,27,2,17,14,15,4;5,16,11,18,10;4,9,8,13,19,15;10,13,19,27,22,21,12,18;3,10,5,9,8,14,17;2,22,25,19,14;0,5,16,6,21,7
torus_c34_w38_t1558 29 1,7,28,5,20;0,7,22,4,20;3,8,14,27,22,17;2,8,10,26,17;1,20,9,8,24,15,22;0,28,16,23,10,26,9,20;11,12,21,28,16;0,1,22,21,28;2,3,10,13,24,4,9,26,14;4,8,26,5,20;3,8,13,25,18,23,5,26;6,12,18,23,16;6,21,25,18,11;8,10,25,19,24;2,8,26,17,22,15,19,27;4,22,14,19,24;5,23,11,6,28;2,3,26,14,22;10,25,12,11,23;13,24,15,14,27,25;0,5,9,4,1;6,28,7,22,25,12;1,7,21,25,27,2,17,14,15,4;5,16,11,18,10;4,8,13,19,15;10,13,19,27,22,21,12,18;3,10,5,9,8,14,17;2,22,25,19,14;0,5,16,6,21,7
torus_c34_w38_t1559 29 1,7,28,5,20;0,7,22,4,20;3,8,14,27,22,17;2,8,10,26,17;1,20,9,24,15,22;0,28,16,23,10,26,9,20;11,12,21,28,16;0,1,22,21,28;2,3,10,13,24,9,26,14;4,24,8,26,5,20;3,8,13,25,18,23,5,26;6,12,18,23,16;6,21,25,18,11;8,10,25,19,15,24;2,8,26,17,22,15,19,27;4,22,14,19,13,24;5,23,11,6,28;2,3,26,14,22;10,25,12,11,23;13,15,14,27,25;0,5,9,4,1;6,28,7,22,25,12;1,7,21,25,27,2,17,14,15,4;5,16,11,18,10;4,9,8,13,15;10,13,19,27,22,21,12,18;3,10,5,9,8,14,17;2,22,25,19,14;0,5,16,6,21,7
torus_c34_w38_t1720 29 1,7,28,5,20;0,7,22,4,20;3,8,14,27,22,17;2,8,10,26,17;1,20,9,24,15,22;0,28,16,23,10,26,9,20;11,12,21,28,16;0,1,22,21,28;2,3,10,13,24,9,14;4,24,8,14,26,5,20;3,8,13,25,18,23,5,26;6,12,18,23,16;6,21,25,18,11;8,10,25,19,24;2,8,9,26,17,22,15,19,27;4,22,14,19,24;5,23,11,6,28;2,3,26,14,22;10,25,12,11,23;13,24,15,14,27,25;0,5,9,4,1;6,28,7,22,25,12;1,7,21,25,27,2,17,14,15,4;5,16,11,18,10;4,9,8,13,19,15;10,13,19,27,22,21,12,18;3,10,5,9,14,17;2,22,25,19,14;0,5,16,6,21,7
torus_c34_w38_t1721 29 1,7,28,5,20;0,7,22,4,20;3,8,14,27,22,17;2,8,10,26,17;1,20,9,24,15,22;0,28,16,23,10,26,9,20;11,12,21,28,16;0,1,22,21,28;2,3,10,13,9,26,14;4,24,13,8,26,5,20;3,8,13,25,18,23,5,26;6,12,18,23,16;6,21,25,18,11;8,9,24,19,25,10;2,8,26,17,22,15,19,27;4,22,14,19,24;5,23,11,6,28;2,3,26,14,22;10,25,12,11,23;13,24,15,14,27,25;0,5,9,4,1;6,28,7,22,25,12;1,7,21,25,27,2,17,14,15,4;5,16,11,18,10;4,9,13,19,15;10,13,19,27,22,21,12,18;3,10,5,9,8,14,17;2,22,25,19,14;0,5,16,6,21,7
torus_c34_w38_t1758 29 1,7,28,5,20;0,7,22,4,20;3,8,14,19,27,22,17;2,8,10,26,17;1,20,9,24,15,22;0,28,16,23,10,26,9,20;11,12,21,28,16;0,1,22,21,28;2,3,10,13,24,9,26,14;4,24,8,26,5,20;3,8,13,25,18,23,5,26;6,12,18,23,16;6,21,25,18,11;8,10,25,27,19,24;2,8,26,17,22,15,19;4,22,14,19,24;5,23,11,6,28;2,3,26,14,22;10,25,12,11,23;2,14,15,24,13,27;0,5,9,4,1;6,28,7,22,25,12;1,7,21,25,27,2,17,14,15,4;5,16,11,18,10;4,9,8,13,19,15;10,13,27,22,21,12,18;3,10,5,9,8,14,17;2,22,25,13,19;0,5,16,6,21,7
torus_c34_w45_t527 32 3,26,31,20,5,11,16,8;3,8,12,7,20,24;9,29,19,26,31;0,26,19,15,30,24,1,8;10,23,30,21,28,25,13;0,20,7,6,14,11;5,7,12,18,23,14;1,12,6,5,20;0,3,1,12,17,16;2,29,25,20,31;4,23,18,17,13;0,5,14,22,16;1,7,6,18,17,8;4,10,17,16,22,20,25;5,6,23,30,24,22,11;3,19,27,21,30;0,8,17,13,22,11;8,12,18,10,13,16;6,12,17,10,23;2,29,27,15,3,26;0,5,7,1,24,22,13,25,9,31;4,30,15,27,28;11,16,13,20,24,14;4,10,18,6,14,30;1,3,30,14,22,20;4,28,29,9,20,13;0,3,19,2,31;15,19,29,28,21;4,25,29,27,21;2,19,27,28,25,9;3,15,21,4,23,14,24;0,20,9,2,26
torus_c34_w45_t543 32 3,26,31,20,5,11,16,8;3,8,12,7,20,24;9,29,19,26,31;0,26,19,15,30,24,1,8;10,23,30,21,28,25,13;0,20,7,6,11;5,7,12,18,23,14,11;1,12,6,5,20;0,3,1,12,17,16;2,29,25,20,31;4,23,18,17,13;0,5,6,14,22,16;1,7,6,18,17,8;4,10,17,16,22,20,25;6,11,22,24,30,23;3,19,27,21,30;0,8,17,13,22,11;8,12,18,10,13,16;6,12,17,10,23;2,29,27,15,3,26;0,5,7,1,24,22,13,25,9,31;4,30,15,27,28;11,16,13,20,24,14;4,10,18,6,14,30;1,3,30,14,22,20;4,28,29,9,20,13;0,3,19,2,31;15,19,29,28,21;4,25,29,27,21;2,19,27,28,25,9;3,15,21,4,23,14,24;0,20,9,2,26
torus_c34_w45_t545 32 3,26,31,20,5,11,16,8;3,8,12,7,20,24;9,29,19,26,31;0,26,19,15,30,24,1,8;10,23,30,21,28,25,13;0,20,7,6,14,11;5,7,12,18,23,14;1,12,6,5,20;0,3,1,12,18,17,16;2,29,25,20,31;4,23,18,17,13;0,5,14,22,16;1,7,6,18,8;4,10,17,16,22,20,25;5,6,23,30,24,22,11;3,19,27,21,30;0,8,17,13,22,11;8,16,13,10,18;6,12,8,17,10,23;2,29,27,15,3,26;0,5,7,1,24,22,13,25,9,31;4,30,15,27,28;11,16,13,20,24,14;4,10,18,6,14,30;1,3,30,14,22,20;4,28,29,9,20,13;0,3,19,2,31;15,19,29,28,21;4,25,29,27,21;2,19,27,28,25,9;3,15,21,4,23,14,24;0,20,9,2,26
torus_c34_w45_t665 32 3,26,31,20,5,11,16,8;3,8,12,7,20,24;9,29,19,26,31;0,26,19,15,30,24,1,8;10,23,30,21,28,25,13;0,20,7,6,14,11;5,7,12,18,23,14;1,12,6,5,20;0,3,1,12,18,17,16;2,29,25,20,31;4,23,18,17,13;0,5,14,24,22,16;1,7,6,18,8;4,10,17,16,22,20,25;5,6,23,30,24,11;3,19,27,21,30;0,8,17,13,22,11;8,16,13,10,18;6,12,8,17,10,23;2,29,27,15,3,26;0,5,7,1,24,22,13,25,9,31;4,30,15,27,28;11,16,13,20,24;4,10,18,6,14,30;1,3,30,14,11,22,20;4,28,29,9,20,13;0,3,19,2,31;15,19,29,28,21;4,25,29,27,21;2,19,27,28,25,9;3,15,21,4,23,14,24;0,20,9,2,26
torus_c34_w45_t693 32 3,26,31,20,5,16,8;3,8,12,7,20,24;9,29,19,26,31;0,26,19,15,30,24,1,8;10,23,30,21,28,25,13;0,20,7,6,14,11,16;5,7,12,18,23,14;1,12,6,5,20;0,3,1,12,18,17,16;2,29,25,20,31;4,23,18,17,13;5,14,24,22,16;1,7,6,18,8;4,10,17,16,22,20,25;5,6,23,30,24,11;3,19,27,21,30;0,5,11,22,13,17,8;8,16,13,10,18;6,12,8,17,10,23;2,29,27,15,3,26;0,5,7,1,24,22,13,25,9,31;4,30,15,27,28;11,16,13,20,24;4,10,18,6,14,30;1,3,30,14,11,22,20;4,28,29,9,20,13;0,3,19,2,31;15,19,29,28,21;4,25,29,27,21;2,19,27,28,25,9;3,15,21,4,23,14,24;0,20,9,2,26
torus_c34_w45_t701 32 3,26,31,20,5,11,16,8;3,8,12,7,20,24;9,29,19,26,31;0,26,19,15,30,24,1,8;10,23,30,21,28,25,13;0,20,7,6,14,11;5,7,12,18,23,14;1,12,6,5,20;0,3,1,12,17,16;2,29,25,20,31;4,23,18,17,13;0,5,14,24,22,16;1,7,6,18,17,8;4,10,17,16,22,20,25;5,6,23,30,24,11;3,19,27,21,30;0,8,17,13,22,11;8,12,18,10,13,16;6,12,17,10,23;2,29,27,15,3,26;0,5,7,1,24,22,13,25,9,31;4,30,15,27,28;11,16,13,20,24;4,10,18,6,14,30;1,3,30,14,11,22,20;4,28,29,9,20,13;0,3,19,2,31;15,19,29,28,21;4,25,29,27,21;2,19,27,28,25,9;3,15,21,4,23,14,24;0,20,9,2,26
torus_c34_w45_t720 32 3,26,31,20,5,11,16,8;3,8,12,7,24;9,29,19,26,31;0,26,19,15,30,24,1,8;10,23,30,21,28,25,13;0,20,7,6,14,11;5,7,12,18,23,14;1,12,6,5,20,24;0,3,1,12,18,17,16;2,29,25,20,31;4,23,18,17,13;0,5,14,24,22,16;1,7,6,18,8;4,10,17,16,22,20,25;5,6,23,30,24,11;3,19,27,21,30;0,8,17,13,22,11;8,16,13,10,18;6,12,8,17,10,23;2,29,27,15,3,26;0,5,7,24,22,13,25,9,31;4,30,15,27,28;11,16,13,20,24;4,10,18,6,14,30;1,3,30,14,11,22,20,7;4,28,29,9,20,13;0,3,19,2,31;15,19,29,28,21;4,25,29,27,21;2,19,27,28,25,9;3,15,21,4,23,14,24;0,20,9,2,26
torus_c34_w45_t721 32 3,26,31,20,5,14,11,16,8;3,8,12,7,24;9,29,19,26,31;0,26,19,15,30,24,1,8;10,23,30,21,28,25,13;0,20,7,6,14;5,7,12,18,23,14;1,12,6,5,20,24;0,3,1,12,18,17,16;2,29,25,20,31;4,23,18,17,13;0,14,24,22,16;1,7,6,18,8;4,10,17,16,22,20,25;0,5,6,23,30,24,11;3,19,27,21,30;0,8,17,13,22,11;8,16,13,10,18;6,12,8,17,10,23;2,29,27,15,3,26;0,5,7,24,22,13,25,9,31;4,30,15,27,28;11,16,13,20,24;4,10,18,6,14,30;1,3,30,14,11,22,20,7;4,28,29,9,20,13;0,3,19,2,31;15,19,29,28,21;4,25,29,27,21;2,19,27,28,25,9;3,15,21,4,23,14,24;0,20,9,2,26
torus_c34_w45_t726 32 3,26,31,20,5,14,11,16,8;3,8,12,7,24;9,29,19,26,31;0,26,19,15,30,24,1,8;10,23,30,21,28,25,13;0,20,7,6,14;5,7,12,18,23,14;1,12,6,5,20,22,24;0,3,1,12,18,17,16;2,29,25,20,31;4,23,18,17,13;0,14,24,22,16;1,7,6,18,8;4,10,17,16,22,20,25;0,5,6,23,30,24,11;3,19,27,21,30;0,8,17,13,22,11;8,16,13,10,18;6,12,8,17,10,23;2,29,27,15,3,26;0,5,7,22,13,25,9,31;4,30,15,27,28;7,20,13,16,11,24;4,10,18,6,14,30;1,3,30,14,11,22,7;4,28,29,9,20,13;0,3,19,2,31;15,19,29,28,21;4,25,29,27,21;2,19,27,28,25,9;3,15,21,4,23,14,24;0,20,9,2,26
torus_c34_w45_t739 32 3,26,31,20,5,14,11,16,8;3,8,12,7,24;9,29,19,26,31;0,26,19,15,30,24,1,8;10,23,30,21,28,25,13;0,20,7,6,14;5,7,12,18,10,23,14;1,12,6,5,20,24;0,3,1,12,18,17,16;2,29,25,20,31;4,23,6,18,17,13;0,14,24,22,16;1,7,6,18,8;4,10,17,16,22,20,25;0,5,6,23,30,24,11;3,19,27,21,30;0,8,17,13,22,11;8,16,13,10,18;6,12,8,17,10;2,29,27,15,3,26;0,5,7,24,22,13,25,9,31;4,30,15,27,28;11,16,13,20,24;4,10,6,14,30;1,3,30,14,11,22,20,7;4,28,29,9,20,13;0,3,19,2,31;15,19,29,28,21;4,25,29,27,21;2,19,27,28,25,9;3,15,21,4,23,14,24;0,20,9,2,26
torus_c34_w45_t741 32 3,26,31,20,5,14,11,16,8;3,8,12,7,20,24;9,29,19,26,31;0,26,19,15,30,24,1,8;10,23,30,21,28,25,13;0,20,7,6,14;5,7,12,18,10,23,14;1,12,6,5,20;0,3,1,12,18,17,16;2,29,25,20,31;4,23,6,18,17,13;0,14,24,22,16;1,7,6,18,8;4,10,17,16,22,20,25;0,5,6,23,30,24,11;3,19,27,21,30;0,8,17,13,22,11;8,16,13,10,18;6,12,8,17,10;2,29,27,15,3,26;0,5,7,1,24,22,13,25,9,31;4,30,15,27,28;11,16,13,20,24;4,10,6,14,30;1,3,30,14,11,22,20;4,28,29,9,20,13;0,3,19,2,31;15,19,29,28,21;4,25,29,27,21;2,19,27,28,25,9;3,15,21,4,23,14,24;0,20,9,2,26
torus_c34_w45_t789 32 3,26,31,20,5,14,11,16,8;3,8,12,7,24;9,29,19,26,31;0,26,19,15,30,24,1,8;10,23,30,21,28,25,13;0,20,7,6,14;5,7,12,18,10,23,14;1,12,6,5,20,22,24;0,3,1,12,18,17,16;2,29,25,20,31;4,23,6,18,17,13;0,14,24,22,16;1,7,6,18,8;4,10,17,16,22,20,25;0,5,6,23,30,24,11;3,19,27,21,30;0,8,17,13,22,11;8,16,13,10,18;6,12,8,17,10;2,29,27,15,3,26;0,5,7,22,13,25,9,31;4,30,15,27,28;7,20,13,16,11,24;4,10,6,14,30;1,3,30,14,11,22,7;4,28,29,9,20,13;0,3,19,2,31;15,19,29,28,21;4,25,29,27,21;2,19,27,28,25,9;3,15,21,4,23,14,24;0,20,9,2,26
torus_c34_w45_t822 32 3,26,31,20,5,14,11,16,8;3,8,12,7,24;9,29,19,26,31;0,26,19,15,30,24,1,8;10,23,30,21,28,25,13;0,20,7,6,14;5,7,12,18,10,23,14;1,12,6,5,20,22,24;0,3,1,12,18,17,16;2,29,25,20,31;4,23,6,18,17,13;0,14,24,22,13,16;1,7,6,18,8;4,10,17,16,11,22,20,25;0,5,6,23,30,24,11;3,19,27,21,30;0,8,17,13,11;8,16,13,10,18;6,12,8,17,10;2,29,27,15,3,26;0,5,7,22,13,25,9,31;4,30,15,27,28;7,20,13,11,24;4,10,6,14,30;1,3,30,14,11,22,7;4,28,29,9,20,13;0,3,19,2,31;15,19,29,28,21;4,25,29,27,21;2,19,27,28,25,9;3,15,21,4,23,14,24;0,20,9,2,26
torus_c34_w45_t828 32 3,26,31,20,5,14,11,16,8;3,8,12,7,24;9,29,19,26,31;0,26,19,15,30,24,1,8;10,23,30,21,28,25,13;0,20,7,6,14;5,7,12,18,23,14;1,12,6,5,20,22,24;0,3,1,12,18,17,16;2,29,25,20,31;4,23,18,17,13;0,14,24,22,13,16;1,7,6,18,8;4,10,17,16,11,22,20,25;0,5,6,23,30,24,11;3,19,27,21,30;0,8,17,13,11;8,16,13,10,18;6,12,8,17,10,23;2,29,27,15,3,26;0,5,7,22,13,25,9,31;4,30,15,27,28;7,20,13,11,24;4,10,18,6,14,30;1,3,30,14,11,22,7;4,28,29,9,20,13;0,3,19,2,31;15,19,29,28,21;4,25,29,27,21;2,19,27,28,25,9;3,15,21,4,23,14,24;0,20,9,2,26
torus_c34_w45_t1097 32 3,26,31,20,5,11,16,8;3,8,12,7,24;9,29,19,26,31;0,26,19,15,30,24,1,8;10,23,30,21,28,25,13;0,20,7,6,14,11;5,7,12,18,10,23,14;1,12,6,5,20,22,24;0,3,1,12,18,17,16;2,29,25,20,31;4,23,6,18,17,13;0,5,14,24,22,13,16;1,7,6,18,8;4,10,17,16,11,22,20,25;5,6,23,30,24,11;3,19,27,21,30;0,8,17,13,11;8,16,13,10,18;6,12,8,17,10;2,29,27,15,3,26;0,5,7,22,13,25,9,31;4,30,15,27,28;7,20,13,11,24;4,10,6,14,30;1,3,30,14,11,22,7;4,28,29,9,20,13;0,3,19,2,31;15,19,29,28,21;4,25,29,27,21;2,19,27,28,25,9;3,15,21,4,23,14,24;0,20,9,2,26
torus_c34_w45_t1104 32 3,26,31,20,5,11,16,8;3,8,12,7,24;9,29,19,26,31;0,26,19,15,30,24,1,8;10,23,30,21,28,25,13;0,20,7,6,14,11;5,7,12,18,10,23,14;1,12,6,5,20,22,24;0,3,1,12,18,17,16;2,29,25,20,31;4,23,6,18,17,13;0,5,14,24,22,16;1,7,6,18,8;4,10,17,16,22,20,25;5,6,23,30,24,11;3,19,27,21,30;0,8,17,13,22,11;8,16,13,10,18;6,12,8,17,10;2,29,27,15,3,26;0,5,7,22,13,25,9,31;4,30,15,27,28;7,20,13,16,11,24;4,10,6,14,30;1,3,30,14,11,22,7;4,28,29,9,20,13;0,3,19,2,31;15,19,29,28,21;4,25,29,27,21;2,19,27,28,25,9;3,15,21,4,23,14,24;0,20,9,2,26
torus_c34_w45_t1118 32 3,26,31,20,5,16,8;3,8,12,7,24;9,29,19,26,31;0,26,19,15,30,24,1,8;10,23,30,21,28,25,13;0,20,7,6,14,11,16;5,7,12,18,10,23,14;1,12,6,5,20,22,24;0,3,1,12,18,17,16;2,29,25,20,31;4,23,6,18,17,13;5,14,24,22,13,16;1,7,6,18,8;4,10,17,16,11,22,20,25;5,6,23,30,24,11;3,19,27,21,30;0,5,11,13,17,8;8,16,13,10,18;6,12,8,17,10;2,29,27,15,3,26;0,5,7,22,13,25,9,31;4,30,15,27,28;7,20,13,11,24;4,10,6,14,30;1,3,30,14,11,22,7;4,28,29,9,20,13;0,3,19,2,31;15,19,29,28,21;4,25,29,27,21;2,19,27,28,25,9;3,15,21,4,23,14,24;0,20,9,2,26
torus_c34_w45_t1133 32 3,26,31,20,7,5,11,16,8;3,8,12,7,24;9,29,19,26,31;0,26,19,15,30,24,1,8;10,23,30,21,28,25,13;0,7,6,14,11;5,7,12,18,10,23,14;0,5,6,12,1,24,22,20;0,3,1,12,18,17,16;2,29,25,20,31;4,23,6,18,17,13;0,5,14,24,22,13,16;1,7,6,18,8;4,10,17,16,11,22,20,25;5,6,23,30,24,11;3,19,27,21,30;0,8,17,13,11;8,16,13,10,18;6,12,8,17,10;2,29,27,15,3,26;0,7,22,13,25,9,31;4,30,15,27,28;7,20,13,11,24;4,10,6,14,30;1,3,30,14,11,22,7;4,28,29,9,20,13;0,3,19,2,31;15,19,29,28,21;4,25,29,27,21;2,19,27,28,25,9;3,15,21,4,23,14,24;0,20,9,2,26
torus_c34_w45_t1135 32 3,26,31,20,5,11,16,8;3,8,12,7,24;9,29,19,26,31;0,26,19,15,30,24,1,8;10,23,30,21,28,25,13;0,20,7,6,11;5,7,12,18,10,23,14,11;1,12,6,5,20,22,24;0,3,1,12,18,17,16;2,29,25,20,31;4,23,6,18,17,13;0,5,6,14,24,22,13,16;1,7,6,18,8;4,10,17,16,11,22,20,25;6,11,24,30,23;3,19,27,21,30;0,8,17,13,11;8,16,13,10,18;6,12,8,17,10;2,29,27,15,3,26;0,5,7,22,13,25,9,31;4,30,15,27,28;7,20,13,11,24;4,10,6,14,30;1,3,30,14,11,22,7;4,28,29,9,20,13;0,3,19,2,31;15,19,29,28,21;4,25,29,27,21;2,19,27,28,25,9;3,15,21,4,23,14,24;0,20,9,2,26
torus_c34_w45_t1179 32 3,26,31,20,5,11,16,8;3,8,12,7,24;9,29,19,26,31;0,26,19,15,30,24,1,8;10,23,30,21,28,25,13;0,20,6,14,11;5,20,7,12,18,10,23,14;1,12,6,20,22,24;0,3,1,12,18,17,16;2,29,25,20,31;4,23,6,18,17,13;0,5,14,24,22,13,16;1,7,6,18,8;4,10,17,16,11,22,20,25;5,6,23,30,24,11;3,19,27,21,30;0,8,17,13,11;8,16,13,10,18;6,12,8,17,10;2,29,27,15,3,26;0,5,6,7,22,13,25,9,31;4,30,15,27,28;7,20,13,11,24;4,10,6,14,30;1,3,30,14,11,22,7;4,28,29,9,20,13;0,3,19,2,31;15,19,29,28,21;4,25,29,27,21;2,19,27,28,25,9;3,15,21,4,23,14,24;0,20,9,2,26
torus_c34_w45_t1184 32 3,26,31,20,5,11,16,8;3,8,12,7,24;9,29,19,26,31;0,26,19,15,30,24,1,8;10,23,30,21,28,25,13;0,20,6,14,11;5,20,7,12,18,10,23,14;1,12,6,20,22,24;0,3,1,12,18,17,16;2,29,25,20,31;4,23,6,18,17,13;0,5,14,24,22,16;1,7,6,18,8;4,10,17,16,22,20,25;5,6,23,30,24,11;3,19,27,21,30;0,8,17,13,22,11;8,16,13,10,18;6,12,8,17,10;2,29,27,15,3,26;0,5,6,7,22,13,25,9,31;4,30,15,27,28;7,20,13,16,11,24;4,10,6,14,30;1,3,30,14,11,22,7;4,28,29,9,20,13;0,3,19,2,31;15,19,29,28,21;4,25,29,27,21;2,19,27,28,25,9;3,15,21,4,23,14,24;0,20,9,2,26
torus_c34_w45_t1271 32 3,26,31,20,5,11,16,8;3,8,12,7,24;9,29,19,26,31;0,26,19,15,30,24,1,8;10,23,30,21,28,25,13;0,20,6,14,11;5,20,7,12,18,23,14;1,12,6,20,22,24;0,3,1,12,18,17,16;2,29,25,20,31;4,23,18,17,13;0,5,14,24,22,13,16;1,7,6,18,8;4,10,17,16,11,22,20,25;5,6,23,30,24,11;3,19,27,21,30;0,8,17,13,11;8,16,13,10,18;6,12,8,17,10,23;2,29,27,15,3,26;0,5,6,7,22,13,25,9,31;4,30,15,27,28;7,20,13,11,24;4,10,18,6,14,30;1,3,30,14,11,22,7;4,28,29,9,20,13;0,3,19,2,31;15,19,29,28,21;4,25,29,27,21;2,19,27,28,25,9;3,15,21,4,23,14,24;0,20,9,2,26
torus_c34_w45_t1343 32 3,26,31,20,5,16,8;3,8,12,7,24;9,29,19,26,31;0,26,19,15,30,24,1,8;10,23,30,21,28,25,13;0,20,6,14,11,16;5,20,7,12,18,10,23,14;1,12,6,20,22,24;0,3,1,12,18,17,16;2,29,25,20,31;4,23,6,18,17,13;5,14,24,22,13,16;1,7,6,18,8;4,10,17,16,11,22,20,25;5,6,23,30,24,11;3,19,27,21,30;0,5,11,13,17,8;8,16,13,10,18;6,12,8,17,10;2,29,27,15,3,26;0,5,6,7,22,13,25,9,31;4,30,15,27,28;7,20,13,11,24;4,10,6,14,30;1,3,30,14,11,22,7;4,28,29,9,20,13;0,3,19,2,31;15,19,29,28,21;4,25,29,27,21;2,19,27,28,25,9;3,15,21,4,23,14,24;0,20,9,2,26
torus_c34_w45_t1376 32 3,26,31,20,5,11,16,8;3,8,12,7,24;9,29,19,26,31;0,26,19,15,30,24,1,8;10,23,30,21,28,25,13;0,20,6,14,11;5,20,7,12,18,10,23,14;1,12,6,20,22,24;0,3,1,12,18,17,16;2,29,25,20,31;4,23,6,18,17,13;0,5,14,22,13,16;1,7,6,18,8;4,10,17,16,11,22,20,25;5,6,23,30,24,22,11;3,19,27,21,30;0,8,17,13,11;8,16,13,10,18;6,12,8,17,10;2,29,27,15,3,26;0,5,6,7,22,13,25,9,31;4,30,15,27,28;7,20,13,11,14,24;4,10,6,14,30;1,3,30,14,22,7;4,28,29,9,20,13;0,3,19,2,31;15,19,29,28,21;4,25,29,27,21;2,19,27,28,25,9;3,15,21,4,23,14,24;0,20,9,2,26
torus_c34_w50_t1477 28 1,7,22,21,2;0,7,4,13,2;0,1,13,3,21;2,13,25,18,11,21;1,7,26,12,25,13;10,26,22,14,16;15,26,22,24,20;0,1,4,26,15,9,22;9,25,12,27,19;7,15,20,19,8,25,10,17,23,24,22;5,26,17,9,25,18,16;3,18,16,14,21;4,25,8,27,17,26;1,2,3,25,4;5,16,11,21,22;6,26,7,9,20;5,14,11,18,10;9,10,26,12,27,23;3,11,16,10,25;8,27,23,24,20,9;6,15,9,19,24;0,22,14,11,3,2;0,7,9,24,6,26,5,14,21;9,17,27,19,24;6,22,9,23,19,20;3,13,4,12,8,9,10,18;4,7,15,6,22,5,10,17,12;8,19,23,17,12
torus_c34_w50_t1494 28 1,7,22,21,2;0,7,4,13,2;0,1,13,3,21;2,13,25,18,11,21;1,7,26,12,25,13;10,26,22,14,16;15,26,22,24,20;0,1,4,26,15,22;9,25,12,27,19;8,25,10,17,23,24,22,15,20,19;5,26,17,9,25,18,16;3,18,16,14,21;4,25,8,27,17,26;1,2,3,25,4;5,16,11,21,22;6,26,7,22,9,20;5,14,11,18,10;9,10,26,12,27,23;3,11,16,10,25;8,27,23,24,20,9;6,15,9,19,24;0,22,14,11,3,2;0,7,15,9,24,6,26,5,14,21;9,17,27,19,24;6,22,9,23,19,20;3,13,4,12,8,9,10,18;4,7,15,6,22,5,10,17,12;8,19,23,17,12
torus_c34_w50_t1666 28 1,7,22,21,2;0,7,4,13,2;0,1,13,3,21;2,13,25,18,11,21;1,7,26,12,25,13;10,26,22,14,16;15,26,22,24,20;0,1,4,26,15,9,24,22;9,25,12,27,19;7,15,20,19,8,25,10,17,23,24;5,26,17,9,25,18,16;3,18,16,14,21;4,25,8,27,17,26;1,2,3,25,4;5,16,11,21,22;6,26,7,9,20;5,14,11,18,10;9,10,26,12,27,23;3,11,16,10,25;8,27,23,24,20,9;6,15,9,19,24;0,22,14,11,3,2;0,7,24,6,26,5,14,21;9,17,27,19,24;6,22,7,9,23,19,20;3,13,4,12,8,9,10,18;4,7,15,6,22,5,10,17,12;8,19,23,17,12
torus_c34_w51_t1907 30 5,13,17,18,28,26;3,9,14,26,5;5,13,23,21,20;1,9,29,11,6,5;7,13,28,19,24,14,9,29;0,13,2,20,6,3,1,26;3,11,27,20,5;4,13,15,10,29;10,15,23,22,16;1,14,4,29,3;7,15,8,16,29;3,6,27,22,16,29;13,17,26,25,18;0,5,2,23,15,7,4,28,18,12,17;1,9,4,24,26;7,10,8,23,13;8,10,29,11,22;0,13,12,26,19,18;0,28,13,12,25,19,17;4,24,25,18,17,26,28;2,21,27,6,5;2,23,22,27,20;8,16,11,27,21,23;2,13,15,8,22,21;4,14,26,25,19;12,18,19,24,26;0,5,1,14,24,25,12,17,19,28;6,11,22,21,20;0,18,13,4,19,26;3,11,16,10,7,4,9
torus_c34_w51_t1912 30 13,26,28,18,17;3,9,14,26,5;5,13,23,21,20;1,9,29,11,6,5;7,13,28,19,24,14,9,29;1,3,6,20,2,13,26;3,11,27,20,5;4,13,15,10,29;10,15,23,22,16;1,14,4,29,3;7,15,8,16,29;3,6,27,22,16,29;13,17,26,25,18;0,26,5,2,23,15,7,4,28,18,12,17;1,9,4,24,26;7,10,8,23,13;8,10,29,11,22;0,13,12,26,19,18;0,28,13,12,25,19,17;4,24,25,18,17,26,28;2,21,27,6,5;2,23,22,27,20;8,16,11,27,21,23;2,13,15,8,22,21;4,14,26,25,19;12,18,19,24,26;0,13,5,1,14,24,25,12,17,19,28;6,11,22,21,20;0,18,13,4,19,26;3,11,16,10,7,4,9
torus_c34_w51_t1918 30 13,26,28,18,17;3,9,14,26,5;5,13,23,21,20;1,9,29,11,6,5;7,13,28,19,24,14,9,29;1,3,6,20,2,13,26;3,11,27,20,5;4,13,15,10,29;10,15,23,22,16;1,14,4,29,3;7,15,8,16,29;3,6,27,22,16,29;13,17,19,26,25,18;0,26,5,2,23,15,7,4,28,18,12,17;1,9,4,24,26;7,10,8,23,13;8,10,29,11,22;0,13,12,19,18;0,28,13,12,25,19,17;4,24,25,18,17,12,26,28;2,21,27,6,5;2,23,22,27,20;8,16,11,27,21,23;2,13,15,8,22,21;4,14,26,25,19;12,18,19,24,26;0,13,5,1,14,24,25,12,19,28;6,11,22,21,20;0,18,13,4,19,26;3,11,16,10,7,4,9
torus_c34_w51_t1920 30 13,26,19,28,18,17;3,9,14,26,5;5,13,23,21,20;1,9,29,11,6,5;7,13,28,19,24,14,9,29;1,3,6,20,2,13,26;3,11,27,20,5;4,13,15,10,29;10,15,23,22,16;1,14,4,29,3;7,15,8,16,29;3,6,27,22,16,29;13,17,26,25,18;0,26,5,2,23,15,7,4,28,18,12,17;1,9,4,24,26;7,10,8,23,13;8,10,29,11,22;0,13,12,26,19,18;0,28,13,12,25,19,17;0,26,17,18,25,24,4,28;2,21,27,6,5;2,23,22,27,20;8,16,11,27,21,23;2,13,15,8,22,21;4,14,26,25,19;12,18,19,24,26;0,13,5,1,14,24,25,12,17,19;6,11,22,21,20;0,18,13,4,19;3,11,16,10,7,4,9
torus_c34_w66_t1414 34 2,17,30,29,15,5,33;8,15,12,14,25;0,17,10,26,20,33;9,11,24,27,28;8,29,30,16,25;0,15,10,6,33;5,10,18,16,20,33;9,11,14,19,13,23;1,15,29,4,25;3,11,7,23,28;2,17,12,15,5,6,18,11,24,26;3,9,7,14,18,10,24;1,15,10,17,30,19,14;7,19,32,31,23;1,12,19,7,11,18,25;0,5,10,12,1,8,29;4,30,19,32,21,26,20,6,18,25;0,2,10,12,30;6,10,11,14,25,16;7,14,12,30,16,32,13;2,26,16,6,33;16,32,31,22,26;21,31,23,28,27,26;7,9,28,22,31,13;3,11,10,26,27;1,8,4,16,18,14;2,10,24,27,22,21,16,20;3,28,22,26,24;3,27,22,23,9;0,15,8,4,30;0,17,12,19,16,4,29;13,23,22,21,32;13,19,16,21,31;0,2,20,6,5
torus_c34_w66_t1417 34 2,17,30,29,15,5,33;8,15,12,14,25;0,17,10,26,20,33;9,11,24,27,28;8,29,30,16,25;0,15,12,10,6,33;5,10,18,16,20,33;9,11,14,19,13,23;1,15,29,4,25;3,11,7,23,28;2,17,12,5,6,18,11,24,26;3,9,7,14,18,10,24;1,15,5,10,17,30,19,14;7,19,32,31,23;1,12,19,7,11,18,25;0,5,12,1,8,29;4,30,19,32,21,26,20,6,18,25;0,2,10,12,30;6,10,11,14,25,16;7,14,12,30,16,32,13;2,26,16,6,33;16,32,31,22,26;21,31,23,28,27,26;7,9,28,22,31,13;3,11,10,26,27;1,8,4,16,18,14;2,10,24,27,22,21,16,20;3,28,22,26,24;3,27,22,23,9;0,15,8,4,30;0,17,12,19,16,4,29;13,23,22,21,32;13,19,16,21,31;0,2,20,6,5
torus_c34_w66_t1427 34 2,17,30,29,15,5,33;8,15,12,14,25;0,17,10,26,20,33;9,11,24,27,28;8,29,30,16,25;0,15,12,17,10,6,33;5,10,18,16,20,33;9,11,14,19,13,23;1,15,29,4,25;3,11,7,23,28;2,17,5,6,18,11,24,26;3,9,7,14,18,10,24;1,15,5,17,30,19,14;7,19,32,31,23;1,12,19,7,11,18,25;0,5,12,1,8,29;4,30,19,32,21,26,20,6,18,25;0,2,10,5,12,30;6,10,11,14,25,16;7,14,12,30,16,32,13;2,26,16,6,33;16,32,31,22,26;21,31,23,28,27,26;7,9,28,22,31,13;3,11,10,26,27;1,8,4,16,18,14;2,10,24,27,22,21,16,20;3,28,22,26,24;3,27,22,23,9;0,15,8,4,30;0,17,12,19,16,4,29;13,23,22,21,32;13,19,16,21,31;0,2,20,6,5
torus_c34_w66_t1439 34 2,17,30,29,15,5,33;8,15,12,14,25;0,17,10,26,20,33;9,11,24,27,28;8,29,30,16,25;0,15,12,10,6,33;5,10,18,16,20,33;9,11,14,19,13,23;1,15,29,4,25;3,11,7,23,28;2,17,12,5,6,18,11,24,26;3,9,7,14,18,10,24;1,15,5,10,17,30,16,19,14;7,19,32,31,23;1,12,19,7,11,18,25;0,5,12,1,8,29;4,30,12,19,32,21,26,20,6,18,25;0,2,10,12,30;6,10,11,14,25,16;7,14,12,16,32,13;2,26,16,6,33;16,32,31,22,26;21,31,23,28,27,26;7,9,28,22,31,13;3,11,10,26,27;1,8,4,16,18,14;2,10,24,27,22,21,16,20;3,28,22,26,24;3,27,22,23,9;0,15,8,4,30;0,17,12,16,4,29;13,23,22,21,32;13,19,16,21,31;0,2,20,6,5
torus_c34_w66_t1444 34 2,17,30,29,15,5,33;8,15,12,14,25;0,17,10,26,20,33;9,11,24,27,28;8,29,30,16,25;0,15,12,10,18,6,33;5,18,16,20,33;9,11,14,19,13,23;1,15,29,4,25;3,11,7,23,28;2,17,12,5,18,11,24,26;3,9,7,14,18,10,24;1,15,5,10,17,30,19,14;7,19,32,31,23;1,12,19,7,11,18,25;0,5,12,1,8,29;4,30,19,32,21,26,20,6,18,25;0,2,10,12,30;5,6,16,25,14,11,10;7,14,12,30,16,32,13;2,26,16,6,33;16,32,31,22,26;21,31,23,28,27,26;7,9,28,22,31,13;3,11,10,26,27;1,8,4,16,18,14;2,10,24,27,22,21,16,20;3,28,22,26,24;3,27,22,23,9;0,15,8,4,30;0,17,12,19,16,4,29;13,23,22,21,32;13,19,16,21,31;0,2,20,6,5
torus_c34_w66_t1462 34 2,17,30,29,15,5,33;8,15,12,19,14,25;0,17,10,26,20,33;9,11,24,27,28;8,29,30,16,25;0,15,12,10,6,33;5,10,18,16,20,33;9,11,14,19,13,23;1,15,29,4,25;3,11,7,23,28;2,17,12,5,6,18,11,24,26;3,9,7,14,18,10,24;1,15,5,10,17,30,19;7,19,32,31,23;1,19,7,11,18,25;0,5,12,1,8,29;4,30,19,32,21,26,20,6,18,25;0,2,10,12,30;6,10,11,14,25,16;1,12,30,16,32,13,7,14;2,26,16,6,33;16,32,31,22,26;21,31,23,28,27,26;7,9,28,22,31,13;3,11,10,26,27;1,8,4,16,18,14;2,10,24,27,22,21,16,20;3,28,22,26,24;3,27,22,23,9;0,15,8,4,30;0,17,12,19,16,4,29;13,23,22,21,32;13,19,16,21,31;0,2,20,6,5
torus_c34_w66_t1484 34 2,17,30,29,15,5,33;8,15,12,14,18,25;0,17,10,26,20,33;9,11,24,27,28;8,29,30,16,25;0,15,12,10,6,33;5,10,18,16,20,33;9,11,14,19,13,23;1,15,29,4,25;3,11,7,23,28;2,17,12,5,6,18,11,24,26;3,9,7,14,18,10,24;1,15,5,10,17,30,19,14;7,19,32,31,23;1,12,19,7,11,18;0,5,12,1,8,29;4,30,19,32,21,26,20,6,18,25;0,2,10,12,30;1,14,11,10,6,16,25;7,14,12,30,16,32,13;2,26,16,6,33;16,32,31,22,26;21,31,23,28,27,26;7,9,28,22,31,13;3,11,10,26,27;1,8,4,16,18;2,10,24,27,22,21,16,20;3,28,22,26,24;3,27,22,23,9;0,15,8,4,30;0,17,12,19,16,4,29;13,23,22,21,32;13,19,16,21,31;0,2,20,6,5
torus_c34_w66_t1488 34 2,17,29,15,5,33;8,15,12,14,25;0,17,10,26,20,33;9,11,24,27,28;8,29,30,16,25;0,15,12,10,6,33;5,10,18,16,20,33;9,11,14,19,13,23;1,15,29,4,25;3,11,7,23,28;2,17,12,5,6,18,11,24,26;3,9,7,14,18,10,24;1,15,5,10,17,30,19,14;7,19,32,31,23;1,12,19,7,11,18,25;0,5,12,1,8,29;4,30,19,32,21,26,20,6,18,25;0,2,10,12,30,29;6,10,11,14,25,16;7,14,12,30,16,32,13;2,26,16,6,33;16,32,31,22,26;21,31,23,28,27,26;7,9,28,22,31,13;3,11,10,26,27;1,8,4,16,18,14;2,10,24,27,22,21,16,20;3,28,22,26,24;3,27,22,23,9;0,15,8,4,30,17;4,16,19,12,17,29;13,23,22,21,32;13,19,16,21,31;0,2,20,6,5
torus_c34_w66_t1964 34 2,17,30,29,15,5,33;8,15,12,14,25;0,17,10,26,20,33;9,11,24,27,28;8,29,30,16,25;0,15,12,10,6,33;5,10,18,16,20,33;9,11,14,19,13,23;1,15,29,4,25;3,11,7,23,28;2,17,12,5,6,18,11,24,26;3,9,7,14,18,10,24;1,15,5,10,17,30,19,14;7,19,32,31,23;1,12,19,7,11,18,16,25;0,5,12,1,8,29;4,30,19,32,21,26,20,6,18,14,25;0,2,10,12,30;6,10,11,14,16;7,14,12,30,16,32,13;2,26,16,6,33;16,32,31,22,26;21,31,23,28,27,26;7,9,28,22,31,13;3,11,10,26,27;1,8,4,16,14;2,10,24,27,22,21,16,20;3,28,22,26,24;3,27,22,23,9;0,15,8,4,30;0,17,12,19,16,4,29;13,23,22,21,32;13,19,16,21,31;0,2,20,6,5
torus_c34_w66_t1972 34 2,17,30,29,15,5,33;8,15,12,14,25;0,17,10,26,20,33;9,11,24,27,28;8,29,30,19,16,25;0,15,12,10,6,33;5,10,18,16,20,33;9,11,14,19,13,23;1,15,29,4,25;3,11,7,23,28;2,17,12,5,6,18,11,24,26;3,9,7,14,18,10,24;1,15,5,10,17,30,19,14;7,19,32,31,23;1,12,19,7,11,18,16,25;0,5,12,1,8,29;4,19,32,21,26,20,6,18,14,25;0,2,10,12,30;6,10,11,14,16;4,16,32,13,7,14,12,30;2,26,16,6,33;16,32,31,22,26;21,31,23,28,27,26;7,9,28,22,31,13;3,11,10,26,27;1,8,4,16,14;2,10,24,27,22,21,16,20;3,28,22,26,24;3,27,22,23,9;0,15,8,4,30;0,17,12,19,4,29;13,23,22,21,32;13,19,16,21,31;0,2,20,6,5
torus_c34_w66_t1988 34 2,17,30,29,15,5,33;8,15,12,14,25;0,17,10,26,20,33;9,11,24,27,28;8,29,30,19,16,25;0,15,12,17,10,6,33;5,10,18,16,20,33;9,11,14,19,13,23;1,15,29,4,25;3,11,7,23,28;2,17,5,6,18,11,24,26;3,9,7,14,18,10,24;1,15,5,17,30,19,14;7,19,32,31,23;1,12,19,7,11,18,16,25;0,5,12,1,8,29;4,19,32,21,26,20,6,18,14,25;0,2,10,5,12,30;6,10,11,14,16;4,16,32,13,7,14,12,30;2,26,16,6,33;16,32,31,22,26;21,31,23,28,27,26;7,9,28,22,31,13;3,11,10,26,27;1,8,4,16,14;2,10,24,27,22,21,16,20;3,28,22,26,24;3,27,22,23,9;0,15,8,4,30;0,17,12,19,4,29;13,23,22,21,32;13,19,16,21,31;0,2,20,6,5
torus_c34_w71_t548 24 1,14,21,15,19,12,3,20;0,14,5,9,16,20;6,15,19,11,7;0,12,13,8,23,9,18,20;5,14,23,16,18,20;1,14,4,20,23,9;2,15,22,17,8,7;2,6,8,13,11;3,23,17,6,7,13;1,5,23,3,18,16;14,23,17,22,21;2,19,12,13,7;0,19,11,13,3;3,8,7,11,12;0,1,5,4,23,10,21;0,21,22,6,2,19;1,9,18,4,23,20;6,22,10,23,8;3,20,4,16,9;0,12,11,2,15;0,1,16,23,5,4,18,3;0,14,10,22,15;6,15,21,10,17;3,8,17,10,14,4,16,20,5,9
torus_c34_w71_t558 24 1,5,14,21,15,19,12,3,20;0,5,9,16,20;6,15,19,11,7;0,12,13,8,23,9,18,20;5,14,23,16,18,20;0,1,9,23,20,4,14;2,15,22,17,8,7;2,6,8,13,11;3,23,17,6,7,13;1,5,23,3,18,16;14,23,17,22,21;2,19,12,13,7;0,19,11,13,3;3,8,7,11,12;0,5,4,23,10,21;0,21,22,6,2,19;1,9,18,4,23,20;6,22,10,23,8;3,20,4,16,9;0,12,11,2,15;0,1,16,23,5,4,18,3;0,14,10,22,15;6,15,21,10,17;3,8,17,10,14,4,16,20,5,9
torus_c34_w71_t578 24 1,5,14,21,15,19,12,3;0,5,9,16,20,3;6,15,19,11,7;0,12,13,8,23,9,18,20,1;5,14,23,16,18,20;0,1,9,23,20,4,14;2,15,22,17,8,7;2,6,8,13,11;3,23,17,6,7,13;1,5,23,3,18,16;14,23,17,22,21;2,19,12,13,7;0,19,11,13,3;3,8,7,11,12;0,5,4,23,10,21;0,21,22,6,2,19;1,9,18,4,23,20;6,22,10,23,8;3,20,4,16,9;0,12,11,2,15;1,16,23,5,4,18,3;0,14,10,22,15;6,15,21,10,17;3,8,17,10,14,4,16,20,5,9
torus_c34_w71_t592 24 1,5,14,21,15,19,12,3;0,5,9,16,20,3;6,15,19,11,7;0,12,13,8,23,9,18,20,1;5,18,16,23,14;0,1,9,23,20,18,4,14;2,15,22,17,8,7;2,6,8,13,11;3,23,17,6,7,13;1,5,23,3,18,16;14,23,17,22,21;2,19,12,13,7;0,19,11,13,3;3,8,7,11,12;0,5,4,23,10,21;0,21,22,6,2,19;1,9,18,4,23,20;6,22,10,23,8;3,20,5,4,16,9;0,12,11,2,15;1,16,23,5,18,3;0,14,10,22,15;6,15,21,10,17;3,8,17,10,14,4,16,20,5,9
torus_c34_w71_t667 24 1,14,21,15,19,12,3;0,14,5,9,16,20,3;6,15,19,11,7;0,12,13,8,23,9,18,20,1;5,14,23,16,18,20;1,14,4,20,23,9;2,15,22,17,8,7;2,6,8,13,11;3,23,17,6,7,13;1,5,23,3,18,16;14,23,17,22,21;2,19,12,13,7;0,19,11,13,3;3,8,7,11,12;0,1,5,4,23,10,21;0,21,22,6,2,19;1,9,18,4,23,20;6,22,10,23,8;3,20,4,16,9;0,12,11,2,15;1,16,23,5,4,18,3;0,14,10,22,15;6,15,21,10,17;3,8,17,10,14,4,16,20,5,9
torus_c34_w71_t706 24 1,5,14,21,15,19,12,3;0,5,9,16,20,3;6,15,19,11,7;0,12,13,8,23,9,18,20,1;5,14,16,18,20;0,1,9,23,20,4,14;2,15,22,17,8,7;2,6,8,13,11;3,23,17,6,7,13;1,5,23,3,18,16;14,23,17,22,21;2,19,12,13,7;0,19,11,13,3;3,8,7,11,12;0,5,4,16,23,10,21;0,21,22,6,2,19;1,9,18,4,14,23,20;6,22,10,23,8;3,20,4,16,9;0,12,11,2,15;1,16,23,5,4,18,3;0,14,10,22,15;6,15,21,10,17;3,8,17,10,14,16,20,5,9
torus_c34_w71_t736 24 1,9,5,14,21,15,19,12,3;0,9,16,20,3;6,15,19,11,7;0,12,13,8,23,9,18,20,1;5,14,23,16,18,20;0,14,4,20,23,9;2,15,22,17,8,7;2,6,8,13,11;3,23,17,6,7,13;0,1,16,18,3,23,5;14,23,17,22,21;2,19,12,13,7;0,19,11,13,3;3,8,7,11,12;0,5,4,23,10,21;0,21,22,6,2,19;1,9,18,4,23,20;6,22,10,23,8;3,20,4,16,9;0,12,11,2,15;1,16,23,5,4,18,3;0,14,10,22,15;6,15,21,10,17;3,8,17,10,14,4,16,20,5,9
torus_c34_w71_t743 24 1,9,5,14,21,15,19,12,3;0,9,16,20,3;6,15,19,11,7;0,12,13,8,23,9,18,20,1;5,14,16,18,20;0,14,4,20,23,9;2,15,22,17,8,7;2,6,8,13,11;3,23,17,6,7,13;0,1,16,18,3,23,5;14,23,17,22,21;2,19,12,13,7;0,19,11,13,3;3,8,7,11,12;0,5,4,16,23,10,21;0,21,22,6,2,19;1,9,18,4,14,23,20;6,22,10,23,8;3,20,4,16,9;0,12,11,2,15;1,16,23,5,4,18,3;0,14,10,22,15;6,15,21,10,17;3,8,17,10,14,16,20,5,9
