p24#1 24 1,2,3,4,5,6;0,6,7,8,2;0,1,8,9,3;0,2,9,10,11,12,4;0,3,12,13,14,15,5;0,4,15,16,6;0,5,16,7,1;1,6,16,17,18,19,20,8;1,7,20,9,2;2,8,20,10,3;3,9,20,21,11;3,10,21,22,12;3,11,22,13,4;4,12,22,23,14;4,13,23,18,17,15;4,14,17,16,5;5,15,17,7,6;7,16,15,14,18;7,17,14,23,19;7,18,23,22,21,20;7,19,21,10,9,8;10,20,19,22,11;11,21,19,23,13,12;13,22,19,18,14
p24#2 24 1,2,3,4,5,6;0,6,7,8,2;0,1,8,9,3;0,2,9,10,11,12,4;0,3,12,13,14,15,5;0,4,15,16,6;0,5,16,7,1;1,6,16,17,18,19,20,21,8;1,7,21,9,2;2,8,21,10,3;3,9,21,20,11;3,10,20,22,12;3,11,22,13,4;4,12,22,23,14;4,13,23,18,17,15;4,14,17,16,5;5,15,17,7,6;7,16,15,14,18;7,17,14,23,19;7,18,23,22,20;7,19,22,11,10,21;7,20,10,9,8;11,20,19,23,13,12;13,22,19,18,14
p24#3 24 1,2,3,4,5,6,7;0,7,8,9,2;0,1,9,10,3;0,2,10,11,12,13,4;0,3,13,14,15,5;0,4,15,16,6;0,5,16,17,7;0,6,17,8,1;1,7,17,18,19,20,21,9;1,8,21,10,2;2,9,21,11,3;3,10,21,20,12;3,11,20,22,13;3,12,22,14,4;4,13,22,23,15;4,14,23,19,18,16,5;5,15,18,17,6;6,16,18,8,7;8,17,16,15,19;8,18,15,23,20;8,19,23,22,12,11,21;8,20,11,10,9;12,20,23,14,13;14,22,20,19,15
p24#4 24 1,2,3,4,5,6;0,6,7,8,9,2;0,1,9,10,3;0,2,10,11,4;0,3,11,12,5;0,4,12,13,6;0,5,13,14,15,16,7,1;1,6,16,17,8;1,7,17,18,19,20,9;1,8,20,10,2;2,9,20,11,3;3,10,20,19,21,22,12,4;4,11,22,13,5;5,12,22,14,6;6,13,22,21,15;6,14,21,23,16;6,15,23,17,7;7,16,23,18,8;8,17,23,21,19;8,18,21,11,20;8,19,11,10,9;11,19,18,23,15,14,22;11,21,14,13,12;15,21,18,17,16
p24#5 24 1,2,3,4,5,6;0,6,7,8,9,10,2;0,1,10,11,12,13,3;0,2,13,14,4;0,3,14,15,5;0,4,15,16,17,6;0,5,17,7,1;1,6,17,18,8;1,7,18,19,9;1,8,19,20,10;1,9,20,11,2;2,10,20,21,12;2,11,21,22,23,13;2,12,23,14,3;3,13,23,15,4;4,14,23,22,19,16,5;5,15,19,18,17;5,16,18,7,6;7,17,16,19,8;8,18,16,15,22,21,20,9;9,19,21,11,10;11,20,19,22,12;12,21,19,15,23;12,22,15,14,13
p24#6 24 1,2,3,4,5,6;0,6,7,8,9,10,2;0,1,10,11,12,13,3;0,2,13,14,4;0,3,14,15,16,5;0,4,16,17,6;0,5,17,7,1;1,6,17,18,8;1,7,18,19,9;1,8,19,20,10;1,9,20,11,2;2,10,20,21,12;2,11,21,22,23,13;2,12,23,14,3;3,13,23,15,4;4,14,23,22,19,18,16;4,15,18,17,5;5,16,18,7,6;7,17,16,15,19,8;8,18,15,22,21,20,9;9,19,21,11,10;11,20,19,22,12;12,21,19,15,23;12,22,15,14,13
p24#7 24 1,2,3,4,5,6;0,6,7,8,9,10,2;0,1,10,11,12,13,3;0,2,13,14,4;0,3,14,15,5;0,4,15,16,6;0,5,16,7,1;1,6,16,17,8;1,7,17,18,9;1,8,18,19,10;1,9,19,11,2;2,10,19,20,12;2,11,20,21,22,13;2,12,22,14,3;3,13,22,23,15,4;4,14,23,18,17,16,5;5,15,17,7,6;7,16,15,18,8;8,17,15,23,21,20,19,9;9,18,20,11,10;11,19,18,21,12;12,20,18,23,22;12,21,23,14,13;14,22,21,18,15
p24#8 24 1,2,3,4,5,6;0,6,7,8,9,10,2;0,1,10,11,12,13,3;0,2,13,14,4;0,3,14,15,5;0,4,15,16,6;0,5,16,7,1;1,6,16,17,8;1,7,17,18,9;1,8,18,19,10;1,9,19,11,2;2,10,19,20,12;2,11,20,21,22,13;2,12,22,14,3;3,13,22,15,4;4,14,22,23,17,16,5;5,15,17,7,6;7,16,15,23,18,8;8,17,23,21,20,19,9;9,18,20,11,10;11,19,18,21,12;12,20,18,23,22;12,21,23,15,14,13;15,22,21,18,17
p24#9 24 1,2,3,4,5,6;0,6,7,8,9,10,2;0,1,10,11,12,13,3;0,2,13,14,4;0,3,14,15,5;0,4,15,16,6;0,5,16,7,1;1,6,16,17,8;1,7,17,18,9;1,8,18,19,10;1,9,19,11,2;2,10,19,20,12;2,11,20,21,22,13;2,12,22,14,3;3,13,22,15,4;4,14,22,23,16,5;5,15,23,17,7,6;7,16,23,18,8;8,17,23,21,20,19,9;9,18,20,11,10;11,19,18,21,12;12,20,18,23,22;12,21,23,15,14,13;15,22,21,18,17,16
p24#10 24 1,2,3,4,5,6;0,6,7,8,9,10,2;0,1,10,11,12,13,3;0,2,13,14,4;0,3,14,15,5;0,4,15,16,6;0,5,16,7,1;1,6,16,17,8;1,7,17,18,9;1,8,18,19,10;1,9,19,11,2;2,10,19,20,12;2,11,20,21,22,13;2,12,22,14,3;3,13,22,15,4;4,14,22,21,23,16,5;5,15,23,17,7,6;7,16,23,18,8;8,17,23,21,20,19,9;9,18,20,11,10;11,19,18,21,12;12,20,18,23,15,22;12,21,15,14,13;15,21,18,17,16
p24#11 24 1,2,3,4,5,6;0,6,7,8,9,10,2;0,1,10,11,12,13,3;0,2,13,14,4;0,3,14,15,16,5;0,4,16,17,6;0,5,17,7,1;1,6,17,18,8;1,7,18,19,9;1,8,19,20,10;1,9,20,11,2;2,10,20,21,12;2,11,21,22,23,13;2,12,23,14,3;3,13,23,15,4;4,14,23,22,16;4,15,22,19,18,17,5;5,16,18,7,6;7,17,16,19,8;8,18,16,22,21,20,9;9,19,21,11,10;11,20,19,22,12;12,21,19,16,15,23;12,22,15,14,13
p24#12 24 1,2,3,4,5,6;0,6,7,8,9,10,2;0,1,10,11,12,13,3;0,2,13,14,4;0,3,14,15,16,5;0,4,16,17,6;0,5,17,7,1;1,6,17,18,8;1,7,18,19,9;1,8,19,20,10;1,9,20,11,2;2,10,20,21,12;2,11,21,22,23,13;2,12,23,14,3;3,13,23,15,4;4,14,23,22,19,16;4,15,19,18,17,5;5,16,18,7,6;7,17,16,19,8;8,18,16,15,22,21,20,9;9,19,21,11,10;11,20,19,22,12;12,21,19,15,23;12,22,15,14,13
p24#13 24 1,2,3,4,5,6,7;0,7,8,9,2;0,1,9,10,11,3;0,2,11,12,13,4;0,3,13,14,5;0,4,14,15,6;0,5,15,16,17,7;0,6,17,8,1;1,7,17,18,9;1,8,18,10,2;2,9,18,19,20,11;2,10,20,12,3;3,11,20,21,13;3,12,21,22,23,14,4;4,13,23,15,5;5,14,23,16,6;6,15,23,22,19,17;6,16,19,18,8,7;8,17,19,10,9;10,18,17,16,22,21,20;10,19,21,12,11;12,20,19,22,13;13,21,19,16,23;13,22,16,15,14
p24#14 24 1,2,3,4,5,6,7;0,7,8,9,2;0,1,9,10,11,3;0,2,11,12,13,4;0,3,13,14,5;0,4,14,15,6;0,5,15,16,7;0,6,16,17,8,1;1,7,17,18,9;1,8,18,10,2;2,9,18,19,20,11;2,10,20,12,3;3,11,20,21,13;3,12,21,22,23,14,4;4,13,23,15,5;5,14,23,16,6;6,15,23,22,19,17,7;7,16,19,18,8;8,17,19,10,9;10,18,17,16,22,21,20;10,19,21,12,11;12,20,19,22,13;13,21,19,16,23;13,22,16,15,14
p24#15 24 1,2,3,4,5,6,7;0,7,8,9,2;0,1,9,10,11,3;0,2,11,12,13,4;0,3,13,14,5;0,4,14,15,6;0,5,15,16,7;0,6,16,8,1;1,7,16,17,9;1,8,17,10,2;2,9,17,18,19,11;2,10,19,12,3;3,11,19,20,13;3,12,20,21,22,14,4;4,13,22,15,5;5,14,22,23,16,6;6,15,23,18,17,8,7;8,16,18,10,9;10,17,16,23,21,20,19;10,18,20,12,11;12,19,18,21,13;13,20,18,23,22;13,21,23,15,14;15,22,21,18,16
p24#16 24 1,2,3,4,5,6,7;0,7,8,9,2;0,1,9,10,11,3;0,2,11,12,13,4;0,3,13,14,5;0,4,14,15,6;0,5,15,16,7;0,6,16,8,1;1,7,16,17,9;1,8,17,10,2;2,9,17,18,19,11;2,10,19,12,3;3,11,19,20,13;3,12,20,21,22,14,4;4,13,22,15,5;5,14,22,23,16,6;6,15,23,17,8,7;8,16,23,18,10,9;10,17,23,21,20,19;10,18,20,12,11;12,19,18,21,13;13,20,18,23,22;13,21,23,15,14;15,22,21,18,17,16
p24#17 24 1,2,3,4,5,6,7;0,7,8,9,2;0,1,9,10,11,3;0,2,11,12,13,4;0,3,13,14,5;0,4,14,15,6;0,5,15,16,7;0,6,16,8,1;1,7,16,17,9;1,8,17,10,2;2,9,17,18,19,11;2,10,19,12,3;3,11,19,20,13;3,12,20,21,22,14,4;4,13,22,15,5;5,14,22,16,6;6,15,22,23,17,8,7;8,16,23,18,10,9;10,17,23,21,20,19;10,18,20,12,11;12,19,18,21,13;13,20,18,23,22;13,21,23,16,15,14;16,22,21,18,17
p24#18 24 1,2,3,4,5,6,7;0,7,8,9,2;0,1,9,10,11,3;0,2,11,12,13,4;0,3,13,14,5;0,4,14,15,6;0,5,15,16,7;0,6,16,8,1;1,7,16,17,18,9;1,8,18,10,2;2,9,18,19,20,11;2,10,20,12,3;3,11,20,21,13;3,12,21,22,23,14,4;4,13,23,15,5;5,14,23,16,6;6,15,23,17,8,7;8,16,23,22,19,18;8,17,19,10,9;10,18,17,22,21,20;10,19,21,12,11;12,20,19,22,13;13,21,19,17,23;13,22,17,16,15,14
p24#19 24 1,2,3,4,5,6,7;0,7,8,9,2;0,1,9,10,11,3;0,2,11,12,13,4;0,3,13,14,5;0,4,14,15,6;0,5,15,16,7;0,6,16,8,1;1,7,16,17,18,9;1,8,18,10,2;2,9,18,19,20,11;2,10,20,12,3;3,11,20,21,13;3,12,21,22,23,14,4;4,13,23,15,5;5,14,23,16,6;6,15,23,22,17,8,7;8,16,22,19,18;8,17,19,10,9;10,18,17,22,21,20;10,19,21,12,11;12,20,19,22,13;13,21,19,17,16,23;13,22,16,15,14
p24#20 24 1,2,3,4,5,6,7;0,7,8,9,2;0,1,9,10,11,3;0,2,11,12,13,4;0,3,13,14,5;0,4,14,15,6;0,5,15,16,7;0,6,16,17,8,1;1,7,17,18,9;1,8,18,10,2;2,9,18,19,20,11;2,10,20,12,3;3,11,20,21,13;3,12,21,22,23,14,4;4,13,23,15,5;5,14,23,16,6;6,15,23,22,17,7;7,16,22,19,18,8;8,17,19,10,9;10,18,17,22,21,20;10,19,21,12,11;12,20,19,22,13;13,21,19,17,16,23;13,22,16,15,14
p24#21 24 1,2,3,4,5,6,7;0,7,8,9,2;0,1,9,10,11,3;0,2,11,12,13,4;0,3,13,14,5;0,4,14,15,6;0,5,15,16,17,7;0,6,17,8,1;1,7,17,18,9;1,8,18,10,2;2,9,18,19,20,11;2,10,20,12,3;3,11,20,21,13;3,12,21,22,23,14,4;4,13,23,15,5;5,14,23,16,6;6,15,23,22,17;6,16,22,19,18,8,7;8,17,19,10,9;10,18,17,22,21,20;10,19,21,12,11;12,20,19,22,13;13,21,19,17,16,23;13,22,16,15,14
p24#22 24 1,2,3,4,5,6;0,6,7,8,9,10,2;0,1,10,11,12,3;0,2,12,13,4;0,3,13,14,5;0,4,14,15,6;0,5,15,7,1;1,6,15,16,8;1,7,16,17,18,9;1,8,18,19,10;1,9,19,11,2;2,10,19,20,21,22,12;2,11,22,13,3;3,12,22,14,4;4,13,22,21,23,15,5;5,14,23,16,7,6;7,15,23,17,8;8,16,23,21,20,18;8,17,20,19,9;9,18,20,11,10;11,19,18,17,21;11,20,17,23,14,22;11,21,14,13,12;14,21,17,16,15
p24#23 24 1,2,3,4,5,6;0,6,7,8,9,10,2;0,1,10,11,12,3;0,2,12,13,4;0,3,13,14,5;0,4,14,15,16,6;0,5,16,7,1;1,6,16,17,8;1,7,17,18,19,9;1,8,19,20,10;1,9,20,11,2;2,10,20,21,22,23,12;2,11,23,13,3;3,12,23,14,4;4,13,23,22,15,5;5,14,22,18,17,16;5,15,17,7,6;7,16,15,18,8;8,17,15,22,21,19;8,18,21,20,9;9,19,21,11,10;11,20,19,18,22;11,21,18,15,14,23;11,22,14,13,12
p24#24 24 1,2,3,4,5,6;0,6,7,8,9,10,2;0,1,10,11,12,3;0,2,12,13,4;0,3,13,14,15,5;0,4,15,16,6;0,5,16,7,1;1,6,16,17,8;1,7,17,18,19,9;1,8,19,20,10;1,9,20,11,2;2,10,20,21,22,23,12;2,11,23,13,3;3,12,23,14,4;4,13,23,22,15;4,14,22,18,17,16,5;5,15,17,7,6;7,16,15,18,8;8,17,15,22,21,19;8,18,21,20,9;9,19,21,11,10;11,20,19,18,22;11,21,18,15,14,23;11,22,14,13,12
p24#25 24 1,2,3,4,5,6;0,6,7,8,9,10,2;0,1,10,11,12,3;0,2,12,13,4;0,3,13,14,15,5;0,4,15,16,6;0,5,16,7,1;1,6,16,17,8;1,7,17,18,19,9;1,8,19,20,10;1,9,20,11,2;2,10,20,21,22,23,12;2,11,23,13,3;3,12,23,14,4;4,13,23,22,18,15;4,14,18,17,16,5;5,15,17,7,6;7,16,15,18,8;8,17,15,14,22,21,19;8,18,21,20,9;9,19,21,11,10;11,20,19,18,22;11,21,18,14,23;11,22,14,13,12
p24#26 24 1,2,3,4,5,6;0,6,7,8,9,10,2;0,1,10,11,12,3;0,2,12,13,4;0,3,13,14,5;0,4,14,15,16,6;0,5,16,7,1;1,6,16,17,8;1,7,17,18,19,9;1,8,19,20,10;1,9,20,11,2;2,10,20,21,22,23,12;2,11,23,13,3;3,12,23,14,4;4,13,23,22,18,15,5;5,14,18,17,16;5,15,17,7,6;7,16,15,18,8;8,17,15,14,22,21,19;8,18,21,20,9;9,19,21,11,10;11,20,19,18,22;11,21,18,14,23;11,22,14,13,12
p24#27 24 1,2,3,4,5,6;0,6,7,8,9,10,2;0,1,10,11,12,3;0,2,12,13,4;0,3,13,14,5;0,4,14,15,6;0,5,15,7,1;1,6,15,16,8;1,7,16,17,18,9;1,8,18,19,10;1,9,19,11,2;2,10,19,20,21,22,12;2,11,22,13,3;3,12,22,23,14,4;4,13,23,17,16,15,5;5,14,16,7,6;7,15,14,17,8;8,16,14,23,21,20,18;8,17,20,19,9;9,18,20,11,10;11,19,18,17,21;11,20,17,23,22;11,21,23,13,12;13,22,21,17,14
p24#28 24 1,2,3,4,5,6;0,6,7,8,9,10,2;0,1,10,11,12,3;0,2,12,13,4;0,3,13,14,5;0,4,14,15,6;0,5,15,7,1;1,6,15,16,8;1,7,16,17,18,9;1,8,18,19,10;1,9,19,11,2;2,10,19,20,21,22,12;2,11,22,13,3;3,12,22,23,14,4;4,13,23,16,15,5;5,14,16,7,6;7,15,14,23,17,8;8,16,23,21,20,18;8,17,20,19,9;9,18,20,11,10;11,19,18,17,21;11,20,17,23,22;11,21,23,13,12;13,22,21,17,16,14
p24#29 24 1,2,3,4,5,6;0,6,7,8,9,10,2;0,1,10,11,12,3;0,2,12,13,4;0,3,13,14,5;0,4,14,15,6;0,5,15,7,1;1,6,15,16,8;1,7,16,17,18,9;1,8,18,19,10;1,9,19,11,2;2,10,19,20,21,22,12;2,11,22,13,3;3,12,22,14,4;4,13,22,23,16,15,5;5,14,16,7,6;7,15,14,23,17,8;8,16,23,21,20,18;8,17,20,19,9;9,18,20,11,10;11,19,18,17,21;11,20,17,23,22;11,21,23,14,13,12;14,22,21,17,16
p24#30 24 1,2,3,4,5,6;0,6,7,8,9,10,2;0,1,10,11,12,3;0,2,12,13,4;0,3,13,14,5;0,4,14,15,6;0,5,15,7,1;1,6,15,16,8;1,7,16,17,18,9;1,8,18,19,10;1,9,19,11,2;2,10,19,20,21,22,12;2,11,22,13,3;3,12,22,14,4;4,13,22,23,15,5;5,14,23,16,7,6;7,15,23,17,8;8,16,23,21,20,18;8,17,20,19,9;9,18,20,11,10;11,19,18,17,21;11,20,17,23,22;11,21,23,14,13,12;14,22,21,17,16,15
p24#31 24 1,2,3,4,5,6;0,6,7,8,9,2;0,1,9,10,3;0,2,10,11,12,4;0,3,12,13,14,15,5;0,4,15,16,6;0,5,16,7,1;1,6,16,17,18,19,20,8;1,7,20,21,9;1,8,21,10,2;2,9,21,11,3;3,10,21,20,19,22,12;3,11,22,13,4;4,12,22,23,14;4,13,23,18,17,15;4,14,17,16,5;5,15,17,7,6;7,16,15,14,18;7,17,14,23,19;7,18,23,22,11,20;7,19,11,21,8;8,20,11,10,9;11,19,23,13,12;13,22,19,18,14
p24#32 24 1,2,3,4,5,6;0,6,7,8,9,2;0,1,9,10,3;0,2,10,11,12,4;0,3,12,13,14,15,5;0,4,15,16,6;0,5,16,17,7,1;1,6,17,18,8;1,7,18,19,9;1,8,19,10,2;2,9,19,11,3;3,10,19,18,20,12;3,11,20,13,4;4,12,20,21,14;4,13,21,22,23,15;4,14,23,16,5;5,15,23,17,6;6,16,23,22,18,7;7,17,22,21,20,11,19,8;8,18,11,10,9;11,18,21,13,12;13,20,18,22,14;14,21,18,17,23;14,22,17,16,15
p24#33 24 1,2,3,4,5,6;0,6,7,8,9,2;0,1,9,10,3;0,2,10,11,12,4;0,3,12,13,14,15,5;0,4,15,16,6;0,5,16,7,1;1,6,16,17,18,8;1,7,18,19,9;1,8,19,10,2;2,9,19,11,3;3,10,19,18,20,12;3,11,20,13,4;4,12,20,21,14;4,13,21,22,23,15;4,14,23,16,5;5,15,23,17,7,6;7,16,23,22,18;7,17,22,21,20,11,19,8;8,18,11,10,9;11,18,21,13,12;13,20,18,22,14;14,21,18,17,23;14,22,17,16,15
p24#34 24 1,2,3,4,5,6;0,6,7,8,2;0,1,8,9,3;0,2,9,10,11,4;0,3,11,12,13,14,5;0,4,14,15,6;0,5,15,7,1;1,6,15,16,17,18,19,8;1,7,19,9,2;2,8,19,10,3;3,9,19,18,20,11;3,10,20,12,4;4,11,20,21,13;4,12,21,22,23,14;4,13,23,15,5;5,14,23,16,7,6;7,15,23,22,17;7,16,22,21,18;7,17,21,20,10,19;7,18,10,9,8;10,18,21,12,11;12,20,18,17,22,13;13,21,17,16,23;13,22,16,15,14
p24#35 24 1,2,3,4,5,6;0,6,7,8,2;0,1,8,9,3;0,2,9,10,11,4;0,3,11,12,13,14,5;0,4,14,15,6;0,5,15,7,1;1,6,15,16,17,8;1,7,17,9,2;2,8,17,10,3;3,9,17,18,19,11;3,10,19,12,4;4,11,19,20,13;4,12,20,21,22,14;4,13,22,15,5;5,14,22,23,16,7,6;7,15,23,18,17;7,16,18,10,9,8;10,17,16,23,21,20,19;10,18,20,12,11;12,19,18,21,13;13,20,18,23,22;13,21,23,15,14;15,22,21,18,16
p24#36 24 1,2,3,4,5,6;0,6,7,8,2;0,1,8,9,3;0,2,9,10,11,4;0,3,11,12,13,14,5;0,4,14,15,6;0,5,15,7,1;1,6,15,16,17,8;1,7,17,9,2;2,8,17,10,3;3,9,17,18,19,11;3,10,19,12,4;4,11,19,20,13;4,12,20,21,22,14;4,13,22,15,5;5,14,22,16,7,6;7,15,22,23,17;7,16,23,18,10,9,8;10,17,23,21,20,19;10,18,20,12,11;12,19,18,21,13;13,20,18,23,22;13,21,23,16,15,14;16,22,21,18,17
p24#37 24 1,2,3,4,5,6;0,6,7,8,2;0,1,8,9,3;0,2,9,10,11,4;0,3,11,12,13,14,5;0,4,14,15,6;0,5,15,7,1;1,6,15,16,17,8;1,7,17,18,19,9,2;2,8,19,10,3;3,9,19,20,21,11;3,10,21,12,4;4,11,21,22,13;4,12,22,23,16,14;4,13,16,15,5;5,14,16,7,6;7,15,14,13,23,17;7,16,23,18,8;8,17,23,20,19;8,18,20,10,9;10,19,18,23,22,21;10,20,22,12,11;12,21,20,23,13;13,22,20,18,17,16
p24#38 24 1,2,3,4,5;0,5,6,7,8,2;0,1,8,9,10,3;0,2,10,11,4;0,3,11,12,5;0,4,12,13,6,1;1,5,13,14,15,16,7;1,6,16,17,8;1,7,17,9,2;2,8,17,18,10;2,9,18,11,3;3,10,18,19,20,12,4;4,11,20,13,5;5,12,20,14,6;6,13,20,21,15;6,14,21,22,16;6,15,22,17,7;7,16,22,23,19,18,9,8;9,17,19,11,10;11,18,17,23,20;11,19,23,21,14,13,12;14,20,23,22,15;15,21,23,17,16;17,22,21,20,19
p24#39 24 1,2,3,4,5,6,7,8;0,8,9,10,2;0,1,10,11,3;0,2,11,12,13,4;0,3,13,14,5;0,4,14,15,6;0,5,15,16,7;0,6,16,17,8;0,7,17,9,1;1,8,17,18,10;1,9,18,11,2;2,10,18,19,12,3;3,11,19,20,13;3,12,20,14,4;4,13,20,21,22,23,15,5;5,14,23,16,6;6,15,23,17,7;7,16,23,22,18,9,8;9,17,22,21,19,11,10;11,18,21,20,12;12,19,21,14,13;14,20,19,18,22;14,21,18,17,23;14,22,17,16,15
p24#40 24 1,2,3,4,5,6,7,8;0,8,9,10,11,2;0,1,11,12,3;0,2,12,13,4;0,3,13,14,5;0,4,14,15,6;0,5,15,16,7;0,6,16,17,8;0,7,17,9,1;1,8,17,18,10;1,9,18,19,11;1,10,19,20,12,2;2,11,20,13,3;3,12,20,21,22,23,14,4;4,13,23,15,5;5,14,23,16,6;6,15,23,22,18,17,7;7,16,18,9,8;9,17,16,22,21,19,10;10,18,21,20,11;11,19,21,13,12;13,20,19,18,22;13,21,18,16,23;13,22,16,15,14
p24#41 24 1,2,3,4,5,6,7;0,7,8,9,10,11,2;0,1,11,12,3;0,2,12,13,14,4;0,3,14,15,5;0,4,15,16,6;0,5,16,17,7;0,6,17,8,1;1,7,17,18,9;1,8,18,19,10;1,9,19,20,11;1,10,20,12,2;2,11,20,21,13,3;3,12,21,22,23,14;3,13,23,15,4;4,14,23,16,5;5,15,23,22,18,17,6;6,16,18,8,7;8,17,16,22,21,19,9;9,18,21,20,10;10,19,21,12,11;12,20,19,18,22,13;13,21,18,16,23;13,22,16,15,14
p24#42 24 1,2,3,4,5,6,7;0,7,8,9,10,11,2;0,1,11,12,13,3;0,2,13,14,4;0,3,14,15,5;0,4,15,16,6;0,5,16,17,7;0,6,17,8,1;1,7,17,18,9;1,8,18,19,10;1,9,19,20,11;1,10,20,12,2;2,11,20,21,22,13;2,12,22,23,14,3;3,13,23,15,4;4,14,23,16,5;5,15,23,22,18,17,6;6,16,18,8,7;8,17,16,22,21,19,9;9,18,21,20,10;10,19,21,12,11;12,20,19,18,22;12,21,18,16,23,13;13,22,16,15,14
p24#43 24 1,2,3,4,5,6,7;0,7,8,9,10,11,2;0,1,11,12,3;0,2,12,13,4;0,3,13,14,5;0,4,14,15,6;0,5,15,16,7;0,6,16,8,1;1,7,16,17,9;1,8,17,18,10;1,9,18,19,11;1,10,19,12,2;2,11,19,20,13,3;3,12,20,21,14,4;4,13,21,15,5;5,14,21,22,17,16,6;6,15,17,8,7;8,16,15,22,23,18,9;9,17,23,19,10;10,18,23,20,12,11;12,19,23,22,21,13;13,20,22,15,14;15,21,20,23,17;17,22,20,19,18
p24#44 24 1,2,3,4,5,6;0,6,7,8,2;0,1,8,9,10,11,3;0,2,11,12,13,14,15,4;0,3,15,16,5;0,4,16,17,6;0,5,17,7,1;1,6,17,18,8;1,7,18,9,2;2,8,18,19,10;2,9,19,20,11;2,10,20,12,3;3,11,20,21,13;3,12,21,22,14;3,13,22,23,15;3,14,23,16,4;4,15,23,17,5;5,16,23,22,19,18,7,6;7,17,19,9,8;9,18,17,22,21,20,10;10,19,21,12,11;12,20,19,22,13;13,21,19,17,23,14;14,22,17,16,15
p24#45 24 1,2,3,4,5,6;0,6,7,8,2;0,1,8,9,10,11,3;0,2,11,12,13,14,4;0,3,14,15,5;0,4,15,16,6;0,5,16,7,1;1,6,16,17,8;1,7,17,9,2;2,8,17,18,19,10;2,9,19,20,11;2,10,20,12,3;3,11,20,21,22,13;3,12,22,23,14;3,13,23,15,4;4,14,23,16,5;5,15,23,22,18,17,7,6;7,16,18,9,8;9,17,16,22,21,19;9,18,21,20,10;10,19,21,12,11;12,20,19,18,22;12,21,18,16,23,13;13,22,16,15,14
p24#46 24 1,2,3,4,5,6;0,6,7,8,2;0,1,8,9,10,3;0,2,10,11,4;0,3,11,12,13,5;0,4,13,14,6;0,5,14,7,1;1,6,14,15,8;1,7,15,9,2;2,8,15,16,17,10;2,9,17,18,11,3;3,10,18,19,20,12,4;4,11,20,21,13;4,12,21,14,5;5,13,21,22,16,15,7,6;7,14,16,9,8;9,15,14,22,23,17;9,16,23,18,10;10,17,23,19,11;11,18,23,22,20;11,19,22,21,12;12,20,22,14,13;14,21,20,19,23,16;16,22,19,18,17
p24#47 24 1,2,3,4,5,6;0,6,7,8,2;0,1,8,9,10,3;0,2,10,11,12,4;0,3,12,13,14,5;0,4,14,15,6;0,5,15,7,1;1,6,15,16,8;1,7,16,9,2;2,8,16,17,18,10;2,9,18,11,3;3,10,18,19,20,12;3,11,20,21,13,4;4,12,21,22,14;4,13,22,15,5;5,14,22,23,17,16,7,6;7,15,17,9,8;9,16,15,23,19,18;9,17,19,11,10;11,18,17,23,20;11,19,23,21,12;12,20,23,22,13;13,21,23,15,14;15,22,21,20,19,17
p24#48 24 1,2,3,4,5,6,7;0,7,8,9,2;0,1,9,10,11,3;0,2,11,12,4;0,3,12,13,14,15,5;0,4,15,16,6;0,5,16,17,7;0,6,17,8,1;1,7,17,18,9;1,8,18,10,2;2,9,18,19,20,11;2,10,20,12,3;3,11,20,21,13,4;4,12,21,22,14;4,13,22,23,15;4,14,23,16,5;5,15,23,17,6;6,16,23,22,19,18,8,7;8,17,19,10,9;10,18,17,22,21,20;10,19,21,12,11;12,20,19,22,13;13,21,19,17,23,14;14,22,17,16,15
p24#49 24 1,2,3,4,5,6;0,6,7,8,9,10,11,2;0,1,11,12,3;0,2,12,13,14,4;0,3,14,15,5;0,4,15,16,6;0,5,16,17,7,1;1,6,17,18,8;1,7,18,19,9;1,8,19,20,10;1,9,20,21,11;1,10,21,12,2;2,11,21,13,3;3,12,21,20,14;3,13,20,22,23,15,4;4,14,23,16,5;5,15,23,17,6;6,16,23,22,18,7;7,17,22,19,8;8,18,22,20,9;9,19,22,14,13,21,10;10,20,13,12,11;14,20,19,18,17,23;14,22,17,16,15
p24#50 24 1,2,3,4,5,6;0,6,7,8,9,10,11,2;0,1,11,12,3;0,2,12,13,4;0,3,13,14,5;0,4,14,15,6;0,5,15,16,7,1;1,6,16,17,8;1,7,17,18,9;1,8,18,19,10;1,9,19,20,11;1,10,20,12,2;2,11,20,21,13,3;3,12,21,22,23,14,4;4,13,23,15,5;5,14,23,16,6;6,15,23,22,17,7;7,16,22,18,8;8,17,22,19,9;9,18,22,21,20,10;10,19,21,12,11;12,20,19,22,13;13,21,19,18,17,16,23;13,22,16,15,14
p24#51 24 1,2,3,4,5,6,7,8;0,8,9,10,11,2;0,1,11,12,3;0,2,12,13,4;0,3,13,14,5;0,4,14,15,6;0,5,15,16,7;0,6,16,17,8;0,7,17,18,9,1;1,8,18,19,10;1,9,19,20,11;1,10,20,21,12,2;2,11,21,22,13,3;3,12,22,14,4;4,13,22,15,5;5,14,22,21,23,16,6;6,15,23,17,7;7,16,23,18,8;8,17,23,19,9;9,18,23,20,10;10,19,23,21,11;11,20,23,15,22,12;12,21,15,14,13;15,21,20,19,18,17,16
p24#52 24 1,2,3,4,5,6;0,6,7,8,9,2;0,1,9,10,11,12,3;0,2,12,13,4;0,3,13,14,5;0,4,14,15,6;0,5,15,7,1;1,6,15,16,8;1,7,16,17,9;1,8,17,10,2;2,9,17,18,11;2,10,18,19,20,21,12;2,11,21,13,3;3,12,21,22,14,4;4,13,22,23,16,15,5;5,14,16,7,6;7,15,14,23,19,18,17,8;8,16,18,10,9;10,17,16,19,11;11,18,16,23,20;11,19,23,22,21;11,20,22,13,12;13,21,20,23,14;14,22,20,19,16
p24#53 24 1,2,3,4,5,6;0,6,7,8,9,2;0,1,9,10,11,12,3;0,2,12,13,4;0,3,13,14,5;0,4,14,15,6;0,5,15,7,1;1,6,15,16,8;1,7,16,17,9;1,8,17,10,2;2,9,17,18,11;2,10,18,19,20,12;2,11,20,13,3;3,12,20,21,22,14,4;4,13,22,16,15,5;5,14,16,7,6;7,15,14,22,23,18,17,8;8,16,18,10,9;10,17,16,23,19,11;11,18,23,21,20;11,19,21,13,12;13,20,19,23,22;13,21,23,16,14;16,22,21,19,18
p24#54 24 1,2,3,4,5,6;0,6,7,8,9,2;0,1,9,10,11,12,3;0,2,12,13,4;0,3,13,14,5;0,4,14,15,6;0,5,15,7,1;1,6,15,16,8;1,7,16,17,9;1,8,17,10,2;2,9,17,18,11;2,10,18,19,20,12;2,11,20,13,3;3,12,20,21,14,4;4,13,21,22,23,16,15,5;5,14,16,7,6;7,15,14,23,17,8;8,16,23,18,10,9;10,17,23,22,19,11;11,18,22,21,20;11,19,21,13,12;13,20,19,22,14;14,21,19,18,23;14,22,18,17,16
p24#55 24 1,2,3,4,5,6;0,6,7,8,9,2;0,1,9,10,11,12,3;0,2,12,13,4;0,3,13,14,5;0,4,14,15,6;0,5,15,7,1;1,6,15,16,8;1,7,16,17,9;1,8,17,10,2;2,9,17,18,11;2,10,18,19,20,12;2,11,20,13,3;3,12,20,21,14,4;4,13,21,22,15,5;5,14,22,16,7,6;7,15,22,23,17,8;8,16,23,18,10,9;10,17,23,19,11;11,18,23,21,20;11,19,21,13,12;13,20,19,23,22,14;14,21,23,16,15;16,22,21,19,18,17
p24#56 24 1,2,3,4,5,6;0,6,7,8,9,2;0,1,9,10,11,12,3;0,2,12,13,4;0,3,13,14,5;0,4,14,15,6;0,5,15,7,1;1,6,15,16,17,8;1,7,17,18,19,9;1,8,19,10,2;2,9,19,20,11;2,10,20,21,22,12;2,11,22,13,3;3,12,22,23,14,4;4,13,23,16,15,5;5,14,16,7,6;7,15,14,23,17;7,16,23,18,8;8,17,23,21,20,19;8,18,20,10,9;10,19,18,21,11;11,20,18,23,22;11,21,23,13,12;13,22,21,18,17,16,14
p24#57 24 1,2,3,4,5,6;0,6,7,8,9,2;0,1,9,10,11,12,3;0,2,12,13,4;0,3,13,14,5;0,4,14,15,6;0,5,15,7,1;1,6,15,16,17,18,8;1,7,18,19,9;1,8,19,10,2;2,9,19,20,11;2,10,20,21,22,12;2,11,22,13,3;3,12,22,23,14,4;4,13,23,16,15,5;5,14,16,7,6;7,15,14,23,21,17;7,16,21,20,18;7,17,20,19,8;8,18,20,10,9;10,19,18,17,21,11;11,20,17,16,23,22;11,21,23,13,12;13,22,21,16,14
p24#58 24 1,2,3,4,5,6;0,6,7,8,9,2;0,1,9,10,11,12,3;0,2,12,13,4;0,3,13,14,5;0,4,14,15,6;0,5,15,7,1;1,6,15,16,17,18,8;1,7,18,19,9;1,8,19,10,2;2,9,19,20,11;2,10,20,21,22,12;2,11,22,13,3;3,12,22,23,14,4;4,13,23,16,15,5;5,14,16,7,6;7,15,14,23,17;7,16,23,21,20,18;7,17,20,19,8;8,18,20,10,9;10,19,18,17,21,11;11,20,17,23,22;11,21,23,13,12;13,22,21,17,16,14
p24#59 24 1,2,3,4,5,6;0,6,7,8,9,2;0,1,9,10,11,12,3;0,2,12,13,4;0,3,13,14,5;0,4,14,15,6;0,5,15,7,1;1,6,15,16,8;1,7,16,17,9;1,8,17,10,2;2,9,17,18,11;2,10,18,19,20,12;2,11,20,13,3;3,12,20,21,14,4;4,13,21,22,15,5;5,14,22,23,16,7,6;7,15,23,18,17,8;8,16,18,10,9;10,17,16,23,19,11;11,18,23,22,21,20;11,19,21,13,12;13,20,19,22,14;14,21,19,23,15;15,22,19,18,16
p24#60 24 1,2,3,4,5,6,7;0,7,8,9,2;0,1,9,10,11,3;0,2,11,12,13,4;0,3,13,14,5;0,4,14,15,6;0,5,15,16,7;0,6,16,8,1;1,7,16,17,18,9;1,8,18,10,2;2,9,18,19,11;2,10,19,12,3;3,11,19,20,13;3,12,20,21,22,14,4;4,13,22,15,5;5,14,22,23,16,6;6,15,23,17,8,7;8,16,23,21,18;8,17,21,20,19,10,9;10,18,20,12,11;12,19,18,21,13;13,20,18,17,23,22;13,21,23,15,14;15,22,21,17,16
p24#61 24 1,2,3,4,5,6,7;0,7,8,9,2;0,1,9,10,11,3;0,2,11,12,13,4;0,3,13,14,5;0,4,14,15,6;0,5,15,16,7;0,6,16,8,1;1,7,16,17,18,9;1,8,18,10,2;2,9,18,19,11;2,10,19,12,3;3,11,19,20,13;3,12,20,21,22,14,4;4,13,22,15,5;5,14,22,23,16,6;6,15,23,17,8,7;8,16,23,21,20,18;8,17,20,19,10,9;10,18,20,12,11;12,19,18,17,21,13;13,20,17,23,22;13,21,23,15,14;15,22,21,17,16
p24#62 24 1,2,3,4,5,6,7;0,7,8,9,2;0,1,9,10,11,3;0,2,11,12,13,4;0,3,13,14,5;0,4,14,15,6;0,5,15,16,7;0,6,16,8,1;1,7,16,17,18,9;1,8,18,10,2;2,9,18,19,11;2,10,19,12,3;3,11,19,20,13;3,12,20,21,22,14,4;4,13,22,15,5;5,14,22,23,16,6;6,15,23,17,8,7;8,16,23,21,20,19,18;8,17,19,10,9;10,18,17,20,12,11;12,19,17,21,13;13,20,17,23,22;13,21,23,15,14;15,22,21,17,16
p24#63 24 1,2,3,4,5,6,7;0,7,8,9,2;0,1,9,10,11,3;0,2,11,12,13,4;0,3,13,14,5;0,4,14,15,6;0,5,15,16,7;0,6,16,8,1;1,7,16,17,9;1,8,17,10,2;2,9,17,18,11;2,10,18,12,3;3,11,18,19,13;3,12,19,20,21,14,4;4,13,21,15,5;5,14,21,22,16,6;6,15,22,23,17,8,7;8,16,23,19,18,10,9;10,17,19,12,11;12,18,17,23,20,13;13,19,23,22,21;13,20,22,15,14;15,21,20,23,16;16,22,20,19,17
p24#64 24 1,2,3,4,5,6,7;0,7,8,9,2;0,1,9,10,11,3;0,2,11,12,13,4;0,3,13,14,5;0,4,14,15,6;0,5,15,16,7;0,6,16,8,1;1,7,16,17,9;1,8,17,10,2;2,9,17,18,11;2,10,18,12,3;3,11,18,19,13;3,12,19,20,21,14,4;4,13,21,15,5;5,14,21,22,16,6;6,15,22,23,17,8,7;8,16,23,18,10,9;10,17,23,19,12,11;12,18,23,20,13;13,19,23,22,21;13,20,22,15,14;15,21,20,23,16;16,22,20,19,18,17
p24#65 24 1,2,3,4,5,6,7;0,7,8,9,2;0,1,9,10,11,3;0,2,11,12,13,4;0,3,13,14,5;0,4,14,15,6;0,5,15,16,7;0,6,16,8,1;1,7,16,17,9;1,8,17,18,10,2;2,9,18,19,11;2,10,19,12,3;3,11,19,20,13;3,12,20,21,22,14,4;4,13,22,15,5;5,14,22,23,16,6;6,15,23,17,8,7;8,16,23,18,9;9,17,23,21,20,19,10;10,18,20,12,11;12,19,18,21,13;13,20,18,23,22;13,21,23,15,14;15,22,21,18,17,16
p24#66 24 1,2,3,4,5,6,7;0,7,8,9,2;0,1,9,10,11,3;0,2,11,12,13,4;0,3,13,14,5;0,4,14,15,6;0,5,15,16,7;0,6,16,8,1;1,7,16,17,9;1,8,17,18,10,2;2,9,18,19,11;2,10,19,12,3;3,11,19,20,13;3,12,20,21,22,14,4;4,13,22,15,5;5,14,22,23,16,6;6,15,23,17,8,7;8,16,23,21,18,9;9,17,21,20,19,10;10,18,20,12,11;12,19,18,21,13;13,20,18,17,23,22;13,21,23,15,14;15,22,21,17,16
p24#67 24 1,2,3,4,5,6;0,6,7,8,9,2;0,1,9,10,3;0,2,10,11,4;0,3,11,12,5;0,4,12,13,6;0,5,13,14,15,7,1;1,6,15,16,8;1,7,16,17,18,19,9;1,8,19,10,2;2,9,19,20,11,3;3,10,20,21,12,4;4,11,21,13,5;5,12,21,22,14,6;6,13,22,23,15;6,14,23,16,7;7,15,23,17,8;8,16,23,22,18;8,17,22,20,19;8,18,20,10,9;10,19,18,22,21,11;11,20,22,13,12;13,21,20,18,17,23,14;14,22,17,16,15
p24#68 24 1,2,3,4,5,6;0,6,7,8,9,2;0,1,9,10,3;0,2,10,11,4;0,3,11,12,5;0,4,12,13,6;0,5,13,14,15,7,1;1,6,15,16,8;1,7,16,17,18,19,9;1,8,19,10,2;2,9,19,20,11,3;3,10,20,21,12,4;4,11,21,13,5;5,12,21,22,14,6;6,13,22,23,15;6,14,23,16,7;7,15,23,17,8;8,16,23,22,18;8,17,22,21,20,19;8,18,20,10,9;10,19,18,21,11;11,20,18,22,13,12;13,21,18,17,23,14;14,22,17,16,15
p24#69 24 1,2,3,4,5,6;0,6,7,8,9,2;0,1,9,10,3;0,2,10,11,4;0,3,11,12,5;0,4,12,13,6;0,5,13,14,15,7,1;1,6,15,16,8;1,7,16,17,18,19,9;1,8,19,10,2;2,9,19,20,11,3;3,10,20,21,12,4;4,11,21,22,13,5;5,12,22,14,6;6,13,22,23,15;6,14,23,16,7;7,15,23,17,8;8,16,23,22,18;8,17,22,21,20,19;8,18,20,10,9;10,19,18,21,11;11,20,18,22,12;12,21,18,17,23,14,13;14,22,17,16,15
p24#70 24 1,2,3,4,5,6;0,6,7,8,9,2;0,1,9,10,3;0,2,10,11,4;0,3,11,12,5;0,4,12,13,6;0,5,13,14,15,7,1;1,6,15,16,8;1,7,16,17,18,19,9;1,8,19,10,2;2,9,19,20,11,3;3,10,20,21,12,4;4,11,21,22,13,5;5,12,22,14,6;6,13,22,23,15;6,14,23,16,7;7,15,23,17,8;8,16,23,22,21,18;8,17,21,20,19;8,18,20,10,9;10,19,18,21,11;11,20,18,17,22,12;12,21,17,23,14,13;14,22,17,16,15
p24#71 24 1,2,3,4,5,6;0,6,7,8,9,2;0,1,9,10,3;0,2,10,11,4;0,3,11,12,5;0,4,12,13,6;0,5,13,14,15,7,1;1,6,15,16,8;1,7,16,17,18,19,9;1,8,19,10,2;2,9,19,20,11,3;3,10,20,21,12,4;4,11,21,22,13,5;5,12,22,14,6;6,13,22,23,15;6,14,23,16,7;7,15,23,17,8;8,16,23,21,18;8,17,21,20,19;8,18,20,10,9;10,19,18,21,11;11,20,18,17,23,22,12;12,21,23,14,13;14,22,21,17,16,15
p24#72 24 1,2,3,4,5,6;0,6,7,8,9,2;0,1,9,10,3;0,2,10,11,4;0,3,11,12,5;0,4,12,13,6;0,5,13,14,15,7,1;1,6,15,16,8;1,7,16,17,18,19,9;1,8,19,10,2;2,9,19,20,11,3;3,10,20,21,22,12,4;4,11,22,13,5;5,12,22,14,6;6,13,22,23,15;6,14,23,16,7;7,15,23,17,8;8,16,23,22,21,18;8,17,21,20,19;8,18,20,10,9;10,19,18,21,11;11,20,18,17,22;11,21,17,23,14,13,12;14,22,17,16,15
p24#73 24 1,2,3,4,5,6;0,6,7,8,9,2;0,1,9,10,3;0,2,10,11,4;0,3,11,12,5;0,4,12,13,6;0,5,13,14,15,7,1;1,6,15,16,8;1,7,16,17,18,19,9;1,8,19,10,2;2,9,19,20,11,3;3,10,20,21,22,12,4;4,11,22,13,5;5,12,22,14,6;6,13,22,23,15;6,14,23,16,7;7,15,23,17,8;8,16,23,21,18;8,17,21,20,19;8,18,20,10,9;10,19,18,21,11;11,20,18,17,23,22;11,21,23,14,13,12;14,22,21,17,16,15
p24#74 24 1,2,3,4,5,6,7;0,7,8,9,2;0,1,9,10,3;0,2,10,11,4;0,3,11,12,5;0,4,12,13,6;0,5,13,14,15,7;0,6,15,16,8,1;1,7,16,17,18,19,9;1,8,19,10,2;2,9,19,20,11,3;3,10,20,12,4;4,11,20,21,13,5;5,12,21,22,14,6;6,13,22,23,15;6,14,23,16,7;7,15,23,17,8;8,16,23,22,18;8,17,22,21,20,19;8,18,20,10,9;10,19,18,21,12,11;12,20,18,22,13;13,21,18,17,23,14;14,22,17,16,15
p24#75 24 1,2,3,4,5,6,7;0,7,8,9,2;0,1,9,10,3;0,2,10,11,4;0,3,11,12,5;0,4,12,13,6;0,5,13,14,15,7;0,6,15,16,8,1;1,7,16,17,18,19,9;1,8,19,10,2;2,9,19,20,11,3;3,10,20,12,4;4,11,20,21,22,13,5;5,12,22,14,6;6,13,22,23,15;6,14,23,16,7;7,15,23,17,8;8,16,23,21,18;8,17,21,20,19;8,18,20,10,9;10,19,18,21,12,11;12,20,18,17,23,22;12,21,23,14,13;14,22,21,17,16,15
p24#76 24 1,2,3,4,5;0,5,6,7,8,2;0,1,8,9,10,11,3;0,2,11,12,4;0,3,12,13,5;0,4,13,14,6,1;1,5,14,15,7;1,6,15,16,8;1,7,16,17,9,2;2,8,17,18,10;2,9,18,19,11;2,10,19,20,21,12,3;3,11,21,13,4;4,12,21,22,14,5;5,13,22,15,6;6,14,22,23,16,7;7,15,23,17,8;8,16,23,18,9;9,17,23,19,10;10,18,23,20,11;11,19,23,22,21;11,20,22,13,12;13,21,20,23,15,14;15,22,20,19,18,17,16
p24#77 24 1,2,3,4,5,6;0,6,7,8,2;0,1,8,9,10,3;0,2,10,11,12,13,4;0,3,13,14,5;0,4,14,15,6;0,5,15,7,1;1,6,15,16,17,8;1,7,17,9,2;2,8,17,18,19,10;2,9,19,11,3;3,10,19,20,12;3,11,20,21,22,13;3,12,22,14,4;4,13,22,23,16,15,5;5,14,16,7,6;7,15,14,23,18,17;7,16,18,9,8;9,17,16,23,21,20,19;9,18,20,11,10;11,19,18,21,12;12,20,18,23,22;12,21,23,14,13;14,22,21,18,16
p24#78 24 1,2,3,4,5,6;0,6,7,8,2;0,1,8,9,10,3;0,2,10,11,12,13,4;0,3,13,14,5;0,4,14,15,6;0,5,15,7,1;1,6,15,16,17,8;1,7,17,9,2;2,8,17,18,19,10;2,9,19,11,3;3,10,19,20,12;3,11,20,21,22,13;3,12,22,14,4;4,13,22,23,16,15,5;5,14,16,7,6;7,15,14,23,17;7,16,23,18,9,8;9,17,23,21,20,19;9,18,20,11,10;11,19,18,21,12;12,20,18,23,22;12,21,23,14,13;14,22,21,18,17,16
p24#79 24 1,2,3,4,5,6;0,6,7,8,2;0,1,8,9,10,3;0,2,10,11,12,13,4;0,3,13,14,5;0,4,14,15,6;0,5,15,7,1;1,6,15,16,17,8;1,7,17,18,9,2;2,8,18,19,10;2,9,19,11,3;3,10,19,20,12;3,11,20,21,22,13;3,12,22,14,4;4,13,22,23,16,15,5;5,14,16,7,6;7,15,14,23,17;7,16,23,18,8;8,17,23,21,20,19,9;9,18,20,11,10;11,19,18,21,12;12,20,18,23,22;12,21,23,14,13;14,22,21,18,17,16
p24#80 24 1,2,3,4,5,6;0,6,7,8,2;0,1,8,9,10,3;0,2,10,11,12,13,4;0,3,13,14,5;0,4,14,15,6;0,5,15,7,1;1,6,15,16,17,8;1,7,17,18,9,2;2,8,18,19,10;2,9,19,11,3;3,10,19,20,12;3,11,20,21,22,13;3,12,22,14,4;4,13,22,23,16,15,5;5,14,16,7,6;7,15,14,23,17;7,16,23,21,18,8;8,17,21,20,19,9;9,18,20,11,10;11,19,18,21,12;12,20,18,17,23,22;12,21,23,14,13;14,22,21,17,16
p24#81 24 1,2,3,4,5,6;0,6,7,8,2;0,1,8,9,10,3;0,2,10,11,12,13,4;0,3,13,14,5;0,4,14,15,6;0,5,15,7,1;1,6,15,16,17,8;1,7,17,18,9,2;2,8,18,19,10;2,9,19,11,3;3,10,19,20,12;3,11,20,21,22,13;3,12,22,14,4;4,13,22,23,16,15,5;5,14,16,7,6;7,15,14,23,17;7,16,23,21,20,18,8;8,17,20,19,9;9,18,20,11,10;11,19,18,17,21,12;12,20,17,23,22;12,21,23,14,13;14,22,21,17,16
p24#82 24 1,2,3,4,5,6;0,6,7,8,2;0,1,8,9,10,3;0,2,10,11,12,13,4;0,3,13,14,5;0,4,14,15,6;0,5,15,7,1;1,6,15,16,17,18,8;1,7,18,9,2;2,8,18,19,10;2,9,19,11,3;3,10,19,20,12;3,11,20,21,22,13;3,12,22,14,4;4,13,22,23,16,15,5;5,14,16,7,6;7,15,14,23,17;7,16,23,21,18;7,17,21,20,19,9,8;9,18,20,11,10;11,19,18,21,12;12,20,18,17,23,22;12,21,23,14,13;14,22,21,17,16
p24#83 24 1,2,3,4,5,6;0,6,7,8,2;0,1,8,9,10,3;0,2,10,11,12,13,4;0,3,13,14,5;0,4,14,15,6;0,5,15,7,1;1,6,15,16,17,18,8;1,7,18,9,2;2,8,18,19,10;2,9,19,11,3;3,10,19,20,12;3,11,20,21,22,13;3,12,22,14,4;4,13,22,23,16,15,5;5,14,16,7,6;7,15,14,23,17;7,16,23,21,20,18;7,17,20,19,9,8;9,18,20,11,10;11,19,18,17,21,12;12,20,17,23,22;12,21,23,14,13;14,22,21,17,16
p24#84 24 1,2,3,4,5,6;0,6,7,8,2;0,1,8,9,10,3;0,2,10,11,12,13,4;0,3,13,14,5;0,4,14,15,6;0,5,15,7,1;1,6,15,16,17,18,8;1,7,18,9,2;2,8,18,19,10;2,9,19,11,3;3,10,19,20,12;3,11,20,21,22,13;3,12,22,14,4;4,13,22,23,16,15,5;5,14,16,7,6;7,15,14,23,17;7,16,23,21,20,19,18;7,17,19,9,8;9,18,17,20,11,10;11,19,17,21,12;12,20,17,23,22;12,21,23,14,13;14,22,21,17,16
p24#85 24 1,2,3,4,5,6;0,6,7,8,2;0,1,8,9,10,3;0,2,10,11,12,13,4;0,3,13,14,5;0,4,14,15,6;0,5,15,7,1;1,6,15,16,17,8;1,7,17,9,2;2,8,17,18,10;2,9,18,11,3;3,10,18,19,12;3,11,19,20,21,13;3,12,21,14,4;4,13,21,22,16,15,5;5,14,16,7,6;7,15,14,22,23,17;7,16,23,19,18,9,8;9,17,19,11,10;11,18,17,23,20,12;12,19,23,22,21;12,20,22,14,13;14,21,20,23,16;16,22,20,19,17
p24#86 24 1,2,3,4,5,6;0,6,7,8,2;0,1,8,9,10,3;0,2,10,11,12,13,4;0,3,13,14,5;0,4,14,15,6;0,5,15,7,1;1,6,15,16,17,8;1,7,17,9,2;2,8,17,18,10;2,9,18,11,3;3,10,18,19,12;3,11,19,20,21,13;3,12,21,14,4;4,13,21,22,16,15,5;5,14,16,7,6;7,15,14,22,23,17;7,16,23,18,9,8;9,17,23,19,11,10;11,18,23,20,12;12,19,23,22,21;12,20,22,14,13;14,21,20,23,16;16,22,20,19,18,17
p24#87 24 1,2,3,4,5,6,7;0,7,8,9,2;0,1,9,10,3;0,2,10,11,4;0,3,11,12,5;0,4,12,13,6;0,5,13,14,15,7;0,6,15,16,8,1;1,7,16,17,18,19,9;1,8,19,10,2;2,9,19,20,21,11,3;3,10,21,12,4;4,11,21,22,13,5;5,12,22,14,6;6,13,22,23,15;6,14,23,16,7;7,15,23,17,8;8,16,23,22,18;8,17,22,20,19;8,18,20,10,9;10,19,18,22,21;10,20,22,12,11;12,21,20,18,17,23,14,13;14,22,17,16,15
p24#88 24 1,2,3,4,5,6;0,6,7,8,9,2;0,1,9,10,3;0,2,10,11,4;0,3,11,12,5;0,4,12,13,6;0,5,13,14,15,7,1;1,6,15,16,8;1,7,16,17,18,19,9;1,8,19,10,2;2,9,19,20,21,11,3;3,10,21,12,4;4,11,21,22,13,5;5,12,22,14,6;6,13,22,23,15;6,14,23,16,7;7,15,23,17,8;8,16,23,22,18;8,17,22,20,19;8,18,20,10,9;10,19,18,22,21;10,20,22,12,11;12,21,20,18,17,23,14,13;14,22,17,16,15
p24#89 24 1,2,3,4,5;0,5,6,7,8,2;0,1,8,9,3;0,2,9,10,11,12,13,4;0,3,13,14,5;0,4,14,6,1;1,5,14,15,7;1,6,15,16,17,18,19,8;1,7,19,9,2;2,8,19,10,3;3,9,19,18,11;3,10,18,20,12;3,11,20,21,13;3,12,21,22,14,4;4,13,22,15,6,5;6,14,22,16,7;7,15,22,23,17;7,16,23,20,18;7,17,20,11,10,19;7,18,10,9,8;11,18,17,23,21,12;12,20,23,22,13;13,21,23,16,15,14;16,22,21,20,17
p24#90 24 1,2,3,4,5;0,5,6,7,8,2;0,1,8,9,3;0,2,9,10,11,4;0,3,11,12,5;0,4,12,13,14,15,6,1;1,5,15,16,7;1,6,16,17,18,19,8;1,7,19,9,2;2,8,19,10,3;3,9,19,18,20,21,22,11;3,10,22,12,4;4,11,22,13,5;5,12,22,21,14;5,13,21,23,15;5,14,23,16,6;6,15,23,17,7;7,16,23,20,18;7,17,20,10,19;7,18,10,9,8;10,18,17,23,21;10,20,23,14,13,22;10,21,13,12,11;14,21,20,17,16,15
p24#91 24 1,2,3,4,5;0,5,6,7,8,9,10,2;0,1,10,11,3;0,2,11,12,13,4;0,3,13,14,5;0,4,14,6,1;1,5,14,15,16,7;1,6,16,17,8;1,7,17,18,9;1,8,18,19,20,10;1,9,20,11,2;2,10,20,12,3;3,11,20,19,21,22,23,13;3,12,23,14,4;4,13,23,15,6,5;6,14,23,22,16;6,15,22,17,7;7,16,22,21,18,8;8,17,21,19,9;9,18,21,12,20;9,19,12,11,10;12,19,18,17,22;12,21,17,16,15,23;12,22,15,14,13
p24#92 24 1,2,3,4,5;0,5,6,7,8,9,10,2;0,1,10,11,3;0,2,11,12,13,4;0,3,13,14,5;0,4,14,15,6,1;1,5,15,16,7;1,6,16,17,8;1,7,17,18,9;1,8,18,19,20,10;1,9,20,11,2;2,10,20,12,3;3,11,20,19,21,22,23,13;3,12,23,14,4;4,13,23,15,5;5,14,23,22,16,6;6,15,22,17,7;7,16,22,21,18,8;8,17,21,19,9;9,18,21,12,20;9,19,12,11,10;12,19,18,17,22;12,21,17,16,15,23;12,22,15,14,13
p24#93 24 1,2,3,4,5;0,5,6,7,8,9,2;0,1,9,10,11,12,3;0,2,12,13,4;0,3,13,14,15,16,5;0,4,16,6,1;1,5,16,17,7;1,6,17,18,8;1,7,18,19,9;1,8,19,10,2;2,9,19,20,11;2,10,20,21,22,12;2,11,22,13,3;3,12,22,14,4;4,13,22,21,23,15;4,14,23,18,17,16;4,15,17,6,5;6,16,15,18,7;7,17,15,23,19,8;8,18,23,20,10,9;10,19,23,21,11;11,20,23,14,22;11,21,14,13,12;14,21,20,19,18,15
p24#94 24 1,2,3,4,5;0,5,6,7,8,9,2;0,1,9,10,11,12,3;0,2,12,13,4;0,3,13,14,15,16,5;0,4,16,6,1;1,5,16,17,7;1,6,17,18,8;1,7,18,19,9;1,8,19,10,2;2,9,19,20,11;2,10,20,21,22,12;2,11,22,13,3;3,12,22,14,4;4,13,22,21,23,18,15;4,14,18,17,16;4,15,17,6,5;6,16,15,18,7;7,17,15,14,23,19,8;8,18,23,20,10,9;10,19,23,21,11;11,20,23,14,22;11,21,14,13,12;14,21,20,19,18
p24#95 24 1,2,3,4,5;0,5,6,7,8,9,2;0,1,9,10,11,12,3;0,2,12,13,4;0,3,13,14,15,5;0,4,15,6,1;1,5,15,16,7;1,6,16,17,8;1,7,17,18,9;1,8,18,10,2;2,9,18,19,11;2,10,19,20,21,12;2,11,21,13,3;3,12,21,22,14,4;4,13,22,17,16,15;4,14,16,6,5;6,15,14,17,7;7,16,14,22,23,18,8;8,17,23,19,10,9;10,18,23,20,11;11,19,23,22,21;11,20,22,13,12;13,21,20,23,17,14;17,22,20,19,18
p24#96 24 1,2,3,4,5;0,5,6,7,8,9,2;0,1,9,10,11,12,3;0,2,12,13,4;0,3,13,14,15,5;0,4,15,6,1;1,5,15,16,7;1,6,16,17,8;1,7,17,18,9;1,8,18,10,2;2,9,18,19,11;2,10,19,20,21,12;2,11,21,13,3;3,12,21,22,14,4;4,13,22,16,15;4,14,16,6,5;6,15,14,22,17,7;7,16,22,23,18,8;8,17,23,19,10,9;10,18,23,20,11;11,19,23,22,21;11,20,22,13,12;13,21,20,23,17,16,14;17,22,20,19,18
p24#97 24 1,2,3,4,5;0,5,6,7,8,9,2;0,1,9,10,11,12,3;0,2,12,13,4;0,3,13,14,15,5;0,4,15,6,1;1,5,15,16,7;1,6,16,17,8;1,7,17,18,9;1,8,18,10,2;2,9,18,19,11;2,10,19,20,21,12;2,11,21,13,3;3,12,21,14,4;4,13,21,22,17,16,15;4,14,16,6,5;6,15,14,17,7;7,16,14,22,23,18,8;8,17,23,19,10,9;10,18,23,20,11;11,19,23,22,21;11,20,22,14,13,12;14,21,20,23,17;17,22,20,19,18
p24#98 24 1,2,3,4,5;0,5,6,7,8,9,2;0,1,9,10,11,12,3;0,2,12,13,4;0,3,13,14,15,5;0,4,15,6,1;1,5,15,16,7;1,6,16,17,8;1,7,17,18,9;1,8,18,10,2;2,9,18,19,11;2,10,19,20,21,12;2,11,21,13,3;3,12,21,14,4;4,13,21,22,15;4,14,22,16,6,5;6,15,22,17,7;7,16,22,23,18,8;8,17,23,19,10,9;10,18,23,20,11;11,19,23,22,21;11,20,22,14,13,12;14,21,20,23,17,16,15;17,22,20,19,18
p24#99 24 1,2,3,4,5;0,5,6,7,8,9,2;0,1,9,10,11,12,3;0,2,12,13,4;0,3,13,14,15,5;0,4,15,6,1;1,5,15,16,7;1,6,16,17,8;1,7,17,18,9;1,8,18,10,2;2,9,18,19,11;2,10,19,20,21,12;2,11,21,13,3;3,12,21,14,4;4,13,21,20,22,16,15;4,14,16,6,5;6,15,14,22,17,7;7,16,22,23,18,8;8,17,23,19,10,9;10,18,23,20,11;11,19,23,22,14,21;11,20,14,13,12;14,20,23,17,16;17,22,20,19,18
p24#100 24 1,2,3,4,5;0,5,6,7,8,9,2;0,1,9,10,11,12,3;0,2,12,13,4;0,3,13,14,15,16,5;0,4,16,6,1;1,5,16,17,7;1,6,17,18,8;1,7,18,19,9;1,8,19,10,2;2,9,19,20,11;2,10,20,21,22,12;2,11,22,13,3;3,12,22,14,4;4,13,22,21,15;4,14,21,23,18,17,16;4,15,17,6,5;6,16,15,18,7;7,17,15,23,19,8;8,18,23,20,10,9;10,19,23,21,11;11,20,23,15,14,22;11,21,14,13,12;15,21,20,19,18
p24#101 24 1,2,3,4,5;0,5,6,7,8,9,2;0,1,9,10,11,12,3;0,2,12,13,4;0,3,13,14,15,5;0,4,15,6,1;1,5,15,16,7;1,6,16,17,8;1,7,17,18,9;1,8,18,10,2;2,9,18,19,11;2,10,19,20,21,12;2,11,21,13,3;3,12,21,14,4;4,13,21,20,22,23,15;4,14,23,16,6,5;6,15,23,17,7;7,16,23,22,18,8;8,17,22,19,10,9;10,18,22,20,11;11,19,22,14,21;11,20,14,13,12;14,20,19,18,17,23;14,22,17,16,15
p24#102 24 1,2,3,4,5;0,5,6,7,8,9,2;0,1,9,10,3;0,2,10,11,12,4;0,3,12,13,5;0,4,13,14,15,6,1;1,5,15,16,7;1,6,16,17,8;1,7,17,18,19,20,9;1,8,20,10,2;2,9,20,11,3;3,10,20,19,21,22,12;3,11,22,13,4;4,12,22,14,5;5,13,22,21,15;5,14,21,23,16,6;6,15,23,17,7;7,16,23,18,8;8,17,23,21,19;8,18,21,11,20;8,19,11,10,9;11,19,18,23,15,14,22;11,21,14,13,12;15,21,18,17,16
p24#103 24 1,2,3,4,5,6;0,6,7,8,9,2;0,1,9,10,3;0,2,10,11,12,4;0,3,12,13,5;0,4,13,14,15,6;0,5,15,16,7,1;1,6,16,17,8;1,7,17,18,19,20,9;1,8,20,10,2;2,9,20,11,3;3,10,20,19,21,22,12;3,11,22,13,4;4,12,22,14,5;5,13,22,21,15;5,14,21,23,16,6;6,15,23,17,7;7,16,23,18,8;8,17,23,21,19;8,18,21,11,20;8,19,11,10,9;11,19,18,23,15,14,22;11,21,14,13,12;15,21,18,17,16
p24#104 24 1,2,3,4,5,6;0,6,7,8,9,10,2;0,1,10,11,3;0,2,11,12,13,4;0,3,13,14,5;0,4,14,15,16,6;0,5,16,7,1;1,6,16,17,8;1,7,17,18,9;1,8,18,19,10;1,9,19,20,11,2;2,10,20,12,3;3,11,20,21,22,23,13;3,12,23,14,4;4,13,23,15,5;5,14,23,22,18,17,16;5,15,17,7,6;7,16,15,18,8;8,17,15,22,21,19,9;9,18,21,20,10;10,19,21,12,11;12,20,19,18,22;12,21,18,15,23;12,22,15,14,13
p24#105 24 1,2,3,4,5;0,5,6,7,8,2;0,1,8,9,10,3;0,2,10,11,4;0,3,11,12,13,5;0,4,13,14,6,1;1,5,14,15,16,7;1,6,16,17,18,8;1,7,18,9,2;2,8,18,19,20,21,10;2,9,21,11,3;3,10,21,12,4;4,11,21,20,22,23,13;4,12,23,14,5;5,13,23,15,6;6,14,23,22,16;6,15,22,17,7;7,16,22,19,18;7,17,19,9,8;9,18,17,22,20;9,19,22,12,21;9,20,12,11,10;12,20,19,17,16,15,23;12,22,15,14,13
p24#106 24 1,2,3,4,5;0,5,6,7,8,2;0,1,8,9,10,11,3;0,2,11,12,4;0,3,12,13,14,5;0,4,14,6,1;1,5,14,15,7;1,6,15,16,17,8;1,7,17,18,9,2;2,8,18,19,10;2,9,19,20,21,22,11;2,10,22,12,3;3,11,22,13,4;4,12,22,21,16,15,14;4,13,15,6,5;6,14,13,16,7;7,15,13,21,20,23,17;7,16,23,18,8;8,17,23,19,9;9,18,23,20,10;10,19,23,16,21;10,20,16,13,22;10,21,13,12,11;16,20,19,18,17
p24#107 24 1,2,3,4,5;0,5,6,7,2;0,1,7,8,9,3;0,2,9,10,4;0,3,10,11,12,5;0,4,12,13,6,1;1,5,13,14,15,16,7;1,6,16,17,8,2;2,7,17,18,19,20,9;2,8,20,10,3;3,9,20,11,4;4,10,20,19,21,22,12;4,11,22,13,5;5,12,22,14,6;6,13,22,21,15;6,14,21,23,16;6,15,23,17,7;7,16,23,18,8;8,17,23,21,19;8,18,21,11,20;8,19,11,10,9;11,19,18,23,15,14,22;11,21,14,13,12;15,21,18,17,16
p24#108 24 1,2,3,4,5;0,5,6,7,8,9,10,2;0,1,10,11,12,3;0,2,12,13,4;0,3,13,14,15,16,5;0,4,16,6,1;1,5,16,17,7;1,6,17,18,8;1,7,18,19,9;1,8,19,20,10;1,9,20,11,2;2,10,20,21,22,23,12;2,11,23,13,3;3,12,23,14,4;4,13,23,22,18,15;4,14,18,17,16;4,15,17,6,5;6,16,15,18,7;7,17,15,14,22,21,19,8;8,18,21,20,9;9,19,21,11,10;11,20,19,18,22;11,21,18,14,23;11,22,14,13,12
p24#109 24 1,2,3,4,5;0,5,6,7,8,9,2;0,1,9,10,11,12,3;0,2,12,13,4;0,3,13,14,15,5;0,4,15,6,1;1,5,15,16,7;1,6,16,17,18,8;1,7,18,19,9;1,8,19,10,2;2,9,19,20,11;2,10,20,21,22,12;2,11,22,13,3;3,12,22,23,14,4;4,13,23,17,16,15;4,14,16,6,5;6,15,14,17,7;7,16,14,23,21,20,18;7,17,20,19,8;8,18,20,10,9;10,19,18,17,21,11;11,20,17,23,22;11,21,23,13,12;13,22,21,17,14
p24#110 24 1,2,3,4,5;0,5,6,7,8,9,2;0,1,9,10,11,12,3;0,2,12,13,4;0,3,13,14,15,5;0,4,15,6,1;1,5,15,16,7;1,6,16,17,8;1,7,17,18,9;1,8,18,10,2;2,9,18,19,11;2,10,19,20,21,12;2,11,21,13,3;3,12,21,22,14,4;4,13,22,23,16,15;4,14,16,6,5;6,15,14,23,17,7;7,16,23,19,18,8;8,17,19,10,9;10,18,17,23,20,11;11,19,23,22,21;11,20,22,13,12;13,21,20,23,14;14,22,20,19,17,16
p24#111 24 1,2,3,4,5;0,5,6,7,8,9,2;0,1,9,10,11,12,3;0,2,12,13,4;0,3,13,14,15,5;0,4,15,6,1;1,5,15,16,7;1,6,16,17,8;1,7,17,18,9;1,8,18,10,2;2,9,18,19,11;2,10,19,20,21,12;2,11,21,13,3;3,12,21,22,14,4;4,13,22,23,17,16,15;4,14,16,6,5;6,15,14,17,7;7,16,14,23,19,18,8;8,17,19,10,9;10,18,17,23,20,11;11,19,23,22,21;11,20,22,13,12;13,21,20,23,14;14,22,20,19,17
p24#112 24 1,2,3,4,5;0,5,6,7,8,9,2;0,1,9,10,11,12,3;0,2,12,13,4;0,3,13,14,15,5;0,4,15,6,1;1,5,15,16,7;1,6,16,17,8;1,7,17,18,9;1,8,18,10,2;2,9,18,19,11;2,10,19,20,21,12;2,11,21,13,3;3,12,21,22,14,4;4,13,22,23,16,15;4,14,16,6,5;6,15,14,23,17,7;7,16,23,18,8;8,17,23,19,10,9;10,18,23,20,11;11,19,23,22,21;11,20,22,13,12;13,21,20,23,14;14,22,20,19,18,17,16
p24#113 24 1,2,3,4,5;0,5,6,7,8,9,2;0,1,9,10,11,12,3;0,2,12,13,4;0,3,13,14,15,5;0,4,15,6,1;1,5,15,16,7;1,6,16,17,8;1,7,17,18,9;1,8,18,10,2;2,9,18,19,11;2,10,19,20,21,12;2,11,21,13,3;3,12,21,22,14,4;4,13,22,23,17,16,15;4,14,16,6,5;6,15,14,17,7;7,16,14,23,18,8;8,17,23,19,10,9;10,18,23,20,11;11,19,23,22,21;11,20,22,13,12;13,21,20,23,14;14,22,20,19,18,17
p24#114 24 1,2,3,4,5;0,5,6,7,8,9,2;0,1,9,10,11,12,3;0,2,12,13,4;0,3,13,14,15,5;0,4,15,6,1;1,5,15,16,7;1,6,16,17,8;1,7,17,18,19,9;1,8,19,10,2;2,9,19,20,11;2,10,20,21,22,12;2,11,22,13,3;3,12,22,23,14,4;4,13,23,17,16,15;4,14,16,6,5;6,15,14,17,7;7,16,14,23,18,8;8,17,23,21,20,19;8,18,20,10,9;10,19,18,21,11;11,20,18,23,22;11,21,23,13,12;13,22,21,18,17,14
p24#115 24 1,2,3,4,5;0,5,6,7,8,9,2;0,1,9,10,11,12,3;0,2,12,13,4;0,3,13,14,15,5;0,4,15,6,1;1,5,15,16,7;1,6,16,17,18,8;1,7,18,19,9;1,8,19,10,2;2,9,19,20,11;2,10,20,21,22,12;2,11,22,13,3;3,12,22,23,14,4;4,13,23,17,16,15;4,14,16,6,5;6,15,14,17,7;7,16,14,23,21,18;7,17,21,20,19,8;8,18,20,10,9;10,19,18,21,11;11,20,18,17,23,22;11,21,23,13,12;13,22,21,17,14
p24#116 24 1,2,3,4,5;0,5,6,7,8,9,2;0,1,9,10,11,12,3;0,2,12,13,4;0,3,13,14,15,5;0,4,15,6,1;1,5,15,16,7;1,6,16,17,8;1,7,17,18,9;1,8,18,10,2;2,9,18,19,11;2,10,19,20,21,12;2,11,21,13,3;3,12,21,22,14,4;4,13,22,23,16,15;4,14,16,6,5;6,15,14,23,17,7;7,16,23,20,19,18,8;8,17,19,10,9;10,18,17,20,11;11,19,17,23,22,21;11,20,22,13,12;13,21,20,23,14;14,22,20,17,16
p24#117 24 1,2,3,4,5;0,5,6,7,2;0,1,7,8,3;0,2,8,9,10,4;0,3,10,11,5;0,4,11,12,13,14,6,1;1,5,14,15,16,7;1,6,16,17,8,2;2,7,17,18,9,3;3,8,18,19,20,10;3,9,20,11,4;4,10,20,12,5;5,11,20,19,13;5,12,19,21,14;5,13,21,15,6;6,14,21,22,16;6,15,22,23,17,7;7,16,23,18,8;8,17,23,19,9;9,18,23,22,21,13,12,20;9,19,12,11,10;13,19,22,15,14;15,21,19,23,16;16,22,19,18,17
p24#118 24 1,2,3,4,5;0,5,6,7,8,2;0,1,8,9,3;0,2,9,10,11,4;0,3,11,12,5;0,4,12,13,14,15,6,1;1,5,15,16,7;1,6,16,17,18,19,8;1,7,19,9,2;2,8,19,20,10,3;3,9,20,21,22,11;3,10,22,12,4;4,11,22,13,5;5,12,22,21,14;5,13,21,23,15;5,14,23,16,6;6,15,23,17,7;7,16,23,21,18;7,17,21,20,19;7,18,20,9,8;9,19,18,21,10;10,20,18,17,23,14,13,22;10,21,13,12,11;14,21,17,16,15
p24#119 24 1,2,3,4,5;0,5,6,7,8,9,2;0,1,9,10,11,12,3;0,2,12,13,4;0,3,13,14,15,16,5;0,4,16,6,1;1,5,16,17,7;1,6,17,18,8;1,7,18,19,9;1,8,19,10,2;2,9,19,20,11;2,10,20,21,22,12;2,11,22,13,3;3,12,22,23,14,4;4,13,23,18,15;4,14,18,17,16;4,15,17,6,5;6,16,15,18,7;7,17,15,14,23,21,20,19,8;8,18,20,10,9;10,19,18,21,11;11,20,18,23,22;11,21,23,13,12;13,22,21,18,14
p24#120 24 1,2,3,4,5;0,5,6,7,8,9,2;0,1,9,10,3;0,2,10,11,12,13,14,4;0,3,14,15,16,5;0,4,16,6,1;1,5,16,17,7;1,6,17,18,8;1,7,18,19,20,9;1,8,20,10,2;2,9,20,11,3;3,10,20,19,12;3,11,19,21,13;3,12,21,22,14;3,13,22,15,4;4,14,22,23,18,17,16;4,15,17,6,5;6,16,15,18,7;7,17,15,23,19,8;8,18,23,21,12,11,20;8,19,11,10,9;12,19,23,22,13;13,21,23,15,14;15,22,21,19,18
p24#121 24 1,2,3,4,5;0,5,6,7,2;0,1,7,8,3;0,2,8,9,10,11,4;0,3,11,12,5;0,4,12,13,14,15,6,1;1,5,15,16,17,7;1,6,17,18,8,2;2,7,18,9,3;3,8,18,19,10;3,9,19,20,21,11;3,10,21,12,4;4,11,21,13,5;5,12,21,20,14;5,13,20,22,15;5,14,22,16,6;6,15,22,23,17;6,16,23,19,18,7;7,17,19,9,8;9,18,17,23,20,10;10,19,23,22,14,13,21;10,20,13,12,11;14,20,23,16,15;16,22,20,19,17
p24#122 24 1,2,3,4,5;0,5,6,7,2;0,1,7,8,9,10,11,3;0,2,11,12,4;0,3,12,13,14,15,5;0,4,15,6,1;1,5,15,16,17,7;1,6,17,18,8,2;2,7,18,19,9;2,8,19,20,10;2,9,20,21,22,11;2,10,22,12,3;3,11,22,13,4;4,12,22,21,14;4,13,21,23,16,15;4,14,16,6,5;6,15,14,23,17;6,16,23,18,7;7,17,23,19,8;8,18,23,20,9;9,19,23,21,10;10,20,23,14,13,22;10,21,13,12,11;14,21,20,19,18,17,16
p24#123 24 1,2,3,4,5;0,5,6,7,8,9,2;0,1,9,10,3;0,2,10,11,12,4;0,3,12,13,5;0,4,13,14,15,6,1;1,5,15,16,7;1,6,16,17,8;1,7,17,18,19,20,9;1,8,20,10,2;2,9,20,11,3;3,10,20,19,21,22,12;3,11,22,13,4;4,12,22,14,5;5,13,22,21,23,15;5,14,23,16,6;6,15,23,17,7;7,16,23,18,8;8,17,23,21,19;8,18,21,11,20;8,19,11,10,9;11,19,18,23,14,22;11,21,14,13,12;14,21,18,17,16,15
p24#124 24 1,2,3,4,5;0,5,6,7,8,2;0,1,8,9,3;0,2,9,10,11,4;0,3,11,12,5;0,4,12,13,14,6,1;1,5,14,15,7;1,6,15,16,17,18,19,8;1,7,19,9,2;2,8,19,10,3;3,9,19,18,20,21,11;3,10,21,12,4;4,11,21,13,5;5,12,21,20,22,23,14;5,13,23,15,6;6,14,23,16,7;7,15,23,22,17;7,16,22,20,18;7,17,20,10,19;7,18,10,9,8;10,18,17,22,13,21;10,20,13,12,11;13,20,17,16,23;13,22,16,15,14
p24#125 24 1,2,3,4,5;0,5,6,7,8,2;0,1,8,9,10,11,3;0,2,11,12,4;0,3,12,13,14,15,5;0,4,15,6,1;1,5,15,16,7;1,6,16,17,18,19,8;1,7,19,9,2;2,8,19,20,10;2,9,20,21,22,23,11;2,10,23,12,3;3,11,23,13,4;4,12,23,22,17,14;4,13,17,16,15;4,14,16,6,5;6,15,14,17,7;7,16,14,13,22,21,18;7,17,21,20,19;7,18,20,9,8;9,19,18,21,10;10,20,18,17,22;10,21,17,13,23;10,22,13,12,11
p24#126 24 1,2,3,4,5;0,5,6,7,8,9,2;0,1,9,10,3;0,2,10,11,12,13,4;0,3,13,14,5;0,4,14,15,6,1;1,5,15,16,7;1,6,16,17,8;1,7,17,18,19,20,9;1,8,20,10,2;2,9,20,11,3;3,10,20,19,12;3,11,19,21,22,13;3,12,22,14,4;4,13,22,15,5;5,14,22,21,23,16,6;6,15,23,17,7;7,16,23,18,8;8,17,23,21,19;8,18,21,12,11,20;8,19,11,10,9;12,19,18,23,15,22;12,21,15,14,13;15,21,18,17,16
p24#127 24 1,2,3,4,5,6;0,6,7,8,9,2;0,1,9,10,3;0,2,10,11,12,13,4;0,3,13,14,5;0,4,14,15,6;0,5,15,16,7,1;1,6,16,17,8;1,7,17,18,19,20,9;1,8,20,10,2;2,9,20,11,3;3,10,20,19,12;3,11,19,21,22,13;3,12,22,14,4;4,13,22,15,5;5,14,22,21,23,16,6;6,15,23,17,7;7,16,23,18,8;8,17,23,21,19;8,18,21,12,11,20;8,19,11,10,9;12,19,18,23,15,22;12,21,15,14,13;15,21,18,17,16
p24#128 24 1,2,3,4,5;0,5,6,7,8,2;0,1,8,9,3;0,2,9,10,4;0,3,10,11,5;0,4,11,12,6,1;1,5,12,13,7;1,6,13,14,15,8;1,7,15,16,17,9,2;2,8,17,10,3;3,9,17,18,19,11,4;4,10,19,12,5;5,11,19,20,13,6;6,12,20,14,7;7,13,20,21,22,15;7,14,22,16,8;8,15,22,23,17;8,16,23,18,10,9;10,17,23,21,20,19;10,18,20,12,11;12,19,18,21,14,13;14,20,18,23,22;14,21,23,16,15;16,22,21,18,17
p24#129 24 1,2,3,4,5,6;0,6,7,8,9,2;0,1,9,10,3;0,2,10,11,12,4;0,3,12,13,14,5;0,4,14,15,6;0,5,15,7,1;1,6,15,16,17,8;1,7,17,18,9;1,8,18,19,10,2;2,9,19,11,3;3,10,19,20,12;3,11,20,13,4;4,12,20,21,14;4,13,21,22,16,15,5;5,14,16,7,6;7,15,14,22,17;7,16,22,23,18,8;8,17,23,20,19,9;9,18,20,11,10;11,19,18,23,21,13,12;13,20,23,22,14;14,21,23,17,16;17,22,21,20,18
p24#130 24 1,2,3,4,5;0,5,6,7,8,2;0,1,8,9,3;0,2,9,10,11,4;0,3,11,12,5;0,4,12,13,14,6,1;1,5,14,15,7;1,6,15,16,17,18,8;1,7,18,9,2;2,8,18,19,10,3;3,9,19,20,11;3,10,20,21,12,4;4,11,21,13,5;5,12,21,22,14;5,13,22,15,6;6,14,22,16,7;7,15,22,23,17;7,16,23,19,18;7,17,19,9,8;9,18,17,23,20,10;10,19,23,22,21,11;11,20,22,13,12;13,21,20,23,16,15,14;16,22,20,19,17
p24#131 24 1,2,3,4,5,6;0,6,7,8,2;0,1,8,9,3;0,2,9,10,11,4;0,3,11,12,5;0,4,12,13,14,6;0,5,14,15,7,1;1,6,15,16,17,18,8;1,7,18,9,2;2,8,18,19,10,3;3,9,19,20,11;3,10,20,21,12,4;4,11,21,13,5;5,12,21,22,14;5,13,22,15,6;6,14,22,16,7;7,15,22,23,17;7,16,23,19,18;7,17,19,9,8;9,18,17,23,20,10;10,19,23,21,11;11,20,23,22,13,12;13,21,23,16,15,14;16,22,21,20,19,17
p24#132 24 1,2,3,4,5;0,5,6,7,8,2;0,1,8,9,3;0,2,9,10,11,4;0,3,11,12,5;0,4,12,13,14,6,1;1,5,14,15,7;1,6,15,16,17,18,8;1,7,18,9,2;2,8,18,19,10,3;3,9,19,20,11;3,10,20,21,12,4;4,11,21,13,5;5,12,21,22,14;5,13,22,15,6;6,14,22,16,7;7,15,22,23,17;7,16,23,19,18;7,17,19,9,8;9,18,17,23,20,10;10,19,23,21,11;11,20,23,22,13,12;13,21,23,16,15,14;16,22,21,20,19,17
p24#133 24 1,2,3,4,5;0,5,6,7,8,2;0,1,8,9,3;0,2,9,10,11,4;0,3,11,12,5;0,4,12,13,14,6,1;1,5,14,15,7;1,6,15,16,17,18,8;1,7,18,9,2;2,8,18,19,10,3;3,9,19,20,11;3,10,20,21,12,4;4,11,21,13,5;5,12,21,22,14;5,13,22,15,6;6,14,22,16,7;7,15,22,23,17;7,16,23,20,19,18;7,17,19,9,8;9,18,17,20,10;10,19,17,23,21,11;11,20,23,22,13,12;13,21,23,16,15,14;16,22,21,20,17
p24#134 24 1,2,3,4,5;0,5,6,7,2;0,1,7,8,3;0,2,8,9,10,4;0,3,10,11,5;0,4,11,12,13,6,1;1,5,13,14,15,7;1,6,15,16,8,2;2,7,16,17,9,3;3,8,17,18,10;3,9,18,19,11,4;4,10,19,12,5;5,11,19,20,13;5,12,20,14,6;6,13,20,21,15;6,14,21,22,16,7;7,15,22,17,8;8,16,22,18,9;9,17,22,23,19,10;10,18,23,20,12,11;12,19,23,21,14,13;14,20,23,22,15;15,21,23,18,17,16;18,22,21,20,19
p24#135 24 1,2,3,4,5,6;0,6,7,8,2;0,1,8,9,3;0,2,9,10,11,4;0,3,11,12,5;0,4,12,13,14,6;0,5,14,15,7,1;1,6,15,16,17,18,8;1,7,18,9,2;2,8,18,19,10,3;3,9,19,20,11;3,10,20,21,12,4;4,11,21,13,5;5,12,21,22,14;5,13,22,15,6;6,14,22,16,7;7,15,22,23,17;7,16,23,20,19,18;7,17,19,9,8;9,18,17,20,10;10,19,17,23,21,11;11,20,23,22,13,12;13,21,23,16,15,14;16,22,21,20,17
p24#136 24 1,2,3,4,5;0,5,6,7,8,2;0,1,8,9,3;0,2,9,10,11,4;0,3,11,12,5;0,4,12,13,14,6,1;1,5,14,15,7;1,6,15,16,17,18,8;1,7,18,9,2;2,8,18,19,10,3;3,9,19,20,11;3,10,20,12,4;4,11,20,21,13,5;5,12,21,22,23,14;5,13,23,15,6;6,14,23,16,7;7,15,23,22,17;7,16,22,19,18;7,17,19,9,8;9,18,17,22,21,20,10;10,19,21,12,11;12,20,19,22,13;13,21,19,17,16,23;13,22,16,15,14
p24#137 24 1,2,3,4,5;0,5,6,7,8,2;0,1,8,9,3;0,2,9,10,11,4;0,3,11,12,5;0,4,12,13,14,6,1;1,5,14,15,7;1,6,15,16,17,18,8;1,7,18,9,2;2,8,18,19,10,3;3,9,19,20,11;3,10,20,12,4;4,11,20,21,22,13,5;5,12,22,23,14;5,13,23,15,6;6,14,23,16,7;7,15,23,22,21,17;7,16,21,20,19,18;7,17,19,9,8;9,18,17,20,10;10,19,17,21,12,11;12,20,17,16,22;12,21,16,23,13;13,22,16,15,14
p24#138 24 1,2,3,4,5;0,5,6,7,8,9,2;0,1,9,10,3;0,2,10,11,12,4;0,3,12,13,5;0,4,13,14,6,1;1,5,14,15,7;1,6,15,16,8;1,7,16,17,18,9;1,8,18,10,2;2,9,18,19,11,3;3,10,19,20,12;3,11,20,13,4;4,12,20,21,14,5;5,13,21,22,15,6;6,14,22,16,7;7,15,22,23,17,8;8,16,23,20,19,18;8,17,19,10,9;10,18,17,20,11;11,19,17,23,21,13,12;13,20,23,22,14;14,21,23,16,15;16,22,21,20,17
p24#139 24 1,2,3,4,5,6;0,6,7,8,2;0,1,8,9,10,3;0,2,10,11,12,4;0,3,12,13,5;0,4,13,14,6;0,5,14,15,7,1;1,6,15,16,8;1,7,16,17,9,2;2,8,17,18,19,10;2,9,19,11,3;3,10,19,20,12;3,11,20,21,22,13,4;4,12,22,14,5;5,13,22,23,15,6;6,14,23,16,7;7,15,23,17,8;8,16,23,18,9;9,17,23,21,20,19;9,18,20,11,10;11,19,18,21,12;12,20,18,23,22;12,21,23,14,13;14,22,21,18,17,16,15
p24#140 24 1,2,3,4,5,6;0,6,7,8,2;0,1,8,9,10,3;0,2,10,11,12,4;0,3,12,13,5;0,4,13,14,6;0,5,14,15,7,1;1,6,15,16,8;1,7,16,17,9,2;2,8,17,18,19,10;2,9,19,11,3;3,10,19,20,12;3,11,20,21,22,13,4;4,12,22,14,5;5,13,22,23,15,6;6,14,23,16,7;7,15,23,21,17,8;8,16,21,18,9;9,17,21,20,19;9,18,20,11,10;11,19,18,21,12;12,20,18,17,16,23,22;12,21,23,14,13;14,22,21,16,15
p24#141 24 1,2,3,4,5,6;0,6,7,8,2;0,1,8,9,10,3;0,2,10,11,12,4;0,3,12,13,5;0,4,13,14,6;0,5,14,15,7,1;1,6,15,16,8;1,7,16,17,9,2;2,8,17,18,10;2,9,18,11,3;3,10,18,19,20,12;3,11,20,21,13,4;4,12,21,14,5;5,13,21,22,15,6;6,14,22,16,7;7,15,22,17,8;8,16,22,23,19,18,9;9,17,19,11,10;11,18,17,23,20;11,19,23,21,12;12,20,23,22,14,13;14,21,23,17,16,15;17,22,21,20,19
p24#142 24 1,2,3,4,5,6;0,6,7,8,2;0,1,8,9,10,3;0,2,10,11,12,4;0,3,12,13,5;0,4,13,14,6;0,5,14,15,7,1;1,6,15,16,8;1,7,16,17,9,2;2,8,17,18,10;2,9,18,11,3;3,10,18,19,20,12;3,11,20,21,13,4;4,12,21,14,5;5,13,21,22,15,6;6,14,22,16,7;7,15,22,23,17,8;8,16,23,19,18,9;9,17,19,11,10;11,18,17,23,20;11,19,23,21,12;12,20,23,22,14,13;14,21,23,16,15;16,22,21,20,19,17
p24#143 24 1,2,3,4,5,6;0,6,7,8,2;0,1,8,9,10,3;0,2,10,11,12,4;0,3,12,13,5;0,4,13,14,6;0,5,14,15,7,1;1,6,15,16,8;1,7,16,17,9,2;2,8,17,18,10;2,9,18,11,3;3,10,18,19,20,12;3,11,20,21,13,4;4,12,21,14,5;5,13,21,22,15,6;6,14,22,16,7;7,15,22,23,19,17,8;8,16,19,18,9;9,17,19,11,10;11,18,17,16,23,20;11,19,23,21,12;12,20,23,22,14,13;14,21,23,16,15;16,22,21,20,19
p24#144 24 1,2,3,4,5,6;0,6,7,8,2;0,1,8,9,10,3;0,2,10,11,12,4;0,3,12,13,5;0,4,13,14,6;0,5,14,15,7,1;1,6,15,16,17,8;1,7,17,9,2;2,8,17,18,10;2,9,18,11,3;3,10,18,19,20,12;3,11,20,21,13,4;4,12,21,14,5;5,13,21,22,15,6;6,14,22,16,7;7,15,22,23,17;7,16,23,19,18,9,8;9,17,19,11,10;11,18,17,23,20;11,19,23,21,12;12,20,23,22,14,13;14,21,23,16,15;16,22,21,20,19,17
p24#145 24 1,2,3,4,5,6;0,6,7,8,2;0,1,8,9,10,3;0,2,10,11,12,4;0,3,12,13,5;0,4,13,14,6;0,5,14,15,7,1;1,6,15,16,17,8;1,7,17,9,2;2,8,17,18,10;2,9,18,11,3;3,10,18,19,20,12;3,11,20,21,13,4;4,12,21,14,5;5,13,21,22,15,6;6,14,22,16,7;7,15,22,23,19,18,17;7,16,18,9,8;9,17,16,19,11,10;11,18,16,23,20;11,19,23,21,12;12,20,23,22,14,13;14,21,23,16,15;16,22,21,20,19
p24#146 24 1,2,3,4,5,6;0,6,7,8,2;0,1,8,9,10,3;0,2,10,11,12,4;0,3,12,13,5;0,4,13,14,6;0,5,14,15,7,1;1,6,15,16,8;1,7,16,9,2;2,8,16,17,10;2,9,17,11,3;3,10,17,18,19,12;3,11,19,20,13,4;4,12,20,14,5;5,13,20,21,15,6;6,14,21,22,16,7;7,15,22,17,9,8;9,16,22,18,11,10;11,17,22,23,19;11,18,23,20,12;12,19,23,21,14,13;14,20,23,22,15;15,21,23,18,17,16;18,22,21,20,19
p24#147 24 1,2,3,4,5,6;0,6,7,8,2;0,1,8,9,10,3;0,2,10,11,12,4;0,3,12,13,5;0,4,13,14,6;0,5,14,15,7,1;1,6,15,16,8;1,7,16,9,2;2,8,16,17,10;2,9,17,11,3;3,10,17,18,19,12;3,11,19,20,13,4;4,12,20,14,5;5,13,20,21,15,6;6,14,21,16,7;7,15,21,22,17,9,8;9,16,22,18,11,10;11,17,22,23,19;11,18,23,20,12;12,19,23,21,14,13;14,20,23,22,16,15;16,21,23,18,17;18,22,21,20,19
p24#148 24 1,2,3,4,5,6;0,6,7,8,2;0,1,8,9,10,3;0,2,10,11,12,4;0,3,12,13,5;0,4,13,14,6;0,5,14,15,7,1;1,6,15,16,8;1,7,16,17,9,2;2,8,17,18,10;2,9,18,11,3;3,10,18,19,20,12;3,11,20,13,4;4,12,20,21,14,5;5,13,21,22,15,6;6,14,22,16,7;7,15,22,17,8;8,16,22,23,19,18,9;9,17,19,11,10;11,18,17,23,20;11,19,23,21,13,12;13,20,23,22,14;14,21,23,17,16,15;17,22,21,20,19
p24#149 24 1,2,3,4,5,6;0,6,7,8,2;0,1,8,9,10,3;0,2,10,11,12,4;0,3,12,13,5;0,4,13,14,6;0,5,14,15,7,1;1,6,15,16,8;1,7,16,17,9,2;2,8,17,18,10;2,9,18,11,3;3,10,18,19,20,12;3,11,20,13,4;4,12,20,21,14,5;5,13,21,22,15,6;6,14,22,16,7;7,15,22,23,17,8;8,16,23,19,18,9;9,17,19,11,10;11,18,17,23,20;11,19,23,21,13,12;13,20,23,22,14;14,21,23,16,15;16,22,21,20,19,17
p24#150 24 1,2,3,4,5,6;0,6,7,8,2;0,1,8,9,10,3;0,2,10,11,12,4;0,3,12,13,5;0,4,13,14,6;0,5,14,15,7,1;1,6,15,16,8;1,7,16,17,9,2;2,8,17,18,10;2,9,18,11,3;3,10,18,19,20,12;3,11,20,13,4;4,12,20,21,14,5;5,13,21,22,15,6;6,14,22,16,7;7,15,22,23,19,17,8;8,16,19,18,9;9,17,19,11,10;11,18,17,16,23,20;11,19,23,21,13,12;13,20,23,22,14;14,21,23,16,15;16,22,21,20,19
p24#151 24 1,2,3,4,5,6;0,6,7,8,2;0,1,8,9,10,3;0,2,10,11,12,4;0,3,12,13,5;0,4,13,14,6;0,5,14,15,7,1;1,6,15,16,17,8;1,7,17,9,2;2,8,17,18,10;2,9,18,11,3;3,10,18,19,20,12;3,11,20,13,4;4,12,20,21,14,5;5,13,21,22,15,6;6,14,22,16,7;7,15,22,23,17;7,16,23,19,18,9,8;9,17,19,11,10;11,18,17,23,20;11,19,23,21,13,12;13,20,23,22,14;14,21,23,16,15;16,22,21,20,19,17
p24#152 24 1,2,3,4,5,6;0,6,7,8,2;0,1,8,9,10,3;0,2,10,11,12,4;0,3,12,13,5;0,4,13,14,6;0,5,14,15,7,1;1,6,15,16,17,8;1,7,17,9,2;2,8,17,18,10;2,9,18,11,3;3,10,18,19,20,12;3,11,20,13,4;4,12,20,21,14,5;5,13,21,22,15,6;6,14,22,16,7;7,15,22,23,19,17;7,16,19,18,9,8;9,17,19,11,10;11,18,17,16,23,20;11,19,23,21,13,12;13,20,23,22,14;14,21,23,16,15;16,22,21,20,19
p24#153 24 1,2,3,4,5,6;0,6,7,8,2;0,1,8,9,10,3;0,2,10,11,12,4;0,3,12,13,5;0,4,13,14,6;0,5,14,15,7,1;1,6,15,16,17,8;1,7,17,9,2;2,8,17,18,10;2,9,18,11,3;3,10,18,19,20,12;3,11,20,13,4;4,12,20,21,14,5;5,13,21,22,15,6;6,14,22,16,7;7,15,22,23,19,18,17;7,16,18,9,8;9,17,16,19,11,10;11,18,16,23,20;11,19,23,21,13,12;13,20,23,22,14;14,21,23,16,15;16,22,21,20,19
p24#154 24 1,2,3,4,5,6;0,6,7,8,2;0,1,8,9,10,3;0,2,10,11,12,4;0,3,12,13,5;0,4,13,14,6;0,5,14,15,7,1;1,6,15,16,8;1,7,16,9,2;2,8,16,17,10;2,9,17,11,3;3,10,17,18,19,12;3,11,19,13,4;4,12,19,20,14,5;5,13,20,21,15,6;6,14,21,22,16,7;7,15,22,18,17,9,8;9,16,18,11,10;11,17,16,22,23,19;11,18,23,20,13,12;13,19,23,21,14;14,20,23,22,15;15,21,23,18,16;18,22,21,20,19
p24#155 24 1,2,3,4,5,6;0,6,7,8,2;0,1,8,9,10,3;0,2,10,11,12,13,4;0,3,13,14,5;0,4,14,15,6;0,5,15,16,7,1;1,6,16,17,8;1,7,17,9,2;2,8,17,18,10;2,9,18,11,3;3,10,18,19,12;3,11,19,20,21,13;3,12,21,14,4;4,13,21,15,5;5,14,21,22,16,6;6,15,22,23,17,7;7,16,23,19,18,9,8;9,17,19,11,10;11,18,17,23,20,12;12,19,23,22,21;12,20,22,15,14,13;15,21,20,23,16;16,22,20,19,17
p24#156 24 1,2,3,4,5,6;0,6,7,8,2;0,1,8,9,10,3;0,2,10,11,12,13,4;0,3,13,14,5;0,4,14,15,6;0,5,15,16,7,1;1,6,16,17,8;1,7,17,9,2;2,8,17,18,10;2,9,18,11,3;3,10,18,19,12;3,11,19,20,21,13;3,12,21,14,4;4,13,21,15,5;5,14,21,22,16,6;6,15,22,23,17,7;7,16,23,18,9,8;9,17,23,19,11,10;11,18,23,20,12;12,19,23,22,21;12,20,22,15,14,13;15,21,20,23,16;16,22,20,19,18,17
p24#157 24 1,2,3,4,5,6;0,6,7,8,2;0,1,8,9,10,3;0,2,10,11,12,13,4;0,3,13,14,5;0,4,14,15,6;0,5,15,16,7,1;1,6,16,17,8;1,7,17,9,2;2,8,17,18,10;2,9,18,11,3;3,10,18,19,12;3,11,19,20,21,13;3,12,21,14,4;4,13,21,15,5;5,14,21,22,16,6;6,15,22,17,7;7,16,22,23,18,9,8;9,17,23,19,11,10;11,18,23,20,12;12,19,23,22,21;12,20,22,15,14,13;15,21,20,23,17,16;17,22,20,19,18
p24#158 24 1,2,3,4,5,6;0,6,7,8,2;0,1,8,9,10,3;0,2,10,11,12,13,4;0,3,13,14,5;0,4,14,15,6;0,5,15,16,7,1;1,6,16,17,8;1,7,17,9,2;2,8,17,18,19,10;2,9,19,11,3;3,10,19,20,12;3,11,20,21,22,13;3,12,22,14,4;4,13,22,15,5;5,14,22,23,16,6;6,15,23,18,17,7;7,16,18,9,8;9,17,16,23,21,20,19;9,18,20,11,10;11,19,18,21,12;12,20,18,23,22;12,21,23,15,14,13;15,22,21,18,16
p24#159 24 1,2,3,4,5,6;0,6,7,8,2;0,1,8,9,10,3;0,2,10,11,12,13,4;0,3,13,14,5;0,4,14,15,6;0,5,15,16,7,1;1,6,16,17,8;1,7,17,9,2;2,8,17,18,19,10;2,9,19,11,3;3,10,19,20,12;3,11,20,21,22,13;3,12,22,14,4;4,13,22,15,5;5,14,22,23,16,6;6,15,23,17,7;7,16,23,18,9,8;9,17,23,21,20,19;9,18,20,11,10;11,19,18,21,12;12,20,18,23,22;12,21,23,15,14,13;15,22,21,18,17,16
p24#160 24 1,2,3,4,5,6;0,6,7,8,2;0,1,8,9,10,3;0,2,10,11,12,13,4;0,3,13,14,5;0,4,14,15,6;0,5,15,16,7,1;1,6,16,17,8;1,7,17,9,2;2,8,17,18,19,10;2,9,19,11,3;3,10,19,20,12;3,11,20,21,22,13;3,12,22,14,4;4,13,22,15,5;5,14,22,23,16,6;6,15,23,17,7;7,16,23,21,18,9,8;9,17,21,20,19;9,18,20,11,10;11,19,18,21,12;12,20,18,17,23,22;12,21,23,15,14,13;15,22,21,17,16
p24#161 24 1,2,3,4,5,6;0,6,7,8,2;0,1,8,9,10,3;0,2,10,11,12,13,4;0,3,13,14,5;0,4,14,15,6;0,5,15,16,7,1;1,6,16,17,8;1,7,17,18,9,2;2,8,18,19,10;2,9,19,11,3;3,10,19,20,12;3,11,20,21,22,13;3,12,22,14,4;4,13,22,15,5;5,14,22,23,16,6;6,15,23,17,7;7,16,23,18,8;8,17,23,21,20,19,9;9,18,20,11,10;11,19,18,21,12;12,20,18,23,22;12,21,23,15,14,13;15,22,21,18,17,16
p24#162 24 1,2,3,4,5,6;0,6,7,8,2;0,1,8,9,10,3;0,2,10,11,12,13,4;0,3,13,14,5;0,4,14,15,6;0,5,15,16,7,1;1,6,16,17,8;1,7,17,18,9,2;2,8,18,19,10;2,9,19,11,3;3,10,19,20,12;3,11,20,21,22,13;3,12,22,14,4;4,13,22,15,5;5,14,22,23,16,6;6,15,23,17,7;7,16,23,21,18,8;8,17,21,20,19,9;9,18,20,11,10;11,19,18,21,12;12,20,18,17,23,22;12,21,23,15,14,13;15,22,21,17,16
p24#163 24 1,2,3,4,5,6;0,6,7,8,2;0,1,8,9,10,3;0,2,10,11,12,13,4;0,3,13,14,5;0,4,14,15,6;0,5,15,16,7,1;1,6,16,17,8;1,7,17,18,9,2;2,8,18,19,10;2,9,19,11,3;3,10,19,20,12;3,11,20,21,22,13;3,12,22,14,4;4,13,22,15,5;5,14,22,23,16,6;6,15,23,17,7;7,16,23,21,20,18,8;8,17,20,19,9;9,18,20,11,10;11,19,18,17,21,12;12,20,17,23,22;12,21,23,15,14,13;15,22,21,17,16
p24#164 24 1,2,3,4,5,6;0,6,7,8,2;0,1,8,9,10,3;0,2,10,11,12,13,4;0,3,13,14,5;0,4,14,15,6;0,5,15,16,7,1;1,6,16,17,18,8;1,7,18,9,2;2,8,18,19,10;2,9,19,11,3;3,10,19,20,12;3,11,20,21,22,13;3,12,22,14,4;4,13,22,15,5;5,14,22,23,16,6;6,15,23,17,7;7,16,23,21,18;7,17,21,20,19,9,8;9,18,20,11,10;11,19,18,21,12;12,20,18,17,23,22;12,21,23,15,14,13;15,22,21,17,16
p24#165 24 1,2,3,4,5,6;0,6,7,8,2;0,1,8,9,10,3;0,2,10,11,12,13,4;0,3,13,14,5;0,4,14,15,6;0,5,15,16,7,1;1,6,16,17,18,8;1,7,18,9,2;2,8,18,19,10;2,9,19,11,3;3,10,19,20,12;3,11,20,21,22,13;3,12,22,14,4;4,13,22,15,5;5,14,22,23,16,6;6,15,23,17,7;7,16,23,21,20,18;7,17,20,19,9,8;9,18,20,11,10;11,19,18,17,21,12;12,20,17,23,22;12,21,23,15,14,13;15,22,21,17,16
p24#166 24 1,2,3,4,5,6;0,6,7,8,2;0,1,8,9,10,3;0,2,10,11,12,13,4;0,3,13,14,5;0,4,14,15,6;0,5,15,16,7,1;1,6,16,17,18,8;1,7,18,9,2;2,8,18,19,10;2,9,19,11,3;3,10,19,20,12;3,11,20,21,22,13;3,12,22,14,4;4,13,22,15,5;5,14,22,23,16,6;6,15,23,17,7;7,16,23,21,20,19,18;7,17,19,9,8;9,18,17,20,11,10;11,19,17,21,12;12,20,17,23,22;12,21,23,15,14,13;15,22,21,17,16
p24#167 24 1,2,3,4,5;0,5,6,7,8,2;0,1,8,9,3;0,2,9,10,11,4;0,3,11,12,5;0,4,12,13,6,1;1,5,13,14,7;1,6,14,15,16,8;1,7,16,17,9,2;2,8,17,18,10,3;3,9,18,19,20,21,11;3,10,21,12,4;4,11,21,22,13,5;5,12,22,14,6;6,13,22,15,7;7,14,22,20,19,23,16;7,15,23,17,8;8,16,23,18,9;9,17,23,19,10;10,18,23,15,20;10,19,15,22,21;10,20,22,12,11;12,21,20,15,14,13;15,19,18,17,16
p24#168 24 1,2,3,4,5;0,5,6,7,8,2;0,1,8,9,3;0,2,9,10,11,4;0,3,11,12,5;0,4,12,13,6,1;1,5,13,14,7;1,6,14,15,16,8;1,7,16,17,9,2;2,8,17,18,10,3;3,9,18,19,20,21,11;3,10,21,12,4;4,11,21,22,13,5;5,12,22,14,6;6,13,22,20,15,7;7,14,20,19,23,16;7,15,23,17,8;8,16,23,18,9;9,17,23,19,10;10,18,23,15,20;10,19,15,14,22,21;10,20,22,12,11;12,21,20,14,13;15,19,18,17,16
p24#169 24 1,2,3,4,5;0,5,6,7,8,2;0,1,8,9,3;0,2,9,10,11,4;0,3,11,12,5;0,4,12,13,6,1;1,5,13,14,15,7;1,6,15,16,8;1,7,16,17,9,2;2,8,17,18,10,3;3,9,18,19,20,21,11;3,10,21,12,4;4,11,21,22,13,5;5,12,22,14,6;6,13,22,20,15;6,14,20,19,23,16,7;7,15,23,17,8;8,16,23,18,9;9,17,23,19,10;10,18,23,15,20;10,19,15,14,22,21;10,20,22,12,11;12,21,20,14,13;15,19,18,17,16
p24#170 24 1,2,3,4,5;0,5,6,7,8,2;0,1,8,9,3;0,2,9,10,11,4;0,3,11,12,5;0,4,12,13,6,1;1,5,13,14,15,7;1,6,15,16,8;1,7,16,17,9,2;2,8,17,18,10,3;3,9,18,19,20,21,11;3,10,21,12,4;4,11,21,22,13,5;5,12,22,14,6;6,13,22,20,19,15;6,14,19,23,16,7;7,15,23,17,8;8,16,23,18,9;9,17,23,19,10;10,18,23,15,14,20;10,19,14,22,21;10,20,22,12,11;12,21,20,14,13;15,19,18,17,16
p24#171 24 1,2,3,4,5;0,5,6,7,8,2;0,1,8,9,3;0,2,9,10,11,4;0,3,11,12,5;0,4,12,13,6,1;1,5,13,14,15,7;1,6,15,16,8;1,7,16,17,9,2;2,8,17,18,10,3;3,9,18,19,20,21,11;3,10,21,12,4;4,11,21,22,13,5;5,12,22,14,6;6,13,22,20,19,23,15;6,14,23,16,7;7,15,23,17,8;8,16,23,18,9;9,17,23,19,10;10,18,23,14,20;10,19,14,22,21;10,20,22,12,11;12,21,20,14,13;14,19,18,17,16,15
p24#172 24 1,2,3,4,5;0,5,6,7,8,2;0,1,8,9,3;0,2,9,10,11,4;0,3,11,12,5;0,4,12,13,6,1;1,5,13,14,7;1,6,14,15,8;1,7,15,16,9,2;2,8,16,17,10,3;3,9,17,18,19,20,11;3,10,20,12,4;4,11,20,21,13,5;5,12,21,22,14,6;6,13,22,23,15,7;7,14,23,16,8;8,15,23,17,9;9,16,23,18,10;10,17,23,22,19;10,18,22,21,20;10,19,21,12,11;12,20,19,22,13;13,21,19,18,23,14;14,22,18,17,16,15
p24#173 24 1,2,3,4,5;0,5,6,7,8,2;0,1,8,9,3;0,2,9,10,11,4;0,3,11,12,5;0,4,12,13,6,1;1,5,13,14,7;1,6,14,15,8;1,7,15,16,9,2;2,8,16,17,10,3;3,9,17,18,19,20,11;3,10,20,12,4;4,11,20,21,13,5;5,12,21,14,6;6,13,21,22,23,15,7;7,14,23,16,8;8,15,23,17,9;9,16,23,18,10;10,17,23,22,19;10,18,22,21,20;10,19,21,12,11;12,20,19,22,14,13;14,21,19,18,23;14,22,18,17,16,15
p24#174 24 1,2,3,4,5;0,5,6,7,8,2;0,1,8,9,3;0,2,9,10,11,4;0,3,11,12,5;0,4,12,13,6,1;1,5,13,14,7;1,6,14,15,8;1,7,15,16,9,2;2,8,16,17,10,3;3,9,17,18,19,20,11;3,10,20,12,4;4,11,20,21,13,5;5,12,21,22,14,6;6,13,22,15,7;7,14,22,23,16,8;8,15,23,17,9;9,16,23,18,10;10,17,23,22,19;10,18,22,21,20;10,19,21,12,11;12,20,19,22,13;13,21,19,18,23,15,14;15,22,18,17,16
p24#175 24 1,2,3,4,5;0,5,6,7,8,2;0,1,8,9,3;0,2,9,10,11,4;0,3,11,12,5;0,4,12,13,6,1;1,5,13,14,7;1,6,14,15,8;1,7,15,16,9,2;2,8,16,17,10,3;3,9,17,18,19,20,11;3,10,20,12,4;4,11,20,21,13,5;5,12,21,14,6;6,13,21,22,15,7;7,14,22,23,16,8;8,15,23,17,9;9,16,23,18,10;10,17,23,22,19;10,18,22,21,20;10,19,21,12,11;12,20,19,22,14,13;14,21,19,18,23,15;15,22,18,17,16
p24#176 24 1,2,3,4,5;0,5,6,7,8,2;0,1,8,9,3;0,2,9,10,11,4;0,3,11,12,5;0,4,12,13,6,1;1,5,13,14,7;1,6,14,15,8;1,7,15,16,9,2;2,8,16,17,10,3;3,9,17,18,19,20,11;3,10,20,12,4;4,11,20,21,13,5;5,12,21,14,6;6,13,21,19,22,15,7;7,14,22,23,16,8;8,15,23,17,9;9,16,23,18,10;10,17,23,22,19;10,18,22,14,21,20;10,19,21,12,11;12,20,19,14,13;14,19,18,23,15;15,22,18,17,16
p24#177 24 1,2,3,4,5,6;0,6,7,8,2;0,1,8,9,10,3;0,2,10,11,4;0,3,11,12,13,5;0,4,13,14,6;0,5,14,15,7,1;1,6,15,16,8;1,7,16,9,2;2,8,16,17,18,10;2,9,18,19,11,3;3,10,19,12,4;4,11,19,20,21,22,13;4,12,22,14,5;5,13,22,23,15,6;6,14,23,17,16,7;7,15,17,9,8;9,16,15,23,21,20,18;9,17,20,19,10;10,18,20,12,11;12,19,18,17,21;12,20,17,23,22;12,21,23,14,13;14,22,21,17,15
p24#178 24 1,2,3,4,5,6;0,6,7,8,2;0,1,8,9,10,3;0,2,10,11,4;0,3,11,12,13,5;0,4,13,14,6;0,5,14,15,7,1;1,6,15,16,8;1,7,16,17,9,2;2,8,17,18,10;2,9,18,19,11,3;3,10,19,12,4;4,11,19,20,21,22,13;4,12,22,14,5;5,13,22,23,15,6;6,14,23,16,7;7,15,23,17,8;8,16,23,21,20,18,9;9,17,20,19,10;10,18,20,12,11;12,19,18,17,21;12,20,17,23,22;12,21,23,14,13;14,22,21,17,16,15
p24#179 24 1,2,3,4,5,6;0,6,7,8,2;0,1,8,9,10,3;0,2,10,11,4;0,3,11,12,13,5;0,4,13,14,6;0,5,14,15,7,1;1,6,15,16,8;1,7,16,17,9,2;2,8,17,18,10;2,9,18,19,11,3;3,10,19,12,4;4,11,19,20,21,22,13;4,12,22,14,5;5,13,22,23,15,6;6,14,23,16,7;7,15,23,21,17,8;8,16,21,20,18,9;9,17,20,19,10;10,18,20,12,11;12,19,18,17,21;12,20,17,16,23,22;12,21,23,14,13;14,22,21,16,15
p24#180 24 1,2,3,4,5,6;0,6,7,8,2;0,1,8,9,10,3;0,2,10,11,4;0,3,11,12,13,5;0,4,13,14,6;0,5,14,15,7,1;1,6,15,16,8;1,7,16,17,9,2;2,8,17,18,10;2,9,18,19,11,3;3,10,19,12,4;4,11,19,20,21,22,13;4,12,22,14,5;5,13,22,23,15,6;6,14,23,16,7;7,15,23,21,20,17,8;8,16,20,18,9;9,17,20,19,10;10,18,20,12,11;12,19,18,17,16,21;12,20,16,23,22;12,21,23,14,13;14,22,21,16,15
p24#181 24 1,2,3,4,5,6;0,6,7,8,2;0,1,8,9,10,3;0,2,10,11,4;0,3,11,12,13,5;0,4,13,14,6;0,5,14,15,7,1;1,6,15,16,8;1,7,16,9,2;2,8,16,17,10;2,9,17,18,11,3;3,10,18,12,4;4,11,18,19,20,21,13;4,12,21,14,5;5,13,21,22,15,6;6,14,22,23,16,7;7,15,23,19,17,9,8;9,16,19,18,10;10,17,19,12,11;12,18,17,16,23,20;12,19,23,22,21;12,20,22,14,13;14,21,20,23,15;15,22,20,19,16
p24#182 24 1,2,3,4,5,6;0,6,7,8,2;0,1,8,9,10,3;0,2,10,11,4;0,3,11,12,13,5;0,4,13,14,6;0,5,14,15,7,1;1,6,15,16,8;1,7,16,9,2;2,8,16,17,10;2,9,17,18,11,3;3,10,18,12,4;4,11,18,19,20,21,13;4,12,21,14,5;5,13,21,22,15,6;6,14,22,23,16,7;7,15,23,17,9,8;9,16,23,19,18,10;10,17,19,12,11;12,18,17,23,20;12,19,23,22,21;12,20,22,14,13;14,21,20,23,15;15,22,20,19,17,16
p24#183 24 1,2,3,4,5,6;0,6,7,8,2;0,1,8,9,10,3;0,2,10,11,4;0,3,11,12,13,5;0,4,13,14,6;0,5,14,15,7,1;1,6,15,16,8;1,7,16,9,2;2,8,16,17,10;2,9,17,18,11,3;3,10,18,12,4;4,11,18,19,20,21,13;4,12,21,14,5;5,13,21,22,15,6;6,14,22,16,7;7,15,22,23,17,9,8;9,16,23,19,18,10;10,17,19,12,11;12,18,17,23,20;12,19,23,22,21;12,20,22,14,13;14,21,20,23,16,15;16,22,20,19,17
p24#184 24 1,2,3,4,5,6;0,6,7,8,9,2;0,1,9,10,3;0,2,10,11,12,4;0,3,12,13,5;0,4,13,14,15,6;0,5,15,7,1;1,6,15,16,8;1,7,16,17,9;1,8,17,18,10,2;2,9,18,11,3;3,10,18,19,12;3,11,19,20,13,4;4,12,20,21,14,5;5,13,21,16,15;5,14,16,7,6;7,15,14,21,22,23,17,8;8,16,23,18,9;9,17,23,19,11,10;11,18,23,22,20,12;12,19,22,21,13;13,20,22,16,14;16,21,20,19,23;16,22,19,18,17
p24#185 24 1,2,3,4,5;0,5,6,7,8,2;0,1,8,9,3;0,2,9,10,11,12,4;0,3,12,13,5;0,4,13,6,1;1,5,13,14,15,7;1,6,15,16,8;1,7,16,17,18,9,2;2,8,18,10,3;3,9,18,19,11;3,10,19,20,12;3,11,20,21,13,4;4,12,21,14,6,5;6,13,21,22,15;6,14,22,16,7;7,15,22,17,8;8,16,22,23,19,18;8,17,19,10,9;10,18,17,23,20,11;11,19,23,21,12;12,20,23,22,14,13;14,21,23,17,16,15;17,22,21,20,19
p24#186 24 1,2,3,4,5;0,5,6,7,8,2;0,1,8,9,3;0,2,9,10,11,4;0,3,11,12,5;0,4,12,13,14,6,1;1,5,14,15,7;1,6,15,16,17,18,8;1,7,18,9,2;2,8,18,19,10,3;3,9,19,20,11;3,10,20,21,22,12,4;4,11,22,13,5;5,12,22,23,14;5,13,23,15,6;6,14,23,16,7;7,15,23,21,17;7,16,21,20,19,18;7,17,19,9,8;9,18,17,20,10;10,19,17,21,11;11,20,17,16,23,22;11,21,23,13,12;13,22,21,16,15,14
p24#187 24 1,2,3,4,5;0,5,6,7,8,9,2;0,1,9,10,3;0,2,10,11,12,13,4;0,3,13,14,5;0,4,14,15,6,1;1,5,15,16,7;1,6,16,17,8;1,7,17,18,19,20,9;1,8,20,10,2;2,9,20,11,3;3,10,20,19,12;3,11,19,21,22,13;3,12,22,14,4;4,13,22,15,5;5,14,22,23,16,6;6,15,23,17,7;7,16,23,18,8;8,17,23,21,19;8,18,21,12,11,20;8,19,11,10,9;12,19,18,23,22;12,21,23,15,14,13;15,22,21,18,17,16
p24#188 24 1,2,3,4,5;0,5,6,7,8,9,2;0,1,9,10,11,12,3;0,2,12,13,4;0,3,13,14,15,16,5;0,4,16,6,1;1,5,16,17,7;1,6,17,18,8;1,7,18,19,9;1,8,19,10,2;2,9,19,20,11;2,10,20,21,22,12;2,11,22,13,3;3,12,22,14,4;4,13,22,21,15;4,14,21,23,17,16;4,15,17,6,5;6,16,15,23,18,7;7,17,23,20,19,8;8,18,20,10,9;10,19,18,23,21,11;11,20,23,15,14,22;11,21,14,13,12;15,21,20,18,17
p24#189 24 1,2,3,4,5;0,5,6,7,8,2;0,1,8,9,3;0,2,9,10,11,4;0,3,11,12,13,14,5;0,4,14,6,1;1,5,14,15,16,7;1,6,16,17,8;1,7,17,18,19,20,9,2;2,8,20,10,3;3,9,20,21,11;3,10,21,12,4;4,11,21,22,13;4,12,22,18,23,15,14;4,13,15,6,5;6,14,13,23,16;6,15,23,17,7;7,16,23,18,8;8,17,23,13,22,19;8,18,22,21,20;8,19,21,10,9;10,20,19,22,12,11;12,21,19,18,13;13,18,17,16,15
p24#190 24 1,2,3,4,5;0,5,6,7,8,9,2;0,1,9,10,11,3;0,2,11,12,13,4;0,3,13,14,15,16,5;0,4,16,6,1;1,5,16,17,7;1,6,17,18,8;1,7,18,19,9;1,8,19,10,2;2,9,19,20,21,11;2,10,21,12,3;3,11,21,22,13;3,12,22,14,4;4,13,22,23,15;4,14,23,19,18,17,16;4,15,17,6,5;6,16,15,18,7;7,17,15,19,8;8,18,15,23,20,10,9;10,19,23,22,21;10,20,22,12,11;12,21,20,23,14,13;14,22,20,19,15
p24#191 24 1,2,3,4,5;0,5,6,7,8,9,10,2;0,1,10,11,3;0,2,11,12,13,4;0,3,13,14,15,16,5;0,4,16,6,1;1,5,16,17,7;1,6,17,18,8;1,7,18,19,9;1,8,19,20,10;1,9,20,21,11,2;2,10,21,12,3;3,11,21,22,13;3,12,22,14,4;4,13,22,23,15;4,14,23,19,18,17,16;4,15,17,6,5;6,16,15,18,7;7,17,15,19,8;8,18,15,23,20,9;9,19,23,22,21,10;10,20,22,12,11;12,21,20,23,14,13;14,22,20,19,15
p24#192 24 1,2,3,4,5;0,5,6,7,8,9,10,2;0,1,10,11,3;0,2,11,12,13,4;0,3,13,14,15,16,5;0,4,16,6,1;1,5,16,17,7;1,6,17,18,8;1,7,18,19,9;1,8,19,20,21,10;1,9,21,11,2;2,10,21,12,3;3,11,21,22,13;3,12,22,14,4;4,13,22,23,15;4,14,23,19,18,17,16;4,15,17,6,5;6,16,15,18,7;7,17,15,19,8;8,18,15,23,20,9;9,19,23,22,21;9,20,22,12,11,10;12,21,20,23,14,13;14,22,20,19,15
p24#193 24 1,2,3,4,5;0,5,6,7,8,9,2;0,1,9,10,3;0,2,10,11,12,4;0,3,12,13,14,15,5;0,4,15,6,1;1,5,15,16,7;1,6,16,17,8;1,7,17,18,9;1,8,18,19,20,21,10,2;2,9,21,11,3;3,10,21,22,12;3,11,22,13,4;4,12,22,23,14;4,13,23,19,18,17,16,15;4,14,16,6,5;6,15,14,17,7;7,16,14,18,8;8,17,14,19,9;9,18,14,23,20;9,19,23,22,21;9,20,22,11,10;11,21,20,23,13,12;13,22,20,19,14
p24#194 24 1,2,3,4,5;0,5,6,7,8,9,10,2;0,1,10,11,3;0,2,11,12,13,4;0,3,13,14,15,16,5;0,4,16,6,1;1,5,16,17,7;1,6,17,18,8;1,7,18,19,20,9;1,8,20,21,10;1,9,21,11,2;2,10,21,12,3;3,11,21,22,13;3,12,22,14,4;4,13,22,23,15;4,14,23,19,18,17,16;4,15,17,6,5;6,16,15,18,7;7,17,15,19,8;8,18,15,23,20;8,19,23,22,21,9;9,20,22,12,11,10;12,21,20,23,14,13;14,22,20,19,15
p24#195 24 1,2,3,4,5;0,5,6,7,2;0,1,7,8,9,3;0,2,9,10,11,12,4;0,3,12,13,5;0,4,13,14,6,1;1,5,14,15,16,7;1,6,16,8,2;2,7,16,17,9;2,8,17,10,3;3,9,17,18,11;3,10,18,19,20,21,12;3,11,21,13,4;4,12,21,14,5;5,13,21,20,22,15,6;6,14,22,23,16;6,15,23,17,8,7;8,16,23,18,10,9;10,17,23,19,11;11,18,23,22,20;11,19,22,14,21;11,20,14,13,12;14,20,19,23,15;15,22,19,18,17,16
p24#196 24 1,2,3,4,5;0,5,6,7,2;0,1,7,8,9,3;0,2,9,10,11,12,4;0,3,12,13,5;0,4,13,14,6,1;1,5,14,15,16,7;1,6,16,17,8,2;2,7,17,18,9;2,8,18,10,3;3,9,18,19,11;3,10,19,20,21,22,12;3,11,22,13,4;4,12,22,14,5;5,13,22,21,15,6;6,14,21,20,16;6,15,20,23,17,7;7,16,23,18,8;8,17,23,19,10,9;10,18,23,20,11;11,19,23,16,15,21;11,20,15,14,22;11,21,14,13,12;16,20,19,18,17
p24#197 24 1,2,3,4,5;0,5,6,7,2;0,1,7,8,9,3;0,2,9,10,11,12,4;0,3,12,13,5;0,4,13,14,6,1;1,5,14,15,7;1,6,15,16,8,2;2,7,16,17,9;2,8,17,10,3;3,9,17,18,11;3,10,18,19,20,21,12;3,11,21,13,4;4,12,21,14,5;5,13,21,20,22,15,6;6,14,22,16,7;7,15,22,23,17,8;8,16,23,18,10,9;10,17,23,19,11;11,18,23,22,20;11,19,22,14,21;11,20,14,13,12;14,20,19,23,16,15;16,22,19,18,17
p24#198 24 1,2,3,4,5;0,5,6,7,2;0,1,7,8,9,3;0,2,9,10,11,12,4;0,3,12,13,5;0,4,13,14,6,1;1,5,14,15,7;1,6,15,16,17,8,2;2,7,17,18,9;2,8,18,10,3;3,9,18,19,11;3,10,19,20,21,22,12;3,11,22,13,4;4,12,22,14,5;5,13,22,21,15,6;6,14,21,16,7;7,15,21,20,23,17;7,16,23,18,8;8,17,23,19,10,9;10,18,23,20,11;11,19,23,16,21;11,20,16,15,14,22;11,21,14,13,12;16,20,19,18,17
p24#199 24 1,2,3,4,5;0,5,6,7,2;0,1,7,8,3;0,2,8,9,10,4;0,3,10,11,12,5;0,4,12,13,14,6,1;1,5,14,15,16,7;1,6,16,17,8,2;2,7,17,9,3;3,8,17,18,10;3,9,18,11,4;4,10,18,19,20,21,12;4,11,21,13,5;5,12,21,22,14;5,13,22,15,6;6,14,22,23,16;6,15,23,19,18,17,7;7,16,18,9,8;9,17,16,19,11,10;11,18,16,23,20;11,19,23,22,21;11,20,22,13,12;13,21,20,23,15,14;15,22,20,19,16
p24#200 24 1,2,3,4,5;0,5,6,7,2;0,1,7,8,3;0,2,8,9,10,4;0,3,10,11,12,5;0,4,12,13,14,6,1;1,5,14,15,16,7;1,6,16,17,8,2;2,7,17,9,3;3,8,17,18,10;3,9,18,19,20,11,4;4,10,20,21,12;4,11,21,13,5;5,12,21,22,14;5,13,22,15,6;6,14,22,23,16;6,15,23,19,18,17,7;7,16,18,9,8;9,17,16,19,10;10,18,16,23,20;10,19,23,22,21,11;11,20,22,13,12;13,21,20,23,15,14;15,22,20,19,16
p24#201 24 1,2,3,4,5;0,5,6,7,2;0,1,7,8,3;0,2,8,9,10,11,4;0,3,11,12,5;0,4,12,13,14,6,1;1,5,14,15,16,7;1,6,16,17,8,2;2,7,17,9,3;3,8,17,18,10;3,9,18,19,11;3,10,19,20,21,12,4;4,11,21,13,5;5,12,21,22,14;5,13,22,15,6;6,14,22,23,16;6,15,23,19,18,17,7;7,16,18,9,8;9,17,16,19,10;10,18,16,23,20,11;11,19,23,22,21;11,20,22,13,12;13,21,20,23,15,14;15,22,20,19,16
p24#202 24 1,2,3,4,5;0,5,6,7,2;0,1,7,8,3;0,2,8,9,10,11,4;0,3,11,12,5;0,4,12,13,14,6,1;1,5,14,15,16,7;1,6,16,17,8,2;2,7,17,9,3;3,8,17,18,10;3,9,18,19,20,11;3,10,20,21,12,4;4,11,21,13,5;5,12,21,22,14;5,13,22,15,6;6,14,22,23,16;6,15,23,19,18,17,7;7,16,18,9,8;9,17,16,19,10;10,18,16,23,20;10,19,23,22,21,11;11,20,22,13,12;13,21,20,23,15,14;15,22,20,19,16
p24#203 24 1,2,3,4,5;0,5,6,7,2;0,1,7,8,3;0,2,8,9,10,11,4;0,3,11,12,5;0,4,12,13,14,6,1;1,5,14,15,16,7;1,6,16,17,8,2;2,7,17,9,3;3,8,17,18,10;3,9,18,19,20,21,11;3,10,21,12,4;4,11,21,13,5;5,12,21,22,14;5,13,22,15,6;6,14,22,23,16;6,15,23,19,18,17,7;7,16,18,9,8;9,17,16,19,10;10,18,16,23,20;10,19,23,22,21;10,20,22,13,12,11;13,21,20,23,15,14;15,22,20,19,16
p24#204 24 1,2,3,4,5;0,5,6,7,2;0,1,7,8,3;0,2,8,9,10,4;0,3,10,11,12,5;0,4,12,13,14,6,1;1,5,14,15,16,7;1,6,16,17,8,2;2,7,17,9,3;3,8,17,18,10;3,9,18,19,11,4;4,10,19,20,21,12;4,11,21,13,5;5,12,21,22,14;5,13,22,15,6;6,14,22,23,16;6,15,23,19,18,17,7;7,16,18,9,8;9,17,16,19,10;10,18,16,23,20,11;11,19,23,22,21;11,20,22,13,12;13,21,20,23,15,14;15,22,20,19,16
p24#205 24 1,2,3,4,5;0,5,6,7,2;0,1,7,8,3;0,2,8,9,10,4;0,3,10,11,5;0,4,11,12,13,6,1;1,5,13,14,15,7;1,6,15,16,8,2;2,7,16,9,3;3,8,16,17,18,10;3,9,18,19,20,11,4;4,10,20,12,5;5,11,20,21,13;5,12,21,14,6;6,13,21,22,15;6,14,22,23,17,16,7;7,15,17,9,8;9,16,15,23,18;9,17,23,19,10;10,18,23,22,21,20;10,19,21,12,11;12,20,19,22,14,13;14,21,19,23,15;15,22,19,18,17
p24#206 24 1,2,3,4,5;0,5,6,7,2;0,1,7,8,3;0,2,8,9,10,4;0,3,10,11,5;0,4,11,12,13,6,1;1,5,13,14,15,7;1,6,15,16,8,2;2,7,16,9,3;3,8,16,17,18,10;3,9,18,19,11,4;4,10,19,12,5;5,11,19,20,13;5,12,20,14,6;6,13,20,21,15;6,14,21,22,17,16,7;7,15,17,9,8;9,16,15,22,18;9,17,22,23,19,10;10,18,23,20,12,11;12,19,23,21,14,13;14,20,23,22,15;15,21,23,18,17;18,22,21,20,19
p24#207 24 1,2,3,4,5;0,5,6,7,2;0,1,7,8,3;0,2,8,9,10,4;0,3,10,11,5;0,4,11,12,13,6,1;1,5,13,14,15,7;1,6,15,16,8,2;2,7,16,9,3;3,8,16,17,18,10;3,9,18,11,4;4,10,18,19,12,5;5,11,19,20,13;5,12,20,14,6;6,13,20,21,15;6,14,21,22,17,16,7;7,15,17,9,8;9,16,15,22,18;9,17,22,23,19,11,10;11,18,23,20,12;12,19,23,21,14,13;14,20,23,22,15;15,21,23,18,17;18,22,21,20,19
p24#208 24 1,2,3,4,5;0,5,6,7,2;0,1,7,8,3;0,2,8,9,10,4;0,3,10,11,5;0,4,11,12,13,6,1;1,5,13,14,15,7;1,6,15,16,8,2;2,7,16,9,3;3,8,16,17,10;3,9,17,18,11,4;4,10,18,19,12,5;5,11,19,20,13;5,12,20,14,6;6,13,20,21,15;6,14,21,22,17,16,7;7,15,17,9,8;9,16,15,22,18,10;10,17,22,23,19,11;11,18,23,20,12;12,19,23,21,14,13;14,20,23,22,15;15,21,23,18,17;18,22,21,20,19
p24#209 24 1,2,3,4,5;0,5,6,7,2;0,1,7,8,3;0,2,8,9,10,4;0,3,10,11,5;0,4,11,12,13,14,6,1;1,5,14,15,7;1,6,15,16,8,2;2,7,16,9,3;3,8,16,17,10;3,9,17,18,19,20,11,4;4,10,20,12,5;5,11,20,21,13;5,12,21,22,14;5,13,22,15,6;6,14,22,23,18,17,16,7;7,15,17,9,8;9,16,15,18,10;10,17,15,23,19;10,18,23,21,20;10,19,21,12,11;12,20,19,23,22,13;13,21,23,15,14;15,22,21,19,18
p24#210 24 1,2,3,4,5;0,5,6,7,8,2;0,1,8,9,3;0,2,9,10,11,4;0,3,11,12,5;0,4,12,13,14,6,1;1,5,14,15,7;1,6,15,16,17,18,19,8;1,7,19,9,2;2,8,19,10,3;3,9,19,18,20,11;3,10,20,12,4;4,11,20,21,13,5;5,12,21,22,14;5,13,22,15,6;6,14,22,16,7;7,15,22,23,17;7,16,23,20,18;7,17,20,10,19;7,18,10,9,8;10,18,17,23,21,12,11;12,20,23,22,13;13,21,23,16,15,14;16,22,21,20,17
p24#211 24 1,2,3,4,5;0,5,6,7,8,2;0,1,8,9,3;0,2,9,10,11,4;0,3,11,12,5;0,4,12,13,14,6,1;1,5,14,15,7;1,6,15,16,17,18,19,8;1,7,19,9,2;2,8,19,10,3;3,9,19,18,11;3,10,18,20,12,4;4,11,20,21,13,5;5,12,21,22,14;5,13,22,15,6;6,14,22,16,7;7,15,22,23,17;7,16,23,20,18;7,17,20,11,10,19;7,18,10,9,8;11,18,17,23,21,12;12,20,23,22,13;13,21,23,16,15,14;16,22,21,20,17
p24#212 24 1,2,3,4,5;0,5,6,7,8,2;0,1,8,9,3;0,2,9,10,11,4;0,3,11,12,13,5;0,4,13,14,15,6,1;1,5,15,16,7;1,6,16,17,18,19,20,8;1,7,20,9,2;2,8,20,10,3;3,9,20,19,11;3,10,19,12,4;4,11,19,18,21,22,13;4,12,22,14,5;5,13,22,23,15;5,14,23,16,6;6,15,23,17,7;7,16,23,21,18;7,17,21,12,19;7,18,12,11,10,20;7,19,10,9,8;12,18,17,23,22;12,21,23,14,13;14,22,21,17,16,15
p24#213 24 1,2,3,4,5;0,5,6,7,8,2;0,1,8,9,3;0,2,9,10,11,12,4;0,3,12,13,5;0,4,13,14,15,6,1;1,5,15,16,7;1,6,16,17,18,19,20,8;1,7,20,9,2;2,8,20,10,3;3,9,20,19,11;3,10,19,18,12;3,11,18,21,22,13,4;4,12,22,14,5;5,13,22,23,15;5,14,23,16,6;6,15,23,17,7;7,16,23,21,18;7,17,21,12,11,19;7,18,11,10,20;7,19,10,9,8;12,18,17,23,22;12,21,23,14,13;14,22,21,17,16,15
p24#214 24 1,2,3,4,5;0,5,6,7,8,2;0,1,8,9,3;0,2,9,10,11,12,4;0,3,12,13,5;0,4,13,14,15,6,1;1,5,15,16,7;1,6,16,17,18,19,20,8;1,7,20,9,2;2,8,20,10,3;3,9,20,19,11;3,10,19,18,21,12;3,11,21,22,13,4;4,12,22,14,5;5,13,22,23,15;5,14,23,16,6;6,15,23,17,7;7,16,23,21,18;7,17,21,11,19;7,18,11,10,20;7,19,10,9,8;11,18,17,23,22,12;12,21,23,14,13;14,22,21,17,16,15
p24#215 24 1,2,3,4,5;0,5,6,7,8,2;0,1,8,9,3;0,2,9,10,11,12,4;0,3,12,13,5;0,4,13,14,15,6,1;1,5,15,16,7;1,6,16,17,18,19,20,8;1,7,20,9,2;2,8,20,10,3;3,9,20,19,11;3,10,19,18,21,22,12;3,11,22,13,4;4,12,22,14,5;5,13,22,23,15;5,14,23,16,6;6,15,23,17,7;7,16,23,21,18;7,17,21,11,19;7,18,11,10,20;7,19,10,9,8;11,18,17,23,22;11,21,23,14,13,12;14,22,21,17,16,15
p24#216 24 1,2,3,4,5;0,5,6,7,8,2;0,1,8,9,3;0,2,9,10,11,4;0,3,11,12,13,5;0,4,13,14,15,6,1;1,5,15,16,7;1,6,16,17,18,19,20,8;1,7,20,9,2;2,8,20,10,3;3,9,20,19,11;3,10,19,18,12,4;4,11,18,21,22,13;4,12,22,14,5;5,13,22,23,15;5,14,23,16,6;6,15,23,17,7;7,16,23,21,18;7,17,21,12,11,19;7,18,11,10,20;7,19,10,9,8;12,18,17,23,22;12,21,23,14,13;14,22,21,17,16,15
p24#217 24 1,2,3,4,5;0,5,6,7,8,2;0,1,8,9,3;0,2,9,10,11,4;0,3,11,12,5;0,4,12,13,14,6,1;1,5,14,15,7;1,6,15,16,17,18,19,8;1,7,19,9,2;2,8,19,10,3;3,9,19,18,20,11;3,10,20,21,22,12,4;4,11,22,13,5;5,12,22,23,14;5,13,23,15,6;6,14,23,16,7;7,15,23,21,17;7,16,21,20,18;7,17,20,10,19;7,18,10,9,8;10,18,17,21,11;11,20,17,16,23,22;11,21,23,13,12;13,22,21,16,15,14
p24#218 24 1,2,3,4,5;0,5,6,7,8,9,2;0,1,9,10,3;0,2,10,11,12,4;0,3,12,13,5;0,4,13,14,6,1;1,5,14,15,7;1,6,15,16,8;1,7,16,17,18,19,20,9;1,8,20,10,2;2,9,20,11,3;3,10,20,19,12;3,11,19,18,21,22,13,4;4,12,22,14,5;5,13,22,23,15,6;6,14,23,16,7;7,15,23,17,8;8,16,23,21,18;8,17,21,12,19;8,18,12,11,20;8,19,11,10,9;12,18,17,23,22;12,21,23,14,13;14,22,21,17,16,15
p24#219 24 1,2,3,4,5;0,5,6,7,8,9,2;0,1,9,10,11,12,3;0,2,12,13,4;0,3,13,14,15,5;0,4,15,6,1;1,5,15,16,7;1,6,16,17,8;1,7,17,18,9;1,8,18,10,2;2,9,18,19,20,11;2,10,20,21,22,12;2,11,22,13,3;3,12,22,14,4;4,13,22,21,15;4,14,21,20,23,16,6,5;6,15,23,17,7;7,16,23,19,18,8;8,17,19,10,9;10,18,17,23,20;10,19,23,15,21,11;11,20,15,14,22;11,21,14,13,12;15,20,19,17,16
p24#220 24 1,2,3,4,5;0,5,6,7,8,9,2;0,1,9,10,11,3;0,2,11,12,4;0,3,12,13,14,5;0,4,14,6,1;1,5,14,15,7;1,6,15,16,8;1,7,16,17,9;1,8,17,10,2;2,9,17,18,19,11;2,10,19,12,3;3,11,19,13,4;4,12,19,20,14;4,13,20,21,22,15,6,5;6,14,22,16,7;7,15,22,23,17,8;8,16,23,18,10,9;10,17,23,21,20,19;10,18,20,13,12,11;13,19,18,21,14;14,20,18,23,22;14,21,23,16,15;16,22,21,18,17
p24#221 24 1,2,3,4,5;0,5,6,7,8,9,2;0,1,9,10,11,3;0,2,11,12,4;0,3,12,13,14,5;0,4,14,6,1;1,5,14,15,7;1,6,15,16,8;1,7,16,17,9;1,8,17,10,2;2,9,17,18,11;2,10,18,19,12,3;3,11,19,13,4;4,12,19,20,14;4,13,20,21,22,15,6,5;6,14,22,16,7;7,15,22,23,17,8;8,16,23,18,10,9;10,17,23,21,20,19,11;11,18,20,13,12;13,19,18,21,14;14,20,18,23,22;14,21,23,16,15;16,22,21,18,17
p24#222 24 1,2,3,4,5;0,5,6,7,8,9,2;0,1,9,10,11,3;0,2,11,12,4;0,3,12,13,14,5;0,4,14,6,1;1,5,14,15,7;1,6,15,16,8;1,7,16,17,9;1,8,17,10,2;2,9,17,18,19,20,11;2,10,20,12,3;3,11,20,13,4;4,12,20,21,14;4,13,21,22,23,15,6,5;6,14,23,16,7;7,15,23,18,17,8;8,16,18,10,9;10,17,16,23,22,19;10,18,22,21,20;10,19,21,13,12,11;13,20,19,22,14;14,21,19,18,23;14,22,18,16,15
p24#223 24 1,2,3,4,5;0,5,6,7,8,9,2;0,1,9,10,11,12,3;0,2,12,13,4;0,3,13,14,15,5;0,4,15,6,1;1,5,15,16,7;1,6,16,17,8;1,7,17,18,9;1,8,18,10,2;2,9,18,19,11;2,10,19,20,21,22,12;2,11,22,13,3;3,12,22,14,4;4,13,22,21,15;4,14,21,20,23,16,6,5;6,15,23,17,7;7,16,23,19,18,8;8,17,19,10,9;10,18,17,23,20,11;11,19,23,15,21;11,20,15,14,22;11,21,14,13,12;15,20,19,17,16
p24#224 24 1,2,3,4,5;0,5,6,7,8,9,2;0,1,9,10,11,3;0,2,11,12,4;0,3,12,13,14,5;0,4,14,6,1;1,5,14,15,7;1,6,15,16,8;1,7,16,17,9;1,8,17,18,10,2;2,9,18,19,11;2,10,19,12,3;3,11,19,13,4;4,12,19,20,14;4,13,20,21,22,15,6,5;6,14,22,16,7;7,15,22,23,17,8;8,16,23,18,9;9,17,23,21,20,19,10;10,18,20,13,12,11;13,19,18,21,14;14,20,18,23,22;14,21,23,16,15;16,22,21,18,17
p24#225 24 1,2,3,4,5;0,5,6,7,8,9,2;0,1,9,10,11,3;0,2,11,12,4;0,3,12,13,14,5;0,4,14,6,1;1,5,14,15,7;1,6,15,16,8;1,7,16,17,9;1,8,17,10,2;2,9,17,18,19,20,11;2,10,20,21,12,3;3,11,21,13,4;4,12,21,22,14;4,13,22,19,23,15,6,5;6,14,23,16,7;7,15,23,18,17,8;8,16,18,10,9;10,17,16,23,19;10,18,23,14,22,20;10,19,22,21,11;11,20,22,13,12;13,21,20,19,14;14,19,18,16,15
p24#226 24 1,2,3,4,5;0,5,6,7,8,2;0,1,8,9,10,11,12,3;0,2,12,13,4;0,3,13,14,15,5;0,4,15,6,1;1,5,15,16,7;1,6,16,17,8;1,7,17,9,2;2,8,17,18,10;2,9,18,19,11;2,10,19,20,21,12;2,11,21,13,3;3,12,21,14,4;4,13,21,20,15;4,14,20,22,16,6,5;6,15,22,23,17,7;7,16,23,18,9,8;9,17,23,19,10;10,18,23,22,20,11;11,19,22,15,14,21;11,20,14,13,12;15,20,19,23,16;16,22,19,18,17
p24#227 24 1,2,3,4,5;0,5,6,7,8,2;0,1,8,9,10,11,12,3;0,2,12,13,4;0,3,13,14,15,5;0,4,15,16,6,1;1,5,16,17,7;1,6,17,18,8;1,7,18,9,2;2,8,18,19,10;2,9,19,20,11;2,10,20,21,22,12;2,11,22,13,3;3,12,22,14,4;4,13,22,21,15;4,14,21,20,23,16,5;5,15,23,17,6;6,16,23,18,7;7,17,23,19,9,8;9,18,23,20,10;10,19,23,15,21,11;11,20,15,14,22;11,21,14,13,12;15,20,19,18,17,16
p24#228 24 1,2,3,4,5;0,5,6,7,8,2;0,1,8,9,10,11,12,3;0,2,12,13,4;0,3,13,14,15,16,5;0,4,16,6,1;1,5,16,17,7;1,6,17,18,8;1,7,18,9,2;2,8,18,19,10;2,9,19,20,11;2,10,20,21,22,12;2,11,22,13,3;3,12,22,14,4;4,13,22,21,15;4,14,21,20,16;4,15,20,23,17,6,5;6,16,23,18,7;7,17,23,19,9,8;9,18,23,20,10;10,19,23,16,15,21,11;11,20,15,14,22;11,21,14,13,12;16,20,19,18,17
p24#229 24 1,2,3,4,5;0,5,6,7,8,2;0,1,8,9,10,11,12,3;0,2,12,13,4;0,3,13,14,15,16,5;0,4,16,6,1;1,5,16,17,7;1,6,17,18,8;1,7,18,9,2;2,8,18,19,10;2,9,19,20,11;2,10,20,21,22,12;2,11,22,13,3;3,12,22,14,4;4,13,22,21,15;4,14,21,20,23,16;4,15,23,17,6,5;6,16,23,18,7;7,17,23,19,9,8;9,18,23,20,10;10,19,23,15,21,11;11,20,15,14,22;11,21,14,13,12;15,20,19,18,17,16
p24#230 24 1,2,3,4,5;0,5,6,7,8,2;0,1,8,9,10,11,12,3;0,2,12,13,4;0,3,13,14,15,16,5;0,4,16,6,1;1,5,16,17,7;1,6,17,18,8;1,7,18,9,2;2,8,18,19,10;2,9,19,20,11;2,10,20,21,22,12;2,11,22,13,3;3,12,22,14,4;4,13,22,21,15;4,14,21,20,23,17,16;4,15,17,6,5;6,16,15,23,18,7;7,17,23,19,9,8;9,18,23,20,10;10,19,23,15,21,11;11,20,15,14,22;11,21,14,13,12;15,20,19,18,17
p24#231 24 1,2,3,4,5;0,5,6,7,8,2;0,1,8,9,10,11,12,3;0,2,12,13,4;0,3,13,14,15,5;0,4,15,16,6,1;1,5,16,17,7;1,6,17,18,8;1,7,18,9,2;2,8,18,19,10;2,9,19,20,11;2,10,20,21,22,12;2,11,22,13,3;3,12,22,14,4;4,13,22,21,15;4,14,21,20,16,5;5,15,20,23,17,6;6,16,23,18,7;7,17,23,19,9,8;9,18,23,20,10;10,19,23,16,15,21,11;11,20,15,14,22;11,21,14,13,12;16,20,19,18,17
p24#232 24 1,2,3,4,5;0,5,6,7,8,2;0,1,8,9,10,11,12,3;0,2,12,13,4;0,3,13,14,15,5;0,4,15,6,1;1,5,15,16,7;1,6,16,17,8;1,7,17,9,2;2,8,17,18,10;2,9,18,19,11;2,10,19,20,21,12;2,11,21,13,3;3,12,21,14,4;4,13,21,20,22,15;4,14,22,23,16,6,5;6,15,23,17,7;7,16,23,18,9,8;9,17,23,19,10;10,18,23,22,20,11;11,19,22,14,21;11,20,14,13,12;14,20,19,23,15;15,22,19,18,17,16
p24#233 24 1,2,3,4,5;0,5,6,7,8,9,2;0,1,9,10,11,3;0,2,11,12,4;0,3,12,13,14,5;0,4,14,6,1;1,5,14,15,7;1,6,15,16,8;1,7,16,17,9;1,8,17,18,10,2;2,9,18,19,20,21,11;2,10,21,12,3;3,11,21,13,4;4,12,21,20,14;4,13,20,19,22,15,6,5;6,14,22,16,7;7,15,22,23,17,8;8,16,23,18,9;9,17,23,19,10;10,18,23,22,14,20;10,19,14,13,21;10,20,13,12,11;14,19,23,16,15;16,22,19,18,17
p24#234 24 1,2,3,4,5;0,5,6,7,8,2;0,1,8,9,10,11,3;0,2,11,12,4;0,3,12,13,14,5;0,4,14,6,1;1,5,14,15,7;1,6,15,16,8;1,7,16,17,9,2;2,8,17,18,10;2,9,18,19,20,21,11;2,10,21,12,3;3,11,21,13,4;4,12,21,20,14;4,13,20,19,22,15,6,5;6,14,22,16,7;7,15,22,23,17,8;8,16,23,18,9;9,17,23,19,10;10,18,23,22,14,20;10,19,14,13,21;10,20,13,12,11;14,19,23,16,15;16,22,19,18,17
p24#235 24 1,2,3,4,5;0,5,6,7,8,2;0,1,8,9,3;0,2,9,10,11,4;0,3,11,12,13,5;0,4,13,6,1;1,5,13,14,7;1,6,14,15,8;1,7,15,16,9,2;2,8,16,17,18,10,3;3,9,18,19,11;3,10,19,12,4;4,11,19,20,13;4,12,20,21,22,14,6,5;6,13,22,15,7;7,14,22,23,16,8;8,15,23,17,9;9,16,23,21,18;9,17,21,20,19,10;10,18,20,12,11;12,19,18,21,13;13,20,18,17,23,22;13,21,23,15,14;15,22,21,17,16
p24#236 24 1,2,3,4,5;0,5,6,7,8,2;0,1,8,9,10,11,3;0,2,11,12,4;0,3,12,13,14,5;0,4,14,6,1;1,5,14,15,7;1,6,15,16,8;1,7,16,9,2;2,8,16,17,18,10;2,9,18,19,11;2,10,19,20,12,3;3,11,20,13,4;4,12,20,21,14;4,13,21,22,23,15,6,5;6,14,23,16,7;7,15,23,17,9,8;9,16,23,22,18;9,17,22,19,10;10,18,22,21,20,11;11,19,21,13,12;13,20,19,22,14;14,21,19,18,17,23;14,22,17,16,15
p24#237 24 1,2,3,4,5;0,5,6,7,8,2;0,1,8,9,10,3;0,2,10,11,12,4;0,3,12,13,14,5;0,4,14,6,1;1,5,14,15,7;1,6,15,16,8;1,7,16,9,2;2,8,16,17,18,10;2,9,18,19,11,3;3,10,19,20,12;3,11,20,13,4;4,12,20,21,14;4,13,21,22,23,15,6,5;6,14,23,16,7;7,15,23,17,9,8;9,16,23,22,18;9,17,22,19,10;10,18,22,21,20,11;11,19,21,13,12;13,20,19,22,14;14,21,19,18,17,23;14,22,17,16,15
p24#238 24 1,2,3,4,5;0,5,6,7,2;0,1,7,8,3;0,2,8,9,10,4;0,3,10,11,5;0,4,11,12,13,6,1;1,5,13,14,15,16,7;1,6,16,17,8,2;2,7,17,9,3;3,8,17,18,10;3,9,18,19,20,21,11,4;4,10,21,12,5;5,11,21,22,13;5,12,22,14,6;6,13,22,23,15;6,14,23,19,16;6,15,19,18,17,7;7,16,18,9,8;9,17,16,19,10;10,18,16,15,23,20;10,19,23,22,21;10,20,22,12,11;12,21,20,23,14,13;14,22,20,19,15
p24#239 24 1,2,3,4,5;0,5,6,7,8,9,2;0,1,9,10,11,3;0,2,11,12,13,4;0,3,13,14,5;0,4,14,15,6,1;1,5,15,16,7;1,6,16,17,8;1,7,17,18,19,9;1,8,19,10,2;2,9,19,20,11;2,10,20,12,3;3,11,20,21,13;3,12,21,18,22,23,14,4;4,13,23,15,5;5,14,23,16,6;6,15,23,22,17,7;7,16,22,18,8;8,17,22,13,21,19;8,18,21,20,10,9;10,19,21,12,11;12,20,19,18,13;13,18,17,16,23;13,22,16,15,14
p24#240 24 1,2,3,4,5,6;0,6,7,8,2;0,1,8,9,3;0,2,9,10,11,4;0,3,11,12,5;0,4,12,13,14,6;0,5,14,15,16,7,1;1,6,16,17,18,19,8;1,7,19,9,2;2,8,19,10,3;3,9,19,18,11;3,10,18,17,20,21,12,4;4,11,21,13,5;5,12,21,22,14;5,13,22,15,6;6,14,22,23,16;6,15,23,17,7;7,16,23,20,11,18;7,17,11,10,19;7,18,10,9,8;11,17,23,22,21;11,20,22,13,12;13,21,20,23,15,14;15,22,20,17,16
p24#241 24 1,2,3,4,5;0,5,6,7,8,9,10,2;0,1,10,11,3;0,2,11,12,13,4;0,3,13,14,5;0,4,14,15,6,1;1,5,15,16,7;1,6,16,17,8;1,7,17,18,19,9;1,8,19,20,10;1,9,20,11,2;2,10,20,12,3;3,11,20,21,13;3,12,21,18,22,23,14,4;4,13,23,15,5;5,14,23,16,6;6,15,23,22,17,7;7,16,22,18,8;8,17,22,13,21,19;8,18,21,20,9;9,19,21,12,11,10;12,20,19,18,13;13,18,17,16,23;13,22,16,15,14
p24#242 24 1,2,3,4,5;0,5,6,7,8,9,2;0,1,9,10,3;0,2,10,11,12,4;0,3,12,13,5;0,4,13,14,6,1;1,5,14,15,7;1,6,15,16,8;1,7,16,17,18,9;1,8,18,19,10,2;2,9,19,11,3;3,10,19,20,12;3,11,20,17,21,13,4;4,12,21,22,14,5;5,13,22,15,6;6,14,22,23,16,7;7,15,23,17,8;8,16,23,21,12,20,18;8,17,20,19,9;9,18,20,11,10;11,19,18,17,12;12,17,23,22,13;13,21,23,15,14;15,22,21,17,16
p24#243 24 1,2,3,4,5;0,5,6,7,8,9,2;0,1,9,10,3;0,2,10,11,12,4;0,3,12,13,14,5;0,4,14,15,6,1;1,5,15,16,7;1,6,16,17,8;1,7,17,18,19,9;1,8,19,20,10,2;2,9,20,11,3;3,10,20,21,12;3,11,21,18,13,4;4,12,18,22,23,14;4,13,23,15,5;5,14,23,16,6;6,15,23,22,17,7;7,16,22,18,8;8,17,22,13,12,21,19;8,18,21,20,9;9,19,21,11,10;11,20,19,18,12;13,18,17,16,23;13,22,16,15,14
p24#244 24 1,2,3,4,5;0,5,6,7,8,9,2;0,1,9,10,3;0,2,10,11,12,4;0,3,12,13,5;0,4,13,14,6,1;1,5,14,15,7;1,6,15,16,8;1,7,16,17,18,9;1,8,18,19,10,2;2,9,19,11,3;3,10,19,20,21,12;3,11,21,22,23,13,4;4,12,23,14,5;5,13,23,15,6;6,14,23,22,16,7;7,15,22,17,8;8,16,22,21,20,18;8,17,20,19,9;9,18,20,11,10;11,19,18,17,21;11,20,17,22,12;12,21,17,16,15,23;12,22,15,14,13
p24#245 24 1,2,3,4,5;0,5,6,7,8,9,2;0,1,9,10,3;0,2,10,11,12,4;0,3,12,13,5;0,4,13,14,6,1;1,5,14,15,7;1,6,15,16,8;1,7,16,17,18,9;1,8,18,19,10,2;2,9,19,11,3;3,10,19,20,12;3,11,20,21,22,13,4;4,12,22,14,5;5,13,22,15,6;6,14,22,23,16,7;7,15,23,17,8;8,16,23,21,20,18;8,17,20,19,9;9,18,20,11,10;11,19,18,17,21,12;12,20,17,23,22;12,21,23,15,14,13;15,22,21,17,16
p24#246 24 1,2,3,4,5;0,5,6,7,8,9,2;0,1,9,10,3;0,2,10,11,12,4;0,3,12,13,5;0,4,13,14,6,1;1,5,14,15,7;1,6,15,16,8;1,7,16,17,18,9;1,8,18,19,10,2;2,9,19,11,3;3,10,19,20,21,12;3,11,21,13,4;4,12,21,22,14,5;5,13,22,15,6;6,14,22,23,16,7;7,15,23,17,8;8,16,23,21,20,18;8,17,20,19,9;9,18,20,11,10;11,19,18,17,21;11,20,17,23,22,13,12;13,21,23,15,14;15,22,21,17,16
p24#247 24 1,2,3,4,5;0,5,6,7,8,9,2;0,1,9,10,3;0,2,10,11,12,4;0,3,12,13,14,5;0,4,14,15,6,1;1,5,15,16,7;1,6,16,17,8;1,7,17,18,19,9;1,8,19,20,10,2;2,9,20,11,3;3,10,20,21,12;3,11,21,13,4;4,12,21,18,22,23,14;4,13,23,15,5;5,14,23,16,6;6,15,23,22,17,7;7,16,22,18,8;8,17,22,13,21,19;8,18,21,20,9;9,19,21,11,10;11,20,19,18,13,12;13,18,17,16,23;13,22,16,15,14
p24#248 24 1,2,3,4,5;0,5,6,7,8,9,2;0,1,9,10,3;0,2,10,11,12,4;0,3,12,13,14,5;0,4,14,15,6,1;1,5,15,16,7;1,6,16,17,8;1,7,17,18,19,9;1,8,19,20,10,2;2,9,20,11,3;3,10,20,21,12;3,11,21,18,22,13,4;4,12,22,23,14;4,13,23,15,5;5,14,23,16,6;6,15,23,22,17,7;7,16,22,18,8;8,17,22,12,21,19;8,18,21,20,9;9,19,21,11,10;11,20,19,18,12;12,18,17,16,23,13;13,22,16,15,14
p24#249 24 1,2,3,4,5;0,5,6,7,8,9,2;0,1,9,10,3;0,2,10,11,12,13,4;0,3,13,14,5;0,4,14,15,6,1;1,5,15,16,7;1,6,16,17,8;1,7,17,18,19,9;1,8,19,20,10,2;2,9,20,11,3;3,10,20,21,12;3,11,21,18,13;3,12,18,22,23,14,4;4,13,23,15,5;5,14,23,16,6;6,15,23,22,17,7;7,16,22,18,8;8,17,22,13,12,21,19;8,18,21,20,9;9,19,21,11,10;11,20,19,18,12;13,18,17,16,23;13,22,16,15,14
p24#250 24 1,2,3,4,5;0,5,6,7,8,9,2;0,1,9,10,3;0,2,10,11,12,13,4;0,3,13,14,5;0,4,14,15,6,1;1,5,15,16,7;1,6,16,17,8;1,7,17,18,19,9;1,8,19,20,10,2;2,9,20,11,3;3,10,20,21,12;3,11,21,18,22,13;3,12,22,23,14,4;4,13,23,15,5;5,14,23,16,6;6,15,23,22,17,7;7,16,22,18,8;8,17,22,12,21,19;8,18,21,20,9;9,19,21,11,10;11,20,19,18,12;12,18,17,16,23,13;13,22,16,15,14
p24#251 24 1,2,3,4,5;0,5,6,7,8,9,2;0,1,9,10,3;0,2,10,11,12,13,4;0,3,13,14,5;0,4,14,15,6,1;1,5,15,16,7;1,6,16,17,8;1,7,17,18,19,9;1,8,19,20,10,2;2,9,20,11,3;3,10,20,21,12;3,11,21,18,22,23,13;3,12,23,14,4;4,13,23,15,5;5,14,23,16,6;6,15,23,22,17,7;7,16,22,18,8;8,17,22,12,21,19;8,18,21,20,9;9,19,21,11,10;11,20,19,18,12;12,18,17,16,23;12,22,16,15,14,13
p24#252 24 1,2,3,4,5;0,5,6,7,8,9,2;0,1,9,10,3;0,2,10,11,12,4;0,3,12,13,5;0,4,13,14,6,1;1,5,14,15,7;1,6,15,16,8;1,7,16,17,18,19,9;1,8,19,20,10,2;2,9,20,11,3;3,10,20,21,12;3,11,21,18,17,22,23,13,4;4,12,23,14,5;5,13,23,15,6;6,14,23,22,16,7;7,15,22,17,8;8,16,22,12,18;8,17,12,21,19;8,18,21,20,9;9,19,21,11,10;11,20,19,18,12;12,17,16,15,23;12,22,15,14,13
p24#253 24 1,2,3,4,5;0,5,6,7,2;0,1,7,8,3;0,2,8,9,10,4;0,3,10,11,5;0,4,11,12,13,6,1;1,5,13,14,15,7;1,6,15,16,17,8,2;2,7,17,9,3;3,8,17,18,10;3,9,18,19,20,21,11,4;4,10,21,12,5;5,11,21,22,13;5,12,22,14,6;6,13,22,23,15;6,14,23,19,16,7;7,15,19,18,17;7,16,18,9,8;9,17,16,19,10;10,18,16,15,23,20;10,19,23,22,21;10,20,22,12,11;12,21,20,23,14,13;14,22,20,19,15
p24#254 24 1,2,3,4,5;0,5,6,7,8,9,10,2;0,1,10,11,3;0,2,11,12,13,4;0,3,13,14,5;0,4,14,15,6,1;1,5,15,16,7;1,6,16,17,8;1,7,17,18,9;1,8,18,19,10;1,9,19,20,11,2;2,10,20,12,3;3,11,20,21,13;3,12,21,18,22,23,14,4;4,13,23,15,5;5,14,23,16,6;6,15,23,22,17,7;7,16,22,18,8;8,17,22,13,21,19,9;9,18,21,20,10;10,19,21,12,11;12,20,19,18,13;13,18,17,16,23;13,22,16,15,14
p24#255 24 1,2,3,4,5;0,5,6,7,8,9,2;0,1,9,10,3;0,2,10,11,12,4;0,3,12,13,5;0,4,13,14,6,1;1,5,14,15,7;1,6,15,16,8;1,7,16,17,18,19,9;1,8,19,10,2;2,9,19,11,3;3,10,19,18,20,12;3,11,20,21,13,4;4,12,21,14,5;5,13,21,22,15,6;6,14,22,16,7;7,15,22,17,8;8,16,22,23,18;8,17,23,20,11,19;8,18,11,10,9;11,18,23,21,12;12,20,23,22,14,13;14,21,23,17,16,15;17,22,21,20,18
p24#256 24 1,2,3,4,5;0,5,6,7,8,9,2;0,1,9,10,11,12,3;0,2,12,13,4;0,3,13,14,15,5;0,4,15,6,1;1,5,15,16,7;1,6,16,17,8;1,7,17,18,9;1,8,18,10,2;2,9,18,19,11;2,10,19,20,21,12;2,11,21,13,3;3,12,21,14,4;4,13,21,20,22,15;4,14,22,16,6,5;6,15,22,23,17,7;7,16,23,19,18,8;8,17,19,10,9;10,18,17,23,20,11;11,19,23,22,14,21;11,20,14,13,12;14,20,23,16,15;16,22,20,19,17
p24#257 24 1,2,3,4,5;0,5,6,7,8,2;0,1,8,9,3;0,2,9,10,11,4;0,3,11,12,13,14,5;0,4,14,6,1;1,5,14,15,16,7;1,6,16,17,8;1,7,17,18,19,9,2;2,8,19,10,3;3,9,19,20,11;3,10,20,12,4;4,11,20,21,13;4,12,21,22,15,14;4,13,15,6,5;6,14,13,22,16;6,15,22,17,7;7,16,22,18,8;8,17,22,23,19;8,18,23,20,10,9;10,19,23,21,12,11;12,20,23,22,13;13,21,23,18,17,16,15;18,22,21,20,19
p24#258 24 1,2,3,4,5;0,5,6,7,8,9,2;0,1,9,10,3;0,2,10,11,12,4;0,3,12,13,14,15,5;0,4,15,6,1;1,5,15,16,7;1,6,16,17,8;1,7,17,18,19,9;1,8,19,20,10,2;2,9,20,11,3;3,10,20,21,12;3,11,21,13,4;4,12,21,22,14;4,13,22,18,17,16,15;4,14,16,6,5;6,15,14,17,7;7,16,14,18,8;8,17,14,22,23,19;8,18,23,20,9;9,19,23,21,11,10;11,20,23,22,13,12;13,21,23,18,14;18,22,21,20,19
p24#259 24 1,2,3,4,5;0,5,6,7,2;0,1,7,8,3;0,2,8,9,10,11,4;0,3,11,12,5;0,4,12,13,14,6,1;1,5,14,15,16,7;1,6,16,17,8,2;2,7,17,9,3;3,8,17,18,10;3,9,18,19,11;3,10,19,20,12,4;4,11,20,13,5;5,12,20,21,14;5,13,21,15,6;6,14,21,22,16;6,15,22,18,17,7;7,16,18,9,8;9,17,16,22,23,19,10;10,18,23,20,11;11,19,23,21,13,12;13,20,23,22,15,14;15,21,23,18,16;18,22,21,20,19
p24#260 24 1,2,3,4,5;0,5,6,7,8,2;0,1,8,9,3;0,2,9,10,11,12,4;0,3,12,13,5;0,4,13,14,15,6,1;1,5,15,16,7;1,6,16,17,18,19,8;1,7,19,9,2;2,8,19,10,3;3,9,19,18,11;3,10,18,20,12;3,11,20,21,13,4;4,12,21,14,5;5,13,21,22,15;5,14,22,16,6;6,15,22,17,7;7,16,22,23,18;7,17,23,20,11,10,19;7,18,10,9,8;11,18,23,21,12;12,20,23,22,14,13;14,21,23,17,16,15;17,22,21,20,18
p24#261 24 1,2,3,4,5;0,5,6,7,8,2;0,1,8,9,10,11,12,3;0,2,12,13,4;0,3,13,14,15,16,5;0,4,16,6,1;1,5,16,17,7;1,6,17,18,8;1,7,18,9,2;2,8,18,19,10;2,9,19,20,11;2,10,20,21,12;2,11,21,13,3;3,12,21,14,4;4,13,21,20,15;4,14,20,22,16;4,15,22,17,6,5;6,16,22,23,18,7;7,17,23,19,9,8;9,18,23,20,10;10,19,23,22,15,14,21,11;11,20,14,13,12;15,20,23,17,16;17,22,20,19,18
p24#262 24 1,2,3,4,5;0,5,6,7,8,9,2;0,1,9,10,3;0,2,10,11,12,4;0,3,12,13,5;0,4,13,14,6,1;1,5,14,15,7;1,6,15,16,8;1,7,16,17,18,19,9;1,8,19,10,2;2,9,19,11,3;3,10,19,18,12;3,11,18,20,13,4;4,12,20,21,14,5;5,13,21,22,15,6;6,14,22,16,7;7,15,22,17,8;8,16,22,23,18;8,17,23,20,12,11,19;8,18,11,10,9;12,18,23,21,13;13,20,23,22,14;14,21,23,17,16,15;17,22,21,20,18
p24#263 24 1,2,3,4,5;0,5,6,7,2;0,1,7,8,3;0,2,8,9,10,4;0,3,10,11,12,5;0,4,12,6,1;1,5,12,13,14,15,7;1,6,15,16,8,2;2,7,16,9,3;3,8,16,17,18,10;3,9,18,11,4;4,10,18,19,20,12;4,11,20,13,6,5;6,12,20,21,14;6,13,21,22,15;6,14,22,17,16,7;7,15,17,9,8;9,16,15,22,23,18;9,17,23,19,11,10;11,18,23,21,20;11,19,21,13,12;13,20,19,23,22,14;14,21,23,17,15;17,22,21,19,18
p24#264 24 1,2,3,4,5;0,5,6,7,8,9,2;0,1,9,10,3;0,2,10,11,12,4;0,3,12,13,5;0,4,13,14,6,1;1,5,14,15,7;1,6,15,16,8;1,7,16,17,18,19,9;1,8,19,10,2;2,9,19,11,3;3,10,19,18,20,12;3,11,20,13,4;4,12,20,21,14,5;5,13,21,22,15,6;6,14,22,16,7;7,15,22,17,8;8,16,22,23,18;8,17,23,20,11,19;8,18,11,10,9;11,18,23,21,13,12;13,20,23,22,14;14,21,23,17,16,15;17,22,21,20,18
p24#265 24 1,2,3,4,5;0,5,6,7,8,9,2;0,1,9,10,11,12,3;0,2,12,13,4;0,3,13,14,15,5;0,4,15,6,1;1,5,15,16,17,7;1,6,17,18,8;1,7,18,19,9;1,8,19,10,2;2,9,19,20,11;2,10,20,21,22,12;2,11,22,13,3;3,12,22,14,4;4,13,22,21,16,15;4,14,16,6,5;6,15,14,21,23,17;6,16,23,18,7;7,17,23,20,19,8;8,18,20,10,9;10,19,18,23,21,11;11,20,23,16,14,22;11,21,14,13,12;16,21,20,18,17
p24#266 24 1,2,3,4,5;0,5,6,7,8,2;0,1,8,9,3;0,2,9,10,11,12,4;0,3,12,13,14,5;0,4,14,6,1;1,5,14,15,16,7;1,6,16,17,8;1,7,17,9,2;2,8,17,18,10,3;3,9,18,19,11;3,10,19,20,12;3,11,20,13,4;4,12,20,21,22,15,14;4,13,15,6,5;6,14,13,22,16;6,15,22,17,7;7,16,22,23,18,9,8;9,17,23,19,10;10,18,23,21,20,11;11,19,21,13,12;13,20,19,23,22;13,21,23,17,16,15;17,22,21,19,18
p24#267 24 1,2,3,4,5,6;0,6,7,8,9,2;0,1,9,10,3;0,2,10,11,12,4;0,3,12,13,14,5;0,4,14,15,6;0,5,15,7,1;1,6,15,16,17,8;1,7,17,18,9;1,8,18,10,2;2,9,18,19,11,3;3,10,19,20,12;3,11,20,13,4;4,12,20,21,14;4,13,21,22,16,15,5;5,14,16,7,6;7,15,14,22,17;7,16,22,18,8;8,17,22,23,19,10,9;10,18,23,20,11;11,19,23,21,13,12;13,20,23,22,14;14,21,23,18,17,16;18,22,21,20,19
p24#268 24 1,2,3,4,5;0,5,6,7,8,9,10,2;0,1,10,11,3;0,2,11,12,13,4;0,3,13,14,5;0,4,14,6,1;1,5,14,15,7;1,6,15,16,8;1,7,16,17,9;1,8,17,18,19,10;1,9,19,11,2;2,10,19,20,12,3;3,11,20,21,13;3,12,21,14,4;4,13,21,22,15,6,5;6,14,22,16,7;7,15,22,23,17,8;8,16,23,18,9;9,17,23,21,20,19;9,18,20,11,10;11,19,18,21,12;12,20,18,23,22,14,13;14,21,23,16,15;16,22,21,18,17
p24#269 24 1,2,3,4,5;0,5,6,7,8,9,2;0,1,9,10,3;0,2,10,11,12,13,4;0,3,13,14,15,5;0,4,15,6,1;1,5,15,16,7;1,6,16,17,8;1,7,17,18,9;1,8,18,10,2;2,9,18,19,11,3;3,10,19,20,12;3,11,20,21,13;3,12,21,14,4;4,13,21,22,17,16,15;4,14,16,6,5;6,15,14,17,7;7,16,14,22,23,18,8;8,17,23,19,10,9;10,18,23,20,11;11,19,23,22,21,12;12,20,22,14,13;14,21,20,23,17;17,22,20,19,18
p24#270 24 1,2,3,4,5;0,5,6,7,2;0,1,7,8,3;0,2,8,9,10,11,4;0,3,11,12,5;0,4,12,13,14,6,1;1,5,14,15,16,7;1,6,16,17,8,2;2,7,17,9,3;3,8,17,18,10;3,9,18,19,11;3,10,19,12,4;4,11,19,20,13,5;5,12,20,21,14;5,13,21,15,6;6,14,21,22,16;6,15,22,18,17,7;7,16,18,9,8;9,17,16,22,23,19,10;10,18,23,20,12,11;12,19,23,21,13;13,20,23,22,15,14;15,21,23,18,16;18,22,21,20,19
p24#271 24 1,2,3,4,5;0,5,6,7,8,2;0,1,8,9,10,11,12,3;0,2,12,13,4;0,3,13,14,15,16,5;0,4,16,6,1;1,5,16,17,18,7;1,6,18,19,8;1,7,19,9,2;2,8,19,20,10;2,9,20,21,11;2,10,21,22,12;2,11,22,13,3;3,12,22,14,4;4,13,22,21,15;4,14,21,17,16;4,15,17,6,5;6,16,15,21,23,18;6,17,23,19,7;7,18,23,20,9,8;9,19,23,21,10;10,20,23,17,15,14,22,11;11,21,14,13,12;17,21,20,19,18
p24#272 24 1,2,3,4,5;0,5,6,7,2;0,1,7,8,9,10,3;0,2,10,11,4;0,3,11,12,5;0,4,12,6,1;1,5,12,13,14,15,16,17,7;1,6,17,8,2;2,7,17,18,9;2,8,18,19,10;2,9,19,20,11,3;3,10,20,13,12,4;4,11,13,6,5;6,12,11,20,14;6,13,20,21,15;6,14,21,22,16;6,15,22,18,17;6,16,18,8,7;8,17,16,22,23,19,9;9,18,23,20,10;10,19,23,21,14,13,11;14,20,23,22,15;15,21,23,18,16;18,22,21,20,19
p24#273 24 1,2,3,4,5,6;0,6,7,8,2;0,1,8,9,10,3;0,2,10,11,12,4;0,3,12,13,5;0,4,13,14,6;0,5,14,7,1;1,6,14,15,16,17,18,19,8;1,7,19,9,2;2,8,19,20,10;2,9,20,11,3;3,10,20,21,12;3,11,21,22,16,15,13,4;4,12,15,14,5;5,13,15,7,6;7,14,13,12,16;7,15,12,22,17;7,16,22,23,18;7,17,23,20,19;7,18,20,9,8;9,19,18,23,21,11,10;11,20,23,22,12;12,21,23,17,16;17,22,21,20,18
p24#274 24 1,2,3,4,5;0,5,6,7,8,2;0,1,8,9,3;0,2,9,10,4;0,3,10,11,5;0,4,11,12,13,6,1;1,5,13,14,7;1,6,14,15,16,17,18,8;1,7,18,9,2;2,8,18,10,3;3,9,18,17,19,20,21,11,4;4,10,21,12,5;5,11,21,22,13;5,12,22,14,6;6,13,22,15,7;7,14,22,23,16;7,15,23,19,17;7,16,19,10,18;7,17,10,9,8;10,17,16,23,20;10,19,23,22,21;10,20,22,12,11;12,21,20,23,15,14,13;15,22,20,19,16
p24#275 24 1,2,3,4,5;0,5,6,7,8,2;0,1,8,9,10,11,3;0,2,11,12,4;0,3,12,13,5;0,4,13,6,1;1,5,13,14,7;1,6,14,15,8;1,7,15,9,2;2,8,15,16,10;2,9,16,17,18,11;2,10,18,19,12,3;3,11,19,13,4;4,12,19,20,21,22,14,6,5;6,13,22,15,7;7,14,22,23,16,9,8;9,15,23,17,10;10,16,23,21,20,18;10,17,20,19,11;11,18,20,13,12;13,19,18,17,21;13,20,17,23,22;13,21,23,15,14;15,22,21,17,16
p24#276 24 1,2,3,4,5;0,5,6,7,8,2;0,1,8,9,10,11,12,3;0,2,12,13,4;0,3,13,14,5;0,4,14,6,1;1,5,14,15,7;1,6,15,16,8;1,7,16,9,2;2,8,16,17,10;2,9,17,18,11;2,10,18,19,20,12;2,11,20,13,3;3,12,20,14,4;4,13,20,19,21,22,15,6,5;6,14,22,16,7;7,15,22,23,17,9,8;9,16,23,18,10;10,17,23,21,19,11;11,18,21,14,20;11,19,14,13,12;14,19,18,23,22;14,21,23,16,15;16,22,21,18,17
p24#277 24 1,2,3,4,5;0,5,6,7,8,2;0,1,8,9,10,11,12,3;0,2,12,13,4;0,3,13,14,5;0,4,14,6,1;1,5,14,15,7;1,6,15,16,8;1,7,16,9,2;2,8,16,17,10;2,9,17,18,19,11;2,10,19,20,12;2,11,20,13,3;3,12,20,14,4;4,13,20,19,21,22,15,6,5;6,14,22,16,7;7,15,22,23,17,9,8;9,16,23,18,10;10,17,23,21,19;10,18,21,14,20,11;11,19,14,13,12;14,19,18,23,22;14,21,23,16,15;16,22,21,18,17
p24#278 24 1,2,3,4,5;0,5,6,7,8,2;0,1,8,9,10,11,3;0,2,11,12,4;0,3,12,13,5;0,4,13,6,1;1,5,13,14,7;1,6,14,15,8;1,7,15,9,2;2,8,15,16,10;2,9,16,17,18,19,11;2,10,19,12,3;3,11,19,13,4;4,12,19,20,21,14,6,5;6,13,21,15,7;7,14,21,22,16,9,8;9,15,22,17,10;10,16,22,23,18;10,17,23,20,19;10,18,20,13,12,11;13,19,18,23,21;13,20,23,22,15,14;15,21,23,17,16;17,22,21,20,18
p24#279 24 1,2,3,4,5;0,5,6,7,8,2;0,1,8,9,10,11,3;0,2,11,12,4;0,3,12,13,5;0,4,13,6,1;1,5,13,14,15,7;1,6,15,16,8;1,7,16,9,2;2,8,16,17,10;2,9,17,18,19,20,11;2,10,20,12,3;3,11,20,13,4;4,12,20,14,6,5;6,13,20,19,21,22,15;6,14,22,16,7;7,15,22,23,17,9,8;9,16,23,18,10;10,17,23,21,19;10,18,21,14,20;10,19,14,13,12,11;14,19,18,23,22;14,21,23,16,15;16,22,21,18,17
p24#280 24 1,2,3,4,5;0,5,6,7,8,2;0,1,8,9,10,11,3;0,2,11,12,4;0,3,12,13,5;0,4,13,6,1;1,5,13,14,15,7;1,6,15,16,8;1,7,16,9,2;2,8,16,17,10;2,9,17,18,19,20,11;2,10,20,12,3;3,11,20,13,4;4,12,20,19,14,6,5;6,13,19,21,22,15;6,14,22,16,7;7,15,22,23,17,9,8;9,16,23,18,10;10,17,23,21,19;10,18,21,14,13,20;10,19,13,12,11;14,19,18,23,22;14,21,23,16,15;16,22,21,18,17
p24#281 24 1,2,3,4,5;0,5,6,7,8,2;0,1,8,9,10,11,3;0,2,11,12,4;0,3,12,13,5;0,4,13,6,1;1,5,13,14,15,7;1,6,15,16,8;1,7,16,9,2;2,8,16,17,10;2,9,17,18,19,20,11;2,10,20,12,3;3,11,20,13,4;4,12,20,19,21,14,6,5;6,13,21,22,15;6,14,22,16,7;7,15,22,23,17,9,8;9,16,23,18,10;10,17,23,21,19;10,18,21,13,20;10,19,13,12,11;13,19,18,23,22,14;14,21,23,16,15;16,22,21,18,17
p24#282 24 1,2,3,4,5;0,5,6,7,8,2;0,1,8,9,10,11,3;0,2,11,12,4;0,3,12,13,5;0,4,13,14,6,1;1,5,14,15,7;1,6,15,16,8;1,7,16,9,2;2,8,16,17,10;2,9,17,18,19,20,11;2,10,20,12,3;3,11,20,13,4;4,12,20,14,5;5,13,20,19,21,22,15,6;6,14,22,16,7;7,15,22,23,17,9,8;9,16,23,18,10;10,17,23,21,19;10,18,21,14,20;10,19,14,13,12,11;14,19,18,23,22;14,21,23,16,15;16,22,21,18,17
p24#283 24 1,2,3,4,5;0,5,6,7,8,2;0,1,8,9,10,11,3;0,2,11,12,4;0,3,12,13,5;0,4,13,14,6,1;1,5,14,15,7;1,6,15,16,8;1,7,16,9,2;2,8,16,17,10;2,9,17,18,19,20,11;2,10,20,12,3;3,11,20,13,4;4,12,20,19,14,5;5,13,19,21,22,15,6;6,14,22,16,7;7,15,22,23,17,9,8;9,16,23,18,10;10,17,23,21,19;10,18,21,14,13,20;10,19,13,12,11;14,19,18,23,22;14,21,23,16,15;16,22,21,18,17
p24#284 24 1,2,3,4,5;0,5,6,7,8,2;0,1,8,9,10,11,3;0,2,11,12,4;0,3,12,13,5;0,4,13,14,6,1;1,5,14,15,7;1,6,15,16,8;1,7,16,9,2;2,8,16,17,10;2,9,17,18,19,20,11;2,10,20,12,3;3,11,20,13,4;4,12,20,19,21,14,5;5,13,21,22,15,6;6,14,22,16,7;7,15,22,23,17,9,8;9,16,23,18,10;10,17,23,21,19;10,18,21,13,20;10,19,13,12,11;13,19,18,23,22,14;14,21,23,16,15;16,22,21,18,17
p24#285 24 1,2,3,4,5;0,5,6,7,8,2;0,1,8,9,10,11,3;0,2,11,12,4;0,3,12,13,5;0,4,13,14,6,1;1,5,14,15,7;1,6,15,16,8;1,7,16,9,2;2,8,16,17,10;2,9,17,18,19,20,11;2,10,20,12,3;3,11,20,13,4;4,12,20,19,21,22,14,5;5,13,22,15,6;6,14,22,16,7;7,15,22,23,17,9,8;9,16,23,18,10;10,17,23,21,19;10,18,21,13,20;10,19,13,12,11;13,19,18,23,22;13,21,23,16,15,14;16,22,21,18,17
p24#286 24 1,2,3,4,5;0,5,6,7,8,2;0,1,8,9,10,11,3;0,2,11,12,4;0,3,12,13,14,5;0,4,14,6,1;1,5,14,15,7;1,6,15,16,8;1,7,16,9,2;2,8,16,17,10;2,9,17,18,19,20,11;2,10,20,12,3;3,11,20,13,4;4,12,20,19,14;4,13,19,21,22,15,6,5;6,14,22,16,7;7,15,22,23,17,9,8;9,16,23,18,10;10,17,23,21,19;10,18,21,14,13,20;10,19,13,12,11;14,19,18,23,22;14,21,23,16,15;16,22,21,18,17
p24#287 24 1,2,3,4,5;0,5,6,7,8,2;0,1,8,9,10,11,3;0,2,11,12,4;0,3,12,13,14,5;0,4,14,6,1;1,5,14,15,7;1,6,15,16,8;1,7,16,9,2;2,8,16,17,10;2,9,17,18,19,20,11;2,10,20,12,3;3,11,20,13,4;4,12,20,19,21,14;4,13,21,22,15,6,5;6,14,22,16,7;7,15,22,23,17,9,8;9,16,23,18,10;10,17,23,21,19;10,18,21,13,20;10,19,13,12,11;13,19,18,23,22,14;14,21,23,16,15;16,22,21,18,17
p24#288 24 1,2,3,4,5;0,5,6,7,8,2;0,1,8,9,10,11,3;0,2,11,12,4;0,3,12,13,14,5;0,4,14,6,1;1,5,14,15,7;1,6,15,16,8;1,7,16,9,2;2,8,16,17,10;2,9,17,18,19,20,11;2,10,20,12,3;3,11,20,13,4;4,12,20,19,21,22,14;4,13,22,15,6,5;6,14,22,16,7;7,15,22,23,17,9,8;9,16,23,18,10;10,17,23,21,19;10,18,21,13,20;10,19,13,12,11;13,19,18,23,22;13,21,23,16,15,14;16,22,21,18,17
p24#289 24 1,2,3,4,5;0,5,6,7,8,2;0,1,8,9,10,11,3;0,2,11,12,4;0,3,12,13,14,5;0,4,14,6,1;1,5,14,15,7;1,6,15,16,8;1,7,16,9,2;2,8,16,17,10;2,9,17,18,19,20,11;2,10,20,12,3;3,11,20,13,4;4,12,20,19,21,22,15,14;4,13,15,6,5;6,14,13,22,16,7;7,15,22,23,17,9,8;9,16,23,18,10;10,17,23,21,19;10,18,21,13,20;10,19,13,12,11;13,19,18,23,22;13,21,23,16,15;16,22,21,18,17
p24#290 24 1,2,3,4,5;0,5,6,7,8,2;0,1,8,9,10,11,3;0,2,11,12,4;0,3,12,13,5;0,4,13,6,1;1,5,13,14,7;1,6,14,15,8;1,7,15,9,2;2,8,15,16,10;2,9,16,17,18,19,11;2,10,19,12,3;3,11,19,20,13,4;4,12,20,21,22,14,6,5;6,13,22,15,7;7,14,22,23,16,9,8;9,15,23,17,10;10,16,23,21,18;10,17,21,20,19;10,18,20,12,11;12,19,18,21,13;13,20,18,17,23,22;13,21,23,15,14;15,22,21,17,16
p24#291 24 1,2,3,4,5;0,5,6,7,8,2;0,1,8,9,10,11,3;0,2,11,12,4;0,3,12,13,5;0,4,13,6,1;1,5,13,14,7;1,6,14,15,8;1,7,15,9,2;2,8,15,16,10;2,9,16,17,18,19,11;2,10,19,12,3;3,11,19,20,13,4;4,12,20,21,14,6,5;6,13,21,15,7;7,14,21,22,16,9,8;9,15,22,17,10;10,16,22,23,18;10,17,23,20,19;10,18,20,12,11;12,19,18,23,21,13;13,20,23,22,15,14;15,21,23,17,16;17,22,21,20,18
p24#292 24 1,2,3,4,5;0,5,6,7,8,2;0,1,8,9,10,11,3;0,2,11,12,4;0,3,12,13,5;0,4,13,6,1;1,5,13,14,7;1,6,14,15,8;1,7,15,9,2;2,8,15,16,10;2,9,16,17,18,19,11;2,10,19,12,3;3,11,19,20,13,4;4,12,20,14,6,5;6,13,20,21,15,7;7,14,21,22,16,9,8;9,15,22,17,10;10,16,22,23,18;10,17,23,20,19;10,18,20,12,11;12,19,18,23,21,14,13;14,20,23,22,15;15,21,23,17,16;17,22,21,20,18
p24#293 24 1,2,3,4,5;0,5,6,7,8,2;0,1,8,9,10,11,3;0,2,11,12,4;0,3,12,13,5;0,4,13,6,1;1,5,13,14,15,7;1,6,15,16,8;1,7,16,9,2;2,8,16,17,10;2,9,17,18,19,20,11;2,10,20,12,3;3,11,20,14,13,4;4,12,14,6,5;6,13,12,20,19,21,22,15;6,14,22,16,7;7,15,22,23,17,9,8;9,16,23,18,10;10,17,23,21,19;10,18,21,14,20;10,19,14,12,11;14,19,18,23,22;14,21,23,16,15;16,22,21,18,17
p24#294 24 1,2,3,4,5;0,5,6,7,8,2;0,1,8,9,10,11,3;0,2,11,12,4;0,3,12,13,5;0,4,13,6,1;1,5,13,14,7;1,6,14,15,8;1,7,15,9,2;2,8,15,16,10;2,9,16,17,18,19,11;2,10,19,12,3;3,11,19,13,4;4,12,19,20,14,6,5;6,13,20,21,15,7;7,14,21,22,16,9,8;9,15,22,17,10;10,16,22,23,18;10,17,23,20,19;10,18,20,13,12,11;13,19,18,23,21,14;14,20,23,22,15;15,21,23,17,16;17,22,21,20,18
p24#295 24 1,2,3,4,5;0,5,6,7,8,2;0,1,8,9,10,11,3;0,2,11,12,4;0,3,12,13,5;0,4,13,6,1;1,5,13,14,7;1,6,14,15,8;1,7,15,9,2;2,8,15,16,10;2,9,16,17,18,19,11;2,10,19,12,3;3,11,19,13,4;4,12,19,18,20,14,6,5;6,13,20,21,15,7;7,14,21,22,16,9,8;9,15,22,17,10;10,16,22,23,18;10,17,23,20,13,19;10,18,13,12,11;13,18,23,21,14;14,20,23,22,15;15,21,23,17,16;17,22,21,20,18
p24#296 24 1,2,3,4,5;0,5,6,7,8,9,2;0,1,9,10,3;0,2,10,11,4;0,3,11,12,5;0,4,12,13,6,1;1,5,13,14,7;1,6,14,15,8;1,7,15,16,9;1,8,16,17,10,2;2,9,17,18,11,3;3,10,18,12,4;4,11,18,19,13,5;5,12,19,20,14,6;6,13,20,21,15,7;7,14,21,22,16,8;8,15,22,17,9;9,16,22,23,19,18,10;10,17,19,12,11;12,18,17,23,20,13;13,19,23,21,14;14,20,23,22,15;15,21,23,17,16;17,22,21,20,19
p24#297 24 1,2,3,4,5;0,5,6,7,8,9,2;0,1,9,10,3;0,2,10,11,4;0,3,11,12,5;0,4,12,13,6,1;1,5,13,14,7;1,6,14,15,8;1,7,15,16,9;1,8,16,17,10,2;2,9,17,18,11,3;3,10,18,12,4;4,11,18,19,20,13,5;5,12,20,14,6;6,13,20,21,15,7;7,14,21,22,16,8;8,15,22,17,9;9,16,22,23,19,18,10;10,17,19,12,11;12,18,17,23,20;12,19,23,21,14,13;14,20,23,22,15;15,21,23,17,16;17,22,21,20,19
p24#298 24 1,2,3,4,5;0,5,6,7,8,9,2;0,1,9,10,3;0,2,10,11,4;0,3,11,12,13,5;0,4,13,6,1;1,5,13,14,7;1,6,14,15,8;1,7,15,16,9;1,8,16,17,10,2;2,9,17,18,11,3;3,10,18,12,4;4,11,18,19,20,14,13;4,12,14,6,5;6,13,12,20,21,15,7;7,14,21,22,16,8;8,15,22,17,9;9,16,22,23,19,18,10;10,17,19,12,11;12,18,17,23,20;12,19,23,21,14;14,20,23,22,15;15,21,23,17,16;17,22,21,20,19
p24#299 24 1,2,3,4,5;0,5,6,7,8,9,2;0,1,9,10,3;0,2,10,11,4;0,3,11,12,5;0,4,12,6,1;1,5,12,13,7;1,6,13,14,8;1,7,14,15,9;1,8,15,16,10,2;2,9,16,17,11,3;3,10,17,18,12,4;4,11,18,19,13,6,5;6,12,19,20,14,7;7,13,20,21,15,8;8,14,21,16,9;9,15,21,22,23,17,10;10,16,23,18,11;11,17,23,19,12;12,18,23,22,20,13;13,19,22,21,14;14,20,22,16,15;16,21,20,19,23;16,22,19,18,17
p24#300 24 1,2,3,4,5;0,5,6,7,8,9,2;0,1,9,10,3;0,2,10,11,4;0,3,11,12,5;0,4,12,6,1;1,5,12,13,7;1,6,13,14,8;1,7,14,15,9;1,8,15,16,10,2;2,9,16,17,11,3;3,10,17,18,12,4;4,11,18,13,6,5;6,12,18,19,20,14,7;7,13,20,21,15,8;8,14,21,16,9;9,15,21,22,23,17,10;10,16,23,18,11;11,17,23,19,13,12;13,18,23,22,20;13,19,22,21,14;14,20,22,16,15;16,21,20,19,23;16,22,19,18,17
