sphere3_s7202_0 47 13,44,18,36,4;10,15,27,2;17,33,43,30,3,31,10,1,27;29,30,2,31,44,46,19;8,32,41,37,18,36,0,13,26,7,11,22,12,16;38,40,22;23,24,19;25,40,22,46,44,26,4,11;4,32,9,45,12,16;8,32,39,45;1,15,27,17,20,46,35,31,2;22,38,40,25,7,4;22,42,35,45,8,16,4;0,44,34,26,4;31,44,32,39;1,10,27;4,8,12;2,33,30,20,10,27;37,44,0,36,4;3,29,21,24,6,23,46;17,30,46,10;19,29,24;11,38,5,40,7,46,42,12,4;24,29,46,19,6;23,29,21,19,6;7,40,11;4,7,44,34,13;10,17,2,1,15;31,35,45;3,30,46,23,24,21,19;3,29,46,20,17,33,43,2;14,44,3,2,10,35,28,45,39;4,8,9,39,14,44,37,41;2,17,30,43;13,44,26;28,31,10,46,42,12,45;0,4,18;18,44,32,41,4;11,22,5,40;14,31,45,9,32;7,25,11,38,5,22;4,32,37;12,22,46,35;30,33,2;0,13,34,26,7,46,3,31,14,32,37,18;31,39,9,8,12,35,28;3,44,7,22,42,35,10,20,30,29,23,19
sphere3_s7202_1 50 1,10,45,17,49,4,38,14,48,26,29,43;7,43,0,10,46,36,39,9,8,40;10,36,23;24,31,34,11;0,38,17,49;30,32,6,29,21;5,32,13,7,43,29;8,40,1,43,6,13,48;7,40,1,9,48;17,38,14,48,8,1,39,28,34,31,47,11,37,19;23,46,1,0,45,16,36,2;17,37,9,47,31,24,3,34,45;19,37,22,18;27,32,6,7,48,26,29,35,42;0,38,9,48;20,33,30;39,45,10,36;11,37,22,19,9,38,4,49,0,45;12,22,19;17,22,18,12,37,9;15,33,41,42,35,29,21,30;5,29,20,30;17,19,18,12,37;10,46,36,2;3,31,11;30,42,32;0,48,13,29;13,32,42;39,45,44,34,9;5,21,20,35,13,26,0,43,6;25,42,33,15,20,21,5,32;3,24,11,47,9,34;13,27,42,25,30,5,6;15,20,41,42,30;3,31,9,28,44,45,11;20,42,13,29;1,46,23,2,10,16,39;11,17,22,12,19,9;9,17,4,0,14;1,36,16,45,28,9;7,8,1;20,42,33;25,30,33,41,20,35,13,27,32;1,7,6,29,0;34,45,28;0,17,11,34,44,28,39,16,10;10,23,36,1;9,11,31;7,13,26,0,14,9,8;0,4,17
sphere3_s7202_2 47 34,39,42,37;17,45,6;20,33,37,7,23;15,40,12;15,21,41;26,37,29;39,44,14,17,1,45,37,42;10,11,37,2,23,27,25,22,14,17,45,30,8;10,38,30,7;21,31,43,28,34,12,15,32,16;7,11,30,38,8;7,10,30,29,26,37;3,15,9,34,36,40;14,22,25,20,33,43,31,39,46;7,17,6,44,46,13,22;3,40,34,24,39,31,41,4,21,35,32,9,12;9,32,21;1,45,7,14,6;39,44,46;29,45,37;23,25,13,33,2;9,31,41,4,15,35,32,16;13,14,7,25;20,25,27,7,2;15,39,34;20,23,27,7,22,13;5,37,11,29;23,25,7;37,43,9,34;19,45,30,11,26,5,37;7,45,29,11,10,38,8;9,21,41,15,39,13,43;9,15,35,21,16;37,43,13,20,2;36,40,15,24,39,0,37,28,9,12;15,21,32;34,40,12;33,43,28,34,0,42,6,45,19,29,5,26,11,7,2;8,10,30;6,44,18,46,13,31,15,24,34,0,42;34,36,12,3,15;4,21,31,15;0,39,6,37;33,37,28,9,31,13;6,39,18,46,14;1,17,7,30,29,19,37,6;18,39,13,14,44
sphere3_s7202_3 44 19,38,4,14,39;27,31,30,35,41,37,39,43;11,26,34,21,3,6,4;2,6,13,27,34,21;14,36,6,2,11,15,34,7,38,0;23,24,8,10,36,32,42;13,18,25,40,39,29,10,8,24,42,36,4,2,3;28,34,4,38;5,24,6,10;25,40,12,18;5,36,29,6,8;2,26,15,4;18,27,43,40,9;6,18,27,3;4,36,39,0;26,34,4,11;17,33,22,20,38,28;34,38,33,16,28;6,13,27,12,9,25;0,38,27,31,30,39;16,22,38;3,34,2;16,20,38,33;5,24,42;5,23,42,6,8;9,40,6,18;2,11,15,34;1,31,19,38,34,3,13,18,12,43;17,34,7,38,16;10,36,39,6;19,39,41,35,1,31;1,27,19,30;5,36,42;16,17,38,22;17,38,27,3,21,2,26,15,4,7,28;1,41,30;5,32,42,6,4,14,39,29,10;39,41,1;17,34,27,19,0,4,7,28,16,20,22,33;19,30,41,37,1,43,40,6,29,36,14,0;9,25,6,39,43,12;1,35,30,39,37;6,24,23,5,32,36;1,39,40,12,27
sphere3_s7202_4 41 1,26,6,40;0,26,38,12,7,40;10,34,29;16,27,23,6,36,37,26,20,5;5,27,28,39,34,18,11,14;4,27,16,3,20,26,32,33,22,14;0,40,17,35,37,36,3,23,26;1,40,24,38,12;13,31,9,21,25,27,28;13,34,10,29,21,8,31;2,34,9,29;4,14,18;1,7,38;9,34,39,28,8,31;19,29,21,30,22,5,4,11,18;24,38,40;3,27,5;35,40,6;19,34,4,11,14;14,29,34,18;3,5,26;22,30,14,29,9,8,25;25,33,5,14,30,21;25,32,26,6,3,27;7,38,15,40;32,33,22,21,8,27,23;0,1,38,35,37,3,20,5,32,23,6;3,16,5,4,28,8,25,23;4,39,13,8,27;14,19,34,2,10,9,21;21,22,14;8,13,9;25,33,5,26,23;25,32,5,22;9,13,39,4,18,19,29,2,10;26,37,6,17,40,38;3,37,6;26,35,6,36,3;1,26,35,40,15,24,7,12;4,28,13,34;0,6,17,35,38,15,24,7,1
sphere3_s7202_5 46 4,36,15,11,43,8;6,33,31;14,45,26,5,38;4,32,8,31,16,25;8,32,3,25,15,28,27,30,36,0;10,38,2,26,17,35,19,43;8,13,44,33,1,31;20,21,34,39,37,40;6,13,41,43,0,4,32,3,31;12,21,29;5,38,43;0,43,34,22,15;17,23,29,9,21,20,34,35;6,8,41,38,29,34,22,15,44;17,38,2,45,24,26;4,28,30,18,36,0,11,22,13,44,42,33,25;25,33,31,3;12,23,38,14,26,5,35;15,30,36;5,35,43;7,21,12,34,39,37,40;7,20,12,9,29,34;11,15,13,34;12,17,38,29;26,45,14;16,33,15,4,3;24,45,2,5,17,14;28,30,4;4,15,30,27;21,34,13,38,23,12,9;15,18,36,4,27,28;6,8,3,16,33,1;4,8,3;16,25,15,42,44,6,1,31;12,20,39,7,21,29,13,22,11,43,35;34,43,19,5,17,12;0,4,30,18,15;7,39,20,40;5,10,43,41,13,29,23,17,14,2;7,37,20,34;20,37,7;8,13,38,43;15,33,44;34,35,19,5,10,38,41,8,0,11;6,33,42,15,13;24,26,2,14
sphere3_s7202_6 44 6,35,23;16,34,17;19,21,5,11;4,30,8,12,33,37,16;25,30,3,16,15;8,11,2,21,12;16,37,35,0,23;29,42,43,24,32,14,36,13;5,11,19,35,30,3,12;17,34,41,23,16;19,35,31,40,37;5,8,19,2;5,21,37,33,3,8;20,36,7,29,35,41,26;22,32,7,36;30,38,25,4,16,27;1,34,28,39,22,35,27,15,4,3,37,6,23,9,17;9,34,1,16;22,32,29;2,21,37,10,35,8,11;13,36,26;2,19,37,12,5;14,32,18,29,35,16,39,28,41,36;6,16,9,41,35,0;7,32,29,43;4,30,38,15;13,41,36,20;30,35,16,15;34,41,22,39,16;7,42,43,24,32,18,22,35,13;4,25,38,15,27,35,8,3;35,40,10;14,22,18,29,24,7;12,37,3;9,17,1,16,28,41;22,29,13,41,23,0,6,37,40,31,10,19,8,30,27,16;13,20,26,41,22,14,7;6,16,3,33,12,21,19,10,40,35;15,30,25;16,28,22;31,35,37,10;28,34,9,23,35,13,26,36,22;7,29,43;7,24,29,42
sphere3_s7202_7 55 12,54,8,53;4,44,9,40;18,51,3;5,18,2,51,20,6,27,33,48,7;9,40,1,44,30,42,10,39,51,8;3,18,25,29,26,7;36,52,20,3,27,39;24,48,3,5,26,29,14,50;18,28,54,0,53,19,46,13,51,4,9,44,32;4,40,1,44,8;16,31,30,15,42,4,39,27,41;14,50,45,35;0,54,37,38,53;18,54,38,23,46,8,51;11,50,7,29,34,35;10,42,30;10,31,49,41;20,51,52;3,5,25,35,32,8,28,54,13,51,2;46,53,8;17,51,3,6,52;23,38,53,46;33,48,47,27;21,38,13,46;35,50,7,48;29,35,18,5;7,29,5;3,33,22,47,32,44,41,10,39,6;8,18,54;25,35,34,14,7,26,5;4,42,15,10,31,49,44;10,16,49,30;35,48,47,27,44,8,18;3,27,22,48;14,29,35;25,29,34,14,11,45,43,50,24,48,32,18;6,52,39;12,54,38;21,23,13,54,37,12,53;4,51,52,36,6,27,10;4,9,1;10,27,44,49,16;4,30,15,10;35,50,45;1,4,30,49,41,27,32,8,9;11,35,43,50;19,53,21,23,13,8;27,32,48,22;32,35,24,7,3,33,22,47;16,41,44,30,31;11,14,7,24,35,43,45;17,20,3,2,18,13,8,4,39,52;6,36,39,51,17,20;0,12,38,21,46,19,8;13,18,28,8,0,12,37,38
sphere3_s7202_8 60 10,56,14,29,48;27,40,39;3,20,53;9,36,32,43,8,15,53,2,20;23,32,45;19,47,7,17;34,45,32,35;13,46,28,40,39,49,50,30,10,59,18,56,54,17,5,47;44,58,43,3,15;3,36,20;0,56,18,25,59,7,30,45,23,48;19,22,33;26,51,14;7,46,47;0,56,33,51,12,26,29;3,53,44,8;26,52,29;7,54,19,5;10,56,7,59,25;5,47,39,51,22,11,33,31,54,17;36,44,38,53,2,3,9;32,37,51,26,24;33,51,19,11;4,32,24,55,52,29,48,10,45;21,26,55,23,32;10,59,18;21,24,55,52,16,29,14,12,51;1,40,28,46,47,41,39;27,46,7,40;23,52,16,26,14,0,48;7,50,45,10;19,54,56,33;21,37,43,3,36,34,35,6,45,4,23,24;22,51,14,56,31,19,11;36,44,43,37,45,6,35,32;32,34,6;20,44,34,32,3,9;21,32,43,34,45,57,51;20,44,53;19,51,57,42,49,7,40,1,27,41,47;1,27,28,7,39;39,47,27;49,50,57,39;44,58,8,3,32,37,34;20,36,34,43,58,8,15,53,38;50,57,37,34,6,32,4,23,10,30;7,13,47,27,28;5,19,39,41,27,46,13,7;10,23,29,0;42,50,7,39;7,30,45,57,42,49;22,33,14,12,26,21,37,57,39,19;16,26,55,23,29;20,38,44,15,3,2;19,31,56,7,17;26,52,23,24;0,10,18,7,54,31,33,14;45,50,42,39,51,37;43,44,8;10,25,18,7
sphere3_s7202_9 57 21,29,53,49,35,36,56,46,26,4;22,55,41,50,46;11,44,51,40;30,31,22,48;14,15,38,21,0,26;13,32,39,52;22,46,27,7;22,27,6;26,41,14;19,36,24,56,25,33,14,45,49;21,28,34,29;2,44,12,40;14,40,11,44;5,32,37,15,52;8,26,4,15,23,37,40,12,44,51,43,16,34,49,45,9,33,48,22,41;4,14,23,17,37,13,52,28,38;34,47,40,51,43,14;23,37,15;29,49,53;35,49,9,36;46,50,26;10,28,38,4,0,29;41,55,1,46,6,7,27,31,3,48,14;14,37,17,15;9,36,56;30,33,9,56,46,42;50,54,41,8,14,4,0,46,20;7,22,31,46,6;10,21,38,15,52,32,34;18,49,34,10,21,0,53;25,33,48,3,31,46,42;3,30,46,27,22;5,13,37,34,28,52,39;25,30,48,14,9;37,47,16,14,49,29,10,28,32;19,49,0,36;9,19,35,0,56,24;34,47,40,14,23,17,15,13,32;15,28,21,4;32,52,5;16,51,2,11,12,14,37,47;22,55,1,50,54,26,8,14;25,30,46;14,16,51;14,51,2,11,12;14,49,9;20,50,1,22,6,27,31,30,42,25,56,0,26;34,37,40,16;14,33,30,3,22;19,35,0,53,18,29,34,14,45,9;26,54,41,1,46,20;16,40,2,44,14,43;32,39,5,13,15,28;18,29,0,49;26,50,41;22,41,1;0,46,25,9,24,36
sphere3_s7202_10 57 41,48,31;28,38,52,21,5,41,31,12,34;36,53,3,12,17,51,25;36,42,34,12,2,53;22,38,28;1,41,52,21;32,39,10,14,13,47;15,31,12,46;11,55,45,17;20,23,52,48,33,16;13,14,6,39,50,11;17,46,13,10,50,55,8;3,34,1,31,7,46,17,2;32,47,6,14,10,11,46,43;10,13,6;7,31,48,44,40,35,43,46;55,56,26,20,9,33;11,46,12,2,51,25,23,20,26,45,8;49,54,24,29,30;25,36,42,22,30,37,27;9,23,17,26,16;1,52,5;19,42,28,4,38,49,30;9,20,17,25,54,38,52;18,29,25,54;19,36,2,51,17,23,54,24,29,27;17,45,55,56,16,20;25,29,37,19;1,38,4,22,42,34;30,37,27,25,24,18;29,37,19,22,49,18;7,15,48,0,41,1,12;39,43,13,47,6;9,48,55,16;3,12,1,28,42;43,48,40,15;19,25,2,53,3,42;29,30,19,27;1,28,4,22,49,54,23,52;32,43,50,10,6;15,44,48,35;1,5,52,48,0,31;3,36,19,22,28,34;32,39,50,55,48,35,15,46,13;15,48,40;17,26,55,8;11,17,12,7,15,43,13;13,32,6;35,43,55,33,9,52,41,0,31,15,44,40;22,30,18,54,38;43,55,11,10,39;2,17,25;9,23,38,1,21,5,41,48;3,36,2;38,49,18,24,25,23;16,56,26,45,8,11,50,43,48,33;16,55,26
sphere3_s7202_11 44 1,19,32;17,38,31,19,0,32,2;1,17,14,32;8,21,41,32;11,40,15,22,5;4,22,34,20,6,40,11;17,20,5,40;21,24,15,18,29,26,27,16,12,36;35,42,23,19,32,3,21,28,36;15,40,33;18,29,26,37,15;4,40,5;7,16,36;19,23,42;39,41,32,2,17,25;33,37,10,18,7,24,22,4,40,9;36,40,33,37,26,27,7,12;20,21,25,14,2,1,38,40,6;10,29,7,15;31,38,40,42,13,23,8,32,0,1;17,21,22,34,5,6;17,20,22,24,7,36,28,8,3,41,39,25;4,5,34,20,21,24,15;13,19,8,42;7,21,22,15;14,39,21,17;7,27,16,37,10,29;7,26,16;8,21,36;10,18,7,26;40,43,36,35,42;19,38,1;3,8,19,0,1,2,14,41;15,37,16,40,9;5,20,22;8,42,30,36;40,43,30,35,8,28,21,7,12,16;15,33,16,26,10;1,17,40,19,31;14,41,21,25;4,11,5,6,17,38,19,42,30,43,36,16,33,9,15;3,21,39,14,32;8,35,30,40,19,13,23;36,40,30
sphere3_s7202_12 52 7,29,1;2,24,18,10,7,0,29,28;9,24,1,28,40,12,43;6,24,22;24,40,36,42;10,45,13,46,19,38,16,15,7;3,24,45,22;0,29,31,50,15,5,10,1;38,44,40,28;2,24,40,43;5,45,18,1,7;25,34,51,41,35,30;2,43,40;22,45,5,46,19,38,27;23,35,30;20,50,7,5,16;28,29,31,50,20,15,5,38;38,39,21,36,27;10,45,24,1;5,38,13,46;15,50,16;39,44,40,36,17;13,45,6,3,24,49,37,33,27;14,35,48,47,32,30;4,40,9,2,1,18,45,6,3,22,49,32,26,33,27,42;11,34,51,30;33,47,32,24;36,42,24,33,22,13,38,17;16,29,1,2,40,8,38;16,28,1,0,7,31;32,37,33,48,51,25,11,35,14,23;16,50,7,29;24,49,37,30,23,47,26;26,47,48,30,37,22,27,24;11,25,51;41,48,23,14,30,11;27,42,4,40,21,17;22,33,30,32,49;39,44,8,28,16,5,19,13,27,17;38,44,21,17;4,24,9,43,12,2,28,8,44,21,36;11,51,48,35;4,24,27,36;2,12,40,9;38,39,21,40,8;5,10,18,24,6,22,13;13,19,5;26,33,48,23,32;35,41,51,30,33,47,23;24,32,37,22;15,20,16,31,7;25,34,11,41,48,30
sphere3_s7202_13 59 3,12,18,26,17,34,27,38,46,22,39,42,48;13,20,5,55,18,15,12;39,45,35,44,4,12;0,12,42,49,48;2,44,10,6,28,21,12;1,55,20;12,53,10,4,28,21;20,30,18,40;25,56,43,42;33,53,47,35,12;44,52,53,6,4;16,18,30,14;0,3,42,43,35,9,33,53,6,21,4,2,39,22,17,26,16,50,14,57,13,1,15,18;1,20,57,12;20,57,12,50,16,11,30;1,12,18;12,26,18,11,14,50;0,34,22,12,26;1,55,20,40,7,30,11,16,26,0,12,15;39,56,25,42,58,37,29;7,30,14,57,13,1,5,55,18,40;6,12,4,28;17,34,27,23,46,0,39,12;27,46,22;51,53,52;19,56,8,42;12,16,18,0,17;38,46,23,22,34,0;6,21,4;37,58,42,39,19;7,20,14,11,18;51,53,44;41,45,36,39,54;9,53,12;0,17,22,27;2,44,47,9,12,43,56,45;39,45,32;29,58,19;27,46,0;19,56,41,54,32,36,45,2,12,22,0,42,29;7,20,18;32,45,56,39,54;12,43,8,25,19,58,29,39,0,48,49,3;12,42,8,56,35;2,4,10,52,51,31,53,47,35;2,39,36,32,41,56,35;27,38,0,22,23;9,35,44,53;0,3,49,42;42,48,3;14,16,12;31,53,24,52,44;10,44,51,24,53;9,33,12,6,10,52,24,51,31,44,47;32,41,39;1,5,20,18;19,39,41,45,35,43,8,25;13,20,14,12;29,37,19,42
sphere3_s7202_14 43 8,36,10,14,13,2,6,16;18,32,21,26,17;9,20,6,0,13;13,42,25;23,25,21,22;40,42,25,28;0,2,20,11,33,36,16;13,24,12;0,36,16;2,20,19,31,11,14,41,27,24,13;33,36,0,14,11;19,20,6,33,10,14,9,31;24,40,13,7;0,2,9,24,7,12,40,42,3,25,14;22,25,13,0,10,11,9,41,24,39;24,35,18,32,21,22,39;0,6,36,8;26,38,37,40,35,18,1;1,32,15,35,17;11,20,9,31;2,9,19,11,6;25,34,26,1,32,15,22,4;14,25,30,23,4,21,15,39;4,25,30,22;15,35,29,40,12,7,13,9,27,41,14,39;21,34,28,5,42,3,13,14,22,30,23,4;1,21,34,28,38,17;24,41,9;5,40,37,38,26,34,25;35,40,24;23,25,22;9,19,11;1,18,15,21;10,36,6,11;21,25,28,26;15,24,29,40,17,18;0,8,16,6,33,10;17,38,28,40;17,26,28,37;15,22,14,24;29,35,17,37,28,5,42,13,12,24;24,27,9,14;5,40,13,3,25
sphere3_s7202_15 50 3,30,33,34,12,39,44,23,29,37,6;24,49,41,28,26;3,27,34,30,9,21;6,38,32,12,19,42,18,27,2,21,11,22,30,0;13,24,14;39,44,32,48,12;3,38,37,0;43,46,31,37,17,29,40;23,31,37;21,30,2;46,47,35;3,21,30,22;3,32,48,5,39,0,34,19;4,24,36,20,45,14;4,24,44,45,13;32,38,41;29,37,17;7,29,16,37;27,34,25,42,3;3,42,34,12;44,45,13,36,24,32;9,30,11,3,2;11,30,3;8,31,46,47,29,0,44,24,49,41,37;4,13,36,20,32,28,26,1,49,23,44,14;18,42,34;24,28,1;18,34,2,3;32,41,1,26,24;16,37,0,23,47,40,7,17;33,34,2,9,21,11,22,3,0;8,23,46,7,37;3,12,48,5,44,20,24,28,41,15,38;30,34,0;18,27,2,30,33,0,12,19,42,25;43,46,10,47,40;13,24,20;16,29,0,6,38,41,23,8,31,7,17;3,6,37,41,15,32;5,44,0,12;29,47,35,43,7;28,32,15,38,37,23,49,1;3,19,34,25,18;35,46,7,40;5,39,0,23,24,14,45,20,32;13,14,44,20;35,43,7,31,23,47,10;29,40,35,10,46,23;5,12,32;1,24,23,41
sphere3_s7202_16 59 5,33,37,48;3,54,58,35;7,14,46;10,35,1,54,50,17,9,40,57,16,31,36;30,35,12;0,33,13,26,48;19,56,9;14,17,45,8,41,33,28,46,2;29,41,7,45;19,45,20,43,17,3,40,57,25,26,42,44,27,41,56,6;3,35,12,36;23,47,52,24;10,36,31,30,4,35;44,55,26,5,33,41,27;7,17,46,2;19,29,45;32,57,3,31,30;7,14,46,54,50,3,9,43,45;20,43,45;15,29,53,56,6,9,45;9,43,18,45;30,34,24,23;23,49,39;22,49,47,11,24,21,30,39;34,47,52,11,23,21;9,26,57;9,25,57,48,5,13,55,38,44,42;13,41,9,44;33,46,7;15,19,53,41,8,45;21,34,47,46,51,32,16,31,12,4,35,49,39,23;16,30,12,36,3;16,57,48,37,33,46,51,30;0,5,13,41,7,28,46,32,37;21,30,47,24;3,10,12,4,30,49,47,58,1;10,12,31,3;0,33,32,48;26,44,55;30,49,22,23;3,57,9;13,27,9,56,53,29,8,7,33;9,44,26;17,45,18,20,9;13,55,38,26,42,9,27;15,29,8,7,17,43,18,20,9,19;54,58,47,30,51,32,33,28,7,2,14,17;23,49,35,58,46,30,34,24,52,11;5,26,57,32,37,0;22,23,47,35,30,39;3,54,17;30,32,46;11,47,24;29,41,56,19;46,58,1,3,50,17;13,44,38,26;9,41,53,19,6;16,32,48,26,25,9,40,3;46,54,1,35,47
sphere3_s7202_17 43 8,11,31,21;5,31,22,19,16,21;3,22,11,32;35,41,32,2,22,31,36,38,6,18,33;8,14,23,27,29,40,39,22,10;21,31,1;3,38,36,31,34,32,30,18;17,25,30,18,42,20,15,33,35;4,14,16,21,0,11,22,10;14,28,16;4,22,8;0,8,22,2,32,34,12,31;31,34,11;23,27,14;4,8,16,9,28,27,13,23;20,42,24,18,33,7;22,27,28,9,14,8,21,1,19;7,25,35;7,30,6,3,33,15,24,42;16,22,1;15,42,7;5,31,0,8,16,1;16,27,39,4,10,8,11,2,3,31,1,19;4,27,13,14;15,18,42;7,17,35,26,30;35,37,30,25;4,29,39,22,16,28,14,13,23;9,14,27,16;39,40,4,27;32,37,26,25,7,18,6;6,36,3,22,1,5,21,0,11,12,34;30,37,41,3,2,11,34,6;7,15,18,3,35;12,31,6,32,11;3,41,37,26,25,17,7,33;6,31,3,38;26,35,41,32,30;3,6,36;29,40,4,22,27;29,39,4;3,35,37,32;15,20,7,18,24
sphere3_s7202_18 45 22,40,1,13,18,11,34,23,27,36,5,31,21,44;13,40,0;26,44,17,25,6,28;5,36,27,29,12,24,9,16,33;11,28,22;38,43,33,3,36,0,31,20,7,8;2,25,22,28;32,38,8,5,20,39,35;5,38,7;3,24,16;25,41,17;22,40,13,18,0,34,29,26,28,4;15,42,24,3,29;1,40,11,18,0;21,44,15,30,19;16,42,12,29,26,44,14,30;15,42,24,9,3,33,20,30;41,44,2,25,10;0,11,13;20,21,14,30;7,39,37,33,16,30,19,21,31,5;14,44,0,31,20,19;0,40,11,4,28,6,25,44;27,34,0;3,9,16,42,12;10,41,44,22,6,2,17;2,44,15,29,11,28;29,34,23,0,36,3;2,26,11,4,22,6;27,34,11,26,15,12,3;15,16,20,19,14;0,21,20,5;7,38,35;39,43,5,3,16,20,37;27,29,11,0,23;7,39,38,32;3,5,0,27;20,39,33;5,43,39,35,32,7,8;33,43,38,35,7,20,37;0,22,11,13,1;17,44,25,10;15,16,24,12;5,38,39,33;17,41,25,22,0,21,14,15,26,2
sphere3_s7202_19 50 4,11,27,9,49;19,26,49,9,36,15,8,18;24,47,25,14,35,17,39;42,43,35,24;11,33,28,38,37,49,0;31,44,32,43,23,16,42;35,37,49,26,23;8,15,47,46;7,15,1,18,24,46;1,36,27,0,49;35,38,21,22,48,30;27,38,33,4,0;42,43,31;34,45,40;30,35,2,25,40,45;7,8,1,36,22,25,47;23,26,42,5;24,39,2,35;20,42,26,19,1,8,24;1,26,18;18,42,24;36,41,22,10,38,27;15,25,29,48,10,21,41,36;16,26,6,35,43,5;2,47,46,8,18,20,42,3,35,17,39;15,47,2,14,40,34,29,22;1,19,18,42,16,23,6,49;11,38,21,36,9,0;33,38,4;45,48,22,25,34;10,35,14,45,48;32,44,5,42,12,43;31,44,5,43;28,38,11,4;13,45,29,25,40;2,17,24,3,43,23,6,37,38,10,30,14;21,41,22,15,1,9,27;4,38,35,6,49;11,27,21,10,35,37,4,28,33;17,24,2;13,34,25,14,45;21,36,22;12,43,3,24,20,18,26,16,5,31;12,42,3,35,23,5,32,31;31,32,5;13,34,29,48,30,14,40;8,24,47,7;2,24,46,7,15,25;29,45,30,10,22;4,37,6,26,1,9,0
sphere3_s7202_20 53 32,41,27,50,44,7,1;32,37,7,0;3,34,8,48,23,47,40,17,43;2,34,8,33,30,5,17,43;47,49,38,6,51,33,21,48,23;32,33,30,3,17,16,41,14;33,51,4,38;33,44,0,1,37;33,35,48,2,34,3;11,31,26;27,41,16,50;26,49,24,44,31,9;22,38,49,13,52,31,42;31,52,12,49;28,29,15,32,5,41;14,29,41,32;17,44,50,10,41,5;16,44,24,49,47,40,2,43,3,5;20,35,19;25,45,35,18,20;18,35,33,21,25,19;4,48,35,45,36,25,20,33;12,38,33,39,31,42;2,48,4,47;11,44,17,49;19,45,46,36,21,20;11,49,31,9;10,41,0,50;14,29,41;14,28,41,15;3,33,5;12,52,13,49,26,9,11,44,33,39,22,42;0,41,15,14,5,33,37,1;8,35,20,21,4,51,6,38,22,39,31,44,7,37,32,5,30,3;2,3,8;8,33,20,18,19,45,21,48;25,46,45,21;1,32,33,7;12,22,33,6,4,49;22,31,33;2,47,17;0,32,15,29,28,14,5,16,10,27;12,22,31;2,3,17;11,24,17,16,50,0,7,33,31;19,25,46,36,21,35;25,36,45;4,49,17,40,2,23;2,23,4,21,35,8;4,47,17,24,11,26,31,13,12,38;10,27,0,44,16;6,33,4;12,31,13
sphere3_s7202_21 46 34,39,26,43;18,32,35,36,5;20,36,32,18,4;14,25,34,5,8;8,20,2,18,5;1,18,4,8,3,34,38,17,36;17,20,40,19;15,34,24;3,14,28,27,10,20,4,5;17,21,41;12,27,8,20;38,41,34;14,27,10,20,44;30,41,42;20,34,31,25,3,8,28,27,12,44;7,34,16,39,24;15,39,34;21,22,23,37,33,19,6,20,36,5,38,41,9;1,32,2,4,5;17,33,23,29,21,20,40,6;14,34,24,39,21,19,40,6,17,36,2,4,8,10,12,44;17,22,29,19,20,39,41,9;17,21,29,23;19,29,22,17,37,33;15,39,20,34,7;31,34,3,14;34,43,0,39,42,41;12,14,28,8,10;14,27,8;19,21,22,23;42,45,39,41,13;25,34,14;1,18,2,36,35;17,19,23,37;7,15,16,39,0,43,26,41,11,38,5,3,25,31,14,20,24;1,32,36;2,20,17,5,1,35,32;17,33,23;11,41,17,5,34;0,34,16,15,24,20,21,41,30,45,42,26;19,20,6;11,38,17,9,21,39,30,13,42,26,34;26,41,13,30,45,39;26,34,0;12,14,20;30,42,39
sphere3_s7202_22 54 9,44,52,48,33,5,21,8,31;44,50,41,34,28;4,42,53,15,9;27,53,42,40,29;9,31,42,2;0,33,7,23,21;10,36,42,31,8,21;5,23,36,48,32,33;0,31,6,21;0,44,15,2,4,31;6,36,21;27,29,16,19,17,51;39,40,26,49;14,43,40,39;30,43,13,39,49,22,40;2,9,44,53;11,29,40,49,26,42,35,20,18,19;45,51,11,19;16,20,45,19;11,16,18,45,17;36,48,25,47,45,18,16,35;23,36,10,6,8,0,5;40,49,14;21,36,7,5;26,40,42;44,48,20,47,38;24,40,12,49,16,42;11,29,3,53,51;37,44,1,34,41,45,47;11,27,3,40,16;14,43,40;4,9,0,8,6,42;33,48,7;32,48,0,5,7;28,41,1;36,42,16,20;21,23,7,48,20,35,42,6,10;28,44,47;25,47,46,44;12,40,13,14,49;16,49,22,14,30,43,13,39,12,26,24,42,3,29;28,34,1,50,44,45;2,4,31,6,36,35,16,26,24,40,3,53;14,30,40,13;0,9,15,53,45,41,50,1,28,37,47,46,38,25,48,52;51,53,44,41,28,47,20,18,19,17;38,44,47;25,38,46,44,37,28,45,20;32,33,0,52,44,25,20,36,7;16,40,22,14,39,12,26;41,44,1;45,53,27,11,17;44,48,0;2,42,3,27,51,45,44,15
sphere3_s7202_23 58 15,23,8,1,20,11,52,56;0,8,37,54,20;45,51,27,48,38,43,36,40;33,57,44;35,40,51,48,42,16,19;33,57,23,40,43,54;12,33,9,55,34;33,55,10,32,22,14;0,1,37,14,32,23;28,31,33,6,55,23;23,55,7,32,17;39,52,0,20,30,13;6,33,26,55,34;25,30,11,39;22,32,8,37,54,33,7;0,23,49,47,35,16,42,50,48,38,56;15,42,4,19,35;10,23,32;23,57,24,21,44,33,31,28;16,35,4;29,43,54,1,0,11,30,41,46;18,24,53,44;14,32,7;0,15,49,47,35,40,5,57,18,28,9,55,10,17,32,8;44,53,21,18,57;13,30,41,39;12,55,33;2,48,51;9,31,18,23;20,43,46;13,25,41,20,11;9,28,18,33;14,22,7,10,17,23,8;3,57,5,54,14,7,55,26,12,6,9,31,18,44;12,55,6;4,40,23,47,15,16,19;40,43,2;1,8,14,54;15,56,39,41,46,43,2,48;11,52,56,38,41,25,13;45,51,4,35,23,5,43,36,2;38,39,25,30,20,46;15,16,4,48,50;20,29,46,38,2,36,40,5,54;24,53,21,18,33,3,57;40,51,2;29,43,38,41,20;23,49,15,35;4,42,50,15,38,2,27,51;23,47,15;15,42,48;40,45,2,27,48,4;11,39,56,0;24,44,21;1,20,43,5,33,14,37;10,23,9,6,34,12,26,33,7;15,38,39,52,0;18,23,5,33,3,44,24
sphere3_s7202_24 57 23,49,30,25;38,47,19,28,23,6,20,33,48,22,35,46,15,51,14;14,52,32,5,54,16,43,38;4,44,12,52,5;3,44,53,29,37,18,8,54,5;4,54,2,32,52,3;20,23,1;43,55,11,39,16;4,18,21,42,54;14,51,12,45,13;22,29,48;25,43,55,7,39,33,23,49,30;15,51,9,45,52,3,44;9,45,14;45,52,2,38,1,51,9,13;35,53,41,44,12,51,1,46;2,43,7,39,24,56,50,54;27,48,29;4,8,21,37;1,28,47;6,23,31,33,1;26,39,36,40,42,8,18,37,29;29,35,1,48,10;25,28,1,6,20,31,33,11,49,0;34,36,50,56,16,39;23,28,47,43,11,30,0;21,39,33,48,27,29;17,48,26,29;23,25,47,19,1;22,35,53,4,37,21,26,27,17,48,10;0,25,11,49;20,23,33;2,5,52;11,23,31,20,1,48,26,39;24,36,39;15,53,29,22,1,46;40,50,24,34,39,21;4,18,21,29;1,47,43,2,14;21,26,33,11,7,16,24,34,36;42,50,36,21;15,44,53;40,50,54,8,21;2,16,7,55,11,25,47,38;3,4,53,41,15,12;14,52,12,9,13;15,35,1;1,38,43,25,28,19;1,22,10,29,17,27,26,33;0,23,11,30;40,42,54,16,56,24,36;9,14,1,15,12;14,45,12,3,5,32,2;15,35,29,4,44,41;4,5,2,16,50,42,8;7,43,11;16,24,50
sphere3_s7202_25 51 10,18,20;38,49,4,18,42,30,21,23,27,25,35,47,33,14,41,6,43,9,48;22,29,50,34;7,24,16,47,5;20,49,1,18;12,42,7,3,47,33,40,50;34,41,1,43,17,45,39,8,46,44,38,37;3,24,42,5;39,46,6;17,45,48,1,43;20,38,18,0;12,50,29,42;11,50,5,42;20,38,49;33,41,1;32,36,42;21,28,47,3,24,31,36;9,45,6,43;10,38,42,1,4,20,0;40,41,50;10,38,13,49,4,18,0;16,28,23,1,30,36;2,29,34;27,28,21,1;3,7,42,32,26,31,16;1,27,28,35;24,31,36,32;23,28,25,1;23,27,25,35,47,16,21;2,22,34,42,11,50;36,42,1,21;24,26,36,16;15,36,26,24,42;40,41,14,1,47,5;6,41,50,2,22,29,42,37;25,28,47,1;15,32,26,31,16,21,30,42;34,42,38,6;39,44,6,37,42,18,10,20,13,49,1,48;38,44,46,8,6,45,48;33,41,19,50,5;6,34,50,19,40,33,14,1;30,36,15,32,24,7,5,12,11,29,34,37,38,18,1;1,9,17,6;38,39,46,6;9,17,6,39,48;39,44,6,8;16,28,35,1,33,5,3;38,39,45,9,1;1,38,13,20,4;11,12,5,40,19,41,34,2,29
sphere3_s7202_26 46 28,43,30,17,3,33,13,19,34,25,1,40,4,10,2,23;0,40,31,33,25;10,39,23,0;23,35,31,33,0,17,43;12,27,10,0,40,22;29,42,7;9,12,10,41;5,29,39,42;9,41,16,36,14,37;6,12,31,35,29,14,37,8,41;6,41,29,39,2,0,4,27,15,12;33,45,19;6,9,31,40,26,22,4,27,15,10;24,45,19,0,33;36,41,29,9,37,8;10,12,27;36,41,8;3,43,30,0;20,44,23;33,34,0,13,45,11;21,23,18,44,32,43;20,23,28,43;26,40,4,12;2,39,35,3,43,44,18,20,21,28,0;13,45,33;33,34,0,1;22,40,12;4,12,15,10;0,43,21,23;9,35,42,5,7,39,10,41,14;0,43,17;9,35,3,33,1,40,12;20,43,44;19,34,25,1,31,3,0,13,24,45,11;19,33,25,0;9,29,42,38,39,23,3,31;14,41,16,8;8,14,9;35,42,39;2,10,29,7,42,38,35,23;22,26,12,31,1,0,4;6,10,29,14,36,16,8,9;5,29,35,38,39,7;0,28,21,20,32,44,23,3,17,30;18,20,32,43,23;11,33,24,13,19
sphere3_s7202_27 45 14,19,28,31,11,22,20,7,2;9,40,26;20,34,23,18,44,31,14,0,7;29,39,36,27,25;16,43,30,36,27,21,29,39,28;10,13,6,37;14,31,41,8,10,37,5,13,17,38,40,36;0,20,2;31,38,17,13,10,6,41;1,40,12,26;5,13,8,6,37;23,31,0,22;16,26,9,40,43;5,10,8,17,6;0,19,36,6,31,2;30,43,36;38,40,26,12,43,4,28,31;8,38,6,13;2,23,44;0,14,36,39,28;2,34,33,24,22,0,7;4,27,35,32,29;20,24,33,34,23,11,0;2,34,22,11,31,44,18;20,22,33;3,27,29;12,16,40,1,9;3,25,29,35,21,4,36;4,39,19,0,31,16;3,39,4,21,32,42,35,27,25;4,43,15,36;8,38,16,28,0,11,23,44,2,14,6,41;29,42,35,21;20,24,22,34;2,20,33,22,23;29,42,32,21,27;14,19,39,3,27,4,30,15,43,40,6;5,6,10;16,40,6,17,8,31;3,29,4,28,19,36;16,38,6,36,43,12,9,1,26;8,31,6;29,35,32;4,16,12,40,36,15,30;2,18,23,31
sphere3_s7202_28 48 23,35,29;28,45,3,43,27;4,9,18;43,45,1;2,9,12,31,42,16,24,18;21,36,35,23,11,34,6;5,21,34;22,37,9;9,41,29,36,30,27,28,39,19,14,44,37,13,25,38;38,47,13,22,7,37,43,30,36,33,18,2,4,12,41,8;15,17,36;21,34,5,23;32,42,20,31,4,9,41,29;8,25,46,47,9,22,37;8,44,19;10,17,33,36;40,42,4,24,17,36,21,23;10,15,33,18,24,16,36;4,24,17,33,9,2;8,14,44,37,43,28,39;12,31,42;5,36,16,23,11,34,6;7,37,13,9;40,42,32,29,0,35,5,11,21,16;16,17,18,4;8,13,46,47,38;28,43,45;1,28,8,30,43;1,45,26,43,19,39,8,27;23,32,12,41,8,36,35,0;9,43,27,8,36;12,20,42,4;23,29,12,42;15,17,18,9,36;11,21,6,5;5,23,0,29,36;5,21,16,17,10,15,33,9,30,8,29,35;8,44,19,43,9,7,22,13;9,47,25,8;8,28,19;23,42,16;8,9,12,29;23,40,16,4,31,20,12,32;9,30,27,1,3,45,26,28,19,37;8,37,19,14;1,28,26,43,3;13,25,47;9,38,25,46,13
sphere3_s7202_29 46 16,44,21;33,41,22,42,14,5,39,30,23,12,10,34;11,21,3;17,21,2,11,6;17,25,18,27,31,8;39,42,14,1;38,43,29,17,3,11;17,25,32;23,45,18,13,31,4,17,43,37;23,45,40;1,12,32,34;2,21,24,38,6,3;23,37,36,44,16,21,17,32,10,1;8,18,27,31;5,42,1;20,33,34;0,44,12,21;7,25,4,8,43,29,6,3,21,12,32;8,13,27,4,25,32,45;40,41,35,39,26,23;15,33,41,34;2,11,24,43,37,36,44,0,16,12,17,3;1,41,42;12,37,8,45,9,40,19,26,28,30,1;11,21,43,38;7,17,4,18,32;28,30,39,19,23;4,31,13,18;26,30,23;6,17,43;26,28,23,1,39;8,13,27,4;18,45,34,10,12,17,7,25;1,41,20,15,34;1,33,15,20,41,40,45,32,10;39,42,41,19;12,44,21,37;12,23,8,43,21,36;6,43,24,11;5,42,35,19,26,30,1;19,41,34,45,9,23;1,33,20,34,40,19,35,42,22;5,39,35,41,22,1,14;6,38,24,21,37,8,17,29;12,36,21,0,16;9,23,8,18,32,34,40
sphere3_s7202_30 55 27,31,32,7;5,20,48,47;8,18,4;6,40,10,14;36,41,16,31,32,45,38,7,27,8,2,18,9,43,11;1,20,17,47;3,40,51,14;0,32,38,4,27;2,18,27,4;18,27,39,19,44,43,4;11,49,14,3,40,12,28,42,46,22,48,43;10,49,24,34,36,4,43;10,40,28;30,35,42,46;6,51,15,25,49,10,3;25,42,28,40,51,14;4,31,21,41;25,29,52,20,5,47,19,39,27,50,24,49;2,8,27,9,4;47,48,44,9,39,17;26,52,17,5,1,48,54,25;16,41,34,31;25,54,48,10,46,30,35;31,34,37;17,50,34,11,49;22,54,20,26,33,52,29,17,49,14,15,42,35;20,52,33,25;0,31,37,34,50,17,39,9,18,8,4,7;10,42,15,40,12;17,25,52;13,35,22,46;23,34,21,16,4,32,0,27,37;0,7,38,45,4,31;25,52,26;23,31,21,41,36,11,24,50,27,37;13,30,22,25,42;4,41,34,11;27,34,23,31;7,32,45,4;17,27,9,19;3,6,51,15,28,12,10;4,36,34,21,16;13,46,10,28,15,25,35;44,53,48,10,11,4,9;43,53,48,19,9;4,38,32;13,42,10,22,30;19,48,1,5,17;43,53,44,19,47,1,20,54,22,10;10,11,24,17,25,14;17,24,34,27;6,14,15,40;20,26,33,25,29,17;43,44,48;22,25,20,48
sphere3_s7202_31 55 3,32,51,38;34,36,42,45,3,12;4,50,8,6;6,38,0,32,20,19,44,11,12,1,45,14,30,48,52,16,4,37;16,52,54,35,53,31,40,8,50,2,6,37,3;17,32,19,28,44,12;8,13,39,38,3,37,4,2;10,26,43,8;6,13,39,54,10,7,43,40,4,50,2;25,52,38;8,54,35,26,7;3,44,12;32,33,34,1,3,11,44,5,17;6,8,39;3,30,15,41,45;14,41,52,30;4,52,3;5,32,12;49,52,21,25,33,24,34;28,44,3,20,32,5;3,19,32;18,52,25;42,47,45;29,36,45;18,34,33;32,33,18,21,52,9,38;27,43,7,10,35,53,31;26,43,46,40,31;19,44,5;36,52,45,23;3,14,15,52,48;4,40,27,26,53;12,33,25,38,51,0,3,20,19,5,17;12,32,25,18,24,34;1,36,49,18,24,33,12;26,53,4,54,10;42,47,45,23,29,52,49,34,1;3,4,6;3,6,39,52,9,25,32,51,0;8,13,6,38,52,54;8,43,46,27,31,4;14,15,52,45;36,47,22,45,1;26,27,46,40,8,7;3,11,12,5,28,19;23,29,52,41,14,3,1,42,22,47,36;27,43,40;36,42,22,45;30,52,3;18,52,36,34;4,8,2;32,38,0;4,16,3,48,30,15,41,45,29,36,49,18,21,25,9,38,39,54;26,35,4,31;8,10,35,4,52,39
sphere3_s7202_32 45 17,32,34,1,31;31,34,0;10,43,13,4,28,38,6;16,40,23,5,24,21;28,44,31,41,20,26,39,10,43,13,2;8,29,24,3,23;10,36,18,32,22,38,2;16,37,15;5,29,24,35,23;23,27,10,36,18,32,42,15,37,40;21,39,4,43,2,6,36,9,27;41,42,12,30,33;30,42,11;2,4,43;16,25,41,19,20,21;16,41,42,9,37,7;14,25,41,15,7,37,40,3,21;31,42,32,0;9,32,6,36;14,20,41;14,19,41,4,26,21;26,39,10,27,24,3,16,14,20;32,38,6;24,27,9,40,3,5,8,35;23,27,21,3,5,29,8,35;14,16,41;21,39,4,20;23,24,21,10,9;4,44,34,32,38,2;5,8,24;31,41,33,11,12,42;30,41,4,44,34,1,0,17,42;22,38,28,34,0,17,42,9,18,6;30,41,11;28,32,0,1,31,44;8,24,23;6,10,9,18;7,16,40,9,15;22,32,28,2,6;21,26,4,10;9,23,3,16,37;30,31,4,20,19,14,25,16,15,42,11,33;17,31,30,12,11,41,15,9,32;4,10,2,13;4,28,34,31
sphere3_s7202_33 57 9,44,54,18,32,2,8;4,37,20,19,28,22,47,7;23,32,0,8,11,4,34;29,41,30,27;6,7,1,37,20,19,40,48,53,34,2,11,44,54,21;14,51,10,46;4,7,38,51,30,45,21;4,6,38,55,52,33,47,1;0,2,11,9;0,44,11,8;30,51,5,46,12,14,29;4,44,9,8,2;10,14,46;24,52,39,15,36,43,31,45,28,26;38,51,5,46,12,10,29,16,50;39,43,36,13;49,52,55,50,14,29,35;42,49,43,35;0,54,32;1,28,40,4,20;4,19,1,37;6,45,28,54,4;26,47,1,28;34,53,48,40,32,2;13,52,33,26;31,43,35,56;33,47,22,28,13,24;3,30,29;40,54,21,45,13,26,22,1,19;3,41,35,16,14,10,30,27;10,51,6,45,56,35,41,3,27,29;45,56,25,43,13;40,54,18,0,2,23;26,47,7,52,24;23,53,4,2;42,49,16,29,41,30,56,25,43,17;13,43,15;1,4,20;50,55,7,6,51,14;13,52,49,43,15;32,54,28,19,4,48,23;3,29,35,30;35,49,17;25,31,13,36,15,39,49,17,35;0,9,11,4,54;31,56,30,6,21,28,13;5,14,12,10;26,33,7,1,22;4,40,23,53;16,52,39,43,17,42,35;38,55,16,14;10,30,6,38,14,5;16,49,39,13,24,33,7,55;23,34,4,48;32,40,28,21,4,44,0,18;38,50,16,52,7;31,45,30,35,25
sphere3_s7202_34 54 2,4,1;16,48,2,0,4,49,37;13,29,48,1,0,4,18,46;12,17,8;0,2,18,46,51,8,12,49,1;27,30,20,52;23,45,47;22,44,28,26;21,51,4,12,3,17,11;23,45,53;36,42,33,43;24,51,21,8,17,29,13,38,34,52,45;4,49,17,3,8;2,29,11,38,19,46;15,43,45,26,25;28,43,14,25,26;1,48,35,49,37;35,48,29,11,8,3,12,49;4,46,2;13,46,20,38;26,45,52,5,30,38,19,46,51,43,44,31,22;8,51,11;31,44,7,26,20;9,45,6,47,24,41,32,53;11,51,40,41,23,47,45;15,26,14;20,45,14,25,15,28,7,22;38,52,5,30;15,43,44,7,26;2,13,11,17,48;5,27,38,20;22,44,20;23,53,50,39,40,41;42,43,10;38,52,11;17,48,16,49;10,42,50,39,43;1,49,16;19,20,30,27,52,34,11,13;40,51,43,36,50,32;39,51,24,41,32;24,40,32,23;10,36,50,53,43,33;20,51,39,36,10,33,42,53,45,14,15,28,44;22,31,20,43,28,7;20,26,14,43,53,9,23,6,47,24,11,52;13,19,20,51,4,18,2;24,45,6,23;17,35,16,1,2,29;1,37,16,35,17,12,4;36,39,32,53,42;11,24,40,39,43,20,46,4,8,21;27,38,34,11,45,20,5;42,43,45,9,23,32,50
sphere3_s7202_35 56 1,24,7,9,13,14,43,53,8,29,50,19,46;0,24,50,46;6,16,45,33,11;35,41,51;15,44,25,20,23,52,35;8,47,13;11,30,21,16,2;0,9,13,24;5,47,17,20,29,0,53,37,43,13;0,7,13;36,47,22,32,26,48,23;6,30,18,24,40,23,34,35,21,33,2;18,20,29,38;26,40,24,7,9,0,14,43,8,5,47,27,32;13,43,0;4,44,35;2,6,21,45;8,20,47;30,41,20,12,38,42,24,11;0,46,50;8,17,47,23,4,25,49,35,41,18,12,29;33,45,16,6,30,51,35,11;32,54,28,31,47,10;36,47,20,4,52,34,11,40,48,10;0,1,50,38,42,18,11,40,13,7;39,49,20,4,44;13,40,48,10,32;13,32,47;22,31,32,54;0,8,20,12,38,50;6,11,18,41,55,51,21;22,28,32,47;13,27,47,31,28,54,22,10,26;21,45,2,11;35,52,23,11;3,41,20,49,39,44,15,4,52,34,11,21,51;10,47,23;8,53,43;29,50,24,42,18,12;25,49,35,44;13,26,48,23,11,24;3,35,20,18,30,55,51;24,38,18;8,13,14,0,53,37;4,15,35,39,25;21,33,2,16;1,50,19,0;10,36,23,20,17,8,5,13,27,32,31,22;10,23,40,26;20,35,39,25;1,24,38,29,0,19,46;21,35,3,41,55,30;34,35,4,23;0,43,37,8;22,32,28;30,51,41
sphere3_s7202_36 43 29,33,31,39,11,30;7,42,18,33;31,41,3,17,37,18,10,23;11,31,41,2,17,16,4,37,12,18,21,40;3,37,16;23,32,10;9,14,34;18,42,1,33,23,32;22,36,29;6,14,24,35,27,36,13,30,34;2,18,32,5,23;3,31,39,0,30,40;3,18,37;29,30,9,36;20,25,34,6,9,24;33,38,25;3,4,37,17;3,16,37,2;2,10,32,7,42,1,33,25,21,3,12,37;28,35,20,24,26;14,25,27,35,19,24;25,34,40,3,18;8,36,27,29;7,33,31,2,10,5,32;19,26,35,9,14,20;14,20,27,38,15,33,18,21,34;19,28,35,24;20,25,38,29,22,36,9,35;19,35,26;13,30,0,33,38,27,22,8,36;13,29,0,11,40,34,9;2,41,3,11,39,0,33,23;7,23,5,10,18;15,38,29,0,31,23,7,1,18,25;21,25,14,6,9,30,40;19,28,26,24,9,27,20;9,13,29,8,22,27;3,4,16,17,2,18,12;15,33,29,27,25;0,11,31;3,11,30,34,21;2,31,3;7,18,1
sphere3_s7202_37 60 7,39,22,1,57,35;5,48,22,0,57,44,40,31;32,51,33,8,25;10,37,29,13,12;6,16,46,48;1,48,6,41,31;4,16,45,41,5,48;9,39,0,35;44,58,30,33,2,25;14,35,7,39,27,42,32,44,57,18;3,37,12;39,46,23,27;3,10,37,49,29,13;3,12,29;9,35,57,18;42,46,45,55,59,38,32;4,6,45,46;26,28,20,58;14,57,9;25,44,55;21,28,17,58,30,34,33;20,28,26,51,33;1,48,56,43,46,36,39,0;11,46,42,27;31,52,40;2,32,55,19,44,8;51,58,17,28,21;9,42,23,11,39;20,21,26,17;12,49,43,48,56,37,3,13;20,58,8,33,54,34;41,45,52,24,40,1,5;50,55,25,2,51,44,9,42,15,38,59;21,51,2,8,30,54,34,20;20,30,54,33;9,14,57,0,7;46,47,39,22;53,56,29,3,10,12,49;15,32,59;7,9,27,11,46,47,36,22,0;1,44,52,24,31;31,45,6,5;9,27,23,46,15,32;46,48,29,49,56,22;32,51,58,8,25,19,55,45,52,40,1,57,9;31,41,6,16,46,15,55,44,52;36,47,39,11,23,42,15,45,16,4,48,43,22;36,46,39;43,46,4,6,5,1,22,56,29;12,29,43,56,53,37;32,55,59;2,32,44,58,26,21,33;24,31,45,44,40;37,56,49;30,33,34;32,50,59,15,45,44,19,25;37,53,49,43,22,48,29;0,35,14,18,9,44,1;20,30,8,44,51,26,17;50,55,15,38,32
sphere3_s7202_38 41 23,37,36,12;19,39,21,16,36,31;9,31,36;8,14,18,37,5;12,36,38,34,40;8,15,6,37,3;15,37,5;17,20,13;12,40,34,38,36,39,19,14,3,5,15;2,31,18,36;28,35,14,26;14,24,27,28;8,40,4,36,0,23,15;7,20,30,17;3,8,19,28,11,24,29,25,17,35,10,26,18;6,37,23,12,8,5;21,39,36,1;25,29,20,7,13,30,32,33,35,14;26,28,22,19,31,9,36,37,3,14;22,28,14,8,39,1,31,18;7,17,29,30,13;16,39,1;19,28,18;15,37,0,12;29,30,32,33,27,11,14;17,29,14;18,28,10,14;28,35,33,24,11;27,35,10,26,18,22,19,14,11;17,25,14,24,30,20;24,29,20,13,17,32;2,9,18,19,1,36;24,33,17,30;17,35,27,24,32;8,38,4,40;27,28,10,14,17,33;2,31,1,16,39,8,38,4,12,0,37,18,9;6,15,23,0,36,18,3,5;8,34,4,36;16,21,1,19,8,36;8,12,4,34
sphere3_s7202_39 48 4,32,20;14,39,3,15,2,35;15,35,1;21,46,39,1,15;0,32,25,31,20;6,36,27,40;40,41,38,36,5;8,26,13,14,16;7,26,37,23,34,16;38,40,41,17;22,45,43,26,13,35,12,15,30;15,21,42;15,35,10;10,26,7,14,35;1,39,27,16,7,13,35;11,21,3,1,2,35,12,10,30,43,37,16,28,33,42;28,36,27,14,7,8,34,37,15;9,38,24,41;28,38,19;38,40,28,18;29,32,0,4,31;11,15,3,46,39,28,42;10,45,30;34,37,8;17,41,38;31,32,4;10,13,7,8,37,43;39,40,5,36,16,14;44,47,38,18,19,40,39,21,42,33,15,16,36,29;20,32,44,28,36,31;10,15,43,45,22;25,32,38,36,29,20,4;25,31,38,44,29,20,0,4;15,42,28;23,37,16,8;2,15,12,10,13,14,1;29,31,38,6,5,27,16,28;15,16,34,23,8,26,43;9,40,19,18,28,47,44,32,31,36,6,41,24,17;21,28,40,27,14,1,3,46;9,38,19,28,39,27,5,6,41;6,40,9,17,24,38;15,33,28,21,11;15,37,26,10,45,30;28,47,38,32,29;10,22,30,43;3,21,39;28,44,38
sphere3_s7202_40 57 27,40,26,13,10,45,2,8,3,7,33,25,50,54,24,14,31;14,23,31;20,34,36,44,55,30,53,11,8,0,45,29,6;0,7,33,9,20,34,8;50,54,39,18,41;13,23,45,10;2,20,15,29;0,3,33;34,36,11,2,0,3;33,46,20,3;5,45,0,13;2,53,30,36,8;42,52,45,21;5,23,19,31,37,27,40,26,0,10;0,31,1,23,17,24;6,20,29;30,47,49,48,35,56,22,28,43,55;14,24,45,23;39,54,24,41,4;13,23,31;2,34,3,9,46,24,29,15,6;24,42,12,45,29;28,38,48,56,16;5,13,19,31,1,14,17,45;45,52,42,21,29,20,46,41,18,54,0,14,17;33,50,0;13,40,0;0,40,13,37,31;36,38,22,16,43,44;21,45,2,6,15,20,24;16,47,38,36,11,53,2,55;0,14,1,23,19,13,37,27;35,48,56;25,50,46,9,3,7,0;2,20,3,8,36;32,48,16,56;8,34,2,44,28,38,30,11;13,31,27;28,36,30,47,49,51,48,22;18,54,4;0,27,13,26;46,50,4,18,24;21,24,52,12;16,28,44,55;2,55,43,28,36;5,10,0,2,29,21,12,52,24,17,23;33,50,41,24,20,9;16,30,38,49;32,35,16,49,51,38,22,56;16,47,38,51,48;25,33,46,41,4,54,0;38,48,49;24,45,12,42;2,11,30;18,39,4,50,0,24;2,44,43,16,30;16,22,48,32,35
sphere3_s7202_41 59 12,19,18,49,51,28;13,14,16,15,4;4,44,54,3,17,58,13;14,21,17,2,54,20,44,6,31;2,44,16,15,1,13;22,25,23,29,27;44,52,31,3;55,56,21,10,30;12,51,18;27,40,35,32,33,26;13,58,30,7,21,14;22,47,56,17,42;8,51,37,28,0,19,18;10,58,2,4,1,14;1,13,10,21,3,31,34,48,52,44,16;4,16,1;4,44,14,1,15;2,58,56,11,42,21,3;0,19,12,8,51,49;0,12,18;44,54,3;3,14,10,7,56,47,29,41,42,17;11,47,29,46,25,5,27,40,42;25,29,5;35,40,57,43,53;29,46,22,5,23;33,42,39,27,9;9,40,22,5,29,41,39,26;40,42,51,0,12,37,36;21,41,27,5,23,25,46,22,47;10,58,55,7;3,6,52,38,50,34,14;9,33,35;26,42,53,35,32,9;48,50,31,14;24,40,9,32,33,53;40,43,53,51,37,28;12,51,36,28;31,50,52;26,27,41,42;9,27,22,42,28,36,43,57,24,35;21,29,27,39,42;21,41,39,26,33,53,51,28,40,22,11,17;36,40,57,24,53;6,52,14,16,4,2,54,20,3;55,56,58;25,29,22;11,22,29,21,56;50,52,14,34;0,18,51;48,52,38,31,34;8,12,37,36,53,42,28,0,49,18;6,44,14,48,50,38,31;42,51,36,43,24,35,33;2,3,20,44;45,56,7,30,58;45,55,7,21,47,11,17,58;24,40,43;10,13,2,17,56,45,55,30
sphere3_s7202_42 51 16,33,8,5;21,49,12,35,44,5,26;9,47,12,23,48,30,32;14,36,6,7;31,34,7;8,33,26,1,44,19,41,37,50,16,0;36,43,11,7,3;11,31,4,34,14,3,6;5,33,0;2,47,24,29,43,38,32;14,34,22,50,45;31,43,6,7;36,49,1,35,47,2,23,48,15,43;14,50,16,36;10,34,7,3,36,13,50,45;43,48,12;0,33,36,13,50,5;37,46,18,25,28,42,41;37,46,17,25,22;44,47,40,43,31,41,5;25,41,39,42,28;1,49,26;37,50,10,34,25,18;12,48,2;9,29,47;20,41,31,34,22,18,17,28;33,36,49,21,1,5;38,43,48,30,32;20,42,17,25;40,47,24,9,43;27,48,2,32;25,41,19,43,11,7,4,34;9,38,27,30,2;26,36,16,0,8,5;10,14,7,4,31,25,22;12,47,44,1;26,33,16,13,14,3,6,43,12,49;17,46,18,22,50,5,41;9,32,27,43;20,42,41;29,47,19,43;20,25,31,19,5,37,17,42,39;20,28,17,41,39;15,48,27,38,9,29,40,19,31,11,6,36,12;19,47,35,1,5;10,14,50;17,37,18;2,9,24,29,40,19,44,35,12;15,43,27,30,2,23,12;1,21,26,36,12;13,14,45,10,22,37,5,16
sphere3_s7202_43 53 29,49,45,26;17,36,23;7,15,16,47,11,45;38,46,25,43;19,23,33;35,40,46,12;25,46,27,42,28,43;15,45,2;16,47,18,45,15,52;32,36,39,17,23,19,46,47;19,48,24;36,45,2,47;5,35,46;42,46,28;30,47,18;7,45,8,52,16,2;8,47,2,15,52;1,36,39,9,23;31,45,8,47,14,30;4,23,9,46,48,10,24,33;33,38,47;31,47,22,33,37;33,51,47,21;4,19,9,17,1,36,26,29,33;19,33,48,10;6,46,3,43;36,45,0,29,23;35,42,6,46;43,50,46,13,42,6;33,49,0,26,23;14,47,31,18;21,47,30,18,45,49,33,37;9,36,47;34,38,20,47,41,51,22,21,37,31,49,29,23,4,19,24,48,46;33,38,43,50,44,46;5,40,42,27,46,12;1,17,39,9,32,47,11,45,26,23;21,31,33;33,34,43,3,46,47,20;9,36,17;5,35,42,46;47,51,33;13,46,40,35,27,6,28;28,50,34,38,3,25,6;34,46,50;7,15,8,18,31,49,0,26,36,11,2;13,42,40,5,12,35,27,6,25,3,38,47,9,19,48,33,34,44,50,28;41,51,22,21,31,30,14,18,8,16,2,11,36,32,9,46,38,20,33;33,46,19,10,24;29,33,31,45,0;28,43,34,44,46;41,47,22,33;8,15,16
sphere3_s7202_44 53 27,42,2,31,38,3,4;20,43,31,4;19,51,10,31,0,42;0,38,31,4;20,43,49,42,27,0,3,31,1;14,44,17,46;32,50,52;9,50,25,52,35;12,41,29,21,39,43,26,15,47,36;7,50,32,41,39,45,35;28,31,2,51,24,43,39,45;39,41,29;8,41,36;26,40,31,33,14,46,15;5,44,45,33,13,46;13,26,8,47,46;30,36,18,17;18,44,5,46,30,16;17,44,34,32,41,36,16;2,51,24,37,42;4,43,1;8,39,29;37,43,49;45,52,35;37,43,10,51,19;7,50,52;13,40,43,8,15;0,42,4;10,31,33,48,45;8,41,11,39,21;16,36,47,46,17;10,28,33,13,40,43,1,4,3,38,0,2;18,41,9,50,6,52,34;28,31,13,14,45,48;18,32,52,44;23,52,7,9,45;16,30,47,8,12,41,18;42,49,22,43,24,19;0,3,31;10,45,9,41,11,29,21,8,43;13,26,43,31;18,32,9,39,11,29,8,12,36;0,27,4,49,37,19,2;4,20,1,31,40,26,8,39,10,24,37,22,49;17,18,34,52,45,14,5;28,48,33,14,44,52,23,35,9,39,10;30,47,15,13,14,5,17;30,46,15,8,36;28,45,33;37,42,4,43,22;7,9,32,6,52,25;2,19,24,10;23,45,44,34,32,6,50,25,7,35
sphere3_s7202_45 57 7,37,32,9,15,42,5;27,42,24;23,34,46,26,52;7,24,13;7,56,44,30,34,13;0,42,31,24,7;18,51,44,56,7,37,48,43,40;3,24,5,0,37,6,56,4,13;23,50,20;42,49,32,0,15;22,29,52;14,50,34,23,54;39,45,38,44;3,24,27,43,25,29,55,34,4,7;47,50,11,54,41;9,42,0;34,38,21,46;28,29,36,22;6,51,33,40;29,40,43;29,50,8,23;16,46,26,38;39,52,10,29,36,17,28;8,50,47,41,54,11,34,2,52,29,20;3,7,5,31,42,1,27,13;29,43,13;2,46,21,38,39,52;1,42,35,37,43,13,24;39,53,51,33,40,29,17,22;20,50,55,13,25,43,19,40,28,17,36,22,10,52,23;34,44,4;5,24,42;0,9,49,35,37;28,40,18,51;16,38,44,30,4,13,55,50,11,23,2,46;42,49,32,37,27;17,22,29;0,7,6,48,43,27,35,32;16,34,44,12,45,39,26,21;12,45,38,26,52,22,28,53,44;28,33,18,6,43,19,29;14,54,23,47;0,5,31,24,1,27,35,49,9,15;37,48,6,40,19,29,25,13,27;39,53,51,6,56,4,30,34,38,12;12,39,38;16,21,26,2,34;14,50,23,41;37,43,6;9,42,35,32;14,47,23,8,20,29,55,34,11;6,18,33,28,53,44;22,39,26,2,23,29,10;39,44,51,28;11,23,41,14;13,29,50,34;6,44,4,7
sphere3_s7202_46 56 12,40,32,55,50;22,41,11,47,12,32,6,10,33,38;39,45,36,18,13,10,33,4,12,21;6,48,32;26,38,33,2,12,47,17,8,16,49,24,11,41;9,53,51,30,23,19,25,52,34,54,20;1,10,18,48,3,32;20,45,36,18;4,16,11,17;5,53,19,25,43,27,45,18,20;1,33,2,13,18,6;1,47,15,17,8,16,49,24,4,41;1,32,14,40,0,50,55,21,2,4,47;2,10,18;32,40,12;17,35,47,11;4,8,11,49;35,47,4,8,11,15;32,39,29,31,45,9,20,7,36,2,13,10,6,48;9,25,5,23,30,51,53;52,54,5,9,18,7,45;32,39,2,12,55;1,41,38;5,30,19;4,49,11;9,19,5,52,42,43;4,38,41;42,45,9,43,46;42,43,46;18,31,39;5,23,19,51;18,29,39,45;14,40,0,55,21,39,18,48,3,6,1,12;1,10,2,4,38;5,52,54;17,47,15;2,45,7,18;44,52,42,45;4,26,41,22,1,33;18,32,21,2,45,31,29;14,32,0,12;1,22,38,26,4,11;28,43,25,52,37,45,27,46;28,42,25,9,27,46;37,52,45;2,39,31,18,9,27,42,37,44,52,20,7,36;27,43,28,42;1,11,15,35,17,4,12;18,32,3,6;4,24,11,16;0,55,12;19,30,5,53;20,54,34,5,25,42,37,44,45;5,9,19,51;20,52,34,5;21,32,0,50,12
sphere3_s7202_47 57 28,41,27,44,46,5,43,24;3,47,18,26;14,27,45,10;11,42,4,47,1,26;12,18,48,38,47,3,42,40,17;15,52,23,44,46,0,43,31;29,31,19;27,36,16,51,54,17,45;37,42,40;23,52,15,35,22,50,31;2,45,17,14;3,42,21,26;4,18,28,56,27,17;27,36,25;17,27,2,10;5,52,9,35,34,31;7,51,36;14,27,12,4,40,54,7,45,10;47,48,4,12,28,21,26,1;29,44,23,31,6;30,40,37,53,39,51,54;18,26,11,42,28;35,50,9;9,52,5,44,19,31;0,28,51,55,43;36,51,32,27,13;3,11,21,18,1;7,36,13,25,32,51,44,0,41,28,56,12,17,14,2,45;0,41,27,56,12,18,21,42,51,24;6,31,43,44,19;20,40,54;6,29,43,5,15,34,50,9,23,19;25,27,51;49,53,39,51;35,50,31,15;34,50,22,9,15;7,27,13,25,51,16;8,42,51,49,53,20,40;47,48,4;20,51,33,53;20,30,54,17,4,42,8,37;0,28,27;8,37,51,28,21,11,3,4,40;44,51,55,24,0,5,31,29;43,51,27,0,46,5,23,19,29;7,27,2,10,17;0,5,44;38,48,18,1,3,4;38,47,18,4;33,53,37,51;34,35,22,9,31;7,16,36,25,32,27,44,43,55,24,28,42,37,49,33,39,20,54;9,23,5,15;33,49,37,20,39;7,17,40,30,20,51;24,51,43;12,28,27
sphere3_s7202_48 57 11,55,4,21,47,39,24;2,49,55;3,45,27,49,1,55,19;2,45,18,7,19;39,47,21,0,55,49,48,56,17,12,6;8,13,33,10,22;12,39,4;23,45,18,3,19,53,46,38;5,13,11,22;35,48,27,45;13,33,5,22,30,34;0,55,53,37,20,13,8,22,52,29,39,24;17,39,6,4;10,33,5,8,11,20,48,39,22,30,34;32,44,50;16,31,28,41,45,26;15,31,25,26;39,48,56,4,12;3,45,7;2,55,53,7,3;32,37,11,13,48,40,45,31,51,42;0,47,4;5,8,11,52,29,39,13,30,10;7,45,26,25,54,43,37,53,38;0,39,11;16,26,23,54,37,44,32,42,51,31;16,25,23,45,15;48,49,2,45,9;15,41,45,31;11,52,22,39;13,34,10,22;15,16,25,51,20,45,28;20,37,50,14,44,25,42;10,13,5;13,30,10;9,48,36,45;45,48,35;20,32,50,44,25,54,43,23,53,11;23,53,46,7;4,47,0,24,11,29,22,13,48,17,12,6;20,45,48;15,28,45;25,32,20,51;23,54,37;14,32,25,37,50;7,23,26,15,41,28,31,20,40,48,36,35,9,27,2,3,18;38,53,7;4,39,0,21;27,49,4,56,17,39,13,20,40,45,36,35,9;27,48,4,55,1,2;37,44,14,32;20,31,25,42;11,29,22;23,38,46,7,19,55,11,37;23,43,37,25;0,11,53,19,2,1,49,4;4,48,17
sphere3_s7202_49 55 14,40,32;19,24,39,20,43,8,25,2,5,42,7,22,34;5,25,1;31,48,6,17,34,32,40,50,22;18,21,35,10;2,25,37,42,1;30,48,3,17,23,18;1,22,9,42;24,41,28,52,43,1,25,42,22;7,22,42;23,35,4,18;27,29,33,20,38;24,31,23,19,44;45,54,16,26,51,52,47,46;22,32,0,40;29,33,36;41,54,13,26,51;3,34,23,6;30,48,49,31,35,21,4,10,23,6;1,24,44,12,23,34;33,36,39,1,43,52,51,24,27,38,11;4,18,35;1,7,9,42,8,24,53,31,3,50,40,14,32,34;10,35,31,12,19,34,17,6,18;1,19,44,12,31,53,22,8,41,51,20,27,39;2,5,37,42,8,1;13,51,16;11,29,39,24,20,38;47,52,8,41;11,27,39,36,15,33;18,48,6;24,53,22,3,48,49,18,35,23,12;14,22,34,3,40,0;20,36,15,29,11;1,22,32,3,17,23,19;10,23,31,18,21,4;20,33,15,29,39;5,25,42;11,27,20;24,27,29,36,20,1;3,50,22,14,0,32;16,54,46,47,28,8,24,51;8,25,37,5,1,7,9,22;1,20,52,8;12,19,24;13,54,46;41,54,45,13,47;28,52,13,46,41;18,30,6,3,31,49;18,31,48;3,40,22;13,26,16,41,24,20,52;28,47,13,51,20,43,8;24,31,22;13,45,46,41,16
sphere3_s7202_50 53 16,23,37,32;13,45,15,17,12,20;13,49,50,39;12,20,13,30,43,32,34,24,38;9,51,36;26,28,12,35,32,27,44,36,40,6,29;11,12,52,22,40,5,29,26;33,51,9,8;7,33,19,17,15,42,9;4,51,7,8,42,31,48,36;37,49,13,32;6,12,28,26;14,25,17,1,20,3,38,41,47,34,35,5,28,11,6,52,18,21;23,39,2,49,10,32,45,1,20,3,30,43,16;12,25,19,46,21;1,17,8,42,45;32,43,13,23,0;1,15,8,19,25,12;12,52,21;22,33,8,17,25,14,46;1,13,3,12;18,52,46,14,12;19,33,51,40,6,52,46;13,39,49,37,0,16;34,38,3;12,14,19,17;5,28,11,6,29;32,36,44,5;5,26,11,12;5,26,6;13,43,3;42,48,9;16,43,3,34,35,5,27,36,48,42,45,13,10,37,0;19,22,51,7,8;41,47,12,35,32,3,24,38;5,12,34,32;5,40,51,4,9,48,32,27,44;10,49,23,0,32;24,34,41,12,3;13,23,49,50,2;5,36,51,22,6;34,47,12,38;32,48,31,9,8,15,45;16,32,3,30,13;5,27,36;1,13,32,42,15;21,52,22,19,14;34,41,12;32,42,31,9,36;2,13,10,37,23,39,50;2,49,39;22,33,7,9,4,36,40;12,18,21,46,22,6
sphere3_s7202_51 43 9,36,18,5;12,21,25,11,4;26,37,6,18,20,4,41,34,32;10,39,24,5;12,41,2,20,11,1;14,24,3,10,9,0,18,23;26,37,2,18,34,32;18,24,20,22;10,40,24,39;19,36,0,5,10,35;9,35,19,34,16,42,38,21,40,8,39,3,5;28,30,31,25,1,4,20;41,42,21,1,4;17,24,29,23,33;5,24,23;18,23,29,27;34,42,10;13,24,33;7,24,27,15,23,5,0,36,19,34,6,2,20,22;9,36,18,34,10,35;30,31,25,24,7,22,18,2,4,11,28;1,12,42,38,10,40,24,25;7,20,18;14,24,33,13,29,15,18,5;7,18,27,29,13,17,33,23,14,5,3,39,8,40,21,25,20;11,31,20,24,21,1;6,37,2,32;15,18,24,29;11,30,20;13,24,27,15,23;20,31,11,28;20,30,11,25;6,26,2,34;13,17,24,23;18,19,10,16,42,41,2,32,6;9,10,19;9,19,18,0;6,26,2;21,42,10;3,10,8,24;8,10,21,24;12,42,34,2,4;12,41,34,16,10,38,21
sphere3_s7202_52 47 37,39,40;28,36,6,17,46,19;12,33,23,21,30,20,40,3,24,7;2,40,9,18,24;33,35,29,11,16,10;31,37,15;11,12,28,17,1,36,30,33,16;2,24,34,12;18,34,24;3,40,18;16,33,4;6,12,29,4,16;6,11,29,35,27,13,14,33,2,7,34,42,22,32,26,41,43,28;12,14,35,27;12,13,35,33;31,44,38,37,5;10,33,6,11,4;1,6,28,45,19,46;26,42,34,8,24,3,9,40,37,25;1,28,45,17,46;30,31,40,2;2,23,33,30;12,42,26,32;2,21,33;2,7,34,8,18,3;37,43,41,26,18;18,42,22,32,12,41,25;12,13,35;1,36,43,12,6,17,45,19;12,35,4,11;20,31,36,6,33,21,2;20,30,36,43,44,15,5,37,39,40;12,26,22;2,12,14,35,4,10,16,6,30,21,23;7,24,8,18,42,12;12,29,4,33,14,13,27;1,28,43,31,30,6;25,43,44,38,15,5,31,39,0,40,18;15,44,37;31,40,0,37;2,3,9,18,37,0,39,31,20;12,26,25,43;12,22,26,18,34;25,37,44,31,36,28,12,41;15,31,43,37,38;17,28,19;1,19,17
sphere3_s7202_53 59 16,46,23,3;10,57,20;5,50,41,52,26,32,11,3,47,36;16,18,14,28,31,11,2,47,36,35,54,55,37,25,20,12,22,23,0;7,19,53,44,27;2,50,41,51,43,35,36;28,30,58,48,29;4,19,53,27;38,45,39,56;26,32,44;23,57,1,20;3,31,44,32,2;3,20,57,22;15,38,25,37;28,29,18,3;37,53,28,46,23,38,13;3,18,30,49,28,46,0;24,55,51;3,16,30,29,14;4,7,53;45,56,25,3,12,57,1,10,23;22,23,33;21,23,3,12,57,40,33;15,38,42,45,20,10,57,40,33,21,22,3,0,46;17,55,43,51;13,37,3,20,56,38;9,32,2,52,55,37,53,44;7,53,31,44,4;14,29,6,30,49,16,46,15,53,34,31,3;14,28,6,48,58,30,18;16,18,29,58,6,28,49;3,11,44,27,53,34,28;9,26,2,11,44;21,23,40,22;31,53,28;3,36,5,43,54;2,5,35,3,47;15,53,26,55,3,25,13;13,15,23,42,45,8,56,25;45,56,8;23,33,22,57;5,51,52,2,50;23,45,38;5,51,24,55,54,35;26,53,4,27,31,11,32,9;20,56,39,8,38,42,23;0,16,28,15,23;2,3,36;6,58,29;16,30,28;2,5,41;5,41,52,55,17,24,43;51,55,26,2,41;15,37,26,44,4,19,7,27,31,34,28;3,35,43,55;17,24,43,54,3,37,26,52,51;20,45,39,8,38,25;10,23,40,22,12,20,1;6,48,29,30
sphere3_s7202_54 44 18,40,41,28,30,22,31,1;18,32,25,7,29,2,34,31,0;1,29,34;29,34,10,8,20,15;5,43,6;4,43,19,32,6;8,43,4,5,32,20;29,42,32,17,25,1;6,43,19,23,33,39,16,10,3,20;16,39,30,34,10;3,34,9,16,8;20,35,21,14,13,15,37;13,14,35,20,29,15;12,14,11,15;21,35,12,13,11;20,37,11,13,12,29,3;9,39,8,10;7,25,32;1,32,41,40,0;8,43,5,32,41,24,23;6,32,42,29,12,35,11,37,15,3,8;14,35,11;26,31,0,30;33,38,28,41,24,19,8;19,23,41;7,17,32,1;22,31,30;36,38,28;30,36,27,38,23,41,0;7,42,20,12,15,3,34,2,1;28,36,39,9,34,31,26,22,0;30,34,1,0,22,26;1,18,41,19,5,6,20,42,7,17,25;23,38,39,8;30,31,1,2,29,3,10,9;14,21,11,20,12;28,30,39,38,27;15,20,11;23,33,39,36,27,28;9,16,8,33,38,36,30;0,18,41;0,28,23,24,19,32,18,40;7,29,20,32;4,5,19,8,6
sphere3_s7202_55 46 6,22,37,26;3,27,2,39;26,28,8,40,27,1,39;1,27,36,15,29,34,39;28,35,27;30,31,23;0,22,44,26;20,21,24,23,16,28,40,11,14,19,13,18;11,40,2,28;33,41,28,16;35,45,32,42;17,41,28,8,40,7,14,19;32,35,25,27;20,43,18,7,19,17,41;7,19,11;26,29,3,36,22;7,23,38,30,31,33,9,28;11,41,13,19;7,13,43,20;7,14,11,17,13;7,21,31,41,13,43,18;7,20,31,23,24;0,6,44,26,15,36,42,37;7,16,38,30,5,31,21,24;7,21,23;12,27,35;2,28,37,0,6,44,22,15,29,39;1,3,36,42,32,12,25,35,4,28,40,2;4,35,37,26,2,8,11,41,9,16,7,40,27;34,39,26,15,3;16,38,23,5,31;16,30,5,23,21,20,41,33;12,35,45,10,42,27;31,41,9,16;29,39,3;4,28,37,42,10,45,32,12,25,27;22,42,27,3,15;28,35,42,22,0,26;16,30,23;29,34,3,1,2,26;7,11,8,2,27,28;11,17,13,20,31,33,9,28;10,32,27,36,22,37,35;13,20,18;6,22,26;10,35,32
sphere3_s7202_56 56 11,53,37,8,2,17,4,50,31,36,41,21;30,36,42,3,38,22,10,34;0,8,17;28,38,1,42,49,33,22,29,23;0,50,17;37,53,11,36,12,18,20;43,55,35;13,39,43,54;14,17,2,0,37;26,43,35;1,34,22;0,53,5,36,42,46,32,52,21;20,25,24,36,5,18;7,39,54;8,17,55,37;45,48,51,47,34,30,36;21,33,45,36,41;39,55,14,8,2,0,4,50,44,43,54;12,20,5;20,27,26,43;19,27,26,35,55,37,5,18,12,25,43;16,33,52,11,0,41;3,29,23,38,1,10,34,48,33;3,28,38,22,29;36,44,43,25,12;12,20,43,24;9,43,19,27,20,35;19,20,26;3,38,23;3,22,23;1,36,15,34;0,50,36;11,46,49,33,52;16,21,52,32,49,3,22,48,45;48,51,47,15,30,1,10,22;20,26,9,43,6,55;40,50,31,0,41,16,45,15,30,1,42,11,5,12,24,44;5,53,0,8,14,55,20;3,28,23,22,1;17,55,43,7,13,54;36,50,44;16,21,0,36;1,36,11,46,49,3;17,54,7,39,55,6,35,9,26,19,20,25,24,44;24,36,40,50,17,43;15,48,33,16,36;11,32,49,42;15,34,51;34,51,15,45,33,22;42,46,32,33,3;36,40,44,17,4,0,31;34,48,15,47;32,33,21,11;0,11,5,37;17,43,7,13,39;17,39,43,6,35,20,37,14
sphere3_s7202_57 60 7,39,14;4,28,40,57,47,12,8,46;25,28,40,38,57;42,48,57,33,12,47,53,54,16;1,28,14,13,8,46;40,55,11,23;42,54,44,37;29,35,14,0,39;1,46,4,13,12;51,52,13;27,55,11,23;10,55,5,23;1,8,13,34,56,41,57,33,3,47;9,52,21,24,14,4,8,12,34,19,59,51;25,28,4,13,24,20,39,0,7,35,58,57;18,32,30,26,55,31;3,54,42;22,57,31,32,36;15,32,31;29,58,34,13,59,39;14,24,52,39;13,52,24;17,57,36;10,27,49,40,5,11;13,14,20,52,21;2,28,14,57;27,55,15,30;10,55,26,30,50,36,49,23;2,25,14,4,1,40;7,35,58,19,39;27,50,36,32,15,26;40,55,15,18,32,17,57,38;17,36,30,15,18,31;3,57,12;41,56,12,13,19,58;7,29,58,14;27,50,30,32,17,22,57,40,49;45,54,44,6,42,48,57;2,57,31,40;52,59,19,29,7,0,14,20;1,28,2,38,31,55,5,23,49,36,57;34,56,12,57,58;6,54,16,3,48,37;51,52,59;6,54,37;37,54,57;1,4,8;3,53,54,57,1,12;3,42,37,57;36,40,23,27;27,36,30;43,52,9,13,59;43,51,9,13,21,24,20,39,59;3,47,54;6,42,16,3,53,47,57,45,37,44;10,27,26,15,31,40,5,11;34,41,12;17,22,36,40,1,47,54,45,37,48,3,33,12,41,58,14,25,2,38,31;19,29,35,14,57,41,34;39,52,43,51,13,19
sphere3_s7202_58 53 26,51,12,8,46,3,52,14,10,25,34,29,47;11,38,20,5,24,23,49,3,15,48;4,9,44,30,13;0,46,43,49,1,15,27,52;22,27,7,36,9,2,13,32;24,48,33,11,28,38,35,20,1;7,15,48,50,42;6,15,27,4,36,42;12,46,0;36,42,44,2,4;21,39,47,29,19,25,0,14,52,18,30,43;1,38,28,5,33,48;8,46,51,0;41,52,45,16,32,4,2,30;0,52,10;6,7,27,3,1,48;32,45,13;48,50,49;10,52,30;29,31,34,25,10;1,5,35,38;10,39,37,43;4,27,32;24,49,1;5,48,49,23,1;10,19,34,0;0,51,47;7,15,3,52,45,32,22,4;5,38,11;19,31,34,0,47,10;40,41,13,2,44,43,10,18,52;19,29,34;16,45,27,22,4,13;5,11,48;19,31,29,0,25;5,38,20;9,42,7,4;43,47,39,21;1,11,28,5,35,20;10,21,37,47;30,41,52;13,52,40,30;6,7,36,9,44,49,50;44,49,3,46,51,47,37,21,10,30;43,49,42,9,2,30;16,32,27,52,13;0,3,43,51,12,8;10,39,37,43,51,26,0,29;5,24,49,17,50,6,15,1,11,33;43,44,42,50,17,48,24,23,1,3;42,49,17,48,6;0,26,47,43,46,12;0,14,10,18,30,40,41,13,45,27,3
sphere3_s7202_59 57 33,52,42,31;3,34,30,55;9,53,24,46;1,34,15,19,12,30,21,51,55;41,56,12,30,49,10,32;36,49,34;24,49,22;28,54,23,11,17,13,29;16,47,9;8,16,48,33,44,49,53,2,46,47;32,49,4;17,28,23,7;18,56,4,30,3,19,41;37,50,49,25,44,42,29,7,17,39;30,51,55;34,36,22,50,35,32,26,41,19,3;8,47,20,48,9;11,28,43,39,13,7;12,56,41;3,15,41,12;16,47,45,29,48;3,51,30;6,24,28,39,50,15,36,49;28,54,7,11;6,49,53,2,46,45,28,22;13,44,27,49;15,32,41;44,49,25;11,17,43,39,22,24,45,29,7,54,23;33,42,13,7,28,45,20,48;4,49,34,1,55,14,51,21,3,12;33,42,0;15,26,41,4,10,49,40,50,35;29,42,31,0,52,44,9,48;15,36,5,49,30,1,3;32,50,15;15,34,5,49,22;13,50,38,39;39,50,37;17,43,28,22,50,38,37,13;32,49,50;15,26,32,4,56,18,12,19;29,33,31,0,52,44,13;17,28,39;13,25,27,49,9,33,52,42;24,28,29,20,47,46;45,47,9,2,24;8,16,20,45,46,9;9,16,20,29,33;6,24,53,9,44,27,25,13,50,40,32,10,4,30,34,5,36,22;13,37,38,39,22,15,35,32,40,49;3,21,30,14,55;33,44,42,0;9,49,24,2;23,28,7;1,3,51,14,30;4,41,18,12
sphere3_s7202_60 54 5,14,27;7,44,18;33,36,8,11;46,52,39,30;5,35,27,14;4,35,24,27,0,14;15,27,32,47,35;29,44,1,18,50,17,45,25,37;20,31,41,53,36,2,11,33,23;34,43,23,16,49,12,38,42,28,40;22,27,34,37;2,8,33;19,51,44,38,9,49,16,21,41;17,47,46;0,5,4,27;6,27,35;31,41,21,12,49,9,23;13,47,45,7,50,46;7,50,48,46,44,1;12,51,43,41;8,31,23;12,41,16;10,27,24,25,37;9,43,33,8,20,31,16;45,47,35,5,27,22,25;22,24,45,7,37;34,40,28,42;10,22,24,5,0,14,4,35,15,6,32,34;9,40,26,42;7,44,37;34,46,3,39,52;8,20,23,16,41;27,34,47,6;36,53,43,23,8,11,2;9,43,37,10,27,32,47,52,30,46,42,26,40;24,47,6,15,27,4,5;33,53,8,2;7,29,44,51,43,34,10,22,25;9,42,44,12;3,52,30;9,28,26,34;12,21,16,31,8,53,43,19;44,46,34,26,28,9,38;9,34,37,51,19,41,53,33,23;42,46,18,1,7,29,37,51,12,38;7,17,47,24,25;42,44,18,48,50,17,13,47,52,3,30,34;13,17,45,24,35,6,32,34,52,46;46,50,18;12,16,9;46,48,18,7,17;12,19,43,37,44;46,47,34,30,39,3;33,36,8,41,43
sphere3_s7202_61 60 4,50,9;4,51,29,8,7,36,26,23,18,9;33,43,56,14,39,3;2,33,51,42,39;1,51,55,40,50,0,9;43,57,10,30,14;16,19,41,51,52;1,36,51,29,8;1,7,29;0,4,1,18,55,50;17,57,5,30,34,20;30,46,49,17;49,53,38;23,25,45,41;2,56,43,5,30,53,32,16,19,41,39;17,30,34;32,57,44,37,52,6,19,14;11,30,15,34,20,10,57,32,38,49;9,55,31,23,1;6,16,14,41;17,34,10;35,42,39;25,26,45;13,25,26,1,18,31,55,47,41;39,41,28;22,26,23,13,45;22,25,23,1,36,28,41,45;28,35,39;27,35,36,26,41,24,39;7,51,1,8;11,46,53,14,5,10,34,15,17;18,23,55;16,57,17,38,53,14;37,43,2,3,51,58;17,20,10,30,15;21,42,51,36,28,27,39;1,7,51,35,28,26;33,43,48,54,57,44,16,52,58;17,32,53,12,49;21,42,3,2,14,41,24,28,27,35;4,55,50;47,51,6,19,14,39,24,28,26,45,13,23;21,35,51,3,39;33,37,48,57,5,14,56,2;37,57,16;22,26,41,13,25;49,59,53,30,11;41,51,55,23;37,43,57,54;46,59,53,12,38,17,11;0,4,40,55,9;41,47,55,4,1,29,7,36,35,42,3,33,58,52,6;6,51,58,37,16;46,59,49,12,38,32,14,30;37,57,48;4,40,50,9,18,31,23,47,51;2,14,43;16,32,17,10,5,43,48,54,37,44;33,51,52,37;46,49,53
sphere3_s7202_62 45 35,41,40,28;8,28,11,6,27,34;36,39,16,7;28,40,22;11,26,12;39,42,37,34,41,13,30,15;11,44,14,27,1;36,38,23,21,32,33,31,39,16,2;1,28,35,34;21,24,27,14,32;26,44,28,11,12;4,26,44,6,1,28,10,12;4,11,10,26;5,41,14,30;6,44,28,41,13,30,32,9,27;32,39,5,30;7,39,2;19,24,18;21,29,43,20,19,17,24;25,29,20,18,17,24,34,42,23;29,43,18,19;9,24,18,29,25,23,7,32;3,40,41,28;7,38,42,19,25,21;9,21,18,17,19,34,27;19,29,21,23;4,11,44,10,12;9,24,34,1,6,14;3,40,0,35,8,1,11,10,44,14,41,22;19,25,21,18,43,20;14,32,15,5,13;7,33,39;33,39,15,30,14,9,21,7;32,39,31,7;35,41,5,37,42,19,24,27,1,8;34,41,0,28,8;7,38,42,39,2;34,42,5;7,36,42,23;32,33,31,7,16,2,36,42,5,15;3,28,0,41,22;5,13,14,28,22,40,0,35,34;5,39,36,38,23,19,34,37;20,29,18;11,26,10,28,14,6
sphere3_s7202_63 52 17,45,30;13,47,35,29,40,5;7,22,44,8,36,9,42,39,28;11,23,50,43,34,13,16;35,40,5;11,16,13,1,40,4,35,27,38,24,50,51;27,47,32,18;2,22,28;22,44,2,36;2,42,33,22,36;11,51,50;23,50,10,51,5,16,3;21,48,13,34,17,45,30,41;25,26,48,12,34,3,16,5,1,47,38,20,15;21,28,39;20,37,25,13;5,11,3,13;31,42,43,34,12,45,0,30;6,32,27;32,35,46,27;37,38,13,15;12,48,26,25,49,22,28,14,39,30,41;2,7,28,21,49,25,24,33,9,36,8,44;11,50,3;22,25,38,5,50,43,42,33;13,26,21,49,22,24,38,37,15;13,25,21,48;5,35,46,19,32,18,6,47,38;21,22,7,2,39,14;35,40,1;17,31,42,39,21,41,12,45,0;17,42,30;19,35,47,6,18,27;24,42,9,22;12,17,43,3,13;19,32,47,1,29,40,4,5,27,46;8,22,9,2;20,38,25,15;20,37,25,24,5,27,47,13;30,42,2,28,14,21;29,35,4,5,1;12,21,30;17,31,30,39,2,9,33,24,43;24,42,17,34,3,50;8,22,2;0,17,12,30;19,35,27;1,13,38,27,6,32,35;12,21,26,13;22,25,21;11,23,3,43,24,5,51,10;5,50,10,11
sphere3_s7202_64 59 36,43,50,49,3,18,4,44,13;34,48,27,50;17,58,54,26,10,30,24,52;0,49,50,8,53,5,4,18;0,18,3,5,44;3,4,44,48,27,9,53;13,46,56,39,19;12,25,50,38;3,53,50;5,27,53;20,42,58,16,26,2,30,24,37,41,45,32,22,35,21;39,56,13,38,40;24,38,7,25,33,50,28,47;6,46,56,11,38,48,44,0,36,40,39,19;36,50,40;31,42,32,55;26,54,58,10;34,42,58,2,52;0,4,3;13,39,6;10,42,21;22,23,35,10,20,42,32;23,35,10,32,21;22,35,21;12,38,48,34,37,10,30,2,52,47;33,50,7,12;16,54,2,10;5,9,53,50,1,48;12,47,50;50,51,40;2,24,10;15,42,55;41,45,10,22,21,42,15,55;25,50,12;17,42,57,37,24,48,1,50,52;22,23,21,10;0,43,50,14,40,13;41,57,34,24,10;12,24,48,13,11,40,51,50,7;13,19,6,56,11,40;11,39,13,36,14,50,29,51,38;42,55,32,45,10,37,57;41,55,31,15,32,21,20,10,58,17,34,57;0,36,50;0,13,48,5,4;32,41,10;6,13,56;12,24,52,50,28;13,44,5,27,1,34,24,38;0,3,50;25,33,12,28,47,52,34,1,27,53,8,3,49,0,43,36,14,40,29,51,38,7;38,40,29,50;34,50,47,24,2,17;3,8,50,27,9,5;16,26,2,58;41,42,31,15,32;11,39,6,46,13;37,41,42,34;2,17,42,10,16,54
sphere3_s7202_65 41 8,27,25,32,18,26,38,9;8,24,30,19,21,14,6;24,29,4,17,37,27;31,37,22,27,8,10;2,29,17;23,24,8,39,13,35,27,28;7,33,31,10,8,1,14,12,20;6,33,14,20;0,27,3,10,6,1,24,5,39,9;26,38,0,8,39,13;6,31,3,8;16,24,21,19;14,20,6;26,35,5,39,9;1,21,29,31,33,7,20,12,6;17,31,37;11,24,19;15,31,29,4,2,37;26,35,40,32,0;16,24,30,1,21,11;12,14,7,6;1,14,29,24,11,19;3,27,37;5,24,27,28;1,8,5,23,27,2,29,21,11,16,19,30;0,27,34,32;18,35,13,9,38,0;0,8,3,22,37,2,24,23,28,5,35,36,34,25;23,27,5;2,24,21,14,31,17,4;1,19,24;3,37,15,17,29,14,33,6,10;18,40,35,34,25,0;6,7,14,31;35,36,27,25,32;18,26,13,5,27,36,34,32,40;34,35,27;3,31,15,17,2,27,22;9,26,0;5,8,9,13;18,35,32
sphere3_s7202_66 42 15,23,24,32,2,16,29,6;14,19,36,27,3,5,12,39,2,17,20;4,21,24,32,0,16,39,1,17;11,31,18,41,5,1,27,19,14,24;2,21,24,22,20,17;12,35,10,41,3,1;0,29,23,15;26,37,35,13,29,40;33,35,11,31,18,41,10,38,34,28;29,39,12,35,13;8,38,34,28,30,25,33,35,5,41;3,31,8,35,29,24;1,39,9,35,5;9,29,7,35;1,19,3,24,22,20;0,23,6;29,39,2,0;1,2,4,20;3,31,8,41;1,14,3,27,36;4,22,14,1,17;2,4,24;4,20,14,24;0,15,6,29,24;0,23,29,11,3,14,22,4,21,2,32;28,33,10,30;7,37,40;1,3,19,36;8,34,10,30,25,33;35,40,7,13,9,39,16,0,6,23,24,11;25,28,10;3,11,8,18;0,24,2;8,35,10,25,28;8,38,10,28;29,40,37,7,13,9,12,5,10,33,8,11;19,27,1;7,26,40,35;8,10,34;1,12,9,29,16,2;29,35,37,26,7;8,18,3,5,10
sphere3_s7202_67 59 1,3,9,20,34,30,5;5,57,58,14,54,19,31,23,7,25,26,24,3,0;15,30,51,35,6;0,1,24,34,9;16,45,55,48,17,42;1,57,56,28,27,48,52,55,51,30,0;35,51,55,18,49,32,41,14,15,2;1,23,25;19,36,31,11;34,40,20,0,3;25,43,15,22;19,31,8;13,53,32,28,27;46,48,18,53,12,27;22,25,50,54,1,58,56,28,32,41,6,15;6,14,22,10,43,44,21,30,2;4,45,52,42;29,42,4,48,52;37,55,6,49,32,53,13,48,39;23,25,50,54,1,31,11,8,36;34,40,9,0;24,30,15,44,25;14,25,10,15;33,36,19,25,7,1,31;21,30,34,3,1,26,25;10,43,44,21,24,26,1,7,23,19,50,14,22;1,24,25;5,28,12,13,46,48;14,56,5,27,12,32;42,52,17;2,15,21,24,34,0,5,51;33,38,47,36,8,11,19,1,23;6,41,14,28,12,53,18,49;23,36,38,31;20,40,9,3,24,30,0;6,51,2;23,33,38,47,31,8,19;18,55,39;36,47,31,33;48,55,37,18;20,34,9;6,32,14;29,52,16,4,17;10,25,44,15;15,21,25,43;52,55,4,16;13,48,27;36,38,31;13,46,27,5,52,17,4,55,39,18;6,32,18;14,25,19,54;6,35,2,30,5,55;29,42,16,45,55,5,48,17;12,13,18,32;14,50,19,1;45,52,5,51,6,18,37,39,48,4;14,28,5,57,58;1,5,56,58;56,57,1,14
sphere3_s7202_68 44 7,25,34;12,16,6;9,11,27,16,6;8,30,35,14,9;19,23,36,33,9,22;10,27,11,9;12,31,21,43,9,2,16,1;25,40,17,19,23,24,37,13,34,0;15,39,30,3,9,22,42,29,43,32;2,11,5,10,33,4,22,8,3,14,43,6;5,27,16,18,33,9;2,9,5,27;31,43,16,1,6;7,34,24,37;32,35,3,9,43;26,32,8,39,30;2,6,1,12,43,23,18,10,27;25,40,7,19,34;16,23,33,10;4,23,7,17,34,22;23,43,42,28,22,34,41;6,43,31;4,9,8,42,38,28,20,34,19;33,36,4,19,7,24,34,41,20,43,16,18;7,23,34,13,37;17,40,7,0,34;15,32,30;5,10,16,2,11;20,42,38,22;8,42,43;32,35,3,8,39,15,26;12,43,21,6;15,26,30,35,14,43,8;23,36,4,9,10,18;7,13,24,23,41,20,22,19,17,25,0;30,32,14,3;23,33,4;13,24,7;22,28,42;8,15,30;17,25,7;20,34,23;20,28,38,22,8,29,43;20,23,16,12,31,21,6,9,14,32,8,29,42
sphere3_s7202_69 52 9,46,8;41,45,43,15,25;4,14,45,23;5,8,34,50,19,28,7,21;2,14,31,45,23;8,40,21,3;16,42,20,45,31,17,22;21,40,36,22,17,35,28,3;15,48,49,45,38,34,3,5,40,13,46,0,9;0,46,13,24,15,8;11,12,44,14;14,45,28,31,44,12,10;11,44,10;26,30,40,8,46,9,24;31,44,10,11,45,2,4;8,48,25,1,43,24,9;6,42,43,30,32,22;7,22,6,31,35;26,43,33,27,47,24;50,51,28,3;42,45,6;7,40,5,3;7,17,6,16,32,30,36;2,4,45;15,43,27,29,39,47,18,26,13,9;1,41,48,15;30,43,18,24,13;29,47,18,33,43,24;19,51,50,34,38,45,11,31,35,7,3;27,47,39,24;26,43,16,32,22,36,40,13;14,44,11,28,35,17,6,45,4;16,30,22;18,43,27;8,38,28,50,3;28,31,17,7;7,40,30,22;41,48,49,45;8,45,28,34;24,47,29;7,21,5,8,13,30,36;37,48,25,1,45;6,16,43,45,20;26,30,16,42,45,1,15,24,27,33,18;14,31,11,12,10;6,31,4,23,2,14,11,28,38,8,49,37,41,1,43,42,20;0,9,13,8;27,29,39,24,18;8,15,25,41,37,49;8,48,37,45;19,51,28,34,3;19,50,28
sphere3_s7202_70 57 32,39,54,2;43,50,56,12,10;6,32,0,54;4,28,48,22;3,28,55,49,54,48,22;26,35,17,10;2,32,51,27,10,17,21,54;31,35,26;15,16,37;44,45,20,52,36,56,14,50,18,33;26,47,41,44,33,43,1,12,23,51,27,6,17,5;13,37,31;23,52,36,56,1,10;21,37,11,31;25,50,9,56;16,42,37,8;15,42,40,41,47,34,37,8;21,31,35,5,10,6;33,50,9;30,46,53,44,45;23,52,9,45,38;37,54,6,17,31,13;3,4,48;12,52,20,38,51,10;38,51,28,55;50,56,14;5,35,7,31,47,10;6,51,10;3,4,55,24,51,48;37,53,41;19,46,45;26,47,34,37,11,13,21,17,35,7;0,39,51,6,2;43,50,18,9,44,10;31,47,16,37;5,26,7,31,17;12,52,9,56;54,55,53,29,41,42,15,8,16,34,31,11,13,21;24,51,23,20,45,55;0,32,51,48,54;16,42,41;29,53,44,10,47,16,40,42,37;15,16,40,41,37;33,50,1,10;9,45,19,53,41,10,33;9,44,19,30,46,53,55,38,20;19,30,45,53;26,31,34,16,41,10;4,54,39,51,28,3,22;4,55,54;33,43,1,56,25,14,9,18;6,32,39,48,28,24,38,23,10,27;12,23,20,9,36;45,46,19,44,41,29,37,55;0,39,48,4,49,55,37,21,6,2;37,54,49,4,28,24,38,45,53;25,50,1,12,36,9,14
sphere3_s7202_71 42 4,34,14,39,27,22,3;8,39,27;32,39,14,10;5,22,0,4,34,14;0,34,3;14,15,26,22,3;7,15,30,35;32,41,35,6,15,24,19,14;9,27,1,39,29;12,37,31,18,38,33,13,22,27,8,29;11,14,2,32;10,14,32;9,37,31,21,29;26,38,33,9,22;5,15,24,19,7,32,11,10,2,39,0,34,3;6,7,24,14,5,26,38,16,30;30,35,38,15;21,29,20,23;35,38,9,31,28;7,24,14;23,36,35,32,39,40,29,17;17,29,12,31,25,23;3,5,26,13,9,27,0;20,36,25,21,17;7,19,14,15;31,36,23,21;13,38,15,5,22;8,9,22,0,39,1;31,35,18;17,21,12,9,8,39,40,20;6,15,16,35;35,36,25,21,12,37,9,18,28;7,41,35,20,39,2,10,11,14;13,38,9;0,4,3,14;18,38,16,30,6,7,41,32,20,36,31,28;31,35,20,23,25;9,12,31;18,35,16,15,26,13,33,9;29,40,20,32,2,14,0,27,1,8;29,39,20;7,32,35
sphere3_s7202_72 57 36,54,29,23;45,52,31,55,42,40,47,7,6,19,5,34,16;12,43,22,46,35;22,29,23,25,33,35,46;7,8,47;1,34,19;38,50,7,1,19,36;4,8,11,50,6,1,47;4,7,11,50,21,47;35,48,28,32,37,33;31,39,41,13,14,43,49,52;8,50,7;2,43,49,24,18,48,35;14,43,22,39,41,10;10,43,13;21,26,39,50;1,34,53,45;52,53,27,34,37,51,30,49;24,48,12;1,6,36,44,33,37,34,5;28,48,24,32;26,39,56,47,8,50,15;3,29,39,13,43,2,46;36,44,33,25,3,29,0;18,48,20,32,37,51,30,49,12;3,23,33;21,39,15;34,53,17;20,48,9,32;0,54,39,22,3,23;17,49,24,51;10,39,40,55,1,52;20,28,9,37,24;23,44,19,37,9,35,3,25;1,16,53,27,17,37,19,5;9,48,12,2,46,3,33;0,54,39,38,6,19,44,23;17,34,19,33,9,32,24,51;6,50,39,36;40,56,21,26,15,50,38,36,54,29,22,13,41,10,31;39,56,47,1,42,55,31;10,13,39;1,55,40;10,14,13,22,2,12,49;23,36,19,33;1,52,53,16;2,22,3,35;8,21,56,40,1,7,4;18,24,20,28,9,35,12;10,43,12,24,30,17,52;15,39,38,6,7,11,8,21;17,30,24,37;17,53,45,1,31,10,49;17,52,45,16,34,27;0,36,39,29;31,40,42,1;39,40,47,21
sphere3_s7202_73 53 10,42,40,32;35,41,43;20,52,6;6,35,43,34,28,11,37,39;12,41,46;15,52,24,26;7,44,35,3,39,33,20,2,52,25;6,44,25;21,47,27,30;23,27,51,13,45,29,14;22,36,31,20,49,17,37,11,28,34,32,0,42,50;3,28,10,37;4,41,30,46;45,51,9;15,52,29,9,23,16;16,24,26,5,52,14;23,24,15,14;10,49,20,37;19,23,46,41;23,41,18;2,52,24,42,50,22,31,10,49,17,37,39,33,6;41,51,47,8,30;10,36,31,20,50;16,24,41,19,18,46,30,27,9,14;16,23,41,48,38,42,20,52,5,26,15;7,44,41,52,6;5,15,24;47,51,9,23,30,8;3,11,10,34;41,52,14,9,45;21,41,12,46,23,27,8;10,20,22,36;0,40,43,34,10;6,39,20;10,32,43,3,28;6,44,41,1,43,3;10,22,31;17,20,39,3,11,10;24,42,48;6,33,20,37,3;42,43,32,0;24,48,43,1,35,44,25,52,29,45,51,21,30,12,4,46,18,19,23;40,43,48,38,24,20,50,10,0;40,42,48,41,1,35,3,34,32;6,7,25,41,35;13,51,41,29,9;18,41,4,12,30,23;27,51,21,8;24,41,43,42,38;10,17,20;10,42,20,22;27,47,21,41,45,13,9;5,15,14,29,41,25,6,2,20,24
sphere3_s7202_74 54 37,41,2;12,30,51,6,8,22,45,38;15,19,18,45,20,3,41,0,37,9,28,36,24;20,45,39,46,35,23,13,44,5,50,41,2;48,50,47,10,42;3,50,21,44;8,22,14,29,49,30,51,1;36,49,30;6,22,1;28,36,49,33,43,37,2;42,48,47,4;32,34,16,37,27;1,30,40,17,38;21,44,3,23;6,29,22;2,19,26,24;22,34,11,37,47;12,38,45,40;2,19,26,45;2,15,26,18;3,45,2;23,50,5,44,13;6,8,1,45,23,47,16,34,27,37,43,33,29,14;21,50,48,47,22,45,25,39,35,3,13;45,52,26,15,2,36,30;39,45,23;15,19,18,45,52,24;22,37,11,32,34;9,36,2;33,49,6,14,22;1,12,40,45,24,36,7,49,6,51;37,41,50,53;27,34,11;29,49,9,43,22;16,22,27,32,11;39,46,3,23;9,28,2,24,30,7,49;31,41,0,2,9,43,22,27,11,16,47,53;12,17,45,1;35,46,3,45,25,23;30,45,17,12;31,37,0,2,3,50;10,48,4;22,37,9,33;13,21,5,3;25,39,3,20,2,18,26,52,24,30,40,17,38,1,22,23;35,39,3;4,10,48,23,22,16,37,53,50;4,50,23,47,10,42;29,33,9,36,7,30,6;21,23,48,4,47,53,31,41,3,5;1,30,6;24,45,26;47,50,31,37
sphere3_s7202_75 44 25,43,32,39,31,21,13,23,20,18,7,10;2,36,28,18,15,5,40,38;1,36,37,38;12,41,6,14,33;6,41,42,16,18,9,33,14;11,18,17,34,40,1,15;4,41,3,14;9,25,10,0,18;30,34,9,17;4,33,24,35,22,34,8,17,39,25,7,18;0,25,7;5,18,19,15;3,41,22,33;0,21,23;4,33,3,6;18,19,11,5,1;26,36,28,18,4,42;20,21,29,31,39,9,8,30,27,34,5,18;15,19,11,5,17,20,0,7,9,4,16,28,1;15,18,11;17,21,23,0,18;17,20,23,13,0,31,29;34,42,41,12,33,24,35,9;20,21,13,0;9,33,22,35;0,43,39,9,7,10;16,36,37,38,34,42;30,34,17;1,36,16,18;17,21,31;8,34,27,17;0,21,29,17,39;0,39,43;4,9,24,22,12,3,14;8,30,27,17,5,40,38,26,42,22,9;9,24,22;1,2,37,26,16,28;2,36,26,38;1,40,34,26,37,2;0,32,43,25,9,17,31;1,38,34,5;4,6,3,12,22,42;22,34,26,16,4,41;0,25,39,32
sphere3_s7202_76 42 6,31,5,33,9,30,2,27,11,28,19;22,32,24,21,4,17;9,40,39,19,27,0,30;4,21,8,14;1,17,14,3,21;0,33,10,37,31;0,31,37,10,39,19;12,35,26,29,27;3,21,32,20,14;10,15,40,2,30,0,33;9,15,23,40,39,6,37,5,33;17,28,0,27;7,35,28,27;32,35,22;3,4,17,32,20,8;9,10,23,40;25,28,35,32;11,28,32,14,4,1,22,38,27;26,34,22,38,29;2,39,6,0,28,27;14,32,8;1,24,41,32,8,3,4;1,32,13,35,26,36,34,18,38,17;15,40,10;1,21,41,32;16,28,32;22,36,34,18,29,7,35;7,29,38,17,11,0,2,19,28,12;11,17,32,25,16,35,12,27,19,0;7,27,38,18,26;0,9,2;0,6,37,5;1,22,13,35,16,25,28,17,14,20,8,21,41,24;9,10,5,0;26,36,22,18;7,12,28,16,32,13,22,26;22,26,34;5,31,6,10;27,29,18,22,17;2,40,10,6,19;2,9,15,23,10,39;21,32,24
sphere3_s7202_77 44 14,24,39;17,36,22,21,20,26,4;24,42,39,14,32,16;5,29,10,25,7;1,17,36,28,10,26;7,28,10,29,3;13,27,39,8,9,38;5,28,15,18,11,8,25,3;11,30,35,34,43,9,6,39,42,25,7;8,43,31,38,6;25,41,20,26,4,28,5,29,3;8,30,40,18,7;23,39,37,19,43,34,33,30,40,28,22;27,39,43,38,6;0,24,16,32,2,39;7,28,40,18;2,24,14,32;1,36,4;7,11,40,15;12,37,39,43;21,39,24,42,41,10,26,1;20,39,22,1;28,36,1,21,39,23,12;12,39,22;0,14,16,2,42,20,39;10,41,42,8,7,3;1,4,10,20;13,39,6;5,7,15,40,12,22,36,4,10;5,10,3;8,11,40,12,33,34,35;9,43,38;2,14,16;30,34,12;8,43,12,33,30,35;8,30,34;1,17,4,28,22;12,19,39;6,13,43,31,9;13,27,6,8,42,2,14,0,24,20,21,22,23,12,37,19,43;11,18,15,28,12,30;10,25,42,20;8,39,2,24,20,41,25;8,34,12,19,39,13,38,31,9
sphere3_s7202_78 41 17,36,32,29,22;7,38,3,25;15,35,16;37,38,1,25,11;13,24,14,28,33,21,36;6,8,9;5,8,32,19,9;10,38,1,25,11,35,15,27,20,40,34;5,6,32,29,36,33,9;12,32,19,6,5,8,33,30,24;7,38,37,29,22,40,34;3,37,22,35,7,25;9,32,24;4,24,36;4,24,30,33,28;16,40,26,27,7,35,2;15,40,35,2;0,36,29,31,22;23,29,37,39;9,32,6;26,40,7,27;33,36,4;10,29,0,17,31,37,11,35,40;31,39,18,29;32,36,13,4,14,30,9,12;3,11,7,1;15,27,20,40;7,15,26,20;14,33,4;10,22,0,32,8,36,17,31,23,18,37;14,33,9,24;23,39,37,22,17,29;24,36,0,29,8,6,19,9,12;21,36,8,9,30,14,28,4;7,40,10;2,15,7,11,22,40,16;21,33,8,29,17,0,32,24,13,4;22,31,39,18,29,10,38,3,11;7,10,37,3,1;23,31,37,18;15,16,35,22,10,34,7,20,26
sphere3_s7202_79 55 10,21,19,8,3,13,41,30;21,30,41;13,40,24,25,7,11,16,14,29,41;13,40,24,25,8,0;33,38,34,53;32,38,39,33;23,50,15,54,20,48,38,51;16,25,2,11;3,25,19,0;37,41,36,35,45,20;21,30,0;2,16,7;38,48,41,49,34;2,40,3,0,41;17,27,50,16,2,29;6,50,46,27,17,18,54;25,26,23,50,14,2,11,7;14,27,15,18,28,35,36,41,42,52,44,29;35,54,15,17,28;21,41,34,31,23,26,25,8,0;35,54,6,48,22,37,9,45;19,41,1,30,10,0;37,48,20;6,50,16,26,19,31,34,51;2,40,3,25;16,26,19,8,3,24,2,7;16,25,19,23;14,17,15,46,50;17,35,18;14,17,44,41,2;10,21,1,41,0;23,34,19;5,38,51,43,33;32,43,53,4,38,39,5;43,47,53,4,38,12,49,41,19,31,23,51;18,54,20,45,9,36,17,28;17,35,9,41;41,48,22,20,9;5,32,51,6,48,12,34,4,33,39;33,38,5;2,13,3,24;19,21,1,30,0,13,2,29,44,42,17,36,9,37,48,12,49,34;44,52,17,41;34,47,53,33,32,51;42,52,17,29,41;9,20,35;15,50,27;34,43,53;37,41,12,38,6,20,22;34,41,12;6,23,16,14,27,46,15;23,34,43,32,38,6;42,44,17;4,34,47,43,33;18,35,20,6,15
sphere3_s7202_80 50 9,47,43,40;11,29,4,17;10,41,7,46,32,15,38;31,39,21,20;1,17,39,29;17,27,24;27,48,47,42;29,46,2,41,14;13,23,39,20;42,47,0,40;2,41,12,38;1,29,17;18,25,35,14,45,49,41,10,38;8,23,31,20;29,37,39,20,35,12,45,49,33,41,7;18,30,39,17,16,27,42,19,32,2,38;15,27,17;1,4,39,15,16,27,5,24,44,28,29,11;12,25,35,20,26,30,15,38;22,28,42,15,32,46,29;18,35,14,39,8,13,31,3,21,36,26;26,30,39,3,20,36;28,29,19;31,39,8,13;40,44,17,5,27;12,18,35;21,30,18,20,36;6,48,40,24,5,17,16,15,42;22,29,17,44,42,19;1,11,17,28,22,19,46,7,14,37,34,39,4;21,26,18,15,39;23,39,3,20,13;2,46,19,15;41,49,14;29,39,37;18,20,14,12,25;20,21,26;14,29,34,39;10,12,18,15,2;23,31,3,21,30,15,17,4,29,34,37,14,20,8;24,44,42,9,0,43,48,27;2,10,12,49,33,14,7;9,47,6,27,15,19,28,44,40;40,48,47,0;24,40,42,28,17;12,14,49;2,32,19,29,7;9,42,6,48,43,0;6,27,40,43,47;14,45,12,41,33
sphere3_s7202_81 53 32,52,6,27,1,23;11,38,37,52,27,0,23,32,35;9,31,33,26,52,32,40,44,14,37,4,15;8,46,11,41,16,25;37,43,15,2;35,44,32;27,52,0;39,50,46,38;19,48,50,46,3,25,16;2,31,33,15;19,42,35,51,45,18,47,29;36,41,3,46,38,1,35;19,36,28;34,36,28,19,49;37,38,35,44,2;26,43,4,2,9,33;8,19,41,3,25;22,29,19,47;10,45,19,47;35,49,13,28,12,36,41,16,8,48,24,20,21,45,18,47,17,29,10,42;45,51,48,24,19,21;19,45,20;17,29,47;1,32,0;19,20,48;3,8,16;15,43,52,2,33;6,52,1,0;13,19,12,36;10,47,22,17,19;48,50,39,51;2,9,33;1,35,5,44,40,2,52,0,23;15,26,2,31,9;13,36,35,49;19,49,34,36,11,1,32,5,44,14,38,51,10,42;13,34,35,11,41,19,12,28;4,43,52,1,38,14,2;1,11,46,7,39,51,35,14,37;7,50,30,51,38;32,44,2;11,36,19,16,3;19,35,10;4,37,52,26,15;5,35,14,2,40,32;20,51,10,18,19,21;3,8,50,7,38,11;10,29,22,17,19,18;30,50,8,19,24,20,51;19,35,34,13;30,48,8,46,7,39;20,45,10,35,38,39,30,48;6,27,1,37,43,26,2,32,0
sphere3_s7202_82 50 41,42,43,15,33;24,29,32,3,38,10,39,46,18,4,9,14,27,2;4,14,27,1,24,35,16;38,46,32,1;2,14,11,9,1,18,46,35,16;15,31,48;10,45,33,30;15,43,20,41,33,28,37,22,30,10;12,49,47,44;1,4,11,14;33,36,38,1,39,46,15,7,30,6,45;4,14,9;8,49,44;15,38,23,33;2,4,11,9,1,27;7,43,0,33,13,38,25,48,5,31,46,10;4,35,2;24,29,40,35;1,46,4;21,33,30;42,43,7,41;28,30,19,33,49,47;7,30,37;33,38,13;1,29,17,35,2;38,48,15;29,40,32;2,14,1;33,47,21,30,37,7;1,24,17,40,26,32;7,22,37,28,21,19,33,6,10;38,46,15,5,48;34,40,26,29,1,3,46;10,36,38,23,13,15,0,41,7,28,47,44,49,21,19,30,6,45;32,40,35,46;2,24,17,40,34,46,4,16;10,33,38;7,22,30,28;13,15,25,48,31,46,3,1,10,36,33,23;1,10,46;32,34,35,17,29,26;0,42,20,7,33;0,41,20,43;7,15,0,42,20;8,47,33,49,12;10,33,6;1,18,4,35,34,32,3,38,31,15,10,39;28,33,44,8,49,21;25,38,31,5,15;8,12,44,33,21,47
sphere3_s7202_83 47 3,30,15;19,35,9;12,31,26;16,18,19,7,23,12,15,0,30,36,38;20,39,9;8,13,19;15,30,36,38,40,37;19,26,23,3;13,41,35,19,5;19,45,39,4,20,35,1;21,46,32,31,17,22;16,24,18;3,23,26,2,31,34,15;8,41,33,44,32,46,19,5;25,37,15,34,31,27;6,30,0,3,12,34,14,37;3,18,11,24,29,44,38;22,43,31,10;3,16,11,24,29,44,33,19;9,45,33,18,3,7,26,31,21,46,13,5,8,35,1;28,33,45,39,4,9,35;22,42,31,19,46,10;21,42,43,17,10;3,12,26,7;11,16,29,18;31,32,37,14,27;7,19,31,2,12,23;14,31,25;20,33,41,35;18,44,16,24;6,15,0,3,36;25,32,10,17,43,42,21,19,26,2,12,34,14,27;25,31,10,46,13,44,38,40,37;20,28,41,13,44,18,19,45;12,31,14,15;20,28,41,8,19,1,9;6,30,3,38;14,25,32,40,6,15;16,44,32,40,6,36,3;9,45,20,4;32,37,6,38;8,13,33,28,35;21,22,43,31;17,22,42,31;16,38,32,13,33,18,29;9,19,33,20,39;10,21,19,13,32
sphere3_s7202_84 49 14,38,30;32,33,5,26,46,35;20,28,7,37;28,40,37,7;33,43,28,19;26,46,20,33,1;27,48,33,12,18,10;2,28,3,37;22,39,23,17,9,45,42,15;17,22,13,21,45,8;18,29,27,6;43,44,33;6,33,30,18;15,21,9,22;0,38,15,45,32,30;30,38,14,45,42,8,22,13,21,32,43,44,25,36,47,41,34,24,18;23,39,17;22,39,16,23,8,9;10,29,24,15,30,12,6;33,40,28,4;32,46,5,33,40,37,2,28;13,15,32,45,9;17,39,8,15,13,9;16,39,8,17;15,34,29,18;15,36,44;5,46,1;29,34,41,47,44,33,31,48,6,10;3,40,19,4,43,32,20,2,7;27,34,24,18,10;15,38,0,14,32,33,12,18;33,48,27;20,46,35,1,33,30,14,45,21,15,43,28;4,43,11,44,27,31,48,6,12,30,32,1,5,20,40,19;27,29,24,15,41;1,32,46;15,25,44,47;20,40,3,7,2;15,30,0,14;17,22,8,23,16;3,28,19,33,20,37;27,34,15,47;15,45,8;4,33,11,44,15,32,28;36,47,27,33,11,43,15,25;14,15,42,8,9,21,32;20,32,35,1,26,5;36,44,27,41,15;6,27,31,33
sphere3_s7202_85 58 9,21,1,10;21,26,10,0;30,40,48,29,25,27,23;42,46,56,5,57;42,46,56,34,31,22,11,40,25,52,44,48,35;32,36,8,11,56,3,57,40,51;49,56,15;11,40,18,8;17,18,7,11,5,36,32,53;0,21,19,10;16,38,37,41,47,20,23,27,26,1,0,9,19,12;54,56,5,8,7,40,4,22;10,16,41,19;25,48,43;26,41,47;31,49,6,56;37,50,38,10,12,41;8,18,53;8,17,53,32,24,51,40,7;9,10,12,41,55,26,21;10,47,45,30,23;1,26,19,9,0;11,54,31,4;2,27,10,20,30;18,32,51;33,43,13,48,29,2,27,47,40,4,52;14,41,55,19,21,1,10,27,39,47;39,47,25,2,23,10,26;31,34,56;2,48,25;2,40,45,20,23;15,49,54,22,4,34,28,56;5,36,8,53,18,24,51;25,43,44,52;28,31,4,56;4,42,57,48;5,32,8;16,50,38,10,41;10,16,50,37;27,47,26;48,57,5,51,18,7,11,4,25,47,45,30,2;14,26,55,19,12,16,37,10,47;4,46,3,57,35;25,33,44,48,13;33,52,4,48,43;30,40,47,20;4,42,3,56;10,20,45,40,25,27,39,26,14,41;40,57,35,4,44,43,13,25,29,2;15,31,54,56,6;16,37,38;24,32,5,40,18;33,44,4,25;17,18,32,8;11,56,49,31,22;19,26,41;11,54,49,6,15,31,28,34,4,46,3,5;40,48,35,42,3,5
sphere3_s7202_86 49 22,42,44,37,29,23;17,36,48,7,6,46,15,8,16,41,34;6,46,18,28;30,47,44,32,26;21,25,10,45,27;23,37,30,47;12,31,10,48,7,1,46,2,28,20;1,6,48;15,16,1;27,47,44,13,43,18,19,28,10,45;33,36,40,13,25,4,45,9,28,31,6,48;15,34,17,40,13;6,31,28,20;25,44,9,43,18,15,11,40,10;27,35,39,25;18,46,1,8,16,41,34,11,13;1,41,15,8;1,36,40,11,34;15,46,2,28,19,9,43,13;9,18,28;12,28,6;25,27,4;38,47,23,0,42,44,25,39;5,37,29,0,22,47;26,30,32;13,44,22,39,14,27,21,4,10;24,30,3,32;9,47,35,14,25,21,4,45;10,31,12,20,6,2,18,19,9;0,37,23;3,47,5,37,32,24,26;10,28,12,6;30,37,44,3,26,24;10,36,48;11,15,41,1,17;14,27,47,39;10,33,48,1,17,40;30,32,44,0,29,23,5;22,47,39;14,35,47,38,22,25;10,36,17,11,13;1,16,15,34;0,22,44;9,13,18;9,47,3,32,37,0,42,22,25,13;4,10,9,27;15,18,2,6,1;9,27,35,39,38,22,23,5,30,3,44;33,36,1,7,6,10
sphere3_s7202_87 44 15,41,6,26,39,37,32,22;35,39,31,34;6,7,28,23,37;18,27,28;5,43,28,38,33,35,34,30,42;4,43,7,6,42;2,7,5,42,26,0,41,8,36,22,37;28,43,5,6,2;6,36,41;19,25,14,40,28,38,33,20;21,28,11;10,28,25,14,21;30,42,26,34;25,28,24,27;16,40,9,25,11,21;0,41,36,22;17,40,14,21;16,40,28,21;3,27,39,28;9,25,20;9,19,25,33;10,28,17,16,14,11;6,37,32,0,15,36;28,39,29,37,2;27,28,13;9,19,20,33,27,13,28,11,14;0,39,34,12,42,6;24,28,3,18,39,33,25,13;24,27,3,18,39,23,2,7,43,4,38,9,40,17,21,10,11,25,13;37,39,23;12,42,4,34;1,39,34;0,22,37;4,38,9,20,25,27,39,35;4,35,1,31,39,26,12,30;1,39,33,4,34;6,8,41,15,22;6,22,32,0,39,29,23,2;9,28,4,33;1,35,33,27,18,28,23,29,37,0,26,34,31;16,17,28,9,14;0,15,36,8,6;12,30,4,5,6,26;4,5,7,28
sphere3_s7202_88 51 6,22,33,49,10,1,25,34,41,19,35;0,10,41,25;45,49,15,22,32,13,23,36,19;12,48,46,39,43;12,43,39,7,31;35,47,28;0,22,29,35;4,39,31;11,16,21;42,44,50;19,49,0,1,41;8,16,28,22,32,21;3,48,31,4,43;23,36,32,2;37,40,39;22,24,49,2;8,11,28,46,20,21;38,44,27,30;35,47,28,22;10,49,45,2,36,35,0,41;46,48,44,32,21,16;20,32,11,8,16;29,35,18,28,11,32,2,15,24,49,33,0,6;2,36,13;15,22,49;34,41,1,0;40,42,44,39;30,44,17;36,38,30,44,50,40,46,16,11,22,18,47,5,35;22,35,6;27,44,28,38,17;44,48,12,4,7,39;20,21,11,22,2,13,36,44;0,49,22;0,41,25;5,47,18,22,29,6,0,19,36,28;28,38,44,32,13,23,2,19,35;39,46,40,14;28,36,44,17,30;3,43,4,7,31,44,26,40,14,37,46;42,50,28,46,37,14,39,26;0,34,25,1,10,19;40,50,9,44,26;3,39,4,12;27,30,28,50,9,42,26,39,31,48,20,32,36,38,17;2,49,19;20,48,3,39,37,40,28,16;5,35,18,28;3,12,31,44,20,46;2,45,19,10,0,33,22,24,15;40,42,9,44,28
sphere3_s7202_89 51 1,8,33,40,3,36,39;0,8,39;6,14,37,13,34,44;5,27,12,43,36,0,40,33,16,17;7,24,30,19,49,42,23,28,27;3,27,26,20,11,44,17;2,14,37,13,38,20,11,44;4,24,30,26,27;0,1,39,48,31,22,15,33;19,42,23;31,43,35;6,44,5,20;3,43,32,22,33,30,19,27;2,37,6,38,20,34;2,6,37;8,22,33;21,33,3,17,26;16,26,44,5,3;29,31,36,25,46,47,39,41;42,49,4,30,12,27,28,23,9;5,11,6,38,13,34,44,26;16,33,26;12,33,15,8,31,35,43,32;9,42,4,28,19;4,7,30;18,36,45,47,46;16,21,33,30,7,27,5,20,44,17;3,5,26,7,4,28,19,12;19,23,4,27;18,31,50,48,41;7,26,33,12,19,4,24;18,29,50,48,8,22,35,10,43,36;12,43,22;16,21,26,30,12,22,15,8,0,40,3;2,44,20,13;22,43,10,31;18,25,45,39,0,3,43,31;2,13,6,14;13,20,6;18,47,45,36,0,1,8,48,41;3,33,0;29,48,39,18;19,49,4,23,9;3,12,32,22,35,10,31,36;2,34,20,26,17,5,11,6;39,47,25,36;18,47,25;18,46,25,45,39;31,50,29,41,39,8;19,42,4;31,48,29
sphere3_s7202_90 50 46,47,1;38,49,47,0,46,4;22,33,49,27;40,48,26,16,42,14;35,49,38,1,46;37,45,16,27,40;43,44,19,48,9,26,16,36;32,41,17;11,18,29;26,48,6;12,13,15,30;8,18,34,29;10,13,20,30;21,35,15,10,12,20,32,31;23,40,3,42,39,24,29,41,30,15,27;13,35,27,14,30,10;6,26,3,42,41,35,33,22,27,5,45,36;21,32,7,41,25;41,42,39,29,8,11,34;6,48,28,45,36,44;30,32,13,12;13,35,41,25,17,32,31;16,27,2,33;14,40,27;14,29,39;21,41,17;6,16,3,48,9;47,49,2,22,16,5,40,23,14,15,35;45,48,19;14,41,34,11,8,18,39,24;32,41,14,15,10,12,20;21,32,13;7,41,30,20,13,31,21,17;2,22,16,35,49;18,41,29,11;13,21,41,16,33,49,4,46,47,27,15;16,45,19,44,43,6;5,45,40;1,49,4;18,42,14,24,29;14,23,27,5,37,45,48,3;7,32,30,14,29,34,18,42,16,35,21,25,17;18,41,16,3,14,39;6,44,36;6,43,36,19;28,48,40,37,5,16,36,19;0,47,35,4,1;27,49,1,0,46,35;28,45,40,3,26,9,6,19;27,47,1,38,4,35,33,2
sphere3_s7202_91 47 10,26,16,36;22,32,14,20,25,9,19;25,30,12,15;16,20,34,38;25,30,44,24;10,20,25,37,26;35,40,23;11,45,46,29,24,25,8;25,40,26,28,11,7;15,18,19,1,25;16,20,5,26,0,36,42;28,46,13,45,7,8;2,15,33,30;11,46,45;32,44,20,1;18,19,32,31,30,33,12,2,25,9;10,20,3,38,43,26,0,36,42;24,43,27,21,28,46,29;15,19,9;15,18,9,1,22,32;10,16,3,34,44,14,1,25,5;27,28,17;1,32,19;26,40,6,35,41,37;34,38,43,17,29,7,25,4,44;37,39,40,8,7,24,4,30,2,15,9,1,20,5;0,10,5,37,23,40,8,28,27,43,16;26,43,17,21,28;11,46,17,21,27,26,8;17,24,7,46;4,25,2,12,33,15,31,44;32,44,30,15;1,22,19,15,31,44,14;15,30,12;24,38,3,20,44;6,40,39,37,41,23;10,42,16,0;25,39,35,41,23,26,5;24,34,3,16,43;25,37,35,40;6,35,39,25,8,26,23;35,37,23;10,36,16;26,27,17,24,38,16;31,32,14,20,34,24,4,30;7,11,13,46;11,28,17,29,7,45,13
sphere3_s7202_92 58 1,40,21,19,32;36,40,0,32,24,51,35,9,31,23;15,16,10,38,42,40;5,57,25;30,38,29,6,34,8;39,42,27,32,19,47,7,21,25,3,57;4,34,33,26,50,29;21,47,5;30,34,4;28,36,44,31,1,35,51;16,38,2;32,48,52,36,42,27;14,45,20,57,54;36,53,28;12,45,20,18,57,49,39,42,54;17,40,2,16,56,30,34,37,55,33;10,38,30,56,15,2;15,40,21,46,33;14,57,20;5,47,21,0,32;12,45,14,18,57;7,47,19,0,40,17,46,25,5;48,53,32;31,36,1;32,51,1;50,54,57,3,5,21,46,33;6,50,33;5,42,11,32;41,51,9,36,13,53,32;38,54,50,6,4;8,34,15,56,16,38,4;9,44,36,23,1;28,41,51,24,1,0,19,5,27,11,48,22,53;25,50,26,6,34,37,55,15,17,46;8,30,15,37,33,6,4;9,51,1;1,40,42,11,52,53,13,28,9,44,31,23;15,55,33,34;10,16,30,4,29,54,42,2;5,42,14,49,43,57;1,36,42,2,15,17,21,0;28,51,32;5,39,14,54,38,2,40,36,11,27;49,57,39;9,31,36;12,14,20;17,33,25,21;7,21,19,5;11,32,22,53,52;43,57,14,39;25,54,29,6,26,33;28,41,32,24,1,35,9;11,36,53,48;13,36,52,48,22,32,28;25,50,29,38,42,14,12,57;15,37,33;16,30,15;3,5,39,43,49,14,18,20,12,54,25
sphere3_s7202_93 41 4,38,17;24,29,34,7,14,25;9,31,32;23,33,17,26,37,40,11,28;16,36,15,17,0,38,18,35;23,28,40,25,29;25,30,39;14,34,1;12,14,25,21,13;22,32,2,31,14,34,36,19,40;27,30,39;3,40,28;13,14,8;12,14,31,32,25,21,8;12,13,31,9,34,7,1,25,8;34,36,4,17;38,40,36,4,35,18,20;26,38,0,4,15,34,33,3;4,38,20,16,35;9,36,40;16,18,38;13,25,8;9,32,25,40;3,33,29,5,28;1,29,39,27,30,25;22,40,5,29,39,6,30,24,1,14,8,21,13,32;17,38,40,37,3;24,30,10,39;5,23,3,11,40;1,24,39,25,5,23,33,34;24,27,10,39,6,25;2,9,14,13,32;9,22,25,13,31,2;3,23,29,34,17;15,36,9,14,7,1,29,33,17;4,18,16;15,34,9,19,40,16,4;3,40,26;16,40,26,17,0,4,18,20;24,27,10,30,6,25,29;16,38,26,37,3,11,28,5,25,22,9,19,36
sphere3_s7202_94 49 34,45,41,10;7,15,18,30,21;22,47,24,9;25,39,31,17,46,40,26,45;13,40,27;13,38,6;16,44,42,43,38,5,13,33,12,7,36;1,15,18,47,24,12,6,36,16,30,21;14,42,28;2,22,18,24;23,41,0,34;12,33,18;6,33,11,18,24,7;4,40,19,38,5,6,33,16,39,31,46,27;34,43,48,42,8,28,35,20;1,7,18;18,30,7,36,6,44,39,13,33;3,31,46;22,47,7,15,1,30,16,33,11,12,24,9;38,43,40,13;23,34,14,35;1,30,7;18,47,2,9;20,34,10,41,32,39,42,37,28,35;2,47,7,12,18,9;39,45,3;40,43,29,34,45,3;4,40,46,13;8,14,35,23,37,42;26,43,34;16,18,1,21,7;3,17,46,13,39;23,39,41;6,12,11,18,16,13;14,43,29,26,45,0,10,23,20;14,28,23,20;7,16,6;23,28,42;6,43,19,13,5;25,45,41,32,23,42,44,16,13,31,3;4,13,19,43,26,3,46,27;39,45,0,10,23,32;8,14,48,43,6,44,39,23,37,28;14,34,29,26,40,19,38,6,42,48;6,16,39,42;25,39,41,0,34,26,3;17,31,13,27,40,3;18,22,2,24,7;14,43,42
sphere3_s7202_95 48 1,47,37;30,45,47,0,37,2,38;1,38,17,26,6,37;6,26,17,29;24,42,5,32;11,31,24,42,4,32;3,26,2,37,29;9,23,13,33,19,38,17,15;12,35,41;7,23,16,15;20,24,31,11,14;18,22,32,5,31,10,14;22,40,41,8,35,46;24,43,15,23,7,33,18,36,35;20,25,39,43,15,27,33,18,11,10;14,43,13,23,16,9,7,17,27;15,23,9;2,26,3,29,27,15,7,38;13,36,35,28,21,41,44,22,11,14,33;7,33,38;14,25,24,10;35,41,18,28;12,40,44,18,11,32,24,35,46;7,9,16,15,13;13,43,25,20,10,31,5,42,4,32,22,35;14,20,24,43,39;2,17,3,6;29,45,38,33,14,15,17;18,21,35;27,45,34,37,6,3,17;1,45,38;10,11,5,24;22,24,4,5,11;7,19,38,27,14,18,13;37,47,45,29;13,36,18,28,21,41,8,12,46,22,24;13,18,35;34,47,0,1,2,6,29;1,2,17,7,19,33,27,45,30;14,25,43;12,22,44,41;18,44,40,12,8,35,21;4,24,5;13,24,25,39,14,15;18,41,40,22;1,30,38,27,29,34,47;12,22,35;34,37,0,1,45
sphere3_s7202_96 51 44,49,35,27,43,14;30,45,6,29,5,46;22,26,16,21,5;39,41,22;5,22,41,46;4,22,2,21,49,29,1,46;29,45,1;20,47,18;26,50,39,10;44,49,16,13,18,31,15,43;26,42,39,8;19,25,48,31,33;20,32,17;26,39,18,9,16;0,44,43;28,34,33,31,9,43,27;2,26,13,9,49,21;12,32,23,24,40,20;47,48,31,9,13,39,37,20,7;11,25,48,34,33;12,32,23,41,47,7,18,37,40,17;5,49,16,2;26,36,39,3,41,4,5,2;24,40,37,41,20,32,17;23,40,17;11,19,48;22,36,50,8,10,42,39,13,16,2;34,35,0,43,15,28;15,34,27;6,45,30,49,5,1;1,45,29,49,46;11,48,18,9,15,33;12,20,23,17;19,34,15,31,11;19,33,15,28,27,35,48;47,48,34,27,0,49,41,38;22,26,50,39;18,39,41,23,40,20;35,47,41;3,41,37,18,13,26,42,10,8,50,36,22;20,37,23,24,17;3,39,37,23,20,47,38,35,49,46,4,22;10,26,39;9,15,27,0,14,44;0,49,9,43,14;6,29,30,1;30,49,41,4,5,1;35,48,18,7,20,41,38;35,47,18,31,11,25,19,34;0,44,9,16,21,5,29,30,46,41,35;26,36,39,8
sphere3_s7202_97 57 17,38,56,5,48,55;22,27,24,39,34,18,42;45,49,36,35;9,25,13;9,40,31,16;18,56,0,48;9,13,32,40;10,33,41,23;24,39,29,27;4,40,6,13,3,25,16;23,37,43,15,17,33,7;37,49,45,27,39,19;20,36,33;25,28,30,50,32,6,9,3;47,52,36,37;10,17,43;9,25,26,53,22,40,31,4;37,55,0,38,42,33,10,15,43;5,56,42,1,34,48;37,44,46,34,39,11;36,37,23,41,33,12;37,47,36,49;1,27,45,53,16,40,42;10,37,20,41,7;8,39,1,27;9,16,26,28,13,3;16,25,28,51,53;1,22,45,11,39,29,8,24;50,54,32,35,51,26,25,13,30;8,39,27;13,28,50;4,16,40;50,54,28,35,40,6,13;17,42,40,36,12,20,41,7,10;18,48,46,19,39,1;36,40,32,28,51,45,2;20,37,14,52,47,21,49,2,35,40,33,12;17,55,44,19,11,49,21,47,14,36,20,23,10,43;0,17,42,56;8,24,1,34,19,11,27,29;4,9,6,32,35,36,33,42,22,16,31;7,33,20,23;17,33,40,22,1,18,56,38;17,37,10,15;46,55,37,19;2,49,11,27,22,53,51,35;34,48,55,44,19;14,52,36,21,37;18,34,46,55,0,5;2,45,11,37,21,36;28,54,32,13,30;45,53,26,28,35;14,47,36;45,51,26,16,22;28,50,32;17,37,44,46,48,0;5,18,42,38,0
sphere3_s7202_98 58 4,47,39,33,37,32,1;29,48,8,37,32,0,4;8,53,28,36;25,48,4,50;29,48,3,50,25,47,0,1;30,34,49;12,28,46;19,24,10;2,53,14,48,1,37,36;25,42,19,26,24,13,47;11,45,24,7,19,31,23;10,45,31,23;34,46,6,28,40;19,35,47,9,24,31;19,36,16,55,53,8,48;43,57,44,17,33;27,51,55,14,36,40,34,38;33,44,15;24,52,19;13,35,22,56,21,36,14,48,41,42,9,26,54,52,18,24,7,10,31;25,41,42;19,36,37,33,35,56;19,35,56;11,31,10;7,19,18,52,26,9,13,31,45,10;20,41,48,3,50,4,47,9,42;9,19,54,52,24;16,51,38;6,12,40,36,2,53,46;4,48,1;5,34,46,53,49;11,45,24,13,19,10,23;1,37,0;17,44,39,0,37,21,35,43,15;16,38,49,5,30,46,12,40;13,19,22,56,21,33,43,57,39,47;14,19,21,37,8,2,28,40,16;1,8,36,21,33,0,32;53,55,51,27,16,34,49;35,57,44,33,0,47;16,34,12,28,36;20,25,48,19,42;9,25,20,41,19;15,57,35,33;17,33,39,57,15;10,11,31,24;30,34,12,6,28,53;13,35,39,0,4,25,9;3,25,41,19,14,8,1,29,4;30,53,38,34,5;4,25,3;16,27,38,55;18,24,26,54,19;38,55,14,8,2,28,46,30,49;19,26,52;38,53,14,16,51;19,21,35,22;15,43,35,39,44
sphere3_s7202_99 58 41,57,2;16,36,32;4,21,56,40,20,41,0,57;30,47,44,9,7,23;2,21,22,20,57;6,10,17,11,37,13,18,35,20;5,10,20;19,44,9,3,23,43;16,29,26;3,44,7;14,25,52,17,5,6,20,19,24,45;5,17,12,37;13,37,11,17,42;18,52,42,12,37,5;10,25,35,22,33,45;25,52,18,35;8,29,50,36,1,32,26;5,10,52,42,12,11;13,52,15,35,5;23,43,7,44,24,10,20,30;2,41,57,4,22,35,5,6,10,19,30,47,44,33,50,28,21,54,31,56,51,40;2,4,22,48,50,55,26,28,20,54,31,38,56;34,49,50,27,48,21,4,20,35,14,33;19,43,7,3,30;44,53,45,10,19;15,52,10,14,35;28,32,16,8,29,39,50,55,21;22,48,50;20,21,26,32,46,50;8,16,50,39,26;3,47,20,19,23;21,54,20,56,38;26,28,46,36,1,16;34,49,50,20,44,53,45,14,22;22,49,33;5,18,15,25,14,22,20;1,16,50,46,32;12,13,5,11;21,31,56;26,50,29;2,20,51,56;2,20,57,0;13,52,17,12;19,23,7;24,53,33,20,47,3,9,7,19;10,14,33,53,24;32,36,50,28;3,30,20,44;22,27,50,21;22,34,33,50;22,27,48,21,55,26,39,29,16,36,46,28,20,33,49;20,40,56;13,18,15,25,10,17,42;24,44,33,45;21,31,20;21,26,50;21,38,31,20,51,40,2;0,41,20,4,2
sphere3_s7202_100 52 16,46,15,31;17,31,20;25,37,6,33,10,3,22,41,15,36,43,39,40;2,22,32,10;36,50,13;20,44,38,35,11,6;9,21,45,24,20,5,11,51,41,32,34,33,2,37,25,29,42;8,49,14,42,9;7,49,19,9;6,21,19,8,7,42;23,32,3,2,33;6,51,44,38,35,5;28,48,43;4,50,28,36;27,49,7,42;18,43,46,0,31,20,41,2,36;0,46,43,40,45,31;1,31,24,20;15,43,48,36;21,40,49,8,9;5,44,41,15,31,1,17,24,6;6,9,19,40,45;26,32,3,2,41;10,32,33;31,45,6,20,17;2,37,6,29,42,27,40;22,32,41;14,49,40,25,42;12,48,36,13,50,47,43;6,25,42;47,50,36,43;1,17,24,45,16,0,15,20;33,34,6,41,26,22,3,10,23;32,34,6,2,10,23;32,33,6;11,38,5;15,18,48,28,13,4,50,30,43,2;2,25,6;11,35,5,44;2,40,43;2,39,43,16,45,21,19,49,27,25;26,32,6,51,44,20,15,2,22;14,27,25,29,6,9,7;15,18,48,12,28,47,30,36,2,39,40,16,46;5,20,41,51,11,38;6,21,40,16,31,24;0,16,43,15;30,50,28,43;18,43,12,28,36;7,8,19,40,27,14;4,36,30,47,28,13;6,11,44,41
sphere3_s7202_101 51 12,24,30,29,42,18,27,33;34,35,24;12,27,33;28,47,45;15,44,27,30;30,41,9;16,19,34,23,32,11,36,25;8,49,22,21,17,44,10;7,49,22,10;5,30,14,46,41;7,8,22,26,12,44;26,31,39,32,6,36,25,16,19,24;0,24,26,10,44,27,2,33;32,39,34;28,45,30,9,46;4,44,30;6,19,11,25;21,22,44,7;27,38,40,48,46,30,29,42,0;6,16,11,24,34;46,48,43,50;17,22,7;17,21,7,49,8,10,26,44;6,34,32;0,12,26,11,19,34,1,35,30;11,36,6,16;11,31,44,22,10,12,24;0,33,2,12,44,4,30,48,38,18;3,47,46,14,45;18,42,0,30;14,45,47,46,18,29,0,24,35,44,15,4,27,48,41,5,9;11,26,44,34,39;11,39,13,34,23,6;0,12,2,27;6,23,32,13,39,31,44,35,1,24,19;1,34,44,30,24;11,25,6;41,48,43,50;27,48,40,18;11,32,13,34,31;18,38,48;37,48,30,5,9,46,50;18,29,0;37,48,20,50;4,15,30,35,34,31,26,22,17,7,10,12,27;14,28,3,47,30;20,48,18,30,47,28,14,9,41,50;3,28,46,30,45;20,46,18,40,38,27,30,41,37,43;7,8,22;20,46,41,37,43
sphere3_s7202_102 43 27,33,3,2,8,1,26,32,36,41,13,4,15,19,35,37,30,17,7;0,8,29,26;3,27,16,8,0;27,33,0,2;13,35,15,0;26,35,37,30;28,32,23,39,31;17,34,27,0;0,1,29,9,25,42,16,2;8,25,18,29;11,30,14;14,40,30,10;17,34,40,38;4,35,41,0;38,40,11,10,30,17,20;0,4,35,19;2,27,34,42,8;7,34,12,38,20,14,30,0;9,25,42,24,29;15,35,0;14,38,17;36,41,31,39;30,40,34,29;32,39,6;34,42,18,29;8,9,18,42;5,35,32,0,1,29,30;3,33,0,7,34,16,2;6,32,31;1,26,30,22,34,24,18,9,8;22,40,11,10,14,17,0,37,5,26,29;28,32,41,21,39,6;35,41,31,28,6,23,39,36,0,26;3,27,0;7,17,12,40,22,29,24,42,16,27;5,26,32,41,13,4,15,19,0,37;21,41,0,32,39;0,35,5,30;14,40,12,17,20;21,31,6,23,32,36;22,30,11,14,38,12,34;21,36,0,13,35,32,31;8,16,34,24,18,25
sphere3_s7202_103 48 1,19,8,21,41,5,36,37,28;14,28,0,19,44,22;34,40,17,23;34,35,18,7;38,46,26,6,29,9,25;34,41,0,36,33;4,29,26;18,33,34,3;15,21,0,19,44;12,30,32,25,4,29,26,16,22,14,47;20,24,21;39,42,28,27,14;9,30,39,14,31,47;17,23,20;1,28,27,11,39,12,31,47,9,22;8,21,24,20,28,42,38,22,44;22,38,43,46,26,9;34,40,2,23,13,20,35;7,33,36,35,3;1,44,8,0;17,35,36,28,15,24,10,21,41,23,13;8,15,24,10,20,41,0;15,38,16,9,14,1,44;2,34,41,20,13,17;10,20,15,21;9,32,38,4;9,29,6,4,46,16;14,28,11;1,14,27,11,42,15,20,36,37,0;9,26,6,4;9,12,39,45,38,32;12,14,47;9,25,38,30;7,18,36,5,34;2,40,17,35,3,7,33,5,41,23;17,20,36,18,3,34;20,28,37,0,5,33,18,35;28,36,0;4,46,43,16,22,15,42,45,30,32,25;12,30,45,42,11,14;2,34,17;5,34,23,20,21,0;15,38,45,39,11,28;16,46,38;1,19,8,15,22;30,38,42,39;4,38,43,16,26;12,31,14,9
sphere3_s7202_104 42 28,41,31,7,1,9,3,27;30,40,39,11,10,7,0,9,33,24,35,26;12,36,24;18,34,28,27,0,9,4,25,8,37;3,25,9;17,32,41,7,20;19,29,22;20,30,10,1,0,31,41,5;3,37,18,33,25;25,33,1,0,3,4;1,7,30,11;30,39,1,10;16,35,24,2,36;22,30,23,29;18,41,32,30,22;19,29,23,30,24,22;12,35,36;20,21,32,5;3,34,28,41,14,22,24,33,8,37;15,29,6,22;17,21,30,7,5;17,20,30,32;15,19,6,29,13,30,14,18,24;15,30,13,29;15,30,38,36,2,12,35,1,33,18,22;9,33,8,3,4;30,38,36,35,1;3,28,0;18,41,0,27,3,34;15,19,6,22,13,23;7,20,21,32,14,22,13,23,15,24,38,26,1,40,39,11,10;0,41,7;5,17,21,30,14,41;9,25,8,18,24,1;3,18,28;12,16,36,26,1,24;2,12,16,35,26,38,24;3,8,18;24,30,26,36;11,30,40,1;30,39,1;18,28,0,31,7,5,32,14
sphere3_s7202_105 58 19,44,25;43,52,38,22;40,46,21,3,29,4,33,8,49;26,43,29,2,21,49;33,56,29,2;30,48,54,27;13,41,20,56,8,49,9;15,54,45,48,32;6,56,36,33,2,49;6,13,49;14,18,24,49,15,51,28,35,19;25,50,44,19,16;23,25,53;6,41,49,9;10,18,39,57,19;27,54,7,32,31,47,49,10,51,28,48,30;11,19,23,25;38,56,52;10,14,39,24;41,42,26,35,10,14,57,53,25,0,44,11,16,23,37;26,43,22,56,6,41,42;2,46,49,3;38,56,20,43,1;37,55,53,12,25,16,19;18,39,49,10;11,50,44,0,19,53,12,23,16;20,43,3,49,35,19,42;15,54,5,30;32,48,15,51,10,35,49;43,56,4,2,3;5,48,15,27;34,47,15,32;28,48,7,15,31,34,47,49;4,56,36,8,2;31,47,32;10,19,26,49,28;8,33,56;23,55,57,49,41,19;17,56,22,1,52;18,24,49,57,14;2,46,49;19,42,20,6,13,49,37;19,41,20,26;20,26,3,29,56,52,1,22;25,50,11,19,0;7,54,48;2,40,49,21;31,34,32,49,15;28,32,7,45,54,5,30,15;10,24,39,57,37,41,13,9,6,8,2,40,46,21,3,26,35,28,32,47,15;11,25,44;10,15,28;1,43,56,17,38;19,57,55,23,12,25;15,27,5,48,45,7;23,37,57,53;29,43,52,17,38,22,20,6,8,36,33,4;14,39,49,37,55,53,19
sphere3_s7202_106 46 17,31,45,44;6,23,9;3,13,37,34,21,14;13,24,33,14,2;15,32,5;10,38,26,21,44,42,15,4,32,40;12,29,19,9,1,23,21,35,39,22,8,7,16,17;6,8,33,14,44,31,17,16;6,22,28,33,7;1,6,19,11,23;5,38,23,43,40;19,29,17,42,23,9;6,29,17;33,34,37,2,3,24;21,44,7,33,3,2;4,32,42,5;6,17,7;6,16,7,31,0,44,20,25,42,11,29,12;25,36,42,20;11,29,6,9;17,44,42,18,25;14,44,5,26,23,6,35,41,27,34,2;6,8,28,39;30,40,43,10,38,26,21,6,1,9,11,42;3,13,33;18,36,42,17,20;5,21,23,38;34,41,21;8,22,39,35,33;6,12,17,11,19;23,40,42;7,17,0,45,44;5,40,42,15,4;13,34,35,28,8,7,14,3,24;13,33,35,41,27,21,2,37;34,41,21,6,39,28,33;18,25,42;2,34,13;5,10,23,26;28,35,6,22;23,30,42,32,5,10,43;34,35,21,27;25,36,18,20,44,5,15,32,40,30,23,11,17;10,23,40;17,20,42,5,21,14,7,31,45,0;31,44,0
sphere3_s7202_107 54 17,43,49,46,18,42,9,8,53;10,49,6;17,24,13,3,49,40,4,46,39,12,50,32,28,9;2,13,44,49;2,46,40;9,46,19;1,10,11,43,49;8,53,9;7,53,0,9;5,46,37,25,42,0,8,7,53,17,2,28,19;1,49,35,11,6;35,45,17,43,6,10;31,50,2,39,27;34,45,17,24,2,3,44,22,48;29,46,30,27;18,46,42;22,34,44;2,24,13,45,11,43,0,53,9;15,46,0,42;46,47,36,28,9,5;30,33,26,23;35,44,34,45;16,34,48,13,44;26,33,39,41,30,20;2,17,13;9,42,46,37;20,33,23;31,52,50,51,29,14,30,41,39,12;32,36,19,9,2;14,46,47,38,51,27;20,33,39,46,14,27,41,23;12,50,52,27;28,36,47,50,2;20,30,39,23,26;13,45,21,44,16,22,48;44,49,10,11,45,21;28,32,47,19;9,25,46;47,50,51,29;2,12,27,41,23,33,30,46;2,49,46,4;27,30,23,39;9,25,46,15,18,0;0,17,11,6,49;35,49,3,13,22,16,34,21;13,34,21,35,11,17;15,18,0,49,40,4,2,39,30,14,29,47,19,5,9,37,25,42;38,50,32,36,19,46,29;13,22,34;35,44,3,2,40,46,0,43,6,1,10;12,31,52,27,51,38,47,32,2;27,50,38,29;27,31,50;7,8,0,17,9
sphere3_s7202_108 41 15,25,10,28;19,24,25,13;11,16,5,26,27;16,22,17,5;17,35,8,10,24,19,5;4,17,3,16,2,26,27,19;9,30,39,38,37,10,34,32,40,23;10,29,23;10,38,35,4;6,30,36,10,29,23;7,29,9,36,19,25,0,28,24,4,8,38,37,6,34,21,23;19,27,2,16;14,20,38,31,33;19,25,1;12,20,33;18,28,0,25,24;19,36,31,33,22,3,5,2,11;4,35,22,3,5;15,28,24;16,36,10,25,13,1,24,4,5,27,11;12,14,33,22,35,38;10,23,32,34;3,16,33,20,35,17;7,29,9,6,40,32,21,10;1,19,4,10,28,18,15,25;0,15,24,1,13,19,10;5,27,2;11,19,5,26,2;15,18,24,10,0;7,10,9,23;6,9,36,31,39;30,36,16,33,12,38,39;21,34,6,40,23;12,14,20,22,16,31;6,10,21,32;4,17,22,20,38,8;16,19,10,9,30,31;6,10,38;8,10,37,6,39,31,12,20,35;31,38,6,30;23,32,6
sphere3_s7202_109 52 14,45,11;6,17,14,42,29,4,21,7;10,50,27,15,20;36,42,4,21,23,31,5,8,16;3,21,1,29,42;32,47,50,48,9,23,31,3,8,13,39,12;7,17,1;14,17,6,1,21,15,28;41,51,36,16,3,5,13,39,44;5,48,21,23;2,50,40,33,20;45,46,49,50,19,30,35,26,14,0;32,37,39,5;5,8,39;7,17,1,42,51,41,46,45,0,11,26,28;20,28,7,21,22,27,2;3,36,8;7,14,1,6;32,41,25,44;40,50,11,30,24,43,28,33;28,33,10,2,15;27,50,48,9,23,3,4,1,7,15,22;15,27,21;5,9,21,3,31;19,30,35,28,43;38,41,18,44;11,35,28,14;21,50,2,15,22;20,33,19,43,24,35,26,14,7,15;4,42,1;19,24,35,11;3,5,23;18,41,49,50,47,5,12,37,34,39,44;20,28,19,40,10;32,37,39;11,26,28,24,30;3,42,51,8,16;12,32,34,39;25,41,44;8,44,32,34,37,12,5,13;19,50,10,33;18,32,49,46,14,51,8,44,38,25;3,36,51,14,1,29,4;19,28,24;8,39,32,18,25,38,41;11,46,14,0;11,45,14,41,49;5,32,50;5,9,21,50;11,50,32,41,46;21,27,2,10,40,19,11,49,32,47,5,48;8,41,14,42,36
sphere3_s7202_110 55 22,53,36;11,51,14,8;15,26,54,21,12,17,30,46,25,32;5,27,42,51,53,31,33,52,22,36,37,9,24;40,54,41,28,21,12;3,27,49,37,9,24;37,46,25,7,54,40,14,49;25,26,54,6;11,14,1;5,37,3,24;38,39,35,44,45,23;8,14,40,13,17,20,46,48,29,39,44,53,51,1;4,40,17,2,21;17,40,11;8,11,40,6,49,51,1;26,32,2;23,50,19,34;13,40,12,2,30,46,20,11;22,47,31,52;34,50,16;17,46,11;2,54,28,4,12;18,47,53,0,36,3,52;38,39,50,16,34,45,10;3,9,5;2,32,26,7,6,46;15,32,25,7,54,2;3,5,49,51,42;4,41,54,21;37,46,48,11,39;2,17,46;18,52,33,3,53,47;15,26,25,2;31,52,3;19,50,44,45,23,16;10,44,39;3,22,0,53,37;6,46,29,39,50,53,36,3,9,5,49;10,39,23;10,38,23,50,37,29,11,44,35;13,17,12,4,54,6,14,11;4,28,54;3,27,51;50,53,44;43,53,11,39,35,10,45,34,50;34,44,10,23;6,37,29,48,11,20,17,30,2,25;18,22,53,31;11,29,46;6,14,51,27,5,37;43,53,37,39,23,16,19,34,44;11,53,3,42,27,49,14,1;18,31,33,3,22;43,50,37,36,0,22,47,31,3,51,11,44;6,40,4,41,28,21,2,26,7
sphere3_s7202_111 53 12,19,32,30,15,33,28;32,42,5,50,13,25,38,48,4,28,44,23,11,30;37,42,51,20;14,39,23;1,28,27,52,6,48;45,52,50,1,42;48,52,4;29,33,22,28,47;32,34,51;45,52,27,37,35;31,43,40;1,30,14,39,23;0,19,28;16,50,1,25;3,39,11,30,15,33,29,23;0,33,14,30;36,52,25,13,50,41;24,46,51,32;26,51,42;0,12,28,27,49,32;37,51,2;24,26,46;28,33,7;3,14,29,47,44,1,11,39;17,46,21,26,32;38,48,52,16,13,1;18,51,46,21,24,32,43,40,42;32,34,37,9,52,4,28,19,49;44,47,7,22,33,0,12,19,27,4,1;7,33,14,23,47;0,32,1,11,14,15;10,43,32,42,40;1,42,31,43,26,24,17,51,8,34,27,49,19,0,30;7,29,14,15,0,28,22;27,32,8,51,37;37,45,9;16,52,41;27,34,51,20,2,42,45,35,9;25,48,1;3,14,11,23;26,43,10,31,42;50,52,36,16;1,32,31,40,26,18,51,2,37,45,5;26,40,10,31,32;28,47,23,1;9,52,5,42,37,35;17,24,21,26,51;28,44,23,29,7;6,52,25,38,1,4;19,27,32;41,52,5,1,13,16;18,26,46,17,32,8,34,37,20,2,42;16,36,41,50,5,45,9,27,4,6,48,25
sphere3_s7202_112 52 38,43,49,34,5,14,9,22,36,17,23;29,39,13,33,30,27;7,40,8;43,49,38,25;48,50,9,12,7,41,16;0,14,34;14,24,15,38,34;2,40,26,21,30,46,41,4,12,37,28,45,19,8;2,7,19,21,40;17,36,10,32,42,33,16,50,4,12,51,22,0,14,24,38;22,36,9,32,39,27,19;33,42,35;37,51,9,4,7;1,33,44,35,32,39;6,24,9,0,5,34;24,38,6;31,46,30,33,9,50,48,4,41,18;9,36,0,23,38;16,41,31;20,45,7,8,21,30,27,10,22;19,45,28,37,22;7,26,40,8,19,30;10,36,0,9,51,37,20,19;0,17,38;6,14,9,38,15;38,43,3;7,21,40;10,39,29,1,30,19;7,45,20,37;1,39,27;16,33,1,27,19,21,7,46;16,46,41,18;13,35,42,9,10,39;1,13,44,35,11,42,9,16,30;47,49,0,5,14,6,38;13,32,42,11,33,44;10,22,0,17,9;20,28,7,12,51,22;0,43,25,3,49,47,34,6,15,24,9,17,23;1,29,27,10,32,13;2,7,26,21,8;7,46,31,18,16,4;11,33,9,32,35;0,38,25,3,49;13,35,33;19,20,28,7;16,31,41,7,30;34,49,38;4,50,16;34,47,38,3,43,0;4,48,16,9;12,37,22,9
sphere3_s7202_113 46 36,40,30;11,31,8,41,24;14,43,9,45,29,32,19,27,4;12,21,33,39,6,25,5,42;17,44,43,13,6,27,2,14;9,21,12,42,3,25,35;4,27,22,25,3,39,23,13;16,21,20,10,40,28;1,41,40,30,31;5,21,20,37,43,2,45,29,32,19,35;7,20,40;20,38,37,43,31,1,24,41,40;3,21,5,42;16,43,4,6,23,21;2,43,44,17,4;26,43,36;7,21,13,43,26,28;4,44,14;30,34,43,36;25,35,9,32,2,27,22;7,21,9,37,38,11,40,10;7,16,13,23,39,33,3,12,5,9,20;6,25,19,27;13,21,39,6;1,11,41;19,35,5,3,6,22;15,43,16,28,40,36;4,6,22,19,2;7,40,26,16;2,32,9,45;31,34,18,36,0,40,8;30,34,43,11,1,8;2,29,9,19;21,39,3;30,31,43,18;19,25,5,9;15,26,40,0,30,18,43;20,38,11,43,9;11,20,37;6,23,21,33,3;7,10,20,11,41,8,30,0,36,26,28;1,8,40,11,24;5,12,3;2,14,44,4,13,16,26,15,36,18,34,31,11,37,9;4,17,14,43;2,29,9
sphere3_s7202_114 49 13,29,1,9,31;5,25,15,37,40,29,0,9;28,42,38,11,24;6,10,4;36,39,5,9,31,16,47,21,12,10,3,6,32,46,30,43,19;1,25,27,36,39,4,9;10,41,32,4,3;27,36,19,43,26,14,33,34,48,38,25;22,28,11,38,18;4,31,0,1,5;6,41,46,30,45,12,4,3;24,44,28,8,38,2;10,45,30,31,47,21,4;17,29,0,31,30,35;7,26,23,34,33;1,37,25;4,47,31;13,29,35;25,38,8,22,28,30,35;4,43,7,36;26,43,30,28,38,48;12,47,4;8,28,18;14,26,34;11,44,28,2;1,5,27,7,38,18,35,37,15;20,43,7,14,23,34,48;7,36,5,25;2,42,38,20,30,18,22,8,11,44,24;13,17,35,37,40,1,0;13,35,18,28,20,43,4,46,10,45,12,31;4,9,0,13,30,12,47,16;4,46,41,6;14,34,7;14,33,7,48,26,23;13,30,18,25,37,29,17;7,27,5,39,4,19;1,15,25,35,29,40;7,25,18,8,11,2,42,28,20,48;4,36,5;1,37,29;6,10,46,32;2,28,38;20,26,7,19,4,30;11,24,28;10,12,30;4,32,41,10,30;4,16,31,12,21;20,38,7,34,26
sphere3_s7202_115 46 3,14,32;13,29,4,35,43,15,3;21,44,3,10,23,17,36,43;21,44,2,10,15,1,13,29,14,0,32;1,35,43,21,28,6,40,31,29;11,34,7,12;11,28,4,40,31,8,42,25;5,34,22,38,33,12;18,37,24,9,11,20,30,25,42,6,31,41;8,11,24;15,17,23,2,3;6,28,39,26,33,12,5,34,16,31,19,24,9,8,20,30,25;11,33,7,5;1,29,3;0,3,29,31,34,22,33,26,39,32;10,17,36,43,1,3;11,31,34;10,15,36,2,23;19,27,41,8,37;18,27,41,31,11,24,37;8,11,30;3,44,2,43,4,28,45,32;14,34,7,38,33;2,17,10;8,37,19,11,9;6,42,8,30,11;11,33,14,39;18,19,41;6,11,39,45,21,4;1,13,3,14,31,4;8,20,11,25;11,16,34,14,29,4,40,6,8,41,19;3,21,45,39,14,0;11,26,14,22,38,7,12;5,11,16,31,14,22,7;1,4,43;2,43,15,17;8,18,19,24;22,33,7;11,28,45,32,14,26;6,31,4;19,27,18,8,31;6,25,8;1,35,4,21,2,36,15;3,21,2;32,39,28,21
sphere3_s7202_116 59 32,43,8,14;26,57,49,39,38,33;8,14,37,53;37,56,16;32,37,27;38,45,50,18,11,57,33;21,29,16,13;31,44,10,30,24,12;43,46,48,53,2,14,0;45,52,42,34,17,49,38;30,53,12,44,7;5,18,35,57;24,53,10,44,31,7;16,21,6;2,8,0,32,27,37;20,58,25,40,53,37,56,16;20,29,6,13,21,37,3,56,15;9,49,21,34;5,11,35,50;47,57,33,55,23;15,58,25,34,29,16;32,37,16,13,6,29,34,17,49,48,28,43;23,51,54,33,26,57,47;22,51,55,19,47;45,52,42,34,25,53,12,7,30;40,53,24,34,20,58,15;1,57,22,33;14,37,4,32;21,48,36,43;20,34,21,6,16;24,45,53,10,7;7,44,12;21,37,4,27,14,0,43;51,54,22,26,1,38,5,57,19,55;20,25,24,42,9,17,21,29;50,57,11,18;41,48,28,43;21,32,4,27,14,2,53,15,56,3,16;5,45,9,49,39,1,33;1,38,49;25,53,15;36,48,46,43;24,34,9,52;8,46,41,36,28,21,32,0;7,31,12,10;24,52,9,38,5,50,53,30;8,43,41,48;19,57,22,23;49,53,8,46,41,36,28,21;48,53,57,1,39,38,9,17,21;5,45,53,57,35,18;33,54,22,23,55;24,45,9,42;48,49,57,50,45,30,10,12,24,25,40,15,37,2,8;33,51,22;33,51,23,19;3,37,15,16;1,26,22,47,19,33,5,11,35,50,53,49;15,20,25
sphere3_s7202_117 43 6,26,21;23,25,6;16,22,30,24;30,39,40,21,22;19,32,41,11,42,31;8,29,10,35,11,41,17;7,26,0,21,25,1,23,32;32,34,27,38,26,6;5,29,39,17;12,37,21,39,19,14;5,29,39,19,11,35;4,42,31,19,10,35,5,41;14,25,37,9;15,27,22;12,25,19,9;21,26,38,36,27,13,22;30,33,18,22,2,24;5,41,39,8;20,41,33,16,22;4,32,28,23,25,14,9,39,10,11,31;18,41,22;39,40,3,22,15,26,0,6,25,37,9;2,16,18,20,41,32,27,13,15,21,3,30;19,25,1,6,32,28;2,16,30;12,14,19,23,1,6,21,37;15,21,0,6,7,38;7,38,36,15,13,22,32,34;19,32,23;5,8,39,10;33,41,39,3,22,2,24,16;4,42,11,19;4,19,28,23,6,7,34,27,22,41;30,41,18,16;7,32,27;10,11,5;15,38,27;9,12,25,21;7,27,36,15,26;21,40,3,30,41,17,8,29,10,19,9;21,39,3;30,33,18,20,22,32,4,11,5,17,39;4,11,31
sphere3_s7202_118 52 32,47,29,3;6,15,32,24,9;18,22,40;29,32,0;5,16,18,50;16,46,40,50,4;24,31,44,7,34,45,11,22,29,32,15,1,9;6,44,45,34;13,27,48,38,37,40,22;1,24,6;20,40,21,12;22,45,6;10,20,33,21;22,45,44,36,35,49,27,8;49,51,41;1,6,32;5,46,32,47,18,4;20,23,40;40,50,4,16,47,29,22,2;35,51,41,25;10,40,17,23,32,33,12;33,40,10,12;11,45,13,8,40,2,18,29,6;32,40,17,20;6,31,26,32,1,9;19,35,36,41;24,31,44,33,32;33,40,48,8,13,49;33,36,43;3,32,6,22,18,47,0;33,43,36,41,42,49;6,24,26,44;3,29,6,15,1,24,26,33,20,23,40,46,16,47,0;36,44,26,32,20,12,21,40,27,49,30,43,28;7,45,6;13,36,25,19,51,49;33,44,13,35,25,41,30,43,28;38,40,8;37,40,48,8;41,49,42;18,50,5,46,32,23,17,20,10,21,33,27,48,38,37,8,22,2;19,51,14,49,39,42,30,36,25;30,41,39,49;30,33,28,36;33,36,13,45,7,6,31,26;11,22,13,44,7,34,6;5,16,32,40;18,29,0,32,16;8,38,40,27;14,51,35,13,27,33,30,42,39,41;18,40,5,4;19,35,49,14,41
sphere3_s7202_119 53 2,33,38,50,39,36;5,11,50;5,41,21,38,33,0,36,23,10,40,25,48,4,7;6,49,9,44,12;2,7,48;2,41,47,11,1,50,51,28,31,43,16,37,7;3,49,14,12;5,37,43,19,49,42,48,4,2;18,26,22,20,17,24;19,43,49,3,44;23,25,40,2;27,38,21,45,32,46,52,47,5,1,50;3,6,14,49,44;41,45,46;6,49,12;26,34,48,42;37,43,5;8,20,24;8,26,49,24;9,43,7,49,44;8,17,24,49,35,48,22;11,45,41,2,38;8,26,48,20;25,48,36,2,10;20,49,18,8,17;23,48,2,40,10;8,18,49,42,15,34,48,22;11,38,50;35,48,36,50,51,5,31,43;35,49,43;32,46,45;5,28,43;11,46,30,45;0,2,38;15,26,48;28,48,20,49,29,43;2,23,48,28,50,39,0;5,7,43,16;11,27,50,0,33,2,21;36,50,0;2,10,25;2,5,47,52,46,13,45,21;15,48,7,49,26;9,19,7,37,16,5,31,28,35,29,49;19,49,12,3,9;13,41,21,11,32,30,46;11,32,30,45,13,41,52;5,11,52,41;23,25,2,4,7,42,15,34,26,22,20,35,28,36;7,19,44,12,14,6,3,9,43,29,35,20,24,18,26,42;27,38,0,39,36,28,51,5,1,11;5,50,28;11,46,41,47
sphere3_s7202_120 50 29,49,35,20;2,42,7,4,39,21;4,7,42,1,21,25,41,24,5,12;11,31,47,14,44,39,24,32;2,7,1,39,12;24,39,12,2;10,34,26;2,4,1,42;15,30,38,43,36,19,9,22;14,19,8,22,39;6,34,48,13,27,21,26;19,43,32,3,31,47;5,39,4,2;23,34,48,10,27,18,17;9,19,29,16,20,28,47,3,44,39;8,30,26,46,39,22;20,29,14;18,23,13;17,23,27,13;11,43,36,8,9,14,29,35,20,47;16,29,0,35,19,47,28,14;26,39,1,2,25,23,27,10;15,39,9,8;17,18,27,21,25,34,13;5,39,3,32,43,38,41,2;23,34,40,37,26,41,2,21;21,39,33,46,15,30,38,41,25,37,34,6,10;18,23,21,10,13;14,47,20;14,19,35,49,0,20,16;8,15,26,38;3,11,47;11,43,24,3;26,46,39;6,10,48,13,23,25,40,45,37,26;29,49,0,20,19;8,43,19;25,40,45,34,26;26,30,8,43,24,41;21,26,33,46,15,22,9,14,44,3,24,5,12,4,1;25,37,45,34;2,25,26,38,24;2,7,1;11,19,36,8,38,24,32;3,39,14;34,40,37;26,33,39,15;14,28,20,19,11,31,3;10,13,34;29,35,0
sphere3_s7202_121 56 25,28,46,42;45,51,40,32;42,43,21;14,32,8,27,54,55,24;20,47,6,52,51,19,45,23,17;26,37,39;4,52,47;17,52,9,44;3,32,27;13,50,52,7,44,17;34,37,22,17,23;43,53,50,33;18,25,43,50;17,22,50,9;32,49,16,18,25,22,36,34,23,54,24,3;25,38,50,35,21,48,46,28;14,18,50,40,41,49;7,52,47,20,4,23,10,22,13,9,44;12,25,14,16,50;31,45,4,51,29;4,47,17;46,48,15,35,43,2,42;26,36,14,25,38,50,13,17,10,37;45,54,14,34,10,17,4;54,55,3,14;12,18,14,22,38,15,28,0,42,43;22,36,39,5,37;3,8,32,54;0,25,15,46;31,45,51,19;32,40,41;29,45,19;30,40,1,45,54,27,8,3,14,49,41;43,50,11;14,36,39,37,10,23;43,53,50,15,21;22,26,39,34,14;5,26,22,10,34,39;15,25,22,50;5,26,36,34,37;30,32,1,51,52,50,16,41;16,49,32,30,40;25,43,2,21,46,0;33,50,12,25,42,2,21,35,53,11;9,17,7;29,31,19,4,23,54,32,1,51;21,48,15,28,0,42;4,20,17,52,6;21,46,15;14,32,41,16;33,43,12,18,16,40,52,9,13,22,38,15,35,53,11;19,29,45,1,40,52,4;7,17,47,6,4,51,40,50,9;35,43,11,50;24,55,3,27,32,45,23,14;24,54,3
sphere3_s7202_122 54 21,36,25,7,2;14,53,22,42;7,21,0;17,47,26;21,23,12,27,52,40;25,46,34;29,45,23;0,25,21,2;17,28,53;43,48,18,13,47;14,27,52,19,39,28,53,33;18,38,44,51;4,27,45,23;32,47,9,18,51,44;27,31,20,50,34,35,37,17,24,16,22,42,1,53,33,10;34,35,30;44,49,53,22,14,24;3,47,44,24,14,37,28,8,53,49,26;41,44,49,47,48,9,13,51,11,38;46,52,10,39,37;14,50,34,31;0,36,45,29,23,4,40,46,25,7,2;14,16,53,1,42;4,21,29,6,45,12;14,17,44,16;0,36,31,34,5,46,21,7;3,17,49,47;14,31,45,12,4,52,10;37,39,10,53,8,17;6,45,21,23;34,46,35,15;14,27,45,36,25,34,20;13,47,44;10,53,14;25,31,20,50,14,35,15,30,46,5;37,46,30,15,34,14;0,21,45,31,25;35,46,19,39,28,17,14;11,18,41,44;28,37,19,10;46,52,4,21;18,44,38;1,22,14;9,48,47;16,49,18,41,38,11,51,13,32,47,17,24;6,29,21,36,31,27,12,23;19,52,40,21,25,5,34,30,35,37;3,17,44,32,13,9,43,48,18,49,26;18,47,43,9;16,44,18,47,26,17,53;14,20,34;13,18,11,44;19,46,40,4,27,10;1,14,33,10,28,8,17,49,16,22
sphere3_s7202_123 50 4,20,13;8,33,18,20,17,43,24,34,29,27,49,48;13,38,45,4;39,43,6,9;7,10,23,12,20,0,13,2,45,25;8,15,40,46,12,10;17,43,3,9;8,42,10,4,25,20;1,33,32,15,5,10,42,7,20,9,43,28,41,36,30,21,34,11,48;17,20,8,43,39,3,6;4,7,42,8,5,12,23;26,37,27,48,8,34;44,46,5,10,23,4,20,31;2,38,45,19,20,0,4;30,36,41,47,28,35;16,31,22,40,5,8,32,33;15,31,33;9,20,1,43,6;31,33,1,20;20,45,13;19,45,25,7,8,9,17,1,18,31,12,4,0,13;24,35,30,8,34;15,31,40;4,10,12;21,35,43,1,34;7,20,45,4;11,37,34;29,34,37,11,48,49,1;14,47,41,8,43,35;27,34,1;14,36,8,21,35;15,16,33,18,20,12,44,46,40,22;8,15,33;1,8,32,15,16,31,18;27,29,1,24,21,8,11,26,37;21,24,43,28,14,30;14,30,8,41;27,34,26,11;2,13,45;3,43,9;5,15,22,31,46;14,36,8,28,47;7,8,10;3,39,9,8,28,35,24,1,17,6;12,46,31;19,20,25,4,2,38,13;12,44,31,40,5;14,28,41;27,49,1,8,11;1,27,48
sphere3_s7202_124 60 2,38,59,28;25,46,17;0,38,48,12,35,41,28;55,58,36;10,20,54,44,29,58,25,5,7,8;15,25,4,7,19,11,33,34,22;13,27,31;4,8,51,19,5;33,51,7,4,10,26,46,25,56,37,22,34;35,39,48,12;4,20,32,42,26,8;33,51,19,5;2,48,9,35;23,27,6,31,30,38,59,49,21,52,46;15,24,16;22,37,16,14,24,25,5;15,37,24,14;1,46,36,55,25;50,54,20;7,51,11,5;4,10,32,46,52,21,50,18,54;45,53,40,50,20,52,13,49,57;15,37,8,34,5;13,27,31,46;25,56,37,16,14,15;24,56,8,46,1,17,55,58,4,5,15;10,42,32,46,8;13,23,31,6;46,59,0,2,41;44,58,4;46,47,38,13,31;6,27,23,46,30,13;20,46,26,42,10;8,51,11,5,34;8,33,5,22;39,43,41,2,12,9;44,45,57,59,46,17,55,3,58;15,22,8,56,24,16;0,2,48,47,30,13,59;35,43,41,48,9;21,50,54,53;28,46,48,39,43,35,2;10,32,26;35,39,41;36,45,53,54,4,29,58;21,53,44,36,57;1,25,8,26,32,20,52,13,23,31,30,47,48,41,28,59,36,17;38,48,46,30;38,47,46,41,39,9,12,2;57,59,13,21;18,54,40,21,20;8,33,11,19,7;20,46,13,21;21,45,44,54,40;18,50,40,53,44,4,20;3,58,25,17,36;24,25,8,37;36,59,49,21,45;3,55,25,4,29,44,36;28,46,36,57,49,13,38,0
sphere3_s7202_125 53 32,39,3,22,40,24,34,11,1,19,25,46,2;21,42,24,34,11,0,19;8,12,21,25,46,0,32,26,50,20,6;14,48,17,22,0,39,32,30,33;16,20,50,43,13,35;30,32,23,14,33;2,20,16,8;15,27,43,31,47;2,12,21,15,10,38,18,35,16,6;17,36,26,52,49;8,15,38;0,34,1;2,8,21;35,43,4;48,51,37,23,5,33,3;8,21,44,22,47,7,27,38,10;4,20,6,8,35;9,36,48,3,22,41,52,49;8,35,38;25,29,21,1,0;2,50,4,16,6;8,15,44,40,42,1,19,29,25,2,12;0,40,44,15,47,41,17,3;14,37,51,26,32,5;0,34,1,42,40;19,29,21,2,46,0;9,52,41,50,2,32,23,51,48,36;35,38,15,7,43,28;27,35,43;19,25,21;5,32,3,33;43,50,45,47,7;0,39,3,30,5,23,26,2;3,30,5,14;0,11,1,24;27,38,18,8,16,4,13,43,28;9,17,48,26;14,23,51;27,35,18,8,10,15;0,32,3;0,22,44,21,42,24;17,22,47,50,26,52;1,21,40,24;13,35,28,27,7,31,50,4;22,40,21,15;31,47,50;2,25,0;31,45,50,41,22,15,7;14,51,26,36,17,3;9,52,17;2,20,4,43,31,45,47,41,26;14,48,26,23,37;9,49,17,41,26
sphere3_s7202_126 46 9,44,32,8;20,43,19;4,14,7,23,8,13,41,34,45,42,27,28;7,14,4,5;2,14,3,5,40,36,25,23,37,6,33,15,28;7,23,40,4,3;4,33,38,37;3,14,2,23,5;13,32,0,9,42,26,23,2;0,44,20,16,31,17,45,29,42,8;30,42,24,22;12,38,15,27,18;24,38,11,18;8,32,19,43,17,34,41,2;3,7,2,4;33,38,11,27,28,4;20,43,31,9;9,45,39,34,13,43,31;24,35,27,11,12;32,44,20,1,43,13;16,43,1,19,44,9;23,40,36,25;30,35,24,10;2,8,26,24,37,4,25,21,40,5,7;18,35,22,10,42,26,23,37,38,12;4,23,21,36;24,42,8,23;30,42,2,28,15,11,18,35;4,15,27,2;42,45,9;27,42,10,22,35;9,17,43,16;19,44,0,8,13;15,38,6,4;39,45,2,41,13,17;18,24,22,30,27;21,25,4,40;24,38,6,4,23;15,33,6,37,24,12,11;34,45,17;4,5,23,21,36;13,34,2;27,30,10,24,26,8,9,29,45,2;16,20,1,19,13,17,31;0,9,20,19,32;29,42,2,34,39,17,9
sphere3_s7202_127 45 1,19,28,22,34,20;20,43,28,19,0;8,34,22,27;24,40,26,31,18,32;6,34,15,42;12,15,11;4,34,8,42;29,35,23,44,13;22,23,42,6,34,2,27;17,42,15,23;12,31,30,15,33;13,35,25,14,12,5,15;5,15,33,10,31,21,38,25,14,11;11,35,29,7,44,15;12,25,11;5,12,33,10,30,21,25,35,23,9,42,4,34,41,39,44,13,11;39,41,22;23,42,9;21,36,30,32,3,31;1,28,0;1,43,41,34,0;18,36,30,15,25,38,12,31;8,23,39,16,41,28,0,34,2,27;17,42,8,22,39,44,7,35,15,9;30,40,3,32;12,14,11,35,15,21,38;31,40,3;8,22,2;1,19,0,22,41,43;7,35,13;18,32,24,40,37,31,10,15,21,36;26,40,37,30,10,12,21,18,3;18,30,24,3;10,15,12;4,6,8,2,22,0,20,41,15;7,29,13,11,25,15,23;18,21,30;31,40,30;12,21,25;16,41,15,44,23,22;26,31,37,30,24,3;16,39,15,34,20,43,28,22;17,23,8,6,4,15,9;1,20,41,28;13,15,39,23,7
sphere3_s7202_128 47 15,23,46,33,32;29,37,10,8,4,45;4,35,25,19,8;8,35,44,31,16,6,19;1,8,2,35,45;8,20,14,24,11,43,34,35;19,25,16,3;30,32,33,46,17,26,15;3,35,5,20,45,37,42,10,1,4,2,19;27,38,17;1,8,42,37;5,43,28,39,45,14,24;18,27,38;17,22,28;5,24,11,45,20;26,41,40,46,23,0,32,30,7;25,35,36,44,31,3,6;9,27,28,13,22,46,7,26,38;26,35,27,12,38;6,25,2,8,3;5,8,45,14;40,41,43,28,22,46;13,17,46,21,28;0,15,46;5,14,11;6,19,2,35,16;15,41,35,18,38,17,7;9,38,12,18,35,45,28,17;11,39,45,27,17,13,22,21,43;1,37,45;7,32,15;3,16,44;7,30,15,0,33;7,46,0,32;35,43,5;3,8,5,34,43,41,26,18,27,45,4,2,25,16,36,44;16,44,35;1,29,45,8,42,10;9,27,12,18,26,17;11,28,45;21,41,15,46;15,26,35,43,21,40;8,37,10;5,11,28,21,41,35,34;16,36,35,3,31;11,39,28,27,35,4,1,29,37,8,20,14;21,22,17,7,33,0,23,15,40
sphere3_s7202_129 47 19,20,12,8,30;28,38,36,24,42,20,15,26,40;35,42,16,22,6;27,33,37,39,40,28,13,44;19,20,14,30;35,42,43,9,11;11,21,22,2,35;37,39,25,23,34,36;43,46,12,0,30;21,22,18,43,5,11;12,20,46,32;6,21,9,5,35;10,20,0,8,46,32;28,44,3;30,43,42,26,15,20,4;1,26,14,20;29,46,42,2,22;36,40,23,34;22,43,9;0,20,4,30;0,19,4,14,15,1,42,46,10,12;9,22,6,11;9,21,6,2,16,29,46,43,18;25,39,40,17,34,7;26,45,42,1,36;23,39,7;24,45,31,42,14,15,1,40,36;3,33,41,44;37,44,13,3,40,1,38;16,46,22;14,43,8,0,19,4;26,42,45;10,46,12;3,27,41,44,37;7,36,17,23;5,42,2,6,11;17,40,26,24,1,38,37,7,34;28,44,33,3,39,7,36,38;1,28,37,36;7,37,3,40,23,25;3,28,1,26,36,17,23,39;27,44,33;16,46,20,1,24,45,31,26,14,43,5,35,2;14,30,8,46,22,18,9,5,42;28,37,33,41,27,3,13;24,26,31,42;16,29,22,43,8,12,32,10,20,42
sphere3_s7202_130 53 4,23,44,50,46,1;46,50,4,0;4,5,38;15,51,17,32,52,23;0,23,5,2,38,15,42,30,18,13,27,19,7,50,1;2,4,23,37,20,15,38;16,42,30,15;25,31,50,4,19,45;25,33,26,11,36,44;19,25,45;39,49,43,35,48,12;26,33,36,8;22,31,40,39,10,48,14;21,51,34,18,4,27,19;12,22,40,48;16,42,4,38,5,20,37,23,3,51,30,6;6,42,15;3,51,21,47,28,32;30,34,13,4;9,25,29,21,13,27,4,7,45;5,15,37;13,51,17,47,25,29,19;12,31,41,50,44,40,14;0,4,5,37,15,3,52,32,28,33,36,44;41,50,31;9,19,29,21,47,28,33,8,44,31,7,45;11,33,8;4,19,13;25,47,17,32,23,33;19,25,21;34,51,15,6,42,4,18;12,22,41,24,50,7,25,44,40;23,52,3,17,28;23,36,11,26,8,25,28;30,51,13,18;43,48,10;23,33,11,8,44;15,20,5,23;2,5,15,4;40,49,10,12;39,49,48,14,22,44,31,12;24,50,22,31;6,16,15,4,30;48,49,10,35;23,36,8,25,31,40,22,50,0;9,19,7,25;1,50,0;25,28,17,21;43,49,40,14,12,10,35;39,40,48,43,10;24,41,22,44,0,46,1,4,7,31;13,21,17,3,15,30,34;23,32,3
sphere3_s7202_131 51 10,47,18,16,39,8,15,3,13;12,48,38,8,5;11,17,50,23,21,37;15,30,13,0;40,48,5,46,19,38;26,28,8,1,12,48,4,46;23,49,28,9,43,25;10,47,24,33,42,27,23,31,46,19;38,45,13,15,0,39,16,28,5,1;28,43,6;7,47,0,13,19;2,17,34,37;1,48,5;10,19,38,45,8,15,30,3,0;41,43,20,24,28;0,8,13,30,3;8,28,24,18,0,39;2,11,34,50;0,47,24,16;10,13,38,4,46,7;14,43,24;32,37,2,23,31,28;28,36,41;2,21,31,7,27,25,6,49,50;33,43,20,14,28,16,18,47,7;27,43,6,23;5,28,46;7,42,44,33,43,25,23;9,43,36,22,41,14,24,16,8,5,26,46,31,21,32,35,49,6;35,37,34;13,15,3;7,23,21,28,46;21,37,35,28;24,43,27,44,42,7;35,50,17,11,37,29;34,50,49,28,32,37,29;22,28,43,41;21,32,35,29,34,11,2;8,45,13,19,4,40,48,1;0,16,8;4,48,38;14,43,36,22,28;7,27,44,33;9,28,36,41,14,20,24,33,27,25,6;27,33,42;8,38,13;5,26,28,31,7,19,4;7,10,0,18,24;4,40,38,1,12,5;23,50,35,28,6;34,35,49,23,2,17
sphere3_s7202_132 44 2,33,26,8;4,17,13,10;32,35,31,16,33,0,8,5;21,32,23,27;1,17,34,41,26,6,10;2,8,32;10,26,4;40,42,34;0,2,5,32,43,26;15,43,39,32,17,37,40;18,20,11,28,26,6,4,1,13,17;20,26,19,28,10;18,36,17,26;1,17,10;17,29,18,30;26,43,9,40,24;23,26,33,2,31,27;23,26,12,36,29,14,30,18,10,13,1,4,34,37,9,32;10,20,26,12,36,29,14,30,17;11,26,38,28;10,18,26,11;31,35,32,3,27;26,40,41;17,26,16,27,3,32;26,40,15;26,28,38;17,23,16,33,0,8,43,15,24,40,22,41,4,6,10,28,25,38,19,11,20,18,12;21,31,16,23,3;25,26,10,11,19,38;14,17,36,18;14,17,18;2,16,27,21,35;39,43,8,5,2,35,21,3,23,17,9;0,2,16,26;37,42,7,40,41,4,17;2,32,21,31;12,18,29,17;34,42,40,9,17;19,26,25,28;32,43,9;7,42,37,9,15,24,26,22,41,34;34,40,22,26,4;7,40,37,34;32,39,9,15,26,8
sphere3_s7202_133 44 9,32,29,20;17,35,23,7;40,41,24,16,10,31;11,37,17;22,43,19;15,25,34,42;26,30,38,34,28,23,8,17,11;1,17,23;6,17,23;20,32,0;16,31,2;14,36,37,3,17,6,26,12;14,36,41,26,11;19,27,18;12,36,11;5,25,36,17,35,28,34,42;10,31,39,33,29,36,24,2;1,35,15,36,37,3,11,6,8,23,7;19,43,22,38,41,40,31,27,13;22,33,39,27,13,18,43,4;9,32,22,29,0;27,31,39;4,43,18,38,34,29,20,32,33,19;28,35,1,7,17,8,6;2,16,36,41;5,15,36,34;6,30,41,12,11;18,31,21,39,19,13;15,34,6,23,35;20,22,34,36,16,33,32,0;6,26,41,38;10,16,39,21,27,18,40,2;9,20,22,33,29,0;19,22,32,29,16,39;15,28,6,38,22,29,36,25,5,42;1,17,15,28,23;15,25,34,29,16,24,41,12,14,11,37,17;3,11,36,17;30,41,18,22,34,6;16,31,21,27,19,33;2,41,18,31;30,38,18,40,2,24,36,12,26;5,15,34;4,22,18,19
sphere3_s7202_134 56 7,41,25,44;42,50,32,36,15,29;49,50,32;17,44,13,20,37;35,51,24,50,31,14,39,10;18,26,49,28,16,6;20,21,30,44,35,55,39,33,16,5,18,27,8,40,47,38,17,9;43,44,0,41,25,24;27,52,49,23,48,12,17,38,47,40,6;6,20,37,17;39,55,35,4;21,44,30;17,44,22,48,8;3,44,20;4,31,39;32,36,1,29,39,49;5,28,19,39,33,6;12,44,3,37,9,6,38,8;5,26,27,6;16,28,45,39;6,21,44,13,3,37,9;6,20,44,11,30;34,44,12,48,46;8,48,53,49;4,51,35,25,7,43,50;7,24,35,44,0,41;5,18,27,49;8,52,49,26,18,6;5,16,19,45,49;42,54,31,39,15,1;6,21,11,44;29,54,50,4,14,39;15,36,1,50,2,49;6,39,16;22,44,43,50,46;4,51,24,25,44,6,55,10;15,32,1;3,17,9,20;8,47,6,17;14,31,29,15,49,45,19,16,33,6,55,10,4;6,8,47;0,7,25;29,54,50,1;7,44,34,50,24;7,43,34,22,12,17,3,13,20,21,11,30,6,35,25,0;39,49,28,19;34,50,48,22;8,38,6,40;49,53,23,8,12,22,46,50;48,53,23,8,52,27,26,5,28,45,39,15,32,2,50;34,46,48,49,2,32,1,42,54,31,4,24,43;4,35,24;8,27,49;48,49,23;29,42,50,31;6,39,10,35
sphere3_s7202_135 49 14,17,27,24,33,48,12,41,26,46,5;8,44,30,39,31,34,14,45,29,6,23,38;3,25,31,9,7,35,21,36;2,25,10,36;28,32,41,43,48;21,36,20,14,0,46,7;18,23,1,29;9,46,5,21,35,2;1,44,30,32,27,40,38;7,46,31,2;22,31,36,3,25,15;13,23,27;43,48,0,41;19,23,11,27;20,34,1,45,16,17,0,5;25,31,22,10;14,45,17;18,23,19,27,0,14,16,45;17,23,6,29,47,45;13,23,17,27;14,34,36,5;5,36,2,35,7;10,31,15;17,18,6,1,38,40,27,11,13,19;27,32,42,48,33,0;2,3,10,15,31;0,46,37,39,41;24,32,8,40,23,11,13,19,17,0;32,48,4;18,47,45,1,6;32,39,1,44,8;2,9,46,37,39,1,34,36,10,22,15,25;28,48,42,24,27,8,30,39,41,4;24,48,0;14,20,36,31,1;2,7,21;5,21,2,3,10,31,34,20;26,46,31,39;8,40,23,1;1,31,37,26,41,32,30;8,38,23,27;4,32,39,26,0,12,43;32,48,24;12,48,4,41;1,8,30;18,47,29,1,14,16,17;7,9,31,37,26,0,5;18,29,45;28,32,42,24,33,0,12,43,4
sphere3_s7202_136 59 38,45,9,55;40,46,53,2,37,52,18;46,53,1,37,24,25,23,44,3,29,5,10,19,41,30;29,39,20,21,44,2;18,45,17,40;17,45,22,31,36,39,29,2,10;25,54,16,21;8,49,12,28,58,50,9,14,57;7,49,33,57;38,56,14,7,50,58,45,0,55;40,42,34,46,19,2,5,17;42,47,46;7,28,58,45,18,15,48,22,33,51,49;26,56,14;26,57,7,9,56,13;22,48,12,18,52;23,35,54,6,21;5,45,4,40,10;4,45,12,15,52,1,40;10,46,41,2;22,36,39,3,21,25,37,52;3,44,23,16,6,25,20;20,36,31,5,45,38,33,12,48,15,52;16,35,54,25,2,44,21;25,37,2;6,54,23,2,24,37,20,21;13,56,38,43,33,32,57,14;34,42,47,46;7,12,58;3,39,5,2;2,46,41;5,36,22;33,57,26;32,57,8,49,51,12,22,38,43,26;27,42,10,46;16,23,54;20,22,31,5,39;20,52,1,2,24,25;9,56,26,43,33,22,45,0,55;3,29,5,36,20;10,42,46,1,18,4,17;2,19,46,30;10,40,46,11,47,27,34;33,38,26;3,21,23,2;4,18,12,58,9,0,38,22,5,17;1,40,42,11,47,27,34,10,19,41,30,2,53;27,46,11,42;15,22,12;7,8,33,51,12;7,58,9;12,49,33;20,37,1,18,15,22;2,46,1;6,25,23,35,16;0,9,38;13,26,38,9,14;32,33,8,7,14,26;7,50,9,45,12,28
sphere3_s7202_137 49 6,20,45,14,41,40,35,5,31,47,33,37,36,48;4,23,2;23,39,4,1;4,25,42;26,42,3,25,10,31,12,5,23,1,2,39;9,28,38,23,4,12,31,0,35,40;0,20,48;23,44,30;13,23,46,26,44,30,16;5,28,38,15,41,40;33,47,29,31,4,25,26,17,20,37,19;13,32,21,24,27;4,31,5;8,23,21,32,11,27,34,24,16;17,45,0,41,22,26;9,41,22,38;8,13,24,21,23,30;14,45,20,10,26;26,46,23,38;10,33,37;0,6,48,37,10,17,45;13,23,16,24,11,32;26,38,15,41,14;8,13,21,16,30,7,44,39,2,1,4,5,38,18,46;11,27,34,13,16,21;42,43,26,10,4,3;22,38,18,46,8,44,39,4,42,43,25,10,17,14;13,34,24,11;5,9,38;31,47,10;16,23,7,44,8;29,47,0,5,12,4,10;13,21,11;0,47,10,19,37;13,27,24;5,40,0;37,48,0;36,48,20,10,19,33,0;9,28,5,23,18,26,22,15;2,23,44,26,4;5,35,0,41,9;9,15,22,14,0,40;25,43,26,4,3;25,42,26;7,23,39,26,8,30;14,17,20,0;18,26,8,23;0,33,10,29,31;36,37,20,6,0
sphere3_s7202_138 41 4,9,39,26,13,18,3,31;5,7,22,4,15;7,22,24,5;24,31,0,18,39,4,10,8,21;3,10,38,6,40,22,1,15,5,31,0,9,32,39;1,7,2,24,31,4,15;10,38,4,40;1,5,2,22;11,14,12,23,10,3,21,34,24,22;0,4,32,39;22,27,19,23,8,3,4,38,6,40;8,14,35,22;23,25,28,19,17,14,8;26,39,18,0;8,11,35,29,22,27,33,19,17,12;4,5,1;19,23,20;12,14,19;0,13,39,3;20,36,28,12,17,14,33,27,10,23,16;19,36,30,37,23,16;3,8,34,24;10,27,14,29,35,11,8,24,2,7,1,4,40;25,37,20,16,19,10,8,12;3,31,5,2,22,8,34,21;23,37,36,28,12;0,39,13;10,22,14,33,19;19,36,25,12;22,35,14;36,37,20;3,24,5,4,0;4,39,9;14,27,19;8,24,21;22,29,14,11;19,20,30,37,25,28;23,25,36,30,20;6,10,4;3,4,32,9,0,26,13,18;10,22,4,6
sphere3_s7202_139 44 5,10,12,37;4,17,33,30,38;3,38,28;30,38,2,28,32,16,24;1,17,18,7,34,38;0,10,13,11,40,30,34,12,37;23,43,15;30,34,4,18,36,33;16,29,25,13;27,31,36,19;0,5,13,34,12;5,13,40;10,34,5,37,0;8,16,24,40,11,5,10,34,25;20,27,18;6,23,21,42,43;8,29,32,3,24,13;1,4,18,35,36,33;20,35,17,4,7,36,31,27,14;9,27,39,20,35,36;14,27,39,19,35,18;34,43,42,15,23,22,41,32,29;21,23,41;6,43,34,41,22,21,15;30,40,13,16,3;8,13,34,29;28,32,41,34;9,31,18,14,20,39,19;26,32,3,2,38,34;8,16,32,21,34,25;3,38,1,33,7,34,5,40,24;9,27,18,36;26,28,3,16,29,21,41;1,17,36,7,30;21,43,23,41,26,28,38,4,7,30,5,12,10,13,25,29;18,20,19,36,17;9,19,35,17,33,7,18,31;0,5,12;3,30,1,4,34,28,2;19,27,20;24,30,5,11,13;21,32,26,34,23,22;15,21,43;21,34,23,6,15,42
sphere3_s7202_140 60 8,12,46;31,53,6,42,7,28,2;26,51,53,31,1,28,40,20;25,57,9,28,24,8,11,50;18,54,36;17,34,38,39;1,42,22,16,53;28,42,1;12,40,24,3,11,33,46,0;3,28,57;29,59,32,42,22,16,39,17,14;25,50,3,8,33,36,27,49,55,44,56,58;8,40,19,36,46,0;18,54,27,23,45,42,32,52,37,38,39,20;30,43,17,10,29,32;26,47,39;10,22,6,53,35,48,39;32,43,14,10,39,5,34,52;4,54,13,20,36;12,36,40;26,47,39,13,18,36,40,2;29,59,32;6,42,10,16;13,27,45;28,40,8,3;11,50,3,57,56,58;2,51,53,39,15,47,20;42,45,23,13,54,36,11,49,56;56,57,9,3,24,40,2,1,7,42;10,59,21,32,14;14,43,32;1,53,2;17,43,30,14,29,21,59,10,42,13,52;8,46,41,36,11;5,17,52,38;39,48,16,53;33,41,46,12,19,40,20,18,4,54,27,11;13,52,38;13,37,52,34,5,39;35,48,16,10,17,5,38,13,20,47,15,26,53;8,12,19,36,20,2,28,24;33,36,46;1,6,22,10,32,13,45,27,56,28,7;14,30,32,17;11,56,49,55;27,42,13,23;8,33,41,36,12,0;20,26,15,39;35,39,16;11,27,56,44,55;11,25,3;2,26,53;17,32,13,37,38,34;1,31,2,51,26,39,35,16,6;4,18,13,27,36;44,49,11;28,57,25,58,11,44,49,27,42;28,56,25,3,9;11,56,25;10,29,21,32
sphere3_s7202_141 56 32,48,2,22,45;17,36,45,38,27,15,50,2;0,22,17,1,50,39,29,48;11,49,55,30,23,15;44,52,26,41,43;24,25,42,26,54,47;7,33,28;6,33,46,26,44,32,48,28;13,47,24,15,51;17,36,22;30,40,21;3,49,15;36,45,22;8,47,54,51;29,39,33,28,48;37,53,42,25,24,8,51,34,16,50,1,27,55,49,11,3,23,40;31,39,50,15,34,35;1,36,9,22,2;26,53,37,21,30,32,41;31,33,39;31,33,35;10,30,18,37,40;0,2,17,9,36,12,45;30,40,15,3;5,25,15,8,47;5,24,15,42;7,46,33,35,34,54,5,42,53,18,41,4,52,44;30,55,15,1,38,45,32;6,7,48,14,33;14,39,2,48;10,40,23,3,55,27,32,18,21;16,39,19,33,20,35;0,48,7,44,41,18,30,27,45;6,7,46,26,35,20,31,19,39,14,28;16,35,26,54,51,15;26,33,20,31,16,34;1,17,9,22,12,45;15,53,18,21,40;27,45,1;16,31,19,33,14,29,2,50;10,30,23,15,37,21;18,32,44,43,4,26;15,53,26,5,25;41,44,4;41,43,4,52,26,7,32;27,32,0,22,12,36,1,38;7,26,33;5,24,8,13,54;0,32,7,28,14,29,2;3,11,15,55;16,39,2,1,15;15,34,54,13,8;4,44,26;15,37,18,26,42;26,34,51,13,47,5;27,30,3,49,15
sphere3_s7202_142 42 6,20,34,24,8,15,38,7,28,40;23,32,39,11,35,18,40,3;8,15,24;9,36,10,15,24,21,40,1,23,4;3,23,9;13,14,22,27,41;0,20,40;0,28,38;0,15,2,24;3,36,23,4;3,15,38,36;1,35,39;31,38,36,23;5,14,19,40,41;5,13,19,37,40,22;0,8,2,24,3,10,38;27,40,41;25,29,32,23;35,38,28,40,1;37,40,13,14;0,6,40,33,26,27,34;27,40,3,24,34;30,40,14,5,27,33;9,36,12,31,38,25,17,32,1,3,4;0,8,2,15,3,21,34;17,29,32,35,38,23;20,33,27;16,40,21,34,20,26,33,22,5,41;0,7,38,18,40;17,25,32;22,40,33;12,38,23;35,39,1,23,17,29,25;22,30,40,20,26,27;20,27,21,24,0;32,39,11,1,18,38,25;3,9,23,12,38,10;19,40,14;18,35,25,23,31,12,36,10,15,0,7,28;32,35,11,1;16,27,21,3,1,18,28,0,6,20,33,30,22,14,37,19,13,41;5,13,40,16,27
sphere3_s7202_143 41 3,7,32;19,23,17;17,33,10,31,6,14;4,10,33,13,5,15,35,7,0,32,23,40,21,16,8,39,20;3,10,30,16,39,26,20;15,36,13,3;2,14,16,30,10,31;0,3,35,23,32;3,39,16;34,37,11;3,4,30,6,31,2,33;28,37,9,34,29,17,21;15,35,23,33,13,36;3,5,36,12,33;2,6,16,37,17;12,35,3,5,36;21,37,14,6,30,4,39,8,3;2,33,19,1,23,21,11,29,37,14;26,39,20;17,33,23,1;18,39,3,4,26;28,37,16,3,40,24,27,25,23,17,11;23,27,25,38;24,27,22,38,25,21,17,1,19,33,12,35,7,32,3,40;23,27,21,40;21,27,22,38,23;18,39,4,20;23,24,21,25,22;21,37,11;11,17,37,34;6,16,4,10;6,10,2;0,7,23,3;2,17,19,23,12,13,3,10;9,37,29,11;12,15,3,7,23;5,15,12,13;21,28,11,9,34,29,17,14,16;23,25,22;3,8,16,4,26,18,20;23,24,21,3
sphere3_s7202_144 53 45,46,43,23,10,37,36;34,42,50,31,20,17,44;17,24,12;19,38,35,39,13;29,50,14,7;6,8,11,32,38,16,49,33,50,31;5,8,32,51,40,31;4,14,22,38,52,25,43,23,50,29;5,6,32,11;26,43,45;23,37,0;5,8,32;17,34,24,2;35,38,15,19,3,39;30,38,22,7,4,50;13,19,27,38;38,49,5;2,24,20,1,44,34,12;30,50,38;3,38,49,43,27,15,13;1,31,24,17;31,40,38,28;14,38,7;10,37,50,7,43,0;2,17,20,31,28,38,34,12;43,52,7;43,46,45,9;38,41,52,43,19,15;24,38,21,31;4,50,7;18,50,14,38;21,40,6,5,50,1,20,24,28;8,11,5,38,51,6;5,49,37,50;24,38,47,42,1,44,17,12;13,38,3,39;0,45,37;10,23,50,33,49,48,43,45,36,0;16,49,19,3,35,13,15,27,41,52,7,22,14,30,18,50,42,47,34,24,28,21,40,51,32,5;13,35,3;21,31,6,51,38;27,38,52;1,34,47,38,50;26,46,0,23,7,25,52,27,19,49,48,37,45,9;1,17,34;0,46,26,9,43,37,36;0,45,26,43;34,42,38;43,49,37;16,38,19,43,48,37,33,5;18,30,14,4,29,7,23,37,33,5,31,1,42,38;6,32,38,40;38,41,27,43,25,7
sphere3_s7202_145 59 9,44,48,41;6,33,29,35,54,39,15,43,46,16;16,50,23,38,48,41,9;20,38,55;26,28,34;18,58,24,19,30;1,33,20,55,16;13,57,17,46,43;24,53,57,15,45,52;0,44,48,38,16,2,41;37,56,51,36,15,31,40,39;33,35,29;23,30,24,25,16,50;7,57,15,43;51,56,37;27,47,52,45,8,57,13,43,1,39,40,22,31,10,36;2,50,12,25,24,46,1,6,55,38,9;24,46,7,57,53;5,58,24,30;5,24,37,23,30;3,38,42,49,33,6,55;47,52,24;15,31,40;12,30,19,37,39,38,2,50;17,46,16,25,12,30,18,58,5,19,37,27,47,21,52,8,53;12,16,24;33,49,32,34,4,28;24,37,36,15,47;4,26,33,34;11,33,1,35;12,23,19,5,18,24;15,22,40,10;35,39,49,26,34;1,6,20,49,26,28,34,35,11,29;33,35,32,26,4,28;32,39,54,1,29,11,33,34;10,51,37,27,15;24,27,36,51,14,56,10,39,23,19;42,49,39,23,2,48,9,16,55,3,20;32,35,54,1,15,40,10,37,23,38,49;10,39,15,22,31;0,9,2,48;38,49,20;7,46,1,15,13;0,9,48;15,52,8;17,24,16,1,43,7;15,27,24,21,52;0,41,2,38,9,44;38,42,20,33,26,32,39;2,16,12,23;14,56,10,36,37;21,47,15,45,8,24;8,24,17,57;1,39,35;3,38,16,6,20;14,51,10,37;7,13,15,8,53,17;5,18,24
sphere3_s7202_146 60 31,37,27,55;21,26,22,16,36,25,56;23,45,32,50,35;20,43,54,40,4,44,39,16,24,57;3,44,39,17,28,52,40;11,22,29,46,45,14;19,53,32;9,32,16,39,17,53;46,58,18,22,29;7,32,19,53;14,15,45,43,41,16,11;5,22,16,10,14;16,43,47;23,32,50,35;15,45,5,11,10;14,45,10;43,57,24,3,39,7,32,49,56,25,36,1,22,11,10,41,47,12;4,28,51,32,53,7,39;26,46,58,8,22;6,53,9,32;3,43,48,59,57;1,26,46,56;5,11,16,1,26,18,8,29;33,45,2,35,13,32,30,37,31,55;3,16,57;16,36,1,56;1,21,46,18,22;30,37,0,55;4,17,51,32,55,54,40,38,52;8,46,5,22;27,37,23,32,55;0,37,23,55;13,23,30,55,28,51,17,53,6,19,9,7,16,49,42,45,2,50;23,45,55;45,56,46;2,23,13,50;1,16,25;27,30,23,31,0;40,52,28;4,44,3,16,7,17;38,52,4,3,54,28;43,47,16,10;32,45,56,49;3,20,48,57,16,12,47,41,10,45,55,54;3,4,39;23,33,55,43,10,15,14,5,46,34,56,42,32,2;18,26,21,56,34,45,5,29,8,58;41,43,12,16;20,43,57,59;16,56,42,32;2,32,13,35;17,28,32;38,40,4,28;6,19,9,7,17,32;28,40,3,43,55;27,30,32,28,54,43,45,33,23,31,0;16,49,42,45,34,46,21,1,25;16,43,48,59,20,3,24;8,46,18;20,57,48
sphere3_s7202_147 54 4,45,17;31,35,2,44,42,41,36,14,15,16,3;1,35,52,44;33,34,16,1,31,43,48,23;18,45,0,17,20;31,37,35,52,42,41,16;16,23,17,13;25,51,19,53,23,32,8,38,30,21;21,47,38,7,32,23;21,24,11;16,26,48;48,49,24,9,21,23;18,20,39;20,27,17,6,16,26,51;36,50,29,15,1;28,41,16,1,14,29;10,26,13,6,23,34,3,1,15,41,5,31,43,48;20,51,22,23,6,13,27,39,18,45,0,4;4,45,17,39,12,20;22,51,7,53;17,51,13,27,39,12,18,4;9,24,26,25,7,30,38,47,8,23,11;19,51,17,23,53;3,33,46,34,16,6,17,22,53,7,32,8,21,11,48;9,21,26,48,40,49,11;7,51,26,21;21,24,48,10,16,13,51,25;13,20,39,17;15,41,36,29;36,50,14,15,28;7,38,21;1,35,37,5,16,43,3;8,23,7;3,34,46,23;3,33,46,23,16;1,31,37,5,52,2;14,50,29,28,41,1;5,31,35;8,47,21,30,7;17,18,12,20,27;24,48,49;15,28,36,1,42,5,16;1,44,52,5,41;3,31,16,48;1,42,52,2;4,18,17,0;33,34,23;8,21,38;11,49,40,24,26,10,16,43,3,23;11,48,40,24;14,36,29;17,20,13,26,25,7,19,22;42,44,2,35,5;22,23,7,19
sphere3_s7202_148 43 4,41,31,32,2,33,26,15,7,14;3,11,21,25;17,33,0,32;22,25,1,11,12,10;8,14,0,41,32,17,21;40,42,14;12,39,8,16,10;13,27,14,0,15,19,20;4,14,40,29,10,16,6,39,21;18,23,40,29,21,30,33;3,12,6,16,8,29,21,22;1,3,12,21;21,39,6,10,3,11;34,38,24,36,37,28,20,7,27;4,8,40,5,42,34,27,7,0;19,20,28,26,0,7;8,10,6;2,33,30,21,4,32;9,23,40,24,33;15,20,7;15,19,7,13,28;12,39,8,4,17,30,9,29,10,22,25,1,11;3,25,21,10;9,18,40;38,40,18,33,36,13;3,22,21,1;33,36,28,15,0;13,34,14,7;15,20,13,37,36,26;8,40,9,21,10;17,33,9,21;0,32,41;4,17,2,0,31,41;26,36,24,18,9,30,17,2,0;13,38,42,14,27;40,42,38;26,33,24,13,37,28;13,36,28;24,40,35,42,34,13;12,21,8,6;24,38,35,42,5,14,8,29,9,23,18;0,4,32,31;5,40,35,38,34,14
sphere3_s7202_149 56 21,27,18,11,9,48,4,37,7,53,13,26;7,33,24,20,53;25,46,44,16,40,12,10,38,19,39,43;29,34,26,5,41,13,32,6;7,24,20,50,54,42,13,29,44,9,48,0,37;13,41,3,26;8,13,29,3,32;0,37,4,24,33,1,53;6,13,47,32;0,48,4,44,11;12,38,2;0,9,44,27,18;10,38,19,27,40,2;6,8,47,49,51,32,3,41,5,26,0,53,17,42,4,29;30,52,43,25,39,55,31;21,34,27;27,40,2,44;42,54,28,20,53,13;0,11,27;27,34,29,44,39,2,38,12;17,53,1,24,4,50,28;0,27,15,34,26;30,31,39,52;36,47,49,35,45,32;4,7,33,1,20;44,46,2,43,14,39;21,34,3,5,13,0;16,40,12,19,34,15,21,0,18,11,44;50,54,17,20;3,34,19,44,4,13,6;14,52,22,31;22,30,14,55,39;49,51,13,3,6,8,47,36,23,45;1,7,24;19,27,15,21,26,3,29;23,45,49;23,47,32;0,7,4;10,12,19,2;22,52,43,2,19,44,25,14,55,31;16,27,12,2;5,13,3;17,54,4,13;14,52,39,2,25;25,46,2,16,27,11,9,4,29,19,39;32,49,35,23;25,44,2;23,36,32,8,13,49;0,9,4;13,51,32,45,35,23,47;28,54,4,20;13,49,32;14,30,22,39,43;0,13,17,20,1,7;28,50,4,42,17;14,39,31
sphere3_s7202_150 51 13,44,29,36,25,4,27,15,31;26,42,14,27;18,38,20;28,38,12,17,27,22,46,37,8,40,33;13,31,17,27,0,25;18,30,12;7,30,17,45,26,48,39,41,32,34,16,18;21,47,30,6,18,23;26,48,50,40,3,37,46;21,24,11,47;11,47,43,23;10,47,9,24,21,23;18,38,3,17,30,5;0,44,36,25,4,31;15,27,1,42,31;0,27,14,31;18,34,6;12,30,6,45,31,4,27,3;2,38,12,5,30,23,7,6,16,34,20;34,50,32;28,33,34,18,2,38;7,47,9,24,11,23;3,27,46;7,18,30,43,10,11,21;9,21,11;0,36,13,4;35,42,1,27,46,8,48,6,45;3,22,46,26,1,14,15,0,4,17;3,38,20,33;0,44,36;12,17,6,7,47,43,23,18,5;4,13,0,15,14,42,49,45,17;6,41,50,19,34;40,50,34,20,28,3;16,18,20,33,50,19,32,6;26,42,45;0,25,13,44,29;3,8,46;2,18,12,3,28,20;48,50,41,6;8,50,33,3;6,32,50,39;26,35,45,49,31,14,1;10,23,30,47;0,13,36,29;31,49,42,35,26,6,17;22,27,26,8,37,3;7,21,9,11,10,43,30;8,26,6,39,50;31,45,42;8,40,33,34,19,32,41,39,48
sphere3_s7202_151 48 2,10,18,6,9;16,43,35,28;16,41,10,0,9,33,12,13,45,11,22,37,8,4,21,47,36,7,32;33,34,13,20,39,38,9;2,21,45,27,37,8;15,32,19,35,43;10,41,17,35,9,0,18;36,40,14,30,25,32,2;2,4,37;2,33,3,38,39,20,35,6,0;6,41,2,0,18;22,37,27,45,2;2,13,34,33;21,23,45,2,12,34,3,20;40,47,30,7;5,32,43;2,41,31,44,29,28,1,43,26,32;24,41,6,35,42;0,10,6;32,35,5;21,30,35,9,39,3,13;2,4,45,23,13,20,30,47;2,37,11;21,45,13;17,41,44,42;30,35,32,7;43,46,32,16;4,45,11,37;35,44,29,16,1;16,28,44;25,35,20,21,47,14,7;16,41,44;5,15,43,46,26,16,2,7,25,35,19;3,34,12,2,9;3,33,12,13;19,32,25,30,20,9,6,17,42,44,28,1,43,5;7,40,47,2;2,22,11,27,4,8;3,9,39;3,38,9,20;14,47,36,7;2,16,31,44,24,17,6,10;24,44,35,17;26,46,32,15,5,35,1,16;28,35,42,24,41,31,16,29;21,23,13,2,11,27,4;26,43,32;14,40,36,2,21,30
sphere3_s7202_152 58 45,49,53;8,53,10,35,3;8,50,30,43;21,55,15,37,35,1,8,57;17,19,20,21,55,28,37,26,48,39;7,16,46,34;8,22,16,57;5,16,40,34;6,22,43,2,50,44,12,53,1,3,57;27,38,51,24;23,35,1,53,49,29,50;19,25,20,54,35,38,27,52;41,44,8,53,45,49,29;42,48,19,52;33,55,31,28,37;37,55,3;5,7,40,57,6,22,46;4,19,48,39;30,50,43;11,25,20,4,17,48,13,52;11,54,21,4,19,25;3,55,4,20,54,46,56,57;6,8,43,50,23,32,35,54,46,16;10,35,32,22,50;36,51,9,27,47,52,26;11,19,20;42,48,4,37,38,36,24,52;11,38,9,24,47,52;4,37,14,31,55;10,50,41,12,49;18,50,2,43;14,28,55;23,35,22;14,55,37;46,57,40,7,5;10,23,32,22,54,11,38,37,3,1;24,51,38,26;4,28,14,33,55,15,3,35,38,26;11,27,9,51,36,26,37,35;17,48,4;7,34,57,16;12,44,50,29;26,48,13,52;18,30,2,8,22,50;12,41,50,8;12,49,0,53;56,57,34,5,16,22,54,21;27,52,24;26,42,13,19,17,39,4;10,53,0,45,12,29;10,29,41,44,8,2,30,18,43,22,23;24,36,38,9;11,27,47,24,26,42,13,19;10,49,0,45,12,8,1;11,20,21,46,22,35;15,37,33,14,31,28,4,21,3;46,57,21;46,56,21,3,8,6,16,40,34
sphere3_s7202_153 43 7,30,14;11,29,23,3,10,2,38,37,32;1,38,33,21,39,25,10;5,13,23,1,10,33,7,6,17,26;16,22,7;12,26,3,13,20;9,16,7,3,17,24,29,30,42;0,30,11,34,19,33,3,6,16,4,22,14;33,37,11,40,34,18;6,16,30,15,42;21,25,2,1,3,33;27,29,1,32,35,37,8,40,34,7,30;5,26,20;20,29,23,3,5;16,41,22,7,0,30;30,42,9;6,9,30,14,41,22,4,7;24,31,26,3,6;19,34,8,33,28;7,33,28,18,34;13,29,36,31,26,12,5;10,25,39,2,33;4,16,41,14,7;1,29,13,3;17,31,29,6;10,21,39,2;5,12,20,31,17,3;11,29,30;18,33,19;11,27,30,6,24,31,36,20,13,23,1;0,7,11,27,29,6,42,15,9,16,14;29,36,20,26,17,24;1,37,35,11;7,19,28,18,8,37,38,2,21,10,3;18,19,7,11,40,8;11,37,32;29,31,20;8,33,38,1,32,35,11;1,2,33,37;2,21,25;8,34,11;14,16,22;15,30,6,9
sphere3_s7202_154 48 10,33,42;39,43,47;18,38,41,46;4,28,6,14,25,9,29,7,42,33,17,43,39;3,28,39;26,32,43;12,35,38,26,19,36,28,3,14,27;25,42,3,29,9;17,22,21,42,10,33;3,29,7,25;0,33,8,42;23,35,37,27,14,46;27,37,15,20,24,34,16,35,6;15,24,20;3,25,46,11,27,6;16,24,13,20,12,37,30;15,24,34,12,35,30;8,22,44,40,43,3,33;2,38,35,46;6,36,26;12,24,13,15;22,42,8;21,42,26,43,40,44,17,8;11,35,46;15,16,34,12,20,13;3,14,46,42,7,9;41,42,22,43,5,32,36,19,6,38;12,37,11,14,6;32,39,4,3,6,36;3,9,7;15,16,35,37;41,45,46;28,39,47,43,5,26,36;0,10,8,17,3,42;12,16,24;18,38,6,12,16,30,37,11,23,46;28,32,26,19,6;12,27,11,35,30,15;2,18,35,6,26,41;28,32,47,1,43,3,4;22,44,17,43;26,42,45,31,46,2,38;21,22,26,41,45,46,25,7,3,33,0,10,8;3,39,1,47,32,5,26,22,40,17;22,40,17;42,46,31,41;42,45,31,41,2,18,35,23,11,14,25;1,39,32,43
sphere3_s7202_155 47 25,36,23,12,46;17,31,16,37;25,32,12,34,15;13,22,20,26,38,23,9,35,12;13,24,22,30,11;7,37,39,6,10;5,10,11,8,39;10,11,34,25,33,21,19,45,17,37,5;11,30,22,17,31,14,39,6;12,23,3,35;7,11,6,5;7,10,6,8,30,4,13,12,34;25,46,0,23,9,35,3,13,11,34,2,32;3,22,24,4,11,12;8,31,37,39;2,25,34;1,31,42,37;19,22,8,31,1,37,7,45;23,43,21,33,40,44;17,22,20,41,43,21,7,45;27,41,19,22,3,26,38;19,43,18,33,7;3,13,24,4,30,8,17,19,20;18,43,38,3,9,12,0,36,28,40,44;4,13,22;12,46,0,36,28,29,33,7,34,15,2,32;20,38,3;20,41,38;29,40,23,36,25;28,40,33,25;8,11,4,22;8,14,37,42,16,1,17;12,25,2;18,40,29,25,7,21;2,12,11,7,25,15;3,9,12;0,25,28,23;5,7,17,1,16,42,31,14,39;41,43,23,3,26,20,27;5,37,14,8,6;18,33,29,28,23,44;20,27,38,43,19;31,37,16;18,23,38,41,19,21;23,40,18;7,17,19;12,25,0
sphere3_s7202_156 58 3,35,25;21,51,10,14;18,38,35,17;0,35,46,37,45,25;17,18,19,10;22,55,11,6;11,55,56,22,5;39,48,42;24,28,48,21,51,54;50,52,31;1,51,24,17,4,19,34,20,12,48,14;6,55,5;10,20,49,55,48;19,44,33,52,31,20,29,36;26,48,10,1,21;51,54,24;31,41,23,50;24,28,40,30,35,2,18,4,10;2,38,19,4,17;13,44,53,34,10,4,18,38,27,36;13,29,48,55,56,22,49,12,10,34,44,31;1,51,8,48,26,14;5,55,49,20,56,6;31,41,16,50,44;17,28,8,54,15,51,10;35,38,27,36,29,45,3,0;14,48,21;19,36,25,38;17,24,8,48,35,47,40;13,20,48,57,37,45,25,36;32,40,17,35;23,41,16,50,9,52,13,20,44;30,40,35;44,50,52,13;20,44,43,53,19,10;37,46,3,0,25,38,2,17,30,32,40,47,28,48;19,27,25,29,13;35,46,3,45,29,57,42,39,48;2,18,19,27,25,35;37,48,7,42;30,32,35,47,28,17;23,31,16;37,57,48,7,39;44,53,34;13,19,53,43,34,20,31,23,50,33;3,37,29,25;35,37,3;28,40,35;14,26,21,8,28,35,37,39,7,42,57,29,20,55,12,10;12,55,22,20;33,44,23,16,31,9,52;1,21,8,54,15,24,10;13,31,9,50,33;43,44,19,34;15,51,8,24;6,11,5,22,49,12,48,20,56;20,22,6,55;29,37,42,48
sphere3_s7202_157 47 15,23,16,30,5;21,26,38,19,8;6,7,46;28,44,9,6,39;9,35,33,17,45;15,32,30,0;2,7,36,8,10,21,45,9,3,39,46;37,46,2,6,36,40,27,29,14;6,36,12,22,25,19,1,21,10;24,34,44,3,6,45,4,35;6,8,21;41,44,43,40,27;22,31,13,36,8;31,36,12;37,41,27,20,29,7;5,32,45,23,0;30,38,21,23,0;25,33,4,45;25,45,19;1,8,25,18,45,30,38;14,27,29;1,26,38,16,23,45,6,10,8;12,31,25,8;0,15,45,21,16;34,43,25,35,9;18,45,17,33,35,24,43,31,22,8,19;1,21,38;7,29,20,14,41,11,40;41,44,3,39;7,27,20,14;16,38,19,45,32,5,0;13,36,43,25,22,12;5,15,45,30;17,25,35,4;24,43,44,9;4,9,24,25,33;13,31,43,40,7,6,8,12;7,46,42,41,14;16,30,19,1,26,21;28,41,46,6,3;36,43,11,27,7;42,46,39,28,44,11,27,14,37;41,46,37;24,34,44,11,40,36,31,25;28,41,11,43,34,9,3;15,23,21,6,9,4,17,25,18,19,30,32;41,42,37,7,2,6,39
sphere3_s7202_158 53 22,25,1;27,49,12,9,10,44,51,31,25,0,22,28,2,24,37,34;1,24,20,28;28,37,42,12;33,43,47,32,51,36,25,28,7,12,29,46;13,50,44,47;38,50,18,48,11,51;12,28,4;12,37,34,27;17,29,12,1,10,47,46;1,44,47,9;13,51,6,48,18,50;7,28,3,42,37,8,27,52,49,1,9,29,4;5,50,11,51,45,47;35,46,40,30;16,46,21;29,46,15,21,41,26;9,29,23,39,26,40,46;11,50,6,48;43,46,47;28,37,24,2;35,46,15,16,41;25,28,1,0;17,39,26,29;1,2,20,37;36,51,31,1,0,22,28,4;17,40,41,16,29,23,39;1,49,52,12,8,34;7,12,3,37,20,2,1,22,25,4;16,46,4,12,9,17,23,26;35,40,14;25,51,1;45,51,4,47;4,43,46;1,37,8,27;30,40,41,21,46,14;25,51,4;20,28,3,42,12,8,34,1,24;6,50,44,51;17,23,26;30,35,41,26,17,46,14;16,21,35,40,26;3,37,12;4,33,46,19,47;1,10,47,5,50,38,51;13,47,32,51;16,29,4,33,43,19,47,9,17,40,14,35,21,15;13,45,32,4,43,19,46,9,10,44,5;6,11,18;1,27,52,12;5,13,11,18,6,38,44;11,13,45,32,4,36,25,31,1,44,38,6;27,49,12
sphere3_s7202_159 41 1,12,21;0,12,15,21;26,32,20;30,38,18,27;5,36,34,11,12,15,17,24,35,27,33,10,38,25;11,16,40,38,25,4,36,34;24,35,23;23,37,9,28,32;19,20,22,39,31,23;14,19,37,7,28;18,38,4,33;5,16,21,12,4,34;0,1,15,4,11,21;14,20,28;9,19,20,13,28;23,24,17,4,12,1,21,16,35,32;38,40,5,11,21,15,35,29,30;15,24,4;10,38,3,27,33;9,14,20,8,23,37;13,14,19,8,22,26,2,32,28;15,16,11,12,0,1;8,39,32,26,20;15,24,6,35,39,31,8,19,37,7,32;15,23,6,35,4,17;4,38,5;2,32,22,20;3,18,33,4,35,30;9,14,13,20,32,7;30,35,16;29,35,27,3,38,16;23,39,8;35,39,22,26,2,20,28,7,23,15;4,10,18,27;5,11,4,36;29,30,27,4,24,6,23,39,32,15,16;4,5,34;19,23,7,9;16,40,5,25,4,10,18,3,30;23,31,8,22,32,35;16,38,5
sphere3_s7202_160 51 17,41,8,46;11,31,18;3,29,4,11,23;2,29,9,18,23;11,31,18,6,26,29,2;16,44,22,35,43,14,12,42,38,48;26,46,18,4;41,50,40,45,14;29,46,0,41,34,39,9;3,29,8,39,34,15,46,18;12,13,32;4,31,1,18,36,23,2;41,42,5,14,45,40,13,10,32;32,40,12,10;12,45,7,41,28,24,43,5;9,34,30,46;5,44,48;0,41,22,20,27,42,46;23,36,11,1,31,4,6,46,9,3;24,28,41;38,44,22,17,27,25;32,41,50;17,41,43,35,5,44,20;18,36,11,2,3;14,43,41,19,28;20,27,38;4,29,46,6;20,25,38,42,17;19,24,14,41;4,26,46,8,9,3,2;42,47,46,15,34,37;4,11,1,18;13,40,50,21,41,12,10;34,49,42,37;33,49,42,41,8,39,9,15,30,37;22,43,5;18,23,11;33,34,30,42;20,44,48,5,42,27,25;9,34,8;13,32,50,7,45,12;12,42,34,8,0,17,22,43,24,19,28,14,7,50,21,32;12,41,34,49,33,37,30,47,46,17,27,38,5;14,24,41,22,35,5;20,38,48,16,5,22;12,14,7,40;6,26,29,8,0,17,42,47,30,15,9,18;42,46,30;5,16,44,38;33,34,42;7,41,21,32,40
sphere3_s7202_161 60 10,17,21,46,9,18,14;16,25,32,54;5,25,38,13,58;49,53,37;20,36,48,33,31,30,42,15;2,25,35,11,39,19,46,21,58;12,31,44,42,15;32,54,41,40,26,27;25,52,15,35;0,46,18;0,17,37,33,14;35,47,19,39,5;15,35,22,46,31,6;38,58,2;18,46,33,10,0;12,35,8,52,50,57,23,20,4,42,6;1,25,38,55,41,54;52,53,49,37,10,0,21,58,24;14,46,9,0;46,47,11,39,5;4,36,48,37,53,23,15;17,58,5,46,0;12,35,46;15,20,53,50,56,57;17,52,28,55,59,38,58;1,16,38,2,5,35,8,52,32;27,45,40,7;26,45,32,7;29,52,24,55;28,52,43,41,55;31,34,42,4;30,34,42,44,6,12,46,33,4;41,52,25,1,54,7,27,45,51,40;4,31,46,14,10,37,48;30,31,42;12,15,8,25,5,11,47,46,22;4,20,48;10,17,49,3,53,20,48,33;13,58,24,59,55,16,25,2;5,19,11;45,51,32,41,7,26;32,52,43,29,55,16,54,7,40;4,30,34,31,44,6,15;29,41,52;6,31,42;40,51,32,27,26;0,9,18,14,33,31,12,22,35,47,19,5,21;11,35,46,19;20,36,4,33,37;3,53,17,37;52,53,23,56,57,15;40,45,32;17,53,50,15,8,25,32,41,43,29,28,24;17,52,50,23,20,37,3,49;7,32,1,16,41;38,59,24,28,29,41,16;23,50,57;15,50,56,23;13,38,24,17,21,5,2;38,55,24
sphere3_s7202_162 57 9,55,15,40,53,36,2,27,48,50;15,24,35;5,18,28,27,0,36,13;21,48,27,10,52;5,13,36,29,43,14;2,18,14,4,13;22,46,54,49;9,55,30,25,34,15,17,26,42,8,24,45,50;7,24,17,42;7,55,0,50;3,27,40,52;22,23,41;14,29,28,31;4,5,2,36;12,29,43,4,5,18,54,22,41,47,31;7,34,30,55,0,40,39,45,35,1,24,17;32,54,20;15,24,8,42,26,7;20,28,2,5,14,54;23,41,44,56;18,28,32,16,54;40,48,3,52;6,46,23,11,41,14,54,38,49;19,41,11,22,46,32,56;7,8,17,15,1,35,45;7,30,34;7,17,42;3,48,0,2,28,40,10;18,20,32,31,12,29,36,53,40,27,2;12,14,43,4,36,28;7,25,34,15,55;32,44,41,47,14,12,28;31,44,56,23,46,37,33,54,16,20,28;37,46,54,32;7,15,30,25;24,45,15,1;4,29,28,53,0,2,13;33,46,32;22,54,49;15,45,40;21,48,45,39,15,0,53,28,27,10,52;19,23,11,22,14,47,31,44;7,8,17,26;4,29,14;31,32,56,19,41;7,50,51,48,40,39,15,35,24;6,22,23,32,37,33,54;31,41,14;21,40,45,51,50,0,27,3;38,54,6,22;7,45,51,48,0,9;45,48,50;21,40,10,3;28,40,0,36;22,38,49,6,46,33,32,16,20,18,14;7,9,0,15,30;19,44,32,23
sphere3_s7202_163 53 18,40,22,36,16,1,25,7;16,25,0;5,29,17,13,27,8;32,47,48,49;31,42,44;12,15,27,8,2,29,14,46,36,31,37,45,43,51,47,20;21,50,52,31,40;31,42,9,14,28,46,25,0,18,40,21,52;2,5,27;23,42,7,14,29,10;29,34,23,9;13,35,27;5,15,24,23,49,19,47,20;11,35,15,17,2,27;7,28,46,5,29,9;5,12,24,30,33,17,13,35,27;1,25,36,0;15,33,24,29,2,13;0,40,7;12,47,49;12,47,5;50,52,7,40,6;0,40,31,36;10,34,24,12,49,42,9;15,30,33,17,29,34,23,12;1,16,36,46,7,0;32,42,39;5,15,35,11,13,2,8;7,14,46;10,34,24,17,2,5,14,9;15,24,33;7,42,4,44,37,5,36,22,40,6,52;3,47,51,39,26,42,49;15,17,24,30;10,29,24,23;11,13,15,27;25,46,5,31,22,0,16;5,31,44,51,43,45;42,51,39,41;38,41,42,26,32,51;0,18,7,21,6,31,22;38,39,42;7,31,4,44,51,38,41,39,26,32,49,23,9;5,51,37,45;4,31,37,51,42;37,43,5;25,36,5,14,28,7;3,32,51,5,20,12,19,49,48;47,49,3;3,32,42,23,12,19,47,48;21,52,6;5,43,37,44,42,38,39,32,47;21,50,6,31,7
sphere3_s7202_164 43 1,24,14,41,20;20,41,14,15,24,0;24,26,32,14,42,11,4,8;7,8,36,12,21,30;11,21,8,2;22,40,9;11,21,23,30,7,27;29,42,25,18,11,27,6,30,3,8;3,7,29,24,2,4,21,36;17,19,16,35,38,22,5,40,15,14,32;31,39,38,15,40,33,22;7,18,42,2,4,21,6,27;3,36,21;21,30,23;0,24,37,29,42,2,32,9,15,1,41;1,24,26,38,10,40,9,14;19,35,9;26,34,32,9,19,35,28;7,11,42,25;16,35,17,9;1,41,0;6,11,4,8,36,12,3,30,13,23;5,40,33,10,31,39,38,9;13,21,6,30;0,1,15,26,2,8,29,37,14;7,42,18;17,34,32,2,24,15,38,35,28;7,11,6;17,26,35;7,42,14,37,24,8;13,21,3,7,6,23;10,39,22;17,34,26,2,14,9;10,40,22;17,26,32;16,19,17,28,26,38,9;3,12,21,8;14,29,24;10,39,22,9,35,26,15;10,31,22,38;5,22,33,10,15,9;1,20,0,14;7,29,14,2,11,18,25
sphere3_s7202_165 51 10,33,47,3,17,4,32;29,34,8,16;7,47,4;4,47,0,17;7,40,19,31,32,0,17,3,47,2;34,36,25;22,41,25,36;4,40,19,32,39,49,8,35,47,2;7,49,39,43,16,1,34,14,23,15,35;28,35,20;0,33,34,32;12,23,34;25,48,23,11,34,41;26,37,18;8,23,34;35,44,20,28,42,23,8;29,37,43,8,1;0,4,3;32,39,50,43,37,13,26;7,40,4,31,30,32;15,44,35,9,28;23,42,48;6,41,36;8,15,42,21,48,12,11,34,14;28,45,42;35,45,46,48,12,41,6,36,5,34,33,47;13,37,34,38,32,18;29,34,37;24,45,35,9,20,15,42;16,37,27,34,1;19,32,31;19,30,32,4;18,39,7,19,30,31,4,0,10,34,38,26;0,10,34,25,47;27,29,1,8,14,23,11,12,41,36,5,25,33,10,32,38,26,37;25,45,28,9,20,44,15,8,7,47;5,34,41,22,6,25;16,29,27,34,26,13,18,43;26,34,32;18,32,7,49,8,43,50;4,7,19;12,25,6,22,36,34;45,46,48,21,23,15,28,24;16,37,18,50,39,8;15,35,20;25,35,28,24,42,46;42,45,25,48;2,7,35,25,33,0,3,4;12,25,46,42,21,23;7,8,39;18,43,39
sphere3_s7202_166 53 9,39,37,14,11;19,41,4,18;12,32,38,28,3,19,22,35,18,52,36,33;19,28,2;6,18,1,41,19;12,15,44,34,19;25,45,50,29,19,4,18,46,14,51,40,17;30,43,24,10;51,52,36,49,33,12;37,39,0,11,51,14;45,51,12,24,7,30,48,16,47;0,9,51,42,18,14;5,15,13,34,20,26,23,32,2,33,8,51,10,24,27,29,19;15,34,12;18,46,6,51,9,37,0,11;5,12,13,34,44;10,47,48;6,25,45,40;42,52,2,35,19,1,4,6,46,14,11;26,28,3,2,22,35,18,1,41,4,6,29,12,5,34,20;12,34,19,26;30,48,50;19,35,2;12,32,26;7,10,12,27,29,43;6,45,17;19,28,38,32,23,12,20;12,29,24;19,26,38,2,3;30,43,24,27,12,19,6,50,31;31,50,21,48,10,7,43,29;30,50,29;12,23,26,38,2;8,12,2,36,49;12,20,19,5,44,15,13;19,22,2,18;2,33,49,8,52;9,39,0,14;26,32,2,28;9,37,0;45,51,6,17;4,19,1;18,52,51,11;7,30,29,24;15,34,5;6,25,17,40,51,10,47,48,50;14,18,6;10,16,48,45;21,30,10,16,47,45,50;8,36,33;30,31,29,6,45,48,21;40,45,10,12,8,52,42,11,9,14,6;8,51,42,18,2,36
sphere3_s7202_167 54 3,12,29,26,41,16,28,23,19,24,30;9,41,26,39,14;43,51,41,35,14,39,31,52,47;0,12,53,13,30;10,41,43,34,11,47,52;30,45,19;17,25,14,9,41;17,25,38,33,44;20,38,35,21;1,41,6,14;4,41,42,52;43,47,4,34;0,3,53,30,45,37,18,26,29;3,53,40,30;21,49,25,6,9,1,39,2,35;19,31,45;23,28,0,41,22,46,27,19;6,25,7,44,33,48,41;26,39,50,37,12;15,31,32,27,16,23,0,24,30,5,45;8,38,21;14,49,25,38,20,8,35;42,46,16,41;16,28,0,19;0,30,19;6,17,7,38,21,49,14;1,41,0,29,12,18,39;16,46,32,19;16,23,0;0,26,12;40,53,12,45,5,19,24,0,3,13;36,42,46,32,19,15,45,37,50,39,2,52;31,46,27,19;17,44,7,38,48;11,43,4;14,21,8,38,41,2;31,42,52;31,50,18,12,45;7,25,21,20,8,35,41,48,33;31,50,18,26,1,14,2;30,53,13;1,9,6,17,48,38,35,2,51,43,4,10,42,22,16,0,26;31,36,52,10,41,22,46;11,47,2,51,41,4,34;17,33,7;31,37,12,30,5,19,15;31,32,27,16,22,42;11,43,2,52,4;17,41,38,33;14,21,25;31,37,18,39;2,43,41;2,31,36,42,10,4,47;30,40,13,3,12
sphere3_s7202_168 46 26,35,5;4,18,40;33,45,18,19,32,10;23,37,42,34,17;19,34,40,1,18;8,29,22,26,0,35;23,42,38,30,17;11,36,9,44,10,32,14;5,29,35;16,25,12,40,31,36,7,44,33,45;7,44,33,2,32;7,36,30,19,32,14;40,41,28,18,16,25,9;20,43,30,36;7,32,11;24,27,29,20;9,25,12,18,45;26,34,3,23,6,30;2,19,4,1,40,39,28,12,16,45;2,18,4,34,42,30,11,32;26,43,13,36,27,24,15,29,22;30,38,42;20,29,5,26;3,37,42,6,17;15,27,20;9,16,12;20,43,30,17,34,35,0,5,22;29,36,20,24,15;39,41,12,18;5,8,35,36,27,15,20,22;26,43,13,36,11,19,42,21,38,6,17;35,36,9,40;2,19,11,14,7,10;2,45,9,44,10;17,26,35,40,4,19,42,3;0,26,34,40,31,36,29,8,5;7,11,30,13,20,27,29,35,31,9;3,23,42;21,30,6,42;28,41,40,18;12,41,39,18,1,4,34,35,31,9;12,40,39,28;3,34,19,30,21,38,6,23,37;20,26,30,13;7,10,33,9;2,33,9,16,18
sphere3_s7202_169 55 5,12,52,31,34,27,23,11,43;5,36,54;22,33,4,13,3;2,13,26,44,22;41,44,33,2,13;0,12,30,54,1,36,8,34,27,23,43;43,53,23;31,42,49,28;17,38,48,36,5,34,31;26,39,54,15,21,32,24,31;35,51,14;0,23,53,20,43;0,5,30,52;2,3,26,41,4;19,29,47,51,10,35,37;21,54,9;45,47,29;8,38,49,18,31;28,31,17,49;14,29,37;43,53,11;15,54,50,24,32,9;33,44,3,2;6,43,5,27,0,11,53;31,46,49,50,21,32,9;47,51,37,38,48,45;9,39,30,52,40,41,13,3,44,31;5,34,0,23;7,31,18,49;14,19,37,38,49,48,45,16,47;39,54,5,12,52,26;7,42,46,24,9,26,44,52,0,34,8,17,18,28;21,24,9;22,44,4,2;0,31,8,5,27;10,51,37,14;48,54,1,5,8;25,38,29,19,14,35,51;25,48,8,17,49,29,37;30,54,9,26;26,52,44,41;4,44,40,26,13;7,31,46,49;6,53,20,11,0,5,23;22,33,4,41,40,52,31,26,3;16,47,25,48,29;24,31,42,49;16,45,25,51,14,29;36,54,49,29,45,25,38,8;42,46,24,50,54,48,29,38,17,18,28,7;21,54,49,24;25,47,14,10,35,37;26,40,44,31,0,12,30;6,43,20,11,23;30,39,9,15,21,50,49,48,36,1,5
sphere3_s7202_170 48 11,15,10;4,33,15,11,45,7,29,2,13,47,9;13,29,1;34,47,5,19,12,21,28;1,33,6,34,47,46,36,9;17,32,35,23,19,3,47,42,13,22;4,34,33;11,20,27,16,14,45,1,29,28,30,31,38;26,32,29,28;1,47,46,36,4;31,43,18,15,0,11,40,25;7,20,44,41,39,14,45,1,15,0,10,40,38;19,21,3;2,29,32,22,5,42,47,1;11,45,7,16,39;1,33,34,18,10,0,11;7,27,24,39,14;5,32,22;28,34,15,10,43,31,30;12,21,35,23,5,3;7,11,44,24,27;12,19,35,26,28,3;17,32,13,5;5,35,19;20,44,39,16,27;37,38,40,10,31;8,32,35,21,28;7,16,24,20;3,21,26,8,29,7,30,18,34;2,13,32,8,28,7,1;7,31,18,28;10,43,18,30,7,38,37,25;5,17,22,13,29,8,26,35;1,4,6,34,15;4,6,33,15,18,28,3,47;5,23,19,21,26,32;9,46,4;31,38,25;7,11,40,25,37,31;24,44,41,11,14,16;10,11,38,25;11,44,39;5,47,13;10,31,18;11,41,39,24,20;1,7,14,11;9,36,4,47;1,13,42,5,3,34,4,46,9
sphere3_s7202_171 48 22,47,42,17,19,9,27;8,35,34,4,39,20;8,21,5,30,38,24;37,46,35;39,40,37,35,34,1;2,21,10,30;8,36,24;12,37,40,41;2,21,10,30,16,25,44,47,20,1,35,29,18,36,6,24;27,38,16,25,42,32,19,0;8,30,5,21;27,38,24,15;7,37,41;35,45,29;30,38,16;24,47,22,27,11;9,25,8,30,14,38;32,42,0,19;8,36,43,29;0,9,32,17;24,45,35,46,26,31,33,41,40,39,1,8,47;2,8,10,5;0,47,15,27;28,43,36;28,36,6,8,2,38,11,15,47,20,45,43;9,16,8,44,42;20,31,46;11,38,9,0,22,15;24,36,23,43;8,35,13,45,43,18;14,38,2,5,10,8,16;37,41,33,20,26,46;9,42,17,19;31,41,20;4,35,1;4,34,1,8,29,13,45,20,46,3,37;24,28,23,43,18,8,6;31,41,12,7,40,4,35,3,46;11,27,9,16,14,30,2,24;4,40,20,1;20,41,7,37,4,39;31,37,12,7,40,20,33;9,25,44,47,0,17,32;24,45,29,18,36,23,28;8,47,42,25;20,24,43,29,13,35;26,31,37,3,35,20;0,22,15,24,20,8,44,42
sphere3_s7202_172 60 2,29,5,57,16,10,39,45;35,43,28,26,3,38,52;0,29,5,57,20,45;17,58,34,38,1,26,14;24,31,10,16,44,22;2,29,0,57;9,21,56,50,11,30,33,32;35,37,21,46,17,51,53,27;26,48,20,45,15,43;6,21,57,32;4,31,24,39,0,16;6,30,33,56,50;13,46,57;40,57,12,46;17,26,3;43,45,8;18,57,0,10,4,44,22,47;3,58,34,27,53,51,7,46,26,14;24,57,16,47;41,55,25;2,45,8,48,26,57;23,41,42,46,7,37,35,57,9,6,56,33,40;4,24,47,16,44;21,41,54,49,25,55,46,40;4,31,10,39,45,43,57,18,47,22;23,55,19,41,54,49;8,48,20,57,46,17,14,3,1,28,43;34,35,7,53,17;26,43,1;0,2,5;6,11,33;4,24,10;33,59,57,9,6;32,59,57,40,21,56,11,30,6;27,35,38,3,58,17;36,38,34,27,7,37,21,57,43,1,52;35,38,52;21,35,7;35,36,52,1,3,34;24,45,0,10;23,46,13,57,33,21;21,23,54,25,19,55,42;41,55,46,21;24,45,15,8,26,28,1,35,57;4,16,22;24,43,15,8,20,2,0,39;23,40,13,12,57,26,17,7,21,42,55;22,24,18,16;8,26,20;23,54,25;11,56,6;17,53,7;36,38,1,35;17,27,7,51;23,49,25,41;41,42,46,23,25,19;21,33,11,50,6;35,43,24,18,16,0,5,2,20,26,46,12,13,40,33,59,32,9,21;3,17,34;32,33,57
sphere3_s7202_173 55 15,18,29;5,36,15,16,21;13,38,48,54,32;45,54,37,27,44,49;11,24,9;15,36,1,21,31,43,24,42,35;43,46,17,50,39,34,21,31;23,33,15,49;13,27,37;4,24,12,33,38,11;20,24,11,43;4,24,10,43,39,28,51,18,15,38,9;33,42,24,9;2,38,27,8,37,32;29,53,18;33,42,35,5,36,1,16,21,53,29,0,18,11,38,41,47,52,19,49,7;15,21,1;6,50,25,46;26,51,11,15,0,29,14,53;15,52,47,49;10,24,43;5,31,6,34,28,51,53,15,16,1;25,46,43,50;7,33,40,49;4,11,10,20,43,5,42,12,9;22,46,17,50;18,51,53;3,44,33,38,13,8,37;11,39,30,34,21,51;14,53,15,0,18;34,39,28;5,21,6,43;37,54,2,13;15,42,12,9,38,27,44,49,40,23,7;30,39,6,21,28;5,42,15;5,15,1;3,54,32,13,8,27;2,13,27,33,9,11,15,41,47,49,54,48;11,28,30,34,6,50,43;23,33,49;38,47,15;15,33,12,24,5,35;6,46,22,50,39,11,10,20,24,5,31;3,27,33,49;3,54,49;6,43,22,25,17;19,52,15,41,38,49;2,54,38;3,45,54,38,47,19,15,7,23,40,33,44;6,17,25,22,43,39;18,26,53,21,28,11;15,19,47;14,29,15,21,51,26,18;3,45,49,38,48,2,32,37
sphere3_s7202_174 41 23,34,8;20,22,18,15,19;25,28,26,7,10,9,34,39,5;9,15,16,34,14,38,32;6,27,19,20;2,25,26,36,39;4,27,13,21,22,20;10,11,26,2;26,34,0,23,37,29,38;3,15,31,34,2,10,26,32;7,11,12,30,26,9,2;7,10,12,30,26;10,11,30;15,40,33,22,21,6,27,19;17,38,3,34,35;16,40,13,19,1,18,34,31,9,3;15,40,34,3;14,38,29,35;33,40,34,15,1,22;4,27,13,15,1,20;4,6,22,1,19;6,22,13;18,33,13,21,6,20,1;34,35,37,8,0;26,39,34;2,28,26,5;9,32,38,8,34,24,39,36,5,25,28,2,7,11,30,10;4,6,13,19;2,25,26;8,37,35,17,38;11,26,10,12;9,15,34;9,26,38,3;18,40,13,22;16,40,18,15,31,9,2,39,24,26,8,0,23,35,14,3;23,34,14,17,29,37;5,26,39;8,29,35,23;14,17,29,8,26,32,3;2,34,24,26,36,5;15,16,34,18,33,13
sphere3_s7202_175 56 31,49,37,19,3,42,4;46,48,8,13,6,34,41;9,31,29,35,40,14,16,13,18,44;0,42,11,24,37,19;13,31,0,42,5,26,32,33;21,45,26,4,42,27,50;10,15,11,34,1,13,17;17,54,47;13,16,14,28,34,48,1;18,44,2,31,13;11,15,6,17;10,15,6,34,52,31,24,3,42,27,17;38,54,55,13;4,31,9,18,2,16,8,1,6,17,55,12,38,54,47,22,50,51,26,33;2,40,52,28,8,16;10,11,6;8,13,2,14;10,11,27,22,43,47,7,54,55,13,6;9,44,2,13;3,37,0;31,35,52;5,45,25,30,36,50;13,47,23,43,17,27,50;43,47,22;3,11,31,37;30,53,39,26,45,21;13,51,39,25,45,5,4,32,33;5,42,11,17,22,50;8,34,52,14;31,35,2;36,53,25,21;4,13,9,2,29,35,20,52,11,24,37,49,0;26,33,4;4,13,26,32;8,28,52,11,6,1,41,48;2,40,52,20,31,29;39,53,30,21,50;0,49,31,24,3,19;12,54,13;36,53,25,26,51,50;2,35,52,14;1,34,48,46;5,27,11,3,0,4;17,22,23,47;9,18,2;5,21,25,26;1,48,41;13,22,23,43,17,7,54;1,46,41,34,8;0,31,37;21,36,39,51,13,22,27,5;13,26,39,50;11,31,20,35,40,14,28,34;36,39,25,30;17,55,12,38,13,47,7;17,54,12,13
sphere3_s7202_176 59 26,42,24,12;32,49,25,48;6,32,14,46,20,10;32,48,58,36,7;43,54,50,32,29,15;12,24,32,14,21,33,11,41,53,26,34;2,32,10;32,38,57,36,3;52,58,23,22,47;17,32,50;2,20,32,6;5,33,41;5,24,0,26,34;26,56,28,35;21,46,2,32,5;18,19,40,32,45,51,27,29,4,43,54,28;32,49,33;24,37,54,50,9,32,55;15,19,32,38,58,28;15,18,32,40;2,10,32,31,46;32,46,14,5,33;8,23,38,58,52,47;57,58,8,22,38;17,37,54,28,39,42,0,12,5,32,55;1,48,49;13,56,48,53,5,34,12,0,42,28,35;30,44,51,15,29,32;15,18,58,48,56,13,35,26,42,39,24,54;4,15,27,32;32,51,44,27;32,46,20;1,49,16,33,21,46,31,20,10,6,2,14,5,24,55,17,9,50,4,29,27,30,51,45,15,40,19,18,38,7,3,48;5,21,32,16,49,41,11;5,26,12;13,26,28;57,58,3,7;17,24,54;23,57,7,32,18,58,22;24,42,28;15,19,32;5,53,48,49,33,11;0,26,28,39,24;4,54,15;27,30,51;15,32,51;21,32,31,20,2,14;8,52,22;28,56,26,53,41,49,25,1,32,3,58;1,32,16,33,41,48,25;4,54,17,9,32;30,32,45,15,27,44;8,58,22,47;5,26,48,41;4,43,15,28,24,37,17,50;17,24,32;13,26,48,28;23,58,36,7,38;23,57,36,3,48,28,18,38,22,52,8
sphere3_s7202_177 57 45,48,13,32,50,53,31,38;10,35,2,37,34;29,55,24,33,35,1,37;7,54,9,29,23,52,5,56,39,4,25;25,39,3;9,37,34,41,23,52,3,56,39,26,7,14;29,49,23;3,54,9,14,5,26,39,30,25;15,36,42,45;5,37,29,3,54,7,14;11,45,49,34,1,35,32;10,45,32;31,32,44,28,51,46,53;0,48,45,32;5,9,7;36,38,45,8;17,40,43,27;16,40,35,47,19,27;50,51,21;27,35,47,17;21,28,50;20,28,51,18,50;27,43,40;6,29,3,52,5,41,49;2,33,35,27,42,45,49,55;4,39,30,7,3;7,39,5;22,43,16,17,19,35,24,42,32,40;20,21,51,12,44,32,50;9,37,2,55,49,6,23,3;7,25,39;12,32,42,38,0,53;12,31,42,27,40,35,10,11,45,13,0,50,28,44;2,24,35;10,49,41,5,37,1;1,10,32,40,17,47,19,27,24,33,2;15,38,42,8;5,9,29,2,1,34;31,42,36,15,45,0;4,25,30,7,26,5,56,3;16,17,35,32,27,22,43;5,34,49,23;31,38,36,8,45,24,27,32;22,27,16,40;12,28,32;10,11,32,13,48,0,38,15,8,42,24,49;12,51,53;17,35,19;0,45,13;10,45,24,55,29,6,23,41,34;28,32,0,53,51,18,21,20;18,50,53,46,12,28,21;3,5,23;0,31,12,46,51,50;3,7,9;2,29,49,24;3,5,39
sphere3_s7202_178 56 19,38,25,34,1,50,42,4;36,49,25,34,0,50,16,11;9,28,45;43,47,33,41,7;13,49,36,42,0,19,9,28,51;36,42,44;19,25,35,28,45,30;3,41,8,43;26,41,7,43,33,21,12,50,44,37,54;4,19,30,45,2,28;31,39,55,14,33,15,26,37,44,32;1,16,36;20,50,8,21,52,14,22,53,32,18;4,49,27,51;12,52,23,33,10,55,39,46,53,40,22;26,41,33,10;18,32,36,11,1,50;46,53,32;16,32,12,20,50;6,25,38,0,4,9,30;12,50,18;24,33,8,12,52;12,14,40,53;14,33,48,52;21,33,52;6,19,38,0,34,1,49,35;15,41,8,54,37,10;29,35,51,13,49;4,9,2,45,6,35,51;35,49,27;9,45,6,19;10,39,32;10,31,39,46,17,53,12,18,16,36,44;21,24,52,48,23,14,10,15,41,3,47,43,8;1,25,0;29,49,25,6,28,51,27;1,49,4,42,5,44,32,16,11;8,44,10,26,54;19,25,0;10,31,32,46,14,55;22,53,14;15,26,8,7,3,33;44,50,0,4,36,5;33,47,3,7,8;8,37,10,32,36,5,42,50;9,30,6,28,2;14,53,17,32,39;33,43,3;33,52,23;1,36,4,13,27,29,35,25;12,20,18,16,1,0,42,44,8;4,13,27,35,28;12,14,23,48,33,24,21;14,46,17,32,12,22,40;8,26,37;14,39,10
sphere3_s7202_179 54 26,37,23,11,13,38,16;3,27,29,34,4,52,8,11,13;4,51,32,39,6,45,33,12,34;19,38,35,12,27,1,13;2,51,52,1,34;10,17,21,42,41;39,48,46,20,45,2;9,30,45,12;17,52,1,11;7,30,12;31,41,5,17,28,53,14;17,28,24,43,23,0,13,1,8;18,34,2,33,45,7,9,30,35,3,27;1,3,19,38,0,11;10,31,41,44,15,32,53;44,49,36,51,32,14;35,38,0,26;11,28,10,5,21,50,51,52,8;12,34,29,27;3,38,13;45,46,6;42,51,50,17,5;37,43,23;11,43,22,37,0;11,28,43;37,43,39,40,26;0,37,25,40,39,35,16;1,3,12,18,29;11,17,10,53,47,43,24;18,27,1,34;7,9,12,35,48,46,45;10,41,14;2,51,15,14,53,39;2,45,12;12,18,29,1,4,2;39,48,30,12,3,38,16,26;49,51,15;0,26,25,43,22,23;3,19,13,0,16,35;35,48,6,2,32,53,43,25,40,26;25,39,26;10,31,14,44,49,42,5;21,51,49,41,5;11,23,22,37,25,39,53,47,28,24;15,49,41,14;7,30,46,20,6,2,33,12;20,45,30,48,6;28,43,53;35,39,6,46,30;15,44,41,42,51,36;17,51,21;2,4,52,17,50,21,42,49,36,15,32;8,17,51,4,1;14,32,39,43,47,28,10
sphere3_s7202_180 42 16,37,36,30,12;14,28,27,7;22,29,6,8,15,19,38;14,21,9,13,40,35,32,18,37,24;28,30,12,24;28,41,23,20,22,6,27;20,31,8,2,29,22,5,27,26;17,25,21,14,1,27,26,30,36,9;6,31,19,15,2;11,13,3,21,25,17,7,36;32,33,11,36,18;9,13,35,33,10,36;4,24,34,16,0,30;9,11,35,39,40,3;3,21,7,1,28,24;2,19,8;0,37,24,34,12;7,25,9;36,37,3,32,10;2,15,8,31,38;6,31,22,5,23,26;3,14,7,25,9;2,29,6,5,20,31,38;5,20,26,30,28,41;3,37,16,34,12,4,28,14;7,17,9,21;7,30,23,20,6,27;5,28,1,7,26,6;1,14,24,4,30,23,41,5,27;2,22,6;7,26,23,28,4,12,0,36;6,20,22,38,19,8;10,33,35,3,18;10,32,35,11;12,16,24;11,13,39,40,3,32,33;7,30,0,37,18,10,11,9;3,24,16,0,36,18;2,22,31,19;13,40,35;3,13,39,35;5,28,23
sphere3_s7202_181 56 9,26,33,40,14,44,42,31,24,54;7,50,48,28,23,21,31,51,25,13,38,30,46;34,35,20,15,11,4,47;12,43,54,27,19;11,53,47,2;7,28,48,50;15,41,54;1,50,5,28,25,13,30,46;17,37,52,12;0,26,36,49,27,54;23,28,25,39;4,53,18,55,15,2;27,37,17,8,52,43,3,19;1,38,30,7,25;31,44,0,40,16;18,55,11,2,20,52,41,6,54,24,45,31,22;14,31,40;12,37,8;15,55,11,53,49,39,31,22;12,27,3;2,35,52,15;23,31,1;15,18,31;31,39,10,28,1,21;31,45,15,54,0;7,13,1,51,32,49,39,10,28;0,9,36,31,40,33;29,52,37,12,19,3,54,9,49,53;5,7,25,10,23,1,48;27,52,47,53;1,38,13,7,46;36,51,1,21,23,39,18,22,15,45,24,0,42,44,14,16,40,26;25,49,36,51;26,40,0;2,35,47;2,34,47,52,20;31,51,32,49,9,26;12,27,52,8,17;1,13,30;23,31,18,49,25,10;26,31,16,14,0,33;15,52,43,54,6;0,44,31;3,12,52,41,54;14,31,42,0;24,31,15;1,30,7;29,53,4,2,34,35,52;1,50,5,28;9,36,32,25,39,18,53,27;1,7,5,48;31,36,32,25,1;27,29,47,35,20,15,41,43,12,8,37;29,47,4,11,18,49,27;3,43,41,6,15,24,0,9,27;15,18,11
sphere3_s7202_182 48 1,40,14,41,36,16,9;23,39,40,0,9,33,47,6,21;22,26,43,17,3;23,35,30,17,2,22,4,7,20;7,26,22,3;25,43,19;33,42,11,21,1,47;4,26,20,3;9,33,42;15,34,16,0,1,33,8,42;24,35,18,23,27,13;6,21,23,18,12,29,42;18,45,46,37,29,11;10,27,24;28,36,34,37,19,40,0,41;31,44,29,42,9,34;0,9,34,36;2,3,30,18,45,46,19,43;12,45,17,30,35,10,23,11;23,39,40,14,37,46,17,43,5,25;26,43,25,23,3,7;6,11,23,1;2,26,4,3;19,39,1,21,11,18,10,27,32,35,3,20,25;10,35,27,13;20,23,19,5,43;20,43,2,22,4,7;35,38,32,23,10,13,24;14,36,41;37,44,15,42,11,12;3,35,18,17;15,44,37,34;23,27,38,35;6,42,8,9,1,47;14,36,16,9,15,31,37;27,38,32,23,3,30,18,10,24;14,28,41,0,16,34;29,44,31,34,14,19,46,12;27,35,32;19,23,1,40;19,39,1,0,14;0,14,28,36;6,33,8,9,15,29,11;20,26,2,17,19,5,25;15,31,37,29;12,18,17,46;12,37,19,17,45;1,33,6
sphere3_s7202_183 50 25,27,36;7,15,39,18,37,6,4,12,5,49;14,44,7;40,48,6,45;1,12,45,6;12,33,49,1;1,37,47,48,3,45,4;43,44,2,14,33,49,1,15,25,13,36,26,29,38,23;32,48,19;10,40,17,20,30,47;9,40,24,45,47;20,21,35,32,22,34;5,33,46,44,43,38,45,4,1;7,25,36;2,44,33,7;1,7,25,39;31,37,45,38,36,27;19,22,34,20,9,40;1,39,27,37;17,22,32,8,48,40;9,17,34,11,21,30;20,30,47,48,32,35,11;17,19,32,11,34;7,38,43;40,45,10;0,27,39,15,7,13,36;29,36,7;0,25,39,18,37,31,16,36;29,42,36,41;36,41,28,42,38,7,26;20,21,47,9;16,37,27;8,48,21,35,11,22,19;5,12,46,44,14,7,49;17,22,11,20;11,21,32;29,41,28,42,38,16,27,0,25,13,7,26;16,31,27,18,1,6,47,45;7,23,43,12,45,16,36,42,29;25,27,18,1,15;9,10,24,45,3,48,19,17;29,36,28;28,29,38,36;7,44,12,38,23;7,43,12,46,33,14,2;16,37,47,10,24,40,3,6,4,12,38;12,44,33;37,45,10,9,30,21,48,6;3,40,19,8,32,21,47,6;5,33,7,1
sphere3_s7202_184 49 8,27,6,3,46,28,20,25,26;15,40,41,8;9,31,11,14;12,21,16,26,46,0,6,41;10,13,43,47,37,44,30,9;20,28,46,25;3,41,27,0;37,39,12,44;0,27,41,1,15,40,22,21,26;10,13,31,2,14,47,34,33,45,22,35,38,44,30,4;9,13,4;2,14,47,13,31;3,21,35,38,44,7,39,29,23,18,40,48,41;9,10,4,43,47,11,31;2,11,47,9;1,40,8;21,26,3;29,39,36,19,18;36,47,32,40,12,23,29,17,19;18,36,17;5,28,0,25;3,12,35,22,8,26,16;21,35,9,45,42,24,40,8;18,29,12;22,40,42;0,26,46,5,20;16,21,8,0,25,46,3;0,8,41,6;5,20,0,46;18,23,12,39,17;4,44,9;2,9,13,11;18,47,33,40;34,47,32,40,45,9;33,47,9;12,38,9,22,21;37,39,17,19,18,47;36,39,7,44,4,47;12,35,9,44;36,37,7,12,29,17;1,15,8,22,24,42,45,33,32,18,12,48,41;3,12,48,40,1,8,27,6;40,45,22,24;13,47,4;9,38,12,7,37,4,30;9,33,40,42,22;0,3,26,25,5,28;33,34,9,14,11,13,43,4,37,36,18,32;12,40,41
sphere3_s7202_185 54 30,34,8,50,48,27,6;36,40,18,17;42,44,29,23,15,39,3,32,41,51;21,41,32,2,39,45;5,52,24,33,20,26,36;4,52,39,15,29,35,44,42,12,10,22,36;25,47,30,0,27,53,49;43,50,46,8;30,34,0,50,37,39,16,43,7,46,38,47;16,39,45;5,22,12;33,40,19;22,42,5,10;43,50,39;16,45,21;5,29,23,2,39;9,39,8,43,22,42,41,21,14,45;1,36,52,18;33,40,1,17,52,24;11,40,26,33;26,33,4;3,41,16,14,45;39,43,16,42,12,10,5,36;2,15,29;4,33,18,52;46,50,27,53,49,6,47;20,33,19,40,36,4;25,50,48,0,6,53;46,47,38;5,35,44,2,23,15;8,34,0,6,47;37,50,39;3,41,2;18,40,11,19,26,20,4,24;8,30,0;5,29,44;1,40,26,4,5,22,39,52,17;31,50,8,39;8,47,28,46;22,43,13,50,31,37,8,16,9,45,3,2,15,5,52,36;1,36,26,19,11,33,18;2,51,42,16,21,3,32;2,44,5,12,22,16,41,51;22,39,13,50,7,8,16;2,42,5,35,29;14,16,9,39,3,21;25,50,7,8,38,28,47;6,25,46,28,38,8,30;0,50,27;6,53,25;31,37,8,0,48,27,25,46,7,43,13,39;2,41,42;4,5,39,36,17,18,24;6,49,25,27
sphere3_s7202_186 60 34,41,20,47,9,51;10,12,43;39,56,49,55;18,20,24;8,48,53,19,41,11,15,17,29,44,6;13,14,23;18,24,8,4,44;28,52,41;4,48,57,38,25,24,6;32,43,51,0,47,42,54,24,13,23,16;1,12,32,43;4,41,52,28,15;1,10,32,19,59,33,43;5,14,24,9,23;5,13,24,38,36,57,31,53,40,37,30,35,27,58,32,23;18,28,11,4,17,44;9,32,23;26,29,4,15,44,49;15,28,20,3,24,6,44;4,41,59,12,32,27,53;18,28,41,0,47,24,3;51,59,43;30,35,53;5,13,9,16,32,14;6,18,3,20,47,54,9,13,14,38,50,25,8;38,50,24,8;17,29,49;14,58,32,19,53,35;15,18,20,41,7,52,11;17,26,49,55,44,4;40,53,22,35,14,37;14,53,46,57;9,43,10,12,19,27,58,14,23,16;43,59,12;0,41,51;22,30,14,27,53;14,38,57;30,40,14;14,36,57,8,25,50,24;2,56,49,44,55;30,53,14,37;0,34,51,59,19,4,11,52,7,28,20;9,47,54;9,32,10,1,12,33,59,21,51;6,18,15,17,49,39,55,29,4;46,53,48;45,53,31,57,48;9,42,54,24,20,0;45,53,4,8,57,46;39,56,2,55,29,26,17,44;25,38,24;34,41,59,21,43,9,0;7,28,11,41;30,40,14,31,46,45,48,4,19,27,35,22;9,24,47,42;39,44,29,49,2;2,39,49;31,46,48,8,38,36,14;14,32,27;33,43,21,51,41,19,12
sphere3_s7202_187 58 22,26,5,43;25,30,2,8,52,29,26,18,15;8,12,13,30,1;12,48,22,43;35,49,29,40,26,14,20,39,57,45,34;0,26,43;17,18,56,28,38;10,32,27;2,12,21,36,52,1;10,32,16,27;9,32,7,27;33,49,19;2,8,21,43,3,48,37,54,51,47,13;47,51,23,30,2,12;4,26,20;25,56,18,1;36,45,50,32,9,27,19,31,49,29;6,18,26,46,28,38;6,17,26,1,15,56;16,31,49,11,33,27;36,44,41,42,39,4,14,26,43;12,43,36,8;0,26,55,24,48,3,43;25,30,13,51;22,55,28,37,48;28,54,51,23,30,1,15,56;0,22,55,28,46,17,18,1,29,40,4,14,20,43,5;9,16,19,33,32,7,10;25,54,37,24,55,26,46,17,38,6,56;36,52,1,26,40,4,49,16;1,25,23,13,2;16,19,49;16,50,53,34,35,33,27,7,10,9;11,49,35,32,27,19;4,35,32,53,50,45;4,49,33,32,34;20,44,41,45,16,29,52,8,21,43;24,48,12,54,28;17,28,6;20,42,41,57,4;4,26,29;20,42,39,57,45,36,44;20,39,41;20,26,5,0,22,3,12,21,36;20,36,41;16,36,41,57,4,34,50;17,26,28;13,51,12;3,12,37,24,22;4,35,33,11,19,31,16,29;16,32,53,34,45;13,47,12,54,25,23;29,36,8,1;32,34,50;25,28,37,12,51;22,24,28,26;25,28,6,18,15;4,45,41,39
sphere3_s7202_188 46 15,32,16,36,38,3,8,40,20,24,37,35;8,26,7,3;31,41,11,44;7,38,0,8,1;28,30,18;14,17,22;21,43,23;3,38,14,40,26,1;1,26,40,0,3;13,45,25,28,17;21,28,42,25,45,43;28,41,2,44,31,21;29,34,27,28,35,33;9,45,23,17;5,17,23,41,30,40,7,38,22;0,32,16,35;15,35,36,0,32;36,38,22,5,14,23,13,9,28;30,39,40,19,28,4;33,40,18,28,27;37,40,0,24;10,28,11,31,23,6,43;5,17,38,14;31,41,14,17,13,45,43,6,21;0,37,20;10,45,9,28,42;1,8,40,7;29,34,12,28,19,33;10,21,11,41,30,4,18,19,27,12,35,36,17,9,25,42;27,34,12,33;18,39,40,14,41,28,4;2,41,23,21,11,44;0,15,16;12,35,40,19,27,29;27,29,12;0,37,40,33,12,28,36,16,15;17,38,0,16,35,28;0,24,20,40,35;17,36,0,3,7,14,22;18,30,40;30,39,18,19,33,35,37,20,0,8,26,7,14;2,31,23,14,30,28,11;25,28,10;6,21,10,45,23;2,11,31;10,25,9,13,23,43
sphere3_s7202_189 47 5,10,14,43;20,38,46,7;6,23,43;21,42,8,12,10,14,27;22,40,36,26;0,10,6,19,43;2,23,28,20,8,12,10,5,19,31,43;38,45,30,24,8,18,20,1,46;7,24,21,42,3,12,6,20,18;30,38,20,28,17,16;0,5,6,12,3,14;25,29,26,36,32,35;3,10,6,8;25,33,15,40,41,36,37;3,27,43,0,10;13,40,29,44,33;30,36,39,17,9;23,28,9,16,39;8,20,7;5,6,31,43;1,38,9,28,6,8,18,7;3,42,8,24,34,37,36,27;26,40,4;2,6,28,17,39,27,43;7,8,21,34,32,30;13,33,29,11,35,37;22,40,29,11,36,4;36,39,23,43,14,3,21;17,23,6,20,9;11,25,33,44,15,40,26;16,36,32,24,7,45,38,9;6,19,43;11,36,30,24,34,35;13,25,29,44,15;32,35,37,21,24;32,34,37,25,11;16,30,32,11,26,4,40,41,13,37,21,27,39;13,25,35,34,21,36;7,45,30,9,20,1,46;27,36,16,17,23;36,41,13,15,29,26,22,4;36,40,13;3,21,8;2,23,27,14,0,5,19,31,6;15,33,29;7,38,30;1,38,7
sphere3_s7202_190 47 7,41,38,35;8,35,22,21;9,31,23,35;13,15,12,45;28,35,23,31;12,34,25,14,45;22,35,38,11,45,13,28;0,41,35;28,39,22,21,1,35;29,35,2,31;28,31,25,15,33;38,41,24,32,19,14,45,6;25,34,5,45,3,15;3,15,33,20,28,6,45;25,37,40,26,30,19,11,45,5;3,13,33,10,25,12;18,25,32,40;25,35,44;16,25,40;30,32,11,14;28,33,13;1,8,22;6,35,1,21,8,39,28;2,31,4,35;11,32,41;14,37,40,18,16,32,27,35,17,44,36,31,10,15,12,34,5;14,40,30;25,32,35;10,31,4,35,8,39,22,6,13,20,33;9,35,46,36,43,42,31;32,40,26,14,19;36,42,29,9,2,23,4,28,10,25;30,40,16,25,27,35,41,24,11,19;20,28,10,15,13;12,25,5;9,29,46,44,17,25,27,32,41,7,0,38,6,22,1,8,28,4,23,2;31,42,43,29,46,44,25;14,25,40;11,41,0,35,6;8,28,22;30,32,16,18,25,37,14,26;11,38,0,7,35,32,24;31,36,43,29;29,36,42;25,36,46,35,17;3,13,6,11,14,5,12;35,44,36,29
sphere3_s7202_191 45 4,20,36,22;18,41,10;32,33,18,8,40,29,28,39;6,38,32,7,10,26,34;22,43,32,37,24,15,14,42,44,36,20,0;15,42,30,19;3,38,32,12,43,22,34;3,10,35,32;2,18,41,39,40;16,18,13,33,32;25,41,1,18,16,32,11,37,24,21,26,3,7,35;32,37,10;6,32,43;18,33,9;4,15,31,42;21,26,44,17,27,30,19,5,42,31,14,4,24;9,18,10,32;27,44,15;9,16,10,1,41,8,2,33,13;5,15,30;4,36,0;15,26,10,24;4,43,6,34,36,0;30,42,44;4,37,10,21,15;10,41,35;15,21,10,3,34,36,44;30,44,17,15;2,39,29;39,40,2,28;27,44,23,42,5,19,15;15,42,14;11,37,4,43,12,6,38,3,7,35,41,39,2,33,9,16,10;2,32,9,13,18;26,36,22,6,3;32,41,25,10,7;26,34,22,0,20,4,44;11,32,4,24,10;3,6,32;29,40,8,41,32,2,28;29,39,8,2;10,25,35,32,39,8,18,1;15,31,14,4,44,23,30,5;4,22,6,12,32;27,30,23,42,4,36,26,15,17
sphere3_s7202_192 56 2,38,49,15,36,11,34;4,16,8,27;18,38,0,34,30,20;45,54,6;6,25,46,19,53,16,1,27;38,49,39;4,25,46,54,3,45,17,13,27;41,47,18;50,51,16,1,27,31,36;32,43,45;21,39,23,32,45;14,20,41,24,33,23,43,45,28,16,55,51,50,36,0,34,22;22,40,34;26,31,27,6,17,36,35;11,20,22;0,36,49;46,53,4,1,8,51,55,11,28,54;39,45,6,13,36,44;2,38,39,47,7,41,20;46,53,4;11,14,22,40,30,2,18,41;10,39,29,45;12,40,20,14,11,34;11,43,32,10,39,41,24,33;11,33,23,41;4,6,46;13,31,35;4,6,13,31,8,1;16,54,45,11;21,45,39;20,40,34,2;13,26,35,36,8,27;9,43,23,10,45;11,24,23;0,11,22,12,40,30,2;31,36,13,26;11,50,8,31,35,13,17,44,42,39,49,15,0;39,44,48;2,18,39,5,49,0;18,47,41,23,10,21,29,45,17,44,37,48,52,42,36,49,5,38;20,30,34,12,22;11,24,23,39,47,7,18,20;44,52,39,36;9,32,23,11,45;37,39,17,36,42,52,48;3,54,28,11,43,9,32,10,21,29,39,17,6;16,53,19,4,25,6,54;18,39,41,7;37,39,52,44;15,36,39,5,38,0;11,36,8,51;8,50,11,55,16;42,44,48,39;16,46,19,4;3,45,28,16,46,6;11,51,16
sphere3_s7202_193 54 4,16,34,40,53,6,7;16,34,35,50,37,24;9,29,17;9,36,41,23,32,53,30,31,14;6,7,0,16,23,27,31,30,53,43,22;26,39,35,50;4,7,0,53,22;4,6,0;44,49,10,37,28;2,29,21,25,38,12,13,41,47,36,3,14,15,17;16,24,37,8,49;18,29,31,15,17;38,48,13,9;9,41,31,48,12;15,31,3,9;14,31,11,17,9;1,34,0,4,23,49,10,24;2,9,15,11,18,29;11,29,17;41,47,36,51;31,42,45,52,41;29,31,46,25,9;4,43,53,6;4,27,41,3,32,33,49,16;10,16,1,37;38,48,46,21,9;5,39,35,28,37,50;4,23,41,42,31;40,44,8,37,26,35,34;2,9,21,31,11,18,17;4,31,3,53;4,30,3,14,15,11,29,21,46,48,13,41,20,42,27;44,53,3,23,33;23,32,44,49;1,16,0,40,28,35;26,39,5,50,1,34,28;3,9,47,19,51,41;1,50,26,28,8,10,24;12,48,25,9;5,26,35;28,44,53,0,34;19,47,9,13,31,20,52,42,27,23,3,36,51;41,52,45,20,31,27;4,22,53;32,53,40,28,8,49,33;42,52,20;31,48,25,21;19,41,9,36;31,46,25,38,12,13;8,44,33,23,16,10;1,37,26,5,35;19,41,36;41,42,45,20;32,44,40,0,6,22,43,4,30,3
sphere3_s7202_194 55 2,38,5,12,3,54,27,9,14,45,31;15,51,30;0,38,30,31;34,54,0,12,19,33,7,24;5,38,24,21;0,12,42,21,4,38;17,18,47,29,44;3,24,26,49,19,33;41,51,20,27;27,47,18,14,0;24,26,49,32,21;35,44,28,53,23;0,3,19,16,42,5;30,37,24;0,45,18,9;41,51,1,30,27;12,42,36,48,39,49,19;6,18,46,44;6,17,46,28,53,45,14,9,47;7,49,16,12,3,33;8,51,27;10,32,50,25,42,5,4,24;31,40,45,23;29,52,31,22,45,53,11,35;3,7,26,10,21,4,38,37,13,30,34;48,50,21,42;10,24,7,49;9,47,29,30,15,41,8,20,51,54,0;44,46,18,53,11;31,52,23,35,44,6,47,27,30;37,38,2,31,29,27,15,1,51,43,34,24,13;29,52,23,22,40,45,0,2,30;10,49,39,48,50,21;7,19,3;3,54,51,43,30,24;11,44,29,23;16,42,48;30,38,24,13;0,2,30,37,24,4,5;32,49,16,48;31,45,22;15,51,8,27;12,16,36,48,25,21,5;30,51,34;6,29,35,11,28,46,17;0,14,18,53,23,22,40,31;17,18,28,44;9,27,29,6,18;25,50,32,39,16,36,42;7,19,16,39,32,10,26;25,48,32,21;15,41,8,20,27,54,34,43,30,1;29,31,23;11,23,45,18,28;3,34,51,27,0
sphere3_s7202_195 47 41,42,39,16,37;15,26,40,20,22,14;17,28,7,44;23,24,39,45,42,41,44,36,38,8,43,17,18;18,33,17,25,28,21;13,23,18,46,39,30,10,6,35;5,10,32,23,35;16,44,2,28;3,43,17,44,38;23,34,32;5,6,32,30;18,22,14,15,27;33,40,20,22;5,23,35;11,22,1,15;11,27,29,33,26,1,14;7,44,41,37,0,39,46,28;2,28,25,4,33,22,18,3,43,8,44;11,22,17,3,23,5,46,31,21,4,33,27;42,45,39;12,22,1,40;18,31,46,28,4;11,18,17,33,12,20,1,14;5,13,35,6,32,9,34,24,3,18;3,23,34,32,30,39;4,17,28;33,40,1,15;11,15,29,33,18;2,17,25,4,21,46,16,7;27,33,15;5,39,24,32,10;18,21,46;10,30,24,34,9,23,6;12,40,26,15,29,27,18,4,17,22;9,23,24,32;5,6,23,13;3,44,38;0,16,41;36,44,8,3;5,30,24,3,45,19,42,0,16,46;12,33,26,1,20;0,42,3,44,16,37;0,41,3,45,19,39;3,8,17;3,36,38,8,17,2,7,16,41;19,42,3,39;5,39,16,28,21,31,18
sphere3_s7202_196 48 18,30,19,37,32;29,30,42,47;26,37,23,25;16,27,36,41;20,33,10,46,43,28;11,34,26,13,21;27,36,22;32,41,29,18;10,40,36,22,27;31,37,23,38,14;15,40,8,27,33,4,46,43;5,34,20,21;26,35,21,13,39;12,21,5,26,39;9,38,31;10,40,43;3,27,33,20,41;24,36,30,42;7,32,0,30,29;28,37,0,30,36,40,43;28,37,34,11,21,35,41,16,33,4;12,13,5,11,20,35;8,27,6,36;25,35,41,32,38,9,37,2;36,42,17;23,35,26,2;12,35,25,2,37,34,5,13,39;3,16,33,10,8,22,6,36;19,37,20,4,43;1,30,18,7,41,47;1,29,18,0,19,36,17,42;9,37,38,14;7,41,23,38,37,0,18;16,27,10,4,20;5,11,20,37,26;23,25,26,12,21,20,41;24,42,44,41,3,27,6,22,8,40,19,30,17;19,28,20,34,26,2,23,9,31,38,32,0;32,37,31,14,9,23;13,26,12;19,43,15,10,8,36;7,32,23,35,20,16,3,36,44,45,42,47,29;24,36,44,45,41,47,1,30,17;19,40,15,10,46,4,28;36,42,45,41;41,42,44;10,43,4;41,42,1,29
sphere3_s7202_197 47 13,44,22,23,26,20,38,17,43,21;15,24,2;24,29,40,19,5,30,21,15,1;31,46,24,27;14,38,42;11,16,45,41,34,30,2,19,6;5,19,16,11;17,43,21,33,9;31,38,14,42,10,17,32;21,33,7,17;17,42,8;5,16,6;18,25,36,23,26,28;28,38,21,0,44,25,18,39;4,38,8,42;17,24,1,2,21;5,11,6,19,29,45;24,46,32,8,10,42,38,0,43,7,9,21,15;12,25,13,39,28;16,29,40,2,5,6;26,38,0;30,34,38,13,0,43,7,33,9,17,15,2;23,44,0;25,44,22,0,26,12,36;17,46,3,27,37,35,38,34,45,29,2,1,15;23,44,13,18,12,36;0,23,12,28,38,20;24,37,35,31,3;13,38,26,12,18,39;2,24,45,16,19,40;21,34,5,2;3,46,32,8,38,35,27;31,46,17,8;9,21,7;21,30,5,41,45,24,38;31,38,24,37,27;12,25,23;24,27,35;13,28,26,20,0,17,42,4,14,8,31,35,24,34,21;13,28,18;19,29,2;34,45,5;10,17,38,4,14,8;7,17,0,21;23,25,13,0,22;34,41,5,16,29,24;17,24,3,31,32
sphere3_s7202_198 50 25,36,12,29,37,24,49,31,45,32,22;13,45,32,22;6,23,28;33,43,44,40,35;6,45,28;7,27,39,17;2,23,16,45,4,28;40,44,10,42,27,5,17,39,35;33,43,35,47;15,38,22;42,43,44,7;13,37,19,26,20;30,42,29,0,36;1,45,34,28,46,20,11,37,15,38,22;16,48,41,45;13,37,29,21,22,9,38;14,48,24,46,23,6,45;5,7,39;21,29,42,39,22;26,37,11;11,26,37,24,46,13;18,29,15,22;1,32,0,25,39,18,21,15,9,38,13;2,6,16,46,28;41,48,16,46,20,37,0,49,45;0,36,39,22;19,37,20,11;30,42,7,5,39,36;13,46,23,2,6,4,45,34;18,21,15,37,0,12,42;27,42,12,36;0,49,45;1,22,0,45;3,43,8,47,35;13,45,28;33,47,8,43,42,39,7,40,3;27,39,25,0,12,30;19,26,20,24,0,29,15,13,11;13,22,9,15;27,36,25,22,18,42,35,7,17,5;7,44,3,35;24,48,14,45;27,30,12,29,18,39,35,43,10,7;3,33,8,35,42,10,44;7,40,3,43,10;1,13,34,28,4,6,16,14,41,24,49,31,0,32;13,28,23,16,24,20;33,35,8;24,41,14,16;0,31,45,24
sphere3_s7202_199 46 8,29,9,38,41,36,18,10;5,34,42,25,15;5,41,7,24,12,33,39,28,26;13,15,28;21,30,45,16;2,41,38,9,19,34,1,15,26;17,31,39;20,23,41,2,24,37,17,32,31,13;10,15,22,9,29,0;19,34,27,22,8,29,0,38,5;8,15,13,23,41,40,18,0;14,41,40,36;24,33,2;3,15,10,23,20,7,31,28;11,41,36;8,10,13,3,28,26,5,1,25,42,43,22;4,45,22,27,34,21;33,37,7,32,31,6,39;36,40,10,0;9,34,5;7,23,13;4,30,45,34,16;16,27,9,8,15,43,35,45;7,20,13,10,41;33,44,37,7,2,12;15,42,1;2,28,15,5;16,22,9,34;13,31,39,2,26,15,3;0,8,9;4,21,45;13,28,39,6,17,32,7;17,31,7;24,44,37,17,39,2,12;9,19,5,1,42,45,21,16,27;22,43,45;11,14,41,0,18,40;17,33,44,24,7;5,9,0,41;17,33,2,28,31,6;18,36,11,41,10;2,5,38,0,36,14,11,40,10,23,7;15,25,1,34,45,43;22,35,45,42,15;24,33,37;4,16,22,35,43,42,34,21,30
