ipr#111 52 1,2,3,4,5,6;0,6,7,8,9,2;0,1,9,10,11,3;0,2,11,12,13,4;0,3,13,14,15,5;0,4,15,16,17,6;0,5,17,18,7,1;1,6,18,19,8;1,7,19,20,21,9;1,8,21,22,10,2;2,9,22,23,11;2,10,23,24,12,3;3,11,24,25,13;3,12,25,26,14,4;4,13,26,27,28,15;4,14,28,16,5;5,15,28,29,30,17;5,16,30,18,6;6,17,30,31,19,7;7,18,31,32,20,8;8,19,32,33,34,21;8,20,34,35,22,9;9,21,35,36,23,10;10,22,36,37,24,11;11,23,37,38,25,12;12,24,38,39,26,13;13,25,39,27,14;14,26,39,40,41,28;14,27,41,29,16,15;16,28,41,42,30;16,29,42,31,18,17;18,30,42,43,32,19;19,31,43,33,20;20,32,43,44,45,34;20,33,45,35,21;21,34,45,46,36,22;22,35,46,47,37,23;23,36,47,38,24;24,37,47,48,39,25;25,38,48,40,27,26;27,39,48,49,50,41;27,40,50,42,29,28;29,41,50,43,31,30;31,42,50,44,33,32;33,43,50,49,51,45;33,44,51,46,35,34;35,45,51,47,36;36,46,51,48,38,37;38,47,51,49,40,39;40,48,51,44,50;40,49,44,43,42,41;44,49,48,47,46,45
ipr#113 52 1,2,3,4,5,6;0,6,7,8,2;0,1,8,9,10,3;0,2,10,11,12,4;0,3,12,13,14,5;0,4,14,15,6;0,5,15,16,7,1;1,6,16,17,18,8;1,7,18,19,9,2;2,8,19,20,10;2,9,20,21,11,3;3,10,21,22,23,12;3,11,23,13,4;4,12,23,24,25,14;4,13,25,26,15,5;5,14,26,27,16,6;6,15,27,28,17,7;7,16,28,29,30,18;7,17,30,31,19,8;8,18,31,32,20,9;9,19,32,33,21,10;10,20,33,34,22,11;11,21,34,35,36,23;11,22,36,24,13,12;13,23,36,37,38,25;13,24,38,26,14;14,25,38,39,27,15;15,26,39,40,28,16;16,27,40,41,29,17;17,28,41,42,43,30;17,29,43,31,18;18,30,43,44,32,19;19,31,44,45,33,20;20,32,45,34,21;21,33,45,46,35,22;22,34,46,47,37,36;22,35,37,24,23;24,36,35,47,48,38;24,37,48,39,26,25;26,38,48,40,27;27,39,48,49,41,28;28,40,49,42,29;29,41,49,50,51,43;29,42,51,44,31,30;31,43,51,45,32;32,44,51,46,34,33;34,45,51,50,47,35;35,46,50,49,48,37;37,47,49,40,39,38;40,48,47,50,42,41;42,49,47,46,51;42,50,46,45,44,43
ipr#115 52 1,2,3,4,5,6;0,6,7,8,2;0,1,8,9,10,3;0,2,10,11,12,4;0,3,12,13,14,5;0,4,14,15,16,6;0,5,16,17,7,1;1,6,17,18,19,8;1,7,19,20,9,2;2,8,20,21,10;2,9,21,22,11,3;3,10,22,23,12;3,11,23,24,13,4;4,12,24,25,26,14;4,13,26,15,5;5,14,26,27,28,16;5,15,28,17,6;6,16,28,29,18,7;7,17,29,30,31,19;7,18,31,32,20,8;8,19,32,33,21,9;9,20,33,34,22,10;10,21,34,35,23,11;11,22,35,36,24,12;12,23,36,37,25,13;13,24,37,38,39,26;13,25,39,27,15,14;15,26,39,40,28;15,27,40,29,17,16;17,28,40,41,30,18;18,29,41,42,43,31;18,30,43,32,19;19,31,43,44,33,20;20,32,44,45,34,21;21,33,45,35,22;22,34,45,46,36,23;23,35,46,37,24;24,36,46,47,38,25;25,37,47,48,49,39;25,38,49,40,27,26;27,39,49,41,29,28;29,40,49,42,30;30,41,49,48,50,43;30,42,50,44,32,31;32,43,50,51,45,33;33,44,51,46,35,34;35,45,51,47,37,36;37,46,51,50,48,38;38,47,50,42,49;38,48,42,41,40,39;42,48,47,51,44,43;44,50,47,46,45
ipr#117 50 1,2,3,4,5,6;0,6,7,8,2;0,1,8,9,10,3;0,2,10,11,12,4;0,3,12,13,14,5;0,4,14,15,16,6;0,5,16,17,7,1;1,6,17,18,19,8;1,7,19,20,9,2;2,8,20,21,10;2,9,21,22,11,3;3,10,22,23,24,12;3,11,24,25,13,4;4,12,25,26,14;4,13,26,27,15,5;5,14,27,28,29,16;5,15,29,17,6;6,16,29,30,18,7;7,17,30,31,32,19;7,18,32,33,20,8;8,19,33,34,21,9;9,20,34,35,22,10;10,21,35,23,11;11,22,35,36,37,24;11,23,37,25,12;12,24,37,38,26,13;13,25,38,39,27,14;14,26,39,40,28,15;15,27,40,41,29;15,28,41,30,17,16;17,29,41,31,18;18,30,41,42,43,32;18,31,43,33,19;19,32,43,44,34,20;20,33,44,45,35,21;21,34,45,36,23,22;23,35,45,46,47,37;23,36,47,38,25,24;25,37,47,39,26;26,38,47,48,40,27;27,39,48,42,41,28;28,40,42,31,30,29;31,41,40,48,49,43;31,42,49,44,33,32;33,43,49,45,34;34,44,49,46,36,35;36,45,49,48,47;36,46,48,39,38,37;39,47,46,49,42,40;42,48,46,45,44,43
ipr#119 51 1,2,3,4,5,6;0,6,7,8,9,2;0,1,9,10,11,3;0,2,11,12,13,4;0,3,13,14,15,5;0,4,15,16,17,6;0,5,17,7,1;1,6,17,18,19,8;1,7,19,20,9;1,8,20,21,10,2;2,9,21,22,23,11;2,10,23,24,12,3;3,11,24,25,13;3,12,25,26,14,4;4,13,26,27,28,15;4,14,28,16,5;5,15,28,29,30,17;5,16,30,18,7,6;7,17,30,31,32,19;7,18,32,33,20,8;8,19,33,34,21,9;9,20,34,22,10;10,21,34,35,36,23;10,22,36,24,11;11,23,36,37,25,12;12,24,37,38,26,13;13,25,38,27,14;14,26,38,39,40,28;14,27,40,29,16,15;16,28,40,41,30;16,29,41,31,18,17;18,30,41,42,32;18,31,42,43,33,19;19,32,43,44,34,20;20,33,44,35,22,21;22,34,44,45,46,36;22,35,46,37,24,23;24,36,46,47,38,25;25,37,47,39,27,26;27,38,47,48,49,40;27,39,49,41,29,28;29,40,49,42,31,30;31,41,49,50,43,32;32,42,50,44,33;33,43,50,45,35,34;35,44,50,48,46;35,45,48,47,37,36;37,46,48,39,38;39,47,46,45,50,49;39,48,50,42,41,40;42,49,48,45,44,43
ipr#121 45 1,2,3,4,5,6;0,6,7,8,9,2;0,1,9,10,11,3;0,2,11,12,4;0,3,12,13,14,5;0,4,14,15,6;0,5,15,16,7,1;1,6,16,17,8;1,7,17,18,19,9;1,8,19,10,2;2,9,19,20,21,11;2,10,21,22,12,3;3,11,22,23,13,4;4,12,23,24,25,14;4,13,25,26,15,5;5,14,26,27,16,6;6,15,27,28,17,7;7,16,28,29,18,8;8,17,29,30,31,19;8,18,31,20,10,9;10,19,31,32,33,21;10,20,33,22,11;11,21,33,34,23,12;12,22,34,35,24,13;13,23,35,36,25;13,24,36,37,26,14;14,25,37,38,27,15;15,26,38,28,16;16,27,38,39,29,17;17,28,39,40,30,18;18,29,40,41,31;18,30,41,32,20,19;20,31,41,42,33;20,32,42,34,22,21;22,33,42,35,23;23,34,42,43,36,24;24,35,43,44,37,25;25,36,44,38,26;26,37,44,39,28,27;28,38,44,40,29;29,39,44,43,41,30;30,40,43,42,32,31;32,41,43,35,34,33;35,42,41,40,44,36;36,43,40,39,38,37
ipr#123 51 1,2,3,4,5,6;0,6,7,8,9,2;0,1,9,10,11,3;0,2,11,12,4;0,3,12,13,14,5;0,4,14,15,6;0,5,15,16,7,1;1,6,16,17,8;1,7,17,18,19,9;1,8,19,10,2;2,9,19,20,21,11;2,10,21,22,12,3;3,11,22,23,13,4;4,12,23,24,25,14;4,13,25,26,15,5;5,14,26,27,16,6;6,15,27,28,17,7;7,16,28,29,18,8;8,17,29,30,31,19;8,18,31,20,10,9;10,19,31,32,33,21;10,20,33,22,11;11,21,33,34,23,12;12,22,34,35,24,13;13,23,35,36,25;13,24,36,37,26,14;14,25,37,38,27,15;15,26,38,28,16;16,27,38,39,29,17;17,28,39,40,30,18;18,29,40,41,42,31;18,30,42,32,20,19;20,31,42,43,44,33;20,32,44,34,22,21;22,33,44,45,35,23;23,34,45,46,36,24;24,35,46,47,37,25;25,36,47,48,38,26;26,37,48,39,28,27;28,38,48,40,29;29,39,48,49,41,30;30,40,49,50,43,42;30,41,43,32,31;32,42,41,50,45,44;32,43,45,34,33;34,44,43,50,46,35;35,45,50,49,47,36;36,46,49,48,37;37,47,49,40,39,38;40,48,47,46,50,41;41,49,46,45,43
ipr#125 52 1,2,3,4,5,6;0,6,7,8,9,2;0,1,9,10,11,3;0,2,11,12,4;0,3,12,13,14,5;0,4,14,15,6;0,5,15,16,7,1;1,6,16,17,8;1,7,17,18,19,9;1,8,19,10,2;2,9,19,20,21,11;2,10,21,22,12,3;3,11,22,23,13,4;4,12,23,24,25,14;4,13,25,26,15,5;5,14,26,27,16,6;6,15,27,28,17,7;7,16,28,29,18,8;8,17,29,30,31,19;8,18,31,20,10,9;10,19,31,32,33,21;10,20,33,22,11;11,21,33,34,23,12;12,22,34,35,24,13;13,23,35,36,25;13,24,36,37,26,14;14,25,37,38,27,15;15,26,38,28,16;16,27,38,39,29,17;17,28,39,40,30,18;18,29,40,41,31;18,30,41,32,20,19;20,31,41,42,43,33;20,32,43,34,22,21;22,33,43,44,35,23;23,34,44,45,36,24;24,35,45,46,37,25;25,36,46,47,38,26;26,37,47,39,28,27;28,38,47,48,40,29;29,39,48,49,41,30;30,40,49,42,32,31;32,41,49,50,44,43;32,42,44,34,33;34,43,42,50,45,35;35,44,50,51,46,36;36,45,51,47,37;37,46,51,48,39,38;39,47,51,49,40;40,48,51,50,42,41;42,49,51,45,44;45,50,49,48,47,46
ipr#127 45 1,2,3,4,5,6;0,6,7,8,2;0,1,8,9,10,3;0,2,10,11,12,4;0,3,12,13,14,5;0,4,14,15,16,6;0,5,16,17,7,1;1,6,17,18,19,8;1,7,19,20,9,2;2,8,20,21,22,10;2,9,22,23,11,3;3,10,23,24,25,12;3,11,25,13,4;4,12,25,26,27,14;4,13,27,15,5;5,14,27,28,29,16;5,15,29,17,6;6,16,29,30,18,7;7,17,30,31,32,19;7,18,32,33,20,8;8,19,33,21,9;9,20,33,34,35,22;9,21,35,23,10;10,22,35,36,24,11;11,23,36,37,25;11,24,37,26,13,12;13,25,37,38,27;13,26,38,28,15,14;15,27,38,39,40,29;15,28,40,30,17,16;17,29,40,31,18;18,30,40,41,42,32;18,31,42,33,19;19,32,42,34,21,20;21,33,42,43,35;21,34,43,36,23,22;23,35,43,44,37,24;24,36,44,38,26,25;26,37,44,39,28,27;28,38,44,41,40;28,39,41,31,30,29;31,40,39,44,43,42;31,41,43,34,33,32;34,42,41,44,36,35;36,43,41,39,38,37
ipr#129 51 1,2,3,4,5,6;0,6,7,8,9,2;0,1,9,10,11,3;0,2,11,12,13,4;0,3,13,14,15,5;0,4,15,16,17,6;0,5,17,18,7,1;1,6,18,19,20,8;1,7,20,21,22,9;1,8,22,10,2;2,9,22,23,24,11;2,10,24,25,12,3;3,11,25,26,27,13;3,12,27,14,4;4,13,27,28,29,15;4,14,29,16,5;5,15,29,30,31,17;5,16,31,18,6;6,17,31,32,19,7;7,18,32,33,34,20;7,19,34,21,8;8,20,34,35,36,22;8,21,36,23,10,9;10,22,36,37,38,24;10,23,38,39,25,11;11,24,39,26,12;12,25,39,40,41,27;12,26,41,28,14,13;14,27,41,42,29;14,28,42,30,16,15;16,29,42,43,44,31;16,30,44,32,18,17;18,31,44,33,19;19,32,44,45,46,34;19,33,46,35,21,20;21,34,46,47,37,36;21,35,37,23,22;23,36,35,47,48,38;23,37,48,39,24;24,38,48,40,26,25;26,39,48,49,50,41;26,40,50,42,28,27;28,41,50,43,30,29;30,42,50,45,44;30,43,45,33,32,31;33,44,43,50,49,46;33,45,49,47,35,34;35,46,49,48,37;37,47,49,40,39,38;40,48,47,46,45,50;40,49,45,43,42,41
ipr#131 51 1,2,3,4,5,6;0,6,7,8,9,2;0,1,9,10,3;0,2,10,11,12,4;0,3,12,13,14,5;0,4,14,15,16,6;0,5,16,17,7,1;1,6,17,18,19,8;1,7,19,20,21,9;1,8,21,22,10,2;2,9,22,23,11,3;3,10,23,24,25,12;3,11,25,13,4;4,12,25,26,27,14;4,13,27,15,5;5,14,27,28,29,16;5,15,29,17,6;6,16,29,30,18,7;7,17,30,31,32,19;7,18,32,33,20,8;8,19,33,34,21;8,20,34,35,22,9;9,21,35,36,23,10;10,22,36,24,11;11,23,36,37,38,25;11,24,38,26,13,12;13,25,38,39,40,27;13,26,40,28,15,14;15,27,40,41,42,29;15,28,42,30,17,16;17,29,42,31,18;18,30,42,43,44,32;18,31,44,33,19;19,32,44,45,34,20;20,33,45,46,35,21;21,34,46,47,36,22;22,35,47,37,24,23;24,36,47,48,39,38;24,37,39,26,25;26,38,37,48,49,40;26,39,49,41,28,27;28,40,49,43,42;28,41,43,31,30,29;31,42,41,49,50,44;31,43,50,45,33,32;33,44,50,46,34;34,45,50,48,47,35;35,46,48,37,36;37,47,46,50,49,39;39,48,50,43,41,40;43,49,48,46,45,44
ipr#133 48 1,2,3,4,5,6;0,6,7,8,2;0,1,8,9,10,3;0,2,10,11,12,4;0,3,12,13,14,5;0,4,14,15,16,6;0,5,16,17,7,1;1,6,17,18,19,8;1,7,19,20,9,2;2,8,20,21,10;2,9,21,22,11,3;3,10,22,23,12;3,11,23,24,13,4;4,12,24,25,26,14;4,13,26,15,5;5,14,26,27,28,16;5,15,28,17,6;6,16,28,29,18,7;7,17,29,30,31,19;7,18,31,32,20,8;8,19,32,33,21,9;9,20,33,34,22,10;10,21,34,35,23,11;11,22,35,36,24,12;12,23,36,37,25,13;13,24,37,38,26;13,25,38,27,15,14;15,26,38,39,40,28;15,27,40,29,17,16;17,28,40,30,18;18,29,40,41,42,31;18,30,42,32,19;19,31,42,43,33,20;20,32,43,44,34,21;21,33,44,35,22;22,34,44,45,36,23;23,35,45,37,24;24,36,45,46,38,25;25,37,46,39,27,26;27,38,46,41,40;27,39,41,30,29,28;30,40,39,46,47,42;30,41,47,43,32,31;32,42,47,44,33;33,43,47,45,35,34;35,44,47,46,37,36;37,45,47,41,39,38;41,46,45,44,43,42
ipr#135 51 1,2,3,4,5,6;0,6,7,8,2;0,1,8,9,10,3;0,2,10,11,12,4;0,3,12,13,14,5;0,4,14,15,16,6;0,5,16,17,7,1;1,6,17,18,19,8;1,7,19,20,9,2;2,8,20,21,10;2,9,21,22,11,3;3,10,22,23,12;3,11,23,24,13,4;4,12,24,25,26,14;4,13,26,15,5;5,14,26,27,28,16;5,15,28,17,6;6,16,28,29,18,7;7,17,29,30,31,19;7,18,31,32,20,8;8,19,32,33,21,9;9,20,33,34,22,10;10,21,34,35,23,11;11,22,35,36,24,12;12,23,36,37,25,13;13,24,37,38,39,26;13,25,39,27,15,14;15,26,39,40,41,28;15,27,41,29,17,16;17,28,41,30,18;18,29,41,42,43,31;18,30,43,32,19;19,31,43,44,33,20;20,32,44,45,34,21;21,33,45,35,22;22,34,45,46,36,23;23,35,46,37,24;24,36,46,47,38,25;25,37,47,48,39;25,38,48,40,27,26;27,39,48,42,41;27,40,42,30,29,28;30,41,40,48,49,43;30,42,49,44,32,31;32,43,49,50,45,33;33,44,50,46,35,34;35,45,50,47,37,36;37,46,50,49,48,38;38,47,49,42,40,39;42,48,47,50,44,43;44,49,47,46,45
ipr#137 52 1,2,3,4,5,6;0,6,7,8,9,2;0,1,9,10,3;0,2,10,11,12,4;0,3,12,13,14,5;0,4,14,15,16,6;0,5,16,17,7,1;1,6,17,18,19,8;1,7,19,20,21,9;1,8,21,22,10,2;2,9,22,23,11,3;3,10,23,24,12;3,11,24,25,13,4;4,12,25,26,27,14;4,13,27,15,5;5,14,27,28,29,16;5,15,29,17,6;6,16,29,30,18,7;7,17,30,31,32,19;7,18,32,33,20,8;8,19,33,34,35,21;8,20,35,22,9;9,21,35,36,23,10;10,22,36,37,24,11;11,23,37,38,25,12;12,24,38,39,26,13;13,25,39,40,27;13,26,40,28,15,14;15,27,40,41,42,29;15,28,42,30,17,16;17,29,42,31,18;18,30,42,43,44,32;18,31,44,33,19;19,32,44,45,34,20;20,33,45,46,47,35;20,34,47,36,22,21;22,35,47,48,37,23;23,36,48,38,24;24,37,48,49,39,25;25,38,49,50,40,26;26,39,50,41,28,27;28,40,50,43,42;28,41,43,31,30,29;31,42,41,50,51,44;31,43,51,45,33,32;33,44,51,46,34;34,45,51,49,48,47;34,46,48,36,35;36,47,46,49,38,37;38,48,46,51,50,39;39,49,51,43,41,40;43,50,49,46,45,44
ipr#139 52 1,2,3,4,5,6;0,6,7,8,2;0,1,8,9,10,3;0,2,10,11,12,4;0,3,12,13,14,5;0,4,14,15,16,6;0,5,16,17,7,1;1,6,17,18,19,8;1,7,19,20,9,2;2,8,20,21,10;2,9,21,22,11,3;3,10,22,23,24,12;3,11,24,25,13,4;4,12,25,26,27,14;4,13,27,15,5;5,14,27,28,29,16;5,15,29,17,6;6,16,29,30,18,7;7,17,30,31,32,19;7,18,32,33,20,8;8,19,33,34,21,9;9,20,34,35,22,10;10,21,35,36,23,11;11,22,36,37,24;11,23,37,38,25,12;12,24,38,39,26,13;13,25,39,40,27;13,26,40,28,15,14;15,27,40,41,42,29;15,28,42,30,17,16;17,29,42,31,18;18,30,42,43,44,32;18,31,44,33,19;19,32,44,45,34,20;20,33,45,46,35,21;21,34,46,36,22;22,35,46,47,37,23;23,36,47,48,38,24;24,37,48,39,25;25,38,48,49,40,26;26,39,49,41,28,27;28,40,49,50,43,42;28,41,43,31,30,29;31,42,41,50,51,44;31,43,51,45,33,32;33,44,51,46,34;34,45,51,47,36,35;36,46,51,50,48,37;37,47,50,49,39,38;39,48,50,41,40;41,49,48,47,51,43;43,50,47,46,45,44
ipr#141 51 1,2,3,4,5,6;0,6,7,8,9,2;0,1,9,10,3;0,2,10,11,12,4;0,3,12,13,14,5;0,4,14,15,16,6;0,5,16,17,7,1;1,6,17,18,19,8;1,7,19,20,21,9;1,8,21,22,10,2;2,9,22,23,11,3;3,10,23,24,25,12;3,11,25,13,4;4,12,25,26,27,14;4,13,27,15,5;5,14,27,28,29,16;5,15,29,30,17,6;6,16,30,18,7;7,17,30,31,32,19;7,18,32,20,8;8,19,32,33,34,21;8,20,34,35,22,9;9,21,35,36,23,10;10,22,36,24,11;11,23,36,37,38,25;11,24,38,26,13,12;13,25,38,39,27;13,26,39,28,15,14;15,27,39,40,41,29;15,28,41,42,30,16;16,29,42,31,18,17;18,30,42,43,44,32;18,31,44,33,20,19;20,32,44,45,46,34;20,33,46,47,35,21;21,34,47,36,22;22,35,47,37,24,23;24,36,47,48,49,38;24,37,49,39,26,25;26,38,49,40,28,27;28,39,49,50,41;28,40,50,43,42,29;29,41,43,31,30;31,42,41,50,45,44;31,43,45,33,32;33,44,43,50,48,46;33,45,48,47,34;34,46,48,37,36,35;37,47,46,45,50,49;37,48,50,40,39,38;40,49,48,45,43,41
ipr#143 51 1,2,3,4,5,6;0,6,7,8,2;0,1,8,9,10,3;0,2,10,11,12,4;0,3,12,13,14,5;0,4,14,15,16,6;0,5,16,17,7,1;1,6,17,18,19,8;1,7,19,20,9,2;2,8,20,21,22,10;2,9,22,23,11,3;3,10,23,24,25,12;3,11,25,13,4;4,12,25,26,27,14;4,13,27,15,5;5,14,27,28,29,16;5,15,29,30,17,6;6,16,30,18,7;7,17,30,31,32,19;7,18,32,20,8;8,19,32,33,21,9;9,20,33,34,35,22;9,21,35,23,10;10,22,35,36,24,11;11,23,36,37,25;11,24,37,26,13,12;13,25,37,38,39,27;13,26,39,28,15,14;15,27,39,40,41,29;15,28,41,42,30,16;16,29,42,31,18,17;18,30,42,43,44,32;18,31,44,33,20,19;20,32,44,45,34,21;21,33,45,46,47,35;21,34,47,36,23,22;23,35,47,48,37,24;24,36,48,38,26,25;26,37,48,49,39;26,38,49,40,28,27;28,39,49,50,41;28,40,50,43,42,29;29,41,43,31,30;31,42,41,50,45,44;31,43,45,33,32;33,44,43,50,46,34;34,45,50,49,48,47;34,46,48,36,35;36,47,46,49,38,37;38,48,46,50,40,39;40,49,46,45,43,41
ipr#145 52 1,2,3,4,5,6;0,6,7,8,9,2;0,1,9,10,3;0,2,10,11,12,4;0,3,12,13,14,5;0,4,14,15,6;0,5,15,16,7,1;1,6,16,17,18,8;1,7,18,19,20,9;1,8,20,21,10,2;2,9,21,22,11,3;3,10,22,23,24,12;3,11,24,13,4;4,12,24,25,26,14;4,13,26,27,15,5;5,14,27,28,16,6;6,15,28,29,17,7;7,16,29,30,31,18;7,17,31,19,8;8,18,31,32,33,20;8,19,33,34,21,9;9,20,34,35,22,10;10,21,35,23,11;11,22,35,36,37,24;11,23,37,25,13,12;13,24,37,38,26;13,25,38,39,27,14;14,26,39,40,28,15;15,27,40,29,16;16,28,40,41,30,17;17,29,41,42,43,31;17,30,43,32,19,18;19,31,43,44,45,33;19,32,45,46,34,20;20,33,46,35,21;21,34,46,36,23,22;23,35,46,47,48,37;23,36,48,38,25,24;25,37,48,49,39,26;26,38,49,50,40,27;27,39,50,41,29,28;29,40,50,42,30;30,41,50,51,44,43;30,42,44,32,31;32,43,42,51,47,45;32,44,47,46,33;33,45,47,36,35,34;36,46,45,44,51,48;36,47,51,49,38,37;38,48,51,50,39;39,49,51,42,41,40;42,50,49,48,47,44
ipr#147 52 1,2,3,4,5,6;0,6,7,8,2;0,1,8,9,10,3;0,2,10,11,12,4;0,3,12,13,5;0,4,13,14,15,6;0,5,15,16,7,1;1,6,16,17,18,8;1,7,18,19,9,2;2,8,19,20,21,10;2,9,21,11,3;3,10,21,22,23,12;3,11,23,24,13,4;4,12,24,25,14,5;5,13,25,26,27,15;5,14,27,28,16,6;6,15,28,29,17,7;7,16,29,30,31,18;7,17,31,19,8;8,18,31,32,20,9;9,19,32,33,34,21;9,20,34,22,11,10;11,21,34,35,36,23;11,22,36,37,24,12;12,23,37,25,13;13,24,37,38,26,14;14,25,38,39,40,27;14,26,40,41,28,15;15,27,41,29,16;16,28,41,42,30,17;17,29,42,43,44,31;17,30,44,32,19,18;19,31,44,45,33,20;20,32,45,46,34;20,33,46,35,22,21;22,34,46,47,48,36;22,35,48,37,23;23,36,48,38,25,24;25,37,48,39,26;26,38,48,47,49,40;26,39,49,50,41,27;27,40,50,42,29,28;29,41,50,43,30;30,42,50,51,45,44;30,43,45,32,31;32,44,43,51,46,33;33,45,51,47,35,34;35,46,51,49,39,48;35,47,39,38,37,36;39,47,51,50,40;40,49,51,43,42,41;43,50,49,47,46,45
ipr#149 52 1,2,3,4,5,6;0,6,7,8,2;0,1,8,9,10,3;0,2,10,11,12,4;0,3,12,13,14,5;0,4,14,15,6;0,5,15,16,7,1;1,6,16,17,18,8;1,7,18,19,9,2;2,8,19,20,21,10;2,9,21,22,11,3;3,10,22,23,24,12;3,11,24,13,4;4,12,24,25,26,14;4,13,26,27,15,5;5,14,27,28,16,6;6,15,28,29,17,7;7,16,29,30,31,18;7,17,31,19,8;8,18,31,32,20,9;9,19,32,33,34,21;9,20,34,22,10;10,21,34,35,23,11;11,22,35,36,24;11,23,36,25,13,12;13,24,36,37,38,26;13,25,38,39,27,14;14,26,39,40,28,15;15,27,40,29,16;16,28,40,41,30,17;17,29,41,42,43,31;17,30,43,32,19,18;19,31,43,44,33,20;20,32,44,45,46,34;20,33,46,35,22,21;22,34,46,47,36,23;23,35,47,37,25,24;25,36,47,48,38;25,37,48,49,39,26;26,38,49,50,40,27;27,39,50,41,29,28;29,40,50,42,30;30,41,50,51,44,43;30,42,44,32,31;32,43,42,51,45,33;33,44,51,48,47,46;33,45,47,35,34;35,46,45,48,37,36;37,47,45,51,49,38;38,48,51,50,39;39,49,51,42,41,40;42,50,49,48,45,44
ipr#151 52 1,2,3,4,5,6;0,6,7,8,2;0,1,8,9,10,3;0,2,10,11,12,4;0,3,12,13,5;0,4,13,14,15,6;0,5,15,16,7,1;1,6,16,17,18,8;1,7,18,19,9,2;2,8,19,20,10;2,9,20,21,11,3;3,10,21,22,23,12;3,11,23,24,13,4;4,12,24,25,14,5;5,13,25,26,27,15;5,14,27,16,6;6,15,27,28,17,7;7,16,28,29,30,18;7,17,30,31,19,8;8,18,31,32,20,9;9,19,32,33,21,10;10,20,33,34,22,11;11,21,34,35,36,23;11,22,36,24,12;12,23,36,37,25,13;13,24,37,38,26,14;14,25,38,39,40,27;14,26,40,28,16,15;16,27,40,29,17;17,28,40,41,42,30;17,29,42,31,18;18,30,42,43,32,19;19,31,43,44,33,20;20,32,44,45,34,21;21,33,45,46,35,22;22,34,46,47,36;22,35,47,37,24,23;24,36,47,38,25;25,37,47,48,39,26;26,38,48,49,41,40;26,39,41,29,28,27;29,40,39,49,50,42;29,41,50,43,31,30;31,42,50,44,32;32,43,50,51,45,33;33,44,51,46,34;34,45,51,48,47,35;35,46,48,38,37,36;38,47,46,51,49,39;39,48,51,50,41;41,49,51,44,43,42;44,50,49,48,46,45
ipr#153 52 1,2,3,4,5,6;0,6,7,8,2;0,1,8,9,10,3;0,2,10,11,12,4;0,3,12,13,14,5;0,4,14,15,16,6;0,5,16,17,7,1;1,6,17,18,19,8;1,7,19,20,9,2;2,8,20,21,10;2,9,21,22,11,3;3,10,22,23,24,12;3,11,24,25,13,4;4,12,25,26,27,14;4,13,27,15,5;5,14,27,28,29,16;5,15,29,17,6;6,16,29,30,18,7;7,17,30,31,32,19;7,18,32,33,20,8;8,19,33,34,21,9;9,20,34,35,22,10;10,21,35,36,23,11;11,22,36,37,38,24;11,23,38,25,12;12,24,38,39,26,13;13,25,39,40,41,27;13,26,41,28,15,14;15,27,41,42,43,29;15,28,43,30,17,16;17,29,43,31,18;18,30,43,44,45,32;18,31,45,33,19;19,32,45,46,34,20;20,33,46,47,35,21;21,34,47,36,22;22,35,47,48,37,23;23,36,48,49,38;23,37,49,39,25,24;25,38,49,40,26;26,39,49,50,42,41;26,40,42,28,27;28,41,40,50,44,43;28,42,44,31,30,29;31,43,42,50,51,45;31,44,51,46,33,32;33,45,51,47,34;34,46,51,48,36,35;36,47,51,50,49,37;37,48,50,40,39,38;40,49,48,51,44,42;44,50,48,47,46,45
ipr#155 52 1,2,3,4,5,6;0,6,7,8,2;0,1,8,9,10,3;0,2,10,11,12,4;0,3,12,13,5;0,4,13,14,15,6;0,5,15,16,7,1;1,6,16,17,18,8;1,7,18,19,9,2;2,8,19,20,10;2,9,20,21,11,3;3,10,21,22,23,12;3,11,23,24,13,4;4,12,24,25,14,5;5,13,25,26,27,15;5,14,27,16,6;6,15,27,28,17,7;7,16,28,29,30,18;7,17,30,31,19,8;8,18,31,32,20,9;9,19,32,33,21,10;10,20,33,34,22,11;11,21,34,35,36,23;11,22,36,24,12;12,23,36,37,25,13;13,24,37,38,26,14;14,25,38,39,40,27;14,26,40,28,16,15;16,27,40,41,29,17;17,28,41,42,43,30;17,29,43,31,18;18,30,43,44,32,19;19,31,44,45,33,20;20,32,45,34,21;21,33,45,46,35,22;22,34,46,47,36;22,35,47,37,24,23;24,36,47,48,38,25;25,37,48,39,26;26,38,48,49,41,40;26,39,41,28,27;28,40,39,49,42,29;29,41,49,50,51,43;29,42,51,44,31,30;31,43,51,45,32;32,44,51,46,34,33;34,45,51,50,47,35;35,46,50,48,37,36;37,47,50,49,39,38;39,48,50,42,41;42,49,48,47,46,51;42,50,46,45,44,43
ipr#157 51 1,2,3,4,5,6;0,6,7,8,9,2;0,1,9,10,11,3;0,2,11,12,13,4;0,3,13,14,15,5;0,4,15,16,17,6;0,5,17,18,7,1;1,6,18,19,20,8;1,7,20,21,9;1,8,21,22,10,2;2,9,22,23,11;2,10,23,24,12,3;3,11,24,25,26,13;3,12,26,14,4;4,13,26,27,28,15;4,14,28,16,5;5,15,28,29,30,17;5,16,30,31,18,6;6,17,31,19,7;7,18,31,32,33,20;7,19,33,34,21,8;8,20,34,35,22,9;9,21,35,36,23,10;10,22,36,37,24,11;11,23,37,38,25,12;12,24,38,39,26;12,25,39,27,14,13;14,26,39,40,28;14,27,40,29,16,15;16,28,40,41,30;16,29,41,42,31,17;17,30,42,32,19,18;19,31,42,43,44,33;19,32,44,34,20;20,33,44,45,35,21;21,34,45,46,36,22;22,35,46,37,23;23,36,46,47,38,24;24,37,47,48,39,25;25,38,48,40,27,26;27,39,48,41,29,28;29,40,48,49,42,30;30,41,49,43,32,31;32,42,49,50,44;32,43,50,45,34,33;34,44,50,46,35;35,45,50,47,37,36;37,46,50,49,48,38;38,47,49,41,40,39;41,48,47,50,43,42;43,49,47,46,45,44
ipr#159 52 1,2,3,4,5,6;0,6,7,8,9,2;0,1,9,10,11,3;0,2,11,12,4;0,3,12,13,14,5;0,4,14,15,16,6;0,5,16,17,7,1;1,6,17,18,19,8;1,7,19,20,9;1,8,20,21,10,2;2,9,21,22,23,11;2,10,23,24,12,3;3,11,24,25,13,4;4,12,25,26,27,14;4,13,27,15,5;5,14,27,28,29,16;5,15,29,17,6;6,16,29,30,18,7;7,17,30,31,32,19;7,18,32,33,20,8;8,19,33,34,21,9;9,20,34,35,22,10;10,21,35,36,23;10,22,36,37,24,11;11,23,37,38,25,12;12,24,38,39,26,13;13,25,39,40,27;13,26,40,28,15,14;15,27,40,41,29;15,28,41,30,17,16;17,29,41,42,31,18;18,30,42,43,32;18,31,43,44,33,19;19,32,44,45,34,20;20,33,45,35,21;21,34,45,46,36,22;22,35,46,47,37,23;23,36,47,48,38,24;24,37,48,39,25;25,38,48,49,40,26;26,39,49,41,28,27;28,40,49,42,30,29;30,41,49,50,43,31;31,42,50,51,44,32;32,43,51,45,33;33,44,51,46,35,34;35,45,51,47,36;36,46,51,50,48,37;37,47,50,49,39,38;39,48,50,42,41,40;42,49,48,47,51,43;43,50,47,46,45,44
ipr#161 45 1,2,3,4,5,6;0,6,7,8,9,2;0,1,9,10,11,3;0,2,11,12,13,4;0,3,13,14,15,5;0,4,15,16,17,6;0,5,17,7,1;1,6,17,18,19,8;1,7,19,20,21,9;1,8,21,10,2;2,9,21,22,23,11;2,10,23,12,3;3,11,23,24,25,13;3,12,25,14,4;4,13,25,26,27,15;4,14,27,28,16,5;5,15,28,29,30,17;5,16,30,18,7,6;7,17,30,31,32,19;7,18,32,20,8;8,19,32,33,34,21;8,20,34,22,10,9;10,21,34,35,23;10,22,35,24,12,11;12,23,35,36,25;12,24,36,26,14,13;14,25,36,37,38,27;14,26,38,39,28,15;15,27,39,29,16;16,28,39,40,31,30;16,29,31,18,17;18,30,29,40,41,32;18,31,41,33,20,19;20,32,41,42,43,34;20,33,43,35,22,21;22,34,43,36,24,23;24,35,43,37,26,25;26,36,43,42,44,38;26,37,44,39,27;27,38,44,40,29,28;29,39,44,41,31;31,40,44,42,33,32;33,41,44,37,43;33,42,37,36,35,34;37,42,41,40,39,38
ipr#163 51 1,2,3,4,5,6;0,6,7,8,2;0,1,8,9,10,3;0,2,10,11,12,4;0,3,12,13,14,5;0,4,14,15,16,6;0,5,16,17,7,1;1,6,17,18,19,8;1,7,19,20,9,2;2,8,20,21,22,10;2,9,22,11,3;3,10,22,23,24,12;3,11,24,13,4;4,12,24,25,26,14;4,13,26,27,15,5;5,14,27,28,29,16;5,15,29,30,17,6;6,16,30,31,18,7;7,17,31,32,33,19;7,18,33,34,20,8;8,19,34,21,9;9,20,34,35,36,22;9,21,36,23,11,10;11,22,36,37,24;11,23,37,25,13,12;13,24,37,38,39,26;13,25,39,40,27,14;14,26,40,28,15;15,27,40,41,42,29;15,28,42,30,16;16,29,42,43,31,17;17,30,43,32,18;18,31,43,44,45,33;18,32,45,34,19;19,33,45,35,21,20;21,34,45,46,47,36;21,35,47,37,23,22;23,36,47,38,25,24;25,37,47,48,49,39;25,38,49,40,26;26,39,49,41,28,27;28,40,49,50,42;28,41,50,43,30,29;30,42,50,44,32,31;32,43,50,48,46,45;32,44,46,35,34,33;35,45,44,48,47;35,46,48,38,37,36;38,47,46,44,50,49;38,48,50,41,40,39;41,49,48,44,43,42
ipr#165 51 1,2,3,4,5,6;0,6,7,8,9,2;0,1,9,10,11,3;0,2,11,12,13,4;0,3,13,14,15,5;0,4,15,16,17,6;0,5,17,7,1;1,6,17,18,19,8;1,7,19,20,21,9;1,8,21,22,10,2;2,9,22,23,24,11;2,10,24,12,3;3,11,24,25,26,13;3,12,26,27,14,4;4,13,27,28,15;4,14,28,29,16,5;5,15,29,30,17;5,16,30,18,7,6;7,17,30,31,32,19;7,18,32,20,8;8,19,32,33,34,21;8,20,34,22,9;9,21,34,35,23,10;10,22,35,36,24;10,23,36,25,12,11;12,24,36,37,26;12,25,37,38,27,13;13,26,38,39,28,14;14,27,39,40,29,15;15,28,40,41,30,16;16,29,41,31,18,17;18,30,41,42,43,32;18,31,43,33,20,19;20,32,43,44,45,34;20,33,45,35,22,21;22,34,45,46,36,23;23,35,46,37,25,24;25,36,46,47,38,26;26,37,47,48,39,27;27,38,48,49,40,28;28,39,49,41,29;29,40,49,42,31,30;31,41,49,50,43;31,42,50,44,33,32;33,43,50,47,46,45;33,44,46,35,34;35,45,44,47,37,36;37,46,44,50,48,38;38,47,50,49,39;39,48,50,42,41,40;42,49,48,47,44,43
ipr#167 48 1,2,3,4,5,6;0,6,7,8,9,2;0,1,9,10,11,3;0,2,11,12,13,4;0,3,13,14,15,5;0,4,15,16,17,6;0,5,17,7,1;1,6,17,18,19,8;1,7,19,20,9;1,8,20,21,10,2;2,9,21,22,23,11;2,10,23,12,3;3,11,23,24,25,13;3,12,25,14,4;4,13,25,26,27,15;4,14,27,28,16,5;5,15,28,29,30,17;5,16,30,18,7,6;7,17,30,31,19;7,18,31,32,20,8;8,19,32,33,21,9;9,20,33,34,22,10;10,21,34,35,23;10,22,35,24,12,11;12,23,35,36,25;12,24,36,26,14,13;14,25,36,37,38,27;14,26,38,39,28,15;15,27,39,29,16;16,28,39,40,41,30;16,29,41,31,18,17;18,30,41,42,32,19;19,31,42,33,20;20,32,42,43,34,21;21,33,43,44,35,22;22,34,44,36,24,23;24,35,44,37,26,25;26,36,44,45,46,38;26,37,46,39,27;27,38,46,40,29,28;29,39,46,47,41;29,40,47,42,31,30;31,41,47,43,33,32;33,42,47,45,44,34;34,43,45,37,36,35;37,44,43,47,46;37,45,47,40,39,38;40,46,45,43,42,41
ipr#169 49 1,2,3,4,5,6;0,6,7,8,9,2;0,1,9,10,11,3;0,2,11,12,13,4;0,3,13,14,15,5;0,4,15,16,17,6;0,5,17,18,7,1;1,6,18,19,8;1,7,19,20,21,9;1,8,21,10,2;2,9,21,22,23,11;2,10,23,12,3;3,11,23,24,25,13;3,12,25,14,4;4,13,25,26,27,15;4,14,27,28,16,5;5,15,28,29,30,17;5,16,30,31,18,6;6,17,31,32,19,7;7,18,32,33,20,8;8,19,33,34,35,21;8,20,35,22,10,9;10,21,35,36,23;10,22,36,24,12,11;12,23,36,37,25;12,24,37,26,14,13;14,25,37,38,39,27;14,26,39,40,28,15;15,27,40,29,16;16,28,40,41,42,30;16,29,42,31,17;17,30,42,43,32,18;18,31,43,33,19;19,32,43,44,34,20;20,33,44,45,46,35;20,34,46,36,22,21;22,35,46,37,24,23;24,36,46,38,26,25;26,37,46,45,47,39;26,38,47,40,27;27,39,47,41,29,28;29,40,47,48,42;29,41,48,43,31,30;31,42,48,44,33,32;33,43,48,45,34;34,44,48,47,38,46;34,45,38,37,36,35;38,45,48,41,40,39;41,47,45,44,43,42
ipr#171 52 1,2,3,4,5,6;0,6,7,8,9,2;0,1,9,10,11,3;0,2,11,12,13,4;0,3,13,14,5;0,4,14,15,16,6;0,5,16,7,1;1,6,16,17,18,8;1,7,18,19,20,9;1,8,20,10,2;2,9,20,21,22,11;2,10,22,12,3;3,11,22,23,24,13;3,12,24,25,14,4;4,13,25,26,15,5;5,14,26,27,28,16;5,15,28,17,7,6;7,16,28,29,30,18;7,17,30,31,19,8;8,18,31,32,33,20;8,19,33,21,10,9;10,20,33,34,22;10,21,34,23,12,11;12,22,34,35,24;12,23,35,36,25,13;13,24,36,37,26,14;14,25,37,38,27,15;15,26,38,39,40,28;15,27,40,29,17,16;17,28,40,41,42,30;17,29,42,31,18;18,30,42,43,32,19;19,31,43,44,45,33;19,32,45,34,21,20;21,33,45,35,23,22;23,34,45,46,36,24;24,35,46,47,37,25;25,36,47,48,38,26;26,37,48,39,27;27,38,48,49,41,40;27,39,41,29,28;29,40,39,49,50,42;29,41,50,43,31,30;31,42,50,44,32;32,43,50,51,46,45;32,44,46,35,34,33;35,45,44,51,47,36;36,46,51,48,37;37,47,51,49,39,38;39,48,51,50,41;41,49,51,44,43,42;44,50,49,48,47,46
ipr#173 52 1,2,3,4,5,6;0,6,7,8,9,2;0,1,9,10,11,3;0,2,11,12,13,4;0,3,13,14,15,5;0,4,15,16,17,6;0,5,17,18,7,1;1,6,18,19,8;1,7,19,20,21,9;1,8,21,10,2;2,9,21,22,23,11;2,10,23,12,3;3,11,23,24,25,13;3,12,25,14,4;4,13,25,26,27,15;4,14,27,28,16,5;5,15,28,29,30,17;5,16,30,31,18,6;6,17,31,32,19,7;7,18,32,33,20,8;8,19,33,34,35,21;8,20,35,22,10,9;10,21,35,36,23;10,22,36,24,12,11;12,23,36,37,38,25;12,24,38,26,14,13;14,25,38,39,40,27;14,26,40,41,28,15;15,27,41,29,16;16,28,41,42,43,30;16,29,43,31,17;17,30,43,44,32,18;18,31,44,33,19;19,32,44,45,34,20;20,33,45,46,47,35;20,34,47,36,22,21;22,35,47,37,24,23;24,36,47,48,38;24,37,48,39,26,25;26,38,48,49,50,40;26,39,50,41,27;27,40,50,42,29,28;29,41,50,51,43;29,42,51,44,31,30;31,43,51,45,33,32;33,44,51,49,46,34;34,45,49,48,47;34,46,48,37,36,35;37,47,46,49,39,38;39,48,46,45,51,50;39,49,51,42,41,40;42,50,49,45,44,43
ipr#175 49 1,2,3,4,5,6;0,6,7,8,9,2;0,1,9,10,11,3;0,2,11,12,13,4;0,3,13,14,15,5;0,4,15,16,17,6;0,5,17,18,7,1;1,6,18,19,20,8;1,7,20,21,22,9;1,8,22,10,2;2,9,22,23,24,11;2,10,24,12,3;3,11,24,25,26,13;3,12,26,14,4;4,13,26,27,28,15;4,14,28,29,16,5;5,15,29,30,31,17;5,16,31,32,18,6;6,17,32,19,7;7,18,32,33,34,20;7,19,34,21,8;8,20,34,35,36,22;8,21,36,23,10,9;10,22,36,37,24;10,23,37,25,12,11;12,24,37,38,26;12,25,38,27,14,13;14,26,38,39,40,28;14,27,40,41,29,15;15,28,41,30,16;16,29,41,42,43,31;16,30,43,32,17;17,31,43,33,19,18;19,32,43,44,45,34;19,33,45,35,21,20;21,34,45,46,47,36;21,35,47,37,23,22;23,36,47,38,25,24;25,37,47,39,27,26;27,38,47,46,48,40;27,39,48,41,28;28,40,48,42,30,29;30,41,48,44,43;30,42,44,33,32,31;33,43,42,48,46,45;33,44,46,35,34;35,45,44,48,39,47;35,46,39,38,37,36;39,46,44,42,41,40
ipr#177 52 1,2,3,4,5,6;0,6,7,8,9,2;0,1,9,10,11,3;0,2,11,12,13,4;0,3,13,14,15,5;0,4,15,16,17,6;0,5,17,18,7,1;1,6,18,19,20,8;1,7,20,21,22,9;1,8,22,10,2;2,9,22,23,24,11;2,10,24,12,3;3,11,24,25,26,13;3,12,26,27,14,4;4,13,27,28,15;4,14,28,29,16,5;5,15,29,30,17;5,16,30,31,18,6;6,17,31,19,7;7,18,31,32,33,20;7,19,33,21,8;8,20,33,34,35,22;8,21,35,23,10,9;10,22,35,36,24;10,23,36,25,12,11;12,24,36,37,26;12,25,37,38,27,13;13,26,38,39,28,14;14,27,39,40,29,15;15,28,40,41,30,16;16,29,41,42,31,17;17,30,42,32,19,18;19,31,42,43,44,33;19,32,44,34,21,20;21,33,44,45,46,35;21,34,46,36,23,22;23,35,46,37,25,24;25,36,46,47,38,26;26,37,47,48,39,27;27,38,48,49,40,28;28,39,49,41,29;29,40,49,50,42,30;30,41,50,43,32,31;32,42,50,51,45,44;32,43,45,34,33;34,44,43,51,47,46;34,45,47,37,36,35;37,46,45,51,48,38;38,47,51,49,39;39,48,51,50,41,40;41,49,51,43,42;43,50,49,48,47,45
ipr#179 52 1,2,3,4,5,6;0,6,7,8,9,2;0,1,9,10,11,3;0,2,11,12,13,4;0,3,13,14,15,5;0,4,15,16,17,6;0,5,17,18,7,1;1,6,18,19,20,8;1,7,20,21,22,9;1,8,22,23,10,2;2,9,23,24,25,11;2,10,25,12,3;3,11,25,26,27,13;3,12,27,14,4;4,13,27,28,29,15;4,14,29,30,16,5;5,15,30,31,32,17;5,16,32,33,18,6;6,17,33,19,7;7,18,33,34,35,20;7,19,35,21,8;8,20,35,36,37,22;8,21,37,23,9;9,22,37,38,24,10;10,23,38,39,25;10,24,39,26,12,11;12,25,39,40,27;12,26,40,28,14,13;14,27,40,41,42,29;14,28,42,43,30,15;15,29,43,31,16;16,30,43,44,45,32;16,31,45,33,17;17,32,45,34,19,18;19,33,45,46,47,35;19,34,47,36,21,20;21,35,47,48,37;21,36,48,38,23,22;23,37,48,49,39,24;24,38,49,40,26,25;26,39,49,41,28,27;28,40,49,50,51,42;28,41,51,43,29;29,42,51,44,31,30;31,43,51,46,45;31,44,46,34,33,32;34,45,44,51,50,47;34,46,50,48,36,35;36,47,50,49,38,37;38,48,50,41,40,39;41,49,48,47,46,51;41,50,46,44,43,42
ipr#181 52 1,2,3,4,5,6;0,6,7,8,9,2;0,1,9,10,11,3;0,2,11,12,13,4;0,3,13,14,15,5;0,4,15,16,17,6;0,5,17,18,7,1;1,6,18,19,20,8;1,7,20,21,22,9;1,8,22,10,2;2,9,22,23,24,11;2,10,24,12,3;3,11,24,25,26,13;3,12,26,14,4;4,13,26,27,28,15;4,14,28,29,16,5;5,15,29,30,31,17;5,16,31,32,18,6;6,17,32,19,7;7,18,32,33,34,20;7,19,34,21,8;8,20,34,35,36,22;8,21,36,23,10,9;10,22,36,37,24;10,23,37,25,12,11;12,24,37,38,39,26;12,25,39,27,14,13;14,26,39,40,41,28;14,27,41,42,29,15;15,28,42,30,16;16,29,42,43,44,31;16,30,44,32,17;17,31,44,33,19,18;19,32,44,45,46,34;19,33,46,35,21,20;21,34,46,47,48,36;21,35,48,37,23,22;23,36,48,38,25,24;25,37,48,49,39;25,38,49,40,27,26;27,39,49,50,51,41;27,40,51,42,28;28,41,51,43,30,29;30,42,51,45,44;30,43,45,33,32,31;33,44,43,51,50,46;33,45,50,47,35,34;35,46,50,49,48;35,47,49,38,37,36;38,48,47,50,40,39;40,49,47,46,45,51;40,50,45,43,42,41
ipr#183 42 1,2,3,4,5;0,5,6,7,8,2;0,1,8,9,10,3;0,2,10,11,12,4;0,3,12,13,14,5;0,4,14,15,6,1;1,5,15,16,17,7;1,6,17,18,8;1,7,18,19,9,2;2,8,19,20,21,10;2,9,21,11,3;3,10,21,22,23,12;3,11,23,13,4;4,12,23,24,25,14;4,13,25,26,15,5;5,14,26,27,16,6;6,15,27,28,17;6,16,28,29,18,7;7,17,29,30,19,8;8,18,30,31,20,9;9,19,31,32,21;9,20,32,22,11,10;11,21,32,33,23;11,22,33,24,13,12;13,23,33,34,35,25;13,24,35,36,26,14;14,25,36,27,15;15,26,36,37,28,16;16,27,37,38,29,17;17,28,38,30,18;18,29,38,39,31,19;19,30,39,40,32,20;20,31,40,33,22,21;22,32,40,34,24,23;24,33,40,39,41,35;24,34,41,36,25;25,35,41,37,27,26;27,36,41,38,28;28,37,41,39,30,29;30,38,41,34,40,31;31,39,34,33,32;34,39,38,37,36,35
ipr#185 48 1,2,3,4,5;0,5,6,7,8,2;0,1,8,9,10,3;0,2,10,11,12,4;0,3,12,13,14,5;0,4,14,15,6,1;1,5,15,16,17,7;1,6,17,18,8;1,7,18,19,9,2;2,8,19,20,10;2,9,20,21,11,3;3,10,21,22,23,12;3,11,23,13,4;4,12,23,24,25,14;4,13,25,26,15,5;5,14,26,27,16,6;6,15,27,28,17;6,16,28,29,18,7;7,17,29,30,19,8;8,18,30,31,20,9;9,19,31,32,21,10;10,20,32,33,22,11;11,21,33,34,23;11,22,34,24,13,12;13,23,34,35,36,25;13,24,36,37,26,14;14,25,37,27,15;15,26,37,38,28,16;16,27,38,39,29,17;17,28,39,40,30,18;18,29,40,41,31,19;19,30,41,42,32,20;20,31,42,33,21;21,32,42,43,34,22;22,33,43,35,24,23;24,34,43,44,45,36;24,35,45,46,37,25;25,36,46,38,27,26;27,37,46,39,28;28,38,46,47,40,29;29,39,47,41,30;30,40,47,44,42,31;31,41,44,43,33,32;33,42,44,35,34;35,43,42,41,47,45;35,44,47,46,36;36,45,47,39,38,37;39,46,45,44,41,40
ipr#187 48 1,2,3,4,5;0,5,6,7,8,2;0,1,8,9,10,3;0,2,10,11,12,4;0,3,12,13,14,5;0,4,14,15,6,1;1,5,15,16,17,7;1,6,17,18,19,8;1,7,19,20,9,2;2,8,20,21,10;2,9,21,22,11,3;3,10,22,23,24,12;3,11,24,13,4;4,12,24,25,26,14;4,13,26,27,15,5;5,14,27,28,16,6;6,15,28,29,17;6,16,29,30,18,7;7,17,30,31,32,19;7,18,32,20,8;8,19,32,33,21,9;9,20,33,34,22,10;10,21,34,35,23,11;11,22,35,36,24;11,23,36,25,13,12;13,24,36,37,38,26;13,25,38,39,27,14;14,26,39,28,15;15,27,39,40,29,16;16,28,40,41,30,17;17,29,41,42,31,18;18,30,42,43,32;18,31,43,33,20,19;20,32,43,34,21;21,33,43,44,35,22;22,34,44,45,36,23;23,35,45,37,25,24;25,36,45,46,47,38;25,37,47,39,26;26,38,47,40,28,27;28,39,47,41,29;29,40,47,46,42,30;30,41,46,44,43,31;31,42,44,34,33,32;34,43,42,46,45,35;35,44,46,37,36;37,45,44,42,41,47;37,46,41,40,39,38
ipr#189 48 1,2,3,4,5,6;0,6,7,8,9,2;0,1,9,10,3;0,2,10,11,12,4;0,3,12,13,14,5;0,4,14,15,16,6;0,5,16,17,7,1;1,6,17,18,19,8;1,7,19,20,9;1,8,20,21,10,2;2,9,21,22,11,3;3,10,22,23,12;3,11,23,24,13,4;4,12,24,25,26,14;4,13,26,15,5;5,14,26,27,28,16;5,15,28,29,17,6;6,16,29,30,18,7;7,17,30,31,19;7,18,31,32,20,8;8,19,32,33,21,9;9,20,33,22,10;10,21,33,34,23,11;11,22,34,35,24,12;12,23,35,36,25,13;13,24,36,37,26;13,25,37,27,15,14;15,26,37,38,39,28;15,27,39,40,29,16;16,28,40,30,17;17,29,40,41,31,18;18,30,41,42,32,19;19,31,42,43,33,20;20,32,43,34,22,21;22,33,43,44,35,23;23,34,44,36,24;24,35,44,45,37,25;25,36,45,38,27,26;27,37,45,46,47,39;27,38,47,40,28;28,39,47,41,30,29;30,40,47,42,31;31,41,47,46,43,32;32,42,46,44,34,33;34,43,46,45,36,35;36,44,46,38,37;38,45,44,43,42,47;38,46,42,41,40,39
ipr#191 51 1,2,3,4,5,6;0,6,7,8,2;0,1,8,9,10,3;0,2,10,11,12,4;0,3,12,13,14,5;0,4,14,15,16,6;0,5,16,17,7,1;1,6,17,18,19,8;1,7,19,20,9,2;2,8,20,21,22,10;2,9,22,23,11,3;3,10,23,24,12;3,11,24,25,13,4;4,12,25,26,27,14;4,13,27,15,5;5,14,27,28,29,16;5,15,29,30,17,6;6,16,30,18,7;7,17,30,31,32,19;7,18,32,33,20,8;8,19,33,21,9;9,20,33,34,35,22;9,21,35,23,10;10,22,35,36,24,11;11,23,36,37,25,12;12,24,37,38,26,13;13,25,38,39,27;13,26,39,28,15,14;15,27,39,40,41,29;15,28,41,42,30,16;16,29,42,31,18,17;18,30,42,43,44,32;18,31,44,33,19;19,32,44,34,21,20;21,33,44,45,46,35;21,34,46,36,23,22;23,35,46,47,37,24;24,36,47,38,25;25,37,47,48,39,26;26,38,48,40,28,27;28,39,48,49,50,41;28,40,50,42,29;29,41,50,43,31,30;31,42,50,45,44;31,43,45,34,33,32;34,44,43,50,49,46;34,45,49,47,36,35;36,46,49,48,38,37;38,47,49,40,39;40,48,47,46,45,50;40,49,45,43,42,41
ipr#193 49 1,2,3,4,5;0,5,6,7,8,2;0,1,8,9,10,3;0,2,10,11,12,4;0,3,12,13,14,5;0,4,14,15,6,1;1,5,15,16,17,7;1,6,17,18,8;1,7,18,19,9,2;2,8,19,20,21,10;2,9,21,22,11,3;3,10,22,23,24,12;3,11,24,13,4;4,12,24,25,26,14;4,13,26,27,15,5;5,14,27,28,16,6;6,15,28,29,17;6,16,29,30,18,7;7,17,30,31,19,8;8,18,31,32,20,9;9,19,32,33,21;9,20,33,34,22,10;10,21,34,35,23,11;11,22,35,36,24;11,23,36,25,13,12;13,24,36,37,38,26;13,25,38,39,27,14;14,26,39,28,15;15,27,39,40,29,16;16,28,40,41,30,17;17,29,41,42,31,18;18,30,42,32,19;19,31,42,43,33,20;20,32,43,44,34,21;21,33,44,35,22;22,34,44,45,36,23;23,35,45,37,25,24;25,36,45,46,47,38;25,37,47,39,26;26,38,47,40,28,27;28,39,47,48,41,29;29,40,48,42,30;30,41,48,43,32,31;32,42,48,46,44,33;33,43,46,45,35,34;35,44,46,37,36;37,45,44,43,48,47;37,46,48,40,39,38;40,47,46,43,42,41
ipr#195 52 1,2,3,4,5,6;0,6,7,8,9,2;0,1,9,10,11,3;0,2,11,12,4;0,3,12,13,14,5;0,4,14,15,16,6;0,5,16,17,7,1;1,6,17,18,19,8;1,7,19,20,9;1,8,20,21,10,2;2,9,21,22,23,11;2,10,23,24,12,3;3,11,24,25,13,4;4,12,25,26,27,14;4,13,27,15,5;5,14,27,28,29,16;5,15,29,30,17,6;6,16,30,31,18,7;7,17,31,32,19;7,18,32,33,20,8;8,19,33,34,21,9;9,20,34,35,22,10;10,21,35,36,23;10,22,36,37,24,11;11,23,37,25,12;12,24,37,38,26,13;13,25,38,39,27;13,26,39,28,15,14;15,27,39,40,41,29;15,28,41,42,30,16;16,29,42,31,17;17,30,42,43,32,18;18,31,43,44,33,19;19,32,44,45,34,20;20,33,45,35,21;21,34,45,46,36,22;22,35,46,47,37,23;23,36,47,38,25,24;25,37,47,48,39,26;26,38,48,40,28,27;28,39,48,49,50,41;28,40,50,42,29;29,41,50,43,31,30;31,42,50,51,44,32;32,43,51,45,33;33,44,51,46,35,34;35,45,51,49,47,36;36,46,49,48,38,37;38,47,49,40,39;40,48,47,46,51,50;40,49,51,43,42,41;43,50,49,46,45,44
ipr#197 52 1,2,3,4,5;0,5,6,7,8,2;0,1,8,9,10,3;0,2,10,11,12,4;0,3,12,13,14,5;0,4,14,15,6,1;1,5,15,16,17,7;1,6,17,18,8;1,7,18,19,9,2;2,8,19,20,21,10;2,9,21,22,11,3;3,10,22,23,24,12;3,11,24,13,4;4,12,24,25,26,14;4,13,26,27,15,5;5,14,27,28,16,6;6,15,28,29,17;6,16,29,30,18,7;7,17,30,31,19,8;8,18,31,32,20,9;9,19,32,33,21;9,20,33,34,22,10;10,21,34,35,23,11;11,22,35,36,24;11,23,36,25,13,12;13,24,36,37,38,26;13,25,38,39,27,14;14,26,39,28,15;15,27,39,40,29,16;16,28,40,41,30,17;17,29,41,42,31,18;18,30,42,32,19;19,31,42,43,33,20;20,32,43,44,34,21;21,33,44,45,35,22;22,34,45,46,36,23;23,35,46,37,25,24;25,36,46,47,48,38;25,37,48,39,26;26,38,48,40,28,27;28,39,48,49,41,29;29,40,49,50,42,30;30,41,50,43,32,31;32,42,50,51,44,33;33,43,51,45,34;34,44,51,47,46,35;35,45,47,37,36;37,46,45,51,49,48;37,47,49,40,39,38;40,48,47,51,50,41;41,49,51,43,42;43,50,49,47,45,44
ipr#199 52 1,2,3,4,5;0,5,6,7,8,2;0,1,8,9,10,3;0,2,10,11,12,4;0,3,12,13,14,5;0,4,14,15,6,1;1,5,15,16,17,7;1,6,17,18,19,8;1,7,19,9,2;2,8,19,20,21,10;2,9,21,22,11,3;3,10,22,23,24,12;3,11,24,13,4;4,12,24,25,26,14;4,13,26,27,15,5;5,14,27,16,6;6,15,27,28,29,17;6,16,29,30,18,7;7,17,30,31,19;7,18,31,20,9,8;9,19,31,32,33,21;9,20,33,34,22,10;10,21,34,35,23,11;11,22,35,36,24;11,23,36,25,13,12;13,24,36,37,38,26;13,25,38,39,27,14;14,26,39,28,16,15;16,27,39,40,41,29;16,28,41,30,17;17,29,41,42,31,18;18,30,42,32,20,19;20,31,42,43,33;20,32,43,44,34,21;21,33,44,45,35,22;22,34,45,46,36,23;23,35,46,37,25,24;25,36,46,47,48,38;25,37,48,39,26;26,38,48,40,28,27;28,39,48,49,50,41;28,40,50,42,30,29;30,41,50,43,32,31;32,42,50,51,44,33;33,43,51,45,34;34,44,51,47,46,35;35,45,47,37,36;37,46,45,51,49,48;37,47,49,40,39,38;40,48,47,51,50;40,49,51,43,42,41;43,50,49,47,45,44
ipr#201 52 1,2,3,4,5,6;0,6,7,8,9,2;0,1,9,10,11,3;0,2,11,12,13,4;0,3,13,14,15,5;0,4,15,16,17,6;0,5,17,7,1;1,6,17,18,19,8;1,7,19,20,21,9;1,8,21,10,2;2,9,21,22,23,11;2,10,23,24,12,3;3,11,24,25,26,13;3,12,26,14,4;4,13,26,27,28,15;4,14,28,29,16,5;5,15,29,30,17;5,16,30,18,7,6;7,17,30,31,19;7,18,31,32,20,8;8,19,32,33,21;8,20,33,22,10,9;10,21,33,34,35,23;10,22,35,36,24,11;11,23,36,37,25,12;12,24,37,38,26;12,25,38,27,14,13;14,26,38,39,40,28;14,27,40,41,29,15;15,28,41,42,30,16;16,29,42,31,18,17;18,30,42,43,32,19;19,31,43,44,33,20;20,32,44,34,22,21;22,33,44,45,35;22,34,45,46,36,23;23,35,46,37,24;24,36,46,47,38,25;25,37,47,39,27,26;27,38,47,48,49,40;27,39,49,41,28;28,40,49,50,42,29;29,41,50,43,31,30;31,42,50,51,44,32;32,43,51,45,34,33;34,44,51,48,46,35;35,45,48,47,37,36;37,46,48,39,38;39,47,46,45,51,49;39,48,51,50,41,40;41,49,51,43,42;43,50,49,48,45,44
ipr#203 51 1,2,3,4,5,6;0,6,7,8,9,2;0,1,9,10,3;0,2,10,11,12,4;0,3,12,13,14,5;0,4,14,15,6;0,5,15,16,7,1;1,6,16,17,8;1,7,17,18,19,9;1,8,19,20,10,2;2,9,20,21,11,3;3,10,21,22,23,12;3,11,23,13,4;4,12,23,24,25,14;4,13,25,26,15,5;5,14,26,27,16,6;6,15,27,28,17,7;7,16,28,29,18,8;8,17,29,30,31,19;8,18,31,32,20,9;9,19,32,33,21,10;10,20,33,34,22,11;11,21,34,35,23;11,22,35,24,13,12;13,23,35,36,25;13,24,36,37,26,14;14,25,37,38,27,15;15,26,38,39,28,16;16,27,39,40,29,17;17,28,40,30,18;18,29,40,41,42,31;18,30,42,32,19;19,31,42,43,33,20;20,32,43,44,34,21;21,33,44,45,35,22;22,34,45,36,24,23;24,35,45,46,37,25;25,36,46,47,38,26;26,37,47,48,39,27;27,38,48,40,28;28,39,48,41,30,29;30,40,48,49,42;30,41,49,43,32,31;32,42,49,50,44,33;33,43,50,46,45,34;34,44,46,36,35;36,45,44,50,47,37;37,46,50,49,48,38;38,47,49,41,40,39;41,48,47,50,43,42;43,49,47,46,44
ipr#205 51 1,2,3,4,5,6;0,6,7,8,9,2;0,1,9,10,3;0,2,10,11,12,4;0,3,12,13,14,5;0,4,14,15,16,6;0,5,16,17,7,1;1,6,17,18,19,8;1,7,19,20,9;1,8,20,21,10,2;2,9,21,22,11,3;3,10,22,23,24,12;3,11,24,13,4;4,12,24,25,26,14;4,13,26,15,5;5,14,26,27,28,16;5,15,28,29,17,6;6,16,29,30,18,7;7,17,30,31,19;7,18,31,32,20,8;8,19,32,33,21,9;9,20,33,34,22,10;10,21,34,35,23,11;11,22,35,36,37,24;11,23,37,25,13,12;13,24,37,38,26;13,25,38,27,15,14;15,26,38,39,40,28;15,27,40,41,29,16;16,28,41,30,17;17,29,41,42,31,18;18,30,42,43,32,19;19,31,43,44,33,20;20,32,44,34,21;21,33,44,45,35,22;22,34,45,36,23;23,35,45,46,47,37;23,36,47,38,25,24;25,37,47,39,27,26;27,38,47,46,48,40;27,39,48,49,41,28;28,40,49,42,30,29;30,41,49,43,31;31,42,49,50,44,32;32,43,50,45,34,33;34,44,50,46,36,35;36,45,50,48,39,47;36,46,39,38,37;39,46,50,49,40;40,48,50,43,42,41;43,49,48,46,45,44
ipr#207 52 1,2,3,4,5,6;0,6,7,8,9,2;0,1,9,10,11,3;0,2,11,12,13,4;0,3,13,14,15,5;0,4,15,16,17,6;0,5,17,18,7,1;1,6,18,19,20,8;1,7,20,21,9;1,8,21,22,10,2;2,9,22,23,11;2,10,23,24,12,3;3,11,24,25,26,13;3,12,26,14,4;4,13,26,27,28,15;4,14,28,16,5;5,15,28,29,30,17;5,16,30,31,18,6;6,17,31,32,19,7;7,18,32,33,20;7,19,33,34,21,8;8,20,34,35,22,9;9,21,35,36,23,10;10,22,36,37,24,11;11,23,37,38,25,12;12,24,38,39,26;12,25,39,27,14,13;14,26,39,40,28;14,27,40,29,16,15;16,28,40,41,42,30;16,29,42,43,31,17;17,30,43,32,18;18,31,43,44,33,19;19,32,44,45,34,20;20,33,45,35,21;21,34,45,46,36,22;22,35,46,47,37,23;23,36,47,48,38,24;24,37,48,49,39,25;25,38,49,40,27,26;27,39,49,41,29,28;29,40,49,48,50,42;29,41,50,51,43,30;30,42,51,44,32,31;32,43,51,45,33;33,44,51,46,35,34;35,45,51,50,47,36;36,46,50,48,37;37,47,50,41,49,38;38,48,41,40,39;41,48,47,46,51,42;42,50,46,45,44,43
ipr#209 47 1,2,3,4,5;0,5,6,7,8,2;0,1,8,9,10,3;0,2,10,11,12,4;0,3,12,13,14,5;0,4,14,15,6,1;1,5,15,16,7;1,6,16,17,18,8;1,7,18,9,2;2,8,18,19,20,10;2,9,20,11,3;3,10,20,21,22,12;3,11,22,13,4;4,12,22,23,24,14;4,13,24,15,5;5,14,24,25,16,6;6,15,25,26,17,7;7,16,26,27,28,18;7,17,28,19,9,8;9,18,28,29,30,20;9,19,30,21,11,10;11,20,30,31,32,22;11,21,32,23,13,12;13,22,32,33,34,24;13,23,34,25,15,14;15,24,34,35,26,16;16,25,35,36,27,17;17,26,36,37,38,28;17,27,38,29,19,18;19,28,38,39,40,30;19,29,40,31,21,20;21,30,40,41,42,32;21,31,42,33,23,22;23,32,42,43,44,34;23,33,44,35,25,24;25,34,44,45,36,26;26,35,45,37,27;27,36,45,46,39,38;27,37,39,29,28;29,38,37,46,41,40;29,39,41,31,30;31,40,39,46,43,42;31,41,43,33,32;33,42,41,46,45,44;33,43,45,35,34;35,44,43,46,37,36;37,45,43,41,39
ipr#211 40 1,2,3,4,5;0,5,6,7,8,2;0,1,8,9,10,3;0,2,10,11,12,4;0,3,12,13,14,5;0,4,14,15,6,1;1,5,15,16,7;1,6,16,17,18,8;1,7,18,9,2;2,8,18,19,20,10;2,9,20,21,11,3;3,10,21,22,23,12;3,11,23,13,4;4,12,23,24,25,14;4,13,25,15,5;5,14,25,26,16,6;6,15,26,27,17,7;7,16,27,28,18;7,17,28,19,9,8;9,18,28,29,30,20;9,19,30,21,10;10,20,30,31,22,11;11,21,31,32,33,23;11,22,33,24,13,12;13,23,33,34,35,25;13,24,35,26,15,14;15,25,35,36,27,16;16,26,36,37,28,17;17,27,37,29,19,18;19,28,37,38,30;19,29,38,31,21,20;21,30,38,32,22;22,31,38,39,34,33;22,32,34,24,23;24,33,32,39,36,35;24,34,36,26,25;26,35,34,39,37,27;27,36,39,38,29,28;29,37,39,32,31,30;32,38,37,36,34
ipr#213 46 1,2,3,4,5,6;0,6,7,8,9,2;0,1,9,10,11,3;0,2,11,12,4;0,3,12,13,14,5;0,4,14,15,16,6;0,5,16,17,7,1;1,6,17,18,19,8;1,7,19,20,21,9;1,8,21,10,2;2,9,21,22,23,11;2,10,23,24,12,3;3,11,24,25,13,4;4,12,25,26,27,14;4,13,27,15,5;5,14,27,28,29,16;5,15,29,17,6;6,16,29,30,18,7;7,17,30,31,19;7,18,31,32,20,8;8,19,32,33,21;8,20,33,22,10,9;10,21,33,34,35,23;10,22,35,24,11;11,23,35,36,25,12;12,24,36,26,13;13,25,36,37,38,27;13,26,38,28,15,14;15,27,38,39,40,29;15,28,40,30,17,16;17,29,40,41,31,18;18,30,41,42,32,19;19,31,42,43,33,20;20,32,43,34,22,21;22,33,43,44,35;22,34,44,36,24,23;24,35,44,37,26,25;26,36,44,45,39,38;26,37,39,28,27;28,38,37,45,41,40;28,39,41,30,29;30,40,39,45,42,31;31,41,45,43,32;32,42,45,44,34,33;34,43,45,37,36,35;37,44,43,42,41,39
ipr#215 52 1,2,3,4,5,6;0,6,7,8,9,2;0,1,9,10,3;0,2,10,11,12,4;0,3,12,13,14,5;0,4,14,15,16,6;0,5,16,17,7,1;1,6,17,18,8;1,7,18,19,20,9;1,8,20,21,10,2;2,9,21,22,11,3;3,10,22,23,24,12;3,11,24,25,13,4;4,12,25,26,27,14;4,13,27,15,5;5,14,27,28,29,16;5,15,29,17,6;6,16,29,30,18,7;7,17,30,31,19,8;8,18,31,32,33,20;8,19,33,34,21,9;9,20,34,22,10;10,21,34,35,23,11;11,22,35,36,24;11,23,36,37,25,12;12,24,37,38,26,13;13,25,38,39,40,27;13,26,40,28,15,14;15,27,40,41,42,29;15,28,42,30,17,16;17,29,42,43,31,18;18,30,43,44,32,19;19,31,44,45,46,33;19,32,46,34,20;20,33,46,35,22,21;22,34,46,47,36,23;23,35,47,48,37,24;24,36,48,49,38,25;25,37,49,39,26;26,38,49,50,41,40;26,39,41,28,27;28,40,39,50,43,42;28,41,43,30,29;30,42,41,50,44,31;31,43,50,51,45,32;32,44,51,48,47,46;32,45,47,35,34,33;35,46,45,48,36;36,47,45,51,49,37;37,48,51,50,39,38;39,49,51,44,43,41;44,50,49,48,45
ipr#217 46 1,2,3,4,5,6;0,6,7,8,9,2;0,1,9,10,3;0,2,10,11,12,4;0,3,12,13,5;0,4,13,14,15,6;0,5,15,16,7,1;1,6,16,17,8;1,7,17,18,19,9;1,8,19,20,10,2;2,9,20,21,11,3;3,10,21,22,12;3,11,22,23,13,4;4,12,23,24,14,5;5,13,24,25,26,15;5,14,26,16,6;6,15,26,27,17,7;7,16,27,28,18,8;8,17,28,29,19;8,18,29,30,20,9;9,19,30,31,21,10;10,20,31,32,22,11;11,21,32,33,23,12;12,22,33,34,24,13;13,23,34,35,25,14;14,24,35,36,37,26;14,25,37,27,16,15;16,26,37,38,28,17;17,27,38,39,29,18;18,28,39,40,30,19;19,29,40,41,31,20;20,30,41,32,21;21,31,41,42,33,22;22,32,42,34,23;23,33,42,43,35,24;24,34,43,36,25;25,35,43,44,38,37;25,36,38,27,26;27,37,36,44,39,28;28,38,44,45,40,29;29,39,45,41,30;30,40,45,42,32,31;32,41,45,43,34,33;34,42,45,44,36,35;36,43,45,39,38;39,44,43,42,41,40
ipr#219 52 1,2,3,4,5,6;0,6,7,8,9,2;0,1,9,10,3;0,2,10,11,12,4;0,3,12,13,5;0,4,13,14,15,6;0,5,15,16,7,1;1,6,16,17,18,8;1,7,18,19,20,9;1,8,20,21,10,2;2,9,21,22,11,3;3,10,22,23,24,12;3,11,24,25,13,4;4,12,25,26,14,5;5,13,26,27,28,15;5,14,28,16,6;6,15,28,29,17,7;7,16,29,30,31,18;7,17,31,19,8;8,18,31,32,33,20;8,19,33,21,9;9,20,33,34,22,10;10,21,34,23,11;11,22,34,35,36,24;11,23,36,37,25,12;12,24,37,38,26,13;13,25,38,39,27,14;14,26,39,40,41,28;14,27,41,29,16,15;16,28,41,42,30,17;17,29,42,43,44,31;17,30,44,32,19,18;19,31,44,45,46,33;19,32,46,34,21,20;21,33,46,35,23,22;23,34,46,47,36;23,35,47,48,37,24;24,36,48,38,25;25,37,48,49,39,26;26,38,49,40,27;27,39,49,50,42,41;27,40,42,29,28;29,41,40,50,43,30;30,42,50,51,45,44;30,43,45,32,31;32,44,43,51,47,46;32,45,47,35,34,33;35,46,45,51,48,36;36,47,51,49,38,37;38,48,51,50,40,39;40,49,51,43,42;43,50,49,48,47,45
ipr#221 52 1,2,3,4,5,6;0,6,7,8,9,2;0,1,9,10,3;0,2,10,11,12,4;0,3,12,13,14,5;0,4,14,15,16,6;0,5,16,17,7,1;1,6,17,18,8;1,7,18,19,20,9;1,8,20,21,10,2;2,9,21,22,11,3;3,10,22,23,24,12;3,11,24,13,4;4,12,24,25,26,14;4,13,26,27,15,5;5,14,27,28,29,16;5,15,29,17,6;6,16,29,30,18,7;7,17,30,31,19,8;8,18,31,32,33,20;8,19,33,21,9;9,20,33,34,22,10;10,21,34,23,11;11,22,34,35,36,24;11,23,36,25,13,12;13,24,36,37,38,26;13,25,38,39,27,14;14,26,39,40,28,15;15,27,40,41,42,29;15,28,42,30,17,16;17,29,42,43,31,18;18,30,43,44,32,19;19,31,44,45,46,33;19,32,46,34,21,20;21,33,46,35,23,22;23,34,46,47,37,36;23,35,37,25,24;25,36,35,47,48,38;25,37,48,39,26;26,38,48,49,40,27;27,39,49,41,28;28,40,49,50,43,42;28,41,43,30,29;30,42,41,50,44,31;31,43,50,51,45,32;32,44,51,47,46;32,45,47,35,34,33;35,46,45,51,48,37;37,47,51,49,39,38;39,48,51,50,41,40;41,49,51,44,43;44,50,49,48,47,45
ipr#223 52 1,2,3,4,5,6;0,6,7,8,9,2;0,1,9,10,3;0,2,10,11,12,4;0,3,12,13,5;0,4,13,14,15,6;0,5,15,16,7,1;1,6,16,17,8;1,7,17,18,19,9;1,8,19,20,10,2;2,9,20,21,11,3;3,10,21,22,23,12;3,11,23,24,13,4;4,12,24,25,14,5;5,13,25,26,27,15;5,14,27,16,6;6,15,27,28,17,7;7,16,28,29,18,8;8,17,29,30,19;8,18,30,31,20,9;9,19,31,32,21,10;10,20,32,22,11;11,21,32,33,34,23;11,22,34,35,24,12;12,23,35,36,25,13;13,24,36,37,26,14;14,25,37,38,39,27;14,26,39,28,16,15;16,27,39,40,29,17;17,28,40,41,30,18;18,29,41,42,31,19;19,30,42,43,32,20;20,31,43,33,22,21;22,32,43,44,34;22,33,44,45,35,23;23,34,45,36,24;24,35,45,46,37,25;25,36,46,38,26;26,37,46,47,48,39;26,38,48,40,28,27;28,39,48,41,29;29,40,48,49,42,30;30,41,49,50,43,31;31,42,50,44,33,32;33,43,50,51,45,34;34,44,51,46,36,35;36,45,51,47,38,37;38,46,51,49,48;38,47,49,41,40,39;41,48,47,51,50,42;42,49,51,44,43;44,50,49,47,46,45
ipr#225 49 1,2,3,4,5,6;0,6,7,8,9,2;0,1,9,10,11,3;0,2,11,12,13,4;0,3,13,14,5;0,4,14,15,16,6;0,5,16,17,7,1;1,6,17,18,8;1,7,18,19,20,9;1,8,20,21,10,2;2,9,21,22,11;2,10,22,23,12,3;3,11,23,24,13;3,12,24,25,14,4;4,13,25,26,15,5;5,14,26,27,28,16;5,15,28,17,6;6,16,28,29,18,7;7,17,29,30,19,8;8,18,30,31,20;8,19,31,32,21,9;9,20,32,33,22,10;10,21,33,34,23,11;11,22,34,35,24,12;12,23,35,36,25,13;13,24,36,37,26,14;14,25,37,38,27,15;15,26,38,39,40,28;15,27,40,29,17,16;17,28,40,41,30,18;18,29,41,42,31,19;19,30,42,43,32,20;20,31,43,33,21;21,32,43,44,34,22;22,33,44,35,23;23,34,44,45,36,24;24,35,45,37,25;25,36,45,46,38,26;26,37,46,39,27;27,38,46,47,41,40;27,39,41,29,28;29,40,39,47,42,30;30,41,47,48,43,31;31,42,48,44,33,32;33,43,48,45,35,34;35,44,48,46,37,36;37,45,48,47,39,38;39,46,48,42,41;42,47,46,45,44,43
ipr#227 52 1,2,3,4,5,6;0,6,7,8,9,2;0,1,9,10,11,3;0,2,11,12,13,4;0,3,13,14,5;0,4,14,15,16,6;0,5,16,7,1;1,6,16,17,18,8;1,7,18,19,20,9;1,8,20,10,2;2,9,20,21,22,11;2,10,22,23,12,3;3,11,23,24,13;3,12,24,25,14,4;4,13,25,26,15,5;5,14,26,27,28,16;5,15,28,17,7,6;7,16,28,29,30,18;7,17,30,19,8;8,18,30,31,32,20;8,19,32,21,10,9;10,20,32,33,34,22;10,21,34,35,23,11;11,22,35,36,24,12;12,23,36,37,25,13;13,24,37,38,26,14;14,25,38,39,27,15;15,26,39,40,41,28;15,27,41,29,17,16;17,28,41,42,43,30;17,29,43,31,19,18;19,30,43,44,32;19,31,44,33,21,20;21,32,44,45,34;21,33,45,46,35,22;22,34,46,36,23;23,35,46,47,37,24;24,36,47,38,25;25,37,47,48,39,26;26,38,48,40,27;27,39,48,49,42,41;27,40,42,29,28;29,41,40,49,50,43;29,42,50,44,31,30;31,43,50,45,33,32;33,44,50,51,46,34;34,45,51,47,36,35;36,46,51,48,38,37;38,47,51,49,40,39;40,48,51,50,42;42,49,51,45,44,43;45,50,49,48,47,46
ipr#229 52 1,2,3,4,5,6;0,6,7,8,9,2;0,1,9,10,3;0,2,10,11,12,4;0,3,12,13,5;0,4,13,14,15,6;0,5,15,16,7,1;1,6,16,17,18,8;1,7,18,19,9;1,8,19,20,10,2;2,9,20,21,11,3;3,10,21,22,12;3,11,22,23,13,4;4,12,23,24,14,5;5,13,24,25,15;5,14,25,26,16,6;6,15,26,27,17,7;7,16,27,28,29,18;7,17,29,30,19,8;8,18,30,31,20,9;9,19,31,32,21,10;10,20,32,33,22,11;11,21,33,34,23,12;12,22,34,35,24,13;13,23,35,36,25,14;14,24,36,37,26,15;15,25,37,38,27,16;16,26,38,39,28,17;17,27,39,40,41,29;17,28,41,30,18;18,29,41,42,31,19;19,30,42,32,20;20,31,42,43,33,21;21,32,43,44,34,22;22,33,44,45,35,23;23,34,45,36,24;24,35,45,46,37,25;25,36,46,47,38,26;26,37,47,39,27;27,38,47,48,40,28;28,39,48,49,50,41;28,40,50,42,30,29;30,41,50,43,32,31;32,42,50,49,44,33;33,43,49,51,45,34;34,44,51,46,36,35;36,45,51,47,37;37,46,51,48,39,38;39,47,51,49,40;40,48,51,44,43,50;40,49,43,42,41;44,49,48,47,46,45
ipr#231 52 1,2,3,4,5,6;0,6,7,8,9,2;0,1,9,10,3;0,2,10,11,12,4;0,3,12,13,5;0,4,13,14,15,6;0,5,15,16,7,1;1,6,16,17,8;1,7,17,18,19,9;1,8,19,20,10,2;2,9,20,21,11,3;3,10,21,22,23,12;3,11,23,24,13,4;4,12,24,25,14,5;5,13,25,26,27,15;5,14,27,16,6;6,15,27,28,17,7;7,16,28,29,18,8;8,17,29,30,31,19;8,18,31,20,9;9,19,31,32,21,10;10,20,32,22,11;11,21,32,33,34,23;11,22,34,35,24,12;12,23,35,36,25,13;13,24,36,37,26,14;14,25,37,38,39,27;14,26,39,28,16,15;16,27,39,40,29,17;17,28,40,41,30,18;18,29,41,42,43,31;18,30,43,32,20,19;20,31,43,33,22,21;22,32,43,44,45,34;22,33,45,46,35,23;23,34,46,36,24;24,35,46,47,37,25;25,36,47,48,38,26;26,37,48,49,40,39;26,38,40,28,27;28,39,38,49,41,29;29,40,49,50,42,30;30,41,50,44,43;30,42,44,33,32,31;33,43,42,50,51,45;33,44,51,46,34;34,45,51,47,36,35;36,46,51,48,37;37,47,51,50,49,38;38,48,50,41,40;41,49,48,51,44,42;44,50,48,47,46,45
ipr#233 52 1,2,3,4,5,6;0,6,7,8,9,2;0,1,9,10,11,3;0,2,11,12,13,4;0,3,13,14,5;0,4,14,15,16,6;0,5,16,17,7,1;1,6,17,18,8;1,7,18,19,20,9;1,8,20,21,10,2;2,9,21,22,11;2,10,22,23,12,3;3,11,23,24,13;3,12,24,25,14,4;4,13,25,26,15,5;5,14,26,27,28,16;5,15,28,17,6;6,16,28,29,18,7;7,17,29,30,19,8;8,18,30,31,20;8,19,31,32,21,9;9,20,32,33,22,10;10,21,33,34,23,11;11,22,34,35,24,12;12,23,35,36,25,13;13,24,36,37,26,14;14,25,37,38,27,15;15,26,38,39,40,28;15,27,40,29,17,16;17,28,40,41,30,18;18,29,41,42,31,19;19,30,42,43,32,20;20,31,43,33,21;21,32,43,44,34,22;22,33,44,45,35,23;23,34,45,46,36,24;24,35,46,37,25;25,36,46,47,38,26;26,37,47,48,39,27;27,38,48,49,41,40;27,39,41,29,28;29,40,39,49,42,30;30,41,49,50,43,31;31,42,50,44,33,32;33,43,50,51,45,34;34,44,51,46,35;35,45,51,47,37,36;37,46,51,48,38;38,47,51,50,49,39;39,48,50,42,41;42,49,48,51,44,43;44,50,48,47,46,45
ipr#235 52 1,2,3,4,5,6;0,6,7,8,9,2;0,1,9,10,11,3;0,2,11,12,13,4;0,3,13,14,15,5;0,4,15,16,17,6;0,5,17,18,7,1;1,6,18,19,8;1,7,19,20,21,9;1,8,21,22,10,2;2,9,22,23,11;2,10,23,24,12,3;3,11,24,25,13;3,12,25,26,14,4;4,13,26,27,28,15;4,14,28,16,5;5,15,28,29,30,17;5,16,30,18,6;6,17,30,31,19,7;7,18,31,32,20,8;8,19,32,33,21;8,20,33,34,22,9;9,21,34,35,23,10;10,22,35,36,24,11;11,23,36,37,25,12;12,24,37,38,26,13;13,25,38,39,27,14;14,26,39,40,41,28;14,27,41,29,16,15;16,28,41,42,30;16,29,42,31,18,17;18,30,42,43,32,19;19,31,43,44,33,20;20,32,44,45,34,21;21,33,45,35,22;22,34,45,46,36,23;23,35,46,37,24;24,36,46,47,38,25;25,37,47,39,26;26,38,47,48,40,27;27,39,48,49,41;27,40,49,42,29,28;29,41,49,43,31,30;31,42,49,50,44,32;32,43,50,51,45,33;33,44,51,46,35,34;35,45,51,47,37,36;37,46,51,48,39,38;39,47,51,50,49,40;40,48,50,43,42,41;43,49,48,51,44;44,50,48,47,46,45
ipr#237 52 1,2,3,4,5,6;0,6,7,8,9,2;0,1,9,10,3;0,2,10,11,12,4;0,3,12,13,14,5;0,4,14,15,16,6;0,5,16,17,7,1;1,6,17,18,8;1,7,18,19,20,9;1,8,20,21,10,2;2,9,21,22,11,3;3,10,22,23,12;3,11,23,24,13,4;4,12,24,25,26,14;4,13,26,15,5;5,14,26,27,28,16;5,15,28,17,6;6,16,28,29,18,7;7,17,29,30,19,8;8,18,30,31,20;8,19,31,32,21,9;9,20,32,33,22,10;10,21,33,34,23,11;11,22,34,35,24,12;12,23,35,36,25,13;13,24,36,37,38,26;13,25,38,27,15,14;15,26,38,39,28;15,27,39,29,17,16;17,28,39,40,30,18;18,29,40,41,31,19;19,30,41,42,32,20;20,31,42,43,33,21;21,32,43,44,34,22;22,33,44,45,35,23;23,34,45,36,24;24,35,45,46,37,25;25,36,46,47,48,38;25,37,48,39,27,26;27,38,48,40,29,28;29,39,48,49,41,30;30,40,49,50,42,31;31,41,50,43,32;32,42,50,51,44,33;33,43,51,45,34;34,44,51,46,36,35;36,45,51,47,37;37,46,51,50,49,48;37,47,49,40,39,38;40,48,47,50,41;41,49,47,51,43,42;43,50,47,46,45,44
ipr#239 50 1,2,3,4,5,6;0,6,7,8,2;0,1,8,9,10,3;0,2,10,11,12,4;0,3,12,13,5;0,4,13,14,15,6;0,5,15,16,7,1;1,6,16,17,18,8;1,7,18,19,9,2;2,8,19,20,21,10;2,9,21,22,11,3;3,10,22,23,12;3,11,23,24,13,4;4,12,24,25,14,5;5,13,25,26,27,15;5,14,27,28,16,6;6,15,28,17,7;7,16,28,29,30,18;7,17,30,19,8;8,18,30,31,20,9;9,19,31,32,33,21;9,20,33,34,22,10;10,21,34,35,23,11;11,22,35,36,24,12;12,23,36,37,25,13;13,24,37,38,26,14;14,25,38,39,40,27;14,26,40,28,15;15,27,40,29,17,16;17,28,40,41,42,30;17,29,42,31,19,18;19,30,42,32,20;20,31,42,43,44,33;20,32,44,45,34,21;21,33,45,35,22;22,34,45,46,36,23;23,35,46,37,24;24,36,46,47,38,25;25,37,47,39,26;26,38,47,48,41,40;26,39,41,29,28,27;29,40,39,48,43,42;29,41,43,32,31,30;32,42,41,48,49,44;32,43,49,45,33;33,44,49,46,35,34;35,45,49,47,37,36;37,46,49,48,39,38;39,47,49,43,41;43,48,47,46,45,44
ipr#241 50 1,2,3,4,5,6;0,6,7,8,2;0,1,8,9,10,3;0,2,10,11,12,4;0,3,12,13,5;0,4,13,14,15,6;0,5,15,16,7,1;1,6,16,17,18,8;1,7,18,19,9,2;2,8,19,20,21,10;2,9,21,22,11,3;3,10,22,23,12;3,11,23,24,13,4;4,12,24,25,14,5;5,13,25,26,27,15;5,14,27,16,6;6,15,27,28,17,7;7,16,28,29,30,18;7,17,30,19,8;8,18,30,31,20,9;9,19,31,32,33,21;9,20,33,34,22,10;10,21,34,35,23,11;11,22,35,36,24,12;12,23,36,37,25,13;13,24,37,38,26,14;14,25,38,39,40,27;14,26,40,28,16,15;16,27,40,29,17;17,28,40,41,42,30;17,29,42,31,19,18;19,30,42,32,20;20,31,42,43,44,33;20,32,44,45,34,21;21,33,45,35,22;22,34,45,46,36,23;23,35,46,37,24;24,36,46,47,38,25;25,37,47,39,26;26,38,47,48,41,40;26,39,41,29,28,27;29,40,39,48,43,42;29,41,43,32,31,30;32,42,41,48,49,44;32,43,49,45,33;33,44,49,46,35,34;35,45,49,47,37,36;37,46,49,48,39,38;39,47,49,43,41;43,48,47,46,45,44
ipr#243 49 1,2,3,4,5,6;0,6,7,8,9,2;0,1,9,10,11,3;0,2,11,12,13,4;0,3,13,14,15,5;0,4,15,16,17,6;0,5,17,18,7,1;1,6,18,19,8;1,7,19,20,21,9;1,8,21,10,2;2,9,21,22,23,11;2,10,23,12,3;3,11,23,24,25,13;3,12,25,26,14,4;4,13,26,27,15;4,14,27,28,16,5;5,15,28,29,30,17;5,16,30,18,6;6,17,30,31,19,7;7,18,31,32,20,8;8,19,32,33,21;8,20,33,22,10,9;10,21,33,34,35,23;10,22,35,24,12,11;12,23,35,36,37,25;12,24,37,26,13;13,25,37,38,27,14;14,26,38,39,28,15;15,27,39,40,29,16;16,28,40,41,42,30;16,29,42,31,18,17;18,30,42,43,32,19;19,31,43,44,33,20;20,32,44,34,22,21;22,33,44,45,36,35;22,34,36,24,23;24,35,34,45,46,37;24,36,46,38,26,25;26,37,46,39,27;27,38,46,47,40,28;28,39,47,41,29;29,40,47,48,43,42;29,41,43,31,30;31,42,41,48,44,32;32,43,48,45,34,33;34,44,48,47,46,36;36,45,47,39,38,37;39,46,45,48,41,40;41,47,45,44,43
ipr#245 52 1,2,3,4,5,6;0,6,7,8,9,2;0,1,9,10,11,3;0,2,11,12,13,4;0,3,13,14,15,5;0,4,15,16,17,6;0,5,17,18,7,1;1,6,18,19,8;1,7,19,20,21,9;1,8,21,10,2;2,9,21,22,23,11;2,10,23,12,3;3,11,23,24,25,13;3,12,25,26,14,4;4,13,26,27,28,15;4,14,28,29,16,5;5,15,29,30,31,17;5,16,31,18,6;6,17,31,32,19,7;7,18,32,33,20,8;8,19,33,34,21;8,20,34,22,10,9;10,21,34,35,36,23;10,22,36,24,12,11;12,23,36,37,38,25;12,24,38,26,13;13,25,38,39,27,14;14,26,39,40,41,28;14,27,41,29,15;15,28,41,42,30,16;16,29,42,43,31;16,30,43,32,18,17;18,31,43,44,33,19;19,32,44,45,34,20;20,33,45,35,22,21;22,34,45,46,37,36;22,35,37,24,23;24,36,35,46,47,38;24,37,47,39,26,25;26,38,47,40,27;27,39,47,48,49,41;27,40,49,42,29,28;29,41,49,50,43,30;30,42,50,44,32,31;32,43,50,51,45,33;33,44,51,46,35,34;35,45,51,48,47,37;37,46,48,40,39,38;40,47,46,51,50,49;40,48,50,42,41;42,49,48,51,44,43;44,50,48,46,45
ipr#247 52 1,2,3,4,5,6;0,6,7,8,9,2;0,1,9,10,11,3;0,2,11,12,13,4;0,3,13,14,15,5;0,4,15,16,17,6;0,5,17,18,7,1;1,6,18,19,8;1,7,19,20,21,9;1,8,21,10,2;2,9,21,22,23,11;2,10,23,12,3;3,11,23,24,25,13;3,12,25,26,14,4;4,13,26,27,15;4,14,27,28,16,5;5,15,28,29,30,17;5,16,30,18,6;6,17,30,31,19,7;7,18,31,32,20,8;8,19,32,33,21;8,20,33,22,10,9;10,21,33,34,35,23;10,22,35,24,12,11;12,23,35,36,37,25;12,24,37,26,13;13,25,37,38,27,14;14,26,38,39,28,15;15,27,39,40,29,16;16,28,40,41,42,30;16,29,42,31,18,17;18,30,42,43,32,19;19,31,43,44,33,20;20,32,44,34,22,21;22,33,44,45,46,35;22,34,46,36,24,23;24,35,46,47,48,37;24,36,48,38,26,25;26,37,48,39,27;27,38,48,49,40,28;28,39,49,50,41,29;29,40,50,51,43,42;29,41,43,31,30;31,42,41,51,44,32;32,43,51,45,34,33;34,44,51,50,47,46;34,45,47,36,35;36,46,45,50,49,48;36,47,49,39,38,37;39,48,47,50,40;40,49,47,45,51,41;41,50,45,44,43
ipr#249 49 1,2,3,4,5,6;0,6,7,8,9,2;0,1,9,10,11,3;0,2,11,12,4;0,3,12,13,14,5;0,4,14,15,16,6;0,5,16,17,7,1;1,6,17,18,19,8;1,7,19,20,21,9;1,8,21,10,2;2,9,21,22,23,11;2,10,23,24,12,3;3,11,24,25,13,4;4,12,25,26,14;4,13,26,27,15,5;5,14,27,28,29,16;5,15,29,17,6;6,16,29,30,18,7;7,17,30,31,19;7,18,31,32,20,8;8,19,32,33,21;8,20,33,22,10,9;10,21,33,34,35,23;10,22,35,36,24,11;11,23,36,25,12;12,24,36,37,26,13;13,25,37,38,27,14;14,26,38,39,28,15;15,27,39,40,41,29;15,28,41,30,17,16;17,29,41,42,31,18;18,30,42,43,32,19;19,31,43,44,33,20;20,32,44,34,22,21;22,33,44,45,35;22,34,45,46,36,23;23,35,46,37,25,24;25,36,46,38,26;26,37,46,47,39,27;27,38,47,40,28;28,39,47,48,42,41;28,40,42,30,29;30,41,40,48,43,31;31,42,48,44,32;32,43,48,45,34,33;34,44,48,47,46,35;35,45,47,38,37,36;38,46,45,48,40,39;40,47,45,44,43,42
ipr#251 52 1,2,3,4,5,6;0,6,7,8,9,2;0,1,9,10,11,3;0,2,11,12,4;0,3,12,13,14,5;0,4,14,15,16,6;0,5,16,17,7,1;1,6,17,18,19,8;1,7,19,20,21,9;1,8,21,10,2;2,9,21,22,23,11;2,10,23,24,12,3;3,11,24,25,13,4;4,12,25,26,14;4,13,26,27,15,5;5,14,27,28,29,16;5,15,29,30,17,6;6,16,30,18,7;7,17,30,31,32,19;7,18,32,20,8;8,19,32,33,34,21;8,20,34,22,10,9;10,21,34,35,36,23;10,22,36,37,24,11;11,23,37,25,12;12,24,37,38,26,13;13,25,38,39,27,14;14,26,39,40,28,15;15,27,40,41,42,29;15,28,42,43,30,16;16,29,43,31,18,17;18,30,43,44,32;18,31,44,33,20,19;20,32,44,45,46,34;20,33,46,35,22,21;22,34,46,47,36;22,35,47,48,37,23;23,36,48,38,25,24;25,37,48,39,26;26,38,48,49,40,27;27,39,49,41,28;28,40,49,50,51,42;28,41,51,43,29;29,42,51,44,31,30;31,43,51,45,33,32;33,44,51,50,46;33,45,50,47,35,34;35,46,50,49,48,36;36,47,49,39,38,37;39,48,47,50,41,40;41,49,47,46,45,51;41,50,45,44,43,42
ipr#253 49 1,2,3,4,5,6;0,6,7,8,9,2;0,1,9,10,11,3;0,2,11,12,4;0,3,12,13,14,5;0,4,14,15,16,6;0,5,16,17,7,1;1,6,17,18,8;1,7,18,19,20,9;1,8,20,10,2;2,9,20,21,22,11;2,10,22,23,12,3;3,11,23,24,13,4;4,12,24,25,26,14;4,13,26,27,15,5;5,14,27,28,29,16;5,15,29,17,6;6,16,29,30,18,7;7,17,30,31,19,8;8,18,31,32,20;8,19,32,21,10,9;10,20,32,33,34,22;10,21,34,35,23,11;11,22,35,24,12;12,23,35,36,25,13;13,24,36,37,38,26;13,25,38,27,14;14,26,38,39,28,15;15,27,39,40,29;15,28,40,30,17,16;17,29,40,41,31,18;18,30,41,42,32,19;19,31,42,33,21,20;21,32,42,43,34;21,33,43,44,35,22;22,34,44,36,24,23;24,35,44,37,25;25,36,44,45,46,38;25,37,46,39,27,26;27,38,46,47,40,28;28,39,47,41,30,29;30,40,47,48,42,31;31,41,48,43,33,32;33,42,48,45,44,34;34,43,45,37,36,35;37,44,43,48,47,46;37,45,47,39,38;39,46,45,48,41,40;41,47,45,43,42
ipr#255 44 1,2,3,4,5;0,5,6,7,8,2;0,1,8,9,10,3;0,2,10,11,12,4;0,3,12,13,14,5;0,4,14,15,6,1;1,5,15,16,7;1,6,16,17,18,8;1,7,18,19,9,2;2,8,19,20,10;2,9,20,21,11,3;3,10,21,22,23,12;3,11,23,13,4;4,12,23,24,25,14;4,13,25,15,5;5,14,25,26,16,6;6,15,26,27,17,7;7,16,27,28,18;7,17,28,29,19,8;8,18,29,30,20,9;9,19,30,31,21,10;10,20,31,32,22,11;11,21,32,33,23;11,22,33,24,13,12;13,23,33,34,35,25;13,24,35,26,15,14;15,25,35,36,27,16;16,26,36,37,28,17;17,27,37,38,29,18;18,28,38,39,30,19;19,29,39,31,20;20,30,39,40,32,21;21,31,40,41,33,22;22,32,41,34,24,23;24,33,41,42,36,35;24,34,36,26,25;26,35,34,42,37,27;27,36,42,43,38,28;28,37,43,39,29;29,38,43,40,31,30;31,39,43,41,32;32,40,43,42,34,33;34,41,43,37,36;37,42,41,40,39,38
ipr#257 52 1,2,3,4,5,6;0,6,7,8,9,2;0,1,9,10,11,3;0,2,11,12,4;0,3,12,13,14,5;0,4,14,15,16,6;0,5,16,17,7,1;1,6,17,18,19,8;1,7,19,20,21,9;1,8,21,10,2;2,9,21,22,23,11;2,10,23,24,12,3;3,11,24,25,13,4;4,12,25,26,27,14;4,13,27,15,5;5,14,27,28,29,16;5,15,29,30,17,6;6,16,30,18,7;7,17,30,31,32,19;7,18,32,20,8;8,19,32,33,34,21;8,20,34,22,10,9;10,21,34,35,36,23;10,22,36,24,11;11,23,36,37,25,12;12,24,37,38,26,13;13,25,38,39,27;13,26,39,28,15,14;15,27,39,40,41,29;15,28,41,30,16;16,29,41,31,18,17;18,30,41,42,43,32;18,31,43,33,20,19;20,32,43,44,34;20,33,44,35,22,21;22,34,44,45,46,36;22,35,46,37,24,23;24,36,46,47,38,25;25,37,47,48,39,26;26,38,48,40,28,27;28,39,48,49,42,41;28,40,42,31,30,29;31,41,40,49,50,43;31,42,50,44,33,32;33,43,50,45,35,34;35,44,50,51,46;35,45,51,47,37,36;37,46,51,48,38;38,47,51,49,40,39;40,48,51,50,42;42,49,51,45,44,43;45,50,49,48,47,46
ipr#259 52 1,2,3,4,5;0,5,6,7,8,2;0,1,8,9,10,3;0,2,10,11,12,4;0,3,12,13,14,5;0,4,14,15,6,1;1,5,15,16,17,7;1,6,17,18,19,8;1,7,19,20,9,2;2,8,20,21,22,10;2,9,22,23,11,3;3,10,23,24,25,12;3,11,25,13,4;4,12,25,26,27,14;4,13,27,28,15,5;5,14,28,16,6;6,15,28,29,30,17;6,16,30,18,7;7,17,30,31,32,19;7,18,32,33,20,8;8,19,33,21,9;9,20,33,34,35,22;9,21,35,36,23,10;10,22,36,37,24,11;11,23,37,38,25;11,24,38,26,13,12;13,25,38,39,40,27;13,26,40,28,14;14,27,40,29,16,15;16,28,40,41,42,30;16,29,42,31,18,17;18,30,42,43,32;18,31,43,44,33,19;19,32,44,34,21,20;21,33,44,45,46,35;21,34,46,36,22;22,35,46,47,37,23;23,36,47,48,38,24;24,37,48,39,26,25;26,38,48,49,41,40;26,39,41,29,28,27;29,40,39,49,50,42;29,41,50,43,31,30;31,42,50,45,44,32;32,43,45,34,33;34,44,43,50,51,46;34,45,51,47,36,35;36,46,51,48,37;37,47,51,49,39,38;39,48,51,50,41;41,49,51,45,43,42;45,50,49,48,47,46
ipr#261 48 1,2,3,4,5,6;0,6,7,8,9,2;0,1,9,10,3;0,2,10,11,12,4;0,3,12,13,14,5;0,4,14,15,16,6;0,5,16,17,7,1;1,6,17,18,8;1,7,18,19,20,9;1,8,20,21,10,2;2,9,21,22,11,3;3,10,22,23,12;3,11,23,24,13,4;4,12,24,25,26,14;4,13,26,15,5;5,14,26,27,28,16;5,15,28,17,6;6,16,28,29,18,7;7,17,29,30,19,8;8,18,30,31,20;8,19,31,32,21,9;9,20,32,33,22,10;10,21,33,34,23,11;11,22,34,35,24,12;12,23,35,36,25,13;13,24,36,37,26;13,25,37,27,15,14;15,26,37,38,39,28;15,27,39,29,17,16;17,28,39,40,30,18;18,29,40,41,31,19;19,30,41,42,32,20;20,31,42,33,21;21,32,42,43,34,22;22,33,43,35,23;23,34,43,44,36,24;24,35,44,45,37,25;25,36,45,38,27,26;27,37,45,46,40,39;27,38,40,29,28;29,39,38,46,41,30;30,40,46,47,42,31;31,41,47,43,33,32;33,42,47,44,35,34;35,43,47,45,36;36,44,47,46,38,37;38,45,47,41,40;41,46,45,44,43,42
ipr#263 52 1,2,3,4,5;0,5,6,7,8,2;0,1,8,9,10,3;0,2,10,11,12,4;0,3,12,13,14,5;0,4,14,15,6,1;1,5,15,16,17,7;1,6,17,18,19,8;1,7,19,9,2;2,8,19,20,21,10;2,9,21,22,11,3;3,10,22,23,24,12;3,11,24,13,4;4,12,24,25,26,14;4,13,26,15,5;5,14,26,27,16,6;6,15,27,28,29,17;6,16,29,30,18,7;7,17,30,31,32,19;7,18,32,20,9,8;9,19,32,33,34,21;9,20,34,35,22,10;10,21,35,36,23,11;11,22,36,37,24;11,23,37,25,13,12;13,24,37,38,39,26;13,25,39,27,15,14;15,26,39,28,16;16,27,39,40,41,29;16,28,41,30,17;17,29,41,42,31,18;18,30,42,43,32;18,31,43,33,20,19;20,32,43,44,45,34;20,33,45,35,21;21,34,45,46,36,22;22,35,46,47,37,23;23,36,47,38,25,24;25,37,47,48,40,39;25,38,40,28,27,26;28,39,38,48,49,41;28,40,49,42,30,29;30,41,49,50,43,31;31,42,50,44,33,32;33,43,50,51,45;33,44,51,46,35,34;35,45,51,47,36;36,46,51,48,38,37;38,47,51,50,49,40;40,48,50,42,41;42,49,48,51,44,43;44,50,48,47,46,45
ipr#265 45 1,2,3,4,5;0,5,6,7,8,2;0,1,8,9,10,3;0,2,10,11,12,4;0,3,12,13,14,5;0,4,14,15,6,1;1,5,15,16,7;1,6,16,17,18,8;1,7,18,9,2;2,8,18,19,20,10;2,9,20,21,11,3;3,10,21,22,12;3,11,22,23,13,4;4,12,23,24,25,14;4,13,25,15,5;5,14,25,26,16,6;6,15,26,27,17,7;7,16,27,28,29,18;7,17,29,19,9,8;9,18,29,30,31,20;9,19,31,21,10;10,20,31,32,22,11;11,21,32,33,23,12;12,22,33,34,24,13;13,23,34,35,36,25;13,24,36,26,15,14;15,25,36,37,27,16;16,26,37,38,28,17;17,27,38,39,30,29;17,28,30,19,18;19,29,28,39,40,31;19,30,40,32,21,20;21,31,40,41,33,22;22,32,41,42,34,23;23,33,42,35,24;24,34,42,43,37,36;24,35,37,26,25;26,36,35,43,38,27;27,37,43,44,39,28;28,38,44,40,30;30,39,44,41,32,31;32,40,44,42,33;33,41,44,43,35,34;35,42,44,38,37;38,43,42,41,40,39
ipr#267 51 1,2,3,4,5,6;0,6,7,8,9,2;0,1,9,10,11,3;0,2,11,12,13,4;0,3,13,14,15,5;0,4,15,16,17,6;0,5,17,18,7,1;1,6,18,19,8;1,7,19,20,21,9;1,8,21,10,2;2,9,21,22,23,11;2,10,23,24,12,3;3,11,24,25,13;3,12,25,26,14,4;4,13,26,27,15;4,14,27,28,16,5;5,15,28,29,30,17;5,16,30,18,6;6,17,30,31,19,7;7,18,31,32,20,8;8,19,32,33,34,21;8,20,34,22,10,9;10,21,34,35,36,23;10,22,36,24,11;11,23,36,37,25,12;12,24,37,38,26,13;13,25,38,39,27,14;14,26,39,40,28,15;15,27,40,29,16;16,28,40,41,42,30;16,29,42,31,18,17;18,30,42,43,32,19;19,31,43,44,33,20;20,32,44,45,35,34;20,33,35,22,21;22,34,33,45,46,36;22,35,46,37,24,23;24,36,46,47,38,25;25,37,47,39,26;26,38,47,48,40,27;27,39,48,41,29,28;29,40,48,49,43,42;29,41,43,31,30;31,42,41,49,44,32;32,43,49,50,45,33;33,44,50,46,35;35,45,50,47,37,36;37,46,50,48,39,38;39,47,50,49,41,40;41,48,50,44,43;44,49,48,47,46,45
ipr#269 52 1,2,3,4,5,6;0,6,7,8,9,2;0,1,9,10,11,3;0,2,11,12,13,4;0,3,13,14,5;0,4,14,15,16,6;0,5,16,17,7,1;1,6,17,18,8;1,7,18,19,20,9;1,8,20,10,2;2,9,20,21,22,11;2,10,22,23,12,3;3,11,23,24,13;3,12,24,25,14,4;4,13,25,26,15,5;5,14,26,27,16;5,15,27,28,17,6;6,16,28,29,18,7;7,17,29,30,19,8;8,18,30,31,32,20;8,19,32,21,10,9;10,20,32,33,34,22;10,21,34,23,11;11,22,34,35,24,12;12,23,35,36,25,13;13,24,36,37,26,14;14,25,37,38,27,15;15,26,38,39,28,16;16,27,39,40,29,17;17,28,40,41,30,18;18,29,41,42,31,19;19,30,42,43,33,32;19,31,33,21,20;21,32,31,43,44,34;21,33,44,35,23,22;23,34,44,45,36,24;24,35,45,46,37,25;25,36,46,47,38,26;26,37,47,39,27;27,38,47,48,40,28;28,39,48,41,29;29,40,48,49,42,30;30,41,49,50,43,31;31,42,50,44,33;33,43,50,45,35,34;35,44,50,51,46,36;36,45,51,47,37;37,46,51,48,39,38;39,47,51,49,41,40;41,48,51,50,42;42,49,51,45,44,43;45,50,49,48,47,46
ipr#271 51 1,2,3,4,5,6;0,6,7,8,9,2;0,1,9,10,11,3;0,2,11,12,13,4;0,3,13,14,5;0,4,14,15,16,6;0,5,16,17,7,1;1,6,17,18,19,8;1,7,19,20,21,9;1,8,21,10,2;2,9,21,22,23,11;2,10,23,24,12,3;3,11,24,25,13;3,12,25,26,14,4;4,13,26,27,15,5;5,14,27,28,29,16;5,15,29,17,6;6,16,29,30,18,7;7,17,30,31,32,19;7,18,32,20,8;8,19,32,33,34,21;8,20,34,22,10,9;10,21,34,35,36,23;10,22,36,24,11;11,23,36,37,25,12;12,24,37,38,26,13;13,25,38,39,27,14;14,26,39,28,15;15,27,39,40,41,29;15,28,41,30,17,16;17,29,41,42,31,18;18,30,42,43,44,32;18,31,44,33,20,19;20,32,44,45,35,34;20,33,35,22,21;22,34,33,45,46,36;22,35,46,37,24,23;24,36,46,47,38,25;25,37,47,48,39,26;26,38,48,40,28,27;28,39,48,49,42,41;28,40,42,30,29;30,41,40,49,43,31;31,42,49,50,45,44;31,43,45,33,32;33,44,43,50,46,35;35,45,50,47,37,36;37,46,50,48,38;38,47,50,49,40,39;40,48,50,43,42;43,49,48,47,46,45
ipr#273 51 1,2,3,4,5;0,5,6,7,8,2;0,1,8,9,10,3;0,2,10,11,12,4;0,3,12,13,14,5;0,4,14,15,6,1;1,5,15,16,17,7;1,6,17,18,19,8;1,7,19,9,2;2,8,19,20,21,10;2,9,21,22,11,3;3,10,22,23,12;3,11,23,24,13,4;4,12,24,25,26,14;4,13,26,27,15,5;5,14,27,28,16,6;6,15,28,29,30,17;6,16,30,18,7;7,17,30,31,32,19;7,18,32,20,9,8;9,19,32,33,34,21;9,20,34,22,10;10,21,34,35,23,11;11,22,35,36,24,12;12,23,36,37,25,13;13,24,37,38,39,26;13,25,39,40,27,14;14,26,40,28,15;15,27,40,41,29,16;16,28,41,42,30;16,29,42,31,18,17;18,30,42,43,33,32;18,31,33,20,19;20,32,31,43,44,34;20,33,44,35,22,21;22,34,44,45,36,23;23,35,45,46,37,24;24,36,46,38,25;25,37,46,47,48,39;25,38,48,40,26;26,39,48,41,28,27;28,40,48,49,42,29;29,41,49,43,31,30;31,42,49,50,44,33;33,43,50,45,35,34;35,44,50,46,36;36,45,50,47,38,37;38,46,50,49,48;38,47,49,41,40,39;41,48,47,50,43,42;43,49,47,46,45,44
ipr#275 52 1,2,3,4,5;0,5,6,7,8,2;0,1,8,9,10,3;0,2,10,11,12,4;0,3,12,13,14,5;0,4,14,15,6,1;1,5,15,16,17,7;1,6,17,18,19,8;1,7,19,9,2;2,8,19,20,21,10;2,9,21,11,3;3,10,21,22,23,12;3,11,23,24,13,4;4,12,24,25,26,14;4,13,26,15,5;5,14,26,27,16,6;6,15,27,28,29,17;6,16,29,30,18,7;7,17,30,31,19;7,18,31,20,9,8;9,19,31,32,33,21;9,20,33,22,11,10;11,21,33,34,35,23;11,22,35,36,24,12;12,23,36,37,25,13;13,24,37,38,39,26;13,25,39,27,15,14;15,26,39,40,28,16;16,27,40,41,42,29;16,28,42,43,30,17;17,29,43,44,31,18;18,30,44,32,20,19;20,31,44,45,34,33;20,32,34,22,21;22,33,32,45,46,35;22,34,46,47,36,23;23,35,47,48,37,24;24,36,48,38,25;25,37,48,49,40,39;25,38,40,27,26;27,39,38,49,41,28;28,40,49,50,51,42;28,41,51,43,29;29,42,51,45,44,30;30,43,45,32,31;32,44,43,51,46,34;34,45,51,50,47,35;35,46,50,48,36;36,47,50,49,38,37;38,48,50,41,40;41,49,48,47,46,51;41,50,46,45,43,42
ipr#277 48 1,2,3,4,5;0,5,6,7,8,2;0,1,8,9,10,3;0,2,10,11,12,4;0,3,12,13,14,5;0,4,14,15,6,1;1,5,15,16,7;1,6,16,17,18,8;1,7,18,9,2;2,8,18,19,20,10;2,9,20,21,11,3;3,10,21,22,23,12;3,11,23,24,13,4;4,12,24,25,26,14;4,13,26,15,5;5,14,26,27,16,6;6,15,27,28,17,7;7,16,28,29,30,18;7,17,30,19,9,8;9,18,30,31,32,20;9,19,32,21,10;10,20,32,33,22,11;11,21,33,34,23;11,22,34,35,24,12;12,23,35,36,25,13;13,24,36,37,38,26;13,25,38,27,15,14;15,26,38,39,28,16;16,27,39,40,29,17;17,28,40,41,31,30;17,29,31,19,18;19,30,29,41,42,32;19,31,42,33,21,20;21,32,42,43,34,22;22,33,43,44,35,23;23,34,44,45,36,24;24,35,45,37,25;25,36,45,46,39,38;25,37,39,27,26;27,38,37,46,40,28;28,39,46,47,41,29;29,40,47,43,42,31;31,41,43,33,32;33,42,41,47,44,34;34,43,47,45,35;35,44,47,46,37,36;37,45,47,40,39;40,46,45,44,43,41
ipr#279 48 1,2,3,4,5;0,5,6,7,8,2;0,1,8,9,10,3;0,2,10,11,12,4;0,3,12,13,14,5;0,4,14,15,6,1;1,5,15,16,7;1,6,16,17,18,8;1,7,18,9,2;2,8,18,19,20,10;2,9,20,21,11,3;3,10,21,22,12;3,11,22,23,13,4;4,12,23,24,25,14;4,13,25,15,5;5,14,25,26,16,6;6,15,26,27,17,7;7,16,27,28,29,18;7,17,29,19,9,8;9,18,29,30,31,20;9,19,31,21,10;10,20,31,32,22,11;11,21,32,33,23,12;12,22,33,34,24,13;13,23,34,35,36,25;13,24,36,26,15,14;15,25,36,37,27,16;16,26,37,38,28,17;17,27,38,39,29;17,28,39,30,19,18;19,29,39,40,41,31;19,30,41,32,21,20;21,31,41,42,33,22;22,32,42,43,34,23;23,33,43,35,24;24,34,43,44,45,36;24,35,45,37,26,25;26,36,45,38,27;27,37,45,46,39,28;28,38,46,40,30,29;30,39,46,47,41;30,40,47,42,32,31;32,41,47,43,33;33,42,47,44,35,34;35,43,47,46,45;35,44,46,38,37,36;38,45,44,47,40,39;40,46,44,43,42,41
ipr#281 51 1,2,3,4,5;0,5,6,7,8,2;0,1,8,9,10,3;0,2,10,11,12,4;0,3,12,13,14,5;0,4,14,15,6,1;1,5,15,16,7;1,6,16,17,18,8;1,7,18,19,9,2;2,8,19,20,21,10;2,9,21,22,11,3;3,10,22,23,12;3,11,23,24,13,4;4,12,24,25,26,14;4,13,26,15,5;5,14,26,27,16,6;6,15,27,28,17,7;7,16,28,29,30,18;7,17,30,31,19,8;8,18,31,20,9;9,19,31,32,33,21;9,20,33,22,10;10,21,33,34,23,11;11,22,34,35,24,12;12,23,35,36,25,13;13,24,36,37,38,26;13,25,38,27,15,14;15,26,38,39,28,16;16,27,39,40,29,17;17,28,40,41,30;17,29,41,42,31,18;18,30,42,32,20,19;20,31,42,43,44,33;20,32,44,34,22,21;22,33,44,45,35,23;23,34,45,46,36,24;24,35,46,37,25;25,36,46,47,48,38;25,37,48,39,27,26;27,38,48,40,28;28,39,48,49,41,29;29,40,49,43,42,30;30,41,43,32,31;32,42,41,49,50,44;32,43,50,45,34,33;34,44,50,46,35;35,45,50,47,37,36;37,46,50,49,48;37,47,49,40,39,38;40,48,47,50,43,41;43,49,47,46,45,44
ipr#283 52 1,2,3,4,5,6;0,6,7,8,9,2;0,1,9,10,11,3;0,2,11,12,13,4;0,3,13,14,5;0,4,14,15,16,6;0,5,16,17,7,1;1,6,17,18,8;1,7,18,19,20,9;1,8,20,10,2;2,9,20,21,22,11;2,10,22,23,12,3;3,11,23,24,13;3,12,24,25,14,4;4,13,25,26,15,5;5,14,26,27,28,16;5,15,28,29,17,6;6,16,29,30,18,7;7,17,30,31,19,8;8,18,31,32,33,20;8,19,33,21,10,9;10,20,33,34,35,22;10,21,35,23,11;11,22,35,36,24,12;12,23,36,37,25,13;13,24,37,38,26,14;14,25,38,27,15;15,26,38,39,40,28;15,27,40,41,29,16;16,28,41,30,17;17,29,41,42,31,18;18,30,42,43,32,19;19,31,43,44,34,33;19,32,34,21,20;21,33,32,44,45,35;21,34,45,36,23,22;23,35,45,46,37,24;24,36,46,47,38,25;25,37,47,39,27,26;27,38,47,48,49,40;27,39,49,41,28;28,40,49,42,30,29;30,41,49,50,43,31;31,42,50,44,32;32,43,50,51,45,34;34,44,51,46,36,35;36,45,51,47,37;37,46,51,48,39,38;39,47,51,50,49;39,48,50,42,41,40;42,49,48,51,44,43;44,50,48,47,46,45
ipr#285 52 1,2,3,4,5;0,5,6,7,8,2;0,1,8,9,10,3;0,2,10,11,12,4;0,3,12,13,14,5;0,4,14,15,6,1;1,5,15,16,7;1,6,16,17,18,8;1,7,18,9,2;2,8,18,19,20,10;2,9,20,21,11,3;3,10,21,22,23,12;3,11,23,24,13,4;4,12,24,25,26,14;4,13,26,27,15,5;5,14,27,28,16,6;6,15,28,29,17,7;7,16,29,30,31,18;7,17,31,19,9,8;9,18,31,32,33,20;9,19,33,21,10;10,20,33,34,22,11;11,21,34,35,36,23;11,22,36,24,12;12,23,36,37,25,13;13,24,37,38,26;13,25,38,39,27,14;14,26,39,28,15;15,27,39,40,29,16;16,28,40,41,30,17;17,29,41,42,32,31;17,30,32,19,18;19,31,30,42,43,33;19,32,43,34,21,20;21,33,43,44,35,22;22,34,44,45,46,36;22,35,46,37,24,23;24,36,46,47,38,25;25,37,47,48,39,26;26,38,48,40,28,27;28,39,48,49,41,29;29,40,49,42,30;30,41,49,50,43,32;32,42,50,44,34,33;34,43,50,45,35;35,44,50,51,47,46;35,45,47,37,36;37,46,45,51,48,38;38,47,51,49,40,39;40,48,51,50,42,41;42,49,51,45,44,43;45,50,49,48,47
ipr#287 52 1,2,3,4,5;0,5,6,7,8,2;0,1,8,9,10,3;0,2,10,11,12,4;0,3,12,13,14,5;0,4,14,15,6,1;1,5,15,16,7;1,6,16,17,18,8;1,7,18,19,9,2;2,8,19,20,21,10;2,9,21,22,11,3;3,10,22,23,12;3,11,23,24,13,4;4,12,24,25,26,14;4,13,26,27,15,5;5,14,27,28,16,6;6,15,28,29,17,7;7,16,29,30,31,18;7,17,31,19,8;8,18,31,32,20,9;9,19,32,33,34,21;9,20,34,22,10;10,21,34,35,23,11;11,22,35,36,24,12;12,23,36,37,25,13;13,24,37,38,39,26;13,25,39,40,27,14;14,26,40,28,15;15,27,40,41,29,16;16,28,41,42,30,17;17,29,42,43,31;17,30,43,32,19,18;19,31,43,33,20;20,32,43,44,45,34;20,33,45,35,22,21;22,34,45,46,36,23;23,35,46,47,37,24;24,36,47,38,25;25,37,47,48,49,39;25,38,49,40,26;26,39,49,41,28,27;28,40,49,50,42,29;29,41,50,44,43,30;30,42,44,33,32,31;33,43,42,50,51,45;33,44,51,46,35,34;35,45,51,47,36;36,46,51,48,38,37;38,47,51,50,49;38,48,50,41,40,39;41,49,48,51,44,42;44,50,48,47,46,45
ipr#289 52 1,2,3,4,5,6;0,6,7,8,9,2;0,1,9,10,11,3;0,2,11,12,13,4;0,3,13,14,5;0,4,14,15,16,6;0,5,16,17,7,1;1,6,17,18,8;1,7,18,19,20,9;1,8,20,10,2;2,9,20,21,22,11;2,10,22,23,12,3;3,11,23,24,13;3,12,24,25,14,4;4,13,25,26,15,5;5,14,26,27,16;5,15,27,28,17,6;6,16,28,29,18,7;7,17,29,30,19,8;8,18,30,31,32,20;8,19,32,21,10,9;10,20,32,33,34,22;10,21,34,23,11;11,22,34,35,24,12;12,23,35,36,25,13;13,24,36,37,26,14;14,25,37,38,27,15;15,26,38,39,28,16;16,27,39,40,29,17;17,28,40,41,30,18;18,29,41,42,31,19;19,30,42,43,33,32;19,31,33,21,20;21,32,31,43,44,34;21,33,44,35,23,22;23,34,44,45,36,24;24,35,45,46,37,25;25,36,46,38,26;26,37,46,47,39,27;27,38,47,48,40,28;28,39,48,41,29;29,40,48,49,42,30;30,41,49,50,43,31;31,42,50,44,33;33,43,50,45,35,34;35,44,50,51,46,36;36,45,51,47,38,37;38,46,51,48,39;39,47,51,49,41,40;41,48,51,50,42;42,49,51,45,44,43;45,50,49,48,47,46
ipr#291 50 1,2,3,4,5;0,5,6,7,8,2;0,1,8,9,10,3;0,2,10,11,12,4;0,3,12,13,14,5;0,4,14,15,6,1;1,5,15,16,7;1,6,16,17,18,8;1,7,18,9,2;2,8,18,19,20,10;2,9,20,21,11,3;3,10,21,22,23,12;3,11,23,13,4;4,12,23,24,25,14;4,13,25,15,5;5,14,25,26,16,6;6,15,26,27,17,7;7,16,27,28,18;7,17,28,19,9,8;9,18,28,29,30,20;9,19,30,31,21,10;10,20,31,32,22,11;11,21,32,33,34,23;11,22,34,24,13,12;13,23,34,35,36,25;13,24,36,26,15,14;15,25,36,37,27,16;16,26,37,38,28,17;17,27,38,29,19,18;19,28,38,39,40,30;19,29,40,41,31,20;20,30,41,32,21;21,31,41,42,33,22;22,32,42,43,44,34;22,33,44,35,24,23;24,34,44,45,46,36;24,35,46,37,26,25;26,36,46,47,38,27;27,37,47,39,29,28;29,38,47,48,49,40;29,39,49,41,30;30,40,49,42,32,31;32,41,49,43,33;33,42,49,48,45,44;33,43,45,35,34;35,44,43,48,47,46;35,45,47,37,36;37,46,45,48,39,38;39,47,45,43,49;39,48,43,42,41,40
ipr#293 41 1,2,3,4,5;0,5,6,7,8,2;0,1,8,9,10,3;0,2,10,11,12,4;0,3,12,13,14,5;0,4,14,15,6,1;1,5,15,16,7;1,6,16,17,18,8;1,7,18,19,9,2;2,8,19,20,10;2,9,20,21,11,3;3,10,21,22,23,12;3,11,23,24,13,4;4,12,24,25,26,14;4,13,26,15,5;5,14,26,27,16,6;6,15,27,28,17,7;7,16,28,29,18;7,17,29,30,19,8;8,18,30,31,20,9;9,19,31,32,21,10;10,20,32,22,11;11,21,32,33,34,23;11,22,34,24,12;12,23,34,35,25,13;13,24,35,36,26;13,25,36,27,15,14;15,26,36,28,16;16,27,36,37,29,17;17,28,37,38,30,18;18,29,38,39,31,19;19,30,39,32,20;20,31,39,33,22,21;22,32,39,40,34;22,33,40,35,24,23;24,34,40,37,36,25;25,35,37,28,27,26;28,36,35,40,38,29;29,37,40,39,30;30,38,40,33,32,31;33,39,38,37,35,34
ipr#295 47 1,2,3,4,5;0,5,6,7,8,2;0,1,8,9,10,3;0,2,10,11,12,4;0,3,12,13,14,5;0,4,14,15,6,1;1,5,15,16,17,7;1,6,17,18,8;1,7,18,19,9,2;2,8,19,20,10;2,9,20,21,11,3;3,10,21,22,12;3,11,22,23,13,4;4,12,23,24,14;4,13,24,25,15,5;5,14,25,26,16,6;6,15,26,27,28,17;6,16,28,29,18,7;7,17,29,30,19,8;8,18,30,31,20,9;9,19,31,32,21,10;10,20,32,33,22,11;11,21,33,34,23,12;12,22,34,35,24,13;13,23,35,36,25,14;14,24,36,37,26,15;15,25,37,27,16;16,26,37,38,39,28;16,27,39,29,17;17,28,39,40,30,18;18,29,40,31,19;19,30,40,41,32,20;20,31,41,42,33,21;21,32,42,43,34,22;22,33,43,35,23;23,34,43,44,36,24;24,35,44,37,25;25,36,44,38,27,26;27,37,44,45,46,39;27,38,46,40,29,28;29,39,46,41,31,30;31,40,46,45,42,32;32,41,45,43,33;33,42,45,44,35,34;35,43,45,38,37,36;38,44,43,42,41,46;38,45,41,40,39
ipr#297 50 1,2,3,4,5;0,5,6,7,8,2;0,1,8,9,10,3;0,2,10,11,12,4;0,3,12,13,14,5;0,4,14,15,6,1;1,5,15,16,7;1,6,16,17,18,8;1,7,18,19,9,2;2,8,19,20,10;2,9,20,21,11,3;3,10,21,22,12;3,11,22,23,13,4;4,12,23,24,25,14;4,13,25,15,5;5,14,25,26,16,6;6,15,26,27,17,7;7,16,27,28,29,18;7,17,29,30,19,8;8,18,30,31,20,9;9,19,31,32,21,10;10,20,32,33,22,11;11,21,33,34,23,12;12,22,34,35,24,13;13,23,35,36,37,25;13,24,37,26,15,14;15,25,37,38,27,16;16,26,38,39,28,17;17,27,39,40,29;17,28,40,41,30,18;18,29,41,31,19;19,30,41,42,32,20;20,31,42,43,33,21;21,32,43,44,34,22;22,33,44,35,23;23,34,44,45,36,24;24,35,45,46,37;24,36,46,38,26,25;26,37,46,39,27;27,38,46,47,40,28;28,39,47,48,41,29;29,40,48,42,31,30;31,41,48,49,43,32;32,42,49,44,33;33,43,49,45,35,34;35,44,49,47,46,36;36,45,47,39,38,37;39,46,45,49,48,40;40,47,49,42,41;42,48,47,45,44,43
ipr#299 47 1,2,3,4,5,6;0,6,7,8,9,2;0,1,9,10,11,3;0,2,11,12,13,4;0,3,13,14,15,5;0,4,15,16,17,6;0,5,17,7,1;1,6,17,18,19,8;1,7,19,20,9;1,8,20,21,10,2;2,9,21,22,11;2,10,22,23,12,3;3,11,23,24,25,13;3,12,25,26,14,4;4,13,26,27,28,15;4,14,28,16,5;5,15,28,29,30,17;5,16,30,18,7,6;7,17,30,31,19;7,18,31,32,20,8;8,19,32,33,21,9;9,20,33,34,22,10;10,21,34,35,23,11;11,22,35,24,12;12,23,35,36,37,25;12,24,37,26,13;13,25,37,38,27,14;14,26,38,39,28;14,27,39,29,16,15;16,28,39,40,30;16,29,40,31,18,17;18,30,40,41,32,19;19,31,41,42,33,20;20,32,42,34,21;21,33,42,43,35,22;22,34,43,36,24,23;24,35,43,44,37;24,36,44,38,26,25;26,37,44,45,39,27;27,38,45,40,29,28;29,39,45,41,31,30;31,40,45,46,42,32;32,41,46,43,34,33;34,42,46,44,36,35;36,43,46,45,38,37;38,44,46,41,40,39;41,45,44,43,42
ipr#301 50 1,2,3,4,5,6;0,6,7,8,2;0,1,8,9,10,3;0,2,10,11,12,4;0,3,12,13,14,5;0,4,14,15,16,6;0,5,16,17,7,1;1,6,17,18,19,8;1,7,19,20,9,2;2,8,20,21,22,10;2,9,22,11,3;3,10,22,23,24,12;3,11,24,25,13,4;4,12,25,26,27,14;4,13,27,15,5;5,14,27,28,29,16;5,15,29,30,17,6;6,16,30,31,18,7;7,17,31,32,19;7,18,32,33,20,8;8,19,33,21,9;9,20,33,34,35,22;9,21,35,23,11,10;11,22,35,36,37,24;11,23,37,25,12;12,24,37,38,26,13;13,25,38,39,27;13,26,39,28,15,14;15,27,39,40,29;15,28,40,41,30,16;16,29,41,31,17;17,30,41,42,32,18;18,31,42,43,33,19;19,32,43,34,21,20;21,33,43,44,45,35;21,34,45,36,23,22;23,35,45,46,37;23,36,46,38,25,24;25,37,46,47,39,26;26,38,47,40,28,27;28,39,47,48,41,29;29,40,48,42,31,30;31,41,48,44,43,32;32,42,44,34,33;34,43,42,48,49,45;34,44,49,46,36,35;36,45,49,47,38,37;38,46,49,48,40,39;40,47,49,44,42,41;44,48,47,46,45
ipr#303 50 1,2,3,4,5,6;0,6,7,8,9,2;0,1,9,10,11,3;0,2,11,12,13,4;0,3,13,14,15,5;0,4,15,16,17,6;0,5,17,7,1;1,6,17,18,19,8;1,7,19,20,9;1,8,20,21,10,2;2,9,21,22,11;2,10,22,23,12,3;3,11,23,24,25,13;3,12,25,26,14,4;4,13,26,27,28,15;4,14,28,16,5;5,15,28,29,30,17;5,16,30,18,7,6;7,17,30,31,19;7,18,31,32,20,8;8,19,32,33,21,9;9,20,33,34,22,10;10,21,34,35,23,11;11,22,35,24,12;12,23,35,36,37,25;12,24,37,26,13;13,25,37,38,27,14;14,26,38,39,28;14,27,39,29,16,15;16,28,39,40,41,30;16,29,41,31,18,17;18,30,41,42,32,19;19,31,42,43,33,20;20,32,43,44,34,21;21,33,44,45,35,22;22,34,45,36,24,23;24,35,45,46,37;24,36,46,38,26,25;26,37,46,47,39,27;27,38,47,40,29,28;29,39,47,48,42,41;29,40,42,31,30;31,41,40,48,43,32;32,42,48,44,33;33,43,48,49,45,34;34,44,49,46,36,35;36,45,49,47,38,37;38,46,49,48,40,39;40,47,49,44,43,42;44,48,47,46,45
ipr#305 47 1,2,3,4,5;0,5,6,7,8,2;0,1,8,9,10,3;0,2,10,11,12,4;0,3,12,13,14,5;0,4,14,15,6,1;1,5,15,16,17,7;1,6,17,18,8;1,7,18,19,9,2;2,8,19,20,21,10;2,9,21,22,11,3;3,10,22,23,24,12;3,11,24,25,13,4;4,12,25,26,27,14;4,13,27,15,5;5,14,27,28,16,6;6,15,28,29,30,17;6,16,30,31,18,7;7,17,31,32,19,8;8,18,32,20,9;9,19,32,33,34,21;9,20,34,35,22,10;10,21,35,23,11;11,22,35,36,37,24;11,23,37,25,12;12,24,37,38,26,13;13,25,38,39,27;13,26,39,28,15,14;15,27,39,29,16;16,28,39,40,41,30;16,29,41,42,31,17;17,30,42,32,18;18,31,42,33,20,19;20,32,42,43,34;20,33,43,44,35,21;21,34,44,36,23,22;23,35,44,45,37;23,36,45,38,25,24;25,37,45,40,39,26;26,38,40,29,28,27;29,39,38,45,46,41;29,40,46,43,42,30;30,41,43,33,32,31;33,42,41,46,44,34;34,43,46,45,36,35;36,44,46,40,38,37;40,45,44,43,41
ipr#307 50 1,2,3,4,5;0,5,6,7,8,2;0,1,8,9,10,3;0,2,10,11,12,4;0,3,12,13,14,5;0,4,14,15,6,1;1,5,15,16,17,7;1,6,17,18,8;1,7,18,19,9,2;2,8,19,20,21,10;2,9,21,22,11,3;3,10,22,23,24,12;3,11,24,25,13,4;4,12,25,26,27,14;4,13,27,15,5;5,14,27,28,16,6;6,15,28,29,30,17;6,16,30,31,18,7;7,17,31,32,19,8;8,18,32,33,20,9;9,19,33,34,21;9,20,34,35,22,10;10,21,35,23,11;11,22,35,36,37,24;11,23,37,25,12;12,24,37,38,26,13;13,25,38,39,27;13,26,39,28,15,14;15,27,39,29,16;16,28,39,40,41,30;16,29,41,42,31,17;17,30,42,32,18;18,31,42,43,33,19;19,32,43,44,34,20;20,33,44,45,35,21;21,34,45,36,23,22;23,35,45,46,47,37;23,36,47,38,25,24;25,37,47,40,39,26;26,38,40,29,28,27;29,39,38,47,48,41;29,40,48,49,42,30;30,41,49,43,32,31;32,42,49,44,33;33,43,49,46,45,34;34,44,46,36,35;36,45,44,49,48,47;36,46,48,40,38,37;40,47,46,49,41;41,48,46,44,43,42
ipr#309 51 1,2,3,4,5;0,5,6,7,8,2;0,1,8,9,10,3;0,2,10,11,12,4;0,3,12,13,14,5;0,4,14,15,6,1;1,5,15,16,17,7;1,6,17,18,19,8;1,7,19,9,2;2,8,19,20,21,10;2,9,21,22,11,3;3,10,22,23,24,12;3,11,24,25,13,4;4,12,25,26,27,14;4,13,27,15,5;5,14,27,28,16,6;6,15,28,29,17;6,16,29,30,18,7;7,17,30,31,32,19;7,18,32,20,9,8;9,19,32,33,34,21;9,20,34,22,10;10,21,34,35,23,11;11,22,35,36,37,24;11,23,37,25,12;12,24,37,38,26,13;13,25,38,39,27;13,26,39,28,15,14;15,27,39,40,29,16;16,28,40,41,30,17;17,29,41,42,31,18;18,30,42,43,33,32;18,31,33,20,19;20,32,31,43,44,34;20,33,44,35,22,21;22,34,44,45,36,23;23,35,45,46,37;23,36,46,38,25,24;25,37,46,47,39,26;26,38,47,40,28,27;28,39,47,48,41,29;29,40,48,42,30;30,41,48,49,43,31;31,42,49,44,33;33,43,49,45,35,34;35,44,49,50,46,36;36,45,50,47,38,37;38,46,50,48,40,39;40,47,50,49,42,41;42,48,50,45,44,43;45,49,48,47,46
ipr#311 51 1,2,3,4,5;0,5,6,7,8,2;0,1,8,9,10,3;0,2,10,11,12,4;0,3,12,13,14,5;0,4,14,15,6,1;1,5,15,16,17,7;1,6,17,18,8;1,7,18,19,9,2;2,8,19,20,21,10;2,9,21,22,11,3;3,10,22,23,24,12;3,11,24,25,13,4;4,12,25,26,27,14;4,13,27,15,5;5,14,27,28,16,6;6,15,28,29,30,17;6,16,30,31,18,7;7,17,31,32,19,8;8,18,32,20,9;9,19,32,33,34,21;9,20,34,35,22,10;10,21,35,23,11;11,22,35,36,37,24;11,23,37,25,12;12,24,37,38,26,13;13,25,38,39,27;13,26,39,28,15,14;15,27,39,40,29,16;16,28,40,41,42,30;16,29,42,31,17;17,30,42,43,32,18;18,31,43,33,20,19;20,32,43,44,45,34;20,33,45,46,35,21;21,34,46,36,23,22;23,35,46,47,37;23,36,47,38,25,24;25,37,47,48,39,26;26,38,48,40,28,27;28,39,48,49,41,29;29,40,49,44,42;29,41,44,43,31,30;31,42,44,33,32;33,43,42,41,49,45;33,44,49,50,46,34;34,45,50,47,36,35;36,46,50,48,38,37;38,47,50,49,40,39;40,48,50,45,44,41;45,49,48,47,46
ipr#313 51 1,2,3,4,5;0,5,6,7,8,2;0,1,8,9,10,3;0,2,10,11,12,4;0,3,12,13,14,5;0,4,14,15,6,1;1,5,15,16,17,7;1,6,17,18,19,8;1,7,19,20,9,2;2,8,20,21,10;2,9,21,22,11,3;3,10,22,23,24,12;3,11,24,25,13,4;4,12,25,26,27,14;4,13,27,15,5;5,14,27,28,16,6;6,15,28,29,30,17;6,16,30,31,18,7;7,17,31,32,33,19;7,18,33,20,8;8,19,33,34,21,9;9,20,34,35,22,10;10,21,35,23,11;11,22,35,36,37,24;11,23,37,38,25,12;12,24,38,26,13;13,25,38,39,40,27;13,26,40,28,15,14;15,27,40,29,16;16,28,40,41,42,30;16,29,42,31,17;17,30,42,43,32,18;18,31,43,44,33;18,32,44,34,20,19;20,33,44,45,35,21;21,34,45,36,23,22;23,35,45,46,47,37;23,36,47,38,24;24,37,47,39,26,25;26,38,47,48,41,40;26,39,41,29,28,27;29,40,39,48,49,42;29,41,49,43,31,30;31,42,49,50,44,32;32,43,50,45,34,33;34,44,50,46,36,35;36,45,50,48,47;36,46,48,39,38,37;39,47,46,50,49,41;41,48,50,43,42;43,49,48,46,45,44
ipr#315 48 1,2,3,4,5,6;0,6,7,8,9,2;0,1,9,10,3;0,2,10,11,12,4;0,3,12,13,14,5;0,4,14,15,6;0,5,15,16,7,1;1,6,16,17,8;1,7,17,18,19,9;1,8,19,20,10,2;2,9,20,21,11,3;3,10,21,22,23,12;3,11,23,13,4;4,12,23,24,25,14;4,13,25,26,15,5;5,14,26,27,16,6;6,15,27,28,17,7;7,16,28,29,18,8;8,17,29,30,19;8,18,30,31,20,9;9,19,31,32,21,10;10,20,32,33,22,11;11,21,33,34,35,23;11,22,35,24,13,12;13,23,35,36,37,25;13,24,37,38,26,14;14,25,38,39,27,15;15,26,39,40,28,16;16,27,40,29,17;17,28,40,41,30,18;18,29,41,42,31,19;19,30,42,32,20;20,31,42,43,33,21;21,32,43,34,22;22,33,43,44,36,35;22,34,36,24,23;24,35,34,44,45,37;24,36,45,38,25;25,37,45,46,39,26;26,38,46,40,27;27,39,46,41,29,28;29,40,46,47,42,30;30,41,47,43,32,31;32,42,47,44,34,33;34,43,47,45,36;36,44,47,46,38,37;38,45,47,41,40,39;41,46,45,44,43,42
ipr#317 48 1,2,3,4,5,6;0,6,7,8,9,2;0,1,9,10,11,3;0,2,11,12,4;0,3,12,13,14,5;0,4,14,15,16,6;0,5,16,17,7,1;1,6,17,18,8;1,7,18,19,20,9;1,8,20,21,10,2;2,9,21,22,23,11;2,10,23,24,12,3;3,11,24,25,13,4;4,12,25,26,14;4,13,26,27,15,5;5,14,27,28,29,16;5,15,29,17,6;6,16,29,30,18,7;7,17,30,31,19,8;8,18,31,32,20;8,19,32,33,21,9;9,20,33,34,22,10;10,21,34,35,36,23;10,22,36,24,11;11,23,36,37,25,12;12,24,37,38,26,13;13,25,38,39,27,14;14,26,39,40,28,15;15,27,40,41,29;15,28,41,30,17,16;17,29,41,31,18;18,30,41,42,32,19;19,31,42,43,33,20;20,32,43,34,21;21,33,43,44,35,22;22,34,44,45,36;22,35,45,37,24,23;24,36,45,38,25;25,37,45,46,39,26;26,38,46,47,40,27;27,39,47,42,41,28;28,40,42,31,30,29;31,41,40,47,43,32;32,42,47,44,34,33;34,43,47,46,45,35;35,44,46,38,37,36;38,45,44,47,39;39,46,44,43,42,40
ipr#319 51 1,2,3,4,5,6;0,6,7,8,9,2;0,1,9,10,3;0,2,10,11,12,4;0,3,12,13,14,5;0,4,14,15,16,6;0,5,16,17,7,1;1,6,17,18,8;1,7,18,19,20,9;1,8,20,21,10,2;2,9,21,22,11,3;3,10,22,23,24,12;3,11,24,25,13,4;4,12,25,26,14;4,13,26,27,15,5;5,14,27,28,29,16;5,15,29,17,6;6,16,29,30,18,7;7,17,30,31,19,8;8,18,31,32,33,20;8,19,33,21,9;9,20,33,34,22,10;10,21,34,35,23,11;11,22,35,36,24;11,23,36,37,25,12;12,24,37,38,26,13;13,25,38,39,27,14;14,26,39,40,28,15;15,27,40,41,29;15,28,41,30,17,16;17,29,41,31,18;18,30,41,42,32,19;19,31,42,43,44,33;19,32,44,34,21,20;21,33,44,45,35,22;22,34,45,46,36,23;23,35,46,47,37,24;24,36,47,38,25;25,37,47,48,39,26;26,38,48,49,40,27;27,39,49,42,41,28;28,40,42,31,30,29;31,41,40,49,43,32;32,42,49,50,45,44;32,43,45,34,33;34,44,43,50,46,35;35,45,50,47,36;36,46,50,48,38,37;38,47,50,49,39;39,48,50,43,42,40;43,49,48,47,46,45
ipr#321 51 1,2,3,4,5,6;0,6,7,8,9,2;0,1,9,10,11,3;0,2,11,12,4;0,3,12,13,14,5;0,4,14,15,16,6;0,5,16,17,7,1;1,6,17,18,8;1,7,18,19,20,9;1,8,20,21,10,2;2,9,21,22,23,11;2,10,23,24,12,3;3,11,24,25,13,4;4,12,25,26,14;4,13,26,27,15,5;5,14,27,28,29,16;5,15,29,17,6;6,16,29,30,18,7;7,17,30,31,19,8;8,18,31,32,20;8,19,32,33,21,9;9,20,33,34,22,10;10,21,34,35,36,23;10,22,36,24,11;11,23,36,37,25,12;12,24,37,38,26,13;13,25,38,39,27,14;14,26,39,40,28,15;15,27,40,41,42,29;15,28,42,30,17,16;17,29,42,31,18;18,30,42,43,32,19;19,31,43,44,33,20;20,32,44,34,21;21,33,44,45,35,22;22,34,45,46,36;22,35,46,37,24,23;24,36,46,47,38,25;25,37,47,39,26;26,38,47,48,40,27;27,39,48,41,28;28,40,48,49,43,42;28,41,43,31,30,29;31,42,41,49,44,32;32,43,49,45,34,33;34,44,49,50,46,35;35,45,50,47,37,36;37,46,50,48,39,38;39,47,50,49,41,40;41,48,50,45,44,43;45,49,48,47,46
ipr#323 51 1,2,3,4,5,6;0,6,7,8,9,2;0,1,9,10,11,3;0,2,11,12,4;0,3,12,13,14,5;0,4,14,15,16,6;0,5,16,17,7,1;1,6,17,18,8;1,7,18,19,20,9;1,8,20,21,10,2;2,9,21,22,23,11;2,10,23,24,12,3;3,11,24,25,13,4;4,12,25,26,14;4,13,26,27,15,5;5,14,27,28,29,16;5,15,29,17,6;6,16,29,30,18,7;7,17,30,31,19,8;8,18,31,32,20;8,19,32,33,21,9;9,20,33,34,22,10;10,21,34,35,36,23;10,22,36,24,11;11,23,36,37,25,12;12,24,37,38,26,13;13,25,38,39,27,14;14,26,39,40,28,15;15,27,40,41,29;15,28,41,30,17,16;17,29,41,42,31,18;18,30,42,43,32,19;19,31,43,44,33,20;20,32,44,34,21;21,33,44,45,35,22;22,34,45,46,36;22,35,46,37,24,23;24,36,46,38,25;25,37,46,47,39,26;26,38,47,48,40,27;27,39,48,49,41,28;28,40,49,42,30,29;30,41,49,43,31;31,42,49,50,44,32;32,43,50,45,34,33;34,44,50,47,46,35;35,45,47,38,37,36;38,46,45,50,48,39;39,47,50,49,40;40,48,50,43,42,41;43,49,48,47,45,44
ipr#325 50 1,2,3,4,5,6;0,6,7,8,9,2;0,1,9,10,11,3;0,2,11,12,13,4;0,3,13,14,15,5;0,4,15,16,17,6;0,5,17,18,7,1;1,6,18,19,8;1,7,19,20,21,9;1,8,21,22,10,2;2,9,22,23,11;2,10,23,24,12,3;3,11,24,25,13;3,12,25,26,14,4;4,13,26,27,28,15;4,14,28,29,16,5;5,15,29,30,31,17;5,16,31,18,6;6,17,31,32,19,7;7,18,32,33,20,8;8,19,33,34,21;8,20,34,35,22,9;9,21,35,36,23,10;10,22,36,37,24,11;11,23,37,38,25,12;12,24,38,39,26,13;13,25,39,27,14;14,26,39,40,41,28;14,27,41,29,15;15,28,41,42,30,16;16,29,42,43,31;16,30,43,32,18,17;18,31,43,33,19;19,32,43,44,34,20;20,33,44,45,35,21;21,34,45,46,36,22;22,35,46,37,23;23,36,46,47,38,24;24,37,47,39,25;25,38,47,40,27,26;27,39,47,48,49,41;27,40,49,42,29,28;29,41,49,44,43,30;30,42,44,33,32,31;33,43,42,49,45,34;34,44,49,48,46,35;35,45,48,47,37,36;37,46,48,40,39,38;40,47,46,45,49;40,48,45,44,42,41
ipr#327 52 1,2,3,4,5,6;0,6,7,8,9,2;0,1,9,10,11,3;0,2,11,12,13,4;0,3,13,14,15,5;0,4,15,16,17,6;0,5,17,7,1;1,6,17,18,19,8;1,7,19,20,21,9;1,8,21,22,10,2;2,9,22,23,11;2,10,23,24,12,3;3,11,24,25,26,13;3,12,26,14,4;4,13,26,27,28,15;4,14,28,16,5;5,15,28,29,30,17;5,16,30,18,7,6;7,17,30,31,19;7,18,31,32,20,8;8,19,32,33,34,21;8,20,34,35,22,9;9,21,35,36,23,10;10,22,36,37,24,11;11,23,37,25,12;12,24,37,38,39,26;12,25,39,27,14,13;14,26,39,40,41,28;14,27,41,29,16,15;16,28,41,42,43,30;16,29,43,31,18,17;18,30,43,44,32,19;19,31,44,33,20;20,32,44,45,46,34;20,33,46,35,21;21,34,46,47,36,22;22,35,47,48,37,23;23,36,48,38,25,24;25,37,48,49,39;25,38,49,40,27,26;27,39,49,50,41;27,40,50,42,29,28;29,41,50,45,44,43;29,42,44,31,30;31,43,42,45,33,32;33,44,42,50,51,46;33,45,51,47,35,34;35,46,51,48,36;36,47,51,49,38,37;38,48,51,50,40,39;40,49,51,45,42,41;45,50,49,48,47,46
ipr#329 52 1,2,3,4,5,6;0,6,7,8,2;0,1,8,9,10,3;0,2,10,11,12,4;0,3,12,13,14,5;0,4,14,15,16,6;0,5,16,17,7,1;1,6,17,18,19,8;1,7,19,20,9,2;2,8,20,21,10;2,9,21,22,11,3;3,10,22,23,24,12;3,11,24,13,4;4,12,24,25,26,14;4,13,26,27,15,5;5,14,27,28,29,16;5,15,29,17,6;6,16,29,30,18,7;7,17,30,31,32,19;7,18,32,33,20,8;8,19,33,34,21,9;9,20,34,35,22,10;10,21,35,23,11;11,22,35,36,37,24;11,23,37,25,13,12;13,24,37,38,39,26;13,25,39,27,14;14,26,39,40,28,15;15,27,40,41,42,29;15,28,42,30,17,16;17,29,42,31,18;18,30,42,43,44,32;18,31,44,33,19;19,32,44,45,34,20;20,33,45,46,35,21;21,34,46,36,23,22;23,35,46,47,37;23,36,47,38,25,24;25,37,47,48,39;25,38,48,40,27,26;27,39,48,49,41,28;28,40,49,43,42;28,41,43,31,30,29;31,42,41,49,50,44;31,43,50,45,33,32;33,44,50,51,46,34;34,45,51,47,36,35;36,46,51,48,38,37;38,47,51,49,40,39;40,48,51,50,43,41;43,49,51,45,44;45,50,49,48,47,46
ipr#331 41 1,2,3,4,5;0,5,6,7,8,2;0,1,8,9,10,3;0,2,10,11,12,4;0,3,12,13,14,5;0,4,14,15,6,1;1,5,15,16,7;1,6,16,17,18,8;1,7,18,19,9,2;2,8,19,20,21,10;2,9,21,11,3;3,10,21,22,23,12;3,11,23,24,13,4;4,12,24,25,26,14;4,13,26,15,5;5,14,26,27,16,6;6,15,27,28,17,7;7,16,28,29,18;7,17,29,30,19,8;8,18,30,31,20,9;9,19,31,32,21;9,20,32,22,11,10;11,21,32,33,23;11,22,33,34,24,12;12,23,34,35,25,13;13,24,35,36,26;13,25,36,27,15,14;15,26,36,28,16;16,27,36,37,29,17;17,28,37,38,30,18;18,29,38,31,19;19,30,38,39,32,20;20,31,39,33,22,21;22,32,39,40,34,23;23,33,40,35,24;24,34,40,37,36,25;25,35,37,28,27,26;28,36,35,40,38,29;29,37,40,39,31,30;31,38,40,33,32;33,39,38,37,35,34
ipr#333 47 1,2,3,4,5,6;0,6,7,8,2;0,1,8,9,10,3;0,2,10,11,4;0,3,11,12,13,5;0,4,13,14,15,6;0,5,15,16,7,1;1,6,16,17,18,8;1,7,18,19,9,2;2,8,19,20,10;2,9,20,21,11,3;3,10,21,22,12,4;4,11,22,23,24,13;4,12,24,25,14,5;5,13,25,26,27,15;5,14,27,16,6;6,15,27,28,17,7;7,16,28,29,30,18;7,17,30,31,19,8;8,18,31,32,20,9;9,19,32,33,21,10;10,20,33,34,22,11;11,21,34,35,23,12;12,22,35,36,24;12,23,36,37,25,13;13,24,37,38,26,14;14,25,38,39,27;14,26,39,28,16,15;16,27,39,29,17;17,28,39,40,41,30;17,29,41,31,18;18,30,41,42,32,19;19,31,42,33,20;20,32,42,43,34,21;21,33,43,35,22;22,34,43,44,36,23;23,35,44,45,37,24;24,36,45,38,25;25,37,45,40,39,26;26,38,40,29,28,27;29,39,38,45,46,41;29,40,46,42,31,30;31,41,46,43,33,32;33,42,46,44,35,34;35,43,46,45,36;36,44,46,40,38,37;40,45,44,43,42,41
ipr#335 50 1,2,3,4,5,6;0,6,7,8,2;0,1,8,9,10,3;0,2,10,11,12,4;0,3,12,13,14,5;0,4,14,15,16,6;0,5,16,17,7,1;1,6,17,18,19,8;1,7,19,20,9,2;2,8,20,21,10;2,9,21,22,11,3;3,10,22,23,24,12;3,11,24,13,4;4,12,24,25,26,14;4,13,26,27,15,5;5,14,27,28,29,16;5,15,29,17,6;6,16,29,30,18,7;7,17,30,31,32,19;7,18,32,33,20,8;8,19,33,34,21,9;9,20,34,35,22,10;10,21,35,36,23,11;11,22,36,37,38,24;11,23,38,25,13,12;13,24,38,39,40,26;13,25,40,27,14;14,26,40,41,28,15;15,27,41,42,29;15,28,42,30,17,16;17,29,42,31,18;18,30,42,43,44,32;18,31,44,33,19;19,32,44,45,34,20;20,33,45,35,21;21,34,45,46,36,22;22,35,46,37,23;23,36,46,47,39,38;23,37,39,25,24;25,38,37,47,48,40;25,39,48,41,27,26;27,40,48,43,42,28;28,41,43,31,30,29;31,42,41,48,49,44;31,43,49,45,33,32;33,44,49,46,35,34;35,45,49,47,37,36;37,46,49,48,39;39,47,49,43,41,40;43,48,47,46,45,44
ipr#337 50 1,2,3,4,5,6;0,6,7,8,2;0,1,8,9,10,3;0,2,10,11,4;0,3,11,12,13,5;0,4,13,14,15,6;0,5,15,16,7,1;1,6,16,17,18,8;1,7,18,19,9,2;2,8,19,20,10;2,9,20,21,11,3;3,10,21,22,12,4;4,11,22,23,24,13;4,12,24,25,14,5;5,13,25,26,15;5,14,26,27,16,6;6,15,27,28,17,7;7,16,28,29,30,18;7,17,30,31,19,8;8,18,31,32,20,9;9,19,32,33,21,10;10,20,33,34,22,11;11,21,34,35,23,12;12,22,35,36,37,24;12,23,37,25,13;13,24,37,38,26,14;14,25,38,39,27,15;15,26,39,40,28,16;16,27,40,29,17;17,28,40,41,42,30;17,29,42,31,18;18,30,42,43,32,19;19,31,43,33,20;20,32,43,44,34,21;21,33,44,35,22;22,34,44,45,36,23;23,35,45,46,47,37;23,36,47,38,25,24;25,37,47,48,39,26;26,38,48,40,27;27,39,48,41,29,28;29,40,48,46,49,42;29,41,49,43,31,30;31,42,49,44,33,32;33,43,49,45,35,34;35,44,49,46,36;36,45,49,41,48,47;36,46,48,38,37;38,47,46,41,40,39;41,46,45,44,43,42
ipr#339 50 1,2,3,4,5,6;0,6,7,8,2;0,1,8,9,10,3;0,2,10,11,4;0,3,11,12,13,5;0,4,13,14,15,6;0,5,15,16,7,1;1,6,16,17,18,8;1,7,18,19,9,2;2,8,19,20,10;2,9,20,21,11,3;3,10,21,22,12,4;4,11,22,23,24,13;4,12,24,25,14,5;5,13,25,26,27,15;5,14,27,16,6;6,15,27,28,17,7;7,16,28,29,30,18;7,17,30,31,19,8;8,18,31,32,20,9;9,19,32,33,21,10;10,20,33,34,22,11;11,21,34,35,23,12;12,22,35,36,24;12,23,36,37,25,13;13,24,37,38,26,14;14,25,38,39,27;14,26,39,28,16,15;16,27,39,40,29,17;17,28,40,41,42,30;17,29,42,31,18;18,30,42,43,32,19;19,31,43,33,20;20,32,43,44,34,21;21,33,44,35,22;22,34,44,45,36,23;23,35,45,46,37,24;24,36,46,38,25;25,37,46,47,39,26;26,38,47,40,28,27;28,39,47,41,29;29,40,47,48,49,42;29,41,49,43,31,30;31,42,49,44,33,32;33,43,49,45,35,34;35,44,49,48,46,36;36,45,48,47,38,37;38,46,48,41,40,39;41,47,46,45,49;41,48,45,44,43,42
ipr#341 50 1,2,3,4,5,6;0,6,7,8,9,2;0,1,9,10,11,3;0,2,11,12,4;0,3,12,13,14,5;0,4,14,15,16,6;0,5,16,17,7,1;1,6,17,18,8;1,7,18,19,20,9;1,8,20,21,10,2;2,9,21,22,23,11;2,10,23,24,12,3;3,11,24,25,13,4;4,12,25,26,27,14;4,13,27,15,5;5,14,27,28,29,16;5,15,29,17,6;6,16,29,30,18,7;7,17,30,31,19,8;8,18,31,32,20;8,19,32,33,21,9;9,20,33,22,10;10,21,33,34,35,23;10,22,35,36,24,11;11,23,36,37,25,12;12,24,37,26,13;13,25,37,38,39,27;13,26,39,28,15,14;15,27,39,40,41,29;15,28,41,30,17,16;17,29,41,31,18;18,30,41,42,32,19;19,31,42,43,33,20;20,32,43,34,22,21;22,33,43,44,45,35;22,34,45,36,23;23,35,45,46,37,24;24,36,46,38,26,25;26,37,46,47,48,39;26,38,48,40,28,27;28,39,48,49,42,41;28,40,42,31,30,29;31,41,40,49,43,32;32,42,49,44,34,33;34,43,49,47,45;34,44,47,46,36,35;36,45,47,38,37;38,46,45,44,49,48;38,47,49,40,39;40,48,47,44,43,42
ipr#343 50 1,2,3,4,5,6;0,6,7,8,9,2;0,1,9,10,3;0,2,10,11,12,4;0,3,12,13,14,5;0,4,14,15,16,6;0,5,16,17,7,1;1,6,17,18,8;1,7,18,19,20,9;1,8,20,21,10,2;2,9,21,22,11,3;3,10,22,23,24,12;3,11,24,25,13,4;4,12,25,26,14;4,13,26,27,15,5;5,14,27,28,29,16;5,15,29,17,6;6,16,29,30,18,7;7,17,30,31,19,8;8,18,31,32,33,20;8,19,33,34,21,9;9,20,34,22,10;10,21,34,35,23,11;11,22,35,36,24;11,23,36,37,25,12;12,24,37,38,26,13;13,25,38,39,27,14;14,26,39,28,15;15,27,39,40,41,29;15,28,41,30,17,16;17,29,41,31,18;18,30,41,42,32,19;19,31,42,43,33;19,32,43,44,34,20;20,33,44,35,22,21;22,34,44,45,36,23;23,35,45,46,37,24;24,36,46,38,25;25,37,46,47,39,26;26,38,47,40,28,27;28,39,47,48,42,41;28,40,42,31,30,29;31,41,40,48,43,32;32,42,48,49,44,33;33,43,49,45,35,34;35,44,49,46,36;36,45,49,47,38,37;38,46,49,48,40,39;40,47,49,43,42;43,48,47,46,45,44
ipr#345 49 1,2,3,4,5,6;0,6,7,8,9,2;0,1,9,10,11,3;0,2,11,12,13,4;0,3,13,14,15,5;0,4,15,16,17,6;0,5,17,18,7,1;1,6,18,19,8;1,7,19,20,21,9;1,8,21,10,2;2,9,21,22,23,11;2,10,23,24,12,3;3,11,24,25,26,13;3,12,26,14,4;4,13,26,27,28,15;4,14,28,29,16,5;5,15,29,30,31,17;5,16,31,18,6;6,17,31,32,19,7;7,18,32,33,20,8;8,19,33,34,21;8,20,34,22,10,9;10,21,34,35,36,23;10,22,36,24,11;11,23,36,37,25,12;12,24,37,38,26;12,25,38,27,14,13;14,26,38,39,28;14,27,39,40,29,15;15,28,40,41,30,16;16,29,41,42,43,31;16,30,43,32,18,17;18,31,43,33,19;19,32,43,44,34,20;20,33,44,35,22,21;22,34,44,45,46,36;22,35,46,37,24,23;24,36,46,47,38,25;25,37,47,39,27,26;27,38,47,48,40,28;28,39,48,41,29;29,40,48,45,42,30;30,41,45,44,43;30,42,44,33,32,31;33,43,42,45,35,34;35,44,42,41,48,46;35,45,48,47,37,36;37,46,48,39,38;39,47,46,45,41,40
ipr#347 52 1,2,3,4,5,6;0,6,7,8,9,2;0,1,9,10,11,3;0,2,11,12,13,4;0,3,13,14,5;0,4,14,15,16,6;0,5,16,7,1;1,6,16,17,18,8;1,7,18,19,20,9;1,8,20,10,2;2,9,20,21,22,11;2,10,22,23,12,3;3,11,23,24,25,13;3,12,25,26,14,4;4,13,26,27,15,5;5,14,27,28,29,16;5,15,29,17,7,6;7,16,29,30,31,18;7,17,31,32,19,8;8,18,32,33,20;8,19,33,21,10,9;10,20,33,34,35,22;10,21,35,23,11;11,22,35,36,24,12;12,23,36,37,25;12,24,37,38,26,13;13,25,38,39,27,14;14,26,39,40,28,15;15,27,40,41,30,29;15,28,30,17,16;17,29,28,41,42,31;17,30,42,32,18;18,31,42,43,33,19;19,32,43,34,21,20;21,33,43,44,45,35;21,34,45,36,23,22;23,35,45,46,37,24;24,36,46,47,38,25;25,37,47,39,26;26,38,47,48,40,27;27,39,48,49,41,28;28,40,49,50,42,30;30,41,50,43,32,31;32,42,50,44,34,33;34,43,50,49,51,45;34,44,51,46,36,35;36,45,51,47,37;37,46,51,48,39,38;39,47,51,49,40;40,48,51,44,50,41;41,49,44,43,42;44,49,48,47,46,45
ipr#349 48 1,2,3,4,5,6;0,6,7,8,9,2;0,1,9,10,3;0,2,10,11,12,4;0,3,12,13,14,5;0,4,14,15,16,6;0,5,16,7,1;1,6,16,17,18,8;1,7,18,19,20,9;1,8,20,21,10,2;2,9,21,22,11,3;3,10,22,23,24,12;3,11,24,13,4;4,12,24,25,26,14;4,13,26,27,15,5;5,14,27,28,29,16;5,15,29,17,7,6;7,16,29,30,31,18;7,17,31,32,19,8;8,18,32,33,20;8,19,33,34,21,9;9,20,34,22,10;10,21,34,35,23,11;11,22,35,36,24;11,23,36,25,13,12;13,24,36,37,38,26;13,25,38,27,14;14,26,38,39,28,15;15,27,39,40,30,29;15,28,30,17,16;17,29,28,40,41,31;17,30,41,32,18;18,31,41,42,33,19;19,32,42,43,34,20;20,33,43,35,22,21;22,34,43,44,36,23;23,35,44,37,25,24;25,36,44,45,46,38;25,37,46,39,27,26;27,38,46,47,40,28;28,39,47,41,30;30,40,47,42,32,31;32,41,47,45,43,33;33,42,45,44,35,34;35,43,45,37,36;37,44,43,42,47,46;37,45,47,39,38;39,46,45,42,41,40
ipr#351 51 1,2,3,4,5,6;0,6,7,8,9,2;0,1,9,10,11,3;0,2,11,12,4;0,3,12,13,14,5;0,4,14,15,16,6;0,5,16,7,1;1,6,16,17,18,8;1,7,18,19,20,9;1,8,20,21,10,2;2,9,21,22,23,11;2,10,23,24,12,3;3,11,24,25,13,4;4,12,25,26,14;4,13,26,27,15,5;5,14,27,28,29,16;5,15,29,17,7,6;7,16,29,30,31,18;7,17,31,32,19,8;8,18,32,33,20;8,19,33,34,21,9;9,20,34,22,10;10,21,34,35,36,23;10,22,36,37,24,11;11,23,37,25,12;12,24,37,38,26,13;13,25,38,39,27,14;14,26,39,40,28,15;15,27,40,41,30,29;15,28,30,17,16;17,29,28,41,42,31;17,30,42,32,18;18,31,42,43,33,19;19,32,43,44,34,20;20,33,44,35,22,21;22,34,44,45,46,36;22,35,46,37,23;23,36,46,38,25,24;25,37,46,47,39,26;26,38,47,48,40,27;27,39,48,49,41,28;28,40,49,42,30;30,41,49,43,32,31;32,42,49,50,44,33;33,43,50,45,35,34;35,44,50,47,46;35,45,47,38,37,36;38,46,45,50,48,39;39,47,50,49,40;40,48,50,43,42,41;43,49,48,47,45,44
ipr#353 51 1,2,3,4,5,6;0,6,7,8,9,2;0,1,9,10,3;0,2,10,11,12,4;0,3,12,13,14,5;0,4,14,15,16,6;0,5,16,7,1;1,6,16,17,18,8;1,7,18,19,20,9;1,8,20,21,10,2;2,9,21,22,11,3;3,10,22,23,24,12;3,11,24,13,4;4,12,24,25,26,14;4,13,26,27,15,5;5,14,27,28,29,16;5,15,29,17,7,6;7,16,29,30,31,18;7,17,31,32,19,8;8,18,32,33,20;8,19,33,34,21,9;9,20,34,22,10;10,21,34,35,23,11;11,22,35,36,24;11,23,36,25,13,12;13,24,36,37,38,26;13,25,38,27,14;14,26,38,39,28,15;15,27,39,40,30,29;15,28,30,17,16;17,29,28,40,41,31;17,30,41,42,32,18;18,31,42,43,33,19;19,32,43,44,34,20;20,33,44,35,22,21;22,34,44,45,36,23;23,35,45,37,25,24;25,36,45,46,47,38;25,37,47,39,27,26;27,38,47,48,40,28;28,39,48,41,30;30,40,48,49,42,31;31,41,49,43,32;32,42,49,50,44,33;33,43,50,45,35,34;35,44,50,46,37,36;37,45,50,49,48,47;37,46,48,39,38;39,47,46,49,41,40;41,48,46,50,43,42;43,49,46,45,44
ipr#355 52 1,2,3,4,5,6;0,6,7,8,9,2;0,1,9,10,3;0,2,10,11,12,4;0,3,12,13,14,5;0,4,14,15,16,6;0,5,16,7,1;1,6,16,17,18,8;1,7,18,19,20,9;1,8,20,21,10,2;2,9,21,22,11,3;3,10,22,23,24,12;3,11,24,25,13,4;4,12,25,26,14;4,13,26,27,15,5;5,14,27,28,29,16;5,15,29,17,7,6;7,16,29,30,31,18;7,17,31,32,19,8;8,18,32,33,20;8,19,33,34,21,9;9,20,34,35,22,10;10,21,35,23,11;11,22,35,36,37,24;11,23,37,25,12;12,24,37,38,26,13;13,25,38,39,27,14;14,26,39,40,28,15;15,27,40,41,30,29;15,28,30,17,16;17,29,28,41,42,31;17,30,42,32,18;18,31,42,43,33,19;19,32,43,44,34,20;20,33,44,45,35,21;21,34,45,36,23,22;23,35,45,46,37;23,36,46,38,25,24;25,37,46,47,39,26;26,38,47,48,40,27;27,39,48,49,41,28;28,40,49,42,30;30,41,49,43,32,31;32,42,49,50,44,33;33,43,50,51,45,34;34,44,51,46,36,35;36,45,51,47,38,37;38,46,51,50,48,39;39,47,50,49,40;40,48,50,43,42,41;43,49,48,47,51,44;44,50,47,46,45
ipr#357 51 1,2,3,4,5,6;0,6,7,8,9,2;0,1,9,10,3;0,2,10,11,12,4;0,3,12,13,14,5;0,4,14,15,16,6;0,5,16,17,7,1;1,6,17,18,8;1,7,18,19,20,9;1,8,20,21,10,2;2,9,21,22,11,3;3,10,22,23,24,12;3,11,24,25,13,4;4,12,25,26,27,14;4,13,27,28,15,5;5,14,28,29,30,16;5,15,30,17,6;6,16,30,31,18,7;7,17,31,32,19,8;8,18,32,33,34,20;8,19,34,21,9;9,20,34,35,22,10;10,21,35,36,23,11;11,22,36,37,38,24;11,23,38,25,12;12,24,38,39,26,13;13,25,39,40,41,27;13,26,41,28,14;14,27,41,42,29,15;15,28,42,43,30;15,29,43,31,17,16;17,30,43,32,18;18,31,43,44,33,19;19,32,44,45,46,34;19,33,46,35,21,20;21,34,46,36,22;22,35,46,47,37,23;23,36,47,48,38;23,37,48,39,25,24;25,38,48,40,26;26,39,48,49,50,41;26,40,50,42,28,27;28,41,50,44,43,29;29,42,44,32,31,30;32,43,42,50,45,33;33,44,50,49,47,46;33,45,47,36,35,34;36,46,45,49,48,37;37,47,49,40,39,38;40,48,47,45,50;40,49,45,44,42,41
ipr#359 51 1,2,3,4,5,6;0,6,7,8,9,2;0,1,9,10,11,3;0,2,11,12,4;0,3,12,13,14,5;0,4,14,15,16,6;0,5,16,17,7,1;1,6,17,18,8;1,7,18,19,20,9;1,8,20,21,10,2;2,9,21,22,23,11;2,10,23,24,12,3;3,11,24,25,13,4;4,12,25,26,27,14;4,13,27,28,15,5;5,14,28,29,30,16;5,15,30,17,6;6,16,30,31,18,7;7,17,31,32,19,8;8,18,32,33,20;8,19,33,34,21,9;9,20,34,22,10;10,21,34,35,36,23;10,22,36,37,24,11;11,23,37,25,12;12,24,37,38,26,13;13,25,38,39,40,27;13,26,40,28,14;14,27,40,41,29,15;15,28,41,42,30;15,29,42,31,17,16;17,30,42,43,32,18;18,31,43,44,33,19;19,32,44,45,34,20;20,33,45,35,22,21;22,34,45,46,47,36;22,35,47,37,23;23,36,47,38,25,24;25,37,47,39,26;26,38,47,46,48,40;26,39,48,41,28,27;28,40,48,49,42,29;29,41,49,43,31,30;31,42,49,44,32;32,43,49,50,45,33;33,44,50,46,35,34;35,45,50,48,39,47;35,46,39,38,37,36;39,46,50,49,41,40;41,48,50,44,43,42;44,49,48,46,45
ipr#361 47 1,2,3,4,5,6;0,6,7,8,9,2;0,1,9,10,11,3;0,2,11,12,13,4;0,3,13,14,5;0,4,14,15,16,6;0,5,16,17,7,1;1,6,17,18,19,8;1,7,19,20,9;1,8,20,21,10,2;2,9,21,22,23,11;2,10,23,12,3;3,11,23,24,25,13;3,12,25,26,14,4;4,13,26,27,15,5;5,14,27,28,29,16;5,15,29,17,6;6,16,29,30,18,7;7,17,30,31,32,19;7,18,32,33,20,8;8,19,33,34,21,9;9,20,34,22,10;10,21,34,35,36,23;10,22,36,24,12,11;12,23,36,37,25;12,24,37,38,26,13;13,25,38,27,14;14,26,38,39,28,15;15,27,39,40,29;15,28,40,30,17,16;17,29,40,31,18;18,30,40,41,42,32;18,31,42,33,19;19,32,42,43,34,20;20,33,43,35,22,21;22,34,43,44,45,36;22,35,45,37,24,23;24,36,45,46,38,25;25,37,46,39,27,26;27,38,46,41,40,28;28,39,41,31,30,29;31,40,39,46,44,42;31,41,44,43,33,32;33,42,44,35,34;35,43,42,41,46,45;35,44,46,37,36;37,45,44,41,39,38
ipr#363 50 1,2,3,4,5,6;0,6,7,8,9,2;0,1,9,10,11,3;0,2,11,12,13,4;0,3,13,14,5;0,4,14,15,16,6;0,5,16,17,7,1;1,6,17,18,19,8;1,7,19,20,9;1,8,20,21,10,2;2,9,21,22,23,11;2,10,23,12,3;3,11,23,24,25,13;3,12,25,26,14,4;4,13,26,27,15,5;5,14,27,28,29,16;5,15,29,17,6;6,16,29,30,18,7;7,17,30,31,32,19;7,18,32,33,20,8;8,19,33,34,21,9;9,20,34,22,10;10,21,34,35,36,23;10,22,36,24,12,11;12,23,36,37,25;12,24,37,38,26,13;13,25,38,27,14;14,26,38,39,28,15;15,27,39,40,41,29;15,28,41,30,17,16;17,29,41,31,18;18,30,41,42,43,32;18,31,43,33,19;19,32,43,44,34,20;20,33,44,35,22,21;22,34,44,45,46,36;22,35,46,37,24,23;24,36,46,47,38,25;25,37,47,39,27,26;27,38,47,48,40,28;28,39,48,42,41;28,40,42,31,30,29;31,41,40,48,49,43;31,42,49,44,33,32;33,43,49,45,35,34;35,44,49,48,47,46;35,45,47,37,36;37,46,45,48,39,38;39,47,45,49,42,40;42,48,45,44,43
ipr#365 47 1,2,3,4,5;0,5,6,7,8,2;0,1,8,9,10,3;0,2,10,11,12,4;0,3,12,13,14,5;0,4,14,15,6,1;1,5,15,16,17,7;1,6,17,18,8;1,7,18,19,9,2;2,8,19,20,21,10;2,9,21,11,3;3,10,21,22,23,12;3,11,23,24,13,4;4,12,24,25,14;4,13,25,26,15,5;5,14,26,27,16,6;6,15,27,28,29,17;6,16,29,30,18,7;7,17,30,31,19,8;8,18,31,20,9;9,19,31,32,33,21;9,20,33,22,11,10;11,21,33,34,35,23;11,22,35,24,12;12,23,35,36,25,13;13,24,36,37,26,14;14,25,37,38,27,15;15,26,38,28,16;16,27,38,39,40,29;16,28,40,30,17;17,29,40,41,31,18;18,30,41,32,20,19;20,31,41,42,43,33;20,32,43,34,22,21;22,33,43,44,45,35;22,34,45,36,24,23;24,35,45,46,37,25;25,36,46,38,26;26,37,46,39,28,27;28,38,46,44,42,40;28,39,42,41,30,29;30,40,42,32,31;32,41,40,39,44,43;32,42,44,34,33;34,43,42,39,46,45;34,44,46,36,35;36,45,44,39,38,37
ipr#367 50 1,2,3,4,5;0,5,6,7,8,2;0,1,8,9,10,3;0,2,10,11,12,4;0,3,12,13,14,5;0,4,14,15,6,1;1,5,15,16,17,7;1,6,17,18,8;1,7,18,19,9,2;2,8,19,20,21,10;2,9,21,11,3;3,10,21,22,23,12;3,11,23,24,13,4;4,12,24,25,14;4,13,25,26,15,5;5,14,26,27,16,6;6,15,27,28,29,17;6,16,29,30,18,7;7,17,30,31,19,8;8,18,31,20,9;9,19,31,32,33,21;9,20,33,22,11,10;11,21,33,34,35,23;11,22,35,24,12;12,23,35,36,25,13;13,24,36,37,26,14;14,25,37,38,27,15;15,26,38,39,28,16;16,27,39,40,41,29;16,28,41,30,17;17,29,41,42,31,18;18,30,42,32,20,19;20,31,42,43,44,33;20,32,44,34,22,21;22,33,44,45,46,35;22,34,46,36,24,23;24,35,46,47,37,25;25,36,47,38,26;26,37,47,48,39,27;27,38,48,40,28;28,39,48,49,43,41;28,40,43,42,30,29;30,41,43,32,31;32,42,41,40,49,44;32,43,49,45,34,33;34,44,49,48,47,46;34,45,47,36,35;36,46,45,48,38,37;38,47,45,49,40,39;40,48,45,44,43
ipr#369 51 1,2,3,4,5;0,5,6,7,8,2;0,1,8,9,10,3;0,2,10,11,12,4;0,3,12,13,14,5;0,4,14,15,6,1;1,5,15,16,17,7;1,6,17,18,19,8;1,7,19,9,2;2,8,19,20,21,10;2,9,21,22,11,3;3,10,22,23,12;3,11,23,24,13,4;4,12,24,25,14;4,13,25,26,15,5;5,14,26,27,16,6;6,15,27,28,29,17;6,16,29,30,18,7;7,17,30,31,32,19;7,18,32,20,9,8;9,19,32,33,34,21;9,20,34,22,10;10,21,34,35,23,11;11,22,35,36,24,12;12,23,36,37,25,13;13,24,37,38,26,14;14,25,38,39,27,15;15,26,39,28,16;16,27,39,40,41,29;16,28,41,30,17;17,29,41,42,31,18;18,30,42,43,33,32;18,31,33,20,19;20,32,31,43,44,34;20,33,44,35,22,21;22,34,44,45,36,23;23,35,45,46,37,24;24,36,46,47,38,25;25,37,47,39,26;26,38,47,40,28,27;28,39,47,48,49,41;28,40,49,42,30,29;30,41,49,43,31;31,42,49,50,44,33;33,43,50,45,35,34;35,44,50,48,46,36;36,45,48,47,37;37,46,48,40,39,38;40,47,46,45,50,49;40,48,50,43,42,41;43,49,48,45,44
ipr#371 52 1,2,3,4,5;0,5,6,7,8,2;0,1,8,9,10,3;0,2,10,11,12,4;0,3,12,13,14,5;0,4,14,15,6,1;1,5,15,16,17,7;1,6,17,18,19,8;1,7,19,20,9,2;2,8,20,21,22,10;2,9,22,11,3;3,10,22,23,24,12;3,11,24,25,13,4;4,12,25,26,27,14;4,13,27,15,5;5,14,27,28,16,6;6,15,28,29,30,17;6,16,30,31,18,7;7,17,31,32,19;7,18,32,33,20,8;8,19,33,21,9;9,20,33,34,35,22;9,21,35,23,11,10;11,22,35,36,24;11,23,36,37,25,12;12,24,37,38,26,13;13,25,38,39,27;13,26,39,28,15,14;15,27,39,29,16;16,28,39,40,41,30;16,29,41,42,31,17;17,30,42,43,32,18;18,31,43,44,33,19;19,32,44,34,21,20;21,33,44,45,46,35;21,34,46,36,23,22;23,35,46,47,37,24;24,36,47,48,38,25;25,37,48,40,39,26;26,38,40,29,28,27;29,39,38,48,49,41;29,40,49,50,42,30;30,41,50,43,31;31,42,50,45,44,32;32,43,45,34,33;34,44,43,50,51,46;34,45,51,47,36,35;36,46,51,49,48,37;37,47,49,40,38;40,48,47,51,50,41;41,49,51,45,43,42;45,50,49,47,46
ipr#373 52 1,2,3,4,5;0,5,6,7,8,2;0,1,8,9,10,3;0,2,10,11,12,4;0,3,12,13,14,5;0,4,14,15,6,1;1,5,15,16,17,7;1,6,17,18,19,8;1,7,19,20,9,2;2,8,20,21,22,10;2,9,22,23,11,3;3,10,23,24,25,12;3,11,25,26,13,4;4,12,26,27,28,14;4,13,28,15,5;5,14,28,29,16,6;6,15,29,30,31,17;6,16,31,32,18,7;7,17,32,33,19;7,18,33,34,20,8;8,19,34,21,9;9,20,34,35,36,22;9,21,36,23,10;10,22,36,37,24,11;11,23,37,38,25;11,24,38,39,26,12;12,25,39,40,27,13;13,26,40,41,28;13,27,41,29,15,14;15,28,41,30,16;16,29,41,42,43,31;16,30,43,32,17;17,31,43,44,33,18;18,32,44,45,34,19;19,33,45,35,21,20;21,34,45,46,36;21,35,46,37,23,22;23,36,46,47,38,24;24,37,47,48,39,25;25,38,48,49,40,26;26,39,49,42,41,27;27,40,42,30,29,28;30,41,40,49,50,43;30,42,50,44,32,31;32,43,50,51,45,33;33,44,51,46,35,34;35,45,51,47,37,36;37,46,51,48,38;38,47,51,50,49,39;39,48,50,42,40;42,49,48,51,44,43;44,50,48,47,46,45
ipr#375 50 1,2,3,4,5,6;0,6,7,8,9,2;0,1,9,10,3;0,2,10,11,12,4;0,3,12,13,14,5;0,4,14,15,16,6;0,5,16,17,7,1;1,6,17,18,19,8;1,7,19,20,9;1,8,20,21,10,2;2,9,21,22,11,3;3,10,22,23,24,12;3,11,24,13,4;4,12,24,25,26,14;4,13,26,27,15,5;5,14,27,28,29,16;5,15,29,17,6;6,16,29,30,18,7;7,17,30,31,32,19;7,18,32,33,20,8;8,19,33,34,21,9;9,20,34,35,22,10;10,21,35,36,23,11;11,22,36,37,24;11,23,37,25,13,12;13,24,37,38,26;13,25,38,39,27,14;14,26,39,40,28,15;15,27,40,41,29;15,28,41,30,17,16;17,29,41,31,18;18,30,41,42,43,32;18,31,43,33,19;19,32,43,44,34,20;20,33,44,35,21;21,34,44,45,36,22;22,35,45,46,37,23;23,36,46,38,25,24;25,37,46,47,39,26;26,38,47,48,40,27;27,39,48,42,41,28;28,40,42,31,30,29;31,41,40,48,49,43;31,42,49,44,33,32;33,43,49,45,35,34;35,44,49,47,46,36;36,45,47,38,37;38,46,45,49,48,39;39,47,49,42,40;42,48,47,45,44,43
ipr#377 50 1,2,3,4,5,6;0,6,7,8,9,2;0,1,9,10,3;0,2,10,11,12,4;0,3,12,13,14,5;0,4,14,15,16,6;0,5,16,17,7,1;1,6,17,18,8;1,7,18,19,20,9;1,8,20,21,10,2;2,9,21,22,11,3;3,10,22,23,24,12;3,11,24,25,13,4;4,12,25,26,14;4,13,26,27,15,5;5,14,27,28,29,16;5,15,29,17,6;6,16,29,30,18,7;7,17,30,31,19,8;8,18,31,32,20;8,19,32,33,21,9;9,20,33,34,22,10;10,21,34,35,23,11;11,22,35,36,24;11,23,36,37,25,12;12,24,37,38,26,13;13,25,38,39,27,14;14,26,39,28,15;15,27,39,40,41,29;15,28,41,30,17,16;17,29,41,31,18;18,30,41,42,32,19;19,31,42,43,33,20;20,32,43,44,34,21;21,33,44,35,22;22,34,44,45,36,23;23,35,45,46,37,24;24,36,46,38,25;25,37,46,47,39,26;26,38,47,40,28,27;28,39,47,48,42,41;28,40,42,31,30,29;31,41,40,48,43,32;32,42,48,49,44,33;33,43,49,45,35,34;35,44,49,46,36;36,45,49,47,38,37;38,46,49,48,40,39;40,47,49,43,42;43,48,47,46,45,44
ipr#379 51 1,2,3,4,5,6;0,6,7,8,9,2;0,1,9,10,11,3;0,2,11,12,13,4;0,3,13,14,15,5;0,4,15,16,17,6;0,5,17,18,7,1;1,6,18,19,8;1,7,19,20,21,9;1,8,21,22,10,2;2,9,22,23,11;2,10,23,24,12,3;3,11,24,25,26,13;3,12,26,14,4;4,13,26,27,28,15;4,14,28,29,16,5;5,15,29,30,31,17;5,16,31,18,6;6,17,31,32,19,7;7,18,32,33,20,8;8,19,33,34,21;8,20,34,35,22,9;9,21,35,36,23,10;10,22,36,37,24,11;11,23,37,38,25,12;12,24,38,39,26;12,25,39,27,14,13;14,26,39,40,28;14,27,40,41,29,15;15,28,41,42,30,16;16,29,42,43,31;16,30,43,32,18,17;18,31,43,33,19;19,32,43,44,34,20;20,33,44,45,35,21;21,34,45,46,36,22;22,35,46,47,37,23;23,36,47,38,24;24,37,47,48,39,25;25,38,48,40,27,26;27,39,48,49,41,28;28,40,49,50,42,29;29,41,50,44,43,30;30,42,44,33,32,31;33,43,42,50,45,34;34,44,50,46,35;35,45,50,49,47,36;36,46,49,48,38,37;38,47,49,40,39;40,48,47,46,50,41;41,49,46,45,44,42
ipr#381 52 1,2,3,4,5,6;0,6,7,8,9,2;0,1,9,10,11,3;0,2,11,12,4;0,3,12,13,14,5;0,4,14,15,16,6;0,5,16,17,7,1;1,6,17,18,8;1,7,18,19,20,9;1,8,20,21,10,2;2,9,21,22,23,11;2,10,23,24,12,3;3,11,24,25,13,4;4,12,25,26,27,14;4,13,27,28,15,5;5,14,28,29,30,16;5,15,30,17,6;6,16,30,31,18,7;7,17,31,32,19,8;8,18,32,33,20;8,19,33,34,21,9;9,20,34,35,22,10;10,21,35,36,37,23;10,22,37,38,24,11;11,23,38,25,12;12,24,38,39,26,13;13,25,39,40,41,27;13,26,41,42,28,14;14,27,42,43,29,15;15,28,43,44,30;15,29,44,31,17,16;17,30,44,32,18;18,31,44,45,33,19;19,32,45,46,34,20;20,33,46,47,35,21;21,34,47,36,22;22,35,47,48,49,37;22,36,49,38,23;23,37,49,39,25,24;25,38,49,40,26;26,39,49,48,50,41;26,40,50,51,42,27;27,41,51,43,28;28,42,51,45,44,29;29,43,45,32,31,30;32,44,43,51,46,33;33,45,51,50,47,34;34,46,50,48,36,35;36,47,50,40,49;36,48,40,39,38,37;40,48,47,46,51,41;41,50,46,45,43,42
ipr#383 42 1,2,3,4,5,6;0,6,7,8,9,2;0,1,9,10,3;0,2,10,11,12,4;0,3,12,13,14,5;0,4,14,15,6;0,5,15,16,7,1;1,6,16,17,8;1,7,17,18,19,9;1,8,19,20,10,2;2,9,20,21,11,3;3,10,21,22,23,12;3,11,23,13,4;4,12,23,24,25,14;4,13,25,26,15,5;5,14,26,27,16,6;6,15,27,28,17,7;7,16,28,29,18,8;8,17,29,30,31,19;8,18,31,20,9;9,19,31,32,21,10;10,20,32,22,11;11,21,32,33,34,23;11,22,34,24,13,12;13,23,34,35,36,25;13,24,36,26,14;14,25,36,37,27,15;15,26,37,28,16;16,27,37,38,29,17;17,28,38,30,18;18,29,38,39,40,31;18,30,40,32,20,19;20,31,40,33,22,21;22,32,40,39,35,34;22,33,35,24,23;24,34,33,39,41,36;24,35,41,37,26,25;26,36,41,38,28,27;28,37,41,39,30,29;30,38,41,35,33,40;30,39,33,32,31;35,39,38,37,36
ipr#385 48 1,2,3,4,5,6;0,6,7,8,2;0,1,8,9,10,3;0,2,10,11,12,4;0,3,12,13,14,5;0,4,14,15,16,6;0,5,16,17,7,1;1,6,17,18,19,8;1,7,19,20,9,2;2,8,20,21,22,10;2,9,22,23,11,3;3,10,23,24,25,12;3,11,25,13,4;4,12,25,26,27,14;4,13,27,15,5;5,14,27,28,29,16;5,15,29,30,17,6;6,16,30,18,7;7,17,30,31,32,19;7,18,32,20,8;8,19,32,33,21,9;9,20,33,34,22;9,21,34,35,23,10;10,22,35,24,11;11,23,35,36,37,25;11,24,37,26,13,12;13,25,37,38,27;13,26,38,28,15,14;15,27,38,39,29;15,28,39,40,30,16;16,29,40,31,18,17;18,30,40,41,42,32;18,31,42,33,20,19;20,32,42,43,34,21;21,33,43,44,35,22;22,34,44,36,24,23;24,35,44,45,46,37;24,36,46,38,26,25;26,37,46,39,28,27;28,38,46,47,40,29;29,39,47,41,31,30;31,40,47,45,43,42;31,41,43,33,32;33,42,41,45,44,34;34,43,45,36,35;36,44,43,41,47,46;36,45,47,39,38,37;39,46,45,41,40
ipr#387 48 1,2,3,4,5,6;0,6,7,8,2;0,1,8,9,10,3;0,2,10,11,12,4;0,3,12,13,14,5;0,4,14,15,6;0,5,15,16,7,1;1,6,16,17,18,8;1,7,18,19,9,2;2,8,19,20,21,10;2,9,21,22,11,3;3,10,22,23,24,12;3,11,24,25,13,4;4,12,25,26,27,14;4,13,27,28,15,5;5,14,28,29,16,6;6,15,29,17,7;7,16,29,30,31,18;7,17,31,19,8;8,18,31,32,20,9;9,19,32,33,21;9,20,33,34,22,10;10,21,34,23,11;11,22,34,35,36,24;11,23,36,25,12;12,24,36,37,26,13;13,25,37,38,39,27;13,26,39,28,14;14,27,39,40,29,15;15,28,40,30,17,16;17,29,40,41,42,31;17,30,42,32,19,18;19,31,42,43,33,20;20,32,43,44,34,21;21,33,44,35,23,22;23,34,44,45,36;23,35,45,37,25,24;25,36,45,38,26;26,37,45,46,47,39;26,38,47,40,28,27;28,39,47,41,30,29;30,40,47,46,43,42;30,41,43,32,31;32,42,41,46,44,33;33,43,46,45,35,34;35,44,46,38,37,36;38,45,44,43,41,47;38,46,41,40,39
ipr#389 51 1,2,3,4,5,6;0,6,7,8,2;0,1,8,9,10,3;0,2,10,11,12,4;0,3,12,13,14,5;0,4,14,15,16,6;0,5,16,17,7,1;1,6,17,18,19,8;1,7,19,20,9,2;2,8,20,21,22,10;2,9,22,23,11,3;3,10,23,24,25,12;3,11,25,26,13,4;4,12,26,27,28,14;4,13,28,15,5;5,14,28,29,30,16;5,15,30,31,17,6;6,16,31,18,7;7,17,31,32,33,19;7,18,33,20,8;8,19,33,34,21,9;9,20,34,35,22;9,21,35,36,23,10;10,22,36,24,11;11,23,36,37,38,25;11,24,38,26,12;12,25,38,39,27,13;13,26,39,40,28;13,27,40,29,15,14;15,28,40,41,30;15,29,41,42,31,16;16,30,42,32,18,17;18,31,42,43,44,33;18,32,44,34,20,19;20,33,44,45,35,21;21,34,45,46,36,22;22,35,46,37,24,23;24,36,46,47,38;24,37,47,39,26,25;26,38,47,48,40,27;27,39,48,41,29,28;29,40,48,49,42,30;30,41,49,43,32,31;32,42,49,50,45,44;32,43,45,34,33;34,44,43,50,46,35;35,45,50,47,37,36;37,46,50,48,39,38;39,47,50,49,41,40;41,48,50,43,42;43,49,48,47,46,45
ipr#391 49 1,2,3,4,5,6;0,6,7,8,9,2;0,1,9,10,3;0,2,10,11,12,4;0,3,12,13,14,5;0,4,14,15,6;0,5,15,16,7,1;1,6,16,17,18,8;1,7,18,19,20,9;1,8,20,21,10,2;2,9,21,22,11,3;3,10,22,23,12;3,11,23,24,13,4;4,12,24,25,26,14;4,13,26,27,15,5;5,14,27,28,16,6;6,15,28,17,7;7,16,28,29,30,18;7,17,30,19,8;8,18,30,31,32,20;8,19,32,33,21,9;9,20,33,34,22,10;10,21,34,35,23,11;11,22,35,36,24,12;12,23,36,25,13;13,24,36,37,38,26;13,25,38,27,14;14,26,38,39,28,15;15,27,39,29,17,16;17,28,39,40,41,30;17,29,41,31,19,18;19,30,41,42,43,32;19,31,43,33,20;20,32,43,44,34,21;21,33,44,35,22;22,34,44,45,36,23;23,35,45,37,25,24;25,36,45,46,47,38;25,37,47,39,27,26;27,38,47,40,29,28;29,39,47,46,42,41;29,40,42,31,30;31,41,40,46,48,43;31,42,48,44,33,32;33,43,48,45,35,34;35,44,48,46,37,36;37,45,48,42,40,47;37,46,40,39,38;42,46,45,44,43
ipr#393 52 1,2,3,4,5,6;0,6,7,8,9,2;0,1,9,10,3;0,2,10,11,12,4;0,3,12,13,14,5;0,4,14,15,6;0,5,15,16,7,1;1,6,16,17,18,8;1,7,18,19,20,9;1,8,20,21,10,2;2,9,21,22,11,3;3,10,22,23,24,12;3,11,24,25,13,4;4,12,25,26,27,14;4,13,27,28,15,5;5,14,28,29,16,6;6,15,29,17,7;7,16,29,30,31,18;7,17,31,19,8;8,18,31,32,33,20;8,19,33,34,21,9;9,20,34,35,22,10;10,21,35,23,11;11,22,35,36,37,24;11,23,37,38,25,12;12,24,38,26,13;13,25,38,39,40,27;13,26,40,28,14;14,27,40,41,29,15;15,28,41,30,17,16;17,29,41,42,43,31;17,30,43,32,19,18;19,31,43,44,45,33;19,32,45,46,34,20;20,33,46,35,21;21,34,46,36,23,22;23,35,46,47,37;23,36,47,48,38,24;24,37,48,39,26,25;26,38,48,49,50,40;26,39,50,41,28,27;28,40,50,42,30,29;30,41,50,49,44,43;30,42,44,32,31;32,43,42,49,51,45;32,44,51,47,46,33;33,45,47,36,35,34;36,46,45,51,48,37;37,47,51,49,39,38;39,48,51,44,42,50;39,49,42,41,40;44,49,48,47,45
ipr#395 52 1,2,3,4,5,6;0,6,7,8,9,2;0,1,9,10,3;0,2,10,11,12,4;0,3,12,13,14,5;0,4,14,15,6;0,5,15,16,7,1;1,6,16,17,18,8;1,7,18,19,20,9;1,8,20,21,10,2;2,9,21,22,11,3;3,10,22,23,12;3,11,23,24,13,4;4,12,24,25,26,14;4,13,26,27,15,5;5,14,27,28,16,6;6,15,28,17,7;7,16,28,29,30,18;7,17,30,19,8;8,18,30,31,32,20;8,19,32,33,21,9;9,20,33,34,22,10;10,21,34,35,23,11;11,22,35,36,24,12;12,23,36,25,13;13,24,36,37,38,26;13,25,38,27,14;14,26,38,39,28,15;15,27,39,29,17,16;17,28,39,40,41,30;17,29,41,31,19,18;19,30,41,42,43,32;19,31,43,33,20;20,32,43,44,34,21;21,33,44,45,35,22;22,34,45,46,36,23;23,35,46,37,25,24;25,36,46,47,48,38;25,37,48,39,27,26;27,38,48,40,29,28;29,39,48,47,49,41;29,40,49,42,31,30;31,41,49,50,43;31,42,50,44,33,32;33,43,50,45,34;34,44,50,51,46,35;35,45,51,47,37,36;37,46,51,49,40,48;37,47,40,39,38;40,47,51,50,42,41;42,49,51,45,44,43;45,50,49,47,46
ipr#397 49 1,2,3,4,5,6;0,6,7,8,9,2;0,1,9,10,3;0,2,10,11,12,4;0,3,12,13,14,5;0,4,14,15,6;0,5,15,16,7,1;1,6,16,17,18,8;1,7,18,19,20,9;1,8,20,21,10,2;2,9,21,22,11,3;3,10,22,23,24,12;3,11,24,13,4;4,12,24,25,26,14;4,13,26,27,15,5;5,14,27,28,16,6;6,15,28,17,7;7,16,28,29,30,18;7,17,30,19,8;8,18,30,31,32,20;8,19,32,33,21,9;9,20,33,34,22,10;10,21,34,35,23,11;11,22,35,36,24;11,23,36,25,13,12;13,24,36,37,38,26;13,25,38,27,14;14,26,38,39,28,15;15,27,39,29,17,16;17,28,39,40,41,30;17,29,41,31,19,18;19,30,41,42,43,32;19,31,43,33,20;20,32,43,44,34,21;21,33,44,35,22;22,34,44,45,36,23;23,35,45,37,25,24;25,36,45,46,47,38;25,37,47,39,27,26;27,38,47,40,29,28;29,39,47,46,42,41;29,40,42,31,30;31,41,40,46,48,43;31,42,48,44,33,32;33,43,48,45,35,34;35,44,48,46,37,36;37,45,48,42,40,47;37,46,40,39,38;42,46,45,44,43
ipr#399 52 1,2,3,4,5,6;0,6,7,8,9,2;0,1,9,10,3;0,2,10,11,12,4;0,3,12,13,14,5;0,4,14,15,6;0,5,15,16,7,1;1,6,16,17,18,8;1,7,18,19,20,9;1,8,20,21,10,2;2,9,21,22,11,3;3,10,22,23,24,12;3,11,24,13,4;4,12,24,25,26,14;4,13,26,27,15,5;5,14,27,28,16,6;6,15,28,17,7;7,16,28,29,30,18;7,17,30,31,19,8;8,18,31,32,33,20;8,19,33,34,21,9;9,20,34,35,22,10;10,21,35,36,23,11;11,22,36,37,24;11,23,37,25,13,12;13,24,37,38,39,26;13,25,39,27,14;14,26,39,40,28,15;15,27,40,29,17,16;17,28,40,41,42,30;17,29,42,43,31,18;18,30,43,32,19;19,31,43,44,45,33;19,32,45,34,20;20,33,45,46,35,21;21,34,46,36,22;22,35,46,47,37,23;23,36,47,38,25,24;25,37,47,48,49,39;25,38,49,40,27,26;27,39,49,41,29,28;29,40,49,48,50,42;29,41,50,43,30;30,42,50,44,32,31;32,43,50,51,45;32,44,51,46,34,33;34,45,51,47,36,35;36,46,51,48,38,37;38,47,51,50,41,49;38,48,41,40,39;41,48,51,44,43,42;44,50,48,47,46,45
ipr#401 52 1,2,3,4,5,6;0,6,7,8,2;0,1,8,9,10,3;0,2,10,11,4;0,3,11,12,13,5;0,4,13,14,6;0,5,14,15,7,1;1,6,15,16,17,8;1,7,17,18,9,2;2,8,18,19,20,10;2,9,20,21,11,3;3,10,21,22,12,4;4,11,22,23,24,13;4,12,24,25,14,5;5,13,25,26,15,6;6,14,26,16,7;7,15,26,27,28,17;7,16,28,29,18,8;8,17,29,30,19,9;9,18,30,31,32,20;9,19,32,33,21,10;10,20,33,34,22,11;11,21,34,35,23,12;12,22,35,36,37,24;12,23,37,38,25,13;13,24,38,26,14;14,25,38,27,16,15;16,26,38,39,40,28;16,27,40,41,29,17;17,28,41,30,18;18,29,41,42,31,19;19,30,42,43,32;19,31,43,44,33,20;20,32,44,34,21;21,33,44,45,35,22;22,34,45,36,23;23,35,45,46,47,37;23,36,47,39,38,24;24,37,39,27,26,25;27,38,37,47,48,40;27,39,48,49,41,28;28,40,49,42,30,29;30,41,49,50,43,31;31,42,50,51,44,32;32,43,51,45,34,33;34,44,51,46,36,35;36,45,51,50,48,47;36,46,48,39,37;39,47,46,50,49,40;40,48,50,42,41;42,49,48,46,51,43;43,50,46,45,44
ipr#403 42 1,2,3,4,5,6;0,6,7,8,2;0,1,8,9,10,3;0,2,10,11,12,4;0,3,12,13,14,5;0,4,14,15,6;0,5,15,16,7,1;1,6,16,17,18,8;1,7,18,19,9,2;2,8,19,20,21,10;2,9,21,11,3;3,10,21,22,23,12;3,11,23,13,4;4,12,23,24,25,14;4,13,25,26,15,5;5,14,26,27,16,6;6,15,27,28,17,7;7,16,28,29,18;7,17,29,30,19,8;8,18,30,20,9;9,19,30,31,32,21;9,20,32,22,11,10;11,21,32,33,34,23;11,22,34,24,13,12;13,23,34,35,36,25;13,24,36,26,14;14,25,36,37,27,15;15,26,37,28,16;16,27,37,38,29,17;17,28,38,39,30,18;18,29,39,31,20,19;20,30,39,40,33,32;20,31,33,22,21;22,32,31,40,35,34;22,33,35,24,23;24,34,33,40,41,36;24,35,41,37,26,25;26,36,41,38,28,27;28,37,41,40,39,29;29,38,40,31,30;31,39,38,41,35,33;35,40,38,37,36
ipr#405 48 1,2,3,4,5,6;0,6,7,8,9,2;0,1,9,10,11,3;0,2,11,12,13,4;0,3,13,14,15,5;0,4,15,16,6;0,5,16,17,7,1;1,6,17,18,19,8;1,7,19,20,9;1,8,20,21,10,2;2,9,21,22,23,11;2,10,23,12,3;3,11,23,24,25,13;3,12,25,14,4;4,13,25,26,27,15;4,14,27,28,16,5;5,15,28,29,17,6;6,16,29,18,7;7,17,29,30,31,19;7,18,31,32,20,8;8,19,32,33,21,9;9,20,33,34,22,10;10,21,34,35,23;10,22,35,24,12,11;12,23,35,36,37,25;12,24,37,26,14,13;14,25,37,38,39,27;14,26,39,28,15;15,27,39,40,29,16;16,28,40,30,18,17;18,29,40,41,42,31;18,30,42,32,19;19,31,42,43,33,20;20,32,43,34,21;21,33,43,44,35,22;22,34,44,36,24,23;24,35,44,45,38,37;24,36,38,26,25;26,37,36,45,46,39;26,38,46,40,28,27;28,39,46,41,30,29;30,40,46,45,47,42;30,41,47,43,32,31;32,42,47,44,34,33;34,43,47,45,36,35;36,44,47,41,46,38;38,45,41,40,39;41,45,44,43,42
ipr#407 51 1,2,3,4,5,6;0,6,7,8,9,2;0,1,9,10,11,3;0,2,11,12,13,4;0,3,13,14,15,5;0,4,15,16,6;0,5,16,17,7,1;1,6,17,18,19,8;1,7,19,20,9;1,8,20,21,10,2;2,9,21,22,23,11;2,10,23,12,3;3,11,23,24,25,13;3,12,25,14,4;4,13,25,26,27,15;4,14,27,28,16,5;5,15,28,29,17,6;6,16,29,18,7;7,17,29,30,31,19;7,18,31,32,20,8;8,19,32,33,21,9;9,20,33,34,22,10;10,21,34,35,23;10,22,35,24,12,11;12,23,35,36,37,25;12,24,37,26,14,13;14,25,37,38,39,27;14,26,39,40,28,15;15,27,40,41,29,16;16,28,41,30,18,17;18,29,41,42,31;18,30,42,43,32,19;19,31,43,44,33,20;20,32,44,34,21;21,33,44,45,35,22;22,34,45,36,24,23;24,35,45,46,38,37;24,36,38,26,25;26,37,36,46,47,39;26,38,47,48,40,27;27,39,48,41,28;28,40,48,42,30,29;30,41,48,49,43,31;31,42,49,50,44,32;32,43,50,45,34,33;34,44,50,46,36,35;36,45,50,49,47,38;38,46,49,48,39;39,47,49,42,41,40;42,48,47,46,50,43;43,49,46,45,44
ipr#409 51 1,2,3,4,5,6;0,6,7,8,9,2;0,1,9,10,11,3;0,2,11,12,13,4;0,3,13,14,15,5;0,4,15,16,17,6;0,5,17,18,7,1;1,6,18,19,20,8;1,7,20,21,9;1,8,21,22,10,2;2,9,22,23,24,11;2,10,24,12,3;3,11,24,25,26,13;3,12,26,14,4;4,13,26,27,28,15;4,14,28,16,5;5,15,28,29,30,17;5,16,30,31,18,6;6,17,31,19,7;7,18,31,32,33,20;7,19,33,34,21,8;8,20,34,35,22,9;9,21,35,36,23,10;10,22,36,37,24;10,23,37,25,12,11;12,24,37,38,39,26;12,25,39,27,14,13;14,26,39,40,28;14,27,40,29,16,15;16,28,40,41,30;16,29,41,42,31,17;17,30,42,32,19,18;19,31,42,43,44,33;19,32,44,34,20;20,33,44,45,35,21;21,34,45,36,22;22,35,45,46,37,23;23,36,46,38,25,24;25,37,46,47,48,39;25,38,48,40,27,26;27,39,48,41,29,28;29,40,48,49,42,30;30,41,49,43,32,31;32,42,49,47,50,44;32,43,50,45,34,33;34,44,50,46,36,35;36,45,50,47,38,37;38,46,50,43,49,48;38,47,49,41,40,39;41,48,47,43,42;43,47,46,45,44
ipr#411 49 1,2,3,4,5,6;0,6,7,8,2;0,1,8,9,10,3;0,2,10,11,12,4;0,3,12,13,14,5;0,4,14,15,6;0,5,15,16,7,1;1,6,16,17,18,8;1,7,18,19,9,2;2,8,19,20,21,10;2,9,21,11,3;3,10,21,22,23,12;3,11,23,13,4;4,12,23,24,25,14;4,13,25,26,15,5;5,14,26,27,16,6;6,15,27,28,17,7;7,16,28,29,30,18;7,17,30,31,19,8;8,18,31,32,20,9;9,19,32,33,21;9,20,33,22,11,10;11,21,33,34,35,23;11,22,35,24,13,12;13,23,35,36,37,25;13,24,37,38,26,14;14,25,38,27,15;15,26,38,39,28,16;16,27,39,40,29,17;17,28,40,41,30;17,29,41,42,31,18;18,30,42,32,19;19,31,42,43,33,20;20,32,43,34,22,21;22,33,43,44,36,35;22,34,36,24,23;24,35,34,44,45,37;24,36,45,46,38,25;25,37,46,39,27,26;27,38,46,40,28;28,39,46,47,41,29;29,40,47,48,42,30;30,41,48,43,32,31;32,42,48,44,34,33;34,43,48,47,45,36;36,44,47,46,37;37,45,47,40,39,38;40,46,45,44,48,41;41,47,44,43,42
ipr#413 52 1,2,3,4,5,6;0,6,7,8,2;0,1,8,9,10,3;0,2,10,11,12,4;0,3,12,13,14,5;0,4,14,15,6;0,5,15,16,7,1;1,6,16,17,18,8;1,7,18,19,9,2;2,8,19,20,21,10;2,9,21,11,3;3,10,21,22,23,12;3,11,23,13,4;4,12,23,24,25,14;4,13,25,26,15,5;5,14,26,27,16,6;6,15,27,28,17,7;7,16,28,29,30,18;7,17,30,31,19,8;8,18,31,32,20,9;9,19,32,33,34,21;9,20,34,22,11,10;11,21,34,35,36,23;11,22,36,24,13,12;13,23,36,37,38,25;13,24,38,39,26,14;14,25,39,27,15;15,26,39,40,28,16;16,27,40,41,29,17;17,28,41,42,30;17,29,42,43,31,18;18,30,43,32,19;19,31,43,44,33,20;20,32,44,45,34;20,33,45,35,22,21;22,34,45,46,37,36;22,35,37,24,23;24,36,35,46,47,38;24,37,47,48,39,25;25,38,48,40,27,26;27,39,48,41,28;28,40,48,49,42,29;29,41,49,50,43,30;30,42,50,44,32,31;32,43,50,51,45,33;33,44,51,46,35,34;35,45,51,47,37;37,46,51,49,48,38;38,47,49,41,40,39;41,48,47,51,50,42;42,49,51,44,43;44,50,49,47,46,45
ipr#415 49 1,2,3,4,5,6;0,6,7,8,2;0,1,8,9,10,3;0,2,10,11,12,4;0,3,12,13,14,5;0,4,14,15,16,6;0,5,16,17,7,1;1,6,17,18,19,8;1,7,19,20,9,2;2,8,20,21,22,10;2,9,22,11,3;3,10,22,23,24,12;3,11,24,13,4;4,12,24,25,26,14;4,13,26,15,5;5,14,26,27,28,16;5,15,28,17,6;6,16,28,29,18,7;7,17,29,30,31,19;7,18,31,32,20,8;8,19,32,33,21,9;9,20,33,34,22;9,21,34,23,11,10;11,22,34,35,36,24;11,23,36,25,13,12;13,24,36,37,38,26;13,25,38,27,15,14;15,26,38,39,40,28;15,27,40,29,17,16;17,28,40,41,30,18;18,29,41,42,31;18,30,42,43,32,19;19,31,43,33,20;20,32,43,44,34,21;21,33,44,35,23,22;23,34,44,45,37,36;23,35,37,25,24;25,36,35,45,46,38;25,37,46,39,27,26;27,38,46,47,41,40;27,39,41,29,28;29,40,39,47,42,30;30,41,47,48,43,31;31,42,48,44,33,32;33,43,48,45,35,34;35,44,48,47,46,37;37,45,47,39,38;39,46,45,48,42,41;42,47,45,44,43
ipr#417 52 1,2,3,4,5,6;0,6,7,8,2;0,1,8,9,10,3;0,2,10,11,12,4;0,3,12,13,14,5;0,4,14,15,16,6;0,5,16,17,7,1;1,6,17,18,19,8;1,7,19,20,9,2;2,8,20,21,22,10;2,9,22,11,3;3,10,22,23,24,12;3,11,24,13,4;4,12,24,25,26,14;4,13,26,15,5;5,14,26,27,28,16;5,15,28,17,6;6,16,28,29,18,7;7,17,29,30,31,19;7,18,31,32,20,8;8,19,32,33,21,9;9,20,33,34,22;9,21,34,23,11,10;11,22,34,35,36,24;11,23,36,25,13,12;13,24,36,37,38,26;13,25,38,27,15,14;15,26,38,39,40,28;15,27,40,29,17,16;17,28,40,41,30,18;18,29,41,42,31;18,30,42,43,32,19;19,31,43,44,33,20;20,32,44,45,34,21;21,33,45,35,23,22;23,34,45,46,36;23,35,46,37,25,24;25,36,46,47,48,38;25,37,48,39,27,26;27,38,48,49,41,40;27,39,41,29,28;29,40,39,49,42,30;30,41,49,50,43,31;31,42,50,51,44,32;32,43,51,45,33;33,44,51,46,35,34;35,45,51,47,37,36;37,46,51,50,49,48;37,47,49,39,38;39,48,47,50,42,41;42,49,47,51,43;43,50,47,46,45,44
ipr#419 52 1,2,3,4,5,6;0,6,7,8,9,2;0,1,9,10,3;0,2,10,11,12,4;0,3,12,13,14,5;0,4,14,15,16,6;0,5,16,7,1;1,6,16,17,18,8;1,7,18,19,9;1,8,19,20,10,2;2,9,20,21,11,3;3,10,21,22,23,12;3,11,23,13,4;4,12,23,24,25,14;4,13,25,15,5;5,14,25,26,27,16;5,15,27,17,7,6;7,16,27,28,29,18;7,17,29,30,19,8;8,18,30,31,20,9;9,19,31,32,21,10;10,20,32,33,22,11;11,21,33,34,35,23;11,22,35,24,13,12;13,23,35,36,37,25;13,24,37,26,15,14;15,25,37,38,39,27;15,26,39,28,17,16;17,27,39,40,41,29;17,28,41,42,30,18;18,29,42,43,31,19;19,30,43,44,32,20;20,31,44,33,21;21,32,44,45,34,22;22,33,45,46,36,35;22,34,36,24,23;24,35,34,46,47,37;24,36,47,38,26,25;26,37,47,48,40,39;26,38,40,28,27;28,39,38,48,49,41;28,40,49,42,29;29,41,49,50,43,30;30,42,50,44,31;31,43,50,45,33,32;33,44,50,51,46,34;34,45,51,48,47,36;36,46,48,38,37;38,47,46,51,49,40;40,48,51,50,42,41;42,49,51,45,44,43;45,50,49,48,46
ipr#421 48 1,2,3,4,5,6;0,6,7,8,9,2;0,1,9,10,3;0,2,10,11,12,4;0,3,12,13,14,5;0,4,14,15,6;0,5,15,16,7,1;1,6,16,17,18,8;1,7,18,19,20,9;1,8,20,21,10,2;2,9,21,22,11,3;3,10,22,23,24,12;3,11,24,13,4;4,12,24,25,26,14;4,13,26,27,15,5;5,14,27,28,16,6;6,15,28,29,17,7;7,16,29,30,18;7,17,30,31,19,8;8,18,31,32,20;8,19,32,33,21,9;9,20,33,22,10;10,21,33,34,23,11;11,22,34,35,36,24;11,23,36,25,13,12;13,24,36,37,38,26;13,25,38,27,14;14,26,38,39,28,15;15,27,39,29,16;16,28,39,40,30,17;17,29,40,41,31,18;18,30,41,42,32,19;19,31,42,43,33,20;20,32,43,34,22,21;22,33,43,44,35,23;23,34,44,45,37,36;23,35,37,25,24;25,36,35,45,46,38;25,37,46,39,27,26;27,38,46,40,29,28;29,39,46,47,41,30;30,40,47,42,31;31,41,47,44,43,32;32,42,44,34,33;34,43,42,47,45,35;35,44,47,46,37;37,45,47,40,39,38;40,46,45,44,42,41
ipr#423 51 1,2,3,4,5,6;0,6,7,8,9,2;0,1,9,10,11,3;0,2,11,12,4;0,3,12,13,14,5;0,4,14,15,6;0,5,15,16,7,1;1,6,16,17,18,8;1,7,18,19,20,9;1,8,20,21,10,2;2,9,21,22,23,11;2,10,23,24,12,3;3,11,24,25,13,4;4,12,25,26,14;4,13,26,27,15,5;5,14,27,28,16,6;6,15,28,29,17,7;7,16,29,30,18;7,17,30,31,19,8;8,18,31,32,20;8,19,32,33,21,9;9,20,33,22,10;10,21,33,34,35,23;10,22,35,36,24,11;11,23,36,25,12;12,24,36,37,26,13;13,25,37,38,27,14;14,26,38,39,28,15;15,27,39,29,16;16,28,39,40,30,17;17,29,40,41,31,18;18,30,41,42,32,19;19,31,42,43,33,20;20,32,43,34,22,21;22,33,43,44,45,35;22,34,45,46,36,23;23,35,46,37,25,24;25,36,46,47,38,26;26,37,47,48,39,27;27,38,48,40,29,28;29,39,48,49,41,30;30,40,49,42,31;31,41,49,44,43,32;32,42,44,34,33;34,43,42,49,50,45;34,44,50,47,46,35;35,45,47,37,36;37,46,45,50,48,38;38,47,50,49,40,39;40,48,50,44,42,41;44,49,48,47,45
ipr#425 43 1,2,3,4,5,6;0,6,7,8,9,2;0,1,9,10,11,3;0,2,11,12,13,4;0,3,13,14,15,5;0,4,15,16,17,6;0,5,17,18,7,1;1,6,18,19,8;1,7,19,20,21,9;1,8,21,10,2;2,9,21,22,23,11;2,10,23,12,3;3,11,23,24,25,13;3,12,25,14,4;4,13,25,26,27,15;4,14,27,16,5;5,15,27,28,29,17;5,16,29,18,6;6,17,29,30,19,7;7,18,30,31,20,8;8,19,31,32,21;8,20,32,22,10,9;10,21,32,33,34,23;10,22,34,24,12,11;12,23,34,35,25;12,24,35,26,14,13;14,25,35,36,37,27;14,26,37,28,16,15;16,27,37,38,29;16,28,38,30,18,17;18,29,38,39,31,19;19,30,39,40,32,20;20,31,40,33,22,21;22,32,40,41,34;22,33,41,35,24,23;24,34,41,36,26,25;26,35,41,42,37;26,36,42,38,28,27;28,37,42,39,30,29;30,38,42,40,31;31,39,42,41,33,32;33,40,42,36,35,34;36,41,40,39,38,37
ipr#427 49 1,2,3,4,5,6;0,6,7,8,9,2;0,1,9,10,11,3;0,2,11,12,13,4;0,3,13,14,15,5;0,4,15,16,17,6;0,5,17,18,7,1;1,6,18,19,8;1,7,19,20,21,9;1,8,21,10,2;2,9,21,22,23,11;2,10,23,12,3;3,11,23,24,25,13;3,12,25,14,4;4,13,25,26,27,15;4,14,27,16,5;5,15,27,28,29,17;5,16,29,18,6;6,17,29,30,19,7;7,18,30,31,20,8;8,19,31,32,33,21;8,20,33,22,10,9;10,21,33,34,35,23;10,22,35,24,12,11;12,23,35,36,37,25;12,24,37,26,14,13;14,25,37,38,39,27;14,26,39,28,16,15;16,27,39,40,41,29;16,28,41,30,18,17;18,29,41,42,31,19;19,30,42,43,32,20;20,31,43,44,33;20,32,44,34,22,21;22,33,44,45,35;22,34,45,36,24,23;24,35,45,46,38,37;24,36,38,26,25;26,37,36,46,40,39;26,38,40,28,27;28,39,38,46,47,41;28,40,47,42,30,29;30,41,47,43,31;31,42,47,48,44,32;32,43,48,45,34,33;34,44,48,46,36,35;36,45,48,47,40,38;40,46,48,43,42,41;43,47,46,45,44
ipr#429 51 1,2,3,4,5,6;0,6,7,8,9,2;0,1,9,10,11,3;0,2,11,12,13,4;0,3,13,14,15,5;0,4,15,16,17,6;0,5,17,18,7,1;1,6,18,19,20,8;1,7,20,21,22,9;1,8,22,10,2;2,9,22,23,24,11;2,10,24,12,3;3,11,24,25,26,13;3,12,26,14,4;4,13,26,27,28,15;4,14,28,29,16,5;5,15,29,30,31,17;5,16,31,32,18,6;6,17,32,19,7;7,18,32,33,34,20;7,19,34,35,21,8;8,20,35,36,22;8,21,36,23,10,9;10,22,36,37,38,24;10,23,38,25,12,11;12,24,38,39,26;12,25,39,27,14,13;14,26,39,40,41,28;14,27,41,42,29,15;15,28,42,30,16;16,29,42,43,44,31;16,30,44,32,17;17,31,44,33,19,18;19,32,44,45,46,34;19,33,46,35,20;20,34,46,47,36,21;21,35,47,37,23,22;23,36,47,48,38;23,37,48,39,25,24;25,38,48,40,27,26;27,39,48,49,50,41;27,40,50,42,28;28,41,50,43,30,29;30,42,50,45,44;30,43,45,33,32,31;33,44,43,50,49,46;33,45,49,47,35,34;35,46,49,48,37,36;37,47,49,40,39,38;40,48,47,46,45,50;40,49,45,43,42,41
ipr#431 51 1,2,3,4,5,6;0,6,7,8,9,2;0,1,9,10,11,3;0,2,11,12,13,4;0,3,13,14,15,5;0,4,15,16,17,6;0,5,17,7,1;1,6,17,18,19,8;1,7,19,20,9;1,8,20,21,10,2;2,9,21,22,23,11;2,10,23,12,3;3,11,23,24,25,13;3,12,25,14,4;4,13,25,26,27,15;4,14,27,28,16,5;5,15,28,29,30,17;5,16,30,18,7,6;7,17,30,31,19;7,18,31,32,20,8;8,19,32,33,21,9;9,20,33,34,22,10;10,21,34,35,36,23;10,22,36,24,12,11;12,23,36,37,25;12,24,37,26,14,13;14,25,37,38,39,27;14,26,39,40,28,15;15,27,40,29,16;16,28,40,41,42,30;16,29,42,31,18,17;18,30,42,43,32,19;19,31,43,44,33,20;20,32,44,34,21;21,33,44,45,35,22;22,34,45,46,36;22,35,46,37,24,23;24,36,46,38,26,25;26,37,46,47,48,39;26,38,48,40,27;27,39,48,41,29,28;29,40,48,49,42;29,41,49,43,31,30;31,42,49,50,44,32;32,43,50,45,34,33;34,44,50,47,46,35;35,45,47,38,37,36;38,46,45,50,49,48;38,47,49,41,40,39;41,48,47,50,43,42;43,49,47,45,44
ipr#433 50 1,2,3,4,5,6;0,6,7,8,9,2;0,1,9,10,11,3;0,2,11,12,13,4;0,3,13,14,15,5;0,4,15,16,17,6;0,5,17,18,7,1;1,6,18,19,20,8;1,7,20,21,22,9;1,8,22,23,10,2;2,9,23,24,25,11;2,10,25,12,3;3,11,25,26,27,13;3,12,27,14,4;4,13,27,28,29,15;4,14,29,16,5;5,15,29,30,31,17;5,16,31,18,6;6,17,31,32,19,7;7,18,32,33,34,20;7,19,34,21,8;8,20,34,35,36,22;8,21,36,23,9;9,22,36,37,24,10;10,23,37,38,39,25;10,24,39,26,12,11;12,25,39,40,27;12,26,40,28,14,13;14,27,40,41,42,29;14,28,42,30,16,15;16,29,42,43,31;16,30,43,32,18,17;18,31,43,44,33,19;19,32,44,45,34;19,33,45,35,21,20;21,34,45,46,36;21,35,46,37,23,22;23,36,46,38,24;24,37,46,47,48,39;24,38,48,40,26,25;26,39,48,41,28,27;28,40,48,49,42;28,41,49,43,30,29;30,42,49,44,32,31;32,43,49,47,45,33;33,44,47,46,35,34;35,45,47,38,37,36;38,46,45,44,49,48;38,47,49,41,40,39;41,48,47,44,43,42
ipr#435 47 1,2,3,4,5,6;0,6,7,8,9,2;0,1,9,10,11,3;0,2,11,12,4;0,3,12,13,14,5;0,4,14,15,16,6;0,5,16,7,1;1,6,16,17,18,8;1,7,18,19,20,9;1,8,20,21,10,2;2,9,21,22,23,11;2,10,23,24,12,3;3,11,24,25,13,4;4,12,25,26,14;4,13,26,27,15,5;5,14,27,28,16;5,15,28,17,7,6;7,16,28,29,30,18;7,17,30,19,8;8,18,30,31,32,20;8,19,32,21,9;9,20,32,33,22,10;10,21,33,34,35,23;10,22,35,36,24,11;11,23,36,25,12;12,24,36,37,26,13;13,25,37,38,27,14;14,26,38,39,28,15;15,27,39,29,17,16;17,28,39,40,30;17,29,40,31,19,18;19,30,40,41,42,32;19,31,42,33,21,20;21,32,42,34,22;22,33,42,43,44,35;22,34,44,36,23;23,35,44,37,25,24;25,36,44,45,38,26;26,37,45,46,39,27;27,38,46,40,29,28;29,39,46,41,31,30;31,40,46,45,43,42;31,41,43,34,33,32;34,42,41,45,44;34,43,45,37,36,35;37,44,43,41,46,38;38,45,41,40,39
ipr#437 50 1,2,3,4,5,6;0,6,7,8,9,2;0,1,9,10,11,3;0,2,11,12,13,4;0,3,13,14,15,5;0,4,15,16,17,6;0,5,17,7,1;1,6,17,18,19,8;1,7,19,20,21,9;1,8,21,22,10,2;2,9,22,23,24,11;2,10,24,12,3;3,11,24,25,26,13;3,12,26,27,14,4;4,13,27,28,15;4,14,28,29,16,5;5,15,29,30,17;5,16,30,18,7,6;7,17,30,31,32,19;7,18,32,20,8;8,19,32,33,34,21;8,20,34,22,9;9,21,34,35,23,10;10,22,35,36,24;10,23,36,25,12,11;12,24,36,37,38,26;12,25,38,27,13;13,26,38,39,28,14;14,27,39,40,29,15;15,28,40,41,30,16;16,29,41,31,18,17;18,30,41,42,32;18,31,42,33,20,19;20,32,42,43,44,34;20,33,44,35,22,21;22,34,44,45,36,23;23,35,45,37,25,24;25,36,45,46,38;25,37,46,39,27,26;27,38,46,47,40,28;28,39,47,48,41,29;29,40,48,42,31,30;31,41,48,43,33,32;33,42,48,47,49,44;33,43,49,45,35,34;35,44,49,46,37,36;37,45,49,47,39,38;39,46,49,43,48,40;40,47,43,42,41;43,47,46,45,44
ipr#439 51 1,2,3,4,5,6;0,6,7,8,9,2;0,1,9,10,3;0,2,10,11,12,4;0,3,12,13,14,5;0,4,14,15,16,6;0,5,16,7,1;1,6,16,17,18,8;1,7,18,19,20,9;1,8,20,21,10,2;2,9,21,22,11,3;3,10,22,23,24,12;3,11,24,25,13,4;4,12,25,26,14;4,13,26,27,15,5;5,14,27,28,16;5,15,28,17,7,6;7,16,28,29,18;7,17,29,30,19,8;8,18,30,31,20;8,19,31,32,21,9;9,20,32,33,22,10;10,21,33,34,23,11;11,22,34,35,36,24;11,23,36,25,12;12,24,36,37,26,13;13,25,37,38,27,14;14,26,38,39,28,15;15,27,39,29,17,16;17,28,39,40,30,18;18,29,40,41,31,19;19,30,41,42,32,20;20,31,42,33,21;21,32,42,43,34,22;22,33,43,44,35,23;23,34,44,45,36;23,35,45,37,25,24;25,36,45,46,38,26;26,37,46,47,39,27;27,38,47,40,29,28;29,39,47,48,41,30;30,40,48,49,42,31;31,41,49,43,33,32;33,42,49,44,34;34,43,49,50,45,35;35,44,50,46,37,36;37,45,50,48,47,38;38,46,48,40,39;40,47,46,50,49,41;41,48,50,44,43,42;44,49,48,46,45
ipr#441 51 1,2,3,4,5,6;0,6,7,8,9,2;0,1,9,10,11,3;0,2,11,12,13,4;0,3,13,14,5;0,4,14,15,16,6;0,5,16,7,1;1,6,16,17,18,8;1,7,18,19,20,9;1,8,20,21,10,2;2,9,21,22,23,11;2,10,23,24,12,3;3,11,24,25,26,13;3,12,26,27,14,4;4,13,27,28,15,5;5,14,28,29,30,16;5,15,30,17,7,6;7,16,30,31,32,18;7,17,32,19,8;8,18,32,33,34,20;8,19,34,21,9;9,20,34,35,22,10;10,21,35,36,37,23;10,22,37,38,24,11;11,23,38,25,12;12,24,38,39,40,26;12,25,40,27,13;13,26,40,41,28,14;14,27,41,29,15;15,28,41,42,31,30;15,29,31,17,16;17,30,29,42,43,32;17,31,43,33,19,18;19,32,43,44,45,34;19,33,45,35,21,20;21,34,45,36,22;22,35,45,46,47,37;22,36,47,38,23;23,37,47,39,25,24;25,38,47,48,49,40;25,39,49,41,27,26;27,40,49,42,29,28;29,41,49,50,43,31;31,42,50,44,33,32;33,43,50,48,46,45;33,44,46,36,35,34;36,45,44,48,47;36,46,48,39,38,37;39,47,46,44,50,49;39,48,50,42,41,40;42,49,48,44,43
ipr#443 49 1,2,3,4,5,6;0,6,7,8,9,2;0,1,9,10,3;0,2,10,11,12,4;0,3,12,13,14,5;0,4,14,15,16,6;0,5,16,17,7,1;1,6,17,18,19,8;1,7,19,20,9;1,8,20,21,10,2;2,9,21,22,11,3;3,10,22,23,24,12;3,11,24,13,4;4,12,24,25,26,14;4,13,26,15,5;5,14,26,27,28,16;5,15,28,29,17,6;6,16,29,30,18,7;7,17,30,31,19;7,18,31,32,20,8;8,19,32,33,21,9;9,20,33,34,22,10;10,21,34,23,11;11,22,34,35,36,24;11,23,36,25,13,12;13,24,36,37,38,26;13,25,38,27,15,14;15,26,38,39,40,28;15,27,40,29,16;16,28,40,41,30,17;17,29,41,42,31,18;18,30,42,43,32,19;19,31,43,33,20;20,32,43,44,34,21;21,33,44,35,23,22;23,34,44,45,37,36;23,35,37,25,24;25,36,35,45,46,38;25,37,46,39,27,26;27,38,46,47,40;27,39,47,41,29,28;29,40,47,42,30;30,41,47,48,43,31;31,42,48,44,33,32;33,43,48,45,35,34;35,44,48,46,37;37,45,48,47,39,38;39,46,48,42,41,40;42,47,46,45,44,43
ipr#445 52 1,2,3,4,5,6;0,6,7,8,9,2;0,1,9,10,3;0,2,10,11,12,4;0,3,12,13,14,5;0,4,14,15,16,6;0,5,16,17,7,1;1,6,17,18,19,8;1,7,19,20,9;1,8,20,21,10,2;2,9,21,22,11,3;3,10,22,23,24,12;3,11,24,13,4;4,12,24,25,26,14;4,13,26,27,15,5;5,14,27,28,16;5,15,28,29,17,6;6,16,29,18,7;7,17,29,30,31,19;7,18,31,32,20,8;8,19,32,33,21,9;9,20,33,34,22,10;10,21,34,23,11;11,22,34,35,36,24;11,23,36,25,13,12;13,24,36,37,38,26;13,25,38,39,27,14;14,26,39,40,28,15;15,27,40,41,29,16;16,28,41,30,18,17;18,29,41,42,43,31;18,30,43,44,32,19;19,31,44,33,20;20,32,44,45,34,21;21,33,45,35,23,22;23,34,45,46,37,36;23,35,37,25,24;25,36,35,46,47,38;25,37,47,48,39,26;26,38,48,49,40,27;27,39,49,41,28;28,40,49,42,30,29;30,41,49,50,43;30,42,50,51,44,31;31,43,51,45,33,32;33,44,51,46,35,34;35,45,51,47,37;37,46,51,50,48,38;38,47,50,49,39;39,48,50,42,41,40;42,49,48,47,51,43;43,50,47,46,45,44
ipr#447 52 1,2,3,4,5,6;0,6,7,8,9,2;0,1,9,10,3;0,2,10,11,12,4;0,3,12,13,14,5;0,4,14,15,16,6;0,5,16,17,7,1;1,6,17,18,19,8;1,7,19,20,9;1,8,20,21,10,2;2,9,21,22,11,3;3,10,22,23,24,12;3,11,24,13,4;4,12,24,25,26,14;4,13,26,15,5;5,14,26,27,28,16;5,15,28,29,17,6;6,16,29,30,18,7;7,17,30,31,19;7,18,31,32,20,8;8,19,32,33,21,9;9,20,33,34,22,10;10,21,34,23,11;11,22,34,35,36,24;11,23,36,25,13,12;13,24,36,37,38,26;13,25,38,27,15,14;15,26,38,39,40,28;15,27,40,29,16;16,28,40,41,30,17;17,29,41,42,31,18;18,30,42,43,32,19;19,31,43,44,33,20;20,32,44,45,34,21;21,33,45,35,23,22;23,34,45,46,37,36;23,35,37,25,24;25,36,35,46,47,38;25,37,47,39,27,26;27,38,47,48,49,40;27,39,49,41,29,28;29,40,49,42,30;30,41,49,50,43,31;31,42,50,44,32;32,43,50,51,45,33;33,44,51,46,35,34;35,45,51,47,37;37,46,51,48,39,38;39,47,51,50,49;39,48,50,42,41,40;42,49,48,51,44,43;44,50,48,47,46,45
ipr#449 50 1,2,3,4,5;0,5,6,7,8,2;0,1,8,9,10,3;0,2,10,11,12,4;0,3,12,13,14,5;0,4,14,15,6,1;1,5,15,16,7;1,6,16,17,18,8;1,7,18,9,2;2,8,18,19,20,10;2,9,20,11,3;3,10,20,21,22,12;3,11,22,13,4;4,12,22,23,24,14;4,13,24,25,15,5;5,14,25,26,16,6;6,15,26,27,17,7;7,16,27,28,29,18;7,17,29,19,9,8;9,18,29,30,31,20;9,19,31,21,11,10;11,20,31,32,33,22;11,21,33,23,13,12;13,22,33,34,24;13,23,34,35,25,14;14,24,35,36,26,15;15,25,36,37,27,16;16,26,37,38,28,17;17,27,38,39,40,29;17,28,40,30,19,18;19,29,40,41,42,31;19,30,42,32,21,20;21,31,42,43,44,33;21,32,44,34,23,22;23,33,44,45,35,24;24,34,45,36,25;25,35,45,46,37,26;26,36,46,47,38,27;27,37,47,39,28;28,38,47,48,41,40;28,39,41,30,29;30,40,39,48,43,42;30,41,43,32,31;32,42,41,48,49,44;32,43,49,45,34,33;34,44,49,46,36,35;36,45,49,47,37;37,46,49,48,39,38;39,47,49,43,41;43,48,47,46,45,44
ipr#451 44 1,2,3,4,5;0,5,6,7,8,2;0,1,8,9,10,3;0,2,10,11,12,4;0,3,12,13,14,5;0,4,14,15,6,1;1,5,15,16,17,7;1,6,17,18,19,8;1,7,19,9,2;2,8,19,20,21,10;2,9,21,11,3;3,10,21,22,23,12;3,11,23,13,4;4,12,23,24,25,14;4,13,25,26,15,5;5,14,26,27,16,6;6,15,27,28,17;6,16,28,29,18,7;7,17,29,30,19;7,18,30,20,9,8;9,19,30,31,32,21;9,20,32,22,11,10;11,21,32,33,34,23;11,22,34,24,13,12;13,23,34,35,25;13,24,35,36,26,14;14,25,36,27,15;15,26,36,37,28,16;16,27,37,38,29,17;17,28,38,39,30,18;18,29,39,31,20,19;20,30,39,40,33,32;20,31,33,22,21;22,32,31,40,41,34;22,33,41,35,24,23;24,34,41,42,36,25;25,35,42,37,27,26;27,36,42,43,38,28;28,37,43,39,29;29,38,43,40,31,30;31,39,43,41,33;33,40,43,42,35,34;35,41,43,37,36;37,42,41,40,39,38
ipr#453 50 1,2,3,4,5;0,5,6,7,8,2;0,1,8,9,10,3;0,2,10,11,12,4;0,3,12,13,14,5;0,4,14,15,6,1;1,5,15,16,17,7;1,6,17,18,19,8;1,7,19,20,9,2;2,8,20,21,22,10;2,9,22,11,3;3,10,22,23,24,12;3,11,24,13,4;4,12,24,25,26,14;4,13,26,27,15,5;5,14,27,16,6;6,15,27,28,29,17;6,16,29,30,18,7;7,17,30,31,32,19;7,18,32,20,8;8,19,32,33,21,9;9,20,33,34,22;9,21,34,23,11,10;11,22,34,35,36,24;11,23,36,25,13,12;13,24,36,37,26;13,25,37,38,27,14;14,26,38,28,16,15;16,27,38,39,40,29;16,28,40,30,17;17,29,40,41,31,18;18,30,41,42,32;18,31,42,33,20,19;20,32,42,43,34,21;21,33,43,35,23,22;23,34,43,44,45,36;23,35,45,37,25,24;25,36,45,46,38,26;26,37,46,39,28,27;28,38,46,47,48,40;28,39,48,41,30,29;30,40,48,49,42,31;31,41,49,43,33,32;33,42,49,44,35,34;35,43,49,47,45;35,44,47,46,37,36;37,45,47,39,38;39,46,45,44,49,48;39,47,49,41,40;41,48,47,44,43,42
ipr#455 50 1,2,3,4,5;0,5,6,7,8,2;0,1,8,9,10,3;0,2,10,11,12,4;0,3,12,13,14,5;0,4,14,15,6,1;1,5,15,16,17,7;1,6,17,18,8;1,7,18,19,9,2;2,8,19,20,21,10;2,9,21,11,3;3,10,21,22,23,12;3,11,23,13,4;4,12,23,24,25,14;4,13,25,26,15,5;5,14,26,27,16,6;6,15,27,28,17;6,16,28,29,18,7;7,17,29,30,19,8;8,18,30,31,20,9;9,19,31,32,33,21;9,20,33,22,11,10;11,21,33,34,35,23;11,22,35,24,13,12;13,23,35,36,25;13,24,36,37,26,14;14,25,37,38,27,15;15,26,38,39,28,16;16,27,39,40,29,17;17,28,40,30,18;18,29,40,41,31,19;19,30,41,42,32,20;20,31,42,43,34,33;20,32,34,22,21;22,33,32,43,44,35;22,34,44,36,24,23;24,35,44,45,37,25;25,36,45,46,38,26;26,37,46,47,39,27;27,38,47,40,28;28,39,47,41,30,29;30,40,47,48,42,31;31,41,48,49,43,32;32,42,49,44,34;34,43,49,45,36,35;36,44,49,46,37;37,45,49,48,47,38;38,46,48,41,40,39;41,47,46,49,42;42,48,46,45,44,43
ipr#457 49 1,2,3,4,5;0,5,6,7,8,2;0,1,8,9,10,3;0,2,10,11,12,4;0,3,12,13,14,5;0,4,14,15,6,1;1,5,15,16,17,7;1,6,17,18,19,8;1,7,19,20,9,2;2,8,20,21,22,10;2,9,22,11,3;3,10,22,23,24,12;3,11,24,13,4;4,12,24,25,26,14;4,13,26,27,15,5;5,14,27,28,16,6;6,15,28,29,17;6,16,29,30,18,7;7,17,30,31,19;7,18,31,32,20,8;8,19,32,21,9;9,20,32,33,34,22;9,21,34,23,11,10;11,22,34,35,36,24;11,23,36,25,13,12;13,24,36,37,38,26;13,25,38,39,27,14;14,26,39,28,15;15,27,39,40,29,16;16,28,40,41,30,17;17,29,41,42,31,18;18,30,42,43,32,19;19,31,43,33,21,20;21,32,43,44,35,34;21,33,35,23,22;23,34,33,44,37,36;23,35,37,25,24;25,36,35,44,45,38;25,37,45,46,39,26;26,38,46,40,28,27;28,39,46,47,41,29;29,40,47,42,30;30,41,47,48,43,31;31,42,48,44,33,32;33,43,48,45,37,35;37,44,48,47,46,38;38,45,47,40,39;40,46,45,48,42,41;42,47,45,44,43
ipr#459 48 1,2,3,4,5;0,5,6,7,8,2;0,1,8,9,10,3;0,2,10,11,12,4;0,3,12,13,14,5;0,4,14,15,6,1;1,5,15,16,17,7;1,6,17,18,19,8;1,7,19,9,2;2,8,19,20,21,10;2,9,21,22,11,3;3,10,22,23,24,12;3,11,24,13,4;4,12,24,25,26,14;4,13,26,27,15,5;5,14,27,28,16,6;6,15,28,29,17;6,16,29,30,18,7;7,17,30,31,19;7,18,31,20,9,8;9,19,31,32,33,21;9,20,33,22,10;10,21,33,34,23,11;11,22,34,35,36,24;11,23,36,25,13,12;13,24,36,37,26;13,25,37,38,27,14;14,26,38,28,15;15,27,38,39,29,16;16,28,39,40,30,17;17,29,40,41,31,18;18,30,41,32,20,19;20,31,41,42,43,33;20,32,43,34,22,21;22,33,43,35,23;23,34,43,44,45,36;23,35,45,37,25,24;25,36,45,46,38,26;26,37,46,39,28,27;28,38,46,47,40,29;29,39,47,42,41,30;30,40,42,32,31;32,41,40,47,44,43;32,42,44,35,34,33;35,43,42,47,45;35,44,47,46,37,36;37,45,47,39,38;39,46,45,44,42,40
ipr#461 51 1,2,3,4,5;0,5,6,7,8,2;0,1,8,9,10,3;0,2,10,11,12,4;0,3,12,13,14,5;0,4,14,15,6,1;1,5,15,16,17,7;1,6,17,18,19,8;1,7,19,9,2;2,8,19,20,21,10;2,9,21,22,11,3;3,10,22,23,24,12;3,11,24,13,4;4,12,24,25,26,14;4,13,26,27,15,5;5,14,27,28,16,6;6,15,28,29,17;6,16,29,30,18,7;7,17,30,31,32,19;7,18,32,20,9,8;9,19,32,33,34,21;9,20,34,22,10;10,21,34,35,23,11;11,22,35,36,37,24;11,23,37,25,13,12;13,24,37,38,26;13,25,38,39,27,14;14,26,39,28,15;15,27,39,40,29,16;16,28,40,41,30,17;17,29,41,31,18;18,30,41,42,43,32;18,31,43,33,20,19;20,32,43,44,45,34;20,33,45,35,22,21;22,34,45,36,23;23,35,45,46,47,37;23,36,47,38,25,24;25,37,47,48,39,26;26,38,48,40,28,27;28,39,48,49,41,29;29,40,49,42,31,30;31,41,49,50,44,43;31,42,44,33,32;33,43,42,50,46,45;33,44,46,36,35,34;36,45,44,50,47;36,46,50,48,38,37;38,47,50,49,40,39;40,48,50,42,41;42,49,48,47,46,44
ipr#463 52 1,2,3,4,5;0,5,6,7,8,2;0,1,8,9,10,3;0,2,10,11,12,4;0,3,12,13,14,5;0,4,14,15,6,1;1,5,15,16,17,7;1,6,17,18,19,8;1,7,19,9,2;2,8,19,20,21,10;2,9,21,22,11,3;3,10,22,23,24,12;3,11,24,13,4;4,12,24,25,26,14;4,13,26,27,15,5;5,14,27,28,16,6;6,15,28,29,17;6,16,29,30,18,7;7,17,30,31,19;7,18,31,20,9,8;9,19,31,32,33,21;9,20,33,22,10;10,21,33,34,23,11;11,22,34,35,36,24;11,23,36,25,13,12;13,24,36,37,38,26;13,25,38,39,27,14;14,26,39,28,15;15,27,39,40,29,16;16,28,40,41,30,17;17,29,41,42,31,18;18,30,42,32,20,19;20,31,42,43,44,33;20,32,44,34,22,21;22,33,44,35,23;23,34,44,45,46,36;23,35,46,37,25,24;25,36,46,47,48,38;25,37,48,39,26;26,38,48,40,28,27;28,39,48,49,41,29;29,40,49,50,42,30;30,41,50,43,32,31;32,42,50,51,45,44;32,43,45,35,34,33;35,44,43,51,46;35,45,51,47,37,36;37,46,51,49,48;37,47,49,40,39,38;40,48,47,51,50,41;41,49,51,43,42;43,50,49,47,46,45
ipr#465 46 1,2,3,4,5;0,5,6,7,8,2;0,1,8,9,10,3;0,2,10,11,12,4;0,3,12,13,14,5;0,4,14,15,6,1;1,5,15,16,17,7;1,6,17,18,19,8;1,7,19,9,2;2,8,19,20,21,10;2,9,21,11,3;3,10,21,22,23,12;3,11,23,24,13,4;4,12,24,25,14;4,13,25,26,15,5;5,14,26,27,16,6;6,15,27,28,29,17;6,16,29,18,7;7,17,29,30,31,19;7,18,31,20,9,8;9,19,31,32,33,21;9,20,33,22,11,10;11,21,33,34,23;11,22,34,35,24,12;12,23,35,36,25,13;13,24,36,37,26,14;14,25,37,27,15;15,26,37,38,28,16;16,27,38,39,40,29;16,28,40,30,18,17;18,29,40,41,32,31;18,30,32,20,19;20,31,30,41,42,33;20,32,42,34,22,21;22,33,42,43,35,23;23,34,43,36,24;24,35,43,44,37,25;25,36,44,38,27,26;27,37,44,39,28;28,38,44,45,41,40;28,39,41,30,29;30,40,39,45,42,32;32,41,45,43,34,33;34,42,45,44,36,35;36,43,45,39,38,37;39,44,43,42,41
ipr#467 52 1,2,3,4,5;0,5,6,7,8,2;0,1,8,9,10,3;0,2,10,11,12,4;0,3,12,13,14,5;0,4,14,15,6,1;1,5,15,16,17,7;1,6,17,18,19,8;1,7,19,9,2;2,8,19,20,21,10;2,9,21,11,3;3,10,21,22,23,12;3,11,23,24,13,4;4,12,24,25,26,14;4,13,26,15,5;5,14,26,27,16,6;6,15,27,28,17;6,16,28,29,18,7;7,17,29,30,31,19;7,18,31,20,9,8;9,19,31,32,33,21;9,20,33,22,11,10;11,21,33,34,23;11,22,34,35,24,12;12,23,35,36,25,13;13,24,36,37,38,26;13,25,38,27,15,14;15,26,38,39,28,16;16,27,39,40,29,17;17,28,40,41,30,18;18,29,41,42,43,31;18,30,43,32,20,19;20,31,43,44,33;20,32,44,34,22,21;22,33,44,45,35,23;23,34,45,46,36,24;24,35,46,47,37,25;25,36,47,48,39,38;25,37,39,27,26;27,38,37,48,40,28;28,39,48,49,41,29;29,40,49,42,30;30,41,49,50,51,43;30,42,51,44,32,31;32,43,51,45,34,33;34,44,51,46,35;35,45,51,50,47,36;36,46,50,49,48,37;37,47,49,40,39;40,48,47,50,42,41;42,49,47,46,51;42,50,46,45,44,43
ipr#469 52 1,2,3,4,5;0,5,6,7,8,2;0,1,8,9,10,3;0,2,10,11,12,4;0,3,12,13,14,5;0,4,14,15,6,1;1,5,15,16,17,7;1,6,17,18,8;1,7,18,19,9,2;2,8,19,20,10;2,9,20,21,11,3;3,10,21,22,23,12;3,11,23,24,13,4;4,12,24,25,14;4,13,25,26,15,5;5,14,26,16,6;6,15,26,27,28,17;6,16,28,29,18,7;7,17,29,30,19,8;8,18,30,31,20,9;9,19,31,32,21,10;10,20,32,33,22,11;11,21,33,34,23;11,22,34,35,24,12;12,23,35,36,25,13;13,24,36,37,26,14;14,25,37,27,16,15;16,26,37,38,39,28;16,27,39,40,29,17;17,28,40,41,30,18;18,29,41,31,19;19,30,41,42,32,20;20,31,42,43,33,21;21,32,43,44,34,22;22,33,44,45,35,23;23,34,45,36,24;24,35,45,46,37,25;25,36,46,38,27,26;27,37,46,47,39;27,38,47,48,40,28;28,39,48,49,41,29;29,40,49,42,31,30;31,41,49,43,32;32,42,49,50,44,33;33,43,50,51,45,34;34,44,51,46,36,35;36,45,51,47,38,37;38,46,51,50,48,39;39,47,50,49,40;40,48,50,43,42,41;43,49,48,47,51,44;44,50,47,46,45
ipr#471 52 1,2,3,4,5;0,5,6,7,8,2;0,1,8,9,10,3;0,2,10,11,12,4;0,3,12,13,14,5;0,4,14,15,6,1;1,5,15,16,17,7;1,6,17,18,8;1,7,18,19,9,2;2,8,19,20,21,10;2,9,21,11,3;3,10,21,22,23,12;3,11,23,24,13,4;4,12,24,25,14;4,13,25,26,15,5;5,14,26,16,6;6,15,26,27,28,17;6,16,28,29,18,7;7,17,29,30,19,8;8,18,30,31,20,9;9,19,31,32,33,21;9,20,33,22,11,10;11,21,33,34,35,23;11,22,35,36,24,12;12,23,36,37,25,13;13,24,37,38,26,14;14,25,38,27,16,15;16,26,38,39,40,28;16,27,40,41,29,17;17,28,41,30,18;18,29,41,42,31,19;19,30,42,32,20;20,31,42,43,44,33;20,32,44,34,22,21;22,33,44,45,35;22,34,45,46,36,23;23,35,46,37,24;24,36,46,47,38,25;25,37,47,39,27,26;27,38,47,48,40;27,39,48,49,41,28;28,40,49,42,30,29;30,41,49,43,32,31;32,42,49,50,44;32,43,50,45,34,33;34,44,50,51,46,35;35,45,51,47,37,36;37,46,51,48,39,38;39,47,51,50,49,40;40,48,50,43,42,41;43,49,48,51,45,44;45,50,48,47,46
ipr#473 49 1,2,3,4,5;0,5,6,7,8,2;0,1,8,9,10,3;0,2,10,11,12,4;0,3,12,13,14,5;0,4,14,15,6,1;1,5,15,16,17,7;1,6,17,18,19,8;1,7,19,20,9,2;2,8,20,21,22,10;2,9,22,11,3;3,10,22,23,24,12;3,11,24,25,13,4;4,12,25,26,14;4,13,26,27,15,5;5,14,27,28,16,6;6,15,28,29,30,17;6,16,30,18,7;7,17,30,31,32,19;7,18,32,20,8;8,19,32,33,21,9;9,20,33,34,35,22;9,21,35,23,11,10;11,22,35,36,24;11,23,36,37,25,12;12,24,37,38,26,13;13,25,38,39,27,14;14,26,39,28,15;15,27,39,40,29,16;16,28,40,41,42,30;16,29,42,31,18,17;18,30,42,43,32;18,31,43,33,20,19;20,32,43,34,21;21,33,43,44,45,35;21,34,45,36,23,22;23,35,45,46,37,24;24,36,46,38,25;25,37,46,47,39,26;26,38,47,40,28,27;28,39,47,41,29;29,40,47,48,44,42;29,41,44,43,31,30;31,42,44,34,33,32;34,43,42,41,48,45;34,44,48,46,36,35;36,45,48,47,38,37;38,46,48,41,40,39;41,47,46,45,44
ipr#475 50 1,2,3,4,5,6;0,6,7,8,9,2;0,1,9,10,11,3;0,2,11,12,13,4;0,3,13,14,15,5;0,4,15,16,17,6;0,5,17,7,1;1,6,17,18,19,8;1,7,19,20,21,9;1,8,21,10,2;2,9,21,22,23,11;2,10,23,12,3;3,11,23,24,25,13;3,12,25,26,14,4;4,13,26,27,15;4,14,27,28,16,5;5,15,28,29,30,17;5,16,30,18,7,6;7,17,30,31,19;7,18,31,32,20,8;8,19,32,33,34,21;8,20,34,22,10,9;10,21,34,35,36,23;10,22,36,24,12,11;12,23,36,37,25;12,24,37,38,26,13;13,25,38,39,27,14;14,26,39,40,28,15;15,27,40,29,16;16,28,40,41,42,30;16,29,42,31,18,17;18,30,42,43,32,19;19,31,43,33,20;20,32,43,44,35,34;20,33,35,22,21;22,34,33,44,45,36;22,35,45,37,24,23;24,36,45,46,38,25;25,37,46,39,26;26,38,46,47,40,27;27,39,47,41,29,28;29,40,47,48,42;29,41,48,43,31,30;31,42,48,44,33,32;33,43,48,49,45,35;35,44,49,46,37,36;37,45,49,47,39,38;39,46,49,48,41,40;41,47,49,44,43,42;44,48,47,46,45
ipr#477 49 1,2,3,4,5;0,5,6,7,8,2;0,1,8,9,10,3;0,2,10,11,12,4;0,3,12,13,14,5;0,4,14,15,6,1;1,5,15,16,7;1,6,16,17,18,8;1,7,18,19,9,2;2,8,19,20,21,10;2,9,21,11,3;3,10,21,22,23,12;3,11,23,24,13,4;4,12,24,25,14;4,13,25,26,15,5;5,14,26,27,16,6;6,15,27,28,17,7;7,16,28,29,30,18;7,17,30,31,19,8;8,18,31,20,9;9,19,31,32,33,21;9,20,33,22,11,10;11,21,33,34,35,23;11,22,35,36,24,12;12,23,36,37,25,13;13,24,37,38,26,14;14,25,38,27,15;15,26,38,39,28,16;16,27,39,29,17;17,28,39,40,41,30;17,29,41,42,31,18;18,30,42,32,20,19;20,31,42,43,34,33;20,32,34,22,21;22,33,32,43,44,35;22,34,44,45,36,23;23,35,45,37,24;24,36,45,46,38,25;25,37,46,39,27,26;27,38,46,40,29,28;29,39,46,47,48,41;29,40,48,42,30;30,41,48,43,32,31;32,42,48,44,34;34,43,48,47,45,35;35,44,47,46,37,36;37,45,47,40,39,38;40,46,45,44,48;40,47,44,43,42,41
ipr#479 52 1,2,3,4,5,6;0,6,7,8,9,2;0,1,9,10,3;0,2,10,11,12,4;0,3,12,13,14,5;0,4,14,15,16,6;0,5,16,17,7,1;1,6,17,18,8;1,7,18,19,20,9;1,8,20,21,10,2;2,9,21,22,11,3;3,10,22,23,24,12;3,11,24,25,13,4;4,12,25,26,27,14;4,13,27,28,15,5;5,14,28,29,16;5,15,29,30,17,6;6,16,30,31,18,7;7,17,31,32,19,8;8,18,32,33,34,20;8,19,34,21,9;9,20,34,35,22,10;10,21,35,23,11;11,22,35,36,37,24;11,23,37,25,12;12,24,37,38,26,13;13,25,38,39,27;13,26,39,40,28,14;14,27,40,41,29,15;15,28,41,42,30,16;16,29,42,31,17;17,30,42,43,32,18;18,31,43,33,19;19,32,43,44,45,34;19,33,45,35,21,20;21,34,45,36,23,22;23,35,45,46,47,37;23,36,47,38,25,24;25,37,47,48,39,26;26,38,48,49,40,27;27,39,49,41,28;28,40,49,50,42,29;29,41,50,43,31,30;31,42,50,44,33,32;33,43,50,51,46,45;33,44,46,36,35,34;36,45,44,51,48,47;36,46,48,38,37;38,47,46,51,49,39;39,48,51,50,41,40;41,49,51,44,43,42;44,50,49,48,46
ipr#481 52 1,2,3,4,5;0,5,6,7,8,2;0,1,8,9,10,3;0,2,10,11,12,4;0,3,12,13,14,5;0,4,14,15,6,1;1,5,15,16,7;1,6,16,17,18,8;1,7,18,19,9,2;2,8,19,20,21,10;2,9,21,22,11,3;3,10,22,23,24,12;3,11,24,13,4;4,12,24,25,26,14;4,13,26,27,15,5;5,14,27,28,16,6;6,15,28,29,17,7;7,16,29,30,31,18;7,17,31,19,8;8,18,31,32,20,9;9,19,32,33,34,21;9,20,34,35,22,10;10,21,35,23,11;11,22,35,36,37,24;11,23,37,25,13,12;13,24,37,38,39,26;13,25,39,40,27,14;14,26,40,28,15;15,27,40,41,29,16;16,28,41,30,17;17,29,41,42,43,31;17,30,43,32,19,18;19,31,43,33,20;20,32,43,44,45,34;20,33,45,46,35,21;21,34,46,36,23,22;23,35,46,47,37;23,36,47,38,25,24;25,37,47,48,39;25,38,48,49,40,26;26,39,49,41,28,27;28,40,49,42,30,29;30,41,49,50,44,43;30,42,44,33,32,31;33,43,42,50,51,45;33,44,51,46,34;34,45,51,47,36,35;36,46,51,48,38,37;38,47,51,50,49,39;39,48,50,42,41,40;42,49,48,51,44;44,50,48,47,46,45
ipr#483 52 1,2,3,4,5;0,5,6,7,8,2;0,1,8,9,10,3;0,2,10,11,12,4;0,3,12,13,14,5;0,4,14,15,6,1;1,5,15,16,7;1,6,16,17,18,8;1,7,18,19,9,2;2,8,19,20,21,10;2,9,21,11,3;3,10,21,22,23,12;3,11,23,24,13,4;4,12,24,25,14;4,13,25,26,15,5;5,14,26,27,16,6;6,15,27,28,17,7;7,16,28,29,30,18;7,17,30,31,19,8;8,18,31,20,9;9,19,31,32,33,21;9,20,33,22,11,10;11,21,33,34,35,23;11,22,35,36,24,12;12,23,36,37,25,13;13,24,37,38,26,14;14,25,38,27,15;15,26,38,39,28,16;16,27,39,40,29,17;17,28,40,41,42,30;17,29,42,43,31,18;18,30,43,32,20,19;20,31,43,44,34,33;20,32,34,22,21;22,33,32,44,45,35;22,34,45,46,36,23;23,35,46,47,37,24;24,36,47,48,38,25;25,37,48,39,27,26;27,38,48,40,28;28,39,48,49,41,29;29,40,49,50,51,42;29,41,51,43,30;30,42,51,44,32,31;32,43,51,45,34;34,44,51,50,46,35;35,45,50,49,47,36;36,46,49,48,37;37,47,49,40,39,38;40,48,47,46,50,41;41,49,46,45,51;41,50,45,44,43,42
ipr#485 46 1,2,3,4,5,6;0,6,7,8,9,2;0,1,9,10,11,3;0,2,11,12,13,4;0,3,13,14,5;0,4,14,15,16,6;0,5,16,17,7,1;1,6,17,18,8;1,7,18,19,20,9;1,8,20,10,2;2,9,20,21,22,11;2,10,22,12,3;3,11,22,23,24,13;3,12,24,25,14,4;4,13,25,26,15,5;5,14,26,27,16;5,15,27,28,17,6;6,16,28,29,18,7;7,17,29,30,19,8;8,18,30,31,32,20;8,19,32,21,10,9;10,20,32,33,34,22;10,21,34,23,12,11;12,22,34,35,24;12,23,35,36,25,13;13,24,36,26,14;14,25,36,37,27,15;15,26,37,38,28,16;16,27,38,29,17;17,28,38,39,30,18;18,29,39,40,31,19;19,30,40,41,32;19,31,41,33,21,20;21,32,41,42,34;21,33,42,35,23,22;23,34,42,43,36,24;24,35,43,37,26,25;26,36,43,44,38,27;27,37,44,39,29,28;29,38,44,40,30;30,39,44,45,41,31;31,40,45,42,33,32;33,41,45,43,35,34;35,42,45,44,37,36;37,43,45,40,39,38;40,44,43,42,41
ipr#487 49 1,2,3,4,5,6;0,6,7,8,9,2;0,1,9,10,11,3;0,2,11,12,13,4;0,3,13,14,5;0,4,14,15,16,6;0,5,16,17,7,1;1,6,17,18,8;1,7,18,19,20,9;1,8,20,10,2;2,9,20,21,22,11;2,10,22,12,3;3,11,22,23,24,13;3,12,24,25,14,4;4,13,25,26,15,5;5,14,26,27,16;5,15,27,28,17,6;6,16,28,29,18,7;7,17,29,30,19,8;8,18,30,31,32,20;8,19,32,21,10,9;10,20,32,33,34,22;10,21,34,23,12,11;12,22,34,35,24;12,23,35,36,25,13;13,24,36,37,26,14;14,25,37,38,27,15;15,26,38,39,28,16;16,27,39,29,17;17,28,39,40,30,18;18,29,40,41,31,19;19,30,41,42,32;19,31,42,33,21,20;21,32,42,43,44,34;21,33,44,35,23,22;23,34,44,45,36,24;24,35,45,37,25;25,36,45,46,38,26;26,37,46,47,39,27;27,38,47,40,29,28;29,39,47,41,30;30,40,47,48,42,31;31,41,48,43,33,32;33,42,48,46,45,44;33,43,45,35,34;35,44,43,46,37,36;37,45,43,48,47,38;38,46,48,41,40,39;41,47,46,43,42
ipr#489 49 1,2,3,4,5,6;0,6,7,8,9,2;0,1,9,10,11,3;0,2,11,12,13,4;0,3,13,14,5;0,4,14,15,16,6;0,5,16,17,7,1;1,6,17,18,8;1,7,18,19,20,9;1,8,20,10,2;2,9,20,21,22,11;2,10,22,12,3;3,11,22,23,24,13;3,12,24,25,14,4;4,13,25,26,15,5;5,14,26,27,16;5,15,27,28,17,6;6,16,28,29,18,7;7,17,29,30,19,8;8,18,30,31,32,20;8,19,32,21,10,9;10,20,32,33,34,22;10,21,34,23,12,11;12,22,34,35,24;12,23,35,36,25,13;13,24,36,37,26,14;14,25,37,38,27,15;15,26,38,39,28,16;16,27,39,29,17;17,28,39,40,30,18;18,29,40,41,31,19;19,30,41,42,32;19,31,42,33,21,20;21,32,42,43,34;21,33,43,35,23,22;23,34,43,44,36,24;24,35,44,45,37,25;25,36,45,38,26;26,37,45,46,39,27;27,38,46,40,29,28;29,39,46,47,41,30;30,40,47,48,42,31;31,41,48,43,33,32;33,42,48,44,35,34;35,43,48,47,45,36;36,44,47,46,38,37;38,45,47,40,39;40,46,45,44,48,41;41,47,44,43,42
ipr#491 52 1,2,3,4,5,6;0,6,7,8,9,2;0,1,9,10,11,3;0,2,11,12,13,4;0,3,13,14,5;0,4,14,15,16,6;0,5,16,17,7,1;1,6,17,18,8;1,7,18,19,20,9;1,8,20,10,2;2,9,20,21,22,11;2,10,22,12,3;3,11,22,23,24,13;3,12,24,25,14,4;4,13,25,26,15,5;5,14,26,27,28,16;5,15,28,29,17,6;6,16,29,30,18,7;7,17,30,31,19,8;8,18,31,32,33,20;8,19,33,21,10,9;10,20,33,34,35,22;10,21,35,23,12,11;12,22,35,36,37,24;12,23,37,25,13;13,24,37,38,26,14;14,25,38,27,15;15,26,38,39,40,28;15,27,40,41,29,16;16,28,41,30,17;17,29,41,42,31,18;18,30,42,43,32,19;19,31,43,44,33;19,32,44,34,21,20;21,33,44,45,35;21,34,45,36,23,22;23,35,45,46,47,37;23,36,47,38,25,24;25,37,47,39,27,26;27,38,47,48,40;27,39,48,49,41,28;28,40,49,42,30,29;30,41,49,50,43,31;31,42,50,51,44,32;32,43,51,45,34,33;34,44,51,46,36,35;36,45,51,50,48,47;36,46,48,39,38,37;39,47,46,50,49,40;40,48,50,42,41;42,49,48,46,51,43;43,50,46,45,44
ipr#493 52 1,2,3,4,5,6;0,6,7,8,9,2;0,1,9,10,11,3;0,2,11,12,13,4;0,3,13,14,5;0,4,14,15,16,6;0,5,16,17,7,1;1,6,17,18,8;1,7,18,19,20,9;1,8,20,10,2;2,9,20,21,22,11;2,10,22,12,3;3,11,22,23,24,13;3,12,24,25,14,4;4,13,25,26,15,5;5,14,26,27,16;5,15,27,28,17,6;6,16,28,29,18,7;7,17,29,30,19,8;8,18,30,31,32,20;8,19,32,21,10,9;10,20,32,33,34,22;10,21,34,23,12,11;12,22,34,35,24;12,23,35,36,25,13;13,24,36,37,26,14;14,25,37,38,27,15;15,26,38,39,28,16;16,27,39,29,17;17,28,39,40,30,18;18,29,40,41,31,19;19,30,41,42,32;19,31,42,33,21,20;21,32,42,43,44,34;21,33,44,35,23,22;23,34,44,45,36,24;24,35,45,46,37,25;25,36,46,47,38,26;26,37,47,48,39,27;27,38,48,40,29,28;29,39,48,49,41,30;30,40,49,50,42,31;31,41,50,43,33,32;33,42,50,51,45,44;33,43,45,35,34;35,44,43,51,46,36;36,45,51,47,37;37,46,51,49,48,38;38,47,49,40,39;40,48,47,51,50,41;41,49,51,43,42;43,50,49,47,46,45
ipr#495 51 1,2,3,4,5,6;0,6,7,8,9,2;0,1,9,10,11,3;0,2,11,12,13,4;0,3,13,14,15,5;0,4,15,16,6;0,5,16,17,7,1;1,6,17,18,8;1,7,18,19,20,9;1,8,20,10,2;2,9,20,21,22,11;2,10,22,12,3;3,11,22,23,24,13;3,12,24,25,14,4;4,13,25,26,27,15;4,14,27,28,16,5;5,15,28,29,17,6;6,16,29,30,18,7;7,17,30,31,19,8;8,18,31,32,33,20;8,19,33,21,10,9;10,20,33,34,35,22;10,21,35,23,12,11;12,22,35,36,24;12,23,36,37,25,13;13,24,37,26,14;14,25,37,38,39,27;14,26,39,28,15;15,27,39,40,29,16;16,28,40,41,30,17;17,29,41,42,31,18;18,30,42,32,19;19,31,42,43,44,33;19,32,44,34,21,20;21,33,44,45,35;21,34,45,36,23,22;23,35,45,46,37,24;24,36,46,38,26,25;26,37,46,47,48,39;26,38,48,40,28,27;28,39,48,41,29;29,40,48,49,42,30;30,41,49,43,32,31;32,42,49,47,50,44;32,43,50,45,34,33;34,44,50,46,36,35;36,45,50,47,38,37;38,46,50,43,49,48;38,47,49,41,40,39;41,48,47,43,42;43,47,46,45,44
ipr#497 51 1,2,3,4,5;0,5,6,7,8,2;0,1,8,9,10,3;0,2,10,11,12,4;0,3,12,13,14,5;0,4,14,15,6,1;1,5,15,16,7;1,6,16,17,18,8;1,7,18,9,2;2,8,18,19,20,10;2,9,20,21,11,3;3,10,21,22,23,12;3,11,23,24,13,4;4,12,24,25,14;4,13,25,26,15,5;5,14,26,27,16,6;6,15,27,28,17,7;7,16,28,29,30,18;7,17,30,19,9,8;9,18,30,31,32,20;9,19,32,33,21,10;10,20,33,34,22,11;11,21,34,35,36,23;11,22,36,24,12;12,23,36,37,25,13;13,24,37,38,26,14;14,25,38,27,15;15,26,38,39,28,16;16,27,39,40,29,17;17,28,40,41,30;17,29,41,31,19,18;19,30,41,42,32;19,31,42,43,33,20;20,32,43,34,21;21,33,43,44,35,22;22,34,44,45,46,36;22,35,46,37,24,23;24,36,46,47,38,25;25,37,47,39,27,26;27,38,47,48,40,28;28,39,48,49,41,29;29,40,49,42,31,30;31,41,49,50,43,32;32,42,50,44,34,33;34,43,50,45,35;35,44,50,48,47,46;35,45,47,37,36;37,46,45,48,39,38;39,47,45,50,49,40;40,48,50,42,41;42,49,48,45,44,43
ipr#499 46 1,2,3,4,5;0,5,6,7,8,2;0,1,8,9,10,3;0,2,10,11,12,4;0,3,12,13,14,5;0,4,14,15,6,1;1,5,15,16,7;1,6,16,17,18,8;1,7,18,19,9,2;2,8,19,20,21,10;2,9,21,22,11,3;3,10,22,23,12;3,11,23,24,13,4;4,12,24,25,14;4,13,25,26,15,5;5,14,26,27,16,6;6,15,27,28,17,7;7,16,28,29,30,18;7,17,30,19,8;8,18,30,31,20,9;9,19,31,32,21;9,20,32,33,22,10;10,21,33,34,23,11;11,22,34,35,24,12;12,23,35,36,25,13;13,24,36,37,26,14;14,25,37,27,15;15,26,37,38,28,16;16,27,38,29,17;17,28,38,39,40,30;17,29,40,31,19,18;19,30,40,41,32,20;20,31,41,42,33,21;21,32,42,34,22;22,33,42,43,35,23;23,34,43,36,24;24,35,43,44,37,25;25,36,44,38,27,26;27,37,44,39,29,28;29,38,44,45,40;29,39,45,41,31,30;31,40,45,42,32;32,41,45,43,34,33;34,42,45,44,36,35;36,43,45,39,38,37;39,44,43,42,41,40
ipr#501 49 1,2,3,4,5;0,5,6,7,8,2;0,1,8,9,10,3;0,2,10,11,12,4;0,3,12,13,14,5;0,4,14,15,6,1;1,5,15,16,7;1,6,16,17,18,8;1,7,18,19,9,2;2,8,19,20,21,10;2,9,21,22,11,3;3,10,22,23,12;3,11,23,24,13,4;4,12,24,25,26,14;4,13,26,27,15,5;5,14,27,28,16,6;6,15,28,29,17,7;7,16,29,30,31,18;7,17,31,19,8;8,18,31,32,20,9;9,19,32,33,21;9,20,33,34,22,10;10,21,34,35,23,11;11,22,35,36,24,12;12,23,36,37,25,13;13,24,37,38,26;13,25,38,39,27,14;14,26,39,28,15;15,27,39,40,29,16;16,28,40,30,17;17,29,40,41,42,31;17,30,42,32,19,18;19,31,42,43,33,20;20,32,43,44,34,21;21,33,44,35,22;22,34,44,45,36,23;23,35,45,37,24;24,36,45,46,38,25;25,37,46,47,39,26;26,38,47,40,28,27;28,39,47,41,30,29;30,40,47,46,48,42;30,41,48,43,32,31;32,42,48,44,33;33,43,48,45,35,34;35,44,48,46,37,36;37,45,48,41,47,38;38,46,41,40,39;41,46,45,44,43,42
ipr#503 52 1,2,3,4,5;0,5,6,7,8,2;0,1,8,9,10,3;0,2,10,11,12,4;0,3,12,13,14,5;0,4,14,15,6,1;1,5,15,16,7;1,6,16,17,18,8;1,7,18,19,9,2;2,8,19,20,21,10;2,9,21,22,11,3;3,10,22,23,24,12;3,11,24,13,4;4,12,24,25,26,14;4,13,26,27,15,5;5,14,27,28,16,6;6,15,28,29,17,7;7,16,29,30,31,18;7,17,31,19,8;8,18,31,32,20,9;9,19,32,33,21;9,20,33,34,22,10;10,21,34,35,23,11;11,22,35,36,37,24;11,23,37,25,13,12;13,24,37,38,39,26;13,25,39,27,14;14,26,39,40,28,15;15,27,40,41,29,16;16,28,41,30,17;17,29,41,42,43,31;17,30,43,32,19,18;19,31,43,44,33,20;20,32,44,45,34,21;21,33,45,35,22;22,34,45,46,36,23;23,35,46,47,37;23,36,47,38,25,24;25,37,47,48,39;25,38,48,40,27,26;27,39,48,49,41,28;28,40,49,42,30,29;30,41,49,50,51,43;30,42,51,44,32,31;32,43,51,45,33;33,44,51,46,35,34;35,45,51,50,47,36;36,46,50,48,38,37;38,47,50,49,40,39;40,48,50,42,41;42,49,48,47,46,51;42,50,46,45,44,43
ipr#505 52 1,2,3,4,5;0,5,6,7,8,2;0,1,8,9,10,3;0,2,10,11,12,4;0,3,12,13,14,5;0,4,14,15,6,1;1,5,15,16,7;1,6,16,17,18,8;1,7,18,19,9,2;2,8,19,20,21,10;2,9,21,22,11,3;3,10,22,23,12;3,11,23,24,13,4;4,12,24,25,26,14;4,13,26,27,15,5;5,14,27,28,16,6;6,15,28,29,17,7;7,16,29,30,31,18;7,17,31,19,8;8,18,31,32,20,9;9,19,32,33,21;9,20,33,34,22,10;10,21,34,35,23,11;11,22,35,36,24,12;12,23,36,37,25,13;13,24,37,38,26;13,25,38,39,27,14;14,26,39,28,15;15,27,39,40,29,16;16,28,40,30,17;17,29,40,41,42,31;17,30,42,32,19,18;19,31,42,43,33,20;20,32,43,44,34,21;21,33,44,45,35,22;22,34,45,46,36,23;23,35,46,37,24;24,36,46,47,38,25;25,37,47,48,39,26;26,38,48,40,28,27;28,39,48,41,30,29;30,40,48,49,50,42;30,41,50,43,32,31;32,42,50,44,33;33,43,50,51,45,34;34,44,51,46,35;35,45,51,47,37,36;37,46,51,49,48,38;38,47,49,41,40,39;41,48,47,51,50;41,49,51,44,43,42;44,50,49,47,46,45
ipr#507 49 1,2,3,4,5;0,5,6,7,8,2;0,1,8,9,10,3;0,2,10,11,12,4;0,3,12,13,14,5;0,4,14,15,6,1;1,5,15,16,7;1,6,16,17,18,8;1,7,18,19,9,2;2,8,19,20,21,10;2,9,21,22,11,3;3,10,22,23,12;3,11,23,24,13,4;4,12,24,25,26,14;4,13,26,27,15,5;5,14,27,28,16,6;6,15,28,29,17,7;7,16,29,30,31,18;7,17,31,19,8;8,18,31,32,20,9;9,19,32,33,21;9,20,33,34,22,10;10,21,34,35,23,11;11,22,35,36,24,12;12,23,36,25,13;13,24,36,37,38,26;13,25,38,39,27,14;14,26,39,28,15;15,27,39,40,29,16;16,28,40,30,17;17,29,40,41,42,31;17,30,42,32,19,18;19,31,42,43,33,20;20,32,43,44,34,21;21,33,44,45,35,22;22,34,45,36,23;23,35,45,37,25,24;25,36,45,46,38;25,37,46,47,39,26;26,38,47,40,28,27;28,39,47,41,30,29;30,40,47,48,42;30,41,48,43,32,31;32,42,48,44,33;33,43,48,46,45,34;34,44,46,37,36,35;37,45,44,48,47,38;38,46,48,41,40,39;41,47,46,44,43,42
ipr#509 52 1,2,3,4,5;0,5,6,7,8,2;0,1,8,9,10,3;0,2,10,11,12,4;0,3,12,13,14,5;0,4,14,15,6,1;1,5,15,16,7;1,6,16,17,18,8;1,7,18,19,9,2;2,8,19,20,21,10;2,9,21,22,11,3;3,10,22,23,24,12;3,11,24,13,4;4,12,24,25,26,14;4,13,26,27,15,5;5,14,27,28,16,6;6,15,28,29,17,7;7,16,29,30,31,18;7,17,31,19,8;8,18,31,32,20,9;9,19,32,33,21;9,20,33,34,22,10;10,21,34,35,23,11;11,22,35,36,37,24;11,23,37,25,13,12;13,24,37,38,39,26;13,25,39,27,14;14,26,39,40,28,15;15,27,40,41,29,16;16,28,41,30,17;17,29,41,42,43,31;17,30,43,32,19,18;19,31,43,44,33,20;20,32,44,45,34,21;21,33,45,46,35,22;22,34,46,36,23;23,35,46,47,38,37;23,36,38,25,24;25,37,36,47,48,39;25,38,48,40,27,26;27,39,48,49,41,28;28,40,49,42,30,29;30,41,49,50,43;30,42,50,44,32,31;32,43,50,45,33;33,44,50,51,46,34;34,45,51,47,36,35;36,46,51,48,38;38,47,51,49,40,39;40,48,51,50,42,41;42,49,51,45,44,43;45,50,49,48,47,46
ipr#511 52 1,2,3,4,5;0,5,6,7,8,2;0,1,8,9,10,3;0,2,10,11,12,4;0,3,12,13,14,5;0,4,14,15,6,1;1,5,15,16,7;1,6,16,17,18,8;1,7,18,19,9,2;2,8,19,20,21,10;2,9,21,22,11,3;3,10,22,23,12;3,11,23,24,13,4;4,12,24,25,26,14;4,13,26,27,15,5;5,14,27,28,16,6;6,15,28,29,17,7;7,16,29,30,31,18;7,17,31,19,8;8,18,31,32,20,9;9,19,32,33,34,21;9,20,34,35,22,10;10,21,35,36,23,11;11,22,36,37,24,12;12,23,37,25,13;13,24,37,38,39,26;13,25,39,40,27,14;14,26,40,28,15;15,27,40,41,29,16;16,28,41,42,30,17;17,29,42,43,31;17,30,43,32,19,18;19,31,43,33,20;20,32,43,44,45,34;20,33,45,46,35,21;21,34,46,47,36,22;22,35,47,37,23;23,36,47,38,25,24;25,37,47,48,39;25,38,48,49,40,26;26,39,49,41,28,27;28,40,49,50,42,29;29,41,50,44,43,30;30,42,44,33,32,31;33,43,42,50,51,45;33,44,51,46,34;34,45,51,48,47,35;35,46,48,38,37,36;38,47,46,51,49,39;39,48,51,50,41,40;41,49,51,44,42;44,50,49,48,46,45
ipr#513 50 1,2,3,4,5;0,5,6,7,8,2;0,1,8,9,10,3;0,2,10,11,12,4;0,3,12,13,14,5;0,4,14,15,6,1;1,5,15,16,17,7;1,6,17,18,8;1,7,18,19,9,2;2,8,19,20,21,10;2,9,21,22,11,3;3,10,22,23,12;3,11,23,24,13,4;4,12,24,25,14;4,13,25,26,15,5;5,14,26,27,16,6;6,15,27,28,29,17;6,16,29,30,18,7;7,17,30,31,19,8;8,18,31,32,20,9;9,19,32,33,34,21;9,20,34,22,10;10,21,34,35,23,11;11,22,35,36,24,12;12,23,36,37,25,13;13,24,37,38,26,14;14,25,38,27,15;15,26,38,39,28,16;16,27,39,40,29;16,28,40,41,30,17;17,29,41,31,18;18,30,41,42,32,19;19,31,42,33,20;20,32,42,43,44,34;20,33,44,35,22,21;22,34,44,45,36,23;23,35,45,37,24;24,36,45,46,38,25;25,37,46,39,27,26;27,38,46,47,40,28;28,39,47,48,41,29;29,40,48,42,31,30;31,41,48,43,33,32;33,42,48,49,44;33,43,49,45,35,34;35,44,49,46,37,36;37,45,49,47,39,38;39,46,49,48,40;40,47,49,43,42,41;43,48,47,46,45,44
ipr#515 50 1,2,3,4,5;0,5,6,7,8,2;0,1,8,9,10,3;0,2,10,11,12,4;0,3,12,13,14,5;0,4,14,15,6,1;1,5,15,16,17,7;1,6,17,18,19,8;1,7,19,20,9,2;2,8,20,21,22,10;2,9,22,23,11,3;3,10,23,24,12;3,11,24,25,13,4;4,12,25,26,27,14;4,13,27,28,15,5;5,14,28,16,6;6,15,28,29,30,17;6,16,30,31,18,7;7,17,31,32,33,19;7,18,33,20,8;8,19,33,34,21,9;9,20,34,35,22;9,21,35,36,23,10;10,22,36,37,24,11;11,23,37,38,25,12;12,24,38,26,13;13,25,38,39,40,27;13,26,40,28,14;14,27,40,29,16,15;16,28,40,41,30;16,29,41,42,31,17;17,30,42,32,18;18,31,42,43,44,33;18,32,44,34,20,19;20,33,44,45,35,21;21,34,45,46,36,22;22,35,46,37,23;23,36,46,47,38,24;24,37,47,39,26,25;26,38,47,48,41,40;26,39,41,29,28,27;29,40,39,48,42,30;30,41,48,43,32,31;32,42,48,49,44;32,43,49,45,34,33;34,44,49,46,35;35,45,49,47,37,36;37,46,49,48,39,38;39,47,49,43,42,41;43,48,47,46,45,44
ipr#517 46 1,2,3,4,5;0,5,6,7,8,2;0,1,8,9,10,3;0,2,10,11,12,4;0,3,12,13,14,5;0,4,14,15,6,1;1,5,15,16,17,7;1,6,17,18,8;1,7,18,19,9,2;2,8,19,20,21,10;2,9,21,11,3;3,10,21,22,23,12;3,11,23,24,13,4;4,12,24,25,14;4,13,25,26,15,5;5,14,26,27,16,6;6,15,27,28,29,17;6,16,29,30,18,7;7,17,30,31,19,8;8,18,31,20,9;9,19,31,32,33,21;9,20,33,22,11,10;11,21,33,34,23;11,22,34,35,24,12;12,23,35,36,25,13;13,24,36,37,26,14;14,25,37,27,15;15,26,37,38,28,16;16,27,38,39,29;16,28,39,40,30,17;17,29,40,31,18;18,30,40,32,20,19;20,31,40,41,42,33;20,32,42,34,22,21;22,33,42,43,35,23;23,34,43,44,36,24;24,35,44,37,25;25,36,44,38,27,26;27,37,44,45,39,28;28,38,45,41,40,29;29,39,41,32,31,30;32,40,39,45,43,42;32,41,43,34,33;34,42,41,45,44,35;35,43,45,38,37,36;38,44,43,41,39
ipr#519 51 1,2,3,4,5;0,5,6,7,8,2;0,1,8,9,10,3;0,2,10,11,12,4;0,3,12,13,14,5;0,4,14,15,6,1;1,5,15,16,17,7;1,6,17,18,8;1,7,18,19,9,2;2,8,19,20,21,10;2,9,21,11,3;3,10,21,22,23,12;3,11,23,24,13,4;4,12,24,25,14;4,13,25,26,15,5;5,14,26,27,16,6;6,15,27,28,29,17;6,16,29,30,18,7;7,17,30,31,19,8;8,18,31,32,20,9;9,19,32,33,34,21;9,20,34,22,11,10;11,21,34,35,23;11,22,35,36,24,12;12,23,36,37,25,13;13,24,37,38,26,14;14,25,38,27,15;15,26,38,39,28,16;16,27,39,40,29;16,28,40,41,30,17;17,29,41,31,18;18,30,41,42,32,19;19,31,42,33,20;20,32,42,43,44,34;20,33,44,35,22,21;22,34,44,45,36,23;23,35,45,46,37,24;24,36,46,47,38,25;25,37,47,39,27,26;27,38,47,48,40,28;28,39,48,49,41,29;29,40,49,42,31,30;31,41,49,43,33,32;33,42,49,50,45,44;33,43,45,35,34;35,44,43,50,46,36;36,45,50,48,47,37;37,46,48,39,38;39,47,46,50,49,40;40,48,50,43,42,41;43,49,48,46,45
ipr#521 49 1,2,3,4,5;0,5,6,7,8,2;0,1,8,9,10,3;0,2,10,11,12,4;0,3,12,13,14,5;0,4,14,15,6,1;1,5,15,16,17,7;1,6,17,18,8;1,7,18,19,9,2;2,8,19,20,21,10;2,9,21,11,3;3,10,21,22,23,12;3,11,23,24,13,4;4,12,24,25,14;4,13,25,26,15,5;5,14,26,27,16,6;6,15,27,28,29,17;6,16,29,30,18,7;7,17,30,31,19,8;8,18,31,20,9;9,19,31,32,33,21;9,20,33,22,11,10;11,21,33,34,23;11,22,34,35,24,12;12,23,35,36,25,13;13,24,36,37,26,14;14,25,37,38,27,15;15,26,38,28,16;16,27,38,39,40,29;16,28,40,30,17;17,29,40,41,31,18;18,30,41,32,20,19;20,31,41,42,43,33;20,32,43,34,22,21;22,33,43,44,35,23;23,34,44,45,36,24;24,35,45,37,25;25,36,45,46,38,26;26,37,46,39,28,27;28,38,46,47,40;28,39,47,41,30,29;30,40,47,42,32,31;32,41,47,48,44,43;32,42,44,34,33;34,43,42,48,45,35;35,44,48,46,37,36;37,45,48,47,39,38;39,46,48,42,41,40;42,47,46,45,44
ipr#523 52 1,2,3,4,5;0,5,6,7,8,2;0,1,8,9,10,3;0,2,10,11,12,4;0,3,12,13,14,5;0,4,14,15,6,1;1,5,15,16,7;1,6,16,17,18,8;1,7,18,19,9,2;2,8,19,20,21,10;2,9,21,11,3;3,10,21,22,23,12;3,11,23,24,13,4;4,12,24,25,26,14;4,13,26,15,5;5,14,26,27,16,6;6,15,27,28,17,7;7,16,28,29,30,18;7,17,30,31,19,8;8,18,31,20,9;9,19,31,32,33,21;9,20,33,22,11,10;11,21,33,34,23;11,22,34,35,24,12;12,23,35,36,25,13;13,24,36,37,38,26;13,25,38,27,15,14;15,26,38,39,28,16;16,27,39,40,29,17;17,28,40,41,30;17,29,41,42,31,18;18,30,42,32,20,19;20,31,42,43,44,33;20,32,44,34,22,21;22,33,44,45,35,23;23,34,45,46,36,24;24,35,46,37,25;25,36,46,47,48,38;25,37,48,39,27,26;27,38,48,40,28;28,39,48,49,41,29;29,40,49,50,42,30;30,41,50,43,32,31;32,42,50,51,45,44;32,43,45,34,33;34,44,43,51,46,35;35,45,51,47,37,36;37,46,51,50,49,48;37,47,49,40,39,38;40,48,47,50,41;41,49,47,51,43,42;43,50,47,46,45
ipr#525 51 1,2,3,4,5;0,5,6,7,8,2;0,1,8,9,10,3;0,2,10,11,12,4;0,3,12,13,14,5;0,4,14,15,6,1;1,5,15,16,7;1,6,16,17,18,8;1,7,18,19,9,2;2,8,19,20,21,10;2,9,21,11,3;3,10,21,22,23,12;3,11,23,24,13,4;4,12,24,25,26,14;4,13,26,27,15,5;5,14,27,28,16,6;6,15,28,29,17,7;7,16,29,30,18;7,17,30,31,19,8;8,18,31,32,20,9;9,19,32,33,21;9,20,33,22,11,10;11,21,33,34,35,23;11,22,35,24,12;12,23,35,36,25,13;13,24,36,37,26;13,25,37,38,27,14;14,26,38,28,15;15,27,38,39,29,16;16,28,39,40,30,17;17,29,40,41,31,18;18,30,41,42,32,19;19,31,42,43,33,20;20,32,43,34,22,21;22,33,43,44,45,35;22,34,45,36,24,23;24,35,45,46,37,25;25,36,46,47,38,26;26,37,47,39,28,27;28,38,47,48,40,29;29,39,48,41,30;30,40,48,49,42,31;31,41,49,44,43,32;32,42,44,34,33;34,43,42,49,50,45;34,44,50,46,36,35;36,45,50,47,37;37,46,50,48,39,38;39,47,50,49,41,40;41,48,50,44,42;44,49,48,47,46,45
ipr#527 51 1,2,3,4,5,6;0,6,7,8,9,2;0,1,9,10,11,3;0,2,11,12,13,4;0,3,13,14,15,5;0,4,15,16,17,6;0,5,17,18,7,1;1,6,18,19,8;1,7,19,20,21,9;1,8,21,22,10,2;2,9,22,23,24,11;2,10,24,12,3;3,11,24,25,26,13;3,12,26,27,14,4;4,13,27,28,15;4,14,28,29,16,5;5,15,29,30,31,17;5,16,31,18,6;6,17,31,32,19,7;7,18,32,33,20,8;8,19,33,34,35,21;8,20,35,22,9;9,21,35,36,23,10;10,22,36,37,24;10,23,37,25,12,11;12,24,37,38,26;12,25,38,39,27,13;13,26,39,40,28,14;14,27,40,41,29,15;15,28,41,42,30,16;16,29,42,43,31;16,30,43,32,18,17;18,31,43,33,19;19,32,43,44,34,20;20,33,44,45,46,35;20,34,46,36,22,21;22,35,46,47,37,23;23,36,47,38,25,24;25,37,47,48,39,26;26,38,48,49,40,27;27,39,49,41,28;28,40,49,50,42,29;29,41,50,44,43,30;30,42,44,33,32,31;33,43,42,50,45,34;34,44,50,49,48,46;34,45,48,47,36,35;36,46,48,38,37;38,47,46,45,49,39;39,48,45,50,41,40;41,49,45,44,42
ipr#529 48 1,2,3,4,5;0,5,6,7,8,2;0,1,8,9,10,3;0,2,10,11,12,4;0,3,12,13,14,5;0,4,14,15,6,1;1,5,15,16,7;1,6,16,17,18,8;1,7,18,19,9,2;2,8,19,20,21,10;2,9,21,11,3;3,10,21,22,23,12;3,11,23,24,13,4;4,12,24,25,14;4,13,25,26,15,5;5,14,26,27,16,6;6,15,27,28,17,7;7,16,28,29,30,18;7,17,30,19,8;8,18,30,31,20,9;9,19,31,32,33,21;9,20,33,22,11,10;11,21,33,34,23;11,22,34,35,24,12;12,23,35,36,25,13;13,24,36,37,26,14;14,25,37,38,27,15;15,26,38,39,28,16;16,27,39,29,17;17,28,39,40,41,30;17,29,41,31,19,18;19,30,41,32,20;20,31,41,42,43,33;20,32,43,34,22,21;22,33,43,44,35,23;23,34,44,45,36,24;24,35,45,37,25;25,36,45,46,38,26;26,37,46,39,27;27,38,46,40,29,28;29,39,46,47,42,41;29,40,42,32,31,30;32,41,40,47,44,43;32,42,44,34,33;34,43,42,47,45,35;35,44,47,46,37,36;37,45,47,40,39,38;40,46,45,44,42
ipr#531 51 1,2,3,4,5;0,5,6,7,8,2;0,1,8,9,10,3;0,2,10,11,12,4;0,3,12,13,14,5;0,4,14,15,6,1;1,5,15,16,17,7;1,6,17,18,19,8;1,7,19,20,9,2;2,8,20,21,22,10;2,9,22,11,3;3,10,22,23,24,12;3,11,24,25,13,4;4,12,25,26,14;4,13,26,27,15,5;5,14,27,16,6;6,15,27,28,29,17;6,16,29,30,18,7;7,17,30,31,32,19;7,18,32,20,8;8,19,32,33,21,9;9,20,33,34,35,22;9,21,35,23,11,10;11,22,35,36,24;11,23,36,37,25,12;12,24,37,38,26,13;13,25,38,39,27,14;14,26,39,28,16,15;16,27,39,40,41,29;16,28,41,42,30,17;17,29,42,31,18;18,30,42,43,44,32;18,31,44,33,20,19;20,32,44,34,21;21,33,44,45,46,35;21,34,46,36,23,22;23,35,46,47,37,24;24,36,47,48,38,25;25,37,48,40,39,26;26,38,40,28,27;28,39,38,48,49,41;28,40,49,42,29;29,41,49,43,31,30;31,42,49,50,45,44;31,43,45,34,33,32;34,44,43,50,47,46;34,45,47,36,35;36,46,45,50,48,37;37,47,50,49,40,38;40,48,50,43,42,41;43,49,48,47,45
ipr#533 48 1,2,3,4,5;0,5,6,7,8,2;0,1,8,9,10,3;0,2,10,11,12,4;0,3,12,13,14,5;0,4,14,15,6,1;1,5,15,16,7;1,6,16,17,18,8;1,7,18,19,9,2;2,8,19,20,21,10;2,9,21,11,3;3,10,21,22,23,12;3,11,23,24,13,4;4,12,24,25,14;4,13,25,26,15,5;5,14,26,27,16,6;6,15,27,28,17,7;7,16,28,29,30,18;7,17,30,19,8;8,18,30,31,20,9;9,19,31,32,33,21;9,20,33,22,11,10;11,21,33,34,23;11,22,34,35,24,12;12,23,35,36,25,13;13,24,36,37,26,14;14,25,37,38,27,15;15,26,38,28,16;16,27,38,39,29,17;17,28,39,40,41,30;17,29,41,31,19,18;19,30,41,32,20;20,31,41,42,43,33;20,32,43,34,22,21;22,33,43,44,35,23;23,34,44,45,36,24;24,35,45,37,25;25,36,45,46,38,26;26,37,46,39,28,27;28,38,46,40,29;29,39,46,47,42,41;29,40,42,32,31,30;32,41,40,47,44,43;32,42,44,34,33;34,43,42,47,45,35;35,44,47,46,37,36;37,45,47,40,39,38;40,46,45,44,42
ipr#535 50 1,2,3,4,5;0,5,6,7,8,2;0,1,8,9,10,3;0,2,10,11,12,4;0,3,12,13,14,5;0,4,14,15,6,1;1,5,15,16,17,7;1,6,17,18,19,8;1,7,19,9,2;2,8,19,20,21,10;2,9,21,11,3;3,10,21,22,23,12;3,11,23,24,13,4;4,12,24,25,26,14;4,13,26,15,5;5,14,26,27,16,6;6,15,27,28,29,17;6,16,29,18,7;7,17,29,30,31,19;7,18,31,20,9,8;9,19,31,32,33,21;9,20,33,22,11,10;11,21,33,34,23;11,22,34,35,24,12;12,23,35,36,25,13;13,24,36,37,26;13,25,37,27,15,14;15,26,37,38,28,16;16,27,38,39,40,29;16,28,40,30,18,17;18,29,40,41,31;18,30,41,32,20,19;20,31,41,42,43,33;20,32,43,34,22,21;22,33,43,44,35,23;23,34,44,45,36,24;24,35,45,46,37,25;25,36,46,38,27,26;27,37,46,47,39,28;28,38,47,48,40;28,39,48,41,30,29;30,40,48,42,32,31;32,41,48,49,44,43;32,42,44,34,33;34,43,42,49,45,35;35,44,49,47,46,36;36,45,47,38,37;38,46,45,49,48,39;39,47,49,42,41,40;42,48,47,45,44
ipr#537 50 1,2,3,4,5;0,5,6,7,8,2;0,1,8,9,10,3;0,2,10,11,12,4;0,3,12,13,14,5;0,4,14,15,6,1;1,5,15,16,7;1,6,16,17,18,8;1,7,18,9,2;2,8,18,19,20,10;2,9,20,21,11,3;3,10,21,22,12;3,11,22,23,13,4;4,12,23,24,25,14;4,13,25,15,5;5,14,25,26,16,6;6,15,26,27,17,7;7,16,27,28,29,18;7,17,29,19,9,8;9,18,29,30,31,20;9,19,31,32,21,10;10,20,32,33,22,11;11,21,33,34,23,12;12,22,34,24,13;13,23,34,35,36,25;13,24,36,26,15,14;15,25,36,37,27,16;16,26,37,38,28,17;17,27,38,39,40,29;17,28,40,30,19,18;19,29,40,41,42,31;19,30,42,43,32,20;20,31,43,33,21;21,32,43,44,34,22;22,33,44,35,24,23;24,34,44,45,46,36;24,35,46,37,26,25;26,36,46,47,38,27;27,37,47,39,28;28,38,47,48,41,40;28,39,41,30,29;30,40,39,48,49,42;30,41,49,43,31;31,42,49,44,33,32;33,43,49,45,35,34;35,44,49,48,47,46;35,45,47,37,36;37,46,45,48,39,38;39,47,45,49,41;41,48,45,44,43,42
ipr#539 48 1,2,3,4,5,6;0,6,7,8,9,2;0,1,9,10,3;0,2,10,11,12,4;0,3,12,13,14,5;0,4,14,15,6;0,5,15,16,7,1;1,6,16,17,8;1,7,17,18,19,9;1,8,19,20,10,2;2,9,20,21,11,3;3,10,21,22,23,12;3,11,23,24,13,4;4,12,24,25,26,14;4,13,26,27,15,5;5,14,27,28,16,6;6,15,28,29,17,7;7,16,29,30,18,8;8,17,30,31,32,19;8,18,32,20,9;9,19,32,33,21,10;10,20,33,22,11;11,21,33,34,35,23;11,22,35,36,24,12;12,23,36,25,13;13,24,36,37,38,26;13,25,38,27,14;14,26,38,39,28,15;15,27,39,40,29,16;16,28,40,41,30,17;17,29,41,31,18;18,30,41,42,43,32;18,31,43,33,20,19;20,32,43,34,22,21;22,33,43,42,44,35;22,34,44,45,36,23;23,35,45,37,25,24;25,36,45,46,38;25,37,46,39,27,26;27,38,46,40,28;28,39,46,47,41,29;29,40,47,42,31,30;31,41,47,44,34,43;31,42,34,33,32;34,42,47,45,35;35,44,47,46,37,36;37,45,47,40,39,38;40,46,45,44,42,41
ipr#541 51 1,2,3,4,5,6;0,6,7,8,9,2;0,1,9,10,3;0,2,10,11,12,4;0,3,12,13,14,5;0,4,14,15,16,6;0,5,16,7,1;1,6,16,17,18,8;1,7,18,19,9;1,8,19,20,10,2;2,9,20,21,11,3;3,10,21,22,23,12;3,11,23,24,13,4;4,12,24,25,26,14;4,13,26,27,15,5;5,14,27,28,29,16;5,15,29,17,7,6;7,16,29,30,18;7,17,30,31,19,8;8,18,31,32,20,9;9,19,32,33,21,10;10,20,33,22,11;11,21,33,34,35,23;11,22,35,36,24,12;12,23,36,25,13;13,24,36,37,38,26;13,25,38,27,14;14,26,38,39,28,15;15,27,39,40,41,29;15,28,41,30,17,16;17,29,41,42,31,18;18,30,42,43,32,19;19,31,43,44,33,20;20,32,44,34,22,21;22,33,44,45,46,35;22,34,46,47,36,23;23,35,47,37,25,24;25,36,47,48,38;25,37,48,39,27,26;27,38,48,40,28;28,39,48,49,50,41;28,40,50,42,30,29;30,41,50,43,31;31,42,50,45,44,32;32,43,45,34,33;34,44,43,50,49,46;34,45,49,47,35;35,46,49,48,37,36;37,47,49,40,39,38;40,48,47,46,45,50;40,49,45,43,42,41
ipr#543 51 1,2,3,4,5,6;0,6,7,8,9,2;0,1,9,10,11,3;0,2,11,12,13,4;0,3,13,14,15,5;0,4,15,16,6;0,5,16,17,7,1;1,6,17,18,8;1,7,18,19,20,9;1,8,20,21,10,2;2,9,21,22,23,11;2,10,23,24,12,3;3,11,24,25,26,13;3,12,26,14,4;4,13,26,27,28,15;4,14,28,29,16,5;5,15,29,30,17,6;6,16,30,31,18,7;7,17,31,32,19,8;8,18,32,33,20;8,19,33,34,21,9;9,20,34,22,10;10,21,34,35,36,23;10,22,36,24,11;11,23,36,37,25,12;12,24,37,38,26;12,25,38,27,14,13;14,26,38,39,40,28;14,27,40,29,15;15,28,40,41,30,16;16,29,41,31,17;17,30,41,42,32,18;18,31,42,43,33,19;19,32,43,44,34,20;20,33,44,35,22,21;22,34,44,45,46,36;22,35,46,37,24,23;24,36,46,47,38,25;25,37,47,39,27,26;27,38,47,48,49,40;27,39,49,41,29,28;29,40,49,42,31,30;31,41,49,50,43,32;32,42,50,44,33;33,43,50,45,35,34;35,44,50,48,47,46;35,45,47,37,36;37,46,45,48,39,38;39,47,45,50,49;39,48,50,42,41,40;42,49,48,45,44,43
ipr#545 47 1,2,3,4,5,6;0,6,7,8,9,2;0,1,9,10,11,3;0,2,11,12,13,4;0,3,13,14,15,5;0,4,15,16,17,6;0,5,17,18,7,1;1,6,18,19,8;1,7,19,20,21,9;1,8,21,10,2;2,9,21,22,23,11;2,10,23,12,3;3,11,23,24,25,13;3,12,25,14,4;4,13,25,26,27,15;4,14,27,16,5;5,15,27,28,29,17;5,16,29,30,18,6;6,17,30,31,19,7;7,18,31,32,20,8;8,19,32,33,34,21;8,20,34,22,10,9;10,21,34,35,23;10,22,35,24,12,11;12,23,35,36,37,25;12,24,37,26,14,13;14,25,37,38,27;14,26,38,28,16,15;16,27,38,39,40,29;16,28,40,30,17;17,29,40,41,31,18;18,30,41,42,32,19;19,31,42,33,20;20,32,42,43,44,34;20,33,44,35,22,21;22,34,44,36,24,23;24,35,44,43,45,37;24,36,45,38,26,25;26,37,45,39,28,27;28,38,45,46,40;28,39,46,41,30,29;30,40,46,42,31;31,41,46,43,33,32;33,42,46,45,36,44;33,43,36,35,34;36,43,46,39,38,37;39,45,43,42,41,40
ipr#547 50 1,2,3,4,5,6;0,6,7,8,9,2;0,1,9,10,11,3;0,2,11,12,13,4;0,3,13,14,15,5;0,4,15,16,17,6;0,5,17,18,7,1;1,6,18,19,20,8;1,7,20,21,22,9;1,8,22,10,2;2,9,22,23,24,11;2,10,24,12,3;3,11,24,25,26,13;3,12,26,14,4;4,13,26,27,28,15;4,14,28,16,5;5,15,28,29,30,17;5,16,30,31,18,6;6,17,31,32,19,7;7,18,32,33,34,20;7,19,34,21,8;8,20,34,35,36,22;8,21,36,23,10,9;10,22,36,37,24;10,23,37,25,12,11;12,24,37,38,39,26;12,25,39,27,14,13;14,26,39,40,28;14,27,40,29,16,15;16,28,40,41,42,30;16,29,42,31,17;17,30,42,43,32,18;18,31,43,44,33,19;19,32,44,45,34;19,33,45,35,21,20;21,34,45,46,36;21,35,46,37,23,22;23,36,46,38,25,24;25,37,46,47,48,39;25,38,48,40,27,26;27,39,48,41,29,28;29,40,48,49,42;29,41,49,43,31,30;31,42,49,44,32;32,43,49,47,45,33;33,44,47,46,35,34;35,45,47,38,37,36;38,46,45,44,49,48;38,47,49,41,40,39;41,48,47,44,43,42
ipr#549 47 1,2,3,4,5,6;0,6,7,8,9,2;0,1,9,10,11,3;0,2,11,12,13,4;0,3,13,14,15,5;0,4,15,16,6;0,5,16,17,7,1;1,6,17,18,19,8;1,7,19,20,9;1,8,20,21,10,2;2,9,21,22,23,11;2,10,23,12,3;3,11,23,24,25,13;3,12,25,14,4;4,13,25,26,27,15;4,14,27,28,16,5;5,15,28,29,17,6;6,16,29,30,18,7;7,17,30,31,19;7,18,31,32,20,8;8,19,32,33,21,9;9,20,33,22,10;10,21,33,34,35,23;10,22,35,24,12,11;12,23,35,36,25;12,24,36,26,14,13;14,25,36,37,38,27;14,26,38,39,28,15;15,27,39,29,16;16,28,39,40,30,17;17,29,40,41,31,18;18,30,41,42,32,19;19,31,42,43,33,20;20,32,43,34,22,21;22,33,43,44,35;22,34,44,36,24,23;24,35,44,37,26,25;26,36,44,45,46,38;26,37,46,39,27;27,38,46,40,29,28;29,39,46,41,30;30,40,46,45,42,31;31,41,45,43,32;32,42,45,44,34,33;34,43,45,37,36,35;37,44,43,42,41,46;37,45,41,40,39,38
ipr#551 50 1,2,3,4,5,6;0,6,7,8,9,2;0,1,9,10,11,3;0,2,11,12,4;0,3,12,13,14,5;0,4,14,15,6;0,5,15,16,7,1;1,6,16,17,18,8;1,7,18,19,20,9;1,8,20,10,2;2,9,20,21,22,11;2,10,22,23,12,3;3,11,23,24,13,4;4,12,24,25,26,14;4,13,26,27,15,5;5,14,27,28,16,6;6,15,28,29,17,7;7,16,29,30,18;7,17,30,31,19,8;8,18,31,32,33,20;8,19,33,21,10,9;10,20,33,34,35,22;10,21,35,23,11;11,22,35,36,24,12;12,23,36,37,25,13;13,24,37,38,39,26;13,25,39,40,27,14;14,26,40,28,15;15,27,40,41,29,16;16,28,41,42,30,17;17,29,42,43,31,18;18,30,43,44,32,19;19,31,44,45,34,33;19,32,34,21,20;21,33,32,45,46,35;21,34,46,36,23,22;23,35,46,37,24;24,36,46,47,38,25;25,37,47,48,49,39;25,38,49,40,26;26,39,49,41,28,27;28,40,49,42,29;29,41,49,48,43,30;30,42,48,44,31;31,43,48,47,45,32;32,44,47,46,34;34,45,47,37,36,35;37,46,45,44,48,38;38,47,44,43,42,49;38,48,42,41,40,39
ipr#553 50 1,2,3,4,5,6;0,6,7,8,9,2;0,1,9,10,11,3;0,2,11,12,13,4;0,3,13,14,15,5;0,4,15,16,6;0,5,16,17,7,1;1,6,17,18,19,8;1,7,19,20,9;1,8,20,21,10,2;2,9,21,22,23,11;2,10,23,12,3;3,11,23,24,25,13;3,12,25,14,4;4,13,25,26,27,15;4,14,27,28,16,5;5,15,28,29,17,6;6,16,29,30,18,7;7,17,30,31,19;7,18,31,32,20,8;8,19,32,33,21,9;9,20,33,22,10;10,21,33,34,35,23;10,22,35,24,12,11;12,23,35,36,25;12,24,36,26,14,13;14,25,36,37,38,27;14,26,38,39,28,15;15,27,39,29,16;16,28,39,40,30,17;17,29,40,41,31,18;18,30,41,42,32,19;19,31,42,43,33,20;20,32,43,34,22,21;22,33,43,44,45,35;22,34,45,36,24,23;24,35,45,37,26,25;26,36,45,46,47,38;26,37,47,39,27;27,38,47,40,29,28;29,39,47,48,41,30;30,40,48,49,42,31;31,41,49,43,32;32,42,49,44,34,33;34,43,49,46,45;34,44,46,37,36,35;37,45,44,49,48,47;37,46,48,40,39,38;40,47,46,49,41;41,48,46,44,43,42
ipr#555 51 1,2,3,4,5,6;0,6,7,8,9,2;0,1,9,10,11,3;0,2,11,12,13,4;0,3,13,14,15,5;0,4,15,16,6;0,5,16,17,7,1;1,6,17,18,19,8;1,7,19,20,9;1,8,20,21,10,2;2,9,21,22,23,11;2,10,23,24,12,3;3,11,24,25,26,13;3,12,26,14,4;4,13,26,27,28,15;4,14,28,29,16,5;5,15,29,30,17,6;6,16,30,31,18,7;7,17,31,32,19;7,18,32,33,20,8;8,19,33,34,21,9;9,20,34,22,10;10,21,34,35,36,23;10,22,36,24,11;11,23,36,37,25,12;12,24,37,38,26;12,25,38,27,14,13;14,26,38,39,40,28;14,27,40,41,29,15;15,28,41,30,16;16,29,41,42,31,17;17,30,42,43,32,18;18,31,43,44,33,19;19,32,44,45,34,20;20,33,45,35,22,21;22,34,45,46,36;22,35,46,37,24,23;24,36,46,47,38,25;25,37,47,39,27,26;27,38,47,48,49,40;27,39,49,41,28;28,40,49,42,30,29;30,41,49,43,31;31,42,49,48,44,32;32,43,48,50,45,33;33,44,50,46,35,34;35,45,50,47,37,36;37,46,50,48,39,38;39,47,50,44,43,49;39,48,43,42,41,40;44,48,47,46,45
ipr#557 51 1,2,3,4,5,6;0,6,7,8,9,2;0,1,9,10,11,3;0,2,11,12,4;0,3,12,13,14,5;0,4,14,15,6;0,5,15,16,7,1;1,6,16,17,18,8;1,7,18,19,20,9;1,8,20,10,2;2,9,20,21,22,11;2,10,22,23,12,3;3,11,23,24,13,4;4,12,24,25,26,14;4,13,26,27,15,5;5,14,27,28,16,6;6,15,28,29,17,7;7,16,29,30,18;7,17,30,31,19,8;8,18,31,32,33,20;8,19,33,21,10,9;10,20,33,34,35,22;10,21,35,23,11;11,22,35,36,24,12;12,23,36,37,25,13;13,24,37,38,26;13,25,38,39,27,14;14,26,39,28,15;15,27,39,40,29,16;16,28,40,41,30,17;17,29,41,42,31,18;18,30,42,43,32,19;19,31,43,44,34,33;19,32,34,21,20;21,33,32,44,45,35;21,34,45,36,23,22;23,35,45,46,37,24;24,36,46,47,38,25;25,37,47,48,39,26;26,38,48,40,28,27;28,39,48,41,29;29,40,48,49,42,30;30,41,49,43,31;31,42,49,50,44,32;32,43,50,45,34;34,44,50,46,36,35;36,45,50,47,37;37,46,50,49,48,38;38,47,49,41,40,39;41,48,47,50,43,42;43,49,47,46,45,44
ipr#559 51 1,2,3,4,5,6;0,6,7,8,9,2;0,1,9,10,11,3;0,2,11,12,13,4;0,3,13,14,15,5;0,4,15,16,6;0,5,16,17,7,1;1,6,17,18,19,8;1,7,19,20,9;1,8,20,21,10,2;2,9,21,22,23,11;2,10,23,12,3;3,11,23,24,25,13;3,12,25,14,4;4,13,25,26,27,15;4,14,27,28,16,5;5,15,28,29,17,6;6,16,29,30,18,7;7,17,30,31,19;7,18,31,32,20,8;8,19,32,33,21,9;9,20,33,22,10;10,21,33,34,35,23;10,22,35,24,12,11;12,23,35,36,37,25;12,24,37,26,14,13;14,25,37,38,27;14,26,38,39,28,15;15,27,39,40,29,16;16,28,40,41,30,17;17,29,41,42,31,18;18,30,42,43,32,19;19,31,43,44,33,20;20,32,44,34,22,21;22,33,44,45,35;22,34,45,36,24,23;24,35,45,46,47,37;24,36,47,38,26,25;26,37,47,48,39,27;27,38,48,40,28;28,39,48,49,41,29;29,40,49,42,30;30,41,49,50,43,31;31,42,50,44,32;32,43,50,45,34,33;34,44,50,46,36,35;36,45,50,49,48,47;36,46,48,38,37;38,47,46,49,40,39;40,48,46,50,42,41;42,49,46,45,44,43
ipr#561 52 1,2,3,4,5,6;0,6,7,8,9,2;0,1,9,10,11,3;0,2,11,12,13,4;0,3,13,14,15,5;0,4,15,16,6;0,5,16,17,7,1;1,6,17,18,19,8;1,7,19,20,9;1,8,20,21,10,2;2,9,21,22,23,11;2,10,23,12,3;3,11,23,24,25,13;3,12,25,14,4;4,13,25,26,27,15;4,14,27,28,16,5;5,15,28,29,17,6;6,16,29,30,18,7;7,17,30,31,19;7,18,31,32,20,8;8,19,32,33,21,9;9,20,33,22,10;10,21,33,34,35,23;10,22,35,24,12,11;12,23,35,36,37,25;12,24,37,26,14,13;14,25,37,38,27;14,26,38,39,28,15;15,27,39,40,29,16;16,28,40,41,30,17;17,29,41,42,31,18;18,30,42,43,32,19;19,31,43,44,33,20;20,32,44,34,22,21;22,33,44,45,46,35;22,34,46,36,24,23;24,35,46,47,37;24,36,47,38,26,25;26,37,47,48,39,27;27,38,48,40,28;28,39,48,49,41,29;29,40,49,42,30;30,41,49,50,43,31;31,42,50,44,32;32,43,50,45,34,33;34,44,50,51,46;34,45,51,47,36,35;36,46,51,48,38,37;38,47,51,49,40,39;40,48,51,50,42,41;42,49,51,45,44,43;45,50,49,48,47,46
ipr#563 52 1,2,3,4,5,6;0,6,7,8,9,2;0,1,9,10,3;0,2,10,11,12,4;0,3,12,13,14,5;0,4,14,15,16,6;0,5,16,17,7,1;1,6,17,18,8;1,7,18,19,20,9;1,8,20,21,10,2;2,9,21,22,11,3;3,10,22,23,24,12;3,11,24,13,4;4,12,24,25,26,14;4,13,26,27,15,5;5,14,27,28,29,16;5,15,29,17,6;6,16,29,30,18,7;7,17,30,31,19,8;8,18,31,32,33,20;8,19,33,34,21,9;9,20,34,22,10;10,21,34,35,23,11;11,22,35,36,37,24;11,23,37,25,13,12;13,24,37,38,39,26;13,25,39,40,27,14;14,26,40,41,28,15;15,27,41,42,29;15,28,42,30,17,16;17,29,42,43,31,18;18,30,43,32,19;19,31,43,44,45,33;19,32,45,46,34,20;20,33,46,35,22,21;22,34,46,36,23;23,35,46,47,38,37;23,36,38,25,24;25,37,36,47,48,39;25,38,48,40,26;26,39,48,49,41,27;27,40,49,50,42,28;28,41,50,43,30,29;30,42,50,44,32,31;32,43,50,49,51,45;32,44,51,47,46,33;33,45,47,36,35,34;36,46,45,51,48,38;38,47,51,49,40,39;40,48,51,44,50,41;41,49,44,43,42;44,49,48,47,45
ipr#565 48 1,2,3,4,5,6;0,6,7,8,9,2;0,1,9,10,11,3;0,2,11,12,4;0,3,12,13,14,5;0,4,14,15,6;0,5,15,16,7,1;1,6,16,17,18,8;1,7,18,19,9;1,8,19,20,10,2;2,9,20,21,22,11;2,10,22,23,12,3;3,11,23,24,13,4;4,12,24,25,26,14;4,13,26,27,15,5;5,14,27,28,16,6;6,15,28,29,17,7;7,16,29,30,18;7,17,30,31,19,8;8,18,31,32,20,9;9,19,32,21,10;10,20,32,33,34,22;10,21,34,35,23,11;11,22,35,24,12;12,23,35,36,25,13;13,24,36,37,26;13,25,37,38,27,14;14,26,38,28,15;15,27,38,39,29,16;16,28,39,40,30,17;17,29,40,41,31,18;18,30,41,42,32,19;19,31,42,33,21,20;21,32,42,43,34;21,33,43,44,35,22;22,34,44,36,24,23;24,35,44,45,37,25;25,36,45,46,38,26;26,37,46,39,28,27;28,38,46,40,29;29,39,46,47,41,30;30,40,47,42,31;31,41,47,43,33,32;33,42,47,45,44,34;34,43,45,36,35;36,44,43,47,46,37;37,45,47,40,39,38;40,46,45,43,42,41
ipr#567 51 1,2,3,4,5,6;0,6,7,8,9,2;0,1,9,10,11,3;0,2,11,12,4;0,3,12,13,14,5;0,4,14,15,6;0,5,15,16,7,1;1,6,16,17,18,8;1,7,18,19,9;1,8,19,20,10,2;2,9,20,21,22,11;2,10,22,23,12,3;3,11,23,24,13,4;4,12,24,25,26,14;4,13,26,27,15,5;5,14,27,28,16,6;6,15,28,29,17,7;7,16,29,30,18;7,17,30,31,19,8;8,18,31,32,20,9;9,19,32,21,10;10,20,32,33,34,22;10,21,34,35,23,11;11,22,35,24,12;12,23,35,36,25,13;13,24,36,37,26;13,25,37,38,27,14;14,26,38,39,28,15;15,27,39,40,29,16;16,28,40,41,30,17;17,29,41,42,31,18;18,30,42,43,32,19;19,31,43,33,21,20;21,32,43,44,34;21,33,44,45,35,22;22,34,45,36,24,23;24,35,45,46,37,25;25,36,46,47,38,26;26,37,47,39,27;27,38,47,48,40,28;28,39,48,41,29;29,40,48,49,42,30;30,41,49,43,31;31,42,49,44,33,32;33,43,49,50,45,34;34,44,50,46,36,35;36,45,50,47,37;37,46,50,48,39,38;39,47,50,49,41,40;41,48,50,44,43,42;44,49,48,47,46,45
ipr#569 50 1,2,3,4,5,6;0,6,7,8,9,2;0,1,9,10,11,3;0,2,11,12,4;0,3,12,13,14,5;0,4,14,15,6;0,5,15,16,7,1;1,6,16,17,18,8;1,7,18,19,20,9;1,8,20,21,10,2;2,9,21,22,11;2,10,22,23,12,3;3,11,23,24,13,4;4,12,24,25,26,14;4,13,26,27,15,5;5,14,27,28,16,6;6,15,28,29,17,7;7,16,29,30,31,18;7,17,31,19,8;8,18,31,32,33,20;8,19,33,21,9;9,20,33,34,22,10;10,21,34,35,23,11;11,22,35,36,24,12;12,23,36,37,25,13;13,24,37,38,39,26;13,25,39,40,27,14;14,26,40,28,15;15,27,40,41,29,16;16,28,41,42,30,17;17,29,42,43,31;17,30,43,32,19,18;19,31,43,44,45,33;19,32,45,34,21,20;21,33,45,35,22;22,34,45,46,36,23;23,35,46,47,37,24;24,36,47,38,25;25,37,47,48,49,39;25,38,49,40,26;26,39,49,41,28,27;28,40,49,42,29;29,41,49,48,43,30;30,42,48,44,32,31;32,43,48,47,46,45;32,44,46,35,34,33;35,45,44,47,36;36,46,44,48,38,37;38,47,44,43,42,49;38,48,42,41,40,39
ipr#571 47 1,2,3,4,5,6;0,6,7,8,9,2;0,1,9,10,11,3;0,2,11,12,13,4;0,3,13,14,15,5;0,4,15,16,6;0,5,16,17,7,1;1,6,17,18,8;1,7,18,19,20,9;1,8,20,21,10,2;2,9,21,22,11;2,10,22,23,12,3;3,11,23,24,25,13;3,12,25,14,4;4,13,25,26,27,15;4,14,27,28,16,5;5,15,28,29,17,6;6,16,29,30,18,7;7,17,30,31,19,8;8,18,31,32,33,20;8,19,33,21,9;9,20,33,34,22,10;10,21,34,35,23,11;11,22,35,24,12;12,23,35,36,37,25;12,24,37,26,14,13;14,25,37,38,39,27;14,26,39,40,28,15;15,27,40,29,16;16,28,40,41,30,17;17,29,41,31,18;18,30,41,42,32,19;19,31,42,43,33;19,32,43,34,21,20;21,33,43,44,35,22;22,34,44,36,24,23;24,35,44,45,38,37;24,36,38,26,25;26,37,36,45,46,39;26,38,46,40,27;27,39,46,41,29,28;29,40,46,42,31,30;31,41,46,45,43,32;32,42,45,44,34,33;34,43,45,36,35;36,44,43,42,46,38;38,45,42,41,40,39
ipr#573 50 1,2,3,4,5,6;0,6,7,8,9,2;0,1,9,10,11,3;0,2,11,12,13,4;0,3,13,14,15,5;0,4,15,16,17,6;0,5,17,18,7,1;1,6,18,19,8;1,7,19,20,21,9;1,8,21,22,10,2;2,9,22,23,11;2,10,23,24,12,3;3,11,24,25,26,13;3,12,26,14,4;4,13,26,27,28,15;4,14,28,16,5;5,15,28,29,30,17;5,16,30,31,18,6;6,17,31,32,19,7;7,18,32,33,20,8;8,19,33,34,35,21;8,20,35,22,9;9,21,35,36,23,10;10,22,36,37,24,11;11,23,37,25,12;12,24,37,38,39,26;12,25,39,27,14,13;14,26,39,40,28;14,27,40,29,16,15;16,28,40,41,42,30;16,29,42,31,17;17,30,42,43,32,18;18,31,43,33,19;19,32,43,44,34,20;20,33,44,45,35;20,34,45,36,22,21;22,35,45,46,37,23;23,36,46,38,25,24;25,37,46,47,48,39;25,38,48,40,27,26;27,39,48,41,29,28;29,40,48,49,42;29,41,49,43,31,30;31,42,49,44,33,32;33,43,49,47,45,34;34,44,47,46,36,35;36,45,47,38,37;38,46,45,44,49,48;38,47,49,41,40,39;41,48,47,44,43,42
ipr#575 51 1,2,3,4,5,6;0,6,7,8,9,2;0,1,9,10,11,3;0,2,11,12,13,4;0,3,13,14,15,5;0,4,15,16,6;0,5,16,17,7,1;1,6,17,18,19,8;1,7,19,20,21,9;1,8,21,22,10,2;2,9,22,23,11;2,10,23,24,12,3;3,11,24,25,26,13;3,12,26,14,4;4,13,26,27,28,15;4,14,28,29,16,5;5,15,29,30,17,6;6,16,30,31,18,7;7,17,31,32,33,19;7,18,33,20,8;8,19,33,34,35,21;8,20,35,22,9;9,21,35,36,23,10;10,22,36,37,24,11;11,23,37,25,12;12,24,37,38,39,26;12,25,39,27,14,13;14,26,39,40,41,28;14,27,41,42,29,15;15,28,42,30,16;16,29,42,43,31,17;17,30,43,32,18;18,31,43,44,45,33;18,32,45,34,20,19;20,33,45,46,35;20,34,46,36,22,21;22,35,46,47,37,23;23,36,47,38,25,24;25,37,47,48,40,39;25,38,40,27,26;27,39,38,48,49,41;27,40,49,42,28;28,41,49,43,30,29;30,42,49,44,32,31;32,43,49,48,50,45;32,44,50,46,34,33;34,45,50,47,36,35;36,46,50,48,38,37;38,47,50,44,49,40;40,48,44,43,42,41;44,48,47,46,45
ipr#577 47 1,2,3,4,5,6;0,6,7,8,2;0,1,8,9,10,3;0,2,10,11,12,4;0,3,12,13,14,5;0,4,14,15,16,6;0,5,16,17,7,1;1,6,17,18,19,8;1,7,19,20,9,2;2,8,20,21,10;2,9,21,22,11,3;3,10,22,23,24,12;3,11,24,13,4;4,12,24,25,26,14;4,13,26,15,5;5,14,26,27,28,16;5,15,28,29,17,6;6,16,29,30,18,7;7,17,30,31,32,19;7,18,32,20,8;8,19,32,33,21,9;9,20,33,34,22,10;10,21,34,23,11;11,22,34,35,36,24;11,23,36,25,13,12;13,24,36,37,26;13,25,37,27,15,14;15,26,37,38,39,28;15,27,39,29,16;16,28,39,40,30,17;17,29,40,41,31,18;18,30,41,42,32;18,31,42,33,20,19;20,32,42,43,34,21;21,33,43,35,23,22;23,34,43,44,45,36;23,35,45,37,25,24;25,36,45,38,27,26;27,37,45,46,39;27,38,46,40,29,28;29,39,46,41,30;30,40,46,44,42,31;31,41,44,43,33,32;33,42,44,35,34;35,43,42,41,46,45;35,44,46,38,37,36;38,45,44,41,40,39
ipr#579 50 1,2,3,4,5,6;0,6,7,8,2;0,1,8,9,10,3;0,2,10,11,12,4;0,3,12,13,14,5;0,4,14,15,16,6;0,5,16,17,7,1;1,6,17,18,19,8;1,7,19,20,9,2;2,8,20,21,10;2,9,21,22,11,3;3,10,22,23,24,12;3,11,24,13,4;4,12,24,25,26,14;4,13,26,15,5;5,14,26,27,28,16;5,15,28,29,17,6;6,16,29,30,18,7;7,17,30,31,32,19;7,18,32,20,8;8,19,32,33,21,9;9,20,33,34,22,10;10,21,34,35,23,11;11,22,35,36,37,24;11,23,37,25,13,12;13,24,37,38,26;13,25,38,27,15,14;15,26,38,39,40,28;15,27,40,29,16;16,28,40,41,30,17;17,29,41,42,31,18;18,30,42,43,32;18,31,43,33,20,19;20,32,43,44,34,21;21,33,44,45,35,22;22,34,45,36,23;23,35,45,46,47,37;23,36,47,38,25,24;25,37,47,39,27,26;27,38,47,46,48,40;27,39,48,41,29,28;29,40,48,42,30;30,41,48,49,43,31;31,42,49,44,33,32;33,43,49,45,34;34,44,49,46,36,35;36,45,49,48,39,47;36,46,39,38,37;39,46,49,42,41,40;42,48,46,45,44,43
ipr#581 50 1,2,3,4,5,6;0,6,7,8,2;0,1,8,9,10,3;0,2,10,11,12,4;0,3,12,13,14,5;0,4,14,15,16,6;0,5,16,17,7,1;1,6,17,18,19,8;1,7,19,20,9,2;2,8,20,21,10;2,9,21,22,11,3;3,10,22,23,24,12;3,11,24,13,4;4,12,24,25,26,14;4,13,26,15,5;5,14,26,27,28,16;5,15,28,29,17,6;6,16,29,30,18,7;7,17,30,31,32,19;7,18,32,20,8;8,19,32,33,21,9;9,20,33,34,22,10;10,21,34,35,23,11;11,22,35,36,37,24;11,23,37,25,13,12;13,24,37,38,26;13,25,38,27,15,14;15,26,38,39,40,28;15,27,40,29,16;16,28,40,41,30,17;17,29,41,42,31,18;18,30,42,43,44,32;18,31,44,33,20,19;20,32,44,45,34,21;21,33,45,35,22;22,34,45,46,36,23;23,35,46,47,48,37;23,36,48,38,25,24;25,37,48,39,27,26;27,38,48,49,40;27,39,49,41,29,28;29,40,49,42,30;30,41,49,47,43,31;31,42,47,46,45,44;31,43,45,33,32;33,44,43,46,35,34;35,45,43,47,36;36,46,43,42,49,48;36,47,49,39,38,37;39,48,47,42,41,40
ipr#583 50 1,2,3,4,5,6;0,6,7,8,9,2;0,1,9,10,11,3;0,2,11,12,13,4;0,3,13,14,15,5;0,4,15,16,17,6;0,5,17,7,1;1,6,17,18,19,8;1,7,19,20,21,9;1,8,21,22,10,2;2,9,22,23,11;2,10,23,24,12,3;3,11,24,25,26,13;3,12,26,14,4;4,13,26,27,28,15;4,14,28,29,16,5;5,15,29,30,17;5,16,30,18,7,6;7,17,30,31,19;7,18,31,32,20,8;8,19,32,33,34,21;8,20,34,22,9;9,21,34,35,23,10;10,22,35,36,24,11;11,23,36,25,12;12,24,36,37,38,26;12,25,38,27,14,13;14,26,38,39,40,28;14,27,40,41,29,15;15,28,41,42,30,16;16,29,42,31,18,17;18,30,42,43,32,19;19,31,43,33,20;20,32,43,44,45,34;20,33,45,35,22,21;22,34,45,46,36,23;23,35,46,37,25,24;25,36,46,47,39,38;25,37,39,27,26;27,38,37,47,48,40;27,39,48,41,28;28,40,48,49,42,29;29,41,49,43,31,30;31,42,49,44,33,32;33,43,49,48,47,45;33,44,47,46,35,34;35,45,47,37,36;37,46,45,44,48,39;39,47,44,49,41,40;41,48,44,43,42
ipr#585 47 1,2,3,4,5,6;0,6,7,8,2;0,1,8,9,10,3;0,2,10,11,12,4;0,3,12,13,14,5;0,4,14,15,6;0,5,15,16,7,1;1,6,16,17,18,8;1,7,18,19,9,2;2,8,19,20,10;2,9,20,21,11,3;3,10,21,22,23,12;3,11,23,24,13,4;4,12,24,25,26,14;4,13,26,27,15,5;5,14,27,28,16,6;6,15,28,29,17,7;7,16,29,30,31,18;7,17,31,19,8;8,18,31,32,20,9;9,19,32,33,21,10;10,20,33,22,11;11,21,33,34,35,23;11,22,35,24,12;12,23,35,36,25,13;13,24,36,37,38,26;13,25,38,39,27,14;14,26,39,28,15;15,27,39,40,29,16;16,28,40,41,30,17;17,29,41,42,31;17,30,42,32,19,18;19,31,42,43,33,20;20,32,43,34,22,21;22,33,43,44,35;22,34,44,36,24,23;24,35,44,37,25;25,36,44,45,46,38;25,37,46,39,26;26,38,46,40,28,27;28,39,46,41,29;29,40,46,45,42,30;30,41,45,43,32,31;32,42,45,44,34,33;34,43,45,37,36,35;37,44,43,42,41,46;37,45,41,40,39,38
ipr#587 50 1,2,3,4,5,6;0,6,7,8,9,2;0,1,9,10,11,3;0,2,11,12,13,4;0,3,13,14,15,5;0,4,15,16,6;0,5,16,17,7,1;1,6,17,18,8;1,7,18,19,20,9;1,8,20,21,10,2;2,9,21,22,11;2,10,22,23,12,3;3,11,23,24,25,13;3,12,25,26,14,4;4,13,26,27,28,15;4,14,28,29,16,5;5,15,29,30,17,6;6,16,30,31,18,7;7,17,31,32,19,8;8,18,32,33,34,20;8,19,34,21,9;9,20,34,35,22,10;10,21,35,36,23,11;11,22,36,24,12;12,23,36,37,38,25;12,24,38,26,13;13,25,38,39,27,14;14,26,39,40,41,28;14,27,41,42,29,15;15,28,42,30,16;16,29,42,43,31,17;17,30,43,32,18;18,31,43,44,33,19;19,32,44,45,34;19,33,45,35,21,20;21,34,45,46,36,22;22,35,46,37,24,23;24,36,46,47,38;24,37,47,39,26,25;26,38,47,40,27;27,39,47,48,49,41;27,40,49,42,28;28,41,49,43,30,29;30,42,49,44,32,31;32,43,49,48,45,33;33,44,48,46,35,34;35,45,48,47,37,36;37,46,48,40,39,38;40,47,46,45,44,49;40,48,44,43,42,41
ipr#589 50 1,2,3,4,5,6;0,6,7,8,2;0,1,8,9,10,3;0,2,10,11,12,4;0,3,12,13,14,5;0,4,14,15,16,6;0,5,16,17,7,1;1,6,17,18,19,8;1,7,19,20,9,2;2,8,20,21,10;2,9,21,22,11,3;3,10,22,23,24,12;3,11,24,25,13,4;4,12,25,26,27,14;4,13,27,28,15,5;5,14,28,29,30,16;5,15,30,17,6;6,16,30,31,18,7;7,17,31,32,33,19;7,18,33,20,8;8,19,33,34,21,9;9,20,34,35,22,10;10,21,35,23,11;11,22,35,36,37,24;11,23,37,25,12;12,24,37,38,26,13;13,25,38,39,40,27;13,26,40,41,28,14;14,27,41,29,15;15,28,41,42,43,30;15,29,43,31,17,16;17,30,43,32,18;18,31,43,44,45,33;18,32,45,34,20,19;20,33,45,46,35,21;21,34,46,36,23,22;23,35,46,47,37;23,36,47,38,25,24;25,37,47,39,26;26,38,47,48,49,40;26,39,49,41,27;27,40,49,42,29,28;29,41,49,44,43;29,42,44,32,31,30;32,43,42,49,48,45;32,44,48,46,34,33;34,45,48,47,36,35;36,46,48,39,38,37;39,47,46,45,44,49;39,48,44,42,41,40
ipr#591 52 1,2,3,4,5,6;0,6,7,8,9,2;0,1,9,10,11,3;0,2,11,12,13,4;0,3,13,14,15,5;0,4,15,16,6;0,5,16,17,7,1;1,6,17,18,8;1,7,18,19,20,9;1,8,20,21,10,2;2,9,21,22,23,11;2,10,23,12,3;3,11,23,24,25,13;3,12,25,26,14,4;4,13,26,27,28,15;4,14,28,29,16,5;5,15,29,30,17,6;6,16,30,31,18,7;7,17,31,32,19,8;8,18,32,33,34,20;8,19,34,21,9;9,20,34,35,22,10;10,21,35,36,37,23;10,22,37,24,12,11;12,23,37,38,39,25;12,24,39,26,13;13,25,39,40,27,14;14,26,40,41,28;14,27,41,42,29,15;15,28,42,30,16;16,29,42,43,31,17;17,30,43,32,18;18,31,43,44,33,19;19,32,44,45,34;19,33,45,35,21,20;21,34,45,46,36,22;22,35,46,47,38,37;22,36,38,24,23;24,37,36,47,48,39;24,38,48,40,26,25;26,39,48,49,41,27;27,40,49,50,42,28;28,41,50,43,30,29;30,42,50,44,32,31;32,43,50,51,45,33;33,44,51,46,35,34;35,45,51,47,36;36,46,51,49,48,38;38,47,49,40,39;40,48,47,51,50,41;41,49,51,44,43,42;44,50,49,47,46,45
ipr#593 52 1,2,3,4,5,6;0,6,7,8,2;0,1,8,9,10,3;0,2,10,11,12,4;0,3,12,13,14,5;0,4,14,15,6;0,5,15,16,7,1;1,6,16,17,18,8;1,7,18,19,9,2;2,8,19,20,21,10;2,9,21,22,11,3;3,10,22,23,24,12;3,11,24,25,13,4;4,12,25,26,27,14;4,13,27,28,15,5;5,14,28,29,16,6;6,15,29,30,17,7;7,16,30,31,32,18;7,17,32,19,8;8,18,32,33,20,9;9,19,33,34,35,21;9,20,35,36,22,10;10,21,36,23,11;11,22,36,37,38,24;11,23,38,25,12;12,24,38,39,26,13;13,25,39,40,27;13,26,40,41,28,14;14,27,41,29,15;15,28,41,42,30,16;16,29,42,43,31,17;17,30,43,44,32;17,31,44,33,19,18;19,32,44,45,34,20;20,33,45,46,47,35;20,34,47,36,21;21,35,47,37,23,22;23,36,47,48,38;23,37,48,39,25,24;25,38,48,49,40,26;26,39,49,50,41,27;27,40,50,42,29,28;29,41,50,43,30;30,42,50,51,44,31;31,43,51,45,33,32;33,44,51,46,34;34,45,51,49,48,47;34,46,48,37,36,35;37,47,46,49,39,38;39,48,46,51,50,40;40,49,51,43,42,41;43,50,49,46,45,44
ipr#595 52 1,2,3,4,5,6;0,6,7,8,2;0,1,8,9,10,3;0,2,10,11,12,4;0,3,12,13,14,5;0,4,14,15,6;0,5,15,16,7,1;1,6,16,17,18,8;1,7,18,19,9,2;2,8,19,20,21,10;2,9,21,22,11,3;3,10,22,23,24,12;3,11,24,25,13,4;4,12,25,26,27,14;4,13,27,28,15,5;5,14,28,29,16,6;6,15,29,30,17,7;7,16,30,31,32,18;7,17,32,19,8;8,18,32,33,20,9;9,19,33,34,35,21;9,20,35,22,10;10,21,35,36,23,11;11,22,36,37,38,24;11,23,38,25,12;12,24,38,39,26,13;13,25,39,40,27;13,26,40,41,28,14;14,27,41,29,15;15,28,41,42,30,16;16,29,42,43,31,17;17,30,43,44,32;17,31,44,33,19,18;19,32,44,45,34,20;20,33,45,46,35;20,34,46,36,22,21;22,35,46,37,23;23,36,46,47,48,38;23,37,48,39,25,24;25,38,48,49,40,26;26,39,49,50,41,27;27,40,50,42,29,28;29,41,50,43,30;30,42,50,51,44,31;31,43,51,45,33,32;33,44,51,47,46,34;34,45,47,37,36,35;37,46,45,51,49,48;37,47,49,39,38;39,48,47,51,50,40;40,49,51,43,42,41;43,50,49,47,45,44
ipr#597 44 1,2,3,4,5,6;0,6,7,8,9,2;0,1,9,10,11,3;0,2,11,12,13,4;0,3,13,14,15,5;0,4,15,16,6;0,5,16,17,7,1;1,6,17,18,8;1,7,18,19,20,9;1,8,20,10,2;2,9,20,21,22,11;2,10,22,12,3;3,11,22,23,24,13;3,12,24,14,4;4,13,24,25,26,15;4,14,26,27,16,5;5,15,27,28,17,6;6,16,28,29,18,7;7,17,29,30,19,8;8,18,30,31,20;8,19,31,21,10,9;10,20,31,32,33,22;10,21,33,23,12,11;12,22,33,34,35,24;12,23,35,25,14,13;14,24,35,36,37,26;14,25,37,38,27,15;15,26,38,28,16;16,27,38,39,29,17;17,28,39,40,30,18;18,29,40,41,31,19;19,30,41,32,21,20;21,31,41,42,34,33;21,32,34,23,22;23,33,32,42,36,35;23,34,36,25,24;25,35,34,42,43,37;25,36,43,38,26;26,37,43,39,28,27;28,38,43,40,29;29,39,43,42,41,30;30,40,42,32,31;32,41,40,43,36,34;36,42,40,39,38,37
ipr#599 50 1,2,3,4,5,6;0,6,7,8,9,2;0,1,9,10,11,3;0,2,11,12,13,4;0,3,13,14,15,5;0,4,15,16,17,6;0,5,17,18,7,1;1,6,18,19,8;1,7,19,20,21,9;1,8,21,10,2;2,9,21,22,23,11;2,10,23,12,3;3,11,23,24,25,13;3,12,25,14,4;4,13,25,26,27,15;4,14,27,28,16,5;5,15,28,29,30,17;5,16,30,18,6;6,17,30,31,19,7;7,18,31,32,20,8;8,19,32,33,34,21;8,20,34,22,10,9;10,21,34,35,36,23;10,22,36,24,12,11;12,23,36,37,38,25;12,24,38,26,14,13;14,25,38,39,40,27;14,26,40,41,28,15;15,27,41,42,29,16;16,28,42,43,30;16,29,43,31,18,17;18,30,43,32,19;19,31,43,44,33,20;20,32,44,45,46,34;20,33,46,35,22,21;22,34,46,47,37,36;22,35,37,24,23;24,36,35,47,39,38;24,37,39,26,25;26,38,37,47,48,40;26,39,48,41,27;27,40,48,49,42,28;28,41,49,44,43,29;29,42,44,32,31,30;32,43,42,49,45,33;33,44,49,48,47,46;33,45,47,35,34;35,46,45,48,39,37;39,47,45,49,41,40;41,48,45,44,42
ipr#601 50 1,2,3,4,5,6;0,6,7,8,9,2;0,1,9,10,11,3;0,2,11,12,13,4;0,3,13,14,15,5;0,4,15,16,6;0,5,16,17,7,1;1,6,17,18,19,8;1,7,19,20,21,9;1,8,21,10,2;2,9,21,22,23,11;2,10,23,12,3;3,11,23,24,25,13;3,12,25,14,4;4,13,25,26,27,15;4,14,27,28,16,5;5,15,28,29,17,6;6,16,29,30,18,7;7,17,30,31,19;7,18,31,32,20,8;8,19,32,33,34,21;8,20,34,22,10,9;10,21,34,35,36,23;10,22,36,24,12,11;12,23,36,37,38,25;12,24,38,26,14,13;14,25,38,39,40,27;14,26,40,41,28,15;15,27,41,42,29,16;16,28,42,30,17;17,29,42,43,31,18;18,30,43,44,32,19;19,31,44,33,20;20,32,44,45,46,34;20,33,46,35,22,21;22,34,46,47,37,36;22,35,37,24,23;24,36,35,47,39,38;24,37,39,26,25;26,38,37,47,48,40;26,39,48,41,27;27,40,48,49,42,28;28,41,49,43,30,29;30,42,49,44,31;31,43,49,45,33,32;33,44,49,48,47,46;33,45,47,35,34;35,46,45,48,39,37;39,47,45,49,41,40;41,48,45,44,43,42
ipr#603 50 1,2,3,4,5,6;0,6,7,8,9,2;0,1,9,10,11,3;0,2,11,12,13,4;0,3,13,14,5;0,4,14,15,16,6;0,5,16,7,1;1,6,16,17,18,8;1,7,18,19,20,9;1,8,20,10,2;2,9,20,21,22,11;2,10,22,12,3;3,11,22,23,24,13;3,12,24,25,14,4;4,13,25,26,15,5;5,14,26,27,28,16;5,15,28,17,7,6;7,16,28,29,30,18;7,17,30,19,8;8,18,30,31,32,20;8,19,32,21,10,9;10,20,32,33,34,22;10,21,34,23,12,11;12,22,34,35,36,24;12,23,36,37,25,13;13,24,37,38,26,14;14,25,38,39,27,15;15,26,39,40,29,28;15,27,29,17,16;17,28,27,40,41,30;17,29,41,31,19,18;19,30,41,42,43,32;19,31,43,33,21,20;21,32,43,44,35,34;21,33,35,23,22;23,34,33,44,45,36;23,35,45,37,24;24,36,45,46,38,25;25,37,46,47,39,26;26,38,47,40,27;27,39,47,48,41,29;29,40,48,42,31,30;31,41,48,49,44,43;31,42,44,33,32;33,43,42,49,45,35;35,44,49,46,37,36;37,45,49,47,38;38,46,49,48,40,39;40,47,49,42,41;42,48,47,46,45,44
ipr#605 50 1,2,3,4,5,6;0,6,7,8,9,2;0,1,9,10,11,3;0,2,11,12,13,4;0,3,13,14,15,5;0,4,15,16,17,6;0,5,17,7,1;1,6,17,18,19,8;1,7,19,20,21,9;1,8,21,10,2;2,9,21,22,23,11;2,10,23,12,3;3,11,23,24,25,13;3,12,25,26,14,4;4,13,26,27,15;4,14,27,28,16,5;5,15,28,29,17;5,16,29,18,7,6;7,17,29,30,31,19;7,18,31,32,20,8;8,19,32,33,21;8,20,33,22,10,9;10,21,33,34,35,23;10,22,35,24,12,11;12,23,35,36,37,25;12,24,37,38,26,13;13,25,38,39,27,14;14,26,39,40,28,15;15,27,40,41,29,16;16,28,41,30,18,17;18,29,41,42,43,31;18,30,43,44,32,19;19,31,44,45,33,20;20,32,45,34,22,21;22,33,45,46,36,35;22,34,36,24,23;24,35,34,46,47,37;24,36,47,38,25;25,37,47,48,39,26;26,38,48,40,27;27,39,48,42,41,28;28,40,42,30,29;30,41,40,48,49,43;30,42,49,44,31;31,43,49,46,45,32;32,44,46,34,33;34,45,44,49,47,36;36,46,49,48,38,37;38,47,49,42,40,39;42,48,47,46,44,43
ipr#607 50 1,2,3,4,5,6;0,6,7,8,9,2;0,1,9,10,11,3;0,2,11,12,13,4;0,3,13,14,5;0,4,14,15,16,6;0,5,16,17,7,1;1,6,17,18,19,8;1,7,19,20,21,9;1,8,21,10,2;2,9,21,22,23,11;2,10,23,12,3;3,11,23,24,25,13;3,12,25,26,14,4;4,13,26,27,15,5;5,14,27,28,16;5,15,28,29,17,6;6,16,29,18,7;7,17,29,30,31,19;7,18,31,32,20,8;8,19,32,33,21;8,20,33,22,10,9;10,21,33,34,35,23;10,22,35,24,12,11;12,23,35,36,37,25;12,24,37,38,26,13;13,25,38,39,27,14;14,26,39,40,28,15;15,27,40,41,29,16;16,28,41,30,18,17;18,29,41,42,31;18,30,42,43,32,19;19,31,43,44,33,20;20,32,44,34,22,21;22,33,44,45,36,35;22,34,36,24,23;24,35,34,45,46,37;24,36,46,38,25;25,37,46,47,39,26;26,38,47,48,40,27;27,39,48,41,28;28,40,48,42,30,29;30,41,48,49,43,31;31,42,49,45,44,32;32,43,45,34,33;34,44,43,49,46,36;36,45,49,47,38,37;38,46,49,48,39;39,47,49,42,41,40;42,48,47,46,45,43
ipr#609 48 1,2,3,4,5,6;0,6,7,8,9,2;0,1,9,10,11,3;0,2,11,12,13,4;0,3,13,14,5;0,4,14,15,16,6;0,5,16,17,7,1;1,6,17,18,8;1,7,18,19,20,9;1,8,20,10,2;2,9,20,21,22,11;2,10,22,23,12,3;3,11,23,24,13;3,12,24,25,14,4;4,13,25,26,15,5;5,14,26,27,28,16;5,15,28,29,17,6;6,16,29,30,18,7;7,17,30,31,19,8;8,18,31,32,20;8,19,32,21,10,9;10,20,32,33,34,22;10,21,34,23,11;11,22,34,35,24,12;12,23,35,36,25,13;13,24,36,26,14;14,25,36,37,27,15;15,26,37,38,39,28;15,27,39,29,16;16,28,39,40,30,17;17,29,40,41,31,18;18,30,41,42,32,19;19,31,42,33,21,20;21,32,42,43,44,34;21,33,44,35,23,22;23,34,44,45,36,24;24,35,45,37,26,25;26,36,45,46,38,27;27,37,46,47,39;27,38,47,40,29,28;29,39,47,41,30;30,40,47,43,42,31;31,41,43,33,32;33,42,41,47,46,44;33,43,46,45,35,34;35,44,46,37,36;37,45,44,43,47,38;38,46,43,41,40,39
ipr#611 48 1,2,3,4,5,6;0,6,7,8,9,2;0,1,9,10,11,3;0,2,11,12,13,4;0,3,13,14,15,5;0,4,15,16,17,6;0,5,17,18,7,1;1,6,18,19,8;1,7,19,20,21,9;1,8,21,10,2;2,9,21,22,23,11;2,10,23,12,3;3,11,23,24,25,13;3,12,25,14,4;4,13,25,26,27,15;4,14,27,16,5;5,15,27,28,29,17;5,16,29,30,18,6;6,17,30,31,19,7;7,18,31,32,20,8;8,19,32,33,21;8,20,33,22,10,9;10,21,33,34,35,23;10,22,35,24,12,11;12,23,35,36,25;12,24,36,26,14,13;14,25,36,37,38,27;14,26,38,28,16,15;16,27,38,39,40,29;16,28,40,30,17;17,29,40,41,31,18;18,30,41,42,32,19;19,31,42,43,33,20;20,32,43,34,22,21;22,33,43,44,45,35;22,34,45,36,24,23;24,35,45,37,26,25;26,36,45,46,38;26,37,46,39,28,27;28,38,46,47,40;28,39,47,41,30,29;30,40,47,42,31;31,41,47,44,43,32;32,42,44,34,33;34,43,42,47,46,45;34,44,46,37,36,35;37,45,44,47,39,38;39,46,44,42,41,40
ipr#613 51 1,2,3,4,5,6;0,6,7,8,9,2;0,1,9,10,11,3;0,2,11,12,13,4;0,3,13,14,5;0,4,14,15,16,6;0,5,16,7,1;1,6,16,17,18,8;1,7,18,19,20,9;1,8,20,10,2;2,9,20,21,22,11;2,10,22,12,3;3,11,22,23,24,13;3,12,24,25,14,4;4,13,25,26,15,5;5,14,26,27,28,16;5,15,28,17,7,6;7,16,28,29,30,18;7,17,30,31,19,8;8,18,31,32,20;8,19,32,21,10,9;10,20,32,33,34,22;10,21,34,23,12,11;12,22,34,35,24;12,23,35,36,25,13;13,24,36,37,26,14;14,25,37,27,15;15,26,37,38,39,28;15,27,39,29,17,16;17,28,39,40,41,30;17,29,41,42,31,18;18,30,42,43,32,19;19,31,43,33,21,20;21,32,43,44,45,34;21,33,45,35,23,22;23,34,45,46,36,24;24,35,46,47,37,25;25,36,47,38,27,26;27,37,47,48,40,39;27,38,40,29,28;29,39,38,48,49,41;29,40,49,42,30;30,41,49,44,43,31;31,42,44,33,32;33,43,42,49,50,45;33,44,50,46,35,34;35,45,50,47,36;36,46,50,48,38,37;38,47,50,49,40;40,48,50,44,42,41;44,49,48,47,46,45
ipr#615 49 1,2,3,4,5,6;0,6,7,8,2;0,1,8,9,10,3;0,2,10,11,12,4;0,3,12,13,14,5;0,4,14,15,16,6;0,5,16,17,7,1;1,6,17,18,19,8;1,7,19,20,9,2;2,8,20,21,22,10;2,9,22,11,3;3,10,22,23,24,12;3,11,24,13,4;4,12,24,25,26,14;4,13,26,27,15,5;5,14,27,28,29,16;5,15,29,17,6;6,16,29,30,18,7;7,17,30,31,19;7,18,31,32,20,8;8,19,32,33,21,9;9,20,33,34,35,22;9,21,35,23,11,10;11,22,35,36,37,24;11,23,37,25,13,12;13,24,37,38,39,26;13,25,39,27,14;14,26,39,40,28,15;15,27,40,41,29;15,28,41,30,17,16;17,29,41,42,31,18;18,30,42,43,32,19;19,31,43,33,20;20,32,43,44,34,21;21,33,44,45,36,35;21,34,36,23,22;23,35,34,45,38,37;23,36,38,25,24;25,37,36,45,46,39;25,38,46,40,27,26;27,39,46,47,41,28;28,40,47,42,30,29;30,41,47,48,43,31;31,42,48,44,33,32;33,43,48,45,34;34,44,48,46,38,36;38,45,48,47,40,39;40,46,48,42,41;42,47,46,45,44,43
ipr#617 52 1,2,3,4,5,6;0,6,7,8,2;0,1,8,9,10,3;0,2,10,11,12,4;0,3,12,13,14,5;0,4,14,15,16,6;0,5,16,17,7,1;1,6,17,18,19,8;1,7,19,20,9,2;2,8,20,21,22,10;2,9,22,11,3;3,10,22,23,24,12;3,11,24,13,4;4,12,24,25,26,14;4,13,26,27,15,5;5,14,27,28,29,16;5,15,29,17,6;6,16,29,30,18,7;7,17,30,31,19;7,18,31,32,20,8;8,19,32,33,21,9;9,20,33,34,35,22;9,21,35,23,11,10;11,22,35,36,37,24;11,23,37,25,13,12;13,24,37,38,39,26;13,25,39,27,14;14,26,39,40,28,15;15,27,40,41,42,29;15,28,42,30,17,16;17,29,42,43,31,18;18,30,43,44,32,19;19,31,44,45,33,20;20,32,45,46,34,21;21,33,46,47,36,35;21,34,36,23,22;23,35,34,47,38,37;23,36,38,25,24;25,37,36,47,48,39;25,38,48,40,27,26;27,39,48,49,41,28;28,40,49,50,43,42;28,41,43,30,29;30,42,41,50,44,31;31,43,50,45,32;32,44,50,51,46,33;33,45,51,47,34;34,46,51,48,38,36;38,47,51,49,40,39;40,48,51,50,41;41,49,51,45,44,43;45,50,49,48,47,46
ipr#619 52 1,2,3,4,5,6;0,6,7,8,9,2;0,1,9,10,3;0,2,10,11,12,4;0,3,12,13,14,5;0,4,14,15,16,6;0,5,16,7,1;1,6,16,17,18,8;1,7,18,19,9;1,8,19,20,10,2;2,9,20,21,11,3;3,10,21,22,23,12;3,11,23,13,4;4,12,23,24,25,14;4,13,25,26,15,5;5,14,26,27,28,16;5,15,28,17,7,6;7,16,28,29,30,18;7,17,30,31,19,8;8,18,31,32,20,9;9,19,32,33,21,10;10,20,33,34,22,11;11,21,34,35,36,23;11,22,36,24,13,12;13,23,36,37,38,25;13,24,38,26,14;14,25,38,39,27,15;15,26,39,40,28;15,27,40,29,17,16;17,28,40,41,42,30;17,29,42,31,18;18,30,42,43,32,19;19,31,43,44,33,20;20,32,44,45,34,21;21,33,45,35,22;22,34,45,46,37,36;22,35,37,24,23;24,36,35,46,47,38;24,37,47,39,26,25;26,38,47,48,40,27;27,39,48,41,29,28;29,40,48,49,50,42;29,41,50,43,31,30;31,42,50,44,32;32,43,50,51,45,33;33,44,51,46,35,34;35,45,51,49,47,37;37,46,49,48,39,38;39,47,49,41,40;41,48,47,46,51,50;41,49,51,44,43,42;44,50,49,46,45
ipr#621 44 1,2,3,4,5,6;0,6,7,8,9,2;0,1,9,10,11,3;0,2,11,12,13,4;0,3,13,14,15,5;0,4,15,16,6;0,5,16,17,7,1;1,6,17,18,8;1,7,18,19,20,9;1,8,20,10,2;2,9,20,21,22,11;2,10,22,12,3;3,11,22,23,24,13;3,12,24,14,4;4,13,24,25,26,15;4,14,26,27,16,5;5,15,27,28,17,6;6,16,28,29,18,7;7,17,29,30,19,8;8,18,30,31,32,20;8,19,32,21,10,9;10,20,32,33,22;10,21,33,23,12,11;12,22,33,34,35,24;12,23,35,25,14,13;14,24,35,36,26;14,25,36,37,27,15;15,26,37,28,16;16,27,37,38,29,17;17,28,38,39,30,18;18,29,39,31,19;19,30,39,40,41,32;19,31,41,33,21,20;21,32,41,34,23,22;23,33,41,40,42,35;23,34,42,36,25,24;25,35,42,43,37,26;26,36,43,38,28,27;28,37,43,39,29;29,38,43,40,31,30;31,39,43,42,34,41;31,40,34,33,32;34,40,43,36,35;36,42,40,39,38,37
ipr#623 50 1,2,3,4,5,6;0,6,7,8,9,2;0,1,9,10,11,3;0,2,11,12,13,4;0,3,13,14,5;0,4,14,15,16,6;0,5,16,7,1;1,6,16,17,18,8;1,7,18,19,20,9;1,8,20,10,2;2,9,20,21,22,11;2,10,22,12,3;3,11,22,23,24,13;3,12,24,25,14,4;4,13,25,26,15,5;5,14,26,27,28,16;5,15,28,17,7,6;7,16,28,29,30,18;7,17,30,31,19,8;8,18,31,32,33,20;8,19,33,21,10,9;10,20,33,34,22;10,21,34,23,12,11;12,22,34,35,36,24;12,23,36,37,25,13;13,24,37,38,26,14;14,25,38,39,27,15;15,26,39,40,29,28;15,27,29,17,16;17,28,27,40,41,30;17,29,41,31,18;18,30,41,42,32,19;19,31,42,43,44,33;19,32,44,34,21,20;21,33,44,35,23,22;23,34,44,43,45,36;23,35,45,46,37,24;24,36,46,38,25;25,37,46,47,39,26;26,38,47,40,27;27,39,47,48,41,29;29,40,48,42,31,30;31,41,48,49,43,32;32,42,49,45,35,44;32,43,35,34,33;35,43,49,46,36;36,45,49,47,38,37;38,46,49,48,40,39;40,47,49,42,41;42,48,47,46,45,43
ipr#625 47 1,2,3,4,5,6;0,6,7,8,9,2;0,1,9,10,11,3;0,2,11,12,13,4;0,3,13,14,15,5;0,4,15,16,6;0,5,16,17,7,1;1,6,17,18,8;1,7,18,19,20,9;1,8,20,10,2;2,9,20,21,22,11;2,10,22,23,12,3;3,11,23,24,25,13;3,12,25,14,4;4,13,25,26,27,15;4,14,27,28,16,5;5,15,28,29,17,6;6,16,29,30,18,7;7,17,30,31,19,8;8,18,31,32,33,20;8,19,33,21,10,9;10,20,33,34,22;10,21,34,35,23,11;11,22,35,24,12;12,23,35,36,37,25;12,24,37,26,14,13;14,25,37,38,27;14,26,38,39,28,15;15,27,39,29,16;16,28,39,40,30,17;17,29,40,41,31,18;18,30,41,32,19;19,31,41,42,43,33;19,32,43,34,21,20;21,33,43,44,35,22;22,34,44,36,24,23;24,35,44,45,37;24,36,45,38,26,25;26,37,45,46,39,27;27,38,46,40,29,28;29,39,46,41,30;30,40,46,42,32,31;32,41,46,45,44,43;32,42,44,34,33;34,43,42,45,36,35;36,44,42,46,38,37;38,45,42,41,40,39
ipr#627 50 1,2,3,4,5,6;0,6,7,8,9,2;0,1,9,10,11,3;0,2,11,12,13,4;0,3,13,14,15,5;0,4,15,16,6;0,5,16,17,7,1;1,6,17,18,8;1,7,18,19,20,9;1,8,20,10,2;2,9,20,21,22,11;2,10,22,23,12,3;3,11,23,24,13;3,12,24,25,14,4;4,13,25,26,27,15;4,14,27,28,16,5;5,15,28,29,17,6;6,16,29,30,18,7;7,17,30,31,19,8;8,18,31,32,33,20;8,19,33,21,10,9;10,20,33,34,35,22;10,21,35,23,11;11,22,35,36,24,12;12,23,36,37,25,13;13,24,37,38,26,14;14,25,38,39,27;14,26,39,40,28,15;15,27,40,29,16;16,28,40,41,30,17;17,29,41,42,31,18;18,30,42,32,19;19,31,42,43,44,33;19,32,44,34,21,20;21,33,44,45,46,35;21,34,46,36,23,22;23,35,46,37,24;24,36,46,47,38,25;25,37,47,48,39,26;26,38,48,49,40,27;27,39,49,41,29,28;29,40,49,42,30;30,41,49,43,32,31;32,42,49,48,45,44;32,43,45,34,33;34,44,43,48,47,46;34,45,47,37,36,35;37,46,45,48,38;38,47,45,43,49,39;39,48,43,42,41,40
ipr#629 50 1,2,3,4,5,6;0,6,7,8,9,2;0,1,9,10,11,3;0,2,11,12,13,4;0,3,13,14,15,5;0,4,15,16,6;0,5,16,17,7,1;1,6,17,18,8;1,7,18,19,20,9;1,8,20,10,2;2,9,20,21,22,11;2,10,22,23,12,3;3,11,23,24,13;3,12,24,25,14,4;4,13,25,26,27,15;4,14,27,28,16,5;5,15,28,29,17,6;6,16,29,30,18,7;7,17,30,31,19,8;8,18,31,32,33,20;8,19,33,21,10,9;10,20,33,34,22;10,21,34,35,23,11;11,22,35,36,24,12;12,23,36,37,25,13;13,24,37,26,14;14,25,37,38,39,27;14,26,39,40,28,15;15,27,40,29,16;16,28,40,41,30,17;17,29,41,42,31,18;18,30,42,32,19;19,31,42,43,44,33;19,32,44,34,21,20;21,33,44,45,35,22;22,34,45,46,36,23;23,35,46,37,24;24,36,46,38,26,25;26,37,46,47,48,39;26,38,48,49,40,27;27,39,49,41,29,28;29,40,49,42,30;30,41,49,43,32,31;32,42,49,48,47,44;32,43,47,45,34,33;34,44,47,46,35;35,45,47,38,37,36;38,46,45,44,43,48;38,47,43,49,39;39,48,43,42,41,40
ipr#631 51 1,2,3,4,5,6;0,6,7,8,9,2;0,1,9,10,11,3;0,2,11,12,13,4;0,3,13,14,15,5;0,4,15,16,17,6;0,5,17,7,1;1,6,17,18,19,8;1,7,19,20,21,9;1,8,21,10,2;2,9,21,22,23,11;2,10,23,12,3;3,11,23,24,25,13;3,12,25,14,4;4,13,25,26,27,15;4,14,27,28,16,5;5,15,28,29,30,17;5,16,30,18,7,6;7,17,30,31,32,19;7,18,32,33,20,8;8,19,33,34,35,21;8,20,35,22,10,9;10,21,35,36,23;10,22,36,24,12,11;12,23,36,37,38,25;12,24,38,26,14,13;14,25,38,39,40,27;14,26,40,28,15;15,27,40,41,29,16;16,28,41,42,31,30;16,29,31,18,17;18,30,29,42,43,32;18,31,43,33,19;19,32,43,44,34,20;20,33,44,45,46,35;20,34,46,36,22,21;22,35,46,37,24,23;24,36,46,45,47,38;24,37,47,39,26,25;26,38,47,48,49,40;26,39,49,41,28,27;28,40,49,42,29;29,41,49,50,43,31;31,42,50,44,33,32;33,43,50,48,45,34;34,44,48,47,37,46;34,45,37,36,35;37,45,48,39,38;39,47,45,44,50,49;39,48,50,42,41,40;42,49,48,44,43
ipr#633 52 1,2,3,4,5,6;0,6,7,8,2;0,1,8,9,10,3;0,2,10,11,12,4;0,3,12,13,14,5;0,4,14,15,6;0,5,15,16,7,1;1,6,16,17,18,8;1,7,18,19,9,2;2,8,19,20,21,10;2,9,21,22,11,3;3,10,22,23,24,12;3,11,24,13,4;4,12,24,25,26,14;4,13,26,27,15,5;5,14,27,28,16,6;6,15,28,29,17,7;7,16,29,30,18;7,17,30,31,19,8;8,18,31,32,20,9;9,19,32,33,21;9,20,33,34,22,10;10,21,34,35,23,11;11,22,35,36,37,24;11,23,37,25,13,12;13,24,37,38,26;13,25,38,39,27,14;14,26,39,28,15;15,27,39,40,29,16;16,28,40,41,30,17;17,29,41,42,31,18;18,30,42,32,19;19,31,42,43,33,20;20,32,43,44,34,21;21,33,44,35,22;22,34,44,45,36,23;23,35,45,46,47,37;23,36,47,38,25,24;25,37,47,48,39,26;26,38,48,40,28,27;28,39,48,49,41,29;29,40,49,50,42,30;30,41,50,43,32,31;32,42,50,51,44,33;33,43,51,45,35,34;35,44,51,46,36;36,45,51,49,48,47;36,46,48,38,37;38,47,46,49,40,39;40,48,46,51,50,41;41,49,51,43,42;43,50,49,46,45,44
ipr#635 52 1,2,3,4,5,6;0,6,7,8,9,2;0,1,9,10,3;0,2,10,11,12,4;0,3,12,13,14,5;0,4,14,15,6;0,5,15,16,7,1;1,6,16,17,18,8;1,7,18,19,20,9;1,8,20,21,10,2;2,9,21,22,11,3;3,10,22,23,24,12;3,11,24,13,4;4,12,24,25,26,14;4,13,26,27,15,5;5,14,27,28,16,6;6,15,28,29,17,7;7,16,29,30,31,18;7,17,31,19,8;8,18,31,32,33,20;8,19,33,21,9;9,20,33,34,22,10;10,21,34,35,23,11;11,22,35,36,37,24;11,23,37,25,13,12;13,24,37,38,39,26;13,25,39,40,27,14;14,26,40,28,15;15,27,40,41,29,16;16,28,41,30,17;17,29,41,42,43,31;17,30,43,32,19,18;19,31,43,44,45,33;19,32,45,34,21,20;21,33,45,46,35,22;22,34,46,36,23;23,35,46,47,38,37;23,36,38,25,24;25,37,36,47,48,39;25,38,48,49,40,26;26,39,49,41,28,27;28,40,49,42,30,29;30,41,49,50,44,43;30,42,44,32,31;32,43,42,50,51,45;32,44,51,46,34,33;34,45,51,47,36,35;36,46,51,50,48,38;38,47,50,49,39;39,48,50,42,41,40;42,49,48,47,51,44;44,50,47,46,45
ipr#637 44 1,2,3,4,5,6;0,6,7,8,9,2;0,1,9,10,11,3;0,2,11,12,13,4;0,3,13,14,15,5;0,4,15,16,6;0,5,16,17,7,1;1,6,17,18,8;1,7,18,19,20,9;1,8,20,10,2;2,9,20,21,22,11;2,10,22,12,3;3,11,22,23,24,13;3,12,24,14,4;4,13,24,25,26,15;4,14,26,27,16,5;5,15,27,28,17,6;6,16,28,29,18,7;7,17,29,30,19,8;8,18,30,31,20;8,19,31,21,10,9;10,20,31,32,33,22;10,21,33,23,12,11;12,22,33,34,35,24;12,23,35,25,14,13;14,24,35,36,26;14,25,36,37,27,15;15,26,37,28,16;16,27,37,38,29,17;17,28,38,39,30,18;18,29,39,40,31,19;19,30,40,32,21,20;21,31,40,41,34,33;21,32,34,23,22;23,33,32,41,42,35;23,34,42,36,25,24;25,35,42,43,37,26;26,36,43,38,28,27;28,37,43,39,29;29,38,43,41,40,30;30,39,41,32,31;32,40,39,43,42,34;34,41,43,36,35;36,42,41,39,38,37
ipr#639 50 1,2,3,4,5,6;0,6,7,8,9,2;0,1,9,10,11,3;0,2,11,12,13,4;0,3,13,14,15,5;0,4,15,16,17,6;0,5,17,18,7,1;1,6,18,19,8;1,7,19,20,21,9;1,8,21,10,2;2,9,21,22,23,11;2,10,23,12,3;3,11,23,24,25,13;3,12,25,14,4;4,13,25,26,27,15;4,14,27,28,16,5;5,15,28,29,17;5,16,29,30,18,6;6,17,30,31,19,7;7,18,31,32,20,8;8,19,32,33,34,21;8,20,34,22,10,9;10,21,34,35,36,23;10,22,36,24,12,11;12,23,36,37,38,25;12,24,38,26,14,13;14,25,38,39,27;14,26,39,40,28,15;15,27,40,41,29,16;16,28,41,42,30,17;17,29,42,31,18;18,30,42,43,32,19;19,31,43,33,20;20,32,43,44,45,34;20,33,45,35,22,21;22,34,45,46,37,36;22,35,37,24,23;24,36,35,46,47,38;24,37,47,39,26,25;26,38,47,48,40,27;27,39,48,49,41,28;28,40,49,42,29;29,41,49,43,31,30;31,42,49,44,33,32;33,43,49,48,46,45;33,44,46,35,34;35,45,44,48,47,37;37,46,48,39,38;39,47,46,44,49,40;40,48,44,43,42,41
ipr#641 50 1,2,3,4,5,6;0,6,7,8,9,2;0,1,9,10,11,3;0,2,11,12,13,4;0,3,13,14,15,5;0,4,15,16,6;0,5,16,17,7,1;1,6,17,18,19,8;1,7,19,20,21,9;1,8,21,10,2;2,9,21,22,23,11;2,10,23,12,3;3,11,23,24,25,13;3,12,25,14,4;4,13,25,26,27,15;4,14,27,28,16,5;5,15,28,29,17,6;6,16,29,30,18,7;7,17,30,31,19;7,18,31,32,20,8;8,19,32,33,34,21;8,20,34,22,10,9;10,21,34,35,36,23;10,22,36,24,12,11;12,23,36,37,38,25;12,24,38,26,14,13;14,25,38,39,27;14,26,39,40,28,15;15,27,40,41,29,16;16,28,41,30,17;17,29,41,42,31,18;18,30,42,43,32,19;19,31,43,33,20;20,32,43,44,45,34;20,33,45,35,22,21;22,34,45,46,37,36;22,35,37,24,23;24,36,35,46,47,38;24,37,47,39,26,25;26,38,47,48,40,27;27,39,48,49,41,28;28,40,49,42,30,29;30,41,49,43,31;31,42,49,44,33,32;33,43,49,48,46,45;33,44,46,35,34;35,45,44,48,47,37;37,46,48,39,38;39,47,46,44,49,40;40,48,44,43,42,41
ipr#643 51 1,2,3,4,5,6;0,6,7,8,9,2;0,1,9,10,11,3;0,2,11,12,13,4;0,3,13,14,15,5;0,4,15,16,6;0,5,16,17,7,1;1,6,17,18,8;1,7,18,19,20,9;1,8,20,21,10,2;2,9,21,22,23,11;2,10,23,12,3;3,11,23,24,25,13;3,12,25,14,4;4,13,25,26,27,15;4,14,27,28,16,5;5,15,28,29,17,6;6,16,29,30,18,7;7,17,30,31,19,8;8,18,31,32,33,20;8,19,33,21,9;9,20,33,34,22,10;10,21,34,35,36,23;10,22,36,24,12,11;12,23,36,37,38,25;12,24,38,26,14,13;14,25,38,39,27;14,26,39,40,28,15;15,27,40,41,29,16;16,28,41,30,17;17,29,41,42,31,18;18,30,42,43,32,19;19,31,43,44,33;19,32,44,34,21,20;21,33,44,45,35,22;22,34,45,46,37,36;22,35,37,24,23;24,36,35,46,47,38;24,37,47,39,26,25;26,38,47,48,40,27;27,39,48,49,41,28;28,40,49,42,30,29;30,41,49,43,31;31,42,49,50,44,32;32,43,50,45,34,33;34,44,50,46,35;35,45,50,48,47,37;37,46,48,39,38;39,47,46,50,49,40;40,48,50,43,42,41;43,49,48,46,45,44
ipr#645 50 1,2,3,4,5,6;0,6,7,8,9,2;0,1,9,10,11,3;0,2,11,12,13,4;0,3,13,14,15,5;0,4,15,16,6;0,5,16,17,7,1;1,6,17,18,8;1,7,18,19,20,9;1,8,20,10,2;2,9,20,21,22,11;2,10,22,23,12,3;3,11,23,24,25,13;3,12,25,14,4;4,13,25,26,27,15;4,14,27,28,16,5;5,15,28,29,17,6;6,16,29,30,18,7;7,17,30,31,19,8;8,18,31,32,33,20;8,19,33,21,10,9;10,20,33,34,35,22;10,21,35,23,11;11,22,35,36,24,12;12,23,36,37,38,25;12,24,38,26,14,13;14,25,38,39,27;14,26,39,40,28,15;15,27,40,29,16;16,28,40,41,30,17;17,29,41,42,31,18;18,30,42,43,32,19;19,31,43,44,34,33;19,32,34,21,20;21,33,32,44,45,35;21,34,45,36,23,22;23,35,45,46,37,24;24,36,46,47,38;24,37,47,39,26,25;26,38,47,48,40,27;27,39,48,41,29,28;29,40,48,42,30;30,41,48,49,43,31;31,42,49,44,32;32,43,49,46,45,34;34,44,46,36,35;36,45,44,49,47,37;37,46,49,48,39,38;39,47,49,42,41,40;42,48,47,46,44,43
ipr#647 50 1,2,3,4,5,6;0,6,7,8,9,2;0,1,9,10,11,3;0,2,11,12,13,4;0,3,13,14,5;0,4,14,15,16,6;0,5,16,17,7,1;1,6,17,18,8;1,7,18,19,20,9;1,8,20,10,2;2,9,20,21,22,11;2,10,22,23,12,3;3,11,23,24,13;3,12,24,25,14,4;4,13,25,26,15,5;5,14,26,27,28,16;5,15,28,29,17,6;6,16,29,30,18,7;7,17,30,31,19,8;8,18,31,32,20;8,19,32,21,10,9;10,20,32,33,34,22;10,21,34,35,23,11;11,22,35,36,24,12;12,23,36,37,25,13;13,24,37,26,14;14,25,37,38,27,15;15,26,38,39,40,28;15,27,40,29,16;16,28,40,41,30,17;17,29,41,42,31,18;18,30,42,43,32,19;19,31,43,33,21,20;21,32,43,44,45,34;21,33,45,35,22;22,34,45,46,36,23;23,35,46,47,37,24;24,36,47,38,26,25;26,37,47,39,27;27,38,47,48,49,40;27,39,49,41,29,28;29,40,49,42,30;30,41,49,44,43,31;31,42,44,33,32;33,43,42,49,48,45;33,44,48,46,35,34;35,45,48,47,36;36,46,48,39,38,37;39,47,46,45,44,49;39,48,44,42,41,40
ipr#649 47 1,2,3,4,5,6;0,6,7,8,9,2;0,1,9,10,11,3;0,2,11,12,13,4;0,3,13,14,5;0,4,14,15,16,6;0,5,16,7,1;1,6,16,17,18,8;1,7,18,19,20,9;1,8,20,10,2;2,9,20,21,22,11;2,10,22,12,3;3,11,22,23,24,13;3,12,24,25,14,4;4,13,25,26,15,5;5,14,26,27,16;5,15,27,17,7,6;7,16,27,28,29,18;7,17,29,30,19,8;8,18,30,31,20;8,19,31,21,10,9;10,20,31,32,33,22;10,21,33,23,12,11;12,22,33,34,35,24;12,23,35,36,25,13;13,24,36,37,26,14;14,25,37,38,27,15;15,26,38,28,17,16;17,27,38,39,40,29;17,28,40,41,30,18;18,29,41,42,31,19;19,30,42,32,21,20;21,31,42,43,34,33;21,32,34,23,22;23,33,32,43,44,35;23,34,44,45,36,24;24,35,45,37,25;25,36,45,39,38,26;26,37,39,28,27;28,38,37,45,46,40;28,39,46,41,29;29,40,46,43,42,30;30,41,43,32,31;32,42,41,46,44,34;34,43,46,45,35;35,44,46,39,37,36;39,45,44,43,41,40
ipr#651 50 1,2,3,4,5,6;0,6,7,8,9,2;0,1,9,10,11,3;0,2,11,12,13,4;0,3,13,14,5;0,4,14,15,16,6;0,5,16,7,1;1,6,16,17,18,8;1,7,18,19,20,9;1,8,20,10,2;2,9,20,21,22,11;2,10,22,12,3;3,11,22,23,24,13;3,12,24,25,14,4;4,13,25,26,15,5;5,14,26,27,16;5,15,27,17,7,6;7,16,27,28,29,18;7,17,29,30,19,8;8,18,30,31,32,20;8,19,32,21,10,9;10,20,32,33,34,22;10,21,34,23,12,11;12,22,34,35,36,24;12,23,36,37,25,13;13,24,37,38,26,14;14,25,38,39,27,15;15,26,39,28,17,16;17,27,39,40,29;17,28,40,41,30,18;18,29,41,31,19;19,30,41,42,43,32;19,31,43,33,21,20;21,32,43,44,35,34;21,33,35,23,22;23,34,33,44,45,36;23,35,45,46,37,24;24,36,46,38,25;25,37,46,47,39,26;26,38,47,40,28,27;28,39,47,48,41,29;29,40,48,42,31,30;31,41,48,49,44,43;31,42,44,33,32;33,43,42,49,45,35;35,44,49,46,36;36,45,49,47,38,37;38,46,49,48,40,39;40,47,49,42,41;42,48,47,46,45,44
ipr#653 50 1,2,3,4,5,6;0,6,7,8,9,2;0,1,9,10,11,3;0,2,11,12,13,4;0,3,13,14,15,5;0,4,15,16,17,6;0,5,17,7,1;1,6,17,18,19,8;1,7,19,20,21,9;1,8,21,10,2;2,9,21,22,23,11;2,10,23,12,3;3,11,23,24,25,13;3,12,25,14,4;4,13,25,26,27,15;4,14,27,28,16,5;5,15,28,29,17;5,16,29,18,7,6;7,17,29,30,31,19;7,18,31,32,20,8;8,19,32,33,21;8,20,33,22,10,9;10,21,33,34,35,23;10,22,35,24,12,11;12,23,35,36,25;12,24,36,26,14,13;14,25,36,37,38,27;14,26,38,39,28,15;15,27,39,40,29,16;16,28,40,30,18,17;18,29,40,41,42,31;18,30,42,43,32,19;19,31,43,44,33,20;20,32,44,34,22,21;22,33,44,45,46,35;22,34,46,36,24,23;24,35,46,37,26,25;26,36,46,47,48,38;26,37,48,39,27;27,38,48,41,40,28;28,39,41,30,29;30,40,39,48,49,42;30,41,49,43,31;31,42,49,45,44,32;32,43,45,34,33;34,44,43,49,47,46;34,45,47,37,36,35;37,46,45,49,48;37,47,49,41,39,38;41,48,47,45,43,42
ipr#655 50 1,2,3,4,5,6;0,6,7,8,9,2;0,1,9,10,11,3;0,2,11,12,13,4;0,3,13,14,5;0,4,14,15,16,6;0,5,16,7,1;1,6,16,17,18,8;1,7,18,19,20,9;1,8,20,10,2;2,9,20,21,22,11;2,10,22,23,12,3;3,11,23,24,25,13;3,12,25,26,14,4;4,13,26,27,15,5;5,14,27,28,16;5,15,28,17,7,6;7,16,28,29,30,18;7,17,30,31,19,8;8,18,31,32,20;8,19,32,21,10,9;10,20,32,33,34,22;10,21,34,23,11;11,22,34,35,24,12;12,23,35,36,37,25;12,24,37,38,26,13;13,25,38,39,27,14;14,26,39,40,28,15;15,27,40,29,17,16;17,28,40,41,42,30;17,29,42,43,31,18;18,30,43,44,32,19;19,31,44,33,21,20;21,32,44,45,34;21,33,45,35,23,22;23,34,45,36,24;24,35,45,46,47,37;24,36,47,48,38,25;25,37,48,39,26;26,38,48,41,40,27;27,39,41,29,28;29,40,39,48,49,42;29,41,49,43,30;30,42,49,46,44,31;31,43,46,45,33,32;33,44,46,36,35,34;36,45,44,43,49,47;36,46,49,48,37;37,47,49,41,39,38;41,48,47,46,43,42
ipr#657 51 1,2,3,4,5,6;0,6,7,8,2;0,1,8,9,10,3;0,2,10,11,12,4;0,3,12,13,5;0,4,13,14,15,6;0,5,15,16,7,1;1,6,16,17,18,8;1,7,18,19,9,2;2,8,19,20,10;2,9,20,21,11,3;3,10,21,22,23,12;3,11,23,24,13,4;4,12,24,25,14,5;5,13,25,26,15;5,14,26,27,16,6;6,15,27,28,17,7;7,16,28,29,30,18;7,17,30,19,8;8,18,30,31,20,9;9,19,31,32,21,10;10,20,32,22,11;11,21,32,33,34,23;11,22,34,35,24,12;12,23,35,36,25,13;13,24,36,37,26,14;14,25,37,38,27,15;15,26,38,39,28,16;16,27,39,40,29,17;17,28,40,41,30;17,29,41,31,19,18;19,30,41,42,32,20;20,31,42,33,22,21;22,32,42,43,44,34;22,33,44,45,35,23;23,34,45,36,24;24,35,45,46,37,25;25,36,46,38,26;26,37,46,47,39,27;27,38,47,48,40,28;28,39,48,49,41,29;29,40,49,42,31,30;31,41,49,43,33,32;33,42,49,48,50,44;33,43,50,45,34;34,44,50,46,36,35;36,45,50,47,38,37;38,46,50,48,39;39,47,50,43,49,40;40,48,43,42,41;43,48,47,46,45,44
ipr#659 47 1,2,3,4,5,6;0,6,7,8,9,2;0,1,9,10,11,3;0,2,11,12,13,4;0,3,13,14,15,5;0,4,15,16,6;0,5,16,17,7,1;1,6,17,18,8;1,7,18,19,20,9;1,8,20,10,2;2,9,20,21,22,11;2,10,22,23,12,3;3,11,23,24,25,13;3,12,25,14,4;4,13,25,26,27,15;4,14,27,28,16,5;5,15,28,29,17,6;6,16,29,30,18,7;7,17,30,31,19,8;8,18,31,32,20;8,19,32,21,10,9;10,20,32,33,34,22;10,21,34,23,11;11,22,34,35,24,12;12,23,35,36,37,25;12,24,37,26,14,13;14,25,37,38,27;14,26,38,39,28,15;15,27,39,29,16;16,28,39,40,30,17;17,29,40,41,31,18;18,30,41,42,32,19;19,31,42,33,21,20;21,32,42,43,34;21,33,43,35,23,22;23,34,43,36,24;24,35,43,44,45,37;24,36,45,38,26,25;26,37,45,46,39,27;27,38,46,40,29,28;29,39,46,41,30;30,40,46,44,42,31;31,41,44,43,33,32;33,42,44,36,35,34;36,43,42,41,46,45;36,44,46,38,37;38,45,44,41,40,39
ipr#661 48 1,2,3,4,5,6;0,6,7,8,9,2;0,1,9,10,11,3;0,2,11,12,13,4;0,3,13,14,5;0,4,14,15,16,6;0,5,16,17,7,1;1,6,17,18,8;1,7,18,19,20,9;1,8,20,10,2;2,9,20,21,22,11;2,10,22,23,12,3;3,11,23,24,13;3,12,24,25,14,4;4,13,25,26,15,5;5,14,26,27,28,16;5,15,28,29,17,6;6,16,29,30,18,7;7,17,30,31,19,8;8,18,31,32,20;8,19,32,21,10,9;10,20,32,33,34,22;10,21,34,23,11;11,22,34,35,24,12;12,23,35,36,25,13;13,24,36,26,14;14,25,36,37,27,15;15,26,37,38,39,28;15,27,39,29,16;16,28,39,40,30,17;17,29,40,41,31,18;18,30,41,42,32,19;19,31,42,33,21,20;21,32,42,43,44,34;21,33,44,35,23,22;23,34,44,45,36,24;24,35,45,37,26,25;26,36,45,38,27;27,37,45,46,47,39;27,38,47,40,29,28;29,39,47,41,30;30,40,47,43,42,31;31,41,43,33,32;33,42,41,47,46,44;33,43,46,45,35,34;35,44,46,38,37,36;38,45,44,43,47;38,46,43,41,40,39
ipr#663 51 1,2,3,4,5,6;0,6,7,8,9,2;0,1,9,10,11,3;0,2,11,12,13,4;0,3,13,14,5;0,4,14,15,16,6;0,5,16,17,7,1;1,6,17,18,8;1,7,18,19,20,9;1,8,20,10,2;2,9,20,21,22,11;2,10,22,23,12,3;3,11,23,24,25,13;3,12,25,26,14,4;4,13,26,27,15,5;5,14,27,28,29,16;5,15,29,30,17,6;6,16,30,31,18,7;7,17,31,32,19,8;8,18,32,33,20;8,19,33,21,10,9;10,20,33,34,35,22;10,21,35,23,11;11,22,35,36,24,12;12,23,36,37,25;12,24,37,38,26,13;13,25,38,27,14;14,26,38,39,28,15;15,27,39,40,41,29;15,28,41,30,16;16,29,41,42,31,17;17,30,42,43,32,18;18,31,43,44,33,19;19,32,44,34,21,20;21,33,44,45,46,35;21,34,46,36,23,22;23,35,46,47,37,24;24,36,47,48,38,25;25,37,48,39,27,26;27,38,48,40,28;28,39,48,49,50,41;28,40,50,42,30,29;30,41,50,43,31;31,42,50,45,44,32;32,43,45,34,33;34,44,43,50,49,46;34,45,49,47,36,35;36,46,49,48,37;37,47,49,40,39,38;40,48,47,46,45,50;40,49,45,43,42,41
ipr#665 51 1,2,3,4,5,6;0,6,7,8,9,2;0,1,9,10,11,3;0,2,11,12,13,4;0,3,13,14,15,5;0,4,15,16,17,6;0,5,17,18,7,1;1,6,18,19,8;1,7,19,20,21,9;1,8,21,10,2;2,9,21,22,23,11;2,10,23,12,3;3,11,23,24,25,13;3,12,25,26,14,4;4,13,26,27,28,15;4,14,28,16,5;5,15,28,29,30,17;5,16,30,31,18,6;6,17,31,32,19,7;7,18,32,33,20,8;8,19,33,34,21;8,20,34,22,10,9;10,21,34,35,36,23;10,22,36,24,12,11;12,23,36,37,25;12,24,37,38,26,13;13,25,38,27,14;14,26,38,39,40,28;14,27,40,29,16,15;16,28,40,41,42,30;16,29,42,31,17;17,30,42,43,32,18;18,31,43,44,33,19;19,32,44,45,34,20;20,33,45,35,22,21;22,34,45,46,47,36;22,35,47,37,24,23;24,36,47,48,38,25;25,37,48,39,27,26;27,38,48,49,41,40;27,39,41,29,28;29,40,39,49,50,42;29,41,50,43,31,30;31,42,50,44,32;32,43,50,46,45,33;33,44,46,35,34;35,45,44,50,49,47;35,46,49,48,37,36;37,47,49,39,38;39,48,47,46,50,41;41,49,46,44,43,42
ipr#667 51 1,2,3,4,5,6;0,6,7,8,9,2;0,1,9,10,11,3;0,2,11,12,13,4;0,3,13,14,5;0,4,14,15,16,6;0,5,16,7,1;1,6,16,17,18,8;1,7,18,19,20,9;1,8,20,10,2;2,9,20,21,22,11;2,10,22,12,3;3,11,22,23,24,13;3,12,24,25,14,4;4,13,25,26,15,5;5,14,26,27,28,16;5,15,28,17,7,6;7,16,28,29,30,18;7,17,30,31,19,8;8,18,31,32,20;8,19,32,21,10,9;10,20,32,33,34,22;10,21,34,23,12,11;12,22,34,35,24;12,23,35,36,25,13;13,24,36,37,26,14;14,25,37,27,15;15,26,37,38,39,28;15,27,39,29,17,16;17,28,39,40,41,30;17,29,41,42,31,18;18,30,42,43,32,19;19,31,43,33,21,20;21,32,43,44,45,34;21,33,45,35,23,22;23,34,45,46,36,24;24,35,46,47,37,25;25,36,47,38,27,26;27,37,47,48,40,39;27,38,40,29,28;29,39,38,48,49,41;29,40,49,42,30;30,41,49,44,43,31;31,42,44,33,32;33,43,42,49,50,45;33,44,50,46,35,34;35,45,50,48,47,36;36,46,48,38,37;38,47,46,50,49,40;40,48,50,44,42,41;44,49,48,46,45
ipr#669 51 1,2,3,4,5,6;0,6,7,8,9,2;0,1,9,10,11,3;0,2,11,12,13,4;0,3,13,14,15,5;0,4,15,16,6;0,5,16,17,7,1;1,6,17,18,19,8;1,7,19,20,21,9;1,8,21,10,2;2,9,21,22,23,11;2,10,23,12,3;3,11,23,24,25,13;3,12,25,14,4;4,13,25,26,27,15;4,14,27,28,16,5;5,15,28,29,17,6;6,16,29,18,7;7,17,29,30,31,19;7,18,31,32,20,8;8,19,32,33,21;8,20,33,22,10,9;10,21,33,34,35,23;10,22,35,24,12,11;12,23,35,36,37,25;12,24,37,26,14,13;14,25,37,38,27;14,26,38,39,28,15;15,27,39,40,29,16;16,28,40,30,18,17;18,29,40,41,42,31;18,30,42,43,32,19;19,31,43,44,33,20;20,32,44,34,22,21;22,33,44,45,46,35;22,34,46,36,24,23;24,35,46,47,48,37;24,36,48,38,26,25;26,37,48,49,39,27;27,38,49,41,40,28;28,39,41,30,29;30,40,39,49,50,42;30,41,50,43,31;31,42,50,45,44,32;32,43,45,34,33;34,44,43,50,47,46;34,45,47,36,35;36,46,45,50,49,48;36,47,49,38,37;38,48,47,50,41,39;41,49,47,45,43,42
ipr#671 51 1,2,3,4,5,6;0,6,7,8,9,2;0,1,9,10,11,3;0,2,11,12,13,4;0,3,13,14,15,5;0,4,15,16,6;0,5,16,17,7,1;1,6,17,18,8;1,7,18,19,20,9;1,8,20,21,10,2;2,9,21,22,23,11;2,10,23,12,3;3,11,23,24,25,13;3,12,25,14,4;4,13,25,26,27,15;4,14,27,28,16,5;5,15,28,29,17,6;6,16,29,30,18,7;7,17,30,31,19,8;8,18,31,32,20;8,19,32,33,21,9;9,20,33,22,10;10,21,33,34,35,23;10,22,35,24,12,11;12,23,35,36,37,25;12,24,37,26,14,13;14,25,37,38,27;14,26,38,39,28,15;15,27,39,40,29,16;16,28,40,41,30,17;17,29,41,42,31,18;18,30,42,43,32,19;19,31,43,44,33,20;20,32,44,34,22,21;22,33,44,45,35;22,34,45,36,24,23;24,35,45,46,47,37;24,36,47,38,26,25;26,37,47,48,39,27;27,38,48,40,28;28,39,48,49,41,29;29,40,49,42,30;30,41,49,50,43,31;31,42,50,44,32;32,43,50,45,34,33;34,44,50,46,36,35;36,45,50,49,48,47;36,46,48,38,37;38,47,46,49,40,39;40,48,46,50,42,41;42,49,46,45,44,43
ipr#673 52 1,2,3,4,5,6;0,6,7,8,9,2;0,1,9,10,11,3;0,2,11,12,13,4;0,3,13,14,15,5;0,4,15,16,6;0,5,16,17,7,1;1,6,17,18,19,8;1,7,19,20,21,9;1,8,21,10,2;2,9,21,22,23,11;2,10,23,12,3;3,11,23,24,25,13;3,12,25,14,4;4,13,25,26,27,15;4,14,27,28,16,5;5,15,28,29,17,6;6,16,29,30,18,7;7,17,30,31,32,19;7,18,32,33,20,8;8,19,33,34,21;8,20,34,22,10,9;10,21,34,35,36,23;10,22,36,24,12,11;12,23,36,37,38,25;12,24,38,26,14,13;14,25,38,39,27;14,26,39,40,28,15;15,27,40,29,16;16,28,40,41,30,17;17,29,41,42,31,18;18,30,42,43,44,32;18,31,44,33,19;19,32,44,45,34,20;20,33,45,35,22,21;22,34,45,46,47,36;22,35,47,37,24,23;24,36,47,48,49,38;24,37,49,39,26,25;26,38,49,50,40,27;27,39,50,41,29,28;29,40,50,42,30;30,41,50,51,43,31;31,42,51,48,46,44;31,43,46,45,33,32;33,44,46,35,34;35,45,44,43,48,47;35,46,48,37,36;37,47,46,43,51,49;37,48,51,50,39,38;39,49,51,42,41,40;42,50,49,48,43
ipr#675 52 1,2,3,4,5,6;0,6,7,8,9,2;0,1,9,10,11,3;0,2,11,12,13,4;0,3,13,14,15,5;0,4,15,16,6;0,5,16,17,7,1;1,6,17,18,19,8;1,7,19,20,21,9;1,8,21,10,2;2,9,21,22,23,11;2,10,23,12,3;3,11,23,24,25,13;3,12,25,14,4;4,13,25,26,27,15;4,14,27,28,16,5;5,15,28,29,17,6;6,16,29,30,18,7;7,17,30,31,32,19;7,18,32,33,20,8;8,19,33,34,21;8,20,34,22,10,9;10,21,34,35,36,23;10,22,36,24,12,11;12,23,36,37,38,25;12,24,38,26,14,13;14,25,38,39,27;14,26,39,40,28,15;15,27,40,29,16;16,28,40,41,30,17;17,29,41,42,31,18;18,30,42,43,44,32;18,31,44,33,19;19,32,44,45,34,20;20,33,45,35,22,21;22,34,45,46,36;22,35,46,37,24,23;24,36,46,47,48,38;24,37,48,39,26,25;26,38,48,49,40,27;27,39,49,41,29,28;29,40,49,42,30;30,41,49,50,43,31;31,42,50,47,51,44;31,43,51,45,33,32;33,44,51,46,35,34;35,45,51,47,37,36;37,46,51,43,50,48;37,47,50,49,39,38;39,48,50,42,41,40;42,49,48,47,43;43,47,46,45,44
ipr#677 48 1,2,3,4,5,6;0,6,7,8,9,2;0,1,9,10,11,3;0,2,11,12,13,4;0,3,13,14,5;0,4,14,15,16,6;0,5,16,17,7,1;1,6,17,18,8;1,7,18,19,20,9;1,8,20,10,2;2,9,20,21,22,11;2,10,22,23,12,3;3,11,23,24,13;3,12,24,25,14,4;4,13,25,26,15,5;5,14,26,27,28,16;5,15,28,29,17,6;6,16,29,30,18,7;7,17,30,31,19,8;8,18,31,32,33,20;8,19,33,21,10,9;10,20,33,34,35,22;10,21,35,23,11;11,22,35,36,24,12;12,23,36,37,25,13;13,24,37,26,14;14,25,37,38,27,15;15,26,38,39,40,28;15,27,40,29,16;16,28,40,41,30,17;17,29,41,42,31,18;18,30,42,32,19;19,31,42,43,34,33;19,32,34,21,20;21,33,32,43,44,35;21,34,44,36,23,22;23,35,44,45,37,24;24,36,45,38,26,25;26,37,45,39,27;27,38,45,46,47,40;27,39,47,41,29,28;29,40,47,42,30;30,41,47,43,32,31;32,42,47,46,44,34;34,43,46,45,36,35;36,44,46,39,38,37;39,45,44,43,47;39,46,43,42,41,40
ipr#679 51 1,2,3,4,5,6;0,6,7,8,9,2;0,1,9,10,11,3;0,2,11,12,13,4;0,3,13,14,5;0,4,14,15,16,6;0,5,16,17,7,1;1,6,17,18,8;1,7,18,19,20,9;1,8,20,10,2;2,9,20,21,22,11;2,10,22,23,12,3;3,11,23,24,25,13;3,12,25,26,14,4;4,13,26,27,15,5;5,14,27,28,29,16;5,15,29,30,17,6;6,16,30,31,18,7;7,17,31,32,19,8;8,18,32,33,34,20;8,19,34,21,10,9;10,20,34,35,36,22;10,21,36,23,11;11,22,36,37,24,12;12,23,37,38,25;12,24,38,39,26,13;13,25,39,27,14;14,26,39,40,28,15;15,27,40,41,42,29;15,28,42,30,16;16,29,42,43,31,17;17,30,43,44,32,18;18,31,44,33,19;19,32,44,45,35,34;19,33,35,21,20;21,34,33,45,46,36;21,35,46,37,23,22;23,36,46,47,38,24;24,37,47,48,39,25;25,38,48,40,27,26;27,39,48,41,28;28,40,48,49,50,42;28,41,50,43,30,29;30,42,50,44,31;31,43,50,45,33,32;33,44,50,49,46,35;35,45,49,47,37,36;37,46,49,48,38;38,47,49,41,40,39;41,48,47,46,45,50;41,49,45,44,43,42
ipr#681 48 1,2,3,4,5,6;0,6,7,8,9,2;0,1,9,10,11,3;0,2,11,12,13,4;0,3,13,14,5;0,4,14,15,16,6;0,5,16,17,7,1;1,6,17,18,8;1,7,18,19,20,9;1,8,20,10,2;2,9,20,21,22,11;2,10,22,12,3;3,11,22,23,24,13;3,12,24,25,14,4;4,13,25,26,15,5;5,14,26,27,28,16;5,15,28,29,17,6;6,16,29,30,18,7;7,17,30,31,19,8;8,18,31,32,33,20;8,19,33,21,10,9;10,20,33,34,35,22;10,21,35,23,12,11;12,22,35,36,24;12,23,36,37,25,13;13,24,37,26,14;14,25,37,38,27,15;15,26,38,39,40,28;15,27,40,29,16;16,28,40,41,30,17;17,29,41,42,31,18;18,30,42,32,19;19,31,42,43,34,33;19,32,34,21,20;21,33,32,43,44,35;21,34,44,36,23,22;23,35,44,45,37,24;24,36,45,38,26,25;26,37,45,39,27;27,38,45,46,47,40;27,39,47,41,29,28;29,40,47,42,30;30,41,47,43,32,31;32,42,47,46,44,34;34,43,46,45,36,35;36,44,46,39,38,37;39,45,44,43,47;39,46,43,42,41,40
ipr#683 43 1,2,3,4,5;0,5,6,7,8,2;0,1,8,9,10,3;0,2,10,11,12,4;0,3,12,13,14,5;0,4,14,15,6,1;1,5,15,16,7;1,6,16,17,18,8;1,7,18,9,2;2,8,18,19,20,10;2,9,20,11,3;3,10,20,21,22,12;3,11,22,23,13,4;4,12,23,24,25,14;4,13,25,26,15,5;5,14,26,27,16,6;6,15,27,28,17,7;7,16,28,29,30,18;7,17,30,19,9,8;9,18,30,31,20;9,19,31,21,11,10;11,20,31,32,33,22;11,21,33,34,23,12;12,22,34,24,13;13,23,34,35,36,25;13,24,36,26,14;14,25,36,37,27,15;15,26,37,38,28,16;16,27,38,29,17;17,28,38,39,40,30;17,29,40,31,19,18;19,30,40,32,21,20;21,31,40,39,41,33;21,32,41,34,22;22,33,41,35,24,23;24,34,41,42,36;24,35,42,37,26,25;26,36,42,38,27;27,37,42,39,29,28;29,38,42,41,32,40;29,39,32,31,30;32,39,42,35,34,33;35,41,39,38,37,36
ipr#685 51 1,2,3,4,5,6;0,6,7,8,9,2;0,1,9,10,3;0,2,10,11,12,4;0,3,12,13,5;0,4,13,14,15,6;0,5,15,16,7,1;1,6,16,17,8;1,7,17,18,19,9;1,8,19,20,10,2;2,9,20,21,11,3;3,10,21,22,23,12;3,11,23,24,13,4;4,12,24,25,14,5;5,13,25,26,15;5,14,26,27,16,6;6,15,27,28,17,7;7,16,28,29,18,8;8,17,29,30,31,19;8,18,31,32,20,9;9,19,32,33,21,10;10,20,33,22,11;11,21,33,34,35,23;11,22,35,36,24,12;12,23,36,37,25,13;13,24,37,38,26,14;14,25,38,39,27,15;15,26,39,40,28,16;16,27,40,41,29,17;17,28,41,30,18;18,29,41,42,43,31;18,30,43,44,32,19;19,31,44,33,20;20,32,44,34,22,21;22,33,44,45,46,35;22,34,46,36,23;23,35,46,47,37,24;24,36,47,38,25;25,37,47,48,39,26;26,38,48,49,40,27;27,39,49,41,28;28,40,49,42,30,29;30,41,49,50,45,43;30,42,45,44,31;31,43,45,34,33,32;34,44,43,42,50,46;34,45,50,47,36,35;36,46,50,48,38,37;38,47,50,49,39;39,48,50,42,41,40;42,49,48,47,46,45
ipr#687 49 1,2,3,4,5,6;0,6,7,8,9,2;0,1,9,10,11,3;0,2,11,12,13,4;0,3,13,14,15,5;0,4,15,16,6;0,5,16,17,7,1;1,6,17,18,8;1,7,18,19,20,9;1,8,20,10,2;2,9,20,21,22,11;2,10,22,12,3;3,11,22,23,24,13;3,12,24,25,14,4;4,13,25,26,27,15;4,14,27,28,16,5;5,15,28,29,17,6;6,16,29,30,18,7;7,17,30,31,19,8;8,18,31,32,33,20;8,19,33,21,10,9;10,20,33,34,35,22;10,21,35,23,12,11;12,22,35,36,37,24;12,23,37,25,13;13,24,37,38,26,14;14,25,38,39,40,27;14,26,40,28,15;15,27,40,41,29,16;16,28,41,30,17;17,29,41,42,31,18;18,30,42,32,19;19,31,42,43,44,33;19,32,44,34,21,20;21,33,44,45,36,35;21,34,36,23,22;23,35,34,45,46,37;23,36,46,38,25,24;25,37,46,47,39,26;26,38,47,48,40;26,39,48,41,28,27;28,40,48,42,30,29;30,41,48,43,32,31;32,42,48,47,45,44;32,43,45,34,33;34,44,43,47,46,36;36,45,47,38,37;38,46,45,43,48,39;39,47,43,42,41,40
ipr#689 49 1,2,3,4,5,6;0,6,7,8,9,2;0,1,9,10,11,3;0,2,11,12,13,4;0,3,13,14,5;0,4,14,15,16,6;0,5,16,17,7,1;1,6,17,18,19,8;1,7,19,20,21,9;1,8,21,10,2;2,9,21,22,23,11;2,10,23,12,3;3,11,23,24,25,13;3,12,25,26,14,4;4,13,26,27,15,5;5,14,27,28,29,16;5,15,29,30,17,6;6,16,30,31,18,7;7,17,31,32,33,19;7,18,33,20,8;8,19,33,34,35,21;8,20,35,22,10,9;10,21,35,36,23;10,22,36,24,12,11;12,23,36,37,38,25;12,24,38,26,13;13,25,38,39,27,14;14,26,39,28,15;15,27,39,40,41,29;15,28,41,30,16;16,29,41,42,31,17;17,30,42,43,32,18;18,31,43,44,33;18,32,44,34,20,19;20,33,44,45,35;20,34,45,36,22,21;22,35,45,37,24,23;24,36,45,46,47,38;24,37,47,39,26,25;26,38,47,40,28,27;28,39,47,48,41;28,40,48,42,30,29;30,41,48,43,31;31,42,48,46,44,32;32,43,46,45,34,33;34,44,46,37,36,35;37,45,44,43,48,47;37,46,48,40,39,38;40,47,46,43,42,41
ipr#691 49 1,2,3,4,5,6;0,6,7,8,9,2;0,1,9,10,11,3;0,2,11,12,13,4;0,3,13,14,15,5;0,4,15,16,17,6;0,5,17,7,1;1,6,17,18,19,8;1,7,19,20,21,9;1,8,21,10,2;2,9,21,22,23,11;2,10,23,12,3;3,11,23,24,25,13;3,12,25,26,14,4;4,13,26,27,28,15;4,14,28,29,16,5;5,15,29,30,31,17;5,16,31,18,7,6;7,17,31,32,33,19;7,18,33,20,8;8,19,33,34,35,21;8,20,35,22,10,9;10,21,35,36,23;10,22,36,24,12,11;12,23,36,37,38,25;12,24,38,39,26,13;13,25,39,27,14;14,26,39,40,41,28;14,27,41,29,15;15,28,41,42,30,16;16,29,42,43,32,31;16,30,32,18,17;18,31,30,43,44,33;18,32,44,34,20,19;20,33,44,45,35;20,34,45,36,22,21;22,35,45,37,24,23;24,36,45,46,47,38;24,37,47,39,25;25,38,47,40,27,26;27,39,47,48,41;27,40,48,42,29,28;29,41,48,43,30;30,42,48,46,44,32;32,43,46,45,34,33;34,44,46,37,36,35;37,45,44,43,48,47;37,46,48,40,39,38;40,47,46,43,42,41
ipr#693 52 1,2,3,4,5,6;0,6,7,8,9,2;0,1,9,10,11,3;0,2,11,12,13,4;0,3,13,14,15,5;0,4,15,16,17,6;0,5,17,7,1;1,6,17,18,19,8;1,7,19,20,9;1,8,20,21,10,2;2,9,21,22,23,11;2,10,23,12,3;3,11,23,24,25,13;3,12,25,26,14,4;4,13,26,27,28,15;4,14,28,29,16,5;5,15,29,30,31,17;5,16,31,18,7,6;7,17,31,32,19;7,18,32,33,20,8;8,19,33,34,21,9;9,20,34,35,22,10;10,21,35,36,23;10,22,36,24,12,11;12,23,36,37,38,25;12,24,38,39,26,13;13,25,39,27,14;14,26,39,40,41,28;14,27,41,29,15;15,28,41,42,30,16;16,29,42,43,44,31;16,30,44,32,18,17;18,31,44,45,33,19;19,32,45,34,20;20,33,45,46,35,21;21,34,46,47,36,22;22,35,47,37,24,23;24,36,47,48,49,38;24,37,49,39,25;25,38,49,40,27,26;27,39,49,50,41;27,40,50,42,29,28;29,41,50,43,30;30,42,50,48,51,44;30,43,51,45,32,31;32,44,51,46,34,33;34,45,51,47,35;35,46,51,48,37,36;37,47,51,43,50,49;37,48,50,40,39,38;40,49,48,43,42,41;43,48,47,46,45,44
ipr#695 52 1,2,3,4,5,6;0,6,7,8,9,2;0,1,9,10,11,3;0,2,11,12,13,4;0,3,13,14,15,5;0,4,15,16,6;0,5,16,17,7,1;1,6,17,18,19,8;1,7,19,20,9;1,8,20,21,10,2;2,9,21,22,23,11;2,10,23,12,3;3,11,23,24,25,13;3,12,25,26,14,4;4,13,26,27,28,15;4,14,28,29,16,5;5,15,29,30,17,6;6,16,30,18,7;7,17,30,31,32,19;7,18,32,33,20,8;8,19,33,34,21,9;9,20,34,35,22,10;10,21,35,36,23;10,22,36,24,12,11;12,23,36,37,38,25;12,24,38,39,26,13;13,25,39,27,14;14,26,39,40,41,28;14,27,41,29,15;15,28,41,42,30,16;16,29,42,31,18,17;18,30,42,43,44,32;18,31,44,45,33,19;19,32,45,34,20;20,33,45,46,35,21;21,34,46,47,36,22;22,35,47,37,24,23;24,36,47,48,49,38;24,37,49,39,25;25,38,49,40,27,26;27,39,49,50,41;27,40,50,42,29,28;29,41,50,43,31,30;31,42,50,48,51,44;31,43,51,45,32;32,44,51,46,34,33;34,45,51,47,35;35,46,51,48,37,36;37,47,51,43,50,49;37,48,50,40,39,38;40,49,48,43,42,41;43,48,47,46,45,44
ipr#697 52 1,2,3,4,5;0,5,6,7,8,2;0,1,8,9,10,3;0,2,10,11,12,4;0,3,12,13,14,5;0,4,14,15,6,1;1,5,15,16,17,7;1,6,17,18,19,8;1,7,19,9,2;2,8,19,20,21,10;2,9,21,11,3;3,10,21,22,23,12;3,11,23,24,13,4;4,12,24,25,26,14;4,13,26,27,15,5;5,14,27,28,16,6;6,15,28,29,30,17;6,16,30,18,7;7,17,30,31,32,19;7,18,32,20,9,8;9,19,32,33,34,21;9,20,34,22,11,10;11,21,34,35,36,23;11,22,36,37,24,12;12,23,37,25,13;13,24,37,38,39,26;13,25,39,40,27,14;14,26,40,28,15;15,27,40,41,29,16;16,28,41,42,43,30;16,29,43,31,18,17;18,30,43,44,33,32;18,31,33,20,19;20,32,31,44,45,34;20,33,45,35,22,21;22,34,45,46,47,36;22,35,47,37,23;23,36,47,38,25,24;25,37,47,48,39;25,38,48,49,40,26;26,39,49,41,28,27;28,40,49,50,42,29;29,41,50,51,43;29,42,51,44,31,30;31,43,51,45,33;33,44,51,46,35,34;35,45,51,50,48,47;35,46,48,38,37,36;38,47,46,50,49,39;39,48,50,41,40;41,49,48,46,51,42;42,50,46,45,44,43
ipr#699 52 1,2,3,4,5;0,5,6,7,8,2;0,1,8,9,10,3;0,2,10,11,12,4;0,3,12,13,14,5;0,4,14,15,6,1;1,5,15,16,17,7;1,6,17,18,19,8;1,7,19,9,2;2,8,19,20,21,10;2,9,21,11,3;3,10,21,22,23,12;3,11,23,24,13,4;4,12,24,25,26,14;4,13,26,27,15,5;5,14,27,28,16,6;6,15,28,29,17;6,16,29,30,18,7;7,17,30,31,32,19;7,18,32,20,9,8;9,19,32,33,21;9,20,33,22,11,10;11,21,33,34,35,23;11,22,35,36,24,12;12,23,36,25,13;13,24,36,37,38,26;13,25,38,39,27,14;14,26,39,28,15;15,27,39,40,29,16;16,28,40,41,30,17;17,29,41,42,31,18;18,30,42,43,32;18,31,43,33,20,19;20,32,43,34,22,21;22,33,43,44,45,35;22,34,45,46,36,23;23,35,46,37,25,24;25,36,46,47,38;25,37,47,48,39,26;26,38,48,40,28,27;28,39,48,49,41,29;29,40,49,50,42,30;30,41,50,44,43,31;31,42,44,34,33,32;34,43,42,50,51,45;34,44,51,46,35;35,45,51,47,37,36;37,46,51,49,48,38;38,47,49,40,39;40,48,47,51,50,41;41,49,51,44,42;44,50,49,47,46,45
ipr#701 49 1,2,3,4,5;0,5,6,7,8,2;0,1,8,9,10,3;0,2,10,11,12,4;0,3,12,13,14,5;0,4,14,15,6,1;1,5,15,16,17,7;1,6,17,18,19,8;1,7,19,9,2;2,8,19,20,21,10;2,9,21,11,3;3,10,21,22,23,12;3,11,23,24,13,4;4,12,24,25,26,14;4,13,26,27,15,5;5,14,27,28,16,6;6,15,28,29,30,17;6,16,30,18,7;7,17,30,31,32,19;7,18,32,20,9,8;9,19,32,33,21;9,20,33,22,11,10;11,21,33,34,35,23;11,22,35,36,24,12;12,23,36,25,13;13,24,36,37,38,26;13,25,38,27,14;14,26,38,39,28,15;15,27,39,40,29,16;16,28,40,41,42,30;16,29,42,31,18,17;18,30,42,43,32;18,31,43,33,20,19;20,32,43,34,22,21;22,33,43,44,45,35;22,34,45,46,36,23;23,35,46,37,25,24;25,36,46,47,38;25,37,47,39,27,26;27,38,47,40,28;28,39,47,48,41,29;29,40,48,44,42;29,41,44,43,31,30;31,42,44,34,33,32;34,43,42,41,48,45;34,44,48,46,35;35,45,48,47,37,36;37,46,48,40,39,38;40,47,46,45,44,41
ipr#703 52 1,2,3,4,5;0,5,6,7,8,2;0,1,8,9,10,3;0,2,10,11,12,4;0,3,12,13,14,5;0,4,14,15,6,1;1,5,15,16,17,7;1,6,17,18,19,8;1,7,19,20,9,2;2,8,20,21,22,10;2,9,22,11,3;3,10,22,23,24,12;3,11,24,25,13,4;4,12,25,26,27,14;4,13,27,28,15,5;5,14,28,29,16,6;6,15,29,30,31,17;6,16,31,18,7;7,17,31,32,33,19;7,18,33,20,8;8,19,33,34,21,9;9,20,34,35,22;9,21,35,23,11,10;11,22,35,36,37,24;11,23,37,38,25,12;12,24,38,26,13;13,25,38,39,40,27;13,26,40,28,14;14,27,40,41,29,15;15,28,41,42,30,16;16,29,42,43,31;16,30,43,32,18,17;18,31,43,44,45,33;18,32,45,34,20,19;20,33,45,46,35,21;21,34,46,36,23,22;23,35,46,47,48,37;23,36,48,38,24;24,37,48,39,26,25;26,38,48,49,50,40;26,39,50,41,28,27;28,40,50,42,29;29,41,50,51,43,30;30,42,51,44,32,31;32,43,51,47,46,45;32,44,46,34,33;34,45,44,47,36,35;36,46,44,51,49,48;36,47,49,39,38,37;39,48,47,51,50;39,49,51,42,41,40;42,50,49,47,44,43
ipr#705 52 1,2,3,4,5;0,5,6,7,8,2;0,1,8,9,10,3;0,2,10,11,12,4;0,3,12,13,14,5;0,4,14,15,6,1;1,5,15,16,17,7;1,6,17,18,19,8;1,7,19,9,2;2,8,19,20,21,10;2,9,21,11,3;3,10,21,22,23,12;3,11,23,24,13,4;4,12,24,25,26,14;4,13,26,27,15,5;5,14,27,28,16,6;6,15,28,29,30,17;6,16,30,18,7;7,17,30,31,32,19;7,18,32,20,9,8;9,19,32,33,34,21;9,20,34,22,11,10;11,21,34,35,36,23;11,22,36,37,24,12;12,23,37,25,13;13,24,37,38,39,26;13,25,39,27,14;14,26,39,40,28,15;15,27,40,41,29,16;16,28,41,42,30;16,29,42,31,18,17;18,30,42,43,44,32;18,31,44,33,20,19;20,32,44,45,34;20,33,45,35,22,21;22,34,45,46,47,36;22,35,47,37,23;23,36,47,38,25,24;25,37,47,48,49,39;25,38,49,40,27,26;27,39,49,41,28;28,40,49,50,42,29;29,41,50,43,31,30;31,42,50,51,44;31,43,51,45,33,32;33,44,51,46,35,34;35,45,51,48,47;35,46,48,38,37,36;38,47,46,51,50,49;38,48,50,41,40,39;41,49,48,51,43,42;43,50,48,46,45,44
ipr#707 52 1,2,3,4,5,6;0,6,7,8,9,2;0,1,9,10,11,3;0,2,11,12,13,4;0,3,13,14,15,5;0,4,15,16,6;0,5,16,17,7,1;1,6,17,18,8;1,7,18,19,20,9;1,8,20,10,2;2,9,20,21,22,11;2,10,22,23,12,3;3,11,23,24,13;3,12,24,25,14,4;4,13,25,26,15;4,14,26,27,16,5;5,15,27,28,17,6;6,16,28,29,18,7;7,17,29,30,19,8;8,18,30,31,32,20;8,19,32,21,10,9;10,20,32,33,22;10,21,33,34,23,11;11,22,34,35,24,12;12,23,35,36,25,13;13,24,36,37,26,14;14,25,37,38,27,15;15,26,38,39,28,16;16,27,39,40,29,17;17,28,40,41,30,18;18,29,41,31,19;19,30,41,42,43,32;19,31,43,33,21,20;21,32,43,44,34,22;22,33,44,45,35,23;23,34,45,46,36,24;24,35,46,37,25;25,36,46,47,38,26;26,37,47,48,39,27;27,38,48,40,28;28,39,48,49,41,29;29,40,49,42,31,30;31,41,49,50,44,43;31,42,44,33,32;33,43,42,50,45,34;34,44,50,51,46,35;35,45,51,47,37,36;37,46,51,48,38;38,47,51,49,40,39;40,48,51,50,42,41;42,49,51,45,44;45,50,49,48,47,46
ipr#709 52 1,2,3,4,5,6;0,6,7,8,9,2;0,1,9,10,11,3;0,2,11,12,13,4;0,3,13,14,15,5;0,4,15,16,6;0,5,16,17,7,1;1,6,17,18,8;1,7,18,19,20,9;1,8,20,10,2;2,9,20,21,22,11;2,10,22,12,3;3,11,22,23,24,13;3,12,24,25,14,4;4,13,25,26,27,15;4,14,27,28,16,5;5,15,28,29,17,6;6,16,29,30,18,7;7,17,30,31,19,8;8,18,31,32,33,20;8,19,33,21,10,9;10,20,33,34,22;10,21,34,23,12,11;12,22,34,35,36,24;12,23,36,37,25,13;13,24,37,26,14;14,25,37,38,39,27;14,26,39,28,15;15,27,39,40,29,16;16,28,40,41,30,17;17,29,41,42,31,18;18,30,42,32,19;19,31,42,43,44,33;19,32,44,34,21,20;21,33,44,35,23,22;23,34,44,45,46,36;23,35,46,47,37,24;24,36,47,38,26,25;26,37,47,48,39;26,38,48,40,28,27;28,39,48,49,41,29;29,40,49,50,42,30;30,41,50,43,32,31;32,42,50,45,44;32,43,45,35,34,33;35,44,43,50,51,46;35,45,51,47,36;36,46,51,48,38,37;38,47,51,49,40,39;40,48,51,50,41;41,49,51,45,43,42;45,50,49,48,47,46
ipr#711 52 1,2,3,4,5,6;0,6,7,8,9,2;0,1,9,10,11,3;0,2,11,12,13,4;0,3,13,14,15,5;0,4,15,16,6;0,5,16,17,7,1;1,6,17,18,19,8;1,7,19,20,21,9;1,8,21,10,2;2,9,21,22,23,11;2,10,23,12,3;3,11,23,24,25,13;3,12,25,26,14,4;4,13,26,27,28,15;4,14,28,29,16,5;5,15,29,30,17,6;6,16,30,18,7;7,17,30,31,32,19;7,18,32,33,20,8;8,19,33,34,35,21;8,20,35,22,10,9;10,21,35,36,23;10,22,36,24,12,11;12,23,36,37,38,25;12,24,38,39,26,13;13,25,39,27,14;14,26,39,40,41,28;14,27,41,42,29,15;15,28,42,30,16;16,29,42,31,18,17;18,30,42,43,44,32;18,31,44,45,33,19;19,32,45,34,20;20,33,45,46,47,35;20,34,47,36,22,21;22,35,47,37,24,23;24,36,47,46,48,38;24,37,48,49,39,25;25,38,49,40,27,26;27,39,49,50,41;27,40,50,43,42,28;28,41,43,31,30,29;31,42,41,50,44;31,43,50,51,45,32;32,44,51,46,34,33;34,45,51,48,37,47;34,46,37,36,35;37,46,51,49,38;38,48,51,50,40,39;40,49,51,44,43,41;44,50,49,48,46,45
ipr#713 52 1,2,3,4,5,6;0,6,7,8,9,2;0,1,9,10,11,3;0,2,11,12,13,4;0,3,13,14,15,5;0,4,15,16,6;0,5,16,17,7,1;1,6,17,18,8;1,7,18,19,20,9;1,8,20,10,2;2,9,20,21,22,11;2,10,22,23,12,3;3,11,23,24,25,13;3,12,25,26,14,4;4,13,26,27,28,15;4,14,28,29,16,5;5,15,29,30,17,6;6,16,30,31,18,7;7,17,31,32,19,8;8,18,32,33,34,20;8,19,34,21,10,9;10,20,34,35,22;10,21,35,36,23,11;11,22,36,24,12;12,23,36,37,38,25;12,24,38,39,26,13;13,25,39,27,14;14,26,39,40,41,28;14,27,41,29,15;15,28,41,42,30,16;16,29,42,43,31,17;17,30,43,44,32,18;18,31,44,33,19;19,32,44,45,46,34;19,33,46,35,21,20;21,34,46,47,36,22;22,35,47,37,24,23;24,36,47,48,38;24,37,48,49,39,25;25,38,49,40,27,26;27,39,49,50,41;27,40,50,42,29,28;29,41,50,43,30;30,42,50,51,44,31;31,43,51,45,33,32;33,44,51,48,47,46;33,45,47,35,34;35,46,45,48,37,36;37,47,45,51,49,38;38,48,51,50,40,39;40,49,51,43,42,41;43,50,49,48,45,44
ipr#715 51 1,2,3,4,5,6;0,6,7,8,9,2;0,1,9,10,11,3;0,2,11,12,13,4;0,3,13,14,15,5;0,4,15,16,17,6;0,5,17,7,1;1,6,17,18,19,8;1,7,19,20,21,9;1,8,21,10,2;2,9,21,22,23,11;2,10,23,12,3;3,11,23,24,25,13;3,12,25,26,14,4;4,13,26,27,28,15;4,14,28,29,16,5;5,15,29,30,31,17;5,16,31,18,7,6;7,17,31,32,33,19;7,18,33,20,8;8,19,33,34,35,21;8,20,35,22,10,9;10,21,35,36,23;10,22,36,24,12,11;12,23,36,37,38,25;12,24,38,39,26,13;13,25,39,27,14;14,26,39,40,41,28;14,27,41,29,15;15,28,41,42,30,16;16,29,42,43,32,31;16,30,32,18,17;18,31,30,43,44,33;18,32,44,34,20,19;20,33,44,45,46,35;20,34,46,36,22,21;22,35,46,37,24,23;24,36,46,45,47,38;24,37,47,48,39,25;25,38,48,40,27,26;27,39,48,49,41;27,40,49,42,29,28;29,41,49,43,30;30,42,49,50,44,32;32,43,50,45,34,33;34,44,50,47,37,46;34,45,37,36,35;37,45,50,48,38;38,47,50,49,40,39;40,48,50,43,42,41;43,49,48,47,45,44
ipr#717 51 1,2,3,4,5;0,5,6,7,8,2;0,1,8,9,10,3;0,2,10,11,12,4;0,3,12,13,14,5;0,4,14,15,6,1;1,5,15,16,17,7;1,6,17,18,19,8;1,7,19,9,2;2,8,19,20,21,10;2,9,21,11,3;3,10,21,22,23,12;3,11,23,24,13,4;4,12,24,25,26,14;4,13,26,27,15,5;5,14,27,28,16,6;6,15,28,29,17;6,16,29,30,18,7;7,17,30,31,32,19;7,18,32,20,9,8;9,19,32,33,21;9,20,33,22,11,10;11,21,33,34,35,23;11,22,35,36,24,12;12,23,36,25,13;13,24,36,37,38,26;13,25,38,39,27,14;14,26,39,28,15;15,27,39,40,29,16;16,28,40,41,30,17;17,29,41,42,31,18;18,30,42,43,44,32;18,31,44,33,20,19;20,32,44,34,22,21;22,33,44,43,45,35;22,34,45,46,36,23;23,35,46,37,25,24;25,36,46,47,38;25,37,47,48,39,26;26,38,48,40,28,27;28,39,48,49,41,29;29,40,49,42,30;30,41,49,50,43,31;31,42,50,45,34,44;31,43,34,33,32;34,43,50,46,35;35,45,50,47,37,36;37,46,50,49,48,38;38,47,49,40,39;40,48,47,50,42,41;42,49,47,46,45,43
ipr#719 46 1,2,3,4,5,6;0,6,7,8,9,2;0,1,9,10,11,3;0,2,11,12,13,4;0,3,13,14,5;0,4,14,15,16,6;0,5,16,17,7,1;1,6,17,18,8;1,7,18,19,20,9;1,8,20,10,2;2,9,20,21,22,11;2,10,22,12,3;3,11,22,23,24,13;3,12,24,25,14,4;4,13,25,26,15,5;5,14,26,27,28,16;5,15,28,29,17,6;6,16,29,30,18,7;7,17,30,31,19,8;8,18,31,32,33,20;8,19,33,21,10,9;10,20,33,34,35,22;10,21,35,23,12,11;12,22,35,36,37,24;12,23,37,25,13;13,24,37,38,26,14;14,25,38,27,15;15,26,38,39,40,28;15,27,40,29,16;16,28,40,41,30,17;17,29,41,42,31,18;18,30,42,32,19;19,31,42,43,34,33;19,32,34,21,20;21,33,32,43,36,35;21,34,36,23,22;23,35,34,43,44,37;23,36,44,38,25,24;25,37,44,39,27,26;27,38,44,45,40;27,39,45,41,29,28;29,40,45,42,30;30,41,45,43,32,31;32,42,45,44,36,34;36,43,45,39,38,37;39,44,43,42,41,40
ipr#721 52 1,2,3,4,5,6;0,6,7,8,9,2;0,1,9,10,11,3;0,2,11,12,13,4;0,3,13,14,5;0,4,14,15,16,6;0,5,16,7,1;1,6,16,17,18,8;1,7,18,19,20,9;1,8,20,10,2;2,9,20,21,22,11;2,10,22,12,3;3,11,22,23,24,13;3,12,24,25,14,4;4,13,25,26,15,5;5,14,26,27,28,16;5,15,28,17,7,6;7,16,28,29,30,18;7,17,30,31,19,8;8,18,31,32,33,20;8,19,33,21,10,9;10,20,33,34,35,22;10,21,35,23,12,11;12,22,35,36,24;12,23,36,37,25,13;13,24,37,38,26,14;14,25,38,39,27,15;15,26,39,40,41,28;15,27,41,29,17,16;17,28,41,42,43,30;17,29,43,44,31,18;18,30,44,32,19;19,31,44,45,34,33;19,32,34,21,20;21,33,32,45,46,35;21,34,46,36,23,22;23,35,46,47,37,24;24,36,47,38,25;25,37,47,48,39,26;26,38,48,40,27;27,39,48,49,42,41;27,40,42,29,28;29,41,40,49,50,43;29,42,50,44,30;30,43,50,45,32,31;32,44,50,51,46,34;34,45,51,47,36,35;36,46,51,48,38,37;38,47,51,49,40,39;40,48,51,50,42;42,49,51,45,44,43;45,50,49,48,47,46
ipr#723 49 1,2,3,4,5,6;0,6,7,8,9,2;0,1,9,10,11,3;0,2,11,12,13,4;0,3,13,14,15,5;0,4,15,16,17,6;0,5,17,7,1;1,6,17,18,19,8;1,7,19,20,21,9;1,8,21,10,2;2,9,21,22,23,11;2,10,23,12,3;3,11,23,24,25,13;3,12,25,26,14,4;4,13,26,27,15;4,14,27,28,16,5;5,15,28,29,17;5,16,29,18,7,6;7,17,29,30,31,19;7,18,31,20,8;8,19,31,32,33,21;8,20,33,22,10,9;10,21,33,34,35,23;10,22,35,24,12,11;12,23,35,36,37,25;12,24,37,38,26,13;13,25,38,39,27,14;14,26,39,40,28,15;15,27,40,41,29,16;16,28,41,30,18,17;18,29,41,42,43,31;18,30,43,32,20,19;20,31,43,44,34,33;20,32,34,22,21;22,33,32,44,36,35;22,34,36,24,23;24,35,34,44,45,37;24,36,45,38,25;25,37,45,46,39,26;26,38,46,47,40,27;27,39,47,41,28;28,40,47,42,30,29;30,41,47,48,43;30,42,48,44,32,31;32,43,48,45,36,34;36,44,48,46,38,37;38,45,48,47,39;39,46,48,42,41,40;42,47,46,45,44,43
ipr#725 52 1,2,3,4,5,6;0,6,7,8,9,2;0,1,9,10,11,3;0,2,11,12,4;0,3,12,13,14,5;0,4,14,15,16,6;0,5,16,7,1;1,6,16,17,18,8;1,7,18,19,20,9;1,8,20,10,2;2,9,20,21,22,11;2,10,22,23,12,3;3,11,23,24,13,4;4,12,24,25,26,14;4,13,26,15,5;5,14,26,27,28,16;5,15,28,17,7,6;7,16,28,29,30,18;7,17,30,19,8;8,18,30,31,32,20;8,19,32,21,10,9;10,20,32,33,34,22;10,21,34,35,23,11;11,22,35,36,24,12;12,23,36,37,25,13;13,24,37,38,26;13,25,38,27,15,14;15,26,38,39,40,28;15,27,40,29,17,16;17,28,40,41,42,30;17,29,42,31,19,18;19,30,42,43,33,32;19,31,33,21,20;21,32,31,43,44,34;21,33,44,35,22;22,34,44,45,36,23;23,35,45,46,37,24;24,36,46,47,38,25;25,37,47,39,27,26;27,38,47,48,40;27,39,48,41,29,28;29,40,48,49,42;29,41,49,43,31,30;31,42,49,50,44,33;33,43,50,45,35,34;35,44,50,46,36;36,45,50,51,47,37;37,46,51,48,39,38;39,47,51,49,41,40;41,48,51,50,43,42;43,49,51,46,45,44;46,50,49,48,47
ipr#727 52 1,2,3,4,5,6;0,6,7,8,9,2;0,1,9,10,11,3;0,2,11,12,13,4;0,3,13,14,15,5;0,4,15,16,17,6;0,5,17,7,1;1,6,17,18,19,8;1,7,19,20,21,9;1,8,21,10,2;2,9,21,22,23,11;2,10,23,12,3;3,11,23,24,25,13;3,12,25,26,14,4;4,13,26,27,28,15;4,14,28,29,16,5;5,15,29,30,17;5,16,30,18,7,6;7,17,30,31,32,19;7,18,32,20,8;8,19,32,33,34,21;8,20,34,22,10,9;10,21,34,35,36,23;10,22,36,24,12,11;12,23,36,37,25;12,24,37,38,26,13;13,25,38,27,14;14,26,38,39,40,28;14,27,40,41,29,15;15,28,41,42,30,16;16,29,42,31,18,17;18,30,42,43,44,32;18,31,44,33,20,19;20,32,44,45,35,34;20,33,35,22,21;22,34,33,45,46,36;22,35,46,37,24,23;24,36,46,47,38,25;25,37,47,39,27,26;27,38,47,48,49,40;27,39,49,50,41,28;28,40,50,42,29;29,41,50,43,31,30;31,42,50,51,44;31,43,51,45,33,32;33,44,51,48,46,35;35,45,48,47,37,36;37,46,48,39,38;39,47,46,45,51,49;39,48,51,50,40;40,49,51,43,42,41;43,50,49,48,45,44
ipr#729 50 1,2,3,4,5;0,5,6,7,8,2;0,1,8,9,10,3;0,2,10,11,12,4;0,3,12,13,14,5;0,4,14,15,6,1;1,5,15,16,17,7;1,6,17,18,8;1,7,18,19,9,2;2,8,19,20,21,10;2,9,21,11,3;3,10,21,22,23,12;3,11,23,24,13,4;4,12,24,25,14;4,13,25,26,15,5;5,14,26,27,16,6;6,15,27,28,17;6,16,28,29,18,7;7,17,29,30,19,8;8,18,30,31,20,9;9,19,31,32,33,21;9,20,33,22,11,10;11,21,33,34,35,23;11,22,35,36,24,12;12,23,36,37,25,13;13,24,37,38,26,14;14,25,38,27,15;15,26,38,39,28,16;16,27,39,40,29,17;17,28,40,41,30,18;18,29,41,42,31,19;19,30,42,32,20;20,31,42,43,34,33;20,32,34,22,21;22,33,32,43,44,35;22,34,44,36,23;23,35,44,45,37,24;24,36,45,46,38,25;25,37,46,39,27,26;27,38,46,47,40,28;28,39,47,48,41,29;29,40,48,42,30;30,41,48,43,32,31;32,42,48,49,44,34;34,43,49,45,36,35;36,44,49,46,37;37,45,49,47,39,38;39,46,49,48,40;40,47,49,43,42,41;43,48,47,46,45,44
ipr#731 50 1,2,3,4,5;0,5,6,7,8,2;0,1,8,9,10,3;0,2,10,11,12,4;0,3,12,13,14,5;0,4,14,15,6,1;1,5,15,16,17,7;1,6,17,18,8;1,7,18,19,9,2;2,8,19,20,21,10;2,9,21,11,3;3,10,21,22,23,12;3,11,23,24,13,4;4,12,24,25,14;4,13,25,26,15,5;5,14,26,16,6;6,15,26,27,28,17;6,16,28,29,18,7;7,17,29,30,19,8;8,18,30,31,20,9;9,19,31,32,33,21;9,20,33,22,11,10;11,21,33,34,35,23;11,22,35,36,24,12;12,23,36,37,25,13;13,24,37,38,26,14;14,25,38,27,16,15;16,26,38,39,28;16,27,39,40,29,17;17,28,40,41,30,18;18,29,41,42,31,19;19,30,42,32,20;20,31,42,43,34,33;20,32,34,22,21;22,33,32,43,44,35;22,34,44,36,23;23,35,44,45,37,24;24,36,45,46,38,25;25,37,46,39,27,26;27,38,46,47,40,28;28,39,47,48,41,29;29,40,48,42,30;30,41,48,43,32,31;32,42,48,49,44,34;34,43,49,45,36,35;36,44,49,46,37;37,45,49,47,39,38;39,46,49,48,40;40,47,49,43,42,41;43,48,47,46,45,44
ipr#733 49 1,2,3,4,5;0,5,6,7,8,2;0,1,8,9,10,3;0,2,10,11,12,4;0,3,12,13,14,5;0,4,14,15,6,1;1,5,15,16,17,7;1,6,17,18,19,8;1,7,19,9,2;2,8,19,20,21,10;2,9,21,11,3;3,10,21,22,23,12;3,11,23,24,13,4;4,12,24,25,14;4,13,25,26,15,5;5,14,26,16,6;6,15,26,27,28,17;6,16,28,29,18,7;7,17,29,30,31,19;7,18,31,20,9,8;9,19,31,32,33,21;9,20,33,22,11,10;11,21,33,34,35,23;11,22,35,36,24,12;12,23,36,37,25,13;13,24,37,38,26,14;14,25,38,27,16,15;16,26,38,39,40,28;16,27,40,41,29,17;17,28,41,42,30,18;18,29,42,43,32,31;18,30,32,20,19;20,31,30,43,34,33;20,32,34,22,21;22,33,32,43,44,35;22,34,44,45,36,23;23,35,45,46,37,24;24,36,46,39,38,25;25,37,39,27,26;27,38,37,46,47,40;27,39,47,41,28;28,40,47,48,42,29;29,41,48,43,30;30,42,48,44,34,32;34,43,48,45,35;35,44,48,47,46,36;36,45,47,39,37;39,46,45,48,41,40;41,47,45,44,43,42
ipr#735 49 1,2,3,4,5;0,5,6,7,8,2;0,1,8,9,10,3;0,2,10,11,12,4;0,3,12,13,14,5;0,4,14,15,6,1;1,5,15,16,7;1,6,16,17,18,8;1,7,18,19,9,2;2,8,19,20,21,10;2,9,21,11,3;3,10,21,22,23,12;3,11,23,24,13,4;4,12,24,25,26,14;4,13,26,27,15,5;5,14,27,28,16,6;6,15,28,29,17,7;7,16,29,30,31,18;7,17,31,19,8;8,18,31,32,20,9;9,19,32,33,34,21;9,20,34,22,11,10;11,21,34,35,36,23;11,22,36,37,24,12;12,23,37,25,13;13,24,37,38,39,26;13,25,39,27,14;14,26,39,40,28,15;15,27,40,41,29,16;16,28,41,42,30,17;17,29,42,43,31;17,30,43,32,19,18;19,31,43,33,20;20,32,43,44,35,34;20,33,35,22,21;22,34,33,44,45,36;22,35,45,46,37,23;23,36,46,38,25,24;25,37,46,47,39;25,38,47,40,27,26;27,39,47,41,28;28,40,47,48,42,29;29,41,48,44,43,30;30,42,44,33,32,31;33,43,42,48,45,35;35,44,48,46,36;36,45,48,47,38,37;38,46,48,41,40,39;41,47,46,45,44,42
ipr#737 52 1,2,3,4,5;0,5,6,7,8,2;0,1,8,9,10,3;0,2,10,11,12,4;0,3,12,13,14,5;0,4,14,15,6,1;1,5,15,16,7;1,6,16,17,18,8;1,7,18,19,9,2;2,8,19,20,21,10;2,9,21,11,3;3,10,21,22,23,12;3,11,23,24,13,4;4,12,24,25,26,14;4,13,26,27,15,5;5,14,27,28,16,6;6,15,28,29,17,7;7,16,29,30,31,18;7,17,31,19,8;8,18,31,32,20,9;9,19,32,33,34,21;9,20,34,22,11,10;11,21,34,35,36,23;11,22,36,37,24,12;12,23,37,25,13;13,24,37,38,39,26;13,25,39,27,14;14,26,39,40,28,15;15,27,40,41,29,16;16,28,41,42,30,17;17,29,42,43,44,31;17,30,44,32,19,18;19,31,44,33,20;20,32,44,45,35,34;20,33,35,22,21;22,34,33,45,46,36;22,35,46,47,37,23;23,36,47,38,25,24;25,37,47,48,49,39;25,38,49,40,27,26;27,39,49,41,28;28,40,49,50,42,29;29,41,50,43,30;30,42,50,51,45,44;30,43,45,33,32,31;33,44,43,51,46,35;35,45,51,47,36;36,46,51,48,38,37;38,47,51,50,49;38,48,50,41,40,39;41,49,48,51,43,42;43,50,48,47,46,45
ipr#739 46 1,2,3,4,5;0,5,6,7,8,2;0,1,8,9,10,3;0,2,10,11,12,4;0,3,12,13,14,5;0,4,14,15,6,1;1,5,15,16,7;1,6,16,17,18,8;1,7,18,9,2;2,8,18,19,20,10;2,9,20,11,3;3,10,20,21,22,12;3,11,22,23,13,4;4,12,23,24,25,14;4,13,25,26,15,5;5,14,26,27,16,6;6,15,27,28,17,7;7,16,28,29,30,18;7,17,30,19,9,8;9,18,30,31,32,20;9,19,32,21,11,10;11,20,32,33,34,22;11,21,34,35,23,12;12,22,35,24,13;13,23,35,36,37,25;13,24,37,26,14;14,25,37,38,27,15;15,26,38,39,28,16;16,27,39,29,17;17,28,39,40,41,30;17,29,41,31,19,18;19,30,41,42,33,32;19,31,33,21,20;21,32,31,42,43,34;21,33,43,35,22;22,34,43,36,24,23;24,35,43,44,45,37;24,36,45,38,26,25;26,37,45,39,27;27,38,45,40,29,28;29,39,45,44,42,41;29,40,42,31,30;31,41,40,44,43,33;33,42,44,36,35,34;36,43,42,40,45;36,44,40,39,38,37
ipr#741 51 1,2,3,4,5,6;0,6,7,8,9,2;0,1,9,10,11,3;0,2,11,12,13,4;0,3,13,14,5;0,4,14,15,16,6;0,5,16,17,7,1;1,6,17,18,8;1,7,18,19,20,9;1,8,20,10,2;2,9,20,21,22,11;2,10,22,12,3;3,11,22,23,24,13;3,12,24,25,14,4;4,13,25,26,15,5;5,14,26,27,28,16;5,15,28,29,17,6;6,16,29,30,18,7;7,17,30,31,19,8;8,18,31,32,33,20;8,19,33,21,10,9;10,20,33,34,35,22;10,21,35,23,12,11;12,22,35,36,37,24;12,23,37,38,25,13;13,24,38,39,26,14;14,25,39,27,15;15,26,39,40,41,28;15,27,41,29,16;16,28,41,42,30,17;17,29,42,43,31,18;18,30,43,32,19;19,31,43,44,45,33;19,32,45,34,21,20;21,33,45,46,36,35;21,34,36,23,22;23,35,34,46,47,37;23,36,47,48,38,24;24,37,48,39,25;25,38,48,40,27,26;27,39,48,49,50,41;27,40,50,42,29,28;29,41,50,43,30;30,42,50,44,32,31;32,43,50,49,46,45;32,44,46,34,33;34,45,44,49,47,36;36,46,49,48,37;37,47,49,40,39,38;40,48,47,46,44,50;40,49,44,43,42,41
ipr#743 51 1,2,3,4,5,6;0,6,7,8,9,2;0,1,9,10,11,3;0,2,11,12,13,4;0,3,13,14,15,5;0,4,15,16,17,6;0,5,17,7,1;1,6,17,18,19,8;1,7,19,20,21,9;1,8,21,10,2;2,9,21,22,23,11;2,10,23,12,3;3,11,23,24,25,13;3,12,25,26,14,4;4,13,26,27,28,15;4,14,28,29,16,5;5,15,29,30,31,17;5,16,31,18,7,6;7,17,31,32,33,19;7,18,33,20,8;8,19,33,34,35,21;8,20,35,22,10,9;10,21,35,36,37,23;10,22,37,24,12,11;12,23,37,38,39,25;12,24,39,40,26,13;13,25,40,27,14;14,26,40,41,42,28;14,27,42,29,15;15,28,42,43,30,16;16,29,43,44,32,31;16,30,32,18,17;18,31,30,44,45,33;18,32,45,34,20,19;20,33,45,46,36,35;20,34,36,22,21;22,35,34,46,38,37;22,36,38,24,23;24,37,36,46,47,39;24,38,47,48,40,25;25,39,48,41,27,26;27,40,48,49,42;27,41,49,43,29,28;29,42,49,44,30;30,43,49,50,45,32;32,44,50,46,34,33;34,45,50,47,38,36;38,46,50,48,39;39,47,50,49,41,40;41,48,50,44,43,42;44,49,48,47,46,45
ipr#745 51 1,2,3,4,5;0,5,6,7,8,2;0,1,8,9,10,3;0,2,10,11,12,4;0,3,12,13,14,5;0,4,14,15,6,1;1,5,15,16,17,7;1,6,17,18,19,8;1,7,19,9,2;2,8,19,20,21,10;2,9,21,11,3;3,10,21,22,23,12;3,11,23,24,13,4;4,12,24,25,26,14;4,13,26,27,15,5;5,14,27,28,16,6;6,15,28,29,30,17;6,16,30,18,7;7,17,30,31,32,19;7,18,32,20,9,8;9,19,32,33,34,21;9,20,34,22,11,10;11,21,34,35,36,23;11,22,36,37,24,12;12,23,37,25,13;13,24,37,38,39,26;13,25,39,27,14;14,26,39,40,28,15;15,27,40,41,29,16;16,28,41,42,43,30;16,29,43,31,18,17;18,30,43,44,33,32;18,31,33,20,19;20,32,31,44,45,34;20,33,45,35,22,21;22,34,45,46,47,36;22,35,47,48,37,23;23,36,48,38,25,24;25,37,48,49,39;25,38,49,40,27,26;27,39,49,41,28;28,40,49,50,42,29;29,41,50,46,44,43;29,42,44,31,30;31,43,42,46,45,33;33,44,46,35,34;35,45,44,42,50,47;35,46,50,48,36;36,47,50,49,38,37;38,48,50,41,40,39;41,49,48,47,46,42
ipr#747 50 1,2,3,4,5;0,5,6,7,8,2;0,1,8,9,10,3;0,2,10,11,12,4;0,3,12,13,14,5;0,4,14,15,6,1;1,5,15,16,17,7;1,6,17,18,19,8;1,7,19,9,2;2,8,19,20,21,10;2,9,21,22,11,3;3,10,22,23,12;3,11,23,24,13,4;4,12,24,25,26,14;4,13,26,27,15,5;5,14,27,16,6;6,15,27,28,29,17;6,16,29,18,7;7,17,29,30,31,19;7,18,31,20,9,8;9,19,31,32,33,21;9,20,33,22,10;10,21,33,34,23,11;11,22,34,35,24,12;12,23,35,36,25,13;13,24,36,37,38,26;13,25,38,39,27,14;14,26,39,28,16,15;16,27,39,40,41,29;16,28,41,30,18,17;18,29,41,42,32,31;18,30,32,20,19;20,31,30,42,43,33;20,32,43,34,22,21;22,33,43,44,35,23;23,34,44,45,36,24;24,35,45,37,25;25,36,45,46,47,38;25,37,47,39,26;26,38,47,40,28,27;28,39,47,48,41;28,40,48,42,30,29;30,41,48,49,43,32;32,42,49,44,34,33;34,43,49,45,35;35,44,49,46,37,36;37,45,49,48,47;37,46,48,40,39,38;40,47,46,49,42,41;42,48,46,45,44,43
ipr#749 46 1,2,3,4,5,6;0,6,7,8,9,2;0,1,9,10,11,3;0,2,11,12,13,4;0,3,13,14,15,5;0,4,15,16,6;0,5,16,17,7,1;1,6,17,18,8;1,7,18,19,20,9;1,8,20,21,10,2;2,9,21,22,11;2,10,22,23,12,3;3,11,23,24,25,13;3,12,25,14,4;4,13,25,26,27,15;4,14,27,28,16,5;5,15,28,29,17,6;6,16,29,30,18,7;7,17,30,31,19,8;8,18,31,32,33,20;8,19,33,21,9;9,20,33,34,22,10;10,21,34,35,23,11;11,22,35,24,12;12,23,35,36,37,25;12,24,37,26,14,13;14,25,37,38,39,27;14,26,39,40,28,15;15,27,40,29,16;16,28,40,41,30,17;17,29,41,42,31,18;18,30,42,32,19;19,31,42,43,44,33;19,32,44,34,21,20;21,33,44,35,22;22,34,44,36,24,23;24,35,44,43,38,37;24,36,38,26,25;26,37,36,43,45,39;26,38,45,40,27;27,39,45,41,29,28;29,40,45,42,30;30,41,45,43,32,31;32,42,45,38,36,44;32,43,36,35,34,33;38,43,42,41,40,39
ipr#751 52 1,2,3,4,5,6;0,6,7,8,9,2;0,1,9,10,11,3;0,2,11,12,13,4;0,3,13,14,15,5;0,4,15,16,6;0,5,16,17,7,1;1,6,17,18,8;1,7,18,19,20,9;1,8,20,21,10,2;2,9,21,22,11;2,10,22,23,12,3;3,11,23,24,25,13;3,12,25,14,4;4,13,25,26,27,15;4,14,27,28,16,5;5,15,28,29,17,6;6,16,29,30,18,7;7,17,30,31,19,8;8,18,31,32,33,20;8,19,33,21,9;9,20,33,34,22,10;10,21,34,35,23,11;11,22,35,36,24,12;12,23,36,37,38,25;12,24,38,26,14,13;14,25,38,39,40,27;14,26,40,41,28,15;15,27,41,29,16;16,28,41,42,30,17;17,29,42,43,31,18;18,30,43,32,19;19,31,43,44,45,33;19,32,45,34,21,20;21,33,45,46,35,22;22,34,46,47,36,23;23,35,47,37,24;24,36,47,48,39,38;24,37,39,26,25;26,38,37,48,49,40;26,39,49,50,41,27;27,40,50,42,29,28;29,41,50,43,30;30,42,50,44,32,31;32,43,50,49,51,45;32,44,51,46,34,33;34,45,51,47,35;35,46,51,48,37,36;37,47,51,49,39;39,48,51,44,50,40;40,49,44,43,42,41;44,49,48,47,46,45
ipr#753 52 1,2,3,4,5,6;0,6,7,8,9,2;0,1,9,10,11,3;0,2,11,12,13,4;0,3,13,14,15,5;0,4,15,16,6;0,5,16,17,7,1;1,6,17,18,8;1,7,18,19,20,9;1,8,20,21,10,2;2,9,21,22,11;2,10,22,23,12,3;3,11,23,24,25,13;3,12,25,26,14,4;4,13,26,27,28,15;4,14,28,29,16,5;5,15,29,30,17,6;6,16,30,31,18,7;7,17,31,32,19,8;8,18,32,33,34,20;8,19,34,21,9;9,20,34,35,22,10;10,21,35,36,23,11;11,22,36,24,12;12,23,36,37,38,25;12,24,38,26,13;13,25,38,39,27,14;14,26,39,40,41,28;14,27,41,42,29,15;15,28,42,30,16;16,29,42,43,31,17;17,30,43,44,32,18;18,31,44,33,19;19,32,44,45,46,34;19,33,46,35,21,20;21,34,46,47,36,22;22,35,47,37,24,23;24,36,47,48,38;24,37,48,39,26,25;26,38,48,40,27;27,39,48,49,50,41;27,40,50,51,42,28;28,41,51,43,30,29;30,42,51,44,31;31,43,51,45,33,32;33,44,51,50,49,46;33,45,49,47,35,34;35,46,49,48,37,36;37,47,49,40,39,38;40,48,47,46,45,50;40,49,45,51,41;41,50,45,44,43,42
ipr#755 52 1,2,3,4,5,6;0,6,7,8,9,2;0,1,9,10,11,3;0,2,11,12,13,4;0,3,13,14,15,5;0,4,15,16,6;0,5,16,17,7,1;1,6,17,18,8;1,7,18,19,20,9;1,8,20,21,10,2;2,9,21,22,11;2,10,22,23,12,3;3,11,23,24,25,13;3,12,25,14,4;4,13,25,26,27,15;4,14,27,28,16,5;5,15,28,29,17,6;6,16,29,30,18,7;7,17,30,31,19,8;8,18,31,32,20;8,19,32,33,21,9;9,20,33,34,22,10;10,21,34,35,23,11;11,22,35,24,12;12,23,35,36,37,25;12,24,37,26,14,13;14,25,37,38,39,27;14,26,39,40,28,15;15,27,40,29,16;16,28,40,41,30,17;17,29,41,42,31,18;18,30,42,43,32,19;19,31,43,44,33,20;20,32,44,45,34,21;21,33,45,35,22;22,34,45,36,24,23;24,35,45,46,47,37;24,36,47,38,26,25;26,37,47,48,49,39;26,38,49,40,27;27,39,49,41,29,28;29,40,49,50,42,30;30,41,50,43,31;31,42,50,51,44,32;32,43,51,46,45,33;33,44,46,36,35,34;36,45,44,51,48,47;36,46,48,38,37;38,47,46,51,50,49;38,48,50,41,40,39;41,49,48,51,43,42;43,50,48,46,44
ipr#757 51 1,2,3,4,5,6;0,6,7,8,9,2;0,1,9,10,11,3;0,2,11,12,13,4;0,3,13,14,15,5;0,4,15,16,6;0,5,16,17,7,1;1,6,17,18,8;1,7,18,19,20,9;1,8,20,10,2;2,9,20,21,22,11;2,10,22,23,12,3;3,11,23,24,25,13;3,12,25,14,4;4,13,25,26,27,15;4,14,27,28,16,5;5,15,28,29,17,6;6,16,29,30,18,7;7,17,30,31,19,8;8,18,31,32,33,20;8,19,33,21,10,9;10,20,33,34,35,22;10,21,35,36,23,11;11,22,36,24,12;12,23,36,37,38,25;12,24,38,26,14,13;14,25,38,39,40,27;14,26,40,41,28,15;15,27,41,42,29,16;16,28,42,30,17;17,29,42,43,31,18;18,30,43,44,32,19;19,31,44,45,34,33;19,32,34,21,20;21,33,32,45,46,35;21,34,46,36,22;22,35,46,37,24,23;24,36,46,47,39,38;24,37,39,26,25;26,38,37,47,48,40;26,39,48,41,27;27,40,48,49,42,28;28,41,49,43,30,29;30,42,49,50,44,31;31,43,50,45,32;32,44,50,47,46,34;34,45,47,37,36,35;37,46,45,50,48,39;39,47,50,49,41,40;41,48,50,43,42;43,49,48,47,45,44
ipr#759 49 1,2,3,4,5,6;0,6,7,8,2;0,1,8,9,10,3;0,2,10,11,12,4;0,3,12,13,14,5;0,4,14,15,16,6;0,5,16,17,7,1;1,6,17,18,19,8;1,7,19,20,9,2;2,8,20,21,22,10;2,9,22,23,11,3;3,10,23,24,25,12;3,11,25,13,4;4,12,25,26,27,14;4,13,27,15,5;5,14,27,28,29,16;5,15,29,17,6;6,16,29,30,18,7;7,17,30,31,32,19;7,18,32,20,8;8,19,32,33,21,9;9,20,33,34,22;9,21,34,35,23,10;10,22,35,24,11;11,23,35,36,37,25;11,24,37,26,13,12;13,25,37,38,27;13,26,38,28,15,14;15,27,38,39,40,29;15,28,40,30,17,16;17,29,40,41,31,18;18,30,41,42,43,32;18,31,43,33,20,19;20,32,43,44,34,21;21,33,44,45,35,22;22,34,45,36,24,23;24,35,45,46,47,37;24,36,47,38,26,25;26,37,47,39,28,27;28,38,47,48,40;28,39,48,41,30,29;30,40,48,42,31;31,41,48,46,44,43;31,42,44,33,32;33,43,42,46,45,34;34,44,46,36,35;36,45,44,42,48,47;36,46,48,39,38,37;39,47,46,42,41,40
ipr#761 52 1,2,3,4,5,6;0,6,7,8,2;0,1,8,9,10,3;0,2,10,11,12,4;0,3,12,13,14,5;0,4,14,15,16,6;0,5,16,17,7,1;1,6,17,18,19,8;1,7,19,20,9,2;2,8,20,21,22,10;2,9,22,23,11,3;3,10,23,24,25,12;3,11,25,13,4;4,12,25,26,27,14;4,13,27,15,5;5,14,27,28,29,16;5,15,29,17,6;6,16,29,30,18,7;7,17,30,31,32,19;7,18,32,20,8;8,19,32,33,21,9;9,20,33,34,22;9,21,34,35,23,10;10,22,35,36,24,11;11,23,36,37,38,25;11,24,38,26,13,12;13,25,38,39,27;13,26,39,28,15,14;15,27,39,40,41,29;15,28,41,30,17,16;17,29,41,42,31,18;18,30,42,43,44,32;18,31,44,33,20,19;20,32,44,45,34,21;21,33,45,46,35,22;22,34,46,47,36,23;23,35,47,37,24;24,36,47,48,49,38;24,37,49,39,26,25;26,38,49,40,28,27;28,39,49,48,50,41;28,40,50,42,30,29;30,41,50,43,31;31,42,50,51,45,44;31,43,45,33,32;33,44,43,51,46,34;34,45,51,47,35;35,46,51,48,37,36;37,47,51,50,40,49;37,48,40,39,38;40,48,51,43,42,41;43,50,48,47,46,45
ipr#763 49 1,2,3,4,5,6;0,6,7,8,2;0,1,8,9,10,3;0,2,10,11,4;0,3,11,12,13,5;0,4,13,14,6;0,5,14,15,7,1;1,6,15,16,17,8;1,7,17,18,9,2;2,8,18,19,20,10;2,9,20,21,11,3;3,10,21,22,12,4;4,11,22,23,24,13;4,12,24,25,14,5;5,13,25,26,15,6;6,14,26,27,16,7;7,15,27,28,29,17;7,16,29,30,18,8;8,17,30,31,19,9;9,18,31,32,20;9,19,32,33,21,10;10,20,33,34,22,11;11,21,34,35,23,12;12,22,35,36,37,24;12,23,37,38,25,13;13,24,38,26,14;14,25,38,39,27,15;15,26,39,40,28,16;16,27,40,41,29;16,28,41,42,30,17;17,29,42,31,18;18,30,42,43,32,19;19,31,43,44,33,20;20,32,44,34,21;21,33,44,45,35,22;22,34,45,36,23;23,35,45,46,47,37;23,36,47,38,24;24,37,47,39,26,25;26,38,47,40,27;27,39,47,46,41,28;28,40,46,48,42,29;29,41,48,43,31,30;31,42,48,44,32;32,43,48,45,34,33;34,44,48,46,36,35;36,45,48,41,40,47;36,46,40,39,38,37;41,46,45,44,43,42
ipr#765 52 1,2,3,4,5,6;0,6,7,8,9,2;0,1,9,10,11,3;0,2,11,12,4;0,3,12,13,14,5;0,4,14,15,6;0,5,15,16,7,1;1,6,16,17,8;1,7,17,18,19,9;1,8,19,20,10,2;2,9,20,21,22,11;2,10,22,23,12,3;3,11,23,24,13,4;4,12,24,25,26,14;4,13,26,27,15,5;5,14,27,28,16,6;6,15,28,29,17,7;7,16,29,30,18,8;8,17,30,31,32,19;8,18,32,33,20,9;9,19,33,34,21,10;10,20,34,35,22;10,21,35,36,23,11;11,22,36,37,24,12;12,23,37,38,25,13;13,24,38,39,40,26;13,25,40,41,27,14;14,26,41,28,15;15,27,41,42,29,16;16,28,42,30,17;17,29,42,43,31,18;18,30,43,44,32;18,31,44,45,33,19;19,32,45,34,20;20,33,45,46,35,21;21,34,46,47,36,22;22,35,47,37,23;23,36,47,48,38,24;24,37,48,39,25;25,38,48,49,50,40;25,39,50,41,26;26,40,50,42,28,27;28,41,50,43,30,29;30,42,50,49,44,31;31,43,49,51,45,32;32,44,51,46,34,33;34,45,51,47,35;35,46,51,48,37,36;37,47,51,49,39,38;39,48,51,44,43,50;39,49,43,42,41,40;44,49,48,47,46,45
ipr#767 49 1,2,3,4,5,6;0,6,7,8,9,2;0,1,9,10,11,3;0,2,11,12,4;0,3,12,13,14,5;0,4,14,15,6;0,5,15,16,7,1;1,6,16,17,8;1,7,17,18,19,9;1,8,19,20,10,2;2,9,20,21,11;2,10,21,22,12,3;3,11,22,23,13,4;4,12,23,24,25,14;4,13,25,26,15,5;5,14,26,27,16,6;6,15,27,28,17,7;7,16,28,29,18,8;8,17,29,30,31,19;8,18,31,32,20,9;9,19,32,33,21,10;10,20,33,34,22,11;11,21,34,35,23,12;12,22,35,36,24,13;13,23,36,37,38,25;13,24,38,39,26,14;14,25,39,27,15;15,26,39,40,28,16;16,27,40,29,17;17,28,40,41,30,18;18,29,41,42,31;18,30,42,43,32,19;19,31,43,33,20;20,32,43,44,34,21;21,33,44,35,22;22,34,44,45,36,23;23,35,45,37,24;24,36,45,46,47,38;24,37,47,39,25;25,38,47,40,27,26;27,39,47,41,29,28;29,40,47,46,42,30;30,41,46,48,43,31;31,42,48,44,33,32;33,43,48,45,35,34;35,44,48,46,37,36;37,45,48,42,41,47;37,46,41,40,39,38;42,46,45,44,43
ipr#769 49 1,2,3,4,5,6;0,6,7,8,2;0,1,8,9,10,3;0,2,10,11,4;0,3,11,12,13,5;0,4,13,14,6;0,5,14,15,7,1;1,6,15,16,17,8;1,7,17,18,9,2;2,8,18,19,10;2,9,19,20,11,3;3,10,20,21,12,4;4,11,21,22,23,13;4,12,23,24,14,5;5,13,24,25,15,6;6,14,25,26,16,7;7,15,26,27,28,17;7,16,28,29,18,8;8,17,29,30,19,9;9,18,30,31,20,10;10,19,31,32,21,11;11,20,32,33,22,12;12,21,33,34,35,23;12,22,35,36,24,13;13,23,36,25,14;14,24,36,37,26,15;15,25,37,38,27,16;16,26,38,39,28;16,27,39,40,29,17;17,28,40,41,30,18;18,29,41,42,31,19;19,30,42,32,20;20,31,42,43,33,21;21,32,43,44,34,22;22,33,44,45,46,35;22,34,46,36,23;23,35,46,37,25,24;25,36,46,38,26;26,37,46,45,39,27;27,38,45,47,40,28;28,39,47,48,41,29;29,40,48,42,30;30,41,48,43,32,31;32,42,48,44,33;33,43,48,47,45,34;34,44,47,39,38,46;34,45,38,37,36,35;39,45,44,48,40;40,47,44,43,42,41
ipr#771 52 1,2,3,4,5,6;0,6,7,8,2;0,1,8,9,10,3;0,2,10,11,4;0,3,11,12,13,5;0,4,13,14,6;0,5,14,15,7,1;1,6,15,16,17,8;1,7,17,18,9,2;2,8,18,19,10;2,9,19,20,11,3;3,10,20,21,12,4;4,11,21,22,23,13;4,12,23,24,14,5;5,13,24,25,15,6;6,14,25,26,16,7;7,15,26,27,28,17;7,16,28,29,18,8;8,17,29,30,19,9;9,18,30,31,20,10;10,19,31,32,21,11;11,20,32,33,22,12;12,21,33,34,35,23;12,22,35,36,24,13;13,23,36,25,14;14,24,36,37,26,15;15,25,37,38,27,16;16,26,38,39,28;16,27,39,40,29,17;17,28,40,41,30,18;18,29,41,42,31,19;19,30,42,32,20;20,31,42,43,33,21;21,32,43,44,34,22;22,33,44,45,46,35;22,34,46,36,23;23,35,46,37,25,24;25,36,46,47,38,26;26,37,47,48,39,27;27,38,48,49,40,28;28,39,49,50,41,29;29,40,50,42,30;30,41,50,43,32,31;32,42,50,51,44,33;33,43,51,45,34;34,44,51,48,47,46;34,45,47,37,36,35;37,46,45,48,38;38,47,45,51,49,39;39,48,51,50,40;40,49,51,43,42,41;43,50,49,48,45,44
ipr#773 52 1,2,3,4,5,6;0,6,7,8,2;0,1,8,9,10,3;0,2,10,11,4;0,3,11,12,13,5;0,4,13,14,15,6;0,5,15,16,7,1;1,6,16,17,18,8;1,7,18,19,9,2;2,8,19,20,10;2,9,20,21,11,3;3,10,21,22,12,4;4,11,22,23,24,13;4,12,24,25,14,5;5,13,25,26,27,15;5,14,27,16,6;6,15,27,28,17,7;7,16,28,29,30,18;7,17,30,31,19,8;8,18,31,32,20,9;9,19,32,33,21,10;10,20,33,34,22,11;11,21,34,35,23,12;12,22,35,36,37,24;12,23,37,38,25,13;13,24,38,26,14;14,25,38,39,40,27;14,26,40,28,16,15;16,27,40,29,17;17,28,40,41,42,30;17,29,42,43,31,18;18,30,43,44,32,19;19,31,44,45,33,20;20,32,45,34,21;21,33,45,46,35,22;22,34,46,47,36,23;23,35,47,48,49,37;23,36,49,38,24;24,37,49,39,26,25;26,38,49,41,40;26,39,41,29,28,27;29,40,39,49,48,42;29,41,48,50,43,30;30,42,50,51,44,31;31,43,51,45,32;32,44,51,46,34,33;34,45,51,47,35;35,46,51,50,48,36;36,47,50,42,41,49;36,48,41,39,38,37;42,48,47,51,43;43,50,47,46,45,44
ipr#775 52 1,2,3,4,5,6;0,6,7,8,9,2;0,1,9,10,11,3;0,2,11,12,4;0,3,12,13,14,5;0,4,14,15,6;0,5,15,16,7,1;1,6,16,17,8;1,7,17,18,19,9;1,8,19,20,10,2;2,9,20,21,11;2,10,21,22,12,3;3,11,22,23,13,4;4,12,23,24,25,14;4,13,25,26,15,5;5,14,26,27,16,6;6,15,27,28,17,7;7,16,28,29,18,8;8,17,29,30,31,19;8,18,31,32,20,9;9,19,32,33,21,10;10,20,33,34,22,11;11,21,34,35,23,12;12,22,35,36,24,13;13,23,36,37,38,25;13,24,38,39,26,14;14,25,39,27,15;15,26,39,40,28,16;16,27,40,29,17;17,28,40,41,30,18;18,29,41,42,31;18,30,42,43,32,19;19,31,43,44,33,20;20,32,44,45,34,21;21,33,45,35,22;22,34,45,46,36,23;23,35,46,47,37,24;24,36,47,48,49,38;24,37,49,39,25;25,38,49,40,27,26;27,39,49,41,29,28;29,40,49,48,42,30;30,41,48,50,43,31;31,42,50,51,44,32;32,43,51,45,33;33,44,51,46,35,34;35,45,51,47,36;36,46,51,50,48,37;37,47,50,42,41,49;37,48,41,40,39,38;42,48,47,51,43;43,50,47,46,45,44
ipr#777 50 1,2,3,4,5,6;0,6,7,8,9,2;0,1,9,10,11,3;0,2,11,12,4;0,3,12,13,14,5;0,4,14,15,6;0,5,15,16,7,1;1,6,16,17,18,8;1,7,18,19,9;1,8,19,20,10,2;2,9,20,21,11;2,10,21,22,12,3;3,11,22,23,13,4;4,12,23,24,25,14;4,13,25,26,15,5;5,14,26,27,16,6;6,15,27,28,17,7;7,16,28,29,30,18;7,17,30,31,19,8;8,18,31,32,20,9;9,19,32,33,21,10;10,20,33,34,22,11;11,21,34,35,23,12;12,22,35,36,24,13;13,23,36,37,38,25;13,24,38,39,26,14;14,25,39,27,15;15,26,39,40,28,16;16,27,40,41,29,17;17,28,41,42,30;17,29,42,43,31,18;18,30,43,44,32,19;19,31,44,33,20;20,32,44,45,34,21;21,33,45,35,22;22,34,45,46,36,23;23,35,46,37,24;24,36,46,47,48,38;24,37,48,39,25;25,38,48,40,27,26;27,39,48,41,28;28,40,48,47,42,29;29,41,47,49,43,30;30,42,49,44,31;31,43,49,45,33,32;33,44,49,46,35,34;35,45,49,47,37,36;37,46,49,42,41,48;37,47,41,40,39,38;42,47,46,45,44,43
ipr#779 46 1,2,3,4,5,6;0,6,7,8,9,2;0,1,9,10,11,3;0,2,11,12,13,4;0,3,13,14,15,5;0,4,15,16,6;0,5,16,17,7,1;1,6,17,18,19,8;1,7,19,20,9;1,8,20,21,10,2;2,9,21,22,23,11;2,10,23,12,3;3,11,23,24,25,13;3,12,25,14,4;4,13,25,26,27,15;4,14,27,28,16,5;5,15,28,29,17,6;6,16,29,30,18,7;7,17,30,31,19;7,18,31,32,20,8;8,19,32,33,21,9;9,20,33,22,10;10,21,33,34,35,23;10,22,35,24,12,11;12,23,35,36,37,25;12,24,37,26,14,13;14,25,37,38,39,27;14,26,39,40,28,15;15,27,40,29,16;16,28,40,41,30,17;17,29,41,42,31,18;18,30,42,43,32,19;19,31,43,33,20;20,32,43,34,22,21;22,33,43,44,36,35;22,34,36,24,23;24,35,34,44,38,37;24,36,38,26,25;26,37,36,44,45,39;26,38,45,40,27;27,39,45,41,29,28;29,40,45,42,30;30,41,45,44,43,31;31,42,44,34,33,32;34,43,42,45,38,36;38,44,42,41,40,39
ipr#781 52 1,2,3,4,5,6;0,6,7,8,9,2;0,1,9,10,11,3;0,2,11,12,4;0,3,12,13,14,5;0,4,14,15,6;0,5,15,16,7,1;1,6,16,17,18,8;1,7,18,19,20,9;1,8,20,21,10,2;2,9,21,22,23,11;2,10,23,24,12,3;3,11,24,25,13,4;4,12,25,26,27,14;4,13,27,28,15,5;5,14,28,29,16,6;6,15,29,30,17,7;7,16,30,31,18;7,17,31,32,19,8;8,18,32,33,34,20;8,19,34,35,21,9;9,20,35,22,10;10,21,35,36,37,23;10,22,37,24,11;11,23,37,38,25,12;12,24,38,39,26,13;13,25,39,40,41,27;13,26,41,42,28,14;14,27,42,29,15;15,28,42,43,30,16;16,29,43,44,31,17;17,30,44,45,32,18;18,31,45,33,19;19,32,45,46,47,34;19,33,47,35,20;20,34,47,36,22,21;22,35,47,48,37;22,36,48,38,24,23;24,37,48,49,39,25;25,38,49,40,26;26,39,49,50,51,41;26,40,51,42,27;27,41,51,43,29,28;29,42,51,44,30;30,43,51,50,45,31;31,44,50,46,33,32;33,45,50,49,48,47;33,46,48,36,35,34;36,47,46,49,38,37;38,48,46,50,40,39;40,49,46,45,44,51;40,50,44,43,42,41
ipr#783 52 1,2,3,4,5,6;0,6,7,8,9,2;0,1,9,10,11,3;0,2,11,12,13,4;0,3,13,14,15,5;0,4,15,16,17,6;0,5,17,18,7,1;1,6,18,19,20,8;1,7,20,21,22,9;1,8,22,10,2;2,9,22,23,24,11;2,10,24,12,3;3,11,24,25,26,13;3,12,26,14,4;4,13,26,27,28,15;4,14,28,29,16,5;5,15,29,30,31,17;5,16,31,18,6;6,17,31,32,19,7;7,18,32,33,34,20;7,19,34,21,8;8,20,34,35,36,22;8,21,36,23,10,9;10,22,36,37,38,24;10,23,38,25,12,11;12,24,38,39,40,26;12,25,40,27,14,13;14,26,40,41,42,28;14,27,42,43,29,15;15,28,43,30,16;16,29,43,44,45,31;16,30,45,32,18,17;18,31,45,46,33,19;19,32,46,47,34;19,33,47,35,21,20;21,34,47,48,36;21,35,48,37,23,22;23,36,48,49,39,38;23,37,39,25,24;25,38,37,49,41,40;25,39,41,27,26;27,40,39,49,50,42;27,41,50,43,28;28,42,50,44,30,29;30,43,50,51,46,45;30,44,46,32,31;32,45,44,51,47,33;33,46,51,48,35,34;35,47,51,49,37,36;37,48,51,50,41,39;41,49,51,44,43,42;44,50,49,48,47,46
ipr#785 49 1,2,3,4,5,6;0,6,7,8,9,2;0,1,9,10,11,3;0,2,11,12,13,4;0,3,13,14,15,5;0,4,15,16,6;0,5,16,17,7,1;1,6,17,18,19,8;1,7,19,20,9;1,8,20,21,10,2;2,9,21,22,23,11;2,10,23,12,3;3,11,23,24,25,13;3,12,25,14,4;4,13,25,26,27,15;4,14,27,28,16,5;5,15,28,29,17,6;6,16,29,30,18,7;7,17,30,31,19;7,18,31,32,20,8;8,19,32,33,21,9;9,20,33,22,10;10,21,33,34,35,23;10,22,35,24,12,11;12,23,35,36,37,25;12,24,37,26,14,13;14,25,37,38,39,27;14,26,39,40,28,15;15,27,40,29,16;16,28,40,41,30,17;17,29,41,42,31,18;18,30,42,43,32,19;19,31,43,33,20;20,32,43,34,22,21;22,33,43,44,45,35;22,34,45,36,24,23;24,35,45,46,38,37;24,36,38,26,25;26,37,36,46,47,39;26,38,47,40,27;27,39,47,41,29,28;29,40,47,48,42,30;30,41,48,44,43,31;31,42,44,34,33,32;34,43,42,48,46,45;34,44,46,36,35;36,45,44,48,47,38;38,46,48,41,40,39;41,47,46,44,42
ipr#787 52 1,2,3,4,5,6;0,6,7,8,9,2;0,1,9,10,11,3;0,2,11,12,13,4;0,3,13,14,15,5;0,4,15,16,17,6;0,5,17,7,1;1,6,17,18,19,8;1,7,19,20,21,9;1,8,21,10,2;2,9,21,22,23,11;2,10,23,12,3;3,11,23,24,25,13;3,12,25,14,4;4,13,25,26,27,15;4,14,27,28,16,5;5,15,28,29,30,17;5,16,30,18,7,6;7,17,30,31,32,19;7,18,32,20,8;8,19,32,33,34,21;8,20,34,22,10,9;10,21,34,35,36,23;10,22,36,24,12,11;12,23,36,37,38,25;12,24,38,26,14,13;14,25,38,39,40,27;14,26,40,41,28,15;15,27,41,29,16;16,28,41,42,43,30;16,29,43,31,18,17;18,30,43,44,32;18,31,44,33,20,19;20,32,44,45,34;20,33,45,35,22,21;22,34,45,46,47,36;22,35,47,37,24,23;24,36,47,48,39,38;24,37,39,26,25;26,38,37,48,49,40;26,39,49,41,27;27,40,49,42,29,28;29,41,49,50,51,43;29,42,51,44,31,30;31,43,51,45,33,32;33,44,51,46,35,34;35,45,51,50,48,47;35,46,48,37,36;37,47,46,50,49,39;39,48,50,42,41,40;42,49,48,46,51;42,50,46,45,44,43
ipr#789 52 1,2,3,4,5,6;0,6,7,8,9,2;0,1,9,10,11,3;0,2,11,12,13,4;0,3,13,14,15,5;0,4,15,16,6;0,5,16,17,7,1;1,6,17,18,19,8;1,7,19,20,9;1,8,20,21,10,2;2,9,21,22,23,11;2,10,23,12,3;3,11,23,24,25,13;3,12,25,14,4;4,13,25,26,27,15;4,14,27,28,16,5;5,15,28,29,17,6;6,16,29,30,18,7;7,17,30,31,19;7,18,31,32,20,8;8,19,32,33,21,9;9,20,33,34,22,10;10,21,34,35,23;10,22,35,24,12,11;12,23,35,36,37,25;12,24,37,26,14,13;14,25,37,38,39,27;14,26,39,40,28,15;15,27,40,29,16;16,28,40,41,30,17;17,29,41,42,31,18;18,30,42,43,32,19;19,31,43,33,20;20,32,43,44,34,21;21,33,44,45,35,22;22,34,45,36,24,23;24,35,45,46,37;24,36,46,38,26,25;26,37,46,47,48,39;26,38,48,40,27;27,39,48,41,29,28;29,40,48,49,42,30;30,41,49,50,43,31;31,42,50,44,33,32;33,43,50,51,45,34;34,44,51,46,36,35;36,45,51,47,38,37;38,46,51,50,49,48;38,47,49,41,40,39;41,48,47,50,42;42,49,47,51,44,43;44,50,47,46,45
ipr#791 46 1,2,3,4,5,6;0,6,7,8,2;0,1,8,9,10,3;0,2,10,11,12,4;0,3,12,13,14,5;0,4,14,15,6;0,5,15,16,7,1;1,6,16,17,18,8;1,7,18,19,9,2;2,8,19,20,21,10;2,9,21,22,11,3;3,10,22,23,24,12;3,11,24,13,4;4,12,24,25,26,14;4,13,26,27,15,5;5,14,27,28,16,6;6,15,28,29,17,7;7,16,29,30,18;7,17,30,31,19,8;8,18,31,20,9;9,19,31,32,33,21;9,20,33,22,10;10,21,33,34,23,11;11,22,34,35,36,24;11,23,36,25,13,12;13,24,36,37,38,26;13,25,38,39,27,14;14,26,39,28,15;15,27,39,40,29,16;16,28,40,41,30,17;17,29,41,42,31,18;18,30,42,32,20,19;20,31,42,43,33;20,32,43,34,22,21;22,33,43,35,23;23,34,43,44,37,36;23,35,37,25,24;25,36,35,44,45,38;25,37,45,39,26;26,38,45,40,28,27;28,39,45,41,29;29,40,45,44,42,30;30,41,44,43,32,31;32,42,44,35,34,33;35,43,42,41,45,37;37,44,41,40,39,38
ipr#793 52 1,2,3,4,5,6;0,6,7,8,2;0,1,8,9,10,3;0,2,10,11,12,4;0,3,12,13,5;0,4,13,14,15,6;0,5,15,16,7,1;1,6,16,17,18,8;1,7,18,19,9,2;2,8,19,20,10;2,9,20,21,11,3;3,10,21,22,23,12;3,11,23,24,13,4;4,12,24,25,14,5;5,13,25,26,27,15;5,14,27,28,16,6;6,15,28,29,17,7;7,16,29,30,31,18;7,17,31,19,8;8,18,31,32,20,9;9,19,32,33,21,10;10,20,33,34,22,11;11,21,34,35,36,23;11,22,36,37,24,12;12,23,37,25,13;13,24,37,38,26,14;14,25,38,39,40,27;14,26,40,28,15;15,27,40,41,29,16;16,28,41,42,30,17;17,29,42,43,44,31;17,30,44,32,19,18;19,31,44,33,20;20,32,44,45,34,21;21,33,45,46,35,22;22,34,46,47,36;22,35,47,48,37,23;23,36,48,38,25,24;25,37,48,49,39,26;26,38,49,50,40;26,39,50,41,28,27;28,40,50,42,29;29,41,50,51,43,30;30,42,51,46,45,44;30,43,45,33,32,31;33,44,43,46,34;34,45,43,51,47,35;35,46,51,49,48,36;36,47,49,38,37;38,48,47,51,50,39;39,49,51,42,41,40;42,50,49,47,46,43
ipr#795 52 1,2,3,4,5,6;0,6,7,8,9,2;0,1,9,10,11,3;0,2,11,12,13,4;0,3,13,14,15,5;0,4,15,16,6;0,5,16,17,7,1;1,6,17,18,19,8;1,7,19,20,9;1,8,20,21,10,2;2,9,21,22,11;2,10,22,23,12,3;3,11,23,24,13;3,12,24,25,14,4;4,13,25,26,27,15;4,14,27,28,16,5;5,15,28,29,17,6;6,16,29,30,18,7;7,17,30,31,19;7,18,31,32,20,8;8,19,32,33,21,9;9,20,33,34,22,10;10,21,34,35,23,11;11,22,35,36,24,12;12,23,36,37,25,13;13,24,37,38,26,14;14,25,38,39,40,27;14,26,40,41,28,15;15,27,41,29,16;16,28,41,42,30,17;17,29,42,43,31,18;18,30,43,44,32,19;19,31,44,45,33,20;20,32,45,34,21;21,33,45,46,35,22;22,34,46,36,23;23,35,46,47,37,24;24,36,47,48,38,25;25,37,48,39,26;26,38,48,49,50,40;26,39,50,41,27;27,40,50,42,29,28;29,41,50,43,30;30,42,50,49,44,31;31,43,49,51,45,32;32,44,51,46,34,33;34,45,51,47,36,35;36,46,51,48,37;37,47,51,49,39,38;39,48,51,44,43,50;39,49,43,42,41,40;44,49,48,47,46,45
ipr#797 49 1,2,3,4,5,6;0,6,7,8,2;0,1,8,9,10,3;0,2,10,11,12,4;0,3,12,13,14,5;0,4,14,15,6;0,5,15,16,7,1;1,6,16,17,18,8;1,7,18,19,9,2;2,8,19,20,21,10;2,9,21,22,11,3;3,10,22,23,24,12;3,11,24,13,4;4,12,24,25,26,14;4,13,26,27,15,5;5,14,27,28,16,6;6,15,28,29,17,7;7,16,29,30,18;7,17,30,31,19,8;8,18,31,32,20,9;9,19,32,33,34,21;9,20,34,22,10;10,21,34,35,23,11;11,22,35,36,37,24;11,23,37,25,13,12;13,24,37,38,39,26;13,25,39,40,27,14;14,26,40,28,15;15,27,40,41,29,16;16,28,41,42,30,17;17,29,42,43,31,18;18,30,43,32,19;19,31,43,44,33,20;20,32,44,45,34;20,33,45,35,22,21;22,34,45,36,23;23,35,45,46,38,37;23,36,38,25,24;25,37,36,46,47,39;25,38,47,40,26;26,39,47,41,28,27;28,40,47,48,42,29;29,41,48,43,30;30,42,48,44,32,31;32,43,48,46,45,33;33,44,46,36,35,34;36,45,44,48,47,38;38,46,48,41,40,39;41,47,46,44,43,42
ipr#799 52 1,2,3,4,5,6;0,6,7,8,2;0,1,8,9,10,3;0,2,10,11,12,4;0,3,12,13,5;0,4,13,14,15,6;0,5,15,16,7,1;1,6,16,17,18,8;1,7,18,19,9,2;2,8,19,20,21,10;2,9,21,11,3;3,10,21,22,23,12;3,11,23,24,13,4;4,12,24,25,14,5;5,13,25,26,27,15;5,14,27,28,16,6;6,15,28,29,17,7;7,16,29,30,18;7,17,30,31,19,8;8,18,31,32,20,9;9,19,32,33,34,21;9,20,34,22,11,10;11,21,34,35,36,23;11,22,36,37,24,12;12,23,37,25,13;13,24,37,38,26,14;14,25,38,39,40,27;14,26,40,28,15;15,27,40,41,29,16;16,28,41,42,30,17;17,29,42,43,31,18;18,30,43,32,19;19,31,43,44,33,20;20,32,44,45,34;20,33,45,35,22,21;22,34,45,46,36;22,35,46,47,37,23;23,36,47,38,25,24;25,37,47,48,39,26;26,38,48,49,40;26,39,49,41,28,27;28,40,49,50,42,29;29,41,50,43,30;30,42,50,44,32,31;32,43,50,51,45,33;33,44,51,46,35,34;35,45,51,48,47,36;36,46,48,38,37;38,47,46,51,49,39;39,48,51,50,41,40;41,49,51,44,43,42;44,50,49,48,46,45
ipr#801 52 1,2,3,4,5,6;0,6,7,8,2;0,1,8,9,10,3;0,2,10,11,12,4;0,3,12,13,14,5;0,4,14,15,6;0,5,15,16,7,1;1,6,16,17,18,8;1,7,18,19,9,2;2,8,19,20,21,10;2,9,21,22,11,3;3,10,22,23,24,12;3,11,24,13,4;4,12,24,25,26,14;4,13,26,27,15,5;5,14,27,28,16,6;6,15,28,29,17,7;7,16,29,30,18;7,17,30,31,19,8;8,18,31,32,20,9;9,19,32,33,34,21;9,20,34,22,10;10,21,34,35,23,11;11,22,35,36,37,24;11,23,37,25,13,12;13,24,37,38,39,26;13,25,39,40,27,14;14,26,40,28,15;15,27,40,41,29,16;16,28,41,42,30,17;17,29,42,43,31,18;18,30,43,32,19;19,31,43,44,33,20;20,32,44,45,46,34;20,33,46,35,22,21;22,34,46,36,23;23,35,46,47,38,37;23,36,38,25,24;25,37,36,47,48,39;25,38,48,49,40,26;26,39,49,41,28,27;28,40,49,50,42,29;29,41,50,43,30;30,42,50,44,32,31;32,43,50,51,45,33;33,44,51,47,46;33,45,47,36,35,34;36,46,45,51,48,38;38,47,51,49,39;39,48,51,50,41,40;41,49,51,44,43,42;44,50,49,48,47,45
ipr#803 52 1,2,3,4,5,6;0,6,7,8,9,2;0,1,9,10,11,3;0,2,11,12,13,4;0,3,13,14,5;0,4,14,15,16,6;0,5,16,17,7,1;1,6,17,18,8;1,7,18,19,20,9;1,8,20,21,10,2;2,9,21,22,23,11;2,10,23,12,3;3,11,23,24,25,13;3,12,25,26,14,4;4,13,26,27,15,5;5,14,27,28,29,16;5,15,29,30,17,6;6,16,30,31,18,7;7,17,31,32,19,8;8,18,32,33,20;8,19,33,34,21,9;9,20,34,22,10;10,21,34,35,36,23;10,22,36,24,12,11;12,23,36,37,38,25;12,24,38,39,26,13;13,25,39,27,14;14,26,39,40,28,15;15,27,40,41,42,29;15,28,42,30,16;16,29,42,43,31,17;17,30,43,32,18;18,31,43,44,33,19;19,32,44,45,34,20;20,33,45,35,22,21;22,34,45,46,36;22,35,46,37,24,23;24,36,46,47,38;24,37,47,48,39,25;25,38,48,40,27,26;27,39,48,49,41,28;28,40,49,50,42;28,41,50,43,30,29;30,42,50,44,32,31;32,43,50,51,45,33;33,44,51,46,35,34;35,45,51,47,37,36;37,46,51,49,48,38;38,47,49,40,39;40,48,47,51,50,41;41,49,51,44,43,42;44,50,49,47,46,45
ipr#805 52 1,2,3,4,5,6;0,6,7,8,9,2;0,1,9,10,11,3;0,2,11,12,13,4;0,3,13,14,15,5;0,4,15,16,6;0,5,16,17,7,1;1,6,17,18,8;1,7,18,19,20,9;1,8,20,21,10,2;2,9,21,22,11;2,10,22,23,12,3;3,11,23,24,13;3,12,24,25,14,4;4,13,25,26,27,15;4,14,27,28,16,5;5,15,28,29,17,6;6,16,29,30,18,7;7,17,30,31,19,8;8,18,31,32,20;8,19,32,33,21,9;9,20,33,34,22,10;10,21,34,35,23,11;11,22,35,36,24,12;12,23,36,37,25,13;13,24,37,38,26,14;14,25,38,39,40,27;14,26,40,41,28,15;15,27,41,29,16;16,28,41,42,30,17;17,29,42,31,18;18,30,42,43,32,19;19,31,43,44,33,20;20,32,44,45,34,21;21,33,45,46,35,22;22,34,46,36,23;23,35,46,47,37,24;24,36,47,48,38,25;25,37,48,39,26;26,38,48,49,50,40;26,39,50,41,27;27,40,50,42,29,28;29,41,50,43,31,30;31,42,50,49,44,32;32,43,49,51,45,33;33,44,51,46,34;34,45,51,47,36,35;36,46,51,48,37;37,47,51,49,39,38;39,48,51,44,43,50;39,49,43,42,41,40;44,49,48,47,46,45
ipr#807 52 1,2,3,4,5,6;0,6,7,8,2;0,1,8,9,10,3;0,2,10,11,12,4;0,3,12,13,5;0,4,13,14,15,6;0,5,15,16,7,1;1,6,16,17,18,8;1,7,18,19,9,2;2,8,19,20,21,10;2,9,21,11,3;3,10,21,22,23,12;3,11,23,24,13,4;4,12,24,25,14,5;5,13,25,26,27,15;5,14,27,28,16,6;6,15,28,29,17,7;7,16,29,30,18;7,17,30,31,19,8;8,18,31,20,9;9,19,31,32,33,21;9,20,33,22,11,10;11,21,33,34,35,23;11,22,35,36,24,12;12,23,36,25,13;13,24,36,37,26,14;14,25,37,38,39,27;14,26,39,28,15;15,27,39,40,29,16;16,28,40,41,30,17;17,29,41,42,31,18;18,30,42,32,20,19;20,31,42,43,44,33;20,32,44,34,22,21;22,33,44,45,35;22,34,45,46,36,23;23,35,46,37,25,24;25,36,46,47,38,26;26,37,47,48,49,39;26,38,49,40,28,27;28,39,49,41,29;29,40,49,50,42,30;30,41,50,43,32,31;32,42,50,51,44;32,43,51,45,34,33;34,44,51,47,46,35;35,45,47,37,36;37,46,45,51,48,38;38,47,51,50,49;38,48,50,41,40,39;41,49,48,51,43,42;43,50,48,47,45,44
ipr#809 52 1,2,3,4,5,6;0,6,7,8,9,2;0,1,9,10,11,3;0,2,11,12,13,4;0,3,13,14,15,5;0,4,15,16,6;0,5,16,17,7,1;1,6,17,18,8;1,7,18,19,20,9;1,8,20,21,10,2;2,9,21,22,23,11;2,10,23,24,12,3;3,11,24,25,26,13;3,12,26,14,4;4,13,26,27,28,15;4,14,28,29,16,5;5,15,29,30,17,6;6,16,30,31,18,7;7,17,31,32,19,8;8,18,32,33,20;8,19,33,34,21,9;9,20,34,22,10;10,21,34,35,36,23;10,22,36,24,11;11,23,36,37,25,12;12,24,37,38,39,26;12,25,39,27,14,13;14,26,39,40,41,28;14,27,41,42,29,15;15,28,42,30,16;16,29,42,43,31,17;17,30,43,32,18;18,31,43,44,33,19;19,32,44,45,34,20;20,33,45,35,22,21;22,34,45,46,47,36;22,35,47,37,24,23;24,36,47,38,25;25,37,47,48,40,39;25,38,40,27,26;27,39,38,48,49,41;27,40,49,50,42,28;28,41,50,43,30,29;30,42,50,44,32,31;32,43,50,51,45,33;33,44,51,46,35,34;35,45,51,48,47;35,46,48,38,37,36;38,47,46,51,49,40;40,48,51,50,41;41,49,51,44,43,42;44,50,49,48,46,45
ipr#811 47 1,2,3,4,5,6;0,6,7,8,2;0,1,8,9,10,3;0,2,10,11,4;0,3,11,12,13,5;0,4,13,14,6;0,5,14,15,7,1;1,6,15,16,17,8;1,7,17,18,9,2;2,8,18,19,20,10;2,9,20,21,11,3;3,10,21,22,12,4;4,11,22,23,24,13;4,12,24,25,14,5;5,13,25,26,15,6;6,14,26,27,16,7;7,15,27,28,29,17;7,16,29,18,8;8,17,29,30,19,9;9,18,30,31,32,20;9,19,32,21,10;10,20,32,33,22,11;11,21,33,34,23,12;12,22,34,35,36,24;12,23,36,37,25,13;13,24,37,26,14;14,25,37,38,27,15;15,26,38,39,28,16;16,27,39,40,41,29;16,28,41,30,18,17;18,29,41,31,19;19,30,41,42,43,32;19,31,43,33,21,20;21,32,43,44,34,22;22,33,44,35,23;23,34,44,45,46,36;23,35,46,37,24;24,36,46,38,26,25;26,37,46,39,27;27,38,46,45,40,28;28,39,45,42,41;28,40,42,31,30,29;31,41,40,45,44,43;31,42,44,33,32;33,43,42,45,35,34;35,44,42,40,39,46;35,45,39,38,37,36
ipr#813 50 1,2,3,4,5,6;0,6,7,8,2;0,1,8,9,10,3;0,2,10,11,4;0,3,11,12,13,5;0,4,13,14,6;0,5,14,15,7,1;1,6,15,16,17,8;1,7,17,18,9,2;2,8,18,19,20,10;2,9,20,21,11,3;3,10,21,22,12,4;4,11,22,23,24,13;4,12,24,25,14,5;5,13,25,26,15,6;6,14,26,27,16,7;7,15,27,28,29,17;7,16,29,18,8;8,17,29,30,19,9;9,18,30,31,32,20;9,19,32,33,21,10;10,20,33,34,22,11;11,21,34,35,23,12;12,22,35,36,37,24;12,23,37,38,25,13;13,24,38,26,14;14,25,38,39,27,15;15,26,39,40,28,16;16,27,40,41,42,29;16,28,42,30,18,17;18,29,42,31,19;19,30,42,43,44,32;19,31,44,33,20;20,32,44,45,34,21;21,33,45,46,35,22;22,34,46,36,23;23,35,46,47,48,37;23,36,48,38,24;24,37,48,39,26,25;26,38,48,40,27;27,39,48,47,41,28;28,40,47,49,43,42;28,41,43,31,30,29;31,42,41,49,44;31,43,49,45,33,32;33,44,49,46,34;34,45,49,47,36,35;36,46,49,41,40,48;36,47,40,39,38,37;41,47,46,45,44,43
ipr#815 50 1,2,3,4,5,6;0,6,7,8,2;0,1,8,9,10,3;0,2,10,11,12,4;0,3,12,13,14,5;0,4,14,15,6;0,5,15,16,7,1;1,6,16,17,18,8;1,7,18,19,9,2;2,8,19,20,21,10;2,9,21,11,3;3,10,21,22,23,12;3,11,23,24,13,4;4,12,24,25,26,14;4,13,26,27,15,5;5,14,27,28,16,6;6,15,28,29,17,7;7,16,29,30,31,18;7,17,31,19,8;8,18,31,32,20,9;9,19,32,33,21;9,20,33,22,11,10;11,21,33,34,23;11,22,34,35,24,12;12,23,35,36,25,13;13,24,36,37,38,26;13,25,38,39,27,14;14,26,39,28,15;15,27,39,40,29,16;16,28,40,41,30,17;17,29,41,42,43,31;17,30,43,32,19,18;19,31,43,44,33,20;20,32,44,34,22,21;22,33,44,45,35,23;23,34,45,46,36,24;24,35,46,37,25;25,36,46,47,48,38;25,37,48,39,26;26,38,48,40,28,27;28,39,48,41,29;29,40,48,47,42,30;30,41,47,49,43;30,42,49,44,32,31;32,43,49,45,34,33;34,44,49,46,35;35,45,49,47,37,36;37,46,49,42,41,48;37,47,41,40,39,38;42,47,46,45,44,43
ipr#817 49 1,2,3,4,5,6;0,6,7,8,2;0,1,8,9,10,3;0,2,10,11,12,4;0,3,12,13,14,5;0,4,14,15,6;0,5,15,16,7,1;1,6,16,17,18,8;1,7,18,19,9,2;2,8,19,20,21,10;2,9,21,11,3;3,10,21,22,23,12;3,11,23,24,13,4;4,12,24,25,26,14;4,13,26,27,15,5;5,14,27,28,16,6;6,15,28,29,17,7;7,16,29,30,31,18;7,17,31,32,19,8;8,18,32,20,9;9,19,32,33,34,21;9,20,34,22,11,10;11,21,34,35,36,23;11,22,36,24,12;12,23,36,37,25,13;13,24,37,38,39,26;13,25,39,40,27,14;14,26,40,28,15;15,27,40,41,29,16;16,28,41,42,30,17;17,29,42,43,31;17,30,43,44,32,18;18,31,44,33,20,19;20,32,44,45,35,34;20,33,35,22,21;22,34,33,45,46,36;22,35,46,37,24,23;24,36,46,38,25;25,37,46,47,48,39;25,38,48,40,26;26,39,48,41,28,27;28,40,48,42,29;29,41,48,47,43,30;30,42,47,45,44,31;31,43,45,33,32;33,44,43,47,46,35;35,45,47,38,37,36;38,46,45,43,42,48;38,47,42,41,40,39
ipr#819 43 1,2,3,4,5,6;0,6,7,8,9,2;0,1,9,10,3;0,2,10,11,12,4;0,3,12,13,14,5;0,4,14,15,6;0,5,15,16,7,1;1,6,16,17,8;1,7,17,18,19,9;1,8,19,20,10,2;2,9,20,21,11,3;3,10,21,22,23,12;3,11,23,13,4;4,12,23,24,25,14;4,13,25,26,15,5;5,14,26,27,16,6;6,15,27,28,17,7;7,16,28,29,18,8;8,17,29,30,31,19;8,18,31,20,9;9,19,31,32,21,10;10,20,32,22,11;11,21,32,33,34,23;11,22,34,24,13,12;13,23,34,35,25;13,24,35,36,26,14;14,25,36,27,15;15,26,36,37,28,16;16,27,37,38,29,17;17,28,38,30,18;18,29,38,39,40,31;18,30,40,32,20,19;20,31,40,33,22,21;22,32,40,39,41,34;22,33,41,35,24,23;24,34,41,42,36,25;25,35,42,37,27,26;27,36,42,38,28;28,37,42,39,30,29;30,38,42,41,33,40;30,39,33,32,31;33,39,42,35,34;35,41,39,38,37,36
ipr#821 49 1,2,3,4,5,6;0,6,7,8,9,2;0,1,9,10,11,3;0,2,11,12,13,4;0,3,13,14,15,5;0,4,15,16,6;0,5,16,17,7,1;1,6,17,18,8;1,7,18,19,20,9;1,8,20,21,10,2;2,9,21,22,11;2,10,22,23,12,3;3,11,23,24,25,13;3,12,25,14,4;4,13,25,26,27,15;4,14,27,28,16,5;5,15,28,29,17,6;6,16,29,30,18,7;7,17,30,31,19,8;8,18,31,32,33,20;8,19,33,34,21,9;9,20,34,35,22,10;10,21,35,36,23,11;11,22,36,24,12;12,23,36,37,38,25;12,24,38,26,14,13;14,25,38,39,27;14,26,39,40,28,15;15,27,40,29,16;16,28,40,41,30,17;17,29,41,42,31,18;18,30,42,32,19;19,31,42,43,44,33;19,32,44,34,20;20,33,44,45,35,21;21,34,45,36,22;22,35,45,37,24,23;24,36,45,46,47,38;24,37,47,39,26,25;26,38,47,48,40,27;27,39,48,41,29,28;29,40,48,42,30;30,41,48,43,32,31;32,42,48,47,46,44;32,43,46,45,34,33;34,44,46,37,36,35;37,45,44,43,47;37,46,43,48,39,38;39,47,43,42,41,40
ipr#823 52 1,2,3,4,5,6;0,6,7,8,9,2;0,1,9,10,11,3;0,2,11,12,13,4;0,3,13,14,15,5;0,4,15,16,6;0,5,16,17,7,1;1,6,17,18,19,8;1,7,19,20,9;1,8,20,21,10,2;2,9,21,22,11;2,10,22,23,12,3;3,11,23,24,25,13;3,12,25,14,4;4,13,25,26,27,15;4,14,27,28,16,5;5,15,28,29,17,6;6,16,29,30,18,7;7,17,30,31,32,19;7,18,32,33,20,8;8,19,33,34,21,9;9,20,34,35,22,10;10,21,35,36,23,11;11,22,36,24,12;12,23,36,37,38,25;12,24,38,26,14,13;14,25,38,39,27;14,26,39,40,28,15;15,27,40,29,16;16,28,40,41,30,17;17,29,41,42,31,18;18,30,42,43,32;18,31,43,44,33,19;19,32,44,45,34,20;20,33,45,35,21;21,34,45,46,36,22;22,35,46,37,24,23;24,36,46,47,48,38;24,37,48,39,26,25;26,38,48,49,40,27;27,39,49,41,29,28;29,40,49,42,30;30,41,49,50,43,31;31,42,50,51,44,32;32,43,51,45,33;33,44,51,46,35,34;35,45,51,47,37,36;37,46,51,50,48;37,47,50,49,39,38;39,48,50,42,41,40;42,49,48,47,51,43;43,50,47,46,45,44
ipr#825 52 1,2,3,4,5,6;0,6,7,8,9,2;0,1,9,10,11,3;0,2,11,12,13,4;0,3,13,14,15,5;0,4,15,16,6;0,5,16,17,7,1;1,6,17,18,8;1,7,18,19,20,9;1,8,20,21,10,2;2,9,21,22,11;2,10,22,23,12,3;3,11,23,24,25,13;3,12,25,14,4;4,13,25,26,27,15;4,14,27,28,16,5;5,15,28,29,17,6;6,16,29,30,18,7;7,17,30,31,19,8;8,18,31,32,33,20;8,19,33,34,21,9;9,20,34,35,22,10;10,21,35,36,23,11;11,22,36,24,12;12,23,36,37,38,25;12,24,38,26,14,13;14,25,38,39,40,27;14,26,40,41,28,15;15,27,41,29,16;16,28,41,42,30,17;17,29,42,43,31,18;18,30,43,32,19;19,31,43,44,45,33;19,32,45,34,20;20,33,45,46,35,21;21,34,46,47,36,22;22,35,47,37,24,23;24,36,47,48,39,38;24,37,39,26,25;26,38,37,48,49,40;26,39,49,50,41,27;27,40,50,42,29,28;29,41,50,43,30;30,42,50,44,32,31;32,43,50,49,51,45;32,44,51,46,34,33;34,45,51,48,47,35;35,46,48,37,36;37,47,46,51,49,39;39,48,51,44,50,40;40,49,44,43,42,41;44,49,48,46,45
ipr#827 49 1,2,3,4,5,6;0,6,7,8,9,2;0,1,9,10,11,3;0,2,11,12,13,4;0,3,13,14,15,5;0,4,15,16,6;0,5,16,17,7,1;1,6,17,18,8;1,7,18,19,20,9;1,8,20,21,10,2;2,9,21,22,11;2,10,22,23,12,3;3,11,23,24,25,13;3,12,25,14,4;4,13,25,26,27,15;4,14,27,28,16,5;5,15,28,29,17,6;6,16,29,30,18,7;7,17,30,31,19,8;8,18,31,32,33,20;8,19,33,21,9;9,20,33,34,22,10;10,21,34,35,23,11;11,22,35,24,12;12,23,35,36,37,25;12,24,37,26,14,13;14,25,37,38,27;14,26,38,39,28,15;15,27,39,29,16;16,28,39,40,30,17;17,29,40,41,31,18;18,30,41,32,19;19,31,41,42,43,33;19,32,43,34,21,20;21,33,43,44,35,22;22,34,44,36,24,23;24,35,44,45,46,37;24,36,46,38,26,25;26,37,46,47,39,27;27,38,47,40,29,28;29,39,47,48,41,30;30,40,48,42,32,31;32,41,48,45,44,43;32,42,44,34,33;34,43,42,45,36,35;36,44,42,48,47,46;36,45,47,38,37;38,46,45,48,40,39;40,47,45,42,41
ipr#829 52 1,2,3,4,5,6;0,6,7,8,9,2;0,1,9,10,11,3;0,2,11,12,13,4;0,3,13,14,15,5;0,4,15,16,17,6;0,5,17,7,1;1,6,17,18,19,8;1,7,19,20,9;1,8,20,21,10,2;2,9,21,22,23,11;2,10,23,24,12,3;3,11,24,25,26,13;3,12,26,14,4;4,13,26,27,28,15;4,14,28,29,16,5;5,15,29,30,31,17;5,16,31,18,7,6;7,17,31,32,19;7,18,32,33,20,8;8,19,33,34,21,9;9,20,34,22,10;10,21,34,35,36,23;10,22,36,37,24,11;11,23,37,25,12;12,24,37,38,39,26;12,25,39,27,14,13;14,26,39,40,28;14,27,40,41,29,15;15,28,41,30,16;16,29,41,42,43,31;16,30,43,32,18,17;18,31,43,44,33,19;19,32,44,45,34,20;20,33,45,35,22,21;22,34,45,46,47,36;22,35,47,37,23;23,36,47,38,25,24;25,37,47,48,49,39;25,38,49,40,27,26;27,39,49,50,41,28;28,40,50,42,30,29;30,41,50,51,43;30,42,51,44,32,31;32,43,51,46,45,33;33,44,46,35,34;35,45,44,51,48,47;35,46,48,38,37,36;38,47,46,51,50,49;38,48,50,40,39;40,49,48,51,42,41;42,50,48,46,44,43
ipr#831 52 1,2,3,4,5,6;0,6,7,8,2;0,1,8,9,10,3;0,2,10,11,12,4;0,3,12,13,14,5;0,4,14,15,16,6;0,5,16,17,7,1;1,6,17,18,19,8;1,7,19,20,9,2;2,8,20,21,22,10;2,9,22,11,3;3,10,22,23,24,12;3,11,24,13,4;4,12,24,25,26,14;4,13,26,27,15,5;5,14,27,28,29,16;5,15,29,30,17,6;6,16,30,31,18,7;7,17,31,32,19;7,18,32,33,20,8;8,19,33,21,9;9,20,33,34,35,22;9,21,35,23,11,10;11,22,35,36,37,24;11,23,37,25,13,12;13,24,37,38,26;13,25,38,39,27,14;14,26,39,28,15;15,27,39,40,41,29;15,28,41,42,30,16;16,29,42,31,17;17,30,42,43,32,18;18,31,43,44,33,19;19,32,44,34,21,20;21,33,44,45,35;21,34,45,36,23,22;23,35,45,46,47,37;23,36,47,38,25,24;25,37,47,48,39,26;26,38,48,40,28,27;28,39,48,49,41;28,40,49,50,42,29;29,41,50,43,31,30;31,42,50,51,44,32;32,43,51,45,34,33;34,44,51,46,36,35;36,45,51,49,48,47;36,46,48,38,37;38,47,46,49,40,39;40,48,46,51,50,41;41,49,51,43,42;43,50,49,46,45,44
ipr#833 52 1,2,3,4,5,6;0,6,7,8,9,2;0,1,9,10,11,3;0,2,11,12,13,4;0,3,13,14,15,5;0,4,15,16,17,6;0,5,17,18,7,1;1,6,18,19,8;1,7,19,20,21,9;1,8,21,22,10,2;2,9,22,23,11;2,10,23,24,12,3;3,11,24,25,26,13;3,12,26,14,4;4,13,26,27,28,15;4,14,28,29,16,5;5,15,29,30,31,17;5,16,31,18,6;6,17,31,32,19,7;7,18,32,33,20,8;8,19,33,34,35,21;8,20,35,36,22,9;9,21,36,37,23,10;10,22,37,38,24,11;11,23,38,25,12;12,24,38,39,40,26;12,25,40,27,14,13;14,26,40,41,28;14,27,41,42,29,15;15,28,42,30,16;16,29,42,43,44,31;16,30,44,32,18,17;18,31,44,33,19;19,32,44,45,34,20;20,33,45,46,47,35;20,34,47,36,21;21,35,47,48,37,22;22,36,48,38,23;23,37,48,39,25,24;25,38,48,49,50,40;25,39,50,41,27,26;27,40,50,51,42,28;28,41,51,43,30,29;30,42,51,46,45,44;30,43,45,33,32,31;33,44,43,46,34;34,45,43,51,49,47;34,46,49,48,36,35;36,47,49,39,38,37;39,48,47,46,51,50;39,49,51,41,40;41,50,49,46,43,42
ipr#835 52 1,2,3,4,5,6;0,6,7,8,9,2;0,1,9,10,11,3;0,2,11,12,13,4;0,3,13,14,15,5;0,4,15,16,17,6;0,5,17,18,7,1;1,6,18,19,8;1,7,19,20,21,9;1,8,21,22,10,2;2,9,22,23,11;2,10,23,24,12,3;3,11,24,25,26,13;3,12,26,14,4;4,13,26,27,28,15;4,14,28,29,16,5;5,15,29,30,17;5,16,30,31,18,6;6,17,31,32,19,7;7,18,32,33,20,8;8,19,33,34,35,21;8,20,35,22,9;9,21,35,36,23,10;10,22,36,37,24,11;11,23,37,25,12;12,24,37,38,39,26;12,25,39,27,14,13;14,26,39,40,41,28;14,27,41,29,15;15,28,41,42,30,16;16,29,42,43,31,17;17,30,43,44,32,18;18,31,44,33,19;19,32,44,45,34,20;20,33,45,46,47,35;20,34,47,36,22,21;22,35,47,37,23;23,36,47,38,25,24;25,37,47,46,48,39;25,38,48,40,27,26;27,39,48,49,50,41;27,40,50,42,29,28;29,41,50,43,30;30,42,50,51,44,31;31,43,51,45,33,32;33,44,51,49,46,34;34,45,49,48,38,47;34,46,38,37,36,35;38,46,49,40,39;40,48,46,45,51,50;40,49,51,43,42,41;43,50,49,45,44
ipr#837 51 1,2,3,4,5,6;0,6,7,8,9,2;0,1,9,10,11,3;0,2,11,12,13,4;0,3,13,14,15,5;0,4,15,16,6;0,5,16,17,7,1;1,6,17,18,8;1,7,18,19,20,9;1,8,20,21,10,2;2,9,21,22,11;2,10,22,23,12,3;3,11,23,24,25,13;3,12,25,14,4;4,13,25,26,27,15;4,14,27,28,16,5;5,15,28,29,17,6;6,16,29,30,18,7;7,17,30,31,19,8;8,18,31,32,33,20;8,19,33,21,9;9,20,33,34,22,10;10,21,34,35,23,11;11,22,35,24,12;12,23,35,36,37,25;12,24,37,26,14,13;14,25,37,38,39,27;14,26,39,28,15;15,27,39,40,29,16;16,28,40,41,30,17;17,29,41,42,31,18;18,30,42,32,19;19,31,42,43,44,33;19,32,44,34,21,20;21,33,44,45,35,22;22,34,45,36,24,23;24,35,45,46,47,37;24,36,47,38,26,25;26,37,47,48,39;26,38,48,40,28,27;28,39,48,49,41,29;29,40,49,42,30;30,41,49,43,32,31;32,42,49,50,46,44;32,43,46,45,34,33;34,44,46,36,35;36,45,44,43,50,47;36,46,50,48,38,37;38,47,50,49,40,39;40,48,50,43,42,41;43,49,48,47,46
ipr#839 46 1,2,3,4,5,6;0,6,7,8,9,2;0,1,9,10,3;0,2,10,11,12,4;0,3,12,13,14,5;0,4,14,15,16,6;0,5,16,17,7,1;1,6,17,18,8;1,7,18,19,20,9;1,8,20,21,10,2;2,9,21,22,11,3;3,10,22,23,24,12;3,11,24,13,4;4,12,24,25,26,14;4,13,26,27,15,5;5,14,27,28,29,16;5,15,29,17,6;6,16,29,30,18,7;7,17,30,31,19,8;8,18,31,32,33,20;8,19,33,21,9;9,20,33,34,22,10;10,21,34,23,11;11,22,34,35,36,24;11,23,36,25,13,12;13,24,36,37,26;13,25,37,38,27,14;14,26,38,28,15;15,27,38,39,40,29;15,28,40,30,17,16;17,29,40,31,18;18,30,40,41,32,19;19,31,41,42,43,33;19,32,43,34,21,20;21,33,43,35,23,22;23,34,43,42,44,36;23,35,44,37,25,24;25,36,44,45,38,26;26,37,45,39,28,27;28,38,45,41,40;28,39,41,31,30,29;31,40,39,45,42,32;32,41,45,44,35,43;32,42,35,34,33;35,42,45,37,36;37,44,42,41,39,38
ipr#841 52 1,2,3,4,5,6;0,6,7,8,9,2;0,1,9,10,11,3;0,2,11,12,4;0,3,12,13,14,5;0,4,14,15,16,6;0,5,16,17,7,1;1,6,17,18,8;1,7,18,19,20,9;1,8,20,21,10,2;2,9,21,22,23,11;2,10,23,24,12,3;3,11,24,25,13,4;4,12,25,26,27,14;4,13,27,15,5;5,14,27,28,29,16;5,15,29,17,6;6,16,29,30,18,7;7,17,30,31,19,8;8,18,31,32,33,20;8,19,33,34,21,9;9,20,34,35,22,10;10,21,35,36,23;10,22,36,37,24,11;11,23,37,25,12;12,24,37,38,26,13;13,25,38,39,40,27;13,26,40,28,15,14;15,27,40,41,42,29;15,28,42,30,17,16;17,29,42,31,18;18,30,42,43,32,19;19,31,43,44,45,33;19,32,45,34,20;20,33,45,46,35,21;21,34,46,47,36,22;22,35,47,48,37,23;23,36,48,38,25,24;25,37,48,39,26;26,38,48,49,50,40;26,39,50,41,28,27;28,40,50,44,43,42;28,41,43,31,30,29;31,42,41,44,32;32,43,41,50,51,45;32,44,51,46,34,33;34,45,51,47,35;35,46,51,49,48,36;36,47,49,39,38,37;39,48,47,51,50;39,49,51,44,41,40;44,50,49,47,46,45
ipr#843 49 1,2,3,4,5,6;0,6,7,8,9,2;0,1,9,10,3;0,2,10,11,12,4;0,3,12,13,14,5;0,4,14,15,16,6;0,5,16,17,7,1;1,6,17,18,8;1,7,18,19,20,9;1,8,20,21,10,2;2,9,21,22,11,3;3,10,22,23,24,12;3,11,24,13,4;4,12,24,25,26,14;4,13,26,27,15,5;5,14,27,28,16;5,15,28,29,17,6;6,16,29,30,18,7;7,17,30,31,19,8;8,18,31,32,33,20;8,19,33,21,9;9,20,33,34,22,10;10,21,34,23,11;11,22,34,35,36,24;11,23,36,25,13,12;13,24,36,37,38,26;13,25,38,27,14;14,26,38,39,28,15;15,27,39,40,29,16;16,28,40,41,30,17;17,29,41,31,18;18,30,41,42,32,19;19,31,42,43,44,33;19,32,44,34,21,20;21,33,44,35,23,22;23,34,44,43,45,36;23,35,45,37,25,24;25,36,45,46,47,38;25,37,47,39,27,26;27,38,47,40,28;28,39,47,48,41,29;29,40,48,42,31,30;31,41,48,46,43,32;32,42,46,45,35,44;32,43,35,34,33;35,43,46,37,36;37,45,43,42,48,47;37,46,48,40,39,38;40,47,46,42,41
ipr#845 52 1,2,3,4,5,6;0,6,7,8,9,2;0,1,9,10,3;0,2,10,11,12,4;0,3,12,13,14,5;0,4,14,15,16,6;0,5,16,17,7,1;1,6,17,18,8;1,7,18,19,20,9;1,8,20,21,10,2;2,9,21,22,11,3;3,10,22,23,24,12;3,11,24,13,4;4,12,24,25,26,14;4,13,26,27,15,5;5,14,27,28,16;5,15,28,29,17,6;6,16,29,30,18,7;7,17,30,31,19,8;8,18,31,32,33,20;8,19,33,21,9;9,20,33,34,22,10;10,21,34,23,11;11,22,34,35,36,24;11,23,36,25,13,12;13,24,36,37,38,26;13,25,38,27,14;14,26,38,39,28,15;15,27,39,40,29,16;16,28,40,41,30,17;17,29,41,42,31,18;18,30,42,43,32,19;19,31,43,44,45,33;19,32,45,34,21,20;21,33,45,35,23,22;23,34,45,44,46,36;23,35,46,37,25,24;25,36,46,47,48,38;25,37,48,39,27,26;27,38,48,40,28;28,39,48,49,41,29;29,40,49,50,42,30;30,41,50,43,31;31,42,50,51,44,32;32,43,51,46,35,45;32,44,35,34,33;35,44,51,47,37,36;37,46,51,50,49,48;37,47,49,40,39,38;40,48,47,50,41;41,49,47,51,43,42;43,50,47,46,44
ipr#847 50 1,2,3,4,5,6;0,6,7,8,9,2;0,1,9,10,3;0,2,10,11,12,4;0,3,12,13,14,5;0,4,14,15,16,6;0,5,16,17,7,1;1,6,17,18,8;1,7,18,19,20,9;1,8,20,21,10,2;2,9,21,22,11,3;3,10,22,23,24,12;3,11,24,13,4;4,12,24,25,26,14;4,13,26,27,15,5;5,14,27,28,29,16;5,15,29,30,17,6;6,16,30,31,18,7;7,17,31,32,19,8;8,18,32,33,34,20;8,19,34,21,9;9,20,34,35,22,10;10,21,35,23,11;11,22,35,36,37,24;11,23,37,25,13,12;13,24,37,38,26;13,25,38,39,27,14;14,26,39,28,15;15,27,39,40,41,29;15,28,41,30,16;16,29,41,42,31,17;17,30,42,32,18;18,31,42,43,33,19;19,32,43,44,45,34;19,33,45,35,21,20;21,34,45,36,23,22;23,35,45,44,46,37;23,36,46,38,25,24;25,37,46,47,39,26;26,38,47,40,28,27;28,39,47,48,41;28,40,48,42,30,29;30,41,48,43,32,31;32,42,48,49,44,33;33,43,49,46,36,45;33,44,36,35,34;36,44,49,47,38,37;38,46,49,48,40,39;40,47,49,43,42,41;43,48,47,46,44
ipr#849 46 1,2,3,4,5,6;0,6,7,8,9,2;0,1,9,10,3;0,2,10,11,12,4;0,3,12,13,14,5;0,4,14,15,6;0,5,15,16,7,1;1,6,16,17,18,8;1,7,18,19,9;1,8,19,20,10,2;2,9,20,21,11,3;3,10,21,22,23,12;3,11,23,13,4;4,12,23,24,25,14;4,13,25,26,15,5;5,14,26,27,16,6;6,15,27,28,17,7;7,16,28,29,30,18;7,17,30,31,19,8;8,18,31,32,20,9;9,19,32,21,10;10,20,32,33,22,11;11,21,33,34,35,23;11,22,35,24,13,12;13,23,35,36,25;13,24,36,37,26,14;14,25,37,27,15;15,26,37,38,28,16;16,27,38,39,29,17;17,28,39,40,30;17,29,40,41,31,18;18,30,41,32,19;19,31,41,33,21,20;21,32,41,42,34,22;22,33,42,43,44,35;22,34,44,36,24,23;24,35,44,45,37,25;25,36,45,38,27,26;27,37,45,39,28;28,38,45,43,40,29;29,39,43,42,41,30;30,40,42,33,32,31;33,41,40,43,34;34,42,40,39,45,44;34,43,45,36,35;36,44,43,39,38,37
ipr#851 52 1,2,3,4,5,6;0,6,7,8,9,2;0,1,9,10,3;0,2,10,11,12,4;0,3,12,13,14,5;0,4,14,15,6;0,5,15,16,7,1;1,6,16,17,18,8;1,7,18,19,20,9;1,8,20,21,10,2;2,9,21,22,11,3;3,10,22,23,24,12;3,11,24,13,4;4,12,24,25,26,14;4,13,26,27,15,5;5,14,27,28,16,6;6,15,28,29,17,7;7,16,29,30,31,18;7,17,31,19,8;8,18,31,32,33,20;8,19,33,34,21,9;9,20,34,35,22,10;10,21,35,23,11;11,22,35,36,37,24;11,23,37,25,13,12;13,24,37,38,39,26;13,25,39,40,27,14;14,26,40,28,15;15,27,40,41,29,16;16,28,41,30,17;17,29,41,42,43,31;17,30,43,32,19,18;19,31,43,44,45,33;19,32,45,34,20;20,33,45,46,35,21;21,34,46,36,23,22;23,35,46,47,38,37;23,36,38,25,24;25,37,36,47,48,39;25,38,48,49,40,26;26,39,49,41,28,27;28,40,49,42,30,29;30,41,49,50,44,43;30,42,44,32,31;32,43,42,50,51,45;32,44,51,46,34,33;34,45,51,47,36,35;36,46,51,50,48,38;38,47,50,49,39;39,48,50,42,41,40;42,49,48,47,51,44;44,50,47,46,45
ipr#853 52 1,2,3,4,5,6;0,6,7,8,9,2;0,1,9,10,3;0,2,10,11,12,4;0,3,12,13,14,5;0,4,14,15,6;0,5,15,16,7,1;1,6,16,17,18,8;1,7,18,19,20,9;1,8,20,21,10,2;2,9,21,22,11,3;3,10,22,23,24,12;3,11,24,13,4;4,12,24,25,26,14;4,13,26,27,15,5;5,14,27,28,16,6;6,15,28,29,17,7;7,16,29,30,18;7,17,30,31,19,8;8,18,31,32,33,20;8,19,33,34,21,9;9,20,34,22,10;10,21,34,35,23,11;11,22,35,36,37,24;11,23,37,25,13,12;13,24,37,38,26;13,25,38,39,27,14;14,26,39,40,28,15;15,27,40,29,16;16,28,40,41,30,17;17,29,41,42,31,18;18,30,42,43,32,19;19,31,43,44,45,33;19,32,45,34,20;20,33,45,35,22,21;22,34,45,46,36,23;23,35,46,47,48,37;23,36,48,38,25,24;25,37,48,49,39,26;26,38,49,50,40,27;27,39,50,41,29,28;29,40,50,42,30;30,41,50,51,43,31;31,42,51,44,32;32,43,51,47,46,45;32,44,46,35,34,33;35,45,44,47,36;36,46,44,51,49,48;36,47,49,38,37;38,48,47,51,50,39;39,49,51,42,41,40;42,50,49,47,44,43
ipr#855 49 1,2,3,4,5,6;0,6,7,8,9,2;0,1,9,10,3;0,2,10,11,12,4;0,3,12,13,14,5;0,4,14,15,16,6;0,5,16,17,7,1;1,6,17,18,19,8;1,7,19,20,9;1,8,20,21,10,2;2,9,21,22,11,3;3,10,22,23,24,12;3,11,24,13,4;4,12,24,25,26,14;4,13,26,27,15,5;5,14,27,28,29,16;5,15,29,17,6;6,16,29,30,18,7;7,17,30,31,32,19;7,18,32,33,20,8;8,19,33,34,21,9;9,20,34,22,10;10,21,34,35,23,11;11,22,35,36,37,24;11,23,37,25,13,12;13,24,37,38,26;13,25,38,39,27,14;14,26,39,28,15;15,27,39,40,41,29;15,28,41,30,17,16;17,29,41,31,18;18,30,41,42,43,32;18,31,43,44,33,19;19,32,44,34,20;20,33,44,35,22,21;22,34,44,45,36,23;23,35,45,46,47,37;23,36,47,38,25,24;25,37,47,48,39,26;26,38,48,40,28,27;28,39,48,42,41;28,40,42,31,30,29;31,41,40,48,46,43;31,42,46,45,44,32;32,43,45,35,34,33;35,44,43,46,36;36,45,43,42,48,47;36,46,48,38,37;38,47,46,42,40,39
ipr#857 52 1,2,3,4,5,6;0,6,7,8,9,2;0,1,9,10,3;0,2,10,11,12,4;0,3,12,13,14,5;0,4,14,15,16,6;0,5,16,17,7,1;1,6,17,18,19,8;1,7,19,20,9;1,8,20,21,10,2;2,9,21,22,11,3;3,10,22,23,24,12;3,11,24,13,4;4,12,24,25,26,14;4,13,26,27,15,5;5,14,27,28,16;5,15,28,29,17,6;6,16,29,30,18,7;7,17,30,31,32,19;7,18,32,33,20,8;8,19,33,34,21,9;9,20,34,22,10;10,21,34,35,23,11;11,22,35,36,37,24;11,23,37,25,13,12;13,24,37,38,39,26;13,25,39,27,14;14,26,39,40,28,15;15,27,40,41,29,16;16,28,41,42,30,17;17,29,42,31,18;18,30,42,43,44,32;18,31,44,45,33,19;19,32,45,34,20;20,33,45,35,22,21;22,34,45,46,36,23;23,35,46,47,48,37;23,36,48,38,25,24;25,37,48,49,50,39;25,38,50,40,27,26;27,39,50,41,28;28,40,50,51,42,29;29,41,51,43,31,30;31,42,51,49,47,44;31,43,47,46,45,32;32,44,46,35,34,33;35,45,44,47,36;36,46,44,43,49,48;36,47,49,38,37;38,48,47,43,51,50;38,49,51,41,40,39;41,50,49,43,42
ipr#859 42 1,2,3,4,5;0,5,6,7,8,2;0,1,8,9,10,3;0,2,10,11,12,4;0,3,12,13,14,5;0,4,14,15,6,1;1,5,15,16,7;1,6,16,17,18,8;1,7,18,9,2;2,8,18,19,20,10;2,9,20,21,11,3;3,10,21,22,23,12;3,11,23,24,13,4;4,12,24,25,14;4,13,25,26,15,5;5,14,26,27,16,6;6,15,27,28,17,7;7,16,28,29,18;7,17,29,19,9,8;9,18,29,30,31,20;9,19,31,21,10;10,20,31,32,22,11;11,21,32,33,34,23;11,22,34,24,12;12,23,34,35,25,13;13,24,35,36,26,14;14,25,36,27,15;15,26,36,37,28,16;16,27,37,38,29,17;17,28,38,30,19,18;19,29,38,39,31;19,30,39,32,21,20;21,31,39,33,22;22,32,39,40,41,34;22,33,41,35,24,23;24,34,41,36,25;25,35,41,37,27,26;27,36,41,40,38,28;28,37,40,39,30,29;30,38,40,33,32,31;33,39,38,37,41;33,40,37,36,35,34
ipr#861 48 1,2,3,4,5,6;0,6,7,8,9,2;0,1,9,10,11,3;0,2,11,12,13,4;0,3,13,14,5;0,4,14,15,16,6;0,5,16,17,7,1;1,6,17,18,8;1,7,18,19,20,9;1,8,20,10,2;2,9,20,21,22,11;2,10,22,23,12,3;3,11,23,24,25,13;3,12,25,26,14,4;4,13,26,27,15,5;5,14,27,28,29,16;5,15,29,17,6;6,16,29,30,18,7;7,17,30,31,19,8;8,18,31,32,20;8,19,32,21,10,9;10,20,32,33,34,22;10,21,34,23,11;11,22,34,35,24,12;12,23,35,36,25;12,24,36,37,26,13;13,25,37,38,27,14;14,26,38,28,15;15,27,38,39,40,29;15,28,40,30,17,16;17,29,40,41,31,18;18,30,41,42,32,19;19,31,42,33,21,20;21,32,42,43,34;21,33,43,35,23,22;23,34,43,44,36,24;24,35,44,45,37,25;25,36,45,38,26;26,37,45,39,28,27;28,38,45,46,40;28,39,46,41,30,29;30,40,46,47,42,31;31,41,47,43,33,32;33,42,47,44,35,34;35,43,47,46,45,36;36,44,46,39,38,37;39,45,44,47,41,40;41,46,44,43,42
ipr#863 51 1,2,3,4,5,6;0,6,7,8,9,2;0,1,9,10,11,3;0,2,11,12,13,4;0,3,13,14,5;0,4,14,15,16,6;0,5,16,17,7,1;1,6,17,18,19,8;1,7,19,20,21,9;1,8,21,10,2;2,9,21,22,23,11;2,10,23,24,12,3;3,11,24,25,26,13;3,12,26,27,14,4;4,13,27,28,15,5;5,14,28,29,30,16;5,15,30,17,6;6,16,30,31,18,7;7,17,31,32,19;7,18,32,33,20,8;8,19,33,34,21;8,20,34,22,10,9;10,21,34,35,36,23;10,22,36,24,11;11,23,36,37,25,12;12,24,37,38,26;12,25,38,39,27,13;13,26,39,40,28,14;14,27,40,29,15;15,28,40,41,42,30;15,29,42,31,17,16;17,30,42,43,32,18;18,31,43,44,33,19;19,32,44,45,34,20;20,33,45,35,22,21;22,34,45,46,36;22,35,46,37,24,23;24,36,46,47,38,25;25,37,47,48,39,26;26,38,48,40,27;27,39,48,41,29,28;29,40,48,49,42;29,41,49,43,31,30;31,42,49,50,44,32;32,43,50,45,33;33,44,50,46,35,34;35,45,50,47,37,36;37,46,50,49,48,38;38,47,49,41,40,39;41,48,47,50,43,42;43,49,47,46,45,44
ipr#865 52 1,2,3,4,5,6;0,6,7,8,9,2;0,1,9,10,3;0,2,10,11,12,4;0,3,12,13,5;0,4,13,14,15,6;0,5,15,16,7,1;1,6,16,17,8;1,7,17,18,19,9;1,8,19,20,10,2;2,9,20,21,11,3;3,10,21,22,23,12;3,11,23,24,13,4;4,12,24,25,14,5;5,13,25,26,27,15;5,14,27,16,6;6,15,27,28,17,7;7,16,28,29,18,8;8,17,29,30,19;8,18,30,31,20,9;9,19,31,32,21,10;10,20,32,33,22,11;11,21,33,34,35,23;11,22,35,36,24,12;12,23,36,25,13;13,24,36,37,26,14;14,25,37,38,39,27;14,26,39,28,16,15;16,27,39,40,29,17;17,28,40,41,30,18;18,29,41,42,31,19;19,30,42,43,32,20;20,31,43,33,21;21,32,43,44,34,22;22,33,44,45,35;22,34,45,46,36,23;23,35,46,37,25,24;25,36,46,47,38,26;26,37,47,48,39;26,38,48,40,28,27;28,39,48,49,41,29;29,40,49,50,42,30;30,41,50,43,31;31,42,50,44,33,32;33,43,50,51,45,34;34,44,51,47,46,35;35,45,47,37,36;37,46,45,51,48,38;38,47,51,49,40,39;40,48,51,50,41;41,49,51,44,43,42;44,50,49,48,47,45
ipr#867 51 1,2,3,4,5,6;0,6,7,8,9,2;0,1,9,10,3;0,2,10,11,12,4;0,3,12,13,14,5;0,4,14,15,16,6;0,5,16,17,7,1;1,6,17,18,8;1,7,18,19,20,9;1,8,20,21,10,2;2,9,21,22,11,3;3,10,22,23,24,12;3,11,24,25,13,4;4,12,25,26,27,14;4,13,27,28,15,5;5,14,28,29,16;5,15,29,30,17,6;6,16,30,31,18,7;7,17,31,32,19,8;8,18,32,33,34,20;8,19,34,35,21,9;9,20,35,22,10;10,21,35,36,23,11;11,22,36,37,24;11,23,37,38,25,12;12,24,38,26,13;13,25,38,39,40,27;13,26,40,28,14;14,27,40,41,29,15;15,28,41,42,30,16;16,29,42,31,17;17,30,42,43,32,18;18,31,43,44,33,19;19,32,44,45,46,34;19,33,46,35,20;20,34,46,36,22,21;22,35,46,47,37,23;23,36,47,48,38,24;24,37,48,39,26,25;26,38,48,49,50,40;26,39,50,41,28,27;28,40,50,42,29;29,41,50,43,31,30;31,42,50,49,44,32;32,43,49,45,33;33,44,49,48,47,46;33,45,47,36,35,34;36,46,45,48,37;37,47,45,49,39,38;39,48,45,44,43,50;39,49,43,42,41,40
ipr#869 51 1,2,3,4,5,6;0,6,7,8,9,2;0,1,9,10,11,3;0,2,11,12,13,4;0,3,13,14,5;0,4,14,15,16,6;0,5,16,17,7,1;1,6,17,18,8;1,7,18,19,20,9;1,8,20,10,2;2,9,20,21,22,11;2,10,22,23,12,3;3,11,23,24,25,13;3,12,25,26,14,4;4,13,26,27,15,5;5,14,27,28,29,16;5,15,29,17,6;6,16,29,30,18,7;7,17,30,31,19,8;8,18,31,32,33,20;8,19,33,21,10,9;10,20,33,34,35,22;10,21,35,23,11;11,22,35,36,24,12;12,23,36,37,25;12,24,37,38,26,13;13,25,38,39,27,14;14,26,39,28,15;15,27,39,40,41,29;15,28,41,30,17,16;17,29,41,42,31,18;18,30,42,32,19;19,31,42,43,44,33;19,32,44,34,21,20;21,33,44,45,35;21,34,45,36,23,22;23,35,45,46,37,24;24,36,46,47,38,25;25,37,47,39,26;26,38,47,40,28,27;28,39,47,48,49,41;28,40,49,42,30,29;30,41,49,43,32,31;32,42,49,48,50,44;32,43,50,45,34,33;34,44,50,46,36,35;36,45,50,48,47,37;37,46,48,40,39,38;40,47,46,50,43,49;40,48,43,42,41;43,48,46,45,44
ipr#871 48 1,2,3,4,5,6;0,6,7,8,9,2;0,1,9,10,11,3;0,2,11,12,4;0,3,12,13,14,5;0,4,14,15,16,6;0,5,16,17,7,1;1,6,17,18,8;1,7,18,19,20,9;1,8,20,21,10,2;2,9,21,22,11;2,10,22,23,12,3;3,11,23,24,13,4;4,12,24,25,26,14;4,13,26,27,15,5;5,14,27,28,16;5,15,28,29,17,6;6,16,29,30,18,7;7,17,30,31,19,8;8,18,31,32,20;8,19,32,33,21,9;9,20,33,34,22,10;10,21,34,35,23,11;11,22,35,24,12;12,23,35,36,25,13;13,24,36,37,38,26;13,25,38,27,14;14,26,38,39,28,15;15,27,39,40,29,16;16,28,40,30,17;17,29,40,41,31,18;18,30,41,42,32,19;19,31,42,43,33,20;20,32,43,44,34,21;21,33,44,35,22;22,34,44,36,24,23;24,35,44,45,37,25;25,36,45,46,47,38;25,37,47,39,27,26;27,38,47,40,28;28,39,47,41,30,29;30,40,47,46,42,31;31,41,46,45,43,32;32,42,45,44,33;33,43,45,36,35,34;36,44,43,42,46,37;37,45,42,41,47;37,46,41,40,39,38
ipr#873 51 1,2,3,4,5,6;0,6,7,8,9,2;0,1,9,10,11,3;0,2,11,12,4;0,3,12,13,14,5;0,4,14,15,16,6;0,5,16,17,7,1;1,6,17,18,19,8;1,7,19,20,21,9;1,8,21,22,10,2;2,9,22,23,11;2,10,23,24,12,3;3,11,24,25,13,4;4,12,25,26,27,14;4,13,27,28,15,5;5,14,28,29,16;5,15,29,30,17,6;6,16,30,31,18,7;7,17,31,32,19;7,18,32,33,20,8;8,19,33,34,21;8,20,34,35,22,9;9,21,35,36,23,10;10,22,36,37,24,11;11,23,37,25,12;12,24,37,38,26,13;13,25,38,39,40,27;13,26,40,28,14;14,27,40,41,29,15;15,28,41,42,30,16;16,29,42,31,17;17,30,42,43,32,18;18,31,43,44,33,19;19,32,44,45,34,20;20,33,45,46,35,21;21,34,46,47,36,22;22,35,47,37,23;23,36,47,38,25,24;25,37,47,48,39,26;26,38,48,49,50,40;26,39,50,41,28,27;28,40,50,42,29;29,41,50,43,31,30;31,42,50,49,44,32;32,43,49,45,33;33,44,49,48,46,34;34,45,48,47,35;35,46,48,38,37,36;38,47,46,45,49,39;39,48,45,44,43,50;39,49,43,42,41,40
ipr#875 51 1,2,3,4,5,6;0,6,7,8,9,2;0,1,9,10,11,3;0,2,11,12,4;0,3,12,13,14,5;0,4,14,15,16,6;0,5,16,17,7,1;1,6,17,18,8;1,7,18,19,20,9;1,8,20,21,10,2;2,9,21,22,11;2,10,22,23,12,3;3,11,23,24,13,4;4,12,24,25,26,14;4,13,26,27,15,5;5,14,27,28,16;5,15,28,29,17,6;6,16,29,30,18,7;7,17,30,31,19,8;8,18,31,32,20;8,19,32,33,21,9;9,20,33,34,22,10;10,21,34,35,23,11;11,22,35,24,12;12,23,35,36,25,13;13,24,36,37,26;13,25,37,38,27,14;14,26,38,39,28,15;15,27,39,40,29,16;16,28,40,30,17;17,29,40,41,31,18;18,30,41,42,32,19;19,31,42,43,33,20;20,32,43,44,34,21;21,33,44,45,35,22;22,34,45,36,24,23;24,35,45,46,37,25;25,36,46,47,38,26;26,37,47,48,39,27;27,38,48,40,28;28,39,48,41,30,29;30,40,48,49,42,31;31,41,49,50,43,32;32,42,50,44,33;33,43,50,46,45,34;34,44,46,36,35;36,45,44,50,47,37;37,46,50,49,48,38;38,47,49,41,40,39;41,48,47,50,42;42,49,47,46,44,43
ipr#877 51 1,2,3,4,5,6;0,6,7,8,9,2;0,1,9,10,11,3;0,2,11,12,4;0,3,12,13,14,5;0,4,14,15,16,6;0,5,16,17,7,1;1,6,17,18,8;1,7,18,19,20,9;1,8,20,21,10,2;2,9,21,22,11;2,10,22,23,12,3;3,11,23,24,13,4;4,12,24,25,26,14;4,13,26,27,15,5;5,14,27,28,16;5,15,28,29,17,6;6,16,29,30,18,7;7,17,30,31,19,8;8,18,31,32,20;8,19,32,33,21,9;9,20,33,34,22,10;10,21,34,35,23,11;11,22,35,24,12;12,23,35,36,25,13;13,24,36,37,38,26;13,25,38,27,14;14,26,38,39,28,15;15,27,39,40,29,16;16,28,40,41,30,17;17,29,41,42,31,18;18,30,42,43,32,19;19,31,43,44,33,20;20,32,44,45,34,21;21,33,45,35,22;22,34,45,36,24,23;24,35,45,46,37,25;25,36,46,47,48,38;25,37,48,39,27,26;27,38,48,40,28;28,39,48,49,41,29;29,40,49,42,30;30,41,49,50,43,31;31,42,50,44,32;32,43,50,46,45,33;33,44,46,36,35,34;36,45,44,50,47,37;37,46,50,49,48;37,47,49,40,39,38;40,48,47,50,42,41;42,49,47,46,44,43
ipr#879 49 1,2,3,4,5,6;0,6,7,8,9,2;0,1,9,10,11,3;0,2,11,12,4;0,3,12,13,14,5;0,4,14,15,16,6;0,5,16,17,7,1;1,6,17,18,8;1,7,18,19,20,9;1,8,20,21,10,2;2,9,21,22,11;2,10,22,23,12,3;3,11,23,24,13,4;4,12,24,25,14;4,13,25,26,15,5;5,14,26,27,16;5,15,27,28,17,6;6,16,28,29,18,7;7,17,29,30,19,8;8,18,30,31,20;8,19,31,32,21,9;9,20,32,33,22,10;10,21,33,34,23,11;11,22,34,35,24,12;12,23,35,36,25,13;13,24,36,37,26,14;14,25,37,38,27,15;15,26,38,39,28,16;16,27,39,29,17;17,28,39,40,30,18;18,29,40,41,31,19;19,30,41,42,32,20;20,31,42,43,33,21;21,32,43,34,22;22,33,43,44,35,23;23,34,44,36,24;24,35,44,45,37,25;25,36,45,46,38,26;26,37,46,39,27;27,38,46,40,29,28;29,39,46,47,41,30;30,40,47,48,42,31;31,41,48,43,32;32,42,48,44,34,33;34,43,48,45,36,35;36,44,48,47,46,37;37,45,47,40,39,38;40,46,45,48,41;41,47,45,44,43,42
ipr#881 52 1,2,3,4,5,6;0,6,7,8,9,2;0,1,9,10,11,3;0,2,11,12,4;0,3,12,13,14,5;0,4,14,15,16,6;0,5,16,17,7,1;1,6,17,18,19,8;1,7,19,20,21,9;1,8,21,22,10,2;2,9,22,23,11;2,10,23,24,12,3;3,11,24,25,13,4;4,12,25,26,14;4,13,26,27,15,5;5,14,27,28,16;5,15,28,29,17,6;6,16,29,30,18,7;7,17,30,31,19;7,18,31,32,20,8;8,19,32,33,21;8,20,33,34,22,9;9,21,34,35,23,10;10,22,35,36,24,11;11,23,36,37,25,12;12,24,37,38,26,13;13,25,38,39,27,14;14,26,39,40,28,15;15,27,40,41,29,16;16,28,41,30,17;17,29,41,42,31,18;18,30,42,43,32,19;19,31,43,44,33,20;20,32,44,45,34,21;21,33,45,46,35,22;22,34,46,36,23;23,35,46,47,37,24;24,36,47,38,25;25,37,47,48,39,26;26,38,48,49,40,27;27,39,49,41,28;28,40,49,42,30,29;30,41,49,50,43,31;31,42,50,44,32;32,43,50,51,45,33;33,44,51,46,34;34,45,51,47,36,35;36,46,51,48,38,37;38,47,51,50,49,39;39,48,50,42,41,40;42,49,48,51,44,43;44,50,48,47,46,45
ipr#883 52 1,2,3,4,5,6;0,6,7,8,9,2;0,1,9,10,11,3;0,2,11,12,4;0,3,12,13,14,5;0,4,14,15,16,6;0,5,16,17,7,1;1,6,17,18,8;1,7,18,19,20,9;1,8,20,21,10,2;2,9,21,22,11;2,10,22,23,12,3;3,11,23,24,13,4;4,12,24,25,26,14;4,13,26,27,15,5;5,14,27,28,16;5,15,28,29,17,6;6,16,29,30,18,7;7,17,30,31,19,8;8,18,31,32,20;8,19,32,33,21,9;9,20,33,34,22,10;10,21,34,35,23,11;11,22,35,36,24,12;12,23,36,37,25,13;13,24,37,38,26;13,25,38,39,27,14;14,26,39,40,28,15;15,27,40,41,29,16;16,28,41,30,17;17,29,41,42,31,18;18,30,42,43,32,19;19,31,43,44,33,20;20,32,44,45,34,21;21,33,45,35,22;22,34,45,46,36,23;23,35,46,37,24;24,36,46,47,38,25;25,37,47,48,39,26;26,38,48,49,40,27;27,39,49,41,28;28,40,49,42,30,29;30,41,49,50,43,31;31,42,50,51,44,32;32,43,51,45,33;33,44,51,46,35,34;35,45,51,47,37,36;37,46,51,50,48,38;38,47,50,49,39;39,48,50,42,41,40;42,49,48,47,51,43;43,50,47,46,45,44
ipr#885 49 1,2,3,4,5,6;0,6,7,8,9,2;0,1,9,10,11,3;0,2,11,12,13,4;0,3,13,14,15,5;0,4,15,16,17,6;0,5,17,18,7,1;1,6,18,19,8;1,7,19,20,21,9;1,8,21,10,2;2,9,21,22,23,11;2,10,23,12,3;3,11,23,24,25,13;3,12,25,14,4;4,13,25,26,27,15;4,14,27,16,5;5,15,27,28,29,17;5,16,29,30,18,6;6,17,30,31,19,7;7,18,31,32,20,8;8,19,32,33,21;8,20,33,22,10,9;10,21,33,34,35,23;10,22,35,24,12,11;12,23,35,36,37,25;12,24,37,26,14,13;14,25,37,38,39,27;14,26,39,28,16,15;16,27,39,40,41,29;16,28,41,42,30,17;17,29,42,31,18;18,30,42,43,32,19;19,31,43,44,33,20;20,32,44,34,22,21;22,33,44,45,35;22,34,45,36,24,23;24,35,45,46,38,37;24,36,38,26,25;26,37,36,46,40,39;26,38,40,28,27;28,39,38,46,47,41;28,40,47,42,29;29,41,47,43,31,30;31,42,47,48,44,32;32,43,48,45,34,33;34,44,48,46,36,35;36,45,48,47,40,38;40,46,48,43,42,41;43,47,46,45,44
ipr#887 52 1,2,3,4,5,6;0,6,7,8,9,2;0,1,9,10,11,3;0,2,11,12,13,4;0,3,13,14,15,5;0,4,15,16,17,6;0,5,17,18,7,1;1,6,18,19,20,8;1,7,20,21,22,9;1,8,22,10,2;2,9,22,23,24,11;2,10,24,12,3;3,11,24,25,26,13;3,12,26,14,4;4,13,26,27,28,15;4,14,28,16,5;5,15,28,29,30,17;5,16,30,31,18,6;6,17,31,32,19,7;7,18,32,33,20;7,19,33,34,21,8;8,20,34,35,22;8,21,35,23,10,9;10,22,35,36,37,24;10,23,37,25,12,11;12,24,37,38,39,26;12,25,39,27,14,13;14,26,39,40,41,28;14,27,41,29,16,15;16,28,41,42,43,30;16,29,43,44,31,17;17,30,44,32,18;18,31,44,45,33,19;19,32,45,46,34,20;20,33,46,47,35,21;21,34,47,36,23,22;23,35,47,48,37;23,36,48,38,25,24;25,37,48,49,40,39;25,38,40,27,26;27,39,38,49,42,41;27,40,42,29,28;29,41,40,49,50,43;29,42,50,44,30;30,43,50,45,32,31;32,44,50,51,46,33;33,45,51,47,34;34,46,51,48,36,35;36,47,51,49,38,37;38,48,51,50,42,40;42,49,51,45,44,43;45,50,49,48,47,46
ipr#889 49 1,2,3,4,5,6;0,6,7,8,9,2;0,1,9,10,11,3;0,2,11,12,4;0,3,12,13,14,5;0,4,14,15,16,6;0,5,16,17,7,1;1,6,17,18,8;1,7,18,19,20,9;1,8,20,10,2;2,9,20,21,22,11;2,10,22,23,12,3;3,11,23,24,13,4;4,12,24,25,26,14;4,13,26,27,15,5;5,14,27,28,16;5,15,28,29,17,6;6,16,29,30,18,7;7,17,30,31,19,8;8,18,31,32,33,20;8,19,33,21,10,9;10,20,33,34,35,22;10,21,35,36,23,11;11,22,36,24,12;12,23,36,37,25,13;13,24,37,38,39,26;13,25,39,27,14;14,26,39,40,28,15;15,27,40,41,29,16;16,28,41,30,17;17,29,41,42,31,18;18,30,42,43,32,19;19,31,43,44,34,33;19,32,34,21,20;21,33,32,44,45,35;21,34,45,36,22;22,35,45,37,24,23;24,36,45,46,38,25;25,37,46,47,48,39;25,38,48,40,27,26;27,39,48,41,28;28,40,48,42,30,29;30,41,48,47,43,31;31,42,47,46,44,32;32,43,46,45,34;34,44,46,37,36,35;37,45,44,43,47,38;38,46,43,42,48;38,47,42,41,40,39
ipr#891 52 1,2,3,4,5,6;0,6,7,8,9,2;0,1,9,10,11,3;0,2,11,12,4;0,3,12,13,14,5;0,4,14,15,16,6;0,5,16,17,7,1;1,6,17,18,19,8;1,7,19,20,21,9;1,8,21,10,2;2,9,21,22,23,11;2,10,23,24,12,3;3,11,24,25,13,4;4,12,25,26,27,14;4,13,27,28,15,5;5,14,28,29,16;5,15,29,30,17,6;6,16,30,31,18,7;7,17,31,32,33,19;7,18,33,20,8;8,19,33,34,35,21;8,20,35,22,10,9;10,21,35,36,37,23;10,22,37,38,24,11;11,23,38,25,12;12,24,38,39,26,13;13,25,39,40,41,27;13,26,41,28,14;14,27,41,42,29,15;15,28,42,43,30,16;16,29,43,31,17;17,30,43,44,32,18;18,31,44,45,46,33;18,32,46,34,20,19;20,33,46,47,36,35;20,34,36,22,21;22,35,34,47,48,37;22,36,48,38,23;23,37,48,39,25,24;25,38,48,49,40,26;26,39,49,50,51,41;26,40,51,42,28,27;28,41,51,43,29;29,42,51,44,31,30;31,43,51,50,45,32;32,44,50,49,47,46;32,45,47,34,33;34,46,45,49,48,36;36,47,49,39,38,37;39,48,47,45,50,40;40,49,45,44,51;40,50,44,43,42,41
ipr#893 52 1,2,3,4,5,6;0,6,7,8,2;0,1,8,9,10,3;0,2,10,11,4;0,3,11,12,13,5;0,4,13,14,15,6;0,5,15,16,7,1;1,6,16,17,18,8;1,7,18,19,9,2;2,8,19,20,21,10;2,9,21,22,11,3;3,10,22,23,12,4;4,11,23,24,25,13;4,12,25,26,14,5;5,13,26,27,28,15;5,14,28,16,6;6,15,28,29,17,7;7,16,29,30,18;7,17,30,31,19,8;8,18,31,32,20,9;9,19,32,33,34,21;9,20,34,35,22,10;10,21,35,23,11;11,22,35,36,24,12;12,23,36,37,38,25;12,24,38,26,13;13,25,38,39,27,14;14,26,39,40,41,28;14,27,41,29,16,15;16,28,41,42,30,17;17,29,42,43,31,18;18,30,43,44,32,19;19,31,44,33,20;20,32,44,45,46,34;20,33,46,35,21;21,34,46,36,23,22;23,35,46,47,37,24;24,36,47,48,49,38;24,37,49,39,26,25;26,38,49,40,27;27,39,49,50,42,41;27,40,42,29,28;29,41,40,50,43,30;30,42,50,51,44,31;31,43,51,45,33,32;33,44,51,47,46;33,45,47,36,35,34;36,46,45,51,48,37;37,47,51,50,49;37,48,50,40,39,38;40,49,48,51,43,42;43,50,48,47,45,44
ipr#895 52 1,2,3,4,5,6;0,6,7,8,9,2;0,1,9,10,11,3;0,2,11,12,4;0,3,12,13,14,5;0,4,14,15,16,6;0,5,16,17,7,1;1,6,17,18,8;1,7,18,19,20,9;1,8,20,10,2;2,9,20,21,22,11;2,10,22,23,12,3;3,11,23,24,13,4;4,12,24,25,26,14;4,13,26,27,15,5;5,14,27,28,16;5,15,28,29,17,6;6,16,29,30,18,7;7,17,30,31,19,8;8,18,31,32,33,20;8,19,33,21,10,9;10,20,33,34,35,22;10,21,35,36,23,11;11,22,36,24,12;12,23,36,37,25,13;13,24,37,38,39,26;13,25,39,27,14;14,26,39,40,28,15;15,27,40,41,29,16;16,28,41,42,30,17;17,29,42,43,31,18;18,30,43,44,32,19;19,31,44,45,34,33;19,32,34,21,20;21,33,32,45,46,35;21,34,46,36,22;22,35,46,37,24,23;24,36,46,47,38,25;25,37,47,48,49,39;25,38,49,40,27,26;27,39,49,41,28;28,40,49,50,42,29;29,41,50,43,30;30,42,50,51,44,31;31,43,51,45,32;32,44,51,47,46,34;34,45,47,37,36,35;37,46,45,51,48,38;38,47,51,50,49;38,48,50,41,40,39;41,49,48,51,43,42;43,50,48,47,45,44
ipr#897 49 1,2,3,4,5,6;0,6,7,8,9,2;0,1,9,10,11,3;0,2,11,12,4;0,3,12,13,14,5;0,4,14,15,16,6;0,5,16,17,7,1;1,6,17,18,8;1,7,18,19,20,9;1,8,20,10,2;2,9,20,21,22,11;2,10,22,23,12,3;3,11,23,24,13,4;4,12,24,25,26,14;4,13,26,27,15,5;5,14,27,28,16;5,15,28,29,17,6;6,16,29,30,18,7;7,17,30,31,19,8;8,18,31,32,33,20;8,19,33,21,10,9;10,20,33,34,35,22;10,21,35,23,11;11,22,35,36,24,12;12,23,36,37,25,13;13,24,37,38,39,26;13,25,39,27,14;14,26,39,40,28,15;15,27,40,41,29,16;16,28,41,30,17;17,29,41,42,31,18;18,30,42,43,32,19;19,31,43,44,34,33;19,32,34,21,20;21,33,32,44,45,35;21,34,45,36,23,22;23,35,45,37,24;24,36,45,46,38,25;25,37,46,47,48,39;25,38,48,40,27,26;27,39,48,41,28;28,40,48,42,30,29;30,41,48,47,43,31;31,42,47,46,44,32;32,43,46,45,34;34,44,46,37,36,35;37,45,44,43,47,38;38,46,43,42,48;38,47,42,41,40,39
ipr#899 52 1,2,3,4,5,6;0,6,7,8,9,2;0,1,9,10,11,3;0,2,11,12,4;0,3,12,13,14,5;0,4,14,15,16,6;0,5,16,17,7,1;1,6,17,18,19,8;1,7,19,20,21,9;1,8,21,10,2;2,9,21,22,23,11;2,10,23,24,12,3;3,11,24,25,13,4;4,12,25,26,27,14;4,13,27,28,15,5;5,14,28,29,16;5,15,29,30,17,6;6,16,30,31,18,7;7,17,31,32,33,19;7,18,33,20,8;8,19,33,34,35,21;8,20,35,22,10,9;10,21,35,36,37,23;10,22,37,24,11;11,23,37,38,25,12;12,24,38,39,26,13;13,25,39,40,41,27;13,26,41,28,14;14,27,41,42,29,15;15,28,42,43,30,16;16,29,43,31,17;17,30,43,44,32,18;18,31,44,45,46,33;18,32,46,34,20,19;20,33,46,47,36,35;20,34,36,22,21;22,35,34,47,48,37;22,36,48,38,24,23;24,37,48,39,25;25,38,48,49,40,26;26,39,49,50,51,41;26,40,51,42,28,27;28,41,51,43,29;29,42,51,44,31,30;31,43,51,50,45,32;32,44,50,49,47,46;32,45,47,34,33;34,46,45,49,48,36;36,47,49,39,38,37;39,48,47,45,50,40;40,49,45,44,51;40,50,44,43,42,41
ipr#901 52 1,2,3,4,5,6;0,6,7,8,2;0,1,8,9,10,3;0,2,10,11,4;0,3,11,12,13,5;0,4,13,14,15,6;0,5,15,16,7,1;1,6,16,17,18,8;1,7,18,19,9,2;2,8,19,20,21,10;2,9,21,22,11,3;3,10,22,23,12,4;4,11,23,24,25,13;4,12,25,26,14,5;5,13,26,27,28,15;5,14,28,16,6;6,15,28,29,17,7;7,16,29,30,18;7,17,30,31,19,8;8,18,31,32,20,9;9,19,32,33,34,21;9,20,34,22,10;10,21,34,35,23,11;11,22,35,36,24,12;12,23,36,37,38,25;12,24,38,26,13;13,25,38,39,27,14;14,26,39,40,41,28;14,27,41,29,16,15;16,28,41,42,30,17;17,29,42,43,31,18;18,30,43,44,32,19;19,31,44,33,20;20,32,44,45,46,34;20,33,46,35,22,21;22,34,46,36,23;23,35,46,47,37,24;24,36,47,48,49,38;24,37,49,39,26,25;26,38,49,40,27;27,39,49,50,42,41;27,40,42,29,28;29,41,40,50,43,30;30,42,50,51,44,31;31,43,51,45,33,32;33,44,51,47,46;33,45,47,36,35,34;36,46,45,51,48,37;37,47,51,50,49;37,48,50,40,39,38;40,49,48,51,43,42;43,50,48,47,45,44
ipr#903 52 1,2,3,4,5,6;0,6,7,8,9,2;0,1,9,10,11,3;0,2,11,12,4;0,3,12,13,14,5;0,4,14,15,16,6;0,5,16,17,7,1;1,6,17,18,8;1,7,18,19,20,9;1,8,20,10,2;2,9,20,21,22,11;2,10,22,23,12,3;3,11,23,24,13,4;4,12,24,25,26,14;4,13,26,27,15,5;5,14,27,28,16;5,15,28,29,17,6;6,16,29,30,18,7;7,17,30,31,19,8;8,18,31,32,33,20;8,19,33,21,10,9;10,20,33,34,35,22;10,21,35,23,11;11,22,35,36,24,12;12,23,36,37,25,13;13,24,37,38,39,26;13,25,39,40,27,14;14,26,40,41,28,15;15,27,41,42,29,16;16,28,42,30,17;17,29,42,43,31,18;18,30,43,44,32,19;19,31,44,45,34,33;19,32,34,21,20;21,33,32,45,46,35;21,34,46,36,23,22;23,35,46,37,24;24,36,46,47,38,25;25,37,47,48,49,39;25,38,49,40,26;26,39,49,50,41,27;27,40,50,42,28;28,41,50,43,30,29;30,42,50,51,44,31;31,43,51,48,45,32;32,44,48,47,46,34;34,45,47,37,36,35;37,46,45,48,38;38,47,45,44,51,49;38,48,51,50,40,39;40,49,51,43,42,41;43,50,49,48,44
ipr#905 50 1,2,3,4,5,6;0,6,7,8,9,2;0,1,9,10,11,3;0,2,11,12,4;0,3,12,13,14,5;0,4,14,15,16,6;0,5,16,17,7,1;1,6,17,18,8;1,7,18,19,20,9;1,8,20,10,2;2,9,20,21,22,11;2,10,22,23,12,3;3,11,23,24,13,4;4,12,24,25,26,14;4,13,26,27,15,5;5,14,27,28,16;5,15,28,29,17,6;6,16,29,30,18,7;7,17,30,31,19,8;8,18,31,32,20;8,19,32,21,10,9;10,20,32,33,34,22;10,21,34,23,11;11,22,34,35,24,12;12,23,35,36,25,13;13,24,36,37,38,26;13,25,38,27,14;14,26,38,39,28,15;15,27,39,40,29,16;16,28,40,41,30,17;17,29,41,42,31,18;18,30,42,43,32,19;19,31,43,33,21,20;21,32,43,44,34;21,33,44,35,23,22;23,34,44,45,36,24;24,35,45,37,25;25,36,45,46,47,38;25,37,47,39,27,26;27,38,47,40,28;28,39,47,48,41,29;29,40,48,42,30;30,41,48,49,43,31;31,42,49,44,33,32;33,43,49,45,35,34;35,44,49,46,37,36;37,45,49,48,47;37,46,48,40,39,38;40,47,46,49,42,41;42,48,46,45,44,43
ipr#907 52 1,2,3,4,5,6;0,6,7,8,9,2;0,1,9,10,11,3;0,2,11,12,13,4;0,3,13,14,5;0,4,14,15,16,6;0,5,16,17,7,1;1,6,17,18,19,8;1,7,19,20,21,9;1,8,21,10,2;2,9,21,22,23,11;2,10,23,24,12,3;3,11,24,25,26,13;3,12,26,27,14,4;4,13,27,28,15,5;5,14,28,29,16;5,15,29,30,17,6;6,16,30,31,18,7;7,17,31,32,33,19;7,18,33,20,8;8,19,33,34,35,21;8,20,35,22,10,9;10,21,35,36,37,23;10,22,37,24,11;11,23,37,38,25,12;12,24,38,39,40,26;12,25,40,41,27,13;13,26,41,28,14;14,27,41,42,29,15;15,28,42,43,30,16;16,29,43,31,17;17,30,43,44,32,18;18,31,44,45,46,33;18,32,46,34,20,19;20,33,46,47,36,35;20,34,36,22,21;22,35,34,47,48,37;22,36,48,38,24,23;24,37,48,39,25;25,38,48,49,50,40;25,39,50,51,41,26;26,40,51,42,28,27;28,41,51,43,29;29,42,51,44,31,30;31,43,51,50,45,32;32,44,50,49,47,46;32,45,47,34,33;34,46,45,49,48,36;36,47,49,39,38,37;39,48,47,45,50;39,49,45,44,51,40;40,50,44,43,42,41
ipr#909 52 1,2,3,4,5,6;0,6,7,8,9,2;0,1,9,10,11,3;0,2,11,12,13,4;0,3,13,14,5;0,4,14,15,16,6;0,5,16,17,7,1;1,6,17,18,8;1,7,18,19,20,9;1,8,20,10,2;2,9,20,21,22,11;2,10,22,23,12,3;3,11,23,24,25,13;3,12,25,26,14,4;4,13,26,27,15,5;5,14,27,28,16;5,15,28,29,17,6;6,16,29,30,18,7;7,17,30,31,19,8;8,18,31,32,33,20;8,19,33,21,10,9;10,20,33,34,35,22;10,21,35,23,11;11,22,35,36,24,12;12,23,36,37,38,25;12,24,38,39,26,13;13,25,39,40,27,14;14,26,40,41,28,15;15,27,41,42,29,16;16,28,42,30,17;17,29,42,43,31,18;18,30,43,44,32,19;19,31,44,45,33;19,32,45,34,21,20;21,33,45,46,35;21,34,46,36,23,22;23,35,46,37,24;24,36,46,47,48,38;24,37,48,49,39,25;25,38,49,40,26;26,39,49,50,41,27;27,40,50,42,28;28,41,50,43,30,29;30,42,50,51,44,31;31,43,51,47,45,32;32,44,47,46,34,33;34,45,47,37,36,35;37,46,45,44,51,48;37,47,51,49,38;38,48,51,50,40,39;40,49,51,43,42,41;43,50,49,48,47,44
ipr#911 42 1,2,3,4,5;0,5,6,7,8,2;0,1,8,9,10,3;0,2,10,11,12,4;0,3,12,13,14,5;0,4,14,15,6,1;1,5,15,16,17,7;1,6,17,18,8;1,7,18,19,9,2;2,8,19,20,10;2,9,20,21,11,3;3,10,21,22,23,12;3,11,23,24,13,4;4,12,24,25,14;4,13,25,26,15,5;5,14,26,27,16,6;6,15,27,28,17;6,16,28,29,18,7;7,17,29,30,19,8;8,18,30,31,20,9;9,19,31,32,21,10;10,20,32,22,11;11,21,32,33,34,23;11,22,34,24,12;12,23,34,35,25,13;13,24,35,36,26,14;14,25,36,27,15;15,26,36,37,28,16;16,27,37,38,29,17;17,28,38,30,18;18,29,38,39,31,19;19,30,39,32,20;20,31,39,33,22,21;22,32,39,40,41,34;22,33,41,35,24,23;24,34,41,36,25;25,35,41,37,27,26;27,36,41,40,38,28;28,37,40,39,30,29;30,38,40,33,32,31;33,39,38,37,41;33,40,37,36,35,34
ipr#913 48 1,2,3,4,5,6;0,6,7,8,9,2;0,1,9,10,3;0,2,10,11,12,4;0,3,12,13,14,5;0,4,14,15,16,6;0,5,16,17,7,1;1,6,17,18,8;1,7,18,19,20,9;1,8,20,21,10,2;2,9,21,22,11,3;3,10,22,23,12;3,11,23,24,13,4;4,12,24,25,26,14;4,13,26,27,15,5;5,14,27,28,29,16;5,15,29,17,6;6,16,29,30,18,7;7,17,30,31,19,8;8,18,31,32,33,20;8,19,33,21,9;9,20,33,34,22,10;10,21,34,35,23,11;11,22,35,36,24,12;12,23,36,25,13;13,24,36,37,38,26;13,25,38,27,14;14,26,38,39,28,15;15,27,39,40,41,29;15,28,41,30,17,16;17,29,41,42,31,18;18,30,42,32,19;19,31,42,43,44,33;19,32,44,34,21,20;21,33,44,45,35,22;22,34,45,36,23;23,35,45,37,25,24;25,36,45,46,47,38;25,37,47,39,27,26;27,38,47,40,28;28,39,47,43,42,41;28,40,42,30,29;30,41,40,43,32,31;32,42,40,47,46,44;32,43,46,45,34,33;34,44,46,37,36,35;37,45,44,43,47;37,46,43,40,39,38
ipr#915 52 1,2,3,4,5,6;0,6,7,8,9,2;0,1,9,10,11,3;0,2,11,12,13,4;0,3,13,14,15,5;0,4,15,16,17,6;0,5,17,18,7,1;1,6,18,19,8;1,7,19,20,21,9;1,8,21,10,2;2,9,21,22,23,11;2,10,23,24,12,3;3,11,24,25,13;3,12,25,26,14,4;4,13,26,27,28,15;4,14,28,29,16,5;5,15,29,30,31,17;5,16,31,18,6;6,17,31,32,19,7;7,18,32,33,20,8;8,19,33,34,35,21;8,20,35,22,10,9;10,21,35,36,23;10,22,36,37,24,11;11,23,37,38,25,12;12,24,38,39,26,13;13,25,39,27,14;14,26,39,40,41,28;14,27,41,29,15;15,28,41,42,30,16;16,29,42,43,44,31;16,30,44,32,18,17;18,31,44,33,19;19,32,44,45,34,20;20,33,45,46,35;20,34,46,36,22,21;22,35,46,47,37,23;23,36,47,48,38,24;24,37,48,39,25;25,38,48,40,27,26;27,39,48,49,50,41;27,40,50,42,29,28;29,41,50,43,30;30,42,50,51,45,44;30,43,45,33,32,31;33,44,43,51,46,34;34,45,51,47,36,35;36,46,51,49,48,37;37,47,49,40,39,38;40,48,47,51,50;40,49,51,43,42,41;43,50,49,47,46,45
ipr#917 48 1,2,3,4,5;0,5,6,7,8,2;0,1,8,9,10,3;0,2,10,11,12,4;0,3,12,13,14,5;0,4,14,15,6,1;1,5,15,16,7;1,6,16,17,18,8;1,7,18,19,9,2;2,8,19,20,21,10;2,9,21,22,11,3;3,10,22,23,24,12;3,11,24,25,13,4;4,12,25,26,27,14;4,13,27,15,5;5,14,27,28,16,6;6,15,28,29,17,7;7,16,29,30,18;7,17,30,31,19,8;8,18,31,20,9;9,19,31,32,33,21;9,20,33,34,22,10;10,21,34,23,11;11,22,34,35,36,24;11,23,36,25,12;12,24,36,37,26,13;13,25,37,38,39,27;13,26,39,28,15,14;15,27,39,40,29,16;16,28,40,41,30,17;17,29,41,42,31,18;18,30,42,32,20,19;20,31,42,43,44,33;20,32,44,34,21;21,33,44,35,23,22;23,34,44,45,46,36;23,35,46,37,25,24;25,36,46,38,26;26,37,46,47,40,39;26,38,40,28,27;28,39,38,47,41,29;29,40,47,43,42,30;30,41,43,32,31;32,42,41,47,45,44;32,43,45,35,34,33;35,44,43,47,46;35,45,47,38,37,36;38,46,45,43,41,40
ipr#919 48 1,2,3,4,5;0,5,6,7,8,2;0,1,8,9,10,3;0,2,10,11,12,4;0,3,12,13,14,5;0,4,14,15,6,1;1,5,15,16,7;1,6,16,17,18,8;1,7,18,19,9,2;2,8,19,20,10;2,9,20,21,11,3;3,10,21,22,23,12;3,11,23,24,13,4;4,12,24,25,26,14;4,13,26,15,5;5,14,26,27,16,6;6,15,27,28,17,7;7,16,28,29,30,18;7,17,30,31,19,8;8,18,31,32,20,9;9,19,32,33,21,10;10,20,33,22,11;11,21,33,34,35,23;11,22,35,24,12;12,23,35,36,25,13;13,24,36,37,38,26;13,25,38,27,15,14;15,26,38,39,28,16;16,27,39,29,17;17,28,39,40,41,30;17,29,41,31,18;18,30,41,42,32,19;19,31,42,43,33,20;20,32,43,34,22,21;22,33,43,44,45,35;22,34,45,36,24,23;24,35,45,46,37,25;25,36,46,40,39,38;25,37,39,27,26;27,38,37,40,29,28;29,39,37,46,47,41;29,40,47,42,31,30;31,41,47,44,43,32;32,42,44,34,33;34,43,42,47,46,45;34,44,46,36,35;36,45,44,47,40,37;40,46,44,42,41
ipr#921 51 1,2,3,4,5;0,5,6,7,8,2;0,1,8,9,10,3;0,2,10,11,12,4;0,3,12,13,14,5;0,4,14,15,6,1;1,5,15,16,7;1,6,16,17,18,8;1,7,18,19,9,2;2,8,19,20,21,10;2,9,21,22,11,3;3,10,22,23,24,12;3,11,24,25,13,4;4,12,25,26,27,14;4,13,27,15,5;5,14,27,28,16,6;6,15,28,29,17,7;7,16,29,30,18;7,17,30,31,19,8;8,18,31,20,9;9,19,31,32,33,21;9,20,33,34,22,10;10,21,34,23,11;11,22,34,35,36,24;11,23,36,25,12;12,24,36,37,26,13;13,25,37,38,39,27;13,26,39,28,15,14;15,27,39,40,29,16;16,28,40,41,30,17;17,29,41,42,31,18;18,30,42,32,20,19;20,31,42,43,44,33;20,32,44,45,34,21;21,33,45,35,23,22;23,34,45,46,47,36;23,35,47,37,25,24;25,36,47,48,38,26;26,37,48,49,40,39;26,38,40,28,27;28,39,38,49,41,29;29,40,49,43,42,30;30,41,43,32,31;32,42,41,49,50,44;32,43,50,46,45,33;33,44,46,35,34;35,45,44,50,48,47;35,46,48,37,36;37,47,46,50,49,38;38,48,50,43,41,40;43,49,48,46,44
ipr#923 48 1,2,3,4,5;0,5,6,7,8,2;0,1,8,9,10,3;0,2,10,11,12,4;0,3,12,13,14,5;0,4,14,15,6,1;1,5,15,16,7;1,6,16,17,18,8;1,7,18,19,9,2;2,8,19,20,10;2,9,20,21,11,3;3,10,21,22,23,12;3,11,23,24,13,4;4,12,24,25,26,14;4,13,26,15,5;5,14,26,27,16,6;6,15,27,28,17,7;7,16,28,29,30,18;7,17,30,31,19,8;8,18,31,32,20,9;9,19,32,33,21,10;10,20,33,22,11;11,21,33,34,35,23;11,22,35,24,12;12,23,35,36,25,13;13,24,36,37,38,26;13,25,38,27,15,14;15,26,38,39,28,16;16,27,39,29,17;17,28,39,40,41,30;17,29,41,42,31,18;18,30,42,43,32,19;19,31,43,33,20;20,32,43,34,22,21;22,33,43,44,45,35;22,34,45,36,24,23;24,35,45,46,37,25;25,36,46,40,39,38;25,37,39,27,26;27,38,37,40,29,28;29,39,37,46,47,41;29,40,47,42,30;30,41,47,44,43,31;31,42,44,34,33,32;34,43,42,47,45;34,44,47,46,36,35;36,45,47,40,37;40,46,45,44,42,41
ipr#925 51 1,2,3,4,5;0,5,6,7,8,2;0,1,8,9,10,3;0,2,10,11,12,4;0,3,12,13,14,5;0,4,14,15,6,1;1,5,15,16,17,7;1,6,17,18,19,8;1,7,19,20,9,2;2,8,20,21,10;2,9,21,22,11,3;3,10,22,23,24,12;3,11,24,25,13,4;4,12,25,26,27,14;4,13,27,15,5;5,14,27,28,16,6;6,15,28,29,30,17;6,16,30,18,7;7,17,30,31,32,19;7,18,32,33,20,8;8,19,33,34,21,9;9,20,34,35,22,10;10,21,35,23,11;11,22,35,36,37,24;11,23,37,25,12;12,24,37,38,26,13;13,25,38,39,40,27;13,26,40,28,15,14;15,27,40,41,29,16;16,28,41,42,30;16,29,42,31,18,17;18,30,42,43,32;18,31,43,44,33,19;19,32,44,45,34,20;20,33,45,35,21;21,34,45,36,23,22;23,35,45,46,47,37;23,36,47,38,25,24;25,37,47,48,39,26;26,38,48,49,41,40;26,39,41,28,27;28,40,39,49,42,29;29,41,49,43,31,30;31,42,49,50,44,32;32,43,50,46,45,33;33,44,46,36,35,34;36,45,44,50,47;36,46,50,48,38,37;38,47,50,49,39;39,48,50,43,42,41;43,49,48,47,46,44
ipr#927 52 1,2,3,4,5;0,5,6,7,8,2;0,1,8,9,10,3;0,2,10,11,12,4;0,3,12,13,14,5;0,4,14,15,6,1;1,5,15,16,17,7;1,6,17,18,19,8;1,7,19,20,9,2;2,8,20,21,10;2,9,21,22,11,3;3,10,22,23,24,12;3,11,24,25,13,4;4,12,25,26,27,14;4,13,27,15,5;5,14,27,28,16,6;6,15,28,29,17;6,16,29,30,18,7;7,17,30,31,32,19;7,18,32,33,20,8;8,19,33,34,21,9;9,20,34,35,22,10;10,21,35,23,11;11,22,35,36,37,24;11,23,37,25,12;12,24,37,38,26,13;13,25,38,39,40,27;13,26,40,28,15,14;15,27,40,41,29,16;16,28,41,42,30,17;17,29,42,31,18;18,30,42,43,44,32;18,31,44,45,33,19;19,32,45,46,34,20;20,33,46,35,21;21,34,46,36,23,22;23,35,46,47,48,37;23,36,48,38,25,24;25,37,48,49,39,26;26,38,49,50,40;26,39,50,41,28,27;28,40,50,42,29;29,41,50,43,31,30;31,42,50,49,51,44;31,43,51,45,32;32,44,51,47,46,33;33,45,47,36,35,34;36,46,45,51,48;36,47,51,49,38,37;38,48,51,43,50,39;39,49,43,42,41,40;43,49,48,47,45,44
ipr#929 52 1,2,3,4,5,6;0,6,7,8,9,2;0,1,9,10,3;0,2,10,11,12,4;0,3,12,13,14,5;0,4,14,15,16,6;0,5,16,17,7,1;1,6,17,18,8;1,7,18,19,20,9;1,8,20,21,10,2;2,9,21,22,11,3;3,10,22,23,12;3,11,23,24,13,4;4,12,24,25,26,14;4,13,26,27,15,5;5,14,27,28,29,16;5,15,29,30,17,6;6,16,30,31,18,7;7,17,31,32,19,8;8,18,32,33,34,20;8,19,34,21,9;9,20,34,35,22,10;10,21,35,36,23,11;11,22,36,37,24,12;12,23,37,25,13;13,24,37,38,39,26;13,25,39,27,14;14,26,39,40,28,15;15,27,40,41,42,29;15,28,42,43,30,16;16,29,43,31,17;17,30,43,44,32,18;18,31,44,33,19;19,32,44,45,46,34;19,33,46,35,21,20;21,34,46,47,36,22;22,35,47,37,23;23,36,47,38,25,24;25,37,47,48,49,39;25,38,49,40,27,26;27,39,49,41,28;28,40,49,50,51,42;28,41,51,43,29;29,42,51,44,31,30;31,43,51,45,33,32;33,44,51,50,48,46;33,45,48,47,35,34;35,46,48,38,37,36;38,47,46,45,50,49;38,48,50,41,40,39;41,49,48,45,51;41,50,45,44,43,42
ipr#931 52 1,2,3,4,5;0,5,6,7,8,2;0,1,8,9,10,3;0,2,10,11,12,4;0,3,12,13,14,5;0,4,14,15,6,1;1,5,15,16,7;1,6,16,17,18,8;1,7,18,19,9,2;2,8,19,20,10;2,9,20,21,11,3;3,10,21,22,23,12;3,11,23,24,13,4;4,12,24,25,26,14;4,13,26,27,15,5;5,14,27,28,16,6;6,15,28,29,17,7;7,16,29,30,31,18;7,17,31,32,19,8;8,18,32,33,20,9;9,19,33,34,21,10;10,20,34,22,11;11,21,34,35,36,23;11,22,36,37,24,12;12,23,37,25,13;13,24,37,38,39,26;13,25,39,27,14;14,26,39,40,28,15;15,27,40,41,29,16;16,28,41,30,17;17,29,41,42,43,31;17,30,43,32,18;18,31,43,44,33,19;19,32,44,34,20;20,33,44,35,22,21;22,34,44,45,46,36;22,35,46,47,37,23;23,36,47,38,25,24;25,37,47,48,49,39;25,38,49,40,27,26;27,39,49,50,41,28;28,40,50,42,30,29;30,41,50,51,45,43;30,42,45,44,32,31;32,43,45,35,34,33;35,44,43,42,51,46;35,45,51,48,47,36;36,46,48,38,37;38,47,46,51,50,49;38,48,50,40,39;40,49,48,51,42,41;42,50,48,46,45
ipr#933 49 1,2,3,4,5;0,5,6,7,8,2;0,1,8,9,10,3;0,2,10,11,12,4;0,3,12,13,14,5;0,4,14,15,6,1;1,5,15,16,17,7;1,6,17,18,19,8;1,7,19,20,9,2;2,8,20,21,10;2,9,21,22,11,3;3,10,22,23,24,12;3,11,24,25,13,4;4,12,25,26,27,14;4,13,27,15,5;5,14,27,28,16,6;6,15,28,29,30,17;6,16,30,18,7;7,17,30,31,32,19;7,18,32,33,20,8;8,19,33,34,21,9;9,20,34,35,22,10;10,21,35,23,11;11,22,35,36,37,24;11,23,37,25,12;12,24,37,38,26,13;13,25,38,39,40,27;13,26,40,28,15,14;15,27,40,41,29,16;16,28,41,42,30;16,29,42,31,18,17;18,30,42,43,32;18,31,43,44,33,19;19,32,44,45,34,20;20,33,45,35,21;21,34,45,36,23,22;23,35,45,46,47,37;23,36,47,38,25,24;25,37,47,39,26;26,38,47,48,41,40;26,39,41,28,27;28,40,39,48,42,29;29,41,48,43,31,30;31,42,48,46,44,32;32,43,46,45,33;33,44,46,36,35,34;36,45,44,43,48,47;36,46,48,39,38,37;39,47,46,43,42,41
ipr#935 52 1,2,3,4,5;0,5,6,7,8,2;0,1,8,9,10,3;0,2,10,11,12,4;0,3,12,13,14,5;0,4,14,15,6,1;1,5,15,16,17,7;1,6,17,18,19,8;1,7,19,20,9,2;2,8,20,21,10;2,9,21,22,11,3;3,10,22,23,24,12;3,11,24,25,13,4;4,12,25,26,27,14;4,13,27,15,5;5,14,27,28,16,6;6,15,28,29,30,17;6,16,30,18,7;7,17,30,31,32,19;7,18,32,33,20,8;8,19,33,34,21,9;9,20,34,35,22,10;10,21,35,23,11;11,22,35,36,37,24;11,23,37,25,12;12,24,37,38,26,13;13,25,38,39,40,27;13,26,40,28,15,14;15,27,40,41,29,16;16,28,41,42,30;16,29,42,31,18,17;18,30,42,43,32;18,31,43,44,33,19;19,32,44,45,34,20;20,33,45,35,21;21,34,45,36,23,22;23,35,45,46,47,37;23,36,47,38,25,24;25,37,47,39,26;26,38,47,48,49,40;26,39,49,41,28,27;28,40,49,50,42,29;29,41,50,43,31,30;31,42,50,51,44,32;32,43,51,46,45,33;33,44,46,36,35,34;36,45,44,51,48,47;36,46,48,39,38,37;39,47,46,51,50,49;39,48,50,41,40;41,49,48,51,43,42;43,50,48,46,44
ipr#937 52 1,2,3,4,5;0,5,6,7,8,2;0,1,8,9,10,3;0,2,10,11,12,4;0,3,12,13,14,5;0,4,14,15,6,1;1,5,15,16,17,7;1,6,17,18,19,8;1,7,19,20,9,2;2,8,20,21,10;2,9,21,22,11,3;3,10,22,23,24,12;3,11,24,25,13,4;4,12,25,26,27,14;4,13,27,15,5;5,14,27,28,16,6;6,15,28,29,30,17;6,16,30,18,7;7,17,30,31,32,19;7,18,32,33,20,8;8,19,33,34,21,9;9,20,34,35,22,10;10,21,35,23,11;11,22,35,36,37,24;11,23,37,25,12;12,24,37,38,26,13;13,25,38,39,40,27;13,26,40,28,15,14;15,27,40,41,29,16;16,28,41,42,30;16,29,42,31,18,17;18,30,42,43,32;18,31,43,44,33,19;19,32,44,45,34,20;20,33,45,46,35,21;21,34,46,36,23,22;23,35,46,47,48,37;23,36,48,38,25,24;25,37,48,49,39,26;26,38,49,50,41,40;26,39,41,28,27;28,40,39,50,42,29;29,41,50,43,31,30;31,42,50,51,44,32;32,43,51,45,33;33,44,51,47,46,34;34,45,47,36,35;36,46,45,51,49,48;36,47,49,38,37;38,48,47,51,50,39;39,49,51,43,42,41;43,50,49,47,45,44
ipr#939 47 1,2,3,4,5;0,5,6,7,8,2;0,1,8,9,10,3;0,2,10,11,12,4;0,3,12,13,14,5;0,4,14,15,6,1;1,5,15,16,17,7;1,6,17,18,19,8;1,7,19,20,9,2;2,8,20,21,10;2,9,21,22,11,3;3,10,22,23,24,12;3,11,24,25,13,4;4,12,25,26,14;4,13,26,27,15,5;5,14,27,28,16,6;6,15,28,29,17;6,16,29,30,18,7;7,17,30,31,32,19;7,18,32,20,8;8,19,32,33,21,9;9,20,33,34,22,10;10,21,34,23,11;11,22,34,35,36,24;11,23,36,37,25,12;12,24,37,38,26,13;13,25,38,39,27,14;14,26,39,28,15;15,27,39,40,29,16;16,28,40,41,30,17;17,29,41,31,18;18,30,41,42,43,32;18,31,43,33,20,19;20,32,43,34,21;21,33,43,35,23,22;23,34,43,42,44,36;23,35,44,37,24;24,36,44,45,38,25;25,37,45,39,26;26,38,45,40,28,27;28,39,45,46,41,29;29,40,46,42,31,30;31,41,46,44,35,43;31,42,35,34,33,32;35,42,46,45,37,36;37,44,46,40,39,38;40,45,44,42,41
ipr#941 50 1,2,3,4,5,6;0,6,7,8,9,2;0,1,9,10,11,3;0,2,11,12,13,4;0,3,13,14,5;0,4,14,15,16,6;0,5,16,17,7,1;1,6,17,18,19,8;1,7,19,20,21,9;1,8,21,22,10,2;2,9,22,23,11;2,10,23,24,12,3;3,11,24,25,26,13;3,12,26,27,14,4;4,13,27,28,15,5;5,14,28,29,16;5,15,29,30,17,6;6,16,30,31,18,7;7,17,31,32,19;7,18,32,33,20,8;8,19,33,34,35,21;8,20,35,22,9;9,21,35,36,23,10;10,22,36,37,24,11;11,23,37,25,12;12,24,37,38,39,26;12,25,39,27,13;13,26,39,40,28,14;14,27,40,41,29,15;15,28,41,42,30,16;16,29,42,31,17;17,30,42,43,32,18;18,31,43,44,33,19;19,32,44,34,20;20,33,44,45,46,35;20,34,46,36,22,21;22,35,46,37,23;23,36,46,38,25,24;25,37,46,45,47,39;25,38,47,40,27,26;27,39,47,48,41,28;28,40,48,42,29;29,41,48,43,31,30;31,42,48,49,44,32;32,43,49,45,34,33;34,44,49,47,38,46;34,45,38,37,36,35;38,45,49,48,40,39;40,47,49,43,42,41;43,48,47,45,44
ipr#943 50 1,2,3,4,5;0,5,6,7,8,2;0,1,8,9,10,3;0,2,10,11,12,4;0,3,12,13,14,5;0,4,14,15,6,1;1,5,15,16,17,7;1,6,17,18,19,8;1,7,19,20,9,2;2,8,20,21,10;2,9,21,22,11,3;3,10,22,23,24,12;3,11,24,25,13,4;4,12,25,26,14;4,13,26,27,15,5;5,14,27,28,16,6;6,15,28,29,17;6,16,29,30,18,7;7,17,30,31,32,19;7,18,32,33,20,8;8,19,33,34,21,9;9,20,34,35,22,10;10,21,35,23,11;11,22,35,36,37,24;11,23,37,38,25,12;12,24,38,39,26,13;13,25,39,40,27,14;14,26,40,28,15;15,27,40,41,29,16;16,28,41,42,30,17;17,29,42,31,18;18,30,42,43,44,32;18,31,44,33,19;19,32,44,45,34,20;20,33,45,35,21;21,34,45,36,23,22;23,35,45,46,47,37;23,36,47,38,24;24,37,47,48,39,25;25,38,48,40,26;26,39,48,41,28,27;28,40,48,49,42,29;29,41,49,43,31,30;31,42,49,46,44;31,43,46,45,33,32;33,44,46,36,35,34;36,45,44,43,49,47;36,46,49,48,38,37;38,47,49,41,40,39;41,48,47,46,43,42
ipr#945 50 1,2,3,4,5;0,5,6,7,8,2;0,1,8,9,10,3;0,2,10,11,12,4;0,3,12,13,14,5;0,4,14,15,6,1;1,5,15,16,17,7;1,6,17,18,19,8;1,7,19,20,9,2;2,8,20,21,10;2,9,21,22,11,3;3,10,22,23,24,12;3,11,24,25,13,4;4,12,25,26,14;4,13,26,27,15,5;5,14,27,28,16,6;6,15,28,29,17;6,16,29,30,18,7;7,17,30,31,32,19;7,18,32,20,8;8,19,32,33,21,9;9,20,33,34,22,10;10,21,34,35,23,11;11,22,35,36,24;11,23,36,37,25,12;12,24,37,38,26,13;13,25,38,39,27,14;14,26,39,28,15;15,27,39,40,29,16;16,28,40,41,30,17;17,29,41,31,18;18,30,41,42,43,32;18,31,43,33,20,19;20,32,43,34,21;21,33,43,44,35,22;22,34,44,45,36,23;23,35,45,46,37,24;24,36,46,38,25;25,37,46,47,39,26;26,38,47,40,28,27;28,39,47,48,41,29;29,40,48,42,31,30;31,41,48,49,44,43;31,42,44,34,33,32;34,43,42,49,45,35;35,44,49,46,36;36,45,49,47,38,37;38,46,49,48,40,39;40,47,49,42,41;42,48,47,46,45,44
ipr#947 51 1,2,3,4,5;0,5,6,7,8,2;0,1,8,9,10,3;0,2,10,11,12,4;0,3,12,13,14,5;0,4,14,15,6,1;1,5,15,16,17,7;1,6,17,18,19,8;1,7,19,20,9,2;2,8,20,21,22,10;2,9,22,11,3;3,10,22,23,24,12;3,11,24,25,13,4;4,12,25,26,27,14;4,13,27,15,5;5,14,27,28,16,6;6,15,28,29,17;6,16,29,30,18,7;7,17,30,31,32,19;7,18,32,20,8;8,19,32,33,21,9;9,20,33,34,35,22;9,21,35,23,11,10;11,22,35,36,37,24;11,23,37,38,25,12;12,24,38,26,13;13,25,38,39,40,27;13,26,40,28,15,14;15,27,40,41,29,16;16,28,41,42,30,17;17,29,42,31,18;18,30,42,43,44,32;18,31,44,33,20,19;20,32,44,34,21;21,33,44,45,36,35;21,34,36,23,22;23,35,34,45,46,37;23,36,46,47,38,24;24,37,47,39,26,25;26,38,47,48,40;26,39,48,41,28,27;28,40,48,49,42,29;29,41,49,43,31,30;31,42,49,50,45,44;31,43,45,34,33,32;34,44,43,50,46,36;36,45,50,47,37;37,46,50,48,39,38;39,47,50,49,41,40;41,48,50,43,42;43,49,48,47,46,45
ipr#949 47 1,2,3,4,5;0,5,6,7,8,2;0,1,8,9,10,3;0,2,10,11,12,4;0,3,12,13,14,5;0,4,14,15,6,1;1,5,15,16,7;1,6,16,17,18,8;1,7,18,19,9,2;2,8,19,20,21,10;2,9,21,22,11,3;3,10,22,23,12;3,11,23,24,13,4;4,12,24,25,14;4,13,25,26,15,5;5,14,26,27,16,6;6,15,27,28,17,7;7,16,28,29,30,18;7,17,30,19,8;8,18,30,31,20,9;9,19,31,32,21;9,20,32,33,22,10;10,21,33,34,23,11;11,22,34,35,24,12;12,23,35,36,25,13;13,24,36,37,26,14;14,25,37,27,15;15,26,37,38,28,16;16,27,38,39,29,17;17,28,39,40,30;17,29,40,31,19,18;19,30,40,41,32,20;20,31,41,42,33,21;21,32,42,34,22;22,33,42,43,35,23;23,34,43,44,36,24;24,35,44,37,25;25,36,44,38,27,26;27,37,44,45,39,28;28,38,45,46,40,29;29,39,46,41,31,30;31,40,46,42,32;32,41,46,43,34,33;34,42,46,45,44,35;35,43,45,38,37,36;38,44,43,46,39;39,45,43,42,41,40
ipr#951 50 1,2,3,4,5;0,5,6,7,8,2;0,1,8,9,10,3;0,2,10,11,12,4;0,3,12,13,14,5;0,4,14,15,6,1;1,5,15,16,7;1,6,16,17,18,8;1,7,18,19,9,2;2,8,19,20,21,10;2,9,21,22,11,3;3,10,22,23,24,12;3,11,24,25,13,4;4,12,25,26,14;4,13,26,27,15,5;5,14,27,28,16,6;6,15,28,29,17,7;7,16,29,30,31,18;7,17,31,19,8;8,18,31,32,20,9;9,19,32,33,21;9,20,33,34,22,10;10,21,34,35,23,11;11,22,35,36,24;11,23,36,37,25,12;12,24,37,38,26,13;13,25,38,39,27,14;14,26,39,28,15;15,27,39,40,29,16;16,28,40,41,30,17;17,29,41,42,31;17,30,42,32,19,18;19,31,42,43,33,20;20,32,43,44,34,21;21,33,44,35,22;22,34,44,45,36,23;23,35,45,46,37,24;24,36,46,47,38,25;25,37,47,39,26;26,38,47,40,28,27;28,39,47,48,41,29;29,40,48,49,42,30;30,41,49,43,32,31;32,42,49,44,33;33,43,49,45,35,34;35,44,49,48,46,36;36,45,48,47,37;37,46,48,40,39,38;40,47,46,45,49,41;41,48,45,44,43,42
ipr#953 51 1,2,3,4,5;0,5,6,7,8,2;0,1,8,9,10,3;0,2,10,11,12,4;0,3,12,13,14,5;0,4,14,15,6,1;1,5,15,16,7;1,6,16,17,18,8;1,7,18,19,9,2;2,8,19,20,21,10;2,9,21,22,11,3;3,10,22,23,12;3,11,23,24,13,4;4,12,24,25,26,14;4,13,26,27,15,5;5,14,27,28,16,6;6,15,28,29,17,7;7,16,29,30,31,18;7,17,31,19,8;8,18,31,32,20,9;9,19,32,33,21;9,20,33,34,22,10;10,21,34,35,23,11;11,22,35,36,24,12;12,23,36,25,13;13,24,36,37,38,26;13,25,38,39,27,14;14,26,39,28,15;15,27,39,40,29,16;16,28,40,41,30,17;17,29,41,42,31;17,30,42,32,19,18;19,31,42,43,33,20;20,32,43,44,34,21;21,33,44,35,22;22,34,44,45,36,23;23,35,45,37,25,24;25,36,45,46,47,38;25,37,47,39,26;26,38,47,40,28,27;28,39,47,48,41,29;29,40,48,49,42,30;30,41,49,43,32,31;32,42,49,50,44,33;33,43,50,45,35,34;35,44,50,46,37,36;37,45,50,49,48,47;37,46,48,40,39,38;40,47,46,49,41;41,48,46,50,43,42;43,49,46,45,44
ipr#955 44 1,2,3,4,5;0,5,6,7,8,2;0,1,8,9,10,3;0,2,10,11,12,4;0,3,12,13,14,5;0,4,14,15,6,1;1,5,15,16,7;1,6,16,17,18,8;1,7,18,19,9,2;2,8,19,20,21,10;2,9,21,11,3;3,10,21,22,23,12;3,11,23,13,4;4,12,23,24,25,14;4,13,25,26,15,5;5,14,26,27,16,6;6,15,27,28,17,7;7,16,28,29,30,18;7,17,30,19,8;8,18,30,31,20,9;9,19,31,32,33,21;9,20,33,22,11,10;11,21,33,34,35,23;11,22,35,24,13,12;13,23,35,36,37,25;13,24,37,38,26,14;14,25,38,27,15;15,26,38,39,28,16;16,27,39,29,17;17,28,39,40,41,30;17,29,41,31,19,18;19,30,41,32,20;20,31,41,42,34,33;20,32,34,22,21;22,33,32,42,36,35;22,34,36,24,23;24,35,34,42,43,37;24,36,43,38,25;25,37,43,39,27,26;27,38,43,40,29,28;29,39,43,42,41;29,40,42,32,31,30;32,41,40,43,36,34;36,42,40,39,38,37
ipr#957 50 1,2,3,4,5,6;0,6,7,8,9,2;0,1,9,10,11,3;0,2,11,12,13,4;0,3,13,14,15,5;0,4,15,16,17,6;0,5,17,18,7,1;1,6,18,19,8;1,7,19,20,21,9;1,8,21,10,2;2,9,21,22,23,11;2,10,23,24,12,3;3,11,24,25,26,13;3,12,26,14,4;4,13,26,27,28,15;4,14,28,16,5;5,15,28,29,30,17;5,16,30,31,18,6;6,17,31,32,19,7;7,18,32,33,20,8;8,19,33,34,21;8,20,34,22,10,9;10,21,34,35,23;10,22,35,36,24,11;11,23,36,25,12;12,24,36,37,38,26;12,25,38,27,14,13;14,26,38,39,40,28;14,27,40,29,16,15;16,28,40,41,42,30;16,29,42,43,31,17;17,30,43,32,18;18,31,43,44,33,19;19,32,44,45,34,20;20,33,45,35,22,21;22,34,45,46,36,23;23,35,46,37,25,24;25,36,46,47,39,38;25,37,39,27,26;27,38,37,47,41,40;27,39,41,29,28;29,40,39,47,48,42;29,41,48,43,30;30,42,48,44,32,31;32,43,48,49,45,33;33,44,49,46,35,34;35,45,49,47,37,36;37,46,49,48,41,39;41,47,49,44,43,42;44,48,47,46,45
ipr#959 51 1,2,3,4,5,6;0,6,7,8,9,2;0,1,9,10,11,3;0,2,11,12,13,4;0,3,13,14,15,5;0,4,15,16,17,6;0,5,17,18,7,1;1,6,18,19,8;1,7,19,20,21,9;1,8,21,10,2;2,9,21,22,23,11;2,10,23,24,12,3;3,11,24,25,26,13;3,12,26,14,4;4,13,26,27,28,15;4,14,28,16,5;5,15,28,29,30,17;5,16,30,31,18,6;6,17,31,32,19,7;7,18,32,33,20,8;8,19,33,34,35,21;8,20,35,22,10,9;10,21,35,36,23;10,22,36,37,24,11;11,23,37,25,12;12,24,37,38,39,26;12,25,39,27,14,13;14,26,39,40,41,28;14,27,41,29,16,15;16,28,41,42,43,30;16,29,43,44,31,17;17,30,44,32,18;18,31,44,45,33,19;19,32,45,34,20;20,33,45,46,47,35;20,34,47,36,22,21;22,35,47,48,37,23;23,36,48,38,25,24;25,37,48,49,40,39;25,38,40,27,26;27,39,38,49,42,41;27,40,42,29,28;29,41,40,49,50,43;29,42,50,44,30;30,43,50,45,32,31;32,44,50,46,34,33;34,45,50,49,48,47;34,46,48,36,35;36,47,46,49,38,37;38,48,46,50,42,40;42,49,46,45,44,43
ipr#961 52 1,2,3,4,5,6;0,6,7,8,9,2;0,1,9,10,3;0,2,10,11,12,4;0,3,12,13,14,5;0,4,14,15,16,6;0,5,16,17,7,1;1,6,17,18,8;1,7,18,19,20,9;1,8,20,21,10,2;2,9,21,22,11,3;3,10,22,23,12;3,11,23,24,13,4;4,12,24,25,26,14;4,13,26,15,5;5,14,26,27,28,16;5,15,28,29,17,6;6,16,29,30,18,7;7,17,30,31,19,8;8,18,31,32,20;8,19,32,33,21,9;9,20,33,34,22,10;10,21,34,35,23,11;11,22,35,36,24,12;12,23,36,37,25,13;13,24,37,38,39,26;13,25,39,27,15,14;15,26,39,40,41,28;15,27,41,42,29,16;16,28,42,30,17;17,29,42,43,31,18;18,30,43,44,32,19;19,31,44,45,33,20;20,32,45,34,21;21,33,45,46,35,22;22,34,46,36,23;23,35,46,47,37,24;24,36,47,38,25;25,37,47,48,40,39;25,38,40,27,26;27,39,38,48,49,41;27,40,49,42,28;28,41,49,43,30,29;30,42,49,50,44,31;31,43,50,51,45,32;32,44,51,46,34,33;34,45,51,47,36,35;36,46,51,48,38,37;38,47,51,50,49,40;40,48,50,43,42,41;43,49,48,51,44;44,50,48,47,46,45
ipr#963 47 1,2,3,4,5;0,5,6,7,8,2;0,1,8,9,10,3;0,2,10,11,12,4;0,3,12,13,14,5;0,4,14,15,6,1;1,5,15,16,17,7;1,6,17,18,19,8;1,7,19,20,9,2;2,8,20,21,10;2,9,21,22,11,3;3,10,22,23,24,12;3,11,24,25,13,4;4,12,25,26,14;4,13,26,27,15,5;5,14,27,16,6;6,15,27,28,29,17;6,16,29,30,18,7;7,17,30,31,19;7,18,31,32,20,8;8,19,32,33,21,9;9,20,33,34,22,10;10,21,34,23,11;11,22,34,35,36,24;11,23,36,25,12;12,24,36,37,26,13;13,25,37,38,27,14;14,26,38,28,16,15;16,27,38,39,40,29;16,28,40,30,17;17,29,40,41,31,18;18,30,41,42,32,19;19,31,42,43,33,20;20,32,43,34,21;21,33,43,35,23,22;23,34,43,44,45,36;23,35,45,37,25,24;25,36,45,39,38,26;26,37,39,28,27;28,38,37,45,46,40;28,39,46,41,30,29;30,40,46,42,31;31,41,46,44,43,32;32,42,44,35,34,33;35,43,42,46,45;35,44,46,39,37,36;39,45,44,42,41,40
ipr#965 50 1,2,3,4,5;0,5,6,7,8,2;0,1,8,9,10,3;0,2,10,11,12,4;0,3,12,13,14,5;0,4,14,15,6,1;1,5,15,16,17,7;1,6,17,18,19,8;1,7,19,20,9,2;2,8,20,21,10;2,9,21,22,11,3;3,10,22,23,24,12;3,11,24,25,13,4;4,12,25,26,27,14;4,13,27,28,15,5;5,14,28,16,6;6,15,28,29,30,17;6,16,30,31,18,7;7,17,31,32,19;7,18,32,33,20,8;8,19,33,34,21,9;9,20,34,35,22,10;10,21,35,23,11;11,22,35,36,37,24;11,23,37,25,12;12,24,37,38,26,13;13,25,38,39,40,27;13,26,40,28,14;14,27,40,29,16,15;16,28,40,41,30;16,29,41,42,31,17;17,30,42,43,32,18;18,31,43,44,33,19;19,32,44,45,34,20;20,33,45,35,21;21,34,45,36,23,22;23,35,45,46,47,37;23,36,47,38,25,24;25,37,47,48,39,26;26,38,48,41,40;26,39,41,29,28,27;29,40,39,48,42,30;30,41,48,49,43,31;31,42,49,44,32;32,43,49,46,45,33;33,44,46,36,35,34;36,45,44,49,47;36,46,49,48,38,37;38,47,49,42,41,39;42,48,47,46,44,43
ipr#967 47 1,2,3,4,5;0,5,6,7,8,2;0,1,8,9,10,3;0,2,10,11,12,4;0,3,12,13,14,5;0,4,14,15,6,1;1,5,15,16,7;1,6,16,17,18,8;1,7,18,19,9,2;2,8,19,20,21,10;2,9,21,11,3;3,10,21,22,23,12;3,11,23,13,4;4,12,23,24,25,14;4,13,25,26,15,5;5,14,26,27,16,6;6,15,27,28,17,7;7,16,28,29,18;7,17,29,30,19,8;8,18,30,31,20,9;9,19,31,32,33,21;9,20,33,22,11,10;11,21,33,34,35,23;11,22,35,24,13,12;13,23,35,36,37,25;13,24,37,38,26,14;14,25,38,39,27,15;15,26,39,28,16;16,27,39,40,29,17;17,28,40,41,30,18;18,29,41,42,31,19;19,30,42,32,20;20,31,42,43,34,33;20,32,34,22,21;22,33,32,43,36,35;22,34,36,24,23;24,35,34,43,44,37;24,36,44,38,25;25,37,44,45,39,26;26,38,45,40,28,27;28,39,45,41,29;29,40,45,46,42,30;30,41,46,43,32,31;32,42,46,44,36,34;36,43,46,45,38,37;38,44,46,41,40,39;41,45,44,43,42
ipr#969 45 1,2,3,4,5;0,5,6,7,8,2;0,1,8,9,10,3;0,2,10,11,12,4;0,3,12,13,14,5;0,4,14,15,6,1;1,5,15,16,7;1,6,16,17,18,8;1,7,18,19,9,2;2,8,19,20,21,10;2,9,21,11,3;3,10,21,22,23,12;3,11,23,24,13,4;4,12,24,25,26,14;4,13,26,15,5;5,14,26,27,16,6;6,15,27,28,17,7;7,16,28,29,30,18;7,17,30,19,8;8,18,30,31,20,9;9,19,31,32,33,21;9,20,33,22,11,10;11,21,33,34,35,23;11,22,35,36,24,12;12,23,36,25,13;13,24,36,37,38,26;13,25,38,27,15,14;15,26,38,39,28,16;16,27,39,29,17;17,28,39,40,41,30;17,29,41,31,19,18;19,30,41,32,20;20,31,41,42,34,33;20,32,34,22,21;22,33,32,42,43,35;22,34,43,36,23;23,35,43,37,25,24;25,36,43,44,38;25,37,44,39,27,26;27,38,44,40,29,28;29,39,44,42,41;29,40,42,32,31,30;32,41,40,44,43,34;34,42,44,37,36,35;37,43,42,40,39,38
ipr#971 51 1,2,3,4,5;0,5,6,7,8,2;0,1,8,9,10,3;0,2,10,11,12,4;0,3,12,13,14,5;0,4,14,15,6,1;1,5,15,16,17,7;1,6,17,18,19,8;1,7,19,20,9,2;2,8,20,21,22,10;2,9,22,11,3;3,10,22,23,24,12;3,11,24,25,13,4;4,12,25,26,27,14;4,13,27,15,5;5,14,27,28,16,6;6,15,28,29,30,17;6,16,30,18,7;7,17,30,31,32,19;7,18,32,20,8;8,19,32,33,21,9;9,20,33,34,35,22;9,21,35,23,11,10;11,22,35,36,37,24;11,23,37,38,25,12;12,24,38,39,26,13;13,25,39,40,27;13,26,40,28,15,14;15,27,40,41,29,16;16,28,41,42,43,30;16,29,43,31,18,17;18,30,43,44,45,32;18,31,45,33,20,19;20,32,45,34,21;21,33,45,46,36,35;21,34,36,23,22;23,35,34,46,47,37;23,36,47,38,24;24,37,47,48,39,25;25,38,48,49,40,26;26,39,49,41,28,27;28,40,49,42,29;29,41,49,50,44,43;29,42,44,31,30;31,43,42,50,46,45;31,44,46,34,33,32;34,45,44,50,47,36;36,46,50,48,38,37;38,47,50,49,39;39,48,50,42,41,40;42,49,48,47,46,44
ipr#973 51 1,2,3,4,5;0,5,6,7,8,2;0,1,8,9,10,3;0,2,10,11,12,4;0,3,12,13,14,5;0,4,14,15,6,1;1,5,15,16,7;1,6,16,17,18,8;1,7,18,19,9,2;2,8,19,20,21,10;2,9,21,11,3;3,10,21,22,23,12;3,11,23,24,13,4;4,12,24,25,26,14;4,13,26,15,5;5,14,26,27,16,6;6,15,27,28,17,7;7,16,28,29,30,18;7,17,30,19,8;8,18,30,31,20,9;9,19,31,32,33,21;9,20,33,22,11,10;11,21,33,34,35,23;11,22,35,36,24,12;12,23,36,37,25,13;13,24,37,38,26;13,25,38,27,15,14;15,26,38,39,28,16;16,27,39,40,29,17;17,28,40,41,42,30;17,29,42,31,19,18;19,30,42,43,32,20;20,31,43,44,34,33;20,32,34,22,21;22,33,32,44,45,35;22,34,45,36,23;23,35,45,46,37,24;24,36,46,47,38,25;25,37,47,39,27,26;27,38,47,48,40,28;28,39,48,41,29;29,40,48,49,43,42;29,41,43,31,30;31,42,41,49,44,32;32,43,49,50,45,34;34,44,50,46,36,35;36,45,50,47,37;37,46,50,48,39,38;39,47,50,49,41,40;41,48,50,44,43;44,49,48,47,46,45
ipr#975 52 1,2,3,4,5;0,5,6,7,8,2;0,1,8,9,10,3;0,2,10,11,12,4;0,3,12,13,14,5;0,4,14,15,6,1;1,5,15,16,17,7;1,6,17,18,19,8;1,7,19,20,9,2;2,8,20,21,22,10;2,9,22,11,3;3,10,22,23,24,12;3,11,24,25,13,4;4,12,25,26,27,14;4,13,27,15,5;5,14,27,28,16,6;6,15,28,29,17;6,16,29,30,18,7;7,17,30,31,32,19;7,18,32,20,8;8,19,32,33,21,9;9,20,33,34,35,22;9,21,35,23,11,10;11,22,35,36,37,24;11,23,37,38,25,12;12,24,38,39,26,13;13,25,39,40,27;13,26,40,28,15,14;15,27,40,41,29,16;16,28,41,42,30,17;17,29,42,43,31,18;18,30,43,44,45,32;18,31,45,33,20,19;20,32,45,34,21;21,33,45,46,36,35;21,34,36,23,22;23,35,34,46,47,37;23,36,47,38,24;24,37,47,48,39,25;25,38,48,49,40,26;26,39,49,41,28,27;28,40,49,42,29;29,41,49,50,43,30;30,42,50,51,44,31;31,43,51,46,45;31,44,46,34,33,32;34,45,44,51,47,36;36,46,51,48,38,37;38,47,51,50,49,39;39,48,50,42,41,40;42,49,48,51,43;43,50,48,47,46,44
ipr#977 48 1,2,3,4,5;0,5,6,7,8,2;0,1,8,9,10,3;0,2,10,11,12,4;0,3,12,13,14,5;0,4,14,15,6,1;1,5,15,16,7;1,6,16,17,18,8;1,7,18,19,9,2;2,8,19,20,21,10;2,9,21,11,3;3,10,21,22,23,12;3,11,23,24,13,4;4,12,24,25,26,14;4,13,26,27,15,5;5,14,27,28,16,6;6,15,28,29,17,7;7,16,29,30,31,18;7,17,31,19,8;8,18,31,32,20,9;9,19,32,33,34,21;9,20,34,22,11,10;11,21,34,35,36,23;11,22,36,37,24,12;12,23,37,25,13;13,24,37,38,39,26;13,25,39,40,27,14;14,26,40,28,15;15,27,40,41,29,16;16,28,41,30,17;17,29,41,42,43,31;17,30,43,32,19,18;19,31,43,33,20;20,32,43,44,35,34;20,33,35,22,21;22,34,33,44,45,36;22,35,45,37,23;23,36,45,38,25,24;25,37,45,46,39;25,38,46,47,40,26;26,39,47,41,28,27;28,40,47,42,30,29;30,41,47,46,44,43;30,42,44,33,32,31;33,43,42,46,45,35;35,44,46,38,37,36;38,45,44,42,47,39;39,46,42,41,40
ipr#979 51 1,2,3,4,5;0,5,6,7,8,2;0,1,8,9,10,3;0,2,10,11,12,4;0,3,12,13,14,5;0,4,14,15,6,1;1,5,15,16,7;1,6,16,17,18,8;1,7,18,19,9,2;2,8,19,20,21,10;2,9,21,11,3;3,10,21,22,23,12;3,11,23,24,13,4;4,12,24,25,26,14;4,13,26,27,15,5;5,14,27,28,16,6;6,15,28,29,17,7;7,16,29,30,18;7,17,30,31,19,8;8,18,31,32,20,9;9,19,32,33,34,21;9,20,34,22,11,10;11,21,34,35,36,23;11,22,36,37,24,12;12,23,37,25,13;13,24,37,38,39,26;13,25,39,40,27,14;14,26,40,41,28,15;15,27,41,29,16;16,28,41,42,30,17;17,29,42,43,31,18;18,30,43,44,32,19;19,31,44,33,20;20,32,44,45,35,34;20,33,35,22,21;22,34,33,45,46,36;22,35,46,37,23;23,36,46,38,25,24;25,37,46,47,39;25,38,47,48,40,26;26,39,48,49,41,27;27,40,49,42,29,28;29,41,49,43,30;30,42,49,50,44,31;31,43,50,45,33,32;33,44,50,47,46,35;35,45,47,38,37,36;38,46,45,50,48,39;39,47,50,49,40;40,48,50,43,42,41;43,49,48,47,45,44
ipr#981 52 1,2,3,4,5;0,5,6,7,8,2;0,1,8,9,10,3;0,2,10,11,12,4;0,3,12,13,14,5;0,4,14,15,6,1;1,5,15,16,17,7;1,6,17,18,19,8;1,7,19,20,9,2;2,8,20,21,22,10;2,9,22,11,3;3,10,22,23,24,12;3,11,24,25,13,4;4,12,25,26,27,14;4,13,27,28,15,5;5,14,28,29,16,6;6,15,29,30,17;6,16,30,31,18,7;7,17,31,32,33,19;7,18,33,20,8;8,19,33,34,21,9;9,20,34,35,36,22;9,21,36,23,11,10;11,22,36,37,38,24;11,23,38,39,25,12;12,24,39,26,13;13,25,39,40,41,27;13,26,41,42,28,14;14,27,42,29,15;15,28,42,43,30,16;16,29,43,44,31,17;17,30,44,32,18;18,31,44,45,46,33;18,32,46,34,20,19;20,33,46,35,21;21,34,46,47,37,36;21,35,37,23,22;23,36,35,47,48,38;23,37,48,39,24;24,38,48,40,26,25;26,39,48,49,50,41;26,40,50,42,27;27,41,50,43,29,28;29,42,50,51,44,30;30,43,51,45,32,31;32,44,51,49,47,46;32,45,47,35,34,33;35,46,45,49,48,37;37,47,49,40,39,38;40,48,47,45,51,50;40,49,51,43,42,41;43,50,49,45,44
ipr#983 49 1,2,3,4,5;0,5,6,7,8,2;0,1,8,9,10,3;0,2,10,11,12,4;0,3,12,13,14,5;0,4,14,15,6,1;1,5,15,16,7;1,6,16,17,18,8;1,7,18,19,9,2;2,8,19,20,21,10;2,9,21,11,3;3,10,21,22,23,12;3,11,23,24,13,4;4,12,24,25,26,14;4,13,26,15,5;5,14,26,27,16,6;6,15,27,28,17,7;7,16,28,29,30,18;7,17,30,31,19,8;8,18,31,32,20,9;9,19,32,33,34,21;9,20,34,22,11,10;11,21,34,35,36,23;11,22,36,37,24,12;12,23,37,25,13;13,24,37,38,39,26;13,25,39,27,15,14;15,26,39,40,28,16;16,27,40,29,17;17,28,40,41,42,30;17,29,42,31,18;18,30,42,43,32,19;19,31,43,33,20;20,32,43,44,35,34;20,33,35,22,21;22,34,33,44,45,36;22,35,45,37,23;23,36,45,38,25,24;25,37,45,46,47,39;25,38,47,40,27,26;27,39,47,41,29,28;29,40,47,48,42;29,41,48,43,31,30;31,42,48,44,33,32;33,43,48,46,45,35;35,44,46,38,37,36;38,45,44,48,47;38,46,48,41,40,39;41,47,46,44,43,42
ipr#985 52 1,2,3,4,5;0,5,6,7,8,2;0,1,8,9,10,3;0,2,10,11,12,4;0,3,12,13,14,5;0,4,14,15,6,1;1,5,15,16,7;1,6,16,17,18,8;1,7,18,19,9,2;2,8,19,20,10;2,9,20,21,11,3;3,10,21,22,23,12;3,11,23,24,13,4;4,12,24,25,26,14;4,13,26,15,5;5,14,26,27,16,6;6,15,27,28,17,7;7,16,28,29,30,18;7,17,30,31,19,8;8,18,31,32,20,9;9,19,32,33,21,10;10,20,33,34,22,11;11,21,34,35,36,23;11,22,36,37,24,12;12,23,37,25,13;13,24,37,38,39,26;13,25,39,27,15,14;15,26,39,40,28,16;16,27,40,29,17;17,28,40,41,42,30;17,29,42,43,31,18;18,30,43,32,19;19,31,43,44,33,20;20,32,44,45,34,21;21,33,45,35,22;22,34,45,46,47,36;22,35,47,37,23;23,36,47,38,25,24;25,37,47,48,49,39;25,38,49,40,27,26;27,39,49,41,29,28;29,40,49,50,42;29,41,50,51,43,30;30,42,51,44,32,31;32,43,51,45,33;33,44,51,46,35,34;35,45,51,50,48,47;35,46,48,38,37,36;38,47,46,50,49;38,48,50,41,40,39;41,49,48,46,51,42;42,50,46,45,44,43
ipr#987 48 1,2,3,4,5;0,5,6,7,8,2;0,1,8,9,10,3;0,2,10,11,12,4;0,3,12,13,14,5;0,4,14,15,6,1;1,5,15,16,7;1,6,16,17,18,8;1,7,18,19,9,2;2,8,19,20,21,10;2,9,21,22,11,3;3,10,22,23,24,12;3,11,24,25,13,4;4,12,25,26,14;4,13,26,27,15,5;5,14,27,28,16,6;6,15,28,29,17,7;7,16,29,30,31,18;7,17,31,19,8;8,18,31,32,20,9;9,19,32,33,34,21;9,20,34,35,22,10;10,21,35,23,11;11,22,35,36,37,24;11,23,37,25,12;12,24,37,38,26,13;13,25,38,39,27,14;14,26,39,40,28,15;15,27,40,29,16;16,28,40,41,30,17;17,29,41,42,31;17,30,42,32,19,18;19,31,42,33,20;20,32,42,43,44,34;20,33,44,35,21;21,34,44,36,23,22;23,35,44,45,46,37;23,36,46,38,25,24;25,37,46,39,26;26,38,46,47,40,27;27,39,47,41,29,28;29,40,47,43,42,30;30,41,43,33,32,31;33,42,41,47,45,44;33,43,45,36,35,34;36,44,43,47,46;36,45,47,39,38,37;39,46,45,43,41,40
ipr#989 51 1,2,3,4,5;0,5,6,7,8,2;0,1,8,9,10,3;0,2,10,11,12,4;0,3,12,13,14,5;0,4,14,15,6,1;1,5,15,16,7;1,6,16,17,18,8;1,7,18,19,9,2;2,8,19,20,21,10;2,9,21,22,11,3;3,10,22,23,24,12;3,11,24,25,13,4;4,12,25,26,14;4,13,26,27,15,5;5,14,27,28,16,6;6,15,28,29,17,7;7,16,29,30,31,18;7,17,31,19,8;8,18,31,32,20,9;9,19,32,33,34,21;9,20,34,35,22,10;10,21,35,23,11;11,22,35,36,37,24;11,23,37,25,12;12,24,37,38,26,13;13,25,38,39,27,14;14,26,39,40,28,15;15,27,40,29,16;16,28,40,41,30,17;17,29,41,42,43,31;17,30,43,32,19,18;19,31,43,33,20;20,32,43,44,45,34;20,33,45,35,21;21,34,45,36,23,22;23,35,45,46,47,37;23,36,47,38,25,24;25,37,47,48,39,26;26,38,48,49,40,27;27,39,49,41,29,28;29,40,49,42,30;30,41,49,50,44,43;30,42,44,33,32,31;33,43,42,50,46,45;33,44,46,36,35,34;36,45,44,50,47;36,46,50,48,38,37;38,47,50,49,39;39,48,50,42,41,40;42,49,48,47,46,44
ipr#991 52 1,2,3,4,5;0,5,6,7,8,2;0,1,8,9,10,3;0,2,10,11,12,4;0,3,12,13,14,5;0,4,14,15,6,1;1,5,15,16,7;1,6,16,17,18,8;1,7,18,9,2;2,8,18,19,20,10;2,9,20,21,11,3;3,10,21,22,23,12;3,11,23,13,4;4,12,23,24,25,14;4,13,25,26,15,5;5,14,26,27,16,6;6,15,27,28,17,7;7,16,28,29,30,18;7,17,30,19,9,8;9,18,30,31,32,20;9,19,32,33,21,10;10,20,33,34,22,11;11,21,34,35,36,23;11,22,36,24,13,12;13,23,36,37,38,25;13,24,38,39,26,14;14,25,39,40,27,15;15,26,40,28,16;16,27,40,41,29,17;17,28,41,42,30;17,29,42,31,19,18;19,30,42,43,32;19,31,43,44,33,20;20,32,44,45,34,21;21,33,45,35,22;22,34,45,46,37,36;22,35,37,24,23;24,36,35,46,47,38;24,37,47,39,25;25,38,47,48,40,26;26,39,48,41,28,27;28,40,48,49,42,29;29,41,49,43,31,30;31,42,49,50,44,32;32,43,50,45,33;33,44,50,46,35,34;35,45,50,51,47,37;37,46,51,48,39,38;39,47,51,49,41,40;41,48,51,50,43,42;43,49,51,46,45,44;46,50,49,48,47
ipr#993 52 1,2,3,4,5;0,5,6,7,8,2;0,1,8,9,10,3;0,2,10,11,12,4;0,3,12,13,14,5;0,4,14,15,6,1;1,5,15,16,7;1,6,16,17,18,8;1,7,18,19,9,2;2,8,19,20,21,10;2,9,21,22,11,3;3,10,22,23,24,12;3,11,24,25,13,4;4,12,25,26,14;4,13,26,27,15,5;5,14,27,28,16,6;6,15,28,29,17,7;7,16,29,30,31,18;7,17,31,19,8;8,18,31,32,20,9;9,19,32,33,34,21;9,20,34,35,22,10;10,21,35,23,11;11,22,35,36,37,24;11,23,37,38,25,12;12,24,38,39,26,13;13,25,39,40,27,14;14,26,40,41,28,15;15,27,41,29,16;16,28,41,42,30,17;17,29,42,43,44,31;17,30,44,32,19,18;19,31,44,33,20;20,32,44,45,46,34;20,33,46,35,21;21,34,46,36,23,22;23,35,46,47,48,37;23,36,48,38,24;24,37,48,49,39,25;25,38,49,40,26;26,39,49,50,41,27;27,40,50,42,29,28;29,41,50,43,30;30,42,50,51,45,44;30,43,45,33,32,31;33,44,43,51,47,46;33,45,47,36,35,34;36,46,45,51,48;36,47,51,49,38,37;38,48,51,50,40,39;40,49,51,43,42,41;43,50,49,48,47,45
ipr#995 52 1,2,3,4,5,6;0,6,7,8,9,2;0,1,9,10,11,3;0,2,11,12,4;0,3,12,13,14,5;0,4,14,15,16,6;0,5,16,17,7,1;1,6,17,18,19,8;1,7,19,20,9;1,8,20,21,10,2;2,9,21,22,11;2,10,22,23,12,3;3,11,23,24,13,4;4,12,24,25,26,14;4,13,26,27,15,5;5,14,27,28,16;5,15,28,29,17,6;6,16,29,30,18,7;7,17,30,31,19;7,18,31,32,20,8;8,19,32,33,21,9;9,20,33,34,22,10;10,21,34,35,23,11;11,22,35,36,24,12;12,23,36,25,13;13,24,36,37,38,26;13,25,38,27,14;14,26,38,39,28,15;15,27,39,40,29,16;16,28,40,41,30,17;17,29,41,42,31,18;18,30,42,43,32,19;19,31,43,44,33,20;20,32,44,45,34,21;21,33,45,35,22;22,34,45,46,36,23;23,35,46,37,25,24;25,36,46,47,48,38;25,37,48,39,27,26;27,38,48,40,28;28,39,48,49,41,29;29,40,49,42,30;30,41,49,50,43,31;31,42,50,44,32;32,43,50,51,45,33;33,44,51,46,35,34;35,45,51,47,37,36;37,46,51,50,49,48;37,47,49,40,39,38;40,48,47,50,42,41;42,49,47,51,44,43;44,50,47,46,45
ipr#997 52 1,2,3,4,5;0,5,6,7,8,2;0,1,8,9,10,3;0,2,10,11,12,4;0,3,12,13,14,5;0,4,14,15,6,1;1,5,15,16,7;1,6,16,17,18,8;1,7,18,19,9,2;2,8,19,20,10;2,9,20,21,11,3;3,10,21,22,23,12;3,11,23,24,13,4;4,12,24,25,26,14;4,13,26,15,5;5,14,26,27,16,6;6,15,27,28,17,7;7,16,28,29,30,18;7,17,30,31,19,8;8,18,31,32,20,9;9,19,32,33,21,10;10,20,33,34,22,11;11,21,34,35,36,23;11,22,36,24,12;12,23,36,37,25,13;13,24,37,38,39,26;13,25,39,27,15,14;15,26,39,40,28,16;16,27,40,29,17;17,28,40,41,42,30;17,29,42,43,31,18;18,30,43,44,32,19;19,31,44,33,20;20,32,44,45,34,21;21,33,45,35,22;22,34,45,46,47,36;22,35,47,37,24,23;24,36,47,38,25;25,37,47,48,49,39;25,38,49,40,27,26;27,39,49,41,29,28;29,40,49,48,50,42;29,41,50,43,30;30,42,50,51,44,31;31,43,51,45,33,32;33,44,51,46,35,34;35,45,51,50,48,47;35,46,48,38,37,36;38,47,46,50,41,49;38,48,41,40,39;41,48,46,51,43,42;43,50,46,45,44
ipr#999 51 1,2,3,4,5,6;0,6,7,8,2;0,1,8,9,10,3;0,2,10,11,12,4;0,3,12,13,14,5;0,4,14,15,16,6;0,5,16,17,7,1;1,6,17,18,19,8;1,7,19,20,9,2;2,8,20,21,22,10;2,9,22,23,11,3;3,10,23,24,12;3,11,24,25,13,4;4,12,25,26,27,14;4,13,27,28,15,5;5,14,28,29,16;5,15,29,30,17,6;6,16,30,18,7;7,17,30,31,32,19;7,18,32,20,8;8,19,32,33,21,9;9,20,33,34,35,22;9,21,35,23,10;10,22,35,36,24,11;11,23,36,37,25,12;12,24,37,26,13;13,25,37,38,39,27;13,26,39,40,28,14;14,27,40,41,29,15;15,28,41,42,30,16;16,29,42,31,18,17;18,30,42,43,44,32;18,31,44,33,20,19;20,32,44,45,34,21;21,33,45,46,47,35;21,34,47,36,23,22;23,35,47,37,24;24,36,47,38,26,25;26,37,47,46,48,39;26,38,48,40,27;27,39,48,49,41,28;28,40,49,42,29;29,41,49,43,31,30;31,42,49,50,45,44;31,43,45,33,32;33,44,43,50,46,34;34,45,50,48,38,47;34,46,38,37,36,35;38,46,50,49,40,39;40,48,50,43,42,41;43,49,48,46,45
ipr#1001 51 1,2,3,4,5,6;0,6,7,8,9,2;0,1,9,10,3;0,2,10,11,12,4;0,3,12,13,14,5;0,4,14,15,16,6;0,5,16,17,7,1;1,6,17,18,8;1,7,18,19,20,9;1,8,20,21,10,2;2,9,21,22,11,3;3,10,22,23,12;3,11,23,24,13,4;4,12,24,25,26,14;4,13,26,27,15,5;5,14,27,28,16;5,15,28,29,17,6;6,16,29,30,18,7;7,17,30,31,19,8;8,18,31,32,33,20;8,19,33,34,21,9;9,20,34,35,22,10;10,21,35,36,23,11;11,22,36,37,24,12;12,23,37,25,13;13,24,37,38,39,26;13,25,39,40,27,14;14,26,40,41,28,15;15,27,41,42,29,16;16,28,42,30,17;17,29,42,43,31,18;18,30,43,32,19;19,31,43,44,45,33;19,32,45,46,34,20;20,33,46,35,21;21,34,46,47,36,22;22,35,47,37,23;23,36,47,38,25,24;25,37,47,48,49,39;25,38,49,40,26;26,39,49,50,41,27;27,40,50,42,28;28,41,50,43,30,29;30,42,50,44,32,31;32,43,50,49,48,45;32,44,48,46,33;33,45,48,47,35,34;35,46,48,38,37,36;38,47,46,45,44,49;38,48,44,50,40,39;40,49,44,43,42,41
ipr#1003 46 1,2,3,4,5;0,5,6,7,8,2;0,1,8,9,10,3;0,2,10,11,12,4;0,3,12,13,14,5;0,4,14,15,6,1;1,5,15,16,17,7;1,6,17,18,8;1,7,18,19,9,2;2,8,19,20,10;2,9,20,21,11,3;3,10,21,22,23,12;3,11,23,13,4;4,12,23,24,25,14;4,13,25,26,15,5;5,14,26,27,16,6;6,15,27,28,17;6,16,28,29,18,7;7,17,29,30,19,8;8,18,30,31,20,9;9,19,31,32,21,10;10,20,32,22,11;11,21,32,33,34,23;11,22,34,24,13,12;13,23,34,35,36,25;13,24,36,26,14;14,25,36,37,27,15;15,26,37,38,28,16;16,27,38,39,29,17;17,28,39,40,30,18;18,29,40,41,31,19;19,30,41,32,20;20,31,41,33,22,21;22,32,41,42,43,34;22,33,43,35,24,23;24,34,43,44,36;24,35,44,37,26,25;26,36,44,38,27;27,37,44,45,39,28;28,38,45,40,29;29,39,45,42,41,30;30,40,42,33,32,31;33,41,40,45,43;33,42,45,44,35,34;35,43,45,38,37,36;38,44,43,42,40,39
ipr#1005 52 1,2,3,4,5,6;0,6,7,8,9,2;0,1,9,10,11,3;0,2,11,12,13,4;0,3,13,14,15,5;0,4,15,16,6;0,5,16,17,7,1;1,6,17,18,19,8;1,7,19,20,9;1,8,20,21,10,2;2,9,21,22,11;2,10,22,23,12,3;3,11,23,24,25,13;3,12,25,14,4;4,13,25,26,27,15;4,14,27,28,16,5;5,15,28,29,17,6;6,16,29,30,18,7;7,17,30,31,32,19;7,18,32,33,20,8;8,19,33,34,21,9;9,20,34,35,22,10;10,21,35,36,23,11;11,22,36,24,12;12,23,36,37,38,25;12,24,38,26,14,13;14,25,38,39,40,27;14,26,40,28,15;15,27,40,41,29,16;16,28,41,30,17;17,29,41,42,31,18;18,30,42,43,32;18,31,43,44,33,19;19,32,44,45,34,20;20,33,45,46,35,21;21,34,46,36,22;22,35,46,37,24,23;24,36,46,47,48,38;24,37,48,39,26,25;26,38,48,49,50,40;26,39,50,41,28,27;28,40,50,42,30,29;30,41,50,49,43,31;31,42,49,51,44,32;32,43,51,45,33;33,44,51,47,46,34;34,45,47,37,36,35;37,46,45,51,48;37,47,51,49,39,38;39,48,51,43,42,50;39,49,42,41,40;43,49,48,47,45,44
ipr#1007 52 1,2,3,4,5,6;0,6,7,8,9,2;0,1,9,10,11,3;0,2,11,12,13,4;0,3,13,14,15,5;0,4,15,16,6;0,5,16,17,7,1;1,6,17,18,19,8;1,7,19,20,9;1,8,20,21,10,2;2,9,21,22,23,11;2,10,23,24,12,3;3,11,24,25,26,13;3,12,26,14,4;4,13,26,27,28,15;4,14,28,29,16,5;5,15,29,30,17,6;6,16,30,31,18,7;7,17,31,32,19;7,18,32,33,20,8;8,19,33,34,21,9;9,20,34,22,10;10,21,34,35,36,23;10,22,36,37,24,11;11,23,37,25,12;12,24,37,38,39,26;12,25,39,27,14,13;14,26,39,40,41,28;14,27,41,29,15;15,28,41,42,30,16;16,29,42,31,17;17,30,42,43,32,18;18,31,43,44,33,19;19,32,44,45,34,20;20,33,45,35,22,21;22,34,45,46,47,36;22,35,47,37,23;23,36,47,38,25,24;25,37,47,48,49,39;25,38,49,40,27,26;27,39,49,50,41;27,40,50,42,29,28;29,41,50,43,31,30;31,42,50,51,44,32;32,43,51,46,45,33;33,44,46,35,34;35,45,44,51,48,47;35,46,48,38,37,36;38,47,46,51,49;38,48,51,50,40,39;40,49,51,43,42,41;43,50,49,48,46,44
ipr#1009 52 1,2,3,4,5,6;0,6,7,8,9,2;0,1,9,10,11,3;0,2,11,12,13,4;0,3,13,14,15,5;0,4,15,16,6;0,5,16,17,7,1;1,6,17,18,19,8;1,7,19,20,21,9;1,8,21,22,10,2;2,9,22,23,11;2,10,23,24,12,3;3,11,24,25,26,13;3,12,26,14,4;4,13,26,27,28,15;4,14,28,29,16,5;5,15,29,30,17,6;6,16,30,31,18,7;7,17,31,32,19;7,18,32,33,20,8;8,19,33,34,21;8,20,34,35,22,9;9,21,35,36,23,10;10,22,36,37,24,11;11,23,37,25,12;12,24,37,38,39,26;12,25,39,27,14,13;14,26,39,40,41,28;14,27,41,29,15;15,28,41,42,30,16;16,29,42,31,17;17,30,42,43,32,18;18,31,43,44,33,19;19,32,44,45,34,20;20,33,45,46,35,21;21,34,46,47,36,22;22,35,47,37,23;23,36,47,38,25,24;25,37,47,48,49,39;25,38,49,40,27,26;27,39,49,50,41;27,40,50,42,29,28;29,41,50,43,31,30;31,42,50,51,44,32;32,43,51,45,33;33,44,51,48,46,34;34,45,48,47,35;35,46,48,38,37,36;38,47,46,45,51,49;38,48,51,50,40,39;40,49,51,43,42,41;43,50,49,48,45,44
ipr#1011 52 1,2,3,4,5,6;0,6,7,8,9,2;0,1,9,10,11,3;0,2,11,12,13,4;0,3,13,14,15,5;0,4,15,16,6;0,5,16,17,7,1;1,6,17,18,19,8;1,7,19,20,9;1,8,20,21,10,2;2,9,21,22,11;2,10,22,23,12,3;3,11,23,24,25,13;3,12,25,26,14,4;4,13,26,27,28,15;4,14,28,29,16,5;5,15,29,30,17,6;6,16,30,31,18,7;7,17,31,32,19;7,18,32,33,20,8;8,19,33,34,21,9;9,20,34,35,22,10;10,21,35,36,23,11;11,22,36,24,12;12,23,36,37,38,25;12,24,38,26,13;13,25,38,39,27,14;14,26,39,40,41,28;14,27,41,29,15;15,28,41,42,30,16;16,29,42,31,17;17,30,42,43,32,18;18,31,43,44,33,19;19,32,44,45,34,20;20,33,45,46,35,21;21,34,46,36,22;22,35,46,37,24,23;24,36,46,47,48,38;24,37,48,39,26,25;26,38,48,49,40,27;27,39,49,50,41;27,40,50,42,29,28;29,41,50,43,31,30;31,42,50,51,44,32;32,43,51,45,33;33,44,51,47,46,34;34,45,47,37,36,35;37,46,45,51,49,48;37,47,49,39,38;39,48,47,51,50,40;40,49,51,43,42,41;43,50,49,47,45,44
ipr#1013 52 1,2,3,4,5,6;0,6,7,8,9,2;0,1,9,10,11,3;0,2,11,12,13,4;0,3,13,14,5;0,4,14,15,16,6;0,5,16,17,7,1;1,6,17,18,19,8;1,7,19,20,9;1,8,20,21,10,2;2,9,21,22,11;2,10,22,23,12,3;3,11,23,24,13;3,12,24,25,14,4;4,13,25,26,15,5;5,14,26,27,28,16;5,15,28,29,17,6;6,16,29,30,18,7;7,17,30,31,19;7,18,31,32,20,8;8,19,32,33,21,9;9,20,33,34,22,10;10,21,34,35,23,11;11,22,35,36,24,12;12,23,36,37,25,13;13,24,37,26,14;14,25,37,38,27,15;15,26,38,39,28;15,27,39,40,29,16;16,28,40,30,17;17,29,40,41,31,18;18,30,41,42,32,19;19,31,42,43,33,20;20,32,43,44,34,21;21,33,44,35,22;22,34,44,45,36,23;23,35,45,46,37,24;24,36,46,38,26,25;26,37,46,47,39,27;27,38,47,48,40,28;28,39,48,41,30,29;30,40,48,49,42,31;31,41,49,43,32;32,42,49,50,44,33;33,43,50,45,35,34;35,44,50,51,46,36;36,45,51,47,38,37;38,46,51,48,39;39,47,51,49,41,40;41,48,51,50,43,42;43,49,51,45,44;45,50,49,48,47,46
ipr#1015 52 1,2,3,4,5;0,5,6,7,8,2;0,1,8,9,10,3;0,2,10,11,12,4;0,3,12,13,14,5;0,4,14,15,6,1;1,5,15,16,17,7;1,6,17,18,19,8;1,7,19,20,9,2;2,8,20,21,10;2,9,21,22,11,3;3,10,22,23,24,12;3,11,24,25,13,4;4,12,25,26,14;4,13,26,27,15,5;5,14,27,16,6;6,15,27,28,29,17;6,16,29,30,18,7;7,17,30,31,19;7,18,31,32,20,8;8,19,32,33,21,9;9,20,33,34,22,10;10,21,34,23,11;11,22,34,35,36,24;11,23,36,37,25,12;12,24,37,38,26,13;13,25,38,39,27,14;14,26,39,28,16,15;16,27,39,40,41,29;16,28,41,42,30,17;17,29,42,43,31,18;18,30,43,44,32,19;19,31,44,45,33,20;20,32,45,34,21;21,33,45,35,23,22;23,34,45,46,47,36;23,35,47,48,37,24;24,36,48,49,38,25;25,37,49,39,26;26,38,49,40,28,27;28,39,49,50,41;28,40,50,51,42,29;29,41,51,43,30;30,42,51,46,44,31;31,43,46,45,32;32,44,46,35,34,33;35,45,44,43,51,47;35,46,51,50,48,36;36,47,50,49,37;37,48,50,40,39,38;40,49,48,47,51,41;41,50,47,46,43,42
ipr#1017 49 1,2,3,4,5;0,5,6,7,8,2;0,1,8,9,10,3;0,2,10,11,12,4;0,3,12,13,14,5;0,4,14,15,6,1;1,5,15,16,17,7;1,6,17,18,8;1,7,18,19,9,2;2,8,19,20,10;2,9,20,21,11,3;3,10,21,22,23,12;3,11,23,13,4;4,12,23,24,25,14;4,13,25,26,15,5;5,14,26,27,16,6;6,15,27,28,29,17;6,16,29,30,18,7;7,17,30,31,19,8;8,18,31,32,20,9;9,19,32,33,21,10;10,20,33,22,11;11,21,33,34,35,23;11,22,35,24,13,12;13,23,35,36,37,25;13,24,37,26,14;14,25,37,38,27,15;15,26,38,39,28,16;16,27,39,40,41,29;16,28,41,30,17;17,29,41,42,31,18;18,30,42,32,19;19,31,42,43,33,20;20,32,43,34,22,21;22,33,43,44,45,35;22,34,45,36,24,23;24,35,45,46,37;24,36,46,38,26,25;26,37,46,39,27;27,38,46,47,40,28;28,39,47,48,41;28,40,48,42,30,29;30,41,48,43,32,31;32,42,48,44,34,33;34,43,48,47,45;34,44,47,46,36,35;36,45,47,39,38,37;39,46,45,44,48,40;40,47,44,43,42,41
ipr#1019 52 1,2,3,4,5;0,5,6,7,8,2;0,1,8,9,10,3;0,2,10,11,12,4;0,3,12,13,14,5;0,4,14,15,6,1;1,5,15,16,17,7;1,6,17,18,8;1,7,18,19,9,2;2,8,19,20,21,10;2,9,21,22,11,3;3,10,22,23,24,12;3,11,24,13,4;4,12,24,25,26,14;4,13,26,27,15,5;5,14,27,28,16,6;6,15,28,29,30,17;6,16,30,31,18,7;7,17,31,32,19,8;8,18,32,33,20,9;9,19,33,34,21;9,20,34,35,22,10;10,21,35,23,11;11,22,35,36,37,24;11,23,37,25,13,12;13,24,37,38,39,26;13,25,39,27,14;14,26,39,40,28,15;15,27,40,41,29,16;16,28,41,42,43,30;16,29,43,31,17;17,30,43,44,32,18;18,31,44,33,19;19,32,44,45,34,20;20,33,45,46,35,21;21,34,46,36,23,22;23,35,46,47,48,37;23,36,48,38,25,24;25,37,48,49,39;25,38,49,40,27,26;27,39,49,41,28;28,40,49,50,42,29;29,41,50,51,43;29,42,51,44,31,30;31,43,51,45,33,32;33,44,51,47,46,34;34,45,47,36,35;36,46,45,51,50,48;36,47,50,49,38,37;38,48,50,41,40,39;41,49,48,47,51,42;42,50,47,45,44,43
ipr#1021 52 1,2,3,4,5;0,5,6,7,8,2;0,1,8,9,10,3;0,2,10,11,12,4;0,3,12,13,14,5;0,4,14,15,6,1;1,5,15,16,17,7;1,6,17,18,19,8;1,7,19,20,9,2;2,8,20,21,10;2,9,21,22,11,3;3,10,22,23,24,12;3,11,24,13,4;4,12,24,25,26,14;4,13,26,27,15,5;5,14,27,28,16,6;6,15,28,29,30,17;6,16,30,18,7;7,17,30,31,32,19;7,18,32,33,20,8;8,19,33,34,21,9;9,20,34,35,22,10;10,21,35,23,11;11,22,35,36,37,24;11,23,37,25,13,12;13,24,37,38,39,26;13,25,39,27,14;14,26,39,40,28,15;15,27,40,29,16;16,28,40,41,42,30;16,29,42,31,18,17;18,30,42,43,32;18,31,43,44,33,19;19,32,44,34,20;20,33,44,45,35,21;21,34,45,36,23,22;23,35,45,46,47,37;23,36,47,38,25,24;25,37,47,48,39;25,38,48,40,27,26;27,39,48,41,29,28;29,40,48,49,50,42;29,41,50,43,31,30;31,42,50,51,44,32;32,43,51,45,34,33;34,44,51,46,36,35;36,45,51,49,47;36,46,49,48,38,37;38,47,49,41,40,39;41,48,47,46,51,50;41,49,51,43,42;43,50,49,46,45,44
ipr#1023 49 1,2,3,4,5;0,5,6,7,8,2;0,1,8,9,10,3;0,2,10,11,12,4;0,3,12,13,14,5;0,4,14,15,6,1;1,5,15,16,17,7;1,6,17,18,8;1,7,18,19,9,2;2,8,19,20,10;2,9,20,21,11,3;3,10,21,22,23,12;3,11,23,24,13,4;4,12,24,25,26,14;4,13,26,27,15,5;5,14,27,28,16,6;6,15,28,29,17;6,16,29,30,18,7;7,17,30,31,19,8;8,18,31,32,20,9;9,19,32,33,21,10;10,20,33,22,11;11,21,33,34,35,23;11,22,35,24,12;12,23,35,36,25,13;13,24,36,37,38,26;13,25,38,27,14;14,26,38,39,28,15;15,27,39,40,29,16;16,28,40,41,30,17;17,29,41,42,31,18;18,30,42,43,32,19;19,31,43,33,20;20,32,43,34,22,21;22,33,43,44,45,35;22,34,45,36,24,23;24,35,45,46,37,25;25,36,46,47,38;25,37,47,39,27,26;27,38,47,40,28;28,39,47,48,41,29;29,40,48,42,30;30,41,48,44,43,31;31,42,44,34,33,32;34,43,42,48,46,45;34,44,46,36,35;36,45,44,48,47,37;37,46,48,40,39,38;40,47,46,44,42,41
ipr#1025 52 1,2,3,4,5,6;0,6,7,8,9,2;0,1,9,10,11,3;0,2,11,12,13,4;0,3,13,14,15,5;0,4,15,16,6;0,5,16,17,7,1;1,6,17,18,19,8;1,7,19,20,9;1,8,20,21,10,2;2,9,21,22,11;2,10,22,23,12,3;3,11,23,24,25,13;3,12,25,14,4;4,13,25,26,27,15;4,14,27,28,16,5;5,15,28,29,17,6;6,16,29,30,18,7;7,17,30,31,19;7,18,31,32,20,8;8,19,32,33,21,9;9,20,33,34,22,10;10,21,34,35,23,11;11,22,35,36,24,12;12,23,36,37,25;12,24,37,26,14,13;14,25,37,38,27;14,26,38,39,28,15;15,27,39,40,29,16;16,28,40,30,17;17,29,40,41,31,18;18,30,41,42,32,19;19,31,42,43,33,20;20,32,43,44,34,21;21,33,44,35,22;22,34,44,45,36,23;23,35,45,46,37,24;24,36,46,38,26,25;26,37,46,47,39,27;27,38,47,48,40,28;28,39,48,41,30,29;30,40,48,49,42,31;31,41,49,43,32;32,42,49,50,44,33;33,43,50,45,35,34;35,44,50,51,46,36;36,45,51,47,38,37;38,46,51,48,39;39,47,51,49,41,40;41,48,51,50,43,42;43,49,51,45,44;45,50,49,48,47,46
ipr#1027 52 1,2,3,4,5;0,5,6,7,8,2;0,1,8,9,10,3;0,2,10,11,12,4;0,3,12,13,14,5;0,4,14,15,6,1;1,5,15,16,17,7;1,6,17,18,8;1,7,18,19,9,2;2,8,19,20,21,10;2,9,21,22,11,3;3,10,22,23,24,12;3,11,24,13,4;4,12,24,25,26,14;4,13,26,27,15,5;5,14,27,28,16,6;6,15,28,29,17;6,16,29,30,18,7;7,17,30,31,19,8;8,18,31,20,9;9,19,31,32,33,21;9,20,33,34,22,10;10,21,34,35,23,11;11,22,35,36,24;11,23,36,25,13,12;13,24,36,37,26;13,25,37,38,27,14;14,26,38,39,28,15;15,27,39,40,29,16;16,28,40,41,30,17;17,29,41,42,31,18;18,30,42,32,20,19;20,31,42,43,44,33;20,32,44,34,21;21,33,44,45,35,22;22,34,45,46,36,23;23,35,46,37,25,24;25,36,46,47,38,26;26,37,47,48,39,27;27,38,48,40,28;28,39,48,49,41,29;29,40,49,43,42,30;30,41,43,32,31;32,42,41,49,50,44;32,43,50,45,34,33;34,44,50,51,46,35;35,45,51,47,37,36;37,46,51,48,38;38,47,51,49,40,39;40,48,51,50,43,41;43,49,51,45,44;45,50,49,48,47,46
ipr#1029 52 1,2,3,4,5;0,5,6,7,8,2;0,1,8,9,10,3;0,2,10,11,12,4;0,3,12,13,14,5;0,4,14,15,6,1;1,5,15,16,17,7;1,6,17,18,8;1,7,18,19,9,2;2,8,19,20,10;2,9,20,21,11,3;3,10,21,22,23,12;3,11,23,24,13,4;4,12,24,25,14;4,13,25,26,15,5;5,14,26,27,16,6;6,15,27,28,17;6,16,28,29,18,7;7,17,29,30,19,8;8,18,30,31,20,9;9,19,31,32,21,10;10,20,32,33,22,11;11,21,33,34,23;11,22,34,35,24,12;12,23,35,36,25,13;13,24,36,37,26,14;14,25,37,38,27,15;15,26,38,39,28,16;16,27,39,40,29,17;17,28,40,41,30,18;18,29,41,42,31,19;19,30,42,32,20;20,31,42,43,33,21;21,32,43,44,34,22;22,33,44,45,35,23;23,34,45,36,24;24,35,45,46,37,25;25,36,46,38,26;26,37,46,47,39,27;27,38,47,48,40,28;28,39,48,41,29;29,40,48,49,42,30;30,41,49,43,32,31;32,42,49,50,44,33;33,43,50,51,45,34;34,44,51,46,36,35;36,45,51,47,38,37;38,46,51,50,48,39;39,47,50,49,41,40;41,48,50,43,42;43,49,48,47,51,44;44,50,47,46,45
ipr#1031 50 1,2,3,4,5;0,5,6,7,8,2;0,1,8,9,10,3;0,2,10,11,12,4;0,3,12,13,14,5;0,4,14,15,6,1;1,5,15,16,17,7;1,6,17,18,8;1,7,18,19,9,2;2,8,19,20,10;2,9,20,21,11,3;3,10,21,22,23,12;3,11,23,13,4;4,12,23,24,25,14;4,13,25,26,15,5;5,14,26,27,16,6;6,15,27,28,17;6,16,28,29,18,7;7,17,29,30,19,8;8,18,30,31,20,9;9,19,31,32,21,10;10,20,32,22,11;11,21,32,33,34,23;11,22,34,24,13,12;13,23,34,35,25;13,24,35,36,26,14;14,25,36,37,27,15;15,26,37,38,28,16;16,27,38,39,29,17;17,28,39,40,30,18;18,29,40,41,31,19;19,30,41,42,32,20;20,31,42,33,22,21;22,32,42,43,44,34;22,33,44,35,24,23;24,34,44,45,36,25;25,35,45,46,37,26;26,36,46,38,27;27,37,46,47,39,28;28,38,47,40,29;29,39,47,48,41,30;30,40,48,43,42,31;31,41,43,33,32;33,42,41,48,49,44;33,43,49,45,35,34;35,44,49,46,36;36,45,49,47,38,37;38,46,49,48,40,39;40,47,49,43,41;43,48,47,46,45,44
ipr#1033 46 1,2,3,4,5;0,5,6,7,8,2;0,1,8,9,10,3;0,2,10,11,12,4;0,3,12,13,14,5;0,4,14,15,6,1;1,5,15,16,7;1,6,16,17,18,8;1,7,18,19,9,2;2,8,19,20,10;2,9,20,21,11,3;3,10,21,22,23,12;3,11,23,24,13,4;4,12,24,25,14;4,13,25,26,15,5;5,14,26,27,16,6;6,15,27,28,17,7;7,16,28,29,30,18;7,17,30,31,19,8;8,18,31,32,20,9;9,19,32,33,21,10;10,20,33,22,11;11,21,33,34,35,23;11,22,35,24,12;12,23,35,36,25,13;13,24,36,37,26,14;14,25,37,38,27,15;15,26,38,39,28,16;16,27,39,29,17;17,28,39,40,41,30;17,29,41,31,18;18,30,41,42,32,19;19,31,42,33,20;20,32,42,34,22,21;22,33,42,43,44,35;22,34,44,36,24,23;24,35,44,37,25;25,36,44,45,38,26;26,37,45,39,27;27,38,45,40,29,28;29,39,45,43,41;29,40,43,42,31,30;31,41,43,34,33,32;34,42,41,40,45,44;34,43,45,37,36,35;37,44,43,40,39,38
ipr#1035 49 1,2,3,4,5;0,5,6,7,8,2;0,1,8,9,10,3;0,2,10,11,12,4;0,3,12,13,14,5;0,4,14,15,6,1;1,5,15,16,17,7;1,6,17,18,19,8;1,7,19,20,9,2;2,8,20,21,10;2,9,21,22,11,3;3,10,22,23,24,12;3,11,24,25,13,4;4,12,25,26,14;4,13,26,27,15,5;5,14,27,16,6;6,15,27,28,29,17;6,16,29,30,18,7;7,17,30,31,32,19;7,18,32,33,20,8;8,19,33,34,21,9;9,20,34,35,22,10;10,21,35,23,11;11,22,35,36,37,24;11,23,37,25,12;12,24,37,38,26,13;13,25,38,39,27,14;14,26,39,28,16,15;16,27,39,40,41,29;16,28,41,42,30,17;17,29,42,31,18;18,30,42,43,44,32;18,31,44,33,19;19,32,44,45,34,20;20,33,45,35,21;21,34,45,36,23,22;23,35,45,46,47,37;23,36,47,38,25,24;25,37,47,40,39,26;26,38,40,28,27;28,39,38,47,48,41;28,40,48,42,29;29,41,48,43,31,30;31,42,48,46,44;31,43,46,45,33,32;33,44,46,36,35,34;36,45,44,43,48,47;36,46,48,40,38,37;40,47,46,43,42,41
ipr#1037 52 1,2,3,4,5,6;0,6,7,8,9,2;0,1,9,10,11,3;0,2,11,12,13,4;0,3,13,14,15,5;0,4,15,16,17,6;0,5,17,7,1;1,6,17,18,19,8;1,7,19,20,21,9;1,8,21,22,10,2;2,9,22,23,11;2,10,23,24,12,3;3,11,24,25,26,13;3,12,26,27,14,4;4,13,27,28,15;4,14,28,29,16,5;5,15,29,30,17;5,16,30,18,7,6;7,17,30,31,32,19;7,18,32,20,8;8,19,32,33,34,21;8,20,34,35,22,9;9,21,35,36,23,10;10,22,36,37,24,11;11,23,37,25,12;12,24,37,38,39,26;12,25,39,27,13;13,26,39,40,28,14;14,27,40,41,29,15;15,28,41,42,30,16;16,29,42,31,18,17;18,30,42,43,44,32;18,31,44,33,20,19;20,32,44,45,46,34;20,33,46,35,21;21,34,46,47,36,22;22,35,47,37,23;23,36,47,38,25,24;25,37,47,48,49,39;25,38,49,40,27,26;27,39,49,50,41,28;28,40,50,42,29;29,41,50,43,31,30;31,42,50,51,44;31,43,51,45,33,32;33,44,51,48,46;33,45,48,47,35,34;35,46,48,38,37,36;38,47,46,45,51,49;38,48,51,50,40,39;40,49,51,43,42,41;43,50,49,48,45,44
ipr#1039 49 1,2,3,4,5;0,5,6,7,8,2;0,1,8,9,10,3;0,2,10,11,12,4;0,3,12,13,14,5;0,4,14,15,6,1;1,5,15,16,7;1,6,16,17,18,8;1,7,18,19,9,2;2,8,19,20,21,10;2,9,21,11,3;3,10,21,22,23,12;3,11,23,13,4;4,12,23,24,25,14;4,13,25,26,15,5;5,14,26,27,16,6;6,15,27,28,17,7;7,16,28,29,30,18;7,17,30,31,19,8;8,18,31,32,20,9;9,19,32,33,34,21;9,20,34,22,11,10;11,21,34,35,36,23;11,22,36,24,13,12;13,23,36,37,38,25;13,24,38,39,26,14;14,25,39,40,27,15;15,26,40,41,28,16;16,27,41,29,17;17,28,41,42,43,30;17,29,43,31,18;18,30,43,44,32,19;19,31,44,33,20;20,32,44,45,35,34;20,33,35,22,21;22,34,33,45,37,36;22,35,37,24,23;24,36,35,45,46,38;24,37,46,39,25;25,38,46,47,40,26;26,39,47,41,27;27,40,47,42,29,28;29,41,47,48,43;29,42,48,44,31,30;31,43,48,45,33,32;33,44,48,46,37,35;37,45,48,47,39,38;39,46,48,42,41,40;42,47,46,45,44,43
ipr#1041 52 1,2,3,4,5,6;0,6,7,8,9,2;0,1,9,10,3;0,2,10,11,12,4;0,3,12,13,14,5;0,4,14,15,16,6;0,5,16,17,7,1;1,6,17,18,8;1,7,18,19,20,9;1,8,20,21,10,2;2,9,21,22,11,3;3,10,22,23,24,12;3,11,24,13,4;4,12,24,25,26,14;4,13,26,15,5;5,14,26,27,28,16;5,15,28,29,17,6;6,16,29,30,18,7;7,17,30,31,19,8;8,18,31,32,33,20;8,19,33,34,21,9;9,20,34,35,22,10;10,21,35,23,11;11,22,35,36,37,24;11,23,37,25,13,12;13,24,37,38,39,26;13,25,39,27,15,14;15,26,39,40,41,28;15,27,41,42,29,16;16,28,42,43,30,17;17,29,43,44,31,18;18,30,44,32,19;19,31,44,45,46,33;19,32,46,34,20;20,33,46,47,35,21;21,34,47,36,23,22;23,35,47,48,38,37;23,36,38,25,24;25,37,36,48,40,39;25,38,40,27,26;27,39,38,48,49,41;27,40,49,42,28;28,41,49,50,43,29;29,42,50,44,30;30,43,50,45,32,31;32,44,50,51,46;32,45,51,47,34,33;34,46,51,48,36,35;36,47,51,49,40,38;40,48,51,50,42,41;42,49,51,45,44,43;45,50,49,48,47,46
ipr#1043 52 1,2,3,4,5;0,5,6,7,8,2;0,1,8,9,10,3;0,2,10,11,12,4;0,3,12,13,14,5;0,4,14,15,6,1;1,5,15,16,7;1,6,16,17,18,8;1,7,18,19,9,2;2,8,19,20,10;2,9,20,21,11,3;3,10,21,22,23,12;3,11,23,13,4;4,12,23,24,25,14;4,13,25,26,15,5;5,14,26,27,16,6;6,15,27,28,17,7;7,16,28,29,30,18;7,17,30,31,19,8;8,18,31,32,20,9;9,19,32,33,21,10;10,20,33,34,22,11;11,21,34,35,36,23;11,22,36,24,13,12;13,23,36,37,38,25;13,24,38,39,26,14;14,25,39,40,27,15;15,26,40,41,28,16;16,27,41,29,17;17,28,41,42,43,30;17,29,43,44,31,18;18,30,44,32,19;19,31,44,45,33,20;20,32,45,46,34,21;21,33,46,35,22;22,34,46,47,37,36;22,35,37,24,23;24,36,35,47,48,38;24,37,48,39,25;25,38,48,49,40,26;26,39,49,41,27;27,40,49,42,29,28;29,41,49,50,43;29,42,50,51,44,30;30,43,51,45,32,31;32,44,51,46,33;33,45,51,47,35,34;35,46,51,50,48,37;37,47,50,49,39,38;39,48,50,42,41,40;42,49,48,47,51,43;43,50,47,46,45,44
ipr#1045 49 1,2,3,4,5;0,5,6,7,8,2;0,1,8,9,10,3;0,2,10,11,12,4;0,3,12,13,14,5;0,4,14,15,6,1;1,5,15,16,7;1,6,16,17,18,8;1,7,18,19,9,2;2,8,19,20,10;2,9,20,21,11,3;3,10,21,22,23,12;3,11,23,24,13,4;4,12,24,25,14;4,13,25,26,15,5;5,14,26,27,16,6;6,15,27,28,17,7;7,16,28,29,30,18;7,17,30,31,19,8;8,18,31,32,20,9;9,19,32,33,21,10;10,20,33,22,11;11,21,33,34,35,23;11,22,35,24,12;12,23,35,36,25,13;13,24,36,37,26,14;14,25,37,38,27,15;15,26,38,39,28,16;16,27,39,29,17;17,28,39,40,41,30;17,29,41,31,18;18,30,41,42,32,19;19,31,42,43,33,20;20,32,43,34,22,21;22,33,43,44,45,35;22,34,45,36,24,23;24,35,45,46,37,25;25,36,46,47,38,26;26,37,47,39,27;27,38,47,40,29,28;29,39,47,48,41;29,40,48,42,31,30;31,41,48,44,43,32;32,42,44,34,33;34,43,42,48,46,45;34,44,46,36,35;36,45,44,48,47,37;37,46,48,40,39,38;40,47,46,44,42,41
ipr#1047 52 1,2,3,4,5;0,5,6,7,8,2;0,1,8,9,10,3;0,2,10,11,12,4;0,3,12,13,14,5;0,4,14,15,6,1;1,5,15,16,7;1,6,16,17,18,8;1,7,18,19,9,2;2,8,19,20,10;2,9,20,21,11,3;3,10,21,22,23,12;3,11,23,24,13,4;4,12,24,25,14;4,13,25,26,15,5;5,14,26,27,16,6;6,15,27,28,17,7;7,16,28,29,30,18;7,17,30,31,19,8;8,18,31,32,20,9;9,19,32,33,21,10;10,20,33,34,22,11;11,21,34,35,36,23;11,22,36,24,12;12,23,36,37,25,13;13,24,37,38,26,14;14,25,38,39,27,15;15,26,39,40,28,16;16,27,40,29,17;17,28,40,41,42,30;17,29,42,43,31,18;18,30,43,32,19;19,31,43,44,33,20;20,32,44,34,21;21,33,44,45,35,22;22,34,45,46,47,36;22,35,47,37,24,23;24,36,47,48,38,25;25,37,48,49,39,26;26,38,49,40,27;27,39,49,41,29,28;29,40,49,50,42;29,41,50,51,43,30;30,42,51,44,32,31;32,43,51,45,34,33;34,44,51,46,35;35,45,51,50,48,47;35,46,48,37,36;37,47,46,50,49,38;38,48,50,41,40,39;41,49,48,46,51,42;42,50,46,45,44,43
ipr#1049 52 1,2,3,4,5;0,5,6,7,8,2;0,1,8,9,10,3;0,2,10,11,12,4;0,3,12,13,14,5;0,4,14,15,6,1;1,5,15,16,7;1,6,16,17,18,8;1,7,18,19,9,2;2,8,19,20,21,10;2,9,21,11,3;3,10,21,22,23,12;3,11,23,24,13,4;4,12,24,25,14;4,13,25,26,15,5;5,14,26,27,16,6;6,15,27,28,17,7;7,16,28,29,30,18;7,17,30,31,19,8;8,18,31,32,20,9;9,19,32,33,34,21;9,20,34,22,11,10;11,21,34,35,36,23;11,22,36,37,24,12;12,23,37,38,25,13;13,24,38,39,26,14;14,25,39,40,27,15;15,26,40,41,28,16;16,27,41,29,17;17,28,41,42,43,30;17,29,43,31,18;18,30,43,44,32,19;19,31,44,33,20;20,32,44,45,35,34;20,33,35,22,21;22,34,33,45,46,36;22,35,46,37,23;23,36,46,47,38,24;24,37,47,39,25;25,38,47,48,40,26;26,39,48,49,41,27;27,40,49,42,29,28;29,41,49,50,43;29,42,50,44,31,30;31,43,50,45,33,32;33,44,50,51,46,35;35,45,51,47,37,36;37,46,51,48,39,38;39,47,51,49,40;40,48,51,50,42,41;42,49,51,45,44,43;45,50,49,48,47,46
ipr#1051 47 1,2,3,4,5,6;0,6,7,8,9,2;0,1,9,10,11,3;0,2,11,12,4;0,3,12,13,14,5;0,4,14,15,16,6;0,5,16,17,7,1;1,6,17,18,19,8;1,7,19,20,21,9;1,8,21,22,10,2;2,9,22,23,11;2,10,23,24,12,3;3,11,24,25,13,4;4,12,25,26,27,14;4,13,27,15,5;5,14,27,28,29,16;5,15,29,17,6;6,16,29,30,18,7;7,17,30,31,19;7,18,31,32,20,8;8,19,32,33,34,21;8,20,34,22,9;9,21,34,35,23,10;10,22,35,36,24,11;11,23,36,25,12;12,24,36,37,26,13;13,25,37,38,39,27;13,26,39,28,15,14;15,27,39,40,41,29;15,28,41,30,17,16;17,29,41,42,31,18;18,30,42,43,32,19;19,31,43,33,20;20,32,43,44,45,34;20,33,45,35,22,21;22,34,45,36,23;23,35,45,37,25,24;25,36,45,44,38,26;26,37,44,46,40,39;26,38,40,28,27;28,39,38,46,42,41;28,40,42,30,29;30,41,40,46,43,31;31,42,46,44,33,32;33,43,46,38,37,45;33,44,37,36,35,34;38,44,43,42,40
ipr#1053 50 1,2,3,4,5,6;0,6,7,8,9,2;0,1,9,10,11,3;0,2,11,12,4;0,3,12,13,14,5;0,4,14,15,16,6;0,5,16,7,1;1,6,16,17,18,8;1,7,18,19,20,9;1,8,20,10,2;2,9,20,21,22,11;2,10,22,23,12,3;3,11,23,24,13,4;4,12,24,25,26,14;4,13,26,15,5;5,14,26,27,28,16;5,15,28,17,7,6;7,16,28,29,30,18;7,17,30,31,19,8;8,18,31,32,33,20;8,19,33,21,10,9;10,20,33,34,35,22;10,21,35,36,23,11;11,22,36,24,12;12,23,36,37,25,13;13,24,37,38,39,26;13,25,39,27,15,14;15,26,39,40,41,28;15,27,41,29,17,16;17,28,41,42,43,30;17,29,43,31,18;18,30,43,44,32,19;19,31,44,45,34,33;19,32,34,21,20;21,33,32,45,46,35;21,34,46,36,22;22,35,46,37,24,23;24,36,46,47,38,25;25,37,47,48,40,39;25,38,40,27,26;27,39,38,48,42,41;27,40,42,29,28;29,41,40,48,49,43;29,42,49,44,31,30;31,43,49,45,32;32,44,49,47,46,34;34,45,47,37,36,35;37,46,45,49,48,38;38,47,49,42,40;42,48,47,45,44,43
ipr#1055 50 1,2,3,4,5,6;0,6,7,8,9,2;0,1,9,10,11,3;0,2,11,12,4;0,3,12,13,14,5;0,4,14,15,16,6;0,5,16,17,7,1;1,6,17,18,19,8;1,7,19,20,21,9;1,8,21,22,10,2;2,9,22,23,11;2,10,23,24,12,3;3,11,24,25,13,4;4,12,25,26,27,14;4,13,27,15,5;5,14,27,28,29,16;5,15,29,17,6;6,16,29,30,18,7;7,17,30,31,19;7,18,31,32,20,8;8,19,32,33,34,21;8,20,34,22,9;9,21,34,35,23,10;10,22,35,36,24,11;11,23,36,37,25,12;12,24,37,38,26,13;13,25,38,39,40,27;13,26,40,28,15,14;15,27,40,41,42,29;15,28,42,30,17,16;17,29,42,43,31,18;18,30,43,44,32,19;19,31,44,33,20;20,32,44,45,46,34;20,33,46,35,22,21;22,34,46,36,23;23,35,46,47,37,24;24,36,47,38,25;25,37,47,48,39,26;26,38,48,49,41,40;26,39,41,28,27;28,40,39,49,43,42;28,41,43,30,29;30,42,41,49,44,31;31,43,49,45,33,32;33,44,49,48,47,46;33,45,47,36,35,34;36,46,45,48,38,37;38,47,45,49,39;39,48,45,44,43,41
ipr#1057 44 1,2,3,4,5,6;0,6,7,8,9,2;0,1,9,10,11,3;0,2,11,12,13,4;0,3,13,14,15,5;0,4,15,16,6;0,5,16,17,7,1;1,6,17,18,8;1,7,18,19,20,9;1,8,20,10,2;2,9,20,21,22,11;2,10,22,12,3;3,11,22,23,24,13;3,12,24,25,14,4;4,13,25,26,15;4,14,26,27,16,5;5,15,27,28,17,6;6,16,28,29,18,7;7,17,29,30,19,8;8,18,30,31,32,20;8,19,32,21,10,9;10,20,32,33,34,22;10,21,34,23,12,11;12,22,34,35,36,24;12,23,36,25,13;13,24,36,37,26,14;14,25,37,38,27,15;15,26,38,39,28,16;16,27,39,29,17;17,28,39,40,30,18;18,29,40,31,19;19,30,40,41,33,32;19,31,33,21,20;21,32,31,41,35,34;21,33,35,23,22;23,34,33,41,42,36;23,35,42,37,25,24;25,36,42,43,38,26;26,37,43,39,27;27,38,43,40,29,28;29,39,43,41,31,30;31,40,43,42,35,33;35,41,43,37,36;37,42,41,40,39,38
ipr#1059 50 1,2,3,4,5,6;0,6,7,8,9,2;0,1,9,10,3;0,2,10,11,12,4;0,3,12,13,14,5;0,4,14,15,16,6;0,5,16,17,7,1;1,6,17,18,8;1,7,18,19,20,9;1,8,20,21,10,2;2,9,21,22,11,3;3,10,22,23,24,12;3,11,24,13,4;4,12,24,25,26,14;4,13,26,27,15,5;5,14,27,28,29,16;5,15,29,17,6;6,16,29,30,18,7;7,17,30,31,19,8;8,18,31,32,33,20;8,19,33,34,21,9;9,20,34,35,22,10;10,21,35,23,11;11,22,35,36,37,24;11,23,37,25,13,12;13,24,37,38,39,26;13,25,39,40,27,14;14,26,40,41,28,15;15,27,41,42,29;15,28,42,30,17,16;17,29,42,31,18;18,30,42,43,32,19;19,31,43,44,45,33;19,32,45,34,20;20,33,45,46,35,21;21,34,46,36,23,22;23,35,46,47,38,37;23,36,38,25,24;25,37,36,47,48,39;25,38,48,49,40,26;26,39,49,41,27;27,40,49,43,42,28;28,41,43,31,30,29;31,42,41,49,44,32;32,43,49,48,47,45;32,44,47,46,34,33;34,45,47,36,35;36,46,45,44,48,38;38,47,44,49,39;39,48,44,43,41,40
ipr#1061 44 1,2,3,4,5,6;0,6,7,8,9,2;0,1,9,10,11,3;0,2,11,12,13,4;0,3,13,14,15,5;0,4,15,16,6;0,5,16,17,7,1;1,6,17,18,8;1,7,18,19,20,9;1,8,20,10,2;2,9,20,21,22,11;2,10,22,12,3;3,11,22,23,24,13;3,12,24,25,14,4;4,13,25,26,15;4,14,26,27,16,5;5,15,27,28,17,6;6,16,28,29,18,7;7,17,29,30,19,8;8,18,30,31,32,20;8,19,32,21,10,9;10,20,32,33,34,22;10,21,34,23,12,11;12,22,34,35,36,24;12,23,36,25,13;13,24,36,37,26,14;14,25,37,38,27,15;15,26,38,39,28,16;16,27,39,29,17;17,28,39,40,30,18;18,29,40,31,19;19,30,40,41,33,32;19,31,33,21,20;21,32,31,41,35,34;21,33,35,23,22;23,34,33,41,42,36;23,35,42,37,25,24;25,36,42,38,26;26,37,42,43,39,27;27,38,43,40,29,28;29,39,43,41,31,30;31,40,43,42,35,33;35,41,43,38,37,36;38,42,41,40,39
ipr#1063 50 1,2,3,4,5,6;0,6,7,8,9,2;0,1,9,10,11,3;0,2,11,12,13,4;0,3,13,14,15,5;0,4,15,16,17,6;0,5,17,18,7,1;1,6,18,19,8;1,7,19,20,21,9;1,8,21,10,2;2,9,21,22,23,11;2,10,23,12,3;3,11,23,24,25,13;3,12,25,26,14,4;4,13,26,27,15;4,14,27,28,16,5;5,15,28,29,17;5,16,29,30,18,6;6,17,30,31,19,7;7,18,31,32,20,8;8,19,32,33,34,21;8,20,34,22,10,9;10,21,34,35,36,23;10,22,36,24,12,11;12,23,36,37,38,25;12,24,38,26,13;13,25,38,39,27,14;14,26,39,40,28,15;15,27,40,41,29,16;16,28,41,42,30,17;17,29,42,43,31,18;18,30,43,32,19;19,31,43,44,33,20;20,32,44,45,35,34;20,33,35,22,21;22,34,33,45,37,36;22,35,37,24,23;24,36,35,45,46,38;24,37,46,39,26,25;26,38,46,47,40,27;27,39,47,41,28;28,40,47,48,42,29;29,41,48,43,30;30,42,48,44,32,31;32,43,48,49,45,33;33,44,49,46,37,35;37,45,49,47,39,38;39,46,49,48,41,40;41,47,49,44,43,42;44,48,47,46,45
ipr#1065 50 1,2,3,4,5,6;0,6,7,8,9,2;0,1,9,10,3;0,2,10,11,12,4;0,3,12,13,14,5;0,4,14,15,16,6;0,5,16,17,7,1;1,6,17,18,8;1,7,18,19,20,9;1,8,20,21,10,2;2,9,21,22,11,3;3,10,22,23,24,12;3,11,24,13,4;4,12,24,25,26,14;4,13,26,27,15,5;5,14,27,28,29,16;5,15,29,17,6;6,16,29,30,18,7;7,17,30,31,19,8;8,18,31,32,33,20;8,19,33,34,21,9;9,20,34,35,22,10;10,21,35,23,11;11,22,35,36,37,24;11,23,37,25,13,12;13,24,37,38,39,26;13,25,39,40,27,14;14,26,40,41,28,15;15,27,41,42,29;15,28,42,30,17,16;17,29,42,31,18;18,30,42,43,32,19;19,31,43,44,45,33;19,32,45,34,20;20,33,45,46,35,21;21,34,46,36,23,22;23,35,46,47,38,37;23,36,38,25,24;25,37,36,47,48,39;25,38,48,40,26;26,39,48,49,41,27;27,40,49,43,42,28;28,41,43,31,30,29;31,42,41,49,44,32;32,43,49,48,47,45;32,44,47,46,34,33;34,45,47,36,35;36,46,45,44,48,38;38,47,44,49,40,39;40,48,44,43,41
ipr#1067 47 1,2,3,4,5,6;0,6,7,8,9,2;0,1,9,10,11,3;0,2,11,12,13,4;0,3,13,14,15,5;0,4,15,16,17,6;0,5,17,18,7,1;1,6,18,19,8;1,7,19,20,21,9;1,8,21,10,2;2,9,21,22,23,11;2,10,23,12,3;3,11,23,24,25,13;3,12,25,26,14,4;4,13,26,27,15;4,14,27,28,16,5;5,15,28,29,17;5,16,29,30,18,6;6,17,30,31,19,7;7,18,31,32,20,8;8,19,32,33,34,21;8,20,34,22,10,9;10,21,34,35,36,23;10,22,36,24,12,11;12,23,36,37,38,25;12,24,38,26,13;13,25,38,39,27,14;14,26,39,40,28,15;15,27,40,41,29,16;16,28,41,42,30,17;17,29,42,31,18;18,30,42,43,32,19;19,31,43,33,20;20,32,43,44,35,34;20,33,35,22,21;22,34,33,44,37,36;22,35,37,24,23;24,36,35,44,45,38;24,37,45,39,26,25;26,38,45,40,27;27,39,45,46,41,28;28,40,46,42,29;29,41,46,43,31,30;31,42,46,44,33,32;33,43,46,45,37,35;37,44,46,40,39,38;40,45,44,43,42,41
ipr#1069 50 1,2,3,4,5,6;0,6,7,8,2;0,1,8,9,10,3;0,2,10,11,12,4;0,3,12,13,14,5;0,4,14,15,16,6;0,5,16,17,7,1;1,6,17,18,19,8;1,7,19,20,9,2;2,8,20,21,22,10;2,9,22,11,3;3,10,22,23,24,12;3,11,24,25,13,4;4,12,25,26,14;4,13,26,27,15,5;5,14,27,28,29,16;5,15,29,17,6;6,16,29,30,18,7;7,17,30,31,19;7,18,31,32,20,8;8,19,32,33,21,9;9,20,33,34,35,22;9,21,35,23,11,10;11,22,35,36,37,24;11,23,37,25,12;12,24,37,38,26,13;13,25,38,39,27,14;14,26,39,40,28,15;15,27,40,41,42,29;15,28,42,30,17,16;17,29,42,43,31,18;18,30,43,44,32,19;19,31,44,45,33,20;20,32,45,34,21;21,33,45,46,36,35;21,34,36,23,22;23,35,34,46,47,37;23,36,47,38,25,24;25,37,47,39,26;26,38,47,48,40,27;27,39,48,41,28;28,40,48,49,43,42;28,41,43,30,29;30,42,41,49,44,31;31,43,49,45,32;32,44,49,46,34,33;34,45,49,48,47,36;36,46,48,39,38,37;39,47,46,49,41,40;41,48,46,45,44,43
ipr#1071 51 1,2,3,4,5,6;0,6,7,8,9,2;0,1,9,10,11,3;0,2,11,12,13,4;0,3,13,14,15,5;0,4,15,16,6;0,5,16,17,7,1;1,6,17,18,19,8;1,7,19,20,9;1,8,20,21,10,2;2,9,21,22,23,11;2,10,23,12,3;3,11,23,24,25,13;3,12,25,26,14,4;4,13,26,27,15;4,14,27,28,16,5;5,15,28,29,17,6;6,16,29,18,7;7,17,29,30,31,19;7,18,31,32,20,8;8,19,32,33,21,9;9,20,33,34,22,10;10,21,34,35,36,23;10,22,36,24,12,11;12,23,36,37,38,25;12,24,38,26,13;13,25,38,39,27,14;14,26,39,40,28,15;15,27,40,41,29,16;16,28,41,30,18,17;18,29,41,42,43,31;18,30,43,32,19;19,31,43,44,33,20;20,32,44,45,34,21;21,33,45,35,22;22,34,45,46,37,36;22,35,37,24,23;24,36,35,46,47,38;24,37,47,39,26,25;26,38,47,48,40,27;27,39,48,41,28;28,40,48,42,30,29;30,41,48,49,50,43;30,42,50,44,32,31;32,43,50,45,33;33,44,50,46,35,34;35,45,50,49,47,37;37,46,49,48,39,38;39,47,49,42,41,40;42,48,47,46,50;42,49,46,45,44,43
ipr#1073 52 1,2,3,4,5,6;0,6,7,8,9,2;0,1,9,10,11,3;0,2,11,12,13,4;0,3,13,14,15,5;0,4,15,16,17,6;0,5,17,18,7,1;1,6,18,19,20,8;1,7,20,21,22,9;1,8,22,10,2;2,9,22,23,24,11;2,10,24,12,3;3,11,24,25,26,13;3,12,26,27,14,4;4,13,27,28,15;4,14,28,29,16,5;5,15,29,30,17;5,16,30,31,18,6;6,17,31,32,19,7;7,18,32,33,20;7,19,33,34,21,8;8,20,34,35,36,22;8,21,36,23,10,9;10,22,36,37,38,24;10,23,38,25,12,11;12,24,38,39,40,26;12,25,40,27,13;13,26,40,41,28,14;14,27,41,42,29,15;15,28,42,43,30,16;16,29,43,44,31,17;17,30,44,32,18;18,31,44,45,33,19;19,32,45,46,34,20;20,33,46,35,21;21,34,46,47,37,36;21,35,37,23,22;23,36,35,47,39,38;23,37,39,25,24;25,38,37,47,48,40;25,39,48,41,27,26;27,40,48,49,42,28;28,41,49,50,43,29;29,42,50,44,30;30,43,50,45,32,31;32,44,50,51,46,33;33,45,51,47,35,34;35,46,51,48,39,37;39,47,51,49,41,40;41,48,51,50,42;42,49,51,45,44,43;45,50,49,48,47,46
ipr#1075 52 1,2,3,4,5,6;0,6,7,8,9,2;0,1,9,10,11,3;0,2,11,12,13,4;0,3,13,14,15,5;0,4,15,16,6;0,5,16,17,7,1;1,6,17,18,19,8;1,7,19,20,21,9;1,8,21,10,2;2,9,21,22,23,11;2,10,23,12,3;3,11,23,24,25,13;3,12,25,26,14,4;4,13,26,27,15;4,14,27,28,16,5;5,15,28,29,17,6;6,16,29,30,18,7;7,17,30,31,19;7,18,31,32,20,8;8,19,32,33,34,21;8,20,34,22,10,9;10,21,34,35,36,23;10,22,36,24,12,11;12,23,36,37,38,25;12,24,38,26,13;13,25,38,39,27,14;14,26,39,40,28,15;15,27,40,41,29,16;16,28,41,30,17;17,29,41,42,31,18;18,30,42,43,32,19;19,31,43,33,20;20,32,43,44,45,34;20,33,45,35,22,21;22,34,45,46,37,36;22,35,37,24,23;24,36,35,46,47,38;24,37,47,39,26,25;26,38,47,48,40,27;27,39,48,49,41,28;28,40,49,42,30,29;30,41,49,50,43,31;31,42,50,44,33,32;33,43,50,51,46,45;33,44,46,35,34;35,45,44,51,47,37;37,46,51,48,39,38;39,47,51,50,49,40;40,48,50,42,41;42,49,48,51,44,43;44,50,48,47,46
ipr#1077 45 1,2,3,4,5,6;0,6,7,8,9,2;0,1,9,10,11,3;0,2,11,12,13,4;0,3,13,14,15,5;0,4,15,16,6;0,5,16,17,7,1;1,6,17,18,8;1,7,18,19,20,9;1,8,20,10,2;2,9,20,21,22,11;2,10,22,12,3;3,11,22,23,24,13;3,12,24,25,14,4;4,13,25,26,15;4,14,26,27,16,5;5,15,27,28,17,6;6,16,28,29,18,7;7,17,29,30,19,8;8,18,30,31,32,20;8,19,32,21,10,9;10,20,32,33,34,22;10,21,34,23,12,11;12,22,34,35,36,24;12,23,36,25,13;13,24,36,37,26,14;14,25,37,38,27,15;15,26,38,39,28,16;16,27,39,29,17;17,28,39,40,30,18;18,29,40,41,31,19;19,30,41,42,33,32;19,31,33,21,20;21,32,31,42,35,34;21,33,35,23,22;23,34,33,42,43,36;23,35,43,37,25,24;25,36,43,44,38,26;26,37,44,39,27;27,38,44,40,29,28;29,39,44,41,30;30,40,44,43,42,31;31,41,43,35,33;35,42,41,44,37,36;37,43,41,40,39,38
ipr#1079 51 1,2,3,4,5,6;0,6,7,8,9,2;0,1,9,10,11,3;0,2,11,12,13,4;0,3,13,14,15,5;0,4,15,16,6;0,5,16,17,7,1;1,6,17,18,19,8;1,7,19,20,9;1,8,20,21,10,2;2,9,21,22,23,11;2,10,23,12,3;3,11,23,24,25,13;3,12,25,26,14,4;4,13,26,27,15;4,14,27,28,16,5;5,15,28,29,17,6;6,16,29,18,7;7,17,29,30,31,19;7,18,31,32,20,8;8,19,32,33,21,9;9,20,33,34,22,10;10,21,34,35,36,23;10,22,36,24,12,11;12,23,36,37,38,25;12,24,38,26,13;13,25,38,39,27,14;14,26,39,40,28,15;15,27,40,41,29,16;16,28,41,30,18,17;18,29,41,42,43,31;18,30,43,44,32,19;19,31,44,33,20;20,32,44,45,34,21;21,33,45,35,22;22,34,45,46,37,36;22,35,37,24,23;24,36,35,46,47,38;24,37,47,39,26,25;26,38,47,48,40,27;27,39,48,41,28;28,40,48,42,30,29;30,41,48,49,43;30,42,49,50,44,31;31,43,50,45,33,32;33,44,50,46,35,34;35,45,50,49,47,37;37,46,49,48,39,38;39,47,49,42,41,40;42,48,47,46,50,43;43,49,46,45,44
ipr#1081 51 1,2,3,4,5,6;0,6,7,8,9,2;0,1,9,10,11,3;0,2,11,12,13,4;0,3,13,14,15,5;0,4,15,16,6;0,5,16,17,7,1;1,6,17,18,19,8;1,7,19,20,21,9;1,8,21,10,2;2,9,21,22,23,11;2,10,23,12,3;3,11,23,24,25,13;3,12,25,26,14,4;4,13,26,27,15;4,14,27,28,16,5;5,15,28,29,17,6;6,16,29,30,18,7;7,17,30,31,32,19;7,18,32,20,8;8,19,32,33,34,21;8,20,34,22,10,9;10,21,34,35,36,23;10,22,36,24,12,11;12,23,36,37,38,25;12,24,38,39,26,13;13,25,39,40,27,14;14,26,40,41,28,15;15,27,41,42,29,16;16,28,42,30,17;17,29,42,43,31,18;18,30,43,44,45,32;18,31,45,33,20,19;20,32,45,46,35,34;20,33,35,22,21;22,34,33,46,37,36;22,35,37,24,23;24,36,35,46,47,38;24,37,47,39,25;25,38,47,48,40,26;26,39,48,49,41,27;27,40,49,42,28;28,41,49,43,30,29;30,42,49,44,31;31,43,49,48,50,45;31,44,50,46,33,32;33,45,50,47,37,35;37,46,50,48,39,38;39,47,50,44,49,40;40,48,44,43,42,41;44,48,47,46,45
ipr#1083 48 1,2,3,4,5,6;0,6,7,8,9,2;0,1,9,10,11,3;0,2,11,12,13,4;0,3,13,14,15,5;0,4,15,16,6;0,5,16,17,7,1;1,6,17,18,8;1,7,18,19,20,9;1,8,20,21,10,2;2,9,21,22,23,11;2,10,23,12,3;3,11,23,24,25,13;3,12,25,26,14,4;4,13,26,27,15;4,14,27,28,16,5;5,15,28,29,17,6;6,16,29,30,18,7;7,17,30,31,19,8;8,18,31,32,33,20;8,19,33,21,9;9,20,33,34,22,10;10,21,34,35,36,23;10,22,36,24,12,11;12,23,36,37,38,25;12,24,38,26,13;13,25,38,39,27,14;14,26,39,40,28,15;15,27,40,41,29,16;16,28,41,30,17;17,29,41,42,31,18;18,30,42,32,19;19,31,42,43,44,33;19,32,44,34,21,20;21,33,44,35,22;22,34,44,45,37,36;22,35,37,24,23;24,36,35,45,46,38;24,37,46,39,26,25;26,38,46,47,40,27;27,39,47,41,28;28,40,47,42,30,29;30,41,47,43,32,31;32,42,47,46,45,44;32,43,45,35,34,33;35,44,43,46,37;37,45,43,47,39,38;39,46,43,42,41,40
ipr#1085 48 1,2,3,4,5,6;0,6,7,8,9,2;0,1,9,10,3;0,2,10,11,12,4;0,3,12,13,14,5;0,4,14,15,6;0,5,15,16,7,1;1,6,16,17,8;1,7,17,18,19,9;1,8,19,20,10,2;2,9,20,21,11,3;3,10,21,22,23,12;3,11,23,13,4;4,12,23,24,25,14;4,13,25,26,15,5;5,14,26,27,16,6;6,15,27,28,17,7;7,16,28,29,18,8;8,17,29,30,31,19;8,18,31,32,20,9;9,19,32,33,21,10;10,20,33,22,11;11,21,33,34,35,23;11,22,35,24,13,12;13,23,35,36,37,25;13,24,37,38,26,14;14,25,38,39,27,15;15,26,39,28,16;16,27,39,40,29,17;17,28,40,41,30,18;18,29,41,42,43,31;18,30,43,32,19;19,31,43,44,33,20;20,32,44,34,22,21;22,33,44,45,36,35;22,34,36,24,23;24,35,34,45,46,37;24,36,46,47,38,25;25,37,47,39,26;26,38,47,40,28,27;28,39,47,41,29;29,40,47,46,42,30;30,41,46,45,43;30,42,45,44,32,31;32,43,45,34,33;34,44,43,42,46,36;36,45,42,41,47,37;37,46,41,40,39,38
ipr#1087 48 1,2,3,4,5,6;0,6,7,8,9,2;0,1,9,10,11,3;0,2,11,12,13,4;0,3,13,14,15,5;0,4,15,16,6;0,5,16,17,7,1;1,6,17,18,8;1,7,18,19,20,9;1,8,20,10,2;2,9,20,21,22,11;2,10,22,12,3;3,11,22,23,24,13;3,12,24,25,14,4;4,13,25,26,15;4,14,26,27,16,5;5,15,27,28,17,6;6,16,28,29,18,7;7,17,29,30,19,8;8,18,30,31,32,20;8,19,32,21,10,9;10,20,32,33,34,22;10,21,34,23,12,11;12,22,34,35,36,24;12,23,36,25,13;13,24,36,37,26,14;14,25,37,38,27,15;15,26,38,39,28,16;16,27,39,40,29,17;17,28,40,30,18;18,29,40,41,31,19;19,30,41,42,32;19,31,42,33,21,20;21,32,42,43,35,34;21,33,35,23,22;23,34,33,43,44,36;23,35,44,37,25,24;25,36,44,45,38,26;26,37,45,39,27;27,38,45,46,40,28;28,39,46,41,30,29;30,40,46,47,42,31;31,41,47,43,33,32;33,42,47,44,35;35,43,47,45,37,36;37,44,47,46,39,38;39,45,47,41,40;41,46,45,44,43,42
ipr#1089 51 1,2,3,4,5,6;0,6,7,8,9,2;0,1,9,10,11,3;0,2,11,12,13,4;0,3,13,14,15,5;0,4,15,16,6;0,5,16,17,7,1;1,6,17,18,19,8;1,7,19,20,21,9;1,8,21,10,2;2,9,21,22,23,11;2,10,23,12,3;3,11,23,24,25,13;3,12,25,26,14,4;4,13,26,27,15;4,14,27,28,16,5;5,15,28,29,17,6;6,16,29,18,7;7,17,29,30,31,19;7,18,31,32,20,8;8,19,32,33,34,21;8,20,34,22,10,9;10,21,34,35,36,23;10,22,36,24,12,11;12,23,36,37,38,25;12,24,38,26,13;13,25,38,39,27,14;14,26,39,40,28,15;15,27,40,41,29,16;16,28,41,30,18,17;18,29,41,42,43,31;18,30,43,32,19;19,31,43,44,33,20;20,32,44,45,34;20,33,45,35,22,21;22,34,45,46,37,36;22,35,37,24,23;24,36,35,46,47,38;24,37,47,39,26,25;26,38,47,48,40,27;27,39,48,42,41,28;28,40,42,30,29;30,41,40,48,49,43;30,42,49,44,32,31;32,43,49,50,45,33;33,44,50,46,35,34;35,45,50,47,37;37,46,50,48,39,38;39,47,50,49,42,40;42,48,50,44,43;44,49,48,47,46,45
ipr#1091 51 1,2,3,4,5,6;0,6,7,8,9,2;0,1,9,10,11,3;0,2,11,12,13,4;0,3,13,14,15,5;0,4,15,16,6;0,5,16,17,7,1;1,6,17,18,8;1,7,18,19,20,9;1,8,20,10,2;2,9,20,21,22,11;2,10,22,12,3;3,11,22,23,24,13;3,12,24,25,14,4;4,13,25,26,27,15;4,14,27,28,16,5;5,15,28,29,17,6;6,16,29,30,18,7;7,17,30,31,19,8;8,18,31,32,33,20;8,19,33,21,10,9;10,20,33,34,35,22;10,21,35,23,12,11;12,22,35,36,37,24;12,23,37,25,13;13,24,37,38,26,14;14,25,38,39,40,27;14,26,40,28,15;15,27,40,41,29,16;16,28,41,30,17;17,29,41,42,31,18;18,30,42,43,32,19;19,31,43,44,33;19,32,44,34,21,20;21,33,44,45,36,35;21,34,36,23,22;23,35,34,45,46,37;23,36,46,38,25,24;25,37,46,47,39,26;26,38,47,48,40;26,39,48,41,28,27;28,40,48,42,30,29;30,41,48,49,43,31;31,42,49,50,44,32;32,43,50,45,34,33;34,44,50,46,36;36,45,50,47,38,37;38,46,50,49,48,39;39,47,49,42,41,40;42,48,47,50,43;43,49,47,46,45,44
ipr#1093 51 1,2,3,4,5,6;0,6,7,8,9,2;0,1,9,10,11,3;0,2,11,12,13,4;0,3,13,14,15,5;0,4,15,16,6;0,5,16,17,7,1;1,6,17,18,8;1,7,18,19,20,9;1,8,20,10,2;2,9,20,21,22,11;2,10,22,12,3;3,11,22,23,24,13;3,12,24,25,14,4;4,13,25,26,15;4,14,26,27,16,5;5,15,27,28,17,6;6,16,28,29,18,7;7,17,29,30,19,8;8,18,30,31,32,20;8,19,32,21,10,9;10,20,32,33,34,22;10,21,34,23,12,11;12,22,34,35,36,24;12,23,36,25,13;13,24,36,37,26,14;14,25,37,38,27,15;15,26,38,39,28,16;16,27,39,40,29,17;17,28,40,30,18;18,29,40,41,31,19;19,30,41,42,32;19,31,42,33,21,20;21,32,42,43,44,34;21,33,44,35,23,22;23,34,44,45,36;23,35,45,37,25,24;25,36,45,46,38,26;26,37,46,47,39,27;27,38,47,48,40,28;28,39,48,41,30,29;30,40,48,49,42,31;31,41,49,43,33,32;33,42,49,50,44;33,43,50,45,35,34;35,44,50,46,37,36;37,45,50,47,38;38,46,50,49,48,39;39,47,49,41,40;41,48,47,50,43,42;43,49,47,46,45,44
ipr#1095 52 1,2,3,4,5,6;0,6,7,8,9,2;0,1,9,10,11,3;0,2,11,12,13,4;0,3,13,14,15,5;0,4,15,16,6;0,5,16,17,7,1;1,6,17,18,8;1,7,18,19,20,9;1,8,20,10,2;2,9,20,21,22,11;2,10,22,12,3;3,11,22,23,24,13;3,12,24,25,14,4;4,13,25,26,15;4,14,26,27,16,5;5,15,27,28,17,6;6,16,28,29,18,7;7,17,29,30,19,8;8,18,30,31,32,20;8,19,32,21,10,9;10,20,32,33,34,22;10,21,34,23,12,11;12,22,34,35,36,24;12,23,36,25,13;13,24,36,37,26,14;14,25,37,38,27,15;15,26,38,39,28,16;16,27,39,40,29,17;17,28,40,41,30,18;18,29,41,42,31,19;19,30,42,43,32;19,31,43,33,21,20;21,32,43,44,34;21,33,44,35,23,22;23,34,44,45,46,36;23,35,46,37,25,24;25,36,46,47,38,26;26,37,47,39,27;27,38,47,48,40,28;28,39,48,49,41,29;29,40,49,42,30;30,41,49,50,43,31;31,42,50,44,33,32;33,43,50,45,35,34;35,44,50,51,46;35,45,51,47,37,36;37,46,51,48,39,38;39,47,51,49,40;40,48,51,50,42,41;42,49,51,45,44,43;45,50,49,48,47,46
ipr#1097 46 1,2,3,4,5;0,5,6,7,8,2;0,1,8,9,10,3;0,2,10,11,12,4;0,3,12,13,14,5;0,4,14,15,6,1;1,5,15,16,17,7;1,6,17,18,19,8;1,7,19,9,2;2,8,19,20,21,10;2,9,21,11,3;3,10,21,22,23,12;3,11,23,24,13,4;4,12,24,25,26,14;4,13,26,27,15,5;5,14,27,16,6;6,15,27,28,29,17;6,16,29,30,18,7;7,17,30,31,32,19;7,18,32,20,9,8;9,19,32,33,34,21;9,20,34,22,11,10;11,21,34,35,36,23;11,22,36,24,12;12,23,36,37,25,13;13,24,37,38,39,26;13,25,39,27,14;14,26,39,28,16,15;16,27,39,40,29;16,28,40,41,30,17;17,29,41,42,31,18;18,30,42,43,33,32;18,31,33,20,19;20,32,31,43,35,34;20,33,35,22,21;22,34,33,43,44,36;22,35,44,37,24,23;24,36,44,45,38,25;25,37,45,40,39;25,38,40,28,27,26;28,39,38,45,41,29;29,40,45,42,30;30,41,45,44,43,31;31,42,44,35,33;35,43,42,45,37,36;37,44,42,41,40,38
ipr#1099 52 1,2,3,4,5,6;0,6,7,8,9,2;0,1,9,10,11,3;0,2,11,12,13,4;0,3,13,14,15,5;0,4,15,16,6;0,5,16,17,7,1;1,6,17,18,19,8;1,7,19,20,21,9;1,8,21,10,2;2,9,21,22,23,11;2,10,23,12,3;3,11,23,24,25,13;3,12,25,26,14,4;4,13,26,27,28,15;4,14,28,29,16,5;5,15,29,30,17,6;6,16,30,31,18,7;7,17,31,32,19;7,18,32,33,20,8;8,19,33,34,21;8,20,34,22,10,9;10,21,34,35,36,23;10,22,36,24,12,11;12,23,36,37,38,25;12,24,38,26,13;13,25,38,39,27,14;14,26,39,40,41,28;14,27,41,29,15;15,28,41,42,30,16;16,29,42,31,17;17,30,42,43,32,18;18,31,43,44,33,19;19,32,44,45,34,20;20,33,45,35,22,21;22,34,45,46,37,36;22,35,37,24,23;24,36,35,46,47,38;24,37,47,39,26,25;26,38,47,48,40,27;27,39,48,49,41;27,40,49,42,29,28;29,41,49,43,31,30;31,42,49,50,44,32;32,43,50,51,45,33;33,44,51,46,35,34;35,45,51,47,37;37,46,51,48,39,38;39,47,51,50,49,40;40,48,50,43,42,41;43,49,48,51,44;44,50,48,47,46,45
ipr#1101 52 1,2,3,4,5;0,5,6,7,8,2;0,1,8,9,10,3;0,2,10,11,12,4;0,3,12,13,14,5;0,4,14,15,6,1;1,5,15,16,17,7;1,6,17,18,19,8;1,7,19,9,2;2,8,19,20,21,10;2,9,21,22,11,3;3,10,22,23,12;3,11,23,24,13,4;4,12,24,25,14;4,13,25,26,15,5;5,14,26,27,16,6;6,15,27,28,17;6,16,28,29,18,7;7,17,29,30,19;7,18,30,20,9,8;9,19,30,31,32,21;9,20,32,33,22,10;10,21,33,34,23,11;11,22,34,35,24,12;12,23,35,36,25,13;13,24,36,37,26,14;14,25,37,38,27,15;15,26,38,39,28,16;16,27,39,40,29,17;17,28,40,41,30,18;18,29,41,31,20,19;20,30,41,42,43,32;20,31,43,33,21;21,32,43,44,34,22;22,33,44,35,23;23,34,44,45,36,24;24,35,45,46,37,25;25,36,46,47,38,26;26,37,47,39,27;27,38,47,48,40,28;28,39,48,49,41,29;29,40,49,42,31,30;31,41,49,50,43;31,42,50,44,33,32;33,43,50,45,35,34;35,44,50,51,46,36;36,45,51,47,37;37,46,51,48,39,38;39,47,51,49,40;40,48,51,50,42,41;42,49,51,45,44,43;45,50,49,48,47,46
ipr#1103 52 1,2,3,4,5,6;0,6,7,8,9,2;0,1,9,10,11,3;0,2,11,12,13,4;0,3,13,14,15,5;0,4,15,16,17,6;0,5,17,7,1;1,6,17,18,19,8;1,7,19,20,21,9;1,8,21,10,2;2,9,21,22,23,11;2,10,23,12,3;3,11,23,24,25,13;3,12,25,26,14,4;4,13,26,27,28,15;4,14,28,16,5;5,15,28,29,30,17;5,16,30,18,7,6;7,17,30,31,32,19;7,18,32,33,20,8;8,19,33,34,35,21;8,20,35,22,10,9;10,21,35,36,37,23;10,22,37,24,12,11;12,23,37,38,39,25;12,24,39,40,26,13;13,25,40,27,14;14,26,40,41,42,28;14,27,42,29,16,15;16,28,42,43,31,30;16,29,31,18,17;18,30,29,43,44,32;18,31,44,45,33,19;19,32,45,46,34,20;20,33,46,47,36,35;20,34,36,22,21;22,35,34,47,38,37;22,36,38,24,23;24,37,36,47,48,39;24,38,48,49,40,25;25,39,49,41,27,26;27,40,49,50,43,42;27,41,43,29,28;29,42,41,50,44,31;31,43,50,51,45,32;32,44,51,46,33;33,45,51,48,47,34;34,46,48,38,36;38,47,46,51,49,39;39,48,51,50,41,40;41,49,51,44,43;44,50,49,48,46,45
ipr#1105 50 1,2,3,4,5;0,5,6,7,8,2;0,1,8,9,10,3;0,2,10,11,12,4;0,3,12,13,14,5;0,4,14,15,6,1;1,5,15,16,17,7;1,6,17,18,19,8;1,7,19,9,2;2,8,19,20,21,10;2,9,21,22,11,3;3,10,22,23,24,12;3,11,24,25,13,4;4,12,25,26,27,14;4,13,27,28,15,5;5,14,28,16,6;6,15,28,29,30,17;6,16,30,31,18,7;7,17,31,32,33,19;7,18,33,20,9,8;9,19,33,34,35,21;9,20,35,36,22,10;10,21,36,23,11;11,22,36,37,38,24;11,23,38,25,12;12,24,38,39,26,13;13,25,39,40,41,27;13,26,41,28,14;14,27,41,29,16,15;16,28,41,42,30;16,29,42,43,31,17;17,30,43,44,32,18;18,31,44,45,34,33;18,32,34,20,19;20,33,32,45,46,35;20,34,46,36,21;21,35,46,37,23,22;23,36,46,47,48,38;23,37,48,39,25,24;25,38,48,40,26;26,39,48,49,42,41;26,40,42,29,28,27;29,41,40,49,43,30;30,42,49,44,31;31,43,49,47,45,32;32,44,47,46,34;34,45,47,37,36,35;37,46,45,44,49,48;37,47,49,40,39,38;40,48,47,44,43,42
ipr#1107 51 1,2,3,4,5,6;0,6,7,8,9,2;0,1,9,10,11,3;0,2,11,12,13,4;0,3,13,14,5;0,4,14,15,16,6;0,5,16,17,7,1;1,6,17,18,19,8;1,7,19,20,21,9;1,8,21,10,2;2,9,21,22,23,11;2,10,23,12,3;3,11,23,24,25,13;3,12,25,26,14,4;4,13,26,27,15,5;5,14,27,28,29,16;5,15,29,30,17,6;6,16,30,18,7;7,17,30,31,32,19;7,18,32,33,20,8;8,19,33,34,35,21;8,20,35,22,10,9;10,21,35,36,37,23;10,22,37,24,12,11;12,23,37,38,39,25;12,24,39,26,13;13,25,39,40,27,14;14,26,40,41,28,15;15,27,41,42,43,29;15,28,43,30,16;16,29,43,31,18,17;18,30,43,44,32;18,31,44,45,33,19;19,32,45,46,34,20;20,33,46,47,36,35;20,34,36,22,21;22,35,34,47,38,37;22,36,38,24,23;24,37,36,47,48,39;24,38,48,40,26,25;26,39,48,49,41,27;27,40,49,50,42,28;28,41,50,44,43;28,42,44,31,30,29;31,43,42,50,45,32;32,44,50,46,33;33,45,50,49,47,34;34,46,49,48,38,36;38,47,49,40,39;40,48,47,46,50,41;41,49,46,45,44,42
ipr#1109 44 1,2,3,4,5;0,5,6,7,8,2;0,1,8,9,10,3;0,2,10,11,12,4;0,3,12,13,14,5;0,4,14,15,6,1;1,5,15,16,17,7;1,6,17,18,19,8;1,7,19,9,2;2,8,19,20,21,10;2,9,21,22,11,3;3,10,22,23,24,12;3,11,24,13,4;4,12,24,25,26,14;4,13,26,15,5;5,14,26,27,16,6;6,15,27,28,17;6,16,28,29,18,7;7,17,29,30,31,19;7,18,31,20,9,8;9,19,31,32,33,21;9,20,33,22,10;10,21,33,34,23,11;11,22,34,35,36,24;11,23,36,25,13,12;13,24,36,37,38,26;13,25,38,27,15,14;15,26,38,39,28,16;16,27,39,40,29,17;17,28,40,30,18;18,29,40,41,32,31;18,30,32,20,19;20,31,30,41,42,33;20,32,42,34,22,21;22,33,42,35,23;23,34,42,43,37,36;23,35,37,25,24;25,36,35,43,39,38;25,37,39,27,26;27,38,37,43,40,28;28,39,43,41,30,29;30,40,43,42,32;32,41,43,35,34,33;35,42,41,40,39,37
ipr#1111 50 1,2,3,4,5,6;0,6,7,8,9,2;0,1,9,10,3;0,2,10,11,12,4;0,3,12,13,14,5;0,4,14,15,16,6;0,5,16,17,7,1;1,6,17,18,8;1,7,18,19,20,9;1,8,20,21,10,2;2,9,21,22,11,3;3,10,22,23,24,12;3,11,24,25,13,4;4,12,25,26,27,14;4,13,27,15,5;5,14,27,28,29,16;5,15,29,17,6;6,16,29,30,18,7;7,17,30,31,19,8;8,18,31,32,33,20;8,19,33,34,21,9;9,20,34,22,10;10,21,34,35,23,11;11,22,35,36,24;11,23,36,37,25,12;12,24,37,26,13;13,25,37,38,39,27;13,26,39,28,15,14;15,27,39,40,41,29;15,28,41,30,17,16;17,29,41,42,31,18;18,30,42,43,32,19;19,31,43,44,33;19,32,44,45,34,20;20,33,45,35,22,21;22,34,45,46,36,23;23,35,46,47,37,24;24,36,47,38,26,25;26,37,47,48,40,39;26,38,40,28,27;28,39,38,48,42,41;28,40,42,30,29;30,41,40,48,43,31;31,42,48,49,44,32;32,43,49,46,45,33;33,44,46,35,34;35,45,44,49,47,36;36,46,49,48,38,37;38,47,49,43,42,40;43,48,47,46,44
ipr#1113 50 1,2,3,4,5,6;0,6,7,8,9,2;0,1,9,10,3;0,2,10,11,12,4;0,3,12,13,5;0,4,13,14,15,6;0,5,15,16,7,1;1,6,16,17,18,8;1,7,18,19,20,9;1,8,20,21,10,2;2,9,21,22,11,3;3,10,22,23,12;3,11,23,24,13,4;4,12,24,25,14,5;5,13,25,26,27,15;5,14,27,16,6;6,15,27,28,17,7;7,16,28,29,18;7,17,29,30,19,8;8,18,30,31,32,20;8,19,32,33,21,9;9,20,33,34,22,10;10,21,34,35,23,11;11,22,35,36,24,12;12,23,36,37,25,13;13,24,37,38,26,14;14,25,38,39,40,27;14,26,40,28,16,15;16,27,40,41,29,17;17,28,41,42,30,18;18,29,42,31,19;19,30,42,43,44,32;19,31,44,33,20;20,32,44,45,34,21;21,33,45,35,22;22,34,45,46,36,23;23,35,46,37,24;24,36,46,47,38,25;25,37,47,39,26;26,38,47,48,41,40;26,39,41,28,27;28,40,39,48,42,29;29,41,48,43,31,30;31,42,48,49,44;31,43,49,45,33,32;33,44,49,46,35,34;35,45,49,47,37,36;37,46,49,48,39,38;39,47,49,43,42,41;43,48,47,46,45,44
ipr#1115 51 1,2,3,4,5,6;0,6,7,8,9,2;0,1,9,10,11,3;0,2,11,12,13,4;0,3,13,14,15,5;0,4,15,16,17,6;0,5,17,18,7,1;1,6,18,19,20,8;1,7,20,21,22,9;1,8,22,10,2;2,9,22,23,24,11;2,10,24,12,3;3,11,24,25,26,13;3,12,26,27,14,4;4,13,27,28,29,15;4,14,29,16,5;5,15,29,30,31,17;5,16,31,18,6;6,17,31,32,19,7;7,18,32,33,20;7,19,33,34,21,8;8,20,34,35,36,22;8,21,36,23,10,9;10,22,36,37,38,24;10,23,38,25,12,11;12,24,38,39,26;12,25,39,40,27,13;13,26,40,28,14;14,27,40,41,42,29;14,28,42,30,16,15;16,29,42,43,44,31;16,30,44,32,18,17;18,31,44,45,33,19;19,32,45,46,34,20;20,33,46,35,21;21,34,46,47,37,36;21,35,37,23,22;23,36,35,47,48,38;23,37,48,39,25,24;25,38,48,49,40,26;26,39,49,41,28,27;28,40,49,50,43,42;28,41,43,30,29;30,42,41,50,45,44;30,43,45,32,31;32,44,43,50,46,33;33,45,50,47,35,34;35,46,50,49,48,37;37,47,49,39,38;39,48,47,50,41,40;41,49,47,46,45,43
ipr#1117 48 1,2,3,4,5;0,5,6,7,8,2;0,1,8,9,10,3;0,2,10,11,12,4;0,3,12,13,14,5;0,4,14,15,6,1;1,5,15,16,17,7;1,6,17,18,19,8;1,7,19,9,2;2,8,19,20,21,10;2,9,21,22,11,3;3,10,22,23,12;3,11,23,24,13,4;4,12,24,25,26,14;4,13,26,15,5;5,14,26,27,16,6;6,15,27,28,17;6,16,28,29,18,7;7,17,29,30,31,19;7,18,31,20,9,8;9,19,31,32,33,21;9,20,33,22,10;10,21,33,34,23,11;11,22,34,35,24,12;12,23,35,36,25,13;13,24,36,37,38,26;13,25,38,27,15,14;15,26,38,39,28,16;16,27,39,40,29,17;17,28,40,30,18;18,29,40,41,42,31;18,30,42,32,20,19;20,31,42,43,33;20,32,43,34,22,21;22,33,43,44,35,23;23,34,44,45,36,24;24,35,45,37,25;25,36,45,46,39,38;25,37,39,27,26;27,38,37,46,40,28;28,39,46,41,30,29;30,40,46,47,42;30,41,47,43,32,31;32,42,47,44,34,33;34,43,47,45,35;35,44,47,46,37,36;37,45,47,41,40,39;41,46,45,44,43,42
ipr#1119 48 1,2,3,4,5;0,5,6,7,8,2;0,1,8,9,10,3;0,2,10,11,12,4;0,3,12,13,14,5;0,4,14,15,6,1;1,5,15,16,17,7;1,6,17,18,19,8;1,7,19,9,2;2,8,19,20,21,10;2,9,21,22,11,3;3,10,22,23,12;3,11,23,24,13,4;4,12,24,25,26,14;4,13,26,15,5;5,14,26,27,16,6;6,15,27,28,17;6,16,28,29,18,7;7,17,29,30,31,19;7,18,31,20,9,8;9,19,31,32,21;9,20,32,33,22,10;10,21,33,34,23,11;11,22,34,35,24,12;12,23,35,36,25,13;13,24,36,37,38,26;13,25,38,27,15,14;15,26,38,39,28,16;16,27,39,40,29,17;17,28,40,30,18;18,29,40,41,42,31;18,30,42,32,20,19;20,31,42,43,33,21;21,32,43,34,22;22,33,43,44,35,23;23,34,44,45,36,24;24,35,45,37,25;25,36,45,46,39,38;25,37,39,27,26;27,38,37,46,40,28;28,39,46,41,30,29;30,40,46,47,42;30,41,47,43,32,31;32,42,47,44,34,33;34,43,47,45,35;35,44,47,46,37,36;37,45,47,41,40,39;41,46,45,44,43,42
ipr#1121 52 1,2,3,4,5;0,5,6,7,8,2;0,1,8,9,10,3;0,2,10,11,12,4;0,3,12,13,14,5;0,4,14,15,6,1;1,5,15,16,17,7;1,6,17,18,19,8;1,7,19,9,2;2,8,19,20,21,10;2,9,21,22,11,3;3,10,22,23,24,12;3,11,24,13,4;4,12,24,25,26,14;4,13,26,15,5;5,14,26,27,16,6;6,15,27,28,29,17;6,16,29,30,18,7;7,17,30,31,32,19;7,18,32,20,9,8;9,19,32,33,21;9,20,33,34,22,10;10,21,34,35,23,11;11,22,35,36,37,24;11,23,37,25,13,12;13,24,37,38,39,26;13,25,39,27,15,14;15,26,39,28,16;16,27,39,40,41,29;16,28,41,42,30,17;17,29,42,31,18;18,30,42,43,44,32;18,31,44,33,20,19;20,32,44,45,34,21;21,33,45,35,22;22,34,45,46,36,23;23,35,46,47,48,37;23,36,48,38,25,24;25,37,48,49,40,39;25,38,40,28,27,26;28,39,38,49,41;28,40,49,50,42,29;29,41,50,43,31,30;31,42,50,51,44;31,43,51,45,33,32;33,44,51,46,35,34;35,45,51,47,36;36,46,51,50,49,48;36,47,49,38,37;38,48,47,50,41,40;41,49,47,51,43,42;43,50,47,46,45,44
ipr#1123 48 1,2,3,4,5;0,5,6,7,8,2;0,1,8,9,10,3;0,2,10,11,12,4;0,3,12,13,14,5;0,4,14,15,6,1;1,5,15,16,17,7;1,6,17,18,19,8;1,7,19,9,2;2,8,19,20,21,10;2,9,21,22,11,3;3,10,22,23,24,12;3,11,24,13,4;4,12,24,25,26,14;4,13,26,27,15,5;5,14,27,16,6;6,15,27,28,29,17;6,16,29,30,18,7;7,17,30,31,19;7,18,31,20,9,8;9,19,31,32,33,21;9,20,33,22,10;10,21,33,34,23,11;11,22,34,35,36,24;11,23,36,25,13,12;13,24,36,37,38,26;13,25,38,39,27,14;14,26,39,28,16,15;16,27,39,40,29;16,28,40,41,30,17;17,29,41,42,31,18;18,30,42,32,20,19;20,31,42,43,44,33;20,32,44,34,22,21;22,33,44,35,23;23,34,44,45,37,36;23,35,37,25,24;25,36,35,45,46,38;25,37,46,39,26;26,38,46,40,28,27;28,39,46,47,41,29;29,40,47,42,30;30,41,47,43,32,31;32,42,47,45,44;32,43,45,35,34,33;35,44,43,47,46,37;37,45,47,40,39,38;40,46,45,43,42,41
ipr#1125 48 1,2,3,4,5,6;0,6,7,8,9,2;0,1,9,10,11,3;0,2,11,12,13,4;0,3,13,14,15,5;0,4,15,16,17,6;0,5,17,7,1;1,6,17,18,19,8;1,7,19,20,21,9;1,8,21,22,10,2;2,9,22,23,24,11;2,10,24,12,3;3,11,24,25,26,13;3,12,26,14,4;4,13,26,27,28,15;4,14,28,16,5;5,15,28,29,30,17;5,16,30,18,7,6;7,17,30,31,32,19;7,18,32,20,8;8,19,32,33,34,21;8,20,34,22,9;9,21,34,35,23,10;10,22,35,36,37,24;10,23,37,25,12,11;12,24,37,38,39,26;12,25,39,27,14,13;14,26,39,40,41,28;14,27,41,29,16,15;16,28,41,42,31,30;16,29,31,18,17;18,30,29,42,43,32;18,31,43,33,20,19;20,32,43,44,45,34;20,33,45,35,22,21;22,34,45,36,23;23,35,45,46,38,37;23,36,38,25,24;25,37,36,46,40,39;25,38,40,27,26;27,39,38,46,47,41;27,40,47,42,29,28;29,41,47,43,31;31,42,47,44,33,32;33,43,47,46,45;33,44,46,36,35,34;36,45,44,47,40,38;40,46,44,43,42,41
ipr#1127 52 1,2,3,4,5,6;0,6,7,8,9,2;0,1,9,10,11,3;0,2,11,12,13,4;0,3,13,14,5;0,4,14,15,16,6;0,5,16,7,1;1,6,16,17,18,8;1,7,18,19,20,9;1,8,20,21,10,2;2,9,21,22,23,11;2,10,23,12,3;3,11,23,24,25,13;3,12,25,26,14,4;4,13,26,27,15,5;5,14,27,28,29,16;5,15,29,17,7,6;7,16,29,30,18;7,17,30,31,19,8;8,18,31,32,33,20;8,19,33,21,9;9,20,33,34,22,10;10,21,34,35,36,23;10,22,36,24,12,11;12,23,36,37,38,25;12,24,38,39,26,13;13,25,39,40,27,14;14,26,40,28,15;15,27,40,41,42,29;15,28,42,30,17,16;17,29,42,43,31,18;18,30,43,44,32,19;19,31,44,45,46,33;19,32,46,34,21,20;21,33,46,35,22;22,34,46,47,37,36;22,35,37,24,23;24,36,35,47,48,38;24,37,48,39,25;25,38,48,49,40,26;26,39,49,41,28,27;28,40,49,50,43,42;28,41,43,30,29;30,42,41,50,44,31;31,43,50,51,45,32;32,44,51,47,46;32,45,47,35,34,33;35,46,45,51,48,37;37,47,51,49,39,38;39,48,51,50,41,40;41,49,51,44,43;44,50,49,48,47,45
ipr#1129 51 1,2,3,4,5,6;0,6,7,8,9,2;0,1,9,10,11,3;0,2,11,12,13,4;0,3,13,14,15,5;0,4,15,16,17,6;0,5,17,7,1;1,6,17,18,19,8;1,7,19,20,21,9;1,8,21,22,10,2;2,9,22,23,24,11;2,10,24,12,3;3,11,24,25,26,13;3,12,26,14,4;4,13,26,27,28,15;4,14,28,16,5;5,15,28,29,30,17;5,16,30,18,7,6;7,17,30,31,32,19;7,18,32,20,8;8,19,32,33,34,21;8,20,34,22,9;9,21,34,35,23,10;10,22,35,36,37,24;10,23,37,25,12,11;12,24,37,38,39,26;12,25,39,27,14,13;14,26,39,40,41,28;14,27,41,29,16,15;16,28,41,42,30;16,29,42,31,18,17;18,30,42,43,44,32;18,31,44,33,20,19;20,32,44,45,46,34;20,33,46,35,22,21;22,34,46,36,23;23,35,46,47,38,37;23,36,38,25,24;25,37,36,47,48,39;25,38,48,40,27,26;27,39,48,49,41;27,40,49,42,29,28;29,41,49,43,31,30;31,42,49,50,44;31,43,50,45,33,32;33,44,50,47,46;33,45,47,36,35,34;36,46,45,50,48,38;38,47,50,49,40,39;40,48,50,43,42,41;43,49,48,47,45,44
ipr#1131 51 1,2,3,4,5;0,5,6,7,8,2;0,1,8,9,10,3;0,2,10,11,12,4;0,3,12,13,14,5;0,4,14,15,6,1;1,5,15,16,17,7;1,6,17,18,8;1,7,18,19,9,2;2,8,19,20,21,10;2,9,21,11,3;3,10,21,22,23,12;3,11,23,13,4;4,12,23,24,25,14;4,13,25,26,15,5;5,14,26,16,6;6,15,26,27,28,17;6,16,28,29,18,7;7,17,29,30,19,8;8,18,30,31,20,9;9,19,31,32,33,21;9,20,33,22,11,10;11,21,33,34,35,23;11,22,35,24,13,12;13,23,35,36,37,25;13,24,37,38,26,14;14,25,38,27,16,15;16,26,38,39,40,28;16,27,40,41,29,17;17,28,41,42,30,18;18,29,42,43,31,19;19,30,43,32,20;20,31,43,44,34,33;20,32,34,22,21;22,33,32,44,45,35;22,34,45,36,24,23;24,35,45,46,37;24,36,46,39,38,25;25,37,39,27,26;27,38,37,46,47,40;27,39,47,48,41,28;28,40,48,42,29;29,41,48,49,43,30;30,42,49,44,32,31;32,43,49,50,45,34;34,44,50,46,36,35;36,45,50,47,39,37;39,46,50,48,40;40,47,50,49,42,41;42,48,50,44,43;44,49,48,47,46,45
ipr#1133 51 1,2,3,4,5;0,5,6,7,8,2;0,1,8,9,10,3;0,2,10,11,12,4;0,3,12,13,14,5;0,4,14,15,6,1;1,5,15,16,17,7;1,6,17,18,19,8;1,7,19,20,9,2;2,8,20,21,22,10;2,9,22,11,3;3,10,22,23,24,12;3,11,24,13,4;4,12,24,25,26,14;4,13,26,27,15,5;5,14,27,16,6;6,15,27,28,29,17;6,16,29,30,18,7;7,17,30,31,32,19;7,18,32,20,8;8,19,32,33,21,9;9,20,33,34,35,22;9,21,35,23,11,10;11,22,35,36,37,24;11,23,37,25,13,12;13,24,37,38,39,26;13,25,39,40,27,14;14,26,40,28,16,15;16,27,40,41,42,29;16,28,42,30,17;17,29,42,43,31,18;18,30,43,44,45,32;18,31,45,33,20,19;20,32,45,34,21;21,33,45,46,36,35;21,34,36,23,22;23,35,34,46,47,37;23,36,47,38,25,24;25,37,47,48,39;25,38,48,41,40,26;26,39,41,28,27;28,40,39,48,49,42;28,41,49,43,30,29;30,42,49,50,44,31;31,43,50,46,45;31,44,46,34,33,32;34,45,44,50,47,36;36,46,50,48,38,37;38,47,50,49,41,39;41,48,50,43,42;43,49,48,47,46,44
ipr#1135 51 1,2,3,4,5;0,5,6,7,8,2;0,1,8,9,10,3;0,2,10,11,12,4;0,3,12,13,14,5;0,4,14,15,6,1;1,5,15,16,17,7;1,6,17,18,19,8;1,7,19,20,9,2;2,8,20,21,22,10;2,9,22,11,3;3,10,22,23,24,12;3,11,24,13,4;4,12,24,25,26,14;4,13,26,15,5;5,14,26,27,16,6;6,15,27,28,29,17;6,16,29,18,7;7,17,29,30,31,19;7,18,31,32,20,8;8,19,32,33,21,9;9,20,33,34,35,22;9,21,35,23,11,10;11,22,35,36,24;11,23,36,25,13,12;13,24,36,37,38,26;13,25,38,27,15,14;15,26,38,39,28,16;16,27,39,40,41,29;16,28,41,30,18,17;18,29,41,42,43,31;18,30,43,32,19;19,31,43,44,33,20;20,32,44,45,34,21;21,33,45,46,35;21,34,46,36,23,22;23,35,46,37,25,24;25,36,46,47,48,38;25,37,48,39,27,26;27,38,48,40,28;28,39,48,49,42,41;28,40,42,30,29;30,41,40,49,50,43;30,42,50,44,32,31;32,43,50,45,33;33,44,50,47,46,34;34,45,47,37,36,35;37,46,45,50,49,48;37,47,49,40,39,38;40,48,47,50,42;42,49,47,45,44,43
ipr#1137 52 1,2,3,4,5,6;0,6,7,8,9,2;0,1,9,10,11,3;0,2,11,12,4;0,3,12,13,14,5;0,4,14,15,16,6;0,5,16,17,7,1;1,6,17,18,19,8;1,7,19,20,21,9;1,8,21,22,10,2;2,9,22,23,11;2,10,23,24,12,3;3,11,24,25,13,4;4,12,25,26,27,14;4,13,27,15,5;5,14,27,28,29,16;5,15,29,17,6;6,16,29,30,18,7;7,17,30,31,19;7,18,31,32,20,8;8,19,32,33,34,21;8,20,34,22,9;9,21,34,35,23,10;10,22,35,36,24,11;11,23,36,37,25,12;12,24,37,26,13;13,25,37,38,39,27;13,26,39,28,15,14;15,27,39,40,41,29;15,28,41,30,17,16;17,29,41,42,31,18;18,30,42,43,32,19;19,31,43,44,33,20;20,32,44,45,34;20,33,45,35,22,21;22,34,45,46,36,23;23,35,46,47,37,24;24,36,47,38,26,25;26,37,47,48,40,39;26,38,40,28,27;28,39,38,48,49,41;28,40,49,42,30,29;30,41,49,43,31;31,42,49,50,44,32;32,43,50,51,45,33;33,44,51,46,35,34;35,45,51,47,36;36,46,51,48,38,37;38,47,51,50,49,40;40,48,50,43,42,41;43,49,48,51,44;44,50,48,47,46,45
ipr#1139 42 1,2,3,4,5,6;0,6,7,8,2;0,1,8,9,10,3;0,2,10,11,12,4;0,3,12,13,14,5;0,4,14,15,16,6;0,5,16,17,7,1;1,6,17,18,19,8;1,7,19,20,9,2;2,8,20,21,22,10;2,9,22,11,3;3,10,22,23,24,12;3,11,24,13,4;4,12,24,25,26,14;4,13,26,15,5;5,14,26,27,28,16;5,15,28,17,6;6,16,28,29,18,7;7,17,29,30,19;7,18,30,31,20,8;8,19,31,21,9;9,20,31,32,33,22;9,21,33,23,11,10;11,22,33,34,24;11,23,34,25,13,12;13,24,34,35,36,26;13,25,36,27,15,14;15,26,36,37,28;15,27,37,29,17,16;17,28,37,38,30,18;18,29,38,39,31,19;19,30,39,32,21,20;21,31,39,40,33;21,32,40,34,23,22;23,33,40,35,25,24;25,34,40,41,36;25,35,41,37,27,26;27,36,41,38,29,28;29,37,41,39,30;30,38,41,40,32,31;32,39,41,35,34,33;35,40,39,38,37,36
ipr#1141 48 1,2,3,4,5,6;0,6,7,8,9,2;0,1,9,10,3;0,2,10,11,12,4;0,3,12,13,14,5;0,4,14,15,16,6;0,5,16,7,1;1,6,16,17,18,8;1,7,18,19,20,9;1,8,20,21,10,2;2,9,21,22,11,3;3,10,22,23,24,12;3,11,24,13,4;4,12,24,25,26,14;4,13,26,15,5;5,14,26,27,28,16;5,15,28,17,7,6;7,16,28,29,30,18;7,17,30,19,8;8,18,30,31,32,20;8,19,32,33,21,9;9,20,33,34,22,10;10,21,34,35,23,11;11,22,35,36,24;11,23,36,25,13,12;13,24,36,37,38,26;13,25,38,27,15,14;15,26,38,39,29,28;15,27,29,17,16;17,28,27,39,40,30;17,29,40,31,19,18;19,30,40,41,32;19,31,41,42,33,20;20,32,42,34,21;21,33,42,43,35,22;22,34,43,44,36,23;23,35,44,37,25,24;25,36,44,45,38;25,37,45,39,27,26;27,38,45,46,40,29;29,39,46,41,31,30;31,40,46,47,42,32;32,41,47,43,34,33;34,42,47,44,35;35,43,47,45,37,36;37,44,47,46,39,38;39,45,47,41,40;41,46,45,44,43,42
ipr#1143 51 1,2,3,4,5,6;0,6,7,8,9,2;0,1,9,10,3;0,2,10,11,12,4;0,3,12,13,14,5;0,4,14,15,16,6;0,5,16,7,1;1,6,16,17,18,8;1,7,18,19,20,9;1,8,20,21,10,2;2,9,21,22,11,3;3,10,22,23,24,12;3,11,24,13,4;4,12,24,25,26,14;4,13,26,27,15,5;5,14,27,28,29,16;5,15,29,17,7,6;7,16,29,30,31,18;7,17,31,19,8;8,18,31,32,33,20;8,19,33,34,21,9;9,20,34,35,22,10;10,21,35,36,23,11;11,22,36,37,24;11,23,37,25,13,12;13,24,37,38,39,26;13,25,39,40,27,14;14,26,40,28,15;15,27,40,41,30,29;15,28,30,17,16;17,29,28,41,42,31;17,30,42,32,19,18;19,31,42,43,33;19,32,43,44,34,20;20,33,44,35,21;21,34,44,45,36,22;22,35,45,46,37,23;23,36,46,38,25,24;25,37,46,47,39;25,38,47,48,40,26;26,39,48,41,28,27;28,40,48,49,42,30;30,41,49,43,32,31;32,42,49,50,44,33;33,43,50,45,35,34;35,44,50,46,36;36,45,50,47,38,37;38,46,50,49,48,39;39,47,49,41,40;41,48,47,50,43,42;43,49,47,46,45,44
ipr#1145 48 1,2,3,4,5,6;0,6,7,8,9,2;0,1,9,10,11,3;0,2,11,12,13,4;0,3,13,14,15,5;0,4,15,16,17,6;0,5,17,7,1;1,6,17,18,19,8;1,7,19,20,9;1,8,20,21,10,2;2,9,21,22,11;2,10,22,23,12,3;3,11,23,24,25,13;3,12,25,14,4;4,13,25,26,27,15;4,14,27,16,5;5,15,27,28,29,17;5,16,29,18,7,6;7,17,29,30,31,19;7,18,31,32,20,8;8,19,32,33,21,9;9,20,33,34,22,10;10,21,34,35,23,11;11,22,35,36,24,12;12,23,36,37,25;12,24,37,26,14,13;14,25,37,38,39,27;14,26,39,28,16,15;16,27,39,40,29;16,28,40,30,18,17;18,29,40,41,42,31;18,30,42,32,19;19,31,42,43,33,20;20,32,43,34,21;21,33,43,44,35,22;22,34,44,36,23;23,35,44,45,37,24;24,36,45,38,26,25;26,37,45,46,39;26,38,46,40,28,27;28,39,46,41,30,29;30,40,46,47,42;30,41,47,43,32,31;32,42,47,44,34,33;34,43,47,45,36,35;36,44,47,46,38,37;38,45,47,41,40,39;41,46,45,44,43,42
ipr#1147 51 1,2,3,4,5,6;0,6,7,8,9,2;0,1,9,10,11,3;0,2,11,12,13,4;0,3,13,14,5;0,4,14,15,16,6;0,5,16,7,1;1,6,16,17,18,8;1,7,18,19,9;1,8,19,20,10,2;2,9,20,21,22,11;2,10,22,12,3;3,11,22,23,24,13;3,12,24,25,14,4;4,13,25,26,15,5;5,14,26,27,28,16;5,15,28,17,7,6;7,16,28,29,30,18;7,17,30,31,19,8;8,18,31,32,20,9;9,19,32,33,21,10;10,20,33,34,35,22;10,21,35,23,12,11;12,22,35,36,37,24;12,23,37,25,13;13,24,37,38,26,14;14,25,38,39,27,15;15,26,39,40,28;15,27,40,29,17,16;17,28,40,41,42,30;17,29,42,31,18;18,30,42,43,32,19;19,31,43,33,20;20,32,43,44,34,21;21,33,44,45,35;21,34,45,36,23,22;23,35,45,46,37;23,36,46,38,25,24;25,37,46,47,39,26;26,38,47,48,40,27;27,39,48,41,29,28;29,40,48,49,42;29,41,49,43,31,30;31,42,49,44,33,32;33,43,49,50,45,34;34,44,50,46,36,35;36,45,50,47,38,37;38,46,50,48,39;39,47,50,49,41,40;41,48,50,44,43,42;44,49,48,47,46,45
ipr#1149 51 1,2,3,4,5,6;0,6,7,8,9,2;0,1,9,10,11,3;0,2,11,12,13,4;0,3,13,14,15,5;0,4,15,16,17,6;0,5,17,7,1;1,6,17,18,19,8;1,7,19,20,9;1,8,20,21,10,2;2,9,21,22,11;2,10,22,23,12,3;3,11,23,24,25,13;3,12,25,14,4;4,13,25,26,27,15;4,14,27,16,5;5,15,27,28,29,17;5,16,29,18,7,6;7,17,29,30,31,19;7,18,31,32,20,8;8,19,32,33,21,9;9,20,33,34,22,10;10,21,34,35,23,11;11,22,35,36,24,12;12,23,36,37,25;12,24,37,26,14,13;14,25,37,38,39,27;14,26,39,28,16,15;16,27,39,40,29;16,28,40,30,18,17;18,29,40,41,42,31;18,30,42,32,19;19,31,42,43,33,20;20,32,43,44,34,21;21,33,44,45,35,22;22,34,45,36,23;23,35,45,46,37,24;24,36,46,38,26,25;26,37,46,47,48,39;26,38,48,40,28,27;28,39,48,41,30,29;30,40,48,49,42;30,41,49,43,32,31;32,42,49,50,44,33;33,43,50,45,34;34,44,50,46,36,35;36,45,50,47,38,37;38,46,50,49,48;38,47,49,41,40,39;41,48,47,50,43,42;43,49,47,46,45,44
ipr#1151 52 1,2,3,4,5,6;0,6,7,8,9,2;0,1,9,10,11,3;0,2,11,12,13,4;0,3,13,14,15,5;0,4,15,16,17,6;0,5,17,7,1;1,6,17,18,19,8;1,7,19,20,9;1,8,20,21,10,2;2,9,21,22,23,11;2,10,23,24,12,3;3,11,24,25,26,13;3,12,26,14,4;4,13,26,27,28,15;4,14,28,16,5;5,15,28,29,30,17;5,16,30,18,7,6;7,17,30,31,32,19;7,18,32,33,20,8;8,19,33,34,21,9;9,20,34,22,10;10,21,34,35,36,23;10,22,36,37,24,11;11,23,37,38,25,12;12,24,38,39,26;12,25,39,27,14,13;14,26,39,40,41,28;14,27,41,29,16,15;16,28,41,42,30;16,29,42,31,18,17;18,30,42,43,44,32;18,31,44,33,19;19,32,44,45,34,20;20,33,45,35,22,21;22,34,45,46,36;22,35,46,47,37,23;23,36,47,38,24;24,37,47,48,39,25;25,38,48,40,27,26;27,39,48,49,41;27,40,49,42,29,28;29,41,49,43,31,30;31,42,49,50,51,44;31,43,51,45,33,32;33,44,51,46,35,34;35,45,51,50,47,36;36,46,50,48,38,37;38,47,50,49,40,39;40,48,50,43,42,41;43,49,48,47,46,51;43,50,46,45,44
ipr#1153 48 1,2,3,4,5,6;0,6,7,8,9,2;0,1,9,10,3;0,2,10,11,12,4;0,3,12,13,14,5;0,4,14,15,16,6;0,5,16,7,1;1,6,16,17,18,8;1,7,18,19,9;1,8,19,20,10,2;2,9,20,21,11,3;3,10,21,22,12;3,11,22,23,13,4;4,12,23,24,25,14;4,13,25,15,5;5,14,25,26,27,16;5,15,27,17,7,6;7,16,27,28,29,18;7,17,29,30,19,8;8,18,30,31,20,9;9,19,31,32,21,10;10,20,32,33,22,11;11,21,33,34,23,12;12,22,34,35,24,13;13,23,35,36,37,25;13,24,37,26,15,14;15,25,37,38,27;15,26,38,28,17,16;17,27,38,39,40,29;17,28,40,30,18;18,29,40,41,31,19;19,30,41,42,32,20;20,31,42,33,21;21,32,42,43,34,22;22,33,43,35,23;23,34,43,44,36,24;24,35,44,45,37;24,36,45,38,26,25;26,37,45,39,28,27;28,38,45,46,40;28,39,46,41,30,29;30,40,46,47,42,31;31,41,47,43,33,32;33,42,47,44,35,34;35,43,47,46,45,36;36,44,46,39,38,37;39,45,44,47,41,40;41,46,44,43,42
ipr#1155 51 1,2,3,4,5,6;0,6,7,8,9,2;0,1,9,10,3;0,2,10,11,12,4;0,3,12,13,14,5;0,4,14,15,16,6;0,5,16,7,1;1,6,16,17,18,8;1,7,18,19,9;1,8,19,20,10,2;2,9,20,21,11,3;3,10,21,22,12;3,11,22,23,13,4;4,12,23,24,25,14;4,13,25,26,15,5;5,14,26,27,16;5,15,27,17,7,6;7,16,27,28,29,18;7,17,29,30,19,8;8,18,30,31,20,9;9,19,31,32,21,10;10,20,32,33,22,11;11,21,33,34,23,12;12,22,34,35,24,13;13,23,35,36,37,25;13,24,37,38,26,14;14,25,38,39,27,15;15,26,39,28,17,16;17,27,39,40,29;17,28,40,41,30,18;18,29,41,42,31,19;19,30,42,43,32,20;20,31,43,33,21;21,32,43,44,34,22;22,33,44,35,23;23,34,44,45,36,24;24,35,45,46,37;24,36,46,47,38,25;25,37,47,39,26;26,38,47,40,28,27;28,39,47,48,41,29;29,40,48,49,42,30;30,41,49,50,43,31;31,42,50,44,33,32;33,43,50,45,35,34;35,44,50,49,46,36;36,45,49,48,47,37;37,46,48,40,39,38;40,47,46,49,41;41,48,46,45,50,42;42,49,45,44,43
ipr#1157 48 1,2,3,4,5,6;0,6,7,8,9,2;0,1,9,10,3;0,2,10,11,12,4;0,3,12,13,14,5;0,4,14,15,16,6;0,5,16,7,1;1,6,16,17,18,8;1,7,18,19,9;1,8,19,20,10,2;2,9,20,21,11,3;3,10,21,22,23,12;3,11,23,13,4;4,12,23,24,25,14;4,13,25,15,5;5,14,25,26,27,16;5,15,27,17,7,6;7,16,27,28,29,18;7,17,29,30,19,8;8,18,30,31,20,9;9,19,31,32,21,10;10,20,32,33,22,11;11,21,33,34,35,23;11,22,35,24,13,12;13,23,35,36,37,25;13,24,37,26,15,14;15,25,37,38,39,27;15,26,39,28,17,16;17,27,39,40,41,29;17,28,41,30,18;18,29,41,42,31,19;19,30,42,32,20;20,31,42,43,33,21;21,32,43,44,34,22;22,33,44,45,36,35;22,34,36,24,23;24,35,34,45,38,37;24,36,38,26,25;26,37,36,45,46,39;26,38,46,40,28,27;28,39,46,47,41;28,40,47,42,30,29;30,41,47,43,32,31;32,42,47,44,33;33,43,47,46,45,34;34,44,46,38,36;38,45,44,47,40,39;40,46,44,43,42,41
ipr#1159 51 1,2,3,4,5,6;0,6,7,8,9,2;0,1,9,10,3;0,2,10,11,12,4;0,3,12,13,14,5;0,4,14,15,16,6;0,5,16,7,1;1,6,16,17,18,8;1,7,18,19,9;1,8,19,20,10,2;2,9,20,21,11,3;3,10,21,22,23,12;3,11,23,24,13,4;4,12,24,25,26,14;4,13,26,15,5;5,14,26,27,28,16;5,15,28,17,7,6;7,16,28,29,30,18;7,17,30,31,19,8;8,18,31,32,20,9;9,19,32,33,21,10;10,20,33,34,22,11;11,21,34,35,36,23;11,22,36,24,12;12,23,36,37,25,13;13,24,37,38,39,26;13,25,39,27,15,14;15,26,39,40,41,28;15,27,41,29,17,16;17,28,41,42,43,30;17,29,43,31,18;18,30,43,44,32,19;19,31,44,33,20;20,32,44,45,34,21;21,33,45,35,22;22,34,45,46,47,36;22,35,47,37,24,23;24,36,47,38,25;25,37,47,48,40,39;25,38,40,27,26;27,39,38,48,49,41;27,40,49,42,29,28;29,41,49,50,43;29,42,50,44,31,30;31,43,50,45,33,32;33,44,50,46,35,34;35,45,50,49,48,47;35,46,48,38,37,36;38,47,46,49,40;40,48,46,50,42,41;42,49,46,45,44,43
ipr#1161 52 1,2,3,4,5,6;0,6,7,8,9,2;0,1,9,10,11,3;0,2,11,12,13,4;0,3,13,14,15,5;0,4,15,16,17,6;0,5,17,7,1;1,6,17,18,19,8;1,7,19,20,9;1,8,20,21,10,2;2,9,21,22,23,11;2,10,23,12,3;3,11,23,24,25,13;3,12,25,14,4;4,13,25,26,27,15;4,14,27,16,5;5,15,27,28,29,17;5,16,29,18,7,6;7,17,29,30,31,19;7,18,31,32,20,8;8,19,32,33,21,9;9,20,33,34,22,10;10,21,34,35,36,23;10,22,36,24,12,11;12,23,36,37,38,25;12,24,38,26,14,13;14,25,38,39,27;14,26,39,28,16,15;16,27,39,40,41,29;16,28,41,30,18,17;18,29,41,42,43,31;18,30,43,32,19;19,31,43,44,33,20;20,32,44,34,21;21,33,44,45,35,22;22,34,45,46,47,36;22,35,47,37,24,23;24,36,47,48,38;24,37,48,39,26,25;26,38,48,40,28,27;28,39,48,49,50,41;28,40,50,42,30,29;30,41,50,51,43;30,42,51,44,32,31;32,43,51,45,34,33;34,44,51,46,35;35,45,51,50,49,47;35,46,49,48,37,36;37,47,49,40,39,38;40,48,47,46,50;40,49,46,51,42,41;42,50,46,45,44,43
ipr#1163 49 1,2,3,4,5,6;0,6,7,8,9,2;0,1,9,10,11,3;0,2,11,12,13,4;0,3,13,14,15,5;0,4,15,16,17,6;0,5,17,7,1;1,6,17,18,19,8;1,7,19,20,9;1,8,20,21,10,2;2,9,21,22,23,11;2,10,23,12,3;3,11,23,24,25,13;3,12,25,14,4;4,13,25,26,27,15;4,14,27,16,5;5,15,27,28,29,17;5,16,29,18,7,6;7,17,29,30,31,19;7,18,31,32,20,8;8,19,32,33,21,9;9,20,33,34,22,10;10,21,34,35,36,23;10,22,36,24,12,11;12,23,36,37,25;12,24,37,26,14,13;14,25,37,38,39,27;14,26,39,28,16,15;16,27,39,40,29;16,28,40,30,18,17;18,29,40,41,42,31;18,30,42,32,19;19,31,42,43,33,20;20,32,43,34,21;21,33,43,44,35,22;22,34,44,45,46,36;22,35,46,37,24,23;24,36,46,38,26,25;26,37,46,45,47,39;26,38,47,40,28,27;28,39,47,41,30,29;30,40,47,48,42;30,41,48,43,32,31;32,42,48,44,34,33;34,43,48,45,35;35,44,48,47,38,46;35,45,38,37,36;38,45,48,41,40,39;41,47,45,44,43,42
ipr#1165 52 1,2,3,4,5,6;0,6,7,8,9,2;0,1,9,10,11,3;0,2,11,12,13,4;0,3,13,14,15,5;0,4,15,16,17,6;0,5,17,18,7,1;1,6,18,19,20,8;1,7,20,21,9;1,8,21,22,10,2;2,9,22,23,24,11;2,10,24,12,3;3,11,24,25,26,13;3,12,26,14,4;4,13,26,27,28,15;4,14,28,16,5;5,15,28,29,30,17;5,16,30,31,18,6;6,17,31,19,7;7,18,31,32,33,20;7,19,33,34,21,8;8,20,34,35,22,9;9,21,35,36,23,10;10,22,36,37,38,24;10,23,38,25,12,11;12,24,38,39,26;12,25,39,27,14,13;14,26,39,40,41,28;14,27,41,29,16,15;16,28,41,42,30;16,29,42,43,31,17;17,30,43,32,19,18;19,31,43,44,45,33;19,32,45,34,20;20,33,45,46,35,21;21,34,46,36,22;22,35,46,47,37,23;23,36,47,48,49,38;23,37,49,39,25,24;25,38,49,40,27,26;27,39,49,48,50,41;27,40,50,42,29,28;29,41,50,44,43,30;30,42,44,32,31;32,43,42,50,51,45;32,44,51,46,34,33;34,45,51,47,36,35;36,46,51,48,37;37,47,51,50,40,49;37,48,40,39,38;40,48,51,44,42,41;44,50,48,47,46,45
ipr#1167 52 1,2,3,4,5,6;0,6,7,8,9,2;0,1,9,10,11,3;0,2,11,12,13,4;0,3,13,14,15,5;0,4,15,16,17,6;0,5,17,7,1;1,6,17,18,19,8;1,7,19,20,9;1,8,20,21,10,2;2,9,21,22,23,11;2,10,23,12,3;3,11,23,24,25,13;3,12,25,14,4;4,13,25,26,27,15;4,14,27,16,5;5,15,27,28,29,17;5,16,29,18,7,6;7,17,29,30,31,19;7,18,31,32,20,8;8,19,32,33,21,9;9,20,33,34,22,10;10,21,34,35,36,23;10,22,36,24,12,11;12,23,36,37,38,25;12,24,38,26,14,13;14,25,38,39,40,27;14,26,40,28,16,15;16,27,40,41,29;16,28,41,30,18,17;18,29,41,42,43,31;18,30,43,32,19;19,31,43,44,33,20;20,32,44,45,34,21;21,33,45,35,22;22,34,45,46,37,36;22,35,37,24,23;24,36,35,46,47,38;24,37,47,39,26,25;26,38,47,48,49,40;26,39,49,41,28,27;28,40,49,42,30,29;30,41,49,50,43;30,42,50,44,32,31;32,43,50,51,45,33;33,44,51,46,35,34;35,45,51,48,47,37;37,46,48,39,38;39,47,46,51,50,49;39,48,50,42,41,40;42,49,48,51,44,43;44,50,48,46,45
ipr#1169 46 1,2,3,4,5,6;0,6,7,8,2;0,1,8,9,10,3;0,2,10,11,12,4;0,3,12,13,14,5;0,4,14,15,16,6;0,5,16,17,7,1;1,6,17,18,19,8;1,7,19,20,9,2;2,8,20,21,10;2,9,21,22,11,3;3,10,22,23,24,12;3,11,24,13,4;4,12,24,25,26,14;4,13,26,15,5;5,14,26,27,28,16;5,15,28,17,6;6,16,28,29,18,7;7,17,29,30,19;7,18,30,31,20,8;8,19,31,32,21,9;9,20,32,33,22,10;10,21,33,34,23,11;11,22,34,35,24;11,23,35,25,13,12;13,24,35,36,37,26;13,25,37,27,15,14;15,26,37,38,28;15,27,38,29,17,16;17,28,38,39,30,18;18,29,39,40,31,19;19,30,40,41,32,20;20,31,41,33,21;21,32,41,42,34,22;22,33,42,43,35,23;23,34,43,36,25,24;25,35,43,44,37;25,36,44,38,27,26;27,37,44,39,29,28;29,38,44,45,40,30;30,39,45,41,31;31,40,45,42,33,32;33,41,45,43,34;34,42,45,44,36,35;36,43,45,39,38,37;39,44,43,42,41,40
ipr#1171 49 1,2,3,4,5,6;0,6,7,8,9,2;0,1,9,10,11,3;0,2,11,12,13,4;0,3,13,14,15,5;0,4,15,16,17,6;0,5,17,18,7,1;1,6,18,19,20,8;1,7,20,21,9;1,8,21,22,10,2;2,9,22,23,11;2,10,23,24,12,3;3,11,24,25,26,13;3,12,26,14,4;4,13,26,27,28,15;4,14,28,16,5;5,15,28,29,30,17;5,16,30,18,6;6,17,30,31,19,7;7,18,31,32,20;7,19,32,33,21,8;8,20,33,34,22,9;9,21,34,35,23,10;10,22,35,36,24,11;11,23,36,37,25,12;12,24,37,38,26;12,25,38,27,14,13;14,26,38,39,40,28;14,27,40,29,16,15;16,28,40,41,30;16,29,41,31,18,17;18,30,41,42,32,19;19,31,42,43,33,20;20,32,43,34,21;21,33,43,44,35,22;22,34,44,36,23;23,35,44,45,37,24;24,36,45,46,38,25;25,37,46,39,27,26;27,38,46,47,40;27,39,47,41,29,28;29,40,47,42,31,30;31,41,47,48,43,32;32,42,48,44,34,33;34,43,48,45,36,35;36,44,48,46,37;37,45,48,47,39,38;39,46,48,42,41,40;42,47,46,45,44,43
ipr#1173 52 1,2,3,4,5,6;0,6,7,8,9,2;0,1,9,10,11,3;0,2,11,12,13,4;0,3,13,14,15,5;0,4,15,16,17,6;0,5,17,7,1;1,6,17,18,19,8;1,7,19,20,21,9;1,8,21,10,2;2,9,21,22,23,11;2,10,23,24,12,3;3,11,24,25,26,13;3,12,26,14,4;4,13,26,27,28,15;4,14,28,16,5;5,15,28,29,30,17;5,16,30,18,7,6;7,17,30,31,32,19;7,18,32,33,20,8;8,19,33,34,21;8,20,34,22,10,9;10,21,34,35,36,23;10,22,36,37,24,11;11,23,37,38,25,12;12,24,38,39,26;12,25,39,27,14,13;14,26,39,40,41,28;14,27,41,29,16,15;16,28,41,42,30;16,29,42,31,18,17;18,30,42,43,44,32;18,31,44,33,19;19,32,44,45,34,20;20,33,45,35,22,21;22,34,45,46,47,36;22,35,47,37,23;23,36,47,48,38,24;24,37,48,49,39,25;25,38,49,40,27,26;27,39,49,50,41;27,40,50,42,29,28;29,41,50,43,31,30;31,42,50,51,46,44;31,43,46,45,33,32;33,44,46,35,34;35,45,44,43,51,47;35,46,51,48,37,36;37,47,51,49,38;38,48,51,50,40,39;40,49,51,43,42,41;43,50,49,48,47,46
ipr#1175 52 1,2,3,4,5,6;0,6,7,8,9,2;0,1,9,10,11,3;0,2,11,12,13,4;0,3,13,14,15,5;0,4,15,16,17,6;0,5,17,18,7,1;1,6,18,19,20,8;1,7,20,21,9;1,8,21,22,10,2;2,9,22,23,11;2,10,23,24,12,3;3,11,24,25,26,13;3,12,26,14,4;4,13,26,27,28,15;4,14,28,16,5;5,15,28,29,30,17;5,16,30,18,6;6,17,30,31,19,7;7,18,31,32,33,20;7,19,33,34,21,8;8,20,34,35,22,9;9,21,35,36,23,10;10,22,36,37,24,11;11,23,37,38,25,12;12,24,38,39,26;12,25,39,27,14,13;14,26,39,40,41,28;14,27,41,29,16,15;16,28,41,42,30;16,29,42,31,18,17;18,30,42,43,32,19;19,31,43,44,33;19,32,44,45,34,20;20,33,45,35,21;21,34,45,46,36,22;22,35,46,37,23;23,36,46,47,38,24;24,37,47,48,39,25;25,38,48,40,27,26;27,39,48,49,41;27,40,49,42,29,28;29,41,49,43,31,30;31,42,49,50,44,32;32,43,50,51,45,33;33,44,51,46,35,34;35,45,51,47,37,36;37,46,51,50,48,38;38,47,50,49,40,39;40,48,50,43,42,41;43,49,48,47,51,44;44,50,47,46,45
ipr#1177 52 1,2,3,4,5,6;0,6,7,8,9,2;0,1,9,10,11,3;0,2,11,12,13,4;0,3,13,14,15,5;0,4,15,16,17,6;0,5,17,18,7,1;1,6,18,19,20,8;1,7,20,21,9;1,8,21,22,10,2;2,9,22,23,11;2,10,23,24,12,3;3,11,24,25,26,13;3,12,26,14,4;4,13,26,27,28,15;4,14,28,16,5;5,15,28,29,30,17;5,16,30,18,6;6,17,30,31,19,7;7,18,31,32,20;7,19,32,33,21,8;8,20,33,34,22,9;9,21,34,35,23,10;10,22,35,36,24,11;11,23,36,37,25,12;12,24,37,38,39,26;12,25,39,27,14,13;14,26,39,40,41,28;14,27,41,29,16,15;16,28,41,42,43,30;16,29,43,31,18,17;18,30,43,44,32,19;19,31,44,45,33,20;20,32,45,34,21;21,33,45,46,35,22;22,34,46,36,23;23,35,46,47,37,24;24,36,47,48,38,25;25,37,48,49,40,39;25,38,40,27,26;27,39,38,49,42,41;27,40,42,29,28;29,41,40,49,50,43;29,42,50,44,31,30;31,43,50,51,45,32;32,44,51,46,34,33;34,45,51,47,36,35;36,46,51,48,37;37,47,51,50,49,38;38,48,50,42,40;42,49,48,51,44,43;44,50,48,47,46,45
ipr#1179 52 1,2,3,4,5,6;0,6,7,8,2;0,1,8,9,10,3;0,2,10,11,12,4;0,3,12,13,14,5;0,4,14,15,16,6;0,5,16,17,7,1;1,6,17,18,19,8;1,7,19,20,9,2;2,8,20,21,10;2,9,21,22,11,3;3,10,22,23,24,12;3,11,24,13,4;4,12,24,25,26,14;4,13,26,27,15,5;5,14,27,28,16;5,15,28,29,17,6;6,16,29,18,7;7,17,29,30,31,19;7,18,31,32,20,8;8,19,32,33,21,9;9,20,33,34,22,10;10,21,34,35,23,11;11,22,35,36,24;11,23,36,25,13,12;13,24,36,37,38,26;13,25,38,39,27,14;14,26,39,40,28,15;15,27,40,41,29,16;16,28,41,30,18,17;18,29,41,42,43,31;18,30,43,44,32,19;19,31,44,45,33,20;20,32,45,34,21;21,33,45,46,35,22;22,34,46,47,36,23;23,35,47,37,25,24;25,36,47,48,38;25,37,48,49,39,26;26,38,49,40,27;27,39,49,42,41,28;28,40,42,30,29;30,41,40,49,50,43;30,42,50,44,31;31,43,50,51,45,32;32,44,51,46,34,33;34,45,51,47,35;35,46,51,48,37,36;37,47,51,50,49,38;38,48,50,42,40,39;42,49,48,51,44,43;44,50,48,47,46,45
ipr#1181 52 1,2,3,4,5,6;0,6,7,8,2;0,1,8,9,10,3;0,2,10,11,12,4;0,3,12,13,14,5;0,4,14,15,16,6;0,5,16,17,7,1;1,6,17,18,19,8;1,7,19,20,9,2;2,8,20,21,10;2,9,21,22,11,3;3,10,22,23,24,12;3,11,24,13,4;4,12,24,25,26,14;4,13,26,15,5;5,14,26,27,28,16;5,15,28,29,17,6;6,16,29,30,18,7;7,17,30,31,19;7,18,31,32,20,8;8,19,32,33,21,9;9,20,33,34,22,10;10,21,34,35,23,11;11,22,35,36,37,24;11,23,37,25,13,12;13,24,37,38,39,26;13,25,39,27,15,14;15,26,39,40,41,28;15,27,41,42,29,16;16,28,42,30,17;17,29,42,43,31,18;18,30,43,44,32,19;19,31,44,45,33,20;20,32,45,34,21;21,33,45,46,35,22;22,34,46,47,36,23;23,35,47,48,38,37;23,36,38,25,24;25,37,36,48,40,39;25,38,40,27,26;27,39,38,48,49,41;27,40,49,50,42,28;28,41,50,43,30,29;30,42,50,44,31;31,43,50,51,45,32;32,44,51,46,34,33;34,45,51,47,35;35,46,51,49,48,36;36,47,49,40,38;40,48,47,51,50,41;41,49,51,44,43,42;44,50,49,47,46,45
ipr#1183 48 1,2,3,4,5,6;0,6,7,8,2;0,1,8,9,10,3;0,2,10,11,12,4;0,3,12,13,14,5;0,4,14,15,16,6;0,5,16,17,7,1;1,6,17,18,19,8;1,7,19,20,9,2;2,8,20,21,10;2,9,21,22,11,3;3,10,22,23,24,12;3,11,24,13,4;4,12,24,25,26,14;4,13,26,15,5;5,14,26,27,28,16;5,15,28,17,6;6,16,28,29,18,7;7,17,29,30,19;7,18,30,31,20,8;8,19,31,32,21,9;9,20,32,33,22,10;10,21,33,34,23,11;11,22,34,35,24;11,23,35,25,13,12;13,24,35,36,37,26;13,25,37,27,15,14;15,26,37,38,39,28;15,27,39,29,17,16;17,28,39,40,30,18;18,29,40,41,31,19;19,30,41,42,32,20;20,31,42,33,21;21,32,42,43,34,22;22,33,43,44,35,23;23,34,44,36,25,24;25,35,44,45,37;25,36,45,38,27,26;27,37,45,46,39;27,38,46,40,29,28;29,39,46,41,30;30,40,46,47,42,31;31,41,47,43,33,32;33,42,47,44,34;34,43,47,45,36,35;36,44,47,46,38,37;38,45,47,41,40,39;41,46,45,44,43,42
ipr#1185 50 1,2,3,4,5,6;0,6,7,8,9,2;0,1,9,10,3;0,2,10,11,12,4;0,3,12,13,14,5;0,4,14,15,16,6;0,5,16,17,7,1;1,6,17,18,19,8;1,7,19,20,21,9;1,8,21,22,10,2;2,9,22,23,11,3;3,10,23,24,25,12;3,11,25,13,4;4,12,25,26,27,14;4,13,27,15,5;5,14,27,28,29,16;5,15,29,17,6;6,16,29,30,18,7;7,17,30,31,32,19;7,18,32,33,20,8;8,19,33,34,21;8,20,34,35,22,9;9,21,35,23,10;10,22,35,36,24,11;11,23,36,37,38,25;11,24,38,26,13,12;13,25,38,39,40,27;13,26,40,28,15,14;15,27,40,41,29;15,28,41,30,17,16;17,29,41,31,18;18,30,41,42,43,32;18,31,43,44,33,19;19,32,44,45,34,20;20,33,45,46,35,21;21,34,46,36,23,22;23,35,46,37,24;24,36,46,47,48,38;24,37,48,39,26,25;26,38,48,49,42,40;26,39,42,41,28,27;28,40,42,31,30,29;31,41,40,39,49,43;31,42,49,44,32;32,43,49,47,45,33;33,44,47,46,34;34,45,47,37,36,35;37,46,45,44,49,48;37,47,49,39,38;39,48,47,44,43,42
ipr#1187 50 1,2,3,4,5,6;0,6,7,8,2;0,1,8,9,10,3;0,2,10,11,12,4;0,3,12,13,14,5;0,4,14,15,16,6;0,5,16,17,7,1;1,6,17,18,19,8;1,7,19,20,9,2;2,8,20,21,22,10;2,9,22,11,3;3,10,22,23,24,12;3,11,24,25,13,4;4,12,25,26,27,14;4,13,27,28,15,5;5,14,28,29,30,16;5,15,30,17,6;6,16,30,31,18,7;7,17,31,32,33,19;7,18,33,34,20,8;8,19,34,21,9;9,20,34,35,36,22;9,21,36,23,11,10;11,22,36,37,24;11,23,37,38,25,12;12,24,38,26,13;13,25,38,39,40,27;13,26,40,28,14;14,27,40,41,29,15;15,28,41,42,30;15,29,42,31,17,16;17,30,42,32,18;18,31,42,43,44,33;18,32,44,45,34,19;19,33,45,35,21,20;21,34,45,46,36;21,35,46,37,23,22;23,36,46,47,38,24;24,37,47,39,26,25;26,38,47,48,40;26,39,48,41,28,27;28,40,48,43,42,29;29,41,43,32,31,30;32,42,41,48,49,44;32,43,49,45,33;33,44,49,46,35,34;35,45,49,47,37,36;37,46,49,48,39,38;39,47,49,43,41,40;43,48,47,46,45,44
ipr#1189 51 1,2,3,4,5,6;0,6,7,8,2;0,1,8,9,10,3;0,2,10,11,12,4;0,3,12,13,14,5;0,4,14,15,16,6;0,5,16,17,7,1;1,6,17,18,19,8;1,7,19,20,9,2;2,8,20,21,22,10;2,9,22,23,11,3;3,10,23,24,25,12;3,11,25,26,13,4;4,12,26,27,28,14;4,13,28,15,5;5,14,28,29,30,16;5,15,30,17,6;6,16,30,31,18,7;7,17,31,32,33,19;7,18,33,34,20,8;8,19,34,21,9;9,20,34,35,36,22;9,21,36,23,10;10,22,36,37,24,11;11,23,37,38,25;11,24,38,39,26,12;12,25,39,27,13;13,26,39,40,41,28;13,27,41,29,15,14;15,28,41,42,30;15,29,42,31,17,16;17,30,42,32,18;18,31,42,43,44,33;18,32,44,45,34,19;19,33,45,35,21,20;21,34,45,46,36;21,35,46,37,23,22;23,36,46,47,38,24;24,37,47,48,39,25;25,38,48,40,27,26;27,39,48,49,43,41;27,40,43,42,29,28;29,41,43,32,31,30;32,42,41,40,49,44;32,43,49,50,45,33;33,44,50,46,35,34;35,45,50,47,37,36;37,46,50,49,48,38;38,47,49,40,39;40,48,47,50,44,43;44,49,47,46,45
ipr#1191 41 1,2,3,4,5,6;0,6,7,8,2;0,1,8,9,10,3;0,2,10,11,12,4;0,3,12,13,14,5;0,4,14,15,6;0,5,15,16,7,1;1,6,16,17,18,8;1,7,18,19,9,2;2,8,19,20,21,10;2,9,21,11,3;3,10,21,22,23,12;3,11,23,13,4;4,12,23,24,25,14;4,13,25,26,15,5;5,14,26,27,16,6;6,15,27,28,17,7;7,16,28,29,18;7,17,29,30,19,8;8,18,30,20,9;9,19,30,31,32,21;9,20,32,22,11,10;11,21,32,33,23;11,22,33,24,13,12;13,23,33,34,35,25;13,24,35,26,14;14,25,35,36,27,15;15,26,36,28,16;16,27,36,37,29,17;17,28,37,38,30,18;18,29,38,31,20,19;20,30,38,39,32;20,31,39,33,22,21;22,32,39,34,24,23;24,33,39,40,35;24,34,40,36,26,25;26,35,40,37,28,27;28,36,40,38,29;29,37,40,39,31,30;31,38,40,34,33,32;34,39,38,37,36,35
ipr#1193 47 1,2,3,4,5,6;0,6,7,8,2;0,1,8,9,10,3;0,2,10,11,12,4;0,3,12,13,14,5;0,4,14,15,6;0,5,15,16,7,1;1,6,16,17,18,8;1,7,18,19,9,2;2,8,19,20,10;2,9,20,21,11,3;3,10,21,22,23,12;3,11,23,24,13,4;4,12,24,25,14;4,13,25,26,15,5;5,14,26,27,16,6;6,15,27,28,17,7;7,16,28,29,30,18;7,17,30,19,8;8,18,30,31,20,9;9,19,31,32,21,10;10,20,32,33,22,11;11,21,33,34,23;11,22,34,35,24,12;12,23,35,36,25,13;13,24,36,37,26,14;14,25,37,27,15;15,26,37,38,28,16;16,27,38,39,29,17;17,28,39,40,41,30;17,29,41,31,19,18;19,30,41,32,20;20,31,41,42,33,21;21,32,42,43,34,22;22,33,43,44,35,23;23,34,44,45,36,24;24,35,45,37,25;25,36,45,38,27,26;27,37,45,46,39,28;28,38,46,40,29;29,39,46,43,42,41;29,40,42,32,31,30;32,41,40,43,33;33,42,40,46,44,34;34,43,46,45,35;35,44,46,38,37,36;38,45,44,43,40,39
ipr#1195 50 1,2,3,4,5,6;0,6,7,8,2;0,1,8,9,10,3;0,2,10,11,12,4;0,3,12,13,14,5;0,4,14,15,6;0,5,15,16,7,1;1,6,16,17,18,8;1,7,18,19,9,2;2,8,19,20,10;2,9,20,21,11,3;3,10,21,22,23,12;3,11,23,24,13,4;4,12,24,25,14;4,13,25,26,15,5;5,14,26,27,16,6;6,15,27,28,17,7;7,16,28,29,30,18;7,17,30,19,8;8,18,30,31,20,9;9,19,31,32,21,10;10,20,32,33,22,11;11,21,33,34,35,23;11,22,35,36,24,12;12,23,36,37,25,13;13,24,37,38,26,14;14,25,38,27,15;15,26,38,39,28,16;16,27,39,40,29,17;17,28,40,41,42,30;17,29,42,31,19,18;19,30,42,32,20;20,31,42,43,33,21;21,32,43,44,34,22;22,33,44,45,35;22,34,45,46,36,23;23,35,46,47,37,24;24,36,47,38,25;25,37,47,39,27,26;27,38,47,48,40,28;28,39,48,49,41,29;29,40,49,44,43,42;29,41,43,32,31,30;32,42,41,44,33;33,43,41,49,45,34;34,44,49,48,46,35;35,45,48,47,36;36,46,48,39,38,37;39,47,46,45,49,40;40,48,45,44,41
ipr#1197 48 1,2,3,4,5,6;0,6,7,8,2;0,1,8,9,10,3;0,2,10,11,12,4;0,3,12,13,14,5;0,4,14,15,16,6;0,5,16,17,7,1;1,6,17,18,19,8;1,7,19,20,9,2;2,8,20,21,10;2,9,21,22,11,3;3,10,22,23,24,12;3,11,24,13,4;4,12,24,25,26,14;4,13,26,27,15,5;5,14,27,28,16;5,15,28,29,17,6;6,16,29,18,7;7,17,29,30,31,19;7,18,31,32,20,8;8,19,32,33,21,9;9,20,33,34,22,10;10,21,34,35,23,11;11,22,35,36,24;11,23,36,25,13,12;13,24,36,37,38,26;13,25,38,27,14;14,26,38,39,28,15;15,27,39,40,29,16;16,28,40,30,18,17;18,29,40,41,42,31;18,30,42,32,19;19,31,42,43,33,20;20,32,43,34,21;21,33,43,44,35,22;22,34,44,45,36,23;23,35,45,37,25,24;25,36,45,46,38;25,37,46,39,27,26;27,38,46,41,40,28;28,39,41,30,29;30,40,39,46,47,42;30,41,47,43,32,31;32,42,47,44,34,33;34,43,47,45,35;35,44,47,46,37,36;37,45,47,41,39,38;41,46,45,44,43,42
ipr#1199 51 1,2,3,4,5,6;0,6,7,8,2;0,1,8,9,10,3;0,2,10,11,12,4;0,3,12,13,14,5;0,4,14,15,16,6;0,5,16,17,7,1;1,6,17,18,19,8;1,7,19,20,9,2;2,8,20,21,10;2,9,21,22,11,3;3,10,22,23,24,12;3,11,24,13,4;4,12,24,25,26,14;4,13,26,27,15,5;5,14,27,28,16;5,15,28,29,17,6;6,16,29,18,7;7,17,29,30,31,19;7,18,31,32,20,8;8,19,32,33,21,9;9,20,33,34,22,10;10,21,34,35,23,11;11,22,35,36,24;11,23,36,25,13,12;13,24,36,37,38,26;13,25,38,27,14;14,26,38,39,28,15;15,27,39,40,29,16;16,28,40,30,18,17;18,29,40,41,42,31;18,30,42,43,32,19;19,31,43,44,33,20;20,32,44,34,21;21,33,44,45,35,22;22,34,45,46,36,23;23,35,46,37,25,24;25,36,46,47,48,38;25,37,48,39,27,26;27,38,48,41,40,28;28,39,41,30,29;30,40,39,48,49,42;30,41,49,43,31;31,42,49,50,44,32;32,43,50,45,34,33;34,44,50,46,35;35,45,50,47,37,36;37,46,50,49,48;37,47,49,41,39,38;41,48,47,50,43,42;43,49,47,46,45,44
ipr#1201 51 1,2,3,4,5,6;0,6,7,8,2;0,1,8,9,10,3;0,2,10,11,12,4;0,3,12,13,14,5;0,4,14,15,16,6;0,5,16,17,7,1;1,6,17,18,19,8;1,7,19,20,9,2;2,8,20,21,10;2,9,21,22,11,3;3,10,22,23,24,12;3,11,24,13,4;4,12,24,25,26,14;4,13,26,27,15,5;5,14,27,28,16;5,15,28,29,17,6;6,16,29,18,7;7,17,29,30,31,19;7,18,31,32,20,8;8,19,32,33,21,9;9,20,33,34,22,10;10,21,34,35,23,11;11,22,35,36,24;11,23,36,25,13,12;13,24,36,37,38,26;13,25,38,27,14;14,26,38,39,28,15;15,27,39,40,29,16;16,28,40,30,18,17;18,29,40,41,42,31;18,30,42,32,19;19,31,42,43,33,20;20,32,43,44,34,21;21,33,44,45,35,22;22,34,45,46,36,23;23,35,46,37,25,24;25,36,46,47,38;25,37,47,39,27,26;27,38,47,48,40,28;28,39,48,41,30,29;30,40,48,49,42;30,41,49,43,32,31;32,42,49,44,33;33,43,49,50,45,34;34,44,50,46,35;35,45,50,47,37,36;37,46,50,48,39,38;39,47,50,49,41,40;41,48,50,44,43,42;44,49,48,47,46,45
ipr#1203 48 1,2,3,4,5,6;0,6,7,8,2;0,1,8,9,10,3;0,2,10,11,12,4;0,3,12,13,14,5;0,4,14,15,6;0,5,15,16,7,1;1,6,16,17,18,8;1,7,18,19,9,2;2,8,19,20,10;2,9,20,21,11,3;3,10,21,22,23,12;3,11,23,13,4;4,12,23,24,25,14;4,13,25,26,15,5;5,14,26,27,16,6;6,15,27,17,7;7,16,27,28,29,18;7,17,29,30,19,8;8,18,30,31,20,9;9,19,31,32,21,10;10,20,32,33,22,11;11,21,33,34,23;11,22,34,24,13,12;13,23,34,35,36,25;13,24,36,37,26,14;14,25,37,38,27,15;15,26,38,28,17,16;17,27,38,39,29;17,28,39,40,30,18;18,29,40,41,31,19;19,30,41,32,20;20,31,41,42,33,21;21,32,42,43,34,22;22,33,43,35,24,23;24,34,43,44,36;24,35,44,45,37,25;25,36,45,38,26;26,37,45,39,28,27;28,38,45,46,40,29;29,39,46,47,41,30;30,40,47,42,32,31;32,41,47,43,33;33,42,47,44,35,34;35,43,47,46,45,36;36,44,46,39,38,37;39,45,44,47,40;40,46,44,43,42,41
ipr#1205 51 1,2,3,4,5,6;0,6,7,8,2;0,1,8,9,10,3;0,2,10,11,12,4;0,3,12,13,14,5;0,4,14,15,6;0,5,15,16,7,1;1,6,16,17,18,8;1,7,18,19,9,2;2,8,19,20,10;2,9,20,21,11,3;3,10,21,22,23,12;3,11,23,13,4;4,12,23,24,25,14;4,13,25,26,15,5;5,14,26,27,16,6;6,15,27,17,7;7,16,27,28,29,18;7,17,29,30,19,8;8,18,30,31,20,9;9,19,31,32,21,10;10,20,32,33,22,11;11,21,33,34,35,23;11,22,35,24,13,12;13,23,35,36,37,25;13,24,37,38,26,14;14,25,38,39,27,15;15,26,39,28,17,16;17,27,39,40,29;17,28,40,41,30,18;18,29,41,42,31,19;19,30,42,32,20;20,31,42,43,33,21;21,32,43,44,34,22;22,33,44,45,36,35;22,34,36,24,23;24,35,34,45,46,37;24,36,46,38,25;25,37,46,47,39,26;26,38,47,40,28,27;28,39,47,48,41,29;29,40,48,49,42,30;30,41,49,43,32,31;32,42,49,44,33;33,43,49,50,45,34;34,44,50,46,36;36,45,50,47,38,37;38,46,50,48,40,39;40,47,50,49,41;41,48,50,44,43,42;44,49,48,47,46,45
ipr#1207 51 1,2,3,4,5,6;0,6,7,8,2;0,1,8,9,10,3;0,2,10,11,12,4;0,3,12,13,14,5;0,4,14,15,6;0,5,15,16,7,1;1,6,16,17,18,8;1,7,18,19,9,2;2,8,19,20,10;2,9,20,21,11,3;3,10,21,22,23,12;3,11,23,13,4;4,12,23,24,25,14;4,13,25,26,15,5;5,14,26,27,16,6;6,15,27,17,7;7,16,27,28,29,18;7,17,29,30,19,8;8,18,30,31,20,9;9,19,31,32,21,10;10,20,32,33,22,11;11,21,33,34,23;11,22,34,24,13,12;13,23,34,35,36,25;13,24,36,37,26,14;14,25,37,38,27,15;15,26,38,28,17,16;17,27,38,39,40,29;17,28,40,41,30,18;18,29,41,42,31,19;19,30,42,32,20;20,31,42,43,33,21;21,32,43,44,34,22;22,33,44,35,24,23;24,34,44,45,46,36;24,35,46,47,37,25;25,36,47,38,26;26,37,47,39,28,27;28,38,47,48,40;28,39,48,49,41,29;29,40,49,50,42,30;30,41,50,43,32,31;32,42,50,44,33;33,43,50,45,35,34;35,44,50,49,48,46;35,45,48,47,36;36,46,48,39,38,37;39,47,46,45,49,40;40,48,45,50,41;41,49,45,44,43,42
ipr#1209 48 1,2,3,4,5,6;0,6,7,8,2;0,1,8,9,10,3;0,2,10,11,12,4;0,3,12,13,14,5;0,4,14,15,6;0,5,15,16,7,1;1,6,16,17,18,8;1,7,18,19,9,2;2,8,19,20,10;2,9,20,21,11,3;3,10,21,22,23,12;3,11,23,13,4;4,12,23,24,25,14;4,13,25,26,15,5;5,14,26,27,16,6;6,15,27,28,17,7;7,16,28,29,30,18;7,17,30,31,19,8;8,18,31,32,20,9;9,19,32,33,21,10;10,20,33,34,22,11;11,21,34,35,23;11,22,35,24,13,12;13,23,35,36,37,25;13,24,37,26,14;14,25,37,38,27,15;15,26,38,28,16;16,27,38,39,29,17;17,28,39,40,41,30;17,29,41,31,18;18,30,41,42,32,19;19,31,42,33,20;20,32,42,43,34,21;21,33,43,44,35,22;22,34,44,36,24,23;24,35,44,45,46,37;24,36,46,38,26,25;26,37,46,39,28,27;28,38,46,45,40,29;29,39,45,47,41;29,40,47,42,31,30;31,41,47,43,33,32;33,42,47,44,34;34,43,47,45,36,35;36,44,47,40,39,46;36,45,39,38,37;40,45,44,43,42,41
ipr#1211 51 1,2,3,4,5,6;0,6,7,8,2;0,1,8,9,10,3;0,2,10,11,12,4;0,3,12,13,14,5;0,4,14,15,6;0,5,15,16,7,1;1,6,16,17,18,8;1,7,18,19,9,2;2,8,19,20,10;2,9,20,21,11,3;3,10,21,22,23,12;3,11,23,24,13,4;4,12,24,25,14;4,13,25,26,15,5;5,14,26,27,16,6;6,15,27,28,17,7;7,16,28,29,30,18;7,17,30,31,19,8;8,18,31,32,20,9;9,19,32,33,21,10;10,20,33,34,22,11;11,21,34,35,23;11,22,35,36,24,12;12,23,36,37,25,13;13,24,37,38,26,14;14,25,38,27,15;15,26,38,39,28,16;16,27,39,40,29,17;17,28,40,41,42,30;17,29,42,31,18;18,30,42,43,32,19;19,31,43,33,20;20,32,43,44,34,21;21,33,44,45,35,22;22,34,45,46,36,23;23,35,46,47,37,24;24,36,47,38,25;25,37,47,39,27,26;27,38,47,48,40,28;28,39,48,49,41,29;29,40,49,50,42;29,41,50,43,31,30;31,42,50,44,33,32;33,43,50,45,34;34,44,50,49,46,35;35,45,49,48,47,36;36,46,48,39,38,37;39,47,46,49,40;40,48,46,45,50,41;41,49,45,44,43,42
ipr#1213 52 1,2,3,4,5,6;0,6,7,8,2;0,1,8,9,10,3;0,2,10,11,12,4;0,3,12,13,14,5;0,4,14,15,6;0,5,15,16,7,1;1,6,16,17,18,8;1,7,18,19,9,2;2,8,19,20,10;2,9,20,21,11,3;3,10,21,22,23,12;3,11,23,13,4;4,12,23,24,25,14;4,13,25,26,15,5;5,14,26,27,16,6;6,15,27,28,17,7;7,16,28,29,30,18;7,17,30,31,19,8;8,18,31,32,20,9;9,19,32,33,21,10;10,20,33,34,22,11;11,21,34,35,36,23;11,22,36,24,13,12;13,23,36,37,38,25;13,24,38,39,26,14;14,25,39,27,15;15,26,39,40,28,16;16,27,40,41,29,17;17,28,41,42,43,30;17,29,43,31,18;18,30,43,44,32,19;19,31,44,33,20;20,32,44,45,34,21;21,33,45,46,35,22;22,34,46,47,37,36;22,35,37,24,23;24,36,35,47,48,38;24,37,48,39,25;25,38,48,40,27,26;27,39,48,49,41,28;28,40,49,50,42,29;29,41,50,51,43;29,42,51,44,31,30;31,43,51,45,33,32;33,44,51,46,34;34,45,51,50,47,35;35,46,50,49,48,37;37,47,49,40,39,38;40,48,47,50,41;41,49,47,46,51,42;42,50,46,45,44,43
ipr#1215 52 1,2,3,4,5,6;0,6,7,8,2;0,1,8,9,10,3;0,2,10,11,12,4;0,3,12,13,5;0,4,13,14,15,6;0,5,15,16,7,1;1,6,16,17,18,8;1,7,18,19,9,2;2,8,19,20,10;2,9,20,21,11,3;3,10,21,22,23,12;3,11,23,24,13,4;4,12,24,25,14,5;5,13,25,26,27,15;5,14,27,28,16,6;6,15,28,17,7;7,16,28,29,30,18;7,17,30,31,19,8;8,18,31,32,20,9;9,19,32,33,21,10;10,20,33,34,22,11;11,21,34,35,36,23;11,22,36,24,12;12,23,36,37,25,13;13,24,37,38,26,14;14,25,38,39,27;14,26,39,40,28,15;15,27,40,29,17,16;17,28,40,41,42,30;17,29,42,31,18;18,30,42,43,32,19;19,31,43,33,20;20,32,43,44,34,21;21,33,44,45,35,22;22,34,45,46,47,36;22,35,47,37,24,23;24,36,47,38,25;25,37,47,48,39,26;26,38,48,49,40,27;27,39,49,41,29,28;29,40,49,50,51,42;29,41,51,43,31,30;31,42,51,44,33,32;33,43,51,45,34;34,44,51,50,46,35;35,45,50,49,48,47;35,46,48,38,37,36;38,47,46,49,39;39,48,46,50,41,40;41,49,46,45,51;41,50,45,44,43,42
ipr#1217 52 1,2,3,4,5,6;0,6,7,8,2;0,1,8,9,10,3;0,2,10,11,12,4;0,3,12,13,14,5;0,4,14,15,6;0,5,15,16,7,1;1,6,16,17,18,8;1,7,18,19,9,2;2,8,19,20,10;2,9,20,21,11,3;3,10,21,22,23,12;3,11,23,24,13,4;4,12,24,25,26,14;4,13,26,27,15,5;5,14,27,28,16,6;6,15,28,17,7;7,16,28,29,30,18;7,17,30,31,19,8;8,18,31,32,20,9;9,19,32,33,21,10;10,20,33,34,22,11;11,21,34,35,23;11,22,35,36,24,12;12,23,36,37,25,13;13,24,37,38,39,26;13,25,39,27,14;14,26,39,40,28,15;15,27,40,29,17,16;17,28,40,41,42,30;17,29,42,31,18;18,30,42,43,32,19;19,31,43,33,20;20,32,43,44,34,21;21,33,44,45,35,22;22,34,45,46,36,23;23,35,46,37,24;24,36,46,47,38,25;25,37,47,48,39;25,38,48,40,27,26;27,39,48,41,29,28;29,40,48,49,50,42;29,41,50,43,31,30;31,42,50,44,33,32;33,43,50,51,45,34;34,44,51,46,35;35,45,51,47,37,36;37,46,51,49,48,38;38,47,49,41,40,39;41,48,47,51,50;41,49,51,44,43,42;44,50,49,47,46,45
ipr#1219 52 1,2,3,4,5,6;0,6,7,8,2;0,1,8,9,10,3;0,2,10,11,12,4;0,3,12,13,14,5;0,4,14,15,6;0,5,15,16,7,1;1,6,16,17,18,8;1,7,18,19,9,2;2,8,19,20,10;2,9,20,21,11,3;3,10,21,22,23,12;3,11,23,13,4;4,12,23,24,25,14;4,13,25,26,15,5;5,14,26,27,16,6;6,15,27,28,17,7;7,16,28,29,30,18;7,17,30,31,19,8;8,18,31,32,20,9;9,19,32,33,21,10;10,20,33,34,22,11;11,21,34,35,23;11,22,35,24,13,12;13,23,35,36,37,25;13,24,37,26,14;14,25,37,38,27,15;15,26,38,39,28,16;16,27,39,29,17;17,28,39,40,41,30;17,29,41,31,18;18,30,41,42,32,19;19,31,42,43,33,20;20,32,43,44,34,21;21,33,44,45,35,22;22,34,45,36,24,23;24,35,45,46,47,37;24,36,47,38,26,25;26,37,47,48,39,27;27,38,48,40,29,28;29,39,48,49,41;29,40,49,42,31,30;31,41,49,50,43,32;32,42,50,44,33;33,43,50,46,45,34;34,44,46,36,35;36,45,44,50,51,47;36,46,51,48,38,37;38,47,51,49,40,39;40,48,51,50,42,41;42,49,51,46,44,43;46,50,49,48,47
ipr#1221 49 1,2,3,4,5,6;0,6,7,8,2;0,1,8,9,10,3;0,2,10,11,12,4;0,3,12,13,14,5;0,4,14,15,6;0,5,15,16,7,1;1,6,16,17,18,8;1,7,18,19,9,2;2,8,19,20,10;2,9,20,21,11,3;3,10,21,22,23,12;3,11,23,13,4;4,12,23,24,25,14;4,13,25,26,15,5;5,14,26,27,16,6;6,15,27,28,17,7;7,16,28,29,18;7,17,29,30,19,8;8,18,30,31,20,9;9,19,31,32,21,10;10,20,32,33,22,11;11,21,33,34,23;11,22,34,24,13,12;13,23,34,35,36,25;13,24,36,26,14;14,25,36,37,27,15;15,26,37,38,28,16;16,27,38,39,29,17;17,28,39,40,30,18;18,29,40,41,31,19;19,30,41,32,20;20,31,41,42,33,21;21,32,42,43,34,22;22,33,43,35,24,23;24,34,43,44,36;24,35,44,37,26,25;26,36,44,45,38,27;27,37,45,46,39,28;28,38,46,40,29;29,39,46,47,41,30;30,40,47,42,32,31;32,41,47,48,43,33;33,42,48,44,35,34;35,43,48,45,37,36;37,44,48,46,38;38,45,48,47,40,39;40,46,48,42,41;42,47,46,45,44,43
ipr#1223 52 1,2,3,4,5,6;0,6,7,8,2;0,1,8,9,10,3;0,2,10,11,12,4;0,3,12,13,14,5;0,4,14,15,6;0,5,15,16,7,1;1,6,16,17,18,8;1,7,18,19,9,2;2,8,19,20,10;2,9,20,21,11,3;3,10,21,22,23,12;3,11,23,13,4;4,12,23,24,25,14;4,13,25,26,15,5;5,14,26,27,16,6;6,15,27,28,17,7;7,16,28,29,18;7,17,29,30,19,8;8,18,30,31,20,9;9,19,31,32,21,10;10,20,32,33,22,11;11,21,33,34,23;11,22,34,24,13,12;13,23,34,35,36,25;13,24,36,37,26,14;14,25,37,38,27,15;15,26,38,39,28,16;16,27,39,40,29,17;17,28,40,41,30,18;18,29,41,42,31,19;19,30,42,32,20;20,31,42,43,33,21;21,32,43,44,34,22;22,33,44,35,24,23;24,34,44,45,36;24,35,45,46,37,25;25,36,46,38,26;26,37,46,47,39,27;27,38,47,40,28;28,39,47,48,41,29;29,40,48,49,42,30;30,41,49,43,32,31;32,42,49,50,44,33;33,43,50,45,35,34;35,44,50,51,46,36;36,45,51,47,38,37;38,46,51,48,40,39;40,47,51,50,49,41;41,48,50,43,42;43,49,48,51,45,44;45,50,48,47,46
ipr#1225 49 1,2,3,4,5,6;0,6,7,8,2;0,1,8,9,10,3;0,2,10,11,12,4;0,3,12,13,14,5;0,4,14,15,6;0,5,15,16,7,1;1,6,16,17,18,8;1,7,18,19,9,2;2,8,19,20,10;2,9,20,21,11,3;3,10,21,22,23,12;3,11,23,13,4;4,12,23,24,25,14;4,13,25,26,15,5;5,14,26,27,16,6;6,15,27,28,17,7;7,16,28,29,30,18;7,17,30,31,19,8;8,18,31,32,20,9;9,19,32,33,21,10;10,20,33,34,22,11;11,21,34,35,23;11,22,35,24,13,12;13,23,35,36,37,25;13,24,37,26,14;14,25,37,38,27,15;15,26,38,39,28,16;16,27,39,29,17;17,28,39,40,41,30;17,29,41,31,18;18,30,41,42,32,19;19,31,42,33,20;20,32,42,43,34,21;21,33,43,44,35,22;22,34,44,36,24,23;24,35,44,45,37;24,36,45,38,26,25;26,37,45,46,39,27;27,38,46,40,29,28;29,39,46,47,48,41;29,40,48,42,31,30;31,41,48,43,33,32;33,42,48,47,44,34;34,43,47,45,36,35;36,44,47,46,38,37;38,45,47,40,39;40,46,45,44,43,48;40,47,43,42,41
ipr#1227 45 1,2,3,4,5,6;0,6,7,8,9,2;0,1,9,10,3;0,2,10,11,12,4;0,3,12,13,14,5;0,4,14,15,6;0,5,15,16,7,1;1,6,16,17,18,8;1,7,18,19,9;1,8,19,20,10,2;2,9,20,21,11,3;3,10,21,22,23,12;3,11,23,13,4;4,12,23,24,25,14;4,13,25,26,15,5;5,14,26,27,16,6;6,15,27,17,7;7,16,27,28,29,18;7,17,29,30,19,8;8,18,30,31,20,9;9,19,31,32,21,10;10,20,32,33,22,11;11,21,33,34,23;11,22,34,24,13,12;13,23,34,35,36,25;13,24,36,26,14;14,25,36,37,27,15;15,26,37,28,17,16;17,27,37,38,39,29;17,28,39,30,18;18,29,39,40,31,19;19,30,40,32,20;20,31,40,41,33,21;21,32,41,42,34,22;22,33,42,35,24,23;24,34,42,43,36;24,35,43,37,26,25;26,36,43,38,28,27;28,37,43,44,39;28,38,44,40,30,29;30,39,44,41,32,31;32,40,44,42,33;33,41,44,43,35,34;35,42,44,38,37,36;38,43,42,41,40,39
ipr#1229 51 1,2,3,4,5,6;0,6,7,8,9,2;0,1,9,10,3;0,2,10,11,12,4;0,3,12,13,14,5;0,4,14,15,16,6;0,5,16,17,7,1;1,6,17,18,19,8;1,7,19,20,21,9;1,8,21,22,10,2;2,9,22,23,11,3;3,10,23,24,25,12;3,11,25,13,4;4,12,25,26,27,14;4,13,27,28,15,5;5,14,28,29,16;5,15,29,30,17,6;6,16,30,18,7;7,17,30,31,32,19;7,18,32,33,20,8;8,19,33,34,35,21;8,20,35,22,9;9,21,35,36,23,10;10,22,36,24,11;11,23,36,37,38,25;11,24,38,26,13,12;13,25,38,39,40,27;13,26,40,28,14;14,27,40,41,29,15;15,28,41,42,30,16;16,29,42,31,18,17;18,30,42,43,44,32;18,31,44,33,19;19,32,44,45,34,20;20,33,45,46,35;20,34,46,36,22,21;22,35,46,37,24,23;24,36,46,47,48,38;24,37,48,39,26,25;26,38,48,49,40;26,39,49,41,28,27;28,40,49,43,42,29;29,41,43,31,30;31,42,41,49,50,44;31,43,50,45,33,32;33,44,50,47,46,34;34,45,47,37,36,35;37,46,45,50,48;37,47,50,49,39,38;39,48,50,43,41,40;43,49,48,47,45,44
ipr#1231 51 1,2,3,4,5,6;0,6,7,8,9,2;0,1,9,10,3;0,2,10,11,12,4;0,3,12,13,14,5;0,4,14,15,6;0,5,15,16,7,1;1,6,16,17,18,8;1,7,18,19,20,9;1,8,20,21,10,2;2,9,21,22,11,3;3,10,22,23,24,12;3,11,24,13,4;4,12,24,25,26,14;4,13,26,27,15,5;5,14,27,28,16,6;6,15,28,17,7;7,16,28,29,30,18;7,17,30,31,19,8;8,18,31,32,33,20;8,19,33,21,9;9,20,33,34,22,10;10,21,34,23,11;11,22,34,35,36,24;11,23,36,25,13,12;13,24,36,37,38,26;13,25,38,39,27,14;14,26,39,40,28,15;15,27,40,29,17,16;17,28,40,41,30;17,29,41,42,31,18;18,30,42,43,32,19;19,31,43,44,33;19,32,44,34,21,20;21,33,44,35,23,22;23,34,44,45,46,36;23,35,46,37,25,24;25,36,46,47,38;25,37,47,48,39,26;26,38,48,40,27;27,39,48,41,29,28;29,40,48,49,42,30;30,41,49,50,43,31;31,42,50,45,44,32;32,43,45,35,34,33;35,44,43,50,46;35,45,50,47,37,36;37,46,50,49,48,38;38,47,49,41,40,39;41,48,47,50,42;42,49,47,46,45,43
ipr#1233 51 1,2,3,4,5,6;0,6,7,8,9,2;0,1,9,10,3;0,2,10,11,12,4;0,3,12,13,5;0,4,13,14,15,6;0,5,15,16,7,1;1,6,16,17,18,8;1,7,18,19,20,9;1,8,20,21,10,2;2,9,21,22,11,3;3,10,22,23,12;3,11,23,24,13,4;4,12,24,25,14,5;5,13,25,26,27,15;5,14,27,28,16,6;6,15,28,17,7;7,16,28,29,30,18;7,17,30,31,19,8;8,18,31,32,33,20;8,19,33,21,9;9,20,33,34,22,10;10,21,34,35,23,11;11,22,35,36,24,12;12,23,36,25,13;13,24,36,37,26,14;14,25,37,38,27;14,26,38,39,28,15;15,27,39,29,17,16;17,28,39,40,41,30;17,29,41,31,18;18,30,41,42,32,19;19,31,42,43,33;19,32,43,34,21,20;21,33,43,44,35,22;22,34,44,45,36,23;23,35,45,37,25,24;25,36,45,46,38,26;26,37,46,47,39,27;27,38,47,40,29,28;29,39,47,48,41;29,40,48,42,31,30;31,41,48,49,43,32;32,42,49,44,34,33;34,43,49,50,45,35;35,44,50,46,37,36;37,45,50,47,38;38,46,50,48,40,39;40,47,50,49,42,41;42,48,50,44,43;44,49,48,47,46,45
ipr#1235 51 1,2,3,4,5,6;0,6,7,8,9,2;0,1,9,10,3;0,2,10,11,12,4;0,3,12,13,14,5;0,4,14,15,6;0,5,15,16,7,1;1,6,16,17,18,8;1,7,18,19,20,9;1,8,20,21,10,2;2,9,21,22,11,3;3,10,22,23,24,12;3,11,24,13,4;4,12,24,25,26,14;4,13,26,27,15,5;5,14,27,28,16,6;6,15,28,17,7;7,16,28,29,30,18;7,17,30,31,19,8;8,18,31,32,33,20;8,19,33,21,9;9,20,33,34,22,10;10,21,34,35,23,11;11,22,35,36,24;11,23,36,25,13,12;13,24,36,37,26;13,25,37,38,27,14;14,26,38,39,28,15;15,27,39,29,17,16;17,28,39,40,41,30;17,29,41,31,18;18,30,41,42,32,19;19,31,42,43,33;19,32,43,34,21,20;21,33,43,44,35,22;22,34,44,45,36,23;23,35,45,37,25,24;25,36,45,46,38,26;26,37,46,47,39,27;27,38,47,40,29,28;29,39,47,48,41;29,40,48,42,31,30;31,41,48,49,43,32;32,42,49,44,34,33;34,43,49,50,45,35;35,44,50,46,37,36;37,45,50,47,38;38,46,50,48,40,39;40,47,50,49,42,41;42,48,50,44,43;44,49,48,47,46,45
ipr#1237 52 1,2,3,4,5,6;0,6,7,8,9,2;0,1,9,10,11,3;0,2,11,12,13,4;0,3,13,14,15,5;0,4,15,16,6;0,5,16,17,7,1;1,6,17,18,8;1,7,18,19,20,9;1,8,20,10,2;2,9,20,21,22,11;2,10,22,12,3;3,11,22,23,24,13;3,12,24,14,4;4,13,24,25,26,15;4,14,26,27,16,5;5,15,27,28,17,6;6,16,28,29,18,7;7,17,29,30,19,8;8,18,30,31,32,20;8,19,32,21,10,9;10,20,32,33,34,22;10,21,34,23,12,11;12,22,34,35,36,24;12,23,36,25,14,13;14,24,36,37,38,26;14,25,38,27,15;15,26,38,39,28,16;16,27,39,40,29,17;17,28,40,41,30,18;18,29,41,42,31,19;19,30,42,43,33,32;19,31,33,21,20;21,32,31,43,44,34;21,33,44,35,23,22;23,34,44,45,46,36;23,35,46,37,25,24;25,36,46,47,38;25,37,47,39,27,26;27,38,47,48,40,28;28,39,48,49,41,29;29,40,49,42,30;30,41,49,50,43,31;31,42,50,44,33;33,43,50,45,35,34;35,44,50,51,46;35,45,51,47,37,36;37,46,51,48,39,38;39,47,51,49,40;40,48,51,50,42,41;42,49,51,45,44,43;45,50,49,48,47,46
ipr#1239 49 1,2,3,4,5,6;0,6,7,8,9,2;0,1,9,10,11,3;0,2,11,12,13,4;0,3,13,14,15,5;0,4,15,16,6;0,5,16,17,7,1;1,6,17,18,8;1,7,18,19,20,9;1,8,20,21,10,2;2,9,21,22,23,11;2,10,23,24,12,3;3,11,24,25,26,13;3,12,26,14,4;4,13,26,27,28,15;4,14,28,29,16,5;5,15,29,30,17,6;6,16,30,31,18,7;7,17,31,32,19,8;8,18,32,33,34,20;8,19,34,35,21,9;9,20,35,22,10;10,21,35,36,37,23;10,22,37,24,11;11,23,37,38,25,12;12,24,38,39,26;12,25,39,27,14,13;14,26,39,40,41,28;14,27,41,29,15;15,28,41,42,30,16;16,29,42,31,17;17,30,42,43,32,18;18,31,43,33,19;19,32,43,44,45,34;19,33,45,35,20;20,34,45,36,22,21;22,35,45,46,37;22,36,46,38,24,23;24,37,46,47,39,25;25,38,47,40,27,26;27,39,47,48,41;27,40,48,42,29,28;29,41,48,43,31,30;31,42,48,44,33,32;33,43,48,47,46,45;33,44,46,36,35,34;36,45,44,47,38,37;38,46,44,48,40,39;40,47,44,43,42,41
ipr#1241 52 1,2,3,4,5,6;0,6,7,8,9,2;0,1,9,10,11,3;0,2,11,12,13,4;0,3,13,14,15,5;0,4,15,16,6;0,5,16,17,7,1;1,6,17,18,19,8;1,7,19,20,21,9;1,8,21,22,10,2;2,9,22,23,24,11;2,10,24,25,12,3;3,11,25,26,27,13;3,12,27,14,4;4,13,27,28,29,15;4,14,29,30,16,5;5,15,30,31,17,6;6,16,31,18,7;7,17,31,32,33,19;7,18,33,34,20,8;8,19,34,35,36,21;8,20,36,37,22,9;9,21,37,23,10;10,22,37,38,39,24;10,23,39,25,11;11,24,39,40,26,12;12,25,40,41,27;12,26,41,28,14,13;14,27,41,42,43,29;14,28,43,44,30,15;15,29,44,31,16;16,30,44,32,18,17;18,31,44,45,33;18,32,45,46,34,19;19,33,46,35,20;20,34,46,47,48,36;20,35,48,37,21;21,36,48,38,23,22;23,37,48,49,39;23,38,49,40,25,24;25,39,49,50,41,26;26,40,50,42,28,27;28,41,50,51,43;28,42,51,45,44,29;29,43,45,32,31,30;32,44,43,51,46,33;33,45,51,47,35,34;35,46,51,50,49,48;35,47,49,38,37,36;38,48,47,50,40,39;40,49,47,51,42,41;42,50,47,46,45,43
ipr#1243 52 1,2,3,4,5,6;0,6,7,8,9,2;0,1,9,10,11,3;0,2,11,12,13,4;0,3,13,14,5;0,4,14,15,16,6;0,5,16,7,1;1,6,16,17,18,8;1,7,18,19,20,9;1,8,20,21,10,2;2,9,21,22,23,11;2,10,23,12,3;3,11,23,24,25,13;3,12,25,26,14,4;4,13,26,27,15,5;5,14,27,28,29,16;5,15,29,17,7,6;7,16,29,30,31,18;7,17,31,32,19,8;8,18,32,33,34,20;8,19,34,35,21,9;9,20,35,22,10;10,21,35,36,37,23;10,22,37,24,12,11;12,23,37,38,39,25;12,24,39,40,26,13;13,25,40,27,14;14,26,40,41,28,15;15,27,41,42,30,29;15,28,30,17,16;17,29,28,42,43,31;17,30,43,32,18;18,31,43,44,33,19;19,32,44,45,46,34;19,33,46,35,20;20,34,46,36,22,21;22,35,46,47,37;22,36,47,38,24,23;24,37,47,48,49,39;24,38,49,40,25;25,39,49,41,27,26;27,40,49,50,42,28;28,41,50,51,43,30;30,42,51,44,32,31;32,43,51,45,33;33,44,51,48,47,46;33,45,47,36,35,34;36,46,45,48,38,37;38,47,45,51,50,49;38,48,50,41,40,39;41,49,48,51,42;42,50,48,45,44,43
ipr#1245 52 1,2,3,4,5,6;0,6,7,8,2;0,1,8,9,10,3;0,2,10,11,12,4;0,3,12,13,5;0,4,13,14,15,6;0,5,15,16,7,1;1,6,16,17,18,8;1,7,18,19,9,2;2,8,19,20,21,10;2,9,21,11,3;3,10,21,22,23,12;3,11,23,24,13,4;4,12,24,25,14,5;5,13,25,26,27,15;5,14,27,28,16,6;6,15,28,29,17,7;7,16,29,30,31,18;7,17,31,32,19,8;8,18,32,33,20,9;9,19,33,34,21;9,20,34,22,11,10;11,21,34,35,36,23;11,22,36,37,24,12;12,23,37,25,13;13,24,37,38,26,14;14,25,38,39,27;14,26,39,40,28,15;15,27,40,29,16;16,28,40,41,30,17;17,29,41,42,43,31;17,30,43,32,18;18,31,43,44,33,19;19,32,44,45,34,20;20,33,45,35,22,21;22,34,45,46,36;22,35,46,47,37,23;23,36,47,38,25,24;25,37,47,48,39,26;26,38,48,49,40,27;27,39,49,41,29,28;29,40,49,42,30;30,41,49,50,51,43;30,42,51,44,32,31;32,43,51,45,33;33,44,51,46,35,34;35,45,51,50,47,36;36,46,50,48,38,37;38,47,50,49,39;39,48,50,42,41,40;42,49,48,47,46,51;42,50,46,45,44,43
ipr#1247 52 1,2,3,4,5,6;0,6,7,8,9,2;0,1,9,10,11,3;0,2,11,12,13,4;0,3,13,14,15,5;0,4,15,16,6;0,5,16,17,7,1;1,6,17,18,8;1,7,18,19,20,9;1,8,20,21,10,2;2,9,21,22,11;2,10,22,23,12,3;3,11,23,24,13;3,12,24,25,14,4;4,13,25,26,27,15;4,14,27,28,16,5;5,15,28,29,17,6;6,16,29,30,18,7;7,17,30,31,19,8;8,18,31,32,33,20;8,19,33,34,21,9;9,20,34,35,22,10;10,21,35,36,23,11;11,22,36,37,24,12;12,23,37,38,25,13;13,24,38,39,26,14;14,25,39,40,41,27;14,26,41,28,15;15,27,41,42,29,16;16,28,42,30,17;17,29,42,43,31,18;18,30,43,32,19;19,31,43,44,45,33;19,32,45,34,20;20,33,45,46,35,21;21,34,46,47,36,22;22,35,47,37,23;23,36,47,48,38,24;24,37,48,39,25;25,38,48,49,40,26;26,39,49,50,41;26,40,50,42,28,27;28,41,50,43,30,29;30,42,50,44,32,31;32,43,50,49,51,45;32,44,51,46,34,33;34,45,51,47,35;35,46,51,48,37,36;37,47,51,49,39,38;39,48,51,44,50,40;40,49,44,43,42,41;44,49,48,47,46,45
ipr#1249 52 1,2,3,4,5,6;0,6,7,8,2;0,1,8,9,10,3;0,2,10,11,12,4;0,3,12,13,14,5;0,4,14,15,16,6;0,5,16,17,7,1;1,6,17,18,19,8;1,7,19,20,9,2;2,8,20,21,10;2,9,21,22,11,3;3,10,22,23,12;3,11,23,24,13,4;4,12,24,25,26,14;4,13,26,27,15,5;5,14,27,28,29,16;5,15,29,17,6;6,16,29,30,18,7;7,17,30,31,19;7,18,31,32,20,8;8,19,32,33,21,9;9,20,33,34,22,10;10,21,34,35,23,11;11,22,35,36,24,12;12,23,36,37,25,13;13,24,37,38,39,26;13,25,39,27,14;14,26,39,40,28,15;15,27,40,41,29;15,28,41,30,17,16;17,29,41,42,31,18;18,30,42,43,32,19;19,31,43,44,33,20;20,32,44,45,34,21;21,33,45,35,22;22,34,45,46,36,23;23,35,46,37,24;24,36,46,47,38,25;25,37,47,48,39;25,38,48,40,27,26;27,39,48,49,41,28;28,40,49,42,30,29;30,41,49,50,43,31;31,42,50,51,44,32;32,43,51,45,33;33,44,51,46,35,34;35,45,51,47,37,36;37,46,51,50,48,38;38,47,50,49,40,39;40,48,50,42,41;42,49,48,47,51,43;43,50,47,46,45,44
ipr#1251 49 1,2,3,4,5,6;0,6,7,8,2;0,1,8,9,10,3;0,2,10,11,12,4;0,3,12,13,14,5;0,4,14,15,6;0,5,15,16,7,1;1,6,16,17,18,8;1,7,18,19,9,2;2,8,19,20,21,10;2,9,21,22,11,3;3,10,22,23,24,12;3,11,24,25,13,4;4,12,25,26,14;4,13,26,27,15,5;5,14,27,28,16,6;6,15,28,29,17,7;7,16,29,30,31,18;7,17,31,32,19,8;8,18,32,20,9;9,19,32,33,34,21;9,20,34,22,10;10,21,34,35,23,11;11,22,35,36,24;11,23,36,37,25,12;12,24,37,38,26,13;13,25,38,39,27,14;14,26,39,28,15;15,27,39,40,29,16;16,28,40,41,30,17;17,29,41,42,43,31;17,30,43,32,18;18,31,43,33,20,19;20,32,43,44,34;20,33,44,35,22,21;22,34,44,45,36,23;23,35,45,46,37,24;24,36,46,47,38,25;25,37,47,39,26;26,38,47,40,28,27;28,39,47,48,41,29;29,40,48,42,30;30,41,48,45,44,43;30,42,44,33,32,31;33,43,42,45,35,34;35,44,42,48,46,36;36,45,48,47,37;37,46,48,40,39,38;40,47,46,45,42,41
ipr#1253 52 1,2,3,4,5,6;0,6,7,8,2;0,1,8,9,10,3;0,2,10,11,12,4;0,3,12,13,5;0,4,13,14,15,6;0,5,15,16,7,1;1,6,16,17,18,8;1,7,18,19,9,2;2,8,19,20,21,10;2,9,21,11,3;3,10,21,22,23,12;3,11,23,24,13,4;4,12,24,25,14,5;5,13,25,26,27,15;5,14,27,28,16,6;6,15,28,29,17,7;7,16,29,30,31,18;7,17,31,32,19,8;8,18,32,20,9;9,19,32,33,34,21;9,20,34,22,11,10;11,21,34,35,36,23;11,22,36,37,24,12;12,23,37,38,25,13;13,24,38,26,14;14,25,38,39,40,27;14,26,40,28,15;15,27,40,41,29,16;16,28,41,42,30,17;17,29,42,43,44,31;17,30,44,32,18;18,31,44,33,20,19;20,32,44,45,34;20,33,45,35,22,21;22,34,45,46,47,36;22,35,47,37,23;23,36,47,48,38,24;24,37,48,39,26,25;26,38,48,49,40;26,39,49,41,28,27;28,40,49,50,42,29;29,41,50,43,30;30,42,50,46,45,44;30,43,45,33,32,31;33,44,43,46,35,34;35,45,43,50,51,47;35,46,51,48,37,36;37,47,51,49,39,38;39,48,51,50,41,40;41,49,51,46,43,42;46,50,49,48,47
ipr#1255 52 1,2,3,4,5,6;0,6,7,8,2;0,1,8,9,10,3;0,2,10,11,12,4;0,3,12,13,14,5;0,4,14,15,6;0,5,15,16,7,1;1,6,16,17,18,8;1,7,18,19,9,2;2,8,19,20,21,10;2,9,21,22,11,3;3,10,22,23,24,12;3,11,24,25,13,4;4,12,25,26,14;4,13,26,27,15,5;5,14,27,28,16,6;6,15,28,29,17,7;7,16,29,30,31,18;7,17,31,32,19,8;8,18,32,20,9;9,19,32,33,34,21;9,20,34,35,22,10;10,21,35,36,23,11;11,22,36,37,24;11,23,37,38,25,12;12,24,38,39,26,13;13,25,39,40,27,14;14,26,40,28,15;15,27,40,41,29,16;16,28,41,42,30,17;17,29,42,43,44,31;17,30,44,32,18;18,31,44,33,20,19;20,32,44,45,34;20,33,45,46,35,21;21,34,46,36,22;22,35,46,47,37,23;23,36,47,48,38,24;24,37,48,49,39,25;25,38,49,40,26;26,39,49,41,28,27;28,40,49,50,42,29;29,41,50,43,30;30,42,50,51,45,44;30,43,45,33,32,31;33,44,43,51,46,34;34,45,51,47,36,35;36,46,51,48,37;37,47,51,50,49,38;38,48,50,41,40,39;41,49,48,51,43,42;43,50,48,47,46,45
ipr#1257 49 1,2,3,4,5,6;0,6,7,8,2;0,1,8,9,10,3;0,2,10,11,12,4;0,3,12,13,14,5;0,4,14,15,6;0,5,15,16,7,1;1,6,16,17,18,8;1,7,18,19,9,2;2,8,19,20,21,10;2,9,21,22,11,3;3,10,22,23,24,12;3,11,24,13,4;4,12,24,25,26,14;4,13,26,27,15,5;5,14,27,28,16,6;6,15,28,29,17,7;7,16,29,30,31,18;7,17,31,32,19,8;8,18,32,20,9;9,19,32,33,34,21;9,20,34,22,10;10,21,34,35,23,11;11,22,35,36,37,24;11,23,37,25,13,12;13,24,37,38,39,26;13,25,39,27,14;14,26,39,40,28,15;15,27,40,29,16;16,28,40,41,30,17;17,29,41,42,43,31;17,30,43,32,18;18,31,43,33,20,19;20,32,43,44,34;20,33,44,35,22,21;22,34,44,45,36,23;23,35,45,46,37;23,36,46,38,25,24;25,37,46,47,39;25,38,47,40,27,26;27,39,47,41,29,28;29,40,47,48,42,30;30,41,48,45,44,43;30,42,44,33,32,31;33,43,42,45,35,34;35,44,42,48,46,36;36,45,48,47,38,37;38,46,48,41,40,39;41,47,46,45,42
ipr#1259 50 1,2,3,4,5,6;0,6,7,8,2;0,1,8,9,10,3;0,2,10,11,12,4;0,3,12,13,14,5;0,4,14,15,6;0,5,15,16,7,1;1,6,16,17,18,8;1,7,18,19,9,2;2,8,19,20,21,10;2,9,21,22,11,3;3,10,22,23,24,12;3,11,24,13,4;4,12,24,25,26,14;4,13,26,27,15,5;5,14,27,28,16,6;6,15,28,29,17,7;7,16,29,30,31,18;7,17,31,32,19,8;8,18,32,20,9;9,19,32,33,34,21;9,20,34,35,22,10;10,21,35,36,23,11;11,22,36,37,24;11,23,37,25,13,12;13,24,37,38,26;13,25,38,39,27,14;14,26,39,40,28,15;15,27,40,29,16;16,28,40,41,30,17;17,29,41,42,43,31;17,30,43,32,18;18,31,43,33,20,19;20,32,43,44,34;20,33,44,45,35,21;21,34,45,36,22;22,35,45,46,37,23;23,36,46,38,25,24;25,37,46,47,39,26;26,38,47,48,40,27;27,39,48,41,29,28;29,40,48,42,30;30,41,48,49,44,43;30,42,44,33,32,31;33,43,42,49,45,34;34,44,49,46,36,35;36,45,49,47,38,37;38,46,49,48,39;39,47,49,42,41,40;42,48,47,46,45,44
ipr#1261 46 1,2,3,4,5;0,5,6,7,8,2;0,1,8,9,10,3;0,2,10,11,12,4;0,3,12,13,14,5;0,4,14,15,6,1;1,5,15,16,7;1,6,16,17,18,8;1,7,18,9,2;2,8,18,19,20,10;2,9,20,11,3;3,10,20,21,22,12;3,11,22,23,13,4;4,12,23,24,14;4,13,24,25,15,5;5,14,25,26,16,6;6,15,26,27,17,7;7,16,27,28,29,18;7,17,29,19,9,8;9,18,29,30,31,20;9,19,31,21,11,10;11,20,31,32,22;11,21,32,33,23,12;12,22,33,34,24,13;13,23,34,35,25,14;14,24,35,36,26,15;15,25,36,27,16;16,26,36,37,28,17;17,27,37,38,39,29;17,28,39,30,19,18;19,29,39,40,41,31;19,30,41,32,21,20;21,31,41,42,33,22;22,32,42,43,34,23;23,33,43,35,24;24,34,43,44,36,25;25,35,44,37,27,26;27,36,44,38,28;28,37,44,45,40,39;28,38,40,30,29;30,39,38,45,42,41;30,40,42,32,31;32,41,40,45,43,33;33,42,45,44,35,34;35,43,45,38,37,36;38,44,43,42,40
ipr#1263 52 1,2,3,4,5;0,5,6,7,8,2;0,1,8,9,10,3;0,2,10,11,12,4;0,3,12,13,14,5;0,4,14,15,6,1;1,5,15,16,17,7;1,6,17,18,19,8;1,7,19,9,2;2,8,19,20,21,10;2,9,21,11,3;3,10,21,22,23,12;3,11,23,24,13,4;4,12,24,25,26,14;4,13,26,15,5;5,14,26,27,16,6;6,15,27,28,17;6,16,28,29,18,7;7,17,29,30,31,19;7,18,31,20,9,8;9,19,31,32,33,21;9,20,33,22,11,10;11,21,33,34,23;11,22,34,35,24,12;12,23,35,36,25,13;13,24,36,37,38,26;13,25,38,27,15,14;15,26,38,39,28,16;16,27,39,40,29,17;17,28,40,41,30,18;18,29,41,42,31;18,30,42,32,20,19;20,31,42,43,44,33;20,32,44,34,22,21;22,33,44,45,35,23;23,34,45,46,36,24;24,35,46,37,25;25,36,46,47,48,38;25,37,48,39,27,26;27,38,48,40,28;28,39,48,49,41,29;29,40,49,50,42,30;30,41,50,43,32,31;32,42,50,51,45,44;32,43,45,34,33;34,44,43,51,46,35;35,45,51,47,37,36;37,46,51,50,49,48;37,47,49,40,39,38;40,48,47,50,41;41,49,47,51,43,42;43,50,47,46,45
ipr#1265 52 1,2,3,4,5;0,5,6,7,8,2;0,1,8,9,10,3;0,2,10,11,12,4;0,3,12,13,14,5;0,4,14,15,6,1;1,5,15,16,17,7;1,6,17,18,19,8;1,7,19,20,9,2;2,8,20,21,22,10;2,9,22,11,3;3,10,22,23,24,12;3,11,24,25,13,4;4,12,25,26,14;4,13,26,27,15,5;5,14,27,28,16,6;6,15,28,29,30,17;6,16,30,18,7;7,17,30,31,32,19;7,18,32,33,20,8;8,19,33,21,9;9,20,33,34,35,22;9,21,35,23,11,10;11,22,35,36,24;11,23,36,37,25,12;12,24,37,38,26,13;13,25,38,39,27,14;14,26,39,40,28,15;15,27,40,29,16;16,28,40,41,42,30;16,29,42,31,18,17;18,30,42,43,32;18,31,43,44,33,19;19,32,44,34,21,20;21,33,44,45,35;21,34,45,36,23,22;23,35,45,46,37,24;24,36,46,47,38,25;25,37,47,39,26;26,38,47,48,40,27;27,39,48,41,29,28;29,40,48,49,42;29,41,49,43,31,30;31,42,49,50,44,32;32,43,50,45,34,33;34,44,50,46,36,35;36,45,50,51,47,37;37,46,51,48,39,38;39,47,51,49,41,40;41,48,51,50,43,42;43,49,51,46,45,44;46,50,49,48,47
