jc301_81_4263 30 1,2,3,4,5;0,2,5,6,8,13,17,20,22;0,1,3,6,9,12,21,22;0,2,4,12,25,29;0,3,5,16,25;0,1,4,7,13,16,17,19;1,2,8,9,10,12,15,17,18,19,22,23,25;5,10,16,21,22,26;1,6,11,19,20,21,22,29;2,6,11,12;6,7,13,15,19,20,24,29;8,9,15,16,17,18,21,22,23,24;2,3,6,9,20,26,29;1,5,10,15,16,18,21,22;18,23,26,27,28;6,10,11,13,17,22,24;4,5,7,11,13,18,20,25,28;1,5,6,11,15,20,24,25,27,28,29;6,11,13,14,16,20,26,28;5,6,8,10;1,8,10,12,16,17,18,21,22,25;2,7,8,11,13,20,22,24;1,2,6,7,8,11,13,15,20,21,26,27,29;6,11,14,25,27,28,29;10,11,15,17,21;3,4,6,16,17,20,23,28,29;7,12,14,18,22,27;14,17,22,23,26,29;14,16,17,18,23,25;3,8,10,12,17,22,23,25,27
jc301_81_4264 30 1,2,3,4,5;0,2,5,6,8,13,20,22;0,1,3,6,9,12,21,22;0,2,4,12,25,29;0,3,5,16,25;0,1,4,7,13,16,17,19;1,2,8,9,10,12,15,17,18,19,22,23,25;5,10,16,21,22,26;1,6,11,19,20,21,22,29;2,6,11,12;6,7,13,15,19,20,24,29;8,9,15,16,17,18,21,22,23,24;2,3,6,9,20,26,29;1,5,10,15,16,18,21,22;18,23,26,27,28;6,10,11,13,17,22,24;4,5,7,11,13,18,20,25,28;5,6,11,15,20,24,25,27,28,29;6,11,13,14,16,20,26,28;5,6,8,10;1,8,10,12,16,17,18,21,22,25;2,7,8,11,13,20,22,24;1,2,6,7,8,11,13,15,20,21,26,27,29;6,11,14,25,27,28,29;10,11,15,17,21;3,4,6,16,17,20,23,28,29;7,12,14,18,22,27;14,17,22,23,26,29;14,16,17,18,23,25;3,8,10,12,17,22,23,25,27
jc301_81_4284 30 1,2,3,4,5;0,2,5,6,8,13,20,22;0,1,3,6,9,12,21,22;0,2,4,12,25,29;0,3,5,16,25;0,1,4,7,13,16,17,19;1,2,8,9,10,12,15,17,18,19,22,23,25;5,10,16,21,22,26;1,6,11,19,20,21,22,29;2,6,11,12;6,7,13,15,19,20,24,29;8,9,15,16,17,18,21,22,23,24;2,3,6,9,20,26,29;1,5,10,15,16,18,21,22;18,23,26,27,28;6,10,11,13,17,22,24;4,5,7,11,13,18,20,25,28;5,6,11,15,20,24,27,28,29;6,11,13,14,16,20,26,28;5,6,8,10;1,8,10,12,16,17,18,21,22,25;2,7,8,11,13,20,22,24;1,2,6,7,8,11,13,15,20,21,26,27,29;6,11,14,25,27,28,29;10,11,15,17,21;3,4,6,16,20,23,28,29;7,12,14,18,22,27;14,17,22,23,26,29;14,16,17,18,23,25;3,8,10,12,17,22,23,25,27
jc301_81_4287 30 1,2,3,4,5;0,2,5,6,13,20,22;0,1,3,6,9,12,21,22;0,2,4,12,25,29;0,3,5,16,25;0,1,4,7,13,16,17,19;1,2,8,9,10,12,15,17,18,19,22,23,25;5,10,16,21,22,26;6,11,19,20,21,22,29;2,6,11,12;6,7,13,15,19,20,24,29;8,9,15,16,17,18,21,22,23,24;2,3,6,9,20,26,29;1,5,10,15,16,18,21,22;18,23,26,27,28;6,10,11,13,17,22,24;4,5,7,11,13,18,20,25,28;5,6,11,15,20,24,27,28,29;6,11,13,14,16,20,26,28;5,6,8,10;1,8,10,12,16,17,18,21,22,25;2,7,8,11,13,20,22,24;1,2,6,7,8,11,13,15,20,21,26,27,29;6,11,14,25,27,28,29;10,11,15,17,21;3,4,6,16,20,23,28,29;7,12,14,18,22,27;14,17,22,23,26,29;14,16,17,18,23,25;3,8,10,12,17,22,23,25,27
jc301_81_4291 30 1,2,3,4,5;0,2,5,6,13,20,22;0,1,3,6,9,12,21,22;0,2,4,12,25,29;0,3,5,16,25;0,1,4,7,13,16,17,19;1,2,8,9,10,12,15,17,18,19,22,23,25;5,10,16,21,22,26;6,11,19,20,21,22,29;2,6,11,12,20;6,7,13,15,19,20,24,29;8,9,15,16,17,18,21,22,23,24;2,3,6,9,20,26,29;1,5,10,15,16,18,21,22;18,23,26,27,28;6,10,11,13,17,22,24;4,5,7,11,13,18,20,25,28;5,6,11,15,20,24,27,28,29;6,11,13,14,16,20,26,28;5,6,8,10;1,8,9,10,12,16,17,18,21,22,25;2,7,8,11,13,20,22,24;1,2,6,7,8,11,13,15,20,21,26,27,29;6,11,14,25,27,28,29;10,11,15,17,21;3,4,6,16,20,23,28,29;7,12,14,18,22,27;14,17,22,23,26,29;14,16,17,18,23,25;3,8,10,12,17,22,23,25,27
jc301_81_4295 30 1,2,3,4,5;0,2,5,6,13,20,22;0,1,3,6,9,12,21,22;0,2,4,12,25,29;0,3,5,16,25;0,1,4,7,13,16,17,19;1,2,8,9,10,12,15,17,18,19,22,23,25;5,10,16,21,22,26;6,11,19,20,21,22,29;2,6,11,12,20;6,7,13,15,19,20,24,29;8,9,15,16,17,18,21,22,23,24,25;2,3,6,9,20,26,29;1,5,10,15,16,18,21,22;18,23,26,27,28;6,10,11,13,17,22,24;4,5,7,11,13,18,20,25,28;5,6,11,15,20,24,27,28,29;6,11,13,14,16,20,26,28;5,6,8,10;1,8,9,10,12,16,17,18,21,22,25;2,7,8,11,13,20,22,24;1,2,6,7,8,11,13,15,20,21,26,27,29;6,11,14,25,27,28,29;10,11,15,17,21;3,4,6,11,16,20,23,28,29;7,12,14,18,22,27;14,17,22,23,26,29;14,16,17,18,23,25;3,8,10,12,17,22,23,25,27
jc301_81_4297 30 1,2,3,4,5;0,2,5,6,13,20,22;0,1,3,6,9,12,21,22;0,2,4,12,25,29;0,3,5,16,25;0,1,4,7,13,16,17,19;1,2,8,9,10,12,15,17,18,19,22,23,24,25;5,10,16,21,22,26;6,11,19,20,21,22,29;2,6,11,12,20;6,7,13,15,19,20,24,29;8,9,15,16,17,18,21,22,23,24,25;2,3,6,9,20,26,29;1,5,10,15,16,18,21,22;18,23,26,27,28;6,10,11,13,17,22,24;4,5,7,11,13,18,20,25,28;5,6,11,15,20,24,27,28,29;6,11,13,14,16,20,26,28;5,6,8,10;1,8,9,10,12,16,17,18,21,22,25;2,7,8,11,13,20,22,24;1,2,6,7,8,11,13,15,20,21,26,27,29;6,11,14,25,27,28,29;6,10,11,15,17,21;3,4,6,11,16,20,23,28,29;7,12,14,18,22,27;14,17,22,23,26,29;14,16,17,18,23,25;3,8,10,12,17,22,23,25,27
jc301_81_4307 30 1,2,3,4,5;0,2,5,6,13,20,22;0,1,3,6,9,12,21,22;0,2,4,12,25,29;0,3,5,16,25;0,1,4,7,13,16,17,19;1,2,8,9,10,12,15,17,18,19,22,23,24,25;5,10,16,21,22,26;6,11,19,20,21,22,29;2,6,11,12,20;6,7,13,15,19,20,24,29;8,9,15,16,17,18,21,22,23,24,25;2,3,6,9,20,26,29;1,5,10,15,16,18,21,22;18,23,26,27,28;6,10,11,13,17,22,24;4,5,7,11,13,18,20,25,28;5,6,11,15,20,24,27,28,29;6,11,13,14,16,26,28;5,6,8,10;1,8,9,10,12,16,17,21,22,25;2,7,8,11,13,20,22,24;1,2,6,7,8,11,13,15,20,21,26,27,29;6,11,14,25,27,28,29;6,10,11,15,17,21;3,4,6,11,16,20,23,28,29;7,12,14,18,22,27;14,17,22,23,26,29;14,16,17,18,23,25;3,8,10,12,17,22,23,25,27
jc301_81_4315 30 1,2,3,4,5;0,2,5,6,13,20,22;0,1,3,6,9,12,21,22;0,2,4,12,25,29;0,3,5,16,25;0,1,4,7,13,16,17,19;1,2,8,9,10,12,15,17,18,19,22,23,24,25;5,10,16,21,22,26;6,11,19,20,21,22,29;2,6,11,12,20;6,7,13,15,19,20,24,29;8,9,15,16,17,21,22,23,24,25;2,3,6,9,20,26,29;1,5,10,15,16,18,21,22;18,23,26,27,28;6,10,11,13,17,22,24;4,5,7,11,13,18,20,25,28;5,6,11,15,20,24,27,28,29;6,13,14,16,26,28;5,6,8,10;1,8,9,10,12,16,17,21,22,25;2,7,8,11,13,20,22,24;1,2,6,7,8,11,13,15,20,21,26,27,29;6,11,14,25,27,28,29;6,10,11,15,17,21;3,4,6,11,16,20,23,28,29;7,12,14,18,22,27;14,17,22,23,26,29;14,16,17,18,23,25;3,8,10,12,17,22,23,25,27
jc301_81_4330 30 1,2,3,4,5;0,2,5,6,13,20,22;0,1,3,6,9,12,21,22;0,2,4,12,25,29;0,3,5,16,25;0,1,4,7,13,16,17,19;1,2,8,9,10,12,15,17,18,19,22,23,24,25;5,10,16,21,22,26;6,11,19,20,21,22,29;2,6,11,12,20;6,7,13,15,19,20,24,29;8,9,15,16,17,21,22,23,24,25;2,3,6,9,20,26,29;1,5,10,15,16,18,21,22;18,23,26,27,28;6,10,11,13,17,22,24;4,5,7,11,13,18,20,25,28;5,6,11,15,20,24,27,28,29;6,13,14,16,26,28;5,6,8,10;1,8,9,10,12,16,17,21,22,25;2,7,8,11,13,20,22,24;1,2,6,7,8,11,13,15,20,21,26,27,29;6,11,14,25,27,28,29;6,10,11,15,17,21,29;3,4,6,11,16,20,23,28,29;7,12,14,18,22,27;14,17,22,23,26,29;14,16,17,18,23,25;3,8,10,12,17,22,23,24,25,27
jc301_81_4344 30 1,2,3,4,5;0,2,5,6,13,20,22;0,1,3,6,9,12,21,22;0,2,4,12,25,29;0,3,5,16,25;0,1,4,7,13,16,17,19;1,2,8,9,10,12,15,17,18,19,22,23,24,25;5,10,16,21,22,26;6,11,19,20,21,22,29;2,6,11,12,20;6,7,13,15,19,20,24,29;8,9,15,16,17,21,22,23,24,25;2,3,6,9,20,26,29;1,5,10,15,16,18,21,22;18,23,26,27,28;6,10,11,13,17,22,24;4,5,7,11,13,18,20,25,28;5,6,11,15,20,24,27,28,29;6,13,14,16,20,26,28;5,6,8,10;1,8,9,10,12,16,17,18,21,22,25;2,7,8,11,13,20,22,24;1,2,6,7,8,11,13,15,20,21,26,27,29;6,11,14,25,27,28,29;6,10,11,15,17,21,29;3,4,6,11,16,20,23,28,29;7,12,14,18,22,27;14,17,22,23,26,29;14,16,17,18,23,25;3,8,10,12,17,22,23,24,25,27
jc301_81_4351 30 1,2,3,4,5;0,2,5,6,13,20,22;0,1,3,6,9,12,21,22;0,2,4,12,25,29;0,3,5,16,25;0,1,4,7,13,16,17,19;1,2,8,9,10,12,15,17,18,19,22,23,24,25;5,10,16,21,22,26;6,11,12,19,20,21,22,29;2,6,11,12,20;6,7,13,15,19,20,24,29;8,9,15,16,17,21,22,23,24,25;2,3,6,8,9,20,26,29;1,5,10,15,16,18,21,22;18,23,26,27,28;6,10,11,13,17,22,24;4,5,7,11,13,18,20,25,28;5,6,11,15,20,24,27,28,29;6,13,14,16,20,26,28;5,6,8,10;1,8,9,10,12,16,17,18,21,22,25;2,7,8,11,13,20,22,24;1,2,6,7,8,11,13,15,20,21,26,27,29;6,11,14,25,27,28,29;6,10,11,15,17,21,29;3,4,6,11,16,20,23,28,29;7,12,14,18,22,27;14,17,22,23,26,29;14,16,17,18,23,25;3,8,10,12,17,22,23,24,25,27
jc301_81_4358 30 1,2,3,4,5;0,2,5,6,13,20,22;0,1,3,6,9,12,21,22;0,2,4,12,25,29;0,3,5,16,25;0,1,4,7,13,16,17,19;1,2,8,9,10,12,15,17,18,19,22,23,24,25;5,10,16,18,21,22,26;6,11,12,19,20,21,22,29;2,6,11,12,20;6,7,13,15,19,20,24,29;8,9,15,16,17,21,22,23,24,25;2,3,6,8,9,20,26,29;1,5,10,15,16,18,21,22;18,23,26,27,28;6,10,11,13,17,22,24;4,5,7,11,13,18,20,25,28;5,6,11,15,20,24,27,28,29;6,7,13,14,16,20,26,28;5,6,8,10;1,8,9,10,12,16,17,18,21,22,25;2,7,8,11,13,20,22,24;1,2,6,7,8,11,13,15,20,21,26,27,29;6,11,14,25,27,28,29;6,10,11,15,17,21,29;3,4,6,11,16,20,23,28,29;7,12,14,18,22,27;14,17,22,23,26,29;14,16,17,18,23,25;3,8,10,12,17,22,23,24,25,27
jc301_81_4360 30 1,2,3,4,5;0,2,5,6,13,20,22;0,1,3,6,9,12,21,22;0,2,4,12,25,29;0,3,5,16,25;0,1,4,7,13,16,17,19;1,2,8,9,10,12,15,17,18,19,22,23,24,25;5,9,10,16,18,21,22,26;6,11,12,19,20,21,22,29;2,6,7,11,12,20;6,7,13,15,19,20,24,29;8,9,15,16,17,21,22,23,24,25;2,3,6,8,9,20,26,29;1,5,10,15,16,18,21,22;18,23,26,27,28;6,10,11,13,17,22,24;4,5,7,11,13,18,20,25,28;5,6,11,15,20,24,27,28,29;6,7,13,14,16,20,26,28;5,6,8,10;1,8,9,10,12,16,17,18,21,22,25;2,7,8,11,13,20,22,24;1,2,6,7,8,11,13,15,20,21,26,27,29;6,11,14,25,27,28,29;6,10,11,15,17,21,29;3,4,6,11,16,20,23,28,29;7,12,14,18,22,27;14,17,22,23,26,29;14,16,17,18,23,25;3,8,10,12,17,22,23,24,25,27
jc301_81_4362 30 1,2,3,4,5;0,2,5,6,13,20,22;0,1,3,6,9,12,19,21,22;0,2,4,12,25,29;0,3,5,16,25;0,1,4,7,13,16,17,19;1,2,8,9,10,12,15,17,18,19,22,23,24,25;5,9,10,16,18,21,22,26;6,11,19,20,21,22,29;2,6,7,11,12,20;6,7,13,15,19,20,24,29;8,9,15,16,17,21,22,23,24,25;2,3,6,9,20,26,29;1,5,10,15,16,18,21,22;18,23,26,27,28;6,10,11,13,17,22,24;4,5,7,11,13,18,20,25,28;5,6,11,15,20,24,27,28,29;6,7,13,14,16,20,26,28;2,5,6,8,10;1,8,9,10,12,16,17,18,21,22,25;2,7,8,11,13,20,22,24;1,2,6,7,8,11,13,15,20,21,26,27,29;6,11,14,25,27,28,29;6,10,11,15,17,21,29;3,4,6,11,16,20,23,28,29;7,12,14,18,22,27;14,17,22,23,26,29;14,16,17,18,23,25;3,8,10,12,17,22,23,24,25,27
jc301_81_4364 30 1,2,3,4,5;0,2,5,6,13,20,22;0,1,3,6,9,12,19,21,22;0,2,4,12,25,29;0,3,5,16,25;0,1,4,7,13,16,17,19;1,2,8,9,10,12,15,17,18,19,22,23,24;5,9,10,16,18,21,22,26;6,11,19,20,21,22,29;2,6,7,11,12,20;6,7,13,15,19,20,24,29;8,9,15,16,17,21,22,23,24,25;2,3,6,9,20,26,29;1,5,10,15,16,18,21,22;18,23,26,27,28;6,10,11,13,17,22,24;4,5,7,11,13,18,20,25,28;5,6,11,15,19,20,24,27,28,29;6,7,13,14,16,20,26,28;2,5,6,8,10,17;1,8,9,10,12,16,17,18,21,22,25;2,7,8,11,13,20,22,24;1,2,6,7,8,11,13,15,20,21,26,27,29;6,11,14,25,27,28,29;6,10,11,15,17,21,29;3,4,11,16,20,23,28,29;7,12,14,18,22,27;14,17,22,23,26,29;14,16,17,18,23,25;3,8,10,12,17,22,23,24,25,27
jc301_81_4369 30 1,2,3,4,5;0,2,5,6,13,20,22;0,1,3,6,9,12,19,21,22;0,2,4,12,25,29;0,3,5,16,25;0,1,4,7,13,16,17,19;1,2,8,9,10,12,15,17,18,19,22,23,24;5,9,10,16,18,21,22,26;6,11,19,20,21,22,29;2,6,7,11,12,20;6,7,11,13,15,19,20,24,29;8,9,10,15,16,17,21,22,23,24,25;2,3,6,9,20,26,29;1,5,10,15,16,18,21,22;18,23,26,27,28;6,10,11,13,17,22,24;4,5,7,11,13,18,20,25,28;5,6,11,15,19,20,24,27,28,29;6,7,13,14,16,20,26,28;2,5,6,8,10,17;1,8,9,10,12,16,17,18,21,22,25;2,7,8,11,13,20,22,24;1,2,6,7,8,11,13,15,20,21,26,27,29;6,11,14,25,27,28,29;6,10,11,15,17,21,29;3,4,11,16,20,23,28,29;7,12,14,18,22,27;14,17,22,23,26,29;14,16,17,18,23,25;3,8,10,12,17,22,23,24,25,27
jc301_81_4370 30 1,2,3,4,5;0,2,5,6,13,20,22;0,1,3,6,9,12,19,21,22;0,2,4,12,25,29;0,3,5,16,25;0,1,4,7,13,16,17,19;1,2,8,9,10,12,15,17,18,19,22,23,24;5,9,10,16,18,21,22,26;6,11,19,20,21,22,29;2,6,7,11,12,20;6,7,11,13,15,19,20,24,29;8,9,10,15,16,17,21,22,23,24,25;2,3,6,9,20,26,29;1,5,10,15,16,18,21,22;18,23,26,27,28;6,10,11,13,17,22,24;4,5,7,11,13,18,20,25,28;5,6,11,15,19,20,24,27,28,29;6,7,13,14,16,20,26,28;2,5,6,8,10,17,22;1,8,9,10,12,16,17,18,21,22,25;2,7,8,11,13,20,22,24;1,2,6,7,8,11,13,15,19,20,21,26,27,29;6,11,14,25,27,28,29;6,10,11,15,17,21,29;3,4,11,16,20,23,28,29;7,12,14,18,22,27;14,17,22,23,26,29;14,16,17,18,23,25;3,8,10,12,17,22,23,24,25,27
jc301_81_4372 30 1,2,3,4,5;0,2,5,6,13,20,22;0,1,3,6,9,12,19,21,22;0,2,4,12,25,29;0,3,5,16,25;0,1,4,7,13,16,17,19;1,2,8,9,10,12,15,17,18,19,22,23,24;5,9,10,16,18,21,22,26;6,11,19,20,21,22,29;2,6,7,11,12,20;6,7,11,13,15,19,20,24,29;8,9,10,15,16,17,21,22,23,24,25;2,3,6,9,20,26,29;1,5,10,15,16,18,21,22;18,23,26,27,28;6,10,11,13,17,22,24;4,5,7,11,13,18,20,25,28;5,6,11,15,19,20,24,27,28,29;6,7,13,14,16,20,26,28;2,5,6,8,10,17,22;1,8,9,10,12,16,17,18,21,22,24,25;2,7,8,11,13,20,22,24;1,2,6,7,8,11,13,15,19,20,21,26,27,29;6,11,14,25,27,28,29;6,10,11,15,17,20,21,29;3,4,11,16,20,23,28,29;7,12,14,18,22,27;14,17,22,23,26,29;14,16,17,18,23,25;3,8,10,12,17,22,23,24,25,27
jc301_81_4379 30 1,2,3,4,5;0,2,5,6,13,20,22;0,1,3,6,9,12,19,21,22;0,2,4,12,25,29;0,3,5,16,25;0,1,4,7,13,16,17,19;1,2,8,9,10,12,15,17,18,19,22,23,24;5,9,10,16,18,21,22,26;6,11,19,20,21,22,29;2,6,7,11,12,20;6,7,11,13,15,19,20,24,29;8,9,10,16,17,21,22,23,24,25;2,3,6,9,20,26,29;1,5,10,15,16,18,21,22;18,23,26,27,28;6,10,13,17,22,24;4,5,7,11,13,18,20,25,28;5,6,11,15,19,20,24,27,28,29;6,7,13,14,16,20,26,28;2,5,6,8,10,17,22;1,8,9,10,12,16,17,18,21,22,24,25;2,7,8,11,13,20,22,24;1,2,6,7,8,11,13,15,19,20,21,26,27,29;6,11,14,25,27,28,29;6,10,11,15,17,20,21,29;3,4,11,16,20,23,28,29;7,12,14,18,22,27;14,17,22,23,26,29;14,16,17,18,23,25;3,8,10,12,17,22,23,24,25,27
jc301_81_4384 30 1,2,3,4,5;0,2,5,6,13,20,22;0,1,3,6,9,12,19,21,22;0,2,4,12,25,29;0,3,5,16,25;0,1,4,7,13,16,17,19;1,2,8,9,10,12,15,17,18,19,22,23,24;5,9,10,16,18,21,22,26;6,11,19,20,21,22,29;2,6,7,11,12,20;6,7,11,13,15,19,20,24,28,29;8,9,10,16,17,21,22,23,24,25;2,3,6,9,20,26,29;1,5,10,15,16,18,21,22;18,23,26,27,28;6,10,13,17,22,24;4,5,7,11,13,18,20,25,28;5,6,11,15,19,20,24,27,28,29;6,7,13,14,16,20,26,28;2,5,6,8,10,17,22;1,8,9,10,12,16,17,18,21,22,24,25;2,7,8,11,13,20,22,24;1,2,6,7,8,11,13,15,19,20,21,26,27,29;6,11,14,25,27,28,29;6,10,11,15,17,20,21,29;3,4,11,16,20,23,28,29;7,12,14,18,22,27;14,17,22,23,26,29;10,14,16,17,18,23,25;3,8,10,12,17,22,23,24,25,27
jc301_81_4390 30 1,2,3,4,5;0,2,5,6,13,20,22;0,1,3,6,9,12,15,19,21,22;0,2,4,12,25,29;0,3,5,16,25;0,1,4,7,13,16,17,19;1,2,8,9,10,12,15,17,18,19,22,23,24;5,9,10,16,18,21,22,26;6,11,19,20,21,22,29;2,6,7,11,12,20;6,7,11,13,15,19,20,24,28,29;8,9,10,16,17,21,22,23,24,25;2,3,6,9,20,26,29;1,5,10,15,16,18,21,22;18,23,26,27,28;2,6,10,13,17,22,24;4,5,7,11,13,18,20,25,28;5,6,11,15,19,20,24,27,29;6,7,13,14,16,20,26,28;2,5,6,8,10,17,22;1,8,9,10,12,16,17,18,21,22,24,25;2,7,8,11,13,20,22,24;1,2,6,7,8,11,13,15,19,20,21,26,27,29;6,11,14,25,27,28,29;6,10,11,15,17,20,21,29;3,4,11,16,20,23,28,29;7,12,14,18,22,27;14,17,22,23,26,29;10,14,16,18,23,25;3,8,10,12,17,22,23,24,25,27
jc301_81_4394 30 1,2,3,4,5;0,2,5,6,13,20,22;0,1,3,6,9,12,15,19,21,22;0,2,4,12,25,29;0,3,5,16,25;0,1,4,7,13,16,17,19;1,2,8,9,10,12,15,17,18,19,22,23,24;5,9,10,16,18,21,22,26;6,11,19,20,21,22,29;2,6,7,11,12,20;6,7,11,13,15,19,20,24,28,29;8,9,10,16,17,21,22,23,24,25;2,3,6,9,20,26,29;1,5,10,15,16,18,21,22;18,23,26,27,28;2,6,10,13,17,22,24;4,5,7,11,13,18,20,25,28;5,6,11,15,19,20,24,25,27,29;6,7,13,14,16,20,26,28;2,5,6,8,10,17,22;1,8,9,10,12,16,17,18,21,22,24,25;2,7,8,11,13,20,22,24;1,2,6,7,8,11,13,15,19,20,21,26,27,29;6,11,14,25,27,28,29;6,10,11,15,17,20,21,29;3,4,11,16,17,20,23,28,29;7,12,14,18,22,27;14,17,22,23,26,29;10,14,16,18,23,25;3,8,10,12,17,22,23,24,25,27
jc301_81_4396 30 1,2,3,4,5;0,2,5,6,13,20,22;0,1,3,6,9,12,15,19,21,22;0,2,4,12,25,29;0,3,5,16,25;0,1,4,7,13,16,17,19;1,2,8,9,10,12,15,17,18,19,22,23,24;5,9,10,16,18,21,22,26;6,11,19,20,21,22,29;2,6,7,11,12,20;6,7,13,15,19,20,24,28,29;8,9,16,17,21,22,23,24,25;2,3,6,9,20,26,29;1,5,10,15,16,18,21,22;18,23,26,27,28;2,6,10,13,17,22,24;4,5,7,11,13,18,20,25,28;5,6,11,15,19,20,24,25,27,29;6,7,13,14,16,20,26,28;2,5,6,8,10,17,22;1,8,9,10,12,16,17,18,21,22,24,25;2,7,8,11,13,20,22,24;1,2,6,7,8,11,13,15,19,20,21,26,27,29;6,11,14,25,27,28,29;6,10,11,15,17,20,21,29;3,4,11,16,17,20,23,28,29;7,12,14,18,22,27;14,17,22,23,26,29;10,14,16,18,23,25;3,8,10,12,17,22,23,24,25,27
jc301_81_4400 30 1,2,3,4,5;0,2,5,6,13,20,22;0,1,3,6,9,12,15,19,21,22;0,2,4,12,25,29;0,3,5,16,25;0,1,4,7,13,16,17,19;1,2,8,9,10,12,15,16,17,18,19,22,23,24;5,9,10,16,18,21,22,26;6,11,19,20,21,22,29;2,6,7,11,12,20;6,7,13,15,19,20,24,28,29;8,9,16,17,21,22,23,24,25;2,3,6,9,20,26,29;1,5,10,15,16,18,21,22;18,23,26,27,28;2,6,10,13,17,22,24;4,5,6,7,11,13,18,20,25,28;5,6,11,15,19,20,24,25,27,29;6,7,13,14,16,20,26,28;2,5,6,8,10,17,22;1,8,9,10,12,16,17,18,21,22,24,25;2,7,8,11,13,20,22,24;1,2,6,7,8,11,13,15,19,20,21,26,27,29;6,11,14,25,27,28,29;6,10,11,15,17,20,21,29;3,4,11,16,17,20,23,28,29;7,12,14,18,22,27;14,17,22,23,26,29;10,14,16,18,23,25;3,8,10,12,17,22,23,24,25,27
jc301_81_4413 30 1,2,3,4,5;0,2,5,6,13,20,22;0,1,3,6,9,12,15,19,21,22;0,2,4,12,25,29;0,3,5,16,25;0,1,4,7,13,16,17,19;1,2,8,9,10,12,15,16,17,18,19,23,24;5,9,10,16,18,21,22,26;6,11,19,20,21,22,29;2,6,7,11,12,20;6,7,13,15,19,20,24,28,29;8,9,16,17,21,22,23,24,25;2,3,6,9,20,26,29;1,5,10,15,16,18,21,22;18,23,26,27,28;2,6,10,13,17,22,24;4,5,6,7,11,13,18,20,25,28;5,6,11,15,19,20,24,25,27,29;6,7,13,14,16,20,26,28;2,5,6,8,10,17,22;1,8,9,10,12,16,17,18,21,22,24,25;2,7,8,11,13,20,22,24;1,2,7,8,11,13,15,19,20,21,26,27,29;6,11,14,25,27,28,29;6,10,11,15,17,20,21,29;3,4,11,16,17,20,23,28,29;7,12,14,18,22,27;14,17,22,23,26,29;10,14,16,18,23,25;3,8,10,12,17,22,23,24,25,27
jc301_81_4414 30 1,2,3,4,5;0,2,5,6,13,20,22;0,1,3,6,9,12,15,19,20,21,22;0,2,4,12,25,29;0,3,5,16,25;0,1,4,7,13,16,17,19;1,2,8,9,10,12,15,16,17,18,19,23,24;5,9,10,16,18,21,22,26;6,11,19,20,21,22,29;2,6,7,11,12,20;6,7,13,15,19,20,24,28,29;8,9,16,17,21,22,23,24,25;2,3,6,9,20,26,29;1,5,10,15,16,18,21,22;18,23,26,27,28;2,6,10,13,17,22,24;4,5,6,7,11,13,18,20,25,28;5,6,11,15,19,20,24,25,27,29;6,7,13,14,16,20,26,28;2,5,6,8,10,17,22;1,2,8,9,10,12,16,17,18,21,22,24,25;2,7,8,11,13,20,22,24;1,2,7,8,11,13,15,19,20,21,26,27,29;6,11,14,25,27,28,29;6,10,11,15,17,20,21,29;3,4,11,16,17,20,23,28,29;7,12,14,18,22,27;14,17,22,23,26,29;10,14,16,18,23,25;3,8,10,12,17,22,23,24,25,27
jc301_81_4417 30 1,2,3,4,5;0,2,5,6,13,20,22;0,1,3,6,9,12,15,19,20,21,22;0,2,4,12,25,29;0,3,5,16,25;0,1,4,7,13,16,17;1,2,8,9,10,12,15,16,17,18,19,23,24;5,9,10,16,18,21,22,26;6,11,19,20,21,22,29;2,6,7,11,12,20;6,7,13,15,19,20,24,28,29;8,9,16,17,21,22,23,24,25;2,3,6,9,20,26,29;1,5,10,15,16,18,21,22;18,23,26,27,28;2,6,10,13,17,22,24;4,5,6,7,11,13,18,20,25,28;5,6,11,15,19,20,24,25,27,29;6,7,13,14,16,20,26,28;2,6,8,10,17,22;1,2,8,9,10,12,16,17,18,21,22,24,25;2,7,8,11,13,20,22,24;1,2,7,8,11,13,15,19,20,21,26,27,29;6,11,14,25,27,28,29;6,10,11,15,17,20,21,29;3,4,11,16,17,20,23,28,29;7,12,14,18,22,27;14,17,22,23,26,29;10,14,16,18,23,25;3,8,10,12,17,22,23,24,25,27
jc301_81_4420 30 1,2,3,4,5;0,2,5,6,13,20,22;0,1,3,6,9,12,15,19,20,21,22;0,2,4,12,25,29;0,3,5,16,25;0,1,4,7,13,15,16,17;1,2,8,9,10,12,15,16,17,18,19,23,24;5,9,10,16,18,21,22,26;6,11,19,20,21,22,29;2,6,7,11,12,20;6,7,13,15,19,20,24,28,29;8,9,17,21,22,23,24,25;2,3,6,9,20,26,29;1,5,10,15,16,18,21,22;18,23,26,27,28;2,5,6,10,13,17,22,24;4,5,6,7,13,18,20,25,28;5,6,11,15,19,20,24,25,27,29;6,7,13,14,16,20,26,28;2,6,8,10,17,22;1,2,8,9,10,12,16,17,18,21,22,24,25;2,7,8,11,13,20,22,24;1,2,7,8,11,13,15,19,20,21,26,27,29;6,11,14,25,27,28,29;6,10,11,15,17,20,21,29;3,4,11,16,17,20,23,28,29;7,12,14,18,22,27;14,17,22,23,26,29;10,14,16,18,23,25;3,8,10,12,17,22,23,24,25,27
jc301_81_4422 30 1,2,3,4,5;0,2,5,6,13,20,22;0,1,3,6,9,12,15,19,20,21,22;0,2,4,12,25,29;0,3,5,16,25;0,1,4,7,13,15,16,17;1,2,8,9,10,12,15,16,17,18,19,23,24;5,9,10,16,18,21,22,26;6,11,19,20,21,22,29;2,6,7,11,12,20;6,7,13,15,19,20,24,28,29;8,9,17,21,22,23,24,25;2,3,6,9,20,26,29;1,5,10,15,16,21,22;18,23,26,27,28;2,5,6,10,13,17,22,24;4,5,6,7,13,18,20,25,28;5,6,11,15,19,20,24,25,27,29;6,7,14,16,20,26,28;2,6,8,10,17,22;1,2,8,9,10,12,16,17,18,21,22,24,25;2,7,8,11,13,20,22,24;1,2,7,8,11,13,15,19,20,21,26,27,29;6,11,14,25,27,28,29;6,10,11,15,17,20,21,29;3,4,11,16,17,20,23,28,29;7,12,14,18,22,27;14,17,22,23,26,29;10,14,16,18,23,25;3,8,10,12,17,22,23,24,25,27
jc301_81_4424 30 1,2,3,4,5;0,2,5,6,13,20,22;0,1,3,6,9,12,15,19,20,21,22;0,2,4,12,25,29;0,3,5,16,25;0,1,4,7,13,15,16,17;1,2,8,9,10,12,15,16,17,18,19,23,24;5,9,10,15,16,18,21,22,26;6,11,19,20,21,22,29;2,6,7,11,12,20;6,7,13,15,19,20,24,28,29;8,9,17,21,22,23,24,25;2,3,6,9,20,26,29;1,5,10,15,16,21,22;18,23,26,27,28;2,5,6,7,10,13,17,22,24;4,5,6,7,13,18,20,25,28;5,6,11,15,19,20,24,25,27,29;6,7,14,16,20,26,28;2,6,8,10,17,22;1,2,8,9,10,12,16,17,18,21,22,24,25;2,7,8,11,13,20,22,24;1,2,7,8,11,13,15,19,20,21,26,27,29;6,11,14,25,27,28,29;6,10,11,15,17,20,21,29;3,4,11,16,17,20,23,28,29;7,12,14,18,22,27;14,17,22,23,26,29;10,14,16,18,23,25;3,8,10,12,17,22,23,24,25,27
jc301_81_4432 30 1,2,3,4,5;0,2,5,6,13,20,22;0,1,3,6,9,12,15,19,20,21,22;0,2,4,12,25,29;0,3,5,16,25;0,1,4,7,13,15,16,17;1,2,8,9,10,12,15,16,17,18,19,21,23,24;5,9,10,15,16,18,21,22,26;6,11,19,20,21,22,29;2,6,7,11,12,20;6,7,13,15,19,24,28,29;8,9,17,21,22,23,24,25;2,3,6,9,20,26,29;1,5,10,15,16,21,22;18,23,26,27,28;2,5,6,7,10,13,17,22,24;4,5,6,7,13,18,20,25,28;5,6,11,15,19,20,24,25,27,29;6,7,14,16,20,26,28;2,6,8,10,17,22;1,2,8,9,12,16,17,18,21,22,24,25;2,6,7,8,11,13,20,22,24;1,2,7,8,11,13,15,19,20,21,26,27,29;6,11,14,25,27,28,29;6,10,11,15,17,20,21,29;3,4,11,16,17,20,23,28,29;7,12,14,18,22,27;14,17,22,23,26,29;10,14,16,18,23,25;3,8,10,12,17,22,23,24,25,27
jc301_81_4436 30 1,2,3,4,5;0,2,5,6,13,20,22;0,1,3,6,9,12,15,19,20,21,22,29;0,2,4,12,25,29;0,3,5,16,25;0,1,4,7,13,15,16,17;1,2,8,9,10,12,15,16,17,18,19,21,23,24;5,9,10,15,16,18,21,22,26;6,11,19,20,21,22,29;2,6,7,11,12,20;6,7,13,15,19,24,28,29;8,9,17,21,22,23,24,25;2,3,6,9,20,26,29;1,5,10,15,16,21,22;18,23,26,27,28;2,5,6,7,10,13,17,22,24;4,5,6,7,13,18,20,25,28;5,6,11,15,19,20,24,25,27,29;6,7,14,16,20,26,28;2,6,8,10,17,22;1,2,8,9,12,16,17,18,21,22,24,25;2,6,7,8,11,13,20,22,24;1,2,7,8,11,13,15,19,20,21,26,27,29;6,11,14,25,27,28,29;6,10,11,15,17,20,21,29;3,4,11,16,17,20,23,28,29;7,12,14,18,22,27;14,17,22,23,26,29;10,14,16,18,23,25;2,3,8,10,12,17,22,23,24,25,27
jc301_81_4444 30 1,2,3,4,5;0,2,5,6,7,13,20,22;0,1,3,6,9,12,15,19,20,21,22,29;0,2,4,12,25,29;0,3,5,16,25;0,1,4,7,13,15,16,17;1,2,8,9,10,12,15,16,17,18,19,21,23,24;1,5,9,10,15,16,18,21,22,26;6,11,19,20,21,22,29;2,6,7,11,12,20;6,7,13,15,19,24,28,29;8,9,17,21,22,23,24,25;2,3,6,9,20,26,29;1,5,10,15,16,21,22;18,23,26,27,28;2,5,6,7,10,13,17,22,24;4,5,6,7,13,18,20,25,28;5,6,11,15,19,20,24,25,27,29;6,7,14,16,20,26,28;2,6,8,10,17,22;1,2,8,9,12,16,17,18,21,22,24,25;2,6,7,8,11,13,20,22,24;1,2,7,8,11,13,15,19,20,21,26,27,29;6,11,14,25,27,28,29;6,10,11,15,17,20,21,29;3,4,11,16,17,20,23,28,29;7,12,14,18,22,27;14,17,22,23,26,29;10,14,16,18,23,25;2,3,8,10,12,17,22,23,24,25,27
jc301_81_4445 30 1,2,3,4,5;0,2,5,6,7,13,20,22;0,1,3,6,9,12,15,19,20,21,22,29;0,2,4,12,25,29;0,3,5,16,25;0,1,4,7,13,15,16,17;1,2,8,9,10,12,15,16,17,18,19,21,23,24;1,5,9,10,15,16,18,21,22,26;6,11,12,19,20,21,22,29;2,6,7,11,12,20;6,7,13,15,19,24,28,29;8,9,17,21,22,23,24,25;2,3,6,8,9,20,26,29;1,5,10,15,16,21,22;18,23,26,27,28;2,5,6,7,10,13,17,22,24;4,5,6,7,13,18,20,25,28;5,6,11,15,19,20,24,25,27,29;6,7,14,16,20,26,28;2,6,8,10,17,22;1,2,8,9,12,16,17,18,21,22,24;2,6,7,8,11,13,20,22,24;1,2,7,8,11,13,15,19,20,21,26,27,29;6,11,14,25,27,28,29;6,10,11,15,17,20,21,29;3,4,11,16,17,23,28,29;7,12,14,18,22,27;14,17,22,23,26,29;10,14,16,18,23,25;2,3,8,10,12,17,22,23,24,25,27
jc301_81_4446 30 1,2,3,4,5;0,2,5,6,7,8,13,20,22;0,1,3,6,9,12,15,19,20,21,22,29;0,2,4,12,25,29;0,3,5,16,25;0,1,4,7,13,15,16,17;1,2,8,9,10,12,15,16,17,18,19,21,23,24;1,5,9,10,15,16,18,21,22,26;1,6,11,12,19,20,21,22,29;2,6,7,11,12,20;6,7,13,15,19,24,28,29;8,9,17,21,22,23,24,25;2,3,6,8,9,20,26,29;1,5,10,15,16,21,22;18,23,26,27,28;2,5,6,7,10,13,17,22,24;4,5,6,7,13,18,20,25,28;5,6,11,15,19,20,24,25,27,29;6,7,14,16,20,26,28;2,6,8,10,17,22;1,2,8,9,12,16,17,18,21,22,24;2,6,7,8,11,13,20,22,24;1,2,7,8,11,13,15,19,20,21,26,27,29;6,11,14,25,27,28,29;6,10,11,15,17,20,21,29;3,4,11,16,17,23,28,29;7,12,14,18,22,27;14,17,22,23,26,29;10,14,16,18,23,25;2,3,8,10,12,17,22,23,24,25,27
jc301_81_4463 30 1,2,3,4,5;0,2,5,6,7,8,13,20,22;0,1,3,6,9,12,15,19,20,21,22,29;0,2,4,12,25,29;0,3,5,16,25;0,1,4,7,13,15,16,17;1,2,8,9,10,12,15,16,17,18,19,21,23,24;1,5,9,10,15,16,18,21,22,26;1,6,11,12,19,20,21,22,29;2,6,7,11,12,20;6,7,13,15,19,24,28,29;8,9,17,21,22,23,24,25;2,3,6,8,9,13,20,26,29;1,5,10,12,15,16,21,22;18,23,26,27,28;2,5,6,7,10,13,17,22,24;4,5,6,7,13,18,20,25,28;5,6,11,15,19,20,24,25,27,29;6,7,14,16,20,26,28;2,6,8,10,17,22;1,2,8,9,12,16,17,18,21,22,24;2,6,7,8,11,13,20,22,24;1,2,7,8,11,13,15,19,20,21,26,27,29;6,11,14,25,27,28,29;6,10,11,15,17,20,21,29;3,4,11,16,17,23,28,29;7,12,14,18,22,27;14,17,22,23,26,29;10,14,16,18,23,25;2,3,8,10,12,17,22,23,24,25,27
jc301_81_4464 30 1,2,3,4,5;0,2,5,6,7,8,13,20,22;0,1,3,6,9,12,15,19,20,21,22,29;0,2,4,12,25,29;0,3,5,16,25;0,1,4,7,13,15,16,17;1,2,8,9,10,12,15,16,17,18,19,21,23,24;1,5,9,10,15,16,18,21,22,26;1,6,11,12,19,20,21,22,29;2,6,7,11,12,20;6,7,13,15,19,24,28,29;8,9,17,21,22,23,24,25;2,3,6,8,9,13,20,26,29;1,5,10,12,15,16,21,22;18,23,26,27,28;2,5,6,7,10,13,17,22,24;4,5,6,7,13,18,20,25,28;5,6,11,15,19,20,24,25,27,29;6,7,14,16,26,28;2,6,8,10,17,22;1,2,8,9,12,16,17,21,22,24;2,6,7,8,11,13,20,22,24;1,2,7,8,11,13,15,19,20,21,26,27,29;6,11,14,25,27,28,29;6,10,11,15,17,20,21,29;3,4,11,16,17,23,28,29;7,12,14,18,22,27;14,17,22,23,26,29;10,14,16,18,23,25;2,3,8,10,12,17,22,23,24,25,27
jc301_81_4469 30 1,2,3,4,5;0,2,5,6,7,8,13,20,22;0,1,3,6,9,12,15,19,20,21,22,29;0,2,4,12,25,29;0,3,5,16,25;0,1,4,7,13,15,16,17;1,2,8,9,10,12,15,16,17,18,19,21,23,24;1,5,9,10,15,16,18,21,22,26;1,6,11,12,19,20,21,22,29;2,6,7,11,12,20;6,7,13,15,19,24,28,29;8,9,17,21,22,23,24,25;2,3,6,8,9,13,20,26,29;1,5,10,12,15,16,21,22;18,23,26,27,28;2,5,6,7,10,13,17,20,22,24;4,5,6,7,13,18,20,25,28;5,6,11,15,19,20,24,25,27,29;6,7,14,16,26,28;2,6,8,10,17,22;1,2,8,9,12,15,16,17,21,22,24;2,6,7,8,11,13,20,22,24;1,2,7,8,11,13,15,19,20,21,26,27,29;6,11,14,25,27,28,29;6,10,11,15,17,20,21,29;3,4,11,16,17,23,28,29;7,12,14,18,22,27;14,17,22,23,26,29;10,14,16,18,23,25;2,3,8,10,12,17,22,23,24,25,27
jc301_81_4478 30 1,2,3,4,5;0,2,5,6,7,8,13,20,22;0,1,3,6,9,12,15,19,20,21,22,29;0,2,4,12,25,29;0,3,5,16,25;0,1,4,7,13,15,16,17;1,2,8,9,10,12,15,16,17,18,19,21,23,24;1,5,9,10,15,16,18,21,22,26;1,6,11,12,19,20,21,22,29;2,6,7,12,20;6,7,13,15,19,24,28,29;8,17,21,22,23,24,25;2,3,6,8,9,13,20,26,29;1,5,10,12,15,16,21,22;18,23,26,27,28;2,5,6,7,10,13,17,20,22,24;4,5,6,7,13,18,20,25,28;5,6,11,15,19,20,24,25,27,29;6,7,14,16,26,28;2,6,8,10,17,22;1,2,8,9,12,15,16,17,21,22,24;2,6,7,8,11,13,20,22,24;1,2,7,8,11,13,15,19,20,21,26,27,29;6,11,14,25,27,28,29;6,10,11,15,17,20,21,29;3,4,11,16,17,23,28,29;7,12,14,18,22,27;14,17,22,23,26,29;10,14,16,18,23,25;2,3,8,10,12,17,22,23,24,25,27
jc301_81_4485 30 1,2,3,4,5;0,2,5,6,7,8,13,20,22;0,1,3,6,9,12,15,19,20,21,22,29;0,2,4,12,25,29;0,3,5,16,25;0,1,4,7,13,15,16,17;1,2,8,9,10,12,15,16,17,18,19,21,23,24,25;1,5,9,10,12,15,16,18,21,22,26;1,6,11,12,19,20,21,22,29;2,6,7,12,20;6,7,13,15,19,24,28,29;8,17,21,22,23,24,25;2,3,6,7,8,9,13,20,26,29;1,5,10,12,15,16,21,22;18,23,26,27,28;2,5,6,7,10,13,17,20,22,24;4,5,6,7,13,18,20,25,28;5,6,11,15,19,20,24,25,27,29;6,7,14,16,26,28;2,6,8,10,17,22;1,2,8,9,12,15,16,17,21,22,24;2,6,7,8,11,13,20,22,24;1,2,7,8,11,13,15,19,20,21,26,27,29;6,11,14,25,27,28,29;6,10,11,15,17,20,21,29;3,4,6,11,16,17,23,28,29;7,12,14,18,22,27;14,17,22,23,26,29;10,14,16,18,23,25;2,3,8,10,12,17,22,23,24,25,27
jc301_81_4488 30 1,2,3,4,5;0,2,5,6,7,8,13,20,22;0,1,3,6,9,12,15,19,20,21,22,29;0,2,4,12,25,29;0,3,5,16,25;0,1,4,7,13,15,16,17;1,2,8,9,10,12,15,16,17,18,19,21,23,24,25;1,5,9,10,12,15,16,18,21,22,26;1,6,11,12,19,20,21,22,29;2,6,7,12,20;6,7,13,15,19,24,27,28,29;8,17,21,22,23,24,25;2,3,6,7,8,9,13,20,26,29;1,5,10,12,15,16,21,22;18,23,26,27,28;2,5,6,7,10,13,17,20,22,24;4,5,6,7,13,18,20,25,28;5,6,11,15,19,20,24,25,27,29;6,7,14,16,26,28;2,6,8,10,17,22;1,2,8,9,12,15,16,17,21,22,24;2,6,7,8,11,13,20,22,24;1,2,7,8,11,13,15,19,20,21,26,27,29;6,11,14,25,27,28,29;6,10,11,15,17,20,21,29;3,4,6,11,16,17,23,28,29;7,12,14,18,22,27;10,14,17,22,23,26,29;10,14,16,18,23,25;2,3,8,10,12,17,22,23,24,25,27
jc301_81_4491 30 1,2,3,4,5;0,2,5,6,7,8,13,20,22;0,1,3,6,9,12,15,19,20,21,22,29;0,2,4,12,25,29;0,3,5,16,25;0,1,4,7,13,15,16,17;1,2,8,9,10,15,16,17,18,19,21,23,24,25;1,5,9,10,12,15,16,18,21,22,26;1,6,11,12,19,20,21,22,29;2,6,7,12,20;6,7,13,15,19,24,27,28,29;8,17,21,22,23,24,25;2,3,7,8,9,13,20,26,29;1,5,10,12,15,16,21,22;18,23,26,27,28;2,5,6,7,10,13,17,20,22,24;4,5,6,7,13,18,20,25,28;5,6,11,15,19,20,24,25,27,29;6,7,14,16,26,28;2,6,8,10,17,22;1,2,8,9,12,15,16,17,21,22,24;2,6,7,8,11,13,20,22,24;1,2,7,8,11,13,15,19,20,21,26,27,29;6,11,14,25,27,28,29;6,10,11,15,17,20,21,29;3,4,6,11,16,17,23,28,29;7,12,14,18,22,27;10,14,17,22,23,26,29;10,14,16,18,23,25;2,3,8,10,12,17,22,23,24,25,27
jc301_81_4493 30 1,2,3,4,5;0,2,5,6,7,8,13,20,22;0,1,3,6,9,12,15,19,20,21,22,29;0,2,4,12,25,29;0,3,5,16,25;0,1,4,7,13,15,16,17;1,2,8,9,10,15,16,17,18,19,21,23,24,25;1,5,9,10,12,15,16,18,21,22,26;1,6,11,12,19,20,21,22,29;2,6,7,12,20;6,7,13,15,19,24,27,28,29;8,17,21,22,23,24,25;2,3,7,8,9,13,20,26,29;1,5,10,12,15,16,21,22;18,23,26,27,28;2,5,6,7,10,13,17,20,22,24;4,5,6,7,13,18,20,25,28;5,6,11,15,19,20,24,25,27,29;6,7,14,16,26,28;2,6,8,10,17,22;1,2,8,9,12,15,16,17,21,22,24;2,6,7,8,11,13,20,22;1,2,7,8,11,13,15,19,20,21,26,27,29;6,11,14,25,27,28,29;6,10,11,15,17,20,29;3,4,6,11,16,17,23,28,29;7,12,14,18,22,27;10,14,17,22,23,26,29;10,14,16,18,23,25;2,3,8,10,12,17,22,23,24,25,27
jc301_81_4495 30 1,2,3,4,5;0,2,5,6,7,8,13,20,22;0,1,3,6,9,12,15,19,20,21,22,29;0,2,4,12,25,29;0,3,5,16,25;0,1,4,7,13,15,16,17;1,2,8,9,10,15,16,17,18,19,21,23,24,25;1,5,9,10,12,15,16,18,21,22,26;1,6,11,12,19,20,21,22,29;2,6,7,12,20;6,7,13,19,24,27,28,29;8,17,21,22,23,24,25;2,3,7,8,9,13,20,26,29;1,5,10,12,15,16,21,22;18,23,26,27,28;2,5,6,7,13,17,20,22,24;4,5,6,7,13,18,20,25,28;5,6,11,15,19,20,24,25,27,29;6,7,14,16,26,28;2,6,8,10,17,22;1,2,8,9,12,15,16,17,21,22,24;2,6,7,8,11,13,20,22;1,2,7,8,11,13,15,19,20,21,26,27,29;6,11,14,25,27,28,29;6,10,11,15,17,20,29;3,4,6,11,16,17,23,28,29;7,12,14,18,22,27;10,14,17,22,23,26,29;10,14,16,18,23,25;2,3,8,10,12,17,22,23,24,25,27
jc301_81_4496 30 1,2,3,4,5;0,2,5,6,7,8,13,20,22;0,1,3,6,9,12,15,19,20,21,22,29;0,2,4,12,25,29;0,3,5,16,25;0,1,4,7,13,15,16,17;1,2,8,9,10,15,16,17,18,19,21,23,24,25;1,5,9,10,12,15,16,18,21,22,26;1,6,11,12,19,20,21,22,29;2,6,7,12,20;6,7,13,19,24,27,28,29;8,17,21,22,23,24,25;2,3,7,8,9,13,20,26,29;1,5,10,12,15,16,21,22;18,23,26,27,28;2,5,6,7,13,17,20,22,24;4,5,6,7,13,18,20,25,28;5,6,11,15,20,24,25,27,29;6,7,14,16,26,28;2,6,8,10,22;1,2,8,9,12,15,16,17,21,22,24;2,6,7,8,11,13,20,22;1,2,7,8,11,13,15,19,20,21,26,27,29;6,11,14,25,27,28,29;6,10,11,15,17,20,29;3,4,6,11,16,17,23,28,29;7,12,14,18,22,27;10,14,17,22,23,26,29;10,14,16,18,23,25;2,3,8,10,12,17,22,23,24,25,27
jc301_81_4507 30 1,2,3,4,5;0,2,5,6,7,8,10,13,20,22;0,1,3,6,9,12,15,19,20,21,22,29;0,2,4,12,25,29;0,3,5,16,25;0,1,4,7,13,15,16,17;1,2,8,9,10,15,16,17,18,19,21,23,24,25;1,5,9,10,12,15,16,18,21,22,26;1,6,11,12,19,20,21,22,29;2,6,7,12,20;1,6,7,13,19,24,27,28,29;8,17,21,22,23,24,25;2,3,7,8,9,13,20,26,29;1,5,10,12,15,16,21,22;18,23,26,27,28;2,5,6,7,13,17,20,22,24;4,5,6,7,13,18,20,25,28;5,6,11,15,20,24,25,27,29;6,7,14,16,26,28;2,6,8,10,22;1,2,8,9,12,15,16,17,21,22,24;2,6,7,8,11,13,20,22;1,2,7,8,11,13,15,19,20,21,26,27,29;6,11,14,25,27,28,29;6,10,11,15,17,20,29;3,4,6,11,16,17,23,28,29;7,12,14,18,22,27;10,14,17,22,23,26,29;10,14,16,18,23,25;2,3,8,10,12,17,22,23,24,25,27
jc301_81_4510 30 1,2,3,4,5;0,2,5,6,7,8,10,13,20,22;0,1,3,6,9,12,15,19,20,21,22,29;0,2,4,12,25,29;0,3,5,16,25;0,1,4,7,13,15,16,17;1,2,8,9,10,15,16,17,18,19,21,23,24,25;1,5,9,10,12,15,16,18,21,22,26;1,6,11,12,19,20,21,22,29;2,6,7,12,20;1,6,7,13,19,24,27,28,29;8,17,21,22,23,24,25;2,3,7,8,9,13,20,26,29;1,5,10,12,15,16,21,22;18,23,26,27,28;2,5,6,7,13,17,20,22,24;4,5,6,7,13,18,20,24,25,28;5,6,11,15,20,24,25,27,29;6,7,14,16,26,28;2,6,8,10,22;1,2,8,9,12,15,16,17,21,22,24;2,6,7,8,11,13,20,22;1,2,7,8,11,13,15,19,20,21,26,27,29;6,11,14,25,27,28,29;6,10,11,15,16,17,20,29;3,4,6,11,16,17,23,28,29;7,12,14,18,22,27;10,14,17,22,23,26,29;10,14,16,18,23,25;2,3,8,10,12,17,22,23,24,25,27
jc301_81_4527 30 1,2,3,4,5;0,2,5,7,8,10,13,20,22;0,1,3,6,9,12,15,19,20,21,22,29;0,2,4,12,25,29;0,3,5,16,25;0,1,4,7,13,15,16,17;2,8,9,10,15,16,17,18,19,21,23,24,25;1,5,9,10,12,15,16,18,21,22,26;1,6,11,12,19,20,21,22,29;2,6,7,12,20;1,6,7,13,19,24,27,28,29;8,17,21,22,23,24,25;2,3,7,8,9,13,20,26,29;1,5,10,12,15,16,21,22;18,23,26,27,28;2,5,6,7,13,17,20,22,24;4,5,6,7,13,18,20,24,25,28;5,6,11,15,20,24,25,27,29;6,7,14,16,26,28;2,6,8,10,22;1,2,8,9,12,15,16,17,21,22,24;2,6,7,8,11,13,20,22;1,2,7,8,11,13,15,19,20,21,26,27,29;6,11,14,25,27,28,29;6,10,11,15,16,17,20,29;3,4,6,11,16,17,23,28,29;7,12,14,18,22,27;10,14,17,22,23,26,29;10,14,16,18,23,25;2,3,8,10,12,17,22,23,24,25,27
jc301_81_4529 30 1,2,3,4,5;0,2,5,7,8,10,13,20,22;0,1,3,6,9,12,15,19,20,21,22,29;0,2,4,12,25,29;0,3,5,16,25;0,1,4,7,13,15,16,17;2,8,9,10,15,16,17,18,19,21,23,24,25;1,5,9,10,12,15,16,18,21,22,26;1,6,11,12,20,21,22,29;2,6,7,12,20;1,6,7,13,19,24,27,28,29;8,17,21,22,23,24,25;2,3,7,8,9,13,20,26,29;1,5,10,12,15,16,21,22;18,23,26,27,28;2,5,6,7,13,17,20,22,24;4,5,6,7,13,18,20,24,25,28;5,6,11,15,20,24,25,27,29;6,7,14,16,26,28;2,6,10,22;1,2,8,9,12,15,16,17,21,22,24;2,6,7,8,11,13,20,22;1,2,7,8,11,13,15,19,20,21,26,27,29;6,11,14,25,27,28,29;6,10,11,15,16,17,20,29;3,4,6,11,16,17,23,28,29;7,12,14,18,22,27;10,14,17,22,23,26,29;10,14,16,18,23,25;2,3,8,10,12,17,22,23,24,25,27
jc301_81_4531 30 1,2,3,4,5;0,2,5,7,8,10,13,20,22;0,1,3,6,9,12,15,19,20,21,22,29;0,2,4,12,25,29;0,3,5,16,25;0,1,4,7,13,15,16,17;2,8,9,10,15,16,17,18,19,21,23,24,25;1,5,9,10,12,15,16,18,21,22,26;1,6,11,12,20,21,22,29;2,6,7,12,20;1,6,7,13,19,24,27,28,29;8,17,21,22,23,24,25;2,3,7,8,9,13,20,26,29;1,5,10,12,15,16,21,22;18,23,26,27,28;2,5,6,7,13,17,20,22,24;4,5,6,7,13,18,20,24,25,28;5,6,11,15,20,24,25,27,28,29;6,7,14,16,26,28;2,6,10,22;1,2,8,9,12,15,16,17,21,22,24;2,6,7,8,11,13,20,22;1,2,7,8,11,13,15,19,20,21,26,27,29;6,11,14,25,27,28,29;6,10,11,15,16,17,20,29;3,4,6,11,16,17,23,28,29;7,12,14,18,22,27;10,14,17,22,23,26,29;10,14,16,17,18,23,25;2,3,8,10,12,17,22,23,24,25,27
jc301_81_4535 30 1,2,3,4,5;0,2,5,7,8,10,13,20,22;0,1,3,6,9,12,15,19,20,21,22,29;0,2,4,12,25,29;0,3,5,16,25;0,1,4,7,13,15,16,17;2,8,9,10,15,16,17,18,19,21,23,24,25;1,5,9,10,12,15,16,18,21,22,26;1,6,11,12,20,21,22,29;2,6,7,12,20;1,6,7,13,19,24,27,28,29;8,17,21,22,23,24,25;2,3,7,8,9,13,20,26,29;1,5,10,12,15,16,21,22;18,23,26,27,28;2,5,6,7,13,17,20,22,24;4,5,6,7,13,18,20,24,25,28;5,6,11,15,20,24,25,27,28,29;6,7,14,16,26,28;2,6,10,22;1,2,8,9,12,15,16,17,21,22,24,25;2,6,7,8,11,13,20,22;1,2,7,8,11,13,15,19,20,21,26,27,29;6,11,14,25,27,28,29;6,10,11,15,16,17,20,29;3,4,6,11,16,17,20,23,28,29;7,12,14,18,22,27;10,14,17,22,23,26,29;10,14,16,17,18,23,25;2,3,8,10,12,17,22,23,24,25,27
jc301_81_4538 30 1,2,3,4,5;0,2,5,7,8,10,13,20,22;0,1,3,6,9,12,15,19,20,21,22,29;0,2,4,12,25,29;0,3,5,16,25;0,1,4,7,13,15,16,17;2,8,9,10,15,16,17,18,19,21,23,24,25;1,5,9,10,12,15,16,18,21,22,26;1,6,11,12,20,21,22,29;2,6,7,12,20;1,6,7,13,19,24,27,28,29;8,17,21,22,23,24,25;2,3,7,8,9,13,20,26,29;1,5,10,12,15,16,21,22;18,23,26,27,28;2,5,6,7,13,17,20,22,24;4,5,6,7,13,18,20,24,25,28;5,6,11,15,20,24,25,27,28,29;6,7,14,16,26,28;2,6,10,22;1,2,8,9,12,15,16,17,22,24,25;2,6,7,8,11,13,22;1,2,7,8,11,13,15,19,20,21,26,27,29;6,11,14,25,27,28,29;6,10,11,15,16,17,20,29;3,4,6,11,16,17,20,23,28,29;7,12,14,18,22,27;10,14,17,22,23,26,29;10,14,16,17,18,23,25;2,3,8,10,12,17,22,23,24,25,27
jc301_81_4546 30 1,2,3,4,5;0,2,5,7,8,10,13,20,22;0,1,3,6,9,12,15,19,20,21,22,29;0,2,4,12,25,29;0,3,5,16,25;0,1,4,7,13,15,16,17;2,8,9,10,15,16,17,18,19,21,23,24,25;1,5,9,10,12,15,16,18,21,22,26;1,6,11,12,20,21,22,29;2,6,7,12,20;1,6,7,13,19,24,27,28,29;8,17,21,22,23,24,25;2,3,7,8,9,13,20,26,29;1,5,10,12,15,16,22;18,23,26,27,28;2,5,6,7,13,17,20,22,24;4,5,6,7,13,18,20,24,25,28;5,6,11,15,20,24,25,27,28,29;6,7,14,16,26,28;2,6,10,22;1,2,8,9,12,15,16,17,22,24,25;2,6,7,8,11,22;1,2,7,8,11,13,15,19,20,21,26,27,29;6,11,14,25,27,28,29;6,10,11,15,16,17,20,29;3,4,6,11,16,17,20,23,28,29;7,12,14,18,22,27;10,14,17,22,23,26,29;10,14,16,17,18,23,25;2,3,8,10,12,17,22,23,24,25,27
jc301_81_4549 30 1,2,3,4,5;0,2,5,7,8,10,13,20,22;0,1,3,6,9,12,15,19,20,21,22,29;0,2,4,12,25,29;0,3,5,16,25;0,1,4,7,13,15,16,17;2,8,9,10,15,16,17,18,19,21,24,25;1,5,9,10,12,15,16,18,21,22,26;1,6,11,12,20,21,22,29;2,6,7,12,20;1,6,7,13,19,24,27,28,29;8,17,21,22,23,24,25;2,3,7,8,9,13,20,26,29;1,5,10,12,15,16,22;18,23,26,27,28;2,5,6,7,13,17,20,22,24;4,5,6,7,13,18,20,24,25,28;5,6,11,15,20,24,25,27,28,29;6,7,14,16,26,28;2,6,10,22;1,2,8,9,12,15,16,17,22,24,25;2,6,7,8,11,22;1,2,7,8,11,13,15,19,20,21,26,27,29;11,14,25,27,28,29;6,10,11,15,16,17,20,29;3,4,6,11,16,17,20,23,28,29;7,12,14,18,22,27;10,14,17,22,23,26,29;10,14,16,17,18,23,25;2,3,8,10,12,17,22,23,24,25,27
jc301_81_4550 30 1,2,3,4,5;0,2,5,7,8,10,13,20,22;0,1,3,6,9,12,15,19,20,21,22,29;0,2,4,12,25,29;0,3,5,16,25;0,1,4,7,13,15,16,17;2,9,10,15,16,17,18,19,21,24,25;1,5,9,10,12,15,16,18,21,22,26;1,11,12,20,21,22,29;2,6,7,12,20;1,6,7,13,19,24,27,28,29;8,17,21,22,23,24,25;2,3,7,8,9,13,20,26,29;1,5,10,12,15,16,22;18,23,26,27,28;2,5,6,7,13,17,20,22,24;4,5,6,7,13,18,20,24,25,28;5,6,11,15,20,24,25,27,28,29;6,7,14,16,26,28;2,6,10,22;1,2,8,9,12,15,16,17,22,24,25;2,6,7,8,11,22;1,2,7,8,11,13,15,19,20,21,26,27,29;11,14,25,27,28,29;6,10,11,15,16,17,20,29;3,4,6,11,16,17,20,23,28,29;7,12,14,18,22,27;10,14,17,22,23,26,29;10,14,16,17,18,23,25;2,3,8,10,12,17,22,23,24,25,27
jc301_81_4557 30 1,2,3,4,5;0,2,5,7,8,10,13,20,22;0,1,3,6,9,12,15,19,20,22,29;0,2,4,12,25,29;0,3,5,16,25;0,1,4,7,13,15,16,17;2,9,10,15,16,17,18,19,21,24,25;1,5,9,10,12,15,16,18,21,22,26;1,11,12,20,21,22,29;2,6,7,12,20;1,6,7,13,19,24,27,28,29;8,17,21,22,23,24,25;2,3,7,8,9,13,20,26,29;1,5,10,12,15,16;18,23,26,27,28;2,5,6,7,13,17,20,22,24;4,5,6,7,13,18,20,24,25,28;5,6,11,15,20,24,25,27,28,29;6,7,14,16,26,28;2,6,10,22;1,2,8,9,12,15,16,17,22,24,25;6,7,8,11,22;1,2,7,8,11,15,19,20,21,26,27,29;11,14,25,27,28,29;6,10,11,15,16,17,20,29;3,4,6,11,16,17,20,23,28,29;7,12,14,18,22,27;10,14,17,22,23,26,29;10,14,16,17,18,23,25;2,3,8,10,12,17,22,23,24,25,27
jc301_81_4560 30 1,2,3,4,5;0,2,5,7,8,10,13,20,22;0,1,3,6,9,12,15,19,20,22;0,2,4,12,25,29;0,3,5,16,25;0,1,4,7,13,15,16,17;2,9,10,15,16,17,18,19,21,24,25;1,5,9,10,12,15,16,18,21,22,26;1,11,12,20,21,22,29;2,6,7,12,20;1,6,7,13,19,24,27,28,29;8,17,21,22,23,24,25;2,3,7,8,9,13,20,26,29;1,5,10,12,15,16;18,23,26,27,28;2,5,6,7,13,17,20,22,24;4,5,6,7,13,18,20,24,25,28;5,6,11,15,20,24,25,27,28,29;6,7,14,16,26,28;2,6,10,22;1,2,8,9,12,15,16,17,22,24,25;6,7,8,11,22;1,2,7,8,11,15,19,20,21,26,27,29;11,14,25,27,28,29;6,10,11,15,16,17,20,29;3,4,6,11,16,17,20,23,28,29;7,12,14,18,22,27;10,14,17,22,23,26,29;10,14,16,17,18,23,25;3,8,10,12,17,22,23,24,25,27
jc301_81_4565 30 1,2,3,4,5;0,2,5,7,8,10,13,20,22;0,1,3,6,9,12,15,19,20,22;0,2,4,12,25,29;0,3,5,16,25;0,1,4,7,13,15,16,17;2,9,10,15,16,17,18,19,21,24,25;1,5,9,10,12,15,16,18,21,22,26;1,11,12,20,21,22,29;2,6,7,12,20;1,6,7,13,19,24,27,28,29;8,17,21,22,23,25;2,3,7,8,9,13,20,26,29;1,5,10,12,15,16;18,23,26,27,28;2,5,6,7,13,17,20,22,24;4,5,6,7,13,18,20,24,25,28;5,6,11,15,20,24,25,27,28,29;6,7,14,16,26,28;2,6,10,22;1,2,8,9,12,15,16,17,22,24,25;6,7,8,11,22;1,2,7,8,11,15,19,20,21,26,27,29;11,14,25,27,28,29;6,10,15,16,17,20,29;3,4,6,11,16,17,20,23,28,29;7,12,14,18,22,27;10,14,17,22,23,26,29;10,14,16,17,18,23,25;3,8,10,12,17,22,23,24,25,27
jc301_81_4569 30 1,2,3,4,5;0,2,5,7,8,10,13,20,22;0,1,3,6,9,12,15,19,20,22;0,2,4,12,25,29;0,3,5,16,25;0,1,4,7,13,15,16,17;2,9,10,15,16,17,18,19,21,24,25;1,5,9,10,12,15,16,18,21,22,26;1,11,12,20,21,22,29;2,6,7,12,20;1,6,7,11,13,19,24,27,28,29;8,10,17,21,22,23,25;2,3,7,8,9,13,20,26,29;1,5,10,12,15,16;18,23,26,27,28;2,5,6,7,13,17,20,22,24;4,5,6,7,13,18,20,24,25,28;5,6,11,15,20,24,25,27,28,29;6,7,14,16,26,28;2,6,10,22;1,2,8,9,12,15,16,17,22,24,25;6,7,8,11,22;1,2,7,8,11,15,19,20,21,26,27,29;11,14,25,27,28,29;6,10,15,16,17,20,29;3,4,6,11,16,17,20,23,28,29;7,12,14,18,22,27;10,14,17,22,23,26,29;10,14,16,17,18,23,25;3,8,10,12,17,22,23,24,25,27
jc301_81_4583 30 1,2,3,4,5;0,2,5,7,8,10,13,20,22;0,1,3,6,9,12,15,19,20,22;0,2,4,12,25,29;0,3,5,16,25;0,1,4,7,13,15,16,17;2,9,10,15,16,17,18,19,21,24,25;1,5,9,10,12,15,16,18,21,22,26;1,11,12,20,21,22,29;2,6,7,12,20;1,6,7,11,13,19,24,27,28,29;8,10,17,21,22,23,25;2,3,7,8,9,13,20,26,29;1,5,10,12,15,16;18,23,26,27,28;2,5,6,7,13,17,20,22,24;4,5,6,7,13,18,20,24,25,28;5,6,11,15,20,21,24,25,27,28,29;6,7,14,16,26,28;2,6,10,22;1,2,8,9,12,15,16,17,22,24,25;6,7,8,11,17,22;1,2,7,8,11,15,19,20,21,26,27,29;11,14,25,27,28,29;6,10,15,16,17,20,29;3,4,6,11,16,17,20,23,28,29;7,12,14,18,22,27;10,14,17,22,23,26,29;10,14,16,17,18,23,25;3,8,10,12,17,22,23,24,25,27
jc301_81_4585 30 1,2,3,4,5;0,2,5,7,8,10,13,20,22;0,1,3,6,9,12,15,19,20,22;0,2,4,12,25,29;0,3,5,16,25;0,1,4,7,13,15,16,17;2,9,10,15,16,17,18,19,21,24,25;1,5,9,10,12,15,16,18,21,22,26;1,11,12,20,21,22,29;2,6,7,12,20;1,6,7,11,13,15,19,24,27,28,29;8,10,17,21,22,23,25;2,3,7,8,9,13,20,26,29;1,5,10,12,15,16;18,23,26,27,28;2,5,6,7,10,13,17,20,22,24;4,5,6,7,13,18,20,24,25,28;5,6,11,15,20,21,24,25,27,28,29;6,7,14,16,26,28;2,6,10,22;1,2,8,9,12,15,16,17,22,24,25;6,7,8,11,17,22;1,2,7,8,11,15,19,20,21,26,27,29;11,14,25,27,28,29;6,10,15,16,17,20,29;3,4,6,11,16,17,20,23,28,29;7,12,14,18,22,27;10,14,17,22,23,26,29;10,14,16,17,18,23,25;3,8,10,12,17,22,23,24,25,27
jc301_81_4589 30 1,2,3,4,5;0,2,5,7,8,10,13,20;0,1,3,6,9,12,15,19,20,22;0,2,4,12,25,29;0,3,5,16,25;0,1,4,7,13,15,16,17;2,9,10,15,16,17,18,19,21,24,25;1,5,9,10,12,15,16,18,21,22,26;1,11,12,20,21,22,29;2,6,7,12,20;1,6,7,11,13,15,19,24,27,28,29;8,10,17,21,22,23,25;2,3,7,8,9,13,20,26,29;1,5,10,12,15,16;18,23,26,27,28;2,5,6,7,10,13,17,20,22,24;4,5,6,7,13,18,20,24,25,28;5,6,11,15,20,21,24,25,27,28,29;6,7,14,16,26,28;2,6,10,22;1,2,8,9,12,15,16,17,22,24,25;6,7,8,11,17,22;2,7,8,11,15,19,20,21,26,27,29;11,14,25,27,28,29;6,10,15,16,17,20,29;3,4,6,11,16,17,20,23,28,29;7,12,14,18,22,27;10,14,17,22,23,26,29;10,14,16,17,18,23,25;3,8,10,12,17,22,23,24,25,27
jc301_81_4593 30 1,2,3,4,5;0,2,5,7,8,10,13,20;0,1,3,6,9,12,15,19,20,22;0,2,4,12,25,29;0,3,5,16,25;0,1,4,7,13,15,16,17;2,9,10,15,16,17,18,19,21,24,25;1,5,9,10,12,15,16,18,21,22,26;1,11,12,21,22,29;2,6,7,12,20;1,6,7,11,13,15,19,24,27,28,29;8,10,17,21,22,23,25;2,3,7,8,9,13,20,26,29;1,5,10,12,15,16;18,23,26,27,28;2,5,6,7,10,13,17,20,22,24;4,5,6,7,13,18,20,24,25,28;5,6,11,15,20,21,24,25,27,28,29;6,7,14,16,26,28;2,6,10,22;1,2,9,12,15,16,17,22,24,25;6,7,8,11,17,22;2,7,8,11,15,19,20,21,26,27;11,14,25,27,28,29;6,10,15,16,17,20,29;3,4,6,11,16,17,20,23,28,29;7,12,14,18,22,27;10,14,17,22,23,26,29;10,14,16,17,18,23,25;3,8,10,12,17,23,24,25,27
jc301_81_4599 30 1,2,3,4,5;0,2,5,7,8,10,13,20;0,1,3,6,9,12,15,19,20,22;0,2,4,12,25,29;0,3,5,16,25;0,1,4,7,13,15,16,17;2,9,10,15,17,18,19,21,24,25;1,5,9,10,12,15,16,18,21,22,26;1,11,12,21,22,29;2,6,7,12,20;1,6,7,11,13,15,19,24,27,28,29;8,10,17,21,22,23,25;2,3,7,8,9,13,20,26,29;1,5,10,12,15,16,19;18,23,26,27,28;2,5,6,7,10,13,17,20,22,24;4,5,7,13,18,20,24,25,28;5,6,11,15,20,21,24,25,27,28,29;6,7,14,16,26,28;2,6,10,13,22;1,2,9,12,15,16,17,22,24,25;6,7,8,11,17,22;2,7,8,11,15,19,20,21,26,27;11,14,25,27,28,29;6,10,15,16,17,20,29;3,4,6,11,16,17,20,23,28,29;7,12,14,18,22,27;10,14,17,22,23,26,29;10,14,16,17,18,23,25;3,8,10,12,17,23,24,25,27
jc301_81_4604 30 1,2,3,4,5;0,2,5,7,8,10,13,20;0,1,3,6,9,12,15,19,20,22,29;0,2,4,12,25,29;0,3,5,16,25;0,1,4,7,13,15,16,17;2,9,10,15,17,18,19,21,24,25;1,5,9,10,12,15,16,18,21,22,26;1,11,12,21,22,29;2,6,7,12,20;1,6,7,11,13,15,19,24,27,28,29;8,10,17,21,22,23,25;2,3,7,8,9,13,20,26,29;1,5,10,12,15,16,19;18,23,26,27,28;2,5,6,7,10,13,17,20,22,24;4,5,7,13,18,20,24,25,28;5,6,11,15,20,21,24,25,27,28,29;6,7,14,16,26,28;2,6,10,13,22;1,2,9,12,15,16,17,22,24,25;6,7,8,11,17,22;2,7,8,11,15,19,20,21,26,27;11,14,25,27,28,29;6,10,15,16,17,20,29;3,4,6,11,16,17,20,23,28,29;7,12,14,18,22,27;10,14,17,22,23,26,29;10,14,16,17,18,23,25;2,3,8,10,12,17,23,24,25,27
jc301_81_4620 30 1,2,3,4,5;0,2,5,7,8,10,13,20;0,1,3,6,9,12,15,19,20,22,29;0,2,4,12,25,29;0,3,5,16,25;0,1,4,7,13,15,16,17;2,9,10,15,17,18,19,21,24,25;1,5,9,10,12,15,16,18,21,22,26;1,11,12,21,22,29;2,6,7,12,20;1,6,7,11,13,15,19,24,27,28,29;8,10,17,21,22,25;2,3,7,8,9,13,20,26,29;1,5,10,12,15,16,19;18,23,26,27,28;2,5,6,7,10,13,17,20,22,24;4,5,7,13,18,20,24,25,28;5,6,11,15,20,21,24,25,27,28,29;6,7,14,16,26,28;2,6,10,13,22;1,2,9,12,15,16,17,22,24,25;6,7,8,11,17,22;2,7,8,11,15,19,20,21,26,27;14,25,27,28,29;6,10,15,16,17,20,29;3,4,6,11,16,17,20,23,28,29;7,12,14,18,22,27;10,14,17,22,23,26,29;10,14,16,17,18,23,25;2,3,8,10,12,17,23,24,25,27
jc301_81_4630 30 1,2,3,4,5;0,2,5,7,8,10,13,20;0,1,3,6,9,12,15,19,20,22,29;0,2,4,12,25,29;0,3,5,16,25;0,1,4,7,13,15,16,17;2,9,10,15,17,18,19,21,24,25;1,5,9,10,12,15,16,18,21,22,26;1,11,12,21,22,29;2,6,7,12,20;1,6,7,11,13,15,19,24,27,28,29;8,10,17,21,22,25;2,3,7,8,9,13,20,26,29;1,5,10,12,15,16,19;18,23,26,27,28;2,5,6,7,10,13,17,20,22,24;4,5,7,13,18,20,24,25,28;5,6,11,15,20,21,24,27,28,29;6,7,14,16,26,28;2,6,10,13,22;1,2,9,12,15,16,17,22,24,25;6,7,8,11,17,22;2,7,8,11,15,19,20,21,26,27;14,25,27,28,29;6,10,15,16,17,20,29;3,4,6,11,16,20,23,28,29;7,12,14,18,22,27;10,14,17,22,23,26,29;10,14,16,17,18,23,25;2,3,8,10,12,17,23,24,25,27
jc301_81_4635 30 1,2,3,4,5;0,2,5,6,7,8,10,13,20;0,1,3,6,9,12,15,19,20,22,29;0,2,4,12,25,29;0,3,5,16,25;0,1,4,7,13,15,16,17;1,2,9,10,15,17,18,19,21,24,25;1,5,9,10,12,15,16,18,21,22,26;1,11,12,21,22,29;2,6,7,12,20;1,6,7,11,13,15,19,24,27,28,29;8,10,17,21,22,23,25;2,3,7,8,9,13,20,26,29;1,5,10,12,15,16,19;18,23,26,27,28;2,5,6,7,10,13,17,20,22,24;4,5,7,13,18,20,24,25,28;5,6,11,15,20,21,24,27,28,29;6,7,14,16,26,28;2,6,10,13,22;1,2,9,12,15,16,17,22,24,25;6,7,8,11,17,22;2,7,8,11,15,19,20,21,26,27;11,14,25,27,28,29;6,10,15,16,17,20,29;3,4,6,11,16,20,23,28,29;7,12,14,18,22,27;10,14,17,22,23,26,29;10,14,16,17,18,23,25;2,3,8,10,12,17,23,24,25,27
jc301_81_4638 30 1,2,3,4,5;0,2,5,6,7,8,10,13,20;0,1,3,6,9,12,15,19,20,22,29;0,2,4,12,25,29;0,3,5,16,25;0,1,4,7,13,15,16,17;1,2,9,10,15,17,18,19,21,24,25;1,5,9,10,12,15,16,18,21,22,26;1,11,12,21,22,29;2,6,7,12,20;1,6,7,11,13,15,19,24,27,28,29;8,10,17,21,22,23,25;2,3,7,8,9,13,20,26,29;1,5,10,12,15,16,19;18,23,26,27,28;2,5,6,7,10,13,17,20,22,24;4,5,7,13,18,20,24,25,28;5,6,11,15,20,21,24,27,28,29;6,7,14,16,26,28;2,6,10,13,22;1,2,9,12,15,16,17,22,24,25;6,7,8,11,17,22;2,7,8,11,15,19,20,21,26,27,29;11,14,25,27,28,29;6,10,15,16,17,20,29;3,4,6,11,16,20,23,28,29;7,12,14,18,22,27;10,14,17,22,23,26,29;10,14,16,17,18,23,25;2,3,8,10,12,17,22,23,24,25,27
jc301_81_4645 30 1,2,3,4,5;0,2,5,6,7,8,10,13,20;0,1,3,6,9,12,15,19,20,22,29;0,2,4,12,25,29;0,3,5,16,25;0,1,4,7,13,15,16,17;1,2,9,10,15,17,18,19,21,24,25;1,5,9,10,12,15,16,18,21,22,26;1,11,12,21,22,29;2,6,7,12,20;1,6,7,11,13,15,19,24,27,28,29;8,10,17,21,22,25;2,3,7,8,9,13,20,26,29;1,5,10,12,15,16,19;18,23,26,27,28;2,5,6,7,10,13,17,20,22,24;4,5,7,13,18,20,24,25,28;5,6,11,15,20,21,24,27,28,29;6,7,14,16,26,28;2,6,10,13,22;1,2,9,12,15,16,17,22,24,25;6,7,8,11,17,22;2,7,8,11,15,19,20,21,26,27,29;14,25,27,28,29;6,10,15,16,17,20,29;3,4,6,11,16,20,23,28,29;7,12,14,18,22,27;10,14,17,22,23,26,29;10,14,16,17,18,23,25;2,3,8,10,12,17,22,23,24,25,27
jc301_81_4646 30 1,2,3,4,5;0,2,5,6,7,8,10,13,20;0,1,3,6,9,12,15,19,20,22,29;0,2,4,12,25,29;0,3,5,16,25;0,1,4,7,10,13,15,16,17;1,2,9,10,15,17,18,19,21,24,25;1,5,9,10,12,15,16,18,21,22,26;1,11,12,21,22,29;2,6,7,12,20;1,5,6,7,11,13,15,19,24,27,28,29;8,10,17,21,22,25;2,3,7,8,9,13,20,26,29;1,5,10,12,15,16,19;18,23,26,27,28;2,5,6,7,10,13,17,20,22,24;4,5,7,13,18,20,24,25,28;5,6,11,15,20,21,24,27,28,29;6,7,14,16,26,28;2,6,10,13,22;1,2,9,12,15,16,17,22,24,25;6,7,8,11,17,22;2,7,8,11,15,19,20,21,26,27,29;14,25,27,28,29;6,10,15,16,17,20,29;3,4,6,11,16,20,23,28,29;7,12,14,18,22,27;10,14,17,22,23,26,29;10,14,16,17,18,23,25;2,3,8,10,12,17,22,23,24,25,27
jc301_81_4657 30 1,2,3,4,5;0,2,5,6,7,8,10,13,20;0,1,3,6,9,12,15,19,20,22,29;0,2,4,12,25,29;0,3,5,16,25;0,1,4,7,10,13,15,16,17,21;1,2,9,10,15,17,18,19,21,24,25;1,5,9,10,12,15,16,18,21,22,26;1,11,12,21,22,29;2,6,7,12,20;1,5,6,7,11,13,15,19,24,27,28,29;8,10,17,21,22,25;2,3,7,8,9,13,20,26,29;1,5,10,12,15,16,19;18,23,26,27,28;2,5,6,7,10,13,17,20,22,24;4,5,7,13,18,20,24,25,28;5,6,11,15,20,21,24,27,28,29;6,7,14,16,26,28;2,6,10,13,22;1,2,9,12,15,16,17,22,24,25;5,6,7,8,11,17,22;2,7,8,11,15,19,20,21,26,27,29;14,25,27,28,29;6,10,15,16,17,20,29;3,4,6,11,16,20,23,28,29;7,12,14,18,22,27;10,14,17,22,23,26,29;10,14,16,17,18,23,25;2,3,8,10,12,17,22,23,24,25,27
jc301_81_4670 30 1,2,3,4,5;0,2,5,6,7,8,10,13,20;0,1,3,6,9,12,15,19,20,22,29;0,2,4,12,25,29;0,3,5,16,25;0,1,4,7,10,13,15,16,17,21;1,2,9,10,15,17,18,19,21,25;1,5,9,10,12,15,16,18,21,22,26;1,11,12,21,22,29;2,6,7,12,20;1,5,6,7,11,13,15,19,24,27,28,29;8,10,17,21,22,25;2,3,7,8,9,13,20,26,29;1,5,10,12,15,16,19;18,23,26,27,28;2,5,6,7,10,13,17,20,22,24;4,5,7,13,18,20,24,25,28;5,6,11,15,20,21,24,27,28,29;6,7,14,16,26,28;2,6,10,13,22;1,2,9,12,15,16,17,22,24,25;5,6,7,8,11,17,22;2,7,8,11,15,19,20,21,26,27,29;14,25,27,28,29;10,15,16,17,20,29;3,4,6,11,16,20,23,28,29;7,12,14,18,22,27;10,14,17,22,23,26,29;10,14,16,17,18,23,25;2,3,8,10,12,17,22,23,24,25,27
jc301_81_4671 30 1,2,3,4,5;0,2,5,6,7,8,10,13,20;0,1,3,6,9,12,15,19,20,22,29;0,2,4,12,25,29;0,3,5,16,25;0,1,4,7,10,13,15,16,17,21;1,2,9,10,15,17,18,19,21,25;1,5,9,10,12,15,16,18,21,22,26;1,11,12,21,22,29;2,6,7,12,20;1,5,6,7,11,13,15,19,24,27,28,29;8,10,17,19,21,22,24,25;2,3,7,8,9,13,20,26,29;1,5,10,12,15,16,19;18,23,26,27,28;2,5,6,7,10,13,17,20,22,24;4,5,7,13,18,20,24,25,28;5,6,11,15,20,21,24,27,28,29;6,7,14,16,26,28;2,6,10,11,13,22;1,2,9,12,15,16,17,22,24,25;5,6,7,8,11,17,22;2,7,8,11,15,19,20,21,26,27,29;14,25,27,28,29;10,11,15,16,17,20,29;3,4,6,11,16,20,23,28,29;7,12,14,18,22,27;10,14,17,22,23,26,29;10,14,16,17,18,23,25;2,3,8,10,12,17,22,23,24,25,27
jc301_81_4672 30 1,2,3,4,5;0,2,5,6,7,8,10,13,20;0,1,3,6,9,12,15,19,20,22,29;0,2,4,12,25,29;0,3,5,16,25;0,1,4,7,10,13,15,16,17,21;1,2,9,10,15,17,18,19,21,25;1,5,9,10,12,15,16,18,21,22,26;1,11,12,21,22,29;2,6,7,12,20;1,5,6,7,11,13,15,19,24,27,28,29;8,10,15,17,19,21,22,24,25;2,3,7,8,9,13,20,26,29;1,5,10,12,15,16,19;18,23,26,27,28;2,5,6,7,10,11,13,17,20,22,24;4,5,7,13,18,20,24,25,28;5,6,11,15,20,21,24,27,28,29;6,7,14,16,26,28;2,6,10,11,13,22;1,2,9,12,15,16,17,22,24,25;5,6,7,8,11,17,22;2,7,8,11,15,19,20,21,26,27,29;14,25,27,28,29;10,11,15,16,17,20,29;3,4,6,11,16,20,23,28,29;7,12,14,18,22,27;10,14,17,22,23,26,29;10,14,16,17,18,23,25;2,3,8,10,12,17,22,23,24,25,27
jc301_81_4676 30 1,2,3,4,5;0,2,5,6,7,8,10,13,20;0,1,3,6,9,12,15,19,20,22,29;0,2,4,12,25,29;0,3,5,16,25;0,1,4,7,10,13,15,16,17,21;1,2,9,10,15,17,18,19,21,25;1,5,9,10,12,15,16,18,21,22,26;1,11,12,21,22,29;2,6,7,12,20;1,5,6,7,11,13,15,19,24,27,28,29;8,10,15,17,19,21,22,24,25;2,3,7,8,9,13,20,26,29;1,5,10,12,15,16,19;18,23,26,27,28;2,5,6,7,10,11,13,17,20,22,24;4,5,7,13,18,20,24,25,28;5,6,11,15,20,21,24,27,28,29;6,7,14,16,20,26,28;2,6,10,11,13,22;1,2,9,12,15,16,17,18,22,24,25;5,6,7,8,11,17,22;2,7,8,11,15,19,20,21,26,27,29;14,25,27,28,29;10,11,15,16,17,20,29;3,4,6,11,16,20,23,28,29;7,12,14,18,22,27;10,14,17,22,23,26,29;10,14,16,17,18,23,25;2,3,8,10,12,17,22,23,24,25,27
jc301_81_4677 30 1,2,3,4,5;0,2,5,6,7,8,10,13,20;0,1,3,6,9,12,15,19,20,22,29;0,2,4,12,25,29;0,3,5,16,25;0,1,4,7,10,13,15,16,17,21;1,2,9,10,15,17,18,19,21,23,25;1,5,9,10,12,15,16,18,21,22,26;1,11,12,21,22,29;2,6,7,12,20;1,5,6,7,11,13,15,19,24,27,28,29;8,10,15,17,19,21,22,24,25;2,3,7,8,9,13,20,26,29;1,5,10,12,15,16,19;18,23,26,27,28;2,5,6,7,10,11,13,17,20,22,24;4,5,7,13,18,20,24,25,28;5,6,11,15,20,21,24,27,28,29;6,7,14,16,20,26,28;2,6,10,11,13,22;1,2,9,12,15,16,17,18,22,24,25;5,6,7,8,11,17,22;2,7,8,11,15,19,20,21,26,27,29;6,14,25,27,28,29;10,11,15,16,17,20,29;3,4,6,11,16,20,23,28,29;7,12,14,18,22,27;10,14,17,22,23,26,29;10,14,16,17,18,23,25;2,3,8,10,12,17,22,23,24,25,27
jc301_81_4679 30 1,2,3,4,5;0,2,5,6,7,8,10,13,20;0,1,3,6,9,12,15,19,20,22,29;0,2,4,12,25,29;0,3,5,16,25;0,1,4,7,10,13,15,16,17,21;1,2,9,10,15,17,18,19,21,23,25;1,5,9,10,12,15,16,18,21,22,26;1,11,12,21,22,29;2,6,7,12,20;1,5,6,7,11,13,15,19,24,27,28,29;8,10,15,17,19,21,22,24,25;2,3,7,8,9,13,20,26,29;1,5,10,12,15,16,19;18,23,26,27,28;2,5,6,7,10,11,13,17,20,22,24;4,5,7,13,18,20,24,25,28;5,6,11,15,20,21,24,27,28,29;6,7,14,16,20,26,28;2,6,10,11,13,22,24;1,2,9,12,15,16,17,18,22,24,25;5,6,7,8,11,17,22;2,7,8,11,15,19,20,21,26,27,29;6,14,25,27,28,29;10,11,15,16,17,19,20,29;3,4,6,11,16,20,23,28,29;7,12,14,18,22,27;10,14,17,22,23,26,29;10,14,16,17,18,23,25;2,3,8,10,12,17,22,23,24,25,27
jc301_81_4682 30 1,2,3,4,5;0,2,5,6,7,8,10,13,20;0,1,3,6,9,12,15,19,20,22,29;0,2,4,12,25,29;0,3,5,16,25;0,1,4,7,10,13,15,16,17,21;1,2,9,10,15,17,18,19,21,23,25;1,5,9,10,12,15,16,18,21,22,26;1,11,12,21,22,29;2,6,7,12,20;1,5,6,7,11,13,15,19,24,27,28,29;8,10,15,17,19,21,22,24,25;2,3,7,8,9,13,20,26,29;1,5,10,12,15,16,19,22;18,23,26,27,28;2,5,6,7,10,11,13,17,20,22,24;4,5,7,13,18,20,24,25,28;5,6,11,15,20,21,24,27,28,29;6,7,14,16,20,26,28;2,6,10,11,13,22,24;1,2,9,12,15,16,17,18,22,24,25;5,6,7,8,11,17,22;2,7,8,11,13,15,19,20,21,26,27,29;6,14,25,27,28,29;10,11,15,16,17,19,20,29;3,4,6,11,16,20,23,28,29;7,12,14,18,22,27;10,14,17,22,23,26,29;10,14,16,17,18,23,25;2,3,8,10,12,17,22,23,24,25,27
jc301_81_4686 30 1,2,3,4,5;0,2,5,6,7,8,10,13,20;0,1,3,6,9,12,15,19,20,22,29;0,2,4,12,25,29;0,3,5,16,25;0,1,4,7,10,13,15,16,17;1,2,9,10,15,17,18,19,21,23,25;1,5,9,10,12,15,16,18,21,22,26;1,11,12,21,22,29;2,6,7,12,20;1,5,6,7,11,13,15,19,24,27,28,29;8,10,15,17,19,21,22,24,25;2,3,7,8,9,13,20,26,29;1,5,10,12,15,16,19,22;18,23,26,27,28;2,5,6,7,10,11,13,17,20,22,24;4,5,7,13,18,20,24,25,28;5,6,11,15,20,21,24,27,28,29;6,7,14,16,20,26,28;2,6,10,11,13,22,24;1,2,9,12,15,16,17,18,22,24,25;6,7,8,11,17,22;2,7,8,11,13,15,19,20,21,26,27,29;6,14,25,27,28,29;10,11,15,16,17,19,20,29;3,4,6,11,16,20,23,28,29;7,12,14,18,22,27;10,14,17,22,23,26,29;10,14,16,17,18,23,25;2,3,8,10,12,17,22,23,24,25,27
jc301_81_4700 30 1,2,3,4,5;0,2,5,6,7,8,10,13,20,22;0,1,3,6,9,12,15,19,20,22,29;0,2,4,12,25,29;0,3,5,16,25;0,1,4,7,10,13,15,16,17;1,2,9,10,15,17,18,19,21,23,25;1,5,9,10,12,15,16,18,21,22,26;1,11,12,21,22,29;2,6,7,12,20;1,5,6,7,11,13,15,19,24,27,28,29;8,10,15,17,19,21,22,24,25;2,3,7,8,9,13,20,26,29;1,5,10,12,15,16,19,22;18,23,26,27,28;2,5,6,7,10,11,13,17,20,22,24;4,5,7,13,18,20,24,25,28;5,6,11,15,20,21,24,27,28,29;6,7,14,16,20,26,28;2,6,10,11,13,22,24;1,2,9,12,15,16,17,18,22,24,25;6,7,8,11,17,22;1,2,7,8,11,13,15,19,20,21,26,27,29;6,14,25,27,28,29;10,11,15,16,17,19,20,29;3,4,6,11,16,20,23,28,29;7,12,14,18,22,27;10,14,17,22,23,26,29;10,14,16,17,18,23,25;2,3,8,10,12,17,22,23,24,25,27
jc301_81_4704 30 1,2,3,4,5;0,2,5,6,7,8,10,13,20,22;0,1,3,6,9,12,15,19,20,22,29;0,2,4,12,25,29;0,3,5,16,25;0,1,4,7,10,13,15,16,17;1,2,9,10,15,17,18,19,21,23,25;1,5,9,10,12,15,16,18,21,22,26;1,11,12,21,22,29;2,6,7,12,20;1,5,6,7,11,13,15,19,24,27,28,29;8,10,15,17,21,22,24,25;2,3,7,8,9,13,20,26,29;1,5,10,12,15,16,19,22;18,23,26,27,28;2,5,6,7,10,11,13,17,20,22,24;4,5,7,13,18,20,24,25,28;5,6,11,15,20,21,24,27,28,29;6,7,14,16,20,26,28;2,6,10,13,22,24;1,2,9,12,15,16,17,18,22,24,25;6,7,8,11,17,22;1,2,7,8,11,13,15,19,20,21,26,27,29;6,14,25,27,28,29;10,11,15,16,17,19,20,29;3,4,6,11,16,20,23,28,29;7,12,14,18,22,27;10,14,17,22,23,26,29;10,14,16,17,18,23,25;2,3,8,10,12,17,22,23,24,25,27
jc301_81_4709 30 1,2,3,4,5;0,2,5,6,7,8,10,13,20,22;0,1,3,6,9,12,15,19,20,22,29;0,2,4,12,25,29;0,3,5,16,25;0,1,4,7,10,13,15,16,17;1,2,9,10,15,17,18,19,21,23,25;1,5,9,10,12,15,16,18,21,22,26;1,11,12,21,22,29;2,6,7,12,20;1,5,6,7,11,13,15,19,24,27,28,29;8,10,15,17,21,22,24,25;2,3,7,8,9,13,20,26,29;1,5,10,12,15,16,19,22,26;18,23,26,27,28;2,5,6,7,10,11,13,17,20,22,24;4,5,7,13,18,20,24,25,28;5,6,11,15,20,21,24,27,28,29;6,7,14,16,20,26,28;2,6,10,13,22,24;1,2,9,12,15,16,17,18,22,24,25;6,7,8,11,17,22;1,2,7,8,11,13,15,19,20,21,26,27,29;6,14,25,27,28,29;10,11,15,16,17,19,20,29;3,4,6,11,16,20,23,28,29;7,12,13,14,18,22,27;10,14,17,22,23,26,29;10,14,16,17,18,23,25;2,3,8,10,12,17,22,23,24,25,27
jc301_81_4719 30 1,2,3,4,5;0,2,5,6,7,8,10,13,20,22;0,1,3,6,9,12,15,19,20,22,29;0,2,4,12,25,29;0,3,5,16,25;0,1,4,7,10,13,15,16,17;1,2,9,10,15,17,18,19,21,23,25;1,5,9,10,12,15,16,18,21,22,26;1,11,12,21,22,29;2,6,7,12,20;1,5,6,7,11,13,15,19,24,27,28,29;8,10,15,17,21,22,24,25;2,3,7,8,9,13,20,26,29;1,5,10,12,15,16,19,22,26;18,23,26,27,28;2,5,6,7,10,11,13,17,20,22,24;4,5,7,13,18,20,24,25,28;5,6,11,15,20,21,24,27,28,29;6,7,14,16,20,26,28;2,6,10,13,20,22,24;1,2,9,12,15,16,17,18,19,22,24,25;6,7,8,11,17,22;1,2,7,8,11,13,15,19,20,21,26,27,29;6,14,25,27,28,29;10,11,15,16,17,19,20,29;3,4,6,11,16,20,23,28,29;7,12,13,14,18,22,27;10,14,17,22,23,26,29;10,14,16,17,18,23,25;2,3,8,10,12,17,22,23,24,25,27
jc301_81_4724 30 1,2,3,4,5;0,2,5,6,7,8,10,20,22;0,1,3,6,9,12,15,19,20,22,29;0,2,4,12,25,29;0,3,5,16,25;0,1,4,7,10,13,15,16,17;1,2,9,10,15,17,18,19,21,23,25;1,5,9,10,12,15,16,18,21,22,26;1,11,12,21,22,29;2,6,7,12,20;1,5,6,7,11,13,15,19,24,27,28,29;8,10,15,17,21,22,24,25;2,3,7,8,9,13,20,26,29;5,10,12,15,16,19,22,26;18,23,26,27,28;2,5,6,7,10,11,13,17,20,22,24;4,5,7,13,18,20,24,25,28;5,6,11,15,20,21,24,27,28,29;6,7,14,16,20,26,28;2,6,10,13,20,22,24;1,2,9,12,15,16,17,18,19,22,24,25;6,7,8,11,17,22;1,2,7,8,11,13,15,19,20,21,26,27,29;6,14,25,27,28,29;10,11,15,16,17,19,20,29;3,4,6,11,16,20,23,28,29;7,12,13,14,18,22,27;10,14,17,22,23,26,29;10,14,16,17,18,23,25;2,3,8,10,12,17,22,23,24,25,27
jc301_81_4728 30 1,2,3,4,5;0,2,5,6,7,8,10,20,22;0,1,3,6,9,12,15,19,20,22,29;0,2,4,12,25,29;0,3,5,16,25;0,1,4,7,10,13,15,16,17;1,2,9,10,15,17,18,19,21,23,25;1,5,9,10,12,15,16,18,21,22,26;1,11,12,21,22,29;2,6,7,12,20;1,5,6,7,11,13,15,19,24,27,28,29;8,10,15,17,21,22,24,25;2,3,7,8,9,13,20,26,29;5,10,12,15,16,19,22,26;18,23,26,27,28;2,5,6,7,10,11,13,17,20,22,24;4,5,7,13,18,20,24,25,28;5,6,11,15,20,21,24,27,28,29;6,7,14,16,20,26,28;2,6,10,13,20,22,24;1,2,9,12,15,16,17,18,19,22,23,24,25;6,7,8,11,17,22;1,2,7,8,11,13,15,19,20,21,26,27,29;6,14,20,25,27,28,29;10,11,15,16,17,19,20,29;3,4,6,11,16,20,23,28,29;7,12,13,14,18,22,27;10,14,17,22,23,26,29;10,14,16,17,18,23,25;2,3,8,10,12,17,22,23,24,25,27
jc301_81_4729 30 1,2,3,4,5;0,2,5,6,7,8,10,20,22;0,1,3,6,9,12,15,19,20,22,29;0,2,4,12,25,29;0,3,5,16,25;0,1,4,7,10,13,15,16,17;1,2,9,10,15,17,18,19,21,23,25;1,5,9,10,12,15,16,18,21,22,26;1,11,12,21,22,29;2,6,7,12,20;1,5,6,7,11,13,15,19,24,27,28,29;8,10,15,16,17,21,22,24,25;2,3,7,8,9,13,20,26,29;5,10,12,15,19,22,26;18,23,26,27,28;2,5,6,7,10,11,13,17,20,22,24;4,5,7,11,18,20,24,25,28;5,6,11,15,20,21,24,27,28,29;6,7,14,16,20,26,28;2,6,10,13,20,22,24;1,2,9,12,15,16,17,18,19,22,23,24,25;6,7,8,11,17,22;1,2,7,8,11,13,15,19,20,21,26,27,29;6,14,20,25,27,28,29;10,11,15,16,17,19,20,29;3,4,6,11,16,20,23,28,29;7,12,13,14,18,22,27;10,14,17,22,23,26,29;10,14,16,17,18,23,25;2,3,8,10,12,17,22,23,24,25,27
jc301_81_4733 30 1,2,3,4,5;0,2,5,6,7,8,10,20,22;0,1,3,6,9,12,15,19,20,22,29;0,2,4,12,25,29;0,3,5,16,25;0,1,4,7,10,13,15,16,17;1,2,9,10,15,17,18,19,21,23,25;1,5,9,10,12,15,16,18,21,22,26;1,11,12,21,22,29;2,6,7,12,20;1,5,6,7,11,13,15,19,24,27,28,29;8,10,15,16,17,19,21,22,24,25;2,3,7,8,9,13,20,26,29;5,10,12,15,19,22,26;18,23,26,27,28;2,5,6,7,10,11,13,17,20,22,24;4,5,7,11,18,20,24,25,28;5,6,11,15,20,21,24,27,28,29;6,7,14,16,20,26,28;2,6,10,11,13,20,22,24;1,2,9,12,15,16,17,18,19,22,23,24,25;6,7,8,11,17,22;1,2,7,8,11,13,15,19,20,21,26,27,29;6,14,20,25,27,28,29;10,11,15,16,17,19,20,29;3,4,6,11,16,20,23,28,29;7,12,13,14,18,22,27;10,14,17,22,23,26,29;10,14,16,17,18,23,25;2,3,8,10,12,17,22,23,24,25,27
jc301_81_4734 30 1,2,3,4,5;0,2,5,6,7,8,10,20,22;0,1,3,6,9,12,15,19,20,22,29;0,2,4,12,25,29;0,3,5,16,25;0,1,4,7,10,13,15,16,17;1,2,9,10,15,17,18,19,21,23,25;1,5,9,10,12,15,16,18,21,22,26;1,11,12,21,22,29;2,6,7,12,20;1,5,6,7,11,13,15,19,24,27,28,29;8,10,12,15,16,17,19,21,22,24,25;2,3,7,8,9,11,13,20,26,29;5,10,12,15,19,22,26;18,23,26,27,28;2,5,6,7,10,11,13,17,20,22,24;4,5,7,11,18,24,25,28;5,6,11,15,20,21,24,27,28,29;6,7,14,16,20,26,28;2,6,10,11,13,20,22,24;1,2,9,12,15,17,18,19,22,23,24,25;6,7,8,11,17,22;1,2,7,8,11,13,15,19,20,21,26,27,29;6,14,20,25,27,28,29;10,11,15,16,17,19,20,29;3,4,6,11,16,20,23,28,29;7,12,13,14,18,22,27;10,14,17,22,23,26,29;10,14,16,17,18,23,25;2,3,8,10,12,17,22,23,24,25,27
jc301_81_4740 30 1,2,3,4,5;0,2,5,6,7,8,10,20,22;0,1,3,6,9,12,15,19,20,22,29;0,2,4,12,25,29;0,3,5,16,25;0,1,4,7,10,13,15,16,17;1,2,9,10,15,17,18,19,21,23,24,25;1,5,9,10,12,15,16,18,21,22,26;1,11,12,21,22,29;2,6,7,12,20;1,5,6,7,11,13,15,19,24,27,28,29;8,10,12,15,16,17,19,21,22,24,25;2,3,7,8,9,11,13,20,26,29;5,10,12,15,19,22,26;18,23,26,27,28;2,5,6,7,10,11,13,17,20,22,24;4,5,7,11,18,24,25,28;5,6,11,15,20,21,24,27,28,29;6,7,14,16,20,26,28;2,6,10,11,13,20,22,24;1,2,9,12,15,17,18,19,22,23,24,25;6,7,8,11,17,22;1,2,7,8,11,13,15,19,20,21,26,27,29;6,14,20,25,27,28,29;6,10,11,15,16,17,19,20,29;3,4,6,11,16,20,23,28,29;7,12,13,14,18,22,27;10,14,17,22,23,26,29;10,14,16,17,18,23,25;2,3,8,10,12,17,22,23,24,25,27
jc301_81_4741 30 1,2,3,4,5;0,2,5,6,7,8,10,20,22;0,1,3,6,9,12,15,19,20,22,29;0,2,4,12,25,29;0,3,5,16,25;0,1,4,7,10,13,15,16,17;1,2,9,10,15,17,18,19,21,23,24,25;1,5,9,10,12,15,16,18,21,22,26;1,11,12,15,21,22,29;2,6,7,12,20;1,5,6,7,11,13,15,19,24,27,28,29;8,10,12,15,16,17,19,21,22,24,25;2,3,7,8,9,11,13,20,26,29;5,10,12,15,19,22,26;18,23,26,27,28;2,5,6,7,8,10,11,13,17,20,22,24;4,5,7,11,18,24,25,28;5,6,11,15,20,21,24,27,28,29;6,7,14,16,20,26,28;2,6,10,11,13,20,22,24;1,2,9,12,15,17,18,19,22,23,24,25;6,7,8,11,17,22;1,2,7,8,11,13,15,19,20,21,26,27,29;6,14,20,25,27,28,29;6,10,11,15,16,17,19,20,29;3,4,6,11,16,20,23,28,29;7,12,13,14,18,22,27;10,14,17,22,23,26,29;10,14,16,17,18,23,25;2,3,8,10,12,17,22,23,24,25,27
jc301_81_4744 30 1,2,3,4,5;0,2,5,6,7,8,10,20,22;0,1,3,6,9,11,12,15,19,20,22,29;0,2,4,12,25,29;0,3,5,16,25;0,1,4,7,10,13,15,16,17;1,2,9,10,15,17,18,19,21,23,24,25;1,5,9,10,12,15,16,18,21,22,26;1,11,12,15,21,22,29;2,6,7,12,20;1,5,6,7,11,13,15,19,24,27,28,29;2,8,10,12,15,16,17,19,21,22,24,25;2,3,7,8,9,11,13,20,26,29;5,10,12,15,19,22,26;18,23,26,27,28;2,5,6,7,8,10,11,13,17,20,22,24;4,5,7,11,18,24,25,28;5,6,11,15,20,21,24,27,28,29;6,7,14,16,20,26,28;2,6,10,11,13,20,22,24;1,2,9,12,15,17,18,19,22,23,24,25;6,7,8,11,17,22;1,2,7,8,11,13,15,19,20,21,26,27,29;6,14,20,25,27,28,29;6,10,11,15,16,17,19,20,29;3,4,6,11,16,20,23,28,29;7,12,13,14,18,22,27;10,14,17,22,23,26,29;10,14,16,17,18,23,25;2,3,8,10,12,17,22,23,24,25,27
jc301_81_4746 30 1,2,3,4,5;0,2,5,6,7,8,10,20,22;0,1,3,6,9,11,12,15,19,20,22,29;0,2,4,12,25,29;0,3,5,16,25;0,1,4,7,10,13,15,16,17;1,2,9,10,15,17,18,19,21,23,24,25;1,5,9,10,12,15,16,18,21,22,26;1,11,12,15,21,22,29;2,6,7,12,20;1,5,6,7,11,13,15,19,24,27,28,29;2,8,10,12,15,16,17,19,21,22,24,25;2,3,7,8,9,11,13,20,26,29;5,10,12,15,19,22,26;18,23,26,27,28;2,5,6,7,8,10,11,13,17,20,22,24;4,5,7,11,18,24,25,28;5,6,11,15,20,21,24,27,28,29;6,7,14,16,20,26,28;2,6,10,11,13,20,22,24;1,2,9,12,15,17,18,19,23,24,25;6,7,8,11,17,22;1,2,7,8,11,13,15,19,21,26,27,29;6,14,20,25,27,28,29;6,10,11,15,16,17,19,20,29;3,4,6,11,16,20,23,28,29;7,12,13,14,18,22,27;10,14,17,22,23,26,29;10,14,16,17,18,23,25;2,3,8,10,12,17,22,23,24,25,27
jc301_81_4762 30 1,2,3,4,5;0,2,5,6,7,8,10,20,22;0,1,3,6,9,11,12,15,19,20,22,29;0,2,4,12,25,29;0,3,5,16,25;0,1,4,7,10,13,15,16,17;1,2,9,10,15,17,18,21,23,24,25;1,5,9,10,12,15,16,18,21,22,26;1,11,12,15,21,22,29;2,6,7,12,20;1,5,6,7,11,13,15,19,24,27,28,29;2,8,10,12,15,16,17,19,21,22,24,25;2,3,7,8,9,11,13,20,26,29;5,10,12,15,19,22,26;18,23,26,27,28;2,5,6,7,8,10,11,13,17,20,22,24;4,5,7,11,18,24,25,28;5,6,11,15,20,21,24,27,28,29;6,7,14,16,20,26,28;2,10,11,13,20,22,24;1,2,9,12,15,17,18,19,23,24,25;6,7,8,11,17,22;1,2,7,8,11,13,15,19,21,26,27,29;6,14,20,25,27,28,29;6,10,11,15,16,17,19,20,29;3,4,6,11,16,20,23,28,29;7,12,13,14,18,22,27;10,14,17,22,23,26,29;10,14,16,17,18,23,25;2,3,8,10,12,17,22,23,24,25,27
jc301_81_4763 30 1,2,3,4,5;0,2,5,6,7,8,10,20;0,1,3,6,9,11,12,15,19,20,22,29;0,2,4,12,25,29;0,3,5,16,25;0,1,4,7,10,13,15,16,17;1,2,9,10,15,17,18,21,23,24,25;1,5,9,10,12,15,16,18,21,22,26;1,11,12,15,21,22,29;2,6,7,12,20;1,5,6,7,11,13,15,19,24,27,28,29;2,8,10,12,15,16,17,19,21,22,24,25;2,3,7,8,9,11,13,20,26,29;5,10,12,15,19,22,26;18,23,26,27,28;2,5,6,7,8,10,11,13,17,20,22,24;4,5,7,11,18,24,25,28;5,6,11,15,20,21,24,27,28,29;6,7,14,16,20,26,28;2,10,11,13,20,22,24;1,2,9,12,15,17,18,19,23,24,25;6,7,8,11,17,22;2,7,8,11,13,15,19,21,26,27,29;6,14,20,25,27,28,29;6,10,11,15,16,17,19,20,29;3,4,6,11,16,20,23,28,29;7,12,13,14,18,22,27;10,14,17,22,23,26,29;10,14,16,17,18,23,25;2,3,8,10,12,17,22,23,24,25,27
jc301_81_4767 30 1,2,3,4,5;0,2,5,6,7,8,10,20;0,1,3,6,9,11,12,15,19,20,22,29;0,2,4,12,25,29;0,3,5,16,25;0,1,4,7,10,13,15,16,17;1,2,9,10,15,17,18,21,23,24,25;1,5,9,10,12,15,16,18,21,22,26;1,11,12,15,21,22,29;2,6,7,12,20;1,5,6,7,11,13,15,19,24,27,28,29;2,8,10,12,15,16,17,19,21,22,24,25;2,3,7,8,9,11,13,20,26,29;5,10,12,15,19,26;18,23,26,27,28;2,5,6,7,8,10,11,13,17,20,22,24;4,5,7,11,18,24,25,28;5,6,11,15,20,21,24,27,28,29;6,7,14,16,20,26,28;2,10,11,13,20,22,24;1,2,9,12,15,17,18,19,23,24,25;6,7,8,11,17,22;2,7,8,11,15,19,21,26,27,29;6,14,20,25,27,28,29;6,10,11,15,16,17,19,20,29;3,4,6,11,16,20,23,28,29;7,12,13,14,18,22,27;10,14,17,22,23,26,29;10,14,16,17,18,23,25;2,3,8,10,12,17,22,23,24,25,27
jc301_81_4775 30 1,2,3,4,5;0,2,5,6,7,8,10,20;0,1,3,6,9,11,12,15,19,20,22,29;0,2,4,12,25,29;0,3,5,16,25;0,1,4,7,10,13,15,16,17;1,2,9,10,15,17,18,21,23,24,25;1,5,9,10,12,15,16,18,21,22,26;1,11,12,15,21,22,29;2,6,7,12,20;1,5,6,7,11,13,15,19,24,27,28,29;2,8,10,12,15,16,17,19,21,22,24,25;2,3,7,8,9,11,13,20,26,29;5,10,12,15,16,19,26;18,23,26,27,28;2,5,6,7,8,10,11,13,17,20,22,24;4,5,7,11,13,18,24,25,28;5,6,11,15,20,21,24,27,28,29;6,7,14,16,20,26,28;2,10,11,13,20,22,24;1,2,9,12,15,17,18,19,23,24,25;6,7,8,11,17,22;2,7,8,11,15,19,21,26,27,29;6,14,20,25,27,28,29;6,10,11,15,16,17,19,20,29;3,4,6,11,16,20,23,28,29;7,12,13,14,18,22,27;10,14,17,22,23,26,29;10,14,16,17,18,23,25;2,3,8,10,12,17,22,23,24,25,27
jc301_81_4776 30 1,2,3,4,5;0,2,5,6,7,8,10,20;0,1,3,6,9,11,12,15,19,20,22,29;0,2,4,12,25,29;0,3,5,16,25;0,1,4,7,10,13,15,16,17;1,2,9,10,15,17,18,21,23,24,25;1,5,9,10,12,15,16,18,21,22,26;1,11,12,15,21,22,29;2,6,7,12,20;1,5,6,7,11,13,15,19,24,28,29;2,8,10,12,15,16,17,19,21,22,24,25;2,3,7,8,9,11,13,20,26,29;5,10,12,15,16,19,26;18,23,26,27,28;2,5,6,7,8,10,11,13,17,20,22,24;4,5,7,11,13,18,24,25,28;5,6,11,15,20,21,24,27,28,29;6,7,14,16,20,26,28;2,10,11,13,20,22,24;1,2,9,12,15,17,18,19,23,24,25;6,7,8,11,17,22;2,7,8,11,15,19,21,26,27,29;6,14,20,25,27,28,29;6,10,11,15,16,17,19,20,29;3,4,6,11,16,20,23,28,29;7,12,13,14,18,22,27;14,17,22,23,26,29;10,14,16,17,18,23,25;2,3,8,10,12,17,22,23,24,25,27
jc301_81_4782 30 1,2,3,4,5;0,2,5,6,7,8,10,20;0,1,3,9,11,12,15,19,20,22,29;0,2,4,12,25,29;0,3,5,16,25;0,1,4,7,10,13,15,16,17;1,9,10,15,17,18,21,23,24,25;1,5,9,10,12,15,16,18,21,22,26;1,11,12,15,21,22,29;2,6,7,12,20;1,5,6,7,11,13,15,19,24,28,29;2,8,10,12,15,16,17,19,21,22,24,25;2,3,7,8,9,11,13,20,26,29;5,10,12,15,16,19,26;18,23,26,27,28;2,5,6,7,8,10,11,13,17,20,22,24;4,5,7,11,13,18,24,25,28;5,6,11,15,20,21,24,27,28,29;6,7,14,16,20,26,28;2,10,11,13,20,22,24;1,2,9,12,15,17,18,19,23,24,25;6,7,8,11,17,22;2,7,8,11,15,19,21,26,27,29;6,14,20,25,27,28,29;6,10,11,15,16,17,19,20,29;3,4,6,11,16,20,23,28,29;7,12,13,14,18,22,27;14,17,22,23,26,29;10,14,16,17,18,23,25;2,3,8,10,12,17,22,23,24,25,27
jc301_81_4783 30 1,2,3,4,5;0,2,5,6,7,8,10,20;0,1,3,9,11,12,15,19,20,22,29;0,2,4,12,25,29;0,3,5,16,25;0,1,4,7,10,13,15,16,17;1,9,10,15,17,18,21,23,24,25;1,5,9,10,12,15,16,18,21,22,26;1,11,12,15,21,22,29;2,6,7,12,20;1,5,6,7,11,13,15,19,24,28,29;2,8,10,12,15,16,17,19,21,22,24,25;2,3,7,8,9,11,20,26,29;5,10,15,16,19,26;18,23,26,27,28;2,5,6,7,8,10,11,13,17,20,22,24;4,5,7,11,13,18,24,25,28;5,6,11,15,20,21,24,27,28,29;6,7,14,16,20,26,28;2,10,11,13,20,22,24;1,2,9,12,15,17,18,19,23,24,25;6,7,8,11,17,22;2,7,8,11,15,19,21,26,27,29;6,14,20,25,27,28,29;6,10,11,15,16,17,19,20,29;3,4,6,11,16,20,23,28,29;7,12,13,14,18,22,27;14,17,22,23,26,29;10,14,16,17,18,23,25;2,3,8,10,12,17,22,23,24,25,27
jc301_81_4793 30 1,2,3,4,5;0,2,5,6,7,8,10,20;0,1,3,9,11,15,19,20,22,29;0,2,4,12,25,29;0,3,5,16,25;0,1,4,7,10,13,15,16,17;1,9,10,15,17,18,21,23,24,25;1,5,9,10,12,15,16,18,21,22,26;1,11,12,15,21,22,29;2,6,7,12,20;1,5,6,7,11,13,15,19,24,28,29;2,8,10,12,15,16,17,19,21,22,24,25;3,7,8,9,11,20,26,28,29;5,10,15,16,19,26;18,23,26,27,28;2,5,6,7,8,10,11,13,17,20,22,24;4,5,7,11,13,18,24,25,28;5,6,11,15,20,21,24,27,28,29;6,7,14,16,20,26,28;2,10,11,13,20,22,24;1,2,9,12,15,17,18,19,23,24,25;6,7,8,11,17,22;2,7,8,11,15,19,21,26,27,29;6,14,20,25,27,28,29;6,10,11,15,16,17,19,20,29;3,4,6,11,16,20,23,28,29;7,12,13,14,18,22,27;14,17,22,23,26,29;10,12,14,16,17,18,23,25;2,3,8,10,12,17,22,23,24,25,27
jc301_81_4796 30 1,2,3,4,5;0,2,5,6,7,8,10,20;0,1,3,9,11,15,19,20,22,29;0,2,4,12,25,29;0,3,5,16,25;0,1,4,7,10,13,15,16,17;1,9,10,15,17,18,21,23,24,25;1,5,9,10,12,15,16,18,21,22,26;1,11,12,15,21,22,29;2,6,7,12,20;1,5,6,7,11,13,15,19,24,28,29;2,8,10,12,15,16,17,19,21,22,24,25;3,7,8,9,11,20,26,28,29;5,10,15,16,19,22,26;18,23,26,27,28;2,5,6,7,8,10,11,13,17,20,22,24;4,5,7,11,13,18,24,25,28;5,6,11,15,20,21,24,27,28,29;6,7,14,16,20,26,28;2,10,11,13,20,22,24;1,2,9,12,15,17,18,19,23,24,25;6,7,8,11,17,22;2,7,8,11,13,15,19,21,26,27,29;6,14,20,25,27,28,29;6,10,11,15,16,17,19,20,29;3,4,6,11,16,20,23,28,29;7,12,13,14,18,22,27;14,17,22,23,26,29;10,12,14,16,17,18,23,25;2,3,8,10,12,17,22,23,24,25,27
jc301_81_4800 30 1,2,3,4,5;0,2,5,6,7,8,10,20;0,1,3,9,11,15,19,20,22,29;0,2,4,12,25,29;0,3,5,16,25;0,1,4,7,10,13,15,16,17;1,9,10,15,17,18,21,23,24,25;1,5,9,10,12,15,16,18,22,26;1,11,12,15,21,22,29;2,6,7,12,20;1,5,6,7,11,13,15,19,24,28,29;2,8,10,12,15,16,17,19,21,22,24,25;3,7,8,9,11,20,26,28,29;5,10,15,16,19,22,26;18,23,26,27,28;2,5,6,7,8,10,11,13,17,20,22,24;4,5,7,11,13,18,24,25,28;5,6,11,15,20,21,24,27,28,29;6,7,14,16,20,26,28;2,10,11,13,20,22,24;1,2,9,12,15,17,18,19,23,24,25;6,8,11,17,22;2,7,8,11,13,15,19,21,26,27,29;6,14,20,25,27,28,29;6,10,11,15,16,17,19,20,29;3,4,6,11,16,20,23,28,29;7,12,13,14,18,22,27;14,17,22,23,26,29;10,12,14,16,17,18,23,25;2,3,8,10,12,17,22,23,24,25,27
jc301_81_4807 30 1,2,3,4,5;0,2,5,6,7,8,10,20;0,1,3,9,11,15,19,20,22,29;0,2,4,12,25,29;0,3,5,16,25;0,1,4,7,10,13,15,16,17;1,9,10,15,17,18,21,23,24,25;1,5,9,10,12,15,16,18,22,26;1,11,12,15,21,22,29;2,6,7,12;1,5,6,7,11,13,15,19,24,28,29;2,8,10,12,15,16,17,19,21,22,24,25;3,7,8,9,11,20,26,28,29;5,10,15,16,19,22,26;18,23,26,27,28;2,5,6,7,8,10,11,13,17,20,22,24;4,5,7,11,13,18,24,25,28;5,6,11,15,20,21,24,27,28,29;6,7,14,16,20,26,28;2,10,11,13,20,22,24;1,2,12,15,17,18,19,23,24,25;6,8,11,17,22;2,7,8,11,13,15,19,21,26,27,29;6,14,20,25,27,28,29;6,10,11,15,16,17,19,20,29;3,4,6,11,16,20,23,28,29;7,12,13,14,18,22,27;14,17,22,23,26,29;10,12,14,16,17,18,23,25;2,3,8,10,12,17,22,23,24,25,27
jc301_81_4812 30 1,2,3,4,5;0,2,5,6,7,8,10,20;0,1,3,9,11,15,19,20,22,29;0,2,4,12,25,29;0,3,5,16,25;0,1,4,7,10,13,15,16,17;1,9,10,15,17,18,21,23,24,25;1,5,9,10,12,15,16,18,22,26;1,11,12,15,21,22,29;2,6,7,12;1,5,6,7,11,13,15,19,24,28,29;2,8,10,12,15,16,17,19,21,22,24,25;3,7,8,9,11,20,26,28,29;5,10,15,16,19,22,26;18,23,26,27,28;2,5,6,7,8,10,11,13,17,20,22,24;4,5,7,11,13,18,24,25,28;5,6,11,15,20,21,24,27,28,29;6,7,14,16,20,26,28;2,10,11,13,20,22,24;1,2,12,15,17,18,19,23,24,25;6,8,11,17,22;2,7,8,11,13,15,19,21,26,27,29;6,14,20,25,27,28,29;6,10,11,15,16,17,19,20;3,4,6,11,16,20,23,28,29;7,12,13,14,18,22,27;14,17,22,23,26,29;10,12,14,16,17,18,23,25;2,3,8,10,12,17,22,23,25,27
jc301_81_4816 30 1,2,3,4,5;0,2,5,6,7,8,10,20;0,1,3,9,11,15,19,20,22,29;0,2,4,12,25,29;0,3,5,16,25;0,1,4,7,10,13,15,16,17;1,9,10,15,17,18,21,23,24,25;1,5,9,10,12,15,16,18,22,26;1,11,12,15,21,22,29;2,6,7,12;1,5,6,7,11,13,15,19,24,28,29;2,8,10,12,15,16,17,19,21,22,24,25;3,7,8,9,11,20,26,28,29;5,10,15,16,19,22,26;18,23,26,27,28;2,5,6,7,8,10,11,13,17,20,22,24;4,5,7,11,13,18,24,25,28;5,6,11,15,20,21,24,27,28,29;6,7,14,16,20,26,28;2,10,11,13,20,22,24;1,2,12,15,17,18,19,24,25;6,8,11,17,22;2,7,8,11,13,15,19,21,26,27,29;6,14,25,27,28,29;6,10,11,15,16,17,19,20;3,4,6,11,16,20,23,28,29;7,12,13,14,18,22,27;14,17,22,23,26,29;10,12,14,16,17,18,23,25;2,3,8,10,12,17,22,23,25,27
jc301_81_4824 30 1,2,3,4,5;0,2,5,6,7,8,10,20;0,1,3,9,11,15,19,20,22,29;0,2,4,12,25,29;0,3,5,16,25;0,1,4,7,10,13,15,16,17;1,9,10,15,17,18,21,23,24,25;1,5,9,10,12,15,16,18,22,26;1,11,12,15,21,22,29;2,6,7,12;1,5,6,7,11,13,15,19,21,24,28,29;2,8,10,12,15,16,17,19,21,22,24,25;3,7,8,9,11,20,26,28,29;5,10,15,16,19,22,26;18,23,26,27,28;2,5,6,7,8,10,11,13,17,20,22,24;4,5,7,11,13,18,24,25,28;5,6,11,15,20,21,24,27,28,29;6,7,14,16,20,26,28;2,10,11,13,20,22,24;1,2,12,15,17,18,19,24,25;6,8,10,11,17,22;2,7,8,11,13,15,19,21,26,27,29;6,14,25,27,28,29;6,10,11,15,16,17,19,20;3,4,6,11,16,20,23,28,29;7,12,13,14,18,22,27;14,17,22,23,26,29;10,12,14,16,17,18,23,25;2,3,8,10,12,17,22,23,25,27
jc301_81_4830 30 1,2,3,4,5;0,2,5,6,7,8,10,20;0,1,3,9,11,15,19,20,22,29;0,2,4,12,25,29;0,3,5,16,25;0,1,4,7,10,13,15,16,17;1,9,10,15,17,18,21,23,24,25;1,5,9,12,15,16,18,22,26;1,11,12,15,21,22,29;2,6,7,12;1,5,6,11,13,15,19,21,24,28,29;2,8,10,12,15,16,17,19,21,22,24,25;3,7,8,9,11,20,26,28,29;5,10,15,16,19,22,26;18,23,26,27,28;2,5,6,7,8,10,11,13,17,20,22,24;4,5,7,11,13,18,24,25,28;5,6,11,15,20,21,24,27,28,29;6,7,14,16,20,26,28;2,10,11,13,20,22,24;1,2,12,15,17,18,19,24,25;6,8,10,11,17,22;2,7,8,11,13,15,19,21,26,27,29;6,14,25,27,28,29;6,10,11,15,16,17,19,20;3,4,6,11,16,20,23,28,29;7,12,13,14,18,22,27;14,17,22,23,26,29;10,12,14,16,17,18,23,25;2,3,8,10,12,17,22,23,25,27
jc301_81_4836 30 1,2,3,4,5;0,2,5,6,7,8,10,20;0,1,3,9,11,15,20,22,29;0,2,4,12,25,29;0,3,5,16,25;0,1,4,7,10,13,15,16,17;1,9,10,15,17,18,21,23,24,25;1,5,9,12,15,16,18,22,26;1,11,12,15,21,22,29;2,6,7,12;1,5,6,11,13,15,19,21,24,27,28,29;2,8,10,12,15,16,17,19,21,22,24,25;3,7,8,9,11,20,26,28,29;5,10,15,16,19,22,26;18,23,26,27,28;2,5,6,7,8,10,11,13,17,20,22,24;4,5,7,11,13,18,24,25,28;5,6,11,15,20,21,24,27,28,29;6,7,14,16,20,26,28;10,11,13,20,22,24;1,2,12,15,17,18,19,24,25;6,8,10,11,17,22;2,7,8,11,13,15,19,21,26,27,29;6,14,25,27,28,29;6,10,11,15,16,17,19,20;3,4,6,11,16,20,23,28,29;7,12,13,14,18,22,27;10,14,17,22,23,26,29;10,12,14,16,17,18,23,25;2,3,8,10,12,17,22,23,25,27
jc301_81_4837 30 1,2,3,4,5;0,2,5,6,7,8,10,20;0,1,3,9,11,15,20,22,29;0,2,4,8,12,25,29;0,3,5,16,25;0,1,4,7,10,13,15,16,17;1,9,10,15,17,18,21,23,24,25;1,5,9,12,15,16,18,22,26;1,3,11,12,15,21,22,29;2,6,7,12,13;1,5,6,11,13,15,19,21,24,27,28,29;2,8,10,12,15,16,17,19,21,22,24,25;3,7,8,9,11,20,26,28,29;5,9,10,15,16,19,22,26;18,23,26,27,28;2,5,6,7,8,10,11,13,17,20,22,24;4,5,7,11,13,18,24,25,28;5,6,11,15,20,21,24,27,28,29;6,7,14,16,20,26,28;10,11,13,20,22,24;1,2,12,15,17,18,19,24,25;6,8,10,11,17,22;2,7,8,11,13,15,19,21,26,27,29;6,14,25,27,28,29;6,10,11,15,16,17,19,20;3,4,6,11,16,20,23,28,29;7,12,13,14,18,22,27;10,14,17,22,23,26,29;10,12,14,16,17,18,23,25;2,3,8,10,12,17,22,23,25,27
jc301_81_4846 30 1,2,3,4,5;0,2,5,6,7,8,10,20;0,1,3,9,11,15,20,22,29;0,2,4,8,12,25,29;0,3,5,16,25;0,1,4,7,10,13,15,16,17;1,9,10,15,17,18,21,23,24,25;1,5,9,12,15,16,18,22,26;1,3,11,12,15,21,22,29;2,6,7,12,13;1,5,6,11,13,15,19,21,24,27,28,29;2,8,10,12,15,16,17,19,21,22,24,25;3,7,8,9,11,26,28,29;5,9,10,15,16,19,22,26;18,23,26,27,28;2,5,6,7,8,10,11,13,17,20,22,24;4,5,7,11,13,18,24,25,28;5,6,11,15,20,21,24,27,28,29;6,7,14,16,20,26,28;10,11,13,20,22,24;1,2,15,17,18,19,24,25;6,8,10,11,17,22;2,7,8,11,13,15,19,21,26,27,29;6,14,25,27,28,29;6,10,11,15,16,17,19,20;3,4,6,11,16,20,23,28,29;7,12,13,14,18,22,27;10,14,17,22,23,26,29;10,12,14,16,17,18,23,25;2,3,8,10,12,17,22,23,25,27
jc301_81_4847 30 1,2,3,4,5;0,2,5,6,7,8,10,20;0,1,3,9,11,15,20,22,29;0,2,4,8,12,25,29;0,3,5,16,25;0,1,4,7,10,13,15,16,17;1,9,10,15,17,18,21,23,24,25;1,5,9,12,15,16,18,22,26;1,3,11,12,15,21,22,29;2,6,7,12,13;1,5,6,11,13,15,19,21,24,27,28,29;2,8,10,12,15,16,17,19,21,22,24,25;3,7,8,9,11,26,28,29;5,9,10,15,16,19,21,22,26;18,23,26,27,28;2,5,6,7,8,10,11,13,17,20,22,24;4,5,7,11,13,18,24,25,28;5,6,11,15,20,21,24,27,28,29;6,7,14,16,20,26,28;10,11,13,20,22,24;1,2,15,17,18,19,24,25;6,8,10,11,13,17,22;2,7,8,11,13,15,19,21,26,27,29;6,14,25,27,28,29;6,10,11,15,16,17,19,20;3,4,6,11,16,20,23,28,29;7,12,13,14,18,22,27;10,14,17,22,23,26,29;10,12,14,16,17,18,23,25;2,3,8,10,12,17,22,23,25,27
jc301_81_4849 30 1,2,3,4,5;0,2,5,6,7,8,10,20;0,1,3,9,11,15,20,22,29;0,2,4,8,12,25,29;0,3,5,16,25;0,1,4,7,10,13,15,16,17;1,9,10,15,17,18,21,23,24,25;1,5,9,12,15,16,18,22,26;1,3,11,12,15,21,22,29;2,6,7,12,13;1,5,6,11,13,15,19,21,24,27,28,29;2,8,10,12,15,16,17,18,19,21,22,24,25;3,7,8,9,11,26,28,29;5,9,10,15,16,19,21,22,26;18,23,26,27,28;2,5,6,7,8,10,11,13,17,20,22,24;4,5,7,11,13,18,24,25,28;5,6,11,15,20,21,24,27,28,29;6,7,11,14,16,20,26,28;10,11,13,20,22,24;1,2,15,17,18,19,24,25;6,8,10,11,13,17,22;2,7,8,11,13,15,19,21,26,27,29;6,14,25,27,28,29;6,10,11,15,16,17,19,20;3,4,6,11,16,20,23,28,29;7,12,13,14,18,22,27;10,14,17,22,23,26,29;10,12,14,16,17,18,23,25;2,3,8,10,12,17,22,23,25,27
jc301_81_4850 30 1,2,3,4,5;0,2,5,6,7,8,10,20;0,1,3,9,11,15,20,22,29;0,2,4,8,12,25,29;0,3,5,16,25;0,1,4,7,10,13,15,16,17;1,9,10,15,17,18,21,23,24,25;1,5,9,12,15,16,18,22,26;1,3,11,12,15,21,22,29;2,6,7,12,13;1,5,6,11,13,15,19,21,24,27,28,29;2,8,10,12,15,16,17,18,19,21,22,24,25;3,7,8,9,11,26,28,29;5,9,10,15,16,19,21,22,26;18,23,26,27,28;2,5,6,7,8,10,11,13,17,20,22,24;4,5,7,11,13,18,24,25,28;5,6,11,15,20,24,27,28,29;6,7,11,14,16,20,26,28;10,11,13,20,22,24;1,2,15,17,18,19,24,25;6,8,10,11,13,22;2,7,8,11,13,15,19,21,26,27,29;6,14,25,27,28,29;6,10,11,15,16,17,19,20;3,4,6,11,16,20,23,28,29;7,12,13,14,18,22,27;10,14,17,22,23,26,29;10,12,14,16,17,18,23,25;2,3,8,10,12,17,22,23,25,27
jc301_81_4852 30 1,2,3,4,5;0,2,5,6,7,8,10,20;0,1,3,9,11,15,20,22,29;0,2,4,8,12,25,29;0,3,5,16,25;0,1,4,7,10,13,15,16,17;1,9,10,15,17,18,21,23,24,25;1,5,9,12,15,16,18,22,26;1,3,11,12,15,21,22,29;2,6,7,12,13;1,5,6,11,13,15,19,21,24,27,28,29;2,8,10,12,15,16,17,18,19,21,22,24,25;3,7,8,9,11,26,28,29;5,9,10,15,16,19,21,22,26;18,23,26,27,28;2,5,6,7,8,10,11,13,17,20,22,24;4,5,7,11,13,18,24,25,28;5,6,11,15,20,24,27,28,29;6,7,11,14,16,20,26,28;10,11,13,20,24;1,2,15,17,18,19,24,25;6,8,10,11,13,22;2,7,8,11,13,15,21,26,27,29;6,14,25,27,28,29;6,10,11,15,16,17,19,20;3,4,6,11,16,20,23,28,29;7,12,13,14,18,22,27;10,14,17,22,23,26,29;10,12,14,16,17,18,23,25;2,3,8,10,12,17,22,23,25,27
jc301_81_4856 30 1,2,3,4,5;0,2,5,6,7,8,10,20;0,1,3,9,11,15,20,22,29;0,2,4,8,12,25,29;0,3,5,16,25;0,1,4,7,10,13,15,16,17;1,9,10,15,16,17,18,21,23,24,25;1,5,9,12,15,16,18,22,26;1,3,11,12,15,21,22,29;2,6,7,12,13;1,5,6,11,13,15,19,21,24,27,28,29;2,8,10,12,15,16,17,18,19,21,22,24,25;3,7,8,9,11,26,28,29;5,9,10,15,16,19,21,22,26;18,23,26,27,28;2,5,6,7,8,10,11,13,17,20,22,24;4,5,6,7,11,13,18,24,25,28;5,6,11,15,20,24,27,28,29;6,7,11,14,16,20,26,28;10,11,13,20,24;1,2,15,17,18,19,24,25;6,8,10,11,13,22;2,7,8,11,13,15,21,26,27,29;6,14,25,27,28,29;6,10,11,15,16,17,19,20;3,4,6,11,16,20,23,28,29;7,12,13,14,18,22,27;10,14,17,22,23,26,29;10,12,14,16,17,18,23,25;2,3,8,10,12,17,22,23,25,27
jc301_81_4860 30 1,2,3,4,5;0,2,5,6,7,8,10,20;0,1,3,9,11,15,20,22,29;0,2,4,8,12,25,29;0,3,5,16,25;0,1,4,7,10,13,15,16,17;1,9,10,16,17,18,21,23,24,25;1,5,9,12,15,16,18,22,26;1,3,11,12,15,21,22,29;2,6,7,12,13;1,5,6,11,13,15,19,21,24,27,28,29;2,8,10,12,15,16,17,18,19,21,22,24,25;3,7,8,9,11,26,28,29;5,9,10,15,16,19,21,22,26;18,23,26,27,28;2,5,7,8,10,11,13,17,20,22,24;4,5,6,7,11,13,18,24,25,28;5,6,11,15,20,24,27,28,29;6,7,11,14,16,20,26,28;10,11,13,20,24;1,2,15,17,18,19,24,25;6,8,10,11,13,22;2,7,8,11,13,15,21,26,27,29;6,14,25,27,28,29;6,10,11,15,16,17,19,20;3,4,6,11,16,20,23,28,29;7,12,13,14,18,22,27;10,14,17,22,23,26,29;10,12,14,16,17,18,23,25;2,3,8,10,12,17,22,23,25,27
jc301_81_4865 30 1,2,3,4,5;0,2,5,6,7,8,10,20,24;0,1,3,9,11,15,20,22,29;0,2,4,8,12,25,29;0,3,5,16,25;0,1,4,7,10,13,15,16,17;1,9,10,16,17,18,21,23,24,25;1,5,9,12,15,16,18,22,26;1,3,11,12,15,21,22,29;2,6,7,12,13;1,5,6,11,13,15,19,21,24,27,28,29;2,8,10,12,15,16,17,18,19,21,22,24,25;3,7,8,9,11,26,28,29;5,9,10,15,16,19,21,22,26;18,23,26,27,28;2,5,7,8,10,11,13,17,20,22,24;4,5,6,7,11,13,18,24,25,28;5,6,11,15,20,24,27,28,29;6,7,11,14,16,20,26,28;10,11,13,20,24;1,2,15,17,18,19,24,25;6,8,10,11,13,22;2,7,8,11,13,15,21,26,27,29;6,14,25,27,28,29;1,6,10,11,15,16,17,19,20;3,4,6,11,16,20,23,28,29;7,12,13,14,18,22,27;10,14,17,22,23,26,29;10,12,14,16,17,18,23,25;2,3,8,10,12,17,22,23,25,27
jc301_81_4870 30 1,2,3,4,5;0,2,5,6,7,8,10,20,24;0,1,3,9,11,15,20,22,29;0,2,4,8,12,25,29;0,3,5,16,25;0,1,4,7,10,13,15,16,17;1,9,10,16,17,18,21,23,24,25;1,5,9,12,15,16,18,22,26;1,3,11,12,15,21,22,29;2,6,7,12,13;1,5,6,11,13,15,19,21,24,27,28,29;2,8,10,12,15,16,17,18,19,21,22,24,25;3,7,8,9,11,26,28,29;5,9,10,15,16,19,21,22,26;18,23,26,27,28;2,5,7,8,10,11,13,17,20,22,24;4,5,6,7,11,13,18,24,25,28;5,6,11,15,20,24,25,27,28,29;6,7,11,14,16,20,26,28;10,11,13,20,24;1,2,15,17,18,19,24,25;6,8,10,11,13,22;2,7,8,11,13,15,21,26,27,29;6,14,25,27,28,29;1,6,10,11,15,16,17,19,20;3,4,6,11,16,17,20,23,28,29;7,12,13,14,18,22,27;10,14,17,22,23,26,29;10,12,14,16,17,18,23,25;2,3,8,10,12,17,22,23,25,27
jc301_81_4872 30 1,2,3,4,5;0,2,5,6,7,8,10,20,24;0,1,3,9,11,20,22,29;0,2,4,8,12,25,29;0,3,5,16,25;0,1,4,7,10,13,15,16,17;1,9,10,16,17,18,21,23,24,25;1,5,9,12,15,16,18,22,26;1,3,11,12,15,21,22,29;2,6,7,12,13;1,5,6,11,13,15,19,21,24,27,28,29;2,8,10,12,15,16,17,18,19,21,22,24,25;3,7,8,9,11,26,28,29;5,9,10,15,16,19,21,22,26;18,23,26,27,28;5,7,8,10,11,13,17,20,22,24;4,5,6,7,11,13,18,24,25,28;5,6,11,15,20,24,25,27,28,29;6,7,11,14,16,20,26,28;10,11,13,20,24;1,2,15,17,18,19,24,25;6,8,10,11,13,22;2,7,8,11,13,15,21,26,27,29;6,14,25,27,28,29;1,6,10,11,15,16,17,19,20;3,4,6,11,16,17,20,23,28,29;7,12,13,14,18,22,27;10,14,17,22,23,26,29;10,12,14,16,17,18,23,25;2,3,8,10,12,17,22,23,25,27
jc301_81_4878 30 1,2,3,4,5;0,2,5,6,7,10,20,24;0,1,3,9,11,20,22,29;0,2,4,8,12,25,29;0,3,5,16,25;0,1,4,7,10,13,15,16,17;1,9,10,16,17,18,21,23,24,25;1,5,9,12,15,16,18,22,26;3,11,12,15,21,22,29;2,6,7,12,13;1,5,6,11,13,15,19,21,24,27,28,29;2,8,10,12,15,16,17,18,19,21,22,24,25;3,7,8,9,11,26,28,29;5,9,10,15,16,19,21,22,26;18,23,26,27,28;5,7,8,10,11,13,17,20,22,24;4,5,6,7,11,13,18,24,25,28;5,6,11,15,20,24,25,27,28,29;6,7,11,14,16,20,26,28;10,11,13,20,24;1,2,15,17,18,19,24,25;6,8,10,11,13,22;2,7,8,11,13,15,21,26,27,29;6,14,25,27,28,29;1,6,10,11,15,16,17,19,20;3,4,6,11,16,17,20,23,28,29;7,12,13,14,18,22,27;10,14,17,22,23,26,29;10,12,14,16,17,18,23,25;2,3,8,10,12,17,22,23,25,27
jc301_81_4879 30 1,2,3,4,5;0,2,5,6,7,10,20,24;0,1,3,9,11,20,22,29;0,2,4,8,12,25,29;0,3,5,16,25;0,1,4,7,10,13,15,16,17;1,9,10,16,17,18,21,23,24,25;1,5,9,12,15,16,18,22,26;3,11,12,15,21,22,29;2,6,7,12,13;1,5,6,11,13,15,19,21,24,27,28,29;2,8,10,12,15,16,17,18,19,21,22,24,25;3,7,8,9,11,26,29;5,9,10,15,16,19,21,22,26;18,23,26,27,28;5,7,8,10,11,13,17,20,22,24;4,5,6,7,11,13,18,24,25,28;5,6,11,15,20,24,25,27,28,29;6,7,11,14,16,20,26,28;10,11,13,20,24;1,2,15,17,18,19,24,25;6,8,10,11,13,22;2,7,8,11,13,15,21,26,27,29;6,14,25,27,28,29;1,6,10,11,15,16,17,19,20;3,4,6,11,16,17,20,23,28,29;7,12,13,14,18,22,27;10,14,17,22,23,26,29;10,14,16,17,18,23,25;2,3,8,10,12,17,22,23,25,27
jc301_81_4883 30 1,2,3,4,5;0,2,5,6,7,10,11,20,24;0,1,3,9,11,20,22,29;0,2,4,8,12,25,29;0,3,5,16,25;0,1,4,7,10,13,15,16,17;1,9,10,16,17,18,21,23,24,25;1,5,9,12,15,16,18,22,26;3,11,12,15,21,22,29;2,6,7,12,13;1,5,6,11,13,15,19,21,24,27,28,29;1,2,8,10,12,15,16,17,18,19,21,22,24,25;3,7,8,9,11,26,29;5,9,10,15,16,19,21,22,26;18,23,26,27,28;5,7,8,10,11,13,17,20,22,24;4,5,6,7,11,13,18,24,25,28;5,6,11,15,20,24,25,27,28,29;6,7,11,14,16,20,26,28;10,11,13,20,24;1,2,15,17,18,19,24,25;6,8,10,11,13,22;2,7,8,11,13,15,21,26,27,29;6,14,25,27,28,29;1,6,10,11,15,16,17,19,20;3,4,6,11,16,17,20,23,28,29;7,12,13,14,18,22,27;10,14,17,22,23,26,29;10,14,16,17,18,23,25;2,3,8,10,12,17,22,23,25,27
jc301_81_4884 30 1,2,3,4,5;0,2,5,6,7,10,11,20,24;0,1,3,9,11,20,22,29;0,2,4,8,12,25,29;0,3,5,16,25;0,1,4,7,10,13,15,16,17;1,9,10,16,17,18,21,23,24,25;1,5,9,12,15,16,18,22,26;3,11,12,15,21,22,29;2,6,7,12,13;1,5,6,11,13,15,19,21,24,27,28,29;1,2,8,10,12,15,16,17,18,19,21,22,24,25;3,7,8,9,11,26,29;5,9,10,15,16,19,21,22,26;18,23,26,27,28;5,7,8,10,11,13,17,20,22,24;4,5,6,7,11,13,18,24,25,28;5,6,11,15,20,24,25,27,28,29;6,7,11,14,16,20,26,28;10,11,13,20,22,24;1,2,15,17,18,19,24,25;6,8,10,11,13,22;2,7,8,11,13,15,19,21,26,27,29;6,14,25,27,28,29;1,6,10,11,15,16,17,19,20;3,4,6,11,16,17,20,23,28,29;7,12,13,14,18,22,27;10,14,17,22,23,26,29;10,14,16,17,18,23,25;2,3,8,10,12,17,22,23,25,27
jc301_81_4885 30 1,2,3,4,5;0,2,5,6,7,10,11,20,24;0,1,3,9,11,20,22,29;0,2,4,8,12,25,29;0,3,5,16,25;0,1,4,7,10,13,15,16,17;1,9,10,16,17,18,21,23,24,25;1,5,9,10,12,15,16,18,22,26;3,11,12,15,21,22,29;2,6,7,12,13;1,5,6,7,11,13,15,19,21,24,27,28,29;1,2,8,10,12,15,16,17,18,19,21,22,24,25;3,7,8,9,11,26,29;5,9,10,15,16,19,21,22,26;18,23,26,27,28;5,7,8,10,11,13,17,20,22,24;4,5,6,7,11,13,18,24,25,28;5,6,11,15,20,24,25,27,28,29;6,7,11,14,16,20,26,28;10,11,13,20,22,24;1,2,15,17,18,19,24,25;6,8,10,11,13,22;2,7,8,11,13,15,19,21,26,27,29;6,14,25,27,28,29;1,6,10,11,15,16,17,19,20;3,4,6,11,16,17,20,23,28,29;7,12,13,14,18,22,27;10,14,17,22,23,26,29;10,14,16,17,18,23,25;2,3,8,10,12,17,22,23,25,27
jc301_81_4898 30 1,2,3,4,5;0,2,5,6,7,10,11,20,24;0,1,3,9,11,20,22,29;0,2,4,8,12,25,29;0,3,5,16,25;0,1,4,7,10,13,15,16,17;1,9,10,17,18,21,23,24,25;1,5,9,10,12,15,16,18,22,26;3,11,12,15,21,22,29;2,6,7,12,13;1,5,6,7,11,13,15,19,21,24,27,28,29;1,2,8,10,12,15,16,17,18,19,21,22,24,25;3,7,8,9,11,26,29;5,9,10,15,16,19,21,22,26;18,23,26,27,28;5,7,8,10,11,13,17,20,22,24;4,5,7,11,13,18,24,25,28;5,6,11,15,20,24,25,27,28,29;6,7,11,14,16,20,26,28;10,11,13,20,22,24;1,2,15,17,18,19,24,25;6,8,10,11,13,22;2,7,8,11,13,15,19,21,26,27,29;6,14,25,27,28,29;1,6,10,11,15,16,17,19,20;3,4,6,11,16,17,20,23,28,29;7,12,13,14,18,22,27;10,14,17,22,23,26,29;10,14,16,17,18,23,25;2,3,8,10,12,17,22,23,25,27
jc301_81_4900 30 1,2,3,4,5;0,2,5,6,7,10,11,20,24;0,1,3,9,11,20,22,29;0,2,4,8,12,25,29;0,3,5,16,25;0,1,4,7,10,13,15,16,17;1,9,10,15,17,18,21,23,24,25;1,5,9,10,12,15,16,18,22,26;3,11,12,15,21,22,29;2,6,7,12,13;1,5,6,7,11,13,15,19,21,24,27,28,29;1,2,8,10,12,15,16,17,18,19,21,22,24;3,7,8,9,11,26,29;5,9,10,15,16,19,21,22,26;18,23,26,27,28;5,6,7,8,10,11,13,17,20,22,24;4,5,7,11,13,18,24,25,28;5,6,11,15,20,24,25,27,28,29;6,7,11,14,16,20,26,28;10,11,13,20,22,24;1,2,15,17,18,19,24,25;6,8,10,11,13,22;2,7,8,11,13,15,19,21,26,27,29;6,14,25,27,28,29;1,6,10,11,15,16,17,19,20;3,4,6,16,17,20,23,28,29;7,12,13,14,18,22,27;10,14,17,22,23,26,29;10,14,16,17,18,23,25;2,3,8,10,12,17,22,23,25,27
jc301_81_4910 30 1,2,3,4,5;0,2,5,6,7,10,11,20,24;0,1,3,9,11,20,22,29;0,2,4,8,12,25,29;0,3,5,16,25;0,1,4,7,10,13,15,16,17;1,9,10,17,18,21,23,24,25;1,5,9,10,12,15,16,18,22,26;3,11,12,15,21,22,29;2,6,7,12,13;1,5,6,7,11,13,15,19,21,24,27,28,29;1,2,8,10,12,15,16,17,18,19,21,22,24;3,7,8,9,11,26,29;5,9,10,15,16,19,21,22,26;18,23,26,27,28;5,7,8,10,11,13,17,20,22,24;4,5,7,11,13,18,24,25,28;5,6,11,15,20,24,25,27,28,29;6,7,11,14,16,20,26,28;10,11,13,20,22,24;1,2,15,17,18,19,24,25;6,8,10,11,13,22;2,7,8,11,13,15,19,21,26,27,29;6,14,25,27,28,29;1,6,10,11,15,16,17,19,20;3,4,6,16,17,20,23,28,29;7,12,13,14,18,22,27;10,14,17,22,23,26,29;10,14,16,17,18,23,25;2,3,8,10,12,17,22,23,25,27
jc301_81_4912 30 1,2,3,4,5;0,2,5,6,7,10,11,20,24;0,1,3,9,11,20,22,29;0,2,4,8,12,25,29;0,3,5,16,25;0,1,4,7,10,13,15,16,17;1,9,10,17,18,21,23,24,25;1,5,9,10,12,15,16,18,22,26;3,11,12,15,21,22,29;2,6,7,11,12,13;1,5,6,7,11,13,15,19,21,24,27,28,29;1,2,8,9,10,12,15,16,17,18,19,21,22,24;3,7,8,9,11,26,29;5,9,10,15,16,19,21,22,26;18,23,26,27,28;5,7,8,10,11,13,17,20,22,24;4,5,7,11,13,18,24,25,28;5,6,11,15,20,24,25,27,28,29;6,7,11,14,16,20,26,28;10,11,13,20,22,24;1,2,15,17,18,19,24,25;6,8,10,11,13,22;2,7,8,11,13,15,19,21,26,27,29;6,14,25,27,28,29;1,6,10,11,15,16,17,19,20;3,4,6,16,17,20,23,28,29;7,12,13,14,18,22,27;10,14,17,22,23,26,29;10,14,16,17,18,23,25;2,3,8,10,12,17,22,23,25,27
jc301_81_4915 30 1,2,3,4,5;0,2,5,6,7,10,11,20,24;0,1,3,9,11,20,22,29;0,2,4,8,12,25,29;0,3,5,16,25;0,1,4,7,10,13,15,16,17;1,9,10,17,18,21,23,24,25;1,5,10,12,15,16,18,22,26;3,11,12,15,21,22,29;2,6,11,12,13;1,5,6,7,11,13,15,19,21,24,27,28,29;1,2,8,9,10,12,15,16,17,18,19,21,22,24;3,7,8,9,11,26,29;5,9,10,15,16,19,21,22,26;18,23,26,27,28;5,7,8,10,11,13,17,20,22,24;4,5,7,11,13,18,24,25,28;5,6,11,15,20,24,25,27,28,29;6,7,11,14,16,20,26,28;10,11,13,20,22,24;1,2,15,17,18,19,24,25;6,8,10,11,13,22;2,7,8,11,13,15,19,21,26,27,29;6,14,25,27,28,29;1,6,10,11,15,16,17,19,20;3,4,6,16,17,20,23,28,29;7,12,13,14,18,22,27;10,14,17,22,23,26,29;10,14,16,17,18,23,25;2,3,8,10,12,17,22,23,25,27
jc301_81_4919 30 1,2,3,4,5;0,2,5,6,7,10,11,20,24;0,1,3,9,11,20,22,29;0,2,4,8,12,25,29;0,3,5,16,25;0,1,4,7,10,13,15,16,17;1,9,10,17,18,21,23,24,25;1,5,10,12,15,16,18,22,26;3,11,12,15,21,22,29;2,6,11,12,13;1,5,6,7,11,13,15,19,21,24,27,28,29;1,2,8,9,10,12,15,16,17,18,19,21,22,24;3,7,8,9,11,26,29;5,9,10,15,16,19,21,22,26;18,23,26,27,28;5,7,8,10,11,13,17,20,22,24;4,5,7,11,13,18,24,25,28;5,6,11,15,20,24,25,27,29;6,7,11,14,16,20,26,28;10,11,13,20,22,24;1,2,15,17,18,19,21,24,25;6,8,10,11,13,20,22;2,7,8,11,13,15,19,21,26,27,29;6,14,25,27,28,29;1,6,10,11,15,16,17,19,20;3,4,6,16,17,20,23,28,29;7,12,13,14,18,22,27;10,14,17,22,23,26,29;10,14,16,18,23,25;2,3,8,10,12,17,22,23,25,27
jc301_81_4923 30 1,2,3,4,5;0,2,5,6,7,10,11,20,24;0,1,3,9,11,19,20,22,29;0,2,4,8,12,25,29;0,3,5,16,25;0,1,4,7,10,13,15,16,17;1,9,10,17,18,21,23,24,25;1,5,10,12,15,16,18,22,26;3,11,12,15,21,22,29;2,6,11,12,13;1,5,6,7,11,13,15,19,21,24,27,28,29;1,2,8,9,10,12,15,16,17,18,19,21,22,24;3,7,8,9,11,26,29;5,9,10,15,16,19,21,22,26;18,23,26,27,28;5,7,8,10,11,13,17,20,22,24;4,5,7,11,13,18,24,25,28;5,6,11,15,20,24,25,27,29;6,7,11,14,16,20,26,28;2,10,11,13,20,22,24;1,2,15,17,18,19,21,24,25;6,8,10,11,13,20,22;2,7,8,11,13,15,19,21,26,27,29;6,14,25,27,28,29;1,6,10,11,15,16,17,19,20;3,4,6,16,17,20,23,28,29;7,12,13,14,18,22,27;10,14,17,22,23,26,29;10,14,16,18,23,25;2,3,8,10,12,17,22,23,25,27
jc301_81_4925 30 1,2,3,4,5;0,2,5,6,7,10,11,20,24;0,1,3,9,11,19,20,22,29;0,2,4,8,12,25,29;0,3,5,16,25;0,1,4,7,10,13,15,16,17;1,9,10,17,18,21,23,24,25;1,5,10,12,15,16,18,22,26;3,11,12,15,21,22,29;2,6,11,12,13;1,5,6,7,11,13,15,19,21,24,27,28,29;1,2,8,9,10,12,15,16,17,18,19,21,22,24;3,7,8,9,11,26,29;5,9,10,15,19,21,22,26;18,23,26,27,28;5,7,8,10,11,13,17,20,22,24;4,5,7,11,18,24,25,28;5,6,11,15,20,24,25,27,29;6,7,11,14,16,20,26,28;2,10,11,13,20,22,24;1,2,15,17,18,19,21,24,25;6,8,10,11,13,20,22;2,7,8,11,13,15,19,21,26,27,29;6,14,25,27,28,29;1,6,10,11,15,16,17,19,20;3,4,6,16,17,20,23,28,29;7,12,13,14,18,22,27;10,14,17,22,23,26,29;10,14,16,18,23,25;2,3,8,10,12,17,22,23,25,27
jc301_81_4928 30 1,2,3,4,5;0,2,5,6,7,10,11,20,24;0,1,3,9,11,19,20,22,29;0,2,4,8,12,25,29;0,3,5,16,25;0,1,4,7,10,13,15,16,17;1,9,10,17,18,21,23,24,25;1,5,10,12,15,16,18,22;3,11,12,15,21,22,29;2,6,11,12,13;1,5,6,7,11,13,15,19,21,24,27,28,29;1,2,8,9,10,12,15,16,17,18,19,21,22,24;3,7,8,9,11,26,29;5,9,10,15,19,21,22,26;18,23,26,27,28;5,7,8,10,11,13,17,20,22,24;4,5,7,11,18,24,25,28;5,6,11,15,20,24,25,27,29;6,7,11,14,16,20,26,28;2,10,11,13,20,22,24;1,2,15,17,18,19,21,24,25;6,8,10,11,13,20,22;2,7,8,11,13,15,19,21,26,27,29;6,14,25,27,28,29;1,6,10,11,15,16,17,19,20;3,4,6,16,17,20,23,28,29;12,13,14,18,22,27;10,14,17,22,23,26,29;10,14,16,18,23,25;2,3,8,10,12,17,22,23,25,27
jc301_81_4932 30 1,2,3,4,5;0,2,5,6,7,10,11,20,24;0,1,3,9,11,19,20,22,29;0,2,4,8,12,25,29;0,3,5,16,25;0,1,4,7,10,13,16,17;1,9,10,17,18,21,23,24,25;1,5,10,12,15,16,18,22;3,11,12,15,21,22,29;2,6,11,12,13;1,5,6,7,11,13,15,19,21,24,27,28,29;1,2,8,9,10,12,15,16,17,18,19,21,22,24;3,7,8,9,11,26,29;5,9,10,15,19,21,22,26;18,23,26,27,28;7,8,10,11,13,17,20,22,24;4,5,7,11,18,24,25,28;5,6,11,15,20,24,25,27,29;6,7,11,14,16,20,26,28;2,10,11,13,20,22,24;1,2,15,17,18,19,21,24,25;6,8,10,11,13,20,22;2,7,8,11,13,15,19,21,26,27,29;6,14,25,27,28,29;1,6,10,11,15,16,17,19,20;3,4,6,16,17,20,23,28,29;12,13,14,18,22,27;10,14,17,22,23,26,29;10,14,16,18,23,25;2,3,8,10,12,17,22,23,25,27
jc301_81_4933 30 1,2,3,4,5;0,2,5,6,7,10,11,20,24;0,1,3,9,11,19,20,22,29;0,2,4,8,12,25,29;0,3,5,16,25;0,1,4,7,10,13,17;1,9,10,17,18,21,23,24,25;1,5,10,12,15,16,18,22;3,11,12,15,21,22,29;2,6,11,12,13;1,5,6,7,11,13,15,19,21,24,27,28,29;1,2,8,9,10,12,15,16,17,18,19,21,22,24;3,7,8,9,11,26,29;5,9,10,15,19,21,22,26;18,23,26,27,28;7,8,10,11,13,17,20,22,24;4,7,11,18,24,25,28;5,6,11,15,20,24,25,27,29;6,7,11,14,16,20,26,28;2,10,11,13,20,22,24;1,2,15,17,18,19,21,24,25;6,8,10,11,13,20,22;2,7,8,11,13,15,19,21,26,27,29;6,14,25,27,28,29;1,6,10,11,15,16,17,19,20;3,4,6,16,17,20,23,28,29;12,13,14,18,22,27;10,14,17,22,23,26,29;10,14,16,18,23,25;2,3,8,10,12,17,22,23,25,27
jc301_81_4941 30 1,2,3,4,5;0,2,5,6,7,10,11,20,24;0,1,3,9,11,19,20,22,29;0,2,4,8,12,25,29;0,3,5,16,25;0,1,4,7,10,13,17;1,9,10,17,18,23,24,25;1,5,10,12,15,16,18,22;3,11,12,15,21,22,29;2,6,11,12,13;1,5,6,7,11,13,15,19,21,24,27,28,29;1,2,8,9,10,12,15,16,17,18,19,21,22,24;3,7,8,9,11,26,29;5,9,10,15,19,21,22,26;18,23,26,27,28;7,8,10,11,13,17,20,22,24;4,7,11,18,24,25,28;5,6,11,15,20,24,25,27,29;6,7,11,14,16,20,26,28;2,10,11,13,20,22,24;1,2,15,17,18,19,21,24,25;8,10,11,13,20,22;2,7,8,11,13,15,19,21,26,27,29;6,14,25,27,28,29;1,6,10,11,15,16,17,19,20;3,4,6,16,17,20,23,28,29;12,13,14,18,22,27;10,14,17,22,23,26,29;10,14,16,18,23,25;2,3,8,10,12,17,22,23,25,27
jc301_81_4951 30 1,2,3,4,5;0,2,5,6,7,10,11,20,24;0,1,3,9,11,19,20,22,29;0,2,4,8,12,25,29;0,3,5,16,25;0,1,4,7,10,13,17;1,9,10,17,18,23,24,25;1,5,10,12,15,16,18,19,22;3,11,12,15,21,22,29;2,6,11,12,13;1,5,6,7,11,13,15,19,21,24,27,28,29;1,2,8,9,10,12,15,16,17,18,19,21,22,24;3,7,8,9,11,26,29;5,9,10,15,19,21,22,26;18,23,26,27,28;7,8,10,11,13,17,20,22,24;4,7,11,18,24,25,28;5,6,11,15,20,24,25,27,29;6,7,11,14,16,20,26,28;2,7,10,11,13,20,22,24;1,2,15,17,18,19,21,24,25;8,10,11,13,20,22;2,7,8,11,13,15,19,21,26,27,29;6,14,25,27,28,29;1,6,10,11,15,16,17,19,20;3,4,6,16,17,20,23,28,29;12,13,14,18,22,27;10,14,17,22,23,26,29;10,14,16,18,23,25;2,3,8,10,12,17,22,23,25,27
jc301_81_4959 30 1,2,3,4,5;0,2,5,6,7,10,11,20,24;0,1,3,9,11,19,20,22,29;0,2,4,8,12,25,29;0,3,5,16,25;0,1,4,7,10,13,17;1,9,10,17,18,23,24,25;1,5,10,12,15,16,18,19,22;3,11,12,15,21,22,29;2,6,11,12,13;1,5,6,7,11,13,15,19,20,21,24,27,28,29;1,2,8,9,10,12,15,16,17,18,19,21,22,24;3,7,8,9,11,26,29;5,9,10,15,19,21,22,26;18,23,26,27,28;7,8,10,11,13,17,20,22,24;4,7,11,18,24,25,28;5,6,11,15,20,24,25,27,29;6,7,11,14,16,20,26,28;2,7,10,11,13,20,22,24;1,2,10,15,17,18,19,21,24,25;8,10,11,13,20,22;2,7,8,11,13,15,19,21,26,27,29;6,14,25,27,28,29;1,6,10,11,15,16,17,19,20;3,4,6,16,17,20,23,28,29;12,13,14,18,22,27;10,14,17,22,23,26,29;10,14,16,18,23,25;2,3,8,10,12,17,22,23,25,27
jc301_81_4975 30 1,2,3,4,5;0,2,5,6,7,10,11,20,24;0,1,3,9,11,19,20,22,29;0,2,4,8,12,25,29;0,3,5,16,25;0,1,4,7,10,13,17;1,9,10,17,18,23,24,25;1,5,10,12,15,16,18,19,22;3,11,12,15,21,22,29;2,6,11,12,13;1,5,6,7,11,13,15,19,20,21,24,27,28,29;1,2,8,9,10,12,15,16,17,18,19,21,22,24;3,7,8,9,11,26,28,29;5,9,10,15,19,21,22,26;18,23,26,27,28;7,8,10,11,13,17,20,22,24;4,7,11,18,24,25,28;5,6,11,15,20,24,25,27,29;6,7,11,14,16,20,26,28;2,7,10,11,13,20,22,24;1,2,10,15,17,18,19,21,24,25;8,10,11,13,20,22;2,7,8,11,13,15,19,21,26,27,29;6,14,25,27,28,29;1,6,10,11,15,16,17,19,20;3,4,6,16,17,20,23,28,29;12,13,14,18,22,27;10,14,17,22,23,26,29;10,12,14,16,18,23,25;2,3,8,10,12,17,22,23,25,27
jc301_81_4987 30 1,2,3,4,5;0,2,5,6,7,10,11,20,24;0,1,3,9,11,19,20,22,29;0,2,4,8,12,25,29;0,3,5,16,25;0,1,4,7,10,13,17;1,9,10,17,18,23,24,25;1,5,10,12,15,16,18,19,22;3,11,12,15,21,22,29;2,6,11,12,13;1,5,6,7,11,13,15,19,20,21,24,27,28,29;1,2,8,9,10,12,15,16,17,18,19,21,22,24;3,7,8,9,11,20,26,28,29;5,9,10,15,19,21,22,26;18,23,26,27,28;7,8,10,11,13,17,20,22,24;4,7,11,18,24,25,28;5,6,11,15,20,24,25,27,29;6,7,11,14,16,20,26,28;2,7,10,11,13,20,22,24;1,2,10,12,15,17,18,19,21,24,25;8,10,11,13,20,22;2,7,8,11,13,15,19,21,26,27,29;6,14,25,27,28,29;1,6,10,11,15,16,17,19,20;3,4,6,16,17,20,23,28,29;12,13,14,18,22,27;10,14,17,22,23,26,29;10,12,14,16,18,23,25;2,3,8,10,12,17,22,23,25,27
jc301_81_4988 30 1,2,3,4,5;0,2,5,6,7,10,11,20,24;0,1,3,9,11,19,20,22,29;0,2,4,8,12,25,29;0,3,5,16,25;0,1,4,7,10,13,17;1,9,10,17,18,23,24,25;1,5,10,12,15,16,18,19,22;3,11,12,15,21,22,29;2,6,11,12,13;1,5,6,7,11,13,15,19,20,21,24,27,28,29;1,2,8,9,10,12,15,16,17,18,19,21,22,24;3,7,8,9,11,20,26,28,29;5,9,10,15,17,19,21,22,26;18,23,26,27,28;7,8,10,11,13,17,20,22,24;4,7,11,18,24,25,28;5,6,11,13,15,20,24,25,27,29;6,7,11,14,16,20,26,28;2,7,10,11,13,20,22,24;1,2,10,12,15,17,18,19,21,24,25;8,10,11,13,20,22;2,7,8,11,13,15,19,21,26,27,29;6,14,25,27,28,29;1,6,10,11,15,16,17,19,20;3,4,6,16,17,20,23,28,29;12,13,14,18,22,27;10,14,17,22,23,26,29;10,12,14,16,18,23,25;2,3,8,10,12,17,22,23,25,27
jc301_81_4993 30 1,2,3,4,5;0,2,5,6,7,10,11,20,24;0,1,3,9,11,19,20,22,29;0,2,4,8,12,25,29;0,3,5,16,25;0,1,4,7,10,13,17;1,9,10,17,18,23,24,25;1,5,10,12,15,16,18,19,22;3,11,12,15,21,22,29;2,6,11,12,13;1,5,6,7,11,13,15,19,20,21,24,27,28,29;1,2,8,9,10,12,15,16,17,18,19,21,22,24;3,7,8,9,11,20,26,28,29;5,9,10,15,17,19,21,22,26;18,23,26,27,28;7,8,10,11,13,17,20,22,24;4,7,11,18,20,24,25,28;5,6,11,13,15,20,21,24,25,27,29;6,7,11,14,16,20,26,28;2,7,10,11,13,20,22,24;1,2,10,12,15,16,17,18,19,21,24,25;8,10,11,13,17,20,22;2,7,8,11,13,15,19,21,26,27,29;6,14,25,27,28,29;1,6,10,11,15,16,17,19,20;3,4,6,16,17,20,23,28,29;12,13,14,18,22,27;10,14,17,22,23,26,29;10,12,14,16,18,23,25;2,3,8,10,12,17,22,23,25,27
jc301_81_4995 30 1,2,3,4,5;0,2,5,6,7,10,11,20,24;0,1,3,9,11,20,22,29;0,2,4,8,12,25,29;0,3,5,16,25;0,1,4,7,10,13,17;1,9,10,17,18,23,24,25;1,5,10,12,15,16,18,19,22;3,11,12,15,21,22,29;2,6,11,12,13;1,5,6,7,11,13,15,19,20,21,24,27,28,29;1,2,8,9,10,12,15,16,17,18,19,21,22,24;3,7,8,9,11,20,26,28,29;5,9,10,15,17,19,21,22,26;18,23,26,27,28;7,8,10,11,13,17,20,22,24;4,7,11,18,20,24,25,28;5,6,11,13,15,20,21,24,25,27,29;6,7,11,14,16,20,26,28;7,10,11,13,20,22,24;1,2,10,12,15,16,17,18,19,21,24,25;8,10,11,13,17,20,22;2,7,8,11,13,15,19,21,26,27,29;6,14,25,27,28,29;1,6,10,11,15,16,17,19,20;3,4,6,16,17,20,23,28,29;12,13,14,18,22,27;10,14,17,22,23,26,29;10,12,14,16,18,23,25;2,3,8,10,12,17,22,23,25,27
jc301_81_5005 30 1,2,3,4,5;0,2,5,6,7,10,11,20,24;0,1,3,9,11,20,22,29;0,2,4,8,12,25,29;0,3,5,16,25;0,1,4,7,10,13,17;1,9,10,17,18,23,24,25;1,5,10,12,15,16,18,19,22;3,11,12,15,21,22,29;2,6,11,12,13;1,5,6,7,11,13,15,19,20,21,24,27,28,29;1,2,8,9,10,12,15,16,17,18,19,21,22,24;3,7,8,9,11,20,26,28,29;5,9,10,15,17,19,21,22,26;18,23,26,27,28;7,8,10,11,13,17,20,22,24;4,7,11,18,20,24,25,28;5,6,11,13,15,20,21,24,25,27,29;6,7,11,14,16,20,26,28;7,10,11,13,20,22,24;1,2,10,12,15,16,17,18,19,21,22,24,25;8,10,11,13,17,20,22;2,7,8,11,13,15,19,20,21,26,27,29;6,14,25,27,28,29;1,6,10,11,15,16,17,19,20;3,4,6,16,17,20,23,28,29;12,13,14,18,22,27;10,14,17,22,23,26,29;10,12,14,16,18,23,25;2,3,8,10,12,17,22,23,25,27
jc301_81_5006 30 1,2,3,4,5;0,2,5,6,7,10,11,20,24;0,1,3,9,11,20,22,29;0,2,4,12,25,29;0,3,5,16,25;0,1,4,7,10,13,17;1,9,10,17,18,23,24,25;1,5,10,12,15,16,18,19,22;11,12,15,21,22,29;2,6,11,12,13;1,5,6,7,11,13,15,19,20,21,24,27,28,29;1,2,8,9,10,12,15,16,17,18,19,21,22,24;3,7,8,9,11,20,26,28,29;5,9,10,15,17,19,21,22,26;18,23,26,27,28;7,8,10,11,13,17,20,22,24;4,7,11,18,20,24,25,28;5,6,11,13,15,20,21,24,25,27,29;6,7,11,14,16,20,26,28;7,10,11,13,20,22,24;1,2,10,12,15,16,17,18,19,21,22,24,25;8,10,11,13,17,20,22;2,7,8,11,13,15,19,20,21,26,27,29;6,14,25,27,28,29;1,6,10,11,15,16,17,19,20;3,4,6,16,17,20,23,28,29;12,13,14,18,22,27;10,14,17,22,23,26,29;10,12,14,16,18,23,25;2,3,8,10,12,17,22,23,25,27
jc301_81_5009 30 1,2,3,4,5;0,2,5,6,7,10,11,20,24;0,1,3,9,11,20,22,29;0,2,4,12,25,29;0,3,5,16,25;0,1,4,7,10,13,17;1,9,10,17,18,23,24,25;1,5,10,12,15,16,18,19,22;11,12,15,21,22,29;2,6,11,12,13;1,5,6,7,11,13,15,19,20,21,24,27,28,29;1,2,8,9,10,12,15,16,17,18,19,21,22;3,7,8,9,11,20,26,28,29;5,9,10,15,17,19,21,22,26;18,23,26,27,28;7,8,10,11,13,17,20,22,24;4,7,11,18,20,24,25,28;5,6,11,13,15,20,21,24,25,27,29;6,7,11,14,16,20,26,28;7,10,11,13,20,22,24;1,2,10,12,15,16,17,18,19,21,22,24,25;8,10,11,13,17,20,22;2,7,8,11,13,15,19,20,21,26,27,29;6,14,25,27,28,29;1,6,10,15,16,17,19,20;3,4,6,16,17,20,23,28,29;12,13,14,18,22,27;10,14,17,22,23,26,29;10,12,14,16,18,23,25;2,3,8,10,12,17,22,23,25,27
jc301_81_5019 30 1,2,3,4,5;0,2,5,6,7,10,11,20,24;0,1,3,9,11,20,22,29;0,2,4,12,25,29;0,3,5,16,25;0,1,4,7,10,13,16,17;1,9,10,17,18,23,24,25;1,5,10,12,15,16,18,19,22;11,12,15,21,22,29;2,6,11,12,13,20;1,5,6,7,11,13,15,19,20,21,24,27,28,29;1,2,8,9,10,12,15,16,17,18,19,21,22;3,7,8,9,11,20,26,28,29;5,9,10,15,17,19,21,22,26;18,23,26,27,28;7,8,10,11,13,17,20,22,24;4,5,7,11,18,20,24,25,28;5,6,11,13,15,20,21,24,25,27,29;6,7,11,14,16,20,26,28;7,10,11,13,20,22,24;1,2,9,10,12,15,16,17,18,19,21,22,24,25;8,10,11,13,17,20,22;2,7,8,11,13,15,19,20,21,26,27,29;6,14,25,27,28,29;1,6,10,15,16,17,19,20;3,4,6,16,17,20,23,28,29;12,13,14,18,22,27;10,14,17,22,23,26,29;10,12,14,16,18,23,25;2,3,8,10,12,17,22,23,25,27
jc301_81_5021 30 1,2,3,4,5;0,2,5,6,7,10,11,20,24;0,1,3,9,11,20,22,29;0,2,4,12,25,29;0,3,5,16,25;0,1,4,7,10,13,16,17;1,9,10,17,18,23,24,25;1,5,10,12,15,16,18,19,22;11,12,15,21,22,29;2,6,11,12,13,20;1,5,6,7,11,13,15,19,20,21,24,27,28,29;1,2,8,9,10,12,15,16,17,18,19,21,22,24;3,7,8,9,11,20,26,28,29;5,9,10,15,17,19,21,22,26;18,23,26,27,28;7,8,10,11,13,17,20,22,24;4,5,7,11,18,20,24,25,28;5,6,11,13,15,20,21,24,25,27,29;6,7,11,14,16,20,26,28;7,10,11,13,20,22,24;1,2,9,10,12,15,16,17,18,19,21,22,24,25;8,10,11,13,17,20,22;2,7,8,11,13,15,19,20,21,26,27,29;6,14,25,27,28,29;1,6,10,11,15,16,17,19,20;3,4,6,16,17,20,23,28,29;12,13,14,18,22,27;10,14,17,22,23,26,29;10,12,14,16,18,23,25;2,3,8,10,12,17,22,23,25,27
jc301_81_5027 30 1,2,3,4,5;0,2,5,6,7,10,11,20,24;0,1,3,9,11,20,22,29;0,2,4,12,25,29;0,3,5,16,25;0,1,4,7,10,13,16,17;1,9,10,17,18,23,24,25;1,5,10,12,15,16,18,19,22;11,12,15,21,22,29;2,6,12,13,20;1,5,6,7,11,13,15,19,20,21,24,27,28,29;1,2,8,10,12,15,16,17,18,19,21,22,24;3,7,8,9,11,20,26,28,29;5,9,10,15,17,19,21,22,26;18,23,26,27,28;7,8,10,11,13,17,20,22,24;4,5,7,11,18,20,24,25,28;5,6,11,13,15,20,21,24,25,27,29;6,7,11,14,16,20,26,28;7,10,11,13,20,22,24;1,2,9,10,12,15,16,17,18,19,21,22,24,25;8,10,11,13,17,20,22;2,7,8,11,13,15,19,20,21,26,27,29;6,14,25,27,28,29;1,6,10,11,15,16,17,19,20;3,4,6,16,17,20,23,28,29;12,13,14,18,22,27;10,14,17,22,23,26,29;10,12,14,16,18,23,25;2,3,8,10,12,17,22,23,25,27
jc301_81_5029 30 1,2,3,4,5;0,2,5,6,7,10,11,20,24;0,1,3,9,11,20,22,29;0,2,4,12,25,29;0,3,5,16,25;0,1,4,7,10,13,16,17;1,9,10,17,18,23,24,25;1,5,10,12,15,16,18,19,22;11,12,15,21,22,29;2,6,12,13,20;1,5,6,7,11,13,15,19,20,21,24,27,28,29;1,2,8,10,12,15,16,17,18,19,21,22,24;3,7,8,9,11,20,26,28,29;5,9,10,15,17,19,21,22,26;18,23,26,27,28;7,8,10,11,13,17,20,22,24;4,5,7,11,18,20,24,25,28;5,6,11,13,15,20,21,24,25,27,29;6,7,11,14,16,20,26,28;7,10,11,13,22,24;1,2,9,10,12,15,16,17,18,21,22,24,25;8,10,11,13,17,20,22;2,7,8,11,13,15,19,20,21,26,27,29;6,14,25,27,28,29;1,6,10,11,15,16,17,19,20;3,4,6,16,17,20,23,28,29;12,13,14,18,22,27;10,14,17,22,23,26,29;10,12,14,16,18,23,25;2,3,8,10,12,17,22,23,25,27
jc301_81_5035 30 1,2,3,4,5;0,2,5,6,7,10,11,20,24;0,1,3,9,11,20,22,29;0,2,4,12,25,29;0,3,5,16,25;0,1,4,7,10,13,16,17;1,9,10,17,18,23,24,25;1,5,10,12,15,16,18,19,22;11,12,15,21,22,29;2,6,12,13,20;1,5,6,7,11,13,15,19,20,21,24,27,28,29;1,2,8,10,12,15,16,17,18,19,21,22,24,25;3,7,8,9,11,20,26,28,29;5,9,10,15,17,19,21,22,26;18,23,26,27,28;7,8,10,11,13,17,20,22,24;4,5,7,11,18,20,24,25,28;5,6,11,13,15,20,21,24,25,27,29;6,7,11,14,16,20,26,28;7,10,11,13,22,24;1,2,9,10,12,15,16,17,18,21,22,24,25;8,10,11,13,17,20,22;2,7,8,11,13,15,19,20,21,26,27,29;6,14,25,27,28,29;1,6,10,11,15,16,17,19,20;3,4,6,11,16,17,20,23,28,29;12,13,14,18,22,27;10,14,17,22,23,26,29;10,12,14,16,18,23,25;2,3,8,10,12,17,22,23,25,27
jc301_81_5043 30 1,2,3,4,5;0,2,5,6,7,10,11,20,24;0,1,3,9,11,20,22,29;0,2,4,12,25,29;0,3,5,16,25;0,1,4,7,10,13,16,17;1,9,10,17,18,23,24,25;1,5,10,12,15,16,18,19,22;9,11,12,15,21,22,29;2,6,8,12,13,20;1,5,6,7,11,13,15,19,20,21,24,27,28,29;1,2,8,10,12,15,16,17,18,19,21,22,24,25;3,7,8,9,11,20,26,28,29;5,9,10,15,17,19,21,22,26;18,23,26,27,28;7,8,10,11,13,17,20,22,24;4,5,7,11,18,20,24,25,28;5,6,11,13,15,20,21,24,25,27,29;6,7,11,14,16,20,26,28;7,10,11,13,22,24;1,2,9,10,12,15,16,17,18,21,22,24,25;8,10,11,13,17,20,22;2,7,8,11,13,15,19,20,21,26,27,29;6,14,25,27,28,29;1,6,10,11,15,16,17,19,20;3,4,6,11,16,17,20,23,28,29;12,13,14,18,22,27;10,14,17,22,23,26,29;10,12,14,16,18,23,25;2,3,8,10,12,17,22,23,25,27
jc301_81_5046 30 1,2,3,4,5;0,2,5,6,7,10,11,20,24;0,1,3,9,11,20,22,29;0,2,4,12,25,29;0,3,5,16,25;0,1,4,7,10,13,16,17;1,9,10,17,18,19,23,24,25;1,5,10,12,15,16,18,19,22;9,11,12,15,21,22,29;2,6,8,12,13,20;1,5,6,7,11,13,15,19,20,21,24,27,28,29;1,2,8,10,12,15,16,17,18,19,21,22,24,25;3,7,8,9,11,20,26,28,29;5,9,10,15,17,19,21,22,26;18,23,26,27,28;7,8,10,11,13,17,20,22,24;4,5,7,11,18,20,24,25,28;5,6,11,13,15,20,21,24,25,27,29;6,7,11,14,16,20,26,28;6,7,10,11,13,22,24;1,2,9,10,12,15,16,17,18,21,22,24,25;8,10,11,13,17,20,22;2,7,8,11,13,15,19,20,21,26,27,29;6,14,25,27,28,29;1,6,10,11,15,16,17,19,20;3,4,6,11,16,17,20,23,28,29;12,13,14,18,22,27;10,14,17,22,23,26,29;10,12,14,16,18,23,25;2,3,8,10,12,17,22,23,25,27
jc301_81_5047 30 1,2,3,4,5;0,2,5,6,7,10,11,20,24;0,1,3,9,11,20,22,29;0,2,4,12,25,29;0,3,5,16,25;0,1,4,7,10,13,17;1,9,10,17,18,19,23,24,25;1,5,10,12,15,16,18,19,22;9,11,12,15,21,22,29;2,6,8,12,13,20,25;1,5,6,7,11,13,15,19,20,21,24,27,28,29;1,2,8,10,12,15,16,17,18,19,21,22,24,25;3,7,8,9,11,20,26,28,29;5,9,10,15,17,19,21,22,26;18,23,26,27,28;7,8,10,11,13,17,20,22,24;4,7,11,18,20,24,25,28;5,6,11,13,15,20,21,24,25,27,29;6,7,11,14,16,20,26,28;6,7,10,11,13,22,24;1,2,9,10,12,15,16,17,18,21,22,24,25;8,10,11,13,17,20,22;2,7,8,11,13,15,19,20,21,26,27,29;6,14,25,27,28,29;1,6,10,11,15,16,17,19,20;3,4,6,9,11,16,17,20,23,28,29;12,13,14,18,22,27;10,14,17,22,23,26,29;10,12,14,16,18,23,25;2,3,8,10,12,17,22,23,25,27
jc301_81_5050 30 1,2,3,4,5;0,2,5,6,7,10,11,20,24;0,1,3,11,20,22,29;0,2,4,12,25,29;0,3,5,16,25;0,1,4,7,10,13,17;1,9,10,17,18,19,23,24,25;1,5,10,12,15,16,18,19,22;9,11,12,15,21,22,29;6,8,12,13,20,25;1,5,6,7,11,13,15,19,20,21,24,27,28,29;1,2,8,10,12,15,16,17,18,19,21,22,24,25;3,7,8,9,11,20,26,28,29;5,9,10,15,17,19,21,22,26;18,23,26,27,28;7,8,10,11,13,17,20,22,24;4,7,11,18,20,24,25,28;5,6,11,13,15,20,21,24,25,27,29;6,7,11,14,16,20,26,28;6,7,10,11,13,22,24;1,2,9,10,12,15,16,17,18,21,22,24,25;8,10,11,13,17,20,22;2,7,8,11,13,15,19,20,21,26,27,29;6,14,25,27,28,29;1,6,10,11,15,16,17,19,20;3,4,6,9,11,16,17,20,23,28,29;12,13,14,18,22,27;10,14,17,22,23,26,29;10,12,14,16,18,23,25;2,3,8,10,12,17,22,23,25,27
jc301_81_5052 30 1,2,3,4,5;0,2,5,6,7,10,11,20,24;0,1,3,11,20,22,29;0,2,4,12,25,29;0,3,5,16,25;0,1,4,7,10,13,17;1,9,10,15,17,18,19,23,24,25;1,5,10,12,15,16,18,19,22;9,11,12,15,21,22,29;6,8,12,13,20,25;1,5,6,7,11,13,15,19,20,21,24,27,28,29;1,2,8,10,12,15,16,17,18,19,21,22,24,25;3,7,8,9,11,20,26,28,29;5,9,10,15,17,18,19,21,22,26;18,23,26,27,28;6,7,8,10,11,13,17,20,22,24;4,7,11,18,20,24,25,28;5,6,11,13,15,20,21,24,25,27,29;6,7,11,13,14,16,20,26,28;6,7,10,11,13,22,24;1,2,9,10,12,15,16,17,18,21,22,24,25;8,10,11,13,17,20,22;2,7,8,11,13,15,19,20,21,26,27,29;6,14,25,27,28,29;1,6,10,11,15,16,17,19,20;3,4,6,9,11,16,17,20,23,28,29;12,13,14,18,22,27;10,14,17,22,23,26,29;10,12,14,16,18,23,25;2,3,8,10,12,17,22,23,25,27
jc301_81_5057 30 1,2,3,4,5;0,2,5,6,7,10,11,20,24;0,1,3,11,20,22,29;0,2,4,12,25,29;0,3,5,16,25;0,1,4,7,10,13,17;1,9,10,15,17,18,19,23,24,25;1,5,10,12,15,16,18,19,22;9,11,12,15,21,22,29;6,8,12,13,20,25;1,5,6,7,11,13,15,19,20,21,24,27,28,29;1,2,8,10,12,15,16,17,18,19,21,22,24,25;3,7,8,9,11,20,26,28,29;5,9,10,15,17,18,19,21,22,26;18,23,26,27,28;6,7,8,10,11,13,17,20,22,24;4,7,11,18,20,24,25,28;5,6,11,13,15,20,21,24,25,27,29;6,7,11,13,14,16,20,26,28;6,7,10,11,13,22,24;1,2,9,10,12,15,16,17,18,21,22,24,25;8,10,11,13,17,20,22;2,7,8,11,13,15,19,20,21,26,27,29;6,14,25,27,28,29;1,6,10,11,15,16,17,19,20,29;3,4,6,9,11,16,17,20,23,28,29;12,13,14,18,22,27;10,14,17,22,23,26,29;10,12,14,16,18,23,25;2,3,8,10,12,17,22,23,24,25,27
jc301_81_5058 30 1,2,3,4,5;0,2,5,6,7,10,11,20,24;0,1,3,11,20,22,29;0,2,4,12,25,29;0,3,5,16,25;0,1,4,7,10,13,17;1,9,10,15,17,18,19,23,24;1,5,10,12,15,16,18,19,22;9,11,12,15,21,22,29;6,8,12,13,20,25;1,5,6,7,13,15,19,20,21,24,27,28,29;1,2,8,12,15,16,17,18,19,21,22,24,25;3,7,8,9,11,20,26,28,29;5,9,10,15,17,18,19,21,22,26;18,23,26,27,28;6,7,8,10,11,13,17,20,22,24;4,7,11,18,20,24,25,28;5,6,11,13,15,20,21,24,25,27,29;6,7,11,13,14,16,20,26,28;6,7,10,11,13,22,24;1,2,9,10,12,15,16,17,18,21,22,24,25;8,10,11,13,17,20,22;2,7,8,11,13,15,19,20,21,26,27,29;6,14,25,27,28,29;1,6,10,11,15,16,17,19,20,29;3,4,9,11,16,17,20,23,28,29;12,13,14,18,22,27;10,14,17,22,23,26,29;10,12,14,16,18,23,25;2,3,8,10,12,17,22,23,24,25,27
jc301_81_5061 30 1,2,3,4,5;0,2,5,6,7,10,11,20,24;0,1,3,11,20,22,29;0,2,4,12,25,29;0,3,5,16,25;0,1,4,7,10,13,17;1,9,10,15,17,18,19,23,24;1,5,10,12,15,16,18,19,22;9,11,12,15,21,22,29;6,8,11,12,13,20,25;1,5,6,7,13,15,19,20,21,24,27,28,29;1,2,8,9,12,15,16,17,18,19,21,22,24,25;3,7,8,9,11,20,26,28,29;5,9,10,15,17,18,19,21,22,26;18,23,26,27,28;6,7,8,10,11,13,17,20,22,24;4,7,11,18,20,24,25,28;5,6,11,13,15,20,21,24,25,27,29;6,7,11,13,14,16,20,26,28;6,7,10,11,13,22,24;1,2,9,10,12,15,16,17,18,21,22,24,25;8,10,11,13,17,20,22;2,7,8,11,13,15,19,20,21,26,27,29;6,14,25,27,28,29;1,6,10,11,15,16,17,19,20,29;3,4,9,11,16,17,20,23,28,29;12,13,14,18,22,27;10,14,17,22,23,26,29;10,12,14,16,18,23,25;2,3,8,10,12,17,22,23,24,25,27
jc301_81_5063 30 1,2,3,4,5;0,2,5,6,7,10,11,20,24;0,1,3,11,20,22,29;0,2,4,12,25,29;0,3,5,16,25;0,1,4,7,10,13,17;1,9,10,15,17,18,19,23,24;1,5,10,12,15,16,18,19,22;9,11,12,15,21,22,29;6,8,11,12,13,25;1,5,6,7,13,15,19,20,21,24,27,28,29;1,2,8,9,12,15,16,17,18,19,21,22,24,25;3,7,8,9,11,20,26,28,29;5,9,10,15,17,18,19,21,22,26;18,23,26,27,28;6,7,8,10,11,13,17,20,22,24;4,7,11,18,20,24,25,28;5,6,11,13,15,20,21,24,25,27,29;6,7,11,13,14,16,20,26,28;6,7,10,11,13,22,24;1,2,10,12,15,16,17,18,21,22,24,25;8,10,11,13,17,20,22;2,7,8,11,13,15,19,20,21,26,27,29;6,14,25,27,28,29;1,6,10,11,15,16,17,19,20,29;3,4,9,11,16,17,20,23,28,29;12,13,14,18,22,27;10,14,17,22,23,26,29;10,12,14,16,18,23,25;2,3,8,10,12,17,22,23,24,25,27
jc301_81_5065 30 1,2,3,4,5;0,2,5,6,7,10,11,20,24;0,1,3,11,20,22,29;0,2,4,12,25,29;0,3,5,16,25;0,1,4,7,10,13,17;1,9,10,15,17,18,19,23,24;1,5,10,12,15,16,18,19,22;9,11,12,15,21,22,29;6,8,11,12,13,25;1,5,6,7,13,15,19,20,21,24,27,28,29;1,2,8,9,12,15,16,17,18,19,21,22,24,25;3,7,8,9,11,20,26,28,29;5,9,10,15,17,18,19,21,22,26;18,23,26,27,28;6,7,8,10,11,13,17,20,22,24;4,7,11,18,20,24,25,28;5,6,11,13,15,20,21,25,27,29;6,7,11,13,14,16,20,26,28;6,7,10,11,13,22,24;1,2,10,12,15,16,17,18,21,22,24,25;8,10,11,13,17,20,22;2,7,8,11,13,15,19,20,21,26,27,29;6,14,25,27,28,29;1,6,10,11,15,16,19,20,29;3,4,9,11,16,17,20,23,28,29;12,13,14,18,22,27;10,14,17,22,23,26,29;10,12,14,16,18,23,25;2,3,8,10,12,17,22,23,24,25,27
jc301_81_5068 30 1,2,3,4,5;0,2,5,6,7,10,11,20,24;0,1,3,11,20,22,29;0,2,4,12,25,29;0,3,5,16,25;0,1,4,7,10,13,17;1,9,10,15,17,18,19,23,24;1,5,10,12,15,16,18,19,22;9,11,12,15,21,22,29;6,8,11,12,13,25;1,5,6,7,13,15,19,20,21,24,27,28,29;1,2,8,9,12,15,16,18,19,21,22,24,25;3,7,8,9,11,20,26,28,29;5,9,10,15,17,18,19,21,22,26;18,23,26,27,28;6,7,8,10,11,13,17,20,22,24;4,7,11,18,20,24,25,28;5,6,13,15,20,21,25,27,29;6,7,11,13,14,16,20,26,28;6,7,10,11,13,22,24;1,2,10,12,15,16,17,18,21,22,24,25;8,10,11,13,17,20,22;2,7,8,11,13,15,19,20,21,26,27,29;6,14,25,27,28,29;1,6,10,11,15,16,19,20,29;3,4,9,11,16,17,20,23,28,29;12,13,14,18,22,27;10,14,17,22,23,26,29;10,12,14,16,18,23,25;2,3,8,10,12,17,22,23,24,25,27
jc301_81_5069 30 1,2,3,4,5;0,2,5,6,7,10,11,20,24;0,1,3,11,20,22,29;0,2,4,12,25,29;0,3,5,16,25;0,1,4,7,10,13,17;1,9,10,15,17,18,19,23,24;1,5,10,12,15,16,18,19,22;9,11,12,15,21,22,29;6,8,12,13,25;1,5,6,7,13,15,19,20,21,24,27,28,29;1,2,8,12,15,16,18,19,21,22,24,25;3,7,8,9,11,20,26,28,29;5,9,10,15,17,18,19,21,22,26;18,23,26,27,28;6,7,8,10,11,13,17,20,22,24;4,7,11,18,20,24,25,28;5,6,13,15,20,21,25,27,29;6,7,11,13,14,16,20,26,28;6,7,10,11,13,22,24;1,2,10,12,15,16,17,18,21,22,24,25;8,10,11,13,17,20,22;2,7,8,11,13,15,19,20,21,26,27,29;6,14,25,27,28,29;1,6,10,11,15,16,19,20,29;3,4,9,11,16,17,20,23,28,29;12,13,14,18,22,27;10,14,17,22,23,26,29;10,12,14,16,18,23,25;2,3,8,10,12,17,22,23,24,25,27
jc301_81_5093 30 1,2,3,4,5;0,2,5,6,7,10,11,20,24;0,1,3,11,20,22,29;0,2,4,12,25,29;0,3,5,16,25;0,1,4,7,10,13,17;1,9,10,15,17,18,19,23,24;1,5,10,12,15,16,18,19,22;9,11,12,15,21,22,29;6,8,12,13,25;1,5,6,7,13,15,19,20,21,24,27,28,29;1,2,8,12,15,16,18,19,21,22,24,25;3,7,8,9,11,20,26,28,29;5,9,10,15,17,18,19,21,22,26;18,23,26,27,28;6,7,8,10,11,13,17,20,22,24;4,7,11,18,20,24,25,28;5,6,13,15,20,21,25,27,29;6,7,11,13,14,16,20,26,28;6,7,10,11,13,22,24;1,2,10,12,15,16,17,18,21,22,24,25;8,10,11,13,17,20,22;2,7,8,11,13,15,19,20,21,26,27,29;6,14,25,27,28,29;1,6,10,11,15,16,19,20;3,4,9,11,16,17,20,23,28,29;12,13,14,18,22,27;10,14,17,22,23,26,29;10,12,14,16,18,23,25;2,3,8,10,12,17,22,23,25,27
jc301_81_5095 30 1,2,3,4,5;0,2,5,6,7,10,11,20,24;0,1,3,11,20,22,29;0,2,4,12,25,29;0,3,5,16,25;0,1,4,7,10,13,17;1,9,10,15,17,18,19,23,24;1,5,10,12,15,16,18,19,22;9,11,12,15,21,22,29;6,8,12,13,25;1,5,6,7,13,15,19,20,21,24,27,28,29;1,2,8,12,15,16,18,19,21,22,24,25;3,7,8,9,11,20,26,28,29;5,9,10,15,17,18,19,21,22,26;18,23,26,27,28;6,7,8,10,11,13,17,20,22,24;4,7,11,18,20,24,25,28;5,6,13,15,20,21,24,25,27,29;6,7,11,13,14,16,20,26,28;6,7,10,11,13,22,24;1,2,10,12,15,16,17,18,21,22,24,25;8,10,11,13,17,20,22;2,7,8,11,13,15,19,20,21,26,27,29;6,14,25,27,28,29;1,6,10,11,15,16,17,19,20;3,4,9,11,16,17,20,23,28,29;12,13,14,18,22,27;10,14,17,22,23,26,29;10,12,14,16,18,23,25;2,3,8,10,12,17,22,23,25,27
jc301_81_5109 30 1,2,3,4,5;0,2,5,6,7,10,11,20,24;0,1,3,11,20,22,29;0,2,4,12,25,29;0,3,5,16,25;0,1,4,7,10,13,17;1,9,10,15,17,18,19,23,24;1,5,10,12,15,16,18,19,22;9,11,12,15,21,22,29;6,8,12,13,25;1,5,6,7,13,15,19,20,21,24,27,28,29;1,2,8,12,15,16,18,19,21,22,24,25;3,7,8,9,11,20,26,28,29;5,9,10,15,17,18,21,22,26;18,23,26,27,28;6,7,8,10,11,13,17,20,22,24;4,7,11,18,20,24,25,28;5,6,13,15,20,21,24,25,27,29;6,7,11,13,14,16,20,26,28;6,7,10,11,22,24;1,2,10,12,15,16,17,18,21,22,24,25;8,10,11,13,17,20,22;2,7,8,11,13,15,19,20,21,26,27,29;6,14,25,27,28,29;1,6,10,11,15,16,17,19,20;3,4,9,11,16,17,20,23,28,29;12,13,14,18,22,27;10,14,17,22,23,26,29;10,12,14,16,18,23,25;2,3,8,10,12,17,22,23,25,27
jc301_81_5111 30 1,2,3,4,5;0,2,5,6,7,10,11,20,24;0,1,3,11,20,22,29;0,2,4,12,25,29;0,3,5,16,25;0,1,4,7,10,13,17;1,9,10,15,17,18,19,23,24;1,5,10,12,15,16,18,19,22;9,11,12,15,21,22,29;6,8,12,13,25;1,5,6,7,13,15,19,20,21,24,27,28,29;1,2,8,12,15,16,18,19,21,22,24,25;3,7,8,9,11,20,26,28,29;5,9,10,15,17,18,21,22,26;18,23,26,27,28;6,7,8,10,11,13,17,20,22,24;4,7,11,18,20,24,25,28;5,6,13,15,20,21,24,25,27,29;6,7,11,13,14,16,20,26,28;6,7,10,11,24;1,2,10,12,15,16,17,18,21,22,24,25;8,10,11,13,17,20,22;2,7,8,11,13,15,20,21,26,27,29;6,14,25,27,28,29;1,6,10,11,15,16,17,19,20;3,4,9,11,16,17,20,23,28,29;12,13,14,18,22,27;10,14,17,22,23,26,29;10,12,14,16,18,23,25;2,3,8,10,12,17,22,23,25,27
jc301_81_5114 30 1,2,3,4,5;0,2,5,6,7,10,11,20,24;0,1,3,11,20,22,29;0,2,4,12,25,29;0,3,5,16,25;0,1,4,7,10,13,17;1,9,10,15,17,18,19,23,24;1,5,10,12,15,16,18,19,22;9,11,12,15,21,22,29;6,8,12,13,25;1,5,6,7,13,15,19,20,24,27,28,29;1,2,8,12,15,16,18,19,21,22,24,25;3,7,8,9,11,20,26,28,29;5,9,10,15,17,18,21,22,26;18,23,26,27,28;6,7,8,10,11,13,17,20,22,24;4,7,11,18,20,24,25,28;5,6,13,15,20,21,24,25,27,29;6,7,11,13,14,16,20,26,28;6,7,10,11,24;1,2,10,12,15,16,17,18,21,22,24,25;8,11,13,17,20,22;2,7,8,11,13,15,20,21,26,27,29;6,14,25,27,28,29;1,6,10,11,15,16,17,19,20;3,4,9,11,16,17,20,23,28,29;12,13,14,18,22,27;10,14,17,22,23,26,29;10,12,14,16,18,23,25;2,3,8,10,12,17,22,23,25,27
jc301_81_5121 30 1,2,3,4,5;0,2,5,6,7,10,11,20,24;0,1,3,11,20,22,29;0,2,4,12,25,29;0,3,5,16,25;0,1,4,7,10,13,17;1,9,10,15,17,18,19,23,24;1,5,10,12,15,16,18,19,22;9,11,12,15,21,22,29;6,8,12,13,25;1,5,6,7,13,15,19,20,24,27,28,29;1,2,8,12,15,16,18,19,21,22,23,24,25;3,7,8,9,11,20,26,28,29;5,9,10,15,17,18,21,22,26;18,23,26,27,28;6,7,8,10,11,13,17,20,22,24;4,7,11,18,20,24,25,28;5,6,13,15,20,21,24,25,27,29;6,7,11,13,14,16,20,26,28;6,7,10,11,24;1,2,10,12,15,16,17,18,21,22,24,25;8,11,13,17,20,22;2,7,8,11,13,15,20,21,26,27,29;6,11,14,25,27,28,29;1,6,10,11,15,16,17,19,20;3,4,9,11,16,17,20,23,28,29;12,13,14,18,22,27;10,14,17,22,23,26,29;10,12,14,16,18,23,25;2,3,8,10,12,17,22,23,25,27
jc301_81_5149 30 1,2,3,4,5;0,2,5,6,7,10,11,20,24;0,1,3,11,20,22,29;0,2,4,12,25,29;0,3,5,16,25;0,1,4,7,10,13,17;1,9,10,15,17,18,19,23,24;1,5,10,12,15,16,18,19,22;9,11,12,15,21,22,29;6,8,12,13,25;1,5,6,7,13,15,19,20,24,27,28,29;1,2,8,12,15,16,18,19,21,22,23,24,25;3,7,8,9,11,20,26,28,29;5,9,10,15,17,18,21,22,26;18,23,26,27,28;6,7,8,10,11,13,17,20,22,24;4,7,11,18,20,24,25,28;5,6,13,15,20,24,25,27,29;6,7,11,13,14,16,20,26,28;6,7,10,11,24;1,2,10,12,15,16,17,18,21,22,24,25;8,11,13,20,22;2,7,8,11,13,15,20,21,26,27,29;6,11,14,25,27,28,29;1,6,10,11,15,16,17,19,20;3,4,9,11,16,17,20,23,28,29;12,13,14,18,22,27;10,14,17,22,23,26,29;10,12,14,16,18,23,25;2,3,8,10,12,17,22,23,25,27
jc301_81_5155 30 1,2,3,4,5;0,2,5,6,7,10,11,20,24;0,1,3,11,20,22;0,2,4,12,25,29;0,3,5,16,25;0,1,4,7,10,13,17;1,9,10,15,17,18,19,23,24;1,5,10,12,15,16,18,19,22;9,11,12,15,21,22,29;6,8,12,13,25;1,5,6,7,13,15,19,20,24,27,28,29;1,2,8,12,15,16,18,19,21,22,23,24,25;3,7,8,9,11,20,26,28,29;5,9,10,15,17,18,21,22,26;18,23,26,27,28;6,7,8,10,11,13,17,20,22,24;4,7,11,18,20,24,25,28;5,6,13,15,20,24,25,27,29;6,7,11,13,14,16,20,26,28;6,7,10,11,24;1,2,10,12,15,16,17,18,21,22,24,25;8,11,13,20,22;2,7,8,11,13,15,20,21,26,27,29;6,11,14,25,27,28,29;1,6,10,11,15,16,17,19,20;3,4,9,11,16,17,20,23,28,29;12,13,14,18,22,27;10,14,17,22,23,26,29;10,12,14,16,18,23,25;3,8,10,12,17,22,23,25,27
jc301_81_5157 30 1,2,3,4,5;0,2,5,6,7,10,11,20,24;0,1,3,11,20,22;0,2,4,12,25,29;0,3,5,16,25;0,1,4,7,10,13,17;1,9,10,15,17,18,19,23,24;1,5,10,12,15,16,18,19,22;9,11,12,15,21,22,29;6,8,12,13,25;1,5,6,7,13,15,19,20,24,27,28,29;1,2,8,12,15,16,18,19,21,22,23,24,25;3,7,8,9,11,20,26,28,29;5,9,10,15,17,18,21,22,26;18,23,26,27,28;6,7,8,10,11,13,17,20,22,24;4,7,11,18,20,24,25,28;5,6,13,15,20,24,25,27,29;6,7,11,13,14,16,20,26,28;6,7,10,11,24;1,2,10,12,15,16,17,18,22,24,25;8,11,13,22;2,7,8,11,13,15,20,21,26,27,29;6,11,14,25,27,28,29;1,6,10,11,15,16,17,19,20;3,4,9,11,16,17,20,23,28,29;12,13,14,18,22,27;10,14,17,22,23,26,29;10,12,14,16,18,23,25;3,8,10,12,17,22,23,25,27
jc301_81_5167 30 1,2,3,4,5;0,2,5,6,7,10,11,20,24;0,1,3,11,20,22;0,2,4,12,25,29;0,3,5,16,25;0,1,4,7,13,17;1,9,10,15,17,18,19,23,24;1,5,10,12,15,16,18,19,22;9,11,12,15,21,22,29;6,8,12,13,25;1,6,7,13,15,19,20,24,27,28,29;1,2,8,12,15,16,18,19,21,22,23,24,25;3,7,8,9,11,20,26,28,29;5,9,10,15,17,18,21,22,26;18,23,26,27,28;6,7,8,10,11,13,17,20,22,24;4,7,11,18,20,24,25,28;5,6,13,15,20,24,25,27,29;6,7,11,13,14,16,20,26,28;6,7,10,11,24;1,2,10,12,15,16,17,18,22,24,25;8,11,13,22;2,7,8,11,13,15,20,21,26,27,29;6,11,14,25,27,28,29;1,6,10,11,15,16,17,19,20;3,4,9,11,16,17,20,23,28,29;12,13,14,18,22,27;10,14,17,22,23,26,29;10,12,14,16,18,23,25;3,8,10,12,17,22,23,25,27
jc301_81_5190 30 1,2,3,4,5;0,2,5,6,7,10,11,20,24;0,1,3,11,20,22;0,2,4,12,25,29;0,3,5,16,25;0,1,4,7,13,17;1,9,10,15,17,18,19,23,24;1,5,10,12,15,16,18,19,22;9,11,12,15,21,22,29;6,8,12,13,25;1,6,7,13,15,19,20,24,27,28,29;1,2,8,12,16,18,19,21,22,23,24,25;3,7,8,9,11,20,26,28,29;5,9,10,15,17,18,21,22,26;18,23,26,27,28;6,7,8,10,13,17,20,22,24;4,7,11,18,20,24,25,28;5,6,13,15,20,24,25,27,29;6,7,11,13,14,16,20,26,28;6,7,10,11,24;1,2,10,12,15,16,17,18,22,24,25;8,11,13,22;2,7,8,11,13,15,20,21,26,27,29;6,11,14,25,27,28,29;1,6,10,11,15,16,17,19,20;3,4,9,11,16,17,20,23,28,29;12,13,14,18,22,27;10,14,17,22,23,26,29;10,12,14,16,18,23,25;3,8,10,12,17,22,23,25,27
jc301_81_5194 30 1,2,3,4,5;0,2,5,6,7,10,11,20,24;0,1,3,11,20,21,22;0,2,4,12,25,29;0,3,5,16,25;0,1,4,7,13,17;1,9,10,15,17,18,19,23,24;1,5,10,12,15,16,18,19,22;9,11,12,15,21,22,29;6,8,12,13,25;1,6,7,13,15,19,20,24,27,28,29;1,2,8,12,16,18,19,21,22,23,24,25;3,7,8,9,11,20,26,28,29;5,9,10,15,17,18,21,22,26;18,23,26,27,28;6,7,8,10,13,17,20,22,24;4,7,11,18,20,24,25,28;5,6,13,15,20,24,25,27,29;6,7,11,13,14,16,20,26,28;6,7,10,11,24;1,2,10,12,15,16,17,18,22,24,25;2,8,11,13,22;2,7,8,11,13,15,20,21,26,27,29;6,11,14,25,27,28,29;1,6,10,11,15,16,17,19,20;3,4,9,11,16,17,20,23,28,29;12,13,14,18,22,27;10,14,17,22,23,26,29;10,12,14,16,18,23,25;3,8,10,12,17,22,23,25,27
jc301_81_5200 30 1,2,3,4,5;0,2,5,6,7,10,11,20,24;0,1,3,11,20,21,22;0,2,4,12,25,29;0,3,5,16,25;0,1,4,7,13,17;1,9,10,15,17,18,19,21,23,24;1,5,10,12,15,16,18,19,22;9,11,12,15,21,22,29;6,8,12,13,25;1,6,7,13,15,19,20,24,27,28,29;1,2,8,12,16,18,19,21,22,23,24,25;3,7,8,9,11,20,26,28,29;5,9,10,15,17,18,21,22,26;18,23,26,27,28;6,7,8,10,13,17,20,22,24;4,7,11,18,20,24,25,28;5,6,13,15,20,24,25,27,29;6,7,11,13,14,16,20,26,28;6,7,10,11,24;1,2,10,12,15,16,17,18,22,24,25;2,6,8,11,13,22;2,7,8,11,13,15,20,21,26,27,29;6,11,14,25,27,28,29;1,6,10,11,15,16,17,19,20;3,4,9,11,16,17,20,23,28,29;12,13,14,18,22,27;10,14,17,22,23,26,29;10,12,14,16,18,23,25;3,8,10,12,17,22,23,25,27
jc301_81_5210 30 1,2,3,4,5;0,2,5,6,7,10,11,20,24;0,1,3,11,20,21,22;0,2,4,12,25,29;0,3,5,16,25;0,1,4,7,13,17,21;1,9,10,15,17,18,19,21,23,24;1,5,10,12,15,16,18,19,22;9,11,12,15,21,22,29;6,8,12,13,25;1,6,7,13,15,19,20,24,27,28,29;1,2,8,12,16,18,19,21,22,23,24,25;3,7,8,9,11,20,26,28,29;5,9,10,15,17,18,21,22,26;18,23,26,27,28;6,7,8,10,13,17,20,22,24;4,7,11,18,20,24,25,28;5,6,13,15,20,24,25,27,29;6,7,11,13,14,16,20,26,28;6,7,10,11,24;1,2,10,12,15,16,17,18,22,24,25;2,5,6,8,11,13,22;2,7,8,11,13,15,20,21,26,27,29;6,11,14,25,27,28,29;1,6,10,11,15,16,17,19,20;3,4,9,11,16,17,20,23,28,29;12,13,14,18,22,27;10,14,17,22,23,26,29;10,12,14,16,18,23,25;3,8,10,12,17,22,23,25,27
jc301_81_5211 30 1,2,3,4,5;0,2,5,6,7,10,20,24;0,1,3,11,20,21,22;0,2,4,12,25,29;0,3,5,16,25;0,1,4,7,13,17,21;1,9,10,15,17,18,19,21,23,24;1,5,10,12,15,16,18,19,22;9,11,12,15,21,22,29;6,8,12,13,25;1,6,7,13,15,19,20,24,27,28,29;2,8,12,16,18,19,21,22,23,24,25;3,7,8,9,11,20,26,28,29;5,9,10,15,17,18,21,22,26;18,23,26,27,28;6,7,8,10,13,17,20,22,24;4,7,11,18,20,24,25,28;5,6,13,15,20,24,25,27,29;6,7,11,13,14,16,20,26,28;6,7,10,11,24;1,2,10,12,15,16,17,18,22,24,25;2,5,6,8,11,13,22;2,7,8,11,13,15,20,21,26,27,29;6,11,14,25,27,28,29;1,6,10,11,15,16,17,19,20;3,4,9,11,16,17,20,23,28,29;12,13,14,18,22,27;10,14,17,22,23,26,29;10,12,14,16,18,23,25;3,8,10,12,17,22,23,25,27
jc301_81_5212 30 1,2,3,4,5;0,2,5,6,7,10,20,24;0,1,3,11,20,21,22;0,2,4,12,25,29;0,3,5,16,25;0,1,4,7,13,17,21;1,9,10,15,17,18,19,21,22,23,24;1,5,10,12,15,16,18,19,22;9,11,12,15,21,22,29;6,8,12,13,25;1,6,7,13,15,19,20,24,27,28,29;2,8,12,16,18,19,21,22,23,24,25;3,7,8,9,11,20,26,28,29;5,9,10,15,17,18,21,22,26;18,23,26,27,28;6,7,8,10,13,17,20,22,24;4,7,11,18,20,24,25,28;5,6,13,15,20,24,25,27,29;6,7,11,13,14,16,20,26,28;6,7,10,11,20,24;1,2,10,12,15,16,17,18,19,22,24,25;2,5,6,8,11,13,22;2,6,7,8,11,13,15,20,21,26,27,29;6,11,14,25,27,28,29;1,6,10,11,15,16,17,19,20;3,4,9,11,16,17,20,23,28,29;12,13,14,18,22,27;10,14,17,22,23,26,29;10,12,14,16,18,23,25;3,8,10,12,17,22,23,25,27
jc301_81_5219 30 1,2,3,4,5;0,2,5,6,7,10,20,24;0,1,3,11,20,21,22;0,2,4,12,25,29;0,3,5,16,25;0,1,4,7,13,17,21;1,9,10,15,17,18,19,21,22,23,24;1,5,10,12,15,16,18,19,22;9,11,12,15,21,22,29;6,8,12,13,25;1,6,7,13,15,19,20,24,27,28,29;2,8,12,16,18,19,21,23,24,25;3,7,8,9,11,20,26,28,29;5,9,10,15,17,18,21,22,26;18,23,26,27,28;6,7,8,10,13,17,20,22,24;4,7,11,18,20,24,25,28;5,6,13,15,20,24,25,27,29;6,7,11,13,14,16,20,26,28;6,7,10,11,20,24;1,2,10,12,15,16,17,18,19,22,24,25;2,5,6,8,11,13,22;2,6,7,8,13,15,20,21,26,27,29;6,11,14,25,27,28,29;1,6,10,11,15,16,17,19,20;3,4,9,11,16,17,20,23,28,29;12,13,14,18,22,27;10,14,17,22,23,26,29;10,12,14,16,18,23,25;3,8,10,12,17,22,23,25,27
jc301_81_5220 30 1,2,3,4,5;0,2,5,6,7,10,20,24;0,1,3,11,20,21,22;0,2,4,12,25,29;0,3,5,16,25;0,1,4,7,13,17,21;1,9,10,15,17,18,19,21,22,23,24;1,5,10,12,15,16,18,19,22;9,11,12,15,21,22,29;6,8,12,13;1,6,7,13,15,19,20,24,27,28,29;2,8,12,16,18,19,21,23,24,25;3,7,8,9,11,20,26,28,29;5,9,10,15,17,18,21,22,26;18,23,26,27,28;6,7,8,10,13,17,20,22,24;4,7,11,18,20,24,25,28;5,6,13,15,20,24,25,27,29;6,7,11,13,14,16,20,26,28;6,7,10,11,20,24;1,2,10,12,15,16,17,18,19,22,24,25;2,5,6,8,11,13,22;2,6,7,8,13,15,20,21,26,27,29;6,11,14,25,27,28,29;1,6,10,11,15,16,17,19,20;3,4,11,16,17,20,23,28,29;12,13,14,18,22,27;10,14,17,22,23,26,29;10,12,14,16,18,23,25;3,8,10,12,17,22,23,25,27
jc301_81_5225 30 1,2,3,4,5;0,2,5,6,7,10,20,24;0,1,3,11,20,21,22;0,2,4,12,25,29;0,3,5,16,25;0,1,4,7,13,17,21;1,8,9,10,15,17,18,19,21,22,23,24;1,5,10,12,15,16,18,19,22;6,9,11,12,15,21,22,29;6,8,12,13;1,6,7,13,15,19,20,24,27,28,29;2,8,12,16,18,19,21,23,24,25;3,7,8,9,11,20,26,28,29;5,9,10,15,17,18,21,22,26;18,23,26,27,28;6,7,8,10,13,17,20,22,24;4,7,11,18,20,24,25,28;5,6,13,15,20,24,25,27,29;6,7,11,13,14,16,20,26,28;6,7,10,11,20,24;1,2,10,12,15,16,17,18,19,22,24,25;2,5,6,8,11,13,22;2,6,7,8,13,15,20,21,26,27,29;6,11,14,25,27,28,29;1,6,10,11,15,16,17,19,20;3,4,11,16,17,20,23,28,29;12,13,14,18,22,27;10,14,17,22,23,26,29;10,12,14,16,18,23,25;3,8,10,12,17,22,23,25,27
jc301_81_5236 30 1,2,3,4,5;0,2,5,6,7,10,20,24;0,1,3,11,20,21,22;0,2,4,12,25,29;0,3,5,16,25;0,1,4,7,13,17,21;1,8,9,10,15,17,18,19,21,22,23,24;1,5,10,12,15,16,18,19,22;6,9,11,12,15,21,22,29;6,8,12,13;1,6,7,13,15,19,20,24,27,28,29;2,8,12,16,18,19,21,23,24,25;3,7,8,9,11,20,26,28,29;5,9,10,15,17,18,21,22,26;18,23,26,27,28;6,7,8,10,13,17,20,22,24;4,7,11,18,20,24,25,28;5,6,13,15,20,24,25,27,29;6,7,11,13,14,16,20,26,28;6,7,10,11,20,24;1,2,10,12,15,16,17,18,19,22,24;2,5,6,8,11,13,22;2,6,7,8,13,15,20,21,26,27,29;6,11,14,25,27,28,29;1,6,10,11,15,16,17,19,20;3,4,11,16,17,23,28,29;12,13,14,18,22,27;10,14,17,22,23,26,29;10,12,14,16,18,23,25;3,8,10,12,17,22,23,25,27
jc301_81_5246 30 1,2,3,4,5;0,2,5,6,7,10,20,24;0,1,3,11,20,21,22;0,2,4,12,25,29;0,3,5,16,25;0,1,4,7,13,17,21;1,8,9,10,15,17,18,19,21,22,23,24;1,5,10,12,15,16,18,19,22;6,9,11,12,15,21,22,29;6,8,12,13;1,6,7,13,15,19,20,24,27,28,29;2,8,12,16,18,19,21,23,24,25;3,7,8,9,11,13,20,26,28,29;5,9,10,12,15,17,18,21,22,26;18,23,26,27,28;6,7,8,10,13,17,20,22,24;4,7,11,18,20,24,25,28;5,6,13,15,20,24,25,27,29;6,7,11,13,14,16,20,26,28;6,7,10,11,20,24;1,2,10,12,15,16,17,18,19,22,24;2,5,6,8,11,13,22;2,6,7,8,13,15,20,21,26,27,29;6,11,14,25,27,28,29;1,6,10,11,15,16,17,19,20;3,4,11,16,17,23,28,29;12,13,14,18,22,27;10,14,17,22,23,26,29;10,12,14,16,18,23,25;3,8,10,12,17,22,23,25,27
jc301_81_5249 30 1,2,3,4,5;0,2,5,6,7,10,20,24;0,1,3,11,20,21,22;0,2,4,12,25,29;0,3,5,16,25;0,1,4,7,13,17,21;1,8,9,10,15,17,18,19,21,22,23,24;1,5,10,12,15,16,18,19,22;6,9,11,12,15,21,22,29;6,8,12,13;1,6,7,13,15,19,20,24,27,28,29;2,8,12,16,18,19,21,23,24,25;3,7,8,9,11,13,20,26,28,29;5,9,10,12,15,17,18,21,22,26;18,23,26,27,28;6,7,8,10,13,17,20,22,24;4,7,11,18,20,24,25,28;5,6,13,15,20,24,27,29;6,7,11,13,14,16,20,26,28;6,7,10,11,20,24;1,2,10,12,15,16,17,18,19,22,24;2,5,6,8,11,13,22;2,6,7,8,13,15,20,21,26,27,29;6,11,14,25,27,28,29;1,6,10,11,15,16,17,19,20;3,4,11,16,23,28,29;12,13,14,18,22,27;10,14,17,22,23,26,29;10,12,14,16,18,23,25;3,8,10,12,17,22,23,25,27
jc301_81_5260 30 1,2,3,4,5;0,2,5,6,7,10,20,24;0,1,3,11,20,21,22;0,2,4,12,25,29;0,3,5,16,25;0,1,4,7,13,17,21;1,8,9,10,15,17,18,19,21,22,23,24;1,5,10,12,15,16,18,19,22;6,9,11,12,15,21,22,29;6,8,12;1,6,7,13,15,19,20,24,27,28,29;2,8,12,16,18,19,21,23,24,25;3,7,8,9,11,13,20,26,28,29;5,10,12,15,17,18,21,22,26;18,23,26,27,28;6,7,8,10,13,17,20,22,24;4,7,11,18,20,24,25,28;5,6,13,15,20,24,27,29;6,7,11,13,14,16,20,26,28;6,7,10,11,20,24;1,2,10,12,15,16,17,18,19,22,24;2,5,6,8,11,13,22;2,6,7,8,13,15,20,21,26,27,29;6,11,14,25,27,28,29;1,6,10,11,15,16,17,19,20;3,4,11,16,23,28,29;12,13,14,18,22,27;10,14,17,22,23,26,29;10,12,14,16,18,23,25;3,8,10,12,17,22,23,25,27
jc301_81_5269 30 1,2,3,4,5;0,2,5,6,7,10,20,24;0,1,3,11,20,21,22;0,2,4,12,25,29;0,3,5,16,25;0,1,4,7,13,17,21;1,8,9,10,15,17,18,19,21,22,23,24;1,5,10,12,15,16,18,19,22;6,9,11,12,15,21,22,29;6,8,12;1,6,7,13,15,19,20,24,27,28,29;2,8,12,16,18,19,21,23,24,25;3,7,8,9,11,13,20,26,28,29;5,10,12,15,17,18,21,22,26;18,23,26,27,28;6,7,8,10,13,17,20,22,24;4,7,11,18,20,24,25,28;5,6,13,15,20,24,25,27,29;6,7,11,13,14,16,20,26,28;6,7,10,11,20,24;1,2,10,12,15,16,17,18,19,22,24;2,5,6,8,11,13,22;2,6,7,8,13,15,20,21,26,27,29;6,11,14,25,27,28,29;1,6,10,11,15,16,17,19,20;3,4,11,16,17,23,28,29;12,13,14,18,22,27;10,14,17,22,23,26,29;10,12,14,16,18,23,25;3,8,10,12,17,22,23,25,27
jc301_81_5276 30 1,2,3,4,5;0,2,5,6,7,10,20,24;0,1,3,11,20,21,22;0,2,4,12,25,29;0,3,5,16,25;0,1,4,7,13,17,21;1,8,9,10,15,17,18,19,21,22,23,24;1,5,10,12,15,16,18,19,22;6,9,11,12,15,21,22,29;6,8,12;1,6,7,13,15,19,20,21,24,27,28,29;2,8,12,16,18,19,21,23,24,25;3,7,8,9,11,13,20,26,28,29;5,10,12,15,17,18,21,22,26;18,23,26,27,28;6,7,8,10,13,17,20,22,24;4,7,11,18,20,24,25,28;5,6,13,15,20,24,25,27,29;6,7,11,13,14,16,20,26,28;6,7,10,11,20,24;1,2,10,12,15,16,17,18,19,22,24;2,5,6,8,10,11,13,22;2,6,7,8,13,15,20,21,26,27,29;6,11,14,25,27,28,29;1,6,10,11,15,16,17,19,20;3,4,11,16,17,23,28,29;12,13,14,18,22,27;10,14,17,22,23,26,29;10,12,14,16,18,23,25;3,8,10,12,17,22,23,25,27
jc301_81_5291 30 1,2,3,4,5;0,2,5,6,7,10,20,24;0,1,3,11,20,21,22;0,2,4,12,25,29;0,3,5,16,25;0,1,4,7,13,17,21;1,8,9,10,15,17,18,19,21,22,23,24;1,5,10,12,15,16,18,19,22;6,9,11,12,15,21,22,29;6,8,12;1,6,7,13,15,19,20,21,24,27,28,29;2,8,12,16,18,19,21,23,24,25;3,7,8,9,11,13,20,26,28,29;5,10,12,15,17,18,21,22,26;18,23,26,27,28;6,7,8,10,13,17,20,22,24;4,7,11,18,20,24,25,28;5,6,13,15,20,24,25,27,29;6,7,11,13,14,16,26,28;6,7,10,11,20,24;1,2,10,12,15,16,17,19,22,24;2,5,6,8,10,11,13,22;2,6,7,8,13,15,20,21,26,27,29;6,11,14,25,27,28,29;1,6,10,11,15,16,17,19,20;3,4,11,16,17,23,28,29;12,13,14,18,22,27;10,14,17,22,23,26,29;10,12,14,16,18,23,25;3,8,10,12,17,22,23,25,27
jc301_81_5294 30 1,2,3,4,5;0,2,5,6,7,10,20,24;0,1,3,11,20,21,22;0,2,4,12,25,29;0,3,5,16,25;0,1,4,7,10,13,17,21;1,8,9,10,15,17,18,19,21,22,23,24;1,5,10,12,15,16,18,19,22;6,9,11,12,15,21,22,29;6,8,12;1,5,6,7,13,15,19,20,21,24,27,28,29;2,8,12,16,18,19,21,23,24,25;3,7,8,9,11,13,20,26,28,29;5,10,12,15,17,18,21,22,26;18,23,26,27,28;6,7,8,10,13,17,20,22,24;4,7,11,18,20,24,25,28;5,6,13,15,20,24,25,27,29;6,7,11,13,14,16,26,28;6,7,10,11,20,24;1,2,10,12,15,16,17,19,22,24;2,5,6,8,10,11,13,22;2,6,7,8,13,15,20,21,26,27,29;6,11,14,25,27,28,29;1,6,10,11,15,16,17,19,20;3,4,11,16,17,23,28,29;12,13,14,18,22,27;10,14,17,22,23,26,29;10,12,14,16,18,23,25;3,8,10,12,17,22,23,25,27
jc301_81_5298 30 1,2,3,4,5;0,2,5,6,7,10,20,24;0,1,3,11,20,21,22;0,2,4,12,25,29;0,3,5,16,25;0,1,4,7,10,13,17,21;1,8,9,10,15,17,18,19,21,22,23,24;1,5,10,12,15,16,18,19,22;6,9,11,12,15,21,22,29;6,8,12;1,5,6,7,13,15,19,20,21,24,27,28,29;2,8,12,16,18,19,21,23,24,25;3,7,8,9,11,13,20,26,28,29;5,10,12,15,17,18,21,22,26;18,23,26,27,28;6,7,8,10,13,17,20,22,24;4,7,11,18,20,24,25,28;5,6,13,15,20,24,25,27,29;6,7,11,13,14,16,26,28;6,7,10,11,20,24;1,2,10,12,15,16,17,19,22,24;2,5,6,8,10,11,13,22,24;2,6,7,8,13,15,20,21,26,27,29;6,11,14,25,27,28,29;1,6,10,11,15,16,17,19,20,21;3,4,11,16,17,23,28,29;12,13,14,18,22,27;10,14,17,22,23,26,29;10,12,14,16,18,23,25;3,8,10,12,17,22,23,25,27
jc301_81_5299 30 1,2,3,4,5;0,2,5,6,7,10,20,24;0,1,3,11,20,21,22;0,2,4,12,25,29;0,3,5,16,25;0,1,4,7,10,13,17,21;1,8,9,10,15,17,18,19,21,22,23,24;1,5,10,12,15,16,18,19,22;6,9,11,12,21,22,29;6,8,12;1,5,6,7,13,15,19,20,21,24,27,28,29;2,8,12,16,18,19,21,23,24,25;3,7,8,9,11,13,20,26,28,29;5,10,12,15,17,18,21,22,26;18,23,26,27,28;6,7,10,13,17,20,22,24;4,7,11,18,20,24,25,28;5,6,13,15,20,24,25,27,29;6,7,11,13,14,16,26,28;6,7,10,11,20,24;1,2,10,12,15,16,17,19,22,24;2,5,6,8,10,11,13,22,24;2,6,7,8,13,15,20,21,26,27,29;6,11,14,25,27,28,29;1,6,10,11,15,16,17,19,20,21;3,4,11,16,17,23,28,29;12,13,14,18,22,27;10,14,17,22,23,26,29;10,12,14,16,18,23,25;3,8,10,12,17,22,23,25,27
jc301_81_5305 30 1,2,3,4,5;0,2,5,6,7,10,20,24;0,1,3,11,20,21,22;0,2,4,12,25,29;0,3,5,16,25;0,1,4,7,10,13,17,21;1,8,9,15,17,18,19,22,23,24;1,5,10,12,15,16,18,19,22;6,9,11,12,21,22,29;6,8,12;1,5,7,13,15,19,20,21,24,27,28,29;2,8,12,16,18,19,21,23,24,25;3,7,8,9,11,13,20,26,28,29;5,10,12,15,17,18,21,22,26;18,23,26,27,28;6,7,10,13,17,20,22,24;4,7,11,18,20,24,25,28;5,6,13,15,20,24,25,27,29;6,7,11,13,14,16,26,28;6,7,10,11,20,24;1,2,10,12,15,16,17,19,22,24;2,5,8,10,11,13,22,24;2,6,7,8,13,15,20,21,26,27,29;6,11,14,25,27,28,29;1,6,10,11,15,16,17,19,20,21;3,4,11,16,17,23,28,29;12,13,14,18,22,27;10,14,17,22,23,26,29;10,12,14,16,18,23,25;3,8,10,12,17,22,23,25,27
jc301_81_5307 30 1,2,3,4,5;0,2,5,6,7,10,20,24;0,1,3,11,20,21,22;0,2,4,12,25,29;0,3,5,16,25;0,1,4,7,10,13,17,21;1,8,9,15,17,18,19,22,23,24;1,5,10,12,15,16,18,19,22;6,9,11,12,21,22,29;6,8,12,13;1,5,7,13,15,19,20,21,24,27,28,29;2,8,12,16,18,19,21,23,24,25;3,7,8,9,11,13,20,26,28,29;5,9,10,12,15,17,18,21,22,26;18,23,26,27,28;6,7,10,13,17,20,22,24;4,7,11,18,20,24,25,28;5,6,13,15,20,24,25,27,29;6,7,11,13,14,16,26,28;6,7,10,11,20,24;1,2,10,12,15,16,17,19,22,24;2,5,8,10,11,13,22,24;2,6,7,8,13,15,20,21,26,27,29;6,11,14,25,27,28,29;1,6,10,11,15,16,17,19,20,21;3,4,11,16,17,23,28,29;12,13,14,18,22,27;10,14,17,22,23,26,29;10,12,14,16,18,23,25;3,8,10,12,17,22,23,25,27
jc301_81_5308 30 1,2,3,4,5;0,2,5,6,7,10,20,24;0,1,3,11,20,21,22;0,2,4,12,25,29;0,3,5,16,25;0,1,4,7,10,13,17,21;1,8,9,17,18,19,22,23,24;1,5,10,12,15,16,18,19,22;6,9,11,12,21,22,29;6,8,12,13;1,5,7,13,15,19,20,21,24,27,28,29;2,8,12,16,18,19,21,23,24,25;3,7,8,9,11,13,20,26,28,29;5,9,10,12,15,17,18,21,22,26;18,23,26,27,28;7,10,13,17,20,22,24;4,7,11,18,20,24,25,28;5,6,13,15,20,24,25,27,29;6,7,11,13,14,16,26,28;6,7,10,11,20,24;1,2,10,12,15,16,17,19,22,24;2,5,8,10,11,13,22,24;2,6,7,8,13,15,20,21,26,27,29;6,11,14,25,27,28,29;1,6,10,11,15,16,17,19,20,21;3,4,11,16,17,23,28,29;12,13,14,18,22,27;10,14,17,22,23,26,29;10,12,14,16,18,23,25;3,8,10,12,17,22,23,25,27
jc301_81_5310 30 1,2,3,4,5;0,2,5,6,7,8,10,20,24;0,1,3,11,20,21,22;0,2,4,12,25,29;0,3,5,16,25;0,1,4,7,10,13,17,21;1,8,9,17,18,19,22,23,24;1,5,10,12,15,16,18,19,22;1,6,9,11,12,21,22,29;6,8,12,13;1,5,7,13,15,19,20,21,24,27,28,29;2,8,12,16,18,19,21,23,24,25;3,7,8,9,11,13,20,26,28,29;5,9,10,12,15,17,18,21,22,26;18,23,26,27,28;7,10,13,17,20,22,24;4,7,11,18,20,24,25,28;5,6,13,15,20,24,25,27,29;6,7,11,13,14,16,26,28;6,7,10,11,20,24;1,2,10,12,15,16,17,19,22,24;2,5,8,10,11,13,22,24;2,6,7,8,13,15,20,21,26,27,29;6,11,14,25,27,28,29;1,6,10,11,15,16,17,19,20,21;3,4,11,16,17,23,28,29;12,13,14,18,22,27;10,14,17,22,23,26,29;10,12,14,16,18,23,25;3,8,10,12,17,22,23,25,27
jc301_81_5313 30 1,2,3,4,5;0,2,5,6,7,8,10,20,24;0,1,3,11,20,21,22;0,2,4,12,25,29;0,3,5,16,25;0,1,4,7,10,13,21;1,8,9,17,18,19,22,23,24;1,5,10,12,15,16,18,19,22;1,6,9,11,12,21,22,29;6,8,12,13;1,5,7,13,15,19,20,21,24,27,28,29;2,8,12,16,18,19,21,23,24,25;3,7,8,9,11,13,20,26,28,29;5,9,10,12,15,17,18,21,22,26;18,23,26,27,28;7,10,13,17,20,22,24;4,7,11,18,20,24,25,28;6,13,15,20,24,25,27,29;6,7,11,13,14,16,26,28;6,7,10,11,20,24;1,2,10,12,15,16,17,19,22,24;2,5,8,10,11,13,22,24;2,6,7,8,13,15,20,21,26,27,29;6,11,14,25,27,28,29;1,6,10,11,15,16,17,19,20,21;3,4,11,16,17,23,28,29;12,13,14,18,22,27;10,14,17,22,23,26,29;10,12,14,16,18,23,25;3,8,10,12,17,22,23,25,27
jc301_81_5316 30 1,2,3,4,5;0,2,5,6,7,8,10,20,24;0,1,3,11,20,21,22;0,2,4,12,25,29;0,3,5,16,25;0,1,4,7,10,13,21;1,8,9,17,18,19,22,23,24;1,5,10,12,15,16,18,19,22;1,6,9,11,12,21,22,29;6,8,12,13,25;1,5,7,13,15,19,20,21,24,27,28,29;2,8,12,16,18,19,21,23,24,25;3,7,8,9,11,13,20,26,28,29;5,9,10,12,15,17,18,21,22,26;18,23,26,27,28;7,10,13,17,20,22,24;4,7,11,18,20,24,25,28;6,13,15,20,24,25,27,29;6,7,11,13,14,16,26,28;6,7,10,11,20,24;1,2,10,12,15,16,17,19,22,24;2,5,8,10,11,13,22,24;2,6,7,8,13,15,20,21,26,27,29;6,11,14,25,27,28,29;1,6,10,11,15,16,17,19,20,21;3,4,9,11,16,17,23,28,29;12,13,14,18,22,27;10,14,17,22,23,26,29;10,12,14,16,18,23,25;3,8,10,12,17,22,23,25,27
jc301_81_5317 30 1,2,3,4,5;0,2,5,6,7,8,10,20,24;0,1,3,11,20,21,22;0,2,4,12,25,29;0,3,5,16,25;0,1,4,7,10,13,21;1,8,9,17,18,19,23,24;1,5,10,12,15,16,18,19,22;1,6,9,11,12,21,22,29;6,8,12,13,25;1,5,7,13,15,19,20,21,24,27,28,29;2,8,12,16,18,19,21,23,24,25;3,7,8,9,11,13,20,26,28,29;5,9,10,12,15,17,18,21,22,26;18,23,26,27,28;7,10,13,17,20,22,24;4,7,11,18,20,24,25,28;6,13,15,20,24,25,27,29;6,7,11,13,14,16,26,28;6,7,10,11,20,24;1,2,10,12,15,16,17,19,22,24;2,5,8,10,11,13,22,24;2,7,8,13,15,20,21,26,27,29;6,11,14,25,27,28,29;1,6,10,11,15,16,17,19,20,21;3,4,9,11,16,17,23,28,29;12,13,14,18,22,27;10,14,17,22,23,26,29;10,12,14,16,18,23,25;3,8,10,12,17,22,23,25,27
jc301_81_5321 30 1,2,3,4,5;0,2,5,6,7,8,10,20,24;0,1,3,11,20,21,22;0,2,4,12,25,29;0,3,5,16,25;0,1,4,7,10,13,21;1,8,9,17,18,19,23,24;1,5,10,12,15,16,18,19,22;1,6,9,11,12,21,22,29;6,8,12,13,25;1,5,7,15,19,20,21,24,27,28,29;2,8,12,16,18,19,21,23,24,25;3,7,8,9,11,13,20,26,28,29;5,9,12,15,17,18,21,22,26;18,23,26,27,28;7,10,13,17,20,22,24;4,7,11,18,20,24,25,28;6,13,15,20,24,25,27,29;6,7,11,13,14,16,26,28;6,7,10,11,20,24;1,2,10,12,15,16,17,19,22,24;2,5,8,10,11,13,22,24;2,7,8,13,15,20,21,26,27,29;6,11,14,25,27,28,29;1,6,10,11,15,16,17,19,20,21;3,4,9,11,16,17,23,28,29;12,13,14,18,22,27;10,14,17,22,23,26,29;10,12,14,16,18,23,25;3,8,10,12,17,22,23,25,27
jc301_81_5322 30 1,2,3,4,5;0,2,5,6,7,8,10,20,24;0,1,3,11,20,21,22;0,2,4,12,25,29;0,3,5,16,25;0,1,4,7,10,13,21;1,8,9,17,18,19,23,24;1,5,10,12,15,16,18,19,22;1,6,9,11,12,21,22,29;6,8,12,13,25;1,5,7,15,19,20,21,24,27,28,29;2,8,12,16,18,19,21,23,24,25;3,7,8,9,11,13,20,26,28,29;5,9,12,15,17,18,21,22,26;18,23,26,27,28;7,10,13,17,20,22,24;4,7,11,18,20,24,25,28;6,13,15,20,24,25,27;6,7,11,13,14,16,26,28;6,7,10,11,20,24;1,2,10,12,15,16,17,19,22,24;2,5,8,10,11,13,22,24;2,7,8,13,15,20,21,26,27,29;6,11,14,25,27,28,29;1,6,10,11,15,16,17,19,20,21;3,4,9,11,16,17,23,28,29;12,13,14,18,22,27;10,14,17,22,23,26,29;10,12,14,16,18,23,25;3,8,10,12,22,23,25,27
jc301_81_5338 30 1,2,3,4,5;0,2,5,6,7,8,10,20,24;0,1,3,11,20,21,22;0,2,4,12,25,29;0,3,5,16,25;0,1,4,7,10,13,21;1,8,9,17,18,19,23,24;1,5,10,12,15,16,18,19,22;1,6,9,11,12,15,21,22,29;6,8,12,13,25;1,5,7,15,19,20,21,24,27,28,29;2,8,12,16,18,19,21,23,24,25;3,7,8,9,11,13,20,26,28,29;5,9,12,15,17,18,21,22,26;18,23,26,27,28;7,8,10,13,17,20,22,24;4,7,11,18,20,24,25,28;6,13,15,20,24,25,27;6,7,11,13,14,16,26,28;6,7,10,11,20,24;1,2,10,12,15,16,17,19,22,24;2,5,8,10,11,13,22,24;2,7,8,13,15,20,21,26,27,29;6,11,14,25,27,28,29;1,6,10,11,15,16,17,19,20,21;3,4,9,11,16,17,23,28,29;12,13,14,18,22,27;10,14,17,22,23,26,29;10,12,14,16,18,23,25;3,8,10,12,22,23,25,27
jc301_81_5343 30 1,2,3,4,5;0,2,5,6,7,8,10,20,24;0,1,3,11,20,21,22;0,2,4,12,25,29;0,3,5,16,25;0,1,4,7,10,13,21;1,8,9,17,18,19,23,24;1,5,10,12,15,16,18,19,22;1,6,9,11,12,15,21,22,29;6,8,12,13,25;1,5,7,15,19,20,21,24,27,28,29;2,8,12,16,18,19,21,23,24,25;3,7,8,9,11,13,20,26,28,29;5,9,12,15,17,18,21,22,26;18,23,26,27,28;7,8,10,13,17,20,22,24;4,7,11,18,20,24,25,28;6,13,15,20,24,27;6,7,11,13,14,16,26,28;6,7,10,11,20,24;1,2,10,12,15,16,17,19,22,24;2,5,8,10,11,13,22,24;2,7,8,13,15,20,21,26,27,29;6,11,14,25,27,28,29;1,6,10,11,15,16,17,19,20,21;3,4,9,11,16,23,28,29;12,13,14,18,22,27;10,14,17,22,23,26,29;10,12,14,16,18,23,25;3,8,10,12,22,23,25,27
jc301_81_5346 30 1,2,3,4,5;0,2,5,6,7,8,10,20,24;0,1,3,11,20,21,22;0,2,4,12,25,29;0,3,5,16,25;0,1,4,7,10,13,21;1,8,9,17,18,19,23,24;1,5,10,12,15,16,18,19,22;1,6,9,11,12,15,21,22,29;6,8,12,13;1,5,7,15,19,20,21,24,27,28,29;2,8,12,16,18,19,21,23,24,25;3,7,8,9,11,13,20,26,28,29;5,9,12,15,17,18,21,22,26;18,23,26,27,28;7,8,10,13,17,20,22,24;4,7,11,18,20,24,25,28;6,13,15,20,24,27;6,7,11,13,14,16,26,28;6,7,10,11,20,24;1,2,10,12,15,16,17,19,22,24;2,5,8,10,11,13,22,24;2,7,8,13,15,20,21,26,27,29;6,11,14,25,27,28,29;1,6,10,11,15,16,17,19,20,21;3,4,11,16,23,28,29;12,13,14,18,22,27;10,14,17,22,23,26,29;10,12,14,16,18,23,25;3,8,10,12,22,23,25,27
jc301_81_5357 30 1,2,3,4,5;0,2,5,6,7,8,10,20,24;0,1,3,11,20,21,22;0,2,4,12,25,29;0,3,5,16,25;0,1,4,7,10,13,21;1,8,9,17,18,19,22,23,24;1,5,10,12,15,16,18,19,22;1,6,9,11,12,15,21,22,29;6,8,12,13;1,5,7,15,19,20,21,24,27,28,29;2,8,12,16,18,19,21,23,24,25;3,7,8,9,11,13,20,26,28,29;5,9,12,15,17,18,21,22,26;18,23,26,27,28;7,8,10,13,17,20,22,24;4,7,11,18,20,24,25,28;6,13,15,20,24,27;6,7,11,13,14,16,26,28;6,7,10,11,20,24;1,2,10,12,15,16,17,19,22,24;2,5,8,10,11,13,22,24;2,6,7,8,13,15,20,21,26,27,29;6,11,14,25,27,28,29;1,6,10,11,15,16,17,19,20,21;3,4,11,16,23,28,29;12,13,14,18,22,27;10,14,17,22,23,26,29;10,12,14,16,18,23,25;3,8,10,12,22,23,25,27
jc301_81_5362 30 1,2,3,4,5;0,2,5,6,7,8,10,20,24;0,1,3,6,11,20,21,22;0,2,4,12,25,29;0,3,5,16,25;0,1,4,7,10,13,21;1,2,8,9,17,18,19,22,23,24;1,5,10,12,15,16,18,19,22;1,6,9,11,12,15,21,22,29;6,8,12,13;1,5,7,15,19,20,21,24,27,28,29;2,8,12,16,18,19,21,23,24,25;3,7,8,9,11,13,20,26,28,29;5,9,12,15,17,18,21,22,26;18,23,26,27,28;7,8,10,13,17,20,22,24;4,7,11,18,20,24,25,28;6,13,15,20,24,27;6,7,11,13,14,16,26,28;6,7,10,11,20,24;1,2,10,12,15,16,17,19,22,24;2,5,8,10,11,13,22,24;2,6,7,8,13,15,20,21,26,27,29;6,11,14,25,27,28,29;1,6,10,11,15,16,17,19,20,21;3,4,11,16,23,28,29;12,13,14,18,22,27;10,14,17,22,23,26,29;10,12,14,16,18,23,25;3,8,10,12,22,23,25,27
jc301_81_5363 30 1,2,3,4,5;0,2,5,6,7,8,10,20,24;0,1,3,6,11,20,21,22;0,2,4,12,25,29;0,3,5,16,25;0,1,4,7,10,13,21;1,2,8,9,12,17,18,19,22,23,24;1,5,10,12,15,16,18,19,22;1,6,9,11,12,15,21,22,29;6,8,12,13;1,5,7,15,19,20,21,24,27,28,29;2,8,12,16,18,19,21,23,24,25;3,6,7,8,9,11,13,20,26,28,29;5,9,12,15,17,18,21,22,26;18,23,26,27,28;7,8,10,13,17,20,22,24;4,7,11,18,20,24,25,28;6,13,15,20,24,27;6,7,11,13,14,16,26,28;6,7,10,11,20,24;1,2,10,12,15,16,17,19,22,24;2,5,8,10,11,13,22,24;2,6,7,8,13,15,20,21,26,27,29;6,11,14,25,27,28,29;1,6,10,11,15,16,17,19,20,21;3,4,11,16,23,28,29;12,13,14,18,22,27;10,14,17,22,23,26,29;10,12,14,16,18,23,25;3,8,10,12,22,23,25,27
jc301_81_5364 30 1,2,3,4,5;0,2,5,6,7,8,10,20,24;0,1,3,6,11,20,21,22;0,2,4,12,25,29;0,3,5,16,25;0,1,4,7,10,13,21;1,2,8,9,12,17,18,19,22,23,24;1,5,10,12,15,16,18,19,22;1,6,9,11,12,15,21,22,29;6,8,12,13;1,5,7,15,19,20,21,24,27,28,29;2,8,12,16,18,19,21,23,24,25;3,6,7,8,9,11,13,20,26,28,29;5,9,12,15,17,18,21,22,26;18,23,26,27,28;7,8,10,13,17,20,22,24;4,7,11,18,20,24,25,28;6,13,15,20,24,27;6,7,11,13,14,16,26,28;6,7,10,11,20,24;1,2,10,12,15,16,17,19,22;2,5,8,10,11,13,22,24;2,6,7,8,13,15,20,21,26,27,29;6,11,14,25,27,28,29;1,6,10,11,15,16,17,19,21;3,4,11,16,23,28,29;12,13,14,18,22,27;10,14,17,22,23,26,29;10,12,14,16,18,23,25;3,8,10,12,22,23,25,27
jc301_81_5376 30 1,2,3,4,5;0,2,5,6,7,8,10,20,24;0,1,3,6,11,20,21,22;0,2,4,12,25,29;0,3,5,16,25;0,1,4,7,10,13,21;1,2,8,9,12,17,18,19,22,23,24;1,5,10,12,15,16,18,19,22;1,6,9,11,12,15,21,22,29;6,8,12,13;1,5,7,13,15,19,20,21,24,27,28,29;2,8,12,16,18,19,21,23,24,25;3,6,7,8,9,11,13,20,26,28,29;5,9,10,12,15,17,18,21,22,26;18,23,26,27,28;7,8,10,13,17,20,22,24;4,7,11,18,20,24,25,28;6,13,15,20,24,27;6,7,11,13,14,16,26,28;6,7,10,11,20,24;1,2,10,12,15,16,17,19,22;2,5,8,10,11,13,22,24;2,6,7,8,13,15,20,21,26,27,29;6,11,14,25,27,28,29;1,6,10,11,15,16,17,19,21;3,4,11,16,23,28,29;12,13,14,18,22,27;10,14,17,22,23,26,29;10,12,14,16,18,23,25;3,8,10,12,22,23,25,27
jc301_81_5384 30 1,2,3,4,5;0,2,5,6,8,10,20,24;0,1,3,6,11,20,21,22;0,2,4,12,25,29;0,3,5,16,25;0,1,4,7,10,13,21;1,2,8,9,12,17,18,19,22,23,24;5,10,12,15,16,18,19,22;1,6,9,11,12,15,21,22,29;6,8,12,13;1,5,7,13,15,19,20,21,24,27,28,29;2,8,12,16,18,19,21,23,24,25;3,6,7,8,9,11,13,20,26,28,29;5,9,10,12,15,17,18,21,22,26;18,23,26,27,28;7,8,10,13,17,20,22,24;4,7,11,18,20,24,25,28;6,13,15,20,24,27;6,7,11,13,14,16,26,28;6,7,10,11,20,24;1,2,10,12,15,16,17,19,22;2,5,8,10,11,13,22,24;2,6,7,8,13,15,20,21,26,27,29;6,11,14,25,27,28,29;1,6,10,11,15,16,17,19,21;3,4,11,16,23,28,29;12,13,14,18,22,27;10,14,17,22,23,26,29;10,12,14,16,18,23,25;3,8,10,12,22,23,25,27
jc301_81_5387 30 1,2,3,4,5;0,2,5,6,8,10,20,24;0,1,3,6,11,20,21,22;0,2,4,12,25,29;0,3,5,16,25;0,1,4,7,10,13,21;1,2,8,9,12,17,18,19,22,23,24;5,10,12,15,16,18,19,22;1,6,9,11,12,15,21,22,29;6,8,12,13;1,5,7,13,15,19,20,21,24,27,28,29;2,8,12,16,18,19,21,23,24,25;3,6,7,8,9,11,13,20,26,28,29;5,9,10,12,15,16,17,18,21,22,26;18,23,26,27,28;7,8,10,13,17,20,22,24;4,7,11,13,18,20,24,25,28;6,13,15,20,24,27;6,7,11,13,14,16,26,28;6,7,10,11,20,24;1,2,10,12,15,16,17,19,22;2,5,8,10,11,13,22,24;2,6,7,8,13,15,20,21,26,27,29;6,11,14,25,27,28,29;1,6,10,11,15,16,17,19,21;3,4,11,16,23,28,29;12,13,14,18,22,27;10,14,17,22,23,26,29;10,12,14,16,18,23,25;3,8,10,12,22,23,25,27
jc301_81_5391 30 1,2,3,4,5;0,2,5,6,8,10,20,24;0,1,3,6,11,20,21,22;0,2,4,12,25,29;0,3,5,16,25;0,1,4,7,10,13,21;1,2,8,9,12,17,18,19,22,23,24;5,10,12,15,16,18,19,22;1,6,9,11,12,15,21,22,29;6,8,12,13;1,5,7,13,15,19,20,21,24,27,28,29;2,8,12,16,17,18,19,21,23,24,25;3,6,7,8,9,11,13,20,26,28,29;5,9,10,12,15,16,17,18,21,22,26;18,23,26,27,28;7,8,10,13,17,20,22,24;4,7,11,13,18,20,24,25,28;6,11,13,15,20,24,27;6,7,11,13,14,16,26,28;6,7,10,11,20,24;1,2,10,12,15,16,17,19,22;2,5,8,10,11,13,22,24;2,6,7,8,13,15,20,21,26,27,29;6,11,14,25,27,28,29;1,6,10,11,15,16,17,19,21;3,4,11,16,23,28,29;12,13,14,18,22,27;10,14,17,22,23,26,29;10,12,14,16,18,23,25;3,8,10,12,22,23,25,27
jc301_81_5394 30 1,2,3,4,5;0,2,5,6,8,10,20,24;0,1,3,6,11,20,21,22;0,2,4,12,25,29;0,3,5,16,25;0,1,4,7,10,13,21;1,2,8,9,17,18,19,22,23,24;5,10,12,15,16,18,19,22;1,6,9,11,12,15,21,22,29;6,8,12,13;1,5,7,13,15,19,20,21,24,27,28,29;2,8,12,16,17,18,19,21,23,24,25;3,7,8,9,11,13,20,26,28,29;5,9,10,12,15,16,17,18,21,22,26;18,23,26,27,28;7,8,10,13,17,20,22,24;4,7,11,13,18,20,24,25,28;6,11,13,15,20,24,27;6,7,11,13,14,16,26,28;6,7,10,11,20,24;1,2,10,12,15,16,17,19,22;2,5,8,10,11,13,22,24;2,6,7,8,13,15,20,21,26,27,29;6,11,14,25,27,28,29;1,6,10,11,15,16,17,19,21;3,4,11,16,23,28,29;12,13,14,18,22,27;10,14,17,22,23,26,29;10,12,14,16,18,23,25;3,8,10,12,22,23,25,27
jc301_81_5398 30 1,2,3,4,5;0,2,5,6,8,10,20,24;0,1,3,6,11,20,21,22;0,2,4,12,25,29;0,3,5,16,25;0,1,4,7,10,13,16,21;1,2,8,9,17,18,19,22,23,24;5,10,12,15,16,18,19,22;1,6,9,11,12,15,21,22,29;6,8,12,13;1,5,7,13,15,19,20,21,24,27,28,29;2,8,12,16,18,19,21,23,24,25;3,7,8,9,11,13,20,26,28,29;5,9,10,12,15,16,17,18,21,22,26;18,23,26,27,28;7,8,10,13,17,20,22,24;4,5,7,11,13,18,20,24,25,28;6,13,15,20,24,27;6,7,11,13,14,16,26,28;6,7,10,11,20,24;1,2,10,12,15,16,17,19,22;2,5,8,10,11,13,22,24;2,6,7,8,13,15,20,21,26,27,29;6,11,14,25,27,28,29;1,6,10,11,15,16,17,19,21;3,4,11,16,23,28,29;12,13,14,18,22,27;10,14,17,22,23,26,29;10,12,14,16,18,23,25;3,8,10,12,22,23,25,27
jc301_81_5400 30 1,2,3,4,5;0,2,5,6,8,10,20,24;0,1,3,6,11,20,21,22,29;0,2,4,12,25,29;0,3,5,16,25;0,1,4,7,10,13,16,21;1,2,8,9,17,18,19,22,23,24;5,10,12,15,16,18,19,22;1,6,9,11,12,15,21,22,29;6,8,12,13;1,5,7,13,15,19,20,21,24,27,28,29;2,8,12,16,18,19,21,23,24,25;3,7,8,9,11,13,20,26,28,29;5,9,10,12,15,16,17,18,21,22,26;18,23,26,27,28;7,8,10,13,17,20,22,24;4,5,7,11,13,18,20,24,25,28;6,13,15,20,24,27;6,7,11,13,14,16,26,28;6,7,10,11,20,24;1,2,10,12,15,16,17,19,22;2,5,8,10,11,13,22,24;2,6,7,8,13,15,20,21,26,27,29;6,11,14,25,27,28,29;1,6,10,11,15,16,17,19,21;3,4,11,16,23,28,29;12,13,14,18,22,27;10,14,17,22,23,26,29;10,12,14,16,18,23,25;2,3,8,10,12,22,23,25,27
jc301_81_5403 30 1,2,3,4,5;0,2,5,6,8,10,20,24;0,1,3,6,11,20,21,22,29;0,2,4,12,25,29;0,3,5,16,25;0,1,4,7,10,13,16,21;1,2,8,9,17,18,19,22,23,24;5,10,12,15,16,18,19,22;1,6,9,11,12,15,21,22,29;6,8,12,13,20;1,5,7,13,15,19,20,21,24,27,28,29;2,8,12,16,18,19,21,23,24,25;3,7,8,9,11,13,20,26,28,29;5,9,10,12,15,16,17,18,21,22,26;18,23,26,27,28;7,8,10,13,17,20,22,24;4,5,7,11,13,18,20,24,25,28;6,13,15,20,24,27;6,7,11,13,14,16,26,28;6,7,10,11,20,24;1,2,9,10,12,15,16,17,19,22;2,5,8,10,11,13,22,24;2,6,7,8,13,15,20,21,26,27,29;6,11,14,25,27,28,29;1,6,10,11,15,16,17,19,21;3,4,11,16,23,28,29;12,13,14,18,22,27;10,14,17,22,23,26,29;10,12,14,16,18,23,25;2,3,8,10,12,22,23,25,27
jc301_81_5411 30 1,2,3,4,5;0,2,5,6,8,10,24;0,1,3,6,11,20,21,22,29;0,2,4,12,25,29;0,3,5,16,25;0,1,4,7,10,13,16,21;1,2,8,9,17,18,19,22,23,24;5,10,12,15,16,18,19,22;1,6,9,11,12,15,21,22,29;6,8,12,13,20;1,5,7,13,15,19,20,21,24,27,28,29;2,8,12,16,18,19,21,23,24,25;3,7,8,9,11,13,20,26,28,29;5,9,10,12,15,16,17,18,21,22,26;18,23,26,27,28;7,8,10,13,17,20,22,24;4,5,7,11,13,18,20,24,25,28;6,13,15,20,24,27;6,7,11,13,14,16,26,28;6,7,10,11,20,24;2,9,10,12,15,16,17,19,22;2,5,8,10,11,13,22,24;2,6,7,8,13,15,20,21,26,27,29;6,11,14,25,27,28,29;1,6,10,11,15,16,17,19,21;3,4,11,16,23,28,29;12,13,14,18,22,27;10,14,17,22,23,26,29;10,12,14,16,18,23,25;2,3,8,10,12,22,23,25,27
jc301_81_5419 30 1,2,3,4,5;0,2,5,6,8,10,24;0,1,3,6,11,20,21,22,29;0,2,4,12,25,29;0,3,5,16,25;0,1,4,7,10,13,16,21;1,2,8,9,17,18,19,22,23,24;5,10,12,15,16,18,19,22;1,6,9,11,12,15,21,22,29;6,8,12,13,20;1,5,7,13,15,19,20,21,24,27,28,29;2,8,12,16,18,19,21,23,24,25;3,7,8,9,11,13,20,26,28,29;5,9,10,12,15,16,17,18,21,22,26;18,23,26,27,28;7,8,10,13,17,20,22,24;4,5,7,11,13,18,20,24,25,28;6,13,15,20,24,27;6,7,11,13,14,16,26,28;6,7,10,11,20,24;2,9,10,12,15,16,17,19,22,24;2,5,8,10,11,13,22,24;2,6,7,8,13,15,20,21,26,27,29;6,11,14,25,27,28,29;1,6,10,11,15,16,17,19,20,21;3,4,11,16,23,28,29;12,13,14,18,22,27;10,14,17,22,23,26,29;10,12,14,16,18,23,25;2,3,8,10,12,22,23,25,27
jc301_81_5424 30 1,2,3,4,5;0,2,5,6,8,10,24;0,1,3,6,11,19,20,21,22,29;0,2,4,12,25,29;0,3,5,16,25;0,1,4,7,10,13,16,21;1,2,8,9,17,18,19,22,23,24;5,10,12,15,16,18,19,22;1,6,9,11,12,15,21,22,29;6,8,12,13,20;1,5,7,13,15,19,20,21,24,27,28,29;2,8,12,16,18,19,21,23,24,25;3,7,8,9,11,13,20,26,28,29;5,9,10,12,15,16,17,18,21,22,26;18,23,26,27,28;7,8,10,13,17,20,22,24;4,5,7,11,13,18,20,24,25,28;6,13,15,20,24,27;6,7,11,13,14,16,26,28;2,6,7,10,11,20,24;2,9,10,12,15,16,17,19,22,24;2,5,8,10,11,13,22,24;2,6,7,8,13,15,20,21,26,27,29;6,11,14,25,27,28,29;1,6,10,11,15,16,17,19,20,21;3,4,11,16,23,28,29;12,13,14,18,22,27;10,14,17,22,23,26,29;10,12,14,16,18,23,25;2,3,8,10,12,22,23,25,27
jc301_81_5425 30 1,2,3,4,5;0,2,5,6,8,10,24;0,1,3,6,11,19,20,21,22,29;0,2,4,12,25,29;0,3,5,16,25;0,1,4,7,10,13,16,21;1,2,8,9,17,18,19,22,23,24;5,10,12,15,16,18,19,22;1,6,9,11,12,15,21,22,29;6,8,12,13,20;1,5,7,13,15,19,20,21,24,27,28,29;2,8,12,16,18,19,21,23,24,25;3,7,8,9,11,13,20,26,28,29;5,9,10,12,15,16,17,18,21,26;18,23,26,27,28;7,8,10,13,17,20,22,24;4,5,7,11,13,18,20,24,25,28;6,13,15,20,24,27;6,7,11,13,14,16,26,28;2,6,7,10,11,20,24;2,9,10,12,15,16,17,19,22,24;2,5,8,10,11,13,22,24;2,6,7,8,15,20,21,26,27,29;6,11,14,25,27,28,29;1,6,10,11,15,16,17,19,20,21;3,4,11,16,23,28,29;12,13,14,18,22,27;10,14,17,22,23,26,29;10,12,14,16,18,23,25;2,3,8,10,12,22,23,25,27
jc301_81_5431 30 1,2,3,4,5;0,2,5,6,8,10,24;0,1,3,6,11,19,20,21,22,29;0,2,4,12,25,29;0,3,5,16,25;0,1,4,7,10,13,16,21;1,2,8,9,17,18,19,22,23,24;5,10,12,15,16,18,19,22;1,6,9,11,12,15,21,22,29;6,8,12,13,20;1,5,7,13,15,19,20,21,24,27,28,29;2,8,12,16,18,19,21,23,24,25;3,7,8,9,11,13,20,26,28,29;5,9,10,12,15,16,17,18,21,26;18,23,26,27,28;7,8,10,13,17,20,24;4,5,7,11,13,18,20,24,25,28;6,13,15,20,24,27;6,7,11,13,14,16,26,28;2,6,7,10,11,20,24;2,9,10,12,15,16,17,19,22,24;2,5,8,10,11,13,22,24;2,6,7,8,20,21,26,27,29;6,11,14,25,27,28,29;1,6,10,11,15,16,17,19,20,21;3,4,11,16,23,28,29;12,13,14,18,22,27;10,14,17,22,23,26,29;10,12,14,16,18,23,25;2,3,8,10,12,22,23,25,27
jc301_81_5434 30 1,2,3,4,5;0,2,5,6,8,10,22,24;0,1,3,6,11,19,20,21,22,29;0,2,4,12,25,29;0,3,5,16,25;0,1,4,7,10,13,16,21;1,2,8,9,17,18,19,22,23,24;5,10,12,15,16,18,19,22;1,6,9,11,12,15,21,22,29;6,8,12,13,20;1,5,7,13,15,19,20,21,24,27,28,29;2,8,12,16,18,19,21,23,24,25;3,7,8,9,11,13,20,26,28,29;5,9,10,12,15,16,17,18,21,26;18,23,26,27,28;7,8,10,13,17,20,24;4,5,7,11,13,18,20,24,25,28;6,13,15,20,24,27;6,7,11,13,14,16,26,28;2,6,7,10,11,20,24;2,9,10,12,15,16,17,19,22,24;2,5,8,10,11,13,22,24;1,2,6,7,8,20,21,26,27,29;6,11,14,25,27,28,29;1,6,10,11,15,16,17,19,20,21;3,4,11,16,23,28,29;12,13,14,18,22,27;10,14,17,22,23,26,29;10,12,14,16,18,23,25;2,3,8,10,12,22,23,25,27
jc301_81_5435 30 1,2,3,4,5;0,2,5,6,8,10,22,24;0,1,3,6,11,19,20,21,22,29;0,2,4,12,25,29;0,3,5,16,25;0,1,4,7,10,13,16,21;1,2,8,9,17,18,19,22,23,24;5,10,12,15,16,18,19,22;1,6,9,11,12,15,21,22,29;6,8,12,13,20;1,5,7,13,15,19,20,21,24,27,29;2,8,12,16,18,19,21,23,24,25;3,7,8,9,11,13,20,26,28,29;5,9,10,12,15,16,17,18,21,26;18,23,26,27,28;7,8,10,13,17,20,24;4,5,7,11,13,18,20,24,25,28;6,13,15,20,24,27;6,7,11,13,14,16,26,28;2,6,7,10,11,20,24;2,9,10,12,15,16,17,19,22,24;2,5,8,10,11,13,22,24;1,2,6,7,8,20,21,26,27,29;6,11,14,25,27,28,29;1,6,10,11,15,16,17,19,20,21;3,4,11,16,23,28,29;12,13,14,18,22,27;10,14,17,22,23,26,29;12,14,16,18,23,25;2,3,8,10,12,22,23,25,27
jc301_81_5436 30 1,2,3,4,5;0,2,5,6,8,10,22,24;0,1,3,6,11,19,20,21,22,29;0,2,4,12,25,29;0,3,5,16,25;0,1,4,7,10,13,16,21;1,2,8,9,17,18,19,22,23,24;5,10,12,15,16,18,19,22;1,6,9,11,12,15,21,22,29;6,8,12,13,20;1,5,7,15,19,20,21,24,27,29;2,8,12,16,18,19,21,23,24,25;3,7,8,9,11,13,20,26,28,29;5,9,12,15,16,17,18,21,26;18,23,26,27,28;7,8,10,13,17,20,24;4,5,7,11,13,18,20,24,25,28;6,13,15,20,24,27;6,7,11,13,14,16,26,28;2,6,7,10,11,20,24;2,9,10,12,15,16,17,19,22,24;2,5,8,10,11,13,22,24;1,2,6,7,8,20,21,26,27,29;6,11,14,25,27,28,29;1,6,10,11,15,16,17,19,20,21;3,4,11,16,23,28,29;12,13,14,18,22,27;10,14,17,22,23,26,29;12,14,16,18,23,25;2,3,8,10,12,22,23,25,27
jc301_81_5440 30 1,2,3,4,5;0,2,5,6,8,10,22,24;0,1,3,11,19,20,21,22,29;0,2,4,12,25,29;0,3,5,16,25;0,1,4,7,10,13,16,21;1,8,9,17,18,19,22,23,24;5,10,12,15,16,18,19,22;1,6,9,11,12,15,21,22,29;6,8,12,13,20;1,5,7,15,19,20,21,24,27,29;2,8,12,16,18,19,21,23,24,25;3,7,8,9,11,13,20,26,28,29;5,9,12,15,16,17,18,21,26;18,23,26,27,28;7,8,10,13,17,20,24;4,5,7,11,13,18,20,24,25,28;6,13,15,20,24,27;6,7,11,13,14,16,26,28;2,6,7,10,11,20,24;2,9,10,12,15,16,17,19,22,24;2,5,8,10,11,13,22,24;1,2,6,7,8,20,21,26,27,29;6,11,14,25,27,28,29;1,6,10,11,15,16,17,19,20,21;3,4,11,16,23,28,29;12,13,14,18,22,27;10,14,17,22,23,26,29;12,14,16,18,23,25;2,3,8,10,12,22,23,25,27
jc301_81_5445 30 1,2,3,4,5;0,2,5,6,8,10,22,24;0,1,3,11,19,20,21,22,29;0,2,4,12,25,29;0,3,5,16,25;0,1,4,7,10,13,16,21;1,8,9,17,18,19,22,23,24;5,10,12,15,16,18,19,22;1,6,9,11,12,15,21,22,29;6,8,12,13,20;1,5,7,15,19,20,24,27,29;2,8,12,16,18,19,21,23,24,25;3,7,8,9,11,13,20,26,28,29;5,9,12,15,16,17,18,21,26;18,23,26,27,28;7,8,10,13,17,20,24;4,5,7,11,13,18,20,24,25,28;6,13,15,20,24,27;6,7,11,13,14,16,26,28;2,6,7,10,11,20,24;2,9,10,12,15,16,17,19,22,24;2,5,8,11,13,22,24;1,2,6,7,8,20,21,26,27,29;6,11,14,25,27,28,29;1,6,10,11,15,16,17,19,20,21;3,4,11,16,23,28,29;12,13,14,18,22,27;10,14,17,22,23,26,29;12,14,16,18,23,25;2,3,8,10,12,22,23,25,27
jc301_81_5448 30 1,2,3,4,5;0,2,5,6,10,22,24;0,1,3,11,19,20,21,22,29;0,2,4,12,25,29;0,3,5,16,25;0,1,4,7,10,13,16,21;1,8,9,17,18,19,22,23,24;5,10,12,15,16,18,19,22;6,9,11,12,15,21,22,29;6,8,12,13,20;1,5,7,15,19,20,24,27,29;2,8,12,16,18,19,21,23,24,25;3,7,8,9,11,13,20,26,28,29;5,9,12,15,16,17,18,21,26;18,23,26,27,28;7,8,10,13,17,20,24;4,5,7,11,13,18,20,24,25,28;6,13,15,20,24,27;6,7,11,13,14,16,26,28;2,6,7,10,11,20,24;2,9,10,12,15,16,17,19,22,24;2,5,8,11,13,22,24;1,2,6,7,8,20,21,26,27,29;6,11,14,25,27,28,29;1,6,10,11,15,16,17,19,20,21;3,4,11,16,23,28,29;12,13,14,18,22,27;10,14,17,22,23,26,29;12,14,16,18,23,25;2,3,8,10,12,22,23,25,27
jc301_81_5450 30 1,2,3,4,5;0,2,5,6,10,22,24;0,1,3,11,19,20,21,22,29;0,2,4,12,25,29;0,3,5,16,25;0,1,4,7,10,13,16,21;1,8,9,17,18,19,22,23,24;5,10,12,15,16,18,19,22;6,9,11,12,15,21,22,29;6,8,12,13,20;1,5,7,15,19,20,24,27,29;2,8,12,16,18,19,21,23,24,25;3,7,8,9,11,13,20,26,28,29;5,9,12,15,16,17,18,21,26;18,23,26,27,28;7,8,10,13,17,20,24;4,5,7,11,13,18,20,24,25,28;6,13,15,20,24,27;6,7,11,13,14,16,26,28;2,6,7,10,11,20,24;2,9,10,12,15,16,17,19,24;2,5,8,11,13,22,24;1,2,6,7,8,21,26,27,29;6,11,14,25,27,28,29;1,6,10,11,15,16,17,19,20,21;3,4,11,16,23,28,29;12,13,14,18,22,27;10,14,17,22,23,26,29;12,14,16,18,23,25;2,3,8,10,12,22,23,25,27
jc301_81_5464 30 1,2,3,4,5;0,2,5,6,10,22,24;0,1,3,11,19,20,21,22,29;0,2,4,12,25,29;0,3,5,16,25;0,1,4,7,10,13,16,21;1,8,9,17,18,19,22,23,24;5,10,12,15,16,18,19,22;6,9,11,12,15,21,22,29;6,8,12,13,20;1,5,7,15,19,20,24,27,29;2,8,12,16,17,18,19,21,23,24,25;3,7,8,9,11,13,20,26,28,29;5,9,12,15,16,17,18,21,26;18,23,26,27,28;7,8,10,13,17,20,24;4,5,7,11,13,18,20,24,25,28;6,11,13,15,20,24,27;6,7,11,13,14,16,26,28;2,6,7,10,11,20,24;2,9,10,12,15,16,17,19;2,5,8,11,13,22,24;1,2,6,7,8,21,26,27,29;6,11,14,25,27,28,29;1,6,10,11,15,16,17,19,21;3,4,11,16,23,28,29;12,13,14,18,22,27;10,14,17,22,23,26,29;12,14,16,18,23,25;2,3,8,10,12,22,23,25,27
jc301_81_5486 30 1,2,3,4,5;0,2,5,6,10,22,24;0,1,3,11,19,20,21,22,29;0,2,4,12,25,29;0,3,5,16,25;0,1,4,7,10,13,16,21;1,8,9,17,18,19,22,23,24;5,10,12,15,16,18,19;6,9,12,15,21,22,29;6,8,12,13,20;1,5,7,15,19,20,24,27,29;2,12,16,17,18,19,21,23,24,25;3,7,8,9,11,13,20,26,28,29;5,9,12,15,16,17,18,21,26;18,23,26,27,28;7,8,10,13,17,20,24;4,5,7,11,13,18,20,24,25,28;6,11,13,15,20,24,27;6,7,11,13,14,16,26,28;2,6,7,10,11,20,24;2,9,10,12,15,16,17,19;2,5,8,11,13,22,24;1,2,6,8,21,26,27,29;6,11,14,25,27,28,29;1,6,10,11,15,16,17,19,21;3,4,11,16,23,28,29;12,13,14,18,22,27;10,14,17,22,23,26,29;12,14,16,18,23,25;2,3,8,10,12,22,23,25,27
jc301_81_5506 30 1,2,3,4,5;0,2,5,6,10,22,24;0,1,3,11,19,20,21,22,29;0,2,4,12,25,29;0,3,5,16,25;0,1,4,7,10,13,16,21;1,8,9,17,18,19,22,23,24;5,10,12,15,16,18,19;6,9,12,15,21,22,29;6,8,12,13,20;1,5,7,15,19,20,24,27,29;2,12,16,17,18,19,21,23,24,25;3,7,8,9,11,13,20,26,28,29;5,9,12,15,16,17,18,21,26;18,23,26,27,28;7,8,10,13,17,20,24;4,5,7,11,13,18,20,24,25,28;6,11,13,15,24,27;6,7,11,13,14,16,26,28;2,6,7,10,11,20,24;2,9,10,12,15,16,19;2,5,8,11,13,22,24;1,2,6,8,21,26,27,29;6,11,14,25,27,28,29;1,6,10,11,15,16,17,19,21;3,4,11,16,23,28,29;12,13,14,18,22,27;10,14,17,22,23,26,29;12,14,16,18,23,25;2,3,8,10,12,22,23,25,27
jc301_81_5509 30 1,2,3,4,5;0,2,5,6,10,22,24;0,1,3,11,19,20,21,22,29;0,2,4,12,25,29;0,3,5,16,25;0,1,4,7,10,13,16,21;1,8,9,17,18,19,22,23,24;5,10,12,15,16,17,18,19;6,9,12,15,21,22,29;6,8,12,13,20;1,5,7,15,19,20,24,27,29;2,12,16,17,18,19,21,23,24,25;3,7,8,9,11,13,20,26,28,29;5,9,12,15,16,17,18,21,26;18,23,26,27,28;7,8,10,13,17,20,24;4,5,7,11,13,18,20,24,25,28;6,7,11,13,15,24,27;6,7,11,13,14,16,26,28;2,6,7,10,11,20,24;2,9,10,12,15,16,19;2,5,8,11,13,22,24;1,2,6,8,21,26,27,29;6,11,14,25,27,28,29;1,6,10,11,15,16,17,19,21;3,4,11,16,23,28,29;12,13,14,18,22,27;10,14,17,22,23,26,29;12,14,16,18,23,25;2,3,8,10,12,22,23,25,27
jc301_81_5523 30 1,2,3,4,5;0,2,5,6,10,22,24;0,1,3,11,19,20,21,22,29;0,2,4,12,25,29;0,3,5,16,25;0,1,4,7,10,13,16,21;1,8,9,17,18,19,22,23,24;5,10,12,15,16,17,18,19;6,9,12,15,21,22,29;6,8,12,13,20;1,5,7,15,19,20,24,27,29;2,12,16,17,18,19,21,23,24,25;3,7,8,9,11,13,20,26,28,29;5,9,12,15,16,17,18,21,26;18,23,26,27,28;7,8,10,13,17,20,24;4,5,7,11,13,18,24,25,28;6,7,11,13,15,24,27;6,7,11,13,14,16,26,28;2,6,7,10,11,20,24;2,9,10,12,15,19;2,5,8,11,13,22,24;1,2,6,8,21,26,27,29;6,11,14,25,27,28,29;1,6,10,11,15,16,17,19,21;3,4,11,16,23,28,29;12,13,14,18,22,27;10,14,17,22,23,26,29;12,14,16,18,23,25;2,3,8,10,12,22,23,25,27
jc301_81_5527 30 1,2,3,4,5;0,2,5,6,10,22,24;0,1,3,11,19,20,21,22,29;0,2,4,12,25,29;0,3,5,16,25;0,1,4,7,10,13,16,21;1,8,9,17,18,19,22,23,24;5,10,12,15,16,17,19;6,9,12,15,21,22,29;6,8,12,13,20;1,5,7,15,19,20,24,27,29;2,12,16,17,18,19,21,23,24,25;3,7,8,9,11,13,20,26,28,29;5,9,12,15,16,17,18,21,26;18,23,26,27,28;7,8,10,13,17,20,24;4,5,7,11,13,18,24,25,28;6,7,11,13,15,24,27;6,11,13,14,16,26,28;2,6,7,10,11,20,24;2,9,10,12,15,19;2,5,8,11,13,22,24;1,2,6,8,21,26,27,29;6,11,14,25,27,28,29;1,6,10,11,15,16,17,19,21;3,4,11,16,23,28,29;12,13,14,18,22,27;10,14,17,22,23,26,29;12,14,16,18,23,25;2,3,8,10,12,22,23,25,27
jc301_81_5542 30 1,2,3,4,5;0,2,5,6,10,22,24;0,1,3,11,19,20,21,22,29;0,2,4,12,25,29;0,3,5,16,25;0,1,4,7,10,13,16,21;1,8,9,17,18,19,22,23,24;5,10,12,15,16,17,19;6,9,12,15,21,22,29;6,8,12,13,20;1,5,7,15,19,20,24,27,29;2,12,16,17,18,19,21,23,24,25;3,7,8,9,11,13,20,26,28,29;5,9,12,15,16,17,18,21,26;18,23,26,27,28;7,8,10,13,17,20,24;4,5,7,11,13,18,24,25,28;6,7,11,13,15,24,27;6,11,13,14,16,26,28;2,6,7,10,11,20,24;2,9,10,12,15,19,23;2,5,8,11,13,22,24;1,2,6,8,21,26,27,29;6,11,14,20,25,27,28,29;1,6,10,11,15,16,17,19,21;3,4,11,16,23,28,29;12,13,14,18,22,27;10,14,17,22,23,26,29;12,14,16,18,23,25;2,3,8,10,12,22,23,25,27
jc301_81_5551 30 1,2,3,4,5;0,2,5,6,10,22,24;0,1,3,11,19,20,21,22,29;0,2,4,12,25,29;0,3,5,16,25;0,1,4,7,10,13,16,21;1,8,9,17,18,19,22,23,24,25;5,10,12,15,16,17,19;6,9,12,15,21,22,29;6,8,12,13,20;1,5,7,15,19,20,24,27,29;2,12,16,17,18,19,21,23,24,25;3,7,8,9,11,13,20,26,28,29;5,9,12,15,16,17,18,21,26;18,23,26,27,28;7,8,10,13,17,20,24;4,5,7,11,13,18,24,25,28;6,7,11,13,15,24,27;6,11,13,14,16,26,28;2,6,7,10,11,20,24;2,9,10,12,15,19,23;2,5,8,11,13,22,24;1,2,6,8,21,26,27,29;6,11,14,20,25,27,28,29;1,6,10,11,15,16,17,19,21;3,4,6,11,16,23,28,29;12,13,14,18,22,27;10,14,17,22,23,26,29;12,14,16,18,23,25;2,3,8,10,12,22,23,25,27
jc301_81_5554 30 1,2,3,4,5;0,2,5,6,10,22,24;0,1,3,11,19,20,21,22,29;0,2,4,12,25,29;0,3,5,16,25;0,1,4,7,10,13,16,21;1,8,9,17,18,19,22,23,24,25;5,10,15,16,17,19;6,9,12,15,21,22,29;6,8,12,13,20;1,5,7,15,19,20,24,27,29;2,12,16,17,18,19,21,23,24,25;3,8,9,11,13,20,26,28,29;5,9,12,15,16,17,18,21,26;18,23,26,27,28;7,8,10,13,17,20,24;4,5,7,11,13,18,24,25,28;6,7,11,13,15,24,27;6,11,13,14,16,26,28;2,6,7,10,11,20,24;2,9,10,12,15,19,23;2,5,8,11,13,22,24;1,2,6,8,21,26,27,29;6,11,14,20,25,27,28,29;1,6,10,11,15,16,17,19,21;3,4,6,11,16,23,28,29;12,13,14,18,22,27;10,14,17,22,23,26,29;12,14,16,18,23,25;2,3,8,10,12,22,23,25,27
jc301_81_5561 30 1,2,3,4,5;0,2,5,6,10,22,24;0,1,3,11,19,20,21,22,29;0,2,4,12,25,29;0,3,5,16,25;0,1,4,7,10,13,16,21;1,8,9,17,18,19,22,23,24,25;5,10,15,16,17,19;6,9,12,15,21,22,29;6,8,12,13,20;1,5,7,15,19,20,24,27,29;2,12,16,17,18,19,21,23,24,25;3,8,9,11,13,20,26,28,29;5,9,12,15,16,17,18,26;18,23,26,27,28;7,8,10,13,17,20,24;4,5,7,11,13,18,24,25,28;6,7,11,13,15,24,27;6,11,13,14,16,26,28;2,6,7,10,11,20,24;2,9,10,12,15,19,23;2,5,8,11,22,24;1,2,6,8,21,26,27,29;6,11,14,20,25,27,28,29;1,6,10,11,15,16,17,19,21;3,4,6,11,16,23,28,29;12,13,14,18,22,27;10,14,17,22,23,26,29;12,14,16,18,23,25;2,3,8,10,12,22,23,25,27
jc301_81_5562 30 1,2,3,4,5;0,2,5,6,10,22,24;0,1,3,11,19,20,21,22,29;0,2,4,12,25,29;0,3,5,16,25;0,1,4,7,10,13,16,21;1,8,9,17,19,22,23,24,25;5,10,15,16,17,19;6,9,12,15,21,22,29;6,8,12,13,20;1,5,7,15,19,20,24,27,29;2,12,16,17,18,19,21,23,24,25;3,8,9,11,13,20,26,28,29;5,9,12,15,16,17,18,26;18,23,26,27,28;7,8,10,13,17,20,24;4,5,7,11,13,18,24,25,28;6,7,11,13,15,24,27;11,13,14,16,26,28;2,6,7,10,11,20,24;2,9,10,12,15,19,23;2,5,8,11,22,24;1,2,6,8,21,26,27,29;6,11,14,20,25,27,28,29;1,6,10,11,15,16,17,19,21;3,4,6,11,16,23,28,29;12,13,14,18,22,27;10,14,17,22,23,26,29;12,14,16,18,23,25;2,3,8,10,12,22,23,25,27
jc301_81_5572 30 1,2,3,4,5;0,2,5,6,10,22,24;0,1,3,11,19,20,21,22,29;0,2,4,12,25,29;0,3,5,16,25;0,1,4,7,10,13,16,21;1,8,9,17,19,22,23,24,25;5,10,15,16,17,19;6,9,12,15,21,22,29;6,8,12,13,20;1,5,7,15,19,20,24,27,29;2,12,16,17,18,19,21,23,24,25;3,8,9,11,13,20,26,28,29;5,9,12,15,16,17,18,26;18,23,26,27,28;7,8,10,13,17,20,24;4,5,7,11,13,18,24,25,28;6,7,11,13,15,24,27;11,13,14,16,26,28;2,6,7,10,11,20,24;2,9,10,12,15,19,23;2,5,8,11,22,24;1,2,6,8,21,26,27;6,11,14,20,25,27,28,29;1,6,10,11,15,16,17,19,21;3,4,6,11,16,23,28,29;12,13,14,18,22,27;10,14,17,22,23,26,29;12,14,16,18,23,25;2,3,8,10,12,23,25,27
jc301_81_5580 30 1,2,3,4,5;0,2,5,6,10,22,24;0,1,3,11,19,20,21,22,29;0,2,4,12,25,29;0,3,5,16,25;0,1,4,7,10,13,16,21;1,8,9,17,19,22,23,24,25;5,10,15,16,17,19;6,9,12,15,21,22,29;6,8,11,12,13,20;1,5,7,15,19,20,24,27,29;2,9,12,16,17,18,19,21,23,24,25;3,8,9,11,13,20,26,28,29;5,9,12,15,16,17,18,26;18,23,26,27,28;7,8,10,13,17,20,24;4,5,7,11,13,18,24,25,28;6,7,11,13,15,24,27;11,13,14,16,26,28;2,6,7,10,11,20,24;2,9,10,12,15,19,23;2,5,8,11,22,24;1,2,6,8,21,26,27;6,11,14,20,25,27,28,29;1,6,10,11,15,16,17,19,21;3,4,6,11,16,23,28,29;12,13,14,18,22,27;10,14,17,22,23,26,29;12,14,16,18,23,25;2,3,8,10,12,23,25,27
jc301_81_5593 30 1,2,3,4,5;0,2,5,6,10,22,24;0,1,3,11,19,20,21,22,29;0,2,4,12,25,29;0,3,5,16,25;0,1,4,7,10,13,16,21;1,8,9,17,19,22,23,24,25;5,10,15,16,17,19;6,9,12,15,21,22,29;6,8,11,12,13,20;1,5,7,15,19,20,24,27,29;2,9,12,16,17,18,19,21,23,24,25;3,8,9,11,13,20,26,28,29;5,9,12,16,17,18,26;18,23,26,27,28;7,8,10,17,20,24;4,5,7,11,13,18,24,25,28;6,7,11,13,15,24,27;11,13,14,16,26,28;2,6,7,10,11,20,24;2,9,10,12,15,19,23;2,5,8,11,22,24;1,2,6,8,21,26,27;6,11,14,20,25,27,28,29;1,6,10,11,15,16,17,19,21;3,4,6,11,16,23,28,29;12,13,14,18,22,27;10,14,17,22,23,26,29;12,14,16,18,23,25;2,3,8,10,12,23,25,27
jc301_81_5603 30 1,2,3,4,5;0,2,5,6,10,22,24;0,1,3,11,19,20,21,22,29;0,2,4,12,25,29;0,3,5,16,25;0,1,4,7,10,13,16,21;1,8,9,17,19,22,23,24,25;5,10,15,16,17,19;6,9,12,21,22,29;6,8,11,12,13,20;1,5,7,15,19,20,24,27,29;2,9,12,16,17,18,19,21,23,24,25;3,8,9,11,13,20,26,28,29;5,9,12,16,17,18,26;18,23,26,27,28;7,10,17,20,24;4,5,7,11,13,18,24,25,28;6,7,11,13,15,24,27;11,13,14,16,26,28;2,6,7,10,11,20,24;2,9,10,12,15,19,23;2,5,8,11,22,24;1,2,6,8,21,26,27;6,11,14,20,25,27,28,29;1,6,10,11,15,16,17,19,21;3,4,6,11,16,23,28,29;12,13,14,18,22,27;10,14,17,22,23,26,29;12,14,16,18,23,25;2,3,8,10,12,23,25,27
jc301_81_5612 30 1,2,3,4,5;0,2,5,6,10,22,24;0,1,3,11,19,20,21,22,29;0,2,4,12,25,29;0,3,5,16,25;0,1,4,7,10,13,16,21;1,8,9,17,19,22,23,24,25;5,10,15,16,17,19;6,9,12,20,21,22,29;6,8,11,12,13,20;1,5,7,15,19,20,24,27,29;2,9,12,16,17,18,19,21,23,24,25;3,8,9,11,13,20,26,28,29;5,9,12,16,17,18,26;18,23,26,27,28;7,10,17,20,24;4,5,7,11,13,18,24,25,28;6,7,11,13,15,24,27;11,13,14,16,26,28;2,6,7,10,11,20,24;2,8,9,10,12,15,19,23;2,5,8,11,22,24;1,2,6,8,21,26,27;6,11,14,20,25,27,28,29;1,6,10,11,15,16,17,19,21;3,4,6,11,16,23,28,29;12,13,14,18,22,27;10,14,17,22,23,26,29;12,14,16,18,23,25;2,3,8,10,12,23,25,27
jc301_81_5614 30 1,2,3,4,5;0,2,5,6,10,22,24;0,1,3,11,20,21,22,29;0,2,4,12,25,29;0,3,5,16,25;0,1,4,7,10,13,16,21;1,8,9,17,19,22,23,25;5,10,15,16,17,19;6,9,12,20,21,22,29;6,8,11,12,13,20;1,5,7,15,19,20,24,27,29;2,9,12,16,17,18,19,21,23,24,25;3,8,9,11,13,20,26,28,29;5,9,12,16,17,18,26;18,23,26,27,28;7,10,17,20,24;4,5,7,11,13,18,24,25,28;6,7,11,13,15,24,27;11,13,14,16,26,28;6,7,10,11,20,24;2,8,9,10,12,15,19,23;2,5,8,11,22,24;1,2,6,8,21,26,27;6,11,14,20,25,27,28,29;1,10,11,15,16,17,19,21;3,4,6,11,16,23,28,29;12,13,14,18,22,27;10,14,17,22,23,26,29;12,14,16,18,23,25;2,3,8,10,12,23,25,27
jc301_81_5615 30 1,2,3,4,5;0,2,5,6,10,22,24;0,1,3,11,20,21,22,29;0,2,4,12,25,29;0,3,5,16,25;0,1,4,7,10,13,16,21;1,8,9,17,19,22,23,25;5,10,15,16,17,19;6,9,12,20,21,22,29;6,8,11,12,13,20;1,5,7,15,19,20,24,27,29;2,9,12,16,17,18,19,21,23,24,25;3,8,9,11,13,20,26,28,29;5,9,12,16,17,18,26;18,23,26,27,28;7,10,17,20,24;4,5,7,11,13,18,24,25,28;6,7,11,13,15,24,27;11,13,14,16,26,28;6,7,10,11,20,24;2,8,9,10,12,15,19,21,23;2,5,8,11,20,22,24;1,2,6,8,21,26,27;6,11,14,20,25,27,28,29;1,10,11,15,16,17,19,21;3,4,6,11,16,23,28,29;12,13,14,18,22,27;10,14,17,22,23,26,29;12,14,16,18,23,25;2,3,8,10,12,23,25,27
jc301_81_5624 30 1,2,3,4,5;0,2,5,6,10,22,24;0,1,3,11,20,21,22,29;0,2,4,12,25,29;0,3,5,16,25;0,1,4,7,10,13,16,21;1,8,9,17,19,22,23,25;5,10,15,16,17,19,21;6,9,12,20,21,22,29;6,8,11,12,13,20;1,5,7,15,19,20,24,27,29;2,9,12,16,17,18,19,21,23,24,25;3,8,9,11,13,20,26,28,29;5,9,12,16,17,18,26;18,23,26,27,28;7,10,17,20,24;4,5,7,11,13,18,24,25,28;6,7,11,13,15,24,27;11,13,14,16,26,28;6,7,10,11,20,24;2,8,9,10,12,15,19,21,23;2,5,7,8,11,20,22,24;1,2,6,8,21,26,27;6,11,14,20,25,27,28,29;1,10,11,15,16,17,19,21;3,4,6,11,16,23,28,29;12,13,14,18,22,27;10,14,17,22,23,26,29;12,14,16,18,23,25;2,3,8,10,12,23,25,27
jc301_81_5626 30 1,2,3,4,5;0,2,5,6,10,22,24;0,1,3,11,20,21,22,29;0,2,4,12,25,29;0,3,5,16,25;0,1,4,7,10,13,16,21;1,8,9,17,19,22,23,25;5,10,15,16,17,19,21;6,9,12,20,21,22,29;6,8,11,12,13,20;1,5,7,15,19,20,24,27,29;2,9,12,16,17,18,19,21,23,24,25;3,8,9,11,13,20,26,28,29;5,9,12,16,17,18,26;18,23,26,27,28;7,10,17,20,24;4,5,7,11,13,18,24,25,28;6,7,11,13,15,24;11,13,14,16,26,28;6,7,10,11,20,24;2,8,9,10,12,15,19,21,23;2,5,7,8,11,20,22,24;1,2,6,8,21,26,27;6,11,14,20,25,27,28,29;1,10,11,15,16,17,19,21;3,4,6,11,16,23,28,29;12,13,14,18,22,27;10,14,22,23,26,29;12,14,16,18,23,25;2,3,8,10,12,23,25,27
jc301_81_5628 30 1,2,3,4,5;0,2,5,6,10,22,24;0,1,3,9,11,20,21,22,29;0,2,4,12,25,29;0,3,5,16,25;0,1,4,7,10,13,16,19,21;1,8,9,17,19,22,23,25;5,10,15,16,17,19,21;6,9,12,20,21,22,29;2,6,8,11,12,13,20;1,5,7,15,19,20,24,27,29;2,9,12,16,17,18,19,21,23,24,25;3,8,9,11,13,20,26,28,29;5,9,12,16,17,18,26;18,23,26,27,28;7,10,17,20,24;4,5,7,11,13,18,24,25,28;6,7,11,13,15,24;11,13,14,16,26,28;5,6,7,10,11,20,24;2,8,9,10,12,15,19,21,23;2,5,7,8,11,20,22,24;1,2,6,8,21,26,27;6,11,14,20,25,27,28,29;1,10,11,15,16,17,19,21;3,4,6,11,16,23,28,29;12,13,14,18,22,27;10,14,22,23,26,29;12,14,16,18,23,25;2,3,8,10,12,23,25,27
jc301_81_5636 30 1,2,3,4,5;0,2,5,6,10,22,24;0,1,3,9,11,20,21,22,29;0,2,4,12,25,29;0,3,5,16,25;0,1,4,7,10,13,16,19,21;1,8,9,17,19,22,23,25;5,10,15,16,17,19,21;6,9,12,20,21,22,29;2,6,8,11,12,13,20;1,5,7,15,19,20,24,27,29;2,9,12,16,17,18,19,21,23,24,25;3,8,9,11,13,20,26,28,29;5,9,12,16,17,18,26;18,23,26,27,28;7,10,17,20,24;4,5,7,11,13,18,24,25,28;6,7,11,13,15,24,25;11,13,14,16,26,28;5,6,7,10,11,20,24;2,8,9,10,12,15,19,21,23,25;2,5,7,8,11,20,22,24;1,2,6,8,21,26,27;6,11,14,20,25,27,28,29;1,10,11,15,16,17,19,21;3,4,6,11,16,17,20,23,28,29;12,13,14,18,22,27;10,14,22,23,26,29;12,14,16,18,23,25;2,3,8,10,12,23,25,27
jc301_81_5637 30 1,2,3,4,5;0,2,5,6,7,10,22,24;0,1,3,9,11,20,21,22,29;0,2,4,12,25,29;0,3,5,16,25;0,1,4,7,10,13,16,19,21;1,8,9,17,19,22,23,25;1,5,10,15,16,17,19,21;6,9,12,20,21,22,29;2,6,8,11,12,13,20;1,5,7,15,19,20,24,27,29;2,9,12,16,17,18,19,21,23,24,25;3,8,9,11,13,20,26,28,29;5,9,12,16,17,18,26;18,23,26,27,28;7,10,17,20,24;4,5,7,11,13,18,24,25,28;6,7,11,13,15,24,25;11,13,14,16,26,28;5,6,7,10,11,20,24;2,8,9,10,12,15,19,21,23,25;2,5,7,8,11,20,22,24;1,2,6,8,21,26,27;6,11,14,20,25,27,28,29;1,10,11,15,16,17,19,21;3,4,6,11,16,17,20,23,28,29;12,13,14,18,22,27;10,14,22,23,26,29;12,14,16,18,23,25;2,3,8,10,12,23,25,27
jc301_81_5644 30 1,2,3,4,5;0,2,5,6,7,10,22,24;0,1,3,9,11,20,21,22,29;0,2,4,12,25,29;0,3,5,16,25;0,1,4,7,10,13,16,19,21;1,8,9,17,19,22,23,25;1,5,10,15,16,17,19,21;6,9,12,20,21,22,29;2,6,8,11,12,13,20,25;1,5,7,15,19,20,24,27,29;2,9,12,16,17,18,19,21,23,24,25;3,8,9,11,13,20,26,28,29;5,9,12,16,17,18,26;18,23,26,27,28;7,10,17,20,24;4,5,7,11,13,18,24,25,28;6,7,11,13,15,24,25;11,13,14,16,26,28;5,6,7,10,11,20,24;2,8,9,10,12,15,19,21,23,25;2,5,7,8,11,20,22,24;1,2,6,8,21,26,27;6,11,14,20,25,27,28,29;1,10,11,15,16,17,19,21;3,4,6,9,11,16,17,20,23,28,29;12,13,14,18,22,27;10,14,22,23,26,29;12,14,16,18,23,25;2,3,8,10,12,23,25,27
jc301_81_5645 30 1,2,3,4,5;0,2,5,6,7,10,22,24;0,1,3,9,11,20,21,22,29;0,2,4,12,25,29;0,3,5,16,25;0,1,4,7,10,13,16,19,21;1,8,9,17,19,22,23,25;1,5,10,15,16,17,18,19,21;6,9,12,20,21,22,29;2,6,8,11,12,13,20,25;1,5,7,15,19,20,24,27,29;2,9,12,16,17,18,19,21,23,24,25;3,8,9,11,13,20,26,28,29;5,9,12,16,17,18,26;18,23,26,27,28;7,10,17,20,24;4,5,7,11,13,18,24,25,28;6,7,11,13,15,24,25;7,11,13,14,16,26,28;5,6,7,10,11,20,24;2,8,9,10,12,15,19,21,23,25;2,5,7,8,11,20,22,24;1,2,6,8,21,26,27;6,11,14,20,25,27,28,29;1,10,11,15,16,17,19,21;3,4,6,9,11,16,17,20,23,28,29;12,13,14,18,22,27;10,14,22,23,26,29;12,14,16,18,23,25;2,3,8,10,12,23,25,27
jc301_81_5649 30 1,2,3,4,5;0,2,5,6,7,10,22,24;0,1,3,9,11,20,21,22,29;0,2,4,12,25,29;0,3,5,16,25;0,1,4,7,10,13,16,19,21;1,8,9,17,19,22,23,25;1,5,10,15,16,17,18,19,21;6,9,12,20,21,22,29;2,6,8,11,12,13,20,25;1,5,7,15,19,20,24,27,29;2,9,12,16,17,18,19,21,23,24,25;3,8,9,11,13,20,26,28,29;5,9,12,16,17,18,26;18,23,26,27,28;7,10,17,20,24;4,5,7,11,13,18,24,25,28;6,7,11,13,15,24,25;7,11,13,14,16,26,28;5,6,7,10,11,20;2,8,9,10,12,15,19,21,23,25;2,5,7,8,11,20,22,24;1,2,6,8,21,26,27;6,11,14,20,25,27,28,29;1,10,11,15,16,17,21;3,4,6,9,11,16,17,20,23,28,29;12,13,14,18,22,27;10,14,22,23,26,29;12,14,16,18,23,25;2,3,8,10,12,23,25,27
jc301_81_5660 30 1,2,3,4,5;0,2,5,6,7,10,22,24;0,1,3,9,11,20,21,22,29;0,2,4,12,25,29;0,3,5,16,25;0,1,4,7,10,13,16,19,21;1,8,9,17,19,22,23,25;1,5,10,15,16,17,18,19,21;6,9,12,20,21,22,29;2,6,8,11,12,13,20,25;1,5,7,15,19,20,24,27,29;2,9,12,16,17,18,19,21,23,24,25;3,8,9,11,13,20,26,28,29;5,9,12,16,17,18,26;18,23,26,27,28;7,10,17,20,24;4,5,7,11,13,18,24,25,28;6,7,11,13,15,24,25;7,11,13,14,16,20,26,28;5,6,7,10,11,20;2,8,9,10,12,15,18,19,21,23,25;2,5,7,8,11,20,22,24;1,2,6,8,21,26,27;6,11,14,20,25,27,28,29;1,10,11,15,16,17,21;3,4,6,9,11,16,17,20,23,28,29;12,13,14,18,22,27;10,14,22,23,26,29;12,14,16,18,23,25;2,3,8,10,12,23,25,27
jc301_81_5661 30 1,2,3,4,5;0,2,5,6,7,10,22,24;0,1,3,9,11,20,21,22,29;0,2,4,12,25,29;0,3,5,16,25;0,1,4,7,10,13,16,19,21;1,8,9,17,19,22,23,25;1,5,10,15,16,17,18,19,21;6,9,12,20,21,22,29;2,6,8,11,12,13,20,25;1,5,7,15,19,20,24,27,29;2,9,12,16,17,18,19,21,23,24,25;3,8,9,11,13,20,26,28,29;5,9,12,16,17,18,22,26;18,23,26,27,28;7,10,17,20,24;4,5,7,11,13,18,24,25,28;6,7,11,13,15,24,25;7,11,13,14,16,20,26,28;5,6,7,10,11,20;2,8,9,10,12,15,18,19,21,23,25;2,5,7,8,11,20,22,24;1,2,6,8,13,21,26,27;6,11,14,20,25,27,28,29;1,10,11,15,16,17,21;3,4,6,9,11,16,17,20,23,28,29;12,13,14,18,22,27;10,14,22,23,26,29;12,14,16,18,23,25;2,3,8,10,12,23,25,27
jc301_81_5668 30 1,2,3,4,5;0,2,5,6,7,10,22,24;0,1,3,9,11,20,21,22,29;0,2,4,12,25,29;0,3,5,16,25;0,1,4,7,10,13,16,19,21;1,8,9,17,19,22,23,25;1,5,10,12,15,16,17,18,19,21;6,9,12,20,21,22,29;2,6,8,11,12,13,20,25;1,5,7,15,19,20,24,27,29;2,9,12,16,17,18,19,21,23,24,25;3,7,8,9,11,13,20,26,28,29;5,9,12,16,17,18,22,26;18,23,26,27,28;7,10,17,20,24;4,5,7,11,13,18,24,25,28;6,7,11,13,15,24,25;7,11,13,14,16,20,26,28;5,6,7,10,11,20;2,8,9,10,12,15,18,19,21,23,25;2,5,7,8,11,20,22,24;1,2,6,8,13,21,26,27;6,11,14,20,25,27,28,29;1,10,11,15,16,17,21;3,4,6,9,11,16,17,20,23,28,29;12,13,14,18,22,27;10,14,22,23,26,29;12,14,16,18,23,25;2,3,8,10,12,23,25,27
jc301_81_5670 30 1,2,3,4,5;0,2,5,6,7,10,22,24;0,1,3,9,11,20,21,22,29;0,2,4,12,25,29;0,3,5,16,25;0,1,4,7,10,13,16,19,21;1,8,9,17,19,22,23,25;1,5,10,12,15,16,17,18,19,21;6,9,12,20,21,22,29;2,6,8,11,12,13,20,25;1,5,7,15,19,20,24,27,29;2,9,12,16,17,18,21,23,24,25;3,7,8,9,11,13,20,26,28,29;5,9,12,16,17,18,22,26;18,23,26,27,28;7,10,17,20,24;4,5,7,11,13,18,24,25,28;6,7,11,13,15,24,25;7,11,13,14,16,20,26,28;5,6,7,10,20;2,8,9,10,12,15,18,19,21,23,25;2,5,7,8,11,20,22,24;1,2,6,8,13,21,26,27;6,11,14,20,25,27,28,29;1,10,11,15,16,17,21;3,4,6,9,11,16,17,20,23,28,29;12,13,14,18,22,27;10,14,22,23,26,29;12,14,16,18,23,25;2,3,8,10,12,23,25,27
jc301_81_5672 30 1,2,3,4,5;0,2,5,6,7,10,22,24;0,1,3,11,20,21,22,29;0,2,4,12,25,29;0,3,5,16,25;0,1,4,7,10,13,16,19,21;1,8,9,17,19,22,23,25;1,5,10,12,15,16,17,18,19,21;6,9,12,20,21,22,29;6,8,11,12,13,20,25;1,5,7,15,19,20,24,27,29;2,9,12,16,17,18,21,23,24,25;3,7,8,9,11,13,20,26,28,29;5,9,12,16,17,18,22,26;18,23,26,27,28;7,10,17,20,24;4,5,7,11,13,18,24,25,28;6,7,11,13,15,24,25;7,11,13,14,16,20,26,28;5,6,7,10,20;2,8,9,10,12,15,18,19,21,23,25;2,5,7,8,11,20,22,24;1,2,6,8,13,21,26,27;6,11,14,20,25,27,28,29;1,10,11,15,16,17,21;3,4,6,9,11,16,17,20,23,28,29;12,13,14,18,22,27;10,14,22,23,26,29;12,14,16,18,23,25;2,3,8,10,12,23,25,27
jc301_81_5673 30 1,2,3,4,5;0,2,5,6,7,10,22,24;0,1,3,11,20,21,22,29;0,2,4,12,25,29;0,3,5,16,25;0,1,4,7,10,13,16,19,21;1,8,9,17,19,22,23,25;1,5,10,12,15,16,17,18,19,21;6,9,12,20,21,22,29;6,8,11,12,13,20,25;1,5,7,15,19,20,24,27,29;2,9,12,16,17,18,21,23,24,25;3,7,8,9,11,13,20,26,28,29;5,9,12,16,17,18,22,26;18,23,26,27,28;7,10,17,20,24;4,5,7,11,13,18,24,25,28;6,7,11,13,15,20,24,25;7,11,13,14,16,20,26,28;5,6,7,10,20;2,8,9,10,12,15,17,18,19,21,23,25;2,5,7,8,11,20,22,24;1,2,6,8,13,21,26,27;6,11,14,20,25,27,28,29;1,10,11,15,16,17,21;3,4,6,9,11,16,17,20,23,28,29;12,13,14,18,22,27;10,14,22,23,26,29;12,14,16,18,23,25;2,3,8,10,12,23,25,27
jc301_81_5679 30 1,2,3,4,5;0,2,5,6,7,10,22,24;0,1,3,11,20,21,22,29;0,2,4,12,25,29;0,3,5,16,25;0,1,4,7,10,13,16,19,21;1,8,9,17,19,22,23,25;1,5,10,12,15,16,17,18,19,21;6,9,12,20,21,22,29;6,8,11,12,13,20,25;1,5,7,15,19,20,24,27,29;2,9,12,17,18,21,23,24,25;3,7,8,9,11,13,20,26,28,29;5,9,12,16,17,18,22,26;18,23,26,27,28;7,10,17,20,24;4,5,7,13,18,24,25,28;6,7,11,13,15,20,24,25;7,11,13,14,16,20,26,28;5,6,7,10,20;2,8,9,10,12,15,17,18,19,21,23,25;2,5,7,8,11,20,22,24;1,2,6,8,13,21,26,27;6,11,14,20,25,27,28,29;1,10,11,15,16,17,21;3,4,6,9,11,16,17,20,23,28,29;12,13,14,18,22,27;10,14,22,23,26,29;12,14,16,18,23,25;2,3,8,10,12,23,25,27
jc301_81_5681 30 1,2,3,4,5;0,2,5,6,7,10,22,24;0,1,3,11,20,21,22,29;0,2,4,12,25,29;0,3,5,16,25;0,1,4,7,10,13,16,19,21;1,8,9,17,19,22,23,25;1,5,10,12,15,16,17,18,19,21;6,9,12,20,21,22,29;6,8,11,12,13,20,25;1,5,7,15,19,20,24,27,29;2,9,12,15,17,18,21,23,24,25;3,7,8,9,11,13,20,26,28,29;5,9,12,16,17,18,22,26;18,23,26,27,28;7,10,11,17,20,24;4,5,7,13,18,24,25,28;6,7,11,13,15,20,24,25;7,11,13,14,16,20,26,28;5,6,7,10,20;2,8,9,10,12,15,17,18,19,21,23,25;2,5,7,8,11,20,22,24;1,2,6,8,13,21,26,27;6,11,14,20,25,27,28,29;1,10,11,15,16,17,21;3,4,6,9,11,16,17,20,23,28,29;12,13,14,18,22,27;10,14,22,23,26,29;12,14,16,18,23,25;2,3,8,10,12,23,25,27
jc301_81_5682 30 1,2,3,4,5;0,2,5,6,7,10,22,24;0,1,3,11,20,21,22,29;0,2,4,12,25,29;0,3,5,16,25;0,1,4,7,10,13,16,19;1,8,9,17,19,22,23,25;1,5,10,12,15,16,17,18,19,21;6,9,12,20,21,22,29;6,8,11,12,13,20,25;1,5,7,15,19,20,24,27,29;2,9,12,15,17,18,21,23,24,25;3,7,8,9,11,13,20,26,28,29;5,9,12,16,17,18,22,26;18,23,26,27,28;7,10,11,17,20,24;4,5,7,13,18,24,25,28;6,7,11,13,15,20,24,25;7,11,13,14,16,20,26,28;5,6,7,10,20;2,8,9,10,12,15,17,18,19,21,23,25;2,7,8,11,20,22,24;1,2,6,8,13,21,26,27;6,11,14,20,25,27,28,29;1,10,11,15,16,17,21;3,4,6,9,11,16,17,20,23,28,29;12,13,14,18,22,27;10,14,22,23,26,29;12,14,16,18,23,25;2,3,8,10,12,23,25,27
jc301_81_5683 30 1,2,3,4,5;0,2,5,6,7,10,22,24;0,1,3,11,20,21,22,29;0,2,4,12,25,29;0,3,5,16,25;0,1,4,7,10,13,16,19;1,8,9,17,19,22,23,25;1,5,10,12,15,16,17,18,19,21;6,9,12,20,21,22,29;6,8,11,12,13,20,25;1,5,7,15,19,20,24,27,29;2,9,12,17,18,21,23,24,25;3,7,8,9,11,13,20,26,28,29;5,9,12,16,17,18,22,26;18,23,26,27,28;7,10,17,20,24;4,5,7,13,18,24,25,28;6,7,11,13,15,20,24,25;7,11,13,14,16,20,26,28;5,6,7,10,20;2,8,9,10,12,15,17,18,19,21,23,25;2,7,8,11,20,22,24;1,2,6,8,13,21,26,27;6,11,14,20,25,27,28,29;1,10,11,15,16,17,21;3,4,6,9,11,16,17,20,23,28,29;12,13,14,18,22,27;10,14,22,23,26,29;12,14,16,18,23,25;2,3,8,10,12,23,25,27
jc301_81_5694 30 1,2,3,4,5;0,2,5,6,7,10,22,24;0,1,3,11,20,21,22,29;0,2,4,12,25,29;0,3,5,16,25;0,1,4,7,10,13,16,19;1,8,9,17,19,22,23,25;1,5,10,12,15,16,17,18,19,21;6,9,12,20,21,22,29;6,8,11,12,13,20,25;1,5,7,15,19,20,24,27,29;2,9,12,17,18,21,23,24,25;3,7,8,9,11,13,20,26,28,29;5,9,12,17,18,22,26;18,23,26,27,28;7,10,17,20,24;4,5,7,18,24,25,28;6,7,11,13,15,20,24,25;7,11,13,14,16,20,26,28;5,6,7,10,20;2,8,9,10,12,15,17,18,19,21,23,25;2,7,8,11,20,22,24;1,2,6,8,13,21,26,27;6,11,14,20,25,27,28,29;1,10,11,15,16,17,21;3,4,6,9,11,16,17,20,23,28,29;12,13,14,18,22,27;10,14,22,23,26,29;12,14,16,18,23,25;2,3,8,10,12,23,25,27
jc301_81_5700 30 1,2,3,4,5;0,2,5,6,7,10,22,24;0,1,3,11,21,22,29;0,2,4,12,25,29;0,3,5,16,25;0,1,4,7,10,13,16,19;1,8,9,17,19,22,23,25;1,5,10,12,15,16,17,18,19,21;6,9,12,20,21,22,29;6,8,11,12,13,20,25;1,5,7,15,19,20,24,27,29;2,9,12,17,18,21,23,24,25;3,7,8,9,11,13,20,26,28,29;5,9,12,17,18,22,26;18,23,26,27,28;7,10,17,20,24;4,5,7,18,24,25,28;6,7,11,13,15,20,24,25;7,11,13,14,16,20,26,28;5,6,7,10,20;8,9,10,12,15,17,18,19,21,23,25;2,7,8,11,20,22,24;1,2,6,8,13,21,26,27;6,11,14,20,25,27,28,29;1,10,11,15,16,17,21;3,4,6,9,11,16,17,20,23,28,29;12,13,14,18,22,27;10,14,22,23,26,29;12,14,16,18,23,25;2,3,8,10,12,23,25,27
jc301_81_5705 30 1,2,3,4,5;0,2,5,6,7,10,22,24;0,1,3,11,21,22,29;0,2,4,12,25,29;0,3,5,16,25;0,1,4,7,10,13,16,19;1,8,9,17,19,22,23,25;1,5,10,12,15,16,17,18,19,21;6,9,12,20,21,22,29;6,8,11,12,13,20,25;1,5,7,15,19,20,24,27,29;2,9,12,17,18,21,23,24,25;3,7,8,9,11,13,20,26,28,29;5,9,12,17,18,22,26;18,23,26,27,28;7,10,17,20,24;4,5,7,18,24,25,28;6,7,11,13,15,20,24,25;7,11,13,14,16,20,26,28;5,6,7,10,20;8,9,10,12,15,17,18,19,21,23;2,7,8,11,20,22,24;1,2,6,8,13,21,26,27;6,11,14,20,25,27,28,29;1,10,11,15,16,17,21;3,4,6,9,11,16,17,23,28,29;12,13,14,18,22,27;10,14,22,23,26,29;12,14,16,18,23,25;2,3,8,10,12,23,25,27
jc301_81_5706 30 1,2,3,4,5;0,2,5,6,7,10,22,24;0,1,3,11,21,22,29;0,2,4,12,25,29;0,3,5,16,25;0,1,4,7,10,13,16,19;1,8,9,17,19,22,23,25;1,5,10,12,15,16,17,19,21;6,9,12,20,21,22,29;6,8,11,12,13,20,25;1,5,7,15,19,20,24,27,29;2,9,12,17,18,21,23,24,25;3,7,8,9,11,13,20,26,28,29;5,9,12,17,18,22,26;18,23,26,27,28;7,10,17,20,24;4,5,7,18,24,25,28;6,7,11,13,15,20,24,25;11,13,14,16,20,26,28;5,6,7,10,20;8,9,10,12,15,17,18,19,21,23;2,7,8,11,20,22,24;1,2,6,8,13,21,26,27;6,11,14,20,25,27,28,29;1,10,11,15,16,17,21;3,4,6,9,11,16,17,23,28,29;12,13,14,18,22,27;10,14,22,23,26,29;12,14,16,18,23,25;2,3,8,10,12,23,25,27
jc301_81_5719 30 1,2,3,4,5;0,2,5,6,7,10,22,24;0,1,3,11,21,22,29;0,2,4,12,25,29;0,3,5,16,25;0,1,4,7,10,13,16,19;1,8,9,17,19,22,23,25;1,5,10,12,15,16,17,19,21;6,9,12,20,21,22,29;6,8,11,12,13,20,25;1,5,7,15,19,20,24,27,29;2,9,12,17,18,21,23,24,25;3,7,8,9,11,13,20,26,28,29;5,9,12,17,18,22,26;18,23,26,27,28;7,10,17,20,24;4,5,7,18,24,25,28;6,7,11,13,15,20,24,25,28;11,13,14,16,20,26,28;5,6,7,10,20;8,9,10,12,15,17,18,19,21,23;2,7,8,11,20,22,24;1,2,6,8,13,21,26,27;6,11,14,20,25,27,28,29;1,10,11,15,16,17,21;3,4,6,9,11,16,17,23,28,29;12,13,14,18,22,27;10,14,22,23,26,29;12,14,16,17,18,23,25;2,3,8,10,12,23,25,27
jc301_81_5736 30 1,2,3,4,5;0,2,5,6,7,10,22,24;0,1,3,11,21,22,29;0,2,4,12,25,29;0,3,5,16,25;0,1,4,7,10,13,16,17,19;1,8,9,17,19,22,23,25;1,5,10,12,15,16,17,19,21;6,9,12,20,21,22,29;6,8,11,12,13,20,25;1,5,7,15,19,20,24,27,29;2,9,12,17,18,21,23,24,25;3,7,8,9,11,13,20,26,28,29;5,9,12,17,18,22,26;18,23,26,27,28;7,10,17,20,24;4,5,7,18,24,25,28;5,6,7,11,13,15,20,24,25,28;11,13,14,16,20,26,28;5,6,7,10,20;8,9,10,12,15,17,18,19,21,23;2,7,8,11,20,22,24;1,2,6,8,13,21,26,27;6,11,14,20,25,27,28,29;1,10,11,15,16,17,21;3,4,6,9,11,16,17,23,28,29;12,13,14,18,22,27;10,14,22,23,26,29;12,14,16,17,18,23,25;2,3,8,10,12,23,25,27
jc301_81_5738 30 1,2,3,4,5;0,2,5,6,7,10,22,24;0,1,3,11,21,22,29;0,2,4,12,25,29;0,3,5,16,25;0,1,4,7,10,13,16,17,19;1,8,9,17,19,22,23,25;1,5,10,12,15,16,17,19,21;6,9,12,20,21,22,29;6,8,11,12,13,20,25;1,5,7,15,19,20,24,27,29;2,9,12,17,18,21,23,24,25;3,7,8,9,11,13,20,26,28,29;5,9,12,17,18,22,26;18,23,26,27,28;7,10,17,20,24;4,5,7,18,24,25,28;5,6,7,11,13,15,19,20,24,25,28;11,13,14,16,20,26,28;5,6,7,10,17,20;8,9,10,12,15,17,18,19,21,23;2,7,8,11,20,22,24;1,2,6,8,13,21,26,27,29;6,11,14,20,25,27,28,29;1,10,11,15,16,17,21;3,4,6,9,11,16,17,23,28,29;12,13,14,18,22,27;10,14,22,23,26,29;12,14,16,17,18,23,25;2,3,8,10,12,22,23,25,27
jc301_81_5741 30 1,2,3,4,5;0,2,5,6,7,10,22,24;0,1,3,11,21,22,29;0,2,4,12,25,29;0,3,5,16,25;0,1,4,7,10,13,16,17,19;1,8,9,17,19,22,23,25;1,5,10,12,15,16,17,19,21;6,9,12,20,21,22,29;6,8,11,12,13,20,25;1,5,7,15,19,20,24,27,29;2,9,12,17,18,21,23,24,25;3,7,8,9,11,13,16,20,26,28,29;5,9,12,17,18,22,26;18,23,26,27,28;7,10,17,20,24;4,5,7,12,18,24,25,28;5,6,7,11,13,15,19,20,24,25,28;11,13,14,16,20,26,28;5,6,7,10,17,20;8,9,10,12,15,17,18,19,21,23;2,7,8,11,20,22,24;1,2,6,8,13,21,26,27,29;6,11,14,20,25,27,28,29;1,10,11,15,16,17,21;3,4,6,9,11,16,17,23,28,29;12,13,14,18,22,27;10,14,22,23,26,29;12,14,16,17,18,23,25;2,3,8,10,12,22,23,25,27
jc301_81_5753 30 1,2,3,4,5;0,2,5,6,7,10,22,24;0,1,3,11,21,22,29;0,2,4,12,25,29;0,3,5,16,25;0,1,4,7,10,13,16,17,19;1,8,9,17,19,22,23,25;1,5,12,15,16,17,19,21;6,9,12,20,21,22,29;6,8,11,12,13,20,25;1,5,15,19,20,24,27,29;2,9,12,17,18,21,23,24,25;3,7,8,9,11,13,16,20,26,28,29;5,9,12,17,18,22,26;18,23,26,27,28;7,10,17,20,24;4,5,7,12,18,24,25,28;5,6,7,11,13,15,19,20,24,25,28;11,13,14,16,20,26,28;5,6,7,10,17,20;8,9,10,12,15,17,18,19,21,23;2,7,8,11,20,22,24;1,2,6,8,13,21,26,27,29;6,11,14,20,25,27,28,29;1,10,11,15,16,17,21;3,4,6,9,11,16,17,23,28,29;12,13,14,18,22,27;10,14,22,23,26,29;12,14,16,17,18,23,25;2,3,8,10,12,22,23,25,27
jc301_81_5757 30 1,2,3,4,5;0,2,5,6,7,10,22,24;0,1,3,11,21,22,29;0,2,4,12,25,29;0,3,5,16,25;0,1,4,7,10,13,16,17,19;1,8,9,17,19,22,23,25;1,5,12,15,16,17,19,21;6,9,12,20,21,22,29;6,8,11,12,13,20,25;1,5,15,19,20,24,27,29;2,9,12,17,18,21,23,24,25;3,7,8,9,11,13,16,20,26,28,29;5,9,12,17,18,22,26;18,23,26,27,28;7,10,17,20,24;4,5,7,12,18,24,25,28;5,6,7,11,13,15,19,20,24,25,28;11,13,14,16,20,26,28;5,6,7,10,17,20,24;8,9,10,12,15,17,18,19,21,23;2,7,8,11,20,22,24;1,2,6,8,13,21,26,27,29;6,11,14,20,25,27,28,29;1,10,11,15,16,17,19,21;3,4,6,9,11,16,17,23,28,29;12,13,14,18,22,27;10,14,22,23,26,29;12,14,16,17,18,23,25;2,3,8,10,12,22,23,25,27
jc301_81_5774 30 1,2,3,4,5;0,2,5,6,7,10,22,24;0,1,3,11,21,22,29;0,2,4,12,25,29;0,3,5,16,25;0,1,4,7,10,13,16,17,19;1,8,9,17,19,22,23,25;1,5,12,15,16,17,19,21;6,9,12,20,21,22,29;6,8,11,12,13,20,25;1,5,15,19,20,24,27,29;2,9,12,17,18,21,23,24,25;3,7,8,9,11,13,16,20,26,28,29;5,9,12,17,18,22,26;18,23,26,27,28;7,10,17,20,24;4,5,7,12,18,24,25,28;5,6,7,11,13,15,19,20,24,25,28,29;11,13,14,16,20,26,28;5,6,7,10,17,20,24;8,9,10,12,15,17,18,19,21,23;2,7,8,11,20,22,24;1,2,6,8,13,21,26,27,29;6,11,14,20,25,27,28,29;1,10,11,15,16,17,19,21;3,4,6,9,11,16,17,23,28,29;12,13,14,18,22,27;10,14,22,23,26,29;12,14,16,17,18,23,25;2,3,8,10,12,17,22,23,25,27
jc301_81_5776 30 1,2,3,4,5;0,2,5,6,7,10,22,24;0,1,3,11,21,22,29;0,2,4,12,25,29;0,3,5,16,25;0,1,4,7,10,13,16,17,19;1,8,9,17,19,22,23,25;1,5,9,12,15,16,17,19,21;6,9,12,20,21,22,29;6,7,8,11,12,13,20,25;1,5,15,19,20,24,27,29;2,9,12,17,18,21,23,24,25;3,7,8,9,11,13,16,20,26,28,29;5,9,12,17,18,22,26;18,23,26,27,28;7,10,17,20,24;4,5,7,12,18,24,25,28;5,6,7,11,13,15,19,20,24,25,28,29;11,13,14,16,20,26,28;5,6,7,10,17,20,24;8,9,10,12,15,17,18,19,21,23;2,7,8,11,20,22,24;1,2,6,8,13,21,26,27,29;6,11,14,20,25,27,28,29;1,10,11,15,16,17,19,21;3,4,6,9,11,16,17,23,28,29;12,13,14,18,22,27;10,14,22,23,26,29;12,14,16,17,18,23,25;2,3,8,10,12,17,22,23,25,27
jc301_81_5783 30 1,2,3,4,5;0,2,5,6,7,10,22,24;0,1,3,11,21,22,29;0,2,4,12,25,29;0,3,5,16,25;0,1,4,7,10,13,16,17,19;1,8,9,17,19,22,23,25;1,5,9,12,15,16,17,19,21;6,9,12,20,21,22,29;6,7,8,11,12,13,20,25;1,5,15,19,20,24,27,28,29;2,9,12,17,18,21,23,24,25;3,7,8,9,11,13,16,20,26,28,29;5,9,12,17,18,22,26;18,23,26,27,28;7,10,17,20,24;4,5,7,12,18,24,25,28;5,6,7,11,13,15,19,20,24,25,28,29;11,13,14,16,20,26,28;5,6,7,10,17,20,24;8,9,10,12,15,17,18,19,21,23;2,7,8,11,20,22,24;1,2,6,8,13,21,26,27,29;6,11,14,20,25,27,28,29;1,10,11,15,16,17,19,21;3,4,6,9,11,16,17,23,28,29;12,13,14,18,22,27;10,14,22,23,26,29;10,12,14,16,17,18,23,25;2,3,8,10,12,17,22,23,25,27
jc301_81_5788 30 1,2,3,4,5;0,2,5,6,7,10,22,24;0,1,3,11,21,22,29;0,2,4,12,25,29;0,3,5,16,25;0,1,4,7,10,13,16,17,19;1,8,9,17,19,22,23,25;1,5,9,12,15,16,17,19,21;6,9,12,20,21,22,29;6,7,8,11,12,13,20,25;1,5,15,19,20,24,27,28,29;2,9,12,17,18,21,23,24,25;3,7,8,9,11,13,16,20,26,28,29;5,9,12,17,18,22,26;18,23,26,27,28;7,10,17,20,24;4,5,7,12,18,24,25,28;5,6,7,11,13,15,19,20,24,25,28;11,13,14,16,26,28;5,6,7,10,17,20,24;8,9,10,12,15,17,19,21,23;2,7,8,11,20,22,24;1,2,6,8,13,21,26,27,29;6,11,14,20,25,27,28,29;1,10,11,15,16,17,19,21;3,4,6,9,11,16,17,23,28,29;12,13,14,18,22,27;10,14,22,23,26,29;10,12,14,16,17,18,23,25;2,3,8,10,12,22,23,25,27
jc301_81_5795 30 1,2,3,4,5;0,2,5,6,7,10,22,24;0,1,3,11,21,22,29;0,2,4,12,25,29;0,3,5,16,25;0,1,4,7,10,13,16,17,19;1,8,9,17,19,22,23,25;1,5,9,12,15,16,17,19,21;6,9,12,20,21,22,29;6,7,8,11,12,13,20,25;1,5,15,19,20,24,27,28,29;2,9,12,17,18,21,23,24,25;3,7,8,9,11,13,16,20,26,28,29;5,9,12,17,18,22,26;18,23,26,27,28;7,10,17,20,24;4,5,7,12,18,24,25,28;5,6,7,11,13,15,19,20,24,25,28;11,13,14,16,26,28;5,6,7,10,17,20,24;8,9,10,12,15,17,19,21,23;2,7,8,11,20,22,24;1,2,6,8,13,21,26,27,29;6,11,14,20,25,27,28,29;1,10,11,15,16,17,19,21;3,4,6,9,11,16,17,23,28;12,13,14,18,22,27;10,14,22,23,26,29;10,12,14,16,17,18,23,25;2,3,8,10,12,22,23,27
jc301_81_5801 30 1,2,3,4,5;0,2,5,6,7,10,22,24;0,1,3,11,21,22,29;0,2,4,12,25,29;0,3,5,16,25;0,1,4,7,10,13,16,17,19;1,8,9,16,17,19,22,23,25;1,5,9,12,15,16,17,19,21;6,9,12,20,21,22,29;6,7,8,11,12,13,20,25;1,5,15,19,20,24,27,28,29;2,9,12,17,18,21,23,24,25;3,7,8,9,11,13,16,20,26,28,29;5,9,12,17,18,22,26;18,23,26,27,28;7,10,17,20,24;4,5,6,7,12,18,24,25,28;5,6,7,11,13,15,19,20,24,25,28;11,13,14,16,26,28;5,6,7,10,17,20,24;8,9,10,12,15,17,19,21,23;2,7,8,11,20,22,24;1,2,6,8,13,21,26,27,29;6,11,14,20,25,27,28,29;1,10,11,15,16,17,19,21;3,4,6,9,11,16,17,23,28;12,13,14,18,22,27;10,14,22,23,26,29;10,12,14,16,17,18,23,25;2,3,8,10,12,22,23,27
jc301_81_5804 30 1,2,3,4,5;0,2,5,6,7,10,22,24;0,1,3,11,21,22,29;0,2,4,12,25,29;0,3,5,16,25;0,1,4,7,10,13,16,17,19;1,8,9,16,17,19,22,23,25;1,5,9,12,15,16,17,19,21;6,9,12,20,21,22,29;6,7,8,11,12,13,20,25;1,5,15,19,20,24,27,28,29;2,9,12,17,18,21,24,25;3,7,8,9,11,13,16,20,26,28,29;5,9,12,17,18,22,26;18,23,26,27,28;7,10,17,20,24;4,5,6,7,12,18,24,25,28;5,6,7,11,13,15,19,20,24,25,28,29;11,13,14,16,26,28;5,6,7,10,17,20,24;8,9,10,12,15,17,19,21,23;2,7,8,11,20,22,24;1,2,6,8,13,21,26,27,29;6,14,20,25,27,28,29;1,10,11,15,16,17,19,21;3,4,6,9,11,16,17,23,28;12,13,14,18,22,27;10,14,22,23,26,29;10,12,14,16,17,18,23,25;2,3,8,10,12,17,22,23,27
jc301_81_5813 30 1,2,3,4,5;0,2,5,6,7,10,22,24;0,1,3,11,21,22,29;0,2,4,12,25,29;0,3,5,16,25;0,1,4,7,10,13,16,17,19;1,8,9,16,17,19,22,23,25;1,5,9,12,15,16,17,19,21;6,9,12,20,21,22,29;6,7,8,11,12,13,20,25;1,5,15,19,20,24,27,28,29;2,9,12,17,18,21,24,25;3,7,8,9,11,13,16,20,26,28,29;5,9,12,17,18,22,26;18,23,26,27,28;7,10,17,20,24;4,5,6,7,12,18,24,25,28;5,6,7,11,13,15,19,20,24,25,28,29;11,13,14,16,26,28;5,6,7,10,17,20,24;8,9,10,12,15,17,19,21,23;2,7,8,11,20,22,24;1,2,6,8,13,21,26,27,29;6,14,20,25,27,28,29;1,10,11,15,16,17,19,21;3,4,6,9,11,16,17,23,28,29;12,13,14,18,22,27;10,14,22,23,26,29;10,12,14,16,17,18,23,25;2,3,8,10,12,17,22,23,25,27
jc301_81_5817 30 1,2,3,4,5;0,2,5,6,7,10,22,24;0,1,3,11,21,22,29;0,2,4,12,25,29;0,3,5,16,25;0,1,4,7,10,13,16,17,19;1,8,9,16,17,19,22,23,25;1,5,9,12,15,16,17,19,21;6,9,12,20,21,22,29;6,7,8,11,12,13,20,25;1,5,15,19,20,24,27,28,29;2,9,12,17,18,21,24,25;3,7,8,9,11,13,16,20,26,28,29;5,9,12,17,18,22,26;18,23,26,27,28;7,10,17,20,24;4,5,6,7,12,18,24,25,28;5,6,7,11,13,15,19,20,24,25,28,29;11,13,14,16,26,28;5,6,7,10,17,20,24;8,9,10,12,15,17,19,21,23,24;2,7,8,11,20,22,24;1,2,6,8,13,21,26,27,29;6,14,20,25,27,28,29;1,10,11,15,16,17,19,20,21;3,4,6,9,11,16,17,23,28,29;12,13,14,18,22,27;10,14,22,23,26,29;10,12,14,16,17,18,23,25;2,3,8,10,12,17,22,23,25,27
jc301_81_5828 30 1,2,3,4,5;0,2,5,6,7,10,22,24;0,1,3,11,21,22,29;0,2,4,12,25,29;0,3,5,16,25;0,1,4,7,10,13,16,17,19;1,8,9,16,17,19,22,23,25;1,5,9,10,12,15,16,17,19,21;6,9,12,20,21,22,29;6,7,8,11,12,13,20,25;1,5,7,15,19,20,24,27,28,29;2,9,12,17,18,21,24,25;3,7,8,9,11,13,16,20,26,28,29;5,9,12,17,18,22,26;18,23,26,27,28;7,10,17,20,24;4,5,6,7,12,18,24,25,28;5,6,7,11,13,15,19,20,24,25,28,29;11,13,14,16,26,28;5,6,7,10,17,20,24;8,9,10,12,15,17,19,21,23,24;2,7,8,11,20,22,24;1,2,6,8,13,21,26,27,29;6,14,20,25,27,28,29;1,10,11,15,16,17,19,20,21;3,4,6,9,11,16,17,23,28,29;12,13,14,18,22,27;10,14,22,23,26,29;10,12,14,16,17,18,23,25;2,3,8,10,12,17,22,23,25,27
jc301_81_5830 30 1,2,3,4,5;0,2,5,6,7,10,22,24;0,1,3,11,21,22,29;0,2,4,12,25,29;0,3,5,16,25;0,1,4,7,10,13,16,17,19;1,8,9,16,17,19,22,23,25;1,5,9,10,12,15,16,17,19,21;6,9,12,20,21,22,29;6,7,8,11,12,13,20,25;1,5,7,15,19,20,24,27,28,29;2,9,12,17,21,24,25;3,7,8,9,11,13,16,20,26,28,29;5,9,12,17,18,22,26;18,23,26,27,28;7,10,17,20,24;4,5,6,7,12,18,24,25,28;5,6,7,11,13,15,19,20,24,25,28,29;13,14,16,26,28;5,6,7,10,17,20,24;8,9,10,12,15,17,19,21,23,24;2,7,8,11,20,22,24;1,2,6,8,13,21,26,27,29;6,14,20,25,27,28,29;1,10,11,15,16,17,19,20,21;3,4,6,9,11,16,17,23,28,29;12,13,14,18,22,27;10,14,22,23,26,29;10,12,14,16,17,18,23,25;2,3,8,10,12,17,22,23,25,27
jc301_81_5831 30 1,2,3,4,5;0,2,5,6,7,10,22,24;0,1,3,11,12,21,22,29;0,2,4,12,25,29;0,3,5,16,25;0,1,4,7,10,13,16,17,19;1,8,9,16,17,19,22,23,25;1,5,9,10,12,15,16,17,19,21;6,9,12,20,21,22,29;6,7,8,11,12,13,20,25;1,5,7,15,19,20,24,27,28,29;2,9,12,17,21,24,25;2,3,7,8,9,11,13,16,20,26,28,29;5,9,12,17,18,22,26;18,23,26,27,28;7,10,17,20,24;4,5,6,7,12,18,24,25,28;5,6,7,11,13,15,19,20,24,25,28,29;13,14,16,26,28;5,6,7,10,17,20,24;8,9,10,12,15,17,19,21,23,24;2,7,8,11,20,22,24;1,2,6,8,13,21,26,27,29;6,14,20,25,27,28,29;1,10,11,15,16,17,19,20,21;3,4,6,9,11,16,17,23,28,29;12,13,14,18,22,27;10,14,22,23,26,29;10,12,14,16,17,18,23,25;2,3,8,10,12,17,22,23,25,27
jc301_81_5835 30 1,2,3,4,5;0,2,5,6,7,10,22,24;0,1,3,11,12,21,22,29;0,2,4,12,25,29;0,3,5,16,25;0,1,4,7,10,13,16,17,19;1,8,9,16,17,19,22,23,25;1,5,9,10,12,15,16,17,19,21;6,9,12,20,21,22,29;6,7,8,11,12,13,20;1,5,7,15,19,20,24,27,28,29;2,9,12,17,21,24,25;2,3,7,8,9,11,13,16,20,26,28,29;5,9,12,17,18,22,26;18,23,26,27,28;7,10,17,20,24;4,5,6,7,12,18,24,25,28;5,6,7,11,13,15,19,20,24,25,28,29;13,14,16,26,28;5,6,7,10,17,20,24;8,9,10,12,15,17,19,21,23,24;2,7,8,11,20,22,24;1,2,6,8,13,21,26,27,29;6,14,20,25,27,28,29;1,10,11,15,16,17,19,20,21;3,4,6,11,16,17,23,28,29;12,13,14,18,22,27;10,14,22,23,26,29;10,12,14,16,17,18,23,25;2,3,8,10,12,17,22,23,25,27
jc301_81_5836 30 1,2,3,4,5;0,2,5,6,7,10,22,24;0,1,3,11,12,21,22,29;0,2,4,12,25,29;0,3,5,16,25;0,1,4,7,10,13,16,17,19;1,8,9,16,17,19,22,23,25;1,5,9,10,12,15,16,17,19,21;6,9,12,20,21,22,29;6,7,8,11,12,13,20;1,5,7,15,19,20,24,27,28,29;2,9,12,17,21,24,25;2,3,7,8,9,11,13,16,20,26,28,29;5,9,12,17,18,22,26;18,23,26,27,28;7,10,17,20,24;4,5,6,7,12,18,24,28;5,6,7,11,13,15,19,20,24,25,28,29;13,14,16,26,28;5,6,7,10,17,20,24;8,9,10,12,15,17,19,21,23,24;2,7,8,11,20,22,24;1,2,6,8,13,21,26,27,29;6,14,20,25,27,28,29;1,10,11,15,16,17,19,20,21;3,4,6,11,17,23,28,29;12,13,14,18,22,27;10,14,22,23,26,29;10,12,14,16,17,18,23,25;2,3,8,10,12,17,22,23,25,27
jc301_81_5846 30 1,2,3,4,5;0,2,5,6,7,10,20,22,24;0,1,3,11,12,21,22,29;0,2,4,12,25,29;0,3,5,16,25;0,1,4,7,10,13,16,17,19;1,8,9,16,17,19,22,23,25;1,5,9,10,12,15,16,17,19,21;6,9,12,20,21,22,29;6,7,8,11,12,13,20;1,5,7,15,19,20,24,27,28,29;2,9,12,17,21,24,25;2,3,7,8,9,11,13,16,20,26,28,29;5,9,12,17,18,22,26;18,23,26,27,28;7,10,17,20,24;4,5,6,7,12,18,24,28;5,6,7,11,13,15,19,20,24,25,28,29;13,14,16,26,28;5,6,7,10,17,20,24;1,8,9,10,12,15,17,19,21,23,24;2,7,8,11,20,22,24;1,2,6,8,13,21,26,27,29;6,14,20,25,27,28,29;1,10,11,15,16,17,19,20,21;3,4,6,11,17,23,28,29;12,13,14,18,22,27;10,14,22,23,26,29;10,12,14,16,17,18,23,25;2,3,8,10,12,17,22,23,25,27
jc301_81_5850 30 1,2,3,4,5;0,2,5,7,10,20,22,24;0,1,3,11,12,21,22,29;0,2,4,12,25,29;0,3,5,16,25;0,1,4,7,10,13,16,17,19;8,9,16,17,19,22,23,25;1,5,9,10,12,15,16,17,19,21;6,9,12,20,21,22,29;6,7,8,11,12,13,20;1,5,7,15,19,20,24,27,28,29;2,9,12,17,21,24,25;2,3,7,8,9,11,13,16,20,26,28,29;5,9,12,17,18,22,26;18,23,26,27,28;7,10,17,20,24;4,5,6,7,12,18,24,28;5,6,7,11,13,15,19,20,24,25,28,29;13,14,16,26,28;5,6,7,10,17,20,24;1,8,9,10,12,15,17,19,21,23,24;2,7,8,11,20,22,24;1,2,6,8,13,21,26,27,29;6,14,20,25,27,28,29;1,10,11,15,16,17,19,20,21;3,4,6,11,17,23,28,29;12,13,14,18,22,27;10,14,22,23,26,29;10,12,14,16,17,18,23,25;2,3,8,10,12,17,22,23,25,27
jc301_81_5853 30 1,2,3,4,5;0,2,5,7,10,20,22,24;0,1,3,11,12,21,22,29;0,2,4,12,25,29;0,3,5,16,25;0,1,4,7,10,13,16,17,19;8,9,16,17,19,22,23,25;1,5,9,10,12,15,16,17,19,21;6,9,12,20,21,22,29;6,7,8,11,12,13,20;1,5,7,15,19,20,24,27,28,29;2,9,12,17,21,23,24,25;2,3,7,8,9,11,13,16,20,26,28,29;5,9,12,17,18,22,26;18,23,26,27,28;7,10,17,20,24;4,5,6,7,12,18,24,28;5,6,7,11,13,15,19,20,24,25,28,29;13,14,16,26,28;5,6,7,10,17,20,24;1,8,9,10,12,15,17,19,21,23,24;2,7,8,11,20,22,24;1,2,6,8,13,21,26,27,29;6,11,14,20,25,27,28,29;1,10,11,15,16,17,19,20,21;3,4,6,11,17,23,28,29;12,13,14,18,22,27;10,14,22,23,26,29;10,12,14,16,17,18,23,25;2,3,8,10,12,17,22,23,25,27
jc301_81_5860 30 1,2,3,4,5;0,2,5,7,10,20,22,24;0,1,3,11,12,21,22,29;0,2,4,12,25,29;0,3,5,16,25;0,1,4,7,10,13,16,17,19;8,9,16,17,19,22,23,25;1,5,9,10,12,15,16,17,19,21;6,9,12,20,21,22,29;6,7,8,11,12,13,20;1,5,7,15,19,20,24,27,28,29;2,9,12,17,21,23,24,25;2,3,7,8,9,11,13,16,20,26,28,29;5,9,12,17,18,22,26;18,23,26,27,28;7,10,17,20,24;4,5,6,7,12,18,24,28;5,6,7,11,13,15,19,20,24,25,28,29;13,14,16,26,28;5,6,7,10,17,20,22,24;1,8,9,10,12,15,17,19,21,23,24;2,7,8,11,20,22,24;1,2,6,8,13,19,21,26,27,29;6,11,14,20,25,27,28,29;1,10,11,15,16,17,19,20,21;3,4,6,11,17,23,28,29;12,13,14,18,22,27;10,14,22,23,26,29;10,12,14,16,17,18,23,25;2,3,8,10,12,17,22,23,25,27
jc301_81_5865 30 1,2,3,4,5;0,2,5,7,10,20,22,24;0,1,3,11,12,21,22,29;0,2,4,12,25,29;0,3,5,16,25;0,1,4,7,10,13,16,17,19;8,9,16,17,19,22,23,25;1,5,9,10,12,15,16,17,19,21;6,9,12,20,21,22,29;6,7,8,11,12,13,20;1,5,7,15,19,20,24,27,28,29;2,9,12,17,21,23,24,25;2,3,7,8,9,11,13,16,20,26,29;5,9,12,17,18,22,26;18,23,26,27,28;7,10,17,20,24;4,5,6,7,12,18,24,28;5,6,7,11,13,15,19,20,24,25,28,29;13,14,16,26,28;5,6,7,10,17,20,22,24;1,8,9,10,12,15,17,19,21,23,24;2,7,8,11,20,22,24;1,2,6,8,13,19,21,26,27,29;6,11,14,20,25,27,28,29;1,10,11,15,16,17,19,20,21;3,4,6,11,17,23,28,29;12,13,14,18,22,27;10,14,22,23,26,29;10,14,16,17,18,23,25;2,3,8,10,12,17,22,23,25,27
jc301_81_5869 30 1,2,3,4,5;0,2,5,7,10,20,22,24;0,1,3,11,12,21,22,29;0,2,4,12,25,29;0,3,5,16,25;0,1,4,7,10,13,16,17,19;8,9,16,17,19,22,23,25;1,5,9,10,12,15,16,17,19,21;6,9,12,20,21,22,29;6,7,8,11,12,13,20;1,5,7,15,19,20,24,27,28;2,9,12,17,21,23,24,25;2,3,7,8,9,11,13,16,20,26,29;5,9,12,17,18,22,26;18,23,26,27,28;7,10,17,20,24;4,5,6,7,12,18,24,28;5,6,7,11,13,15,19,20,24,25,28,29;13,14,16,26,28;5,6,7,10,17,20,22,24;1,8,9,10,12,15,17,19,21,23,24;2,7,8,11,20,22,24;1,2,6,8,13,19,21,26,27,29;6,11,14,20,25,27,28,29;1,10,11,15,16,17,19,20,21;3,4,6,11,17,23,28,29;12,13,14,18,22,27;10,14,22,23,26,29;10,14,16,17,18,23,25;2,3,8,12,17,22,23,25,27
jc301_81_5873 30 1,2,3,4,5;0,2,5,7,10,20,22,24;0,1,3,11,12,21,22,29;0,2,4,12,25,29;0,3,5,16,25;0,1,4,7,10,13,16,17,19;8,9,16,17,19,22,23,25;1,5,9,10,12,15,16,17,19,21;6,9,12,20,21,22,29;6,7,8,11,12,13,20;1,5,7,15,19,20,24,25,27,28;2,9,12,17,21,23,24,25;2,3,7,8,9,11,13,16,20,26,29;5,9,12,17,18,22,26;18,23,26,27,28;7,10,17,20,24;4,5,6,7,12,18,24,28;5,6,7,11,13,15,19,20,24,25,28,29;13,14,16,26,28;5,6,7,10,17,20,22,24;1,8,9,10,12,15,17,19,21,23,24;2,7,8,11,20,22,24;1,2,6,8,13,19,21,26,27,29;6,11,14,20,25,27,28,29;1,10,11,15,16,17,19,20,21;3,4,6,10,11,17,23,28,29;12,13,14,18,22,27;10,14,22,23,26,29;10,14,16,17,18,23,25;2,3,8,12,17,22,23,25,27
jc301_81_5882 30 1,2,3,4,5;0,2,5,7,10,20,22,24;0,1,3,11,12,21,22,29;0,2,4,12,25,29;0,3,5,16,25;0,1,4,7,10,13,16,17,19;8,9,16,17,18,19,22,23,25;1,5,9,10,12,15,16,17,19,21;6,9,12,20,21,22,29;6,7,8,11,12,13,20;1,5,7,15,19,20,24,25,27,28;2,9,12,17,21,23,24,25;2,3,7,8,9,11,13,16,20,26,29;5,9,12,17,18,22,26;18,23,26,27,28;7,10,17,20,24;4,5,6,7,12,18,24,28;5,6,7,11,13,15,19,20,24,25,28,29;6,13,14,16,26,28;5,6,7,10,17,20,22,24;1,8,9,10,12,15,17,19,21,23,24;2,7,8,11,20,22,24;1,2,6,8,13,19,21,26,27,29;6,11,14,20,25,27,28,29;1,10,11,15,16,17,19,20,21;3,4,6,10,11,17,23,28,29;12,13,14,18,22,27;10,14,22,23,26,29;10,14,16,17,18,23,25;2,3,8,12,17,22,23,25,27
jc301_81_5884 30 1,2,3,4,5;0,2,5,7,10,20,22,24;0,1,3,11,12,21,22,29;0,2,4,12,25,29;0,3,5,16,25;0,1,4,7,10,13,16,17,19;8,9,16,17,18,19,22,23,25;1,5,9,10,12,15,16,17,19,21;6,9,12,20,21,22,29;6,7,8,11,12,13,20;1,5,7,15,19,20,24,25,27,28;2,9,12,17,21,23,24,25;2,3,7,8,9,11,13,16,20,26,29;5,9,12,17,18,21,22,26;18,23,26,27,28;7,10,17,20,24;4,5,6,7,12,18,24,28;5,6,7,11,13,15,19,20,24,25,28,29;6,13,14,16,26,28;5,6,7,10,17,20,22,24;1,8,9,10,12,15,17,19,21,23,24;2,7,8,11,13,20,22,24;1,2,6,8,13,19,21,26,27,29;6,11,14,20,25,27,28,29;1,10,11,15,16,17,19,20,21;3,4,6,10,11,17,23,28,29;12,13,14,18,22,27;10,14,22,23,26,29;10,14,16,17,18,23,25;2,3,8,12,17,22,23,25,27
jc301_81_5885 30 1,2,3,4,5;0,2,5,7,10,11,20,22,24;0,1,3,11,12,21,22,29;0,2,4,12,25,29;0,3,5,16,25;0,1,4,7,10,13,16,17,19;8,9,16,17,18,19,22,23,25;1,5,9,10,12,15,16,17,19,21;6,9,12,20,21,22,29;6,7,8,11,12,13,20;1,5,7,15,19,20,24,25,27,28;1,2,9,12,17,21,23,24,25;2,3,7,8,9,11,13,16,20,26,29;5,9,12,17,18,21,22,26;18,23,26,27,28;7,10,17,20,24;4,5,6,7,12,18,24,28;5,6,7,11,13,15,19,20,24,25,28,29;6,13,14,16,26,28;5,6,7,10,17,20,22,24;1,8,9,10,12,15,17,19,21,23,24;2,7,8,11,13,20,22,24;1,2,6,8,13,19,21,26,27,29;6,11,14,20,25,27,28,29;1,10,11,15,16,17,19,20,21;3,4,6,10,11,17,23,28,29;12,13,14,18,22,27;10,14,22,23,26,29;10,14,16,17,18,23,25;2,3,8,12,17,22,23,25,27
jc301_81_5886 30 1,2,3,4,5;0,2,5,7,10,11,20,22,24;0,1,3,11,12,21,22,29;0,2,4,12,25,29;0,3,5,16,25;0,1,4,7,10,13,16,17,19;8,9,16,17,18,19,22,23,24,25;1,5,9,10,12,15,16,17,19,21;6,9,12,20,21,22,29;6,7,8,11,12,13,20;1,5,7,15,19,20,24,25,27,28;1,2,9,12,17,21,23,24,25;2,3,7,8,9,11,13,16,20,26,29;5,9,12,17,18,21,22,26;18,23,26,27,28;7,10,17,20,24;4,5,6,7,12,18,24,28;5,6,7,11,13,15,19,20,24,25,28,29;6,13,14,16,26,28;5,6,7,10,17,20,22,24;1,8,9,10,12,15,17,19,21,23,24;2,7,8,11,13,20,22,24;1,2,6,8,13,19,21,26,27,29;6,11,14,20,25,27,28,29;1,6,10,11,15,16,17,19,20,21;3,4,6,10,11,17,23,28,29;12,13,14,18,22,27;10,14,22,23,26,29;10,14,16,17,18,23,25;2,3,8,12,17,22,23,25,27
jc301_81_5889 30 1,2,3,4,5;0,2,5,7,10,11,20,22,24;0,1,3,11,12,21,22,29;0,2,4,12,25,29;0,3,5,16,25;0,1,4,7,10,13,16,17,19;8,9,15,16,17,18,19,22,23,24,25;1,5,9,10,12,15,16,17,19,21;6,9,12,20,21,22,29;6,7,8,11,12,13,20;1,5,7,15,19,20,24,25,27,28;1,2,9,12,17,21,23,24,25;2,3,7,8,9,11,13,16,20,26,29;5,9,12,17,18,21,22,26;18,23,26,27,28;6,7,10,17,20,24;4,5,6,7,12,18,24,28;5,6,7,11,13,15,19,20,24,25,28,29;6,13,14,16,26,28;5,6,7,10,17,20,22,24;1,8,9,10,12,15,17,19,21,23,24;2,7,8,11,13,20,22,24;1,2,6,8,13,19,21,26,27,29;6,11,14,20,25,27,28,29;1,6,10,11,15,16,17,19,20,21;3,4,6,10,11,17,23,28,29;12,13,14,18,22,27;10,14,22,23,26,29;10,14,16,17,18,23,25;2,3,8,12,17,22,23,25,27
jc301_81_5899 30 1,2,3,4,5;0,2,5,7,10,11,20,22,24;0,1,3,11,12,21,22,29;0,2,4,12,25,29;0,3,5,16,25;0,1,4,7,10,13,16,17,19;8,9,15,16,18,19,22,23,24,25;1,5,9,10,12,15,16,17,19,21;6,9,12,20,21,22,29;6,7,8,11,12,13,20;1,5,7,15,19,20,24,25,27,28;1,2,9,12,17,21,23,24,25;2,3,7,8,9,11,13,16,20,26,29;5,9,12,17,18,21,22,26;18,23,26,27,28;6,7,10,17,20,24;4,5,6,7,12,18,24,28;5,7,11,13,15,19,20,24,25,28,29;6,13,14,16,26,28;5,6,7,10,17,20,22,24;1,8,9,10,12,15,17,19,21,23,24;2,7,8,11,13,20,22,24;1,2,6,8,13,19,21,26,27,29;6,11,14,20,25,27,28,29;1,6,10,11,15,16,17,19,20,21;3,4,6,10,11,17,23,28,29;12,13,14,18,22,27;10,14,22,23,26,29;10,14,16,17,18,23,25;2,3,8,12,17,22,23,25,27
jc301_81_5900 30 1,2,3,4,5;0,2,5,7,10,11,20,22,24;0,1,3,11,12,21,22,29;0,2,4,12,25,29;0,3,5,16,25;0,1,4,7,10,13,16,17,19;8,9,15,16,18,19,22,23,24,25;1,5,9,10,12,15,16,17,19,21;6,9,12,21,22,29;6,7,8,11,12,13,20;1,5,7,15,19,20,24,25,27,28;1,2,9,12,17,21,23,24,25;2,3,7,8,9,11,13,16,20,26,29;5,9,12,17,18,21,22,26;18,23,26,27,28;6,7,10,17,20,24;4,5,6,7,12,18,24,28;5,7,11,13,15,19,20,24,25,28,29;6,13,14,16,26,28;5,6,7,10,17,20,22,24;1,9,10,12,15,17,19,21,23,24;2,7,8,11,13,20,22,24;1,2,6,8,13,19,21,26,27,29;6,11,14,20,25,27,28,29;1,6,10,11,15,16,17,19,20,21;3,4,6,10,11,17,23,28,29;12,13,14,18,22,27;10,14,22,23,26,29;10,14,16,17,18,23,25;2,3,8,12,17,22,23,25,27
jc301_81_5904 30 1,2,3,4,5;0,2,5,7,10,11,20,22,24;0,1,3,11,12,21,22,29;0,2,4,12,25,29;0,3,5,16,25;0,1,4,7,10,13,16,17,19;8,9,12,15,16,18,19,22,23,24,25;1,5,9,10,12,15,16,17,19,21;6,9,12,21,22,29;6,7,8,11,12,13,20;1,5,7,15,19,20,24,25,27,28;1,2,9,12,17,21,23,24,25;2,3,6,7,8,9,11,13,16,20,26,29;5,9,12,17,18,21,22,26;18,23,26,27,28;6,7,10,17,20,24;4,5,6,7,12,18,24,28;5,7,11,13,15,19,20,24,25,28,29;6,13,14,16,26,28;5,6,7,10,17,20,22,24;1,9,10,12,15,17,19,21,23,24;2,7,8,11,13,20,22,24;1,2,6,8,13,19,21,26,27,29;6,11,14,20,25,27,28,29;1,6,10,11,15,16,17,19,20,21;3,4,6,10,11,17,23,28,29;12,13,14,18,22,27;10,14,22,23,26,29;10,14,16,17,18,23,25;2,3,8,12,17,22,23,25,27
jc301_81_5906 30 1,2,3,4,5;0,2,5,7,10,11,20,22,24;0,1,3,11,12,21,22,29;0,2,4,12,25,29;0,3,5,16,25;0,1,4,7,10,13,17,19;8,9,12,15,16,18,19,22,23,24,25;1,5,9,10,12,15,16,17,19,21;6,9,12,21,22,29;6,7,8,11,12,13,20;1,5,7,15,19,20,24,25,27,28;1,2,9,12,17,21,22,23,24,25;2,3,6,7,8,9,11,13,16,20,26,29;5,9,12,17,18,21,22,26;18,23,26,27,28;6,7,10,17,20,24;4,6,7,12,18,24,28;5,7,11,13,15,19,20,24,25,28,29;6,13,14,16,26,28;5,6,7,10,17,20,22,24;1,9,10,12,15,17,19,21,23,24;2,7,8,11,13,20,22,24;1,2,6,8,11,13,19,21,26,27,29;6,11,14,20,25,27,28,29;1,6,10,11,15,16,17,19,20,21;3,4,6,10,11,17,23,28,29;12,13,14,18,22,27;10,14,22,23,26,29;10,14,16,17,18,23,25;2,3,8,12,17,22,23,25,27
jc301_81_5908 30 1,2,3,4,5;0,2,5,7,10,11,20,22,24;0,1,3,11,12,21,22,29;0,2,4,12,25,29;0,3,5,16,25;0,1,4,7,10,13,17,19;8,9,12,15,16,18,19,21,22,23,24,25;1,5,9,10,12,15,16,17,19,21;6,9,12,21,22,29;6,7,8,11,12,13,20;1,5,7,15,19,20,24,25,27,28;1,2,9,12,17,21,22,23,24,25;2,3,6,7,8,9,11,13,16,20,26,29;5,9,12,17,18,21,22,26;18,23,26,27,28;6,7,10,17,20,24;4,6,7,12,18,24,28;5,7,11,13,15,19,20,24,25,28,29;6,13,14,16,26,28;5,6,7,10,17,20,22,24;1,9,10,12,15,17,19,21,23,24;2,6,7,8,11,13,20,22,24;1,2,6,8,11,13,19,21,26,27,29;6,11,14,20,25,27,28,29;1,6,10,11,15,16,17,19,20,21;3,4,6,10,11,17,23,28,29;12,13,14,18,22,27;10,14,22,23,26,29;10,14,16,17,18,23,25;2,3,8,12,17,22,23,25,27
jc301_81_5909 30 1,2,3,4,5;0,2,5,7,10,11,20,22,24;0,1,3,11,12,21,22,29;0,2,4,12,25,29;0,3,5,16,25;0,1,4,7,10,13,16,17,19;8,9,12,15,16,18,19,21,22,23,24,25;1,5,9,10,12,15,16,17,19,21;6,9,12,21,22,29;6,7,8,11,12,13,20;1,5,7,15,19,20,24,25,27,28;1,2,9,12,17,21,22,23,24,25;2,3,6,7,8,9,11,13,16,20,26,29;5,9,12,17,18,21,22,26;18,23,26,27,28;6,7,10,17,20,24;4,5,6,7,12,18,24,28;5,7,11,13,15,19,20,24,25,28,29;6,13,14,16,26,28;5,6,7,10,17,20,22,24;1,9,10,12,15,17,19,21,23,24;2,6,7,8,11,13,20,22,24;1,2,6,8,11,13,19,21,26,27,29;6,11,14,20,25,27,28,29;1,6,10,11,15,16,17,19,20,21;3,4,6,10,11,17,23,28,29;12,13,14,18,22,27;10,14,22,23,26,29;10,14,16,17,18,23,25;2,3,8,12,17,22,23,25,27
jc301_81_5910 30 1,2,3,4,5;0,2,5,7,10,11,20,22,24;0,1,3,11,12,21,22,29;0,2,4,12,25,29;0,3,5,16,25;0,1,4,7,10,13,16,17,19;8,9,12,15,16,18,19,21,22,23,24,25;1,5,9,10,12,15,16,17,19,21;6,9,12,21,22,29;6,7,8,11,12,13,20;1,5,7,15,19,20,24,25,27,28;1,2,9,12,17,21,22,23,24,25;2,3,6,7,8,9,11,13,16,20,26,29;5,9,12,17,18,21,22,26;18,23,26,27,28;6,7,10,17,20,24;4,5,6,7,12,18,24,28;5,7,11,13,15,19,20,24,25,28;6,13,14,16,26,28;5,6,7,10,17,20,22,24;1,9,10,12,15,17,19,21,23,24;2,6,7,8,11,13,20,22,24;1,2,6,8,11,13,19,21,26,27,29;6,11,14,20,25,27,28,29;1,6,10,11,15,16,17,19,20,21;3,4,6,10,11,17,23,28,29;12,13,14,18,22,27;10,14,22,23,26,29;10,14,16,17,18,23,25;2,3,8,12,22,23,25,27
jc301_81_5911 30 1,2,3,4,5;0,2,5,7,10,11,20,22,24;0,1,3,11,12,21,22,29;0,2,4,12,25,29;0,3,5,16,25;0,1,4,7,10,13,16,17,19;8,9,12,15,16,18,19,21,22,23,24,25;1,5,9,10,12,15,16,17,19,21;6,9,12,21,22,29;6,7,8,11,12,13,20;1,5,7,13,15,19,20,24,25,27,28;1,2,9,12,17,21,22,23,24,25;2,3,6,7,8,9,11,13,16,20,26,29;5,9,10,12,17,18,21,22,26;18,23,26,27,28;6,7,10,17,20,24;4,5,6,7,12,18,24,28;5,7,11,13,15,19,20,24,25,28;6,13,14,16,26,28;5,6,7,10,17,20,22,24;1,9,10,12,15,17,19,21,23,24;2,6,7,8,11,13,20,22,24;1,2,6,8,11,13,19,21,26,27,29;6,11,14,20,25,27,28,29;1,6,10,11,15,16,17,19,20,21;3,4,6,10,11,17,23,28,29;12,13,14,18,22,27;10,14,22,23,26,29;10,14,16,17,18,23,25;2,3,8,12,22,23,25,27
jc301_81_5925 30 1,2,3,4,5;0,2,5,7,10,11,20,22,24;0,1,3,11,12,21,22,29;0,2,4,12,25,29;0,3,5,16,25;0,1,4,7,10,13,16,17,19;8,9,12,15,16,18,19,21,22,23,24,25;1,5,9,10,12,15,16,17,19,21;6,9,12,21,22,29;6,7,8,11,12,13,20;1,5,7,13,15,19,20,24,25,27,28;1,2,9,12,17,21,22,23,24,25;2,3,6,7,8,9,11,13,16,20,26,29;5,9,10,12,17,18,21,22,26;18,23,26,27,28;6,7,10,17,20,24;4,5,6,7,12,18,24,28;5,7,11,13,15,24,25,28;6,13,14,16,26,28;5,6,7,10,20,22,24;1,9,10,12,15,19,21,23,24;2,6,7,8,11,13,20,22,24;1,2,6,8,11,13,19,21,26,27,29;6,11,14,20,25,27,28,29;1,6,10,11,15,16,17,19,20,21;3,4,6,10,11,17,23,28,29;12,13,14,18,22,27;10,14,22,23,26,29;10,14,16,17,18,23,25;2,3,8,12,22,23,25,27
jc301_81_5932 30 1,2,3,4,5;0,2,5,7,10,11,20,22,24;0,1,3,11,12,21,22,29;0,2,4,12,25,29;0,3,5,16,25;0,1,4,7,10,13,16,17,19;8,9,12,15,16,18,19,21,22,23,24,25;1,5,9,10,12,15,16,17,19,21;6,9,12,21,22,29;6,7,8,11,12,13,20;1,5,7,13,15,19,20,24,25,27,28;1,2,9,12,17,18,21,22,23,24,25;2,3,6,7,8,9,11,13,16,20,26,29;5,9,10,12,17,18,21,22,26;18,23,26,27,28;6,7,10,17,20,24;4,5,6,7,12,18,24,28;5,7,11,13,15,24,25,28;6,11,13,14,16,26,28;5,6,7,10,20,22,24;1,9,10,12,15,19,21,23,24;2,6,7,8,11,13,20,22,24;1,2,6,8,11,13,19,21,26,27,29;6,11,14,20,25,27,28,29;1,6,10,11,15,16,17,19,20,21;3,4,6,10,11,17,23,28,29;12,13,14,18,22,27;10,14,22,23,26,29;10,14,16,17,18,23,25;2,3,8,12,22,23,25,27
jc301_81_5936 30 1,2,3,4,5;0,2,5,7,10,11,20,22,24;0,1,3,6,11,12,21,22,29;0,2,4,12,25,29;0,3,5,16,25;0,1,4,7,10,13,16,17,19;2,8,9,12,15,16,18,19,21,22,23,24,25;1,5,9,10,12,15,16,17,19,21;6,9,12,21,22,29;6,7,8,11,12,13,20;1,5,7,13,15,19,20,24,25,27,28;1,2,9,12,17,18,21,22,23,24,25;2,3,6,7,8,9,11,13,16,20,26,29;5,9,10,12,17,18,21,22,26;18,23,26,27,28;6,7,10,17,20,24;4,5,6,7,12,18,24,28;5,7,11,13,15,24,25,28;6,11,13,14,16,26,28;5,6,7,10,20,22,24;1,9,10,12,15,19,21,23,24;2,6,7,8,11,13,20,22,24;1,2,6,8,11,13,19,21,26,27,29;6,11,14,20,25,27,28,29;1,6,10,11,15,16,17,19,20,21;3,4,6,10,11,17,23,28,29;12,13,14,18,22,27;10,14,22,23,26,29;10,14,16,17,18,23,25;2,3,8,12,22,23,25,27
jc301_81_5951 30 1,2,3,4,5;0,2,5,7,8,10,11,20,22,24;0,1,3,6,11,12,21,22,29;0,2,4,12,25,29;0,3,5,16,25;0,1,4,7,10,13,16,17,19;2,8,9,12,15,16,18,19,21,22,23,24,25;1,5,9,10,12,15,16,17,19,21;1,6,9,12,21,22,29;6,7,8,11,12,13,20;1,5,7,13,15,19,20,24,25,27,28;1,2,9,12,17,18,21,22,23,24,25;2,3,6,7,8,9,11,13,16,20,26,29;5,9,10,12,17,18,21,22,26;18,23,26,27,28;6,7,10,17,20,24;4,5,6,7,12,18,24,28;5,7,11,13,15,24,25,28;6,11,13,14,16,26,28;5,6,7,10,20,22,24;1,9,10,12,15,19,21,23,24;2,6,7,8,11,13,20,22,24;1,2,6,8,11,13,19,21,26,27,29;6,11,14,20,25,27,28,29;1,6,10,11,15,16,17,19,20,21;3,4,6,10,11,17,23,28,29;12,13,14,18,22,27;10,14,22,23,26,29;10,14,16,17,18,23,25;2,3,8,12,22,23,25,27
jc301_81_5952 30 1,2,3,4,5;0,2,5,7,8,10,11,20,22,24;0,1,3,6,11,12,21,22,29;0,2,4,12,25,29;0,3,5,16,25;0,1,4,7,10,13,16,17,19;2,8,9,12,15,16,19,21,22,23,24,25;1,5,9,10,12,15,16,17,19,21;1,6,9,12,21,22,29;6,7,8,11,12,13,20;1,5,7,13,15,19,20,24,25,27,28;1,2,9,12,17,18,21,22,23,24,25;2,3,6,7,8,9,11,13,16,20,26,29;5,9,10,12,17,18,21,22,26;18,23,26,27,28;6,7,10,17,20,24;4,5,6,7,12,18,24,28;5,7,11,13,15,24,25,28;11,13,14,16,26,28;5,6,7,10,20,22,24;1,9,10,12,15,19,21,23,24;2,6,7,8,11,13,20,22,24;1,2,6,8,11,13,19,21,26,27,29;6,11,14,20,25,27,28,29;1,6,10,11,15,16,17,19,20,21;3,4,6,10,11,17,23,28,29;12,13,14,18,22,27;10,14,22,23,26,29;10,14,16,17,18,23,25;2,3,8,12,22,23,25,27
jc301_81_5953 30 1,2,3,4,5;0,2,5,7,8,10,11,20,22,24;0,1,3,6,11,12,21,22,29;0,2,4,12,25,29;0,3,5,16,25;0,1,4,7,10,13,16,17,19;2,8,9,12,15,16,19,21,22,23,24,25;1,5,9,10,12,15,16,17,19,21;1,6,9,12,21,22,29;6,7,8,11,12,13,20;1,5,7,13,15,19,20,24,25,27,28;1,2,9,12,17,18,21,22,23,24,25;2,3,6,7,8,9,11,13,16,20,26,29;5,9,10,12,17,18,21,22,26;18,23,26,27,28;6,7,10,17,20,24;4,5,6,7,12,18,24,28;5,7,11,13,15,24,25,28;11,13,14,16,26,28;5,6,7,10,20,22,24;1,9,10,12,15,19,21,23,24;2,6,7,8,11,13,20,22,24;1,2,6,8,11,13,19,21,26,27,29;6,11,14,20,25,27,28,29;1,6,10,11,15,16,17,19,20,21,29;3,4,6,10,11,17,23,28,29;12,13,14,18,22,27;10,14,22,23,26,29;10,14,16,17,18,23,25;2,3,8,12,22,23,24,25,27
jc301_81_5966 30 1,2,3,4,5;0,2,5,7,8,10,11,20,22,24;0,1,3,6,11,12,21,22,29;0,2,4,12,25,29;0,3,5,16,25;0,1,4,7,10,13,16,17,19;2,8,9,12,15,16,19,21,22,23,24,25;1,5,9,10,12,15,16,17,19,21;1,6,9,12,21,22,29;6,7,8,11,12,13,20;1,5,7,13,15,19,20,24,25,27,28;1,2,9,12,17,18,21,22,23,24,25;2,3,6,7,8,9,11,13,16,20,26,29;5,9,10,12,17,18,21,26;18,23,26,27,28;6,7,10,17,20,24;4,5,6,7,12,18,24,28;5,7,11,13,15,24,25,28;11,13,14,16,26,28;5,6,7,10,20,22,24;1,9,10,12,15,19,21,23,24;2,6,7,8,11,13,20,22,24;1,2,6,8,11,19,21,26,27,29;6,11,14,20,25,27,28,29;1,6,10,11,15,16,17,19,20,21,29;3,4,6,10,11,17,23,28,29;12,13,14,18,22,27;10,14,22,23,26,29;10,14,16,17,18,23,25;2,3,8,12,22,23,24,25,27
jc301_81_5971 30 1,2,3,4,5;0,2,5,7,8,10,11,20,22,24;0,1,3,6,11,12,21,22,29;0,2,4,12,25,29;0,3,5,16,25;0,1,4,7,10,13,16,17,19;2,8,9,12,15,16,19,21,22,23,24,25;1,5,9,10,12,15,16,17,19,21;1,6,9,12,21,22,29;6,7,8,11,12,13,20;1,5,7,13,15,19,20,24,25,27,28;1,2,9,12,17,18,21,22,23,24,25;2,3,6,7,8,9,11,13,16,20,26,29;5,9,10,12,17,18,21,26;18,23,26,27,28;6,7,10,17,20,24;4,5,6,7,12,18,24,28;5,7,11,13,15,24,25,28;11,13,14,16,26,28;5,6,7,10,20,22,24;1,9,10,12,15,19,21,22,23,24;2,6,7,8,11,13,20,22,24;1,2,6,8,11,19,20,21,26,27,29;6,11,14,20,25,27,28,29;1,6,10,11,15,16,17,19,20,21,29;3,4,6,10,11,17,23,28,29;12,13,14,18,22,27;10,14,22,23,26,29;10,14,16,17,18,23,25;2,3,8,12,22,23,24,25,27
jc301_81_5977 30 1,2,3,4,5;0,2,5,7,8,10,11,20,24;0,1,3,6,11,12,21,22,29;0,2,4,12,25,29;0,3,5,16,25;0,1,4,7,10,13,16,17,19;2,8,9,12,15,16,19,21,22,23,24,25;1,5,9,10,12,15,16,17,19,21;1,6,9,12,21,22,29;6,7,8,11,12,13,20;1,5,7,13,15,19,20,24,25,27,28;1,2,9,12,17,18,21,22,23,24,25;2,3,6,7,8,9,11,13,16,20,26,29;5,9,10,12,17,18,21,26;18,23,26,27,28;6,7,10,17,20,24;4,5,6,7,12,18,24,28;5,7,11,13,15,24,25,28;11,13,14,16,26,28;5,6,7,10,20,22,24;1,9,10,12,15,19,21,22,23,24;2,6,7,8,11,13,20,22,24;2,6,8,11,19,20,21,26,27,29;6,11,14,20,25,27,28,29;1,6,10,11,15,16,17,19,20,21,29;3,4,6,10,11,17,23,28,29;12,13,14,18,22,27;10,14,22,23,26,29;10,14,16,17,18,23,25;2,3,8,12,22,23,24,25,27
jc301_81_5982 30 1,2,3,4,5;0,2,5,7,8,10,11,20,24;0,1,3,6,11,12,21,22,29;0,2,4,12,25,29;0,3,5,16,25;0,1,4,7,10,13,16,17,19;2,8,9,12,15,16,19,21,22,23,24,25;1,5,9,10,12,15,16,17,19,21;1,6,9,12,15,22,29;6,7,8,11,12,13,20;1,5,7,13,15,19,20,24,25,27,28;1,2,9,12,17,18,21,22,23,24,25;2,3,6,7,8,9,11,13,16,20,26,29;5,9,10,12,17,18,21,26;18,23,26,27,28;6,7,8,10,17,20,24;4,5,6,7,12,18,24,28;5,7,11,13,15,24,25,28;11,13,14,16,26,28;5,6,7,10,20,22,24;1,9,10,12,15,19,21,22,23,24;2,6,7,11,13,20,22,24;2,6,8,11,19,20,21,26,27,29;6,11,14,20,25,27,28,29;1,6,10,11,15,16,17,19,20,21,29;3,4,6,10,11,17,23,28,29;12,13,14,18,22,27;10,14,22,23,26,29;10,14,16,17,18,23,25;2,3,8,12,22,23,24,25,27
jc301_81_5983 30 1,2,3,4,5;0,2,5,7,8,10,11,20,24;0,1,3,6,11,12,21,22,29;0,2,4,12,25,29;0,3,5,16,25;0,1,4,7,10,13,16,17,19;2,8,12,15,16,19,21,22,23,24,25;1,5,9,10,12,15,16,17,19,21;1,6,9,12,15,22,29;7,8,11,12,13,20;1,5,7,13,15,19,20,24,25,27,28;1,2,9,12,17,18,21,22,23,24,25;2,3,6,7,8,9,11,13,16,20,26,29;5,9,10,12,17,18,21,26;18,23,26,27,28;6,7,8,10,17,20,24;4,5,6,7,12,18,24,28;5,7,11,13,15,24,25,28;11,13,14,16,26,28;5,6,7,10,20,22,24;1,9,10,12,15,19,21,22,23,24;2,6,7,11,13,20,22,24;2,6,8,11,19,20,21,26,27,29;6,11,14,20,25,27,28,29;1,6,10,11,15,16,17,19,20,21,29;3,4,6,10,11,17,23,28,29;12,13,14,18,22,27;10,14,22,23,26,29;10,14,16,17,18,23,25;2,3,8,12,22,23,24,25,27
jc301_81_5984 30 1,2,3,4,5;0,2,5,7,8,10,11,20,24;0,1,3,6,11,12,21,22,29;0,2,4,12,25,29;0,3,5,16,25;0,1,4,7,10,13,16,17,19;2,8,12,16,19,21,22,23,24,25;1,5,9,10,12,15,16,17,19,21;1,6,9,12,15,22,29;7,8,11,12,13,20;1,5,7,13,15,19,20,24,25,27,28;1,2,9,12,17,18,21,22,23,24,25;2,3,6,7,8,9,11,13,16,20,26,29;5,9,10,12,17,18,21,26;18,23,26,27,28;7,8,10,17,20,24;4,5,6,7,12,18,24,28;5,7,11,13,15,24,25,28;11,13,14,16,26,28;5,6,7,10,20,22,24;1,9,10,12,15,19,21,22,23,24;2,6,7,11,13,20,22,24;2,6,8,11,19,20,21,26,27,29;6,11,14,20,25,27,28,29;1,6,10,11,15,16,17,19,20,21,29;3,4,6,10,11,17,23,28,29;12,13,14,18,22,27;10,14,22,23,26,29;10,14,16,17,18,23,25;2,3,8,12,22,23,24,25,27
jc301_81_5987 30 1,2,3,4,5;0,2,5,7,8,10,11,20,24;0,1,3,6,11,12,21,22,29;0,2,4,12,25,29;0,3,5,16,25;0,1,4,7,10,13,16,17,19;2,8,12,16,19,21,22,23,24,25;1,5,9,10,12,15,16,17,19,21;1,6,9,12,15,22,29;7,8,11,12,13,20;1,5,7,13,15,19,20,24,25,27,28;1,2,9,12,17,18,21,22,23,24,25;2,3,6,7,8,9,11,13,16,20,26,29;5,9,10,12,15,17,18,21,26;18,23,26,27,28;7,8,10,13,17,20,24;4,5,6,7,12,18,24,28;5,7,11,13,15,24,25,28;11,13,14,16,26,28;5,6,7,10,20,22,24;1,9,10,12,15,19,21,22,23,24;2,6,7,11,13,20,22,24;2,6,8,11,19,20,21,26,27,29;6,11,14,20,25,27,28,29;1,6,10,11,15,16,17,19,20,21,29;3,4,6,10,11,17,23,28,29;12,13,14,18,22,27;10,14,22,23,26,29;10,14,16,17,18,23,25;2,3,8,12,22,23,24,25,27
jc301_81_5991 30 1,2,3,4,5;0,2,5,7,8,10,11,20,24;0,1,3,6,11,12,21,22,29;0,2,4,12,25,29;0,3,5,16,25;0,1,4,7,10,13,16,17,19;2,8,12,16,19,21,22,24,25;1,5,9,10,12,15,16,17,19,21;1,6,9,12,15,22,29;7,8,11,12,13;1,5,7,13,15,19,20,24,25,27,28;1,2,9,12,17,18,21,22,23,24,25;2,3,6,7,8,9,11,13,16,20,26,29;5,9,10,12,15,17,18,21,26;18,23,26,27,28;7,8,10,13,17,20,24;4,5,6,7,12,18,24,28;5,7,11,13,15,24,25,28;11,13,14,16,26,28;5,6,7,10,20,22,24;1,10,12,15,19,21,22,23,24;2,6,7,11,13,20,22,24;2,6,8,11,19,20,21,26,27,29;11,14,20,25,27,28,29;1,6,10,11,15,16,17,19,20,21,29;3,4,6,10,11,17,23,28,29;12,13,14,18,22,27;10,14,22,23,26,29;10,14,16,17,18,23,25;2,3,8,12,22,23,24,25,27
jc301_81_5994 30 1,2,3,4,5;0,2,5,7,8,10,11,20,24;0,1,3,6,11,12,21,22,29;0,2,4,12,25,29;0,3,5,16,25;0,1,4,7,10,13,16,17,19;2,8,12,16,19,21,22,24,25;1,5,9,10,12,15,16,17,19,21;1,6,9,12,15,22,29;7,8,11,12,13;1,5,7,13,15,19,20,24,25,27,28;1,2,9,12,17,21,22,23,24,25;2,3,6,7,8,9,11,13,16,20,26,29;5,9,10,12,15,17,18,21,26;18,23,26,27,28;7,8,10,13,17,20,24;4,5,6,7,12,18,24,28;5,7,11,13,15,24,25,28;13,14,16,26,28;5,6,7,10,20,22,24;1,10,12,15,19,21,22,23,24;2,6,7,11,13,20,22,24;2,6,8,11,19,20,21,26,27,29;11,14,20,25,27,28,29;1,6,10,11,15,16,17,19,20,21,29;3,4,6,10,11,17,23,28,29;12,13,14,18,22,27;10,14,22,23,26,29;10,14,16,17,18,23,25;2,3,8,12,22,23,24,25,27
