step 0 score (1, -0.3713212273011897, 2, 1) best (1, -0.35929463629684055, 3, 1)
step 1 score (1, -0.38841567291311757, 3, 1) best (1, -0.35929463629684055, 3, 1)
step 2 score (1, -0.3562753036437247, 4, 1) best (1, -0.3562753036437247, 4, 1)
step 3 score (1, -0.3994910941475827, 3, 1) best (1, -0.3562753036437247, 4, 1)
step 4 score (1, -0.3562753036437247, 4, 1) best (1, -0.3562753036437247, 4, 1)
step 5 score (1, -0.37650602409638556, 3, 1) best (1, -0.3562753036437247, 4, 1)
step 6 score (1, -0.3967437874892888, 2, 1) best (1, -0.3562753036437247, 4, 1)
step 7 score (1, -0.4064516129032258, 3, 1) best (1, -0.3562753036437247, 4, 1)
step 8 score (1, -0.3786127167630058, 3, 1) best (1, -0.3562753036437247, 4, 1)
step 9 score (1, -0.352124183006536, 3, 1) best (1, -0.352124183006536, 3, 1)
step 10 score (1, -0.3336992316136114, 2, 1) best (1, -0.3336992316136114, 2, 1)
step 11 score (1, -0.3497822931785196, 3, 5) best (1, -0.3336992316136114, 2, 1)
step 12 score (1, -0.3336992316136114, 2, 1) best (1, -0.3336992316136114, 2, 1)
step 13 score (1, -0.37168141592920356, 3, 1) best (1, -0.3336992316136114, 2, 1)
step 14 score (1, -0.33359253499222397, 3, 1) best (1, -0.33359253499222397, 3, 1)
step 15 score (1, -0.3562874251497006, 3, 1) best (1, -0.33359253499222397, 3, 1)
step 16 score (1, -0.33353770692826484, 3, 1) best (1, -0.33353770692826484, 3, 1)
step 17 score (1, -0.388697450034459, 2, 1) best (1, -0.33353770692826484, 3, 1)
step 18 score (1, -0.3900134952766532, 3, 1) best (1, -0.33353770692826484, 3, 1)
step 19 score (1, -0.388697450034459, 2, 1) best (1, -0.33353770692826484, 3, 1)
step 20 score (1, -0.39614427860696516, 2, 1) best (1, -0.33353770692826484, 3, 1)
step 21 score (1, -0.38721351025331724, 3, 1) best (1, -0.33353770692826484, 3, 1)
step 22 score (1, -0.3787878787878788, 2, 1) best (1, -0.33353770692826484, 3, 1)
step 23 score (1, -0.38633377135348224, 2, 1) best (1, -0.33353770692826484, 3, 1)
step 24 score (1, -0.3787878787878788, 2, 1) best (1, -0.33353770692826484, 3, 1)
step 25 score (1, -0.35876840696117807, 2, 1) best (1, -0.33353770692826484, 3, 1)
step 26 score (1, -0.39614427860696516, 2, 1) best (1, -0.33353770692826484, 3, 1)
step 27 score (1, -0.388697450034459, 2, 1) best (1, -0.33353770692826484, 3, 1)
step 28 score (1, -0.33353770692826484, 3, 1) best (1, -0.33353770692826484, 3, 1)
step 29 score (1, -0.3562874251497006, 3, 1) best (1, -0.33353770692826484, 3, 1)
step 30 score (1, -0.33359253499222397, 3, 1) best (1, -0.33353770692826484, 3, 1)
step 31 score (1, -0.3570914326853852, 3, 1) best (1, -0.33353770692826484, 3, 1)
step 32 score (1, -0.33359253499222397, 3, 1) best (1, -0.33353770692826484, 3, 1)
step 33 score (1, -0.3658838071693449, 3, 1) best (1, -0.33353770692826484, 3, 1)
step 34 score (1, -0.33359253499222397, 3, 1) best (1, -0.33353770692826484, 3, 1)
step 35 score (1, -0.352124183006536, 3, 1) best (1, -0.33353770692826484, 3, 1)
step 36 score (1, -0.37690776376907764, 3, 1) best (1, -0.33353770692826484, 3, 1)
step 37 score (1, -0.352124183006536, 3, 1) best (1, -0.33353770692826484, 3, 1)
step 38 score (1, -0.3783201722900215, 2, 3) best (1, -0.33353770692826484, 3, 1)
step 39 score (1, -0.35014836795252224, 3, 1) best (1, -0.33353770692826484, 3, 1)
step 40 score (1, -0.34900193174500965, 3, 1) best (1, -0.33353770692826484, 3, 1)
step 41 score (1, -0.35014836795252224, 3, 1) best (1, -0.33353770692826484, 3, 1)
step 42 score (1, -0.3595933926302414, 3, 1) best (1, -0.33353770692826484, 3, 1)
step 43 score (1, -0.37636080870917576, 2, 1) best (1, -0.33353770692826484, 3, 1)
step 44 score (1, -0.39122596153846156, 3, 1) best (1, -0.33353770692826484, 3, 1)
step 45 score (1, -0.35276967930029157, 3, 1) best (1, -0.33353770692826484, 3, 1)
step 46 score (1, -0.34408602150537637, 3, 1) best (1, -0.33353770692826484, 3, 1)
step 47 score (1, -0.32454128440366975, 3, 1) best (1, -0.32454128440366975, 3, 1)
step 48 score (1, -0.3475609756097561, 3, 1) best (1, -0.32454128440366975, 3, 1)
step 49 score (1, -0.36725935009196814, 4, 1) best (1, -0.32454128440366975, 3, 1)
step 50 score (1, -0.3360473723168024, 3, 1) best (1, -0.32454128440366975, 3, 1)
step 51 score (1, -0.329608938547486, 3, 1) best (1, -0.32454128440366975, 3, 1)
step 52 score (1, -0.33687943262411346, 3, 3) best (1, -0.32454128440366975, 3, 1)
step 53 score (1, -0.329608938547486, 3, 1) best (1, -0.32454128440366975, 3, 1)
step 54 score (1, -0.32201334141904187, 3, 1) best (1, -0.32201334141904187, 3, 1)
step 55 score (1, -0.3338533541341654, 3, 2) best (1, -0.32201334141904187, 3, 1)
step 56 score (1, -0.32201334141904187, 3, 1) best (1, -0.32201334141904187, 3, 1)
step 57 score (1, -0.33594692400482506, 3, 1) best (1, -0.32201334141904187, 3, 1)
step 58 score (1, -0.32201334141904187, 3, 1) best (1, -0.32201334141904187, 3, 1)
step 59 score (1, -0.3338533541341654, 3, 2) best (1, -0.32201334141904187, 3, 1)
step 60 score (1, -0.35303265940902023, 2, 1) best (1, -0.32201334141904187, 3, 1)
step 61 score (1, -0.3273615635179153, 3, 2) best (1, -0.32201334141904187, 3, 1)
step 62 score (1, -0.25, 2, 7) best (1, -0.25, 2, 7)
step 63 score (1, -0.25, 2, 10) best (1, -0.25, 2, 10)
step 64 score (1, -0.25, 2, 7) best (1, -0.25, 2, 10)
step 65 score (1, -0.3273615635179153, 3, 2) best (1, -0.25, 2, 10)
step 66 score (1, -0.25, 2, 3) best (1, -0.25, 2, 10)
step 67 score (1, -0.3273615635179153, 3, 2) best (1, -0.25, 2, 10)
step 68 score (1, -0.32783882783882784, 3, 1) best (1, -0.25, 2, 10)
step 69 score (1, -0.3372859025032938, 3, 2) best (1, -0.25, 2, 10)
step 70 score (1, -0.32783882783882784, 3, 1) best (1, -0.25, 2, 10)
step 71 score (1, -0.3273615635179153, 3, 2) best (1, -0.25, 2, 10)
step 72 score (1, -0.25, 2, 7) best (1, -0.25, 2, 10)
step 73 score (1, -0.25, 2, 10) best (1, -0.25, 2, 10)
step 74 score (1, -0.32653061224489793, 2, 10) best (1, -0.25, 2, 10)
step 75 score (1, -0.25, 2, 10) best (1, -0.25, 2, 10)
step 76 score (1, -0.25, 2, 7) best (1, -0.25, 2, 10)
step 77 score (1, -0.3273615635179153, 3, 2) best (1, -0.25, 2, 10)
step 78 score (1, -0.31909547738693467, 3, 1) best (1, -0.25, 2, 10)
step 79 score (1, -0.3273615635179153, 3, 2) best (1, -0.25, 2, 10)
step 80 score (1, -0.32783882783882784, 3, 1) best (1, -0.25, 2, 10)
step 81 score (1, -0.3273615635179153, 3, 2) best (1, -0.25, 2, 10)
step 82 score (1, -0.25, 2, 3) best (1, -0.25, 2, 10)
step 83 score (1, -0.3273615635179153, 3, 2) best (1, -0.25, 2, 10)
step 84 score (1, -0.32783882783882784, 3, 1) best (1, -0.25, 2, 10)
step 85 score (1, -0.34541984732824427, 3, 1) best (1, -0.25, 2, 10)
step 86 score (1, -0.30990415335463256, 3, 1) best (1, -0.25, 2, 10)
step 87 score (1, -0.2878787878787879, 2, 3) best (1, -0.25, 2, 10)
step 88 score (1, -0.32075471698113206, 2, 3) best (1, -0.25, 2, 10)
step 89 score (1, -0.25, 2, 3) best (1, -0.25, 2, 10)
step 90 score (1, -0.3157894736842105, 2, 2) best (1, -0.25, 2, 10)
step 91 score (1, -0.25, 2, 3) best (1, -0.25, 2, 10)
step 92 score (1, -0.3, 2, 6) best (1, -0.25, 2, 10)
step 93 score (1, -0.25, 2, 3) best (1, -0.25, 2, 10)
step 94 score (1, -0.3157894736842105, 2, 2) best (1, -0.25, 2, 10)
step 95 score (1, -0.25, 2, 3) best (1, -0.25, 2, 10)
step 96 score (1, -0.327683615819209, 2, 3) best (1, -0.25, 2, 10)
step 97 score (1, -0.33858267716535434, 3, 4) best (1, -0.25, 2, 10)
step 98 score (1, -0.29545454545454547, 3, 6) best (1, -0.25, 2, 10)
step 99 score (1, -0.31756756756756754, 4, 3) best (1, -0.25, 2, 10)
step 100 score (1, -0.25, 4, 10) best (1, -0.25, 4, 10)
step 101 score (1, -0.29411764705882354, 2, 2) best (1, -0.25, 4, 10)
step 102 score (1, -0.29411764705882354, 2, 2) best (1, -0.25, 4, 10)
step 103 score (1, -0.35135135135135137, 2, 3) best (1, -0.25, 4, 10)
step 104 score (1, -0.34615384615384615, 2, 3) best (1, -0.25, 4, 10)
step 105 score (1, -0.2916666666666667, 3, 4) best (1, -0.25, 4, 10)
step 106 score (1, -0.25, 4, 4) best (1, -0.25, 4, 10)
step 107 score (1, -0.2916666666666667, 3, 4) best (1, -0.25, 4, 10)
step 108 score (1, -0.25, 4, 4) best (1, -0.25, 4, 10)
step 109 score (1, -0.25, 3, 3) best (1, -0.25, 4, 10)
step 110 score (1, -0.2916666666666667, 2, 2) best (1, -0.25, 4, 10)
step 111 score (1, -0.29411764705882354, 2, 2) best (1, -0.25, 4, 10)
step 112 score (1, -0.29411764705882354, 2, 2) best (1, -0.25, 4, 10)
step 113 score (1, -0.3197969543147208, 2, 2) best (1, -0.25, 4, 10)
step 114 score (1, -0.29411764705882354, 2, 2) best (1, -0.25, 4, 10)
step 115 score (1, -0.25, 4, 2) best (1, -0.25, 4, 10)
step 116 score (1, -0.2987012987012987, 4, 2) best (1, -0.25, 4, 10)
step 117 score (1, -0.32113821138211385, 4, 2) best (1, -0.25, 4, 10)
step 118 score (1, -0.3202933985330073, 3, 2) best (1, -0.25, 4, 10)
step 119 score (1, -0.2987012987012987, 4, 2) best (1, -0.25, 4, 10)
step 120 score (1, -0.2987012987012987, 4, 2) best (1, -0.25, 4, 10)
step 121 score (1, -0.2987012987012987, 4, 2) best (1, -0.25, 4, 10)
step 122 score (1, -0.25, 2, 3) best (1, -0.25, 4, 10)
step 123 score (1, -0.2987012987012987, 4, 2) best (1, -0.25, 4, 10)
step 124 score (1, -0.2987012987012987, 4, 2) best (1, -0.25, 4, 10)
step 125 score (1, -0.28440366972477066, 4, 2) best (1, -0.25, 4, 10)
step 126 score (1, -0.2987012987012987, 4, 2) best (1, -0.25, 4, 10)
step 127 score (1, -0.25, 4, 2) best (1, -0.25, 4, 10)
step 128 score (1, -0.2987012987012987, 4, 2) best (1, -0.25, 4, 10)
step 129 score (1, -0.28440366972477066, 4, 2) best (1, -0.25, 4, 10)
step 130 score (1, -0.3114754098360656, 4, 2) best (1, -0.25, 4, 10)
step 131 score (1, -0.28440366972477066, 4, 2) best (1, -0.25, 4, 10)
step 132 score (1, -0.2773722627737226, 2, 3) best (1, -0.25, 4, 10)
step 133 score (1, -0.25, 2, 3) best (1, -0.25, 4, 10)
step 134 score (1, -0.3111888111888112, 2, 2) best (1, -0.25, 4, 10)
step 135 score (1, -0.3505747126436782, 2, 2) best (1, -0.25, 4, 10)
step 136 score (1, -0.3111888111888112, 2, 2) best (1, -0.25, 4, 10)
step 137 score (1, -0.3316582914572864, 3, 2) best (1, -0.25, 4, 10)
step 138 score (1, -0.3, 2, 2) best (1, -0.25, 4, 10)
step 139 score (1, -0.2773722627737226, 2, 8) best (1, -0.25, 4, 10)
step 140 score (1, -0.25, 2, 8) best (1, -0.25, 4, 10)
step 141 score (1, -0.34782608695652173, 3, 2) best (1, -0.25, 4, 10)
step 142 score (1, -0.29411764705882354, 2, 4) best (1, -0.25, 4, 10)
step 143 score (1, -0.29411764705882354, 2, 2) best (1, -0.25, 4, 10)
step 144 score (1, -0.25, 4, 2) best (1, -0.25, 4, 10)
step 145 score (1, -0.25, 4, 2) best (1, -0.25, 4, 10)
step 146 score (1, -0.25, 4, 3) best (1, -0.25, 4, 10)
step 147 score (1, -0.25, 4, 2) best (1, -0.25, 4, 10)
step 148 score (1, -0.29411764705882354, 2, 4) best (1, -0.25, 4, 10)
step 149 score (1, -0.25, 2, 3) best (1, -0.25, 4, 10)
step 150 score (1, -0.25, 2, 3) best (1, -0.25, 4, 10)
step 151 score (1, -0.29411764705882354, 2, 2) best (1, -0.25, 4, 10)
step 152 score (1, -0.25, 4, 4) best (1, -0.25, 4, 10)
step 153 score (1, -0.25, 4, 4) best (1, -0.25, 4, 10)
step 154 score (1, -0.25, 4, 4) best (1, -0.25, 4, 10)
step 155 score (1, -0.25, 4, 4) best (1, -0.25, 4, 10)
step 156 score (1, -0.25, 4, 3) best (1, -0.25, 4, 10)
step 157 score (1, -0.25, 4, 3) best (1, -0.25, 4, 10)
step 158 score (1, -0.25, 4, 2) best (1, -0.25, 4, 10)
step 159 score (1, -0.25, 4, 3) best (1, -0.25, 4, 10)
step 160 score (1, -0.3235294117647059, 4, 2) best (1, -0.25, 4, 10)
step 161 score (1, -0.29411764705882354, 2, 2) best (1, -0.25, 4, 10)
step 162 score (1, -0.29411764705882354, 2, 2) best (1, -0.25, 4, 10)
step 163 score (1, -0.29411764705882354, 2, 2) best (1, -0.25, 4, 10)
step 164 score (1, -0.25, 4, 4) best (1, -0.25, 4, 10)
step 165 score (1, -0.25, 4, 3) best (1, -0.25, 4, 10)
step 166 score (1, -0.25, 4, 3) best (1, -0.25, 4, 10)
step 167 score (1, -0.25, 4, 3) best (1, -0.25, 4, 10)
step 168 score (1, -0.25, 4, 3) best (1, -0.25, 4, 10)
step 169 score (1, -0.25, 4, 3) best (1, -0.25, 4, 10)
step 170 score (1, -0.25, 4, 4) best (1, -0.25, 4, 10)
step 171 score (1, -0.25, 4, 3) best (1, -0.25, 4, 10)
step 172 score (1, -0.25, 4, 3) best (1, -0.25, 4, 10)
step 173 score (1, -0.25, 4, 2) best (1, -0.25, 4, 10)
step 174 score (1, -0.25, 4, 4) best (1, -0.25, 4, 10)
step 175 score (1, -0.29411764705882354, 2, 2) best (1, -0.25, 4, 10)
step 176 score (1, -0.29411764705882354, 2, 2) best (1, -0.25, 4, 10)
step 177 score (1, -0.25, 4, 2) best (1, -0.25, 4, 10)
step 178 score (1, -0.25, 4, 4) best (1, -0.25, 4, 10)
step 179 score (1, -0.25, 4, 3) best (1, -0.25, 4, 10)
step 180 score (1, -0.25, 4, 3) best (1, -0.25, 4, 10)
step 181 score (1, -0.29411764705882354, 2, 2) best (1, -0.25, 4, 10)
step 182 score (1, -0.29411764705882354, 2, 2) best (1, -0.25, 4, 10)
step 183 score (1, -0.25, 4, 3) best (1, -0.25, 4, 10)
step 184 score (1, -0.29411764705882354, 2, 2) best (1, -0.25, 4, 10)
step 185 score (1, -0.29411764705882354, 2, 2) best (1, -0.25, 4, 10)
step 186 score (1, -0.29411764705882354, 2, 2) best (1, -0.25, 4, 10)
step 187 score (1, -0.29411764705882354, 2, 2) best (1, -0.25, 4, 10)
step 188 score (1, -0.29411764705882354, 2, 2) best (1, -0.25, 4, 10)
step 189 score (1, -0.29411764705882354, 2, 2) best (1, -0.25, 4, 10)
step 190 score (1, -0.29411764705882354, 2, 4) best (1, -0.25, 4, 10)
step 191 score (1, -0.29411764705882354, 2, 2) best (1, -0.25, 4, 10)
step 192 score (1, -0.25, 4, 2) best (1, -0.25, 4, 10)
step 193 score (1, -0.25, 4, 2) best (1, -0.25, 4, 10)
step 194 score (1, -0.30952380952380953, 2, 4) best (1, -0.25, 4, 10)
step 195 score (1, -0.32582322357019067, 4, 3) best (1, -0.25, 4, 10)
step 196 score (1, -0.30952380952380953, 2, 4) best (1, -0.25, 4, 10)
step 197 score (1, -0.29120879120879123, 2, 2) best (1, -0.25, 4, 10)
step 198 score (1, -0.2727272727272727, 2, 3) best (1, -0.25, 4, 10)
step 199 score (1, -0.29120879120879123, 2, 2) best (1, -0.25, 4, 10)
step 200 score (1, -0.30952380952380953, 2, 4) best (1, -0.25, 4, 10)
step 201 score (1, -0.30952380952380953, 2, 3) best (1, -0.25, 4, 10)
step 202 score (1, -0.29411764705882354, 2, 2) best (1, -0.25, 4, 10)
step 203 score (1, -0.29411764705882354, 2, 2) best (1, -0.25, 4, 10)
step 204 score (1, -0.25, 4, 3) best (1, -0.25, 4, 10)
step 205 score (1, -0.25, 4, 3) best (1, -0.25, 4, 10)
step 206 score (1, -0.25, 4, 4) best (1, -0.25, 4, 10)
step 207 score (1, -0.29411764705882354, 2, 2) best (1, -0.25, 4, 10)
step 208 score (1, -0.25, 4, 4) best (1, -0.25, 4, 10)
step 209 score (1, -0.25, 4, 3) best (1, -0.25, 4, 10)
step 210 score (1, -0.25, 4, 3) best (1, -0.25, 4, 10)
step 211 score (1, -0.25, 4, 3) best (1, -0.25, 4, 10)
step 212 score (1, -0.3235294117647059, 4, 2) best (1, -0.25, 4, 10)
step 213 score (1, -0.25, 4, 2) best (1, -0.25, 4, 10)
step 214 score (1, -0.25, 4, 2) best (1, -0.25, 4, 10)
step 215 score (1, -0.3235294117647059, 4, 2) best (1, -0.25, 4, 10)
step 216 score (1, -0.25, 4, 2) best (1, -0.25, 4, 10)
step 217 score (1, -0.25, 4, 2) best (1, -0.25, 4, 10)
step 218 score (1, -0.32653061224489793, 2, 4) best (1, -0.25, 4, 10)
step 219 score (1, -0.25, 4, 2) best (1, -0.25, 4, 10)
step 220 score (1, -0.25, 4, 2) best (1, -0.25, 4, 10)
step 221 score (1, -0.25, 4, 2) best (1, -0.25, 4, 10)
step 222 score (1, -0.25, 4, 2) best (1, -0.25, 4, 10)
step 223 score (1, -0.25, 4, 2) best (1, -0.25, 4, 10)
step 224 score (1, -0.25, 4, 2) best (1, -0.25, 4, 10)
step 225 score (1, -0.30952380952380953, 2, 2) best (1, -0.25, 4, 10)
step 226 score (1, -0.30952380952380953, 2, 2) best (1, -0.25, 4, 10)
step 227 score (1, -0.25, 4, 3) best (1, -0.25, 4, 10)
step 228 score (1, -0.25, 4, 3) best (1, -0.25, 4, 10)
step 229 score (1, -0.25, 4, 3) best (1, -0.25, 4, 10)
step 230 score (1, -0.25, 4, 2) best (1, -0.25, 4, 10)
step 231 score (1, -0.25, 4, 2) best (1, -0.25, 4, 10)
step 232 score (1, -0.25, 4, 2) best (1, -0.25, 4, 10)
step 233 score (1, -0.25, 4, 2) best (1, -0.25, 4, 10)
step 234 score (1, -0.25, 4, 2) best (1, -0.25, 4, 10)
step 235 score (1, -0.25, 4, 2) best (1, -0.25, 4, 10)
step 236 score (1, -0.25, 4, 2) best (1, -0.25, 4, 10)
step 237 score (1, -0.25, 4, 2) best (1, -0.25, 4, 10)
step 238 score (1, -0.25, 4, 2) best (1, -0.25, 4, 10)
step 239 score (1, -0.3333333333333333, 2, 2) best (1, -0.25, 4, 10)
step 240 score (1, -0.25, 4, 2) best (1, -0.25, 4, 10)
step 241 score (1, -0.25, 4, 2) best (1, -0.25, 4, 10)
step 242 score (1, -0.29411764705882354, 2, 2) best (1, -0.25, 4, 10)
step 243 score (1, -0.25, 4, 2) best (1, -0.25, 4, 10)
step 244 score (1, -0.25, 4, 2) best (1, -0.25, 4, 10)
step 245 score (1, -0.25, 4, 3) best (1, -0.25, 4, 10)
step 246 score (1, -0.25, 4, 3) best (1, -0.25, 4, 10)
step 247 score (1, -0.29411764705882354, 2, 2) best (1, -0.25, 4, 10)
step 248 score (1, -0.25, 4, 3) best (1, -0.25, 4, 10)
step 249 score (1, -0.25, 4, 3) best (1, -0.25, 4, 10)
step 250 score (1, -0.25, 4, 3) best (1, -0.25, 4, 10)
step 251 score (1, -0.29411764705882354, 2, 2) best (1, -0.25, 4, 10)
step 252 score (1, -0.3435374149659864, 2, 2) best (1, -0.25, 4, 10)
step 253 score (1, -0.30952380952380953, 2, 3) best (1, -0.25, 4, 10)
step 254 score (1, -0.36363636363636365, 2, 2) best (1, -0.25, 4, 10)
step 255 score (1, -0.30952380952380953, 2, 3) best (1, -0.25, 4, 10)
step 256 score (1, -0.25, 4, 3) best (1, -0.25, 4, 10)
step 257 score (1, -0.25, 4, 3) best (1, -0.25, 4, 10)
step 258 score (1, -0.25, 4, 3) best (1, -0.25, 4, 10)
step 259 score (1, -0.29411764705882354, 2, 2) best (1, -0.25, 4, 10)
step 260 score (1, -0.29411764705882354, 2, 2) best (1, -0.25, 4, 10)
step 261 score (1, -0.32075471698113206, 2, 2) best (1, -0.25, 4, 10)
step 262 score (1, -0.25, 2, 3) best (1, -0.25, 4, 10)
step 263 score (1, -0.31226053639846746, 3, 1) best (1, -0.25, 4, 10)
step 264 score (1, -0.25, 2, 3) best (1, -0.25, 4, 10)
step 265 score (1, -0.25, 2, 3) best (1, -0.25, 4, 10)
step 266 score (1, -0.25, 2, 3) best (1, -0.25, 4, 10)
step 267 score (1, -0.25, 2, 3) best (1, -0.25, 4, 10)
step 268 score (1, -0.25, 2, 3) best (1, -0.25, 4, 10)
step 269 score (1, -0.25, 2, 3) best (1, -0.25, 4, 10)
step 270 score (1, -0.34615384615384615, 2, 2) best (1, -0.25, 4, 10)
step 271 score (1, -0.25, 2, 3) best (1, -0.25, 4, 10)
step 272 score (1, -0.37915129151291516, 2, 1) best (1, -0.25, 4, 10)
step 273 score (1, -0.31226053639846746, 3, 1) best (1, -0.25, 4, 10)
step 274 score (1, -0.27340823970037453, 2, 2) best (1, -0.25, 4, 10)
step 275 score (1, -0.31226053639846746, 3, 1) best (1, -0.25, 4, 10)
step 276 score (1, -0.25, 2, 6) best (1, -0.25, 4, 10)
step 277 score (1, -0.25, 2, 6) best (1, -0.25, 4, 10)
step 278 score (1, -0.31226053639846746, 3, 1) best (1, -0.25, 4, 10)
step 279 score (1, -0.27340823970037453, 2, 2) best (1, -0.25, 4, 10)
step 280 score (1, -0.27340823970037453, 2, 2) best (1, -0.25, 4, 10)
step 281 score (1, -0.2804878048780488, 3, 2) best (1, -0.25, 4, 10)
step 282 score (1, -0.26666666666666666, 3, 3) best (1, -0.25, 4, 10)
step 283 score (1, -0.27340823970037453, 2, 2) best (1, -0.25, 4, 10)
step 284 score (1, -0.2804878048780488, 3, 2) best (1, -0.25, 4, 10)
step 285 score (1, -0.26666666666666666, 3, 3) best (1, -0.25, 4, 10)
step 286 score (1, -0.2913907284768212, 3, 3) best (1, -0.25, 4, 10)
step 287 score (1, -0.2676056338028169, 3, 3) best (1, -0.25, 4, 10)
step 288 score (1, -0.28205128205128205, 3, 3) best (1, -0.25, 4, 10)
step 289 score (1, -0.2676056338028169, 3, 3) best (1, -0.25, 4, 10)
step 290 score (1, -0.2913907284768212, 3, 3) best (1, -0.25, 4, 10)
step 291 score (1, -0.3188976377952756, 2, 2) best (1, -0.25, 4, 10)
step 292 score (1, -0.27340823970037453, 2, 2) best (1, -0.25, 4, 10)
step 293 score (1, -0.27340823970037453, 2, 2) best (1, -0.25, 4, 10)
step 294 score (1, -0.26666666666666666, 3, 3) best (1, -0.25, 4, 10)
step 295 score (1, -0.2804878048780488, 3, 2) best (1, -0.25, 4, 10)
step 296 score (1, -0.25, 3, 4) best (1, -0.25, 4, 10)
step 297 score (1, -0.28065395095367845, 3, 4) best (1, -0.25, 4, 10)
step 298 score (1, -0.25, 3, 4) best (1, -0.25, 4, 10)
step 299 score (1, -0.2804878048780488, 3, 2) best (1, -0.25, 4, 10)
step 300 score (1, -0.26666666666666666, 3, 3) best (1, -0.25, 4, 10)
step 301 score (1, -0.27218934911242604, 3, 8) best (1, -0.25, 4, 10)
step 302 score (1, -0.25, 2, 14) best (1, -0.25, 4, 10)
step 303 score (1, -0.27218934911242604, 3, 8) best (1, -0.25, 4, 10)
step 304 score (1, -0.28019323671497587, 3, 2) best (1, -0.25, 4, 10)
step 305 score (1, -0.3013698630136986, 4, 2) best (1, -0.25, 4, 10)
step 306 score (1, -0.25, 2, 8) best (1, -0.25, 4, 10)
step 307 score (1, -0.3013698630136986, 4, 2) best (1, -0.25, 4, 10)
step 308 score (1, -0.30952380952380953, 4, 2) best (1, -0.25, 4, 10)
step 309 score (1, -0.28378378378378377, 3, 2) best (1, -0.25, 4, 10)
step 310 score (1, -0.3291139240506329, 4, 2) best (1, -0.25, 4, 10)
step 311 score (1, -0.3537117903930131, 2, 2) best (1, -0.25, 4, 10)
step 312 score (1, -0.34831460674157305, 2, 2) best (1, -0.25, 4, 10)
step 313 score (1, -0.34831460674157305, 2, 2) best (1, -0.25, 4, 10)
step 314 score (1, -0.34831460674157305, 2, 2) best (1, -0.25, 4, 10)
step 315 score (1, -0.3537117903930131, 2, 2) best (1, -0.25, 4, 10)
step 316 score (1, -0.34615384615384615, 2, 2) best (1, -0.25, 4, 10)
step 317 score (1, -0.29310344827586204, 4, 2) best (1, -0.25, 4, 10)
step 318 score (1, -0.28378378378378377, 4, 4) best (1, -0.25, 4, 10)
step 319 score (1, -0.2719298245614035, 3, 3) best (1, -0.25, 4, 10)
step 320 score (1, -0.2692307692307692, 3, 5) best (1, -0.25, 4, 10)
step 321 score (1, -0.2784090909090909, 3, 2) best (1, -0.25, 4, 10)
step 322 score (1, -0.3145539906103286, 2, 2) best (1, -0.25, 4, 10)
step 323 score (1, -0.2719298245614035, 3, 3) best (1, -0.25, 4, 10)
step 324 score (1, -0.2692307692307692, 3, 5) best (1, -0.25, 4, 10)
step 325 score (1, -0.3, 3, 7) best (1, -0.25, 4, 10)
step 326 score (1, -0.25, 2, 4) best (1, -0.25, 4, 10)
step 327 score (1, -0.3, 3, 7) best (1, -0.25, 4, 10)
step 328 score (1, -0.31097560975609756, 3, 3) best (1, -0.25, 4, 10)
step 329 score (1, -0.33064516129032256, 3, 3) best (1, -0.25, 4, 10)
step 330 score (1, -0.30952380952380953, 2, 4) best (1, -0.25, 4, 10)
step 331 score (1, -0.30926724137931033, 4, 3) best (1, -0.25, 4, 10)
step 332 score (1, -0.33861940298507465, 3, 1) best (1, -0.25, 4, 10)
step 333 score (1, -0.3302752293577982, 2, 2) best (1, -0.25, 4, 10)
step 334 score (1, -0.3235294117647059, 2, 2) best (1, -0.25, 4, 10)
step 335 score (1, -0.3235294117647059, 2, 2) best (1, -0.25, 4, 10)
step 336 score (1, -0.3218390804597701, 2, 2) best (1, -0.25, 4, 10)
step 337 score (1, -0.3235294117647059, 2, 2) best (1, -0.25, 4, 10)
step 338 score (1, -0.3235294117647059, 2, 2) best (1, -0.25, 4, 10)
step 339 score (1, -0.32432432432432434, 2, 2) best (1, -0.25, 4, 10)
step 340 score (1, -0.32286995515695066, 2, 2) best (1, -0.25, 4, 10)
step 341 score (1, -0.3125, 2, 2) best (1, -0.25, 4, 10)
step 342 score (1, -0.3344594594594595, 2, 2) best (1, -0.25, 4, 10)
step 343 score (1, -0.358695652173913, 2, 2) best (1, -0.25, 4, 10)
step 344 score (1, -0.3344594594594595, 2, 2) best (1, -0.25, 4, 10)
step 345 score (1, -0.25, 2, 3) best (1, -0.25, 4, 10)
step 346 score (1, -0.34146341463414637, 2, 2) best (1, -0.25, 4, 10)
step 347 score (1, -0.2903225806451613, 2, 3) best (1, -0.25, 4, 10)
step 348 score (1, -0.3114754098360656, 2, 2) best (1, -0.25, 4, 10)
step 349 score (1, -0.3125, 2, 2) best (1, -0.25, 4, 10)
step 350 score (1, -0.32286995515695066, 2, 2) best (1, -0.25, 4, 10)
step 351 score (1, -0.3302752293577982, 2, 2) best (1, -0.25, 4, 10)
step 352 score (1, -0.32286995515695066, 2, 2) best (1, -0.25, 4, 10)
step 353 score (1, -0.32432432432432434, 2, 2) best (1, -0.25, 4, 10)
step 354 score (1, -0.3333333333333333, 2, 2) best (1, -0.25, 4, 10)
step 355 score (1, -0.32653061224489793, 2, 2) best (1, -0.25, 4, 10)
step 356 score (1, -0.3333333333333333, 2, 2) best (1, -0.25, 4, 10)
step 357 score (1, -0.37254901960784315, 2, 2) best (1, -0.25, 4, 10)
step 358 score (1, -0.2878787878787879, 2, 3) best (1, -0.25, 4, 10)
step 359 score (1, -0.3475177304964539, 2, 2) best (1, -0.25, 4, 10)
step 360 score (1, -0.25, 2, 5) best (1, -0.25, 4, 10)
step 361 score (1, -0.25, 2, 8) best (1, -0.25, 4, 10)
step 362 score (1, -0.35, 2, 8) best (1, -0.25, 4, 10)
step 363 score (1, -0.25, 2, 8) best (1, -0.25, 4, 10)
step 364 score (1, -0.34615384615384615, 2, 8) best (1, -0.25, 4, 10)
step 365 score (1, -0.36363636363636365, 2, 2) best (1, -0.25, 4, 10)
step 366 score (1, -0.31313131313131315, 2, 2) best (1, -0.25, 4, 10)
step 367 score (1, -0.3344594594594595, 2, 2) best (1, -0.25, 4, 10)
step 368 score (1, -0.3125, 2, 2) best (1, -0.25, 4, 10)
step 369 score (1, -0.25, 2, 4) best (1, -0.25, 4, 10)
step 370 score (1, -0.25, 2, 3) best (1, -0.25, 4, 10)
step 371 score (1, -0.25, 2, 4) best (1, -0.25, 4, 10)
step 372 score (1, -0.25, 2, 4) best (1, -0.25, 4, 10)
step 373 score (1, -0.34146341463414637, 2, 2) best (1, -0.25, 4, 10)
step 374 score (1, -0.25, 2, 4) best (1, -0.25, 4, 10)
step 375 score (1, -0.25, 2, 4) best (1, -0.25, 4, 10)
step 376 score (1, -0.25, 2, 3) best (1, -0.25, 4, 10)
step 377 score (1, -0.36771300448430494, 2, 2) best (1, -0.25, 4, 10)
step 378 score (1, -0.25, 2, 3) best (1, -0.25, 4, 10)
step 379 score (1, -0.25, 2, 4) best (1, -0.25, 4, 10)
step 380 score (1, -0.25, 2, 4) best (1, -0.25, 4, 10)
step 381 score (1, -0.3344594594594595, 2, 2) best (1, -0.25, 4, 10)
step 382 score (1, -0.3125, 2, 2) best (1, -0.25, 4, 10)
step 383 score (1, -0.35964912280701755, 2, 2) best (1, -0.25, 4, 10)
step 384 score (1, -0.3125, 2, 2) best (1, -0.25, 4, 10)
step 385 score (1, -0.25, 2, 4) best (1, -0.25, 4, 10)
step 386 score (1, -0.25, 2, 4) best (1, -0.25, 4, 10)
step 387 score (1, -0.375, 2, 2) best (1, -0.25, 4, 10)
step 388 score (1, -0.36363636363636365, 2, 2) best (1, -0.25, 4, 10)
step 389 score (1, -0.25, 2, 4) best (1, -0.25, 4, 10)
step 390 score (1, -0.3157894736842105, 2, 12) best (1, -0.25, 4, 10)
step 391 score (1, -0.358695652173913, 2, 3) best (1, -0.25, 4, 10)
step 392 score (1, -0.32653061224489793, 3, 2) best (1, -0.25, 4, 10)
step 393 score (1, -0.328125, 3, 5) best (1, -0.25, 4, 10)
step 394 score (1, -0.32653061224489793, 3, 2) best (1, -0.25, 4, 10)
step 395 score (1, -0.358695652173913, 2, 3) best (1, -0.25, 4, 10)
step 396 score (1, -0.3157894736842105, 2, 12) best (1, -0.25, 4, 10)
step 397 score (1, -0.25, 2, 4) best (1, -0.25, 4, 10)
step 398 score (1, -0.3333333333333333, 2, 3) best (1, -0.25, 4, 10)
step 399 score (1, -0.2809917355371901, 3, 2) best (1, -0.25, 4, 10)
step 400 score (1, -0.2809917355371901, 3, 5) best (1, -0.25, 4, 10)
step 401 score (1, -0.3165680473372781, 4, 5) best (1, -0.25, 4, 10)
step 402 score (1, -0.2809917355371901, 3, 5) best (1, -0.25, 4, 10)
step 403 score (1, -0.2809917355371901, 3, 2) best (1, -0.25, 4, 10)
step 404 score (1, -0.3219895287958115, 4, 1) best (1, -0.25, 4, 10)
step 405 score (1, -0.29411764705882354, 4, 2) best (1, -0.25, 4, 10)
step 406 score (1, -0.28378378378378377, 4, 5) best (1, -0.25, 4, 10)
step 407 score (1, -0.3165680473372781, 4, 5) best (1, -0.25, 4, 10)
step 408 score (1, -0.30985915492957744, 3, 1) best (1, -0.25, 4, 10)
step 409 score (1, -0.3319088319088319, 3, 1) best (1, -0.25, 4, 10)
step 410 score (1, -0.30985915492957744, 3, 1) best (1, -0.25, 4, 10)
step 411 score (1, -0.3228346456692913, 4, 1) best (1, -0.25, 4, 10)
step 412 score (1, -0.2727272727272727, 3, 2) best (1, -0.25, 4, 10)
step 413 score (1, -0.27388535031847133, 3, 3) best (1, -0.25, 4, 10)
step 414 score (1, -0.2676056338028169, 3, 6) best (1, -0.25, 4, 10)
step 415 score (1, -0.27358490566037735, 3, 2) best (1, -0.25, 4, 10)
step 416 score (1, -0.25, 3, 8) best (1, -0.25, 4, 10)
step 417 score (1, -0.25, 3, 8) best (1, -0.25, 4, 10)
step 418 score (1, -0.25, 3, 8) best (1, -0.25, 4, 10)
step 419 score (1, -0.28272251308900526, 4, 2) best (1, -0.25, 4, 10)
step 420 score (1, -0.2992125984251969, 4, 3) best (1, -0.25, 4, 10)
step 421 score (1, -0.31909547738693467, 4, 2) best (1, -0.25, 4, 10)
step 422 score (1, -0.26811594202898553, 4, 8) best (1, -0.25, 4, 10)
step 423 score (1, -0.25, 3, 8) best (1, -0.25, 4, 10)
step 424 score (1, -0.25, 3, 8) best (1, -0.25, 4, 10)
step 425 score (1, -0.25, 3, 8) best (1, -0.25, 4, 10)
step 426 score (1, -0.25, 3, 8) best (1, -0.25, 4, 10)
step 427 score (1, -0.25, 3, 8) best (1, -0.25, 4, 10)
step 428 score (1, -0.25, 3, 8) best (1, -0.25, 4, 10)
step 429 score (1, -0.25, 3, 8) best (1, -0.25, 4, 10)
step 430 score (1, -0.25, 3, 8) best (1, -0.25, 4, 10)
step 431 score (1, -0.25, 3, 8) best (1, -0.25, 4, 10)
step 432 score (1, -0.25, 3, 8) best (1, -0.25, 4, 10)
step 433 score (1, -0.25, 3, 8) best (1, -0.25, 4, 10)
step 434 score (1, -0.25, 3, 8) best (1, -0.25, 4, 10)
step 435 score (1, -0.25, 4, 2) best (1, -0.25, 4, 10)
step 436 score (1, -0.2804878048780488, 4, 2) best (1, -0.25, 4, 10)
step 437 score (1, -0.25, 4, 2) best (1, -0.25, 4, 10)
step 438 score (1, -0.2804878048780488, 4, 2) best (1, -0.25, 4, 10)
step 439 score (1, -0.25, 4, 2) best (1, -0.25, 4, 10)
step 440 score (1, -0.2992125984251969, 4, 3) best (1, -0.25, 4, 10)
step 441 score (1, -0.25, 2, 3) best (1, -0.25, 4, 10)
step 442 score (1, -0.25, 3, 8) best (1, -0.25, 4, 10)
step 443 score (1, -0.25, 4, 8) best (1, -0.25, 4, 10)
step 444 score (1, -0.25, 3, 8) best (1, -0.25, 4, 10)
step 445 score (1, -0.25, 3, 8) best (1, -0.25, 4, 10)
step 446 score (1, -0.25, 2, 9) best (1, -0.25, 4, 10)
step 447 score (1, -0.25, 3, 8) best (1, -0.25, 4, 10)
step 448 score (1, -0.2980769230769231, 3, 2) best (1, -0.25, 4, 10)
step 449 score (1, -0.28205128205128205, 3, 3) best (1, -0.25, 4, 10)
step 450 score (1, -0.31097560975609756, 3, 2) best (1, -0.25, 4, 10)
step 451 score (1, -0.25, 4, 2) best (1, -0.25, 4, 10)
step 452 score (1, -0.25, 2, 3) best (1, -0.25, 4, 10)
step 453 score (1, -0.25, 4, 2) best (1, -0.25, 4, 10)
step 454 score (1, -0.25, 4, 3) best (1, -0.25, 4, 10)
step 455 score (1, -0.25, 4, 2) best (1, -0.25, 4, 10)
step 456 score (1, -0.25, 4, 2) best (1, -0.25, 4, 10)
step 457 score (1, -0.25, 4, 2) best (1, -0.25, 4, 10)
step 458 score (1, -0.25, 4, 2) best (1, -0.25, 4, 10)
step 459 score (1, -0.25, 4, 2) best (1, -0.25, 4, 10)
step 460 score (1, -0.25, 4, 2) best (1, -0.25, 4, 10)
step 461 score (1, -0.2994350282485876, 4, 2) best (1, -0.25, 4, 10)
step 462 score (1, -0.25, 4, 2) best (1, -0.25, 4, 10)
step 463 score (1, -0.25, 4, 2) best (1, -0.25, 4, 10)
step 464 score (1, -0.25, 4, 2) best (1, -0.25, 4, 10)
step 465 score (1, -0.25, 4, 3) best (1, -0.25, 4, 10)
step 466 score (1, -0.25, 4, 3) best (1, -0.25, 4, 10)
step 467 score (1, -0.2907608695652174, 4, 3) best (1, -0.25, 4, 10)
step 468 score (1, -0.25, 4, 11) best (1, -0.25, 4, 11)
step 469 score (1, -0.29411764705882354, 2, 10) best (1, -0.25, 4, 11)
step 470 score (1, -0.29411764705882354, 2, 10) best (1, -0.25, 4, 11)
step 471 score (1, -0.3157894736842105, 2, 4) best (1, -0.25, 4, 11)
step 472 score (1, -0.30434782608695654, 2, 8) best (1, -0.25, 4, 11)
step 473 score (1, -0.3, 2, 3) best (1, -0.25, 4, 11)
step 474 score (1, -0.25, 2, 11) best (1, -0.25, 4, 11)
step 475 score (1, -0.25, 2, 12) best (1, -0.25, 4, 11)
step 476 score (1, -0.25, 2, 12) best (1, -0.25, 4, 11)
step 477 score (1, -0.25, 2, 6) best (1, -0.25, 4, 11)
step 478 score (1, -0.25, 2, 5) best (1, -0.25, 4, 11)
step 479 score (1, -0.25, 2, 6) best (1, -0.25, 4, 11)
step 480 score (1, -0.25, 2, 12) best (1, -0.25, 4, 11)
step 481 score (1, -0.25, 2, 3) best (1, -0.25, 4, 11)
step 482 score (1, -0.25, 2, 10) best (1, -0.25, 4, 11)
step 483 score (1, -0.25, 2, 7) best (1, -0.25, 4, 11)
step 484 score (1, -0.25, 2, 10) best (1, -0.25, 4, 11)
step 485 score (1, -0.25, 2, 3) best (1, -0.25, 4, 11)
step 486 score (1, -0.33858267716535434, 2, 2) best (1, -0.25, 4, 11)
step 487 score (1, -0.25, 2, 3) best (1, -0.25, 4, 11)
step 488 score (1, -0.25, 2, 13) best (1, -0.25, 4, 11)
step 489 score (1, -0.25, 2, 10) best (1, -0.25, 4, 11)
step 490 score (1, -0.25, 2, 14) best (1, -0.25, 4, 11)
step 491 score (1, -0.25, 2, 13) best (1, -0.25, 4, 11)
step 492 score (1, -0.25, 2, 10) best (1, -0.25, 4, 11)
step 493 score (1, -0.25, 2, 15) best (1, -0.25, 4, 11)
step 494 score (1, -0.25, 2, 10) best (1, -0.25, 4, 11)
step 495 score (1, -0.25, 2, 13) best (1, -0.25, 4, 11)
step 496 score (1, -0.25, 2, 14) best (1, -0.25, 4, 11)
step 497 score (1, -0.25, 2, 13) best (1, -0.25, 4, 11)
step 498 score (1, -0.25, 2, 14) best (1, -0.25, 4, 11)
step 499 score (1, -0.25, 2, 13) best (1, -0.25, 4, 11)
step 500 score (1, -0.25, 2, 14) best (1, -0.25, 4, 11)
step 501 score (1, -0.25, 2, 13) best (1, -0.25, 4, 11)
step 502 score (1, -0.25, 2, 14) best (1, -0.25, 4, 11)
step 503 score (1, -0.25, 2, 13) best (1, -0.25, 4, 11)
step 504 score (1, -0.25, 2, 13) best (1, -0.25, 4, 11)
step 505 score (1, -0.25, 2, 13) best (1, -0.25, 4, 11)
step 506 score (1, -0.25, 2, 13) best (1, -0.25, 4, 11)
step 507 score (1, -0.25, 2, 13) best (1, -0.25, 4, 11)
step 508 score (1, -0.25, 2, 14) best (1, -0.25, 4, 11)
step 509 score (1, -0.25, 2, 13) best (1, -0.25, 4, 11)
step 510 score (1, -0.25, 2, 13) best (1, -0.25, 4, 11)
step 511 score (1, -0.25, 2, 13) best (1, -0.25, 4, 11)
step 512 score (1, -0.25, 2, 14) best (1, -0.25, 4, 11)
step 513 score (1, -0.25, 2, 14) best (1, -0.25, 4, 11)
step 514 score (1, -0.25, 2, 5) best (1, -0.25, 4, 11)
step 515 score (1, -0.25, 2, 14) best (1, -0.25, 4, 11)
step 516 score (1, -0.25, 2, 5) best (1, -0.25, 4, 11)
step 517 score (1, -0.25, 2, 5) best (1, -0.25, 4, 11)
step 518 score (1, -0.25, 2, 14) best (1, -0.25, 4, 11)
step 519 score (1, -0.25, 2, 10) best (1, -0.25, 4, 11)
step 520 score (1, -0.25, 2, 14) best (1, -0.25, 4, 11)
step 521 score (1, -0.25, 2, 14) best (1, -0.25, 4, 11)
step 522 score (1, -0.25, 2, 10) best (1, -0.25, 4, 11)
step 523 score (1, -0.25, 2, 14) best (1, -0.25, 4, 11)
step 524 score (1, -0.25, 2, 14) best (1, -0.25, 4, 11)
step 525 score (1, -0.25, 2, 12) best (1, -0.25, 4, 11)
step 526 score (1, -0.25, 2, 11) best (1, -0.25, 4, 11)
step 527 score (1, -0.25, 2, 12) best (1, -0.25, 4, 11)
step 528 score (1, -0.25, 2, 14) best (1, -0.25, 4, 11)
step 529 score (1, -0.25, 2, 6) best (1, -0.25, 4, 11)
step 530 score (1, -0.25, 2, 14) best (1, -0.25, 4, 11)
step 531 score (1, -0.25, 2, 14) best (1, -0.25, 4, 11)
step 532 score (1, -0.25, 2, 8) best (1, -0.25, 4, 11)
step 533 score (1, -0.25, 2, 14) best (1, -0.25, 4, 11)
step 534 score (1, -0.25, 2, 14) best (1, -0.25, 4, 11)
step 535 score (1, -0.25, 2, 10) best (1, -0.25, 4, 11)
step 536 score (1, -0.25, 2, 14) best (1, -0.25, 4, 11)
step 537 score (1, -0.25, 2, 12) best (1, -0.25, 4, 11)
step 538 score (1, -0.25, 2, 14) best (1, -0.25, 4, 11)
step 539 score (1, -0.25, 2, 6) best (1, -0.25, 4, 11)
step 540 score (1, -0.25, 2, 5) best (1, -0.25, 4, 11)
step 541 score (1, -0.25, 2, 5) best (1, -0.25, 4, 11)
step 542 score (1, -0.25, 2, 9) best (1, -0.25, 4, 11)
step 543 score (1, -0.25, 2, 5) best (1, -0.25, 4, 11)
step 544 score (1, -0.25, 2, 9) best (1, -0.25, 4, 11)
step 545 score (1, -0.25, 2, 12) best (1, -0.25, 4, 11)
step 546 score (1, -0.25, 2, 9) best (1, -0.25, 4, 11)
step 547 score (1, -0.25, 2, 6) best (1, -0.25, 4, 11)
step 548 score (1, -0.25, 2, 10) best (1, -0.25, 4, 11)
step 549 score (1, -0.25, 2, 10) best (1, -0.25, 4, 11)
step 550 score (1, -0.25, 2, 10) best (1, -0.25, 4, 11)
step 551 score (1, -0.25, 2, 10) best (1, -0.25, 4, 11)
step 552 score (1, -0.25, 2, 10) best (1, -0.25, 4, 11)
step 553 score (1, -0.25, 2, 6) best (1, -0.25, 4, 11)
step 554 score (1, -0.25, 2, 10) best (1, -0.25, 4, 11)
step 555 score (1, -0.25, 2, 10) best (1, -0.25, 4, 11)
step 556 score (1, -0.25, 2, 10) best (1, -0.25, 4, 11)
step 557 score (1, -0.25, 2, 10) best (1, -0.25, 4, 11)
step 558 score (1, -0.25, 2, 10) best (1, -0.25, 4, 11)
step 559 score (1, -0.25, 2, 10) best (1, -0.25, 4, 11)
step 560 score (1, -0.25, 2, 10) best (1, -0.25, 4, 11)
step 561 score (1, -0.25, 2, 6) best (1, -0.25, 4, 11)
step 562 score (1, -0.25, 2, 10) best (1, -0.25, 4, 11)
step 563 score (1, -0.25, 2, 11) best (1, -0.25, 4, 11)
step 564 score (1, -0.25, 2, 19) best (1, -0.25, 4, 11)
step 565 score (1, -0.25, 2, 14) best (1, -0.25, 4, 11)
step 566 score (1, -0.25, 2, 10) best (1, -0.25, 4, 11)
step 567 score (1, -0.25, 2, 14) best (1, -0.25, 4, 11)
step 568 score (1, -0.25, 2, 19) best (1, -0.25, 4, 11)
step 569 score (1, -0.25, 2, 11) best (1, -0.25, 4, 11)
step 570 score (1, -0.25, 2, 19) best (1, -0.25, 4, 11)
step 571 score (1, -0.25, 2, 14) best (1, -0.25, 4, 11)
step 572 score (1, -0.25, 2, 11) best (1, -0.25, 4, 11)
step 573 score (1, -0.25, 2, 14) best (1, -0.25, 4, 11)
step 574 score (1, -0.25, 2, 19) best (1, -0.25, 4, 11)
step 575 score (1, -0.25, 2, 13) best (1, -0.25, 4, 11)
step 576 score (1, -0.25, 2, 11) best (1, -0.25, 4, 11)
step 577 score (1, -0.25, 2, 14) best (1, -0.25, 4, 11)
step 578 score (1, -0.25, 2, 19) best (1, -0.25, 4, 11)
step 579 score (1, -0.25, 2, 11) best (1, -0.25, 4, 11)
step 580 score (1, -0.25, 2, 10) best (1, -0.25, 4, 11)
step 581 score (1, -0.25, 2, 11) best (1, -0.25, 4, 11)
step 582 score (1, -0.25, 2, 19) best (1, -0.25, 4, 11)
step 583 score (1, -0.25, 2, 13) best (1, -0.25, 4, 11)
step 584 score (1, -0.25, 2, 19) best (1, -0.25, 4, 11)
step 585 score (1, -0.25, 2, 10) best (1, -0.25, 4, 11)
step 586 score (1, -0.25, 2, 19) best (1, -0.25, 4, 11)
step 587 score (1, -0.25, 2, 13) best (1, -0.25, 4, 11)
step 588 score (1, -0.25, 2, 11) best (1, -0.25, 4, 11)
step 589 score (1, -0.25, 2, 14) best (1, -0.25, 4, 11)
step 590 score (1, -0.25, 2, 19) best (1, -0.25, 4, 11)
step 591 score (1, -0.25, 2, 14) best (1, -0.25, 4, 11)
step 592 score (1, -0.25, 2, 10) best (1, -0.25, 4, 11)
step 593 score (1, -0.25, 2, 15) best (1, -0.25, 4, 11)
step 594 score (1, -0.25, 2, 8) best (1, -0.25, 4, 11)
step 595 score (1, -0.25, 2, 4) best (1, -0.25, 4, 11)
step 596 score (1, -0.25, 2, 8) best (1, -0.25, 4, 11)
step 597 score (1, -0.25, 2, 15) best (1, -0.25, 4, 11)
step 598 score (1, -0.25, 2, 10) best (1, -0.25, 4, 11)
step 599 score (1, -0.25, 2, 14) best (1, -0.25, 4, 11)
step 600 score (1, -0.25, 2, 13) best (1, -0.25, 4, 11)
step 601 score (1, -0.25, 2, 14) best (1, -0.25, 4, 11)
step 602 score (1, -0.25, 2, 13) best (1, -0.25, 4, 11)
step 603 score (1, -0.25, 2, 14) best (1, -0.25, 4, 11)
step 604 score (1, -0.25, 2, 19) best (1, -0.25, 4, 11)
step 605 score (1, -0.25, 2, 14) best (1, -0.25, 4, 11)
step 606 score (1, -0.25, 2, 19) best (1, -0.25, 4, 11)
step 607 score (1, -0.25, 2, 11) best (1, -0.25, 4, 11)
step 608 score (1, -0.25, 2, 19) best (1, -0.25, 4, 11)
step 609 score (1, -0.25, 2, 14) best (1, -0.25, 4, 11)
step 610 score (1, -0.25, 2, 19) best (1, -0.25, 4, 11)
step 611 score (1, -0.25, 2, 13) best (1, -0.25, 4, 11)
step 612 score (1, -0.25, 2, 19) best (1, -0.25, 4, 11)
step 613 score (1, -0.25, 2, 11) best (1, -0.25, 4, 11)
step 614 score (1, -0.25, 2, 19) best (1, -0.25, 4, 11)
step 615 score (1, -0.25, 2, 14) best (1, -0.25, 4, 11)
step 616 score (1, -0.25, 2, 10) best (1, -0.25, 4, 11)
step 617 score (1, -0.25, 2, 14) best (1, -0.25, 4, 11)
step 618 score (1, -0.25, 2, 19) best (1, -0.25, 4, 11)
step 619 score (1, -0.25, 2, 14) best (1, -0.25, 4, 11)
step 620 score (1, -0.25, 2, 11) best (1, -0.25, 4, 11)
step 621 score (1, -0.25, 2, 14) best (1, -0.25, 4, 11)
step 622 score (1, -0.25, 2, 11) best (1, -0.25, 4, 11)
step 623 score (1, -0.25, 2, 14) best (1, -0.25, 4, 11)
step 624 score (1, -0.25, 2, 19) best (1, -0.25, 4, 11)
step 625 score (1, -0.25, 2, 14) best (1, -0.25, 4, 11)
step 626 score (1, -0.25, 2, 19) best (1, -0.25, 4, 11)
step 627 score (1, -0.25, 2, 11) best (1, -0.25, 4, 11)
step 628 score (1, -0.25, 2, 10) best (1, -0.25, 4, 11)
step 629 score (1, -0.25, 2, 11) best (1, -0.25, 4, 11)
step 630 score (1, -0.25, 2, 19) best (1, -0.25, 4, 11)
step 631 score (1, -0.25, 2, 14) best (1, -0.25, 4, 11)
step 632 score (1, -0.25, 2, 19) best (1, -0.25, 4, 11)
step 633 score (1, -0.25, 2, 13) best (1, -0.25, 4, 11)
step 634 score (1, -0.25, 2, 19) best (1, -0.25, 4, 11)
step 635 score (1, -0.25, 2, 14) best (1, -0.25, 4, 11)
step 636 score (1, -0.25, 2, 5) best (1, -0.25, 4, 11)
step 637 score (1, -0.25, 2, 14) best (1, -0.25, 4, 11)
step 638 score (1, -0.25, 2, 5) best (1, -0.25, 4, 11)
step 639 score (1, -0.25, 2, 13) best (1, -0.25, 4, 11)
step 640 score (1, -0.25, 2, 14) best (1, -0.25, 4, 11)
step 641 score (1, -0.25, 2, 13) best (1, -0.25, 4, 11)
step 642 score (1, -0.25, 2, 14) best (1, -0.25, 4, 11)
step 643 score (1, -0.25, 2, 13) best (1, -0.25, 4, 11)
step 644 score (1, -0.25, 2, 14) best (1, -0.25, 4, 11)
step 645 score (1, -0.25, 2, 13) best (1, -0.25, 4, 11)
step 646 score (1, -0.25, 2, 12) best (1, -0.25, 4, 11)
step 647 score (1, -0.25, 2, 12) best (1, -0.25, 4, 11)
step 648 score (1, -0.3333333333333333, 2, 2) best (1, -0.25, 4, 11)
step 649 score (1, -0.25, 2, 12) best (1, -0.25, 4, 11)
step 650 score (1, -0.34615384615384615, 2, 2) best (1, -0.25, 4, 11)
step 651 score (1, -0.25, 2, 4) best (1, -0.25, 4, 11)
step 652 score (1, -0.25, 2, 4) best (1, -0.25, 4, 11)
step 653 score (1, -0.25, 2, 4) best (1, -0.25, 4, 11)
step 654 score (1, -0.25, 2, 15) best (1, -0.25, 4, 11)
step 655 score (1, -0.25, 2, 10) best (1, -0.25, 4, 11)
step 656 score (1, -0.25, 2, 4) best (1, -0.25, 4, 11)
step 657 score (1, -0.3135593220338983, 2, 3) best (1, -0.25, 4, 11)
step 658 score (1, -0.25, 2, 12) best (1, -0.25, 4, 11)
step 659 score (1, -0.25, 2, 13) best (1, -0.25, 4, 11)
step 660 score (1, -0.25, 2, 12) best (1, -0.25, 4, 11)
step 661 score (1, -0.25, 2, 5) best (1, -0.25, 4, 11)
step 662 score (1, -0.25, 2, 12) best (1, -0.25, 4, 11)
step 663 score (1, -0.25, 2, 5) best (1, -0.25, 4, 11)
step 664 score (1, -0.25, 2, 8) best (1, -0.25, 4, 11)
step 665 score (1, -0.25, 2, 12) best (1, -0.25, 4, 11)
step 666 score (1, -0.25, 2, 13) best (1, -0.25, 4, 11)
step 667 score (1, -0.25, 2, 11) best (1, -0.25, 4, 11)
step 668 score (1, -0.25, 2, 13) best (1, -0.25, 4, 11)
step 669 score (1, -0.25, 2, 7) best (1, -0.25, 4, 11)
step 670 score (1, -0.25, 2, 12) best (1, -0.25, 4, 11)
step 671 score (1, -0.25, 2, 12) best (1, -0.25, 4, 11)
step 672 score (1, -0.25, 2, 11) best (1, -0.25, 4, 11)
step 673 score (1, -0.25, 2, 12) best (1, -0.25, 4, 11)
step 674 score (1, -0.25, 2, 12) best (1, -0.25, 4, 11)
step 675 score (1, -0.25, 2, 13) best (1, -0.25, 4, 11)
step 676 score (1, -0.25, 2, 14) best (1, -0.25, 4, 11)
step 677 score (1, -0.25, 2, 10) best (1, -0.25, 4, 11)
step 678 score (1, -0.25, 2, 14) best (1, -0.25, 4, 11)
step 679 score (1, -0.25, 2, 10) best (1, -0.25, 4, 11)
step 680 score (1, -0.25, 2, 14) best (1, -0.25, 4, 11)
step 681 score (1, -0.25, 2, 6) best (1, -0.25, 4, 11)
step 682 score (1, -0.25, 2, 14) best (1, -0.25, 4, 11)
step 683 score (1, -0.25, 2, 13) best (1, -0.25, 4, 11)
step 684 score (1, -0.25, 2, 14) best (1, -0.25, 4, 11)
step 685 score (1, -0.25, 2, 5) best (1, -0.25, 4, 11)
step 686 score (1, -0.3135593220338983, 2, 3) best (1, -0.25, 4, 11)
step 687 score (1, -0.25, 2, 5) best (1, -0.25, 4, 11)
step 688 score (1, -0.25, 2, 14) best (1, -0.25, 4, 11)
step 689 score (1, -0.25, 2, 10) best (1, -0.25, 4, 11)
step 690 score (1, -0.25, 2, 14) best (1, -0.25, 4, 11)
step 691 score (1, -0.25, 2, 13) best (1, -0.25, 4, 11)
step 692 score (1, -0.25, 2, 12) best (1, -0.25, 4, 11)
step 693 score (1, -0.25, 2, 11) best (1, -0.25, 4, 11)
step 694 score (1, -0.25, 2, 11) best (1, -0.25, 4, 11)
step 695 score (1, -0.25, 2, 12) best (1, -0.25, 4, 11)
step 696 score (1, -0.25, 2, 12) best (1, -0.25, 4, 11)
step 697 score (1, -0.25, 2, 11) best (1, -0.25, 4, 11)
step 698 score (1, -0.25, 2, 10) best (1, -0.25, 4, 11)
step 699 score (1, -0.25, 2, 15) best (1, -0.25, 4, 11)
step 700 score (1, -0.25, 2, 10) best (1, -0.25, 4, 11)
step 701 score (1, -0.25, 2, 15) best (1, -0.25, 4, 11)
step 702 score (1, -0.25, 2, 10) best (1, -0.25, 4, 11)
step 703 score (1, -0.25, 2, 11) best (1, -0.25, 4, 11)
step 704 score (1, -0.25, 2, 12) best (1, -0.25, 4, 11)
step 705 score (1, -0.25, 2, 11) best (1, -0.25, 4, 11)
step 706 score (1, -0.25, 2, 11) best (1, -0.25, 4, 11)
step 707 score (1, -0.25, 2, 12) best (1, -0.25, 4, 11)
step 708 score (1, -0.25, 2, 11) best (1, -0.25, 4, 11)
step 709 score (1, -0.25, 2, 13) best (1, -0.25, 4, 11)
step 710 score (1, -0.25, 2, 12) best (1, -0.25, 4, 11)
step 711 score (1, -0.25, 2, 13) best (1, -0.25, 4, 11)
step 712 score (1, -0.25, 2, 11) best (1, -0.25, 4, 11)
step 713 score (1, -0.25, 2, 12) best (1, -0.25, 4, 11)
step 714 score (1, -0.25, 2, 11) best (1, -0.25, 4, 11)
step 715 score (1, -0.25, 2, 11) best (1, -0.25, 4, 11)
step 716 score (1, -0.25, 2, 12) best (1, -0.25, 4, 11)
step 717 score (1, -0.25, 2, 4) best (1, -0.25, 4, 11)
step 718 score (1, -0.25, 2, 12) best (1, -0.25, 4, 11)
step 719 score (1, -0.25, 2, 14) best (1, -0.25, 4, 11)
step 720 score (1, -0.25, 2, 14) best (1, -0.25, 4, 11)
step 721 score (1, -0.25, 2, 8) best (1, -0.25, 4, 11)
step 722 score (1, -0.25, 2, 14) best (1, -0.25, 4, 11)
step 723 score (1, -0.25, 2, 14) best (1, -0.25, 4, 11)
step 724 score (1, -0.25, 2, 10) best (1, -0.25, 4, 11)
step 725 score (1, -0.25, 2, 14) best (1, -0.25, 4, 11)
step 726 score (1, -0.25, 2, 14) best (1, -0.25, 4, 11)
step 727 score (1, -0.25, 2, 14) best (1, -0.25, 4, 11)
step 728 score (1, -0.25, 2, 12) best (1, -0.25, 4, 11)
step 729 score (1, -0.25, 2, 12) best (1, -0.25, 4, 11)
step 730 score (1, -0.25, 2, 11) best (1, -0.25, 4, 11)
step 731 score (1, -0.25, 2, 13) best (1, -0.25, 4, 11)
step 732 score (1, -0.25, 2, 12) best (1, -0.25, 4, 11)
step 733 score (1, -0.25, 2, 13) best (1, -0.25, 4, 11)
step 734 score (1, -0.25, 2, 11) best (1, -0.25, 4, 11)
step 735 score (1, -0.25, 2, 13) best (1, -0.25, 4, 11)
step 736 score (1, -0.25, 2, 7) best (1, -0.25, 4, 11)
step 737 score (1, -0.25, 2, 12) best (1, -0.25, 4, 11)
step 738 score (1, -0.25, 2, 11) best (1, -0.25, 4, 11)
step 739 score (1, -0.25, 2, 12) best (1, -0.25, 4, 11)
step 740 score (1, -0.25, 2, 12) best (1, -0.25, 4, 11)
step 741 score (1, -0.25, 2, 5) best (1, -0.25, 4, 11)
step 742 score (1, -0.25, 2, 9) best (1, -0.25, 4, 11)
step 743 score (1, -0.25, 2, 5) best (1, -0.25, 4, 11)
step 744 score (1, -0.25, 2, 10) best (1, -0.25, 4, 11)
step 745 score (1, -0.25, 2, 11) best (1, -0.25, 4, 11)
step 746 score (1, -0.25, 2, 11) best (1, -0.25, 4, 11)
step 747 score (1, -0.25, 2, 14) best (1, -0.25, 4, 11)
step 748 score (1, -0.25, 2, 11) best (1, -0.25, 4, 11)
step 749 score (1, -0.25, 2, 13) best (1, -0.25, 4, 11)
step 750 score (1, -0.25, 2, 19) best (1, -0.25, 4, 11)
step 751 score (1, -0.25, 2, 14) best (1, -0.25, 4, 11)
step 752 score (1, -0.25, 2, 10) best (1, -0.25, 4, 11)
step 753 score (1, -0.25, 2, 10) best (1, -0.25, 4, 11)
step 754 score (1, -0.25, 2, 10) best (1, -0.25, 4, 11)
step 755 score (1, -0.25, 2, 14) best (1, -0.25, 4, 11)
step 756 score (1, -0.25, 2, 19) best (1, -0.25, 4, 11)
step 757 score (1, -0.25, 2, 13) best (1, -0.25, 4, 11)
step 758 score (1, -0.25, 2, 11) best (1, -0.25, 4, 11)
step 759 score (1, -0.25, 2, 14) best (1, -0.25, 4, 11)
step 760 score (1, -0.25, 2, 11) best (1, -0.25, 4, 11)
step 761 score (1, -0.25, 2, 11) best (1, -0.25, 4, 11)
step 762 score (1, -0.25, 2, 11) best (1, -0.25, 4, 11)
step 763 score (1, -0.25, 2, 14) best (1, -0.25, 4, 11)
step 764 score (1, -0.25, 2, 19) best (1, -0.25, 4, 11)
step 765 score (1, -0.25, 2, 10) best (1, -0.25, 4, 11)
step 766 score (1, -0.25, 2, 8) best (1, -0.25, 4, 11)
step 767 score (1, -0.25, 2, 11) best (1, -0.25, 4, 11)
step 768 score (1, -0.25, 2, 4) best (1, -0.25, 4, 11)
step 769 score (1, -0.25, 2, 11) best (1, -0.25, 4, 11)
step 770 score (1, -0.25, 2, 5) best (1, -0.25, 4, 11)
step 771 score (1, -0.25, 2, 11) best (1, -0.25, 4, 11)
step 772 score (1, -0.25, 2, 8) best (1, -0.25, 4, 11)
step 773 score (1, -0.25, 2, 10) best (1, -0.25, 4, 11)
step 774 score (1, -0.25, 2, 8) best (1, -0.25, 4, 11)
step 775 score (1, -0.25, 2, 8) best (1, -0.25, 4, 11)
step 776 score (1, -0.25, 2, 10) best (1, -0.25, 4, 11)
step 777 score (1, -0.25, 2, 6) best (1, -0.25, 4, 11)
step 778 score (1, -0.25, 2, 28) best (1, -0.25, 4, 11)
step 779 score (1, -0.25, 2, 7) best (1, -0.25, 4, 11)
step 780 score (1, -0.25, 2, 5) best (1, -0.25, 4, 11)
step 781 score (1, -0.25, 2, 7) best (1, -0.25, 4, 11)
step 782 score (1, -0.25, 2, 6) best (1, -0.25, 4, 11)
step 783 score (1, -0.25, 2, 10) best (1, -0.25, 4, 11)
step 784 score (1, -0.25, 2, 7) best (1, -0.25, 4, 11)
step 785 score (1, -0.25, 2, 6) best (1, -0.25, 4, 11)
step 786 score (1, -0.25, 2, 8) best (1, -0.25, 4, 11)
step 787 score (1, -0.25, 2, 6) best (1, -0.25, 4, 11)
step 788 score (1, -0.3, 2, 3) best (1, -0.25, 4, 11)
step 789 score (1, -0.25, 2, 10) best (1, -0.25, 4, 11)
step 790 score (1, -0.25, 2, 8) best (1, -0.25, 4, 11)
step 791 score (1, -0.25, 2, 10) best (1, -0.25, 4, 11)
step 792 score (1, -0.25, 2, 5) best (1, -0.25, 4, 11)
step 793 score (1, -0.25, 2, 4) best (1, -0.25, 4, 11)
step 794 score (1, -0.36597938144329895, 2, 2) best (1, -0.25, 4, 11)
step 795 score (1, -0.25, 2, 4) best (1, -0.25, 4, 11)
step 796 score (1, -0.25, 2, 4) best (1, -0.25, 4, 11)
step 797 score (1, -0.25, 2, 10) best (1, -0.25, 4, 11)
step 798 score (1, -0.25, 2, 10) best (1, -0.25, 4, 11)
step 799 score (1, -0.25, 2, 10) best (1, -0.25, 4, 11)
step 800 score (1, -0.25, 2, 5) best (1, -0.25, 4, 11)
step 801 score (1, -0.25, 2, 10) best (1, -0.25, 4, 11)
step 802 score (1, -0.25, 2, 10) best (1, -0.25, 4, 11)
step 803 score (1, -0.25, 2, 10) best (1, -0.25, 4, 11)
step 804 score (1, -0.25, 2, 5) best (1, -0.25, 4, 11)
step 805 score (1, -0.25, 2, 10) best (1, -0.25, 4, 11)
step 806 score (1, -0.25, 2, 10) best (1, -0.25, 4, 11)
step 807 score (1, -0.25, 2, 5) best (1, -0.25, 4, 11)
step 808 score (1, -0.25, 2, 4) best (1, -0.25, 4, 11)
step 809 score (1, -0.25, 2, 4) best (1, -0.25, 4, 11)
step 810 score (1, -0.25, 2, 4) best (1, -0.25, 4, 11)
step 811 score (1, -0.25, 2, 7) best (1, -0.25, 4, 11)
step 812 score (1, -0.25, 2, 4) best (1, -0.25, 4, 11)
step 813 score (1, -0.25, 2, 8) best (1, -0.25, 4, 11)
step 814 score (1, -0.25, 2, 10) best (1, -0.25, 4, 11)
step 815 score (1, -0.25, 2, 5) best (1, -0.25, 4, 11)
step 816 score (1, -0.25, 2, 4) best (1, -0.25, 4, 11)
step 817 score (1, -0.25, 2, 5) best (1, -0.25, 4, 11)
step 818 score (1, -0.25, 2, 4) best (1, -0.25, 4, 11)
step 819 score (1, -0.25, 2, 4) best (1, -0.25, 4, 11)
step 820 score (1, -0.25, 2, 10) best (1, -0.25, 4, 11)
step 821 score (1, -0.25, 2, 10) best (1, -0.25, 4, 11)
step 822 score (1, -0.25, 2, 10) best (1, -0.25, 4, 11)
step 823 score (1, -0.25, 2, 10) best (1, -0.25, 4, 11)
step 824 score (1, -0.25, 2, 10) best (1, -0.25, 4, 11)
step 825 score (1, -0.25, 2, 11) best (1, -0.25, 4, 11)
step 826 score (1, -0.25, 2, 10) best (1, -0.25, 4, 11)
step 827 score (1, -0.25, 2, 10) best (1, -0.25, 4, 11)
step 828 score (1, -0.25, 2, 10) best (1, -0.25, 4, 11)
step 829 score (1, -0.25, 2, 10) best (1, -0.25, 4, 11)
step 830 score (1, -0.25, 2, 10) best (1, -0.25, 4, 11)
step 831 score (1, -0.25, 2, 6) best (1, -0.25, 4, 11)
step 832 score (1, -0.25, 2, 10) best (1, -0.25, 4, 11)
step 833 score (1, -0.25, 2, 10) best (1, -0.25, 4, 11)
step 834 score (1, -0.25, 2, 10) best (1, -0.25, 4, 11)
step 835 score (1, -0.25, 2, 10) best (1, -0.25, 4, 11)
step 836 score (1, -0.25, 2, 10) best (1, -0.25, 4, 11)
step 837 score (1, -0.25, 2, 11) best (1, -0.25, 4, 11)
step 838 score (1, -0.25, 2, 10) best (1, -0.25, 4, 11)
step 839 score (1, -0.25, 2, 10) best (1, -0.25, 4, 11)
step 840 score (1, -0.25, 2, 10) best (1, -0.25, 4, 11)
step 841 score (1, -0.25, 2, 6) best (1, -0.25, 4, 11)
step 842 score (1, -0.25, 2, 10) best (1, -0.25, 4, 11)
step 843 score (1, -0.25, 2, 10) best (1, -0.25, 4, 11)
step 844 score (1, -0.25, 2, 10) best (1, -0.25, 4, 11)
step 845 score (1, -0.25, 2, 6) best (1, -0.25, 4, 11)
step 846 score (1, -0.25, 2, 9) best (1, -0.25, 4, 11)
step 847 score (1, -0.25, 2, 5) best (1, -0.25, 4, 11)
step 848 score (1, -0.25, 2, 9) best (1, -0.25, 4, 11)
step 849 score (1, -0.25, 2, 5) best (1, -0.25, 4, 11)
step 850 score (1, -0.25, 2, 9) best (1, -0.25, 4, 11)
step 851 score (1, -0.25, 2, 5) best (1, -0.25, 4, 11)
step 852 score (1, -0.25, 2, 5) best (1, -0.25, 4, 11)
step 853 score (1, -0.25, 2, 6) best (1, -0.25, 4, 11)
step 854 score (1, -0.25, 2, 8) best (1, -0.25, 4, 11)
step 855 score (1, -0.25, 2, 6) best (1, -0.25, 4, 11)
step 856 score (1, -0.25, 2, 14) best (1, -0.25, 4, 11)
step 857 score (1, -0.25, 2, 13) best (1, -0.25, 4, 11)
step 858 score (1, -0.25, 2, 14) best (1, -0.25, 4, 11)
step 859 score (1, -0.25, 2, 13) best (1, -0.25, 4, 11)
step 860 score (1, -0.25, 2, 14) best (1, -0.25, 4, 11)
step 861 score (1, -0.25, 2, 10) best (1, -0.25, 4, 11)
step 862 score (1, -0.25, 2, 12) best (1, -0.25, 4, 11)
step 863 score (1, -0.25, 2, 13) best (1, -0.25, 4, 11)
step 864 score (1, -0.25, 2, 13) best (1, -0.25, 4, 11)
step 865 score (1, -0.25, 2, 14) best (1, -0.25, 4, 11)
step 866 score (1, -0.25, 2, 13) best (1, -0.25, 4, 11)
step 867 score (1, -0.25, 2, 14) best (1, -0.25, 4, 11)
step 868 score (1, -0.25, 2, 13) best (1, -0.25, 4, 11)
step 869 score (1, -0.25, 2, 14) best (1, -0.25, 4, 11)
step 870 score (1, -0.25, 2, 13) best (1, -0.25, 4, 11)
step 871 score (1, -0.25, 2, 10) best (1, -0.25, 4, 11)
step 872 score (1, -0.25, 2, 15) best (1, -0.25, 4, 11)
step 873 score (1, -0.25, 2, 5) best (1, -0.25, 4, 11)
step 874 score (1, -0.26865671641791045, 2, 4) best (1, -0.25, 4, 11)
step 875 score (1, -0.25, 2, 5) best (1, -0.25, 4, 11)
step 876 score (1, -0.25, 2, 15) best (1, -0.25, 4, 11)
step 877 score (1, -0.25, 2, 5) best (1, -0.25, 4, 11)
step 878 score (1, -0.25, 2, 15) best (1, -0.25, 4, 11)
step 879 score (1, -0.25, 2, 5) best (1, -0.25, 4, 11)
step 880 score (1, -0.25, 2, 15) best (1, -0.25, 4, 11)
step 881 score (1, -0.25, 2, 10) best (1, -0.25, 4, 11)
step 882 score (1, -0.25, 2, 15) best (1, -0.25, 4, 11)
step 883 score (1, -0.25, 2, 10) best (1, -0.25, 4, 11)
step 884 score (1, -0.25, 2, 15) best (1, -0.25, 4, 11)
step 885 score (1, -0.25, 2, 8) best (1, -0.25, 4, 11)
step 886 score (1, -0.25, 2, 15) best (1, -0.25, 4, 11)
step 887 score (1, -0.25, 2, 10) best (1, -0.25, 4, 11)
step 888 score (1, -0.25, 2, 11) best (1, -0.25, 4, 11)
step 889 score (1, -0.25, 2, 10) best (1, -0.25, 4, 11)
step 890 score (1, -0.25, 2, 14) best (1, -0.25, 4, 11)
step 891 score (1, -0.25, 2, 13) best (1, -0.25, 4, 11)
step 892 score (1, -0.25, 2, 12) best (1, -0.25, 4, 11)
step 893 score (1, -0.25, 2, 13) best (1, -0.25, 4, 11)
step 894 score (1, -0.25, 2, 11) best (1, -0.25, 4, 11)
step 895 score (1, -0.25, 2, 13) best (1, -0.25, 4, 11)
step 896 score (1, -0.25, 2, 12) best (1, -0.25, 4, 11)
step 897 score (1, -0.25, 2, 13) best (1, -0.25, 4, 11)
step 898 score (1, -0.25, 2, 5) best (1, -0.25, 4, 11)
step 899 score (1, -0.25, 2, 12) best (1, -0.25, 4, 11)
step 900 score (1, -0.25, 2, 12) best (1, -0.25, 4, 11)
step 901 score (1, -0.25, 2, 8) best (1, -0.25, 4, 11)
step 902 score (1, -0.25, 2, 5) best (1, -0.25, 4, 11)
step 903 score (1, -0.25, 2, 12) best (1, -0.25, 4, 11)
step 904 score (1, -0.25, 2, 5) best (1, -0.25, 4, 11)
step 905 score (1, -0.25, 2, 12) best (1, -0.25, 4, 11)
step 906 score (1, -0.25, 2, 12) best (1, -0.25, 4, 11)
step 907 score (1, -0.25, 2, 12) best (1, -0.25, 4, 11)
step 908 score (1, -0.25, 2, 5) best (1, -0.25, 4, 11)
step 909 score (1, -0.25, 2, 12) best (1, -0.25, 4, 11)
step 910 score (1, -0.25, 2, 13) best (1, -0.25, 4, 11)
step 911 score (1, -0.25, 2, 7) best (1, -0.25, 4, 11)
step 912 score (1, -0.25, 2, 12) best (1, -0.25, 4, 11)
step 913 score (1, -0.25, 2, 14) best (1, -0.25, 4, 11)
step 914 score (1, -0.25, 2, 10) best (1, -0.25, 4, 11)
step 915 score (1, -0.25, 2, 14) best (1, -0.25, 4, 11)
step 916 score (1, -0.25, 2, 14) best (1, -0.25, 4, 11)
step 917 score (1, -0.25, 2, 5) best (1, -0.25, 4, 11)
step 918 score (1, -0.25, 2, 14) best (1, -0.25, 4, 11)
step 919 score (1, -0.25, 2, 19) best (1, -0.25, 4, 11)
step 920 score (1, -0.25, 2, 14) best (1, -0.25, 4, 11)
step 921 score (1, -0.25, 2, 11) best (1, -0.25, 4, 11)
step 922 score (1, -0.25, 2, 11) best (1, -0.25, 4, 11)
step 923 score (1, -0.25, 2, 11) best (1, -0.25, 4, 11)
step 924 score (1, -0.25, 2, 10) best (1, -0.25, 4, 11)
step 925 score (1, -0.25, 2, 15) best (1, -0.25, 4, 11)
step 926 score (1, -0.25, 2, 10) best (1, -0.25, 4, 11)
step 927 score (1, -0.25, 2, 13) best (1, -0.25, 4, 11)
step 928 score (1, -0.25, 2, 10) best (1, -0.25, 4, 11)
step 929 score (1, -0.25, 2, 12) best (1, -0.25, 4, 11)
step 930 score (1, -0.25, 2, 11) best (1, -0.25, 4, 11)
step 931 score (1, -0.25, 2, 14) best (1, -0.25, 4, 11)
step 932 score (1, -0.25, 2, 19) best (1, -0.25, 4, 11)
step 933 score (1, -0.25, 2, 14) best (1, -0.25, 4, 11)
step 934 score (1, -0.25, 2, 19) best (1, -0.25, 4, 11)
step 935 score (1, -0.25, 2, 14) best (1, -0.25, 4, 11)
step 936 score (1, -0.25, 2, 11) best (1, -0.25, 4, 11)
step 937 score (1, -0.25, 2, 14) best (1, -0.25, 4, 11)
step 938 score (1, -0.25, 2, 19) best (1, -0.25, 4, 11)
step 939 score (1, -0.25, 2, 6) best (1, -0.25, 4, 11)
step 940 score (1, -0.25, 2, 4) best (1, -0.25, 4, 11)
step 941 score (1, -0.25, 2, 28) best (1, -0.25, 4, 11)
step 942 score (1, -0.25, 2, 10) best (1, -0.25, 4, 11)
step 943 score (1, -0.25, 2, 28) best (1, -0.25, 4, 11)
step 944 score (1, -0.25, 2, 10) best (1, -0.25, 4, 11)
step 945 score (1, -0.25, 2, 10) best (1, -0.25, 4, 11)
step 946 score (1, -0.25, 2, 10) best (1, -0.25, 4, 11)
step 947 score (1, -0.25, 2, 14) best (1, -0.25, 4, 11)
step 948 score (1, -0.25, 2, 13) best (1, -0.25, 4, 11)
step 949 score (1, -0.25, 2, 14) best (1, -0.25, 4, 11)
step 950 score (1, -0.25, 2, 14) best (1, -0.25, 4, 11)
step 951 score (1, -0.25, 2, 14) best (1, -0.25, 4, 11)
step 952 score (1, -0.25, 2, 13) best (1, -0.25, 4, 11)
step 953 score (1, -0.25, 2, 14) best (1, -0.25, 4, 11)
step 954 score (1, -0.25, 2, 13) best (1, -0.25, 4, 11)
step 955 score (1, -0.25, 2, 14) best (1, -0.25, 4, 11)
step 956 score (1, -0.25, 2, 13) best (1, -0.25, 4, 11)
step 957 score (1, -0.25, 2, 14) best (1, -0.25, 4, 11)
step 958 score (1, -0.25, 2, 14) best (1, -0.25, 4, 11)
step 959 score (1, -0.25, 2, 14) best (1, -0.25, 4, 11)
step 960 score (1, -0.25, 2, 13) best (1, -0.25, 4, 11)
step 961 score (1, -0.25, 2, 13) best (1, -0.25, 4, 11)
step 962 score (1, -0.25, 2, 13) best (1, -0.25, 4, 11)
step 963 score (1, -0.25, 2, 13) best (1, -0.25, 4, 11)
step 964 score (1, -0.25, 2, 13) best (1, -0.25, 4, 11)
step 965 score (1, -0.25, 2, 13) best (1, -0.25, 4, 11)
step 966 score (1, -0.25, 2, 5) best (1, -0.25, 4, 11)
step 967 score (1, -0.25, 2, 13) best (1, -0.25, 4, 11)
step 968 score (1, -0.25, 2, 5) best (1, -0.25, 4, 11)
step 969 score (1, -0.25, 2, 13) best (1, -0.25, 4, 11)
step 970 score (1, -0.25, 2, 13) best (1, -0.25, 4, 11)
step 971 score (1, -0.25, 2, 13) best (1, -0.25, 4, 11)
step 972 score (1, -0.25, 2, 5) best (1, -0.25, 4, 11)
step 973 score (1, -0.25, 2, 13) best (1, -0.25, 4, 11)
step 974 score (1, -0.25, 2, 13) best (1, -0.25, 4, 11)
step 975 score (1, -0.25, 2, 13) best (1, -0.25, 4, 11)
step 976 score (1, -0.25, 2, 5) best (1, -0.25, 4, 11)
step 977 score (1, -0.25, 2, 13) best (1, -0.25, 4, 11)
step 978 score (1, -0.25, 2, 5) best (1, -0.25, 4, 11)
step 979 score (1, -0.25, 2, 13) best (1, -0.25, 4, 11)
step 980 score (1, -0.25, 2, 13) best (1, -0.25, 4, 11)
step 981 score (1, -0.25, 2, 13) best (1, -0.25, 4, 11)
step 982 score (1, -0.25, 2, 5) best (1, -0.25, 4, 11)
step 983 score (1, -0.25, 2, 13) best (1, -0.25, 4, 11)
step 984 score (1, -0.25, 2, 5) best (1, -0.25, 4, 11)
step 985 score (1, -0.25, 2, 8) best (1, -0.25, 4, 11)
step 986 score (1, -0.25, 2, 5) best (1, -0.25, 4, 11)
step 987 score (1, -0.25, 2, 13) best (1, -0.25, 4, 11)
step 988 score (1, -0.25, 2, 13) best (1, -0.25, 4, 11)
step 989 score (1, -0.25, 2, 13) best (1, -0.25, 4, 11)
step 990 score (1, -0.25, 2, 13) best (1, -0.25, 4, 11)
step 991 score (1, -0.25, 2, 13) best (1, -0.25, 4, 11)
step 992 score (1, -0.25, 2, 13) best (1, -0.25, 4, 11)
step 993 score (1, -0.25, 2, 13) best (1, -0.25, 4, 11)
step 994 score (1, -0.25, 2, 5) best (1, -0.25, 4, 11)
step 995 score (1, -0.25, 2, 13) best (1, -0.25, 4, 11)
step 996 score (1, -0.25, 2, 5) best (1, -0.25, 4, 11)
step 997 score (1, -0.25, 2, 13) best (1, -0.25, 4, 11)
step 998 score (1, -0.25, 2, 13) best (1, -0.25, 4, 11)
step 999 score (1, -0.25, 2, 13) best (1, -0.25, 4, 11)
step 1000 score (1, -0.25, 2, 5) best (1, -0.25, 4, 11)
step 1001 score (1, -0.25, 2, 13) best (1, -0.25, 4, 11)
step 1002 score (1, -0.25, 2, 13) best (1, -0.25, 4, 11)
step 1003 score (1, -0.25, 2, 9) best (1, -0.25, 4, 11)
step 1004 score (1, -0.25, 2, 13) best (1, -0.25, 4, 11)
step 1005 score (1, -0.25, 2, 13) best (1, -0.25, 4, 11)
step 1006 score (1, -0.25, 2, 13) best (1, -0.25, 4, 11)
step 1007 score (1, -0.25, 2, 13) best (1, -0.25, 4, 11)
step 1008 score (1, -0.25, 2, 13) best (1, -0.25, 4, 11)
step 1009 score (1, -0.25, 2, 13) best (1, -0.25, 4, 11)
step 1010 score (1, -0.25, 2, 13) best (1, -0.25, 4, 11)
step 1011 score (1, -0.25, 2, 13) best (1, -0.25, 4, 11)
step 1012 score (1, -0.25, 2, 5) best (1, -0.25, 4, 11)
step 1013 score (1, -0.25, 2, 13) best (1, -0.25, 4, 11)
step 1014 score (1, -0.25, 2, 5) best (1, -0.25, 4, 11)
step 1015 score (1, -0.25, 2, 13) best (1, -0.25, 4, 11)
step 1016 score (1, -0.25, 2, 13) best (1, -0.25, 4, 11)
step 1017 score (1, -0.25, 2, 13) best (1, -0.25, 4, 11)
step 1018 score (1, -0.25, 2, 13) best (1, -0.25, 4, 11)
step 1019 score (1, -0.25, 2, 14) best (1, -0.25, 4, 11)
step 1020 score (1, -0.25, 2, 13) best (1, -0.25, 4, 11)
step 1021 score (1, -0.25, 2, 14) best (1, -0.25, 4, 11)
step 1022 score (1, -0.25, 2, 13) best (1, -0.25, 4, 11)
step 1023 score (1, -0.25, 2, 13) best (1, -0.25, 4, 11)
step 1024 score (1, -0.25, 2, 13) best (1, -0.25, 4, 11)
step 1025 score (1, -0.25, 2, 14) best (1, -0.25, 4, 11)
step 1026 score (1, -0.25, 2, 13) best (1, -0.25, 4, 11)
step 1027 score (1, -0.25, 2, 13) best (1, -0.25, 4, 11)
step 1028 score (1, -0.25, 2, 13) best (1, -0.25, 4, 11)
step 1029 score (1, -0.25, 2, 14) best (1, -0.25, 4, 11)
step 1030 score (1, -0.25, 2, 13) best (1, -0.25, 4, 11)
step 1031 score (1, -0.25, 2, 14) best (1, -0.25, 4, 11)
step 1032 score (1, -0.25, 2, 13) best (1, -0.25, 4, 11)
step 1033 score (1, -0.25, 2, 13) best (1, -0.25, 4, 11)
step 1034 score (1, -0.25, 2, 13) best (1, -0.25, 4, 11)
step 1035 score (1, -0.25, 2, 13) best (1, -0.25, 4, 11)
step 1036 score (1, -0.25, 2, 13) best (1, -0.25, 4, 11)
step 1037 score (1, -0.25, 2, 13) best (1, -0.25, 4, 11)
step 1038 score (1, -0.25, 2, 13) best (1, -0.25, 4, 11)
step 1039 score (1, -0.25, 2, 14) best (1, -0.25, 4, 11)
step 1040 score (1, -0.25, 2, 14) best (1, -0.25, 4, 11)
step 1041 score (1, -0.25, 2, 5) best (1, -0.25, 4, 11)
step 1042 score (1, -0.25, 2, 14) best (1, -0.25, 4, 11)
step 1043 score (1, -0.25, 2, 11) best (1, -0.25, 4, 11)
step 1044 score (1, -0.25, 2, 11) best (1, -0.25, 4, 11)
step 1045 score (1, -0.25, 2, 11) best (1, -0.25, 4, 11)
step 1046 score (1, -0.25, 2, 14) best (1, -0.25, 4, 11)
step 1047 score (1, -0.25, 2, 19) best (1, -0.25, 4, 11)
step 1048 score (1, -0.25, 2, 13) best (1, -0.25, 4, 11)
step 1049 score (1, -0.25, 2, 19) best (1, -0.25, 4, 11)
step 1050 score (1, -0.25, 2, 11) best (1, -0.25, 4, 11)
step 1051 score (1, -0.25, 2, 19) best (1, -0.25, 4, 11)
step 1052 score (1, -0.25, 2, 14) best (1, -0.25, 4, 11)
step 1053 score (1, -0.25, 2, 19) best (1, -0.25, 4, 11)
step 1054 score (1, -0.25, 2, 13) best (1, -0.25, 4, 11)
step 1055 score (1, -0.25, 2, 11) best (1, -0.25, 4, 11)
step 1056 score (1, -0.25, 2, 13) best (1, -0.25, 4, 11)
step 1057 score (1, -0.25, 2, 19) best (1, -0.25, 4, 11)
step 1058 score (1, -0.25, 2, 14) best (1, -0.25, 4, 11)
step 1059 score (1, -0.25, 2, 19) best (1, -0.25, 4, 11)
step 1060 score (1, -0.25, 2, 14) best (1, -0.25, 4, 11)
step 1061 score (1, -0.25, 2, 10) best (1, -0.25, 4, 11)
step 1062 score (1, -0.25, 2, 14) best (1, -0.25, 4, 11)
step 1063 score (1, -0.25, 2, 13) best (1, -0.25, 4, 11)
step 1064 score (1, -0.25, 2, 13) best (1, -0.25, 4, 11)
step 1065 score (1, -0.25, 2, 9) best (1, -0.25, 4, 11)
step 1066 score (1, -0.25, 2, 9) best (1, -0.25, 4, 11)
step 1067 score (1, -0.25, 2, 13) best (1, -0.25, 4, 11)
step 1068 score (1, -0.25, 2, 13) best (1, -0.25, 4, 11)
step 1069 score (1, -0.25, 2, 13) best (1, -0.25, 4, 11)
step 1070 score (1, -0.25, 2, 9) best (1, -0.25, 4, 11)
step 1071 score (1, -0.25, 2, 13) best (1, -0.25, 4, 11)
step 1072 score (1, -0.25, 2, 14) best (1, -0.25, 4, 11)
step 1073 score (1, -0.25, 2, 10) best (1, -0.25, 4, 11)
step 1074 score (1, -0.25, 2, 15) best (1, -0.25, 4, 11)
step 1075 score (1, -0.25, 2, 8) best (1, -0.25, 4, 11)
step 1076 score (1, -0.25, 2, 15) best (1, -0.25, 4, 11)
step 1077 score (1, -0.25, 2, 10) best (1, -0.25, 4, 11)
step 1078 score (1, -0.25, 2, 15) best (1, -0.25, 4, 11)
step 1079 score (1, -0.25, 2, 8) best (1, -0.25, 4, 11)
step 1080 score (1, -0.3492063492063492, 2, 2) best (1, -0.25, 4, 11)
step 1081 score (1, -0.34615384615384615, 2, 26) best (1, -0.25, 4, 11)
step 1082 score (1, -0.38392857142857145, 2, 5) best (1, -0.25, 4, 11)
step 1083 score (1, -0.34615384615384615, 2, 26) best (1, -0.25, 4, 11)
step 1084 score (1, -0.25, 2, 3) best (1, -0.25, 4, 11)
step 1085 score (1, -0.3392857142857143, 2, 2) best (1, -0.25, 4, 11)
step 1086 score (1, -0.25, 2, 3) best (1, -0.25, 4, 11)
step 1087 score (1, -0.30434782608695654, 2, 6) best (1, -0.25, 4, 11)
step 1088 score (1, -0.25, 2, 3) best (1, -0.25, 4, 11)
step 1089 score (1, -0.2903225806451613, 2, 2) best (1, -0.25, 4, 11)
step 1090 score (1, -0.25, 2, 3) best (1, -0.25, 4, 11)
step 1091 score (1, -0.25, 2, 6) best (1, -0.25, 4, 11)
step 1092 score (1, -0.25, 2, 10) best (1, -0.25, 4, 11)
step 1093 score (1, -0.25, 2, 10) best (1, -0.25, 4, 11)
step 1094 score (1, -0.25, 2, 10) best (1, -0.25, 4, 11)
step 1095 score (1, -0.25, 2, 6) best (1, -0.25, 4, 11)
step 1096 score (1, -0.25, 2, 10) best (1, -0.25, 4, 11)
step 1097 score (1, -0.25, 2, 6) best (1, -0.25, 4, 11)
step 1098 score (1, -0.25, 2, 10) best (1, -0.25, 4, 11)
step 1099 score (1, -0.25, 2, 4) best (1, -0.25, 4, 11)
step 1100 score (1, -0.25, 2, 10) best (1, -0.25, 4, 11)
step 1101 score (1, -0.25, 2, 4) best (1, -0.25, 4, 11)
step 1102 score (1, -0.25, 2, 10) best (1, -0.25, 4, 11)
step 1103 score (1, -0.25, 2, 6) best (1, -0.25, 4, 11)
step 1104 score (1, -0.25, 2, 10) best (1, -0.25, 4, 11)
step 1105 score (1, -0.25, 2, 8) best (1, -0.25, 4, 11)
step 1106 score (1, -0.25, 2, 5) best (1, -0.25, 4, 11)
step 1107 score (1, -0.25, 2, 13) best (1, -0.25, 4, 11)
step 1108 score (1, -0.25, 2, 13) best (1, -0.25, 4, 11)
step 1109 score (1, -0.25, 2, 13) best (1, -0.25, 4, 11)
step 1110 score (1, -0.25, 2, 13) best (1, -0.25, 4, 11)
step 1111 score (1, -0.25, 2, 13) best (1, -0.25, 4, 11)
step 1112 score (1, -0.25, 2, 15) best (1, -0.25, 4, 11)
step 1113 score (1, -0.25, 2, 13) best (1, -0.25, 4, 11)
step 1114 score (1, -0.25, 2, 4) best (1, -0.25, 4, 11)
step 1115 score (1, -0.25, 2, 13) best (1, -0.25, 4, 11)
step 1116 score (1, -0.25, 2, 15) best (1, -0.25, 4, 11)
step 1117 score (1, -0.25, 2, 13) best (1, -0.25, 4, 11)
step 1118 score (1, -0.25, 2, 13) best (1, -0.25, 4, 11)
step 1119 score (1, -0.25, 2, 13) best (1, -0.25, 4, 11)
step 1120 score (1, -0.25, 2, 4) best (1, -0.25, 4, 11)
step 1121 score (1, -0.25, 2, 13) best (1, -0.25, 4, 11)
step 1122 score (1, -0.25, 2, 3) best (1, -0.25, 4, 11)
step 1123 score (1, -0.25, 2, 6) best (1, -0.25, 4, 11)
step 1124 score (1, -0.25, 2, 3) best (1, -0.25, 4, 11)
step 1125 score (1, -0.25, 2, 13) best (1, -0.25, 4, 11)
step 1126 score (1, -0.25, 2, 15) best (1, -0.25, 4, 11)
step 1127 score (1, -0.25, 2, 13) best (1, -0.25, 4, 11)
step 1128 score (1, -0.25, 2, 13) best (1, -0.25, 4, 11)
step 1129 score (1, -0.25, 2, 13) best (1, -0.25, 4, 11)
step 1130 score (1, -0.25, 2, 13) best (1, -0.25, 4, 11)
step 1131 score (1, -0.25, 2, 13) best (1, -0.25, 4, 11)
step 1132 score (1, -0.25, 2, 13) best (1, -0.25, 4, 11)
step 1133 score (1, -0.25, 2, 13) best (1, -0.25, 4, 11)
step 1134 score (1, -0.25, 2, 14) best (1, -0.25, 4, 11)
step 1135 score (1, -0.25, 2, 13) best (1, -0.25, 4, 11)
step 1136 score (1, -0.25, 2, 13) best (1, -0.25, 4, 11)
step 1137 score (1, -0.25, 2, 13) best (1, -0.25, 4, 11)
step 1138 score (1, -0.25, 2, 15) best (1, -0.25, 4, 11)
step 1139 score (1, -0.25, 2, 13) best (1, -0.25, 4, 11)
step 1140 score (1, -0.25, 2, 13) best (1, -0.25, 4, 11)
step 1141 score (1, -0.25, 2, 13) best (1, -0.25, 4, 11)
step 1142 score (1, -0.25, 2, 13) best (1, -0.25, 4, 11)
step 1143 score (1, -0.25, 2, 13) best (1, -0.25, 4, 11)
step 1144 score (1, -0.25, 2, 13) best (1, -0.25, 4, 11)
step 1145 score (1, -0.25, 2, 5) best (1, -0.25, 4, 11)
step 1146 score (1, -0.25, 2, 13) best (1, -0.25, 4, 11)
step 1147 score (1, -0.25, 2, 13) best (1, -0.25, 4, 11)
step 1148 score (1, -0.25, 2, 9) best (1, -0.25, 4, 11)
step 1149 score (1, -0.25, 2, 10) best (1, -0.25, 4, 11)
step 1150 score (1, -0.25, 2, 8) best (1, -0.25, 4, 11)
step 1151 score (1, -0.25, 2, 6) best (1, -0.25, 4, 11)
step 1152 score (1, -0.25, 2, 5) best (1, -0.25, 4, 11)
step 1153 score (1, -0.25, 2, 6) best (1, -0.25, 4, 11)
step 1154 score (1, -0.25, 2, 14) best (1, -0.25, 4, 11)
step 1155 score (1, -0.25, 2, 13) best (1, -0.25, 4, 11)
step 1156 score (1, -0.25, 2, 13) best (1, -0.25, 4, 11)
step 1157 score (1, -0.25, 2, 13) best (1, -0.25, 4, 11)
step 1158 score (1, -0.25, 2, 13) best (1, -0.25, 4, 11)
step 1159 score (1, -0.25, 2, 14) best (1, -0.25, 4, 11)
step 1160 score (1, -0.25, 2, 19) best (1, -0.25, 4, 11)
step 1161 score (1, -0.25, 2, 14) best (1, -0.25, 4, 11)
step 1162 score (1, -0.25, 2, 10) best (1, -0.25, 4, 11)
step 1163 score (1, -0.25, 2, 14) best (1, -0.25, 4, 11)
step 1164 score (1, -0.25, 2, 19) best (1, -0.25, 4, 11)
step 1165 score (1, -0.25, 2, 14) best (1, -0.25, 4, 11)
step 1166 score (1, -0.25, 2, 10) best (1, -0.25, 4, 11)
step 1167 score (1, -0.25, 2, 14) best (1, -0.25, 4, 11)
step 1168 score (1, -0.25, 2, 10) best (1, -0.25, 4, 11)
step 1169 score (1, -0.25, 2, 14) best (1, -0.25, 4, 11)
step 1170 score (1, -0.25, 2, 10) best (1, -0.25, 4, 11)
step 1171 score (1, -0.25, 2, 15) best (1, -0.25, 4, 11)
step 1172 score (1, -0.25, 2, 10) best (1, -0.25, 4, 11)
step 1173 score (1, -0.25, 2, 14) best (1, -0.25, 4, 11)
step 1174 score (1, -0.25, 2, 13) best (1, -0.25, 4, 11)
step 1175 score (1, -0.25, 2, 14) best (1, -0.25, 4, 11)
step 1176 score (1, -0.25, 2, 13) best (1, -0.25, 4, 11)
step 1177 score (1, -0.25, 2, 14) best (1, -0.25, 4, 11)
step 1178 score (1, -0.25, 2, 10) best (1, -0.25, 4, 11)
step 1179 score (1, -0.25, 2, 10) best (1, -0.25, 4, 11)
step 1180 score (1, -0.25, 2, 10) best (1, -0.25, 4, 11)
step 1181 score (1, -0.25, 2, 14) best (1, -0.25, 4, 11)
step 1182 score (1, -0.25, 2, 19) best (1, -0.25, 4, 11)
step 1183 score (1, -0.25, 2, 14) best (1, -0.25, 4, 11)
step 1184 score (1, -0.25, 2, 13) best (1, -0.25, 4, 11)
step 1185 score (1, -0.25, 2, 14) best (1, -0.25, 4, 11)
step 1186 score (1, -0.25, 2, 13) best (1, -0.25, 4, 11)
step 1187 score (1, -0.25, 2, 13) best (1, -0.25, 4, 11)
step 1188 score (1, -0.25, 2, 13) best (1, -0.25, 4, 11)
step 1189 score (1, -0.25, 2, 5) best (1, -0.25, 4, 11)
step 1190 score (1, -0.25, 2, 14) best (1, -0.25, 4, 11)
step 1191 score (1, -0.25, 2, 13) best (1, -0.25, 4, 11)
step 1192 score (1, -0.25, 2, 14) best (1, -0.25, 4, 11)
step 1193 score (1, -0.25, 2, 19) best (1, -0.25, 4, 11)
step 1194 score (1, -0.25, 2, 14) best (1, -0.25, 4, 11)
step 1195 score (1, -0.25, 2, 10) best (1, -0.25, 4, 11)
step 1196 score (1, -0.25, 2, 14) best (1, -0.25, 4, 11)
step 1197 score (1, -0.25, 2, 13) best (1, -0.25, 4, 11)
step 1198 score (1, -0.25, 2, 14) best (1, -0.25, 4, 11)
step 1199 score (1, -0.25, 2, 10) best (1, -0.25, 4, 11)
step 1200 score (1, -0.25, 2, 12) best (1, -0.25, 4, 11)
step 1201 score (1, -0.25, 2, 12) best (1, -0.25, 4, 11)
step 1202 score (1, -0.25, 2, 13) best (1, -0.25, 4, 11)
step 1203 score (1, -0.25, 2, 14) best (1, -0.25, 4, 11)
step 1204 score (1, -0.25, 2, 13) best (1, -0.25, 4, 11)
step 1205 score (1, -0.25, 2, 14) best (1, -0.25, 4, 11)
step 1206 score (1, -0.25, 2, 14) best (1, -0.25, 4, 11)
step 1207 score (1, -0.25, 2, 14) best (1, -0.25, 4, 11)
step 1208 score (1, -0.25, 2, 13) best (1, -0.25, 4, 11)
step 1209 score (1, -0.25, 2, 13) best (1, -0.25, 4, 11)
step 1210 score (1, -0.25, 2, 13) best (1, -0.25, 4, 11)
step 1211 score (1, -0.25, 2, 14) best (1, -0.25, 4, 11)
step 1212 score (1, -0.25, 2, 13) best (1, -0.25, 4, 11)
step 1213 score (1, -0.25, 2, 14) best (1, -0.25, 4, 11)
step 1214 score (1, -0.25, 2, 13) best (1, -0.25, 4, 11)
step 1215 score (1, -0.25, 2, 14) best (1, -0.25, 4, 11)
step 1216 score (1, -0.25, 2, 13) best (1, -0.25, 4, 11)
step 1217 score (1, -0.25, 2, 13) best (1, -0.25, 4, 11)
step 1218 score (1, -0.25, 2, 13) best (1, -0.25, 4, 11)
step 1219 score (1, -0.25, 2, 14) best (1, -0.25, 4, 11)
step 1220 score (1, -0.25, 2, 13) best (1, -0.25, 4, 11)
step 1221 score (1, -0.25, 2, 13) best (1, -0.25, 4, 11)
step 1222 score (1, -0.25, 2, 13) best (1, -0.25, 4, 11)
step 1223 score (1, -0.25, 2, 13) best (1, -0.25, 4, 11)
step 1224 score (1, -0.25, 2, 12) best (1, -0.25, 4, 11)
step 1225 score (1, -0.25, 2, 13) best (1, -0.25, 4, 11)
step 1226 score (1, -0.25, 2, 13) best (1, -0.25, 4, 11)
step 1227 score (1, -0.25, 2, 14) best (1, -0.25, 4, 11)
step 1228 score (1, -0.25, 2, 13) best (1, -0.25, 4, 11)
step 1229 score (1, -0.25, 2, 14) best (1, -0.25, 4, 11)
step 1230 score (1, -0.25, 2, 13) best (1, -0.25, 4, 11)
step 1231 score (1, -0.25, 2, 14) best (1, -0.25, 4, 11)
step 1232 score (1, -0.25, 2, 10) best (1, -0.25, 4, 11)
step 1233 score (1, -0.25, 2, 13) best (1, -0.25, 4, 11)
step 1234 score (1, -0.25, 2, 13) best (1, -0.25, 4, 11)
step 1235 score (1, -0.25, 2, 13) best (1, -0.25, 4, 11)
step 1236 score (1, -0.25, 2, 11) best (1, -0.25, 4, 11)
step 1237 score (1, -0.25, 2, 14) best (1, -0.25, 4, 11)
step 1238 score (1, -0.25, 2, 11) best (1, -0.25, 4, 11)
step 1239 score (1, -0.25, 2, 13) best (1, -0.25, 4, 11)
step 1240 score (1, -0.25, 2, 12) best (1, -0.25, 4, 11)
step 1241 score (1, -0.25, 2, 14) best (1, -0.25, 4, 11)
step 1242 score (1, -0.25, 2, 12) best (1, -0.25, 4, 11)
step 1243 score (1, -0.25, 2, 13) best (1, -0.25, 4, 11)
step 1244 score (1, -0.25, 2, 11) best (1, -0.25, 4, 11)
step 1245 score (1, -0.25, 2, 13) best (1, -0.25, 4, 11)
step 1246 score (1, -0.25, 2, 13) best (1, -0.25, 4, 11)
step 1247 score (1, -0.25, 2, 13) best (1, -0.25, 4, 11)
step 1248 score (1, -0.25, 2, 15) best (1, -0.25, 4, 11)
step 1249 score (1, -0.25, 2, 10) best (1, -0.25, 4, 11)
step 1250 score (1, -0.25, 2, 15) best (1, -0.25, 4, 11)
step 1251 score (1, -0.25, 2, 13) best (1, -0.25, 4, 11)
step 1252 score (1, -0.25, 2, 13) best (1, -0.25, 4, 11)
step 1253 score (1, -0.25, 2, 13) best (1, -0.25, 4, 11)
step 1254 score (1, -0.25, 2, 13) best (1, -0.25, 4, 11)
step 1255 score (1, -0.25, 2, 13) best (1, -0.25, 4, 11)
step 1256 score (1, -0.25, 2, 13) best (1, -0.25, 4, 11)
step 1257 score (1, -0.25, 2, 13) best (1, -0.25, 4, 11)
step 1258 score (1, -0.25, 2, 13) best (1, -0.25, 4, 11)
step 1259 score (1, -0.25, 2, 13) best (1, -0.25, 4, 11)
step 1260 score (1, -0.25, 2, 11) best (1, -0.25, 4, 11)
step 1261 score (1, -0.25, 2, 13) best (1, -0.25, 4, 11)
step 1262 score (1, -0.25, 2, 11) best (1, -0.25, 4, 11)
step 1263 score (1, -0.25, 2, 13) best (1, -0.25, 4, 11)
step 1264 score (1, -0.25, 2, 14) best (1, -0.25, 4, 11)
step 1265 score (1, -0.25, 2, 14) best (1, -0.25, 4, 11)
step 1266 score (1, -0.25, 2, 14) best (1, -0.25, 4, 11)
step 1267 score (1, -0.25, 2, 13) best (1, -0.25, 4, 11)
step 1268 score (1, -0.25, 2, 14) best (1, -0.25, 4, 11)
step 1269 score (1, -0.25, 2, 10) best (1, -0.25, 4, 11)
step 1270 score (1, -0.25, 2, 14) best (1, -0.25, 4, 11)
step 1271 score (1, -0.25, 2, 13) best (1, -0.25, 4, 11)
step 1272 score (1, -0.25, 2, 13) best (1, -0.25, 4, 11)
step 1273 score (1, -0.25, 2, 9) best (1, -0.25, 4, 11)
step 1274 score (1, -0.25, 2, 13) best (1, -0.25, 4, 11)
step 1275 score (1, -0.25, 2, 13) best (1, -0.25, 4, 11)
step 1276 score (1, -0.25, 2, 4) best (1, -0.25, 4, 11)
step 1277 score (1, -0.25, 2, 5) best (1, -0.25, 4, 11)
step 1278 score (1, -0.34146341463414637, 2, 3) best (1, -0.25, 4, 11)
step 1279 score (1, -0.34146341463414637, 2, 3) best (1, -0.25, 4, 11)
step 1280 score (1, -0.25, 2, 13) best (1, -0.25, 4, 11)
step 1281 score (1, -0.25, 2, 11) best (1, -0.25, 4, 11)
step 1282 score (1, -0.25, 2, 12) best (1, -0.25, 4, 11)
step 1283 score (1, -0.25, 2, 12) best (1, -0.25, 4, 11)
step 1284 score (1, -0.25, 2, 14) best (1, -0.25, 4, 11)
step 1285 score (1, -0.25, 2, 10) best (1, -0.25, 4, 11)
step 1286 score (1, -0.25, 2, 14) best (1, -0.25, 4, 11)
step 1287 score (1, -0.25, 2, 12) best (1, -0.25, 4, 11)
step 1288 score (1, -0.25, 2, 4) best (1, -0.25, 4, 11)
step 1289 score (1, -0.25, 2, 14) best (1, -0.25, 4, 11)
step 1290 score (1, -0.25, 2, 14) best (1, -0.25, 4, 11)
step 1291 score (1, -0.25, 2, 10) best (1, -0.25, 4, 11)
step 1292 score (1, -0.25, 2, 14) best (1, -0.25, 4, 11)
step 1293 score (1, -0.25, 2, 12) best (1, -0.25, 4, 11)
step 1294 score (1, -0.25, 2, 12) best (1, -0.25, 4, 11)
step 1295 score (1, -0.25, 2, 11) best (1, -0.25, 4, 11)
step 1296 score (1, -0.25, 2, 14) best (1, -0.25, 4, 11)
step 1297 score (1, -0.25, 2, 19) best (1, -0.25, 4, 11)
step 1298 score (1, -0.25, 2, 13) best (1, -0.25, 4, 11)
step 1299 score (1, -0.25, 2, 11) best (1, -0.25, 4, 11)
step 1300 score (1, -0.25, 2, 14) best (1, -0.25, 4, 11)
step 1301 score (1, -0.25, 2, 11) best (1, -0.25, 4, 11)
step 1302 score (1, -0.25, 2, 11) best (1, -0.25, 4, 11)
step 1303 score (1, -0.25, 2, 11) best (1, -0.25, 4, 11)
step 1304 score (1, -0.25, 2, 14) best (1, -0.25, 4, 11)
step 1305 score (1, -0.25, 2, 19) best (1, -0.25, 4, 11)
step 1306 score (1, -0.25, 2, 14) best (1, -0.25, 4, 11)
step 1307 score (1, -0.25, 2, 13) best (1, -0.25, 4, 11)
step 1308 score (1, -0.25, 2, 14) best (1, -0.25, 4, 11)
step 1309 score (1, -0.25, 2, 19) best (1, -0.25, 4, 11)
step 1310 score (1, -0.25, 2, 14) best (1, -0.25, 4, 11)
step 1311 score (1, -0.25, 2, 11) best (1, -0.25, 4, 11)
step 1312 score (1, -0.25, 2, 14) best (1, -0.25, 4, 11)
step 1313 score (1, -0.25, 2, 11) best (1, -0.25, 4, 11)
step 1314 score (1, -0.25, 2, 11) best (1, -0.25, 4, 11)
step 1315 score (1, -0.25, 2, 11) best (1, -0.25, 4, 11)
step 1316 score (1, -0.25, 2, 14) best (1, -0.25, 4, 11)
step 1317 score (1, -0.25, 2, 19) best (1, -0.25, 4, 11)
step 1318 score (1, -0.25, 2, 11) best (1, -0.25, 4, 11)
step 1319 score (1, -0.25, 2, 19) best (1, -0.25, 4, 11)
step 1320 score (1, -0.25, 2, 6) best (1, -0.25, 4, 11)
step 1321 score (1, -0.25, 2, 19) best (1, -0.25, 4, 11)
step 1322 score (1, -0.25, 2, 14) best (1, -0.25, 4, 11)
step 1323 score (1, -0.25, 2, 19) best (1, -0.25, 4, 11)
step 1324 score (1, -0.25, 2, 14) best (1, -0.25, 4, 11)
step 1325 score (1, -0.25, 2, 19) best (1, -0.25, 4, 11)
step 1326 score (1, -0.25, 2, 14) best (1, -0.25, 4, 11)
step 1327 score (1, -0.25, 2, 13) best (1, -0.25, 4, 11)
step 1328 score (1, -0.25, 2, 14) best (1, -0.25, 4, 11)
step 1329 score (1, -0.25, 2, 10) best (1, -0.25, 4, 11)
step 1330 score (1, -0.25, 2, 10) best (1, -0.25, 4, 11)
step 1331 score (1, -0.25, 2, 10) best (1, -0.25, 4, 11)
step 1332 score (1, -0.25, 2, 12) best (1, -0.25, 4, 11)
step 1333 score (1, -0.25, 2, 12) best (1, -0.25, 4, 11)
step 1334 score (1, -0.25, 2, 10) best (1, -0.25, 4, 11)
step 1335 score (1, -0.25, 2, 14) best (1, -0.25, 4, 11)
step 1336 score (1, -0.25, 2, 14) best (1, -0.25, 4, 11)
step 1337 score (1, -0.25, 2, 5) best (1, -0.25, 4, 11)
step 1338 score (1, -0.25, 2, 9) best (1, -0.25, 4, 11)
step 1339 score (1, -0.25, 2, 5) best (1, -0.25, 4, 11)
step 1340 score (1, -0.25, 2, 3) best (1, -0.25, 4, 11)
step 1341 score (1, -0.25, 2, 5) best (1, -0.25, 4, 11)
step 1342 score (1, -0.25, 2, 14) best (1, -0.25, 4, 11)
step 1343 score (1, -0.25, 2, 5) best (1, -0.25, 4, 11)
step 1344 score (1, -0.25, 2, 14) best (1, -0.25, 4, 11)
step 1345 score (1, -0.25, 2, 11) best (1, -0.25, 4, 11)
step 1346 score (1, -0.25, 2, 14) best (1, -0.25, 4, 11)
step 1347 score (1, -0.25, 2, 11) best (1, -0.25, 4, 11)
step 1348 score (1, -0.25, 2, 14) best (1, -0.25, 4, 11)
step 1349 score (1, -0.25, 2, 19) best (1, -0.25, 4, 11)
step 1350 score (1, -0.25, 2, 14) best (1, -0.25, 4, 11)
step 1351 score (1, -0.25, 2, 13) best (1, -0.25, 4, 11)
step 1352 score (1, -0.25, 2, 14) best (1, -0.25, 4, 11)
step 1353 score (1, -0.25, 2, 13) best (1, -0.25, 4, 11)
step 1354 score (1, -0.25, 2, 10) best (1, -0.25, 4, 11)
step 1355 score (1, -0.25, 2, 15) best (1, -0.25, 4, 11)
step 1356 score (1, -0.25, 2, 10) best (1, -0.25, 4, 11)
step 1357 score (1, -0.25, 2, 11) best (1, -0.25, 4, 11)
step 1358 score (1, -0.25, 2, 11) best (1, -0.25, 4, 11)
step 1359 score (1, -0.25, 2, 12) best (1, -0.25, 4, 11)
step 1360 score (1, -0.25, 2, 10) best (1, -0.25, 4, 11)
step 1361 score (1, -0.25, 2, 15) best (1, -0.25, 4, 11)
step 1362 score (1, -0.25, 2, 10) best (1, -0.25, 4, 11)
step 1363 score (1, -0.25, 2, 13) best (1, -0.25, 4, 11)
step 1364 score (1, -0.25, 2, 14) best (1, -0.25, 4, 11)
step 1365 score (1, -0.25, 2, 13) best (1, -0.25, 4, 11)
step 1366 score (1, -0.25, 2, 14) best (1, -0.25, 4, 11)
step 1367 score (1, -0.25, 2, 13) best (1, -0.25, 4, 11)
step 1368 score (1, -0.25, 2, 14) best (1, -0.25, 4, 11)
step 1369 score (1, -0.25, 2, 13) best (1, -0.25, 4, 11)
step 1370 score (1, -0.25, 2, 13) best (1, -0.25, 4, 11)
step 1371 score (1, -0.25, 2, 13) best (1, -0.25, 4, 11)
step 1372 score (1, -0.25, 2, 13) best (1, -0.25, 4, 11)
step 1373 score (1, -0.25, 2, 9) best (1, -0.25, 4, 11)
step 1374 score (1, -0.30434782608695654, 2, 5) best (1, -0.25, 4, 11)
step 1375 score (1, -0.25, 2, 9) best (1, -0.25, 4, 11)
step 1376 score (1, -0.25, 2, 13) best (1, -0.25, 4, 11)
step 1377 score (1, -0.25, 2, 13) best (1, -0.25, 4, 11)
step 1378 score (1, -0.25, 2, 14) best (1, -0.25, 4, 11)
step 1379 score (1, -0.25, 2, 13) best (1, -0.25, 4, 11)
step 1380 score (1, -0.25, 2, 4) best (1, -0.25, 4, 11)
step 1381 score (1, -0.25, 2, 12) best (1, -0.25, 4, 11)
step 1382 score (1, -0.25, 2, 12) best (1, -0.25, 4, 11)
step 1383 score (1, -0.25, 2, 13) best (1, -0.25, 4, 11)
step 1384 score (1, -0.25, 2, 13) best (1, -0.25, 4, 11)
step 1385 score (1, -0.25, 2, 13) best (1, -0.25, 4, 11)
step 1386 score (1, -0.25, 2, 14) best (1, -0.25, 4, 11)
step 1387 score (1, -0.25, 2, 13) best (1, -0.25, 4, 11)
step 1388 score (1, -0.25, 2, 13) best (1, -0.25, 4, 11)
step 1389 score (1, -0.25, 2, 9) best (1, -0.25, 4, 11)
step 1390 score (1, -0.25, 2, 13) best (1, -0.25, 4, 11)
step 1391 score (1, -0.25, 2, 13) best (1, -0.25, 4, 11)
step 1392 score (1, -0.25, 2, 14) best (1, -0.25, 4, 11)
step 1393 score (1, -0.25, 2, 10) best (1, -0.25, 4, 11)
step 1394 score (1, -0.25, 2, 10) best (1, -0.25, 4, 11)
step 1395 score (1, -0.25, 2, 28) best (1, -0.25, 4, 11)
step 1396 score (1, -0.25, 2, 28) best (1, -0.25, 4, 11)
step 1397 score (1, -0.25, 2, 10) best (1, -0.25, 4, 11)
step 1398 score (1, -0.25, 2, 28) best (1, -0.25, 4, 11)
step 1399 score (1, -0.25, 2, 10) best (1, -0.25, 4, 11)
step 1400 score (1, -0.25, 2, 10) best (1, -0.25, 4, 11)
step 1401 score (1, -0.25, 2, 8) best (1, -0.25, 4, 11)
step 1402 score (1, -0.25, 2, 10) best (1, -0.25, 4, 11)
step 1403 score (1, -0.25, 2, 10) best (1, -0.25, 4, 11)
step 1404 score (1, -0.25, 2, 28) best (1, -0.25, 4, 11)
step 1405 score (1, -0.25, 2, 28) best (1, -0.25, 4, 11)
step 1406 score (1, -0.25, 2, 8) best (1, -0.25, 4, 11)
step 1407 score (1, -0.25, 2, 28) best (1, -0.25, 4, 11)
step 1408 score (1, -0.25, 2, 6) best (1, -0.25, 4, 11)
step 1409 score (1, -0.25, 2, 3) best (1, -0.25, 4, 11)
step 1410 score (1, -0.25, 2, 10) best (1, -0.25, 4, 11)
step 1411 score (1, -0.25, 2, 11) best (1, -0.25, 4, 11)
step 1412 score (1, -0.25, 2, 12) best (1, -0.25, 4, 11)
step 1413 score (1, -0.25, 2, 12) best (1, -0.25, 4, 11)
step 1414 score (1, -0.25, 2, 12) best (1, -0.25, 4, 11)
step 1415 score (1, -0.25, 2, 11) best (1, -0.25, 4, 11)
step 1416 score (1, -0.25, 2, 10) best (1, -0.25, 4, 11)
step 1417 score (1, -0.25, 2, 13) best (1, -0.25, 4, 11)
step 1418 score (1, -0.25, 2, 10) best (1, -0.25, 4, 11)
step 1419 score (1, -0.25, 2, 28) best (1, -0.25, 4, 11)
step 1420 score (1, -0.25, 2, 9) best (1, -0.25, 4, 11)
step 1421 score (1, -0.3709677419354839, 2, 2) best (1, -0.25, 4, 11)
step 1422 score (1, -0.25, 2, 9) best (1, -0.25, 4, 11)
step 1423 score (1, -0.37735849056603776, 2, 1) best (1, -0.25, 4, 11)
step 1424 score (1, -0.36231884057971014, 2, 1) best (1, -0.25, 4, 11)
step 1425 score (1, -0.35, 2, 3) best (1, -0.25, 4, 11)
step 1426 score (1, -0.25, 2, 8) best (1, -0.25, 4, 11)
step 1427 score (1, -0.25, 2, 8) best (1, -0.25, 4, 11)
step 1428 score (1, -0.25, 2, 28) best (1, -0.25, 4, 11)
step 1429 score (1, -0.25, 2, 6) best (1, -0.25, 4, 11)
step 1430 score (1, -0.25, 2, 13) best (1, -0.25, 4, 11)
step 1431 score (1, -0.25, 2, 10) best (1, -0.25, 4, 11)
step 1432 score (1, -0.25, 2, 11) best (1, -0.25, 4, 11)
step 1433 score (1, -0.25, 2, 13) best (1, -0.25, 4, 11)
step 1434 score (1, -0.25, 2, 14) best (1, -0.25, 4, 11)
step 1435 score (1, -0.25, 2, 13) best (1, -0.25, 4, 11)
step 1436 score (1, -0.25, 2, 13) best (1, -0.25, 4, 11)
step 1437 score (1, -0.25, 2, 14) best (1, -0.25, 4, 11)
step 1438 score (1, -0.25, 2, 14) best (1, -0.25, 4, 11)
step 1439 score (1, -0.25, 2, 5) best (1, -0.25, 4, 11)
step 1440 score (1, -0.25, 2, 14) best (1, -0.25, 4, 11)
step 1441 score (1, -0.25, 2, 19) best (1, -0.25, 4, 11)
step 1442 score (1, -0.25, 2, 13) best (1, -0.25, 4, 11)
step 1443 score (1, -0.25, 2, 4) best (1, -0.25, 4, 11)
step 1444 score (1, -0.25, 2, 10) best (1, -0.25, 4, 11)
step 1445 score (1, -0.25, 2, 6) best (1, -0.25, 4, 11)
step 1446 score (1, -0.25, 2, 10) best (1, -0.25, 4, 11)
step 1447 score (1, -0.25, 2, 19) best (1, -0.25, 4, 11)
step 1448 score (1, -0.25, 2, 14) best (1, -0.25, 4, 11)
step 1449 score (1, -0.25, 2, 13) best (1, -0.25, 4, 11)
step 1450 score (1, -0.25, 2, 14) best (1, -0.25, 4, 11)
step 1451 score (1, -0.25, 2, 13) best (1, -0.25, 4, 11)
step 1452 score (1, -0.25, 2, 14) best (1, -0.25, 4, 11)
step 1453 score (1, -0.25, 2, 13) best (1, -0.25, 4, 11)
step 1454 score (1, -0.25, 2, 14) best (1, -0.25, 4, 11)
step 1455 score (1, -0.25, 2, 10) best (1, -0.25, 4, 11)
step 1456 score (1, -0.25, 2, 14) best (1, -0.25, 4, 11)
step 1457 score (1, -0.25, 2, 19) best (1, -0.25, 4, 11)
step 1458 score (1, -0.25, 2, 13) best (1, -0.25, 4, 11)
step 1459 score (1, -0.25, 2, 19) best (1, -0.25, 4, 11)
step 1460 score (1, -0.25, 2, 14) best (1, -0.25, 4, 11)
step 1461 score (1, -0.25, 2, 11) best (1, -0.25, 4, 11)
step 1462 score (1, -0.25, 2, 12) best (1, -0.25, 4, 11)
step 1463 score (1, -0.25, 2, 11) best (1, -0.25, 4, 11)
step 1464 score (1, -0.25, 2, 12) best (1, -0.25, 4, 11)
step 1465 score (1, -0.25, 2, 12) best (1, -0.25, 4, 11)
step 1466 score (1, -0.25, 2, 12) best (1, -0.25, 4, 11)
step 1467 score (1, -0.25, 2, 11) best (1, -0.25, 4, 11)
step 1468 score (1, -0.25, 2, 14) best (1, -0.25, 4, 11)
step 1469 score (1, -0.25, 2, 11) best (1, -0.25, 4, 11)
step 1470 score (1, -0.25, 2, 11) best (1, -0.25, 4, 11)
step 1471 score (1, -0.25, 2, 11) best (1, -0.25, 4, 11)
step 1472 score (1, -0.25, 2, 14) best (1, -0.25, 4, 11)
step 1473 score (1, -0.25, 2, 19) best (1, -0.25, 4, 11)
step 1474 score (1, -0.25, 2, 14) best (1, -0.25, 4, 11)
step 1475 score (1, -0.25, 2, 11) best (1, -0.25, 4, 11)
step 1476 score (1, -0.25, 2, 14) best (1, -0.25, 4, 11)
step 1477 score (1, -0.25, 2, 19) best (1, -0.25, 4, 11)
step 1478 score (1, -0.25, 2, 11) best (1, -0.25, 4, 11)
step 1479 score (1, -0.25, 2, 10) best (1, -0.25, 4, 11)
step 1480 score (1, -0.25, 2, 11) best (1, -0.25, 4, 11)
step 1481 score (1, -0.25, 2, 19) best (1, -0.25, 4, 11)
step 1482 score (1, -0.25, 2, 14) best (1, -0.25, 4, 11)
step 1483 score (1, -0.25, 2, 19) best (1, -0.25, 4, 11)
step 1484 score (1, -0.25, 2, 14) best (1, -0.25, 4, 11)
step 1485 score (1, -0.25, 2, 13) best (1, -0.25, 4, 11)
step 1486 score (1, -0.25, 2, 13) best (1, -0.25, 4, 11)
step 1487 score (1, -0.25, 2, 13) best (1, -0.25, 4, 11)
step 1488 score (1, -0.25, 2, 14) best (1, -0.25, 4, 11)
step 1489 score (1, -0.25, 2, 13) best (1, -0.25, 4, 11)
step 1490 score (1, -0.25, 2, 14) best (1, -0.25, 4, 11)
step 1491 score (1, -0.25, 2, 10) best (1, -0.25, 4, 11)
step 1492 score (1, -0.25, 2, 14) best (1, -0.25, 4, 11)
step 1493 score (1, -0.25, 2, 13) best (1, -0.25, 4, 11)
step 1494 score (1, -0.25, 2, 13) best (1, -0.25, 4, 11)
step 1495 score (1, -0.25, 2, 14) best (1, -0.25, 4, 11)
step 1496 score (1, -0.25, 2, 10) best (1, -0.25, 4, 11)
step 1497 score (1, -0.25, 2, 28) best (1, -0.25, 4, 11)
step 1498 score (1, -0.25, 2, 28) best (1, -0.25, 4, 11)
step 1499 score (1, -0.25, 2, 6) best (1, -0.25, 4, 11)
step 1500 score (1, -0.25, 2, 10) best (1, -0.25, 4, 11)
step 1501 score (1, -0.25, 2, 7) best (1, -0.25, 4, 11)
step 1502 score (1, -0.3, 2, 2) best (1, -0.25, 4, 11)
step 1503 score (1, -0.25, 2, 9) best (1, -0.25, 4, 11)
step 1504 score (1, -0.25, 2, 7) best (1, -0.25, 4, 11)
step 1505 score (1, -0.30952380952380953, 2, 2) best (1, -0.25, 4, 11)
step 1506 score (1, -0.3346613545816733, 2, 2) best (1, -0.25, 4, 11)
step 1507 score (1, -0.3008130081300813, 2, 2) best (1, -0.25, 4, 11)
step 1508 score (1, -0.2871287128712871, 2, 3) best (1, -0.25, 4, 11)
step 1509 score (1, -0.25, 2, 4) best (1, -0.25, 4, 11)
step 1510 score (1, -0.25, 2, 10) best (1, -0.25, 4, 11)
step 1511 score (1, -0.25, 2, 10) best (1, -0.25, 4, 11)
step 1512 score (1, -0.25, 2, 13) best (1, -0.25, 4, 11)
step 1513 score (1, -0.25, 2, 10) best (1, -0.25, 4, 11)
step 1514 score (1, -0.25, 2, 10) best (1, -0.25, 4, 11)
step 1515 score (1, -0.25, 2, 4) best (1, -0.25, 4, 11)
step 1516 score (1, -0.25, 2, 4) best (1, -0.25, 4, 11)
step 1517 score (1, -0.25, 2, 15) best (1, -0.25, 4, 11)
step 1518 score (1, -0.25, 2, 10) best (1, -0.25, 4, 11)
step 1519 score (1, -0.25, 2, 15) best (1, -0.25, 4, 11)
step 1520 score (1, -0.25, 2, 10) best (1, -0.25, 4, 11)
step 1521 score (1, -0.25, 2, 15) best (1, -0.25, 4, 11)
step 1522 score (1, -0.25, 2, 8) best (1, -0.25, 4, 11)
step 1523 score (1, -0.25, 2, 15) best (1, -0.25, 4, 11)
step 1524 score (1, -0.25, 2, 10) best (1, -0.25, 4, 11)
step 1525 score (1, -0.25, 2, 10) best (1, -0.25, 4, 11)
step 1526 score (1, -0.25, 2, 14) best (1, -0.25, 4, 11)
step 1527 score (1, -0.25, 2, 6) best (1, -0.25, 4, 11)
step 1528 score (1, -0.25, 2, 5) best (1, -0.25, 4, 11)
step 1529 score (1, -0.25, 2, 6) best (1, -0.25, 4, 11)
step 1530 score (1, -0.25, 2, 5) best (1, -0.25, 4, 11)
step 1531 score (1, -0.25, 2, 6) best (1, -0.25, 4, 11)
step 1532 score (1, -0.25, 2, 14) best (1, -0.25, 4, 11)
step 1533 score (1, -0.25, 2, 13) best (1, -0.25, 4, 11)
step 1534 score (1, -0.25, 2, 12) best (1, -0.25, 4, 11)
step 1535 score (1, -0.25, 2, 13) best (1, -0.25, 4, 11)
step 1536 score (1, -0.25, 2, 5) best (1, -0.25, 4, 11)
step 1537 score (1, -0.25, 2, 13) best (1, -0.25, 4, 11)
step 1538 score (1, -0.25, 2, 11) best (1, -0.25, 4, 11)
step 1539 score (1, -0.25, 2, 13) best (1, -0.25, 4, 11)
step 1540 score (1, -0.25, 2, 5) best (1, -0.25, 4, 11)
step 1541 score (1, -0.27358490566037735, 2, 3) best (1, -0.25, 4, 11)
step 1542 score (1, -0.25, 2, 11) best (1, -0.25, 4, 11)
step 1543 score (1, -0.25, 2, 11) best (1, -0.25, 4, 11)
step 1544 score (1, -0.25, 2, 11) best (1, -0.25, 4, 11)
step 1545 score (1, -0.25, 2, 14) best (1, -0.25, 4, 11)
step 1546 score (1, -0.25, 2, 19) best (1, -0.25, 4, 11)
step 1547 score (1, -0.25, 2, 14) best (1, -0.25, 4, 11)
step 1548 score (1, -0.25, 2, 11) best (1, -0.25, 4, 11)
step 1549 score (1, -0.25, 2, 14) best (1, -0.25, 4, 11)
step 1550 score (1, -0.25, 2, 19) best (1, -0.25, 4, 11)
step 1551 score (1, -0.25, 2, 14) best (1, -0.25, 4, 11)
step 1552 score (1, -0.25, 2, 19) best (1, -0.25, 4, 11)
step 1553 score (1, -0.25, 2, 14) best (1, -0.25, 4, 11)
step 1554 score (1, -0.25, 2, 11) best (1, -0.25, 4, 11)
step 1555 score (1, -0.25, 2, 11) best (1, -0.25, 4, 11)
step 1556 score (1, -0.25, 2, 11) best (1, -0.25, 4, 11)
step 1557 score (1, -0.25, 2, 14) best (1, -0.25, 4, 11)
step 1558 score (1, -0.25, 2, 11) best (1, -0.25, 4, 11)
step 1559 score (1, -0.25, 2, 10) best (1, -0.25, 4, 11)
step 1560 score (1, -0.25, 2, 15) best (1, -0.25, 4, 11)
step 1561 score (1, -0.25, 2, 10) best (1, -0.25, 4, 11)
step 1562 score (1, -0.25, 2, 12) best (1, -0.25, 4, 11)
step 1563 score (1, -0.25, 2, 12) best (1, -0.25, 4, 11)
step 1564 score (1, -0.25, 2, 11) best (1, -0.25, 4, 11)
step 1565 score (1, -0.25, 2, 12) best (1, -0.25, 4, 11)
step 1566 score (1, -0.25, 2, 7) best (1, -0.25, 4, 11)
step 1567 score (1, -0.25, 2, 5) best (1, -0.25, 4, 11)
step 1568 score (1, -0.25, 2, 12) best (1, -0.25, 4, 11)
step 1569 score (1, -0.25, 2, 13) best (1, -0.25, 4, 11)
step 1570 score (1, -0.25, 2, 11) best (1, -0.25, 4, 11)
step 1571 score (1, -0.25, 2, 13) best (1, -0.25, 4, 11)
step 1572 score (1, -0.25, 2, 12) best (1, -0.25, 4, 11)
step 1573 score (1, -0.25, 2, 13) best (1, -0.25, 4, 11)
step 1574 score (1, -0.25, 2, 7) best (1, -0.25, 4, 11)
step 1575 score (1, -0.25, 2, 5) best (1, -0.25, 4, 11)
step 1576 score (1, -0.25, 2, 4) best (1, -0.25, 4, 11)
step 1577 score (1, -0.25, 2, 12) best (1, -0.25, 4, 11)
step 1578 score (1, -0.25, 2, 12) best (1, -0.25, 4, 11)
step 1579 score (1, -0.25, 2, 11) best (1, -0.25, 4, 11)
step 1580 score (1, -0.25, 2, 12) best (1, -0.25, 4, 11)
step 1581 score (1, -0.25, 2, 12) best (1, -0.25, 4, 11)
step 1582 score (1, -0.25, 2, 7) best (1, -0.25, 4, 11)
step 1583 score (1, -0.25, 2, 13) best (1, -0.25, 4, 11)
step 1584 score (1, -0.25, 2, 12) best (1, -0.25, 4, 11)
step 1585 score (1, -0.25, 2, 13) best (1, -0.25, 4, 11)
step 1586 score (1, -0.25, 2, 7) best (1, -0.25, 4, 11)
step 1587 score (1, -0.328125, 2, 2) best (1, -0.25, 4, 11)
step 1588 score (1, -0.25, 2, 6) best (1, -0.25, 4, 11)
step 1589 score (1, -0.25, 2, 5) best (1, -0.25, 4, 11)
step 1590 score (1, -0.27358490566037735, 2, 3) best (1, -0.25, 4, 11)
step 1591 score (1, -0.25, 2, 5) best (1, -0.25, 4, 11)
step 1592 score (1, -0.25, 2, 13) best (1, -0.25, 4, 11)
step 1593 score (1, -0.25, 2, 12) best (1, -0.25, 4, 11)
step 1594 score (1, -0.25, 2, 8) best (1, -0.25, 4, 11)
step 1595 score (1, -0.25, 2, 12) best (1, -0.25, 4, 11)
step 1596 score (1, -0.25, 2, 13) best (1, -0.25, 4, 11)
step 1597 score (1, -0.25, 2, 14) best (1, -0.25, 4, 11)
step 1598 score (1, -0.25, 2, 10) best (1, -0.25, 4, 11)
step 1599 score (1, -0.25, 2, 14) best (1, -0.25, 4, 11)
step 1600 score (1, -0.25, 2, 10) best (1, -0.25, 4, 11)
step 1601 score (1, -0.25, 2, 15) best (1, -0.25, 4, 11)
step 1602 score (1, -0.25, 2, 10) best (1, -0.25, 4, 11)
step 1603 score (1, -0.25, 2, 15) best (1, -0.25, 4, 11)
step 1604 score (1, -0.25, 2, 5) best (1, -0.25, 4, 11)
step 1605 score (1, -0.26865671641791045, 2, 4) best (1, -0.25, 4, 11)
step 1606 score (1, -0.25, 2, 5) best (1, -0.25, 4, 11)
step 1607 score (1, -0.25, 2, 15) best (1, -0.25, 4, 11)
step 1608 score (1, -0.25, 2, 10) best (1, -0.25, 4, 11)
step 1609 score (1, -0.25, 2, 10) best (1, -0.25, 4, 11)
step 1610 score (1, -0.25, 2, 14) best (1, -0.25, 4, 11)
step 1611 score (1, -0.25, 2, 13) best (1, -0.25, 4, 11)
step 1612 score (1, -0.25, 2, 5) best (1, -0.25, 4, 11)
step 1613 score (1, -0.25, 2, 12) best (1, -0.25, 4, 11)
step 1614 score (1, -0.25, 2, 5) best (1, -0.25, 4, 11)
step 1615 score (1, -0.25, 2, 9) best (1, -0.25, 4, 11)
step 1616 score (1, -0.25, 2, 5) best (1, -0.25, 4, 11)
step 1617 score (1, -0.25, 2, 12) best (1, -0.25, 4, 11)
step 1618 score (1, -0.25, 2, 5) best (1, -0.25, 4, 11)
step 1619 score (1, -0.25, 2, 12) best (1, -0.25, 4, 11)
step 1620 score (1, -0.25, 2, 12) best (1, -0.25, 4, 11)
step 1621 score (1, -0.25, 2, 12) best (1, -0.25, 4, 11)
step 1622 score (1, -0.25, 2, 10) best (1, -0.25, 4, 11)
step 1623 score (1, -0.25, 2, 12) best (1, -0.25, 4, 11)
step 1624 score (1, -0.25, 2, 12) best (1, -0.25, 4, 11)
step 1625 score (1, -0.25, 2, 12) best (1, -0.25, 4, 11)
step 1626 score (1, -0.25, 2, 5) best (1, -0.25, 4, 11)
step 1627 score (1, -0.25, 2, 12) best (1, -0.25, 4, 11)
step 1628 score (1, -0.25, 2, 13) best (1, -0.25, 4, 11)
step 1629 score (1, -0.25, 2, 7) best (1, -0.25, 4, 11)
step 1630 score (1, -0.25, 2, 5) best (1, -0.25, 4, 11)
step 1631 score (1, -0.25, 2, 14) best (1, -0.25, 4, 11)
step 1632 score (1, -0.25, 2, 10) best (1, -0.25, 4, 11)
step 1633 score (1, -0.25, 2, 14) best (1, -0.25, 4, 11)
step 1634 score (1, -0.25, 2, 14) best (1, -0.25, 4, 11)
step 1635 score (1, -0.25, 2, 10) best (1, -0.25, 4, 11)
step 1636 score (1, -0.25, 2, 14) best (1, -0.25, 4, 11)
step 1637 score (1, -0.25, 2, 14) best (1, -0.25, 4, 11)
step 1638 score (1, -0.25, 2, 5) best (1, -0.25, 4, 11)
step 1639 score (1, -0.25, 2, 14) best (1, -0.25, 4, 11)
step 1640 score (1, -0.25, 2, 11) best (1, -0.25, 4, 11)
step 1641 score (1, -0.25, 2, 13) best (1, -0.25, 4, 11)
step 1642 score (1, -0.25, 2, 4) best (1, -0.25, 4, 11)
step 1643 score (1, -0.25, 2, 13) best (1, -0.25, 4, 11)
step 1644 score (1, -0.25, 2, 19) best (1, -0.25, 4, 11)
step 1645 score (1, -0.25, 2, 14) best (1, -0.25, 4, 11)
step 1646 score (1, -0.25, 2, 10) best (1, -0.25, 4, 11)
step 1647 score (1, -0.25, 2, 14) best (1, -0.25, 4, 11)
step 1648 score (1, -0.25, 2, 13) best (1, -0.25, 4, 11)
step 1649 score (1, -0.25, 2, 14) best (1, -0.25, 4, 11)
step 1650 score (1, -0.25, 2, 19) best (1, -0.25, 4, 11)
step 1651 score (1, -0.25, 2, 6) best (1, -0.25, 4, 11)
step 1652 score (1, -0.25, 2, 19) best (1, -0.25, 4, 11)
step 1653 score (1, -0.25, 2, 14) best (1, -0.25, 4, 11)
step 1654 score (1, -0.25, 2, 10) best (1, -0.25, 4, 11)
step 1655 score (1, -0.25, 2, 11) best (1, -0.25, 4, 11)
step 1656 score (1, -0.25, 2, 10) best (1, -0.25, 4, 11)
step 1657 score (1, -0.25, 2, 14) best (1, -0.25, 4, 11)
step 1658 score (1, -0.25, 2, 13) best (1, -0.25, 4, 11)
step 1659 score (1, -0.25, 2, 14) best (1, -0.25, 4, 11)
step 1660 score (1, -0.25, 2, 19) best (1, -0.25, 4, 11)
step 1661 score (1, -0.25, 2, 13) best (1, -0.25, 4, 11)
step 1662 score (1, -0.25, 2, 11) best (1, -0.25, 4, 11)
step 1663 score (1, -0.25, 2, 13) best (1, -0.25, 4, 11)
step 1664 score (1, -0.25, 2, 19) best (1, -0.25, 4, 11)
step 1665 score (1, -0.25, 2, 14) best (1, -0.25, 4, 11)
step 1666 score (1, -0.25, 2, 19) best (1, -0.25, 4, 11)
step 1667 score (1, -0.25, 2, 14) best (1, -0.25, 4, 11)
step 1668 score (1, -0.25, 2, 10) best (1, -0.25, 4, 11)
step 1669 score (1, -0.25, 2, 14) best (1, -0.25, 4, 11)
step 1670 score (1, -0.25, 2, 10) best (1, -0.25, 4, 11)
step 1671 score (1, -0.25, 2, 28) best (1, -0.25, 4, 11)
step 1672 score (1, -0.25, 2, 28) best (1, -0.25, 4, 11)
step 1673 score (1, -0.25, 2, 8) best (1, -0.25, 4, 11)
step 1674 score (1, -0.25, 2, 10) best (1, -0.25, 4, 11)
step 1675 score (1, -0.25, 2, 8) best (1, -0.25, 4, 11)
step 1676 score (1, -0.25, 2, 8) best (1, -0.25, 4, 11)
step 1677 score (1, -0.25, 2, 4) best (1, -0.25, 4, 11)
step 1678 score (1, -0.25, 2, 8) best (1, -0.25, 4, 11)
step 1679 score (1, -0.25, 2, 4) best (1, -0.25, 4, 11)
step 1680 score (1, -0.25, 2, 4) best (1, -0.25, 4, 11)
step 1681 score (1, -0.25, 2, 13) best (1, -0.25, 4, 11)
step 1682 score (1, -0.25, 2, 10) best (1, -0.25, 4, 11)
step 1683 score (1, -0.25, 2, 14) best (1, -0.25, 4, 11)
step 1684 score (1, -0.25, 2, 13) best (1, -0.25, 4, 11)
step 1685 score (1, -0.25, 2, 13) best (1, -0.25, 4, 11)
step 1686 score (1, -0.25, 2, 14) best (1, -0.25, 4, 11)
step 1687 score (1, -0.25, 2, 10) best (1, -0.25, 4, 11)
step 1688 score (1, -0.25, 2, 14) best (1, -0.25, 4, 11)
step 1689 score (1, -0.25, 2, 19) best (1, -0.25, 4, 11)
step 1690 score (1, -0.25, 2, 14) best (1, -0.25, 4, 11)
step 1691 score (1, -0.25, 2, 11) best (1, -0.25, 4, 11)
step 1692 score (1, -0.25, 2, 14) best (1, -0.25, 4, 11)
step 1693 score (1, -0.25, 2, 19) best (1, -0.25, 4, 11)
step 1694 score (1, -0.25, 2, 14) best (1, -0.25, 4, 11)
step 1695 score (1, -0.25, 2, 19) best (1, -0.25, 4, 11)
step 1696 score (1, -0.25, 2, 11) best (1, -0.25, 4, 11)
step 1697 score (1, -0.25, 2, 19) best (1, -0.25, 4, 11)
step 1698 score (1, -0.25, 2, 14) best (1, -0.25, 4, 11)
step 1699 score (1, -0.25, 2, 19) best (1, -0.25, 4, 11)
step 1700 score (1, -0.25, 2, 13) best (1, -0.25, 4, 11)
step 1701 score (1, -0.25, 2, 4) best (1, -0.25, 4, 11)
step 1702 score (1, -0.25, 2, 10) best (1, -0.25, 4, 11)
step 1703 score (1, -0.25, 2, 6) best (1, -0.25, 4, 11)
step 1704 score (1, -0.25, 2, 19) best (1, -0.25, 4, 11)
step 1705 score (1, -0.25, 2, 14) best (1, -0.25, 4, 11)
step 1706 score (1, -0.25, 2, 11) best (1, -0.25, 4, 11)
step 1707 score (1, -0.25, 2, 14) best (1, -0.25, 4, 11)
step 1708 score (1, -0.25, 2, 11) best (1, -0.25, 4, 11)
step 1709 score (1, -0.25, 2, 14) best (1, -0.25, 4, 11)
step 1710 score (1, -0.25, 2, 19) best (1, -0.25, 4, 11)
step 1711 score (1, -0.25, 2, 14) best (1, -0.25, 4, 11)
step 1712 score (1, -0.25, 2, 19) best (1, -0.25, 4, 11)
step 1713 score (1, -0.25, 2, 11) best (1, -0.25, 4, 11)
step 1714 score (1, -0.25, 2, 19) best (1, -0.25, 4, 11)
step 1715 score (1, -0.25, 2, 14) best (1, -0.25, 4, 11)
step 1716 score (1, -0.25, 2, 10) best (1, -0.25, 4, 11)
step 1717 score (1, -0.25, 2, 14) best (1, -0.25, 4, 11)
step 1718 score (1, -0.25, 2, 13) best (1, -0.25, 4, 11)
step 1719 score (1, -0.25, 2, 14) best (1, -0.25, 4, 11)
step 1720 score (1, -0.25, 2, 13) best (1, -0.25, 4, 11)
step 1721 score (1, -0.25, 2, 14) best (1, -0.25, 4, 11)
step 1722 score (1, -0.25, 2, 19) best (1, -0.25, 4, 11)
step 1723 score (1, -0.25, 2, 14) best (1, -0.25, 4, 11)
step 1724 score (1, -0.25, 2, 13) best (1, -0.25, 4, 11)
step 1725 score (1, -0.25, 2, 13) best (1, -0.25, 4, 11)
step 1726 score (1, -0.25, 2, 12) best (1, -0.25, 4, 11)
step 1727 score (1, -0.3135593220338983, 2, 3) best (1, -0.25, 4, 11)
