C20#0 12 1,5,4,3,2;0,2,7,6,5;1,0,3,8,7;2,0,4,9,8;3,0,5,10,9;4,0,1,6,10;5,1,7,11,10;6,1,2,8,11;7,2,3,9,11;8,3,4,10,11;9,4,5,6,11;10,6,7,8,9
C24#0 14 1,5,4,3,2;0,2,7,6,5;1,0,3,8,7;2,0,4,9,8;3,0,5,10,9;4,0,1,6,11,10;5,1,7,12,11;6,1,2,8,12;7,2,3,9,13,12;8,3,4,10,13;9,4,5,11,13;10,5,6,12,13;11,6,7,8,13;12,8,9,10,11
C26#0 15 1,5,4,3,2;0,2,7,6,5;1,0,3,8,7;2,0,4,9,8;3,0,5,10,9;4,0,1,6,11,10;5,1,7,12,11;6,1,2,8,13,12;7,2,3,9,13;8,3,4,10,14,13;9,4,5,11,14;10,5,6,12,14;11,6,7,13,14;12,7,8,9,14;13,9,10,11,12
C28#0 16 1,5,4,3,2;0,2,7,6,5;1,0,3,8,7;2,0,4,9,8;3,0,5,10,9;4,0,1,6,11,10;5,1,7,12,11;6,1,2,8,13,12;7,2,3,9,14,13;8,3,4,10,14;9,4,5,11,15,14;10,5,6,12,15;11,6,7,13,15;12,7,8,14,15;13,8,9,10,15;14,10,11,12,13
C28#1 16 1,5,4,3,2;0,2,7,6,5;1,0,3,8,7;2,0,4,10,9,8;3,0,5,11,10;4,0,1,6,12,11;5,1,7,13,12;6,1,2,8,14,13;7,2,3,9,14;8,3,10,15,14;9,3,4,11,15;10,4,5,12,15;11,5,6,13,15;12,6,7,14,15;13,7,8,9,15;14,9,10,11,12,13
C30#0 17 1,5,4,3,2;0,2,7,6,5;1,0,3,8,7;2,0,4,9,8;3,0,5,10,9;4,0,1,6,10;5,1,7,12,11,10;6,1,2,8,13,12;7,2,3,9,14,13;8,3,4,10,15,14;9,4,5,6,11,15;10,6,12,16,15;11,6,7,13,16;12,7,8,14,16;13,8,9,15,16;14,9,10,11,16;15,11,12,13,14
C30#1 17 1,5,4,3,2;0,2,7,6,5;1,0,3,8,7;2,0,4,9,8;3,0,5,10,9;4,0,1,6,11,10;5,1,7,12,11;6,1,2,8,13,12;7,2,3,9,14,13;8,3,4,10,15,14;9,4,5,11,15;10,5,6,12,16,15;11,6,7,13,16;12,7,8,14,16;13,8,9,15,16;14,9,10,11,16;15,11,12,13,14
C30#2 17 1,5,4,3,2;0,2,7,6,5;1,0,3,8,7;2,0,4,9,8;3,0,5,11,10,9;4,0,1,6,12,11;5,1,7,13,12;6,1,2,8,14,13;7,2,3,9,15,14;8,3,4,10,15;9,4,11,16,15;10,4,5,12,16;11,5,6,13,16;12,6,7,14,16;13,7,8,15,16;14,8,9,10,16;15,10,11,12,13,14
C32#0 18 1,5,4,3,2;0,2,7,6,5;1,0,3,8,7;2,0,4,9,8;3,0,5,10,9;4,0,1,6,11,10;5,1,7,12,11;6,1,2,8,13,12;7,2,3,9,14,13;8,3,4,10,15,14;9,4,5,11,16,15;10,5,6,12,16;11,6,7,13,17,16;12,7,8,14,17;13,8,9,15,17;14,9,10,16,17;15,10,11,12,17;16,12,13,14,15
C32#1 18 1,5,4,3,2;0,2,7,6,5;1,0,3,8,7;2,0,4,9,8;3,0,5,10,9;4,0,1,6,11,10;5,1,7,13,12,11;6,1,2,8,13;7,2,3,9,14,13;8,3,4,10,15,14;9,4,5,11,16,15;10,5,6,12,16;11,6,13,17,16;12,6,7,8,14,17;13,8,9,15,17;14,9,10,16,17;15,10,11,12,17;16,12,13,14,15
C32#2 18 1,5,4,3,2;0,2,7,6,5;1,0,3,8,7;2,0,4,9,8;3,0,5,10,9;4,0,1,6,11,10;5,1,7,13,12,11;6,1,2,8,14,13;7,2,3,9,14;8,3,4,10,15,14;9,4,5,11,16,15;10,5,6,12,16;11,6,13,17,16;12,6,7,14,17;13,7,8,9,15,17;14,9,10,16,17;15,10,11,12,17;16,12,13,14,15
C32#3 18 1,5,4,3,2;0,2,7,6,5;1,0,3,8,7;2,0,4,9,8;3,0,5,11,10,9;4,0,1,6,12,11;5,1,7,13,12;6,1,2,8,14,13;7,2,3,9,15,14;8,3,4,10,15;9,4,11,16,15;10,4,5,12,16;11,5,6,13,17,16;12,6,7,14,17;13,7,8,15,17;14,8,9,10,16,17;15,10,11,12,17;16,12,13,14,15
C32#4 18 1,5,4,3,2;0,2,7,6,5;1,0,3,8,7;2,0,4,9,8;3,0,5,11,10,9;4,0,1,6,12,11;5,1,7,13,12;6,1,2,8,14,13;7,2,3,9,15,14;8,3,4,10,15;9,4,11,16,15;10,4,5,12,17,16;11,5,6,13,17;12,6,7,14,17;13,7,8,15,16,17;14,8,9,10,16;15,10,11,17,14;16,11,12,13,14
C32#5 18 1,5,4,3,2;0,2,7,6,5;1,0,3,8,7;2,0,4,10,9,8;3,0,5,11,10;4,0,1,6,12,11;5,1,7,13,12;6,1,2,8,14,13;7,2,3,9,14;8,3,10,15,14;9,3,4,11,16,15;10,4,5,12,16;11,5,6,13,17,16;12,6,7,14,17;13,7,8,9,15,17;14,9,10,16,17;15,10,11,12,17;16,12,13,14,15
C34#0 19 1,5,4,3,2;0,2,7,6,5;1,0,3,8,7;2,0,4,9,8;3,0,5,10,9;4,0,1,6,11,10;5,1,7,12,11;6,1,2,8,13,12;7,2,3,9,14,13;8,3,4,10,15,14;9,4,5,11,16,15;10,5,6,12,17,16;11,6,7,13,17;12,7,8,14,18,17;13,8,9,15,18;14,9,10,16,18;15,10,11,17,18;16,11,12,13,18;17,13,14,15,16
C34#1 19 1,5,4,3,2;0,2,7,6,5;1,0,3,8,7;2,0,4,9,8;3,0,5,10,9;4,0,1,6,11,10;5,1,7,13,12,11;6,1,2,8,14,13;7,2,3,9,15,14;8,3,4,10,16,15;9,4,5,11,17,16;10,5,6,12,17;11,6,13,18,17;12,6,7,14,18;13,7,8,15,18;14,8,9,16,18;15,9,10,17,18;16,10,11,12,18;17,12,13,14,15,16
C34#2 19 1,5,4,3,2;0,2,7,6,5;1,0,3,8,7;2,0,4,9,8;3,0,5,11,10,9;4,0,1,6,12,11;5,1,7,13,12;6,1,2,8,14,13;7,2,3,9,15,14;8,3,4,10,15;9,4,11,16,15;10,4,5,12,17,16;11,5,6,13,17;12,6,7,14,18,17;13,7,8,15,18;14,8,9,10,16,18;15,10,11,17,18;16,11,12,13,18;17,13,14,15,16
C34#3 19 1,5,4,3,2;0,2,7,6,5;1,0,3,8,7;2,0,4,9,8;3,0,5,11,10,9;4,0,1,6,12,11;5,1,7,13,12;6,1,2,8,14,13;7,2,3,9,15,14;8,3,4,10,16,15;9,4,11,17,16;10,4,5,12,17;11,5,6,13,17;12,6,7,14,18,17;13,7,8,15,18;14,8,9,16,18;15,9,10,17,18;16,10,11,12,13,18;17,13,14,15,16
C34#4 19 1,5,4,3,2;0,2,7,6,5;1,0,3,8,7;2,0,4,10,9,8;3,0,5,11,10;4,0,1,6,12,11;5,1,7,13,12;6,1,2,8,14,13;7,2,3,9,15,14;8,3,10,16,15;9,3,4,11,16;10,4,5,12,17,16;11,5,6,13,17;12,6,7,14,18,17;13,7,8,15,18;14,8,9,16,18;15,9,10,11,17,18;16,11,12,13,18;17,13,14,15,16
C34#5 19 1,5,4,3,2;0,2,7,6,5;1,0,3,8,7;2,0,4,10,9,8;3,0,5,11,10;4,0,1,6,12,11;5,1,7,13,12;6,1,2,8,14,13;7,2,3,9,15,14;8,3,10,16,15;9,3,4,11,16;10,4,5,12,17,16;11,5,6,13,18,17;12,6,7,14,18;13,7,8,15,18;14,8,9,16,17,18;15,9,10,11,17;16,11,12,18,15;17,12,13,14,15
C36#0 20 1,5,4,3,2;0,2,7,6,5;1,0,3,8,7;2,0,4,9,8;3,0,5,10,9;4,0,1,6,11,10;5,1,7,12,11;6,1,2,8,13,12;7,2,3,9,14,13;8,3,4,10,15,14;9,4,5,11,16,15;10,5,6,12,17,16;11,6,7,13,18,17;12,7,8,14,18;13,8,9,15,19,18;14,9,10,16,19;15,10,11,17,19;16,11,12,18,19;17,12,13,14,19;18,14,15,16,17
C36#1 20 1,5,4,3,2;0,2,7,6,5;1,0,3,8,7;2,0,4,9,8;3,0,5,10,9;4,0,1,6,11,10;5,1,7,13,12,11;6,1,2,8,13;7,2,3,9,14,13;8,3,4,10,15,14;9,4,5,11,16,15;10,5,6,12,17,16;11,6,13,18,17;12,6,7,8,14,18;13,8,9,15,19,18;14,9,10,16,19;15,10,11,17,19;16,11,12,18,19;17,12,13,14,19;18,14,15,16,17
C36#2 20 1,5,4,3,2;0,2,7,6,5;1,0,3,8,7;2,0,4,9,8;3,0,5,10,9;4,0,1,6,11,10;5,1,7,13,12,11;6,1,2,8,14,13;7,2,3,9,15,14;8,3,4,10,16,15;9,4,5,11,17,16;10,5,6,12,17;11,6,13,18,17;12,6,7,14,18;13,7,8,15,19,18;14,8,9,16,19;15,9,10,17,19;16,10,11,12,18,19;17,12,13,14,19;18,14,15,16,17
C36#3 20 1,5,4,3,2;0,2,7,6,5;1,0,3,8,7;2,0,4,9,8;3,0,5,10,9;4,0,1,6,11,10;5,1,7,13,12,11;6,1,2,8,14,13;7,2,3,9,15,14;8,3,4,10,16,15;9,4,5,11,17,16;10,5,6,12,17;11,6,13,18,17;12,6,7,14,19,18;13,7,8,15,19;14,8,9,16,19;15,9,10,17,18,19;16,10,11,12,18;17,12,13,19,16;18,13,14,15,16
C36#4 20 1,5,4,3,2;0,2,7,6,5;1,0,3,8,7;2,0,4,9,8;3,0,5,11,10,9;4,0,1,6,12,11;5,1,7,13,12;6,1,2,8,14,13;7,2,3,9,15,14;8,3,4,10,15;9,4,11,16,15;10,4,5,12,17,16;11,5,6,13,18,17;12,6,7,14,18;13,7,8,15,19,18;14,8,9,10,16,19;15,10,11,17,19;16,11,12,18,19;17,12,13,14,19;18,14,15,16,17
C36#5 20 1,5,4,3,2;0,2,7,6,5;1,0,3,8,7;2,0,4,9,8;3,0,5,11,10,9;4,0,1,6,12,11;5,1,7,13,12;6,1,2,8,14,13;7,2,3,9,15,14;8,3,4,10,15;9,4,11,17,16,15;10,4,5,12,17;11,5,6,13,18,17;12,6,7,14,19,18;13,7,8,15,19;14,8,9,10,16,19;15,10,17,18,19;16,10,11,12,18;17,12,13,19,16;18,13,14,15,16
C36#6 20 1,5,4,3,2;0,2,7,6,5;1,0,3,8,7;2,0,4,9,8;3,0,5,11,10,9;4,0,1,6,12,11;5,1,7,13,12;6,1,2,8,14,13;7,2,3,9,15,14;8,3,4,10,16,15;9,4,11,17,16;10,4,5,12,17;11,5,6,13,18,17;12,6,7,14,18;13,7,8,15,19,18;14,8,9,16,19;15,9,10,17,19;16,10,11,12,18,19;17,12,13,14,19;18,14,15,16,17
C36#7 20 1,5,4,3,2;0,2,7,6,5;1,0,3,8,7;2,0,4,9,8;3,0,5,11,10,9;4,0,1,6,12,11;5,1,7,13,12;6,1,2,8,14,13;7,2,3,9,15,14;8,3,4,10,16,15;9,4,11,17,16;10,4,5,12,17;11,5,6,13,18,17;12,6,7,14,19,18;13,7,8,15,19;14,8,9,16,19;15,9,10,17,18,19;16,10,11,12,18;17,12,13,19,16;18,13,14,15,16
C36#8 20 1,5,4,3,2;0,2,7,6,5;1,0,3,8,7;2,0,4,9,8;3,0,5,11,10,9;4,0,1,6,12,11;5,1,7,14,13,12;6,1,2,8,15,14;7,2,3,9,16,15;8,3,4,10,17,16;9,4,11,18,17;10,4,5,12,18;11,5,6,13,18;12,6,14,19,18;13,6,7,15,19;14,7,8,16,19;15,8,9,17,19;16,9,10,18,19;17,10,11,12,13,19;18,13,14,15,16,17
C36#9 20 1,5,4,3,2;0,2,7,6,5;1,0,3,8,7;2,0,4,10,9,8;3,0,5,11,10;4,0,1,6,12,11;5,1,7,13,12;6,1,2,8,14,13;7,2,3,9,15,14;8,3,10,16,15;9,3,4,11,16;10,4,5,12,17,16;11,5,6,13,18,17;12,6,7,14,18;13,7,8,15,19,18;14,8,9,16,19;15,9,10,11,17,19;16,11,12,18,19;17,12,13,14,19;18,14,15,16,17
C36#10 20 1,5,4,3,2;0,2,7,6,5;1,0,3,8,7;2,0,4,10,9,8;3,0,5,11,10;4,0,1,6,12,11;5,1,7,13,12;6,1,2,8,14,13;7,2,3,9,15,14;8,3,10,16,15;9,3,4,11,17,16;10,4,5,12,17;11,5,6,13,18,17;12,6,7,14,19,18;13,7,8,15,19;14,8,9,16,19;15,9,10,17,18,19;16,10,11,12,18;17,12,13,19,16;18,13,14,15,16
C36#11 20 1,5,4,3,2;0,2,7,6,5;1,0,3,8,7;2,0,4,10,9,8;3,0,5,11,10;4,0,1,6,12,11;5,1,7,14,13,12;6,1,2,8,15,14;7,2,3,9,16,15;8,3,10,17,16;9,3,4,11,17;10,4,5,12,18,17;11,5,6,13,18;12,6,14,19,18;13,6,7,15,19;14,7,8,16,19;15,8,9,17,19;16,9,10,11,18,19;17,11,12,13,19;18,13,14,15,16,17
C36#12 20 1,5,4,3,2;0,2,7,6,5;1,0,3,8,7;2,0,4,10,9,8;3,0,5,12,11,10;4,0,1,6,12;5,1,7,14,13,12;6,1,2,8,15,14;7,2,3,9,16,15;8,3,10,17,16;9,3,4,11,17;10,4,12,18,17;11,4,5,6,13,18;12,6,14,19,18;13,6,7,15,19;14,7,8,16,19;15,8,9,17,18,19;16,9,10,11,18;17,11,12,13,19,16;18,13,14,15,16
C36#13 20 1,5,4,3,2;0,2,7,6,5;1,0,3,9,8,7;2,0,4,10,9;3,0,5,12,11,10;4,0,1,6,13,12;5,1,7,14,13;6,1,2,8,15,14;7,2,9,16,15;8,2,3,10,16;9,3,4,11,17,16;10,4,12,18,17;11,4,5,13,18;12,5,6,14,18;13,6,7,15,19,18;14,7,8,16,19;15,8,9,10,17,19;16,10,11,18,19;17,11,12,13,14,19;18,14,15,16,17
C36#14 20 1,5,4,3,2;0,2,7,6,5;1,0,3,9,8,7;2,0,4,10,9;3,0,5,12,11,10;4,0,1,6,13,12;5,1,7,15,14,13;6,1,2,8,15;7,2,9,16,15;8,2,3,10,16;9,3,4,11,17,16;10,4,12,18,17;11,4,5,13,18;12,5,6,14,18;13,6,15,19,18;14,6,7,8,16,19;15,8,9,10,17,19;16,10,11,18,19;17,11,12,13,14,19;18,14,15,16,17
C38#0 21 1,5,4,3,2;0,2,7,6,5;1,0,3,8,7;2,0,4,9,8;3,0,5,10,9;4,0,1,6,11,10;5,1,7,12,11;6,1,2,8,13,12;7,2,3,9,14,13;8,3,4,10,15,14;9,4,5,11,16,15;10,5,6,12,17,16;11,6,7,13,18,17;12,7,8,14,19,18;13,8,9,15,19;14,9,10,16,20,19;15,10,11,17,20;16,11,12,18,20;17,12,13,19,20;18,13,14,15,20;19,15,16,17,18
C38#1 21 1,5,4,3,2;0,2,7,6,5;1,0,3,8,7;2,0,4,9,8;3,0,5,10,9;4,0,1,6,11,10;5,1,7,13,12,11;6,1,2,8,14,13;7,2,3,9,14;8,3,4,10,15,14;9,4,5,11,16,15;10,5,6,12,17,16;11,6,13,18,17;12,6,7,14,19,18;13,7,8,9,15,19;14,9,10,16,20,19;15,10,11,17,20;16,11,12,18,20;17,12,13,19,20;18,13,14,15,20;19,15,16,17,18
C38#2 21 1,5,4,3,2;0,2,7,6,5;1,0,3,8,7;2,0,4,9,8;3,0,5,10,9;4,0,1,6,11,10;5,1,7,13,12,11;6,1,2,8,14,13;7,2,3,9,15,14;8,3,4,10,16,15;9,4,5,11,17,16;10,5,6,12,17;11,6,13,18,17;12,6,7,14,19,18;13,7,8,15,19;14,8,9,16,20,19;15,9,10,17,20;16,10,11,12,18,20;17,12,13,19,20;18,13,14,15,20;19,15,16,17,18
C38#3 21 1,5,4,3,2;0,2,7,6,5;1,0,3,8,7;2,0,4,9,8;3,0,5,10,9;4,0,1,6,11,10;5,1,7,13,12,11;6,1,2,8,14,13;7,2,3,9,15,14;8,3,4,10,16,15;9,4,5,11,17,16;10,5,6,12,18,17;11,6,13,19,18;12,6,7,14,19;13,7,8,15,19;14,8,9,16,20,19;15,9,10,17,20;16,10,11,18,20;17,11,12,19,20;18,12,13,14,15,20;19,15,16,17,18
C38#4 21 1,5,4,3,2;0,2,7,6,5;1,0,3,8,7;2,0,4,9,8;3,0,5,11,10,9;4,0,1,6,12,11;5,1,7,13,12;6,1,2,8,14,13;7,2,3,9,15,14;8,3,4,10,16,15;9,4,11,17,16;10,4,5,12,17;11,5,6,13,18,17;12,6,7,14,19,18;13,7,8,15,19;14,8,9,16,20,19;15,9,10,17,20;16,10,11,12,18,20;17,12,13,19,20;18,13,14,15,20;19,15,16,17,18
C38#5 21 1,5,4,3,2;0,2,7,6,5;1,0,3,8,7;2,0,4,9,8;3,0,5,11,10,9;4,0,1,6,12,11;5,1,7,13,12;6,1,2,8,14,13;7,2,3,9,15,14;8,3,4,10,16,15;9,4,11,17,16;10,4,5,12,18,17;11,5,6,13,18;12,6,7,14,19,18;13,7,8,15,19;14,8,9,16,20,19;15,9,10,17,20;16,10,11,18,20;17,11,12,13,19,20;18,13,14,15,20;19,15,16,17,18
C38#6 21 1,5,4,3,2;0,2,7,6,5;1,0,3,8,7;2,0,4,9,8;3,0,5,11,10,9;4,0,1,6,12,11;5,1,7,13,12;6,1,2,8,14,13;7,2,3,9,15,14;8,3,4,10,16,15;9,4,11,17,16;10,4,5,12,18,17;11,5,6,13,18;12,6,7,14,19,18;13,7,8,15,20,19;14,8,9,16,20;15,9,10,17,20;16,10,11,18,19,20;17,11,12,13,19;18,13,14,20,17;19,14,15,16,17
C38#7 21 1,5,4,3,2;0,2,7,6,5;1,0,3,8,7;2,0,4,9,8;3,0,5,11,10,9;4,0,1,6,12,11;5,1,7,14,13,12;6,1,2,8,15,14;7,2,3,9,16,15;8,3,4,10,17,16;9,4,11,18,17;10,4,5,12,18;11,5,6,13,18;12,6,14,19,18;13,6,7,15,20,19;14,7,8,16,20;15,8,9,17,20;16,9,10,18,19,20;17,10,11,12,13,19;18,13,14,20,17;19,14,15,16,17
C38#8 21 1,5,4,3,2;0,2,7,6,5;1,0,3,8,7;2,0,4,9,8;3,0,5,11,10,9;4,0,1,6,12,11;5,1,7,14,13,12;6,1,2,8,15,14;7,2,3,9,16,15;8,3,4,10,17,16;9,4,11,18,17;10,4,5,12,18;11,5,6,13,19,18;12,6,14,20,19;13,6,7,15,20;14,7,8,16,20;15,8,9,17,19,20;16,9,10,18,19;17,10,11,12,19;18,12,13,20,16,17;19,13,14,15,16
C38#9 21 1,5,4,3,2;0,2,7,6,5;1,0,3,8,7;2,0,4,10,9,8;3,0,5,11,10;4,0,1,6,12,11;5,1,7,13,12;6,1,2,8,14,13;7,2,3,9,15,14;8,3,10,16,15;9,3,4,11,17,16;10,4,5,12,17;11,5,6,13,18,17;12,6,7,14,19,18;13,7,8,15,19;14,8,9,16,20,19;15,9,10,17,20;16,10,11,12,18,20;17,12,13,19,20;18,13,14,15,20;19,15,16,17,18
C38#10 21 1,5,4,3,2;0,2,7,6,5;1,0,3,8,7;2,0,4,10,9,8;3,0,5,11,10;4,0,1,6,12,11;5,1,7,13,12;6,1,2,8,14,13;7,2,3,9,15,14;8,3,10,16,15;9,3,4,11,17,16;10,4,5,12,18,17;11,5,6,13,19,18;12,6,7,14,19;13,7,8,15,20,19;14,8,9,16,20;15,9,10,17,20;16,10,11,18,20;17,11,12,19,20;18,12,13,14,20;19,14,15,16,17,18
C38#11 21 1,5,4,3,2;0,2,7,6,5;1,0,3,8,7;2,0,4,10,9,8;3,0,5,11,10;4,0,1,6,12,11;5,1,7,13,12;6,1,2,8,14,13;7,2,3,9,15,14;8,3,10,17,16,15;9,3,4,11,17;10,4,5,12,18,17;11,5,6,13,19,18;12,6,7,14,19;13,7,8,15,20,19;14,8,9,16,20;15,9,17,18,20;16,9,10,11,18;17,11,12,19,20,16;18,12,13,14,20;19,14,15,16,18
C38#12 21 1,5,4,3,2;0,2,7,6,5;1,0,3,8,7;2,0,4,10,9,8;3,0,5,11,10;4,0,1,6,12,11;5,1,7,14,13,12;6,1,2,8,15,14;7,2,3,9,16,15;8,3,10,17,16;9,3,4,11,17;10,4,5,12,18,17;11,5,6,13,18;12,6,14,20,19,18;13,6,7,15,20;14,7,8,16,20;15,8,9,17,19,20;16,9,10,11,18,19;17,11,12,13,19;18,13,20,16,17;19,13,14,15,16
C38#13 21 1,5,4,3,2;0,2,7,6,5;1,0,3,8,7;2,0,4,10,9,8;3,0,5,11,10;4,0,1,6,12,11;5,1,7,14,13,12;6,1,2,8,15,14;7,2,3,9,16,15;8,3,10,17,16;9,3,4,11,18,17;10,4,5,12,18;11,5,6,13,19,18;12,6,14,20,19;13,6,7,15,20;14,7,8,16,20;15,8,9,17,20;16,9,10,18,19,20;17,10,11,12,19;18,12,13,20,17;19,13,14,15,16,17
C38#14 21 1,5,4,3,2;0,2,7,6,5;1,0,3,8,7;2,0,4,10,9,8;3,0,5,11,10;4,0,1,6,12,11;5,1,7,14,13,12;6,1,2,8,15,14;7,2,3,9,16,15;8,3,10,18,17,16;9,3,4,11,18;10,4,5,12,18;11,5,6,13,19,18;12,6,14,20,19;13,6,7,15,20;14,7,8,16,20;15,8,9,17,20;16,9,18,19,20;17,9,10,11,12,19;18,12,13,20,17;19,13,14,15,16,17
C38#15 21 1,5,4,3,2;0,2,7,6,5;1,0,3,8,7;2,0,4,10,9,8;3,0,5,12,11,10;4,0,1,6,13,12;5,1,7,15,14,13;6,1,2,8,16,15;7,2,3,9,17,16;8,3,10,18,17;9,3,4,11,18;10,4,12,19,18;11,4,5,13,19;12,5,6,14,19;13,6,15,20,19;14,6,7,16,20;15,7,8,17,20;16,8,9,18,20;17,9,10,11,19,20;18,11,12,13,14,20;19,14,15,16,17,18
C38#16 21 1,5,4,3,2;0,2,7,6,5;1,0,3,9,8,7;2,0,4,10,9;3,0,5,12,11,10;4,0,1,6,13,12;5,1,7,14,13;6,1,2,8,15,14;7,2,9,16,15;8,2,3,10,16;9,3,4,11,17,16;10,4,12,18,17;11,4,5,13,18;12,5,6,14,19,18;13,6,7,15,19;14,7,8,16,20,19;15,8,9,10,17,20;16,10,11,18,20;17,11,12,13,19,20;18,13,14,15,20;19,15,16,17,18
C40#0 22 1,5,4,3,2;0,2,7,6,5;1,0,3,8,7;2,0,4,9,8;3,0,5,10,9;4,0,1,6,10;5,1,7,12,11,10;6,1,2,8,13,12;7,2,3,9,14,13;8,3,4,10,15,14;9,4,5,6,11,15;10,6,12,17,16,15;11,6,7,13,18,17;12,7,8,14,19,18;13,8,9,15,20,19;14,9,10,11,16,20;15,11,17,21,20;16,11,12,18,21;17,12,13,19,21;18,13,14,20,21;19,14,15,16,21;20,16,17,18,19
C40#1 22 1,5,4,3,2;0,2,7,6,5;1,0,3,8,7;2,0,4,9,8;3,0,5,10,9;4,0,1,6,11,10;5,1,7,12,11;6,1,2,8,13,12;7,2,3,9,14,13;8,3,4,10,15,14;9,4,5,11,16,15;10,5,6,12,17,16;11,6,7,13,18,17;12,7,8,14,19,18;13,8,9,15,20,19;14,9,10,16,20;15,10,11,17,21,20;16,11,12,18,21;17,12,13,19,21;18,13,14,20,21;19,14,15,16,21;20,16,17,18,19
C40#2 22 1,5,4,3,2;0,2,7,6,5;1,0,3,8,7;2,0,4,9,8;3,0,5,10,9;4,0,1,6,11,10;5,1,7,13,12,11;6,1,2,8,13;7,2,3,9,14,13;8,3,4,10,15,14;9,4,5,11,16,15;10,5,6,12,17,16;11,6,13,19,18,17;12,6,7,8,14,19;13,8,9,15,20,19;14,9,10,16,21,20;15,10,11,17,21;16,11,12,18,21;17,12,19,20,21;18,12,13,14,20;19,14,15,21,18;20,15,16,17,18
C40#3 22 1,5,4,3,2;0,2,7,6,5;1,0,3,8,7;2,0,4,9,8;3,0,5,10,9;4,0,1,6,11,10;5,1,7,13,12,11;6,1,2,8,14,13;7,2,3,9,15,14;8,3,4,10,16,15;9,4,5,11,17,16;10,5,6,12,17;11,6,13,18,17;12,6,7,14,19,18;13,7,8,15,20,19;14,8,9,16,20;15,9,10,17,21,20;16,10,11,12,18,21;17,12,13,19,21;18,13,14,20,21;19,14,15,16,21;20,16,17,18,19
C40#4 22 1,5,4,3,2;0,2,7,6,5;1,0,3,8,7;2,0,4,9,8;3,0,5,10,9;4,0,1,6,11,10;5,1,7,13,12,11;6,1,2,8,14,13;7,2,3,9,15,14;8,3,4,10,16,15;9,4,5,11,17,16;10,5,6,12,17;11,6,13,19,18,17;12,6,7,14,19;13,7,8,15,20,19;14,8,9,16,21,20;15,9,10,17,21;16,10,11,12,18,21;17,12,19,20,21;18,12,13,14,20;19,14,15,21,18;20,15,16,17,18
C40#5 22 1,5,4,3,2;0,2,7,6,5;1,0,3,8,7;2,0,4,9,8;3,0,5,10,9;4,0,1,6,11,10;5,1,7,13,12,11;6,1,2,8,14,13;7,2,3,9,15,14;8,3,4,10,16,15;9,4,5,11,17,16;10,5,6,12,18,17;11,6,13,19,18;12,6,7,14,19;13,7,8,15,20,19;14,8,9,16,20;15,9,10,17,21,20;16,10,11,18,21;17,11,12,19,21;18,12,13,14,20,21;19,14,15,16,21;20,16,17,18,19
C40#6 22 1,5,4,3,2;0,2,7,6,5;1,0,3,8,7;2,0,4,9,8;3,0,5,10,9;4,0,1,6,11,10;5,1,7,13,12,11;6,1,2,8,14,13;7,2,3,9,15,14;8,3,4,10,16,15;9,4,5,11,17,16;10,5,6,12,18,17;11,6,13,19,18;12,6,7,14,19;13,7,8,15,20,19;14,8,9,16,21,20;15,9,10,17,21;16,10,11,18,21;17,11,12,19,20,21;18,12,13,14,20;19,14,15,21,18;20,15,16,17,18
C40#7 22 1,5,4,3,2;0,2,7,6,5;1,0,3,8,7;2,0,4,9,8;3,0,5,10,9;4,0,1,6,11,10;5,1,7,13,12,11;6,1,2,8,14,13;7,2,3,9,15,14;8,3,4,10,16,15;9,4,5,11,17,16;10,5,6,12,18,17;11,6,13,19,18;12,6,7,14,20,19;13,7,8,15,20;14,8,9,16,20;15,9,10,17,21,20;16,10,11,18,21;17,11,12,19,21;18,12,13,20,21;19,13,14,15,16,21;20,16,17,18,19
C40#8 22 1,5,4,3,2;0,2,7,6,5;1,0,3,8,7;2,0,4,9,8;3,0,5,11,10,9;4,0,1,6,12,11;5,1,7,13,12;6,1,2,8,14,13;7,2,3,9,15,14;8,3,4,10,16,15;9,4,11,17,16;10,4,5,12,17;11,5,6,13,18,17;12,6,7,14,19,18;13,7,8,15,20,19;14,8,9,16,20;15,9,10,17,21,20;16,10,11,12,18,21;17,12,13,19,21;18,13,14,20,21;19,14,15,16,21;20,16,17,18,19
C40#9 22 1,5,4,3,2;0,2,7,6,5;1,0,3,8,7;2,0,4,9,8;3,0,5,11,10,9;4,0,1,6,12,11;5,1,7,13,12;6,1,2,8,14,13;7,2,3,9,15,14;8,3,4,10,16,15;9,4,11,17,16;10,4,5,12,18,17;11,5,6,13,18;12,6,7,14,19,18;13,7,8,15,20,19;14,8,9,16,20;15,9,10,17,21,20;16,10,11,18,21;17,11,12,13,19,21;18,13,14,20,21;19,14,15,16,21;20,16,17,18,19
C40#10 22 1,5,4,3,2;0,2,7,6,5;1,0,3,8,7;2,0,4,9,8;3,0,5,11,10,9;4,0,1,6,12,11;5,1,7,13,12;6,1,2,8,14,13;7,2,3,9,15,14;8,3,4,10,16,15;9,4,11,17,16;10,4,5,12,18,17;11,5,6,13,19,18;12,6,7,14,19;13,7,8,15,20,19;14,8,9,16,21,20;15,9,10,17,21;16,10,11,18,21;17,11,12,19,20,21;18,12,13,14,20;19,14,15,21,18;20,15,16,17,18
C40#11 22 1,5,4,3,2;0,2,7,6,5;1,0,3,8,7;2,0,4,9,8;3,0,5,11,10,9;4,0,1,6,12,11;5,1,7,13,12;6,1,2,8,14,13;7,2,3,9,15,14;8,3,4,10,16,15;9,4,11,17,16;10,4,5,12,18,17;11,5,6,13,19,18;12,6,7,14,20,19;13,7,8,15,20;14,8,9,16,21,20;15,9,10,17,21;16,10,11,18,21;17,11,12,19,21;18,12,13,20,21;19,13,14,15,21;20,15,16,17,18,19
C40#12 22 1,5,4,3,2;0,2,7,6,5;1,0,3,8,7;2,0,4,9,8;3,0,5,11,10,9;4,0,1,6,12,11;5,1,7,13,12;6,1,2,8,14,13;7,2,3,9,15,14;8,3,4,10,16,15;9,4,11,18,17,16;10,4,5,12,18;11,5,6,13,19,18;12,6,7,14,20,19;13,7,8,15,20;14,8,9,16,21,20;15,9,10,17,21;16,10,18,19,21;17,10,11,12,19;18,12,13,20,21,17;19,13,14,15,21;20,15,16,17,19
C40#13 22 1,5,4,3,2;0,2,7,6,5;1,0,3,8,7;2,0,4,9,8;3,0,5,11,10,9;4,0,1,6,12,11;5,1,7,14,13,12;6,1,2,8,15,14;7,2,3,9,16,15;8,3,4,10,17,16;9,4,11,18,17;10,4,5,12,18;11,5,6,13,18;12,6,14,20,19,18;13,6,7,15,20;14,7,8,16,21,20;15,8,9,17,21;16,9,10,18,19,21;17,10,11,12,13,19;18,13,20,21,17;19,13,14,15,21;20,15,16,17,19
C40#14 22 1,5,4,3,2;0,2,7,6,5;1,0,3,8,7;2,0,4,9,8;3,0,5,11,10,9;4,0,1,6,12,11;5,1,7,14,13,12;6,1,2,8,15,14;7,2,3,9,16,15;8,3,4,10,17,16;9,4,11,18,17;10,4,5,12,18;11,5,6,13,19,18;12,6,14,20,19;13,6,7,15,20;14,7,8,16,20;15,8,9,17,21,20;16,9,10,18,21;17,10,11,12,19,21;18,12,13,20,21;19,13,14,15,16,21;20,16,17,18,19
C40#15 22 1,5,4,3,2;0,2,7,6,5;1,0,3,8,7;2,0,4,9,8;3,0,5,11,10,9;4,0,1,6,12,11;5,1,7,14,13,12;6,1,2,8,15,14;7,2,3,9,16,15;8,3,4,10,17,16;9,4,11,18,17;10,4,5,12,18;11,5,6,13,19,18;12,6,14,20,19;13,6,7,15,20;14,7,8,16,21,20;15,8,9,17,21;16,9,10,18,21;17,10,11,12,19,21;18,12,13,20,21;19,13,14,15,21;20,15,16,17,18,19
C40#16 22 1,5,4,3,2;0,2,7,6,5;1,0,3,8,7;2,0,4,9,8;3,0,5,11,10,9;4,0,1,6,12,11;5,1,7,14,13,12;6,1,2,8,15,14;7,2,3,9,16,15;8,3,4,10,17,16;9,4,11,18,17;10,4,5,12,18;11,5,6,13,19,18;12,6,14,20,19;13,6,7,15,20;14,7,8,16,21,20;15,8,9,17,21;16,9,10,18,19,21;17,10,11,12,19;18,12,13,20,21,17;19,13,14,15,21;20,15,16,17,19
C40#17 22 1,5,4,3,2;0,2,7,6,5;1,0,3,8,7;2,0,4,9,8;3,0,5,11,10,9;4,0,1,6,12,11;5,1,7,14,13,12;6,1,2,8,15,14;7,2,3,9,16,15;8,3,4,10,17,16;9,4,11,18,17;10,4,5,12,18;11,5,6,13,19,18;12,6,14,21,20,19;13,6,7,15,21;14,7,8,16,21;15,8,9,17,20,21;16,9,10,18,19,20;17,10,11,12,19;18,12,13,20,17;19,13,21,16,17;20,13,14,15,16
C40#18 22 1,5,4,3,2;0,2,7,6,5;1,0,3,8,7;2,0,4,9,8;3,0,5,11,10,9;4,0,1,6,12,11;5,1,7,14,13,12;6,1,2,8,15,14;7,2,3,9,16,15;8,3,4,10,17,16;9,4,11,18,17;10,4,5,12,19,18;11,5,6,13,19;12,6,14,20,19;13,6,7,15,20;14,7,8,16,21,20;15,8,9,17,21;16,9,10,18,21;17,10,11,19,21;18,11,12,13,20,21;19,13,14,15,21;20,15,16,17,18,19
C40#19 22 1,5,4,3,2;0,2,7,6,5;1,0,3,8,7;2,0,4,10,9,8;3,0,5,11,10;4,0,1,6,12,11;5,1,7,13,12;6,1,2,8,14,13;7,2,3,9,14;8,3,10,16,15,14;9,3,4,11,17,16;10,4,5,12,18,17;11,5,6,13,19,18;12,6,7,14,20,19;13,7,8,9,15,20;14,9,16,21,20;15,9,10,17,21;16,10,11,18,21;17,11,12,19,21;18,12,13,20,21;19,13,14,15,21;20,15,16,17,18,19
C40#20 22 1,5,4,3,2;0,2,7,6,5;1,0,3,8,7;2,0,4,10,9,8;3,0,5,11,10;4,0,1,6,12,11;5,1,7,13,12;6,1,2,8,14,13;7,2,3,9,15,14;8,3,10,16,15;9,3,4,11,17,16;10,4,5,12,18,17;11,5,6,13,18;12,6,7,14,19,18;13,7,8,15,20,19;14,8,9,16,20;15,9,10,17,21,20;16,10,11,18,21;17,11,12,13,19,21;18,13,14,20,21;19,14,15,16,21;20,16,17,18,19
C40#21 22 1,5,4,3,2;0,2,7,6,5;1,0,3,8,7;2,0,4,10,9,8;3,0,5,11,10;4,0,1,6,12,11;5,1,7,13,12;6,1,2,8,14,13;7,2,3,9,15,14;8,3,10,16,15;9,3,4,11,17,16;10,4,5,12,18,17;11,5,6,13,19,18;12,6,7,14,19;13,7,8,15,20,19;14,8,9,16,20;15,9,10,17,21,20;16,10,11,18,21;17,11,12,19,21;18,12,13,14,20,21;19,14,15,16,21;20,16,17,18,19
C40#22 22 1,5,4,3,2;0,2,7,6,5;1,0,3,8,7;2,0,4,10,9,8;3,0,5,11,10;4,0,1,6,12,11;5,1,7,13,12;6,1,2,8,14,13;7,2,3,9,15,14;8,3,10,16,15;9,3,4,11,17,16;10,4,5,12,18,17;11,5,6,13,19,18;12,6,7,14,19;13,7,8,15,20,19;14,8,9,16,21,20;15,9,10,17,21;16,10,11,18,21;17,11,12,19,20,21;18,12,13,14,20;19,14,15,21,18;20,15,16,17,18
C40#23 22 1,5,4,3,2;0,2,7,6,5;1,0,3,8,7;2,0,4,10,9,8;3,0,5,11,10;4,0,1,6,12,11;5,1,7,13,12;6,1,2,8,14,13;7,2,3,9,15,14;8,3,10,16,15;9,3,4,11,17,16;10,4,5,12,18,17;11,5,6,13,19,18;12,6,7,14,20,19;13,7,8,15,20;14,8,9,16,21,20;15,9,10,17,21;16,10,11,18,21;17,11,12,19,21;18,12,13,20,21;19,13,14,15,21;20,15,16,17,18,19
C40#24 22 1,5,4,3,2;0,2,7,6,5;1,0,3,8,7;2,0,4,10,9,8;3,0,5,11,10;4,0,1,6,12,11;5,1,7,14,13,12;6,1,2,8,15,14;7,2,3,9,16,15;8,3,10,17,16;9,3,4,11,17;10,4,5,12,18,17;11,5,6,13,19,18;12,6,14,20,19;13,6,7,15,20;14,7,8,16,20;15,8,9,17,21,20;16,9,10,11,18,21;17,11,12,19,21;18,12,13,20,21;19,13,14,15,16,21;20,16,17,18,19
C40#25 22 1,5,4,3,2;0,2,7,6,5;1,0,3,8,7;2,0,4,10,9,8;3,0,5,11,10;4,0,1,6,12,11;5,1,7,14,13,12;6,1,2,8,15,14;7,2,3,9,16,15;8,3,10,17,16;9,3,4,11,18,17;10,4,5,12,18;11,5,6,13,19,18;12,6,14,20,19;13,6,7,15,20;14,7,8,16,20;15,8,9,17,21,20;16,9,10,18,21;17,10,11,12,19,21;18,12,13,20,21;19,13,14,15,16,21;20,16,17,18,19
C40#26 22 1,5,4,3,2;0,2,7,6,5;1,0,3,8,7;2,0,4,10,9,8;3,0,5,11,10;4,0,1,6,12,11;5,1,7,14,13,12;6,1,2,8,15,14;7,2,3,9,16,15;8,3,10,17,16;9,3,4,11,18,17;10,4,5,12,18;11,5,6,13,19,18;12,6,14,20,19;13,6,7,15,20;14,7,8,16,21,20;15,8,9,17,21;16,9,10,18,19,21;17,10,11,12,19;18,12,13,20,21,17;19,13,14,15,21;20,15,16,17,19
C40#27 22 1,5,4,3,2;0,2,7,6,5;1,0,3,8,7;2,0,4,10,9,8;3,0,5,11,10;4,0,1,6,12,11;5,1,7,14,13,12;6,1,2,8,15,14;7,2,3,9,16,15;8,3,10,17,16;9,3,4,11,18,17;10,4,5,12,18;11,5,6,13,19,18;12,6,14,21,20,19;13,6,7,15,21;14,7,8,16,21;15,8,9,17,20,21;16,9,10,18,19,20;17,10,11,12,19;18,12,13,20,17;19,13,21,16,17;20,13,14,15,16
C40#28 22 1,5,4,3,2;0,2,7,6,5;1,0,3,8,7;2,0,4,10,9,8;3,0,5,11,10;4,0,1,6,12,11;5,1,7,14,13,12;6,1,2,8,15,14;7,2,3,9,16,15;8,3,10,17,16;9,3,4,11,18,17;10,4,5,12,19,18;11,5,6,13,19;12,6,14,20,19;13,6,7,15,20;14,7,8,16,20;15,8,9,17,21,20;16,9,10,18,21;17,10,11,19,21;18,11,12,13,20,21;19,13,14,15,16,21;20,16,17,18,19
C40#29 22 1,5,4,3,2;0,2,7,6,5;1,0,3,8,7;2,0,4,10,9,8;3,0,5,11,10;4,0,1,6,12,11;5,1,7,14,13,12;6,1,2,8,15,14;7,2,3,9,16,15;8,3,10,17,16;9,3,4,11,18,17;10,4,5,12,19,18;11,5,6,13,19;12,6,14,20,19;13,6,7,15,20;14,7,8,16,21,20;15,8,9,17,21;16,9,10,18,21;17,10,11,19,21;18,11,12,13,20,21;19,13,14,15,21;20,15,16,17,18,19
C40#30 22 1,5,4,3,2;0,2,7,6,5;1,0,3,8,7;2,0,4,10,9,8;3,0,5,11,10;4,0,1,6,12,11;5,1,7,14,13,12;6,1,2,8,15,14;7,2,3,9,16,15;8,3,10,17,16;9,3,4,11,18,17;10,4,5,12,19,18;11,5,6,13,19;12,6,14,21,20,19;13,6,7,15,21;14,7,8,16,21;15,8,9,17,20,21;16,9,10,18,20;17,10,11,19,20;18,11,12,13,20;19,13,21,16,17,18;20,13,14,15,16
C40#31 22 1,5,4,3,2;0,2,7,6,5;1,0,3,8,7;2,0,4,10,9,8;3,0,5,11,10;4,0,1,6,12,11;5,1,7,14,13,12;6,1,2,8,15,14;7,2,3,9,16,15;8,3,10,18,17,16;9,3,4,11,18;10,4,5,12,18;11,5,6,13,19,18;12,6,14,20,19;13,6,7,15,20;14,7,8,16,21,20;15,8,9,17,21;16,9,18,19,21;17,9,10,11,12,19;18,12,13,20,21,17;19,13,14,15,21;20,15,16,17,19
C40#32 22 1,5,4,3,2;0,2,7,6,5;1,0,3,8,7;2,0,4,10,9,8;3,0,5,11,10;4,0,1,6,12,11;5,1,7,14,13,12;6,1,2,8,15,14;7,2,3,9,16,15;8,3,10,18,17,16;9,3,4,11,18;10,4,5,12,18;11,5,6,13,19,18;12,6,14,21,20,19;13,6,7,15,21;14,7,8,16,21;15,8,9,17,20,21;16,9,18,19,20;17,9,10,11,12,19;18,12,13,20,17;19,13,21,16,17;20,13,14,15,16
C40#33 22 1,5,4,3,2;0,2,7,6,5;1,0,3,8,7;2,0,4,10,9,8;3,0,5,11,10;4,0,1,6,12,11;5,1,7,14,13,12;6,1,2,8,15,14;7,2,3,9,16,15;8,3,10,18,17,16;9,3,4,11,18;10,4,5,12,19,18;11,5,6,13,20,19;12,6,14,21,20;13,6,7,15,21;14,7,8,16,21;15,8,9,17,21;16,9,18,19,20,21;17,9,10,11,19;18,11,12,20,17;19,12,13,21,17;20,13,14,15,16,17
C40#34 22 1,5,4,3,2;0,2,7,6,5;1,0,3,9,8,7;2,0,4,10,9;3,0,5,12,11,10;4,0,1,6,13,12;5,1,7,14,13;6,1,2,8,15,14;7,2,9,16,15;8,2,3,10,16;9,3,4,11,17,16;10,4,12,18,17;11,4,5,13,19,18;12,5,6,14,19;13,6,7,15,20,19;14,7,8,16,21,20;15,8,9,10,17,21;16,10,11,18,21;17,11,12,19,20,21;18,12,13,14,20;19,14,15,21,18;20,15,16,17,18
C40#35 22 1,5,4,3,2;0,2,7,6,5;1,0,3,9,8,7;2,0,4,10,9;3,0,5,12,11,10;4,0,1,6,13,12;5,1,7,14,13;6,1,2,8,15,14;7,2,9,16,15;8,2,3,10,17,16;9,3,4,11,17;10,4,12,18,17;11,4,5,13,19,18;12,5,6,14,19;13,6,7,15,20,19;14,7,8,16,20;15,8,9,17,21,20;16,9,10,11,18,21;17,11,12,19,21;18,12,13,14,20,21;19,14,15,16,21;20,16,17,18,19
C40#36 22 1,5,4,3,2;0,2,7,6,5;1,0,3,9,8,7;2,0,4,10,9;3,0,5,12,11,10;4,0,1,6,13,12;5,1,7,14,13;6,1,2,8,15,14;7,2,9,16,15;8,2,3,10,17,16;9,3,4,11,17;10,4,12,18,17;11,4,5,13,19,18;12,5,6,14,20,19;13,6,7,15,20;14,7,8,16,21,20;15,8,9,17,21;16,9,10,11,18,21;17,11,12,19,21;18,12,13,20,21;19,13,14,15,21;20,15,16,17,18,19
C40#37 22 1,5,4,3,2;0,2,7,6,5;1,0,3,9,8,7;2,0,4,10,9;3,0,5,12,11,10;4,0,1,6,13,12;5,1,7,14,13;6,1,2,8,15,14;7,2,9,16,15;8,2,3,10,17,16;9,3,4,11,17;10,4,12,19,18,17;11,4,5,13,19;12,5,6,14,20,19;13,6,7,15,20;14,7,8,16,21,20;15,8,9,17,21;16,9,10,11,18,21;17,11,19,20,21;18,11,12,13,20;19,13,14,15,21,18;20,15,16,17,18
C40#38 22 1,5,4,3,2;0,2,7,6,5;1,0,3,9,8,7;2,0,4,10,9;3,0,5,12,11,10;4,0,1,6,13,12;5,1,7,14,13;6,1,2,8,15,14;7,2,9,16,15;8,2,3,10,17,16;9,3,4,11,17;10,4,12,19,18,17;11,4,5,13,19;12,5,6,14,20,19;13,6,7,15,20;14,7,8,16,21,20;15,8,9,17,18,21;16,9,10,11,18;17,11,19,21,16;18,11,12,13,20,21;19,13,14,15,21;20,15,16,18,19
C40#39 22 1,5,4,3,2;0,2,7,6,5;1,0,3,9,8,7;2,0,4,11,10,9;3,0,5,13,12,11;4,0,1,6,13;5,1,7,15,14,13;6,1,2,8,16,15;7,2,9,17,16;8,2,3,10,17;9,3,11,19,18,17;10,3,4,12,19;11,4,13,20,19;12,4,5,6,14,20;13,6,15,21,20;14,6,7,16,21;15,7,8,17,18,21;16,8,9,10,18;17,10,19,20,21,16;18,10,11,12,20;19,12,13,14,21,18;20,14,15,16,18
C42#0 23 1,5,4,3,2;0,2,7,6,5;1,0,3,8,7;2,0,4,9,8;3,0,5,10,9;4,0,1,6,11,10;5,1,7,12,11;6,1,2,8,13,12;7,2,3,9,14,13;8,3,4,10,15,14;9,4,5,11,16,15;10,5,6,12,17,16;11,6,7,13,18,17;12,7,8,14,19,18;13,8,9,15,20,19;14,9,10,16,21,20;15,10,11,17,21;16,11,12,18,22,21;17,12,13,19,22;18,13,14,20,22;19,14,15,21,22;20,15,16,17,22;21,17,18,19,20
C42#1 23 1,5,4,3,2;0,2,7,6,5;1,0,3,8,7;2,0,4,9,8;3,0,5,10,9;4,0,1,6,11,10;5,1,7,13,12,11;6,1,2,8,14,13;7,2,3,9,15,14;8,3,4,10,16,15;9,4,5,11,17,16;10,5,6,12,18,17;11,6,13,19,18;12,6,7,14,19;13,7,8,15,20,19;14,8,9,16,21,20;15,9,10,17,21;16,10,11,18,22,21;17,11,12,19,22;18,12,13,14,20,22;19,14,15,21,22;20,15,16,17,22;21,17,18,19,20
C42#2 23 1,5,4,3,2;0,2,7,6,5;1,0,3,8,7;2,0,4,9,8;3,0,5,10,9;4,0,1,6,11,10;5,1,7,13,12,11;6,1,2,8,14,13;7,2,3,9,15,14;8,3,4,10,16,15;9,4,5,11,17,16;10,5,6,12,18,17;11,6,13,19,18;12,6,7,14,20,19;13,7,8,15,20;14,8,9,16,21,20;15,9,10,17,21;16,10,11,18,22,21;17,11,12,19,22;18,12,13,20,22;19,13,14,15,21,22;20,15,16,17,22;21,17,18,19,20
C42#3 23 1,5,4,3,2;0,2,7,6,5;1,0,3,8,7;2,0,4,9,8;3,0,5,10,9;4,0,1,6,11,10;5,1,7,13,12,11;6,1,2,8,14,13;7,2,3,9,15,14;8,3,4,10,16,15;9,4,5,11,17,16;10,5,6,12,18,17;11,6,13,19,18;12,6,7,14,20,19;13,7,8,15,20;14,8,9,16,21,20;15,9,10,17,22,21;16,10,11,18,22;17,11,12,19,22;18,12,13,20,21,22;19,13,14,15,21;20,15,16,22,19;21,16,17,18,19
C42#4 23 1,5,4,3,2;0,2,7,6,5;1,0,3,8,7;2,0,4,9,8;3,0,5,10,9;4,0,1,6,11,10;5,1,7,13,12,11;6,1,2,8,14,13;7,2,3,9,15,14;8,3,4,10,16,15;9,4,5,11,17,16;10,5,6,12,18,17;11,6,13,19,18;12,6,7,14,20,19;13,7,8,15,21,20;14,8,9,16,21;15,9,10,17,21;16,10,11,18,22,21;17,11,12,19,22;18,12,13,20,22;19,13,14,21,22;20,14,15,16,17,22;21,17,18,19,20
C42#5 23 1,5,4,3,2;0,2,7,6,5;1,0,3,8,7;2,0,4,9,8;3,0,5,11,10,9;4,0,1,6,12,11;5,1,7,13,12;6,1,2,8,14,13;7,2,3,9,15,14;8,3,4,10,15;9,4,11,17,16,15;10,4,5,12,18,17;11,5,6,13,19,18;12,6,7,14,20,19;13,7,8,15,21,20;14,8,9,10,16,21;15,10,17,22,21;16,10,11,18,22;17,11,12,19,22;18,12,13,20,22;19,13,14,21,22;20,14,15,16,22;21,16,17,18,19,20
C42#6 23 1,5,4,3,2;0,2,7,6,5;1,0,3,8,7;2,0,4,9,8;3,0,5,11,10,9;4,0,1,6,12,11;5,1,7,13,12;6,1,2,8,14,13;7,2,3,9,15,14;8,3,4,10,16,15;9,4,11,17,16;10,4,5,12,18,17;11,5,6,13,18;12,6,7,14,19,18;13,7,8,15,20,19;14,8,9,16,21,20;15,9,10,17,21;16,10,11,18,22,21;17,11,12,13,19,22;18,13,14,20,22;19,14,15,21,22;20,15,16,17,22;21,17,18,19,20
C42#7 23 1,5,4,3,2;0,2,7,6,5;1,0,3,8,7;2,0,4,9,8;3,0,5,11,10,9;4,0,1,6,12,11;5,1,7,13,12;6,1,2,8,14,13;7,2,3,9,15,14;8,3,4,10,16,15;9,4,11,17,16;10,4,5,12,18,17;11,5,6,13,19,18;12,6,7,14,19;13,7,8,15,20,19;14,8,9,16,21,20;15,9,10,17,21;16,10,11,18,22,21;17,11,12,19,22;18,12,13,14,20,22;19,14,15,21,22;20,15,16,17,22;21,17,18,19,20
C42#8 23 1,5,4,3,2;0,2,7,6,5;1,0,3,8,7;2,0,4,9,8;3,0,5,11,10,9;4,0,1,6,12,11;5,1,7,13,12;6,1,2,8,14,13;7,2,3,9,15,14;8,3,4,10,16,15;9,4,11,17,16;10,4,5,12,18,17;11,5,6,13,19,18;12,6,7,14,20,19;13,7,8,15,20;14,8,9,16,21,20;15,9,10,17,21;16,10,11,18,22,21;17,11,12,19,22;18,12,13,20,22;19,13,14,15,21,22;20,15,16,17,22;21,17,18,19,20
C42#9 23 1,5,4,3,2;0,2,7,6,5;1,0,3,8,7;2,0,4,9,8;3,0,5,11,10,9;4,0,1,6,12,11;5,1,7,13,12;6,1,2,8,14,13;7,2,3,9,15,14;8,3,4,10,16,15;9,4,11,17,16;10,4,5,12,18,17;11,5,6,13,19,18;12,6,7,14,20,19;13,7,8,15,20;14,8,9,16,21,20;15,9,10,17,22,21;16,10,11,18,22;17,11,12,19,22;18,12,13,20,21,22;19,13,14,15,21;20,15,16,22,19;21,16,17,18,19
C42#10 23 1,5,4,3,2;0,2,7,6,5;1,0,3,8,7;2,0,4,9,8;3,0,5,11,10,9;4,0,1,6,12,11;5,1,7,13,12;6,1,2,8,14,13;7,2,3,9,15,14;8,3,4,10,16,15;9,4,11,17,16;10,4,5,12,18,17;11,5,6,13,19,18;12,6,7,14,20,19;13,7,8,15,21,20;14,8,9,16,21;15,9,10,17,21;16,10,11,18,22,21;17,11,12,19,22;18,12,13,20,22;19,13,14,21,22;20,14,15,16,17,22;21,17,18,19,20
C42#11 23 1,5,4,3,2;0,2,7,6,5;1,0,3,8,7;2,0,4,9,8;3,0,5,11,10,9;4,0,1,6,12,11;5,1,7,13,12;6,1,2,8,14,13;7,2,3,9,15,14;8,3,4,10,16,15;9,4,11,17,16;10,4,5,12,18,17;11,5,6,13,19,18;12,6,7,14,20,19;13,7,8,15,21,20;14,8,9,16,21;15,9,10,17,22,21;16,10,11,18,22;17,11,12,19,22;18,12,13,20,22;19,13,14,21,22;20,14,15,16,22;21,16,17,18,19,20
C42#12 23 1,5,4,3,2;0,2,7,6,5;1,0,3,8,7;2,0,4,9,8;3,0,5,11,10,9;4,0,1,6,12,11;5,1,7,13,12;6,1,2,8,14,13;7,2,3,9,15,14;8,3,4,10,16,15;9,4,11,18,17,16;10,4,5,12,18;11,5,6,13,19,18;12,6,7,14,20,19;13,7,8,15,20;14,8,9,16,21,20;15,9,10,17,21;16,10,18,22,21;17,10,11,12,19,22;18,12,13,20,22;19,13,14,15,21,22;20,15,16,17,22;21,17,18,19,20
C42#13 23 1,5,4,3,2;0,2,7,6,5;1,0,3,8,7;2,0,4,9,8;3,0,5,11,10,9;4,0,1,6,12,11;5,1,7,14,13,12;6,1,2,8,15,14;7,2,3,9,16,15;8,3,4,10,17,16;9,4,11,18,17;10,4,5,12,18;11,5,6,13,19,18;12,6,14,20,19;13,6,7,15,20;14,7,8,16,21,20;15,8,9,17,21;16,9,10,18,22,21;17,10,11,12,19,22;18,12,13,20,22;19,13,14,15,21,22;20,15,16,17,22;21,17,18,19,20
C42#14 23 1,5,4,3,2;0,2,7,6,5;1,0,3,8,7;2,0,4,9,8;3,0,5,11,10,9;4,0,1,6,12,11;5,1,7,14,13,12;6,1,2,8,15,14;7,2,3,9,16,15;8,3,4,10,17,16;9,4,11,18,17;10,4,5,12,18;11,5,6,13,19,18;12,6,14,20,19;13,6,7,15,20;14,7,8,16,21,20;15,8,9,17,22,21;16,9,10,18,22;17,10,11,12,19,22;18,12,13,20,21,22;19,13,14,15,21;20,15,16,22,19;21,16,17,18,19
C42#15 23 1,5,4,3,2;0,2,7,6,5;1,0,3,8,7;2,0,4,9,8;3,0,5,11,10,9;4,0,1,6,12,11;5,1,7,14,13,12;6,1,2,8,15,14;7,2,3,9,16,15;8,3,4,10,17,16;9,4,11,18,17;10,4,5,12,18;11,5,6,13,19,18;12,6,14,20,19;13,6,7,15,21,20;14,7,8,16,21;15,8,9,17,21;16,9,10,18,22,21;17,10,11,12,19,22;18,12,13,20,22;19,13,14,21,22;20,14,15,16,17,22;21,17,18,19,20
C42#16 23 1,5,4,3,2;0,2,7,6,5;1,0,3,8,7;2,0,4,9,8;3,0,5,11,10,9;4,0,1,6,12,11;5,1,7,14,13,12;6,1,2,8,15,14;7,2,3,9,16,15;8,3,4,10,17,16;9,4,11,18,17;10,4,5,12,18;11,5,6,13,19,18;12,6,14,20,19;13,6,7,15,21,20;14,7,8,16,21;15,8,9,17,22,21;16,9,10,18,22;17,10,11,12,19,22;18,12,13,20,22;19,13,14,21,22;20,14,15,16,22;21,16,17,18,19,20
C42#17 23 1,5,4,3,2;0,2,7,6,5;1,0,3,8,7;2,0,4,9,8;3,0,5,11,10,9;4,0,1,6,12,11;5,1,7,14,13,12;6,1,2,8,15,14;7,2,3,9,16,15;8,3,4,10,17,16;9,4,11,18,17;10,4,5,12,18;11,5,6,13,19,18;12,6,14,20,19;13,6,7,15,21,20;14,7,8,16,21;15,8,9,17,22,21;16,9,10,18,19,22;17,10,11,12,19;18,12,13,20,22,17;19,13,14,21,22;20,14,15,16,22;21,16,17,19,20
C42#18 23 1,5,4,3,2;0,2,7,6,5;1,0,3,8,7;2,0,4,9,8;3,0,5,11,10,9;4,0,1,6,12,11;5,1,7,14,13,12;6,1,2,8,15,14;7,2,3,9,16,15;8,3,4,10,17,16;9,4,11,18,17;10,4,5,12,19,18;11,5,6,13,19;12,6,14,20,19;13,6,7,15,20;14,7,8,16,21,20;15,8,9,17,21;16,9,10,18,22,21;17,10,11,19,22;18,11,12,13,20,22;19,13,14,15,21,22;20,15,16,17,22;21,17,18,19,20
C42#19 23 1,5,4,3,2;0,2,7,6,5;1,0,3,8,7;2,0,4,9,8;3,0,5,11,10,9;4,0,1,6,12,11;5,1,7,14,13,12;6,1,2,8,15,14;7,2,3,9,16,15;8,3,4,10,17,16;9,4,11,18,17;10,4,5,12,19,18;11,5,6,13,19;12,6,14,20,19;13,6,7,15,21,20;14,7,8,16,21;15,8,9,17,22,21;16,9,10,18,22;17,10,11,19,22;18,11,12,13,20,22;19,13,14,21,22;20,14,15,16,22;21,16,17,18,19,20
C42#20 23 1,5,4,3,2;0,2,7,6,5;1,0,3,8,7;2,0,4,9,8;3,0,5,11,10,9;4,0,1,6,12,11;5,1,7,14,13,12;6,1,2,8,15,14;7,2,3,9,16,15;8,3,4,10,17,16;9,4,11,18,17;10,4,5,12,19,18;11,5,6,13,19;12,6,14,21,20,19;13,6,7,15,21;14,7,8,16,22,21;15,8,9,17,22;16,9,10,18,20,22;17,10,11,19,20;18,11,12,13,20;19,13,21,22,17,18;20,13,14,15,22;21,15,16,17,20
C42#21 23 1,5,4,3,2;0,2,7,6,5;1,0,3,8,7;2,0,4,10,9,8;3,0,5,11,10;4,0,1,6,12,11;5,1,7,13,12;6,1,2,8,14,13;7,2,3,9,14;8,3,10,16,15,14;9,3,4,11,17,16;10,4,5,12,18,17;11,5,6,13,19,18;12,6,7,14,20,19;13,7,8,9,15,20;14,9,16,21,20;15,9,10,17,21;16,10,11,18,22,21;17,11,12,19,22;18,12,13,20,22;19,13,14,15,21,22;20,15,16,17,22;21,17,18,19,20
C42#22 23 1,5,4,3,2;0,2,7,6,5;1,0,3,8,7;2,0,4,10,9,8;3,0,5,11,10;4,0,1,6,12,11;5,1,7,13,12;6,1,2,8,14,13;7,2,3,9,15,14;8,3,10,16,15;9,3,4,11,17,16;10,4,5,12,18,17;11,5,6,13,19,18;12,6,7,14,19;13,7,8,15,20,19;14,8,9,16,21,20;15,9,10,17,21;16,10,11,18,22,21;17,11,12,19,22;18,12,13,14,20,22;19,14,15,21,22;20,15,16,17,22;21,17,18,19,20
C42#23 23 1,5,4,3,2;0,2,7,6,5;1,0,3,8,7;2,0,4,10,9,8;3,0,5,11,10;4,0,1,6,12,11;5,1,7,13,12;6,1,2,8,14,13;7,2,3,9,15,14;8,3,10,16,15;9,3,4,11,17,16;10,4,5,12,18,17;11,5,6,13,19,18;12,6,7,14,20,19;13,7,8,15,20;14,8,9,16,21,20;15,9,10,17,21;16,10,11,18,22,21;17,11,12,19,22;18,12,13,20,22;19,13,14,15,21,22;20,15,16,17,22;21,17,18,19,20
C42#24 23 1,5,4,3,2;0,2,7,6,5;1,0,3,8,7;2,0,4,10,9,8;3,0,5,11,10;4,0,1,6,12,11;5,1,7,13,12;6,1,2,8,14,13;7,2,3,9,15,14;8,3,10,16,15;9,3,4,11,17,16;10,4,5,12,18,17;11,5,6,13,19,18;12,6,7,14,20,19;13,7,8,15,21,20;14,8,9,16,21;15,9,10,17,22,21;16,10,11,18,22;17,11,12,19,22;18,12,13,20,22;19,13,14,21,22;20,14,15,16,22;21,16,17,18,19,20
C42#25 23 1,5,4,3,2;0,2,7,6,5;1,0,3,8,7;2,0,4,10,9,8;3,0,5,11,10;4,0,1,6,12,11;5,1,7,13,12;6,1,2,8,14,13;7,2,3,9,15,14;8,3,10,17,16,15;9,3,4,11,17;10,4,5,12,18,17;11,5,6,13,19,18;12,6,7,14,20,19;13,7,8,15,21,20;14,8,9,16,21;15,9,17,22,21;16,9,10,11,18,22;17,11,12,19,22;18,12,13,20,22;19,13,14,21,22;20,14,15,16,22;21,16,17,18,19,20
C42#26 23 1,5,4,3,2;0,2,7,6,5;1,0,3,8,7;2,0,4,10,9,8;3,0,5,11,10;4,0,1,6,12,11;5,1,7,13,12;6,1,2,8,14,13;7,2,3,9,15,14;8,3,10,17,16,15;9,3,4,11,18,17;10,4,5,12,18;11,5,6,13,19,18;12,6,7,14,20,19;13,7,8,15,21,20;14,8,9,16,21;15,9,17,22,21;16,9,10,18,22;17,10,11,12,19,22;18,12,13,20,22;19,13,14,21,22;20,14,15,16,22;21,16,17,18,19,20
C42#27 23 1,5,4,3,2;0,2,7,6,5;1,0,3,8,7;2,0,4,10,9,8;3,0,5,11,10;4,0,1,6,12,11;5,1,7,14,13,12;6,1,2,8,15,14;7,2,3,9,16,15;8,3,10,17,16;9,3,4,11,17;10,4,5,12,18,17;11,5,6,13,19,18;12,6,14,20,19;13,6,7,15,20;14,7,8,16,21,20;15,8,9,17,22,21;16,9,10,11,18,22;17,11,12,19,22;18,12,13,20,21,22;19,13,14,15,21;20,15,16,22,19;21,16,17,18,19
C42#28 23 1,5,4,3,2;0,2,7,6,5;1,0,3,8,7;2,0,4,10,9,8;3,0,5,11,10;4,0,1,6,12,11;5,1,7,14,13,12;6,1,2,8,15,14;7,2,3,9,16,15;8,3,10,17,16;9,3,4,11,18,17;10,4,5,12,18;11,5,6,13,19,18;12,6,14,20,19;13,6,7,15,20;14,7,8,16,21,20;15,8,9,17,21;16,9,10,18,22,21;17,10,11,12,19,22;18,12,13,20,22;19,13,14,15,21,22;20,15,16,17,22;21,17,18,19,20
C42#29 23 1,5,4,3,2;0,2,7,6,5;1,0,3,8,7;2,0,4,10,9,8;3,0,5,11,10;4,0,1,6,12,11;5,1,7,14,13,12;6,1,2,8,15,14;7,2,3,9,16,15;8,3,10,17,16;9,3,4,11,18,17;10,4,5,12,18;11,5,6,13,19,18;12,6,14,20,19;13,6,7,15,20;14,7,8,16,21,20;15,8,9,17,22,21;16,9,10,18,22;17,10,11,12,19,22;18,12,13,20,21,22;19,13,14,15,21;20,15,16,22,19;21,16,17,18,19
C42#30 23 1,5,4,3,2;0,2,7,6,5;1,0,3,8,7;2,0,4,10,9,8;3,0,5,11,10;4,0,1,6,12,11;5,1,7,14,13,12;6,1,2,8,15,14;7,2,3,9,16,15;8,3,10,17,16;9,3,4,11,18,17;10,4,5,12,18;11,5,6,13,19,18;12,6,14,20,19;13,6,7,15,21,20;14,7,8,16,21;15,8,9,17,22,21;16,9,10,18,22;17,10,11,12,19,22;18,12,13,20,22;19,13,14,21,22;20,14,15,16,22;21,16,17,18,19,20
C42#31 23 1,5,4,3,2;0,2,7,6,5;1,0,3,8,7;2,0,4,10,9,8;3,0,5,11,10;4,0,1,6,12,11;5,1,7,14,13,12;6,1,2,8,15,14;7,2,3,9,16,15;8,3,10,17,16;9,3,4,11,18,17;10,4,5,12,19,18;11,5,6,13,19;12,6,14,20,19;13,6,7,15,20;14,7,8,16,21,20;15,8,9,17,21;16,9,10,18,22,21;17,10,11,19,22;18,11,12,13,20,22;19,13,14,15,21,22;20,15,16,17,22;21,17,18,19,20
C42#32 23 1,5,4,3,2;0,2,7,6,5;1,0,3,8,7;2,0,4,10,9,8;3,0,5,11,10;4,0,1,6,12,11;5,1,7,14,13,12;6,1,2,8,15,14;7,2,3,9,16,15;8,3,10,17,16;9,3,4,11,18,17;10,4,5,12,19,18;11,5,6,13,19;12,6,14,20,19;13,6,7,15,21,20;14,7,8,16,21;15,8,9,17,22,21;16,9,10,18,22;17,10,11,19,22;18,11,12,13,20,22;19,13,14,21,22;20,14,15,16,22;21,16,17,18,19,20
C42#33 23 1,5,4,3,2;0,2,7,6,5;1,0,3,8,7;2,0,4,10,9,8;3,0,5,11,10;4,0,1,6,12,11;5,1,7,14,13,12;6,1,2,8,15,14;7,2,3,9,16,15;8,3,10,17,16;9,3,4,11,18,17;10,4,5,12,19,18;11,5,6,13,19;12,6,14,20,19;13,6,7,15,21,20;14,7,8,16,21;15,8,9,17,22,21;16,9,10,18,22;17,10,11,19,20,22;18,11,12,13,20;19,13,14,21,22,18;20,14,15,16,22;21,16,17,18,20
C42#34 23 1,5,4,3,2;0,2,7,6,5;1,0,3,8,7;2,0,4,10,9,8;3,0,5,11,10;4,0,1,6,12,11;5,1,7,14,13,12;6,1,2,8,15,14;7,2,3,9,16,15;8,3,10,17,16;9,3,4,11,18,17;10,4,5,12,19,18;11,5,6,13,19;12,6,14,21,20,19;13,6,7,15,21;14,7,8,16,21;15,8,9,17,22,21;16,9,10,18,22;17,10,11,19,20,22;18,11,12,13,20;19,13,21,22,18;20,13,14,15,16,22;21,16,17,18,20
C42#35 23 1,5,4,3,2;0,2,7,6,5;1,0,3,8,7;2,0,4,10,9,8;3,0,5,11,10;4,0,1,6,12,11;5,1,7,14,13,12;6,1,2,8,15,14;7,2,3,9,16,15;8,3,10,17,16;9,3,4,11,18,17;10,4,5,12,19,18;11,5,6,13,20,19;12,6,14,21,20;13,6,7,15,21;14,7,8,16,21;15,8,9,17,22,21;16,9,10,18,22;17,10,11,19,22;18,11,12,20,22;19,12,13,21,22;20,13,14,15,16,22;21,16,17,18,19,20
C42#36 23 1,5,4,3,2;0,2,7,6,5;1,0,3,8,7;2,0,4,10,9,8;3,0,5,11,10;4,0,1,6,12,11;5,1,7,14,13,12;6,1,2,8,15,14;7,2,3,9,16,15;8,3,10,18,17,16;9,3,4,11,18;10,4,5,12,19,18;11,5,6,13,20,19;12,6,14,21,20;13,6,7,15,21;14,7,8,16,21;15,8,9,17,22,21;16,9,18,19,22;17,9,10,11,19;18,11,12,20,22,17;19,12,13,21,22;20,13,14,15,16,22;21,16,17,19,20
C42#37 23 1,5,4,3,2;0,2,7,6,5;1,0,3,8,7;2,0,4,10,9,8;3,0,5,11,10;4,0,1,6,12,11;5,1,7,14,13,12;6,1,2,8,15,14;7,2,3,9,16,15;8,3,10,18,17,16;9,3,4,11,18;10,4,5,12,19,18;11,5,6,13,20,19;12,6,14,22,21,20;13,6,7,15,22;14,7,8,16,22;15,8,9,17,21,22;16,9,18,19,20,21;17,9,10,11,19;18,11,12,20,17;19,12,13,21,17;20,13,22,16,17;21,13,14,15,16
C42#38 23 1,5,4,3,2;0,2,7,6,5;1,0,3,8,7;2,0,4,10,9,8;3,0,5,12,11,10;4,0,1,6,13,12;5,1,7,15,14,13;6,1,2,8,16,15;7,2,3,9,17,16;8,3,10,18,17;9,3,4,11,18;10,4,12,19,18;11,4,5,13,19;12,5,6,14,20,19;13,6,15,21,20;14,6,7,16,21;15,7,8,17,21;16,8,9,18,22,21;17,9,10,11,19,22;18,11,12,13,20,22;19,13,14,21,22;20,14,15,16,17,22;21,17,18,19,20
C42#39 23 1,5,4,3,2;0,2,7,6,5;1,0,3,8,7;2,0,4,10,9,8;3,0,5,12,11,10;4,0,1,6,13,12;5,1,7,15,14,13;6,1,2,8,16,15;7,2,3,9,17,16;8,3,10,18,17;9,3,4,11,18;10,4,12,19,18;11,4,5,13,20,19;12,5,6,14,20;13,6,15,22,21,20;14,6,7,16,22;15,7,8,17,22;16,8,9,18,21,22;17,9,10,11,19,21;18,11,12,20,21;19,12,13,14,21;20,14,22,17,18,19;21,14,15,16,17
C42#40 23 1,5,4,3,2;0,2,7,6,5;1,0,3,9,8,7;2,0,4,10,9;3,0,5,12,11,10;4,0,1,6,13,12;5,1,7,14,13;6,1,2,8,15,14;7,2,9,16,15;8,2,3,10,16;9,3,4,11,17,16;10,4,12,19,18,17;11,4,5,13,19;12,5,6,14,20,19;13,6,7,15,21,20;14,7,8,16,22,21;15,8,9,10,17,22;16,10,11,18,22;17,11,19,20,21,22;18,11,12,13,20;19,13,14,21,18;20,14,15,22,18;21,15,16,17,18
C42#41 23 1,5,4,3,2;0,2,7,6,5;1,0,3,9,8,7;2,0,4,10,9;3,0,5,12,11,10;4,0,1,6,13,12;5,1,7,14,13;6,1,2,8,15,14;7,2,9,16,15;8,2,3,10,17,16;9,3,4,11,17;10,4,12,18,17;11,4,5,13,19,18;12,5,6,14,20,19;13,6,7,15,20;14,7,8,16,21,20;15,8,9,17,22,21;16,9,10,11,18,22;17,11,12,19,22;18,12,13,20,21,22;19,13,14,15,21;20,15,16,22,19;21,16,17,18,19
C42#42 23 1,5,4,3,2;0,2,7,6,5;1,0,3,9,8,7;2,0,4,10,9;3,0,5,12,11,10;4,0,1,6,13,12;5,1,7,14,13;6,1,2,8,15,14;7,2,9,16,15;8,2,3,10,17,16;9,3,4,11,17;10,4,12,18,17;11,4,5,13,19,18;12,5,6,14,20,19;13,6,7,15,21,20;14,7,8,16,21;15,8,9,17,22,21;16,9,10,11,18,22;17,11,12,19,22;18,12,13,20,22;19,13,14,21,22;20,14,15,16,22;21,16,17,18,19,20
C42#43 23 1,5,4,3,2;0,2,7,6,5;1,0,3,9,8,7;2,0,4,10,9;3,0,5,12,11,10;4,0,1,6,13,12;5,1,7,14,13;6,1,2,8,15,14;7,2,9,16,15;8,2,3,10,17,16;9,3,4,11,17;10,4,12,19,18,17;11,4,5,13,19;12,5,6,14,20,19;13,6,7,15,21,20;14,7,8,16,21;15,8,9,17,22,21;16,9,10,11,18,22;17,11,19,20,22;18,11,12,13,20;19,13,14,21,22,18;20,14,15,16,22;21,16,17,18,20
C42#44 23 1,5,4,3,2;0,2,7,6,5;1,0,3,9,8,7;2,0,4,10,9;3,0,5,12,11,10;4,0,1,6,13,12;5,1,7,14,13;6,1,2,8,15,14;7,2,9,16,15;8,2,3,10,17,16;9,3,4,11,18,17;10,4,12,19,18;11,4,5,13,19;12,5,6,14,20,19;13,6,7,15,21,20;14,7,8,16,21;15,8,9,17,22,21;16,9,10,18,22;17,10,11,19,22;18,11,12,13,20,22;19,13,14,21,22;20,14,15,16,22;21,16,17,18,19,20
C44#0 24 1,5,4,3,2;0,2,7,6,5;1,0,3,8,7;2,0,4,9,8;3,0,5,10,9;4,0,1,6,11,10;5,1,7,12,11;6,1,2,8,13,12;7,2,3,9,14,13;8,3,4,10,15,14;9,4,5,11,16,15;10,5,6,12,17,16;11,6,7,13,18,17;12,7,8,14,19,18;13,8,9,15,20,19;14,9,10,16,21,20;15,10,11,17,22,21;16,11,12,18,22;17,12,13,19,23,22;18,13,14,20,23;19,14,15,21,23;20,15,16,22,23;21,16,17,18,23;22,18,19,20,21
C44#1 24 1,5,4,3,2;0,2,7,6,5;1,0,3,8,7;2,0,4,9,8;3,0,5,10,9;4,0,1,6,11,10;5,1,7,13,12,11;6,1,2,8,13;7,2,3,9,14,13;8,3,4,10,15,14;9,4,5,11,16,15;10,5,6,12,17,16;11,6,13,19,18,17;12,6,7,8,14,19;13,8,9,15,20,19;14,9,10,16,21,20;15,10,11,17,22,21;16,11,12,18,22;17,12,19,23,22;18,12,13,14,20,23;19,14,15,21,23;20,15,16,22,23;21,16,17,18,23;22,18,19,20,21
C44#2 24 1,5,4,3,2;0,2,7,6,5;1,0,3,8,7;2,0,4,9,8;3,0,5,10,9;4,0,1,6,11,10;5,1,7,13,12,11;6,1,2,8,14,13;7,2,3,9,14;8,3,4,10,15,14;9,4,5,11,16,15;10,5,6,12,17,16;11,6,13,19,18,17;12,6,7,14,20,19;13,7,8,9,15,20;14,9,10,16,21,20;15,10,11,17,22,21;16,11,12,18,22;17,12,19,23,22;18,12,13,20,23;19,13,14,15,21,23;20,15,16,22,23;21,16,17,18,23;22,18,19,20,21
C44#3 24 1,5,4,3,2;0,2,7,6,5;1,0,3,8,7;2,0,4,9,8;3,0,5,10,9;4,0,1,6,11,10;5,1,7,13,12,11;6,1,2,8,14,13;7,2,3,9,15,14;8,3,4,10,16,15;9,4,5,11,17,16;10,5,6,12,17;11,6,13,18,17;12,6,7,14,19,18;13,7,8,15,20,19;14,8,9,16,21,20;15,9,10,17,22,21;16,10,11,12,18,22;17,12,13,19,23,22;18,13,14,20,23;19,14,15,21,23;20,15,16,22,23;21,16,17,18,23;22,18,19,20,21
C44#4 24 1,5,4,3,2;0,2,7,6,5;1,0,3,8,7;2,0,4,9,8;3,0,5,10,9;4,0,1,6,11,10;5,1,7,13,12,11;6,1,2,8,14,13;7,2,3,9,15,14;8,3,4,10,16,15;9,4,5,11,17,16;10,5,6,12,17;11,6,13,19,18,17;12,6,7,14,19;13,7,8,15,20,19;14,8,9,16,21,20;15,9,10,17,22,21;16,10,11,12,18,22;17,12,19,23,22;18,12,13,14,20,23;19,14,15,21,23;20,15,16,22,23;21,16,17,18,23;22,18,19,20,21
C44#5 24 1,5,4,3,2;0,2,7,6,5;1,0,3,8,7;2,0,4,9,8;3,0,5,10,9;4,0,1,6,11,10;5,1,7,13,12,11;6,1,2,8,14,13;7,2,3,9,15,14;8,3,4,10,16,15;9,4,5,11,17,16;10,5,6,12,17;11,6,13,19,18,17;12,6,7,14,20,19;13,7,8,15,20;14,8,9,16,21,20;15,9,10,17,22,21;16,10,11,12,18,22;17,12,19,23,22;18,12,13,20,23;19,13,14,15,21,23;20,15,16,22,23;21,16,17,18,23;22,18,19,20,21
C44#6 24 1,5,4,3,2;0,2,7,6,5;1,0,3,8,7;2,0,4,9,8;3,0,5,10,9;4,0,1,6,11,10;5,1,7,13,12,11;6,1,2,8,14,13;7,2,3,9,15,14;8,3,4,10,16,15;9,4,5,11,17,16;10,5,6,12,18,17;11,6,13,19,18;12,6,7,14,19;13,7,8,15,20,19;14,8,9,16,21,20;15,9,10,17,22,21;16,10,11,18,22;17,11,12,19,23,22;18,12,13,14,20,23;19,14,15,21,23;20,15,16,22,23;21,16,17,18,23;22,18,19,20,21
C44#7 24 1,5,4,3,2;0,2,7,6,5;1,0,3,8,7;2,0,4,9,8;3,0,5,10,9;4,0,1,6,11,10;5,1,7,13,12,11;6,1,2,8,14,13;7,2,3,9,15,14;8,3,4,10,16,15;9,4,5,11,17,16;10,5,6,12,18,17;11,6,13,19,18;12,6,7,14,20,19;13,7,8,15,20;14,8,9,16,21,20;15,9,10,17,22,21;16,10,11,18,22;17,11,12,19,23,22;18,12,13,20,23;19,13,14,15,21,23;20,15,16,22,23;21,16,17,18,23;22,18,19,20,21
C44#8 24 1,5,4,3,2;0,2,7,6,5;1,0,3,8,7;2,0,4,9,8;3,0,5,10,9;4,0,1,6,11,10;5,1,7,13,12,11;6,1,2,8,14,13;7,2,3,9,15,14;8,3,4,10,16,15;9,4,5,11,17,16;10,5,6,12,18,17;11,6,13,19,18;12,6,7,14,20,19;13,7,8,15,21,20;14,8,9,16,21;15,9,10,17,22,21;16,10,11,18,23,22;17,11,12,19,23;18,12,13,20,23;19,13,14,21,22,23;20,14,15,16,22;21,16,17,23,20;22,17,18,19,20
C44#9 24 1,5,4,3,2;0,2,7,6,5;1,0,3,8,7;2,0,4,9,8;3,0,5,10,9;4,0,1,6,11,10;5,1,7,13,12,11;6,1,2,8,14,13;7,2,3,9,15,14;8,3,4,10,16,15;9,4,5,11,17,16;10,5,6,12,18,17;11,6,13,19,18;12,6,7,14,20,19;13,7,8,15,21,20;14,8,9,16,22,21;15,9,10,17,22;16,10,11,18,23,22;17,11,12,19,23;18,12,13,20,23;19,13,14,21,23;20,14,15,22,23;21,15,16,17,23;22,17,18,19,20,21
C44#10 24 1,5,4,3,2;0,2,7,6,5;1,0,3,8,7;2,0,4,9,8;3,0,5,10,9;4,0,1,6,11,10;5,1,7,13,12,11;6,1,2,8,14,13;7,2,3,9,15,14;8,3,4,10,16,15;9,4,5,11,17,16;10,5,6,12,18,17;11,6,13,20,19,18;12,6,7,14,20;13,7,8,15,21,20;14,8,9,16,22,21;15,9,10,17,22;16,10,11,18,23,22;17,11,12,19,23;18,12,20,21,23;19,12,13,14,21;20,14,15,22,23,19;21,15,16,17,23;22,17,18,19,21
C44#11 24 1,5,4,3,2;0,2,7,6,5;1,0,3,8,7;2,0,4,9,8;3,0,5,11,10,9;4,0,1,6,12,11;5,1,7,13,12;6,1,2,8,14,13;7,2,3,9,15,14;8,3,4,10,15;9,4,11,17,16,15;10,4,5,12,18,17;11,5,6,13,19,18;12,6,7,14,20,19;13,7,8,15,21,20;14,8,9,10,16,21;15,10,17,22,21;16,10,11,18,22;17,11,12,19,23,22;18,12,13,20,23;19,13,14,21,23;20,14,15,16,22,23;21,16,17,18,23;22,18,19,20,21
C44#12 24 1,5,4,3,2;0,2,7,6,5;1,0,3,8,7;2,0,4,9,8;3,0,5,11,10,9;4,0,1,6,12,11;5,1,7,13,12;6,1,2,8,14,13;7,2,3,9,15,14;8,3,4,10,15;9,4,11,17,16,15;10,4,5,12,18,17;11,5,6,13,19,18;12,6,7,14,20,19;13,7,8,15,21,20;14,8,9,10,16,21;15,10,17,23,22,21;16,10,11,18,23;17,11,12,19,23;18,12,13,20,22,23;19,13,14,21,22;20,14,15,16,22;21,16,23,19,20;22,16,17,18,19
C44#13 24 1,5,4,3,2;0,2,7,6,5;1,0,3,8,7;2,0,4,9,8;3,0,5,11,10,9;4,0,1,6,12,11;5,1,7,13,12;6,1,2,8,14,13;7,2,3,9,15,14;8,3,4,10,16,15;9,4,11,17,16;10,4,5,12,18,17;11,5,6,13,19,18;12,6,7,14,19;13,7,8,15,20,19;14,8,9,16,21,20;15,9,10,17,22,21;16,10,11,18,22;17,11,12,19,23,22;18,12,13,14,20,23;19,14,15,21,23;20,15,16,22,23;21,16,17,18,23;22,18,19,20,21
C44#14 24 1,5,4,3,2;0,2,7,6,5;1,0,3,8,7;2,0,4,9,8;3,0,5,11,10,9;4,0,1,6,12,11;5,1,7,13,12;6,1,2,8,14,13;7,2,3,9,15,14;8,3,4,10,16,15;9,4,11,17,16;10,4,5,12,18,17;11,5,6,13,19,18;12,6,7,14,20,19;13,7,8,15,20;14,8,9,16,21,20;15,9,10,17,22,21;16,10,11,18,22;17,11,12,19,23,22;18,12,13,20,23;19,13,14,15,21,23;20,15,16,22,23;21,16,17,18,23;22,18,19,20,21
C44#15 24 1,5,4,3,2;0,2,7,6,5;1,0,3,8,7;2,0,4,9,8;3,0,5,11,10,9;4,0,1,6,12,11;5,1,7,13,12;6,1,2,8,14,13;7,2,3,9,15,14;8,3,4,10,16,15;9,4,11,17,16;10,4,5,12,18,17;11,5,6,13,19,18;12,6,7,14,20,19;13,7,8,15,21,20;14,8,9,16,21;15,9,10,17,22,21;16,10,11,18,22;17,11,12,19,23,22;18,12,13,20,23;19,13,14,21,23;20,14,15,16,22,23;21,16,17,18,23;22,18,19,20,21
C44#16 24 1,5,4,3,2;0,2,7,6,5;1,0,3,8,7;2,0,4,9,8;3,0,5,11,10,9;4,0,1,6,12,11;5,1,7,13,12;6,1,2,8,14,13;7,2,3,9,15,14;8,3,4,10,16,15;9,4,11,17,16;10,4,5,12,18,17;11,5,6,13,19,18;12,6,7,14,20,19;13,7,8,15,21,20;14,8,9,16,22,21;15,9,10,17,22;16,10,11,18,22;17,11,12,19,23,22;18,12,13,20,23;19,13,14,21,23;20,14,15,22,23;21,15,16,17,18,23;22,18,19,20,21
C44#17 24 1,5,4,3,2;0,2,7,6,5;1,0,3,8,7;2,0,4,9,8;3,0,5,11,10,9;4,0,1,6,12,11;5,1,7,13,12;6,1,2,8,14,13;7,2,3,9,15,14;8,3,4,10,16,15;9,4,11,17,16;10,4,5,12,18,17;11,5,6,13,19,18;12,6,7,14,20,19;13,7,8,15,21,20;14,8,9,16,22,21;15,9,10,17,22;16,10,11,18,23,22;17,11,12,19,23;18,12,13,20,23;19,13,14,21,23;20,14,15,22,23;21,15,16,17,23;22,17,18,19,20,21
C44#18 24 1,5,4,3,2;0,2,7,6,5;1,0,3,8,7;2,0,4,9,8;3,0,5,11,10,9;4,0,1,6,12,11;5,1,7,13,12;6,1,2,8,14,13;7,2,3,9,15,14;8,3,4,10,16,15;9,4,11,18,17,16;10,4,5,12,18;11,5,6,13,19,18;12,6,7,14,20,19;13,7,8,15,21,20;14,8,9,16,22,21;15,9,10,17,22;16,10,18,23,22;17,10,11,12,19,23;18,12,13,20,23;19,13,14,21,23;20,14,15,22,23;21,15,16,17,23;22,17,18,19,20,21
C44#19 24 1,5,4,3,2;0,2,7,6,5;1,0,3,8,7;2,0,4,9,8;3,0,5,11,10,9;4,0,1,6,12,11;5,1,7,13,12;6,1,2,8,14,13;7,2,3,9,15,14;8,3,4,10,16,15;9,4,11,18,17,16;10,4,5,12,18;11,5,6,13,19,18;12,6,7,14,20,19;13,7,8,15,21,20;14,8,9,16,22,21;15,9,10,17,22;16,10,18,19,23,22;17,10,11,12,19;18,12,13,20,23,17;19,13,14,21,23;20,14,15,22,23;21,15,16,17,23;22,17,19,20,21
C44#20 24 1,5,4,3,2;0,2,7,6,5;1,0,3,8,7;2,0,4,9,8;3,0,5,11,10,9;4,0,1,6,12,11;5,1,7,13,12;6,1,2,8,14,13;7,2,3,9,15,14;8,3,4,10,16,15;9,4,11,18,17,16;10,4,5,12,19,18;11,5,6,13,19;12,6,7,14,20,19;13,7,8,15,21,20;14,8,9,16,22,21;15,9,10,17,22;16,10,18,23,22;17,10,11,19,23;18,11,12,13,20,23;19,13,14,21,23;20,14,15,22,23;21,15,16,17,23;22,17,18,19,20,21
C44#21 24 1,5,4,3,2;0,2,7,6,5;1,0,3,8,7;2,0,4,9,8;3,0,5,11,10,9;4,0,1,6,12,11;5,1,7,14,13,12;6,1,2,8,15,14;7,2,3,9,16,15;8,3,4,10,17,16;9,4,11,18,17;10,4,5,12,18;11,5,6,13,19,18;12,6,14,20,19;13,6,7,15,21,20;14,7,8,16,21;15,8,9,17,22,21;16,9,10,18,23,22;17,10,11,12,19,23;18,12,13,20,23;19,13,14,21,22,23;20,14,15,16,22;21,16,17,23,20;22,17,18,19,20
C44#22 24 1,5,4,3,2;0,2,7,6,5;1,0,3,8,7;2,0,4,9,8;3,0,5,11,10,9;4,0,1,6,12,11;5,1,7,14,13,12;6,1,2,8,15,14;7,2,3,9,16,15;8,3,4,10,17,16;9,4,11,18,17;10,4,5,12,18;11,5,6,13,19,18;12,6,14,20,19;13,6,7,15,21,20;14,7,8,16,22,21;15,8,9,17,22;16,9,10,18,23,22;17,10,11,12,19,23;18,12,13,20,23;19,13,14,21,23;20,14,15,22,23;21,15,16,17,23;22,17,18,19,20,21
C44#23 24 1,5,4,3,2;0,2,7,6,5;1,0,3,8,7;2,0,4,9,8;3,0,5,11,10,9;4,0,1,6,12,11;5,1,7,14,13,12;6,1,2,8,15,14;7,2,3,9,16,15;8,3,4,10,17,16;9,4,11,18,17;10,4,5,12,18;11,5,6,13,19,18;12,6,14,21,20,19;13,6,7,15,21;14,7,8,16,21;15,8,9,17,22,21;16,9,10,18,23,22;17,10,11,12,19,23;18,12,13,20,23;19,13,21,22,23;20,13,14,15,16,22;21,16,17,23,20;22,17,18,19,20
C44#24 24 1,5,4,3,2;0,2,7,6,5;1,0,3,8,7;2,0,4,9,8;3,0,5,11,10,9;4,0,1,6,12,11;5,1,7,14,13,12;6,1,2,8,15,14;7,2,3,9,16,15;8,3,4,10,17,16;9,4,11,18,17;10,4,5,12,18;11,5,6,13,19,18;12,6,14,21,20,19;13,6,7,15,21;14,7,8,16,22,21;15,8,9,17,22;16,9,10,18,23,22;17,10,11,12,19,23;18,12,13,20,23;19,13,21,22,23;20,13,14,15,22;21,15,16,17,23,20;22,17,18,19,20
C44#25 24 1,5,4,3,2;0,2,7,6,5;1,0,3,8,7;2,0,4,9,8;3,0,5,11,10,9;4,0,1,6,12,11;5,1,7,14,13,12;6,1,2,8,15,14;7,2,3,9,16,15;8,3,4,10,17,16;9,4,11,18,17;10,4,5,12,18;11,5,6,13,19,18;12,6,14,21,20,19;13,6,7,15,21;14,7,8,16,22,21;15,8,9,17,23,22;16,9,10,18,23;17,10,11,12,19,23;18,12,13,20,23;19,13,21,22,23;20,13,14,15,22;21,15,16,23,20;22,16,17,18,19,20
C44#26 24 1,5,4,3,2;0,2,7,6,5;1,0,3,8,7;2,0,4,9,8;3,0,5,11,10,9;4,0,1,6,12,11;5,1,7,14,13,12;6,1,2,8,15,14;7,2,3,9,16,15;8,3,4,10,17,16;9,4,11,18,17;10,4,5,12,19,18;11,5,6,13,19;12,6,14,20,19;13,6,7,15,20;14,7,8,16,21,20;15,8,9,17,22,21;16,9,10,18,22;17,10,11,19,23,22;18,11,12,13,20,23;19,13,14,15,21,23;20,15,16,22,23;21,16,17,18,23;22,18,19,20,21
C44#27 24 1,5,4,3,2;0,2,7,6,5;1,0,3,8,7;2,0,4,9,8;3,0,5,11,10,9;4,0,1,6,12,11;5,1,7,14,13,12;6,1,2,8,15,14;7,2,3,9,16,15;8,3,4,10,17,16;9,4,11,18,17;10,4,5,12,19,18;11,5,6,13,19;12,6,14,20,19;13,6,7,15,21,20;14,7,8,16,21;15,8,9,17,22,21;16,9,10,18,22;17,10,11,19,23,22;18,11,12,13,20,23;19,13,14,21,23;20,14,15,16,22,23;21,16,17,18,23;22,18,19,20,21
C44#28 24 1,5,4,3,2;0,2,7,6,5;1,0,3,8,7;2,0,4,9,8;3,0,5,11,10,9;4,0,1,6,12,11;5,1,7,14,13,12;6,1,2,8,15,14;7,2,3,9,16,15;8,3,4,10,17,16;9,4,11,18,17;10,4,5,12,19,18;11,5,6,13,19;12,6,14,20,19;13,6,7,15,21,20;14,7,8,16,21;15,8,9,17,22,21;16,9,10,18,23,22;17,10,11,19,23;18,11,12,13,20,23;19,13,14,21,22,23;20,14,15,16,22;21,16,17,23,20;22,17,18,19,20
C44#29 24 1,5,4,3,2;0,2,7,6,5;1,0,3,8,7;2,0,4,9,8;3,0,5,11,10,9;4,0,1,6,12,11;5,1,7,14,13,12;6,1,2,8,15,14;7,2,3,9,16,15;8,3,4,10,17,16;9,4,11,18,17;10,4,5,12,19,18;11,5,6,13,19;12,6,14,20,19;13,6,7,15,21,20;14,7,8,16,22,21;15,8,9,17,22;16,9,10,18,23,22;17,10,11,19,23;18,11,12,13,20,23;19,13,14,21,23;20,14,15,22,23;21,15,16,17,23;22,17,18,19,20,21
C44#30 24 1,5,4,3,2;0,2,7,6,5;1,0,3,8,7;2,0,4,9,8;3,0,5,11,10,9;4,0,1,6,12,11;5,1,7,14,13,12;6,1,2,8,15,14;7,2,3,9,16,15;8,3,4,10,17,16;9,4,11,18,17;10,4,5,12,19,18;11,5,6,13,19;12,6,14,20,19;13,6,7,15,21,20;14,7,8,16,22,21;15,8,9,17,22;16,9,10,18,23,22;17,10,11,19,20,23;18,11,12,13,20;19,13,14,21,23,18;20,14,15,22,23;21,15,16,17,23;22,17,18,20,21
C44#31 24 1,5,4,3,2;0,2,7,6,5;1,0,3,8,7;2,0,4,9,8;3,0,5,11,10,9;4,0,1,6,12,11;5,1,7,14,13,12;6,1,2,8,15,14;7,2,3,9,16,15;8,3,4,10,17,16;9,4,11,18,17;10,4,5,12,19,18;11,5,6,13,19;12,6,14,21,20,19;13,6,7,15,21;14,7,8,16,22,21;15,8,9,17,22;16,9,10,18,23,22;17,10,11,19,23;18,11,12,13,20,23;19,13,21,22,23;20,13,14,15,22;21,15,16,17,23,20;22,17,18,19,20
C44#32 24 1,5,4,3,2;0,2,7,6,5;1,0,3,8,7;2,0,4,9,8;3,0,5,11,10,9;4,0,1,6,12,11;5,1,7,14,13,12;6,1,2,8,15,14;7,2,3,9,16,15;8,3,4,10,17,16;9,4,11,18,17;10,4,5,12,19,18;11,5,6,13,19;12,6,14,21,20,19;13,6,7,15,22,21;14,7,8,16,22;15,8,9,17,23,22;16,9,10,18,20,23;17,10,11,19,20;18,11,12,13,20;19,13,21,23,17,18;20,13,14,22,23;21,14,15,16,23;22,16,17,20,21
C44#33 24 1,5,4,3,2;0,2,7,6,5;1,0,3,8,7;2,0,4,9,8;3,0,5,11,10,9;4,0,1,6,12,11;5,1,7,14,13,12;6,1,2,8,15,14;7,2,3,9,16,15;8,3,4,10,17,16;9,4,11,18,17;10,4,5,12,19,18;11,5,6,13,20,19;12,6,14,21,20;13,6,7,15,21;14,7,8,16,22,21;15,8,9,17,23,22;16,9,10,18,23;17,10,11,19,23;18,11,12,20,23;19,12,13,21,22,23;20,13,14,15,22;21,15,16,23,20;22,16,17,18,19,20
C44#34 24 1,5,4,3,2;0,2,7,6,5;1,0,3,8,7;2,0,4,9,8;3,0,5,11,10,9;4,0,1,6,12,11;5,1,7,14,13,12;6,1,2,8,15,14;7,2,3,9,16,15;8,3,4,10,17,16;9,4,11,18,17;10,4,5,12,19,18;11,5,6,13,20,19;12,6,14,21,20;13,6,7,15,21;14,7,8,16,22,21;15,8,9,17,23,22;16,9,10,18,23;17,10,11,19,23;18,11,12,20,22,23;19,12,13,21,22;20,13,14,15,22;21,15,16,23,19,20;22,16,17,18,19
C44#35 24 1,5,4,3,2;0,2,7,6,5;1,0,3,8,7;2,0,4,9,8;3,0,5,11,10,9;4,0,1,6,12,11;5,1,7,14,13,12;6,1,2,8,15,14;7,2,3,9,16,15;8,3,4,10,17,16;9,4,11,19,18,17;10,4,5,12,19;11,5,6,13,20,19;12,6,14,21,20;13,6,7,15,22,21;14,7,8,16,22;15,8,9,17,23,22;16,9,10,18,23;17,10,19,20,23;18,10,11,12,20;19,12,13,21,23,18;20,13,14,22,23;21,14,15,16,23;22,16,17,18,20,21
C44#36 24 1,5,4,3,2;0,2,7,6,5;1,0,3,8,7;2,0,4,10,9,8;3,0,5,11,10;4,0,1,6,12,11;5,1,7,13,12;6,1,2,8,14,13;7,2,3,9,14;8,3,10,16,15,14;9,3,4,11,17,16;10,4,5,12,18,17;11,5,6,13,19,18;12,6,7,14,20,19;13,7,8,9,15,20;14,9,16,21,20;15,9,10,17,22,21;16,10,11,18,22;17,11,12,19,23,22;18,12,13,20,23;19,13,14,15,21,23;20,15,16,22,23;21,16,17,18,23;22,18,19,20,21
C44#37 24 1,5,4,3,2;0,2,7,6,5;1,0,3,8,7;2,0,4,10,9,8;3,0,5,11,10;4,0,1,6,12,11;5,1,7,13,12;6,1,2,8,14,13;7,2,3,9,14;8,3,10,16,15,14;9,3,4,11,17,16;10,4,5,12,18,17;11,5,6,13,19,18;12,6,7,14,20,19;13,7,8,9,15,20;14,9,16,22,21,20;15,9,10,17,22;16,10,11,18,23,22;17,11,12,19,23;18,12,13,20,21,23;19,13,14,15,21;20,15,22,23,19;21,15,16,17,23;22,17,18,19,21
C44#38 24 1,5,4,3,2;0,2,7,6,5;1,0,3,8,7;2,0,4,10,9,8;3,0,5,11,10;4,0,1,6,12,11;5,1,7,13,12;6,1,2,8,14,13;7,2,3,9,15,14;8,3,10,16,15;9,3,4,11,17,16;10,4,5,12,18,17;11,5,6,13,19,18;12,6,7,14,20,19;13,7,8,15,20;14,8,9,16,21,20;15,9,10,17,22,21;16,10,11,18,22;17,11,12,19,23,22;18,12,13,20,23;19,13,14,15,21,23;20,15,16,22,23;21,16,17,18,23;22,18,19,20,21
C44#39 24 1,5,4,3,2;0,2,7,6,5;1,0,3,8,7;2,0,4,10,9,8;3,0,5,11,10;4,0,1,6,12,11;5,1,7,13,12;6,1,2,8,14,13;7,2,3,9,15,14;8,3,10,16,15;9,3,4,11,17,16;10,4,5,12,18,17;11,5,6,13,19,18;12,6,7,14,20,19;13,7,8,15,21,20;14,8,9,16,21;15,9,10,17,22,21;16,10,11,18,22;17,11,12,19,23,22;18,12,13,20,23;19,13,14,21,23;20,14,15,16,22,23;21,16,17,18,23;22,18,19,20,21
C44#40 24 1,5,4,3,2;0,2,7,6,5;1,0,3,8,7;2,0,4,10,9,8;3,0,5,11,10;4,0,1,6,12,11;5,1,7,13,12;6,1,2,8,14,13;7,2,3,9,15,14;8,3,10,16,15;9,3,4,11,17,16;10,4,5,12,18,17;11,5,6,13,19,18;12,6,7,14,20,19;13,7,8,15,21,20;14,8,9,16,21;15,9,10,17,22,21;16,10,11,18,23,22;17,11,12,19,23;18,12,13,20,23;19,13,14,21,22,23;20,14,15,16,22;21,16,17,23,20;22,17,18,19,20
C44#41 24 1,5,4,3,2;0,2,7,6,5;1,0,3,8,7;2,0,4,10,9,8;3,0,5,11,10;4,0,1,6,12,11;5,1,7,13,12;6,1,2,8,14,13;7,2,3,9,15,14;8,3,10,16,15;9,3,4,11,17,16;10,4,5,12,18,17;11,5,6,13,19,18;12,6,7,14,20,19;13,7,8,15,21,20;14,8,9,16,22,21;15,9,10,17,22;16,10,11,18,23,22;17,11,12,19,23;18,12,13,20,23;19,13,14,21,23;20,14,15,22,23;21,15,16,17,23;22,17,18,19,20,21
C44#42 24 1,5,4,3,2;0,2,7,6,5;1,0,3,8,7;2,0,4,10,9,8;3,0,5,11,10;4,0,1,6,12,11;5,1,7,13,12;6,1,2,8,14,13;7,2,3,9,15,14;8,3,10,17,16,15;9,3,4,11,17;10,4,5,12,18,17;11,5,6,13,19,18;12,6,7,14,20,19;13,7,8,15,21,20;14,8,9,16,21;15,9,17,22,21;16,9,10,11,18,22;17,11,12,19,23,22;18,12,13,20,23;19,13,14,21,23;20,14,15,16,22,23;21,16,17,18,23;22,18,19,20,21
C44#43 24 1,5,4,3,2;0,2,7,6,5;1,0,3,8,7;2,0,4,10,9,8;3,0,5,11,10;4,0,1,6,12,11;5,1,7,13,12;6,1,2,8,14,13;7,2,3,9,15,14;8,3,10,17,16,15;9,3,4,11,17;10,4,5,12,18,17;11,5,6,13,19,18;12,6,7,14,20,19;13,7,8,15,21,20;14,8,9,16,21;15,9,17,23,22,21;16,9,10,11,18,23;17,11,12,19,23;18,12,13,20,22,23;19,13,14,21,22;20,14,15,16,22;21,16,23,19,20;22,16,17,18,19
C44#44 24 1,5,4,3,2;0,2,7,6,5;1,0,3,8,7;2,0,4,10,9,8;3,0,5,11,10;4,0,1,6,12,11;5,1,7,13,12;6,1,2,8,14,13;7,2,3,9,15,14;8,3,10,17,16,15;9,3,4,11,18,17;10,4,5,12,18;11,5,6,13,19,18;12,6,7,14,20,19;13,7,8,15,21,20;14,8,9,16,21;15,9,17,23,22,21;16,9,10,18,23;17,10,11,12,19,23;18,12,13,20,22,23;19,13,14,21,22;20,14,15,16,22;21,16,23,19,20;22,16,17,18,19
C44#45 24 1,5,4,3,2;0,2,7,6,5;1,0,3,8,7;2,0,4,10,9,8;3,0,5,11,10;4,0,1,6,12,11;5,1,7,14,13,12;6,1,2,8,15,14;7,2,3,9,16,15;8,3,10,17,16;9,3,4,11,17;10,4,5,12,18,17;11,5,6,13,19,18;12,6,14,20,19;13,6,7,15,20;14,7,8,16,21,20;15,8,9,17,22,21;16,9,10,11,18,22;17,11,12,19,23,22;18,12,13,20,23;19,13,14,15,21,23;20,15,16,22,23;21,16,17,18,23;22,18,19,20,21
C44#46 24 1,5,4,3,2;0,2,7,6,5;1,0,3,8,7;2,0,4,10,9,8;3,0,5,11,10;4,0,1,6,12,11;5,1,7,14,13,12;6,1,2,8,15,14;7,2,3,9,16,15;8,3,10,17,16;9,3,4,11,18,17;10,4,5,12,18;11,5,6,13,19,18;12,6,14,20,19;13,6,7,15,21,20;14,7,8,16,21;15,8,9,17,22,21;16,9,10,18,23,22;17,10,11,12,19,23;18,12,13,20,23;19,13,14,21,22,23;20,14,15,16,22;21,16,17,23,20;22,17,18,19,20
C44#47 24 1,5,4,3,2;0,2,7,6,5;1,0,3,8,7;2,0,4,10,9,8;3,0,5,11,10;4,0,1,6,12,11;5,1,7,14,13,12;6,1,2,8,15,14;7,2,3,9,16,15;8,3,10,17,16;9,3,4,11,18,17;10,4,5,12,18;11,5,6,13,19,18;12,6,14,20,19;13,6,7,15,21,20;14,7,8,16,22,21;15,8,9,17,22;16,9,10,18,23,22;17,10,11,12,19,23;18,12,13,20,23;19,13,14,21,23;20,14,15,22,23;21,15,16,17,23;22,17,18,19,20,21
C44#48 24 1,5,4,3,2;0,2,7,6,5;1,0,3,8,7;2,0,4,10,9,8;3,0,5,11,10;4,0,1,6,12,11;5,1,7,14,13,12;6,1,2,8,15,14;7,2,3,9,16,15;8,3,10,17,16;9,3,4,11,18,17;10,4,5,12,18;11,5,6,13,19,18;12,6,14,21,20,19;13,6,7,15,21;14,7,8,16,22,21;15,8,9,17,22;16,9,10,18,23,22;17,10,11,12,19,23;18,12,13,20,23;19,13,21,22,23;20,13,14,15,22;21,15,16,17,23,20;22,17,18,19,20
C44#49 24 1,5,4,3,2;0,2,7,6,5;1,0,3,8,7;2,0,4,10,9,8;3,0,5,11,10;4,0,1,6,12,11;5,1,7,14,13,12;6,1,2,8,15,14;7,2,3,9,16,15;8,3,10,17,16;9,3,4,11,18,17;10,4,5,12,19,18;11,5,6,13,19;12,6,14,20,19;13,6,7,15,20;14,7,8,16,21,20;15,8,9,17,22,21;16,9,10,18,22;17,10,11,19,23,22;18,11,12,13,20,23;19,13,14,15,21,23;20,15,16,22,23;21,16,17,18,23;22,18,19,20,21
C44#50 24 1,5,4,3,2;0,2,7,6,5;1,0,3,8,7;2,0,4,10,9,8;3,0,5,11,10;4,0,1,6,12,11;5,1,7,14,13,12;6,1,2,8,15,14;7,2,3,9,16,15;8,3,10,17,16;9,3,4,11,18,17;10,4,5,12,19,18;11,5,6,13,19;12,6,14,20,19;13,6,7,15,21,20;14,7,8,16,21;15,8,9,17,22,21;16,9,10,18,22;17,10,11,19,23,22;18,11,12,13,20,23;19,13,14,21,23;20,14,15,16,22,23;21,16,17,18,23;22,18,19,20,21
C44#51 24 1,5,4,3,2;0,2,7,6,5;1,0,3,8,7;2,0,4,10,9,8;3,0,5,11,10;4,0,1,6,12,11;5,1,7,14,13,12;6,1,2,8,15,14;7,2,3,9,16,15;8,3,10,17,16;9,3,4,11,18,17;10,4,5,12,19,18;11,5,6,13,19;12,6,14,20,19;13,6,7,15,21,20;14,7,8,16,21;15,8,9,17,22,21;16,9,10,18,23,22;17,10,11,19,23;18,11,12,13,20,23;19,13,14,21,22,23;20,14,15,16,22;21,16,17,23,20;22,17,18,19,20
C44#52 24 1,5,4,3,2;0,2,7,6,5;1,0,3,8,7;2,0,4,10,9,8;3,0,5,11,10;4,0,1,6,12,11;5,1,7,14,13,12;6,1,2,8,15,14;7,2,3,9,16,15;8,3,10,17,16;9,3,4,11,18,17;10,4,5,12,19,18;11,5,6,13,19;12,6,14,20,19;13,6,7,15,21,20;14,7,8,16,22,21;15,8,9,17,22;16,9,10,18,22;17,10,11,19,23,22;18,11,12,13,20,23;19,13,14,21,23;20,14,15,22,23;21,15,16,17,18,23;22,18,19,20,21
C44#53 24 1,5,4,3,2;0,2,7,6,5;1,0,3,8,7;2,0,4,10,9,8;3,0,5,11,10;4,0,1,6,12,11;5,1,7,14,13,12;6,1,2,8,15,14;7,2,3,9,16,15;8,3,10,17,16;9,3,4,11,18,17;10,4,5,12,19,18;11,5,6,13,19;12,6,14,20,19;13,6,7,15,21,20;14,7,8,16,22,21;15,8,9,17,22;16,9,10,18,23,22;17,10,11,19,23;18,11,12,13,20,23;19,13,14,21,23;20,14,15,22,23;21,15,16,17,23;22,17,18,19,20,21
C44#54 24 1,5,4,3,2;0,2,7,6,5;1,0,3,8,7;2,0,4,10,9,8;3,0,5,11,10;4,0,1,6,12,11;5,1,7,14,13,12;6,1,2,8,15,14;7,2,3,9,16,15;8,3,10,17,16;9,3,4,11,18,17;10,4,5,12,19,18;11,5,6,13,19;12,6,14,21,20,19;13,6,7,15,21;14,7,8,16,21;15,8,9,17,22,21;16,9,10,18,23,22;17,10,11,19,23;18,11,12,13,20,23;19,13,21,22,23;20,13,14,15,16,22;21,16,17,23,20;22,17,18,19,20
C44#55 24 1,5,4,3,2;0,2,7,6,5;1,0,3,8,7;2,0,4,10,9,8;3,0,5,11,10;4,0,1,6,12,11;5,1,7,14,13,12;6,1,2,8,15,14;7,2,3,9,16,15;8,3,10,17,16;9,3,4,11,18,17;10,4,5,12,19,18;11,5,6,13,19;12,6,14,21,20,19;13,6,7,15,21;14,7,8,16,22,21;15,8,9,17,23,22;16,9,10,18,23;17,10,11,19,23;18,11,12,13,20,23;19,13,21,22,23;20,13,14,15,22;21,15,16,23,20;22,16,17,18,19,20
C44#56 24 1,5,4,3,2;0,2,7,6,5;1,0,3,8,7;2,0,4,10,9,8;3,0,5,11,10;4,0,1,6,12,11;5,1,7,14,13,12;6,1,2,8,15,14;7,2,3,9,16,15;8,3,10,17,16;9,3,4,11,18,17;10,4,5,12,19,18;11,5,6,13,19;12,6,14,21,20,19;13,6,7,15,21;14,7,8,16,22,21;15,8,9,17,23,22;16,9,10,18,23;17,10,11,19,20,23;18,11,12,13,20;19,13,21,22,23,18;20,13,14,15,22;21,15,16,23,20;22,16,17,18,20
C44#57 24 1,5,4,3,2;0,2,7,6,5;1,0,3,8,7;2,0,4,10,9,8;3,0,5,11,10;4,0,1,6,12,11;5,1,7,14,13,12;6,1,2,8,15,14;7,2,3,9,16,15;8,3,10,17,16;9,3,4,11,18,17;10,4,5,12,19,18;11,5,6,13,20,19;12,6,14,21,20;13,6,7,15,21;14,7,8,16,22,21;15,8,9,17,22;16,9,10,18,22;17,10,11,19,23,22;18,11,12,20,23;19,12,13,21,23;20,13,14,15,22,23;21,15,16,17,18,23;22,18,19,20,21
C44#58 24 1,5,4,3,2;0,2,7,6,5;1,0,3,8,7;2,0,4,10,9,8;3,0,5,11,10;4,0,1,6,12,11;5,1,7,14,13,12;6,1,2,8,15,14;7,2,3,9,16,15;8,3,10,17,16;9,3,4,11,18,17;10,4,5,12,19,18;11,5,6,13,20,19;12,6,14,21,20;13,6,7,15,21;14,7,8,16,22,21;15,8,9,17,22;16,9,10,18,23,22;17,10,11,19,23;18,11,12,20,23;19,12,13,21,23;20,13,14,15,22,23;21,15,16,17,23;22,17,18,19,20,21
C44#59 24 1,5,4,3,2;0,2,7,6,5;1,0,3,8,7;2,0,4,10,9,8;3,0,5,11,10;4,0,1,6,12,11;5,1,7,14,13,12;6,1,2,8,15,14;7,2,3,9,16,15;8,3,10,17,16;9,3,4,11,18,17;10,4,5,12,19,18;11,5,6,13,20,19;12,6,14,21,20;13,6,7,15,21;14,7,8,16,22,21;15,8,9,17,22;16,9,10,18,23,22;17,10,11,19,23;18,11,12,20,23;19,12,13,21,22,23;20,13,14,15,22;21,15,16,17,23,20;22,17,18,19,20
C44#60 24 1,5,4,3,2;0,2,7,6,5;1,0,3,8,7;2,0,4,10,9,8;3,0,5,11,10;4,0,1,6,12,11;5,1,7,14,13,12;6,1,2,8,15,14;7,2,3,9,16,15;8,3,10,17,16;9,3,4,11,18,17;10,4,5,12,19,18;11,5,6,13,20,19;12,6,14,21,20;13,6,7,15,21;14,7,8,16,22,21;15,8,9,17,23,22;16,9,10,18,23;17,10,11,19,23;18,11,12,20,23;19,12,13,21,22,23;20,13,14,15,22;21,15,16,23,20;22,16,17,18,19,20
C44#61 24 1,5,4,3,2;0,2,7,6,5;1,0,3,8,7;2,0,4,10,9,8;3,0,5,11,10;4,0,1,6,12,11;5,1,7,14,13,12;6,1,2,8,15,14;7,2,3,9,16,15;8,3,10,17,16;9,3,4,11,18,17;10,4,5,12,19,18;11,5,6,13,20,19;12,6,14,21,20;13,6,7,15,22,21;14,7,8,16,22;15,8,9,17,22;16,9,10,18,23,22;17,10,11,19,23;18,11,12,20,23;19,12,13,21,23;20,13,14,22,23;21,14,15,16,17,23;22,17,18,19,20,21
C44#62 24 1,5,4,3,2;0,2,7,6,5;1,0,3,8,7;2,0,4,10,9,8;3,0,5,11,10;4,0,1,6,12,11;5,1,7,14,13,12;6,1,2,8,15,14;7,2,3,9,16,15;8,3,10,18,17,16;9,3,4,11,18;10,4,5,12,19,18;11,5,6,13,20,19;12,6,14,21,20;13,6,7,15,21;14,7,8,16,22,21;15,8,9,17,22;16,9,18,23,22;17,9,10,11,19,23;18,11,12,20,23;19,12,13,21,23;20,13,14,15,22,23;21,15,16,17,23;22,17,18,19,20,21
C44#63 24 1,5,4,3,2;0,2,7,6,5;1,0,3,8,7;2,0,4,10,9,8;3,0,5,11,10;4,0,1,6,12,11;5,1,7,14,13,12;6,1,2,8,15,14;7,2,3,9,16,15;8,3,10,18,17,16;9,3,4,11,18;10,4,5,12,19,18;11,5,6,13,20,19;12,6,14,21,20;13,6,7,15,21;14,7,8,16,22,21;15,8,9,17,22;16,9,18,23,22;17,9,10,11,19,23;18,11,12,20,23;19,12,13,21,22,23;20,13,14,15,22;21,15,16,17,23,20;22,17,18,19,20
C44#64 24 1,5,4,3,2;0,2,7,6,5;1,0,3,8,7;2,0,4,10,9,8;3,0,5,11,10;4,0,1,6,12,11;5,1,7,14,13,12;6,1,2,8,15,14;7,2,3,9,16,15;8,3,10,18,17,16;9,3,4,11,18;10,4,5,12,19,18;11,5,6,13,20,19;12,6,14,21,20;13,6,7,15,21;14,7,8,16,22,21;15,8,9,17,22;16,9,18,19,23,22;17,9,10,11,19;18,11,12,20,23,17;19,12,13,21,23;20,13,14,15,22,23;21,15,16,17,23;22,17,19,20,21
C44#65 24 1,5,4,3,2;0,2,7,6,5;1,0,3,8,7;2,0,4,10,9,8;3,0,5,11,10;4,0,1,6,12,11;5,1,7,14,13,12;6,1,2,8,15,14;7,2,3,9,16,15;8,3,10,18,17,16;9,3,4,11,18;10,4,5,12,19,18;11,5,6,13,20,19;12,6,14,21,20;13,6,7,15,21;14,7,8,16,22,21;15,8,9,17,23,22;16,9,18,19,23;17,9,10,11,19;18,11,12,20,23,17;19,12,13,21,22,23;20,13,14,15,22;21,15,16,23,20;22,16,17,19,20
C44#66 24 1,5,4,3,2;0,2,7,6,5;1,0,3,8,7;2,0,4,10,9,8;3,0,5,12,11,10;4,0,1,6,13,12;5,1,7,15,14,13;6,1,2,8,16,15;7,2,3,9,17,16;8,3,10,18,17;9,3,4,11,18;10,4,12,19,18;11,4,5,13,20,19;12,5,6,14,20;13,6,15,21,20;14,6,7,16,22,21;15,7,8,17,22;16,8,9,18,23,22;17,9,10,11,19,23;18,11,12,20,23;19,12,13,14,21,23;20,14,15,22,23;21,15,16,17,23;22,17,18,19,20,21
C44#67 24 1,5,4,3,2;0,2,7,6,5;1,0,3,8,7;2,0,4,10,9,8;3,0,5,12,11,10;4,0,1,6,13,12;5,1,7,15,14,13;6,1,2,8,16,15;7,2,3,9,17,16;8,3,10,18,17;9,3,4,11,18;10,4,12,19,18;11,4,5,13,20,19;12,5,6,14,20;13,6,15,21,20;14,6,7,16,22,21;15,7,8,17,22;16,8,9,18,23,22;17,9,10,11,19,23;18,11,12,20,21,23;19,12,13,14,21;20,14,15,22,23,19;21,15,16,17,23;22,17,18,19,21
C44#68 24 1,5,4,3,2;0,2,7,6,5;1,0,3,8,7;2,0,4,10,9,8;3,0,5,12,11,10;4,0,1,6,13,12;5,1,7,15,14,13;6,1,2,8,16,15;7,2,3,9,17,16;8,3,10,18,17;9,3,4,11,18;10,4,12,19,18;11,4,5,13,20,19;12,5,6,14,20;13,6,15,22,21,20;14,6,7,16,22;15,7,8,17,22;16,8,9,18,23,22;17,9,10,11,19,23;18,11,12,20,21,23;19,12,13,14,21;20,14,22,23,19;21,14,15,16,17,23;22,17,18,19,21
C44#69 24 1,5,4,3,2;0,2,7,6,5;1,0,3,8,7;2,0,4,10,9,8;3,0,5,12,11,10;4,0,1,6,13,12;5,1,7,15,14,13;6,1,2,8,16,15;7,2,3,9,17,16;8,3,10,18,17;9,3,4,11,18;10,4,12,19,18;11,4,5,13,20,19;12,5,6,14,20;13,6,15,22,21,20;14,6,7,16,22;15,7,8,17,23,22;16,8,9,18,23;17,9,10,11,19,23;18,11,12,20,21,23;19,12,13,14,21;20,14,22,23,19;21,14,15,16,23;22,16,17,18,19,21
C44#70 24 1,5,4,3,2;0,2,7,6,5;1,0,3,8,7;2,0,4,10,9,8;3,0,5,12,11,10;4,0,1,6,13,12;5,1,7,15,14,13;6,1,2,8,16,15;7,2,3,9,17,16;8,3,10,18,17;9,3,4,11,18;10,4,12,19,18;11,4,5,13,20,19;12,5,6,14,21,20;13,6,15,22,21;14,6,7,16,22;15,7,8,17,22;16,8,9,18,23,22;17,9,10,11,19,23;18,11,12,20,23;19,12,13,21,23;20,13,14,22,23;21,14,15,16,17,23;22,17,18,19,20,21
C44#71 24 1,5,4,3,2;0,2,7,6,5;1,0,3,8,7;2,0,4,10,9,8;3,0,5,12,11,10;4,0,1,6,13,12;5,1,7,15,14,13;6,1,2,8,16,15;7,2,3,9,17,16;8,3,10,18,17;9,3,4,11,18;10,4,12,20,19,18;11,4,5,13,20;12,5,6,14,20;13,6,15,22,21,20;14,6,7,16,22;15,7,8,17,22;16,8,9,18,23,22;17,9,10,11,19,23;18,11,20,21,23;19,11,12,13,14,21;20,14,22,23,19;21,14,15,16,17,23;22,17,18,19,21
C44#72 24 1,5,4,3,2;0,2,7,6,5;1,0,3,8,7;2,0,4,10,9,8;3,0,5,12,11,10;4,0,1,6,13,12;5,1,7,15,14,13;6,1,2,8,16,15;7,2,3,9,17,16;8,3,10,18,17;9,3,4,11,19,18;10,4,12,20,19;11,4,5,13,20;12,5,6,14,21,20;13,6,15,22,21;14,6,7,16,22;15,7,8,17,23,22;16,8,9,18,23;17,9,10,19,23;18,10,11,20,21,23;19,11,12,13,21;20,13,14,22,23,19;21,14,15,16,23;22,16,17,18,19,21
C44#73 24 1,5,4,3,2;0,2,7,6,5;1,0,3,9,8,7;2,0,4,10,9;3,0,5,12,11,10;4,0,1,6,13,12;5,1,7,14,13;6,1,2,8,15,14;7,2,9,16,15;8,2,3,10,16;9,3,4,11,17,16;10,4,12,18,17;11,4,5,13,19,18;12,5,6,14,20,19;13,6,7,15,21,20;14,7,8,16,22,21;15,8,9,10,17,22;16,10,11,18,23,22;17,11,12,19,23;18,12,13,20,23;19,13,14,21,23;20,14,15,22,23;21,15,16,17,23;22,17,18,19,20,21
C44#74 24 1,5,4,3,2;0,2,7,6,5;1,0,3,9,8,7;2,0,4,10,9;3,0,5,12,11,10;4,0,1,6,13,12;5,1,7,14,13;6,1,2,8,15,14;7,2,9,16,15;8,2,3,10,17,16;9,3,4,11,18,17;10,4,12,19,18;11,4,5,13,19;12,5,6,14,20,19;13,6,7,15,21,20;14,7,8,16,21;15,8,9,17,22,21;16,9,10,18,22;17,10,11,19,23,22;18,11,12,13,20,23;19,13,14,21,23;20,14,15,16,22,23;21,16,17,18,23;22,18,19,20,21
C44#75 24 1,5,4,3,2;0,2,7,6,5;1,0,3,9,8,7;2,0,4,10,9;3,0,5,12,11,10;4,0,1,6,13,12;5,1,7,14,13;6,1,2,8,15,14;7,2,9,16,15;8,2,3,10,17,16;9,3,4,11,18,17;10,4,12,19,18;11,4,5,13,19;12,5,6,14,20,19;13,6,7,15,21,20;14,7,8,16,21;15,8,9,17,22,21;16,9,10,18,23,22;17,10,11,19,23;18,11,12,13,20,23;19,13,14,21,22,23;20,14,15,16,22;21,16,17,23,20;22,17,18,19,20
C44#76 24 1,5,4,3,2;0,2,7,6,5;1,0,3,9,8,7;2,0,4,10,9;3,0,5,12,11,10;4,0,1,6,13,12;5,1,7,14,13;6,1,2,8,15,14;7,2,9,16,15;8,2,3,10,17,16;9,3,4,11,18,17;10,4,12,19,18;11,4,5,13,19;12,5,6,14,20,19;13,6,7,15,21,20;14,7,8,16,22,21;15,8,9,17,22;16,9,10,18,23,22;17,10,11,19,23;18,11,12,13,20,23;19,13,14,21,23;20,14,15,22,23;21,15,16,17,23;22,17,18,19,20,21
C44#77 24 1,5,4,3,2;0,2,7,6,5;1,0,3,9,8,7;2,0,4,10,9;3,0,5,12,11,10;4,0,1,6,13,12;5,1,7,14,13;6,1,2,8,15,14;7,2,9,16,15;8,2,3,10,17,16;9,3,4,11,18,17;10,4,12,19,18;11,4,5,13,20,19;12,5,6,14,20;13,6,7,15,21,20;14,7,8,16,21;15,8,9,17,22,21;16,9,10,18,22;17,10,11,19,23,22;18,11,12,20,23;19,12,13,14,21,23;20,14,15,16,22,23;21,16,17,18,23;22,18,19,20,21
C44#78 24 1,5,4,3,2;0,2,7,6,5;1,0,3,9,8,7;2,0,4,10,9;3,0,5,12,11,10;4,0,1,6,13,12;5,1,7,14,13;6,1,2,8,15,14;7,2,9,16,15;8,2,3,10,17,16;9,3,4,11,18,17;10,4,12,19,18;11,4,5,13,20,19;12,5,6,14,20;13,6,7,15,21,20;14,7,8,16,22,21;15,8,9,17,22;16,9,10,18,23,22;17,10,11,19,23;18,11,12,20,21,23;19,12,13,14,21;20,14,15,22,23,19;21,15,16,17,23;22,17,18,19,21
C44#79 24 1,5,4,3,2;0,2,7,6,5;1,0,3,9,8,7;2,0,4,10,9;3,0,5,12,11,10;4,0,1,6,13,12;5,1,7,14,13;6,1,2,8,15,14;7,2,9,16,15;8,2,3,10,17,16;9,3,4,11,18,17;10,4,12,20,19,18;11,4,5,13,20;12,5,6,14,21,20;13,6,7,15,22,21;14,7,8,16,23,22;15,8,9,17,23;16,9,10,18,23;17,10,11,19,23;18,11,20,21,22,23;19,11,12,13,21;20,13,14,22,19;21,14,15,23,19;22,15,16,17,18,19
C44#80 24 1,5,4,3,2;0,2,7,6,5;1,0,3,9,8,7;2,0,4,10,9;3,0,5,12,11,10;4,0,1,6,13,12;5,1,7,14,13;6,1,2,8,15,14;7,2,9,16,15;8,2,3,10,17,16;9,3,4,11,18,17;10,4,12,20,19,18;11,4,5,13,21,20;12,5,6,14,21;13,6,7,15,22,21;14,7,8,16,23,22;15,8,9,17,23;16,9,10,18,23;17,10,11,19,23;18,11,20,22,23;19,11,12,21,22;20,12,13,14,22;21,14,15,23,19,20;22,15,16,17,18,19
C44#81 24 1,5,4,3,2;0,2,7,6,5;1,0,3,9,8,7;2,0,4,10,9;3,0,5,12,11,10;4,0,1,6,13,12;5,1,7,14,13;6,1,2,8,15,14;7,2,9,17,16,15;8,2,3,10,17;9,3,4,11,18,17;10,4,12,19,18;11,4,5,13,20,19;12,5,6,14,20;13,6,7,15,21,20;14,7,8,16,21;15,8,17,22,21;16,8,9,10,18,22;17,10,11,19,23,22;18,11,12,20,23;19,12,13,14,21,23;20,14,15,16,22,23;21,16,17,18,23;22,18,19,20,21
C44#82 24 1,5,4,3,2;0,2,7,6,5;1,0,3,9,8,7;2,0,4,10,9;3,0,5,12,11,10;4,0,1,6,13,12;5,1,7,14,13;6,1,2,8,15,14;7,2,9,17,16,15;8,2,3,10,17;9,3,4,11,18,17;10,4,12,19,18;11,4,5,13,20,19;12,5,6,14,20;13,6,7,15,21,20;14,7,8,16,21;15,8,17,23,22,21;16,8,9,10,18,23;17,10,11,19,23;18,11,12,20,22,23;19,12,13,14,21,22;20,14,15,16,22;21,16,23,19,20;22,16,17,18,19
C44#83 24 1,5,4,3,2;0,2,7,6,5;1,0,3,9,8,7;2,0,4,10,9;3,0,5,12,11,10;4,0,1,6,13,12;5,1,7,14,13;6,1,2,8,15,14;7,2,9,17,16,15;8,2,3,10,17;9,3,4,11,18,17;10,4,12,19,18;11,4,5,13,20,19;12,5,6,14,21,20;13,6,7,15,21;14,7,8,16,21;15,8,17,23,22,21;16,8,9,10,18,23;17,10,11,19,23;18,11,12,20,22,23;19,12,13,21,22;20,13,14,15,16,22;21,16,23,19,20;22,16,17,18,19
C44#84 24 1,5,4,3,2;0,2,7,6,5;1,0,3,9,8,7;2,0,4,10,9;3,0,5,12,11,10;4,0,1,6,13,12;5,1,7,14,13;6,1,2,8,15,14;7,2,9,17,16,15;8,2,3,10,17;9,3,4,11,18,17;10,4,12,20,19,18;11,4,5,13,21,20;12,5,6,14,21;13,6,7,15,22,21;14,7,8,16,23,22;15,8,17,18,23;16,8,9,10,18;17,10,11,19,23,16;18,11,20,22,23;19,11,12,21,22;20,12,13,14,22;21,14,15,23,19,20;22,15,16,18,19
C44#85 24 1,5,4,3,2;0,2,7,6,5;1,0,3,9,8,7;2,0,4,10,9;3,0,5,12,11,10;4,0,1,6,13,12;5,1,7,14,13;6,1,2,8,15,14;7,2,9,17,16,15;8,2,3,10,17;9,3,4,11,18,17;10,4,12,20,19,18;11,4,5,13,21,20;12,5,6,14,21;13,6,7,15,22,21;14,7,8,16,23,22;15,8,17,18,19,23;16,8,9,10,18;17,10,11,19,16;18,11,20,23,16;19,11,12,21,22,23;20,12,13,14,22;21,14,15,23,20;22,15,16,19,20
C44#86 24 1,5,4,3,2;0,2,7,6,5;1,0,3,9,8,7;2,0,4,10,9;3,0,5,12,11,10;4,0,1,6,13,12;5,1,7,15,14,13;6,1,2,8,15;7,2,9,16,15;8,2,3,10,17,16;9,3,4,11,18,17;10,4,12,19,18;11,4,5,13,20,19;12,5,6,14,20;13,6,15,21,20;14,6,7,8,16,21;15,8,9,17,22,21;16,9,10,18,22;17,10,11,19,23,22;18,11,12,20,23;19,12,13,14,21,23;20,14,15,16,22,23;21,16,17,18,23;22,18,19,20,21
C44#87 24 1,5,4,3,2;0,2,7,6,5;1,0,3,9,8,7;2,0,4,10,9;3,0,5,12,11,10;4,0,1,6,13,12;5,1,7,15,14,13;6,1,2,8,15;7,2,9,16,15;8,2,3,10,17,16;9,3,4,11,18,17;10,4,12,19,18;11,4,5,13,20,19;12,5,6,14,20;13,6,15,22,21,20;14,6,7,8,16,22;15,8,9,17,23,22;16,9,10,18,23;17,10,11,19,23;18,11,12,20,21,23;19,12,13,14,21;20,14,22,23,19;21,14,15,16,23;22,16,17,18,19,21
C44#88 24 1,5,4,3,2;0,2,7,6,5;1,0,3,9,8,7;2,0,4,10,9;3,0,5,12,11,10;4,0,1,6,13,12;5,1,7,15,14,13;6,1,2,8,16,15;7,2,9,17,16;8,2,3,10,18,17;9,3,4,11,19,18;10,4,12,20,19;11,4,5,13,20;12,5,6,14,20;13,6,15,22,21,20;14,6,7,16,22;15,7,8,17,22;16,8,9,18,23,22;17,9,10,19,23;18,10,11,20,21,23;19,11,12,13,14,21;20,14,22,23,19;21,14,15,16,17,23;22,17,18,19,21
C46#0 25 1,5,4,3,2;0,2,7,6,5;1,0,3,8,7;2,0,4,9,8;3,0,5,10,9;4,0,1,6,11,10;5,1,7,12,11;6,1,2,8,13,12;7,2,3,9,14,13;8,3,4,10,15,14;9,4,5,11,16,15;10,5,6,12,17,16;11,6,7,13,18,17;12,7,8,14,19,18;13,8,9,15,20,19;14,9,10,16,21,20;15,10,11,17,22,21;16,11,12,18,23,22;17,12,13,19,23;18,13,14,20,24,23;19,14,15,21,24;20,15,16,22,24;21,16,17,23,24;22,17,18,19,24;23,19,20,21,22
C46#1 25 1,5,4,3,2;0,2,7,6,5;1,0,3,8,7;2,0,4,9,8;3,0,5,10,9;4,0,1,6,11,10;5,1,7,13,12,11;6,1,2,8,14,13;7,2,3,9,15,14;8,3,4,10,16,15;9,4,5,11,17,16;10,5,6,12,17;11,6,13,19,18,17;12,6,7,14,20,19;13,7,8,15,21,20;14,8,9,16,22,21;15,9,10,17,23,22;16,10,11,12,18,23;17,12,19,24,23;18,12,13,20,24;19,13,14,21,24;20,14,15,22,24;21,15,16,23,24;22,16,17,18,24;23,18,19,20,21,22
C46#2 25 1,5,4,3,2;0,2,7,6,5;1,0,3,8,7;2,0,4,9,8;3,0,5,10,9;4,0,1,6,11,10;5,1,7,13,12,11;6,1,2,8,14,13;7,2,3,9,15,14;8,3,4,10,16,15;9,4,5,11,17,16;10,5,6,12,18,17;11,6,13,19,18;12,6,7,14,20,19;13,7,8,15,20;14,8,9,16,21,20;15,9,10,17,22,21;16,10,11,18,23,22;17,11,12,19,23;18,12,13,20,24,23;19,13,14,15,21,24;20,15,16,22,24;21,16,17,23,24;22,17,18,19,24;23,19,20,21,22
C46#3 25 1,5,4,3,2;0,2,7,6,5;1,0,3,8,7;2,0,4,9,8;3,0,5,10,9;4,0,1,6,11,10;5,1,7,13,12,11;6,1,2,8,14,13;7,2,3,9,15,14;8,3,4,10,16,15;9,4,5,11,17,16;10,5,6,12,18,17;11,6,13,19,18;12,6,7,14,20,19;13,7,8,15,21,20;14,8,9,16,21;15,9,10,17,22,21;16,10,11,18,23,22;17,11,12,19,23;18,12,13,20,24,23;19,13,14,21,24;20,14,15,16,22,24;21,16,17,23,24;22,17,18,19,24;23,19,20,21,22
C46#4 25 1,5,4,3,2;0,2,7,6,5;1,0,3,8,7;2,0,4,9,8;3,0,5,10,9;4,0,1,6,11,10;5,1,7,13,12,11;6,1,2,8,14,13;7,2,3,9,15,14;8,3,4,10,16,15;9,4,5,11,17,16;10,5,6,12,18,17;11,6,13,19,18;12,6,7,14,20,19;13,7,8,15,21,20;14,8,9,16,22,21;15,9,10,17,22;16,10,11,18,23,22;17,11,12,19,23;18,12,13,20,24,23;19,13,14,21,24;20,14,15,22,24;21,15,16,17,23,24;22,17,18,19,24;23,19,20,21,22
C46#5 25 1,5,4,3,2;0,2,7,6,5;1,0,3,8,7;2,0,4,9,8;3,0,5,10,9;4,0,1,6,11,10;5,1,7,13,12,11;6,1,2,8,14,13;7,2,3,9,15,14;8,3,4,10,16,15;9,4,5,11,17,16;10,5,6,12,18,17;11,6,13,19,18;12,6,7,14,20,19;13,7,8,15,21,20;14,8,9,16,22,21;15,9,10,17,22;16,10,11,18,23,22;17,11,12,19,24,23;18,12,13,20,24;19,13,14,21,24;20,14,15,22,23,24;21,15,16,17,23;22,17,18,24,21;23,18,19,20,21
C46#6 25 1,5,4,3,2;0,2,7,6,5;1,0,3,8,7;2,0,4,9,8;3,0,5,10,9;4,0,1,6,11,10;5,1,7,13,12,11;6,1,2,8,14,13;7,2,3,9,15,14;8,3,4,10,16,15;9,4,5,11,17,16;10,5,6,12,18,17;11,6,13,19,18;12,6,7,14,20,19;13,7,8,15,21,20;14,8,9,16,22,21;15,9,10,17,23,22;16,10,11,18,23;17,11,12,19,23;18,12,13,20,24,23;19,13,14,21,24;20,14,15,22,24;21,15,16,23,24;22,16,17,18,19,24;23,19,20,21,22
C46#7 25 1,5,4,3,2;0,2,7,6,5;1,0,3,8,7;2,0,4,9,8;3,0,5,10,9;4,0,1,6,11,10;5,1,7,13,12,11;6,1,2,8,14,13;7,2,3,9,15,14;8,3,4,10,16,15;9,4,5,11,17,16;10,5,6,12,18,17;11,6,13,19,18;12,6,7,14,20,19;13,7,8,15,21,20;14,8,9,16,22,21;15,9,10,17,23,22;16,10,11,18,23;17,11,12,19,24,23;18,12,13,20,24;19,13,14,21,24;20,14,15,22,24;21,15,16,23,24;22,16,17,18,24;23,18,19,20,21,22
C46#8 25 1,5,4,3,2;0,2,7,6,5;1,0,3,8,7;2,0,4,9,8;3,0,5,10,9;4,0,1,6,11,10;5,1,7,13,12,11;6,1,2,8,14,13;7,2,3,9,15,14;8,3,4,10,16,15;9,4,5,11,17,16;10,5,6,12,18,17;11,6,13,20,19,18;12,6,7,14,20;13,7,8,15,21,20;14,8,9,16,21;15,9,10,17,22,21;16,10,11,18,23,22;17,11,12,19,23;18,12,20,24,23;19,12,13,14,21,24;20,14,15,16,22,24;21,16,17,23,24;22,17,18,19,24;23,19,20,21,22
C46#9 25 1,5,4,3,2;0,2,7,6,5;1,0,3,8,7;2,0,4,9,8;3,0,5,10,9;4,0,1,6,11,10;5,1,7,13,12,11;6,1,2,8,14,13;7,2,3,9,15,14;8,3,4,10,16,15;9,4,5,11,17,16;10,5,6,12,18,17;11,6,13,20,19,18;12,6,7,14,20;13,7,8,15,21,20;14,8,9,16,22,21;15,9,10,17,22;16,10,11,18,23,22;17,11,12,19,23;18,12,20,24,23;19,12,13,14,21,24;20,14,15,22,24;21,15,16,17,23,24;22,17,18,19,24;23,19,20,21,22
C46#10 25 1,5,4,3,2;0,2,7,6,5;1,0,3,8,7;2,0,4,9,8;3,0,5,11,10,9;4,0,1,6,12,11;5,1,7,13,12;6,1,2,8,14,13;7,2,3,9,15,14;8,3,4,10,15;9,4,11,17,16,15;10,4,5,12,18,17;11,5,6,13,19,18;12,6,7,14,20,19;13,7,8,15,21,20;14,8,9,10,16,21;15,10,17,22,21;16,10,11,18,23,22;17,11,12,19,23;18,12,13,20,24,23;19,13,14,21,24;20,14,15,16,22,24;21,16,17,23,24;22,17,18,19,24;23,19,20,21,22
C46#11 25 1,5,4,3,2;0,2,7,6,5;1,0,3,8,7;2,0,4,9,8;3,0,5,11,10,9;4,0,1,6,12,11;5,1,7,13,12;6,1,2,8,14,13;7,2,3,9,15,14;8,3,4,10,16,15;9,4,11,17,16;10,4,5,12,18,17;11,5,6,13,19,18;12,6,7,14,20,19;13,7,8,15,20;14,8,9,16,21,20;15,9,10,17,22,21;16,10,11,18,23,22;17,11,12,19,23;18,12,13,20,24,23;19,13,14,15,21,24;20,15,16,22,24;21,16,17,23,24;22,17,18,19,24;23,19,20,21,22
C46#12 25 1,5,4,3,2;0,2,7,6,5;1,0,3,8,7;2,0,4,9,8;3,0,5,11,10,9;4,0,1,6,12,11;5,1,7,13,12;6,1,2,8,14,13;7,2,3,9,15,14;8,3,4,10,16,15;9,4,11,17,16;10,4,5,12,18,17;11,5,6,13,19,18;12,6,7,14,20,19;13,7,8,15,21,20;14,8,9,16,21;15,9,10,17,22,21;16,10,11,18,23,22;17,11,12,19,23;18,12,13,20,24,23;19,13,14,21,24;20,14,15,16,22,24;21,16,17,23,24;22,17,18,19,24;23,19,20,21,22
C46#13 25 1,5,4,3,2;0,2,7,6,5;1,0,3,8,7;2,0,4,9,8;3,0,5,11,10,9;4,0,1,6,12,11;5,1,7,13,12;6,1,2,8,14,13;7,2,3,9,15,14;8,3,4,10,16,15;9,4,11,17,16;10,4,5,12,18,17;11,5,6,13,19,18;12,6,7,14,20,19;13,7,8,15,21,20;14,8,9,16,22,21;15,9,10,17,22;16,10,11,18,23,22;17,11,12,19,23;18,12,13,20,24,23;19,13,14,21,24;20,14,15,22,24;21,15,16,17,23,24;22,17,18,19,24;23,19,20,21,22
C46#14 25 1,5,4,3,2;0,2,7,6,5;1,0,3,8,7;2,0,4,9,8;3,0,5,11,10,9;4,0,1,6,12,11;5,1,7,13,12;6,1,2,8,14,13;7,2,3,9,15,14;8,3,4,10,16,15;9,4,11,17,16;10,4,5,12,18,17;11,5,6,13,19,18;12,6,7,14,20,19;13,7,8,15,21,20;14,8,9,16,22,21;15,9,10,17,22;16,10,11,18,23,22;17,11,12,19,24,23;18,12,13,20,24;19,13,14,21,24;20,14,15,22,23,24;21,15,16,17,23;22,17,18,24,21;23,18,19,20,21
C46#15 25 1,5,4,3,2;0,2,7,6,5;1,0,3,8,7;2,0,4,9,8;3,0,5,11,10,9;4,0,1,6,12,11;5,1,7,13,12;6,1,2,8,14,13;7,2,3,9,15,14;8,3,4,10,16,15;9,4,11,17,16;10,4,5,12,18,17;11,5,6,13,19,18;12,6,7,14,20,19;13,7,8,15,21,20;14,8,9,16,22,21;15,9,10,17,23,22;16,10,11,18,23;17,11,12,19,23;18,12,13,20,24,23;19,13,14,21,24;20,14,15,22,24;21,15,16,23,24;22,16,17,18,19,24;23,19,20,21,22
C46#16 25 1,5,4,3,2;0,2,7,6,5;1,0,3,8,7;2,0,4,9,8;3,0,5,11,10,9;4,0,1,6,12,11;5,1,7,13,12;6,1,2,8,14,13;7,2,3,9,15,14;8,3,4,10,16,15;9,4,11,17,16;10,4,5,12,18,17;11,5,6,13,19,18;12,6,7,14,20,19;13,7,8,15,21,20;14,8,9,16,22,21;15,9,10,17,23,22;16,10,11,18,23;17,11,12,19,24,23;18,12,13,20,24;19,13,14,21,24;20,14,15,22,24;21,15,16,23,24;22,16,17,18,24;23,18,19,20,21,22
C46#17 25 1,5,4,3,2;0,2,7,6,5;1,0,3,8,7;2,0,4,9,8;3,0,5,11,10,9;4,0,1,6,12,11;5,1,7,13,12;6,1,2,8,14,13;7,2,3,9,15,14;8,3,4,10,16,15;9,4,11,18,17,16;10,4,5,12,18;11,5,6,13,19,18;12,6,7,14,20,19;13,7,8,15,21,20;14,8,9,16,22,21;15,9,10,17,22;16,10,18,23,22;17,10,11,12,19,23;18,12,13,20,24,23;19,13,14,21,24;20,14,15,22,24;21,15,16,17,23,24;22,17,18,19,24;23,19,20,21,22
C46#18 25 1,5,4,3,2;0,2,7,6,5;1,0,3,8,7;2,0,4,9,8;3,0,5,11,10,9;4,0,1,6,12,11;5,1,7,13,12;6,1,2,8,14,13;7,2,3,9,15,14;8,3,4,10,16,15;9,4,11,18,17,16;10,4,5,12,18;11,5,6,13,19,18;12,6,7,14,20,19;13,7,8,15,21,20;14,8,9,16,22,21;15,9,10,17,22;16,10,18,24,23,22;17,10,11,12,19,24;18,12,13,20,24;19,13,14,21,23,24;20,14,15,22,23;21,15,16,17,23;22,17,24,20,21;23,17,18,19,20
C46#19 25 1,5,4,3,2;0,2,7,6,5;1,0,3,8,7;2,0,4,9,8;3,0,5,11,10,9;4,0,1,6,12,11;5,1,7,13,12;6,1,2,8,14,13;7,2,3,9,15,14;8,3,4,10,16,15;9,4,11,18,17,16;10,4,5,12,19,18;11,5,6,13,19;12,6,7,14,20,19;13,7,8,15,21,20;14,8,9,16,22,21;15,9,10,17,22;16,10,18,23,22;17,10,11,19,24,23;18,11,12,13,20,24;19,13,14,21,24;20,14,15,22,23,24;21,15,16,17,23;22,17,18,24,21;23,18,19,20,21
C46#20 25 1,5,4,3,2;0,2,7,6,5;1,0,3,8,7;2,0,4,9,8;3,0,5,11,10,9;4,0,1,6,12,11;5,1,7,13,12;6,1,2,8,14,13;7,2,3,9,15,14;8,3,4,10,16,15;9,4,11,18,17,16;10,4,5,12,19,18;11,5,6,13,19;12,6,7,14,20,19;13,7,8,15,21,20;14,8,9,16,22,21;15,9,10,17,22;16,10,18,24,23,22;17,10,11,19,24;18,11,12,13,20,24;19,13,14,21,23,24;20,14,15,22,23;21,15,16,17,23;22,17,24,20,21;23,17,18,19,20
C46#21 25 1,5,4,3,2;0,2,7,6,5;1,0,3,8,7;2,0,4,9,8;3,0,5,11,10,9;4,0,1,6,12,11;5,1,7,14,13,12;6,1,2,8,15,14;7,2,3,9,16,15;8,3,4,10,17,16;9,4,11,18,17;10,4,5,12,18;11,5,6,13,19,18;12,6,14,20,19;13,6,7,15,20;14,7,8,16,21,20;15,8,9,17,22,21;16,9,10,18,23,22;17,10,11,12,19,23;18,12,13,20,24,23;19,13,14,15,21,24;20,15,16,22,24;21,16,17,23,24;22,17,18,19,24;23,19,20,21,22
C46#22 25 1,5,4,3,2;0,2,7,6,5;1,0,3,8,7;2,0,4,9,8;3,0,5,11,10,9;4,0,1,6,12,11;5,1,7,14,13,12;6,1,2,8,15,14;7,2,3,9,16,15;8,3,4,10,17,16;9,4,11,18,17;10,4,5,12,18;11,5,6,13,19,18;12,6,14,20,19;13,6,7,15,21,20;14,7,8,16,21;15,8,9,17,22,21;16,9,10,18,23,22;17,10,11,12,19,23;18,12,13,20,24,23;19,13,14,21,24;20,14,15,16,22,24;21,16,17,23,24;22,17,18,19,24;23,19,20,21,22
C46#23 25 1,5,4,3,2;0,2,7,6,5;1,0,3,8,7;2,0,4,9,8;3,0,5,11,10,9;4,0,1,6,12,11;5,1,7,14,13,12;6,1,2,8,15,14;7,2,3,9,16,15;8,3,4,10,17,16;9,4,11,18,17;10,4,5,12,18;11,5,6,13,19,18;12,6,14,20,19;13,6,7,15,21,20;14,7,8,16,22,21;15,8,9,17,22;16,9,10,18,23,22;17,10,11,12,19,23;18,12,13,20,24,23;19,13,14,21,24;20,14,15,22,24;21,15,16,17,23,24;22,17,18,19,24;23,19,20,21,22
C46#24 25 1,5,4,3,2;0,2,7,6,5;1,0,3,8,7;2,0,4,9,8;3,0,5,11,10,9;4,0,1,6,12,11;5,1,7,14,13,12;6,1,2,8,15,14;7,2,3,9,16,15;8,3,4,10,17,16;9,4,11,18,17;10,4,5,12,18;11,5,6,13,19,18;12,6,14,21,20,19;13,6,7,15,21;14,7,8,16,22,21;15,8,9,17,23,22;16,9,10,18,24,23;17,10,11,12,19,24;18,12,13,20,24;19,13,21,22,23,24;20,13,14,15,22;21,15,16,23,20;22,16,17,24,20;23,17,18,19,20
C46#25 25 1,5,4,3,2;0,2,7,6,5;1,0,3,8,7;2,0,4,9,8;3,0,5,11,10,9;4,0,1,6,12,11;5,1,7,14,13,12;6,1,2,8,15,14;7,2,3,9,16,15;8,3,4,10,17,16;9,4,11,18,17;10,4,5,12,18;11,5,6,13,19,18;12,6,14,21,20,19;13,6,7,15,22,21;14,7,8,16,22;15,8,9,17,23,22;16,9,10,18,24,23;17,10,11,12,19,24;18,12,13,20,24;19,13,21,23,24;20,13,14,22,23;21,14,15,16,23;22,16,17,24,20,21;23,17,18,19,20
C46#26 25 1,5,4,3,2;0,2,7,6,5;1,0,3,8,7;2,0,4,9,8;3,0,5,11,10,9;4,0,1,6,12,11;5,1,7,14,13,12;6,1,2,8,15,14;7,2,3,9,16,15;8,3,4,10,17,16;9,4,11,18,17;10,4,5,12,19,18;11,5,6,13,19;12,6,14,20,19;13,6,7,15,21,20;14,7,8,16,22,21;15,8,9,17,22;16,9,10,18,23,22;17,10,11,19,24,23;18,11,12,13,20,24;19,13,14,21,24;20,14,15,22,23,24;21,15,16,17,23;22,17,18,24,21;23,18,19,20,21
C46#27 25 1,5,4,3,2;0,2,7,6,5;1,0,3,8,7;2,0,4,9,8;3,0,5,11,10,9;4,0,1,6,12,11;5,1,7,14,13,12;6,1,2,8,15,14;7,2,3,9,16,15;8,3,4,10,17,16;9,4,11,18,17;10,4,5,12,19,18;11,5,6,13,19;12,6,14,20,19;13,6,7,15,21,20;14,7,8,16,22,21;15,8,9,17,23,22;16,9,10,18,23;17,10,11,19,24,23;18,11,12,13,20,24;19,13,14,21,24;20,14,15,22,24;21,15,16,23,24;22,16,17,18,24;23,18,19,20,21,22
C46#28 25 1,5,4,3,2;0,2,7,6,5;1,0,3,8,7;2,0,4,9,8;3,0,5,11,10,9;4,0,1,6,12,11;5,1,7,14,13,12;6,1,2,8,15,14;7,2,3,9,16,15;8,3,4,10,17,16;9,4,11,18,17;10,4,5,12,19,18;11,5,6,13,19;12,6,14,21,20,19;13,6,7,15,21;14,7,8,16,22,21;15,8,9,17,23,22;16,9,10,18,24,23;17,10,11,19,24;18,11,12,13,20,24;19,13,21,22,23,24;20,13,14,15,22;21,15,16,23,20;22,16,17,24,20;23,17,18,19,20
C46#29 25 1,5,4,3,2;0,2,7,6,5;1,0,3,8,7;2,0,4,9,8;3,0,5,11,10,9;4,0,1,6,12,11;5,1,7,14,13,12;6,1,2,8,15,14;7,2,3,9,16,15;8,3,4,10,17,16;9,4,11,18,17;10,4,5,12,19,18;11,5,6,13,19;12,6,14,21,20,19;13,6,7,15,22,21;14,7,8,16,22;15,8,9,17,23,22;16,9,10,18,24,23;17,10,11,19,24;18,11,12,13,20,24;19,13,21,23,24;20,13,14,22,23;21,14,15,16,23;22,16,17,24,20,21;23,17,18,19,20
C46#30 25 1,5,4,3,2;0,2,7,6,5;1,0,3,8,7;2,0,4,9,8;3,0,5,11,10,9;4,0,1,6,12,11;5,1,7,14,13,12;6,1,2,8,15,14;7,2,3,9,16,15;8,3,4,10,17,16;9,4,11,18,17;10,4,5,12,19,18;11,5,6,13,20,19;12,6,14,21,20;13,6,7,15,21;14,7,8,16,22,21;15,8,9,17,23,22;16,9,10,18,23;17,10,11,19,23;18,11,12,20,24,23;19,12,13,21,24;20,13,14,15,22,24;21,15,16,23,24;22,16,17,18,19,24;23,19,20,21,22
C46#31 25 1,5,4,3,2;0,2,7,6,5;1,0,3,8,7;2,0,4,9,8;3,0,5,11,10,9;4,0,1,6,12,11;5,1,7,14,13,12;6,1,2,8,15,14;7,2,3,9,16,15;8,3,4,10,17,16;9,4,11,18,17;10,4,5,12,19,18;11,5,6,13,20,19;12,6,14,21,20;13,6,7,15,21;14,7,8,16,22,21;15,8,9,17,23,22;16,9,10,18,23;17,10,11,19,24,23;18,11,12,20,24;19,12,13,21,24;20,13,14,15,22,24;21,15,16,23,24;22,16,17,18,24;23,18,19,20,21,22
C46#32 25 1,5,4,3,2;0,2,7,6,5;1,0,3,8,7;2,0,4,9,8;3,0,5,11,10,9;4,0,1,6,12,11;5,1,7,14,13,12;6,1,2,8,15,14;7,2,3,9,16,15;8,3,4,10,17,16;9,4,11,18,17;10,4,5,12,19,18;11,5,6,13,20,19;12,6,14,21,20;13,6,7,15,22,21;14,7,8,16,22;15,8,9,17,23,22;16,9,10,18,23;17,10,11,19,23;18,11,12,20,24,23;19,12,13,21,24;20,13,14,22,24;21,14,15,16,23,24;22,16,17,18,19,24;23,19,20,21,22
C46#33 25 1,5,4,3,2;0,2,7,6,5;1,0,3,8,7;2,0,4,9,8;3,0,5,11,10,9;4,0,1,6,12,11;5,1,7,14,13,12;6,1,2,8,15,14;7,2,3,9,16,15;8,3,4,10,17,16;9,4,11,18,17;10,4,5,12,19,18;11,5,6,13,20,19;12,6,14,21,20;13,6,7,15,22,21;14,7,8,16,22;15,8,9,17,23,22;16,9,10,18,23;17,10,11,19,24,23;18,11,12,20,24;19,12,13,21,24;20,13,14,22,24;21,14,15,16,23,24;22,16,17,18,24;23,18,19,20,21,22
C46#34 25 1,5,4,3,2;0,2,7,6,5;1,0,3,8,7;2,0,4,9,8;3,0,5,11,10,9;4,0,1,6,12,11;5,1,7,14,13,12;6,1,2,8,15,14;7,2,3,9,16,15;8,3,4,10,17,16;9,4,11,18,17;10,4,5,12,19,18;11,5,6,13,20,19;12,6,14,21,20;13,6,7,15,22,21;14,7,8,16,22;15,8,9,17,23,22;16,9,10,18,23;17,10,11,19,24,23;18,11,12,20,24;19,12,13,21,24;20,13,14,22,23,24;21,14,15,16,23;22,16,17,18,24,21;23,18,19,20,21
C46#35 25 1,5,4,3,2;0,2,7,6,5;1,0,3,8,7;2,0,4,9,8;3,0,5,11,10,9;4,0,1,6,12,11;5,1,7,14,13,12;6,1,2,8,15,14;7,2,3,9,16,15;8,3,4,10,17,16;9,4,11,18,17;10,4,5,12,19,18;11,5,6,13,20,19;12,6,14,21,20;13,6,7,15,22,21;14,7,8,16,22;15,8,9,17,23,22;16,9,10,18,24,23;17,10,11,19,24;18,11,12,20,24;19,12,13,21,24;20,13,14,22,23,24;21,14,15,16,23;22,16,17,24,21;23,17,18,19,20,21
C46#36 25 1,5,4,3,2;0,2,7,6,5;1,0,3,8,7;2,0,4,9,8;3,0,5,11,10,9;4,0,1,6,12,11;5,1,7,14,13,12;6,1,2,8,15,14;7,2,3,9,16,15;8,3,4,10,17,16;9,4,11,18,17;10,4,5,12,19,18;11,5,6,13,20,19;12,6,14,21,20;13,6,7,15,22,21;14,7,8,16,22;15,8,9,17,23,22;16,9,10,18,24,23;17,10,11,19,24;18,11,12,20,24;19,12,13,21,23,24;20,13,14,22,23;21,14,15,16,23;22,16,17,24,20,21;23,17,18,19,20
C46#37 25 1,5,4,3,2;0,2,7,6,5;1,0,3,8,7;2,0,4,9,8;3,0,5,11,10,9;4,0,1,6,12,11;5,1,7,14,13,12;6,1,2,8,15,14;7,2,3,9,16,15;8,3,4,10,17,16;9,4,11,18,17;10,4,5,12,19,18;11,5,6,13,20,19;12,6,14,21,20;13,6,7,15,22,21;14,7,8,16,23,22;15,8,9,17,23;16,9,10,18,23;17,10,11,19,24,23;18,11,12,20,24;19,12,13,21,24;20,13,14,22,24;21,14,15,23,24;22,15,16,17,18,24;23,18,19,20,21,22
C46#38 25 1,5,4,3,2;0,2,7,6,5;1,0,3,8,7;2,0,4,9,8;3,0,5,11,10,9;4,0,1,6,12,11;5,1,7,14,13,12;6,1,2,8,15,14;7,2,3,9,16,15;8,3,4,10,17,16;9,4,11,19,18,17;10,4,5,12,19;11,5,6,13,20,19;12,6,14,21,20;13,6,7,15,22,21;14,7,8,16,22;15,8,9,17,23,22;16,9,10,18,23;17,10,19,24,23;18,10,11,12,20,24;19,12,13,21,24;20,13,14,22,24;21,14,15,16,23,24;22,16,17,18,24;23,18,19,20,21,22
C46#39 25 1,5,4,3,2;0,2,7,6,5;1,0,3,8,7;2,0,4,9,8;3,0,5,11,10,9;4,0,1,6,12,11;5,1,7,14,13,12;6,1,2,8,15,14;7,2,3,9,16,15;8,3,4,10,17,16;9,4,11,19,18,17;10,4,5,12,19;11,5,6,13,20,19;12,6,14,21,20;13,6,7,15,22,21;14,7,8,16,22;15,8,9,17,23,22;16,9,10,18,23;17,10,19,24,23;18,10,11,12,20,24;19,12,13,21,24;20,13,14,22,23,24;21,14,15,16,23;22,16,17,18,24,21;23,18,19,20,21
C46#40 25 1,5,4,3,2;0,2,7,6,5;1,0,3,8,7;2,0,4,9,8;3,0,5,11,10,9;4,0,1,6,12,11;5,1,7,14,13,12;6,1,2,8,15,14;7,2,3,9,16,15;8,3,4,10,17,16;9,4,11,19,18,17;10,4,5,12,19;11,5,6,13,20,19;12,6,14,21,20;13,6,7,15,22,21;14,7,8,16,22;15,8,9,17,23,22;16,9,10,18,24,23;17,10,19,20,24;18,10,11,12,20;19,12,13,21,24,18;20,13,14,22,23,24;21,14,15,16,23;22,16,17,24,21;23,17,18,20,21
C46#41 25 1,5,4,3,2;0,2,7,6,5;1,0,3,8,7;2,0,4,9,8;3,0,5,11,10,9;4,0,1,6,12,11;5,1,7,14,13,12;6,1,2,8,15,14;7,2,3,9,16,15;8,3,4,10,17,16;9,4,11,19,18,17;10,4,5,12,19;11,5,6,13,20,19;12,6,14,22,21,20;13,6,7,15,23,22;14,7,8,16,23;15,8,9,17,24,23;16,9,10,18,21,24;17,10,19,20,21;18,10,11,12,20;19,12,13,21,18;20,13,22,24,17,18;21,13,14,23,24;22,14,15,16,24;23,16,17,21,22
C46#42 25 1,5,4,3,2;0,2,7,6,5;1,0,3,8,7;2,0,4,10,9,8;3,0,5,11,10;4,0,1,6,12,11;5,1,7,13,12;6,1,2,8,14,13;7,2,3,9,15,14;8,3,10,16,15;9,3,4,11,17,16;10,4,5,12,18,17;11,5,6,13,19,18;12,6,7,14,20,19;13,7,8,15,21,20;14,8,9,16,21;15,9,10,17,22,21;16,10,11,18,23,22;17,11,12,19,23;18,12,13,20,24,23;19,13,14,21,24;20,14,15,16,22,24;21,16,17,23,24;22,17,18,19,24;23,19,20,21,22
C46#43 25 1,5,4,3,2;0,2,7,6,5;1,0,3,8,7;2,0,4,10,9,8;3,0,5,11,10;4,0,1,6,12,11;5,1,7,13,12;6,1,2,8,14,13;7,2,3,9,15,14;8,3,10,16,15;9,3,4,11,17,16;10,4,5,12,18,17;11,5,6,13,19,18;12,6,7,14,20,19;13,7,8,15,21,20;14,8,9,16,22,21;15,9,10,17,22;16,10,11,18,23,22;17,11,12,19,23;18,12,13,20,24,23;19,13,14,21,24;20,14,15,22,24;21,15,16,17,23,24;22,17,18,19,24;23,19,20,21,22
C46#44 25 1,5,4,3,2;0,2,7,6,5;1,0,3,8,7;2,0,4,10,9,8;3,0,5,11,10;4,0,1,6,12,11;5,1,7,13,12;6,1,2,8,14,13;7,2,3,9,15,14;8,3,10,16,15;9,3,4,11,17,16;10,4,5,12,18,17;11,5,6,13,19,18;12,6,7,14,20,19;13,7,8,15,21,20;14,8,9,16,22,21;15,9,10,17,22;16,10,11,18,23,22;17,11,12,19,24,23;18,12,13,20,24;19,13,14,21,24;20,14,15,22,23,24;21,15,16,17,23;22,17,18,24,21;23,18,19,20,21
C46#45 25 1,5,4,3,2;0,2,7,6,5;1,0,3,8,7;2,0,4,10,9,8;3,0,5,11,10;4,0,1,6,12,11;5,1,7,13,12;6,1,2,8,14,13;7,2,3,9,15,14;8,3,10,16,15;9,3,4,11,17,16;10,4,5,12,18,17;11,5,6,13,19,18;12,6,7,14,20,19;13,7,8,15,21,20;14,8,9,16,22,21;15,9,10,17,23,22;16,10,11,18,23;17,11,12,19,24,23;18,12,13,20,24;19,13,14,21,24;20,14,15,22,24;21,15,16,23,24;22,16,17,18,24;23,18,19,20,21,22
C46#46 25 1,5,4,3,2;0,2,7,6,5;1,0,3,8,7;2,0,4,10,9,8;3,0,5,11,10;4,0,1,6,12,11;5,1,7,13,12;6,1,2,8,14,13;7,2,3,9,15,14;8,3,10,17,16,15;9,3,4,11,17;10,4,5,12,18,17;11,5,6,13,19,18;12,6,7,14,20,19;13,7,8,15,21,20;14,8,9,16,21;15,9,17,23,22,21;16,9,10,11,18,23;17,11,12,19,24,23;18,12,13,20,24;19,13,14,21,22,24;20,14,15,16,22;21,16,23,24,20;22,16,17,18,24;23,18,19,20,22
C46#47 25 1,5,4,3,2;0,2,7,6,5;1,0,3,8,7;2,0,4,10,9,8;3,0,5,11,10;4,0,1,6,12,11;5,1,7,13,12;6,1,2,8,14,13;7,2,3,9,15,14;8,3,10,17,16,15;9,3,4,11,17;10,4,5,12,18,17;11,5,6,13,19,18;12,6,7,14,20,19;13,7,8,15,21,20;14,8,9,16,22,21;15,9,17,23,22;16,9,10,11,18,23;17,11,12,19,24,23;18,12,13,20,24;19,13,14,21,24;20,14,15,22,24;21,15,16,23,24;22,16,17,18,24;23,18,19,20,21,22
C46#48 25 1,5,4,3,2;0,2,7,6,5;1,0,3,8,7;2,0,4,10,9,8;3,0,5,11,10;4,0,1,6,12,11;5,1,7,13,12;6,1,2,8,14,13;7,2,3,9,15,14;8,3,10,17,16,15;9,3,4,11,18,17;10,4,5,12,18;11,5,6,13,19,18;12,6,7,14,20,19;13,7,8,15,21,20;14,8,9,16,21;15,9,17,22,21;16,9,10,18,23,22;17,10,11,12,19,23;18,12,13,20,24,23;19,13,14,21,24;20,14,15,16,22,24;21,16,17,23,24;22,17,18,19,24;23,19,20,21,22
C46#49 25 1,5,4,3,2;0,2,7,6,5;1,0,3,8,7;2,0,4,10,9,8;3,0,5,11,10;4,0,1,6,12,11;5,1,7,13,12;6,1,2,8,14,13;7,2,3,9,15,14;8,3,10,17,16,15;9,3,4,11,18,17;10,4,5,12,19,18;11,5,6,13,20,19;12,6,7,14,21,20;13,7,8,15,22,21;14,8,9,16,22;15,9,17,23,22;16,9,10,18,23;17,10,11,19,23;18,11,12,20,24,23;19,12,13,21,24;20,13,14,22,24;21,14,15,16,23,24;22,16,17,18,19,24;23,19,20,21,22
C46#50 25 1,5,4,3,2;0,2,7,6,5;1,0,3,8,7;2,0,4,10,9,8;3,0,5,11,10;4,0,1,6,12,11;5,1,7,13,12;6,1,2,8,14,13;7,2,3,9,15,14;8,3,10,17,16,15;9,3,4,11,18,17;10,4,5,12,19,18;11,5,6,13,20,19;12,6,7,14,21,20;13,7,8,15,22,21;14,8,9,16,22;15,9,17,23,22;16,9,10,18,23;17,10,11,19,24,23;18,11,12,20,24;19,12,13,21,24;20,13,14,22,24;21,14,15,16,23,24;22,16,17,18,24;23,18,19,20,21,22
C46#51 25 1,5,4,3,2;0,2,7,6,5;1,0,3,8,7;2,0,4,10,9,8;3,0,5,11,10;4,0,1,6,12,11;5,1,7,13,12;6,1,2,8,14,13;7,2,3,9,15,14;8,3,10,17,16,15;9,3,4,11,18,17;10,4,5,12,19,18;11,5,6,13,20,19;12,6,7,14,21,20;13,7,8,15,22,21;14,8,9,16,22;15,9,17,23,22;16,9,10,18,23;17,10,11,19,24,23;18,11,12,20,24;19,12,13,21,24;20,13,14,22,23,24;21,14,15,16,23;22,16,17,18,24,21;23,18,19,20,21
C46#52 25 1,5,4,3,2;0,2,7,6,5;1,0,3,8,7;2,0,4,10,9,8;3,0,5,11,10;4,0,1,6,12,11;5,1,7,14,13,12;6,1,2,8,15,14;7,2,3,9,16,15;8,3,10,17,16;9,3,4,11,17;10,4,5,12,18,17;11,5,6,13,19,18;12,6,14,20,19;13,6,7,15,21,20;14,7,8,16,22,21;15,8,9,17,23,22;16,9,10,11,18,23;17,11,12,19,24,23;18,12,13,20,24;19,13,14,21,24;20,14,15,22,24;21,15,16,23,24;22,16,17,18,24;23,18,19,20,21,22
C46#53 25 1,5,4,3,2;0,2,7,6,5;1,0,3,8,7;2,0,4,10,9,8;3,0,5,11,10;4,0,1,6,12,11;5,1,7,14,13,12;6,1,2,8,15,14;7,2,3,9,16,15;8,3,10,17,16;9,3,4,11,18,17;10,4,5,12,18;11,5,6,13,19,18;12,6,14,20,19;13,6,7,15,21,20;14,7,8,16,21;15,8,9,17,22,21;16,9,10,18,23,22;17,10,11,12,19,23;18,12,13,20,24,23;19,13,14,21,24;20,14,15,16,22,24;21,16,17,23,24;22,17,18,19,24;23,19,20,21,22
C46#54 25 1,5,4,3,2;0,2,7,6,5;1,0,3,8,7;2,0,4,10,9,8;3,0,5,11,10;4,0,1,6,12,11;5,1,7,14,13,12;6,1,2,8,15,14;7,2,3,9,16,15;8,3,10,17,16;9,3,4,11,18,17;10,4,5,12,18;11,5,6,13,19,18;12,6,14,21,20,19;13,6,7,15,21;14,7,8,16,22,21;15,8,9,17,23,22;16,9,10,18,24,23;17,10,11,12,19,24;18,12,13,20,24;19,13,21,22,23,24;20,13,14,15,22;21,15,16,23,20;22,16,17,24,20;23,17,18,19,20
C46#55 25 1,5,4,3,2;0,2,7,6,5;1,0,3,8,7;2,0,4,10,9,8;3,0,5,11,10;4,0,1,6,12,11;5,1,7,14,13,12;6,1,2,8,15,14;7,2,3,9,16,15;8,3,10,17,16;9,3,4,11,18,17;10,4,5,12,18;11,5,6,13,19,18;12,6,14,21,20,19;13,6,7,15,22,21;14,7,8,16,22;15,8,9,17,23,22;16,9,10,18,24,23;17,10,11,12,19,24;18,12,13,20,24;19,13,21,23,24;20,13,14,22,23;21,14,15,16,23;22,16,17,24,20,21;23,17,18,19,20
C46#56 25 1,5,4,3,2;0,2,7,6,5;1,0,3,8,7;2,0,4,10,9,8;3,0,5,11,10;4,0,1,6,12,11;5,1,7,14,13,12;6,1,2,8,15,14;7,2,3,9,16,15;8,3,10,17,16;9,3,4,11,18,17;10,4,5,12,19,18;11,5,6,13,19;12,6,14,20,19;13,6,7,15,21,20;14,7,8,16,22,21;15,8,9,17,22;16,9,10,18,23,22;17,10,11,19,24,23;18,11,12,13,20,24;19,13,14,21,24;20,14,15,22,23,24;21,15,16,17,23;22,17,18,24,21;23,18,19,20,21
C46#57 25 1,5,4,3,2;0,2,7,6,5;1,0,3,8,7;2,0,4,10,9,8;3,0,5,11,10;4,0,1,6,12,11;5,1,7,14,13,12;6,1,2,8,15,14;7,2,3,9,16,15;8,3,10,17,16;9,3,4,11,18,17;10,4,5,12,19,18;11,5,6,13,19;12,6,14,20,19;13,6,7,15,21,20;14,7,8,16,22,21;15,8,9,17,23,22;16,9,10,18,23;17,10,11,19,24,23;18,11,12,13,20,24;19,13,14,21,24;20,14,15,22,24;21,15,16,23,24;22,16,17,18,24;23,18,19,20,21,22
C46#58 25 1,5,4,3,2;0,2,7,6,5;1,0,3,8,7;2,0,4,10,9,8;3,0,5,11,10;4,0,1,6,12,11;5,1,7,14,13,12;6,1,2,8,15,14;7,2,3,9,16,15;8,3,10,17,16;9,3,4,11,18,17;10,4,5,12,19,18;11,5,6,13,19;12,6,14,21,20,19;13,6,7,15,21;14,7,8,16,22,21;15,8,9,17,23,22;16,9,10,18,23;17,10,11,19,24,23;18,11,12,13,20,24;19,13,21,22,24;20,13,14,15,22;21,15,16,23,24,20;22,16,17,18,24;23,18,19,20,22
C46#59 25 1,5,4,3,2;0,2,7,6,5;1,0,3,8,7;2,0,4,10,9,8;3,0,5,11,10;4,0,1,6,12,11;5,1,7,14,13,12;6,1,2,8,15,14;7,2,3,9,16,15;8,3,10,17,16;9,3,4,11,18,17;10,4,5,12,19,18;11,5,6,13,19;12,6,14,21,20,19;13,6,7,15,21;14,7,8,16,22,21;15,8,9,17,23,22;16,9,10,18,24,23;17,10,11,19,24;18,11,12,13,20,24;19,13,21,22,23,24;20,13,14,15,22;21,15,16,23,20;22,16,17,24,20;23,17,18,19,20
C46#60 25 1,5,4,3,2;0,2,7,6,5;1,0,3,8,7;2,0,4,10,9,8;3,0,5,11,10;4,0,1,6,12,11;5,1,7,14,13,12;6,1,2,8,15,14;7,2,3,9,16,15;8,3,10,17,16;9,3,4,11,18,17;10,4,5,12,19,18;11,5,6,13,20,19;12,6,14,21,20;13,6,7,15,21;14,7,8,16,22,21;15,8,9,17,22;16,9,10,18,23,22;17,10,11,19,23;18,11,12,20,24,23;19,12,13,21,24;20,13,14,15,22,24;21,15,16,17,23,24;22,17,18,19,24;23,19,20,21,22
C46#61 25 1,5,4,3,2;0,2,7,6,5;1,0,3,8,7;2,0,4,10,9,8;3,0,5,11,10;4,0,1,6,12,11;5,1,7,14,13,12;6,1,2,8,15,14;7,2,3,9,16,15;8,3,10,17,16;9,3,4,11,18,17;10,4,5,12,19,18;11,5,6,13,20,19;12,6,14,21,20;13,6,7,15,21;14,7,8,16,22,21;15,8,9,17,23,22;16,9,10,18,23;17,10,11,19,23;18,11,12,20,24,23;19,12,13,21,24;20,13,14,15,22,24;21,15,16,23,24;22,16,17,18,19,24;23,19,20,21,22
C46#62 25 1,5,4,3,2;0,2,7,6,5;1,0,3,8,7;2,0,4,10,9,8;3,0,5,11,10;4,0,1,6,12,11;5,1,7,14,13,12;6,1,2,8,15,14;7,2,3,9,16,15;8,3,10,17,16;9,3,4,11,18,17;10,4,5,12,19,18;11,5,6,13,20,19;12,6,14,21,20;13,6,7,15,21;14,7,8,16,22,21;15,8,9,17,23,22;16,9,10,18,23;17,10,11,19,24,23;18,11,12,20,24;19,12,13,21,24;20,13,14,15,22,24;21,15,16,23,24;22,16,17,18,24;23,18,19,20,21,22
C46#63 25 1,5,4,3,2;0,2,7,6,5;1,0,3,8,7;2,0,4,10,9,8;3,0,5,11,10;4,0,1,6,12,11;5,1,7,14,13,12;6,1,2,8,15,14;7,2,3,9,16,15;8,3,10,17,16;9,3,4,11,18,17;10,4,5,12,19,18;11,5,6,13,20,19;12,6,14,21,20;13,6,7,15,21;14,7,8,16,22,21;15,8,9,17,23,22;16,9,10,18,23;17,10,11,19,24,23;18,11,12,20,24;19,12,13,21,22,24;20,13,14,15,22;21,15,16,23,24,20;22,16,17,18,24;23,18,19,20,22
C46#64 25 1,5,4,3,2;0,2,7,6,5;1,0,3,8,7;2,0,4,10,9,8;3,0,5,11,10;4,0,1,6,12,11;5,1,7,14,13,12;6,1,2,8,15,14;7,2,3,9,16,15;8,3,10,17,16;9,3,4,11,18,17;10,4,5,12,19,18;11,5,6,13,20,19;12,6,14,21,20;13,6,7,15,22,21;14,7,8,16,22;15,8,9,17,23,22;16,9,10,18,23;17,10,11,19,24,23;18,11,12,20,24;19,12,13,21,24;20,13,14,22,24;21,14,15,16,23,24;22,16,17,18,24;23,18,19,20,21,22
C46#65 25 1,5,4,3,2;0,2,7,6,5;1,0,3,8,7;2,0,4,10,9,8;3,0,5,11,10;4,0,1,6,12,11;5,1,7,14,13,12;6,1,2,8,15,14;7,2,3,9,16,15;8,3,10,17,16;9,3,4,11,18,17;10,4,5,12,19,18;11,5,6,13,20,19;12,6,14,21,20;13,6,7,15,22,21;14,7,8,16,22;15,8,9,17,23,22;16,9,10,18,23;17,10,11,19,24,23;18,11,12,20,24;19,12,13,21,24;20,13,14,22,23,24;21,14,15,16,23;22,16,17,18,24,21;23,18,19,20,21
C46#66 25 1,5,4,3,2;0,2,7,6,5;1,0,3,8,7;2,0,4,10,9,8;3,0,5,11,10;4,0,1,6,12,11;5,1,7,14,13,12;6,1,2,8,15,14;7,2,3,9,16,15;8,3,10,17,16;9,3,4,11,18,17;10,4,5,12,19,18;11,5,6,13,20,19;12,6,14,21,20;13,6,7,15,22,21;14,7,8,16,22;15,8,9,17,23,22;16,9,10,18,24,23;17,10,11,19,24;18,11,12,20,24;19,12,13,21,24;20,13,14,22,23,24;21,14,15,16,23;22,16,17,24,21;23,17,18,19,20,21
C46#67 25 1,5,4,3,2;0,2,7,6,5;1,0,3,8,7;2,0,4,10,9,8;3,0,5,11,10;4,0,1,6,12,11;5,1,7,14,13,12;6,1,2,8,15,14;7,2,3,9,16,15;8,3,10,17,16;9,3,4,11,18,17;10,4,5,12,19,18;11,5,6,13,20,19;12,6,14,21,20;13,6,7,15,22,21;14,7,8,16,22;15,8,9,17,23,22;16,9,10,18,24,23;17,10,11,19,24;18,11,12,20,24;19,12,13,21,23,24;20,13,14,22,23;21,14,15,16,23;22,16,17,24,20,21;23,17,18,19,20
C46#68 25 1,5,4,3,2;0,2,7,6,5;1,0,3,8,7;2,0,4,10,9,8;3,0,5,11,10;4,0,1,6,12,11;5,1,7,14,13,12;6,1,2,8,15,14;7,2,3,9,16,15;8,3,10,17,16;9,3,4,11,18,17;10,4,5,12,19,18;11,5,6,13,20,19;12,6,14,22,21,20;13,6,7,15,22;14,7,8,16,22;15,8,9,17,23,22;16,9,10,18,24,23;17,10,11,19,24;18,11,12,20,24;19,12,13,21,24;20,13,22,23,24;21,13,14,15,16,23;22,16,17,24,21;23,17,18,19,20,21
C46#69 25 1,5,4,3,2;0,2,7,6,5;1,0,3,8,7;2,0,4,10,9,8;3,0,5,11,10;4,0,1,6,12,11;5,1,7,14,13,12;6,1,2,8,15,14;7,2,3,9,16,15;8,3,10,17,16;9,3,4,11,18,17;10,4,5,12,19,18;11,5,6,13,20,19;12,6,14,22,21,20;13,6,7,15,22;14,7,8,16,23,22;15,8,9,17,23;16,9,10,18,24,23;17,10,11,19,24;18,11,12,20,24;19,12,13,21,24;20,13,22,23,24;21,13,14,15,23;22,15,16,17,24,21;23,17,18,19,20,21
C46#70 25 1,5,4,3,2;0,2,7,6,5;1,0,3,8,7;2,0,4,10,9,8;3,0,5,11,10;4,0,1,6,12,11;5,1,7,14,13,12;6,1,2,8,15,14;7,2,3,9,16,15;8,3,10,18,17,16;9,3,4,11,18;10,4,5,12,19,18;11,5,6,13,20,19;12,6,14,21,20;13,6,7,15,21;14,7,8,16,22,21;15,8,9,17,22;16,9,18,23,22;17,9,10,11,19,23;18,11,12,20,24,23;19,12,13,21,24;20,13,14,15,22,24;21,15,16,17,23,24;22,17,18,19,24;23,19,20,21,22
C46#71 25 1,5,4,3,2;0,2,7,6,5;1,0,3,8,7;2,0,4,10,9,8;3,0,5,11,10;4,0,1,6,12,11;5,1,7,14,13,12;6,1,2,8,15,14;7,2,3,9,16,15;8,3,10,18,17,16;9,3,4,11,18;10,4,5,12,19,18;11,5,6,13,20,19;12,6,14,21,20;13,6,7,15,21;14,7,8,16,22,21;15,8,9,17,22;16,9,18,24,23,22;17,9,10,11,19,24;18,11,12,20,24;19,12,13,21,23,24;20,13,14,15,22,23;21,15,16,17,23;22,17,24,20,21;23,17,18,19,20
C46#72 25 1,5,4,3,2;0,2,7,6,5;1,0,3,8,7;2,0,4,10,9,8;3,0,5,11,10;4,0,1,6,12,11;5,1,7,14,13,12;6,1,2,8,15,14;7,2,3,9,16,15;8,3,10,18,17,16;9,3,4,11,18;10,4,5,12,19,18;11,5,6,13,20,19;12,6,14,21,20;13,6,7,15,22,21;14,7,8,16,22;15,8,9,17,22;16,9,18,24,23,22;17,9,10,11,19,24;18,11,12,20,24;19,12,13,21,23,24;20,13,14,22,23;21,14,15,16,17,23;22,17,24,20,21;23,17,18,19,20
C46#73 25 1,5,4,3,2;0,2,7,6,5;1,0,3,8,7;2,0,4,10,9,8;3,0,5,11,10;4,0,1,6,12,11;5,1,7,14,13,12;6,1,2,8,15,14;7,2,3,9,16,15;8,3,10,18,17,16;9,3,4,11,18;10,4,5,12,19,18;11,5,6,13,20,19;12,6,14,21,20;13,6,7,15,22,21;14,7,8,16,22;15,8,9,17,23,22;16,9,18,24,23;17,9,10,11,19,24;18,11,12,20,24;19,12,13,21,24;20,13,14,22,23,24;21,14,15,16,23;22,16,17,24,21;23,17,18,19,20,21
C46#74 25 1,5,4,3,2;0,2,7,6,5;1,0,3,8,7;2,0,4,10,9,8;3,0,5,11,10;4,0,1,6,12,11;5,1,7,14,13,12;6,1,2,8,15,14;7,2,3,9,16,15;8,3,10,18,17,16;9,3,4,11,18;10,4,5,12,19,18;11,5,6,13,20,19;12,6,14,21,20;13,6,7,15,22,21;14,7,8,16,22;15,8,9,17,23,22;16,9,18,24,23;17,9,10,11,19,24;18,11,12,20,24;19,12,13,21,23,24;20,13,14,22,23;21,14,15,16,23;22,16,17,24,20,21;23,17,18,19,20
C46#75 25 1,5,4,3,2;0,2,7,6,5;1,0,3,8,7;2,0,4,10,9,8;3,0,5,11,10;4,0,1,6,12,11;5,1,7,14,13,12;6,1,2,8,15,14;7,2,3,9,16,15;8,3,10,18,17,16;9,3,4,11,18;10,4,5,12,19,18;11,5,6,13,20,19;12,6,14,21,20;13,6,7,15,22,21;14,7,8,16,22;15,8,9,17,23,22;16,9,18,19,24,23;17,9,10,11,19;18,11,12,20,24,17;19,12,13,21,24;20,13,14,22,23,24;21,14,15,16,23;22,16,17,24,21;23,17,19,20,21
C46#76 25 1,5,4,3,2;0,2,7,6,5;1,0,3,8,7;2,0,4,10,9,8;3,0,5,11,10;4,0,1,6,12,11;5,1,7,14,13,12;6,1,2,8,15,14;7,2,3,9,16,15;8,3,10,18,17,16;9,3,4,11,18;10,4,5,12,19,18;11,5,6,13,20,19;12,6,14,21,20;13,6,7,15,22,21;14,7,8,16,23,22;15,8,9,17,23;16,9,18,19,24,23;17,9,10,11,19;18,11,12,20,24,17;19,12,13,21,24;20,13,14,22,24;21,14,15,23,24;22,15,16,17,24;23,17,19,20,21,22
C46#77 25 1,5,4,3,2;0,2,7,6,5;1,0,3,8,7;2,0,4,10,9,8;3,0,5,11,10;4,0,1,6,12,11;5,1,7,14,13,12;6,1,2,8,15,14;7,2,3,9,16,15;8,3,10,18,17,16;9,3,4,11,18;10,4,5,12,19,18;11,5,6,13,20,19;12,6,14,22,21,20;13,6,7,15,22;14,7,8,16,22;15,8,9,17,23,22;16,9,18,24,23;17,9,10,11,19,24;18,11,12,20,24;19,12,13,21,24;20,13,22,23,24;21,13,14,15,16,23;22,16,17,24,21;23,17,18,19,20,21
C46#78 25 1,5,4,3,2;0,2,7,6,5;1,0,3,8,7;2,0,4,10,9,8;3,0,5,11,10;4,0,1,6,12,11;5,1,7,14,13,12;6,1,2,8,15,14;7,2,3,9,16,15;8,3,10,18,17,16;9,3,4,11,18;10,4,5,12,19,18;11,5,6,13,20,19;12,6,14,22,21,20;13,6,7,15,22;14,7,8,16,23,22;15,8,9,17,23;16,9,18,24,23;17,9,10,11,19,24;18,11,12,20,24;19,12,13,21,24;20,13,22,23,24;21,13,14,15,23;22,15,16,17,24,21;23,17,18,19,20,21
C46#79 25 1,5,4,3,2;0,2,7,6,5;1,0,3,8,7;2,0,4,10,9,8;3,0,5,11,10;4,0,1,6,12,11;5,1,7,14,13,12;6,1,2,8,15,14;7,2,3,9,16,15;8,3,10,18,17,16;9,3,4,11,19,18;10,4,5,12,19;11,5,6,13,20,19;12,6,14,21,20;13,6,7,15,22,21;14,7,8,16,22;15,8,9,17,23,22;16,9,18,24,23;17,9,10,19,24;18,10,11,12,20,24;19,12,13,21,23,24;20,13,14,22,23;21,14,15,16,23;22,16,17,24,20,21;23,17,18,19,20
C46#80 25 1,5,4,3,2;0,2,7,6,5;1,0,3,8,7;2,0,4,10,9,8;3,0,5,11,10;4,0,1,6,12,11;5,1,7,14,13,12;6,1,2,8,15,14;7,2,3,9,16,15;8,3,10,18,17,16;9,3,4,11,19,18;10,4,5,12,20,19;11,5,6,13,21,20;12,6,14,22,21;13,6,7,15,22;14,7,8,16,22;15,8,9,17,23,22;16,9,18,24,23;17,9,10,19,24;18,10,11,20,24;19,11,12,21,24;20,12,13,22,23,24;21,13,14,15,16,23;22,16,17,24,21;23,17,18,19,20,21
C46#81 25 1,5,4,3,2;0,2,7,6,5;1,0,3,8,7;2,0,4,10,9,8;3,0,5,11,10;4,0,1,6,12,11;5,1,7,14,13,12;6,1,2,8,15,14;7,2,3,9,16,15;8,3,10,18,17,16;9,3,4,11,19,18;10,4,5,12,20,19;11,5,6,13,21,20;12,6,14,22,21;13,6,7,15,22;14,7,8,16,23,22;15,8,9,17,23;16,9,18,24,23;17,9,10,19,24;18,10,11,20,24;19,11,12,21,24;20,12,13,22,23,24;21,13,14,15,23;22,15,16,17,24,21;23,17,18,19,20,21
C46#82 25 1,5,4,3,2;0,2,7,6,5;1,0,3,8,7;2,0,4,10,9,8;3,0,5,12,11,10;4,0,1,6,13,12;5,1,7,14,13;6,1,2,8,15,14;7,2,3,9,16,15;8,3,10,17,16;9,3,4,11,17;10,4,12,19,18,17;11,4,5,13,20,19;12,5,6,14,21,20;13,6,7,15,22,21;14,7,8,16,23,22;15,8,9,17,18,23;16,9,10,11,18;17,11,19,24,23,16;18,11,12,20,24;19,12,13,21,24;20,13,14,22,24;21,14,15,23,24;22,15,16,18,24;23,18,19,20,21,22
C46#83 25 1,5,4,3,2;0,2,7,6,5;1,0,3,8,7;2,0,4,10,9,8;3,0,5,12,11,10;4,0,1,6,13,12;5,1,7,15,14,13;6,1,2,8,16,15;7,2,3,9,17,16;8,3,10,18,17;9,3,4,11,18;10,4,12,19,18;11,4,5,13,20,19;12,5,6,14,20;13,6,15,21,20;14,6,7,16,21;15,7,8,17,22,21;16,8,9,18,23,22;17,9,10,11,19,23;18,11,12,20,24,23;19,12,13,14,21,24;20,14,15,16,22,24;21,16,17,23,24;22,17,18,19,24;23,19,20,21,22
C46#84 25 1,5,4,3,2;0,2,7,6,5;1,0,3,8,7;2,0,4,10,9,8;3,0,5,12,11,10;4,0,1,6,13,12;5,1,7,15,14,13;6,1,2,8,16,15;7,2,3,9,17,16;8,3,10,18,17;9,3,4,11,18;10,4,12,19,18;11,4,5,13,20,19;12,5,6,14,20;13,6,15,21,20;14,6,7,16,22,21;15,7,8,17,22;16,8,9,18,23,22;17,9,10,11,19,23;18,11,12,20,24,23;19,12,13,14,21,24;20,14,15,22,24;21,15,16,17,23,24;22,17,18,19,24;23,19,20,21,22
C46#85 25 1,5,4,3,2;0,2,7,6,5;1,0,3,8,7;2,0,4,10,9,8;3,0,5,12,11,10;4,0,1,6,13,12;5,1,7,15,14,13;6,1,2,8,16,15;7,2,3,9,17,16;8,3,10,18,17;9,3,4,11,18;10,4,12,19,18;11,4,5,13,20,19;12,5,6,14,20;13,6,15,22,21,20;14,6,7,16,22;15,7,8,17,23,22;16,8,9,18,24,23;17,9,10,11,19,24;18,11,12,20,21,24;19,12,13,14,21;20,14,22,23,24,19;21,14,15,16,23;22,16,17,24,21;23,17,18,19,21
C46#86 25 1,5,4,3,2;0,2,7,6,5;1,0,3,8,7;2,0,4,10,9,8;3,0,5,12,11,10;4,0,1,6,13,12;5,1,7,15,14,13;6,1,2,8,16,15;7,2,3,9,17,16;8,3,10,18,17;9,3,4,11,18;10,4,12,19,18;11,4,5,13,20,19;12,5,6,14,20;13,6,15,22,21,20;14,6,7,16,23,22;15,7,8,17,23;16,8,9,18,24,23;17,9,10,11,19,24;18,11,12,20,21,24;19,12,13,14,21;20,14,22,24,19;21,14,15,23,24;22,15,16,17,24;23,17,18,19,21,22
C46#87 25 1,5,4,3,2;0,2,7,6,5;1,0,3,8,7;2,0,4,10,9,8;3,0,5,12,11,10;4,0,1,6,13,12;5,1,7,15,14,13;6,1,2,8,16,15;7,2,3,9,17,16;8,3,10,18,17;9,3,4,11,18;10,4,12,20,19,18;11,4,5,13,20;12,5,6,14,20;13,6,15,22,21,20;14,6,7,16,22;15,7,8,17,23,22;16,8,9,18,24,23;17,9,10,11,19,24;18,11,20,21,24;19,11,12,13,14,21;20,14,22,23,24,19;21,14,15,16,23;22,16,17,24,21;23,17,18,19,21
C46#88 25 1,5,4,3,2;0,2,7,6,5;1,0,3,8,7;2,0,4,10,9,8;3,0,5,12,11,10;4,0,1,6,13,12;5,1,7,15,14,13;6,1,2,8,16,15;7,2,3,9,17,16;8,3,10,18,17;9,3,4,11,18;10,4,12,20,19,18;11,4,5,13,20;12,5,6,14,21,20;13,6,15,22,21;14,6,7,16,22;15,7,8,17,23,22;16,8,9,18,19,23;17,9,10,11,19;18,11,20,24,23,17;19,11,12,13,21,24;20,13,14,22,24;21,14,15,16,23,24;22,16,17,19,24;23,19,20,21,22
C46#89 25 1,5,4,3,2;0,2,7,6,5;1,0,3,8,7;2,0,4,10,9,8;3,0,5,12,11,10;4,0,1,6,13,12;5,1,7,15,14,13;6,1,2,8,16,15;7,2,3,9,17,16;8,3,10,18,17;9,3,4,11,18;10,4,12,20,19,18;11,4,5,13,20;12,5,6,14,21,20;13,6,15,22,21;14,6,7,16,23,22;15,7,8,17,23;16,8,9,18,24,23;17,9,10,11,19,24;18,11,20,21,24;19,11,12,13,21;20,13,14,22,24,19;21,14,15,23,24;22,15,16,17,24;23,17,18,19,21,22
C46#90 25 1,5,4,3,2;0,2,7,6,5;1,0,3,8,7;2,0,4,10,9,8;3,0,5,12,11,10;4,0,1,6,13,12;5,1,7,15,14,13;6,1,2,8,16,15;7,2,3,9,17,16;8,3,10,18,17;9,3,4,11,18;10,4,12,20,19,18;11,4,5,13,21,20;12,5,6,14,21;13,6,15,22,21;14,6,7,16,22;15,7,8,17,23,22;16,8,9,18,19,23;17,9,10,11,19;18,11,20,24,23,17;19,11,12,21,24;20,12,13,14,22,24;21,14,15,16,23,24;22,16,17,19,24;23,19,20,21,22
C46#91 25 1,5,4,3,2;0,2,7,6,5;1,0,3,8,7;2,0,4,10,9,8;3,0,5,12,11,10;4,0,1,6,13,12;5,1,7,15,14,13;6,1,2,8,16,15;7,2,3,9,17,16;8,3,10,18,17;9,3,4,11,18;10,4,12,20,19,18;11,4,5,13,21,20;12,5,6,14,21;13,6,15,23,22,21;14,6,7,16,23;15,7,8,17,24,23;16,8,9,18,19,24;17,9,10,11,19;18,11,20,22,24,17;19,11,12,21,22;20,12,13,14,22;21,14,23,24,19,20;22,14,15,16,24;23,16,17,19,22
C46#92 25 1,5,4,3,2;0,2,7,6,5;1,0,3,8,7;2,0,4,10,9,8;3,0,5,12,11,10;4,0,1,6,13,12;5,1,7,15,14,13;6,1,2,8,16,15;7,2,3,9,17,16;8,3,10,18,17;9,3,4,11,19,18;10,4,12,20,19;11,4,5,13,20;12,5,6,14,21,20;13,6,15,22,21;14,6,7,16,22;15,7,8,17,23,22;16,8,9,18,23;17,9,10,19,23;18,10,11,20,24,23;19,11,12,13,21,24;20,13,14,22,24;21,14,15,16,23,24;22,16,17,18,19,24;23,19,20,21,22
C46#93 25 1,5,4,3,2;0,2,7,6,5;1,0,3,8,7;2,0,4,10,9,8;3,0,5,12,11,10;4,0,1,6,13,12;5,1,7,15,14,13;6,1,2,8,16,15;7,2,3,9,17,16;8,3,10,18,17;9,3,4,11,19,18;10,4,12,20,19;11,4,5,13,20;12,5,6,14,21,20;13,6,15,22,21;14,6,7,16,22;15,7,8,17,23,22;16,8,9,18,23;17,9,10,19,24,23;18,10,11,20,24;19,11,12,13,21,24;20,13,14,22,24;21,14,15,16,23,24;22,16,17,18,24;23,18,19,20,21,22
C46#94 25 1,5,4,3,2;0,2,7,6,5;1,0,3,8,7;2,0,4,10,9,8;3,0,5,12,11,10;4,0,1,6,13,12;5,1,7,15,14,13;6,1,2,8,16,15;7,2,3,9,17,16;8,3,10,18,17;9,3,4,11,19,18;10,4,12,20,19;11,4,5,13,20;12,5,6,14,21,20;13,6,15,22,21;14,6,7,16,23,22;15,7,8,17,23;16,8,9,18,23;17,9,10,19,24,23;18,10,11,20,24;19,11,12,13,21,24;20,13,14,22,24;21,14,15,23,24;22,15,16,17,18,24;23,18,19,20,21,22
C46#95 25 1,5,4,3,2;0,2,7,6,5;1,0,3,8,7;2,0,4,10,9,8;3,0,5,12,11,10;4,0,1,6,13,12;5,1,7,15,14,13;6,1,2,8,16,15;7,2,3,9,17,16;8,3,10,18,17;9,3,4,11,19,18;10,4,12,20,19;11,4,5,13,20;12,5,6,14,21,20;13,6,15,22,21;14,6,7,16,23,22;15,7,8,17,23;16,8,9,18,23;17,9,10,19,24,23;18,10,11,20,21,24;19,11,12,13,21;20,13,14,22,24,19;21,14,15,23,24;22,15,16,17,18,24;23,18,19,21,22
C46#96 25 1,5,4,3,2;0,2,7,6,5;1,0,3,9,8,7;2,0,4,10,9;3,0,5,12,11,10;4,0,1,6,13,12;5,1,7,14,13;6,1,2,8,15,14;7,2,9,16,15;8,2,3,10,16;9,3,4,11,17,16;10,4,12,19,18,17;11,4,5,13,20,19;12,5,6,14,21,20;13,6,7,15,22,21;14,7,8,16,23,22;15,8,9,10,17,23;16,10,11,18,23;17,11,19,24,23;18,11,12,20,24;19,12,13,21,24;20,13,14,22,24;21,14,15,23,24;22,15,16,17,18,24;23,18,19,20,21,22
C46#97 25 1,5,4,3,2;0,2,7,6,5;1,0,3,9,8,7;2,0,4,10,9;3,0,5,12,11,10;4,0,1,6,13,12;5,1,7,14,13;6,1,2,8,15,14;7,2,9,16,15;8,2,3,10,17,16;9,3,4,11,17;10,4,12,18,17;11,4,5,13,19,18;12,5,6,14,20,19;13,6,7,15,21,20;14,7,8,16,22,21;15,8,9,17,23,22;16,9,10,11,18,23;17,11,12,19,24,23;18,12,13,20,24;19,13,14,21,24;20,14,15,22,24;21,15,16,23,24;22,16,17,18,24;23,18,19,20,21,22
C46#98 25 1,5,4,3,2;0,2,7,6,5;1,0,3,9,8,7;2,0,4,10,9;3,0,5,12,11,10;4,0,1,6,13,12;5,1,7,14,13;6,1,2,8,15,14;7,2,9,16,15;8,2,3,10,17,16;9,3,4,11,17;10,4,12,19,18,17;11,4,5,13,19;12,5,6,14,20,19;13,6,7,15,21,20;14,7,8,16,22,21;15,8,9,17,23,22;16,9,10,11,18,23;17,11,19,24,23;18,11,12,13,20,24;19,13,14,21,24;20,14,15,22,24;21,15,16,23,24;22,16,17,18,24;23,18,19,20,21,22
C46#99 25 1,5,4,3,2;0,2,7,6,5;1,0,3,9,8,7;2,0,4,10,9;3,0,5,12,11,10;4,0,1,6,13,12;5,1,7,14,13;6,1,2,8,15,14;7,2,9,16,15;8,2,3,10,17,16;9,3,4,11,17;10,4,12,19,18,17;11,4,5,13,20,19;12,5,6,14,21,20;13,6,7,15,21;14,7,8,16,22,21;15,8,9,17,23,22;16,9,10,11,18,23;17,11,19,24,23;18,11,12,20,24;19,12,13,21,24;20,13,14,15,22,24;21,15,16,23,24;22,16,17,18,24;23,18,19,20,21,22
C46#100 25 1,5,4,3,2;0,2,7,6,5;1,0,3,9,8,7;2,0,4,10,9;3,0,5,12,11,10;4,0,1,6,13,12;5,1,7,14,13;6,1,2,8,15,14;7,2,9,16,15;8,2,3,10,17,16;9,3,4,11,17;10,4,12,19,18,17;11,4,5,13,20,19;12,5,6,14,21,20;13,6,7,15,22,21;14,7,8,16,22;15,8,9,17,23,22;16,9,10,11,18,23;17,11,19,24,23;18,11,12,20,24;19,12,13,21,24;20,13,14,22,24;21,14,15,16,23,24;22,16,17,18,24;23,18,19,20,21,22
C46#101 25 1,5,4,3,2;0,2,7,6,5;1,0,3,9,8,7;2,0,4,10,9;3,0,5,12,11,10;4,0,1,6,13,12;5,1,7,14,13;6,1,2,8,15,14;7,2,9,16,15;8,2,3,10,17,16;9,3,4,11,18,17;10,4,12,19,18;11,4,5,13,19;12,5,6,14,20,19;13,6,7,15,21,20;14,7,8,16,22,21;15,8,9,17,22;16,9,10,18,23,22;17,10,11,19,24,23;18,11,12,13,20,24;19,13,14,21,24;20,14,15,22,23,24;21,15,16,17,23;22,17,18,24,21;23,18,19,20,21
C46#102 25 1,5,4,3,2;0,2,7,6,5;1,0,3,9,8,7;2,0,4,10,9;3,0,5,12,11,10;4,0,1,6,13,12;5,1,7,14,13;6,1,2,8,15,14;7,2,9,16,15;8,2,3,10,17,16;9,3,4,11,18,17;10,4,12,19,18;11,4,5,13,19;12,5,6,14,20,19;13,6,7,15,21,20;14,7,8,16,22,21;15,8,9,17,23,22;16,9,10,18,23;17,10,11,19,24,23;18,11,12,13,20,24;19,13,14,21,24;20,14,15,22,24;21,15,16,23,24;22,16,17,18,24;23,18,19,20,21,22
C46#103 25 1,5,4,3,2;0,2,7,6,5;1,0,3,9,8,7;2,0,4,10,9;3,0,5,12,11,10;4,0,1,6,13,12;5,1,7,14,13;6,1,2,8,15,14;7,2,9,16,15;8,2,3,10,17,16;9,3,4,11,18,17;10,4,12,19,18;11,4,5,13,20,19;12,5,6,14,20;13,6,7,15,21,20;14,7,8,16,22,21;15,8,9,17,22;16,9,10,18,23,22;17,10,11,19,23;18,11,12,20,24,23;19,12,13,14,21,24;20,14,15,22,24;21,15,16,17,23,24;22,17,18,19,24;23,19,20,21,22
C46#104 25 1,5,4,3,2;0,2,7,6,5;1,0,3,9,8,7;2,0,4,10,9;3,0,5,12,11,10;4,0,1,6,13,12;5,1,7,14,13;6,1,2,8,15,14;7,2,9,16,15;8,2,3,10,17,16;9,3,4,11,18,17;10,4,12,19,18;11,4,5,13,20,19;12,5,6,14,20;13,6,7,15,21,20;14,7,8,16,22,21;15,8,9,17,22;16,9,10,18,23,22;17,10,11,19,24,23;18,11,12,20,24;19,12,13,14,21,24;20,14,15,22,23,24;21,15,16,17,23;22,17,18,24,21;23,18,19,20,21
C46#105 25 1,5,4,3,2;0,2,7,6,5;1,0,3,9,8,7;2,0,4,10,9;3,0,5,12,11,10;4,0,1,6,13,12;5,1,7,14,13;6,1,2,8,15,14;7,2,9,16,15;8,2,3,10,17,16;9,3,4,11,18,17;10,4,12,19,18;11,4,5,13,20,19;12,5,6,14,21,20;13,6,7,15,21;14,7,8,16,22,21;15,8,9,17,22;16,9,10,18,23,22;17,10,11,19,23;18,11,12,20,24,23;19,12,13,21,24;20,13,14,15,22,24;21,15,16,17,23,24;22,17,18,19,24;23,19,20,21,22
C46#106 25 1,5,4,3,2;0,2,7,6,5;1,0,3,9,8,7;2,0,4,10,9;3,0,5,12,11,10;4,0,1,6,13,12;5,1,7,14,13;6,1,2,8,15,14;7,2,9,16,15;8,2,3,10,17,16;9,3,4,11,18,17;10,4,12,19,18;11,4,5,13,20,19;12,5,6,14,21,20;13,6,7,15,21;14,7,8,16,22,21;15,8,9,17,23,22;16,9,10,18,23;17,10,11,19,23;18,11,12,20,24,23;19,12,13,21,24;20,13,14,15,22,24;21,15,16,23,24;22,16,17,18,19,24;23,19,20,21,22
C46#107 25 1,5,4,3,2;0,2,7,6,5;1,0,3,9,8,7;2,0,4,10,9;3,0,5,12,11,10;4,0,1,6,13,12;5,1,7,14,13;6,1,2,8,15,14;7,2,9,16,15;8,2,3,10,17,16;9,3,4,11,18,17;10,4,12,19,18;11,4,5,13,20,19;12,5,6,14,21,20;13,6,7,15,21;14,7,8,16,22,21;15,8,9,17,23,22;16,9,10,18,23;17,10,11,19,24,23;18,11,12,20,24;19,12,13,21,24;20,13,14,15,22,24;21,15,16,23,24;22,16,17,18,24;23,18,19,20,21,22
C46#108 25 1,5,4,3,2;0,2,7,6,5;1,0,3,9,8,7;2,0,4,10,9;3,0,5,12,11,10;4,0,1,6,13,12;5,1,7,14,13;6,1,2,8,15,14;7,2,9,16,15;8,2,3,10,17,16;9,3,4,11,18,17;10,4,12,19,18;11,4,5,13,20,19;12,5,6,14,21,20;13,6,7,15,22,21;14,7,8,16,22;15,8,9,17,23,22;16,9,10,18,23;17,10,11,19,24,23;18,11,12,20,24;19,12,13,21,24;20,13,14,22,24;21,14,15,16,23,24;22,16,17,18,24;23,18,19,20,21,22
C46#109 25 1,5,4,3,2;0,2,7,6,5;1,0,3,9,8,7;2,0,4,10,9;3,0,5,12,11,10;4,0,1,6,13,12;5,1,7,14,13;6,1,2,8,15,14;7,2,9,16,15;8,2,3,10,17,16;9,3,4,11,18,17;10,4,12,19,18;11,4,5,13,20,19;12,5,6,14,21,20;13,6,7,15,22,21;14,7,8,16,23,22;15,8,9,17,23;16,9,10,18,23;17,10,11,19,24,23;18,11,12,20,24;19,12,13,21,24;20,13,14,22,24;21,14,15,23,24;22,15,16,17,18,24;23,18,19,20,21,22
C46#110 25 1,5,4,3,2;0,2,7,6,5;1,0,3,9,8,7;2,0,4,10,9;3,0,5,12,11,10;4,0,1,6,13,12;5,1,7,14,13;6,1,2,8,15,14;7,2,9,16,15;8,2,3,10,17,16;9,3,4,11,18,17;10,4,12,20,19,18;11,4,5,13,20;12,5,6,14,21,20;13,6,7,15,22,21;14,7,8,16,23,22;15,8,9,17,23;16,9,10,18,23;17,10,11,19,24,23;18,11,20,21,24;19,11,12,13,21;20,13,14,22,24,19;21,14,15,23,24;22,15,16,17,18,24;23,18,19,21,22
C46#111 25 1,5,4,3,2;0,2,7,6,5;1,0,3,9,8,7;2,0,4,10,9;3,0,5,12,11,10;4,0,1,6,13,12;5,1,7,14,13;6,1,2,8,15,14;7,2,9,16,15;8,2,3,10,17,16;9,3,4,11,18,17;10,4,12,20,19,18;11,4,5,13,20;12,5,6,14,21,20;13,6,7,15,22,21;14,7,8,16,23,22;15,8,9,17,23;16,9,10,18,24,23;17,10,11,19,24;18,11,20,21,24;19,11,12,13,21;20,13,14,22,24,19;21,14,15,23,24;22,15,16,17,24;23,17,18,19,21,22
C46#112 25 1,5,4,3,2;0,2,7,6,5;1,0,3,9,8,7;2,0,4,10,9;3,0,5,12,11,10;4,0,1,6,13,12;5,1,7,14,13;6,1,2,8,15,14;7,2,9,17,16,15;8,2,3,10,17;9,3,4,11,18,17;10,4,12,19,18;11,4,5,13,20,19;12,5,6,14,21,20;13,6,7,15,21;14,7,8,16,22,21;15,8,17,24,23,22;16,8,9,10,18,24;17,10,11,19,24;18,11,12,20,23,24;19,12,13,21,22,23;20,13,14,15,22;21,15,16,23,20;22,16,24,19,20;23,16,17,18,19
C46#113 25 1,5,4,3,2;0,2,7,6,5;1,0,3,9,8,7;2,0,4,10,9;3,0,5,12,11,10;4,0,1,6,13,12;5,1,7,15,14,13;6,1,2,8,15;7,2,9,17,16,15;8,2,3,10,18,17;9,3,4,11,19,18;10,4,12,20,19;11,4,5,13,20;12,5,6,14,21,20;13,6,15,22,21;14,6,7,8,16,22;15,8,17,23,22;16,8,9,18,23;17,9,10,19,23;18,10,11,20,24,23;19,11,12,13,21,24;20,13,14,22,24;21,14,15,16,23,24;22,16,17,18,19,24;23,19,20,21,22
C46#114 25 1,5,4,3,2;0,2,7,6,5;1,0,3,9,8,7;2,0,4,10,9;3,0,5,12,11,10;4,0,1,6,13,12;5,1,7,15,14,13;6,1,2,8,15;7,2,9,17,16,15;8,2,3,10,18,17;9,3,4,11,19,18;10,4,12,20,19;11,4,5,13,21,20;12,5,6,14,21;13,6,15,23,22,21;14,6,7,8,16,23;15,8,17,24,23;16,8,9,18,24;17,9,10,19,24;18,10,11,20,22,24;19,11,12,21,22;20,12,13,14,22;21,14,23,24,19,20;22,14,15,16,24;23,16,17,18,19,22
C46#115 25 1,5,4,3,2;0,2,7,6,5;1,0,3,9,8,7;2,0,4,10,9;3,0,5,12,11,10;4,0,1,6,13,12;5,1,7,15,14,13;6,1,2,8,16,15;7,2,9,17,16;8,2,3,10,18,17;9,3,4,11,19,18;10,4,12,20,19;11,4,5,13,20;12,5,6,14,21,20;13,6,15,22,21;14,6,7,16,22;15,7,8,17,23,22;16,8,9,18,23;17,9,10,19,24,23;18,10,11,20,24;19,11,12,13,21,24;20,13,14,22,24;21,14,15,16,23,24;22,16,17,18,24;23,18,19,20,21,22
