ipr58_0 58 1,2,3,4,5,6;0,6,7,8,9,2;0,1,9,10,11,3;0,2,11,12,13,4;0,3,13,14,15,5;0,4,15,16,17,6;0,5,17,7,1;1,6,17,18,19,8;1,7,19,20,21,9;1,8,21,10,2;2,9,21,22,23,11;2,10,23,24,12,3;3,11,24,25,13;3,12,25,26,14,4;4,13,26,27,15;4,14,27,28,16,5;5,15,28,29,30,17;5,16,30,18,7,6;7,17,30,31,32,19;7,18,32,33,20,8;8,19,33,34,21;8,20,34,22,10,9;10,21,34,35,36,23;10,22,36,37,24,11;11,23,37,38,25,12;12,24,38,39,26,13;13,25,39,40,27,14;14,26,40,41,28,15;15,27,41,42,29,16;16,28,42,43,44,30;16,29,44,31,18,17;18,30,44,45,46,32;18,31,46,33,19;19,32,46,47,34,20;20,33,47,35,22,21;22,34,47,48,49,36;22,35,49,50,37,23;23,36,50,51,38,24;24,37,51,52,39,25;25,38,52,40,26;26,39,52,53,41,27;27,40,53,54,42,28;28,41,54,43,29;29,42,54,55,56,44;29,43,56,45,31,30;31,44,56,48,46;31,45,48,47,33,32;33,46,48,35,34;35,47,46,45,56,49;35,48,56,55,50,36;36,49,55,57,51,37;37,50,57,52,38;38,51,57,53,40,39;40,52,57,54,41;41,53,57,55,43,42;43,54,57,50,49,56;43,55,49,48,45,44;50,55,54,53,52,51
ipr58_1 58 1,2,3,4,5,6;0,6,7,8,9,2;0,1,9,10,11,3;0,2,11,12,13,4;0,3,13,14,15,5;0,4,15,16,6;0,5,16,17,7,1;1,6,17,18,19,8;1,7,19,20,9;1,8,20,21,10,2;2,9,21,22,11;2,10,22,23,12,3;3,11,23,24,25,13;3,12,25,14,4;4,13,25,26,27,15;4,14,27,28,16,5;5,15,28,29,17,6;6,16,29,30,18,7;7,17,30,31,19;7,18,31,32,20,8;8,19,32,33,21,9;9,20,33,34,22,10;10,21,34,35,23,11;11,22,35,36,24,12;12,23,36,37,38,25;12,24,38,26,14,13;14,25,38,39,27;14,26,39,40,28,15;15,27,40,41,29,16;16,28,41,42,30,17;17,29,42,43,31,18;18,30,43,44,32,19;19,31,44,33,20;20,32,44,45,34,21;21,33,45,46,35,22;22,34,46,47,36,23;23,35,47,48,37,24;24,36,48,49,38;24,37,49,39,26,25;26,38,49,50,40,27;27,39,50,51,41,28;28,40,51,52,42,29;29,41,52,53,43,30;30,42,53,44,31;31,43,53,45,33,32;33,44,53,54,46,34;34,45,54,55,47,35;35,46,55,48,36;36,47,55,56,49,37;37,48,56,50,39,38;39,49,56,57,51,40;40,50,57,52,41;41,51,57,54,53,42;42,52,54,45,44,43;45,53,52,57,55,46;46,54,57,56,48,47;48,55,57,50,49;50,56,55,54,52,51
ipr58_2 58 1,2,3,4,5,6;0,6,7,8,9,2;0,1,9,10,11,3;0,2,11,12,13,4;0,3,13,14,15,5;0,4,15,16,17,6;0,5,17,18,7,1;1,6,18,19,20,8;1,7,20,21,9;1,8,21,22,10,2;2,9,22,23,24,11;2,10,24,25,12,3;3,11,25,26,13;3,12,26,27,14,4;4,13,27,28,15;4,14,28,29,16,5;5,15,29,30,31,17;5,16,31,18,6;6,17,31,32,19,7;7,18,32,33,20;7,19,33,34,21,8;8,20,34,35,22,9;9,21,35,36,23,10;10,22,36,37,38,24;10,23,38,25,11;11,24,38,39,26,12;12,25,39,40,27,13;13,26,40,41,28,14;14,27,41,42,29,15;15,28,42,43,30,16;16,29,43,44,45,31;16,30,45,32,18,17;18,31,45,46,33,19;19,32,46,47,34,20;20,33,47,35,21;21,34,47,48,36,22;22,35,48,49,37,23;23,36,49,50,51,38;23,37,51,39,25,24;25,38,51,40,26;26,39,51,52,41,27;27,40,52,53,42,28;28,41,53,54,43,29;29,42,54,44,30;30,43,54,55,56,45;30,44,56,46,32,31;32,45,56,47,33;33,46,56,48,35,34;35,47,56,55,49,36;36,48,55,57,50,37;37,49,57,52,51;37,50,52,40,39,38;40,51,50,57,53,41;41,52,57,54,42;42,53,57,55,44,43;44,54,57,49,48,56;44,55,48,47,46,45;49,55,54,53,52,50
ipr58_3 58 1,2,3,4,5,6;0,6,7,8,9,2;0,1,9,10,11,3;0,2,11,12,13,4;0,3,13,14,5;0,4,14,15,16,6;0,5,16,17,7,1;1,6,17,18,19,8;1,7,19,20,21,9;1,8,21,22,10,2;2,9,22,23,24,11;2,10,24,12,3;3,11,24,25,26,13;3,12,26,27,14,4;4,13,27,28,15,5;5,14,28,29,30,16;5,15,30,17,6;6,16,30,31,18,7;7,17,31,32,19;7,18,32,33,20,8;8,19,33,34,35,21;8,20,35,22,9;9,21,35,36,23,10;10,22,36,37,24;10,23,37,25,12,11;12,24,37,38,39,26;12,25,39,40,27,13;13,26,40,41,28,14;14,27,41,42,29,15;15,28,42,43,44,30;15,29,44,31,17,16;17,30,44,45,32,18;18,31,45,46,33,19;19,32,46,34,20;20,33,46,47,48,35;20,34,48,36,22,21;22,35,48,49,37,23;23,36,49,38,25,24;25,37,49,50,51,39;25,38,51,40,26;26,39,51,52,41,27;27,40,52,53,42,28;28,41,53,43,29;29,42,53,54,55,44;29,43,55,45,31,30;31,44,55,46,32;32,45,55,47,34,33;34,46,55,54,56,48;34,47,56,49,36,35;36,48,56,50,38,37;38,49,56,57,51;38,50,57,52,40,39;40,51,57,53,41;41,52,57,54,43,42;43,53,57,56,47,55;43,54,47,46,45,44;47,54,57,50,49,48;50,56,54,53,52,51
ipr58_4 58 1,2,3,4,5,6;0,6,7,8,9,2;0,1,9,10,11,3;0,2,11,12,13,4;0,3,13,14,5;0,4,14,15,16,6;0,5,16,17,7,1;1,6,17,18,19,8;1,7,19,20,9;1,8,20,21,10,2;2,9,21,22,23,11;2,10,23,12,3;3,11,23,24,25,13;3,12,25,26,14,4;4,13,26,27,15,5;5,14,27,28,29,16;5,15,29,17,6;6,16,29,30,18,7;7,17,30,31,32,19;7,18,32,33,20,8;8,19,33,34,21,9;9,20,34,35,22,10;10,21,35,36,37,23;10,22,37,24,12,11;12,23,37,38,39,25;12,24,39,40,26,13;13,25,40,41,27,14;14,26,41,42,28,15;15,27,42,43,44,29;15,28,44,30,17,16;17,29,44,31,18;18,30,44,45,46,32;18,31,46,47,33,19;19,32,47,34,20;20,33,47,48,35,21;21,34,48,49,36,22;22,35,49,50,38,37;22,36,38,24,23;24,37,36,50,51,39;24,38,51,40,25;25,39,51,52,41,26;26,40,52,53,42,27;27,41,53,54,43,28;28,42,54,45,44;28,43,45,31,30,29;31,44,43,54,55,46;31,45,55,47,32;32,46,55,48,34,33;34,47,55,56,49,35;35,48,56,57,50,36;36,49,57,51,38;38,50,57,52,40,39;40,51,57,53,41;41,52,57,56,54,42;42,53,56,55,45,43;45,54,56,48,47,46;48,55,54,53,57,49;49,56,53,52,51,50
ipr58_5 58 1,2,3,4,5,6;0,6,7,8,9,2;0,1,9,10,11,3;0,2,11,12,13,4;0,3,13,14,15,5;0,4,15,16,6;0,5,16,17,7,1;1,6,17,18,19,8;1,7,19,20,9;1,8,20,21,10,2;2,9,21,22,23,11;2,10,23,12,3;3,11,23,24,25,13;3,12,25,26,14,4;4,13,26,27,28,15;4,14,28,29,16,5;5,15,29,30,17,6;6,16,30,18,7;7,17,30,31,32,19;7,18,32,33,20,8;8,19,33,34,21,9;9,20,34,35,22,10;10,21,35,36,37,23;10,22,37,24,12,11;12,23,37,38,39,25;12,24,39,40,26,13;13,25,40,41,27,14;14,26,41,42,43,28;14,27,43,44,29,15;15,28,44,30,16;16,29,44,31,18,17;18,30,44,45,46,32;18,31,46,47,33,19;19,32,47,34,20;20,33,47,48,35,21;21,34,48,49,36,22;22,35,49,50,38,37;22,36,38,24,23;24,37,36,50,51,39;24,38,51,40,25;25,39,51,52,41,26;26,40,52,53,42,27;27,41,53,54,43;27,42,54,45,44,28;28,43,45,31,30,29;31,44,43,54,55,46;31,45,55,47,32;32,46,55,48,34,33;34,47,55,56,49,35;35,48,56,57,50,36;36,49,57,51,38;38,50,57,52,40,39;40,51,57,53,41;41,52,57,56,54,42;42,53,56,55,45,43;45,54,56,48,47,46;48,55,54,53,57,49;49,56,53,52,51,50
ipr58_6 58 1,2,3,4,5,6;0,6,7,8,9,2;0,1,9,10,3;0,2,10,11,12,4;0,3,12,13,5;0,4,13,14,15,6;0,5,15,7,1;1,6,15,16,17,8;1,7,17,18,19,9;1,8,19,20,10,2;2,9,20,21,11,3;3,10,21,22,23,12;3,11,23,24,13,4;4,12,24,25,14,5;5,13,25,26,27,15;5,14,27,16,7,6;7,15,27,28,29,17;7,16,29,30,18,8;8,17,30,31,19;8,18,31,32,20,9;9,19,32,33,21,10;10,20,33,34,22,11;11,21,34,35,36,23;11,22,36,37,24,12;12,23,37,38,25,13;13,24,38,39,26,14;14,25,39,40,41,27;14,26,41,28,16,15;16,27,41,42,43,29;16,28,43,30,17;17,29,43,44,31,18;18,30,44,45,32,19;19,31,45,46,33,20;20,32,46,47,34,21;21,33,47,35,22;22,34,47,48,49,36;22,35,49,37,23;23,36,49,50,38,24;24,37,50,51,39,25;25,38,51,40,26;26,39,51,52,53,41;26,40,53,42,28,27;28,41,53,54,43;28,42,54,44,30,29;30,43,54,45,31;31,44,54,55,46,32;32,45,55,56,47,33;33,46,56,48,35,34;35,47,56,57,49;35,48,57,50,37,36;37,49,57,51,38;38,50,57,52,40,39;40,51,57,56,55,53;40,52,55,54,42,41;42,53,55,45,44,43;45,54,53,52,56,46;46,55,52,57,48,47;48,56,52,51,50,49
ipr58_7 58 1,2,3,4,5,6;0,6,7,8,9,2;0,1,9,10,11,3;0,2,11,12,13,4;0,3,13,14,15,5;0,4,15,16,6;0,5,16,17,7,1;1,6,17,18,8;1,7,18,19,20,9;1,8,20,21,10,2;2,9,21,22,23,11;2,10,23,24,12,3;3,11,24,25,26,13;3,12,26,27,14,4;4,13,27,28,29,15;4,14,29,30,16,5;5,15,30,31,17,6;6,16,31,32,18,7;7,17,32,33,19,8;8,18,33,34,20;8,19,34,35,21,9;9,20,35,22,10;10,21,35,36,37,23;10,22,37,38,24,11;11,23,38,25,12;12,24,38,39,40,26;12,25,40,27,13;13,26,40,41,28,14;14,27,41,42,43,29;14,28,43,44,30,15;15,29,44,45,31,16;16,30,45,32,17;17,31,45,46,33,18;18,32,46,47,34,19;19,33,47,48,35,20;20,34,48,36,22,21;22,35,48,49,50,37;22,36,50,51,38,23;23,37,51,39,25,24;25,38,51,52,40;25,39,52,41,27,26;27,40,52,42,28;28,41,52,53,54,43;28,42,54,44,29;29,43,54,55,45,30;30,44,55,46,32,31;32,45,55,56,47,33;33,46,56,49,48,34;34,47,49,36,35;36,48,47,56,57,50;36,49,57,53,51,37;37,50,53,52,39,38;39,51,53,42,41,40;42,52,51,50,57,54;42,53,57,55,44,43;44,54,57,56,46,45;46,55,57,49,47;49,56,55,54,53,50
ipr58_8 58 1,2,3,4,5,6;0,6,7,8,9,2;0,1,9,10,11,3;0,2,11,12,13,4;0,3,13,14,15,5;0,4,15,16,17,6;0,5,17,7,1;1,6,17,18,19,8;1,7,19,20,21,9;1,8,21,10,2;2,9,21,22,23,11;2,10,23,24,12,3;3,11,24,25,26,13;3,12,26,27,14,4;4,13,27,28,29,15;4,14,29,30,16,5;5,15,30,31,32,17;5,16,32,18,7,6;7,17,32,33,34,19;7,18,34,35,20,8;8,19,35,36,21;8,20,36,22,10,9;10,21,36,37,38,23;10,22,38,39,24,11;11,23,39,25,12;12,24,39,40,41,26;12,25,41,27,13;13,26,41,42,28,14;14,27,42,43,44,29;14,28,44,45,30,15;15,29,45,31,16;16,30,45,46,47,32;16,31,47,33,18,17;18,32,47,48,49,34;18,33,49,35,19;19,34,49,50,36,20;20,35,50,37,22,21;22,36,50,51,52,38;22,37,52,53,39,23;23,38,53,40,25,24;25,39,53,54,41;25,40,54,42,27,26;27,41,54,43,28;28,42,54,55,56,44;28,43,56,45,29;29,44,56,46,31,30;31,45,56,57,48,47;31,46,48,33,32;33,47,46,57,51,49;33,48,51,50,35,34;35,49,51,37,36;37,50,49,48,57,52;37,51,57,55,53,38;38,52,55,54,40,39;40,53,55,43,42,41;43,54,53,52,57,56;43,55,57,46,45,44;46,56,55,52,51,48
ipr58_9 58 1,2,3,4,5,6;0,6,7,8,9,2;0,1,9,10,11,3;0,2,11,12,13,4;0,3,13,14,15,5;0,4,15,16,17,6;0,5,17,7,1;1,6,17,18,19,8;1,7,19,20,21,9;1,8,21,10,2;2,9,21,22,23,11;2,10,23,24,12,3;3,11,24,25,26,13;3,12,26,27,14,4;4,13,27,28,29,15;4,14,29,16,5;5,15,29,30,31,17;5,16,31,18,7,6;7,17,31,32,33,19;7,18,33,34,20,8;8,19,34,35,21;8,20,35,22,10,9;10,21,35,36,37,23;10,22,37,38,24,11;11,23,38,25,12;12,24,38,39,40,26;12,25,40,27,13;13,26,40,41,28,14;14,27,41,42,43,29;14,28,43,30,16,15;16,29,43,44,45,31;16,30,45,32,18,17;18,31,45,46,33;18,32,46,47,34,19;19,33,47,48,35,20;20,34,48,36,22,21;22,35,48,49,50,37;22,36,50,51,38,23;23,37,51,39,25,24;25,38,51,52,40;25,39,52,41,27,26;27,40,52,42,28;28,41,52,53,54,43;28,42,54,44,30,29;30,43,54,55,45;30,44,55,46,32,31;32,45,55,56,47,33;33,46,56,49,48,34;34,47,49,36,35;36,48,47,56,57,50;36,49,57,53,51,37;37,50,53,52,39,38;39,51,53,42,41,40;42,52,51,50,57,54;42,53,57,55,44,43;44,54,57,56,46,45;46,55,57,49,47;49,56,55,54,53,50
ipr58_10 58 1,2,3,4,5,6;0,6,7,8,9,2;0,1,9,10,11,3;0,2,11,12,13,4;0,3,13,14,15,5;0,4,15,16,17,6;0,5,17,18,7,1;1,6,18,19,20,8;1,7,20,21,9;1,8,21,22,10,2;2,9,22,23,11;2,10,23,24,12,3;3,11,24,25,26,13;3,12,26,27,14,4;4,13,27,28,29,15;4,14,29,16,5;5,15,29,30,31,17;5,16,31,18,6;6,17,31,32,19,7;7,18,32,33,34,20;7,19,34,35,21,8;8,20,35,36,22,9;9,21,36,37,23,10;10,22,37,38,24,11;11,23,38,25,12;12,24,38,39,40,26;12,25,40,27,13;13,26,40,41,28,14;14,27,41,42,43,29;14,28,43,30,16,15;16,29,43,44,45,31;16,30,45,32,18,17;18,31,45,33,19;19,32,45,46,47,34;19,33,47,48,35,20;20,34,48,36,21;21,35,48,49,37,22;22,36,49,50,38,23;23,37,50,39,25,24;25,38,50,51,40;25,39,51,41,27,26;27,40,51,52,42,28;28,41,52,53,54,43;28,42,54,44,30,29;30,43,54,46,45;30,44,46,33,32,31;33,45,44,54,55,47;33,46,55,56,48,34;34,47,56,49,36,35;36,48,56,57,50,37;37,49,57,51,39,38;39,50,57,52,41,40;41,51,57,53,42;42,52,57,56,55,54;42,53,55,46,44,43;46,54,53,56,47;47,55,53,57,49,48;49,56,53,52,51,50
ipr58_11 58 1,2,3,4,5,6;0,6,7,8,9,2;0,1,9,10,11,3;0,2,11,12,13,4;0,3,13,14,15,5;0,4,15,16,17,6;0,5,17,18,7,1;1,6,18,19,20,8;1,7,20,21,9;1,8,21,22,10,2;2,9,22,23,11;2,10,23,24,12,3;3,11,24,25,13;3,12,25,26,14,4;4,13,26,27,15;4,14,27,28,16,5;5,15,28,29,30,17;5,16,30,18,6;6,17,30,31,19,7;7,18,31,32,20;7,19,32,33,21,8;8,20,33,34,22,9;9,21,34,35,23,10;10,22,35,36,24,11;11,23,36,37,25,12;12,24,37,38,26,13;13,25,38,39,27,14;14,26,39,40,28,15;15,27,40,41,29,16;16,28,41,42,43,30;16,29,43,31,18,17;18,30,43,44,32,19;19,31,44,45,33,20;20,32,45,34,21;21,33,45,46,35,22;22,34,46,47,36,23;23,35,47,48,37,24;24,36,48,49,38,25;25,37,49,39,26;26,38,49,50,40,27;27,39,50,51,41,28;28,40,51,42,29;29,41,51,52,53,43;29,42,53,44,31,30;31,43,53,54,45,32;32,44,54,46,34,33;34,45,54,55,47,35;35,46,55,56,48,36;36,47,56,49,37;37,48,56,50,39,38;39,49,56,57,51,40;40,50,57,52,42,41;42,51,57,55,54,53;42,52,54,44,43;44,53,52,55,46,45;46,54,52,57,56,47;47,55,57,50,49,48;50,56,55,52,51
ipr58_12 58 1,2,3,4,5,6;0,6,7,8,9,2;0,1,9,10,11,3;0,2,11,12,13,4;0,3,13,14,5;0,4,14,15,16,6;0,5,16,17,7,1;1,6,17,18,19,8;1,7,19,20,9;1,8,20,21,10,2;2,9,21,22,23,11;2,10,23,12,3;3,11,23,24,25,13;3,12,25,26,14,4;4,13,26,27,15,5;5,14,27,28,29,16;5,15,29,17,6;6,16,29,30,18,7;7,17,30,31,19;7,18,31,32,20,8;8,19,32,33,21,9;9,20,33,34,22,10;10,21,34,35,36,23;10,22,36,24,12,11;12,23,36,37,38,25;12,24,38,39,26,13;13,25,39,40,27,14;14,26,40,41,28,15;15,27,41,42,43,29;15,28,43,30,17,16;17,29,43,44,31,18;18,30,44,45,32,19;19,31,45,33,20;20,32,45,46,34,21;21,33,46,47,35,22;22,34,47,48,37,36;22,35,37,24,23;24,36,35,48,49,38;24,37,49,39,25;25,38,49,50,40,26;26,39,50,51,41,27;27,40,51,42,28;28,41,51,52,53,43;28,42,53,44,30,29;30,43,53,54,45,31;31,44,54,46,33,32;33,45,54,55,47,34;34,46,55,56,48,35;35,47,56,49,37;37,48,56,50,39,38;39,49,56,57,51,40;40,50,57,52,42,41;42,51,57,55,54,53;42,52,54,44,43;44,53,52,55,46,45;46,54,52,57,56,47;47,55,57,50,49,48;50,56,55,52,51
ipr58_13 58 1,2,3,4,5,6;0,6,7,8,9,2;0,1,9,10,11,3;0,2,11,12,13,4;0,3,13,14,15,5;0,4,15,16,17,6;0,5,17,7,1;1,6,17,18,19,8;1,7,19,20,21,9;1,8,21,10,2;2,9,21,22,23,11;2,10,23,24,12,3;3,11,24,25,26,13;3,12,26,27,14,4;4,13,27,28,29,15;4,14,29,16,5;5,15,29,30,31,17;5,16,31,18,7,6;7,17,31,32,33,19;7,18,33,34,20,8;8,19,34,35,21;8,20,35,22,10,9;10,21,35,36,37,23;10,22,37,38,24,11;11,23,38,25,12;12,24,38,39,40,26;12,25,40,27,13;13,26,40,41,28,14;14,27,41,42,43,29;14,28,43,30,16,15;16,29,43,44,45,31;16,30,45,32,18,17;18,31,45,46,47,33;18,32,47,34,19;19,33,47,48,35,20;20,34,48,36,22,21;22,35,48,49,50,37;22,36,50,51,38,23;23,37,51,39,25,24;25,38,51,52,40;25,39,52,41,27,26;27,40,52,53,42,28;28,41,53,54,44,43;28,42,44,30,29;30,43,42,54,55,45;30,44,55,46,32,31;32,45,55,56,49,47;32,46,49,48,34,33;34,47,49,36,35;36,48,47,46,56,50;36,49,56,57,51,37;37,50,57,52,39,38;39,51,57,53,41,40;41,52,57,54,42;42,53,57,56,55,44;44,54,56,46,45;46,55,54,57,50,49;50,56,54,53,52,51
ipr58_14 58 1,2,3,4,5,6;0,6,7,8,9,2;0,1,9,10,11,3;0,2,11,12,13,4;0,3,13,14,15,5;0,4,15,16,17,6;0,5,17,18,7,1;1,6,18,19,20,8;1,7,20,21,9;1,8,21,22,10,2;2,9,22,23,11;2,10,23,24,12,3;3,11,24,25,26,13;3,12,26,27,14,4;4,13,27,28,29,15;4,14,29,16,5;5,15,29,30,31,17;5,16,31,18,6;6,17,31,32,19,7;7,18,32,33,20;7,19,33,34,21,8;8,20,34,35,22,9;9,21,35,36,23,10;10,22,36,37,24,11;11,23,37,25,12;12,24,37,38,39,26;12,25,39,27,13;13,26,39,40,28,14;14,27,40,41,42,29;14,28,42,30,16,15;16,29,42,43,44,31;16,30,44,32,18,17;18,31,44,45,33,19;19,32,45,46,34,20;20,33,46,47,35,21;21,34,47,48,36,22;22,35,48,49,37,23;23,36,49,38,25,24;25,37,49,50,39;25,38,50,40,27,26;27,39,50,51,41,28;28,40,51,52,43,42;28,41,43,30,29;30,42,41,52,53,44;30,43,53,45,32,31;32,44,53,54,46,33;33,45,54,55,47,34;34,46,55,48,35;35,47,55,56,49,36;36,48,56,50,38,37;38,49,56,51,40,39;40,50,56,57,52,41;41,51,57,54,53,43;43,52,54,45,44;45,53,52,57,55,46;46,54,57,56,48,47;48,55,57,51,50,49;51,56,55,54,52
ipr58_15 58 1,2,3,4,5,6;0,6,7,8,9,2;0,1,9,10,11,3;0,2,11,12,13,4;0,3,13,14,15,5;0,4,15,16,17,6;0,5,17,18,7,1;1,6,18,19,20,8;1,7,20,21,9;1,8,21,22,10,2;2,9,22,23,11;2,10,23,24,12,3;3,11,24,25,26,13;3,12,26,27,14,4;4,13,27,28,29,15;4,14,29,16,5;5,15,29,30,31,17;5,16,31,18,6;6,17,31,32,19,7;7,18,32,33,20;7,19,33,34,21,8;8,20,34,35,22,9;9,21,35,36,23,10;10,22,36,37,24,11;11,23,37,25,12;12,24,37,38,39,26;12,25,39,27,13;13,26,39,40,28,14;14,27,40,41,42,29;14,28,42,30,16,15;16,29,42,43,44,31;16,30,44,32,18,17;18,31,44,45,33,19;19,32,45,46,34,20;20,33,46,47,35,21;21,34,47,48,36,22;22,35,48,49,37,23;23,36,49,38,25,24;25,37,49,50,51,39;25,38,51,40,27,26;27,39,51,52,41,28;28,40,52,53,43,42;28,41,43,30,29;30,42,41,53,54,44;30,43,54,45,32,31;32,44,54,55,46,33;33,45,55,56,47,34;34,46,56,48,35;35,47,56,50,49,36;36,48,50,38,37;38,49,48,56,57,51;38,50,57,52,40,39;40,51,57,53,41;41,52,57,55,54,43;43,53,55,45,44;45,54,53,57,56,46;46,55,57,50,48,47;50,56,55,53,52,51
ipr58_16 58 1,2,3,4,5,6;0,6,7,8,9,2;0,1,9,10,11,3;0,2,11,12,13,4;0,3,13,14,15,5;0,4,15,16,17,6;0,5,17,18,7,1;1,6,18,19,20,8;1,7,20,21,9;1,8,21,22,10,2;2,9,22,23,11;2,10,23,24,12,3;3,11,24,25,26,13;3,12,26,27,14,4;4,13,27,28,29,15;4,14,29,30,16,5;5,15,30,31,32,17;5,16,32,18,6;6,17,32,33,19,7;7,18,33,34,20;7,19,34,35,21,8;8,20,35,36,22,9;9,21,36,37,23,10;10,22,37,38,24,11;11,23,38,25,12;12,24,38,39,40,26;12,25,40,27,13;13,26,40,41,28,14;14,27,41,42,43,29;14,28,43,44,30,15;15,29,44,31,16;16,30,44,45,46,32;16,31,46,33,18,17;18,32,46,47,34,19;19,33,47,48,35,20;20,34,48,49,36,21;21,35,49,50,37,22;22,36,50,51,38,23;23,37,51,39,25,24;25,38,51,52,53,40;25,39,53,41,27,26;27,40,53,42,28;28,41,53,54,55,43;28,42,55,44,29;29,43,55,45,31,30;31,44,55,56,47,46;31,45,47,33,32;33,46,45,56,48,34;34,47,56,57,49,35;35,48,57,50,36;36,49,57,52,51,37;37,50,52,39,38;39,51,50,57,54,53;39,52,54,42,41,40;42,53,52,57,56,55;42,54,56,45,44,43;45,55,54,57,48,47;48,56,54,52,50,49
ipr58_17 58 1,2,3,4,5,6;0,6,7,8,9,2;0,1,9,10,11,3;0,2,11,12,13,4;0,3,13,14,15,5;0,4,15,16,17,6;0,5,17,18,7,1;1,6,18,19,20,8;1,7,20,21,22,9;1,8,22,23,10,2;2,9,23,24,11;2,10,24,25,12,3;3,11,25,26,27,13;3,12,27,28,14,4;4,13,28,29,30,15;4,14,30,16,5;5,15,30,31,32,17;5,16,32,18,6;6,17,32,33,19,7;7,18,33,34,20;7,19,34,35,21,8;8,20,35,36,37,22;8,21,37,23,9;9,22,37,38,24,10;10,23,38,39,25,11;11,24,39,26,12;12,25,39,40,41,27;12,26,41,28,13;13,27,41,42,29,14;14,28,42,43,44,30;14,29,44,31,16,15;16,30,44,45,46,32;16,31,46,33,18,17;18,32,46,47,34,19;19,33,47,48,35,20;20,34,48,49,36,21;21,35,49,50,51,37;21,36,51,38,23,22;23,37,51,52,39,24;24,38,52,40,26,25;26,39,52,53,54,41;26,40,54,42,28,27;28,41,54,43,29;29,42,54,55,45,44;29,43,45,31,30;31,44,43,55,56,46;31,45,56,47,33,32;33,46,56,48,34;34,47,56,57,49,35;35,48,57,50,36;36,49,57,53,52,51;36,50,52,38,37;38,51,50,53,40,39;40,52,50,57,55,54;40,53,55,43,42,41;43,54,53,57,56,45;45,55,57,48,47,46;48,56,55,53,50,49
ipr58_18 58 1,2,3,4,5,6;0,6,7,8,9,2;0,1,9,10,11,3;0,2,11,12,13,4;0,3,13,14,15,5;0,4,15,16,17,6;0,5,17,7,1;1,6,17,18,19,8;1,7,19,20,21,9;1,8,21,10,2;2,9,21,22,23,11;2,10,23,24,12,3;3,11,24,25,26,13;3,12,26,27,14,4;4,13,27,28,29,15;4,14,29,16,5;5,15,29,30,31,17;5,16,31,18,7,6;7,17,31,32,33,19;7,18,33,34,20,8;8,19,34,35,21;8,20,35,22,10,9;10,21,35,36,37,23;10,22,37,38,24,11;11,23,38,25,12;12,24,38,39,40,26;12,25,40,27,13;13,26,40,41,28,14;14,27,41,42,43,29;14,28,43,30,16,15;16,29,43,44,45,31;16,30,45,32,18,17;18,31,45,46,47,33;18,32,47,34,19;19,33,47,48,35,20;20,34,48,36,22,21;22,35,48,49,50,37;22,36,50,51,38,23;23,37,51,39,25,24;25,38,51,52,53,40;25,39,53,41,27,26;27,40,53,42,28;28,41,53,54,44,43;28,42,44,30,29;30,43,42,54,55,45;30,44,55,46,32,31;32,45,55,56,47;32,46,56,48,34,33;34,47,56,49,36,35;36,48,56,57,50;36,49,57,52,51,37;37,50,52,39,38;39,51,50,57,54,53;39,52,54,42,41,40;42,53,52,57,55,44;44,54,57,56,46,45;46,55,57,49,48,47;49,56,55,54,52,50
ipr58_19 58 1,2,3,4,5,6;0,6,7,8,9,2;0,1,9,10,11,3;0,2,11,12,13,4;0,3,13,14,15,5;0,4,15,16,17,6;0,5,17,18,7,1;1,6,18,19,20,8;1,7,20,21,9;1,8,21,22,10,2;2,9,22,23,11;2,10,23,24,12,3;3,11,24,25,26,13;3,12,26,27,14,4;4,13,27,28,29,15;4,14,29,16,5;5,15,29,30,31,17;5,16,31,18,6;6,17,31,32,19,7;7,18,32,33,34,20;7,19,34,35,21,8;8,20,35,36,22,9;9,21,36,37,23,10;10,22,37,38,24,11;11,23,38,25,12;12,24,38,39,40,26;12,25,40,27,13;13,26,40,41,28,14;14,27,41,42,43,29;14,28,43,30,16,15;16,29,43,44,45,31;16,30,45,32,18,17;18,31,45,33,19;19,32,45,46,47,34;19,33,47,48,35,20;20,34,48,49,36,21;21,35,49,50,37,22;22,36,50,51,38,23;23,37,51,39,25,24;25,38,51,52,53,40;25,39,53,41,27,26;27,40,53,42,28;28,41,53,54,55,43;28,42,55,44,30,29;30,43,55,46,45;30,44,46,33,32,31;33,45,44,55,56,47;33,46,56,48,34;34,47,56,57,49,35;35,48,57,50,36;36,49,57,52,51,37;37,50,52,39,38;39,51,50,57,54,53;39,52,54,42,41,40;42,53,52,57,56,55;42,54,56,46,44,43;46,55,54,57,48,47;48,56,54,52,50,49
ipr58_20 58 1,2,3,4,5,6;0,6,7,8,9,2;0,1,9,10,11,3;0,2,11,12,13,4;0,3,13,14,15,5;0,4,15,16,17,6;0,5,17,18,7,1;1,6,18,19,20,8;1,7,20,21,9;1,8,21,22,10,2;2,9,22,23,11;2,10,23,24,12,3;3,11,24,25,26,13;3,12,26,27,14,4;4,13,27,28,29,15;4,14,29,16,5;5,15,29,30,31,17;5,16,31,18,6;6,17,31,32,19,7;7,18,32,33,20;7,19,33,34,21,8;8,20,34,35,22,9;9,21,35,36,23,10;10,22,36,37,24,11;11,23,37,25,12;12,24,37,38,39,26;12,25,39,27,13;13,26,39,40,28,14;14,27,40,41,42,29;14,28,42,30,16,15;16,29,42,43,44,31;16,30,44,32,18,17;18,31,44,45,33,19;19,32,45,46,34,20;20,33,46,47,35,21;21,34,47,48,36,22;22,35,48,49,37,23;23,36,49,38,25,24;25,37,49,50,51,39;25,38,51,40,27,26;27,39,51,52,41,28;28,40,52,53,43,42;28,41,43,30,29;30,42,41,53,54,44;30,43,54,45,32,31;32,44,54,46,33;33,45,54,55,47,34;34,46,55,56,48,35;35,47,56,50,49,36;36,48,50,38,37;38,49,48,56,57,51;38,50,57,52,40,39;40,51,57,53,41;41,52,57,55,54,43;43,53,55,46,45,44;46,54,53,57,56,47;47,55,57,50,48;50,56,55,53,52,51
ipr58_21 58 1,2,3,4,5,6;0,6,7,8,9,2;0,1,9,10,11,3;0,2,11,12,13,4;0,3,13,14,15,5;0,4,15,16,17,6;0,5,17,18,7,1;1,6,18,19,20,8;1,7,20,21,9;1,8,21,22,10,2;2,9,22,23,11;2,10,23,24,12,3;3,11,24,25,26,13;3,12,26,27,14,4;4,13,27,28,29,15;4,14,29,16,5;5,15,29,30,31,17;5,16,31,18,6;6,17,31,32,19,7;7,18,32,33,20;7,19,33,34,21,8;8,20,34,35,22,9;9,21,35,36,23,10;10,22,36,37,24,11;11,23,37,25,12;12,24,37,38,39,26;12,25,39,27,13;13,26,39,40,28,14;14,27,40,41,42,29;14,28,42,30,16,15;16,29,42,43,44,31;16,30,44,32,18,17;18,31,44,45,33,19;19,32,45,46,34,20;20,33,46,47,35,21;21,34,47,48,36,22;22,35,48,49,37,23;23,36,49,38,25,24;25,37,49,50,51,39;25,38,51,40,27,26;27,39,51,41,28;28,40,51,52,53,42;28,41,53,43,30,29;30,42,53,54,55,44;30,43,55,45,32,31;32,44,55,46,33;33,45,55,56,47,34;34,46,56,57,48,35;35,47,57,50,49,36;36,48,50,38,37;38,49,48,57,52,51;38,50,52,41,40,39;41,51,50,57,54,53;41,52,54,43,42;43,53,52,57,56,55;43,54,56,46,45,44;46,55,54,57,47;47,56,54,52,50,48
ipr58_22 58 1,2,3,4,5,6;0,6,7,8,9,2;0,1,9,10,11,3;0,2,11,12,13,4;0,3,13,14,15,5;0,4,15,16,6;0,5,16,17,7,1;1,6,17,18,19,8;1,7,19,20,21,9;1,8,21,22,10,2;2,9,22,23,11;2,10,23,24,12,3;3,11,24,25,26,13;3,12,26,27,14,4;4,13,27,28,29,15;4,14,29,30,16,5;5,15,30,31,17,6;6,16,31,18,7;7,17,31,32,33,19;7,18,33,34,20,8;8,19,34,35,36,21;8,20,36,22,9;9,21,36,37,23,10;10,22,37,38,24,11;11,23,38,25,12;12,24,38,39,40,26;12,25,40,27,13;13,26,40,41,28,14;14,27,41,42,43,29;14,28,43,44,30,15;15,29,44,31,16;16,30,44,32,18,17;18,31,44,45,46,33;18,32,46,47,34,19;19,33,47,48,35,20;20,34,48,49,50,36;20,35,50,37,22,21;22,36,50,51,38,23;23,37,51,39,25,24;25,38,51,52,53,40;25,39,53,41,27,26;27,40,53,42,28;28,41,53,54,55,43;28,42,55,45,44,29;29,43,45,32,31,30;32,44,43,55,56,46;32,45,56,47,33;33,46,56,57,48,34;34,47,57,49,35;35,48,57,52,51,50;35,49,51,37,36;37,50,49,52,39,38;39,51,49,57,54,53;39,52,54,42,41,40;42,53,52,57,56,55;42,54,56,45,43;45,55,54,57,47,46;47,56,54,52,49,48
ipr58_23 58 1,2,3,4,5,6;0,6,7,8,9,2;0,1,9,10,11,3;0,2,11,12,13,4;0,3,13,14,15,5;0,4,15,16,6;0,5,16,17,7,1;1,6,17,18,19,8;1,7,19,20,9;1,8,20,21,10,2;2,9,21,22,11;2,10,22,23,12,3;3,11,23,24,25,13;3,12,25,26,14,4;4,13,26,27,28,15;4,14,28,29,16,5;5,15,29,30,17,6;6,16,30,31,18,7;7,17,31,32,19;7,18,32,33,20,8;8,19,33,34,21,9;9,20,34,35,22,10;10,21,35,36,23,11;11,22,36,24,12;12,23,36,37,38,25;12,24,38,26,13;13,25,38,39,27,14;14,26,39,40,41,28;14,27,41,42,29,15;15,28,42,30,16;16,29,42,43,31,17;17,30,43,44,32,18;18,31,44,45,33,19;19,32,45,46,34,20;20,33,46,47,35,21;21,34,47,48,36,22;22,35,48,37,24,23;24,36,48,49,50,38;24,37,50,39,26,25;26,38,50,40,27;27,39,50,51,52,41;27,40,52,53,42,28;28,41,53,43,30,29;30,42,53,54,44,31;31,43,54,55,45,32;32,44,55,46,33;33,45,55,56,47,34;34,46,56,49,48,35;35,47,49,37,36;37,48,47,56,51,50;37,49,51,40,39,38;40,50,49,56,57,52;40,51,57,53,41;41,52,57,54,43,42;43,53,57,55,44;44,54,57,56,46,45;46,55,57,51,49,47;51,56,55,54,53,52
ipr58_24 58 1,2,3,4,5,6;0,6,7,8,9,2;0,1,9,10,11,3;0,2,11,12,13,4;0,3,13,14,15,5;0,4,15,16,6;0,5,16,17,7,1;1,6,17,18,19,8;1,7,19,20,9;1,8,20,21,10,2;2,9,21,22,11;2,10,22,23,12,3;3,11,23,24,25,13;3,12,25,26,14,4;4,13,26,27,28,15;4,14,28,29,16,5;5,15,29,30,17,6;6,16,30,18,7;7,17,30,31,32,19;7,18,32,33,20,8;8,19,33,34,21,9;9,20,34,35,22,10;10,21,35,36,23,11;11,22,36,24,12;12,23,36,37,38,25;12,24,38,26,13;13,25,38,39,27,14;14,26,39,40,41,28;14,27,41,42,29,15;15,28,42,30,16;16,29,42,31,18,17;18,30,42,43,44,32;18,31,44,45,33,19;19,32,45,46,34,20;20,33,46,47,35,21;21,34,47,48,36,22;22,35,48,37,24,23;24,36,48,49,50,38;24,37,50,39,26,25;26,38,50,51,40,27;27,39,51,52,53,41;27,40,53,43,42,28;28,41,43,31,30,29;31,42,41,53,54,44;31,43,54,45,32;32,44,54,55,46,33;33,45,55,56,47,34;34,46,56,49,48,35;35,47,49,37,36;37,48,47,56,57,50;37,49,57,51,39,38;39,50,57,52,40;40,51,57,55,54,53;40,52,54,43,41;43,53,52,55,45,44;45,54,52,57,56,46;46,55,57,49,47;49,56,55,52,51,50
ipr58_25 58 1,2,3,4,5,6;0,6,7,8,9,2;0,1,9,10,11,3;0,2,11,12,13,4;0,3,13,14,15,5;0,4,15,16,6;0,5,16,17,7,1;1,6,17,18,19,8;1,7,19,20,9;1,8,20,21,10,2;2,9,21,22,11;2,10,22,23,12,3;3,11,23,24,25,13;3,12,25,26,14,4;4,13,26,27,28,15;4,14,28,29,16,5;5,15,29,30,17,6;6,16,30,18,7;7,17,30,31,32,19;7,18,32,33,20,8;8,19,33,34,21,9;9,20,34,35,22,10;10,21,35,36,23,11;11,22,36,24,12;12,23,36,37,38,25;12,24,38,26,13;13,25,38,39,27,14;14,26,39,40,41,28;14,27,41,42,29,15;15,28,42,30,16;16,29,42,31,18,17;18,30,42,43,44,32;18,31,44,45,33,19;19,32,45,46,34,20;20,33,46,47,35,21;21,34,47,48,36,22;22,35,48,37,24,23;24,36,48,49,50,38;24,37,50,39,26,25;26,38,50,40,27;27,39,50,51,52,41;27,40,52,43,42,28;28,41,43,31,30,29;31,42,41,52,53,44;31,43,53,54,45,32;32,44,54,55,46,33;33,45,55,47,34;34,46,55,56,48,35;35,47,56,49,37,36;37,48,56,57,51,50;37,49,51,40,39,38;40,50,49,57,53,52;40,51,53,43,41;43,52,51,57,54,44;44,53,57,55,45;45,54,57,56,47,46;47,55,57,49,48;49,56,55,54,53,51
ipr58_26 58 1,2,3,4,5,6;0,6,7,8,9,2;0,1,9,10,11,3;0,2,11,12,13,4;0,3,13,14,5;0,4,14,15,16,6;0,5,16,17,7,1;1,6,17,18,19,8;1,7,19,20,9;1,8,20,21,10,2;2,9,21,22,11;2,10,22,23,12,3;3,11,23,24,13;3,12,24,25,14,4;4,13,25,26,15,5;5,14,26,27,28,16;5,15,28,29,17,6;6,16,29,18,7;7,17,29,30,31,19;7,18,31,32,20,8;8,19,32,33,21,9;9,20,33,34,22,10;10,21,34,35,23,11;11,22,35,36,24,12;12,23,36,37,25,13;13,24,37,38,26,14;14,25,38,39,27,15;15,26,39,40,41,28;15,27,41,29,16;16,28,41,30,18,17;18,29,41,42,43,31;18,30,43,44,32,19;19,31,44,45,33,20;20,32,45,46,34,21;21,33,46,47,35,22;22,34,47,48,36,23;23,35,48,49,37,24;24,36,49,38,25;25,37,49,50,39,26;26,38,50,51,40,27;27,39,51,52,42,41;27,40,42,30,29,28;30,41,40,52,53,43;30,42,53,44,31;31,43,53,54,45,32;32,44,54,46,33;33,45,54,55,47,34;34,46,55,48,35;35,47,55,56,49,36;36,48,56,50,38,37;38,49,56,51,39;39,50,56,57,52,40;40,51,57,53,42;42,52,57,54,44,43;44,53,57,55,46,45;46,54,57,56,48,47;48,55,57,51,50,49;51,56,55,54,53,52
ipr58_27 58 1,2,3,4,5,6;0,6,7,8,9,2;0,1,9,10,11,3;0,2,11,12,13,4;0,3,13,14,5;0,4,14,15,16,6;0,5,16,17,7,1;1,6,17,18,19,8;1,7,19,20,9;1,8,20,21,10,2;2,9,21,22,11;2,10,22,23,12,3;3,11,23,24,13;3,12,24,25,14,4;4,13,25,26,15,5;5,14,26,27,28,16;5,15,28,29,17,6;6,16,29,18,7;7,17,29,30,31,19;7,18,31,32,20,8;8,19,32,33,21,9;9,20,33,34,22,10;10,21,34,35,23,11;11,22,35,36,24,12;12,23,36,37,25,13;13,24,37,38,26,14;14,25,38,39,27,15;15,26,39,40,28;15,27,40,41,29,16;16,28,41,30,18,17;18,29,41,42,43,31;18,30,43,44,32,19;19,31,44,33,20;20,32,44,45,34,21;21,33,45,46,35,22;22,34,46,47,36,23;23,35,47,48,37,24;24,36,48,49,38,25;25,37,49,39,26;26,38,49,50,40,27;27,39,50,51,41,28;28,40,51,42,30,29;30,41,51,52,53,43;30,42,53,44,31;31,43,53,45,33,32;33,44,53,54,46,34;34,45,54,55,47,35;35,46,55,48,36;36,47,55,56,49,37;37,48,56,50,39,38;39,49,56,57,51,40;40,50,57,52,42,41;42,51,57,54,53;42,52,54,45,44,43;45,53,52,57,55,46;46,54,57,56,48,47;48,55,57,50,49;50,56,55,54,52,51
ipr58_28 58 1,2,3,4,5,6;0,6,7,8,9,2;0,1,9,10,11,3;0,2,11,12,13,4;0,3,13,14,15,5;0,4,15,16,17,6;0,5,17,18,7,1;1,6,18,19,20,8;1,7,20,21,22,9;1,8,22,23,10,2;2,9,23,24,25,11;2,10,25,12,3;3,11,25,26,27,13;3,12,27,14,4;4,13,27,28,29,15;4,14,29,30,16,5;5,15,30,31,32,17;5,16,32,33,18,6;6,17,33,34,19,7;7,18,34,35,20;7,19,35,36,21,8;8,20,36,37,38,22;8,21,38,23,9;9,22,38,39,24,10;10,23,39,40,25;10,24,40,26,12,11;12,25,40,41,42,27;12,26,42,28,14,13;14,27,42,43,44,29;14,28,44,30,15;15,29,44,45,31,16;16,30,45,46,32;16,31,46,47,33,17;17,32,47,34,18;18,33,47,48,35,19;19,34,48,49,36,20;20,35,49,37,21;21,36,49,50,51,38;21,37,51,39,23,22;23,38,51,52,40,24;24,39,52,41,26,25;26,40,52,53,43,42;26,41,43,28,27;28,42,41,53,54,44;28,43,54,45,30,29;30,44,54,55,46,31;31,45,55,56,47,32;32,46,56,48,34,33;34,47,56,49,35;35,48,56,50,37,36;37,49,56,55,57,51;37,50,57,52,39,38;39,51,57,53,41,40;41,52,57,54,43;43,53,57,55,45,44;45,54,57,50,56,46;46,55,50,49,48,47;50,55,54,53,52,51
ipr58_29 58 1,2,3,4,5,6;0,6,7,8,9,2;0,1,9,10,11,3;0,2,11,12,13,4;0,3,13,14,15,5;0,4,15,16,17,6;0,5,17,18,7,1;1,6,18,19,20,8;1,7,20,21,9;1,8,21,22,10,2;2,9,22,23,24,11;2,10,24,12,3;3,11,24,25,26,13;3,12,26,14,4;4,13,26,27,28,15;4,14,28,29,16,5;5,15,29,30,31,17;5,16,31,32,18,6;6,17,32,33,19,7;7,18,33,34,20;7,19,34,35,21,8;8,20,35,36,22,9;9,21,36,37,23,10;10,22,37,38,39,24;10,23,39,25,12,11;12,24,39,40,41,26;12,25,41,27,14,13;14,26,41,42,43,28;14,27,43,29,15;15,28,43,44,30,16;16,29,44,45,31;16,30,45,46,32,17;17,31,46,33,18;18,32,46,47,34,19;19,33,47,48,35,20;20,34,48,49,36,21;21,35,49,50,37,22;22,36,50,51,38,23;23,37,51,52,40,39;23,38,40,25,24;25,39,38,52,42,41;25,40,42,27,26;27,41,40,52,53,43;27,42,53,44,29,28;29,43,53,54,45,30;30,44,54,55,46,31;31,45,55,47,33,32;33,46,55,48,34;34,47,55,56,49,35;35,48,56,50,36;36,49,56,57,51,37;37,50,57,52,38;38,51,57,53,42,40;42,52,57,54,44,43;44,53,57,56,55,45;45,54,56,48,47,46;48,55,54,57,50,49;50,56,54,53,52,51
ipr58_30 58 1,2,3,4,5,6;0,6,7,8,9,2;0,1,9,10,11,3;0,2,11,12,13,4;0,3,13,14,15,5;0,4,15,16,17,6;0,5,17,18,7,1;1,6,18,19,20,8;1,7,20,21,9;1,8,21,22,10,2;2,9,22,23,24,11;2,10,24,12,3;3,11,24,25,26,13;3,12,26,14,4;4,13,26,27,28,15;4,14,28,29,16,5;5,15,29,30,31,17;5,16,31,32,18,6;6,17,32,33,19,7;7,18,33,34,20;7,19,34,35,21,8;8,20,35,36,22,9;9,21,36,37,23,10;10,22,37,38,39,24;10,23,39,25,12,11;12,24,39,40,41,26;12,25,41,27,14,13;14,26,41,42,43,28;14,27,43,29,15;15,28,43,44,30,16;16,29,44,45,31;16,30,45,46,32,17;17,31,46,33,18;18,32,46,47,34,19;19,33,47,48,35,20;20,34,48,36,21;21,35,48,49,37,22;22,36,49,50,38,23;23,37,50,51,40,39;23,38,40,25,24;25,39,38,51,42,41;25,40,42,27,26;27,41,40,51,52,43;27,42,52,44,29,28;29,43,52,53,45,30;30,44,53,54,46,31;31,45,54,47,33,32;33,46,54,55,48,34;34,47,55,49,36,35;36,48,55,56,50,37;37,49,56,57,51,38;38,50,57,52,42,40;42,51,57,53,44,43;44,52,57,56,54,45;45,53,56,55,47,46;47,54,56,49,48;49,55,54,53,57,50;50,56,53,52,51
ipr58_31 58 1,2,3,4,5,6;0,6,7,8,9,2;0,1,9,10,11,3;0,2,11,12,13,4;0,3,13,14,15,5;0,4,15,16,17,6;0,5,17,18,7,1;1,6,18,19,20,8;1,7,20,21,9;1,8,21,22,10,2;2,9,22,23,24,11;2,10,24,12,3;3,11,24,25,26,13;3,12,26,14,4;4,13,26,27,28,15;4,14,28,29,16,5;5,15,29,30,31,17;5,16,31,32,18,6;6,17,32,33,19,7;7,18,33,34,20;7,19,34,35,21,8;8,20,35,36,22,9;9,21,36,37,23,10;10,22,37,38,39,24;10,23,39,25,12,11;12,24,39,40,41,26;12,25,41,27,14,13;14,26,41,42,43,28;14,27,43,29,15;15,28,43,44,30,16;16,29,44,45,46,31;16,30,46,47,32,17;17,31,47,33,18;18,32,47,48,34,19;19,33,48,49,35,20;20,34,49,36,21;21,35,49,50,37,22;22,36,50,51,38,23;23,37,51,52,40,39;23,38,40,25,24;25,39,38,52,53,41;25,40,53,42,27,26;27,41,53,54,43;27,42,54,44,29,28;29,43,54,45,30;30,44,54,55,56,46;30,45,56,57,47,31;31,46,57,48,33,32;33,47,57,49,34;34,48,57,50,36,35;36,49,57,56,51,37;37,50,56,55,52,38;38,51,55,53,40;40,52,55,54,42,41;42,53,55,45,44,43;45,54,53,52,51,56;45,55,51,50,57,46;46,56,50,49,48,47
ipr58_32 58 1,2,3,4,5,6;0,6,7,8,2;0,1,8,9,10,3;0,2,10,11,4;0,3,11,12,13,5;0,4,13,14,15,6;0,5,15,16,7,1;1,6,16,17,18,8;1,7,18,19,9,2;2,8,19,20,10;2,9,20,21,11,3;3,10,21,22,12,4;4,11,22,23,24,13;4,12,24,14,5;5,13,24,25,26,15;5,14,26,27,16,6;6,15,27,28,17,7;7,16,28,29,30,18;7,17,30,31,19,8;8,18,31,32,20,9;9,19,32,33,21,10;10,20,33,22,11;11,21,33,34,23,12;12,22,34,35,36,24;12,23,36,25,14,13;14,24,36,37,26;14,25,37,38,27,15;15,26,38,39,28,16;16,27,39,40,29,17;17,28,40,41,42,30;17,29,42,43,31,18;18,30,43,44,32,19;19,31,44,45,33,20;20,32,45,34,22,21;22,33,45,46,35,23;23,34,46,47,48,36;23,35,48,37,25,24;25,36,48,49,38,26;26,37,49,50,39,27;27,38,50,51,40,28;28,39,51,41,29;29,40,51,52,53,42;29,41,53,43,30;30,42,53,54,44,31;31,43,54,46,45,32;32,44,46,34,33;34,45,44,54,47,35;35,46,54,55,56,48;35,47,56,49,37,36;37,48,56,57,50,38;38,49,57,51,39;39,50,57,52,41,40;41,51,57,55,53;41,52,55,54,43,42;43,53,55,47,46,44;47,54,53,52,57,56;47,55,57,49,48;49,56,55,52,51,50
ipr58_33 58 1,2,3,4,5,6;0,6,7,8,9,2;0,1,9,10,11,3;0,2,11,12,4;0,3,12,13,14,5;0,4,14,15,16,6;0,5,16,17,7,1;1,6,17,18,19,8;1,7,19,20,21,9;1,8,21,22,10,2;2,9,22,23,11;2,10,23,24,12,3;3,11,24,25,13,4;4,12,25,26,14;4,13,26,27,15,5;5,14,27,28,29,16;5,15,29,17,6;6,16,29,30,18,7;7,17,30,31,19;7,18,31,32,20,8;8,19,32,33,34,21;8,20,34,35,22,9;9,21,35,36,23,10;10,22,36,37,24,11;11,23,37,25,12;12,24,37,38,26,13;13,25,38,39,27,14;14,26,39,40,28,15;15,27,40,41,42,29;15,28,42,30,17,16;17,29,42,43,31,18;18,30,43,44,32,19;19,31,44,45,33,20;20,32,45,46,34;20,33,46,47,35,21;21,34,47,48,36,22;22,35,48,49,37,23;23,36,49,38,25,24;25,37,49,39,26;26,38,49,50,40,27;27,39,50,51,41,28;28,40,51,52,53,42;28,41,53,43,30,29;30,42,53,54,44,31;31,43,54,45,32;32,44,54,55,46,33;33,45,55,56,47,34;34,46,56,57,48,35;35,47,57,50,49,36;36,48,50,39,38,37;39,49,48,57,51,40;40,50,57,56,52,41;41,51,56,55,54,53;41,52,54,43,42;43,53,52,55,45,44;45,54,52,56,46;46,55,52,51,57,47;47,56,51,50,48
ipr58_34 58 1,2,3,4,5,6;0,6,7,8,9,2;0,1,9,10,11,3;0,2,11,12,4;0,3,12,13,14,5;0,4,14,15,16,6;0,5,16,17,7,1;1,6,17,18,19,8;1,7,19,20,21,9;1,8,21,22,10,2;2,9,22,23,11;2,10,23,24,12,3;3,11,24,25,13,4;4,12,25,26,14;4,13,26,27,15,5;5,14,27,28,29,16;5,15,29,30,17,6;6,16,30,31,18,7;7,17,31,32,33,19;7,18,33,20,8;8,19,33,34,35,21;8,20,35,36,22,9;9,21,36,37,23,10;10,22,37,38,24,11;11,23,38,25,12;12,24,38,39,26,13;13,25,39,40,27,14;14,26,40,41,28,15;15,27,41,42,43,29;15,28,43,30,16;16,29,43,44,31,17;17,30,44,32,18;18,31,44,45,46,33;18,32,46,34,20,19;20,33,46,47,35;20,34,47,48,36,21;21,35,48,49,37,22;22,36,49,50,38,23;23,37,50,39,25,24;25,38,50,40,26;26,39,50,51,41,27;27,40,51,52,42,28;28,41,52,53,54,43;28,42,54,44,30,29;30,43,54,45,32,31;32,44,54,53,55,46;32,45,55,47,34,33;34,46,55,56,48,35;35,47,56,57,49,36;36,48,57,51,50,37;37,49,51,40,39,38;40,50,49,57,52,41;41,51,57,56,53,42;42,52,56,55,45,54;42,53,45,44,43;45,53,56,47,46;47,55,53,52,57,48;48,56,52,51,49
ipr58_35 58 1,2,3,4,5,6;0,6,7,8,9,2;0,1,9,10,11,3;0,2,11,12,4;0,3,12,13,14,5;0,4,14,15,16,6;0,5,16,17,7,1;1,6,17,18,19,8;1,7,19,20,21,9;1,8,21,22,10,2;2,9,22,23,11;2,10,23,24,12,3;3,11,24,25,13,4;4,12,25,26,14;4,13,26,27,15,5;5,14,27,28,29,16;5,15,29,30,17,6;6,16,30,31,18,7;7,17,31,32,33,19;7,18,33,20,8;8,19,33,34,35,21;8,20,35,36,22,9;9,21,36,37,23,10;10,22,37,38,24,11;11,23,38,25,12;12,24,38,39,26,13;13,25,39,40,27,14;14,26,40,41,28,15;15,27,41,42,29;15,28,42,43,30,16;16,29,43,44,31,17;17,30,44,45,32,18;18,31,45,46,33;18,32,46,34,20,19;20,33,46,47,35;20,34,47,48,36,21;21,35,48,49,37,22;22,36,49,50,38,23;23,37,50,39,25,24;25,38,50,40,26;26,39,50,51,41,27;27,40,51,52,42,28;28,41,52,53,43,29;29,42,53,54,44,30;30,43,54,45,31;31,44,54,55,46,32;32,45,55,47,34,33;34,46,55,56,48,35;35,47,56,57,49,36;36,48,57,51,50,37;37,49,51,40,39,38;40,50,49,57,52,41;41,51,57,53,42;42,52,57,56,54,43;43,53,56,55,45,44;45,54,56,47,46;47,55,54,53,57,48;48,56,53,52,51,49
ipr58_36 58 1,2,3,4,5,6;0,6,7,8,9,2;0,1,9,10,11,3;0,2,11,12,13,4;0,3,13,14,15,5;0,4,15,16,6;0,5,16,17,7,1;1,6,17,18,19,8;1,7,19,20,9;1,8,20,21,10,2;2,9,21,22,11;2,10,22,23,12,3;3,11,23,24,25,13;3,12,25,26,14,4;4,13,26,27,28,15;4,14,28,29,16,5;5,15,29,30,17,6;6,16,30,31,18,7;7,17,31,32,19;7,18,32,33,20,8;8,19,33,34,21,9;9,20,34,35,22,10;10,21,35,36,23,11;11,22,36,37,24,12;12,23,37,38,25;12,24,38,39,26,13;13,25,39,27,14;14,26,39,40,41,28;14,27,41,42,29,15;15,28,42,43,30,16;16,29,43,31,17;17,30,43,44,32,18;18,31,44,45,33,19;19,32,45,46,34,20;20,33,46,47,35,21;21,34,47,48,36,22;22,35,48,37,23;23,36,48,49,38,24;24,37,49,50,39,25;25,38,50,40,27,26;27,39,50,51,52,41;27,40,52,53,42,28;28,41,53,54,43,29;29,42,54,44,31,30;31,43,54,45,32;32,44,54,55,46,33;33,45,55,56,47,34;34,46,56,57,48,35;35,47,57,49,37,36;37,48,57,50,38;38,49,57,51,40,39;40,50,57,56,52;40,51,56,55,53,41;41,52,55,54,42;42,53,55,45,44,43;45,54,53,52,56,46;46,55,52,51,57,47;47,56,51,50,49,48
ipr58_37 58 1,2,3,4,5,6;0,6,7,8,9,2;0,1,9,10,11,3;0,2,11,12,13,4;0,3,13,14,5;0,4,14,15,16,6;0,5,16,17,7,1;1,6,17,18,19,8;1,7,19,20,21,9;1,8,21,22,10,2;2,9,22,23,24,11;2,10,24,12,3;3,11,24,25,26,13;3,12,26,27,14,4;4,13,27,28,15,5;5,14,28,29,30,16;5,15,30,17,6;6,16,30,31,18,7;7,17,31,32,33,19;7,18,33,34,20,8;8,19,34,35,21;8,20,35,36,22,9;9,21,36,37,23,10;10,22,37,38,24;10,23,38,25,12,11;12,24,38,39,26;12,25,39,40,27,13;13,26,40,41,28,14;14,27,41,42,29,15;15,28,42,43,30;15,29,43,31,17,16;17,30,43,44,32,18;18,31,44,45,46,33;18,32,46,34,19;19,33,46,47,35,20;20,34,47,48,36,21;21,35,48,49,37,22;22,36,49,50,38,23;23,37,50,39,25,24;25,38,50,51,40,26;26,39,51,52,41,27;27,40,52,53,42,28;28,41,53,54,43,29;29,42,54,44,31,30;31,43,54,45,32;32,44,54,55,56,46;32,45,56,47,34,33;34,46,56,48,35;35,47,56,57,49,36;36,48,57,51,50,37;37,49,51,39,38;39,50,49,57,52,40;40,51,57,55,53,41;41,52,55,54,42;42,53,55,45,44,43;45,54,53,52,57,56;45,55,57,48,47,46;48,56,55,52,51,49
ipr58_38 58 1,2,3,4,5,6;0,6,7,8,9,2;0,1,9,10,11,3;0,2,11,12,13,4;0,3,13,14,15,5;0,4,15,16,17,6;0,5,17,18,7,1;1,6,18,19,20,8;1,7,20,21,22,9;1,8,22,23,10,2;2,9,23,24,25,11;2,10,25,12,3;3,11,25,26,27,13;3,12,27,14,4;4,13,27,28,29,15;4,14,29,30,16,5;5,15,30,31,32,17;5,16,32,33,18,6;6,17,33,19,7;7,18,33,34,35,20;7,19,35,36,21,8;8,20,36,37,22;8,21,37,38,23,9;9,22,38,39,24,10;10,23,39,40,25;10,24,40,26,12,11;12,25,40,41,27;12,26,41,28,14,13;14,27,41,42,43,29;14,28,43,44,30,15;15,29,44,45,31,16;16,30,45,46,47,32;16,31,47,33,17;17,32,47,34,19,18;19,33,47,48,35;19,34,48,49,36,20;20,35,49,50,37,21;21,36,50,51,38,22;22,37,51,52,39,23;23,38,52,53,40,24;24,39,53,41,26,25;26,40,53,42,28,27;28,41,53,52,54,43;28,42,54,55,44,29;29,43,55,45,30;30,44,55,56,46,31;31,45,56,48,47;31,46,48,34,33,32;34,47,46,56,49,35;35,48,56,57,50,36;36,49,57,51,37;37,50,57,54,52,38;38,51,54,42,53,39;39,52,42,41,40;42,52,51,57,55,43;43,54,57,56,45,44;45,55,57,49,48,46;49,56,55,54,51,50
ipr58_39 58 1,2,3,4,5,6;0,6,7,8,9,2;0,1,9,10,11,3;0,2,11,12,13,4;0,3,13,14,15,5;0,4,15,16,17,6;0,5,17,7,1;1,6,17,18,19,8;1,7,19,20,21,9;1,8,21,22,10,2;2,9,22,23,24,11;2,10,24,12,3;3,11,24,25,26,13;3,12,26,27,14,4;4,13,27,28,15;4,14,28,29,16,5;5,15,29,30,17;5,16,30,18,7,6;7,17,30,31,32,19;7,18,32,20,8;8,19,32,33,34,21;8,20,34,35,22,9;9,21,35,36,23,10;10,22,36,37,24;10,23,37,25,12,11;12,24,37,38,26;12,25,38,39,27,13;13,26,39,40,28,14;14,27,40,41,29,15;15,28,41,42,30,16;16,29,42,31,18,17;18,30,42,43,44,32;18,31,44,33,20,19;20,32,44,45,46,34;20,33,46,47,35,21;21,34,47,48,36,22;22,35,48,49,37,23;23,36,49,38,25,24;25,37,49,50,39,26;26,38,50,51,40,27;27,39,51,52,41,28;28,40,52,53,42,29;29,41,53,43,31,30;31,42,53,54,45,44;31,43,45,33,32;33,44,43,54,55,46;33,45,55,47,34;34,46,55,56,48,35;35,47,56,50,49,36;36,48,50,38,37;38,49,48,56,51,39;39,50,56,57,52,40;40,51,57,54,53,41;41,52,54,43,42;43,53,52,57,55,45;45,54,57,56,47,46;47,55,57,51,50,48;51,56,55,54,52
ipr58_40 58 1,2,3,4,5,6;0,6,7,8,9,2;0,1,9,10,11,3;0,2,11,12,13,4;0,3,13,14,15,5;0,4,15,16,17,6;0,5,17,7,1;1,6,17,18,19,8;1,7,19,20,9;1,8,20,21,10,2;2,9,21,22,11;2,10,22,23,12,3;3,11,23,24,25,13;3,12,25,14,4;4,13,25,26,27,15;4,14,27,28,16,5;5,15,28,29,30,17;5,16,30,18,7,6;7,17,30,31,32,19;7,18,32,33,20,8;8,19,33,34,21,9;9,20,34,35,22,10;10,21,35,36,23,11;11,22,36,37,24,12;12,23,37,38,25;12,24,38,26,14,13;14,25,38,39,40,27;14,26,40,41,28,15;15,27,41,42,29,16;16,28,42,43,31,30;16,29,31,18,17;18,30,29,43,44,32;18,31,44,45,33,19;19,32,45,46,34,20;20,33,46,47,35,21;21,34,47,48,36,22;22,35,48,37,23;23,36,48,49,38,24;24,37,49,39,26,25;26,38,49,50,51,40;26,39,51,52,41,27;27,40,52,53,42,28;28,41,53,43,29;29,42,53,54,44,31;31,43,54,45,32;32,44,54,55,46,33;33,45,55,56,47,34;34,46,56,50,48,35;35,47,50,49,37,36;37,48,50,39,38;39,49,48,47,56,51;39,50,56,57,52,40;40,51,57,53,41;41,52,57,54,43,42;43,53,57,55,45,44;45,54,57,56,46;46,55,57,51,50,47;51,56,55,54,53,52
ipr58_41 58 1,2,3,4,5,6;0,6,7,8,9,2;0,1,9,10,11,3;0,2,11,12,13,4;0,3,13,14,15,5;0,4,15,16,17,6;0,5,17,7,1;1,6,17,18,19,8;1,7,19,20,21,9;1,8,21,22,10,2;2,9,22,23,24,11;2,10,24,12,3;3,11,24,25,26,13;3,12,26,27,14,4;4,13,27,28,29,15;4,14,29,30,16,5;5,15,30,31,32,17;5,16,32,18,7,6;7,17,32,33,34,19;7,18,34,20,8;8,19,34,35,36,21;8,20,36,37,22,9;9,21,37,38,23,10;10,22,38,39,24;10,23,39,25,12,11;12,24,39,40,26;12,25,40,41,27,13;13,26,41,28,14;14,27,41,42,43,29;14,28,43,44,30,15;15,29,44,45,31,16;16,30,45,46,33,32;16,31,33,18,17;18,32,31,46,47,34;18,33,47,35,20,19;20,34,47,48,49,36;20,35,49,50,37,21;21,36,50,51,38,22;22,37,51,52,39,23;23,38,52,40,25,24;25,39,52,53,41,26;26,40,53,42,28,27;28,41,53,54,55,43;28,42,55,44,29;29,43,55,56,45,30;30,44,56,46,31;31,45,56,48,47,33;33,46,48,35,34;35,47,46,56,57,49;35,48,57,50,36;36,49,57,54,51,37;37,50,54,53,52,38;38,51,53,40,39;40,52,51,54,42,41;42,53,51,50,57,55;42,54,57,56,44,43;44,55,57,48,46,45;48,56,55,54,50,49
ipr58_42 58 1,2,3,4,5,6;0,6,7,8,9,2;0,1,9,10,11,3;0,2,11,12,13,4;0,3,13,14,15,5;0,4,15,16,17,6;0,5,17,7,1;1,6,17,18,19,8;1,7,19,20,21,9;1,8,21,22,10,2;2,9,22,23,24,11;2,10,24,12,3;3,11,24,25,26,13;3,12,26,14,4;4,13,26,27,28,15;4,14,28,29,16,5;5,15,29,30,31,17;5,16,31,18,7,6;7,17,31,32,33,19;7,18,33,34,20,8;8,19,34,35,21;8,20,35,36,22,9;9,21,36,23,10;10,22,36,37,38,24;10,23,38,25,12,11;12,24,38,39,26;12,25,39,27,14,13;14,26,39,40,41,28;14,27,41,42,29,15;15,28,42,43,30,16;16,29,43,44,32,31;16,30,32,18,17;18,31,30,44,45,33;18,32,45,46,34,19;19,33,46,47,35,20;20,34,47,48,36,21;21,35,48,37,23,22;23,36,48,49,50,38;23,37,50,39,25,24;25,38,50,40,27,26;27,39,50,49,51,41;27,40,51,52,42,28;28,41,52,53,43,29;29,42,53,44,30;30,43,53,54,45,32;32,44,54,46,33;33,45,54,55,47,34;34,46,55,56,48,35;35,47,56,49,37,36;37,48,56,51,40,50;37,49,40,39,38;40,49,56,57,52,41;41,51,57,53,42;42,52,57,54,44,43;44,53,57,55,46,45;46,54,57,56,47;47,55,57,51,49,48;51,56,55,54,53,52
ipr58_43 58 1,2,3,4,5,6;0,6,7,8,9,2;0,1,9,10,11,3;0,2,11,12,13,4;0,3,13,14,15,5;0,4,15,16,6;0,5,16,17,7,1;1,6,17,18,19,8;1,7,19,20,21,9;1,8,21,22,10,2;2,9,22,23,24,11;2,10,24,12,3;3,11,24,25,26,13;3,12,26,27,14,4;4,13,27,28,15;4,14,28,29,16,5;5,15,29,30,17,6;6,16,30,31,18,7;7,17,31,32,33,19;7,18,33,34,20,8;8,19,34,35,21;8,20,35,36,22,9;9,21,36,37,23,10;10,22,37,38,24;10,23,38,25,12,11;12,24,38,39,26;12,25,39,40,27,13;13,26,40,41,28,14;14,27,41,42,29,15;15,28,42,43,30,16;16,29,43,44,31,17;17,30,44,32,18;18,31,44,45,46,33;18,32,46,34,19;19,33,46,47,35,20;20,34,47,48,36,21;21,35,48,49,37,22;22,36,49,50,38,23;23,37,50,39,25,24;25,38,50,51,40,26;26,39,51,52,41,27;27,40,52,53,42,28;28,41,53,43,29;29,42,53,54,44,30;30,43,54,45,32,31;32,44,54,55,56,46;32,45,56,47,34,33;34,46,56,48,35;35,47,56,57,49,36;36,48,57,51,50,37;37,49,51,39,38;39,50,49,57,52,40;40,51,57,55,53,41;41,52,55,54,43,42;43,53,55,45,44;45,54,53,52,57,56;45,55,57,48,47,46;48,56,55,52,51,49
ipr58_44 58 1,2,3,4,5,6;0,6,7,8,9,2;0,1,9,10,11,3;0,2,11,12,13,4;0,3,13,14,15,5;0,4,15,16,6;0,5,16,17,7,1;1,6,17,18,19,8;1,7,19,20,21,9;1,8,21,22,10,2;2,9,22,23,24,11;2,10,24,12,3;3,11,24,25,26,13;3,12,26,27,14,4;4,13,27,28,15;4,14,28,29,16,5;5,15,29,30,17,6;6,16,30,18,7;7,17,30,31,32,19;7,18,32,33,20,8;8,19,33,34,21;8,20,34,35,22,9;9,21,35,36,23,10;10,22,36,37,24;10,23,37,25,12,11;12,24,37,38,39,26;12,25,39,40,27,13;13,26,40,41,28,14;14,27,41,42,29,15;15,28,42,43,30,16;16,29,43,31,18,17;18,30,43,44,45,32;18,31,45,33,19;19,32,45,46,34,20;20,33,46,47,35,21;21,34,47,48,36,22;22,35,48,49,37,23;23,36,49,38,25,24;25,37,49,50,51,39;25,38,51,40,26;26,39,51,52,41,27;27,40,52,42,28;28,41,52,53,43,29;29,42,53,44,31,30;31,43,53,54,55,45;31,44,55,46,33,32;33,45,55,47,34;34,46,55,56,48,35;35,47,56,50,49,36;36,48,50,38,37;38,49,48,56,57,51;38,50,57,52,40,39;40,51,57,53,42,41;42,52,57,54,44,43;44,53,57,56,55;44,54,56,47,46,45;47,55,54,57,50,48;50,56,54,53,52,51
ipr58_45 58 1,2,3,4,5,6;0,6,7,8,9,2;0,1,9,10,11,3;0,2,11,12,13,4;0,3,13,14,15,5;0,4,15,16,6;0,5,16,17,7,1;1,6,17,18,19,8;1,7,19,20,21,9;1,8,21,22,10,2;2,9,22,23,24,11;2,10,24,12,3;3,11,24,25,26,13;3,12,26,27,14,4;4,13,27,28,15;4,14,28,29,16,5;5,15,29,30,17,6;6,16,30,18,7;7,17,30,31,32,19;7,18,32,33,20,8;8,19,33,34,21;8,20,34,35,22,9;9,21,35,36,23,10;10,22,36,37,24;10,23,37,25,12,11;12,24,37,38,26;12,25,38,39,27,13;13,26,39,40,28,14;14,27,40,41,29,15;15,28,41,42,30,16;16,29,42,31,18,17;18,30,42,43,44,32;18,31,44,33,19;19,32,44,45,34,20;20,33,45,46,35,21;21,34,46,47,36,22;22,35,47,48,37,23;23,36,48,38,25,24;25,37,48,49,39,26;26,38,49,50,40,27;27,39,50,51,41,28;28,40,51,52,42,29;29,41,52,43,31,30;31,42,52,53,54,44;31,43,54,45,33,32;33,44,54,46,34;34,45,54,55,47,35;35,46,55,56,48,36;36,47,56,49,38,37;38,48,56,50,39;39,49,56,57,51,40;40,50,57,52,41;41,51,57,53,43,42;43,52,57,55,54;43,53,55,46,45,44;46,54,53,57,56,47;47,55,57,50,49,48;50,56,55,53,52,51
ipr58_46 58 1,2,3,4,5,6;0,6,7,8,9,2;0,1,9,10,11,3;0,2,11,12,13,4;0,3,13,14,15,5;0,4,15,16,6;0,5,16,17,7,1;1,6,17,18,19,8;1,7,19,20,21,9;1,8,21,22,10,2;2,9,22,23,24,11;2,10,24,12,3;3,11,24,25,26,13;3,12,26,27,14,4;4,13,27,28,15;4,14,28,29,16,5;5,15,29,30,17,6;6,16,30,18,7;7,17,30,31,32,19;7,18,32,33,20,8;8,19,33,34,21;8,20,34,35,22,9;9,21,35,36,23,10;10,22,36,37,24;10,23,37,25,12,11;12,24,37,38,26;12,25,38,39,27,13;13,26,39,40,28,14;14,27,40,41,29,15;15,28,41,42,30,16;16,29,42,31,18,17;18,30,42,43,44,32;18,31,44,33,19;19,32,44,45,34,20;20,33,45,46,35,21;21,34,46,47,36,22;22,35,47,48,37,23;23,36,48,38,25,24;25,37,48,49,39,26;26,38,49,50,40,27;27,39,50,51,41,28;28,40,51,52,42,29;29,41,52,43,31,30;31,42,52,53,54,44;31,43,54,45,33,32;33,44,54,55,46,34;34,45,55,56,47,35;35,46,56,49,48,36;36,47,49,38,37;38,48,47,56,50,39;39,49,56,57,51,40;40,50,57,53,52,41;41,51,53,43,42;43,52,51,57,55,54;43,53,55,45,44;45,54,53,57,56,46;46,55,57,50,49,47;50,56,55,53,51
ipr58_47 58 1,2,3,4,5,6;0,6,7,8,9,2;0,1,9,10,11,3;0,2,11,12,13,4;0,3,13,14,5;0,4,14,15,16,6;0,5,16,17,7,1;1,6,17,18,19,8;1,7,19,20,21,9;1,8,21,22,10,2;2,9,22,23,24,11;2,10,24,12,3;3,11,24,25,26,13;3,12,26,27,14,4;4,13,27,28,15,5;5,14,28,29,30,16;5,15,30,31,17,6;6,16,31,18,7;7,17,31,32,33,19;7,18,33,34,20,8;8,19,34,35,21;8,20,35,36,22,9;9,21,36,37,23,10;10,22,37,38,24;10,23,38,25,12,11;12,24,38,39,40,26;12,25,40,27,13;13,26,40,41,28,14;14,27,41,42,29,15;15,28,42,43,44,30;15,29,44,45,31,16;16,30,45,32,18,17;18,31,45,46,47,33;18,32,47,34,19;19,33,47,48,35,20;20,34,48,49,36,21;21,35,49,50,37,22;22,36,50,51,38,23;23,37,51,39,25,24;25,38,51,52,53,40;25,39,53,41,27,26;27,40,53,42,28;28,41,53,54,43,29;29,42,54,55,44;29,43,55,46,45,30;30,44,46,32,31;32,45,44,55,56,47;32,46,56,48,34,33;34,47,56,49,35;35,48,56,57,50,36;36,49,57,52,51,37;37,50,52,39,38;39,51,50,57,54,53;39,52,54,42,41,40;42,53,52,57,55,43;43,54,57,56,46,44;46,55,57,49,48,47;49,56,55,54,52,50
ipr58_48 58 1,2,3,4,5,6;0,6,7,8,9,2;0,1,9,10,11,3;0,2,11,12,13,4;0,3,13,14,15,5;0,4,15,16,6;0,5,16,17,7,1;1,6,17,18,19,8;1,7,19,20,21,9;1,8,21,22,10,2;2,9,22,23,24,11;2,10,24,12,3;3,11,24,25,26,13;3,12,26,27,14,4;4,13,27,28,29,15;4,14,29,30,16,5;5,15,30,31,17,6;6,16,31,18,7;7,17,31,32,33,19;7,18,33,34,20,8;8,19,34,35,21;8,20,35,36,22,9;9,21,36,37,23,10;10,22,37,38,24;10,23,38,25,12,11;12,24,38,39,26;12,25,39,40,27,13;13,26,40,28,14;14,27,40,41,42,29;14,28,42,43,30,15;15,29,43,44,31,16;16,30,44,32,18,17;18,31,44,45,46,33;18,32,46,47,34,19;19,33,47,48,35,20;20,34,48,49,36,21;21,35,49,50,37,22;22,36,50,51,38,23;23,37,51,39,25,24;25,38,51,52,40,26;26,39,52,41,28,27;28,40,52,53,54,42;28,41,54,55,43,29;29,42,55,45,44,30;30,43,45,32,31;32,44,43,55,56,46;32,45,56,47,33;33,46,56,57,48,34;34,47,57,49,35;35,48,57,53,50,36;36,49,53,52,51,37;37,50,52,39,38;39,51,50,53,41,40;41,52,50,49,57,54;41,53,57,56,55,42;42,54,56,45,43;45,55,54,57,47,46;47,56,54,53,49,48
ipr58_49 58 1,2,3,4,5,6;0,6,7,8,9,2;0,1,9,10,11,3;0,2,11,12,13,4;0,3,13,14,15,5;0,4,15,16,6;0,5,16,17,7,1;1,6,17,18,19,8;1,7,19,20,21,9;1,8,21,22,10,2;2,9,22,23,24,11;2,10,24,12,3;3,11,24,25,26,13;3,12,26,27,14,4;4,13,27,28,29,15;4,14,29,30,16,5;5,15,30,31,17,6;6,16,31,32,18,7;7,17,32,33,34,19;7,18,34,35,20,8;8,19,35,36,21;8,20,36,37,22,9;9,21,37,38,23,10;10,22,38,39,24;10,23,39,25,12,11;12,24,39,40,26;12,25,40,41,27,13;13,26,41,28,14;14,27,41,42,43,29;14,28,43,44,30,15;15,29,44,45,31,16;16,30,45,32,17;17,31,45,46,33,18;18,32,46,47,48,34;18,33,48,35,19;19,34,48,49,36,20;20,35,49,50,37,21;21,36,50,51,38,22;22,37,51,52,39,23;23,38,52,40,25,24;25,39,52,53,41,26;26,40,53,42,28,27;28,41,53,54,55,43;28,42,55,56,44,29;29,43,56,45,30;30,44,56,46,32,31;32,45,56,47,33;33,46,56,55,57,48;33,47,57,49,35,34;35,48,57,50,36;36,49,57,54,51,37;37,50,54,53,52,38;38,51,53,40,39;40,52,51,54,42,41;42,53,51,50,57,55;42,54,57,47,56,43;43,55,47,46,45,44;47,55,54,50,49,48
ipr58_50 58 1,2,3,4,5,6;0,6,7,8,9,2;0,1,9,10,11,3;0,2,11,12,13,4;0,3,13,14,15,5;0,4,15,16,17,6;0,5,17,18,7,1;1,6,18,19,20,8;1,7,20,21,22,9;1,8,22,23,10,2;2,9,23,24,11;2,10,24,25,12,3;3,11,25,26,27,13;3,12,27,14,4;4,13,27,28,29,15;4,14,29,30,16,5;5,15,30,31,17;5,16,31,32,18,6;6,17,32,19,7;7,18,32,33,34,20;7,19,34,35,21,8;8,20,35,36,37,22;8,21,37,23,9;9,22,37,38,24,10;10,23,38,39,25,11;11,24,39,40,26,12;12,25,40,41,27;12,26,41,28,14,13;14,27,41,42,43,29;14,28,43,44,30,15;15,29,44,45,31,16;16,30,45,46,32,17;17,31,46,33,19,18;19,32,46,47,48,34;19,33,48,35,20;20,34,48,49,36,21;21,35,49,50,51,37;21,36,51,38,23,22;23,37,51,52,39,24;24,38,52,40,25;25,39,52,53,41,26;26,40,53,42,28,27;28,41,53,54,55,43;28,42,55,56,44,29;29,43,56,45,30;30,44,56,47,46,31;31,45,47,33,32;33,46,45,56,57,48;33,47,57,49,35,34;35,48,57,50,36;36,49,57,55,54,51;36,50,54,52,38,37;38,51,54,53,40,39;40,52,54,42,41;42,53,52,51,50,55;42,54,50,57,56,43;43,55,57,47,45,44;47,56,55,50,49,48
ipr58_51 58 1,2,3,4,5,6;0,6,7,8,9,2;0,1,9,10,11,3;0,2,11,12,13,4;0,3,13,14,15,5;0,4,15,16,6;0,5,16,17,7,1;1,6,17,18,19,8;1,7,19,20,21,9;1,8,21,22,10,2;2,9,22,23,11;2,10,23,24,12,3;3,11,24,25,26,13;3,12,26,27,14,4;4,13,27,28,15;4,14,28,29,16,5;5,15,29,30,17,6;6,16,30,18,7;7,17,30,31,32,19;7,18,32,33,20,8;8,19,33,34,35,21;8,20,35,22,9;9,21,35,36,23,10;10,22,36,37,24,11;11,23,37,38,25,12;12,24,38,39,26;12,25,39,40,27,13;13,26,40,41,28,14;14,27,41,42,29,15;15,28,42,43,30,16;16,29,43,31,18,17;18,30,43,44,45,32;18,31,45,33,19;19,32,45,46,34,20;20,33,46,47,48,35;20,34,48,36,22,21;22,35,48,49,37,23;23,36,49,38,24;24,37,49,50,39,25;25,38,50,51,40,26;26,39,51,52,41,27;27,40,52,53,42,28;28,41,53,43,29;29,42,53,44,31,30;31,43,53,54,55,45;31,44,55,46,33,32;33,45,55,47,34;34,46,55,56,57,48;34,47,57,49,36,35;36,48,57,50,38,37;38,49,57,51,39;39,50,57,56,52,40;40,51,56,54,53,41;41,52,54,44,43,42;44,53,52,56,55;44,54,56,47,46,45;47,55,54,52,51,57;47,56,51,50,49,48
ipr58_52 58 1,2,3,4,5,6;0,6,7,8,9,2;0,1,9,10,11,3;0,2,11,12,13,4;0,3,13,14,15,5;0,4,15,16,6;0,5,16,17,7,1;1,6,17,18,19,8;1,7,19,20,21,9;1,8,21,22,10,2;2,9,22,23,11;2,10,23,24,12,3;3,11,24,25,26,13;3,12,26,27,14,4;4,13,27,28,29,15;4,14,29,30,16,5;5,15,30,31,17,6;6,16,31,18,7;7,17,31,32,33,19;7,18,33,34,20,8;8,19,34,35,36,21;8,20,36,22,9;9,21,36,37,23,10;10,22,37,38,24,11;11,23,38,39,25,12;12,24,39,40,26;12,25,40,41,27,13;13,26,41,28,14;14,27,41,42,43,29;14,28,43,44,30,15;15,29,44,45,31,16;16,30,45,32,18,17;18,31,45,46,47,33;18,32,47,34,19;19,33,47,48,35,20;20,34,48,49,50,36;20,35,50,37,22,21;22,36,50,51,38,23;23,37,51,39,24;24,38,51,52,40,25;25,39,52,53,41,26;26,40,53,42,28,27;28,41,53,54,55,43;28,42,55,44,29;29,43,55,46,45,30;30,44,46,32,31;32,45,44,55,56,47;32,46,56,48,34,33;34,47,56,49,35;35,48,56,54,57,50;35,49,57,51,37,36;37,50,57,52,39,38;39,51,57,53,40;40,52,57,54,42,41;42,53,57,49,56,55;42,54,56,46,44,43;46,55,54,49,48,47;49,54,53,52,51,50
ipr58_53 58 1,2,3,4,5,6;0,6,7,8,9,2;0,1,9,10,11,3;0,2,11,12,13,4;0,3,13,14,15,5;0,4,15,16,6;0,5,16,17,7,1;1,6,17,18,19,8;1,7,19,20,21,9;1,8,21,22,10,2;2,9,22,23,24,11;2,10,24,12,3;3,11,24,25,26,13;3,12,26,14,4;4,13,26,27,28,15;4,14,28,29,16,5;5,15,29,30,17,6;6,16,30,31,18,7;7,17,31,32,19;7,18,32,33,20,8;8,19,33,34,21;8,20,34,35,22,9;9,21,35,36,23,10;10,22,36,37,24;10,23,37,25,12,11;12,24,37,38,26;12,25,38,27,14,13;14,26,38,39,40,28;14,27,40,41,29,15;15,28,41,42,30,16;16,29,42,43,31,17;17,30,43,44,32,18;18,31,44,45,33,19;19,32,45,46,34,20;20,33,46,47,35,21;21,34,47,48,36,22;22,35,48,49,37,23;23,36,49,38,25,24;25,37,49,39,27,26;27,38,49,50,51,40;27,39,51,52,41,28;28,40,52,53,42,29;29,41,53,43,30;30,42,53,54,44,31;31,43,54,45,32;32,44,54,55,46,33;33,45,55,56,47,34;34,46,56,50,48,35;35,47,50,49,36;36,48,50,39,38,37;39,49,48,47,56,51;39,50,56,57,52,40;40,51,57,53,41;41,52,57,54,43,42;43,53,57,55,45,44;45,54,57,56,46;46,55,57,51,50,47;51,56,55,54,53,52
ipr58_54 58 1,2,3,4,5,6;0,6,7,8,9,2;0,1,9,10,11,3;0,2,11,12,13,4;0,3,13,14,15,5;0,4,15,16,6;0,5,16,17,7,1;1,6,17,18,19,8;1,7,19,20,21,9;1,8,21,22,10,2;2,9,22,23,11;2,10,23,24,12,3;3,11,24,25,26,13;3,12,26,14,4;4,13,26,27,28,15;4,14,28,29,16,5;5,15,29,30,17,6;6,16,30,18,7;7,17,30,31,32,19;7,18,32,33,20,8;8,19,33,34,35,21;8,20,35,36,22,9;9,21,36,37,23,10;10,22,37,38,24,11;11,23,38,39,25,12;12,24,39,40,26;12,25,40,27,14,13;14,26,40,41,42,28;14,27,42,43,29,15;15,28,43,44,30,16;16,29,44,31,18,17;18,30,44,45,46,32;18,31,46,33,19;19,32,46,47,34,20;20,33,47,48,49,35;20,34,49,50,36,21;21,35,50,37,22;22,36,50,51,38,23;23,37,51,39,24;24,38,51,52,40,25;25,39,52,41,27,26;27,40,52,53,54,42;27,41,54,55,43,28;28,42,55,45,44,29;29,43,45,31,30;31,44,43,55,56,46;31,45,56,47,33,32;33,46,56,48,34;34,47,56,54,53,49;34,48,53,57,50,35;35,49,57,51,37,36;37,50,57,52,39,38;39,51,57,53,41,40;41,52,57,49,48,54;41,53,48,56,55,42;42,54,56,45,43;45,55,54,48,47,46;49,53,52,51,50
ipr58_55 58 1,2,3,4,5,6;0,6,7,8,9,2;0,1,9,10,11,3;0,2,11,12,13,4;0,3,13,14,15,5;0,4,15,16,6;0,5,16,17,7,1;1,6,17,18,19,8;1,7,19,20,21,9;1,8,21,22,10,2;2,9,22,23,24,11;2,10,24,12,3;3,11,24,25,26,13;3,12,26,27,14,4;4,13,27,28,15;4,14,28,29,16,5;5,15,29,30,17,6;6,16,30,18,7;7,17,30,31,32,19;7,18,32,33,20,8;8,19,33,34,35,21;8,20,35,36,22,9;9,21,36,37,23,10;10,22,37,38,24;10,23,38,25,12,11;12,24,38,39,26;12,25,39,40,27,13;13,26,40,41,28,14;14,27,41,42,29,15;15,28,42,43,30,16;16,29,43,31,18,17;18,30,43,44,45,32;18,31,45,33,19;19,32,45,46,34,20;20,33,46,47,48,35;20,34,48,36,21;21,35,48,49,37,22;22,36,49,50,38,23;23,37,50,39,25,24;25,38,50,51,40,26;26,39,51,52,41,27;27,40,52,53,42,28;28,41,53,43,29;29,42,53,44,31,30;31,43,53,54,55,45;31,44,55,46,33,32;33,45,55,47,34;34,46,55,56,57,48;34,47,57,49,36,35;36,48,57,50,37;37,49,57,51,39,38;39,50,57,56,52,40;40,51,56,54,53,41;41,52,54,44,43,42;44,53,52,56,55;44,54,56,47,46,45;47,55,54,52,51,57;47,56,51,50,49,48
ipr58_56 58 1,2,3,4,5,6;0,6,7,8,9,2;0,1,9,10,11,3;0,2,11,12,13,4;0,3,13,14,15,5;0,4,15,16,17,6;0,5,17,18,7,1;1,6,18,19,8;1,7,19,20,21,9;1,8,21,22,10,2;2,9,22,23,24,11;2,10,24,12,3;3,11,24,25,26,13;3,12,26,14,4;4,13,26,27,28,15;4,14,28,29,16,5;5,15,29,30,31,17;5,16,31,32,18,6;6,17,32,33,19,7;7,18,33,34,20,8;8,19,34,35,21;8,20,35,36,22,9;9,21,36,37,23,10;10,22,37,38,39,24;10,23,39,25,12,11;12,24,39,40,26;12,25,40,27,14,13;14,26,40,41,42,28;14,27,42,43,29,15;15,28,43,30,16;16,29,43,44,45,31;16,30,45,46,32,17;17,31,46,47,33,18;18,32,47,34,19;19,33,47,48,35,20;20,34,48,49,36,21;21,35,49,50,37,22;22,36,50,51,38,23;23,37,51,52,39;23,38,52,40,25,24;25,39,52,41,27,26;27,40,52,53,42;27,41,53,54,43,28;28,42,54,44,30,29;30,43,54,55,56,45;30,44,56,57,46,31;31,45,57,47,32;32,46,57,48,34,33;34,47,57,49,35;35,48,57,56,50,36;36,49,56,55,51,37;37,50,55,53,52,38;38,51,53,41,40,39;41,52,51,55,54,42;42,53,55,44,43;44,54,53,51,50,56;44,55,50,49,57,45;45,56,49,48,47,46
ipr58_57 58 1,2,3,4,5,6;0,6,7,8,9,2;0,1,9,10,11,3;0,2,11,12,13,4;0,3,13,14,15,5;0,4,15,16,17,6;0,5,17,18,7,1;1,6,18,19,8;1,7,19,20,21,9;1,8,21,22,10,2;2,9,22,23,24,11;2,10,24,12,3;3,11,24,25,26,13;3,12,26,14,4;4,13,26,27,28,15;4,14,28,16,5;5,15,28,29,30,17;5,16,30,31,18,6;6,17,31,32,19,7;7,18,32,33,20,8;8,19,33,34,35,21;8,20,35,36,22,9;9,21,36,37,23,10;10,22,37,38,39,24;10,23,39,25,12,11;12,24,39,40,26;12,25,40,27,14,13;14,26,40,41,42,28;14,27,42,29,16,15;16,28,42,43,44,30;16,29,44,45,31,17;17,30,45,46,32,18;18,31,46,33,19;19,32,46,47,34,20;20,33,47,48,49,35;20,34,49,36,21;21,35,49,50,37,22;22,36,50,38,23;23,37,50,51,52,39;23,38,52,40,25,24;25,39,52,41,27,26;27,40,52,53,42;27,41,53,43,29,28;29,42,53,54,55,44;29,43,55,56,45,30;30,44,56,46,31;31,45,56,47,33,32;33,46,56,48,34;34,47,56,55,57,49;34,48,57,50,36,35;36,49,57,51,38,37;38,50,57,54,53,52;38,51,53,41,40,39;41,52,51,54,43,42;43,53,51,57,55;43,54,57,48,56,44;44,55,48,47,46,45;48,55,54,51,50,49
ipr58_58 58 1,2,3,4,5,6;0,6,7,8,9,2;0,1,9,10,11,3;0,2,11,12,13,4;0,3,13,14,15,5;0,4,15,16,17,6;0,5,17,18,7,1;1,6,18,19,8;1,7,19,20,21,9;1,8,21,22,10,2;2,9,22,23,24,11;2,10,24,12,3;3,11,24,25,26,13;3,12,26,14,4;4,13,26,27,28,15;4,14,28,16,5;5,15,28,29,30,17;5,16,30,31,18,6;6,17,31,32,19,7;7,18,32,33,20,8;8,19,33,34,21;8,20,34,35,22,9;9,21,35,36,23,10;10,22,36,37,38,24;10,23,38,25,12,11;12,24,38,39,26;12,25,39,27,14,13;14,26,39,40,41,28;14,27,41,29,16,15;16,28,41,42,43,30;16,29,43,44,31,17;17,30,44,45,32,18;18,31,45,33,19;19,32,45,46,34,20;20,33,46,47,35,21;21,34,47,48,36,22;22,35,48,49,37,23;23,36,49,50,51,38;23,37,51,39,25,24;25,38,51,40,27,26;27,39,51,52,41;27,40,52,42,29,28;29,41,52,53,54,43;29,42,54,55,44,30;30,43,55,45,31;31,44,55,46,33,32;33,45,55,56,47,34;34,46,56,48,35;35,47,56,57,49,36;36,48,57,50,37;37,49,57,53,52,51;37,50,52,40,39,38;40,51,50,53,42,41;42,52,50,57,54;42,53,57,56,55,43;43,54,56,46,45,44;46,55,54,57,48,47;48,56,54,53,50,49
ipr58_59 58 1,2,3,4,5,6;0,6,7,8,9,2;0,1,9,10,11,3;0,2,11,12,13,4;0,3,13,14,15,5;0,4,15,16,17,6;0,5,17,18,7,1;1,6,18,19,8;1,7,19,20,21,9;1,8,21,22,10,2;2,9,22,23,24,11;2,10,24,12,3;3,11,24,25,26,13;3,12,26,14,4;4,13,26,27,28,15;4,14,28,16,5;5,15,28,29,30,17;5,16,30,31,18,6;6,17,31,32,19,7;7,18,32,33,20,8;8,19,33,34,21;8,20,34,35,22,9;9,21,35,36,23,10;10,22,36,37,38,24;10,23,38,25,12,11;12,24,38,39,26;12,25,39,27,14,13;14,26,39,40,41,28;14,27,41,29,16,15;16,28,41,42,43,30;16,29,43,44,31,17;17,30,44,45,32,18;18,31,45,33,19;19,32,45,46,34,20;20,33,46,47,35,21;21,34,47,48,36,22;22,35,48,49,37,23;23,36,49,50,38;23,37,50,39,25,24;25,38,50,40,27,26;27,39,50,51,52,41;27,40,52,42,29,28;29,41,52,53,54,43;29,42,54,44,30;30,43,54,55,45,31;31,44,55,46,33,32;33,45,55,47,34;34,46,55,56,48,35;35,47,56,57,49,36;36,48,57,51,50,37;37,49,51,40,39,38;40,50,49,57,53,52;40,51,53,42,41;42,52,51,57,56,54;42,53,56,55,44,43;44,54,56,47,46,45;47,55,54,53,57,48;48,56,53,51,49
ipr58_60 58 1,2,3,4,5,6;0,6,7,8,9,2;0,1,9,10,11,3;0,2,11,12,13,4;0,3,13,14,15,5;0,4,15,16,17,6;0,5,17,18,7,1;1,6,18,19,8;1,7,19,20,21,9;1,8,21,22,10,2;2,9,22,23,24,11;2,10,24,12,3;3,11,24,25,26,13;3,12,26,14,4;4,13,26,27,28,15;4,14,28,16,5;5,15,28,29,30,17;5,16,30,31,18,6;6,17,31,32,19,7;7,18,32,33,20,8;8,19,33,34,21;8,20,34,35,22,9;9,21,35,36,23,10;10,22,36,37,38,24;10,23,38,25,12,11;12,24,38,39,40,26;12,25,40,27,14,13;14,26,40,41,42,28;14,27,42,29,16,15;16,28,42,43,44,30;16,29,44,45,31,17;17,30,45,46,32,18;18,31,46,33,19;19,32,46,47,34,20;20,33,47,48,35,21;21,34,48,49,36,22;22,35,49,50,37,23;23,36,50,51,38;23,37,51,39,25,24;25,38,51,52,40;25,39,52,41,27,26;27,40,52,53,42;27,41,53,43,29,28;29,42,53,54,55,44;29,43,55,56,45,30;30,44,56,46,31;31,45,56,47,33,32;33,46,56,48,34;34,47,56,55,49,35;35,48,55,54,50,36;36,49,54,57,51,37;37,50,57,52,39,38;39,51,57,53,41,40;41,52,57,54,43,42;43,53,57,50,49,55;43,54,49,48,56,44;44,55,48,47,46,45;50,54,53,52,51
ipr58_61 58 1,2,3,4,5,6;0,6,7,8,9,2;0,1,9,10,11,3;0,2,11,12,13,4;0,3,13,14,15,5;0,4,15,16,17,6;0,5,17,18,7,1;1,6,18,19,8;1,7,19,20,21,9;1,8,21,22,10,2;2,9,22,23,24,11;2,10,24,12,3;3,11,24,25,26,13;3,12,26,27,14,4;4,13,27,28,29,15;4,14,29,30,16,5;5,15,30,31,17;5,16,31,32,18,6;6,17,32,33,19,7;7,18,33,34,20,8;8,19,34,35,21;8,20,35,36,22,9;9,21,36,37,23,10;10,22,37,38,24;10,23,38,25,12,11;12,24,38,39,26;12,25,39,40,27,13;13,26,40,28,14;14,27,40,41,42,29;14,28,42,43,30,15;15,29,43,44,31,16;16,30,44,45,32,17;17,31,45,33,18;18,32,45,46,34,19;19,33,46,47,35,20;20,34,47,48,36,21;21,35,48,49,37,22;22,36,49,50,38,23;23,37,50,39,25,24;25,38,50,51,40,26;26,39,51,41,28,27;28,40,51,52,53,42;28,41,53,43,29;29,42,53,54,44,30;30,43,54,55,45,31;31,44,55,46,33,32;33,45,55,56,47,34;34,46,56,48,35;35,47,56,57,49,36;36,48,57,52,50,37;37,49,52,51,39,38;39,50,52,41,40;41,51,50,49,57,53;41,52,57,54,43,42;43,53,57,56,55,44;44,54,56,46,45;46,55,54,57,48,47;48,56,54,53,52,49
ipr58_62 58 1,2,3,4,5,6;0,6,7,8,9,2;0,1,9,10,11,3;0,2,11,12,13,4;0,3,13,14,15,5;0,4,15,16,17,6;0,5,17,18,7,1;1,6,18,19,8;1,7,19,20,21,9;1,8,21,22,10,2;2,9,22,23,24,11;2,10,24,12,3;3,11,24,25,26,13;3,12,26,14,4;4,13,26,27,28,15;4,14,28,29,16,5;5,15,29,30,17;5,16,30,31,18,6;6,17,31,32,19,7;7,18,32,33,20,8;8,19,33,34,21;8,20,34,35,22,9;9,21,35,36,23,10;10,22,36,37,38,24;10,23,38,25,12,11;12,24,38,39,26;12,25,39,27,14,13;14,26,39,40,41,28;14,27,41,42,29,15;15,28,42,43,30,16;16,29,43,44,31,17;17,30,44,32,18;18,31,44,45,33,19;19,32,45,46,34,20;20,33,46,47,35,21;21,34,47,48,36,22;22,35,48,49,37,23;23,36,49,50,38;23,37,50,39,25,24;25,38,50,40,27,26;27,39,50,51,41;27,40,51,52,42,28;28,41,52,53,43,29;29,42,53,54,44,30;30,43,54,45,32,31;32,44,54,55,46,33;33,45,55,47,34;34,46,55,56,48,35;35,47,56,57,49,36;36,48,57,51,50,37;37,49,51,40,39,38;40,50,49,57,52,41;41,51,57,56,53,42;42,52,56,55,54,43;43,53,55,45,44;45,54,53,56,47,46;47,55,53,52,57,48;48,56,52,51,49
ipr58_63 58 1,2,3,4,5,6;0,6,7,8,9,2;0,1,9,10,11,3;0,2,11,12,13,4;0,3,13,14,15,5;0,4,15,16,17,6;0,5,17,18,7,1;1,6,18,19,8;1,7,19,20,21,9;1,8,21,22,10,2;2,9,22,23,24,11;2,10,24,12,3;3,11,24,25,26,13;3,12,26,14,4;4,13,26,27,28,15;4,14,28,29,16,5;5,15,29,30,31,17;5,16,31,32,18,6;6,17,32,33,19,7;7,18,33,34,20,8;8,19,34,35,21;8,20,35,36,22,9;9,21,36,37,23,10;10,22,37,38,24;10,23,38,25,12,11;12,24,38,39,26;12,25,39,27,14,13;14,26,39,40,41,28;14,27,41,42,29,15;15,28,42,30,16;16,29,42,43,44,31;16,30,44,45,32,17;17,31,45,33,18;18,32,45,46,34,19;19,33,46,47,35,20;20,34,47,48,36,21;21,35,48,49,37,22;22,36,49,50,38,23;23,37,50,39,25,24;25,38,50,40,27,26;27,39,50,51,52,41;27,40,52,42,28;28,41,52,43,30,29;30,42,52,53,54,44;30,43,54,55,45,31;31,44,55,46,33,32;33,45,55,56,47,34;34,46,56,48,35;35,47,56,57,49,36;36,48,57,51,50,37;37,49,51,40,39,38;40,50,49,57,53,52;40,51,53,43,42,41;43,52,51,57,54;43,53,57,56,55,44;44,54,56,46,45;46,55,54,57,48,47;48,56,54,53,51,49
ipr58_64 58 1,2,3,4,5,6;0,6,7,8,9,2;0,1,9,10,11,3;0,2,11,12,13,4;0,3,13,14,15,5;0,4,15,16,17,6;0,5,17,18,7,1;1,6,18,19,8;1,7,19,20,21,9;1,8,21,22,10,2;2,9,22,23,24,11;2,10,24,12,3;3,11,24,25,26,13;3,12,26,14,4;4,13,26,27,28,15;4,14,28,29,16,5;5,15,29,30,17;5,16,30,31,18,6;6,17,31,32,19,7;7,18,32,33,20,8;8,19,33,34,21;8,20,34,35,22,9;9,21,35,36,23,10;10,22,36,37,24;10,23,37,25,12,11;12,24,37,38,26;12,25,38,27,14,13;14,26,38,39,40,28;14,27,40,41,29,15;15,28,41,42,30,16;16,29,42,43,31,17;17,30,43,44,32,18;18,31,44,45,33,19;19,32,45,46,34,20;20,33,46,47,35,21;21,34,47,48,36,22;22,35,48,49,37,23;23,36,49,38,25,24;25,37,49,39,27,26;27,38,49,50,40;27,39,50,51,41,28;28,40,51,52,42,29;29,41,52,53,43,30;30,42,53,44,31;31,43,53,54,45,32;32,44,54,55,46,33;33,45,55,47,34;34,46,55,56,48,35;35,47,56,50,49,36;36,48,50,39,38,37;39,49,48,56,51,40;40,50,56,57,52,41;41,51,57,53,42;42,52,57,54,44,43;44,53,57,55,45;45,54,57,56,47,46;47,55,57,51,50,48;51,56,55,54,53,52
ipr58_65 58 1,2,3,4,5,6;0,6,7,8,9,2;0,1,9,10,11,3;0,2,11,12,13,4;0,3,13,14,15,5;0,4,15,16,6;0,5,16,17,7,1;1,6,17,18,8;1,7,18,19,20,9;1,8,20,21,10,2;2,9,21,22,23,11;2,10,23,12,3;3,11,23,24,25,13;3,12,25,14,4;4,13,25,26,27,15;4,14,27,28,16,5;5,15,28,29,17,6;6,16,29,30,18,7;7,17,30,31,19,8;8,18,31,32,33,20;8,19,33,34,21,9;9,20,34,22,10;10,21,34,35,36,23;10,22,36,24,12,11;12,23,36,37,25;12,24,37,26,14,13;14,25,37,38,39,27;14,26,39,40,28,15;15,27,40,41,29,16;16,28,41,42,30,17;17,29,42,43,31,18;18,30,43,44,32,19;19,31,44,45,33;19,32,45,46,34,20;20,33,46,35,22,21;22,34,46,47,48,36;22,35,48,37,24,23;24,36,48,38,26,25;26,37,48,49,39;26,38,49,50,40,27;27,39,50,51,41,28;28,40,51,52,42,29;29,41,52,53,43,30;30,42,53,44,31;31,43,53,54,45,32;32,44,54,55,46,33;33,45,55,47,35,34;35,46,55,56,49,48;35,47,49,38,37,36;38,48,47,56,50,39;39,49,56,51,40;40,50,56,57,52,41;41,51,57,53,42;42,52,57,54,44,43;44,53,57,55,45;45,54,57,56,47,46;47,55,57,51,50,49;51,56,55,54,53,52
ipr58_66 58 1,2,3,4,5,6;0,6,7,8,9,2;0,1,9,10,11,3;0,2,11,12,4;0,3,12,13,14,5;0,4,14,15,16,6;0,5,16,17,7,1;1,6,17,18,19,8;1,7,19,20,21,9;1,8,21,10,2;2,9,21,22,23,11;2,10,23,24,12,3;3,11,24,25,13,4;4,12,25,26,27,14;4,13,27,15,5;5,14,27,28,29,16;5,15,29,30,17,6;6,16,30,31,18,7;7,17,31,32,33,19;7,18,33,34,20,8;8,19,34,35,36,21;8,20,36,22,10,9;10,21,36,37,38,23;10,22,38,24,11;11,23,38,39,25,12;12,24,39,40,26,13;13,25,40,41,42,27;13,26,42,28,15,14;15,27,42,43,44,29;15,28,44,45,30,16;16,29,45,46,31,17;17,30,46,32,18;18,31,46,47,48,33;18,32,48,34,19;19,33,48,49,35,20;20,34,49,50,37,36;20,35,37,22,21;22,36,35,50,51,38;22,37,51,39,24,23;24,38,51,40,25;25,39,51,52,41,26;26,40,52,53,42;26,41,53,43,28,27;28,42,53,54,44;28,43,54,55,45,29;29,44,55,46,30;30,45,55,47,32,31;32,46,55,56,48;32,47,56,49,34,33;34,48,56,57,50,35;35,49,57,52,51,37;37,50,52,40,39,38;40,51,50,57,53,41;41,52,57,54,43,42;43,53,57,56,55,44;44,54,56,47,46,45;47,55,54,57,49,48;49,56,54,53,52,50
ipr58_67 58 1,2,3,4,5,6;0,6,7,8,9,2;0,1,9,10,11,3;0,2,11,12,13,4;0,3,13,14,15,5;0,4,15,16,17,6;0,5,17,18,7,1;1,6,18,19,20,8;1,7,20,21,9;1,8,21,22,10,2;2,9,22,23,24,11;2,10,24,12,3;3,11,24,25,26,13;3,12,26,14,4;4,13,26,27,28,15;4,14,28,16,5;5,15,28,29,30,17;5,16,30,31,18,6;6,17,31,32,19,7;7,18,32,33,34,20;7,19,34,35,21,8;8,20,35,36,22,9;9,21,36,37,23,10;10,22,37,38,39,24;10,23,39,25,12,11;12,24,39,40,26;12,25,40,27,14,13;14,26,40,41,42,28;14,27,42,29,16,15;16,28,42,43,44,30;16,29,44,45,31,17;17,30,45,46,32,18;18,31,46,33,19;19,32,46,47,48,34;19,33,48,35,20;20,34,48,49,36,21;21,35,49,50,37,22;22,36,50,38,23;23,37,50,51,52,39;23,38,52,40,25,24;25,39,52,41,27,26;27,40,52,51,53,42;27,41,53,43,29,28;29,42,53,54,44;29,43,54,55,45,30;30,44,55,46,31;31,45,55,47,33,32;33,46,55,56,48;33,47,56,49,35,34;35,48,56,57,50,36;36,49,57,51,38,37;38,50,57,53,41,52;38,51,41,40,39;41,51,57,54,43,42;43,53,57,56,55,44;44,54,56,47,46,45;47,55,54,57,49,48;49,56,54,53,51,50
ipr58_68 58 1,2,3,4,5,6;0,6,7,8,9,2;0,1,9,10,11,3;0,2,11,12,13,4;0,3,13,14,15,5;0,4,15,16,17,6;0,5,17,18,7,1;1,6,18,19,20,8;1,7,20,21,9;1,8,21,22,10,2;2,9,22,23,24,11;2,10,24,12,3;3,11,24,25,26,13;3,12,26,14,4;4,13,26,27,28,15;4,14,28,16,5;5,15,28,29,30,17;5,16,30,31,18,6;6,17,31,32,19,7;7,18,32,33,34,20;7,19,34,35,21,8;8,20,35,36,22,9;9,21,36,37,23,10;10,22,37,38,39,24;10,23,39,25,12,11;12,24,39,40,26;12,25,40,27,14,13;14,26,40,41,42,28;14,27,42,29,16,15;16,28,42,43,44,30;16,29,44,45,31,17;17,30,45,46,32,18;18,31,46,33,19;19,32,46,47,48,34;19,33,48,35,20;20,34,48,49,36,21;21,35,49,37,22;22,36,49,50,38,23;23,37,50,51,52,39;23,38,52,40,25,24;25,39,52,41,27,26;27,40,52,53,42;27,41,53,43,29,28;29,42,53,54,44;29,43,54,55,45,30;30,44,55,46,31;31,45,55,47,33,32;33,46,55,56,57,48;33,47,57,49,35,34;35,48,57,50,37,36;37,49,57,56,51,38;38,50,56,54,53,52;38,51,53,41,40,39;41,52,51,54,43,42;43,53,51,56,55,44;44,54,56,47,46,45;47,55,54,51,50,57;47,56,50,49,48
ipr58_69 58 1,2,3,4,5,6;0,6,7,8,9,2;0,1,9,10,11,3;0,2,11,12,13,4;0,3,13,14,15,5;0,4,15,16,6;0,5,16,17,7,1;1,6,17,18,19,8;1,7,19,20,21,9;1,8,21,22,10,2;2,9,22,23,24,11;2,10,24,12,3;3,11,24,25,26,13;3,12,26,14,4;4,13,26,27,28,15;4,14,28,29,16,5;5,15,29,30,17,6;6,16,30,31,18,7;7,17,31,32,19;7,18,32,33,20,8;8,19,33,34,35,21;8,20,35,36,22,9;9,21,36,37,23,10;10,22,37,38,24;10,23,38,25,12,11;12,24,38,39,26;12,25,39,27,14,13;14,26,39,40,41,28;14,27,41,42,29,15;15,28,42,43,30,16;16,29,43,44,31,17;17,30,44,45,32,18;18,31,45,46,33,19;19,32,46,34,20;20,33,46,47,48,35;20,34,48,49,36,21;21,35,49,50,37,22;22,36,50,51,38,23;23,37,51,39,25,24;25,38,51,40,27,26;27,39,51,50,52,41;27,40,52,53,42,28;28,41,53,54,43,29;29,42,54,44,30;30,43,54,55,45,31;31,44,55,46,32;32,45,55,47,34,33;34,46,55,56,48;34,47,56,57,49,35;35,48,57,52,50,36;36,49,52,40,51,37;37,50,40,39,38;40,50,49,57,53,41;41,52,57,56,54,42;42,53,56,55,44,43;44,54,56,47,46,45;47,55,54,53,57,48;48,56,53,52,49
ipr58_70 58 1,2,3,4,5,6;0,6,7,8,9,2;0,1,9,10,11,3;0,2,11,12,4;0,3,12,13,14,5;0,4,14,15,16,6;0,5,16,17,7,1;1,6,17,18,19,8;1,7,19,20,21,9;1,8,21,10,2;2,9,21,22,23,11;2,10,23,24,12,3;3,11,24,25,13,4;4,12,25,26,27,14;4,13,27,28,15,5;5,14,28,29,30,16;5,15,30,17,6;6,16,30,31,18,7;7,17,31,32,33,19;7,18,33,34,20,8;8,19,34,35,21;8,20,35,22,10,9;10,21,35,36,23;10,22,36,37,24,11;11,23,37,38,25,12;12,24,38,26,13;13,25,38,39,40,27;13,26,40,41,28,14;14,27,41,29,15;15,28,41,42,43,30;15,29,43,31,17,16;17,30,43,44,32,18;18,31,44,45,46,33;18,32,46,47,34,19;19,33,47,48,35,20;20,34,48,36,22,21;22,35,48,49,37,23;23,36,49,50,38,24;24,37,50,39,26,25;26,38,50,51,40;26,39,51,52,41,27;27,40,52,42,29,28;29,41,52,53,43;29,42,53,44,31,30;31,43,53,45,32;32,44,53,54,55,46;32,45,55,47,33;33,46,55,56,48,34;34,47,56,49,36,35;36,48,56,57,50,37;37,49,57,51,39,38;39,50,57,54,52,40;40,51,54,53,42,41;42,52,54,45,44,43;45,53,52,51,57,55;45,54,57,56,47,46;47,55,57,49,48;49,56,55,54,51,50
ipr58_71 58 1,2,3,4,5,6;0,6,7,8,9,2;0,1,9,10,11,3;0,2,11,12,4;0,3,12,13,14,5;0,4,14,15,16,6;0,5,16,17,7,1;1,6,17,18,19,8;1,7,19,20,21,9;1,8,21,10,2;2,9,21,22,23,11;2,10,23,24,12,3;3,11,24,25,13,4;4,12,25,26,27,14;4,13,27,28,15,5;5,14,28,29,30,16;5,15,30,31,17,6;6,16,31,18,7;7,17,31,32,33,19;7,18,33,34,20,8;8,19,34,35,21;8,20,35,22,10,9;10,21,35,36,37,23;10,22,37,38,24,11;11,23,38,39,25,12;12,24,39,26,13;13,25,39,40,41,27;13,26,41,28,14;14,27,41,42,29,15;15,28,42,43,30;15,29,43,44,31,16;16,30,44,32,18,17;18,31,44,45,46,33;18,32,46,47,34,19;19,33,47,48,35,20;20,34,48,36,22,21;22,35,48,49,50,37;22,36,50,38,23;23,37,50,51,39,24;24,38,51,40,26,25;26,39,51,52,53,41;26,40,53,42,28,27;28,41,53,54,43,29;29,42,54,45,44,30;30,43,45,32,31;32,44,43,54,55,46;32,45,55,47,33;33,46,55,56,48,34;34,47,56,49,36,35;36,48,56,57,52,50;36,49,52,51,38,37;38,50,52,40,39;40,51,50,49,57,53;40,52,57,54,42,41;42,53,57,55,45,43;45,54,57,56,47,46;47,55,57,49,48;49,56,55,54,53,52
ipr58_72 58 1,2,3,4,5,6;0,6,7,8,9,2;0,1,9,10,11,3;0,2,11,12,4;0,3,12,13,14,5;0,4,14,15,16,6;0,5,16,17,7,1;1,6,17,18,19,8;1,7,19,20,21,9;1,8,21,10,2;2,9,21,22,23,11;2,10,23,24,12,3;3,11,24,25,13,4;4,12,25,26,27,14;4,13,27,15,5;5,14,27,28,29,16;5,15,29,17,6;6,16,29,30,18,7;7,17,30,31,32,19;7,18,32,33,20,8;8,19,33,34,35,21;8,20,35,22,10,9;10,21,35,36,37,23;10,22,37,38,24,11;11,23,38,39,25,12;12,24,39,40,26,13;13,25,40,41,42,27;13,26,42,28,15,14;15,27,42,43,44,29;15,28,44,30,17,16;17,29,44,31,18;18,30,44,45,46,32;18,31,46,33,19;19,32,46,47,34,20;20,33,47,48,36,35;20,34,36,22,21;22,35,34,48,49,37;22,36,49,50,38,23;23,37,50,39,24;24,38,50,51,40,25;25,39,51,52,41,26;26,40,52,53,43,42;26,41,43,28,27;28,42,41,53,45,44;28,43,45,31,30,29;31,44,43,53,54,46;31,45,54,47,33,32;33,46,54,55,48,34;34,47,55,49,36;36,48,55,56,50,37;37,49,56,51,39,38;39,50,56,57,52,40;40,51,57,53,41;41,52,57,54,45,43;45,53,57,55,47,46;47,54,57,56,49,48;49,55,57,51,50;51,56,55,54,53,52
ipr58_73 58 1,2,3,4,5,6;0,6,7,8,9,2;0,1,9,10,11,3;0,2,11,12,13,4;0,3,13,14,15,5;0,4,15,16,17,6;0,5,17,18,7,1;1,6,18,19,20,8;1,7,20,21,9;1,8,21,22,10,2;2,9,22,23,24,11;2,10,24,25,12,3;3,11,25,26,27,13;3,12,27,14,4;4,13,27,28,29,15;4,14,29,16,5;5,15,29,30,31,17;5,16,31,18,6;6,17,31,32,19,7;7,18,32,33,34,20;7,19,34,35,21,8;8,20,35,36,22,9;9,21,36,23,10;10,22,36,37,38,24;10,23,38,39,25,11;11,24,39,40,26,12;12,25,40,41,27;12,26,41,28,14,13;14,27,41,42,43,29;14,28,43,30,16,15;16,29,43,44,45,31;16,30,45,32,18,17;18,31,45,33,19;19,32,45,46,47,34;19,33,47,35,20;20,34,47,48,36,21;21,35,48,37,23,22;23,36,48,49,38;23,37,49,50,39,24;24,38,50,51,40,25;25,39,51,52,41,26;26,40,52,42,28,27;28,41,52,53,43;28,42,53,44,30,29;30,43,53,54,46,45;30,44,46,33,32,31;33,45,44,54,55,47;33,46,55,48,35,34;35,47,55,49,37,36;37,48,55,56,50,38;38,49,56,51,39;39,50,56,57,52,40;40,51,57,53,42,41;42,52,57,54,44,43;44,53,57,56,55,46;46,54,56,49,48,47;49,55,54,57,51,50;51,56,54,53,52
ipr58_74 58 1,2,3,4,5,6;0,6,7,8,9,2;0,1,9,10,11,3;0,2,11,12,13,4;0,3,13,14,15,5;0,4,15,16,17,6;0,5,17,18,7,1;1,6,18,19,20,8;1,7,20,21,9;1,8,21,22,10,2;2,9,22,23,11;2,10,23,24,12,3;3,11,24,25,13;3,12,25,26,14,4;4,13,26,27,28,15;4,14,28,16,5;5,15,28,29,30,17;5,16,30,18,6;6,17,30,31,19,7;7,18,31,32,33,20;7,19,33,34,21,8;8,20,34,35,22,9;9,21,35,36,23,10;10,22,36,37,24,11;11,23,37,38,25,12;12,24,38,39,26,13;13,25,39,40,27,14;14,26,40,41,42,28;14,27,42,29,16,15;16,28,42,43,44,30;16,29,44,31,18,17;18,30,44,32,19;19,31,44,45,46,33;19,32,46,34,20;20,33,46,47,35,21;21,34,47,48,36,22;22,35,48,49,37,23;23,36,49,50,38,24;24,37,50,39,25;25,38,50,51,40,26;26,39,51,52,41,27;27,40,52,53,43,42;27,41,43,29,28;29,42,41,53,45,44;29,43,45,32,31,30;32,44,43,53,54,46;32,45,54,47,34,33;34,46,54,55,48,35;35,47,55,49,36;36,48,55,56,50,37;37,49,56,51,39,38;39,50,56,57,52,40;40,51,57,53,41;41,52,57,54,45,43;45,53,57,55,47,46;47,54,57,56,49,48;49,55,57,51,50;51,56,55,54,53,52
ipr58_75 58 1,2,3,4,5,6;0,6,7,8,2;0,1,8,9,10,3;0,2,10,11,12,4;0,3,12,13,14,5;0,4,14,15,16,6;0,5,16,17,7,1;1,6,17,18,19,8;1,7,19,20,9,2;2,8,20,21,22,10;2,9,22,23,11,3;3,10,23,24,12;3,11,24,25,13,4;4,12,25,26,27,14;4,13,27,15,5;5,14,27,28,29,16;5,15,29,17,6;6,16,29,30,18,7;7,17,30,31,32,19;7,18,32,33,20,8;8,19,33,21,9;9,20,33,34,35,22;9,21,35,36,23,10;10,22,36,37,24,11;11,23,37,38,25,12;12,24,38,39,26,13;13,25,39,40,41,27;13,26,41,28,15,14;15,27,41,42,43,29;15,28,43,30,17,16;17,29,43,31,18;18,30,43,44,45,32;18,31,45,46,33,19;19,32,46,34,21,20;21,33,46,47,48,35;21,34,48,49,36,22;22,35,49,50,37,23;23,36,50,38,24;24,37,50,51,39,25;25,38,51,52,40,26;26,39,52,53,42,41;26,40,42,28,27;28,41,40,53,44,43;28,42,44,31,30,29;31,43,42,53,54,45;31,44,54,47,46,32;32,45,47,34,33;34,46,45,54,55,48;34,47,55,49,35;35,48,55,56,50,36;36,49,56,51,38,37;38,50,56,57,52,39;39,51,57,53,40;40,52,57,54,44,42;44,53,57,55,47,45;47,54,57,56,49,48;49,55,57,51,50;51,56,55,54,53,52
ipr58_76 58 1,2,3,4,5,6;0,6,7,8,2;0,1,8,9,10,3;0,2,10,11,12,4;0,3,12,13,14,5;0,4,14,15,16,6;0,5,16,17,7,1;1,6,17,18,19,8;1,7,19,20,9,2;2,8,20,21,22,10;2,9,22,23,11,3;3,10,23,24,12;3,11,24,25,13,4;4,12,25,26,27,14;4,13,27,15,5;5,14,27,28,29,16;5,15,29,17,6;6,16,29,30,18,7;7,17,30,31,32,19;7,18,32,33,20,8;8,19,33,34,21,9;9,20,34,35,22;9,21,35,36,23,10;10,22,36,37,24,11;11,23,37,38,25,12;12,24,38,39,26,13;13,25,39,40,41,27;13,26,41,28,15,14;15,27,41,42,43,29;15,28,43,30,17,16;17,29,43,31,18;18,30,43,44,45,32;18,31,45,46,33,19;19,32,46,47,34,20;20,33,47,48,35,21;21,34,48,49,36,22;22,35,49,50,37,23;23,36,50,38,24;24,37,50,51,39,25;25,38,51,52,40,26;26,39,52,53,42,41;26,40,42,28,27;28,41,40,53,44,43;28,42,44,31,30,29;31,43,42,53,54,45;31,44,54,46,32;32,45,54,55,47,33;33,46,55,48,34;34,47,55,56,49,35;35,48,56,50,36;36,49,56,51,38,37;38,50,56,57,52,39;39,51,57,53,40;40,52,57,54,44,42;44,53,57,55,46,45;46,54,57,56,48,47;48,55,57,51,50,49;51,56,55,54,53,52
ipr58_77 58 1,2,3,4,5,6;0,6,7,8,2;0,1,8,9,10,3;0,2,10,11,12,4;0,3,12,13,5;0,4,13,14,15,6;0,5,15,16,7,1;1,6,16,17,18,8;1,7,18,19,9,2;2,8,19,20,21,10;2,9,21,11,3;3,10,21,22,23,12;3,11,23,24,13,4;4,12,24,25,14,5;5,13,25,26,27,15;5,14,27,16,6;6,15,27,28,17,7;7,16,28,29,30,18;7,17,30,31,19,8;8,18,31,32,20,9;9,19,32,33,34,21;9,20,34,22,11,10;11,21,34,35,23;11,22,35,36,24,12;12,23,36,37,25,13;13,24,37,38,26,14;14,25,38,39,40,27;14,26,40,28,16,15;16,27,40,29,17;17,28,40,41,42,30;17,29,42,43,31,18;18,30,43,44,32,19;19,31,44,45,33,20;20,32,45,46,47,34;20,33,47,35,22,21;22,34,47,48,36,23;23,35,48,49,37,24;24,36,49,50,38,25;25,37,50,39,26;26,38,50,51,41,40;26,39,41,29,28,27;29,40,39,51,52,42;29,41,52,43,30;30,42,52,53,44,31;31,43,53,45,32;32,44,53,54,46,33;33,45,54,55,48,47;33,46,48,35,34;35,47,46,55,49,36;36,48,55,56,50,37;37,49,56,51,39,38;39,50,56,57,52,41;41,51,57,53,43,42;43,52,57,54,45,44;45,53,57,55,46;46,54,57,56,49,48;49,55,57,51,50;51,56,55,54,53,52
ipr58_78 58 1,2,3,4,5,6;0,6,7,8,2;0,1,8,9,10,3;0,2,10,11,12,4;0,3,12,13,14,5;0,4,14,15,16,6;0,5,16,17,7,1;1,6,17,18,19,8;1,7,19,20,9,2;2,8,20,21,10;2,9,21,22,11,3;3,10,22,23,12;3,11,23,24,13,4;4,12,24,25,26,14;4,13,26,15,5;5,14,26,27,28,16;5,15,28,17,6;6,16,28,29,18,7;7,17,29,30,31,19;7,18,31,32,20,8;8,19,32,33,21,9;9,20,33,34,22,10;10,21,34,35,23,11;11,22,35,36,24,12;12,23,36,37,25,13;13,24,37,38,39,26;13,25,39,27,15,14;15,26,39,40,41,28;15,27,41,29,17,16;17,28,41,42,30,18;18,29,42,43,44,31;18,30,44,45,32,19;19,31,45,46,33,20;20,32,46,47,34,21;21,33,47,48,35,22;22,34,48,36,23;23,35,48,49,37,24;24,36,49,50,38,25;25,37,50,51,40,39;25,38,40,27,26;27,39,38,51,52,41;27,40,52,42,29,28;29,41,52,43,30;30,42,52,53,54,44;30,43,54,45,31;31,44,54,55,46,32;32,45,55,47,33;33,46,55,56,48,34;34,47,56,49,36,35;36,48,56,57,50,37;37,49,57,53,51,38;38,50,53,52,40;40,51,53,43,42,41;43,52,51,50,57,54;43,53,57,55,45,44;45,54,57,56,47,46;47,55,57,49,48;49,56,55,54,53,50
ipr58_79 58 1,2,3,4,5,6;0,6,7,8,9,2;0,1,9,10,3;0,2,10,11,12,4;0,3,12,13,14,5;0,4,14,15,16,6;0,5,16,17,7,1;1,6,17,18,8;1,7,18,19,20,9;1,8,20,21,10,2;2,9,21,22,11,3;3,10,22,23,24,12;3,11,24,25,13,4;4,12,25,26,14;4,13,26,27,15,5;5,14,27,28,29,16;5,15,29,17,6;6,16,29,30,18,7;7,17,30,31,19,8;8,18,31,32,33,20;8,19,33,34,21,9;9,20,34,35,22,10;10,21,35,36,23,11;11,22,36,37,38,24;11,23,38,25,12;12,24,38,39,26,13;13,25,39,40,27,14;14,26,40,41,28,15;15,27,41,42,29;15,28,42,30,17,16;17,29,42,43,31,18;18,30,43,44,32,19;19,31,44,45,33;19,32,45,46,34,20;20,33,46,47,35,21;21,34,47,36,22;22,35,47,48,37,23;23,36,48,49,50,38;23,37,50,39,25,24;25,38,50,51,40,26;26,39,51,52,41,27;27,40,52,53,42,28;28,41,53,43,30,29;30,42,53,44,31;31,43,53,54,45,32;32,44,54,55,46,33;33,45,55,56,47,34;34,46,56,48,36,35;36,47,56,49,37;37,48,56,57,51,50;37,49,51,39,38;39,50,49,57,52,40;40,51,57,54,53,41;41,52,54,44,43,42;44,53,52,57,55,45;45,54,57,56,46;46,55,57,49,48,47;49,56,55,54,52,51
ipr58_80 58 1,2,3,4,5,6;0,6,7,8,9,2;0,1,9,10,11,3;0,2,11,12,4;0,3,12,13,14,5;0,4,14,15,16,6;0,5,16,17,7,1;1,6,17,18,19,8;1,7,19,20,21,9;1,8,21,22,10,2;2,9,22,23,24,11;2,10,24,25,12,3;3,11,25,26,13,4;4,12,26,27,14;4,13,27,28,15,5;5,14,28,29,30,16;5,15,30,17,6;6,16,30,31,18,7;7,17,31,32,19;7,18,32,33,20,8;8,19,33,34,35,21;8,20,35,36,22,9;9,21,36,23,10;10,22,36,37,38,24;10,23,38,39,25,11;11,24,39,26,12;12,25,39,40,27,13;13,26,40,41,28,14;14,27,41,42,29,15;15,28,42,43,44,30;15,29,44,31,17,16;17,30,44,45,32,18;18,31,45,46,33,19;19,32,46,34,20;20,33,46,47,48,35;20,34,48,49,36,21;21,35,49,37,23,22;23,36,49,50,38;23,37,50,51,39,24;24,38,51,40,26,25;26,39,51,52,41,27;27,40,52,53,42,28;28,41,53,54,43,29;29,42,54,55,44;29,43,55,45,31,30;31,44,55,46,32;32,45,55,47,34,33;34,46,55,54,56,48;34,47,56,57,49,35;35,48,57,50,37,36;37,49,57,52,51,38;38,50,52,40,39;40,51,50,57,53,41;41,52,57,56,54,42;42,53,56,47,55,43;43,54,47,46,45,44;47,54,53,57,48;48,56,53,52,50,49
ipr58_81 58 1,2,3,4,5,6;0,6,7,8,9,2;0,1,9,10,11,3;0,2,11,12,4;0,3,12,13,14,5;0,4,14,15,16,6;0,5,16,17,7,1;1,6,17,18,19,8;1,7,19,20,21,9;1,8,21,22,10,2;2,9,22,23,24,11;2,10,24,25,12,3;3,11,25,26,13,4;4,12,26,27,14;4,13,27,28,15,5;5,14,28,29,30,16;5,15,30,17,6;6,16,30,31,18,7;7,17,31,32,19;7,18,32,33,20,8;8,19,33,34,35,21;8,20,35,36,22,9;9,21,36,23,10;10,22,36,37,38,24;10,23,38,39,25,11;11,24,39,26,12;12,25,39,40,27,13;13,26,40,41,28,14;14,27,41,42,29,15;15,28,42,43,44,30;15,29,44,31,17,16;17,30,44,45,32,18;18,31,45,46,33,19;19,32,46,34,20;20,33,46,47,48,35;20,34,48,49,36,21;21,35,49,37,23,22;23,36,49,50,38;23,37,50,51,39,24;24,38,51,40,26,25;26,39,51,52,41,27;27,40,52,53,42,28;28,41,53,43,29;29,42,53,54,55,44;29,43,55,45,31,30;31,44,55,46,32;32,45,55,47,34,33;34,46,55,54,56,48;34,47,56,49,35;35,48,56,50,37,36;37,49,56,57,51,38;38,50,57,52,40,39;40,51,57,53,41;41,52,57,54,43,42;43,53,57,56,47,55;43,54,47,46,45,44;47,54,57,50,49,48;50,56,54,53,52,51
ipr58_82 58 1,2,3,4,5,6;0,6,7,8,9,2;0,1,9,10,11,3;0,2,11,12,13,4;0,3,13,14,15,5;0,4,15,16,17,6;0,5,17,18,7,1;1,6,18,19,8;1,7,19,20,21,9;1,8,21,10,2;2,9,21,22,23,11;2,10,23,24,12,3;3,11,24,25,26,13;3,12,26,27,14,4;4,13,27,28,29,15;4,14,29,16,5;5,15,29,30,31,17;5,16,31,18,6;6,17,31,32,19,7;7,18,32,33,20,8;8,19,33,34,35,21;8,20,35,22,10,9;10,21,35,36,37,23;10,22,37,38,24,11;11,23,38,39,25,12;12,24,39,40,26;12,25,40,41,27,13;13,26,41,42,28,14;14,27,42,43,44,29;14,28,44,30,16,15;16,29,44,45,31;16,30,45,32,18,17;18,31,45,46,33,19;19,32,46,47,34,20;20,33,47,48,36,35;20,34,36,22,21;22,35,34,48,49,37;22,36,49,50,38,23;23,37,50,39,24;24,38,50,51,40,25;25,39,51,52,41,26;26,40,52,42,27;27,41,52,53,43,28;28,42,53,54,55,44;28,43,55,45,30,29;30,44,55,46,32,31;32,45,55,47,33;33,46,55,54,48,34;34,47,54,56,49,36;36,48,56,57,50,37;37,49,57,51,39,38;39,50,57,52,40;40,51,57,53,42,41;42,52,57,56,54,43;43,53,56,48,47,55;43,54,47,46,45,44;48,54,53,57,49;49,56,53,52,51,50
ipr58_83 58 1,2,3,4,5,6;0,6,7,8,9,2;0,1,9,10,3;0,2,10,11,12,4;0,3,12,13,14,5;0,4,14,15,16,6;0,5,16,17,7,1;1,6,17,18,8;1,7,18,19,20,9;1,8,20,21,10,2;2,9,21,22,11,3;3,10,22,23,24,12;3,11,24,25,13,4;4,12,25,26,27,14;4,13,27,15,5;5,14,27,28,29,16;5,15,29,17,6;6,16,29,30,18,7;7,17,30,31,19,8;8,18,31,32,33,20;8,19,33,34,21,9;9,20,34,35,22,10;10,21,35,36,23,11;11,22,36,37,24;11,23,37,38,25,12;12,24,38,39,26,13;13,25,39,40,41,27;13,26,41,28,15,14;15,27,41,42,43,29;15,28,43,30,17,16;17,29,43,44,31,18;18,30,44,45,32,19;19,31,45,46,33;19,32,46,47,34,20;20,33,47,48,35,21;21,34,48,36,22;22,35,48,49,37,23;23,36,49,50,38,24;24,37,50,39,25;25,38,50,51,40,26;26,39,51,52,53,41;26,40,53,42,28,27;28,41,53,54,43;28,42,54,44,30,29;30,43,54,45,31;31,44,54,55,46,32;32,45,55,56,47,33;33,46,56,57,48,34;34,47,57,49,36,35;36,48,57,50,37;37,49,57,51,39,38;39,50,57,56,52,40;40,51,56,55,53;40,52,55,54,42,41;42,53,55,45,44,43;45,54,53,52,56,46;46,55,52,51,57,47;47,56,51,50,49,48
ipr58_84 58 1,2,3,4,5,6;0,6,7,8,9,2;0,1,9,10,11,3;0,2,11,12,4;0,3,12,13,14,5;0,4,14,15,16,6;0,5,16,17,7,1;1,6,17,18,19,8;1,7,19,20,21,9;1,8,21,22,10,2;2,9,22,23,24,11;2,10,24,25,12,3;3,11,25,26,13,4;4,12,26,27,28,14;4,13,28,15,5;5,14,28,29,30,16;5,15,30,31,17,6;6,16,31,32,18,7;7,17,32,33,34,19;7,18,34,20,8;8,19,34,35,36,21;8,20,36,22,9;9,21,36,37,23,10;10,22,37,38,39,24;10,23,39,25,11;11,24,39,40,26,12;12,25,40,41,27,13;13,26,41,42,43,28;13,27,43,29,15,14;15,28,43,44,30;15,29,44,45,31,16;16,30,45,32,17;17,31,45,46,33,18;18,32,46,47,34;18,33,47,35,20,19;20,34,47,48,49,36;20,35,49,37,22,21;22,36,49,50,38,23;23,37,50,51,39;23,38,51,40,25,24;25,39,51,41,26;26,40,51,52,42,27;27,41,52,53,54,43;27,42,54,44,29,28;29,43,54,55,45,30;30,44,55,46,32,31;32,45,55,56,47,33;33,46,56,48,35,34;35,47,56,53,57,49;35,48,57,50,37,36;37,49,57,52,51,38;38,50,52,41,40,39;41,51,50,57,53,42;42,52,57,48,56,54;42,53,56,55,44,43;44,54,56,46,45;46,55,54,53,48,47;48,53,52,50,49
ipr58_85 58 1,2,3,4,5,6;0,6,7,8,9,2;0,1,9,10,11,3;0,2,11,12,4;0,3,12,13,14,5;0,4,14,15,16,6;0,5,16,17,7,1;1,6,17,18,19,8;1,7,19,20,21,9;1,8,21,22,10,2;2,9,22,23,24,11;2,10,24,25,12,3;3,11,25,26,13,4;4,12,26,27,28,14;4,13,28,15,5;5,14,28,29,30,16;5,15,30,17,6;6,16,30,31,18,7;7,17,31,32,33,19;7,18,33,20,8;8,19,33,34,35,21;8,20,35,22,9;9,21,35,36,23,10;10,22,36,37,38,24;10,23,38,25,11;11,24,38,39,26,12;12,25,39,40,27,13;13,26,40,41,42,28;13,27,42,29,15,14;15,28,42,43,44,30;15,29,44,31,17,16;17,30,44,45,32,18;18,31,45,46,47,33;18,32,47,34,20,19;20,33,47,48,49,35;20,34,49,36,22,21;22,35,49,50,37,23;23,36,50,51,38;23,37,51,39,25,24;25,38,51,52,40,26;26,39,52,41,27;27,40,52,53,43,42;27,41,43,29,28;29,42,41,53,54,44;29,43,54,45,31,30;31,44,54,46,32;32,45,54,55,48,47;32,46,48,34,33;34,47,46,55,56,49;34,48,56,50,36,35;36,49,56,57,51,37;37,50,57,52,39,38;39,51,57,53,41,40;41,52,57,55,54,43;43,53,55,46,45,44;46,54,53,57,56,48;48,55,57,50,49;50,56,55,53,52,51
ipr58_86 58 1,2,3,4,5,6;0,6,7,8,9,2;0,1,9,10,11,3;0,2,11,12,13,4;0,3,13,14,15,5;0,4,15,16,17,6;0,5,17,18,7,1;1,6,18,19,8;1,7,19,20,21,9;1,8,21,22,10,2;2,9,22,23,24,11;2,10,24,12,3;3,11,24,25,26,13;3,12,26,27,14,4;4,13,27,28,29,15;4,14,29,16,5;5,15,29,30,31,17;5,16,31,18,6;6,17,31,32,19,7;7,18,32,33,20,8;8,19,33,34,35,21;8,20,35,36,22,9;9,21,36,23,10;10,22,36,37,38,24;10,23,38,25,12,11;12,24,38,39,40,26;12,25,40,27,13;13,26,40,41,28,14;14,27,41,42,43,29;14,28,43,30,16,15;16,29,43,44,45,31;16,30,45,32,18,17;18,31,45,46,33,19;19,32,46,34,20;20,33,46,47,48,35;20,34,48,49,36,21;21,35,49,37,23,22;23,36,49,50,38;23,37,50,39,25,24;25,38,50,51,52,40;25,39,52,41,27,26;27,40,52,53,42,28;28,41,53,54,44,43;28,42,44,30,29;30,43,42,54,55,45;30,44,55,46,32,31;32,45,55,47,34,33;34,46,55,54,56,48;34,47,56,57,49,35;35,48,57,50,37,36;37,49,57,51,39,38;39,50,57,56,53,52;39,51,53,41,40;41,52,51,56,54,42;42,53,56,47,55,44;44,54,47,46,45;47,54,53,51,57,48;48,56,51,50,49
ipr58_87 58 1,2,3,4,5,6;0,6,7,8,9,2;0,1,9,10,3;0,2,10,11,12,4;0,3,12,13,14,5;0,4,14,15,16,6;0,5,16,17,7,1;1,6,17,18,19,8;1,7,19,20,21,9;1,8,21,22,10,2;2,9,22,23,11,3;3,10,23,24,25,12;3,11,25,26,13,4;4,12,26,27,28,14;4,13,28,15,5;5,14,28,29,30,16;5,15,30,31,17,6;6,16,31,32,18,7;7,17,32,33,19;7,18,33,34,20,8;8,19,34,35,36,21;8,20,36,22,9;9,21,36,37,23,10;10,22,37,38,24,11;11,23,38,39,25;11,24,39,40,26,12;12,25,40,41,27,13;13,26,41,42,43,28;13,27,43,29,15,14;15,28,43,44,45,30;15,29,45,46,31,16;16,30,46,32,17;17,31,46,47,33,18;18,32,47,48,34,19;19,33,48,49,35,20;20,34,49,50,36;20,35,50,37,22,21;22,36,50,38,23;23,37,50,51,39,24;24,38,51,52,40,25;25,39,52,41,26;26,40,52,53,42,27;27,41,53,54,44,43;27,42,44,29,28;29,43,42,54,55,45;29,44,55,46,30;30,45,55,47,32,31;32,46,55,56,48,33;33,47,56,57,49,34;34,48,57,51,50,35;35,49,51,38,37,36;38,50,49,57,52,39;39,51,57,53,41,40;41,52,57,56,54,42;42,53,56,55,44;44,54,56,47,46,45;47,55,54,53,57,48;48,56,53,52,51,49
ipr58_88 58 1,2,3,4,5,6;0,6,7,8,9,2;0,1,9,10,11,3;0,2,11,12,4;0,3,12,13,14,5;0,4,14,15,16,6;0,5,16,17,7,1;1,6,17,18,19,8;1,7,19,20,9;1,8,20,21,10,2;2,9,21,22,23,11;2,10,23,24,12,3;3,11,24,25,13,4;4,12,25,26,27,14;4,13,27,15,5;5,14,27,28,29,16;5,15,29,17,6;6,16,29,30,18,7;7,17,30,31,19;7,18,31,32,20,8;8,19,32,33,21,9;9,20,33,34,22,10;10,21,34,35,36,23;10,22,36,37,24,11;11,23,37,38,25,12;12,24,38,39,26,13;13,25,39,40,27;13,26,40,28,15,14;15,27,40,41,42,29;15,28,42,30,17,16;17,29,42,43,31,18;18,30,43,44,32,19;19,31,44,45,33,20;20,32,45,46,34,21;21,33,46,35,22;22,34,46,47,48,36;22,35,48,37,23;23,36,48,49,38,24;24,37,49,50,39,25;25,38,50,51,40,26;26,39,51,41,28,27;28,40,51,52,53,42;28,41,53,43,30,29;30,42,53,54,44,31;31,43,54,55,45,32;32,44,55,46,33;33,45,55,47,35,34;35,46,55,56,57,48;35,47,57,49,37,36;37,48,57,50,38;38,49,57,52,51,39;39,50,52,41,40;41,51,50,57,56,53;41,52,56,54,43,42;43,53,56,55,44;44,54,56,47,46,45;47,55,54,53,52,57;47,56,52,50,49,48
ipr58_89 58 1,2,3,4,5,6;0,6,7,8,9,2;0,1,9,10,3;0,2,10,11,12,4;0,3,12,13,5;0,4,13,14,15,6;0,5,15,16,7,1;1,6,16,17,18,8;1,7,18,19,20,9;1,8,20,21,10,2;2,9,21,22,11,3;3,10,22,23,12;3,11,23,24,13,4;4,12,24,25,14,5;5,13,25,26,27,15;5,14,27,16,6;6,15,27,28,17,7;7,16,28,29,30,18;7,17,30,31,19,8;8,18,31,32,33,20;8,19,33,34,21,9;9,20,34,35,22,10;10,21,35,36,23,11;11,22,36,37,24,12;12,23,37,38,25,13;13,24,38,39,26,14;14,25,39,40,41,27;14,26,41,28,16,15;16,27,41,29,17;17,28,41,42,43,30;17,29,43,44,31,18;18,30,44,32,19;19,31,44,45,46,33;19,32,46,34,20;20,33,46,47,35,21;21,34,47,48,36,22;22,35,48,49,37,23;23,36,49,50,38,24;24,37,50,39,25;25,38,50,51,40,26;26,39,51,52,42,41;26,40,42,29,28,27;29,41,40,52,53,43;29,42,53,44,30;30,43,53,45,32,31;32,44,53,54,55,46;32,45,55,47,34,33;34,46,55,48,35;35,47,55,56,49,36;36,48,56,57,50,37;37,49,57,51,39,38;39,50,57,52,40;40,51,57,54,53,42;42,52,54,45,44,43;45,53,52,57,56,55;45,54,56,48,47,46;48,55,54,57,49;49,56,54,52,51,50
ipr58_90 58 1,2,3,4,5,6;0,6,7,8,9,2;0,1,9,10,11,3;0,2,11,12,4;0,3,12,13,14,5;0,4,14,15,16,6;0,5,16,17,7,1;1,6,17,18,19,8;1,7,19,20,21,9;1,8,21,10,2;2,9,21,22,23,11;2,10,23,24,12,3;3,11,24,25,13,4;4,12,25,26,27,14;4,13,27,15,5;5,14,27,28,29,16;5,15,29,17,6;6,16,29,30,18,7;7,17,30,31,32,19;7,18,32,33,20,8;8,19,33,34,35,21;8,20,35,22,10,9;10,21,35,36,37,23;10,22,37,38,24,11;11,23,38,39,25,12;12,24,39,40,26,13;13,25,40,41,27;13,26,41,28,15,14;15,27,41,42,43,29;15,28,43,30,17,16;17,29,43,31,18;18,30,43,44,45,32;18,31,45,46,33,19;19,32,46,47,34,20;20,33,47,48,36,35;20,34,36,22,21;22,35,34,48,49,37;22,36,49,38,23;23,37,49,50,39,24;24,38,50,51,40,25;25,39,51,52,41,26;26,40,52,42,28,27;28,41,52,53,44,43;28,42,44,31,30,29;31,43,42,53,54,45;31,44,54,46,32;32,45,54,55,47,33;33,46,55,48,34;34,47,55,56,49,36;36,48,56,50,38,37;38,49,56,57,51,39;39,50,57,53,52,40;40,51,53,42,41;42,52,51,57,54,44;44,53,57,55,46,45;46,54,57,56,48,47;48,55,57,50,49;50,56,55,54,53,51
ipr58_91 58 1,2,3,4,5,6;0,6,7,8,9,2;0,1,9,10,11,3;0,2,11,12,13,4;0,3,13,14,15,5;0,4,15,16,17,6;0,5,17,18,7,1;1,6,18,19,20,8;1,7,20,21,9;1,8,21,22,10,2;2,9,22,23,24,11;2,10,24,25,12,3;3,11,25,26,27,13;3,12,27,14,4;4,13,27,28,29,15;4,14,29,16,5;5,15,29,30,31,17;5,16,31,18,6;6,17,31,32,19,7;7,18,32,33,34,20;7,19,34,35,21,8;8,20,35,36,22,9;9,21,36,23,10;10,22,36,37,38,24;10,23,38,39,25,11;11,24,39,26,12;12,25,39,40,41,27;12,26,41,28,14,13;14,27,41,42,43,29;14,28,43,30,16,15;16,29,43,44,45,31;16,30,45,32,18,17;18,31,45,33,19;19,32,45,46,47,34;19,33,47,48,35,20;20,34,48,49,36,21;21,35,49,37,23,22;23,36,49,50,51,38;23,37,51,52,39,24;24,38,52,40,26,25;26,39,52,53,42,41;26,40,42,28,27;28,41,40,53,54,43;28,42,54,44,30,29;30,43,54,55,46,45;30,44,46,33,32,31;33,45,44,55,56,47;33,46,56,48,34;34,47,56,50,49,35;35,48,50,37,36;37,49,48,56,57,51;37,50,57,52,38;38,51,57,53,40,39;40,52,57,55,54,42;42,53,55,44,43;44,54,53,57,56,46;46,55,57,50,48,47;50,56,55,53,52,51
ipr58_92 58 1,2,3,4,5,6;0,6,7,8,9,2;0,1,9,10,11,3;0,2,11,12,13,4;0,3,13,14,15,5;0,4,15,16,17,6;0,5,17,18,7,1;1,6,18,19,20,8;1,7,20,21,9;1,8,21,22,10,2;2,9,22,23,24,11;2,10,24,25,12,3;3,11,25,26,27,13;3,12,27,14,4;4,13,27,28,29,15;4,14,29,16,5;5,15,29,30,31,17;5,16,31,18,6;6,17,31,32,19,7;7,18,32,33,34,20;7,19,34,35,21,8;8,20,35,36,22,9;9,21,36,23,10;10,22,36,37,38,24;10,23,38,39,25,11;11,24,39,40,26,12;12,25,40,41,42,27;12,26,42,28,14,13;14,27,42,43,29;14,28,43,30,16,15;16,29,43,44,45,31;16,30,45,32,18,17;18,31,45,33,19;19,32,45,46,47,34;19,33,47,48,35,20;20,34,48,49,36,21;21,35,49,37,23,22;23,36,49,50,51,38;23,37,51,52,39,24;24,38,52,40,25;25,39,52,53,41,26;26,40,53,54,42;26,41,54,43,28,27;28,42,54,44,30,29;30,43,54,55,46,45;30,44,46,33,32,31;33,45,44,55,56,47;33,46,56,48,34;34,47,56,50,49,35;35,48,50,37,36;37,49,48,56,57,51;37,50,57,52,38;38,51,57,53,40,39;40,52,57,55,54,41;41,53,55,44,43,42;44,54,53,57,56,46;46,55,57,50,48,47;50,56,55,53,52,51
ipr58_93 58 1,2,3,4,5,6;0,6,7,8,9,2;0,1,9,10,11,3;0,2,11,12,13,4;0,3,13,14,15,5;0,4,15,16,17,6;0,5,17,18,7,1;1,6,18,19,20,8;1,7,20,21,9;1,8,21,22,10,2;2,9,22,23,24,11;2,10,24,25,12,3;3,11,25,26,27,13;3,12,27,28,14,4;4,13,28,29,30,15;4,14,30,16,5;5,15,30,31,32,17;5,16,32,18,6;6,17,32,33,19,7;7,18,33,34,35,20;7,19,35,36,21,8;8,20,36,37,22,9;9,21,37,23,10;10,22,37,38,39,24;10,23,39,25,11;11,24,39,40,26,12;12,25,40,41,42,27;12,26,42,28,13;13,27,42,43,29,14;14,28,43,44,30;14,29,44,31,16,15;16,30,44,45,46,32;16,31,46,33,18,17;18,32,46,34,19;19,33,46,47,48,35;19,34,48,49,36,20;20,35,49,50,37,21;21,36,50,38,23,22;23,37,50,51,52,39;23,38,52,40,25,24;25,39,52,41,26;26,40,52,53,54,42;26,41,54,43,28,27;28,42,54,55,44,29;29,43,55,45,31,30;31,44,55,56,47,46;31,45,47,34,33,32;34,46,45,56,57,48;34,47,57,49,35;35,48,57,51,50,36;36,49,51,38,37;38,50,49,57,53,52;38,51,53,41,40,39;41,52,51,57,56,54;41,53,56,55,43,42;43,54,56,45,44;45,55,54,53,57,47;47,56,53,51,49,48
ipr58_94 58 1,2,3,4,5,6;0,6,7,8,9,2;0,1,9,10,11,3;0,2,11,12,13,4;0,3,13,14,15,5;0,4,15,16,17,6;0,5,17,18,7,1;1,6,18,19,20,8;1,7,20,21,9;1,8,21,22,10,2;2,9,22,23,24,11;2,10,24,25,12,3;3,11,25,26,27,13;3,12,27,14,4;4,13,27,28,29,15;4,14,29,16,5;5,15,29,30,31,17;5,16,31,18,6;6,17,31,32,19,7;7,18,32,33,34,20;7,19,34,35,21,8;8,20,35,36,22,9;9,21,36,23,10;10,22,36,37,38,24;10,23,38,25,11;11,24,38,39,26,12;12,25,39,40,41,27;12,26,41,28,14,13;14,27,41,42,29;14,28,42,30,16,15;16,29,42,43,44,31;16,30,44,32,18,17;18,31,44,33,19;19,32,44,45,46,34;19,33,46,47,35,20;20,34,47,48,36,21;21,35,48,37,23,22;23,36,48,49,50,38;23,37,50,39,25,24;25,38,50,51,40,26;26,39,51,52,53,41;26,40,53,42,28,27;28,41,53,43,30,29;30,42,53,54,45,44;30,43,45,33,32,31;33,44,43,54,55,46;33,45,55,47,34;34,46,55,56,48,35;35,47,56,49,37,36;37,48,56,57,51,50;37,49,51,39,38;39,50,49,57,52,40;40,51,57,54,53;40,52,54,43,42,41;43,53,52,57,55,45;45,54,57,56,47,46;47,55,57,49,48;49,56,55,54,52,51
ipr58_95 58 1,2,3,4,5,6;0,6,7,8,9,2;0,1,9,10,11,3;0,2,11,12,13,4;0,3,13,14,15,5;0,4,15,16,17,6;0,5,17,18,7,1;1,6,18,19,20,8;1,7,20,21,9;1,8,21,22,10,2;2,9,22,23,24,11;2,10,24,25,12,3;3,11,25,26,27,13;3,12,27,14,4;4,13,27,28,29,15;4,14,29,16,5;5,15,29,30,31,17;5,16,31,18,6;6,17,31,32,19,7;7,18,32,33,34,20;7,19,34,35,21,8;8,20,35,36,22,9;9,21,36,23,10;10,22,36,37,38,24;10,23,38,25,11;11,24,38,39,26,12;12,25,39,40,41,27;12,26,41,28,14,13;14,27,41,42,43,29;14,28,43,30,16,15;16,29,43,44,45,31;16,30,45,32,18,17;18,31,45,46,33,19;19,32,46,47,48,34;19,33,48,49,35,20;20,34,49,50,36,21;21,35,50,37,23,22;23,36,50,51,52,38;23,37,52,39,25,24;25,38,52,53,40,26;26,39,53,54,55,41;26,40,55,42,28,27;28,41,55,56,44,43;28,42,44,30,29;30,43,42,56,46,45;30,44,46,32,31;32,45,44,56,47,33;33,46,56,54,57,48;33,47,57,49,34;34,48,57,51,50,35;35,49,51,37,36;37,50,49,57,53,52;37,51,53,39,38;39,52,51,57,54,40;40,53,57,47,56,55;40,54,56,42,41;42,55,54,47,46,44;47,54,53,51,49,48
ipr58_96 58 1,2,3,4,5,6;0,6,7,8,9,2;0,1,9,10,11,3;0,2,11,12,4;0,3,12,13,14,5;0,4,14,15,16,6;0,5,16,7,1;1,6,16,17,18,8;1,7,18,19,20,9;1,8,20,10,2;2,9,20,21,22,11;2,10,22,23,12,3;3,11,23,24,13,4;4,12,24,25,26,14;4,13,26,27,15,5;5,14,27,28,29,16;5,15,29,17,7,6;7,16,29,30,31,18;7,17,31,32,19,8;8,18,32,33,20;8,19,33,21,10,9;10,20,33,34,35,22;10,21,35,36,23,11;11,22,36,37,24,12;12,23,37,38,25,13;13,24,38,39,40,26;13,25,40,27,14;14,26,40,41,28,15;15,27,41,42,43,29;15,28,43,30,17,16;17,29,43,44,31;17,30,44,45,32,18;18,31,45,46,33,19;19,32,46,34,21,20;21,33,46,47,48,35;21,34,48,49,36,22;22,35,49,37,23;23,36,49,50,38,24;24,37,50,51,39,25;25,38,51,52,40;25,39,52,41,27,26;27,40,52,42,28;28,41,52,53,54,43;28,42,54,44,30,29;30,43,54,55,45,31;31,44,55,47,46,32;32,45,47,34,33;34,46,45,55,56,48;34,47,56,57,49,35;35,48,57,50,37,36;37,49,57,51,38;38,50,57,53,52,39;39,51,53,42,41,40;42,52,51,57,56,54;42,53,56,55,44,43;44,54,56,47,45;47,55,54,53,57,48;48,56,53,51,50,49
ipr58_97 58 1,2,3,4,5,6;0,6,7,8,9,2;0,1,9,10,11,3;0,2,11,12,13,4;0,3,13,14,15,5;0,4,15,16,17,6;0,5,17,18,7,1;1,6,18,19,20,8;1,7,20,21,9;1,8,21,22,10,2;2,9,22,23,11;2,10,23,24,12,3;3,11,24,25,26,13;3,12,26,14,4;4,13,26,27,28,15;4,14,28,29,16,5;5,15,29,30,31,17;5,16,31,18,6;6,17,31,32,19,7;7,18,32,33,34,20;7,19,34,35,21,8;8,20,35,36,22,9;9,21,36,37,23,10;10,22,37,38,24,11;11,23,38,39,25,12;12,24,39,40,41,26;12,25,41,27,14,13;14,26,41,42,43,28;14,27,43,29,15;15,28,43,44,30,16;16,29,44,45,46,31;16,30,46,32,18,17;18,31,46,33,19;19,32,46,47,48,34;19,33,48,49,35,20;20,34,49,36,21;21,35,49,50,37,22;22,36,50,51,38,23;23,37,51,39,24;24,38,51,52,40,25;25,39,52,53,42,41;25,40,42,27,26;27,41,40,53,54,43;27,42,54,44,29,28;29,43,54,45,30;30,44,54,55,47,46;30,45,47,33,32,31;33,46,45,55,56,48;33,47,56,49,34;34,48,56,50,36,35;36,49,56,57,51,37;37,50,57,52,39,38;39,51,57,53,40;40,52,57,55,54,42;42,53,55,45,44,43;45,54,53,57,56,47;47,55,57,50,49,48;50,56,55,53,52,51
ipr58_98 58 1,2,3,4,5,6;0,6,7,8,9,2;0,1,9,10,11,3;0,2,11,12,4;0,3,12,13,14,5;0,4,14,15,16,6;0,5,16,17,7,1;1,6,17,18,19,8;1,7,19,20,21,9;1,8,21,22,10,2;2,9,22,23,11;2,10,23,24,12,3;3,11,24,25,13,4;4,12,25,26,27,14;4,13,27,28,15,5;5,14,28,29,30,16;5,15,30,17,6;6,16,30,31,18,7;7,17,31,32,33,19;7,18,33,34,20,8;8,19,34,35,36,21;8,20,36,22,9;9,21,36,37,23,10;10,22,37,38,24,11;11,23,38,39,25,12;12,24,39,40,26,13;13,25,40,41,42,27;13,26,42,28,14;14,27,42,43,29,15;15,28,43,44,45,30;15,29,45,31,17,16;17,30,45,32,18;18,31,45,46,47,33;18,32,47,48,34,19;19,33,48,35,20;20,34,48,49,50,36;20,35,50,37,22,21;22,36,50,38,23;23,37,50,51,39,24;24,38,51,52,40,25;25,39,52,53,41,26;26,40,53,54,42;26,41,54,43,28,27;28,42,54,44,29;29,43,54,55,46,45;29,44,46,32,31,30;32,45,44,55,56,47;32,46,56,48,33;33,47,56,49,35,34;35,48,56,57,51,50;35,49,51,38,37,36;38,50,49,57,52,39;39,51,57,53,40;40,52,57,55,54,41;41,53,55,44,43,42;44,54,53,57,56,46;46,55,57,49,48,47;49,56,55,53,52,51
ipr58_99 58 1,2,3,4,5,6;0,6,7,8,9,2;0,1,9,10,11,3;0,2,11,12,13,4;0,3,13,14,5;0,4,14,15,16,6;0,5,16,17,7,1;1,6,17,18,19,8;1,7,19,20,9;1,8,20,21,10,2;2,9,21,22,23,11;2,10,23,24,12,3;3,11,24,25,26,13;3,12,26,27,14,4;4,13,27,28,15,5;5,14,28,29,30,16;5,15,30,17,6;6,16,30,31,18,7;7,17,31,32,33,19;7,18,33,34,20,8;8,19,34,35,21,9;9,20,35,22,10;10,21,35,36,37,23;10,22,37,38,24,11;11,23,38,39,25,12;12,24,39,40,41,26;12,25,41,42,27,13;13,26,42,28,14;14,27,42,43,29,15;15,28,43,44,45,30;15,29,45,31,17,16;17,30,45,32,18;18,31,45,46,47,33;18,32,47,48,34,19;19,33,48,35,20;20,34,48,36,22,21;22,35,48,49,50,37;22,36,50,38,23;23,37,50,51,39,24;24,38,51,40,25;25,39,51,52,53,41;25,40,53,42,26;26,41,53,43,28,27;28,42,53,54,44,29;29,43,54,55,46,45;29,44,46,32,31,30;32,45,44,55,56,47;32,46,56,49,48,33;33,47,49,36,35,34;36,48,47,56,57,50;36,49,57,51,38,37;38,50,57,52,40,39;40,51,57,55,54,53;40,52,54,43,42,41;43,53,52,55,44;44,54,52,57,56,46;46,55,57,49,47;49,56,55,52,51,50
ipr58_100 58 1,2,3,4,5,6;0,6,7,8,9,2;0,1,9,10,11,3;0,2,11,12,13,4;0,3,13,14,15,5;0,4,15,16,17,6;0,5,17,18,7,1;1,6,18,19,20,8;1,7,20,21,9;1,8,21,22,10,2;2,9,22,23,24,11;2,10,24,25,12,3;3,11,25,26,27,13;3,12,27,14,4;4,13,27,28,29,15;4,14,29,30,16,5;5,15,30,31,32,17;5,16,32,18,6;6,17,32,33,19,7;7,18,33,34,35,20;7,19,35,36,21,8;8,20,36,37,22,9;9,21,37,23,10;10,22,37,38,39,24;10,23,39,40,25,11;11,24,40,41,26,12;12,25,41,42,27;12,26,42,28,14,13;14,27,42,43,44,29;14,28,44,30,15;15,29,44,45,31,16;16,30,45,46,47,32;16,31,47,33,18,17;18,32,47,34,19;19,33,47,48,49,35;19,34,49,50,36,20;20,35,50,37,21;21,36,50,38,23,22;23,37,50,51,52,39;23,38,52,40,24;24,39,52,53,41,25;25,40,53,54,42,26;26,41,54,43,28,27;28,42,54,55,44;28,43,55,45,30,29;30,44,55,46,31;31,45,55,56,48,47;31,46,48,34,33,32;34,47,46,56,57,49;34,48,57,51,50,35;35,49,51,38,37,36;38,50,49,57,52;38,51,57,53,40,39;40,52,57,56,54,41;41,53,56,55,43,42;43,54,56,46,45,44;46,55,54,53,57,48;48,56,53,52,51,49
ipr58_101 58 1,2,3,4,5,6;0,6,7,8,9,2;0,1,9,10,11,3;0,2,11,12,13,4;0,3,13,14,5;0,4,14,15,16,6;0,5,16,17,7,1;1,6,17,18,19,8;1,7,19,20,9;1,8,20,21,10,2;2,9,21,22,23,11;2,10,23,24,12,3;3,11,24,25,26,13;3,12,26,27,14,4;4,13,27,28,15,5;5,14,28,29,30,16;5,15,30,17,6;6,16,30,31,18,7;7,17,31,32,33,19;7,18,33,34,20,8;8,19,34,35,21,9;9,20,35,36,22,10;10,21,36,37,23;10,22,37,38,24,11;11,23,38,39,25,12;12,24,39,40,41,26;12,25,41,42,27,13;13,26,42,28,14;14,27,42,43,29,15;15,28,43,44,45,30;15,29,45,31,17,16;17,30,45,32,18;18,31,45,46,47,33;18,32,47,48,34,19;19,33,48,35,20;20,34,48,49,36,21;21,35,49,50,37,22;22,36,50,51,38,23;23,37,51,39,24;24,38,51,52,40,25;25,39,52,53,54,41;25,40,54,42,26;26,41,54,43,28,27;28,42,54,44,29;29,43,54,53,46,45;29,44,46,32,31,30;32,45,44,53,55,47;32,46,55,56,48,33;33,47,56,49,35,34;35,48,56,57,50,36;36,49,57,51,37;37,50,57,52,39,38;39,51,57,55,53,40;40,52,55,46,44,54;40,53,44,43,42,41;46,53,52,57,56,47;47,55,57,49,48;49,56,55,52,51,50
ipr58_102 58 1,2,3,4,5,6;0,6,7,8,9,2;0,1,9,10,3;0,2,10,11,12,4;0,3,12,13,14,5;0,4,14,15,16,6;0,5,16,17,7,1;1,6,17,18,19,8;1,7,19,20,9;1,8,20,21,10,2;2,9,21,22,11,3;3,10,22,23,24,12;3,11,24,25,13,4;4,12,25,26,14;4,13,26,27,15,5;5,14,27,28,29,16;5,15,29,17,6;6,16,29,30,18,7;7,17,30,31,32,19;7,18,32,33,20,8;8,19,33,34,21,9;9,20,34,35,22,10;10,21,35,36,23,11;11,22,36,37,38,24;11,23,38,25,12;12,24,38,39,26,13;13,25,39,40,27,14;14,26,40,41,28,15;15,27,41,42,43,29;15,28,43,30,17,16;17,29,43,31,18;18,30,43,44,45,32;18,31,45,46,33,19;19,32,46,47,34,20;20,33,47,48,35,21;21,34,48,36,22;22,35,48,49,37,23;23,36,49,50,51,38;23,37,51,39,25,24;25,38,51,52,40,26;26,39,52,41,27;27,40,52,53,42,28;28,41,53,54,44,43;28,42,44,31,30,29;31,43,42,54,45;31,44,54,55,46,32;32,45,55,56,47,33;33,46,56,48,34;34,47,56,49,36,35;36,48,56,57,50,37;37,49,57,53,52,51;37,50,52,39,38;39,51,50,53,41,40;41,52,50,57,54,42;42,53,57,55,45,44;45,54,57,56,46;46,55,57,49,48,47;49,56,55,54,53,50
ipr58_103 58 1,2,3,4,5,6;0,6,7,8,9,2;0,1,9,10,3;0,2,10,11,12,4;0,3,12,13,14,5;0,4,14,15,16,6;0,5,16,17,7,1;1,6,17,18,19,8;1,7,19,20,9;1,8,20,21,10,2;2,9,21,22,11,3;3,10,22,23,24,12;3,11,24,25,13,4;4,12,25,26,27,14;4,13,27,15,5;5,14,27,28,29,16;5,15,29,17,6;6,16,29,30,18,7;7,17,30,31,32,19;7,18,32,33,20,8;8,19,33,34,21,9;9,20,34,35,22,10;10,21,35,36,23,11;11,22,36,37,24;11,23,37,38,25,12;12,24,38,39,26,13;13,25,39,40,41,27;13,26,41,28,15,14;15,27,41,42,43,29;15,28,43,30,17,16;17,29,43,31,18;18,30,43,44,45,32;18,31,45,46,33,19;19,32,46,47,34,20;20,33,47,48,35,21;21,34,48,36,22;22,35,48,49,37,23;23,36,49,50,38,24;24,37,50,39,25;25,38,50,51,40,26;26,39,51,52,41;26,40,52,42,28,27;28,41,52,53,44,43;28,42,44,31,30,29;31,43,42,53,45;31,44,53,54,46,32;32,45,54,55,47,33;33,46,55,48,34;34,47,55,49,36,35;36,48,55,56,50,37;37,49,56,51,39,38;39,50,56,57,52,40;40,51,57,53,42,41;42,52,57,54,45,44;45,53,57,56,55,46;46,54,56,49,48,47;49,55,54,57,51,50;51,56,54,53,52
ipr58_104 58 1,2,3,4,5,6;0,6,7,8,9,2;0,1,9,10,11,3;0,2,11,12,4;0,3,12,13,14,5;0,4,14,15,16,6;0,5,16,17,7,1;1,6,17,18,19,8;1,7,19,20,21,9;1,8,21,22,10,2;2,9,22,23,24,11;2,10,24,25,12,3;3,11,25,26,13,4;4,12,26,27,28,14;4,13,28,29,15,5;5,14,29,30,31,16;5,15,31,17,6;6,16,31,32,18,7;7,17,32,33,34,19;7,18,34,20,8;8,19,34,35,36,21;8,20,36,37,22,9;9,21,37,23,10;10,22,37,38,39,24;10,23,39,40,25,11;11,24,40,41,26,12;12,25,41,42,27,13;13,26,42,43,28;13,27,43,44,29,14;14,28,44,30,15;15,29,44,45,46,31;15,30,46,32,17,16;17,31,46,33,18;18,32,46,47,48,34;18,33,48,35,20,19;20,34,48,49,50,36;20,35,50,37,21;21,36,50,38,23,22;23,37,50,51,52,39;23,38,52,40,24;24,39,52,53,41,25;25,40,53,42,26;26,41,53,54,43,27;27,42,54,55,44,28;28,43,55,45,30,29;30,44,55,47,46;30,45,47,33,32,31;33,46,45,55,56,48;33,47,56,49,35,34;35,48,56,57,51,50;35,49,51,38,37,36;38,50,49,57,52;38,51,57,53,40,39;40,52,57,54,42,41;42,53,57,56,55,43;43,54,56,47,45,44;47,55,54,57,49,48;49,56,54,53,52,51
ipr58_105 58 1,2,3,4,5,6;0,6,7,8,9,2;0,1,9,10,11,3;0,2,11,12,4;0,3,12,13,14,5;0,4,14,15,16,6;0,5,16,17,7,1;1,6,17,18,19,8;1,7,19,20,21,9;1,8,21,22,10,2;2,9,22,23,24,11;2,10,24,25,12,3;3,11,25,26,13,4;4,12,26,27,28,14;4,13,28,15,5;5,14,28,29,30,16;5,15,30,17,6;6,16,30,31,18,7;7,17,31,32,33,19;7,18,33,20,8;8,19,33,34,35,21;8,20,35,36,22,9;9,21,36,23,10;10,22,36,37,38,24;10,23,38,39,25,11;11,24,39,40,26,12;12,25,40,41,27,13;13,26,41,42,43,28;13,27,43,29,15,14;15,28,43,44,45,30;15,29,45,31,17,16;17,30,45,46,32,18;18,31,46,47,48,33;18,32,48,34,20,19;20,33,48,49,50,35;20,34,50,36,21;21,35,50,37,23,22;23,36,50,51,52,38;23,37,52,39,24;24,38,52,53,40,25;25,39,53,41,26;26,40,53,54,42,27;27,41,54,55,44,43;27,42,44,29,28;29,43,42,55,46,45;29,44,46,31,30;31,45,44,55,47,32;32,46,55,56,48;32,47,56,49,34,33;34,48,56,57,51,50;34,49,51,37,36,35;37,50,49,57,52;37,51,57,53,39,38;39,52,57,54,41,40;41,53,57,56,55,42;42,54,56,47,46,44;47,55,54,57,49,48;49,56,54,53,52,51
ipr58_106 58 1,2,3,4,5,6;0,6,7,8,9,2;0,1,9,10,11,3;0,2,11,12,4;0,3,12,13,14,5;0,4,14,15,16,6;0,5,16,17,7,1;1,6,17,18,19,8;1,7,19,20,21,9;1,8,21,22,10,2;2,9,22,23,24,11;2,10,24,25,12,3;3,11,25,26,13,4;4,12,26,27,14;4,13,27,28,15,5;5,14,28,29,30,16;5,15,30,17,6;6,16,30,31,18,7;7,17,31,32,33,19;7,18,33,20,8;8,19,33,34,35,21;8,20,35,36,22,9;9,21,36,23,10;10,22,36,37,38,24;10,23,38,39,25,11;11,24,39,26,12;12,25,39,40,27,13;13,26,40,41,28,14;14,27,41,42,29,15;15,28,42,43,44,30;15,29,44,31,17,16;17,30,44,45,32,18;18,31,45,46,33;18,32,46,34,20,19;20,33,46,47,35;20,34,47,48,36,21;21,35,48,37,23,22;23,36,48,49,50,38;23,37,50,51,39,24;24,38,51,40,26,25;26,39,51,52,41,27;27,40,52,42,28;28,41,52,53,43,29;29,42,53,54,55,44;29,43,55,45,31,30;31,44,55,56,46,32;32,45,56,47,34,33;34,46,56,57,48,35;35,47,57,49,37,36;37,48,57,54,53,50;37,49,53,52,51,38;38,50,52,40,39;40,51,50,53,42,41;42,52,50,49,54,43;43,53,49,57,56,55;43,54,56,45,44;45,55,54,57,47,46;47,56,54,49,48
ipr58_107 58 1,2,3,4,5,6;0,6,7,8,9,2;0,1,9,10,11,3;0,2,11,12,4;0,3,12,13,14,5;0,4,14,15,16,6;0,5,16,17,7,1;1,6,17,18,19,8;1,7,19,20,21,9;1,8,21,22,10,2;2,9,22,23,24,11;2,10,24,25,12,3;3,11,25,26,13,4;4,12,26,27,14;4,13,27,28,15,5;5,14,28,29,30,16;5,15,30,17,6;6,16,30,31,18,7;7,17,31,32,33,19;7,18,33,20,8;8,19,33,34,35,21;8,20,35,36,22,9;9,21,36,23,10;10,22,36,37,38,24;10,23,38,39,25,11;11,24,39,26,12;12,25,39,40,27,13;13,26,40,41,28,14;14,27,41,42,29,15;15,28,42,43,44,30;15,29,44,31,17,16;17,30,44,32,18;18,31,44,45,46,33;18,32,46,34,20,19;20,33,46,47,48,35;20,34,48,49,36,21;21,35,49,37,23,22;23,36,49,50,51,38;23,37,51,52,39,24;24,38,52,40,26,25;26,39,52,53,41,27;27,40,53,42,28;28,41,53,54,43,29;29,42,54,55,45,44;29,43,45,32,31,30;32,44,43,55,46;32,45,55,47,34,33;34,46,55,56,48;34,47,56,50,49,35;35,48,50,37,36;37,49,48,56,57,51;37,50,57,52,38;38,51,57,53,40,39;40,52,57,54,42,41;42,53,57,56,55,43;43,54,56,47,46,45;47,55,54,57,50,48;50,56,54,53,52,51
ipr58_108 58 1,2,3,4,5,6;0,6,7,8,9,2;0,1,9,10,11,3;0,2,11,12,13,4;0,3,13,14,15,5;0,4,15,16,6;0,5,16,17,7,1;1,6,17,18,19,8;1,7,19,20,21,9;1,8,21,10,2;2,9,21,22,23,11;2,10,23,24,12,3;3,11,24,25,26,13;3,12,26,14,4;4,13,26,27,28,15;4,14,28,29,16,5;5,15,29,30,17,6;6,16,30,31,18,7;7,17,31,32,33,19;7,18,33,34,20,8;8,19,34,35,36,21;8,20,36,22,10,9;10,21,36,37,38,23;10,22,38,39,24,11;11,23,39,40,25,12;12,24,40,41,42,26;12,25,42,27,14,13;14,26,42,43,44,28;14,27,44,29,15;15,28,44,45,30,16;16,29,45,46,31,17;17,30,46,32,18;18,31,46,47,48,33;18,32,48,49,34,19;19,33,49,35,20;20,34,49,50,37,36;20,35,37,22,21;22,36,35,50,51,38;22,37,51,39,23;23,38,51,52,40,24;24,39,52,53,41,25;25,40,53,54,43,42;25,41,43,27,26;27,42,41,54,55,44;27,43,55,45,29,28;29,44,55,46,30;30,45,55,47,32,31;32,46,55,54,56,48;32,47,56,57,49,33;33,48,57,50,35,34;35,49,57,51,37;37,50,57,52,39,38;39,51,57,56,53,40;40,52,56,54,41;41,53,56,47,55,43;43,54,47,46,45,44;47,54,53,52,57,48;48,56,52,51,50,49
ipr58_109 58 1,2,3,4,5,6;0,6,7,8,9,2;0,1,9,10,11,3;0,2,11,12,13,4;0,3,13,14,15,5;0,4,15,16,6;0,5,16,17,7,1;1,6,17,18,19,8;1,7,19,20,21,9;1,8,21,10,2;2,9,21,22,23,11;2,10,23,24,12,3;3,11,24,25,13;3,12,25,26,14,4;4,13,26,27,28,15;4,14,28,29,16,5;5,15,29,30,17,6;6,16,30,31,18,7;7,17,31,32,33,19;7,18,33,34,20,8;8,19,34,35,36,21;8,20,36,22,10,9;10,21,36,37,38,23;10,22,38,39,24,11;11,23,39,40,25,12;12,24,40,41,26,13;13,25,41,42,27,14;14,26,42,43,44,28;14,27,44,29,15;15,28,44,45,30,16;16,29,45,46,31,17;17,30,46,32,18;18,31,46,47,48,33;18,32,48,49,34,19;19,33,49,35,20;20,34,49,50,37,36;20,35,37,22,21;22,36,35,50,51,38;22,37,51,39,23;23,38,51,52,40,24;24,39,52,53,41,25;25,40,53,42,26;26,41,53,54,43,27;27,42,54,55,44;27,43,55,45,29,28;29,44,55,46,30;30,45,55,47,32,31;32,46,55,54,56,48;32,47,56,57,49,33;33,48,57,50,35,34;35,49,57,51,37;37,50,57,52,39,38;39,51,57,56,53,40;40,52,56,54,42,41;42,53,56,47,55,43;43,54,47,46,45,44;47,54,53,52,57,48;48,56,52,51,50,49
ipr58_110 58 1,2,3,4,5,6;0,6,7,8,9,2;0,1,9,10,11,3;0,2,11,12,13,4;0,3,13,14,15,5;0,4,15,16,6;0,5,16,17,7,1;1,6,17,18,19,8;1,7,19,20,21,9;1,8,21,10,2;2,9,21,22,23,11;2,10,23,12,3;3,11,23,24,25,13;3,12,25,26,14,4;4,13,26,27,28,15;4,14,28,29,16,5;5,15,29,30,17,6;6,16,30,31,18,7;7,17,31,32,33,19;7,18,33,34,20,8;8,19,34,35,36,21;8,20,36,22,10,9;10,21,36,37,23;10,22,37,24,12,11;12,23,37,38,39,25;12,24,39,40,26,13;13,25,40,41,27,14;14,26,41,42,43,28;14,27,43,29,15;15,28,43,44,30,16;16,29,44,45,31,17;17,30,45,32,18;18,31,45,46,47,33;18,32,47,48,34,19;19,33,48,35,20;20,34,48,49,50,36;20,35,50,37,22,21;22,36,50,38,24,23;24,37,50,51,39;24,38,51,52,40,25;25,39,52,53,41,26;26,40,53,54,42,27;27,41,54,55,43;27,42,55,44,29,28;29,43,55,45,30;30,44,55,46,32,31;32,45,55,54,56,47;32,46,56,57,48,33;33,47,57,49,35,34;35,48,57,51,50;35,49,51,38,37,36;38,50,49,57,52,39;39,51,57,56,53,40;40,52,56,54,41;41,53,56,46,55,42;42,54,46,45,44,43;46,54,53,52,57,47;47,56,52,51,49,48
ipr58_111 58 1,2,3,4,5,6;0,6,7,8,9,2;0,1,9,10,11,3;0,2,11,12,13,4;0,3,13,14,15,5;0,4,15,16,17,6;0,5,17,18,7,1;1,6,18,19,20,8;1,7,20,21,22,9;1,8,22,10,2;2,9,22,23,24,11;2,10,24,25,12,3;3,11,25,26,27,13;3,12,27,14,4;4,13,27,28,29,15;4,14,29,30,16,5;5,15,30,31,32,17;5,16,32,18,6;6,17,32,33,19,7;7,18,33,34,35,20;7,19,35,21,8;8,20,35,36,37,22;8,21,37,23,10,9;10,22,37,38,39,24;10,23,39,25,11;11,24,39,40,26,12;12,25,40,41,42,27;12,26,42,28,14,13;14,27,42,43,44,29;14,28,44,30,15;15,29,44,45,31,16;16,30,45,46,32;16,31,46,33,18,17;18,32,46,47,34,19;19,33,47,48,49,35;19,34,49,36,21,20;21,35,49,50,37;21,36,50,38,23,22;23,37,50,51,39;23,38,51,40,25,24;25,39,51,52,41,26;26,40,52,53,42;26,41,53,43,28,27;28,42,53,54,44;28,43,54,45,30,29;30,44,54,55,46,31;31,45,55,47,33,32;33,46,55,48,34;34,47,55,56,57,49;34,48,57,50,36,35;36,49,57,51,38,37;38,50,57,52,40,39;40,51,57,56,53,41;41,52,56,54,43,42;43,53,56,55,45,44;45,54,56,48,47,46;48,55,54,53,52,57;48,56,52,51,50,49
ipr58_112 58 1,2,3,4,5,6;0,6,7,8,9,2;0,1,9,10,11,3;0,2,11,12,13,4;0,3,13,14,15,5;0,4,15,16,17,6;0,5,17,18,7,1;1,6,18,19,20,8;1,7,20,21,22,9;1,8,22,23,10,2;2,9,23,24,25,11;2,10,25,12,3;3,11,25,26,27,13;3,12,27,28,14,4;4,13,28,29,30,15;4,14,30,16,5;5,15,30,31,32,17;5,16,32,18,6;6,17,32,33,19,7;7,18,33,34,35,20;7,19,35,36,21,8;8,20,36,37,38,22;8,21,38,23,9;9,22,38,39,24,10;10,23,39,40,41,25;10,24,41,26,12,11;12,25,41,42,43,27;12,26,43,44,28,13;13,27,44,45,29,14;14,28,45,46,30;14,29,46,31,16,15;16,30,46,47,32;16,31,47,33,18,17;18,32,47,34,19;19,33,47,48,49,35;19,34,49,50,36,20;20,35,50,37,21;21,36,50,51,52,38;21,37,52,39,23,22;23,38,52,40,24;24,39,52,53,42,41;24,40,42,26,25;26,41,40,53,54,43;26,42,54,55,44,27;27,43,55,56,45,28;28,44,56,48,46,29;29,45,48,47,31,30;31,46,48,34,33,32;34,47,46,45,56,49;34,48,56,57,50,35;35,49,57,51,37,36;37,50,57,54,53,52;37,51,53,40,39,38;40,52,51,54,42;42,53,51,57,55,43;43,54,57,56,44;44,55,57,49,48,45;49,56,55,54,51,50
ipr58_113 58 1,2,3,4,5,6;0,6,7,8,9,2;0,1,9,10,11,3;0,2,11,12,13,4;0,3,13,14,15,5;0,4,15,16,17,6;0,5,17,18,7,1;1,6,18,19,20,8;1,7,20,21,22,9;1,8,22,10,2;2,9,22,23,24,11;2,10,24,12,3;3,11,24,25,26,13;3,12,26,27,14,4;4,13,27,28,29,15;4,14,29,16,5;5,15,29,30,31,17;5,16,31,18,6;6,17,31,32,19,7;7,18,32,33,34,20;7,19,34,35,21,8;8,20,35,36,37,22;8,21,37,23,10,9;10,22,37,38,39,24;10,23,39,25,12,11;12,24,39,40,41,26;12,25,41,42,27,13;13,26,42,43,28,14;14,27,43,44,45,29;14,28,45,30,16,15;16,29,45,46,31;16,30,46,32,18,17;18,31,46,33,19;19,32,46,47,48,34;19,33,48,49,35,20;20,34,49,50,36,21;21,35,50,51,38,37;21,36,38,23,22;23,37,36,51,40,39;23,38,40,25,24;25,39,38,51,52,41;25,40,52,53,42,26;26,41,53,54,43,27;27,42,54,55,44,28;28,43,55,47,45;28,44,47,46,30,29;30,45,47,33,32,31;33,46,45,44,55,48;33,47,55,56,49,34;34,48,56,57,50,35;35,49,57,52,51,36;36,50,52,40,38;40,51,50,57,53,41;41,52,57,54,42;42,53,57,56,55,43;43,54,56,48,47,44;48,55,54,57,49;49,56,54,53,52,50
ipr58_114 58 1,2,3,4,5,6;0,6,7,8,9,2;0,1,9,10,11,3;0,2,11,12,13,4;0,3,13,14,15,5;0,4,15,16,17,6;0,5,17,18,7,1;1,6,18,19,20,8;1,7,20,21,22,9;1,8,22,10,2;2,9,22,23,24,11;2,10,24,12,3;3,11,24,25,26,13;3,12,26,27,14,4;4,13,27,28,29,15;4,14,29,16,5;5,15,29,30,31,17;5,16,31,18,6;6,17,31,32,19,7;7,18,32,33,34,20;7,19,34,35,21,8;8,20,35,36,37,22;8,21,37,23,10,9;10,22,37,38,39,24;10,23,39,25,12,11;12,24,39,40,41,26;12,25,41,42,27,13;13,26,42,43,28,14;14,27,43,44,29;14,28,44,30,16,15;16,29,44,45,46,31;16,30,46,32,18,17;18,31,46,33,19;19,32,46,47,48,34;19,33,48,49,35,20;20,34,49,50,36,21;21,35,50,51,38,37;21,36,38,23,22;23,37,36,51,40,39;23,38,40,25,24;25,39,38,51,52,41;25,40,52,53,42,26;26,41,53,54,43,27;27,42,54,55,44,28;28,43,55,45,30,29;30,44,55,47,46;30,45,47,33,32,31;33,46,45,55,56,48;33,47,56,49,34;34,48,56,57,50,35;35,49,57,52,51,36;36,50,52,40,38;40,51,50,57,53,41;41,52,57,54,42;42,53,57,56,55,43;43,54,56,47,45,44;47,55,54,57,49,48;49,56,54,53,52,50
ipr58_115 58 1,2,3,4,5,6;0,6,7,8,9,2;0,1,9,10,11,3;0,2,11,12,13,4;0,3,13,14,15,5;0,4,15,16,17,6;0,5,17,18,7,1;1,6,18,19,20,8;1,7,20,21,22,9;1,8,22,10,2;2,9,22,23,24,11;2,10,24,25,12,3;3,11,25,26,27,13;3,12,27,28,14,4;4,13,28,29,30,15;4,14,30,16,5;5,15,30,31,32,17;5,16,32,18,6;6,17,32,33,19,7;7,18,33,34,35,20;7,19,35,36,21,8;8,20,36,37,38,22;8,21,38,23,10,9;10,22,38,39,24;10,23,39,40,25,11;11,24,40,26,12;12,25,40,41,42,27;12,26,42,43,28,13;13,27,43,29,14;14,28,43,44,45,30;14,29,45,31,16,15;16,30,45,46,32;16,31,46,33,18,17;18,32,46,34,19;19,33,46,47,48,35;19,34,48,49,36,20;20,35,49,37,21;21,36,49,50,51,38;21,37,51,39,23,22;23,38,51,52,40,24;24,39,52,41,26,25;26,40,52,53,54,42;26,41,54,55,43,27;27,42,55,44,29,28;29,43,55,56,47,45;29,44,47,46,31,30;31,45,47,34,33,32;34,46,45,44,56,48;34,47,56,57,49,35;35,48,57,50,37,36;37,49,57,53,51;37,50,53,52,39,38;39,51,53,41,40;41,52,51,50,57,54;41,53,57,56,55,42;42,54,56,44,43;44,55,54,57,48,47;48,56,54,53,50,49
ipr58_116 58 1,2,3,4,5,6;0,6,7,8,9,2;0,1,9,10,11,3;0,2,11,12,13,4;0,3,13,14,15,5;0,4,15,16,17,6;0,5,17,18,7,1;1,6,18,19,20,8;1,7,20,21,22,9;1,8,22,10,2;2,9,22,23,24,11;2,10,24,25,12,3;3,11,25,26,13;3,12,26,27,14,4;4,13,27,28,29,15;4,14,29,16,5;5,15,29,30,31,17;5,16,31,18,6;6,17,31,32,19,7;7,18,32,33,34,20;7,19,34,35,21,8;8,20,35,36,37,22;8,21,37,23,10,9;10,22,37,38,39,24;10,23,39,40,25,11;11,24,40,41,26,12;12,25,41,42,27,13;13,26,42,43,28,14;14,27,43,44,45,29;14,28,45,30,16,15;16,29,45,46,31;16,30,46,32,18,17;18,31,46,33,19;19,32,46,47,48,34;19,33,48,49,35,20;20,34,49,36,21;21,35,49,50,38,37;21,36,38,23,22;23,37,36,50,51,39;23,38,51,52,40,24;24,39,52,41,25;25,40,52,53,42,26;26,41,53,43,27;27,42,53,54,44,28;28,43,54,55,47,45;28,44,47,46,30,29;30,45,47,33,32,31;33,46,45,44,55,48;33,47,55,56,49,34;34,48,56,50,36,35;36,49,56,51,38;38,50,56,57,52,39;39,51,57,53,41,40;41,52,57,54,43,42;43,53,57,55,44;44,54,57,56,48,47;48,55,57,51,50,49;51,56,55,54,53,52
ipr58_117 58 1,2,3,4,5,6;0,6,7,8,9,2;0,1,9,10,11,3;0,2,11,12,13,4;0,3,13,14,15,5;0,4,15,16,17,6;0,5,17,18,7,1;1,6,18,19,20,8;1,7,20,21,22,9;1,8,22,10,2;2,9,22,23,24,11;2,10,24,25,12,3;3,11,25,26,13;3,12,26,27,14,4;4,13,27,28,29,15;4,14,29,30,16,5;5,15,30,31,32,17;5,16,32,18,6;6,17,32,33,19,7;7,18,33,34,35,20;7,19,35,36,21,8;8,20,36,37,38,22;8,21,38,23,10,9;10,22,38,39,40,24;10,23,40,41,25,11;11,24,41,42,26,12;12,25,42,43,27,13;13,26,43,28,14;14,27,43,44,45,29;14,28,45,30,15;15,29,45,46,31,16;16,30,46,47,32;16,31,47,33,18,17;18,32,47,34,19;19,33,47,48,49,35;19,34,49,50,36,20;20,35,50,37,21;21,36,50,51,39,38;21,37,39,23,22;23,38,37,51,52,40;23,39,52,41,24;24,40,52,53,42,25;25,41,53,54,43,26;26,42,54,44,28,27;28,43,54,55,45;28,44,55,46,30,29;30,45,55,48,47,31;31,46,48,34,33,32;34,47,46,55,56,49;34,48,56,57,50,35;35,49,57,51,37,36;37,50,57,52,39;39,51,57,53,41,40;41,52,57,56,54,42;42,53,56,55,44,43;44,54,56,48,46,45;48,55,54,53,57,49;49,56,53,52,51,50
ipr58_118 58 1,2,3,4,5,6;0,6,7,8,9,2;0,1,9,10,11,3;0,2,11,12,13,4;0,3,13,14,15,5;0,4,15,16,17,6;0,5,17,18,7,1;1,6,18,19,20,8;1,7,20,21,22,9;1,8,22,23,10,2;2,9,23,24,25,11;2,10,25,12,3;3,11,25,26,27,13;3,12,27,28,14,4;4,13,28,29,30,15;4,14,30,16,5;5,15,30,31,32,17;5,16,32,18,6;6,17,32,33,19,7;7,18,33,34,20;7,19,34,35,21,8;8,20,35,36,37,22;8,21,37,23,9;9,22,37,38,24,10;10,23,38,39,25;10,24,39,26,12,11;12,25,39,40,41,27;12,26,41,42,28,13;13,27,42,43,29,14;14,28,43,44,30;14,29,44,31,16,15;16,30,44,45,32;16,31,45,33,18,17;18,32,45,46,34,19;19,33,46,47,35,20;20,34,47,48,36,21;21,35,48,49,50,37;21,36,50,38,23,22;23,37,50,51,39,24;24,38,51,40,26,25;26,39,51,52,53,41;26,40,53,54,42,27;27,41,54,43,28;28,42,54,55,44,29;29,43,55,45,31,30;31,44,55,46,33,32;33,45,55,56,47,34;34,46,56,57,48,35;35,47,57,49,36;36,48,57,52,51,50;36,49,51,38,37;38,50,49,52,40,39;40,51,49,57,53;40,52,57,56,54,41;41,53,56,55,43,42;43,54,56,46,45,44;46,55,54,53,57,47;47,56,53,52,49,48
ipr58_119 58 1,2,3,4,5,6;0,6,7,8,9,2;0,1,9,10,11,3;0,2,11,12,13,4;0,3,13,14,15,5;0,4,15,16,6;0,5,16,17,7,1;1,6,17,18,8;1,7,18,19,20,9;1,8,20,21,10,2;2,9,21,22,23,11;2,10,23,12,3;3,11,23,24,25,13;3,12,25,26,14,4;4,13,26,27,28,15;4,14,28,29,16,5;5,15,29,30,17,6;6,16,30,31,18,7;7,17,31,32,19,8;8,18,32,33,34,20;8,19,34,35,21,9;9,20,35,36,22,10;10,21,36,37,38,23;10,22,38,24,12,11;12,23,38,39,40,25;12,24,40,41,26,13;13,25,41,42,27,14;14,26,42,43,28;14,27,43,44,29,15;15,28,44,45,30,16;16,29,45,31,17;17,30,45,46,32,18;18,31,46,33,19;19,32,46,47,48,34;19,33,48,49,35,20;20,34,49,50,36,21;21,35,50,37,22;22,36,50,51,39,38;22,37,39,24,23;24,38,37,51,52,40;24,39,52,53,41,25;25,40,53,42,26;26,41,53,54,43,27;27,42,54,55,44,28;28,43,55,45,29;29,44,55,46,31,30;31,45,55,47,33,32;33,46,55,54,56,48;33,47,56,57,49,34;34,48,57,50,35;35,49,57,51,37,36;37,50,57,52,39;39,51,57,56,53,40;40,52,56,54,42,41;42,53,56,47,55,43;43,54,47,46,45,44;47,54,53,52,57,48;48,56,52,51,50,49
ipr58_120 58 1,2,3,4,5,6;0,6,7,8,9,2;0,1,9,10,11,3;0,2,11,12,13,4;0,3,13,14,15,5;0,4,15,16,17,6;0,5,17,18,7,1;1,6,18,19,20,8;1,7,20,21,9;1,8,21,22,10,2;2,9,22,23,24,11;2,10,24,12,3;3,11,24,25,26,13;3,12,26,27,14,4;4,13,27,28,29,15;4,14,29,16,5;5,15,29,30,31,17;5,16,31,18,6;6,17,31,32,19,7;7,18,32,33,20;7,19,33,34,21,8;8,20,34,35,22,9;9,21,35,36,23,10;10,22,36,37,38,24;10,23,38,25,12,11;12,24,38,39,40,26;12,25,40,41,27,13;13,26,41,42,28,14;14,27,42,43,29;14,28,43,30,16,15;16,29,43,44,31;16,30,44,32,18,17;18,31,44,45,33,19;19,32,45,46,34,20;20,33,46,47,35,21;21,34,47,48,36,22;22,35,48,37,23;23,36,48,49,39,38;23,37,39,25,24;25,38,37,49,50,40;25,39,50,51,41,26;26,40,51,52,42,27;27,41,52,53,43,28;28,42,53,44,30,29;30,43,53,45,32,31;32,44,53,54,46,33;33,45,54,55,47,34;34,46,55,56,48,35;35,47,56,49,37,36;37,48,56,50,39;39,49,56,57,51,40;40,50,57,52,41;41,51,57,54,53,42;42,52,54,45,44,43;45,53,52,57,55,46;46,54,57,56,47;47,55,57,50,49,48;50,56,55,54,52,51
ipr58_121 58 1,2,3,4,5,6;0,6,7,8,9,2;0,1,9,10,3;0,2,10,11,12,4;0,3,12,13,14,5;0,4,14,15,16,6;0,5,16,7,1;1,6,16,17,18,8;1,7,18,19,20,9;1,8,20,21,10,2;2,9,21,22,11,3;3,10,22,23,24,12;3,11,24,25,13,4;4,12,25,26,27,14;4,13,27,15,5;5,14,27,28,29,16;5,15,29,17,7,6;7,16,29,30,31,18;7,17,31,32,19,8;8,18,32,33,20;8,19,33,34,21,9;9,20,34,35,22,10;10,21,35,36,23,11;11,22,36,37,38,24;11,23,38,39,25,12;12,24,39,40,26,13;13,25,40,41,27;13,26,41,28,15,14;15,27,41,42,29;15,28,42,30,17,16;17,29,42,43,44,31;17,30,44,32,18;18,31,44,45,33,19;19,32,45,46,34,20;20,33,46,47,35,21;21,34,47,48,36,22;22,35,48,37,23;23,36,48,49,50,38;23,37,50,51,39,24;24,38,51,40,25;25,39,51,52,41,26;26,40,52,42,28,27;28,41,52,43,30,29;30,42,52,53,54,44;30,43,54,45,32,31;32,44,54,55,46,33;33,45,55,56,47,34;34,46,56,48,35;35,47,56,49,37,36;37,48,56,57,50;37,49,57,53,51,38;38,50,53,52,40,39;40,51,53,43,42,41;43,52,51,50,57,54;43,53,57,55,45,44;45,54,57,56,46;46,55,57,49,48,47;49,56,55,54,53,50
ipr58_122 58 1,2,3,4,5,6;0,6,7,8,9,2;0,1,9,10,11,3;0,2,11,12,13,4;0,3,13,14,15,5;0,4,15,16,17,6;0,5,17,18,7,1;1,6,18,19,20,8;1,7,20,21,9;1,8,21,22,10,2;2,9,22,23,24,11;2,10,24,25,12,3;3,11,25,26,13;3,12,26,27,14,4;4,13,27,28,29,15;4,14,29,16,5;5,15,29,30,31,17;5,16,31,18,6;6,17,31,32,19,7;7,18,32,33,20;7,19,33,34,21,8;8,20,34,35,22,9;9,21,35,36,23,10;10,22,36,37,38,24;10,23,38,39,25,11;11,24,39,40,26,12;12,25,40,41,27,13;13,26,41,28,14;14,27,41,42,43,29;14,28,43,30,16,15;16,29,43,44,31;16,30,44,32,18,17;18,31,44,45,33,19;19,32,45,46,34,20;20,33,46,47,35,21;21,34,47,48,36,22;22,35,48,37,23;23,36,48,49,50,38;23,37,50,39,24;24,38,50,51,40,25;25,39,51,52,41,26;26,40,52,42,28,27;28,41,52,53,54,43;28,42,54,44,30,29;30,43,54,45,32,31;32,44,54,55,46,33;33,45,55,56,47,34;34,46,56,48,35;35,47,56,49,37,36;37,48,56,57,50;37,49,57,51,39,38;39,50,57,53,52,40;40,51,53,42,41;42,52,51,57,55,54;42,53,55,45,44,43;45,54,53,57,56,46;46,55,57,49,48,47;49,56,55,53,51,50
ipr58_123 58 1,2,3,4,5,6;0,6,7,8,9,2;0,1,9,10,11,3;0,2,11,12,13,4;0,3,13,14,15,5;0,4,15,16,17,6;0,5,17,18,7,1;1,6,18,19,20,8;1,7,20,21,22,9;1,8,22,10,2;2,9,22,23,24,11;2,10,24,25,12,3;3,11,25,26,27,13;3,12,27,28,14,4;4,13,28,29,30,15;4,14,30,16,5;5,15,30,31,32,17;5,16,32,18,6;6,17,32,33,19,7;7,18,33,34,35,20;7,19,35,36,21,8;8,20,36,37,38,22;8,21,38,23,10,9;10,22,38,39,40,24;10,23,40,41,25,11;11,24,41,26,12;12,25,41,42,43,27;12,26,43,28,13;13,27,43,44,29,14;14,28,44,45,46,30;14,29,46,31,16,15;16,30,46,47,32;16,31,47,33,18,17;18,32,47,34,19;19,33,47,48,49,35;19,34,49,50,36,20;20,35,50,51,37,21;21,36,51,52,39,38;21,37,39,23,22;23,38,37,52,53,40;23,39,53,41,24;24,40,53,42,26,25;26,41,53,54,55,43;26,42,55,44,28,27;28,43,55,56,45,29;29,44,56,48,46;29,45,48,47,31,30;31,46,48,34,33,32;34,47,46,45,56,49;34,48,56,57,50,35;35,49,57,51,36;36,50,57,54,52,37;37,51,54,53,39;39,52,54,42,41,40;42,53,52,51,57,55;42,54,57,56,44,43;44,55,57,49,48,45;49,56,55,54,51,50
ipr58_124 58 1,2,3,4,5,6;0,6,7,8,9,2;0,1,9,10,11,3;0,2,11,12,13,4;0,3,13,14,15,5;0,4,15,16,17,6;0,5,17,18,7,1;1,6,18,19,20,8;1,7,20,21,22,9;1,8,22,10,2;2,9,22,23,24,11;2,10,24,25,12,3;3,11,25,26,27,13;3,12,27,28,14,4;4,13,28,29,30,15;4,14,30,16,5;5,15,30,31,32,17;5,16,32,18,6;6,17,32,33,19,7;7,18,33,34,35,20;7,19,35,36,21,8;8,20,36,37,38,22;8,21,38,23,10,9;10,22,38,39,40,24;10,23,40,41,25,11;11,24,41,26,12;12,25,41,42,43,27;12,26,43,44,28,13;13,27,44,45,29,14;14,28,45,46,30;14,29,46,31,16,15;16,30,46,47,32;16,31,47,33,18,17;18,32,47,48,34,19;19,33,48,49,50,35;19,34,50,51,36,20;20,35,51,37,21;21,36,51,52,39,38;21,37,39,23,22;23,38,37,52,53,40;23,39,53,41,24;24,40,53,42,26,25;26,41,53,54,55,43;26,42,55,56,44,27;27,43,56,45,28;28,44,56,57,46,29;29,45,57,47,31,30;31,46,57,48,33,32;33,47,57,49,34;34,48,57,56,55,50;34,49,55,54,51,35;35,50,54,52,37,36;37,51,54,53,39;39,52,54,42,41,40;42,53,52,51,50,55;42,54,50,49,56,43;43,55,49,57,45,44;45,56,49,48,47,46
ipr58_125 58 1,2,3,4,5,6;0,6,7,8,9,2;0,1,9,10,11,3;0,2,11,12,13,4;0,3,13,14,5;0,4,14,15,16,6;0,5,16,17,7,1;1,6,17,18,19,8;1,7,19,20,9;1,8,20,21,10,2;2,9,21,22,23,11;2,10,23,24,12,3;3,11,24,25,26,13;3,12,26,27,14,4;4,13,27,28,15,5;5,14,28,29,30,16;5,15,30,17,6;6,16,30,31,18,7;7,17,31,32,33,19;7,18,33,34,20,8;8,19,34,35,21,9;9,20,35,36,22,10;10,21,36,37,38,23;10,22,38,39,24,11;11,23,39,25,12;12,24,39,40,41,26;12,25,41,27,13;13,26,41,42,28,14;14,27,42,29,15;15,28,42,43,44,30;15,29,44,31,17,16;17,30,44,45,32,18;18,31,45,46,33;18,32,46,47,34,19;19,33,47,35,20;20,34,47,48,36,21;21,35,48,37,22;22,36,48,49,50,38;22,37,50,51,39,23;23,38,51,40,25,24;25,39,51,52,53,41;25,40,53,42,27,26;27,41,53,43,29,28;29,42,53,52,54,44;29,43,54,45,31,30;31,44,54,55,46,32;32,45,55,56,47,33;33,46,56,48,35,34;35,47,56,49,37,36;37,48,56,55,57,50;37,49,57,51,38;38,50,57,52,40,39;40,51,57,54,43,53;40,52,43,42,41;43,52,57,55,45,44;45,54,57,49,56,46;46,55,49,48,47;49,55,54,52,51,50
ipr58_126 58 1,2,3,4,5,6;0,6,7,8,9,2;0,1,9,10,11,3;0,2,11,12,13,4;0,3,13,14,5;0,4,14,15,16,6;0,5,16,17,7,1;1,6,17,18,19,8;1,7,19,20,9;1,8,20,21,10,2;2,9,21,22,23,11;2,10,23,24,12,3;3,11,24,25,26,13;3,12,26,27,14,4;4,13,27,28,15,5;5,14,28,29,30,16;5,15,30,31,17,6;6,16,31,18,7;7,17,31,32,33,19;7,18,33,34,20,8;8,19,34,35,21,9;9,20,35,22,10;10,21,35,36,37,23;10,22,37,38,24,11;11,23,38,25,12;12,24,38,39,40,26;12,25,40,27,13;13,26,40,41,28,14;14,27,41,29,15;15,28,41,42,43,30;15,29,43,44,31,16;16,30,44,32,18,17;18,31,44,45,46,33;18,32,46,34,19;19,33,46,47,35,20;20,34,47,36,22,21;22,35,47,48,49,37;22,36,49,50,38,23;23,37,50,39,25,24;25,38,50,51,52,40;25,39,52,41,27,26;27,40,52,42,29,28;29,41,52,51,53,43;29,42,53,54,44,30;30,43,54,45,32,31;32,44,54,55,46;32,45,55,47,34,33;34,46,55,48,36,35;36,47,55,56,49;36,48,56,57,50,37;37,49,57,51,39,38;39,50,57,53,42,52;39,51,42,41,40;42,51,57,56,54,43;43,53,56,55,45,44;45,54,56,48,47,46;48,55,54,53,57,49;49,56,53,51,50
ipr58_127 58 1,2,3,4,5,6;0,6,7,8,9,2;0,1,9,10,11,3;0,2,11,12,13,4;0,3,13,14,5;0,4,14,15,16,6;0,5,16,17,7,1;1,6,17,18,19,8;1,7,19,20,9;1,8,20,21,10,2;2,9,21,22,23,11;2,10,23,24,12,3;3,11,24,25,26,13;3,12,26,27,14,4;4,13,27,28,15,5;5,14,28,29,30,16;5,15,30,17,6;6,16,30,31,18,7;7,17,31,32,33,19;7,18,33,34,20,8;8,19,34,35,21,9;9,20,35,22,10;10,21,35,36,37,23;10,22,37,38,24,11;11,23,38,25,12;12,24,38,39,40,26;12,25,40,27,13;13,26,40,41,28,14;14,27,41,29,15;15,28,41,42,43,30;15,29,43,31,17,16;17,30,43,44,32,18;18,31,44,45,46,33;18,32,46,47,34,19;19,33,47,35,20;20,34,47,36,22,21;22,35,47,48,49,37;22,36,49,50,38,23;23,37,50,39,25,24;25,38,50,51,52,40;25,39,52,41,27,26;27,40,52,42,29,28;29,41,52,53,54,43;29,42,54,44,31,30;31,43,54,45,32;32,44,54,55,56,46;32,45,56,48,47,33;33,46,48,36,35,34;36,47,46,56,49;36,48,56,57,50,37;37,49,57,51,39,38;39,50,57,55,53,52;39,51,53,42,41,40;42,52,51,55,54;42,53,55,45,44,43;45,54,53,51,57,56;45,55,57,49,48,46;49,56,55,51,50
ipr58_128 58 1,2,3,4,5,6;0,6,7,8,9,2;0,1,9,10,11,3;0,2,11,12,13,4;0,3,13,14,5;0,4,14,15,16,6;0,5,16,17,7,1;1,6,17,18,19,8;1,7,19,20,9;1,8,20,21,10,2;2,9,21,22,23,11;2,10,23,24,12,3;3,11,24,25,26,13;3,12,26,27,14,4;4,13,27,28,15,5;5,14,28,29,30,16;5,15,30,17,6;6,16,30,31,18,7;7,17,31,32,33,19;7,18,33,34,20,8;8,19,34,35,21,9;9,20,35,22,10;10,21,35,36,37,23;10,22,37,38,24,11;11,23,38,25,12;12,24,38,39,40,26;12,25,40,27,13;13,26,40,41,28,14;14,27,41,42,29,15;15,28,42,43,30;15,29,43,31,17,16;17,30,43,44,32,18;18,31,44,45,46,33;18,32,46,47,34,19;19,33,47,35,20;20,34,47,36,22,21;22,35,47,48,49,37;22,36,49,50,38,23;23,37,50,39,25,24;25,38,50,51,52,40;25,39,52,41,27,26;27,40,52,53,42,28;28,41,53,54,43,29;29,42,54,44,31,30;31,43,54,45,32;32,44,54,55,56,46;32,45,56,48,47,33;33,46,48,36,35,34;36,47,46,56,49;36,48,56,57,50,37;37,49,57,51,39,38;39,50,57,55,53,52;39,51,53,41,40;41,52,51,55,54,42;42,53,55,45,44,43;45,54,53,51,57,56;45,55,57,49,48,46;49,56,55,51,50
ipr58_129 58 1,2,3,4,5,6;0,6,7,8,9,2;0,1,9,10,11,3;0,2,11,12,4;0,3,12,13,14,5;0,4,14,15,16,6;0,5,16,17,7,1;1,6,17,18,19,8;1,7,19,20,9;1,8,20,21,10,2;2,9,21,22,23,11;2,10,23,24,12,3;3,11,24,25,13,4;4,12,25,26,27,14;4,13,27,28,15,5;5,14,28,29,30,16;5,15,30,17,6;6,16,30,31,18,7;7,17,31,32,33,19;7,18,33,34,20,8;8,19,34,35,21,9;9,20,35,36,22,10;10,21,36,37,38,23;10,22,38,39,24,11;11,23,39,25,12;12,24,39,40,26,13;13,25,40,41,27;13,26,41,42,28,14;14,27,42,43,29,15;15,28,43,44,30;15,29,44,31,17,16;17,30,44,45,32,18;18,31,45,46,33;18,32,46,47,34,19;19,33,47,35,20;20,34,47,48,36,21;21,35,48,37,22;22,36,48,49,50,38;22,37,50,51,39,23;23,38,51,40,25,24;25,39,51,52,41,26;26,40,52,53,42,27;27,41,53,43,28;28,42,53,54,44,29;29,43,54,45,31,30;31,44,54,55,46,32;32,45,55,56,47,33;33,46,56,48,35,34;35,47,56,49,37,36;37,48,56,55,57,50;37,49,57,52,51,38;38,50,52,40,39;40,51,50,57,53,41;41,52,57,54,43,42;43,53,57,55,45,44;45,54,57,49,56,46;46,55,49,48,47;49,55,54,53,52,50
ipr58_130 58 1,2,3,4,5,6;0,6,7,8,9,2;0,1,9,10,11,3;0,2,11,12,4;0,3,12,13,14,5;0,4,14,15,16,6;0,5,16,17,7,1;1,6,17,18,19,8;1,7,19,20,9;1,8,20,21,10,2;2,9,21,22,23,11;2,10,23,24,12,3;3,11,24,25,13,4;4,12,25,26,14;4,13,26,27,15,5;5,14,27,28,29,16;5,15,29,30,17,6;6,16,30,18,7;7,17,30,31,32,19;7,18,32,33,20,8;8,19,33,34,21,9;9,20,34,35,22,10;10,21,35,36,37,23;10,22,37,38,24,11;11,23,38,25,12;12,24,38,39,26,13;13,25,39,40,27,14;14,26,40,41,28,15;15,27,41,42,29;15,28,42,43,30,16;16,29,43,31,18,17;18,30,43,44,45,32;18,31,45,33,19;19,32,45,46,34,20;20,33,46,47,35,21;21,34,47,36,22;22,35,47,48,49,37;22,36,49,50,38,23;23,37,50,39,25,24;25,38,50,51,40,26;26,39,51,41,27;27,40,51,52,42,28;28,41,52,53,43,29;29,42,53,44,31,30;31,43,53,54,45;31,44,54,46,33,32;33,45,54,55,47,34;34,46,55,48,36,35;36,47,55,56,57,49;36,48,57,50,37;37,49,57,51,39,38;39,50,57,52,41,40;41,51,57,56,53,42;42,52,56,54,44,43;44,53,56,55,46,45;46,54,56,48,47;48,55,54,53,52,57;48,56,52,51,50,49
ipr58_131 58 1,2,3,4,5,6;0,6,7,8,9,2;0,1,9,10,11,3;0,2,11,12,4;0,3,12,13,14,5;0,4,14,15,16,6;0,5,16,17,7,1;1,6,17,18,19,8;1,7,19,20,9;1,8,20,21,10,2;2,9,21,22,23,11;2,10,23,24,12,3;3,11,24,25,13,4;4,12,25,26,14;4,13,26,27,15,5;5,14,27,28,29,16;5,15,29,17,6;6,16,29,30,18,7;7,17,30,31,32,19;7,18,32,33,20,8;8,19,33,34,21,9;9,20,34,35,22,10;10,21,35,36,37,23;10,22,37,38,24,11;11,23,38,25,12;12,24,38,39,26,13;13,25,39,40,27,14;14,26,40,41,28,15;15,27,41,42,29;15,28,42,30,17,16;17,29,42,43,31,18;18,30,43,44,32;18,31,44,45,33,19;19,32,45,34,20;20,33,45,46,35,21;21,34,46,36,22;22,35,46,47,48,37;22,36,48,49,38,23;23,37,49,39,25,24;25,38,49,50,40,26;26,39,50,51,41,27;27,40,51,52,42,28;28,41,52,43,30,29;30,42,52,53,44,31;31,43,53,54,45,32;32,44,54,46,34,33;34,45,54,47,36,35;36,46,54,55,56,48;36,47,56,49,37;37,48,56,50,39,38;39,49,56,57,51,40;40,50,57,52,41;41,51,57,53,43,42;43,52,57,55,54,44;44,53,55,47,46,45;47,54,53,57,56;47,55,57,50,49,48;50,56,55,53,52,51
ipr58_132 58 1,2,3,4,5,6;0,6,7,8,9,2;0,1,9,10,11,3;0,2,11,12,4;0,3,12,13,14,5;0,4,14,15,16,6;0,5,16,17,7,1;1,6,17,18,19,8;1,7,19,20,9;1,8,20,21,10,2;2,9,21,22,23,11;2,10,23,24,12,3;3,11,24,25,13,4;4,12,25,26,14;4,13,26,27,15,5;5,14,27,28,29,16;5,15,29,17,6;6,16,29,30,18,7;7,17,30,31,32,19;7,18,32,33,20,8;8,19,33,34,21,9;9,20,34,35,22,10;10,21,35,36,37,23;10,22,37,38,24,11;11,23,38,25,12;12,24,38,39,26,13;13,25,39,40,27,14;14,26,40,41,28,15;15,27,41,42,43,29;15,28,43,30,17,16;17,29,43,44,31,18;18,30,44,45,32;18,31,45,46,33,19;19,32,46,34,20;20,33,46,47,35,21;21,34,47,36,22;22,35,47,48,49,37;22,36,49,50,38,23;23,37,50,39,25,24;25,38,50,51,40,26;26,39,51,41,27;27,40,51,52,42,28;28,41,52,53,43;28,42,53,44,30,29;30,43,53,54,45,31;31,44,54,55,46,32;32,45,55,47,34,33;34,46,55,48,36,35;36,47,55,56,57,49;36,48,57,50,37;37,49,57,51,39,38;39,50,57,52,41,40;41,51,57,56,53,42;42,52,56,54,44,43;44,53,56,55,45;45,54,56,48,47,46;48,55,54,53,52,57;48,56,52,51,50,49
ipr58_133 58 1,2,3,4,5,6;0,6,7,8,9,2;0,1,9,10,11,3;0,2,11,12,4;0,3,12,13,14,5;0,4,14,15,16,6;0,5,16,17,7,1;1,6,17,18,19,8;1,7,19,20,21,9;1,8,21,22,10,2;2,9,22,23,24,11;2,10,24,25,12,3;3,11,25,26,13,4;4,12,26,27,14;4,13,27,28,15,5;5,14,28,29,30,16;5,15,30,31,17,6;6,16,31,18,7;7,17,31,32,33,19;7,18,33,34,20,8;8,19,34,35,21;8,20,35,36,22,9;9,21,36,23,10;10,22,36,37,38,24;10,23,38,39,25,11;11,24,39,26,12;12,25,39,40,27,13;13,26,40,41,28,14;14,27,41,42,29,15;15,28,42,43,30;15,29,43,44,31,16;16,30,44,32,18,17;18,31,44,45,46,33;18,32,46,34,19;19,33,46,47,35,20;20,34,47,48,36,21;21,35,48,37,23,22;23,36,48,49,50,38;23,37,50,51,39,24;24,38,51,40,26,25;26,39,51,52,41,27;27,40,52,42,28;28,41,52,53,43,29;29,42,53,54,44,30;30,43,54,45,32,31;32,44,54,55,46;32,45,55,47,34,33;34,46,55,49,48,35;35,47,49,37,36;37,48,47,55,56,50;37,49,56,57,51,38;38,50,57,52,40,39;40,51,57,53,42,41;42,52,57,56,54,43;43,53,56,55,45,44;45,54,56,49,47,46;49,55,54,53,57,50;50,56,53,52,51
ipr58_134 58 1,2,3,4,5,6;0,6,7,8,9,2;0,1,9,10,11,3;0,2,11,12,4;0,3,12,13,14,5;0,4,14,15,16,6;0,5,16,17,7,1;1,6,17,18,19,8;1,7,19,20,9;1,8,20,21,10,2;2,9,21,22,23,11;2,10,23,24,12,3;3,11,24,25,13,4;4,12,25,26,14;4,13,26,27,15,5;5,14,27,28,29,16;5,15,29,30,17,6;6,16,30,18,7;7,17,30,31,32,19;7,18,32,33,20,8;8,19,33,34,21,9;9,20,34,35,22,10;10,21,35,36,37,23;10,22,37,38,24,11;11,23,38,25,12;12,24,38,39,26,13;13,25,39,40,27,14;14,26,40,41,28,15;15,27,41,42,29;15,28,42,43,30,16;16,29,43,31,18,17;18,30,43,44,45,32;18,31,45,33,19;19,32,45,46,34,20;20,33,46,35,21;21,34,46,47,36,22;22,35,47,48,49,37;22,36,49,50,38,23;23,37,50,39,25,24;25,38,50,51,40,26;26,39,51,41,27;27,40,51,52,42,28;28,41,52,53,43,29;29,42,53,44,31,30;31,43,53,54,55,45;31,44,55,46,33,32;33,45,55,47,35,34;35,46,55,54,48,36;36,47,54,56,49;36,48,56,57,50,37;37,49,57,51,39,38;39,50,57,52,41,40;41,51,57,56,53,42;42,52,56,54,44,43;44,53,56,48,47,55;44,54,47,46,45;48,54,53,52,57,49;49,56,52,51,50
ipr58_135 58 1,2,3,4,5,6;0,6,7,8,9,2;0,1,9,10,11,3;0,2,11,12,4;0,3,12,13,14,5;0,4,14,15,16,6;0,5,16,17,7,1;1,6,17,18,19,8;1,7,19,20,9;1,8,20,21,10,2;2,9,21,22,23,11;2,10,23,24,12,3;3,11,24,25,13,4;4,12,25,26,14;4,13,26,27,15,5;5,14,27,28,29,16;5,15,29,30,17,6;6,16,30,18,7;7,17,30,31,32,19;7,18,32,33,20,8;8,19,33,34,21,9;9,20,34,22,10;10,21,34,35,36,23;10,22,36,37,24,11;11,23,37,25,12;12,24,37,38,26,13;13,25,38,39,27,14;14,26,39,40,28,15;15,27,40,41,42,29;15,28,42,43,30,16;16,29,43,31,18,17;18,30,43,44,32;18,31,44,45,33,19;19,32,45,46,34,20;20,33,46,35,22,21;22,34,46,47,48,36;22,35,48,49,37,23;23,36,49,38,25,24;25,37,49,50,39,26;26,38,50,40,27;27,39,50,51,41,28;28,40,51,52,53,42;28,41,53,43,29;29,42,53,44,31,30;31,43,53,54,45,32;32,44,54,55,46,33;33,45,55,47,35,34;35,46,55,56,48;35,47,56,57,49,36;36,48,57,50,38,37;38,49,57,51,40,39;40,50,57,56,52,41;41,51,56,55,54,53;41,52,54,44,43,42;44,53,52,55,45;45,54,52,56,47,46;47,55,52,51,57,48;48,56,51,50,49
ipr58_136 58 1,2,3,4,5,6;0,6,7,8,9,2;0,1,9,10,11,3;0,2,11,12,4;0,3,12,13,14,5;0,4,14,15,16,6;0,5,16,17,7,1;1,6,17,18,19,8;1,7,19,20,9;1,8,20,21,10,2;2,9,21,22,23,11;2,10,23,24,12,3;3,11,24,25,13,4;4,12,25,26,14;4,13,26,27,15,5;5,14,27,28,29,16;5,15,29,30,17,6;6,16,30,18,7;7,17,30,31,32,19;7,18,32,33,20,8;8,19,33,34,21,9;9,20,34,22,10;10,21,34,35,36,23;10,22,36,37,24,11;11,23,37,25,12;12,24,37,38,26,13;13,25,38,39,27,14;14,26,39,40,28,15;15,27,40,41,29;15,28,41,42,30,16;16,29,42,31,18,17;18,30,42,43,44,32;18,31,44,33,19;19,32,44,45,34,20;20,33,45,35,22,21;22,34,45,46,47,36;22,35,47,48,37,23;23,36,48,38,25,24;25,37,48,49,39,26;26,38,49,50,40,27;27,39,50,51,41,28;28,40,51,52,42,29;29,41,52,43,31,30;31,42,52,53,54,44;31,43,54,45,33,32;33,44,54,46,35,34;35,45,54,55,47;35,46,55,56,48,36;36,47,56,49,38,37;38,48,56,57,50,39;39,49,57,51,40;40,50,57,53,52,41;41,51,53,43,42;43,52,51,57,55,54;43,53,55,46,45,44;46,54,53,57,56,47;47,55,57,49,48;49,56,55,53,51,50
ipr58_137 58 1,2,3,4,5,6;0,6,7,8,9,2;0,1,9,10,11,3;0,2,11,12,4;0,3,12,13,14,5;0,4,14,15,16,6;0,5,16,17,7,1;1,6,17,18,19,8;1,7,19,20,9;1,8,20,21,10,2;2,9,21,22,23,11;2,10,23,24,12,3;3,11,24,25,13,4;4,12,25,26,14;4,13,26,27,15,5;5,14,27,28,29,16;5,15,29,30,17,6;6,16,30,31,18,7;7,17,31,32,33,19;7,18,33,34,20,8;8,19,34,35,21,9;9,20,35,22,10;10,21,35,36,37,23;10,22,37,38,24,11;11,23,38,25,12;12,24,38,39,26,13;13,25,39,40,27,14;14,26,40,41,28,15;15,27,41,42,43,29;15,28,43,44,30,16;16,29,44,31,17;17,30,44,45,32,18;18,31,45,46,33;18,32,46,47,34,19;19,33,47,35,20;20,34,47,36,22,21;22,35,47,48,49,37;22,36,49,50,38,23;23,37,50,39,25,24;25,38,50,51,40,26;26,39,51,41,27;27,40,51,52,42,28;28,41,52,53,43;28,42,53,54,44,29;29,43,54,45,31,30;31,44,54,55,46,32;32,45,55,48,47,33;33,46,48,36,35,34;36,47,46,55,56,49;36,48,56,57,50,37;37,49,57,51,39,38;39,50,57,52,41,40;41,51,57,56,53,42;42,52,56,55,54,43;43,53,55,45,44;45,54,53,56,48,46;48,55,53,52,57,49;49,56,52,51,50
ipr58_138 58 1,2,3,4,5,6;0,6,7,8,9,2;0,1,9,10,11,3;0,2,11,12,4;0,3,12,13,14,5;0,4,14,15,16,6;0,5,16,17,7,1;1,6,17,18,19,8;1,7,19,20,9;1,8,20,21,10,2;2,9,21,22,23,11;2,10,23,24,12,3;3,11,24,25,13,4;4,12,25,26,14;4,13,26,27,15,5;5,14,27,28,29,16;5,15,29,30,17,6;6,16,30,18,7;7,17,30,31,32,19;7,18,32,33,20,8;8,19,33,34,21,9;9,20,34,22,10;10,21,34,35,36,23;10,22,36,37,24,11;11,23,37,25,12;12,24,37,38,26,13;13,25,38,39,27,14;14,26,39,40,28,15;15,27,40,41,42,29;15,28,42,43,30,16;16,29,43,31,18,17;18,30,43,44,45,32;18,31,45,33,19;19,32,45,46,34,20;20,33,46,35,22,21;22,34,46,47,48,36;22,35,48,49,37,23;23,36,49,38,25,24;25,37,49,50,39,26;26,38,50,40,27;27,39,50,51,41,28;28,40,51,52,42;28,41,52,53,43,29;29,42,53,44,31,30;31,43,53,54,45;31,44,54,46,33,32;33,45,54,47,35,34;35,46,54,55,56,48;35,47,56,57,49,36;36,48,57,50,38,37;38,49,57,51,40,39;40,50,57,56,52,41;41,51,56,55,53,42;42,52,55,54,44,43;44,53,55,47,46,45;47,54,53,52,56;47,55,52,51,57,48;48,56,51,50,49
ipr58_139 58 1,2,3,4,5,6;0,6,7,8,9,2;0,1,9,10,11,3;0,2,11,12,4;0,3,12,13,14,5;0,4,14,15,16,6;0,5,16,17,7,1;1,6,17,18,19,8;1,7,19,20,9;1,8,20,21,10,2;2,9,21,22,23,11;2,10,23,24,12,3;3,11,24,25,13,4;4,12,25,26,14;4,13,26,27,15,5;5,14,27,28,29,16;5,15,29,30,17,6;6,16,30,18,7;7,17,30,31,32,19;7,18,32,33,20,8;8,19,33,34,21,9;9,20,34,22,10;10,21,34,35,36,23;10,22,36,37,24,11;11,23,37,38,25,12;12,24,38,39,26,13;13,25,39,40,27,14;14,26,40,41,28,15;15,27,41,42,29;15,28,42,43,30,16;16,29,43,31,18,17;18,30,43,44,45,32;18,31,45,33,19;19,32,45,46,34,20;20,33,46,35,22,21;22,34,46,47,48,36;22,35,48,49,37,23;23,36,49,38,24;24,37,49,50,39,25;25,38,50,51,40,26;26,39,51,41,27;27,40,51,52,42,28;28,41,52,53,43,29;29,42,53,44,31,30;31,43,53,54,45;31,44,54,46,33,32;33,45,54,47,35,34;35,46,54,55,56,48;35,47,56,49,36;36,48,56,50,38,37;38,49,56,57,51,39;39,50,57,52,41,40;41,51,57,55,53,42;42,52,55,54,44,43;44,53,55,47,46,45;47,54,53,52,57,56;47,55,57,50,49,48;50,56,55,52,51
ipr58_140 58 1,2,3,4,5,6;0,6,7,8,9,2;0,1,9,10,11,3;0,2,11,12,4;0,3,12,13,14,5;0,4,14,15,16,6;0,5,16,17,7,1;1,6,17,18,19,8;1,7,19,20,9;1,8,20,21,10,2;2,9,21,22,23,11;2,10,23,24,12,3;3,11,24,25,13,4;4,12,25,26,14;4,13,26,27,15,5;5,14,27,28,29,16;5,15,29,17,6;6,16,29,30,18,7;7,17,30,31,32,19;7,18,32,33,20,8;8,19,33,34,21,9;9,20,34,22,10;10,21,34,35,36,23;10,22,36,37,24,11;11,23,37,38,25,12;12,24,38,39,26,13;13,25,39,40,27,14;14,26,40,41,28,15;15,27,41,42,29;15,28,42,30,17,16;17,29,42,43,31,18;18,30,43,44,32;18,31,44,45,33,19;19,32,45,46,34,20;20,33,46,35,22,21;22,34,46,47,48,36;22,35,48,49,37,23;23,36,49,38,24;24,37,49,50,39,25;25,38,50,51,40,26;26,39,51,41,27;27,40,51,52,42,28;28,41,52,43,30,29;30,42,52,53,44,31;31,43,53,54,45,32;32,44,54,46,33;33,45,54,47,35,34;35,46,54,55,56,48;35,47,56,49,36;36,48,56,50,38,37;38,49,56,57,51,39;39,50,57,52,41,40;41,51,57,53,43,42;43,52,57,55,54,44;44,53,55,47,46,45;47,54,53,57,56;47,55,57,50,49,48;50,56,55,53,52,51
ipr58_141 58 1,2,3,4,5,6;0,6,7,8,9,2;0,1,9,10,11,3;0,2,11,12,4;0,3,12,13,14,5;0,4,14,15,16,6;0,5,16,17,7,1;1,6,17,18,19,8;1,7,19,20,9;1,8,20,21,10,2;2,9,21,22,23,11;2,10,23,24,12,3;3,11,24,25,13,4;4,12,25,26,14;4,13,26,27,15,5;5,14,27,28,29,16;5,15,29,17,6;6,16,29,30,18,7;7,17,30,31,32,19;7,18,32,33,20,8;8,19,33,34,21,9;9,20,34,22,10;10,21,34,35,36,23;10,22,36,37,24,11;11,23,37,38,25,12;12,24,38,39,26,13;13,25,39,40,27,14;14,26,40,41,28,15;15,27,41,42,29;15,28,42,30,17,16;17,29,42,43,31,18;18,30,43,44,45,32;18,31,45,46,33,19;19,32,46,34,20;20,33,46,35,22,21;22,34,46,47,48,36;22,35,48,49,37,23;23,36,49,38,24;24,37,49,50,39,25;25,38,50,51,40,26;26,39,51,52,41,27;27,40,52,53,42,28;28,41,53,43,30,29;30,42,53,44,31;31,43,53,54,55,45;31,44,55,47,46,32;32,45,47,35,34,33;35,46,45,55,56,48;35,47,56,49,36;36,48,56,50,38,37;38,49,56,57,51,39;39,50,57,54,52,40;40,51,54,53,41;41,52,54,44,43,42;44,53,52,51,57,55;44,54,57,56,47,45;47,55,57,50,49,48;50,56,55,54,51
ipr58_142 58 1,2,3,4,5,6;0,6,7,8,9,2;0,1,9,10,11,3;0,2,11,12,4;0,3,12,13,14,5;0,4,14,15,16,6;0,5,16,17,7,1;1,6,17,18,19,8;1,7,19,20,9;1,8,20,21,10,2;2,9,21,22,23,11;2,10,23,24,12,3;3,11,24,25,13,4;4,12,25,26,14;4,13,26,27,15,5;5,14,27,28,29,16;5,15,29,17,6;6,16,29,30,18,7;7,17,30,31,32,19;7,18,32,33,20,8;8,19,33,34,21,9;9,20,34,22,10;10,21,34,35,36,23;10,22,36,37,24,11;11,23,37,38,25,12;12,24,38,39,26,13;13,25,39,40,27,14;14,26,40,41,28,15;15,27,41,42,29;15,28,42,30,17,16;17,29,42,43,31,18;18,30,43,44,32;18,31,44,45,33,19;19,32,45,34,20;20,33,45,35,22,21;22,34,45,46,47,36;22,35,47,48,37,23;23,36,48,38,24;24,37,48,49,39,25;25,38,49,50,40,26;26,39,50,51,41,27;27,40,51,52,42,28;28,41,52,43,30,29;30,42,52,53,44,31;31,43,53,46,45,32;32,44,46,35,34,33;35,45,44,53,54,47;35,46,54,55,48,36;36,47,55,49,38,37;38,48,55,56,50,39;39,49,56,51,40;40,50,56,57,52,41;41,51,57,53,43,42;43,52,57,54,46,44;46,53,57,56,55,47;47,54,56,49,48;49,55,54,57,51,50;51,56,54,53,52
ipr58_143 58 1,2,3,4,5,6;0,6,7,8,9,2;0,1,9,10,11,3;0,2,11,12,13,4;0,3,13,14,15,5;0,4,15,16,17,6;0,5,17,18,7,1;1,6,18,19,20,8;1,7,20,21,22,9;1,8,22,23,10,2;2,9,23,24,11;2,10,24,25,12,3;3,11,25,26,27,13;3,12,27,28,14,4;4,13,28,29,30,15;4,14,30,16,5;5,15,30,31,32,17;5,16,32,18,6;6,17,32,33,19,7;7,18,33,34,20;7,19,34,35,21,8;8,20,35,36,22;8,21,36,37,23,9;9,22,37,38,24,10;10,23,38,39,25,11;11,24,39,40,26,12;12,25,40,41,27;12,26,41,42,28,13;13,27,42,43,29,14;14,28,43,44,30;14,29,44,31,16,15;16,30,44,45,32;16,31,45,33,18,17;18,32,45,46,34,19;19,33,46,47,35,20;20,34,47,48,36,21;21,35,48,49,37,22;22,36,49,38,23;23,37,49,50,39,24;24,38,50,40,25;25,39,50,51,41,26;26,40,51,52,42,27;27,41,52,53,43,28;28,42,53,54,44,29;29,43,54,45,31,30;31,44,54,46,33,32;33,45,54,55,47,34;34,46,55,56,48,35;35,47,56,57,49,36;36,48,57,50,38,37;38,49,57,51,40,39;40,50,57,52,41;41,51,57,56,53,42;42,52,56,55,54,43;43,53,55,46,45,44;46,54,53,56,47;47,55,53,52,57,48;48,56,52,51,50,49
ipr58_144 58 1,2,3,4,5,6;0,6,7,8,9,2;0,1,9,10,3;0,2,10,11,12,4;0,3,12,13,14,5;0,4,14,15,6;0,5,15,16,7,1;1,6,16,17,8;1,7,17,18,19,9;1,8,19,20,10,2;2,9,20,21,11,3;3,10,21,22,23,12;3,11,23,24,13,4;4,12,24,25,26,14;4,13,26,27,15,5;5,14,27,28,16,6;6,15,28,29,17,7;7,16,29,30,18,8;8,17,30,31,32,19;8,18,32,33,20,9;9,19,33,34,21,10;10,20,34,35,22,11;11,21,35,36,23;11,22,36,37,24,12;12,23,37,38,25,13;13,24,38,39,26;13,25,39,40,27,14;14,26,40,41,28,15;15,27,41,42,29,16;16,28,42,30,17;17,29,42,43,31,18;18,30,43,44,45,32;18,31,45,46,33,19;19,32,46,47,34,20;20,33,47,35,21;21,34,47,48,36,22;22,35,48,49,37,23;23,36,49,50,38,24;24,37,50,51,39,25;25,38,51,52,40,26;26,39,52,41,27;27,40,52,53,42,28;28,41,53,43,30,29;30,42,53,54,44,31;31,43,54,55,56,45;31,44,56,57,46,32;32,45,57,47,33;33,46,57,48,35,34;35,47,57,49,36;36,48,57,56,50,37;37,49,56,55,51,38;38,50,55,54,52,39;39,51,54,53,41,40;41,52,54,43,42;43,53,52,51,55,44;44,54,51,50,56;44,55,50,49,57,45;45,56,49,48,47,46
ipr58_145 58 1,2,3,4,5,6;0,6,7,8,9,2;0,1,9,10,3;0,2,10,11,12,4;0,3,12,13,14,5;0,4,14,15,16,6;0,5,16,17,7,1;1,6,17,18,19,8;1,7,19,20,9;1,8,20,21,10,2;2,9,21,22,11,3;3,10,22,23,24,12;3,11,24,25,13,4;4,12,25,26,27,14;4,13,27,15,5;5,14,27,28,29,16;5,15,29,30,17,6;6,16,30,31,18,7;7,17,31,32,19;7,18,32,33,20,8;8,19,33,34,21,9;9,20,34,35,22,10;10,21,35,36,23,11;11,22,36,37,24;11,23,37,38,25,12;12,24,38,39,26,13;13,25,39,40,27;13,26,40,28,15,14;15,27,40,41,29;15,28,41,42,30,16;16,29,42,43,31,17;17,30,43,44,32,18;18,31,44,45,33,19;19,32,45,46,34,20;20,33,46,47,35,21;21,34,47,36,22;22,35,47,48,37,23;23,36,48,49,38,24;24,37,49,50,39,25;25,38,50,51,40,26;26,39,51,41,28,27;28,40,51,52,42,29;29,41,52,43,30;30,42,52,53,44,31;31,43,53,54,45,32;32,44,54,46,33;33,45,54,55,47,34;34,46,55,48,36,35;36,47,55,49,37;37,48,55,56,50,38;38,49,56,57,51,39;39,50,57,52,41,40;41,51,57,53,43,42;43,52,57,56,54,44;44,53,56,55,46,45;46,54,56,49,48,47;49,55,54,53,57,50;50,56,53,52,51
ipr58_146 58 1,2,3,4,5,6;0,6,7,8,9,2;0,1,9,10,3;0,2,10,11,12,4;0,3,12,13,14,5;0,4,14,15,16,6;0,5,16,17,7,1;1,6,17,18,19,8;1,7,19,20,9;1,8,20,21,10,2;2,9,21,22,11,3;3,10,22,23,24,12;3,11,24,25,13,4;4,12,25,26,27,14;4,13,27,15,5;5,14,27,28,29,16;5,15,29,30,17,6;6,16,30,18,7;7,17,30,31,32,19;7,18,32,33,20,8;8,19,33,34,21,9;9,20,34,35,22,10;10,21,35,36,23,11;11,22,36,37,24;11,23,37,38,25,12;12,24,38,39,26,13;13,25,39,40,27;13,26,40,28,15,14;15,27,40,41,29;15,28,41,42,30,16;16,29,42,31,18,17;18,30,42,43,44,32;18,31,44,45,33,19;19,32,45,46,34,20;20,33,46,47,35,21;21,34,47,36,22;22,35,47,48,37,23;23,36,48,49,38,24;24,37,49,50,39,25;25,38,50,51,40,26;26,39,51,41,28,27;28,40,51,52,42,29;29,41,52,43,31,30;31,42,52,53,44;31,43,53,54,45,32;32,44,54,46,33;33,45,54,55,47,34;34,46,55,48,36,35;36,47,55,49,37;37,48,55,56,50,38;38,49,56,57,51,39;39,50,57,52,41,40;41,51,57,53,43,42;43,52,57,56,54,44;44,53,56,55,46,45;46,54,56,49,48,47;49,55,54,53,57,50;50,56,53,52,51
ipr58_147 58 1,2,3,4,5,6;0,6,7,8,9,2;0,1,9,10,3;0,2,10,11,12,4;0,3,12,13,14,5;0,4,14,15,16,6;0,5,16,17,7,1;1,6,17,18,19,8;1,7,19,20,21,9;1,8,21,22,10,2;2,9,22,23,11,3;3,10,23,24,25,12;3,11,25,26,13,4;4,12,26,27,28,14;4,13,28,15,5;5,14,28,29,30,16;5,15,30,17,6;6,16,30,31,18,7;7,17,31,32,33,19;7,18,33,34,20,8;8,19,34,35,36,21;8,20,36,37,22,9;9,21,37,23,10;10,22,37,38,24,11;11,23,38,39,40,25;11,24,40,41,26,12;12,25,41,42,27,13;13,26,42,43,28;13,27,43,29,15,14;15,28,43,44,30;15,29,44,31,17,16;17,30,44,32,18;18,31,44,45,46,33;18,32,46,47,34,19;19,33,47,48,35,20;20,34,48,49,36;20,35,49,50,37,21;21,36,50,38,23,22;23,37,50,51,39,24;24,38,51,52,40;24,39,52,53,41,25;25,40,53,54,42,26;26,41,54,45,43,27;27,42,45,44,29,28;29,43,45,32,31,30;32,44,43,42,54,46;32,45,54,55,47,33;33,46,55,56,48,34;34,47,56,57,49,35;35,48,57,51,50,36;36,49,51,38,37;38,50,49,57,52,39;39,51,57,56,53,40;40,52,56,55,54,41;41,53,55,46,45,42;46,54,53,56,47;47,55,53,52,57,48;48,56,52,51,49
ipr58_148 58 1,2,3,4,5,6;0,6,7,8,9,2;0,1,9,10,11,3;0,2,11,12,4;0,3,12,13,14,5;0,4,14,15,16,6;0,5,16,17,7,1;1,6,17,18,19,8;1,7,19,20,21,9;1,8,21,22,10,2;2,9,22,23,24,11;2,10,24,25,12,3;3,11,25,26,13,4;4,12,26,27,28,14;4,13,28,15,5;5,14,28,29,30,16;5,15,30,17,6;6,16,30,31,18,7;7,17,31,32,19;7,18,32,33,20,8;8,19,33,34,35,21;8,20,35,22,9;9,21,35,36,23,10;10,22,36,37,38,24;10,23,38,25,11;11,24,38,39,26,12;12,25,39,40,27,13;13,26,40,41,42,28;13,27,42,29,15,14;15,28,42,43,30;15,29,43,31,17,16;17,30,43,44,32,18;18,31,44,45,33,19;19,32,45,46,34,20;20,33,46,47,35;20,34,47,36,22,21;22,35,47,48,37,23;23,36,48,49,38;23,37,49,39,25,24;25,38,49,50,40,26;26,39,50,51,41,27;27,40,51,52,42;27,41,52,43,29,28;29,42,52,44,31,30;31,43,52,53,45,32;32,44,53,54,46,33;33,45,54,55,47,34;34,46,55,48,36,35;36,47,55,56,49,37;37,48,56,50,39,38;39,49,56,57,51,40;40,50,57,53,52,41;41,51,53,44,43,42;44,52,51,57,54,45;45,53,57,55,46;46,54,57,56,48,47;48,55,57,50,49;50,56,55,54,53,51
ipr58_149 58 1,2,3,4,5,6;0,6,7,8,9,2;0,1,9,10,11,3;0,2,11,12,4;0,3,12,13,14,5;0,4,14,15,16,6;0,5,16,7,1;1,6,16,17,18,8;1,7,18,19,20,9;1,8,20,21,10,2;2,9,21,22,23,11;2,10,23,24,12,3;3,11,24,25,13,4;4,12,25,26,27,14;4,13,27,28,15,5;5,14,28,29,30,16;5,15,30,17,7,6;7,16,30,31,18;7,17,31,32,19,8;8,18,32,33,34,20;8,19,34,35,21,9;9,20,35,36,22,10;10,21,36,37,38,23;10,22,38,24,11;11,23,38,39,25,12;12,24,39,40,26,13;13,25,40,41,42,27;13,26,42,43,28,14;14,27,43,44,29,15;15,28,44,45,30;15,29,45,31,17,16;17,30,45,46,32,18;18,31,46,47,33,19;19,32,47,48,34;19,33,48,49,35,20;20,34,49,36,21;21,35,49,50,37,22;22,36,50,51,38;22,37,51,39,24,23;24,38,51,40,25;25,39,51,52,41,26;26,40,52,53,42;26,41,53,54,43,27;27,42,54,44,28;28,43,54,55,45,29;29,44,55,46,31,30;31,45,55,47,32;32,46,55,56,48,33;33,47,56,57,49,34;34,48,57,50,36,35;36,49,57,52,51,37;37,50,52,40,39,38;40,51,50,57,53,41;41,52,57,56,54,42;42,53,56,55,44,43;44,54,56,47,46,45;47,55,54,53,57,48;48,56,53,52,50,49
ipr58_150 58 1,2,3,4,5,6;0,6,7,8,9,2;0,1,9,10,11,3;0,2,11,12,4;0,3,12,13,14,5;0,4,14,15,16,6;0,5,16,17,7,1;1,6,17,18,19,8;1,7,19,20,21,9;1,8,21,10,2;2,9,21,22,23,11;2,10,23,24,12,3;3,11,24,25,13,4;4,12,25,26,27,14;4,13,27,15,5;5,14,27,28,29,16;5,15,29,30,17,6;6,16,30,31,18,7;7,17,31,32,19;7,18,32,33,20,8;8,19,33,34,35,21;8,20,35,22,10,9;10,21,35,36,37,23;10,22,37,38,24,11;11,23,38,25,12;12,24,38,39,26,13;13,25,39,40,41,27;13,26,41,28,15,14;15,27,41,42,43,29;15,28,43,30,16;16,29,43,44,31,17;17,30,44,45,32,18;18,31,45,46,33,19;19,32,46,47,34,20;20,33,47,48,35;20,34,48,36,22,21;22,35,48,49,37;22,36,49,50,38,23;23,37,50,39,25,24;25,38,50,51,40,26;26,39,51,52,53,41;26,40,53,42,28,27;28,41,53,54,43;28,42,54,44,30,29;30,43,54,45,31;31,44,54,55,46,32;32,45,55,56,47,33;33,46,56,57,48,34;34,47,57,49,36,35;36,48,57,51,50,37;37,49,51,39,38;39,50,49,57,52,40;40,51,57,56,55,53;40,52,55,54,42,41;42,53,55,45,44,43;45,54,53,52,56,46;46,55,52,57,47;47,56,52,51,49,48
ipr58_151 58 1,2,3,4,5,6;0,6,7,8,9,2;0,1,9,10,11,3;0,2,11,12,4;0,3,12,13,14,5;0,4,14,15,16,6;0,5,16,17,7,1;1,6,17,18,19,8;1,7,19,20,21,9;1,8,21,10,2;2,9,21,22,23,11;2,10,23,24,12,3;3,11,24,25,13,4;4,12,25,26,27,14;4,13,27,28,15,5;5,14,28,29,30,16;5,15,30,31,17,6;6,16,31,32,18,7;7,17,32,33,19;7,18,33,34,20,8;8,19,34,35,21;8,20,35,22,10,9;10,21,35,36,37,23;10,22,37,38,24,11;11,23,38,25,12;12,24,38,39,26,13;13,25,39,40,41,27;13,26,41,28,14;14,27,41,42,29,15;15,28,42,43,44,30;15,29,44,31,16;16,30,44,45,32,17;17,31,45,46,33,18;18,32,46,47,34,19;19,33,47,48,35,20;20,34,48,36,22,21;22,35,48,49,37;22,36,49,50,38,23;23,37,50,39,25,24;25,38,50,51,40,26;26,39,51,52,53,41;26,40,53,42,28,27;28,41,53,54,43,29;29,42,54,55,44;29,43,55,45,31,30;31,44,55,46,32;32,45,55,56,47,33;33,46,56,57,48,34;34,47,57,49,36,35;36,48,57,51,50,37;37,49,51,39,38;39,50,49,57,52,40;40,51,57,56,54,53;40,52,54,42,41;42,53,52,56,55,43;43,54,56,46,45,44;46,55,54,52,57,47;47,56,52,51,49,48
ipr58_152 58 1,2,3,4,5,6;0,6,7,8,9,2;0,1,9,10,11,3;0,2,11,12,13,4;0,3,13,14,15,5;0,4,15,16,17,6;0,5,17,18,7,1;1,6,18,19,20,8;1,7,20,21,22,9;1,8,22,23,10,2;2,9,23,24,25,11;2,10,25,12,3;3,11,25,26,27,13;3,12,27,28,14,4;4,13,28,29,30,15;4,14,30,16,5;5,15,30,31,32,17;5,16,32,18,6;6,17,32,33,19,7;7,18,33,34,35,20;7,19,35,36,21,8;8,20,36,37,22;8,21,37,38,23,9;9,22,38,24,10;10,23,38,39,40,25;10,24,40,26,12,11;12,25,40,41,42,27;12,26,42,28,13;13,27,42,43,29,14;14,28,43,44,45,30;14,29,45,31,16,15;16,30,45,46,47,32;16,31,47,33,18,17;18,32,47,34,19;19,33,47,48,49,35;19,34,49,36,20;20,35,49,50,37,21;21,36,50,51,38,22;22,37,51,39,24,23;24,38,51,52,40;24,39,52,41,26,25;26,40,52,53,42;26,41,53,43,28,27;28,42,53,54,44,29;29,43,54,55,46,45;29,44,46,31,30;31,45,44,55,48,47;31,46,48,34,33,32;34,47,46,55,56,49;34,48,56,50,36,35;36,49,56,57,51,37;37,50,57,52,39,38;39,51,57,53,41,40;41,52,57,54,43,42;43,53,57,56,55,44;44,54,56,48,46;48,55,54,57,50,49;50,56,54,53,52,51
ipr58_153 58 1,2,3,4,5,6;0,6,7,8,9,2;0,1,9,10,11,3;0,2,11,12,4;0,3,12,13,14,5;0,4,14,15,16,6;0,5,16,17,7,1;1,6,17,18,19,8;1,7,19,20,21,9;1,8,21,10,2;2,9,21,22,23,11;2,10,23,24,12,3;3,11,24,25,13,4;4,12,25,26,27,14;4,13,27,15,5;5,14,27,28,29,16;5,15,29,17,6;6,16,29,30,18,7;7,17,30,31,32,19;7,18,32,33,20,8;8,19,33,34,21;8,20,34,22,10,9;10,21,34,35,36,23;10,22,36,37,24,11;11,23,37,38,25,12;12,24,38,39,26,13;13,25,39,40,41,27;13,26,41,28,15,14;15,27,41,42,43,29;15,28,43,30,17,16;17,29,43,31,18;18,30,43,44,45,32;18,31,45,46,33,19;19,32,46,47,34,20;20,33,47,35,22,21;22,34,47,48,49,36;22,35,49,50,37,23;23,36,50,38,24;24,37,50,51,39,25;25,38,51,52,40,26;26,39,52,53,42,41;26,40,42,28,27;28,41,40,53,44,43;28,42,44,31,30,29;31,43,42,53,54,45;31,44,54,55,46,32;32,45,55,48,47,33;33,46,48,35,34;35,47,46,55,56,49;35,48,56,50,36;36,49,56,51,38,37;38,50,56,57,52,39;39,51,57,54,53,40;40,52,54,44,42;44,53,52,57,55,45;45,54,57,56,48,46;48,55,57,51,50,49;51,56,55,54,52
ipr58_154 58 1,2,3,4,5,6;0,6,7,8,9,2;0,1,9,10,11,3;0,2,11,12,4;0,3,12,13,14,5;0,4,14,15,16,6;0,5,16,17,7,1;1,6,17,18,19,8;1,7,19,20,21,9;1,8,21,10,2;2,9,21,22,23,11;2,10,23,24,12,3;3,11,24,25,13,4;4,12,25,26,27,14;4,13,27,15,5;5,14,27,28,29,16;5,15,29,30,17,6;6,16,30,31,18,7;7,17,31,32,33,19;7,18,33,34,20,8;8,19,34,35,21;8,20,35,22,10,9;10,21,35,36,37,23;10,22,37,38,24,11;11,23,38,39,25,12;12,24,39,40,26,13;13,25,40,41,42,27;13,26,42,28,15,14;15,27,42,43,44,29;15,28,44,30,16;16,29,44,45,31,17;17,30,45,32,18;18,31,45,46,47,33;18,32,47,34,19;19,33,47,48,35,20;20,34,48,36,22,21;22,35,48,49,37;22,36,49,50,38,23;23,37,50,51,39,24;24,38,51,40,25;25,39,51,52,41,26;26,40,52,53,42;26,41,53,43,28,27;28,42,53,54,44;28,43,54,45,30,29;30,44,54,46,32,31;32,45,54,55,56,47;32,46,56,48,34,33;34,47,56,49,36,35;36,48,56,57,50,37;37,49,57,51,38;38,50,57,52,40,39;40,51,57,55,53,41;41,52,55,54,43,42;43,53,55,46,45,44;46,54,53,52,57,56;46,55,57,49,48,47;49,56,55,52,51,50
ipr58_155 58 1,2,3,4,5,6;0,6,7,8,9,2;0,1,9,10,11,3;0,2,11,12,13,4;0,3,13,14,15,5;0,4,15,16,17,6;0,5,17,18,7,1;1,6,18,19,20,8;1,7,20,21,22,9;1,8,22,10,2;2,9,22,23,24,11;2,10,24,25,12,3;3,11,25,26,27,13;3,12,27,14,4;4,13,27,28,29,15;4,14,29,16,5;5,15,29,30,31,17;5,16,31,18,6;6,17,31,32,19,7;7,18,32,33,34,20;7,19,34,35,21,8;8,20,35,36,37,22;8,21,37,23,10,9;10,22,37,38,39,24;10,23,39,25,11;11,24,39,40,26,12;12,25,40,41,42,27;12,26,42,28,14,13;14,27,42,43,44,29;14,28,44,30,16,15;16,29,44,45,46,31;16,30,46,32,18,17;18,31,46,33,19;19,32,46,47,48,34;19,33,48,35,20;20,34,48,49,36,21;21,35,49,50,38,37;21,36,38,23,22;23,37,36,50,51,39;23,38,51,40,25,24;25,39,51,52,41,26;26,40,52,53,54,42;26,41,54,43,28,27;28,42,54,55,45,44;28,43,45,30,29;30,44,43,55,47,46;30,45,47,33,32,31;33,46,45,55,56,48;33,47,56,49,35,34;35,48,56,57,50,36;36,49,57,51,38;38,50,57,52,40,39;40,51,57,53,41;41,52,57,56,55,54;41,53,55,43,42;43,54,53,56,47,45;47,55,53,57,49,48;49,56,53,52,51,50
ipr58_156 58 1,2,3,4,5,6;0,6,7,8,9,2;0,1,9,10,11,3;0,2,11,12,13,4;0,3,13,14,15,5;0,4,15,16,17,6;0,5,17,18,7,1;1,6,18,19,20,8;1,7,20,21,22,9;1,8,22,10,2;2,9,22,23,24,11;2,10,24,25,12,3;3,11,25,26,27,13;3,12,27,14,4;4,13,27,28,29,15;4,14,29,16,5;5,15,29,30,31,17;5,16,31,18,6;6,17,31,32,19,7;7,18,32,33,34,20;7,19,34,35,21,8;8,20,35,36,22;8,21,36,23,10,9;10,22,36,37,38,24;10,23,38,39,25,11;11,24,39,40,26,12;12,25,40,41,27;12,26,41,28,14,13;14,27,41,42,43,29;14,28,43,30,16,15;16,29,43,44,45,31;16,30,45,32,18,17;18,31,45,33,19;19,32,45,46,47,34;19,33,47,35,20;20,34,47,48,36,21;21,35,48,37,23,22;23,36,48,49,38;23,37,49,50,39,24;24,38,50,51,40,25;25,39,51,52,41,26;26,40,52,42,28,27;28,41,52,53,43;28,42,53,44,30,29;30,43,53,54,46,45;30,44,46,33,32,31;33,45,44,54,55,47;33,46,55,48,35,34;35,47,55,49,37,36;37,48,55,56,50,38;38,49,56,51,39;39,50,56,57,52,40;40,51,57,53,42,41;42,52,57,54,44,43;44,53,57,56,55,46;46,54,56,49,48,47;49,55,54,57,51,50;51,56,54,53,52
ipr58_157 58 1,2,3,4,5,6;0,6,7,8,9,2;0,1,9,10,11,3;0,2,11,12,13,4;0,3,13,14,15,5;0,4,15,16,17,6;0,5,17,18,7,1;1,6,18,19,20,8;1,7,20,21,22,9;1,8,22,10,2;2,9,22,23,24,11;2,10,24,25,12,3;3,11,25,26,27,13;3,12,27,14,4;4,13,27,28,29,15;4,14,29,16,5;5,15,29,30,31,17;5,16,31,18,6;6,17,31,32,19,7;7,18,32,33,34,20;7,19,34,35,21,8;8,20,35,36,22;8,21,36,23,10,9;10,22,36,37,38,24;10,23,38,39,25,11;11,24,39,26,12;12,25,39,40,41,27;12,26,41,28,14,13;14,27,41,42,43,29;14,28,43,30,16,15;16,29,43,44,45,31;16,30,45,32,18,17;18,31,45,33,19;19,32,45,46,47,34;19,33,47,48,35,20;20,34,48,49,36,21;21,35,49,37,23,22;23,36,49,50,38;23,37,50,51,39,24;24,38,51,40,26,25;26,39,51,52,53,41;26,40,53,42,28,27;28,41,53,54,44,43;28,42,44,30,29;30,43,42,54,46,45;30,44,46,33,32,31;33,45,44,54,55,47;33,46,55,48,34;34,47,55,56,49,35;35,48,56,50,37,36;37,49,56,52,51,38;38,50,52,40,39;40,51,50,56,57,53;40,52,57,54,42,41;42,53,57,55,46,44;46,54,57,56,48,47;48,55,57,52,50,49;52,56,55,54,53
ipr58_158 58 1,2,3,4,5,6;0,6,7,8,9,2;0,1,9,10,11,3;0,2,11,12,13,4;0,3,13,14,15,5;0,4,15,16,17,6;0,5,17,18,7,1;1,6,18,19,20,8;1,7,20,21,22,9;1,8,22,10,2;2,9,22,23,24,11;2,10,24,25,12,3;3,11,25,26,27,13;3,12,27,14,4;4,13,27,28,29,15;4,14,29,16,5;5,15,29,30,31,17;5,16,31,18,6;6,17,31,32,19,7;7,18,32,33,34,20;7,19,34,35,21,8;8,20,35,36,22;8,21,36,23,10,9;10,22,36,37,38,24;10,23,38,39,25,11;11,24,39,26,12;12,25,39,40,41,27;12,26,41,28,14,13;14,27,41,42,43,29;14,28,43,30,16,15;16,29,43,44,45,31;16,30,45,32,18,17;18,31,45,46,33,19;19,32,46,47,48,34;19,33,48,35,20;20,34,48,49,36,21;21,35,49,37,23,22;23,36,49,50,38;23,37,50,51,39,24;24,38,51,40,26,25;26,39,51,52,53,41;26,40,53,42,28,27;28,41,53,54,44,43;28,42,44,30,29;30,43,42,54,55,45;30,44,55,46,32,31;32,45,55,47,33;33,46,55,56,57,48;33,47,57,49,35,34;35,48,57,50,37,36;37,49,57,52,51,38;38,50,52,40,39;40,51,50,57,56,53;40,52,56,54,42,41;42,53,56,55,44;44,54,56,47,46,45;47,55,54,53,52,57;47,56,52,50,49,48
ipr58_159 58 1,2,3,4,5,6;0,6,7,8,9,2;0,1,9,10,11,3;0,2,11,12,13,4;0,3,13,14,15,5;0,4,15,16,17,6;0,5,17,18,7,1;1,6,18,19,20,8;1,7,20,21,9;1,8,21,22,10,2;2,9,22,23,24,11;2,10,24,25,12,3;3,11,25,26,27,13;3,12,27,14,4;4,13,27,28,29,15;4,14,29,16,5;5,15,29,30,31,17;5,16,31,18,6;6,17,31,32,19,7;7,18,32,33,20;7,19,33,34,21,8;8,20,34,35,22,9;9,21,35,36,23,10;10,22,36,37,38,24;10,23,38,39,25,11;11,24,39,26,12;12,25,39,40,41,27;12,26,41,28,14,13;14,27,41,42,43,29;14,28,43,30,16,15;16,29,43,44,45,31;16,30,45,32,18,17;18,31,45,46,33,19;19,32,46,47,34,20;20,33,47,48,35,21;21,34,48,36,22;22,35,48,49,37,23;23,36,49,50,38;23,37,50,51,39,24;24,38,51,40,26,25;26,39,51,52,53,41;26,40,53,42,28,27;28,41,53,54,44,43;28,42,44,30,29;30,43,42,54,55,45;30,44,55,46,32,31;32,45,55,56,47,33;33,46,56,48,34;34,47,56,49,36,35;36,48,56,57,50,37;37,49,57,52,51,38;38,50,52,40,39;40,51,50,57,54,53;40,52,54,42,41;42,53,52,57,55,44;44,54,57,56,46,45;46,55,57,49,48,47;49,56,55,54,52,50
ipr58_160 58 1,2,3,4,5,6;0,6,7,8,9,2;0,1,9,10,11,3;0,2,11,12,4;0,3,12,13,14,5;0,4,14,15,16,6;0,5,16,17,7,1;1,6,17,18,19,8;1,7,19,20,21,9;1,8,21,22,10,2;2,9,22,23,24,11;2,10,24,25,12,3;3,11,25,26,13,4;4,12,26,27,28,14;4,13,28,29,15,5;5,14,29,30,31,16;5,15,31,17,6;6,16,31,32,18,7;7,17,32,33,34,19;7,18,34,35,20,8;8,19,35,36,21;8,20,36,37,22,9;9,21,37,23,10;10,22,37,38,39,24;10,23,39,40,25,11;11,24,40,26,12;12,25,40,41,27,13;13,26,41,42,28;13,27,42,43,29,14;14,28,43,44,30,15;15,29,44,45,31;15,30,45,32,17,16;17,31,45,33,18;18,32,45,46,47,34;18,33,47,48,35,19;19,34,48,49,36,20;20,35,49,50,37,21;21,36,50,38,23,22;23,37,50,51,52,39;23,38,52,40,24;24,39,52,41,26,25;26,40,52,53,42,27;27,41,53,54,43,28;28,42,54,55,44,29;29,43,55,46,45,30;30,44,46,33,32,31;33,45,44,55,56,47;33,46,56,48,34;34,47,56,57,49,35;35,48,57,51,50,36;36,49,51,38,37;38,50,49,57,53,52;38,51,53,41,40,39;41,52,51,57,54,42;42,53,57,56,55,43;43,54,56,46,44;46,55,54,57,48,47;48,56,54,53,51,49
ipr58_161 58 1,2,3,4,5,6;0,6,7,8,9,2;0,1,9,10,11,3;0,2,11,12,4;0,3,12,13,14,5;0,4,14,15,16,6;0,5,16,17,7,1;1,6,17,18,19,8;1,7,19,20,21,9;1,8,21,10,2;2,9,21,22,23,11;2,10,23,24,12,3;3,11,24,25,13,4;4,12,25,26,27,14;4,13,27,28,15,5;5,14,28,29,30,16;5,15,30,17,6;6,16,30,31,18,7;7,17,31,32,33,19;7,18,33,34,20,8;8,19,34,35,36,21;8,20,36,22,10,9;10,21,36,37,38,23;10,22,38,24,11;11,23,38,39,25,12;12,24,39,40,26,13;13,25,40,41,27;13,26,41,42,28,14;14,27,42,43,29,15;15,28,43,44,30;15,29,44,31,17,16;17,30,44,32,18;18,31,44,45,46,33;18,32,46,47,34,19;19,33,47,48,35,20;20,34,48,49,37,36;20,35,37,22,21;22,36,35,49,50,38;22,37,50,39,24,23;24,38,50,51,40,25;25,39,51,52,41,26;26,40,52,53,42,27;27,41,53,54,43,28;28,42,54,45,44,29;29,43,45,32,31,30;32,44,43,54,55,46;32,45,55,47,33;33,46,55,56,48,34;34,47,56,57,49,35;35,48,57,50,37;37,49,57,51,39,38;39,50,57,52,40;40,51,57,56,53,41;41,52,56,55,54,42;42,53,55,45,43;45,54,53,56,47,46;47,55,53,52,57,48;48,56,52,51,50,49
ipr58_162 58 1,2,3,4,5,6;0,6,7,8,9,2;0,1,9,10,11,3;0,2,11,12,13,4;0,3,13,14,15,5;0,4,15,16,17,6;0,5,17,18,7,1;1,6,18,19,20,8;1,7,20,21,22,9;1,8,22,10,2;2,9,22,23,24,11;2,10,24,12,3;3,11,24,25,26,13;3,12,26,27,14,4;4,13,27,28,29,15;4,14,29,30,16,5;5,15,30,31,32,17;5,16,32,18,6;6,17,32,33,19,7;7,18,33,34,35,20;7,19,35,36,21,8;8,20,36,37,22;8,21,37,23,10,9;10,22,37,38,39,24;10,23,39,25,12,11;12,24,39,40,41,26;12,25,41,27,13;13,26,41,42,28,14;14,27,42,43,29;14,28,43,44,30,15;15,29,44,45,31,16;16,30,45,46,32;16,31,46,33,18,17;18,32,46,34,19;19,33,46,47,48,35;19,34,48,49,36,20;20,35,49,50,37,21;21,36,50,38,23,22;23,37,50,51,40,39;23,38,40,25,24;25,39,38,51,52,41;25,40,52,42,27,26;27,41,52,53,43,28;28,42,53,54,44,29;29,43,54,55,45,30;30,44,55,47,46,31;31,45,47,34,33,32;34,46,45,55,56,48;34,47,56,49,35;35,48,56,57,50,36;36,49,57,51,38,37;38,50,57,53,52,40;40,51,53,42,41;42,52,51,57,54,43;43,53,57,56,55,44;44,54,56,47,45;47,55,54,57,49,48;49,56,54,53,51,50
ipr58_163 58 1,2,3,4,5,6;0,6,7,8,2;0,1,8,9,10,3;0,2,10,11,12,4;0,3,12,13,14,5;0,4,14,15,16,6;0,5,16,17,7,1;1,6,17,18,19,8;1,7,19,20,9,2;2,8,20,21,22,10;2,9,22,23,11,3;3,10,23,24,25,12;3,11,25,26,13,4;4,12,26,27,28,14;4,13,28,29,15,5;5,14,29,30,16;5,15,30,31,17,6;6,16,31,32,18,7;7,17,32,33,34,19;7,18,34,20,8;8,19,34,35,21,9;9,20,35,36,37,22;9,21,37,23,10;10,22,37,38,24,11;11,23,38,39,40,25;11,24,40,41,26,12;12,25,41,27,13;13,26,41,42,43,28;13,27,43,29,14;14,28,43,44,30,15;15,29,44,45,31,16;16,30,45,32,17;17,31,45,46,33,18;18,32,46,47,48,34;18,33,48,35,20,19;20,34,48,49,36,21;21,35,49,50,51,37;21,36,51,38,23,22;23,37,51,39,24;24,38,51,52,53,40;24,39,53,41,25;25,40,53,42,27,26;27,41,53,54,55,43;27,42,55,44,29,28;29,43,55,56,45,30;30,44,56,46,32,31;32,45,56,47,33;33,46,56,57,49,48;33,47,49,35,34;35,48,47,57,50,36;36,49,57,54,52,51;36,50,52,39,38,37;39,51,50,54,53;39,52,54,42,41,40;42,53,52,50,57,55;42,54,57,56,44,43;44,55,57,47,46,45;47,56,55,54,50,49
ipr58_164 58 1,2,3,4,5,6;0,6,7,8,9,2;0,1,9,10,11,3;0,2,11,12,4;0,3,12,13,14,5;0,4,14,15,6;0,5,15,16,7,1;1,6,16,17,18,8;1,7,18,19,20,9;1,8,20,10,2;2,9,20,21,22,11;2,10,22,23,12,3;3,11,23,24,13,4;4,12,24,25,26,14;4,13,26,27,15,5;5,14,27,28,16,6;6,15,28,29,17,7;7,16,29,30,31,18;7,17,31,32,19,8;8,18,32,33,34,20;8,19,34,21,10,9;10,20,34,35,36,22;10,21,36,23,11;11,22,36,37,24,12;12,23,37,38,25,13;13,24,38,39,26;13,25,39,40,27,14;14,26,40,41,28,15;15,27,41,29,16;16,28,41,42,30,17;17,29,42,43,44,31;17,30,44,45,32,18;18,31,45,33,19;19,32,45,46,35,34;19,33,35,21,20;21,34,33,46,47,36;21,35,47,37,23,22;23,36,47,48,38,24;24,37,48,49,39,25;25,38,49,50,40,26;26,39,50,51,41,27;27,40,51,42,29,28;29,41,51,52,43,30;30,42,52,53,54,44;30,43,54,45,31;31,44,54,46,33,32;33,45,54,55,47,35;35,46,55,48,37,36;37,47,55,56,49,38;38,48,56,57,50,39;39,49,57,51,40;40,50,57,52,42,41;42,51,57,53,43;43,52,57,56,55,54;43,53,55,46,45,44;46,54,53,56,48,47;48,55,53,57,49;49,56,53,52,51,50
ipr58_165 58 1,2,3,4,5,6;0,6,7,8,2;0,1,8,9,10,3;0,2,10,11,12,4;0,3,12,13,14,5;0,4,14,15,6;0,5,15,16,7,1;1,6,16,17,18,8;1,7,18,19,9,2;2,8,19,20,21,10;2,9,21,11,3;3,10,21,22,23,12;3,11,23,24,13,4;4,12,24,25,26,14;4,13,26,27,15,5;5,14,27,28,16,6;6,15,28,29,17,7;7,16,29,30,31,18;7,17,31,32,19,8;8,18,32,20,9;9,19,32,33,34,21;9,20,34,22,11,10;11,21,34,35,23;11,22,35,36,24,12;12,23,36,37,25,13;13,24,37,38,26;13,25,38,39,27,14;14,26,39,40,28,15;15,27,40,29,16;16,28,40,41,30,17;17,29,41,42,43,31;17,30,43,44,32,18;18,31,44,33,20,19;20,32,44,45,46,34;20,33,46,35,22,21;22,34,46,47,36,23;23,35,47,48,37,24;24,36,48,49,38,25;25,37,49,50,39,26;26,38,50,51,40,27;27,39,51,41,29,28;29,40,51,52,42,30;30,41,52,53,54,43;30,42,54,44,31;31,43,54,45,33,32;33,44,54,55,47,46;33,45,47,35,34;35,46,45,55,48,36;36,47,55,56,49,37;37,48,56,57,50,38;38,49,57,51,39;39,50,57,52,41,40;41,51,57,53,42;42,52,57,56,55,54;42,53,55,45,44,43;45,54,53,56,48,47;48,55,53,57,49;49,56,53,52,51,50
ipr58_166 58 1,2,3,4,5,6;0,6,7,8,9,2;0,1,9,10,11,3;0,2,11,12,13,4;0,3,13,14,15,5;0,4,15,16,17,6;0,5,17,18,7,1;1,6,18,19,20,8;1,7,20,21,22,9;1,8,22,23,10,2;2,9,23,24,25,11;2,10,25,26,12,3;3,11,26,27,28,13;3,12,28,14,4;4,13,28,29,30,15;4,14,30,16,5;5,15,30,31,32,17;5,16,32,18,6;6,17,32,33,19,7;7,18,33,34,35,20;7,19,35,21,8;8,20,35,36,37,22;8,21,37,23,9;9,22,37,38,24,10;10,23,38,39,25;10,24,39,40,26,11;11,25,40,27,12;12,26,40,41,42,28;12,27,42,29,14,13;14,28,42,43,44,30;14,29,44,31,16,15;16,30,44,45,32;16,31,45,33,18,17;18,32,45,46,34,19;19,33,46,47,35;19,34,47,36,21,20;21,35,47,48,49,37;21,36,49,38,23,22;23,37,49,50,39,24;24,38,50,51,40,25;25,39,51,41,27,26;27,40,51,52,53,42;27,41,53,43,29,28;29,42,53,54,55,44;29,43,55,45,31,30;31,44,55,46,33,32;33,45,55,56,47,34;34,46,56,48,36,35;36,47,56,57,49;36,48,57,50,38,37;38,49,57,52,51,39;39,50,52,41,40;41,51,50,57,54,53;41,52,54,43,42;43,53,52,57,56,55;43,54,56,46,45,44;46,55,54,57,48,47;48,56,54,52,50,49
ipr58_167 58 1,2,3,4,5,6;0,6,7,8,9,2;0,1,9,10,11,3;0,2,11,12,13,4;0,3,13,14,15,5;0,4,15,16,17,6;0,5,17,18,7,1;1,6,18,19,20,8;1,7,20,21,22,9;1,8,22,23,10,2;2,9,23,24,25,11;2,10,25,26,12,3;3,11,26,27,28,13;3,12,28,14,4;4,13,28,29,30,15;4,14,30,16,5;5,15,30,31,32,17;5,16,32,18,6;6,17,32,33,19,7;7,18,33,34,35,20;7,19,35,21,8;8,20,35,36,37,22;8,21,37,38,23,9;9,22,38,39,24,10;10,23,39,40,25;10,24,40,41,26,11;11,25,41,27,12;12,26,41,42,43,28;12,27,43,29,14,13;14,28,43,44,45,30;14,29,45,31,16,15;16,30,45,46,32;16,31,46,33,18,17;18,32,46,34,19;19,33,46,47,48,35;19,34,48,36,21,20;21,35,48,49,50,37;21,36,50,51,38,22;22,37,51,39,23;23,38,51,52,40,24;24,39,52,53,41,25;25,40,53,42,27,26;27,41,53,54,55,43;27,42,55,44,29,28;29,43,55,56,47,45;29,44,47,46,31,30;31,45,47,34,33,32;34,46,45,44,56,48;34,47,56,49,36,35;36,48,56,54,57,50;36,49,57,51,37;37,50,57,52,39,38;39,51,57,53,40;40,52,57,54,42,41;42,53,57,49,56,55;42,54,56,44,43;44,55,54,49,48,47;49,54,53,52,51,50
ipr58_168 58 1,2,3,4,5,6;0,6,7,8,9,2;0,1,9,10,11,3;0,2,11,12,13,4;0,3,13,14,15,5;0,4,15,16,17,6;0,5,17,18,7,1;1,6,18,19,20,8;1,7,20,21,22,9;1,8,22,23,10,2;2,9,23,24,25,11;2,10,25,26,12,3;3,11,26,27,28,13;3,12,28,14,4;4,13,28,29,30,15;4,14,30,16,5;5,15,30,31,32,17;5,16,32,18,6;6,17,32,33,19,7;7,18,33,34,35,20;7,19,35,21,8;8,20,35,36,37,22;8,21,37,23,9;9,22,37,38,24,10;10,23,38,39,25;10,24,39,40,26,11;11,25,40,41,27,12;12,26,41,42,43,28;12,27,43,29,14,13;14,28,43,44,45,30;14,29,45,31,16,15;16,30,45,46,32;16,31,46,33,18,17;18,32,46,34,19;19,33,46,47,48,35;19,34,48,36,21,20;21,35,48,49,50,37;21,36,50,38,23,22;23,37,50,51,39,24;24,38,51,52,40,25;25,39,52,41,26;26,40,52,53,42,27;27,41,53,54,55,43;27,42,55,44,29,28;29,43,55,56,47,45;29,44,47,46,31,30;31,45,47,34,33,32;34,46,45,44,56,48;34,47,56,49,36,35;36,48,56,54,57,50;36,49,57,51,38,37;38,50,57,52,39;39,51,57,53,41,40;41,52,57,54,42;42,53,57,49,56,55;42,54,56,44,43;44,55,54,49,48,47;49,54,53,52,51,50
ipr58_169 58 1,2,3,4,5,6;0,6,7,8,9,2;0,1,9,10,11,3;0,2,11,12,13,4;0,3,13,14,15,5;0,4,15,16,17,6;0,5,17,18,7,1;1,6,18,19,20,8;1,7,20,21,22,9;1,8,22,10,2;2,9,22,23,24,11;2,10,24,25,12,3;3,11,25,26,27,13;3,12,27,14,4;4,13,27,28,29,15;4,14,29,16,5;5,15,29,30,31,17;5,16,31,18,6;6,17,31,32,19,7;7,18,32,33,34,20;7,19,34,35,21,8;8,20,35,36,37,22;8,21,37,23,10,9;10,22,37,38,39,24;10,23,39,40,25,11;11,24,40,26,12;12,25,40,41,42,27;12,26,42,28,14,13;14,27,42,43,44,29;14,28,44,30,16,15;16,29,44,45,31;16,30,45,32,18,17;18,31,45,33,19;19,32,45,46,47,34;19,33,47,48,35,20;20,34,48,36,21;21,35,48,49,50,37;21,36,50,38,23,22;23,37,50,51,52,39;23,38,52,40,24;24,39,52,41,26,25;26,40,52,53,54,42;26,41,54,43,28,27;28,42,54,55,46,44;28,43,46,45,30,29;30,44,46,33,32,31;33,45,44,43,55,47;33,46,55,56,48,34;34,47,56,49,36,35;36,48,56,57,51,50;36,49,51,38,37;38,50,49,57,53,52;38,51,53,41,40,39;41,52,51,57,54;41,53,57,55,43,42;43,54,57,56,47,46;47,55,57,49,48;49,56,55,54,53,51
ipr58_170 58 1,2,3,4,5,6;0,6,7,8,9,2;0,1,9,10,11,3;0,2,11,12,13,4;0,3,13,14,15,5;0,4,15,16,17,6;0,5,17,18,7,1;1,6,18,19,20,8;1,7,20,21,22,9;1,8,22,10,2;2,9,22,23,24,11;2,10,24,25,12,3;3,11,25,26,27,13;3,12,27,14,4;4,13,27,28,29,15;4,14,29,16,5;5,15,29,30,31,17;5,16,31,18,6;6,17,31,32,19,7;7,18,32,33,34,20;7,19,34,35,21,8;8,20,35,36,37,22;8,21,37,23,10,9;10,22,37,38,24;10,23,38,39,25,11;11,24,39,40,26,12;12,25,40,41,42,27;12,26,42,28,14,13;14,27,42,43,44,29;14,28,44,30,16,15;16,29,44,45,31;16,30,45,32,18,17;18,31,45,33,19;19,32,45,46,47,34;19,33,47,48,35,20;20,34,48,36,21;21,35,48,49,50,37;21,36,50,38,23,22;23,37,50,51,39,24;24,38,51,52,40,25;25,39,52,41,26;26,40,52,53,54,42;26,41,54,43,28,27;28,42,54,55,46,44;28,43,46,45,30,29;30,44,46,33,32,31;33,45,44,43,55,47;33,46,55,56,48,34;34,47,56,49,36,35;36,48,56,57,51,50;36,49,51,38,37;38,50,49,57,52,39;39,51,57,53,41,40;41,52,57,56,55,54;41,53,55,43,42;43,54,53,56,47,46;47,55,53,57,49,48;49,56,53,52,51
ipr58_171 58 1,2,3,4,5,6;0,6,7,8,9,2;0,1,9,10,3;0,2,10,11,12,4;0,3,12,13,14,5;0,4,14,15,16,6;0,5,16,17,7,1;1,6,17,18,8;1,7,18,19,20,9;1,8,20,21,10,2;2,9,21,22,11,3;3,10,22,23,24,12;3,11,24,13,4;4,12,24,25,26,14;4,13,26,27,15,5;5,14,27,28,16;5,15,28,29,17,6;6,16,29,30,18,7;7,17,30,31,19,8;8,18,31,32,33,20;8,19,33,34,21,9;9,20,34,35,22,10;10,21,35,23,11;11,22,35,36,37,24;11,23,37,25,13,12;13,24,37,38,39,26;13,25,39,40,27,14;14,26,40,41,28,15;15,27,41,42,29,16;16,28,42,43,30,17;17,29,43,31,18;18,30,43,44,32,19;19,31,44,45,46,33;19,32,46,47,34,20;20,33,47,48,35,21;21,34,48,36,23,22;23,35,48,49,50,37;23,36,50,38,25,24;25,37,50,51,52,39;25,38,52,53,40,26;26,39,53,41,27;27,40,53,54,42,28;28,41,54,43,29;29,42,54,44,31,30;31,43,54,55,45,32;32,44,55,56,46;32,45,56,57,47,33;33,46,57,49,48,34;34,47,49,36,35;36,48,47,57,51,50;36,49,51,38,37;38,50,49,57,56,52;38,51,56,55,53,39;39,52,55,54,41,40;41,53,55,44,43,42;44,54,53,52,56,45;45,55,52,51,57,46;46,56,51,49,47
ipr58_172 58 1,2,3,4,5,6;0,6,7,8,9,2;0,1,9,10,3;0,2,10,11,12,4;0,3,12,13,5;0,4,13,14,15,6;0,5,15,16,7,1;1,6,16,17,8;1,7,17,18,19,9;1,8,19,20,10,2;2,9,20,21,11,3;3,10,21,22,12;3,11,22,23,13,4;4,12,23,24,14,5;5,13,24,25,26,15;5,14,26,27,16,6;6,15,27,28,17,7;7,16,28,29,18,8;8,17,29,30,31,19;8,18,31,32,20,9;9,19,32,33,21,10;10,20,33,34,22,11;11,21,34,35,23,12;12,22,35,24,13;13,23,35,36,25,14;14,24,36,37,38,26;14,25,38,39,27,15;15,26,39,40,28,16;16,27,40,29,17;17,28,40,41,30,18;18,29,41,42,43,31;18,30,43,44,32,19;19,31,44,45,33,20;20,32,45,46,34,21;21,33,46,47,35,22;22,34,47,36,24,23;24,35,47,48,37,25;25,36,48,49,50,38;25,37,50,39,26;26,38,50,51,40,27;27,39,51,41,29,28;29,40,51,52,42,30;30,41,52,53,43;30,42,53,54,44,31;31,43,54,55,45,32;32,44,55,46,33;33,45,55,56,47,34;34,46,56,48,36,35;36,47,56,57,49,37;37,48,57,53,52,50;37,49,52,51,39,38;39,50,52,41,40;41,51,50,49,53,42;42,52,49,57,54,43;43,53,57,55,44;44,54,57,56,46,45;46,55,57,48,47;48,56,55,54,53,49
ipr58_173 58 1,2,3,4,5,6;0,6,7,8,9,2;0,1,9,10,3;0,2,10,11,12,4;0,3,12,13,5;0,4,13,14,15,6;0,5,15,16,7,1;1,6,16,17,18,8;1,7,18,19,9;1,8,19,20,10,2;2,9,20,21,11,3;3,10,21,22,23,12;3,11,23,24,13,4;4,12,24,25,14,5;5,13,25,26,27,15;5,14,27,16,6;6,15,27,28,17,7;7,16,28,29,30,18;7,17,30,31,19,8;8,18,31,32,20,9;9,19,32,33,21,10;10,20,33,34,22,11;11,21,34,35,23;11,22,35,36,24,12;12,23,36,25,13;13,24,36,37,26,14;14,25,37,38,39,27;14,26,39,28,16,15;16,27,39,40,29,17;17,28,40,41,42,30;17,29,42,43,31,18;18,30,43,44,32,19;19,31,44,45,33,20;20,32,45,46,34,21;21,33,46,47,35,22;22,34,47,48,36,23;23,35,48,37,25,24;25,36,48,49,38,26;26,37,49,50,39;26,38,50,40,28,27;28,39,50,41,29;29,40,50,51,52,42;29,41,52,43,30;30,42,52,53,44,31;31,43,53,54,45,32;32,44,54,46,33;33,45,54,55,47,34;34,46,55,56,48,35;35,47,56,49,37,36;37,48,56,51,50,38;38,49,51,41,40,39;41,50,49,56,57,52;41,51,57,53,43,42;43,52,57,54,44;44,53,57,55,46,45;46,54,57,56,47;47,55,57,51,49,48;51,56,55,54,53,52
ipr58_174 58 1,2,3,4,5,6;0,6,7,8,9,2;0,1,9,10,11,3;0,2,11,12,13,4;0,3,13,14,15,5;0,4,15,16,6;0,5,16,17,7,1;1,6,17,18,8;1,7,18,19,20,9;1,8,20,21,10,2;2,9,21,22,11;2,10,22,23,12,3;3,11,23,24,25,13;3,12,25,14,4;4,13,25,26,27,15;4,14,27,28,16,5;5,15,28,29,17,6;6,16,29,30,18,7;7,17,30,31,19,8;8,18,31,32,33,20;8,19,33,34,21,9;9,20,34,35,22,10;10,21,35,36,23,11;11,22,36,24,12;12,23,36,37,38,25;12,24,38,26,14,13;14,25,38,39,40,27;14,26,40,41,28,15;15,27,41,42,29,16;16,28,42,43,30,17;17,29,43,31,18;18,30,43,44,32,19;19,31,44,45,46,33;19,32,46,47,34,20;20,33,47,48,35,21;21,34,48,36,22;22,35,48,37,24,23;24,36,48,49,50,38;24,37,50,39,26,25;26,38,50,51,52,40;26,39,52,53,41,27;27,40,53,42,28;28,41,53,54,43,29;29,42,54,44,31,30;31,43,54,55,45,32;32,44,55,56,46;32,45,56,57,47,33;33,46,57,49,48,34;34,47,49,37,36,35;37,48,47,57,51,50;37,49,51,39,38;39,50,49,57,56,52;39,51,56,55,53,40;40,52,55,54,42,41;42,53,55,44,43;44,54,53,52,56,45;45,55,52,51,57,46;46,56,51,49,47
ipr58_175 58 1,2,3,4,5,6;0,6,7,8,9,2;0,1,9,10,11,3;0,2,11,12,4;0,3,12,13,14,5;0,4,14,15,16,6;0,5,16,17,7,1;1,6,17,18,19,8;1,7,19,20,21,9;1,8,21,10,2;2,9,21,22,23,11;2,10,23,24,12,3;3,11,24,25,13,4;4,12,25,26,27,14;4,13,27,15,5;5,14,27,28,29,16;5,15,29,30,17,6;6,16,30,18,7;7,17,30,31,32,19;7,18,32,33,20,8;8,19,33,34,35,21;8,20,35,22,10,9;10,21,35,36,23;10,22,36,37,24,11;11,23,37,38,25,12;12,24,38,39,26,13;13,25,39,40,41,27;13,26,41,28,15,14;15,27,41,42,29;15,28,42,43,30,16;16,29,43,31,18,17;18,30,43,44,45,32;18,31,45,46,33,19;19,32,46,47,34,20;20,33,47,48,49,35;20,34,49,36,22,21;22,35,49,50,37,23;23,36,50,38,24;24,37,50,51,39,25;25,38,51,52,40,26;26,39,52,53,54,41;26,40,54,42,28,27;28,41,54,44,43,29;29,42,44,31,30;31,43,42,54,55,45;31,44,55,46,32;32,45,55,56,47,33;33,46,56,57,48,34;34,47,57,51,50,49;34,48,50,36,35;36,49,48,51,38,37;38,50,48,57,52,39;39,51,57,53,40;40,52,57,56,55,54;40,53,55,44,42,41;44,54,53,56,46,45;46,55,53,57,47;47,56,53,52,51,48
ipr58_176 58 1,2,3,4,5,6;0,6,7,8,9,2;0,1,9,10,11,3;0,2,11,12,13,4;0,3,13,14,15,5;0,4,15,16,17,6;0,5,17,18,7,1;1,6,18,19,20,8;1,7,20,21,22,9;1,8,22,23,10,2;2,9,23,24,11;2,10,24,25,12,3;3,11,25,26,27,13;3,12,27,14,4;4,13,27,28,29,15;4,14,29,16,5;5,15,29,30,31,17;5,16,31,32,18,6;6,17,32,19,7;7,18,32,33,34,20;7,19,34,21,8;8,20,34,35,36,22;8,21,36,37,23,9;9,22,37,38,24,10;10,23,38,39,25,11;11,24,39,26,12;12,25,39,40,41,27;12,26,41,28,14,13;14,27,41,42,43,29;14,28,43,30,16,15;16,29,43,44,31;16,30,44,45,32,17;17,31,45,33,19,18;19,32,45,46,34;19,33,46,35,21,20;21,34,46,47,48,36;21,35,48,49,37,22;22,36,49,50,38,23;23,37,50,39,24;24,38,50,40,26,25;26,39,50,51,52,41;26,40,52,42,28,27;28,41,52,53,54,43;28,42,54,44,30,29;30,43,54,55,45,31;31,44,55,46,33,32;33,45,55,47,35,34;35,46,55,56,48;35,47,56,57,49,36;36,48,57,51,50,37;37,49,51,40,39,38;40,50,49,57,53,52;40,51,53,42,41;42,52,51,57,56,54;42,53,56,55,44,43;44,54,56,47,46,45;47,55,54,53,57,48;48,56,53,51,49
ipr58_177 58 1,2,3,4,5,6;0,6,7,8,9,2;0,1,9,10,11,3;0,2,11,12,13,4;0,3,13,14,15,5;0,4,15,16,17,6;0,5,17,18,7,1;1,6,18,19,20,8;1,7,20,21,9;1,8,21,22,10,2;2,9,22,23,11;2,10,23,24,12,3;3,11,24,25,26,13;3,12,26,14,4;4,13,26,27,28,15;4,14,28,29,16,5;5,15,29,30,31,17;5,16,31,32,18,6;6,17,32,19,7;7,18,32,33,34,20;7,19,34,35,21,8;8,20,35,36,22,9;9,21,36,37,23,10;10,22,37,38,24,11;11,23,38,25,12;12,24,38,39,40,26;12,25,40,27,14,13;14,26,40,41,42,28;14,27,42,29,15;15,28,42,43,30,16;16,29,43,44,31;16,30,44,45,32,17;17,31,45,33,19,18;19,32,45,46,47,34;19,33,47,48,35,20;20,34,48,49,36,21;21,35,49,50,37,22;22,36,50,38,23;23,37,50,39,25,24;25,38,50,51,52,40;25,39,52,41,27,26;27,40,52,53,42;27,41,53,43,29,28;29,42,53,54,44,30;30,43,54,46,45,31;31,44,46,33,32;33,45,44,54,55,47;33,46,55,48,34;34,47,55,56,49,35;35,48,56,51,50,36;36,49,51,39,38,37;39,50,49,56,57,52;39,51,57,53,41,40;41,52,57,54,43,42;43,53,57,55,46,44;46,54,57,56,48,47;48,55,57,51,49;51,56,55,54,53,52
ipr58_178 58 1,2,3,4,5,6;0,6,7,8,9,2;0,1,9,10,11,3;0,2,11,12,13,4;0,3,13,14,15,5;0,4,15,16,17,6;0,5,17,18,7,1;1,6,18,19,20,8;1,7,20,21,22,9;1,8,22,23,10,2;2,9,23,24,11;2,10,24,25,12,3;3,11,25,26,27,13;3,12,27,14,4;4,13,27,28,29,15;4,14,29,30,16,5;5,15,30,31,32,17;5,16,32,18,6;6,17,32,33,19,7;7,18,33,34,35,20;7,19,35,36,21,8;8,20,36,37,38,22;8,21,38,23,9;9,22,38,39,24,10;10,23,39,40,25,11;11,24,40,41,26,12;12,25,41,42,27;12,26,42,28,14,13;14,27,42,43,29;14,28,43,44,30,15;15,29,44,45,31,16;16,30,45,46,32;16,31,46,33,18,17;18,32,46,34,19;19,33,46,47,48,35;19,34,48,36,20;20,35,48,49,37,21;21,36,49,50,51,38;21,37,51,39,23,22;23,38,51,40,24;24,39,51,52,41,25;25,40,52,53,42,26;26,41,53,43,28,27;28,42,53,54,44,29;29,43,54,55,45,30;30,44,55,47,46,31;31,45,47,34,33,32;34,46,45,55,56,48;34,47,56,49,36,35;36,48,56,50,37;37,49,56,57,52,51;37,50,52,40,39,38;40,51,50,57,53,41;41,52,57,54,43,42;43,53,57,55,44;44,54,57,56,47,45;47,55,57,50,49,48;50,56,55,54,53,52
ipr58_179 58 1,2,3,4,5,6;0,6,7,8,9,2;0,1,9,10,11,3;0,2,11,12,13,4;0,3,13,14,15,5;0,4,15,16,17,6;0,5,17,18,7,1;1,6,18,19,20,8;1,7,20,21,22,9;1,8,22,23,10,2;2,9,23,24,11;2,10,24,25,12,3;3,11,25,26,27,13;3,12,27,28,14,4;4,13,28,29,15;4,14,29,30,16,5;5,15,30,31,32,17;5,16,32,18,6;6,17,32,33,19,7;7,18,33,34,35,20;7,19,35,36,21,8;8,20,36,37,38,22;8,21,38,23,9;9,22,38,39,24,10;10,23,39,40,25,11;11,24,40,26,12;12,25,40,41,42,27;12,26,42,43,28,13;13,27,43,44,29,14;14,28,44,45,30,15;15,29,45,31,16;16,30,45,46,47,32;16,31,47,33,18,17;18,32,47,34,19;19,33,47,48,49,35;19,34,49,36,20;20,35,49,50,37,21;21,36,50,51,52,38;21,37,52,39,23,22;23,38,52,40,24;24,39,52,41,26,25;26,40,52,51,53,42;26,41,53,54,43,27;27,42,54,55,44,28;28,43,55,45,29;29,44,55,46,31,30;31,45,55,56,48,47;31,46,48,34,33,32;34,47,46,56,57,49;34,48,57,50,36,35;36,49,57,51,37;37,50,57,53,41,52;37,51,41,40,39,38;41,51,57,56,54,42;42,53,56,55,43;43,54,56,46,45,44;46,55,54,53,57,48;48,56,53,51,50,49
ipr58_180 58 1,2,3,4,5,6;0,6,7,8,9,2;0,1,9,10,11,3;0,2,11,12,13,4;0,3,13,14,15,5;0,4,15,16,17,6;0,5,17,18,7,1;1,6,18,19,20,8;1,7,20,21,22,9;1,8,22,23,10,2;2,9,23,24,11;2,10,24,25,12,3;3,11,25,26,27,13;3,12,27,14,4;4,13,27,28,29,15;4,14,29,30,16,5;5,15,30,31,32,17;5,16,32,18,6;6,17,32,33,19,7;7,18,33,34,35,20;7,19,35,36,21,8;8,20,36,37,38,22;8,21,38,23,9;9,22,38,39,24,10;10,23,39,40,25,11;11,24,40,26,12;12,25,40,41,42,27;12,26,42,28,14,13;14,27,42,43,44,29;14,28,44,30,15;15,29,44,45,31,16;16,30,45,46,47,32;16,31,47,33,18,17;18,32,47,34,19;19,33,47,48,49,35;19,34,49,36,20;20,35,49,50,37,21;21,36,50,51,52,38;21,37,52,39,23,22;23,38,52,40,24;24,39,52,41,26,25;26,40,52,51,53,42;26,41,53,43,28,27;28,42,53,54,44;28,43,54,45,30,29;30,44,54,55,46,31;31,45,55,48,47;31,46,48,34,33,32;34,47,46,55,56,49;34,48,56,50,36,35;36,49,56,57,51,37;37,50,57,53,41,52;37,51,41,40,39,38;41,51,57,54,43,42;43,53,57,55,45,44;45,54,57,56,48,46;48,55,57,50,49;50,56,55,54,53,51
ipr58_181 58 1,2,3,4,5,6;0,6,7,8,9,2;0,1,9,10,11,3;0,2,11,12,13,4;0,3,13,14,15,5;0,4,15,16,17,6;0,5,17,18,7,1;1,6,18,19,20,8;1,7,20,21,22,9;1,8,22,23,10,2;2,9,23,24,11;2,10,24,25,12,3;3,11,25,26,27,13;3,12,27,14,4;4,13,27,28,29,15;4,14,29,16,5;5,15,29,30,31,17;5,16,31,18,6;6,17,31,32,19,7;7,18,32,33,34,20;7,19,34,35,21,8;8,20,35,36,37,22;8,21,37,38,23,9;9,22,38,39,24,10;10,23,39,40,25,11;11,24,40,26,12;12,25,40,41,42,27;12,26,42,28,14,13;14,27,42,43,44,29;14,28,44,30,16,15;16,29,44,45,46,31;16,30,46,32,18,17;18,31,46,33,19;19,32,46,47,48,34;19,33,48,35,20;20,34,48,49,36,21;21,35,49,50,51,37;21,36,51,38,22;22,37,51,52,39,23;23,38,52,40,24;24,39,52,41,26,25;26,40,52,53,54,42;26,41,54,43,28,27;28,42,54,55,56,44;28,43,56,45,30,29;30,44,56,47,46;30,45,47,33,32,31;33,46,45,56,57,48;33,47,57,49,35,34;35,48,57,50,36;36,49,57,55,53,51;36,50,53,52,38,37;38,51,53,41,40,39;41,52,51,50,55,54;41,53,55,43,42;43,54,53,50,57,56;43,55,57,47,45,44;47,56,55,50,49,48
ipr58_182 58 1,2,3,4,5,6;0,6,7,8,9,2;0,1,9,10,11,3;0,2,11,12,13,4;0,3,13,14,15,5;0,4,15,16,17,6;0,5,17,18,7,1;1,6,18,19,20,8;1,7,20,21,22,9;1,8,22,23,10,2;2,9,23,24,11;2,10,24,25,12,3;3,11,25,26,27,13;3,12,27,14,4;4,13,27,28,29,15;4,14,29,16,5;5,15,29,30,31,17;5,16,31,18,6;6,17,31,32,19,7;7,18,32,33,34,20;7,19,34,35,21,8;8,20,35,36,37,22;8,21,37,38,23,9;9,22,38,39,24,10;10,23,39,40,25,11;11,24,40,26,12;12,25,40,41,42,27;12,26,42,28,14,13;14,27,42,43,44,29;14,28,44,30,16,15;16,29,44,45,46,31;16,30,46,32,18,17;18,31,46,33,19;19,32,46,47,48,34;19,33,48,35,20;20,34,48,49,36,21;21,35,49,50,51,37;21,36,51,38,22;22,37,51,52,39,23;23,38,52,40,24;24,39,52,41,26,25;26,40,52,53,54,42;26,41,54,43,28,27;28,42,54,55,56,44;28,43,56,45,30,29;30,44,56,47,46;30,45,47,33,32,31;33,46,45,56,57,48;33,47,57,49,35,34;35,48,57,55,50,36;36,49,55,54,53,51;36,50,53,52,38,37;38,51,53,41,40,39;41,52,51,50,54;41,53,50,55,43,42;43,54,50,49,57,56;43,55,57,47,45,44;47,56,55,49,48
ipr58_183 58 1,2,3,4,5,6;0,6,7,8,9,2;0,1,9,10,11,3;0,2,11,12,13,4;0,3,13,14,15,5;0,4,15,16,17,6;0,5,17,18,7,1;1,6,18,19,20,8;1,7,20,21,9;1,8,21,22,10,2;2,9,22,23,11;2,10,23,24,12,3;3,11,24,25,26,13;3,12,26,14,4;4,13,26,27,28,15;4,14,28,16,5;5,15,28,29,30,17;5,16,30,31,18,6;6,17,31,19,7;7,18,31,32,33,20;7,19,33,34,21,8;8,20,34,35,22,9;9,21,35,36,23,10;10,22,36,37,24,11;11,23,37,25,12;12,24,37,38,39,26;12,25,39,27,14,13;14,26,39,40,41,28;14,27,41,29,16,15;16,28,41,42,43,30;16,29,43,44,31,17;17,30,44,32,19,18;19,31,44,45,46,33;19,32,46,47,34,20;20,33,47,48,35,21;21,34,48,49,36,22;22,35,49,37,23;23,36,49,38,25,24;25,37,49,50,51,39;25,38,51,40,27,26;27,39,51,52,53,41;27,40,53,42,29,28;29,41,53,54,43;29,42,54,45,44,30;30,43,45,32,31;32,44,43,54,55,46;32,45,55,47,33;33,46,55,56,48,34;34,47,56,50,49,35;35,48,50,38,37,36;38,49,48,56,52,51;38,50,52,40,39;40,51,50,56,57,53;40,52,57,54,42,41;42,53,57,55,45,43;45,54,57,56,47,46;47,55,57,52,50,48;52,56,55,54,53
ipr58_184 58 1,2,3,4,5,6;0,6,7,8,9,2;0,1,9,10,11,3;0,2,11,12,13,4;0,3,13,14,5;0,4,14,15,16,6;0,5,16,17,7,1;1,6,17,18,19,8;1,7,19,20,21,9;1,8,21,22,10,2;2,9,22,23,24,11;2,10,24,12,3;3,11,24,25,26,13;3,12,26,27,14,4;4,13,27,28,15,5;5,14,28,29,30,16;5,15,30,17,6;6,16,30,31,18,7;7,17,31,32,33,19;7,18,33,34,20,8;8,19,34,35,36,21;8,20,36,37,22,9;9,21,37,23,10;10,22,37,38,39,24;10,23,39,25,12,11;12,24,39,40,41,26;12,25,41,42,27,13;13,26,42,43,28,14;14,27,43,44,29,15;15,28,44,45,30;15,29,45,31,17,16;17,30,45,32,18;18,31,45,46,47,33;18,32,47,34,19;19,33,47,48,35,20;20,34,48,49,50,36;20,35,50,37,21;21,36,50,38,23,22;23,37,50,51,40,39;23,38,40,25,24;25,39,38,51,52,41;25,40,52,53,42,26;26,41,53,43,27;27,42,53,54,44,28;28,43,54,46,45,29;29,44,46,32,31,30;32,45,44,54,55,47;32,46,55,48,34,33;34,47,55,56,49,35;35,48,56,51,50;35,49,51,38,37,36;38,50,49,56,52,40;40,51,56,57,53,41;41,52,57,54,43,42;43,53,57,55,46,44;46,54,57,56,48,47;48,55,57,52,51,49;52,56,55,54,53
ipr58_185 58 1,2,3,4,5,6;0,6,7,8,9,2;0,1,9,10,11,3;0,2,11,12,13,4;0,3,13,14,5;0,4,14,15,16,6;0,5,16,17,7,1;1,6,17,18,19,8;1,7,19,20,21,9;1,8,21,10,2;2,9,21,22,23,11;2,10,23,24,12,3;3,11,24,25,26,13;3,12,26,27,14,4;4,13,27,28,15,5;5,14,28,29,30,16;5,15,30,17,6;6,16,30,31,18,7;7,17,31,32,33,19;7,18,33,34,20,8;8,19,34,35,36,21;8,20,36,22,10,9;10,21,36,37,38,23;10,22,38,24,11;11,23,38,39,25,12;12,24,39,40,41,26;12,25,41,42,27,13;13,26,42,43,28,14;14,27,43,44,29,15;15,28,44,45,30;15,29,45,31,17,16;17,30,45,32,18;18,31,45,46,47,33;18,32,47,34,19;19,33,47,48,35,20;20,34,48,49,37,36;20,35,37,22,21;22,36,35,49,50,38;22,37,50,39,24,23;24,38,50,51,40,25;25,39,51,52,41;25,40,52,53,42,26;26,41,53,43,27;27,42,53,54,44,28;28,43,54,46,45,29;29,44,46,32,31,30;32,45,44,54,55,47;32,46,55,48,34,33;34,47,55,56,49,35;35,48,56,51,50,37;37,49,51,39,38;39,50,49,56,52,40;40,51,56,57,53,41;41,52,57,54,43,42;43,53,57,55,46,44;46,54,57,56,48,47;48,55,57,52,51,49;52,56,55,54,53
ipr58_186 58 1,2,3,4,5,6;0,6,7,8,9,2;0,1,9,10,11,3;0,2,11,12,13,4;0,3,13,14,15,5;0,4,15,16,17,6;0,5,17,18,7,1;1,6,18,19,20,8;1,7,20,21,22,9;1,8,22,10,2;2,9,22,23,24,11;2,10,24,12,3;3,11,24,25,26,13;3,12,26,14,4;4,13,26,27,28,15;4,14,28,29,16,5;5,15,29,30,31,17;5,16,31,18,6;6,17,31,32,19,7;7,18,32,33,34,20;7,19,34,35,21,8;8,20,35,36,37,22;8,21,37,23,10,9;10,22,37,38,39,24;10,23,39,25,12,11;12,24,39,40,41,26;12,25,41,27,14,13;14,26,41,42,43,28;14,27,43,44,29,15;15,28,44,45,30,16;16,29,45,46,31;16,30,46,32,18,17;18,31,46,33,19;19,32,46,47,48,34;19,33,48,35,20;20,34,48,49,36,21;21,35,49,50,38,37;21,36,38,23,22;23,37,36,50,51,39;23,38,51,40,25,24;25,39,51,52,42,41;25,40,42,27,26;27,41,40,52,53,43;27,42,53,44,28;28,43,53,54,45,29;29,44,54,47,46,30;30,45,47,33,32,31;33,46,45,54,55,48;33,47,55,49,35,34;35,48,55,56,50,36;36,49,56,51,38;38,50,56,52,40,39;40,51,56,57,53,42;42,52,57,54,44,43;44,53,57,55,47,45;47,54,57,56,49,48;49,55,57,52,51,50;52,56,55,54,53
ipr58_187 58 1,2,3,4,5,6;0,6,7,8,9,2;0,1,9,10,11,3;0,2,11,12,13,4;0,3,13,14,5;0,4,14,15,16,6;0,5,16,17,7,1;1,6,17,18,19,8;1,7,19,20,21,9;1,8,21,10,2;2,9,21,22,23,11;2,10,23,24,12,3;3,11,24,25,26,13;3,12,26,27,14,4;4,13,27,28,15,5;5,14,28,29,30,16;5,15,30,17,6;6,16,30,31,18,7;7,17,31,32,33,19;7,18,33,34,20,8;8,19,34,35,36,21;8,20,36,22,10,9;10,21,36,37,38,23;10,22,38,39,24,11;11,23,39,25,12;12,24,39,40,41,26;12,25,41,42,27,13;13,26,42,43,28,14;14,27,43,44,29,15;15,28,44,45,30;15,29,45,31,17,16;17,30,45,32,18;18,31,45,46,47,33;18,32,47,34,19;19,33,47,48,35,20;20,34,48,49,37,36;20,35,37,22,21;22,36,35,49,50,38;22,37,50,39,23;23,38,50,40,25,24;25,39,50,51,52,41;25,40,52,53,42,26;26,41,53,43,27;27,42,53,54,44,28;28,43,54,46,45,29;29,44,46,32,31,30;32,45,44,54,55,47;32,46,55,48,34,33;34,47,55,56,49,35;35,48,56,51,50,37;37,49,51,40,39,38;40,50,49,56,52;40,51,56,57,53,41;41,52,57,54,43,42;43,53,57,55,46,44;46,54,57,56,48,47;48,55,57,52,51,49;52,56,55,54,53
ipr58_188 58 1,2,3,4,5,6;0,6,7,8,9,2;0,1,9,10,11,3;0,2,11,12,13,4;0,3,13,14,5;0,4,14,15,16,6;0,5,16,17,7,1;1,6,17,18,19,8;1,7,19,20,21,9;1,8,21,22,10,2;2,9,22,23,24,11;2,10,24,12,3;3,11,24,25,26,13;3,12,26,27,14,4;4,13,27,28,15,5;5,14,28,29,30,16;5,15,30,17,6;6,16,30,31,18,7;7,17,31,32,33,19;7,18,33,34,20,8;8,19,34,35,36,21;8,20,36,37,22,9;9,21,37,38,23,10;10,22,38,39,24;10,23,39,25,12,11;12,24,39,40,41,26;12,25,41,27,13;13,26,41,42,28,14;14,27,42,43,29,15;15,28,43,44,30;15,29,44,31,17,16;17,30,44,32,18;18,31,44,45,46,33;18,32,46,34,19;19,33,46,47,35,20;20,34,47,48,36;20,35,48,49,37,21;21,36,49,38,22;22,37,49,50,39,23;23,38,50,40,25,24;25,39,50,51,52,41;25,40,52,42,27,26;27,41,52,53,43,28;28,42,53,45,44,29;29,43,45,32,31,30;32,44,43,53,54,46;32,45,54,47,34,33;34,46,54,55,48,35;35,47,55,56,49,36;36,48,56,50,38,37;38,49,56,51,40,39;40,50,56,55,57,52;40,51,57,53,42,41;42,52,57,54,45,43;45,53,57,55,47,46;47,54,57,51,56,48;48,55,51,50,49;51,55,54,53,52
ipr58_189 58 1,2,3,4,5,6;0,6,7,8,9,2;0,1,9,10,3;0,2,10,11,12,4;0,3,12,13,5;0,4,13,14,15,6;0,5,15,16,7,1;1,6,16,17,18,8;1,7,18,19,20,9;1,8,20,21,10,2;2,9,21,22,11,3;3,10,22,23,24,12;3,11,24,25,13,4;4,12,25,26,14,5;5,13,26,27,28,15;5,14,28,16,6;6,15,28,29,17,7;7,16,29,30,31,18;7,17,31,32,19,8;8,18,32,33,34,20;8,19,34,35,21,9;9,20,35,36,22,10;10,21,36,23,11;11,22,36,37,38,24;11,23,38,39,25,12;12,24,39,40,26,13;13,25,40,41,27,14;14,26,41,42,28;14,27,42,29,16,15;16,28,42,30,17;17,29,42,43,44,31;17,30,44,32,18;18,31,44,45,33,19;19,32,45,46,34;19,33,46,47,35,20;20,34,47,48,36,21;21,35,48,37,23,22;23,36,48,49,50,38;23,37,50,39,24;24,38,50,51,40,25;25,39,51,52,41,26;26,40,52,43,42,27;27,41,43,30,29,28;30,42,41,52,53,44;30,43,53,45,32,31;32,44,53,54,46,33;33,45,54,55,47,34;34,46,55,49,48,35;35,47,49,37,36;37,48,47,55,56,50;37,49,56,51,39,38;39,50,56,57,52,40;40,51,57,53,43,41;43,52,57,54,45,44;45,53,57,56,55,46;46,54,56,49,47;49,55,54,57,51,50;51,56,54,53,52
ipr58_190 58 1,2,3,4,5,6;0,6,7,8,9,2;0,1,9,10,3;0,2,10,11,12,4;0,3,12,13,5;0,4,13,14,15,6;0,5,15,16,7,1;1,6,16,17,18,8;1,7,18,19,20,9;1,8,20,21,10,2;2,9,21,22,11,3;3,10,22,23,24,12;3,11,24,25,13,4;4,12,25,26,14,5;5,13,26,27,28,15;5,14,28,16,6;6,15,28,29,17,7;7,16,29,30,31,18;7,17,31,32,19,8;8,18,32,33,34,20;8,19,34,35,21,9;9,20,35,36,22,10;10,21,36,37,23,11;11,22,37,38,39,24;11,23,39,40,25,12;12,24,40,41,26,13;13,25,41,42,27,14;14,26,42,43,28;14,27,43,29,16,15;16,28,43,30,17;17,29,43,44,45,31;17,30,45,32,18;18,31,45,46,33,19;19,32,46,47,34;19,33,47,48,35,20;20,34,48,36,21;21,35,48,49,37,22;22,36,49,38,23;23,37,49,50,51,39;23,38,51,52,40,24;24,39,52,41,25;25,40,52,53,42,26;26,41,53,44,43,27;27,42,44,30,29,28;30,43,42,53,54,45;30,44,54,46,32,31;32,45,54,55,47,33;33,46,55,56,48,34;34,47,56,49,36,35;36,48,56,50,38,37;38,49,56,55,57,51;38,50,57,52,39;39,51,57,53,41,40;41,52,57,54,44,42;44,53,57,55,46,45;46,54,57,50,56,47;47,55,50,49,48;50,55,54,53,52,51
ipr58_191 58 1,2,3,4,5,6;0,6,7,8,9,2;0,1,9,10,3;0,2,10,11,12,4;0,3,12,13,5;0,4,13,14,15,6;0,5,15,16,7,1;1,6,16,17,18,8;1,7,18,19,20,9;1,8,20,21,10,2;2,9,21,22,11,3;3,10,22,23,24,12;3,11,24,25,13,4;4,12,25,26,14,5;5,13,26,27,15;5,14,27,28,16,6;6,15,28,29,17,7;7,16,29,30,31,18;7,17,31,32,19,8;8,18,32,33,34,20;8,19,34,35,21,9;9,20,35,36,22,10;10,21,36,23,11;11,22,36,37,38,24;11,23,38,39,25,12;12,24,39,40,26,13;13,25,40,41,27,14;14,26,41,42,28,15;15,27,42,43,29,16;16,28,43,30,17;17,29,43,44,45,31;17,30,45,32,18;18,31,45,46,33,19;19,32,46,47,34;19,33,47,48,35,20;20,34,48,36,21;21,35,48,37,23,22;23,36,48,49,50,38;23,37,50,51,39,24;24,38,51,52,40,25;25,39,52,41,26;26,40,52,53,42,27;27,41,53,43,28;28,42,53,44,30,29;30,43,53,54,55,45;30,44,55,46,32,31;32,45,55,56,47,33;33,46,56,49,48,34;34,47,49,37,36,35;37,48,47,56,50;37,49,56,57,51,38;38,50,57,54,52,39;39,51,54,53,41,40;41,52,54,44,43,42;44,53,52,51,57,55;44,54,57,56,46,45;46,55,57,50,49,47;50,56,55,54,51
ipr58_192 58 1,2,3,4,5,6;0,6,7,8,9,2;0,1,9,10,11,3;0,2,11,12,13,4;0,3,13,14,5;0,4,14,15,16,6;0,5,16,17,7,1;1,6,17,18,8;1,7,18,19,20,9;1,8,20,21,10,2;2,9,21,22,23,11;2,10,23,24,12,3;3,11,24,25,26,13;3,12,26,27,14,4;4,13,27,28,15,5;5,14,28,29,16;5,15,29,30,17,6;6,16,30,31,18,7;7,17,31,32,19,8;8,18,32,33,34,20;8,19,34,35,21,9;9,20,35,36,22,10;10,21,36,37,38,23;10,22,38,24,11;11,23,38,39,25,12;12,24,39,40,26;12,25,40,41,27,13;13,26,41,42,28,14;14,27,42,43,29,15;15,28,43,44,30,16;16,29,44,31,17;17,30,44,45,32,18;18,31,45,33,19;19,32,45,46,47,34;19,33,47,35,20;20,34,47,48,36,21;21,35,48,37,22;22,36,48,49,50,38;22,37,50,39,24,23;24,38,50,51,40,25;25,39,51,52,41,26;26,40,52,53,42,27;27,41,53,43,28;28,42,53,54,44,29;29,43,54,45,31,30;31,44,54,46,33,32;33,45,54,55,56,47;33,46,56,48,35,34;35,47,56,49,37,36;37,48,56,57,51,50;37,49,51,39,38;39,50,49,57,52,40;40,51,57,55,53,41;41,52,55,54,43,42;43,53,55,46,45,44;46,54,53,52,57,56;46,55,57,49,48,47;49,56,55,52,51
ipr58_193 58 1,2,3,4,5,6;0,6,7,8,2;0,1,8,9,10,3;0,2,10,11,12,4;0,3,12,13,5;0,4,13,14,15,6;0,5,15,16,7,1;1,6,16,17,18,8;1,7,18,19,9,2;2,8,19,20,21,10;2,9,21,22,11,3;3,10,22,23,24,12;3,11,24,25,13,4;4,12,25,26,14,5;5,13,26,27,15;5,14,27,28,16,6;6,15,28,29,17,7;7,16,29,30,31,18;7,17,31,32,19,8;8,18,32,33,20,9;9,19,33,34,35,21;9,20,35,22,10;10,21,35,36,23,11;11,22,36,37,24;11,23,37,38,25,12;12,24,38,39,26,13;13,25,39,40,27,14;14,26,40,41,28,15;15,27,41,42,29,16;16,28,42,30,17;17,29,42,43,44,31;17,30,44,32,18;18,31,44,45,33,19;19,32,45,34,20;20,33,45,46,47,35;20,34,47,36,22,21;22,35,47,48,37,23;23,36,48,49,38,24;24,37,49,50,39,25;25,38,50,51,40,26;26,39,51,52,41,27;27,40,52,42,28;28,41,52,43,30,29;30,42,52,53,54,44;30,43,54,45,32,31;32,44,54,46,34,33;34,45,54,55,56,47;34,46,56,48,36,35;36,47,56,49,37;37,48,56,57,50,38;38,49,57,51,39;39,50,57,53,52,40;40,51,53,43,42,41;43,52,51,57,55,54;43,53,55,46,45,44;46,54,53,57,56;46,55,57,49,48,47;49,56,55,53,51,50
ipr58_194 58 1,2,3,4,5,6;0,6,7,8,2;0,1,8,9,10,3;0,2,10,11,12,4;0,3,12,13,5;0,4,13,14,15,6;0,5,15,16,7,1;1,6,16,17,18,8;1,7,18,19,9,2;2,8,19,20,21,10;2,9,21,22,11,3;3,10,22,23,24,12;3,11,24,25,13,4;4,12,25,26,14,5;5,13,26,27,28,15;5,14,28,29,16,6;6,15,29,30,17,7;7,16,30,31,32,18;7,17,32,33,19,8;8,18,33,34,20,9;9,19,34,35,36,21;9,20,36,22,10;10,21,36,37,23,11;11,22,37,38,39,24;11,23,39,25,12;12,24,39,40,26,13;13,25,40,27,14;14,26,40,41,42,28;14,27,42,43,29,15;15,28,43,44,30,16;16,29,44,31,17;17,30,44,45,46,32;17,31,46,33,18;18,32,46,47,34,19;19,33,47,35,20;20,34,47,48,49,36;20,35,49,37,22,21;22,36,49,50,38,23;23,37,50,51,52,39;23,38,52,40,25,24;25,39,52,41,27,26;27,40,52,53,42;27,41,53,54,43,28;28,42,54,44,29;29,43,54,45,31,30;31,44,54,55,56,46;31,45,56,47,33,32;33,46,56,48,35,34;35,47,56,57,50,49;35,48,50,37,36;37,49,48,57,51,38;38,50,57,55,53,52;38,51,53,41,40,39;41,52,51,55,54,42;42,53,55,45,44,43;45,54,53,51,57,56;45,55,57,48,47,46;48,56,55,51,50
ipr58_195 58 1,2,3,4,5,6;0,6,7,8,2;0,1,8,9,10,3;0,2,10,11,12,4;0,3,12,13,14,5;0,4,14,15,6;0,5,15,16,7,1;1,6,16,17,18,8;1,7,18,19,9,2;2,8,19,20,21,10;2,9,21,22,11,3;3,10,22,23,24,12;3,11,24,25,13,4;4,12,25,26,27,14;4,13,27,28,15,5;5,14,28,29,16,6;6,15,29,30,17,7;7,16,30,31,32,18;7,17,32,33,19,8;8,18,33,34,20,9;9,19,34,35,36,21;9,20,36,22,10;10,21,36,37,23,11;11,22,37,38,24;11,23,38,39,25,12;12,24,39,40,26,13;13,25,40,41,42,27;13,26,42,28,14;14,27,42,43,29,15;15,28,43,30,16;16,29,43,44,31,17;17,30,44,45,46,32;17,31,46,33,18;18,32,46,47,34,19;19,33,47,35,20;20,34,47,48,49,36;20,35,49,37,22,21;22,36,49,50,38,23;23,37,50,51,39,24;24,38,51,52,40,25;25,39,52,41,26;26,40,52,53,54,42;26,41,54,43,28,27;28,42,54,44,30,29;30,43,54,53,45,31;31,44,53,55,56,46;31,45,56,47,33,32;33,46,56,48,35,34;35,47,56,57,50,49;35,48,50,37,36;37,49,48,57,51,38;38,50,57,55,52,39;39,51,55,53,41,40;41,52,55,45,44,54;41,53,44,43,42;45,53,52,51,57,56;45,55,57,48,47,46;48,56,55,51,50
ipr58_196 58 1,2,3,4,5,6;0,6,7,8,9,2;0,1,9,10,3;0,2,10,11,12,4;0,3,12,13,5;0,4,13,14,15,6;0,5,15,16,7,1;1,6,16,17,18,8;1,7,18,19,20,9;1,8,20,21,10,2;2,9,21,22,11,3;3,10,22,23,24,12;3,11,24,25,13,4;4,12,25,26,14,5;5,13,26,27,28,15;5,14,28,16,6;6,15,28,29,17,7;7,16,29,30,31,18;7,17,31,32,19,8;8,18,32,33,34,20;8,19,34,21,9;9,20,34,35,22,10;10,21,35,36,23,11;11,22,36,37,38,24;11,23,38,39,25,12;12,24,39,40,26,13;13,25,40,41,27,14;14,26,41,42,28;14,27,42,29,16,15;16,28,42,30,17;17,29,42,43,44,31;17,30,44,45,32,18;18,31,45,33,19;19,32,45,46,47,34;19,33,47,35,21,20;21,34,47,48,36,22;22,35,48,37,23;23,36,48,49,50,38;23,37,50,51,39,24;24,38,51,40,25;25,39,51,52,41,26;26,40,52,43,42,27;27,41,43,30,29,28;30,42,41,52,53,44;30,43,53,54,45,31;31,44,54,46,33,32;33,45,54,55,56,47;33,46,56,48,35,34;35,47,56,49,37,36;37,48,56,55,57,50;37,49,57,51,38;38,50,57,52,40,39;40,51,57,53,43,41;43,52,57,55,54,44;44,53,55,46,45;46,54,53,57,49,56;46,55,49,48,47;49,55,53,52,51,50
ipr58_197 58 1,2,3,4,5,6;0,6,7,8,9,2;0,1,9,10,3;0,2,10,11,12,4;0,3,12,13,5;0,4,13,14,15,6;0,5,15,16,7,1;1,6,16,17,18,8;1,7,18,19,20,9;1,8,20,21,10,2;2,9,21,22,11,3;3,10,22,23,24,12;3,11,24,25,13,4;4,12,25,26,14,5;5,13,26,27,15;5,14,27,28,16,6;6,15,28,29,17,7;7,16,29,30,31,18;7,17,31,32,19,8;8,18,32,33,34,20;8,19,34,21,9;9,20,34,35,22,10;10,21,35,23,11;11,22,35,36,37,24;11,23,37,38,25,12;12,24,38,39,26,13;13,25,39,40,27,14;14,26,40,41,28,15;15,27,41,42,29,16;16,28,42,30,17;17,29,42,43,44,31;17,30,44,45,32,18;18,31,45,33,19;19,32,45,46,47,34;19,33,47,35,21,20;21,34,47,36,23,22;23,35,47,48,49,37;23,36,49,50,38,24;24,37,50,51,39,25;25,38,51,40,26;26,39,51,52,41,27;27,40,52,42,28;28,41,52,43,30,29;30,42,52,53,54,44;30,43,54,55,45,31;31,44,55,46,33,32;33,45,55,56,48,47;33,46,48,36,35,34;36,47,46,56,49;36,48,56,57,50,37;37,49,57,53,51,38;38,50,53,52,40,39;40,51,53,43,42,41;43,52,51,50,57,54;43,53,57,56,55,44;44,54,56,46,45;46,55,54,57,49,48;49,56,54,53,50
ipr58_198 58 1,2,3,4,5,6;0,6,7,8,9,2;0,1,9,10,3;0,2,10,11,12,4;0,3,12,13,5;0,4,13,14,15,6;0,5,15,16,7,1;1,6,16,17,18,8;1,7,18,19,20,9;1,8,20,21,10,2;2,9,21,22,11,3;3,10,22,23,24,12;3,11,24,25,13,4;4,12,25,26,14,5;5,13,26,27,28,15;5,14,28,16,6;6,15,28,29,17,7;7,16,29,30,18;7,17,30,31,19,8;8,18,31,32,20;8,19,32,33,21,9;9,20,33,34,22,10;10,21,34,23,11;11,22,34,35,36,24;11,23,36,37,25,12;12,24,37,38,26,13;13,25,38,39,27,14;14,26,39,40,28;14,27,40,29,16,15;16,28,40,41,30,17;17,29,41,42,31,18;18,30,42,43,32,19;19,31,43,44,33,20;20,32,44,45,34,21;21,33,45,35,23,22;23,34,45,46,47,36;23,35,47,48,37,24;24,36,48,38,25;25,37,48,49,39,26;26,38,49,50,40,27;27,39,50,41,29,28;29,40,50,51,42,30;30,41,51,52,43,31;31,42,52,44,32;32,43,52,53,45,33;33,44,53,46,35,34;35,45,53,54,47;35,46,54,55,48,36;36,47,55,49,38,37;38,48,55,56,50,39;39,49,56,51,41,40;41,50,56,57,52,42;42,51,57,53,44,43;44,52,57,54,46,45;46,53,57,56,55,47;47,54,56,49,48;49,55,54,57,51,50;51,56,54,53,52
ipr58_199 58 1,2,3,4,5,6;0,6,7,8,2;0,1,8,9,10,3;0,2,10,11,12,4;0,3,12,13,5;0,4,13,14,15,6;0,5,15,16,7,1;1,6,16,17,18,8;1,7,18,19,9,2;2,8,19,20,21,10;2,9,21,22,11,3;3,10,22,23,24,12;3,11,24,25,13,4;4,12,25,26,14,5;5,13,26,27,28,15;5,14,28,16,6;6,15,28,29,17,7;7,16,29,30,18;7,17,30,31,19,8;8,18,31,32,20,9;9,19,32,33,21;9,20,33,34,22,10;10,21,34,23,11;11,22,34,35,36,24;11,23,36,37,25,12;12,24,37,38,26,13;13,25,38,39,27,14;14,26,39,40,28;14,27,40,29,16,15;16,28,40,41,30,17;17,29,41,42,31,18;18,30,42,43,32,19;19,31,43,44,33,20;20,32,44,45,34,21;21,33,45,35,23,22;23,34,45,46,47,36;23,35,47,48,37,24;24,36,48,38,25;25,37,48,49,39,26;26,38,49,50,40,27;27,39,50,41,29,28;29,40,50,51,42,30;30,41,51,52,43,31;31,42,52,44,32;32,43,52,53,45,33;33,44,53,46,35,34;35,45,53,54,47;35,46,54,55,48,36;36,47,55,49,38,37;38,48,55,56,50,39;39,49,56,51,41,40;41,50,56,57,52,42;42,51,57,53,44,43;44,52,57,54,46,45;46,53,57,56,55,47;47,54,56,49,48;49,55,54,57,51,50;51,56,54,53,52
ipr58_200 58 1,2,3,4,5,6;0,6,7,8,2;0,1,8,9,10,3;0,2,10,11,12,4;0,3,12,13,5;0,4,13,14,15,6;0,5,15,16,7,1;1,6,16,17,18,8;1,7,18,19,9,2;2,8,19,20,21,10;2,9,21,22,11,3;3,10,22,23,24,12;3,11,24,25,13,4;4,12,25,26,14,5;5,13,26,27,28,15;5,14,28,16,6;6,15,28,29,17,7;7,16,29,30,18;7,17,30,31,19,8;8,18,31,20,9;9,19,31,32,33,21;9,20,33,34,22,10;10,21,34,35,23,11;11,22,35,36,37,24;11,23,37,38,25,12;12,24,38,39,26,13;13,25,39,40,27,14;14,26,40,41,28;14,27,41,29,16,15;16,28,41,42,30,17;17,29,42,43,31,18;18,30,43,32,20,19;20,31,43,44,45,33;20,32,45,34,21;21,33,45,46,35,22;22,34,46,36,23;23,35,46,47,48,37;23,36,48,49,38,24;24,37,49,39,25;25,38,49,50,40,26;26,39,50,51,41,27;27,40,51,42,29,28;29,41,51,52,43,30;30,42,52,44,32,31;32,43,52,53,54,45;32,44,54,46,34,33;34,45,54,47,36,35;36,46,54,55,48;36,47,55,56,49,37;37,48,56,50,39,38;39,49,56,57,51,40;40,50,57,52,42,41;42,51,57,53,44,43;44,52,57,55,54;44,53,55,47,46,45;47,54,53,57,56,48;48,55,57,50,49;50,56,55,53,52,51
ipr58_201 58 1,2,3,4,5,6;0,6,7,8,9,2;0,1,9,10,3;0,2,10,11,12,4;0,3,12,13,5;0,4,13,14,15,6;0,5,15,16,7,1;1,6,16,17,18,8;1,7,18,19,20,9;1,8,20,21,10,2;2,9,21,22,11,3;3,10,22,23,24,12;3,11,24,25,13,4;4,12,25,26,14,5;5,13,26,27,28,15;5,14,28,29,16,6;6,15,29,17,7;7,16,29,30,31,18;7,17,31,32,19,8;8,18,32,33,34,20;8,19,34,21,9;9,20,34,35,22,10;10,21,35,23,11;11,22,35,36,37,24;11,23,37,38,25,12;12,24,38,39,26,13;13,25,39,40,27,14;14,26,40,41,28;14,27,41,42,29,15;15,28,42,30,17,16;17,29,42,43,44,31;17,30,44,32,18;18,31,44,45,33,19;19,32,45,46,47,34;19,33,47,35,21,20;21,34,47,36,23,22;23,35,47,48,49,37;23,36,49,50,38,24;24,37,50,39,25;25,38,50,51,40,26;26,39,51,52,41,27;27,40,52,43,42,28;28,41,43,30,29;30,42,41,52,53,44;30,43,53,45,32,31;32,44,53,54,46,33;33,45,54,55,48,47;33,46,48,36,35,34;36,47,46,55,49;36,48,55,56,50,37;37,49,56,51,39,38;39,50,56,57,52,40;40,51,57,53,43,41;43,52,57,54,45,44;45,53,57,55,46;46,54,57,56,49,48;49,55,57,51,50;51,56,55,54,53,52
ipr58_202 58 1,2,3,4,5,6;0,6,7,8,9,2;0,1,9,10,11,3;0,2,11,12,13,4;0,3,13,14,5;0,4,14,15,16,6;0,5,16,7,1;1,6,16,17,18,8;1,7,18,19,20,9;1,8,20,21,10,2;2,9,21,22,11;2,10,22,23,12,3;3,11,23,24,25,13;3,12,25,26,14,4;4,13,26,27,15,5;5,14,27,28,29,16;5,15,29,17,7,6;7,16,29,30,31,18;7,17,31,19,8;8,18,31,32,33,20;8,19,33,34,21,9;9,20,34,35,22,10;10,21,35,36,23,11;11,22,36,37,24,12;12,23,37,38,25;12,24,38,39,26,13;13,25,39,40,27,14;14,26,40,41,28,15;15,27,41,42,30,29;15,28,30,17,16;17,29,28,42,43,31;17,30,43,32,19,18;19,31,43,44,45,33;19,32,45,34,20;20,33,45,46,35,21;21,34,46,47,36,22;22,35,47,48,37,23;23,36,48,49,38,24;24,37,49,50,39,25;25,38,50,40,26;26,39,50,51,41,27;27,40,51,52,42,28;28,41,52,44,43,30;30,42,44,32,31;32,43,42,52,53,45;32,44,53,46,34,33;34,45,53,54,47,35;35,46,54,55,48,36;36,47,55,49,37;37,48,55,56,50,38;38,49,56,51,40,39;40,50,56,57,52,41;41,51,57,53,44,42;44,52,57,54,46,45;46,53,57,55,47;47,54,57,56,49,48;49,55,57,51,50;51,56,55,54,53,52
ipr58_203 58 1,2,3,4,5,6;0,6,7,8,2;0,1,8,9,10,3;0,2,10,11,12,4;0,3,12,13,14,5;0,4,14,15,16,6;0,5,16,17,7,1;1,6,17,18,19,8;1,7,19,20,9,2;2,8,20,21,10;2,9,21,22,11,3;3,10,22,23,24,12;3,11,24,25,13,4;4,12,25,26,27,14;4,13,27,15,5;5,14,27,28,29,16;5,15,29,30,17,6;6,16,30,18,7;7,17,30,31,32,19;7,18,32,33,20,8;8,19,33,34,21,9;9,20,34,35,22,10;10,21,35,36,23,11;11,22,36,37,24;11,23,37,38,25,12;12,24,38,39,26,13;13,25,39,40,41,27;13,26,41,28,15,14;15,27,41,42,43,29;15,28,43,30,16;16,29,43,31,18,17;18,30,43,44,45,32;18,31,45,33,19;19,32,45,46,34,20;20,33,46,47,35,21;21,34,47,48,36,22;22,35,48,49,37,23;23,36,49,50,38,24;24,37,50,39,25;25,38,50,51,40,26;26,39,51,52,42,41;26,40,42,28,27;28,41,40,52,44,43;28,42,44,31,30,29;31,43,42,52,53,45;31,44,53,46,33,32;33,45,53,54,47,34;34,46,54,55,48,35;35,47,55,49,36;36,48,55,56,50,37;37,49,56,51,39,38;39,50,56,57,52,40;40,51,57,53,44,42;44,52,57,54,46,45;46,53,57,55,47;47,54,57,56,49,48;49,55,57,51,50;51,56,55,54,53,52
ipr58_204 58 1,2,3,4,5,6;0,6,7,8,9,2;0,1,9,10,11,3;0,2,11,12,13,4;0,3,13,14,5;0,4,14,15,16,6;0,5,16,17,7,1;1,6,17,18,19,8;1,7,19,20,21,9;1,8,21,10,2;2,9,21,22,23,11;2,10,23,24,12,3;3,11,24,25,13;3,12,25,26,14,4;4,13,26,27,15,5;5,14,27,28,16;5,15,28,29,17,6;6,16,29,30,18,7;7,17,30,31,32,19;7,18,32,33,20,8;8,19,33,34,35,21;8,20,35,22,10,9;10,21,35,36,37,23;10,22,37,38,24,11;11,23,38,39,25,12;12,24,39,40,26,13;13,25,40,41,27,14;14,26,41,42,28,15;15,27,42,43,29,16;16,28,43,44,30,17;17,29,44,31,18;18,30,44,45,46,32;18,31,46,33,19;19,32,46,47,34,20;20,33,47,48,36,35;20,34,36,22,21;22,35,34,48,49,37;22,36,49,50,38,23;23,37,50,39,24;24,38,50,51,40,25;25,39,51,41,26;26,40,51,52,42,27;27,41,52,53,43,28;28,42,53,44,29;29,43,53,45,31,30;31,44,53,54,55,46;31,45,55,47,33,32;33,46,55,48,34;34,47,55,56,49,36;36,48,56,57,50,37;37,49,57,51,39,38;39,50,57,52,41,40;41,51,57,54,53,42;42,52,54,45,44,43;45,53,52,57,56,55;45,54,56,48,47,46;48,55,54,57,49;49,56,54,52,51,50
ipr58_205 58 1,2,3,4,5,6;0,6,7,8,9,2;0,1,9,10,11,3;0,2,11,12,13,4;0,3,13,14,5;0,4,14,15,16,6;0,5,16,17,7,1;1,6,17,18,19,8;1,7,19,20,21,9;1,8,21,10,2;2,9,21,22,23,11;2,10,23,12,3;3,11,23,24,25,13;3,12,25,26,14,4;4,13,26,27,15,5;5,14,27,28,16;5,15,28,29,17,6;6,16,29,30,18,7;7,17,30,31,32,19;7,18,32,33,20,8;8,19,33,34,35,21;8,20,35,22,10,9;10,21,35,36,37,23;10,22,37,24,12,11;12,23,37,38,39,25;12,24,39,40,26,13;13,25,40,41,27,14;14,26,41,42,28,15;15,27,42,43,29,16;16,28,43,44,30,17;17,29,44,31,18;18,30,44,45,46,32;18,31,46,33,19;19,32,46,47,34,20;20,33,47,48,36,35;20,34,36,22,21;22,35,34,48,49,37;22,36,49,38,24,23;24,37,49,50,39;24,38,50,51,40,25;25,39,51,52,41,26;26,40,52,42,27;27,41,52,53,43,28;28,42,53,44,29;29,43,53,45,31,30;31,44,53,54,55,46;31,45,55,47,33,32;33,46,55,56,48,34;34,47,56,49,36;36,48,56,50,38,37;38,49,56,57,51,39;39,50,57,54,52,40;40,51,54,53,42,41;42,52,54,45,44,43;45,53,52,51,57,55;45,54,57,56,47,46;47,55,57,50,49,48;50,56,55,54,51
ipr58_206 58 1,2,3,4,5,6;0,6,7,8,9,2;0,1,9,10,11,3;0,2,11,12,13,4;0,3,13,14,5;0,4,14,15,16,6;0,5,16,17,7,1;1,6,17,18,8;1,7,18,19,20,9;1,8,20,21,10,2;2,9,21,22,11;2,10,22,23,12,3;3,11,23,24,25,13;3,12,25,26,14,4;4,13,26,27,15,5;5,14,27,28,16;5,15,28,29,17,6;6,16,29,30,18,7;7,17,30,31,19,8;8,18,31,32,33,20;8,19,33,34,21,9;9,20,34,35,22,10;10,21,35,36,23,11;11,22,36,37,24,12;12,23,37,38,25;12,24,38,39,26,13;13,25,39,40,27,14;14,26,40,41,28,15;15,27,41,42,29,16;16,28,42,30,17;17,29,42,43,31,18;18,30,43,32,19;19,31,43,44,45,33;19,32,45,46,34,20;20,33,46,35,21;21,34,46,47,36,22;22,35,47,48,37,23;23,36,48,49,38,24;24,37,49,50,39,25;25,38,50,51,40,26;26,39,51,41,27;27,40,51,52,42,28;28,41,52,43,30,29;30,42,52,44,32,31;32,43,52,53,54,45;32,44,54,55,46,33;33,45,55,47,35,34;35,46,55,56,48,36;36,47,56,49,37;37,48,56,57,50,38;38,49,57,53,51,39;39,50,53,52,41,40;41,51,53,44,43,42;44,52,51,50,57,54;44,53,57,56,55,45;45,54,56,47,46;47,55,54,57,49,48;49,56,54,53,50
ipr58_207 58 1,2,3,4,5,6;0,6,7,8,2;0,1,8,9,10,3;0,2,10,11,12,4;0,3,12,13,5;0,4,13,14,15,6;0,5,15,16,7,1;1,6,16,17,18,8;1,7,18,19,9,2;2,8,19,20,21,10;2,9,21,22,11,3;3,10,22,23,24,12;3,11,24,25,13,4;4,12,25,26,14,5;5,13,26,27,15;5,14,27,28,16,6;6,15,28,29,17,7;7,16,29,30,18;7,17,30,31,19,8;8,18,31,20,9;9,19,31,32,33,21;9,20,33,34,22,10;10,21,34,35,23,11;11,22,35,36,24;11,23,36,37,25,12;12,24,37,38,26,13;13,25,38,39,27,14;14,26,39,40,28,15;15,27,40,41,29,16;16,28,41,42,30,17;17,29,42,43,31,18;18,30,43,32,20,19;20,31,43,44,33;20,32,44,45,34,21;21,33,45,46,35,22;22,34,46,47,36,23;23,35,47,48,37,24;24,36,48,49,38,25;25,37,49,39,26;26,38,49,50,40,27;27,39,50,41,28;28,40,50,51,42,29;29,41,51,52,43,30;30,42,52,44,32,31;32,43,52,53,45,33;33,44,53,54,46,34;34,45,54,47,35;35,46,54,55,48,36;36,47,55,56,49,37;37,48,56,50,39,38;39,49,56,51,41,40;41,50,56,57,52,42;42,51,57,53,44,43;44,52,57,54,45;45,53,57,55,47,46;47,54,57,56,48;48,55,57,51,50,49;51,56,55,54,53,52
ipr58_208 58 1,2,3,4,5,6;0,6,7,8,2;0,1,8,9,10,3;0,2,10,11,12,4;0,3,12,13,5;0,4,13,14,15,6;0,5,15,16,7,1;1,6,16,17,18,8;1,7,18,19,9,2;2,8,19,20,10;2,9,20,21,11,3;3,10,21,22,23,12;3,11,23,24,13,4;4,12,24,25,14,5;5,13,25,26,15;5,14,26,27,16,6;6,15,27,28,17,7;7,16,28,29,30,18;7,17,30,31,19,8;8,18,31,32,20,9;9,19,32,33,21,10;10,20,33,34,22,11;11,21,34,35,36,23;11,22,36,37,24,12;12,23,37,38,25,13;13,24,38,39,26,14;14,25,39,40,27,15;15,26,40,41,28,16;16,27,41,29,17;17,28,41,42,43,30;17,29,43,44,31,18;18,30,44,45,32,19;19,31,45,33,20;20,32,45,46,34,21;21,33,46,35,22;22,34,46,47,48,36;22,35,48,49,37,23;23,36,49,50,38,24;24,37,50,39,25;25,38,50,51,40,26;26,39,51,41,27;27,40,51,42,29,28;29,41,51,52,53,43;29,42,53,54,44,30;30,43,54,55,45,31;31,44,55,46,33,32;33,45,55,47,35,34;35,46,55,56,48;35,47,56,57,49,36;36,48,57,52,50,37;37,49,52,51,39,38;39,50,52,42,41,40;42,51,50,49,57,53;42,52,57,56,54,43;43,53,56,55,44;44,54,56,47,46,45;47,55,54,53,57,48;48,56,53,52,49
ipr58_209 58 1,2,3,4,5,6;0,6,7,8,2;0,1,8,9,10,3;0,2,10,11,12,4;0,3,12,13,14,5;0,4,14,15,6;0,5,15,16,7,1;1,6,16,17,18,8;1,7,18,19,9,2;2,8,19,20,10;2,9,20,21,11,3;3,10,21,22,23,12;3,11,23,24,13,4;4,12,24,25,26,14;4,13,26,27,15,5;5,14,27,28,16,6;6,15,28,29,17,7;7,16,29,30,31,18;7,17,31,32,19,8;8,18,32,33,20,9;9,19,33,34,21,10;10,20,34,35,22,11;11,21,35,36,23;11,22,36,37,24,12;12,23,37,38,25,13;13,24,38,39,40,26;13,25,40,27,14;14,26,40,41,28,15;15,27,41,29,16;16,28,41,42,30,17;17,29,42,43,44,31;17,30,44,45,32,18;18,31,45,33,19;19,32,45,46,34,20;20,33,46,47,35,21;21,34,47,48,36,22;22,35,48,49,37,23;23,36,49,50,38,24;24,37,50,39,25;25,38,50,51,52,40;25,39,52,41,27,26;27,40,52,42,29,28;29,41,52,51,43,30;30,42,51,53,54,44;30,43,54,55,45,31;31,44,55,46,33,32;33,45,55,56,47,34;34,46,56,48,35;35,47,56,57,49,36;36,48,57,53,50,37;37,49,53,51,39,38;39,50,53,43,42,52;39,51,42,41,40;43,51,50,49,57,54;43,53,57,56,55,44;44,54,56,46,45;46,55,54,57,48,47;48,56,54,53,49
ipr58_210 58 1,2,3,4,5,6;0,6,7,8,9,2;0,1,9,10,11,3;0,2,11,12,13,4;0,3,13,14,5;0,4,14,15,16,6;0,5,16,17,7,1;1,6,17,18,19,8;1,7,19,20,21,9;1,8,21,10,2;2,9,21,22,23,11;2,10,23,24,12,3;3,11,24,25,13;3,12,25,26,14,4;4,13,26,27,15,5;5,14,27,28,16;5,15,28,29,17,6;6,16,29,30,18,7;7,17,30,31,32,19;7,18,32,33,20,8;8,19,33,34,35,21;8,20,35,22,10,9;10,21,35,36,37,23;10,22,37,24,11;11,23,37,38,25,12;12,24,38,39,26,13;13,25,39,40,27,14;14,26,40,41,28,15;15,27,41,42,29,16;16,28,42,43,30,17;17,29,43,31,18;18,30,43,44,45,32;18,31,45,33,19;19,32,45,46,34,20;20,33,46,47,48,35;20,34,48,36,22,21;22,35,48,49,50,37;22,36,50,38,24,23;24,37,50,51,39,25;25,38,51,40,26;26,39,51,52,41,27;27,40,52,53,42,28;28,41,53,43,29;29,42,53,44,31,30;31,43,53,54,55,45;31,44,55,46,33,32;33,45,55,47,34;34,46,55,56,49,48;34,47,49,36,35;36,48,47,56,57,50;36,49,57,51,38,37;38,50,57,52,40,39;40,51,57,54,53,41;41,52,54,44,43,42;44,53,52,57,56,55;44,54,56,47,46,45;47,55,54,57,49;49,56,54,52,51,50
ipr58_211 58 1,2,3,4,5,6;0,6,7,8,2;0,1,8,9,10,3;0,2,10,11,12,4;0,3,12,13,14,5;0,4,14,15,6;0,5,15,16,7,1;1,6,16,17,18,8;1,7,18,19,9,2;2,8,19,20,21,10;2,9,21,22,11,3;3,10,22,23,12;3,11,23,24,13,4;4,12,24,25,26,14;4,13,26,27,15,5;5,14,27,28,16,6;6,15,28,29,17,7;7,16,29,30,31,18;7,17,31,32,19,8;8,18,32,33,20,9;9,19,33,34,35,21;9,20,35,36,22,10;10,21,36,37,23,11;11,22,37,38,24,12;12,23,38,39,25,13;13,24,39,40,41,26;13,25,41,27,14;14,26,41,42,28,15;15,27,42,29,16;16,28,42,43,30,17;17,29,43,44,45,31;17,30,45,32,18;18,31,45,46,33,19;19,32,46,47,34,20;20,33,47,48,35;20,34,48,49,36,21;21,35,49,37,22;22,36,49,50,38,23;23,37,50,39,24;24,38,50,51,40,25;25,39,51,52,53,41;25,40,53,42,27,26;27,41,53,43,29,28;29,42,53,52,44,30;30,43,52,54,55,45;30,44,55,46,32,31;32,45,55,47,33;33,46,55,56,48,34;34,47,56,57,49,35;35,48,57,50,37,36;37,49,57,51,39,38;39,50,57,54,52,40;40,51,54,44,43,53;40,52,43,42,41;44,52,51,57,56,55;44,54,56,47,46,45;47,55,54,57,48;48,56,54,51,50,49
ipr58_212 58 1,2,3,4,5,6;0,6,7,8,2;0,1,8,9,10,3;0,2,10,11,12,4;0,3,12,13,5;0,4,13,14,15,6;0,5,15,16,7,1;1,6,16,17,18,8;1,7,18,19,9,2;2,8,19,20,10;2,9,20,21,11,3;3,10,21,22,23,12;3,11,23,24,13,4;4,12,24,25,14,5;5,13,25,26,15;5,14,26,27,16,6;6,15,27,28,17,7;7,16,28,29,30,18;7,17,30,31,19,8;8,18,31,32,20,9;9,19,32,33,21,10;10,20,33,34,22,11;11,21,34,35,23;11,22,35,36,24,12;12,23,36,37,25,13;13,24,37,38,26,14;14,25,38,39,27,15;15,26,39,40,28,16;16,27,40,29,17;17,28,40,41,42,30;17,29,42,43,31,18;18,30,43,32,19;19,31,43,44,33,20;20,32,44,45,34,21;21,33,45,46,35,22;22,34,46,47,36,23;23,35,47,48,37,24;24,36,48,49,38,25;25,37,49,50,39,26;26,38,50,40,27;27,39,50,41,29,28;29,40,50,51,52,42;29,41,52,53,43,30;30,42,53,44,32,31;32,43,53,54,45,33;33,44,54,55,46,34;34,45,55,47,35;35,46,55,56,48,36;36,47,56,49,37;37,48,56,51,50,38;38,49,51,41,40,39;41,50,49,56,57,52;41,51,57,54,53,42;42,52,54,44,43;44,53,52,57,55,45;45,54,57,56,47,46;47,55,57,51,49,48;51,56,55,54,52
ipr58_213 58 1,2,3,4,5,6;0,6,7,8,9,2;0,1,9,10,11,3;0,2,11,12,13,4;0,3,13,14,5;0,4,14,15,16,6;0,5,16,17,7,1;1,6,17,18,19,8;1,7,19,20,21,9;1,8,21,10,2;2,9,21,22,23,11;2,10,23,12,3;3,11,23,24,25,13;3,12,25,26,14,4;4,13,26,27,15,5;5,14,27,28,29,16;5,15,29,30,17,6;6,16,30,31,18,7;7,17,31,32,33,19;7,18,33,34,20,8;8,19,34,35,36,21;8,20,36,22,10,9;10,21,36,37,38,23;10,22,38,24,12,11;12,23,38,39,40,25;12,24,40,26,13;13,25,40,41,27,14;14,26,41,28,15;15,27,41,42,43,29;15,28,43,44,30,16;16,29,44,45,31,17;17,30,45,32,18;18,31,45,46,47,33;18,32,47,34,19;19,33,47,48,35,20;20,34,48,49,37,36;20,35,37,22,21;22,36,35,49,50,38;22,37,50,39,24,23;24,38,50,51,52,40;24,39,52,41,26,25;26,40,52,42,28,27;28,41,52,53,43;28,42,53,54,44,29;29,43,54,45,30;30,44,54,46,32,31;32,45,54,55,56,47;32,46,56,48,34,33;34,47,56,49,35;35,48,56,57,50,37;37,49,57,51,39,38;39,50,57,55,53,52;39,51,53,42,41,40;42,52,51,55,54,43;43,53,55,46,45,44;46,54,53,51,57,56;46,55,57,49,48,47;49,56,55,51,50
ipr58_214 58 1,2,3,4,5,6;0,6,7,8,2;0,1,8,9,10,3;0,2,10,11,12,4;0,3,12,13,5;0,4,13,14,15,6;0,5,15,16,7,1;1,6,16,17,18,8;1,7,18,19,9,2;2,8,19,20,10;2,9,20,21,11,3;3,10,21,22,23,12;3,11,23,24,13,4;4,12,24,25,14,5;5,13,25,26,27,15;5,14,27,28,16,6;6,15,28,29,17,7;7,16,29,30,31,18;7,17,31,32,19,8;8,18,32,33,20,9;9,19,33,34,21,10;10,20,34,35,22,11;11,21,35,36,37,23;11,22,37,24,12;12,23,37,38,25,13;13,24,38,26,14;14,25,38,39,40,27;14,26,40,41,28,15;15,27,41,42,29,16;16,28,42,30,17;17,29,42,43,44,31;17,30,44,45,32,18;18,31,45,33,19;19,32,45,46,34,20;20,33,46,47,35,21;21,34,47,48,36,22;22,35,48,49,50,37;22,36,50,38,24,23;24,37,50,39,26,25;26,38,50,51,40;26,39,51,52,41,27;27,40,52,42,28;28,41,52,43,30,29;30,42,52,53,54,44;30,43,54,55,45,31;31,44,55,46,33,32;33,45,55,56,47,34;34,46,56,48,35;35,47,56,57,49,36;36,48,57,53,51,50;36,49,51,39,38,37;39,50,49,53,52,40;40,51,53,43,42,41;43,52,51,49,57,54;43,53,57,56,55,44;44,54,56,46,45;46,55,54,57,48,47;48,56,54,53,49
ipr58_215 58 1,2,3,4,5,6;0,6,7,8,2;0,1,8,9,10,3;0,2,10,11,12,4;0,3,12,13,14,5;0,4,14,15,6;0,5,15,16,7,1;1,6,16,17,18,8;1,7,18,19,9,2;2,8,19,20,21,10;2,9,21,11,3;3,10,21,22,23,12;3,11,23,24,13,4;4,12,24,25,26,14;4,13,26,27,15,5;5,14,27,28,16,6;6,15,28,29,17,7;7,16,29,30,31,18;7,17,31,32,19,8;8,18,32,33,20,9;9,19,33,34,35,21;9,20,35,22,11,10;11,21,35,36,37,23;11,22,37,24,12;12,23,37,38,25,13;13,24,38,39,26;13,25,39,40,27,14;14,26,40,41,28,15;15,27,41,29,16;16,28,41,42,30,17;17,29,42,43,44,31;17,30,44,32,18;18,31,44,45,33,19;19,32,45,46,34,20;20,33,46,47,35;20,34,47,36,22,21;22,35,47,48,49,37;22,36,49,38,24,23;24,37,49,50,39,25;25,38,50,51,40,26;26,39,51,52,41,27;27,40,52,42,29,28;29,41,52,53,43,30;30,42,53,54,55,44;30,43,55,45,32,31;32,44,55,46,33;33,45,55,56,47,34;34,46,56,48,36,35;36,47,56,54,57,49;36,48,57,50,38,37;38,49,57,51,39;39,50,57,53,52,40;40,51,53,42,41;42,52,51,57,54,43;43,53,57,48,56,55;43,54,56,46,45,44;46,55,54,48,47;48,54,53,51,50,49
ipr58_216 58 1,2,3,4,5,6;0,6,7,8,2;0,1,8,9,10,3;0,2,10,11,12,4;0,3,12,13,14,5;0,4,14,15,16,6;0,5,16,17,7,1;1,6,17,18,19,8;1,7,19,20,9,2;2,8,20,21,22,10;2,9,22,11,3;3,10,22,23,24,12;3,11,24,25,13,4;4,12,25,26,27,14;4,13,27,15,5;5,14,27,28,29,16;5,15,29,30,17,6;6,16,30,31,18,7;7,17,31,32,33,19;7,18,33,34,20,8;8,19,34,35,21,9;9,20,35,36,37,22;9,21,37,23,11,10;11,22,37,38,39,24;11,23,39,25,12;12,24,39,40,26,13;13,25,40,41,27;13,26,41,28,15,14;15,27,41,42,43,29;15,28,43,30,16;16,29,43,44,31,17;17,30,44,32,18;18,31,44,45,46,33;18,32,46,34,19;19,33,46,47,35,20;20,34,47,48,36,21;21,35,48,49,37;21,36,49,38,23,22;23,37,49,50,51,39;23,38,51,40,25,24;25,39,51,52,41,26;26,40,52,42,28,27;28,41,52,53,54,43;28,42,54,44,30,29;30,43,54,45,32,31;32,44,54,55,56,46;32,45,56,47,34,33;34,46,56,48,35;35,47,56,57,49,36;36,48,57,50,38,37;38,49,57,55,53,51;38,50,53,52,40,39;40,51,53,42,41;42,52,51,50,55,54;42,53,55,45,44,43;45,54,53,50,57,56;45,55,57,48,47,46;48,56,55,50,49
ipr58_217 58 1,2,3,4,5,6;0,6,7,8,2;0,1,8,9,10,3;0,2,10,11,12,4;0,3,12,13,5;0,4,13,14,15,6;0,5,15,16,7,1;1,6,16,17,18,8;1,7,18,19,9,2;2,8,19,20,21,10;2,9,21,22,11,3;3,10,22,23,12;3,11,23,24,13,4;4,12,24,25,14,5;5,13,25,26,27,15;5,14,27,28,16,6;6,15,28,29,17,7;7,16,29,30,31,18;7,17,31,32,19,8;8,18,32,33,20,9;9,19,33,34,35,21;9,20,35,36,22,10;10,21,36,37,23,11;11,22,37,38,24,12;12,23,38,25,13;13,24,38,39,26,14;14,25,39,40,41,27;14,26,41,42,28,15;15,27,42,43,29,16;16,28,43,30,17;17,29,43,44,45,31;17,30,45,32,18;18,31,45,46,33,19;19,32,46,47,34,20;20,33,47,48,35;20,34,48,49,36,21;21,35,49,50,37,22;22,36,50,38,23;23,37,50,39,25,24;25,38,50,51,40,26;26,39,51,52,41;26,40,52,53,42,27;27,41,53,43,28;28,42,53,44,30,29;30,43,53,54,55,45;30,44,55,46,32,31;32,45,55,47,33;33,46,55,56,48,34;34,47,56,57,49,35;35,48,57,51,50,36;36,49,51,39,38,37;39,50,49,57,52,40;40,51,57,54,53,41;41,52,54,44,43,42;44,53,52,57,56,55;44,54,56,47,46,45;47,55,54,57,48;48,56,54,52,51,49
ipr58_218 58 1,2,3,4,5,6;0,6,7,8,9,2;0,1,9,10,11,3;0,2,11,12,13,4;0,3,13,14,15,5;0,4,15,16,6;0,5,16,17,7,1;1,6,17,18,19,8;1,7,19,20,21,9;1,8,21,10,2;2,9,21,22,23,11;2,10,23,12,3;3,11,23,24,25,13;3,12,25,26,14,4;4,13,26,27,28,15;4,14,28,29,16,5;5,15,29,30,17,6;6,16,30,31,18,7;7,17,31,32,33,19;7,18,33,34,20,8;8,19,34,35,36,21;8,20,36,22,10,9;10,21,36,37,38,23;10,22,38,24,12,11;12,23,38,39,25;12,24,39,40,26,13;13,25,40,41,27,14;14,26,41,42,43,28;14,27,43,29,15;15,28,43,44,30,16;16,29,44,31,17;17,30,44,45,32,18;18,31,45,46,47,33;18,32,47,34,19;19,33,47,48,35,20;20,34,48,49,37,36;20,35,37,22,21;22,36,35,49,50,38;22,37,50,39,24,23;24,38,50,51,40,25;25,39,51,52,41,26;26,40,52,42,27;27,41,52,53,54,43;27,42,54,44,29,28;29,43,54,45,31,30;31,44,54,53,46,32;32,45,53,55,56,47;32,46,56,48,34,33;34,47,56,49,35;35,48,56,57,50,37;37,49,57,51,39,38;39,50,57,55,52,40;40,51,55,53,42,41;42,52,55,46,45,54;42,53,45,44,43;46,53,52,51,57,56;46,55,57,49,48,47;49,56,55,51,50
ipr58_219 58 1,2,3,4,5,6;0,6,7,8,9,2;0,1,9,10,11,3;0,2,11,12,13,4;0,3,13,14,15,5;0,4,15,16,6;0,5,16,17,7,1;1,6,17,18,19,8;1,7,19,20,9;1,8,20,21,10,2;2,9,21,22,23,11;2,10,23,12,3;3,11,23,24,25,13;3,12,25,26,14,4;4,13,26,27,28,15;4,14,28,29,16,5;5,15,29,30,17,6;6,16,30,31,18,7;7,17,31,32,33,19;7,18,33,34,20,8;8,19,34,35,21,9;9,20,35,36,22,10;10,21,36,37,38,23;10,22,38,24,12,11;12,23,38,39,25;12,24,39,40,26,13;13,25,40,41,27,14;14,26,41,42,43,28;14,27,43,29,15;15,28,43,44,30,16;16,29,44,31,17;17,30,44,45,32,18;18,31,45,46,47,33;18,32,47,34,19;19,33,47,48,35,20;20,34,48,36,21;21,35,48,49,37,22;22,36,49,50,38;22,37,50,39,24,23;24,38,50,51,40,25;25,39,51,52,41,26;26,40,52,42,27;27,41,52,53,54,43;27,42,54,44,29,28;29,43,54,45,31,30;31,44,54,53,46,32;32,45,53,55,56,47;32,46,56,48,34,33;34,47,56,49,36,35;36,48,56,57,50,37;37,49,57,51,39,38;39,50,57,55,52,40;40,51,55,53,42,41;42,52,55,46,45,54;42,53,45,44,43;46,53,52,51,57,56;46,55,57,49,48,47;49,56,55,51,50
ipr58_220 58 1,2,3,4,5,6;0,6,7,8,2;0,1,8,9,10,3;0,2,10,11,12,4;0,3,12,13,14,5;0,4,14,15,6;0,5,15,16,7,1;1,6,16,17,18,8;1,7,18,19,9,2;2,8,19,20,21,10;2,9,21,22,11,3;3,10,22,23,12;3,11,23,24,13,4;4,12,24,25,14;4,13,25,26,15,5;5,14,26,27,16,6;6,15,27,28,17,7;7,16,28,29,30,18;7,17,30,31,19,8;8,18,31,32,20,9;9,19,32,33,34,21;9,20,34,35,22,10;10,21,35,36,23,11;11,22,36,37,24,12;12,23,37,38,25,13;13,24,38,39,26,14;14,25,39,40,27,15;15,26,40,28,16;16,27,40,41,29,17;17,28,41,42,43,30;17,29,43,31,18;18,30,43,44,32,19;19,31,44,45,33,20;20,32,45,46,34;20,33,46,47,35,21;21,34,47,36,22;22,35,47,48,37,23;23,36,48,49,38,24;24,37,49,50,39,25;25,38,50,51,40,26;26,39,51,41,28,27;28,40,51,52,42,29;29,41,52,53,54,43;29,42,54,44,31,30;31,43,54,45,32;32,44,54,55,46,33;33,45,55,56,47,34;34,46,56,48,36,35;36,47,56,57,49,37;37,48,57,50,38;38,49,57,52,51,39;39,50,52,41,40;41,51,50,57,53,42;42,52,57,56,55,54;42,53,55,45,44,43;45,54,53,56,46;46,55,53,57,48,47;48,56,53,52,50,49
ipr58_221 58 1,2,3,4,5,6;0,6,7,8,2;0,1,8,9,10,3;0,2,10,11,12,4;0,3,12,13,14,5;0,4,14,15,6;0,5,15,16,7,1;1,6,16,17,18,8;1,7,18,19,9,2;2,8,19,20,21,10;2,9,21,11,3;3,10,21,22,23,12;3,11,23,24,13,4;4,12,24,25,26,14;4,13,26,27,15,5;5,14,27,28,16,6;6,15,28,29,17,7;7,16,29,30,31,18;7,17,31,32,19,8;8,18,32,33,20,9;9,19,33,34,35,21;9,20,35,22,11,10;11,21,35,36,23;11,22,36,37,24,12;12,23,37,38,25,13;13,24,38,39,40,26;13,25,40,27,14;14,26,40,41,28,15;15,27,41,29,16;16,28,41,42,30,17;17,29,42,43,44,31;17,30,44,32,18;18,31,44,45,33,19;19,32,45,46,34,20;20,33,46,47,48,35;20,34,48,36,22,21;22,35,48,49,37,23;23,36,49,50,38,24;24,37,50,51,39,25;25,38,51,52,53,40;25,39,53,41,27,26;27,40,53,42,29,28;29,41,53,52,43,30;30,42,52,54,55,44;30,43,55,45,32,31;32,44,55,46,33;33,45,55,56,47,34;34,46,56,57,49,48;34,47,49,36,35;36,48,47,57,50,37;37,49,57,51,38;38,50,57,54,52,39;39,51,54,43,42,53;39,52,42,41,40;43,52,51,57,56,55;43,54,56,46,45,44;46,55,54,57,47;47,56,54,51,50,49
ipr58_222 58 1,2,3,4,5,6;0,6,7,8,2;0,1,8,9,10,3;0,2,10,11,12,4;0,3,12,13,14,5;0,4,14,15,6;0,5,15,16,7,1;1,6,16,17,18,8;1,7,18,19,9,2;2,8,19,20,21,10;2,9,21,22,11,3;3,10,22,23,24,12;3,11,24,13,4;4,12,24,25,26,14;4,13,26,27,15,5;5,14,27,28,16,6;6,15,28,29,17,7;7,16,29,30,18;7,17,30,31,19,8;8,18,31,32,20,9;9,19,32,33,34,21;9,20,34,35,22,10;10,21,35,23,11;11,22,35,36,37,24;11,23,37,25,13,12;13,24,37,38,39,26;13,25,39,27,14;14,26,39,40,28,15;15,27,40,41,29,16;16,28,41,42,30,17;17,29,42,43,31,18;18,30,43,44,32,19;19,31,44,45,33,20;20,32,45,46,47,34;20,33,47,35,21;21,34,47,36,23,22;23,35,47,48,49,37;23,36,49,38,25,24;25,37,49,50,51,39;25,38,51,40,27,26;27,39,51,41,28;28,40,51,52,42,29;29,41,52,53,43,30;30,42,53,44,31;31,43,53,54,45,32;32,44,54,55,46,33;33,45,55,48,47;33,46,48,36,35,34;36,47,46,55,56,49;36,48,56,50,38,37;38,49,56,57,52,51;38,50,52,41,40,39;41,51,50,57,53,42;42,52,57,54,44,43;44,53,57,55,45;45,54,57,56,48,46;48,55,57,50,49;50,56,55,54,53,52
ipr58_223 58 1,2,3,4,5,6;0,6,7,8,9,2;0,1,9,10,11,3;0,2,11,12,4;0,3,12,13,14,5;0,4,14,15,6;0,5,15,16,7,1;1,6,16,17,18,8;1,7,18,19,20,9;1,8,20,21,10,2;2,9,21,22,23,11;2,10,23,24,12,3;3,11,24,25,13,4;4,12,25,26,14;4,13,26,27,15,5;5,14,27,28,16,6;6,15,28,29,17,7;7,16,29,30,31,18;7,17,31,32,19,8;8,18,32,33,34,20;8,19,34,35,21,9;9,20,35,36,22,10;10,21,36,37,23;10,22,37,38,24,11;11,23,38,25,12;12,24,38,39,26,13;13,25,39,40,27,14;14,26,40,41,28,15;15,27,41,42,29,16;16,28,42,30,17;17,29,42,43,44,31;17,30,44,32,18;18,31,44,45,33,19;19,32,45,46,47,34;19,33,47,48,35,20;20,34,48,36,21;21,35,48,49,37,22;22,36,49,50,38,23;23,37,50,39,25,24;25,38,50,51,40,26;26,39,51,52,41,27;27,40,52,42,28;28,41,52,43,30,29;30,42,52,53,54,44;30,43,54,45,32,31;32,44,54,46,33;33,45,54,55,56,47;33,46,56,48,34;34,47,56,49,36,35;36,48,56,57,50,37;37,49,57,51,39,38;39,50,57,53,52,40;40,51,53,43,42,41;43,52,51,57,55,54;43,53,55,46,45,44;46,54,53,57,56;46,55,57,49,48,47;49,56,55,53,51,50
ipr58_224 58 1,2,3,4,5,6;0,6,7,8,9,2;0,1,9,10,3;0,2,10,11,12,4;0,3,12,13,5;0,4,13,14,15,6;0,5,15,16,7,1;1,6,16,17,18,8;1,7,18,19,20,9;1,8,20,21,10,2;2,9,21,22,11,3;3,10,22,23,12;3,11,23,24,13,4;4,12,24,25,14,5;5,13,25,26,27,15;5,14,27,28,16,6;6,15,28,29,17,7;7,16,29,30,31,18;7,17,31,32,19,8;8,18,32,33,34,20;8,19,34,35,21,9;9,20,35,36,22,10;10,21,36,37,23,11;11,22,37,38,24,12;12,23,38,25,13;13,24,38,39,26,14;14,25,39,40,27;14,26,40,41,28,15;15,27,41,42,29,16;16,28,42,30,17;17,29,42,43,44,31;17,30,44,32,18;18,31,44,45,33,19;19,32,45,46,47,34;19,33,47,48,35,20;20,34,48,36,21;21,35,48,49,37,22;22,36,49,50,38,23;23,37,50,39,25,24;25,38,50,51,40,26;26,39,51,52,41,27;27,40,52,42,28;28,41,52,43,30,29;30,42,52,53,54,44;30,43,54,45,32,31;32,44,54,46,33;33,45,54,55,56,47;33,46,56,48,34;34,47,56,49,36,35;36,48,56,57,50,37;37,49,57,51,39,38;39,50,57,53,52,40;40,51,53,43,42,41;43,52,51,57,55,54;43,53,55,46,45,44;46,54,53,57,56;46,55,57,49,48,47;49,56,55,53,51,50
ipr58_225 58 1,2,3,4,5,6;0,6,7,8,9,2;0,1,9,10,11,3;0,2,11,12,13,4;0,3,13,14,5;0,4,14,15,16,6;0,5,16,17,7,1;1,6,17,18,19,8;1,7,19,20,21,9;1,8,21,10,2;2,9,21,22,23,11;2,10,23,12,3;3,11,23,24,25,13;3,12,25,26,14,4;4,13,26,27,15,5;5,14,27,28,29,16;5,15,29,30,17,6;6,16,30,31,18,7;7,17,31,32,33,19;7,18,33,34,20,8;8,19,34,35,36,21;8,20,36,22,10,9;10,21,36,37,38,23;10,22,38,24,12,11;12,23,38,39,40,25;12,24,40,41,26,13;13,25,41,27,14;14,26,41,42,28,15;15,27,42,43,29;15,28,43,44,30,16;16,29,44,45,31,17;17,30,45,32,18;18,31,45,46,47,33;18,32,47,34,19;19,33,47,48,35,20;20,34,48,49,37,36;20,35,37,22,21;22,36,35,49,50,38;22,37,50,39,24,23;24,38,50,51,52,40;24,39,52,41,25;25,40,52,42,27,26;27,41,52,53,43,28;28,42,53,54,44,29;29,43,54,45,30;30,44,54,46,32,31;32,45,54,55,56,47;32,46,56,48,34,33;34,47,56,49,35;35,48,56,57,50,37;37,49,57,51,39,38;39,50,57,55,53,52;39,51,53,42,41,40;42,52,51,55,54,43;43,53,55,46,45,44;46,54,53,51,57,56;46,55,57,49,48,47;49,56,55,51,50
ipr58_226 58 1,2,3,4,5,6;0,6,7,8,9,2;0,1,9,10,11,3;0,2,11,12,13,4;0,3,13,14,5;0,4,14,15,16,6;0,5,16,7,1;1,6,16,17,18,8;1,7,18,19,20,9;1,8,20,21,10,2;2,9,21,22,23,11;2,10,23,12,3;3,11,23,24,25,13;3,12,25,26,14,4;4,13,26,27,15,5;5,14,27,28,29,16;5,15,29,17,7,6;7,16,29,30,31,18;7,17,31,32,19,8;8,18,32,33,34,20;8,19,34,35,21,9;9,20,35,36,22,10;10,21,36,37,38,23;10,22,38,24,12,11;12,23,38,39,40,25;12,24,40,41,26,13;13,25,41,27,14;14,26,41,42,28,15;15,27,42,43,30,29;15,28,30,17,16;17,29,28,43,44,31;17,30,44,45,32,18;18,31,45,33,19;19,32,45,46,47,34;19,33,47,35,20;20,34,47,48,36,21;21,35,48,49,37,22;22,36,49,50,38;22,37,50,39,24,23;24,38,50,51,52,40;24,39,52,41,25;25,40,52,42,27,26;27,41,52,53,43,28;28,42,53,54,44,30;30,43,54,45,31;31,44,54,46,33,32;33,45,54,55,56,47;33,46,56,48,35,34;35,47,56,49,36;36,48,56,57,50,37;37,49,57,51,39,38;39,50,57,55,53,52;39,51,53,42,41,40;42,52,51,55,54,43;43,53,55,46,45,44;46,54,53,51,57,56;46,55,57,49,48,47;49,56,55,51,50
ipr58_227 58 1,2,3,4,5,6;0,6,7,8,2;0,1,8,9,10,3;0,2,10,11,12,4;0,3,12,13,5;0,4,13,14,15,6;0,5,15,16,7,1;1,6,16,17,18,8;1,7,18,19,9,2;2,8,19,20,21,10;2,9,21,22,11,3;3,10,22,23,24,12;3,11,24,25,13,4;4,12,25,26,14,5;5,13,26,27,28,15;5,14,28,29,16,6;6,15,29,30,17,7;7,16,30,31,32,18;7,17,32,33,19,8;8,18,33,34,20,9;9,19,34,35,36,21;9,20,36,22,10;10,21,36,37,23,11;11,22,37,38,39,24;11,23,39,40,25,12;12,24,40,26,13;13,25,40,41,27,14;14,26,41,42,28;14,27,42,43,29,15;15,28,43,44,30,16;16,29,44,31,17;17,30,44,45,46,32;17,31,46,33,18;18,32,46,47,34,19;19,33,47,35,20;20,34,47,48,49,36;20,35,49,37,22,21;22,36,49,50,38,23;23,37,50,51,52,39;23,38,52,40,24;24,39,52,41,26,25;26,40,52,53,42,27;27,41,53,54,43,28;28,42,54,44,29;29,43,54,45,31,30;31,44,54,55,56,46;31,45,56,47,33,32;33,46,56,48,35,34;35,47,56,57,50,49;35,48,50,37,36;37,49,48,57,51,38;38,50,57,55,53,52;38,51,53,41,40,39;41,52,51,55,54,42;42,53,55,45,44,43;45,54,53,51,57,56;45,55,57,48,47,46;48,56,55,51,50
ipr58_228 58 1,2,3,4,5,6;0,6,7,8,2;0,1,8,9,10,3;0,2,10,11,12,4;0,3,12,13,5;0,4,13,14,15,6;0,5,15,16,7,1;1,6,16,17,18,8;1,7,18,19,9,2;2,8,19,20,10;2,9,20,21,11,3;3,10,21,22,23,12;3,11,23,24,13,4;4,12,24,25,14,5;5,13,25,26,27,15;5,14,27,28,16,6;6,15,28,29,17,7;7,16,29,30,31,18;7,17,31,32,19,8;8,18,32,33,20,9;9,19,33,34,21,10;10,20,34,35,22,11;11,21,35,36,37,23;11,22,37,38,24,12;12,23,38,25,13;13,24,38,39,26,14;14,25,39,40,27;14,26,40,41,28,15;15,27,41,42,29,16;16,28,42,30,17;17,29,42,43,44,31;17,30,44,45,32,18;18,31,45,33,19;19,32,45,46,34,20;20,33,46,47,35,21;21,34,47,48,36,22;22,35,48,49,50,37;22,36,50,38,23;23,37,50,39,25,24;25,38,50,51,40,26;26,39,51,52,41,27;27,40,52,42,28;28,41,52,43,30,29;30,42,52,53,54,44;30,43,54,55,45,31;31,44,55,46,33,32;33,45,55,56,47,34;34,46,56,48,35;35,47,56,57,49,36;36,48,57,53,51,50;36,49,51,39,38,37;39,50,49,53,52,40;40,51,53,43,42,41;43,52,51,49,57,54;43,53,57,56,55,44;44,54,56,46,45;46,55,54,57,48,47;48,56,54,53,49
ipr58_229 58 1,2,3,4,5,6;0,6,7,8,2;0,1,8,9,10,3;0,2,10,11,12,4;0,3,12,13,14,5;0,4,14,15,6;0,5,15,16,7,1;1,6,16,17,18,8;1,7,18,19,9,2;2,8,19,20,21,10;2,9,21,11,3;3,10,21,22,23,12;3,11,23,24,13,4;4,12,24,25,26,14;4,13,26,27,15,5;5,14,27,28,16,6;6,15,28,29,17,7;7,16,29,30,31,18;7,17,31,32,19,8;8,18,32,33,20,9;9,19,33,34,35,21;9,20,35,22,11,10;11,21,35,36,37,23;11,22,37,38,24,12;12,23,38,25,13;13,24,38,39,40,26;13,25,40,41,27,14;14,26,41,42,28,15;15,27,42,29,16;16,28,42,43,30,17;17,29,43,44,45,31;17,30,45,32,18;18,31,45,46,33,19;19,32,46,47,34,20;20,33,47,48,35;20,34,48,36,22,21;22,35,48,49,50,37;22,36,50,38,23;23,37,50,39,25,24;25,38,50,51,52,40;25,39,52,41,26;26,40,52,53,42,27;27,41,53,43,29,28;29,42,53,54,44,30;30,43,54,55,56,45;30,44,56,46,32,31;32,45,56,47,33;33,46,56,57,48,34;34,47,57,49,36,35;36,48,57,55,51,50;36,49,51,39,38,37;39,50,49,55,54,52;39,51,54,53,41,40;41,52,54,43,42;43,53,52,51,55,44;44,54,51,49,57,56;44,55,57,47,46,45;47,56,55,49,48
ipr58_230 58 1,2,3,4,5,6;0,6,7,8,9,2;0,1,9,10,11,3;0,2,11,12,13,4;0,3,13,14,5;0,4,14,15,16,6;0,5,16,7,1;1,6,16,17,18,8;1,7,18,19,20,9;1,8,20,21,10,2;2,9,21,22,23,11;2,10,23,12,3;3,11,23,24,25,13;3,12,25,26,14,4;4,13,26,27,15,5;5,14,27,28,29,16;5,15,29,17,7,6;7,16,29,30,31,18;7,17,31,32,19,8;8,18,32,33,34,20;8,19,34,35,21,9;9,20,35,36,22,10;10,21,36,37,38,23;10,22,38,24,12,11;12,23,38,39,40,25;12,24,40,26,13;13,25,40,41,27,14;14,26,41,42,28,15;15,27,42,43,30,29;15,28,30,17,16;17,29,28,43,44,31;17,30,44,45,32,18;18,31,45,33,19;19,32,45,46,47,34;19,33,47,35,20;20,34,47,48,36,21;21,35,48,49,37,22;22,36,49,50,38;22,37,50,39,24,23;24,38,50,51,52,40;24,39,52,41,26,25;26,40,52,42,27;27,41,52,53,43,28;28,42,53,54,44,30;30,43,54,45,31;31,44,54,46,33,32;33,45,54,55,56,47;33,46,56,48,35,34;35,47,56,49,36;36,48,56,57,50,37;37,49,57,51,39,38;39,50,57,55,53,52;39,51,53,42,41,40;42,52,51,55,54,43;43,53,55,46,45,44;46,54,53,51,57,56;46,55,57,49,48,47;49,56,55,51,50
ipr58_231 58 1,2,3,4,5,6;0,6,7,8,9,2;0,1,9,10,11,3;0,2,11,12,13,4;0,3,13,14,15,5;0,4,15,16,17,6;0,5,17,18,7,1;1,6,18,19,20,8;1,7,20,21,22,9;1,8,22,23,10,2;2,9,23,24,11;2,10,24,25,12,3;3,11,25,26,27,13;3,12,27,14,4;4,13,27,28,29,15;4,14,29,16,5;5,15,29,30,31,17;5,16,31,32,18,6;6,17,32,19,7;7,18,32,33,34,20;7,19,34,35,21,8;8,20,35,36,37,22;8,21,37,38,23,9;9,22,38,39,24,10;10,23,39,40,25,11;11,24,40,41,26,12;12,25,41,42,43,27;12,26,43,28,14,13;14,27,43,44,29;14,28,44,30,16,15;16,29,44,45,46,31;16,30,46,32,17;17,31,46,33,19,18;19,32,46,47,34;19,33,47,48,35,20;20,34,48,36,21;21,35,48,49,50,37;21,36,50,38,22;22,37,50,51,39,23;23,38,51,52,40,24;24,39,52,41,25;25,40,52,53,42,26;26,41,53,54,55,43;26,42,55,44,28,27;28,43,55,45,30,29;30,44,55,56,47,46;30,45,47,33,32,31;33,46,45,56,48,34;34,47,56,49,36,35;36,48,56,54,57,50;36,49,57,51,38,37;38,50,57,52,39;39,51,57,53,41,40;41,52,57,54,42;42,53,57,49,56,55;42,54,56,45,44,43;45,55,54,49,48,47;49,54,53,52,51,50
ipr58_232 58 1,2,3,4,5,6;0,6,7,8,9,2;0,1,9,10,11,3;0,2,11,12,13,4;0,3,13,14,15,5;0,4,15,16,17,6;0,5,17,7,1;1,6,17,18,19,8;1,7,19,20,21,9;1,8,21,22,10,2;2,9,22,23,11;2,10,23,24,12,3;3,11,24,25,26,13;3,12,26,14,4;4,13,26,27,28,15;4,14,28,29,16,5;5,15,29,30,31,17;5,16,31,18,7,6;7,17,31,32,33,19;7,18,33,34,20,8;8,19,34,35,36,21;8,20,36,37,22,9;9,21,37,38,23,10;10,22,38,39,24,11;11,23,39,40,25,12;12,24,40,41,42,26;12,25,42,27,14,13;14,26,42,43,28;14,27,43,44,29,15;15,28,44,30,16;16,29,44,45,32,31;16,30,32,18,17;18,31,30,45,46,33;18,32,46,47,34,19;19,33,47,35,20;20,34,47,48,49,36;20,35,49,37,21;21,36,49,50,38,22;22,37,50,51,39,23;23,38,51,40,24;24,39,51,52,41,25;25,40,52,53,54,42;25,41,54,43,27,26;27,42,54,55,44,28;28,43,55,45,30,29;30,44,55,46,32;32,45,55,56,47,33;33,46,56,48,35,34;35,47,56,53,57,49;35,48,57,50,37,36;37,49,57,51,38;38,50,57,52,40,39;40,51,57,53,41;41,52,57,48,56,54;41,53,56,55,43,42;43,54,56,46,45,44;46,55,54,53,48,47;48,53,52,51,50,49
ipr58_233 58 1,2,3,4,5,6;0,6,7,8,2;0,1,8,9,10,3;0,2,10,11,12,4;0,3,12,13,14,5;0,4,14,15,16,6;0,5,16,17,7,1;1,6,17,18,19,8;1,7,19,20,9,2;2,8,20,21,10;2,9,21,22,11,3;3,10,22,23,24,12;3,11,24,13,4;4,12,24,25,26,14;4,13,26,15,5;5,14,26,27,28,16;5,15,28,29,17,6;6,16,29,30,18,7;7,17,30,31,32,19;7,18,32,33,20,8;8,19,33,34,21,9;9,20,34,35,22,10;10,21,35,36,23,11;11,22,36,37,38,24;11,23,38,25,13,12;13,24,38,39,26;13,25,39,27,15,14;15,26,39,40,41,28;15,27,41,42,29,16;16,28,42,43,30,17;17,29,43,44,31,18;18,30,44,45,46,32;18,31,46,33,19;19,32,46,47,34,20;20,33,47,48,35,21;21,34,48,36,22;22,35,48,49,37,23;23,36,49,50,51,38;23,37,51,39,25,24;25,38,51,40,27,26;27,39,51,52,41;27,40,52,53,42,28;28,41,53,43,29;29,42,53,54,44,30;30,43,54,45,31;31,44,54,55,56,46;31,45,56,47,33,32;33,46,56,48,34;34,47,56,49,36,35;36,48,56,55,50,37;37,49,55,57,52,51;37,50,52,40,39,38;40,51,50,57,53,41;41,52,57,54,43,42;43,53,57,55,45,44;45,54,57,50,49,56;45,55,49,48,47,46;50,55,54,53,52
ipr58_234 58 1,2,3,4,5,6;0,6,7,8,2;0,1,8,9,10,3;0,2,10,11,12,4;0,3,12,13,14,5;0,4,14,15,16,6;0,5,16,17,7,1;1,6,17,18,19,8;1,7,19,20,9,2;2,8,20,21,10;2,9,21,22,11,3;3,10,22,23,24,12;3,11,24,13,4;4,12,24,25,26,14;4,13,26,15,5;5,14,26,27,28,16;5,15,28,29,17,6;6,16,29,30,18,7;7,17,30,31,32,19;7,18,32,33,20,8;8,19,33,34,21,9;9,20,34,35,22,10;10,21,35,36,23,11;11,22,36,37,38,24;11,23,38,25,13,12;13,24,38,39,26;13,25,39,27,15,14;15,26,39,40,41,28;15,27,41,42,29,16;16,28,42,43,30,17;17,29,43,31,18;18,30,43,44,45,32;18,31,45,33,19;19,32,45,46,34,20;20,33,46,47,35,21;21,34,47,36,22;22,35,47,48,37,23;23,36,48,49,50,38;23,37,50,39,25,24;25,38,50,40,27,26;27,39,50,51,41;27,40,51,52,42,28;28,41,52,53,43,29;29,42,53,44,31,30;31,43,53,54,55,45;31,44,55,46,33,32;33,45,55,56,47,34;34,46,56,48,36,35;36,47,56,57,49,37;37,48,57,51,50;37,49,51,40,39,38;40,50,49,57,52,41;41,51,57,54,53,42;42,52,54,44,43;44,53,52,57,56,55;44,54,56,46,45;46,55,54,57,48,47;48,56,54,52,51,49
ipr58_235 58 1,2,3,4,5,6;0,6,7,8,2;0,1,8,9,10,3;0,2,10,11,12,4;0,3,12,13,14,5;0,4,14,15,16,6;0,5,16,17,7,1;1,6,17,18,19,8;1,7,19,20,9,2;2,8,20,21,10;2,9,21,22,11,3;3,10,22,23,24,12;3,11,24,25,13,4;4,12,25,26,27,14;4,13,27,15,5;5,14,27,28,29,16;5,15,29,30,17,6;6,16,30,31,18,7;7,17,31,32,33,19;7,18,33,34,20,8;8,19,34,35,21,9;9,20,35,36,22,10;10,21,36,37,23,11;11,22,37,38,39,24;11,23,39,25,12;12,24,39,40,26,13;13,25,40,41,27;13,26,41,28,15,14;15,27,41,42,43,29;15,28,43,44,30,16;16,29,44,45,31,17;17,30,45,32,18;18,31,45,46,47,33;18,32,47,34,19;19,33,47,48,35,20;20,34,48,49,36,21;21,35,49,37,22;22,36,49,50,38,23;23,37,50,51,52,39;23,38,52,40,25,24;25,39,52,53,41,26;26,40,53,42,28,27;28,41,53,54,43;28,42,54,55,44,29;29,43,55,45,30;30,44,55,46,32,31;32,45,55,56,57,47;32,46,57,48,34,33;34,47,57,49,35;35,48,57,50,37,36;37,49,57,56,51,38;38,50,56,54,53,52;38,51,53,40,39;40,52,51,54,42,41;42,53,51,56,55,43;43,54,56,46,45,44;46,55,54,51,50,57;46,56,50,49,48,47
ipr58_236 58 1,2,3,4,5,6;0,6,7,8,2;0,1,8,9,10,3;0,2,10,11,12,4;0,3,12,13,14,5;0,4,14,15,16,6;0,5,16,17,7,1;1,6,17,18,19,8;1,7,19,20,9,2;2,8,20,21,10;2,9,21,22,11,3;3,10,22,23,24,12;3,11,24,25,13,4;4,12,25,26,27,14;4,13,27,15,5;5,14,27,28,29,16;5,15,29,30,17,6;6,16,30,31,18,7;7,17,31,32,33,19;7,18,33,34,20,8;8,19,34,35,21,9;9,20,35,36,22,10;10,21,36,37,23,11;11,22,37,38,39,24;11,23,39,25,12;12,24,39,40,26,13;13,25,40,41,27;13,26,41,28,15,14;15,27,41,42,29;15,28,42,43,30,16;16,29,43,44,31,17;17,30,44,32,18;18,31,44,45,46,33;18,32,46,34,19;19,33,46,47,35,20;20,34,47,48,36,21;21,35,48,37,22;22,36,48,49,38,23;23,37,49,50,51,39;23,38,51,40,25,24;25,39,51,52,41,26;26,40,52,42,28,27;28,41,52,53,43,29;29,42,53,54,44,30;30,43,54,45,32,31;32,44,54,55,56,46;32,45,56,47,34,33;34,46,56,48,35;35,47,56,49,37,36;37,48,56,55,50,38;38,49,55,57,51;38,50,57,52,40,39;40,51,57,53,42,41;42,52,57,54,43;43,53,57,55,45,44;45,54,57,50,49,56;45,55,49,48,47,46;50,55,54,53,52,51
ipr58_237 58 1,2,3,4,5,6;0,6,7,8,2;0,1,8,9,10,3;0,2,10,11,12,4;0,3,12,13,14,5;0,4,14,15,16,6;0,5,16,17,7,1;1,6,17,18,19,8;1,7,19,20,9,2;2,8,20,21,22,10;2,9,22,23,11,3;3,10,23,24,25,12;3,11,25,26,13,4;4,12,26,27,28,14;4,13,28,15,5;5,14,28,29,30,16;5,15,30,31,17,6;6,16,31,32,18,7;7,17,32,33,34,19;7,18,34,35,20,8;8,19,35,36,21,9;9,20,36,37,38,22;9,21,38,23,10;10,22,38,39,24,11;11,23,39,40,41,25;11,24,41,26,12;12,25,41,42,27,13;13,26,42,43,28;13,27,43,29,15,14;15,28,43,44,30;15,29,44,45,31,16;16,30,45,46,32,17;17,31,46,33,18;18,32,46,47,48,34;18,33,48,35,19;19,34,48,49,36,20;20,35,49,50,37,21;21,36,50,51,38;21,37,51,39,23,22;23,38,51,40,24;24,39,51,52,53,41;24,40,53,42,26,25;26,41,53,54,43,27;27,42,54,44,29,28;29,43,54,55,45,30;30,44,55,46,31;31,45,55,47,33,32;33,46,55,56,57,48;33,47,57,49,35,34;35,48,57,50,36;36,49,57,52,51,37;37,50,52,40,39,38;40,51,50,57,56,53;40,52,56,54,42,41;42,53,56,55,44,43;44,54,56,47,46,45;47,55,54,53,52,57;47,56,52,50,49,48
ipr58_238 58 1,2,3,4,5,6;0,6,7,8,9,2;0,1,9,10,3;0,2,10,11,12,4;0,3,12,13,14,5;0,4,14,15,16,6;0,5,16,17,7,1;1,6,17,18,19,8;1,7,19,20,21,9;1,8,21,22,10,2;2,9,22,23,11,3;3,10,23,24,12;3,11,24,25,13,4;4,12,25,26,27,14;4,13,27,15,5;5,14,27,28,29,16;5,15,29,30,17,6;6,16,30,31,18,7;7,17,31,32,33,19;7,18,33,34,20,8;8,19,34,35,36,21;8,20,36,22,9;9,21,36,37,23,10;10,22,37,38,24,11;11,23,38,39,25,12;12,24,39,40,26,13;13,25,40,41,27;13,26,41,28,15,14;15,27,41,42,29;15,28,42,43,30,16;16,29,43,44,31,17;17,30,44,32,18;18,31,44,45,46,33;18,32,46,34,19;19,33,46,47,35,20;20,34,47,48,49,36;20,35,49,37,22,21;22,36,49,50,38,23;23,37,50,51,39,24;24,38,51,52,40,25;25,39,52,53,41,26;26,40,53,42,28,27;28,41,53,54,43,29;29,42,54,44,30;30,43,54,45,32,31;32,44,54,55,56,46;32,45,56,47,34,33;34,46,56,48,35;35,47,56,57,50,49;35,48,50,37,36;37,49,48,57,51,38;38,50,57,52,39;39,51,57,55,53,40;40,52,55,54,42,41;42,53,55,45,44,43;45,54,53,52,57,56;45,55,57,48,47,46;48,56,55,52,51,50
ipr58_239 58 1,2,3,4,5,6;0,6,7,8,2;0,1,8,9,10,3;0,2,10,11,12,4;0,3,12,13,14,5;0,4,14,15,16,6;0,5,16,17,7,1;1,6,17,18,19,8;1,7,19,20,9,2;2,8,20,21,10;2,9,21,22,11,3;3,10,22,23,24,12;3,11,24,25,13,4;4,12,25,26,27,14;4,13,27,28,15,5;5,14,28,29,16;5,15,29,30,17,6;6,16,30,31,18,7;7,17,31,32,33,19;7,18,33,34,20,8;8,19,34,35,21,9;9,20,35,36,22,10;10,21,36,37,23,11;11,22,37,38,39,24;11,23,39,25,12;12,24,39,40,26,13;13,25,40,41,27;13,26,41,42,28,14;14,27,42,43,29,15;15,28,43,44,30,16;16,29,44,31,17;17,30,44,45,32,18;18,31,45,46,47,33;18,32,47,34,19;19,33,47,48,35,20;20,34,48,49,36,21;21,35,49,37,22;22,36,49,50,38,23;23,37,50,51,39;23,38,51,40,25,24;25,39,51,52,41,26;26,40,52,53,42,27;27,41,53,43,28;28,42,53,54,44,29;29,43,54,45,31,30;31,44,54,55,46,32;32,45,55,56,57,47;32,46,57,48,34,33;34,47,57,49,35;35,48,57,50,37,36;37,49,57,56,51,38;38,50,56,52,40,39;40,51,56,55,53,41;41,52,55,54,43,42;43,53,55,45,44;45,54,53,52,56,46;46,55,52,51,50,57;46,56,50,49,48,47
ipr58_240 58 1,2,3,4,5,6;0,6,7,8,2;0,1,8,9,10,3;0,2,10,11,12,4;0,3,12,13,14,5;0,4,14,15,16,6;0,5,16,17,7,1;1,6,17,18,19,8;1,7,19,20,9,2;2,8,20,21,10;2,9,21,22,11,3;3,10,22,23,24,12;3,11,24,13,4;4,12,24,25,26,14;4,13,26,27,15,5;5,14,27,28,16;5,15,28,29,17,6;6,16,29,30,18,7;7,17,30,31,32,19;7,18,32,33,20,8;8,19,33,34,21,9;9,20,34,35,22,10;10,21,35,36,23,11;11,22,36,37,38,24;11,23,38,25,13,12;13,24,38,39,26;13,25,39,40,27,14;14,26,40,41,28,15;15,27,41,42,29,16;16,28,42,30,17;17,29,42,43,31,18;18,30,43,44,45,32;18,31,45,33,19;19,32,45,46,34,20;20,33,46,47,35,21;21,34,47,36,22;22,35,47,48,37,23;23,36,48,49,50,38;23,37,50,39,25,24;25,38,50,51,40,26;26,39,51,52,41,27;27,40,52,53,42,28;28,41,53,43,30,29;30,42,53,54,44,31;31,43,54,55,56,45;31,44,56,46,33,32;33,45,56,47,34;34,46,56,48,36,35;36,47,56,55,49,37;37,48,55,57,50;37,49,57,51,39,38;39,50,57,52,40;40,51,57,54,53,41;41,52,54,43,42;43,53,52,57,55,44;44,54,57,49,48,56;44,55,48,47,46,45;49,55,54,52,51,50
ipr58_241 58 1,2,3,4,5,6;0,6,7,8,9,2;0,1,9,10,11,3;0,2,11,12,13,4;0,3,13,14,15,5;0,4,15,16,17,6;0,5,17,18,7,1;1,6,18,19,8;1,7,19,20,21,9;1,8,21,22,10,2;2,9,22,23,11;2,10,23,24,12,3;3,11,24,25,26,13;3,12,26,14,4;4,13,26,27,28,15;4,14,28,16,5;5,15,28,29,30,17;5,16,30,31,18,6;6,17,31,32,19,7;7,18,32,33,20,8;8,19,33,34,35,21;8,20,35,36,22,9;9,21,36,37,23,10;10,22,37,38,24,11;11,23,38,39,25,12;12,24,39,40,41,26;12,25,41,27,14,13;14,26,41,42,28;14,27,42,29,16,15;16,28,42,43,30;16,29,43,44,31,17;17,30,44,45,32,18;18,31,45,46,33,19;19,32,46,34,20;20,33,46,47,48,35;20,34,48,36,21;21,35,48,49,37,22;22,36,49,50,38,23;23,37,50,39,24;24,38,50,51,40,25;25,39,51,52,53,41;25,40,53,42,27,26;27,41,53,43,29,28;29,42,53,54,44,30;30,43,54,45,31;31,44,54,55,46,32;32,45,55,47,34,33;34,46,55,56,57,48;34,47,57,49,36,35;36,48,57,50,37;37,49,57,51,39,38;39,50,57,56,52,40;40,51,56,55,54,53;40,52,54,43,42,41;43,53,52,55,45,44;45,54,52,56,47,46;47,55,52,51,57;47,56,51,50,49,48
ipr58_242 58 1,2,3,4,5,6;0,6,7,8,9,2;0,1,9,10,11,3;0,2,11,12,13,4;0,3,13,14,15,5;0,4,15,16,6;0,5,16,17,7,1;1,6,17,18,19,8;1,7,19,20,21,9;1,8,21,10,2;2,9,21,22,23,11;2,10,23,24,12,3;3,11,24,25,13;3,12,25,26,14,4;4,13,26,27,28,15;4,14,28,29,16,5;5,15,29,30,17,6;6,16,30,31,18,7;7,17,31,32,33,19;7,18,33,20,8;8,19,33,34,35,21;8,20,35,22,10,9;10,21,35,36,23;10,22,36,37,24,11;11,23,37,38,25,12;12,24,38,39,26,13;13,25,39,40,27,14;14,26,40,41,42,28;14,27,42,29,15;15,28,42,43,30,16;16,29,43,44,31,17;17,30,44,32,18;18,31,44,45,46,33;18,32,46,34,20,19;20,33,46,47,48,35;20,34,48,36,22,21;22,35,48,49,37,23;23,36,49,50,38,24;24,37,50,51,39,25;25,38,51,52,40,26;26,39,52,41,27;27,40,52,53,54,42;27,41,54,43,29,28;29,42,54,44,30;30,43,54,45,32,31;32,44,54,53,55,46;32,45,55,47,34,33;34,46,55,56,48;34,47,56,49,36,35;36,48,56,50,37;37,49,56,57,51,38;38,50,57,52,39;39,51,57,53,41,40;41,52,57,55,45,54;41,53,45,44,43,42;45,53,57,56,47,46;47,55,57,50,49,48;50,56,55,53,52,51
ipr58_243 58 1,2,3,4,5,6;0,6,7,8,9,2;0,1,9,10,11,3;0,2,11,12,13,4;0,3,13,14,15,5;0,4,15,16,6;0,5,16,17,7,1;1,6,17,18,19,8;1,7,19,20,21,9;1,8,21,22,10,2;2,9,22,23,11;2,10,23,24,12,3;3,11,24,25,13;3,12,25,26,14,4;4,13,26,27,28,15;4,14,28,29,16,5;5,15,29,30,17,6;6,16,30,31,18,7;7,17,31,32,33,19;7,18,33,34,20,8;8,19,34,35,36,21;8,20,36,22,9;9,21,36,37,23,10;10,22,37,38,24,11;11,23,38,39,25,12;12,24,39,40,26,13;13,25,40,41,27,14;14,26,41,42,43,28;14,27,43,29,15;15,28,43,44,30,16;16,29,44,45,31,17;17,30,45,32,18;18,31,45,46,47,33;18,32,47,34,19;19,33,47,48,35,20;20,34,48,49,50,36;20,35,50,37,22,21;22,36,50,38,23;23,37,50,51,39,24;24,38,51,52,40,25;25,39,52,53,41,26;26,40,53,42,27;27,41,53,54,55,43;27,42,55,44,29,28;29,43,55,45,30;30,44,55,46,32,31;32,45,55,54,56,47;32,46,56,48,34,33;34,47,56,49,35;35,48,56,57,51,50;35,49,51,38,37,36;38,50,49,57,52,39;39,51,57,53,40;40,52,57,54,42,41;42,53,57,56,46,55;42,54,46,45,44,43;46,54,57,49,48,47;49,56,54,53,52,51
ipr58_244 58 1,2,3,4,5,6;0,6,7,8,9,2;0,1,9,10,3;0,2,10,11,12,4;0,3,12,13,14,5;0,4,14,15,16,6;0,5,16,7,1;1,6,16,17,18,8;1,7,18,19,9;1,8,19,20,10,2;2,9,20,21,11,3;3,10,21,22,12;3,11,22,23,13,4;4,12,23,24,25,14;4,13,25,26,15,5;5,14,26,27,28,16;5,15,28,17,7,6;7,16,28,29,30,18;7,17,30,31,19,8;8,18,31,32,20,9;9,19,32,33,21,10;10,20,33,34,22,11;11,21,34,35,23,12;12,22,35,36,24,13;13,23,36,37,38,25;13,24,38,26,14;14,25,38,39,27,15;15,26,39,40,41,28;15,27,41,29,17,16;17,28,41,42,43,30;17,29,43,44,31,18;18,30,44,45,32,19;19,31,45,46,33,20;20,32,46,47,34,21;21,33,47,48,35,22;22,34,48,49,36,23;23,35,49,37,24;24,36,49,50,51,38;24,37,51,39,26,25;26,38,51,40,27;27,39,51,52,42,41;27,40,42,29,28;29,41,40,52,53,43;29,42,53,44,30;30,43,53,54,45,31;31,44,54,55,46,32;32,45,55,47,33;33,46,55,56,48,34;34,47,56,49,35;35,48,56,50,37,36;37,49,56,57,52,51;37,50,52,40,39,38;40,51,50,57,53,42;42,52,57,54,44,43;44,53,57,55,45;45,54,57,56,47,46;47,55,57,50,49,48;50,56,55,54,53,52
ipr58_245 58 1,2,3,4,5,6;0,6,7,8,9,2;0,1,9,10,11,3;0,2,11,12,13,4;0,3,13,14,5;0,4,14,15,16,6;0,5,16,7,1;1,6,16,17,18,8;1,7,18,19,20,9;1,8,20,21,10,2;2,9,21,22,11;2,10,22,23,12,3;3,11,23,24,25,13;3,12,25,26,14,4;4,13,26,27,15,5;5,14,27,28,29,16;5,15,29,17,7,6;7,16,29,30,18;7,17,30,31,19,8;8,18,31,32,33,20;8,19,33,34,21,9;9,20,34,35,22,10;10,21,35,36,23,11;11,22,36,37,24,12;12,23,37,38,25;12,24,38,39,26,13;13,25,39,40,27,14;14,26,40,41,28,15;15,27,41,42,43,29;15,28,43,30,17,16;17,29,43,44,31,18;18,30,44,32,19;19,31,44,45,46,33;19,32,46,47,34,20;20,33,47,35,21;21,34,47,48,36,22;22,35,48,49,37,23;23,36,49,50,38,24;24,37,50,51,39,25;25,38,51,40,26;26,39,51,52,41,27;27,40,52,53,42,28;28,41,53,45,44,43;28,42,44,30,29;30,43,42,45,32,31;32,44,42,53,54,46;32,45,54,55,47,33;33,46,55,48,35,34;35,47,55,56,49,36;36,48,56,50,37;37,49,56,57,51,38;38,50,57,52,40,39;40,51,57,53,41;41,52,57,54,45,42;45,53,57,56,55,46;46,54,56,48,47;48,55,54,57,50,49;50,56,54,53,52,51
ipr58_246 58 1,2,3,4,5,6;0,6,7,8,9,2;0,1,9,10,11,3;0,2,11,12,13,4;0,3,13,14,15,5;0,4,15,16,17,6;0,5,17,7,1;1,6,17,18,19,8;1,7,19,20,21,9;1,8,21,22,10,2;2,9,22,23,24,11;2,10,24,12,3;3,11,24,25,26,13;3,12,26,27,14,4;4,13,27,28,29,15;4,14,29,16,5;5,15,29,30,31,17;5,16,31,18,7,6;7,17,31,32,19;7,18,32,33,20,8;8,19,33,34,35,21;8,20,35,36,22,9;9,21,36,37,23,10;10,22,37,38,39,24;10,23,39,25,12,11;12,24,39,40,26;12,25,40,41,27,13;13,26,41,42,28,14;14,27,42,43,44,29;14,28,44,30,16,15;16,29,44,45,31;16,30,45,32,18,17;18,31,45,46,33,19;19,32,46,34,20;20,33,46,47,48,35;20,34,48,36,21;21,35,48,49,37,22;22,36,49,50,38,23;23,37,50,51,39;23,38,51,40,25,24;25,39,51,52,41,26;26,40,52,42,27;27,41,52,53,43,28;28,42,53,54,55,44;28,43,55,45,30,29;30,44,55,46,32,31;32,45,55,47,34,33;34,46,55,54,56,48;34,47,56,49,36,35;36,48,56,50,37;37,49,56,57,51,38;38,50,57,52,40,39;40,51,57,53,42,41;42,52,57,54,43;43,53,57,56,47,55;43,54,47,46,45,44;47,54,57,50,49,48;50,56,54,53,52,51
ipr58_247 58 1,2,3,4,5,6;0,6,7,8,9,2;0,1,9,10,11,3;0,2,11,12,13,4;0,3,13,14,15,5;0,4,15,16,6;0,5,16,17,7,1;1,6,17,18,19,8;1,7,19,20,21,9;1,8,21,10,2;2,9,21,22,23,11;2,10,23,24,12,3;3,11,24,25,26,13;3,12,26,14,4;4,13,26,27,28,15;4,14,28,29,16,5;5,15,29,30,17,6;6,16,30,31,18,7;7,17,31,32,33,19;7,18,33,34,20,8;8,19,34,35,36,21;8,20,36,22,10,9;10,21,36,37,38,23;10,22,38,24,11;11,23,38,39,25,12;12,24,39,40,26;12,25,40,27,14,13;14,26,40,41,42,28;14,27,42,43,29,15;15,28,43,44,30,16;16,29,44,45,31,17;17,30,45,32,18;18,31,45,46,47,33;18,32,47,34,19;19,33,47,48,35,20;20,34,48,49,37,36;20,35,37,22,21;22,36,35,49,50,38;22,37,50,39,24,23;24,38,50,51,40,25;25,39,51,41,27,26;27,40,51,52,53,42;27,41,53,43,28;28,42,53,54,44,29;29,43,54,45,30;30,44,54,46,32,31;32,45,54,55,56,47;32,46,56,48,34,33;34,47,56,49,35;35,48,56,57,50,37;37,49,57,51,39,38;39,50,57,52,41,40;41,51,57,55,53;41,52,55,54,43,42;43,53,55,46,45,44;46,54,53,52,57,56;46,55,57,49,48,47;49,56,55,52,51,50
ipr58_248 58 1,2,3,4,5,6;0,6,7,8,9,2;0,1,9,10,3;0,2,10,11,12,4;0,3,12,13,14,5;0,4,14,15,6;0,5,15,16,7,1;1,6,16,17,18,8;1,7,18,19,20,9;1,8,20,21,10,2;2,9,21,22,11,3;3,10,22,23,24,12;3,11,24,13,4;4,12,24,25,26,14;4,13,26,27,15,5;5,14,27,28,16,6;6,15,28,29,17,7;7,16,29,30,31,18;7,17,31,32,19,8;8,18,32,33,34,20;8,19,34,35,21,9;9,20,35,36,22,10;10,21,36,23,11;11,22,36,37,38,24;11,23,38,25,13,12;13,24,38,39,40,26;13,25,40,41,27,14;14,26,41,42,28,15;15,27,42,43,29,16;16,28,43,30,17;17,29,43,44,45,31;17,30,45,32,18;18,31,45,46,33,19;19,32,46,47,48,34;19,33,48,49,35,20;20,34,49,36,21;21,35,49,37,23,22;23,36,49,50,51,38;23,37,51,39,25,24;25,38,51,52,53,40;25,39,53,41,26;26,40,53,54,42,27;27,41,54,43,28;28,42,54,44,30,29;30,43,54,55,56,45;30,44,56,46,32,31;32,45,56,47,33;33,46,56,57,50,48;33,47,50,49,34;34,48,50,37,36,35;37,49,48,47,57,51;37,50,57,52,39,38;39,51,57,55,53;39,52,55,54,41,40;41,53,55,44,43,42;44,54,53,52,57,56;44,55,57,47,46,45;47,56,55,52,51,50
ipr58_249 58 1,2,3,4,5,6;0,6,7,8,2;0,1,8,9,10,3;0,2,10,11,12,4;0,3,12,13,5;0,4,13,14,15,6;0,5,15,16,7,1;1,6,16,17,18,8;1,7,18,19,9,2;2,8,19,20,21,10;2,9,21,11,3;3,10,21,22,23,12;3,11,23,24,13,4;4,12,24,25,14,5;5,13,25,26,27,15;5,14,27,28,16,6;6,15,28,29,17,7;7,16,29,30,31,18;7,17,31,32,19,8;8,18,32,33,20,9;9,19,33,34,35,21;9,20,35,22,11,10;11,21,35,36,37,23;11,22,37,38,24,12;12,23,38,25,13;13,24,38,39,26,14;14,25,39,40,41,27;14,26,41,42,28,15;15,27,42,43,29,16;16,28,43,30,17;17,29,43,44,45,31;17,30,45,32,18;18,31,45,46,33,19;19,32,46,47,34,20;20,33,47,48,35;20,34,48,36,22,21;22,35,48,49,50,37;22,36,50,38,23;23,37,50,39,25,24;25,38,50,51,40,26;26,39,51,52,41;26,40,52,53,42,27;27,41,53,43,28;28,42,53,44,30,29;30,43,53,54,55,45;30,44,55,46,32,31;32,45,55,47,33;33,46,55,56,48,34;34,47,56,49,36,35;36,48,56,57,51,50;36,49,51,39,38,37;39,50,49,57,52,40;40,51,57,54,53,41;41,52,54,44,43,42;44,53,52,57,56,55;44,54,56,47,46,45;47,55,54,57,49,48;49,56,54,52,51
ipr58_250 58 1,2,3,4,5,6;0,6,7,8,2;0,1,8,9,10,3;0,2,10,11,12,4;0,3,12,13,14,5;0,4,14,15,6;0,5,15,16,7,1;1,6,16,17,18,8;1,7,18,19,9,2;2,8,19,20,21,10;2,9,21,22,11,3;3,10,22,23,24,12;3,11,24,13,4;4,12,24,25,26,14;4,13,26,27,15,5;5,14,27,28,16,6;6,15,28,29,17,7;7,16,29,30,31,18;7,17,31,32,19,8;8,18,32,33,20,9;9,19,33,34,21;9,20,34,35,22,10;10,21,35,36,23,11;11,22,36,37,24;11,23,37,25,13,12;13,24,37,38,39,26;13,25,39,40,27,14;14,26,40,41,28,15;15,27,41,42,29,16;16,28,42,30,17;17,29,42,43,44,31;17,30,44,45,32,18;18,31,45,33,19;19,32,45,46,34,20;20,33,46,47,35,21;21,34,47,48,36,22;22,35,48,49,37,23;23,36,49,38,25,24;25,37,49,50,51,39;25,38,51,40,26;26,39,51,52,41,27;27,40,52,42,28;28,41,52,43,30,29;30,42,52,53,54,44;30,43,54,55,45,31;31,44,55,46,33,32;33,45,55,56,47,34;34,46,56,48,35;35,47,56,57,49,36;36,48,57,50,38,37;38,49,57,53,51;38,50,53,52,40,39;40,51,53,43,42,41;43,52,51,50,57,54;43,53,57,56,55,44;44,54,56,46,45;46,55,54,57,48,47;48,56,54,53,50,49
ipr58_251 58 1,2,3,4,5,6;0,6,7,8,2;0,1,8,9,10,3;0,2,10,11,12,4;0,3,12,13,14,5;0,4,14,15,6;0,5,15,16,7,1;1,6,16,17,18,8;1,7,18,19,9,2;2,8,19,20,21,10;2,9,21,22,11,3;3,10,22,23,24,12;3,11,24,25,13,4;4,12,25,26,14;4,13,26,27,15,5;5,14,27,28,16,6;6,15,28,29,17,7;7,16,29,30,31,18;7,17,31,32,19,8;8,18,32,33,20,9;9,19,33,34,35,21;9,20,35,22,10;10,21,35,36,23,11;11,22,36,37,24;11,23,37,38,25,12;12,24,38,39,26,13;13,25,39,40,27,14;14,26,40,41,28,15;15,27,41,42,29,16;16,28,42,30,17;17,29,42,43,44,31;17,30,44,32,18;18,31,44,45,33,19;19,32,45,46,34,20;20,33,46,47,35;20,34,47,36,22,21;22,35,47,48,37,23;23,36,48,49,38,24;24,37,49,50,39,25;25,38,50,51,40,26;26,39,51,41,27;27,40,51,52,42,28;28,41,52,43,30,29;30,42,52,53,54,44;30,43,54,45,32,31;32,44,54,46,33;33,45,54,55,47,34;34,46,55,48,36,35;36,47,55,56,49,37;37,48,56,57,50,38;38,49,57,51,39;39,50,57,52,41,40;41,51,57,53,43,42;43,52,57,56,55,54;43,53,55,46,45,44;46,54,53,56,48,47;48,55,53,57,49;49,56,53,52,51,50
ipr58_252 58 1,2,3,4,5,6;0,6,7,8,2;0,1,8,9,10,3;0,2,10,11,12,4;0,3,12,13,14,5;0,4,14,15,6;0,5,15,16,7,1;1,6,16,17,18,8;1,7,18,19,9,2;2,8,19,20,10;2,9,20,21,11,3;3,10,21,22,23,12;3,11,23,24,13,4;4,12,24,25,26,14;4,13,26,27,15,5;5,14,27,28,16,6;6,15,28,29,17,7;7,16,29,30,31,18;7,17,31,32,19,8;8,18,32,33,20,9;9,19,33,34,21,10;10,20,34,35,22,11;11,21,35,36,37,23;11,22,37,38,24,12;12,23,38,39,25,13;13,24,39,40,41,26;13,25,41,27,14;14,26,41,42,28,15;15,27,42,29,16;16,28,42,43,30,17;17,29,43,44,45,31;17,30,45,32,18;18,31,45,46,33,19;19,32,46,47,34,20;20,33,47,35,21;21,34,47,48,36,22;22,35,48,49,50,37;22,36,50,38,23;23,37,50,51,39,24;24,38,51,52,40,25;25,39,52,53,41;25,40,53,42,27,26;27,41,53,43,29,28;29,42,53,54,44,30;30,43,54,55,56,45;30,44,56,46,32,31;32,45,56,47,33;33,46,56,48,35,34;35,47,56,55,49,36;36,48,55,57,50;36,49,57,51,38,37;38,50,57,52,39;39,51,57,54,53,40;40,52,54,43,42,41;43,53,52,57,55,44;44,54,57,49,48,56;44,55,48,47,46,45;49,55,54,52,51,50
ipr58_253 58 1,2,3,4,5,6;0,6,7,8,9,2;0,1,9,10,3;0,2,10,11,12,4;0,3,12,13,14,5;0,4,14,15,6;0,5,15,16,7,1;1,6,16,17,8;1,7,17,18,19,9;1,8,19,20,10,2;2,9,20,21,11,3;3,10,21,22,23,12;3,11,23,13,4;4,12,23,24,25,14;4,13,25,26,15,5;5,14,26,27,16,6;6,15,27,28,17,7;7,16,28,29,18,8;8,17,29,30,31,19;8,18,31,32,20,9;9,19,32,33,21,10;10,20,33,22,11;11,21,33,34,35,23;11,22,35,24,13,12;13,23,35,36,37,25;13,24,37,38,26,14;14,25,38,39,27,15;15,26,39,40,28,16;16,27,40,29,17;17,28,40,41,30,18;18,29,41,42,43,31;18,30,43,44,32,19;19,31,44,45,33,20;20,32,45,34,22,21;22,33,45,46,47,35;22,34,47,36,24,23;24,35,47,48,49,37;24,36,49,50,38,25;25,37,50,51,39,26;26,38,51,52,40,27;27,39,52,41,29,28;29,40,52,53,42,30;30,41,53,54,43;30,42,54,55,44,31;31,43,55,46,45,32;32,44,46,34,33;34,45,44,55,48,47;34,46,48,36,35;36,47,46,55,56,49;36,48,56,57,50,37;37,49,57,51,38;38,50,57,53,52,39;39,51,53,41,40;41,52,51,57,54,42;42,53,57,56,55,43;43,54,56,48,46,44;48,55,54,57,49;49,56,54,53,51,50
ipr58_254 58 1,2,3,4,5,6;0,6,7,8,9,2;0,1,9,10,11,3;0,2,11,12,13,4;0,3,13,14,15,5;0,4,15,16,17,6;0,5,17,18,7,1;1,6,18,19,20,8;1,7,20,21,9;1,8,21,22,10,2;2,9,22,23,24,11;2,10,24,25,12,3;3,11,25,26,13;3,12,26,27,14,4;4,13,27,28,29,15;4,14,29,16,5;5,15,29,30,31,17;5,16,31,18,6;6,17,31,32,19,7;7,18,32,33,34,20;7,19,34,35,21,8;8,20,35,36,22,9;9,21,36,37,23,10;10,22,37,38,24;10,23,38,39,25,11;11,24,39,40,26,12;12,25,40,41,27,13;13,26,41,28,14;14,27,41,42,43,29;14,28,43,30,16,15;16,29,43,44,45,31;16,30,45,32,18,17;18,31,45,33,19;19,32,45,46,47,34;19,33,47,35,20;20,34,47,48,36,21;21,35,48,49,37,22;22,36,49,50,38,23;23,37,50,51,39,24;24,38,51,40,25;25,39,51,52,41,26;26,40,52,42,28,27;28,41,52,53,54,43;28,42,54,44,30,29;30,43,54,55,46,45;30,44,46,33,32,31;33,45,44,55,56,47;33,46,56,48,35,34;35,47,56,49,36;36,48,56,57,50,37;37,49,57,53,51,38;38,50,53,52,40,39;40,51,53,42,41;42,52,51,50,57,54;42,53,57,55,44,43;44,54,57,56,46;46,55,57,49,48,47;49,56,55,54,53,50
ipr58_255 58 1,2,3,4,5,6;0,6,7,8,9,2;0,1,9,10,11,3;0,2,11,12,13,4;0,3,13,14,15,5;0,4,15,16,6;0,5,16,17,7,1;1,6,17,18,19,8;1,7,19,20,9;1,8,20,21,10,2;2,9,21,22,23,11;2,10,23,24,12,3;3,11,24,25,26,13;3,12,26,14,4;4,13,26,27,28,15;4,14,28,29,16,5;5,15,29,30,17,6;6,16,30,31,18,7;7,17,31,32,33,19;7,18,33,34,20,8;8,19,34,35,21,9;9,20,35,36,22,10;10,21,36,37,23;10,22,37,38,24,11;11,23,38,39,25,12;12,24,39,40,41,26;12,25,41,27,14,13;14,26,41,42,43,28;14,27,43,29,15;15,28,43,44,30,16;16,29,44,45,31,17;17,30,45,32,18;18,31,45,46,47,33;18,32,47,34,19;19,33,47,48,35,20;20,34,48,36,21;21,35,48,49,37,22;22,36,49,50,38,23;23,37,50,39,24;24,38,50,51,40,25;25,39,51,52,42,41;25,40,42,27,26;27,41,40,52,53,43;27,42,53,44,29,28;29,43,53,54,45,30;30,44,54,46,32,31;32,45,54,55,56,47;32,46,56,48,34,33;34,47,56,49,36,35;36,48,56,57,50,37;37,49,57,51,39,38;39,50,57,52,40;40,51,57,55,53,42;42,52,55,54,44,43;44,53,55,46,45;46,54,53,52,57,56;46,55,57,49,48,47;49,56,55,52,51,50
ipr58_256 58 1,2,3,4,5,6;0,6,7,8,2;0,1,8,9,10,3;0,2,10,11,12,4;0,3,12,13,14,5;0,4,14,15,16,6;0,5,16,17,7,1;1,6,17,18,19,8;1,7,19,20,9,2;2,8,20,21,22,10;2,9,22,23,11,3;3,10,23,24,25,12;3,11,25,13,4;4,12,25,26,27,14;4,13,27,28,15,5;5,14,28,29,16;5,15,29,30,17,6;6,16,30,31,18,7;7,17,31,32,33,19;7,18,33,34,20,8;8,19,34,35,21,9;9,20,35,36,22;9,21,36,37,23,10;10,22,37,38,24,11;11,23,38,39,40,25;11,24,40,26,13,12;13,25,40,41,42,27;13,26,42,28,14;14,27,42,43,29,15;15,28,43,44,30,16;16,29,44,45,31,17;17,30,45,32,18;18,31,45,46,47,33;18,32,47,34,19;19,33,47,48,35,20;20,34,48,49,36,21;21,35,49,50,37,22;22,36,50,38,23;23,37,50,51,39,24;24,38,51,52,41,40;24,39,41,26,25;26,40,39,52,53,42;26,41,53,43,28,27;28,42,53,54,44,29;29,43,54,45,30;30,44,54,46,32,31;32,45,54,55,56,47;32,46,56,48,34,33;34,47,56,49,35;35,48,56,57,50,36;36,49,57,51,38,37;38,50,57,52,39;39,51,57,55,53,41;41,52,55,54,43,42;43,53,55,46,45,44;46,54,53,52,57,56;46,55,57,49,48,47;49,56,55,52,51,50
ipr58_257 58 1,2,3,4,5,6;0,6,7,8,9,2;0,1,9,10,11,3;0,2,11,12,13,4;0,3,13,14,15,5;0,4,15,16,17,6;0,5,17,18,7,1;1,6,18,19,8;1,7,19,20,21,9;1,8,21,22,10,2;2,9,22,23,11;2,10,23,24,12,3;3,11,24,25,26,13;3,12,26,14,4;4,13,26,27,28,15;4,14,28,29,16,5;5,15,29,30,17;5,16,30,31,18,6;6,17,31,32,19,7;7,18,32,33,20,8;8,19,33,34,35,21;8,20,35,36,22,9;9,21,36,37,23,10;10,22,37,38,24,11;11,23,38,39,25,12;12,24,39,40,41,26;12,25,41,27,14,13;14,26,41,42,43,28;14,27,43,29,15;15,28,43,44,30,16;16,29,44,45,31,17;17,30,45,32,18;18,31,45,46,33,19;19,32,46,34,20;20,33,46,47,48,35;20,34,48,36,21;21,35,48,49,37,22;22,36,49,50,38,23;23,37,50,39,24;24,38,50,51,40,25;25,39,51,52,42,41;25,40,42,27,26;27,41,40,52,53,43;27,42,53,44,29,28;29,43,53,54,45,30;30,44,54,46,32,31;32,45,54,47,34,33;34,46,54,55,56,48;34,47,56,49,36,35;36,48,56,57,50,37;37,49,57,51,39,38;39,50,57,52,40;40,51,57,55,53,42;42,52,55,54,44,43;44,53,55,47,46,45;47,54,53,52,57,56;47,55,57,49,48;49,56,55,52,51,50
ipr58_258 58 1,2,3,4,5,6;0,6,7,8,9,2;0,1,9,10,3;0,2,10,11,12,4;0,3,12,13,14,5;0,4,14,15,16,6;0,5,16,17,7,1;1,6,17,18,19,8;1,7,19,20,21,9;1,8,21,22,10,2;2,9,22,23,11,3;3,10,23,24,25,12;3,11,25,13,4;4,12,25,26,27,14;4,13,27,15,5;5,14,27,28,29,16;5,15,29,17,6;6,16,29,30,18,7;7,17,30,31,32,19;7,18,32,33,20,8;8,19,33,34,35,21;8,20,35,36,22,9;9,21,36,23,10;10,22,36,37,24,11;11,23,37,38,39,25;11,24,39,26,13,12;13,25,39,40,41,27;13,26,41,28,15,14;15,27,41,42,29;15,28,42,30,17,16;17,29,42,43,31,18;18,30,43,44,32;18,31,44,45,33,19;19,32,45,46,34,20;20,33,46,47,48,35;20,34,48,36,21;21,35,48,37,23,22;23,36,48,49,38,24;24,37,49,50,51,39;24,38,51,40,26,25;26,39,51,52,53,41;26,40,53,42,28,27;28,41,53,43,30,29;30,42,53,54,44,31;31,43,54,55,45,32;32,44,55,46,33;33,45,55,56,47,34;34,46,56,50,49,48;34,47,49,37,36,35;37,48,47,50,38;38,49,47,56,57,51;38,50,57,52,40,39;40,51,57,54,53;40,52,54,43,42,41;43,53,52,57,55,44;44,54,57,56,46,45;46,55,57,50,47;50,56,55,54,52,51
ipr58_259 58 1,2,3,4,5,6;0,6,7,8,2;0,1,8,9,10,3;0,2,10,11,12,4;0,3,12,13,14,5;0,4,14,15,16,6;0,5,16,17,7,1;1,6,17,18,19,8;1,7,19,20,9,2;2,8,20,21,22,10;2,9,22,11,3;3,10,22,23,24,12;3,11,24,25,13,4;4,12,25,26,27,14;4,13,27,15,5;5,14,27,28,29,16;5,15,29,17,6;6,16,29,30,18,7;7,17,30,31,32,19;7,18,32,33,20,8;8,19,33,34,21,9;9,20,34,35,36,22;9,21,36,23,11,10;11,22,36,37,38,24;11,23,38,25,12;12,24,38,39,26,13;13,25,39,40,41,27;13,26,41,28,15,14;15,27,41,42,29;15,28,42,30,17,16;17,29,42,43,31,18;18,30,43,44,32;18,31,44,45,33,19;19,32,45,46,34,20;20,33,46,47,35,21;21,34,47,48,37,36;21,35,37,23,22;23,36,35,48,49,38;23,37,49,39,25,24;25,38,49,50,40,26;26,39,50,51,52,41;26,40,52,42,28,27;28,41,52,43,30,29;30,42,52,53,44,31;31,43,53,54,45,32;32,44,54,46,33;33,45,54,55,47,34;34,46,55,56,48,35;35,47,56,49,37;37,48,56,50,39,38;39,49,56,57,51,40;40,50,57,53,52;40,51,53,43,42,41;43,52,51,57,54,44;44,53,57,55,46,45;46,54,57,56,47;47,55,57,50,49,48;50,56,55,54,53,51
ipr58_260 58 1,2,3,4,5,6;0,6,7,8,9,2;0,1,9,10,11,3;0,2,11,12,13,4;0,3,13,14,15,5;0,4,15,16,17,6;0,5,17,7,1;1,6,17,18,19,8;1,7,19,20,21,9;1,8,21,10,2;2,9,21,22,23,11;2,10,23,24,12,3;3,11,24,25,26,13;3,12,26,27,14,4;4,13,27,28,29,15;4,14,29,16,5;5,15,29,30,31,17;5,16,31,18,7,6;7,17,31,32,33,19;7,18,33,20,8;8,19,33,34,35,21;8,20,35,22,10,9;10,21,35,36,37,23;10,22,37,38,24,11;11,23,38,39,25,12;12,24,39,40,26;12,25,40,41,27,13;13,26,41,28,14;14,27,41,42,43,29;14,28,43,30,16,15;16,29,43,44,31;16,30,44,32,18,17;18,31,44,45,46,33;18,32,46,34,20,19;20,33,46,47,48,35;20,34,48,36,22,21;22,35,48,49,50,37;22,36,50,51,38,23;23,37,51,39,24;24,38,51,52,40,25;25,39,52,53,41,26;26,40,53,42,28,27;28,41,53,54,55,43;28,42,55,44,30,29;30,43,55,45,32,31;32,44,55,56,47,46;32,45,47,34,33;34,46,45,56,49,48;34,47,49,36,35;36,48,47,56,57,50;36,49,57,51,37;37,50,57,52,39,38;39,51,57,54,53,40;40,52,54,42,41;42,53,52,57,56,55;42,54,56,45,44,43;45,55,54,57,49,47;49,56,54,52,51,50
ipr58_261 58 1,2,3,4,5,6;0,6,7,8,9,2;0,1,9,10,11,3;0,2,11,12,13,4;0,3,13,14,15,5;0,4,15,16,17,6;0,5,17,7,1;1,6,17,18,19,8;1,7,19,20,21,9;1,8,21,10,2;2,9,21,22,23,11;2,10,23,24,12,3;3,11,24,25,13;3,12,25,26,14,4;4,13,26,27,28,15;4,14,28,29,16,5;5,15,29,30,31,17;5,16,31,18,7,6;7,17,31,32,33,19;7,18,33,20,8;8,19,33,34,35,21;8,20,35,22,10,9;10,21,35,36,37,23;10,22,37,38,24,11;11,23,38,39,25,12;12,24,39,40,26,13;13,25,40,27,14;14,26,40,41,42,28;14,27,42,29,15;15,28,42,43,30,16;16,29,43,44,31;16,30,44,32,18,17;18,31,44,45,46,33;18,32,46,34,20,19;20,33,46,47,48,35;20,34,48,36,22,21;22,35,48,49,50,37;22,36,50,51,38,23;23,37,51,39,24;24,38,51,52,40,25;25,39,52,41,27,26;27,40,52,53,54,42;27,41,54,43,29,28;29,42,54,55,44,30;30,43,55,45,32,31;32,44,55,56,47,46;32,45,47,34,33;34,46,45,56,49,48;34,47,49,36,35;36,48,47,56,57,50;36,49,57,51,37;37,50,57,52,39,38;39,51,57,53,41,40;41,52,57,56,55,54;41,53,55,43,42;43,54,53,56,45,44;45,55,53,57,49,47;49,56,53,52,51,50
ipr58_262 58 1,2,3,4,5,6;0,6,7,8,9,2;0,1,9,10,11,3;0,2,11,12,13,4;0,3,13,14,15,5;0,4,15,16,17,6;0,5,17,7,1;1,6,17,18,19,8;1,7,19,20,21,9;1,8,21,10,2;2,9,21,22,23,11;2,10,23,24,12,3;3,11,24,25,13;3,12,25,26,14,4;4,13,26,27,28,15;4,14,28,16,5;5,15,28,29,30,17;5,16,30,18,7,6;7,17,30,31,32,19;7,18,32,20,8;8,19,32,33,34,21;8,20,34,22,10,9;10,21,34,35,36,23;10,22,36,37,24,11;11,23,37,38,25,12;12,24,38,39,26,13;13,25,39,40,27,14;14,26,40,41,42,28;14,27,42,29,16,15;16,28,42,43,30;16,29,43,31,18,17;18,30,43,44,45,32;18,31,45,33,20,19;20,32,45,46,47,34;20,33,47,35,22,21;22,34,47,48,49,36;22,35,49,50,37,23;23,36,50,38,24;24,37,50,51,39,25;25,38,51,40,26;26,39,51,52,41,27;27,40,52,53,54,42;27,41,54,43,29,28;29,42,54,44,31,30;31,43,54,55,46,45;31,44,46,33,32;33,45,44,55,48,47;33,46,48,35,34;35,47,46,55,56,49;35,48,56,57,50,36;36,49,57,51,38,37;38,50,57,52,40,39;40,51,57,56,53,41;41,52,56,55,54;41,53,55,44,43,42;44,54,53,56,48,46;48,55,53,52,57,49;49,56,52,51,50
ipr58_263 58 1,2,3,4,5,6;0,6,7,8,9,2;0,1,9,10,11,3;0,2,11,12,13,4;0,3,13,14,15,5;0,4,15,16,17,6;0,5,17,18,7,1;1,6,18,19,8;1,7,19,20,21,9;1,8,21,22,10,2;2,9,22,23,24,11;2,10,24,25,12,3;3,11,25,26,13;3,12,26,27,14,4;4,13,27,28,29,15;4,14,29,30,16,5;5,15,30,31,32,17;5,16,32,18,6;6,17,32,33,19,7;7,18,33,34,20,8;8,19,34,35,21;8,20,35,36,22,9;9,21,36,23,10;10,22,36,37,38,24;10,23,38,39,25,11;11,24,39,40,26,12;12,25,40,41,27,13;13,26,41,28,14;14,27,41,42,43,29;14,28,43,30,15;15,29,43,44,31,16;16,30,44,45,32;16,31,45,33,18,17;18,32,45,46,34,19;19,33,46,47,35,20;20,34,47,48,36,21;21,35,48,37,23,22;23,36,48,49,50,38;23,37,50,51,39,24;24,38,51,40,25;25,39,51,52,41,26;26,40,52,42,28,27;28,41,52,53,54,43;28,42,54,44,30,29;30,43,54,55,45,31;31,44,55,46,33,32;33,45,55,56,47,34;34,46,56,49,48,35;35,47,49,37,36;37,48,47,56,57,50;37,49,57,51,38;38,50,57,52,40,39;40,51,57,53,42,41;42,52,57,56,55,54;42,53,55,44,43;44,54,53,56,46,45;46,55,53,57,49,47;49,56,53,52,51,50
ipr58_264 58 1,2,3,4,5,6;0,6,7,8,9,2;0,1,9,10,11,3;0,2,11,12,13,4;0,3,13,14,15,5;0,4,15,16,17,6;0,5,17,18,7,1;1,6,18,19,8;1,7,19,20,21,9;1,8,21,22,10,2;2,9,22,23,24,11;2,10,24,25,12,3;3,11,25,26,13;3,12,26,27,14,4;4,13,27,28,29,15;4,14,29,16,5;5,15,29,30,31,17;5,16,31,18,6;6,17,31,32,19,7;7,18,32,33,20,8;8,19,33,34,35,21;8,20,35,36,22,9;9,21,36,23,10;10,22,36,37,38,24;10,23,38,39,25,11;11,24,39,40,26,12;12,25,40,41,27,13;13,26,41,28,14;14,27,41,42,43,29;14,28,43,30,16,15;16,29,43,44,31;16,30,44,32,18,17;18,31,44,45,33,19;19,32,45,46,34,20;20,33,46,47,35;20,34,47,48,36,21;21,35,48,37,23,22;23,36,48,49,50,38;23,37,50,51,39,24;24,38,51,40,25;25,39,51,52,41,26;26,40,52,42,28,27;28,41,52,53,54,43;28,42,54,44,30,29;30,43,54,45,32,31;32,44,54,55,46,33;33,45,55,56,47,34;34,46,56,49,48,35;35,47,49,37,36;37,48,47,56,57,50;37,49,57,51,38;38,50,57,52,40,39;40,51,57,53,42,41;42,52,57,56,55,54;42,53,55,45,44,43;45,54,53,56,46;46,55,53,57,49,47;49,56,53,52,51,50
ipr58_265 58 1,2,3,4,5,6;0,6,7,8,2;0,1,8,9,10,3;0,2,10,11,12,4;0,3,12,13,14,5;0,4,14,15,16,6;0,5,16,17,7,1;1,6,17,18,19,8;1,7,19,20,9,2;2,8,20,21,22,10;2,9,22,11,3;3,10,22,23,24,12;3,11,24,25,13,4;4,12,25,26,27,14;4,13,27,28,15,5;5,14,28,29,30,16;5,15,30,17,6;6,16,30,31,18,7;7,17,31,32,33,19;7,18,33,34,20,8;8,19,34,35,21,9;9,20,35,36,22;9,21,36,23,11,10;11,22,36,37,38,24;11,23,38,39,25,12;12,24,39,26,13;13,25,39,40,41,27;13,26,41,28,14;14,27,41,42,29,15;15,28,42,43,30;15,29,43,31,17,16;17,30,43,44,32,18;18,31,44,45,33;18,32,45,46,34,19;19,33,46,47,35,20;20,34,47,48,36,21;21,35,48,37,23,22;23,36,48,49,38;23,37,49,50,39,24;24,38,50,40,26,25;26,39,50,51,52,41;26,40,52,42,28,27;28,41,52,53,43,29;29,42,53,44,31,30;31,43,53,54,45,32;32,44,54,55,46,33;33,45,55,47,34;34,46,55,56,48,35;35,47,56,49,37,36;37,48,56,57,50,38;38,49,57,51,40,39;40,50,57,54,53,52;40,51,53,42,41;42,52,51,54,44,43;44,53,51,57,55,45;45,54,57,56,47,46;47,55,57,49,48;49,56,55,54,51,50
ipr58_266 58 1,2,3,4,5,6;0,6,7,8,9,2;0,1,9,10,3;0,2,10,11,12,4;0,3,12,13,14,5;0,4,14,15,6;0,5,15,16,7,1;1,6,16,17,8;1,7,17,18,19,9;1,8,19,20,10,2;2,9,20,21,11,3;3,10,21,22,23,12;3,11,23,13,4;4,12,23,24,25,14;4,13,25,26,15,5;5,14,26,27,16,6;6,15,27,28,17,7;7,16,28,29,18,8;8,17,29,30,31,19;8,18,31,32,20,9;9,19,32,33,21,10;10,20,33,22,11;11,21,33,34,35,23;11,22,35,24,13,12;13,23,35,36,37,25;13,24,37,38,26,14;14,25,38,39,27,15;15,26,39,40,28,16;16,27,40,29,17;17,28,40,41,30,18;18,29,41,42,43,31;18,30,43,44,32,19;19,31,44,45,33,20;20,32,45,34,22,21;22,33,45,46,47,35;22,34,47,36,24,23;24,35,47,48,49,37;24,36,49,50,38,25;25,37,50,39,26;26,38,50,51,40,27;27,39,51,41,29,28;29,40,51,52,42,30;30,41,52,53,43;30,42,53,54,44,31;31,43,54,46,45,32;32,44,46,34,33;34,45,44,54,55,47;34,46,55,48,36,35;36,47,55,56,49;36,48,56,57,50,37;37,49,57,51,39,38;39,50,57,52,41,40;41,51,57,56,53,42;42,52,56,55,54,43;43,53,55,46,44;46,54,53,56,48,47;48,55,53,52,57,49;49,56,52,51,50
ipr58_267 58 1,2,3,4,5,6;0,6,7,8,9,2;0,1,9,10,3;0,2,10,11,12,4;0,3,12,13,5;0,4,13,14,15,6;0,5,15,16,7,1;1,6,16,17,18,8;1,7,18,19,9;1,8,19,20,10,2;2,9,20,21,11,3;3,10,21,22,23,12;3,11,23,24,13,4;4,12,24,25,14,5;5,13,25,26,27,15;5,14,27,16,6;6,15,27,28,17,7;7,16,28,29,30,18;7,17,30,31,19,8;8,18,31,32,20,9;9,19,32,33,21,10;10,20,33,22,11;11,21,33,34,35,23;11,22,35,36,24,12;12,23,36,37,25,13;13,24,37,26,14;14,25,37,38,39,27;14,26,39,28,16,15;16,27,39,40,29,17;17,28,40,41,42,30;17,29,42,43,31,18;18,30,43,44,32,19;19,31,44,45,33,20;20,32,45,34,22,21;22,33,45,46,47,35;22,34,47,48,36,23;23,35,48,49,37,24;24,36,49,38,26,25;26,37,49,50,39;26,38,50,40,28,27;28,39,50,51,41,29;29,40,51,52,53,42;29,41,53,43,30;30,42,53,54,44,31;31,43,54,46,45,32;32,44,46,34,33;34,45,44,54,55,47;34,46,55,56,48,35;35,47,56,57,49,36;36,48,57,50,38,37;38,49,57,51,40,39;40,50,57,52,41;41,51,57,56,55,53;41,52,55,54,43,42;43,53,55,46,44;46,54,53,52,56,47;47,55,52,57,48;48,56,52,51,50,49
ipr58_268 58 1,2,3,4,5,6;0,6,7,8,9,2;0,1,9,10,11,3;0,2,11,12,13,4;0,3,13,14,15,5;0,4,15,16,6;0,5,16,17,7,1;1,6,17,18,8;1,7,18,19,20,9;1,8,20,21,10,2;2,9,21,22,23,11;2,10,23,24,12,3;3,11,24,25,26,13;3,12,26,14,4;4,13,26,27,28,15;4,14,28,29,16,5;5,15,29,30,17,6;6,16,30,31,18,7;7,17,31,32,19,8;8,18,32,33,34,20;8,19,34,35,21,9;9,20,35,36,22,10;10,21,36,37,38,23;10,22,38,24,11;11,23,38,39,25,12;12,24,39,40,26;12,25,40,27,14,13;14,26,40,41,42,28;14,27,42,29,15;15,28,42,43,30,16;16,29,43,44,31,17;17,30,44,45,32,18;18,31,45,33,19;19,32,45,46,47,34;19,33,47,35,20;20,34,47,48,36,21;21,35,48,49,37,22;22,36,49,50,38;22,37,50,39,24,23;24,38,50,51,40,25;25,39,51,41,27,26;27,40,51,52,53,42;27,41,53,43,29,28;29,42,53,44,30;30,43,53,54,45,31;31,44,54,46,33,32;33,45,54,55,56,47;33,46,56,48,35,34;35,47,56,49,36;36,48,56,57,50,37;37,49,57,51,39,38;39,50,57,52,41,40;41,51,57,55,54,53;41,52,54,44,43,42;44,53,52,55,46,45;46,54,52,57,56;46,55,57,49,48,47;49,56,55,52,51,50
ipr58_269 58 1,2,3,4,5,6;0,6,7,8,9,2;0,1,9,10,11,3;0,2,11,12,13,4;0,3,13,14,15,5;0,4,15,16,6;0,5,16,17,7,1;1,6,17,18,8;1,7,18,19,20,9;1,8,20,21,10,2;2,9,21,22,11;2,10,22,23,12,3;3,11,23,24,25,13;3,12,25,14,4;4,13,25,26,27,15;4,14,27,28,16,5;5,15,28,29,17,6;6,16,29,30,18,7;7,17,30,31,19,8;8,18,31,32,33,20;8,19,33,34,21,9;9,20,34,35,22,10;10,21,35,36,23,11;11,22,36,37,24,12;12,23,37,38,39,25;12,24,39,26,14,13;14,25,39,40,41,27;14,26,41,28,15;15,27,41,42,29,16;16,28,42,43,30,17;17,29,43,44,31,18;18,30,44,32,19;19,31,44,45,46,33;19,32,46,34,20;20,33,46,47,35,21;21,34,47,48,36,22;22,35,48,37,23;23,36,48,49,38,24;24,37,49,50,39;24,38,50,40,26,25;26,39,50,51,52,41;26,40,52,42,28,27;28,41,52,43,29;29,42,52,53,44,30;30,43,53,45,32,31;32,44,53,54,55,46;32,45,55,47,34,33;34,46,55,56,48,35;35,47,56,49,37,36;37,48,56,57,50,38;38,49,57,51,40,39;40,50,57,54,53,52;40,51,53,43,42,41;43,52,51,54,45,44;45,53,51,57,55;45,54,57,56,47,46;47,55,57,49,48;49,56,55,54,51,50
ipr58_270 58 1,2,3,4,5,6;0,6,7,8,9,2;0,1,9,10,3;0,2,10,11,12,4;0,3,12,13,14,5;0,4,14,15,6;0,5,15,16,7,1;1,6,16,17,18,8;1,7,18,19,20,9;1,8,20,21,10,2;2,9,21,22,11,3;3,10,22,23,24,12;3,11,24,13,4;4,12,24,25,26,14;4,13,26,27,15,5;5,14,27,28,16,6;6,15,28,29,17,7;7,16,29,30,31,18;7,17,31,32,19,8;8,18,32,33,34,20;8,19,34,35,21,9;9,20,35,36,22,10;10,21,36,23,11;11,22,36,37,38,24;11,23,38,25,13,12;13,24,38,39,40,26;13,25,40,27,14;14,26,40,41,28,15;15,27,41,42,29,16;16,28,42,43,30,17;17,29,43,44,45,31;17,30,45,32,18;18,31,45,46,33,19;19,32,46,47,48,34;19,33,48,49,35,20;20,34,49,36,21;21,35,49,37,23,22;23,36,49,50,51,38;23,37,51,39,25,24;25,38,51,52,53,40;25,39,53,41,27,26;27,40,53,42,28;28,41,53,54,43,29;29,42,54,44,30;30,43,54,55,56,45;30,44,56,46,32,31;32,45,56,47,33;33,46,56,57,50,48;33,47,50,49,34;34,48,50,37,36,35;37,49,48,47,57,51;37,50,57,52,39,38;39,51,57,55,54,53;39,52,54,42,41,40;42,53,52,55,44,43;44,54,52,57,56;44,55,57,47,46,45;47,56,55,52,51,50
ipr58_271 58 1,2,3,4,5,6;0,6,7,8,2;0,1,8,9,10,3;0,2,10,11,12,4;0,3,12,13,5;0,4,13,14,15,6;0,5,15,16,7,1;1,6,16,17,18,8;1,7,18,19,9,2;2,8,19,20,21,10;2,9,21,11,3;3,10,21,22,23,12;3,11,23,24,13,4;4,12,24,25,14,5;5,13,25,26,27,15;5,14,27,28,16,6;6,15,28,29,17,7;7,16,29,30,31,18;7,17,31,32,19,8;8,18,32,33,20,9;9,19,33,34,35,21;9,20,35,22,11,10;11,21,35,36,37,23;11,22,37,38,24,12;12,23,38,25,13;13,24,38,39,26,14;14,25,39,40,27;14,26,40,41,28,15;15,27,41,42,29,16;16,28,42,43,30,17;17,29,43,44,45,31;17,30,45,32,18;18,31,45,46,33,19;19,32,46,47,34,20;20,33,47,48,35;20,34,48,36,22,21;22,35,48,49,50,37;22,36,50,38,23;23,37,50,39,25,24;25,38,50,51,40,26;26,39,51,52,41,27;27,40,52,42,28;28,41,52,53,43,29;29,42,53,44,30;30,43,53,54,55,45;30,44,55,46,32,31;32,45,55,47,33;33,46,55,56,48,34;34,47,56,49,36,35;36,48,56,57,51,50;36,49,51,39,38,37;39,50,49,57,52,40;40,51,57,53,42,41;42,52,57,54,44,43;44,53,57,56,55;44,54,56,47,46,45;47,55,54,57,49,48;49,56,54,53,52,51
ipr58_272 58 1,2,3,4,5,6;0,6,7,8,9,2;0,1,9,10,11,3;0,2,11,12,13,4;0,3,13,14,15,5;0,4,15,16,6;0,5,16,17,7,1;1,6,17,18,8;1,7,18,19,20,9;1,8,20,21,10,2;2,9,21,22,11;2,10,22,23,12,3;3,11,23,24,25,13;3,12,25,14,4;4,13,25,26,27,15;4,14,27,28,16,5;5,15,28,29,17,6;6,16,29,30,18,7;7,17,30,31,19,8;8,18,31,32,33,20;8,19,33,34,21,9;9,20,34,35,22,10;10,21,35,36,23,11;11,22,36,37,24,12;12,23,37,38,39,25;12,24,39,26,14,13;14,25,39,40,41,27;14,26,41,42,28,15;15,27,42,43,29,16;16,28,43,44,30,17;17,29,44,45,31,18;18,30,45,32,19;19,31,45,46,47,33;19,32,47,34,20;20,33,47,48,35,21;21,34,48,49,36,22;22,35,49,37,23;23,36,49,50,38,24;24,37,50,51,40,39;24,38,40,26,25;26,39,38,51,52,41;26,40,52,42,27;27,41,52,53,43,28;28,42,53,44,29;29,43,53,54,45,30;30,44,54,46,32,31;32,45,54,55,56,47;32,46,56,48,34,33;34,47,56,49,35;35,48,56,50,37,36;37,49,56,55,51,38;38,50,55,57,52,40;40,51,57,53,42,41;42,52,57,54,44,43;44,53,57,55,46,45;46,54,57,51,50,56;46,55,50,49,48,47;51,55,54,53,52
ipr58_273 58 1,2,3,4,5,6;0,6,7,8,2;0,1,8,9,10,3;0,2,10,11,12,4;0,3,12,13,14,5;0,4,14,15,6;0,5,15,16,7,1;1,6,16,17,18,8;1,7,18,19,9,2;2,8,19,20,21,10;2,9,21,22,11,3;3,10,22,23,24,12;3,11,24,13,4;4,12,24,25,26,14;4,13,26,27,15,5;5,14,27,28,16,6;6,15,28,29,17,7;7,16,29,30,31,18;7,17,31,32,19,8;8,18,32,33,20,9;9,19,33,34,35,21;9,20,35,22,10;10,21,35,36,23,11;11,22,36,37,24;11,23,37,25,13,12;13,24,37,38,39,26;13,25,39,40,27,14;14,26,40,41,28,15;15,27,41,42,29,16;16,28,42,43,30,17;17,29,43,44,45,31;17,30,45,32,18;18,31,45,46,33,19;19,32,46,47,34,20;20,33,47,48,35;20,34,48,36,22,21;22,35,48,49,37,23;23,36,49,38,25,24;25,37,49,50,51,39;25,38,51,40,26;26,39,51,52,41,27;27,40,52,42,28;28,41,52,53,43,29;29,42,53,44,30;30,43,53,54,55,45;30,44,55,46,32,31;32,45,55,47,33;33,46,55,56,48,34;34,47,56,49,36,35;36,48,56,50,38,37;38,49,56,54,57,51;38,50,57,52,40,39;40,51,57,53,42,41;42,52,57,54,44,43;44,53,57,50,56,55;44,54,56,47,46,45;47,55,54,50,49,48;50,54,53,52,51
ipr58_274 58 1,2,3,4,5,6;0,6,7,8,2;0,1,8,9,10,3;0,2,10,11,12,4;0,3,12,13,14,5;0,4,14,15,6;0,5,15,16,7,1;1,6,16,17,18,8;1,7,18,19,9,2;2,8,19,20,10;2,9,20,21,11,3;3,10,21,22,23,12;3,11,23,24,13,4;4,12,24,25,14;4,13,25,26,15,5;5,14,26,27,16,6;6,15,27,28,17,7;7,16,28,29,30,18;7,17,30,31,19,8;8,18,31,32,20,9;9,19,32,33,21,10;10,20,33,34,22,11;11,21,34,35,36,23;11,22,36,37,24,12;12,23,37,38,25,13;13,24,38,39,26,14;14,25,39,40,27,15;15,26,40,41,28,16;16,27,41,42,29,17;17,28,42,43,44,30;17,29,44,31,18;18,30,44,45,32,19;19,31,45,46,33,20;20,32,46,34,21;21,33,46,47,35,22;22,34,47,48,49,36;22,35,49,37,23;23,36,49,50,38,24;24,37,50,51,39,25;25,38,51,40,26;26,39,51,52,41,27;27,40,52,53,42,28;28,41,53,43,29;29,42,53,54,55,44;29,43,55,45,31,30;31,44,55,46,32;32,45,55,47,34,33;34,46,55,54,48,35;35,47,54,56,57,49;35,48,57,50,37,36;37,49,57,51,38;38,50,57,52,40,39;40,51,57,56,53,41;41,52,56,54,43,42;43,53,56,48,47,55;43,54,47,46,45,44;48,54,53,52,57;48,56,52,51,50,49
ipr58_275 58 1,2,3,4,5,6;0,6,7,8,2;0,1,8,9,10,3;0,2,10,11,12,4;0,3,12,13,14,5;0,4,14,15,16,6;0,5,16,17,7,1;1,6,17,18,19,8;1,7,19,20,9,2;2,8,20,21,10;2,9,21,22,11,3;3,10,22,23,24,12;3,11,24,13,4;4,12,24,25,26,14;4,13,26,27,15,5;5,14,27,28,29,16;5,15,29,17,6;6,16,29,30,18,7;7,17,30,31,32,19;7,18,32,33,20,8;8,19,33,34,21,9;9,20,34,35,22,10;10,21,35,36,23,11;11,22,36,37,38,24;11,23,38,25,13,12;13,24,38,39,40,26;13,25,40,41,27,14;14,26,41,42,28,15;15,27,42,43,44,29;15,28,44,30,17,16;17,29,44,45,31,18;18,30,45,46,47,32;18,31,47,33,19;19,32,47,48,34,20;20,33,48,49,35,21;21,34,49,36,22;22,35,49,50,37,23;23,36,50,51,39,38;23,37,39,25,24;25,38,37,51,52,40;25,39,52,41,26;26,40,52,53,42,27;27,41,53,43,28;28,42,53,54,45,44;28,43,45,30,29;30,44,43,54,46,31;31,45,54,55,56,47;31,46,56,48,33,32;33,47,56,49,34;34,48,56,50,36,35;36,49,56,55,51,37;37,50,55,57,52,39;39,51,57,53,41,40;41,52,57,54,43,42;43,53,57,55,46,45;46,54,57,51,50,56;46,55,50,49,48,47;51,55,54,53,52
ipr58_276 58 1,2,3,4,5,6;0,6,7,8,9,2;0,1,9,10,11,3;0,2,11,12,13,4;0,3,13,14,5;0,4,14,15,16,6;0,5,16,7,1;1,6,16,17,18,8;1,7,18,19,20,9;1,8,20,21,10,2;2,9,21,22,23,11;2,10,23,12,3;3,11,23,24,25,13;3,12,25,26,14,4;4,13,26,27,15,5;5,14,27,28,29,16;5,15,29,17,7,6;7,16,29,30,18;7,17,30,31,19,8;8,18,31,32,33,20;8,19,33,34,21,9;9,20,34,35,22,10;10,21,35,36,37,23;10,22,37,24,12,11;12,23,37,38,25;12,24,38,39,26,13;13,25,39,40,27,14;14,26,40,41,28,15;15,27,41,42,43,29;15,28,43,30,17,16;17,29,43,44,31,18;18,30,44,45,32,19;19,31,45,46,47,33;19,32,47,34,20;20,33,47,48,35,21;21,34,48,49,36,22;22,35,49,50,37;22,36,50,38,24,23;24,37,50,51,39,25;25,38,51,40,26;26,39,51,52,41,27;27,40,52,53,42,28;28,41,53,54,44,43;28,42,44,30,29;30,43,42,54,45,31;31,44,54,46,32;32,45,54,55,56,47;32,46,56,48,34,33;34,47,56,49,35;35,48,56,57,50,36;36,49,57,51,38,37;38,50,57,52,40,39;40,51,57,55,53,41;41,52,55,54,42;42,53,55,46,45,44;46,54,53,52,57,56;46,55,57,49,48,47;49,56,55,52,51,50
ipr58_277 58 1,2,3,4,5,6;0,6,7,8,2;0,1,8,9,10,3;0,2,10,11,12,4;0,3,12,13,14,5;0,4,14,15,6;0,5,15,16,7,1;1,6,16,17,18,8;1,7,18,19,9,2;2,8,19,20,10;2,9,20,21,11,3;3,10,21,22,23,12;3,11,23,13,4;4,12,23,24,25,14;4,13,25,26,15,5;5,14,26,27,16,6;6,15,27,28,17,7;7,16,28,29,30,18;7,17,30,31,19,8;8,18,31,32,20,9;9,19,32,33,21,10;10,20,33,34,22,11;11,21,34,35,36,23;11,22,36,24,13,12;13,23,36,37,38,25;13,24,38,39,26,14;14,25,39,40,27,15;15,26,40,41,28,16;16,27,41,42,29,17;17,28,42,43,44,30;17,29,44,31,18;18,30,44,45,32,19;19,31,45,46,33,20;20,32,46,34,21;21,33,46,47,35,22;22,34,47,48,37,36;22,35,37,24,23;24,36,35,48,49,38;24,37,49,50,39,25;25,38,50,51,40,26;26,39,51,41,27;27,40,51,52,42,28;28,41,52,53,43,29;29,42,53,54,55,44;29,43,55,45,31,30;31,44,55,46,32;32,45,55,47,34,33;34,46,55,54,48,35;35,47,54,56,49,37;37,48,56,57,50,38;38,49,57,51,39;39,50,57,52,41,40;41,51,57,53,42;42,52,57,56,54,43;43,53,56,48,47,55;43,54,47,46,45,44;48,54,53,57,49;49,56,53,52,51,50
ipr58_278 58 1,2,3,4,5,6;0,6,7,8,2;0,1,8,9,10,3;0,2,10,11,12,4;0,3,12,13,14,5;0,4,14,15,16,6;0,5,16,17,7,1;1,6,17,18,19,8;1,7,19,20,9,2;2,8,20,21,10;2,9,21,22,11,3;3,10,22,23,12;3,11,23,24,13,4;4,12,24,25,14;4,13,25,26,15,5;5,14,26,27,16;5,15,27,28,17,6;6,16,28,29,18,7;7,17,29,30,31,19;7,18,31,32,20,8;8,19,32,33,21,9;9,20,33,34,22,10;10,21,34,35,23,11;11,22,35,36,24,12;12,23,36,37,25,13;13,24,37,38,26,14;14,25,38,39,27,15;15,26,39,40,28,16;16,27,40,41,29,17;17,28,41,42,30,18;18,29,42,43,44,31;18,30,44,32,19;19,31,44,45,33,20;20,32,45,46,34,21;21,33,46,35,22;22,34,46,47,36,23;23,35,47,48,37,24;24,36,48,49,38,25;25,37,49,50,39,26;26,38,50,51,40,27;27,39,51,41,28;28,40,51,52,42,29;29,41,52,53,43,30;30,42,53,54,55,44;30,43,55,45,32,31;32,44,55,46,33;33,45,55,47,35,34;35,46,55,54,48,36;36,47,54,56,49,37;37,48,56,57,50,38;38,49,57,51,39;39,50,57,52,41,40;41,51,57,53,42;42,52,57,56,54,43;43,53,56,48,47,55;43,54,47,46,45,44;48,54,53,57,49;49,56,53,52,51,50
ipr58_279 58 1,2,3,4,5,6;0,6,7,8,2;0,1,8,9,10,3;0,2,10,11,12,4;0,3,12,13,14,5;0,4,14,15,16,6;0,5,16,17,7,1;1,6,17,18,19,8;1,7,19,20,9,2;2,8,20,21,10;2,9,21,22,11,3;3,10,22,23,12;3,11,23,24,13,4;4,12,24,25,26,14;4,13,26,27,15,5;5,14,27,28,29,16;5,15,29,17,6;6,16,29,30,18,7;7,17,30,31,32,19;7,18,32,33,20,8;8,19,33,34,21,9;9,20,34,35,22,10;10,21,35,36,23,11;11,22,36,37,24,12;12,23,37,25,13;13,24,37,38,39,26;13,25,39,40,27,14;14,26,40,41,28,15;15,27,41,42,29;15,28,42,30,17,16;17,29,42,43,31,18;18,30,43,44,45,32;18,31,45,46,33,19;19,32,46,47,34,20;20,33,47,48,35,21;21,34,48,36,22;22,35,48,49,37,23;23,36,49,38,25,24;25,37,49,50,51,39;25,38,51,52,40,26;26,39,52,41,27;27,40,52,53,42,28;28,41,53,43,30,29;30,42,53,54,44,31;31,43,54,55,56,45;31,44,56,46,32;32,45,56,57,47,33;33,46,57,48,34;34,47,57,49,36,35;36,48,57,50,38,37;38,49,57,56,55,51;38,50,55,54,52,39;39,51,54,53,41,40;41,52,54,43,42;43,53,52,51,55,44;44,54,51,50,56;44,55,50,57,46,45;46,56,50,49,48,47
ipr58_280 58 1,2,3,4,5,6;0,6,7,8,2;0,1,8,9,10,3;0,2,10,11,12,4;0,3,12,13,14,5;0,4,14,15,16,6;0,5,16,17,7,1;1,6,17,18,19,8;1,7,19,20,9,2;2,8,20,21,10;2,9,21,22,11,3;3,10,22,23,12;3,11,23,24,13,4;4,12,24,25,26,14;4,13,26,27,15,5;5,14,27,28,29,16;5,15,29,17,6;6,16,29,30,18,7;7,17,30,31,32,19;7,18,32,33,20,8;8,19,33,34,21,9;9,20,34,35,22,10;10,21,35,36,23,11;11,22,36,37,24,12;12,23,37,25,13;13,24,37,38,39,26;13,25,39,40,27,14;14,26,40,41,28,15;15,27,41,42,29;15,28,42,30,17,16;17,29,42,43,31,18;18,30,43,44,45,32;18,31,45,33,19;19,32,45,46,34,20;20,33,46,47,35,21;21,34,47,48,36,22;22,35,48,49,37,23;23,36,49,38,25,24;25,37,49,50,51,39;25,38,51,52,40,26;26,39,52,41,27;27,40,52,53,42,28;28,41,53,43,30,29;30,42,53,54,44,31;31,43,54,55,56,45;31,44,56,46,33,32;33,45,56,47,34;34,46,56,57,48,35;35,47,57,49,36;36,48,57,50,38,37;38,49,57,55,51;38,50,55,54,52,39;39,51,54,53,41,40;41,52,54,43,42;43,53,52,51,55,44;44,54,51,50,57,56;44,55,57,47,46,45;47,56,55,50,49,48
ipr58_281 58 1,2,3,4,5,6;0,6,7,8,2;0,1,8,9,10,3;0,2,10,11,12,4;0,3,12,13,14,5;0,4,14,15,16,6;0,5,16,17,7,1;1,6,17,18,19,8;1,7,19,20,9,2;2,8,20,21,10;2,9,21,22,11,3;3,10,22,23,12;3,11,23,24,13,4;4,12,24,25,26,14;4,13,26,27,15,5;5,14,27,28,29,16;5,15,29,17,6;6,16,29,30,18,7;7,17,30,31,32,19;7,18,32,33,20,8;8,19,33,34,21,9;9,20,34,35,22,10;10,21,35,36,23,11;11,22,36,37,24,12;12,23,37,25,13;13,24,37,38,39,26;13,25,39,40,27,14;14,26,40,41,28,15;15,27,41,42,43,29;15,28,43,30,17,16;17,29,43,44,31,18;18,30,44,45,32;18,31,45,46,33,19;19,32,46,47,34,20;20,33,47,48,35,21;21,34,48,36,22;22,35,48,49,37,23;23,36,49,38,25,24;25,37,49,50,51,39;25,38,51,52,40,26;26,39,52,41,27;27,40,52,53,42,28;28,41,53,54,44,43;28,42,44,30,29;30,43,42,54,45,31;31,44,54,55,46,32;32,45,55,56,47,33;33,46,56,48,34;34,47,56,49,36,35;36,48,56,50,38,37;38,49,56,55,57,51;38,50,57,52,39;39,51,57,53,41,40;41,52,57,54,42;42,53,57,55,45,44;45,54,57,50,56,46;46,55,50,49,48,47;50,55,54,53,52,51
ipr58_282 58 1,2,3,4,5,6;0,6,7,8,9,2;0,1,9,10,11,3;0,2,11,12,13,4;0,3,13,14,15,5;0,4,15,16,17,6;0,5,17,18,7,1;1,6,18,19,20,8;1,7,20,21,9;1,8,21,22,10,2;2,9,22,23,11;2,10,23,24,12,3;3,11,24,25,13;3,12,25,26,14,4;4,13,26,27,28,15;4,14,28,29,16,5;5,15,29,30,31,17;5,16,31,18,6;6,17,31,32,19,7;7,18,32,33,34,20;7,19,34,35,21,8;8,20,35,36,22,9;9,21,36,37,23,10;10,22,37,38,24,11;11,23,38,39,25,12;12,24,39,40,26,13;13,25,40,27,14;14,26,40,41,42,28;14,27,42,29,15;15,28,42,43,30,16;16,29,43,44,31;16,30,44,32,18,17;18,31,44,45,33,19;19,32,45,46,47,34;19,33,47,35,20;20,34,47,48,36,21;21,35,48,49,37,22;22,36,49,50,38,23;23,37,50,39,24;24,38,50,51,40,25;25,39,51,41,27,26;27,40,51,52,53,42;27,41,53,43,29,28;29,42,53,54,44,30;30,43,54,45,32,31;32,44,54,46,33;33,45,54,55,56,47;33,46,56,48,35,34;35,47,56,57,49,36;36,48,57,50,37;37,49,57,51,39,38;39,50,57,52,41,40;41,51,57,56,55,53;41,52,55,54,43,42;43,53,55,46,45,44;46,54,53,52,56;46,55,52,57,48,47;48,56,52,51,50,49
ipr58_283 58 1,2,3,4,5,6;0,6,7,8,9,2;0,1,9,10,11,3;0,2,11,12,13,4;0,3,13,14,15,5;0,4,15,16,17,6;0,5,17,18,7,1;1,6,18,19,8;1,7,19,20,21,9;1,8,21,22,10,2;2,9,22,23,11;2,10,23,24,12,3;3,11,24,25,13;3,12,25,26,14,4;4,13,26,27,28,15;4,14,28,29,16,5;5,15,29,30,31,17;5,16,31,18,6;6,17,31,32,19,7;7,18,32,33,20,8;8,19,33,34,35,21;8,20,35,36,22,9;9,21,36,37,23,10;10,22,37,38,24,11;11,23,38,39,25,12;12,24,39,40,26,13;13,25,40,27,14;14,26,40,41,42,28;14,27,42,29,15;15,28,42,43,30,16;16,29,43,44,31;16,30,44,32,18,17;18,31,44,45,33,19;19,32,45,34,20;20,33,45,46,47,35;20,34,47,48,36,21;21,35,48,49,37,22;22,36,49,50,38,23;23,37,50,39,24;24,38,50,51,40,25;25,39,51,41,27,26;27,40,51,52,53,42;27,41,53,43,29,28;29,42,53,54,44,30;30,43,54,45,32,31;32,44,54,46,34,33;34,45,54,55,56,47;34,46,56,48,35;35,47,56,57,49,36;36,48,57,50,37;37,49,57,51,39,38;39,50,57,52,41,40;41,51,57,56,55,53;41,52,55,54,43,42;43,53,55,46,45,44;46,54,53,52,56;46,55,52,57,48,47;48,56,52,51,50,49
ipr58_284 58 1,2,3,4,5,6;0,6,7,8,9,2;0,1,9,10,11,3;0,2,11,12,13,4;0,3,13,14,15,5;0,4,15,16,17,6;0,5,17,7,1;1,6,17,18,19,8;1,7,19,20,21,9;1,8,21,22,10,2;2,9,22,23,11;2,10,23,24,12,3;3,11,24,25,13;3,12,25,26,14,4;4,13,26,27,28,15;4,14,28,16,5;5,15,28,29,30,17;5,16,30,18,7,6;7,17,30,31,19;7,18,31,32,20,8;8,19,32,33,34,21;8,20,34,35,22,9;9,21,35,36,23,10;10,22,36,37,24,11;11,23,37,38,25,12;12,24,38,39,26,13;13,25,39,27,14;14,26,39,40,41,28;14,27,41,29,16,15;16,28,41,42,43,30;16,29,43,31,18,17;18,30,43,44,32,19;19,31,44,45,33,20;20,32,45,46,47,34;20,33,47,48,35,21;21,34,48,49,36,22;22,35,49,50,37,23;23,36,50,38,24;24,37,50,51,39,25;25,38,51,40,27,26;27,39,51,52,53,41;27,40,53,42,29,28;29,41,53,54,44,43;29,42,44,31,30;31,43,42,54,45,32;32,44,54,46,33;33,45,54,55,56,47;33,46,56,48,34;34,47,56,57,49,35;35,48,57,50,36;36,49,57,51,38,37;38,50,57,52,40,39;40,51,57,56,55,53;40,52,55,54,42,41;42,53,55,46,45,44;46,54,53,52,56;46,55,52,57,48,47;48,56,52,51,50,49
ipr58_285 58 1,2,3,4,5,6;0,6,7,8,2;0,1,8,9,10,3;0,2,10,11,12,4;0,3,12,13,14,5;0,4,14,15,16,6;0,5,16,17,7,1;1,6,17,18,19,8;1,7,19,20,9,2;2,8,20,21,22,10;2,9,22,23,11,3;3,10,23,24,12;3,11,24,25,13,4;4,12,25,26,27,14;4,13,27,28,15,5;5,14,28,29,30,16;5,15,30,17,6;6,16,30,31,18,7;7,17,31,32,33,19;7,18,33,34,20,8;8,19,34,21,9;9,20,34,35,36,22;9,21,36,37,23,10;10,22,37,38,24,11;11,23,38,39,25,12;12,24,39,26,13;13,25,39,40,41,27;13,26,41,28,14;14,27,41,42,29,15;15,28,42,43,30;15,29,43,31,17,16;17,30,43,44,32,18;18,31,44,45,46,33;18,32,46,47,34,19;19,33,47,35,21,20;21,34,47,48,49,36;21,35,49,50,37,22;22,36,50,38,23;23,37,50,51,39,24;24,38,51,40,26,25;26,39,51,52,53,41;26,40,53,42,28,27;28,41,53,54,43,29;29,42,54,44,31,30;31,43,54,45,32;32,44,54,55,56,46;32,45,56,48,47,33;33,46,48,35,34;35,47,46,56,57,49;35,48,57,50,36;36,49,57,51,38,37;38,50,57,52,40,39;40,51,57,56,55,53;40,52,55,54,42,41;42,53,55,45,44,43;45,54,53,52,56;45,55,52,57,48,46;48,56,52,51,50,49
ipr58_286 58 1,2,3,4,5,6;0,6,7,8,2;0,1,8,9,10,3;0,2,10,11,12,4;0,3,12,13,14,5;0,4,14,15,6;0,5,15,16,7,1;1,6,16,17,18,8;1,7,18,19,9,2;2,8,19,20,10;2,9,20,21,11,3;3,10,21,22,23,12;3,11,23,13,4;4,12,23,24,25,14;4,13,25,26,15,5;5,14,26,27,16,6;6,15,27,28,17,7;7,16,28,29,30,18;7,17,30,31,19,8;8,18,31,32,20,9;9,19,32,33,21,10;10,20,33,34,22,11;11,21,34,35,36,23;11,22,36,24,13,12;13,23,36,37,38,25;13,24,38,39,26,14;14,25,39,40,27,15;15,26,40,41,28,16;16,27,41,42,29,17;17,28,42,43,44,30;17,29,44,45,31,18;18,30,45,46,32,19;19,31,46,47,33,20;20,32,47,34,21;21,33,47,48,35,22;22,34,48,49,37,36;22,35,37,24,23;24,36,35,49,50,38;24,37,50,39,25;25,38,50,51,40,26;26,39,51,41,27;27,40,51,52,42,28;28,41,52,43,29;29,42,52,53,54,44;29,43,54,45,30;30,44,54,55,46,31;31,45,55,47,32;32,46,55,48,34,33;34,47,55,56,49,35;35,48,56,57,50,37;37,49,57,51,39,38;39,50,57,52,41,40;41,51,57,53,43,42;43,52,57,56,54;43,53,56,55,45,44;45,54,56,48,47,46;48,55,54,53,57,49;49,56,53,52,51,50
ipr58_287 58 1,2,3,4,5,6;0,6,7,8,2;0,1,8,9,10,3;0,2,10,11,12,4;0,3,12,13,14,5;0,4,14,15,16,6;0,5,16,17,7,1;1,6,17,18,19,8;1,7,19,20,9,2;2,8,20,21,22,10;2,9,22,11,3;3,10,22,23,24,12;3,11,24,25,13,4;4,12,25,26,27,14;4,13,27,15,5;5,14,27,28,29,16;5,15,29,17,6;6,16,29,30,18,7;7,17,30,31,32,19;7,18,32,33,20,8;8,19,33,34,21,9;9,20,34,35,22;9,21,35,23,11,10;11,22,35,36,37,24;11,23,37,38,25,12;12,24,38,39,26,13;13,25,39,40,41,27;13,26,41,28,15,14;15,27,41,42,29;15,28,42,30,17,16;17,29,42,43,31,18;18,30,43,44,32;18,31,44,45,33,19;19,32,45,46,34,20;20,33,46,47,35,21;21,34,47,36,23,22;23,35,47,48,37;23,36,48,49,38,24;24,37,49,39,25;25,38,49,50,40,26;26,39,50,51,52,41;26,40,52,42,28,27;28,41,52,43,30,29;30,42,52,53,44,31;31,43,53,54,45,32;32,44,54,46,33;33,45,54,55,47,34;34,46,55,48,36,35;36,47,55,56,49,37;37,48,56,50,39,38;39,49,56,57,51,40;40,50,57,53,52;40,51,53,43,42,41;43,52,51,57,54,44;44,53,57,55,46,45;46,54,57,56,48,47;48,55,57,50,49;50,56,55,54,53,51
ipr58_288 58 1,2,3,4,5,6;0,6,7,8,9,2;0,1,9,10,11,3;0,2,11,12,13,4;0,3,13,14,15,5;0,4,15,16,17,6;0,5,17,18,7,1;1,6,18,19,8;1,7,19,20,21,9;1,8,21,22,10,2;2,9,22,23,24,11;2,10,24,25,12,3;3,11,25,26,13;3,12,26,27,14,4;4,13,27,28,29,15;4,14,29,16,5;5,15,29,30,31,17;5,16,31,18,6;6,17,31,32,19,7;7,18,32,33,20,8;8,19,33,34,21;8,20,34,35,22,9;9,21,35,23,10;10,22,35,36,37,24;10,23,37,38,25,11;11,24,38,39,26,12;12,25,39,40,27,13;13,26,40,41,28,14;14,27,41,42,43,29;14,28,43,30,16,15;16,29,43,44,31;16,30,44,32,18,17;18,31,44,45,33,19;19,32,45,46,34,20;20,33,46,47,35,21;21,34,47,36,23,22;23,35,47,48,49,37;23,36,49,50,38,24;24,37,50,39,25;25,38,50,51,40,26;26,39,51,41,27;27,40,51,52,42,28;28,41,52,53,54,43;28,42,54,44,30,29;30,43,54,45,32,31;32,44,54,55,46,33;33,45,55,48,47,34;34,46,48,36,35;36,47,46,55,56,49;36,48,56,57,50,37;37,49,57,51,39,38;39,50,57,52,41,40;41,51,57,56,53,42;42,52,56,55,54;42,53,55,45,44,43;45,54,53,56,48,46;48,55,53,52,57,49;49,56,52,51,50
ipr58_289 58 1,2,3,4,5,6;0,6,7,8,9,2;0,1,9,10,11,3;0,2,11,12,13,4;0,3,13,14,15,5;0,4,15,16,17,6;0,5,17,18,7,1;1,6,18,19,20,8;1,7,20,21,22,9;1,8,22,23,10,2;2,9,23,24,11;2,10,24,25,12,3;3,11,25,26,27,13;3,12,27,14,4;4,13,27,28,29,15;4,14,29,16,5;5,15,29,30,31,17;5,16,31,32,18,6;6,17,32,19,7;7,18,32,33,34,20;7,19,34,35,21,8;8,20,35,36,37,22;8,21,37,23,9;9,22,37,38,24,10;10,23,38,39,25,11;11,24,39,26,12;12,25,39,40,41,27;12,26,41,28,14,13;14,27,41,42,43,29;14,28,43,30,16,15;16,29,43,44,31;16,30,44,45,32,17;17,31,45,33,19,18;19,32,45,46,47,34;19,33,47,48,35,20;20,34,48,49,36,21;21,35,49,50,37;21,36,50,38,23,22;23,37,50,51,39,24;24,38,51,40,26,25;26,39,51,52,41;26,40,52,42,28,27;28,41,52,53,54,43;28,42,54,44,30,29;30,43,54,46,45,31;31,44,46,33,32;33,45,44,54,55,47;33,46,55,48,34;34,47,55,56,49,35;35,48,56,57,50,36;36,49,57,51,38,37;38,50,57,52,40,39;40,51,57,53,42,41;42,52,57,56,55,54;42,53,55,46,44,43;46,54,53,56,48,47;48,55,53,57,49;49,56,53,52,51,50
ipr58_290 58 1,2,3,4,5,6;0,6,7,8,9,2;0,1,9,10,11,3;0,2,11,12,13,4;0,3,13,14,15,5;0,4,15,16,17,6;0,5,17,18,7,1;1,6,18,19,8;1,7,19,20,21,9;1,8,21,10,2;2,9,21,22,23,11;2,10,23,12,3;3,11,23,24,25,13;3,12,25,14,4;4,13,25,26,27,15;4,14,27,16,5;5,15,27,28,29,17;5,16,29,30,18,6;6,17,30,31,19,7;7,18,31,32,20,8;8,19,32,33,34,21;8,20,34,22,10,9;10,21,34,35,36,23;10,22,36,24,12,11;12,23,36,37,38,25;12,24,38,26,14,13;14,25,38,39,40,27;14,26,40,28,16,15;16,27,40,41,29;16,28,41,42,30,17;17,29,42,43,31,18;18,30,43,44,32,19;19,31,44,45,33,20;20,32,45,46,35,34;20,33,35,22,21;22,34,33,46,47,36;22,35,47,37,24,23;24,36,47,48,49,38;24,37,49,39,26,25;26,38,49,50,51,40;26,39,51,41,28,27;28,40,51,52,42,29;29,41,52,43,30;30,42,52,53,44,31;31,43,53,54,45,32;32,44,54,55,46,33;33,45,55,47,35;35,46,55,48,37,36;37,47,55,56,50,49;37,48,50,39,38;39,49,48,56,57,51;39,50,57,52,41,40;41,51,57,53,43,42;43,52,57,54,44;44,53,57,56,55,45;45,54,56,48,47,46;48,55,54,57,50;50,56,54,53,52,51
ipr58_291 58 1,2,3,4,5,6;0,6,7,8,9,2;0,1,9,10,3;0,2,10,11,12,4;0,3,12,13,5;0,4,13,14,15,6;0,5,15,16,7,1;1,6,16,17,18,8;1,7,18,19,20,9;1,8,20,21,10,2;2,9,21,22,11,3;3,10,22,23,24,12;3,11,24,25,13,4;4,12,25,26,14,5;5,13,26,27,28,15;5,14,28,29,16,6;6,15,29,17,7;7,16,29,30,31,18;7,17,31,32,19,8;8,18,32,33,34,20;8,19,34,35,21,9;9,20,35,22,10;10,21,35,36,23,11;11,22,36,37,38,24;11,23,38,25,12;12,24,38,39,26,13;13,25,39,40,27,14;14,26,40,41,28;14,27,41,42,29,15;15,28,42,30,17,16;17,29,42,43,44,31;17,30,44,45,32,18;18,31,45,46,33,19;19,32,46,47,34;19,33,47,48,35,20;20,34,48,36,22,21;22,35,48,37,23;23,36,48,49,50,38;23,37,50,39,25,24;25,38,50,51,40,26;26,39,51,52,41,27;27,40,52,43,42,28;28,41,43,30,29;30,42,41,52,53,44;30,43,53,45,31;31,44,53,54,46,32;32,45,54,55,47,33;33,46,55,49,48,34;34,47,49,37,36,35;37,48,47,55,56,50;37,49,56,51,39,38;39,50,56,57,52,40;40,51,57,53,43,41;43,52,57,54,45,44;45,53,57,55,46;46,54,57,56,49,47;49,55,57,51,50;51,56,55,54,53,52
ipr58_292 58 1,2,3,4,5,6;0,6,7,8,9,2;0,1,9,10,3;0,2,10,11,12,4;0,3,12,13,14,5;0,4,14,15,16,6;0,5,16,17,7,1;1,6,17,18,19,8;1,7,19,20,21,9;1,8,21,22,10,2;2,9,22,23,11,3;3,10,23,24,12;3,11,24,25,13,4;4,12,25,26,27,14;4,13,27,15,5;5,14,27,28,29,16;5,15,29,30,17,6;6,16,30,18,7;7,17,30,31,32,19;7,18,32,33,20,8;8,19,33,34,35,21;8,20,35,22,9;9,21,35,36,23,10;10,22,36,37,24,11;11,23,37,38,25,12;12,24,38,39,26,13;13,25,39,40,41,27;13,26,41,28,15,14;15,27,41,42,29;15,28,42,43,30,16;16,29,43,31,18,17;18,30,43,44,45,32;18,31,45,46,33,19;19,32,46,47,34,20;20,33,47,48,49,35;20,34,49,36,22,21;22,35,49,50,37,23;23,36,50,38,24;24,37,50,51,39,25;25,38,51,52,40,26;26,39,52,53,54,41;26,40,54,42,28,27;28,41,54,44,43,29;29,42,44,31,30;31,43,42,54,55,45;31,44,55,46,32;32,45,55,56,47,33;33,46,56,57,48,34;34,47,57,51,50,49;34,48,50,36,35;36,49,48,51,38,37;38,50,48,57,52,39;39,51,57,53,40;40,52,57,56,55,54;40,53,55,44,42,41;44,54,53,56,46,45;46,55,53,57,47;47,56,53,52,51,48
ipr58_293 58 1,2,3,4,5,6;0,6,7,8,2;0,1,8,9,10,3;0,2,10,11,12,4;0,3,12,13,14,5;0,4,14,15,16,6;0,5,16,17,7,1;1,6,17,18,19,8;1,7,19,20,9,2;2,8,20,21,10;2,9,21,22,11,3;3,10,22,23,24,12;3,11,24,25,13,4;4,12,25,26,27,14;4,13,27,15,5;5,14,27,28,29,16;5,15,29,30,17,6;6,16,30,18,7;7,17,30,31,32,19;7,18,32,33,20,8;8,19,33,34,21,9;9,20,34,35,22,10;10,21,35,36,23,11;11,22,36,37,24;11,23,37,38,25,12;12,24,38,39,26,13;13,25,39,40,41,27;13,26,41,28,15,14;15,27,41,42,29;15,28,42,43,30,16;16,29,43,31,18,17;18,30,43,44,45,32;18,31,45,46,33,19;19,32,46,47,34,20;20,33,47,48,35,21;21,34,48,36,22;22,35,48,49,37,23;23,36,49,50,38,24;24,37,50,39,25;25,38,50,51,40,26;26,39,51,52,53,41;26,40,53,42,28,27;28,41,53,44,43,29;29,42,44,31,30;31,43,42,53,54,45;31,44,54,46,32;32,45,54,55,47,33;33,46,55,56,48,34;34,47,56,49,36,35;36,48,56,57,50,37;37,49,57,51,39,38;39,50,57,52,40;40,51,57,55,54,53;40,52,54,44,42,41;44,53,52,55,46,45;46,54,52,57,56,47;47,55,57,49,48;49,56,55,52,51,50
ipr58_294 58 1,2,3,4,5,6;0,6,7,8,2;0,1,8,9,10,3;0,2,10,11,12,4;0,3,12,13,14,5;0,4,14,15,16,6;0,5,16,17,7,1;1,6,17,18,19,8;1,7,19,20,9,2;2,8,20,21,10;2,9,21,22,11,3;3,10,22,23,24,12;3,11,24,25,13,4;4,12,25,26,27,14;4,13,27,15,5;5,14,27,28,29,16;5,15,29,30,17,6;6,16,30,31,18,7;7,17,31,32,33,19;7,18,33,20,8;8,19,33,34,21,9;9,20,34,35,22,10;10,21,35,23,11;11,22,35,36,37,24;11,23,37,38,25,12;12,24,38,26,13;13,25,38,39,40,27;13,26,40,28,15,14;15,27,40,41,29;15,28,41,42,30,16;16,29,42,43,31,17;17,30,43,44,32,18;18,31,44,45,46,33;18,32,46,34,20,19;20,33,46,47,35,21;21,34,47,36,23,22;23,35,47,48,49,37;23,36,49,50,38,24;24,37,50,39,26,25;26,38,50,51,52,40;26,39,52,41,28,27;28,40,52,53,42,29;29,41,53,43,30;30,42,53,54,44,31;31,43,54,55,45,32;32,44,55,48,47,46;32,45,47,34,33;34,46,45,48,36,35;36,47,45,55,56,49;36,48,56,51,50,37;37,49,51,39,38;39,50,49,56,57,52;39,51,57,53,41,40;41,52,57,54,43,42;43,53,57,55,44;44,54,57,56,48,45;48,55,57,51,49;51,56,55,54,53,52
ipr58_295 58 1,2,3,4,5,6;0,6,7,8,9,2;0,1,9,10,11,3;0,2,11,12,4;0,3,12,13,14,5;0,4,14,15,6;0,5,15,16,7,1;1,6,16,17,18,8;1,7,18,19,20,9;1,8,20,21,10,2;2,9,21,22,23,11;2,10,23,24,12,3;3,11,24,25,13,4;4,12,25,26,27,14;4,13,27,28,15,5;5,14,28,29,16,6;6,15,29,17,7;7,16,29,30,31,18;7,17,31,19,8;8,18,31,32,33,20;8,19,33,34,21,9;9,20,34,35,22,10;10,21,35,36,37,23;10,22,37,24,11;11,23,37,38,25,12;12,24,38,39,26,13;13,25,39,40,27;13,26,40,41,28,14;14,27,41,42,29,15;15,28,42,30,17,16;17,29,42,43,44,31;17,30,44,32,19,18;19,31,44,45,46,33;19,32,46,34,20;20,33,46,47,35,21;21,34,47,48,36,22;22,35,48,49,50,37;22,36,50,38,24,23;24,37,50,39,25;25,38,50,51,40,26;26,39,51,52,41,27;27,40,52,53,42,28;28,41,53,43,30,29;30,42,53,54,45,44;30,43,45,32,31;32,44,43,54,55,46;32,45,55,47,34,33;34,46,55,48,35;35,47,55,56,49,36;36,48,56,57,51,50;36,49,51,39,38,37;39,50,49,57,52,40;40,51,57,53,41;41,52,57,54,43,42;43,53,57,56,55,45;45,54,56,48,47,46;48,55,54,57,49;49,56,54,53,52,51
ipr58_296 58 1,2,3,4,5,6;0,6,7,8,9,2;0,1,9,10,11,3;0,2,11,12,4;0,3,12,13,14,5;0,4,14,15,16,6;0,5,16,17,7,1;1,6,17,18,19,8;1,7,19,20,9;1,8,20,21,10,2;2,9,21,22,23,11;2,10,23,24,12,3;3,11,24,25,13,4;4,12,25,26,27,14;4,13,27,28,15,5;5,14,28,29,16;5,15,29,30,17,6;6,16,30,18,7;7,17,30,31,32,19;7,18,32,33,20,8;8,19,33,34,21,9;9,20,34,35,22,10;10,21,35,36,37,23;10,22,37,24,11;11,23,37,38,25,12;12,24,38,39,26,13;13,25,39,40,27;13,26,40,41,28,14;14,27,41,42,29,15;15,28,42,43,30,16;16,29,43,31,18,17;18,30,43,44,45,32;18,31,45,46,33,19;19,32,46,34,20;20,33,46,47,35,21;21,34,47,48,36,22;22,35,48,49,50,37;22,36,50,38,24,23;24,37,50,39,25;25,38,50,51,40,26;26,39,51,52,41,27;27,40,52,42,28;28,41,52,53,43,29;29,42,53,44,31,30;31,43,53,54,45;31,44,54,55,46,32;32,45,55,47,34,33;34,46,55,48,35;35,47,55,56,49,36;36,48,56,57,51,50;36,49,51,39,38,37;39,50,49,57,52,40;40,51,57,53,42,41;42,52,57,54,44,43;44,53,57,56,55,45;45,54,56,48,47,46;48,55,54,57,49;49,56,54,53,52,51
ipr58_297 58 1,2,3,4,5,6;0,6,7,8,9,2;0,1,9,10,11,3;0,2,11,12,4;0,3,12,13,14,5;0,4,14,15,6;0,5,15,16,7,1;1,6,16,17,18,8;1,7,18,19,9;1,8,19,20,10,2;2,9,20,21,22,11;2,10,22,23,12,3;3,11,23,24,13,4;4,12,24,25,26,14;4,13,26,27,15,5;5,14,27,28,16,6;6,15,28,29,17,7;7,16,29,30,31,18;7,17,31,32,19,8;8,18,32,33,20,9;9,19,33,34,21,10;10,20,34,35,36,22;10,21,36,23,11;11,22,36,37,24,12;12,23,37,38,25,13;13,24,38,39,26;13,25,39,40,27,14;14,26,40,41,28,15;15,27,41,29,16;16,28,41,42,30,17;17,29,42,43,44,31;17,30,44,45,32,18;18,31,45,33,19;19,32,45,46,34,20;20,33,46,47,35,21;21,34,47,48,49,36;21,35,49,37,23,22;23,36,49,38,24;24,37,49,50,39,25;25,38,50,51,40,26;26,39,51,52,41,27;27,40,52,42,29,28;29,41,52,53,43,30;30,42,53,54,44;30,43,54,55,45,31;31,44,55,46,33,32;33,45,55,47,34;34,46,55,56,48,35;35,47,56,57,50,49;35,48,50,38,37,36;38,49,48,57,51,39;39,50,57,53,52,40;40,51,53,42,41;42,52,51,57,54,43;43,53,57,56,55,44;44,54,56,47,46,45;47,55,54,57,48;48,56,54,53,51,50
ipr58_298 58 1,2,3,4,5,6;0,6,7,8,9,2;0,1,9,10,3;0,2,10,11,12,4;0,3,12,13,5;0,4,13,14,15,6;0,5,15,16,7,1;1,6,16,17,18,8;1,7,18,19,9;1,8,19,20,10,2;2,9,20,21,11,3;3,10,21,22,23,12;3,11,23,24,13,4;4,12,24,25,14,5;5,13,25,26,27,15;5,14,27,28,16,6;6,15,28,29,17,7;7,16,29,30,31,18;7,17,31,32,19,8;8,18,32,33,20,9;9,19,33,21,10;10,20,33,34,22,11;11,21,34,35,36,23;11,22,36,24,12;12,23,36,37,25,13;13,24,37,38,26,14;14,25,38,39,40,27;14,26,40,41,28,15;15,27,41,29,16;16,28,41,42,30,17;17,29,42,43,44,31;17,30,44,45,32,18;18,31,45,46,33,19;19,32,46,34,21,20;21,33,46,47,35,22;22,34,47,48,49,36;22,35,49,37,24,23;24,36,49,50,38,25;25,37,50,39,26;26,38,50,51,52,40;26,39,52,53,41,27;27,40,53,42,29,28;29,41,53,43,30;30,42,53,54,55,44;30,43,55,56,45,31;31,44,56,46,32;32,45,56,47,34,33;34,46,56,57,48,35;35,47,57,51,50,49;35,48,50,37,36;37,49,48,51,39,38;39,50,48,57,54,52;39,51,54,53,40;40,52,54,43,42,41;43,53,52,51,57,55;43,54,57,56,44;44,55,57,47,46,45;47,56,55,54,51,48
ipr58_299 58 1,2,3,4,5,6;0,6,7,8,9,2;0,1,9,10,3;0,2,10,11,12,4;0,3,12,13,14,5;0,4,14,15,16,6;0,5,16,17,7,1;1,6,17,18,19,8;1,7,19,20,9;1,8,20,21,10,2;2,9,21,22,11,3;3,10,22,23,24,12;3,11,24,25,13,4;4,12,25,26,27,14;4,13,27,15,5;5,14,27,28,29,16;5,15,29,30,17,6;6,16,30,31,18,7;7,17,31,32,33,19;7,18,33,34,20,8;8,19,34,35,21,9;9,20,35,22,10;10,21,35,36,23,11;11,22,36,37,24;11,23,37,38,25,12;12,24,38,26,13;13,25,38,39,40,27;13,26,40,28,15,14;15,27,40,41,42,29;15,28,42,43,30,16;16,29,43,31,17;17,30,43,44,32,18;18,31,44,45,46,33;18,32,46,47,34,19;19,33,47,48,35,20;20,34,48,36,22,21;22,35,48,49,37,23;23,36,49,50,38,24;24,37,50,39,26,25;26,38,50,51,41,40;26,39,41,28,27;28,40,39,51,52,42;28,41,52,53,43,29;29,42,53,44,31,30;31,43,53,45,32;32,44,53,54,55,46;32,45,55,56,47,33;33,46,56,48,34;34,47,56,49,36,35;36,48,56,57,50,37;37,49,57,51,39,38;39,50,57,54,52,41;41,51,54,53,42;42,52,54,45,44,43;45,53,52,51,57,55;45,54,57,56,46;46,55,57,49,48,47;49,56,55,54,51,50
ipr58_300 58 1,2,3,4,5,6;0,6,7,8,9,2;0,1,9,10,3;0,2,10,11,12,4;0,3,12,13,14,5;0,4,14,15,16,6;0,5,16,17,7,1;1,6,17,18,19,8;1,7,19,20,9;1,8,20,21,10,2;2,9,21,22,11,3;3,10,22,23,24,12;3,11,24,25,13,4;4,12,25,26,27,14;4,13,27,28,15,5;5,14,28,29,16;5,15,29,30,17,6;6,16,30,31,18,7;7,17,31,32,33,19;7,18,33,34,20,8;8,19,34,35,21,9;9,20,35,22,10;10,21,35,36,23,11;11,22,36,37,24;11,23,37,38,25,12;12,24,38,39,26,13;13,25,39,40,27;13,26,40,41,28,14;14,27,41,42,29,15;15,28,42,43,30,16;16,29,43,31,17;17,30,43,44,32,18;18,31,44,45,46,33;18,32,46,47,34,19;19,33,47,48,35,20;20,34,48,36,22,21;22,35,48,49,37,23;23,36,49,50,38,24;24,37,50,39,25;25,38,50,51,40,26;26,39,51,52,41,27;27,40,52,42,28;28,41,52,53,43,29;29,42,53,44,31,30;31,43,53,45,32;32,44,53,54,55,46;32,45,55,56,47,33;33,46,56,48,34;34,47,56,49,36,35;36,48,56,57,50,37;37,49,57,51,39,38;39,50,57,54,52,40;40,51,54,53,42,41;42,52,54,45,44,43;45,53,52,51,57,55;45,54,57,56,46;46,55,57,49,48,47;49,56,55,54,51,50
ipr58_301 58 1,2,3,4,5,6;0,6,7,8,9,2;0,1,9,10,3;0,2,10,11,12,4;0,3,12,13,14,5;0,4,14,15,6;0,5,15,16,7,1;1,6,16,17,18,8;1,7,18,19,20,9;1,8,20,21,10,2;2,9,21,22,11,3;3,10,22,23,24,12;3,11,24,25,13,4;4,12,25,26,27,14;4,13,27,28,15,5;5,14,28,29,16,6;6,15,29,30,17,7;7,16,30,31,32,18;7,17,32,19,8;8,18,32,33,34,20;8,19,34,35,21,9;9,20,35,22,10;10,21,35,36,23,11;11,22,36,37,24;11,23,37,38,25,12;12,24,38,39,26,13;13,25,39,40,27;13,26,40,41,28,14;14,27,41,42,29,15;15,28,42,30,16;16,29,42,43,31,17;17,30,43,44,32;17,31,44,33,19,18;19,32,44,45,46,34;19,33,46,47,35,20;20,34,47,36,22,21;22,35,47,48,37,23;23,36,48,49,38,24;24,37,49,39,25;25,38,49,50,40,26;26,39,50,51,41,27;27,40,51,52,42,28;28,41,52,43,30,29;30,42,52,53,44,31;31,43,53,45,33,32;33,44,53,54,55,46;33,45,55,47,34;34,46,55,48,36,35;36,47,55,56,49,37;37,48,56,50,39,38;39,49,56,57,51,40;40,50,57,52,41;41,51,57,53,43,42;43,52,57,54,45,44;45,53,57,56,55;45,54,56,48,47,46;48,55,54,57,50,49;50,56,54,53,52,51
ipr58_302 58 1,2,3,4,5,6;0,6,7,8,9,2;0,1,9,10,11,3;0,2,11,12,4;0,3,12,13,14,5;0,4,14,15,6;0,5,15,16,7,1;1,6,16,17,18,8;1,7,18,19,9;1,8,19,20,10,2;2,9,20,21,22,11;2,10,22,23,12,3;3,11,23,24,13,4;4,12,24,25,26,14;4,13,26,27,15,5;5,14,27,28,16,6;6,15,28,17,7;7,16,28,29,30,18;7,17,30,31,19,8;8,18,31,32,20,9;9,19,32,33,21,10;10,20,33,34,35,22;10,21,35,23,11;11,22,35,36,24,12;12,23,36,37,25,13;13,24,37,38,26;13,25,38,39,27,14;14,26,39,40,28,15;15,27,40,29,17,16;17,28,40,41,42,30;17,29,42,43,31,18;18,30,43,32,19;19,31,43,44,33,20;20,32,44,45,34,21;21,33,45,46,47,35;21,34,47,36,23,22;23,35,47,48,37,24;24,36,48,49,38,25;25,37,49,50,39,26;26,38,50,51,40,27;27,39,51,41,29,28;29,40,51,52,42;29,41,52,53,43,30;30,42,53,44,32,31;32,43,53,54,45,33;33,44,54,46,34;34,45,54,55,48,47;34,46,48,36,35;36,47,46,55,49,37;37,48,55,56,50,38;38,49,56,51,39;39,50,56,52,41,40;41,51,56,57,53,42;42,52,57,54,44,43;44,53,57,55,46,45;46,54,57,56,49,48;49,55,57,52,51,50;52,56,55,54,53
ipr58_303 58 1,2,3,4,5,6;0,6,7,8,9,2;0,1,9,10,3;0,2,10,11,12,4;0,3,12,13,14,5;0,4,14,15,6;0,5,15,16,7,1;1,6,16,17,18,8;1,7,18,19,9;1,8,19,20,10,2;2,9,20,21,11,3;3,10,21,22,23,12;3,11,23,24,13,4;4,12,24,25,26,14;4,13,26,27,15,5;5,14,27,28,16,6;6,15,28,29,17,7;7,16,29,30,31,18;7,17,31,32,19,8;8,18,32,33,20,9;9,19,33,21,10;10,20,33,34,22,11;11,21,34,35,23;11,22,35,36,24,12;12,23,36,37,25,13;13,24,37,38,26;13,25,38,39,27,14;14,26,39,40,28,15;15,27,40,29,16;16,28,40,41,30,17;17,29,41,42,43,31;17,30,43,44,32,18;18,31,44,45,33,19;19,32,45,34,21,20;21,33,45,46,35,22;22,34,46,47,36,23;23,35,47,48,37,24;24,36,48,49,38,25;25,37,49,50,39,26;26,38,50,51,40,27;27,39,51,41,29,28;29,40,51,42,30;30,41,51,52,53,43;30,42,53,54,44,31;31,43,54,55,45,32;32,44,55,46,34,33;34,45,55,56,47,35;35,46,56,48,36;36,47,56,57,49,37;37,48,57,52,50,38;38,49,52,51,39;39,50,52,42,41,40;42,51,50,49,57,53;42,52,57,54,43;43,53,57,56,55,44;44,54,56,46,45;46,55,54,57,48,47;48,56,54,53,52,49
ipr58_304 58 1,2,3,4,5,6;0,6,7,8,9,2;0,1,9,10,11,3;0,2,11,12,13,4;0,3,13,14,15,5;0,4,15,16,17,6;0,5,17,18,7,1;1,6,18,19,20,8;1,7,20,21,9;1,8,21,22,10,2;2,9,22,23,24,11;2,10,24,25,12,3;3,11,25,26,13;3,12,26,27,14,4;4,13,27,28,29,15;4,14,29,16,5;5,15,29,30,31,17;5,16,31,18,6;6,17,31,32,19,7;7,18,32,33,34,20;7,19,34,35,21,8;8,20,35,36,22,9;9,21,36,37,23,10;10,22,37,38,24;10,23,38,39,25,11;11,24,39,40,26,12;12,25,40,41,27,13;13,26,41,42,28,14;14,27,42,43,29;14,28,43,30,16,15;16,29,43,44,45,31;16,30,45,32,18,17;18,31,45,33,19;19,32,45,46,47,34;19,33,47,35,20;20,34,47,48,36,21;21,35,48,37,22;22,36,48,49,38,23;23,37,49,50,39,24;24,38,50,51,40,25;25,39,51,52,41,26;26,40,52,42,27;27,41,52,53,43,28;28,42,53,44,30,29;30,43,53,54,46,45;30,44,46,33,32,31;33,45,44,54,55,47;33,46,55,48,35,34;35,47,55,49,37,36;37,48,55,56,50,38;38,49,56,57,51,39;39,50,57,52,40;40,51,57,53,42,41;42,52,57,54,44,43;44,53,57,56,55,46;46,54,56,49,48,47;49,55,54,57,50;50,56,54,53,52,51
ipr58_305 58 1,2,3,4,5,6;0,6,7,8,2;0,1,8,9,10,3;0,2,10,11,12,4;0,3,12,13,14,5;0,4,14,15,16,6;0,5,16,17,7,1;1,6,17,18,19,8;1,7,19,20,9,2;2,8,20,21,22,10;2,9,22,23,11,3;3,10,23,24,12;3,11,24,25,13,4;4,12,25,26,27,14;4,13,27,15,5;5,14,27,28,29,16;5,15,29,17,6;6,16,29,30,18,7;7,17,30,31,32,19;7,18,32,33,20,8;8,19,33,34,21,9;9,20,34,35,36,22;9,21,36,37,23,10;10,22,37,38,24,11;11,23,38,39,25,12;12,24,39,40,26,13;13,25,40,41,27;13,26,41,28,15,14;15,27,41,42,43,29;15,28,43,30,17,16;17,29,43,31,18;18,30,43,44,45,32;18,31,45,33,19;19,32,45,46,34,20;20,33,46,47,35,21;21,34,47,48,36;21,35,48,49,37,22;22,36,49,38,23;23,37,49,50,39,24;24,38,50,51,40,25;25,39,51,52,41,26;26,40,52,42,28,27;28,41,52,53,44,43;28,42,44,31,30,29;31,43,42,53,54,45;31,44,54,46,33,32;33,45,54,47,34;34,46,54,55,48,35;35,47,55,56,49,36;36,48,56,50,38,37;38,49,56,51,39;39,50,56,57,52,40;40,51,57,53,42,41;42,52,57,55,54,44;44,53,55,47,46,45;47,54,53,57,56,48;48,55,57,51,50,49;51,56,55,53,52
ipr58_306 58 1,2,3,4,5,6;0,6,7,8,9,2;0,1,9,10,11,3;0,2,11,12,13,4;0,3,13,14,15,5;0,4,15,16,17,6;0,5,17,18,7,1;1,6,18,19,20,8;1,7,20,21,22,9;1,8,22,10,2;2,9,22,23,24,11;2,10,24,25,12,3;3,11,25,26,13;3,12,26,27,14,4;4,13,27,28,29,15;4,14,29,16,5;5,15,29,30,31,17;5,16,31,18,6;6,17,31,32,19,7;7,18,32,33,34,20;7,19,34,35,21,8;8,20,35,36,37,22;8,21,37,23,10,9;10,22,37,38,24;10,23,38,39,25,11;11,24,39,40,26,12;12,25,40,41,27,13;13,26,41,42,28,14;14,27,42,43,29;14,28,43,30,16,15;16,29,43,44,45,31;16,30,45,32,18,17;18,31,45,33,19;19,32,45,46,47,34;19,33,47,48,35,20;20,34,48,36,21;21,35,48,49,50,37;21,36,50,38,23,22;23,37,50,51,39,24;24,38,51,52,40,25;25,39,52,41,26;26,40,52,53,42,27;27,41,53,54,43,28;28,42,54,44,30,29;30,43,54,46,45;30,44,46,33,32,31;33,45,44,54,55,47;33,46,55,56,48,34;34,47,56,49,36,35;36,48,56,57,51,50;36,49,51,38,37;38,50,49,57,52,39;39,51,57,53,41,40;41,52,57,55,54,42;42,53,55,46,44,43;46,54,53,57,56,47;47,55,57,49,48;49,56,55,53,52,51
ipr58_307 58 1,2,3,4,5,6;0,6,7,8,9,2;0,1,9,10,11,3;0,2,11,12,13,4;0,3,13,14,15,5;0,4,15,16,17,6;0,5,17,18,7,1;1,6,18,19,20,8;1,7,20,21,22,9;1,8,22,10,2;2,9,22,23,24,11;2,10,24,25,12,3;3,11,25,26,13;3,12,26,27,14,4;4,13,27,28,29,15;4,14,29,16,5;5,15,29,30,31,17;5,16,31,18,6;6,17,31,32,19,7;7,18,32,33,34,20;7,19,34,21,8;8,20,34,35,36,22;8,21,36,23,10,9;10,22,36,37,24;10,23,37,38,25,11;11,24,38,39,26,12;12,25,39,40,27,13;13,26,40,41,28,14;14,27,41,42,43,29;14,28,43,30,16,15;16,29,43,44,45,31;16,30,45,32,18,17;18,31,45,33,19;19,32,45,46,47,34;19,33,47,35,21,20;21,34,47,48,49,36;21,35,49,37,23,22;23,36,49,50,38,24;24,37,50,51,39,25;25,38,51,40,26;26,39,51,52,41,27;27,40,52,53,42,28;28,41,53,54,43;28,42,54,44,30,29;30,43,54,46,45;30,44,46,33,32,31;33,45,44,54,55,47;33,46,55,48,35,34;35,47,55,56,57,49;35,48,57,50,37,36;37,49,57,51,38;38,50,57,52,40,39;40,51,57,56,53,41;41,52,56,55,54,42;42,53,55,46,44,43;46,54,53,56,48,47;48,55,53,52,57;48,56,52,51,50,49
ipr58_308 58 1,2,3,4,5,6;0,6,7,8,9,2;0,1,9,10,11,3;0,2,11,12,13,4;0,3,13,14,15,5;0,4,15,16,17,6;0,5,17,18,7,1;1,6,18,19,20,8;1,7,20,21,22,9;1,8,22,10,2;2,9,22,23,24,11;2,10,24,25,12,3;3,11,25,26,13;3,12,26,27,14,4;4,13,27,28,29,15;4,14,29,16,5;5,15,29,30,31,17;5,16,31,18,6;6,17,31,32,19,7;7,18,32,33,34,20;7,19,34,21,8;8,20,34,35,36,22;8,21,36,23,10,9;10,22,36,37,24;10,23,37,38,25,11;11,24,38,39,26,12;12,25,39,40,27,13;13,26,40,41,28,14;14,27,41,42,29;14,28,42,30,16,15;16,29,42,43,44,31;16,30,44,32,18,17;18,31,44,33,19;19,32,44,45,46,34;19,33,46,35,21,20;21,34,46,47,48,36;21,35,48,37,23,22;23,36,48,49,38,24;24,37,49,50,39,25;25,38,50,51,40,26;26,39,51,52,41,27;27,40,52,53,42,28;28,41,53,43,30,29;30,42,53,54,45,44;30,43,45,33,32,31;33,44,43,54,55,46;33,45,55,47,35,34;35,46,55,56,48;35,47,56,49,37,36;37,48,56,50,38;38,49,56,57,51,39;39,50,57,52,40;40,51,57,54,53,41;41,52,54,43,42;43,53,52,57,55,45;45,54,57,56,47,46;47,55,57,50,49,48;50,56,55,54,52,51
ipr58_309 58 1,2,3,4,5,6;0,6,7,8,9,2;0,1,9,10,11,3;0,2,11,12,13,4;0,3,13,14,15,5;0,4,15,16,17,6;0,5,17,18,7,1;1,6,18,19,20,8;1,7,20,21,22,9;1,8,22,10,2;2,9,22,23,24,11;2,10,24,25,12,3;3,11,25,26,13;3,12,26,27,14,4;4,13,27,28,29,15;4,14,29,16,5;5,15,29,30,31,17;5,16,31,18,6;6,17,31,32,19,7;7,18,32,33,34,20;7,19,34,35,21,8;8,20,35,36,37,22;8,21,37,23,10,9;10,22,37,38,24;10,23,38,39,25,11;11,24,39,40,26,12;12,25,40,41,27,13;13,26,41,42,28,14;14,27,42,43,29;14,28,43,30,16,15;16,29,43,44,45,31;16,30,45,32,18,17;18,31,45,33,19;19,32,45,46,47,34;19,33,47,35,20;20,34,47,48,36,21;21,35,48,49,50,37;21,36,50,38,23,22;23,37,50,51,39,24;24,38,51,52,40,25;25,39,52,41,26;26,40,52,53,42,27;27,41,53,54,43,28;28,42,54,44,30,29;30,43,54,55,46,45;30,44,46,33,32,31;33,45,44,55,47;33,46,55,48,35,34;35,47,55,56,49,36;36,48,56,57,50;36,49,57,51,38,37;38,50,57,52,39;39,51,57,53,41,40;41,52,57,56,54,42;42,53,56,55,44,43;44,54,56,48,47,46;48,55,54,53,57,49;49,56,53,52,51,50
ipr58_310 58 1,2,3,4,5,6;0,6,7,8,9,2;0,1,9,10,3;0,2,10,11,12,4;0,3,12,13,14,5;0,4,14,15,16,6;0,5,16,17,7,1;1,6,17,18,19,8;1,7,19,20,9;1,8,20,21,10,2;2,9,21,22,11,3;3,10,22,23,12;3,11,23,24,13,4;4,12,24,25,26,14;4,13,26,15,5;5,14,26,27,28,16;5,15,28,29,17,6;6,16,29,18,7;7,17,29,30,31,19;7,18,31,32,20,8;8,19,32,33,21,9;9,20,33,34,22,10;10,21,34,35,23,11;11,22,35,36,24,12;12,23,36,37,25,13;13,24,37,38,26;13,25,38,27,15,14;15,26,38,39,40,28;15,27,40,41,29,16;16,28,41,30,18,17;18,29,41,42,43,31;18,30,43,44,32,19;19,31,44,45,33,20;20,32,45,46,34,21;21,33,46,47,35,22;22,34,47,48,36,23;23,35,48,49,37,24;24,36,49,50,38,25;25,37,50,39,27,26;27,38,50,51,52,40;27,39,52,42,41,28;28,40,42,30,29;30,41,40,52,53,43;30,42,53,44,31;31,43,53,54,45,32;32,44,54,55,46,33;33,45,55,47,34;34,46,55,56,48,35;35,47,56,49,36;36,48,56,51,50,37;37,49,51,39,38;39,50,49,56,57,52;39,51,57,53,42,40;42,52,57,54,44,43;44,53,57,55,45;45,54,57,56,47,46;47,55,57,51,49,48;51,56,55,54,53,52
ipr58_311 58 1,2,3,4,5,6;0,6,7,8,2;0,1,8,9,10,3;0,2,10,11,12,4;0,3,12,13,14,5;0,4,14,15,16,6;0,5,16,17,7,1;1,6,17,18,19,8;1,7,19,20,9,2;2,8,20,21,22,10;2,9,22,23,11,3;3,10,23,24,25,12;3,11,25,13,4;4,12,25,26,27,14;4,13,27,28,15,5;5,14,28,29,16;5,15,29,30,17,6;6,16,30,31,18,7;7,17,31,32,33,19;7,18,33,34,20,8;8,19,34,35,21,9;9,20,35,36,37,22;9,21,37,23,10;10,22,37,38,24,11;11,23,38,39,40,25;11,24,40,26,13,12;13,25,40,41,42,27;13,26,42,28,14;14,27,42,43,29,15;15,28,43,44,30,16;16,29,44,45,31,17;17,30,45,32,18;18,31,45,46,47,33;18,32,47,34,19;19,33,47,48,35,20;20,34,48,49,36,21;21,35,49,50,37;21,36,50,38,23,22;23,37,50,51,39,24;24,38,51,52,41,40;24,39,41,26,25;26,40,39,52,53,42;26,41,53,43,28,27;28,42,53,54,44,29;29,43,54,45,30;30,44,54,46,32,31;32,45,54,55,56,47;32,46,56,48,34,33;34,47,56,49,35;35,48,56,57,50,36;36,49,57,51,38,37;38,50,57,52,39;39,51,57,55,53,41;41,52,55,54,43,42;43,53,55,46,45,44;46,54,53,52,57,56;46,55,57,49,48,47;49,56,55,52,51,50
ipr58_312 58 1,2,3,4,5,6;0,6,7,8,2;0,1,8,9,10,3;0,2,10,11,12,4;0,3,12,13,14,5;0,4,14,15,6;0,5,15,16,7,1;1,6,16,17,18,8;1,7,18,19,9,2;2,8,19,20,21,10;2,9,21,22,11,3;3,10,22,23,24,12;3,11,24,13,4;4,12,24,25,26,14;4,13,26,27,15,5;5,14,27,28,16,6;6,15,28,29,17,7;7,16,29,30,31,18;7,17,31,32,19,8;8,18,32,33,20,9;9,19,33,34,35,21;9,20,35,22,10;10,21,35,36,23,11;11,22,36,37,38,24;11,23,38,25,13,12;13,24,38,39,40,26;13,25,40,27,14;14,26,40,41,28,15;15,27,41,42,29,16;16,28,42,30,17;17,29,42,43,44,31;17,30,44,32,18;18,31,44,45,33,19;19,32,45,46,34,20;20,33,46,47,48,35;20,34,48,36,22,21;22,35,48,49,37,23;23,36,49,50,38;23,37,50,39,25,24;25,38,50,51,52,40;25,39,52,41,27,26;27,40,52,53,42,28;28,41,53,43,30,29;30,42,53,54,55,44;30,43,55,45,32,31;32,44,55,46,33;33,45,55,56,47,34;34,46,56,57,49,48;34,47,49,36,35;36,48,47,57,50,37;37,49,57,51,39,38;39,50,57,56,54,52;39,51,54,53,41,40;41,52,54,43,42;43,53,52,51,56,55;43,54,56,46,45,44;46,55,54,51,57,47;47,56,51,50,49
ipr58_313 58 1,2,3,4,5,6;0,6,7,8,2;0,1,8,9,10,3;0,2,10,11,12,4;0,3,12,13,14,5;0,4,14,15,16,6;0,5,16,17,7,1;1,6,17,18,19,8;1,7,19,20,9,2;2,8,20,21,10;2,9,21,22,11,3;3,10,22,23,24,12;3,11,24,25,13,4;4,12,25,26,27,14;4,13,27,15,5;5,14,27,28,29,16;5,15,29,17,6;6,16,29,30,18,7;7,17,30,31,32,19;7,18,32,33,20,8;8,19,33,34,21,9;9,20,34,35,22,10;10,21,35,36,23,11;11,22,36,37,24;11,23,37,38,25,12;12,24,38,39,26,13;13,25,39,40,27;13,26,40,28,15,14;15,27,40,41,42,29;15,28,42,30,17,16;17,29,42,31,18;18,30,42,43,44,32;18,31,44,45,33,19;19,32,45,46,34,20;20,33,46,47,35,21;21,34,47,48,36,22;22,35,48,49,37,23;23,36,49,50,38,24;24,37,50,39,25;25,38,50,51,40,26;26,39,51,41,28,27;28,40,51,52,43,42;28,41,43,31,30,29;31,42,41,52,53,44;31,43,53,45,32;32,44,53,54,46,33;33,45,54,47,34;34,46,54,55,48,35;35,47,55,49,36;36,48,55,56,50,37;37,49,56,51,39,38;39,50,56,52,41,40;41,51,56,57,53,43;43,52,57,54,45,44;45,53,57,55,47,46;47,54,57,56,49,48;49,55,57,52,51,50;52,56,55,54,53
ipr58_314 58 1,2,3,4,5,6;0,6,7,8,9,2;0,1,9,10,11,3;0,2,11,12,13,4;0,3,13,14,15,5;0,4,15,16,17,6;0,5,17,18,7,1;1,6,18,19,20,8;1,7,20,21,9;1,8,21,22,10,2;2,9,22,23,11;2,10,23,24,12,3;3,11,24,25,26,13;3,12,26,27,14,4;4,13,27,28,29,15;4,14,29,16,5;5,15,29,30,31,17;5,16,31,18,6;6,17,31,32,19,7;7,18,32,33,34,20;7,19,34,35,21,8;8,20,35,36,22,9;9,21,36,37,23,10;10,22,37,38,24,11;11,23,38,39,25,12;12,24,39,40,26;12,25,40,41,27,13;13,26,41,42,28,14;14,27,42,43,29;14,28,43,30,16,15;16,29,43,44,45,31;16,30,45,32,18,17;18,31,45,33,19;19,32,45,46,47,34;19,33,47,35,20;20,34,47,48,36,21;21,35,48,49,37,22;22,36,49,50,38,23;23,37,50,39,24;24,38,50,51,40,25;25,39,51,52,41,26;26,40,52,42,27;27,41,52,53,43,28;28,42,53,44,30,29;30,43,53,54,46,45;30,44,46,33,32,31;33,45,44,54,55,47;33,46,55,48,35,34;35,47,55,56,49,36;36,48,56,50,37;37,49,56,51,39,38;39,50,56,57,52,40;40,51,57,53,42,41;42,52,57,54,44,43;44,53,57,55,46;46,54,57,56,48,47;48,55,57,51,50,49;51,56,55,54,53,52
ipr58_315 58 1,2,3,4,5,6;0,6,7,8,2;0,1,8,9,10,3;0,2,10,11,12,4;0,3,12,13,14,5;0,4,14,15,16,6;0,5,16,17,7,1;1,6,17,18,19,8;1,7,19,20,9,2;2,8,20,21,10;2,9,21,22,11,3;3,10,22,23,24,12;3,11,24,25,13,4;4,12,25,26,14;4,13,26,27,15,5;5,14,27,28,29,16;5,15,29,17,6;6,16,29,30,18,7;7,17,30,31,32,19;7,18,32,33,20,8;8,19,33,34,21,9;9,20,34,35,22,10;10,21,35,36,23,11;11,22,36,37,38,24;11,23,38,25,12;12,24,38,39,26,13;13,25,39,40,27,14;14,26,40,41,28,15;15,27,41,42,43,29;15,28,43,30,17,16;17,29,43,31,18;18,30,43,44,45,32;18,31,45,46,33,19;19,32,46,47,34,20;20,33,47,48,35,21;21,34,48,36,22;22,35,48,49,37,23;23,36,49,50,51,38;23,37,51,39,25,24;25,38,51,52,40,26;26,39,52,41,27;27,40,52,53,42,28;28,41,53,54,44,43;28,42,44,31,30,29;31,43,42,54,55,45;31,44,55,46,32;32,45,55,56,47,33;33,46,56,48,34;34,47,56,49,36,35;36,48,56,57,50,37;37,49,57,53,52,51;37,50,52,39,38;39,51,50,53,41,40;41,52,50,57,54,42;42,53,57,55,44;44,54,57,56,46,45;46,55,57,49,48,47;49,56,55,54,53,50
ipr58_316 58 1,2,3,4,5,6;0,6,7,8,2;0,1,8,9,10,3;0,2,10,11,12,4;0,3,12,13,14,5;0,4,14,15,16,6;0,5,16,17,7,1;1,6,17,18,19,8;1,7,19,20,9,2;2,8,20,21,10;2,9,21,22,11,3;3,10,22,23,24,12;3,11,24,25,13,4;4,12,25,26,27,14;4,13,27,15,5;5,14,27,28,29,16;5,15,29,17,6;6,16,29,30,18,7;7,17,30,31,32,19;7,18,32,33,20,8;8,19,33,34,21,9;9,20,34,35,22,10;10,21,35,36,23,11;11,22,36,37,24;11,23,37,38,25,12;12,24,38,39,26,13;13,25,39,40,27;13,26,40,28,15,14;15,27,40,41,42,29;15,28,42,30,17,16;17,29,42,43,31,18;18,30,43,44,32;18,31,44,45,33,19;19,32,45,46,34,20;20,33,46,47,35,21;21,34,47,36,22;22,35,47,48,37,23;23,36,48,49,38,24;24,37,49,39,25;25,38,49,50,40,26;26,39,50,41,28,27;28,40,50,51,52,42;28,41,52,43,30,29;30,42,52,53,44,31;31,43,53,54,45,32;32,44,54,46,33;33,45,54,55,47,34;34,46,55,48,36,35;36,47,55,56,49,37;37,48,56,50,39,38;39,49,56,51,41,40;41,50,56,57,52;41,51,57,53,43,42;43,52,57,54,44;44,53,57,55,46,45;46,54,57,56,48,47;48,55,57,51,50,49;51,56,55,54,53,52
ipr58_317 58 1,2,3,4,5,6;0,6,7,8,2;0,1,8,9,10,3;0,2,10,11,12,4;0,3,12,13,14,5;0,4,14,15,16,6;0,5,16,17,7,1;1,6,17,18,19,8;1,7,19,20,9,2;2,8,20,21,10;2,9,21,22,11,3;3,10,22,23,24,12;3,11,24,25,13,4;4,12,25,26,27,14;4,13,27,15,5;5,14,27,28,29,16;5,15,29,17,6;6,16,29,30,18,7;7,17,30,31,32,19;7,18,32,33,20,8;8,19,33,34,21,9;9,20,34,35,22,10;10,21,35,36,23,11;11,22,36,37,24;11,23,37,38,25,12;12,24,38,39,26,13;13,25,39,40,27;13,26,40,28,15,14;15,27,40,41,42,29;15,28,42,30,17,16;17,29,42,31,18;18,30,42,43,44,32;18,31,44,45,33,19;19,32,45,46,34,20;20,33,46,47,35,21;21,34,47,36,22;22,35,47,48,37,23;23,36,48,49,38,24;24,37,49,50,39,25;25,38,50,51,40,26;26,39,51,41,28,27;28,40,51,52,43,42;28,41,43,31,30,29;31,42,41,52,53,44;31,43,53,45,32;32,44,53,54,46,33;33,45,54,55,47,34;34,46,55,48,36,35;36,47,55,56,49,37;37,48,56,50,38;38,49,56,57,51,39;39,50,57,52,41,40;41,51,57,53,43;43,52,57,54,45,44;45,53,57,56,55,46;46,54,56,48,47;48,55,54,57,50,49;50,56,54,53,52,51
ipr58_318 58 1,2,3,4,5,6;0,6,7,8,9,2;0,1,9,10,3;0,2,10,11,12,4;0,3,12,13,14,5;0,4,14,15,6;0,5,15,16,7,1;1,6,16,17,18,8;1,7,18,19,20,9;1,8,20,21,10,2;2,9,21,22,11,3;3,10,22,23,24,12;3,11,24,13,4;4,12,24,25,26,14;4,13,26,27,15,5;5,14,27,28,16,6;6,15,28,29,17,7;7,16,29,30,31,18;7,17,31,32,19,8;8,18,32,33,20;8,19,33,34,21,9;9,20,34,35,22,10;10,21,35,23,11;11,22,35,36,37,24;11,23,37,25,13,12;13,24,37,38,39,26;13,25,39,40,27,14;14,26,40,41,28,15;15,27,41,29,16;16,28,41,42,30,17;17,29,42,43,44,31;17,30,44,45,32,18;18,31,45,46,33,19;19,32,46,47,34,20;20,33,47,48,35,21;21,34,48,36,23,22;23,35,48,49,38,37;23,36,38,25,24;25,37,36,49,50,39;25,38,50,51,40,26;26,39,51,52,41,27;27,40,52,42,29,28;29,41,52,43,30;30,42,52,53,54,44;30,43,54,45,31;31,44,54,55,46,32;32,45,55,56,47,33;33,46,56,48,34;34,47,56,49,36,35;36,48,56,57,50,38;38,49,57,53,51,39;39,50,53,52,40;40,51,53,43,42,41;43,52,51,50,57,54;43,53,57,55,45,44;45,54,57,56,46;46,55,57,49,48,47;49,56,55,54,53,50
ipr58_319 58 1,2,3,4,5,6;0,6,7,8,9,2;0,1,9,10,3;0,2,10,11,12,4;0,3,12,13,14,5;0,4,14,15,6;0,5,15,16,7,1;1,6,16,17,18,8;1,7,18,19,20,9;1,8,20,21,10,2;2,9,21,22,11,3;3,10,22,23,24,12;3,11,24,13,4;4,12,24,25,26,14;4,13,26,27,15,5;5,14,27,28,16,6;6,15,28,29,17,7;7,16,29,30,31,18;7,17,31,32,19,8;8,18,32,33,20;8,19,33,34,21,9;9,20,34,22,10;10,21,34,35,23,11;11,22,35,36,37,24;11,23,37,25,13,12;13,24,37,38,39,26;13,25,39,40,27,14;14,26,40,41,28,15;15,27,41,29,16;16,28,41,42,30,17;17,29,42,43,44,31;17,30,44,45,32,18;18,31,45,46,33,19;19,32,46,47,34,20;20,33,47,35,22,21;22,34,47,48,36,23;23,35,48,49,38,37;23,36,38,25,24;25,37,36,49,50,39;25,38,50,51,40,26;26,39,51,52,41,27;27,40,52,42,29,28;29,41,52,43,30;30,42,52,53,54,44;30,43,54,45,31;31,44,54,55,46,32;32,45,55,56,47,33;33,46,56,48,35,34;35,47,56,49,36;36,48,56,57,50,38;38,49,57,53,51,39;39,50,53,52,40;40,51,53,43,42,41;43,52,51,50,57,54;43,53,57,55,45,44;45,54,57,56,46;46,55,57,49,48,47;49,56,55,54,53,50
ipr58_320 58 1,2,3,4,5,6;0,6,7,8,9,2;0,1,9,10,11,3;0,2,11,12,13,4;0,3,13,14,15,5;0,4,15,16,6;0,5,16,17,7,1;1,6,17,18,19,8;1,7,19,20,21,9;1,8,21,22,10,2;2,9,22,23,24,11;2,10,24,12,3;3,11,24,25,26,13;3,12,26,14,4;4,13,26,27,28,15;4,14,28,29,16,5;5,15,29,30,17,6;6,16,30,31,18,7;7,17,31,32,33,19;7,18,33,20,8;8,19,33,34,35,21;8,20,35,36,22,9;9,21,36,37,23,10;10,22,37,38,24;10,23,38,25,12,11;12,24,38,39,26;12,25,39,27,14,13;14,26,39,40,41,28;14,27,41,42,29,15;15,28,42,43,30,16;16,29,43,31,17;17,30,43,44,32,18;18,31,44,45,46,33;18,32,46,34,20,19;20,33,46,47,48,35;20,34,48,49,36,21;21,35,49,50,37,22;22,36,50,51,38,23;23,37,51,39,25,24;25,38,51,40,27,26;27,39,51,52,53,41;27,40,53,54,42,28;28,41,54,55,43,29;29,42,55,44,31,30;31,43,55,45,32;32,44,55,56,47,46;32,45,47,34,33;34,46,45,56,57,48;34,47,57,49,35;35,48,57,52,50,36;36,49,52,51,37;37,50,52,40,39,38;40,51,50,49,57,53;40,52,57,56,54,41;41,53,56,55,42;42,54,56,45,44,43;45,55,54,53,57,47;47,56,53,52,49,48
ipr58_321 58 1,2,3,4,5,6;0,6,7,8,9,2;0,1,9,10,3;0,2,10,11,12,4;0,3,12,13,5;0,4,13,14,15,6;0,5,15,16,7,1;1,6,16,17,18,8;1,7,18,19,20,9;1,8,20,21,10,2;2,9,21,22,11,3;3,10,22,23,12;3,11,23,24,13,4;4,12,24,25,14,5;5,13,25,26,27,15;5,14,27,28,16,6;6,15,28,29,17,7;7,16,29,30,31,18;7,17,31,19,8;8,18,31,32,33,20;8,19,33,34,21,9;9,20,34,35,22,10;10,21,35,36,23,11;11,22,36,37,24,12;12,23,37,25,13;13,24,37,38,26,14;14,25,38,39,40,27;14,26,40,41,28,15;15,27,41,29,16;16,28,41,42,30,17;17,29,42,43,44,31;17,30,44,32,19,18;19,31,44,45,46,33;19,32,46,47,34,20;20,33,47,48,35,21;21,34,48,49,36,22;22,35,49,50,37,23;23,36,50,38,25,24;25,37,50,51,39,26;26,38,51,52,53,40;26,39,53,54,41,27;27,40,54,42,29,28;29,41,54,43,30;30,42,54,55,45,44;30,43,45,32,31;32,44,43,55,56,46;32,45,56,47,33;33,46,56,57,48,34;34,47,57,49,35;35,48,57,51,50,36;36,49,51,38,37;38,50,49,57,52,39;39,51,57,56,55,53;39,52,55,54,40;40,53,55,43,42,41;43,54,53,52,56,45;45,55,52,57,47,46;47,56,52,51,49,48
ipr58_322 58 1,2,3,4,5,6;0,6,7,8,2;0,1,8,9,10,3;0,2,10,11,12,4;0,3,12,13,14,5;0,4,14,15,6;0,5,15,16,7,1;1,6,16,17,18,8;1,7,18,19,9,2;2,8,19,20,21,10;2,9,21,22,11,3;3,10,22,23,24,12;3,11,24,13,4;4,12,24,25,26,14;4,13,26,27,15,5;5,14,27,28,16,6;6,15,28,29,17,7;7,16,29,30,31,18;7,17,31,19,8;8,18,31,32,20,9;9,19,32,33,34,21;9,20,34,35,22,10;10,21,35,36,23,11;11,22,36,37,24;11,23,37,25,13,12;13,24,37,38,26;13,25,38,39,27,14;14,26,39,40,28,15;15,27,40,41,29,16;16,28,41,30,17;17,29,41,42,43,31;17,30,43,32,19,18;19,31,43,44,33,20;20,32,44,45,46,34;20,33,46,35,21;21,34,46,47,36,22;22,35,47,48,37,23;23,36,48,38,25,24;25,37,48,49,39,26;26,38,49,50,40,27;27,39,50,51,41,28;28,40,51,42,30,29;30,41,51,52,53,43;30,42,53,44,32,31;32,43,53,54,45,33;33,44,54,55,46;33,45,55,47,35,34;35,46,55,56,48,36;36,47,56,49,38,37;38,48,56,57,50,39;39,49,57,52,51,40;40,50,52,42,41;42,51,50,57,54,53;42,52,54,44,43;44,53,52,57,55,45;45,54,57,56,47,46;47,55,57,49,48;49,56,55,54,52,50
ipr58_323 58 1,2,3,4,5,6;0,6,7,8,2;0,1,8,9,10,3;0,2,10,11,12,4;0,3,12,13,14,5;0,4,14,15,6;0,5,15,16,7,1;1,6,16,17,18,8;1,7,18,19,9,2;2,8,19,20,10;2,9,20,21,11,3;3,10,21,22,12;3,11,22,23,13,4;4,12,23,24,25,14;4,13,25,26,15,5;5,14,26,27,16,6;6,15,27,28,17,7;7,16,28,29,30,18;7,17,30,31,19,8;8,18,31,32,20,9;9,19,32,33,21,10;10,20,33,34,22,11;11,21,34,35,23,12;12,22,35,36,24,13;13,23,36,37,25;13,24,37,38,26,14;14,25,38,39,27,15;15,26,39,28,16;16,27,39,40,29,17;17,28,40,41,42,30;17,29,42,43,31,18;18,30,43,44,32,19;19,31,44,45,33,20;20,32,45,46,34,21;21,33,46,47,35,22;22,34,47,36,23;23,35,47,48,37,24;24,36,48,49,38,25;25,37,49,50,39,26;26,38,50,40,28,27;28,39,50,41,29;29,40,50,51,52,42;29,41,52,43,30;30,42,52,53,44,31;31,43,53,54,45,32;32,44,54,46,33;33,45,54,55,47,34;34,46,55,48,36,35;36,47,55,56,49,37;37,48,56,51,50,38;38,49,51,41,40,39;41,50,49,56,57,52;41,51,57,53,43,42;43,52,57,54,44;44,53,57,55,46,45;46,54,57,56,48,47;48,55,57,51,49;51,56,55,54,53,52
ipr58_324 58 1,2,3,4,5,6;0,6,7,8,2;0,1,8,9,10,3;0,2,10,11,12,4;0,3,12,13,14,5;0,4,14,15,6;0,5,15,16,7,1;1,6,16,17,18,8;1,7,18,19,9,2;2,8,19,20,21,10;2,9,21,22,11,3;3,10,22,23,24,12;3,11,24,13,4;4,12,24,25,26,14;4,13,26,27,15,5;5,14,27,28,16,6;6,15,28,29,17,7;7,16,29,30,31,18;7,17,31,32,19,8;8,18,32,33,20,9;9,19,33,34,21;9,20,34,35,22,10;10,21,35,23,11;11,22,35,36,37,24;11,23,37,25,13,12;13,24,37,38,26;13,25,38,39,27,14;14,26,39,40,28,15;15,27,40,29,16;16,28,40,41,30,17;17,29,41,42,43,31;17,30,43,44,32,18;18,31,44,45,33,19;19,32,45,46,34,20;20,33,46,47,35,21;21,34,47,36,23,22;23,35,47,48,49,37;23,36,49,38,25,24;25,37,49,50,39,26;26,38,50,51,40,27;27,39,51,41,29,28;29,40,51,42,30;30,41,51,52,53,43;30,42,53,44,31;31,43,53,54,45,32;32,44,54,55,46,33;33,45,55,47,34;34,46,55,48,36,35;36,47,55,56,57,49;36,48,57,50,38,37;38,49,57,52,51,39;39,50,52,42,41,40;42,51,50,57,56,53;42,52,56,54,44,43;44,53,56,55,45;45,54,56,48,47,46;48,55,54,53,52,57;48,56,52,50,49
ipr58_325 58 1,2,3,4,5,6;0,6,7,8,2;0,1,8,9,10,3;0,2,10,11,12,4;0,3,12,13,14,5;0,4,14,15,6;0,5,15,16,7,1;1,6,16,17,18,8;1,7,18,19,9,2;2,8,19,20,21,10;2,9,21,22,11,3;3,10,22,23,24,12;3,11,24,13,4;4,12,24,25,26,14;4,13,26,27,15,5;5,14,27,28,16,6;6,15,28,29,17,7;7,16,29,30,31,18;7,17,31,32,19,8;8,18,32,20,9;9,19,32,33,34,21;9,20,34,35,22,10;10,21,35,36,23,11;11,22,36,37,38,24;11,23,38,25,13,12;13,24,38,39,26;13,25,39,40,27,14;14,26,40,41,28,15;15,27,41,29,16;16,28,41,42,30,17;17,29,42,43,44,31;17,30,44,45,32,18;18,31,45,33,20,19;20,32,45,46,47,34;20,33,47,35,21;21,34,47,48,36,22;22,35,48,37,23;23,36,48,49,50,38;23,37,50,39,25,24;25,38,50,51,40,26;26,39,51,52,41,27;27,40,52,42,29,28;29,41,52,43,30;30,42,52,53,54,44;30,43,54,45,31;31,44,54,46,33,32;33,45,54,55,56,47;33,46,56,48,35,34;35,47,56,49,37,36;37,48,56,55,57,50;37,49,57,51,39,38;39,50,57,53,52,40;40,51,53,43,42,41;43,52,51,57,55,54;43,53,55,46,45,44;46,54,53,57,49,56;46,55,49,48,47;49,55,53,51,50
ipr58_326 58 1,2,3,4,5,6;0,6,7,8,2;0,1,8,9,10,3;0,2,10,11,12,4;0,3,12,13,5;0,4,13,14,15,6;0,5,15,16,7,1;1,6,16,17,18,8;1,7,18,19,9,2;2,8,19,20,21,10;2,9,21,22,11,3;3,10,22,23,24,12;3,11,24,25,13,4;4,12,25,26,14,5;5,13,26,27,28,15;5,14,28,29,16,6;6,15,29,30,17,7;7,16,30,31,32,18;7,17,32,19,8;8,18,32,33,20,9;9,19,33,34,35,21;9,20,35,22,10;10,21,35,36,23,11;11,22,36,37,38,24;11,23,38,39,25,12;12,24,39,26,13;13,25,39,40,27,14;14,26,40,41,42,28;14,27,42,43,29,15;15,28,43,30,16;16,29,43,44,31,17;17,30,44,45,46,32;17,31,46,33,19,18;19,32,46,47,34,20;20,33,47,48,49,35;20,34,49,36,22,21;22,35,49,50,37,23;23,36,50,51,52,38;23,37,52,39,24;24,38,52,40,26,25;26,39,52,41,27;27,40,52,51,53,42;27,41,53,54,43,28;28,42,54,44,30,29;30,43,54,45,31;31,44,54,55,56,46;31,45,56,47,33,32;33,46,56,48,34;34,47,56,57,50,49;34,48,50,36,35;36,49,48,57,51,37;37,50,57,53,41,52;37,51,41,40,39,38;41,51,57,55,54,42;42,53,55,45,44,43;45,54,53,57,56;45,55,57,48,47,46;48,56,55,53,51,50
ipr58_327 58 1,2,3,4,5,6;0,6,7,8,2;0,1,8,9,10,3;0,2,10,11,12,4;0,3,12,13,5;0,4,13,14,15,6;0,5,15,16,7,1;1,6,16,17,18,8;1,7,18,19,9,2;2,8,19,20,21,10;2,9,21,22,11,3;3,10,22,23,24,12;3,11,24,25,13,4;4,12,25,26,14,5;5,13,26,27,28,15;5,14,28,29,16,6;6,15,29,30,17,7;7,16,30,31,32,18;7,17,32,19,8;8,18,32,33,20,9;9,19,33,34,35,21;9,20,35,22,10;10,21,35,36,23,11;11,22,36,37,38,24;11,23,38,39,25,12;12,24,39,26,13;13,25,39,40,27,14;14,26,40,41,42,28;14,27,42,43,29,15;15,28,43,30,16;16,29,43,44,31,17;17,30,44,45,46,32;17,31,46,33,19,18;19,32,46,34,20;20,33,46,47,48,35;20,34,48,36,22,21;22,35,48,49,37,23;23,36,49,50,51,38;23,37,51,39,24;24,38,51,40,26,25;26,39,51,52,41,27;27,40,52,53,54,42;27,41,54,55,43,28;28,42,55,44,30,29;30,43,55,45,31;31,44,55,56,47,46;31,45,47,34,33,32;34,46,45,56,57,48;34,47,57,49,36,35;36,48,57,50,37;37,49,57,53,52,51;37,50,52,40,39,38;40,51,50,53,41;41,52,50,57,56,54;41,53,56,55,42;42,54,56,45,44,43;45,55,54,53,57,47;47,56,53,50,49,48
ipr58_328 58 1,2,3,4,5,6;0,6,7,8,9,2;0,1,9,10,3;0,2,10,11,12,4;0,3,12,13,14,5;0,4,14,15,16,6;0,5,16,17,7,1;1,6,17,18,19,8;1,7,19,20,21,9;1,8,21,22,10,2;2,9,22,23,11,3;3,10,23,24,25,12;3,11,25,13,4;4,12,25,26,27,14;4,13,27,28,15,5;5,14,28,29,16;5,15,29,30,17,6;6,16,30,31,18,7;7,17,31,32,33,19;7,18,33,20,8;8,19,33,34,35,21;8,20,35,36,22,9;9,21,36,37,23,10;10,22,37,24,11;11,23,37,38,39,25;11,24,39,26,13,12;13,25,39,40,27;13,26,40,41,28,14;14,27,41,42,29,15;15,28,42,43,30,16;16,29,43,31,17;17,30,43,44,32,18;18,31,44,45,46,33;18,32,46,34,20,19;20,33,46,47,48,35;20,34,48,49,36,21;21,35,49,37,22;22,36,49,38,24,23;24,37,49,50,51,39;24,38,51,40,26,25;26,39,51,52,41,27;27,40,52,53,42,28;28,41,53,54,43,29;29,42,54,44,31,30;31,43,54,45,32;32,44,54,55,47,46;32,45,47,34,33;34,46,45,55,56,48;34,47,56,50,49,35;35,48,50,38,37,36;38,49,48,56,57,51;38,50,57,52,40,39;40,51,57,53,41;41,52,57,55,54,42;42,53,55,45,44,43;45,54,53,57,56,47;47,55,57,50,48;50,56,55,53,52,51
ipr58_329 58 1,2,3,4,5,6;0,6,7,8,2;0,1,8,9,10,3;0,2,10,11,12,4;0,3,12,13,14,5;0,4,14,15,16,6;0,5,16,17,7,1;1,6,17,18,19,8;1,7,19,20,9,2;2,8,20,21,22,10;2,9,22,23,11,3;3,10,23,24,25,12;3,11,25,13,4;4,12,25,26,27,14;4,13,27,28,15,5;5,14,28,29,16;5,15,29,30,17,6;6,16,30,31,18,7;7,17,31,32,33,19;7,18,33,20,8;8,19,33,34,21,9;9,20,34,35,36,22;9,21,36,37,23,10;10,22,37,38,24,11;11,23,38,39,25;11,24,39,26,13,12;13,25,39,40,27;13,26,40,41,28,14;14,27,41,42,29,15;15,28,42,43,30,16;16,29,43,31,17;17,30,43,44,32,18;18,31,44,45,46,33;18,32,46,34,20,19;20,33,46,47,35,21;21,34,47,48,49,36;21,35,49,50,37,22;22,36,50,38,23;23,37,50,51,39,24;24,38,51,40,26,25;26,39,51,52,41,27;27,40,52,53,42,28;28,41,53,54,43,29;29,42,54,44,31,30;31,43,54,45,32;32,44,54,55,47,46;32,45,47,34,33;34,46,45,55,48,35;35,47,55,56,49;35,48,56,57,50,36;36,49,57,51,38,37;38,50,57,52,40,39;40,51,57,56,53,41;41,52,56,55,54,42;42,53,55,45,44,43;45,54,53,56,48,47;48,55,53,52,57,49;49,56,52,51,50
ipr58_330 58 1,2,3,4,5,6;0,6,7,8,2;0,1,8,9,10,3;0,2,10,11,12,4;0,3,12,13,14,5;0,4,14,15,16,6;0,5,16,17,7,1;1,6,17,18,19,8;1,7,19,20,9,2;2,8,20,21,22,10;2,9,22,23,11,3;3,10,23,24,25,12;3,11,25,13,4;4,12,25,26,27,14;4,13,27,28,15,5;5,14,28,29,16;5,15,29,30,17,6;6,16,30,31,18,7;7,17,31,32,33,19;7,18,33,20,8;8,19,33,34,21,9;9,20,34,35,36,22;9,21,36,23,10;10,22,36,37,24,11;11,23,37,38,25;11,24,38,26,13,12;13,25,38,39,27;13,26,39,40,28,14;14,27,40,41,29,15;15,28,41,42,30,16;16,29,42,31,17;17,30,42,43,32,18;18,31,43,44,45,33;18,32,45,34,20,19;20,33,45,46,35,21;21,34,46,47,48,36;21,35,48,37,23,22;23,36,48,49,38,24;24,37,49,39,26,25;26,38,49,50,40,27;27,39,50,51,41,28;28,40,51,52,42,29;29,41,52,43,31,30;31,42,52,44,32;32,43,52,53,54,45;32,44,54,46,34,33;34,45,54,55,47,35;35,46,55,56,48;35,47,56,49,37,36;37,48,56,50,39,38;39,49,56,57,51,40;40,50,57,53,52,41;41,51,53,44,43,42;44,52,51,57,55,54;44,53,55,46,45;46,54,53,57,56,47;47,55,57,50,49,48;50,56,55,53,51
ipr58_331 58 1,2,3,4,5,6;0,6,7,8,2;0,1,8,9,10,3;0,2,10,11,12,4;0,3,12,13,14,5;0,4,14,15,16,6;0,5,16,17,7,1;1,6,17,18,19,8;1,7,19,20,9,2;2,8,20,21,22,10;2,9,22,23,11,3;3,10,23,24,25,12;3,11,25,13,4;4,12,25,26,27,14;4,13,27,28,15,5;5,14,28,29,16;5,15,29,30,17,6;6,16,30,31,18,7;7,17,31,32,33,19;7,18,33,20,8;8,19,33,34,21,9;9,20,34,35,36,22;9,21,36,23,10;10,22,36,37,24,11;11,23,37,38,25;11,24,38,26,13,12;13,25,38,39,27;13,26,39,40,28,14;14,27,40,41,29,15;15,28,41,42,30,16;16,29,42,43,31,17;17,30,43,44,32,18;18,31,44,45,46,33;18,32,46,34,20,19;20,33,46,47,35,21;21,34,47,48,49,36;21,35,49,37,23,22;23,36,49,50,38,24;24,37,50,39,26,25;26,38,50,51,40,27;27,39,51,52,41,28;28,40,52,53,42,29;29,41,53,43,30;30,42,53,54,44,31;31,43,54,45,32;32,44,54,55,47,46;32,45,47,34,33;34,46,45,55,48,35;35,47,55,56,49;35,48,56,50,37,36;37,49,56,51,39,38;39,50,56,57,52,40;40,51,57,53,41;41,52,57,54,43,42;43,53,57,55,45,44;45,54,57,56,48,47;48,55,57,51,50,49;51,56,55,54,53,52
ipr58_332 58 1,2,3,4,5,6;0,6,7,8,9,2;0,1,9,10,11,3;0,2,11,12,13,4;0,3,13,14,15,5;0,4,15,16,6;0,5,16,17,7,1;1,6,17,18,19,8;1,7,19,20,21,9;1,8,21,10,2;2,9,21,22,23,11;2,10,23,24,12,3;3,11,24,25,26,13;3,12,26,14,4;4,13,26,27,28,15;4,14,28,29,16,5;5,15,29,30,17,6;6,16,30,31,18,7;7,17,31,32,33,19;7,18,33,34,20,8;8,19,34,35,36,21;8,20,36,22,10,9;10,21,36,37,38,23;10,22,38,24,11;11,23,38,39,25,12;12,24,39,40,26;12,25,40,27,14,13;14,26,40,41,42,28;14,27,42,43,29,15;15,28,43,44,30,16;16,29,44,31,17;17,30,44,45,32,18;18,31,45,46,47,33;18,32,47,48,34,19;19,33,48,35,20;20,34,48,49,37,36;20,35,37,22,21;22,36,35,49,50,38;22,37,50,39,24,23;24,38,50,51,40,25;25,39,51,41,27,26;27,40,51,52,42;27,41,52,53,43,28;28,42,53,54,44,29;29,43,54,45,31,30;31,44,54,46,32;32,45,54,55,56,47;32,46,56,48,33;33,47,56,49,35,34;35,48,56,57,50,37;37,49,57,51,39,38;39,50,57,52,41,40;41,51,57,55,53,42;42,52,55,54,43;43,53,55,46,45,44;46,54,53,52,57,56;46,55,57,49,48,47;49,56,55,52,51,50
ipr58_333 58 1,2,3,4,5,6;0,6,7,8,9,2;0,1,9,10,3;0,2,10,11,12,4;0,3,12,13,14,5;0,4,14,15,6;0,5,15,16,7,1;1,6,16,17,18,8;1,7,18,19,20,9;1,8,20,21,10,2;2,9,21,22,11,3;3,10,22,23,24,12;3,11,24,13,4;4,12,24,25,26,14;4,13,26,27,15,5;5,14,27,28,16,6;6,15,28,29,17,7;7,16,29,30,31,18;7,17,31,32,19,8;8,18,32,33,34,20;8,19,34,35,21,9;9,20,35,36,22,10;10,21,36,23,11;11,22,36,37,38,24;11,23,38,25,13,12;13,24,38,39,40,26;13,25,40,41,27,14;14,26,41,42,28,15;15,27,42,29,16;16,28,42,43,30,17;17,29,43,44,45,31;17,30,45,46,32,18;18,31,46,33,19;19,32,46,47,48,34;19,33,48,49,35,20;20,34,49,36,21;21,35,49,37,23,22;23,36,49,50,51,38;23,37,51,39,25,24;25,38,51,52,40;25,39,52,53,41,26;26,40,53,54,42,27;27,41,54,43,29,28;29,42,54,44,30;30,43,54,55,56,45;30,44,56,46,31;31,45,56,47,33,32;33,46,56,57,50,48;33,47,50,49,34;34,48,50,37,36,35;37,49,48,47,57,51;37,50,57,52,39,38;39,51,57,55,53,40;40,52,55,54,41;41,53,55,44,43,42;44,54,53,52,57,56;44,55,57,47,46,45;47,56,55,52,51,50
ipr58_334 58 1,2,3,4,5,6;0,6,7,8,2;0,1,8,9,10,3;0,2,10,11,12,4;0,3,12,13,14,5;0,4,14,15,6;0,5,15,16,7,1;1,6,16,17,18,8;1,7,18,19,9,2;2,8,19,20,21,10;2,9,21,22,11,3;3,10,22,23,24,12;3,11,24,13,4;4,12,24,25,26,14;4,13,26,27,15,5;5,14,27,28,16,6;6,15,28,29,17,7;7,16,29,30,31,18;7,17,31,32,19,8;8,18,32,33,20,9;9,19,33,34,35,21;9,20,35,22,10;10,21,35,36,23,11;11,22,36,37,24;11,23,37,25,13,12;13,24,37,38,39,26;13,25,39,40,27,14;14,26,40,41,28,15;15,27,41,42,29,16;16,28,42,30,17;17,29,42,43,44,31;17,30,44,32,18;18,31,44,45,33,19;19,32,45,46,34,20;20,33,46,47,35;20,34,47,36,22,21;22,35,47,48,37,23;23,36,48,38,25,24;25,37,48,49,39;25,38,49,50,40,26;26,39,50,51,41,27;27,40,51,52,42,28;28,41,52,43,30,29;30,42,52,53,54,44;30,43,54,45,32,31;32,44,54,55,46,33;33,45,55,56,47,34;34,46,56,48,36,35;36,47,56,49,38,37;38,48,56,57,50,39;39,49,57,51,40;40,50,57,53,52,41;41,51,53,43,42;43,52,51,57,55,54;43,53,55,45,44;45,54,53,57,56,46;46,55,57,49,48,47;49,56,55,53,51,50
ipr58_335 58 1,2,3,4,5,6;0,6,7,8,2;0,1,8,9,10,3;0,2,10,11,12,4;0,3,12,13,14,5;0,4,14,15,6;0,5,15,16,7,1;1,6,16,17,18,8;1,7,18,19,9,2;2,8,19,20,21,10;2,9,21,22,11,3;3,10,22,23,24,12;3,11,24,13,4;4,12,24,25,26,14;4,13,26,27,15,5;5,14,27,28,16,6;6,15,28,29,17,7;7,16,29,30,31,18;7,17,31,32,19,8;8,18,32,33,20,9;9,19,33,34,35,21;9,20,35,22,10;10,21,35,36,23,11;11,22,36,37,24;11,23,37,25,13,12;13,24,37,38,39,26;13,25,39,40,27,14;14,26,40,41,28,15;15,27,41,29,16;16,28,41,42,30,17;17,29,42,43,44,31;17,30,44,45,32,18;18,31,45,33,19;19,32,45,46,34,20;20,33,46,47,48,35;20,34,48,36,22,21;22,35,48,49,37,23;23,36,49,38,25,24;25,37,49,50,39;25,38,50,51,40,26;26,39,51,52,41,27;27,40,52,42,29,28;29,41,52,43,30;30,42,52,53,54,44;30,43,54,45,31;31,44,54,46,33,32;33,45,54,55,47,34;34,46,55,56,48;34,47,56,49,36,35;36,48,56,50,38,37;38,49,56,57,51,39;39,50,57,53,52,40;40,51,53,43,42,41;43,52,51,57,55,54;43,53,55,46,45,44;46,54,53,57,56,47;47,55,57,50,49,48;50,56,55,53,51
ipr58_336 58 1,2,3,4,5,6;0,6,7,8,2;0,1,8,9,10,3;0,2,10,11,12,4;0,3,12,13,5;0,4,13,14,15,6;0,5,15,16,7,1;1,6,16,17,18,8;1,7,18,19,9,2;2,8,19,20,21,10;2,9,21,11,3;3,10,21,22,23,12;3,11,23,24,13,4;4,12,24,25,14,5;5,13,25,26,27,15;5,14,27,28,16,6;6,15,28,29,17,7;7,16,29,30,31,18;7,17,31,32,19,8;8,18,32,33,20,9;9,19,33,34,35,21;9,20,35,22,11,10;11,21,35,36,37,23;11,22,37,38,24,12;12,23,38,25,13;13,24,38,39,26,14;14,25,39,40,41,27;14,26,41,42,28,15;15,27,42,29,16;16,28,42,43,30,17;17,29,43,44,45,31;17,30,45,46,32,18;18,31,46,33,19;19,32,46,47,34,20;20,33,47,48,35;20,34,48,36,22,21;22,35,48,49,50,37;22,36,50,38,23;23,37,50,39,25,24;25,38,50,51,40,26;26,39,51,52,53,41;26,40,53,54,42,27;27,41,54,43,29,28;29,42,54,44,30;30,43,54,55,56,45;30,44,56,46,31;31,45,56,47,33,32;33,46,56,57,48,34;34,47,57,49,36,35;36,48,57,52,51,50;36,49,51,39,38,37;39,50,49,52,40;40,51,49,57,55,53;40,52,55,54,41;41,53,55,44,43,42;44,54,53,52,57,56;44,55,57,47,46,45;47,56,55,52,49,48
ipr58_337 58 1,2,3,4,5,6;0,6,7,8,9,2;0,1,9,10,3;0,2,10,11,12,4;0,3,12,13,14,5;0,4,14,15,16,6;0,5,16,17,7,1;1,6,17,18,19,8;1,7,19,20,21,9;1,8,21,22,10,2;2,9,22,23,11,3;3,10,23,24,25,12;3,11,25,13,4;4,12,25,26,27,14;4,13,27,28,15,5;5,14,28,29,16;5,15,29,30,17,6;6,16,30,31,18,7;7,17,31,32,33,19;7,18,33,20,8;8,19,33,34,35,21;8,20,35,36,22,9;9,21,36,37,23,10;10,22,37,24,11;11,23,37,38,39,25;11,24,39,26,13,12;13,25,39,40,41,27;13,26,41,42,28,14;14,27,42,43,29,15;15,28,43,44,30,16;16,29,44,31,17;17,30,44,45,32,18;18,31,45,46,47,33;18,32,47,34,20,19;20,33,47,48,49,35;20,34,49,50,36,21;21,35,50,37,22;22,36,50,38,24,23;24,37,50,51,52,39;24,38,52,40,26,25;26,39,52,53,41;26,40,53,54,42,27;27,41,54,43,28;28,42,54,55,44,29;29,43,55,45,31,30;31,44,55,46,32;32,45,55,56,48,47;32,46,48,34,33;34,47,46,56,57,49;34,48,57,51,50,35;35,49,51,38,37,36;38,50,49,57,52;38,51,57,53,40,39;40,52,57,56,54,41;41,53,56,55,43,42;43,54,56,46,45,44;46,55,54,53,57,48;48,56,53,52,51,49
ipr58_338 58 1,2,3,4,5,6;0,6,7,8,2;0,1,8,9,10,3;0,2,10,11,12,4;0,3,12,13,14,5;0,4,14,15,16,6;0,5,16,17,7,1;1,6,17,18,19,8;1,7,19,20,9,2;2,8,20,21,22,10;2,9,22,23,11,3;3,10,23,24,25,12;3,11,25,13,4;4,12,25,26,27,14;4,13,27,28,15,5;5,14,28,29,16;5,15,29,30,17,6;6,16,30,31,18,7;7,17,31,32,33,19;7,18,33,34,20,8;8,19,34,35,21,9;9,20,35,36,37,22;9,21,37,23,10;10,22,37,38,24,11;11,23,38,39,25;11,24,39,26,13,12;13,25,39,40,41,27;13,26,41,42,28,14;14,27,42,43,29,15;15,28,43,44,30,16;16,29,44,31,17;17,30,44,45,32,18;18,31,45,46,47,33;18,32,47,48,34,19;19,33,48,35,20;20,34,48,49,36,21;21,35,49,50,37;21,36,50,38,23,22;23,37,50,51,39,24;24,38,51,40,26,25;26,39,51,52,41;26,40,52,53,42,27;27,41,53,43,28;28,42,53,54,44,29;29,43,54,45,31,30;31,44,54,46,32;32,45,54,55,56,47;32,46,56,48,33;33,47,56,49,35,34;35,48,56,57,50,36;36,49,57,51,38,37;38,50,57,52,40,39;40,51,57,55,53,41;41,52,55,54,43,42;43,53,55,46,45,44;46,54,53,52,57,56;46,55,57,49,48,47;49,56,55,52,51,50
ipr58_339 58 1,2,3,4,5,6;0,6,7,8,9,2;0,1,9,10,3;0,2,10,11,12,4;0,3,12,13,14,5;0,4,14,15,6;0,5,15,16,7,1;1,6,16,17,18,8;1,7,18,19,20,9;1,8,20,21,10,2;2,9,21,22,11,3;3,10,22,23,24,12;3,11,24,13,4;4,12,24,25,26,14;4,13,26,27,15,5;5,14,27,28,16,6;6,15,28,29,17,7;7,16,29,30,31,18;7,17,31,19,8;8,18,31,32,33,20;8,19,33,34,21,9;9,20,34,35,22,10;10,21,35,23,11;11,22,35,36,37,24;11,23,37,25,13,12;13,24,37,38,39,26;13,25,39,40,27,14;14,26,40,41,28,15;15,27,41,29,16;16,28,41,42,30,17;17,29,42,43,44,31;17,30,44,32,19,18;19,31,44,45,46,33;19,32,46,47,34,20;20,33,47,35,21;21,34,47,36,23,22;23,35,47,48,49,37;23,36,49,38,25,24;25,37,49,50,51,39;25,38,51,52,40,26;26,39,52,53,41,27;27,40,53,42,29,28;29,41,53,43,30;30,42,53,54,55,44;30,43,55,45,32,31;32,44,55,56,57,46;32,45,57,48,47,33;33,46,48,36,35,34;36,47,46,57,49;36,48,57,50,38,37;38,49,57,56,51;38,50,56,54,52,39;39,51,54,53,40;40,52,54,43,42,41;43,53,52,51,56,55;43,54,56,45,44;45,55,54,51,50,57;45,56,50,49,48,46
ipr58_340 58 1,2,3,4,5,6;0,6,7,8,2;0,1,8,9,10,3;0,2,10,11,12,4;0,3,12,13,14,5;0,4,14,15,6;0,5,15,16,7,1;1,6,16,17,18,8;1,7,18,19,9,2;2,8,19,20,21,10;2,9,21,22,11,3;3,10,22,23,24,12;3,11,24,13,4;4,12,24,25,26,14;4,13,26,27,15,5;5,14,27,28,16,6;6,15,28,29,17,7;7,16,29,30,31,18;7,17,31,32,19,8;8,18,32,33,20,9;9,19,33,34,35,21;9,20,35,22,10;10,21,35,36,23,11;11,22,36,37,24;11,23,37,25,13,12;13,24,37,38,39,26;13,25,39,40,27,14;14,26,40,41,28,15;15,27,41,29,16;16,28,41,42,30,17;17,29,42,43,44,31;17,30,44,45,32,18;18,31,45,33,19;19,32,45,46,34,20;20,33,46,47,35;20,34,47,36,22,21;22,35,47,48,37,23;23,36,48,38,25,24;25,37,48,49,50,39;25,38,50,51,40,26;26,39,51,52,41,27;27,40,52,42,29,28;29,41,52,43,30;30,42,52,53,54,44;30,43,54,55,45,31;31,44,55,46,33,32;33,45,55,56,47,34;34,46,56,48,36,35;36,47,56,49,38,37;38,48,56,57,50;38,49,57,53,51,39;39,50,53,52,40;40,51,53,43,42,41;43,52,51,50,57,54;43,53,57,55,44;44,54,57,56,46,45;46,55,57,49,48,47;49,56,55,54,53,50
ipr58_341 58 1,2,3,4,5,6;0,6,7,8,2;0,1,8,9,10,3;0,2,10,11,12,4;0,3,12,13,14,5;0,4,14,15,6;0,5,15,16,7,1;1,6,16,17,18,8;1,7,18,19,9,2;2,8,19,20,21,10;2,9,21,22,11,3;3,10,22,23,24,12;3,11,24,13,4;4,12,24,25,26,14;4,13,26,27,15,5;5,14,27,28,16,6;6,15,28,29,17,7;7,16,29,30,31,18;7,17,31,19,8;8,18,31,32,20,9;9,19,32,33,34,21;9,20,34,35,22,10;10,21,35,36,23,11;11,22,36,37,24;11,23,37,25,13,12;13,24,37,38,39,26;13,25,39,40,27,14;14,26,40,41,28,15;15,27,41,29,16;16,28,41,42,30,17;17,29,42,43,44,31;17,30,44,32,19,18;19,31,44,45,33,20;20,32,45,46,47,34;20,33,47,35,21;21,34,47,48,36,22;22,35,48,49,37,23;23,36,49,38,25,24;25,37,49,50,51,39;25,38,51,52,40,26;26,39,52,53,41,27;27,40,53,42,29,28;29,41,53,43,30;30,42,53,54,55,44;30,43,55,45,32,31;32,44,55,46,33;33,45,55,56,57,47;33,46,57,48,35,34;35,47,57,49,36;36,48,57,50,38,37;38,49,57,56,51;38,50,56,54,52,39;39,51,54,53,40;40,52,54,43,42,41;43,53,52,51,56,55;43,54,56,46,45,44;46,55,54,51,50,57;46,56,50,49,48,47
ipr58_342 58 1,2,3,4,5,6;0,6,7,8,2;0,1,8,9,10,3;0,2,10,11,12,4;0,3,12,13,5;0,4,13,14,15,6;0,5,15,16,7,1;1,6,16,17,18,8;1,7,18,19,9,2;2,8,19,20,21,10;2,9,21,11,3;3,10,21,22,23,12;3,11,23,24,13,4;4,12,24,25,14,5;5,13,25,26,27,15;5,14,27,28,16,6;6,15,28,29,17,7;7,16,29,30,31,18;7,17,31,19,8;8,18,31,32,20,9;9,19,32,33,34,21;9,20,34,22,11,10;11,21,34,35,36,23;11,22,36,37,24,12;12,23,37,25,13;13,24,37,38,26,14;14,25,38,39,40,27;14,26,40,41,28,15;15,27,41,29,16;16,28,41,42,30,17;17,29,42,43,44,31;17,30,44,32,19,18;19,31,44,45,33,20;20,32,45,46,47,34;20,33,47,35,22,21;22,34,47,48,49,36;22,35,49,37,23;23,36,49,38,25,24;25,37,49,50,39,26;26,38,50,51,52,40;26,39,52,53,41,27;27,40,53,42,29,28;29,41,53,43,30;30,42,53,54,55,44;30,43,55,45,32,31;32,44,55,56,46,33;33,45,56,57,48,47;33,46,48,35,34;35,47,46,57,50,49;35,48,50,38,37,36;38,49,48,57,51,39;39,50,57,56,54,52;39,51,54,53,40;40,52,54,43,42,41;43,53,52,51,56,55;43,54,56,45,44;45,55,54,51,57,46;46,56,51,50,48
ipr58_343 58 1,2,3,4,5,6;0,6,7,8,2;0,1,8,9,10,3;0,2,10,11,12,4;0,3,12,13,14,5;0,4,14,15,6;0,5,15,16,7,1;1,6,16,17,18,8;1,7,18,19,9,2;2,8,19,20,21,10;2,9,21,22,11,3;3,10,22,23,24,12;3,11,24,13,4;4,12,24,25,26,14;4,13,26,27,15,5;5,14,27,28,16,6;6,15,28,29,17,7;7,16,29,30,31,18;7,17,31,19,8;8,18,31,32,20,9;9,19,32,33,34,21;9,20,34,22,10;10,21,34,35,23,11;11,22,35,36,37,24;11,23,37,25,13,12;13,24,37,38,39,26;13,25,39,40,27,14;14,26,40,41,28,15;15,27,41,29,16;16,28,41,42,30,17;17,29,42,43,44,31;17,30,44,32,19,18;19,31,44,45,33,20;20,32,45,46,47,34;20,33,47,35,22,21;22,34,47,48,36,23;23,35,48,49,38,37;23,36,38,25,24;25,37,36,49,50,39;25,38,50,51,40,26;26,39,51,52,41,27;27,40,52,42,29,28;29,41,52,43,30;30,42,52,53,54,44;30,43,54,45,32,31;32,44,54,55,46,33;33,45,55,56,48,47;33,46,48,35,34;35,47,46,56,49,36;36,48,56,57,50,38;38,49,57,51,39;39,50,57,53,52,40;40,51,53,43,42,41;43,52,51,57,55,54;43,53,55,45,44;45,54,53,57,56,46;46,55,57,49,48;49,56,55,53,51,50
ipr58_344 58 1,2,3,4,5,6;0,6,7,8,2;0,1,8,9,10,3;0,2,10,11,12,4;0,3,12,13,5;0,4,13,14,15,6;0,5,15,16,7,1;1,6,16,17,18,8;1,7,18,19,9,2;2,8,19,20,21,10;2,9,21,11,3;3,10,21,22,23,12;3,11,23,24,13,4;4,12,24,25,14,5;5,13,25,26,27,15;5,14,27,28,16,6;6,15,28,29,17,7;7,16,29,30,31,18;7,17,31,19,8;8,18,31,32,20,9;9,19,32,33,34,21;9,20,34,22,11,10;11,21,34,35,36,23;11,22,36,37,24,12;12,23,37,25,13;13,24,37,38,26,14;14,25,38,39,40,27;14,26,40,41,28,15;15,27,41,29,16;16,28,41,42,30,17;17,29,42,43,44,31;17,30,44,32,19,18;19,31,44,45,33,20;20,32,45,46,47,34;20,33,47,35,22,21;22,34,47,48,49,36;22,35,49,37,23;23,36,49,38,25,24;25,37,49,50,39,26;26,38,50,51,52,40;26,39,52,53,41,27;27,40,53,42,29,28;29,41,53,54,43,30;30,42,54,55,45,44;30,43,45,32,31;32,44,43,55,46,33;33,45,55,56,47;33,46,56,48,35,34;35,47,56,51,50,49;35,48,50,38,37,36;38,49,48,51,39;39,50,48,56,57,52;39,51,57,53,40;40,52,57,54,42,41;42,53,57,55,43;43,54,57,56,46,45;46,55,57,51,48,47;51,56,55,54,53,52
ipr58_345 58 1,2,3,4,5,6;0,6,7,8,2;0,1,8,9,10,3;0,2,10,11,12,4;0,3,12,13,14,5;0,4,14,15,16,6;0,5,16,17,7,1;1,6,17,18,19,8;1,7,19,20,9,2;2,8,20,21,22,10;2,9,22,23,11,3;3,10,23,24,25,12;3,11,25,13,4;4,12,25,26,27,14;4,13,27,28,15,5;5,14,28,29,16;5,15,29,30,17,6;6,16,30,31,18,7;7,17,31,32,33,19;7,18,33,20,8;8,19,33,34,21,9;9,20,34,35,36,22;9,21,36,23,10;10,22,36,37,24,11;11,23,37,38,25;11,24,38,26,13,12;13,25,38,39,40,27;13,26,40,41,28,14;14,27,41,42,29,15;15,28,42,43,30,16;16,29,43,31,17;17,30,43,44,32,18;18,31,44,45,46,33;18,32,46,34,20,19;20,33,46,47,35,21;21,34,47,48,49,36;21,35,49,37,23,22;23,36,49,50,38,24;24,37,50,39,26,25;26,38,50,51,40;26,39,51,52,41,27;27,40,52,42,28;28,41,52,53,43,29;29,42,53,44,31,30;31,43,53,54,45,32;32,44,54,55,47,46;32,45,47,34,33;34,46,45,55,48,35;35,47,55,56,49;35,48,56,50,37,36;37,49,56,51,39,38;39,50,56,57,52,40;40,51,57,53,42,41;42,52,57,54,44,43;44,53,57,55,45;45,54,57,56,48,47;48,55,57,51,50,49;51,56,55,54,53,52
ipr58_346 58 1,2,3,4,5,6;0,6,7,8,2;0,1,8,9,10,3;0,2,10,11,12,4;0,3,12,13,14,5;0,4,14,15,6;0,5,15,16,7,1;1,6,16,17,18,8;1,7,18,19,9,2;2,8,19,20,21,10;2,9,21,22,11,3;3,10,22,23,24,12;3,11,24,13,4;4,12,24,25,26,14;4,13,26,27,15,5;5,14,27,28,16,6;6,15,28,29,17,7;7,16,29,30,31,18;7,17,31,32,19,8;8,18,32,33,20,9;9,19,33,34,35,21;9,20,35,36,22,10;10,21,36,37,23,11;11,22,37,38,24;11,23,38,25,13,12;13,24,38,39,40,26;13,25,40,41,27,14;14,26,41,42,28,15;15,27,42,29,16;16,28,42,43,30,17;17,29,43,44,45,31;17,30,45,46,32,18;18,31,46,33,19;19,32,46,47,34,20;20,33,47,48,35;20,34,48,49,36,21;21,35,49,37,22;22,36,49,50,38,23;23,37,50,39,25,24;25,38,50,51,52,40;25,39,52,53,41,26;26,40,53,54,42,27;27,41,54,43,29,28;29,42,54,44,30;30,43,54,55,56,45;30,44,56,46,31;31,45,56,47,33,32;33,46,56,57,48,34;34,47,57,51,49,35;35,48,51,50,37,36;37,49,51,39,38;39,50,49,48,57,52;39,51,57,55,53,40;40,52,55,54,41;41,53,55,44,43,42;44,54,53,52,57,56;44,55,57,47,46,45;47,56,55,52,51,48
ipr58_347 58 1,2,3,4,5,6;0,6,7,8,2;0,1,8,9,10,3;0,2,10,11,12,4;0,3,12,13,14,5;0,4,14,15,6;0,5,15,16,7,1;1,6,16,17,18,8;1,7,18,19,9,2;2,8,19,20,21,10;2,9,21,22,11,3;3,10,22,23,24,12;3,11,24,25,13,4;4,12,25,26,27,14;4,13,27,28,15,5;5,14,28,29,16,6;6,15,29,30,17,7;7,16,30,31,32,18;7,17,32,19,8;8,18,32,33,20,9;9,19,33,34,35,21;9,20,35,36,22,10;10,21,36,37,23,11;11,22,37,38,24;11,23,38,39,25,12;12,24,39,26,13;13,25,39,40,41,27;13,26,41,42,28,14;14,27,42,43,29,15;15,28,43,30,16;16,29,43,44,31,17;17,30,44,45,46,32;17,31,46,33,19,18;19,32,46,47,34,20;20,33,47,48,49,35;20,34,49,50,36,21;21,35,50,37,22;22,36,50,51,38,23;23,37,51,52,39,24;24,38,52,40,26,25;26,39,52,53,54,41;26,40,54,42,27;27,41,54,55,43,28;28,42,55,44,30,29;30,43,55,45,31;31,44,55,56,47,46;31,45,47,33,32;33,46,45,56,48,34;34,47,56,53,57,49;34,48,57,50,35;35,49,57,51,37,36;37,50,57,52,38;38,51,57,53,40,39;40,52,57,48,56,54;40,53,56,55,42,41;42,54,56,45,44,43;45,55,54,53,48,47;48,53,52,51,50,49
ipr58_348 58 1,2,3,4,5,6;0,6,7,8,2;0,1,8,9,10,3;0,2,10,11,12,4;0,3,12,13,14,5;0,4,14,15,16,6;0,5,16,17,7,1;1,6,17,18,19,8;1,7,19,20,9,2;2,8,20,21,22,10;2,9,22,23,11,3;3,10,23,24,25,12;3,11,25,13,4;4,12,25,26,27,14;4,13,27,28,15,5;5,14,28,29,16;5,15,29,30,17,6;6,16,30,31,18,7;7,17,31,32,33,19;7,18,33,20,8;8,19,33,34,21,9;9,20,34,35,36,22;9,21,36,37,23,10;10,22,37,38,24,11;11,23,38,39,25;11,24,39,26,13,12;13,25,39,40,41,27;13,26,41,42,28,14;14,27,42,43,29,15;15,28,43,44,30,16;16,29,44,31,17;17,30,44,45,32,18;18,31,45,46,47,33;18,32,47,34,20,19;20,33,47,48,35,21;21,34,48,49,50,36;21,35,50,51,37,22;22,36,51,38,23;23,37,51,52,39,24;24,38,52,40,26,25;26,39,52,53,54,41;26,40,54,55,42,27;27,41,55,43,28;28,42,55,56,44,29;29,43,56,45,31,30;31,44,56,46,32;32,45,56,57,48,47;32,46,48,34,33;34,47,46,57,49,35;35,48,57,54,53,50;35,49,53,51,36;36,50,53,52,38,37;38,51,53,40,39;40,52,51,50,49,54;40,53,49,57,55,41;41,54,57,56,43,42;43,55,57,46,45,44;46,56,55,54,49,48
ipr58_349 58 1,2,3,4,5,6;0,6,7,8,2;0,1,8,9,10,3;0,2,10,11,12,4;0,3,12,13,14,5;0,4,14,15,6;0,5,15,16,7,1;1,6,16,17,18,8;1,7,18,19,9,2;2,8,19,20,21,10;2,9,21,22,11,3;3,10,22,23,24,12;3,11,24,13,4;4,12,24,25,26,14;4,13,26,27,15,5;5,14,27,28,16,6;6,15,28,29,17,7;7,16,29,30,31,18;7,17,31,19,8;8,18,31,32,20,9;9,19,32,33,34,21;9,20,34,35,22,10;10,21,35,36,23,11;11,22,36,37,24;11,23,37,25,13,12;13,24,37,38,39,26;13,25,39,40,27,14;14,26,40,41,28,15;15,27,41,29,16;16,28,41,42,30,17;17,29,42,43,44,31;17,30,44,32,19,18;19,31,44,45,33,20;20,32,45,46,47,34;20,33,47,48,35,21;21,34,48,36,22;22,35,48,49,37,23;23,36,49,38,25,24;25,37,49,50,51,39;25,38,51,52,40,26;26,39,52,53,41,27;27,40,53,42,29,28;29,41,53,54,43,30;30,42,54,55,45,44;30,43,45,32,31;32,44,43,55,46,33;33,45,55,56,47;33,46,56,50,48,34;34,47,50,49,36,35;36,48,50,38,37;38,49,48,47,56,51;38,50,56,57,52,39;39,51,57,53,40;40,52,57,54,42,41;42,53,57,55,43;43,54,57,56,46,45;46,55,57,51,50,47;51,56,55,54,53,52
ipr58_350 58 1,2,3,4,5,6;0,6,7,8,2;0,1,8,9,10,3;0,2,10,11,12,4;0,3,12,13,14,5;0,4,14,15,6;0,5,15,16,7,1;1,6,16,17,18,8;1,7,18,19,9,2;2,8,19,20,21,10;2,9,21,22,11,3;3,10,22,23,24,12;3,11,24,13,4;4,12,24,25,26,14;4,13,26,27,15,5;5,14,27,28,16,6;6,15,28,29,17,7;7,16,29,30,31,18;7,17,31,19,8;8,18,31,32,20,9;9,19,32,33,34,21;9,20,34,35,22,10;10,21,35,36,23,11;11,22,36,37,38,24;11,23,38,25,13,12;13,24,38,39,40,26;13,25,40,41,27,14;14,26,41,42,28,15;15,27,42,29,16;16,28,42,43,30,17;17,29,43,44,45,31;17,30,45,32,19,18;19,31,45,46,33,20;20,32,46,47,48,34;20,33,48,49,35,21;21,34,49,36,22;22,35,49,50,37,23;23,36,50,51,39,38;23,37,39,25,24;25,38,37,51,52,40;25,39,52,53,41,26;26,40,53,54,42,27;27,41,54,43,29,28;29,42,54,44,30;30,43,54,55,46,45;30,44,46,32,31;32,45,44,55,47,33;33,46,55,56,57,48;33,47,57,49,34;34,48,57,50,36,35;36,49,57,51,37;37,50,57,56,52,39;39,51,56,53,40;40,52,56,55,54,41;41,53,55,44,43,42;44,54,53,56,47,46;47,55,53,52,51,57;47,56,51,50,49,48
ipr58_351 58 1,2,3,4,5,6;0,6,7,8,2;0,1,8,9,10,3;0,2,10,11,12,4;0,3,12,13,14,5;0,4,14,15,16,6;0,5,16,17,7,1;1,6,17,18,19,8;1,7,19,20,9,2;2,8,20,21,22,10;2,9,22,23,11,3;3,10,23,24,25,12;3,11,25,26,13,4;4,12,26,27,28,14;4,13,28,15,5;5,14,28,29,30,16;5,15,30,17,6;6,16,30,31,18,7;7,17,31,32,33,19;7,18,33,34,20,8;8,19,34,35,21,9;9,20,35,36,22;9,21,36,37,23,10;10,22,37,38,24,11;11,23,38,39,40,25;11,24,40,26,12;12,25,40,41,27,13;13,26,41,42,43,28;13,27,43,29,15,14;15,28,43,44,45,30;15,29,45,31,17,16;17,30,45,32,18;18,31,45,46,47,33;18,32,47,34,19;19,33,47,48,35,20;20,34,48,49,36,21;21,35,49,50,37,22;22,36,50,38,23;23,37,50,51,39,24;24,38,51,52,40;24,39,52,41,26,25;26,40,52,42,27;27,41,52,53,54,43;27,42,54,44,29,28;29,43,54,55,46,45;29,44,46,32,31,30;32,45,44,55,56,47;32,46,56,48,34,33;34,47,56,49,35;35,48,56,57,50,36;36,49,57,51,38,37;38,50,57,53,52,39;39,51,53,42,41,40;42,52,51,57,55,54;42,53,55,44,43;44,54,53,57,56,46;46,55,57,49,48,47;49,56,55,53,51,50
ipr58_352 58 1,2,3,4,5,6;0,6,7,8,2;0,1,8,9,10,3;0,2,10,11,12,4;0,3,12,13,14,5;0,4,14,15,16,6;0,5,16,17,7,1;1,6,17,18,19,8;1,7,19,20,9,2;2,8,20,21,10;2,9,21,22,11,3;3,10,22,23,24,12;3,11,24,25,13,4;4,12,25,26,27,14;4,13,27,15,5;5,14,27,28,29,16;5,15,29,17,6;6,16,29,30,18,7;7,17,30,31,32,19;7,18,32,33,20,8;8,19,33,34,21,9;9,20,34,35,22,10;10,21,35,36,23,11;11,22,36,37,38,24;11,23,38,25,12;12,24,38,39,26,13;13,25,39,40,41,27;13,26,41,28,15,14;15,27,41,42,43,29;15,28,43,30,17,16;17,29,43,31,18;18,30,43,44,45,32;18,31,45,33,19;19,32,45,46,34,20;20,33,46,47,35,21;21,34,47,48,36,22;22,35,48,49,37,23;23,36,49,50,38;23,37,50,39,25,24;25,38,50,40,26;26,39,50,51,52,41;26,40,52,42,28,27;28,41,52,53,44,43;28,42,44,31,30,29;31,43,42,53,54,45;31,44,54,46,33,32;33,45,54,55,47,34;34,46,55,56,48,35;35,47,56,49,36;36,48,56,51,50,37;37,49,51,40,39,38;40,50,49,56,57,52;40,51,57,53,42,41;42,52,57,55,54,44;44,53,55,46,45;46,54,53,57,56,47;47,55,57,51,49,48;51,56,55,53,52
ipr58_353 58 1,2,3,4,5,6;0,6,7,8,2;0,1,8,9,10,3;0,2,10,11,12,4;0,3,12,13,14,5;0,4,14,15,16,6;0,5,16,17,7,1;1,6,17,18,19,8;1,7,19,20,9,2;2,8,20,21,10;2,9,21,22,11,3;3,10,22,23,24,12;3,11,24,25,13,4;4,12,25,26,27,14;4,13,27,15,5;5,14,27,28,29,16;5,15,29,17,6;6,16,29,30,18,7;7,17,30,31,32,19;7,18,32,33,20,8;8,19,33,34,21,9;9,20,34,35,22,10;10,21,35,36,23,11;11,22,36,37,38,24;11,23,38,25,12;12,24,38,39,26,13;13,25,39,40,41,27;13,26,41,28,15,14;15,27,41,42,43,29;15,28,43,30,17,16;17,29,43,31,18;18,30,43,44,45,32;18,31,45,46,33,19;19,32,46,47,34,20;20,33,47,48,35,21;21,34,48,36,22;22,35,48,49,37,23;23,36,49,50,38;23,37,50,39,25,24;25,38,50,40,26;26,39,50,51,52,41;26,40,52,42,28,27;28,41,52,53,44,43;28,42,44,31,30,29;31,43,42,53,54,45;31,44,54,46,32;32,45,54,55,47,33;33,46,55,56,48,34;34,47,56,49,36,35;36,48,56,51,50,37;37,49,51,40,39,38;40,50,49,56,57,52;40,51,57,53,42,41;42,52,57,54,44;44,53,57,55,46,45;46,54,57,56,47;47,55,57,51,49,48;51,56,55,54,53,52
ipr58_354 58 1,2,3,4,5,6;0,6,7,8,2;0,1,8,9,10,3;0,2,10,11,12,4;0,3,12,13,14,5;0,4,14,15,16,6;0,5,16,17,7,1;1,6,17,18,19,8;1,7,19,20,9,2;2,8,20,21,10;2,9,21,22,11,3;3,10,22,23,24,12;3,11,24,25,13,4;4,12,25,26,27,14;4,13,27,15,5;5,14,27,28,29,16;5,15,29,17,6;6,16,29,30,18,7;7,17,30,31,32,19;7,18,32,33,20,8;8,19,33,34,21,9;9,20,34,35,22,10;10,21,35,36,23,11;11,22,36,37,38,24;11,23,38,25,12;12,24,38,39,26,13;13,25,39,40,41,27;13,26,41,28,15,14;15,27,41,42,43,29;15,28,43,30,17,16;17,29,43,44,31,18;18,30,44,45,46,32;18,31,46,33,19;19,32,46,47,34,20;20,33,47,48,35,21;21,34,48,36,22;22,35,48,49,37,23;23,36,49,50,38;23,37,50,39,25,24;25,38,50,51,40,26;26,39,51,52,42,41;26,40,42,28,27;28,41,40,52,53,43;28,42,53,44,30,29;30,43,53,45,31;31,44,53,54,55,46;31,45,55,47,33,32;33,46,55,56,48,34;34,47,56,49,36,35;36,48,56,57,50,37;37,49,57,51,39,38;39,50,57,54,52,40;40,51,54,53,42;42,52,54,45,44,43;45,53,52,51,57,55;45,54,57,56,47,46;47,55,57,49,48;49,56,55,54,51,50
ipr58_355 58 1,2,3,4,5,6;0,6,7,8,9,2;0,1,9,10,11,3;0,2,11,12,13,4;0,3,13,14,5;0,4,14,15,16,6;0,5,16,17,7,1;1,6,17,18,19,8;1,7,19,20,9;1,8,20,21,10,2;2,9,21,22,11;2,10,22,23,12,3;3,11,23,24,25,13;3,12,25,26,14,4;4,13,26,27,15,5;5,14,27,28,29,16;5,15,29,17,6;6,16,29,30,18,7;7,17,30,31,32,19;7,18,32,33,20,8;8,19,33,34,21,9;9,20,34,35,22,10;10,21,35,36,23,11;11,22,36,37,24,12;12,23,37,38,39,25;12,24,39,26,13;13,25,39,40,27,14;14,26,40,41,28,15;15,27,41,42,43,29;15,28,43,30,17,16;17,29,43,31,18;18,30,43,44,45,32;18,31,45,33,19;19,32,45,46,34,20;20,33,46,47,35,21;21,34,47,48,36,22;22,35,48,37,23;23,36,48,49,38,24;24,37,49,50,39;24,38,50,40,26,25;26,39,50,51,41,27;27,40,51,52,42,28;28,41,52,44,43;28,42,44,31,30,29;31,43,42,52,53,45;31,44,53,46,33,32;33,45,53,54,47,34;34,46,54,55,48,35;35,47,55,49,37,36;37,48,55,56,50,38;38,49,56,51,40,39;40,50,56,57,52,41;41,51,57,53,44,42;44,52,57,54,46,45;46,53,57,56,55,47;47,54,56,49,48;49,55,54,57,51,50;51,56,54,53,52
ipr58_356 58 1,2,3,4,5,6;0,6,7,8,2;0,1,8,9,10,3;0,2,10,11,12,4;0,3,12,13,5;0,4,13,14,15,6;0,5,15,16,7,1;1,6,16,17,18,8;1,7,18,19,9,2;2,8,19,20,10;2,9,20,21,11,3;3,10,21,22,23,12;3,11,23,24,13,4;4,12,24,25,14,5;5,13,25,26,27,15;5,14,27,16,6;6,15,27,28,17,7;7,16,28,29,30,18;7,17,30,31,19,8;8,18,31,32,20,9;9,19,32,33,21,10;10,20,33,34,22,11;11,21,34,35,36,23;11,22,36,24,12;12,23,36,37,25,13;13,24,37,38,26,14;14,25,38,39,40,27;14,26,40,28,16,15;16,27,40,29,17;17,28,40,41,42,30;17,29,42,43,31,18;18,30,43,44,32,19;19,31,44,45,33,20;20,32,45,46,34,21;21,33,46,47,35,22;22,34,47,48,36;22,35,48,37,24,23;24,36,48,49,38,25;25,37,49,50,39,26;26,38,50,41,40;26,39,41,29,28,27;29,40,39,50,51,42;29,41,51,52,43,30;30,42,52,44,31;31,43,52,53,45,32;32,44,53,46,33;33,45,53,54,47,34;34,46,54,55,48,35;35,47,55,49,37,36;37,48,55,56,50,38;38,49,56,51,41,39;41,50,56,57,52,42;42,51,57,53,44,43;44,52,57,54,46,45;46,53,57,55,47;47,54,57,56,49,48;49,55,57,51,50;51,56,55,54,53,52
ipr58_357 58 1,2,3,4,5,6;0,6,7,8,2;0,1,8,9,10,3;0,2,10,11,12,4;0,3,12,13,14,5;0,4,14,15,16,6;0,5,16,17,7,1;1,6,17,18,19,8;1,7,19,20,9,2;2,8,20,21,10;2,9,21,22,11,3;3,10,22,23,24,12;3,11,24,13,4;4,12,24,25,26,14;4,13,26,27,15,5;5,14,27,28,29,16;5,15,29,17,6;6,16,29,30,18,7;7,17,30,31,32,19;7,18,32,33,20,8;8,19,33,34,21,9;9,20,34,35,22,10;10,21,35,23,11;11,22,35,36,37,24;11,23,37,25,13,12;13,24,37,38,26;13,25,38,39,27,14;14,26,39,40,28,15;15,27,40,41,42,29;15,28,42,30,17,16;17,29,42,31,18;18,30,42,43,44,32;18,31,44,45,33,19;19,32,45,46,34,20;20,33,46,47,35,21;21,34,47,36,23,22;23,35,47,48,49,37;23,36,49,38,25,24;25,37,49,50,39,26;26,38,50,51,40,27;27,39,51,52,41,28;28,40,52,43,42;28,41,43,31,30,29;31,42,41,52,53,44;31,43,53,45,32;32,44,53,54,46,33;33,45,54,55,47,34;34,46,55,48,36,35;36,47,55,56,50,49;36,48,50,38,37;38,49,48,56,51,39;39,50,56,57,52,40;40,51,57,53,43,41;43,52,57,54,45,44;45,53,57,56,55,46;46,54,56,48,47;48,55,54,57,51,50;51,56,54,53,52
ipr58_358 58 1,2,3,4,5,6;0,6,7,8,2;0,1,8,9,10,3;0,2,10,11,12,4;0,3,12,13,5;0,4,13,14,15,6;0,5,15,16,7,1;1,6,16,17,18,8;1,7,18,19,9,2;2,8,19,20,21,10;2,9,21,22,11,3;3,10,22,23,24,12;3,11,24,25,13,4;4,12,25,26,14,5;5,13,26,27,28,15;5,14,28,16,6;6,15,28,29,17,7;7,16,29,30,31,18;7,17,31,32,19,8;8,18,32,33,20,9;9,19,33,34,21;9,20,34,35,22,10;10,21,35,36,23,11;11,22,36,37,38,24;11,23,38,25,12;12,24,38,39,26,13;13,25,39,40,27,14;14,26,40,41,42,28;14,27,42,29,16,15;16,28,42,43,30,17;17,29,43,44,45,31;17,30,45,32,18;18,31,45,46,33,19;19,32,46,47,34,20;20,33,47,48,35,21;21,34,48,36,22;22,35,48,49,37,23;23,36,49,50,38;23,37,50,39,25,24;25,38,50,51,40,26;26,39,51,52,41,27;27,40,52,53,42;27,41,53,43,29,28;29,42,53,44,30;30,43,53,54,55,45;30,44,55,46,32,31;32,45,55,47,33;33,46,55,56,48,34;34,47,56,49,36,35;36,48,56,57,50,37;37,49,57,51,39,38;39,50,57,52,40;40,51,57,54,53,41;41,52,54,44,43,42;44,53,52,57,56,55;44,54,56,47,46,45;47,55,54,57,49,48;49,56,54,52,51,50
ipr58_359 58 1,2,3,4,5,6;0,6,7,8,2;0,1,8,9,10,3;0,2,10,11,12,4;0,3,12,13,14,5;0,4,14,15,16,6;0,5,16,17,7,1;1,6,17,18,19,8;1,7,19,20,9,2;2,8,20,21,10;2,9,21,22,11,3;3,10,22,23,24,12;3,11,24,13,4;4,12,24,25,26,14;4,13,26,27,15,5;5,14,27,28,29,16;5,15,29,17,6;6,16,29,30,18,7;7,17,30,31,32,19;7,18,32,33,20,8;8,19,33,34,21,9;9,20,34,35,22,10;10,21,35,23,11;11,22,35,36,37,24;11,23,37,25,13,12;13,24,37,38,26;13,25,38,39,27,14;14,26,39,40,28,15;15,27,40,41,42,29;15,28,42,30,17,16;17,29,42,43,31,18;18,30,43,44,45,32;18,31,45,33,19;19,32,45,46,34,20;20,33,46,47,35,21;21,34,47,36,23,22;23,35,47,48,49,37;23,36,49,38,25,24;25,37,49,50,39,26;26,38,50,51,40,27;27,39,51,52,41,28;28,40,52,53,42;28,41,53,43,30,29;30,42,53,44,31;31,43,53,54,55,45;31,44,55,46,33,32;33,45,55,56,47,34;34,46,56,48,36,35;36,47,56,57,50,49;36,48,50,38,37;38,49,48,57,51,39;39,50,57,52,40;40,51,57,54,53,41;41,52,54,44,43,42;44,53,52,57,56,55;44,54,56,46,45;46,55,54,57,48,47;48,56,54,52,51,50
ipr58_360 58 1,2,3,4,5,6;0,6,7,8,2;0,1,8,9,10,3;0,2,10,11,12,4;0,3,12,13,14,5;0,4,14,15,16,6;0,5,16,17,7,1;1,6,17,18,19,8;1,7,19,20,9,2;2,8,20,21,10;2,9,21,22,11,3;3,10,22,23,24,12;3,11,24,25,13,4;4,12,25,26,27,14;4,13,27,15,5;5,14,27,28,29,16;5,15,29,17,6;6,16,29,30,18,7;7,17,30,31,32,19;7,18,32,33,20,8;8,19,33,34,21,9;9,20,34,35,22,10;10,21,35,36,23,11;11,22,36,37,38,24;11,23,38,25,12;12,24,38,39,26,13;13,25,39,40,41,27;13,26,41,28,15,14;15,27,41,42,43,29;15,28,43,30,17,16;17,29,43,44,31,18;18,30,44,45,46,32;18,31,46,33,19;19,32,46,47,34,20;20,33,47,48,35,21;21,34,48,36,22;22,35,48,49,37,23;23,36,49,50,38;23,37,50,39,25,24;25,38,50,51,40,26;26,39,51,52,42,41;26,40,42,28,27;28,41,40,52,53,43;28,42,53,44,30,29;30,43,53,45,31;31,44,53,54,55,46;31,45,55,47,33,32;33,46,55,56,48,34;34,47,56,49,36,35;36,48,56,57,50,37;37,49,57,51,39,38;39,50,57,52,40;40,51,57,54,53,42;42,52,54,45,44,43;45,53,52,57,56,55;45,54,56,47,46;47,55,54,57,49,48;49,56,54,52,51,50
ipr58_361 58 1,2,3,4,5,6;0,6,7,8,2;0,1,8,9,10,3;0,2,10,11,12,4;0,3,12,13,14,5;0,4,14,15,16,6;0,5,16,17,7,1;1,6,17,18,19,8;1,7,19,20,9,2;2,8,20,21,10;2,9,21,22,11,3;3,10,22,23,24,12;3,11,24,25,13,4;4,12,25,26,14;4,13,26,27,15,5;5,14,27,28,29,16;5,15,29,17,6;6,16,29,30,18,7;7,17,30,31,32,19;7,18,32,33,20,8;8,19,33,34,21,9;9,20,34,35,22,10;10,21,35,36,23,11;11,22,36,37,38,24;11,23,38,25,12;12,24,38,39,26,13;13,25,39,40,27,14;14,26,40,41,28,15;15,27,41,42,43,29;15,28,43,30,17,16;17,29,43,44,31,18;18,30,44,45,46,32;18,31,46,33,19;19,32,46,47,34,20;20,33,47,48,35,21;21,34,48,36,22;22,35,48,49,37,23;23,36,49,50,38;23,37,50,39,25,24;25,38,50,51,40,26;26,39,51,41,27;27,40,51,52,42,28;28,41,52,53,43;28,42,53,44,30,29;30,43,53,45,31;31,44,53,54,55,46;31,45,55,47,33,32;33,46,55,56,48,34;34,47,56,49,36,35;36,48,56,57,50,37;37,49,57,51,39,38;39,50,57,52,41,40;41,51,57,54,53,42;42,52,54,45,44,43;45,53,52,57,56,55;45,54,56,47,46;47,55,54,57,49,48;49,56,54,52,51,50
ipr58_362 58 1,2,3,4,5,6;0,6,7,8,2;0,1,8,9,10,3;0,2,10,11,12,4;0,3,12,13,14,5;0,4,14,15,16,6;0,5,16,17,7,1;1,6,17,18,19,8;1,7,19,20,9,2;2,8,20,21,10;2,9,21,22,11,3;3,10,22,23,24,12;3,11,24,25,13,4;4,12,25,26,27,14;4,13,27,15,5;5,14,27,28,29,16;5,15,29,17,6;6,16,29,30,18,7;7,17,30,31,32,19;7,18,32,33,20,8;8,19,33,34,21,9;9,20,34,35,22,10;10,21,35,36,23,11;11,22,36,37,38,24;11,23,38,25,12;12,24,38,39,26,13;13,25,39,40,41,27;13,26,41,28,15,14;15,27,41,42,43,29;15,28,43,30,17,16;17,29,43,31,18;18,30,43,44,45,32;18,31,45,33,19;19,32,45,46,34,20;20,33,46,47,35,21;21,34,47,48,36,22;22,35,48,49,37,23;23,36,49,50,38;23,37,50,39,25,24;25,38,50,51,40,26;26,39,51,52,42,41;26,40,42,28,27;28,41,40,52,44,43;28,42,44,31,30,29;31,43,42,52,53,45;31,44,53,46,33,32;33,45,53,54,47,34;34,46,54,55,48,35;35,47,55,49,36;36,48,55,56,50,37;37,49,56,51,39,38;39,50,56,57,52,40;40,51,57,53,44,42;44,52,57,54,46,45;46,53,57,55,47;47,54,57,56,49,48;49,55,57,51,50;51,56,55,54,53,52
ipr58_363 58 1,2,3,4,5,6;0,6,7,8,2;0,1,8,9,10,3;0,2,10,11,12,4;0,3,12,13,5;0,4,13,14,15,6;0,5,15,16,7,1;1,6,16,17,18,8;1,7,18,19,9,2;2,8,19,20,10;2,9,20,21,11,3;3,10,21,22,23,12;3,11,23,24,13,4;4,12,24,25,14,5;5,13,25,26,27,15;5,14,27,16,6;6,15,27,28,17,7;7,16,28,29,30,18;7,17,30,31,19,8;8,18,31,32,20,9;9,19,32,33,21,10;10,20,33,34,22,11;11,21,34,35,36,23;11,22,36,24,12;12,23,36,37,25,13;13,24,37,38,26,14;14,25,38,39,40,27;14,26,40,28,16,15;16,27,40,41,29,17;17,28,41,42,43,30;17,29,43,31,18;18,30,43,44,32,19;19,31,44,45,33,20;20,32,45,46,34,21;21,33,46,47,35,22;22,34,47,48,36;22,35,48,37,24,23;24,36,48,49,38,25;25,37,49,50,39,26;26,38,50,51,40;26,39,51,41,28,27;28,40,51,42,29;29,41,51,52,53,43;29,42,53,44,31,30;31,43,53,54,45,32;32,44,54,55,46,33;33,45,55,47,34;34,46,55,56,48,35;35,47,56,49,37,36;37,48,56,57,50,38;38,49,57,52,51,39;39,50,52,42,41,40;42,51,50,57,54,53;42,52,54,44,43;44,53,52,57,55,45;45,54,57,56,47,46;47,55,57,49,48;49,56,55,54,52,50
ipr58_364 58 1,2,3,4,5,6;0,6,7,8,2;0,1,8,9,10,3;0,2,10,11,12,4;0,3,12,13,5;0,4,13,14,15,6;0,5,15,16,7,1;1,6,16,17,18,8;1,7,18,19,9,2;2,8,19,20,10;2,9,20,21,11,3;3,10,21,22,23,12;3,11,23,24,13,4;4,12,24,25,14,5;5,13,25,26,27,15;5,14,27,16,6;6,15,27,28,17,7;7,16,28,29,30,18;7,17,30,31,19,8;8,18,31,32,20,9;9,19,32,33,21,10;10,20,33,34,22,11;11,21,34,35,36,23;11,22,36,24,12;12,23,36,37,25,13;13,24,37,38,26,14;14,25,38,39,40,27;14,26,40,28,16,15;16,27,40,29,17;17,28,40,41,42,30;17,29,42,31,18;18,30,42,43,32,19;19,31,43,44,33,20;20,32,44,45,34,21;21,33,45,46,35,22;22,34,46,47,48,36;22,35,48,37,24,23;24,36,48,49,38,25;25,37,49,50,39,26;26,38,50,51,41,40;26,39,41,29,28,27;29,40,39,51,52,42;29,41,52,43,31,30;31,42,52,53,44,32;32,43,53,54,45,33;33,44,54,46,34;34,45,54,55,47,35;35,46,55,56,49,48;35,47,49,37,36;37,48,47,56,50,38;38,49,56,51,39;39,50,56,57,52,41;41,51,57,53,43,42;43,52,57,54,44;44,53,57,55,46,45;46,54,57,56,47;47,55,57,51,50,49;51,56,55,54,53,52
ipr58_365 58 1,2,3,4,5,6;0,6,7,8,9,2;0,1,9,10,3;0,2,10,11,12,4;0,3,12,13,5;0,4,13,14,15,6;0,5,15,16,7,1;1,6,16,17,18,8;1,7,18,19,20,9;1,8,20,21,10,2;2,9,21,22,11,3;3,10,22,23,12;3,11,23,24,13,4;4,12,24,25,14,5;5,13,25,26,27,15;5,14,27,16,6;6,15,27,28,17,7;7,16,28,29,30,18;7,17,30,31,19,8;8,18,31,32,33,20;8,19,33,21,9;9,20,33,34,22,10;10,21,34,35,23,11;11,22,35,36,24,12;12,23,36,37,25,13;13,24,37,38,26,14;14,25,38,39,40,27;14,26,40,28,16,15;16,27,40,29,17;17,28,40,41,42,30;17,29,42,31,18;18,30,42,43,32,19;19,31,43,44,45,33;19,32,45,34,21,20;21,33,45,46,35,22;22,34,46,47,36,23;23,35,47,48,37,24;24,36,48,49,38,25;25,37,49,50,39,26;26,38,50,41,40;26,39,41,29,28,27;29,40,39,50,51,42;29,41,51,43,31,30;31,42,51,52,44,32;32,43,52,53,54,45;32,44,54,46,34,33;34,45,54,55,47,35;35,46,55,48,36;36,47,55,56,49,37;37,48,56,57,50,38;38,49,57,51,41,39;41,50,57,52,43,42;43,51,57,53,44;44,52,57,56,55,54;44,53,55,46,45;46,54,53,56,48,47;48,55,53,57,49;49,56,53,52,51,50
ipr58_366 58 1,2,3,4,5,6;0,6,7,8,2;0,1,8,9,10,3;0,2,10,11,12,4;0,3,12,13,5;0,4,13,14,15,6;0,5,15,16,7,1;1,6,16,17,18,8;1,7,18,19,9,2;2,8,19,20,10;2,9,20,21,11,3;3,10,21,22,23,12;3,11,23,24,13,4;4,12,24,25,14,5;5,13,25,26,27,15;5,14,27,16,6;6,15,27,28,17,7;7,16,28,29,30,18;7,17,30,31,19,8;8,18,31,32,20,9;9,19,32,33,21,10;10,20,33,34,22,11;11,21,34,35,36,23;11,22,36,24,12;12,23,36,37,25,13;13,24,37,38,26,14;14,25,38,39,40,27;14,26,40,28,16,15;16,27,40,41,29,17;17,28,41,42,43,30;17,29,43,31,18;18,30,43,44,32,19;19,31,44,45,33,20;20,32,45,46,34,21;21,33,46,47,35,22;22,34,47,48,36;22,35,48,37,24,23;24,36,48,49,38,25;25,37,49,50,39,26;26,38,50,51,41,40;26,39,41,28,27;28,40,39,51,42,29;29,41,51,52,53,43;29,42,53,44,31,30;31,43,53,45,32;32,44,53,54,46,33;33,45,54,55,47,34;34,46,55,56,48,35;35,47,56,49,37,36;37,48,56,50,38;38,49,56,57,51,39;39,50,57,52,42,41;42,51,57,54,53;42,52,54,45,44,43;45,53,52,57,55,46;46,54,57,56,47;47,55,57,50,49,48;50,56,55,54,52,51
ipr58_367 58 1,2,3,4,5,6;0,6,7,8,9,2;0,1,9,10,11,3;0,2,11,12,13,4;0,3,13,14,5;0,4,14,15,16,6;0,5,16,17,7,1;1,6,17,18,19,8;1,7,19,20,21,9;1,8,21,10,2;2,9,21,22,23,11;2,10,23,24,12,3;3,11,24,25,13;3,12,25,26,14,4;4,13,26,27,15,5;5,14,27,28,29,16;5,15,29,17,6;6,16,29,30,18,7;7,17,30,31,32,19;7,18,32,20,8;8,19,32,33,34,21;8,20,34,22,10,9;10,21,34,35,23;10,22,35,36,24,11;11,23,36,37,25,12;12,24,37,38,26,13;13,25,38,39,27,14;14,26,39,40,28,15;15,27,40,41,42,29;15,28,42,30,17,16;17,29,42,43,31,18;18,30,43,44,45,32;18,31,45,33,20,19;20,32,45,46,47,34;20,33,47,35,22,21;22,34,47,48,36,23;23,35,48,49,37,24;24,36,49,50,38,25;25,37,50,51,39,26;26,38,51,52,40,27;27,39,52,41,28;28,40,52,53,43,42;28,41,43,30,29;30,42,41,53,44,31;31,43,53,54,55,45;31,44,55,46,33,32;33,45,55,56,47;33,46,56,48,35,34;35,47,56,49,36;36,48,56,57,50,37;37,49,57,51,38;38,50,57,54,52,39;39,51,54,53,41,40;41,52,54,44,43;44,53,52,51,57,55;44,54,57,56,46,45;46,55,57,49,48,47;49,56,55,54,51,50
ipr58_368 58 1,2,3,4,5,6;0,6,7,8,9,2;0,1,9,10,3;0,2,10,11,12,4;0,3,12,13,5;0,4,13,14,15,6;0,5,15,16,7,1;1,6,16,17,18,8;1,7,18,19,20,9;1,8,20,21,10,2;2,9,21,22,11,3;3,10,22,23,12;3,11,23,24,13,4;4,12,24,25,14,5;5,13,25,26,27,15;5,14,27,16,6;6,15,27,28,17,7;7,16,28,29,30,18;7,17,30,31,19,8;8,18,31,32,33,20;8,19,33,21,9;9,20,33,34,22,10;10,21,34,35,23,11;11,22,35,36,24,12;12,23,36,37,25,13;13,24,37,38,26,14;14,25,38,39,40,27;14,26,40,28,16,15;16,27,40,41,29,17;17,28,41,42,43,30;17,29,43,31,18;18,30,43,44,32,19;19,31,44,45,46,33;19,32,46,34,21,20;21,33,46,47,35,22;22,34,47,48,36,23;23,35,48,49,37,24;24,36,49,50,38,25;25,37,50,39,26;26,38,50,51,41,40;26,39,41,28,27;28,40,39,51,42,29;29,41,51,52,53,43;29,42,53,44,31,30;31,43,53,45,32;32,44,53,54,55,46;32,45,55,47,34,33;34,46,55,56,48,35;35,47,56,49,36;36,48,56,57,50,37;37,49,57,51,39,38;39,50,57,52,42,41;42,51,57,54,53;42,52,54,45,44,43;45,53,52,57,56,55;45,54,56,47,46;47,55,54,57,49,48;49,56,54,52,51,50
ipr58_369 58 1,2,3,4,5,6;0,6,7,8,9,2;0,1,9,10,3;0,2,10,11,12,4;0,3,12,13,5;0,4,13,14,15,6;0,5,15,16,7,1;1,6,16,17,18,8;1,7,18,19,20,9;1,8,20,21,10,2;2,9,21,22,11,3;3,10,22,23,24,12;3,11,24,25,13,4;4,12,25,26,14,5;5,13,26,27,28,15;5,14,28,16,6;6,15,28,29,17,7;7,16,29,30,31,18;7,17,31,32,19,8;8,18,32,33,34,20;8,19,34,21,9;9,20,34,35,22,10;10,21,35,36,23,11;11,22,36,37,38,24;11,23,38,25,12;12,24,38,39,26,13;13,25,39,40,27,14;14,26,40,41,42,28;14,27,42,29,16,15;16,28,42,43,30,17;17,29,43,44,45,31;17,30,45,32,18;18,31,45,46,33,19;19,32,46,47,48,34;19,33,48,35,21,20;21,34,48,49,36,22;22,35,49,50,37,23;23,36,50,51,52,38;23,37,52,39,25,24;25,38,52,40,26;26,39,52,53,41,27;27,40,53,54,43,42;27,41,43,29,28;29,42,41,54,44,30;30,43,54,55,56,45;30,44,56,46,32,31;32,45,56,47,33;33,46,56,57,49,48;33,47,49,35,34;35,48,47,57,50,36;36,49,57,51,37;37,50,57,55,53,52;37,51,53,40,39,38;40,52,51,55,54,41;41,53,55,44,43;44,54,53,51,57,56;44,55,57,47,46,45;47,56,55,51,50,49
