torus0 16 1,5,4,3,12;0,12,13,2,6,5;1,13,14,3,7,6;0,4,7,2,14,15,12;0,5,9,8,7,3;0,1,6,10,9,4;1,2,7,11,10,5;2,3,4,8,11,6;4,9,13,12,11,7;4,5,10,14,13,8;5,6,11,15,14,9;6,7,8,12,15,10;0,3,15,11,8,13,1;1,12,8,9,14,2;2,13,9,10,15,3;3,14,10,11,12
torus1 16 1,5,9,4,3,15,11,12;0,12,13,2,6,5;1,13,14,3,7,6;0,4,7,2,14,15;0,9,8,7,3;0,1,6,10,14,9;1,2,7,11,10,5;2,3,4,8,11,6;4,9,13,12,11,7;0,5,14,13,8,4;5,6,11,15,14;0,15,10,6,7,8,12;0,11,8,13,1;1,12,8,9,14,2;2,13,9,5,10,15,3;0,3,14,10,11
torus2 16 1,5,4,3,15,12;0,12,13,2,6,10,5;1,13,14,3,6;0,4,7,6,2,14,15;0,5,9,8,7,3;0,1,10,14,9,4;1,2,3,7,11,10;3,4,8,11,6;4,9,13,12,11,7;4,5,14,13,8;1,6,11,15,14,5;6,7,8,12,15,10;0,15,11,8,13,1;1,12,8,9,14,2;2,13,9,5,10,15,3;0,3,14,10,11,12
torus3 16 1,5,4,3,15,12;0,12,13,2,6,5;1,13,14,3,6;0,4,7,6,2,14,15;0,5,9,8,7,3;0,1,6,10,9,4;1,2,3,7,11,10,5;3,4,8,11,6;4,9,14,13,11,7;4,5,10,14,8;5,6,11,15,14,9;6,7,8,13,12,15,10;0,15,11,13,1;1,12,11,8,14,2;2,13,8,9,10,15,3;0,3,14,10,11,12
torus4 16 1,5,4,3,12;0,12,13,2,6,5;1,13,14,3,7,6;0,4,7,2,14,15,12;0,5,8,7,3;0,1,6,10,9,8,4;1,2,7,11,15,10,5;2,3,4,8,11,6;4,5,9,13,12,11,7;5,10,14,13,8;5,6,15,14,9;6,7,8,12,15;0,3,15,11,8,13,1;1,12,8,9,14,2;2,13,9,10,15,3;3,14,10,6,11,12
torus5 16 3,4,5,12,15;2,13,12,5,6;1,6,7,3,14,13;0,15,14,2,7,4;0,3,7,8,9,10,5;0,4,10,6,1,12;1,5,10,15,11,7,2;2,6,11,8,4,3;4,7,11,12,13,9;4,8,13,14,10;4,9,14,15,6,5;6,15,12,8,7;0,5,1,13,8,11,15;1,2,14,9,8,12;2,3,15,10,9,13;0,12,11,6,10,14,3
torus6 16 1,6,5,4,3,15,12;0,12,13,2,6;1,13,14,3,7,6;0,4,7,2,14,15;0,5,9,8,7,3;0,6,10,9,4;0,1,2,7,11,10,5;2,3,4,8,11,6;4,9,14,13,12,11,7;4,5,10,14,8;5,6,11,12,15,14,9;6,7,8,12,10;0,15,10,11,8,13,1;1,12,8,14,2;2,13,8,9,10,15,3;0,3,14,10,12
torus7 16 1,4,3,15,12;0,12,2,6,5,4;1,12,13,14,3,7,6;0,4,7,2,14,15;0,1,5,9,8,7,3;1,6,10,9,4;1,2,7,8,11,10,5;2,3,4,8,6;4,9,13,12,11,6,7;4,5,10,14,13,8;5,6,11,15,14,9;6,8,12,15,10;0,15,11,8,13,2,1;2,12,8,9,14;2,13,9,10,15,3;0,3,14,10,11,12
torus8 16 1,5,9,4,3,15,12;0,12,13,14,2,6,5;1,14,3,7,11,6;0,4,7,2,14,15;0,9,8,7,3;0,1,6,10,9;1,2,11,10,5;2,3,4,8,11;4,9,13,12,11,7;0,5,10,14,13,8,4;5,6,11,15,14,9;2,7,8,12,15,10,6;0,15,11,8,13,1;1,12,8,9,14;1,13,9,10,15,3,2;0,3,14,10,11,12
torus9 16 1,5,4,3,15,12;0,12,13,2,6,5;1,13,14,3,7,6;0,4,7,2,14,15;0,5,9,8,7,3;0,1,6,10,9,4;1,2,7,11,10,5;2,3,4,8,11,6;4,9,13,12,15,11,7;4,5,10,13,8;5,6,11,14,13,9;6,7,8,15,14,10;0,15,8,13,1;1,12,8,9,10,14,2;2,13,10,11,15,3;0,3,14,11,8,12
torus10 16 1,5,4,15,12;0,12,13,14,2,6,5;1,14,3,7,6;2,14,15,4,7;0,5,9,8,7,3,15;0,1,6,10,9,4;1,2,7,11,10,5;2,3,4,8,11,6;4,9,13,12,11,7;4,5,10,14,13,8;5,6,11,14,9;6,7,8,12,15,14,10;0,15,11,8,13,1;1,12,8,9,14;1,13,9,10,11,15,3,2;0,4,3,14,11,12
torus11 16 1,5,4,15,12,13;0,13,2,6,10,5;1,13,14,3,7,6;2,14,10,15,4,7;0,5,8,7,3,15;0,1,10,9,8,4;1,2,7,11,10;2,3,4,8,12,11,6;4,5,9,13,12,7;5,10,14,13,8;1,6,11,15,3,14,9,5;6,7,12,15,10;0,15,11,7,8,13;0,12,8,9,14,2,1;2,13,9,10,3;0,4,3,10,11,12
torus12 16 1,5,4,3,15,12;0,12,13,2,6,5;1,13,14,3,7,6;0,4,7,2,14,10,15;0,5,8,11,7,3;0,1,6,10,9,8,4;1,2,7,11,10,5;2,3,4,11,6;4,5,9,13,11;5,10,14,13,8;3,14,9,5,6,11,15;4,8,13,12,15,10,6,7;0,15,11,13,1;1,12,11,8,9,14,2;2,13,9,10,3;0,3,10,11,12
torus13 16 1,5,4,3,15,11,12;0,12,13,6,5;3,7,11,6,13,14;0,4,7,2,14,15;0,5,9,7,3;0,1,6,10,9,4;1,13,2,11,10,5;2,3,4,9,8,11;7,9,13,12,11;4,5,10,14,13,8,7;5,6,11,15,14,9;0,15,10,6,2,7,8,12;0,11,8,13,1;1,12,8,9,14,2,6;2,13,9,10,15,3;0,3,14,10,11
torus14 16 1,5,4,7,3,12;0,12,13,2,6,5;1,13,14,3,7,11,6;0,7,2,14,10,15,12;0,5,8,11,7;0,1,6,9,8,4;1,2,11,10,9,5;0,4,11,2,3;4,5,9,14,13,15,11;5,6,10,14,8;3,14,9,6,11,15;2,7,4,8,15,10,6;0,3,15,13,1;1,12,15,8,14,2;2,13,8,9,10,3;3,10,11,8,13,12
torus15 16 1,5,4,3,15,12;0,12,13,2,7,6,10,5;1,13,14,3,7;0,4,7,2,14,15;0,5,9,8,7,3;0,1,10,9,4;1,7,8,11,10;1,2,3,4,8,6;4,9,12,11,6,7;4,5,10,14,13,12,8;1,6,11,15,14,9,5;6,8,12,15,10;0,15,11,8,9,13,1;1,12,9,14,2;2,13,9,10,15,3;0,3,14,10,11,12
torus16 16 3,4,5,12,15;2,12,5,6,7;1,7,4,3,13,12;0,15,14,13,2,4;0,3,2,7,8,9,5;0,4,9,10,6,1,12;1,5,10,15,11,7;1,6,11,8,4,2;4,7,11,13,14,9;4,8,14,10,5;5,9,14,15,6;6,15,12,13,8,7;0,5,1,2,13,11,15;2,3,14,8,11,12;3,15,10,9,8,13;0,12,11,6,10,14,3
torus17 16 1,5,4,3,15;0,15,12,13,2,6,5;1,13,9,14,3,4,7,6;0,4,2,14,11,15;0,5,8,7,2,3;0,1,6,10,14,9,8,4;1,2,7,10,5;2,4,8,11,10,6;4,5,9,13,12,11,7;2,13,8,5,14;5,6,7,11,14;3,14,10,7,8,12,15;1,15,11,8,13;1,12,8,9,2;2,9,5,10,11,3;0,3,11,12,1
torus18 16 1,5,4,7,3,15,12;0,12,2,6,5;1,12,13,3,7,6;0,7,2,13,14,15;0,5,9,8,11,7;0,1,6,10,9,4;1,2,7,10,5;0,4,11,10,6,2,3;4,9,13,12,15,11;4,5,10,14,13,8;5,6,7,11,15,14,9;4,8,15,10,7;0,15,8,13,2,1;2,12,8,9,14,3;3,13,9,10,15;0,3,14,10,11,8,12
torus19 16 1,5,4,7,3,12;0,12,13,2,6,5;1,13,14,3,6;0,7,6,2,14,15,12;0,5,9,8,7;0,1,6,10,14,9,4;1,2,3,7,10,5;0,4,8,11,10,6,3;4,9,13,11,7;4,5,14,13,8;5,6,7,11,15,14;7,8,13,12,15,10;0,3,15,11,13,1;1,12,11,8,9,14,2;2,13,9,5,10,15,3;3,14,10,11,12
torus20 16 1,6,5,4,3,15;0,15,12,13,2,6;1,13,14,3,7,6;0,4,7,2,14,15;0,5,10,9,8,7,3;0,6,11,10,4;0,1,2,7,11,5;2,3,4,8,11,6;4,9,12,11,7;4,10,13,12,8;4,5,11,15,14,13,9;5,6,7,8,12,15,10;1,15,11,8,9,13;1,12,9,10,14,2;2,13,10,15,3;0,3,14,10,11,12,1
torus21 16 1,4,3,15,12;0,12,13,2,5,4;1,13,14,3,7,6,5;0,4,7,2,14,15;0,1,5,9,7,3;1,2,6,10,9,4;2,7,8,11,10,5;2,3,4,9,8,6;6,7,9,14,13,11;4,5,10,14,8,7;5,6,11,15,14,9;6,8,13,12,15,10;0,15,11,13,1;1,12,11,8,14,2;2,13,8,9,10,15,3;0,3,14,10,11,12
torus22 16 1,4,3,15,11,12;0,12,13,2,6,5,4;1,13,14,15,3,7,6;0,4,8,7,2,15;0,1,5,8,3;1,6,10,9,8,4;1,2,7,11,10,5;2,3,8,11,6;3,4,5,9,13,12,11,7;5,10,14,13,8;5,6,11,14,9;0,15,14,10,6,7,8,12;0,11,8,13,1;1,12,8,9,14,2;2,13,9,10,11,15;0,3,2,14,11
torus23 16 3,4,5,13,12;2,13,5,10,11,6;1,6,7,3,15,14,13;0,12,15,2,7,4;0,3,7,8,9,5;0,4,9,10,1,13;1,11,8,7,2;2,6,8,4,3;4,7,6,11,12,13,14,9;4,8,14,15,10,5;1,5,9,15,12,11;1,10,12,8,6;0,13,8,11,10,15,3;0,5,1,2,14,8,12;2,15,9,8,13;2,3,12,10,9,14
torus24 16 4,9,5,12,11,15;2,13,12,10,6;1,6,11,7,3,13;2,7,4,15,13;0,15,3,7,8,9;0,9,14,10,12;1,10,15,11,2;2,11,12,8,4,3;4,7,12,13,9;0,4,8,13,14,5;1,12,5,14,15,6;0,12,7,2,6,15;0,5,10,1,13,8,7,11;1,2,3,15,14,9,8,12;5,9,13,15,10;0,11,6,10,14,13,3,4
torus25 16 1,6,10,5,15;0,15,12,7,8,6;3,7,11,6,13,14;2,14,15,5,7;5,10,9,8,7;0,10,4,7,3,15;0,1,8,13,2,11,10;1,12,11,2,3,5,4,8;1,7,4,9,13,6;4,10,12,15,14,13,8;0,6,11,12,9,4,5;2,7,12,10,6;1,15,9,10,11,7;2,6,8,9,14;2,13,9,15,3;0,5,3,14,9,12,1
torus26 16 1,5,9,4,3,15;0,15,12,2,7,6,5;1,12,13,14,3,7;0,4,7,2,14,15;0,9,8,11,7,3;0,1,6,10,9;1,7,11,10,5;1,2,3,4,11,6;4,9,13,12,15,11;0,5,10,13,8,4;5,6,11,14,13,9;4,8,15,14,10,6,7;1,15,8,13,2;2,12,8,9,10,14;2,13,10,11,15,3;0,3,14,11,8,12,1
torus27 16 1,3,14,15,12;0,12,13,2,6,5,3;1,13,9,14,7,6;0,1,5,4,7,14;3,5,9,13,8,11,7;1,6,10,9,4,3;1,2,7,11,10,5;2,14,3,4,11,6;4,13,12,15,11;2,13,4,5,10,14;5,6,11,15,14,9;4,8,15,10,6,7;0,15,8,13,1;1,12,8,4,9,2;0,3,7,2,9,10,15;0,14,10,11,8,12
torus28 16 1,5,10,4,8,3,2,15;0,15,12,13,5;0,3,7,6,9,14,15;0,8,11,7,2;0,10,14,9,8;0,1,13,6,10;2,7,10,5,13,9;2,3,11,10,6;0,4,9,12,11,3;2,6,13,12,8,4,14;0,5,6,7,11,14,4;3,8,12,15,14,10,7;1,15,11,8,9,13;1,12,9,6,5;2,9,4,10,11,15;0,2,14,11,12,1
torus29 16 1,9,4,3,15,12;0,12,13,2,7,6,5,9;1,13,14,10,15,3,7;0,4,8,7,2,15;0,9,14,8,3;1,6,11,10,14,9;1,7,8,11,5;1,2,3,8,6;3,4,14,13,12,11,6,7;0,1,5,14,4;2,14,5,11,12,15;5,6,8,12,10;0,15,10,11,8,13,1;1,12,8,14,2;2,13,8,4,9,5,10;0,3,2,10,12
torus30 16 2,3,5,12,11,15,14;5,10,15,6,13,12;0,14,9,13,6,7,3;0,2,7,4,10,5;3,7,8,13,9,10;0,3,10,1,12;1,15,7,2,13;2,6,15,11,8,4,3;4,7,11,12,13;2,14,10,4,13;1,5,3,4,9,14,15;0,12,8,7,15;0,5,1,13,8,11;1,6,2,9,4,8,12;0,15,10,9,2;0,11,7,6,1,10,14
torus31 16 1,4,3,12,13;0,13,2,6,5,4;1,13,14,15,3,6;0,4,7,6,2,15,12;0,1,5,9,8,7,3;1,6,10,9,4;1,2,3,7,11,10,5;3,4,8,11,6;4,9,12,15,11,7;4,5,10,14,13,12,8;5,6,11,14,9;6,7,8,15,14,10;0,3,15,8,9,13;0,12,9,14,2,1;2,13,9,10,11,15;2,14,11,8,12,3
torus32 16 4,5,13,12,15;2,13,5,6,7;1,7,3,14,13;2,7,11,10,9,14;0,15,10,11,8,5;0,4,8,9,6,1,13;1,5,9,15,12,7;1,6,12,11,3,2;4,11,12,14,9,5;3,10,15,6,5,8,14;3,11,4,15,9;3,7,12,8,4,10;0,13,14,8,11,7,6,15;0,5,1,2,14,12;2,3,9,8,12,13;0,12,6,9,10,4
torus33 16 1,5,4,3,15,12;0,12,13,2,5;1,13,14,3,7,10,5;0,4,7,2,14,15;0,5,9,8,11,7,3;0,1,2,10,9,4;7,11,12,15,10;2,3,4,11,6,10;4,9,14,13,11;4,5,10,15,14,8;2,7,6,15,9,5;4,8,13,12,6,7;0,15,6,11,13,1;1,12,11,8,14,2;2,13,8,9,15,3;0,3,14,9,10,6,12
torus34 16 1,5,4,15,11,12;0,12,8,13,14,5;3,7,6,5,14;2,14,15,8,7;0,5,9,8,15;0,1,14,2,6,9,4;2,7,10,13,9,5;2,3,8,12,11,10,6;1,12,7,3,15,4,9,13;4,5,6,13,8;6,7,11,14,13;0,15,14,10,7,12;0,11,7,8,1;1,8,9,6,10,14;1,13,10,11,15,3,2,5;0,4,8,3,14,11
torus35 16 1,5,4,3,15,12;0,12,8,13,2,6,5;1,13,14,15,7,11,6;0,4,8,7,15;0,5,9,8,3;0,1,6,10,14,9,4;1,2,11,10,5;2,15,3,8,11;1,12,11,7,3,4,9,13;4,5,14,13,8;5,6,11,12,15,14;2,7,8,12,10,6;0,15,10,11,8,1;1,8,9,14,2;2,13,9,5,10,15;0,3,7,2,14,10,12
torus36 16 1,4,3,12,13;0,13,2,5,4;1,13,14,7,8,11,5;0,4,7,14,15,12;0,1,5,6,10,9,8,7,3;1,2,11,6,4;4,5,11,15,14,10;2,14,3,4,8;2,7,4,9,12,11;4,10,13,12,8;4,6,14,13,9;2,8,12,15,6,5;0,3,15,11,8,9,13;0,12,9,10,14,2,1;2,13,10,6,15,3,7;3,14,6,11,12
torus37 16 3,5,6,12,15;6,13,9,8,12;3,14,13,6,7;0,15,14,2,7,4,8,5;3,7,11,12,8;0,3,8,10,6;0,5,10,7,2,13,1,12;2,6,10,11,4,3;1,9,10,5,3,4,12;1,13,14,10,8;5,8,9,14,11,7,6;4,7,10,14,15,12;0,6,1,8,4,11,15;1,6,2,14,9;2,3,15,11,10,9,13;0,12,11,14,3
torus38 16 1,4,15,11,12;0,12,8,13,2,6,4;1,13,3,7,11,10,6;2,13,14,15,4,5,7;0,1,6,5,3,15;3,4,6,9,7;1,2,10,9,5,4;2,3,5,9,8,12,11;1,12,7,9,13;5,6,10,14,13,8,7;2,11,15,14,9,6;0,15,10,2,7,12;0,11,7,8,1;1,8,9,14,3,2;3,13,9,10,15;0,4,3,14,10,11
torus39 16 1,6,5,4,3,14,15,12;0,12,13,2,6;1,13,4,7,6;0,4,13,9,14;0,5,8,7,2,13,3;0,6,10,8,4;0,1,2,7,11,10,5;2,4,8,12,15,11,6;4,5,10,12,7;3,13,10,11,14;5,6,11,9,13,12,8;6,7,15,14,9,10;0,15,7,8,10,13,1;1,12,10,9,3,4,2;0,3,9,11,15;0,14,11,7,12
torus40 16 3,7,4,10,5,12;2,13,9,8,12,5,6;1,6,7,3,14,13;0,12,14,2,7;0,7,9,15,10;0,10,6,1,12;1,5,10,11,7,2;0,3,2,6,11,9,4;1,9,11,14,12;1,13,15,4,7,11,8;0,4,15,14,11,6,5;6,10,14,8,9,7;0,5,1,8,14,3;1,2,14,15,9;2,3,12,8,11,10,15,13;4,9,13,14,10
torus41 16 1,5,15,11,12;0,12,13,2,6,10,5;1,13,3,7,6;2,13,15,5,4,7;3,5,10,9,7;0,1,10,4,3,15;1,2,7,8,11,14,10;2,3,4,9,8,6;6,7,9,13,12,11;4,10,14,15,13,8,7;1,6,14,9,4,5;0,15,14,6,8,12;0,11,8,13,1;1,12,8,9,15,3,2;6,11,15,9,10;0,5,3,13,9,14,11
torus42 16 1,5,3,15,12;0,12,8,13,5;3,7,6,13,9,14,15;0,5,4,8,7,2,15;3,5,14,9,8;0,1,13,6,10,14,4,3;2,7,10,5,13;2,3,8,11,10,6;1,12,11,7,3,4,9,13;2,13,8,4,14;5,6,7,11,14;7,8,12,15,14,10;0,15,11,8,1;1,8,9,2,6,5;2,9,4,5,10,11,15;0,3,2,14,11,12
torus43 16 1,4,3,10,15,12;0,12,14,2,6,5,4;1,14,3,7,6;0,4,7,2,14,10;0,1,5,9,7,3;1,6,10,9,4;1,2,7,11,15,10,5;2,3,4,9,8,11,6;7,9,13,12,11;4,5,10,13,8,7;0,3,14,13,9,5,6,15;6,7,8,12,15;0,15,11,8,13,14,1;8,9,10,14,12;1,12,13,10,3,2;0,10,6,11,12
torus44 16 1,5,3,12,13;0,13,2,6,5;1,13,14,15,7,11,6;0,5,4,7,15,10,12;3,5,9,13,8,11,7;0,1,6,9,4,3;1,2,11,8,10,9,5;2,15,3,4,11;4,13,12,10,6,11;4,5,6,10,14,13;3,15,14,9,6,8,12;2,7,4,8,6;0,3,10,8,13;0,12,8,4,9,14,2,1;2,13,9,10,15;2,14,10,3,7
torus45 16 1,4,7,3,15;0,15,12,13,2,6,5,4;1,13,14,3,7,6;0,7,2,14,15;0,1,5,14,9,7;1,6,10,14,4;1,2,7,11,10,5;0,4,9,8,11,6,2,3;7,9,12,15,11;4,14,13,12,8,7;5,6,11,15,14;6,7,8,15,10;1,15,8,9,13;1,12,9,14,2;2,13,9,4,5,10,15,3;0,3,14,10,11,8,12,1
torus46 16 3,5,9,10,6,7,12;2,14,13,8,11;1,11,12,7,14;0,12,15,13,14,5;5,14,7,6,11,8,9;0,3,14,4,9;0,10,11,4,7;0,6,4,14,2,12;1,13,9,4,11;0,5,4,8,13,15,10;0,9,15,11,6;1,8,4,6,10,15,12,2;0,7,2,11,15,3;1,14,3,15,9,8;1,2,7,4,5,3,13;3,12,11,10,9,13
torus47 16 3,4,5,11,15,13;2,13,12,5,4,10,6;1,6,7,3,13;0,13,2,7,4;0,3,7,9,10,1,5;0,4,1,12,11;1,10,15,11,7,2;2,6,11,12,8,9,4,3;7,12,13,14,9;4,7,8,14,10;1,4,9,14,15,6;0,5,12,7,6,15;1,13,8,7,11,5;0,15,14,8,12,1,2,3;8,13,15,10,9;0,11,6,10,14,13
torus48 16 3,5,10,6,13,8,12;6,7,15,14,9,13;3,15,7,8,4;0,12,14,15,2,4,5;2,8,9,5,3;0,3,4,9,10;0,10,11,7,1,13;1,6,11,12,8,2,15;0,13,9,4,2,7,12;1,14,11,10,5,4,8,13;0,5,9,11,6;6,10,9,14,12,7;0,8,7,11,14,3;0,6,1,9,8;1,15,3,12,11,9;1,7,2,3,14
torus49 16 1,7,6,5,3,12;0,12,9,13,2,7;1,13,14,15,7;0,5,15,10,11,12;5,9,8,7,15;0,6,13,9,4,15,3;0,7,8,11,10,14,13,5;0,1,2,15,4,8,6;4,9,11,6,7;1,12,11,8,4,5,13;3,15,14,6,11;3,10,6,8,9,12;0,3,11,9,1;1,9,5,6,14,2;2,13,6,10,15;2,14,10,3,5,4,7
torus50 16 4,5,12,15,9;2,3,9,13,7,12,6;1,6,11,14,3;1,2,14,4,9;0,9,3,14,7,8,5;0,4,8,10,6,12;1,12,5,10,11,2;1,13,8,4,14,11,15,12;4,7,13,10,5;0,15,11,10,13,1,3,4;5,8,13,9,11,6;2,6,10,9,15,7,14;0,5,6,1,7,15;1,9,10,8,7;2,11,7,4,3;0,12,7,11,9
torus51 16 3,4,9,10,5,13;3,13,8,11,12;5,6,14,8,13;0,13,1,12,14,6,7,4;0,3,7,8,9;0,10,6,2,13;2,5,10,11,7,3,14;3,6,11,8,4;1,13,2,14,9,4,7,11;0,4,8,14,15,10;0,9,15,11,6,5;1,8,7,6,10,15,12;1,11,15,14,3;0,5,2,8,1,3;2,6,3,12,15,9,8;9,14,12,11,10
torus52 16 1,4,3,15,12;0,12,13,2,6,4;1,13,3,7,6;0,4,8,7,2,13,14,15;0,1,6,5,9,8,3;4,6,10,12,9;1,2,7,11,14,10,5,4;2,3,8,11,6;3,4,9,11,7;4,5,12,15,14,11,8;5,6,14,13,12;6,7,8,9,14;0,15,9,5,10,13,1;1,12,10,14,3,2;3,13,10,6,11,9,15;0,3,14,9,12
torus53 16 1,2,12,5,10;0,10,11,7,2;0,1,7,3,15,14,13,12;2,7,9,4,6,10,15;3,9,5,12,6;0,12,4,9,14,15,10;3,4,12,11,10;1,11,8,9,3,2;7,11,12,13,9;3,7,8,13,14,5,4;0,5,15,3,6,11,1;1,10,6,12,8,7;0,2,13,8,11,6,4,5;2,14,9,8,12;2,15,5,9,13;2,3,10,5,14
torus54 16 1,4,3,14,15,12,13;0,13,6,5,4;3,7,13,12,9,14;0,4,7,2,14;0,1,5,9,8,11,7,3;1,6,10,9,4;1,13,7,10,5;2,3,4,11,10,6,13;4,9,12,15,11;2,12,8,4,5,10,14;5,6,7,11,14,9;4,8,15,14,10,7;0,15,8,9,2,13;0,12,2,7,6,1;0,3,2,9,10,11,15;0,14,11,8,12
torus55 16 4,9,13,10,11,6,5,15,12;2,13,8,15,5;1,5,6,7,3,14,10,13;2,7,4,12,14;0,12,3,7,9;0,6,2,1,15;0,11,8,7,2,5;2,6,8,9,4,3;1,13,9,7,6,11,14,15;0,4,7,8,13;0,13,2,14,11;0,10,14,8,6;0,15,14,3,4;0,9,8,1,2,10;2,3,12,15,8,11,10;0,5,1,8,14,12
torus56 16 5,9,15,6,11;2,6,15,8,12,13,14,10;1,10,4,7,6;4,10,14,11,8,15,9;2,10,3,9,7;0,11,14,13,9;0,15,1,2,7,11;2,4,9,12,8,11,6;1,15,3,11,7,12;0,5,13,12,7,4,3,15;1,14,3,4,2;0,6,7,8,3,14,5;1,8,7,9,13;1,12,9,5,14;1,13,5,11,3,10;0,9,3,8,1,6
torus57 16 1,5,10,4,15;0,15,12,13,2,7,5;1,13,4,9,7;4,8,14,12,15;0,10,9,2,13,8,3,15;0,1,7,6,10;5,7,11,12,10;1,2,9,14,8,11,6,5;3,4,13,11,7,14;2,4,10,12,14,7;0,5,6,12,9,4;6,7,8,13,12;1,15,3,14,9,10,6,11,13;1,12,11,8,4,2;3,8,7,9,12;0,4,3,12,1
torus58 16 3,4,9,8,7;2,3,6,5,13;1,13,10,15,4,3;0,7,11,6,1,2,4;0,3,2,15,12,5,9;1,6,9,4,12,13;1,3,11,10,9,5;0,8,12,11,3;0,9,14,12,7;0,4,5,6,10,14,8;2,13,14,9,6,11,15;3,7,12,15,10,6;4,15,11,7,8,14,13,5;1,5,12,14,10,2;8,9,10,13,12;2,10,11,12,4
torus59 16 3,4,11,7,10,5,13,12;2,10,8,12,13,6,11;1,11,4,14,9,10;0,12,8,14,4;0,3,14,2,11;0,10,9,15,6,13;1,13,5,15,7,11;0,11,6,15,14,8,10;1,10,7,14,3,12;2,14,15,5,10;0,7,8,1,2,9,5;0,4,2,1,6,7;0,13,1,8,3;0,5,6,1,12;2,4,3,8,7,15,9;5,9,14,7,6
torus60 16 3,4,13,8,15;2,5,10,14,4,3;1,3,12,9,6,7,5;0,15,11,12,2,1,4;0,3,1,14,6,9,13;1,2,7,8,13,10;2,9,4,14,11,15,7;2,6,15,8,5;0,13,5,7,15;2,12,13,4,6;1,5,13,11,14;3,15,6,14,10,13,12;2,3,11,13,9;0,4,9,12,11,10,5,8;1,10,11,6,4;0,8,7,6,11,3
torus61 16 3,5,12,6,14;2,13,12,5,7,11,4;1,4,3,14,13;0,14,2,4,9,15,5;1,11,9,3,2;0,3,15,10,7,1,12;0,12,8,11,7,10,14;1,5,10,6,11;6,12,13,9,11;3,4,11,8,13,15;5,15,13,14,6,7;1,7,6,8,9,4;0,5,1,13,8,6;1,2,14,10,15,9,8,12;0,6,10,13,2,3;3,9,13,10,5
torus62 16 4,12,5,15,14;2,7,6,12,8,15,13;1,13,4,9,7;4,13,15,10,11,12;0,14,9,2,13,3,12;0,12,6,10,15;1,7,10,5,12;1,2,9,10,6;1,12,11,9,14,15;2,4,14,8,11,10,7;3,15,5,6,7,9,11;3,10,9,8,12;0,4,3,11,8,1,6,5;1,15,3,4,2;0,15,8,9,4;0,5,10,3,13,1,8,14
torus63 16 3,4,8,5,15,14;3,13,12,5,6;3,10,15,7,4;0,14,13,1,6,10,2,4;0,3,2,7,8;0,8,6,1,12,15;1,5,8,10,3;2,15,11,8,4;0,4,7,11,13,9,10,6,5;8,13,14,15,10;2,3,6,8,9,15;7,15,12,13,8;1,13,11,15,5;1,3,14,9,8,11,12;0,15,9,13,3;0,5,12,11,7,2,10,9,14
torus64 16 1,4,3,10,15,6;0,6,7,5,4;4,9,6,13,11,12;0,4,12,8,10;0,1,5,14,9,2,12,3;1,7,11,13,15,10,14,4;0,15,13,2,9,8,7,1;1,6,8,11,5;3,12,11,7,6,9,14,10;2,4,14,8,6;0,3,8,14,5,15;2,13,5,7,8,12;2,11,8,3,4;2,6,15,5,11;4,5,10,8,9;0,10,5,13,6
torus65 16 3,7,4,5,8,15,13;2,14,9,4,7,12,15,8;1,8,11,3,14;0,13,14,2,11,7;0,7,1,9,6,5;0,4,6,11,8;4,9,13,10,11,5;0,3,11,12,1,4;0,5,11,2,1,15;1,14,13,6,4;6,13,15,12,11;2,8,5,6,10,12,7,3;1,7,11,10,15;0,15,10,6,9,14,3;1,2,3,13,9;0,8,1,12,10,13
torus66 16 2,3,8,10,5,7;6,11,10,8,13;0,7,12,4,3;0,2,4,15,8;2,12,6,14,5,10,9,15,3;0,10,4,14,7;1,13,14,4,12,11;0,5,14,13,9,11,12,2;0,3,15,13,1,10;4,10,11,7,13,15;0,8,1,11,9,4,5;1,6,12,7,9,10;2,7,11,6,4;1,8,15,9,7,14,6;4,6,13,7,5;3,4,9,13,8
torus67 16 1,6,5,11,12;0,12,10,13,8,2,6;1,8,14,15,3,6;2,15,4,7,10,9,5,6;3,15,12,11,7;0,6,3,9,11;0,1,2,3,5;3,4,11,13,10;1,13,11,9,14,2;3,10,14,8,11,5;1,12,14,9,3,7,13;0,5,9,8,13,7,4,12;0,11,4,15,14,10,1;1,10,7,11,8;2,8,9,10,12,15;2,14,12,4,3
torus68 16 3,5,10,12,14;2,12,10,7,13,9;1,9,8,5,3,11,12;0,14,13,7,4,6,11,2,5;3,7,8,9,6;0,3,2,8,10;3,4,9,15,11;1,10,8,4,3,13;2,9,4,7,10,5;1,13,14,15,6,4,8,2;0,5,8,7,1,12;2,3,6,15,12;0,10,1,2,11,15,14;1,7,3,14,9;0,12,15,9,13,3;6,9,14,12,11
torus69 16 4,9,5,11,13;2,11,10,6,7;1,7,8,15,11;5,14,12,15,6,10;0,13,7,6,15,9;0,9,8,14,3,10,11;1,10,3,15,4,7;1,6,4,13,12,14,8,2;2,7,14,5,9,15;0,4,15,8,5;1,11,5,3,6;0,5,10,1,2,15,12,13;3,14,7,13,11,15;0,11,12,7,4;3,5,8,7,12;2,8,9,4,6,3,12,11
torus70 20 1,6,5,4,19,15;0,15,2,7,6;1,15,16,17,3,8,7;2,17,18,4,9,8;0,5,9,3,18,19;0,6,11,10,9,4;0,1,7,12,11,5;1,2,8,13,12,6;2,3,9,14,13,7;3,4,5,10,14,8;5,11,16,15,14,9;5,6,12,17,16,10;6,7,13,18,17,11;7,8,14,19,18,12;8,9,10,15,19,13;0,19,14,10,16,2,1;2,15,10,11,17;2,16,11,12,18,3;3,17,12,13,19,4;0,4,18,13,14,15
torus71 20 1,6,5,4,19,15;0,15,16,2,8,7,6;1,16,17,3,8;2,17,18,4,9,8;0,5,10,9,3,18,19;0,6,11,10,4;0,1,7,12,11,5;1,8,13,18,12,6;1,2,3,9,14,13,7;3,4,10,14,8;4,5,11,16,15,14,9;5,6,12,17,16,10;6,7,18,17,11;7,8,14,19,18;8,9,10,15,19,13;0,19,14,10,16,1;1,15,10,11,17,2;2,16,11,12,18,3;3,17,12,7,13,19,4;0,4,18,13,14,15
torus72 20 1,6,5,4,19,15,16;0,16,2,7,6;1,16,17,3,8,7;2,17,18,4,9,8;0,5,9,3,18,19;0,6,11,10,9,4;0,1,7,12,11,5;1,2,8,13,12,6;2,3,9,14,13,7;3,4,5,10,14,8;5,11,16,15,14,9;5,6,12,17,16,10;6,7,13,17,11;7,8,14,18,17,12;8,9,10,15,19,18,13;0,19,14,10,16;0,15,10,11,17,2,1;2,16,11,12,13,18,3;3,17,13,14,19,4;0,4,18,14,15
torus73 20 1,6,5,4,19,14,15;0,15,16,2,7,6;1,16,11,17,3,8,7;2,17,18,4,9,8;0,5,9,3,18,19;0,6,11,16,10,9,4;0,1,7,12,11,5;1,2,8,13,12,6;2,3,9,14,13,7;3,4,5,10,14,8;5,16,15,14,9;2,16,5,6,12,17;6,7,13,18,17,11;7,8,14,19,18,12;0,19,13,8,9,10,15;0,14,10,16,1;1,15,10,5,11,2;2,11,12,18,3;3,17,12,13,19,4;0,4,18,13,14
torus74 20 1,6,5,4,19,15;0,15,16,2,7,6;1,16,17,3,8,7;2,17,18,4,5,8;0,5,3,18,19;0,6,11,9,8,3,4;0,1,7,12,11,5;1,2,8,13,12,6;2,3,5,9,14,13,7;5,11,10,14,8;9,11,16,15,14;5,6,12,17,16,10,9;6,7,13,18,17,11;7,8,14,19,18,12;8,9,10,15,19,13;0,19,14,10,16,1;1,15,10,11,17,2;2,16,11,12,18,3;3,17,12,13,19,4;0,4,18,13,14,15
torus75 20 1,6,5,4,18,19,15;0,15,16,2,7,6;1,16,17,3,8,7;2,17,18,4,9,8;0,5,9,3,18;0,6,11,10,14,9,4;0,1,7,11,5;1,2,8,13,12,11,6;2,3,9,14,13,7;3,4,5,14,8;5,11,16,15,14;5,6,7,12,17,16,10;7,13,18,17,11;7,8,14,19,18,12;5,10,15,19,13,8,9;0,19,14,10,16,1;1,15,10,11,17,2;2,16,11,12,18,3;0,4,3,17,12,13,19;0,18,13,14,15
torus76 20 1,6,5,4,19;0,19,15,16,2,7,6;1,16,17,3,7;2,17,18,4,9,8,7;0,5,9,3,18,19;0,6,11,10,9,4;0,1,7,12,11,5;1,2,3,8,13,12,6;3,9,14,13,7;3,4,5,10,14,8;5,11,16,15,14,9;5,6,12,17,16,10;6,7,13,18,17,11;7,8,14,18,12;8,9,10,15,19,18,13;1,19,14,10,16;1,15,10,11,17,2;2,16,11,12,18,3;3,17,12,13,14,19,4;0,4,18,14,15,1
torus77 20 1,6,5,4,19,15;0,15,16,2,7,6;1,16,17,3,8,7;2,17,18,4,9,8;0,5,9,3,18,19;0,6,11,9,4;0,1,7,12,11,5;1,2,8,13,18,12,6;2,3,9,10,14,13,7;3,4,5,11,10,8;8,9,11,16,15,14;5,6,12,17,16,10,9;6,7,18,17,11;7,8,14,19,18;8,10,15,19,13;0,19,14,10,16,1;1,15,10,11,17,2;2,16,11,12,18,3;3,17,12,7,13,19,4;0,4,18,13,14,15
torus78 20 1,6,5,19,15;0,15,16,2,7,6;1,16,3,8,7;2,16,17,18,4,9,8;3,18,19,5,10,9;0,6,11,10,4,19;0,1,7,12,11,5;1,2,8,13,12,6;2,3,9,14,13,7;3,4,10,14,8;4,5,11,16,15,14,9;5,6,12,17,16,10;6,7,13,18,17,11;7,8,14,19,18,12;8,9,10,15,19,13;0,19,14,10,16,1;1,15,10,11,17,3,2;3,16,11,12,18;3,17,12,13,19,4;0,5,4,18,13,14,15
torus79 20 1,6,5,9,4,19,15;0,15,16,2,7,6;1,16,17,3,8,7;2,17,18,4,9,8;0,9,3,18,19;0,6,11,10,9;0,1,7,12,11,5;1,2,8,13,18,12,6;2,3,9,14,13,7;0,5,10,14,8,3,4;5,11,15,14,9;5,6,12,17,16,15,10;6,7,18,17,11;7,8,14,19,18;8,9,10,15,19,13;0,19,14,10,11,16,1;1,15,11,17,2;2,16,11,12,18,3;3,17,12,7,13,19,4;0,4,18,13,14,15
torus80 20 1,6,5,4,19,15;0,15,16,2,7,6;1,16,17,3,8,13,7;2,17,18,4,9,8;0,5,9,3,18,13,19;0,6,11,10,9,4;0,1,7,12,17,11,5;1,2,13,12,6;2,3,9,14,13;3,4,5,10,14,8;5,11,16,15,14,9;5,6,17,16,10;6,7,13,18,17;2,8,14,19,4,18,12,7;8,9,10,15,19,13;0,19,14,10,16,1;1,15,10,11,17,2;2,16,11,6,12,18,3;3,17,12,13,4;0,4,13,14,15
torus81 20 1,5,4,19,15;0,15,16,7,6,5;3,8,7,16,17;2,17,12,18,4,9,8;0,5,9,3,18,19;0,1,6,11,10,9,4;1,7,12,11,5;1,16,2,8,13,12,6;2,3,9,14,13,7;3,4,5,10,14,8;5,11,16,15,14,9;5,6,12,17,16,10;3,17,11,6,7,13,18;7,8,14,19,18,12;8,9,10,15,19,13;0,19,14,10,16,1;1,15,10,11,17,2,7;2,16,11,12,3;3,12,13,19,4;0,4,18,13,14,15
torus82 20 4,6,15,19,18;2,16,10,15,6,12,7;1,7,3,17,16;2,7,8,9,4,18,17;0,18,3,9,5,6;4,9,10,11,6;0,4,5,11,12,1,15;1,12,13,8,3,2;3,7,13,14,9;3,8,14,10,5,4;1,16,11,5,9,14,15;5,10,16,17,12,6;1,6,11,17,18,13,7;7,12,18,19,14,8;8,13,19,15,10,9;0,6,1,10,14,19;1,2,17,11,10;2,3,18,12,11,16;0,19,13,12,17,3,4;0,15,14,13,18
torus83 20 1,6,4,18,19,15;0,15,10,2,7,12,6;1,10,16,17,3,8,7;2,17,12,18,4,9,8;0,6,5,9,3,18;4,6,11,16,9;0,1,12,11,5,4;1,2,8,13,12;2,3,9,13,7;3,4,5,16,14,13,8;1,15,14,16,2;5,6,12,17,16;1,7,13,18,3,17,11,6;7,8,9,14,19,18,12;9,16,10,15,19,13;0,19,14,10,1;2,10,14,9,5,11,17;2,16,11,12,3;0,4,3,12,13,19;0,18,13,14,15
torus84 20 1,6,5,19,15;0,15,16,7,6;3,13,7,16,17,4;2,4,9,8,13;2,17,18,19,5,9,3;0,6,11,16,9,4,19;0,1,7,12,11,5;1,16,2,13,12,6;3,9,10,14,13;3,4,5,16,10,8;8,9,16,15,14;5,6,12,17,16;6,7,13,18,17,11;2,3,8,14,18,12,7;8,10,15,19,18,13;0,19,14,10,16,1;1,15,10,9,5,11,17,2,7;2,16,11,12,18,4;4,17,12,13,14,19;0,5,4,18,14,15
torus85 20 4,5,6,15,19;2,16,14,15,7;1,7,3,17,16;2,7,8,9,18,17;0,19,18,9,5;0,4,9,10,11,6;0,5,11,12,7,15;1,15,6,12,13,8,3,2;3,7,13,19,14,9;3,8,14,10,5,4,18;5,9,14,16,11;5,10,16,12,6;6,11,16,17,18,13,7;7,12,18,19,8;1,16,10,9,8,19,15;0,6,7,1,14,19;1,2,17,12,11,10,14;2,3,18,12,16;3,9,4,19,13,12,17;0,15,14,8,13,18,4
torus86 20 1,6,5,4,19,14,15;0,15,16,7,6;3,9,8,7,16,17;2,17,18,4,9;0,5,9,3,18,19;0,6,12,11,16,10,9,4;0,1,7,12,5;1,16,2,8,13,12,6;2,9,10,15,14,13,7;2,3,4,5,10,8;5,16,15,8,9;5,12,18,17,16;5,6,7,13,18,11;7,8,14,19,18,12;0,19,13,8,15;0,14,8,10,16,1;1,15,10,5,11,17,2,7;2,16,11,18,3;3,17,11,12,13,19,4;0,4,18,13,14
torus87 20 1,6,11,5,4,19,15;0,15,16,17,2,7,6;1,17,3,9,8,7;2,17,18,4,9;0,5,9,3,18,19;0,11,10,9,4;0,1,7,12,11;1,2,8,13,12,6;2,9,14,13,7;2,3,4,5,10,14,8;5,11,16,14,9;0,6,12,18,17,16,10,5;6,7,13,18,11;7,8,14,18,12;8,9,10,16,15,19,18,13;0,19,14,16,1;1,15,14,10,11,17;1,16,11,18,3,2;3,17,11,12,13,14,19,4;0,4,18,14,15
torus88 20 4,5,6,15,19;2,16,15,6,7;1,7,8,3,17,16;2,8,9,5,4,18,17;0,19,18,3,5;0,4,3,9,10,11,12,6;0,5,12,7,1,15;1,6,12,18,13,14,8,2;2,7,14,9,3;3,8,14,10,5;5,9,14,15,16,11;5,10,16,17,12;5,11,17,18,7,6;7,18,19,15,14;7,13,15,10,9,8;0,6,1,16,10,14,13,19;1,2,17,11,10,15;2,3,18,12,11,16;3,4,19,13,7,12,17;0,15,13,18,4
torus89 20 1,2,16,15,19,4,5,6;0,6,7,8,2;0,1,8,3,17,16;2,8,9,4,18,17;0,19,18,3,9,5;0,4,9,10,11,6;0,5,11,12,7,1;1,6,12,13,14,8;1,7,14,9,3,2;3,8,14,10,5,4;5,9,14,15,16,11;5,10,16,17,12,6;6,11,17,18,13,7;7,12,18,19,14;7,13,19,15,10,9,8;0,16,10,14,19;0,2,17,11,10,15;2,3,18,12,11,16;3,4,19,13,12,17;0,15,14,13,18,4
torus90 20 1,6,5,4,18,19,15;0,15,16,2,7,12,6;1,16,17,3,8,7;2,17,18,4,9,8;0,5,9,3,18;0,6,11,10,9,4;0,1,12,11,5;1,2,8,13,12;2,3,9,13,7;3,4,5,10,14,13,8;5,11,15,14,9;5,6,12,17,16,15,10;1,7,13,18,17,11,6;7,8,9,14,19,18,12;9,10,15,19,13;0,19,14,10,11,16,1;1,15,11,17,2;2,16,11,12,18,3;0,4,3,17,12,13,19;0,18,13,14,15
torus91 20 1,6,11,5,4,19,15;0,15,16,2,7,6;1,16,17,3,8,13,7;2,17,4,9,8;0,5,9,3,17,18,19;0,11,14,9,4;0,1,7,12,17,11;1,2,13,12,6;2,3,9,14,13;3,4,5,14,8;11,17,16,15,14;0,6,17,10,14,5;6,7,13,18,17;2,8,14,15,19,18,12,7;5,11,10,15,13,8,9;0,19,13,14,10,16,1;1,15,10,17,2;2,16,10,11,6,12,18,4,3;4,17,12,13,19;0,4,18,13,15
torus92 20 1,6,5,4,19,15;0,15,16,2,7,6;1,16,3,8,7;2,16,17,4,9,8;0,5,9,3,17,18,19;0,6,11,9,4;0,1,7,13,12,11,5;1,2,8,14,13,6;2,3,9,10,14,7;3,4,5,11,10,8;8,9,11,15,14;5,6,12,17,16,15,10,9;6,13,18,17,11;6,7,14,15,19,18,12;7,8,10,15,13;0,19,13,14,10,11,16,1;1,15,11,17,3,2;3,16,11,12,18,4;4,17,12,13,19;0,4,18,13,15
torus93 20 1,7,6,5,4,19,15;0,15,16,2,8,7;1,16,17,3,9,8;2,17,18,4,5,9;0,5,3,18,19;0,6,11,10,9,3,4;0,7,12,11,5;0,1,8,13,18,12,6;1,2,9,14,13,7;2,3,5,10,14,8;5,11,17,16,15,14,9;5,6,12,17,10;6,7,18,17,11;7,8,14,19,18;8,9,10,15,19,13;0,19,14,10,16,1;1,15,10,17,2;2,16,10,11,12,18,3;3,17,12,7,13,19,4;0,4,18,13,14,15
torus94 20 1,6,4,19,15;0,15,16,17,2,7,6;1,17,14,18,3,8,7;2,18,4,11,5,9,8;0,6,11,3,18,19;3,11,10,14,9;0,1,7,12,11,4;1,2,8,12,6;2,3,9,13,12,7;3,5,14,13,8;5,11,16,15,19,14;3,4,6,12,13,17,16,10,5;6,7,8,13,11;8,9,14,17,11,12;2,17,13,9,5,10,19,18;0,19,10,16,1;1,15,10,11,17;1,16,11,13,14,2;2,14,19,4,3;0,4,18,14,10,15
torus95 20 1,2,7,5,9,4,19;0,19,15,16,2;0,1,16,17,3,8,13,7;2,17,12,18,4,8;0,9,8,3,18,19;0,7,6,11,10,9;5,7,13,18,12,11;0,2,13,6,5;2,3,4,9,14,13;0,5,10,14,8,4;5,11,17,16,15,14,9;5,6,12,17,10;3,17,11,6,18;2,8,14,15,19,18,6,7;8,9,10,15,13;1,19,13,14,10,16;1,15,10,17,2;2,16,10,11,12,3;3,12,6,13,19,4;0,4,18,13,15,1
torus96 20 1,5,4,19,13,15;0,15,10,16,7,6,5;7,16,11,17,8,13;4,9,8,17,18;0,5,9,3,18,19;0,1,6,12,11,9,4;1,7,13,12,5;1,16,2,13,6;2,17,3,9,14,13;3,4,5,11,14,8;1,15,14,11,16;2,16,10,14,9,5,12,18,17;5,6,13,19,18,11;0,19,12,6,7,2,8,14,15;8,9,11,10,15,13;0,13,14,10,1;1,10,11,2,7;2,11,18,3,8;3,17,11,12,19,4;0,4,18,12,13
torus97 20 1,6,5,4,18,15,16,7;0,7,13,12,17,6;7,16,11,17,8;4,9,14,13,8,17;0,5,9,3,17,18;0,6,10,9,4;0,1,17,11,10,5;0,16,2,8,13,1;2,17,3,13,7;3,4,5,10,16,14;5,6,11,16,9;2,16,10,6,17;1,13,19,18,17;1,7,8,3,14,19,12;3,9,16,15,19,13;0,18,19,14,16;0,15,14,9,10,11,2,7;1,12,18,4,3,8,2,11,6;0,4,17,12,19,15;12,13,14,15,18
torus98 20 1,14,19,4,5,6,15;0,15,8,2,16,14;1,8,3,11,16;2,8,9,4,17,11;0,19,18,17,3,9,5;0,4,9,10,6;0,5,10,11,7,15;6,11,12,13,8,15;1,15,7,13,9,3,2;3,8,13,14,16,10,5,4;5,9,16,11,6;2,3,17,12,7,6,10,16;7,11,17,18,13;7,12,18,19,14,9,8;0,1,16,9,13,19;0,6,7,8,1;1,2,11,10,9,14;3,4,18,12,11;4,19,13,12,17;0,14,13,18,4
torus99 20 4,9,12,18,13;2,16,15,6,7;1,7,14,8,17,16;8,9,19,18,17;0,13,6,15,19,9;9,14,10,11,12;1,15,4,13,7;1,6,13,14,2;2,14,9,3,17;0,4,19,3,8,14,5,12;5,14,18,15,16,11;5,10,16,17,12;0,9,5,11,17,18;0,18,14,7,6,4;2,7,13,18,10,5,9,8;1,16,10,18,19,4,6;1,2,17,11,10,15;2,8,3,18,12,11,16;0,12,17,3,19,15,10,14,13;3,9,4,15,18
torus100 20 1,7,5,4,15;0,15,16,2,7;1,16,12,17,8,7;4,9,14,17,18;0,5,9,3,18,15;0,7,6,11,10,9,4;5,7,13,12,11;0,1,2,8,13,6,5;2,17,14,13,7;3,4,5,10,14;5,11,15,18,19,14,9;5,6,12,16,15,10;2,16,11,6,13,19,18,17;6,7,8,14,19,12;3,9,10,19,13,8,17;0,4,18,10,11,16,1;1,15,11,12,2;2,12,18,3,14,8;3,17,12,19,10,15,4;10,18,12,13,14
torus101 20 4,6,19,13,18;2,16,6,7,8;1,8,9,3,10,16;2,9,5,4,17,10;0,18,17,3,5,6;3,9,11,6,4;0,4,5,11,12,7,1,16,19;1,6,12,18,13,8;1,7,13,15,14,11,9,2;2,8,11,5,3;2,3,17,11,14,16;5,9,8,14,10,17,12,6;6,11,17,18,7;0,19,15,8,7,18;8,15,16,10,11;8,13,19,16,14;1,2,10,14,15,19,6;3,4,18,12,11,10;0,13,7,12,17,4;0,6,16,15,13
torus102 20 1,2,16,15,14,19,5,6;0,6,12,7,8,2;0,1,8,3,16;2,8,4,19,18,17,16;3,8,9,10,19;0,19,10,11,6;0,5,11,12,1;1,12,13,9,8;1,7,9,4,3,2;4,8,7,13,14,15,10;4,9,15,16,17,11,5,19;5,10,17,12,6;1,6,11,17,18,13,7;7,12,18,19,14,9;0,15,9,13,19;0,16,10,9,14;0,2,3,17,10,15;3,18,12,11,10,16;3,19,13,12,17;0,14,13,18,3,4,10,5
torus103 20 1,5,4,19,13,14,15;0,15,16,2,7,6,11,5;1,16,17,3,9,8,7;2,17,4,5,9;0,5,3,17,18,19;0,1,11,9,3,4;1,7,12,19,18,11;1,2,8,12,6;2,9,10,14,13,12,7;2,3,5,11,10,8;8,9,11,17,16,15,14;1,6,18,17,10,9,5;6,7,8,13,19;0,19,12,8,14;0,13,8,10,15;0,14,10,16,1;1,15,10,17,2;2,16,10,11,18,4,3;4,17,11,6,19;0,4,18,6,12,13
torus104 20 1,6,5,4,19;0,19,14,15,16,2,6;1,16,17,3,8,7,6;2,17,4,9,14,13,8;0,5,10,9,3,17,19;0,6,7,12,10,4;0,1,2,7,5;2,8,12,5,6;2,3,13,12,7;3,4,10,15,14;4,5,12,15,9;12,18,17,16,15;5,7,8,13,18,11,15,10;3,14,18,12,8;1,19,18,13,3,9,15;1,14,9,10,12,11,16;1,15,11,17,2;2,16,11,18,19,4,3;11,12,13,14,19,17;0,4,17,18,14,1
torus105 20 1,6,4,18,19;0,19,15,12,6;3,8,7,16,5,11,17;2,17,18,4,9,14,8;0,6,5,16,9,3,18;2,16,4,6,11;0,1,12,11,5,4;2,8,13,12,16;2,3,14,13,7;3,4,16,12,15,10,14;9,15,19,18,13,14;2,5,6,12,17;1,15,9,16,7,13,18,17,11,6;7,8,14,10,18,12;3,9,10,13,8;1,19,10,9,12;2,7,12,9,4,5;2,11,12,18,3;0,4,3,17,12,13,10,19;0,18,10,15,1
torus106 20 1,6,4,19,14;0,14,15,16,2,7,12,11,6;1,16,18,8,7;4,9,15,14,8,18;0,6,5,9,3,18,16,17,19;4,6,11,10,9;0,1,11,5,4;1,2,8,13,12;2,18,3,14,19,13,7;3,4,5,10,15;5,11,12,13,19,17,15,9;1,12,10,5,6;1,7,13,10,11;7,8,19,10,12;0,19,8,3,15,1;1,14,3,9,10,17,16;1,15,17,4,18,2;4,16,15,10,19;2,16,4,3,8;0,4,17,10,13,8,14
torus107 20 1,5,9,4,15;0,15,7,6,5;3,8,7,16,17;2,17,18,4,8;0,9,8,3,18,19,15;0,1,6,11,9;1,7,12,11,5;1,15,16,2,8,12,6;2,3,4,9,14,13,12,7;0,5,11,16,10,14,8,4;9,16,15,19,14;5,6,12,17,16,9;6,7,8,13,18,17,11;8,14,19,18,12;8,9,10,19,13;0,4,19,10,16,7,1;2,7,15,10,9,11,17;2,16,11,12,18,3;3,17,12,13,19,4;4,18,13,14,10,15
torus108 20 5,6,15,14,13,19;6,7,8,16,10,15;3,17,16,8,9;2,9,4,18,17;3,9,5,19,18;0,19,4,9,11,7,6;0,5,7,1,15;1,6,5,11,12,13,8;1,7,13,9,2,16;2,8,13,14,10,11,5,4,3;1,16,17,11,9,14,15;5,9,10,17,12,7;7,11,17,18,13;0,14,9,8,7,12,18,19;0,15,10,9,13;0,6,1,10,14;1,8,2,17,10;2,3,18,12,11,10,16;3,4,19,13,12,17;0,13,18,4,5
torus109 20 4,5,11,6,7;2,15,19,4,7,12,8;1,8,3,17,15;2,8,5,4,17;0,7,1,19,18,17,3,5;0,4,3,8,9,10,11;0,11,17,12,7;0,6,12,1,4;1,12,13,14,9,5,3,2;5,8,14,16,10;5,9,16,17,11;0,5,10,17,6;1,7,6,17,18,13,8;8,12,18,19,14;8,13,19,15,16,9;1,2,17,16,14,19;9,14,15,17,10;2,3,4,18,12,6,11,10,16,15;4,19,13,12,17;1,15,14,13,18,4
torus110 20 1,6,5,4,17;0,17,19,15,2,7,6;1,15,16,4,3,7;2,4,14,8,7;0,5,9,14,3,2,16,17;0,6,12,11,10,9,4;0,1,7,12,5;1,2,3,8,18,12,6;3,14,13,18,7;4,5,10,15,19,13,14;5,11,16,15,9;5,12,18,16,10;5,6,7,18,11;8,14,9,19,18;3,4,9,13,8;1,19,9,10,16,2;2,15,10,11,18,17,4;0,4,16,18,19,1;7,8,13,19,17,16,11,12;1,17,18,13,9,15
torus111 20 1,7,9,4,18,19,15;0,15,16,2,7;1,16,18,4,3,8,7;2,4,9,14,8;0,9,3,2,18;6,10,18,14,9,7;5,7,13,12,11,10;0,1,2,8,13,6,5,9;2,3,14,13,7;0,7,5,14,3,4;5,6,11,19,18;6,12,17,15,19,10;6,13,14,17,11;6,7,8,14,12;3,9,5,18,17,12,13,8;0,19,11,17,16,1;1,15,17,18,2;11,12,14,18,16,15;0,4,2,16,17,14,5,10,19;0,18,10,11,15
torus112 20 1,2,15,19,4;0,4,5,6,7,2;0,1,7,13,9,3,17,16,15;2,9,4,19,18,17;0,19,3,9,5,1;1,4,9,13,8,6;1,5,8,11,12,7;1,6,12,13,2;5,13,10,11,6;2,13,5,4,3;8,13,14,15,16,11;6,8,10,16,17,18,12;6,11,18,19,14,13,7;2,7,12,14,10,8,5,9;10,13,12,19,15;0,2,16,10,14,19;2,17,11,10,15;2,3,18,11,16;3,19,12,11,17;0,15,14,12,18,3,4
torus113 20 1,6,5,3,4,19,15;0,15,7,12,6;7,16,17,9,8,13;0,5,10,9,17,4;0,3,17,18,13,19;0,6,11,16,10,3;0,1,12,11,5;1,15,16,2,13,12;2,9,14,15,19,13;2,17,3,10,14,8;3,5,16,14,9;5,6,12,18,17,16;1,7,13,18,11,6;2,8,19,4,18,12,7;8,9,10,16,15;0,19,8,14,16,7,1;2,7,15,14,10,5,11,17;2,16,11,18,4,3,9;4,17,11,12,13;0,4,13,8,15
torus114 20 1,6,11,5,4,19,15;0,15,16,3,9,8,2,6;1,8,7,12,6;1,16,17,18,4,5,9;0,5,3,18,19;0,11,9,3,4;0,1,2,12,17,11;2,8,13,18,12;1,9,13,7,2;1,3,5,11,10,14,13,8;9,11,16,15,14;0,6,17,16,10,9,5;2,7,18,17,6;7,8,9,14,18;9,10,15,19,18,13;0,19,14,10,16,1;1,15,10,11,17,3;3,16,11,6,12,18;3,17,12,7,13,14,19,4;0,4,18,14,15
torus115 20 1,6,5,4,15;0,15,2,7,6;1,15,16,17,3,8,13,7;2,17,18,4,5,10,9,8;0,5,3,18,15;0,6,12,11,10,3,4;0,1,7,12,5;1,2,13,19,12,6;2,3,9,14,13;3,10,15,14,8;3,5,11,16,15,9;5,12,17,16,10;5,6,7,19,18,17,11;2,8,14,19,7;8,9,15,19,13;0,4,18,19,14,9,10,16,2,1;2,15,10,11,17;2,16,11,12,18,3;3,17,12,19,15,4;7,13,14,15,18,12
torus116 20 1,6,5,4,14,15;0,15,11,16,2,6;1,16,3,4,9,8,7,6;2,16,17,18,19,4;0,5,11,9,2,3,19,14;0,6,7,11,4;0,1,2,7,5;2,8,14,13,12,11,5,6;2,9,10,14,7;2,4,11,10,8;8,9,11,15,14;1,15,10,9,4,5,7,12,17,16;7,13,18,17,11;7,14,19,18,12;0,4,19,13,7,8,10,15;0,14,10,11,1;1,11,17,3,2;3,16,11,12,18;3,17,12,13,19;3,18,13,14,4
torus117 20 4,6,5,9,8,18;2,7,6,4,15,10,16,17;1,17,3,8,7;2,17,12,18,8;0,18,19,15,1,6;0,6,11,10,14,9;0,4,1,7,11,5;1,2,8,13,11,6;0,9,13,7,2,3,18;0,5,14,19,13,8;1,15,14,5,11,16;5,6,7,13,19,12,16,10;3,17,16,11,19,18;7,8,9,19,11;5,10,15,19,9;1,4,19,14,10;1,10,11,12,17;1,16,12,3,2;0,8,3,12,19,4;4,18,12,11,13,9,14,15
torus118 20 1,2,7,6,5,9,18,4;0,4,15,10,2;0,1,10,16,8,7;8,16,17,18,9;0,18,19,15,1;0,6,16,10,9;0,7,11,16,5;0,2,8,12,11,6;2,16,3,9,14,13,12,7;0,5,10,14,8,3,18;1,15,14,9,5,16,2;6,7,12,17,16;7,8,13,19,18,17,11;8,14,15,19,12;8,9,10,15,13;1,4,19,13,14,10;2,10,5,6,11,17,3,8;3,16,11,12,18;0,9,3,17,12,19,4;4,18,12,13,15
torus119 20 1,4,17,9,5,6;0,6,12,7,8,3,2,15,4;1,3,17,16,15;1,8,14,10,9,17,2;0,1,15,18,17;0,9,10,15,11,6;0,5,11,12,1;1,12,19,13,8;1,7,13,14,3;0,17,3,10,5;3,14,15,5,9;5,15,16,12,6;1,6,11,16,17,18,19,7;7,19,15,14,8;3,8,13,15,10;1,2,16,11,5,10,14,13,19,18,4;2,17,12,11,15;0,4,18,12,16,2,3,9;4,15,19,12,17;7,12,18,15,13
torus120 20 1,5,6,7,8,17;0,17,16,15,19,5;3,8,10,5,19,9;2,9,4,18,8;3,9,12,11,18;0,1,19,2,10,11,6;0,5,11,12,7;0,6,12,13,8;0,7,13,14,10,2,3,18,17;2,19,15,14,13,12,4,3;2,8,14,16,11,5;4,12,6,5,10,16,17,18;4,9,13,7,6,11;7,12,9,14,8;8,13,9,15,16,10;1,16,14,9,19;1,17,11,10,14,15;0,8,18,11,16,1;3,4,11,17,8;1,15,9,2,5
torus121 20 3,4,9,5,11,15,19;2,16,14,15,6;1,6,7,17,16;0,19,18,12,10,17,7,8,4;0,3,8,13,9;0,9,14,10,11;1,15,12,18,13,8,7,2;2,6,8,3,17;3,7,6,13,4;0,4,13,14,5;3,12,11,5,14,16,17;0,5,10,12,15;3,18,6,15,11,10;4,8,6,18,14,9;1,16,10,5,9,13,18,19,15;0,11,12,6,1,14,19;1,2,17,10,14;2,7,3,10,16;3,19,14,13,6,12;0,15,14,18,3
torus122 20 6,9,14,19,15,16;2,7,6,16,10;1,10,17,18,3,7;2,18,14,8,7;11,12,13,19,14;6,11,17,10,9;0,16,1,7,8,12,11,5,9;1,2,3,8,6;3,14,10,15,13,12,6,7;0,6,5,10,14;1,16,15,8,14,9,5,17,2;4,14,18,17,5,6,12;4,11,6,8,13;4,12,8,15,19;0,9,10,8,3,18,11,4,19;0,19,13,8,10,16;0,15,10,1,6;2,10,5,11,18;2,17,11,14,3;0,14,4,13,15
torus123 20 2,5,10,11,6;2,7,13,14,8;0,6,7,1,8,16,15,4,5;8,14,9,17,16;2,15,19,18,17,9,5;0,2,4,9,14,10;0,11,12,7,2;1,2,6,12,13;1,14,3,16,2;3,14,5,4,17;0,5,14,15,16,11;0,10,16,12,6;6,11,16,13,7;1,7,12,16,18,19,14;1,13,19,15,10,5,9,3,8;2,16,10,14,19,4;2,8,3,17,18,13,12,11,10,15;3,9,4,18,16;4,19,13,16,17;4,15,14,13,18
torus124 20 1,6,4,3,15,10;0,10,2,7,6;1,10,16,17,3,4,8,7;0,4,2,17,15;0,6,5,14,8,2,3;4,6,11,18,14;0,1,7,12,11,5,4;1,2,8,13,12,6;2,4,14,9,13,7;8,14,10,15,17,19,13;0,15,9,14,18,16,2,1;5,6,12,19,18;6,7,13,19,11;7,8,9,19,12;4,5,18,10,9,8;0,3,17,9,10;2,10,18,19,17;2,16,19,9,15,3;5,11,19,16,10,14;9,17,16,18,11,12,13
torus125 20 2,6,19,18,12,4,5,11;3,15,10,19,6,16;0,11,17,7,8,16,6;1,16,8,14,9,4,12,17,11,15;0,12,3,9,5;0,4,9,13,15,11;0,2,16,1,19;2,17,13,14,8;2,7,14,3,16;3,14,13,5,4;1,15,13,18,19;0,5,15,3,17,2;0,18,13,17,3,4;5,9,14,7,17,12,18,10,15;3,8,7,13,9;1,3,11,5,13,10;1,6,2,8,3;2,11,3,12,13,7;0,19,10,13,12;0,6,1,10,18
torus126 20 1,4,19,14,15;0,15,12,6,4;3,9,8,16,11,17;2,17,19,4,5,10,9;0,1,6,5,3,19;3,4,6,16,10;1,12,18,11,16,5,4;8,13,12,10,16;2,9,13,7,16;2,3,10,14,13,8;3,5,16,7,12,15,14,9;2,16,6,18,17;1,15,10,7,13,19,18,6;7,8,9,14,19,12;0,19,13,9,10,15;0,14,10,12,1;2,8,7,10,5,6,11;2,11,18,19,3;6,12,19,17,11;0,4,3,17,18,12,13,14
torus127 20 3,4,5,15,14,19,18;2,16,17,15,5;1,5,6,7,16;0,18,12,17,8,9,4;0,3,9,6,5;0,4,6,2,1,15;2,5,4,9,10,11,7;2,6,11,12,13,8,16;3,17,16,7,13,19,14,10,9;3,8,10,6,4;6,9,8,14,15,11;6,10,15,17,12,7;3,18,13,7,11,17;7,12,18,19,8;0,15,10,8,19;0,5,1,17,11,10,14;1,2,7,8,17;1,16,8,3,12,11,15;0,19,13,12,3;0,14,8,13,18
torus128 20 1,7,2,17,16;0,16,19,12,7;0,7,8,9,17;5,18,12,17,9;5,6,19,15,14,13,18;3,9,8,11,6,4,18;4,5,11,17,12,19;0,1,12,13,14,10,8,2;2,7,10,11,5,9;2,8,5,3,17;7,14,15,17,11,8;5,8,10,17,6;1,19,6,17,3,18,13,7;4,14,7,12,18;4,15,10,7,13;4,19,16,17,10,14;0,17,15,19,1;0,2,9,3,12,6,11,10,15,16;3,5,4,13,12;1,16,15,4,6,12
torus129 20 1,4,5,6,7;0,7,8,9,2,16,15,19,4;1,9,3,18,17,16;2,9,5,4,19,18;0,1,19,3,5;0,4,3,9,10,6;0,5,10,16,11,7;0,6,11,12,13,8,1;1,7,13,14,9;1,8,14,10,5,3,2;5,9,14,16,6;6,16,17,12,7;7,11,17,18,13;7,12,18,14,8;8,13,18,15,16,10,9;1,16,14,18,19;1,2,17,11,6,10,14,15;2,18,12,11,16;2,3,19,15,14,13,12,17;1,15,18,3,4
torus130 20 1,6,4,18,16;0,16,11,17,7,14,13,6;3,10,18,4,5,9;2,9,16,8,7,10;0,6,5,2,18;2,4,6,13,19,12,9;0,1,13,5,4;1,17,10,3,8,14;3,16,15,14,7;2,5,12,11,16,3;2,3,7,17,18;1,16,9,12,17;5,19,17,11,9;1,14,19,5,6;1,7,8,15,19,13;8,16,18,19,14;0,18,15,8,3,9,11,1;1,11,12,19,18,10,7;0,4,2,10,17,19,15,16;5,13,14,15,18,17,12
torus131 20 1,4,9,8,6;0,6,3,12,7,2,4;1,7,16,11,10,4;1,6,17,9,15,19,18,12;0,1,2,10,9;6,14,10,11,17;0,8,14,5,17,3,1;1,12,13,16,2;0,9,16,13,18,19,14,6;0,4,10,15,3,17,16,8;2,11,5,14,15,9,4;2,16,17,5,10;1,3,18,13,7;7,12,18,8,16;5,6,8,19,15,10;3,9,10,14,19;2,7,13,8,9,17,11;3,6,5,11,16,9;3,19,8,13,12;3,15,14,8,18
torus132 20 1,6,12,5,9;0,9,15,2,6;1,15,17,11,3,7,14,6;2,11,8,5,12,13,18,4,7;3,18,19,10,7;0,12,3,8,9;0,1,2,14,13,12;2,3,4,10,14;3,11,19,9,5;0,5,8,19,18,13,15,1;4,19,16,14,7;2,17,19,8,3;0,6,13,3,5;3,12,6,14,16,17,15,9,18;2,7,10,16,13,6;1,9,13,17,2;10,19,17,13,14;2,15,13,16,19,11;3,13,9,19,4;4,18,9,8,11,17,16,10
torus133 20 1,2,15,3,9,13,11,6,18;0,18,19,7,12,2;0,1,12,8,4,16,15;0,15,10,19,9;2,8,18,17,16;7,10,14,11,13,8,12;0,11,14,17,18;1,19,10,5,12;2,12,5,13,9,19,18,4;0,3,19,8,13;3,15,16,17,14,5,7,19;0,13,5,14,6;1,7,5,8,2;0,9,8,5,11;5,10,17,6,11;0,2,16,10,3;2,4,17,10,15;4,18,6,14,10,16;0,6,17,4,8,19,1;1,18,8,9,3,10,7
torus134 20 1,3,5,6,7;0,7,15,17,3;7,8,17,12,16;0,1,17,14,10,18,9,5;11,12,17,19,18;0,3,9,16,11,6;0,5,11,18,10,13,7;0,6,13,8,2,16,15,1;2,7,13,14,17;3,18,19,16,5;3,14,13,6,18;4,18,6,5,16,12;2,17,4,11,16;6,10,14,8,7;3,17,8,13,10;1,7,16,19,17;2,12,11,5,9,19,15,7;1,15,19,4,12,2,8,14,3;3,10,6,11,4,19,9;4,17,15,16,9,18
torus135 20 3,13,19,6,14;2,16,5,9,10,12,13,8,17;1,17,11,15,16;0,14,10,9,7,13;5,6,19,11,17,18,9;1,16,6,4,9;0,19,4,5,16,14;3,9,18,8,13;1,13,7,18,17;1,5,4,18,7,3,10;1,9,3,14,12;2,17,4,19,12,15;1,10,14,15,11,19,13;0,3,7,8,1,12,19;0,6,16,15,12,10,3;2,11,12,14,16;1,2,15,14,6,5;1,8,18,4,11,2;4,17,8,7,9;0,13,12,11,4,6
torus136 20 4,9,12,8,15,16,14;5,6,7,15,19;3,18,17,15,7;2,7,6,4,18;0,14,13,18,3,6,5,9;1,19,11,9,4,6;1,5,4,3,7;1,6,3,2,15;0,12,13,19,15;0,4,5,11,17,12;11,19,13,14,16;5,19,10,16,17,9;0,9,17,13,8;4,14,10,19,8,12,17,18;0,16,10,13,4;0,8,19,1,7,2,17,16;0,15,17,11,10,14;2,18,13,12,9,11,16,15;2,3,4,13,17;1,15,8,13,10,11,5
torus137 20 1,6,11,5,4,19,15;0,15,2,16,6;1,15,9,10,16;4,5,9,15,14,6,13,8;0,5,3,8,12,18,19;0,11,9,3,4;0,1,16,13,3,14,18,11;8,13,16,10,17;3,13,7,17,12,4;2,15,3,5,11,10;2,9,11,17,7,16;0,6,18,12,17,10,9,5;4,8,17,11,18;3,6,16,7,8;3,15,19,18,6;0,19,14,3,9,2,1;1,2,10,7,13,6;7,10,11,12,8;4,12,11,6,14,19;0,4,18,14,15
torus138 20 5,13,19,9,15;2,16,17,14,10,13;1,13,5,11,16;7,14,17,8,19;9,18,16,12,13,10;0,15,11,2,13;7,13,12,11,14;3,19,13,6,14;3,17,16,18,19;0,19,18,4,10,14,15;1,14,9,4,13;2,5,15,14,6,12,16;4,16,11,6,13;0,5,2,1,10,4,12,6,7,19;1,17,3,7,6,11,15,9,10;0,9,14,11,5;1,2,11,12,4,18,8,17;1,16,8,3,14;4,9,19,8,16;0,13,7,3,8,18,9
torus139 20 3,4,9,16,15;2,16,6,18,13;1,13,7,17,16;0,15,5,6,10,17,7,8,4;0,3,8,14,9;3,15,11,12,6;1,16,9,10,3,5,12,18;2,13,8,3,17;3,7,13,14,4;0,4,14,10,6,16;3,6,9,14,19,17;5,15,16,17,12;5,11,17,18,6;1,18,19,14,8,7,2;4,8,13,19,10,9;0,16,11,5,3;0,9,6,1,2,17,11,15;2,7,3,10,19,18,12,11,16;1,6,12,17,19,13;10,14,13,18,17
torus140 20 1,9,7,15,14;0,14,19,6,16,11,9;7,17,10,11,16;7,9,18,13,17;8,9,11,10,13;6,19,18,9,12;1,19,5,12,16;0,9,3,17,2,16,15;4,13,16,12,9;0,1,11,4,8,12,5,18,3,7;2,17,13,4,11;1,16,2,10,4,9;5,9,8,16,6;3,18,19,14,15,16,8,4,10,17;0,15,13,19,1;0,7,16,13,14;1,6,12,8,13,15,7,2,11;2,7,3,13,10;3,9,5,19,13;1,14,13,18,5,6
torus141 20 1,6,3,7,15,8;0,8,19,4,6;3,6,13,19,14;0,6,2,14,7;1,19,18,7,5,11,6;4,7,14,9,11;0,1,4,11,12,13,2,3;0,3,14,5,4,18,12,16,15;0,15,10,19,1;5,14,17,12,11;8,15,16,17,19;4,5,9,12,6;6,11,9,17,16,7,18,13;2,6,12,18,19;2,19,17,9,5,7,3;0,7,16,10,8;7,12,17,10,15;9,14,19,10,16,12;4,19,13,12,7;1,8,10,17,14,2,13,18,4
torus142 25 1,6,5,24,20;0,20,21,2,7,6;1,21,22,3,8,7;2,22,23,4,9,8;3,23,24,5,9;0,6,11,10,9,4,24;0,1,7,12,11,5;1,2,8,13,12,6;2,3,9,14,13,7;3,4,5,10,14,8;5,11,16,15,14,9;5,6,12,17,16,10;6,7,13,18,17,11;7,8,14,19,18,12;8,9,10,15,19,13;10,16,21,20,19,14;10,11,17,22,21,15;11,12,18,23,22,16;12,13,19,24,23,17;13,14,15,20,24,18;0,24,19,15,21,1;1,20,15,16,22,2;2,21,16,17,23,3;3,22,17,18,24,4;0,5,4,23,18,19,20
torus143 25 1,5,4,24,20;0,20,21,2,7,6,5;1,21,22,3,8,7;2,22,23,4,9,8;0,5,9,3,23,24;0,1,6,11,10,9,4;1,7,12,11,5;1,2,8,13,12,6;2,3,9,14,13,7;3,4,5,10,14,8;5,11,16,15,14,9;5,6,12,17,22,16,10;6,7,13,18,17,11;7,8,14,19,24,18,12;8,9,10,15,19,13;10,16,21,20,19,14;10,11,22,21,15;11,12,18,23,22;12,13,24,23,17;13,14,15,20,24;0,24,19,15,21,1;1,20,15,16,22,2;2,21,16,11,17,23,3;3,22,17,18,24,4;0,4,23,18,13,19,20
torus144 25 1,6,11,5,4,24,20,21;0,21,2,7,6;1,21,22,3,8,7;2,22,23,4,9,8;0,5,9,3,23,24;0,11,10,14,9,4;0,1,7,12,11;1,2,8,13,12,6;2,3,9,14,13,7;3,4,5,14,8;5,11,16,15,14;0,6,12,17,16,10,5;6,7,13,18,17,11;7,8,14,19,18,12;5,10,15,19,13,8,9;10,16,21,20,19,14;10,11,17,22,21,15;11,12,18,23,22,16;12,13,19,24,23,17;13,14,15,20,24,18;0,24,19,15,21;0,20,15,16,22,2,1;2,21,16,17,23,3;3,22,17,18,24,4;0,4,23,18,19,20
torus145 25 1,6,4,24,20;0,20,21,2,7,6;1,21,22,3,8,7;2,22,23,4,9,8;0,6,5,9,3,23,24;4,6,11,10,9;0,1,7,11,5,4;1,2,8,13,12,11,6;2,3,9,14,13,7;3,4,5,10,14,8;5,11,16,15,14,9;5,6,7,12,17,16,10;7,13,18,17,11;7,8,14,19,18,12;8,9,10,15,19,13;10,16,21,20,19,14;10,11,17,22,21,15;11,12,18,24,23,22,16;12,13,19,24,17;13,14,15,20,24,18;0,24,19,15,21,1;1,20,15,16,22,2;2,21,16,17,23,3;3,22,17,24,4;0,4,23,17,18,19,20
torus146 25 1,6,5,4,24,20;0,20,21,2,7,6;1,21,22,3,7;2,22,23,4,9,8,7;0,5,9,3,23,24;0,6,11,16,10,9,4;0,1,7,12,11,5;1,2,3,8,13,12,6;3,9,14,13,7;3,4,5,10,14,8;5,16,15,14,9;5,6,12,17,16;6,7,13,18,23,17,11;7,8,14,19,18,12;8,9,10,15,19,13;10,16,21,20,19,14;5,11,17,22,21,15,10;11,12,23,22,16;12,13,19,24,23;13,14,15,20,24,18;0,24,19,15,21,1;1,20,15,16,22,2;2,21,16,17,23,3;3,22,17,12,18,24,4;0,4,23,18,19,20
torus147 25 1,7,6,5,4,20;0,20,21,2,7;1,21,22,3,8,7;2,22,23,4,9,8;0,5,9,3,23,24,20;0,6,11,10,9,4;0,7,12,11,5;0,1,2,8,13,12,6;2,3,9,14,13,7;3,4,5,10,14,8;5,11,16,15,14,9;5,6,12,17,16,10;6,7,13,18,17,11;7,8,14,19,18,12;8,9,10,15,19,13;10,16,21,20,19,14;10,11,17,22,21,15;11,12,18,24,23,22,16;12,13,19,24,17;13,14,15,20,24,18;0,4,24,19,15,21,1;1,20,15,16,22,2;2,21,16,17,23,3;3,22,17,24,4;4,23,17,18,19,20
torus148 25 1,6,5,4,24,20;0,20,21,2,8,7,6;1,21,22,3,8;2,22,23,4,9,8;0,5,9,3,23,24;0,6,11,10,14,9,4;0,1,7,12,11,5;1,8,13,12,6;1,2,3,9,14,13,7;3,4,5,14,8;5,11,16,15,14;5,6,12,17,16,10;6,7,13,18,17,11;7,8,14,19,18,12;5,10,15,19,13,8,9;10,16,21,20,24,19,14;10,11,17,22,21,15;11,12,18,23,22,16;12,13,19,24,23,17;13,14,15,24,18;0,24,15,21,1;1,20,15,16,22,2;2,21,16,17,23,3;3,22,17,18,24,4;0,4,23,18,19,15,20
torus149 25 1,7,6,5,4,24,20;0,20,21,2,7;1,21,22,3,8,7;2,22,23,24,4,9,8;0,5,9,3,24;0,6,11,10,9,4;0,7,12,11,5;0,1,2,8,13,12,6;2,3,9,14,13,7;3,4,5,10,14,8;5,11,16,15,14,9;5,6,12,17,16,10;6,7,13,18,17,11;7,8,14,19,18,12;8,9,10,15,19,13;10,16,21,20,19,14;10,11,17,21,15;11,12,18,23,22,21,16;12,13,19,24,23,17;13,14,15,20,24,18;0,24,19,15,21,1;1,20,15,16,17,22,2;2,21,17,23,3;3,22,17,18,24;0,4,3,23,18,19,20
torus150 25 4,5,6,20,24;2,21,20,6,7;1,7,8,3,22,21;2,8,9,4,23,22;0,24,23,3,9,5;0,4,9,10,11,6;0,5,11,12,7,1,20;1,6,12,18,13,8,2;2,7,13,14,9,3;3,8,14,10,5,4;5,9,14,15,16,11;5,10,16,17,12,6;6,11,17,18,7;7,18,19,14,8;8,13,19,15,10,9;10,14,19,20,21,16;10,15,21,22,23,17,11;11,16,23,18,12;7,12,17,23,24,19,13;13,18,24,20,15,14;0,6,1,21,15,19,24;1,2,22,16,15,20;2,3,23,16,21;3,4,24,18,17,16,22;0,20,19,18,23,4
torus151 25 1,5,4,24,20;0,20,21,2,7,6,5;1,21,22,3,8,7;2,22,23,4,9,8;0,5,9,3,23,24;0,1,6,11,10,9,4;1,7,12,11,5;1,2,8,13,12,6;2,3,9,14,13,7;3,4,5,10,14,8;5,11,16,15,14,9;5,6,12,17,16,10;6,7,13,18,17,11;7,8,14,19,18,12;8,9,10,15,20,19,13;10,16,21,20,14;10,11,17,22,21,15;11,12,18,24,23,22,16;12,13,19,24,17;13,14,20,24,18;0,24,19,14,15,21,1;1,20,15,16,22,2;2,21,16,17,23,3;3,22,17,24,4;0,4,23,17,18,19,20
torus152 25 1,6,5,4,24,20;0,20,21,2,7,6;1,21,22,3,8,7;2,22,23,24,4,9,8;0,5,9,3,24;0,6,11,10,9,4;0,1,7,12,11,5;1,2,8,13,12,6;2,3,9,13,7;3,4,5,10,14,13,8;5,11,16,15,14,9;5,6,12,17,22,16,10;6,7,13,18,17,11;7,8,9,14,19,18,12;9,10,15,19,13;10,16,21,20,19,14;10,11,22,21,15;11,12,18,23,22;12,13,19,24,23,17;13,14,15,20,24,18;0,24,19,15,21,1;1,20,15,16,22,2;2,21,16,11,17,23,3;3,22,17,18,24;0,4,3,23,18,19,20
torus153 25 1,6,5,4,24,20;0,20,21,2,6;1,21,22,3,8,7,6;2,22,23,4,9,8;0,5,9,3,23,24;0,6,11,10,9,4;0,1,2,7,12,11,5;2,8,14,13,12,6;2,3,9,14,7;3,4,5,10,14,8;5,11,16,15,14,9;5,6,12,18,17,16,10;6,7,13,18,11;7,14,19,18,12;7,8,9,10,15,19,13;10,16,21,20,19,14;10,11,17,22,21,15;11,18,23,22,16;11,12,13,19,24,23,17;13,14,15,20,24,18;0,24,19,15,21,1;1,20,15,16,22,2;2,21,16,17,23,3;3,22,17,18,24,4;0,4,23,18,19,20
torus154 25 1,6,5,4,24,20;0,20,19,21,2,8,7,6;1,21,16,22,3,8;2,22,23,9,8;0,5,9,23,24;0,6,11,10,9,4;0,1,7,11,5;1,8,14,13,12,11,6;1,2,3,9,14,7;3,23,4,5,10,14,8;5,11,15,19,14,9;5,6,7,12,17,16,15,10;7,13,18,17,11;7,14,19,18,12;7,8,9,10,19,13;10,11,16,21,19;2,21,15,11,17,22;11,12,18,23,22,16;12,13,19,20,24,23,17;1,20,18,13,14,10,15,21;0,24,18,19,1;1,19,15,16,2;2,16,17,23,3;3,22,17,18,24,4,9;0,4,23,18,20
torus155 25 1,6,5,4,24,20;0,20,21,22,2,7,6;1,22,3,8,13,7;2,22,23,9,8;0,5,9,23,24;0,6,11,10,9,4;0,1,7,12,11,5;1,2,13,12,6;2,3,9,14,13;3,23,4,5,10,14,8;5,11,16,15,14,9;5,6,12,17,16,10;6,7,13,17,11;2,8,14,19,24,18,17,12,7;8,9,10,15,19,13;10,16,21,20,19,14;10,11,17,22,21,15;11,12,13,18,22,16;13,24,23,22,17;13,14,15,20,24;0,24,19,15,21,1;1,20,15,16,22;1,21,16,17,18,23,3,2;3,22,18,24,4,9;0,4,23,18,13,19,20
torus156 25 1,6,17,11,5,4,24,20;0,20,21,7,6;3,8,13,7,21,22;2,22,23,4,9,8;0,5,9,3,23,24;0,11,10,9,4;0,1,7,12,17;1,21,2,13,12,6;2,3,9,14,13;3,4,5,10,15,14,8;5,11,16,15,9;0,17,23,22,16,10,5;6,7,13,18,17;2,8,14,19,18,12,7;8,9,15,20,19,13;9,10,16,21,20,14;10,11,22,21,15;0,6,12,18,23,11;12,13,19,24,23,17;13,14,20,24,18;0,24,19,14,15,21,1;1,20,15,16,22,2,7;2,21,16,11,23,3;3,22,11,17,18,24,4;0,4,23,18,19,20
torus157 25 1,5,4,24,20,16,21;0,21,2,8,7,6,5;1,21,22,3,8;2,22,23,4,5,9,8;0,5,3,23,24;0,1,6,11,9,3,4;1,7,12,11,5;1,8,13,12,6;1,2,3,9,14,13,7;3,5,11,10,14,8;9,11,16,15,14;5,6,12,17,21,16,10,9;6,7,13,19,18,17,11;7,8,14,19,12;8,9,10,15,19,13;10,16,20,19,14;0,20,15,10,11,21;11,12,18,23,22,21;12,19,24,23,17;12,13,14,15,20,24,18;0,24,19,15,16;0,16,11,17,22,2,1;2,21,17,23,3;3,22,17,18,24,4;0,4,23,18,19,20
torus158 25 1,6,5,4,24,19,20;0,20,21,2,7,6;1,21,22,3,8,7;2,22,23,4,5,9,8;0,5,3,23,24;0,6,9,3,4;0,1,7,12,11,9,5;1,2,8,13,12,6;2,3,9,14,13,7;3,5,6,11,10,14,8;9,11,16,15,14;6,12,16,10,9;6,7,13,18,17,22,16,11;7,8,14,18,12;8,9,10,15,19,18,13;10,16,21,20,19,14;10,11,12,22,21,15;12,18,24,23,22;12,13,14,19,24,17;0,24,18,14,15,20;0,19,15,21,1;1,20,15,16,22,2;2,21,16,12,17,23,3;3,22,17,24,4;0,4,23,17,18,19
torus159 25 1,6,5,9,4,24,20;0,20,21,2,7,6;1,21,22,3,13,7;2,22,4,9,8,13;0,9,3,22,23,24;0,6,12,11,10,14,9;0,1,7,12,5;1,2,13,12,6;3,9,14,19,13;0,5,14,8,3,4;5,11,16,15,14;5,12,17,16,10;5,6,7,13,18,17,11;2,3,8,19,18,12,7;5,10,15,19,8,9;10,16,22,21,20,19,14;10,11,17,22,15;11,12,18,22,16;12,13,19,23,22,17;8,14,15,20,24,23,18,13;0,24,19,15,21,1;1,20,15,22,2;2,21,15,16,17,18,23,4,3;4,22,18,19,24;0,4,23,19,20
torus160 25 1,6,5,4,20;0,20,15,21,2,7,6;1,21,22,8,7;4,9,8,22,23;0,5,9,3,23,24,20;0,6,11,9,4;0,1,7,12,11,5;1,2,8,13,12,6;2,22,3,9,10,14,13,7;3,4,5,11,16,10,8;8,9,16,15,14;5,6,12,17,16,9;6,7,13,18,17,11;7,8,14,19,18,12;8,10,15,19,13;1,20,19,14,10,16,21;9,11,17,22,21,15,10;11,12,18,24,23,22,16;12,13,19,24,17;13,14,15,20,24,18;0,4,24,19,15,1;1,15,16,22,2;2,21,16,17,23,3,8;3,22,17,24,4;4,23,17,18,19,20
torus161 25 1,5,4,24,20;0,20,21,2,7,6,5;1,21,22,3,9,8,7;2,22,23,4,9;0,5,9,3,23,18,24;0,1,6,11,10,9,4;1,7,12,11,5;1,2,8,13,12,6;2,9,14,13,7;2,3,4,5,10,14,8;5,11,16,15,19,14,9;5,6,12,17,16,10;6,7,13,19,18,17,11;7,8,14,19,12;8,9,10,19,13;10,16,21,20,19;10,11,17,23,22,21,15;11,12,18,23,16;4,23,17,12,19,24;10,15,20,24,18,12,13,14;0,24,19,15,21,1;1,20,15,16,22,2;2,21,16,23,3;3,22,16,17,18,4;0,4,18,19,20
torus162 25 1,6,5,4,24,20;0,20,21,7,6;3,8,7,21,22;2,22,23,4,9,8;0,5,9,3,23,24;0,6,11,9,4;0,1,7,12,11,5;1,21,2,8,13,12,6;2,3,9,14,19,13,7;3,4,5,11,10,14,8;9,11,16,15,14;5,6,12,18,17,16,10,9;6,7,13,18,11;7,8,19,18,12;8,9,10,15,19;10,16,20,19,14;10,11,17,22,21,20,15;11,18,24,23,22,16;11,12,13,19,24,17;8,14,15,20,24,18,13;0,24,19,15,16,21,1;1,20,16,22,2,7;2,21,16,17,23,3;3,22,17,24,4;0,4,23,17,18,19,20
torus163 25 1,6,5,4,20,21;0,21,22,2,7,6;1,22,3,8,7;2,22,23,4,5,9,8;0,5,3,23,24,20;0,6,11,10,9,3,4;0,1,7,12,11,5;1,2,8,13,12,6;2,3,9,14,13,7;3,5,10,14,8;5,11,16,15,14,9;5,6,12,17,16,10;6,7,13,18,17,11;7,8,14,19,18,12;8,9,10,15,19,13;10,16,21,20,19,14;10,11,17,22,21,15;11,12,18,23,22,16;12,13,19,24,23,17;13,14,15,20,24,18;0,4,24,19,15,21;0,20,15,16,22,1;1,21,16,17,23,3,2;3,22,17,18,24,4;4,23,18,19,20
torus164 25 1,6,5,24,20;0,20,21,7,6;3,8,13,7,16,22;2,22,23,4,9,8;3,23,24,5,10,9;0,6,11,10,4,24;0,1,7,13,12,11,5;1,21,16,2,13,6;2,3,9,14,13;3,4,10,14,8;4,5,11,15,14,9;5,6,12,16,15,10;6,13,18,17,16,11;2,8,14,19,18,12,6,7;8,9,10,15,19,13;10,11,16,21,19,14;2,7,21,15,11,12,17,22;12,18,23,22,16;12,13,19,24,23,17;13,14,15,21,20,24,18;0,24,19,21,1;1,20,19,15,16,7;2,16,17,23,3;3,22,17,18,24,4;0,5,4,23,18,19,20
torus165 25 1,6,5,24,20;0,20,21,7,6;3,8,7,21,22;2,22,23,4,9,14,8;3,23,24,5,9;0,6,11,10,9,4,24;0,1,7,11,5;1,21,2,8,13,12,11,6;2,3,14,13,7;3,4,5,10,15,14;5,11,16,15,9;5,6,7,12,17,16,10;7,13,19,18,17,11;7,8,14,19,12;3,9,15,19,13,8;9,10,16,21,20,19,14;10,11,17,22,21,15;11,12,18,23,22,16;12,19,24,23,17;12,13,14,15,20,24,18;0,24,19,15,21,1;1,20,15,16,22,2,7;2,21,16,17,23,3;3,22,17,18,24,4;0,5,4,23,18,19,20
torus166 25 4,5,20,19,24;2,22,21,20,6,7;1,7,13,8,3,22;2,8,9,23,22;0,24,23,9,10,5;0,4,10,6,20;1,20,5,10,11,12,7;1,6,12,18,13,2;2,13,14,9,3;3,8,14,10,4,23;4,9,14,19,11,6,5;6,10,19,15,16,17,12;6,11,17,18,7;2,7,18,14,8;8,13,18,19,10,9;11,19,20,21,16;11,15,21,22,17;11,16,22,23,18,12;7,12,17,23,24,19,14,13;0,20,15,11,10,14,18,24;0,5,6,1,21,15,19;1,22,16,15,20;1,2,3,23,17,16,21;3,9,4,24,18,17,22;0,19,18,23,4
torus167 25 1,7,6,4,24,20;0,20,21,2,7;1,21,22,19,13,12,7;4,9,14,8,23;0,6,9,3,23,24;6,11,16,10,9;0,7,11,5,9,4;0,1,2,12,11,6;3,14,19,22,16,23;3,4,6,5,10,14;5,16,15,14,9;5,6,7,12,17,16;2,13,17,11,7;2,19,18,17,12;3,9,10,15,21,20,19,8;10,16,22,21,14;5,11,17,18,23,8,22,15,10;11,12,13,18,16;13,19,20,24,23,16,17;2,22,8,14,20,18,13;0,24,18,19,14,21,1;1,20,14,15,22,2;2,21,15,16,8,19;3,8,16,18,24,4;0,4,23,18,20
torus168 25 1,6,12,19,20;0,20,21,2,6;1,21,22,3,6;2,22,23,4,9,7,6;3,23,24,13,19,5,9;4,19,12,10,9;0,1,2,3,7,12;3,9,8,13,18,11,12,6;7,9,14,19,13;3,4,5,10,14,8,7;5,12,11,16,14,9;7,18,16,10,12;0,6,7,11,10,5,19;4,24,18,7,8,19;8,9,10,16,15,19;14,16,21,20,19;10,11,18,17,21,15,14;16,18,24,23,22,21;7,13,24,17,16,11;0,12,5,4,13,8,14,15,20;0,19,15,21,1;1,20,15,16,17,22,2;2,21,17,23,3;3,22,17,24,4;4,23,17,18,13
torus169 25 4,5,20,24,23;2,21,6,12,7;1,7,8,9,3,22,21;2,9,4,23,22;0,23,3,9,5;0,4,9,11,12,6,20;1,21,10,20,5,12;1,12,13,8,2;2,7,13,14,9;2,8,14,16,11,5,4,3;6,21,16,14,15,20;5,9,16,17,12;1,6,5,11,17,18,19,13,7;7,12,19,14,8;8,13,19,15,10,16,9;10,14,19,18,24,20;9,14,10,21,17,11;11,16,21,22,23,24,18,12;12,17,24,15,19;12,18,15,14,13;0,5,6,10,15,24;1,2,22,17,16,10,6;2,3,23,17,21;0,24,17,22,3,4;0,20,15,18,17,23
torus170 25 1,6,4,24,20;0,20,22,2,12,6;1,22,8,7,12;4,9,8,23,11,24;0,6,5,9,3,24;4,6,11,16,10,9;0,1,12,18,11,5,4;2,8,13,24,18,12;2,22,23,3,9,13,7;3,4,5,10,14,13,8;5,16,15,19,14,9;3,23,17,16,5,6,18,24;1,2,7,18,6;7,8,9,14,24;9,10,19,24,13;10,16,17,21,19;5,11,17,15,10;11,23,22,21,15,16;6,12,7,24,11;10,15,21,20,24,14;0,24,19,21,22,1;15,17,22,20,19;1,20,21,17,23,8,2;3,8,22,17,11;0,4,3,11,18,7,13,14,19,20
torus171 25 4,5,6,7,21,20;2,9,3,22,17,16,21;1,21,7,13,8,9;1,9,4,23,22;0,20,24,23,3,9,5;0,4,9,10,11,6;0,5,11,12,7;0,6,12,13,2,21;2,13,19,14,9;1,2,8,14,10,5,4,3;5,9,14,15,21,16,11;5,10,16,12,6;6,11,16,17,18,24,20,19,13,7;2,7,12,19,8;8,19,15,10,9;10,14,19,20,21;1,17,12,11,10,21;1,22,18,12,16;12,17,22,23,24;8,13,12,20,15,14;0,21,15,19,12,24,4;0,7,2,1,16,10,15,20;1,3,23,18,17;3,4,24,18,22;4,20,12,18,23
torus172 25 1,6,5,10,4,24,19;0,19,20,21,2,7,12,6;1,21,22,8,7;4,9,8,22,23;0,10,9,3,23,24;0,6,11,16,10;0,1,12,11,5;1,2,8,14,13,12;2,22,3,9,14,7;3,4,10,14,8;0,5,16,14,9,4;5,6,12,17,16;1,7,13,18,17,11,6;7,14,19,24,18,12;7,8,9,10,16,15,20,19,13;14,16,22,21,20;5,11,17,22,15,14,10;11,12,18,23,22,16;12,13,24,23,17;0,24,13,14,20,1;1,19,14,15,21;1,20,15,22,2;2,21,15,16,17,23,3,8;3,22,17,18,24,4;0,4,23,18,13,19
torus173 25 4,5,6,20,24,18;2,21,6,12,13,7;1,7,8,3,21;2,8,9,23,22,21;0,18,17,23,9,10,5;0,4,10,11,12,6;0,5,12,1,21,20;1,13,14,8,2;2,7,14,9,3;3,8,14,10,4,23;4,9,14,16,11,5;5,10,16,17,12;1,6,5,11,17,18,13;1,12,18,19,14,7;7,13,19,15,16,10,9,8;14,19,24,20,21,16;10,14,15,21,22,17,11;4,18,12,11,16,22,23;0,24,19,13,12,17,4;13,18,24,15,14;0,6,21,15,24;1,2,3,22,16,15,20,6;3,23,17,16,21;3,9,4,17,22;0,20,15,19,18
torus174 25 1,5,14,4,23,18,24;0,24,20,21,6,5;3,8,7,21,22;2,22,4,9,8;0,14,9,3,22,23;0,1,6,10,14;1,21,7,12,11,10,5;2,8,13,12,6,21;2,3,9,13,7;3,4,14,13,8;5,6,11,16,15,14;6,12,17,16,10;6,7,13,19,18,23,17,11;7,8,9,14,19,12;0,5,10,15,20,19,13,9,4;10,16,22,21,20,14;10,11,17,22,15;11,12,23,22,16;0,23,12,19,24;12,13,14,20,24,18;1,24,19,14,15,21;1,20,15,22,2,7,6;2,21,15,16,17,23,4,3;0,4,22,17,12,18;0,18,19,20,1
torus175 25 1,6,11,4,19,21;0,21,2,7,6;1,21,20,22,3,8,7;2,22,23,24,9,8;0,11,5,9,24,19;4,11,16,10,9;0,1,7,12,11;1,2,8,14,13,12,6;2,3,9,14,7;3,24,4,5,10,14,8;5,16,23,15,14,9;0,6,12,17,16,5,4;6,7,13,18,17,11;7,14,19,18,12;7,8,9,10,15,20,19,13;10,23,22,20,14;5,11,17,23,10;11,12,18,23,16;12,13,19,23,17;0,4,24,23,18,13,14,20,21;2,21,19,14,15,22;0,19,20,2,1;2,20,15,23,3;3,22,15,10,16,17,18,19,24;3,23,19,4,9
torus176 25 1,5,4,24,20;0,20,21,6,5;3,8,21,16,22;2,22,4,9,8;0,5,9,3,22,23,24;0,1,6,10,9,4;1,21,7,12,10,5;6,21,8,14,18,12;2,3,9,10,14,7,21;3,4,5,10,8;5,6,12,17,11,14,8,9;10,17,16,15,13,14;6,7,18,17,10;11,15,19,18,14;7,8,10,11,13,18;11,16,21,19,13;2,21,15,11,17,22;10,12,18,22,16,11;7,14,13,19,23,22,17,12;13,15,21,20,24,23,18;0,24,19,21,1;1,20,19,15,16,2,8,7,6;2,16,17,18,23,4,3;4,22,18,19,24;0,4,23,19,20
torus177 25 4,10,5,6,20;2,21,20,6,7;1,7,8,3,21;2,8,4,23,22,21;0,20,24,18,23,3,8,10;0,10,11,12,6;0,5,12,23,18,13,7,1,20;1,6,13,8,2;2,7,13,9,10,4,3;8,13,14,15,10;0,4,8,9,15,11,5;5,10,15,16,17,12;5,11,17,23,6;6,18,24,19,14,9,8,7;9,13,19,21,22,16,15;9,14,16,11,10;11,15,14,22,17;11,16,22,23,12;4,24,13,6,23;13,24,20,21,14;0,6,1,21,19,24,4;1,2,3,22,14,19,20;3,23,17,16,14,21;3,4,18,6,12,17,22;4,20,19,13,18
torus178 25 1,6,11,10,4,23,24,19,20,21;0,21,2,7,6;1,21,16,17,3,8,7;2,17,22,4,9,8;0,10,9,3,22,23;10,11,12,17,15;0,1,7,12,11;1,2,8,13,18,12,6;2,3,9,14,19,13,7;3,4,10,14,8;0,11,5,15,14,9,4;0,6,12,5,10;5,11,6,7,18,17;7,8,19,24,18;8,9,10,15,16,20,19;5,17,16,14,10;2,21,20,14,15,17;2,16,15,5,12,18,22,3;7,13,24,23,22,17,12;0,24,13,8,14,20;0,19,14,16,21;0,20,16,2,1;3,17,18,23,4;0,4,22,18,24;0,23,18,13,19
torus179 25 4,5,6,20,24,23;2,20,6,11,17,7;1,7,8,14,9,22,21,20;4,23,16,22,9;0,23,3,9,5;0,4,9,11,6;0,5,11,1,20;1,17,12,8,2;2,7,12,13,14;2,14,19,10,11,5,4,3,22;9,19,15,16,11;1,6,5,9,10,16,23,17;7,17,18,13,8;8,12,18,24,19,14;2,8,13,19,9;10,19,20,21,16;3,23,11,10,15,21,22;1,11,23,18,12,7;12,17,23,24,13;9,14,13,24,20,15,10;0,6,1,2,21,15,19,24;2,22,16,15,20;2,9,3,16,21;0,24,18,17,11,16,3,4;0,20,19,13,18,23
torus180 25 1,6,4,23,24,20;0,20,21,2,7,12,6;1,21,22,8,7;4,5,8,22,16,23;0,6,5,3,23;3,4,6,11,9,8;0,1,12,17,11,5,4;1,2,8,24,18,12;2,22,3,5,9,14,13,24,7;5,11,10,14,8;9,11,16,15,14;5,6,17,23,16,10,9;1,7,18,17,6;8,14,15,19,24;8,9,10,15,13;10,16,19,13,14;3,22,21,20,19,15,10,11,23;6,12,18,23,11;7,24,23,17,12;13,15,16,20,24;0,24,19,16,21,1;1,20,16,22,2;2,21,16,3,8;0,4,3,16,11,17,18,24;0,23,18,7,8,13,19,20
torus181 25 4,9,14,5,20;2,21,15,6,7;1,7,3,22,21;2,7,13,8,9,4,23,22;0,20,24,23,3,9;0,14,10,11,20;1,15,20,11,16,17,12,7;1,6,12,13,3,2;3,13,19,14,9;0,4,3,8,14;5,14,15,21,16,11;5,10,16,6,20;6,17,18,13,7;3,7,12,18,19,8;0,9,8,19,15,10,5;1,21,10,14,19,18,24,20,6;6,11,10,21,17;6,16,21,22,23,24,18,12;12,17,24,15,19,13;8,13,18,15,14;0,5,11,6,15,24,4;1,2,22,17,16,10,15;2,3,23,17,21;3,4,24,17,22;4,20,15,18,17,23
torus182 25 1,4,23,24,19,20;0,20,21,22,2,6,5,4;1,22,3,8,7,12,6;2,22,23,9,8;0,1,5,9,23;1,6,11,9,4;1,2,12,11,5;2,8,14,13,12;2,3,9,14,7;3,23,4,5,11,10,19,14,8;9,11,16,15,19;5,6,12,18,17,22,16,10,9;2,7,13,18,11,6;7,14,19,18,12;7,8,9,19,13;10,16,21,20,19;10,11,22,21,15;11,18,24,23,22;11,12,13,19,24,17;0,24,18,13,14,9,10,15,20;0,19,15,21,1;1,20,15,16,22;1,21,16,11,17,23,3,2;0,4,9,3,22,17,24;0,23,17,18,19
torus183 25 5,6,24,23,10;2,20,24,6,7;1,7,3,22,21,20;2,7,8,9,4,22;3,9,10,23,22;0,10,11,12,6;0,5,12,7,1,24;1,6,12,13,8,3,2;3,7,13,14,9;3,8,14,15,10,4;0,23,4,9,15,16,11,5;5,10,16,22,17,18,12;5,11,18,19,13,7,6;7,12,19,14,8;8,13,19,15,9;9,14,19,24,20,21,16,10;10,15,21,22,11;11,22,23,24,18;11,17,24,19,12;12,18,24,15,14,13;1,2,21,15,24;2,22,16,15,20;2,3,4,23,17,11,16,21;0,24,17,22,4,10;0,6,1,20,15,19,18,17,23
torus184 25 1,6,5,4,24;0,24,20,2,6;1,20,21,22,3,8,7,6;2,22,17,23,8;0,5,9,23,19,24;0,6,7,12,10,9,4;0,1,2,7,5;2,8,14,13,12,5,6;2,3,23,9,10,14,7;4,5,10,8,23;5,12,11,15,14,8,9;10,12,17,16,15;5,7,13,18,17,11,10;7,14,15,19,18,12;7,8,10,15,13;10,11,16,21,20,19,13,14;11,17,22,21,15;3,22,16,11,12,18,23;12,13,19,23,17;4,23,18,13,15,20,24;1,24,19,15,21,2;2,20,15,16,22;2,21,16,17,3;3,17,18,19,4,9,8;0,4,19,20,1
torus185 25 1,6,11,24,20;0,20,2,7,6;1,20,21,22,23,4,3,7;2,4,9,14,8,7;2,23,24,5,9,3;4,24,11,10,9;0,1,7,12,17,11;1,2,3,8,13,12,6;3,14,19,13,7;3,4,5,10,14;5,11,15,14,9;0,6,17,16,15,10,5,24;6,7,13,18,17;7,8,19,18,12;3,9,10,15,21,19,8;10,11,16,21,14;11,17,22,21,15;6,12,18,23,22,16,11;12,13,19,23,17;8,14,21,24,23,18,13;0,24,21,2,1;2,20,24,19,14,15,16,22;2,21,16,17,23;2,22,17,18,19,24,4;0,11,5,4,23,19,21,20
torus186 25 1,6,23,24,20;0,20,8,7,6;3,20,19,21,22;2,22,17,18,23,4,10,8,20;3,23,5,9,10;4,23,6,12,9;0,1,7,12,5,23;1,8,13,12,6;1,20,3,10,14,13,7;4,5,12,11,10;3,4,9,11,16,15,14,8;9,12,17,16,10;5,6,7,13,19,17,11,9;7,8,14,19,12;8,10,15,19,13;10,16,21,19,14;10,11,17,22,21,15;3,22,16,11,12,19,18;3,17,19,24,23;2,20,24,18,17,12,13,14,15,21;0,24,19,2,3,8,1;2,19,15,16,22;2,21,16,17,3;0,6,5,4,3,18,24;0,23,18,19,20
torus187 25 1,7,6,5,24;0,24,20,21,2,7;1,21,17,22,7;4,9,8,22,23;3,23,24,5,9;0,6,11,16,10,14,9,4,24;0,7,12,11,5;0,1,2,22,8,14,10,15,13,12,6;3,9,14,7,22;3,4,5,14,8;5,16,15,7,14;5,6,12,18,17,21,16;6,7,13,18,11;7,15,19,18,12;5,10,7,8,9;7,10,16,20,19,13;5,11,21,20,15,10;2,21,11,18,19,23,22;11,12,13,19,17;13,15,20,24,23,17,18;1,24,19,15,16,21;1,20,16,11,17,2;2,17,23,3,8,7;3,22,17,19,24,4;0,5,4,23,19,20,1
torus188 25 1,2,20,24,4,5;0,5,6,7,2;0,1,7,8,9,3,23,21,20;2,9,10,5,4,23;0,24,23,3,5;0,4,3,10,15,16,11,6,1;1,5,11,12,7;1,6,12,8,2;2,7,12,14,9;2,8,14,10,3;3,9,14,13,19,15,5;5,16,17,12,6;6,11,17,18,13,14,8,7;10,14,12,18,19;8,12,13,10,9;5,10,19,20,16;5,15,20,21,22,17,11;11,16,22,18,12;12,17,22,24,20,19,13;10,13,18,20,15;0,2,21,16,15,19,18,24;2,23,22,16,20;16,21,23,24,18,17;2,3,4,24,22,21;0,20,18,22,23,4
torus189 25 1,6,12,11,5,9,4,19,20;0,20,21,2,6;1,21,22,8,6;4,8,22,16,17,23;0,9,8,3,23,24,19;0,11,16,10,9;0,1,2,8,7,12;6,8,13,18,17,12;2,22,3,4,9,14,13,7,6;0,5,10,14,8,4;5,16,22,15,14,9;0,12,17,16,5;0,6,7,17,11;7,8,14,15,19,24,18;8,9,10,15,13;10,22,21,20,19,13,14;3,22,10,5,11,17;3,16,11,12,7,18,23;7,13,24,23,17;0,4,24,13,15,20;0,19,15,21,1;1,20,15,22,2;2,21,15,10,16,3,8;3,17,18,24,4;4,23,18,13,19
torus190 25 1,7,6,5,10,9;0,9,4,21,22,2,7;1,22,3,8,20,7;2,22,23,24,4,9,10,14,8;1,9,3,24,12,21;0,6,12,11,10;0,7,20,12,5;0,1,2,20,6;2,3,14,19,13,20;0,10,3,4,1;0,5,11,14,3,9;5,12,18,17,16,15,19,14,10;4,24,18,11,5,6,20,21;8,19,15,21,20;3,10,11,19,8;11,16,21,13,19;11,17,22,21,15;11,18,23,22,16;11,12,24,23,17;8,14,11,15,13;2,8,13,21,12,6,7;1,4,12,20,13,15,16,22;1,21,16,17,23,3,2;3,22,17,18,24;3,23,18,12,4
torus191 25 1,6,24,18,20;0,20,15,17,21,6;3,9,8,11,21;2,21,22,4,9;3,22,23,18,24,5,10,9;4,24,11,16,10;0,1,21,11,24;8,14,13,12,11;2,9,14,7,11;2,3,4,10,14,8;4,5,16,14,9;2,8,7,12,16,5,24,6,21;7,13,18,16,11;7,14,19,18,12;7,8,9,10,16,15,19,13;1,20,19,14,16,17;5,11,12,18,23,17,15,14,10;1,15,16,23,22,21;0,24,4,23,16,12,13,19,20;13,14,15,20,18;0,18,19,15,1;1,17,22,3,2,11,6;3,21,17,23,4;4,22,17,16,18;0,6,11,5,4,18
torus192 25 2,15,20,24,4,6,21;6,8,18,19,7,21;0,21,3,22,15;2,21,7,13,8,4,24,22;0,24,3,8,6;8,9,10,11,12;0,4,8,1,21;1,19,13,3,21;1,6,4,3,13,14,9,5,12,23,18;5,8,14,15,10;5,9,15,16,11;5,10,16,17,12;5,11,17,23,8;3,7,19,14,8;8,13,19,15,9;0,2,22,16,10,9,14,19,20;10,15,22,17,11;11,16,22,24,23,12;1,8,23,24,20,19;1,18,20,15,14,13,7;0,15,19,18,24;0,6,1,7,3,2;2,3,24,17,16,15;8,12,17,24,18;0,20,18,23,17,22,3,4
torus193 25 1,18,24,20,21;0,21,2,8,11,6,18;1,21,22,3,8;2,22,9,14,8;7,12,23,10,9,22,17,11;6,16,14,10,23,18;1,11,16,5,18;4,11,8,14,12;1,2,3,14,7,11;3,22,4,10,14;4,23,5,14,9;1,8,7,4,17,16,6;4,7,14,13,24,18,23;12,14,19,20,24;3,9,10,5,16,15,19,13,12,7,8;14,16,17,22,21,19;5,6,11,17,15,14;4,22,15,16,11;0,1,6,5,23,12,24;13,14,15,21,20;0,24,13,19,21;0,20,19,15,22,2,1;2,21,15,17,4,9,3;4,12,18,5,10;0,18,12,13,20
torus194 25 6,11,23,18,24;2,8,23,4,7,6,24;1,24,18,14,15,20,8;8,20,21,22,23;1,23,11,5,9,7;4,11,10,16,9;0,24,1,7,13,12,11;1,4,9,21,15,14,19,13,6;1,2,20,3,23;4,5,16,21,7;5,11,12,17,16;0,6,12,10,5,4,23;6,13,17,10,11;6,7,19,17,12;2,18,19,7,15;2,14,7,21,20;5,10,17,22,21,9;10,12,13,19,18,23,22,16;0,23,17,19,14,2,24;7,14,18,17,13;2,15,21,3,8;3,20,15,7,9,16,22;3,21,16,17,23;0,11,4,1,8,3,22,17,18;0,18,2,1,6
torus195 25 4,5,21,20,19,17,23;2,21,5,11,6;1,6,7,13,8,3,24,22,16,10,20,21;2,8,14,9,4,24;0,23,24,3,9,5;0,4,9,15,10,16,11,1,21;1,11,12,7,2;2,6,12,18,13;2,13,19,14,3;3,14,15,5,4;2,16,5,15,19,20;1,5,16,22,23,17,12,6;6,11,17,18,7;2,7,18,19,8;3,8,19,15,9;5,9,14,19,10;2,22,11,5,10;0,19,18,12,11,23;7,12,17,19,13;0,20,10,15,14,8,13,18,17;0,21,2,10,19;0,5,1,2,20;2,24,23,11,16;0,17,11,22,24,4;2,3,4,23,22
torus196 25 1,6,4,20,19;0,19,21,2,6;1,21,22,3,7,6;2,22,4,8,7;0,6,5,9,8,3,22,17,20;4,6,11,10,9;0,1,2,7,11,5,4;2,3,8,13,12,17,16,11,6;3,4,9,15,19,14,13,7;4,5,10,15,8;5,11,16,15,9;5,6,7,16,10;7,13,18,23,17;7,8,14,18,12;8,19,24,18,13;8,9,10,16,19;7,17,22,21,19,15,10,11;4,22,16,7,12,23,20;12,13,14,24,23;0,20,24,14,8,15,16,21,1;0,4,17,23,24,19;1,19,16,22,2;2,21,16,17,4,3;12,18,24,20,17;14,19,20,23,18
torus197 25 3,4,15,20,5,9,8;2,6,5,20,21;1,21,8,10,6;0,8,22,23,24,4;0,3,24,19,15;0,20,1,6,9;1,2,10,11,17,9,5;8,14,12,11,10;0,9,14,7,10,2,21,16,22,3;0,5,6,17,19,14,8;2,8,7,11,6;6,10,7,12,17;7,14,18,17,11;14,19,24,23,18;7,8,9,19,13,18,12;0,4,19,17,20;8,21,20,17,22;6,11,12,18,23,22,16,20,15,19,9;12,14,13,23,17;4,24,13,14,9,17,15;0,15,17,16,21,1,5;1,20,16,8,2;3,8,16,17,23;3,22,17,18,13,24;3,23,13,19,4
torus198 25 5,6,24,9,10;2,20,19,24,6;1,6,3,21,20;2,6,7,8,14,4,23,21;3,14,9,24,18,23;0,10,11,17,12,6;0,5,12,7,3,2,1,24;3,6,12,13,18,8;3,7,18,19,14;0,24,4,14,10;0,9,14,11,5;5,10,14,16,22,17;5,17,13,7,6;7,12,17,22,23,18;3,8,19,15,16,11,10,9,4;14,19,20,21,16;11,14,15,21,23,22;5,11,22,13,12;4,24,19,8,7,13,23;1,20,15,14,8,18,24;1,2,21,15,19;2,3,23,16,15,20;11,16,23,13,17;3,4,18,13,22,16,21;0,6,1,19,18,4,9
torus199 25 1,4,20,21,18;0,18,17,2,8,7,6,5,4;1,17,22,19,8;9,11,10,14,23;0,1,5,9,23,24,15,20;1,6,11,9,4;1,7,12,11,5;1,8,13,21,16,12,6;1,2,19,13,7;3,23,4,5,11;3,11,12,16,15,14;3,9,5,6,12,10;6,7,16,10,11;7,8,19,18,21;3,10,15,19,22,23;4,24,19,14,10,16,20;7,21,20,15,10,12;1,18,23,22,2;0,21,13,19,24,23,17,1;2,22,14,15,24,18,13,8;0,4,15,16,21;0,20,16,7,13,18;2,17,23,14,19;3,14,22,17,18,24,4,9;4,23,18,19,15
torus200 25 1,2,23,3,6,12,5,24,20;0,20,15,21,2;0,1,21,22,23;0,23,9,14,16,8,6;9,23,11,17,24;0,12,10,14,24;0,3,8,7,12;6,8,13,18,12;3,16,19,13,7,6;3,23,4,24,14;5,12,11,22,16,14;4,23,22,10,12,17;0,6,7,18,17,11,10,5;7,8,19,24,18;3,9,24,5,10,16;1,20,19,16,21;3,14,10,22,21,15,19,8;4,11,12,18,24;7,13,24,17,12;8,16,15,20,24,13;0,24,19,15,1;1,15,16,22,2;2,21,16,10,11,23;0,2,22,11,4,9,3;0,5,14,9,4,17,18,13,19,20
torus201 25 1,3,21,4,6,12,7;0,7,2,23,3;1,7,8,9,5,4,21,20,18,23;0,1,23,22,21;0,21,2,5,6;2,9,10,11,6,4;0,4,5,11,12;0,12,8,2,1;2,7,12,13,9;2,8,13,14,10,5;5,9,14,15,16,11;5,10,16,17,12,6;0,6,11,17,22,23,18,24,19,13,8,7;8,12,19,14,9;9,13,19,15,10;10,14,19,24,16;10,15,24,20,21,17,11;11,16,21,22,12;2,20,24,12,23;12,24,15,14,13;2,21,16,24,18;0,3,22,17,16,20,2,4;3,23,12,17,21;1,2,18,12,22,3;12,18,20,16,15,19
torus202 25 5,6,8,12,11;6,23,22,18,13,14,17,21;3,21,19,22,23;2,23,20,4,21;3,20,10,7,21;0,11,10,20,23,6;0,5,23,1,21,8;4,10,9,13,12,8,21;0,6,21,7,12;7,10,24,14,13;4,20,5,11,18,16,15,24,9,7;0,12,18,10,5;0,8,7,13,18,11;1,18,12,7,9,14;1,13,9,24,17;10,16,21,17,24;10,18,19,21,15;1,14,24,15,21;1,22,19,16,10,11,12,13;2,21,16,18,22;3,23,5,10,4;1,17,15,16,19,2,3,4,7,8,6;1,23,2,19,18;1,6,5,20,3,2,22;9,10,15,17,14
torus203 25 1,6,12,14,9,19;0,19,21,2,6;1,21,22,3,6;2,22,4,7,6;3,22,17,8,7;10,11,17,16,15;0,1,2,3,7,18,12;3,4,8,13,15,16,20,19,18,6;4,17,24,14,13,7;0,14,24,23,19;5,15,13,12,11;5,10,12,18,17;0,6,18,11,10,13,14;7,8,14,12,10,15;0,12,13,8,24,9;5,16,7,13,10;5,17,20,7,15;4,22,21,20,16,5,11,18,23,24,8;6,7,19,23,17,11,12;0,9,23,18,7,20,21,1;7,16,17,21,19;1,19,20,17,22,2;2,21,17,4,3;9,24,17,18,19;8,17,23,9,14
torus204 25 2,4,24,15,22;2,13,14,12,4;0,22,5,21,8,13,1,4;8,17,23,9,13;0,2,1,12,10,9,23,18,19,24;2,22,20,7,6,21;5,7,12,17,21;5,20,16,12,6;2,21,17,3,13;3,23,4,10,15,14,13;4,12,16,15,9;12,14,19,18,17;1,14,11,17,6,7,16,10,4;1,2,8,3,9,14;1,13,9,15,24,19,11,12;0,24,14,9,10,16,20,22;7,20,15,10,12;3,8,21,6,12,11,18,23;4,23,17,11,19;4,18,11,14,24;5,22,15,16,7;2,5,6,17,8;0,15,20,5,2;3,17,18,4,9;0,4,19,14,15
torus205 25 4,14,9,11,5,18,17,8,23;6,7,20,19,18;3,8,17,16,21,24;2,24,7,23,8;0,23,7,12,14;0,11,12,6,18;1,18,5,12,7;1,6,12,4,23,3,24,20;0,17,2,3,23;0,14,22,19,11;11,19,15,21,16;0,9,19,10,16,12,5;4,7,6,5,11,16,13,22,14;12,16,18,19,22;0,4,12,22,9;10,19,20,24,21;2,17,18,13,12,11,10,21;0,18,16,2,8;0,5,6,1,19,13,16,17;1,20,15,10,11,9,22,13,18;1,7,24,15,19;2,16,10,15,24;9,14,12,13,19;0,8,3,7,4;2,21,15,20,7,3
torus206 25 13,18,24,20,19;3,24,11,6,12;3,7,8,11,4;1,12,7,2,4,23,22,20,24;2,11,9,23,3;10,15,21,16,11;1,11,22,17,12;2,3,12,13,14,8;2,7,14,10,11;4,11,24,18,12,17,23;5,11,8,14,15;1,24,9,4,2,8,10,5,16,22,6;1,6,17,9,18,13,7,3;0,19,15,14,7,12,18;7,13,15,10,8;5,10,14,13,19,21;5,21,20,22,11;6,22,23,9,12;0,13,12,9,24;0,20,21,15,13;0,24,3,22,16,21,19;5,15,19,20,16;3,23,17,6,11,16,20;3,4,9,17,22;0,18,9,11,1,3,20
torus207 25 5,20,6,11,22;2,24,12,19,8;1,8,5,7,6,24;4,21,19,16,18;3,18,12,24,20,5,21;0,22,23,10,15,9,7,2,8,21,4,20;0,20,24,2,7,14,11;2,5,9,14,6;1,19,21,5,2;5,15,13,14,7;5,23,16,19,15;0,6,14,13,22;1,24,4,18,17,19;9,15,19,17,22,11,14;6,7,9,13,11;5,10,19,13,9;3,19,10,23,18;12,18,22,13,19;3,16,23,22,17,12,4;1,12,17,13,15,10,16,3,21,8;0,5,4,24,6;3,4,5,8,19;0,11,13,17,18,23,5;5,22,18,16,10;1,2,6,20,4,12
torus208 25 4,5,20,19,24;2,21,15,20,5,6,7;1,7,8,9,21;4,13,6,22,23;0,24,13,3,23,21,18,5;0,4,18,12,6,1,20;1,5,12,22,3,13,10,7;1,6,10,8,2;2,7,10,14,9;2,8,14,11,21;6,13,24,19,15,21,23,16,14,8,7;9,14,16,22,17,21;5,18,17,22,6;3,4,24,10,6;8,10,16,11,9;1,21,10,19,20;10,23,22,11,14;11,22,12,18,21;4,21,17,12,5;0,20,15,10,24;0,5,1,15,19;1,2,9,11,17,18,4,23,10,15;3,6,12,17,11,16,23;3,22,16,10,21,4;0,19,10,13,4
torus209 25 5,7,6,17,11;2,12,7,5,20,22,8;1,8,15,16,12;5,11,15,10,23,13,18;9,24,19,22,10;0,11,3,18,19,24,20,1,7;0,7,12,16,17;0,5,1,12,6;1,22,18,21,15,2;4,10,15,20,24;3,15,9,4,22,23;0,17,15,3,5;1,2,16,6,7;3,23,14,21,18;13,23,22,20,15,21;2,8,21,14,20,9,10,3,11,17,16;2,15,17,6,12;0,6,16,15,11;3,13,21,8,22,19,5;4,24,5,18,22;1,5,24,9,15,14,22;8,18,13,14,15;1,20,14,23,10,4,19,18,8;3,10,22,14,13;4,9,20,5,19
torus210 25 1,20,15,22,21;0,21,2,7,20;1,21,23,3,9,8,7;2,23,16,4,9;3,16,17,18,13,5,10,9;4,13,6,12,11,10;5,13,19,7,12;1,2,8,24,18,17,12,6,19,20;2,9,14,24,7;2,3,4,10,14,8;4,5,11,14,9;5,12,23,14,10;5,6,7,17,16,23,11;4,18,24,14,22,15,19,6,5;8,9,10,11,23,22,13,24;0,20,19,13,22;3,23,12,17,4;4,16,12,7,18;4,17,7,24,13;6,13,15,20,7;0,1,7,19,15;0,22,23,2,1;0,15,13,14,23,21;2,21,22,14,11,12,16,3;7,8,14,13,18
torus211 25 4,5,11,9,14;2,13,5,22,20;1,20,15,21,7,13;7,17,16,18,23,14,13;0,14,23,24,5;0,4,24,22,1,13,6,11;5,13,12,18,11;2,21,17,3,13;12,14,19,24,18;0,11,16,10,14;9,16,17,21,15,14;0,5,6,18,16,9;6,13,14,8,18;1,2,7,3,14,12,6,5;0,9,10,15,20,19,8,12,13,3,23,4;2,20,14,10,21;3,17,10,9,11,18;3,7,21,10,16;3,16,11,6,12,8,24,23;8,14,20,22,24;1,22,19,14,15,2;2,15,10,17,7;1,5,24,19,20;3,18,24,4,14;4,23,18,8,19,22,5
torus212 25 1,4,14,16,11,21;0,21,20,24,4;3,22,17,18,21,7,8;2,8,9,4,22;0,1,24,23,22,3,9,14;10,18,12,16,14;7,21,11,12,13;2,21,6,13,8;2,7,13,9,3;3,8,13,14,4;5,14,15,21,18;0,16,12,6,21;5,18,17,23,24,20,19,13,6,11,16;6,12,19,15,14,9,8,7;0,4,9,13,15,10,5,16;10,14,13,19,21;0,14,5,12,11;2,22,23,12,18;2,17,12,5,10,21;12,20,21,15,13;1,21,19,12,24;0,11,6,7,2,18,10,15,19,20,1;2,3,4,23,17;4,24,12,17,22;1,20,12,23,4
torus213 25 5,9,10,6,12,11,23,22;2,24,19,15,21,16,17,20;1,20,8,7,6,24;4,24,13,8,20;3,20,22,23,18,24;0,22,20,17,9;0,10,24,2,7,12;2,8,13,12,6;2,20,3,13,7;0,5,17,16,10;0,9,16,21,14,24,6;0,12,13,15,19,18,23;0,6,7,13,11;3,24,14,15,11,12,7,8;10,21,15,13,24;1,19,11,13,14,21;1,21,10,9,17;1,16,9,5,20;4,23,11,19,24;1,24,18,11,15;1,17,5,22,4,3,8,2;1,15,14,10,16;0,23,4,20,5;0,11,18,4,22;1,2,6,10,14,13,3,4,18,19
torus214 24 1,7,6,5,23,18;0,18,19,2,8,7;1,19,20,3,9,8;2,20,21,4,10,9;3,21,22,5,11,10;0,6,11,4,22,23;0,7,13,12,11,5;0,1,8,14,13,6;1,2,9,15,14,7;2,3,10,16,15,8;3,4,11,17,16,9;4,5,6,12,17,10;6,13,19,18,17,11;6,7,14,20,19,12;7,8,15,21,20,13;8,9,16,21,14;9,10,17,23,22,21,15;10,11,12,18,23,16;0,23,17,12,19,1;1,18,12,13,20,2;2,19,13,14,21,3;3,20,14,15,16,22,4;4,21,16,23,5;0,5,22,16,17,18
torus215 24 1,7,6,5,23,18;0,18,19,2,8,7;1,19,20,3,9,8;2,20,21,4,10,9;3,21,22,5,11,10;0,6,11,4,22,23;0,7,13,12,11,5;0,1,8,14,13,6;1,2,9,15,14,7;2,3,10,16,22,15,8;3,4,11,17,16,9;4,5,6,12,17,10;6,13,19,18,17,11;6,7,14,20,19,12;7,8,15,21,20,13;8,9,22,21,14;9,10,17,23,22;10,11,12,18,23,16;0,23,17,12,19,1;1,18,12,13,20,2;2,19,13,14,21,3;3,20,14,15,22,4;4,21,15,9,16,23,5;0,5,22,16,17,18
torus216 24 1,7,6,5,23,18;0,18,19,8,14,7;3,9,8,19,20;2,20,21,4,10,9;3,21,22,5,6,11,10;0,6,4,22,23;0,7,13,12,11,4,5;0,1,14,13,6;1,19,2,9,15,14;2,3,10,16,15,8;3,4,11,17,16,9;4,6,12,17,10;6,13,19,18,17,11;6,7,14,20,19,12;1,8,15,21,20,13,7;8,9,16,22,21,14;9,10,17,23,22,15;10,11,12,18,23,16;0,23,17,12,19,1;1,18,12,13,20,2,8;2,19,13,14,21,3;3,20,14,15,22,4;4,21,15,16,23,5;0,5,22,16,17,18
torus217 24 1,7,6,5,23,17,18;0,18,19,2,8,7;1,19,20,21,3,9,8;2,21,4,11,10,9;3,21,22,5,11;0,6,11,4,22,23;0,7,13,12,11,5;0,1,8,14,13,6;1,2,9,15,14,7;2,3,10,16,15,8;3,11,17,16,9;3,4,5,6,12,17,10;6,13,19,18,17,11;6,7,14,20,19,12;7,8,15,21,20,13;8,9,16,22,21,14;9,10,17,23,22,15;0,23,16,10,11,12,18;0,17,12,19,1;1,18,12,13,20,2;2,19,13,14,21;2,20,14,15,22,4,3;4,21,15,16,23,5;0,5,22,16,17
torus218 24 1,7,6,5,23,18;0,18,19,2,8,7;1,19,20,21,3,9,8;2,21,4,10,9;3,21,5,11,10;0,6,11,4,21,22,23;0,7,13,12,17,11,5;0,1,8,14,13,6;1,2,9,15,14,7;2,3,10,16,15,8;3,4,11,17,16,9;4,5,6,17,10;6,13,19,18,17;6,7,14,20,19,12;7,8,15,21,20,13;8,9,16,22,21,14;9,10,17,23,22,15;6,12,18,23,16,10,11;0,23,17,12,19,1;1,18,12,13,20,2;2,19,13,14,21;2,20,14,15,22,5,4,3;5,21,15,16,23;0,5,22,16,17,18
torus219 24 1,7,6,5,23,17,18;0,18,19,2,8,14,7;1,19,20,3,9,8;2,20,21,4,10,9;3,21,22,5,11,10;0,6,11,4,22,23;0,7,13,12,11,5;0,1,14,13,6;1,2,9,15,14;2,3,10,16,15,8;3,4,11,17,16,9;4,5,6,12,17,10;6,13,20,19,18,17,11;6,7,14,20,12;1,8,15,21,20,13,7;8,9,16,22,21,14;9,10,17,23,22,15;0,23,16,10,11,12,18;0,17,12,19,1;1,18,12,20,2;2,19,12,13,14,21,3;3,20,14,15,22,4;4,21,15,16,23,5;0,5,22,16,17
torus220 24 1,6,5,23,18;0,18,19,20,2,8,7,6;1,20,3,9,8;2,20,21,4,10,9;3,21,22,5,11,10;0,6,11,4,22,23;0,1,7,13,12,11,5;1,8,14,13,6;1,2,9,15,21,14,7;2,3,10,16,15,8;3,4,11,17,16,9;4,5,6,12,17,10;6,13,19,18,17,11;6,7,14,20,19,12;7,8,21,20,13;8,9,16,22,21;9,10,17,23,22,15;10,11,12,18,23,16;0,23,17,12,19,1;1,18,12,13,20;1,19,13,14,21,3,2;3,20,14,8,15,22,4;4,21,15,16,23,5;0,5,22,16,17,18
torus221 24 1,7,6,5,23,18;0,18,19,2,7;1,19,20,3,9,8,7;2,20,14,21,4,10,9;3,21,22,5,11,10;0,6,11,4,22,23;0,7,13,12,11,5;0,1,2,8,14,13,6;2,9,15,14,7;2,3,10,16,15,8;3,4,11,17,16,9;4,5,6,12,17,10;6,13,19,18,17,11;6,7,14,20,19,12;3,20,13,7,8,15,21;8,9,16,22,21,14;9,10,17,18,23,22,15;10,11,12,18,16;0,23,16,17,12,19,1;1,18,12,13,20,2;2,19,13,14,3;3,14,15,22,4;4,21,15,16,23,5;0,5,22,16,18
torus222 24 1,7,13,6,5,23,18;0,18,19,20,2,8,7;1,20,3,9,8;2,20,21,4,11,10,9;3,21,22,5,11;0,6,11,4,22,23;0,13,12,11,5;0,1,8,14,13;1,2,9,15,14,7;2,3,10,16,15,8;3,11,17,16,9;3,4,5,6,12,17,10;6,13,19,18,17,11;0,7,14,20,19,12,6;7,8,15,21,20,13;8,9,16,22,21,14;9,10,17,23,22,15;10,11,12,18,23,16;0,23,17,12,19,1;1,18,12,13,20;1,19,13,14,21,3,2;3,20,14,15,22,4;4,21,15,16,23,5;0,5,22,16,17,18
torus223 24 1,7,6,5,23,18;0,18,19,2,8,7;1,19,20,3,9,8;2,20,21,4,10,16,9;3,21,22,5,6,11,10;0,6,4,22,23;0,7,13,12,11,4,5;0,1,8,15,14,13,6;1,2,9,15,7;2,3,16,15,8;3,4,11,17,16;4,6,12,17,10;6,13,19,18,17,11;6,7,14,20,19,12;7,15,21,20,13;7,8,9,16,22,21,14;3,10,17,23,22,15,9;10,11,12,18,23,16;0,23,17,12,19,1;1,18,12,13,20,2;2,19,13,14,21,3;3,20,14,15,22,4;4,21,15,16,23,5;0,5,22,16,17,18
torus224 24 1,7,6,5,23,18;0,18,19,2,8,7;1,19,20,3,9,8;2,20,21,22,4,10,9;3,22,5,11,10;0,6,11,4,22,23;0,7,13,12,11,5;0,1,8,14,13,6;1,2,9,14,7;2,3,10,17,16,15,14,8;3,4,11,17,9;4,5,6,12,17,10;6,13,19,18,17,11;6,7,14,20,19,12;7,8,9,15,21,20,13;9,16,22,21,14;9,17,23,22,15;9,10,11,12,18,23,16;0,23,17,12,19,1;1,18,12,13,20,2;2,19,13,14,21,3;3,20,14,15,22;3,21,15,16,23,5,4;0,5,22,16,17,18
torus225 24 1,7,6,11,5,23,18;0,18,12,19,2,8,7;1,19,20,3,9,8;2,20,21,4,11,10,9;3,21,22,5,11;0,11,4,22,23;0,7,13,12,11;0,1,8,14,13,6;1,2,9,15,14,7;2,3,10,16,15,8;3,11,17,16,9;0,6,12,17,10,3,4,5;1,18,17,11,6,13,19;6,7,14,20,19,12;7,8,15,21,20,13;8,9,16,22,21,14;9,10,17,23,22,15;10,11,12,18,23,16;0,23,17,12,1;1,12,13,20,2;2,19,13,14,21,3;3,20,14,15,22,4;4,21,15,16,23,5;0,5,22,16,17,18
torus226 24 1,7,6,5,23,18;0,18,19,2,8,7;1,19,3,9,15,8;2,19,20,21,4,10,9;3,21,5,11,10;0,6,11,4,21,22,23;0,7,13,12,11,5;0,1,8,14,13,6;1,2,15,14,7;2,3,10,16,15;3,4,11,17,16,9;4,5,6,12,17,10;6,13,19,18,17,11;6,7,14,20,19,12;7,8,15,21,20,13;2,9,16,22,21,14,8;9,10,17,23,22,15;10,11,12,18,23,16;0,23,17,12,19,1;1,18,12,13,20,3,2;3,19,13,14,21;3,20,14,15,22,5,4;5,21,15,16,23;0,5,22,16,17,18
torus227 24 1,7,6,5,18;0,18,19,2,8,7;1,19,20,21,3,8;2,21,4,9,8;3,21,22,6,11,10,9;0,6,22,23,18;0,7,12,11,4,22,5;0,1,8,14,13,12,6;1,2,3,9,15,14,7;3,4,10,16,15,8;4,11,17,16,9;4,6,12,17,10;6,7,13,19,18,17,11;7,14,20,19,12;7,8,15,22,21,20,13;8,9,16,22,14;9,10,17,23,22,15;10,11,12,18,23,16;0,5,23,17,12,19,1;1,18,12,13,20,2;2,19,13,14,21;2,20,14,22,4,3;4,21,14,15,16,23,5,6;5,22,16,17,18
torus228 24 5,11,6,7,18,23;2,3,19,18,7,8;1,8,15,9,3;1,2,9,10,4,21,20,19;3,10,12,11,5,22,21;0,23,16,22,4,11;0,11,12,13,7;0,6,13,8,1,18;1,7,13,14,15,2;2,15,22,16,10,3;3,9,16,17,12,4;0,5,4,12,6;4,10,17,18,19,13,6,11;6,12,19,20,14,8,7;8,13,20,21,15;2,8,14,21,22,9;5,23,17,10,9,22;10,16,23,18,12;0,7,1,19,12,17,23;1,3,20,13,12,18;3,21,14,13,19;3,4,22,15,14,20;4,5,16,9,15,21;0,18,17,16,5
torus229 24 1,7,6,5,22,23,18;0,18,2,8,7;1,18,19,20,9,8;4,11,10,9,20,15,21;3,21,22,5,11;0,6,11,4,22;0,7,12,11,5;0,1,8,14,13,12,6;1,2,9,16,21,15,14,7;2,20,3,10,16,8;3,11,17,16,9;3,4,5,6,12,17,10;6,7,13,19,18,17,11;7,14,20,19,12;7,8,15,20,13;3,20,14,8,21;8,9,10,17,23,22,21;10,11,12,18,23,16;0,23,17,12,19,2,1;2,18,12,13,20;2,19,13,14,15,3,9;3,15,8,16,22,4;0,5,4,21,16,23;0,22,16,17,18
torus230 24 1,8,7,6,23,18;0,18,19,2,9,8;1,19,20,3,10,9;2,20,21,4,10;3,21,22,5,11,10;4,22,16,17,23,6,11;0,7,13,19,11,5,23;0,8,14,13,6;0,1,9,15,14,7;1,2,10,16,15,8;2,3,4,11,12,17,16,9;4,5,6,19,12,10;10,11,19,18,17;6,7,14,21,20,19;7,8,15,21,13;8,9,16,22,21,14;5,22,15,9,10,17;5,16,10,12,18,23;0,23,17,12,19,1;1,18,12,11,6,13,20,2;2,19,13,21,3;3,20,13,14,15,22,4;4,21,15,16,5;0,6,5,17,18
torus231 24 1,7,13,6,23,18;0,18,19,2,8,7;1,19,20,3,9,8;2,20,21,22,4,10,9;3,22,5,11,10;4,22,23,6,12,11;0,13,12,5,23;0,1,8,14,20,13;1,2,9,16,15,14,7;2,3,10,16,8;3,4,11,17,23,16,9;4,5,12,17,10;5,6,13,19,17,11;0,7,20,19,12,6;7,8,15,21,20;8,16,22,21,14;8,9,10,23,22,15;10,11,12,19,18,23;0,23,17,19,1;1,18,17,12,13,20,2;2,19,13,7,14,21,3;3,20,14,15,22;3,21,15,16,23,5,4;0,6,5,22,16,10,17,18
torus232 24 1,7,6,5,23,18;0,18,2,8,7;1,18,19,20,3,9,8;2,20,21,4,10,9;3,21,22,11,10;0,6,11,22,16,23;0,7,13,12,17,10,11,5;0,1,8,14,13,6;1,2,9,15,14,7;2,3,10,16,15,8;3,4,11,6,17,16,9;4,22,5,6,10;6,13,19,18,17;6,7,14,20,19,12;7,8,15,21,20,13;8,9,16,21,14;5,22,21,15,9,10,17,23;6,12,18,23,16,10;0,23,17,12,19,2,1;2,18,12,13,20;2,19,13,14,21,3;3,20,14,15,16,22,4;4,21,16,5,11;0,5,16,17,18
torus233 24 1,7,6,23,18;0,18,19,2,8,7;1,19,13,20,3,9,8;2,20,4,11,10,9;3,20,21,22,5,11;4,22,23,6,11;0,7,13,11,5,23;0,1,8,14,13,6;1,2,9,16,15,14,7;2,3,10,16,8;3,11,17,16,9;3,4,5,6,13,12,17,10;11,13,19,18,17;2,19,12,11,6,7,14,20;7,8,15,21,20,13;8,16,23,22,21,14;8,9,10,17,18,23,15;10,11,12,18,16;0,23,16,17,12,19,1;1,18,12,13,2;2,13,14,21,4,3;4,20,14,15,22;4,21,15,23,5;0,6,5,22,15,16,18
torus234 24 1,7,13,6,5,22,23,18;0,18,19,2,9,8,7;1,19,20,21,3,9;2,21,4,10,9;3,21,22,5,11,10;0,6,11,4,22;0,13,12,17,11,5;0,1,8,14,13;1,9,10,15,14,7;1,2,3,10,8;3,4,11,16,15,8,9;4,5,6,17,16,10;6,13,19,18,17;0,7,14,20,19,12,6;7,8,15,20,13;8,10,16,22,20,14;10,11,17,23,22,15;6,12,18,23,16,11;0,23,17,12,19,1;1,18,12,13,20,2;2,19,13,14,15,22,21;2,20,22,4,3;0,5,4,21,20,15,16,23;0,22,16,17,18
torus235 24 1,7,6,5,23,17,18;0,18,19,8,7;3,10,9,8,19,20;2,20,21,4,10;3,21,5,6,11,10;0,6,4,21,22,23;0,7,14,13,12,11,4,5;0,1,8,15,14,6;1,19,2,9,15,7;2,10,11,17,16,15,8;2,3,4,11,9;4,6,12,17,9,10;6,13,19,18,17,11;6,14,21,20,19,12;6,7,15,21,13;7,8,9,16,22,21,14;9,17,23,22,15;0,23,16,9,11,12,18;0,17,12,19,1;1,18,12,13,20,2,8;2,19,13,21,3;3,20,13,14,15,22,5,4;5,21,15,16,23;0,5,22,16,17
torus236 24 1,8,7,5,23,18;0,18,19,2,8;1,19,20,3,9,15,8;2,20,21,22,4,10,9;3,22,23,5,11,10;0,7,6,11,4,23;5,7,13,12,11;0,8,14,13,6,5;0,1,2,15,21,14,7;2,3,10,16,15;3,4,11,16,9;4,5,6,12,17,16,10;6,13,19,18,17,11;6,7,14,19,12;7,8,21,20,19,13;2,9,16,21,8;9,10,11,17,22,21,15;11,12,18,23,22,16;0,23,17,12,19,1;1,18,12,13,14,20,2;2,19,14,21,3;3,20,14,8,15,16,22;3,21,16,17,23,4;0,5,4,22,17,18
torus237 24 1,7,6,5,23;0,23,18,19,2,7;1,19,20,21,3,9,8,7;2,21,4,10,9;3,21,22,11,10;0,6,11,22,23;0,7,13,20,12,11,5;0,1,2,8,14,13,6;2,9,15,14,7;2,3,10,16,15,8;3,4,11,17,16,9;4,22,5,6,12,17,10;6,20,19,18,17,11;6,7,14,21,20;7,8,15,21,13;8,9,16,21,14;9,10,17,23,22,21,15;10,11,12,18,23,16;1,23,17,12,19;1,18,12,20,2;2,19,12,6,13,21;2,20,13,14,15,16,22,4,3;4,21,16,23,5,11;0,5,22,16,17,18,1
torus238 24 1,7,6,5,18;0,18,19,2,8,7;1,19,20,21,3,8;2,21,4,10,9,8;3,21,22,5,10;0,6,11,10,4,22,23,18;0,7,20,13,12,11,5;0,1,8,14,20,6;1,2,3,9,15,14,7;3,10,16,15,8;3,4,5,11,16,9;5,6,12,17,16,10;6,13,18,17,11;6,20,19,18,12;7,8,15,21,20;8,9,16,22,21,14;9,10,11,17,23,22,15;11,12,18,23,16;0,5,23,17,12,13,19,1;1,18,13,20,2;2,19,13,6,7,14,21;2,20,14,15,22,4,3;4,21,15,16,23,5;5,22,16,17,18
torus239 24 5,22,6,7,18,23;2,19,17,18,7,8;1,8,9,3,21,19;2,9,10,4,11,22,21;3,10,17,12,11;0,23,16,8,22;0,22,11,13,7;0,6,13,14,15,8,1,18;1,7,15,22,5,16,9,2;2,8,16,10,3;3,9,16,17,4;3,4,12,13,6,22;4,17,20,13,11;6,11,12,20,14,7;7,13,20,19,21,15;7,14,21,22,8;5,23,17,10,9,8;1,19,20,12,4,10,16,23,18;0,7,1,17,23;1,2,21,14,20,17;12,17,19,14,13;2,3,22,15,14,19;0,5,8,15,21,3,11,6;0,18,17,16,5
torus240 24 1,8,7,23,18;0,18,19,2,9,10,8;1,19,20,21,9;4,11,17,16,10,9,21;3,21,22,5,11;4,22,23,6,11;5,23,7,13,11;0,8,14,13,6,23;0,1,10,16,22,14,7;1,2,21,3,10;1,9,3,16,8;3,4,5,6,13,17;13,20,19,18,17;6,7,14,15,20,12,17,11;7,8,22,15,13;13,14,22,21,20;3,17,18,22,8,10;3,11,13,12,18,16;0,23,22,16,17,12,19,1;1,18,12,20,2;2,19,12,13,15,21;2,20,15,22,4,3,9;4,21,15,14,8,16,18,23,5;0,7,6,5,22,18
torus241 24 1,2,9,8,7,6,23,17;0,17,18,20,2;0,1,20,21,3,9;2,21,4,10,9;3,21,5,11,10;4,21,22,23,6,12,11;0,7,13,19,12,5,23;0,8,14,13,6;0,9,10,11,16,15,14,7;0,2,3,10,8;3,4,11,8,9;4,5,12,17,16,8,10;5,6,19,18,17,11;6,7,14,20,19;7,8,15,20,13;8,16,22,20,14;8,11,17,23,22,15;0,23,16,11,12,18,1;1,17,12,19,20;6,13,20,18,12;1,18,19,13,14,15,22,21,2;2,20,22,5,4,3;5,21,20,15,16,23;0,6,5,22,16,17
torus242 24 1,7,13,19,6,11,5,23;0,23,17,18,7;3,16,9,8,20;2,20,21,4,10,16;3,21,5,11,10;0,11,4,21,15,22,23;0,19,18,12,11;0,1,18,8,14,13;2,9,15,14,7,18,19,20;2,16,22,15,8;3,4,11,12,17,16;0,6,12,10,4,5;6,18,17,10,11;0,7,14,21,20,19;7,8,15,21,13;5,21,14,8,9,22;2,3,10,17,23,22,9;1,23,16,10,12,18;1,17,12,6,19,8,7;0,13,20,8,18,6;2,8,19,13,21,3;3,20,13,14,15,5,4;5,15,9,16,23;0,5,22,16,17,1
torus243 24 1,2,19,18,22,5,7;0,7,14,8,2;0,1,8,3,20,19;2,8,9,10,4,21,20;3,10,5,22,21;0,22,4,10,17,11,6,7;5,11,12,13,7;0,5,6,13,14,1;1,14,15,16,9,3,2;3,8,16,17,10;3,9,17,5,4;5,17,23,12,6;6,11,23,18,13;6,12,18,19,20,15,14,7;1,7,13,15,8;8,14,13,20,21,22,16;8,15,22,23,17,9;5,10,9,16,23,11;0,19,13,12,23,22;0,2,20,13,18;2,3,21,15,13,19;3,4,22,15,20;0,18,23,16,15,21,4,5;11,17,16,22,18,12
torus244 24 1,8,7,5,18,19;0,19,2,9,8;1,19,20,3,9;2,20,13,10,9;5,11,10,21,22;0,7,6,11,4,22,16,23,18;5,7,14,21,13,12,11;0,8,14,6,5;0,1,9,14,7;1,2,3,10,23,16,15,14,8;3,13,21,4,11,17,23,9;4,5,6,12,17,10;6,13,20,19,17,11;3,20,12,6,21,10;6,7,8,9,15,21;9,16,22,21,14;5,22,15,9,23;10,11,12,19,18,23;0,5,23,17,19;0,18,17,12,20,2,1;2,19,12,13,3;4,10,13,6,14,15,22;4,21,15,16,5;5,16,9,10,17,18
torus245 24 1,7,6,11,5,23,18;0,18,19,3,2,7;1,3,9,8,7;1,19,20,21,22,4,17,10,9,2;3,22,5,11,17;0,11,4,22,23;0,7,8,13,12,11;0,1,2,8,6;2,9,14,13,6,7;2,3,10,16,15,14,8;3,17,12,16,9;0,6,12,17,4,5;6,13,19,18,16,10,17,11;6,8,14,20,19,12;8,9,15,21,20,13;9,16,22,21,14;9,10,12,18,23,22,15;3,4,11,12,10;0,23,16,12,19,1;1,18,12,13,20,3;3,19,13,14,21;3,20,14,15,22;3,21,15,16,23,5,4;0,5,22,16,18
torus246 24 1,7,6,23,17,18;0,18,19,2,15,22,8,7;1,19,3,9,15;2,19,20,21,10,9;5,11,17,10,21;4,21,8,22,23,6,11;0,7,11,5,23;0,1,8,14,13,12,11,6;1,22,5,21,14,7;2,3,10,16,15;3,21,4,17,23,16,9;4,5,6,7,12,17;7,13,19,18,17,11;7,14,20,19,12;7,8,21,20,13;1,2,9,16,22;9,10,23,22,15;0,23,10,4,11,12,18;0,17,12,19,1;1,18,12,13,20,3,2;3,19,13,14,21;3,20,14,8,5,4,10;1,15,16,23,5,8;0,6,5,22,16,10,17
torus247 24 1,7,20,13,6,18,12;0,12,17,11,19,2,8,7;1,19,20,9,8;4,10,16,9,20,7,14,21;3,21,22,11,10;6,11,22,15,9,16,23,18;0,13,11,5,18;0,1,8,14,3,20;1,2,9,15,14,7;2,20,3,16,5,15,8;3,4,11,17,16;1,17,10,4,22,5,6,13,19;0,18,23,17,1;0,20,19,11,6;3,7,8,15,21;5,22,21,14,8,9;3,10,17,23,5,9;1,12,23,16,10,11;0,6,5,23,12;1,11,13,20,2;0,7,3,9,2,19,13;3,14,15,22,4;4,21,15,5,11;5,16,17,12,18
torus248 24 5,6,14,10,23;2,19,12,18,7;1,7,8,3,20,13,19;2,8,15,16,9,21,20;5,22,21,9,11;0,23,22,4,11,6;0,5,11,13,20,14;1,18,14,8,2;2,7,14,15,3;3,16,10,11,4,21;0,14,17,11,9,16,23;4,9,10,17,12,19,13,6,5;1,19,11,17,18;2,20,6,11,19;0,6,20,21,22,15,8,7,18,17,10;3,8,14,22,16;3,15,22,23,10,9;10,14,18,12,11;1,12,17,14,7;1,2,13,11,12;2,3,21,14,6,13;3,9,4,22,14,20;4,5,23,16,15,14,21;0,10,16,22,5
torus249 24 1,7,6,5,23,17,18;0,18,19,2,9,7;1,19,20,3,9;2,20,21,4,10,9;3,21,22,5,11,10;0,6,11,4,22,23;0,7,8,11,5;0,1,9,8,6;6,7,9,15,14,13,11;1,2,3,10,16,15,8,7;3,4,11,17,16,9;4,5,6,8,13,12,17,10;11,13,20,19,18,17;8,14,20,12,11;8,15,22,21,20,13;8,9,16,23,22,14;9,10,17,23,15;0,23,16,10,11,12,18;0,17,12,19,1;1,18,12,20,2;2,19,12,13,14,21,3;3,20,14,22,4;4,21,14,15,23,5;0,5,22,15,16,17
torus250 24 1,7,14,20,13,23;0,23,18,19,2,7;1,19,20,3,9,8,7;2,20,4,10,9;3,20,21,22,23,5,11,10;4,23,13,6,11;5,13,20,12,17,11;0,1,2,8,14;2,9,16,15,14,7;2,3,10,16,8;3,4,11,17,16,9;4,5,6,17,10;6,20,19,18,16,17;0,20,6,5,23;0,7,8,15,21,20;8,16,18,22,21,14;8,9,10,17,12,18,15;6,12,16,10,11;1,23,22,15,16,12,19;1,18,12,20,2;0,14,21,4,3,2,19,12,6,13;4,20,14,15,22;4,21,15,18,23;0,13,5,4,22,18,1
torus251 24 5,6,7,18,23;2,19,18,7,8;1,8,9,21,20,19;4,22,21,9,10;3,10,11,12,6,5,22;0,23,16,22,4,6;0,5,4,12,13,8,7;0,6,8,1,18;1,7,6,13,14,15,9,2;2,8,15,10,3,21;3,9,15,16,17,11,4;4,10,17,18,12;4,11,18,19,20,13,6;6,12,20,14,8;8,13,20,21,16,15;8,14,16,10,9;5,23,17,10,15,14,21,22;10,16,23,18,11;0,7,1,19,12,11,17,23;1,2,20,12,18;2,21,14,13,12,19;2,9,3,22,16,14,20;3,4,5,16,21;0,18,17,16,5
torus252 24 1,5,23,17,18;0,18,8,7,5;9,10,19,13,20;4,11,9,20,21;3,21,22,5,11;0,1,7,6,11,4,22,23;5,7,13,12,11;1,8,14,20,13,6,5;1,18,16,14,7;2,20,3,11,10;2,9,11,17,23,22,16,19;3,4,5,6,12,18,17,10,9;6,13,19,18,11;2,19,12,6,7,20;7,8,16,15,20;14,16,22,21,20;8,18,19,10,22,15,14;0,23,10,11,18;0,17,11,12,19,16,8,1;2,10,16,18,12,13;2,13,7,14,15,21,3,9;3,20,15,22,4;4,21,15,16,10,23,5;0,5,22,10,17
torus253 24 1,7,6,23,18;0,18,2,9,8,14,20,13,7;1,18,19,21,9;4,11,10,9,21;3,21,15,22,5,11;4,22,23,6,11;0,7,11,5,23;0,1,13,11,6;1,9,16,15,14;1,2,21,3,10,16,8;3,11,17,16,9;3,4,5,6,7,13,12,17,10;11,13,19,18,17;1,20,19,12,11,7;1,8,15,21,20;4,21,14,8,16,17,22;8,9,10,17,15;10,11,12,18,22,15,16;0,23,22,17,12,19,2,1;2,18,12,13,20,21;1,14,21,19,13;2,19,20,14,15,4,3,9;4,15,17,18,23,5;0,6,5,22,18
torus254 24 1,7,5,23,18;0,18,12,19,8,9,15,7;3,10,8,19,20;2,20,21,4,10;3,21,23,11,12,10;0,7,6,11,23;5,7,13,12,11;0,1,15,14,20,13,6,5;1,19,2,10,17,9;1,8,17,16,15;2,3,4,12,17,8;4,23,5,6,12;1,18,17,10,4,11,6,13,19;6,7,20,19,12;7,15,22,21,20;1,9,16,22,14,7;9,17,23,22,15;8,10,12,18,23,16,9;0,23,17,12,1;1,12,13,20,2,8;2,19,13,7,14,21,3;3,20,14,22,23,4;14,15,16,23,21;0,5,11,4,21,22,16,17,18
torus255 24 1,8,6,23,16,18;0,18,12,2,8;1,12,13,19,10,8;5,10,19,20,21;5,21,22,16,23;3,21,4,23,6,11,10;0,8,7,13,11,5,23;6,8,15,14,13;0,1,2,10,9,15,7,6;8,10,16,22,15;2,19,3,5,11,17,16,9,8;5,6,13,17,10;1,18,17,13,2;2,12,17,11,6,7,14,20,19;7,15,22,21,20,13;7,8,9,22,14;0,23,4,22,9,10,17,18;10,11,13,12,18,16;0,16,17,12,1;2,13,20,3,10;3,19,13,14,21;3,20,14,22,4,5;4,21,14,15,9,16;0,6,5,4,16
torus256 24 1,7,6,5,23,16,17,18;0,18,19,8,7;3,4,9,19,20;2,20,12,14,21,4;2,3,21,22,23,5,11,10,9;0,6,11,4,23;0,7,12,11,5;0,1,8,13,12,6;1,19,9,16,22,15,13,7;2,4,10,16,8,19;4,11,17,16,9;4,5,6,12,18,17,10;3,20,18,11,6,7,13,14;7,8,15,14,12;3,12,13,15,21;8,22,21,14,13;0,23,22,8,9,10,17;0,16,10,11,18;0,17,11,12,20,19,1;1,18,20,2,9,8;2,19,18,12,3;3,14,15,22,4;4,21,15,8,16,23;0,5,4,22,16
torus257 24 5,11,7,18,23;2,18,7,13,8;1,8,9,3,20,18;2,9,22,21,20;5,22,9,10,11;0,23,22,4,11;11,12,19,14,13;0,11,13,1,18;1,13,15,9,2;2,8,15,16,10,4,22,3;4,9,16,17,11;0,5,4,10,17,12,6,13,7;6,11,17,18,19;1,7,11,6,14,15,8;6,19,20,21,16,15,13;8,13,14,16,9;9,15,14,21,17,10;10,16,21,22,23,18,12,11;0,7,1,2,20,19,12,17,23;6,12,18,20,14;2,3,21,14,19,18;3,22,17,16,14,20;3,9,4,5,23,17,21;0,18,17,22,5
torus258 24 1,14,7,6,5,23;0,23,19,8,15,14;3,17,9,8,19,20,21;2,21,22,4,10,17;3,22,23,5,10;0,6,11,10,4,23;0,7,12,11,5;0,14,13,19,18,12,6;1,19,2,9,15;2,17,16,15,8;3,4,5,11,17;5,6,12,17,10;6,7,18,17,11;7,14,15,20,19;0,1,15,13,7;1,8,9,16,22,21,20,13,14;9,17,23,22,15;2,3,10,11,12,18,23,16,9;7,19,23,17,12;1,23,18,7,13,20,2,8;2,19,13,15,21;2,20,15,22,3;3,21,15,16,23,4;0,5,4,22,16,17,18,19,1
torus259 24 1,7,6,23,18;0,18,20,19,2,8,7;1,19,9,16,15,8;4,9,19,20,21;3,21,22,5,9;4,22,6,11,10,9;0,7,14,13,12,11,5,22,23;0,1,8,14,6;1,2,15,14,7;2,19,3,4,5,10,16;5,11,17,23,16,9;5,6,12,17,10;6,13,18,17,11;6,14,21,18,12;6,7,8,15,21,13;2,16,23,22,21,14,8;2,9,10,23,15;10,11,12,18,23;0,23,17,12,13,21,20,1;1,20,3,9,2;1,18,21,3,19;3,20,18,13,14,15,22,4;4,21,15,23,6,5;0,6,22,15,16,10,17,18
torus260 24 1,8,7,6,23,17,11,18;0,18,19,9,8;3,9,19,13,20;2,20,21,4,10,9;3,21,5,6,7,12,11,10;4,21,22,23,6;0,7,4,5,23;0,8,14,13,12,4,6;0,1,9,15,21,14,7;1,19,2,3,10,17,16,15,8;3,4,11,17,9;0,17,10,4,12,18;4,7,13,19,18,11;2,19,12,7,14,20;7,8,21,20,13;8,9,16,22,21;9,17,23,22,15;0,23,16,9,10,11;0,11,12,19,1;1,18,12,13,2,9;2,13,14,21,3;3,20,14,8,15,22,5,4;5,21,15,16,23;0,6,5,22,16,17
torus261 24 1,5,22,23,18,19;0,19,2,7,6,11,5;1,19,9,8,7;9,19,20,21,10,16;5,11,17,10,21,22;0,1,11,4,22;1,7,13,17,11;1,2,8,13,6;2,9,15,14,13,7;2,19,3,16,23,15,8;3,21,4,17,12,16;1,6,17,4,5;10,17,13,19,18,16;6,7,8,14,19,12,17;8,15,20,19,13;8,9,23,22,21,20,14;3,10,12,18,23,9;4,11,6,13,12,10;0,23,16,12,19;0,18,12,13,14,20,3,9,2,1;3,19,14,15,21;3,20,15,22,4,10;0,5,4,21,15,23;0,22,15,9,16,18
torus262 24 1,8,7,6,4,5,18;0,18,19,13,2,8;1,13,20,3,10,11,17,8;2,20,21,4,10;0,6,10,3,21,5;0,4,21,22,23,18;0,7,13,19,12,11,10,4;0,8,14,13,6;0,1,2,17,16,9,15,14,7;8,16,22,21,15;2,3,4,6,11;2,10,6,12,17;6,19,18,17,11;1,19,6,7,14,20,2;7,8,15,20,13;8,9,21,20,14;8,17,23,22,9;2,11,12,18,23,16,8;0,5,23,17,12,19,1;1,18,12,6,13;2,13,14,15,21,3;3,20,15,9,22,5,4;5,21,9,16,23;5,22,16,17,18
torus263 24 1,7,6,9,5,18;0,18,19,8,14,15,16,7;8,19,12,13,20;5,9,8,20,21;6,11,10,15,14,9;0,9,3,21,16,17,23,18;0,7,13,23,11,4,9;0,1,16,22,13,6;1,19,2,20,3,9,14;0,6,4,14,8,3,5;4,11,17,16,15;4,6,23,17,10;2,19,18,23,13;2,12,23,6,7,22,20;1,8,9,4,15;1,14,4,10,16;1,15,10,17,5,21,22,7;5,16,10,11,23;0,5,23,12,19,1;1,18,12,2,8;2,13,22,21,3,8;3,20,22,16,5;7,16,21,20,13;5,17,11,6,13,12,18
torus264 24 1,9,8,7,6,5,22,23,17,18;0,18,12,19,16,15,9;3,16,19,13,20;2,20,21,10,16;5,11,10,21,15,22;0,6,11,4,22;0,7,12,11,5;0,8,14,12,6;0,9,20,14,7;0,1,15,21,20,8;3,21,4,11,12,18,17,16;4,5,6,12,10;1,18,10,11,6,7,14,13,19;2,19,12,14,20;7,8,20,13,12;1,16,23,22,4,21,9;1,19,2,3,10,17,23,15;0,23,16,10,18;0,17,10,12,1;1,12,13,2,16;2,13,14,8,9,21,3;3,20,9,15,4,10;0,5,4,15,23;0,22,15,16,17
torus265 24 1,6,13,7,8;0,8,19,23,6;8,16,9,10,11;4,18,11,5,22;3,22,15,21,20,18;3,11,10,6,22;0,1,23,16,15,22,5,10,17,12,13;0,13,14,16,8;0,7,16,2,11,19,1;2,16,18,17,10;2,9,17,6,5,11;2,10,5,3,18,19,8;6,17,18,20,13;0,6,12,20,21,14,7;7,13,21,15,16;4,22,6,16,14,21;2,8,7,14,15,6,23,18,9;6,10,9,18,12;3,4,20,12,17,9,16,23,19,11;1,8,11,18,23;4,21,13,12,18;4,15,14,13,20;3,5,6,15,4;1,19,18,16,6
torus266 24 1,7,11,16,10,5,23,18;0,18,2,9,7;1,18,20,3,10,16,9;2,20,4,5,10;3,20,21,23,5;0,10,3,4,23;7,8,13,19,18,12;0,1,9,8,6,12,11;6,7,9,16,15,14,13;1,2,16,8,7;0,16,2,3,5;0,7,12,17,16;6,18,17,11,7;6,8,14,21,19;8,15,23,21,13;8,16,22,23,14;0,11,17,22,15,8,9,2,10;11,12,18,22,16;0,23,22,17,12,6,19,20,2,1;6,13,21,20,18;2,18,19,21,4,3;4,20,19,13,14,23;15,16,17,18,23;0,5,4,21,14,15,22,18
torus267 24 1,2,18,5,6,7,8;0,8,15,9,2;0,1,9,19,18;5,22,21,14,20,19,9;9,10,12,11,13;0,18,17,22,3,9,6;0,5,9,13,7;0,6,13,14,8;0,7,14,15,1;1,15,16,10,4,13,6,5,3,19,2;4,9,16,23,12;4,12,19,20,13;4,10,23,19,11;4,11,20,14,7,6,9;3,21,15,8,7,13,20;1,8,14,21,16,9;9,15,21,22,17,23,10;5,18,23,16,22;0,2,19,23,17,5;2,9,3,20,11,12,23,18;3,14,13,11,19;3,22,16,15,14;3,5,17,16,21;10,16,17,18,19,12
torus268 24 1,7,6,5,18;0,18,2,16,8,7;1,18,19,9,16;9,19,20,12,21,14;5,6,10,14,21,15,22;0,6,4,22,18;0,7,13,11,10,4,5;0,1,8,13,6;1,16,14,23,15,12,13,7;2,19,3,14,16;4,6,11,17,14;6,13,12,17,10;3,20,17,11,13,8,15,21;6,7,8,12,11;3,21,4,10,17,18,23,8,16,9;4,21,12,8,23,22;1,2,9,14,8;10,11,12,20,18,14;0,5,22,23,14,17,20,19,2,1;2,18,20,3,9;3,19,18,17,12;3,12,15,4,14;4,15,23,18,5;8,14,18,22,15
torus269 24 1,8,13,6,5,21,23,18;0,18,12,14,2,10,16,7,8;1,14,20,3,10;2,20,5,4,10;3,5,6,19,12,11,16,10;0,6,4,3,20,15,21;0,13,19,4,5;1,16,11,22,9,15,8;0,1,7,15,13;7,22,23,21,15;1,2,3,4,16;4,12,17,22,7,16;1,18,17,11,4,19,14;0,8,15,19,6;1,12,19,15,20,2;5,20,14,19,13,8,7,9,21;1,10,4,11,7;11,12,18,23,22;0,23,17,12,1;4,6,13,15,14,12;2,14,15,5,3;0,5,15,9,23;7,11,17,23,9;0,21,9,22,17,18
torus270 24 1,8,14,17,18;0,18,19,2,8;1,19,13,7,20,21,3,9,8;2,21,10,23,9;5,11,12,10,14,15,22;4,22,23,6,11;5,23,17,7,13,11;2,13,6,17,20;0,1,2,9,16,15,14;2,3,23,16,8;3,21,14,4,12,23;4,5,6,13,12;4,11,13,19,18,17,23,10;2,19,12,11,6,7;0,8,15,4,10,21,20,17;4,14,8,16,22;8,9,23,22,15;0,14,20,7,6,23,12,18;0,17,12,19,1;1,18,12,13,2;2,7,17,14,21;2,20,14,10,3;4,15,16,23,5;3,10,12,17,6,5,22,16,9
torus271 24 1,7,4,23,16,18;0,18,19,8,7;3,17,12,13,20;2,20,21,22,23,4,6,5,10,8,19,17;0,7,6,3,23;3,6,11,16,10;3,4,7,13,12,11,5;0,1,8,10,9,14,13,6,4;1,19,3,10,7;7,10,16,15,14;3,5,16,9,7,8;5,6,12,17,16;2,17,11,6,13;2,12,6,7,14,20;7,9,15,21,20,13;9,16,22,21,14;0,23,22,15,9,10,5,11,17,18;2,3,19,18,16,11,12;0,16,17,19,1;1,18,17,3,8;2,13,14,21,3;3,20,14,15,22;3,21,15,16,23;0,4,3,22,16
torus272 24 5,11,7,18,23;2,19,18,7,8;1,8,9,3,20,13,19;2,9,10,4,21,20;3,10,11,5,21;0,23,15,21,4,11;12,18,19,13,14;0,11,8,1,18;1,7,11,12,14,22,9,2;2,8,22,17,16,10,3;3,9,16,11,4;0,5,4,10,16,12,8,7;6,14,8,11,16,18;2,20,14,6,19;6,13,20,21,15,22,8,12;5,23,22,14,21;9,17,18,12,11,10;9,22,23,18,16;0,7,1,19,6,12,16,17,23;1,2,13,6,18;2,3,21,14,13;3,4,5,15,14,20;8,14,15,23,17,9;0,18,17,22,15,5
torus273 24 4,18,7,23,17,21;2,6,23,7,20,19,9;1,9,15,8,6;9,19,10,11,12;0,21,22,5,11,10,18;4,22,23,6,11;1,2,8,14,13,12,11,5,23;0,18,20,1,23;2,15,22,14,6;1,19,3,12,13,21,17,16,15,2;3,19,20,18,4,11;3,10,4,5,6,12;3,11,6,13,9;6,14,21,9,12;6,8,22,21,13;2,9,16,22,8;9,17,23,22,15;0,23,16,9,21;0,4,10,20,7;1,20,10,3,9;1,7,18,10,19;0,17,9,13,14,22,4;4,21,14,8,15,16,23,5;0,7,1,6,5,22,16,17
torus274 24 4,5,19,18,23;2,7,14,8,16;1,16,12,10,9,19,5,7;4,21,13,20,9,10,11;0,23,22,15,21,3,11,7,5;0,4,7,2,19;7,11,18,19,20;1,2,5,4,11,6,20,13,14;1,14,21,15,16;2,10,3,20,19;2,12,18,11,3,9;3,10,18,6,7,4;2,16,17,18,10;3,21,14,7,20;1,7,13,21,8;4,22,16,8,21;1,8,15,22,17,12,2;12,16,22,23,18;0,19,6,11,10,12,17,23;0,5,2,9,20,6,18;3,13,7,6,19,9;3,4,15,8,14,13;4,23,17,16,15;0,18,17,22,4
torus275 24 6,7,19,23,16,15,8,14,21,22;2,7,13,18,21,14;1,14,8,9,19,7;4,22,17,10,11;3,11,5,12,22;4,11,19,18,13,12;0,22,12,13,7;0,6,13,1,2,19;0,15,9,2,14;2,8,15,18,19;3,17,23,19,11;3,10,19,5,4;4,5,13,6,22;1,7,6,12,5,18;0,8,2,1,21;0,16,18,9,8;0,23,20,18,15;3,22,20,23,10;1,13,5,19,9,15,16,20,21;0,7,2,9,18,5,11,10,23;16,23,17,22,21,18;0,14,1,18,20,22;0,21,20,17,3,4,12,6;0,19,10,17,20,16
torus276 24 3,7,13,17,12;3,22,11,9,7;3,12,10,19,20,4;0,12,2,4,22,1,7;2,20,21,22,3;6,22,16,23,18;5,18,17,14,22;0,3,1,9,8,20,13;7,9,15,21,20;1,11,23,16,15,8,7;2,12,17,18,23,11,19;1,22,14,13,19,10,23,9;0,17,10,2,3;0,7,20,19,11,14,17;6,17,13,11,22;8,9,16,22,21;5,22,15,9,23;0,13,14,6,18,10,12;5,23,10,17,6;2,10,11,13,20;2,19,13,7,8,21,4;4,20,8,15,22;1,3,4,21,15,16,5,6,14,11;5,16,9,11,10,18
torus277 24 5,10,23,17,20,11;2,8,18,20,21;1,21,9,15,8;4,10,9,21,12;3,12,22,23,10;0,11,12,21,16,10;7,14,13,12,11;6,11,18,8,15,10,14;1,2,15,7,18;2,21,3,10,15;0,5,16,14,7,15,9,3,4,23;0,20,18,7,6,12,5;3,21,5,11,6,13,19,22,4;6,14,20,19,12;6,7,10,16,20,13;2,9,10,7,8;5,21,20,14,10;0,23,22,19,20;1,8,7,11,20;12,13,20,17,22;0,17,19,13,14,16,21,1,18,11;1,20,16,5,12,3,9,2;4,12,19,17,23;0,10,4,22,17
torus278 24 1,4,23,15,16;0,16,8,19,10,4;3,21,16,20,18;2,18,19,8,9,21;0,1,10,12,23;11,22,17,23,12;7,23,9,8,22,11,13;6,13,18,14,23;1,16,22,6,9,3,19;3,8,6,23,17,21;1,19,18,12,4;5,12,13,6,22;4,10,18,13,11,5,23;6,11,12,18,7;7,18,20,15,23;0,23,14,20,16;0,15,20,2,21,17,22,8,1;5,22,16,21,9,23;2,20,14,7,13,12,10,19,3;1,8,3,18,10;2,16,15,14,18;2,3,9,17,16;5,11,6,8,16,17;0,4,12,5,17,9,6,7,14,15
torus279 24 4,5,9,10,23;6,19,18,12,17,23,11;3,20,13,7,9;2,9,5,15,20;0,23,17,21,22,8,15,5;0,4,15,3,9;1,11,14,22,16,7,19;2,13,19,6,16,12,9;4,22,9,12,18,13,20,15;0,5,3,2,7,12,8,22,14,10;0,9,14,11,23;1,23,10,14,6;1,18,8,9,7,16,21,17;2,20,8,18,19,7;6,11,10,9,22;3,5,4,8,20;6,22,21,12,7;1,12,21,4,23;1,19,13,8,12;1,6,7,13,18;2,3,15,8,13;4,17,12,16,22;4,21,16,6,14,9,8;0,10,11,1,17,4
torus280 24 4,7,5,22,18;3,19,8,4,18;3,10,12,6,20;1,18,10,2,20,21,13,14,11,19;0,18,1,8,16,23,20,9,11,14,7;0,7,13,21,22;2,12,15,19,9,20;0,4,14,13,5;1,19,15,16,4;4,20,6,19,11;2,3,18,17,23,16,12;3,14,4,9,19;2,10,16,15,6;3,21,5,7,14;3,13,7,4,11;6,12,16,8,19;4,8,15,12,10,23;10,18,22,20,23;0,22,17,10,3,1,4;1,3,11,9,6,15,8;2,6,9,4,23,17,22,21,3;3,20,22,5,13;0,5,21,20,17,18;4,16,10,17,20
torus281 24 5,7,8,17,9,15,21;2,17,8,23,18,19;1,19,20,3,17;2,20,14,10,17;5,11,10,14,22;0,21,6,11,4,22,7;5,21,13,19,12,16,11;0,5,22,23,8;0,7,23,1,17;0,17,11,16,15;3,14,4,11,17;4,5,6,16,9,17,10;6,19,18,22,16;6,21,14,20,19;3,20,13,21,15,22,4,10;0,9,16,22,14,21;6,12,22,15,9,11;0,8,1,2,3,10,11,9;1,23,22,12,19;1,18,12,6,13,20,2;2,19,13,14,3;0,15,14,13,6,5;4,14,15,16,12,18,23,7,5;1,8,7,22,18
torus282 24 1,2,23,5,6;0,6,7,15,2;0,1,15,8,9,13,18,23;7,14,19,21,22;5,11,12,13,6;0,23,20,9,11,4,6;0,5,4,13,14,7,1;1,6,14,3,22,16,15;2,15,16,10,9;2,8,10,11,5,20,21,19,13;8,16,17,12,11,9;4,5,9,10,12;4,11,10,17,13;2,9,19,14,6,4,12,17,18;3,7,6,13,19;1,7,16,8,2;7,22,18,17,10,8,15;10,16,18,13,12;2,13,17,16,22,23;3,14,13,9,21;5,23,22,21,9;3,19,9,20,22;3,21,20,23,18,16,7;0,2,18,22,20,5
torus283 24 1,12,21,7,8,6,22,19;0,19,2,5,12;1,19,20,16,15,10,6,8,5;4,10,15,23,5,14;3,14,11,6,10;1,2,8,7,9,14,3,23,18,12;0,8,2,10,4,11,22;0,21,9,5,8;0,7,5,2,6;5,7,21,17,14;2,15,3,4,6;4,14,13,22,6;0,1,5,18,17,21;11,14,20,19,22;3,5,9,17,16,20,13,11,4;2,16,23,3,10;2,20,14,17,18,23,15;9,21,12,18,16,14;5,23,16,17,12;0,22,13,20,2,1;2,19,13,14,16;0,12,17,9,7;0,6,11,13,19;3,15,16,18,5
torus284 24 3,6,19,7,20;2,3,8,7,19,12;1,12,5,13,3;0,20,4,10,8,1,2,13,6;3,20,11,17,10;2,12,22,23,13;0,3,13,23,18,12,19;0,19,1,8,9,14,11,20;1,3,10,9,7;7,8,10,17,16,23,15,14;3,4,17,9,8;4,20,7,14,21,12,18,16,17;1,19,6,18,11,21,22,5,2;2,5,23,6,3;7,9,15,21,11;9,23,22,21,14;9,17,11,18,23;4,11,16,9,10;6,23,16,11,12;0,6,12,1,7;0,7,11,4,3;11,14,15,22,12;5,12,21,15,23;5,22,15,9,16,18,6,13
torus285 24 6,20,13,23,22;2,19,12,6,17,16,21,4,8;1,8,15,9,19;9,15,16,17,11;1,21,5,7,8;4,21,20,10,9,11,7;0,22,17,1,12,20;4,5,11,18,23,13,14,8;1,4,7,14,15,2;2,15,3,11,5,10,19;5,20,12,19,9;3,17,18,7,5,9;1,19,10,20,6;0,20,14,7,23;7,13,20,15,8;2,8,14,20,21,16,3,9;1,17,3,15,21;1,6,22,18,11,3,16;7,11,17,22,23;1,2,9,10,12;0,6,12,10,5,21,15,14,13;1,16,15,20,5,4;0,23,18,17,6;0,13,7,18,22
torus286 24 5,6,13,7,16;2,14,8,19,18;1,18,23,3,21,14;2,23,7,20,9,10,21;10,11,22,14,21;0,16,22,11,6;0,5,11,10,13;0,13,20,3,23,16;1,14,15,9,19;3,20,12,19,8,15,10;3,9,15,16,17,13,6,11,4,21;4,10,6,5,22;9,20,13,17,23,18,19;0,6,10,17,12,20,7;1,2,21,4,22,16,15,8;8,14,16,10,9;0,7,23,17,10,15,14,22,5;10,16,23,12,13;1,19,12,23,2;1,8,9,12,18;3,7,13,12,9;2,3,10,4,14;4,11,5,16,14;2,18,12,17,16,7,3
torus287 30 1,7,6,5,29,24;0,24,25,2,8,7;1,25,26,3,9,8;2,26,27,4,10,9;3,27,28,5,11,10;0,6,11,4,28,29;0,7,13,12,11,5;0,1,8,14,13,6;1,2,9,15,14,7;2,3,10,16,15,8;3,4,11,17,16,9;4,5,6,12,17,10;6,13,19,18,17,11;6,7,14,20,19,12;7,8,15,21,20,13;8,9,16,22,21,14;9,10,17,23,22,15;10,11,12,18,23,16;12,19,25,24,23,17;12,13,20,26,25,18;13,14,21,27,26,19;14,15,22,28,27,20;15,16,23,24,29,28,21;16,17,18,24,22;0,29,22,23,18,25,1;1,24,18,19,26,2;2,25,19,20,27,3;3,26,20,21,28,4;4,27,21,22,29,5;0,5,28,22,24
torus288 30 1,7,6,5,29,24;0,24,25,2,8,7;1,25,26,3,9,8;2,26,27,4,10,9;3,27,28,5,11,10;0,6,12,11,4,28,29;0,7,13,12,5;0,1,8,14,13,6;1,2,9,15,14,7;2,3,10,16,15,8;3,4,11,17,16,9;4,5,12,17,10;5,6,13,19,18,17,11;6,7,14,20,19,12;7,8,15,22,21,20,13;8,9,16,22,14;9,10,17,23,22,15;10,11,12,18,23,16;12,19,25,23,17;12,13,20,26,25,18;13,14,21,27,26,19;14,22,28,27,20;14,15,16,23,29,28,21;16,17,18,25,24,29,22;0,29,23,25,1;1,24,23,18,19,26,2;2,25,19,20,27,3;3,26,20,21,28,4;4,27,21,22,29,5;0,5,28,22,23,24
torus289 30 5,6,7,24,29;2,25,24,7,8;1,8,9,10,3,26,25;2,10,4,27,26;3,10,11,5,28,27;0,29,28,4,11,6;0,5,11,12,13,7;0,6,13,14,8,1,24;1,7,14,15,9,2;2,8,15,16,10;2,9,16,17,11,4,3;4,10,17,12,6,5;6,11,17,18,19,13;6,12,19,20,14,7;7,13,20,21,15,8;8,14,21,22,16,9;9,15,22,23,17,10;10,16,23,18,12,11;12,17,23,24,25,19;12,18,25,26,27,20,13;13,19,27,21,14;14,20,27,28,22,15;15,21,28,29,23,16;16,22,29,24,18,17;0,7,1,25,18,23,29;1,2,26,19,18,24;2,3,27,19,25;3,4,28,21,20,19,26;4,5,29,22,21,27;0,24,23,22,28,5
torus290 30 1,7,6,5,29,24;0,24,25,2,8,7;1,25,26,3,9,8;2,26,27,4,10,9;3,27,28,5,11,10;0,6,11,4,28,29;0,7,13,12,11,5;0,1,8,14,13,6;1,2,9,16,15,14,7;2,3,10,16,8;3,4,11,17,16,9;4,5,6,12,17,10;6,13,19,18,17,11;6,7,14,21,20,19,12;7,8,15,21,13;8,16,22,21,14;8,9,10,17,23,22,15;10,11,12,18,23,16;12,19,25,24,23,17;12,13,20,26,25,18;13,21,27,26,19;13,14,15,22,28,27,20;15,16,23,28,21;16,17,18,24,29,28,22;0,29,23,18,25,1;1,24,18,19,26,2;2,25,19,20,27,3;3,26,20,21,28,4;4,27,21,22,23,29,5;0,5,28,23,24
torus291 30 1,7,6,5,29,24;0,24,25,2,8,7;1,25,26,3,9,8;2,26,27,4,10,9;3,27,5,11,10;0,6,11,4,27,28,29;0,7,13,12,11,5;0,1,8,14,13,6;1,2,9,15,14,7;2,3,10,15,8;3,4,11,17,16,15,9;4,5,6,12,17,10;6,13,19,18,17,11;6,7,14,20,19,12;7,8,15,21,20,13;8,9,10,16,21,14;10,17,23,22,21,15;10,11,12,18,23,16;12,19,25,24,23,17;12,13,20,26,25,18;13,14,21,27,26,19;14,15,16,22,28,27,20;16,23,29,28,21;16,17,18,24,29,22;0,29,23,18,25,1;1,24,18,19,26,2;2,25,19,20,27,3;3,26,20,21,28,5,4;5,27,21,22,29;0,5,28,22,23,24
torus292 30 1,7,6,5,29,24;0,24,25,2,8,7;1,25,26,3,9,8;2,26,27,4,10,9;3,27,28,11,10;0,6,11,28,29;0,7,13,12,11,5;0,1,8,14,13,6;1,2,9,15,14,7;2,3,10,16,15,8;3,4,11,12,17,16,9;4,28,5,6,12,10;6,13,19,18,17,10,11;6,7,14,20,19,12;7,8,15,22,21,20,13;8,9,16,22,14;9,10,17,23,22,15;10,12,18,23,16;12,19,25,24,23,17;12,13,20,26,25,18;13,14,21,27,26,19;14,22,28,27,20;14,15,16,23,29,28,21;16,17,18,24,29,22;0,29,23,18,25,1;1,24,18,19,26,2;2,25,19,20,27,3;3,26,20,21,28,4;4,27,21,22,29,5,11;0,5,28,22,23,24
torus293 30 1,7,6,5,29,24;0,24,25,2,8,7;1,25,26,3,9,8;2,26,27,4,10,16,9;3,27,5,11,10;0,6,11,4,27,28,29;0,7,13,12,11,5;0,1,8,14,13,6;1,2,9,15,14,7;2,3,16,15,8;3,4,11,17,16;4,5,6,12,17,10;6,13,19,25,18,17,11;6,7,14,20,19,12;7,8,15,21,20,13;8,9,16,22,21,14;3,10,17,23,22,15,9;10,11,12,18,23,16;12,25,24,23,17;12,13,20,26,25;13,14,21,27,26,19;14,15,22,28,27,20;15,16,23,29,28,21;16,17,18,24,29,22;0,29,23,18,25,1;1,24,18,12,19,26,2;2,25,19,20,27,3;3,26,20,21,28,5,4;5,27,21,22,29;0,5,28,22,23,24
torus294 30 1,7,5,29,24;0,24,25,2,8,7;1,25,26,3,9,8;2,26,27,4,10,9;3,27,28,5,11,10;0,7,6,11,4,28,29;5,7,13,12,11;0,1,8,14,13,6,5;1,2,9,15,21,14,7;2,3,10,16,15,8;3,4,11,17,16,9;4,5,6,12,17,10;6,13,20,19,18,17,11;6,7,14,20,12;7,8,21,20,13;8,9,16,22,21;9,10,17,23,22,15;10,11,12,18,23,16;12,19,25,24,23,17;12,20,26,25,18;12,13,14,21,27,26,19;8,15,22,28,27,20,14;15,16,23,29,28,21;16,17,18,24,29,22;0,29,23,18,25,1;1,24,18,19,26,2;2,25,19,20,27,3;3,26,20,21,28,4;4,27,21,22,29,5;0,5,28,22,23,24
torus295 30 1,7,6,5,29,24;0,24,25,2,8,7;1,25,26,3,9,8;2,26,27,4,10,9;3,27,28,29,5,11,10;0,6,11,4,29;0,7,13,12,11,5;0,1,8,14,20,13,6;1,2,9,15,14,7;2,3,10,16,15,8;3,4,11,17,16,9;4,5,6,12,17,10;6,13,19,25,18,17,11;6,7,20,19,12;7,8,15,21,20;8,9,16,22,21,14;9,10,17,23,22,15;10,11,12,18,23,16;12,25,24,23,17;12,13,20,26,25;7,14,21,27,26,19,13;14,15,22,28,27,20;15,16,23,29,28,21;16,17,18,24,29,22;0,29,23,18,25,1;1,24,18,12,19,26,2;2,25,19,20,27,3;3,26,20,21,28,4;4,27,21,22,29;0,5,4,28,22,23,24
torus296 30 1,7,13,6,5,29,24;0,24,18,25,2,8,7;1,25,26,3,9,8;2,26,4,10,9;3,26,27,28,5,11,10;0,6,11,4,28,29;0,13,12,11,5;0,1,8,14,13;1,2,9,15,14,7;2,3,10,16,15,8;3,4,11,17,16,9;4,5,6,12,17,10;6,13,19,18,17,11;0,7,14,20,19,12,6;7,8,15,21,20,13;8,9,16,22,21,14;9,10,17,23,22,15;10,11,12,18,23,16;1,24,23,17,12,19,25;12,13,20,26,25,18;13,14,21,27,26,19;14,15,22,28,27,20;15,16,23,29,28,21;16,17,18,24,29,22;0,29,23,18,1;1,18,19,26,2;2,25,19,20,27,4,3;4,26,20,21,28;4,27,21,22,29,5;0,5,28,22,23,24
torus297 30 1,7,6,5,29,24;0,24,25,2,8,7;1,25,26,27,3,9,8;2,27,4,10,9;3,27,28,29,5,11,10;0,6,11,4,29;0,7,13,12,11,5;0,1,8,14,13,6;1,2,9,15,14,7;2,3,10,16,15,8;3,4,11,17,16,9;4,5,6,12,17,10;6,13,19,18,17,11;6,7,14,20,19,12;7,8,15,21,20,13;8,9,16,22,21,14;9,10,17,23,22,15;10,11,12,18,23,16;12,19,25,24,23,17;12,13,20,26,25,18;13,14,21,28,27,26,19;14,15,22,28,20;15,16,23,29,28,21;16,17,18,24,29,22;0,29,23,18,25,1;1,24,18,19,26,2;2,25,19,20,27;2,26,20,28,4,3;4,27,20,21,22,29;0,5,4,28,22,23,24
torus298 30 1,7,6,29,24;0,24,25,2,8,7;1,25,26,9,8;4,10,9,26,27;3,27,28,5,11,10;4,28,29,6,11;0,7,13,12,11,5,29;0,1,8,14,13,6;1,2,9,15,14,7;2,26,3,10,16,15,8;3,4,11,17,16,9;4,5,6,12,17,10;6,13,19,18,17,11;6,7,14,20,19,12;7,8,15,21,20,13;8,9,16,22,21,14;9,10,17,23,22,15;10,11,12,18,23,16;12,19,25,24,23,17;12,13,20,26,25,18;13,14,21,27,26,19;14,15,22,29,28,27,20;15,16,23,29,21;16,17,18,24,29,22;0,29,23,18,25,1;1,24,18,19,26,2;2,25,19,20,27,3,9;3,26,20,21,28,4;4,27,21,29,5;0,6,5,28,21,22,23,24
torus299 30 1,6,5,29,24;0,24,25,2,7,6;1,25,26,3,9,8,7;2,26,27,4,9;3,27,28,5,11,10,9;0,6,12,11,4,28,29;0,1,7,13,19,12,5;1,2,8,14,13,6;2,9,15,14,7;2,3,4,10,16,15,8;4,11,17,16,9;4,5,12,17,10;5,6,19,18,17,11;6,7,14,20,19;7,8,15,21,20,13;8,9,16,22,21,14;9,10,17,23,22,15;10,11,12,18,23,16;12,19,24,23,17;6,13,20,26,25,24,18,12;13,14,21,26,19;14,15,22,28,27,26,20;15,16,23,24,29,28,21;16,17,18,24,22;0,29,22,23,18,19,25,1;1,24,19,26,2;2,25,19,20,21,27,3;3,26,21,28,4;4,27,21,22,29,5;0,5,28,22,24
torus300 30 5,6,7,24,29;2,25,24,7,8;1,8,9,26,25;4,27,26,9,10;3,10,11,28,27;0,29,28,11,6;0,5,11,17,12,13,14,7;0,6,14,8,1,24;1,7,14,15,9,2;2,8,15,16,10,3,26;3,9,16,17,11,4;4,10,17,6,5,28;6,17,18,19,13;6,12,19,20,14;6,13,20,27,21,15,8,7;8,14,21,22,16,9;9,15,22,23,17,10;6,11,10,16,23,18,12;12,17,23,24,25,26,19;12,18,26,20,13;13,19,26,27,14;14,27,28,29,22,15;15,21,29,23,16;16,22,29,24,18,17;0,7,1,25,18,23,29;1,2,26,18,24;2,9,3,27,20,19,18,25;3,4,28,21,14,20,26;4,11,5,29,21,27;0,24,23,22,21,28,5
torus301 30 5,11,6,7,24,23,29;2,25,18,24,7,8;1,8,9,3,26,25;2,9,10,4,27,20,26;3,10,11,5,27;0,29,28,27,4,11;0,11,12,13,7;0,6,13,14,8,1,24;1,7,14,9,2;2,8,14,15,16,17,10,3;3,9,17,11,4;0,5,4,10,17,18,12,6;6,11,18,19,13;6,12,19,20,14,7;7,13,20,21,15,9,8;9,14,21,22,16;9,15,22,23,18,17;9,16,18,11,10;1,25,19,12,11,17,16,23,24;12,18,25,26,20,13;3,27,21,14,13,19,26;14,20,27,28,22,15;15,21,28,29,23,16;0,24,18,16,22,29;0,7,1,18,23;1,2,26,19,18;2,3,20,19,25;3,4,5,28,21,20;5,29,22,21,27;0,23,22,28,5
torus302 30 1,7,6,5,29,24;0,24,2,8,7;1,24,25,26,9,8;4,10,9,26,27;3,27,28,5,6,11,10;0,6,4,28,29;0,7,12,11,4,5;0,1,8,14,13,12,6;1,2,9,15,14,7;2,26,3,10,16,22,15,8;3,4,11,17,16,9;4,6,12,17,10;6,7,13,19,18,17,11;7,14,20,19,12;7,8,15,20,13;8,9,22,21,20,14;9,10,17,23,22;10,11,12,18,23,16;12,19,25,24,23,17;12,13,20,26,25,18;13,14,15,21,26,19;15,22,28,27,26,20;9,16,23,24,29,28,21,15;16,17,18,24,22;0,29,22,23,18,25,2,1;2,24,18,19,26;2,25,19,20,21,27,3,9;3,26,21,28,4;4,27,21,22,29,5;0,5,28,22,24
torus303 30 1,6,5,29,24;0,24,25,2,8,7,6;1,25,26,3,9,8;2,26,27,4,10,16,9;3,27,28,5,6,11,10;0,6,4,28,29;0,1,7,13,11,4,5;1,8,14,13,6;1,2,9,15,21,14,7;2,3,16,15,8;3,4,11,17,16;4,6,13,12,17,10;11,13,19,18,17;6,7,14,19,12,11;7,8,21,20,19,13;8,9,16,22,21;3,10,17,23,22,15,9;10,11,12,18,23,16;12,19,25,23,17;12,13,14,20,26,25,18;14,21,27,26,19;8,15,22,27,20,14;15,16,23,29,28,27,21;16,17,18,25,24,29,22;0,29,23,25,1;1,24,23,18,19,26,2;2,25,19,20,27,3;3,26,20,21,22,28,4;4,27,22,29,5;0,5,28,22,23,24
torus304 30 5,6,7,24,29;2,25,24,7,8;1,8,15,9,3,27,26,25;2,9,10,4,27;3,10,11,28,27;0,29,28,11,6;0,5,11,12,13,7;0,6,13,20,14,8,1,24;1,7,14,15,2;2,15,16,10,3;3,9,16,17,11,4;4,10,17,12,6,5,28;6,11,17,18,19,13;6,12,19,20,7;7,20,21,15,8;2,8,14,21,22,24,23,16,9;9,15,23,17,10;10,16,23,18,12,11;12,17,23,24,25,19;12,18,25,26,20,13;7,13,19,26,21,14;14,20,26,27,22,15;15,21,27,28,29,24;15,24,18,17,16;0,7,1,25,18,23,15,22,29;1,2,26,19,18,24;2,27,21,20,19,25;2,3,4,28,22,21,26;4,11,5,29,22,27;0,24,22,28,5
torus305 30 1,6,5,29,24;0,24,25,2,8,7,6;1,25,19,26,3,9,8;2,26,27,4,10,16,9;3,27,28,5,11,10;0,6,11,4,28,29;0,1,7,13,11,5;1,8,14,13,6;1,2,9,15,14,7;2,3,16,15,8;3,4,11,17,16;4,5,6,13,12,17,10;11,13,19,18,17;6,7,14,19,12,11;7,8,15,21,20,19,13;8,9,16,21,14;3,10,17,23,22,21,15,9;10,11,12,18,23,16;12,19,25,24,23,17;2,25,18,12,13,14,20,26;14,21,27,26,19;14,15,16,22,28,27,20;16,23,29,28,21;16,17,18,24,29,22;0,29,23,18,25,1;1,24,18,19,2;2,19,20,27,3;3,26,20,21,28,4;4,27,21,22,29,5;0,5,28,22,23,24
torus306 30 1,7,6,5,29,24;0,24,25,2,8,7;1,25,26,3,9,8;2,26,27,4,10,9;3,27,28,29,5,11,10;0,6,11,4,29;0,7,13,12,11,5;0,1,8,14,13,6;1,2,9,15,14,7;2,3,10,16,15,8;3,4,11,17,16,9;4,5,6,12,17,10;6,13,19,25,18,17,11;6,7,14,21,20,19,12;7,8,15,21,13;8,9,16,22,21,14;9,10,17,23,29,22,15;10,11,12,18,23,16;12,25,24,23,17;12,13,20,26,25;13,21,27,26,19;13,14,15,22,28,27,20;15,16,29,28,21;16,17,18,24,29;0,29,23,18,25,1;1,24,18,12,19,26,2;2,25,19,20,27,3;3,26,20,21,28,4;4,27,21,22,29;0,5,4,28,22,16,23,24
torus307 30 1,7,5,29,23,24;0,24,25,26,2,8,7;1,26,3,9,8;2,26,27,4,10,9;3,27,28,29,5,11,17,10;0,7,6,11,4,29;5,7,13,19,12,11;0,1,8,14,13,6,5;1,2,9,15,14,7;2,3,10,16,15,8;3,4,17,16,9;4,5,6,12,17;6,19,18,17,11;6,7,14,21,20,19;7,8,15,21,13;8,9,16,22,21,14;9,10,17,23,22,15;4,11,12,18,24,23,16,10;12,19,25,24,17;6,13,20,26,25,18,12;13,21,27,26,19;13,14,15,22,28,27,20;15,16,23,29,28,21;0,29,22,16,17,24;0,23,17,18,25,1;1,24,18,19,26;1,25,19,20,27,3,2;3,26,20,21,28,4;4,27,21,22,29;0,5,4,28,22,23
torus308 30 1,7,6,5,29,24;0,24,25,2,7;1,25,26,3,9,8,7;2,26,27,28,4,10,16,9;3,28,5,11,10;0,6,12,11,4,28,29;0,7,13,12,5;0,1,2,8,14,13,6;2,9,15,14,7;2,3,16,15,8;3,4,11,17,16;4,5,12,17,10;5,6,13,19,18,17,11;6,7,14,20,19,12;7,8,15,21,20,13;8,9,16,22,21,14;3,10,17,23,22,15,9;10,11,12,18,23,16;12,19,25,24,23,17;12,13,20,26,25,18;13,14,21,27,26,19;14,15,22,28,27,20;15,16,23,29,28,21;16,17,18,24,29,22;0,29,23,18,25,1;1,24,18,19,26,2;2,25,19,20,27,3;3,26,20,21,28;3,27,21,22,29,5,4;0,5,28,22,23,24
torus309 30 1,7,6,5,29,24;0,24,25,2,8,7;1,25,26,3,9,8;2,26,19,20,27,4,10,9;3,27,28,5,11,10;0,6,11,4,28,22,29;0,7,13,12,11,5;0,1,8,14,13,6;1,2,9,14,7;2,3,10,16,15,14,8;3,4,11,17,16,9;4,5,6,12,17,10;6,13,19,18,17,11;6,7,14,19,12;7,8,9,15,21,20,19,13;9,16,22,21,14;9,10,17,23,29,22,15;10,11,12,18,23,16;12,19,26,25,23,17;3,26,18,12,13,14,20;3,19,14,21,27;14,15,22,28,27,20;5,28,21,15,16,29;16,17,18,25,24,29;0,29,23,25,1;1,24,23,18,26,2;2,25,18,19,3;3,20,21,28,4;4,27,21,22,5;0,5,22,16,23,24
torus310 30 1,7,6,5,28,29,24;0,24,25,2,8,7;1,25,26,3,9,15,8;2,26,27,4,10,9;3,27,21,5,11,10;0,6,11,4,21,28;0,7,14,13,12,11,5;0,1,8,14,6;1,2,15,14,7;2,3,10,16,15;3,4,11,17,16,9;4,5,6,12,17,10;6,13,19,18,17,11;6,14,20,19,12;6,7,8,15,22,20,13;2,9,16,22,14,8;9,10,17,23,22,15;10,11,12,18,23,16;12,19,25,24,23,17;12,13,20,25,18;13,14,22,21,27,26,25,19;4,27,20,22,28,5;14,15,16,23,29,28,21,20;16,17,18,24,29,22;0,29,23,18,25,1;1,24,18,19,20,26,2;2,25,20,27,3;3,26,20,21,4;0,5,21,22,29;0,28,22,23,24
torus311 30 1,24,5,6,7,25;0,25,18,17,24;3,26,25,7,9;2,9,8,16,27,26;5,28,27,16,10,11;0,24,29,22,28,4,11,6;0,5,11,12,13,7;0,6,13,9,2,25;3,9,13,14,15,16;2,7,13,8,3;4,16,23,17,12,11;4,10,12,6,5;6,11,10,17,18,19,20,13;6,12,20,14,8,9,7;8,13,20,21,15;8,14,21,22,16;3,8,15,22,29,23,10,4,27;1,18,12,10,23,24;1,25,19,12,17;12,18,25,26,20;12,19,26,27,21,14,13;14,20,27,28,22,15;5,29,16,15,21,28;10,16,29,24,17;0,1,17,23,29,5;0,7,2,26,19,18,1;2,3,27,20,19,25;3,16,4,28,21,20,26;4,5,22,21,27;5,24,23,16,22
torus312 30 6,13,7,24,22,29;2,25,18,23,24,7,8,9;1,9,10,11,3,26,25;2,11,4,27,26;3,11,5,28,27;4,11,6,29,28;0,29,5,11,10,12,13;0,13,8,1,24;1,7,13,14,15,16,9;1,8,16,17,10,2;2,9,17,18,12,6,11;2,10,6,5,4,3;6,10,18,19,14,13;0,6,12,14,8,7;8,13,12,19,20,15;8,14,20,21,28,29,22,23,16;8,15,23,17,9;9,16,23,18,10;1,25,19,12,10,17,23;12,18,25,26,20,14;14,19,26,21,15;15,20,26,27,28;0,24,23,15,29;1,18,17,16,15,22,24;0,7,1,23,22;1,2,26,19,18;2,3,27,21,20,19,25;3,4,28,21,26;4,5,29,15,21,27;0,22,15,28,5,6
torus313 30 1,7,6,5,29;0,29,24,25,2,8,7;1,25,26,3,10,9,8;2,26,27,4,10;3,27,21,5,17,10;0,6,11,17,4,21,22,28,29;0,7,12,11,5;0,1,8,14,13,19,12,6;1,2,9,15,21,14,7;2,10,16,15,8;2,3,4,17,16,9;5,6,12,18,17;6,7,19,18,11;7,14,20,26,25,24,19;7,8,21,20,13;8,9,16,22,21;9,10,17,18,23,22,15;4,5,11,18,16,10;11,12,19,23,16,17;7,13,24,23,18,12;13,14,21,27,26;4,27,20,14,8,15,22,5;5,21,15,16,23,28;16,18,19,24,28,22;1,29,28,23,19,13,25;1,24,13,26,2;2,25,13,20,27,3;3,26,20,21,4;5,22,23,24,29;0,5,28,24,1
torus314 30 1,7,6,12,11,5,24;0,24,18,19,25,14,7;3,8,25,26,27;2,27,10,9,8;5,10,27,28,29;0,11,10,4,29,24;0,7,13,20,26,19,12;0,1,14,13,6;2,3,9,14,25;3,10,17,15,14,8;3,27,4,5,11,17,9;0,12,18,17,10,5;0,6,19,18,11;6,7,14,21,20;1,25,8,9,15,21,13,7;9,17,16,22,21,14;15,17,18,24,23,22;9,10,11,18,16,15;1,24,16,17,11,12,19;1,18,12,6,26,25;6,13,21,27,26;13,14,15,22,28,27,20;15,16,23,28,21;16,24,29,28,22;0,5,29,23,16,18,1;1,19,26,2,8,14;2,25,19,6,20,27;2,26,20,21,28,4,10,3;4,27,21,22,23,29;4,28,23,24,5
torus315 30 1,8,7,6,11,5,29,24;0,24,25,2,8;1,25,26,3,9,15,8;2,26,20,27,4,10,9;3,27,28,5,11,10;0,11,4,28,16,29;0,7,13,12,11;0,8,15,14,13,6;0,1,2,15,7;2,3,10,16,15;3,4,11,17,16,9;0,6,12,17,10,4,5;6,13,20,17,11;6,7,14,20,12;7,15,22,21,20,13;2,9,16,22,14,7,8;5,28,22,15,9,10,17,23,29;10,11,12,20,18,23,16;17,20,19,24,23;18,20,26,25,24;3,26,19,18,17,12,13,14,21,27;14,22,28,27,20;14,15,16,28,21;16,17,18,24,29;0,29,23,18,19,25,1;1,24,19,26,2;2,25,19,20,3;3,20,21,28,4;4,27,21,22,16,5;0,5,16,23,24
torus316 30 5,11,6,7,29;7,8,25,24,29;3,26,19,25,8,9;2,9,15,16,10,4,26;3,10,5,28,27,26;0,29,28,4,10,11;0,11,12,13,7;0,6,13,14,15,9,8,1,29;1,7,9,2,25;2,8,7,15,3;3,16,23,17,12,11,5,4;0,5,10,12,6;6,11,10,17,19,13;6,12,19,20,14,7;7,13,20,21,15;3,9,7,14,21,22,16;3,15,22,29,24,23,10;10,23,18,19,12;17,23,24,25,19;2,26,27,20,13,12,17,18,25;13,19,27,21,14;14,20,27,28,22,15;15,21,28,29,16;10,16,24,18,17;1,25,18,23,16,29;1,8,2,19,18,24;2,3,4,27,19;4,28,21,20,19,26;4,5,29,22,21,27;0,7,1,24,16,22,28,5
torus317 30 5,12,6,7,24;7,8,25,18,24;3,26,25,8,9;2,9,10,4,27,26;3,10,11,28,27;0,24,29,28,11,12;0,12,13,14,7;0,6,14,15,8,1,24;1,7,15,9,2,25;2,8,15,10,3;3,9,15,22,16,11,4;4,10,16,17,12,5,28;0,5,11,17,19,25,26,20,13,6;6,12,20,21,14;6,13,21,22,15,7;7,14,22,10,9,8;10,22,29,23,17,11;11,16,23,19,12;1,25,19,23,24;12,17,23,18,25;12,26,27,28,21,13;13,20,28,22,14;10,15,14,21,28,29,16;16,29,24,18,19,17;0,7,1,18,23,29,5;1,8,2,26,12,19,18;2,3,27,20,12,25;3,4,28,20,26;4,11,5,29,22,21,20,27;5,24,23,16,22,28
torus318 30 1,6,5,29,24;0,24,8,7,6;3,9,24,25,20,26;2,26,4,11,10,9;3,26,27,28,11;0,6,13,12,17,11,28,22,29;0,1,7,13,5;1,8,14,13,6;1,24,9,16,15,21,14,7;2,3,10,16,8,24;3,11,17,16,9;3,4,28,5,17,10;5,13,14,19,18,17;5,6,7,14,12;7,8,21,20,19,12,13;8,16,23,22,21;8,9,10,17,18,23,15;5,12,18,16,10,11;12,19,25,24,23,16,17;12,14,20,25,18;2,25,19,14,21,27,26;8,15,22,28,27,20,14;5,28,21,15,23,29;15,16,18,24,29,22;0,29,23,18,25,2,9,8,1;2,24,18,19,20;2,20,27,4,3;4,26,20,21,28;4,27,21,22,5,11;0,5,22,23,24
torus319 30 1,6,5,28,29,25;0,25,20,26,2,8,7,6;1,26,28,4,3,9,8;2,4,11,10,9;2,28,5,11,3;0,6,11,4,28;0,1,7,13,11,5;1,8,15,14,13,6;1,2,9,15,7;2,3,10,16,22,27,21,15,8;3,11,17,16,9;3,4,5,6,13,12,18,17,10;11,13,14,19,24,18;6,7,14,12,11;7,15,21,26,20,19,12,13;7,8,9,21,14;9,10,17,23,22;10,11,18,23,16;11,12,24,23,17;12,14,20,25,29,24;1,25,19,14,26;9,27,26,14,15;9,16,23,24,28,27;16,17,18,24,22;12,19,29,28,22,23,18;0,29,19,20,1;1,20,14,21,27,28,2;9,22,28,26,21;0,5,4,2,26,27,22,24,29;0,28,24,19,25
torus320 30 5,6,7,24,29,21;2,25,24,7,14,8;1,8,3,26,25;2,8,22,9,4,28,26;3,9,10,11,6,5,28;0,21,28,4,6;0,5,4,11,12,13,7;0,6,13,20,14,1,24;1,14,15,22,3,2;3,22,16,10,4;4,9,16,17,11;4,10,17,12,6;6,11,17,19,13;6,12,19,20,7;1,7,20,15,8;8,14,20,21,22;9,22,23,17,10;10,16,23,19,12,11;19,23,24,25,26;12,17,23,18,26,27,20,13;7,13,19,27,21,15,14;0,29,22,15,20,27,28,5;3,8,15,21,29,23,16,9;16,22,29,24,18,19,17;0,7,1,25,18,23,29;1,2,26,18,24;2,3,28,27,19,18,25;19,26,28,21,20;3,4,5,21,27,26;0,24,23,22,21
torus321 30 1,7,6,23,18,24;0,24,25,8,7;3,9,8,25,26;2,26,4,10,9;3,26,27,28,5,11,17,10;4,28,29,23,6,11;0,7,13,12,11,5,23;0,1,8,14,13,6;1,25,2,9,16,15,14,7;2,3,10,23,16,8;3,4,17,18,23,9;4,5,6,12,17;6,13,18,17,11;6,7,14,19,24,18,12;7,8,15,20,19,13;8,16,22,21,20,14;8,9,23,29,22,15;4,11,12,18,10;0,23,10,17,12,13,24;13,14,20,27,26,25,24;14,15,21,27,19;15,22,28,27,20;15,16,29,28,21;0,6,5,29,16,9,10,18;0,18,13,19,25,1;1,24,19,26,2,8;2,25,19,27,4,3;4,26,19,20,21,28;4,27,21,22,29,5;5,28,22,16,23
torus322 30 1,7,6,5,24;0,24,18,25,2,7;1,25,26,3,10,8,7;2,26,27,4,11,10;3,27,28,29,5,11;0,6,11,4,29,24;0,7,13,18,12,11,5;0,1,2,8,14,13,6;2,10,9,15,21,14,7;8,10,17,23,16,15;2,3,11,17,9,8;3,4,5,6,12,17,10;6,18,23,17,11;6,7,14,20,19,18;7,8,21,20,13;8,9,16,22,21;9,23,29,22,15;9,10,11,12,23;1,24,29,23,12,6,13,19,25;13,20,26,25,18;13,14,21,28,27,26,19;8,15,22,28,20,14;15,16,29,28,21;9,17,12,18,29,16;0,5,29,18,1;1,18,19,26,2;2,25,19,20,27,3;3,26,20,28,4;4,27,20,21,22,29;4,28,22,16,23,18,24,5
torus323 30 1,7,5,10,4,28,29,24;0,24,18,25,26,3,2,7;1,3,9,8,13,6,7;1,26,27,4,10,9,2;0,10,3,27,28;0,7,6,11,16,9,10;2,13,12,11,5,7;0,1,2,6,5;2,9,15,14,13;2,3,10,5,16,22,15,8;0,5,9,3,4;5,6,12,17,16;6,13,19,17,11;2,8,14,27,20,19,12,6;8,15,21,27,13;8,9,22,21,14;5,11,17,23,22,9;11,12,19,25,18,23,16;1,24,23,17,25;12,13,20,25,17;13,27,26,25,19;14,15,22,23,29,28,27;9,16,23,21,15;16,17,18,24,29,21,22;0,29,23,18,1;1,18,17,19,20,26;1,25,20,27,3;3,26,20,13,14,21,28,4;0,4,27,21,29;0,28,21,23,24
torus324 30 1,8,14,7,29;0,29,24,25,26,2,8;1,26,3,9,8;2,26,4,10,9;3,26,27,28,5,11,10;4,28,29,6,12,17,11;5,29,7,13,12;0,14,13,6,29;0,1,2,9,15,21,14;2,3,10,16,15,8;3,4,11,16,9;4,5,17,16,10;5,6,13,19,18,17;6,7,14,20,19,12;0,8,21,20,13,7;8,9,16,22,21;9,10,11,17,22,15;5,12,18,23,22,16,11;12,19,25,23,17;12,13,20,27,25,18;13,14,21,27,19;8,15,22,27,20,14;15,16,17,23,24,29,28,27,21;17,18,25,24,22;1,29,22,23,25;1,24,23,18,19,27,26;1,25,27,4,3,2;4,26,25,19,20,21,22,28;4,27,22,29,5;0,7,6,5,28,22,24,1
torus325 30 5,6,12,19,7,29;2,26,25,24,29,7,8;1,8,9,3,27,13,26;2,9,10,4,27;3,10,11,5,29,28,27;0,29,4,11,6;0,5,11,17,12;0,19,13,20,14,8,1,29;1,7,14,9,2;2,8,14,10,3;3,9,14,15,17,11,4;4,10,17,6,5;0,6,17,18,19;2,27,21,20,7,19,26;7,20,15,10,9,8;10,14,20,21,22,16,17;15,22,29,23,17;6,11,10,15,16,23,18,12;12,17,23,24,25,19;0,12,18,25,26,13,7;7,13,21,15,14;13,27,28,22,15,20;15,21,28,29,16;16,29,24,18,17;1,25,18,23,29;1,26,19,18,24;1,2,13,19,25;2,3,4,28,21,13;4,29,22,21,27;0,7,1,24,23,16,22,28,4,5
torus326 30 1,6,5,28,29;0,29,24,18,2,8,7,6;1,18,25,3,9,15,8;2,25,26,27,4,17,10,9;3,27,5,11,17;0,6,13,12,11,4,27,28;0,1,7,13,5;1,8,14,13,6;1,2,15,14,7;2,3,10,16,15;3,17,18,23,16,9;4,5,12,18,17;5,13,14,18,11;5,6,7,14,12;7,8,15,19,25,18,12,13;2,9,16,22,21,20,19,14,8;9,10,23,22,15;3,4,11,18,10;1,24,23,10,17,11,12,14,25,2;14,15,20,26,25;15,21,27,26,19;15,22,24,29,28,27,20;15,16,23,24,21;10,18,24,22,16;1,29,21,22,23,18;2,18,14,19,26,3;3,25,19,20,27;3,26,20,21,28,5,4;0,5,27,21,29;0,28,21,24,1
torus327 30 1,7,6,5,29;0,29,24,2,8,7;1,24,25,3,9,15,8;2,25,26,4,9;3,26,27,5,6,14,11,10,9;0,6,4,27,21,28,29;0,7,14,4,5;0,1,8,14,6;1,2,15,14,7;2,3,4,10,15;4,11,17,16,15,9;4,14,18,17,10;13,20,19,18,14;12,14,28,21,20;4,6,7,8,15,22,28,13,12,18,11;2,9,10,16,22,14,8;10,17,23,22,15;10,11,18,23,16;11,14,12,19,25,24,29,23,17;12,20,26,25,18;12,13,21,27,26,19;5,27,20,13,28;14,15,16,23,29,28;16,17,18,29,22;1,29,18,25,2;2,24,18,19,26,3;3,25,19,20,27,4;4,26,20,21,5;5,21,13,14,22,29;0,5,28,22,23,18,24,1
torus328 30 1,6,5,24,25;0,25,26,2,8,7,6;1,26,3,9,15,8;2,26,4,10,9;3,26,27,28,5,11,17,10;0,6,11,4,28,22,23,29,24;0,1,7,13,12,11,5;1,8,14,19,13,6;1,2,15,14,7;2,3,10,16,15;3,4,17,16,9;4,5,6,12,17;6,13,18,17,11;6,7,19,25,24,18,12;7,8,15,22,21,20,19;2,9,16,22,14,8;9,10,17,23,22,15;4,11,12,18,29,23,16,10;12,13,24,29,17;7,14,20,26,25,13;14,21,27,26,19;14,22,28,27,20;5,28,21,14,15,16,23;5,22,16,17,29;0,5,29,18,13,25;0,24,13,19,26,1;1,25,19,20,27,4,3,2;4,26,20,21,28;4,27,21,22,5;5,23,17,18,24
torus329 30 1,7,6,29,24;0,24,8,15,14,7;3,24,25,26,4;2,4,10,9,24;2,26,27,28,5,11,10,3;4,28,6,12,11;0,7,12,5,28,29;0,1,14,13,26,12,6;1,24,9,17,16,15;3,10,17,8,24;3,4,11,17,9;4,5,12,17,10;5,6,7,26,19,17,11;7,14,20,27,26;1,15,20,13,7;1,8,16,22,21,20,14;8,17,23,22,15;8,9,10,11,12,19,18,23,16;17,19,25,24,23;12,26,25,18,17;13,14,15,21,27;15,22,29,28,27,20;15,16,23,24,29,21;16,17,18,24,22;0,29,22,23,18,25,2,3,9,8,1;2,24,18,19,26;2,25,19,12,7,13,27,4;4,26,13,20,21,28;4,27,21,29,6,5;0,6,28,21,22,24
torus330 30 1,7,13,6,29,24;0,24,25,8,7;3,9,25,19,26;2,26,27,10,9;5,11,10,27,28;4,28,22,23,18,29,11;0,13,12,11,29;0,1,8,20,19,13;1,25,9,20,7;2,3,10,11,16,15,14,20,8,25;3,27,4,11,9;4,5,29,6,12,17,16,9,10;6,13,19,17,11;0,7,19,12,6;9,15,21,27,20;9,16,23,22,21,14;9,11,17,23,15;11,12,19,18,23,16;5,23,17,19,25,24,29;2,25,18,17,12,13,7,20,26;7,8,9,14,27,26,19;14,15,22,28,27;5,28,21,15,23;5,22,15,16,17,18;0,29,18,25,1;1,24,18,19,2,9,8;2,19,20,27,3;3,26,20,14,21,28,4,10;4,27,21,22,5;0,6,11,5,18,24
torus331 30 5,11,12,6,24,23,22,29;2,25,18,24,6;1,6,8,15,9,10,3,27,26,25;2,10,11,4,27;3,11,5,28,27;0,29,28,4,11;0,12,7,8,2,1,24;6,12,13,14,8;2,6,7,14,15;2,15,22,16,10;2,9,16,17,11,3;0,5,4,3,10,17,12;0,11,17,18,25,19,13,7,6;7,12,19,20,21,14;7,13,21,15,8;2,8,14,21,22,9;9,22,23,17,10;10,16,23,24,18,12,11;1,25,12,17,24;12,25,26,20,13;13,19,26,27,21;13,20,27,28,29,22,15,14;0,23,16,9,15,21,29;0,24,17,16,22;0,6,1,18,17,23;1,2,26,19,12,18;2,27,20,19,25;2,3,4,28,21,20,26;4,5,29,21,27;0,22,21,28,5
torus332 30 1,7,6,5,29;0,29,24,18,25,8,7;3,16,8,25,26;2,26,4,10,16;3,26,27,28,10;0,6,11,28,29;0,7,13,12,11,5;0,1,8,13,6;1,25,2,16,15,13,7;10,11,12,17,16;3,4,28,11,9,16;5,6,12,9,10,28;6,13,17,9,11;6,7,8,15,14,19,18,17,12;13,15,22,21,20,19;8,16,23,22,14,13;2,3,10,9,17,23,15,8;9,12,13,18,24,23,16;1,24,17,13,19,26,25;13,14,20,26,18;14,21,27,26,19;14,22,28,27,20;14,15,23,24,29,28,21;15,16,17,24,22;1,29,22,23,17,18;1,18,26,2,8;2,25,18,19,20,27,4,3;4,26,20,21,28;4,27,21,22,29,5,11,10;0,5,28,22,24,1
torus333 30 5,6,7,24,29;2,18,24,7,13,14,8;1,8,10,3,27,26,25,18;2,10,4,28,27;3,10,11,5,29,23,28;0,29,4,11,6;0,5,11,13,7;0,6,13,1,24;1,14,9,10,2;8,14,15,16,10;2,8,9,16,11,4,3;4,10,16,17,13,6,5;13,17,18,25,19;1,7,6,11,17,12,19,20,14;1,13,20,27,21,15,9,8;9,14,21,22,18,17,16;9,15,17,11,10;11,16,15,18,12,13;1,2,25,12,17,15,22,23,24;12,25,26,20,13;13,19,26,27,14;14,27,28,22,15;15,21,28,23,18;4,29,24,18,22,28;0,7,1,18,23,29;2,26,19,12,18;2,27,20,19,25;2,3,28,21,14,20,26;3,4,23,22,21,27;0,24,23,4,5
torus334 30 1,6,5,28,18,24;0,24,25,2,9,22,8,6;1,25,26,3,9;2,26,4,10,9;3,26,27,28,5,11,17,10;0,6,11,4,28;0,1,8,7,13,12,11,5;6,8,15,14,13;1,22,15,7,6;1,2,3,10,16,22;3,4,17,16,9;4,5,6,12,17;6,13,18,17,11;6,7,14,20,26,19,18,12;7,15,21,20,13;7,8,22,21,14;9,10,17,23,22;4,11,12,18,23,16,10;0,28,29,23,17,12,13,19,24;13,26,25,24,18;13,14,21,27,26;14,15,22,29,28,27,20;1,9,16,23,29,21,15,8;16,17,18,29,22;0,18,19,25,1;1,24,19,26,2;2,25,19,13,20,27,4,3;4,26,20,21,28;0,5,4,27,21,29,18;18,28,21,22,23
torus335 30 1,6,5,29,24;0,24,7,3,6;3,10,16,26,27;1,7,12,11,10,2,27,4,6;3,27,28,5,6;0,6,4,28,29;0,1,3,4,5;1,24,23,8,12,3;7,23,25,9,13,12;8,25,16,15,13;2,3,11,21,17,16;3,12,22,21,10;3,7,8,13,18,22,11;8,9,15,14,20,26,19,18,12;13,15,17,21,20;9,16,17,14,13;2,10,17,15,9,25,19,26;10,21,14,15,16;12,13,19,23,22;13,26,16,25,23,18;13,14,21,27,26;10,11,22,29,28,27,20,14,17;11,12,18,23,29,21;7,24,29,22,18,19,25,8;0,29,23,7,1;8,23,19,16,9;2,16,19,13,20,27;2,26,20,21,28,4,3;4,27,21,29,5;0,5,28,21,22,23,24
torus336 30 1,7,11,23,22,29,25;0,25,2,8,7;1,25,3,9,8;2,25,29,24,26,27,28,5,4,10,9;3,5,23,11,10;3,28,22,23,4;7,13,19,24,12;0,1,8,15,28,14,13,6,12,11;1,2,9,15,7;2,3,10,17,18,16,21,15,8;3,4,11,17,9;0,7,12,17,10,4,23;6,24,17,11,7;6,7,14,20,19;7,28,27,20,13;7,8,9,21,28;9,18,29,22,21;9,10,11,12,24,18;9,17,24,29,16;6,13,20,26,24;13,14,27,26,19;9,16,22,28,15;0,23,5,28,21,16,29;0,11,4,5,22;3,29,18,17,12,6,19,26;0,29,3,2,1;3,24,19,20,27;3,26,20,14,28;3,27,14,7,15,21,22,5;0,22,16,18,24,3,25
torus337 30 1,9,7,5,29;0,29,22,24,25,8,9;3,10,9,8,26;2,26,27,4,10;3,27,5,6,11,17,10;0,7,6,4,27,25,20,28,29;4,5,7,13,11;0,9,13,6,5;1,25,26,2,9;0,1,8,2,10,17,16,15,14,13,7;2,3,4,17,9;4,6,13,12,17;11,13,14,21,20,19,17;6,7,9,14,12,11;9,15,21,12,13;9,16,22,21,14;9,17,23,22,15;4,11,12,19,18,23,16,9,10;17,19,25,24,23;12,20,25,18,17;5,25,19,12,21,28;12,14,15,22,28,20;1,29,28,21,15,16,23,24;16,17,18,24,22;1,22,23,18,25;1,24,18,19,20,5,27,26,8;2,8,25,27,3;3,26,25,5,4;5,20,21,22,29;0,5,28,22,1
torus338 30 1,5,27,4,11,6,7,8;0,8,9,25,18,5;3,5,16,21,26,9;2,9,23,29,5;0,27,21,10,11;0,1,18,16,2,3,29,28,27;0,11,19,12,7;0,6,12,13,8;0,7,13,14,9,1;1,8,14,15,23,3,2,26,25;4,21,17,20,19,11;0,4,10,19,6;6,19,20,13,7;7,12,20,14,8;8,13,20,24,21,15,9;9,14,21,22,23;2,5,18,17,21;10,21,16,18,20;1,25,24,20,17,16,5;6,11,10,20,12;10,17,18,24,14,13,12,19;2,16,17,10,4,27,28,22,15,14,24,26;15,21,28,29,23;3,9,15,22,29;14,20,18,25,26,21;1,9,26,24,18;2,21,24,25,9;0,5,28,21,4;5,29,22,21,27;3,23,22,28,5
torus339 30 1,7,6,5,25;0,25,8,14,7;3,10,9,18,29,19,20,27,26;2,26,4,11,12,17,10;3,26,22,24,11;0,6,23,12,11,24,18,25;0,7,13,23,5;0,1,14,13,6;1,25,9,15,14;2,10,15,8,25,18;2,3,17,15,9;3,4,24,5,12;3,11,5,23,17;6,7,14,19,23;1,8,15,21,20,19,13,7;8,9,10,17,16,24,22,28,21,14;15,17,23,29,24;3,12,23,16,15,10;2,9,25,5,24,29;2,29,23,13,14,20;2,19,14,21,27;14,15,28,27,20;4,26,28,15,24;5,6,13,19,29,16,17,12;4,22,15,16,29,18,5,11;0,5,18,9,8,1;2,27,28,22,4,3;2,20,21,28,26;15,22,26,27,21;2,18,24,16,23,19
torus340 30 1,8,7,13,29;0,29,28,22,24,25,8;3,8,25,19,26;2,26,4,11,10,9,15,8;3,26,14,27,6,11;6,27,16,28,17;4,27,5,17,18,12,11;0,8,14,20,13;0,1,25,2,3,15,14,7;3,10,16,21,15;3,11,12,16,9;3,4,6,12,10;6,18,16,10,11;0,7,20,18,29;4,26,19,20,7,8,15,21,27;3,9,21,14,8;5,27,21,9,10,12,18,23,22,28;5,28,29,18,6;6,17,29,13,20,19,23,16,12;2,25,24,23,18,20,14,26;7,14,19,18,13;9,16,27,14,15;1,28,16,23,24;16,18,19,24,22;1,22,23,19,25;1,24,19,2,8;2,19,14,4,3;4,14,21,16,5,6;1,29,17,5,16,22;0,13,18,17,28,1
torus341 30 5,6,16,23,28;2,25,29,6,7;1,7,20,26,25;4,22,27,9,10,17;3,17,28,23,22;0,28,17,11,6;0,5,11,13,8,7,1,29,16;1,6,8,27,20,2;6,13,14,15,9,27,7;3,27,8,15,10;3,9,15,18,17;5,17,19,20,13,6;16,24,19,17,18;6,11,20,14,8;8,13,20,21,15;8,14,21,22,16,18,10,9;0,6,29,24,12,18,15,22,23;3,10,18,12,19,11,5,28,4;10,15,16,12,17;11,17,12,24,26,20;2,7,27,21,14,13,11,19,26;14,20,27,22,15;3,4,23,16,15,21,27;0,16,22,4,28;12,16,29,25,26,19;1,2,26,24,29;2,20,19,24,25;3,22,21,20,7,8,9;0,23,4,17,5;1,25,24,16,6
torus342 30 1,2,16,7,24;0,24,25,12,2;0,1,12,19,26,9,8,16;4,8,9,20,27;3,27,5,11,8;4,27,29,6,11;5,29,12,17,11;0,16,15,14,13,19,12,29,24;2,9,3,4,11,22,16;2,26,20,3,8;11,17,18,23,29,22;4,5,6,17,10,22,8;1,25,18,17,6,29,7,19,2;7,14,20,26,19;7,15,21,20,13;7,16,22,21,14;0,2,8,22,15,7;6,12,18,10,11;10,17,12,25,23;2,12,7,13,26;3,9,26,13,14,21,28,27;14,15,22,28,20;8,11,10,29,28,21,15,16;10,18,25,24,29;0,7,29,23,25,1;1,24,23,18,12;2,19,13,20,9;3,20,28,29,5,4;20,21,22,29,27;5,27,28,22,10,23,24,7,12,6
torus343 30 5,6,12,7,24,29;2,19,25,7,22,27,28,8;1,8,26,12,19;9,10,27,21,20,26;5,28,10,9,6;0,29,17,28,4,6;0,5,4,9,11,12;0,12,13,14,22,1,25,24;1,28,15,26,2;3,26,15,16,11,6,4,10;3,9,4,28,27;6,9,16,17,12;0,6,11,17,23,18,19,2,26,13,7;7,12,26,20,14;7,13,20,21,22;8,28,16,9,26;9,15,28,17,11;5,29,23,12,11,16,28;12,23,24,25,19;1,2,12,18,25;3,21,14,13,26;3,27,22,14,20;1,7,14,21,27;12,17,29,24,18;0,7,25,18,23,29;1,19,18,24,7;2,8,15,9,3,20,13,12;1,22,21,3,10,28;1,27,10,4,5,17,16,15,8;0,24,23,17,5
torus344 30 1,7,21,15,20,14,29,24;0,24,18,25,7;3,9,8,25,27;2,27,4,10,9;3,27,26,21,28,5,6,12,11,10;4,28,29,14,6;4,5,14,13,12;0,1,25,8,21;2,9,21,7,25;2,3,10,17,18,16,21,8;3,4,11,17,9;4,12,25,17,10;4,6,13,25,11;6,14,20,19,25,12;0,20,13,6,5,29;0,21,26,19,20;9,18,23,22,21;9,10,11,25,18;1,24,23,16,9,17,25;13,20,15,26,25;0,15,19,13,14;0,7,8,9,16,22,28,4,26,15;16,23,29,28,21;16,18,24,29,22;0,29,23,18,1;1,18,17,11,12,13,19,26,27,2,8,7;4,27,25,19,15,21;2,25,26,4,3;4,21,22,29,5;0,14,5,28,22,23,24
torus345 30 1,2,25,24,23,29,22,5,4,11;0,11,6,7,14,8,2;0,1,8,16,9,3,26,25;2,9,11,4,27,26;0,5,27,3,11;0,22,28,27,4;1,11,19,13,7;1,6,13,21,14;1,14,15,16,2;2,16,22,10,11,3;9,22,29,17,12,11;0,4,3,9,10,12,19,6,1;10,17,18,19,11;6,19,18,20,26,28,21,7;1,7,21,15,8;8,14,21,22,16;2,8,15,22,9;10,29,23,18,12;12,17,23,24,20,13,19;6,11,12,18,13;13,18,24,25,26;7,13,28,22,15,14;0,29,10,9,16,15,21,28,5;0,24,18,17,29;0,25,20,18,23;0,2,26,20,24;2,3,27,28,13,20,25;3,4,5,28,26;5,22,21,13,26,27;0,23,17,10,22
torus346 30 5,11,6,7,14,24,17,29;2,3,4,27,26,19,25,24,14,8;1,8,15,9,3;1,2,9,10,4;1,3,10,11,5,27;0,29,28,27,4,11;0,11,10,13,7;0,6,13,28,14;1,14,21,15,2;2,15,16,10,3;3,9,16,17,18,12,20,13,6,11,4;0,5,4,10,6;10,18,19,26,20;6,10,20,28,7;0,7,28,22,21,8,1,24;2,8,21,16,9;9,15,21,22,23,17,10;0,24,25,18,10,16,23,29;10,17,25,19,12;1,26,12,18,25;10,12,26,27,28,13;8,14,22,16,15;14,28,23,16,21;16,22,28,29,17;0,14,1,25,17;1,19,18,17,24;1,27,20,12,19;1,4,5,28,20,26;5,29,23,22,14,7,13,20,27;0,17,23,28,5
torus347 30 5,11,10,29,22,15,7,14,19,21,28;8,20,25,18,24;3,9,4,27,26;2,26,8,6,7,17,9;2,9,11,5,27;0,28,27,4,11;3,8,12,13,7;0,15,17,3,6,13,23,14;1,24,29,10,12,6,3,26,20;2,3,17,11,4;0,11,17,16,12,8,29;0,5,4,9,17,10;6,8,10,16,22,13;6,12,22,23,7;0,7,23,18,25,19;0,22,16,17,7;10,17,15,22,12;3,7,15,16,10,11,9;1,25,14,23,22,24;0,14,25,20,21;1,8,26,21,19,25;0,19,20,26,28;0,29,24,18,23,13,12,16,15;7,13,22,18,14;1,18,22,29,8;1,20,19,14,18;2,27,28,21,20,8,3;2,4,5,28,26;0,21,26,27,5;0,10,8,24,22
torus348 30 12,17,24,13,26;16,26,20,25,19;8,19,11,26,9;6,10,9,26,15;5,27,21,28,19;4,19,7,24,10,6,27;3,15,27,5,10;5,19,25,14,24;2,9,10,24,17,23,22,16,19;2,26,3,10,8;3,6,5,24,8,9;2,19,18,12,26;0,26,11,18,29,17;0,24,14,20,26;7,25,20,13,24;3,26,16,27,6;1,19,8,22,21,27,15,26;0,12,29,23,8,24;11,19,28,29,12;1,25,7,5,4,28,18,11,2,8,16;1,26,13,14,25;4,27,16,22,28;8,23,28,21,16;8,17,29,28,22;0,17,8,10,5,7,14,13;1,20,14,7,19;0,13,20,1,16,15,3,9,2,11,12;4,5,6,15,16,21;4,21,22,23,29,18,19;12,18,28,23,17
torus349 30 1,6,11,10,4,27,5,29,23;0,23,24,25,6;8,25,19,17,20,26;4,10,12,18,17,19,24,23,26;0,10,3,26,27;0,27,20,28,22,29;0,1,25,7,13,11;6,25,8,9,21,20,18,13;2,26,9,7,25;7,8,26,14,21;0,11,12,3,4;0,6,13,12,10;3,10,11,13,18;6,7,18,12,11;9,26,16,15,21;14,16,22,28,21;14,26,23,29,22,15;2,19,3,18,20;3,12,13,7,20,17;2,25,24,3,17;2,17,18,7,21,28,5,27,26;7,9,14,15,28,20;5,28,15,16,29;0,29,16,26,3,24,1;1,23,3,19,25;1,24,19,2,8,7,6;2,20,27,4,3,23,16,14,9,8;0,4,26,20,5;5,20,21,15,22;0,5,22,16,23
torus350 30 1,14,21,6,24;0,24,25,7,14;8,27,14,28,9;4,28,14,23,11;3,11,17,16,10,9,28;18,25,29,23,22;0,21,12,17,11,23,29,24;1,25,8,15,14;2,9,10,15,7,25,18,19,26,27;2,28,4,10,8;4,16,15,8,9;3,23,6,17,4;6,21,20,13,17;12,20,27,26,17;0,1,7,15,16,17,19,22,23,3,28,2,27,20,21;7,8,10,16,14;4,17,14,15,10;4,11,6,12,13,26,19,14,16;5,22,19,8,25;8,18,22,14,17,26;12,21,14,27,13;0,14,20,12,6;5,23,14,19,18;3,14,22,5,29,6,11;0,6,29,25,1;1,24,29,5,18,8,7;8,19,17,13,27;2,8,26,13,20,14;2,14,3,4,9;5,25,24,6,23
torus351 30 7,24,19,27,25;7,25,8,9,15;3,16,22,8,25,26,10;2,10,4,11,16;3,10,28,6,11;6,28,29,24,7;4,28,5,7,14,12,11;0,25,1,15,14,6,5,24;1,25,2,22,28,9;1,8,28,20,27,21,15;2,26,20,28,4,3;3,4,6,12,17,23,29,16;6,14,13,17,11;12,14,21,27,19,18,17;6,7,15,21,13,12;1,9,21,14,7;2,3,11,29,22;11,12,13,18,23;13,19,24,23,17;0,24,18,13,27;9,28,10,26,27;9,27,13,14,15;2,16,29,28,8;11,17,18,24,29;0,7,5,29,23,18,19;0,27,26,2,8,1,7;2,25,27,20,10;0,19,13,21,9,20,26,25;4,10,20,9,8,22,29,5,6;5,28,22,16,11,23,24
torus352 30 1,2,10,17,24,6;0,6,7,26,2;0,1,26,19,28,5,25,16,10;4,20,8,14,9;3,9,5,27,20;2,28,27,4,9,25;0,24,14,7,1;1,6,14,8,26;3,20,26,7,14;3,14,25,5,4;0,2,16,23,17;12,13,24,29,28,19;11,19,26,20,13;11,12,20,15,24;3,8,7,6,24,15,22,16,25,9;13,20,21,22,14,24;2,25,14,22,23,10;0,10,23,18,24;17,23,22,29,24;2,26,12,11,28;3,4,27,21,15,13,12,26,8;15,20,27,28,29,22;14,15,21,29,18,23,16;10,16,22,18,17;0,17,18,29,11,13,15,14,6;2,5,9,14,16;1,7,8,20,12,19,2;4,5,28,21,20;2,19,11,29,21,27,5;11,24,18,22,21,28
torus353 30 13,26,25,24,18,29,28;2,26,13,6,7;1,7,8,3,27,26;2,8,9,4,27;3,9,10,11,5,27;4,11,14,26,27;1,13,28,11,7;1,6,11,17,12,19,21,20,15,8,2;2,7,15,9,3;3,8,15,22,29,23,10,4;4,9,23,16,11;4,10,16,17,7,6,28,14,5;7,17,24,25,19;0,28,6,1,26;5,11,28,21,19,26;7,20,22,9,8;10,23,18,17,11;7,11,16,18,24,12;0,24,17,16,23,29;7,12,25,26,14,21;7,21,28,22,15;7,19,14,28,20;9,15,20,28,29;9,29,18,16,10;0,25,12,17,18;0,26,19,12,24;0,13,1,2,27,5,14,19,25;2,3,4,5,26;0,29,22,20,21,14,11,6,13;0,18,23,9,22,28
torus354 30 5,6,16,22,29;4,20,19,18,26;3,26,25,14,8;2,8,15,9,10,27,26;1,26,27,11,5,28,21,20;0,29,28,4,11,12,6;0,5,12,13,14,7,16;6,14,25,24,16;2,14,29,22,15,3;3,15,23,17,10;3,9,17,12,11,27;4,27,10,12,5;5,11,10,17,24,18,19,13,6;6,12,19,20,21,14;2,25,7,6,13,21,28,29,8;3,8,22,23,9;0,6,7,24,22;9,23,24,12,10;1,19,12,24,26;1,20,13,12,18;1,4,21,13,19;4,28,14,13,20;0,16,24,23,15,8,29;9,15,22,24,17;7,25,26,18,12,17,23,22,16;2,26,24,7,14;1,18,24,25,2,3,27,4;3,10,11,4,26;4,5,29,14,21;0,22,8,14,28,5
torus355 30 5,6,7,21,29,19;7,12,8,26,24,23;3,27,25,9,14,29,15,16,10;2,10,4,28,27;3,10,12,11,28;0,19,28,11,6;0,5,11,12,7;0,6,12,1,23,22,21;1,12,13,9,25,26;2,25,8,13,14;2,16,12,4,3;4,12,6,5,28;1,7,6,11,4,10,16,18,27,19,20,13,8;8,12,20,14,9;2,9,13,20,29;2,29,21,22,17,18,16;2,15,18,12,10;15,22,23,24,18;12,16,15,17,24,26,25,27;0,29,20,12,27,28,5;12,19,29,14,13;0,7,22,15,29;7,23,17,15,21;1,24,17,22,7;1,26,18,17,23;2,27,18,26,8,9;1,8,25,18,24;2,3,28,19,12,18,25;3,4,11,5,19,27;0,21,15,2,14,20,19
torus356 30 1,7,14,6,12,18,17,29;0,29,24,2,7;1,24,19,20,3,26,7;2,20,21,22,27,16,9,26;5,10,16,27,28;4,28,15,11,10;0,14,21,13,12;0,1,2,26,14;9,16,10,25,23,14;3,16,8,14,26;4,5,11,17,18,19,25,8,16;5,15,29,17,10;0,6,13,19,18;6,21,20,19,12;0,7,26,9,8,23,15,21,6;5,28,22,21,14,23,24,29,11;3,27,4,10,8,9;0,18,10,11,29;0,12,19,10,17;2,24,25,10,18,12,13,20;2,19,13,21,3;3,20,13,6,14,15,22;3,21,15,28,27;8,25,24,15,14;1,29,15,23,25,19,2;8,10,19,24,23;2,3,9,14,7;3,22,28,4,16;4,27,22,15,5;0,17,11,15,24,1
torus357 30 6,7,24,10,25,19;3,13,15,9,10;3,4,27,28,22,16,21,20,26;1,10,11,4,2,26,18,13;2,3,11,5,27;4,11,24,29,27;0,19,18,12,7;0,6,12,20,13,14,23,8,24;7,23,28,29,24;1,15,21,16,10;0,24,11,3,1,9,16,22,17,25;3,10,24,5,4;6,18,26,20,7;1,3,18,14,7,20,15;7,13,18,19,25,17,23;1,13,20,21,9;2,22,10,9,21;10,22,28,23,14,25;3,26,12,6,19,14,13;0,25,14,18,6;2,21,15,13,7,12,26;2,16,9,15,20;2,28,17,10,16;7,14,17,28,8;0,7,8,29,5,11,10;0,10,17,14,19;2,20,12,18,3;2,4,5,29,28;2,27,29,8,23,17,22;5,24,8,28,27
torus358 30 2,8,9,20,29;23,26,25,24,27;0,29,7,13,8;4,14,21,20,10;3,10,5,28,14;4,10,9,16,6,7,29,28;5,16,12,13,7;2,29,5,6,13;0,2,13,12,17,21,14,15,9;0,8,15,22,16,5,10,20;3,20,9,5,4;12,16,22,27,17;6,16,11,17,8,13;2,7,6,12,8;3,4,28,27,15,8,21;8,14,27,22,9;5,9,22,11,12,6;8,12,11,27,24,18,20,21;17,24,25,19,20;18,25,26,29,20;0,9,10,3,21,17,18,19,29;3,14,8,17,20;9,15,27,11,16;1,27,28,29,26;1,25,18,17,27;1,26,19,18,24;1,23,29,19,25;1,24,17,11,22,15,14,28,23;4,5,29,23,27,14;0,20,19,26,23,28,5,7,2
torus359 36 1,7,6,5,35,30;0,30,31,2,8,7;1,31,32,3,9,8;2,32,33,4,10,9;3,33,34,5,11,10;0,6,11,4,34,35;0,7,13,12,11,5;0,1,8,14,13,6;1,2,9,15,14,7;2,3,10,16,15,8;3,4,11,17,16,9;4,5,6,12,17,10;6,13,19,17,11;6,7,14,20,19,12;7,8,15,21,20,13;8,9,16,22,21,14;9,10,17,23,22,15;10,11,12,19,18,23,16;17,19,25,24,23;12,13,20,26,25,18,17;13,14,21,27,26,19;14,15,22,28,27,20;15,16,23,29,28,21;16,17,18,24,29,22;18,25,31,30,29,23;18,19,26,32,31,24;19,20,27,33,32,25;20,21,28,34,33,26;21,22,29,35,34,27;22,23,24,30,35,28;0,35,29,24,31,1;1,30,24,25,32,2;2,31,25,26,33,3;3,32,26,27,34,4;4,33,27,28,35,5;0,5,34,28,29,30
torus360 36 1,7,6,5,35,30;0,30,31,2,8,7;1,31,32,3,9,8;2,32,33,4,10,9;3,33,34,5,11,10;0,6,11,4,34,28,35;0,7,13,12,11,5;0,1,8,15,14,13,6;1,2,9,15,7;2,3,10,16,15,8;3,4,11,17,16,9;4,5,6,12,17,10;6,13,19,18,17,11;6,7,14,20,19,12;7,15,21,20,13;7,8,9,16,22,21,14;9,10,17,23,22,15;10,11,12,18,23,16;12,19,25,24,23,17;12,13,20,27,26,25,18;13,14,21,27,19;14,15,22,28,27,20;15,16,23,29,28,21;16,17,18,24,29,22;18,25,31,30,29,23;18,19,26,32,31,24;19,27,33,32,25;19,20,21,28,34,33,26;5,34,27,21,22,29,35;22,23,24,30,35,28;0,35,29,24,31,1;1,30,24,25,32,2;2,31,25,26,33,3;3,32,26,27,34,4;4,33,27,28,5;0,5,28,29,30
torus361 36 1,7,6,5,30;0,30,31,2,8,7;1,31,32,3,9,8;2,32,33,4,10,9;3,33,34,5,11,10;0,6,12,11,4,34,35,30;0,7,13,12,5;0,1,8,14,13,6;1,2,9,15,14,7;2,3,10,16,15,8;3,4,11,17,16,9;4,5,12,17,10;5,6,13,19,18,17,11;6,7,14,20,19,12;7,8,15,21,20,13;8,9,16,22,21,14;9,10,17,23,22,15;10,11,12,18,23,16;12,19,25,24,23,17;12,13,20,26,25,18;13,14,21,27,26,19;14,15,22,28,27,20;15,16,23,29,28,21;16,17,18,24,29,22;18,25,31,30,29,23;18,19,26,32,31,24;19,20,27,33,32,25;20,21,28,35,34,33,26;21,22,29,35,27;22,23,24,30,35,28;0,5,35,29,24,31,1;1,30,24,25,32,2;2,31,25,26,33,3;3,32,26,27,34,4;4,33,27,35,5;5,34,27,28,29,30
torus362 36 1,7,6,5,35,30;0,30,31,2,8,7;1,31,32,3,9,8;2,32,33,4,10,9;3,33,34,5,11,10;0,6,11,4,34,35;0,7,13,12,11,5;0,1,8,14,13,6;1,2,9,15,14,7;2,3,10,16,15,8;3,4,11,12,17,16,9;4,5,6,12,10;6,13,19,18,17,10,11;6,7,14,20,19,12;7,8,15,21,20,13;8,9,16,22,21,14;9,10,17,23,22,15;10,12,18,23,16;12,19,24,23,17;12,13,20,26,25,24,18;13,14,21,27,26,19;14,15,22,28,27,20;15,16,23,29,28,21;16,17,18,24,30,29,22;18,19,25,31,30,23;19,26,32,31,24;19,20,27,33,32,25;20,21,28,34,33,26;21,22,29,35,34,27;22,23,30,35,28;0,35,29,23,24,31,1;1,30,24,25,32,2;2,31,25,26,33,3;3,32,26,27,34,4;4,33,27,28,35,5;0,5,34,28,29,30
torus363 36 1,7,5,35,30;0,30,31,8,7;3,9,8,31,32;2,32,33,4,10,9;3,33,34,5,11,10;0,7,6,11,4,34,35;5,7,13,12,11;0,1,8,14,13,6,5;1,31,2,9,15,14,7;2,3,10,16,15,8;3,4,11,17,16,9;4,5,6,12,17,10;6,13,19,18,17,11;6,7,14,20,19,12;7,8,15,21,20,13;8,9,16,22,21,14;9,10,17,22,15;10,11,12,18,23,22,16;12,19,25,24,23,17;12,13,20,26,25,18;13,14,21,27,26,19;14,15,22,28,27,20;15,16,17,23,29,28,21;17,18,24,29,22;18,25,31,30,29,23;18,19,26,32,31,24;19,20,27,33,32,25;20,21,28,34,33,26;21,22,29,35,34,27;22,23,24,30,35,28;0,35,29,24,31,1;1,30,24,25,32,2,8;2,31,25,26,33,3;3,32,26,27,34,4;4,33,27,28,35,5;0,5,34,28,29,30
torus364 36 5,6,7,30,35;2,31,30,7,8;1,8,9,3,32,31;2,9,10,4,33,32;3,10,11,5,34,33;0,35,34,4,11,6;0,5,11,12,13,7;0,6,13,14,8,1,30;1,7,14,15,9,2;2,8,15,16,10,3;3,9,16,17,11,4;4,10,17,12,6,5;6,11,17,18,19,13;6,12,19,20,14,7;7,13,20,21,15,8;8,14,21,22,16,9;9,15,22,23,17,10;10,16,23,18,12,11;12,17,23,24,25,19;12,18,25,26,20,13;13,19,26,27,21,14;14,20,27,28,22,15;15,21,28,29,24,23,16;16,22,24,18,17;18,23,22,29,30,31,25;18,24,31,32,26,19;19,25,32,33,27,20;20,26,33,34,35,28,21;21,27,35,29,22;22,28,35,30,24;0,7,1,31,24,29,35;1,2,32,25,24,30;2,3,33,26,25,31;3,4,34,27,26,32;4,5,35,27,33;0,30,29,28,27,34,5
torus365 36 1,7,6,5,35,30;0,30,31,2,8,7;1,31,32,3,9,8;2,32,33,4,10,9;3,33,34,5,11,10;0,6,11,4,34,35;0,7,13,12,17,11,5;0,1,8,14,13,6;1,2,9,15,14,7;2,3,10,16,15,8;3,4,11,17,16,9;4,5,6,17,10;6,13,19,18,17;6,7,14,20,19,12;7,8,15,20,13;8,9,16,22,21,20,14;9,10,17,23,22,15;6,12,18,23,16,10,11;12,19,25,23,17;12,13,20,26,25,18;13,14,15,21,27,26,19;15,22,28,27,20;15,16,23,29,28,21;16,17,18,25,24,29,22;23,25,31,30,29;18,19,26,32,31,24,23;19,20,27,33,32,25;20,21,28,34,33,26;21,22,29,35,34,27;22,23,24,30,35,28;0,35,29,24,31,1;1,30,24,25,32,2;2,31,25,26,33,3;3,32,26,27,34,4;4,33,27,28,35,5;0,5,34,28,29,30
torus366 36 5,6,7,30,35;2,32,31,30,7,8;1,8,9,3,33,32;2,9,10,4,33;3,10,11,5,34,33;0,35,28,34,4,11,6;0,5,11,12,13,7;0,6,13,14,8,1,30;1,7,14,15,9,2;2,8,15,16,10,3;3,9,16,17,11,4;4,10,17,18,12,6,5;6,11,18,19,13;6,12,19,20,14,7;7,13,20,21,15,8;8,14,21,22,16,9;9,15,22,23,17,10;10,16,23,18,11;11,17,23,24,25,26,19,12;12,18,26,20,13;13,19,26,27,21,14;14,20,27,22,15;15,21,27,28,29,23,16;16,22,29,30,24,18,17;18,23,30,31,25;18,24,31,32,26;18,25,32,33,27,20,19;20,26,33,34,28,22,21;5,35,29,22,27,34;22,28,35,30,23;0,7,1,31,24,23,29,35;1,32,25,24,30;1,2,33,26,25,31;2,3,4,34,27,26,32;4,5,28,27,33;0,30,29,28,5
torus367 36 1,6,11,5,35,30;0,30,31,8,7,6;3,9,8,31,32;2,32,4,10,9;3,32,33,34,5,11,10;0,11,4,34,35;0,1,7,13,12,11;1,8,14,20,13,6;1,31,2,9,15,14,7;2,3,10,16,22,15,8;3,4,11,17,16,9;0,6,12,17,10,4,5;6,13,19,18,17,11;6,7,20,19,12;7,8,15,21,20;8,9,22,21,14;9,10,17,23,29,22;10,11,12,18,23,16;12,19,25,24,23,17;12,13,20,25,18;7,14,21,27,26,25,19,13;14,15,22,28,27,20;9,16,29,28,21,15;16,17,18,24,29;18,25,31,30,29,23;18,19,20,26,32,31,24;20,27,33,32,25;20,21,28,35,34,33,26;21,22,29,30,35,27;16,23,24,30,28,22;0,35,28,29,24,31,1;1,30,24,25,32,2,8;2,31,25,26,33,4,3;4,32,26,27,34;4,33,27,35,5;0,5,34,27,28,30
torus368 36 1,7,6,5,30,31;0,31,2,8,14,7;1,31,32,9,8;4,10,9,32,33;3,33,34,5,6,11,10;0,6,4,34,35,30;0,7,13,12,11,4,5;0,1,14,13,6;1,2,9,15,14;2,32,3,10,16,15,8;3,4,11,16,9;4,6,12,17,16,10;6,13,19,18,17,11;6,7,14,20,19,12;1,8,15,21,20,13,7;8,9,16,22,21,14;9,10,11,17,23,22,15;11,12,18,23,16;12,19,25,24,23,17;12,13,20,26,25,18;13,14,21,27,26,19;14,15,22,28,27,20;15,16,23,29,35,28,21;16,17,18,24,29,22;18,25,31,30,29,23;18,19,26,31,24;19,20,27,33,32,31,25;20,21,28,34,33,26;21,22,35,34,27;22,23,24,30,35;0,5,35,29,24,31;0,30,24,25,26,32,2,1;2,31,26,33,3,9;3,32,26,27,34,4;4,33,27,28,35,5;5,34,28,22,29,30
torus369 36 1,7,6,35,30;0,30,31,2,8,7;1,31,32,3,9,8;2,32,33,10,9;5,11,10,33,34;4,34,28,35,6,11;0,7,13,11,5,35;0,1,8,14,13,6;1,2,9,15,14,7;2,3,10,16,22,15,8;3,33,4,11,12,17,16,9;4,5,6,13,12,10;10,11,13,18,17;6,7,14,20,19,18,12,11;7,8,15,21,20,13;8,9,22,21,14;9,10,17,23,22;10,12,18,23,16;12,13,19,25,24,23,17;13,20,26,25,18;13,14,21,27,26,19;14,15,22,28,27,20;9,16,23,29,28,21,15;16,17,18,24,29,22;18,25,30,29,23;18,19,26,32,31,30,24;19,20,27,34,33,32,25;20,21,28,34,26;5,34,27,21,22,29,30,35;22,23,24,30,28;0,35,28,29,24,25,31,1;1,30,25,32,2;2,31,25,26,33,3;3,32,26,34,4,10;4,33,26,27,28,5;0,6,5,28,30
torus370 36 1,7,13,6,5,35,30;0,30,31,2,8,7;1,31,25,32,3,9,8;2,32,33,4,10,9;3,33,34,5,10;0,6,11,10,4,34,35;0,13,12,11,5;0,1,8,15,14,13;1,2,9,15,7;2,3,10,16,15,8;3,4,5,11,17,16,9;5,6,12,17,10;6,13,18,17,11;0,7,14,20,19,18,12,6;7,15,21,20,13;7,8,9,16,22,21,14;9,10,17,23,29,22,15;10,11,12,18,23,16;12,13,19,25,23,17;13,20,26,25,18;13,14,21,27,26,19;14,15,22,28,27,20;15,16,29,28,21;16,17,18,25,24,29;23,25,31,30,29;2,31,24,23,18,19,26,32;19,20,27,33,32,25;20,21,28,34,33,26;21,22,29,34,27;16,23,24,30,35,34,28,22;0,35,29,24,31,1;1,30,24,25,2;2,25,26,33,3;3,32,26,27,34,4;4,33,27,28,29,35,5;0,5,34,29,30
torus371 36 1,7,6,5,35,30;0,30,31,2,8,7;1,31,32,3,9,8;2,32,33,34,4,10,9;3,34,35,5,11,10;0,6,11,4,35;0,7,13,12,11,5;0,1,8,14,20,19,13,6;1,2,9,15,14,7;2,3,10,16,15,8;3,4,11,12,17,16,9;4,5,6,12,10;6,13,18,17,10,11;6,7,19,18,12;7,8,15,21,20;8,9,16,22,21,14;9,10,17,23,29,22,15;10,12,18,23,16;12,13,19,25,24,23,17;7,20,26,25,18,13;7,14,21,27,26,19;14,15,22,28,27,20;15,16,29,28,21;16,17,18,24,35,29;18,25,31,30,35,23;18,19,26,32,31,24;19,20,27,33,32,25;20,21,28,34,33,26;21,22,29,35,34,27;16,23,35,28,22;0,35,24,31,1;1,30,24,25,32,2;2,31,25,26,33,3;3,32,26,27,34;3,33,27,28,35,4;0,5,4,34,28,29,23,24,30
torus372 36 1,6,5,24,30;0,30,31,2,8,7,6;1,31,27,32,3,9,15,8;2,32,4,10,9;3,32,33,11,10;0,6,12,11,33,34,35,24;0,1,7,13,12,5;1,8,14,20,13,6;1,2,15,14,7;2,3,10,16,15;3,4,11,17,16,9;4,33,5,12,17,10;5,6,13,19,25,18,17,11;6,7,20,19,12;7,8,15,21,20;2,9,16,22,21,14,8;9,10,17,22,15;10,11,12,18,23,22,16;12,25,24,23,17;12,13,20,26,25;7,14,21,26,19,13;14,15,22,26,20;15,16,17,23,29,28,27,25,26,21;17,18,24,29,22;0,5,35,29,23,18,25,30;12,19,26,22,27,31,30,24,18;19,20,21,22,25;2,31,25,22,28,34,33,32;22,29,35,34,27;22,23,24,35,28;0,24,25,31,1;1,30,25,27,2;2,27,33,4,3;4,32,27,34,5,11;5,33,27,28,35;5,34,28,29,24
torus373 36 1,6,5,4,35;0,35,30,31,25,32,2,7,6;1,32,3,9,8,7;2,32,26,21,27,33,10,9;0,5,10,33,34,35;0,6,11,10,4;0,1,7,14,13,11,5;1,2,8,14,6;2,9,15,21,14,7;2,3,10,16,15,8;3,33,4,5,11,16,9;5,6,13,12,17,16,10;11,13,19,18,17;6,14,20,19,12,11;6,7,8,21,20,13;8,9,16,22,21;9,10,11,17,24,23,22,15;11,12,18,24,16;12,19,26,25,24,17;12,13,20,26,18;13,14,21,26,19;3,26,20,14,8,15,22,29,28,27;15,16,23,29,21;16,24,31,29,22;16,17,18,25,31,23;1,31,24,18,26,32;3,32,25,18,19,20,21;3,21,28,34,33;21,29,30,35,34,27;21,22,23,31,30,28;1,35,28,29,31;1,30,29,23,24,25;1,25,26,3,2;3,27,34,4,10;4,33,27,28,35;0,4,34,28,30,1
torus374 36 1,7,6,11,10,5,35,30;0,30,31,2,8,7;1,31,32,3,9,8;2,32,33,4,10,9;3,33,34,5,10;0,10,4,34,35;0,7,13,12,11;0,1,8,13,6;1,2,9,14,13,7;2,3,10,15,14,8;0,11,17,16,15,9,3,4,5;0,6,12,17,10;6,13,20,19,25,18,17,11;6,7,8,14,20,12;8,9,15,21,27,20,13;9,10,16,22,21,14;10,17,18,23,22,15;10,11,12,18,16;12,25,24,23,16,17;12,20,27,26,25;12,13,14,27,19;14,15,22,29,28,27;15,16,23,29,21;16,18,24,29,22;18,25,31,30,29,23;12,19,26,32,31,24,18;19,27,33,32,25;14,21,28,34,33,26,19,20;21,29,35,34,27;21,22,23,24,30,35,28;0,35,29,24,31,1;1,30,24,25,32,2;2,31,25,26,33,3;3,32,26,27,34,4;4,33,27,28,35,5;0,5,34,28,29,30
torus375 36 1,7,6,5,30;0,30,31,32,2,7;1,32,3,9,8,7;2,32,4,10,9;3,32,33,11,10;0,6,34,35,30;0,7,14,13,12,17,11,34,5;0,1,2,8,15,14,6;2,9,16,15,7;2,3,10,16,8;3,4,11,16,9;4,33,27,21,34,6,17,16,10;6,13,19,25,18,23,17;6,14,20,19,12;6,7,15,21,27,20,13;7,8,16,22,21,14;8,9,10,11,17,22,15;6,12,23,28,22,16,11;12,25,24,29,23;12,13,20,26,25;13,14,27,26,19;11,27,14,15,22,28,34;15,16,17,28,21;12,18,29,28,17;18,25,31,30,29;12,19,26,32,31,24,18;19,20,27,33,32,25;11,33,26,20,14,21;17,23,29,35,34,21,22;18,24,30,35,28,23;0,5,35,29,24,31,1;1,30,24,25,32;1,31,25,26,33,4,3,2;4,32,26,27,11;5,6,11,21,28,35;5,34,28,29,30
torus376 36 1,8,6,5,35;0,35,30,31,2,8;1,31,32,33,3,9,15,8;2,33,34,4,10,9;3,34,11,17,10;0,6,11,29,35;0,8,7,13,12,17,11,5;6,8,15,14,13;0,1,2,15,7,6;2,3,10,16,15;3,4,17,16,9;4,34,29,5,6,17;6,13,19,18,23,17;6,7,14,20,19,12;7,15,21,20,13;2,9,16,22,21,14,7,8;9,10,17,23,22,15;4,11,6,12,23,16,10;12,19,25,24,28,23;12,13,20,26,25,18;13,14,21,26,19;14,15,22,28,27,26,20;15,16,23,28,21;12,18,28,22,16,17;18,25,30,35,28;18,19,26,27,32,31,30,24;19,20,21,27,25;21,28,34,33,32,25,26;18,24,35,29,34,27,21,22,23;5,11,34,28,35;1,35,24,25,31;1,30,25,32,2;2,31,25,27,33;2,32,27,34,3;3,33,27,28,29,11,4;0,5,29,28,24,30,1
torus377 36 5,6,13,7,30,35,28,34;2,32,31,7,14,8;1,8,9,3,4,33,32;2,9,10,17,4;2,3,17,11,5,34,33;0,34,4,11,6;0,5,11,12,13;0,13,14,1,31,30;1,14,20,15,9,2;2,8,15,10,3;3,9,15,16,17;4,17,12,6,5;6,11,17,18,19,13;0,6,12,19,20,14,7;1,7,13,20,8;8,20,21,16,10,9;10,15,21,22,23,17;3,10,16,23,24,18,12,11,4;12,17,24,25,19;12,18,25,20,13;8,14,13,19,25,26,27,28,21,15;15,20,28,22,16;16,21,28,29,23;16,22,29,24,17;17,23,29,35,30,31,32,25,18;18,24,32,26,20,19;20,25,32,33,27;20,26,33,34,28;0,35,29,22,21,20,27,34;22,28,35,24,23;0,7,31,24,35;1,32,24,30,7;1,2,33,26,25,24,31;2,4,34,27,26,32;0,28,27,33,4,5;0,30,24,29,28
torus378 36 1,7,6,35,30;0,30,31,2,7;1,31,32,3,9,8,7;2,32,33,4,9;3,33,5,11,10,9;4,33,35,6,12,11;0,7,19,18,12,5,35;0,1,2,8,14,13,19,6;2,9,15,14,7;2,3,4,10,16,15,8;4,11,17,16,9;4,5,12,17,10;5,6,18,24,17,11;7,14,21,20,19;7,8,15,21,13;8,9,16,22,28,21,14;9,10,17,23,22,15;10,11,12,24,23,16;6,19,25,24,12;6,7,13,20,26,25,18;13,21,27,26,19;13,14,15,28,34,27,20;15,16,23,29,28;16,17,24,29,22;12,18,25,32,31,30,29,23,17;18,19,26,32,24;19,20,27,32,25;20,21,34,33,32,26;15,22,29,34,21;22,23,24,30,33,34,28;0,35,33,29,24,31,1;1,30,24,32,2;2,31,24,25,26,27,33,3;3,32,27,34,29,30,35,5,4;21,28,29,33,27;0,6,5,33,30
torus379 36 1,7,6,30,25,31;0,31,2,8,7;1,31,3,9,8;2,31,32,33,4,10,9;3,33,34,5,11,17,10;4,34,35,30,11;0,7,13,11,30;0,1,8,14,13,6;1,2,9,15,21,14,7;2,3,10,15,8;3,4,17,16,15,9;4,5,30,6,13,12,17;11,13,14,19,18,17;6,7,14,12,11;7,8,21,20,19,12,13;8,9,10,16,22,21;10,17,18,23,22,15;4,11,12,18,16,10;12,19,24,23,16,17;12,14,20,25,24,18;14,21,26,25,19;8,15,22,29,27,26,20,14;15,16,23,29,21;16,18,24,30,29,22;18,19,25,30,23;0,30,24,19,20,26,32,31;20,21,27,33,32,25;21,29,28,33,26;27,29,35,34,33;21,22,23,30,35,28,27;0,6,11,5,35,29,23,24,25;0,25,32,3,2,1;3,31,25,26,33;3,32,26,27,28,34,4;4,33,28,35,5;5,34,28,29,30
torus380 36 1,7,6,5,35,30;0,30,31,2,9,15,8,7;1,31,25,10,9;4,10,32,33,34;3,34,5,11,10;0,6,11,4,34,29,35;0,7,13,12,11,5;0,1,8,14,20,13,6;1,15,21,14,7;1,2,10,16,15;2,25,32,3,4,11,17,16,9;4,5,6,12,17,10;6,13,18,17,11;6,7,20,19,18,12;7,8,21,27,20;1,9,16,23,22,28,21,8;9,10,17,23,15;10,11,12,18,24,23,16;12,13,19,25,24,17;13,20,26,32,25,18;7,14,27,26,19,13;8,15,28,27,14;15,23,29,34,28;15,16,17,24,35,29,22;17,18,25,31,30,35,23;2,31,24,18,19,32,10;19,20,27,33,32;14,21,28,34,33,26,20;15,22,34,27,21;5,34,22,23,35;0,35,24,31,1;1,30,24,25,2;3,10,25,19,26,33;3,32,26,27,34;3,33,27,28,22,29,5,4;0,5,29,23,24,30
torus381 36 4,5,6,7,30,35,34;2,31,30,7,8;1,8,9,16,3,31;2,16,10,4,33,31;0,34,33,3,10,11,5;0,4,11,12,6;0,5,12,14,7;0,6,14,8,1,30;1,7,14,9,2;2,8,14,15,16;3,16,17,11,4;4,10,17,12,5;5,11,17,18,19,13,14,6;12,19,26,20,14;6,12,13,20,27,21,15,9,8,7;9,14,21,22,16;2,9,15,22,29,30,23,17,10,3;10,16,23,24,18,12,11;12,17,24,25,19;12,18,25,26,13;13,26,33,27,14;14,27,28,22,15;15,21,28,29,16;16,30,32,24,17;17,23,32,25,18;18,24,32,26,19;13,19,25,32,31,33,20;14,20,33,34,35,28,21;21,27,35,29,22;16,22,28,35,30;0,7,1,31,32,23,16,29,35;1,2,3,33,26,32,30;23,30,31,26,25,24;3,4,34,27,20,26,31;0,35,27,33,4;0,30,29,28,27,34
torus382 36 1,7,5,35,30;0,30,31,2,9,8,7;1,31,32,26,33,3,9;2,33,4,10,9;3,33,34,17,23,10;0,7,6,11,35;5,7,13,12,11;0,1,8,14,13,6,5;1,9,15,14,7;1,2,3,10,16,15,8;3,4,23,16,9;5,6,12,17,35;6,13,19,25,18,17,11;6,7,14,19,12;7,8,15,21,27,20,19,13;8,9,16,22,21,14;9,10,23,22,15;4,34,35,11,12,18,23;12,25,24,23,17;12,13,14,20,25;14,27,26,25,19;14,15,22,29,28,27;15,16,23,29,21;4,17,18,24,29,22,16,10;18,25,32,31,30,35,29,23;12,19,20,26,32,24,18;2,32,25,20,27,33;14,21,28,34,33,26,20;21,29,35,34,27;21,22,23,24,35,28;0,35,24,31,1;1,30,24,32,2;2,31,24,25,26;2,26,27,34,4,3;4,33,27,28,35,17;0,5,11,17,34,28,29,24,30
torus383 36 1,7,13,6,5,34,30;0,30,2,8,14,7;1,30,31,32,8;4,10,32,33,34;3,34,5,11,10;0,6,11,4,34;0,13,12,11,5;0,1,14,20,13;1,2,32,10,9,15,14;8,10,16,22,15;3,4,11,17,16,9,8,32;4,5,6,12,17,10;6,13,20,19,18,17,11;0,7,20,12,6;1,8,15,21,27,20,7;8,9,22,21,14;9,10,17,23,29,35,28,22;10,11,12,18,23,16;12,19,24,23,17;12,20,25,24,18;7,14,27,26,25,19,12,13;14,15,22,28,34,27;9,16,28,21,15;16,17,18,24,29;18,19,25,31,30,29,23;19,20,26,32,31,24;20,27,33,32,25;14,21,34,33,26,20;16,35,34,21,22;16,23,24,30,35;0,34,35,29,24,31,2,1;2,30,24,25,32;2,31,25,26,33,3,10,8;3,32,26,27,34;0,5,4,3,33,27,21,28,35,30;16,29,30,34,28
torus384 36 1,7,13,6,11,35,30;0,30,24,2,32,9,8,7;1,24,13,18,19,31,32;4,10,16,9,32;3,32,33,11,10;11,33,25,27,34;0,13,12,17,11;0,1,8,18,13;1,9,16,14,18,7;1,32,3,16,8;3,4,11,17,16;0,6,17,10,4,33,5,34,35;6,13,29,23,17;0,7,18,2,24,29,12,6;8,16,20,19,18;16,22,21,26,20;3,10,17,23,22,15,20,14,8,9;6,12,23,16,10,11;2,13,7,8,14,19;2,18,14,20,26,31;14,16,15,26,19;15,22,29,28,27,31,26;15,16,23,29,21;12,29,22,16,17;1,30,29,13,2;5,33,32,31,27;15,21,31,19,20;5,25,31,21,28,34;21,29,35,34,27;12,13,24,30,35,28,21,22,23;0,35,29,24,1;2,19,26,21,27,25,32;1,2,31,25,33,4,3,9;4,32,25,5,11;5,27,28,35,11;0,11,34,28,29,30
torus385 36 1,14,7,6,11,5,30,24;0,24,2,8,14;1,24,31,9,8;9,31,32,26,33;9,33,27,34,35;0,11,10,16,22,9,35,30;0,7,13,12,11;0,14,25,13,6;1,2,9,15,14;2,31,3,33,4,35,5,22,15,8;5,11,17,23,16;0,6,12,17,10,5;6,13,18,17,11;6,7,25,18,12;0,1,8,15,20,19,25,7;8,9,22,28,34,21,20,14;5,10,23,24,22;10,11,12,18,23;12,13,25,24,23,17;14,20,26,32,25;14,15,21,26,19;15,34,27,26,20;5,16,24,29,28,15,9;10,17,18,24,16;0,30,29,22,16,23,18,25,32,31,2,1;7,14,19,32,24,18,13;3,32,19,20,21,27,33;4,33,26,21,34;15,22,29,35,34;22,24,30,35,28;0,5,35,29,24;2,24,32,3,9;3,31,24,25,19,26;3,26,27,4,9;4,27,21,15,28,35;4,34,28,29,30,5,9
torus386 36 5,12,6,30,35;2,31,32,7,8;1,8,15,16,9,31;4,32,31,9,10;3,10,11,5,34,32;0,35,34,4,11,17,12;0,12,14,7,32,30;1,32,6,14,8;1,7,14,15,2;2,16,10,3,31;3,9,16,11,4;4,10,16,17,5;0,5,17,18,19,13,20,14,6;12,19,26,33,20;6,12,20,27,21,15,8,7;2,8,14,21,16;2,15,21,22,29,24,23,17,11,10,9;5,11,16,23,18,12;12,17,23,25,19;12,18,25,26,13;12,13,33,27,14;14,27,22,16,15;16,21,27,28,29;16,24,25,18,17;16,29,35,30,32,25,23;18,23,24,32,26,19;13,19,25,32,34,35,28,33;14,20,33,28,22,21;22,27,33,26,35,29;16,22,28,35,24;0,6,32,24,35;1,2,9,3,32;1,31,3,4,34,26,25,24,30,6,7;13,26,28,27,20;4,5,35,26,32;0,30,24,29,28,26,34,5
torus387 36 5,6,7,30,35;2,31,14,8,9;1,9,3,32,24,31;2,9,15,16,23,17,10,5,4,33,32;3,5,35,22,34,33;0,35,4,3,10,6;0,5,10,12,7;0,6,12,20,14,31,24,30;1,14,20,22,15,9;1,8,15,3,2;3,17,11,12,6,5;10,17,24,18,12;6,10,11,18,19,13,20,7;12,19,26,27,20;1,31,7,20,8;3,9,8,22,16;3,15,22,28,23;3,23,24,11,10;11,24,25,19,12;12,18,25,26,13;7,12,13,27,21,34,22,8,14;20,27,32,33,34;4,35,28,16,15,8,20,34;3,16,28,29,24,17;2,32,25,18,11,17,23,29,30,7,31;18,24,32,26,19;13,19,25,32,27;13,26,32,21,20;16,22,35,29,23;23,28,35,30,24;0,7,24,29,35;1,2,24,7,14;2,3,33,21,27,26,25,24;3,4,34,21,32;4,22,20,21,33;0,30,29,28,22,4,5
torus388 36 1,6,5,34,35;0,35,30,31,2,13,19,12,6;1,31,7,20,13;4,24,25,32,33,34;3,34,5,11,10,9,8,7,31,24;0,6,11,4,34;0,1,12,11,5;2,31,4,8,14,20;4,9,15,14,7;4,10,16,15,8;4,11,12,17,16,9;4,5,6,12,10;1,19,32,25,18,17,10,11,6;1,2,20,26,19;7,8,15,22,20;8,9,16,22,14;9,10,17,23,22,15;10,12,18,23,16;12,25,24,23,17;1,13,26,32,12;2,7,14,22,23,26,13;23,24,28,27,26;14,15,16,23,20;16,17,18,24,21,26,20,22;3,4,31,30,29,28,21,23,18,25;3,24,18,12,32;13,20,23,21,27,33,32,19;21,28,34,33,26;21,24,29,34,27;24,30,35,34,28;1,35,29,24,31;1,30,24,4,7,2;3,25,12,19,26,33;3,32,26,27,34;0,5,4,3,33,27,28,29,35;0,34,29,30,1
torus389 36 1,6,5,35,30;0,30,8,7,6;8,31,32,9,15;4,10,11,16,9,32;3,32,33,34,5,6,10;0,6,4,34,35;0,1,7,12,10,4,5;1,8,20,27,13,12,6;1,30,22,31,2,15,14,20,7;2,32,3,16,15;3,4,6,12,11;3,10,12,17,21,16;6,7,13,18,24,23,29,17,11,10;7,27,19,18,12;8,15,16,21,20;2,9,16,14,8;3,11,21,14,15,9;11,12,29,28,21;12,13,19,25,24;13,27,26,25,18;7,8,14,21,27;11,17,28,27,20,14,16;8,30,35,23,31;12,24,32,31,22,35,29;12,18,25,32,23;18,19,26,32,24;19,27,33,32,25;7,20,21,28,35,34,33,26,19,13;17,29,35,27,21;12,23,35,28,17;0,35,22,8,1;2,8,22,23,32;2,31,23,24,25,26,33,4,3,9;4,32,26,27,34;4,33,27,35,5;0,5,34,27,28,29,23,22,30
torus390 36 1,8,30,24,31;0,31,2,3,8;1,31,32,26,3;1,2,26,33,8;6,11,10,33,27;6,28,17,18,34,35;4,27,21,28,5,35,7,11;6,35,29,30,26,12,11;0,1,3,33,10,14,30;10,16,15,26,14;4,11,12,19,17,16,9,14,8,33;4,6,7,12,10;7,26,19,10,11;17,19,26,25,20,23,18;8,10,9,26,30;9,16,22,21,26;9,10,17,22,15;5,28,22,16,10,19,13,18;5,17,13,23,34;10,12,26,13,17;13,25,24,30,23;6,27,26,15,22,28;15,16,17,28,21;13,20,30,29,34,18;0,30,20,25,32,31;13,26,32,24,20;2,32,25,13,19,12,7,30,14,9,15,21,27,33,3;4,33,26,21,6;5,6,21,22,17;7,35,34,23,30;0,8,14,26,7,29,23,20,24;0,24,32,2,1;2,31,24,25,26;3,26,27,4,10,8;5,18,23,29,35;5,34,29,7,6
torus391 36 4,5,34,15,35,7,6,11,9;2,14,35,30,31,32;1,32,3,8,14;2,32,26,4,8;0,9,8,3,26,33,5;0,4,33,28,34;0,7,25,13,11;0,35,26,25,6;2,3,4,9,14;0,11,19,17,14,8,4;15,16,22,29,35;0,6,13,19,9;15,17,18,23,16;6,25,18,19,11;1,2,8,9,17,20,35;0,34,21,17,12,16,10,35;10,15,12,23,22;9,19,18,12,15,21,27,20,14;12,17,19,13,25,26,23;9,11,13,18,17;14,17,27,26,35;15,34,28,27,17;10,16,23,24,29;12,18,26,24,22,16;22,23,26,31,30,29;6,7,26,18,13;3,32,31,24,23,18,25,7,35,20,27,33,4;17,21,28,33,26,20;5,33,27,21,34;10,22,24,30,35;1,35,29,24,31;1,30,24,26,32;1,31,26,3,2;4,26,27,28,5;0,5,28,21,15;0,15,10,29,30,1,14,20,26,7
torus392 36 6,7,8,29,35;2,31,30,29,8;1,8,3,32,31;2,8,16,9,32;6,35,33,10,11;6,17,22,28,34;0,35,4,11,17,5,34,13,7;0,6,13,14,8;0,7,14,20,15,16,3,2,1,29;3,16,10,33,32;4,33,9,16,11;4,10,16,17,6;13,34,33,29,23,18;6,34,12,18,19,14,7;7,13,19,20,8;8,20,21,22,17,16;3,8,15,17,11,10,9;5,6,11,16,15,22;12,23,24,25,19,13;13,18,25,20,14;8,14,19,25,31,26,27,21,15;15,20,27,28,22;5,17,15,21,28;12,29,30,24,18;18,23,30,31,25;18,24,31,20,19;20,31,33,34,27;20,26,34,28,21;5,22,21,27,34;0,8,1,30,23,12,33,35;1,31,24,23,29;1,2,32,33,26,20,25,24,30;2,3,9,33,31;4,35,29,12,34,26,31,32,9,10;5,28,27,26,33,12,13,6;0,29,33,4,6
torus393 36 1,8,7,6,12;0,12,35,30,31,10,17,18,26,8;3,9,32,27,33;2,33,35,4,9;3,35,5,17,9;4,35,12,27,11,17;0,7,13,19,12;0,8,25,13,6;0,1,26,25,7;2,3,4,17,14,20,13,25,32;1,31,16,15,17;5,27,32,18,17;0,6,19,27,5,35,1;6,7,25,9,20,19;9,17,15,21,27,20;10,16,21,14,17;10,31,23,21,15;1,10,15,14,9,4,5,11,18;1,17,11,32,26;6,13,20,27,12;9,14,27,19,13;14,15,16,23,27;23,31,24,28,27;16,31,22,27,21;22,31,30,29,28;7,8,26,32,9,13;1,18,32,25,8;2,32,11,5,12,19,20,14,21,23,22,28,34,33;22,24,29,34,27;24,30,35,34,28;1,35,29,24,31;1,30,24,22,23,16,10;2,9,25,26,18,11,27;2,27,34,35,3;27,28,29,35,33;1,12,5,4,3,33,34,29,30
torus394 36 5,11,14,6,29;7,8,32,31,30;4,26,32,8,15;4,33,17,11,5,34;2,15,33,3,34,26;0,29,35,34,3,11;0,14,13,19,15,7,30,29;1,30,6,15,8;1,7,15,2,32;10,17,33,15,16;9,16,23,27,35,24,17;0,5,3,17,14;13,17,25,18,19;6,14,17,12,19;0,11,17,13,6;2,8,7,6,19,22,16,9,33,4;9,15,22,23,10;3,33,9,10,24,25,12,13,14,11;12,25,31,20,19;6,13,12,18,20,21,22,15;18,31,32,21,19;19,20,32,28,22;15,19,21,28,23,16;10,16,22,28,27;10,35,30,25,17;12,17,24,30,31,18;2,4,34,35,27,32;10,23,28,32,26,35;21,32,27,23,22;0,6,30,35,5;1,31,25,24,35,29,6,7;1,32,20,18,25,30;1,8,2,26,27,28,21,20,31;3,4,15,9,17;3,5,35,26,4;5,29,30,24,10,27,26,34
torus395 36 1,7,13,6,35,28,29,30;0,30,2,8,7;1,30,31,9,8;9,31,33,16,14;5,11,10,16,34;4,34,35,6,11;0,13,11,5,35;0,1,8,14,13;1,2,9,14,7;2,31,3,14,8;4,11,13,22,16;4,5,6,13,10;17,18,32,24,23,29;0,7,14,19,22,10,11,6;3,16,15,21,20,25,18,19,13,7,8,9;14,16,22,17,21;3,33,27,28,34,4,10,22,15,14;12,29,21,15,22,19,18;12,17,19,14,25,32;13,14,18,17,22;14,21,29,27,33,26,25;14,15,17,29,20;10,13,19,17,15,16;12,24,33,30,29;12,32,26,33,23;14,20,26,32,18;20,33,24,32,25;16,33,20,29,28;0,35,34,16,27,29;0,28,27,20,21,17,12,23,30;0,29,23,33,31,2,1;2,30,33,3,9;12,18,25,26,24;3,31,30,23,24,26,20,27,16;4,16,28,35,5;0,6,5,34,28
torus396 28 1,8,7,6,27,21;0,21,22,2,9,8;1,22,23,3,10,9;2,23,24,4,11,10;3,24,25,5,12,11;4,25,26,6,13,12;0,7,13,5,26,27;0,8,15,22,14,13,6;0,1,9,16,15,7;1,2,10,17,16,8;2,3,11,18,17,9;3,4,12,19,18,10;4,5,13,20,19,11;5,6,7,14,20,12;7,22,21,20,13;7,8,16,23,22;8,9,17,24,23,15;9,10,18,25,24,16;10,11,19,26,25,17;11,12,20,27,26,18;12,13,14,21,27,19;0,27,20,14,22,1;1,21,14,7,15,23,2;2,22,15,16,24,3;3,23,16,17,25,4;4,24,17,18,26,5;5,25,18,19,27,6;0,6,26,19,20,21
torus397 28 1,8,7,6,27,21;0,21,22,2,9,8;1,22,23,3,10,9;2,23,24,4,11,10;3,24,25,12,11;6,13,12,25,26;0,7,13,5,26,27;0,8,16,15,13,6;0,1,9,16,7;1,2,10,17,16,8;2,3,11,18,17,9;3,4,12,19,18,10;4,25,5,13,20,19,11;5,6,7,15,14,20,12;13,15,22,21,20;7,16,23,22,14,13;7,8,9,17,24,23,15;9,10,18,25,24,16;10,11,19,26,25,17;11,12,20,27,26,18;12,13,14,21,27,19;0,27,20,14,22,1;1,21,14,15,23,2;2,22,15,16,24,3;3,23,16,17,25,4;4,24,17,18,26,5,12;5,25,18,19,27,6;0,6,26,19,20,21
torus398 28 1,8,7,13,6,27,21;0,21,14,22,2,9,8;1,22,23,3,10,9;2,23,24,25,4,11,10;3,25,5,12,11;4,25,26,6,13,12;0,13,5,26,27;0,8,15,14,13;0,1,9,16,15,7;1,2,10,17,16,8;2,3,11,18,17,9;3,4,12,19,18,10;4,5,13,20,19,11;0,7,14,20,12,5,6;1,21,20,13,7,15,22;7,8,16,23,22,14;8,9,17,24,23,15;9,10,18,25,24,16;10,11,19,26,25,17;11,12,20,27,26,18;12,13,14,21,27,19;0,27,20,14,1;1,14,15,23,2;2,22,15,16,24,3;3,23,16,17,25;3,24,17,18,26,5,4;5,25,18,19,27,6;0,6,26,19,20,21
torus399 28 1,9,8,7,6,27,21;0,21,22,23,2,9;1,23,3,10,9;2,23,24,4,11,10;3,24,25,5,12,11;4,25,26,6,13,12;0,7,13,5,26,27;0,8,15,14,13,6;0,9,16,15,7;0,1,2,10,17,16,8;2,3,11,18,17,9;3,4,12,20,19,18,10;4,5,13,20,11;5,6,7,14,20,12;7,15,22,21,20,13;7,8,16,23,22,14;8,9,17,24,23,15;9,10,18,25,24,16;10,11,19,26,25,17;11,20,27,26,18;11,12,13,14,21,27,19;0,27,20,14,22,1;1,21,14,15,23;1,22,15,16,24,3,2;3,23,16,17,25,4;4,24,17,18,26,5;5,25,18,19,27,6;0,6,26,19,20,21
torus400 28 1,8,7,6,27,21;0,21,22,2,10,9,8;1,22,23,3,10;2,23,24,4,11,10;3,24,25,5,12,11;4,25,26,6,7,13,12;0,7,5,26,27;0,8,15,14,13,5,6;0,1,9,16,15,7;1,10,17,16,8;1,2,3,11,18,17,9;3,4,12,19,18,10;4,5,13,20,19,11;5,7,14,20,12;7,15,22,21,20,13;7,8,16,23,22,14;8,9,17,24,23,15;9,10,18,25,24,16;10,11,19,26,25,17;11,12,20,21,27,26,18;12,13,14,21,19;0,27,19,20,14,22,1;1,21,14,15,23,2;2,22,15,16,24,3;3,23,16,17,25,4;4,24,17,18,26,5;5,25,18,19,27,6;0,6,26,19,21
torus401 28 1,8,7,6,27,21;0,21,22,2,9,8;1,22,15,23,3,10,9;2,23,24,4,11,10;3,24,17,25,5,11;4,25,26,6,13,12,11;0,7,13,5,26,27;0,8,15,14,13,6;0,1,9,16,15,7;1,2,10,17,16,8;2,3,11,18,17,9;3,4,5,12,19,18,10;5,13,20,19,11;5,6,7,14,20,12;7,15,22,21,20,13;2,22,14,7,8,16,23;8,9,17,24,23,15;4,24,16,9,10,18,25;10,11,19,26,25,17;11,12,20,27,26,18;12,13,14,21,27,19;0,27,20,14,22,1;1,21,14,15,2;2,15,16,24,3;3,23,16,17,4;4,17,18,26,5;5,25,18,19,27,6;0,6,26,19,20,21
torus402 28 1,8,7,6,27,21;0,21,2,9,8;1,21,22,23,3,11,10,9;2,23,24,4,11;3,24,25,5,12,11;4,25,26,6,13,12;0,7,13,5,26,27;0,8,15,14,20,13,6;0,1,9,16,15,7;1,2,10,17,16,8;2,11,18,17,9;2,3,4,12,19,18,10;4,5,13,20,19,11;5,6,7,20,12;7,15,22,21,20;7,8,16,23,22,14;8,9,17,24,23,15;9,10,18,25,24,16;10,11,19,26,25,17;11,12,20,27,26,18;7,14,21,27,19,12,13;0,27,20,14,22,2,1;2,21,14,15,23;2,22,15,16,24,3;3,23,16,17,25,4;4,24,17,18,26,5;5,25,18,19,27,6;0,6,26,19,20,21
torus403 28 1,8,7,6,21,22;0,22,23,3,2,9,8;1,3,10,17,9;1,23,24,4,12,11,10,2;3,24,25,5,12;4,25,18,26,6,13,12;0,7,13,5,26,27,21;0,8,15,14,13,6;0,1,9,16,15,7;1,2,17,16,8;2,3,11,18,17;3,12,19,18,10;3,4,5,13,14,20,19,11;5,6,7,14,12;7,15,22,21,20,12,13;7,8,16,23,22,14;8,9,17,24,23,15;2,10,18,25,24,16,9;5,25,17,10,11,19,26;11,12,20,27,26,18;12,14,21,27,19;0,6,27,20,14,22;0,21,14,15,23,1;1,22,15,16,24,3;3,23,16,17,25,4;4,24,17,18,5;5,18,19,27,6;6,26,19,20,21
torus404 28 1,16,8,7,6,27,21;0,21,22,2,9,16;1,22,23,24,3,10,9;2,24,4,11,10;3,24,25,5,13,12,11;4,25,26,27,6,13;0,7,13,5,27;0,8,14,13,6;0,16,15,14,7;1,2,10,17,16;2,3,11,18,17,9;3,4,12,19,18,10;4,13,20,19,11;4,5,6,7,14,20,12;7,8,15,22,21,20,13;8,16,23,22,14;0,1,9,17,25,24,23,15,8;9,10,18,25,16;10,11,19,26,25,17;11,12,20,21,27,26,18;12,13,14,21,19;0,27,19,20,14,22,1;1,21,14,15,23,2;2,22,15,16,24;2,23,16,25,4,3;4,24,16,17,18,26,5;5,25,18,19,27;0,6,5,26,19,21
torus405 28 1,7,13,6,27,21;0,21,9,8,7;3,10,9,22,23;2,23,24,4,12,11,10;3,24,25,5,12;4,25,18,26,6,13,12;0,13,5,26,27;0,1,8,15,14,13;1,9,16,15,7;1,21,22,2,10,17,16,8;2,3,11,18,17,9;3,12,19,18,10;3,4,5,13,19,11;0,7,14,20,19,12,5,6;7,15,22,21,20,13;7,8,16,23,22,14;8,9,17,23,15;9,10,18,25,24,23,16;5,25,17,10,11,19,26;11,12,13,20,27,26,18;13,14,21,27,19;0,27,20,14,22,9,1;2,9,21,14,15,23;2,22,15,16,17,24,3;3,23,17,25,4;4,24,17,18,5;5,18,19,27,6;0,6,26,19,20,21
torus406 28 1,16,8,7,6,27,21;0,21,22,2,9,16;1,22,23,24,3,10,9;2,24,4,11,10;3,24,25,12,11;6,13,12,25,26,27;0,7,13,5,27;0,8,14,13,6;0,16,15,14,7;1,2,10,17,16;2,3,11,18,17,9;3,4,12,19,18,10;4,25,5,13,20,19,11;5,6,7,14,20,12;7,8,15,22,21,27,20,13;8,16,23,22,14;0,1,9,17,23,15,8;9,10,18,25,24,23,16;10,11,19,26,25,17;11,12,20,27,26,18;12,13,14,27,19;0,27,14,22,1;1,21,14,15,23,2;2,22,15,16,17,24;2,23,17,25,4,3;4,24,17,18,26,5,12;5,25,18,19,27;0,6,5,26,19,20,14,21
torus407 28 1,9,8,7,21,14;0,14,22,2,9;1,22,23,3,10,9;2,23,24,4,11,10;3,24,25,5,11;4,25,26,6,13,12,11;5,26,27,21,7,13;0,8,15,13,6,21;0,9,16,15,7;0,1,2,10,17,24,16,8;2,3,11,18,17,9;3,4,5,12,18,10;5,13,20,19,18,11;5,6,7,15,14,20,12;0,21,20,13,15,22,1;7,8,16,23,22,14,13;8,9,24,23,15;9,10,18,26,25,24;10,11,12,19,26,17;12,20,27,26,18;12,13,14,21,27,19;0,7,6,27,20,14;1,14,15,23,2;2,22,15,16,24,3;3,23,16,9,17,25,4;4,24,17,26,5;5,25,17,18,19,27,6;6,26,19,20,21
torus408 28 1,8,15,7,6,27,21;0,21,22,2,8;1,22,23,3,11,10,9,8;2,23,24,25,4,11;3,25,5,12,11;4,25,26,6,13,12;0,7,13,5,26,27;0,15,14,13,6;0,1,2,9,16,15;2,10,17,16,8;2,11,18,17,9;2,3,4,12,19,18,10;4,5,13,20,19,11;5,6,7,14,20,12;7,15,22,21,27,20,13;0,8,16,23,22,14,7;8,9,17,24,23,15;9,10,18,25,24,16;10,11,19,27,26,25,17;11,12,20,27,18;12,13,14,27,19;0,27,14,22,1;1,21,14,15,23,2;2,22,15,16,24,3;3,23,16,17,25;3,24,17,18,26,5,4;5,25,18,27,6;0,6,26,18,19,20,14,21
torus409 28 1,8,6,5,27,20,21;0,21,22,2,9,16,8;1,22,23,10,9;4,11,10,23,24,25;3,25,5,12,11;0,6,13,12,4,25,26,27;0,8,7,13,5;6,8,15,14,13;0,1,16,15,7,6;1,2,10,17,16;2,23,3,11,17,9;3,4,12,19,18,17,10;4,5,13,19,11;5,6,7,14,19,12;7,15,22,21,20,19,13;7,8,16,23,22,14;1,9,17,18,24,23,15,8;9,10,11,18,16;11,19,26,25,24,16,17;11,12,13,14,20,27,26,18;0,27,19,14,21;0,20,14,22,1;1,21,14,15,23,2;2,22,15,16,24,3,10;3,23,16,18,25;3,24,18,26,5,4;5,25,18,19,27;0,5,26,19,20
torus410 28 1,7,6,27,21;0,21,22,2,8,7;1,22,23,3,11,10,9,8;2,23,25,4,11;3,25,26,5,11;4,26,6,13,12,11;0,7,14,13,5,26,27;0,1,8,14,6;1,2,9,15,14,7;2,10,16,15,8;2,11,12,19,18,17,16,9;2,3,4,5,12,10;5,13,20,21,19,10,11;5,6,14,20,12;6,7,8,15,22,20,13;8,9,16,24,22,14;9,10,17,24,15;10,18,25,23,24,16;10,19,26,25,17;10,12,21,27,26,18;12,13,14,22,21;0,27,19,12,20,22,1;1,21,20,14,15,24,23,2;2,22,24,17,25,3;15,16,17,23,22;3,23,17,18,26,4;4,25,18,19,27,6,5;0,6,26,19,21
torus411 28 1,16,3,8,7,6,18,27,21;0,21,22,2,9,17,16;1,22,23,10,9;0,16,24,11,10,23,8;5,12,11,24,25;4,25,6,13,12;0,7,13,5,25,17,26,18;0,8,15,14,13,6;0,3,23,15,7;1,2,10,26,17;2,23,3,11,19,18,26,9;3,24,4,12,19,10;4,5,13,19,11;5,6,7,14,20,19,12;7,15,22,21,20,13;7,8,23,22,14;0,1,17,24,3;1,9,26,6,25,24,16;0,6,26,10,19,27;10,11,12,13,20,27,18;13,14,21,27,19;0,27,20,14,22,1;1,21,14,15,23,2;2,22,15,8,3,10;3,16,17,25,4,11;4,24,17,6,5;6,17,9,10,18;0,18,19,20,21
torus412 28 1,8,16,7,6,27,21;0,21,22,2,10,8;1,22,23,3,10;2,23,4,11,19,10;3,23,24,12,11;6,7,13,12,26;0,7,5,26,27;0,16,15,22,14,13,5,6;0,1,10,9,16;8,10,17,24,16;1,2,3,19,18,17,9,8;3,4,12,20,19;4,24,25,26,5,13,20,11;5,7,14,20,12;7,22,21,19,20,13;7,16,24,23,22;0,8,9,24,15,7;9,10,18,25,24;10,19,26,25,17;3,11,20,14,21,27,26,18,10;11,12,13,14,19;0,27,19,14,22,1;1,21,14,7,15,23,2;2,22,15,24,4,3;4,23,15,16,9,17,25,12;12,24,17,18,26;5,12,25,18,19,27,6;0,6,26,19,21
torus413 28 1,8,15,6,27;0,27,21,9,8;3,10,9,21,22;2,22,23,24,25,4,10;3,25,5,12,11,10;4,25,26,6,7,13,12;0,15,7,5,26,27;5,6,15,14,20,13;0,1,9,16,15;1,21,2,10,18,16,8;2,3,4,11,18,9;4,12,19,18,10;4,5,13,19,11;5,7,20,19,12;7,15,22,21,20;0,8,16,23,22,14,7,6;8,9,18,27,17,24,23,15;16,27,26,25,24;9,10,11,19,27,16;11,12,13,20,27,18;7,14,21,27,19,13;1,27,20,14,22,2,9;2,21,14,15,23,3;3,22,15,16,24;3,23,16,17,25;3,24,17,26,5,4;5,25,17,27,6;0,6,26,17,16,18,19,20,21,1
torus414 28 1,9,8,6,27;0,27,21,22,2,9;1,22,3,10,9;2,22,12,11,18,10;5,12,23,24,25;4,25,26,13,12;0,8,7,26,27;6,8,14,20,13,26;0,9,15,14,7,6;0,1,2,10,17,16,15,8;2,3,18,17,9;3,12,20,19,18;3,22,23,4,5,13,20,11;5,26,7,20,12;7,8,15,22,21,20;8,9,16,23,22,14;9,17,24,23,15;9,10,18,25,24,16;3,11,19,26,25,17,10;11,20,27,26,18;7,14,21,27,19,11,12,13;1,27,20,14,22;1,21,14,15,23,12,3,2;4,12,22,15,16,24;4,23,16,17,25;4,24,17,18,26,5;5,25,18,19,27,6,7,13;0,6,26,19,20,21,1
torus415 28 1,7,6,27,22;0,22,2,8,7;1,22,23,3,10,9,8;2,23,16,24,11,10;5,12,11,24,25;4,25,6,13,12;0,7,13,5,25,27;0,1,8,16,13,6;1,2,9,24,16,7;2,10,17,24,8;2,3,11,18,17,9;3,24,4,12,20,19,18,10;4,5,13,14,20,11;5,6,7,16,15,14,12;12,13,15,22,20;13,16,23,22,14;3,23,15,13,7,8,24;9,10,18,25,24;10,11,19,26,25,17;11,20,21,26,18;11,12,14,22,21,19;19,20,22,27,26;0,27,21,20,14,15,23,2,1;2,22,15,16,3;3,16,8,9,17,25,4,11;4,24,17,18,26,27,6,5;18,19,21,27,25;0,6,25,26,21,22
torus416 28 1,8,7,6,26,27,20,21;0,21,22,9,16,8;3,10,22,23,24;2,24,4,11,19,26,18,10;3,24,16,17,11;6,13,20,12,11,17,25;0,7,13,5,25,18,26;0,8,15,22,14,13,6;0,1,16,15,7;1,22,10,18,16;2,3,18,9,22;3,4,17,5,12,19;5,20,27,19,11;5,6,7,14,20;7,22,21,20,13;7,8,16,23,22;1,9,18,25,17,4,24,23,15,8;4,16,25,5,11;3,26,6,25,16,9,10;3,11,12,27,26;0,27,12,5,13,14,21;0,20,14,22,1;1,21,14,7,15,23,2,10,9;2,22,15,16,24;2,23,16,4,3;5,17,16,18,6;0,6,18,3,19,27;0,26,19,12,20
torus417 28 1,8,6,27,20,21;0,21,22,9,8;9,22,23,10,17;4,11,17,10,24;3,24,25,5,12,11;4,25,17,26,6,12;0,8,13,12,5,26,18,27;8,16,15,14,20,13;0,1,9,16,7,13,6;1,22,2,17,16,8;2,23,24,3,17;3,4,12,19,18,26,17;4,5,6,13,20,19,11;6,8,7,20,12;7,15,22,21,20;7,16,23,22,14;7,8,9,17,25,24,23,15;2,10,3,11,26,5,25,16,9;6,26,11,19,27;11,12,20,27,18;0,27,19,12,13,7,14,21;0,20,14,22,1;1,21,14,15,23,2,9;2,22,15,16,24,10;3,10,23,16,25,4;4,24,16,17,5;5,17,11,18,6;0,6,18,19,20
torus418 28 5,6,27,8,23,15,7;3,9,8,21,20,13,14,22;3,22,15,23,4;1,22,2,4,26,5,11,10,9;2,23,24,25,26,3;0,7,13,20,12,11,3,26,6;0,5,26,19,27;0,15,14,13,5;0,27,21,1,9,16,23;1,3,10,17,16,8;3,11,18,17,9;3,5,12,18,10;5,20,21,19,18,11;1,20,5,7,14;1,13,7,15,22;0,23,2,22,14,7;8,9,17,24,23;9,10,18,25,24,16;10,11,12,19,26,25,17;6,26,18,12,21,27;1,21,12,5,13;1,8,27,19,12,20;1,14,15,2,3;0,8,16,24,4,2,15;4,23,16,17,25;4,24,17,18,26;3,4,25,18,19,6,5;0,6,19,21,8
torus419 28 1,7,6,27,20,21;0,21,22,23,2,10,9,7;1,23,3,11,10;2,23,15,24,4,11;3,24,17,25,12,11;6,13,25,17,26;0,7,8,14,13,5,26,27;0,1,9,8,6;6,7,9,16,15,14;1,10,18,17,16,8,7;1,2,11,18,9;2,3,4,12,14,21,20,19,18,10;4,25,13,14,11;5,6,14,12,25;6,8,15,22,21,11,12,13;3,23,22,14,8,16,24;8,9,17,24,15;4,24,16,9,18,26,5,25;9,10,11,19,26,17;11,20,27,26,18;0,27,19,11,21;0,20,11,14,22,1;1,21,14,15,23;1,22,15,3,2;3,15,16,17,4;4,17,5,13,12;5,17,18,19,27,6;0,6,26,19,20
torus420 28 1,7,6,19,21;0,21,9,8,7;3,4,10,9,22,15,23;2,23,24,13,4;2,3,13,12,11,10;13,24,25,26,27;0,7,13,27,19;0,1,8,15,13,6;1,9,16,24,23,15,7;1,21,22,2,10,16,8;2,4,11,17,16,9;4,12,19,18,17,10;4,13,20,19,11;3,24,5,27,6,7,15,14,20,12,4;13,15,22,21,20;2,22,14,13,7,8,23;8,9,10,17,24;10,11,18,25,24,16;11,19,26,25,17;0,6,27,26,18,11,12,20,21;12,13,14,21,19;0,19,20,14,22,9,1;2,9,21,14,15;2,15,8,24,3;3,23,8,16,17,25,5,13;5,24,17,18,26;5,25,18,19,27;5,26,19,6,13
torus421 28 1,2,9,7,6,25;0,25,21,22,15,2;0,1,15,10,17,9;4,11,10,15,16,23,24;3,24,25,6,11;6,7,13,12,11;0,7,5,11,4,25;0,9,8,15,22,14,20,13,5,6;7,9,17,16,15;0,2,17,8,7;2,15,3,11,17;3,4,6,5,12,17,10;5,13,19,26,25,18,17,11;5,7,20,19,12;7,22,21,27,20;1,22,7,8,16,3,10,2;3,15,8,17,23;2,10,11,12,18,23,16,8,9;12,25,24,23,17;12,13,20,27,26;7,14,27,19,13;1,25,26,27,14,22;1,21,14,7,15;3,16,17,18,24;3,23,18,25,4;0,6,4,24,18,12,26,21,1;12,19,27,21,25;14,21,26,19,20
torus422 28 2,3,7,5,8;3,22,21,6,7;0,8,9,10,3;0,2,10,19,11,22,1,7;5,6,21,24,11;0,7,6,4,11,12,13,15,17,16,8;1,21,4,5,7;0,3,1,6,5;0,5,16,9,2;2,8,16,18,10;2,9,18,19,3;3,19,27,12,5,4,24,23,22;5,11,27,20,13;5,12,20,14,15;13,20,21,22,26,15;5,13,14,26,17;5,17,18,9,8;5,15,26,25,27,18,16;9,16,17,27,19,10;3,10,18,27,11;12,27,21,14,13;1,22,14,20,27,25,24,4,6;1,3,11,23,26,14,21;11,24,25,26,22;4,21,25,23,11;17,26,23,24,21,27;14,22,23,25,17,15;11,19,18,17,25,21,20,12
torus423 28 1,6,26,20,21;0,21,22,9,8,7,13,6;3,10,9,22,24,4;2,4,11,18,10;2,24,26,5,14,12,11,3;4,26,6,13,14;0,1,13,5,26;1,8,19,17,15,14,13;1,9,10,19,7;1,22,2,10,8;2,3,18,19,8,9;3,4,12,27,18;4,14,20,27,11;1,7,14,5,6;4,5,13,7,15,23,20,12;7,17,16,23,14;15,17,25,24,23;7,19,25,16,15;3,11,27,19,10;7,8,10,18,27,25,17;0,26,27,12,14,23,21;0,20,23,22,1;1,21,23,24,2,9;14,15,16,24,22,21,20;2,22,23,16,25,27,26,4;16,17,19,27,24;0,6,5,4,24,27,20;11,12,20,26,24,25,19,18
torus424 28 2,7,13,6,27;8,27,12,21,22,9;0,27,8,15,3,19,10,22,14,7;2,15,4,11,26,19;3,15,23,24,5,12,11;4,24,25,17,18,26,6,13,12;0,13,5,26,27;0,2,14,20,13;1,9,23,15,2,27;1,22,16,23,8;2,19,18,17,22;3,4,12,27,26;1,27,11,4,5,13,20,21;0,7,20,12,5,6;2,22,21,20,7;2,8,23,4,3;9,22,25,24,23;5,25,22,10,18;5,17,10,19,26;2,3,26,18,10;7,14,21,12,13;1,12,20,14,22;1,21,14,2,10,17,25,16,9;4,15,8,9,16,24;4,23,16,25,5;5,24,16,22,17;3,11,27,6,5,18,19;0,6,26,11,12,1,8,2
torus425 28 1,9,8,6,25,26,27,21,23;0,23,15,2,9;1,15,3,10,9;2,15,11,18,10;5,13,12,18,11;4,11,24,25,6,13;0,8,7,13,5,25;6,8,15,12,13;0,9,10,16,24,11,15,7,6;0,1,2,10,8;2,3,18,19,17,16,8,9;3,15,8,24,5,4,18;4,13,7,15,22,14,20,18;4,5,6,7,12;12,22,21,27,20;1,23,22,12,7,8,11,3,2;8,10,17,25,24;10,19,26,25,16;3,11,4,12,20,19,10;10,18,20,26,17;12,14,27,26,19,18;0,27,14,22,23;12,15,23,21,14;0,21,22,15,1;5,11,8,16,25;0,6,5,24,16,17,26;0,25,17,19,20,27;0,26,20,14,21
torus426 28 1,12,6,27,22;0,22,3,2,10,7,13,12;1,3,11,17,10;1,22,24,25,4,11,2;3,25,5,12,11;4,25,26,19,6,12;0,12,5,19,27;1,10,9,8,15,14,20,13;7,9,16,23,15;7,10,17,16,8;1,2,17,9,7;2,3,4,12,17;0,1,13,17,11,4,5,6;1,7,20,19,26,24,17,12;7,15,22,21,20;7,8,23,22,14;8,9,17,18,23;2,11,12,13,24,18,16,9,10;16,17,24,22,23;5,26,13,20,21,27,6;7,14,21,19,13;14,22,27,19,20;0,27,21,14,15,23,18,24,3,1;8,16,18,22,15;3,22,18,17,13,26,25;3,24,26,5,4;5,25,24,13,19;0,6,19,21,22
torus427 28 5,22,6,21,24,23;2,9,16,7,10;1,10,17,4,9;11,22,12,19,27;2,17,23,24,9;0,23,20,14,12,22;0,22,13,26,21;1,16,8,15,10;7,16,21,12,14,15;1,2,4,24,21,16;1,7,15,22,11,18,17,2;3,27,18,10,22;3,22,5,14,8,21,19;6,22,15,25,26;5,20,15,8,12;7,8,14,20,25,13,22,10;1,9,21,8,7;2,10,18,23,4;10,11,27,23,17;3,12,21,26,25,20,27;5,23,27,19,25,15,14;0,6,26,19,12,8,16,9,24;0,5,12,3,11,10,15,13,6;0,24,4,17,18,27,20,5;0,21,9,4,23;13,15,20,19,26;6,13,25,19,21;3,19,20,23,18,11
torus428 28 6,8,21,20,27;2,3,22,21,9;1,9,10,12,3;1,2,12,24,16,23,15,22;11,20,21,14,12;6,25,13,7,8;0,27,25,5,8;5,13,15,23,18,10,9,21,8;0,6,5,7,21;1,21,7,10,2;2,9,7,18,11,12;4,12,10,18,17,19,27,20;2,10,11,4,14,25,26,24,3;5,25,22,15,7;4,21,22,25,12;3,23,7,13,22;3,24,17,18,23;11,18,16,24,19;7,23,16,17,11,10;11,17,24,26,27;0,21,4,11,27;0,8,7,9,1,22,14,4,20;1,3,15,13,25,14,21;3,16,18,7,15;3,12,26,19,17,16;5,6,27,26,12,14,22,13;12,25,27,19,24;0,20,11,19,26,25,6
torus429 28 1,8,7,27,21;0,21,22,2,11,8;1,22,14,10,3,11;2,10,4,5,11;3,10,23,16,17,13,5;3,4,13,14,12,11;7,13,24,25,27;0,8,9,15,13,6,27;0,1,11,9,7;7,8,11,12,18,17,16,15;2,14,23,4,3;1,2,3,5,12,9,8;5,14,20,27,26,18,9,11;4,17,24,6,7,15,14,5;2,22,20,12,5,13,15,23,10;7,9,16,23,14,13;4,23,15,9,17;4,16,9,18,19,24,13;9,12,26,19,17;17,18,26,25,24;12,14,22,21,27;0,27,20,22,1;1,21,20,14,2;4,10,14,15,16;6,13,17,19,25;6,24,19,26,27;12,27,25,19,18;0,7,6,25,26,12,20,21
torus430 28 1,3,6,7,8;0,8,9,2,3;1,9,26,25,11,3;0,1,2,11,4,22,21,12,13,18,19,27,6;3,11,24,23,22;6,9,10,18,13,7;0,3,27,26,9,5,7;0,6,5,13,12,20,8;0,7,20,16,9,1;1,8,16,10,5,6,26,2;5,9,16,17,18;2,25,24,4,3;3,21,20,7,13;3,12,7,5,18;15,20,21,22,23;14,23,24,16,20;8,20,15,24,17,10,9;10,16,24,19,18;3,13,5,10,17,19;3,18,17,24,27;7,12,21,14,15,16,8;3,22,14,20,12;3,4,23,14,21;4,24,15,14,22;4,11,25,27,19,17,16,15,23;2,26,27,24,11;2,9,6,27,25;3,19,24,25,26,6
torus431 28 1,8,5,27,21;0,21,9,17,23,2,18,8;1,23,12,10,18;8,12,23,24,11;5,11,24,16,25,26,27;0,8,11,4,27;14,22,21,26,20;8,15,22,14,13;0,1,18,19,15,7,13,12,3,11,5;1,21,22,15,19,25,17;2,12,20,26,19,18;3,24,4,5,8;2,23,3,8,13,20,10;7,14,20,12,8;6,20,13,7,22;7,8,19,9,22;4,24,23,17,25;1,9,25,16,23;1,2,10,19,8;8,18,10,26,25,9,15;6,26,10,12,13,14;0,27,26,6,22,9,1;6,14,7,15,9,21;1,17,16,24,3,12,2;3,23,16,4,11;4,16,17,9,19,26;4,25,19,10,20,6,21,27;0,5,4,26,21
torus432 28 1,6,27,23,24,2,22;0,22,8,13,6;0,24,4,11,3,9,22;2,11,17,10,9;2,24,25,5,11;4,25,15,12,11;0,1,13,26,27;12,26,16,14,20;1,22,9,10,13;2,3,10,8,22;3,17,15,25,21,13,8,9;2,4,5,12,20,19,18,17,3;5,15,26,7,20,11;1,8,10,21,16,26,6;7,16,21,19,20;5,25,10,17,18,26,12;7,26,13,21,14;3,11,18,15,10;11,19,26,15,17;11,20,14,21,23,27,26,18;7,14,19,11,12;10,25,23,19,14,16,13;0,2,9,8,1;0,27,19,21,25,24;0,23,25,4,2;4,24,23,21,10,15,5;6,13,16,7,12,15,18,19,27;0,6,26,19,23
torus433 32 1,9,8,7,31,24;0,24,25,2,10,9;1,25,26,3,11,10;2,26,27,4,12,11;3,27,28,5,13,12;4,28,29,6,14,13;5,29,30,7,15,14;0,8,15,6,30,31;0,9,17,16,15,7;0,1,10,18,17,8;1,2,11,19,18,9;2,3,12,20,19,10;3,4,13,20,11;4,5,14,22,21,20,12;5,6,15,23,22,13;6,7,8,16,23,14;8,17,25,24,23,15;8,9,18,26,25,16;9,10,19,27,26,17;10,11,20,28,27,18;11,12,13,21,29,28,19;13,22,30,29,20;13,14,23,31,30,21;14,15,16,24,31,22;0,31,23,16,25,1;1,24,16,17,26,2;2,25,17,18,27,3;3,26,18,19,28,4;4,27,19,20,29,5;5,28,20,21,30,6;6,29,21,22,31,7;0,7,30,22,23,24
torus434 32 1,9,8,15,7,31,24;0,24,25,2,10,9;1,25,26,3,11,10;2,26,27,4,12,11;3,27,5,13,12;4,27,28,29,6,14,13;5,29,30,7,15,14;0,15,6,30,31;0,9,17,16,15;0,1,10,18,17,8;1,2,11,20,19,18,9;2,3,12,20,10;3,4,13,21,20,11;4,5,14,22,21,12;5,6,15,23,22,13;0,8,16,23,14,6,7;8,17,25,24,23,15;8,9,18,26,25,16;9,10,19,27,26,17;10,20,28,27,18;10,11,12,21,29,28,19;12,13,22,30,29,20;13,14,23,31,30,21;14,15,16,24,31,22;0,31,23,16,25,1;1,24,16,17,26,2;2,25,17,18,27,3;3,26,18,19,28,5,4;5,27,19,20,29;5,28,20,21,30,6;6,29,21,22,31,7;0,7,30,22,23,24
torus435 32 1,9,8,7,31,24;0,24,25,2,10,9;1,25,26,3,11,10;2,26,27,4,12,11;3,27,28,5,13,12;4,28,29,6,15,14,13;5,29,30,7,8,15;0,8,6,30,31;0,9,17,16,15,6,7;0,1,10,18,17,8;1,2,11,19,18,9;2,3,12,20,28,19,10;3,4,13,21,20,11;4,5,14,22,21,12;5,15,23,22,13;5,6,8,16,23,14;8,17,25,24,23,15;8,9,18,26,25,16;9,10,19,27,26,17;10,11,28,27,18;11,12,21,29,28;12,13,22,30,29,20;13,14,23,31,30,21;14,15,16,24,31,22;0,31,23,16,25,1;1,24,16,17,26,2;2,25,17,18,27,3;3,26,18,19,28,4;4,27,19,11,20,29,5;5,28,20,21,30,6;6,29,21,22,31,7;0,7,30,22,23,24
torus436 32 1,9,8,7,31,24;0,24,25,2,10,9;1,25,26,3,12,11,10;2,26,27,4,12;3,27,28,5,13,12;4,28,29,6,14,13;5,29,30,7,15,14;0,8,15,6,30,31;0,9,17,25,16,15,7;0,1,10,18,17,8;1,2,11,19,18,9;2,12,20,19,10;2,3,4,13,21,20,11;4,5,14,22,30,21,12;5,6,15,23,22,13;6,7,8,16,23,14;8,25,24,23,15;8,9,18,26,25;9,10,19,27,26,17;10,11,20,28,27,18;11,12,21,29,28,19;12,13,30,29,20;13,14,23,31,30;14,15,16,24,31,22;0,31,23,16,25,1;1,24,16,8,17,26,2;2,25,17,18,27,3;3,26,18,19,28,4;4,27,19,20,29,5;5,28,20,21,30,6;6,29,21,13,22,31,7;0,7,30,22,23,24
torus437 32 1,9,8,7,30,31,24;0,24,25,2,10,9;1,25,26,3,11,10;2,26,27,4,13,12,11;3,27,28,5,13;4,28,29,6,14,13;5,29,30,7,15,14;0,8,15,6,30;0,9,17,16,15,7;0,1,10,18,17,8;1,2,11,19,18,9;2,3,12,20,19,10;3,13,21,20,11;3,4,5,14,22,21,12;5,6,15,23,22,13;6,7,8,16,23,14;8,17,25,24,31,23,15;8,9,18,26,25,16;9,10,19,27,26,17;10,11,20,28,27,18;11,12,21,29,28,19;12,13,22,30,29,20;13,14,23,31,30,21;14,15,16,31,22;0,31,16,25,1;1,24,16,17,26,2;2,25,17,18,27,3;3,26,18,19,28,4;4,27,19,20,29,5;5,28,20,21,30,6;0,7,6,29,21,22,31;0,30,22,23,16,24
torus438 32 1,9,8,7,31,24;0,24,25,2,10,9;1,25,26,3,11,10;2,26,27,4,12,11;3,27,28,5,13,12;4,28,29,6,14,22,13;5,29,30,7,15,14;0,8,15,6,30,31;0,9,17,25,16,15,7;0,1,10,18,17,8;1,2,11,19,18,9;2,3,12,20,19,10;3,4,13,21,29,20,11;4,5,22,21,12;5,6,15,23,22;6,7,8,16,23,14;8,25,24,23,15;8,9,18,26,25;9,10,19,27,26,17;10,11,20,28,27,18;11,12,29,28,19;12,13,22,30,29;5,14,23,31,30,21,13;14,15,16,24,31,22;0,31,23,16,25,1;1,24,16,8,17,26,2;2,25,17,18,27,3;3,26,18,19,28,4;4,27,19,20,29,5;5,28,20,12,21,30,6;6,29,21,22,31,7;0,7,30,22,23,24
torus439 32 7,8,9,24,31;2,25,24,9,10;1,10,11,3,27,26,25;2,11,12,4,27;3,12,13,5,28,27;4,13,14,15,6,29,28;5,15,7,30,29;0,31,30,6,15,8;0,7,15,16,17,9;0,8,17,18,10,1,24;1,9,18,19,11,2;2,10,19,20,12,3;3,11,20,21,13,4;4,12,21,22,14,5;5,13,22,23,15;5,14,23,16,8,7,6;8,15,23,24,25,17;8,16,25,26,18,9;9,17,26,27,19,10;10,18,27,28,20,11;11,19,28,29,21,12;12,20,29,30,22,13;13,21,30,31,23,14;14,22,31,24,16,15;0,9,1,25,16,23,31;1,2,26,17,16,24;2,27,18,17,25;2,3,4,28,19,18,26;4,5,29,20,19,27;5,6,30,21,20,28;6,7,31,22,21,29;0,24,23,22,30,7
torus440 32 1,9,17,8,7,31,24;0,24,25,2,10,9;1,25,26,3,11,10;2,26,27,4,12,11;3,27,28,5,13,12;4,28,29,14,13;7,15,14,29,30;0,8,15,6,30,31;0,17,16,15,7;0,1,10,18,17;1,2,11,19,18,9;2,3,12,20,19,10;3,4,13,20,11;4,5,14,22,21,20,12;5,29,6,15,16,23,22,13;6,7,8,16,14;8,17,25,24,23,14,15;0,9,18,26,25,16,8;9,10,19,27,26,17;10,11,20,27,18;11,12,13,21,29,28,27,19;13,22,31,30,29,20;13,14,23,31,21;14,16,24,31,22;0,31,23,16,25,1;1,24,16,17,26,2;2,25,17,18,27,3;3,26,18,19,20,28,4;4,27,20,29,5;5,28,20,21,30,6,14;6,29,21,31,7;0,7,30,21,22,23,24
torus441 32 1,10,9,8,7,31,24;0,24,25,2,10;1,25,26,3,11,10;2,26,18,27,4,13,12,11;3,27,28,5,13;4,28,29,6,13;5,29,30,7,15,14,13;0,8,15,6,30,31;0,9,17,16,23,15,7;0,10,18,17,8;0,1,2,11,19,18,9;2,3,12,20,19,10;3,13,21,20,11;3,4,5,6,14,22,21,12;6,15,23,22,13;6,7,8,23,14;8,17,25,24,23;8,9,18,26,25,16;3,26,17,9,10,19,27;10,11,20,27,18;11,12,21,30,29,28,27,19;12,13,22,30,20;13,14,23,30,21;8,16,24,31,30,22,14,15;0,31,23,16,25,1;1,24,16,17,26,2;2,25,17,18,3;3,18,19,20,28,4;4,27,20,29,5;5,28,20,30,6;6,29,20,21,22,23,31,7;0,7,30,23,24
torus442 32 1,9,8,7,31;0,31,24,25,10,19,18,9;3,11,10,25,26;2,26,27,4,12,11;3,27,28,5,13,12;4,28,29,6,14,13;5,29,7,15,14;0,8,15,6,29,30,31;0,9,17,15,7;0,1,18,17,8;1,25,2,11,19;2,3,12,19,10;3,4,13,21,20,19,11;4,5,14,21,12;5,6,15,16,23,22,21,13;6,7,8,17,16,14;14,15,17,25,24,23;8,9,18,26,25,16,15;1,19,28,27,26,17,9;1,10,11,12,20,28,18;12,21,29,28,19;12,13,14,22,30,29,20;14,23,31,30,21;14,16,24,31,22;1,31,23,16,25;1,24,16,17,26,2,10;2,25,17,18,27,3;3,26,18,28,4;4,27,18,19,20,29,5;5,28,20,21,30,7,6;7,29,21,22,31;0,7,30,22,23,24,1
torus443 32 1,9,8,7,31,23,24;0,24,25,2,10,9;1,25,26,3,11,10;2,26,27,4,12,11;3,27,28,13,12;6,15,14,13,29;5,29,30,7,15;0,8,15,6,30,31;0,9,18,17,16,15,7;0,1,10,18,8;1,2,11,19,18,9;2,3,12,20,19,10;3,4,13,21,20,11;4,28,29,5,14,22,21,12;5,15,23,22,13;5,6,7,8,16,23,14;8,17,25,24,23,15;8,18,26,25,16;8,9,10,19,27,26,17;10,11,20,28,27,18;11,12,21,30,29,28,19;12,13,22,30,20;13,14,23,31,30,21;0,31,22,14,15,16,24;0,23,16,25,1;1,24,16,17,26,2;2,25,17,18,27,3;3,26,18,19,28,4;4,27,19,20,29,13;5,13,28,20,30,6;6,29,20,21,22,31,7;0,7,30,22,23
torus444 32 1,9,7,30,31;0,31,24,25,2,10,9;1,25,26,3,11,10;2,26,4,12,11;3,26,27,28,5,13,12;4,28,29,6,13;5,29,30,7,15,14,13;0,9,8,15,6,30;7,9,17,16,15;0,1,10,18,26,17,8,7;1,2,11,19,18,9;2,3,12,20,19,10;3,4,13,21,20,11;4,5,6,14,22,21,12;6,15,23,22,13;6,7,8,16,23,14;8,17,25,24,23,15;8,9,26,25,16;9,10,19,27,26;10,11,20,28,27,18;11,12,21,29,28,19;12,13,22,30,29,20;13,14,23,31,30,21;14,15,16,24,31,22;1,31,23,16,25;1,24,16,17,26,2;2,25,17,9,18,27,4,3;4,26,18,19,28;4,27,19,20,29,5;5,28,20,21,30,6;0,7,6,29,21,22,31;0,30,22,23,24,1
torus445 32 1,10,9,7,31,24;0,24,25,2,10;1,25,17,26,3,11,19,10;2,26,27,4,12,11;3,27,28,5,13,12;4,28,29,6,14,13;5,29,30,7,15,14;0,9,8,15,6,30,31;7,9,18,26,17,16,15;0,10,18,8,7;0,1,2,19,18,9;2,3,12,21,20,19;3,4,13,21,11;4,5,14,21,12;5,6,15,23,22,21,13;6,7,8,16,23,14;8,17,25,24,23,15;2,25,16,8,26;8,9,10,19,27,26;2,11,20,28,27,18,10;11,21,29,28,19;11,12,13,14,22,29,20;14,23,30,29,21;14,15,16,24,31,30,22;0,31,23,16,25,1;1,24,16,17,2;2,17,8,18,27,3;3,26,18,19,28,4;4,27,19,20,29,5;5,28,20,21,22,30,6;6,29,22,23,31,7;0,7,30,23,24
torus446 32 1,8,31,24,25;0,25,26,2,10,9,8;1,26,3,11,19,10;2,26,27,4,12,11;3,27,28,5,12;4,28,29,30,7,6,14,13,12;5,7,8,15,14;5,30,31,8,6;0,1,9,17,16,15,6,7,31;1,10,18,17,8;1,2,19,18,9;2,3,12,20,19;3,4,5,13,20,11;5,14,21,20,12;5,6,15,22,21,13;6,8,16,23,22,14;8,17,25,24,23,15;8,9,18,25,16;9,10,19,27,26,25,17;2,11,20,27,18,10;11,12,13,21,29,28,27,19;13,14,22,30,29,20;14,15,23,31,30,21;15,16,24,31,22;0,31,23,16,25;0,24,16,17,18,26,1;1,25,18,27,3,2;3,26,18,19,20,28,4;4,27,20,29,5;5,28,20,21,30;5,29,21,22,31,7;0,8,7,30,22,23,24
torus447 32 1,9,8,7,31;0,31,24,2,10,9;1,24,25,26,3,11,10;2,26,27,4,12,11;3,27,29,5,12;4,29,6,15,14,12;5,29,30,7,15;0,8,15,6,30,22,31;0,9,17,16,14,15,7;0,1,10,18,17,8;1,2,11,19,18,9;2,3,12,20,28,19,10;3,4,5,14,20,11;14,22,30,21,20;5,15,8,16,23,22,13,20,12;5,6,7,8,14;8,17,25,24,23,14;8,9,18,26,25,16;9,10,19,26,17;10,11,28,27,26,18;11,12,14,13,21,28;13,30,29,28,20;7,30,13,14,23,31;14,16,24,31,22;1,31,23,16,25,2;2,24,16,17,26;2,25,17,18,19,27,3;3,26,19,28,29,4;11,20,21,29,27,19;4,27,28,21,30,6,5;6,29,21,13,22,7;0,7,22,23,24,1
torus448 32 1,7,30,31,24;0,24,2,3,11,10,9,8,7;1,24,16,25,3;1,2,25,26,27,4,13,12,11;3,27,28,5,13;4,28,29,14,22,13;7,8,15,14,29,30;0,1,8,6,30;1,9,17,16,15,6,7;1,10,18,26,17,8;1,11,19,18,9;1,3,12,19,10;3,13,21,20,19,11;3,4,5,22,21,12;5,29,6,15,23,22;6,8,16,23,14;2,24,23,15,8,17,25;8,9,26,25,16;9,10,19,27,26;10,11,12,20,27,18;12,21,29,28,27,19;12,13,22,31,30,29,20;5,14,23,31,21,13;14,15,16,24,31,22;0,31,23,16,2,1;2,16,17,26,3;3,25,17,9,18,27;3,26,18,19,20,28,4;4,27,20,29,5;5,28,20,21,30,6,14;0,7,6,29,21,31;0,30,21,22,23,24
torus449 32 1,15,14,7,31,24;0,24,25,10,9,8,15;3,12,11,25,26;2,26,27,4,12;3,27,19,28,13,12;6,7,14,22,13,28,29;5,29,30,16,31,7;0,14,5,6,31;1,9,17,16,15;1,10,19,18,17,8;1,25,11,19,9;2,12,21,20,19,10,25;2,3,4,13,22,21,11;4,28,5,22,12;0,15,23,22,5,7;0,1,8,16,23,14;6,30,23,15,8,17,24,31;8,9,18,26,25,24,16;9,19,27,26,17;4,27,18,9,10,11,20,28;11,21,30,29,28,19;11,12,22,30,20;5,14,23,30,21,12,13;14,15,16,30,22;0,31,16,17,25,1;1,24,17,26,2,11,10;2,25,17,18,27,3;3,26,18,19,4;4,19,20,29,5,13;5,28,20,30,6;6,29,20,21,22,23,16;0,7,6,16,24
torus450 32 1,8,7,31,23,24;0,24,25,26,27,2,10,9,8;1,27,3,11,10;2,27,5,4,11;3,5,13,12,11;3,27,14,13,4;7,8,15,23,14,28,29,30;0,8,6,30,31;0,1,9,17,15,6,7;1,10,18,17,8;1,2,11,20,19,18,9;2,3,4,12,21,20,10;4,13,22,21,11;4,5,14,23,22,12;5,27,28,6,23,13;6,8,17,16,23;15,17,25,24,23;8,9,18,26,25,16,15;9,10,19,26,17;10,20,29,28,27,26,18;10,11,21,29,19;11,12,22,30,29,20;12,13,23,31,30,21;0,31,22,13,14,6,15,16,24;0,23,16,25,1;1,24,16,17,26;1,25,17,18,19,27;1,26,19,28,14,5,3,2;6,14,27,19,29;6,28,19,20,21,30;6,29,21,22,31,7;0,7,30,22,23
torus451 32 1,8,15,7,31,24;0,24,25,2,10,8;1,25,17,26,3,10;2,26,27,4,12,11,10;3,27,28,5,12;4,28,14,13,12;7,15,14,29,30;0,15,6,30,31;0,1,10,11,9,17,15;8,11,19,18,17;1,2,3,11,8;3,12,13,20,19,9,8,10;3,4,5,13,11;5,14,22,21,20,11,12;5,28,29,6,15,23,22,13;0,8,17,25,16,23,14,6,7;15,25,24,31,23;2,25,15,8,9,18,26;9,19,27,26,17;9,11,20,28,27,18;11,13,21,28,19;13,22,31,30,29,28,20;13,14,23,31,21;14,15,16,31,22;0,31,16,25,1;1,24,16,15,17,2;2,17,18,27,3;3,26,18,19,28,4;4,27,19,20,21,29,14,5;6,14,28,21,30;6,29,21,31,7;0,7,30,21,22,23,16,24
torus452 32 1,10,18,9,8,15,7,31,24;0,24,25,2,10;1,25,26,27,4,3,10;2,4,12,11,10;2,27,28,5,13,12,3;4,28,29,14,13;7,15,14,29,30;0,15,6,30,31;0,9,16,23,15;0,18,17,16,8;0,1,2,3,11,19,18;3,12,20,19,10;3,4,13,20,11;4,5,14,23,21,20,12;5,29,6,15,23,13;0,8,23,14,6,7;8,9,17,24,23;9,18,19,26,25,24,16;0,10,19,17,9;10,11,20,28,27,26,17,18;11,12,13,21,30,29,28,19;13,23,22,30,20;21,23,24,31,30;8,16,24,22,21,13,14,15;0,31,22,23,16,17,25,1;1,24,17,26,2;2,25,17,19,27;2,26,19,28,4;4,27,19,20,29,5;5,28,20,30,6,14;6,29,20,21,22,31,7;0,7,30,22,24
torus453 32 1,10,18,9,8,7,30,31,24;0,24,15,16,25,2,10;1,25,26,11,10;4,12,26,18,27,28;3,28,5,14,13,12;4,28,29,6,14;5,29,30,7,15,14;0,8,15,6,30;0,9,17,16,15,7;0,18,26,17,8;0,1,2,11,19,18;2,26,21,20,19,10;3,4,13,21,26;4,14,22,30,21,12;4,5,6,15,23,22,13;1,24,23,14,6,7,8,16;1,15,8,17,25;8,9,26,25,16;0,10,19,27,3,26,9;10,11,20,27,18;11,21,28,27,19;11,26,12,13,30,29,28,20;13,14,23,31,30;14,15,24,31,22;0,31,23,15,1;1,16,17,26,2;2,25,17,9,18,3,12,21,11;3,18,19,20,28;3,27,20,21,29,5,4;5,28,21,30,6;0,7,6,29,21,13,22,31;0,30,22,23,24
torus454 32 1,9,8,7,31,24;0,24,25,2,11,10,9;1,25,26,27,3,11;2,27,4,12,11;3,27,28,14,13,12;14,28,20,29,15;7,8,15,29,30;0,8,6,30,31;0,9,16,23,15,6,7;0,1,10,17,16,8;1,11,19,18,17,9;1,2,3,12,19,10;3,4,13,21,20,19,11;4,14,30,21,12;4,28,5,15,23,22,30,13;5,29,6,8,23,14;8,9,17,24,23;9,10,18,26,25,24,16;10,19,27,26,17;10,11,12,20,28,27,18;5,28,19,12,21,29;12,13,30,29,20;14,23,24,31,30;8,16,24,22,14,15;0,31,22,23,16,17,25,1;1,24,17,26,2;2,25,17,18,27;2,26,18,19,28,4,3;4,27,19,20,5,14;5,20,21,30,6,15;6,29,21,13,14,22,31,7;0,7,30,22,24
torus455 32 7,8,9,24,16,31;2,25,24,9,10;1,10,19,11,3,26,25;2,11,12,4,26;3,12,21,13,28,27,26;6,29,28,13,14;5,14,15,7,29;0,31,30,13,21,29,6,15,8;0,7,15,17,9;0,8,17,18,10,1,24;1,9,18,19,2;2,19,20,12,3;3,11,20,21,4;4,21,7,30,22,14,5,28;5,13,22,15,6;6,14,22,23,16,17,8,7;0,24,25,26,17,15,23,31;8,15,16,26,27,18,9;9,17,27,19,10;2,10,18,27,28,29,20,11;11,19,29,21,12;4,12,20,29,7,13;13,30,23,15,14;15,22,30,31,16;0,9,1,25,16;1,2,26,16,24;2,3,4,27,17,16,25;4,28,19,18,17,26;4,13,5,29,19,27;5,6,7,21,20,19,28;7,31,23,22,13;0,16,23,30,7
torus456 32 1,9,8,7,31,25;0,25,2,10,9;1,25,26,11,10;4,11,26,27,28;3,28,5,13,12,11;4,28,29,6,14,13;5,29,30,31,7,14;0,8,14,6,31;0,9,18,15,14,7;0,1,10,18,8;1,2,11,12,19,18,9;2,26,3,4,12,10;4,13,19,10,11;4,5,14,15,16,23,22,21,20,19,12;5,6,7,8,15,13;8,18,16,13,14;13,15,18,17,24,23;16,18,26,25,24;8,9,10,19,26,17,16,15;10,12,13,20,27,26,18;13,21,28,27,19;13,22,30,29,28,20;13,23,31,30,21;13,16,24,31,22;16,17,25,31,23;0,31,24,17,26,2,1;2,25,17,18,19,27,3,11;3,26,19,20,28;3,27,20,21,29,5,4;5,28,21,30,6;6,29,21,22,31;0,7,6,30,22,23,24,25
torus457 32 1,18,8,31,24,25;0,25,2,10,18;1,25,3,4,13,12,11,10;2,25,26,27,4;2,3,27,18,19,13;13,19,28,29,14;7,14,29,21,30;6,30,31,8,15,14;0,18,9,17,16,15,7,31;8,18,27,26,17;1,2,11,19,18;2,12,20,19,10;2,13,21,20,11;2,4,19,5,14,22,30,21,12;5,29,6,7,15,23,22,13;7,8,16,23,14;8,17,25,24,23,15;8,9,26,25,16;0,1,10,19,4,27,9,8;4,18,10,11,20,28,5,13;11,12,21,28,19;6,29,28,20,12,13,30;13,14,23,24,31,30;14,15,16,24,22;0,31,22,23,16,25;0,24,16,17,26,3,2,1;3,25,17,9,27;3,26,9,18,4;5,19,20,21,29;5,28,21,6,14;6,21,13,22,31,7;0,8,7,30,22,24
torus458 32 1,7,8,10,11;0,11,2,17,25,24,13,22,7;1,11,3,4,27,26,17;2,11,20,12,4;2,3,12,16,28,27;11,19,29,21,20;14,15,30,29,22;0,1,22,31,8;0,7,31,16,9,10;8,16,25,18,10;0,8,9,18,11;0,10,18,19,5,20,3,2,1;3,20,21,16,4;1,24,23,14,22;6,22,13,23,15;6,14,23,16,30;4,12,21,30,15,23,24,25,9,8,31,28;1,2,26,18,25;9,25,17,26,19,11,10;5,11,18,26,27,22,29;3,11,5,21,12;5,29,30,16,12,20;1,13,14,6,29,19,27,28,31,7;13,24,16,15,14;1,25,16,23,13;1,17,18,9,16,24;2,27,19,18,17;2,4,28,22,19,26;4,16,31,22,27;5,19,22,6,30,21;6,15,16,21,29;7,22,28,16,8
torus459 32 1,8,7,30,31,24,25;0,25,2,10,8;1,25,16,26,28,10;4,12,11,10,5;3,5,13,21,12;3,10,28,29,14,13,4;7,15,23,29,30;0,8,9,18,16,15,6,30;0,1,10,9,7;7,8,10,11,19,18;1,2,28,5,3,11,9,8;3,12,20,27,19,9,10;3,4,21,20,11;4,5,14,22,21;5,29,23,22,13;6,7,16,22,23;2,25,24,22,15,7,18,17,26;16,18,19,27,26;7,9,19,17,16;9,11,27,17,18;11,12,21,22,27;4,13,22,20,12;13,14,23,15,16,24,31,27,20,21;6,15,22,14,29;0,31,22,16,25;0,24,16,2,1;2,16,17,27,28;11,20,22,31,30,29,28,26,17,19;2,26,27,29,5,10;5,28,27,30,6,23,14;0,7,6,29,27,31;0,30,27,22,24
torus460 32 7,9,24,23,31;2,25,17,16,15,10,11,3;1,3,4,26,25;1,11,12,4,2;2,3,12,13,26;6,29,28,27,14;5,14,7,30,21,29;0,31,30,6,14,15,16,8,9;7,16,17,18,9;0,7,8,18,24;1,15,24,19,11;1,10,19,12,3;3,11,19,20,21,30,13,4;4,12,30,22,15,14,27,18,26;5,27,13,15,7,6;1,16,7,14,13,22,23,24,10;1,17,8,7,15;1,25,18,8,16;8,17,25,26,13,27,19,24,9;10,24,18,27,28,20,12,11;12,19,28,29,21;6,30,12,20,29;13,30,31,23,15;0,24,15,22,31;0,9,18,19,10,15,23;1,2,26,18,17;2,4,13,18,25;5,28,19,18,13,14;5,29,20,19,27;5,6,21,20,28;6,7,31,22,13,12,21;0,23,22,30,7
torus461 32 4,10,9,22,31,26;2,19,10,4,3;1,3,11,27,18,19;1,4,12,11,2;0,26,29,5,13,12,3,1,10;4,29,6,8,15,14,22,21,13;5,29,30,7,8;6,30,22,17,8;5,6,7,17,25,16,15;0,10,19,18,22;0,4,1,19,9;2,3,12,20,27;3,4,13,20,11;4,5,21,20,12;5,15,23,31,22;5,8,16,23,14;8,25,24,23,15;7,22,18,25,8;2,27,29,26,25,17,22,9,19;1,2,18,9,10;11,12,13,21,28,27;5,22,28,20,13;0,9,18,17,7,30,28,21,5,14,31;14,15,16,24,31;16,25,26,31,23;8,17,18,26,24,16;0,31,24,25,18,29,4;2,11,20,28,29,18;20,21,22,30,29,27;4,26,18,27,28,30,6,5;6,29,28,22,7;0,22,14,23,24,26
torus462 32 1,7,30,31,25;0,25,2,10,7;1,25,26,27,4,5,6,3,11,10;2,6,13,12,11;2,27,28,29,5;2,4,29,7,6;2,5,7,13,3;0,1,10,8,13,6,5,29,30;7,10,9,15,13;8,10,17,16,15;1,2,11,20,28,19,18,17,9,8,7;2,3,12,20,10;3,13,15,14,20,11;3,6,7,8,15,12;12,15,24,23,22,21,28,20;8,9,16,24,14,12,13;9,17,25,24,15;9,10,18,25,16;10,19,26,25,17;10,28,27,26,18;10,11,12,14,28;14,22,30,29,28;14,23,31,30,21;14,24,25,31,22;14,15,16,25,23;0,31,23,24,16,17,18,26,2,1;2,25,18,19,27;2,26,19,28,4;4,27,19,10,20,14,21,29;4,28,21,30,7,5;0,7,29,21,22,31;0,30,22,23,25
torus463 32 1,9,8,7,24;0,24,3,2,9;1,3,11,10,9;1,24,25,17,26,4,22,12,11,2;3,26,5,13,31,30,22;4,26,27,14,13;7,8,15,14,27;0,8,6,27,31,24;0,9,18,16,15,6,7;0,1,2,10,18,8;2,11,19,18,9;2,3,12,20,28,19,10;3,22,21,20,11;4,5,14,23,31;5,27,6,15,23,13;6,8,16,23,14;8,18,19,25,31,23,15;3,25,19,27,26;8,9,10,19,16;10,11,28,27,17,25,16,18;11,12,21,29,28;12,22,30,29,20;3,4,30,21,12;13,14,15,16,31;0,7,31,25,3,1;3,24,31,16,19,17;3,17,27,5,4;5,26,17,19,28,29,30,31,7,6,14;11,20,29,27,19;20,21,30,27,28;4,31,27,29,21,22;4,13,23,16,25,24,7,27,30
torus464 32 7,16,10,9,31;9,28,20,27,24;11,26,23,25,27;4,28,15,18,12;3,12,13,5,28;4,13,14,20,28;7,26,21,29,16;0,31,26,6,16;16,17,26,31,30;0,10,28,1,24,31;0,16,15,28,9;2,27,19,21,26;3,18,22,13,4;4,12,22,14,5;5,13,22,23,20;3,28,10,16,18;0,7,6,29,17,8,30,23,22,18,15,10;8,16,29,20,26;3,15,16,22,12;11,27,20,29,21;1,28,5,14,23,26,17,29,19,27;6,26,11,19,29;12,18,16,23,14,13;2,26,20,14,22,16,30,25;1,27,25,31,9;2,23,30,31,24,27;2,11,21,6,7,31,8,17,20,23;1,20,19,11,2,25,24;1,9,10,15,3,4,5,20;6,21,19,20,17,16;8,31,25,23,16;0,9,24,25,30,8,26,7
torus465 32 1,28,19,25,24,31;0,31,9,5,6,29,4,28;3,26,17,16,11;2,11,12,5,27,26;1,29,20,21,28;1,9,27,3,12,13,14,6;1,5,14,15,29;8,18,27,30,15;7,15,16,17,18;1,31,30,27,5;11,16,25,19,21,12;2,16,10,12,3;3,11,10,21,13,5;5,12,21,31,22,14;5,13,22,15,6;6,14,22,23,16,8,7,30,20,29;2,17,8,15,23,24,25,10,11;2,26,18,8,16;7,8,17,26,27;0,28,21,10,25;4,29,15,30,21;4,20,30,31,13,12,10,19,28;13,31,23,15,14;15,22,31,24,16;0,25,16,23,31;0,19,10,16,24;2,3,27,18,17;3,5,9,30,7,18,26;0,1,4,21,19;1,6,15,20,4;7,27,9,31,21,20,15;0,24,23,22,13,21,30,9,1
torus466 32 15,22,31,24,23;2,16,23,24,9;1,9,10,3,26,16;2,10,5,27,26;5,14,6,28,27;3,10,17,29,21,13,14,4,27;4,14,15,8,7,31,30,29,20,28;6,8,17,9,31;6,15,25,17,7;1,24,31,7,17,10,2;2,9,17,5,3;12,17,25,18,19;11,19,20,29,17;5,21,22,15,14;4,5,13,15,6;0,23,16,18,25,8,6,14,13,22;1,2,26,18,15,23;5,10,9,7,8,25,11,12,29;11,25,15,16,26,27,19;11,18,27,28,20,12;6,29,12,19,28;5,29,30,22,13;0,15,13,21,30,31;0,24,1,16,15;0,31,9,1,23;8,15,18,11,17;2,3,27,18,16;3,5,4,28,19,18,26;4,6,20,19,27;5,17,12,20,6,30,21;6,31,22,21,29;0,22,30,6,7,9,24
torus467 32 1,7,15,8,9,18,5,28,10;0,10,19,31,7;3,16,15,20,11;2,11,4,27,26,17,16;3,11,12,5,27;0,18,27,4,12,21,13,14,29,28;7,31,30,29,14,25;0,1,31,6,25,20,15;0,15,16,17,9;0,8,17,26,18;0,28,30,20,19,1;2,20,12,4,3;4,11,20,21,5;5,21,30,22,14;5,13,22,23,25,6,29;0,7,20,2,16,8;2,3,17,8,15;3,26,9,8,16;0,9,26,27,5;1,10,20,24,31;2,15,7,25,24,19,10,30,21,12,11;5,12,20,30,13;13,30,31,23,14;14,22,31,24,25;19,20,25,23,31;6,14,23,24,20,7;3,27,18,9,17;3,4,5,18,26;0,5,29,30,10;5,14,6,30,28;6,31,22,13,21,20,10,28,29;1,19,24,23,22,30,6,7
torus468 32 7,17,27,9,24;2,25,8,16,23,31,24,9,18;1,18,10,26,25;4,27,26,10,12;3,12,20,21,27;6,28,10,23,14;5,14,7,15,19,28;0,24,31,30,15,6,14,16,8,17;1,25,17,7,16;0,27,18,1,24;2,18,13,23,5,28,11,12,3,26;10,28,19,20,12;3,10,11,20,4;10,18,21,20,22,23;5,23,16,7,6;6,7,30,29,19;1,8,7,14,23;0,7,8,25,27;1,9,27,21,13,10,2;6,15,29,20,11,28;4,12,11,19,29,22,13,21;4,20,13,18,27;13,20,29,30,23;1,16,14,5,10,13,22,30,31;0,9,1,31,7;1,2,26,27,17,8;2,10,3,27,25;0,17,25,26,3,4,21,18,9;5,6,19,11,10;15,30,22,20,19;7,31,23,22,29,15;1,23,30,7,24
torus469 32 6,7,23,8,31;2,24,15,31,8,9,10,13;1,13,11,26,25,24;11,12,27,17,26;5,28,6,31,30;4,30,29,20,28;0,31,4,28,19,27,12,14,7;0,6,14,15,16,17,18,23;0,23,9,1,31;1,8,23,18,10;1,9,18,17,27,19,13;2,13,12,3,26;3,11,13,14,6,27;1,10,19,20,29,21,22,14,12,11,2;6,12,13,22,15,7;1,24,16,7,14,22,31;7,15,24,25,17;3,27,10,18,7,16,25,26;7,17,10,9,23;6,28,20,13,10,27;5,29,13,19,28;13,29,30,31,22;13,21,31,15,14;0,7,18,9,8;1,2,25,16,15;2,26,17,16,24;2,11,3,17,25;3,12,6,19,10,17;4,5,20,19,6;5,30,21,13,20;4,31,21,29,5;0,8,1,15,22,21,30,4,6
torus470 36 1,10,9,8,35,27;0,27,28,2,11,10;1,28,29,3,11;2,29,30,4,13,12,11;3,30,31,5,14,13;4,31,32,6,15,14;5,32,33,7,16,15;6,33,34,8,17,16;0,9,17,7,34,35;0,10,19,18,17,8;0,1,11,20,19,9;1,2,3,12,21,20,10;3,13,22,21,11;3,4,14,23,22,12;4,5,15,24,23,13;5,6,16,25,24,14;6,7,17,26,25,15;7,8,9,18,26,16;9,19,28,27,26,17;9,10,20,29,28,18;10,11,21,30,29,19;11,12,22,31,30,20;12,13,23,32,31,21;13,14,24,33,32,22;14,15,25,34,33,23;15,16,26,35,34,24;16,17,18,27,35,25;0,35,26,18,28,1;1,27,18,19,29,2;2,28,19,20,30,3;3,29,20,21,31,4;4,30,21,22,32,5;5,31,22,23,33,6;6,32,23,24,34,7;7,33,24,25,35,8;0,8,34,25,26,27
torus471 36 1,11,10,9,8,35,27;0,27,28,2,11;1,28,29,3,12,11;2,29,30,4,13,12;3,30,31,5,14,13;4,31,32,6,15,14;5,32,33,7,16,15;6,33,34,8,17,16;0,9,17,7,34,35;0,10,19,18,17,8;0,11,20,19,9;0,1,2,12,21,30,20,10;2,3,13,22,21,11;3,4,14,23,22,12;4,5,15,24,33,23,13;5,6,16,25,24,14;6,7,17,26,25,15;7,8,9,18,26,16;9,19,28,27,26,17;9,10,20,29,28,18;10,11,30,29,19;11,12,22,31,30;12,13,23,32,31,21;13,14,33,32,22;14,15,25,34,33;15,16,26,35,34,24;16,17,18,27,35,25;0,35,26,18,28,1;1,27,18,19,29,2;2,28,19,20,30,3;3,29,20,11,21,31,4;4,30,21,22,32,5;5,31,22,23,33,6;6,32,23,14,24,34,7;7,33,24,25,35,8;0,8,34,25,26,27
torus472 36 1,10,9,35,27;0,27,28,2,11,10;1,28,29,3,12,11;2,29,30,4,13,12;3,30,31,32,5,14,13;4,32,6,15,14;5,32,33,7,16,15;6,33,34,8,17,16;7,34,35,9,17;0,10,19,18,17,8,35;0,1,11,20,19,9;1,2,12,21,20,10;2,3,13,22,21,11;3,4,14,23,22,12;4,5,15,24,23,13;5,6,16,25,24,14;6,7,17,26,35,25,15;7,8,9,18,26,16;9,19,28,27,26,17;9,10,20,29,28,18;10,11,21,30,29,19;11,12,22,31,30,20;12,13,23,32,31,21;13,14,24,33,32,22;14,15,25,34,33,23;15,16,35,34,24;16,17,18,27,35;0,35,26,18,28,1;1,27,18,19,29,2;2,28,19,20,30,3;3,29,20,21,31,4;4,30,21,22,32;4,31,22,23,33,6,5;6,32,23,24,34,7;7,33,24,25,35,8;0,9,8,34,25,16,26,27
torus473 36 1,10,9,8,35,27;0,27,28,2,11,10;1,28,29,3,12,11;2,29,30,31,4,13,12;3,31,5,14,13;4,31,32,6,15,14;5,32,33,7,16,15;6,33,34,8,17,16;0,9,17,7,34,35;0,10,19,18,17,8;0,1,11,20,19,9;1,2,12,21,20,10;2,3,13,22,21,11;3,4,14,23,22,12;4,5,15,24,23,13;5,6,16,25,24,14;6,7,17,26,25,15;7,8,9,18,26,16;9,19,28,27,26,17;9,10,20,29,28,18;10,11,21,30,29,19;11,12,22,31,30,20;12,13,23,32,31,21;13,14,24,32,22;14,15,25,35,34,33,32,23;15,16,26,35,24;16,17,18,27,35,25;0,35,26,18,28,1;1,27,18,19,29,2;2,28,19,20,30,3;3,29,20,21,31;3,30,21,22,32,5,4;5,31,22,23,24,33,6;6,32,24,34,7;7,33,24,35,8;0,8,34,24,25,26,27
torus474 36 1,10,9,8,35,27;0,27,28,2,11,10;1,28,29,3,12,11;2,29,30,4,13,12;3,30,31,5,14,13;4,31,32,6,15,14;5,32,33,34,7,16,15;6,34,8,17,16;0,9,17,7,34,35;0,10,19,18,17,8;0,1,11,20,19,9;1,2,12,21,20,10;2,3,13,22,21,11;3,4,14,23,22,12;4,5,15,24,23,13;5,6,16,24,14;6,7,17,26,25,24,15;7,8,9,18,27,26,16;9,19,28,27,17;9,10,20,29,28,18;10,11,21,30,29,19;11,12,22,31,30,20;12,13,23,32,31,21;13,14,24,33,32,22;14,15,16,25,34,33,23;16,26,35,34,24;16,17,27,35,25;0,35,26,17,18,28,1;1,27,18,19,29,2;2,28,19,20,30,3;3,29,20,21,31,4;4,30,21,22,32,5;5,31,22,23,33,6;6,32,23,24,34;6,33,24,25,35,8,7;0,8,34,25,26,27
torus475 36 1,10,9,8,35,27;0,27,28,2,11,10;1,28,29,3,12,11;2,29,30,4,13,12;3,30,31,5,14,13;4,31,32,6,15,14;5,32,33,7,16,15;6,33,34,8,17,16;0,9,17,7,34,35;0,10,19,18,26,17,8;0,1,11,20,19,9;1,2,12,22,21,20,10;2,3,13,22,11;3,4,14,23,22,12;4,5,15,24,23,13;5,6,16,25,34,24,14;6,7,17,26,25,15;7,8,9,26,16;9,19,28,27,26;9,10,20,29,28,18;10,11,21,30,29,19;11,22,31,30,20;11,12,13,23,32,31,21;13,14,24,33,32,22;14,15,34,33,23;15,16,26,35,34;9,18,27,35,25,16,17;0,35,26,18,28,1;1,27,18,19,29,2;2,28,19,20,30,3;3,29,20,21,31,4;4,30,21,22,32,5;5,31,22,23,33,6;6,32,23,24,34,7;7,33,24,15,25,35,8;0,8,34,25,26,27
torus476 36 1,10,9,8,35,27;0,27,28,2,12,11,10;1,28,29,3,12;2,29,30,4,13,12;3,30,31,5,15,14,13;4,31,32,6,15;5,32,33,7,16,15;6,33,34,8,16;0,9,17,16,7,34,35;0,10,19,18,17,8;0,1,11,20,19,9;1,12,21,20,10;1,2,3,13,22,21,11;3,4,14,23,22,12;4,15,24,23,13;4,5,6,16,25,24,14;6,7,8,17,26,25,15;8,9,18,26,16;9,19,28,27,26,17;9,10,20,29,28,18;10,11,21,30,29,19;11,12,22,31,30,20;12,13,23,32,31,21;13,14,24,33,32,22;14,15,25,34,33,23;15,16,26,35,34,24;16,17,18,27,35,25;0,35,26,18,28,1;1,27,18,19,29,2;2,28,19,20,30,3;3,29,20,21,31,4;4,30,21,22,32,5;5,31,22,23,33,6;6,32,23,24,34,7;7,33,24,25,35,8;0,8,34,25,26,27
torus477 36 1,10,8,35,27;0,27,28,2,11,10;1,28,3,12,11;2,28,29,30,4,14,12;3,30,21,31,5,14;4,31,32,33,6,15,14;5,33,7,16,15;6,33,34,8,17,16;0,10,9,17,7,34,35;8,10,19,18,26,17;0,1,11,20,29,19,9,8;1,2,12,21,20,10;2,3,14,13,21,11;12,14,23,22,21;3,4,5,15,24,23,13,12;5,6,16,24,14;6,7,17,26,25,24,15;7,8,9,26,16;9,19,28,27,26;9,10,29,28,18;10,11,21,30,29;4,30,20,11,12,13,22,31;13,23,32,31,21;13,14,24,33,32,22;14,15,16,25,34,33,23;16,26,35,34,24;9,18,27,35,25,16,17;0,35,26,18,28,1;1,27,18,19,29,3,2;3,28,19,10,20,30;3,29,20,21,4;4,21,22,32,5;5,31,22,23,33;5,32,23,24,34,7,6;7,33,24,25,35,8;0,8,34,25,26,27
torus478 36 1,10,9,8,34,35,27;0,27,2,11,10;1,27,28,29,12,21,11;4,13,22,12,29,30;3,30,31,5,14,13;4,31,32,6,14;5,32,33,7,16,15,14;6,33,8,17,26,16;0,9,17,7,33,34;0,10,19,18,17,8;0,1,11,20,19,9;1,2,21,20,10;2,29,3,22,21;3,4,14,23,22;4,5,6,15,24,23,13;6,16,25,24,14;6,7,26,25,15;7,8,9,18,26;9,19,28,27,35,26,17;9,10,20,29,28,18;10,11,21,30,29,19;2,12,22,31,30,20,11;3,13,23,32,31,21,12;13,14,24,34,33,32,22;14,15,25,34,23;15,16,26,35,34,24;7,17,18,35,25,16;0,35,18,28,2,1;2,27,18,19,29;2,28,19,20,30,3,12;3,29,20,21,31,4;4,30,21,22,32,5;5,31,22,23,33,6;6,32,23,34,8,7;0,8,33,23,24,25,35;0,34,25,26,18,27
torus479 36 1,10,9,8,35,26,27;0,27,28,2,11,10;1,28,29,12,11;4,13,12,29,30;3,30,21,31,5,14,13;4,31,32,6,16,15,14;5,32,33,7,17,16;6,33,34,8,17;0,9,17,7,34,35;0,10,20,19,18,17,8;0,1,11,20,9;1,2,12,22,21,20,10;2,29,3,13,22,11;3,4,14,23,22,12;4,5,15,24,23,13;5,16,25,34,24,14;5,6,17,26,25,15;6,7,8,9,18,26,16;9,19,28,27,26,17;9,20,29,28,18;9,10,11,21,30,29,19;4,30,20,11,22,31;11,12,13,23,32,31,21;13,14,24,33,32,22;14,15,34,33,23;15,16,26,35,34;0,35,25,16,17,18,27;0,26,18,28,1;1,27,18,19,29,2;2,28,19,20,30,3,12;3,29,20,21,4;4,21,22,32,5;5,31,22,23,33,6;6,32,23,24,34,7;7,33,24,15,25,35,8;0,8,34,25,26
torus480 36 1,10,9,8,35,27;0,27,28,2,11,10;1,28,29,12,11;4,13,12,29,30;3,30,31,5,14,13;4,31,32,6,15,24,14;5,32,23,33,7,15;6,33,34,8,17,16,15;0,9,17,7,34,35;0,10,18,26,17,8;0,1,11,20,19,18,9;1,2,12,21,20,10;2,29,3,13,22,21,11;3,4,14,23,22,12;4,5,24,23,13;5,6,7,16,25,24;7,17,26,25,15;7,8,9,26,16;9,10,19,28,27,26;10,20,29,28,18;10,11,21,30,29,19;11,12,22,32,31,30,20;12,13,23,32,21;6,32,22,13,14,24,33;5,15,25,34,33,23,14;15,16,26,27,35,34,24;9,18,27,25,16,17;0,35,25,26,18,28,1;1,27,18,19,29,2;2,28,19,20,30,3,12;3,29,20,21,31,4;4,30,21,32,5;5,31,21,22,23,6;6,23,24,34,7;7,33,24,25,35,8;0,8,34,25,27
torus481 36 1,9,8,35,27;0,27,28,2,11,10,9;1,28,29,3,12,21,11;2,29,30,31,4,13,12;3,31,5,14,13;4,31,21,32,6,15,14;5,32,33,7,16,15;6,33,34,8,9,17,16;0,9,7,34,35;0,1,10,19,18,17,7,8;1,11,20,19,9;1,2,21,20,10;2,3,13,22,21;3,4,14,23,22,12;4,5,15,24,23,13;5,6,16,25,24,14;6,7,17,26,25,15;7,9,18,26,16;9,19,28,26,17;9,10,20,29,28,18;10,11,21,30,29,19;2,12,22,32,5,31,30,20,11;12,13,23,32,21;13,14,24,33,32,22;14,15,25,34,33,23;15,16,26,27,35,34,24;16,17,18,28,27,25;0,35,25,26,28,1;1,27,26,18,19,29,2;2,28,19,20,30,3;3,29,20,21,31;3,30,21,5,4;5,21,22,23,33,6;6,32,23,24,34,7;7,33,24,25,35,8;0,8,34,25,27
torus482 36 1,9,8,35,27;0,27,28,2,11,10,9;1,28,29,3,13,12,11;2,29,30,4,13;3,30,31,5,14,13;4,31,32,6,15,14;5,32,33,7,15;6,33,34,8,17,16,15;0,9,18,17,7,34,35;0,1,10,19,18,8;1,11,20,19,9;1,2,12,21,30,20,10;2,13,22,21,11;2,3,4,14,23,22,12;4,5,15,23,13;5,6,7,16,25,24,23,14;7,17,26,35,25,15;7,8,18,26,16;8,9,19,28,27,26,17;9,10,20,28,18;10,11,30,29,28,19;11,12,22,31,30;12,13,23,32,31,21;13,14,15,24,33,32,22;15,25,34,33,23;15,16,35,34,24;16,17,18,27,35;0,35,26,18,28,1;1,27,18,19,20,29,2;2,28,20,30,3;3,29,20,11,21,31,4;4,30,21,22,32,5;5,31,22,23,33,6;6,32,23,24,34,7;7,33,24,25,35,8;0,8,34,25,16,26,27
torus483 36 2,9,35,27,28;2,11,20,10,9;0,28,29,12,22,11,1,9;4,13,12,29,30;3,30,32,5,14,13;4,32,6,16,15,14;5,32,33,7,16;6,33,8,17,16;7,33,34,35,9,17;0,2,1,10,17,8,35;1,20,19,18,17,9;1,2,22,21,20;2,29,3,13,22;3,4,14,23,22,12;4,5,15,24,23,13;5,16,25,24,14;5,6,7,17,18,26,25,15;7,8,9,10,18,16;10,19,28,27,26,16,17;10,20,29,28,18;1,11,21,30,29,19,10;11,22,31,30,20;2,12,13,23,31,21,11;13,14,24,33,31,22;14,15,25,34,33,23;15,16,26,34,24;16,18,27,35,34,25;0,35,26,18,28;0,27,18,19,29,2;2,28,19,20,30,3,12;3,29,20,21,31,33,32,4;21,22,23,33,30;4,30,33,6,5;6,32,30,31,23,24,34,8,7;8,33,24,25,26,35;0,9,8,34,26,27
torus484 36 1,10,9,8,27;0,27,28,2,10;1,28,29,3,12,11,10;2,29,4,13,12;3,29,30,14,13;6,15,30,31,32;5,32,23,33,7,17,16,15;6,33,34,35,8,17;0,9,18,17,7,35,27;0,10,19,18,8;0,1,2,11,20,19,9;2,12,21,20,10;2,3,13,22,21,11;3,4,14,22,12;4,30,15,24,23,22,13;5,6,16,25,24,14,30;6,17,18,25,15;6,7,8,18,16;8,9,19,26,25,16,17;9,10,20,28,27,26,18;10,11,21,30,28,19;11,12,22,31,30,20;12,13,14,23,32,31,21;6,32,22,14,24,33;14,15,25,34,33,23;15,16,18,26,35,34,24;18,19,27,35,25;0,8,35,26,19,28,1;1,27,19,20,30,29,2;2,28,30,4,3;4,29,28,20,21,31,5,15,14;5,30,21,22,32;5,31,22,23,6;6,23,24,34,7;7,33,24,25,35;7,34,25,26,27,8
torus485 36 1,28,2,10,17,8,35;0,35,24,27,18,28;0,28,29,30,3,11,10;2,30,4,13,12,11;3,30,31,5,13;4,31,32,6,15,14,13;5,32,7,16,15;6,32,33,34,8,26,16;0,17,26,7,34,35;10,19,28,18,17;0,2,11,19,9,17;2,3,12,21,20,19,10;3,13,22,21,11;3,4,5,14,23,22,12;5,15,24,23,13;5,6,16,25,24,14;6,7,26,25,15;0,10,9,18,26,8;1,27,26,17,9,28;9,10,11,20,28;11,21,29,28,19;11,12,22,31,29,20;12,13,23,32,31,21;13,14,24,33,32,22;1,35,34,33,23,14,15,25,27;15,16,26,27,24;7,8,17,18,27,25,16;1,24,25,26,18;0,1,18,9,19,20,29,2;2,28,20,21,31,30;2,29,31,4,3;4,30,29,21,22,32,5;5,31,22,23,33,7,6;7,32,23,24,34;7,33,24,35,8;0,8,34,24,1
torus486 36 1,11,10,9,35,25,26,27;0,27,28,2,11;1,28,29,30,3,12,11;2,30,4,13,12;3,30,31,32,5,13;4,32,6,15,24,14,13;5,32,23,16,15;8,16,23,33,34;7,34,9,18,17,16;0,10,18,8,34,35;0,11,21,20,19,18,9;0,1,2,12,23,22,21,10;2,3,13,23,11;3,4,5,14,23,12;5,24,33,23,13;5,6,16,25,24;6,23,7,8,17,25,15;8,18,26,25,16;8,9,10,19,28,27,26,17;10,20,29,28,18;10,21,30,29,19;10,11,22,31,30,20;11,23,32,31,21;6,32,22,11,12,13,14,33,7,16;5,15,25,33,14;0,35,33,24,15,16,17,26;0,25,17,18,27;0,26,18,28,1;1,27,18,19,29,2;2,28,19,20,30;2,29,20,21,31,4,3;4,30,21,22,32;4,31,22,23,6,5;7,23,14,24,25,35,34;7,33,35,9,8;0,9,34,33,25
torus487 36 1,10,9,35,27;0,27,18,28,2,10;1,28,29,3,12,11,10;2,29,30,4,13,22,12;3,30,31,32,5,14,24,13;4,32,33,6,14;5,33,7,15,14;6,33,34,8,17,26,16,15;7,34,35,9,19,17;0,10,19,8,35;0,1,2,11,19,9;2,12,21,20,19,10;2,3,22,21,11;3,4,24,25,23,22;4,5,6,15,24;6,7,16,24,14;7,26,25,24,15;7,8,19,18,26;1,27,34,25,26,17,19,28;8,9,10,11,20,29,28,18,17;11,21,31,30,29,19;11,12,22,31,20;3,13,23,31,21,12;13,25,33,32,31,22;4,14,15,16,25,13;13,24,16,26,18,34,33,23;7,17,18,25,16;0,35,34,18,1;1,18,19,29,2;2,28,19,20,30,3;3,29,20,31,4;4,30,20,21,22,23,32;4,31,23,33,5;5,32,23,25,34,7,6;7,33,25,18,27,35,8;0,9,8,34,27
torus488 36 1,9,8,35,27,28;0,28,29,2,9;1,29,30,3,12,11,9;2,30,4,13,12;3,30,31,5,15,14,13;4,31,32,6,15;5,32,33,16,15;8,16,33,34,25,35;0,9,18,16,7,35;0,1,2,11,10,19,18,8;9,11,21,20,19;2,12,21,10,9;2,3,13,22,21,11;3,4,14,23,22,12;4,15,24,23,13;4,5,6,16,24,14;6,33,7,8,18,17,24,15;16,18,26,25,24;8,9,19,28,27,26,17,16;9,10,20,29,28,18;10,21,30,29,19;10,11,12,22,30,20;12,13,23,31,30,21;13,14,24,34,33,32,31,22;14,15,16,17,25,34,23;7,34,24,17,26,35;17,18,27,35,25;0,35,26,18,28;0,27,18,19,29,1;1,28,19,20,30,2;2,29,20,21,22,31,4,3;4,30,22,23,32,5;5,31,23,33,6;6,32,23,34,7,16;7,33,23,24,25;0,8,7,25,26,27
torus489 36 1,10,9,8,35;0,35,27,28,29,3,2,10;1,3,12,21,11,10;1,29,13,12,2;5,6,14,13,30;4,30,21,31,6;4,5,31,32,33,7,14;6,33,16,15,14;0,9,18,17,34,35;0,10,19,18,8;0,1,2,11,19,9;2,21,20,19,10;2,3,13,22,21;3,29,30,4,14,22,12;4,6,7,15,24,23,22,13;7,16,25,24,14;7,33,17,18,26,25,15;8,18,16,33,34;8,9,19,28,27,26,16,17;9,10,11,20,29,28,18;11,21,30,29,19;2,12,22,31,5,30,20,11;12,13,14,23,32,31,21;14,24,33,32,22;14,15,25,35,34,33,23;15,16,26,35,24;16,18,27,35,25;1,35,26,18,28;1,27,18,19,29;1,28,19,20,30,13,3;4,13,29,20,21,5;5,21,22,32,6;6,31,22,23,33;6,32,23,24,34,17,16,7;8,17,33,24,35;0,8,34,24,25,26,27,1
torus490 36 1,10,9,35,25,27;0,27,28,2,11,10;1,28,19,29,3,12,11;2,29,30,13,22,12;5,14,13,30,20,11,21,31;4,31,32,15,34,24,14;7,16,15,32,33;6,33,24,34,8,16;7,34,35,9,17,16;0,10,19,28,18,17,8,35;0,1,11,20,19,9;1,2,12,21,4,20,10;2,3,22,21,11;3,30,4,14,23,22;4,5,24,23,13;5,32,6,16,25,34;6,7,8,17,26,25,15;8,9,18,26,16;9,28,27,26,17;2,28,9,10,20,29;4,30,29,19,10,11;4,11,12,22,23,31;3,13,23,21,12;13,14,24,33,32,31,21,22;5,34,7,33,23,14;0,35,34,15,16,26,27;16,17,18,27,25;0,25,26,18,28,1;1,27,18,9,19,2;2,19,20,30,3;3,29,20,4,13;4,21,23,32,5;5,31,23,33,6,15;6,32,23,24,7;5,15,25,35,8,7,24;0,9,8,34,25
torus491 36 1,9,8,35,27;0,27,28,2,12,11,10,9;1,28,19,29,30,3,13,12;2,30,31,4,23,13;3,31,5,14,23;4,31,21,22,15,14;7,26,16,15,22;6,22,32,33,17,27,26;0,9,17,34,25,35;0,1,10,19,18,17,8;1,11,20,29,19,9;1,12,21,20,10;1,2,13,22,21,11;2,3,23,32,22,12;4,5,15,24,23;5,22,6,16,24,14;6,26,25,24,15;7,33,34,8,9,18,27;9,19,28,27,17;2,28,18,9,10,29;10,11,21,30,29;5,31,30,20,11,12,22;5,21,12,13,32,7,6,15;3,4,14,24,33,32,13;14,15,16,25,34,33,23;8,34,24,16,26,35;6,7,27,35,25,16;0,35,26,7,17,18,28,1;1,27,18,19,2;2,19,10,20,30;2,29,20,21,31,3;3,30,21,5,4;7,22,13,23,33;7,32,23,24,34,17;8,17,33,24,25;0,8,25,26,27
torus492 36 1,10,9,35,25,26,27;0,27,28,2,11,10;1,28,29,3,11;2,29,30,13,12,11;5,15,24,14,23,13,30,31;4,31,22,32,6,16,15;5,32,33,7,16;6,33,14,24,34,8,17,26,16;7,34,35,9,17;0,10,19,18,17,8,35;0,1,11,19,9;1,2,3,12,20,19,10;3,13,32,22,21,20,11;3,30,4,23,32,12;4,24,7,33,23;4,5,16,26,25,24;5,6,7,26,15;7,8,9,18,26;9,19,20,29,28,27,26,17;9,10,11,20,18;11,12,21,30,29,18,19;12,22,31,30,20;5,31,21,12,32;4,14,33,32,13;4,15,25,34,7,14;0,35,34,24,15,26;0,25,15,16,7,17,18,27;0,26,18,28,1;1,27,18,29,2;2,28,18,20,30,3;3,29,20,21,31,4,13;4,30,21,22,5;5,22,12,13,23,33,6;6,32,23,14,7;7,24,25,35,8;0,9,8,34,25
torus493 36 1,10,19,9,8,35,26,27;0,27,2,11,10;1,27,28,19,12,11;12,19,29,30,14,13;5,15,14,30,31;4,31,22,32,15;16,32,22,23,33;8,17,16,33,34;0,9,18,17,7,34,35;0,19,28,18,8;0,1,11,20,19;1,2,12,22,21,20,10;2,19,3,13,22,11;3,14,23,22,12;3,30,4,15,25,23,13;4,5,32,16,26,25,14;6,33,7,17,26,15,32;7,8,18,26,16;8,9,28,26,17;0,10,20,29,3,12,2,28,9;10,11,21,29,19;11,22,31,30,29,20;5,31,21,11,12,13,23,6,32;6,22,13,14,25,24,33;23,25,35,34,33;14,15,26,35,24,23;0,35,25,15,16,17,18,28,27;0,26,28,2,1;2,27,26,18,9,19;3,19,20,21,30;3,29,21,31,4,14;4,30,21,22,5;5,22,6,16,15;6,23,24,34,7,16;7,33,24,35,8;0,8,34,24,25,26
torus494 36 1,10,19,9,8,35;0,35,28,2,12,11,10;1,28,19,29,12;4,13,12,29,30;3,30,31,5,14,13;4,31,15,25,35,24,14;7,9,17,16,15,31,22,32,33;6,33,34,8,9;0,9,7,34,35;0,19,18,17,6,7,8;0,1,11,20,19;1,12,21,30,20,10;1,2,29,3,13,23,22,21,11;3,4,14,23,12;4,5,24,23,13;5,31,6,16,25;6,17,26,25,15;6,9,18,26,16;9,19,27,26,17;0,10,20,29,2,28,27,18,9;10,11,30,29,19;11,12,22,31,30;6,31,21,12,23,32;12,13,14,24,32,22;5,35,34,33,32,23,14;5,15,16,26,27,35;16,17,18,27,25;18,19,28,35,25,26;1,35,27,19,2;2,19,20,30,3,12;3,29,20,11,21,31,4;4,30,21,22,6,15,5;6,22,23,24,33;6,32,24,34,7;7,33,24,35,8;0,8,34,24,5,25,27,28,1
torus495 36 8,10,27,25,35;2,28,18,27,10;1,10,4,31,3,29,28;2,31,30,20,29;2,10,11,13,5,31;4,13,14,7,31;7,14,15,16,22,32;5,14,6,32,31;0,35,17,9,10;8,17,18,19,10;0,8,9,19,20,30,21,11,4,2,1,27;4,10,21,32,13;13,32,22,23,14;4,11,32,12,14,5;5,13,12,23,33,24,15,6,7;6,14,24,25,16;6,15,25,26,22;8,35,34,33,23,22,26,27,18,9;1,28,19,9,17,27;9,18,28,29,20,10;3,30,10,19,29;10,30,31,32,11;6,16,26,17,23,12,32;12,22,17,33,14;14,33,34,25,15;0,27,26,16,15,24,34,35;16,25,27,17,22;0,10,1,18,17,26,25;1,2,29,19,18;2,3,20,19,28;3,31,21,10,20;2,4,5,7,32,21,30,3;6,22,12,13,11,21,31,7;14,23,17,34,24;17,35,25,24,33;0,25,34,17,8
torus496 36 1,21,10,27,28;0,28,2,12,21;1,28,29,19,20,3,33,4,13,12;2,20,30,24,33;2,33,34,5,13;4,34,6,15,14,13;5,34,35,7,16,15;6,35,8,17,16;7,35,9,18,17;8,35,10,29,18;0,21,19,29,9,35,27;19,21,31,30,20;1,2,13,22,21;2,4,5,14,23,22,12;5,15,24,23,13;5,6,16,24,14;6,7,17,26,25,24,15;7,8,18,26,16;8,9,29,28,26,17;2,29,10,21,11,20;2,19,11,30,3;0,1,12,22,32,31,11,19,10;12,13,23,32,21;13,14,24,32,22;3,30,31,32,23,14,15,16,25,34,33;16,26,35,34,24;16,17,18,28,27,35,25;0,10,35,26,28;0,27,26,18,29,2,1;2,28,18,9,10,19;3,20,11,31,24;11,21,32,24,30;21,22,23,24,31;2,3,24,34,4;4,33,24,25,35,6,5;6,34,25,26,27,10,9,8,7
torus497 36 1,10,8,35,27;0,27,28,2,14,12,11,20,19,10;1,28,16,3,14;2,16,29,30,14;5,24,34,23,14,30,31;4,31,32,15,24;7,32,22,23,33;6,33,8,17,16,32;0,10,9,17,7,33,34,35;8,10,19,18,17;0,1,19,9,8;1,12,31,21,20;1,14,13,31,11;12,14,23,22,31;1,2,3,30,4,23,13,12;5,32,16,25,24;2,28,26,25,15,32,7,17,18,29,3;7,8,9,18,16;9,19,29,16,17;1,20,29,18,9,10;1,11,21,29,19;11,31,30,29,20;6,32,31,13,23;4,34,33,6,22,13,14;4,5,15,25,35,34;15,16,26,35,24;16,28,27,35,25;0,35,26,28,1;1,27,26,16,2;3,16,18,19,20,21,30;3,29,21,31,4,14;4,30,21,11,12,13,22,32,5;5,31,22,6,7,16,15;6,23,34,8,7;4,24,35,8,33,23;0,8,34,24,25,26,27
torus498 36 1,9,29,10,11;0,11,21,12,28,18,27,35,8,34,9;12,22,17,19,28;4,17,22,13,5;3,5,31,30,20,10,29,17;3,13,14,15,6,7,34,8,33,32,31,4;5,15,25,16,7;5,6,16,17,34;1,35,33,5,34;0,1,34,17,29;0,29,4,20,11;0,10,20,21,1;1,21,22,2,28;3,22,23,14,5;5,13,23,24,15;5,14,24,25,6;6,25,26,17,7;2,22,3,4,29,9,34,7,16,26,19;1,28,19,26,27;2,17,26,18,28;4,30,21,11,10;1,11,20,30,22,12;2,12,21,30,31,32,23,13,3,17;13,22,32,24,14;14,23,32,33,35,27,26,25,15;6,15,24,26,16;16,25,24,27,18,19,17;1,18,26,24,35;1,12,2,19,18;0,9,17,4,10;4,31,22,21,20;4,5,32,22,30;5,33,24,23,22,31;5,8,35,24,32;1,8,5,7,17,9;1,27,24,33,8
torus499 36 1,11,13,12,22,10,19,9,27;0,27,25,28,2,11;1,28,29,3,11;2,29,30,31,4,13,11;3,31,22,5,13;4,22,16,15,14,13;7,16,22,32,33;6,33,17,26,16;17,33,34,25,35;0,19,29,35,27;0,22,21,20,19;0,1,2,3,13;0,13,23,32,22;0,11,3,4,5,14,23,12;5,15,24,23,13;5,16,25,24,14;5,22,6,7,26,25,15;7,33,8,35,29,18,26;17,29,28,25,26;0,10,20,29,9;10,21,30,29,19;10,22,31,30,20;0,12,32,6,16,5,4,31,21,10;12,13,14,24,34,33,32;14,15,25,34,23;1,27,35,8,34,24,15,16,26,18,28;7,17,18,25,16;0,9,35,25,1;1,25,18,29,2;2,28,18,17,35,9,19,20,30,3;3,29,20,21,31;3,30,21,22,4;6,22,12,23,33;6,32,23,34,8,17,7;8,33,23,24,25;8,25,27,9,29,17
torus500 36 6,15,16,7,8,9,10,35,34,24,33;2,28,17,27,10;1,10,11,4,29,28;4,30,20,19,29;2,11,5,31,30,3,29;4,11,13,16,15,31;0,33,32,21,15;0,16,14,18,8;0,7,18,17,9;0,8,17,19,10;0,9,19,11,2,1,27,26,35;2,10,19,20,21,22,12,13,5,4;11,22,23,14,13;5,11,12,14,16;7,16,13,12,23,24,34,25,18;0,6,21,31,5,16;0,15,5,13,14,7;1,28,19,9,8,18,27;7,14,25,26,27,17,8;3,20,11,10,9,17,28,29;3,30,21,11,19;6,32,22,11,20,30,31,15;11,21,32,23,12;12,22,32,33,24,14;0,34,14,23,33;14,34,35,26,18;10,27,18,25,35;1,17,18,26,10;1,2,29,19,17;2,4,3,19,28;3,4,31,21,20;4,5,15,21,30;6,33,23,22,21;0,24,23,32,6;0,35,25,14,24;0,10,26,25,34
torus501 36 1,10,9,8,35;0,35,27,2,12,13,10;1,27,28,29,3,15,12;2,29,20,30,15;12,15,25,14,13;6,15,30,31,32;5,32,23,33,7,16,35,25,15;6,33,9,17,16;0,9,24,34,35;0,10,19,17,7,33,24,8;0,1,13,19,9;13,21,30,20,19;1,2,15,4,13;1,12,4,14,24,22,21,11,19,10;4,25,34,24,13;2,3,30,5,6,25,4,12;6,7,17,26,35;7,9,19,26,16;19,28,27,35,26;9,10,13,11,20,29,28,18,26,17;3,29,19,11,30;11,13,22,31,30;13,24,23,32,31,21;6,32,22,24,33;8,9,33,23,22,13,14,34;4,15,6,35,34,14;16,17,19,18,35;1,35,18,28,2;2,27,18,19,29;2,28,19,20,3;3,20,11,21,31,5,15;5,30,21,22,32;5,31,22,23,6;6,23,24,9,7;8,24,14,25,35;0,8,34,25,6,16,26,18,27,1
torus502 36 1,8,9,10,30;0,30,22,12,21,2,28,27,35,34,8;1,21,20,29,28;4,31,30,10,17,11,13,14;3,14,24,5,31;4,24,15,6,31;5,15,16,26,7,32,30,31;6,26,17,33,32;0,1,34,33,9;0,8,33,17,10;0,9,17,3,30;3,17,20,21,12,13;1,22,13,11,21;3,11,12,22,23,33,14;3,13,33,24,4;5,24,33,16,6;6,15,33,25,26;3,10,9,33,7,26,20,11;19,26,25,35,27;18,27,28,29,26;2,21,11,17,26,29;1,12,11,20,2;1,30,23,13,12;13,22,30,32,33;4,14,33,15,5;16,33,34,35,18,26;6,16,25,18,19,29,20,17,7;1,28,19,18,35;1,2,29,19,27;2,20,26,19,28;0,10,3,31,6,32,23,22,1;3,4,5,6,30;6,7,33,23,30;7,17,9,8,34,25,16,15,24,14,13,23,32;1,35,25,33,8;1,27,18,25,34
torus503 36 8,9,35,19,23;2,18,17,27,33,10,21,11;1,11,13,3,28,18;2,13,23,19,28;14,30,29,23,24;6,32,31,30,25,15,18;5,18,35,7,23,32;6,35,33,24,23;0,23,20,10,9;0,8,10,33,35;1,33,9,8,20,21;1,21,12,13,2;11,21,22,23,13;2,11,12,23,3;4,24,34,25,30;5,25,16,17,18;15,25,26,27,17;1,18,15,16,27;1,2,28,35,6,5,15,17;0,35,28,3,23;8,23,29,21,10;1,10,20,29,31,22,12,11;12,21,31,32,23;0,19,3,13,12,22,32,6,7,24,4,29,20,8;4,23,7,33,34,14;5,30,14,34,26,16,15;16,25,34,33,27;1,17,16,26,33;2,3,19,35,18;4,30,31,21,20,23;4,14,25,5,31,29;5,32,22,21,29,30;5,6,23,22,31;1,27,26,34,24,7,35,9,10;14,24,33,26,25;0,9,33,7,6,18,28,19
torus504 36 8,17,9,10,35;23,28,27,26,25;3,19,9,11,12;2,12,13,30,20,19;6,31,30,13,14;6,16,7,33,32,31;4,14,15,34,16,5,31;5,16,17,8,33;0,35,34,24,33,7,17;0,17,18,29,11,2,19,10;0,9,19,20,35;2,9,29,23,12;2,11,23,13,3;3,12,23,14,4,30;4,13,23,15,6;6,14,23,24,34;5,6,34,35,21,25,26,17,7;0,8,7,16,26,27,18,9;9,17,27,28,29;2,3,20,10,9;3,30,35,10,19;16,35,22,23,25;21,35,32,33,23;1,25,21,22,33,24,15,14,13,12,11,29,28;8,34,15,23,33;1,26,16,21,23;1,27,17,16,25;1,28,18,17,26;1,23,29,18,27;9,18,28,23,11;3,13,4,31,32,35,20;4,6,5,32,30;5,33,22,35,30,31;5,7,8,24,23,22,32;6,15,24,8,35,16;0,10,20,30,32,22,21,16,34,8
torus505 36 8,9,10,11,21,12,28,27,35;3,18,12,13,4;3,30,29,17,18;1,4,8,31,11,30,2,18;1,13,14,8,3;6,32,22,31,8,34,15;5,15,16,7,32;6,16,17,9,8,24,33,32;0,35,34,5,31,3,4,14,24,7,9;0,8,7,17,19,10;0,9,19,20,11;0,10,20,30,3,31,21;0,21,22,32,33,23,13,1,18,28;1,12,23,14,4;4,13,23,24,8;5,34,25,16,6;6,15,25,26,17,7;2,29,19,9,7,16,26,27,28,18;1,3,2,17,28,12;9,17,29,20,10;10,19,29,30,11;0,11,31,22,12;5,32,12,21,31;12,33,24,14,13;7,8,14,23,33;15,34,35,26,16;16,25,35,27,17;0,28,17,26,35;0,12,18,17,27;2,30,20,19,17;2,3,11,20,29;3,8,5,22,21,11;5,6,7,33,12,22;7,24,23,12,32;5,8,35,25,15;0,27,26,25,34,8
torus506 36 8,9,19,10,27;11,13,29,28,27;12,24,30,15,13;4,31,30,23,29,13;3,13,14,5,31;4,14,6,21,31;5,14,33,34,32,21;13,15,35,34,33;0,27,16,17,9;0,8,17,18,19;0,19,20,21,27;1,27,21,12,13;2,13,11,21,22,24;1,11,12,2,15,7,33,14,4,3,29;4,13,33,6,5;2,30,35,7,13;8,27,25,30,17;8,16,30,18,9;9,17,30,20,19;0,9,18,20,10;10,19,18,30,21;5,6,32,22,12,11,27,10,20,30,31;12,21,32,23,24;3,30,24,22,32,34,28,29;2,12,22,23,30;16,27,26,35,30;25,27,28,34,35;0,10,21,11,1,28,26,25,16,8;1,29,23,34,26,27;1,13,3,23,28;2,24,23,3,31,21,20,18,17,16,25,35,15;3,4,5,21,30;6,34,23,22,21;6,14,13,7,34;6,33,7,35,26,28,23,32;7,15,30,25,26,34
torus507 35 1,7,6,34,28;0,28,29,2,9,8,7;1,29,30,3,10,9;2,30,31,4,11,10;3,31,32,5,12,11;4,32,33,6,13,12;0,7,13,5,33,34;0,1,8,15,14,13,6;1,9,16,15,7;1,2,10,17,16,8;2,3,11,18,17,9;3,4,12,19,18,10;4,5,13,20,19,11;5,6,7,14,20,12;7,15,22,21,20,13;7,8,16,23,22,14;8,9,17,24,23,15;9,10,18,25,24,16;10,11,19,26,25,17;11,12,20,27,26,18;12,13,14,21,27,19;14,22,29,28,27,20;14,15,23,30,29,21;15,16,24,31,30,22;16,17,25,32,31,23;17,18,26,33,32,24;18,19,27,34,33,25;19,20,21,28,34,26;0,34,27,21,29,1;1,28,21,22,30,2;2,29,22,23,31,3;3,30,23,24,32,4;4,31,24,25,33,5;5,32,25,26,34,6;0,6,33,26,27,28
torus508 35 1,8,7,6,34,28;0,28,29,2,9,8;1,29,30,3,10,9;2,30,31,4,11,10;3,31,32,5,12,11;4,32,33,6,13,12;0,7,13,5,33,34;0,8,15,14,13,6;0,1,9,16,15,7;1,2,10,17,16,8;2,3,11,19,18,17,9;3,4,12,19,10;4,5,13,20,19,11;5,6,7,14,20,12;7,15,22,21,20,13;7,8,16,23,22,14;8,9,17,24,23,15;9,10,18,25,24,16;10,19,26,25,17;10,11,12,20,27,34,26,18;12,13,14,21,27,19;14,22,29,28,27,20;14,15,23,30,29,21;15,16,24,31,30,22;16,17,25,31,23;17,18,26,33,32,31,24;18,19,34,33,25;19,20,21,28,34;0,34,27,21,29,1;1,28,21,22,30,2;2,29,22,23,31,3;3,30,23,24,25,32,4;4,31,25,33,5;5,32,25,26,34,6;0,6,33,26,19,27,28
torus509 35 1,8,7,6,34,28;0,28,29,2,9,8;1,29,3,10,9;2,29,30,31,4,11,10;3,31,32,5,12,11;4,32,33,6,13,12;0,7,13,5,33,34;0,8,15,14,13,6;0,1,9,16,15,7;1,2,10,17,16,8;2,3,11,17,9;3,4,12,19,18,17,10;4,5,13,20,19,11;5,6,7,14,20,12;7,15,22,21,20,13;7,8,16,23,22,14;8,9,17,24,31,23,15;9,10,11,18,25,24,16;11,19,26,25,17;11,12,20,27,26,18;12,13,14,21,27,19;14,22,29,28,27,20;14,15,23,30,29,21;15,16,31,30,22;16,17,25,32,31;17,18,26,33,32,24;18,19,27,34,33,25;19,20,21,28,34,26;0,34,27,21,29,1;1,28,21,22,30,3,2;3,29,22,23,31;3,30,23,16,24,32,4;4,31,24,25,33,5;5,32,25,26,34,6;0,6,33,26,27,28
torus510 35 1,8,7,6,34,28;0,28,29,2,9,16,8;1,29,22,30,3,10,9;2,30,31,4,11,10;3,31,32,5,12,11;4,32,33,6,13,12;0,7,13,5,33,34;0,8,15,14,13,6;0,1,16,15,7;1,2,10,17,16;2,3,11,18,17,9;3,4,12,19,18,10;4,5,13,20,19,11;5,6,7,14,20,12;7,15,22,21,20,13;7,8,16,23,22,14;1,9,17,24,23,15,8;9,10,18,25,24,16;10,11,19,26,25,17;11,12,20,27,26,18;12,13,14,21,27,19;14,22,29,28,27,20;2,29,21,14,15,23,30;15,16,24,31,30,22;16,17,25,32,31,23;17,18,26,33,32,24;18,19,27,33,25;19,20,21,28,34,33,26;0,34,27,21,29,1;1,28,21,22,2;2,22,23,31,3;3,30,23,24,32,4;4,31,24,25,33,5;5,32,25,26,27,34,6;0,6,33,27,28
torus511 35 1,8,7,6,34,28;0,28,29,2,9,8;1,29,30,3,10,9;2,30,31,4,11,10;3,31,32,5,12,11;4,32,33,6,13,12;0,7,13,5,33,34;0,8,15,14,13,6;0,1,9,16,15,7;1,2,10,17,16,8;2,3,11,18,17,9;3,4,12,19,18,10;4,5,13,20,19,11;5,6,7,14,20,12;7,15,22,20,13;7,8,16,23,22,14;8,9,17,24,23,15;9,10,18,25,24,16;10,11,19,26,25,17;11,12,20,27,26,18;12,13,14,22,21,27,19;20,22,29,28,27;14,15,23,30,29,21,20;15,16,24,31,30,22;16,17,25,32,31,23;17,18,26,32,24;18,19,27,33,32,25;19,20,21,28,34,33,26;0,34,27,21,29,1;1,28,21,22,30,2;2,29,22,23,31,3;3,30,23,24,32,4;4,31,24,25,26,33,5;5,32,26,27,34,6;0,6,33,27,28
torus512 35 1,9,8,7,6,34,28;0,28,29,2,9;1,29,30,3,10,9;2,30,31,4,11,10;3,31,32,5,12,11;4,32,33,6,13,20,12;0,7,13,5,33,34;0,8,15,14,13,6;0,9,16,15,7;0,1,2,10,17,16,8;2,3,11,18,17,9;3,4,12,19,18,10;4,5,20,19,11;5,6,7,14,20;7,15,22,21,20,13;7,8,16,23,22,14;8,9,17,24,23,15;9,10,18,25,24,16;10,11,19,26,25,17;11,12,20,27,26,18;5,13,14,21,28,27,19,12;14,22,29,28,20;14,15,23,30,29,21;15,16,24,31,30,22;16,17,25,32,31,23;17,18,26,33,32,24;18,19,27,34,33,25;19,20,28,34,26;0,34,27,20,21,29,1;1,28,21,22,30,2;2,29,22,23,31,3;3,30,23,24,32,4;4,31,24,25,33,5;5,32,25,26,34,6;0,6,33,26,27,28
torus513 35 1,8,7,6,34,28;0,28,29,2,9,8;1,29,30,3,10,9;2,30,31,4,11,10;3,31,32,5,12,11;4,32,25,33,6,13,12;0,7,13,5,33,34;0,8,15,14,13,6;0,1,9,16,15,7;1,2,10,17,16,8;2,3,11,18,17,9;3,4,12,19,18,10;4,5,13,20,19,11;5,6,7,14,20,12;7,15,22,21,20,13;7,8,16,23,22,14;8,9,17,24,23,15;9,10,18,25,24,16;10,11,19,26,25,17;11,12,20,27,34,26,18;12,13,14,21,27,19;14,22,29,28,27,20;14,15,23,30,29,21;15,16,24,32,31,30,22;16,17,25,32,23;5,32,24,17,18,26,33;18,19,34,33,25;19,20,21,28,34;0,34,27,21,29,1;1,28,21,22,30,2;2,29,22,23,31,3;3,30,23,32,4;4,31,23,24,25,5;5,25,26,34,6;0,6,33,26,19,27,28
torus514 35 1,8,15,7,6,28,29;0,29,2,9,8;1,29,30,3,10,17,9;2,30,31,4,11,10;3,31,32,5,13,12,11;4,32,33,34,6,13;0,7,13,5,34,28;0,15,14,13,6;0,1,9,16,15;1,2,17,16,8;2,3,11,19,18,17;3,4,12,19,10;4,13,20,19,11;4,5,6,7,14,20,12;7,15,22,29,21,20,13;0,8,16,24,23,22,14,7;8,9,17,24,15;2,10,18,25,24,16,9;10,19,26,25,17;10,11,12,20,27,26,18;12,13,14,21,27,19;14,29,28,27,20;14,15,23,30,29;15,24,31,30,22;15,16,17,25,33,32,31,23;17,18,26,33,24;18,19,27,34,33,25;19,20,21,28,34,26;0,6,34,27,21,29;0,28,21,14,22,30,2,1;2,29,22,23,31,3;3,30,23,24,32,4;4,31,24,33,5;5,32,24,25,26,34;5,33,26,27,28,6
torus515 35 1,8,7,34,28;0,28,29,30,2,9,8;1,30,3,10,9;2,30,4,11,10;3,30,31,32,5,12,11;4,32,33,6,13,12;5,33,34,7,13;0,8,16,15,14,13,6,34;0,1,9,16,7;1,2,10,17,16,8;2,3,11,18,17,9;3,4,12,19,18,10;4,5,13,20,19,11;5,6,7,14,20,12;7,15,22,20,13;7,16,23,22,14;7,8,9,17,24,23,15;9,10,18,25,32,24,16;10,11,19,26,25,17;11,12,20,27,26,18;12,13,14,22,21,27,19;20,22,29,28,27;14,15,23,30,29,21,20;15,16,24,31,30,22;16,17,32,31,23;17,18,26,33,32;18,19,27,34,33,25;19,20,21,28,34,26;0,34,27,21,29,1;1,28,21,22,30;1,29,22,23,31,4,3,2;4,30,23,24,32;4,31,24,17,25,33,5;5,32,25,26,34,6;0,7,6,33,26,27,28
torus516 35 1,8,7,6,34,28;0,28,29,2,9,8;1,29,30,3,10,17,9;2,30,31,4,12,11,10;3,31,24,32,5,12;4,32,33,6,12;0,7,13,12,5,33,34;0,8,15,14,13,6;0,1,9,16,15,7;1,2,17,16,8;2,3,11,18,17;3,12,19,18,10;3,4,5,6,13,20,27,19,11;6,7,14,20,12;7,15,22,21,20,13;7,8,16,23,22,14;8,9,17,25,24,23,15;2,10,18,25,16,9;10,11,19,26,25,17;11,12,27,26,18;12,13,14,21,27;14,22,29,27,20;14,15,23,31,30,29,21;15,16,24,31,22;4,31,23,16,25,32;16,17,18,26,33,32,24;18,19,27,34,33,25;12,20,21,29,28,34,26,19;0,34,27,29,1;1,28,27,21,22,30,2;2,29,22,31,3;3,30,22,23,24,4;4,24,25,33,5;5,32,25,26,34,6;0,6,33,26,27,28
torus517 35 1,8,7,6,34,28;0,28,10,9,8;3,11,10,28,29,30;2,30,23,31,4,11;3,31,32,5,12,11;4,32,33,6,13,12;0,7,13,5,33,26,34;0,8,15,14,13,6;0,1,9,16,15,7;1,10,17,16,8;1,28,2,11,18,17,9;2,3,4,12,19,18,10;4,5,13,20,19,11;5,6,7,14,20,12;7,15,22,21,27,20,13;7,8,16,23,22,14;8,9,17,24,23,15;9,10,18,25,32,24,16;10,11,19,26,25,17;11,12,20,27,34,26,18;12,13,14,27,19;14,22,29,28,34,27;14,15,23,30,29,21;3,30,22,15,16,24,31;16,17,32,31,23;17,18,26,33,32;6,33,25,18,19,34;14,21,34,19,20;0,34,21,29,2,10,1;2,28,21,22,30;2,29,22,23,3;3,23,24,32,4;4,31,24,17,25,33,5;5,32,25,26,6;0,6,26,19,27,21,28
torus518 35 1,8,7,13,6,34,28;0,28,29,2,9,8;1,29,30,3,9;2,30,31,32,4,11,10,9;3,32,5,12,11;4,32,6,13,12;0,13,5,32,33,34;0,8,15,14,20,13;0,1,9,16,15,7;1,2,3,10,17,24,16,8;3,11,18,17,9;3,4,12,19,18,10;4,5,13,19,11;0,7,20,19,12,5,6;7,15,22,21,20;7,8,16,23,22,14;8,9,24,23,15;9,10,18,25,32,24;10,11,19,25,17;11,12,13,20,27,26,25,18;7,14,21,27,19,13;14,22,29,27,20;14,15,23,30,29,21;15,16,24,31,30,22;9,17,32,31,23,16;17,18,19,26,33,32;19,27,34,33,25;19,20,21,29,28,34,26;0,34,27,29,1;1,28,27,21,22,30,2;2,29,22,23,31,3;3,30,23,24,32;3,31,24,17,25,33,6,5,4;6,32,25,26,34;0,6,33,26,27,28
torus519 35 1,8,7,6,34,28;0,28,29,2,9,16,8;1,29,3,10,9;2,29,30,4,11,10;3,30,31,32,12,11;6,13,20,12,32,33;0,7,13,5,33,34;0,8,15,14,13,6;0,1,16,15,7;1,2,10,17,16;2,3,11,18,17,9;3,4,12,20,19,18,10;4,32,5,20,11;5,6,7,14,20;7,15,22,20,13;7,8,16,23,22,14;1,9,17,24,23,15,8;9,10,18,26,25,24,16;10,11,19,27,26,17;11,20,21,27,18;5,13,14,22,21,19,11,12;19,20,22,29,28,27;14,15,23,30,29,21,20;15,16,24,31,30,22;16,17,25,32,31,23;17,26,33,32,24;17,18,27,34,33,25;18,19,21,28,34,26;0,34,27,21,29,1;1,28,21,22,30,3,2;3,29,22,23,31,4;4,30,23,24,32;4,31,24,25,33,5,12;5,32,25,26,34,6;0,6,33,26,27,28
torus520 35 6,7,8,28,34;2,30,29,8,9;1,9,10,11,3,30;2,11,31,23,30;5,32,31,11,12;4,12,13,6,33,32;0,34,33,5,13,7;0,6,13,15,8;0,7,15,16,9,1,29,28;1,8,16,17,18,10,2;2,9,18,12,11;2,10,12,4,31,3;4,11,10,18,19,20,13,5;5,12,20,14,24,15,7,6;13,20,21,22,24;7,13,24,16,8;8,15,24,17,9;9,16,24,25,18;9,17,25,19,12,10;12,18,25,26,20;12,19,26,27,21,14,13;14,20,27,28,29,22;14,21,29,23,25,24;3,31,25,22,29,30;13,14,22,25,17,16,15;17,24,22,23,31,32,33,34,26,19,18;19,25,34,27,20;20,26,34,28,21;0,8,29,21,27,34;1,30,23,22,21,28,8;1,2,3,23,29;3,11,4,32,25,23;4,5,33,25,31;5,6,34,25,32;0,28,27,26,25,33,6
torus521 35 7,8,9,28,34;2,30,29,21,28,9;1,9,10,3,30;2,10,11,4,31,30;3,11,12,5,32,31;4,12,13,6,33,32;5,13,7,34,27,26,33;0,34,6,13,14,15,8;0,7,15,16,9;0,8,16,17,10,2,1,28;2,9,17,18,11,3;3,10,18,12,4;4,11,18,13,5;5,12,18,19,20,14,7,6;7,13,20,22,23,15;7,14,23,16,8;8,15,23,24,17,9;9,16,24,25,18,10;10,17,25,26,19,13,12,11;13,18,26,27,20;13,19,27,21,22,14;1,29,22,20,27,28;14,20,21,29,23;14,22,29,30,31,24,16,15;16,23,31,32,33,25,17;17,24,33,26,18;6,27,19,18,25,33;6,34,28,21,20,19,26;0,9,1,21,27,34;1,30,23,22,21;1,2,3,31,23,29;3,4,32,24,23,30;4,5,33,24,31;5,6,26,25,24,32;0,28,27,6,7
torus522 35 1,8,6,34,28;0,28,29,2,8;1,29,30,3,10,9,8;2,30,11,18,10;5,11,30,31,32,33;4,33,34,6,13,12,11;0,8,7,14,13,5,34;6,8,9,15,14;0,1,2,9,7,6;2,10,16,15,7,8;2,3,18,17,16,9;3,30,4,5,12,19,18;5,13,20,19,11;5,6,14,21,20,12;6,7,15,22,29,21,13;7,9,16,23,22,14;9,10,17,24,23,15;10,18,25,24,16;3,11,19,26,34,33,25,17,10;11,12,20,27,26,18;12,13,21,27,19;13,14,29,27,20;14,15,23,31,30,29;15,16,24,32,31,22;16,17,25,32,23;17,18,33,32,24;18,19,27,28,34;19,20,21,29,28,26;0,34,26,27,29,1;1,28,27,21,14,22,30,2;2,29,22,31,4,11,3;4,30,22,23,32;4,31,23,24,25,33;4,32,25,18,34,5;0,6,5,33,18,26,28
torus523 35 1,7,6,34,29;0,29,2,10,9,8,20,7;1,29,30,3,10;2,30,31,11,18,25,10;5,13,12,31,23,24,17,32;4,32,33,6,13;0,7,13,5,33,34;0,1,20,13,6;1,9,16,15,22,20;1,10,17,16,8;1,2,3,25,17,9;3,31,12,20,19,18;4,13,20,11,31;4,5,6,7,20,12;19,20,22,21,27;8,16,24,23,22;8,9,17,24,15;4,24,16,9,10,25,32;3,11,19,26,25;11,20,14,27,26,18;1,8,22,14,19,11,12,13,7;14,22,29,28,27;8,15,23,30,29,21,14,20;4,31,30,22,15,24;4,23,15,16,17;3,18,26,33,32,17,10;18,19,27,28,34,33,25;14,21,28,26,19;21,29,34,26,27;0,34,28,21,22,30,2,1;2,29,22,23,31,3;3,30,23,4,12,11;4,17,25,33,5;5,32,25,26,34,6;0,6,33,26,28,29
torus524 35 6,13,7,8,28;2,29,21,13,27,28,8;1,8,9,10,3,29;2,10,11,12,30,29;5,32,31,12,20;4,20,13,33,32;0,28,34,33,13;0,13,14,15,8;0,7,15,16,9,2,1,28;2,8,16,17,10;2,9,17,25,18,11,3;3,10,18,19,12;3,11,19,20,4,31,30;0,6,33,5,20,27,1,21,14,7;7,13,21,23,15;7,14,23,16,8;8,15,23,17,9;9,16,23,24,32,25,10;10,25,26,27,19,11;11,18,27,20,12;4,12,19,27,13,5;1,29,22,23,14,13;21,29,30,24,23;14,21,22,24,17,16,15;17,23,22,30,31,32;10,17,32,33,26,18;18,25,33,34,27;1,13,20,19,18,26,34,28;0,8,1,27,34,6;1,2,3,30,22,21;3,12,31,24,22,29;4,32,24,30,12;4,5,33,25,17,24,31;5,13,6,34,26,25,32;6,28,27,26,33
torus525 35 1,8,7,6,28;0,28,29,2,8;1,29,22,3,10,9,8;2,22,30,31,4,11,19,18,10;3,31,32,5,11;4,32,6,13,12,11;0,7,22,14,13,5,32,28;0,8,15,22,6;0,1,2,9,16,15,7;2,10,25,17,16,8;2,3,18,25,9;3,4,5,12,19;5,13,20,27,19,11;5,6,14,20,12;6,22,21,20,13;7,8,16,23,22;8,9,17,24,23,15;9,25,32,24,16;3,19,26,25,10;3,11,12,27,34,26,18;12,13,14,21,27;14,22,29,28,27,20;2,29,21,14,6,7,15,23,30,3;15,16,24,30,22;16,17,32,31,30,23;9,10,18,26,33,32,17;18,19,34,33,25;12,20,21,28,34,19;0,6,32,33,34,27,21,29,1;1,28,21,22,2;3,22,23,24,31;3,30,24,32,4;4,31,24,17,25,33,28,6,5;25,26,34,28,32;19,27,28,33,26
torus526 35 1,7,6,34,28;0,28,2,8,7;1,28,29,30,3,9,8;2,30,18,10,17,9;5,12,11,31,32;4,32,33,34,6,13,12;0,7,13,5,34;0,1,8,16,15,14,20,13,6;1,2,9,16,7;2,3,17,16,8;3,18,26,25,24,17;4,12,18,30,31;4,5,13,20,19,18,11;5,6,7,20,12;7,15,22,29,21,20;7,16,17,23,22,14;7,8,9,17,15;3,10,24,23,15,16,9;3,30,11,12,19,26,10;12,20,21,27,34,33,26,18;7,14,21,19,12,13;14,29,27,19,20;14,15,23,30,29;15,17,24,30,22;10,25,32,31,30,23,17;10,26,33,32,24;10,18,19,33,25;19,21,29,28,34;0,34,27,29,2,1;2,28,27,21,14,22,30;2,29,22,23,24,31,11,18,3;4,11,30,24,32;4,31,24,25,33,5;5,32,25,26,19,34;0,6,5,33,19,27,28
torus527 35 6,8,28,27,34;2,29,28,8,9;1,9,18,10,30,22,21,29;10,11,12,31,24,30;5,33,32,31,12,13;4,13,7,6,33;0,34,33,5,7,8;5,13,14,15,8,6;0,6,7,15,16,9,1,28;1,8,16,17,18,2;2,18,11,3,30;3,10,18,19,12;3,11,19,27,20,13,4,31;4,12,20,14,7,5;7,13,20,21,22,15;7,14,22,23,16,8;8,15,23,17,9;9,16,23,24,18;2,9,17,24,25,26,19,11,10;11,18,26,34,27,12;12,27,21,14,13;2,22,14,20,27,29;2,30,23,15,14,21;15,22,30,24,17,16;3,31,32,25,18,17,23,30;18,24,32,33,26;18,25,33,34,19;0,28,29,21,20,12,19,34;0,8,1,29,27;1,2,21,27,28;2,10,3,24,23,22;3,12,4,32,24;4,33,25,24,31;4,5,6,34,26,25,32;0,27,19,26,33,6
torus528 35 1,8,7,13,6,28;0,28,29,9,8;3,9,29,30,31;2,31,5,4,12,19,11,9;3,5,33,34,6,12;3,31,32,33,4;0,13,12,4,34,27,28;0,8,15,14,13;0,1,9,15,7;1,29,2,3,11,10,17,16,15,8;9,11,18,25,17;3,19,27,26,18,10,9;3,4,6,13,20,19;0,7,14,20,12,6;7,15,23,22,21,28,27,20,13;7,8,9,16,23,14;9,17,24,23,15;9,10,25,24,16;10,11,26,33,25;3,12,20,27,11;12,13,14,27,19;14,22,30,29,28;14,23,31,30,21;14,15,16,24,31,22;16,17,25,32,31,23;10,18,33,32,24,17;11,27,34,33,18;6,34,26,11,19,20,14,28;0,6,27,14,21,29,1;1,28,21,30,2,9;2,29,21,22,31;2,30,22,23,24,32,5,3;5,31,24,25,33;4,5,32,25,18,26,34;4,33,26,27,6
torus529 35 1,8,7,6,29;0,29,2,9,8;1,29,30,3,10,9;2,30,23,31,4,10;3,31,32,5,12,11,10;4,32,33,13,12;0,7,13,33,29;0,8,15,14,20,27,12,13,6;0,1,9,15,7;1,2,10,17,16,15,8;2,3,4,11,18,25,17,9;4,12,19,18,10;4,5,13,7,27,19,11;5,33,6,7,12;7,15,22,21,20;7,8,9,16,22,14;9,17,24,31,23,22,15;9,10,25,24,16;10,11,19,26,25;11,12,27,26,18;7,14,21,28,26,27;14,22,29,28,20;14,15,16,23,30,29,21;3,30,22,16,31;16,17,25,32,31;10,18,26,32,24,17;18,19,27,20,28,34,32,25;7,20,26,19,12;20,21,29,34,26;0,6,33,34,28,21,22,30,2,1;2,29,22,23,3;3,23,16,24,32,4;4,31,24,25,26,34,33,5;5,32,34,29,6,13;26,28,29,33,32
torus530 35 6,7,8,9,28,34;2,30,29,28,9;1,9,10,3,30;2,10,11,4,31,30;3,11,12,5,33,31;4,12,13,6,33;0,34,33,5,13,7;0,6,13,14,8;0,7,14,15,9;0,8,15,16,17,18,10,2,1,28;2,9,18,11,3;3,10,18,12,4;4,11,18,26,19,20,13,5;5,12,20,14,7,6;7,13,20,21,22,15,8;8,14,22,23,16,9;9,15,23,24,17;9,16,24,25,26,18;9,17,26,12,11,10;12,26,33,27,21,20;12,19,21,14,13;14,20,19,27,28,29,22;14,21,29,23,15;15,22,29,30,31,32,24,16;16,23,32,25,17;17,24,32,33,26;12,18,17,25,33,19;19,33,34,28,21;0,9,1,29,21,27,34;1,30,23,22,21,28;1,2,3,31,23,29;3,4,33,32,23,30;23,31,33,25,24;4,5,6,34,27,19,26,25,32,31;0,28,27,33,6
torus531 35 1,7,6,34,28;0,28,29,9,8,7;3,10,9,29,22,30;2,30,24,31,4,11,10;3,31,5,12,11;4,31,32,6,13,12;0,7,13,5,32,33,26,34;0,1,8,15,22,14,13,6;1,9,16,15,7;1,29,2,10,17,16,8;2,3,11,18,17,9;3,4,12,18,10;4,5,13,20,18,11;5,6,7,14,27,20,12;7,22,21,27,13;7,8,16,23,22;8,9,17,23,15;9,10,18,23,16;10,11,12,20,19,25,24,23,17;18,20,27,26,25;12,13,27,19,18;14,22,29,28,27;2,29,21,14,7,15,23,30;15,16,17,18,24,30,22;3,30,23,18,25,33,32,31;18,19,26,33,24;6,33,25,19,27,34;13,14,21,28,34,26,19,20;0,34,27,21,29,1;1,28,21,22,2,9;2,22,23,24,3;3,24,32,5,4;5,31,24,33,6;6,32,24,25,26;0,6,26,27,28
torus532 35 1,8,7,13,19,12,6,34,28,21,29;0,29,11,2,8;1,11,10,9,8;4,11,29,15,30;3,30,31,12,11;6,12,31,32,33;0,12,5,33,26,34;0,8,22,15,13;0,1,2,9,16,22,7;2,10,17,23,16,8;2,11,18,17,9;1,29,3,4,12,19,18,10,2;0,19,11,4,31,5,6;0,7,15,20,19;15,21,28,27,20;3,29,21,14,20,13,7,22,30;8,9,23,30,22;9,10,18,27,23;10,11,19,27,17;0,13,20,27,18,11,12;13,15,14,27,19;0,28,14,15,29;7,8,16,30,15;9,17,27,24,30,16;23,27,25,32,31,30;24,27,26,33,32;6,33,25,27,34;14,28,34,26,25,24,23,17,18,19,20;0,34,27,14,21;0,21,15,3,11,1;3,15,22,16,23,24,31,4;4,30,24,32,5,12;5,31,24,25,33;5,32,25,26,6;0,6,26,27,28
torus533 35 1,2,3,30,29,21,20,27,28,34,6,16;0,16,8,9,2;0,1,9,10,3;0,2,10,4,30;3,10,11,31,30;6,33,32,12,20,13;0,34,33,5,13,7,16;6,13,14,15,16;1,16,25,17,9;1,8,17,10,2;2,9,17,18,11,4,3;4,10,18,12,31;5,32,31,11,18,19,20;5,20,14,7,6;7,13,20,21,15;7,14,21,22,16;0,6,7,15,22,23,24,25,8,1;8,25,18,10,9;10,17,25,26,19,12,11;12,18,26,27,20;0,21,14,13,5,12,19,27;0,29,22,15,14,20;15,21,29,23,16;16,22,29,30,24;16,23,30,31,32,25;8,16,24,32,33,34,28,26,18,17;18,25,28,27,19;0,20,19,26,28;0,27,26,25,34;0,30,23,22,21;0,3,4,31,24,23,29;4,11,12,32,24,30;5,33,25,24,31,12;5,6,34,25,32;0,28,25,33,6
torus534 35 3,23,16,7,13,34,27,19,8,17,24,31;2,9,29,22,30;1,30,3,10,9;0,31,10,2,30,23;11,24,25,32,12;6,13,12,32,33;5,33,26,34,13;0,16,15,14,13;0,19,29,9,17;1,2,10,17,8,29;2,3,31,11,18,17,9;4,12,13,20,18,10,31,24;4,32,5,13,11;0,7,14,20,11,12,5,6,34;7,15,21,20,13;7,16,22,21,14;0,23,22,15,7;0,8,9,10,18,25,24;10,11,20,19,25,17;0,27,25,18,20,28,29,8;11,13,14,21,28,19,18;14,15,22,28,20;1,29,28,21,15,16,23,30;0,3,30,22,16;0,17,25,4,11,31;4,24,17,18,19,27,26,33,32;6,33,25,27,34;0,34,26,25,19;19,20,21,22,29;1,9,8,19,28,22;1,22,23,3,2;0,24,11,10,3;4,25,33,5,12;5,32,25,26,6;0,13,6,26,27
torus535 35 1,2,29,34,6,7,8;0,8,16,3,2;0,1,3,23,30,29;1,16,9,10,11,12,22,23,2;12,32,17,31,22;12,27,20,34,33;0,34,20,13,7;0,6,13,15,8;0,7,15,16,1;3,16,24,17,10;3,9,17,18,11;3,10,18,19,12;3,11,19,27,5,33,32,4,22;6,20,14,15,7;13,20,27,21,22,15;7,13,14,22,31,24,16,8;1,8,15,24,9,3;4,32,25,18,10,9,24,31;10,17,25,19,11;11,18,25,27,12;5,27,14,13,6,34;14,27,26,28,30,23,22;3,12,4,31,15,14,21,23;2,3,22,21,30;9,16,15,31,17;17,32,33,34,26,27,19,18;21,27,25,34,28;5,12,19,25,26,21,14,20;21,26,34,29,30;0,2,30,28,34;2,23,21,28,29;4,17,24,15,22;4,12,33,25,17;5,34,25,32,12;0,29,28,26,25,33,5,20,6
torus536 35 1,9,7,6,34,28;0,28,29,2,9;1,29,14,18,10,17,9;4,11,19,20,18,14,22,30,31;3,31,32,5,11;4,32,13,12,11;0,7,32,25,33,34;0,9,13,32,6;9,15,14,21,20;0,1,2,17,15,8,20,19,12,13,7;2,18,32,16,17;3,4,5,12,19;5,13,9,19,11;5,32,7,9,12;2,29,21,8,15,22,3,18;8,9,17,16,23,22,14;10,32,24,23,15,17;2,10,16,15,9;2,14,3,20,26,25,32,10;3,11,12,9,20;3,19,9,8,21,26,18;8,14,29,26,20;3,14,15,23,30;15,16,24,30,22;16,32,31,30,23;6,32,18,26,33;18,20,21,29,27,33,25;26,29,28,34,33;0,34,27,29,1;1,28,27,26,21,14,2;3,22,23,24,31;3,30,24,32,4;4,31,24,16,10,18,25,6,7,13,5;6,25,26,27,34;0,6,33,27,28
torus537 35 1,14,7,6,28;0,28,29,30,2,8,14;1,30,9,24,16,8;10,30,31,32,11;5,6,12,19,32;4,32,25,33,6;0,7,12,4,5,33,34,28;0,14,13,12,6;1,2,16,15,14;2,30,17,25,32,24;3,11,18,17,30;3,32,20,26,18,10;4,6,7,13,19;7,14,20,19,12;0,1,8,15,22,21,27,20,13,7;8,16,23,22,14;2,24,23,15,8;9,30,10,18,25;10,11,26,25,17;4,12,13,20,32;11,32,19,13,14,27,34,33,26;14,22,30,29,27;14,15,23,30,21;15,16,24,31,30,22;2,9,32,31,23,16;5,32,9,17,18,26,33;11,20,33,25,18;14,21,29,34,20;0,6,34,29,1;1,28,34,27,21,30;1,29,21,22,23,31,3,10,17,9,2;3,30,23,24,32;3,31,24,9,25,5,4,19,20,11;5,25,26,20,34,6;6,33,20,27,29,28
torus538 35 7,25,32,18,26,34,28,21,29;8,29,21,22,23,9;3,11,30,23,24;2,24,31,4,11;3,31,5,19,27,11;4,31,32,33,12,28,19;7,24,12,33,25;0,29,8,24,6,25;1,9,16,24,7,29;1,23,30,27,10,17,16,8;9,27,26,18,17;2,3,4,27,30;5,33,6,24,13,20,28;12,24,15,14,20;13,15,22,21,20;13,24,23,22,14;8,9,17,32,24;9,10,18,32,16;0,32,17,10,26;4,5,28,34,27;12,13,14,21,28;0,28,20,14,22,1,29;1,21,14,15,23;1,22,15,24,2,30,9;2,23,15,13,12,6,7,8,16,32,31,3;0,7,6,33,32;0,18,10,27,34;4,19,34,26,10,9,30,11;0,34,19,5,12,20,21;0,21,1,8,7;2,11,27,9,23;3,24,32,5,4;0,25,33,5,31,24,16,17,18;5,32,25,6,12;0,26,27,19,28
torus539 35 1,9,2,4,21,29,28,34;0,34,16,24,9;0,9,17,11,4;4,11,12,5,32,31,30,21;0,2,11,3,21;3,12,13,6,32;5,13,21,7,34,28,27,26,33,32;6,21,14,8,34;7,14,15,16,34;0,1,24,25,17,2;17,18,26,27,29,20,19;2,17,19,12,3,4;3,11,19,20,13,5;5,12,20,21,6;7,21,22,15,8;8,14,22,23,16;1,34,8,15,23,24;2,9,25,18,10,19,11;10,17,25,33,26;10,20,12,11,17;10,29,21,13,12,19;0,4,3,30,22,14,7,6,13,20,29;14,21,30,23,15;15,22,30,31,24,16;1,16,23,31,32,33,25,9;9,24,33,18,17;6,27,10,18,33;6,28,29,10,26;0,29,27,6,34;0,21,20,10,27,28;3,31,23,22,21;3,32,24,23,30;3,5,6,33,24,31;6,26,18,25,24,32;0,28,6,7,8,16,1
torus540 35 6,7,15,28,34;3,8,17,9,10;3,4,32,23,30;1,10,12,4,2,30,29,28,15,14,8;2,3,12,5,32;4,12,13,20,32;0,34,32,20,7;0,6,20,14,15;1,3,14,20,21,16,24,17;1,17,25,18,10;1,9,18,11,12,3;10,18,26,19,13,12;3,10,11,13,5,4;5,12,11,19,20;3,15,7,20,8;0,7,14,3,28;8,21,23,31,24;1,8,24,25,9;9,25,26,11,10;11,26,27,20,13;5,13,19,27,21,8,14,7,6,32;8,20,27,25,33,22,23,16;21,33,29,30,23;2,32,31,16,21,22,30;8,16,31,25,17;9,17,24,31,32,33,21,27,26,18;11,18,25,27,19;19,26,25,21,20;0,15,3,29,34;3,30,22,33,34,28;2,23,22,29,3;16,23,32,25,24;2,4,5,20,6,34,33,25,31,23;21,25,32,34,29,22;0,28,29,33,32,6
torus541 35 1,5,4,15,6;0,6,2,34,19,33,25,5;1,6,8,10,14,29,28,34;10,18,31,24,22;0,5,32,31,11,12,7,15;0,1,25,32,4;0,15,8,2,1;4,12,13,10,22,15;2,6,15,16,10;11,31,18,17,26;2,8,16,18,3,22,7,13,14;4,31,9,26,19,34,28,27,20,12;4,11,20,13,7;7,12,20,21,14,10;2,10,13,21,29;0,4,7,22,30,23,16,8,6;8,15,23,18,10;9,18,25,33,26;3,10,16,23,25,17,9,31;1,34,11,26,33;11,27,21,13,12;13,20,27,29,14;3,24,30,15,7,10;15,30,25,18,16;3,31,32,25,30,22;1,33,17,18,23,30,24,32,5;9,17,33,19,11;11,28,29,21,20;2,29,27,11,34;2,14,21,27,28;15,22,24,25,23;3,18,9,11,4,32,24;4,5,25,24,31;1,19,26,17,25;1,2,28,11,19
torus542 35 8,25,33,34,28;2,9,28,29,30;1,30,3,33,16,10,9;2,30,23,31,11,18,33;11,31,24,17,32;6,13,12,11,32,33,25;5,25,8,7,13;6,8,14,20,13;0,28,9,10,15,14,7,6,25;1,2,10,8,28;2,16,22,15,8,9;3,31,4,32,5,12,19,18;5,13,20,19,11;5,6,7,20,12;7,8,15,19,20;8,10,22,19,14;2,33,17,29,22,10;4,24,29,16,33,32;3,11,19,26,33;11,12,20,14,15,22,21,27,26,18;7,14,19,12,13;19,22,29,28,27;10,16,29,21,19,15;3,30,29,24,31;4,31,23,29,17;0,8,6,5,33;18,19,27,34,33;19,21,28,34,26;0,34,27,21,29,1,9,8;1,28,21,22,16,17,24,23,30;1,29,23,3,2;3,23,24,4,11;4,17,33,5,11;0,25,5,32,17,16,2,3,18,26,34;0,33,26,27,28
torus543 35 6,8,34,32,33;9,28,29,22,34;9,10,31,30,28;4,24,31,10,11;3,11,19,12,5,24;4,12,27,20,13,33,32,26,24;0,33,13,14,7,8;6,14,21,15,8;0,6,7,15,34;1,34,16,25,17,10,2,28;2,9,17,18,11,3,31;3,10,18,19,4;4,19,22,27,5;5,20,14,6,33;6,13,20,21,7;7,21,23,16,34,8;9,34,15,23,25;9,25,24,18,10;10,17,24,26,34,22,19,11;4,11,18,22,12;5,27,23,21,14,13;7,14,20,23,15;1,29,27,12,19,18,34;15,21,20,27,29,24,25,16;3,4,5,26,18,17,25,23,29,30,31;9,16,23,24,17;5,32,34,18,24;5,12,22,29,23,20;1,9,2,30,29;1,28,30,24,23,27,22;2,31,24,29,28;2,10,3,24,30;0,34,26,5,33;0,32,5,13,6;0,8,15,16,9,1,22,18,26,32
torus544 16 1,5,4,3,15,12;0,12,13,2,6,5;1,13,14,3,7,6;0,4,7,2,14,10,15;0,5,9,8,7,3;0,1,6,10,9,4;1,2,7,11,10,5;2,3,4,8,11,6;4,9,13,12,11,7;4,5,10,14,13,8;3,14,9,5,6,11,15;6,7,8,12,15,10;0,15,11,8,13,1;1,12,8,9,14,2;2,13,9,10,3;0,3,10,11,12
torus545 16 1,4,3,15,12;0,12,13,2,6,5,4;1,13,14,7,6;0,4,7,14,15;0,1,5,9,8,7,3;1,6,10,9,4;1,2,7,11,10,5;2,14,3,4,8,11,6;4,9,13,11,7;4,5,10,14,13,8;5,6,11,15,14,9;6,7,8,13,12,15,10;0,15,11,13,1;1,12,11,8,9,14,2;2,13,9,10,15,3,7;0,3,14,10,11,12
torus546 16 1,5,9,4,3,15,12;0,12,13,2,6,5;1,13,14,3,6;0,4,7,6,2,14,15;0,9,8,7,3;0,1,6,10,9;1,2,3,7,11,10,5;3,4,8,11,6;4,9,13,12,15,11,7;0,5,10,14,13,8,4;5,6,11,15,14,9;6,7,8,15,10;0,15,8,13,1;1,12,8,9,14,2;2,13,9,10,15,3;0,3,14,10,11,8,12
torus547 16 1,5,4,3,15,12;0,12,2,6,5;1,12,13,14,3,7,6;0,4,7,2,14,15;0,5,9,8,7,3;0,1,6,10,14,9,4;1,2,7,11,10,5;2,3,4,8,11,6;4,9,13,12,15,11,7;4,5,14,13,8;5,6,11,15,14;6,7,8,15,10;0,15,8,13,2,1;2,12,8,9,14;2,13,9,5,10,15,3;0,3,14,10,11,8,12
torus548 16 1,5,4,3,15,12;0,12,13,14,2,6,5;1,14,3,4,7,6;0,4,2,14,15;0,5,9,8,7,2,3;0,1,6,10,9,4;1,2,7,11,10,5;2,4,8,11,6;4,9,13,12,15,11,7;4,5,10,14,13,8;5,6,11,15,14,9;6,7,8,15,10;0,15,8,13,1;1,12,8,9,14;1,13,9,10,15,3,2;0,3,14,10,11,8,12
torus549 16 1,5,4,3,15,12;0,12,13,2,6,10,5;1,13,14,3,7,6;0,4,7,2,14,15;0,5,9,8,7,3;0,1,10,9,4;1,2,7,8,11,10;2,3,4,8,6;4,9,13,11,6,7;4,5,10,14,13,8;1,6,11,15,14,9,5;6,8,13,12,15,10;0,15,11,13,1;1,12,11,8,9,14,2;2,13,9,10,15,3;0,3,14,10,11,12
torus550 16 1,5,9,4,3,15,12;0,12,8,13,2,6,5;1,13,14,15,3,7,6;0,4,7,2,15;0,9,8,7,3;0,1,6,10,9;1,2,7,11,10,5;2,3,4,8,11,6;1,12,11,7,4,9,13;0,5,10,14,13,8,4;5,6,11,15,14,9;6,7,8,12,15,10;0,15,11,8,1;1,8,9,14,2;2,13,9,10,15;0,3,2,14,10,11,12
torus551 16 1,6,5,4,3,15;0,15,12,13,6;3,7,6,13,14;0,4,7,2,14,15;0,5,9,8,7,3;0,6,10,9,4;0,1,13,2,7,11,10,5;2,3,4,8,11,6;4,9,13,12,11,7;4,5,10,14,13,8;5,6,11,15,14,9;6,7,8,12,15,10;1,15,11,8,13;1,12,8,9,14,2,6;2,13,9,10,15,3;0,3,14,10,11,12,1
torus552 16 1,5,4,3,14,15,12;0,12,8,13,2,5;1,13,14,3,7,6,5;0,4,7,2,14;0,5,9,8,7,3;0,1,2,6,10,9,4;2,7,11,10,5;2,3,4,8,11,6;1,12,11,7,4,9,13;4,5,10,14,13,8;5,6,11,15,14,9;6,7,8,12,15,10;0,15,11,8,1;1,8,9,14,2;0,3,2,13,9,10,15;0,14,10,11,12
torus553 16 1,5,4,3,15,12;0,12,8,13,2,6,5;1,13,14,3,7,6;0,4,8,7,2,14,15;0,5,9,8,3;0,1,6,10,14,9,4;1,2,7,11,10,5;2,3,8,11,6;1,12,11,7,3,4,9,13;4,5,14,13,8;5,6,11,15,14;6,7,8,12,15,10;0,15,11,8,1;1,8,9,14,2;2,13,9,5,10,15,3;0,3,14,10,11,12
torus554 16 1,5,4,3,14,15,12;0,12,13,2,6,5;1,13,3,7,6;0,4,7,2,13,14;0,5,10,9,8,7,3;0,1,6,10,4;1,2,7,11,10,5;2,3,4,8,11,6;4,9,13,12,11,7;4,10,14,13,8;4,5,6,11,15,14,9;6,7,8,12,15,10;0,15,11,8,13,1;1,12,8,9,14,3,2;0,3,13,9,10,15;0,14,10,11,12
torus555 16 1,5,4,3,15,12;0,12,13,2,6,5;1,13,3,7,6;0,4,7,2,13,14,15;0,5,9,8,7,3;0,1,6,11,10,9,4;1,2,7,11,5;2,3,4,8,11,6;4,9,13,12,15,11,7;4,5,10,14,13,8;5,11,15,14,9;5,6,7,8,15,10;0,15,8,13,1;1,12,8,9,14,3,2;3,13,9,10,15;0,3,14,10,11,8,12
torus556 16 1,5,4,3,15,12;0,12,13,2,6,10,5;1,13,14,3,7,6;0,4,7,2,14,15;0,5,9,8,7,3;0,1,10,14,9,4;1,2,7,11,10;2,3,4,8,11,6;4,9,13,12,15,11,7;4,5,14,13,8;1,6,11,15,14,5;6,7,8,15,10;0,15,8,13,1;1,12,8,9,14,2;2,13,9,5,10,15,3;0,3,14,10,11,8,12
torus557 16 1,5,4,15,12;0,12,13,2,6,5;1,13,14,3,7,6;2,14,15,4,7;0,5,8,7,3,15;0,1,6,10,9,8,4;1,2,7,11,10,5;2,3,4,8,11,6;4,5,9,13,11,7;5,10,14,13,8;5,6,11,15,14,9;6,7,8,13,12,15,10;0,15,11,13,1;1,12,11,8,9,14,2;2,13,9,10,15,3;0,4,3,14,10,11,12
torus558 16 1,5,4,15,12,13;0,13,2,6,5;1,13,3,7,6;2,13,14,15,4,7;0,5,9,8,7,3,15;0,1,6,10,9,4;1,2,7,11,10,5;2,3,4,8,11,6;4,9,13,12,11,7;4,5,10,14,13,8;5,6,11,15,14,9;6,7,8,12,15,10;0,15,11,8,13;0,12,8,9,14,3,2,1;3,13,9,10,15;0,4,3,14,10,11,12
torus559 16 1,5,4,3,15,12;0,12,13,6,5;3,7,6,13,14;0,4,7,2,14,15;0,5,9,8,7,3;0,1,6,10,9,4;1,13,2,7,11,10,5;2,3,4,8,12,11,6;4,9,14,13,12,7;4,5,10,14,8;5,6,11,15,14,9;6,7,12,15,10;0,15,11,7,8,13,1;1,12,8,14,2,6;2,13,8,9,10,15,3;0,3,14,10,11,12
torus560 16 1,5,4,3,15;0,15,12,13,2,6,5;1,13,14,3,7,6;0,4,7,2,14,15;0,5,9,8,7,3;0,1,6,11,10,9,4;1,2,7,11,5;2,3,4,8,11,6;4,9,13,12,11,7;4,5,10,14,13,8;5,11,12,15,14,9;5,6,7,8,12,10;1,15,10,11,8,13;1,12,8,9,14,2;2,13,9,10,15,3;0,3,14,10,12,1
torus561 16 1,5,4,3,15,12;0,12,13,2,6,10,5;1,13,14,3,7,6;0,4,7,2,14,15;0,5,9,8,7,3;0,1,10,9,4;1,2,7,8,11,10;2,3,4,8,6;4,9,14,13,12,11,6,7;4,5,10,14,8;1,6,11,15,14,9,5;6,8,12,15,10;0,15,11,8,13,1;1,12,8,14,2;2,13,8,9,10,15,3;0,3,14,10,11,12
torus562 16 1,5,3,15,12;0,12,13,2,6,5;1,13,14,3,4,7,6;0,5,4,2,14,15;2,3,5,9,7;0,1,6,10,9,4,3;1,2,7,11,10,5;2,4,9,8,11,6;7,9,13,12,11;4,5,10,14,13,8,7;5,6,11,15,14,9;6,7,8,12,15,10;0,15,11,8,13,1;1,12,8,9,14,2;2,13,9,10,15,3;0,3,14,10,11,12
torus563 16 1,5,4,7,3,15,12;0,12,13,2,6,5;1,13,3,7,6;0,7,2,13,14,15;0,5,9,8,7;0,1,6,10,9,4;1,2,7,11,10,5;0,4,8,11,6,2,3;4,9,14,13,12,11,7;4,5,10,14,8;5,6,11,15,14,9;6,7,8,12,15,10;0,15,11,8,13,1;1,12,8,14,3,2;3,13,8,9,10,15;0,3,14,10,11,12
torus564 16 1,5,4,7,3,15,12;0,12,13,2,6,5;1,13,14,3,7,6;0,7,2,14,15;0,5,9,8,7;0,1,6,9,4;1,2,7,11,10,9,5;0,4,8,11,6,2,3;4,9,13,12,15,11,7;4,5,6,10,14,13,8;6,11,15,14,9;6,7,8,15,10;0,15,8,13,1;1,12,8,9,14,2;2,13,9,10,15,3;0,3,14,10,11,8,12
torus565 16 1,5,3,15,12;0,12,13,2,6,5;1,13,14,3,7,6;0,5,4,7,2,14,15;3,5,9,13,8,7;0,1,6,10,9,4,3;1,2,7,8,11,10,5;2,3,4,8,6;4,13,12,11,6,7;4,5,10,14,13;5,6,11,15,14,9;6,8,12,15,10;0,15,11,8,13,1;1,12,8,4,9,14,2;2,13,9,10,15,3;0,3,14,10,11,12
torus566 16 1,5,3,15,12;0,12,13,2,6,5;1,13,14,3,4,7,6;0,5,4,2,14,15;2,3,5,10,9,8,7;0,1,6,10,4,3;1,2,7,11,10,5;2,4,8,11,6;4,9,13,12,11,7;4,10,14,13,8;4,5,6,11,15,14,9;6,7,8,12,15,10;0,15,11,8,13,1;1,12,8,9,14,2;2,13,9,10,15,3;0,3,14,10,11,12
torus567 16 1,5,9,4,15,12;0,12,13,14,2,6,5;1,14,3,7,6;2,14,15,4,7;0,9,7,3,15;0,1,6,10,9;1,2,7,11,10,5;2,3,4,9,8,11,6;7,9,13,12,11;0,5,10,14,13,8,7,4;5,6,11,15,14,9;6,7,8,12,15,10;0,15,11,8,13,1;1,12,8,9,14;1,13,9,10,15,3,2;0,4,3,14,10,11,12
torus568 16 1,5,4,15,12;0,12,13,2,5;1,13,14,3,7,6,5;2,14,11,15,4,7;0,5,9,7,3,15;0,1,2,6,10,9,4;2,7,8,11,10,5;2,3,4,9,8,6;6,7,9,13,12,15,11;4,5,10,13,8,7;5,6,11,14,13,9;3,14,10,6,8,15;0,15,8,13,1;1,12,8,9,10,14,2;2,13,10,11,3;0,4,3,11,8,12
torus569 16 3,4,9,5,12;5,6,13,8,12;3,12,15,14,13,6,7;0,12,2,7,4;0,3,7,8,9;0,9,10,6,1,12;1,5,10,7,2,13;2,6,10,11,8,4,3;1,13,9,4,7,11,12;0,4,8,13,14,10,5;5,9,14,15,11,7,6;7,10,15,12,8;0,5,1,8,11,15,2,3;1,6,2,14,9,8;2,15,10,9,13;2,12,11,10,14
torus570 16 1,5,9,4,3,15;0,15,12,13,2,6,5;1,13,3,4,7,6;0,4,2,13,14,15;0,9,8,7,2,3;0,1,6,10,9;1,2,7,10,5;2,4,8,11,10,6;4,9,14,13,11,7;0,5,10,14,8,4;5,6,7,11,12,15,14,9;7,8,13,12,10;1,15,10,11,13;1,12,11,8,14,3,2;3,13,8,9,10,15;0,3,14,10,12,1
torus571 16 1,5,4,3,15,12,13;0,13,2,6,5;1,13,14,3,4,7,6;0,4,2,14,15;0,5,9,7,2,3;0,1,6,10,9,4;1,2,7,11,10,5;2,4,9,8,11,6;7,9,14,13,12,11;4,5,10,14,8,7;5,6,11,15,14,9;6,7,8,12,15,10;0,15,11,8,13;0,12,8,14,2,1;2,13,8,9,10,15,3;0,3,14,10,11,12
torus572 16 1,5,4,15,12;0,12,2,6,5;1,12,13,14,3,4,7,6;2,14,10,15,4;0,5,8,7,2,3,15;0,1,6,10,9,8,4;1,2,7,11,15,10,5;2,4,8,11,6;4,5,9,13,12,11,7;5,10,14,13,8;3,14,9,5,6,15;6,7,8,12,15;0,15,11,8,13,2,1;2,12,8,9,14;2,13,9,10,3;0,4,3,10,6,11,12
torus573 16 3,4,5,12,11,15;5,10,6,13,8,12;3,14,13,6,7;0,15,14,2,7,4;0,3,7,8,9,5;0,4,9,10,1,12;1,10,11,7,2,13;2,6,11,8,4,3;1,13,14,9,4,7,11,12;4,8,14,10,5;1,5,9,14,15,11,6;0,12,8,7,6,10,15;0,5,1,8,11;1,6,2,14,8;2,3,15,10,9,8,13;0,11,10,14,3
torus574 16 1,4,3,15,12;0,12,8,13,2,6,5,4;1,13,14,3,7,6;0,4,7,2,14,15;0,1,5,9,7,3;1,6,11,10,9,4;1,2,7,11,5;2,3,4,9,8,12,11,6;1,12,7,9,13;4,5,10,13,8,7;5,11,15,14,13,9;5,6,7,12,15,10;0,15,11,7,8,1;1,8,9,10,14,2;2,13,10,15,3;0,3,14,10,11,12
torus575 16 1,5,4,3,15,11,12;0,12,13,6,10,5;3,7,6,13,14;0,4,8,7,2,14,10,15;0,5,9,8,3;0,1,10,9,4;1,13,2,7,11,15,10;2,3,8,11,6;3,4,9,13,12,11,7;4,5,10,14,13,8;1,6,15,3,14,9,5;0,15,6,7,8,12;0,11,8,13,1;1,12,8,9,14,2,6;2,13,9,10,3;0,3,10,6,11
torus576 16 3,4,5,12,15;2,13,12,6,7,4;1,4,3,14,13;0,15,14,2,4;0,3,2,1,7,8,9,5;0,4,9,10,6,12;1,12,5,10,7;1,6,10,14,11,8,4;4,7,11,12,13,9;4,8,13,14,10,5;5,9,14,7,6;7,14,15,12,8;0,5,6,1,13,8,11,15;1,2,14,9,8,12;2,3,15,11,7,10,9,13;0,12,11,14,3
torus577 16 3,4,5,12,15;2,13,12,5,6;1,6,3,14,9,13;0,15,14,2,6,7,4;0,3,7,8,9,5;0,4,9,10,6,1,12;1,5,10,11,7,3,2;3,6,11,8,4;4,7,11,15,12,13,9;2,14,10,5,4,8,13;5,9,14,15,11,6;6,10,15,8,7;0,5,1,13,8,15;1,2,9,8,12;2,3,15,10,9;0,12,8,11,10,14,3
torus578 16 1,4,3,14,15,12;0,12,13,2,5,4;1,13,14,3,6,5;0,4,7,6,2,14;0,1,5,9,8,7,3;1,2,6,10,9,4;2,3,7,11,10,5;3,4,8,11,6;4,9,12,15,11,7;4,5,10,14,13,12,8;5,6,11,15,14,9;6,7,8,15,10;0,15,8,9,13,1;1,12,9,14,2;0,3,2,13,9,10,15;0,14,10,11,8,12
torus579 16 1,5,3,14,15;0,15,12,13,2,6,5;1,13,14,7,6;0,5,4,7,14;3,5,9,8,7;0,1,6,10,9,4,3;1,2,7,11,10,5;2,14,3,4,8,11,6;4,9,12,11,7;4,5,10,13,12,8;5,6,11,15,14,13,9;6,7,8,12,15,10;1,15,11,8,9,13;1,12,9,10,14,2;0,3,7,2,13,10,15;0,14,10,11,12,1
torus580 16 1,5,4,3,15,11,12;0,12,13,2,6,5;1,13,14,3,6;0,4,7,6,2,14,15;0,5,9,8,7,3;0,1,6,9,4;1,2,3,7,11,10,9,5;3,4,8,11,6;4,9,14,13,12,11,7;4,5,6,10,14,8;6,11,15,14,9;0,15,10,6,7,8,12;0,11,8,13,1;1,12,8,14,2;2,13,8,9,10,15,3;0,3,14,10,11
torus581 16 3,4,9,5,12;2,13,12,5,6;1,6,7,14,13;0,12,15,14,7,4;0,3,7,8,9;0,9,10,6,1,12;1,5,10,11,8,7,2;2,6,8,4,3,14;4,7,6,11,13,9;0,4,8,13,14,10,5;5,9,14,15,11,6;6,10,15,12,13,8;0,5,1,13,11,15,3;1,2,14,9,8,11,12;2,7,3,15,10,9,13;3,12,11,10,14
torus582 16 3,4,12,11,15;4,5,6,13,12;3,14,13,6,7;0,15,14,2,7,4;0,3,7,9,5,1,12;1,4,9,10,6;1,5,10,11,7,2,13;2,6,11,8,9,4,3;7,11,12,13,14,9;4,7,8,14,10,5;5,9,14,15,11,6;0,12,8,7,6,10,15;0,4,1,13,8,11;1,6,2,14,8,12;2,3,15,10,9,8,13;0,11,10,14,3
torus583 16 3,4,5,12,15;2,13,12,5,6;1,6,7,4,3,13;0,15,14,13,2,4;0,3,2,7,8,9,5;0,4,9,10,6,1,12;1,5,10,11,7,2;2,6,11,8,4;4,7,11,13,9;4,8,13,14,10,5;5,9,14,15,11,6;6,10,15,12,13,8,7;0,5,1,13,11,15;1,2,3,14,9,8,11,12;3,15,10,9,13;0,12,11,10,14,3
torus584 16 3,4,5,12,15;2,12,5,6,7;1,7,4,3,13,12;0,15,14,13,2,4;0,3,2,7,11,8,9,5;0,4,9,6,1,12;1,5,9,10,11,7;1,6,11,4,2;4,11,12,13,14,9;4,8,14,10,6,5;6,9,14,15,11;4,7,6,10,15,12,8;0,5,1,2,13,8,11,15;2,3,14,8,12;3,15,10,9,8,13;0,12,11,10,14,3
torus585 16 1,5,3,15,12;0,12,2,6,5;1,12,13,14,3,7,6;0,5,4,8,7,2,14,15;3,5,6,10,9,8;0,1,6,4,3;1,2,7,11,15,10,4,5;2,3,8,11,6;3,4,9,13,12,11,7;4,10,14,13,8;4,6,15,14,9;6,7,8,12,15;0,15,11,8,13,2,1;2,12,8,9,14;2,13,9,10,15,3;0,3,14,10,6,11,12
torus586 16 1,6,5,4,3,15,12,13;0,13,2,7,6;1,13,14,15,3,7;0,4,7,2,15;0,5,9,8,11,7,3;0,6,10,14,9,4;0,1,7,11,10,5;1,2,3,4,11,6;4,9,13,12,11;4,5,14,13,8;5,6,11,15,14;4,8,12,15,10,6,7;0,15,11,8,13;0,12,8,9,14,2,1;2,13,9,5,10,15;0,3,2,14,10,11,12
torus587 16 1,5,9,4,15,12;0,12,8,13,6,5;3,7,6,13,14;2,14,15,4,7;0,9,7,3,15;0,1,6,11,10,9;1,13,2,7,11,5;2,3,4,9,8,11,6;1,12,11,7,9,13;0,5,10,14,13,8,7,4;5,11,15,14,9;5,6,7,8,12,15,10;0,15,11,8,1;1,8,9,14,2,6;2,13,9,10,15,3;0,4,3,14,10,11,12
torus588 16 1,4,3,15,12;0,12,13,6,5,4;3,4,7,6,13,14;0,4,2,14,10,15;0,1,5,9,7,2,3;1,6,11,10,14,9,4;1,13,2,7,11,5;2,4,9,8,11,6;7,9,13,12,15,11;4,5,14,13,8,7;3,14,5,11,15;5,6,7,8,15,10;0,15,8,13,1;1,12,8,9,14,2,6;2,13,9,5,10,3;0,3,10,11,8,12
torus589 16 1,6,5,4,15,12;0,12,13,14,2,6;1,14,3,7,6;2,14,15,4,8,7;0,5,8,3,15;0,6,9,8,4;0,1,2,7,11,10,9,5;2,3,8,11,6;3,4,5,9,13,12,11,7;5,6,10,14,13,8;6,11,15,14,9;6,7,8,12,15,10;0,15,11,8,13,1;1,12,8,9,14;1,13,9,10,15,3,2;0,4,3,14,10,11,12
torus590 16 1,5,4,3,12;0,12,8,13,2,6,5;1,13,14,3,7,6;0,4,7,2,14,10,15,12;0,5,9,7,3;0,1,6,11,10,9,4;1,2,7,11,5;2,3,4,9,8,11,6;1,12,15,11,7,9,13;4,5,10,14,13,8,7;3,14,9,5,11,15;5,6,7,8,15,10;0,3,15,8,1;1,8,9,14,2;2,13,9,10,3;3,10,11,8,12
torus591 16 1,4,3,14,15,11,12;0,12,13,5,9,4;3,7,11,6,14;0,4,7,2,14;0,1,9,8,7,3;1,13,6,10,9;2,11,10,5,13,14;2,3,4,8,11;4,9,14,13,12,11,7;1,5,10,15,14,8,4;5,6,11,15,9;0,15,10,6,2,7,8,12;0,11,8,13,1;1,12,8,14,6,5;0,3,2,6,13,8,9,15;0,14,9,10,11
torus592 16 1,5,4,3,12;0,12,13,6,10,5;3,4,7,6,13,14,15;0,4,2,15,12;0,5,7,2,3;0,1,10,9,7,4;1,13,2,7,11,10;2,4,5,9,8,11,6;7,9,14,13,12,11;5,10,14,8,7;1,6,11,15,14,9,5;6,7,8,12,15,10;0,3,15,11,8,13,1;1,12,8,14,2,6;2,13,8,9,10,15;2,14,10,11,12,3
torus593 16 1,5,4,7,15;0,15,12,13,2,5;1,13,3,6,5;2,13,14,15,7,6;0,5,9,8,7;0,1,2,6,10,9,4;2,3,7,11,10,5;0,4,8,11,6,3,15;4,9,14,13,11,7;4,5,10,14,8;5,6,11,12,15,14,9;6,7,8,13,12,10;1,15,10,11,13;1,12,11,8,14,3,2;3,13,8,9,10,15;0,7,3,14,10,12,1
torus594 16 1,5,4,3,14,15,11,12;0,12,2,6,10,5;1,12,13,14,3,7,6;0,4,8,7,2,14;0,5,9,8,3;0,1,10,9,4;1,2,7,11,10;2,3,8,11,6;3,4,9,13,12,11,7;4,5,10,15,14,13,8;1,6,11,15,9,5;0,15,10,6,7,8,12;0,11,8,13,2,1;2,12,8,9,14;0,3,2,13,9,15;0,14,9,10,11
torus595 16 1,5,4,15,11,12;0,12,13,14,2,6,5;1,14,3,7,6;2,14,15,4,7;0,5,9,7,3,15;0,1,6,10,9,4;1,2,7,11,10,5;2,3,4,9,8,11,6;7,9,13,12,11;4,5,10,14,13,8,7;5,6,11,15,14,9;0,15,10,6,7,8,12;0,11,8,13,1;1,12,8,9,14;1,13,9,10,15,3,2;0,4,3,14,10,11
torus596 16 1,5,4,15,12;0,12,13,2,6,5;1,13,9,14,3,6;2,14,15,4,7,6;0,5,8,7,3,15;0,1,6,10,9,8,4;1,2,3,7,11,10,5;3,4,8,11,6;4,5,9,13,12,11,7;2,13,8,5,10,14;5,6,11,12,14,9;6,7,8,12,10;0,15,14,10,11,8,13,1;1,12,8,9,2;2,9,10,12,15,3;0,4,3,14,12
torus597 16 1,5,4,7,3,15;0,15,12,13,14,2,5;1,14,3,7,6,5;0,7,2,14,10,15;0,5,9,8,11,7;0,1,2,6,10,9,4;2,7,11,10,5;0,4,11,6,2,3;4,9,13,12,11;4,5,10,14,13,8;3,14,9,5,6,11,15;4,8,12,15,10,6,7;1,15,11,8,13;1,12,8,9,14;1,13,9,10,3,2;0,3,10,11,12,1
torus598 16 1,6,10,5,4,3,12;0,12,13,2,7,6;1,13,14,15,3,7;0,4,7,2,15,12;0,5,8,11,7,3;0,10,9,8,4;0,1,7,11,15,10;1,2,3,4,11,6;4,5,9,13,12,11;5,10,14,13,8;0,6,15,14,9,5;4,8,12,15,6,7;0,3,15,11,8,13,1;1,12,8,9,14,2;2,13,9,10,15;2,14,10,6,11,12,3
torus599 16 1,6,5,3,15,11,12;0,12,13,14,2,6;1,14,3,4,8,7,6;0,5,4,2,14,15;2,3,5,13,8;0,6,10,9,13,4,3;0,1,2,7,10,5;2,8,11,10,6;2,4,13,12,11,7;5,10,15,14,13;5,6,7,11,15,9;0,15,10,7,8,12;0,11,8,13,1;1,12,8,4,5,9,14;1,13,9,15,3,2;0,3,14,9,10,11
torus600 16 3,4,5,12,15;2,13,12,5,6;1,6,7,3,13;0,15,14,13,2,7,4;0,3,7,11,8,9,10,5;0,4,10,6,1,12;1,5,10,15,11,7,2;2,6,11,4,3;4,11,15,12,13,9;4,8,13,14,10;4,9,14,15,6,5;4,7,6,15,8;0,5,1,13,8,15;1,2,3,14,9,8,12;3,15,10,9,13;0,12,8,11,6,10,14,3
torus601 16 1,5,10,4,3,12;0,12,8,13,2,5;1,13,9,14,3,7,6,5;0,4,7,2,14,15,12;0,10,9,13,8,7,3;0,1,2,6,10;2,7,11,10,5;2,3,4,8,11,6;1,12,15,11,7,4,13;2,13,4,10,14;0,5,6,11,15,14,9,4;6,7,8,15,10;0,3,15,8,1;1,8,4,9,2;2,9,10,15,3;3,14,10,11,8,12
torus602 16 1,5,4,3,15,11,12;0,12,13,14,2,6,5;1,14,3,7,6;0,4,8,7,2,14,15;0,5,9,8,3;0,1,6,10,9,4;1,2,7,11,10,5;2,3,8,13,12,11,6;3,4,9,13,7;4,5,10,15,14,13,8;5,6,11,15,9;0,15,10,6,7,12;0,11,7,13,1;1,12,7,8,9,14;1,13,9,15,3,2;0,3,14,9,10,11
torus603 16 1,5,4,3,14,15;0,15,12,2,7,5;1,12,13,14,3,7;0,4,8,7,2,14;0,5,9,8,3;0,1,7,6,9,4;5,7,10,13,9;1,2,3,8,11,10,6,5;3,4,9,13,12,11,7;4,5,6,13,8;6,7,11,15,14,13;7,8,12,15,10;1,15,11,8,13,2;2,12,8,9,6,10,14;0,3,2,13,10,15;0,14,10,11,12,1
torus604 16 3,4,9,5,12,15;2,13,8,12,5,6;1,6,11,7,3,14,13;0,15,14,2,7,4;0,3,7,8,9;0,9,6,1,12;1,5,9,10,15,11,2;2,11,12,8,4,3;1,13,9,4,7,12;0,4,8,13,10,6,5;6,9,13,14,15;2,6,15,12,7;0,5,1,8,7,11,15;1,2,14,10,9,8;2,3,15,10,13;0,12,11,6,10,14,3
torus605 16 1,6,5,3,15,12;0,12,13,2,6;1,13,3,7,10,6;0,5,4,7,2,13,14,15;3,5,9,8,7;0,6,10,9,4,3;0,1,2,10,5;2,3,4,8,11,10;4,9,13,11,7;4,5,10,14,13,8;2,7,11,15,14,9,5,6;7,8,13,12,15,10;0,15,11,13,1;1,12,11,8,9,14,3,2;3,13,9,10,15;0,3,14,10,11,12
torus606 16 1,5,9,4,3,15,12;0,12,8,13,2,5;1,13,14,3,7,6,5;0,4,7,2,14,15;0,9,8,7,3;0,1,2,6,10,9;2,7,8,11,10,5;2,3,4,8,6;1,12,11,6,7,4,9,13;0,5,10,14,13,8,4;5,6,11,15,14,9;6,8,12,15,10;0,15,11,8,1;1,8,9,14,2;2,13,9,10,15,3;0,3,14,10,11,12
torus607 16 1,5,4,3,15,11,12;0,12,13,14,2,6,5;1,14,3,4,7,11,6;0,4,2,14,10,15;0,5,9,7,2,3;0,1,6,9,4;1,2,11,15,9,5;2,4,9,8,11;7,9,13,12,11;4,5,6,15,10,13,8,7;3,14,13,9,15;0,15,6,2,7,8,12;0,11,8,13,1;1,12,8,9,10,14;1,13,10,3,2;0,3,10,9,6,11
torus608 16 1,9,4,3,15,12;0,12,2,6,5,9;1,12,8,13,3,6;0,4,7,6,2,13,15;0,9,8,11,7,3;1,6,7,10,14,9;1,2,3,7,5;3,4,11,10,5,6;2,12,11,4,9,14,13;0,1,5,14,8,4;5,7,11,15,14;4,8,12,15,10,7;0,15,11,8,2,1;2,8,14,15,3;5,10,15,13,8,9;0,3,13,14,10,11,12
torus609 16 1,4,3,14,15;0,15,12,2,6,5,9,4;1,12,13,14,3,6;0,4,7,6,2,14;0,1,9,7,3;1,6,10,14,9;1,2,3,7,11,10,5;3,4,9,8,11,6;7,9,14,13,11;1,5,14,8,7,4;5,6,11,15,14;6,7,8,13,12,15,10;1,15,11,13,2;2,12,11,8,14;0,3,2,13,8,9,5,10,15;0,14,10,11,12,1
torus610 16 1,5,4,15,12;0,12,13,2,6,10,5;1,13,14,3,7,6;2,14,10,15,4,7;0,5,8,7,3,15;0,1,10,9,8,4;1,2,7,11,10;2,3,4,8,12,11,6;4,5,9,12,7;5,10,14,13,12,8;1,6,11,15,3,14,9,5;6,7,12,15,10;0,15,11,7,8,9,13,1;1,12,9,14,2;2,13,9,10,3;0,4,3,10,11,12
torus611 16 1,5,4,3,15,12;0,12,13,14,2,7,6,5;1,14,15,3,7;0,4,7,2,15;0,5,9,7,3;0,1,6,10,9,4;1,7,8,11,10,5;1,2,3,4,9,8,6;6,7,9,13,12,11;4,5,10,15,14,13,8,7;5,6,11,15,9;6,8,12,15,10;0,15,11,8,13,1;1,12,8,9,14;1,13,9,15,2;0,3,2,14,9,10,11,12
torus612 16 1,5,4,3,11,12;0,12,13,14,5;5,14,15,8,7;0,4,8,15,10,11;0,5,9,8,3;0,1,14,2,7,6,9,4;5,7,11,10,13,9;2,8,12,11,6,5;2,15,3,4,9,12,7;4,5,6,13,12,8;3,15,14,13,6,11;0,3,10,6,7,12;0,11,7,8,9,13,1;1,12,9,6,10,14;1,13,10,15,2,5;2,14,10,3,8
torus613 16 1,5,4,7,11,12;0,12,2,8,6,5;1,12,13,14,3,7,4,8;2,14,10,15,7;0,5,10,9,8,2,7;0,1,6,10,4;1,8,15,10,5;0,4,2,3,15,11;1,2,4,9,11,15,6;4,10,14,13,11,8;3,14,9,4,5,6,15;0,7,15,8,9,13,12;0,11,13,2,1;2,12,11,9,14;2,13,9,10,3;3,10,6,8,11,7
torus614 16 1,5,4,11,7;0,7,15,12,13,2,5;1,13,14,3,5;2,14,7,6,5;0,5,10,9,8,11;0,1,2,3,6,10,4;3,7,11,12,10,5;0,11,6,3,14,15,1;4,9,13,12,11;4,10,15,14,13,8;4,5,6,12,15,9;0,4,8,12,6,7;1,15,10,6,11,8,13;1,12,8,9,14,2;2,13,9,15,7,3;1,7,14,9,10,12
torus615 16 1,5,4,10,11,12;0,12,13,2,3,7,6,5;1,13,14,15,3;1,2,15,4,7;0,5,8,7,3,15,10;0,1,6,9,8,4;1,7,11,10,9,5;1,3,4,8,11,6;4,5,9,13,12,11,7;5,6,10,14,13,8;0,4,15,14,9,6,11;0,10,6,7,8,12;0,11,8,13,1;1,12,8,9,14,2;2,13,9,10,15;2,14,10,4,3
torus616 16 1,5,4,3,15,11;0,11,13,6,5;3,7,6,13,9,14,15;0,4,7,2,15;0,5,8,7,3;0,1,6,10,14,8,4;1,13,2,7,10,5;2,3,4,8,12,11,10,6;4,5,14,9,12,7;2,13,12,8,14;5,6,7,11,14;0,15,14,10,7,12,13,1;7,8,9,13,11;1,11,12,9,2,6;2,9,8,5,10,11,15;0,3,2,14,11
torus617 16 4,7,9,10,5,15;2,13,8,15,5;1,5,6,4,3,13;2,4,15,14,13;0,15,3,2,6,7;0,10,11,6,2,1,15;2,5,11,7,4;0,4,6,11,14,12,9;1,13,10,9,12,15;0,7,12,8,10;0,9,8,13,14,11,5;5,10,14,7,6;7,14,15,8,9;1,2,3,14,10,8;3,15,12,7,11,10,13;0,5,1,8,12,14,3,4
torus618 16 1,5,4,3,14,15;0,15,2,7,6,5;1,15,12,9,13,3,7;0,4,8,7,2,13,14;0,5,9,12,8,3;0,1,6,11,10,13,9,4;1,7,8,11,5;1,2,3,8,6;3,4,12,11,6,7;2,12,4,5,13;5,11,15,14,13;5,6,8,12,15,10;2,15,11,8,4,9;2,9,5,10,14,3;0,3,13,10,15;0,14,10,11,12,2,1
torus619 16 1,10,5,4,7,12;0,12,8,13,2,6,10;1,13,3,7,6;2,13,9,14,15,12,7;0,5,9,8,11,7;0,10,14,9,4;1,2,7,11,15,14,10;0,4,11,6,2,3,12;1,12,15,11,4,9,13;3,13,8,4,5,14;0,1,6,14,5;4,8,15,6,7;0,7,3,15,8,1;1,8,9,3,2;3,9,5,10,6,15;3,14,6,11,8,12
torus620 16 1,6,9,4,3,15,12;0,12,13,2,6;1,13,14,3,7,6;0,4,7,2,14,15;0,9,13,8,7,3;6,8,11,10,9;0,1,2,7,8,5,9;2,3,4,8,6;4,13,11,5,6,7;0,6,5,10,14,13,4;5,11,15,14,9;5,8,13,12,15,10;0,15,11,13,1;1,12,11,8,4,9,14,2;2,13,9,10,15,3;0,3,14,10,11,12
torus621 16 3,4,5,12,15,14;2,3,13,11,12,5,6;1,6,10,7,3;0,14,13,1,2,7,4;0,3,7,8,9,6,5;0,4,6,1,12;1,5,4,9,10,2;2,10,15,11,8,4,3;4,7,11,13,9;4,8,13,14,15,10,6;2,6,9,15,7;1,13,8,7,15,12;0,5,1,11,15;1,3,14,9,8,11;0,15,9,13,3;0,12,11,7,10,9,14
torus622 16 1,5,3,15,12;0,12,2,6,5;1,12,13,14,3,7,6;0,5,4,8,7,2,14,15;3,5,9,13,8;0,1,6,10,9,4,3;1,2,7,11,15,10,5;2,3,8,11,6;3,4,13,11,7;4,5,10,14,13;5,6,15,14,9;6,7,8,13,12,15;0,15,11,13,2,1;2,12,11,8,4,9,14;2,13,9,10,15,3;0,3,14,10,6,11,12
torus623 16 3,5,12,8,11,15,14;2,13,12,5,6;1,6,7,3,13;0,14,13,2,7,4,5;3,7,11,9,5;0,3,4,9,10,6,1,12;1,5,10,7,2;2,6,10,15,11,4,3;0,12,13,9,11;4,11,8,13,14,10,5;5,9,14,15,7,6;0,8,9,4,7,15;0,5,1,13,8;1,2,3,14,9,8,12;0,15,10,9,13,3;0,11,7,10,14
torus624 16 4,5,12,7,11,15;2,14,13,12,5;1,5,9,6,3,14;2,6,7,8,15,14;0,15,8,9,5;0,4,9,2,1,12;2,9,13,10,7,3;0,12,8,3,6,10,11;3,7,12,13,9,4,15;2,5,4,8,13,6;6,13,14,11,7;0,7,10,14,15;0,5,1,13,8,7;1,14,10,6,9,8,12;1,2,3,15,11,10,13;0,11,14,3,8,4
torus625 16 1,4,3,15,11,12;0,12,13,2,5,4;1,13,14,6,10,5;0,4,6,14,15;0,1,5,9,7,6,3;1,2,10,9,4;2,14,3,4,7,11,10;4,9,8,11,6;7,9,13,12,11;4,5,10,15,14,13,8,7;2,6,11,15,9,5;0,15,10,6,7,8,12;0,11,8,13,1;1,12,8,9,14,2;2,13,9,15,3,6;0,3,14,9,10,11
torus626 16 1,6,5,4,15,12;0,12,13,2,6;1,13,3,4,7,11,10,6;2,13,14,15,4;0,5,9,7,2,3,15;0,6,10,9,4;0,1,2,10,5;2,4,9,8,11;7,9,13,12,15,11;4,5,10,14,13,8,7;2,11,15,14,9,5,6;2,7,8,15,10;0,15,8,13,1;1,12,8,9,14,3,2;3,13,9,10,15;0,4,3,14,10,11,8,12
torus627 16 1,5,3,15,12,13;0,13,2,6,5;1,13,14,3,4,7,6;0,5,4,2,14,15;2,3,5,10,9,7;0,1,6,10,4,3;1,2,7,11,10,5;2,4,9,8,11,6;7,9,13,12,11;4,10,13,8,7;4,5,6,11,15,14,13,9;6,7,8,12,15,10;0,15,11,8,13;0,12,8,9,10,14,2,1;2,13,10,15,3;0,3,14,10,11,12
torus628 16 1,6,3,12,8;0,8,9,13,6;4,8,11,6,13,15,7;0,6,5,7,15,12;2,7,5,14,9,8;3,6,11,14,4,7;0,1,13,2,11,5,3;2,15,3,5,4;0,12,10,11,2,4,9,1;1,8,4,14,13;8,12,15,13,14,11;2,8,10,14,5,6;0,3,15,10,8;1,9,14,10,15,2,6;4,5,11,10,13,9;2,13,10,12,3,7
torus629 16 1,4,3,15,13;0,13,2,6,5,8,4;1,13,9,3,7,6;0,4,7,2,9,5,14,15;0,1,8,7,3;1,6,10,14,3,9,8;1,2,7,10,5;2,3,4,8,11,10,6;1,5,9,11,7,4;2,13,11,8,5,3;5,6,7,11,12,14;7,8,9,13,12,10;10,11,13,15,14;0,15,12,11,9,2,1;3,5,10,12,15;0,3,14,12,13
torus630 16 1,4,9,14,5,6;0,6,12,15,4;3,6,5,11,7;2,7,4,15,10,14,13,6;0,1,15,3,7,9;0,14,10,11,2,6;0,5,2,3,13,12,1;2,11,8,9,4,3;7,11,10,12,13,9;0,4,7,8,13,14;3,15,12,8,11,5,14;2,5,10,8,7;1,6,13,8,10,15;3,14,9,8,12,6;0,9,13,3,10,5;1,12,10,3,4
torus631 16 1,5,15,12,13;0,13,2,6,5;1,13,14,3,7,6;2,14,5,9,4,7;3,9,8,11,7;0,1,6,10,9,3,14,15;1,2,7,11,10,5;2,3,4,11,6;4,9,12,15,14,11;3,5,10,13,12,8,4;5,6,11,13,9;4,8,14,13,10,6,7;0,15,8,9,13;0,12,9,10,11,14,2,1;2,13,11,8,15,5,3;0,5,14,8,12
torus632 16 1,5,3,2,14,15;0,15,8,6,5;0,3,7,12,14;0,5,4,7,2;3,5,9,8,11,7;0,1,6,10,9,4,3;1,8,12,7,10,5;2,3,4,11,10,6,12;1,15,11,4,9,13,12,6;4,5,10,13,8;5,6,7,11,15,14,13,9;4,8,15,10,7;2,7,6,8,13,14;8,9,10,14,12;0,2,12,13,10,15;0,14,10,11,8,1
torus633 16 4,9,12,11,15;2,13,8,12,5;1,5,6,7,14,13;4,15,10,14,7,8;0,15,3,8,13,9;1,12,9,6,2;2,5,9,10,11,8,7;2,6,8,3,14;1,13,4,3,7,6,11,12;0,4,13,14,10,6,5,12;3,15,11,6,9,14;0,12,8,6,10,15;0,9,5,1,8,11;1,2,14,9,4,8;2,7,3,10,9,13;0,11,10,3,4
torus634 16 4,5,12,11,15;2,12,5,6,3;1,3,14,10,9,13,12;1,6,7,4,14,2;0,15,14,3,7,8,5;0,4,8,9,6,1,12;1,5,9,10,11,7,3;3,6,11,8,4;4,7,11,13,9,5;2,10,6,5,8,13;2,14,15,11,6,9;0,12,13,8,7,6,10,15;0,5,1,2,13,11;2,9,8,11,12;2,3,4,15,10;0,11,10,14,4
torus635 16 3,4,9,5,6,12,15;2,14,13,12,6;1,6,7,4,3,14;0,15,14,2,4;0,3,2,7,11,8,9;0,9,14,10,6;0,5,10,7,2,1,12;2,6,10,15,11,4;4,11,12,13,9;0,4,8,13,14,5;5,14,15,7,6;4,7,15,12,8;0,6,1,13,8,11,15;1,14,9,8,12;1,2,3,15,10,5,9,13;0,12,11,7,10,14,3
torus636 16 1,3,4,5,6,14;0,14,10,9,13,3;3,12,15,14,7,4;0,1,13,8,12,2,4;0,3,2,7,9,10,5;0,4,10,15,12,11,6;0,5,11,7,14;2,14,6,11,8,13,9,4;3,13,7,11,12;1,10,4,7,13;1,14,15,5,4,9;5,12,8,7,6;2,3,8,11,5,15;1,9,7,8,3;0,6,7,2,15,10,1;2,12,5,10,14
torus637 16 1,5,4,7,3,15,13;0,13,14,2,5;1,14,3,8,6,5;0,7,8,2,14,10,11,15;0,5,6,10,14,9,7;0,1,2,6,4;2,8,12,11,10,4,5;0,4,9,8,3;2,3,7,9,12,6;4,14,13,12,8,7;3,14,4,6,11;3,10,6,12,15;6,8,9,13,15,11;0,15,12,9,14,1;1,13,9,4,10,3,2;0,3,11,12,13
torus638 16 1,5,8,4,3,15;0,15,12,13,2,6,5;1,13,3,7,6;0,4,7,2,13,14,15;0,8,12,7,3;0,1,6,11,10,9,8;1,2,7,11,5;2,3,4,12,11,6;0,5,9,12,4;5,10,14,13,12,8;5,11,15,14,9;5,6,7,12,15,10;1,15,11,7,4,8,9,13;1,12,9,14,3,2;3,13,9,10,15;0,3,14,10,11,12,1
torus639 16 1,5,7,4,15,12;0,12,13,6,5;3,4,7,8,11,6,13;2,13,14,10,15,4;0,7,2,3,15;0,1,6,10,14,9,8,7;1,13,2,11,15,10,5;0,5,8,2,4;2,7,5,9,11;5,14,12,11,8;3,14,5,6,15;2,8,9,12,15,6;0,15,11,9,14,13,1;1,12,14,3,2,6;3,13,12,9,5,10;0,4,3,10,6,11,12
torus640 16 3,7,4,12,15,14;2,14,13,8,12,4,5;1,5,6,3,14;0,14,2,6,8,7;0,7,9,10,5,1,12;1,4,10,6,2;2,5,10,11,8,3;0,3,8,13,9,4;1,13,7,3,6,11,12;4,7,13,14,15,11,10;4,9,11,6,5;6,10,9,15,12,8;0,4,1,8,11,15;1,14,9,7,8;0,15,9,13,1,2,3;0,12,11,9,14
torus641 16 3,4,9,12,11;2,14,13,12,5,6,7;1,7,3,11,15,14;0,11,2,7,4;0,3,7,6,8,13,14,9;1,12,9,10,6;1,5,10,8,4,7;1,6,4,3,2;4,6,10,11,12,13;0,4,14,15,10,5,12;5,9,15,11,8,6;0,12,8,10,15,2,3;0,9,5,1,13,8,11;1,14,4,8,12;1,2,15,9,4,13;2,11,10,9,14
torus642 16 1,5,9,4,3,15,12;0,12,2,6,5;1,12,13,14,3,4,7,6;0,4,2,14,10,15;0,9,8,7,2,3;0,1,6,10,9;1,2,7,10,5;2,4,8,11,10,6;4,9,13,11,7;0,5,10,14,13,8,4;3,14,9,5,6,7,11,15;7,8,13,12,15,10;0,15,11,13,2,1;2,12,11,8,9,14;2,13,9,10,3;0,3,10,11,12
torus643 16 1,5,4,8,3,15;0,15,12,13,5;3,7,6,13,9,14;0,8,7,2,14,15;0,5,6,11,10,9,8;0,1,13,6,4;2,7,11,4,5,13;2,3,8,12,11,6;0,4,9,12,7,3;2,13,12,8,4,10,14;4,11,15,14,9;4,6,7,12,15,10;1,15,11,7,8,9,13;1,12,9,2,6,5;2,9,10,15,3;0,3,14,10,11,12,1
torus644 16 1,9,4,15,10,11,12;0,12,13,2,6,5,9;1,13,14,15,3,6;2,15,4,7,6;0,9,7,3,15;1,6,10,14,9;1,2,3,7,11,10,5;3,4,9,14,8,11,6;7,14,13,12,11;0,1,5,14,7,4;0,15,14,5,6,11;0,10,6,7,8,12;0,11,8,13,1;1,12,8,14,2;2,13,8,7,9,5,10,15;0,4,3,2,14,10
torus645 16 1,5,4,7,3,15;0,15,12,8,2,5;1,8,14,3,7,6,5;0,7,2,14,9,10,15;0,5,9,13,11,7;0,1,2,6,10,9,4;2,7,11,10,5;0,4,11,6,2,3;1,12,11,13,14,2;3,14,13,4,5,10;3,9,5,6,11,12,15;4,13,8,12,10,6,7;1,15,10,11,8;4,9,14,8,11;2,8,13,9,3;0,3,10,12,1
torus646 16 1,13,4,3,15;0,15,12,8,13;3,4,11,10,6,14;0,4,2,14,15;0,13,5,9,7,11,2,3;4,13,6,10,9;2,10,5,13,8,14;4,9,14,8,12,11;1,12,7,14,6,13;4,5,10,15,14,7;2,11,15,9,5,6;2,4,7,12,15,10;1,15,11,7,8;0,1,8,6,5,4;2,6,8,7,9,15,3;0,3,14,9,10,11,12,1
torus647 16 3,4,9,5,12,15;5,6,13,8,12;3,15,14,13,6,7;0,15,2,7,4;0,3,7,11,9;0,9,14,10,6,1,12;1,5,10,11,7,2,13;2,6,11,4,3;1,13,9,11,12;0,4,11,8,13,14,5;5,14,15,11,6;4,7,6,10,15,12,8,9;0,5,1,8,11,15;1,6,2,14,9,8;2,15,10,5,9,13;0,12,11,10,14,2,3
torus648 16 1,5,3,15,12;0,12,13,6,5;3,4,7,6,14,15;0,5,4,2,15;2,3,5,8,7;0,1,6,10,9,8,4,3;1,13,14,2,7,10,5;2,4,8,12,11,10,6;4,5,9,14,13,12,7;5,10,11,15,14,8;5,6,7,11,9;7,12,15,9,10;0,15,11,7,8,13,1;1,12,8,14,6;2,6,13,8,9,15;0,3,2,14,9,11,12
torus649 16 3,7,4,5,12;2,14,13,12,5;1,5,6,7,14;0,12,15,14,7;0,7,8,13,9,5;0,4,9,10,6,2,1,12;2,5,10,11,7;0,3,14,2,6,11,8,4;4,7,11,15,12,13;4,13,14,10,5;5,9,14,15,11,6;6,10,15,8,7;0,5,1,13,8,15,3;1,14,9,4,8,12;1,2,7,3,15,10,9,13;3,12,8,11,10,14
torus650 16 1,5,4,3,15,12;0,12,2,7,8,14,6,5;1,12,13,3,7;0,4,7,2,13,6,14,15;0,5,9,7,3;0,1,6,11,10,9,4;1,14,3,13,11,5;1,2,3,4,9,8;1,7,9,10,15,14;4,5,10,8,7;5,11,12,15,8,9;5,6,13,12,10;0,15,10,11,13,2,1;2,12,11,6,3;1,8,15,3,6;0,3,14,8,10,12
torus651 16 3,7,4,5,12;5,6,13,8,12;3,12,15,14,13;0,12,2,13,6,7;0,7,8,9,5;0,4,9,10,6,1,12;1,5,10,15,11,7,3,13;0,3,6,11,8,4;1,13,9,4,7,11,12;4,8,13,14,10,5;5,9,14,15,6;6,15,12,8,7;0,5,1,8,11,15,2,3;1,6,3,2,14,9,8;2,15,10,9,13;2,12,11,6,10,14
torus652 16 1,2,13,3,5,6;0,6,10,7,4,2;0,1,4,15,14,13;0,13,12,11,10,15,5;1,7,8,9,5,15,2;0,3,15,4,9,6;0,5,9,10,1;1,10,11,8,4;4,7,11,12,9;4,8,12,13,14,10,6,5;1,6,9,14,15,3,11,7;3,12,8,7,10;3,13,9,8,11;0,2,14,9,12,3;2,15,10,9,13;2,4,5,3,10,14
torus653 16 3,7,4,5,12,15,10,14;2,13,8,12,5;1,5,6,3,13;0,14,13,2,6,7;0,7,11,8,13,9,5;0,4,9,6,2,1,12;2,5,9,10,15,11,7,3;0,3,6,11,4;1,13,4,11,12;4,13,14,10,6,5;0,15,6,9,14;4,7,6,15,12,8;0,5,1,8,11,15;1,2,3,14,9,4,8;0,10,9,13,3;0,12,11,6,10
torus654 16 1,2,6,4,15,12;0,12,8,9,13,2;0,1,13,14,3,7,11,6;2,14,15,4,7;0,6,5,9,8,7,3,15;4,6,11,10,13,9;0,2,11,5,4;2,3,4,8,11;1,12,11,7,4,9;1,8,4,5,13;5,11,15,14,13;2,7,8,12,15,10,5,6;0,15,11,8,1;1,9,5,10,14,2;2,13,10,15,3;0,4,3,14,10,11,12
torus655 16 1,5,4,3,12,8;0,8,13,10,14,5;3,6,13,8,9,5,14,15;0,4,7,6,2,15,12;0,5,9,7,3;0,1,14,2,9,4;2,3,7,10,13;3,4,9,11,10,6;0,12,11,9,2,13,1;2,8,11,7,4,5;1,13,6,7,11,15,14;7,9,8,12,15,10;0,3,15,11,8;1,8,2,6,10;1,10,15,2,5;2,14,10,11,12,3
torus656 16 1,5,4,3,13;0,13,2,7,6,5;1,13,12,9,14,7;0,4,7,14,10,15,12,13;0,5,9,8,7,3;0,1,6,11,10,9,4;1,7,8,11,5;1,2,14,3,4,8,6;4,9,12,15,11,6,7;2,12,8,4,5,10,14;3,14,9,5,11,15;5,6,8,15,10;2,13,3,15,8,9;0,3,12,2,1;2,9,10,3,7;3,10,11,8,12
torus657 16 3,7,8,4,5,13,12;2,13,5,10,6;1,6,7,9,13;0,12,15,14,7;0,8,11,9,14,5;0,4,14,10,1,13;1,10,8,7,2;0,3,14,9,2,6,8;0,7,6,10,15,11,4;2,7,14,4,11,13;1,5,14,15,8,6;4,8,15,12,13,9;0,13,11,15,3;0,5,1,2,9,11,12;3,15,10,5,4,9,7;3,12,11,8,10,14
torus658 16 1,5,4,3,15;0,15,12,13,2,6,5;1,13,9,7,6;0,4,7,9,15;0,5,8,11,7,3;0,1,6,10,9,8,4;1,2,7,11,10,5;2,9,3,4,11,6;4,5,9,13,11;2,13,8,5,10,14,15,3,7;5,6,11,14,9;4,8,13,12,14,10,6,7;1,15,14,11,13;1,12,11,8,9,2;9,10,11,12,15;0,3,9,14,12,1
torus659 16 3,9,5,15,14;2,13,8,12,5;1,5,6,3,14,13;0,14,2,6,7,4,9;3,7,8,13,10,9;0,9,10,6,2,1,12,15;2,5,10,11,7,3;3,6,11,8,4;1,13,4,7,11,12;0,3,4,10,5;4,13,14,11,6,5,9;6,10,14,15,12,8,7;1,8,11,15,5;1,2,14,10,4,8;0,15,11,10,13,2,3;0,5,12,11,14
torus660 16 1,4,3,15,12;0,12,13,2,6,5,4;1,13,9,14,6;0,4,7,14,10,15;0,1,5,9,8,7,3;1,6,11,15,10,9,4;1,2,14,7,11,5;3,4,8,11,6,14;4,9,13,11,7;2,13,8,4,5,10,14;3,14,9,5,15;5,6,7,8,13,12,15;0,15,11,13,1;1,12,11,8,9,2;2,9,10,3,7,6;0,3,10,5,11,12
torus661 16 1,5,3,14,15,12;0,12,2,6,5;1,12,8,13,3,7,6;0,5,4,7,2,13,14;3,5,8,11,7;0,1,6,10,9,8,4,3;1,2,7,11,10,5;2,3,4,11,6;2,12,15,11,4,5,9,13;5,10,14,13,8;5,6,11,15,14,9;4,8,15,10,6,7;0,15,8,2,1;2,8,9,14,3;0,3,13,9,10,15;0,14,10,11,8,12
torus662 16 1,5,9,4,15;0,15,12,8,13,2,6,5;1,13,14,7,6;4,8,7,14,15;0,9,13,8,3,15;0,1,6,10,9;1,2,7,11,10,5;2,14,3,8,12,11,6;1,12,7,3,4,13;0,5,10,14,13,4;5,6,11,15,14,9;6,7,12,15,10;1,15,11,7,8;1,8,4,9,14,2;2,13,9,10,15,3,7;0,4,3,14,10,11,12,1
torus663 16 1,6,15,12,13;0,13,14,2,7,6;1,14,3,4,7;2,14,10,11,15,5,4;2,3,5,8,12,7;3,15,9,8,4;0,1,7,10,9,15;1,2,4,12,11,10,6;4,5,9,10,13,12;5,15,6,10,8;3,14,13,8,9,6,7,11;3,10,7,12,15;0,15,11,7,4,8,13;0,12,8,10,14,1;1,13,10,3,2;0,6,9,5,3,11,12
torus664 16 1,4,7,15,11,12;0,12,13,2,6,10,5,4;1,13,14,3,6;2,14,5,15,7,6;0,1,5,9,7;1,10,15,3,14,9,4;1,2,3,7,8,11,10;0,4,9,8,6,3,15;6,7,9,13,12,11;4,5,14,13,8,7;1,6,11,15,5;0,15,10,6,8,12;0,11,8,13,1;1,12,8,9,14,2;2,13,9,5,3;0,7,3,5,10,11
torus665 16 1,5,4,3,15,12;0,12,13,2,6,5;1,13,14,7,6;0,4,14,10,15;0,5,8,7,14,3;0,1,6,10,9,8,4;1,2,7,11,15,10,5;2,14,4,8,11,6;4,5,9,13,11,7;5,10,14,13,8;3,14,9,5,6,15;6,7,8,13,12,15;0,15,11,13,1;1,12,11,8,9,14,2;2,13,9,10,3,4,7;0,3,10,6,11,12
torus666 16 3,7,5,12,15;2,13,8,12,5,10,6;1,6,11,7,3,14,13;0,15,14,2,7;5,7,11,8,13,14,9;0,7,4,9,10,1,12;1,10,15,11,2;0,3,2,11,4,5;1,13,4,11,12;4,14,15,10,5;1,5,9,15,6;2,6,15,12,8,4,7;0,5,1,8,11,15;1,2,14,4,8;2,3,15,9,4,13;0,12,11,6,10,9,14,3
torus667 16 1,5,4,3,11;0,11,12,2,5;1,12,13,14,3,7,6,5;0,4,7,2,14,15,11;0,5,10,9,8,7,3;0,1,2,6,15,10,4;2,7,8,15,5;2,3,4,8,6;4,9,13,12,15,6,7;4,10,14,13,8;4,5,15,14,9;0,3,15,12,1;1,11,15,8,13,2;2,12,8,9,14;2,13,9,10,15,3;3,14,10,5,6,8,12,11
torus668 16 1,10,5,3,15,11,12;0,12,13,2,6,10;1,13,3,4,7,6;0,5,4,2,13,14,15;2,3,5,9,8,11,7;0,10,9,4,3;1,2,7,14,10;2,4,11,15,14,6;4,9,13,12,11;4,5,10,14,13,8;0,1,6,14,9,5;0,15,7,4,8,12;0,11,8,13,1;1,12,8,9,14,3,2;3,13,9,10,6,7,15;0,3,14,7,11
torus669 16 1,5,4,3,15,11,12;0,12,13,2,6,10,5;1,13,15,3,6;0,4,7,6,2,15;0,5,8,7,3;0,1,10,14,9,8,4;1,2,3,7,11,10;3,4,8,11,6;4,5,9,12,11,7;5,14,13,12,8;1,6,11,15,14,5;0,15,10,6,7,8,12;0,11,8,9,13,1;1,12,9,14,15,2;5,10,15,13,9;0,3,2,13,14,10,11
torus670 16 1,2,14,13,12;0,12,4,5,6,2;0,1,6,7,3,14;2,7,4,15,10,14;1,12,15,3,7,8,9,5;1,4,9,10,6;1,5,10,11,13,7,2;2,6,13,8,4,3;4,7,13,14,9;4,8,14,10,5;3,15,11,6,5,9,14;6,10,15,12,13;0,13,11,15,4,1;0,14,8,7,6,11,12;0,2,3,10,9,8,13;3,4,12,11,10
torus671 16 1,5,9,4,15;0,15,12,8,13,6,5;3,7,6,13,14,10,15;2,15,4,8,7;0,9,8,3,15;0,1,6,11,10,14,9;1,13,2,7,11,5;2,3,8,11,6;1,12,11,7,3,4,9,14,13;0,5,14,8,4;2,14,5,11,12,15;5,6,7,8,12,10;1,15,10,11,8;1,8,14,2,6;2,13,8,9,5,10;0,4,3,2,10,12,1
torus672 16 1,5,15,10,11,12;0,12,14,2,6,9,5;1,14,15,3,7,6;2,15,5,9,4,7;3,9,13,12,8,7;0,1,9,3,15;1,2,7,8,11,10,9;2,3,4,8,6;4,12,11,6,7;1,6,10,13,4,3,5;0,15,14,13,9,6,11;0,10,6,8,12;0,11,8,4,13,14,1;4,9,10,14,12;1,12,13,10,15,2;0,5,3,2,14,10
torus673 16 1,7,5,4,3,15,13;0,13,14,2,7;1,14,3,9,7;0,4,9,2,14,11,6,15;0,5,10,9,3;0,7,6,11,10,4;3,11,5,7,8,15;0,1,2,9,8,6,5;6,7,9,12,15;2,3,4,10,12,8,7;4,5,11,14,13,12,9;3,14,10,5,6;8,9,10,13,15;0,15,12,10,14,1;1,13,10,11,3,2;0,3,6,8,12,13
torus674 16 1,6,5,3,14,15,12;0,12,13,2,7,6;1,13,10,14,3,4,7;0,5,4,2,14;2,3,5,9,12,8,7;0,6,10,9,4,3;0,1,7,8,11,10,5;1,2,4,8,6;4,12,11,6,7;4,5,10,13,12;2,13,9,5,6,11,15,14;6,8,12,15,10;0,15,11,8,4,9,13,1;1,12,9,10,2;0,3,2,10,15;0,14,10,11,12
torus675 16 1,6,5,4,3,12;0,12,13,14,2,7,8,6;1,14,10,3,7;0,4,7,2,10,15,12;0,5,9,8,7,3;0,6,10,9,4;0,1,8,15,10,5;1,2,3,4,8;1,7,4,9,11,15,6;4,5,10,14,13,11,8;2,14,9,5,6,15,3;8,9,13,12,15;0,3,15,11,13,1;1,12,11,9,14;1,13,9,10,2;3,10,6,8,11,12
torus676 16 1,5,9,4,15;0,15,8,13,6,5;3,4,7,6,13;2,13,14,5,11,10,4;0,9,7,2,3,10,15;0,1,6,11,3,14,9;1,13,2,7,11,5;2,4,9,12,11,6;1,15,10,12,9,14,13;0,5,14,8,12,7,4;3,11,12,8,15,4;3,5,6,7,12,10;7,9,8,10,11;1,8,14,3,2,6;3,13,8,9,5;0,4,10,8,1
torus677 16 1,4,7,3,12,13;0,13,14,2,6,5,4;1,14,15,3,7,6;0,7,2,15,12;0,1,5,9,8,7;1,6,11,15,10,9,4;1,2,7,11,5;0,4,8,11,6,2,3;4,9,13,12,15,11,7;4,5,10,13,8;5,15,14,13,9;5,6,7,8,15;0,3,15,8,13;0,12,8,9,10,14,1;1,13,10,15,2;2,14,10,5,11,8,12,3
torus678 16 1,4,3,15,12;0,12,2,5,4;1,12,13,14,3,7,6,5;0,4,7,2,14,15;0,1,5,9,8,7,3;1,2,6,11,10,9,4;2,7,8,11,5;2,3,4,8,6;4,9,13,12,11,6,7;4,5,10,14,13,8;5,11,12,15,14,9;5,6,8,12,10;0,15,10,11,8,13,2,1;2,12,8,9,14;2,13,9,10,15,3;0,3,14,10,12
torus679 16 3,4,5,15,10;2,15,5,14,6,7;1,7,3,13,12,15;0,10,14,13,2,7,4;0,3,7,8,12,9,5;0,4,9,14,1,15;1,14,10,11,7;1,6,11,8,4,3,2;4,7,11,15,12;4,12,13,14,5;0,15,11,6,14,3;6,10,15,8,7;2,13,9,4,8,15;2,3,14,9,12;1,5,9,13,3,10,6;0,5,1,2,12,8,11,10
torus680 16 1,5,4,7,3,14,15,12;0,12,13,2,5;1,13,3,6,5;0,7,6,2,13,14;0,5,9,8,7;0,1,2,6,9,4;2,3,7,11,10,9,5;0,4,8,11,6,3;4,9,15,14,13,11,7;4,5,6,10,15,8;6,11,12,15,9;6,7,8,13,12,10;0,15,10,11,13,1;1,12,11,8,14,3,2;0,3,13,8,15;0,14,8,9,10,12
torus681 16 1,5,4,3,12;0,12,2,6,5;1,12,13,7,6;0,4,14,15,12;0,5,8,11,7,14,3;0,1,6,9,8,4;1,2,7,11,10,9,5;2,13,14,4,11,6;4,5,9,13,12,11;5,6,10,14,13,8;6,11,15,14,9;4,8,12,15,10,6,7;0,3,15,11,8,13,2,1;2,12,8,9,14,7;3,4,7,13,9,10,15;3,14,10,11,12
torus682 16 1,6,5,3,15;0,15,12,13,2,7,6;1,13,9,14,7;0,5,4,7,14,15;3,5,9,8,7;0,6,10,9,4,3;0,1,7,8,11,10,5;1,2,14,3,4,8,6;4,9,13,12,11,6,7;2,13,8,4,5,10,14;5,6,11,14,9;6,8,12,15,14,10;1,15,11,8,13;1,12,8,9,2;2,9,10,11,15,3,7;0,3,14,11,12,1
torus683 16 1,2,13,12,4,5;0,5,10,6,7,2;0,1,7,3,14,13;2,7,4,15,14;0,12,15,3,7,9,5;0,4,9,10,1;1,10,15,11,7;1,6,11,8,9,4,3,2;7,11,12,13,14,9;4,7,8,14,10,5;1,5,9,14,15,6;6,15,12,8,7;0,13,8,11,15,4;0,2,14,8,12;2,3,15,10,9,8,13;3,4,12,11,6,10,14
torus684 16 1,2,5,4,15;0,15,11,12,2;0,1,12,13,14,3,7,6,5;2,14,15,4,8,7;0,5,9,8,3,15;0,2,6,10,9,4;2,7,11,10,5;2,3,8,11,6;3,4,9,12,11,7;4,5,10,13,12,8;5,6,11,15,14,13,9;1,15,10,6,7,8,12;1,11,8,9,13,2;2,12,9,10,14;2,13,10,15,3;0,4,3,14,10,11,1
torus685 16 3,5,15,6,9,14;6,7,14,13,12;6,15,11,8,7;0,14,7,4,5;3,7,8,13,9,10,5;0,3,4,10,12,11,15;0,15,2,7,1,12,10,9;1,6,2,8,4,3,14;2,11,13,4,7;0,6,10,4,13,14;4,9,6,12,5;2,15,5,12,13,8;1,13,11,5,10,6;1,14,9,4,8,11,12;0,9,13,1,7,3;0,5,11,2,6
torus686 16 6,12,15,9,14;2,13,8,12,6,7;1,7,15,11,14,13;4,6,14,11,8;3,8,13,5,6;4,13,9,10,6;0,14,3,4,5,10,7,1,12;1,6,10,15,2;1,13,4,3,11,15,12;0,15,10,5,13,14;5,9,15,7,6;2,15,8,3,14;0,6,1,8,15;1,2,14,9,5,4,8;0,9,13,2,11,3,6;0,12,8,11,2,7,10,9
torus687 16 1,5,4,15,12,8;0,8,13,2,5;1,13,3,6,5;2,13,4,11,6;0,5,7,11,3,13,14,15;0,1,2,6,10,9,7,4;2,3,11,10,5;4,5,9,8,12,11;0,12,7,9,14,13,1;5,10,14,8,7;5,6,11,12,15,14,9;3,4,7,12,10,6;0,15,10,11,7,8;1,8,14,4,3,2;4,13,8,9,10,15;0,4,14,10,12
torus688 16 1,4,8,9,6;0,6,2,15,4;1,6,5,7,3,14,13,12,15;2,7,4,10,14;0,1,15,10,3,7,8;2,6,10,11,8,7;0,9,10,5,2,1;2,5,8,4,3;0,4,7,5,11,13,9;0,8,13,14,10,6;3,4,15,12,11,5,6,9,14;5,10,12,13,8;2,13,11,10,15;2,14,9,8,11,12;2,3,10,9,13;1,2,12,10,4
torus689 16 1,6,5,14,9,15;0,15,12,11,7,8,13,6;4,8,7,5,6;4,6,13,14,10;2,6,3,10,15,9,8;0,6,2,7,11,14;0,1,13,3,4,2,5;1,11,5,2,8;1,7,2,4,9,14,13;0,14,8,4,15;3,14,12,15,4;1,12,14,5,7;1,15,10,14,11;1,8,14,3,6;0,5,11,12,10,3,13,8,9;0,9,4,10,12,1
torus690 16 1,9,4,3,14,11;0,11,12,13,2,5,9;1,13,14,3,6,5;0,4,7,6,2,14;0,9,8,7,3;1,2,6,10,9;2,3,7,12,11,10,5;3,4,8,12,6;4,9,15,14,13,12,7;0,1,5,10,15,8,4;5,6,11,15,9;0,14,15,10,6,12,1;1,11,6,7,8,13;1,12,8,14,2;0,3,2,13,8,15,11;8,9,10,11,14
torus691 16 1,5,9,4,13;0,13,11,8,14,2,5;1,14,3,7,5;2,14,15,4,7;0,9,8,6,7,3,15,13;0,1,2,7,6,12,10,9;4,8,11,12,5,7;2,3,4,6,5;1,11,6,4,9,10,14;0,5,10,8,4;5,12,14,8,9;1,13,12,6,8;5,6,11,13,15,14,10;0,4,15,12,11,1;1,8,10,12,15,3,2;3,14,12,13,4
torus692 16 1,5,7,3,8,13;0,13,2,6,9,5;1,13,14,15,7,4,11,6;0,7,10,12,8;2,7,5,9,8,12,11;0,1,9,4,7;1,2,11,10,9;0,5,4,2,15,10,3;0,3,12,4,9,14,13;1,6,10,15,14,8,4,5;3,7,15,9,6,11,12;2,4,12,10,6;3,10,11,4,8;0,8,14,2,1;2,13,8,9,15;2,14,9,10,7
torus693 16 1,4,15,12,8;0,8,5,9,4;3,5,8,13,15;2,15,4,7,6,5;0,1,9,7,3,15;1,8,2,3,6,10,14,9;3,7,11,10,5;3,4,9,14,13,8,12,11,6;0,12,7,13,2,5,1;1,5,14,7,4;5,6,11,15,14;6,7,12,15,10;0,15,11,7,8;2,8,7,14,15;5,10,15,13,7,9;0,4,3,2,13,14,10,11,12
torus694 16 1,5,4,2,3,15,12;0,12,8,13,6,10,5;0,4,7,6,13,3;0,2,13,14,10,15;0,5,9,8,7,2;0,1,10,9,4;1,13,2,7,10;2,4,8,11,10,6;1,12,11,7,4,9,14,13;4,5,10,14,8;1,6,7,11,15,3,14,9,5;7,8,12,15,10;0,15,11,8,1;1,8,14,3,2,6;3,13,8,9,10;0,3,10,11,12
torus695 16 1,3,10,5,8;0,8,11,15,12,3;5,6,7,14,15,13,8;0,1,12,9,10;7,11,8,9,12,14;0,10,6,2,8;2,5,10,11,7;2,6,11,4,14;0,5,2,13,9,4,11,1;3,12,4,8,13,10;0,3,9,13,15,11,6,5;1,8,4,7,6,10,15;1,15,14,4,9,3;2,15,10,9,8;2,7,4,12,15;1,11,10,13,2,14,12
torus696 16 1,5,4,7,11,12;0,12,13,10,15,3,14,5;3,4,6,10,13,9,14;1,15,7,4,2,14;0,5,8,6,2,3,7;0,1,14,8,4;2,4,8,11,10;0,4,3,15,11;4,5,14,11,6;2,13,12,11,14;1,13,2,6,11,15;0,7,15,10,6,8,14,9,12;0,11,9,13,1;1,12,9,2,10;1,3,2,9,11,8,5;1,10,11,7,3
torus697 16 3,12,9,4,7,13;2,5,11,8,14,13;1,13,6,9,5;0,13,14,15,12;0,9,14,8,7;1,2,9,12,11;2,13,7,11,10,9;0,4,8,11,6,13;1,11,7,4,14;0,12,5,2,6,10,14,4;6,11,15,14,9;1,5,12,15,10,6,7,8;0,3,15,11,5,9;0,7,6,2,1,14,3;1,8,4,9,10,15,3,13;3,14,10,11,12
torus698 16 1,13,5,4,3,11,15;0,15,12,9,13;3,6,10,5,14;0,4,8,7,6,2,14,11;0,5,10,8,3;0,13,14,2,10,4;2,3,7,15,10;3,8,12,15,6;3,4,10,9,12,7;1,12,8,10,11,14,13;2,6,15,11,9,8,4,5;0,3,14,9,10,15;1,15,7,8,9;0,1,9,14,5;2,5,13,9,11,3;0,11,10,6,7,12,1
torus699 16 3,8,4,9,5,12,15;2,13,12,5,6,14;1,14,9,4,13;0,15,14,7,8;0,8,11,13,2,9;0,9,10,11,6,1,12;1,5,11,7,14;3,14,6,11,8;0,3,7,11,4;0,4,2,14,10,5;5,9,14,15,13,11;4,8,7,6,5,10,13;0,5,1,13,15;1,2,4,11,10,15,12;1,6,7,3,15,10,9,2;0,12,13,10,14,3
torus700 16 2,3,5,12,15,10,14;2,8,12,5,4,6,7;0,14,13,8,1,7,3;0,2,7,11,5;1,5,11,13,9,6;0,3,11,4,1,12;1,4,9,10,7;1,6,10,11,3,2;1,2,13,15,12;4,13,14,10,6;0,15,11,7,6,9,14;3,7,10,15,13,4,5;0,5,1,8,15;2,14,9,4,11,15,8;0,10,9,13,2;0,12,8,13,11,10
torus701 16 3,7,8,4,14;2,12,15,4,5;1,5,3,13,12;0,14,13,2,5,6,7;0,8,5,1,15,14;1,4,8,9,10,11,6,3,2;3,5,11,12,7;0,3,6,12,8;0,7,12,9,5,4;5,8,12,13,10;5,9,13,14,11;5,10,14,15,12,6;1,2,13,9,8,7,6,11,15;2,3,14,10,9,12;0,4,15,11,10,13,3;1,12,11,14,4
torus702 16 1,5,9,4,15,11,12,7;0,7,6,10,5;5,10,14,12,11,13,9;4,13,8,7,14,15;0,9,13,3,15;0,1,10,2,9;1,7,8,11,15,10;0,12,14,3,8,6,1;3,13,11,6,7;0,5,2,13,4;1,6,15,14,2,5;0,15,6,8,13,2,12;0,11,2,14,7;2,11,8,3,4,9;2,10,15,3,7,12;0,4,3,14,10,6,11
torus703 16 1,5,9,4,15,11,12;0,12,13,2,6,5;1,13,14,3,6;2,14,15,7,8,6;0,9,13,7,15;0,1,6,10,9;1,2,3,8,11,10,5;3,15,4,13,8;3,7,13,12,11,6;0,5,10,13,4;5,6,11,14,13,9;0,15,14,10,6,8,12;0,11,8,13,1;1,12,8,7,4,9,10,14,2;2,13,10,11,15,3;0,4,7,3,14,11
torus704 16 1,5,4,15,12;0,12,2,3,7,6,9,5;1,12,13,14,3;1,2,14,15,7;0,5,13,8,7,15;0,1,9,13,4;1,7,11,10,9;1,3,15,4,8,11,6;4,13,12,11,7;1,6,10,15,14,13,5;6,11,12,15,9;6,7,8,12,10;0,15,10,11,8,13,2,1;2,12,8,4,5,9,14;2,13,9,15,3;0,4,7,3,14,9,10,12
torus705 16 1,8,5,4,3,15,6,13;0,13,7,11,2,8;1,11,6,10,8;0,4,7,14,15;0,5,11,7,3;0,8,10,14,9,12,11,4;0,15,10,2,11,12,13;1,13,9,14,3,4,11;0,1,2,10,5;5,14,7,13,12;2,6,15,14,5,8;1,7,4,5,12,6,2;5,9,13,6,11;0,6,12,9,7,1;3,7,9,5,10,15;0,3,14,10,6
torus706 16 3,12,13,8,15;2,13,12,4,5,10,11,6;1,6,3,14,13;0,15,14,2,6,7,4,12;1,12,3,7,5;1,4,7,9,10;1,11,7,3,2;3,6,11,8,13,9,5,4;0,13,7,11,10,15;5,7,13,14,10;1,5,9,14,15,8,11;1,10,8,7,6;0,3,4,1,13;0,12,1,2,14,9,7,8;2,3,15,10,9,13;0,8,10,14,3
torus707 16 1,3,4,9,6;0,6,12,15,3;5,7,14,12,6;0,1,15,10,14,7,4;0,3,7,8,9;2,6,9,10,15,11,7;0,9,5,2,12,1;2,5,11,8,4,3,14;4,7,11,13,9;0,4,8,13,14,10,5,6;3,15,5,9,14;5,15,12,13,8,7;1,6,2,14,13,11,15;8,11,12,14,9;2,7,3,10,9,13,12;1,12,11,5,10,3
torus708 16 1,3,10,15,6,11,13,12;0,12,14,2,8,3;1,14,6,15,5,8;0,1,8,4,10;3,8,11,7,10;2,15,10,9,13,8;0,15,2,14,7,11;4,11,6,14,10;1,2,5,13,11,4,3;5,10,14,12,13;0,3,4,7,14,9,5,15;0,6,7,4,8,13;0,13,9,14,1;0,11,8,5,9,12;1,12,9,10,7,6,2;0,10,5,2,6
torus709 16 1,5,4,3,7,2,15,11,12;0,12,6,8,10,5;0,7,13,14,15;0,4,9,8,6,7;0,5,14,13,9,3;0,1,10,14,4;1,12,13,7,3,8;0,3,6,13,2;1,6,3,9,11,10;3,4,13,11,8;1,8,11,15,14,5;0,15,10,8,9,13,12;0,11,13,6,1;2,7,6,12,11,9,4,14;2,13,4,5,10,15;0,2,14,10,11
torus710 16 1,5,3,10,12,7,15;0,15,13,2,11,6,5;1,13,14,3,8,7,12,11;0,5,4,8,2,14,10;3,5,6,9,8;0,1,6,4,3;1,11,9,4,5;0,12,2,8,9,15;2,3,4,9,7;4,6,11,10,14,13,15,7,8;0,3,14,9,11,12;1,2,12,10,9,6;0,10,11,2,7;1,15,9,14,2;2,13,9,10,3;0,7,9,13,1
torus711 16 1,5,4,9,3,15;0,15,12,2,5;1,12,13,14,7,6,5;0,9,7,14,10,11,15;0,5,10,14,13,8,9;0,1,2,6,11,10,4;2,7,8,11,5;2,14,3,9,8,6;4,13,12,15,11,6,7,9;0,4,8,7,3;3,14,4,5,11;3,10,5,6,8,15;1,15,8,13,2;2,12,8,4,14;2,13,4,10,3,7;0,3,11,8,12,1
torus712 16 1,5,9,4,7,3,12;0,12,11,13,5;3,7,6,13,15;0,7,2,15,12;0,9,14,13,11,8,7;0,1,13,6,8,10,9;2,7,8,5,13;0,4,8,6,2,3;4,11,12,15,10,5,6,7;0,5,10,14,4;5,8,15,14,9;1,12,8,4,13;0,3,15,8,11,1;1,11,4,14,15,2,6,5;4,9,10,15,13;2,13,14,10,8,12,3
torus713 16 1,3,14,9,15,11,8;0,8,12,13,6,5,3;3,7,6,13,14;0,1,5,4,7,2,14;3,5,10,9,13,12,7;1,6,10,4,3;1,13,2,7,11,15,10,5;2,3,4,12,8,11,6;0,11,7,12,1;0,14,13,4,10,15;4,5,6,15,9;0,15,6,7,8;1,8,7,4,13;1,12,4,9,14,2,6;0,3,2,13,9;0,9,10,6,11
torus714 16 1,9,4,2,3,13,15;0,15,7,5,9;0,4,11,6,3;0,2,6,12,13;0,9,8,11,2;1,7,12,10,9;2,11,10,12,3;1,15,11,8,12,5;4,9,14,13,12,7,11;0,1,5,10,14,8,4;5,12,6,11,15,14,9;2,4,8,7,15,10,6;3,6,10,5,7,8,13;0,3,12,8,14,15;8,9,10,15,13;0,13,14,10,11,7,1
torus715 16 1,5,9,4,3,12;0,12,8,13,2,5;1,13,6,11,5;0,4,7,14,15,12;0,9,13,8,11,7,3;0,1,2,11,10,9;2,13,14,7,11;3,4,11,6,14;1,12,11,4,13;0,5,10,13,4;5,11,12,15,13,9;2,6,7,4,8,12,10,5;0,3,15,10,11,8,1;1,8,4,9,10,15,14,6,2;3,7,6,13,15;3,14,13,10,12
torus716 16 1,4,14,15,12,2,6;0,6,10,5,4;0,12,13,7,6;4,5,8,7,14;0,1,5,3,14;1,10,9,12,8,3,4;0,2,7,8,11,10,1;2,13,14,3,8,6;3,5,12,11,6,7;5,10,14,13,12;1,6,11,15,14,9,5;6,8,12,15,10;0,15,11,8,5,9,13,2;2,12,9,14,7;0,4,3,7,13,9,10,15;0,14,10,11,12
torus717 16 4,5,12,11,15;2,15,14,13,12;1,12,6,7,3,15;2,7,8,4,15;0,15,3,8,13,9,5;0,4,9,6,12;2,12,5,9,10,7;2,6,10,8,3;3,7,10,11,12,13,4;4,13,14,11,10,6,5;6,9,11,8,7;0,12,8,10,9,14,15;0,5,6,2,1,13,8,11;1,14,9,4,8,12;1,15,11,9,13;0,11,14,1,2,3,4
torus718 16 3,4,13,9,12,11,6,15;2,14,13,8,5;1,5,6,11,7,4,3,14;0,15,14,2,4;0,3,2,7,8,13;1,8,12,9,10,6,2;0,11,2,5,10,15;2,11,12,8,4;1,13,4,7,12,5;0,13,14,10,5,12;5,9,14,15,6;0,12,7,2,6;0,9,5,8,7,11;0,4,8,1,14,9;1,2,3,15,10,9,13;0,6,10,14,3
torus719 16 1,2,5,4,3;0,3,13,9,2;0,1,9,14,7,11,12,6,5;0,4,15,12,13,1;0,5,8,11,7,15,3;0,2,6,10,8,4;2,12,15,10,5;2,14,15,4,11;4,5,10,14,9,13,12,11;1,13,8,14,2;5,6,15,14,8;2,7,4,8,12;2,11,8,13,3,15,6;1,3,12,8,9;2,9,8,10,15,7;3,4,7,14,10,6,12
torus720 16 1,6,4,15,12;0,12,13,14,2,6;1,14,3,8,7,6;2,14,10,11,15,4,9,8;0,6,9,3,15;6,11,10,13,9;0,1,2,7,11,5,9,4;2,8,12,11,6;2,3,9,13,12,7;3,4,6,5,13,8;3,14,13,5,11;3,10,5,6,7,12,15;0,15,11,7,8,13,1;1,12,8,9,5,10,14;1,13,10,3,2;0,4,3,11,12
torus721 16 1,8,4,7,3,9,14,13;0,13,6,10,5,12,8;6,13,14,11,15;0,7,6,15,12,5,9;0,8,15,11,10,7;1,10,9,3,12;1,13,2,15,3,7,10;0,4,10,6,3;0,1,12,15,4;0,3,5,10,11,14;1,6,7,4,11,9,5;2,14,9,10,4,15;1,5,3,15,8;0,14,2,6,1;0,9,11,2,13;2,11,4,8,12,3,6
torus722 16 3,4,5,13,12,15;2,9,10,6,3;1,3,15,14,5,9;0,15,2,1,6,7,4;0,3,7,9,5;0,4,9,2,14,13;1,10,11,7,3;3,6,11,12,13,14,8,9,4;7,14,15,10,9;1,2,5,4,7,8,10;1,9,8,15,11,6;6,10,15,12,7;0,13,7,11,15;0,5,14,7,12;2,15,8,7,13,5;0,12,11,10,8,14,2,3
torus723 16 2,4,6,13,12;2,14,8,13,6,7;0,12,15,14,1,7,11,3,4;2,11,10,8,4;0,2,3,8,9,5,6;4,9,15,12,10,11,7,6;0,4,5,7,1,13;1,6,5,11,2;1,14,9,4,3,10,12,13;4,8,14,15,5;3,11,5,12,8;2,7,5,10,3;0,13,8,10,5,15,2;0,6,1,8,12;1,2,15,9,8;2,12,5,9,14
torus724 16 1,5,2,8,14,15;0,15,12,9,6,5;0,5,4,10,9,12,8;6,9,14,7,11;2,5,11,15,10;0,1,6,11,4,2;1,9,3,11,5;3,14,8,13,11;0,2,12,13,7,14;1,12,2,10,14,3,6;2,4,15,14,9;3,7,13,15,4,5,6;1,15,13,8,2,9;7,8,12,15,11;0,8,7,3,9,10,15;0,14,10,4,11,13,12,1
torus725 16 1,4,3,15,7;0,7,8,12,5,4;3,4,11,6,14;0,4,2,14,15;0,1,5,9,11,2,3;1,12,6,10,9,4;2,11,7,10,5,12,14;0,15,10,6,11,8,1;1,7,11,13,12;4,5,10,15,13,11;5,6,7,15,9;2,4,9,13,8,7,6;1,8,13,15,14,6,5;8,11,9,15,12;2,6,12,15,3;0,3,14,12,13,9,10,7
torus726 16 1,5,7,12,11;0,11,13,14,2,5;1,14,6,10,9,5;4,6,14,12,7,9;3,9,15,8,6;0,1,2,9,7;2,14,3,4,8,11,10;0,5,9,3,12;4,15,13,11,6;2,10,15,4,3,7,5;2,6,11,12,15,9;0,12,10,6,8,13,1;0,7,3,14,15,10,11;1,11,8,15,14;1,13,15,12,3,6,2;4,9,10,12,14,13,8
torus727 16 4,5,6,15,14,13,7;2,3,8,12,6;1,6,9,14,10,3;1,2,10,7,13,8;0,7,10,11,12,8,5;0,4,8,9,6;0,5,9,2,1,12,11,15;0,13,3,10,4;1,3,13,14,9,5,4,12;2,6,5,8,14;2,14,15,11,4,7,3;4,10,15,6,12;1,8,4,11,6;0,14,8,3,7;0,15,10,2,9,8,13;0,6,11,10,14
torus728 16 5,8,10,9,13;2,6,8,5,7,9,4,11;1,11,12,3,13,6;2,12,7,5,13;1,9,10,15,11;0,13,3,7,1,8;1,2,13,14,8;1,5,3,12,9;0,5,1,6,14,12,15,10;0,10,4,1,7,12,14,13;0,8,15,4,9;1,4,15,12,2;2,11,15,8,14,9,7,3;0,9,14,6,2,3,5;6,13,9,12,8;4,10,8,12,11
torus729 16 4,5,10,14,7;2,13,8,12,15;1,15,5,9,3,11,7,13;2,9,8,6,10,11;0,7,12,8,9,5;0,4,9,2,15,10;3,8,13,14,10;0,14,13,2,11,12,4;1,13,6,3,9,4,12;2,5,4,8,3;0,5,15,12,11,3,6,14;2,3,10,12,7;1,8,4,7,11,10,15;1,2,7,14,6,8;0,10,6,13,7;1,12,10,5,2
torus730 16 3,4,10,5,12;2,15,9,14,7;1,7,3,12,11,15;0,12,2,7,4;0,3,7,6,8,9,10;0,10,15,6,7,14,12;4,7,5,15,11,13,8;1,14,5,6,4,3,2;4,6,13,14,9;1,15,10,4,8,14;0,4,9,15,5;2,12,13,6,15;0,5,14,13,11,2,3;6,11,12,14,8;1,9,8,13,12,5,7;1,2,11,6,5,10,9
torus731 16 4,8,15,13,5,9;3,8,6,5,13,12,14;6,7,12,11,10;1,14,9,11,8;0,9,14,12,7,8;0,13,1,6,10,9;1,8,7,2,10,5;2,6,8,4,12;0,4,7,6,1,3,11,15;0,5,10,11,3,14,4;2,11,9,5,6;2,12,15,8,3,9,10;1,13,15,11,2,7,4,14;0,15,12,1,5;1,12,4,9,3;0,8,11,12,13
torus732 16 3,10,5,15,12;4,12,6,5,9;5,6,13,14,7;0,12,4,7,14,10;1,9,8,11,7,3,12;0,10,9,1,6,2,7,15;1,12,13,2,5;2,14,3,4,11,15,5;4,9,10,13,11;1,5,10,8,4;0,3,14,13,8,9,5;4,8,13,15,7;0,15,13,6,1,4,3;2,6,12,15,11,8,10,14;2,13,10,3,7;0,5,7,11,13,12
torus733 16 1,10,5,9,12;0,12,6,11,10;6,7,9,15,11;4,14,11,15,5;3,5,8,12,14;0,10,8,4,3,15,9;1,12,13,7,2,11;2,6,13,10,14,9;4,5,10,13,12;0,5,15,2,7,14,12;0,1,11,14,7,13,8,5;1,6,2,15,3,14,10;0,9,14,4,8,13,6,1;6,12,8,10,7;3,4,12,9,7,10,11;2,9,5,3,11
torus734 16 1,2,12,6,10,3,4,5;0,5,11,9,8,2;0,1,8,15,14,13,12;0,10,15,8,4;0,3,8,9,14,7,5;0,4,7,11,1;0,12,11,7,14,10;4,14,6,11,5;1,9,4,3,15,2;1,11,13,14,4,8;0,6,14,15,3;1,5,7,6,12,13,9;0,2,13,11,6;2,14,9,11,12;2,15,10,6,7,4,9,13;2,8,3,10,14
torus735 16 4,7,8,12,5,13;2,13,5,9,11,6,8,7;1,7,15,14,13;4,9,5,15,7;0,13,10,11,9,3,7;0,12,15,3,9,1,13;1,11,10,12,8;0,4,3,15,2,1,8;0,7,1,6,12;1,5,3,4,11;4,13,14,12,6,11;1,9,4,10,6;0,8,6,10,14,15,5;0,5,1,2,14,10,4;2,15,12,10,13;2,7,3,5,12,14
torus736 16 2,9,6,3,13,5,11;5,13,12,10,14;0,11,7,4,9;0,6,15,4,13;2,7,13,3,15,14,9;0,13,1,14,11;0,9,10,12,8,15,3;2,11,8,13,4;6,12,13,7,11,14,15;0,2,4,14,10,6;1,12,6,9,14;0,5,14,8,7,2;1,13,8,6,10;0,3,4,7,8,12,1,5;1,10,9,4,15,8,11,5;3,6,8,14,4
torus737 16 2,4,7,8,5;2,3,14,13,4;0,5,9,10,11,6,3,1,4;1,2,6,15,14;0,2,1,13,12,15,7;0,8,14,9,2;2,11,7,15,3;0,4,15,6,11,8;0,7,11,13,14,5;2,5,14,15,12,10;2,9,12,13,11;2,10,13,8,7,6;4,13,10,9,15;1,14,8,11,10,12,4;1,3,15,9,5,8,13;3,6,7,4,12,9,14
torus738 16 3,4,15,14,7;2,4,8,5,7;1,7,14,9,13,6,4;0,7,11,8,4;0,3,8,1,2,6,15;1,8,9,15,6,10,7;2,13,10,5,15,4;0,14,2,1,5,10,12,11,3;1,4,3,11,9,5;2,14,15,5,8,11,12,13;5,6,13,12,7;3,7,12,9,8;7,10,13,9,11;2,9,12,10,6;0,15,9,2,7;0,4,6,5,9,14
torus739 16 1,7,6,9,4,12;0,12,10,2,7;1,10,5,3,7;2,5,15,4,14,7;0,9,14,3,15,13,12;2,10,9,6,11,15,3;0,7,11,5,9;0,1,2,3,14,8,13,11,6;7,14,9,10,12,13;0,6,5,10,8,14,4;1,12,8,9,5,2;5,6,7,13,15;0,4,13,8,10,1;4,15,11,7,8,12;3,4,9,8,7;3,5,11,13,4
torus740 16 3,5,6,11,12,13;2,11,6,9,4,13,14;1,14,15,3,7,8,11;0,13,7,2,15,5;1,9,8,7,13;0,3,15,10,8,9,6;0,5,9,1,11;2,3,13,4,8;2,7,4,9,5,10,12,11;1,6,5,8,4;5,15,14,13,12,8;0,6,1,2,8,12;0,11,8,10,13;0,12,10,14,1,4,7,3;1,13,10,15,2;2,14,10,5,3
torus741 16 1,5,9,4,7,2,11;0,11,8,12,5;0,7,6,13,11;4,9,10,8,11,14;0,9,3,14,12,15,7;0,1,12,14,13,6,10,9;2,7,10,5,13;0,4,15,10,6,2;1,11,3,10,15,12;0,5,10,3,4;3,9,5,6,7,15,8;0,2,13,14,3,8,1;1,8,15,4,14,5;2,6,5,14,11;3,11,13,5,12,4;4,12,8,10,7
torus742 16 1,3,4,12,13,2,11,5;0,5,10,15,3;0,13,6,7,14,11;0,1,15,14,4;0,3,14,7,8,9,12;0,11,8,7,10,1;2,13,15,10,7;2,6,10,5,8,4,14;4,7,5,11,9;4,8,11,15,12;1,5,7,6,15;0,2,14,15,9,8,5;0,4,9,15,13;0,12,15,6,2;2,7,4,3,15,11;1,10,6,13,12,9,11,14,3
torus743 16 3,4,10,15,5,14,13,7;2,15,10,9,11,6,3,7;1,7,13,12,15;0,7,1,6,12,4;0,3,12,9,10;0,15,8,11,14;1,11,8,12,3;0,13,2,1,3;5,15,12,6,11;1,10,4,12,14,11;0,4,9,1,15;1,9,14,5,8,6;2,13,14,9,4,3,6,8,15;0,14,12,2,7;0,5,11,9,12,13;0,10,1,2,12,8,5
torus744 16 3,11,9,5,6,15,12,14;2,13,8,15,6;1,6,7,3,14,13;0,14,2,7,11;7,8,13,9,11;0,9,13,10,7,6;0,5,7,2,1,15;2,6,5,10,12,8,4,11,3;1,13,4,7,12,15;0,11,4,13,5;5,13,14,12,7;0,3,7,4,9;0,15,8,7,10,14;1,2,14,10,5,9,4,8;0,12,10,13,2,3;0,6,1,8,12
torus745 16 3,5,12,11,7,4,9;2,15,9,4,13,12,5,14;1,14,6,8,15;0,9,15,8,10,14,5;0,7,8,13,1,9;0,3,14,1,12;2,14,11,12,13,8;0,11,10,8,4;2,6,13,4,7,10,3,15;0,4,1,15,3;3,8,7,11,14;0,12,6,14,10,7;0,5,1,13,6,11;1,4,8,6,12;1,5,3,10,11,6,2;1,2,8,3,9
torus746 16 3,9,5,12,11;2,15,14,12,5,6;1,6,7,4,9,3,15;0,11,15,2,9;2,7,11,8,9;0,9,13,10,6,1,12;1,5,10,7,2;2,6,10,11,4;4,11,12,14,13,9;0,3,2,4,8,13,5;5,13,14,15,11,7,6;0,12,8,4,7,10,15,3;0,5,1,14,8,11;5,9,8,14,10;1,15,10,13,8,12;1,2,3,11,10,14
torus747 16 1,4,12,8,13;0,13,6,5,4;3,6,13,14,15;2,15,9,8,7,6;0,1,5,15,12;1,6,7,11,10,15,4;1,13,2,3,7,5;3,8,12,11,5,6;0,12,7,3,9,13;3,15,10,13,8;5,11,13,9,15;5,7,12,14,13,10;0,4,15,14,11,7,8;0,8,9,10,11,14,2,6,1;2,13,11,12,15;2,14,12,4,5,10,9,3
torus748 16 2,5,6,13,7;2,14,10,9,12;0,7,14,1,12,5;4,5,15,8,14,7;3,7,9,10,11,5;0,2,12,15,3,4,11,6;0,5,11,8,13;0,13,9,4,3,14,2;3,15,9,13,6,11,14;1,10,4,7,13,8,15,12;1,14,11,4,9;4,10,14,8,6,5;1,9,15,5,2;0,6,8,9,7;1,2,7,3,8,11,10;3,5,12,9,8
torus749 16 4,7,6,13,12;5,11,14,13,6;7,14,11,12,8;4,12,15,10,14;0,12,3,14,7;1,6,7,8,9,10,15,11;0,7,5,1,13;0,4,14,2,8,5,6;2,12,13,9,5,7;5,8,13,14,10;3,15,5,9,14;1,5,15,12,2,14;0,13,8,2,11,15,3,4;0,6,1,14,9,8,12;1,11,2,7,4,3,10,9,13;3,12,11,5,10
torus750 16 3,9,11,10,15;2,3,15,14,8,12,11,5;1,5,13,10,7,3;0,15,1,2,7,6,9;6,8,14,10,13;1,11,9,13,2;3,7,12,8,4,13,9;2,10,12,6,3;1,14,4,6,12;0,3,6,13,5,11;0,11,12,7,2,13,4,14,15;0,9,5,1,12,10;1,8,6,7,10,11;2,5,9,6,4,10;1,15,10,4,8;0,10,14,1,3
torus751 16 1,4,9,5,6;0,6,14,2,15,4;1,14,9,13,12,11,15;6,7,15,10,14;0,1,15,7,8,13,9;0,9,10,15,11,6;0,5,11,12,8,7,3,14,1;3,6,8,4,15;4,7,6,12,13;0,4,13,2,14,10,5;3,15,5,9,14;2,12,6,5,15;2,13,8,6,11;2,9,4,8,12;1,6,3,10,9,2;1,2,11,5,10,3,7,4
torus752 16 4,8,9,12,11,15,14;2,13,8,7,12;1,12,5,14,15,10,13;4,14,6,10,7;0,14,3,7,8;2,12,9,6,14;3,14,5,9,13,10;1,8,4,3,10,11,12;0,4,7,1,13,9;0,8,13,6,5,12;2,15,11,7,3,6,13;0,12,7,10,15;0,9,5,2,1,7,11;1,2,10,6,9,8;0,15,2,5,6,3,4;0,11,10,2,14
torus753 16 2,3,5,11,15,14;8,10,15,12,13;0,14,13,12,3;0,2,12,6,7,4,10,5;3,7,13,9,10;0,3,10,8,11;3,12,11,8,7;3,6,8,13,4;1,13,7,6,11,5,10;4,13,14,15,10;1,8,5,3,4,9,15;0,5,8,6,12,15;1,15,11,6,3,2,13;1,12,2,14,9,4,7,8;0,15,9,13,2;0,11,12,1,10,9,14
torus754 16 3,8,6,15,11;4,10,12,11,15;4,13,5,11,7;0,11,9,4,8;1,15,13,2,7,8,3,9,10;2,13,6,8,14,9,11;0,8,5,13,15;2,11,12,8,4;0,3,4,7,12,14,5,6;3,11,5,14,10,4;1,4,9,14,12;0,15,1,12,7,2,5,9,3;1,10,14,8,7,11;2,4,15,6,5;5,8,12,10,9;0,6,13,4,1,11
torus755 16 1,5,3,11,7,13,9,14;0,14,15,8,12,2,5;1,12,13,7,6,10,4,5;0,5,4,8,11;2,10,9,8,3,5;0,1,2,4,3;2,7,11,8,15,10;0,11,6,2,13;1,15,6,11,3,4,9,12;0,13,12,8,4,10,14;2,6,15,14,9,4;0,3,8,6,7;1,8,9,13,2;0,7,2,12,9;0,9,10,15,1;1,14,10,6,8
torus756 16 1,5,12,11,13;0,13,2,3,7,6,15,10,5;1,13,9,14,3;1,2,14,4,8,7;3,14,15,12,5,8;0,1,10,8,4,12;1,7,11,12,15;1,3,8,9,11,6;3,4,5,10,9,7;2,13,11,7,8,10,15,14;1,15,9,8,5;0,12,6,7,9,13;0,5,4,15,6,11;0,11,9,2,1;2,9,15,4,3;1,6,12,4,14,9,10
torus757 20 1,6,5,4,19,15;0,15,16,2,7,6;1,16,17,3,9,8,7;2,17,18,4,9;0,5,9,3,18,19;0,6,11,10,9,4;0,1,7,12,11,5;1,2,8,13,12,6;2,9,14,13,7;2,3,4,5,10,14,8;5,11,16,15,14,9;5,6,12,17,16,10;6,7,13,18,17,11;7,8,14,19,18,12;8,9,10,15,19,13;0,19,14,10,16,1;1,15,10,11,17,2;2,16,11,12,18,3;3,17,12,13,19,4;0,4,18,13,14,15
torus758 20 1,6,5,4,19,15;0,15,16,2,7,12,6;1,16,17,3,8,7;2,17,18,4,8;0,5,9,8,3,18,19;0,6,11,10,9,4;0,1,12,11,5;1,2,8,13,12;2,3,4,9,14,13,7;4,5,10,14,8;5,11,17,16,15,14,9;5,6,12,17,10;1,7,13,18,17,11,6;7,8,14,19,18,12;8,9,10,15,19,13;0,19,14,10,16,1;1,15,10,17,2;2,16,10,11,12,18,3;3,17,12,13,19,4;0,4,18,13,14,15
torus759 20 1,6,5,4,19,14,15;0,15,16,2,7,6;1,16,17,3,7;2,17,18,4,9,8,7;0,5,9,3,18,19;0,6,12,11,10,9,4;0,1,7,12,5;1,2,3,8,13,12,6;3,9,14,13,7;3,4,5,10,14,8;5,11,16,15,14,9;5,12,17,16,10;5,6,7,13,18,17,11;7,8,14,19,18,12;0,19,13,8,9,10,15;0,14,10,16,1;1,15,10,11,17,2;2,16,11,12,18,3;3,17,12,13,19,4;0,4,18,13,14
torus760 20 1,6,5,4,19,15;0,15,16,2,7,6;1,16,3,8,7;2,16,17,18,4,9,8;0,5,9,3,18,19;0,6,11,10,9,4;0,1,7,12,11,5;1,2,8,13,12,6;2,3,9,13,7;3,4,5,10,14,13,8;5,11,16,14,9;5,6,12,17,16,10;6,7,13,18,17,11;7,8,9,14,19,18,12;9,10,16,15,19,13;0,19,14,16,1;1,15,14,10,11,17,3,2;3,16,11,12,18;3,17,12,13,19,4;0,4,18,13,14,15
torus761 20 1,6,5,4,19,15;0,15,16,2,7,6;1,16,17,3,8,7;2,17,4,9,8;0,5,9,3,17,18,19;0,6,11,10,9,4;0,1,7,11,5;1,2,8,13,12,11,6;2,3,9,14,13,7;3,4,5,10,14,8;5,11,17,16,15,14,9;5,6,7,12,17,10;7,13,18,17,11;7,8,14,19,18,12;8,9,10,15,19,13;0,19,14,10,16,1;1,15,10,17,2;2,16,10,11,12,18,4,3;4,17,12,13,19;0,4,18,13,14,15
torus762 20 1,5,4,19,15;0,15,16,2,7,6,5;1,16,17,3,8,7;2,17,18,4,9,8;0,5,9,3,18,19;0,1,6,11,10,9,4;1,7,12,11,5;1,2,8,13,12,6;2,3,9,14,19,13,7;3,4,5,10,14,8;5,11,16,15,14,9;5,6,12,16,10;6,7,13,18,17,16,11;7,8,19,18,12;8,9,10,15,19;0,19,14,10,16,1;1,15,10,11,12,17,2;2,16,12,18,3;3,17,12,13,19,4;0,4,18,13,8,14,15
torus763 20 1,6,5,4,19,15;0,15,16,2,8,7,6;1,16,17,3,8;2,17,18,4,8;0,5,9,8,3,18,19;0,6,11,10,9,4;0,1,7,12,11,5;1,8,13,12,6;1,2,3,4,9,14,13,7;4,5,10,14,8;5,11,17,16,15,14,9;5,6,12,17,10;6,7,13,18,17,11;7,8,14,19,18,12;8,9,10,15,19,13;0,19,14,10,16,1;1,15,10,17,2;2,16,10,11,12,18,3;3,17,12,13,19,4;0,4,18,13,14,15
torus764 20 1,6,5,4,19,15;0,15,16,2,6;1,16,17,3,8,7,6;2,17,18,4,9,8;0,5,9,3,18,19;0,6,10,9,4;0,1,2,7,12,11,10,5;2,8,13,12,6;2,3,9,14,13,7;3,4,5,10,14,8;5,6,11,16,15,14,9;6,12,17,16,10;6,7,13,17,11;7,8,14,19,18,17,12;8,9,10,15,19,13;0,19,14,10,16,1;1,15,10,11,17,2;2,16,11,12,13,18,3;3,17,13,19,4;0,4,18,13,14,15
torus765 20 1,6,5,4,19,15;0,15,16,2,7,6;1,16,11,17,3,8,7;2,17,18,19,4,9,8;0,5,9,3,19;0,6,11,10,9,4;0,1,7,12,17,11,5;1,2,8,13,12,6;2,3,9,14,13,7;3,4,5,10,14,8;5,11,16,15,14,9;2,16,10,5,6,17;6,7,13,18,17;7,8,14,19,18,12;8,9,10,15,19,13;0,19,14,10,16,1;1,15,10,11,2;2,11,6,12,18,3;3,17,12,13,19;0,4,3,18,13,14,15
torus766 20 1,6,5,4,19,15;0,15,16,2,7,6;1,16,17,3,9,7;2,17,18,4,9;0,5,9,3,18,19;0,6,11,10,9,4;0,1,7,12,11,5;1,2,9,8,13,12,6;7,9,10,14,13;2,3,4,5,10,8,7;5,11,16,15,14,8,9;5,6,12,17,16,10;6,7,13,18,17,11;7,8,14,19,18,12;8,10,15,19,13;0,19,14,10,16,1;1,15,10,11,17,2;2,16,11,12,18,3;3,17,12,13,19,4;0,4,18,13,14,15
torus767 20 1,6,5,4,19,15;0,15,16,2,7,6;1,16,17,18,3,7;2,18,4,9,8,7;0,5,9,3,18,19;0,6,11,10,9,4;0,1,7,12,11,5;1,2,3,8,13,12,6;3,9,14,13,7;3,4,5,10,14,8;5,11,15,14,9;5,6,12,17,16,15,10;6,7,13,18,17,11;7,8,14,19,18,12;8,9,10,15,19,13;0,19,14,10,11,16,1;1,15,11,17,2;2,16,11,12,18;2,17,12,13,19,4,3;0,4,18,13,14,15
torus768 20 1,6,5,9,4,19,15;0,15,16,7,6;3,8,7,16,17;2,17,18,4,9,8;0,9,3,18,19;0,6,11,10,9;0,1,7,12,11,5;1,16,2,8,13,12,6;2,3,9,14,13,7;0,5,10,14,8,3,4;5,11,16,15,14,9;5,6,12,17,16,10;6,7,13,17,11;7,8,14,19,18,17,12;8,9,10,15,19,13;0,19,14,10,16,1;1,15,10,11,17,2,7;2,16,11,12,13,18,3;3,17,13,19,4;0,4,18,13,14,15
torus769 20 1,6,5,4,19,15;0,15,16,2,7,6;1,16,17,3,8,7;2,17,18,4,9,8;0,5,9,3,18,19;0,6,11,9,4;0,1,7,11,5;1,2,8,12,11,6;2,3,9,14,13,12,7;3,4,5,11,10,14,8;9,11,16,15,14;5,6,7,12,17,16,10,9;7,8,13,18,17,11;8,14,19,18,12;8,9,10,15,19,13;0,19,14,10,16,1;1,15,10,11,17,2;2,16,11,12,18,3;3,17,12,13,19,4;0,4,18,13,14,15
torus770 20 1,6,5,4,19,15;0,15,16,2,7,6;1,16,3,8,7;2,16,17,18,4,9,8;0,5,9,3,18,19;0,6,12,11,10,9,4;0,1,7,12,5;1,2,8,13,12,6;2,3,9,14,13,7;3,4,5,10,14,8;5,11,16,15,14,9;5,12,17,16,10;5,6,7,13,18,17,11;7,8,14,15,19,18,12;8,9,10,15,13;0,19,13,14,10,16,1;1,15,10,11,17,3,2;3,16,11,12,18;3,17,12,13,19,4;0,4,18,13,15
torus771 20 1,6,5,4,15;0,15,16,2,7,6;1,16,17,3,8,7;2,17,18,4,5,9,8;0,5,3,18,19,15;0,6,11,10,9,3,4;0,1,7,12,11,5;1,2,8,13,18,12,6;2,3,9,14,13,7;3,5,10,14,8;5,11,16,15,14,9;5,6,12,17,16,10;6,7,18,17,11;7,8,14,19,18;8,9,10,15,19,13;0,4,19,14,10,16,1;1,15,10,11,17,2;2,16,11,12,18,3;3,17,12,7,13,19,4;4,18,13,14,15
torus772 20 1,6,4,19,14,15;0,15,16,2,7,6;1,16,17,3,8,7;2,17,18,4,9,8;0,6,5,9,3,18,19;4,6,11,10,9;0,1,7,12,11,5,4;1,2,8,13,12,6;2,3,9,14,13,7;3,4,5,10,14,8;5,11,17,16,15,14,9;5,6,12,17,10;6,7,13,18,17,11;7,8,14,19,18,12;0,19,13,8,9,10,15;0,14,10,16,1;1,15,10,17,2;2,16,10,11,12,18,3;3,17,12,13,19,4;0,4,18,13,14
torus773 20 1,6,5,4,19,14,15;0,15,16,2,7,6;1,16,3,9,8,7;2,16,17,18,4,9;0,5,9,3,18,19;0,6,11,10,9,4;0,1,7,12,11,5;1,2,8,13,12,6;2,9,14,13,7;2,3,4,5,10,14,8;5,11,16,15,14,9;5,6,12,17,16,10;6,7,13,18,17,11;7,8,14,19,18,12;0,19,13,8,9,10,15;0,14,10,16,1;1,15,10,11,17,3,2;3,16,11,12,18;3,17,12,13,19,4;0,4,18,13,14
torus774 20 1,7,6,5,4,19,15;0,15,16,2,7;1,16,17,3,8,7;2,17,18,4,9,8;0,5,9,3,18,19;0,6,11,10,9,4;0,7,12,11,5;0,1,2,8,13,12,6;2,3,9,14,13,7;3,4,5,10,14,8;5,11,17,16,15,14,9;5,6,12,18,17,10;6,7,13,18,11;7,8,14,19,18,12;8,9,10,15,19,13;0,19,14,10,16,1;1,15,10,17,2;2,16,10,11,18,3;3,17,11,12,13,19,4;0,4,18,13,14,15
torus775 20 1,6,5,4,19,14,15;0,15,16,2,7,6;1,16,17,8,7;4,5,9,8,17,18;0,5,3,18,19;0,6,11,10,9,3,4;0,1,7,12,11,5;1,2,8,13,12,6;2,17,3,9,14,13,7;3,5,10,14,8;5,11,16,15,14,9;5,6,12,17,16,10;6,7,13,18,17,11;7,8,14,19,18,12;0,19,13,8,9,10,15;0,14,10,16,1;1,15,10,11,17,2;2,16,11,12,18,3,8;3,17,12,13,19,4;0,4,18,13,14
torus776 20 4,5,6,15,19;2,16,15,6,7;1,7,3,17,16;2,7,8,9,4,18,17;0,19,18,3,9,5;0,4,9,10,11,6;0,5,11,12,7,1,15;1,6,12,13,8,3,2;3,7,13,14,9;3,8,14,10,5,4;5,9,14,15,16,11;5,10,16,17,12,6;6,11,17,18,19,13,7;7,12,19,14,8;8,13,19,15,10,9;0,6,1,16,10,14,19;1,2,17,11,10,15;2,3,18,12,11,16;3,4,19,12,17;0,15,14,13,12,18,4
torus777 20 1,6,5,4,19,15;0,15,16,2,7,6;1,16,17,18,3,8,7;2,18,4,9,8;0,5,9,3,18,19;0,6,10,9,4;0,1,7,12,11,10,5;1,2,8,13,12,6;2,3,9,10,14,13,7;3,4,5,10,8;5,6,11,16,15,14,8,9;6,12,17,16,10;6,7,13,18,17,11;7,8,14,19,18,12;8,10,15,19,13;0,19,14,10,16,1;1,15,10,11,17,2;2,16,11,12,18;2,17,12,13,19,4,3;0,4,18,13,14,15
torus778 20 1,6,5,4,19,15;0,15,16,2,7,6;1,16,17,3,8,7;2,17,4,9,8;0,5,9,3,17,18,19;0,6,11,10,9,4;0,1,7,12,11,5;1,2,8,13,18,12,6;2,3,9,14,13,7;3,4,5,10,14,8;5,11,16,14,9;5,6,12,17,16,10;6,7,18,17,11;7,8,14,19,18;8,9,10,16,15,19,13;0,19,14,16,1;1,15,14,10,11,17,2;2,16,11,12,18,4,3;4,17,12,7,13,19;0,4,18,13,14,15
torus779 20 1,6,5,4,19,15;0,15,16,7,6;3,8,7,16,17;2,17,18,4,8;0,5,9,8,3,18,19;0,6,11,10,9,4;0,1,7,12,11,5;1,16,2,8,13,12,6;2,3,4,9,14,13,7;4,5,10,15,14,8;5,11,16,15,9;5,6,12,17,16,10;6,7,13,18,17,11;7,8,14,19,18,12;8,9,15,19,13;0,19,14,9,10,16,1;1,15,10,11,17,2,7;2,16,11,12,18,3;3,17,12,13,19,4;0,4,18,13,14,15
torus780 20 1,6,5,4,19,15;0,15,10,16,2,8,7,6;1,16,17,3,9,8;2,17,18,4,9;0,5,9,3,18,19;0,6,11,10,9,4;0,1,7,12,11,5;1,8,13,12,6;1,2,9,14,13,7;2,3,4,5,10,14,8;1,15,14,9,5,11,16;5,6,12,17,16,10;6,7,13,18,17,11;7,8,14,19,18,12;8,9,10,15,19,13;0,19,14,10,1;1,10,11,17,2;2,16,11,12,18,3;3,17,12,13,19,4;0,4,18,13,14,15
torus781 20 1,6,5,4,19,15;0,15,10,16,2,7,6;1,16,17,3,8,7;2,17,18,4,9,8;0,5,9,3,18,19;0,6,11,16,10,9,4;0,1,7,12,11,5;1,2,8,14,13,12,6;2,3,9,14,7;3,4,5,10,14,8;1,15,14,9,5,16;5,6,12,17,16;6,7,13,18,17,11;7,14,19,18,12;7,8,9,10,15,19,13;0,19,14,10,1;1,10,5,11,17,2;2,16,11,12,18,3;3,17,12,13,19,4;0,4,18,13,14,15
torus782 20 1,6,5,4,19,15;0,15,16,2,7,6;1,16,11,17,3,8,7;2,17,18,4,9,8;0,5,9,3,18,19;0,6,11,9,4;0,1,7,12,11,5;1,2,8,12,6;2,3,9,14,13,12,7;3,4,5,11,10,14,8;9,11,16,15,14;2,16,10,9,5,6,12,17;6,7,8,13,18,17,11;8,14,19,18,12;8,9,10,15,19,13;0,19,14,10,16,1;1,15,10,11,2;2,11,12,18,3;3,17,12,13,19,4;0,4,18,13,14,15
torus783 20 1,6,5,4,19,15;0,15,16,2,7,6;1,16,17,3,8,7;2,17,18,4,9,8;0,5,9,3,18,19;0,6,11,10,9,4;0,1,7,12,11,5;1,2,8,12,6;2,3,9,13,12,7;3,4,5,10,14,13,8;5,11,17,16,15,14,9;5,6,12,17,10;6,7,8,13,18,17,11;8,9,14,19,18,12;9,10,15,19,13;0,19,14,10,16,1;1,15,10,17,2;2,16,10,11,12,18,3;3,17,12,13,19,4;0,4,18,13,14,15
torus784 20 4,5,6,15,19;2,16,15,6,7;1,7,8,3,17,16;2,8,9,18,17;0,19,18,9,10,5;0,4,10,11,6;0,5,11,12,7,1,15;1,6,12,13,8,2;2,7,13,14,9,3;3,8,14,10,4,18;4,9,14,15,16,11,5;5,10,16,17,12,6;6,11,17,18,13,7;7,12,18,19,14,8;8,13,19,15,10,9;0,6,1,16,10,14,19;1,2,17,11,10,15;2,3,18,12,11,16;3,9,4,19,13,12,17;0,15,14,13,18,4
torus785 20 1,6,5,19,15;0,15,16,2,7,6;1,16,17,3,8,7;2,17,4,9,8;3,17,18,19,5,9;0,6,11,10,9,4,19;0,1,7,12,11,5;1,2,8,13,12,6;2,3,9,13,7;3,4,5,10,14,13,8;5,11,16,15,14,9;5,6,12,17,16,10;6,7,13,18,17,11;7,8,9,14,19,18,12;9,10,15,19,13;0,19,14,10,16,1;1,15,10,11,17,2;2,16,11,12,18,4,3;4,17,12,13,19;0,5,4,18,13,14,15
torus786 20 1,6,5,4,19,15;0,15,16,2,7,6;1,16,11,17,8,7;4,9,8,17,18;0,5,9,3,18,19;0,6,11,10,9,4;0,1,7,12,17,11,5;1,2,8,13,12,6;2,17,3,9,14,13,7;3,4,5,10,14,8;5,11,16,15,14,9;2,16,10,5,6,17;6,7,13,18,17;7,8,14,19,18,12;8,9,10,15,19,13;0,19,14,10,16,1;1,15,10,11,2;2,11,6,12,18,3,8;3,17,12,13,19,4;0,4,18,13,14,15
torus787 20 1,6,5,4,15;0,15,16,2,7,6;1,16,17,3,8,7;2,17,18,4,9,8;0,5,9,3,18,19,15;0,6,11,10,9,4;0,1,7,12,11,5;1,2,8,13,12,6;2,3,9,10,14,13,7;3,4,5,10,8;5,11,15,14,8,9;5,6,12,17,16,15,10;6,7,13,18,17,11;7,8,14,19,18,12;8,10,15,19,13;0,4,19,14,10,11,16,1;1,15,11,17,2;2,16,11,12,18,3;3,17,12,13,19,4;4,18,13,14,15
torus788 20 1,6,5,4,19;0,19,15,16,2,7,6;1,16,17,3,8,7;2,17,18,4,9,8;0,5,9,3,18,19;0,6,10,9,4;0,1,7,12,11,10,5;1,2,8,14,13,12,6;2,3,9,14,7;3,4,5,10,14,8;5,6,11,16,15,14,9;6,12,17,16,10;6,7,13,18,17,11;7,14,19,18,12;7,8,9,10,15,19,13;1,19,14,10,16;1,15,10,11,17,2;2,16,11,12,18,3;3,17,12,13,19,4;0,4,18,13,14,15,1
torus789 20 1,6,5,4,18,19,15;0,15,16,2,7,6;1,16,17,3,8,7;2,17,18,9,8;0,5,10,9,18;0,6,11,10,4;0,1,7,12,11,5;1,2,8,13,12,6;2,3,9,14,13,7;3,18,4,10,14,8;4,5,11,16,15,14,9;5,6,12,17,16,10;6,7,13,18,17,11;7,8,14,19,18,12;8,9,10,15,19,13;0,19,14,10,16,1;1,15,10,11,17,2;2,16,11,12,18,3;0,4,9,3,17,12,13,19;0,18,13,14,15
torus790 20 1,6,5,4,19,15;0,15,2,7,6;1,15,16,17,3,8,7;2,17,18,4,8;0,5,9,8,3,18,19;0,6,11,10,9,4;0,1,7,12,17,11,5;1,2,8,13,12,6;2,3,4,9,14,13,7;4,5,10,14,8;5,11,16,15,14,9;5,6,17,16,10;6,7,13,18,17;7,8,14,19,18,12;8,9,10,15,19,13;0,19,14,10,16,2,1;2,15,10,11,17;2,16,11,6,12,18,3;3,17,12,13,19,4;0,4,18,13,14,15
torus791 20 1,6,5,4,19,15;0,15,16,2,7,6;1,16,17,3,8,7;2,17,18,4,9,8;0,5,9,3,18,19;0,6,11,10,14,9,4;0,1,7,13,12,11,5;1,2,8,13,6;2,3,9,14,19,13,7;3,4,5,14,8;5,11,16,15,14;5,6,12,17,16,10;6,13,18,17,11;6,7,8,19,18,12;5,10,15,19,8,9;0,19,14,10,16,1;1,15,10,11,17,2;2,16,11,12,18,3;3,17,12,13,19,4;0,4,18,13,8,14,15
torus792 20 1,6,4,19,14,15;0,15,16,2,7,6;1,16,17,3,8,7;2,17,18,19,4,9,8;0,6,5,9,3,19;4,6,11,10,9;0,1,7,12,11,5,4;1,2,8,13,12,6;2,3,9,14,13,7;3,4,5,10,14,8;5,11,16,15,14,9;5,6,12,17,16,10;6,7,13,18,17,11;7,8,14,19,18,12;0,19,13,8,9,10,15;0,14,10,16,1;1,15,10,11,17,2;2,16,11,12,18,3;3,17,12,13,19;0,4,3,18,13,14
torus793 20 1,6,5,4,19,15;0,15,16,2,7,6;1,16,17,3,8,7;2,17,18,4,9,8;0,5,9,3,18,19;0,6,11,10,9,4;0,1,7,12,11,5;1,2,8,13,12,6;2,3,9,14,13,7;3,4,5,10,14,8;5,11,15,19,14,9;5,6,12,17,16,15,10;6,7,13,17,11;7,8,14,19,18,17,12;8,9,10,19,13;0,19,10,11,16,1;1,15,11,17,2;2,16,11,12,13,18,3;3,17,13,19,4;0,4,18,13,14,10,15
torus794 20 1,6,5,9,4,19,15;0,15,16,2,7,6;1,16,17,3,8,7;2,17,18,4,9,8;0,9,3,18,19;0,6,11,16,10,9;0,1,7,12,11,5;1,2,8,13,12,6;2,3,9,14,13,7;0,5,10,14,8,3,4;5,16,15,14,9;5,6,12,18,17,16;6,7,13,18,11;7,8,14,19,18,12;8,9,10,15,19,13;0,19,14,10,16,1;1,15,10,5,11,17,2;2,16,11,18,3;3,17,11,12,13,19,4;0,4,18,13,14,15
torus795 20 1,6,11,5,19,15;0,15,16,17,2,7,6;1,17,3,8,7;2,17,18,4,9,14,8;3,18,19,5,9;0,11,10,9,4,19;0,1,7,13,12,11;1,2,8,13,6;2,3,14,19,13,7;3,4,5,10,14;5,11,16,15,14,9;0,6,12,17,16,10,5;6,13,18,17,11;6,7,8,19,18,12;3,9,10,15,19,8;0,19,14,10,16,1;1,15,10,11,17;1,16,11,12,18,3,2;3,17,12,13,19,4;0,5,4,18,13,8,14,15
torus796 20 1,5,4,19,15,16;0,16,2,7,6,5;1,16,11,17,3,8,7;2,17,18,9,8;0,5,9,18,19;0,1,6,11,9,4;1,7,12,11,5;1,2,8,13,12,6;2,3,9,14,13,7;3,18,4,5,11,10,14,8;9,11,16,15,14;2,16,10,9,5,6,12,17;6,7,13,18,17,11;7,8,14,15,19,18,12;8,9,10,15,13;0,19,13,14,10,16;0,15,10,11,2,1;2,11,12,18,3;3,17,12,13,19,4,9;0,4,18,13,15
torus797 20 1,6,5,4,19,15;0,15,16,17,2,6;1,17,3,8,7,6;2,17,18,4,8;0,5,9,8,3,18,19;0,6,12,11,10,9,4;0,1,2,7,12,5;2,8,13,12,6;2,3,4,9,14,13,7;4,5,10,14,8;5,11,16,15,14,9;5,12,18,17,16,10;5,6,7,13,18,11;7,8,14,18,12;8,9,10,15,19,18,13;0,19,14,10,16,1;1,15,10,11,17;1,16,11,18,3,2;3,17,11,12,13,14,19,4;0,4,18,14,15
torus798 20 1,6,5,4,19,15;0,15,16,7,6;3,9,8,7,16,17;2,17,18,4,5,9;0,5,3,18,19;0,6,11,10,14,9,3,4;0,1,7,12,11,5;1,16,2,8,12,6;2,9,13,12,7;2,3,5,14,13,8;5,11,17,16,15,14;5,6,12,17,10;6,7,8,13,17,11;8,9,14,19,18,17,12;5,10,15,19,13,9;0,19,14,10,16,1;1,15,10,17,2,7;2,16,10,11,12,13,18,3;3,17,13,19,4;0,4,18,13,14,15
torus799 20 1,6,4,19,14,15;0,15,10,16,2,7,6;1,16,17,3,8,7;2,17,18,4,9,8;0,6,5,9,3,18,19;4,6,11,10,9;0,1,7,11,5,4;1,2,8,14,13,12,11,6;2,3,9,14,7;3,4,5,10,15,14,8;1,15,9,5,11,16;5,6,7,12,17,16,10;7,13,18,17,11;7,14,19,18,12;0,19,13,7,8,9,15;0,14,9,10,1;1,10,11,17,2;2,16,11,12,18,3;3,17,12,13,19,4;0,4,18,13,14
torus800 20 1,6,5,9,4,15;0,15,2,7,6;1,15,16,17,8,7;4,9,8,17,12;0,9,3,12,18,19,15;0,6,11,10,9;0,1,7,12,11,5;1,2,8,13,18,12,6;2,17,3,9,13,7;0,5,10,14,13,8,3,4;5,11,16,15,14,9;5,6,12,17,16,10;3,17,11,6,7,18,4;7,8,9,14,19,18;9,10,15,19,13;0,4,19,14,10,16,2,1;2,15,10,11,17;2,16,11,12,3,8;4,12,7,13,19;4,18,13,14,15
torus801 20 1,6,5,4,18,19,15;0,15,16,17,2,7,6;1,17,3,8,7;2,17,18,4,9,8;0,5,9,3,18;0,6,11,10,14,9,4;0,1,7,12,11,5;1,2,8,12,6;2,3,9,14,13,12,7;3,4,5,14,8;5,11,16,15,19,13,14;5,6,12,16,10;6,7,8,13,17,16,11;8,14,10,19,18,17,12;5,10,13,8,9;0,19,10,16,1;1,15,10,11,12,17;1,16,12,13,18,3,2;0,4,3,17,13,19;0,18,13,10,15
torus802 20 1,6,5,4,19,15;0,15,16,2,6;1,16,17,3,7,6;2,17,18,4,9,8,7;0,5,9,3,18,19;0,6,10,9,4;0,1,2,7,11,10,5;2,3,8,14,13,12,11,6;3,9,10,14,7;3,4,5,10,8;5,6,11,16,15,14,8,9;6,7,12,17,16,10;7,13,18,17,11;7,14,19,18,12;7,8,10,15,19,13;0,19,14,10,16,1;1,15,10,11,17,2;2,16,11,12,18,3;3,17,12,13,19,4;0,4,18,13,14,15
torus803 20 1,7,12,6,4,19,15;0,15,16,2,7;1,16,17,3,9,8,7;2,17,18,19,4,5,9;0,6,5,3,19;3,4,6,11,10,9;0,12,11,5,4;0,1,2,8,13,12;2,9,14,13,7;2,3,5,10,14,8;5,11,16,15,19,14,9;5,6,12,17,16,10;0,7,13,18,17,11,6;7,8,14,18,12;8,9,10,19,18,13;0,19,10,16,1;1,15,10,11,17,2;2,16,11,12,18,3;3,17,12,13,14,19;0,4,3,18,14,10,15
torus804 20 1,6,5,19,15;0,15,16,7,6;3,8,7,16,17;2,17,18,4,8;3,18,19,5,9,8;0,6,11,10,9,4,19;0,1,7,12,11,5;1,16,2,8,12,6;2,3,4,9,14,13,12,7;4,5,10,14,8;5,11,16,15,14,9;5,6,12,13,18,17,16,10;6,7,8,13,11;8,14,19,18,11,12;8,9,10,15,19,13;0,19,14,10,16,1;1,15,10,11,17,2,7;2,16,11,18,3;3,17,11,13,19,4;0,5,4,18,13,14,15
torus805 20 1,6,5,4,18,19,15;0,15,16,7,6;3,8,7,16,17;2,17,18,4,9,14,8;0,5,9,3,18;0,6,12,11,10,9,4;0,1,7,13,12,5;1,16,2,8,13,6;2,3,14,13,7;3,4,5,10,15,14;5,11,16,15,9;5,12,17,16,10;5,6,13,18,17,11;6,7,8,14,19,18,12;3,9,15,19,13,8;0,19,14,9,10,16,1;1,15,10,11,17,2,7;2,16,11,12,18,3;0,4,3,17,12,13,19;0,18,13,14,15
torus806 20 1,7,6,5,4,19,15;0,15,16,2,7;1,16,17,3,7;2,17,18,19,4,9,8,7;0,5,9,3,19;0,6,17,11,10,9,4;0,7,12,17,5;0,1,2,3,8,13,12,6;3,9,14,13,7;3,4,5,10,14,8;5,11,15,14,9;5,17,16,15,10;6,7,13,18,17;7,8,14,19,18,12;8,9,10,15,19,13;0,19,14,10,11,16,1;1,15,11,17,2;2,16,11,5,6,12,18,3;3,17,12,13,19;0,4,3,18,13,14,15
torus807 20 1,6,5,4,19,15;0,15,16,2,7,12,6;1,16,17,3,7;2,17,18,9,8,7;0,5,9,18,19;0,6,11,9,4;0,1,12,17,11,5;1,2,3,8,12;3,9,14,13,12,7;3,18,4,5,11,10,15,14,8;9,11,17,16,15;5,6,17,10,9;1,7,8,13,18,17,6;8,14,19,18,12;8,9,15,19,13;0,19,14,9,10,16,1;1,15,10,17,2;2,16,10,11,6,12,18,3;3,17,12,13,19,4,9;0,4,18,13,14,15
torus808 20 1,6,4,19,15;0,15,16,2,7,6;1,16,17,8,7;4,8,17,12,18;0,6,5,8,3,18,19;4,6,10,9,8;0,1,7,12,11,10,5,4;1,2,8,13,12,6;2,17,3,4,5,9,13,7;5,10,14,13,8;5,6,11,15,14,9;6,12,17,16,15,10;3,17,11,6,7,13,18;7,8,9,14,19,18,12;9,10,15,19,13;0,19,14,10,11,16,1;1,15,11,17,2;2,16,11,12,3,8;3,12,13,19,4;0,4,18,13,14,15
torus809 20 4,5,6,15,19,18;2,16,15,6,7;1,7,8,17,16;4,18,17,8,9;0,18,3,9,5;0,4,9,11,6;0,5,11,12,7,1,15;1,6,12,13,8,2;2,7,13,14,9,3,17;3,8,14,10,11,5,4;9,14,19,16,11;5,9,10,16,17,12,6;6,11,17,18,13,7;7,12,18,19,14,8;8,13,19,10,9;0,6,1,16,19;1,2,17,11,10,19,15;2,8,3,18,12,11,16;0,19,13,12,17,3,4;0,15,16,10,14,13,18
torus810 20 1,6,5,4,19,14,15;0,15,16,2,7,12,6;1,16,17,3,9,8,7;2,17,18,4,9;0,5,9,3,18,19;0,6,10,9,4;0,1,12,11,10,5;1,2,8,13,12;2,9,14,13,7;2,3,4,5,10,15,14,8;5,6,11,16,15,9;6,12,18,17,16,10;1,7,13,18,11,6;7,8,14,19,18,12;0,19,13,8,9,15;0,14,9,10,16,1;1,15,10,11,17,2;2,16,11,18,3;3,17,11,12,13,19,4;0,4,18,13,14
torus811 20 1,6,5,4,18,19,15;0,15,16,7,12,6;3,9,8,7,16,17;2,17,18,4,9;0,5,9,3,18;0,6,11,16,10,9,4;0,1,12,11,5;1,16,2,8,13,12;2,9,10,14,13,7;2,3,4,5,10,8;5,16,15,14,8,9;5,6,12,13,17,16;1,7,13,11,6;7,8,14,19,18,17,11,12;8,10,15,19,13;0,19,14,10,16,1;1,15,10,5,11,17,2,7;2,16,11,13,18,3;0,4,3,17,13,19;0,18,13,14,15
torus812 20 1,6,5,4,19,15;0,15,16,2,7,12,6;1,16,17,8,7;4,5,9,8,17,12,18;0,5,3,18,19;0,6,11,16,10,9,3,4;0,1,12,11,5;1,2,8,13,12;2,17,3,9,14,19,13,7;3,5,10,14,8;5,16,15,14,9;5,6,12,17,16;1,7,13,18,3,17,11,6;7,8,19,18,12;8,9,10,15,19;0,19,14,10,16,1;1,15,10,5,11,17,2;2,16,11,12,3,8;3,12,13,19,4;0,4,18,13,8,14,15
torus813 20 1,6,5,4,18,19;0,19,15,16,2,7,6;1,16,17,8,7;4,5,9,8,17;0,5,3,17,18;0,6,10,9,3,4;0,1,7,12,11,10,5;1,2,8,13,12,6;2,17,3,9,14,19,13,7;3,5,10,14,8;5,6,11,16,15,14,9;6,12,18,16,10;6,7,13,18,11;7,8,19,18,12;8,9,10,15,19;1,19,14,10,16;1,15,10,11,18,17,2;2,16,18,4,3,8;0,4,17,16,11,12,13,19;0,18,13,8,14,15,1
torus814 20 1,6,5,9,4,19;0,19,15,16,7,6;3,8,7,16,17;2,17,12,18,4,9,8;0,9,3,18,19;0,6,12,17,11,10,9;0,1,7,12,5;1,16,2,8,14,13,12,6;2,3,9,14,7;0,5,10,14,8,3,4;5,11,15,19,13,14,9;5,17,16,15,10;3,17,5,6,7,13,18;7,14,10,19,18,12;7,8,9,10,13;1,19,10,11,16;1,15,11,17,2,7;2,16,11,5,12,3;3,12,13,19,4;0,4,18,13,10,15,1
torus815 20 1,6,5,4,19,15;0,15,16,2,7,12,6;1,16,17,18,3,9,8,7;2,18,19,4,9;0,5,9,3,19;0,6,10,9,4;0,1,12,11,10,5;1,2,8,13,12;2,9,14,13,7;2,3,4,5,10,14,8;5,6,11,16,15,19,14,9;6,12,17,16,10;1,7,13,18,17,11,6;7,8,14,19,18,12;8,9,10,19,13;0,19,10,16,1;1,15,10,11,17,2;2,16,11,12,18;2,17,12,13,19,3;0,4,3,18,13,14,10,15
torus816 20 1,6,5,4,19,15;0,15,16,7,6;3,8,7,16,17,18;2,18,4,5,9,8;0,5,3,18,12,13,19;0,6,11,10,9,3,4;0,1,7,12,11,5;1,16,2,8,12,6;2,3,9,14,13,12,7;3,5,10,14,8;5,11,17,16,15,14,9;5,6,12,17,10;4,18,17,11,6,7,8,13;4,12,8,14,19;8,9,10,15,19,13;0,19,14,10,16,1;1,15,10,17,2,7;2,16,10,11,12,18;2,17,12,4,3;0,4,13,14,15
torus817 20 1,6,5,4,19,15;0,15,16,2,7,12,6;1,16,3,8,7;2,16,11,17,18,9,14,8;0,5,9,18,19;0,6,10,9,4;0,1,12,11,10,5;1,2,8,13,12;2,3,14,13,7;3,18,4,5,10,14;5,6,11,16,15,19,13,14,9;3,16,10,6,12,17;1,7,13,17,11,6;7,8,14,10,19,18,17,12;3,9,10,13,8;0,19,10,16,1;1,15,10,11,3,2;3,11,12,13,18;3,17,13,19,4,9;0,4,18,13,10,15
torus818 20 1,6,5,19,14,15;0,15,16,7,6;3,8,7,16,17;2,17,18,4,9,8;3,18,19,5,9;0,6,11,10,9,4,19;0,1,7,11,5;1,16,2,8,13,12,11,6;2,3,9,14,13,7;3,4,5,10,14,8;5,11,17,15,14,9;5,6,7,12,18,17,10;7,13,19,18,11;7,8,14,19,12;0,19,13,8,9,10,15;0,14,10,17,16,1;1,15,17,2,7;2,16,15,10,11,18,3;3,17,11,12,19,4;0,5,4,18,12,13,14
torus819 20 1,6,5,19,14,15;0,15,16,2,6;1,16,17,3,8,7,6;2,17,18,9,8;5,10,9,18,19;0,6,11,10,4,19;0,1,2,7,12,11,5;2,8,14,13,12,6;2,3,9,14,7;3,18,4,10,14,8;4,5,11,15,14,9;5,6,12,17,16,15,10;6,7,13,17,11;7,14,19,18,17,12;0,19,13,7,8,9,10,15;0,14,10,11,16,1;1,15,11,17,2;2,16,11,12,13,18,3;3,17,13,19,4,9;0,5,4,18,13,14
torus820 20 1,6,5,4,19,14,15;0,15,16,2,7,6;1,16,3,8,7;2,16,17,4,9,8;0,5,10,9,3,17,18,19;0,6,11,10,4;0,1,7,12,11,5;1,2,8,13,12,6;2,3,9,14,13,7;3,4,10,14,8;4,5,11,15,14,9;5,6,12,15,10;6,7,13,18,17,15,11;7,8,14,19,18,12;0,19,13,8,9,10,15;0,14,10,11,12,17,16,1;1,15,17,3,2;3,16,15,12,18,4;4,17,12,13,19;0,4,18,13,14
torus821 20 1,4,19,15,16;0,16,17,2,7,6,5,4;1,17,3,9,8,7;2,17,18,4,9;0,1,5,9,3,18,19;1,6,10,14,9,4;1,7,11,10,5;1,2,8,13,12,11,6;2,9,14,13,7;2,3,4,5,14,8;5,6,11,15,14;6,7,12,17,16,15,10;7,13,18,17,11;7,8,14,15,19,18,12;5,10,15,13,8,9;0,19,13,14,10,11,16;0,15,11,17,1;1,16,11,12,18,3,2;3,17,12,13,19,4;0,4,18,13,15
torus822 20 5,11,6,15,19;2,16,15,6,7;1,7,8,3,17,16;2,8,4,18,17;3,8,9,10,5,19,18;0,19,4,10,11;0,11,12,13,7,1,15;1,6,13,8,2;2,7,13,9,4,3;4,8,13,14,10;4,9,14,15,16,11,5;0,5,10,16,17,12,6;6,11,17,18,13;6,12,18,14,9,8,7;9,13,18,19,15,10;0,6,1,16,10,14,19;1,2,17,11,10,15;2,3,18,12,11,16;3,4,19,14,13,12,17;0,15,14,18,4,5
torus823 20 4,5,6,15,19;2,16,14,15,6,7;1,7,8,17,16;4,18,17,8,14,9;0,19,18,3,9,5;0,4,9,10,11,7,6;0,5,7,1,15;1,6,5,11,12,8,2;2,7,12,13,14,3,17;3,14,10,5,4;5,9,14,16,11;5,10,16,17,18,12,7;7,11,18,13,8;8,12,18,19,15,14;1,16,10,9,3,8,13,15;0,6,1,14,13,19;1,2,17,11,10,14;2,8,3,18,11,16;3,4,19,13,12,11,17;0,15,13,18,4
torus824 20 1,6,5,4,15;0,15,2,8,7,6;1,15,16,17,3,8;2,17,18,4,9,8;0,5,9,3,18,19,15;0,6,11,9,4;0,1,7,12,17,11,5;1,8,13,12,6;1,2,3,9,13,7;3,4,5,11,10,14,13,8;9,11,16,15,14;5,6,17,16,10,9;6,7,13,18,17;7,8,9,14,19,18,12;9,10,15,19,13;0,4,19,14,10,16,2,1;2,15,10,11,17;2,16,11,6,12,18,3;3,17,12,13,19,4;4,18,13,14,15
torus825 20 1,6,4,19,14,15;0,15,16,2,7,12,6;1,16,17,18,3,8,7;2,18,4,5,9,8;0,6,5,3,18,19;3,4,6,11,10,9;0,1,12,11,5,4;1,2,8,13,12;2,3,9,14,13,7;3,5,10,15,14,8;5,11,16,15,9;5,6,12,17,16,10;1,7,13,18,17,11,6;7,8,14,19,18,12;0,19,13,8,9,15;0,14,9,10,16,1;1,15,10,11,17,2;2,16,11,12,18;2,17,12,13,19,4,3;0,4,18,13,14
torus826 20 1,7,6,5,19;0,19,15,16,2,7;1,16,17,3,8,7;2,17,18,4,9,8;3,18,19,5,9;0,6,11,10,9,4,19;0,7,12,11,5;0,1,2,8,13,12,6;2,3,9,10,14,13,7;3,4,5,10,8;5,11,16,15,14,8,9;5,6,12,16,10;6,7,13,17,16,11;7,8,14,19,18,17,12;8,10,15,19,13;1,19,14,10,16;1,15,10,11,12,17,2;2,16,12,13,18,3;3,17,13,19,4;0,5,4,18,13,14,15,1
torus827 20 1,5,9,4,15;0,15,2,6,5;1,15,16,17,3,8,7,6;2,17,4,9,8;0,9,3,17,18,19,15;0,1,6,12,11,10,9;1,2,7,12,5;2,8,13,12,6;2,3,9,13,7;0,5,10,14,13,8,3,4;5,11,15,14,9;5,12,16,15,10;5,6,7,13,18,17,16,11;7,8,9,14,19,18,12;9,10,15,19,13;0,4,19,14,10,11,16,2,1;2,15,11,12,17;2,16,12,18,4,3;4,17,12,13,19;4,18,13,14,15
torus828 20 4,5,6,7,15,19;2,17,16,15,7;1,7,13,8,17;4,18,12,17,8,9;0,19,18,3,9,5;0,4,9,10,16,11,6;0,5,11,12,7;0,6,12,13,2,1,15;2,13,14,9,3,17;3,8,14,10,5,4;5,9,14,19,15,16;5,16,17,12,6;3,18,13,7,6,11,17;2,7,12,18,19,14,8;8,13,19,10,9;0,7,1,16,10,19;1,17,11,5,10,15;1,2,8,3,12,11,16;3,4,19,13,12;0,15,10,14,13,18,4
torus829 20 1,5,4,19,15,16;0,16,7,6,5;3,9,8,7,16,17;2,17,18,4,9;0,5,10,9,3,18,13,19;0,1,6,11,10,4;1,7,12,11,5;1,16,2,8,12,6;2,9,14,13,12,7;2,3,4,10,14,8;4,5,11,15,14,9;5,6,12,17,16,15,10;6,7,8,13,18,17,11;4,18,12,8,14,19;8,9,10,15,19,13;0,19,14,10,11,16;0,15,11,17,2,7,1;2,16,11,12,18,3;3,17,12,13,4;0,4,13,14,15
torus830 20 1,6,5,4,19;0,19,15,16,2,7,6;1,16,17,3,8,7;2,17,12,18,4,9,8;0,5,9,3,18,19;0,6,10,9,4;0,1,7,13,12,17,11,10,5;1,2,8,13,6;2,3,9,10,14,13,7;3,4,5,10,8;5,6,11,15,14,8,9;6,17,16,15,10;3,17,6,13,18;6,7,8,14,18,12;8,10,15,19,18,13;1,19,14,10,11,16;1,15,11,17,2;2,16,11,6,12,3;3,12,13,14,19,4;0,4,18,14,15,1
torus831 20 1,7,6,4,19,15;0,15,16,2,7;1,16,17,3,8,7;2,17,11,18,9,8;0,6,5,9,18,19;4,6,11,10,8,9;0,7,12,11,5,4;0,1,2,8,13,12,6;2,3,9,5,10,15,14,13,7;3,18,4,5,8;5,11,17,16,15,8;3,17,10,5,6,12,18;6,7,13,18,11;7,8,14,18,12;8,15,19,18,13;0,19,14,8,10,16,1;1,15,10,17,2;2,16,10,11,3;3,11,12,13,14,19,4,9;0,4,18,14,15
torus832 20 1,6,5,4,19,14,15;0,15,10,16,2,7,12,6;1,16,17,3,9,8,7;2,17,18,4,5,9;0,5,3,18,19;0,6,11,9,3,4;0,1,12,11,5;1,2,8,13,12;2,9,14,13,7;2,3,5,11,10,15,14,8;1,15,9,11,16;5,6,12,17,16,10,9;1,7,13,19,18,17,11,6;7,8,14,19,12;0,19,13,8,9,15;0,14,9,10,1;1,10,11,17,2;2,16,11,12,18,3;3,17,12,19,4;0,4,18,12,13,14
torus833 20 1,5,4,19,15;0,15,16,2,6,5;1,16,17,3,8,7,6;2,17,4,9,8;0,5,9,3,17,18,19;0,1,6,11,10,9,4;1,2,7,12,11,5;2,8,13,12,6;2,3,9,14,13,7;3,4,5,10,14,8;5,11,17,16,15,14,9;5,6,12,17,10;6,7,13,18,17,11;7,8,14,19,18,12;8,9,10,15,19,13;0,19,14,10,16,1;1,15,10,17,2;2,16,10,11,12,18,4,3;4,17,12,13,19;0,4,18,13,14,15
torus834 20 1,5,4,19,15;0,15,16,2,7,5;1,16,17,18,3,9,8,7;2,18,4,5,9;0,5,3,18,19;0,1,7,6,11,10,9,3,4;5,7,13,12,11;1,2,8,13,6,5;2,9,10,14,13,7;2,3,5,10,8;5,11,16,15,14,8,9;5,6,12,17,16,10;6,13,18,17,11;6,7,8,14,18,12;8,10,15,19,18,13;0,19,14,10,16,1;1,15,10,11,17,2;2,16,11,12,18;2,17,12,13,14,19,4,3;0,4,18,14,15
torus835 20 1,6,5,9,16;0,16,10,2,7,12,6;1,10,17,3,7;2,17,9,5,14,8,7;9,18,19,15,16;0,6,11,10,14,3,9;0,1,12,11,5;1,2,3,8,13,12;3,14,15,19,13,7;0,5,3,17,18,4,16;1,16,15,14,5,11,17,2;5,6,12,17,10;1,7,13,17,11,6;7,8,19,18,17,12;3,5,10,15,8;4,19,8,14,10,16;0,9,4,15,10,1;2,10,11,12,13,18,9,3;4,9,17,13,19;4,18,13,8,15
torus836 20 1,2,6,4,18,19,15;0,15,10,11,2;0,1,11,17,3,9,16,6;2,17,18,4,9;0,6,5,9,3,18;4,6,12,14,9;0,2,16,7,12,5,4;6,16,8,13,18,17,12;7,16,9,14,13;2,3,4,5,14,8,16;1,15,14,12,11;1,10,12,17,2;5,6,7,17,11,10,14;7,8,14,19,18;5,12,10,15,19,13,8,9;0,19,14,10,1;2,9,8,7,6;2,11,12,7,18,3;0,4,3,17,7,13,19;0,18,13,14,15
torus837 20 1,5,4,18,15;0,15,16,2,5;1,16,17,8,7,6,5;4,9,8,17,19,18;0,5,11,10,9,3,18;0,1,2,6,11,4;2,7,12,11,5;2,8,13,12,6;2,17,3,9,14,13,7;3,4,10,14,8;4,11,16,15,14,9;4,5,6,12,16,10;6,7,13,19,17,16,11;7,8,14,19,12;8,9,10,15,19,13;0,18,19,14,10,16,1;1,15,10,11,12,17,2;2,16,12,19,3,8;0,4,3,19,15;3,17,12,13,14,15,18
torus838 20 1,12,6,5,9,4,15;0,15,2,17,3,8,7,12;1,15,16,11,17;1,17,18,19,8;0,9,8,19,15;0,6,11,16,10,9;0,12,18,11,5;1,8,14,13,12;1,3,19,4,9,14,7;0,5,10,14,8,4;5,16,15,14,9;2,16,5,6,18,17;0,1,7,13,18,6;7,14,15,19,18,12;7,8,9,10,15,13;0,4,19,13,14,10,16,2,1;2,15,10,5,11;1,2,11,18,3;3,17,11,6,12,13,19;3,18,13,15,4,8
torus839 20 1,4,9,5,6;0,6,12,7,8,2,16,15,4;1,8,3,18,16;2,8,9,4,19,18;0,1,15,19,3,9;0,9,14,11,6;0,5,11,12,1;1,12,13,9,8;1,7,9,3,2;0,4,3,8,7,13,14,5;11,14,15,16,17;5,14,10,17,12,6;1,6,11,17,13,7;7,12,17,18,14,9;5,9,13,18,19,15,10,11;1,16,10,14,19,4;1,2,18,17,10,15;10,16,18,13,12,11;2,3,19,14,13,17,16;3,4,15,14,18
torus840 20 1,6,11,19,14;0,14,15,2,7,12,6;1,15,16,17,3,8,7;2,17,4,5,9,8;3,17,18,19,5;3,4,19,11,9;0,1,12,17,11;1,2,8,13,12;2,3,9,13,7;3,5,11,10,14,13,8;9,11,16,15,14;0,6,17,16,10,9,5,19;1,7,13,18,17,6;7,8,9,14,19,18,12;0,19,13,9,10,15,1;1,14,10,16,2;2,15,10,11,17;2,16,11,6,12,18,4,3;4,17,12,13,19;0,11,5,4,18,13,14
torus841 20 5,6,15,16,14,13,19;2,16,15,7,8;1,8,3,17,16;2,8,9,4,18,17;3,9,5,19,12,18;0,19,4,9,11,6;0,5,11,12,7,15;1,15,6,12,13,9,8;1,7,9,3,2;3,8,7,13,14,10,11,5,4;9,14,16,17,18,11;5,9,10,18,12,6;4,19,13,7,6,11,18;0,14,9,7,12,19;0,16,10,9,13;0,6,7,1,16;0,15,1,2,17,10,14;2,3,18,10,16;3,4,12,11,10,17;0,13,12,4,5
torus842 20 1,5,4,15,2,8,7;0,7,12,6,5;0,15,10,16,8;4,9,8,18,12,13,19;0,5,9,3,19,15;0,1,6,11,10,9,4;1,12,17,11,5;0,8,9,10,14,13,12,1;0,2,16,18,3,9,7;3,4,5,10,7,8;2,15,14,7,9,5,11,16;5,6,17,16,10;1,7,13,3,18,17,6;3,12,7,14,19;7,10,15,19,13;0,4,19,14,10,2;2,10,11,17,18,8;6,12,18,16,11;3,8,16,17,12;3,13,14,15,4
torus843 20 4,5,11,12,6;2,16,11,10,14,15,6,7;1,7,13,8,9,3,16;2,9,18,17,16;0,6,15,19,18,9,5;0,4,9,10,11;0,12,7,1,15,4;1,6,12,17,13,2;2,13,14,10,9;2,8,10,5,4,18,3;1,11,5,9,8,14;0,5,10,1,16,17,12;0,11,17,7,6;2,7,17,18,19,14,8;1,10,8,13,19,15;1,14,19,4,6;1,2,3,17,11;3,18,13,7,12,11,16;3,9,4,19,13,17;4,15,14,13,18
torus844 20 1,6,5,4,19;0,19,15,16,2,6;1,16,17,18,3,8,6;2,18,4,9,8;0,5,10,9,3,18,12,19;0,6,8,11,17,16,10,4;0,1,2,8,5;8,14,13,19,12,11;2,3,9,14,7,11,5,6;3,4,10,14,8;4,5,16,15,13,14,9;5,8,7,12,18,17;4,18,11,7,19;7,14,10,15,19;7,8,9,10,13;1,19,13,10,16;1,15,10,5,17,2;2,16,5,11,18;2,17,11,12,4,3;0,4,12,7,13,15,1
torus845 20 4,5,16,11,12,6;2,17,11,16,15,19,4,6;1,6,12,7,3,17;2,7,8,9,4,19,18,17;0,6,1,19,3,9,5;0,4,9,10,16;0,12,2,1,4;2,12,13,8,3;3,7,13,14,9;3,8,14,10,5,4;5,9,14,15,16;0,16,1,17,18,12;0,11,18,13,7,2,6;7,12,18,19,14,8;8,13,19,15,10,9;1,16,10,14,19;0,5,10,15,1,11;1,2,3,18,11;3,19,13,12,11,17;1,15,14,13,18,3,4
torus846 20 1,7,6,4,18;0,18,19,15,2,7;1,15,16,3,8,12,11,7;2,16,17,18,4,5,9,8;0,6,5,3,18;3,4,6,11,10,14,9;0,7,11,5,4;0,1,2,11,6;2,3,9,13,12;3,5,14,19,13,8;5,11,12,17,16,15,14;2,12,10,5,6,7;2,8,13,17,10,11;8,9,19,17,12;5,10,15,19,9;1,19,14,10,16,2;2,15,10,17,3;3,16,10,12,13,19,18;0,4,3,17,19,1;1,18,17,13,9,14,15
torus847 20 5,9,18,19,15,16;2,7,12,6,5;1,5,16,3,8,7;2,16,17,18,4,8;3,18,9,10,8;0,16,2,1,6,9;1,12,11,9,5;1,2,8,14,13,12;2,3,4,10,14,7;0,5,6,11,10,4,18;4,9,11,16,15,14,8;6,12,17,16,10,9;1,7,13,17,11,6;7,14,19,18,17,12;7,8,10,15,19,13;0,19,14,10,16;0,15,10,11,17,3,2,5;3,16,11,12,13,18;0,9,4,3,17,13,19;0,18,13,14,15
torus848 20 1,6,4,3,19,14,15;0,15,10,16,2,6;1,16,17,3,7,6;0,4,8,7,2,17,19;0,6,9,8,3;6,11,16,10,13,9;0,1,2,7,12,11,5,9,4;2,3,8,12,6;3,4,9,13,12,7;4,6,5,13,8;1,15,13,5,16;5,6,12,17,16;6,7,8,13,18,17,11;5,10,15,14,18,12,8,9;0,19,18,13,15;0,14,13,10,1;1,10,5,11,17,2;2,16,11,12,18,19,3;12,13,14,19,17;0,3,17,18,14
torus849 20 1,6,5,4,15;0,15,2,7,6;1,15,17,8,7;4,5,9,13,7,8,18,19;0,5,3,19,15;0,6,11,9,3,4;0,1,7,12,11,5;1,2,8,3,13,12,6;2,17,18,3,7;3,5,11,16,10,14,13;9,16,19,18,14;5,6,12,18,17,16,9;6,7,13,14,18,11;3,9,14,12,7;9,10,18,12,13;0,4,19,16,17,2,1;9,11,17,15,19,10;2,15,16,11,18,8;3,8,17,11,12,14,10,19;3,18,10,16,15,4
torus850 20 1,8,7,6,5,19,15;0,15,16,2,8;1,16,17,3,8;2,17,19,4,8;3,19,10,9,8;0,6,11,10,19;0,7,12,11,5;0,8,13,12,6;0,1,2,3,4,9,14,13,7;4,10,11,16,15,14,8;4,19,5,11,9;5,6,12,18,17,16,9,10;6,7,13,18,11;7,8,14,18,12;8,9,15,19,18,13;0,19,14,9,16,1;1,15,9,11,17,2;2,16,11,18,19,3;11,12,13,14,19,17;0,5,10,4,3,17,18,14,15
torus851 20 5,10,6,7,15,19;2,11,16,15,7,13;1,13,8,17,11;4,18,17,8,9;3,9,10,5,18;0,19,18,4,10;0,10,11,12,13,7;0,6,13,1,15;2,13,19,14,9,3,17;3,8,14,16,10,4;0,5,4,9,16,11,6;1,2,17,12,6,10,16;6,11,17,18,13;1,7,6,12,18,19,8,2;8,19,15,16,9;0,7,1,16,14,19;1,11,10,9,14,15;2,8,3,18,12,11;3,4,5,19,13,12,17;0,15,14,8,13,18,5
torus852 20 4,15,19,13,18;2,16,15,6,7,3;1,3,11,17,16;1,7,8,9,4,18,11,2;0,18,3,9,6,15;6,9,8,14,10,17;1,15,4,9,5,17,11,12,7;1,6,12,13,8,3;3,7,13,14,5,9;3,8,5,6,4;5,14,19,15,16,17;2,3,18,12,6,17;6,11,18,13,7;0,19,14,8,7,12,18;5,8,13,19,10;0,4,6,1,16,10,19;1,2,17,10,15;2,11,6,5,10,16;0,13,12,11,3,4;0,15,10,14,13
torus853 20 3,8,4,6,15;2,14,15,6,12,18,13,7;1,7,8,3,16,10,14;0,15,19,18,17,16,2,8;0,8,9,5,12,6;4,9,10,11,12;0,4,12,1,15;1,13,9,8,2;0,3,2,7,9,4;4,8,7,13,19,14,10,5;2,16,11,5,9,14;5,10,16,17,12;1,6,4,5,11,17,18;1,18,19,9,7;1,2,10,9,19,15;0,6,1,14,19,3;2,3,17,11,10;3,18,12,11,16;1,12,17,3,19,13;3,15,14,9,13,18
torus854 20 4,5,6,7,15;2,16,15,7,13,14;1,14,8,17,12,16;4,18,17,8,9;0,15,19,18,3,9,5;0,4,9,11,6;0,5,11,12,7;0,6,12,13,1,15;2,14,10,9,3,17;3,8,10,11,5,4;8,14,13,19,15,16,11,9;5,9,10,16,12,6;2,17,13,7,6,11,16;1,7,12,17,18,19,10,14;1,13,10,8,2;0,7,1,16,10,19,4;1,2,12,11,10,15;2,8,3,18,13,12;3,4,19,13,17;4,15,10,13,18
torus855 20 4,9,6,15,19;2,3,17,16,15,6,7;1,7,8,4,3;1,2,4,19,18,17;0,19,3,2,8,9;6,9,14,10,11;0,9,5,11,12,7,1,15;1,6,12,18,13,8,2;2,7,13,14,9,4;0,4,8,14,5,6;5,14,15,16,11;5,10,16,17,12,6;6,11,17,18,7;7,18,19,14,8;5,9,8,13,19,15,10;0,6,1,16,10,14,19;1,17,11,10,15;1,3,18,12,11,16;3,19,13,7,12,17;0,15,14,13,18,3,4
torus856 20 4,5,6,16,15,14;2,3,17,16,6;1,6,7,8,11,9,3;1,2,9,4,17;0,14,19,17,3,9,5;0,4,9,11,12,6;0,5,12,7,2,1,16;2,6,12,18,13,8;2,7,13,10,11;2,11,5,4,3;8,13,14,15,11;2,8,10,15,16,17,18,12,5,9;5,11,18,7,6;7,18,19,14,10,8;0,15,10,13,19,4;0,16,11,10,14;0,6,1,17,11,15;1,3,4,19,18,11,16;7,12,11,17,19,13;4,14,13,18,17
torus857 20 1,6,5,19,18,15;0,15,11,17,16,7,6;3,8,13,12,7,16;2,16,17,18,19,9,8;5,17,11,10,9,19;0,6,12,17,4,19;0,1,7,12,5;1,16,2,12,6;2,3,9,10,14,13;3,19,4,10,8;4,11,15,14,8,9;1,15,10,4,17;2,13,17,5,6,7;2,8,14,18,17,12;8,10,15,18,13;0,18,14,10,11,1;1,17,3,2,7;1,11,4,5,12,13,18,3,16;0,19,3,17,13,14,15;0,5,4,9,3,18
torus858 20 2,7,5,4,15;3,8,12,6,5,7;0,15,16,3,7;1,7,2,16,17,18,9,14,8;0,5,18,19,15;0,7,1,6,11,10,9,18,4;1,12,17,11,5;0,2,3,1,5;1,3,14,13,12;3,18,5,10,15,14;5,11,16,15,9;5,6,17,16,10;1,8,13,18,17,6;8,14,19,18,12;3,9,15,19,13,8;0,4,19,14,9,10,16,2;2,15,10,11,17,3;3,16,11,6,12,18;3,17,12,13,19,4,5,9;4,18,13,14,15
torus859 20 1,6,4,18,19;0,19,15,10,7,13,12,6;7,16,11,8,14,13;4,5,9,17,18;0,6,5,3,18;3,4,6,11,16,10,15,9;0,1,12,17,11,5,4;1,10,16,2,13;2,11,17,9,14;3,5,15,19,14,8,17;1,15,5,16,7;2,16,5,6,17,8;1,13,18,17,6;1,7,2,14,18,12;2,8,9,19,18,13;1,19,9,5,10;2,7,10,5,11;3,9,8,11,6,12,18;0,4,3,17,12,13,14,19;0,18,14,9,15,1
torus860 20 4,5,11,6,15,19;2,17,16,10,9,15,6,7;1,7,8,3,17;2,8,9,4,18,17;0,19,13,18,3,9,10,5;0,4,10,16,11;0,11,7,1,15;1,6,11,12,8,2;2,7,12,13,14,9,3;1,10,4,3,8,14,15;1,16,5,4,9;0,5,16,12,7,6;7,11,16,17,18,13,8;4,19,14,8,12,18;8,13,19,15,9;0,6,1,9,14,19;1,17,12,11,5,10;1,2,3,18,12,16;3,4,13,12,17;0,15,14,13,4
torus861 20 1,6,5,19,14,15;0,15,10,2,8,7,12,6;1,10,16,17,3,8;2,17,18,9,8;5,9,18,13,19;0,6,11,9,4,19;0,1,12,11,5;1,8,14,13,18,12;1,2,3,9,14,7;3,18,4,5,11,16,10,15,14,8;1,15,9,16,2;5,6,12,17,16,9;1,7,18,17,11,6;4,18,7,14,19;0,19,13,7,8,9,15;0,14,9,10,1;2,10,9,11,17;2,16,11,12,18,3;3,17,12,7,13,4,9;0,5,4,13,14
torus862 20 1,5,4,3,19,15;0,15,16,7,6,5;3,7,16,17,18;0,4,9,8,6,7,2,18,19;0,5,10,9,3;0,1,6,11,10,4;1,7,3,8,11,5;1,16,2,3,6;3,9,13,12,11,6;3,4,10,14,13,8;4,5,11,15,14,9;5,6,8,12,17,16,15,10;8,13,18,17,11;8,9,14,18,12;9,10,15,19,18,13;0,19,14,10,11,16,1;1,15,11,17,2,7;2,16,11,12,18;2,17,12,13,14,19,3;0,3,18,14,15
torus863 20 1,5,4,19,8,14,15;0,15,16,2,7,13,12,6,5;1,16,17,3,7;2,17,5,9,8,7;0,5,18,12,19;0,1,6,10,9,3,17,18,4;1,12,11,10,5;1,2,3,8,13;0,19,13,7,3,9,14;3,5,10,14,8;5,6,11,15,14,9;6,12,18,17,16,15,10;1,13,19,4,18,11,6;1,7,8,19,12;0,8,9,10,15;0,14,10,11,16,1;1,15,11,17,2;2,16,11,18,5,3;4,5,17,11,12;0,4,12,13,8
torus864 20 4,5,11,19,18;2,15,14,19,11,6,7;1,7,8,3,17,16,15;2,8,9,4,18,12,17;0,18,3,9,5;0,4,9,10,11;1,11,17,12,7;1,6,12,13,8,2;2,7,13,9,3;3,8,13,14,10,5,4;5,9,14,15,16,11;0,5,10,16,17,6,1,19;3,18,13,7,6,17;7,12,18,14,9,8;1,15,10,9,13,18,19;1,2,16,10,14;2,17,11,10,15;2,3,12,6,11,16;0,19,14,13,12,3,4;0,11,1,14,18
torus865 20 1,5,10,9,4,18,15,16;0,16,2,7,6,5;1,16,11,17,3,7;2,17,18,4,7;0,9,8,7,3,18;0,1,6,17,11,19,10;1,7,12,17,5;1,2,3,4,8,12,6;4,9,14,13,12,7;0,10,14,8,4;0,5,19,14,9;2,16,15,19,5,17;6,7,8,13,17;8,14,19,18,17,12;8,9,10,19,13;0,18,19,11,16;0,15,11,2,1;2,11,5,6,12,13,18,3;0,4,3,17,13,19,15;5,11,15,18,13,14,10
torus866 20 1,5,4,19,15,16;0,16,7,6,5;3,9,8,7,16,17;2,17,18,4,5,9;0,5,3,18,19;0,1,6,9,3,4;1,7,13,12,11,10,9,5;1,16,2,8,13,6;2,9,10,14,13,7;2,3,5,6,10,8;6,11,16,15,14,8,9;6,12,17,16,10;6,13,19,18,17,11;6,7,8,14,19,12;8,10,15,19,13;0,19,14,10,16;0,15,10,11,17,2,7,1;2,16,11,12,18,3;3,17,12,19,4;0,4,18,12,13,14,15
torus867 20 1,2,6,5,19,14,15;0,15,16,17,2;0,1,17,8,7,6;4,9,8,17,12,18;3,18,5,10,9;0,6,11,16,10,4,18,19;0,2,7,11,5;2,8,14,19,13,11,6;2,17,3,9,14,7;3,4,10,14,8;4,5,16,15,14,9;5,6,7,13,12,16;3,17,16,11,13,18;7,19,18,12,11;0,19,7,8,9,10,15;0,14,10,16,1;1,15,10,5,11,12,17;1,16,12,3,8,2;3,12,13,19,5,4;0,5,18,13,7,14
torus868 20 1,4,5,11,6;0,6,2,16,15,19,4;1,6,7,9,3,18,16;2,9,5,4,18;0,1,19,14,18,3,5;0,4,3,9,10,11;0,11,7,2,1;2,6,11,12,13,8,15,9;7,13,14,19,15;2,7,15,10,5,3;5,9,15,16,11;0,5,10,16,12,7,6;7,11,16,17,13;7,12,17,14,8;4,19,8,13,17,18;1,16,10,9,7,8,19;1,2,18,17,12,11,10,15;12,16,18,14,13;2,3,4,14,17,16;1,15,8,14,4
torus869 20 1,5,4,19,15,16;0,16,17,8,7,6,5;3,9,14,8,17;2,17,18,4,9;0,5,9,3,18,13,19;0,1,6,11,10,14,9,4;1,7,19,13,12,11,5;1,8,14,19,6;1,17,2,14,7;2,3,4,5,14;5,11,16,15,14;5,6,12,17,16,10;6,13,18,17,11;4,18,12,6,19;2,9,5,10,15,19,7,8;0,19,14,10,16;0,15,10,11,17,1;1,16,11,12,18,3,2,8;3,17,12,13,4;0,4,13,6,7,14,15
torus870 20 1,4,5,6,7,8;0,8,2,17,16,15,4;1,8,3,19,17;2,8,9,5,4,19;0,1,15,19,3,5;0,4,3,9,14,10,11,6;0,5,11,12,7;0,6,12,18,13,9,8;0,7,9,3,2,1;3,8,7,13,14,5;5,14,19,15,16,11;5,10,16,17,12,6;6,11,17,18,7;7,18,19,14,9;5,9,13,19,10;1,16,10,19,4;1,17,11,10,15;1,2,19,18,12,11,16;7,12,17,19,13;2,3,4,15,10,14,13,18,17
torus871 20 4,9,5,6,15,19;2,15,6,11,7,8,3;1,3,17,12,16,15;1,8,18,17,2;0,19,18,8,9;0,9,10,16,11,6;0,5,11,1,15;1,11,13,14,8;1,7,14,9,4,18,3;0,4,8,14,10,5;5,9,14,15,16;1,6,5,16,12,13,7;2,17,13,11,16;7,11,12,17,18,19,14;7,13,19,15,10,9,8;0,6,1,2,16,10,14,19;2,12,11,5,10,15;2,3,18,13,12;3,8,4,19,13,17;0,15,14,13,18,4
torus872 20 4,6,14,10,19;2,16,15,14,6;1,6,7,8,9,3,16;2,9,5,18,17,16;0,19,18,5,7,6;3,9,10,11,7,4,18;0,4,7,2,1,14;2,6,4,5,11,12,13,8;2,7,13,10,9;2,8,10,5,3;0,14,15,11,5,9,8,13,19;5,10,15,17,12,7;7,11,17,18,19,13;7,12,19,10,8;0,6,1,15,10;1,16,17,11,10,14;1,2,3,17,15;3,18,12,11,15,16;3,5,4,19,12,17;0,10,13,12,18,4
torus873 20 1,7,6,19,15;0,15,2,8,12,7;1,15,16,17,9,8;8,9,14,19,13;5,9,17,18,19;4,19,6,10,9;0,7,11,10,5,19;0,1,12,11,6;1,2,9,3,13,12;2,17,4,5,10,14,3,8;5,6,11,14,9;6,7,12,17,16,14,10;1,8,13,18,17,11,7;3,19,18,12,8;3,9,10,11,16,19;0,19,16,2,1;2,15,19,14,11,17;2,16,11,12,18,4,9;4,17,12,13,19;0,6,5,4,18,13,3,14,16,15
torus874 20 5,11,6,14,19,13;2,16,10,15,7;1,7,8,3,16;2,8,9,4,18,12,17,16;3,9,10,5,18;0,13,18,4,10,11;0,11,12,7,15,14;1,15,6,12,13,8,2;2,7,13,19,9,3;3,8,19,14,10,4;1,16,17,11,5,4,9,14,15;0,5,10,17,12,6;3,18,13,7,6,11,17;0,19,8,7,12,18,5;0,6,15,10,9,19;1,10,14,6,7;1,2,3,17,10;3,12,11,10,16;3,4,5,13,12;0,14,9,8,13
torus875 20 1,6,5,19,8,14,15;0,15,16,2,7,12,6;1,16,17,8,7;4,5,6,11,8,17;3,17,18,19,5;0,6,3,4,19;0,1,12,11,3,5;1,2,8,13,12;0,19,13,7,2,17,3,11,9,14;8,11,12,10,14;9,12,17,16,15,14;3,6,12,9,8;1,7,13,18,17,10,9,11,6;7,8,19,18,12;0,8,9,10,15;0,14,10,16,1;1,15,10,17,2;2,16,10,12,18,4,3,8;4,17,12,13,19;0,5,4,18,13,8
torus876 20 4,10,5,6,19;6,7,16,15,19;3,17,11,16,9;2,9,4,19,18,17;0,19,3,9,8,10;0,10,11,12,6;0,5,12,7,1,19;1,6,12,8,16;4,9,16,7,12,13,14,10;2,16,8,4,3;0,4,8,14,11,5;2,17,12,5,10,14,15,16;5,11,17,18,13,8,7,6;8,12,18,15,14;8,13,15,11,10;1,16,11,14,13,18,19;1,7,8,9,2,11,15;2,3,18,12,11;3,19,15,13,12,17;0,6,1,15,18,3,4
torus877 20 4,5,15,19,18;2,16,10,15,7;1,7,8,3,18,19,17,16;2,8,9,4,18;0,18,3,9,5;0,4,9,11,6,15;5,11,12,7,15;1,15,6,12,8,2;2,7,12,13,10,9,3;3,8,10,11,5,4;1,16,11,9,8,13,15;5,9,10,16,12,6;6,11,16,17,14,13,8,7;8,12,14,15,10;12,17,19,15,13;0,5,6,7,1,10,13,14,19;1,2,17,12,11,10;2,19,14,12,16;0,19,2,3,4;0,15,14,17,2,18
torus878 20 5,11,6,15,19,18;2,16,15,6,7;1,7,8,17,16;4,12,17,8,9;3,9,5,18,7,12;0,18,4,9,11;0,11,12,7,1,15;1,6,12,4,18,13,8,2;2,7,13,14,10,9,3,17;3,8,10,11,5,4;8,14,15,16,11,9;0,5,9,10,16,12,6;3,4,7,6,11,16,17;7,18,19,14,8;8,13,19,15,10;0,6,1,16,10,14,19;1,2,17,12,11,10,15;2,8,3,12,16;0,19,13,7,4,5;0,15,14,13,18
torus879 20 1,6,5,9,4,13,18,19,15;0,15,2,7,6;1,15,17,3,7;2,17,4,9,7;0,9,3,17,13;0,6,12,11,10,9;0,1,7,12,5;1,2,3,9,8,13,12,6;7,9,14,18,13;0,5,10,14,8,7,3,4;5,11,17,16,14,9;5,12,13,17,10;5,6,7,13,11;0,4,17,11,12,7,8,18;8,9,10,16,19,18;0,19,16,17,2,1;10,17,15,19,14;2,15,16,10,11,13,4,3;0,13,8,14,19;0,18,14,16,15
torus880 20 1,6,5,9,4,18,19,15;0,15,2,7,12,6;1,15,17,3,8,7;2,17,18,4,8;0,9,8,3,18;0,6,11,10,14,9;0,1,12,11,5;1,2,8,13,12;2,3,4,9,14,13,7;0,5,14,8,4;5,11,16,15,14;5,6,12,16,10;1,7,13,19,18,17,16,11,6;7,8,14,15,19,12;5,10,15,13,8,9;0,19,13,14,10,16,17,2,1;10,11,12,17,15;2,15,16,12,18,3;0,4,3,17,12,19;0,18,12,13,15
torus881 20 1,6,5,9,4,19,15;0,15,2,7,18,12,6;1,15,16,17,8,7;4,9,14,8,17;0,9,3,17,18,7,19;0,6,11,10,9;0,1,12,11,5;1,2,8,13,19,4,18;2,17,3,14,13,7;0,5,10,14,3,4;5,11,16,15,19,13,14,9;5,6,12,17,16,10;1,18,17,11,6;7,8,14,10,19;3,9,10,13,8;0,19,10,16,2,1;2,15,10,11,17;2,16,11,12,18,4,3,8;1,7,4,17,12;0,4,7,13,10,15
torus882 20 1,6,9,4,19;0,19,15,16,17,2,7,6;1,17,3,8,14,13,7;2,17,5,12,18,4,8;0,9,8,3,18,19;3,17,11,9,6,12;0,1,7,12,5,9;1,2,13,12,6;2,3,4,9,14;0,6,5,11,10,14,8,4;9,11,16,15,14;5,17,16,10,9;3,5,6,7,13,18;2,14,19,18,12,7;2,8,9,10,15,19,13;1,19,14,10,16;1,15,10,11,17;1,16,11,5,3,2;3,12,13,19,4;0,4,18,13,14,15,1
torus883 20 1,6,5,3,4,15;0,15,16,2,6;1,16,18,17,7,6;0,5,9,8,4;0,3,8,7,17,19,15;0,6,11,10,9,3;0,1,2,7,14,13,12,11,5;2,17,4,8,14,6;3,9,14,7,4;3,5,10,14,8;5,11,16,15,19,14,9;5,6,12,16,10;6,13,18,16,11;6,14,19,17,18,12;6,7,8,9,10,19,13;0,4,19,10,16,1;1,15,10,11,12,18,2;2,18,13,19,4,7;2,16,12,13,17;4,17,13,14,10,15
torus884 20 1,7,6,4,19;0,19,15,2,7;1,15,16,3,8,7;2,16,17,18,5,8;0,6,5,18,12,14,19;3,18,4,6,11,9,8;0,7,11,5,4;0,1,2,8,13,12,11,6;2,3,5,9,13,7;5,11,16,10,14,13,8;9,16,15,19,14;5,6,7,12,17,16,9;4,18,17,11,7,13,14;7,8,9,14,12;4,12,13,9,10,19;1,19,10,16,2;2,15,10,9,11,17,3;3,16,11,12,18;3,17,12,4,5;0,4,14,10,15,1
torus885 20 1,6,5,9,19,13,15;0,15,16,7,8,12,6;3,7,11,17,4;2,4,9,8,7;2,17,18,19,9,3;0,6,11,10,9;0,1,12,11,5;1,16,11,2,3,8;1,7,3,9,14,12;0,5,10,14,8,3,4,19;5,11,16,15,14,9;2,7,16,10,5,6,12,17;1,8,14,18,17,11,6;0,19,18,14,15;8,9,10,15,13,18,12;0,13,14,10,16,1;1,15,10,11,7;2,11,12,18,4;4,17,12,14,13,19;0,9,4,18,13
torus886 20 1,6,11,19,14;0,14,15,16,7,13,12,6;3,8,7,16,18;2,18,4,9,8;3,18,13,5,9;4,13,19,11,10,9;0,1,12,17,11;1,16,2,8,13;2,3,9,14,19,13,7;3,4,5,10,14,8;5,11,17,14,9;0,6,17,10,5,19;1,13,18,17,6;1,7,8,19,5,4,18,12;0,19,8,9,10,17,15,1;1,14,17,18,16;1,15,18,2,7;6,12,18,15,14,10,11;2,16,15,17,12,13,4,3;0,11,5,13,8,14
torus887 20 4,9,5,6,15;2,16,15,6,7;1,7,13,8,4,17,16;4,15,19,18,17;0,15,3,17,2,8,9;0,9,14,10,16,17,11,6;0,5,11,7,1,15;1,6,11,12,13,2;2,13,14,9,4;0,4,8,14,5;5,14,19,15,16;5,17,12,7,6;7,11,17,18,14,13;2,7,12,14,8;5,9,8,13,12,18,19,10;0,6,1,16,10,19,3,4;1,2,17,5,10,15;2,4,3,18,12,11,5,16;3,19,14,12,17;3,15,10,14,18
torus888 20 4,5,6,15,8,19;2,16,15,6,7;1,7,3,18,17,11,16;2,7,8,9,18;0,19,18,9,5;0,4,9,14,10,11,17,12,7,6;0,5,7,1,15;1,6,5,12,13,8,3,2;0,15,14,9,3,7,13,19;3,8,14,5,4,18;5,14,15,16,11;2,17,5,10,16;5,17,18,13,7;7,12,18,19,8;5,9,8,15,10;0,6,1,16,10,14,8;1,2,11,10,15;2,18,12,5,11;2,3,9,4,19,13,12,17;0,8,13,18,4
torus889 20 1,6,11,4,19,15;0,15,10,2,8,13,6;1,10,16,17,3,8;2,17,12,9,8;0,11,5,18,19;4,11,16,10,14,13,9,18;0,1,13,7,12,11;6,13,19,18,12;1,2,3,9,13;3,12,18,5,13,8;1,15,14,5,16,2;0,6,12,17,16,5,4;3,17,11,6,7,18,9;1,8,9,5,14,19,7,6;5,10,15,19,13;0,19,14,10,1;2,10,5,11,17;2,16,11,12,3;4,5,9,12,7,19;0,4,18,7,13,14,15
torus890 20 1,6,5,4,16;0,16,11,2,8,7,6;1,11,12,17,3,8;2,17,18,4,8;0,5,8,3,18,19,16;0,6,12,11,10,9,8,4;0,1,7,12,5;1,8,13,12,6;1,2,3,4,5,9,14,13,7;5,10,15,14,8;5,11,16,15,9;1,16,10,5,12,2;2,11,5,6,7,13,17;7,8,14,19,18,17,12;8,9,15,19,13;9,10,16,19,14;0,4,19,15,10,11,1;2,12,13,18,3;3,17,13,19,4;4,18,13,14,15,16
torus891 20 1,6,5,3,4,19,16,15;0,15,2,7,12,6;1,15,17,8,7;0,5,9,8,18,4;0,3,18,12,14,19;0,6,10,9,3;0,1,12,11,10,5;1,2,8,13,12;2,17,18,3,9,13,7;3,5,10,13,8;5,6,11,16,19,14,13,9;6,12,17,16,10;1,7,13,14,4,18,17,11,6;7,8,9,10,14,12;4,12,13,10,19;0,16,17,2,1;0,19,10,11,17,15;2,15,16,11,12,18,8;3,8,17,12,4;0,4,14,10,16
torus892 20 1,6,4,18,19;0,19,15,16,2,3,7,6;1,16,11,17,4,3;1,2,4,9,14,8,7;0,6,5,9,3,2,17,18;4,6,7,12,10,9;0,1,7,5,4;1,3,8,13,12,5,6;3,14,15,13,7;3,4,5,10,14;5,12,11,14,9;2,16,14,10,12,13,17;5,7,13,11,10;7,8,15,19,18,17,11,12;3,9,10,11,16,15,8;1,19,13,8,14,16;1,15,14,11,2;2,11,13,18,4;0,4,17,13,19;0,18,13,15,1
torus893 20 4,5,10,12,6,15,19;2,16,6,12,7,8;1,8,17,11,16;4,17,8,9,5;0,19,18,17,3,5;0,4,3,9,10;0,12,1,16,15;1,12,13,14,8;1,7,14,9,3,17,2;3,8,14,10,5;0,5,9,14,16,11,12;2,17,12,10,16;0,10,11,17,18,13,7,1,6;7,12,18,19,14;7,13,19,15,16,10,9,8;0,6,16,14,19;1,2,11,10,14,15,6;2,8,3,4,18,12,11;4,19,13,12,17;0,15,14,13,18,4
torus894 20 5,11,15,13,19;2,15,11,6,7,8,4,3;1,3,17,16,10,14,15;1,4,18,17,2;1,8,9,10,16,5,19,18,3;0,19,4,16,6,11;1,11,5,16,12,7;1,6,12,13,8;1,7,13,9,4;4,8,13,14,10;2,16,4,9,14;0,5,6,1,15;6,16,17,13,7;0,15,14,9,8,7,12,17,18,19;2,10,9,13,15;0,11,1,2,14,13;2,17,12,6,5,4,10;2,3,18,13,12,16;3,4,19,13,17;0,13,18,4,5
torus895 20 1,6,5,9,3,4,19,15,16;0,16,2,13,7,6;1,16,17,18,8,13;0,9,14,8,18,4;0,3,18,17,12,7,13,19;0,6,11,10,9;0,1,7,12,11,5;1,13,4,12,6;2,18,3,14,13;0,5,10,14,3;5,11,15,19,14,9;5,6,12,17,16,15,10;4,17,11,6,7;1,2,8,14,19,4,7;3,9,10,19,13,8;0,19,10,11,16;0,15,11,17,2,1;2,16,11,12,4,18;2,17,4,3,8;0,4,13,14,10,15
torus896 20 1,6,11,5,9,4,15;0,15,10,2,6;1,10,16,17,3,6;2,17,18,19,4,9,8,7,6;0,9,3,19,15;0,11,14,13,9;0,1,2,3,7,11;3,8,12,11,6;3,9,13,12,7;0,5,13,8,3,4;1,15,14,11,16,2;0,6,7,12,16,10,14,5;7,8,13,18,17,16,11;5,14,15,19,18,12,8,9;5,11,10,15,13;0,4,19,13,14,10,1;2,10,11,12,17;2,16,12,18,3;3,17,12,13,19;3,18,13,15,4
torus897 20 1,11,5,4,14,15;0,15,2,7,6,11;1,15,16,17,13,7;4,9,8,17,18,12,19;0,5,9,3,19,14;0,11,10,9,4;1,7,12,18,11;1,2,13,12,6;3,9,10,14,13,17;3,4,5,10,8;5,11,16,15,14,8,9;0,1,6,18,17,16,10,5;3,18,6,7,13,19;2,17,8,14,19,12,7;0,4,19,13,8,10,15;0,14,10,16,2,1;2,15,10,11,17;2,16,11,18,3,8,13;3,17,11,6,12;3,12,13,14,4
torus898 20 4,9,5,6,7,15,19;2,17,11,10,16,15,7;1,7,6,13,8,3,17;2,8,4,19,18,17;0,19,3,8,9;0,9,10,11,6;0,5,11,13,2,7;0,6,2,1,15;2,13,14,9,4,3;0,4,8,14,10,5;1,11,5,9,14,16;1,17,18,12,13,6,5,10;11,18,19,14,13;2,6,11,12,14,8;8,13,12,19,16,10,9;0,7,1,16,19;1,10,14,19,15;1,2,3,18,11;3,19,12,11,17;0,15,16,14,12,18,3,4
torus899 20 1,11,5,9,4,19,15;0,15,2,7,6,12,11;1,15,16,17,3,4,8,7;2,17,12,18,4;0,9,8,2,3,18,19;0,11,10,14,9;1,7,14,13,12;1,2,8,14,6;2,4,9,14,7;0,5,14,8,4;5,11,16,15,14;0,1,12,17,16,10,5;1,6,13,18,3,17,11;6,14,19,18,12;5,10,15,19,13,6,7,8,9;0,19,14,10,16,2,1;2,15,10,11,17;2,16,11,12,3;3,12,13,19,4;0,4,18,13,14,15
torus900 20 4,8,9,6,15;2,16,10,19,15,7;1,7,3,17,16;2,7,8,4,19,18,17;0,15,19,3,8;6,9,19,10,11;0,9,5,11,15;1,15,11,12,13,14,8,3,2;0,4,3,7,14,9;0,8,14,19,5,6;1,16,11,5,19;5,10,16,17,12,7,15,6;7,11,17,18,13;7,12,18,19,14;7,13,19,9,8;0,6,11,7,1,19,4;1,2,17,11,10;2,3,18,12,11,16;3,19,13,12,17;1,10,5,9,14,13,18,3,4,15
torus901 20 1,2,7,12,6,10,5,4;0,4,15,9,16,2;0,1,16,17,3,8,7;2,17,18,4,5,9,8;0,5,3,18,19,15,1;0,10,9,3,4;0,12,11,16,10;0,2,8,14,13,12;2,3,9,14,7;1,15,14,8,3,5,10,16;0,6,16,9,5;6,12,18,17,16;0,7,13,18,11,6;7,14,19,18,12;7,8,9,15,19,13;1,4,19,14,9;1,9,10,6,11,17,2;2,16,11,18,3;3,17,11,12,13,19,4;4,18,13,14,15
torus902 20 1,6,5,14,15;0,15,16,7,6;3,8,7,17,18;2,18,4,16,10,9,8;3,18,13,19,16;0,6,11,16,19,14;0,1,7,13,12,11,5;1,16,17,2,8,13,6;2,3,9,13,7;3,10,14,19,13,8;3,16,15,14,9;5,6,12,17,16;6,13,18,17,11;4,18,12,6,7,8,9,19;0,5,19,9,10,15;0,14,10,16,1;1,15,10,3,4,19,5,11,17,7;2,7,16,11,12,18;2,17,12,13,4,3;4,13,9,14,5,16
torus903 20 4,9,5,15,19;2,15,5,6,7;1,7,8,16,19,15;7,9,18,17,8;0,19,12,6,11,18,9;0,9,10,17,11,6,1,15;1,5,11,4,12,7;1,6,12,13,14,10,9,3,8,2;2,7,3,17,16;0,4,18,3,7,10,5;5,9,7,14,17;4,6,5,17,18;4,19,13,7,6;7,12,19,16,14;7,13,16,17,10;0,5,1,2,19;2,8,17,14,13,19;3,18,11,5,10,14,16,8;3,9,4,11,17;0,15,2,16,13,12,4
torus904 20 1,6,5,19,15;0,15,10,16,2,7,6;1,16,17,3,8,7;2,17,18,9,8;5,11,16,14,9,18,19;0,6,11,4,19;0,1,7,11,5;1,2,8,12,11,6;2,3,9,14,13,12,7;3,18,4,14,8;1,15,13,14,16;4,5,6,7,12,16;7,8,13,18,17,16,11;8,14,10,15,19,18,12;4,16,10,13,8,9;0,19,13,10,1;1,10,14,4,11,12,17,2;2,16,12,18,3;3,17,12,13,19,4,9;0,5,4,18,13,15
torus905 20 1,12,6,4,18,19,15;0,15,16,2,8,7,12;1,16,17,3,8;2,17,12,13,18,4,9,8;0,6,5,9,3,18;4,6,14,7,9;0,12,11,10,14,5,4;1,8,9,5,14,13,12;1,2,3,9,7;3,4,5,7,8;6,11,16,15,19,13,14;6,12,17,16,10;0,1,7,13,3,17,11,6;3,12,7,14,10,19,18;5,6,10,13,7;0,19,10,16,1;1,15,10,11,17,2;2,16,11,12,3;0,4,3,13,19;0,18,13,10,15
torus906 20 1,6,5,4,19;0,19,15,16,7,6;3,8,7,16,17,18;2,18,19,4,9,8;0,5,9,3,19;0,6,11,9,4;0,1,7,11,5;1,16,2,8,14,13,12,11,6;2,3,9,15,14,7;3,4,5,11,10,15,8;9,11,12,17,15;5,6,7,12,10,9;7,13,18,17,10,11;7,14,19,18,12;7,8,15,19,13;1,19,14,8,9,10,17,16;1,15,17,2,7;2,16,15,10,12,18;2,17,12,13,19,3;0,4,3,18,13,14,15,1
torus907 20 1,6,5,4,3,15;0,15,16,2,8,7,18,12,6;1,16,17,3,8;0,4,8,2,17,12,18,13,19,15;0,5,9,8,3;0,6,11,10,14,9,4;0,1,12,17,11,5;1,8,9,13,18;1,2,3,4,9,7;4,5,14,13,7,8;5,11,15,19,14;5,6,17,16,15,10;1,18,3,17,6;3,18,7,9,14,19;5,10,19,13,9;0,3,19,10,11,16,1;1,15,11,17,2;2,16,11,6,12,3;1,7,13,3,12;3,13,14,10,15
torus908 20 4,5,6,19,13;6,12,7,9,15,19;3,17,16,15,9;2,9,18,6,17;0,13,18,9,5;0,4,9,11,6;0,5,11,17,3,18,12,1,19;1,12,13,8,9;7,13,19,14,9;1,7,8,14,11,5,4,18,3,2,15;11,14,19,15,16;5,9,14,10,16,17,6;1,6,18,13,7;0,19,8,7,12,18,4;8,19,10,11,9;1,9,2,16,10,19;2,17,11,10,15;2,3,6,11,16;3,9,4,13,12,6;0,6,1,15,10,14,8,13
torus909 20 1,2,5,9,4,19,13,15;0,15,10,16,2;0,1,16,17,3,7,6,5;2,17,18,4,7;0,9,8,7,3,18,19;0,2,6,12,9;2,7,13,12,5;2,3,4,8,14,13,6;4,9,11,14,7;0,5,12,11,8,4;1,15,14,11,16;8,9,12,16,10,14;5,6,13,19,18,17,16,11,9;0,19,12,6,7,14,15;7,8,11,10,15,13;0,13,14,10,1;1,10,11,12,17,2;2,16,12,18,3;3,17,12,19,4;0,4,18,12,13
torus910 20 1,12,4,3,19,15;0,15,16,2,7,12;1,16,17,8,7;0,4,8,11,18,14,19;0,12,6,9,8,3;6,11,10,14,9;4,12,11,5,9;1,2,8,13,12;2,17,11,3,4,9,13,7;4,6,5,14,18,13,8;5,11,17,16,15,19,14;3,8,17,10,5,6,12,18;0,1,7,13,18,11,6,4;7,8,9,18,12;3,18,9,5,10,19;0,19,10,16,1;1,15,10,17,2;2,16,10,11,8;3,11,12,13,9,14;0,3,14,10,15
torus911 20 4,5,6,15,19;6,7,13,16,9,15;8,17,16,13,14;4,18,12,8,9;0,19,13,18,3,9,10,5;0,4,10,12,6;0,5,12,7,1,15;1,6,12,18,13;2,14,9,3,12,17;1,16,11,10,4,3,8,14,15;4,9,11,12,5;9,16,17,12,10;3,18,7,6,5,10,11,17,8;1,7,18,4,19,14,2,16;2,13,19,15,9,8;0,6,1,9,14,19;1,13,2,17,11,9;2,8,12,11,16;3,4,13,7,12;0,15,14,13,4
torus912 20 1,15,19,4,9,5,6,2,16;0,16,17,10,15;0,6,12,13,7,8,16;4,13,12,18,17,16,8,9;0,19,13,3,9;0,9,10,11,6;0,5,11,12,2;2,13,14,10,9,8;2,7,9,3,16;0,4,3,8,7,10,5;1,17,18,11,5,9,7,14,15;5,10,18,12,6;2,6,11,18,3,13;2,12,3,4,19,14,7;7,13,19,15,10;0,1,10,14,19;0,2,8,3,17,1;1,16,3,18,10;3,12,11,10,17;0,15,14,13,4
torus913 20 4,9,10,5,6,15,18;2,15,6,7,8;1,8,3,17,12,11,16,15;2,8,9,4,17;0,18,17,3,9;0,10,16,11,6;0,5,11,7,1,15;1,6,11,12,13,8;1,7,13,19,14,9,3,2;0,4,3,8,14,10;0,9,14,16,5;2,12,7,6,5,16;2,17,18,13,7,11;7,12,18,19,8;8,19,15,16,10,9;0,6,1,2,16,14,19,18;2,11,5,10,14,15;2,3,4,18,12;0,15,19,13,12,17,4;8,13,18,15,14
torus914 20 1,2,3,8,6,5,15;0,15,10,16,2;0,1,16,17,3;0,2,17,12,18,19,4,9,8;3,19,14,5,11,9;0,6,12,17,16,11,4,14,15;0,8,7,18,12,5;6,8,10,13,18;0,3,9,10,7,6;3,4,11,10,8;1,15,14,13,7,8,9,11,16;4,5,16,10,9;3,17,5,6,18;7,10,14,19,18;4,19,13,10,15,5;0,5,14,10,1;1,10,11,5,17,2;2,16,5,12,3;3,12,6,7,13,19;3,18,13,14,4
torus915 20 4,6,15,14,13,19;2,16,12,10,9,15,6;1,6,4,8,16;8,9,17,12,16;0,19,17,5,11,7,8,2,6;4,17,9,10,11;0,4,2,1,15;4,11,12,18,13,14,9,8;2,4,7,9,3,16;1,10,5,17,3,8,7,14,15;1,12,11,5,9;4,5,10,12,7;1,16,3,17,18,7,11,10;0,14,7,18,19;0,15,9,7,13;0,6,1,9,14;1,2,8,3,12;3,9,5,4,19,18,12;7,12,17,19,13;0,13,18,17,4
torus916 20 2,8,7,12,6,19,15,10;2,16,3,18,5;0,10,16,1,5,17,8;1,16,12,7,18;5,11,16,10,9;1,18,19,6,11,4,9,17,2;0,12,11,5,19;0,8,13,18,3,12;0,2,17,13,7;4,10,14,13,17,5;0,15,14,9,4,16,2;4,5,6,12,16;0,7,3,16,11,6;7,8,17,9,14,18;9,10,15,18,13;0,19,18,14,10;1,2,10,4,11,12,3;2,5,9,13,8;1,3,7,13,14,15,19,5;0,6,5,18,15
torus917 20 1,6,14,15,16;0,16,7,12,6;3,9,8,13,17;2,17,19,4,9;3,19,5,10,9;4,19,12,18,11,16,15,10;0,1,12,17,11,9,14;1,16,13,8,18,12;2,9,11,18,7,13;2,3,4,10,14,6,11,8;4,5,15,14,9;5,18,8,9,6,17,16;1,7,18,5,19,17,6;2,8,7,16,17;0,6,9,10,15;0,14,10,5,16;0,15,5,11,17,13,7,1;2,13,16,11,6,12,19,3;5,12,7,8,11;3,17,12,5,4
torus918 20 1,6,12,18,5,3,17,15;0,15,16,11,2,6;1,11,17,7,6;0,5,9,8,17;5,18,19,17,11,10,9;0,18,4,9,3;0,1,2,7,12;2,17,8,12,6;3,9,14,13,18,12,7,17;3,5,4,10,14,8;4,11,16,14,9;1,16,10,4,17,2;0,6,7,8,18;8,14,15,19,18;8,9,10,16,15,13;0,17,19,13,14,16,1;1,15,14,10,11;0,3,8,7,2,11,4,19,15;0,12,8,13,19,4,5;4,18,13,15,17
torus919 20 1,6,4,15,10;0,10,16,7,6;3,8,7,16,17;2,17,12,13,18,4,5,8;0,6,11,5,3,18,19,15;3,4,11,9,8;0,1,7,13,11,4;1,16,2,8,9,14,19,18,13,6;2,3,5,9,7;5,11,10,14,7,8;0,15,14,9,11,12,17,16,1;4,6,13,12,10,9,5;3,17,10,11,13;3,12,11,6,7,18;7,9,10,15,19;0,4,19,14,10;1,10,17,2,7;2,16,10,12,3;3,13,7,19,4;4,18,7,14,15
torus920 20 3,9,4,11,19;6,7,10,15,14,19;3,18,16,10,7;0,19,18,2,7,8,9;0,9,10,5,11;4,10,16,17,11;1,19,11,12,7;1,6,12,8,3,2,10;3,7,12,13,9;0,3,8,13,15,10,4;1,7,2,16,5,4,9,15;0,4,5,17,13,12,6,19;6,11,13,8,7;8,12,11,17,14,15,9;1,15,13,17,16,18,19;1,10,9,13,14;2,18,14,17,5,10;5,16,14,13,11;2,3,19,14,16;0,11,6,1,14,18,3
torus921 20 4,6,12,5,9;2,16,11,12,17;1,17,8,14,6,4,16;8,17,12,18,9;0,9,18,16,2,6;0,12,11,10,9;0,4,2,14,7,13,12;6,14,15,19,13;2,17,3,9,15,14;0,5,10,15,8,3,18,4;5,11,16,15,9;1,16,10,5,12;0,6,13,18,3,17,1,11,5;6,7,19,18,12;2,8,15,7,6;7,14,8,9,10,16,19;1,2,4,18,19,15,10,11;1,12,3,8,2;3,12,13,19,16,4,9;7,15,16,18,13
torus922 20 1,6,5,15,16;0,16,2,7,6;1,16,3,8,7;2,16,17,4,8;3,17,19,5,8;0,6,9,8,4,19,15;0,1,7,11,18,10,14,9,5;1,2,8,11,6;2,3,4,5,9,13,11,7;5,6,14,13,8;6,18,17,16,14;6,7,8,13,12,18;11,13,19,17,18;8,9,14,15,19,12,11;6,10,16,15,13,9;0,5,19,13,14,16;0,15,14,10,17,3,2,1;3,16,10,18,12,19,4;6,11,12,17,10;4,17,12,13,15,5
torus923 20 4,5,6,7,19;2,8,9,4,3;1,3,17,18,15,8;1,4,12,10,17,2;0,19,18,12,3,1,9,5;0,4,9,14,16,10,11,6;0,5,11,8,7;0,6,8,15,19;1,2,15,7,6,11,13,14,9;1,8,14,5,4;3,12,11,5,16,17;5,10,12,13,8,6;3,4,18,13,11,10;8,11,12,18,14;5,9,8,13,18,16;2,18,19,7,8;5,14,18,17,10;2,3,10,16,18;2,17,16,14,13,12,4,19,15;0,7,15,18,4
torus924 20 4,6,15,19,18;6,11,12,16,15;3,17,16,7,4;2,4,18,14,13,12,11,17;0,18,3,2,7,10,5,6;4,10,9,11,6;0,4,5,11,1,15;2,16,12,13,8,10,4;7,13,14,9,10;5,10,8,14,19,16,17,11;4,7,8,9,5;1,6,5,9,17,3,12;1,11,3,13,7,16;3,14,8,7,12;3,18,19,9,8,13;0,6,1,16,19;1,12,7,2,17,9,19,15;2,3,11,9,16;0,19,14,3,4;0,15,16,9,14,18
torus925 20 1,2,6,15,10;0,10,4,16,13,19,17,3,2;0,1,3,5,6;1,17,18,5,2;1,10,9,8,5,18,11,16;2,3,18,4,8,7,6;0,2,5,7,12,11,15;5,8,13,12,6;4,9,13,7,5;4,10,15,14,13,8;0,15,9,4,1;4,18,17,19,14,15,6,12,16;6,7,13,16,11;1,16,12,7,8,9,14,19;9,15,11,19,13;0,6,11,14,9,10;1,4,11,12,13;1,19,11,18,3;3,17,11,4,5;1,13,14,11,17
torus926 20 1,6,8,4,7,19,15,11,16;0,16,2,12,6;1,16,17,8,13,19,12;4,8,17,11,18;0,8,3,18,7;6,18,10,14,9;0,1,12,18,5,9,8;0,4,18,12,19;0,6,9,13,2,17,3,4;5,14,13,8,6;5,18,11,15,14;0,15,10,18,3,17,16;1,2,19,7,18,6;2,8,9,14,19;5,10,15,19,13,9;0,19,14,10,11;0,11,17,2,1;2,16,11,3,8;3,11,10,5,6,12,7,4;0,7,12,2,13,14,15
torus927 20 1,4,9,6,7;0,7,13,8,2,16,10,4;1,8,3,17,16;2,8,9,4,17;0,1,10,18,12,17,3,9;6,9,14,11,12;0,9,5,12,7;0,6,12,13,1;1,13,9,3,2;0,4,3,8,13,19,15,14,5,6;1,16,11,14,15,18,4;5,14,10,16,12;4,18,19,13,7,6,5,11,16,17;1,7,12,19,9,8;5,9,15,10,11;9,19,18,10,14;1,2,17,12,11,10;2,3,4,12,16;4,10,15,19,12;9,13,12,18,15
torus928 20 3,4,7,15,19;7,16,10,14,15;3,17,11,16,8;0,19,18,17,2,8,13,9,4;0,3,9,5,6,7;4,9,14,10,6;4,5,10,11,17,12,13,7;0,4,6,13,8,16,1,15;2,16,7,13,3;3,13,14,5,4;1,16,11,6,5,14;2,17,6,10,16;6,17,18,14,13;3,8,7,6,12,14,9;1,10,5,9,13,12,18,19,15;0,7,1,14,19;1,7,8,2,11,10;2,3,18,12,6,11;3,19,14,12,17;0,15,14,18,3
torus929 20 1,6,5,10,4,19,15,16;0,16,7,13,6;3,7,16,15,17,18,4;2,4,10,9,8,13,7;0,10,3,2,18,19;0,6,11,12,10;0,1,13,11,5;1,16,2,3,13;3,9,14,15,13;3,10,12,14,8;0,5,12,9,3,4;5,6,13,19,12;5,11,19,18,17,14,9,10;1,7,3,8,15,19,11,6;8,9,12,17,15;0,19,13,8,14,17,2,16;0,15,2,7,1;2,15,14,12,18;2,17,12,19,4;0,4,18,12,11,13,15
torus930 20 1,2,7,6,5,4,14,15;0,15,16,17,2;0,1,17,8,7;4,10,15,9,8,17,12,18,19;0,5,10,3,19,14;0,6,11,10,4;0,7,12,17,11,5;0,2,8,9,13,18,12,6;2,17,3,9,7;3,15,13,7,8;3,4,5,11,16,15;5,6,17,16,10;3,17,6,7,18;7,9,15,14,19,18;0,4,19,13,15;0,14,13,9,3,10,16,1;1,15,10,11,17;1,16,11,6,12,3,8,2;3,12,7,13,19;3,18,13,14,4
torus931 20 1,4,19,2,8;0,8,7,6,4;0,19,16,15,8;4,9,8,18,14;0,1,6,5,10,9,3,14,19;4,6,16,18,10;1,7,13,12,11,16,5,4;1,8,9,13,6;0,2,15,17,18,3,9,7,1;3,4,10,13,7,8;4,5,18,13,9;6,12,17,15,16;6,13,18,17,11;6,7,9,10,18,12;3,18,16,19,4;2,16,11,17,8;2,19,14,18,5,6,11,15;8,15,11,12,18;3,8,17,12,13,10,5,16,14;0,4,14,16,2
torus932 20 2,6,5,19,7;7,19,15,14,16,17,12;0,7,18,15,3,8,6;2,15,4,10,8;3,15,5,11,10;0,6,17,16,11,4,15,19;0,2,8,17,5;0,19,1,12,18,2;2,3,10,13,12,17,6;10,11,14,15,13;3,4,11,9,13,8;4,5,16,14,9,10;1,17,8,13,18,7;8,10,9,15,18,12;1,15,9,11,16;1,19,5,4,3,2,18,13,9,14;1,14,11,5,17;1,16,5,6,8,12;2,7,12,13,15;0,5,15,1,7
torus933 20 1,6,5,9,8,4,19,15,16,17;0,17,3,7,6;3,8,9,12,7;1,17,18,13,4,8,2,7;0,8,3,13,19;0,6,11,10,9;0,1,7,12,11,5;1,3,2,12,6;0,9,2,3,4;0,5,10,14,18,12,2,8;5,11,15,14,9;5,6,12,15,10;2,9,18,16,15,11,6,7;3,18,14,19,4;9,10,15,19,13,18;0,19,14,10,11,12,16;0,15,12,18,17;0,16,18,3,1;3,17,16,12,9,14,13;0,4,13,14,15
torus934 20 4,5,10,11,19;2,16,15,9,6;1,6,7,8,14,3,16;2,14,18,17,16;0,19,18,9,5;0,4,9,15,10;1,9,11,12,7,2;2,6,12,13,8;2,7,13,19,11,9,14;1,15,5,4,18,14,8,11,6;0,5,15,16,11;0,10,16,17,12,6,9,8,19;6,11,17,13,7;7,12,17,18,19,8;2,8,9,18,3;1,16,10,5,9;1,2,3,17,11,10,15;3,18,13,12,11,16;3,14,9,4,19,13,17;0,11,8,13,18,4
torus935 20 12,13,14,16,19;2,7,6,15,17;1,17,18,14,7;4,8,18,19,9;3,9,11,10,8;6,7,11,9,19;1,7,5,19,16,15;1,2,14,13,11,5,6;3,4,10,14,18;3,19,5,11,4;4,11,16,14,8;4,9,5,7,13,12,18,17,15,16,10;0,19,18,11,13;0,12,11,7,14;0,13,7,2,18,8,10,16;1,6,16,11,17;0,14,10,11,15,6,19;1,15,11,18,2;2,17,11,12,19,3,8,14;0,16,6,5,9,3,18,12
torus936 20 4,5,11,14,7;6,12,13,7,16,10,15;3,17,16,7,8;2,8,9,18,17;0,7,13,19,18,9,10,5;0,4,10,17,11;1,15,11,17,12;0,14,8,2,16,1,13,4;2,7,14,10,9,3;3,8,10,4,18;1,16,17,5,4,9,8,14,15;0,5,17,6,15,14;1,6,17,19,13;1,12,19,4,7;0,11,15,10,8,7;1,10,14,11,6;1,7,2,17,10;2,3,18,19,12,6,11,5,10,16;3,9,4,19,17;4,13,12,17,18
torus937 20 1,8,9,14,7,17,15;0,15,2,3,8;1,15,10,16,3;1,2,16,17,12,18,4,8;3,18,19,6,5,9,8;4,6,11,10,9;4,19,17,11,5;0,14,13,12,17;0,1,3,4,9;0,8,4,5,10,14;2,15,19,14,9,5,11,16;5,6,17,16,10;3,17,7,13,18;7,14,19,18,12;0,9,10,19,13,7;0,17,19,10,2,1;2,10,11,17,3;0,7,12,3,16,11,6,19,15;3,12,13,19,4;4,18,13,14,10,15,17,6
torus938 20 1,6,5,18,13,15,16;0,16,17,3,2,7,12,6;1,3,9,8,7;1,17,11,19,18,4,9,2;3,18,5,10,9;0,6,10,4,18;0,1,12,11,10,5;1,2,8,19,12;2,9,14,19,7;2,3,4,10,15,14,8;4,5,6,11,17,16,15,9;3,17,10,6,12,19;1,7,19,11,6;0,18,19,14,15;8,9,15,13,19;0,13,14,9,10,16;0,15,10,17,1;1,16,10,11,3;0,5,4,3,19,13;3,11,12,7,8,14,13,18
torus939 20 1,6,14,18,15;0,15,7,19,6;3,8,16,6,11,17;2,17,14,9,8;5,16,18,19,13;4,13,9,14,6,16;0,1,19,11,2,16,5,14;1,15,10,8,19;2,3,9,13,19,7,10,16;3,14,5,13,8;7,15,18,16,8;2,6,19,12,17;11,19,18,14,17;4,19,8,9,5;0,6,5,9,3,17,12,18;0,18,10,7,1;2,8,10,18,4,5,6;2,11,12,14,3;0,14,12,19,4,16,10,15;1,7,8,13,4,18,12,11,6
torus940 20 6,15,9,14,19;7,16,9,15,12;7,8,17,11,16;5,12,11,17,9;5,9,10,6,19,18;3,9,4,18,12;0,19,4,10,11,12,15;1,12,8,2,16;2,7,12,13,14,9,17;0,15,1,16,10,4,5,3,17,8,14;4,9,16,11,6;2,17,3,12,6,10,16;1,15,6,11,3,5,18,13,8,7;8,12,18,19,14;0,9,8,13,19;0,6,12,1,9;1,7,2,11,10,9;2,8,9,3,11;4,19,13,12,5;0,14,13,18,4,6
torus941 20 5,11,6,15,14,13;2,3,16,10,15,6,7;1,7,19,8,3;1,2,8,9,17,18,16;5,13,17,9,10;0,13,4,10,11;0,11,7,1,15;1,6,11,12,19,2;2,19,10,9,3;3,8,10,4,17;1,16,11,5,4,9,8,19,14,15;0,5,10,16,18,12,7,6;7,11,18,13,19;0,14,19,12,18,17,4,5;0,15,10,19,13;0,6,1,10,14;1,3,18,11,10;3,9,4,13,18;3,17,13,12,11,16;2,7,12,13,14,10,8
torus942 20 4,15,10,14,19;4,6,11,12,15;7,8,18,12,11,17,16;5,8,7,15,13;0,19,18,8,5,6,1,15;3,13,9,16,17,6,4,8;1,4,5,17,11;2,16,15,3,8;2,7,3,5,4,18;5,13,12,14,10,16;0,15,16,9,14;1,6,17,2,12;1,11,2,18,19,14,9,13,15;3,15,12,9,5;0,10,9,12,19;0,4,1,12,13,3,7,16,10;2,17,5,9,10,15,7;2,11,6,5,16;2,8,4,19,12;0,14,12,18,4
torus943 20 2,8,6,4,18,13;2,19,15,10,16;0,13,19,1,16,17,8;6,8,17,12,13,18,9;0,6,5,10,18;4,6,11,12,10;0,8,3,9,7,11,5,4;6,9,14,13,11;0,2,17,3,6;3,18,15,14,7,6;1,15,18,4,5,12,16;5,6,7,13,12;3,17,16,10,5,11,13;0,18,3,12,11,7,14,19,2;7,9,15,19,13;1,19,14,9,18,10;1,10,12,17,2;2,16,12,3,8;0,4,10,15,9,3,13;1,2,13,14,15
torus944 20 1,12,17,6,7,18,19,15;0,15,16,2,12;1,16,8,13,12;4,5,9,14,6,17,13;3,13,18,7,5;3,4,7,10,9;0,17,3,14,8,16,11,10,7;0,6,10,5,4,18;2,16,6,14,19,18,13;3,5,10,19,14;5,7,6,11,19,9;6,16,15,19,10;0,1,2,13,17;2,8,18,4,3,17,12;3,9,19,8,6;0,19,11,16,1;1,15,11,6,8,2;0,12,13,3,6;0,7,4,13,8,19;0,18,8,14,9,10,11,15
torus945 20 2,8,5,18,19,13;7,15,10,17,16,18;0,13,7,3,8;2,7,18,4,11,14,8;3,18,5,6,11;0,8,6,4,18;4,5,8,15,7,12,11;1,18,3,2,13,12,6,15;0,2,3,14,10,15,6,5;11,19,16,17,14;1,15,8,14,17;3,4,6,12,19,9,14;6,7,13,19,11;0,19,12,7,2;3,11,9,17,10,8;1,7,6,8,10;1,17,9,19,18;1,10,14,9,16;0,5,4,3,7,1,16,19;0,18,16,9,11,12,13
torus946 20 4,5,6,15,13,18;3,7,12,8,9;3,17,16,15,7;1,9,4,18,17,2,7;0,18,3,9,5;0,4,9,10,6;0,5,10,11,15;1,3,2,15,11,12;1,12,13,19,9;1,8,19,14,10,5,4,3;5,9,14,16,17,18,12,11,6;6,10,12,7,15;1,7,11,10,18,13,8;0,15,19,8,12,18;9,19,15,16,10;0,6,11,7,2,16,14,19,13;2,17,10,14,15;2,3,18,10,16;0,13,12,10,17,3,4;8,13,15,14,9
torus947 20 1,6,12,5,16,10,4,19,13;0,13,7,14,6;3,8,12,15,16;2,16,11,18,19,4,9,8;0,10,9,3,19;0,12,7,17,11,16;0,1,14,15,12;1,13,17,5,12,8,14;2,3,9,14,7,12;3,4,10,14,8;0,16,14,9,4;3,16,5,17,18;0,6,15,2,8,7,5;0,19,18,17,7,1;1,7,8,9,10,16,15,6;2,12,6,14,16;0,5,11,3,2,15,14,10;5,7,13,18,11;3,11,17,13,19;0,4,3,18,13
torus948 20 6,15,8,14,13,19;2,16,6,18,5;1,5,7,17,16;7,19,13,10,9,8,17;5,11,14,12,19;1,18,8,9,11,4,19,7,2;0,19,12,18,1,16,15;2,5,19,3,17;0,15,17,3,9,5,18,14;3,10,11,5,8;3,13,14,11,9;4,5,9,10,14;4,14,18,6,19;0,14,10,3,19;0,8,18,12,4,11,10,13;0,6,16,17,8;1,2,17,15,6;2,7,3,8,15,16;1,6,12,14,8,5;0,13,3,7,5,4,12,6
torus949 20 1,6,10,14,5,4,15;0,15,16,2,13,7,6;1,16,17,3,9,8,13;2,17,4,5,9;0,5,3,17,12,7,19,15;0,14,9,3,4;0,1,7,11,10;1,13,18,19,4,12,11,6;2,9,14,18,13;2,3,5,14,8;0,6,11,16,18,14;6,7,12,16,10;4,17,16,11,7;1,2,8,18,7;0,10,18,8,9,5;0,4,19,16,1;1,15,19,18,10,11,12,17,2;2,16,12,4,3;7,13,8,14,10,16,19;4,7,18,16,15
torus950 20 4,5,12,7,15;3,17,16,15,6;3,6,7,8,9;1,6,2,9,4,19,13,18,17;0,15,19,3,9,5;0,4,9,11,12;1,15,7,2,3;0,12,18,8,2,6,15;2,7,18,13,14,10,9;2,8,10,11,5,4,3;8,14,15,11,9;5,9,10,15,16,12;0,5,11,16,17,18,7;3,19,14,8,18;8,13,19,15,10;0,7,6,1,16,11,10,14,19,4;1,17,12,11,15;1,3,18,12,16;3,13,8,7,12,17;3,4,15,14,13
torus951 20 1,15,14,8,19,13,9,18;0,18,4,6,2,15;1,6,8,17,15;8,10,9,11,17;1,18,5,16,6;4,18,9,10,16;1,4,16,7,19,8,2;6,16,12,13,19;0,14,10,3,17,2,6,19;0,13,12,11,3,10,5,18;3,8,14,16,5,9;3,9,12,15,17;7,16,15,11,9,13;0,19,7,12,9;0,15,16,10,8;0,1,2,17,11,12,16,14;4,5,10,14,15,12,7,6;2,8,3,11,15;0,9,5,4,1;0,8,6,7,13
torus952 20 1,6,2,5,19;0,19,15,10,16,8,7,6;0,6,11,12,17,3,8,5;2,17,4,9,14,13,7,8;3,17,18,5,9;0,2,8,16,9,4,18,19;0,1,7,11,2;1,8,3,13,11,6;1,16,5,2,3,7;3,4,5,16,14;1,15,13,14,16;2,6,7,13,12;2,11,13,18,17;3,14,10,15,18,12,11,7;3,9,16,10,13;1,19,18,13,10;1,10,14,9,5,8;2,12,18,4,3;4,17,12,13,15,19,5;0,5,18,15,1
torus953 20 1,2,3,8,7;0,7,5,19,2;0,1,19,16,17,3;0,2,17,9,8;5,6,11,10,9,19;1,7,14,13,6,4,19;4,5,13,17,11;0,8,14,5,1;0,3,9,14,7;3,17,18,19,4,10,15,14,8;4,11,16,15,9;4,6,17,16,10;13,14,15,16,19,18;5,14,12,18,17,6;5,7,8,9,15,12,13;9,10,16,12,14;2,19,12,15,10,11,17;2,16,11,6,13,18,9,3;9,17,13,12,19;1,5,4,9,18,12,16,2
torus954 20 1,6,5,4,15;0,15,16,2,6;1,16,10,17,6;4,9,14,8,15;0,5,9,3,15;0,6,7,11,12,10,9,4;0,1,2,17,8,7,5;5,6,8,14,11;3,14,7,6,17,15;3,4,5,10,14;2,16,19,14,9,5,12,17;5,7,14,13,12;5,11,13,17,10;11,14,18,17,12;3,9,10,19,18,13,11,7,8;0,4,3,8,17,18,19,16,1;1,15,19,10,2;2,10,12,13,18,15,8,6;13,14,19,15,17;10,16,15,18,14
torus955 20 1,7,16,17,11,9;0,9,14,12,13,19,4,7;6,12,14,15,8;4,19,18,11,17,8,15;1,19,3,15,10,6,7;6,10,9,18,19,13;2,8,16,7,4,10,5,13,12;0,1,4,6,16;2,15,3,17,16,6;0,11,18,5,10,15,14,1;4,15,9,5,6;0,17,3,18,9;1,14,2,6,13;1,12,6,5,19;1,9,15,2,12;2,14,9,10,4,3,8;0,7,6,8,17;0,16,8,3,11;3,19,5,9,11;1,13,5,18,3,4
torus956 20 2,3,6,5,8;2,12,18,19,15,16;0,8,12,1,16,3;0,2,16,17,19,18,6;5,9,14,12,8;0,6,11,9,4,8;0,3,18,12,11,5;12,14,13,19,17;0,5,4,12,2;4,5,11,13,14;11,12,17,16,15;5,6,12,10,15,19,13,9;1,2,8,4,14,7,17,10,11,6,18;7,14,9,11,19;4,9,13,7,12;1,19,11,10,16;1,15,10,17,3,2;3,16,10,12,7,19;1,12,6,3,19;1,18,3,17,7,13,11,15
torus957 20 5,9,18,19,8,14,11,17,15;2,7,11,16,10,5,15,4;1,4,3,19,13,7;2,4,12,8,19;1,15,6,12,3,2;0,15,1,10,9;4,15,17,7,12;1,2,13,12,6,17,11;0,19,3,12,14;0,5,10,12,18;1,16,12,9,5;0,14,16,1,7,17;3,4,6,7,13,18,9,10,16,14,8;2,19,18,12,7;0,8,12,16,11;0,17,6,4,1,5;1,11,14,12,10;0,11,7,6,15;0,9,12,13,19;0,18,13,2,3,8
torus958 20 4,9,18,19,15;4,15,7,13,6,5;3,7,15,12,17;2,17,10,16,14,8,13,7;0,15,1,5,9;1,6,11,10,17,9,4;1,13,12,11,5;1,15,2,3,13;3,14,19,18,13;0,4,5,17,18;3,17,5,11,16;5,6,12,16,10;2,15,16,11,6,13,18,17;1,7,3,8,18,12,6;3,16,15,19,8;0,19,14,16,12,2,7,1,4;3,10,11,12,15,14;2,12,18,9,5,10,3;0,9,17,12,13,8,19;0,18,8,14,15
torus959 20 2,6,10,16,11,12;2,9,15,19,5,6;0,12,9,1,6;4,5,7,16,17;3,17,9,8,5;1,19,7,3,4,8,10,6;0,2,1,5,10;3,5,19,18,11,16;4,9,12,13,14,16,10,5;1,2,12,8,4,17,15;0,6,5,8,16;0,16,7,18,12;0,11,18,13,8,9,2;8,12,18,19,14;8,13,19,15,16;1,9,17,16,14,19;0,10,8,14,15,17,3,7,11;3,16,15,9,4;7,19,13,12,11;1,15,14,13,18,7,5
torus960 20 3,8,6,5,11;5,6,19,15,13;8,9,16,10,17;0,11,10,4,8;3,10,15,14,9,8;0,6,1,13,18,7,12,11;0,8,19,1,5;5,18,14,15,19,8,17,12;0,3,4,9,2,17,7,19,6;2,8,4,14,18,13,16;2,16,15,4,3,11,12,17;0,5,12,10,3;5,7,17,10,11;1,15,16,9,18,5;4,15,7,18,9;1,19,7,14,4,10,16,13;2,9,13,15,10;2,10,12,7,8;5,13,9,14,7;1,6,8,7,15
torus961 20 1,11,4,19,13;0,13,14,15,6,11;6,15,16,10,17,12;7,13,8,17,11;0,11,5,18,19;4,11,10,16,14,13,9,12,18;1,15,2,12,9,7,11;3,11,6,9,13;3,13,19,18,17;5,13,7,6,12;2,16,5,11,17;0,1,6,7,3,17,10,5,4;2,17,18,5,9,6;0,19,8,3,7,9,5,14,1;1,13,5,16,15;1,14,16,2,6;2,15,14,5,10;2,10,11,3,8,18,12;4,5,12,17,8,19;0,4,18,8,13
torus962 20 1,7,11,14,13,15,10,16;0,16,2,3,7;1,16,4,19,17,3;1,2,17,15,18,6,8,12,7;2,16,18,13,14,19;6,16,10,9,8;3,18,16,5,8;0,1,3,12,11;3,6,5,9,12;5,10,15,17,19,14,11,12,8;0,15,9,5,16;0,7,12,9,14;3,8,9,11,7;0,14,4,18,15;0,11,9,19,4,13;0,13,18,3,17,9,10;0,10,5,6,18,4,2,1;2,19,9,15,3;3,15,13,4,16,6;2,4,14,9,17
torus963 20 5,6,11,15,18;2,6,10,12,7;1,7,9,4,3,17,6;2,4,5,13,16,17;2,9,14,5,3;0,18,13,3,4,14,10,6;0,5,10,1,2,17,11;1,12,16,13,8,19,9,2;7,13,18,15,19;2,7,19,14,4;1,6,5,14,19,15,12;0,6,17,16,15;1,10,15,16,7;3,5,18,8,7,16;4,9,19,10,5;0,11,16,12,10,19,8,18;3,13,7,12,15,11,17;2,3,16,11,6;0,15,8,13,5;7,8,15,10,14,9
torus964 20 4,8,14,15,6,19,13;6,15,16,7,12;4,13,7,16,10;4,17,19,9,8;0,13,2,10,11,17,3,8;6,11,10,9,19;0,15,1,12,11,5,19;1,16,2,13,19,18,12;0,4,3,9,14;3,19,5,10,14,8;2,16,15,14,9,5,11,4;4,10,5,6,12,18,17;1,7,18,11,6;0,19,7,2,4;0,8,9,10,15;0,14,10,16,1,6;1,15,10,2,7;3,4,11,18,19;7,19,17,11,12;0,6,5,9,3,17,18,7,13
torus965 20 4,18,17,16,8,14,19;2,15,10,11,16;1,16,17,3,15;2,17,18,5,9,8,13,7,15;0,19,6,5,18;3,18,4,6,12,16,11,9;4,19,15,7,12,5;3,13,12,6,15;0,16,13,3,9,14;3,5,11,10,14,8;1,15,14,9,11;1,10,9,5,16;5,6,7,13,16;3,8,16,12,7;0,8,9,10,15,19;1,2,3,7,6,19,14,10;0,17,2,1,11,5,12,13,8;0,18,3,2,16;0,4,5,3,17;0,14,15,6,4
torus966 20 1,2,13,6,5,4,7,19,15;0,15,9,17,2;0,1,17,3,13;2,17,11,14,10,8,13;0,5,11,17,7;0,6,18,11,4;0,13,8,18,5;0,4,17,12,19;3,10,9,15,19,18,6,13;1,15,8,10,16,17;3,14,16,9,8;3,17,4,5,18,14;7,17,16,18,19;0,2,3,8,6;3,11,18,16,10;0,19,8,9,1;9,10,14,18,12,17;1,9,16,12,7,4,11,3,2;5,6,8,19,12,16,14,11;0,7,12,18,8,15
torus967 20 4,15,13,11,18;2,5,7,19,14,8;1,8,9,3,17,5;2,9,4,18,17;0,18,3,9,10,6,5,15;1,2,17,15,4,6,7;4,10,14,11,13,7,5;1,5,6,13,19;1,14,10,9,2;2,8,10,4,3;4,9,8,14,6;0,13,6,14,12,18;11,14,16,17,18;0,15,16,19,7,6,11;1,19,16,12,11,6,10,8;0,4,5,17,16,13;12,14,19,13,15,17;2,3,18,12,16,15,5;0,11,12,17,3,4;1,7,13,16,14
torus968 20 1,8,6,19,7,9;0,9,11,16,8;9,13,16,15,14,17;5,8,18,12,17;5,10,11,6,8;3,17,14,10,4,8;0,8,4,11,19;0,19,18,13,9;0,1,16,13,18,3,5,4,6;0,7,13,2,17,12,11,1;4,5,14,15,11;1,9,12,19,6,4,10,15,16;3,18,19,11,9,17;2,9,7,18,8,16;2,15,10,5,17;2,16,11,10,14;1,11,15,2,13,8;2,14,5,3,12,9;3,8,13,7,19,12;0,6,11,12,18,7
torus969 20 3,9,15,10,19,18;7,11,12,8,17,15;3,18,16,17,8;0,18,2,8,9;8,12,16,18,19;6,13,7,15,9;5,9,14,10,13;1,15,5,13,11;1,12,4,19,14,9,3,2,17;0,3,8,14,6,5,15;0,15,16,11,13,6,14,19;1,7,13,10,16,12;1,11,16,4,8;5,6,10,11,7;6,9,8,19,10;0,9,5,7,1,17,16,10;2,18,4,12,11,10,15,17;1,8,2,16,15;0,19,4,16,2,3;0,10,14,8,4,18
torus970 20 3,10,14,11,17;3,12,13,7,16,15,10;3,17,16,8,4,12;0,17,2,12,1,10;2,8,9,18,5,6,19,12;4,18,15,16,11,6;4,5,11,14,19;1,13,14,8,16;2,16,7,14,9,4;4,8,14,10,18;0,3,1,15,18,9,14;0,14,6,5,16,17;1,3,2,4,19,13;1,12,19,14,7;0,10,9,8,7,13,19,6,11;1,16,5,18,10;1,7,8,2,17,11,5,15;0,11,16,2,3;4,9,10,15,5;4,6,14,13,12
torus971 20 1,2,5,9,4,12,3,19,15;0,15,10,16,2;0,1,16,14,17,6,5;0,12,6,17,19;0,9,17,14,12;0,2,6,11,9;2,17,3,12,11,5;8,13,12,10,15;7,15,19,17,13;0,5,11,18,17,4;1,15,7,12,16;5,6,12,18,9;0,4,14,16,10,7,13,18,11,6,3;7,8,17,18,12;2,16,12,4,17;0,19,8,7,10,1;1,10,12,14,2;2,14,4,9,18,13,8,19,3,6;9,11,12,13,17;0,3,17,8,15
torus972 20 1,7,18,11,6,14,15;0,15,13,4,7;3,8,19,4,17;2,17,18,7,12,8;1,13,17,2,19,6,5,10,9,7;4,6,11,16,10;0,11,5,4,19,14;0,1,4,9,12,3,18;2,3,12,14,19;4,10,14,12,7;4,5,16,15,14,9;0,18,17,13,16,5,6;3,7,9,14,8;1,15,16,11,17,4;0,6,19,8,12,9,10,15;0,14,10,16,13,1;5,11,13,15,10;2,4,13,11,18,3;0,7,3,17,11;2,8,14,6,4
torus973 20 4,8,7,5,11,19,15,12,14,16;2,3,18,4,16;1,16,6,15,19,10,3;1,2,10,9,18;0,16,1,18,8;0,7,6,17,11;2,16,17,5,7,13,12,15;0,8,9,13,6,5;0,4,18,9,7;3,10,17,14,13,7,8,18;2,19,11,17,9,3;0,5,17,10,19;0,15,6,13,14;6,7,9,14,12;0,12,13,9,17,16;0,19,2,6,12;0,14,17,6,2,1,4;5,6,16,14,9,10,11;1,3,9,8,4;0,11,10,2,15
torus974 20 1,9,5,11,6,7,2,18;0,18,15,8,9;0,7,3,16,14,19,18;2,7,8,4,16;3,8,15,17,16;0,9,10,16,11;0,11,17,13,7;0,6,13,8,3,2;1,15,4,3,7,13,12,19,14,10,9;0,1,8,10,5;5,9,8,14,16;0,5,16,17,6;8,13,17,18,19;6,17,12,8,7;2,16,10,8,19;1,18,17,4,8;2,3,4,17,11,5,10,14;4,15,18,12,13,6,11,16;0,2,19,12,17,15,1;2,14,8,12,18
torus975 20 3,4,16,11,8;2,4,3,14,5,6;1,6,8,17,18,16,4;0,8,9,14,1,4;0,3,1,2,16;1,14,18,17,10,15,7,6;1,5,7,8,2;5,15,13,8,6;0,11,10,17,2,6,7,13,9,3;3,8,13,19,18,14;5,17,8,11,12,15;0,16,18,12,10,8;10,11,18,19,15;7,15,19,9,8;1,3,9,18,5;5,10,12,19,13,7;0,4,2,18,11;2,8,10,5,18;2,17,5,14,9,19,12,11,16;9,13,15,12,18
torus976 20 6,16,13,14,18,19;3,7,12,4,8,15;3,15,5,4,12,16,6;1,15,2,6,7;1,12,2,5,10,9,19,18,8;2,15,14,10,4;0,19,9,11,17,7,3,2,16;1,3,6,17,12;1,4,18,14,15;4,10,11,6,19;4,5,14,11,9;6,9,10,14,17;1,7,17,13,16,2,4;0,16,12,17,14;0,13,17,11,10,5,15,8,18;1,8,14,5,2,3;0,6,2,12,13;6,11,14,13,12,7;0,14,8,4,19;0,18,4,9,6
torus977 20 1,2,7,6,17;0,17,19,14,15,10,16,2;0,1,16,12,13,18,8,9,7;4,5,8,18,19;3,19,17,6,12,16,10,11,5;3,4,11,9,8;0,7,14,13,12,4,17;0,2,9,14,6;2,18,3,5,9;2,8,5,11,15,14,7;1,15,11,4,16;4,10,15,9,5;2,16,4,6,13;2,12,6,14,18;1,19,18,13,6,7,9,15;1,14,9,11,10;1,10,4,12,2;0,6,4,19,1;2,13,14,19,3,8;1,17,4,3,18,14
torus978 20 1,7,9,4,15,17;0,17,2,8,13,7;1,17,16,9,8;4,9,16,12,13,18,19;0,9,3,19,15;6,11,15,10,9;5,9,7,13,11;0,1,13,6,9;1,2,9,10,14,18,13;0,7,6,5,10,8,2,16,3,4;5,15,14,8,9;5,6,13,12,15;3,16,17,15,11,13;1,8,18,3,12,11,6,7;8,10,15,19,18;0,4,19,14,10,5,11,12,17;2,17,12,3,9;0,15,12,16,2,1;3,13,8,14,19;3,18,14,15,4
torus979 20 1,16,7,13,19;0,19,18,15,16;4,17,14,6,13,7;4,16,8,12,6,14,18;2,7,16,3,18,19,5,11,17;4,19,13,6,12,11;2,14,3,12,5,13;0,16,4,2,13;3,16,10,9,12;8,10,14,17,11,12;8,16,15,14,9;4,5,12,9,17;3,8,9,11,5,6;0,7,2,6,5,19;2,17,9,10,15,18,3,6;1,18,14,10,16;0,1,15,10,8,3,4,7;2,4,11,9,14;1,19,4,3,14,15;0,13,5,4,18,1
torus980 20 4,11,5,17,13,15,10,19;3,16,15,13,7;3,8,9,4,19;1,7,8,2,19,18,12,6,16;0,19,2,9,11;0,11,6,12,17;3,12,5,11,16;1,13,17,8,3;2,3,7,17,9;2,8,17,14,10,15,16,11,4;0,15,9,14,19;0,4,9,16,6,5;3,18,17,5,6;0,17,7,1,15;9,17,18,19,10;0,13,1,16,9,10;1,3,6,11,9,15;0,5,12,18,14,9,8,7,13;3,19,14,17,12;0,10,14,18,3,2,4
torus981 20 5,12,9,11,6,7,15;2,16,15,7,8;1,8,3,18,16;2,8,9,4,18;3,9,12,17,18;0,15,19,14,12;0,11,17,14,7;0,6,14,13,8,1,15;1,7,13,9,3,2;0,12,4,3,8,13,10,16,11;9,13,14,19,16;0,9,16,17,6;0,5,14,17,4,9;7,14,10,9,8;5,19,10,13,7,6,17,12;0,7,1,16,19,5;1,2,18,17,11,9,10,19,15;4,12,14,6,11,16,18;2,3,4,17,16;5,15,16,10,14
torus982 20 1,3,16,2,8;0,8,15,10,13,7,6,19,3;0,16,13,5,4,8;0,1,19,9,17,11,18,16;2,5,9,14,8;2,13,12,17,9,4;1,7,11,14,19;1,13,18,11,6;0,2,4,14,15,1;3,19,14,4,5,17;1,15,11,12,13;3,17,12,10,15,14,6,7,18;5,13,10,11,17;1,10,12,5,2,16,18,7;4,9,19,6,11,15,8;1,8,14,11,10;0,3,18,13,2;3,9,5,12,11;3,11,7,13,16;1,6,14,9,3
torus983 20 2,7,4,5,8;6,19,16,17,9;0,8,12,15,9,7;5,13,18,14,11,12,8;0,7,17,14,18,15,19,5;0,4,19,6,13,3,8;1,9,13,5,19;0,2,9,17,4;0,5,3,12,2;1,17,7,2,15,13,6;11,17,16,15,12;3,14,17,10,12;2,8,3,11,10,15;3,5,6,9,15,18;3,18,4,17,11;2,12,10,16,19,4,18,13,9;1,19,15,10,17;1,16,10,11,14,4,7,9;3,13,15,4,14;1,6,5,4,15,16
torus984 20 1,5,19,16,14;0,14,7,6,11,5;3,6,7,10,17;2,17,18,19,6;6,15,8,17,12;0,1,11,10,19;1,7,2,3,19,15,4,12,11;1,14,9,10,2,6;4,15,9,14,13,17;7,14,8,15,19,10;2,7,9,19,5,11,12,17;1,6,12,10,5;4,17,10,11,6;8,14,16,18,17;0,16,13,8,9,7,1;4,6,19,9,8;0,19,18,13,14;2,10,12,4,8,13,18,3;3,17,13,16,19;0,5,10,9,15,6,3,18,16
torus985 20 1,7,11,10,3,9,8,6,5,4,19;0,19,15,16,2,7;1,16,9,3,17,5,6,12,7;0,10,17,2,9;0,5,13,14,19;0,6,2,17,18,13,4;0,8,12,2,5;0,1,2,12,11;0,9,16,15,14,13,12,6;0,3,2,16,8;0,11,18,17,3;0,7,12,18,10;2,6,8,13,18,11,7;4,5,18,12,8,14;4,13,8,15,19;1,19,14,8,16;1,15,8,9,2;2,3,10,18,5;5,17,10,11,12,13;0,4,14,15,1
torus986 20 1,8,13,9,19,10,15;0,15,16,5,8;3,12,6,7,5,16,17;2,17,11,4,9,13,14,12;3,11,6,18,5,19,9;1,16,2,7,10,19,4,18,14,8;2,12,18,4,11,15,7;2,6,15,10,5;0,1,5,14,13;0,13,3,4,19;0,19,5,7,15;3,17,15,6,4;2,3,14,18,6;0,8,14,3,9;3,13,8,5,18,12;0,10,7,6,11,17,16,1;1,15,17,2,5;2,16,15,11,3;4,6,12,14,5;0,9,4,5,10
torus987 20 1,8,6,7,13,14;0,14,15,9,5,3,18,2,11,8;1,18,16,13,11;1,5,6,4,18;3,6,8,19,18;1,9,12,6,3;0,8,4,3,5,12,7;0,6,12,19,10,13;0,1,11,10,19,4,6;1,15,19,12,5;7,19,8,11,13;1,2,13,10,8;5,9,19,7,6;0,7,10,11,2,16,17,14;0,13,17,15,1;1,14,17,19,9;2,18,19,17,13;13,16,19,15,14;1,3,4,19,16,2;4,8,10,7,12,9,15,17,16,18
torus988 20 1,8,6,7,4,19,15;0,15,12,14,2,8;1,14,17,3,8;2,17,11,18,19,4,5,9,8;0,7,16,5,3,19;3,4,16,10,9;0,8,13,12,11,17,7;0,6,17,16,4;0,1,2,3,9,13,6;3,5,10,14,13,8;5,16,17,14,9;3,17,6,12,18;1,15,18,11,6,13,14;6,8,9,14,12;1,12,13,9,10,17,2;0,19,18,12,1;4,7,17,10,5;2,14,10,16,7,6,11,3;3,11,12,15,19;0,4,3,18,15
torus989 20 1,5,2,12,15;0,15,17,6,5;0,5,4,7,17,16,18,12;4,9,17,14,19;2,5,9,3,19,7;0,1,6,13,11,10,9,4,2;1,17,7,8,13,5;2,4,19,8,6,17;6,7,19,14,15,12,18,13;3,4,5,10,17;5,11,16,17,9;5,13,18,16,10;0,2,18,8,15;5,6,8,18,11;3,17,15,8,19;0,12,8,14,17,1;2,17,10,11,18;1,15,14,3,9,10,16,2,7,6;2,16,11,13,8,12;3,14,8,7,4
torus990 20 4,5,11,6,13;2,16,5,4,9,10,12,7,8;1,8,13,3,17,16;2,13,10,18,17;0,13,19,9,1,5;0,4,1,16,11;0,11,17,15,13;1,12,17,14,8;1,7,14,13,2;1,4,19,18,10;1,9,18,3,13,15,12;0,5,16,17,6;1,10,15,17,7;0,6,15,10,3,2,8,14,19,4;7,17,19,13,8;6,17,12,10,13;1,2,17,11,5;2,3,18,19,14,7,12,15,6,11,16;3,10,9,19,17;4,13,14,17,18,9
torus991 20 5,14,15,11,16;2,6,5,16,17;1,17,8,7,6;4,9,17,11,12;3,12,19,10,15,9;0,16,1,6,14;1,2,7,11,10,19,18,14,5;2,8,13,11,6;2,17,19,13,7;3,4,15,18,17;4,19,6,11,15;0,15,10,6,7,13,12,3,17,16;3,11,13,19,4;7,8,19,12,11;0,5,6,18,15;0,14,18,9,4,10,11;0,11,17,1,5;1,16,11,3,9,18,19,8,2;6,19,17,9,15,14;4,12,13,8,17,18,6,10
torus992 20 1,15,13,10,4,14,5,16;0,16,8,19,15;4,9,17,6,19;8,16,17,9,10,13,18,14;0,10,9,2,19,8,14;0,14,11,6,16;2,17,16,5,11,19;12,18,13,15,19;1,16,3,14,4,19;2,4,10,3,17;0,13,3,9,4;5,14,12,19,6;7,19,11,14,18;0,15,7,18,3,10;0,4,8,3,18,12,11,5;0,1,19,7,13;0,5,6,17,3,8,1;2,9,3,16,6;3,13,7,12,14;1,8,4,2,6,11,12,7,15
torus993 20 1,18,15,14,19;0,19,5,12,18;9,17,12,11,15,16;6,8,19,14,10;5,19,7,13,9,6;1,19,4,6,10,12;3,10,5,4,9,8;4,19,8,18,13;3,6,9,16,18,7,19;2,16,8,6,4,13,17;3,14,11,12,5,6;2,12,10,14,15;1,5,10,11,2,17,18;4,7,18,17,9;0,15,11,10,3,19;0,18,16,2,11,14;2,15,18,8,9;2,9,13,18,12;0,1,12,17,13,7,8,16,15;0,14,3,8,7,4,5,1
torus994 20 1,10,5,17,16;0,16,15,19,4,10;3,12,13,7,6;2,6,10,11,17,18,12;1,19,12,18,9,14,11,10;0,10,6,7,8,17;2,7,5,10,3;2,13,14,9,8,5,6;5,7,9,18,17;4,18,8,7,14;0,1,4,11,3,6,5;3,10,4,14,17;2,3,18,4,19,13;2,12,19,15,14,7;4,9,7,13,15,16,17,11;1,16,14,13,19;0,17,14,15,1;0,5,8,18,3,11,14,16;3,17,8,9,4,12;1,15,13,12,4
torus995 25 1,7,6,5,4,24,20;0,20,21,2,7;1,21,22,3,8,7;2,22,23,4,9,8;0,5,9,3,23,24;0,6,11,10,9,4;0,7,12,11,5;0,1,2,8,13,12,6;2,3,9,14,13,7;3,4,5,10,14,8;5,11,16,15,14,9;5,6,12,17,16,10;6,7,13,18,17,11;7,8,14,19,18,12;8,9,10,15,19,13;10,16,21,20,19,14;10,11,17,22,21,15;11,12,18,23,22,16;12,13,19,24,23,17;13,14,15,20,24,18;0,24,19,15,21,1;1,20,15,16,22,2;2,21,16,17,23,3;3,22,17,18,24,4;0,4,23,18,19,20
torus996 25 1,6,5,4,24,20;0,20,21,7,6;3,8,13,7,21,22;2,22,23,4,9,8;0,5,9,3,23,24;0,6,11,10,9,4;0,1,7,12,11,5;1,21,2,13,12,6;2,3,9,14,13;3,4,5,10,14,8;5,11,16,15,14,9;5,6,12,17,16,10;6,7,13,18,17,11;2,8,14,19,18,12,7;8,9,10,15,19,13;10,16,21,20,24,19,14;10,11,17,22,21,15;11,12,18,23,22,16;12,13,19,24,23,17;13,14,15,24,18;0,24,15,21,1;1,20,15,16,22,2,7;2,21,16,17,23,3;3,22,17,18,24,4;0,4,23,18,19,15,20
torus997 25 1,6,11,5,4,24,20;0,20,21,2,7,6;1,21,22,23,3,8,7;2,23,4,9,8;0,5,9,3,23,24;0,11,10,9,4;0,1,7,13,12,11;1,2,8,13,6;2,3,9,14,13,7;3,4,5,10,14,8;5,11,16,15,14,9;0,6,12,17,16,10,5;6,13,18,17,11;6,7,8,14,19,18,12;8,9,10,15,19,13;10,16,21,20,19,14;10,11,17,22,21,15;11,12,18,23,22,16;12,13,19,24,23,17;13,14,15,20,24,18;0,24,19,15,21,1;1,20,15,16,22,2;2,21,16,17,23;2,22,17,18,24,4,3;0,4,23,18,19,20
torus998 25 1,6,5,4,24,20;0,20,21,2,7,6;1,21,22,3,8,7;2,22,23,4,9,8;0,5,9,3,23,24;0,6,11,10,9,4;0,1,7,12,11,5;1,2,8,12,6;2,3,9,14,13,12,7;3,4,5,10,14,8;5,11,17,16,15,14,9;5,6,12,18,17,10;6,7,8,13,18,11;8,14,19,18,12;8,9,10,15,19,13;10,16,21,20,19,14;10,17,22,21,15;10,11,18,23,22,16;11,12,13,19,24,23,17;13,14,15,20,24,18;0,24,19,15,21,1;1,20,15,16,22,2;2,21,16,17,23,3;3,22,17,18,24,4;0,4,23,18,19,20
torus999 25 1,6,4,24,20;0,20,21,2,7,6;1,21,22,3,8,7;2,22,23,4,9,8;0,6,5,9,3,23,24;4,6,11,10,9;0,1,7,12,11,5,4;1,2,8,13,12,6;2,3,9,14,13,7;3,4,5,10,14,8;5,11,16,15,19,14,9;5,6,12,17,22,16,10;6,7,13,18,17,11;7,8,14,19,18,12;8,9,10,19,13;10,16,21,20,19;10,11,22,21,15;11,12,18,23,22;12,13,19,24,23,17;10,15,20,24,18,13,14;0,24,19,15,21,1;1,20,15,16,22,2;2,21,16,11,17,23,3;3,22,17,18,24,4;0,4,23,18,19,20
torus1000 25 1,6,5,4,24,20;0,20,2,8,7,6;1,20,21,22,3,8;2,22,23,4,9,8;0,5,9,3,23,24;0,6,11,10,9,4;0,1,7,12,11,5;1,8,13,12,6;1,2,3,9,14,13,7;3,4,5,10,14,8;5,11,16,15,14,9;5,6,12,17,16,10;6,7,13,17,11;7,8,14,19,18,17,12;8,9,10,15,19,13;10,16,21,20,19,14;10,11,17,22,21,15;11,12,13,18,23,22,16;13,19,24,23,17;13,14,15,20,24,18;0,24,19,15,21,2,1;2,20,15,16,22;2,21,16,17,23,3;3,22,17,18,24,4;0,4,23,18,19,20
torus1001 25 1,6,5,4,24,20;0,20,21,7,12,6;3,8,7,21,22;2,22,17,23,4,9,8;0,5,9,3,23,24;0,6,11,10,9,4;0,1,12,11,5;1,21,2,8,13,12;2,3,9,14,13,7;3,4,5,10,14,8;5,11,16,15,14,9;5,6,12,17,16,10;1,7,13,18,17,11,6;7,8,14,19,18,12;8,9,10,15,19,13;10,16,21,20,19,14;10,11,17,22,21,15;3,22,16,11,12,18,23;12,13,19,24,23,17;13,14,15,20,24,18;0,24,19,15,21,1;1,20,15,16,22,2,7;2,21,16,17,3;3,17,18,24,4;0,4,23,18,19,20
torus1002 25 1,6,5,4,24,20;0,20,21,2,7,6;1,21,22,8,7;4,9,8,22,23;0,5,9,3,23,24;0,6,11,10,9,4;0,1,7,12,17,11,5;1,2,8,13,12,6;2,22,3,9,14,13,7;3,4,5,10,14,8;5,11,16,15,14,9;5,6,17,16,10;6,7,13,18,17;7,8,14,19,18,12;8,9,10,15,19,13;10,16,21,20,19,14;10,11,17,22,21,15;6,12,18,23,22,16,11;12,13,19,20,24,23,17;13,14,15,20,18;0,24,18,19,15,21,1;1,20,15,16,22,2;2,21,16,17,23,3,8;3,22,17,18,24,4;0,4,23,18,20
torus1003 25 1,6,5,4,24,20;0,20,21,2,7,6;1,21,22,3,8,13,7;2,22,23,4,9,8;0,5,9,3,23,24;0,6,11,10,9,4;0,1,7,12,11,5;1,2,13,12,6;2,3,9,14,13;3,4,5,10,14,8;5,11,16,15,14,9;5,6,12,17,16,10;6,7,13,18,17,11;2,8,14,15,19,18,12,7;8,9,10,15,13;10,16,21,20,19,13,14;10,11,17,22,21,15;11,12,18,22,16;12,13,19,24,23,22,17;13,15,20,24,18;0,24,19,15,21,1;1,20,15,16,22,2;2,21,16,17,18,23,3;3,22,18,24,4;0,4,23,18,19,20
torus1004 25 1,6,5,4,24,20;0,20,21,2,7,6;1,21,22,3,8,7;2,22,23,4,9,8;0,5,9,3,23,18,24;0,6,11,10,9,4;0,1,7,11,5;1,2,8,13,12,11,6;2,3,9,14,13,7;3,4,5,10,14,8;5,11,16,15,14,9;5,6,7,12,17,16,10;7,13,18,17,11;7,8,14,19,18,12;8,9,10,15,20,19,13;10,16,21,20,14;10,11,17,22,21,15;11,12,18,23,22,16;4,23,17,12,13,19,24;13,14,20,24,18;0,24,19,14,15,21,1;1,20,15,16,22,2;2,21,16,17,23,3;3,22,17,18,4;0,4,18,19,20
torus1005 25 1,6,5,4,23,24,20;0,20,21,2,7,6;1,21,22,3,8,7;2,22,23,4,9,14,8;0,5,9,3,23;0,6,11,10,9,4;0,1,7,12,11,5;1,2,8,13,18,12,6;2,3,14,13,7;3,4,5,10,14;5,11,16,15,14,9;5,6,12,17,16,10;6,7,18,17,11;7,8,14,19,18;3,9,10,15,19,13,8;10,16,21,20,19,14;10,11,17,22,21,15;11,12,18,23,22,16;7,13,19,24,23,17,12;13,14,15,20,24,18;0,24,19,15,21,1;1,20,15,16,22,2;2,21,16,17,23,3;0,4,3,22,17,18,24;0,23,18,19,20
torus1006 25 1,7,6,5,4,24,20;0,20,21,2,7;1,21,22,3,8,7;2,22,23,4,9,8;0,5,9,3,23,24;0,6,11,10,9,4;0,7,12,11,5;0,1,2,8,13,12,6;2,3,9,14,13,7;3,4,5,10,14,8;5,11,16,15,14,9;5,6,12,17,16,10;6,7,13,18,17,11;7,8,14,19,18,12;8,9,10,15,19,13;10,16,21,19,14;10,11,17,22,21,15;11,12,18,23,22,16;12,13,19,23,17;13,14,15,21,20,24,23,18;0,24,19,21,1;1,20,19,15,16,22,2;2,21,16,17,23,3;3,22,17,18,19,24,4;0,4,23,19,20
torus1007 25 1,6,5,4,24,20;0,20,21,7,6;3,8,7,21,22;2,22,23,4,9,8;0,5,9,3,23,24;0,6,11,10,9,4;0,1,7,12,11,5;1,21,2,8,13,12,6;2,3,9,14,13,7;3,4,5,10,14,8;5,11,16,15,14,9;5,6,12,16,10;6,7,13,18,17,16,11;7,8,14,19,18,12;8,9,10,15,19,13;10,16,21,20,19,14;10,11,12,17,22,21,15;12,18,23,22,16;12,13,19,23,17;13,14,15,20,24,23,18;0,24,19,15,21,1;1,20,15,16,22,2,7;2,21,16,17,23,3;3,22,17,18,19,24,4;0,4,23,19,20
torus1008 25 1,6,11,5,4,24,20;0,20,2,7,6;1,20,21,22,3,8,7;2,22,23,4,9,8;0,5,9,3,23,24;0,11,10,9,4;0,1,7,12,11;1,2,8,13,12,6;2,3,9,14,13,7;3,4,5,10,14,8;5,11,16,15,14,9;0,6,12,17,16,10,5;6,7,13,18,17,11;7,8,14,19,24,18,12;8,9,10,15,19,13;10,16,21,20,19,14;10,11,17,22,21,15;11,12,18,23,22,16;12,13,24,23,17;13,14,15,20,24;0,24,19,15,21,2,1;2,20,15,16,22;2,21,16,17,23,3;3,22,17,18,24,4;0,4,23,18,13,19,20
torus1009 25 1,6,5,24,20;0,20,21,2,7,6;1,21,22,3,8,7;2,22,23,4,9,8;3,23,24,5,9;0,6,11,10,9,4,24;0,1,7,13,12,11,5;1,2,8,13,6;2,3,9,14,19,13,7;3,4,5,10,14,8;5,11,16,15,14,9;5,6,12,17,16,10;6,13,18,17,11;6,7,8,19,18,12;8,9,10,15,19;10,16,21,20,19,14;10,11,17,22,21,15;11,12,18,23,22,16;12,13,19,24,23,17;8,14,15,20,24,18,13;0,24,19,15,21,1;1,20,15,16,22,2;2,21,16,17,23,3;3,22,17,18,24,4;0,5,4,23,18,19,20
torus1010 25 1,6,5,4,23,24,20;0,20,2,7,6;1,20,21,22,3,8,7;2,22,23,4,9,8;0,5,9,3,23;0,6,11,9,4;0,1,7,12,11,5;1,2,8,13,12,6;2,3,9,14,13,7;3,4,5,11,10,14,8;9,11,16,15,14;5,6,12,17,16,10,9;6,7,13,18,17,11;7,8,14,19,18,12;8,9,10,15,19,13;10,16,21,20,19,14;10,11,17,22,21,15;11,12,18,23,22,16;12,13,19,24,23,17;13,14,15,20,24,18;0,24,19,15,21,2,1;2,20,15,16,22;2,21,16,17,23,3;0,4,3,22,17,18,24;0,23,18,19,20
torus1011 25 1,6,5,4,24,20;0,20,21,2,7,6;1,21,22,3,8,7;2,22,23,4,5,9,8;0,5,3,23,18,24;0,6,11,10,9,3,4;0,1,7,12,11,5;1,2,8,13,12,6;2,3,9,14,13,7;3,5,10,15,14,8;5,11,16,15,9;5,6,12,17,16,10;6,7,13,18,17,11;7,8,14,19,18,12;8,9,15,19,13;9,10,16,21,20,19,14;10,11,17,22,21,15;11,12,18,23,22,16;4,23,17,12,13,19,24;13,14,15,20,24,18;0,24,19,15,21,1;1,20,15,16,22,2;2,21,16,17,23,3;3,22,17,18,4;0,4,18,19,20
torus1012 25 1,6,5,4,20;0,20,15,21,2,7,6;1,21,22,3,8,7;2,22,23,4,9,8;0,5,9,3,23,24,20;0,6,11,16,10,9,4;0,1,7,12,11,5;1,2,8,13,12,6;2,3,9,14,13,7;3,4,5,10,14,8;5,16,15,14,9;5,6,12,17,16;6,7,13,18,17,11;7,8,14,19,18,12;8,9,10,15,19,13;1,20,19,14,10,16,21;5,11,17,22,21,15,10;11,12,18,23,22,16;12,13,19,24,23,17;13,14,15,20,24,18;0,4,24,19,15,1;1,15,16,22,2;2,21,16,17,23,3;3,22,17,18,24,4;4,23,18,19,20
torus1013 25 1,5,4,24,20;0,20,21,2,7,6,5;1,21,22,3,8,7;2,22,23,24,4,9,8;0,5,9,3,24;0,1,6,11,10,9,4;1,7,12,11,5;1,2,8,13,12,6;2,3,9,14,13,7;3,4,5,10,14,8;5,11,16,15,14,9;5,6,12,17,16,10;6,7,13,18,17,11;7,8,14,19,24,18,12;8,9,10,15,19,13;10,16,21,20,19,14;10,11,17,22,21,15;11,12,18,23,22,16;12,13,24,23,17;13,14,15,20,24;0,24,19,15,21,1;1,20,15,16,22,2;2,21,16,17,23,3;3,22,17,18,24;0,4,3,23,18,13,19,20
torus1014 25 1,6,5,4,23,24,20;0,20,21,2,7,6;1,21,22,3,8,7;2,22,23,4,9,8;0,5,9,3,23;0,6,11,10,9,4;0,1,7,12,11,5;1,2,8,13,12,6;2,3,9,13,7;3,4,5,10,14,13,8;5,11,16,15,14,9;5,6,12,17,16,10;6,7,13,18,17,11;7,8,9,14,19,18,12;9,10,15,19,13;10,16,21,19,14;10,11,17,22,21,15;11,12,18,23,22,16;12,13,19,24,23,17;13,14,15,21,20,24,18;0,24,19,21,1;1,20,19,15,16,22,2;2,21,16,17,23,3;0,4,3,22,17,18,24;0,23,18,19,20
torus1015 25 1,6,5,24,20;0,20,21,2,7,6;1,21,22,3,8,7;2,22,23,4,8;3,23,24,5,9,8;0,6,11,10,9,4,24;0,1,7,12,11,5;1,2,8,13,12,6;2,3,4,9,14,13,7;4,5,10,14,8;5,11,16,15,19,14,9;5,6,12,17,16,10;6,7,13,18,17,11;7,8,14,19,18,12;8,9,10,19,13;10,16,21,20,19;10,11,17,22,21,15;11,12,18,23,22,16;12,13,19,24,23,17;10,15,20,24,18,13,14;0,24,19,15,21,1;1,20,15,16,22,2;2,21,16,17,23,3;3,22,17,18,24,4;0,5,4,23,18,19,20
torus1016 25 1,6,5,4,24,20;0,20,21,22,2,7,6;1,22,3,8,7;2,22,23,4,9,8;0,5,9,3,23,24;0,6,11,10,9,4;0,1,7,12,17,11,5;1,2,8,13,12,6;2,3,9,14,13,7;3,4,5,10,14,8;5,11,16,15,14,9;5,6,17,16,10;6,7,13,18,17;7,8,14,19,18,12;8,9,10,15,19,13;10,16,21,20,19,14;10,11,17,22,21,15;6,12,18,23,22,16,11;12,13,19,23,17;13,14,15,20,24,23,18;0,24,19,15,21,1;1,20,15,16,22;1,21,16,17,23,3,2;3,22,17,18,19,24,4;0,4,23,19,20
torus1017 25 1,6,5,9,4,24,20;0,20,21,2,7,6;1,21,22,3,8,7;2,22,23,4,9,14,8;0,9,3,23,24;0,6,11,10,9;0,1,7,12,17,11,5;1,2,8,13,12,6;2,3,14,13,7;0,5,10,14,3,4;5,11,16,15,14,9;5,6,17,16,10;6,7,13,18,17;7,8,14,19,18,12;3,9,10,15,19,13,8;10,16,21,20,19,14;10,11,17,22,21,15;6,12,18,23,22,16,11;12,13,19,24,23,17;13,14,15,20,24,18;0,24,19,15,21,1;1,20,15,16,22,2;2,21,16,17,23,3;3,22,17,18,24,4;0,4,23,18,19,20
torus1018 25 1,6,5,4,24,20;0,20,21,2,7,6;1,21,22,3,8,7;2,22,23,4,9,8;0,5,9,3,23,24;0,6,12,11,9,4;0,1,7,12,5;1,2,8,13,12,6;2,3,9,14,13,7;3,4,5,11,10,14,8;9,11,16,15,14;5,12,18,17,16,10,9;5,6,7,13,18,11;7,8,14,19,18,12;8,9,10,15,19,13;10,16,21,20,19,14;10,11,17,22,21,15;11,18,23,22,16;11,12,13,19,24,23,17;13,14,15,20,24,18;0,24,19,15,21,1;1,20,15,16,22,2;2,21,16,17,23,3;3,22,17,18,24,4;0,4,23,18,19,20
torus1019 25 1,6,5,4,24,20;0,20,21,2,7,6;1,21,22,3,8,7;2,22,23,4,9,8;0,5,9,3,23,24;0,6,11,10,9,4;0,1,7,12,11,5;1,2,8,13,12,6;2,3,9,13,7;3,4,5,10,14,13,8;5,11,16,15,14,9;5,6,12,17,16,10;6,7,13,17,11;7,8,9,14,19,18,17,12;9,10,15,20,19,13;10,16,21,20,14;10,11,17,22,21,15;11,12,13,18,23,22,16;13,19,24,23,17;13,14,20,24,18;0,24,19,14,15,21,1;1,20,15,16,22,2;2,21,16,17,23,3;3,22,17,18,24,4;0,4,23,18,19,20
torus1020 25 1,7,6,5,24,20;0,20,21,2,7;1,21,22,3,8,7;2,22,23,4,9,8;3,23,24,5,9;0,6,11,10,9,4,24;0,7,12,11,5;0,1,2,8,13,12,6;2,3,9,14,13,7;3,4,5,10,14,8;5,11,16,15,14,9;5,6,12,17,16,10;6,7,13,18,17,11;7,8,14,18,12;8,9,10,15,19,18,13;10,16,21,20,19,14;10,11,17,22,21,15;11,12,18,23,22,16;12,13,14,19,24,23,17;14,15,20,24,18;0,24,19,15,21,1;1,20,15,16,22,2;2,21,16,17,23,3;3,22,17,18,24,4;0,5,4,23,18,19,20
torus1021 25 1,6,5,4,24,20;0,20,21,2,6;1,21,22,3,8,7,6;2,22,23,4,5,9,8;0,5,3,23,24;0,6,11,10,9,3,4;0,1,2,7,12,11,5;2,8,13,12,6;2,3,9,14,13,7;3,5,10,14,8;5,11,16,15,14,9;5,6,12,17,16,10;6,7,13,18,23,17,11;7,8,14,19,18,12;8,9,10,15,19,13;10,16,21,20,19,14;10,11,17,22,21,15;11,12,23,22,16;12,13,19,24,23;13,14,15,20,24,18;0,24,19,15,21,1;1,20,15,16,22,2;2,21,16,17,23,3;3,22,17,12,18,24,4;0,4,23,18,19,20
torus1022 25 1,6,5,4,24,20;0,20,21,2,7,6;1,21,22,3,9,8,7;2,22,23,4,9;0,5,9,3,23,24;0,6,11,9,4;0,1,7,12,11,5;1,2,8,13,12,6;2,9,14,13,7;2,3,4,5,11,10,14,8;9,11,16,15,14;5,6,12,17,16,10,9;6,7,13,18,17,11;7,8,14,19,18,12;8,9,10,15,19,13;10,16,22,21,20,19,14;10,11,17,22,15;11,12,18,23,22,16;12,13,19,24,23,17;13,14,15,20,24,18;0,24,19,15,21,1;1,20,15,22,2;2,21,15,16,17,23,3;3,22,17,18,24,4;0,4,23,18,19,20
torus1023 25 1,6,5,24,20;0,20,21,2,7,6;1,21,22,3,8,7;2,22,23,4,9,8;3,23,24,5,9;0,6,11,10,9,4,24;0,1,7,12,11,5;1,2,8,13,12,6;2,3,9,14,13,7;3,4,5,10,14,8;5,11,16,15,14,9;5,6,12,17,16,10;6,7,13,18,17,11;7,8,14,19,18,12;8,9,10,15,20,19,13;10,16,21,20,14;10,11,17,23,22,21,15;11,12,18,23,16;12,13,19,24,23,17;13,14,20,24,18;0,24,19,14,15,21,1;1,20,15,16,22,2;2,21,16,23,3;3,22,16,17,18,24,4;0,5,4,23,18,19,20
torus1024 25 1,6,5,4,24,20,21;0,21,2,7,6;1,21,22,8,7;4,9,8,22,23;0,5,9,3,23,24;0,6,11,10,9,4;0,1,7,11,5;1,2,8,13,12,11,6;2,22,3,9,14,13,7;3,4,5,10,14,8;5,11,16,15,14,9;5,6,7,12,17,16,10;7,13,18,17,11;7,8,14,19,18,12;8,9,10,15,19,13;10,16,21,20,19,14;10,11,17,22,21,15;11,12,18,23,22,16;12,13,19,24,23,17;13,14,15,20,24,18;0,24,19,15,21;0,20,15,16,22,2,1;2,21,16,17,23,3,8;3,22,17,18,24,4;0,4,23,18,19,20
torus1025 25 1,6,5,4,24,20;0,20,21,2,7,6;1,21,22,3,8,7;2,22,23,9,8;0,5,10,9,23,24;0,6,11,10,4;0,1,7,12,11,5;1,2,8,13,12,6;2,3,9,14,13,7;3,23,4,10,14,8;4,5,11,16,15,14,9;5,6,12,17,16,10;6,7,13,18,17,11;7,8,14,19,18,12;8,9,10,15,19,13;10,16,21,19,14;10,11,17,22,21,15;11,12,18,23,22,16;12,13,19,24,23,17;13,14,15,21,20,24,18;0,24,19,21,1;1,20,19,15,16,22,2;2,21,16,17,23,3;3,22,17,18,24,4,9;0,4,23,18,19,20
torus1026 25 1,6,5,4,24,20;0,20,21,2,7,6;1,21,22,3,8,7;2,22,23,4,9,8;0,5,9,3,23,24;0,6,12,11,9,4;0,1,7,12,5;1,2,8,13,12,6;2,3,9,14,13,7;3,4,5,11,10,14,8;9,11,16,21,15,14;5,12,17,16,10,9;5,6,7,13,18,17,11;7,8,14,19,18,12;8,9,10,15,19,13;10,21,20,19,14;10,11,17,22,21;11,12,18,23,22,16;12,13,19,24,23,17;13,14,15,20,24,18;0,24,19,15,21,1;1,20,15,10,16,22,2;2,21,16,17,23,3;3,22,17,18,24,4;0,4,23,18,19,20
torus1027 25 1,6,5,4,24;0,24,20,21,2,7,6;1,21,22,3,8,7;2,22,23,4,9,8;0,5,9,3,23,24;0,6,11,10,9,4;0,1,7,12,17,11,5;1,2,8,13,12,6;2,3,9,14,13,7;3,4,5,10,14,8;5,11,16,15,14,9;5,6,17,16,10;6,7,13,18,23,17;7,8,14,19,18,12;8,9,10,15,19,13;10,16,21,20,19,14;10,11,17,22,21,15;6,12,23,22,16,11;12,13,19,24,23;13,14,15,20,24,18;1,24,19,15,21;1,20,15,16,22,2;2,21,16,17,23,3;3,22,17,12,18,24,4;0,4,23,18,19,20,1
torus1028 25 1,6,5,4,24,20;0,20,15,21,2,7,6;1,21,22,3,8,7;2,22,23,4,9,8;0,5,9,3,23,24;0,6,11,10,9,4;0,1,7,11,5;1,2,8,13,12,11,6;2,3,9,14,13,7;3,4,5,10,14,8;5,11,17,16,15,14,9;5,6,7,12,17,10;7,13,18,17,11;7,8,14,19,18,12;8,9,10,15,19,13;1,20,19,14,10,16,21;10,17,22,21,15;10,11,12,18,23,22,16;12,13,19,24,23,17;13,14,15,20,24,18;0,24,19,15,1;1,15,16,22,2;2,21,16,17,23,3;3,22,17,18,24,4;0,4,23,18,19,20
torus1029 25 4,5,6,20,24;2,21,20,6,7,8;1,8,3,22,21;2,8,9,4,23,22;0,24,23,3,9,5;0,4,9,10,11,6;0,5,11,12,7,1,20;1,6,12,13,8;1,7,13,14,9,3,2;3,8,14,10,5,4;5,9,14,15,16,11;5,10,16,22,17,12,6;6,11,17,18,13,7;7,12,18,19,14,8;8,13,19,15,10,9;10,14,19,20,21,16;10,15,21,22,11;11,22,23,18,12;12,17,23,24,19,13;13,18,24,20,15,14;0,6,1,21,15,19,24;1,2,22,16,15,20;2,3,23,17,11,16,21;3,4,24,18,17,22;0,20,19,18,23,4
torus1030 25 1,6,5,4,24,20;0,20,15,21,2,7,6;1,21,22,3,7;2,22,23,4,8,7;0,5,9,8,3,23,24;0,6,12,11,10,9,4;0,1,7,12,5;1,2,3,8,13,12,6;3,4,9,14,19,13,7;4,5,10,14,8;5,11,16,15,14,9;5,12,17,16,10;5,6,7,13,18,17,11;7,8,19,18,12;8,9,10,15,19;1,20,19,14,10,16,21;10,11,17,22,21,15;11,12,18,24,23,22,16;12,13,19,24,17;8,14,15,20,24,18,13;0,24,19,15,1;1,15,16,22,2;2,21,16,17,23,3;3,22,17,24,4;0,4,23,17,18,19,20
torus1031 25 4,5,6,7,24;2,21,20,24,7,8;1,8,3,22,21;2,8,4,24,23,22;0,24,3,8,9,5;0,4,9,10,6;0,5,10,11,12,7;0,6,12,13,8,1,24;1,7,13,14,9,4,3,2;4,8,14,10,5;5,9,14,15,21,16,11,6;6,10,16,17,18,12;6,11,18,19,13,7;7,12,19,14,8;8,13,19,15,10,9;10,14,19,20,21;10,21,22,17,11;11,16,22,23,18;11,17,23,24,19,12;12,18,24,20,15,14,13;1,21,15,19,24;1,2,22,16,10,15,20;2,3,23,17,16,21;3,24,18,17,22;0,7,1,20,19,18,23,3,4
torus1032 25 1,5,4,24,20;0,20,2,7,6,5;1,20,22,3,8,7;2,22,23,4,9,8;0,5,9,3,23,24;0,1,6,11,10,9,4;1,7,12,11,5;1,2,8,12,6;2,3,9,10,14,13,12,7;3,4,5,10,8;5,11,17,16,15,14,8,9;5,6,12,17,10;6,7,8,13,18,17,11;8,14,19,18,12;8,10,15,19,13;10,16,21,19,14;10,17,22,21,15;10,11,12,18,22,16;12,13,19,24,23,22,17;13,14,15,21,20,24,18;0,24,19,21,22,2,1;15,16,22,20,19;2,20,21,16,17,18,23,3;3,22,18,24,4;0,4,23,18,19,20
torus1033 25 1,6,5,4,24,20;0,20,21,2,7,6;1,21,22,8,7;4,9,14,8,22,23;0,5,9,3,23,24;0,6,10,9,4;0,1,7,11,10,5;1,2,8,13,12,11,6;2,22,3,14,13,7;3,4,5,10,14;5,6,11,16,22,15,19,14,9;6,7,12,17,16,10;7,13,18,17,11;7,8,14,19,18,12;3,9,10,19,13,8;10,22,21,20,19;10,11,17,23,22;11,12,18,23,16;12,13,19,24,23,17;10,15,20,24,18,13,14;0,24,19,15,21,1;1,20,15,22,2;2,21,15,10,16,23,3,8;3,22,16,17,18,24,4;0,4,23,18,19,20
torus1034 25 1,5,4,24,20;0,20,21,22,7,6,5;3,8,7,22,23;2,23,4,9,14,8;0,5,9,3,23,24;0,1,6,11,10,9,4;1,7,12,11,5;1,22,2,8,13,18,12,6;2,3,14,13,7;3,4,5,10,14;5,11,16,15,14,9;5,6,12,17,16,10;6,7,18,24,23,17,11;7,8,14,19,18;3,9,10,15,19,13,8;10,16,21,20,24,19,14;10,11,17,22,21,15;11,12,23,22,16;7,13,19,24,12;13,14,15,24,18;0,24,15,21,1;1,20,15,16,22;1,21,16,17,23,2,7;2,22,17,12,24,4,3;0,4,23,12,18,19,15,20
torus1035 25 1,5,4,24,20;0,20,21,2,7,6,5;1,21,22,3,8,7;2,22,23,9,8;0,5,9,23,24;0,1,6,11,10,9,4;1,7,13,12,11,5;1,2,8,13,6;2,3,9,14,13,7;3,23,4,5,10,14,8;5,11,16,15,19,14,9;5,6,12,17,16,10;6,13,18,17,11;6,7,8,14,19,18,12;8,9,10,19,13;10,16,22,21,20,19;10,11,17,22,15;11,12,18,24,23,22,16;12,13,19,24,17;10,15,20,24,18,13,14;0,24,19,15,21,1;1,20,15,22,2;2,21,15,16,17,23,3;3,22,17,24,4,9;0,4,23,17,18,19,20
torus1036 25 4,5,11,12,6,20,24;2,21,20,6,7;1,7,8,3,21;2,8,4,23,22,16,21;0,24,23,3,8,9,5;0,4,9,10,11;0,12,7,1,20;1,6,12,13,8,2;2,7,13,14,9,4,3;4,8,14,10,5;5,9,14,15,11;0,5,10,15,16,17,12;0,11,17,18,13,7,6;7,12,18,19,14,8;8,13,19,15,10,9;10,14,19,20,21,16,11;3,22,17,11,15,21;11,16,22,18,12;12,17,22,23,24,19,13;13,18,24,20,15,14;0,6,1,21,15,19,24;1,2,3,16,15,20;3,23,18,17,16;3,4,24,18,22;0,20,19,18,23,4
torus1037 25 1,5,4,24,20;0,20,21,2,7,6,5;1,21,22,8,7;4,9,14,8,23,24;0,5,9,3,24;0,1,6,11,10,9,4;1,7,12,11,5;1,2,8,13,12,6;2,22,23,3,14,13,7;3,4,5,10,14;5,11,16,15,14,9;5,6,12,16,10;6,7,13,18,17,16,11;7,8,14,19,18,12;3,9,10,15,20,19,13,8;10,16,22,21,20,14;10,11,12,17,22,15;12,18,23,22,16;12,13,19,24,23,17;13,14,20,24,18;0,24,19,14,15,21,1;1,20,15,22,2;2,21,15,16,17,23,8;3,8,22,17,18,24;0,4,3,23,18,19,20
torus1038 25 1,6,5,9,4,24,20;0,20,21,2,6;1,21,22,8,7,6;4,9,8,22,17,23;0,9,3,23,24;0,6,11,10,14,9;0,1,2,7,11,5;2,8,13,12,11,6;2,22,3,9,14,19,13,7;0,5,14,8,3,4;5,11,16,15,14;5,6,7,12,17,22,21,16,10;7,13,18,17,11;7,8,19,18,12;5,10,15,19,8,9;10,16,20,19,14;10,11,21,20,15;3,22,11,12,18,23;12,13,19,24,23,17;8,14,15,20,24,18,13;0,24,19,15,16,21,1;1,20,16,11,22,2;2,21,11,17,3,8;3,17,18,24,4;0,4,23,18,19,20
torus1039 25 1,6,5,4,24,20;0,20,21,2,7,6;1,21,22,3,8,7;2,22,23,4,9,14,8;0,5,9,3,23,24;0,6,11,10,9,4;0,1,7,12,11,5;1,2,8,12,6;2,3,14,13,12,7;3,4,5,10,14;5,11,17,22,16,15,14,9;5,6,12,17,10;6,7,8,13,18,17,11;8,14,19,18,12;3,9,10,15,19,13,8;10,16,20,19,14;10,22,21,20,15;10,11,12,18,23,22;12,13,19,20,24,23,17;13,14,15,20,18;0,24,18,19,15,16,21,1;1,20,16,22,2;2,21,16,10,17,23,3;3,22,17,18,24,4;0,4,23,18,20
torus1040 25 1,7,6,4,20;0,20,21,2,7;1,21,22,3,8,7;2,22,23,4,9,8;0,6,5,9,3,23,24,20;4,6,11,10,9;0,7,12,11,5,4;0,1,2,8,12,6;2,3,9,14,12,7;3,4,5,10,14,8;5,11,16,15,19,14,9;5,6,12,13,18,17,16,10;6,7,8,14,13,11;11,12,14,19,18;8,9,10,19,13,12;10,16,21,20,19;10,11,17,22,21,15;11,18,23,22,16;11,13,19,24,23,17;10,15,20,24,18,13,14;0,4,24,19,15,21,1;1,20,15,16,22,2;2,21,16,17,23,3;3,22,17,18,24,4;4,23,18,19,20
torus1041 25 1,6,5,4,20;0,20,21,22,2,7,6;1,22,3,8,7;2,22,23,24,4,9,8;0,5,9,3,24,19,20;0,6,11,10,9,4;0,1,7,12,11,5;1,2,8,13,12,6;2,3,9,10,14,13,7;3,4,5,10,8;5,11,16,15,14,8,9;5,6,12,17,16,10;6,7,13,17,11;7,8,14,18,17,12;8,10,15,19,18,13;10,16,21,20,19,14;10,11,17,23,22,21,15;11,12,13,18,23,16;13,14,19,24,23,17;4,24,18,14,15,20;0,4,19,15,21,1;1,20,15,16,22;1,21,16,23,3,2;3,22,16,17,18,24;3,23,18,19,4
torus1042 25 1,6,11,5,4,24,20,21;0,21,2,8,7,6;1,21,22,3,8;2,22,23,4,8;0,5,9,8,3,23,24;0,11,10,9,4;0,1,7,12,11;1,8,13,12,6;1,2,3,4,9,14,13,7;4,5,10,14,8;5,11,16,15,14,9;0,6,12,16,10,5;6,7,13,17,16,11;7,8,14,19,18,17,12;8,9,10,15,20,19,13;10,16,21,20,14;10,11,12,17,21,15;12,13,18,23,22,21,16;13,19,24,23,17;13,14,20,24,18;0,24,19,14,15,21;0,20,15,16,17,22,2,1;2,21,17,23,3;3,22,17,18,24,4;0,4,23,18,19,20
torus1043 25 1,6,5,24,20;0,20,21,12,6;3,7,12,21,22;2,22,17,23,4,9,8,7;3,23,24,5,9;0,6,11,10,9,4,24;0,1,12,11,5;2,3,8,13,12;3,9,14,13,7;3,4,5,10,15,14,8;5,11,16,15,9;5,6,12,18,17,16,10;1,21,2,7,13,18,11,6;7,8,14,19,18,12;8,9,15,19,13;9,10,16,20,19,14;10,11,17,22,21,20,15;3,22,16,11,18,23;11,12,13,19,23,17;13,14,15,20,24,23,18;0,24,19,15,16,21,1;1,20,16,22,2,12;2,21,16,17,3;3,17,18,19,24,4;0,5,4,23,19,20
torus1044 25 1,6,5,4,20;0,20,21,22,2,7,6;1,22,3,8,7;2,22,23,4,9,8;0,5,9,3,23,24,20;0,6,11,10,9,4;0,1,7,13,12,11,5;1,2,8,13,6;2,3,9,14,13,7;3,4,5,10,14,8;5,11,16,15,19,14,9;5,6,12,17,22,16,10;6,13,18,17,11;6,7,8,14,19,24,18,12;8,9,10,19,13;10,16,21,20,19;10,11,22,21,15;11,12,18,23,22;12,13,24,23,17;10,15,20,24,13,14;0,4,24,19,15,21,1;1,20,15,16,22;1,21,16,11,17,23,3,2;3,22,17,18,24,4;4,23,18,13,19,20
torus1045 25 1,6,4,24,20;0,20,21,2,7,6;1,21,22,3,7;2,22,9,8,7;0,6,5,9,23,24;4,6,11,10,9;0,1,7,11,5,4;1,2,3,8,13,12,11,6;3,9,14,13,7;3,22,23,4,5,10,15,14,8;5,11,16,15,9;5,6,7,12,17,16,10;7,13,18,17,11;7,8,14,19,18,12;8,9,15,19,13;9,10,16,21,20,19,14;10,11,17,23,22,21,15;11,12,18,23,16;12,13,19,20,24,23,17;13,14,15,20,18;0,24,18,19,15,21,1;1,20,15,16,22,2;2,21,16,23,9,3;4,9,22,16,17,18,24;0,4,23,18,20
torus1046 25 1,6,5,4,24,20;0,20,21,22,2,7,6;1,22,3,8,7;2,22,23,4,9,8;0,5,9,3,23,18,24;0,6,11,10,14,9,4;0,1,7,12,11,5;1,2,8,13,12,6;2,3,9,14,19,13,7;3,4,5,14,8;5,11,16,15,14;5,6,12,17,22,16,10;6,7,13,18,17,11;7,8,19,24,18,12;5,10,15,19,8,9;10,16,21,20,19,14;10,11,22,21,15;11,12,18,23,22;4,23,17,12,13,24;8,14,15,20,24,13;0,24,19,15,21,1;1,20,15,16,22;1,21,16,11,17,23,3,2;3,22,17,18,4;0,4,18,13,19,20
torus1047 25 1,6,4,24,20;0,20,21,7,6;3,8,13,7,21,22,23;2,23,24,4,9,8;0,6,5,9,3,24;4,6,12,11,10,9;0,1,7,12,5,4;1,21,2,13,18,12,6;2,3,9,14,13;3,4,5,10,14,8;5,11,15,14,9;5,12,17,16,15,10;5,6,7,18,17,11;2,8,14,19,18,7;8,9,10,15,20,19,13;10,11,16,21,20,14;11,17,22,21,15;11,12,18,24,23,22,16;7,13,19,24,17,12;13,14,20,24,18;0,24,19,14,15,21,1;1,20,15,16,22,2,7;2,21,16,17,23;2,22,17,24,3;0,4,3,23,17,18,19,20
torus1048 25 1,6,4,24,20;0,20,21,16,2,7,6;1,16,22,3,8,7;2,22,23,9,8;0,6,5,9,23,18,24;4,6,11,10,9;0,1,7,12,11,5,4;1,2,8,13,12,6;2,3,9,14,13,7;3,23,4,5,10,15,14,8;5,11,16,21,15,9;5,6,12,18,17,16,10;6,7,13,19,18,11;7,8,14,19,12;8,9,15,19,13;9,10,21,19,14;1,21,10,11,17,22,2;11,18,23,22,16;4,23,17,11,12,19,24;12,13,14,15,21,20,24,18;0,24,19,21,1;1,20,19,15,10,16;2,16,17,23,3;3,22,17,18,4,9;0,4,18,19,20
torus1049 25 1,6,5,24,20;0,20,21,2,7,6;1,21,22,3,9,8,7;2,22,23,4,9;3,23,24,5,9;0,6,11,10,9,4,24;0,1,7,13,12,11,5;1,2,8,13,6;2,9,10,14,13,7;2,3,4,5,10,8;5,11,16,15,14,8,9;5,6,12,17,16,10;6,13,19,18,17,11;6,7,8,14,19,12;8,10,15,19,13;10,16,22,21,20,19,14;10,11,17,22,15;11,12,18,23,22,16;12,19,24,23,17;12,13,14,15,20,24,18;0,24,19,15,21,1;1,20,15,22,2;2,21,15,16,17,23,3;3,22,17,18,24,4;0,5,4,23,18,19,20
torus1050 25 1,7,6,5,4,24;0,24,20,21,2,7;1,21,22,3,9,8,7;2,22,4,5,9;0,5,3,22,23,24;0,6,9,3,4;0,7,12,11,10,9,5;0,1,2,8,13,18,12,6;2,9,14,13,7;2,3,5,6,10,14,8;6,11,15,14,9;6,12,17,16,15,10;6,7,18,17,11;7,8,14,19,24,18;8,9,10,15,19,13;10,11,16,21,20,19,14;11,17,22,21,15;11,12,18,23,22,16;7,13,24,23,17,12;13,14,15,20,24;1,24,19,15,21;1,20,15,16,22,2;2,21,16,17,23,4,3;4,22,17,18,24;0,4,23,18,13,19,20,1
torus1051 25 1,6,11,5,4,24,20,21;0,21,2,7,6;1,21,22,23,3,8,7;2,23,4,9,8;0,5,9,3,23,18,24;0,11,10,9,4;0,1,7,12,11;1,2,8,13,12,6;2,3,9,13,7;3,4,5,10,14,13,8;5,11,16,15,14,9;0,6,12,17,16,10,5;6,7,13,23,17,11;7,8,9,14,19,18,23,12;9,10,15,20,19,13;10,16,21,20,14;10,11,17,22,21,15;11,12,23,22,16;4,23,13,19,24;13,14,20,24,18;0,24,19,14,15,21;0,20,15,16,22,2,1;2,21,16,17,23;2,22,17,12,13,18,4,3;0,4,18,19,20
torus1052 25 1,6,4,24,20;0,20,21,2,7,12,11,6;1,21,22,23,3,7;2,23,24,4,9,8,7;0,6,5,9,3,24;4,6,11,10,9;0,1,11,5,4;1,2,3,8,13,12;3,9,14,19,13,7;3,4,5,10,14,8;5,11,16,15,14,9;1,12,17,22,16,10,5,6;1,7,13,18,17,11;7,8,19,18,12;8,9,10,15,19;10,16,21,20,19,14;10,11,22,21,15;11,12,18,23,22;12,13,19,24,23,17;8,14,15,20,24,18,13;0,24,19,15,21,1;1,20,15,16,22,2;2,21,16,11,17,23;2,22,17,18,24,3;0,4,3,23,18,19,20
torus1053 25 1,7,6,5,4,24,20;0,20,21,2,7;1,21,22,3,8,7;2,22,4,9,8;0,5,9,3,22,23,24;0,6,11,9,4;0,7,13,12,11,5;0,1,2,8,13,6;2,3,9,14,13,7;3,4,5,11,10,14,8;9,11,16,15,14;5,6,12,17,16,10,9;6,13,18,17,11;6,7,8,14,19,18,12;8,9,10,15,19,13;10,16,21,19,14;10,11,17,23,22,21,15;11,12,18,23,16;12,13,19,24,23,17;13,14,15,21,20,24,18;0,24,19,21,1;1,20,19,15,16,22,2;2,21,16,23,4,3;4,22,16,17,18,24;0,4,23,18,19,20
torus1054 25 1,7,6,5,24,20;0,20,15,21,2,7;1,21,22,18,23,3,8,13,7;2,23,4,9,8;3,23,24,5,9;0,6,11,10,9,4,24;0,7,12,11,5;0,1,2,13,12,6;2,3,9,14,13;3,4,5,10,15,14,8;5,11,16,15,9;5,6,12,17,16,10;6,7,13,14,19,18,17,11;2,8,14,12,7;8,9,15,19,12,13;1,20,19,14,9,10,16,21;10,11,17,22,21,15;11,12,18,22,16;2,22,17,12,19,24,23;12,14,15,20,24,18;0,24,19,15,1;1,15,16,22,2;2,21,16,17,18;2,18,24,4,3;0,5,4,23,18,19,20
torus1055 25 1,6,4,24,19,20;0,20,21,2,7,6;1,21,16,8,7;4,9,14,8,22,23;0,6,5,9,3,23,24;4,6,11,10,9;0,1,7,12,17,11,5,4;1,2,8,12,6;2,16,22,3,14,13,12,7;3,4,5,10,14;5,11,16,15,14,9;5,6,17,16,10;6,7,8,13,18,17;8,14,15,19,18,12;3,9,10,15,13,8;10,16,21,20,19,13,14;2,21,15,10,11,17,22,8;6,12,18,22,16,11;12,13,19,24,23,22,17;0,24,18,13,15,20;0,19,15,21,1;1,20,15,16,2;3,8,16,17,18,23;3,22,18,24,4;0,4,23,18,19
torus1056 25 1,5,4,24,20;0,20,21,22,2,7,6,5;1,22,3,8,7;2,22,23,9,8;0,5,9,23,24;0,1,6,11,10,9,4;1,7,12,11,5;1,2,8,13,17,12,6;2,3,9,14,13,7;3,23,4,5,10,14,8;5,11,16,15,14,9;5,6,12,16,10;6,7,17,16,11;7,8,14,19,18,17;8,9,10,15,19,13;10,16,21,20,19,14;10,11,12,17,22,21,15;7,13,18,23,22,16,12;13,19,24,23,17;13,14,15,20,24,18;0,24,19,15,21,1;1,20,15,16,22;1,21,16,17,23,3,2;3,22,17,18,24,4,9;0,4,23,18,19,20
torus1057 25 1,6,5,4,24,20;0,20,2,7,6;1,20,21,22,23,4,3,8,7;2,4,9,14,8;0,5,9,3,2,23,24;0,6,11,10,9,4;0,1,7,12,17,11,5;1,2,8,12,6;2,3,14,13,12,7;3,4,5,10,15,14;5,11,16,15,9;5,6,17,16,10;6,7,8,13,18,17;8,14,19,18,12;3,9,15,19,13,8;9,10,16,21,20,19,14;10,11,17,22,21,15;6,12,18,22,16,11;12,13,19,24,23,22,17;13,14,15,20,24,18;0,24,19,15,21,2,1;2,20,15,16,22;2,21,16,17,18,23;2,22,18,24,4;0,4,23,18,19,20
torus1058 25 1,5,4,24,20,21;0,21,2,7,6,5;1,21,22,3,8,7;2,22,23,4,8;0,5,9,8,3,23,24;0,1,6,11,10,9,4;1,7,13,12,11,5;1,2,8,14,19,13,6;2,3,4,9,14,7;4,5,10,14,8;5,11,16,15,14,9;5,6,12,17,22,16,10;6,13,18,17,11;6,7,19,24,18,12;7,8,9,10,15,19;10,16,21,20,19,14;10,11,22,21,15;11,12,18,23,22;12,13,24,23,17;7,14,15,20,24,13;0,24,19,15,21;0,20,15,16,22,2,1;2,21,16,11,17,23,3;3,22,17,18,24,4;0,4,23,18,13,19,20
torus1059 25 1,6,5,4,24,20;0,20,21,2,6;1,21,22,3,6;2,22,23,4,9,8,7,6;0,5,9,3,23,18,24;0,6,11,10,9,4;0,1,2,3,7,12,11,5;3,8,13,18,12,6;3,9,14,13,7;3,4,5,10,14,8;5,11,16,15,14,9;5,6,12,16,10;6,7,18,17,16,11;7,8,14,19,24,18;8,9,10,15,19,13;10,16,21,20,19,14;10,11,12,17,21,15;12,18,23,22,21,16;4,23,17,12,7,13,24;13,14,15,20,24;0,24,19,15,21,1;1,20,15,16,17,22,2;2,21,17,23,3;3,22,17,18,4;0,4,18,13,19,20
torus1060 25 1,5,4,23,24,20;0,20,2,7,6,5;1,20,21,22,23,3,8,7;2,23,4,9,8;0,5,9,3,23;0,1,6,11,10,14,9,4;1,7,12,11,5;1,2,8,13,12,6;2,3,9,14,13,7;3,4,5,14,8;5,11,16,21,15,14;5,6,12,16,10;6,7,13,18,17,16,11;7,8,14,18,12;5,10,15,19,18,13,8,9;10,21,20,19,14;10,11,12,17,22,21;12,18,23,22,16;12,13,14,19,24,23,17;14,15,20,24,18;0,24,19,15,21,2,1;2,20,15,10,16,22;2,21,16,17,23;0,4,3,2,22,17,18,24;0,23,18,19,20
torus1061 25 1,6,11,5,4,20;0,20,21,22,2,7,6;1,22,3,8,7;2,22,4,9,8;0,5,9,3,22,23,24,20;0,11,10,9,4;0,1,7,12,11;1,2,8,13,12,6;2,3,9,14,13,7;3,4,5,10,14,8;5,11,16,21,15,14,9;0,6,12,17,16,10,5;6,7,13,18,17,11;7,8,14,18,12;8,9,10,15,19,18,13;10,21,20,19,14;10,11,17,22,21;11,12,18,23,22,16;12,13,14,19,24,23,17;14,15,20,24,18;0,4,24,19,15,21,1;1,20,15,10,16,22;1,21,16,17,23,4,3,2;4,22,17,18,24;4,23,18,19,20
torus1062 25 1,6,5,20,21;0,21,2,7,6;1,21,22,3,8,7;2,22,23,4,5,9,8;3,23,24,20,5;0,6,11,10,9,3,4,20;0,1,7,13,12,11,5;1,2,8,14,13,6;2,3,9,14,7;3,5,10,14,8;5,11,15,14,9;5,6,12,16,15,10;6,13,18,17,16,11;6,7,14,19,18,12;7,8,9,10,15,19,13;10,11,16,20,19,14;11,12,17,22,20,15;12,18,23,22,16;12,13,19,24,23,17;13,14,15,20,24,18;0,5,4,24,19,15,16,22,21;0,20,22,2,1;2,21,20,16,17,23,3;3,22,17,18,24,4;4,23,18,19,20
torus1063 25 1,6,5,9,4,24,20;0,20,21,2,8,7,6;1,21,22,3,8;2,22,17,4,9,8;0,9,3,17,23,24;0,6,11,10,9;0,1,7,11,5;1,8,13,12,11,6;1,2,3,9,14,13,7;0,5,10,14,8,3,4;5,11,16,15,14,9;5,6,7,12,17,16,10;7,13,18,23,17,11;7,8,14,19,18,12;8,9,10,15,19,13;10,16,22,21,20,24,19,14;10,11,17,22,15;3,22,16,11,12,23,4;12,13,19,24,23;13,14,15,24,18;0,24,15,21,1;1,20,15,22,2;2,21,15,16,17,3;4,17,12,18,24;0,4,23,18,19,15,20
torus1064 25 4,5,6,20,24;2,21,20,6,12,7;1,7,8,3,22,21;2,8,4,23,17,22;0,24,23,3,8,5;0,4,8,9,10,11,6;0,5,11,12,1,20;1,12,13,8,2;2,7,13,9,5,4,3;5,8,13,14,10;5,9,14,15,11;5,10,15,16,17,12,6;1,6,11,17,23,18,14,13,7;7,12,14,9,8;9,13,12,18,19,15,10;10,14,19,20,21,16,11;11,15,21,22,17;3,23,12,11,16,22;12,23,24,19,14;14,18,24,20,15;0,6,1,21,15,19,24;1,2,22,16,15,20;2,3,17,16,21;3,4,24,18,12,17;0,20,19,18,23,4
torus1065 25 1,6,5,4,24,20;0,20,21,2,6;1,21,22,23,3,8,6;2,23,4,9,8;0,5,9,3,23,24;0,6,11,9,4;0,1,2,8,7,11,5;6,8,13,12,11;2,3,9,14,13,7,6;3,4,5,11,10,14,8;9,11,16,15,14;5,6,7,12,17,16,10,9;7,13,18,17,11;7,8,14,19,18,12;8,9,10,15,20,19,13;10,16,22,21,20,14;10,11,17,22,15;11,12,18,23,22,16;12,13,19,23,17;13,14,20,24,23,18;0,24,19,14,15,21,1;1,20,15,22,2;2,21,15,16,17,23;2,22,17,18,19,24,4,3;0,4,23,19,20
torus1066 25 1,6,5,4,24,20;0,20,21,22,2,6;1,22,3,7,6;2,22,23,4,5,10,9,8,7;0,5,3,23,18,24;0,6,11,10,3,4;0,1,2,7,12,11,5;2,3,8,13,12,6;3,9,14,13,7;3,10,15,14,8;3,5,11,16,21,15,9;5,6,12,17,16,10;6,7,13,18,17,11;7,8,14,19,18,12;8,9,15,19,13;9,10,21,20,19,14;10,11,17,22,21;11,12,18,23,22,16;4,23,17,12,13,19,24;13,14,15,20,24,18;0,24,19,15,21,1;1,20,15,10,16,22;1,21,16,17,23,3,2;3,22,17,18,4;0,4,18,19,20
torus1067 25 1,6,4,24,20;0,20,21,2,7,6;1,21,22,3,8,7;2,22,23,4,8;0,6,5,9,8,3,23,18,24;4,6,11,10,9;0,1,7,12,11,5,4;1,2,8,13,12,6;2,3,4,9,13,7;4,5,10,14,13,8;5,11,17,16,15,14,9;5,6,12,17,10;6,7,13,17,11;7,8,9,14,19,18,23,17,12;9,10,15,20,19,13;10,16,22,21,20,14;10,17,23,22,15;10,11,12,13,23,16;4,23,13,19,24;13,14,20,24,18;0,24,19,14,15,21,1;1,20,15,22,2;2,21,15,16,23,3;3,22,16,17,13,18,4;0,4,18,19,20
torus1068 25 1,6,5,9,4,24,20;0,20,21,2,7,6;1,21,22,3,9,8,7;2,22,23,4,9;0,9,3,23,24;0,6,11,10,9;0,1,7,12,11,5;1,2,8,13,12,6;2,9,14,13,7;0,5,10,14,8,2,3,4;5,11,17,16,15,14,9;5,6,12,17,10;6,7,13,17,11;7,8,14,15,19,18,17,12;8,9,10,15,13;10,16,21,20,19,13,14;10,17,22,21,15;10,11,12,13,18,22,16;13,19,24,23,22,17;13,15,20,24,18;0,24,19,15,21,1;1,20,15,16,22,2;2,21,16,17,18,23,3;3,22,18,24,4;0,4,23,18,19,20
torus1069 25 1,6,5,4,24,20;0,20,21,2,6;1,21,22,3,8,7,6;2,22,23,4,9,14,8;0,5,9,3,23,24;0,6,11,10,9,4;0,1,2,7,12,11,5;2,8,13,12,6;2,3,14,13,7;3,4,5,10,14;5,11,17,16,15,14,9;5,6,12,17,10;6,7,13,18,17,11;7,8,14,15,19,18,12;3,9,10,15,13,8;10,16,21,20,19,13,14;10,17,22,21,15;10,11,12,18,22,16;12,13,19,23,22,17;13,15,20,24,23,18;0,24,19,15,21,1;1,20,15,16,22,2;2,21,16,17,18,23,3;3,22,18,19,24,4;0,4,23,19,20
torus1070 25 1,6,5,24,20;0,20,21,2,7,6;1,21,16,22,3,9,14,8,7;2,22,23,4,9;3,23,18,24,5,10,9;0,6,11,16,15,10,4,24;0,1,7,11,5;1,2,8,11,6;2,14,13,12,11,7;2,3,4,10,14;4,5,15,19,13,14,9;5,6,7,8,12,17,16;8,13,19,18,17,11;8,14,10,19,12;2,9,10,13,8;5,16,21,20,19,10;2,21,15,5,11,17,22;11,12,18,23,22,16;4,23,17,12,19,24;10,15,20,24,18,12,13;0,24,19,15,21,1;1,20,15,16,2;2,16,17,23,3;3,22,17,18,4;0,5,4,18,19,20
torus1071 25 4,5,6,24,18,23;2,22,21,20,24,6;1,6,7,3,4,23,22;2,7,8,9,4;0,23,2,3,9,5;0,4,9,10,12,7,6;0,5,7,2,1,24;2,6,5,12,13,8,3;3,7,13,14,9;3,8,14,10,5,4;5,9,14,19,15,11,12;10,15,16,17,12;5,10,11,17,18,13,7;7,12,18,19,14,8;8,13,19,10,9;10,19,21,16,11;11,15,21,22,17;11,16,22,18,12;0,24,20,19,13,12,17,22,23;10,14,13,18,20,21,15;1,21,19,18,24;1,22,16,15,19,20;1,2,23,18,17,16,21;0,18,22,2,4;0,6,1,20,18
torus1072 25 1,6,5,4,15,21;0,21,2,7,6;1,21,22,3,9,14,8,7;2,22,23,24,9;0,5,9,24,20,15;0,6,10,14,9,4;0,1,7,10,5;1,2,8,13,12,11,10,6;2,14,19,13,7;2,3,24,4,5,14;5,6,7,11,15,19,14;7,12,17,15,10;7,13,18,17,11;7,8,19,20,24,18,12;2,9,5,10,19,8;0,4,20,19,10,11,17,16,21;15,17,18,23,22,21;11,12,18,16,15;12,13,24,23,16,17;8,14,10,15,20,13;4,24,13,19,15;0,15,16,22,2,1;2,21,16,23,3;3,22,16,18,24;3,23,18,13,20,4,9
torus1073 25 4,6,20,19,24;2,21,20,6,7,8;1,8,9,4,3,22,21;2,4,23,17,22;0,24,23,3,2,9,6;6,9,10,16,22,11;0,4,9,5,11,7,1,20;1,6,11,12,8;1,7,12,13,9,2;2,8,13,10,5,6,4;5,9,13,14,15,16;5,22,17,12,7,6;7,11,17,18,19,13,8;8,12,19,14,10,9;10,13,19,20,15;10,14,20,21,16;5,10,15,21,22;3,23,18,12,11,22;12,17,23,24,19;0,20,14,13,12,18,24;0,6,1,21,15,14,19;1,2,22,16,15,20;2,3,17,11,5,16,21;3,4,24,18,17;0,19,18,23,4
torus1074 25 1,6,5,9,4,24;0,24,20,2,6;1,20,21,22,6;4,9,7,22,23;0,9,3,23,24;0,6,14,8,9;0,1,2,22,7,11,10,14,5;3,9,8,13,18,11,6,22;5,14,13,7,9;0,5,8,7,3,4;6,11,12,16,15,14;6,7,18,12,10;10,11,18,17,16;7,8,14,19,18;5,6,10,15,19,13,8;10,16,21,20,19,14;10,12,17,23,22,21,15;12,18,24,23,16;7,13,19,24,17,12,11;13,14,15,20,24,18;1,24,19,15,21,2;2,20,15,16,22;2,21,16,23,3,7,6;3,22,16,17,24,4;0,4,23,17,18,19,20,1
torus1075 25 1,6,5,4,24,20;0,20,15,21,3,2,7,11,6;1,3,8,13,7;1,21,22,23,4,9,8,2;0,5,9,3,23,24;0,6,10,14,9,4;0,1,11,10,5;1,2,13,12,11;2,3,9,14,13;3,4,5,14,8;5,6,11,16,21,15,14;1,7,12,16,10,6;7,13,18,17,16,11;2,8,14,18,12,7;5,10,15,19,18,13,8,9;1,20,19,14,10,21;10,11,12,17,22,21;12,18,24,23,22,16;12,13,14,19,24,17;14,15,20,24,18;0,24,19,15,1;1,15,10,16,22,3;3,21,16,17,23;3,22,17,24,4;0,4,23,17,18,19,20
torus1076 25 1,6,5,24,20;0,20,21,2,9,8,7,6;1,21,22,3,9;2,22,23,4,9;3,23,18,19,24,5,11,9;0,6,11,4,24;0,1,7,16,11,5;1,8,12,16,6;1,9,10,14,13,12,7;1,2,3,4,11,10,8;8,9,11,15,14;4,5,6,16,15,10,9;7,8,13,17,20,15,16;8,14,19,18,17,12;8,10,15,19,13;10,11,16,12,20,24,19,14;6,7,12,15,11;12,13,18,23,22,21,20;4,23,17,13,19;4,18,13,14,15,24;0,24,15,12,17,21,1;1,20,17,22,2;2,21,17,23,3;3,22,17,18,4;0,5,4,19,15,20
torus1077 25 4,5,6,20,24;2,22,21,20,6,7;1,7,13,8,3,22;2,8,9,5,4,22;0,24,23,22,3,5;0,4,3,9,11,6;0,5,11,12,7,1,20;1,6,12,13,2;2,13,14,9,3;3,8,14,10,16,11,5;9,14,19,15,16;5,9,16,17,12,6;6,11,17,13,7;2,7,12,17,18,14,8;8,13,18,19,10,9;10,19,24,21,22,16;9,10,15,22,17,11;11,16,22,18,13,12;13,17,22,23,19,14;10,14,18,23,24,15;0,6,1,21,24;1,22,15,24,20;1,2,3,4,23,18,17,16,15,21;4,24,19,18,22;0,20,21,15,19,23,4
torus1078 25 1,6,5,3,4,20;0,20,15,21,13,7,6;3,8,13,21,22;0,5,9,8,2,22,4;0,3,22,23,24,20;0,6,11,9,3;0,1,7,11,5;1,13,12,11,6;2,3,9,14,13;3,5,11,10,14,8;9,11,16,15,14;5,6,7,12,17,16,10,9;7,13,14,18,17,11;1,21,2,8,14,12,7;8,9,10,15,19,18,12,13;1,20,19,14,10,16,21;10,11,17,24,23,21,15;11,12,18,24,16;12,14,19,24,17;14,15,20,24,18;0,4,24,19,15,1;1,15,16,23,22,2,13;2,21,23,4,3;4,22,21,16,24;4,23,16,17,18,19,20
torus1079 25 1,4,24,19,20;0,20,21,5,9,4;3,7,12,6,5,21,16,22;2,22,23,4,8,7;0,1,9,8,3,23,24;1,21,2,6,9;2,12,11,9,5;2,3,8,18,12;3,4,9,14,13,18,7;1,5,6,11,16,10,14,8,4;9,16,21,15,14;6,12,17,22,16,9;2,7,18,17,11,6;8,14,19,24,23,18;8,9,10,15,19,13;10,21,20,19,14;2,21,10,9,11,22;11,12,18,23,22;7,8,13,23,17,12;0,24,13,14,15,20;0,19,15,21,1;1,20,15,10,16,2,5;2,16,11,17,23,3;3,22,17,18,13,24,4;0,4,23,13,19
torus1080 25 1,4,24,20,21;0,21,7,6,4;3,9,8,7,21;2,21,22,23,4,9;0,1,6,5,9,3,23,24;4,6,17,11,10,9;1,7,12,17,5,4;1,21,2,8,13,19,12,6;2,9,10,13,7;2,3,4,5,10,8;5,11,16,15,14,13,8,9;5,17,22,16,10;6,7,19,18,17;7,8,10,14,19;10,15,20,24,19,13;10,16,21,20,14;10,11,22,21,15;5,6,12,18,22,11;12,19,24,23,22,17;7,13,14,24,18,12;0,24,14,15,21;0,20,15,16,22,3,2,7,1;3,21,16,11,17,18,23;3,22,18,24,4;0,4,23,18,19,14,20
torus1081 25 1,6,11,5,4,24,20;0,20,2,7,6;1,20,21,22,3,8,13,7;2,22,4,5,9,8;0,5,3,22,23,24;0,11,17,16,10,9,3,4;0,1,7,12,11;1,2,13,19,18,12,6;2,3,9,14,13;3,5,10,14,8;5,16,15,14,9;0,6,12,17,5;6,7,18,17,11;2,8,14,15,19,7;8,9,10,15,13;10,16,21,19,13,14;5,17,22,21,15,10;5,11,12,18,23,22,16;7,19,23,17,12;7,13,15,21,20,24,23,18;0,24,19,21,2,1;2,20,19,15,16,22;2,21,16,17,23,4,3;4,22,17,18,19,24;0,4,23,19,20
torus1082 25 1,6,24,20,21;0,21,2,8,7,6;1,21,22,3,8;2,22,23,9,5,10,14,8;6,9,23,18,24;3,9,6,11,16,10;0,1,7,12,17,11,5,9,4,24;1,8,13,12,6;1,2,3,14,13,7;3,23,4,6,5;3,5,16,21,15,14;5,6,17,23,16;6,7,13,18,17;7,8,14,19,18,12;3,10,15,19,13,8;10,21,20,19,14;5,11,23,22,21,10;6,12,18,23,11;4,23,17,12,13,19,24;13,14,15,20,24,18;0,24,19,15,21;0,20,15,10,16,22,2,1;2,21,16,23,3;3,22,16,11,17,18,4,9;0,6,4,18,19,20
torus1083 25 1,6,5,4,24;0,24,20,21,2,7,12,6;1,21,22,23,3,8,7;2,23,24,4,9,8;0,5,10,16,15,9,3,24;0,6,11,10,4;0,1,12,11,5;1,2,8,13,12;2,3,9,14,13,7;3,4,15,14,8;4,5,11,17,16;5,6,12,17,10;1,7,13,19,18,17,11,6;7,8,14,19,12;8,9,15,19,13;4,16,22,21,20,19,14,9;4,10,17,23,22,15;10,11,12,18,24,23,16;12,19,20,24,17;12,13,14,15,20,18;1,24,18,19,15,21;1,20,15,22,2;2,21,15,16,23;2,22,16,17,24,3;0,4,3,23,17,18,20,1
torus1084 25 1,11,5,4,24,20;0,20,15,2,6,12,11;1,15,21,22,6;4,9,8,6,22,17,23;0,5,9,3,23,24;0,11,10,9,4;1,2,22,3,8,7,12;6,8,14,13,12;3,9,14,7,6;3,4,5,10,15,14,8;5,11,16,15,9;0,1,12,17,16,10,5;1,6,7,13,18,17,11;7,14,15,18,12;7,8,9,15,13;1,20,19,18,13,14,9,10,16,21,2;10,11,17,21,15;3,22,21,16,11,12,18,23;12,13,15,19,23,17;15,20,24,23,18;0,24,19,15,1;2,15,16,17,22;2,21,17,3,6;3,17,18,19,24,4;0,4,23,19,20
torus1085 25 4,5,20,19,13,24;2,21,16,20,6,7;1,7,8,22,21;4,22,14,9,5;0,24,23,22,3,5;0,4,3,9,10,6,20;1,20,5,10,12,18,7;1,6,18,13,8,2;2,7,13,19,14,22;3,14,15,10,5;5,9,15,16,11,12,6;10,16,21,22,17,12;6,10,11,17,18;0,19,8,7,18,24;3,22,8,19,15,9;9,14,19,20,16,10;1,21,11,10,15,20;11,22,23,18,12;6,12,17,23,24,13,7;0,20,15,14,8,13;0,5,6,1,16,15,19;1,2,22,11,16;2,8,14,3,4,23,17,11,21;4,24,18,17,22;0,13,18,23,4
torus1086 25 4,9,5,6,7,20,24;2,22,21,20,7;1,7,8,3,22;2,8,9,4,23,22;0,24,23,3,9;0,9,14,10,11,6;0,5,11,17,13,7;0,6,13,8,2,1,20;2,7,13,9,3;0,4,3,8,13,14,5;5,14,15,21,16,11;5,10,16,17,6;13,17,16,22,23,18;6,17,12,18,19,14,9,8,7;5,9,13,19,15,10;10,14,19,24,20,21;10,21,22,12,17,11;6,11,16,12,13;12,23,24,19,13;13,18,24,15,14;0,7,1,21,15,24;1,22,16,10,15,20;1,2,3,23,12,16,21;3,4,24,18,12,22;0,20,15,19,18,23,4
torus1087 25 1,5,9,4,24;0,24,20,21,7,6,11,5;3,13,7,21,22;2,22,23,24,4,8,13;0,9,8,3,24;0,1,11,10,9;1,7,13,12,11;1,21,2,13,6;3,4,9,15,14,13;0,5,10,21,20,15,8,4;5,11,16,21,9;1,6,12,16,10,5;6,13,18,17,16,11;2,3,8,14,18,12,6,7;8,15,19,18,13;8,9,20,19,14;10,11,12,17,21;12,18,23,22,21,16;12,13,14,19,24,23,17;14,15,20,24,18;1,24,19,15,9,21;1,20,9,10,16,17,22,2,7;2,21,17,23,3;3,22,17,18,24;0,4,3,23,18,19,20,1
torus1088 25 4,5,6,7,24,23;2,20,18,17,24,7;1,7,3,23,21,20;2,7,8,9,4,23;0,23,3,9,5;0,4,9,10,6;0,5,10,11,12,7;0,6,12,13,8,3,2,1,24;3,7,13,14,16,10,9;3,8,10,5,4;5,9,8,16,11,6;6,10,16,22,17,12;6,11,17,18,13,7;7,12,18,19,14,8;8,13,19,15,16;14,19,20,21,16;8,14,15,21,22,11,10;1,18,12,11,22,23,24;1,20,19,13,12,17;13,18,20,15,14;1,2,21,15,19,18;2,23,22,16,15,20;11,16,21,23,17;0,24,17,22,21,2,3,4;0,7,1,17,23
torus1089 25 1,7,6,5,4,20;0,20,15,2,7;1,15,21,3,8,7;2,21,22,4,9,14,8;0,5,9,3,22,23,18,24,20;0,6,11,10,9,4;0,7,13,12,11,5;0,1,2,8,13,6;2,3,14,13,7;3,4,5,10,14;5,11,17,14,9;5,6,12,17,10;6,13,19,18,23,17,11;6,7,8,14,15,19,12;3,9,10,17,16,15,13,8;1,20,24,19,13,14,16,21,2;14,17,22,21,15;10,11,12,23,22,16,14;4,23,12,19,24;12,13,15,24,18;0,4,24,15,1;2,15,16,22,3;3,21,16,17,23,4;4,22,17,12,18;4,18,19,15,20
torus1090 25 1,7,6,5,4,20;0,20,2,8,7;1,20,21,3,9,8;2,21,23,10,9;0,5,10,24,19,20;0,6,11,10,4;0,7,12,11,5;0,1,8,12,6;1,2,9,14,13,12,7;2,3,10,16,15,14,8;3,23,24,4,5,11,16,9;5,6,12,22,16,10;6,7,8,13,17,22,11;8,14,18,17,12;8,9,15,19,18,13;9,16,20,19,14;9,10,11,22,21,20,15;12,13,18,23,22;13,14,19,24,23,17;4,24,18,14,15,20;0,4,19,15,16,21,2,1;2,20,16,22,23,3;11,12,17,23,21,16;3,21,22,17,18,24,10;4,10,23,18,19
torus1091 25 4,10,11,5,6,20;2,21,20,6,8,9;1,9,3,22,21;2,9,4,23,22;0,20,24,23,3,9,10;0,11,12,7,6;0,5,7,8,1,20;5,12,13,8,6;1,6,7,13,14,9;1,8,14,10,4,3,2;0,4,9,14,15,11;0,10,15,16,17,12,5;5,11,17,18,13,7;7,12,18,19,14,8;8,13,19,15,10,9;10,14,19,21,16,11;11,15,21,22,17;11,16,22,18,12;12,17,22,23,24,19,13;13,18,24,20,21,15,14;0,6,1,21,19,24,4;1,2,22,16,15,19,20;2,3,23,18,17,16,21;3,4,24,18,22;4,20,19,18,23
torus1092 25 1,7,6,4,20;0,20,22,2,7;1,22,23,3,7;2,23,4,9,8,7;0,6,5,9,3,23,24,20;4,6,11,10,9;0,7,8,13,12,11,5,4;0,1,2,3,8,6;3,9,14,13,6,7;3,4,5,10,14,8;5,11,17,15,19,14,9;5,6,12,17,10;6,13,18,17,11;6,8,14,19,24,18,12;8,9,10,19,13;10,17,16,21,24,19;15,17,23,22,21;10,11,12,18,23,16,15;12,13,24,23,17;10,15,24,13,14;0,4,24,21,22,1;15,16,22,20,24;1,20,21,16,23,2;2,22,16,17,18,24,4,3;4,23,18,13,19,15,21,20
torus1093 25 1,6,4,24,20;0,20,2,7,12,6;1,20,21,3,8,7;2,21,22,23,4,8;0,6,9,8,3,23,24;6,11,16,10,9;0,1,12,11,5,9,4;1,2,8,13,18,12;2,3,4,9,14,13,7;4,6,5,10,14,8;5,16,15,14,9;5,6,12,17,22,21,16;1,7,18,17,11,6;7,8,14,19,18;8,9,10,15,19,13;10,16,21,19,14;5,11,21,15,10;11,12,18,23,22;7,13,19,20,24,23,17,12;13,14,15,21,20,18;0,24,18,19,21,2,1;2,20,19,15,16,11,22,3;3,21,11,17,23;3,22,17,18,24,4;0,4,23,18,20
torus1094 25 4,9,5,11,6,20;2,21,15,20,6,7;1,7,8,3,21;2,8,14,9,23,21;0,20,24,23,9;0,9,10,16,11;0,11,17,12,13,7,1,20;1,6,13,8,2;2,7,13,14,3;0,4,23,3,14,10,5;5,9,14,13,19,16;0,5,16,17,6;6,17,22,18,19,13;6,12,19,10,14,8,7;3,8,13,10,9;1,21,22,16,19,24,20;5,10,19,15,22,17,11;6,11,16,22,12;12,22,23,24,19;10,13,12,18,24,15,16;0,6,1,15,24,4;1,2,3,23,22,15;12,17,16,15,21,23,18;3,9,4,24,18,22,21;4,20,15,19,18,23
torus1095 25 4,5,6,7,21,20,24;2,16,10,21,7;1,7,3,22,16;2,7,8,9,23,22;0,24,23,9,10,16,5;0,4,16,11,6;0,5,11,12,13,14,8,7;0,6,8,3,2,1,21;3,7,6,14,9;3,8,14,10,4,23;1,16,4,9,14,15,21;5,16,17,12,6;6,11,17,23,18,13;6,12,18,19,14;6,13,19,15,10,9,8;10,14,19,20,21;1,2,22,17,11,5,4,10;11,16,22,23,12;12,23,24,19,13;13,18,24,20,15,14;0,21,15,19,24;0,7,1,10,15,20;2,3,23,17,16;3,9,4,24,18,12,17,22;0,20,19,18,23,4
torus1096 25 1,5,9,24,18;0,18,20,2,6,5;1,20,21,22,3,6;2,22,23,4,8,6;3,23,9,13,8;0,1,6,11,16,10,9;1,2,3,8,7,11,5;6,8,13,12,17,11;3,4,13,7,6;0,5,10,14,13,4,23,24;5,16,15,14,9;5,6,7,17,16;7,13,19,18,17;4,9,14,19,12,7,8;9,10,15,19,13;10,16,21,20,19,14;5,11,17,21,15,10;7,12,18,24,23,22,21,16,11;0,24,17,12,19,20,1;12,13,14,15,20,18;1,18,19,15,21,2;2,20,15,16,17,22;2,21,17,23,3;3,22,17,24,9,4;0,9,23,17,18
torus1097 25 1,6,5,4,20,21;0,21,7,12,11,6;3,8,7,21,22,5;2,5,9,14,8;0,5,22,23,24,19,20;0,6,10,9,3,2,22,4;0,1,11,10,5;1,21,2,8,13,12;2,3,14,13,7;3,5,10,15,19,14;5,6,11,17,16,15,9;1,12,18,17,10,6;1,7,13,18,11;7,8,14,24,18,12;3,9,19,24,13,8;9,10,16,21,20,19;10,17,22,21,15;10,11,18,23,22,16;11,12,13,24,23,17;4,24,14,9,15,20;0,4,19,15,21;0,20,15,16,22,2,7,1;2,21,16,17,23,4,5;4,22,17,18,24;4,23,18,13,14,19
torus1098 25 1,7,6,5,20,21;0,21,2,3,14,7;1,21,15,16,22,3;1,2,22,23,4,8,14;3,23,18,9,8;0,6,16,10,8,9,24,20;0,7,11,16,5;0,1,14,13,12,11,6;3,4,9,5,10,14;4,18,24,5,8;5,16,15,14,8;6,7,12,17,16;7,13,18,17,11;7,14,19,18,12;1,3,8,10,15,19,13,7;2,21,19,14,10,16;2,15,10,5,6,11,17,22;11,12,18,23,22,16;4,23,17,12,13,19,24,9;13,14,15,21,20,24,18;0,5,24,19,21;0,20,19,15,2,1;2,16,17,23,3;3,22,17,18,4;5,9,18,19,20
torus1099 25 1,6,5,24,19,20;0,20,21,2,6;1,21,22,3,8,7,6;2,22,23,24,4,8;3,24,9,10,15,14,8;0,6,11,9,24;0,1,2,7,12,11,5;2,8,14,12,6;2,3,4,14,7;4,24,5,11,10;4,9,11,16,21,20,15;5,6,12,17,16,10,9;6,7,14,17,11;14,15,19,18,17;4,15,13,17,12,7,8;4,10,20,19,13,14;10,11,17,22,21;11,12,14,13,18,23,22,16;13,19,24,23,17;0,24,18,13,15,20;0,19,15,10,21,1;1,20,10,16,22,2;2,21,16,17,23,3;3,22,17,18,24;0,5,9,4,3,23,18,19
torus1100 25 1,4,9,5,6,7;0,7,8,2,21,15,20,4;1,8,3,22,21;2,8,13,9,22;0,1,20,24,23,9;0,9,14,10,6;0,5,10,16,11,7;0,6,11,12,8,1;1,7,12,18,13,3,2;0,4,23,22,3,13,14,5;5,14,15,16,6;6,16,17,12,7;7,11,17,18,8;3,8,18,14,9;5,9,13,18,19,15,10;1,21,16,10,14,19,20;6,10,15,21,22,23,17,11;11,16,23,18,12;8,12,17,23,24,19,14,13;14,18,24,20,15;1,15,19,24,4;1,2,22,16,15;2,3,9,23,16,21;4,24,18,17,16,22,9;4,20,19,18,23
torus1101 25 1,6,5,13,20;0,20,21,9,8,7,12,6;3,10,9,21,16,22;2,22,23,4,5,10;3,23,24,13,5;0,6,17,11,10,3,4,13;0,1,12,17,5;1,8,13,18,12;1,9,14,13,7;1,21,2,10,14,8;2,3,5,11,19,14,9;5,17,16,15,19,10;1,7,18,17,6;0,5,4,24,18,7,8,14,19,20;8,9,10,19,13;11,16,21,20,19;2,21,15,11,17,22;5,6,12,18,24,23,22,16,11;7,13,24,17,12;10,11,15,20,13,14;0,13,19,15,21,1;1,20,15,16,2,9;2,16,17,23,3;3,22,17,24,4;4,23,17,18,13
torus1102 25 1,6,9,24,20;0,20,21,2,7,6;1,21,22,3,8,13,7;2,22,23,4,9,8;3,23,17,18,24,9;6,11,10,14,9;0,1,7,12,11,5,9;1,2,13,18,12,6;2,3,9,14,19,13;0,6,5,14,8,3,4,24;5,11,17,16,15,19,14;5,6,12,17,10;6,7,18,17,11;2,8,19,20,24,18,7;5,10,19,8,9;10,16,22,21,19;10,17,23,22,15;4,23,16,10,11,12,18;4,17,12,7,13,24;8,14,10,15,21,20,13;0,24,13,19,21,1;1,20,19,15,22,2;2,21,15,16,23,3;3,22,16,17,4;0,9,4,18,13,20
torus1103 25 4,9,5,11,20;2,21,20,11,6;1,6,8,16,15,21;4,24,23,14,9;0,20,24,3,9;0,9,14,10,11;1,11,12,7,8,2;6,12,13,19,14,8;2,6,7,14,22,16;0,4,3,14,5;5,14,15,16,11;0,5,10,16,22,17,12,6,1,20;6,11,17,18,13,7;7,12,18,24,19;3,23,22,8,7,19,21,15,10,5,9;2,16,10,14,21;2,8,22,11,10,15;11,22,23,18,12;12,17,23,24,13;7,13,24,20,21,14;0,11,1,21,19,24,4;1,2,15,14,19,20;8,14,23,17,11,16;3,24,18,17,22,14;3,4,20,19,13,18,23
torus1104 25 4,9,6,20,19,24;2,17,21,20,6,7,8;1,8,3,22,23,17;2,8,9,4,22;0,24,22,3,9;6,10,16,17,11;0,9,10,5,11,7,1,20;1,6,11,12,13,8;1,7,13,14,9,3,2;0,4,3,8,14,10,6;5,6,9,14,19,15,16;5,17,12,7,6;7,11,17,23,18,13;7,12,18,19,14,8;8,13,19,10,9;10,19,20,21,16;5,10,15,21,17;1,2,23,12,11,5,16,21;12,23,24,19,13;0,20,15,10,14,13,18,24;0,6,1,21,15,19;1,17,16,15,20;2,3,4,24,23;2,22,24,18,12,17;0,19,18,23,22,4
torus1105 25 1,11,6,24,20;0,20,21,7,12,11;3,7,21,22,23;2,23,4,8,7;3,23,24,5,9,8;4,24,6,10,9;0,11,18,17,16,10,5,24;1,21,2,3,8,13,12;3,4,9,14,13,7;4,5,10,14,8;5,6,16,15,14,9;0,1,12,19,18,6;1,7,13,19,11;7,8,14,15,24,19,12;8,9,10,15,13;10,16,20,24,13,14;6,17,22,21,20,15,10;6,18,23,22,16;6,11,19,23,17;11,12,13,24,23,18;0,24,15,16,21,1;1,20,16,22,2,7;2,21,16,17,23;2,22,17,18,19,24,4,3;0,6,5,4,23,19,13,15,20
torus1106 25 1,6,5,24,18,20;0,20,21,7,6;3,8,13,7,21,22;2,22,17,23,4,9,8;3,23,24,5,16,9;0,6,11,16,4,24;0,1,7,12,11,5;1,21,2,13,19,18,23,12,6;2,3,9,14,13;3,4,16,10,14,8;9,16,15,19,14;5,6,12,17,16;6,7,23,17,11;2,8,14,19,7;8,9,10,19,13;10,16,21,20,19;4,5,11,17,22,21,15,10,9;3,22,16,11,12,23;0,24,23,7,19,20;7,13,14,10,15,20,18;0,18,19,15,21,1;1,20,15,16,22,2,7;2,21,16,17,3;3,17,12,7,18,24,4;0,5,4,23,18
torus1107 25 1,6,4,24,20;0,20,2,7,13,6;1,20,21,22,3,7;2,22,9,8,7;0,6,5,9,22,21,23,24;4,6,11,10,9;0,1,13,11,5,4;1,2,3,8,13;3,9,14,12,13,7;3,22,4,5,10,14,8;5,11,17,16,15,14,9;5,6,13,12,17,10;8,14,18,17,11,13;1,7,8,12,11,6;8,9,10,15,19,18,12;10,16,21,20,19,14;10,17,23,21,15;10,11,12,18,23,16;12,14,19,23,17;14,15,20,24,23,18;0,24,19,15,21,2,1;2,20,15,16,23,4,22;2,21,4,9,3;4,21,16,17,18,19,24;0,4,23,19,20
torus1108 25 1,6,4,24,20;0,20,21,7,6;3,8,19,13,21,22;2,22,11,23,9,14,8;0,6,5,9,23,24;4,6,11,10,9;0,1,7,11,5,4;1,21,13,12,11,6;2,3,14,15,19;3,23,4,5,10,14;5,11,22,16,15,14,9;3,22,10,5,6,7,12,17,23;7,13,18,17,11;2,19,18,12,7,21;3,9,10,15,8;8,14,10,16,20,19;10,22,21,20,15;11,12,18,24,23;12,13,19,24,17;2,8,15,20,24,18,13;0,24,19,15,16,21,1;1,20,16,22,2,13,7;2,21,16,10,11,3;3,11,17,24,4,9;0,4,23,17,18,19,20
torus1109 25 1,6,5,24,19;0,19,20,21,2,7,6;1,21,16,3,9,8,7;2,16,22,23,4,9;3,23,18,24,9;0,6,12,11,9,24;0,1,7,12,5;1,2,8,13,12,6;2,9,14,13,7;2,3,4,24,5,11,17,10,14,8;9,17,15,20,19,14;5,12,18,23,22,17,9;5,6,7,13,19,18,11;7,8,14,19,12;8,9,10,19,13;10,17,16,21,20;2,21,15,17,22,3;9,11,22,16,15,10;4,23,11,12,19,24;0,24,18,12,13,14,10,20,1;1,19,10,15,21;1,20,15,16,2;3,16,17,11,23;3,22,11,18,4;0,5,9,4,18,19
torus1110 25 1,6,5,4,20;0,20,21,2,6;1,21,8,7,17,6;4,9,13,8,21,22;0,5,9,3,22,23,24,20;0,6,16,11,10,9,4;0,1,2,17,16,5;2,8,13,12,17;2,21,3,13,7;3,4,5,10,14,13;5,11,15,14,9;5,16,21,15,10;7,13,14,18,23,17;3,9,14,12,7,8;9,10,15,19,18,12,13;10,11,21,19,14;5,6,17,23,22,21,11;2,7,12,23,16,6;12,14,19,24,23;14,15,21,24,18;0,4,24,21,1;1,20,24,19,15,11,16,22,3,8,2;3,21,16,23,4;4,22,16,17,12,18,24;4,23,18,19,21,20
torus1111 25 1,6,10,5,4,23;0,23,24,20,21,2,7,6;1,21,22,3,7;2,22,23,4,9,8,12,7;0,5,9,3,23;0,10,16,15,9,4;0,1,7,11,10;1,2,3,12,11,6;3,9,14,13,17,12;3,4,5,15,14,8;0,6,11,16,5;6,7,12,16,10;3,8,17,16,11,7;8,14,19,18,17;8,9,15,19,13;5,16,17,22,21,20,19,14,9;5,10,11,12,17,15;8,13,18,22,15,16,12;13,19,24,22,17;13,14,15,20,24,18;1,24,19,15,21;1,20,15,22,2;2,21,15,17,18,24,23,3;0,4,3,22,24,1;1,23,22,18,19,20
torus1112 25 1,7,6,5,4,20;0,20,15,21,7;3,8,21,10,16,22;2,22,23,24,20,4,9,8;0,5,9,3,20;0,6,12,11,10,9,4;0,7,14,12,5;0,1,21,8,14,6;2,3,9,14,7,21;3,4,5,10,14,8;2,21,15,14,9,5,11,16;5,12,17,16,10;5,6,14,13,17,11;12,14,19,18,17;6,7,8,9,10,15,20,19,13,12;1,20,14,10,21;2,10,11,17,22;11,12,13,18,23,22,16;13,19,24,23,17;13,14,20,24,18;0,4,3,24,19,14,15,1;1,15,10,2,8,7;2,16,17,23,3;3,22,17,18,24;3,23,18,19,20
torus1113 25 1,6,4,24,20,21;0,21,2,8,7,6;1,21,22,3,8;2,22,17,23,9,14,13,8;0,6,5,9,23,24;4,6,7,12,11,10,9;0,1,7,5,4;1,8,13,12,5,6;1,2,3,13,7;3,23,4,5,10,14;5,11,18,17,16,15,14,9;5,12,19,18,10;5,7,13,19,11;3,14,15,19,12,7,8;3,9,10,15,13;10,16,19,13,14;10,17,22,21,20,19,15;3,22,16,10,18,23;10,11,19,24,23,17;11,12,13,15,16,20,24,18;0,24,19,16,21;0,20,16,22,2,1;2,21,16,17,3;3,17,18,24,4,9;0,4,23,18,19,20
torus1114 25 3,4,20,5,9,8;2,7,12,6,20,15,16,21;1,21,3,8,7;0,8,2,21,22,4;0,3,22,23,24,20;0,20,6,11,10,9;1,12,11,5,20;1,2,8,18,12;0,9,13,18,7,2,3;0,5,10,13,8;5,11,17,16,14,13,9;5,6,12,17,10;1,7,18,17,11,6;8,9,10,14,18;10,16,15,19,18,13;1,20,19,14,16;1,15,14,10,17,22,21;10,11,12,18,23,22,16;7,8,13,14,19,24,23,17,12;14,15,20,24,18;0,4,24,19,15,1,6,5;1,16,22,3,2;3,21,16,17,23,4;4,22,17,18,24;4,23,18,19,20
torus1115 25 1,6,5,24,18,19,14,20;0,20,21,13,7,6;3,14,8,21,22;2,22,17,23,4,9,14;3,23,24,5,15,9;0,6,12,11,10,15,4,24;0,1,7,12,5;1,13,17,12,6;2,14,19,13,21;3,4,15,20,14;5,11,16,21,15;5,12,17,16,10;5,6,7,17,11;1,21,8,19,18,23,17,7;0,19,8,2,3,9,20;4,5,10,21,20,9;10,11,17,22,21;3,22,16,11,12,7,13,23;0,24,23,13,19;0,18,13,8,14;0,14,9,15,21,1;1,20,15,10,16,22,2,8,13;2,21,16,17,3;3,17,13,18,24,4;0,5,4,23,18
torus1116 25 1,6,11,5,24;0,24,20,21,2,8,7,12,6;1,21,22,3,8;2,22,23,19,4,5,9,8;3,19,20,24,5;0,11,16,10,9,3,4,24;0,1,12,17,11;1,8,14,13,12;1,2,3,9,14,7;3,5,10,14,8;5,16,15,14,9;0,6,17,22,16,5;1,7,13,18,17,6;7,14,19,18,12;7,8,9,10,15,19,13;10,16,22,21,20,19,14;5,11,22,15,10;6,12,18,23,22,11;12,13,19,23,17;3,23,18,13,14,15,20,4;1,24,4,19,15,21;1,20,15,22,2;2,21,15,16,11,17,23,3;3,22,17,18,19;0,5,4,20,1
torus1117 25 1,6,4,23,18,24;0,24,20,21,6;3,8,7,12,11,6,21,22;2,22,17,23,4,8;0,6,5,9,8,3,23;4,6,11,10,9;0,1,21,2,11,5,4;2,8,9,13,12;2,3,4,9,7;4,5,10,15,14,13,7,8;5,11,16,21,15,9;2,12,17,16,10,5,6;2,7,13,18,17,11;7,9,14,18,12;9,15,19,18,13;9,10,21,20,19,14;10,11,17,22,21;3,22,16,11,12,18,23;0,23,17,12,13,14,19,24;14,15,20,24,18;1,24,19,15,21;1,20,15,10,16,22,2,6;2,21,16,17,3;0,4,3,17,18;0,18,19,20,1
torus1118 25 4,9,5,6,20,24;2,21,20,6,7,13,19,8;1,8,9,3,22,21;2,9,4,23,22;0,24,23,3,9;0,9,16,17,11,6;0,5,11,7,1,20;1,6,11,12,13;1,19,14,9,2;0,4,3,2,8,14,10,16,5;9,14,15,21,16;5,17,12,7,6;7,11,17,18,13;1,7,12,18,24,19;8,19,15,10,9;10,14,19,24,20,21;5,9,10,21,22,23,17;5,16,23,18,12,11;12,17,23,24,13;1,13,24,15,14,8;0,6,1,21,15,24;1,2,22,16,10,15,20;2,3,23,16,21;3,4,24,18,17,16,22;0,20,15,19,13,18,23,4
torus1119 25 1,9,4,24,20;0,20,19,21,2,5,10,9;1,21,22,3,8,7,6,5;2,22,23,24,4,8;0,9,8,3,24;1,2,6,11,10;2,7,12,11,5;2,8,9,12,6;2,3,4,9,7;0,1,10,14,13,18,12,7,8,4;1,5,11,15,14,9;5,6,12,15,10;6,7,9,18,17,15,11;9,14,24,23,18;9,10,15,17,20,24,13;10,11,12,17,14;17,23,22,21,19;12,18,23,16,19,20,14,15;9,13,23,17,12;1,20,17,16,21;0,24,14,17,19,1;1,19,16,22,2;2,21,16,23,3;3,22,16,17,18,13,24;0,4,3,23,13,14,20
torus1120 25 1,6,5,24,20;0,20,21,7,6;3,8,7,21,22;2,22,23,4,9,14,8;3,23,19,24,5,9;0,6,16,10,9,4,24;0,1,7,12,11,16,5;1,21,2,8,13,12,6;2,3,14,13,7;3,4,5,10,14;5,16,20,14,9;6,12,17,23,16;6,7,13,17,11;7,8,14,18,17,12;3,9,10,20,19,18,13,8;16,23,22,21,20;5,6,11,23,15,20,10;11,12,13,18,23;13,14,19,23,17;4,23,18,14,20,24;0,24,19,14,10,16,15,21,1;1,20,15,22,2,7;2,21,15,23,3;3,22,15,16,11,17,18,19,4;0,5,4,19,20
torus1121 25 1,5,4,23,24,20;0,20,21,6,5;3,8,7,12,6,21,22;2,22,4,9,8;0,5,9,3,22,17,23;0,1,6,11,10,9,4;1,21,2,12,11,5;2,8,14,13,12;2,3,9,14,7;3,4,5,10,16,15,14,8;5,11,17,16,9;5,6,12,18,17,10;2,7,13,18,11,6;7,14,15,19,18,12;7,8,9,15,13;9,16,19,13,14;9,10,17,22,21,20,24,19,15;4,22,16,10,11,18,23;11,12,13,19,24,23,17;13,15,16,24,18;0,24,16,21,1;1,20,16,22,2,6;2,21,16,17,4,3;0,4,17,18,24;0,23,18,19,16,20
torus1122 25 1,6,5,4,23,24,20,21;0,21,2,7,6;1,21,16,22,7;7,22,23,9,8;0,5,10,9,23;0,6,11,17,10,4;0,1,7,11,5;1,2,22,3,8,13,12,11,6;3,9,14,13,7;3,23,4,10,16,21,14,8;4,5,17,16,9;5,6,7,12,17;7,13,15,19,18,17,11;7,8,14,15,12;8,9,21,15,13;12,13,14,21,20,19;2,21,9,10,17,22;5,11,12,18,22,16,10;12,19,24,23,22,17;12,15,20,24,18;0,24,19,15,21;0,20,15,14,9,16,2,1;2,16,17,18,23,3,7;0,4,9,3,22,18,24;0,23,18,19,20
torus1123 25 1,6,5,4,24;0,24,20,7,6;3,8,7,20,21,22;2,22,16,23,4,9,8;0,5,9,3,23,24;0,6,12,17,11,10,9,4;0,1,7,12,5;1,20,2,8,14,13,12,6;2,3,9,14,7;3,4,5,10,14,8;5,11,15,13,14,9;5,17,16,15,10;5,6,7,13,18,17;7,14,10,15,19,18,12;7,8,9,10,13;10,11,16,22,21,19,13;3,22,15,11,17,23;5,12,18,24,23,16,11;12,13,19,20,24,17;13,15,21,20,18;1,24,18,19,21,2,7;2,20,19,15,22;2,21,15,16,3;3,16,17,24,4;0,4,23,17,18,20,1
torus1124 25 4,5,21,24,23;2,21,7,14,8;1,8,3,22,21;2,8,9,4,22;0,23,22,3,9,5;0,4,9,10,11,6,7,21;5,11,17,12,7;1,21,5,6,12,18,13,14;1,14,16,10,9,3,2;3,8,10,5,4;5,9,8,16,11;5,10,16,17,6;6,17,24,18,7;7,18,19,15,14;1,7,13,15,16,8;13,19,20,16,14;8,14,15,20,21,22,17,11,10;6,11,16,22,23,24,12;7,12,24,19,13;13,18,24,20,15;15,19,24,21,16;0,5,7,1,2,22,16,20,24;2,3,4,23,17,16,21;0,24,17,22,4;0,21,20,19,18,12,17,23
torus1125 25 1,6,11,5,4,3,24,15,20;0,20,21,2,7,6;1,21,22,3,7;0,4,8,13,7,2,22,23,24;0,5,9,8,3;0,11,10,9,4;0,1,7,12,11;1,2,3,13,18,12,6;3,4,9,14,13;4,5,10,14,8;5,11,16,20,15,19,14,9;0,6,12,17,16,10,5;6,7,18,24,17,11;3,8,14,18,7;8,9,10,19,18,13;0,24,19,10,20;10,11,17,23,22,21,20;11,12,24,23,16;7,13,14,19,24,12;10,15,24,18,14;0,15,10,16,21,1;1,20,16,22,2;2,21,16,23,3;3,22,16,17,24;0,3,23,17,12,18,19,15
torus1126 25 4,11,20,24,23;6,7,22,21,20,11;3,23,22,7,8;2,8,9,4,23;0,23,3,9,5,11;4,9,10,16,11;1,11,12,8,7;1,6,8,2,22;2,7,6,12,13,9,3;3,8,13,14,10,5,4;5,9,14,15,16;0,4,5,16,17,12,6,1,20;6,11,17,18,13,8;8,12,18,24,20,19,14,9;9,13,19,15,10;10,14,19,21,16;5,10,15,21,22,23,17,11;11,16,23,18,12;12,17,23,24,13;13,20,21,15,14;0,11,1,21,19,13,24;1,22,16,15,19,20;1,7,2,23,16,21;0,24,18,17,16,22,2,3,4;0,20,13,18,23
torus1127 25 1,6,5,24,20;0,20,19,21,2,6;1,21,23,3,8,7,6;2,23,4,9,8;3,23,17,5,6,11,10,9;0,6,4,17,24;0,1,2,7,12,11,4,5;2,8,13,12,6;2,3,9,14,13,7;3,4,10,14,8;4,11,16,15,14,9;4,6,12,16,10;6,7,13,19,18,17,16,11;7,8,14,19,12;8,9,10,15,19,13;10,16,22,21,19,14;10,11,12,17,22,15;4,23,22,16,12,18,24,5;12,19,20,24,17;1,20,18,12,13,14,15,21;0,24,18,19,1;1,19,15,22,23,2;15,16,17,23,21;2,21,22,17,4,3;0,5,17,18,20
torus1128 25 1,6,12,4,23,24,20,15;0,15,21,2,6;1,21,22,3,8,7,6;2,22,17,24,23,9,8;0,12,11,5,9,23;4,11,10,8,9;0,1,2,7,12;2,8,13,12,6;2,3,9,5,10,14,13,7;3,23,4,5,8;5,11,16,15,14,8;4,12,18,17,16,10,5;0,6,7,13,18,11,4;7,8,14,19,18,12;8,10,15,19,13;0,20,19,14,10,16,21,1;10,11,17,22,21,15;3,22,16,11,18,24;11,12,13,19,20,24,17;13,14,15,20,18;0,24,18,19,15;1,15,16,22,2;2,21,16,17,3;0,4,9,3,24;0,23,3,17,18,20
torus1129 25 1,2,21,24,4,9,5,6;0,6,7,8,2;0,1,8,3,21;2,8,9,4,23,17,22,21;0,24,23,3,9;0,9,10,11,6;0,5,11,7,1;1,6,11,13,8;1,7,13,14,15,9,3,2;0,4,3,8,15,10,5;5,9,15,20,21,16,11;5,10,16,12,13,7,6;11,16,22,17,18,19,14,13;7,11,12,14,8;8,13,12,19,15;8,14,19,20,10,9;10,21,22,12,11;3,23,18,12,22;12,17,23,24,19;12,18,24,20,15,14;10,15,19,24,21;0,2,3,22,16,10,20,24;3,17,12,16,21;3,4,24,18,17;0,21,20,19,18,23,4
torus1130 25 1,5,9,4,24;0,24,19,20,21,2,6,5;1,21,22,3,8,13,7,6;2,22,23,9,8;0,9,23,17,12,13,18,24;0,1,6,10,9;1,2,7,10,5;2,13,12,11,10,6;2,3,9,14,13;0,5,10,14,8,3,23,4;5,6,7,11,22,16,15,18,14,9;7,12,17,22,10;4,17,11,7,13;2,8,14,18,4,12,7;8,9,10,18,13;10,16,20,19,18;10,22,21,20,15;4,23,22,11,12;4,13,14,10,15,19,24;1,24,18,15,20;1,19,15,16,21;1,20,16,22,2;2,21,16,10,11,17,23,3;3,22,17,4,9;0,4,18,19,1
torus1131 25 4,5,16,17,6,20,24;2,21,20,6,12,7;1,7,8,22,16,21;4,24,23,8,9;0,24,3,9,10,5;0,4,10,11,16;0,17,12,1,20;1,12,13,8,2;2,7,13,14,9,3,23,22;3,8,14,10,4;4,9,14,11,5;5,10,14,19,15,16;1,6,17,18,19,13,7;7,12,19,14,8;8,13,19,11,10,9;11,19,20,21,16;0,5,11,15,21,2,22,17;0,16,22,23,18,12,6;12,17,23,20,19;11,14,13,12,18,20,15;0,6,1,21,15,19,18,23,24;1,2,16,15,20;2,8,23,17,16;3,24,20,18,17,22,8;0,20,23,3,4
torus1132 25 1,5,9,8,4,24,19,20;0,20,21,2,7,12,6,5;1,21,22,3,7;2,22,16,23,4,8,7;0,8,3,23,24;0,1,6,10,9;1,12,11,10,5;1,2,3,8,13,18,17,12;0,9,14,13,7,3,4;0,5,10,16,15,14,8;5,6,11,16,9;6,12,17,16,10;1,7,17,11,6;7,8,14,19,24,18;8,9,15,19,13;9,16,22,21,20,19,14;3,22,15,9,10,11,17,18,23;7,18,16,11,12;7,13,24,23,16,17;0,24,13,14,15,20;0,19,15,21,1;1,20,15,22,2;2,21,15,16,3;3,16,18,24,4;0,4,23,18,13,19
torus1133 25 1,7,6,24,20;0,20,21,2,8,7;1,21,11,12,22,8;4,9,13,8,23;3,23,6,5,9;4,6,11,10,14,9;0,7,13,12,11,5,4,23,24;0,1,8,13,6;1,2,22,23,3,13,7;3,4,5,14,19,12,13;5,11,16,15,14;2,21,16,10,5,6,12;2,11,6,13,9,19,18,17,22;3,9,12,6,7,8;5,10,15,19,9;10,16,20,19,14;10,11,21,20,15;12,18,24,23,22;12,19,20,24,17;9,14,15,20,18,12;0,24,18,19,15,16,21,1;1,20,16,11,2;2,12,17,23,8;3,8,22,17,24,6,4;0,6,23,17,18,20
torus1134 25 1,6,5,4,24,20;0,20,21,2,6;1,21,16,22,3,6;2,22,23,4,9,8,6;0,5,9,3,23,18,24;0,6,11,16,10,9,4;0,1,2,3,8,7,12,11,5;6,8,14,13,12;3,9,14,7,6;3,4,5,10,14,8;5,16,15,13,14,9;5,6,12,18,17,16;6,7,13,18,11;7,14,10,15,18,12;7,8,9,10,13;10,16,19,18,13;2,21,19,15,10,5,11,17,22;11,18,23,22,16;4,23,17,11,12,13,15,19,24;15,16,21,20,24,18;0,24,19,21,1;1,20,19,16,2;2,16,17,23,3;3,22,17,18,4;0,4,18,19,20
torus1135 25 4,9,5,6,24;2,22,21,20,6,7;1,7,3,17,22;2,7,14,23,17;0,24,23,14,9;0,9,10,11,6;0,5,11,12,7,1,20,24;1,6,12,8,14,3,2;7,12,18,13,15,14;0,4,14,10,5;5,9,14,15,16,11;5,10,16,17,12,6;6,11,17,18,8,7;8,18,24,19,15;3,7,8,15,10,9,4,23;8,13,19,21,22,16,10,14;10,15,22,17,11;2,3,23,18,12,11,16,22;8,12,17,23,24,13;13,24,20,21,15;1,21,19,24,6;1,22,15,19,20;1,2,17,16,15,21;3,14,4,24,18,17;0,6,20,19,13,18,23,4
torus1136 25 4,5,6,21,16,15,20,24;2,21,6,12,7;1,7,8,9,3,21;2,9,4,22,16,21;0,24,23,22,3,9,10,5;0,4,10,11,6;0,5,11,12,1,21;1,12,18,8,2;2,7,18,13,9;2,8,13,10,4,3;4,9,13,14,15,11,5;5,10,15,12,6;1,6,11,15,16,17,18,7;8,18,19,14,10,9;10,13,19,20,15;0,16,12,11,10,14,20;0,21,3,22,17,12,15;12,16,22,23,18;7,12,17,23,24,19,13,8;13,18,24,20,14;0,15,14,19,24;0,6,1,2,3,16;3,4,23,17,16;4,24,18,17,22;0,20,19,18,23,4
torus1137 25 5,10,6,20,19,13,24;2,20,6,7,8;1,8,3,22,16,21,20;2,8,4,24,23,22;3,8,9,5,24;0,24,4,9,10;0,10,7,1,20;1,6,10,12,13,8;1,7,13,19,14,9,4,3,2;4,8,14,10,5;0,5,9,14,15,21,16,11,12,7,6;10,16,17,18,12;7,10,11,18,13;0,19,8,7,12,18,24;8,19,15,10,9;10,14,19,20,21;2,22,17,11,10,21;11,16,22,23,18;11,17,23,24,13,12;0,20,15,14,8,13;0,6,1,2,21,15,19;2,16,10,15,20;2,3,23,17,16;3,24,18,17,22;0,13,18,23,3,4,5
torus1138 25 1,6,5,9,4,24,20;0,20,21,2,6;1,21,22,23,3,8,7,6;2,23,4,9,8;0,9,3,23,17,18,24;0,6,11,10,9;0,1,2,7,11,5;2,8,13,12,11,6;2,3,9,13,7;0,5,10,14,13,8,3,4;5,11,16,14,9;5,6,7,12,17,22,16,10;7,13,18,17,11;7,8,9,14,19,24,18,12;9,10,16,15,19,13;14,16,21,20,19;10,11,22,21,15,14;4,23,22,11,12,18;4,17,12,13,24;13,14,15,20,24;0,24,19,15,21,1;1,20,15,16,22,2;2,21,16,11,17,23;2,22,17,4,3;0,4,18,13,19,20
torus1139 25 4,9,5,20,24;2,21,6,8,14,3;1,3,23,18,22,15,20,21;1,14,9,4,23,2;0,24,23,3,9;0,9,6,21,20;1,21,5,9,11,17,12,7,8;6,12,19,13,8;1,6,7,13,14;0,4,3,14,10,11,6,5;9,14,15,16,11;6,9,10,16,17;6,17,18,19,7;7,19,15,14,8;1,8,13,15,10,9,3;2,22,16,10,14,13,19,20;10,15,22,17,11;6,11,16,22,18,12;2,23,24,19,12,17,22;7,12,18,24,20,15,13;0,5,21,2,15,19,24;1,2,20,5,6;2,18,17,16,15;2,3,4,24,18;0,20,19,18,23,4
torus1140 25 4,9,5,21,24;2,22,21,6,7;1,7,3,23,22;2,7,8,9,4,23;0,24,18,23,3,9;0,9,11,12,21;1,21,12,18,19,13,7;1,6,13,8,3,2;3,7,13,14,9;0,4,3,8,14,10,11,5;9,14,15,16,11;5,9,10,16,17,12;5,11,17,18,6,21;6,19,14,8,7;8,13,19,20,15,10,9;10,14,20,21,16;10,15,21,22,23,17,11;11,16,23,18,12;4,24,19,6,12,17,23;6,18,24,20,14,13;14,19,24,21,15;0,5,12,6,1,22,16,15,20,24;1,2,23,16,21;2,3,4,18,17,16,22;0,21,20,19,18,4
torus1141 25 1,6,5,4,24,20;0,20,2,3,6;1,20,21,22,3;1,2,22,23,24,4,9,8,7,6;0,5,9,3,24;0,6,10,9,4;0,1,3,7,12,11,16,10,5;3,8,13,12,6;3,9,14,13,7;3,4,5,10,15,14,8;5,6,16,21,20,18,15,9;6,12,19,17,16;6,7,13,19,11;7,8,14,19,12;8,9,15,19,13;9,10,18,19,14;6,11,17,23,22,21,10;11,19,18,20,24,23,16;10,20,17,19,15;11,12,13,14,15,18,17;0,24,17,18,10,21,2,1;2,20,10,16,22;2,21,16,23,3;3,22,16,17,24;0,4,3,23,17,20
torus1142 25 4,6,20,19,24;2,21,20,6,5,7,8;1,8,3,22,21;2,8,14,9,5,6,4,22;0,24,22,3,6;1,6,3,9,10,12,7;0,4,3,5,1,20;1,5,12,13,14,8;1,7,14,3,2;3,14,19,10,5;5,9,19,15,16,11,12;10,16,22,17,12;5,10,11,17,18,13,7;7,12,18,19,14;3,8,7,13,19,9;10,19,20,21,16;10,15,21,22,11;11,22,23,18,12;12,17,23,19,13;0,20,15,10,9,14,13,18,23,24;0,6,1,21,15,19;1,2,22,16,15,20;2,3,4,24,23,17,11,16,21;17,22,24,19,18;0,19,23,22,4
torus1143 25 4,5,6,20,24;2,22,21,20,6;1,6,7,8,3,22;2,8,9,23,22;0,24,23,9,5;0,4,9,10,6;0,5,10,11,17,12,7,2,1,20;2,6,12,13,8;2,7,13,9,3;3,8,13,14,16,10,5,4,23;5,9,16,11,6;6,10,16,21,17;6,17,18,13,7;7,12,18,24,19,14,9,8;9,13,19,15,16;14,19,20,21,16;9,14,15,21,11,10;6,11,21,23,18,12;12,17,23,24,13;13,24,20,15,14;0,6,1,21,15,19,24;1,22,23,17,11,16,15,20;1,2,3,23,21;3,9,4,24,18,17,21,22;0,20,19,13,18,23,4
torus1144 25 1,2,7,6,4,24,19,15,20;0,20,21,3,2;0,1,3,8,7;1,21,22,23,9,19,8,2;0,6,5,23,24;4,6,10,14,9,23;0,7,12,11,10,5,4;0,2,8,13,12,6;2,3,19,13,7;3,23,5,14,19;5,6,11,16,21,20,15,14;6,12,18,17,16,10;6,7,13,18,11;7,8,19,18,12;5,10,15,19,9;0,19,14,10,20;10,11,17,22,21;11,18,23,22,16;11,12,13,19,24,23,17;0,24,18,13,8,3,9,14,15;0,15,10,21,1;1,20,10,16,22,3;3,21,16,17,23;3,22,17,18,24,4,5,9;0,4,23,18,19
torus1145 25 1,6,5,4,20,21;0,21,3,2,7,6;1,3,8,18,7;1,21,22,23,24,4,5,9,8,2;0,5,3,24,20;0,6,10,9,3,4;0,1,7,12,17,11,10,5;1,2,18,12,6;2,3,9,14,13,18;3,5,10,15,14,8;5,6,11,16,15,9;6,17,22,16,10;6,7,18,24,23,17;8,14,21,19,18;8,9,15,21,13;9,10,16,21,14;10,11,22,21,15;6,12,23,22,11;2,8,13,19,24,12,7;13,21,20,24,18;0,4,24,19,21;0,20,19,13,14,15,16,22,3,1;3,21,16,11,17,23;3,22,17,12,24;3,23,12,18,19,20,4
torus1146 25 4,5,6,20,24;2,21,20,6,12,7;1,7,8,22,21;4,23,17,22,8,14,9;0,24,18,23,3,9,5;0,4,9,10,11,6;0,5,11,18,12,1,20;1,12,13,8,2;2,7,13,19,14,3,22;3,14,10,5,4;5,9,14,15,16,11;5,10,16,17,23,18,6;1,6,18,13,7;7,12,18,19,8;3,8,19,15,10,9;10,14,19,21,22,16;10,15,22,17,11;3,23,11,16,22;4,24,19,13,12,6,11,23;8,13,18,24,20,21,15,14;0,6,1,21,19,24;1,2,22,15,19,20;2,8,3,17,16,15,21;3,4,18,11,17;0,20,19,18,4
torus1147 25 1,6,5,4,24,20;0,20,21,2,6;1,21,22,8,7,6;4,9,8,22,23;0,5,9,3,23,24;0,6,10,14,9,4;0,1,2,7,12,11,10,5;2,8,13,12,6;2,22,3,9,14,19,13,7;3,4,5,14,8;5,6,11,16,15,14;6,12,17,16,10;6,7,13,24,18,17,11;7,8,19,24,12;5,10,15,20,19,8,9;10,16,21,20,14;10,11,17,21,15;11,12,18,22,21,16;12,24,23,22,17;8,14,20,24,13;0,24,19,14,15,21,1;1,20,15,16,17,22,2;2,21,17,18,23,3,8;3,22,18,24,4;0,4,23,18,12,13,19,20
torus1148 25 3,4,24,20,9;2,7,6,20,19,15,21;1,21,22,3,13,7;0,9,8,13,2,22,23,4;0,3,23,18,24;6,12,11,10,14,9,20;1,7,12,5,20;1,2,13,12,6;3,9,14,18,13;0,20,5,14,8,3;5,11,16,15,14;5,12,13,17,16,10;5,6,7,13,11;2,3,8,18,17,11,12,7;5,10,15,19,18,8,9;1,19,14,10,16,21;10,11,17,21,15;11,13,18,23,22,21,16;4,23,17,13,8,14,19,24;1,20,24,18,14,15;0,24,19,1,6,5,9;1,15,16,17,22,2;2,21,17,23,3;3,22,17,18,4;0,4,18,19,20
torus1149 25 1,4,5,16,11,6;0,6,7,2,21,20,24,4;1,7,8,22,21;4,24,23,17,22;0,1,24,3,22,8,13,9,5;0,4,9,10,16;0,11,12,7,1;1,6,12,8,2;2,7,12,13,4,22;4,13,14,10,5;5,9,14,15,16;0,16,17,23,18,13,12,6;6,11,13,8,7;4,8,12,11,18,19,14,9;9,13,19,15,10;10,14,19,24,20,16;0,5,10,15,20,21,22,17,11;3,23,11,16,22;11,23,24,19,13;13,18,24,15,14;1,21,16,15,24;1,2,22,16,20;2,8,4,3,17,16,21;3,24,18,11,17;1,20,15,19,18,23,3,4
torus1150 25 1,6,4,24,20;0,20,21,11,6;7,11,21,16,17,8;4,5,9,8,22;0,6,5,3,22,23,24;3,4,6,11,9;0,1,11,5,4;2,8,13,15,19,11;2,17,22,3,9,13,7;3,5,11,10,16,14,13,8;9,11,12,17,16;1,21,2,7,19,12,10,9,5,6;10,11,19,18,17;7,8,9,14,15;9,16,24,15,13;7,13,14,24,19;2,21,20,24,14,9,10,17;2,16,10,12,18,23,22,8;12,19,24,23,17;7,15,24,18,12,11;0,24,16,21,1;1,20,16,2,11;3,8,17,23,4;4,22,17,18,24;0,4,23,18,19,15,14,16,20
torus1151 25 4,9,21,20,24;2,23,21,13,7;1,7,8,3,23;2,8,9,4,23;0,24,23,3,9;6,21,9,19,10,11;5,11,12,18,21;1,13,14,8,2;2,7,14,9,3;0,4,3,8,14,19,5,21;5,19,15,16,11;5,10,16,12,6;6,11,16,17,18;1,21,18,19,14,7;7,13,19,9,8;10,19,20,21,16;10,15,21,22,17,12,11;12,16,22,19,18;6,12,17,19,13,21;5,9,14,13,18,17,22,23,24,20,15,10;0,21,15,19,24;0,9,5,6,18,13,1,23,22,16,15,20;16,21,23,19,17;1,2,3,4,24,19,22,21;0,20,19,23,4
torus1152 25 1,5,4,22,24,13,15,20;0,20,7,6,5;3,8,14,13,7;2,7,21,22,4,9,8;0,5,9,3,22;0,1,6,10,9,4;1,7,13,19,18,12,10,5;1,20,21,3,2,13,6;2,3,9,10,14;3,4,5,10,8;5,6,12,11,16,14,8,9;10,12,17,22,16;6,18,17,11,10;0,24,19,6,7,2,14,15;2,8,10,16,21,15,13;0,13,14,21,20;10,11,22,21,14;11,12,18,23,22;6,19,23,17,12;6,13,24,23,18;0,15,21,7,1;3,7,20,15,14,16,22;0,4,3,21,16,11,17,23,24;17,18,19,24,22;0,22,23,19,13
torus1153 25 5,11,6,20,24;2,20,6,17,12;1,12,7,8,3,9,22,21,19,20;2,8,14,5,9;5,24,18,23,13,16,22,9;0,24,4,9,3,14,19,15,10,11;0,11,17,1,20;2,12,16,13,8;2,7,13,14,3;2,3,5,4,22;5,15,16,17,11;0,5,10,17,6;1,17,16,7,2;4,23,14,8,7,16;3,8,13,23,19,5;5,19,21,16,10;4,13,7,12,17,10,15,21,22;1,6,11,10,16,12;4,24,20,19,23;2,21,15,5,14,23,18,20;0,6,1,2,19,18,24;2,22,16,15,19;2,9,4,16,21;4,18,19,14,13;0,20,18,4,5
torus1154 25 3,4,5,8,7,6,24,18,23;2,15,20,6,7;1,7,8,10,9,4,3,22,21,15;0,23,22,2,4;0,3,2,9,5;0,4,9,17,11,12,15,13,8;0,7,1,20,24;0,8,2,1,6;0,5,13,14,10,2,7;2,10,17,5,4;2,8,14,17,9;5,17,23,18,12;5,11,18,19,15;5,15,16,14,8;8,13,16,17,10;1,2,21,16,13,5,12,19,20;13,15,21,17,14;5,9,10,14,16,21,22,23,11;0,24,19,12,11,23;12,18,24,20,15;1,15,19,24,6;2,22,17,16,15;2,3,23,17,21;0,18,11,17,22,3;0,6,20,19,18
torus1155 25 6,16,21,20,24;2,3,22,16,6,7;1,7,12,8,3;1,2,8,9,4,5,22;3,9,11,7,6,5;3,4,6,24,19,23,22;0,24,5,4,7,1,16;1,6,4,11,10,17,18,12,2;2,12,13,9,3;3,8,13,11,4;7,11,13,14,22,23,17;4,9,13,10,7;2,7,18,13,8;8,12,18,19,14,10,11,9;10,13,19,15,22;14,19,20,21,22;0,6,1,22,21;7,10,23,19,18;7,17,19,13,12;5,24,20,15,14,13,18,17,23;0,21,15,19,24;0,16,22,15,20;1,3,5,23,10,14,15,21,16;5,19,17,10,22;0,20,19,5,6
torus1156 25 1,5,4,24,20;0,20,15,12,16,21,5;7,21,22,8,14,19,13;4,9,8,23,12;0,5,9,3,12,24;0,1,21,7,18,17,6,9,4;5,17,11,10,9;2,13,18,5,21;2,22,23,3,9,10,14;3,4,5,6,10,8;6,11,14,8,9;6,17,12,14,10;1,15,14,11,17,18,24,4,3,23,16;2,19,24,18,7;2,8,10,11,12,15,19;1,20,19,14,12;1,12,23,22,21;5,18,12,11,6;5,7,13,24,12,17;2,14,15,20,24,13;0,24,19,15,1;1,16,22,2,7,5;2,21,16,23,8;3,8,22,16,12;0,4,12,18,13,19,20
torus1157 25 1,6,5,4,24;0,24,18,16,8,6;8,16,15,17,22;4,10,9,8,22,23;0,5,10,3,23,24;0,6,11,10,4;0,1,8,7,13,12,11,5;6,8,20,19,13;1,16,2,22,3,9,20,7,6;3,10,14,20,8;3,4,5,11,17,15,14,9;5,6,12,17,10;6,13,24,17,11;6,7,19,24,12;9,10,15,21,20;2,16,21,14,10,17;1,18,21,15,2,8;2,15,10,11,12,24,23,22;1,24,19,20,21,16;7,20,18,24,13;7,8,9,14,21,18,19;14,15,16,18,20;2,17,23,3,8;3,22,17,24,4;0,4,23,17,12,13,19,18,1
torus1158 25 1,6,5,4,20;0,20,7,8,6;3,8,7,21,19,15,22;2,22,23,9,8;0,5,23,24,20;0,6,19,10,9,23,4;0,1,8,14,13,12,17,11,19,5;1,20,21,2,8;1,7,2,3,9,18,14,6;3,23,5,10,18,8;5,19,21,20,18,9;6,17,16,15,19;6,13,24,23,17;6,14,20,24,12;6,8,18,20,13;2,19,11,16,22;11,17,23,22,15;6,12,23,16,11;8,9,10,20,14;2,21,10,5,6,11,15;0,4,24,13,14,18,10,21,7,1;2,7,20,10,19;2,15,16,23,3;3,22,16,17,12,24,4,5,9;4,23,12,13,20
torus1159 25 1,6,4,8,24,20;0,20,2,7,6;1,20,3,8,7;2,20,22,23,8;0,6,5,10,9,8;4,6,7,16,10;0,1,7,5,4;1,2,8,13,12,11,16,5,6;0,4,9,13,7,2,3,23,15,24;4,10,14,13,8;4,5,16,19,14,9;7,12,23,17,16;7,13,14,19,18,23,11;7,8,9,14,12;9,10,19,12,13;8,23,18,16,24;5,7,11,17,21,24,15,18,19,10;11,23,22,21,16;12,19,16,15,23;10,16,18,12,14;0,24,21,22,3,2,1;16,17,22,20,24;3,20,21,17,23;3,22,17,11,12,18,15,8;0,8,15,16,21,20
torus1160 25 4,6,24,9,10;2,15,20,6,8;1,8,3,22,15;2,8,10,9,23,22;0,10,5,11,6;4,10,21,16,11;0,4,11,7,8,1,20,24;6,11,12,13,8;1,6,7,13,19,10,3,2;0,24,23,3,10;0,9,3,8,19,14,21,5,4;4,5,16,23,17,12,7,6;7,11,17,18,13;7,12,18,19,8;10,19,18,17,24,20,15,22,21;1,2,22,14,20;5,21,22,23,11;11,23,24,14,18,12;12,17,14,19,13;8,13,18,14,10;1,15,14,24,6;5,10,14,22,16;2,3,23,16,21,14,15;3,9,24,17,11,16,22;0,6,20,14,17,23,9
torus1161 25 1,5,9,13,8,4,20;0,20,14,15,2,7,6,18,12,11,5;1,15,21,22,8,7;4,8,22,23,24;0,8,3,24,20;0,1,11,10,9;1,7,13,19,18;1,2,8,13,6;0,13,7,2,22,3,4;0,5,10,15,14,13;5,11,17,16,15,9;1,12,17,10,5;1,18,23,17,11;0,9,14,19,6,7,8;1,20,24,23,19,13,9,15;1,14,9,10,16,21,2;10,17,23,21,15;10,11,12,23,16;1,6,19,23,12;6,13,14,23,18;0,4,24,14,1;2,15,16,23,22;2,21,23,3,8;3,22,21,16,17,12,18,19,14,24;3,23,14,20,4
torus1162 25 4,9,5,6,23;6,11,7,13,14,21,20,24,23;3,22,21,14,8;2,8,4,23,22;0,23,3,8,9;0,9,16,22,10,11,6;0,5,11,1,23;1,11,17,12,13;2,14,15,16,9,4,3;0,4,8,16,5;5,22,23,17,11;1,6,5,10,17,7;7,17,23,18,13;1,7,12,18,14;1,13,18,15,8,2,21;8,14,18,19,16;5,9,8,15,19,20,22;7,11,10,23,12;12,23,24,19,15,14,13;15,18,24,20,16;1,21,22,16,19,24;1,14,2,22,20;2,3,23,10,5,16,20,21;0,6,1,24,18,12,17,10,22,3,4;1,20,19,18,23
torus1163 25 4,5,6,19,23;2,21,22,20,24;1,24,19,6,21;6,7,13,8,21;0,23,8,9,5;0,4,9,11,6;0,5,11,7,3,21,2,19;3,6,11,12,13;3,13,14,9,4,23,21;4,8,14,11,5;11,15,20,22,16;5,9,14,15,10,16,17,12,7,6;7,11,17,18,13;3,7,12,18,19,15,14,8;8,13,15,11,9;10,11,14,13,19,24,20;10,22,23,17,11;11,16,23,18,12;12,17,23,19,13;0,6,2,24,15,13,18,23;1,22,10,15,24;1,2,6,3,8,23,22;1,21,23,16,10,20;0,19,18,17,16,22,21,8,4;1,20,15,19,2
torus1164 25 1,6,5,4,24;0,24,18,15,21,6;3,9,14,8,6,21,22;2,22,16,4,9;0,5,19,9,3,16,23,24;0,6,10,19,4;0,1,21,2,8,13,7,10,5;6,13,12,11,10;2,14,20,13,6;2,3,4,19,14;5,6,7,11,19;7,12,17,16,22,21,15,19,10;7,13,18,17,11;6,8,20,15,18,12,7;2,9,19,20,8;1,18,13,20,19,11,21;3,22,11,17,23,4;11,12,18,23,16;1,24,23,17,12,13,15;4,5,10,11,15,20,14,9;8,14,19,15,13;1,15,11,22,2,6;2,21,11,16,3;4,16,17,18,24;0,4,23,18,1
torus1165 25 1,6,5,4,24,19,20,21;0,21,2,22,8,13,6;1,21,16,10,22;4,5,9,14,19,8,7,23;0,5,3,23,24;0,6,9,3,4;0,1,13,12,11,9,5;3,8,22,18,23;1,22,7,3,19,13;3,5,6,11,14;2,16,15,14,11,17,22;6,12,17,10,14,9;6,13,18,17,11;1,8,19,18,12,6;3,9,11,10,15,19;10,16,20,19,14;2,21,20,15,10;10,11,12,18,22;7,22,17,12,13,19,24,23;0,24,18,13,8,3,14,15,20;0,19,15,16,21;0,20,16,2,1;1,2,10,17,18,7,8;3,7,18,24,4;0,4,23,18,19
torus1166 25 4,5,6,21,24;2,21,17,7,8;1,8,3,20,21;2,8,9,23,18,20;0,24,18,23,5;0,4,23,10,6;0,5,10,11,21;1,17,12,13,8;1,7,13,9,3,2;3,8,13,19,14,10,23;5,23,9,14,15,16,11,6;6,10,16,17,21;7,17,16,18,19,13;7,12,19,9,8;9,19,21,15,10;10,14,21,22,16;10,15,22,18,12,17,11;1,21,11,16,12,7;3,23,4,24,19,12,16,22,20;9,13,12,18,24,21,14;2,3,18,22,21;0,6,11,17,1,2,20,22,15,14,19,24;15,21,20,18,16;3,9,10,5,4,18;0,21,19,18,4
torus1167 25 1,5,10,9,4,24,19;0,19,20,8,2,5;1,8,7,6,5;4,9,8,20,21,22,23;0,9,3,23,24;0,1,2,6,11,17,10;2,7,12,11,5;2,8,18,12,6;1,20,3,9,10,13,18,7,2;0,10,8,3,4;0,5,17,16,15,14,13,8,9;5,6,12,19,17;6,7,18,19,11;8,10,14,19,18;10,15,20,19,13;10,16,21,20,14;10,17,22,21,15;5,11,19,24,23,22,16,10;7,8,13,19,12;0,24,17,11,12,18,13,14,20,1;1,19,14,15,21,3,8;3,20,15,16,22;3,21,16,17,23;3,22,17,24,4;0,4,23,17,19
torus1168 25 1,6,11,9,5,18,24,20;0,20,21,2,6;1,21,4,7,6;16,17,23,21,22;2,21,23,5,9,8,13,7;0,9,4,23,18;0,1,2,7,11;2,4,13,18,12,10,11,6;4,9,14,19,13;0,11,14,8,4,5;7,12,16,22,15,19,14,11;0,6,7,10,14,9;7,18,17,16,10;4,8,19,18,7;8,9,11,10,19;10,22,21,20,24,19;3,22,10,12,17;3,16,12,18,23;0,5,23,17,12,7,13,19,24;8,14,10,15,24,18,13;0,24,15,21,1;1,20,15,22,3,23,4,2;3,21,15,10,16;3,17,18,5,4,21;0,18,19,15,20
torus1169 25 4,5,20,19,24;2,21,20,5,12,8,14,3;1,3,23,22,21;1,14,4,23,2;0,24,7,13,23,3,14,9,6,10,5;0,4,10,12,1,20;4,9,16,11,10;4,24,8,12,13;1,12,7,24,19,15,14;4,14,15,16,6;4,6,11,12,5;6,16,18,12,10;1,5,10,11,18,13,7,8;4,7,12,18,17,22,23;1,8,15,9,4,3;8,19,16,9,14;6,9,15,19,17,18,11;13,18,16,19,22;11,16,17,13,12;0,20,21,22,17,16,15,8,24;0,5,1,21,19;1,2,22,19,20;2,23,13,17,19,21;2,3,4,13,22;0,19,8,7,4
torus1170 25 1,14,8,19,24,4,5,6,7,20;0,20,2,22,21,14;1,20,13,3,22;2,13,19,8,22;0,24,23,9,5;0,4,9,11,6;0,5,11,12,7;0,6,12,18,13,20;0,14,15,12,11,10,22,3,19;4,23,10,11,5;8,11,9,23,22;5,9,10,8,12,6;6,11,8,15,16,17,18,7;2,20,7,18,23,24,19,3;0,1,21,15,8;8,14,21,16,12;12,15,21,22,17;12,16,22,23,18;7,12,17,23,13;0,8,3,13,24;0,7,13,2,1;1,22,16,15,14;1,2,3,8,10,23,17,16,21;4,24,13,18,17,22,10,9;0,19,13,23,4
torus1171 25 3,4,11,20,23;2,3,22,21,6,12;1,12,18,7,8,14,3;0,23,22,1,2,14,9,4;0,3,9,5,11;4,9,10,17,11;1,21,13,19,15,11,17,12;2,18,19,13,8;2,7,13,16,14;3,14,16,10,5,4;5,9,16,23,17;0,4,5,17,6,15,20;1,6,17,18,2;6,21,16,8,7,19;2,8,16,9,3;6,19,24,20,11;8,13,21,22,23,10,9,14;5,10,23,18,12,6,11;2,12,17,23,24,19,7;6,13,7,18,24,15;0,11,15,24,23;1,22,16,13,6;1,3,23,16,21;0,20,24,18,17,10,16,22,3;15,19,18,23,20
torus1172 25 4,5,20,24,23;5,6,12,18,7;3,4,23,22,21;2,21,8,9,4;0,23,2,3,9,5;0,4,9,10,6,1,7,21,15,20;1,5,10,11,12;1,18,13,14,21,5;3,21,14,10,9;3,8,10,5,4;5,9,8,14,13,16,11,6;6,10,16,17,12;1,6,11,17,22,23,18;7,18,19,16,10,14;7,13,10,8,21;5,21,22,17,20;10,13,19,20,17,11;11,16,20,15,22,12;1,12,23,24,19,13,7;13,18,24,20,16;0,5,15,17,16,19,24;2,22,15,5,7,14,8,3;2,23,12,17,15,21;0,24,18,12,22,2,4;0,20,19,18,23
torus1173 25 1,11,6,18,20;0,20,15,21,2,3,7,17,11;1,21,16,22,3;1,2,22,23,4,5,9,13,7;3,23,18,6,5;3,4,6,11,9;0,11,5,4,18;1,3,13,12,17;9,11,17,10,15,14,13;3,5,11,8,13;8,17,16,21,15;0,1,17,8,9,5,6;7,13,14,19,17;3,9,8,14,12,7;8,15,19,12,13;1,20,19,14,8,10,21;2,21,10,17,22;1,7,12,19,24,22,16,10,8,11;0,6,4,23,24,20;12,14,15,20,24,17;0,18,24,19,15,1;1,15,10,16,2;2,16,17,24,23,3;3,22,24,18,4;17,19,20,18,23,22
torus1174 25 1,5,22,4,24,20,18,15;0,15,21,2,10,9,5;1,21,22,3,14,7,12,6,10;2,22,5,9,8,14;0,22,21,19,16,24;0,1,9,3,22;2,12,17,11,10;2,14,19,13,12;3,9,11,19,14;1,10,11,8,3,5;1,2,6,11,9;6,17,23,16,19,8,9,10;2,7,13,17,6;7,19,18,17,12;2,3,8,19,7;0,18,19,21,1;4,19,11,23,24;6,12,13,18,20,23,11;0,20,17,13,19,15;4,21,15,18,13,7,14,8,11,16;0,24,23,17,18;1,15,19,4,22,2;0,5,3,2,21,4;11,17,20,24,16;0,4,16,23,20
torus1175 25 1,7,6,5,20;0,20,18,21,14,16,15,2,7;1,15,3,9,8,7;2,15,22,5,9;5,11,10,14,8,9;0,6,11,4,9,3,22,24,20;0,7,12,11,5;0,1,2,8,12,6;2,9,4,14,13,12,7;2,3,5,4,8;4,11,12,16,14;4,5,6,12,10;6,7,8,13,17,16,10,11;8,14,21,17,12;1,21,13,8,4,10,16;1,16,22,3,2;1,14,10,12,17,19,22,15;12,13,21,19,16;1,20,24,23,21;16,17,21,23,22;0,5,24,18,1;1,18,23,19,17,13,14;3,15,16,19,23,24,5;18,24,22,19,21;5,22,23,18,20
torus1176 25 1,5,12,6,13;0,13,7,2,21,20,4,5;1,7,8,17,21;5,9,16,18,12;1,20,24,23,22,9,5;0,1,4,9,3,12;0,12,18,19,13;1,13,19,14,8,2;2,7,14,10,16,9,22,17;3,5,4,22,8,16;8,14,15,21,16;17,23,24,18,21;0,5,3,18,6;0,6,19,7,1;7,19,15,10,8;10,14,19,24,20,21;3,9,8,10,21,18;2,8,22,23,11,21;3,16,21,11,24,19,6,12;6,18,24,15,14,7,13;1,21,15,24,4;1,2,17,11,18,16,10,15,20;4,23,17,8,9;4,24,11,17,22;4,20,15,19,18,11,23
torus1177 25 1,5,9,4,20;0,20,21,10,16,22,2,8,6,11,5;1,22,3,24,14,8;2,22,23,18,24;0,9,16,14,24,20;0,1,11,17,9;1,8,7,12,11;6,8,13,18,12;1,2,14,13,7,6;0,5,17,16,4;1,21,15,19,14,16;1,6,12,17,5;6,7,18,17,11;7,8,14,19,18;2,24,4,16,10,19,13,8;10,21,24,18,19;1,10,14,4,9,17,23,22;5,11,12,18,23,16,9;3,23,17,12,7,13,19,15,24;10,15,18,13,14;0,4,24,21,1;1,20,24,15,10;1,16,23,3,2;3,22,16,17,18;2,3,18,15,21,20,4,14
torus1178 25 4,5,11,6,20;6,7,13,24,14,21,22,17,16,20;3,23,22,21,8;2,8,9,4,23;0,20,19,24,13,18,23,3,9,5;0,4,9,10,16,11;0,11,7,1,20;1,6,11,12,13;2,21,14,15,10,9,3;3,8,10,5,4;5,9,8,15,20,16;0,5,16,12,7,6;7,11,16,18,13;1,7,12,18,4,24;1,24,19,15,8,21;8,14,19,20,10;1,17,18,12,11,5,10,20;1,22,23,18,16;4,13,12,16,17,23;4,20,15,14,24;0,6,1,16,10,15,19,4;1,14,8,2,22;1,21,2,23,17;2,3,4,18,17,22;1,13,4,19,14
torus1179 25 1,2,24,23,6;0,6,12,3,2;0,1,3,22,21,24;1,12,7,9,4,22,2;3,9,14,5,23,22;4,14,10,6,23;0,23,5,10,12,1;3,12,11,17,8,9;7,17,13,15,14,9;3,7,8,14,4;5,14,15,16,11,12,6;7,12,10,16,17;1,6,10,11,7,3;8,17,23,19,15;4,9,8,15,10,5;8,13,19,20,16,10,14;10,15,20,22,23,17,11;7,11,16,23,13,8;19,23,24,21,20;13,23,18,20,15;15,19,18,21,22,16;2,22,20,18,24;2,3,4,23,16,20,21;0,24,18,19,13,17,16,22,4,5,6;0,2,21,18,23
torus1180 25 4,14,6,19,24;2,21,20,6,7;1,7,23,22,21;4,24,17,8,9;0,24,3,9,14;6,14,11,12,8,16;0,14,5,16,7,1,20,19;1,6,16,23,2;3,17,16,5,12,13,9;3,8,13,14,4;11,14,15,16,17,18;5,14,10,18,12;5,11,18,13,8;8,12,18,19,20,21,22,14,9;0,4,9,13,22,15,10,11,5,6;10,14,22,23,16;5,8,17,10,15,23,7,6;3,24,18,10,16,8;10,17,24,19,13,12,11;0,6,20,13,18,24;1,21,13,19,6;1,2,22,13,20;2,23,15,14,13,21;2,7,16,15,22;0,19,18,17,3,4
torus1181 25 1,6,11,10,9;0,9,5,21,17,6;5,16,6,8,21;4,9,22,17,21;3,21,12,23,9;1,9,24,15,16,2,21;0,1,17,22,8,2,16,7,11;6,16,14,13,11;2,6,22,9,10,13,21;0,10,8,22,3,4,23,24,5,1;0,11,13,8,9;0,6,7,13,10;4,21,13,18,23;7,14,19,18,12,21,8,10,11;7,16,15,19,13;5,24,20,19,14,16;2,5,15,14,7,6;1,21,3,22,6;12,13,19,20,23;13,14,15,20,18;15,24,23,18,19;1,5,2,8,13,12,4,3,17;3,9,8,6,17;4,12,18,20,24,9;5,9,23,20,15
torus1182 25 5,10,11,12,6,7,20;2,21,20,7,8;1,8,3,22,17,12,11,21;2,8,9,4,22;3,9,20,23,22;0,20,9,8,10;0,12,13,8,7;0,6,8,1,20;1,7,6,13,14,10,5,9,3,2;3,8,5,20,4;0,5,8,14,15,16,11;0,10,16,21,2,12;0,11,2,17,24,18,13,6;6,12,18,19,14,8;8,13,19,15,10;10,14,19,20,16;10,15,20,21,11;2,22,23,24,12;12,24,20,19,13;13,18,20,15,14;0,7,1,21,16,15,19,18,24,23,4,9,5;1,2,11,16,20;2,3,4,23,17;4,20,24,17,22;12,17,23,20,18
torus1183 25 1,6,5,4,24;0,24,20,21,6;3,9,8,7,22;2,22,23,4,5,10,9;0,5,3,23,24;0,6,10,3,4;0,1,21,7,8,14,18,23,12,11,10,5;2,8,6,21,15,16,17,22;2,9,14,6,7;2,3,10,11,16,13,14,8;3,5,6,11,9;6,12,16,9,10;6,23,17,16,11;9,16,19,24,18,14;6,8,9,13,18;7,21,20,19,16;7,15,19,13,9,11,12,17;7,16,12,23,22;6,14,13,24,23;13,16,15,20,24;1,24,19,15,21;1,20,15,7,6;2,7,17,23,3;3,22,17,12,6,18,24,4;0,4,23,18,13,19,20,1
torus1184 25 1,5,4,3,24,18,20;0,20,14,2,6,5;1,14,22,24,3,6;0,4,9,6,2,24;0,5,11,10,9,3;0,1,6,23,11,4;1,2,3,9,7,12,23,5;6,9,8,13,12;7,9,14,19,13;3,4,10,15,14,8,7,6;4,11,16,15,9;4,5,23,17,16,10;6,7,13,18,23;7,8,19,18,12;1,20,19,8,9,15,21,22,2;9,10,16,21,14;10,11,17,21,15;11,23,22,21,16;0,24,23,12,13,19,20;8,14,20,18,13;0,18,19,14,1;14,15,16,17,22;2,14,21,17,23,24;5,6,12,18,24,22,17,11;0,3,2,22,23,18
torus1185 25 1,6,11,20,19,15,21,22;0,22,2,8,7,6;1,22,23,3,8;2,23,4,5,8;3,23,24,9,5;3,4,9,14,8;0,1,7,12,11;1,8,13,12,6;1,2,3,5,14,13,7;4,24,20,11,17,16,10,14,5;9,16,21,15,23,13,14;0,6,12,18,17,9,20;6,7,13,18,11;7,8,14,10,23,22,18,12;5,9,10,13,8;0,19,23,10,21;9,17,22,21,10;9,11,18,22,16;11,12,13,22,17;0,20,24,23,15;0,11,9,24,19;0,15,10,16,22;0,21,16,17,18,13,23,2,1;2,22,13,10,15,19,24,4,3;4,23,19,20,9
torus1186 25 1,6,5,24,20;0,20,21,22,2,13,7,9,6;1,22,3,8,13;2,22,4,14,8;3,22,5,6,9,14;0,6,4,22,24;0,1,9,4,5;1,13,12,11,9;2,3,14,12,13;1,7,11,16,10,19,14,4,6;9,16,15,24,19;7,12,17,16,9;7,13,8,14,19,18,17,11;1,2,8,12,7;3,4,9,19,12,8;10,16,21,20,24;9,11,17,23,22,21,15,10;11,12,18,23,16;12,19,24,23,17;9,10,24,18,12,14;0,24,15,21,1;1,20,15,16,22;1,21,16,23,24,5,4,3,2;16,17,18,24,22;0,5,22,23,18,19,10,15,20
torus1187 25 1,7,5,4,20;0,20,2,23,3,7;1,20,21,22,23;1,23,8,14,7;0,5,9,10,24,15,20;0,7,6,9,4;5,7,12,18,11,9;0,1,3,14,13,12,6,5;3,23,18,24,10,14;4,5,6,11,10;4,9,11,14,8,24;6,18,17,16,15,14,10,9;6,7,13,19,18;7,14,15,19,12;3,8,10,11,15,13,7;4,24,19,13,14,11,16,21,20;11,17,22,21,15;11,18,23,22,16;6,12,19,24,8,23,17,11;12,13,15,24,18;0,4,15,21,2,1;2,20,15,16,22;2,21,16,17,23;1,2,22,17,18,8,3;4,10,8,18,19,15
torus1188 25 1,7,5,9,18,20;0,20,21,2,7;1,21,16,4,8,14,19,6,7;4,22,23,13,18;2,16,22,3,18,8;0,7,6,11,16,15,10,9;2,19,12,17,11,5,7;0,1,2,6,5;2,4,18,9,14;0,5,10,14,8,18;5,15,19,14,9;5,6,17,22,16;6,19,13,23,17;3,23,12,19,18;2,8,9,10,19;5,16,24,19,10;2,21,24,15,5,11,22,4;6,12,23,22,11;0,9,8,4,3,13,19,20;2,14,10,15,24,20,18,13,12,6;0,18,19,24,21,1;1,20,24,16,2;3,4,16,11,17,23;3,22,17,12,13;15,16,21,20,19
torus1189 25 4,7,18,14,12,23,24;2,21,22,15,20;1,20,7,13,17,8,21;5,24,23,22,21;0,24,5,6,7;3,21,9,10,11,6,4,24;4,5,11,13,7;0,4,6,13,2,20,19,18;2,17,14,9,21;5,21,8,14,10;5,9,14,18,19,15,11;5,10,15,16,17,13,6;0,14,17,16,22,23;2,7,6,11,17;0,18,10,9,8,17,12;1,22,16,11,10,19,20;11,15,22,12,17;2,13,11,16,12,14,8;0,7,19,10,14;7,20,15,10,18;1,15,19,7,2;1,2,8,9,5,3,22;1,21,3,23,12,16,15;0,12,22,3,24;0,23,3,5,4
torus1190 25 1,6,4,15,21;0,21,2,7,6;1,21,18,19,4,20,23,7;8,18,22,11,9;0,6,10,24,20,2,19,15;9,11,10,14,13;0,1,7,16,10,4;1,2,23,12,22,16,6;3,9,13,19,18;3,11,5,13,8;4,6,16,14,5,11,24;3,22,12,17,24,10,5,9;7,23,17,11,22;5,14,19,8,9;5,10,16,21,15,19,13;0,4,19,14,21;6,7,22,21,14,10;11,12,23,20,24;2,21,22,3,8,19;2,18,8,13,14,15,4;2,4,24,17,23;0,15,14,16,22,18,2,1;3,18,21,16,7,12,11;2,20,17,12,7;4,10,11,17,20
torus1191 25 1,6,5,21,20;0,20,7,23,12,6;3,23,7,15,10;2,10,24,22,23;11,19,18,20,21;0,6,17,24,21;0,1,12,17,5;1,20,15,2,23;9,16,14,13,12;8,12,23,21,16;2,15,14,24,3;4,21,23,22,19;1,23,9,8,13,18,19,17,6;8,14,20,18,12;8,16,24,10,15,20,13;2,7,20,14,10;8,9,21,24,14;5,6,12,19,24;4,19,12,13,20;4,11,22,24,17,12,18;0,21,4,18,13,14,15,7,1;0,5,24,16,9,23,11,4,20;3,24,19,11,23;1,7,2,3,22,11,21,9,12;3,10,14,16,21,5,17,19,22
torus1192 25 1,6,24,15,10,21,20;0,20,22,9,2,6;1,9,8,7,6;5,16,10,14,9;5,9,23,19,24,12;3,9,4,12,16;0,1,2,7,12,24;2,8,13,18,17,12,6;2,9,14,13,7;1,22,17,23,4,5,3,14,8,2;0,15,13,14,3,16,21;16,17,22,20,21;4,24,6,7,17,16,5;7,8,14,10,15,19,18;3,10,13,8,9;0,24,19,13,10;3,5,12,17,11,21,10;7,18,23,9,22,11,16,12;7,13,19,23,17;4,23,18,13,15,24;0,21,11,22,1;0,10,16,11,20;1,20,11,17,9;4,9,17,18,19;0,6,12,4,19,15
torus1193 25 4,9,5,11,20,24;2,21,15,24,20,6,13,8;1,8,7,3,21;2,7,10,16,21;0,24,23,8,9;0,9,19,14,11;1,20,11,16,10,22,23,17,12,13;2,8,22,10,3;1,13,18,19,9,4,23,22,7,2;0,4,8,19,5;3,7,22,6,16;0,5,14,16,6,20;6,17,15,18,13;1,6,12,18,8;5,19,15,16,11;1,21,16,14,19,18,12,17,24;3,10,6,11,14,15,21;6,23,24,15,12;8,13,12,15,19;5,9,8,18,15,14;0,11,6,1,24;1,2,3,16,15;6,10,7,8,23;4,24,17,6,22,8;0,20,1,15,17,23,4
torus1194 25 4,5,10,16,24,20,18,13,12;6,7,8,24,16;3,22,17,20,8;2,8,9,5,22;0,12,6,23,5;0,4,23,11,15,22,3,9,10;1,16,23,4,12,7;1,6,12,13,8;1,7,13,21,19,14,9,3,2,20,24;3,8,14,10,5;0,5,9,14,16;5,23,16,19,15;0,13,7,6,4;0,18,21,8,7,12;8,19,16,10,9;5,11,19,17,22;0,10,14,19,11,23,6,1,24;2,22,15,19,21,18,20;0,20,17,21,13;8,21,17,15,11,16,14;0,24,8,2,17,18;8,13,18,17,19;2,3,5,15,17;4,6,16,11,5;0,16,1,8,20
torus1195 25 2,4,24,6,5,3,9,8,17,7;2,7,11,19,20;0,7,1,20,21,22,4;0,5,10,14,9;0,2,22,23,24;0,6,11,10,3;0,24,18,19,11,5;0,17,11,1,2;0,9,13,18,17;0,3,14,13,8;3,5,11,12,15,14;1,7,17,12,10,5,6,19;10,11,17,21,16,15;8,9,14,15,18;3,10,15,13,9;10,12,16,19,18,13,14;12,21,20,19,15;0,8,18,23,22,21,12,11,7;6,24,23,17,8,13,15,19;1,11,6,18,15,16,20;1,19,16,21,2;2,20,16,12,17,22;2,21,17,23,4;4,22,17,18,24;0,4,23,18,6
torus1196 25 11,16,23,24,17;7,15,20,23,12;3,22,21,18,14,8;2,8,4,13,22;3,8,9,12,13;6,12,9,14,10;5,10,16,11,12;1,12,21,10,15;2,14,9,4,3;4,8,14,5,12;5,14,19,15,7,21,16,6;0,17,12,6,16;1,23,13,4,9,5,6,11,17,18,21,7;3,4,12,23,16,22;2,18,19,10,5,9,8;1,7,10,19,20;0,11,6,10,21,22,13,23;0,24,18,12,11;2,21,12,17,24,20,19,14;10,14,18,20,15;1,15,19,18,24,23;2,22,16,10,7,12,18;2,3,13,16,21;0,16,13,12,1,20,24;0,23,20,18,17
torus1197 25 4,7,23,5,20,24;2,21,15,14,9,4,18,12;1,12,7,13,8,21;4,9,10,5,13;0,24,18,1,9,3,13,7;0,23,22,13,3,10,11,6,20;5,11,17,19,20;0,4,13,2,12,19,17,23;2,13,22,17,21;1,14,10,3,4;3,9,14,16,11,5;5,10,16,17,6;1,18,19,7,2;2,7,4,3,5,22,8;1,15,16,10,9;1,21,17,16,14;10,14,15,17,11;6,11,16,15,21,8,22,23,7,19;1,4,24,19,12;6,17,7,12,18,24,20;0,5,6,19,24;1,2,8,17,15;5,23,17,8,13;0,7,17,22,5;0,20,19,18,4
torus1198 25 4,9,5,20,24;5,6,7,21,16,10,14,15,20;7,17,24,22,21;8,17,13,14,10;0,24,17,8,9;0,9,6,1,20;1,5,9,12,17,7;1,6,17,2,21;3,10,16,9,4,17;0,4,8,16,12,6,5;1,16,8,3,14;12,23,24,19,18;6,9,16,23,11,18,13,17;3,17,12,18,14;1,10,3,13,18,19,15;1,14,19,24,20;1,21,22,23,12,9,8,10;2,7,6,12,13,3,8,4,24;11,19,14,13,12;11,24,15,14,18;0,5,1,15,24;1,7,2,22,16;2,24,23,16,21;11,12,16,22,24;0,20,15,19,11,23,22,2,17,4
torus1199 25 5,6,10,8,7;9,22,13,23,12,11,20,21;3,5,7,13,22;2,22,17,24,5;9,15,16,17,22;0,7,2,3,24,20,6;0,5,20,11,10;0,8,13,2,5;0,10,14,13,7;1,21,15,4,22;0,6,11,14,8;1,12,16,15,19,14,10,6,20;1,23,17,16,11;1,22,2,7,8,14,19,18,23;8,10,11,19,13;4,9,21,24,18,19,11,16;4,15,11,12,17;3,22,4,16,12,23,18,24;13,19,15,24,17,23;11,15,18,13,14;1,11,6,5,24,21;1,20,24,15,9;1,9,4,17,3,2,13;1,13,18,17,12;3,17,18,15,21,20,5
torus1200 25 1,3,9,14,10,5,22,24,12,17;0,17,13,7,3;3,7,12,18,8;0,1,7,2,8,9;5,11,6,13,20,23,22;0,10,16,11,4,22;4,11,12,7,13;1,13,6,12,2,3;2,18,13,9,3;0,3,8,13,14;0,14,21,16,5;4,5,16,12,6;0,24,15,19,18,2,7,6,11,16,17;1,17,21,14,9,8,18,19,20,4,6,7;0,9,13,21,10;12,24,23,20,19;5,10,21,17,12,11;0,12,16,21,13,1;2,12,19,13,8;12,15,20,13,18;4,13,19,15,23;10,14,13,17,16;0,5,4,23,24;4,20,15,24,22;0,22,23,15,12
torus1201 25 1,6,11,4,3,24,20,16,21;0,21,2,8,15,23,10,7,6;1,21,22,3,8;0,4,19,8,2,22,9,24;0,11,14,19,3;7,13,20,24,9,17,18;0,1,7,18,12,11;1,10,13,5,18,6;1,2,3,19,15;3,22,17,5,24;1,23,11,12,17,16,13,7;0,6,12,10,23,14,4;6,18,17,10,11;5,7,10,16,20;4,11,23,15,19;1,8,19,14,23;0,20,13,10,17,22,21;5,9,22,16,10,12,18;5,17,12,6,7;3,4,14,15,8;0,24,5,13,16;0,16,22,2,1;2,21,16,17,9,3;1,15,14,11,10;0,3,9,5,20
torus1202 25 1,10,9,20,21;0,21,8,5,17,11,10;3,8,21,16,22;2,22,4,13,8;3,22,17,6,13;1,8,7,9,17;4,17,9,15,13;5,8,12,23,9;1,21,2,3,13,15,14,12,7,5;0,10,15,6,17,5,7,23,24,20;0,1,11,15,9;1,17,16,19,15,10;7,8,14,18,23;3,4,6,15,8;8,15,19,18,12;6,9,10,11,19,14,8,13;2,21,20,24,18,19,11,17,22;1,5,9,6,4,22,16,11;12,14,19,16,24,23;11,16,18,14,15;0,9,24,16,21;0,20,16,2,8,1;2,16,17,4,3;7,12,18,24,9;9,23,18,16,20
torus1203 25 1,7,6,9,4,24;0,24,11,20,7;3,13,8,20,23,21;2,21,22,17,4,9,13;0,9,3,17,24;6,7,20,12,17,22,15,10,14,13;0,7,5,13,9;0,1,20,5,6;2,13,14,19,18,16,12,20;0,6,13,3,4;5,15,23,19,14;1,24,17,16,18,23,20;5,20,8,16,17;2,3,9,6,5,14,8;5,10,19,8,13;5,22,21,23,10;8,18,11,17,12;3,22,5,12,16,11,24,4;8,19,23,11,16;8,14,10,23,18;1,11,23,2,8,12,5,7;2,23,15,22,3;3,21,15,5,17;2,20,11,18,19,10,15,21;0,4,17,11,1
torus1204 25 6,13,16,10,20,23,24;9,22,16,13,14;8,15,17,21,9;4,24,23,8,9;3,9,14,10,7,6,24;6,7,16,11,12;0,24,4,7,5,12,19,15,13;4,10,16,5,6;2,9,3,23,15;1,14,4,3,8,2,21,22;0,16,7,4,14,20;5,16,22,18,12;5,11,18,19,6;0,6,15,14,1,16;1,13,15,20,10,4,9;2,8,23,20,14,13,6,19,17;0,13,1,22,11,5,7,10;2,15,19,18,21;11,22,21,17,19,12;6,12,18,17,15;0,10,14,15,23;2,17,18,22,9;1,9,21,18,11,16;0,20,15,8,3,24;0,23,3,4,6
torus1205 25 1,6,5,4,20;0,20,15,21,6;6,21,8,20,7,10;5,10,23,24,20,8,22,16;0,5,16,9,20;0,6,10,3,16,4;0,1,21,2,10,5;2,20,9,14,13,11,17,23,10;2,21,22,3,20;4,16,14,7,20;2,7,23,3,5,6;7,13,18,12,17;11,18,20,24,17;7,14,19,21,15,18,11;7,9,16,19,13;1,20,18,13,21;3,22,19,14,9,4,5;7,11,12,24,23;11,13,15,20,12;13,14,16,22,21;0,4,9,7,2,8,3,24,12,18,15,1;1,15,13,19,22,8,2,6;3,8,21,19,16;3,10,7,17,24;3,23,17,12,20
torus1206 25 1,7,6,20,21;0,21,16,10,7;3,9,8,17,15,24,14;2,14,22,4,9;3,22,10,16,15,12,9;11,22,14,24,19;0,7,13,12,18,11,19,23,20;0,1,10,22,17,13,6;2,9,12,13,17;2,3,4,12,8;1,16,4,22,7;5,19,6,18,22;4,15,18,6,13,8,9;6,7,17,8,12;2,24,5,22,3;2,17,18,12,4,16,21,20,23,24;1,21,15,4,10;2,8,13,7,22,18,15;6,12,15,17,22,11;5,24,23,6,11;0,6,23,15,21;0,20,15,16,1;3,14,5,11,18,17,7,10,4;6,19,24,15,20;2,15,23,19,5,14
torus1207 25 4,9,8,20,24;6,12,23,21,15;7,8,9,10,21,23;4,23,18,22,9;0,24,23,3,9;8,13,10,17,11;1,15,19,11,12;2,23,14,13,8;0,9,2,7,13,5,11,20;0,4,3,22,10,2,8;2,9,22,17,5,13,16,15,21;5,17,18,12,6,19,20,8;1,6,11,18,23;5,8,7,14,16,10;7,23,19,16,13;1,21,10,16,19,6;10,13,14,19,15;5,10,22,18,11;3,23,12,11,17,22;6,15,16,14,23,24,20,11;0,8,11,19,24;1,23,2,10,15;3,18,17,10,9;1,12,18,3,4,24,19,14,7,2,21;0,20,19,23,4
torus1208 25 1,8,6,24,23,20;0,20,14,2,8;1,14,21,9,8;10,22,19,16,12;5,11,12,23,24;4,24,6,13,11;0,8,13,5,24;8,18,12,11,13;0,1,2,9,15,16,19,18,7,13,6;2,21,22,10,15,8;3,12,17,14,15,9,22;4,5,13,7,12;3,16,23,4,11,7,18,17,10;5,6,8,7,11;1,20,16,15,10,17,21,2;8,9,10,14,16;3,19,8,15,14,20,23,12;10,12,18,21,14;7,8,19,22,21,17,12;3,22,18,8,16;0,23,16,14,1;2,14,17,18,22,9;3,10,9,21,18,19;0,24,4,12,16,20;0,6,5,4,23
torus1209 25 1,6,5,4,24;0,24,2,21,17,6;1,24,3,7,12,22,21;2,24,18,20,5,10,16,9,7;0,5,22,23,24;0,6,11,10,3,20,22,4;0,1,17,11,5;2,3,9,8,12;7,9,14,13,12;3,16,14,8,7;3,5,11,15,16;5,6,17,15,10;2,7,8,13,18,23,22;8,14,19,18,12;8,9,16,19,13;10,11,17,21,22,20,18,19,16;3,10,15,19,14,9;1,21,15,11,6;3,24,23,12,13,19,15,20;13,14,16,15,18;3,18,15,22,5;1,2,22,15,17;2,12,23,4,5,20,15,21;4,22,12,18,24;0,4,23,18,3,2,1
torus1210 25 4,13,19,21,15,20;2,7,6,15,21;1,21,9,8,7;5,14,9,21,23;0,20,23,22,7,24,13;3,23,20,12,14;1,7,18,12,20,15;1,2,8,24,4,22,18,6;2,9,14,24,7;2,21,3,14,8;11,16,21,19,14;10,14,12,17,16;5,20,6,18,17,11,14;0,4,24,14,19;3,5,12,11,10,19,13,24,8,9;0,21,1,6,20;10,11,17,23,21;11,12,18,22,23,16;6,7,22,17,12;0,13,14,10,21;0,15,6,12,5,23,4;0,19,10,16,23,3,9,2,1,15;4,23,17,18,7;3,21,16,17,22,4,20,5;4,7,8,14,13
torus1211 25 4,8,9,24,23;2,14,5,20,24,9;1,9,8,3,22,14;2,8,4,17,22;0,23,18,17,3,8;1,14,11,12,13,6,21,15,20;5,13,18,23,7,21;6,23,19,11,22,21;0,4,3,2,9;0,8,2,1,24;11,19,16,17,12;5,14,22,7,19,10,12;5,11,10,17,13;5,12,17,18,6;1,2,22,11,5;5,21,16,19,20;10,19,15,21,17;3,4,18,13,12,10,16,21,22;4,23,6,13,17;7,23,20,15,16,10,11;1,5,15,19,23,24;5,6,7,22,17,16,15;2,3,17,21,7,11,14;0,24,20,19,7,6,18,4;0,9,1,20,23
torus1212 25 3,8,4,22,23,18,5,11,10,15;5,18,20,7,6;4,8,9,7,24;0,15,19,9,8;0,8,2,24,22;0,18,1,6,11;1,7,12,11,5;1,20,16,21,24,2,9,12,6;0,3,9,2,4;2,8,3,19,14,13,12,7;0,11,12,17,16,15;0,5,6,12,10;6,7,9,13,17,10,11;9,14,23,17,12;9,19,18,23,13;0,10,16,20,19,3;7,20,15,10,17,23,21;10,12,13,23,16;0,23,14,19,20,1,5;3,15,20,18,14,9;1,18,19,15,16,7;7,16,23,22,24;0,4,24,21,23;0,22,21,16,17,13,14,18;2,7,21,22,4
torus1213 25 1,6,5,24,20,19;0,19,15,10,6;7,21,22,8,23;4,9,14,12,23;3,23,18,24,11,9;0,6,16,22,21,13,15,11,24;0,1,10,7,23,12,17,16,5;2,23,6,10,13,21;2,22,20,18,23;3,4,11,15,14;1,15,13,7,6;4,24,5,15,9;3,14,19,17,6,23;5,21,7,10,15;3,9,15,19,12;1,19,14,9,11,5,13,10;5,6,17,20,22;6,12,19,20,16;4,23,8,20,24;0,20,17,12,14,15,1;0,24,18,8,22,16,17,19;2,7,13,5,22;2,21,5,16,20,8;2,8,18,4,3,12,6,7;0,5,11,4,18,20
torus1214 25 1,6,14,13,21;0,21,2,12,6;1,21,20,8,19,5,24,7,23,12;4,9,20,17,22;3,22,18,24,5,9;2,19,11,17,10,9,4,24;0,1,12,11,19,14;2,24,18,16,23;2,20,9,14,19;3,4,5,10,14,8,20;5,17,15,14,9;5,19,6,12,17;1,2,23,17,11,6;0,14,15,20,21;0,6,19,8,9,10,15,13;10,17,20,13,14;7,18,22,17,23;3,20,15,10,5,11,12,23,16,22;4,22,16,7,24;2,8,14,6,11,5;2,21,13,15,17,3,9,8;0,13,20,2,1;3,17,16,18,4;2,7,16,17,12;2,5,4,18,7
torus1215 25 1,6,24,14,20;0,20,21,23,19,18,7,6;3,8,22,10,11;2,11,17,16,4,13,8;3,16,24,5,9,13;4,24,12,11,9;0,1,7,12,24;1,18,11,12,6;2,3,13,14,23,22;4,5,11,14,13;2,22,15,14,11;2,10,14,9,5,12,7,18,17,3;5,24,6,7,11;3,4,9,14,8;0,24,23,8,13,9,11,10,15,20;10,22,21,20,14;3,17,19,24,4;3,11,18,19,16;1,19,17,11,7;1,23,24,16,17,18;0,14,15,21,1;1,20,15,22,23;2,8,23,21,15,10;1,21,22,8,14,24,19;0,6,12,5,4,16,19,23,14
torus1216 25 1,6,11,4,24;0,24,20,8,6;3,15,19,13,5,11,16,21;2,21,22,23,9,10,15;0,11,9,23,24;2,13,8,20,14,10,11;0,1,8,7,12,11;6,8,13,19,12;1,20,5,13,7,6;3,23,4,11,10;3,9,11,5,14,15;0,6,12,18,16,2,5,10,9,4;6,7,19,18,11;2,19,7,8,5;5,20,24,17,18,19,15,10;2,3,10,14,19;2,11,18,17,21;14,24,22,21,16,18;11,12,19,14,17,16;2,15,14,18,12,7,13;1,24,14,5,8;2,16,17,22,3;3,21,17,24,23;3,22,24,4,9;0,4,23,22,17,14,20,1
torus1217 25 2,7,24,19,14;3,16,15,9,20,19,24,5,13,21;0,14,8,21,7;1,21,4,17,23,22,16;3,21,8,24,17;1,24,8,6,13;5,8,9,15,10,11,12,13;0,2,21,18,24;2,14,20,9,6,5,24,4,21;1,15,6,8,20;6,15,16,22,11;6,10,22,23,12;6,11,23,17,18,21,13;1,5,6,12,21;0,19,20,8,2;1,16,10,6,9;1,3,22,10,15;3,4,24,18,12,23;7,21,12,17,24;0,24,1,20,14;1,9,8,14,19;1,13,12,18,7,2,8,4,3;3,23,11,10,16;3,17,12,11,22;0,7,18,17,4,8,5,1,19
torus1218 25 3,9,20,24,13;2,12,18,21,15;1,15,3,23,12;0,13,4,23,2,15,8,7,14,9;3,13,11,19,23;6,20,9,14,11;5,11,22,17,20;3,8,19,11,14;3,15,20,19,7;0,3,14,5,20;11,24,20,15,16;4,13,24,10,16,22,6,5,14,7,19;1,2,23,19,20,18;0,24,11,4,3;3,7,11,5,9;1,21,16,10,20,8,3,2;10,15,21,22,11;6,22,21,18,20;1,12,20,17,21;4,11,7,8,20,12,23;0,9,5,6,17,18,12,19,8,15,10,24;1,18,17,22,16,15;6,11,16,21,17;2,3,4,19,12;0,20,10,11,13
torus1219 25 1,13,12,22,15;0,15,21,16,13;4,13,16,6,7;8,20,22,9,10;2,7,23,24,19,20,8,13;6,11,9,22,23,7;2,16,11,5,7;2,6,5,23,4;3,10,18,13,4,20;3,22,5,11,14,10;3,9,14,18,8;5,6,16,14,9;0,13,17,23,22;0,1,16,2,4,8,18,17,12;9,11,16,21,18,10;0,22,20,19,18,21,1;1,21,14,11,6,2,13;12,13,18,24,23;8,10,14,21,15,19,24,17,13;4,24,18,15,20;3,8,4,19,15,22;1,15,18,14,16;0,12,23,5,9,3,20,15;4,7,5,22,12,17,24;4,23,17,18,19
torus1220 25 4,5,21,12,9;2,6,4,24,12,21,14,19;1,19,13,7,6;4,8,16,22,23;0,9,8,3,23,18,24,1,6,5;0,4,6,7,10,21;1,2,7,5,4;2,13,10,5,6;3,4,9,20,15,16;0,12,20,8,4;5,7,13,15,24,18,11,17,21;10,18,23,22,17;0,21,1,24,20,9;2,19,15,10,7;1,21,17,22,16,15,19;8,20,24,10,13,19,14,16;3,8,15,14,22;10,11,22,14,21;4,23,11,10,24;1,14,15,13,2;8,9,12,24,15;0,5,10,17,14,1,12;3,16,14,17,11,23;3,22,11,18,4;1,4,18,10,15,20,12
torus1221 25 1,8,12,11,15,9,24;0,24,20,21,16,8;3,9,13,7,16;2,16,22,4,9;3,22,20,24,9;10,16,21,15,11;15,21,20,22,19;2,13,12,8,16;0,1,16,7,12;0,15,14,13,2,3,4,24;5,11,18,22,16;0,12,18,10,5,15;0,8,7,13,14,17,23,18,11;2,9,14,12,7;9,15,17,12,13;0,11,5,21,6,19,17,14,9;1,21,5,10,22,3,2,7,8;12,14,15,19,23;10,11,12,23,22;6,22,23,17,15;1,24,4,22,6,21;1,20,6,15,5,16;3,16,10,18,23,19,6,20,4;12,17,19,22,18;0,9,4,20,1
torus1222 25 3,4,10,24,18;7,21,20,24,12;8,9,16,20,21;0,18,5,11,16,4;0,3,16,9,23,10;3,18,17,6,11;5,17,12,24,10,11;1,12,17,18,19,13,14,10,23,8,21;2,21,7,23,9;2,8,23,4,16;0,4,23,7,14,11,6,24;3,5,6,10,14,15,16;1,24,6,17,7;7,19,22,15,14;7,13,15,11,10;11,14,13,22,16;2,9,4,3,11,15,22,24,20;5,18,7,12,6;0,24,19,7,17,5,3;7,18,24,22,13;1,21,2,16,24;1,7,8,2,20;13,19,24,16,15;4,9,8,7,10;0,10,6,12,1,20,16,22,19,18
torus1223 25 4,5,11,20,19;2,22,17,15,21,6;1,6,7,3,4,22;2,7,8,14,9,4;0,19,24,23,22,2,3,9,5;0,4,9,10,11;1,21,20,7,2;2,6,20,11,12,8,3;3,7,12,13,14;3,14,10,5,4;5,9,14,16,11;0,5,10,16,17,22,23,18,12,7,20;7,11,18,13,8;8,12,18,24,19,20,14;3,8,13,20,21,15,16,10,9;1,17,16,14,21;10,14,15,17,11;1,22,11,16,15;11,23,24,13,12;0,20,13,24,4;0,11,7,6,21,14,13,19;1,15,14,20,6;1,2,4,23,11,17;4,24,18,11,22;4,19,13,18,23
torus1224 25 1,2,15,7,6,11,4,23,20,21;0,21,19,10,22,2;0,1,22,3,8,15;2,22,17,14,8;0,11,5,9,14,23;4,11,17,16,9;0,7,12,17,11;0,15,13,12,6;2,3,14,9,15;4,5,16,10,19,15,8,14;1,19,9,16,22;0,6,17,5,4;6,7,13,18,17;7,15,19,18,12;3,17,23,4,9,8;0,2,8,9,19,13,7;5,17,22,10,9;3,22,16,5,11,6,12,18,24,20,23,14;12,13,19,24,17;1,21,24,18,13,15,9,10;0,23,17,24,21;0,20,24,19,1;1,10,16,17,3,2;0,4,14,17,20;17,18,19,21,20
torus1225 25 1,22,6,7,9,23;0,23,8,15,17,22;3,14,8,7,6;2,6,21,4,9,5,14;3,21,17,16,11,18,9;3,9,10,19,24,14;0,22,21,3,2,7;0,6,2,8,10,9;1,23,13,12,10,7,2,14,24,15;0,7,10,5,3,4,18,23;5,9,7,8,12,16,19;4,16,12,13,18;8,13,11,16,10;8,23,18,11,12;2,3,5,24,8;1,8,24,20,17;4,17,20,19,10,12,11;1,15,20,16,4,21,22;4,11,13,23,9;5,10,16,20,24;15,24,19,16,17;3,6,22,17,4;0,1,17,21,6;0,9,18,13,8,1;5,19,20,15,8,14
torus1226 25 8,9,18,11,19;6,7,20,21,19;3,22,20,7,8;2,8,4,23,22;3,8,19,13,24,23;10,16,17,11,18;1,19,11,23,7;1,6,23,9,8,2,20;0,19,4,3,2,7,9;0,8,7,23,12,18;5,18,14,15,16;0,18,5,17,23,6,19;9,23,24,14,18;4,19,15,14,24;10,18,12,24,13,15;10,14,13,19,21,16;5,10,15,21,17;5,16,21,23,11;0,9,12,14,10,5,11;0,11,6,1,21,15,13,4,8;1,7,2,22,21;1,20,22,23,17,16,15,19;2,3,23,21,20;3,4,24,12,9,7,6,11,17,21,22;4,13,14,12,23
torus1227 25 3,11,7,9,4,17;2,21,15,6,3;1,3,17,22,21;0,17,2,1,6,11;0,9,10,23,17;6,15,8,19,20,11;1,15,5,11,3;0,11,16,21,13,8,9;5,15,9,7,13,18,19;0,7,8,15,14,10,4;4,9,14,20,23;0,3,6,5,20,14,16,7;13,21,22,24,18;7,21,12,18,8;9,15,16,11,20,10;1,21,16,14,9,8,5,6;7,11,14,15,21;0,4,23,24,22,2,3;8,13,12,24,19;5,8,18,24,20;5,19,24,23,10,14,11;1,2,22,12,13,7,16,15;2,17,24,12,21;4,10,20,24,17;12,22,17,23,20,19,18
torus1228 25 1,2,5,3,24,14;0,14,20,21,2;0,1,21,22,13,7,18,6,5;0,5,11,23,24;6,19,17,21,12;0,2,6,12,11,3;2,18,19,4,12,5;2,13,9,15,18;9,13,22,23,11,16,10;7,13,8,10,15;8,16,20,14,15,9;3,5,12,21,16,8,23;4,21,11,5,6;2,22,8,9,7;0,24,19,15,10,20,1;7,9,10,14,19,18;8,11,21,20,10;4,19,23,22,21;2,7,15,19,6;4,6,18,15,14,24,23,17;1,14,10,16,21;1,20,16,11,12,4,17,22,2;2,21,17,23,8,13;3,11,8,22,17,19,24;0,3,23,19,14
torus1229 25 1,8,13,6,22,14,15;0,15,21,2,8;1,21,23,3,8;2,23,4,9,8;3,23,20,5,9;4,20,15,14,9;0,13,7,11,22;6,13,9,10,12,11;0,1,2,3,9,13;3,4,5,14,22,10,7,13,8;7,9,22,16,15,19,12;6,7,12,17,22;7,10,19,17,11;0,8,9,7,6;0,22,9,5,15;0,14,5,20,24,18,19,10,16,21,1;10,22,23,21,15;11,12,19,18,22;15,24,22,17,19;10,15,18,17,12;4,23,24,15,5;1,15,16,23,2;0,6,11,17,18,24,23,16,10,9,14;2,21,16,22,24,20,4,3;15,20,23,22,18
torus1230 24 1,7,6,5,23,18;0,18,19,2,8,7;1,19,20,3,9,8;2,20,21,4,10,9;3,21,22,5,11,17,10;0,6,11,4,22,23;0,7,13,12,11,5;0,1,8,14,13,6;1,2,9,15,14,7;2,3,10,16,15,8;3,4,17,16,9;4,5,6,12,17;6,13,19,18,17,11;6,7,14,20,19,12;7,8,15,21,20,13;8,9,16,22,21,14;9,10,17,23,22,15;4,11,12,18,23,16,10;0,23,17,12,19,1;1,18,12,13,20,2;2,19,13,14,21,3;3,20,14,15,22,4;4,21,15,16,23,5;0,5,22,16,17,18
torus1231 24 1,7,6,5,23,18;0,18,2,8,7;1,18,19,20,3,9,8;2,20,4,10,9;3,20,21,22,5,11,10;0,6,11,4,22,23;0,7,13,12,11,5;0,1,8,14,13,6;1,2,9,15,14,7;2,3,10,15,8;3,4,11,17,16,15,9;4,5,6,12,17,10;6,13,19,18,17,11;6,7,14,20,19,12;7,8,15,21,20,13;8,9,10,16,22,21,14;10,17,23,22,15;10,11,12,18,23,16;0,23,17,12,19,2,1;2,18,12,13,20;2,19,13,14,21,4,3;4,20,14,15,22;4,21,15,16,23,5;0,5,22,16,17,18
torus1232 24 1,6,5,23,18;0,18,19,2,8,7,6;1,19,20,21,3,9,8;2,21,4,10,9;3,21,22,5,11,10;0,6,11,4,22,23;0,1,7,13,12,11,5;1,8,14,13,6;1,2,9,15,14,7;2,3,10,16,22,15,8;3,4,11,17,16,9;4,5,6,12,17,10;6,13,19,18,17,11;6,7,14,20,19,12;7,8,15,21,20,13;8,9,22,21,14;9,10,17,23,22;10,11,12,18,23,16;0,23,17,12,19,1;1,18,12,13,20,2;2,19,13,14,21;2,20,14,15,22,4,3;4,21,15,9,16,23,5;0,5,22,16,17,18
torus1233 24 1,7,6,5,23,18;0,18,19,2,8,7;1,19,20,21,3,9,8;2,21,4,10,9;3,21,22,5,11,10;0,6,11,4,22,23;0,7,13,12,11,5;0,1,8,14,20,13,6;1,2,9,15,14,7;2,3,10,16,15,8;3,4,11,17,16,9;4,5,6,12,18,17,10;6,13,19,18,11;6,7,20,19,12;7,8,15,21,20;8,9,16,22,21,14;9,10,17,23,22,15;10,11,18,23,16;0,23,17,11,12,19,1;1,18,12,13,20,2;2,19,13,7,14,21;2,20,14,15,22,4,3;4,21,15,16,23,5;0,5,22,16,17,18
torus1234 24 1,7,6,5,22,23,18;0,18,19,2,7;1,19,20,3,9,8,7;2,20,21,4,10,9;3,21,22,5,11,10;0,6,11,4,22;0,7,13,12,11,5;0,1,2,8,14,13,6;2,9,15,14,7;2,3,10,16,15,8;3,4,11,17,16,9;4,5,6,12,17,10;6,13,19,18,17,11;6,7,14,20,19,12;7,8,15,22,21,20,13;8,9,16,22,14;9,10,17,23,22,15;10,11,12,18,23,16;0,23,17,12,19,1;1,18,12,13,20,2;2,19,13,14,21,3;3,20,14,22,4;0,5,4,21,14,15,16,23;0,22,16,17,18
torus1235 24 1,7,6,5,23,18;0,18,19,2,8,7;1,19,20,3,9,8;2,20,21,4,10,9;3,21,22,11,10;0,6,11,22,23;0,7,13,12,11,5;0,1,8,14,13,6;1,2,9,15,14,7;2,3,10,16,15,8;3,4,11,17,23,16,9;4,22,5,6,12,17,10;6,13,20,19,18,17,11;6,7,14,20,12;7,8,15,21,20,13;8,9,16,22,21,14;9,10,23,22,15;10,11,12,18,23;0,23,17,12,19,1;1,18,12,20,2;2,19,12,13,14,21,3;3,20,14,15,22,4;4,21,15,16,23,5,11;0,5,22,16,10,17,18
torus1236 24 1,7,6,5,23,18;0,18,19,2,9,8,7;1,19,20,3,9;2,20,21,4,10,9;3,21,22,5,10;0,6,11,10,4,22,23;0,7,13,12,11,5;0,1,8,14,13,6;1,9,15,14,7;1,2,3,10,15,8;3,4,5,11,17,16,15,9;5,6,12,17,10;6,13,19,18,17,11;6,7,14,20,19,12;7,8,15,21,20,13;8,9,10,16,22,21,14;10,17,23,22,15;10,11,12,18,23,16;0,23,17,12,19,1;1,18,12,13,20,2;2,19,13,14,21,3;3,20,14,15,22,4;4,21,15,16,23,5;0,5,22,16,17,18
torus1237 24 1,7,6,5,23,18,19;0,19,2,8,7;1,19,20,3,9,15,8;2,20,21,4,10,9;3,21,22,5,11,10;0,6,12,11,4,22,23;0,7,13,12,5;0,1,8,14,13,6;1,2,15,14,7;2,3,10,16,15;3,4,11,17,16,9;4,5,12,17,10;5,6,13,19,18,17,11;6,7,14,20,19,12;7,8,15,21,20,13;2,9,16,22,21,14,8;9,10,17,23,22,15;10,11,12,18,23,16;0,23,17,12,19;0,18,12,13,20,2,1;2,19,13,14,21,3;3,20,14,15,22,4;4,21,15,16,23,5;0,5,22,16,17,18
torus1238 24 1,7,6,5,23,18;0,18,19,2,7;1,19,3,9,8,7;2,19,20,21,4,10,9;3,21,22,5,11,10;0,6,11,4,22,23;0,7,13,12,11,5;0,1,2,8,14,13,6;2,9,15,14,7;2,3,10,16,15,8;3,4,11,17,16,9;4,5,6,12,17,10;6,13,19,18,17,11;6,7,14,20,19,12;7,8,15,21,20,13;8,9,16,23,22,21,14;9,10,17,23,15;10,11,12,18,23,16;0,23,17,12,19,1;1,18,12,13,20,3,2;3,19,13,14,21;3,20,14,15,22,4;4,21,15,23,5;0,5,22,15,16,17,18
torus1239 24 1,7,6,5,23,18;0,18,19,2,8,7;1,19,20,3,9,8;2,20,21,4,10,9;3,21,22,5,11,10;0,6,12,11,4,22,16,23;0,7,13,19,12,5;0,1,8,14,13,6;1,2,9,15,14,7;2,3,10,16,15,8;3,4,11,17,16,9;4,5,12,17,10;5,6,19,18,17,11;6,7,14,20,19;7,8,15,21,20,13;8,9,16,22,21,14;5,22,15,9,10,17,23;10,11,12,18,23,16;0,23,17,12,19,1;1,18,12,6,13,20,2;2,19,13,14,21,3;3,20,14,15,22,4;4,21,15,16,5;0,5,16,17,18
torus1240 24 1,7,6,5,23,18;0,18,12,19,2,8,7;1,19,20,3,8;2,20,21,4,10,9,8;3,21,22,5,11,10;0,6,11,4,22,23;0,7,13,12,11,5;0,1,8,13,6;1,2,3,9,15,14,13,7;3,10,16,15,8;3,4,11,17,16,9;4,5,6,12,17,10;1,18,17,11,6,13,19;6,7,8,14,20,19,12;8,15,21,20,13;8,9,16,22,21,14;9,10,17,23,22,15;10,11,12,18,23,16;0,23,17,12,1;1,12,13,20,2;2,19,13,14,21,3;3,20,14,15,22,4;4,21,15,16,23,5;0,5,22,16,17,18
torus1241 24 1,7,6,5,23,18;0,18,19,2,8,7;1,19,20,3,9,8;2,20,21,4,11,10,9;3,21,22,23,5,11;0,6,11,4,23;0,7,13,12,11,5;0,1,8,14,13,6;1,2,9,16,15,14,7;2,3,10,16,8;3,11,17,16,9;3,4,5,6,12,17,10;6,13,19,18,17,11;6,7,14,20,19,12;7,8,15,21,20,13;8,16,22,21,14;8,9,10,17,23,22,15;10,11,12,18,23,16;0,23,17,12,19,1;1,18,12,13,20,2;2,19,13,14,21,3;3,20,14,15,22,4;4,21,15,16,23;0,5,4,22,16,17,18
torus1242 24 1,7,6,5,23;0,23,18,19,2,8,7;1,19,20,3,9,8;2,20,21,4,10,9;3,21,22,5,11,10;0,6,11,4,22,23;0,7,13,12,11,5;0,1,8,14,13,6;1,2,9,14,7;2,3,10,16,15,14,8;3,4,11,17,16,9;4,5,6,12,17,10;6,13,19,18,17,11;6,7,14,20,19,12;7,8,9,15,21,20,13;9,16,22,21,14;9,10,17,18,23,22,15;10,11,12,18,16;1,23,16,17,12,19;1,18,12,13,20,2;2,19,13,14,21,3;3,20,14,15,22,4;4,21,15,16,23,5;0,5,22,16,18,1
torus1243 24 1,7,6,5,23,18;0,18,2,8,7;1,18,19,20,3,9,8;2,20,21,4,9;3,21,22,5,11,10,9;0,6,11,4,22,23;0,7,13,12,11,5;0,1,8,14,13,6;1,2,9,15,21,14,7;2,3,4,10,16,15,8;4,11,17,16,9;4,5,6,12,17,10;6,13,19,18,17,11;6,7,14,20,19,12;7,8,21,20,13;8,9,16,22,21;9,10,17,23,22,15;10,11,12,18,23,16;0,23,17,12,19,2,1;2,18,12,13,20;2,19,13,14,21,3;3,20,14,8,15,22,4;4,21,15,16,23,5;0,5,22,16,17,18
torus1244 24 1,7,6,5,22,23,18;0,18,19,2,8,7;1,19,3,9,8;2,19,20,21,4,10,9;3,21,22,5,10;0,6,11,10,4,22;0,7,13,12,11,5;0,1,8,14,13,6;1,2,9,15,14,7;2,3,10,16,15,8;3,4,5,11,17,16,9;5,6,12,17,10;6,13,19,18,17,11;6,7,14,20,19,12;7,8,15,21,20,13;8,9,16,22,21,14;9,10,17,23,22,15;10,11,12,18,23,16;0,23,17,12,19,1;1,18,12,13,20,3,2;3,19,13,14,21;3,20,14,15,22,4;0,5,4,21,15,16,23;0,22,16,17,18
torus1245 24 1,7,6,5,23,18;0,18,19,8,7;3,9,8,19,20;2,20,21,22,4,10,9;3,22,5,11,10;0,6,11,4,22,16,23;0,7,13,12,11,5;0,1,8,14,13,6;1,19,2,9,15,14,7;2,3,10,16,15,8;3,4,11,17,16,9;4,5,6,12,17,10;6,13,19,18,17,11;6,7,14,20,19,12;7,8,15,21,20,13;8,9,16,22,21,14;5,22,15,9,10,17,23;10,11,12,18,23,16;0,23,17,12,19,1;1,18,12,13,20,2,8;2,19,13,14,21,3;3,20,14,15,22;3,21,15,16,5,4;0,5,16,17,18
torus1246 24 1,7,6,5,23,18;0,18,19,2,8,7;1,19,20,3,9,8;2,20,21,4,10,9;3,21,22,5,11,10;0,6,11,4,22,23;0,7,13,11,5;0,1,8,14,13,6;1,2,9,15,14,7;2,3,10,16,15,8;3,4,11,17,16,9;4,5,6,13,12,17,10;11,13,19,18,17;6,7,14,20,19,12,11;7,8,15,20,13;8,9,16,22,21,20,14;9,10,17,22,15;10,11,12,18,23,22,16;0,23,17,12,19,1;1,18,12,13,20,2;2,19,13,14,15,21,3;3,20,15,22,4;4,21,15,16,17,23,5;0,5,22,17,18
torus1247 24 1,6,5,23,18;0,18,19,2,8,7,6;1,19,20,3,9,8;2,20,21,4,10,9;3,21,22,11,17,10;0,6,11,22,23;0,1,7,13,12,11,5;1,8,14,13,6;1,2,9,15,14,7;2,3,10,16,15,8;3,4,17,16,9;4,22,5,6,12,17;6,13,19,18,17,11;6,7,14,20,19,12;7,8,15,21,20,13;8,9,16,22,21,14;9,10,17,23,22,15;4,11,12,18,23,16,10;0,23,17,12,19,1;1,18,12,13,20,2;2,19,13,14,21,3;3,20,14,15,22,4;4,21,15,16,23,5,11;0,5,22,16,17,18
torus1248 24 1,7,6,5,23,17,18;0,18,19,2,9,8,7;1,19,20,3,9;2,20,21,4,10,9;3,21,22,5,11,10;0,6,11,4,22,23;0,7,13,12,11,5;0,1,8,14,13,6;1,9,15,14,7;1,2,3,10,17,16,15,8;3,4,11,17,9;4,5,6,12,17,10;6,13,19,18,17,11;6,7,14,20,19,12;7,8,15,21,20,13;8,9,16,22,21,14;9,17,23,22,15;0,23,16,9,10,11,12,18;0,17,12,19,1;1,18,12,13,20,2;2,19,13,14,21,3;3,20,14,15,22,4;4,21,15,16,23,5;0,5,22,16,17
torus1249 24 1,7,6,5,18;0,18,19,2,8,7;1,19,20,3,9,8;2,20,21,4,10,9;3,21,22,11,10;0,6,11,22,23,18;0,7,14,13,12,11,5;0,1,8,14,6;1,2,9,15,14,7;2,3,10,16,15,8;3,4,11,17,16,9;4,22,5,6,12,17,10;6,13,19,18,17,11;6,14,20,19,12;6,7,8,15,21,20,13;8,9,16,22,21,14;9,10,17,23,22,15;10,11,12,18,23,16;0,5,23,17,12,19,1;1,18,12,13,20,2;2,19,13,14,21,3;3,20,14,15,22,4;4,21,15,16,23,5,11;5,22,16,17,18
torus1250 24 1,7,6,5,23,18;0,18,19,2,8,7;1,19,20,3,9,8;2,20,21,10,9;5,11,10,21,22;0,6,11,4,22,23;0,7,13,12,11,5;0,1,8,14,13,6;1,2,9,14,7;2,3,10,16,15,14,8;3,21,4,11,16,9;4,5,6,12,17,16,10;6,13,19,18,17,11;6,7,14,20,19,12;7,8,9,15,21,20,13;9,16,22,21,14;9,10,11,17,23,22,15;11,12,18,23,16;0,23,17,12,19,1;1,18,12,13,20,2;2,19,13,14,21,3;3,20,14,15,22,4,10;4,21,15,16,23,5;0,5,22,16,17,18
torus1251 24 1,7,6,5,18;0,18,19,20,2,8,7;1,20,3,9,8;2,20,21,4,10,9;3,21,22,5,6,11,10;0,6,4,22,23,18;0,7,13,12,11,4,5;0,1,8,14,13,6;1,2,9,15,14,7;2,3,10,16,15,8;3,4,11,17,16,9;4,6,12,17,10;6,13,19,18,17,11;6,7,14,20,19,12;7,8,15,21,20,13;8,9,16,22,21,14;9,10,17,23,22,15;10,11,12,18,23,16;0,5,23,17,12,19,1;1,18,12,13,20;1,19,13,14,21,3,2;3,20,14,15,22,4;4,21,15,16,23,5;5,22,16,17,18
torus1252 24 1,7,6,5,23,18;0,18,19,2,8,7;1,19,20,3,9,8;2,20,21,4,10,9;3,21,22,5,11,17,10;0,6,11,4,22,23;0,7,13,19,12,11,5;0,1,8,14,13,6;1,2,9,15,14,7;2,3,10,16,15,8;3,4,17,16,9;4,5,6,12,17;6,19,18,23,17,11;6,7,14,20,19;7,8,15,21,20,13;8,9,16,22,21,14;9,10,17,23,22,15;4,11,12,23,16,10;0,23,12,19,1;1,18,12,6,13,20,2;2,19,13,14,21,3;3,20,14,15,22,4;4,21,15,16,23,5;0,5,22,16,17,12,18
torus1253 24 1,7,6,5,23,18;0,18,19,2,9,8,7;1,19,20,3,9;2,20,21,10,9;5,11,10,21,22;0,6,11,4,22,23;0,7,13,12,11,5;0,1,8,14,13,6;1,9,15,14,7;1,2,3,10,16,15,8;3,21,4,11,17,16,9;4,5,6,12,17,10;6,13,19,17,11;6,7,14,20,19,12;7,8,15,21,20,13;8,9,16,22,21,14;9,10,17,23,22,15;10,11,12,19,18,23,16;0,23,17,19,1;1,18,17,12,13,20,2;2,19,13,14,21,3;3,20,14,15,22,4,10;4,21,15,16,23,5;0,5,22,16,17,18
torus1254 24 1,7,6,5,22,23,18;0,18,19,2,8,7;1,19,20,3,9,8;2,20,21,4,10,9;3,21,22,5,11,17,10;0,6,11,4,22;0,7,13,12,11,5;0,1,8,14,13,6;1,2,9,15,14,7;2,3,10,16,15,8;3,4,17,16,9;4,5,6,12,17;6,13,19,18,17,11;6,7,14,20,19,12;7,8,15,22,21,20,13;8,9,16,22,14;9,10,17,23,22,15;4,11,12,18,23,16,10;0,23,17,12,19,1;1,18,12,13,20,2;2,19,13,14,21,3;3,20,14,22,4;0,5,4,21,14,15,16,23;0,22,16,17,18
torus1255 24 1,7,6,5,23,18;0,18,19,2,7;1,19,20,3,8,7;2,20,21,22,4,10,9,8;3,22,5,11,10;0,6,11,4,22,23;0,7,13,12,11,5;0,1,2,8,14,13,6;2,3,9,15,14,7;3,10,16,15,8;3,4,11,17,16,9;4,5,6,12,17,10;6,13,19,18,17,11;6,7,14,20,19,12;7,8,15,21,20,13;8,9,16,22,21,14;9,10,17,23,22,15;10,11,12,18,23,16;0,23,17,12,19,1;1,18,12,13,20,2;2,19,13,14,21,3;3,20,14,15,22;3,21,15,16,23,5,4;0,5,22,16,17,18
torus1256 24 1,8,7,6,5,23,18;0,18,19,2,8;1,19,3,9,8;2,19,20,21,4,10,9;3,21,22,5,11,17,10;0,6,11,4,22,23;0,7,13,12,11,5;0,8,14,13,6;0,1,2,9,15,14,7;2,3,10,16,15,8;3,4,17,16,9;4,5,6,12,17;6,13,19,18,17,11;6,7,14,20,19,12;7,8,15,21,20,13;8,9,16,22,21,14;9,10,17,23,22,15;4,11,12,18,23,16,10;0,23,17,12,19,1;1,18,12,13,20,3,2;3,19,13,14,21;3,20,14,15,22,4;4,21,15,16,23,5;0,5,22,16,17,18
torus1257 24 1,7,6,5,23,18;0,18,12,19,2,7;1,19,20,3,9,8,7;2,20,21,4,10,16,9;3,21,22,5,11,10;0,6,11,4,22,23;0,7,13,12,11,5;0,1,2,8,14,13,6;2,9,15,14,7;2,3,16,15,8;3,4,11,17,16;4,5,6,12,17,10;1,18,17,11,6,13,19;6,7,14,20,19,12;7,8,15,21,20,13;8,9,16,22,21,14;3,10,17,23,22,15,9;10,11,12,18,23,16;0,23,17,12,1;1,12,13,20,2;2,19,13,14,21,3;3,20,14,15,22,4;4,21,15,16,23,5;0,5,22,16,17,18
torus1258 24 1,7,6,5,23,18;0,18,19,2,8,7;1,19,20,3,10,9,8;2,20,21,4,10;3,21,22,5,10;0,6,11,10,4,22,23;0,7,13,12,11,5;0,1,8,14,13,6;1,2,9,15,14,7;2,10,16,15,8;2,3,4,5,11,17,16,9;5,6,12,17,10;6,13,19,17,11;6,7,14,20,19,12;7,8,15,21,20,13;8,9,16,22,21,14;9,10,17,23,22,15;10,11,12,19,18,23,16;0,23,17,19,1;1,18,17,12,13,20,2;2,19,13,14,21,3;3,20,14,15,22,4;4,21,15,16,23,5;0,5,22,16,17,18
torus1259 24 1,7,6,5,23,18,19;0,19,2,8,7;1,19,20,3,9,8;2,20,21,4,10,9;3,21,22,5,11,10;0,6,11,4,22,23;0,7,13,12,11,5;0,1,8,14,13,6;1,2,9,15,14,7;2,3,10,16,15,8;3,4,11,12,17,16,9;4,5,6,12,10;6,13,20,19,18,17,10,11;6,7,14,20,12;7,8,15,21,20,13;8,9,16,22,21,14;9,10,17,23,22,15;10,12,18,23,16;0,23,17,12,19;0,18,12,20,2,1;2,19,12,13,14,21,3;3,20,14,15,22,4;4,21,15,16,23,5;0,5,22,16,17,18
torus1260 24 1,7,6,5,23,18;0,18,19,2,8,7;1,19,20,3,9,8;2,20,21,4,10,9;3,21,22,23,5,11,10;0,6,11,4,23;0,7,13,11,5;0,1,8,14,20,13,6;1,2,9,15,14,7;2,3,10,16,15,8;3,4,11,17,16,9;4,5,6,13,12,17,10;11,13,19,18,17;6,7,20,19,12,11;7,8,15,21,20;8,9,16,22,21,14;9,10,17,23,22,15;10,11,12,18,23,16;0,23,17,12,19,1;1,18,12,13,20,2;2,19,13,7,14,21,3;3,20,14,15,22,4;4,21,15,16,23;0,5,4,22,16,17,18
torus1261 24 1,7,6,5,23,18;0,18,19,20,2,8,7;1,20,3,9,8;2,20,21,4,10,9;3,21,5,11,10;0,6,11,4,21,22,23;0,7,13,11,5;0,1,8,14,13,6;1,2,9,15,14,7;2,3,10,16,15,8;3,4,11,17,16,9;4,5,6,13,12,17,10;11,13,19,18,17;6,7,14,20,19,12,11;7,8,15,21,20,13;8,9,16,22,21,14;9,10,17,23,22,15;10,11,12,18,23,16;0,23,17,12,19,1;1,18,12,13,20;1,19,13,14,21,3,2;3,20,14,15,22,5,4;5,21,15,16,23;0,5,22,16,17,18
torus1262 24 1,7,6,11,5,23,18;0,18,19,2,8,7;1,19,20,3,9,8;2,20,21,4,10,9;3,21,22,5,11,10;0,11,4,22,23;0,7,13,12,11;0,1,8,13,6;1,2,9,15,14,13,7;2,3,10,16,15,8;3,4,11,16,9;0,6,12,17,16,10,4,5;6,13,19,18,17,11;6,7,8,14,20,19,12;8,15,21,20,13;8,9,16,22,21,14;9,10,11,17,23,22,15;11,12,18,23,16;0,23,17,12,19,1;1,18,12,13,20,2;2,19,13,14,21,3;3,20,14,15,22,4;4,21,15,16,23,5;0,5,22,16,17,18
torus1263 24 1,7,6,5,23,18;0,18,19,2,8,7;1,19,20,3,9,8;2,20,21,4,10,9;3,21,22,11,10;0,6,11,22,23;0,7,13,12,11,5;0,1,8,14,13,6;1,2,9,14,7;2,3,10,15,14,8;3,4,11,17,16,15,9;4,22,5,6,12,17,10;6,13,19,18,17,11;6,7,14,20,19,12;7,8,9,15,21,20,13;9,10,16,22,21,14;10,17,23,22,15;10,11,12,18,23,16;0,23,17,12,19,1;1,18,12,13,20,2;2,19,13,14,21,3;3,20,14,15,22,4;4,21,15,16,23,5,11;0,5,22,16,17,18
torus1264 24 1,7,6,5,23,18;0,18,19,2,8,7;1,19,20,3,9,8;2,20,21,4,10,9;3,21,22,5,11,10;0,6,11,4,22,23;0,7,13,12,11,5;0,1,8,14,13,6;1,2,9,15,14,7;2,3,10,16,15,8;3,4,11,17,16,9;4,5,6,12,17,10;6,13,20,19,18,17,11;6,7,14,20,12;7,8,15,21,20,13;8,9,16,22,21,14;9,10,17,23,22,15;10,11,12,18,23,16;0,23,17,12,19,1;1,18,12,20,2;2,19,12,13,14,21,3;3,20,14,15,22,4;4,21,15,16,23,5;0,5,22,16,17,18
torus1265 24 1,7,6,11,5,23,18;0,18,19,2,8,7;1,19,20,3,9,8;2,20,21,4,10,9;3,21,22,5,11,10;0,11,4,22,23;0,7,13,12,11;0,1,8,14,13,6;1,2,9,14,7;2,3,10,15,14,8;3,4,11,17,16,15,9;0,6,12,17,10,4,5;6,13,19,18,17,11;6,7,14,20,19,12;7,8,9,15,21,20,13;9,10,16,22,21,14;10,17,23,22,15;10,11,12,18,23,16;0,23,17,12,19,1;1,18,12,13,20,2;2,19,13,14,21,3;3,20,14,15,22,4;4,21,15,16,23,5;0,5,22,16,17,18
torus1266 24 1,7,6,5,23,18;0,18,19,2,8,7;1,19,20,3,9,8;2,20,14,21,4,10,9;3,21,22,5,11,10;0,6,11,4,22,16,23;0,7,13,12,11,5;0,1,8,14,13,6;1,2,9,16,15,14,7;2,3,10,16,8;3,4,11,17,16,9;4,5,6,12,17,10;6,13,19,18,17,11;6,7,14,20,19,12;3,20,13,7,8,15,21;8,16,22,21,14;5,22,15,8,9,10,17,23;10,11,12,18,23,16;0,23,17,12,19,1;1,18,12,13,20,2;2,19,13,14,3;3,14,15,22,4;4,21,15,16,5;0,5,16,17,18
torus1267 24 1,8,7,5,23,18;0,18,19,2,8;1,19,20,3,10,9,8;2,20,21,4,10;3,21,22,5,11,10;0,7,6,11,4,22,23;5,7,13,12,11;0,8,14,13,6,5;0,1,2,9,15,14,7;2,10,16,15,8;2,3,4,11,17,16,9;4,5,6,12,17,10;6,13,19,18,17,11;6,7,14,20,19,12;7,8,15,21,20,13;8,9,16,22,21,14;9,10,17,23,22,15;10,11,12,18,23,16;0,23,17,12,19,1;1,18,12,13,20,2;2,19,13,14,21,3;3,20,14,15,22,4;4,21,15,16,23,5;0,5,22,16,17,18
torus1268 24 5,6,13,7,18,23;2,19,12,18,7,8;1,8,9,10,3,20,19;2,10,17,4,20;3,17,11,5,22,21,20;0,23,16,22,4,11,6;0,5,11,12,19,13;0,13,14,8,1,18;1,7,14,15,9,2;2,8,15,16,10;2,9,16,23,17,3;4,17,12,6,5;1,19,6,11,17,18;0,6,19,20,14,7;7,13,20,21,15,8;8,14,21,22,16,9;5,23,10,9,15,22;3,10,23,18,12,11,4;0,7,1,12,17,23;1,2,20,13,6,12;2,3,4,21,14,13,19;4,22,15,14,20;4,5,16,15,21;0,18,17,10,16,5
torus1269 24 1,7,6,5,23,18;0,18,12,19,2,8,7;1,19,9,15,8;4,10,9,19,20,21;3,21,22,11,10;0,6,11,22,23;0,7,13,12,11,5;0,1,8,13,6;1,2,15,14,13,7;2,19,3,10,16,15;3,4,11,17,16,9;4,22,5,6,12,18,17,10;1,18,11,6,13,14,20,19;6,7,8,14,12;8,15,21,20,12,13;2,9,16,21,14,8;9,10,17,23,22,21,15;10,11,18,23,16;0,23,17,11,12,1;1,12,20,3,9,2;3,19,12,14,21;3,20,14,15,16,22,4;4,21,16,23,5,11;0,5,22,16,17,18
torus1270 24 1,7,11,5,23,18;0,18,19,2,7;1,19,20,3,9,8,7;2,20,14,21,4,10,9;3,21,22,5,11,17,10;0,11,4,22,23;7,13,19,12,11;0,1,2,8,14,13,6,11;2,9,15,14,7;2,3,10,16,22,15,8;3,4,17,16,9;0,7,6,12,17,4,5;6,19,18,17,11;6,7,14,20,19;3,20,13,7,8,15,21;8,9,22,21,14;9,10,17,18,23,22;4,11,12,18,16,10;0,23,16,17,12,19,1;1,18,12,6,13,20,2;2,19,13,14,3;3,14,15,22,4;4,21,15,9,16,23,5;0,5,22,16,18
torus1271 24 1,7,6,5,18;0,18,19,2,8,14,7;1,19,3,9,8;2,19,20,21,10,9;5,6,11,10,21,22;0,6,4,22,23,18;0,7,13,12,11,4,5;0,1,14,13,6;1,2,9,15,14;2,3,10,16,15,8;3,21,4,11,17,16,9;4,6,12,17,10;6,13,19,18,17,11;6,7,14,20,19,12;1,8,15,20,13,7;8,9,16,23,22,21,20,14;9,10,17,18,23,15;10,11,12,18,16;0,5,23,16,17,12,19,1;1,18,12,13,20,3,2;3,19,13,14,15,21;3,20,15,22,4,10;4,21,15,23,5;5,22,15,16,18
torus1272 24 1,7,6,5,23;0,23,17,18,19,8,7;3,9,8,19,20;2,20,21,4,10,9;3,21,22,5,11,17,10;0,6,12,11,4,22,23;0,7,13,12,5;0,1,8,14,21,13,6;1,19,2,9,14,7;2,3,10,15,14,8;3,4,17,16,15,9;4,5,12,18,17;5,6,13,19,18,11;6,7,21,20,19,12;7,8,9,15,21;9,10,16,22,21,14;10,17,23,22,15;1,23,16,10,4,11,18;1,17,11,12,19;1,18,12,13,20,2,8;2,19,13,21,3;3,20,13,7,14,15,22,4;4,21,15,16,23,5;0,5,22,16,17,1
torus1273 24 1,7,6,5,23,17,18;0,18,19,2,8,7;1,19,20,3,10,9,8;2,20,21,4,10;3,21,22,5,10;0,6,11,10,4,22,23;0,7,13,11,5;0,1,8,14,20,13,6;1,2,9,15,22,14,7;2,10,16,15,8;2,3,4,5,11,17,16,9;5,6,13,12,17,10;11,13,19,18,17;6,7,20,19,12,11;7,8,22,21,20;8,9,16,23,22;9,10,17,23,15;0,23,16,10,11,12,18;0,17,12,19,1;1,18,12,13,20,2;2,19,13,7,14,21,3;3,20,14,22,4;4,21,14,8,15,23,5;0,5,22,15,16,17
torus1274 24 1,7,6,5,23,18;0,18,19,2,9,8,7;1,19,13,20,3,9;2,20,21,4,11,10,9;3,21,15,22,5,11;0,6,11,4,22,23;0,7,13,12,17,11,5;0,1,8,15,14,13,6;1,9,16,15,7;1,2,3,10,16,8;3,11,17,16,9;3,4,5,6,17,10;6,13,19,18,23,17;2,19,12,6,7,14,20;7,15,21,20,13;4,21,14,7,8,16,22;8,9,10,17,23,22,15;6,12,23,16,10,11;0,23,12,19,1;1,18,12,13,2;2,13,14,21,3;3,20,14,15,4;4,15,16,23,5;0,5,22,16,17,12,18
torus1275 24 1,7,6,23,17,18;0,18,19,2,7;1,19,20,21,3,9,8,7;2,21,4,10,9;3,21,22,5,11,10;4,22,23,6,11;0,7,11,5,23;0,1,2,8,14,13,12,11,6;2,9,15,14,7;2,3,10,17,16,15,8;3,4,11,17,9;4,5,6,7,12,18,17,10;7,13,19,18,11;7,14,20,19,12;7,8,15,21,20,13;8,9,16,22,21,14;9,17,23,22,15;0,23,16,9,10,11,18;0,17,11,12,19,1;1,18,12,13,20,2;2,19,13,14,21;2,20,14,15,22,4,3;4,21,15,16,23,5;0,6,5,22,16,17
torus1276 24 1,7,6,5,23,18;0,18,17,12,19,2,7;1,19,20,9,8,7;4,10,16,9,20,21;3,21,22,11,10;0,6,11,22,23;0,7,14,13,12,11,5;0,1,2,8,14,6;2,9,16,15,14,7;2,20,3,16,8;3,4,11,17,16;4,22,5,6,12,17,10;1,17,11,6,13,19;6,14,20,19,12;6,7,8,15,21,20,13;8,16,23,22,21,14;3,10,17,18,23,15,8,9;1,18,16,10,11,12;0,23,16,17,1;1,12,13,20,2;2,19,13,14,21,3,9;3,20,14,15,22,4;4,21,15,23,5,11;0,5,22,15,16,18
torus1277 24 1,7,6,5,23,18;0,18,19,20,2,9,8,7;1,20,3,10,9;2,20,21,4,10;3,21,15,22,5,10;0,6,11,10,4,22,23;0,7,13,12,11,5;0,1,8,14,13,6;1,9,15,14,7;1,2,10,16,15,8;2,3,4,5,11,17,16,9;5,6,12,17,10;6,13,19,17,11;6,7,14,20,19,12;7,8,15,21,20,13;4,21,14,8,9,16,22;9,10,17,23,22,15;10,11,12,19,18,23,16;0,23,17,19,1;1,18,17,12,13,20;1,19,13,14,21,3,2;3,20,14,15,4;4,15,16,23,5;0,5,22,16,17,18
torus1278 24 1,7,6,5,23;0,23,18,12,19,2,8,7;1,19,20,3,9,8;2,20,21,10,9;5,11,10,21,22;0,6,11,4,22,23;0,7,13,12,11,5;0,1,8,14,13,6;1,2,9,15,21,14,7;2,3,10,16,15,8;3,21,4,11,17,16,9;4,5,6,12,17,10;1,18,17,11,6,13,19;6,7,14,20,19,12;7,8,21,20,13;8,9,16,23,22,21;9,10,17,18,23,15;10,11,12,18,16;1,23,16,17,12;1,12,13,20,2;2,19,13,14,21,3;3,20,14,8,15,22,4,10;4,21,15,23,5;0,5,22,15,16,18,1
torus1279 24 1,7,5,22,23,18,19;0,19,20,2,8,7;1,20,3,9,8;2,20,4,10,9;3,20,21,5,11,10;0,7,6,12,11,4,21,22;5,7,15,14,13,12;0,1,8,15,6,5;1,2,9,15,7;2,3,10,16,15,8;3,4,11,17,16,9;4,5,12,17,10;5,6,13,19,18,17,11;6,14,20,19,12;6,15,21,20,13;6,7,8,9,16,22,21,14;9,10,17,23,22,15;10,11,12,18,23,16;0,23,17,12,19;0,18,12,13,20,1;1,19,13,14,21,4,3,2;4,20,14,15,22,5;0,5,21,15,16,23;0,22,16,17,18
torus1280 24 1,6,5,23,18,19;0,19,2,9,8,7,6;1,19,20,3,9;2,20,21,10,9;5,11,10,21,22;0,6,11,4,22,23;0,1,7,13,12,11,5;1,8,14,13,6;1,9,16,23,15,14,7;1,2,3,10,16,8;3,21,4,11,16,9;4,5,6,12,17,16,10;6,13,20,18,17,11;6,7,14,20,12;7,8,15,21,20,13;8,23,22,21,14;8,9,10,11,17,23;11,12,18,23,16;0,23,17,12,20,19;0,18,20,2,1;2,19,18,12,13,14,21,3;3,20,14,15,22,4,10;4,21,15,23,5;0,5,22,15,8,16,17,18
torus1281 24 1,6,5,23,18;0,18,19,2,8,7,6;1,19,3,10,9,8;2,19,20,21,4,10;3,21,22,5,11,10;0,6,11,4,22,23;0,1,7,12,17,11,5;1,8,14,13,12,6;1,2,9,15,14,7;2,10,16,15,8;2,3,4,11,17,23,16,9;4,5,6,17,10;6,7,13,19,18,17;7,14,20,19,12;7,8,15,21,20,13;8,9,16,22,21,14;9,10,23,22,15;6,12,18,23,10,11;0,23,17,12,19,1;1,18,12,13,20,3,2;3,19,13,14,21;3,20,14,15,22,4;4,21,15,16,23,5;0,5,22,16,10,17,18
torus1282 24 1,7,5,23,18,19;0,19,2,8,7;1,19,20,9,8;4,11,9,20,21;3,21,14,15,22,5,11;0,7,6,11,4,22,23;5,7,13,12,17,11;0,1,8,14,13,6,5;1,2,9,15,14,7;2,20,3,11,10,16,15,8;9,11,17,23,16;3,4,5,6,17,10,9;6,13,19,18,17;6,7,14,21,20,19,12;4,21,13,7,8,15;4,14,8,9,16,22;9,10,23,22,15;6,12,18,23,10,11;0,23,17,12,19;0,18,12,13,20,2,1;2,19,13,21,3,9;3,20,13,14,4;4,15,16,23,5;0,5,22,16,10,17,18
torus1283 24 5,6,7,18,23;2,19,12,18,7,8;1,8,9,10,3,20,19;2,10,17,4,22,21,20;3,17,11,5,22;0,23,22,4,11,6;0,5,11,12,13,7;0,6,13,14,8,1,18;1,7,14,15,9,2;2,8,15,16,10;2,9,16,17,3;4,17,12,6,5;1,19,13,6,11,17,23,18;6,12,19,14,7;7,13,19,20,21,15,8;8,14,21,22,16,9;9,15,22,23,17,10;3,10,16,23,12,11,4;0,7,1,12,23;1,2,20,14,13,12;2,3,21,14,19;3,22,15,14,20;3,4,5,23,16,15,21;0,18,12,17,16,22,5
torus1284 24 1,6,5,23,18;0,18,19,2,3,8,7,6;1,19,20,21,3;1,2,21,4,10,9,8;3,21,22,5,11,10;0,6,11,4,22,23;0,1,7,13,11,5;1,8,14,13,6;1,3,9,14,7;3,10,16,15,14,8;3,4,11,17,16,9;4,5,6,13,12,17,10;11,13,19,18,17;6,7,14,20,19,12,11;7,8,9,15,21,20,13;9,16,22,21,14;9,10,17,23,22,15;10,11,12,18,23,16;0,23,17,12,19,1;1,18,12,13,20,2;2,19,13,14,21;2,20,14,15,22,4,3;4,21,15,16,23,5;0,5,22,16,17,18
torus1285 24 1,7,6,5,23,17,18;0,18,19,2,8,7;1,19,20,3,4,9,8;2,20,21,22,23,5,4;2,3,5,6,11,10,9;0,6,4,3,23;0,7,13,12,11,4,5;0,1,8,14,13,6;1,2,9,16,15,14,7;2,4,10,16,8;4,11,17,16,9;4,6,12,17,10;6,13,19,18,17,11;6,7,14,20,19,12;7,8,15,21,20,13;8,16,22,21,14;8,9,10,17,23,22,15;0,23,16,10,11,12,18;0,17,12,19,1;1,18,12,13,20,2;2,19,13,14,21,3;3,20,14,15,22;3,21,15,16,23;0,5,3,22,16,17
torus1286 24 5,6,7,18,23;2,19,18,7,8;1,8,9,20,19;4,21,20,9,10;3,10,11,5,21;0,23,22,21,4,11,6;0,5,11,12,13,14,7;0,6,14,8,1,18;1,7,14,15,9,2;2,8,15,16,10,3,20;3,9,16,17,12,11,4;4,10,12,6,5;6,11,10,17,23,18,13;6,12,18,19,14;6,13,19,20,21,15,8,7;8,14,21,16,9;9,15,21,22,17,10;10,16,22,23,12;0,7,1,19,13,12,23;1,2,20,14,13,18;2,9,3,21,14,19;3,4,5,22,16,15,14,20;5,23,17,16,21;0,18,12,17,22,5
torus1287 24 1,7,6,5,23,18;0,18,19,2,8,7;1,19,20,3,9,8;2,20,21,4,10,9;3,21,5,11,10;0,6,11,4,21,22,23;0,7,13,19,12,11,5;0,1,8,13,6;1,2,9,14,13,7;2,3,10,16,15,14,8;3,4,11,16,9;4,5,6,12,17,16,10;6,19,18,17,11;6,7,8,14,20,19;8,9,15,21,20,13;9,16,22,21,14;9,10,11,17,22,15;11,12,18,23,22,16;0,23,17,12,19,1;1,18,12,6,13,20,2;2,19,13,14,21,3;3,20,14,15,22,5,4;5,21,15,16,17,23;0,5,22,17,18
torus1288 24 1,7,6,5,23,18;0,18,19,20,2,7;1,20,3,8,7;2,20,21,22,4,10,9,8;3,22,5,11,10;0,6,11,4,22,23;0,7,14,13,11,5;0,1,2,8,14,6;2,3,9,15,14,7;3,10,16,15,8;3,4,11,17,16,9;4,5,6,13,12,17,10;11,13,19,18,17;6,14,20,19,12,11;6,7,8,15,21,20,13;8,9,16,22,21,14;9,10,17,23,22,15;10,11,12,18,23,16;0,23,17,12,19,1;1,18,12,13,20;1,19,13,14,21,3,2;3,20,14,15,22;3,21,15,16,23,5,4;0,5,22,16,17,18
torus1289 24 1,7,13,6,23;0,23,18,2,8,7;1,18,19,20,3,9,8;2,20,14,21,22,4,10,9;3,22,5,11,10;4,22,23,6,11;0,13,12,11,5,23;0,1,8,14,13;1,2,9,15,21,14,7;2,3,10,16,15,8;3,4,11,16,9;4,5,6,12,16,10;6,13,19,18,17,16,11;0,7,14,20,19,12,6;3,20,13,7,8,21;8,9,16,22,21;9,10,11,12,17,22,15;12,18,23,22,16;1,23,17,12,19,2;2,18,12,13,20;2,19,13,14,3;3,14,8,15,22;3,21,15,16,17,23,5,4;0,6,5,22,17,18,1
torus1290 24 1,7,5,23,18,19;0,19,2,9,8,7;1,19,13,20,9;4,10,9,20,14,21;3,21,15,22,5,11,10;0,7,6,11,4,22,23;5,7,13,12,11;0,1,8,14,13,6,5;1,9,15,21,14,7;1,2,20,3,10,16,15,8;3,4,11,16,9;4,5,6,12,17,16,10;6,13,18,17,11;2,19,18,12,6,7,14,20;3,20,13,7,8,21;4,21,8,9,16,22;9,10,11,17,23,22,15;11,12,18,23,16;0,23,17,12,13,19;0,18,13,2,1;2,13,14,3,9;3,14,8,15,4;4,15,16,23,5;0,5,22,16,17,18
torus1291 24 1,7,6,5,23,18,19;0,19,9,8,7;3,9,19,20,21;2,21,4,10,9;3,21,5,11,10;0,6,11,4,21,22,23;0,7,13,12,11,5;0,1,8,14,20,13,6;1,9,15,14,7;1,19,2,3,10,16,15,8;3,4,11,17,16,9;4,5,6,12,17,10;6,13,19,17,11;6,7,20,19,12;7,8,15,21,20;8,9,16,22,21,14;9,10,17,18,23,22,15;10,11,12,19,18,16;0,23,16,17,19;0,18,17,12,13,20,2,9,1;2,19,13,7,14,21;2,20,14,15,22,5,4,3;5,21,15,16,23;0,5,22,16,18
torus1292 24 1,8,7,6,5,23,18;0,18,19,2,9,15,8;1,19,20,3,9;2,20,4,10,9;3,20,21,22,5,6,11,10;0,6,4,22,16,23;0,7,13,12,11,4,5;0,8,14,13,6;0,1,15,21,14,7;1,2,3,10,16,15;3,4,11,17,16,9;4,6,12,17,10;6,13,20,19,18,17,11;6,7,14,20,12;7,8,21,20,13;1,9,16,22,21,8;5,22,15,9,10,17,23;10,11,12,18,23,16;0,23,17,12,19,1;1,18,12,20,2;2,19,12,13,14,21,4,3;4,20,14,8,15,22;4,21,15,16,5;0,5,16,17,18
torus1293 24 5,6,7,18,23;2,18,7,8,9;1,9,3,20,19,18;2,9,10,11,4,20;3,11,5,22,21,20;0,23,16,22,4,11,6;0,5,11,17,13,7;0,6,13,14,8,1,18;1,7,14,15,9;1,8,15,10,3,2;3,9,15,16,17,11;3,10,17,6,5,4;13,17,23,18,19;6,17,12,19,20,14,7;7,13,20,21,15,8;8,14,21,22,16,10,9;5,23,17,10,15,22;6,11,10,16,23,12,13;0,7,1,2,19,12,23;2,20,13,12,18;2,3,4,21,14,13,19;4,22,15,14,20;4,5,16,15,21;0,18,12,17,16,5
torus1294 24 1,7,14,6,5,23,18;0,18,12,19,2,8,7;1,19,20,3,9,8;2,20,4,10,9;3,20,21,22,5,6,11,10;0,6,4,22,23;0,14,13,12,11,4,5;0,1,8,15,14;1,2,9,15,7;2,3,10,15,8;3,4,11,17,16,15,9;4,6,12,17,10;1,18,17,11,6,13,19;6,14,21,20,19,12;0,7,15,21,13,6;7,8,9,10,16,22,21,14;10,17,23,22,15;10,11,12,18,23,16;0,23,17,12,1;1,12,13,20,2;2,19,13,21,4,3;4,20,13,14,15,22;4,21,15,16,23,5;0,5,22,16,17,18
torus1295 24 1,7,6,5,23,18;0,18,19,8,7;3,9,8,19,20;2,20,21,4,9;3,21,22,5,11,10,9;0,6,11,4,22,23;0,7,14,13,11,5;0,1,8,14,6;1,19,2,9,15,14,7;2,3,4,10,16,15,8;4,11,17,16,9;4,5,6,13,12,17,10;11,13,19,18,17;6,14,21,20,19,12,11;6,7,8,15,21,13;8,9,16,22,21,14;9,10,17,22,15;10,11,12,18,23,22,16;0,23,17,12,19,1;1,18,12,13,20,2,8;2,19,13,21,3;3,20,13,14,15,22,4;4,21,15,16,17,23,5;0,5,22,17,18
torus1296 24 1,6,5,23,18,19;0,19,8,7,6;3,9,8,19,20;2,20,21,4,10,9;3,21,22,5,6,13,11,10;0,6,4,22,23;0,1,7,13,4,5;1,8,14,13,6;1,19,2,9,15,14,7;2,3,10,17,18,23,16,15,8;3,4,11,17,9;4,13,12,17,10;11,13,19,18,17;4,6,7,14,20,19,12,11;7,8,15,21,20,13;8,9,16,21,14;9,23,22,21,15;9,10,11,12,18;0,23,9,17,12,19;0,18,12,13,20,2,8,1;2,19,13,14,21,3;3,20,14,15,16,22,4;4,21,16,23,5;0,5,22,16,9,18
torus1297 24 1,7,6,5,18;0,18,19,2,8,7;1,19,20,21,3,9,8;2,21,4,10,9;3,21,22,11,17,10;0,6,11,22,23,18;0,7,13,19,12,11,5;0,1,8,14,13,6;1,2,9,15,14,7;2,3,10,16,15,8;3,4,17,23,16,9;4,22,5,6,12,17;6,19,18,17,11;6,7,14,20,19;7,8,15,21,20,13;8,9,16,22,21,14;9,10,23,22,15;4,11,12,18,23,10;0,5,23,17,12,19,1;1,18,12,6,13,20,2;2,19,13,14,21;2,20,14,15,22,4,3;4,21,15,16,23,5,11;5,22,16,10,17,18
torus1298 24 5,6,13,20,21,14,7,18,23;2,19,18,7,8;1,8,9,3,20,19;2,9,10,4,22,21,20;3,10,11,5,23,22;0,23,4,11,6;0,5,11,12,13;0,14,8,1,18;1,7,14,9,2;2,8,14,15,16,10,3;3,9,16,17,11,4;4,10,17,12,6,5;6,11,17,23,18,19,13;0,6,12,19,20;0,21,15,9,8,7;9,14,21,22,16;9,15,22,17,10;10,16,22,23,12,11;0,7,1,19,12,23;1,2,20,13,12,18;0,13,19,2,3,21;0,20,3,22,15,14;3,4,23,17,16,15,21;0,18,12,17,22,4,5
torus1299 24 1,7,6,5,18;0,18,19,2,8,7;1,19,20,3,9,8;2,20,21,22,4,10,9;3,22,23,5,6,11,10;0,6,4,23,18;0,7,13,12,11,4,5;0,1,8,13,6;1,2,9,15,14,13,7;2,3,10,17,16,15,8;3,4,11,17,9;4,6,12,17,10;6,13,20,19,17,11;6,7,8,14,21,20,12;8,15,22,21,13;8,9,16,22,14;9,17,23,22,15;9,10,11,12,19,18,23,16;0,5,23,17,19,1;1,18,17,12,20,2;2,19,12,13,21,3;3,20,13,14,22;3,21,14,15,16,23,4;4,22,16,17,18,5
torus1300 24 1,7,6,5,23;0,23,17,18,2,8,7;1,18,19,20,21,3,9,8;2,21,4,10,9;3,21,22,23,5,11,10;0,6,12,11,4,23;0,7,13,12,5;0,1,8,15,14,13,6;1,2,9,16,15,7;2,3,10,17,16,8;3,4,11,17,9;4,5,12,18,17,10;5,6,13,19,18,11;6,7,14,20,19,12;7,15,21,20,13;7,8,16,22,21,14;8,9,17,23,22,15;1,23,16,9,10,11,18;1,17,11,12,19,2;2,18,12,13,20;2,19,13,14,21;2,20,14,15,22,4,3;4,21,15,16,23;0,5,4,22,16,17,1
torus1301 24 1,7,6,5,22,23,18,19;0,19,2,8,7;1,19,20,3,8;2,20,21,22,4,10,9,8;3,22,5,11,10;0,6,11,4,22;0,7,13,11,5;0,1,8,14,13,6;1,2,3,9,15,14,7;3,10,16,15,8;3,4,11,17,16,9;4,5,6,13,12,17,10;11,13,19,18,17;6,7,14,19,12,11;7,8,15,21,20,19,13;8,9,16,22,21,14;9,10,17,23,22,15;10,11,12,18,23,16;0,23,17,12,19;0,18,12,13,14,20,2,1;2,19,14,21,3;3,20,14,15,22;0,5,4,3,21,15,16,23;0,22,16,17,18
torus1302 24 1,7,6,5,23,18;0,18,19,2,8,7;1,19,13,20,3,9,8;2,20,21,4,5,11,10,9;3,21,22,23,5;0,6,11,3,4,23;0,7,13,12,11,5;0,1,8,14,13,6;1,2,9,15,14,7;2,3,10,15,8;3,11,17,16,15,9;3,5,6,12,17,10;6,13,19,18,17,11;2,19,12,6,7,14,20;7,8,15,16,21,20,13;8,9,10,16,14;10,17,22,21,14,15;10,11,12,18,23,22,16;0,23,17,12,19,1;1,18,12,13,2;2,13,14,21,3;3,20,14,16,22,4;4,21,16,17,23;0,5,4,22,17,18
torus1303 24 1,7,6,5,23,18;0,18,19,2,7;1,19,20,21,3,9,8,7;2,21,4,10,9;3,21,22,23,5,10;0,6,11,10,4,23;0,7,13,12,11,5;0,1,2,8,14,13,6;2,9,15,14,7;2,3,10,16,15,8;3,4,5,11,17,16,9;5,6,12,17,10;6,13,19,17,11;6,7,14,20,19,12;7,8,15,20,13;8,9,16,22,20,14;9,10,17,23,22,15;10,11,12,19,18,23,16;0,23,17,19,1;1,18,17,12,13,20,2;2,19,13,14,15,22,21;2,20,22,4,3;4,21,20,15,16,23;0,5,4,22,16,17,18
torus1304 24 1,7,13,6,23,17,18;0,18,19,8,7;3,10,9,8,19,20;2,20,21,4,10;3,21,22,5,11,10;4,22,23,6,11;0,13,12,11,5,23;0,1,8,14,20,13;1,19,2,9,15,14,7;2,10,16,15,8;2,3,4,11,17,16,9;4,5,6,12,17,10;6,13,20,19,18,17,11;0,7,20,12,6;7,8,15,21,20;8,9,16,22,21,14;9,10,17,22,15;0,23,22,16,10,11,12,18;0,17,12,19,1;1,18,12,20,2,8;2,19,12,13,7,14,21,3;3,20,14,15,22,4;4,21,15,16,17,23,5;0,6,5,22,17
torus1305 24 1,7,13,6,5,23,18;0,18,19,8,7;3,9,15,8,19,20;2,20,21,4,11,10,9;3,21,22,5,11;0,6,11,4,22,23;0,13,12,11,5;0,1,8,14,20,13;1,19,2,15,14,7;2,3,10,16,15;3,11,12,17,16,9;3,4,5,6,12,10;6,13,20,19,17,10,11;0,7,20,12,6;7,8,15,21,20;2,9,16,22,21,14,8;9,10,17,23,22,15;10,12,19,18,23,16;0,23,17,19,1;1,18,17,12,20,2,8;2,19,12,13,7,14,21,3;3,20,14,15,22,4;4,21,15,16,23,5;0,5,22,16,17,18
torus1306 24 1,7,5,23,18;0,18,19,2,9,8,7;1,19,20,3,9;2,20,4,10,9;3,20,21,22,23,5,6,11,10;0,7,13,6,4,23;4,5,13,12,11;0,1,8,13,5;1,9,16,15,14,13,7;1,2,3,10,16,8;3,4,11,17,16,9;4,6,12,17,10;6,13,20,19,18,23,17,11;5,7,8,14,20,12,6;8,15,21,20,13;8,16,22,21,14;8,9,10,17,23,22,15;10,11,12,23,16;0,23,12,19,1;1,18,12,20,2;2,19,12,13,14,21,4,3;4,20,14,15,22;4,21,15,16,23;0,5,4,22,16,17,12,18
torus1307 24 1,7,13,6,5,23,18;0,18,2,8,7;1,18,19,3,9,8;2,19,20,4,10,9;3,20,14,21,22,5,11,10;0,6,11,4,22,23;0,13,12,17,11,5;0,1,8,14,20,13;1,2,9,15,21,14,7;2,3,10,16,15,8;3,4,11,17,16,9;4,5,6,17,10;6,13,19,18,23,17;0,7,20,19,12,6;4,20,7,8,21;8,9,16,22,21;9,10,17,22,15;6,12,23,22,16,10,11;0,23,12,19,2,1;2,18,12,13,20,3;3,19,13,7,14,4;4,14,8,15,22;4,21,15,16,17,23,5;0,5,22,17,12,18
torus1308 24 1,7,6,23,18;0,18,19,3,2,8,7;1,3,9,15,8;1,19,20,21,22,4,10,9,2;3,22,5,11,10;4,22,15,16,6,7,11;0,7,5,16,23;0,1,8,14,13,12,11,5,6;1,2,15,14,7;2,3,10,16,15;3,4,11,17,16,9;4,5,7,12,17,10;7,13,19,18,23,17,11;7,14,20,19,12;7,8,15,21,20,13;2,9,16,5,22,21,14,8;5,15,9,10,17,23,6;10,11,12,23,16;0,23,12,19,1;1,18,12,13,20,3;3,19,13,14,21;3,20,14,15,22;3,21,15,5,4;0,6,16,17,12,18
torus1309 24 1,8,7,5,4,22,15,23,18;0,18,20,2,8;1,20,3,9,8;2,20,21,22,4,9;0,5,11,10,16,9,3,22;0,7,14,6,11,4;5,14,13,12,11;0,8,9,14,5;0,1,2,9,7;2,3,4,16,23,15,13,14,7,8;4,11,12,17,16;4,5,6,12,10;6,13,19,17,10,11;6,14,9,15,21,19,12;5,7,9,13,6;0,22,21,13,9,23;4,10,17,23,9;10,12,19,18,23,16;0,23,17,19,20,1;12,13,21,20,18,17;1,18,19,21,3,2;3,20,19,13,15,22;0,4,3,21,15;0,15,9,16,17,18
torus1310 24 1,7,5,23,18;0,18,19,8,7;3,8,19,13,20;2,20,4,10,9,14,8;3,20,21,22,5,7,11,17,10;0,7,4,22,16,23;7,14,13,12,11;0,1,8,14,6,11,4,5;1,19,2,3,14,7;3,10,16,15,14;3,4,17,16,9;4,7,6,12,18,17;6,13,19,18,11;2,19,12,6,14,21,20;3,9,15,21,13,6,7,8;9,16,22,21,14;5,22,15,9,10,17,23;4,11,18,23,16,10;0,23,17,11,12,19,1;1,18,12,13,2,8;2,13,21,4,3;4,20,13,14,15,22;4,21,15,16,5;0,5,16,17,18
torus1311 24 1,7,5,23,18;0,18,12,19,7;3,9,8,7,20,21;2,21,4,10,9;3,21,22,23,5,8,6,11,10;0,7,8,4,23;4,8,14,13,11;0,1,19,20,2,8,5;2,9,15,14,6,4,5,7;2,3,10,16,22,15,8;3,4,11,17,16,9;4,6,13,12,18,17,10;1,18,11,13,19;6,14,20,19,12,11;6,8,15,20,13;8,9,22,20,14;9,10,17,23,22;10,11,18,23,16;0,23,17,11,12,1;1,12,13,20,7;2,7,19,13,14,15,22,21;2,20,22,4,3;4,21,20,15,9,16,23;0,5,4,22,16,17,18
torus1312 24 1,13,7,5,22,23,18;0,18,2,9,8,13;1,18,19,16,9;4,11,10,20,14,21;3,21,22,5,11;0,7,6,11,4,22;5,7,12,17,11;0,13,19,12,6,5;1,9,15,14,13;1,2,16,15,8;3,11,17,16,20;3,4,5,6,17,10;6,7,19,18,17;0,1,8,14,19,7;3,20,19,13,8,15,21;8,9,16,21,14;2,19,20,10,17,23,22,21,15,9;6,12,18,23,16,10,11;0,23,17,12,19,2,1;2,18,12,7,13,14,20,16;3,10,16,19,14;3,14,15,16,22,4;0,5,4,21,16,23;0,22,16,17,18
torus1313 24 5,6,7,18,23;7,8,19,12,18;3,19,8,15,9;2,9,10,21,20,19;5,22,15,21,11;0,23,22,4,11,6;0,5,11,17,13,7;0,6,13,14,8,1,18;1,7,14,15,2,19;2,15,16,10,3;3,9,16,18,17,21;4,21,17,6,5;1,19,13,17,18;6,17,12,19,20,14,7;7,13,20,21,15,8;2,8,14,21,4,22,16,9;9,15,22,23,18,10;6,11,21,10,18,12,13;0,7,1,12,17,10,16,23;1,8,2,3,20,13,12;3,21,14,13,19;3,10,17,11,4,15,14,20;4,5,23,16,15;0,18,16,22,5
torus1314 24 1,7,13,6,23;0,23,18,12,19,7;3,9,8,7,19,20;2,20,14,21,22,4,9;3,22,17,10,9;6,11,22,15,16;0,13,20,12,11,5,16,23;0,1,19,2,8,13;2,9,16,15,21,14,13,7;2,3,4,10,16,8;4,17,18,16,9;5,6,12,17,22;1,18,17,11,6,20,19;0,7,8,14,20,6;3,20,13,8,21;5,22,21,8,16;5,15,8,9,10,18,23,6;4,22,11,12,18,10;1,23,16,10,17,12;1,12,20,2,7;2,19,12,6,13,14,3;3,14,8,15,22;3,21,15,5,11,17,4;0,6,16,18,1
torus1315 24 1,14,7,23,17,18;0,18,19,2,8,14;1,19,20,9,8;7,14,21,10,9,20;5,11,10,21,22;4,22,23,6,11;5,23,7,13,11;0,14,3,20,13,6,23;1,2,9,16,15,14;2,20,3,10,16,8;3,21,4,11,16,9;4,5,6,13,12,16,10;11,13,19,18,17,16;6,7,20,19,12,11;0,1,8,15,21,3,7;8,16,17,22,21,14;8,9,10,11,12,17,15;0,23,22,15,16,12,18;0,17,12,19,1;1,18,12,13,20,2;2,19,13,7,3,9;3,14,15,22,4,10;4,21,15,17,23,5;0,7,6,5,22,17
torus1316 24 1,2,19,18,23,6,7;0,7,15,8,2;0,1,8,9,3,19;2,9,4,20,19;3,9,10,17,11,5,22,21,20;4,11,12,6,23,16,22;0,23,5,12,13,7;0,6,13,14,15,1;1,15,16,10,9,2;2,8,10,4,3;4,9,8,16,17;4,17,18,12,5;5,11,18,13,6;6,12,18,19,14,7;7,13,19,20,21,15;1,7,14,21,22,16,8;5,23,17,10,8,15,22;4,10,16,23,18,11;0,19,13,12,11,17,23;0,2,3,20,14,13,18;3,4,21,14,19;4,22,15,14,20;4,5,16,15,21;0,18,17,16,5,6
torus1317 24 1,7,6,5,22,23;0,23,18,19,2,8,7;1,19,20,3,10,11,8;2,20,14,21,4,10;3,21,15,5,10;0,6,11,10,4,15,22;0,7,14,13,12,11,5;0,1,8,14,6;1,2,11,9,15,21,14,7;8,11,12,17,16,15;2,3,4,5,11;2,10,5,6,12,9,8;6,13,19,18,17,9,11;6,14,20,19,12;3,20,13,6,7,8,21;4,21,8,9,16,22,5;9,17,23,22,15;9,12,18,23,16;1,23,17,12,19;1,18,12,13,20,2;2,19,13,14,3;3,14,8,15,4;0,5,15,16,23;0,22,16,17,18,1
torus1318 24 1,7,6,23,18;0,18,19,20,2,8,7;1,20,3,9,8;2,20,10,17,16,9;10,20,21,22,11;6,12,11,22,23;0,7,13,19,12,5,23;0,1,8,13,6;1,2,9,15,14,13,7;2,3,16,15,8;3,20,4,11,12,17;4,22,5,12,10;5,6,19,18,17,10,11;6,7,8,14,21,19;8,15,22,21,13;8,9,16,22,14;3,17,23,22,15,9;3,10,12,18,23,16;0,23,17,12,19,1;1,18,12,6,13,21,20;1,19,21,4,10,3,2;4,20,19,13,14,22;4,21,14,15,16,23,5,11;0,6,5,22,16,17,18
torus1319 24 1,7,5,23,18;0,18,19,2,8,7;1,19,20,14,21,9,8;4,22,5,10,9,21;3,21,14,13,15,22;0,7,6,11,10,3,22,23;5,7,13,12,11;0,1,8,15,13,6,5;1,2,9,15,7;2,21,3,10,17,16,15,8;3,5,11,17,9;5,6,12,18,17,10;6,13,20,19,18,11;4,14,20,12,6,7,15;2,20,13,4,21;4,13,7,8,9,16,22;9,17,18,23,22,15;9,10,11,18,16;0,23,16,17,11,12,19,1;1,18,12,20,2;2,19,12,13,14;2,14,4,3,9;3,4,15,16,23,5;0,5,22,16,18
torus1320 24 1,2,8,6,18;0,18,12,19,2;0,1,19,20,3,9,8;2,20,21,4,10,9;3,21,5,11,10;4,21,22,23,6,11;0,8,7,13,11,5,23,17,18;6,8,14,20,13;0,2,9,16,15,14,7,6;2,3,10,17,16,8;3,4,11,19,12,17,9;4,5,6,13,19,10;1,18,17,10,19;6,7,20,19,11;7,8,15,22,21,20;8,16,23,22,14;8,9,17,23,15;6,23,16,9,10,12,18;0,6,17,12,1;1,12,10,11,13,20,2;2,19,13,7,14,21,3;3,20,14,22,5,4;5,21,14,15,23;5,22,15,16,17,6
torus1321 24 1,7,8,13,6,5,23,18;0,18,12,2,7;1,12,19,3,9,7;2,19,13,20,4,9;3,20,21,22,5,10,9;0,6,10,4,22,23;0,13,19,12,11,10,5;0,1,2,9,8;0,7,9,14,13;2,3,4,10,15,14,8,7;4,5,6,11,16,15,9;6,12,17,16,10;1,18,17,11,6,19,2;0,8,14,20,3,19,6;8,9,15,21,20,13;9,10,16,23,22,21,14;10,11,17,23,15;11,12,18,23,16;0,23,17,12,1;2,12,6,13,3;3,13,14,21,4;4,20,14,15,22;4,21,15,23,5;0,5,22,15,16,17,18
torus1322 24 4,5,6,13,14,7,23,22;2,19,18,23,7;1,7,9,3,19;2,9,4,22,21,19;0,22,3,9,10,5;0,4,10,11,6;0,5,11,12,13;0,14,8,9,2,1,23;7,14,15,22,16,9;2,7,8,16,17,10,4,3;4,9,17,11,5;5,10,17,12,6;6,11,17,18,13;0,6,12,18,19,20,14;0,13,20,15,8,7;8,14,20,21,22;8,22,23,18,17,9;9,16,18,12,11,10;1,19,13,12,17,16,23;1,2,3,21,20,13,18;13,19,21,15,14;3,22,15,20,19;0,23,16,8,15,21,3,4;0,7,1,18,16,22
torus1323 24 6,20,7,18,23;7,15,22,9,8,18;8,9,20,13,19;4,21,20,9,10;3,10,18,11,5,21;4,11,6,23,16,22,14,21;0,23,5,11,12,13,20;0,20,15,1,18;1,9,2,19,18;1,22,16,17,10,3,20,2,8;3,9,17,18,4;4,18,12,6,5;6,11,18,19,13;2,20,6,12,19;5,22,15,20,21;1,7,20,14,22;5,23,17,9,22;9,16,23,18,10;0,7,1,8,19,12,11,4,10,17,23;2,13,12,18,8;0,6,13,2,9,3,21,14,15,7;3,4,5,14,20;1,15,14,5,16,9;0,18,17,16,5,6
torus1324 24 1,6,5,22,16,23,18;0,18,2,7,6;1,18,20,9,8,7;4,9,20,14,21;3,21,5,10,9;0,6,10,4,21,22;0,1,7,12,11,10,5;1,2,8,21,14,13,12,6;2,9,15,21,7;2,20,3,4,10,15,8;4,5,6,11,17,16,15,9;6,12,19,17,10;6,7,13,19,11;7,14,20,19,12;3,20,13,7,21;8,9,10,16,22,21;0,22,15,10,17,23;10,11,19,23,16;0,23,19,20,2,1;11,12,13,20,18,23,17;2,18,19,13,14,3,9;3,14,7,8,15,22,5,4;0,5,21,15,16;0,16,17,19,18
torus1325 24 1,7,13,12,6,23;0,23,17,9,8,7;3,9,18,19,20;2,20,4,10,16,9;3,20,21,22,5,10;4,22,6,11,10;0,12,11,5,22,23;0,1,8,14,13;1,9,15,14,7;1,17,18,2,3,16,22,15,8;3,4,5,11,17,23,16;5,6,12,17,10;0,13,19,18,17,11,6;0,7,14,20,19,12;7,8,15,21,20,13;8,9,22,21,14;3,10,23,22,9;1,23,10,11,12,18,9;2,9,17,12,19;2,18,12,13,20;2,19,13,14,21,4,3;4,20,14,15,22;4,21,15,9,16,23,6,5;0,6,22,16,10,17,1
torus1326 24 1,7,6,5,23,16,10,17,18;0,18,8,14,7;3,9,18,19,20;2,20,22,4,11,10,9;3,22,23,5,11;0,6,19,12,11,4,23;0,7,13,19,5;0,1,14,13,6;1,18,9,15,14;2,3,10,16,15,8,18;0,16,9,3,11,17;3,4,5,12,17,10;5,19,18,17,11;6,7,14,21,19;1,8,15,21,13,7;8,9,16,22,21,14;0,23,22,15,9,10;0,10,11,12,18;0,17,12,19,2,9,8,1;2,18,12,5,6,13,21,20;2,19,21,22,3;13,14,15,22,20,19;3,20,21,15,16,23,4;0,5,4,22,16
torus1327 24 5,6,7,8,18,23;2,19,12,11,18,8;1,8,15,9,20,19;4,20,9,16,17,10,5;3,5,22,21,20;0,23,22,4,3,10,6;0,5,10,13,7;0,6,13,14,8;0,7,14,15,2,1,18;2,15,22,16,3,20;3,17,11,12,13,6,5;1,12,10,17,18;1,19,13,10,11;6,10,12,19,14,7;7,13,19,21,15,8;2,8,14,21,22,9;3,9,22,23,17;3,16,23,18,11,10;0,8,1,11,17,23;1,2,20,21,14,13,12;2,9,3,4,21,19;4,22,15,14,19,20;4,5,23,16,9,15,21;0,18,17,16,22,5
torus1328 24 1,7,5,18,19;0,19,9,8,14,7;3,9,19,12,13,20;2,20,4,10,9;3,20,21,22,11,17,10;0,7,6,23,18;5,7,14,13,11,22,23;0,1,14,6,5;1,9,16,15,14;1,19,2,3,10,16,8;3,4,17,16,9;4,22,6,13,12,17;2,19,18,16,17,11,13;2,12,11,6,14,20;1,8,15,21,20,13,6,7;8,16,22,21,14;8,9,10,17,12,18,23,22,15;4,11,12,16,10;0,5,23,16,12,19;0,18,12,2,9,1;2,13,14,21,4,3;4,20,14,15,22;4,21,15,16,23,6,11;5,6,22,16,18
torus1329 24 1,2,18,23,22,4,5,6,7;0,7,8,9,3,20,2;0,1,20,13,19,18;1,9,5,4,21,20;0,22,21,3,5;0,4,3,9,11,6;0,5,11,12,13,7;0,6,13,14,15,8,1;1,7,15,16,10,9;1,8,10,11,5,3;8,16,17,12,11,9;5,9,10,12,6;6,11,10,17,19,13;2,20,14,7,6,12,19;7,13,20,21,22,15;7,14,22,23,16,8;8,15,23,18,17,10;10,16,18,19,12;0,2,19,17,16,23;2,13,12,17,18;1,3,21,14,13,2;3,4,22,14,20;0,23,15,14,21,4;0,18,16,15,22
torus1330 24 6,7,18,13,17,23;7,14,8,19,18;3,21,20,19,8,9;2,9,10,17,4,21;3,17,11,22,21;6,23,16,22,11,12,14;0,23,5,14,7;0,6,14,1,18;1,14,9,2,19;2,8,14,15,16,10,3;3,9,16,23,17;4,17,12,5,22;5,11,17,13,14;0,18,19,20,14,12,17;1,7,6,5,12,13,20,15,9,8;9,14,20,21,22,16;5,23,10,9,15,22;0,13,12,11,4,3,10,23;0,7,1,19,13;1,8,2,20,13,18;2,21,15,14,13,19;2,3,4,22,15,20;4,11,5,16,15,21;0,17,10,16,5,6
torus1331 24 1,14,7,6,5,23,16,18;0,18,19,2,8,14;1,19,3,9,8;2,19,20,21,22,16,23,4,10,9;3,23,5,11,10;0,6,11,4,23;0,7,13,12,17,15,11,5;0,14,21,20,13,6;1,2,9,15,22,14;2,3,10,15,8;3,4,11,15,9;4,5,6,15,10;6,13,19,18,17;6,7,20,19,12;0,1,8,22,21,7;6,17,22,8,9,10,11;0,23,3,22,17,18;6,12,18,16,22,15;0,16,17,12,19,1;1,18,12,13,20,3,2;3,19,13,7,21;3,20,7,14,22;3,21,14,8,15,17,16;0,5,4,3,16
torus1332 24 1,7,13,6,23;0,23,17,18,19,2,8,14,7;1,19,3,9,8;2,19,20,21,10,9;5,10,21,15,22,23;4,23,6,11,10;0,13,12,11,5,23;0,1,14,20,13;1,2,9,15,14;2,3,10,16,22,15,8;3,21,4,5,11,16,9;5,6,12,17,16,10;6,13,18,17,11;0,7,20,19,18,12,6;1,8,15,21,20,7;4,21,14,8,9,22;9,10,11,17,23,22;1,23,16,11,12,18;1,17,12,13,19;1,18,13,20,3,2;3,19,13,7,14,21;3,20,14,15,4,10;4,15,9,16,23;0,6,5,4,22,16,17,1
torus1333 24 1,18,17,23,14,22;0,22,4,5,6,8,2,19,18;1,8,3,21,19;2,8,9,4,22,21;1,22,3,9,10,11,5;1,4,11,12,6;1,5,12,13,7,8;6,13,20,22,14,8;1,6,7,14,15,9,3,2;3,8,15,16,10,4;4,9,16,17,11;4,10,17,18,12,5;5,11,18,19,13,6;6,12,19,20,7;0,23,15,8,7,22;8,14,23,16,9;9,15,23,17,10;0,18,11,10,16,23;0,1,19,12,11,17;1,2,21,20,13,12,18;7,13,19,21,22;2,3,22,20,19;0,14,7,20,21,3,4,1;0,17,16,15,14
torus1334 24 1,7,6,5,22,23;0,23,17,18,20,2,7;1,20,4,3,9,8,7;2,4,10,17,9;2,20,21,5,10,3;0,6,12,11,10,4,21,22;0,7,13,12,5;0,1,2,8,21,14,13,6;2,9,15,21,7;2,3,17,16,15,8;3,4,5,11,17;5,12,18,17,10;5,6,13,19,18,11;6,7,14,19,12;7,21,20,19,13;8,9,16,22,21;9,17,23,22,15;1,23,16,9,3,10,11,18;1,17,11,12,19,20;12,13,14,20,18;1,18,19,14,21,4,2;4,20,14,7,8,15,22,5;0,5,21,15,16,23;0,22,16,17,1
torus1335 24 1,7,5,23,18,19;0,19,2,9,8,7;1,19,20,14,21,3,9;2,21,22,4,9;3,22,6,12,11,10,9;0,7,6,16,23;4,22,16,5,7,20,13,12;0,1,8,14,20,6,5;1,9,15,14,7;1,2,3,4,10,15,8;4,11,17,16,15,9;4,12,18,17,10;4,6,13,18,11;6,20,19,18,12;2,20,7,8,15,21;8,9,10,16,21,14;5,6,22,21,15,10,17,23;10,11,18,23,16;0,23,17,11,12,13,19;0,18,13,20,2,1;2,19,13,6,7,14;2,14,15,16,22,3;3,21,16,6,4;0,5,16,17,18
torus1336 24 1,7,13,6,5,23,18;0,18,2,8,7;1,18,19,20,9,15,8;7,14,21,11,10,9,20,13;5,6,12,11,22,16;0,6,4,16,23;0,13,20,19,12,4,5;0,1,8,14,3,13;1,2,15,14,7;2,20,3,10,16,22,15;3,11,17,16,9;3,21,22,4,12,17,10;4,6,19,18,17,11;0,7,3,20,6;3,7,8,15,21;2,9,22,21,14,8;4,22,9,10,17,23,5;10,11,12,18,23,16;0,23,17,12,19,2,1;2,18,12,6,20;2,19,6,13,3,9;3,14,15,22,11;4,11,21,15,9,16;0,5,16,17,18
torus1337 24 1,6,22,23,18;0,18,2,8,7,6;1,18,19,13,20,9,15,8;4,10,9,20,21;3,21,22,5,10;4,22,6,11,10;0,1,7,13,19,12,11,5,22;1,8,14,21,20,13,6;1,2,15,14,7;2,20,3,10,17,15;3,4,5,11,17,9;5,6,12,17,10;6,19,18,17,11;2,19,6,7,20;7,8,15,16,21;2,9,17,16,14,8;14,15,17,23,22,21;9,10,11,12,18,23,16,15;0,23,17,12,19,2,1;2,18,12,6,13;2,13,7,21,3,9;3,20,7,14,16,22,4;0,6,5,4,21,16,23;0,22,16,17,18
torus1338 24 5,6,14,7,18;2,19,23,18,7,8,9;1,9,10,3,20,19;2,10,17,11,4,21,20;3,11,6,22,21;0,18,23,22,6;0,5,22,4,11,12,13,14;0,14,21,8,1,18;1,7,21,15,9;1,8,15,16,10,2;2,9,16,17,3;3,17,12,6,4;6,11,17,19,13;6,12,19,20,21,14;0,6,13,21,7;8,21,22,16,9;9,15,22,17,10;3,10,16,22,23,19,12,11;0,7,1,23,5;1,2,20,13,12,17,23;2,3,21,13,19;3,4,22,15,8,7,14,13,20;4,6,5,23,17,16,15,21;1,19,17,22,5,18
torus1339 24 1,2,18,17,5;0,5,7,8,9,3,2;0,1,3,20,19,18;1,9,21,20,2;5,22,14,21,9,10,6;0,17,23,22,4,6,13,7,1;4,10,11,12,13,5;1,5,13,14,8;1,7,14,15,9;1,8,15,16,10,4,21,3;4,9,16,23,17,11,6;6,10,17,18,12;6,11,18,19,13;5,6,12,19,14,7;4,22,15,8,7,13,19,20,21;8,14,22,16,9;9,15,22,23,10;0,18,11,10,23,5;0,2,19,12,11,17;2,20,14,13,12,18;2,3,21,14,19;3,9,4,14,20;4,5,23,16,15,14;5,17,10,16,22
torus1340 24 1,6,5,23,18;0,18,19,2,8,6;1,19,20,3,9,16,8;2,20,4,10,9;3,20,21,5,11,10;0,6,11,4,21,23;0,1,8,12,22,17,11,5;8,15,21,14,13;1,2,16,15,7,13,12,6;2,3,10,17,16;3,4,11,17,9;4,5,6,17,10;6,8,13,19,18,23,22;7,14,19,12,8;7,21,20,19,13;7,8,16,22,21;2,9,17,22,15,8;6,22,16,9,10,11;0,23,12,19,1;1,18,12,13,14,20,2;2,19,14,21,4,3;4,20,14,7,15,22,23,5;6,12,23,21,15,16,17;0,5,21,22,12,18
torus1341 24 5,11,13,18,23;2,19,17,18,7,8;1,8,9,20,19;4,21,20,23,10;3,10,11,5,22,21;0,23,16,22,4,11;10,17,12,13,11;1,18,13,14,15,8;1,7,15,9,2;2,8,15,22,16,20;3,23,18,17,6,11,4;0,5,4,10,6,13;6,17,19,20,13;0,11,6,12,20,14,7,18;7,13,20,21,15;7,14,21,22,9,8;5,23,20,9,22;1,19,12,6,10,18;0,13,7,1,17,10,23;1,2,20,12,17;2,9,16,23,3,21,14,13,12,19;3,4,22,15,14,20;4,5,16,9,15,21;0,18,10,3,20,16,5
torus1342 24 1,2,7,13,6,5;0,5,18,19,2;0,1,19,20,3,8,7;2,20,4,10,16,9,8;3,20,21,22,10;0,6,11,22,23,18,1;0,13,12,11,5;0,2,8,14,13;2,3,9,14,7;3,16,15,14,8;3,4,22,11,17,16;5,6,12,17,10,22;6,13,19,17,11;0,7,14,15,21,20,19,12,6;7,8,9,15,13;9,16,23,21,13,14;3,10,17,19,18,23,15,9;10,11,12,19,16;1,5,23,16,19;1,18,16,17,12,13,20,2;2,19,13,21,4,3;4,20,13,15,23,22;4,21,23,5,11,10;5,22,21,15,16,18
torus1343 24 5,6,14,7,23;2,19,18,23,7;1,7,8,9,3,20,19;2,9,10,4,22,21,14,20;3,10,5,23,22;0,23,4,10,6;0,5,10,11,12,13,14;0,14,8,2,1,23;2,7,14,15,9;2,8,15,17,11,10,3;3,9,11,6,5,4;6,10,9,17,18,12;6,11,18,19,13;6,12,19,20,14;0,6,13,20,3,21,15,8,7;8,14,21,16,17,9;15,21,22,23,17;9,15,16,23,18,11;1,19,12,11,17,23;1,2,20,13,12,18;2,3,14,13,19;3,22,16,15,14;3,4,23,16,21;0,7,1,18,17,16,22,4,5
torus1344 24 1,7,6,5,4,23,18,19;0,19,8,15,14,7;3,9,15,8,13,20;2,20,21,4,9;0,5,10,9,3,21,23;0,6,11,10,4;0,7,12,11,5;0,1,14,21,20,12,6;1,19,13,2,15;2,3,4,10,15;4,5,11,16,15,9;5,6,12,19,18,17,16,10;6,7,20,13,19,11;2,8,19,12,20;1,15,22,21,7;1,8,2,9,10,16,22,14;10,11,17,22,15;11,18,23,22,16;0,23,17,11,19;0,18,11,12,13,8,1;2,13,12,7,21,3;3,20,7,14,22,23,4;14,15,16,17,23,21;0,4,21,22,17,18
torus1345 24 1,7,13,6,23;0,23,18,19,2,8,7;1,19,20,3,9,8;2,20,21,22,10,16,9;5,11,10,22,15;4,15,16,6,11;0,13,11,5,16,23;0,1,8,14,13;1,2,9,15,22,21,14,7;2,3,16,15,8;3,22,4,11,17,23,16;4,5,6,13,12,17,10;11,13,19,18,17;0,7,14,20,19,12,11,6;7,8,21,20,13;4,22,8,9,16,5;3,10,23,6,5,15,9;10,11,12,18,23;1,23,17,12,19;1,18,12,13,20,2;2,19,13,14,21,3;3,20,14,8,22;3,21,8,15,4,10;0,6,16,10,17,18,1
torus1346 24 4,5,13,7,18,23,22,21;2,20,18,7,8;1,8,9,10,20;4,21,14,20,10;0,21,3,10,11,5;0,4,11,6,13;5,11,12,19,13;0,13,14,8,1,18;1,7,14,15,9,2;2,8,15,16,10;2,9,16,11,4,3,20;4,10,16,12,6,5;6,11,16,17,19;0,5,6,19,20,14,7;3,21,22,15,8,7,13,20;8,14,22,23,16,9;9,15,23,17,12,11,10;12,16,23,18,19;0,7,1,20,19,17,23;6,12,17,18,20,13;1,2,10,3,14,13,19,18;0,22,14,3,4;0,23,15,14,21;0,18,17,16,15,22
torus1347 24 1,7,5,23,18,19,8;0,8,15,14,7;6,7,13,9,15,8,19;4,10,9,20,21;3,21,22,5,10;0,7,6,11,10,4,22,23;2,19,11,5,7;0,1,14,13,2,6,5;0,19,2,15,1;2,13,20,3,10,16,15;3,4,5,11,12,17,16,9;5,6,19,12,10;10,11,19,18,17;2,7,14,20,9;1,15,21,20,13,7;1,8,2,9,16,21,14;9,10,17,23,22,21,15;10,12,18,23,16;0,23,17,12,19;0,18,12,11,6,2,8;3,9,13,14,21;3,20,14,15,16,22,4;4,21,16,23,5;0,5,22,16,17,18
torus1348 24 1,7,6,5,23,17,18;0,18,2,8,7;1,18,12,3,9,8;2,12,19,20,10,16,9;5,6,11,10,20,21,15,22;0,6,4,22,23;0,7,13,19,12,11,4,5;0,1,8,13,6;1,2,9,22,15,14,13,7;2,3,16,22,8;3,20,4,11,16;4,6,12,17,16,10;2,18,17,11,6,19,3;6,7,8,14,19;8,15,21,19,13;4,21,14,8,22;3,10,11,17,23,22,9;0,23,16,11,12,18;0,17,12,2,1;3,12,6,13,14,21,20;3,19,21,4,10;4,20,19,14,15;4,15,8,9,16,23,5;0,5,22,16,17
torus1349 24 1,7,13,6,5,18;0,18,12,19,2,8,7;1,19,13,20,15,21,3,9,8;2,21,4,11,10,9;3,21,22,6,11;0,6,22,23,18;0,13,19,11,4,22,5;0,1,8,14,13;1,2,9,14,7;2,3,10,14,8;3,11,16,15,20,14,9;3,4,6,19,12,17,16,10;1,18,17,11,19;0,7,14,20,2,19,6;7,8,9,10,20,13;2,20,10,16,22,21;10,11,17,23,22,15;11,12,18,23,16;0,5,23,17,12,1;1,12,11,6,13,2;2,13,14,10,15;2,15,22,4,3;4,21,15,16,23,5,6;5,22,16,17,18
torus1350 24 1,2,19,18,17,23,6,7;0,7,8,15,16,2;0,1,16,9,3,20,19;2,9,4,21,20;3,9,10,11,5,22,21;4,11,12,6,23,22;0,23,5,12,13,7;0,6,13,20,8,1;1,7,20,14,15;2,16,10,4,3;4,9,16,17,11;4,10,17,12,5;5,11,17,18,13,6;6,12,18,19,20,7;8,20,21,22,15;1,8,14,22,16;1,15,22,17,10,9,2;0,18,12,11,10,16,22,23;0,19,13,12,17;0,2,20,13,18;2,3,21,14,8,7,13,19;3,4,22,14,20;4,5,23,17,16,15,14,21;0,17,22,5,6
torus1351 24 1,6,12,5,23,18;0,18,3,7,6;3,18,19,20,21;1,18,2,21,4,10,9,8,7;3,21,5,11,10;0,12,11,4,21,20,14,23;0,1,7,13,12;1,3,8,13,6;3,9,15,14,13,7;3,10,16,15,8;3,4,11,17,16,9;4,5,12,17,10;0,6,13,19,17,11,5;6,7,8,14,20,19,12;5,20,13,8,15,22,23;8,9,16,22,14;9,10,17,22,15;10,11,12,19,18,22,16;0,23,22,17,19,2,3,1;2,18,17,12,13,20;2,19,13,14,5,21;2,20,5,4,3;14,15,16,17,18,23;0,5,14,22,18
torus1352 24 1,8,7,6,5,18;0,18,23,12,8;3,9,8,19,20;2,20,21,4,9;3,21,11,12,17,10,9;0,6,11,22,18;0,7,13,19,12,11,5;0,8,14,13,6;0,1,12,19,2,9,15,21,14,7;2,3,4,10,15,8;4,17,16,15,9;4,21,22,5,6,12;1,23,17,4,11,6,19,8;6,7,14,20,19;7,8,21,20,13;8,9,10,16,21;10,17,23,21,15;4,12,23,16,10;0,5,22,23,1;2,8,12,6,13,20;2,19,13,14,21,3;3,20,14,8,15,16,23,22,11,4;5,11,21,23,18;1,18,22,21,16,17,12
torus1353 24 4,5,23,18,7;2,8,7,18,19;1,19,20,3,9,16,8;2,20,21,4,9;0,7,6,11,10,9,3,21,22,5;0,4,22,16,23;4,7,13,12,11;0,18,1,8,14,13,6,4;1,2,16,15,14,7;2,3,4,10,16;4,11,17,16,9;4,6,12,18,17,10;6,13,19,18,11;6,7,14,19,12;7,8,15,20,19,13;8,16,22,21,20,14;2,9,10,17,23,5,22,15,8;10,11,18,23,16;0,23,17,11,12,19,1,7;1,18,12,13,14,20,2;2,19,14,15,21,3;3,20,15,22,4;4,21,15,16,5;0,5,16,17,18
torus1354 24 1,7,6,17,18;0,18,19,8,7;3,8,19,6,20;2,20,4,5,11,10,16,9,8;3,20,21,22,23,5;3,4,23,17,6,19,11;0,7,13,20,2,19,5,17;0,1,8,14,13,6;1,19,2,3,9,14,7;3,16,15,14,8;3,11,12,17,23,16;3,5,19,12,10;10,11,19,18,17;6,7,14,21,20;7,8,9,15,22,21,13;9,16,23,22,14;3,10,23,15,9;0,6,5,23,10,12,18;0,17,12,19,1;1,18,12,11,5,6,2,8;2,6,13,21,4,3;4,20,13,14,22;4,21,14,15,23;4,22,15,16,10,17,5
torus1355 24 5,6,13,7,18;2,19,18,7,14,9;1,9,3,20,19;2,9,4,21,20;3,9,10,5,22,21;0,18,23,22,4,10,11,6;0,5,11,12,13;0,13,8,14,1,18;7,13,12,20,14;1,14,15,16,17,10,4,3,2;4,9,17,11,5;5,10,17,12,6;6,11,17,18,19,20,8,13;0,6,12,8,7;1,7,8,20,21,15,9;9,14,21,22,16;9,15,22,23,17;9,16,23,18,12,11,10;0,7,1,19,12,17,23,5;1,2,20,12,18;2,3,21,14,8,12,19;3,4,22,15,14,20;4,5,23,16,15,21;5,18,17,16,22
torus1356 24 1,7,6,23,18;0,18,2,8,7;1,18,12,15,14,8;4,10,9,19,20,21,22;3,22,5,11,10;4,22,23,6,12,11;0,7,12,5,23;0,1,8,13,19,9,12,6;1,2,14,13,7;3,10,15,12,7,19;3,4,11,16,15,9;4,5,12,17,16,10;2,18,17,11,5,6,7,9,15;7,8,14,20,19;2,15,21,20,13,8;2,12,9,10,16,23,22,21,14;10,11,17,23,15;11,12,18,23,16;0,23,17,12,2,1;3,9,7,13,20;3,19,13,14,21;3,20,14,15,22;3,21,15,23,5,4;0,6,5,22,15,16,17,18
torus1357 24 1,7,13,6,5,16,9,23,18;0,18,19,8,7;3,8,19,13,20;2,20,21,9,15,8;5,11,10,21,22;0,6,11,4,22,16;0,13,17,11,5;0,1,8,14,20,13;1,19,2,3,15,14,7;0,16,15,3,21,10,23;4,11,17,12,23,9,21;4,5,6,17,10;10,17,19,18,23;0,7,20,2,19,17,6;7,8,15,16,22,20;3,9,16,14,8;0,5,22,14,15,9;6,13,19,12,10,11;0,23,12,19,1;1,18,12,17,13,2,8;2,13,7,14,22,21,3;3,20,22,4,10,9;4,21,20,14,16,5;0,9,10,12,18
torus1358 24 6,13,7,18,23,22;2,19,12,18,7,8,9;1,9,3,20,19;2,9,15,16,10,4,20;3,10,11,5,21,20;4,11,6,22,16,21;0,22,5,11,12,13;0,13,14,8,1,18;1,7,14,15,9;1,8,15,3,2;3,16,17,11,4;4,10,17,23,12,6,5;1,19,13,6,11,23,18;0,6,12,19,21,14,7;7,13,21,15,8;3,9,8,14,21,16;3,15,21,5,22,17,10;10,16,22,23,11;0,7,1,12,23;1,2,20,21,13,12;2,3,4,21,19;4,5,16,15,14,13,19,20;0,23,17,16,5,6;0,18,12,11,17,22
torus1359 24 1,6,5,23,18;0,18,2,8,14,7,6;1,18,19,20,3,9,8;2,20,21,10,16,9;5,6,11,10,22;0,6,4,22,23;0,1,7,13,12,11,4,5;1,14,21,13,6;1,2,9,15,14;2,3,16,15,8;3,21,22,4,11,17,16;4,6,12,17,10;6,13,19,18,17,11;6,7,21,20,19,12;1,8,15,21,7;8,9,16,23,22,21,14;3,10,17,23,15,9;10,11,12,18,23,16;0,23,17,12,19,2,1;2,18,12,13,20;2,19,13,21,3;3,20,13,7,14,15,22,10;4,10,21,15,23,5;0,5,22,15,16,17,18
torus1360 24 1,8,14,23,18;0,18,19,2,8;1,19,20,21,3,9,8;2,21,4,10,9;3,21,22,15,16,5,11,10;4,16,23,6,11;5,23,14,7,12,11;6,14,20,13,12;0,1,2,9,14;2,3,10,17,16,15,14,8;3,4,11,17,9;4,5,6,12,17,10;6,7,13,18,17,11;7,20,19,18,12;0,8,9,15,22,20,7,6,23;4,22,14,9,16;4,15,9,17,18,23,5;9,10,11,12,18,16;0,23,16,17,12,13,19,1;1,18,13,20,2;2,19,13,7,14,22,21;2,20,22,4,3;4,21,20,14,15;0,14,6,5,16,18
torus1361 24 1,6,5,23,18;0,18,19,2,9,8,7,6;1,19,12,13,14,20,9;4,10,20,21,22;3,22,5,6,12,11,10;0,6,4,22,23;0,1,7,12,4,5;1,8,13,12,6;1,9,10,11,17,16,15,14,13,7;1,2,20,10,8;3,4,11,8,9,20;4,12,17,8,10;2,19,17,11,4,6,7,13;2,12,7,8,14;2,13,8,15,21,20;8,16,22,21,14;8,17,23,22,15;8,11,12,19,18,23,16;0,23,17,19,1;1,18,17,12,2;2,14,21,3,10,9;3,20,14,15,22;3,21,15,16,23,5,4;0,5,22,16,17,18
torus1362 24 1,7,13,6,5,22,23,18;0,18,2,8,7;1,18,19,15,8;4,10,9,20,13,21;3,21,5,6,11,17,10;0,6,4,21,22;0,13,11,4,5;0,1,8,14,13;1,2,15,16,14,7;3,10,16,15,19,20;3,4,17,16,9;4,6,13,12,18,17;11,13,20,19,18;0,7,14,21,3,20,12,11,6;7,8,16,21,13;2,19,9,16,8;8,15,9,10,17,23,22,21,14;4,11,18,23,16,10;0,23,17,11,12,19,2,1;2,18,12,20,9,15;3,9,19,12,13;3,13,14,16,22,5,4;0,5,21,16,23;0,22,16,17,18
torus1363 24 1,8,15,7,23,18;0,18,19,2,8;1,19,3,4,10,9,8;2,19,20,21,22,4;2,3,22,5,6,11,10;4,22,16,23,6;4,5,23,7,12,11;0,15,14,13,12,6,23;0,1,2,9,15;2,10,16,22,15,8;2,4,11,16,9;4,6,12,19,17,16,10;6,7,13,19,11;7,14,20,19,12;7,15,21,20,13;0,8,9,22,21,14,7;5,22,9,10,11,17,23;11,19,18,23,16;0,23,17,19,1;1,18,17,11,12,13,20,3,2;3,19,13,14,21;3,20,14,15,22;3,21,15,9,16,5,4;0,7,6,5,16,17,18
torus1364 24 1,7,5,23,18;0,18,19,8,14,7;3,9,15,8,19;2,19,20,21,4,10,9;3,21,22,11,6,10;0,7,11,22,23;4,11,14,13,12,17,10;0,1,14,11,5;1,19,2,15,14;2,3,10,17,16,15;3,4,6,17,9;4,22,5,7,14,6;6,13,19,18,17;6,14,15,20,19,12;1,8,15,13,6,11,7;2,9,16,23,22,21,20,13,14,8;9,17,18,23,15;6,12,18,16,9,10;0,23,16,17,12,19,1;1,18,12,13,20,3,2,8;3,19,13,15,21;3,20,15,22,4;4,21,15,23,5,11;0,5,22,15,16,18
torus1365 24 1,2,19,23,6;0,6,7,8,2;0,1,8,9,10,4,3,20,19;2,4,21,14,20;2,10,11,5,21,3;4,11,12,6,21;0,23,22,21,5,12,13,7,1;1,6,13,14,8;1,7,14,9,2;2,8,14,15,16,10;2,9,16,17,11,4;4,10,17,18,19,12,5;5,11,19,20,13,6;6,12,20,14,7;3,21,15,9,8,7,13,20;9,14,21,22,16;9,15,22,17,10;10,16,22,18,11;11,17,22,23,19;0,2,20,12,11,18,23;2,3,14,13,12,19;3,4,5,6,22,15,14;6,23,18,17,16,15,21;0,19,18,22,6
torus1366 24 1,8,14,7,6,23,17,18;0,18,19,20,2,8;1,20,3,9,8;2,20,4,10,9;3,20,21,22,5,11,17,10;4,22,23,6,11;0,7,11,5,23;0,14,13,12,11,6;0,1,2,9,14;2,3,10,16,15,21,14,8;3,4,17,16,9;4,5,6,7,12,17;7,13,19,18,17,11;7,14,20,19,12;0,8,9,21,20,13,7;9,16,23,22,21;9,10,17,23,15;0,23,16,10,4,11,12,18;0,17,12,19,1;1,18,12,13,20;1,19,13,14,21,4,3,2;4,20,14,9,15,22;4,21,15,23,5;0,6,5,22,15,16,17
torus1367 24 1,5,6,7,8;0,8,15,2,23,5;1,15,10,9,20,19,18,23;4,22,20,9,6;3,6,5,23,22;0,1,23,4,6;0,5,4,3,9,10,11,12,19,13,7;0,6,13,14,8;0,7,14,21,15,1;2,10,6,3,20;2,15,22,16,11,6,9;6,10,16,17,12;6,11,17,18,19;6,19,20,14,7;7,13,20,21,8;1,8,21,22,10,2;10,22,23,17,11;11,16,23,18,12;2,19,12,17,23;2,20,13,6,12,18;2,9,3,22,21,14,13,19;8,14,20,22,15;3,4,23,16,10,15,21,20;1,2,18,17,16,22,4,5
torus1368 24 1,6,5,23,19;0,19,2,7,6;1,19,20,9,16,22,15,8,7;4,10,9,20,21;3,21,14,15,11,12,17,10;0,6,11,22,23;0,1,7,11,5;1,2,8,13,12,11,6;2,15,14,13,7;2,20,3,10,16;3,4,17,16,9;4,15,22,5,6,7,12;4,11,7,13,18,17;7,8,14,18,12;4,21,19,18,13,8,15;2,22,11,4,14,8;2,9,10,17,18,23,22;4,12,18,16,10;12,13,14,19,23,16,17;0,23,18,14,21,20,2,1;2,19,21,3,9;3,20,19,14,4;2,16,23,5,11,15;0,5,22,16,18,19
torus1369 24 5,7,18,23,16,22;2,18,7,6,14,21,15,8;1,8,9,3,20,18;2,9,10,21,20;10,12,11,22,21;0,22,11,6,7;1,7,5,11,12,13,14;0,5,6,1,18;1,15,16,9,2;2,8,16,10,3;3,9,16,17,12,4,21;4,12,6,5,22;4,10,17,19,13,6,11;6,12,19,20,14;1,6,13,20,21;1,21,22,16,8;0,23,17,10,9,8,15,22;10,16,23,19,12;0,7,1,2,20,23;12,17,23,20,13;2,3,21,14,13,19,23,18;1,14,20,3,10,4,22,15;0,16,15,21,4,11,5;0,18,20,19,17,16
torus1370 24 1,7,6,11,5,23,18;0,18,13,19,2,7;1,19,20,8,7;8,20,21,9,15;5,11,10,21,22;0,11,4,22,23;0,7,8,14,13,12,11;0,1,2,8,6;2,20,3,15,14,6,7;3,21,10,16,15;4,11,16,9,21;0,6,12,17,16,10,4,5;6,13,18,17,11;1,18,12,6,14,19;6,8,15,16,19,13;3,9,16,14,8;9,10,11,17,23,22,19,14,15;11,12,18,23,16;0,23,17,12,13,1;1,13,14,16,22,21,20,2;2,19,21,3,8;3,20,19,22,4,10,9;4,21,19,16,23,5;0,5,22,16,17,18
torus1371 24 1,8,14,7,6,23,16,18;0,18,20,2,8;1,20,3,9,8;2,20,21,17,9;10,21,14,15,11;6,11,15,22,23;0,7,12,11,5,23;0,14,13,12,6;0,1,2,9,15,14;2,3,17,22,15,8;4,11,12,17,21;4,15,5,6,12,10;6,7,13,19,18,17,10,11;7,14,21,19,12;0,8,15,4,21,13,7;4,14,8,9,22,5,11;0,23,22,17,18;3,21,10,12,18,16,22,9;0,16,17,12,19,20,1;12,13,21,20,18;1,18,19,21,3,2;3,20,19,13,14,4,10,17;5,15,9,17,16,23;0,6,5,22,16
torus1372 24 1,7,6,23,18;0,18,19,8,7;8,19,12,13,9,15;4,11,10,9,13,20,21;3,21,22,5,11;4,22,23,6,11;0,7,12,10,11,5,23;0,1,8,14,20,13,12,6;1,19,2,15,14,7;2,13,3,10,15;3,11,6,12,19,17,16,15,9;3,4,5,6,10;2,19,10,6,7,13;2,12,7,20,3,9;7,8,15,22,21,20;2,9,10,16,22,14,8;10,17,23,22,15;10,19,18,23,16;0,23,17,19,1;1,18,17,10,12,2,8;3,13,7,14,21;3,20,14,22,4;4,21,14,15,16,23,5;0,6,5,22,16,17,18
torus1373 24 1,5,22,11,6,8;0,8,2,19,18,5;1,8,9,4,3,19;2,4,21,14,20,19;2,9,10,22,21,3;0,1,18,23,22;0,11,18,12,13,16,7,8;6,16,17,10,9,8;0,6,7,9,2,1;2,8,7,10,4;4,9,7,17,11,22;0,22,10,17,18,6;6,18,20,14,13;6,12,14,15,16;3,21,15,13,12,20;13,14,21,22,16;6,13,15,22,23,17,7;7,16,23,18,11,10;1,19,20,12,6,11,17,23,5;1,2,3,20,18;3,14,12,18,19;3,4,22,15,14;0,5,23,16,15,21,4,10,11;5,18,17,16,22
torus1374 24 1,7,5,23,18;0,18,19,8,7;3,9,8,19,20;2,20,21,4,11,9;3,21,22,5,11;0,7,6,10,11,4,22,23;5,7,12,17,10;0,1,8,13,12,6,5;1,19,2,9,14,13,7;2,3,11,10,17,16,15,14,8;5,6,17,9,11;3,4,5,10,9;6,7,13,18,23,17;7,8,14,20,18,12;8,9,15,20,13;9,16,22,21,20,14;9,17,23,22,15;6,12,23,16,9,10;0,23,12,13,20,19,1;1,18,20,2,8;2,19,18,13,14,15,21,3;3,20,15,22,4;4,21,15,16,23,5;0,5,22,16,17,12,18
torus1375 24 1,2,21,3,23;0,23,18,19,2;0,1,19,20,21;0,21,4,11,10,7,23;3,21,22,5,11;4,22,23,6,11;5,23,13,12,11;3,10,8,14,13,23;7,10,9,15,14;8,10,16,23,15;3,11,16,9,8,7;3,4,5,6,12,17,16,10;6,13,20,19,18,17,11;6,23,7,14,20,12;7,8,15,20,13;8,9,23,22,20,14;9,10,11,17,23;11,12,18,23,16;1,23,17,12,19;1,18,12,20,2;2,19,12,13,14,15,22,21;0,2,20,22,4,3;4,21,20,15,23,5;0,3,7,13,6,5,22,15,9,16,17,18,1
torus1376 24 1,5,6,13,7,8;0,8,9,2,19,18,23,5;1,9,3,21,7,20,19;2,9,10,4,21;3,10,11,6,5,22,21;0,1,23,16,22,4,6;0,5,4,11,13;0,13,20,2,21,14,8;0,7,14,15,9,1;1,8,15,16,17,10,3,2;3,9,17,11,4;4,10,17,13,6;13,17,18,19,20;0,6,11,17,12,20,7;7,21,22,15,8;8,14,22,16,9;5,23,17,9,15,22;9,16,23,18,12,13,11,10;1,19,12,17,23;1,2,20,12,18;2,7,13,12,19;2,3,4,22,14,7;4,5,16,15,14,21;1,18,17,16,5
torus1377 24 1,8,7,6,23,18;0,18,17,19,8;3,9,19,20,21;2,21,4,16,15,9;3,21,5,11,10,16;4,21,22,6,11;0,7,13,12,11,5,22,23;0,8,9,15,14,13,6;0,1,19,9,7;2,3,15,7,8,19;4,11,12,19,17,16;4,5,6,12,10;6,13,19,10,11;6,7,14,20,19,12;7,15,22,21,20,13;3,16,22,14,7,9;3,4,10,17,18,23,22,15;1,18,16,10,19;0,23,16,17,1;1,17,10,12,13,20,2,9,8;2,19,13,14,21;2,20,14,22,5,4,3;5,21,14,15,16,23,6;0,6,22,16,18
torus1378 24 5,6,18,17,23;2,19,9,10,4;1,4,3,20,19;2,4,22,21,20;1,10,11,6,5,22,3,2;0,23,22,4,6;0,5,4,11,7,18;6,11,13,8,9,18;7,13,14,15,9;1,19,18,7,8,15,16,10;1,9,16,11,4;4,10,16,17,12,13,7,6;11,17,19,20,13;7,11,12,20,21,14,8;8,13,21,22,15;8,14,22,16,9;9,15,22,23,17,11,10;0,18,19,12,11,16,23;0,6,7,9,19,17;1,2,20,12,17,18,9;2,3,21,13,12,19;3,22,14,13,20;3,4,5,23,16,15,14,21;0,17,16,22,5
torus1379 24 1,7,6,5,19;0,19,2,8,7;1,19,20,9,8;4,9,20,12,13,14,21;3,21,22,5,11,10,9;0,6,11,4,22,23,18,19;0,7,13,17,16,11,5;0,1,8,13,6;1,2,9,10,16,14,13,7;2,20,3,4,10,8;4,11,16,8,9;4,5,6,16,10;3,20,19,18,17,13;3,12,17,6,7,8,14;3,13,8,16,15,21;14,16,23,22,21;6,17,23,15,14,8,10,11;6,13,12,18,23,16;5,23,17,12,19;0,5,18,12,20,2,1;2,19,12,3,9;3,14,15,22,4;4,21,15,23,5;5,22,15,16,17,18
torus1380 24 1,6,20,5,23;0,23,17,2,8,7,6;1,17,18,19,20,3,9,8;2,20,4,10,9;3,20,11,17,10;0,20,22,16,23;0,1,7,12,11,20;1,8,15,14,13,12,6;1,2,9,15,7;2,3,10,22,21,15,8;3,4,17,16,22,9;4,20,6,12,18,17;6,7,13,19,18,11;7,14,20,19,12;7,15,21,20,13;7,8,9,21,14;5,22,10,17,23;1,23,16,10,4,11,18,2;2,17,11,12,19;2,18,12,13,20;0,6,11,4,3,2,19,13,14,21,22,5;9,22,20,14,15;5,20,21,9,10,16;0,5,16,17,1
torus1381 24 1,7,6,5,18,19;0,19,2,8,7;1,19,20,21,3,9,8;2,21,4,10,9;3,21,22,11,10;0,6,13,11,22,15,23,18;0,7,14,13,5;0,1,8,14,6;1,2,9,14,7;2,3,10,16,14,8;3,4,11,16,9;4,22,5,13,12,17,16,10;11,13,14,19,18,17;5,6,14,12,11;6,7,8,9,16,15,20,19,12,13;5,22,21,20,14,16,23;9,10,11,17,23,15,14;11,12,18,23,16;0,5,23,17,12,19;0,18,12,14,20,2,1;2,19,14,15,21;2,20,15,22,4,3;4,21,15,5,11;5,15,16,17,18
torus1382 24 1,2,7,6,5,22;0,22,23,18,19,20,3,2;0,1,3,8,7;1,20,4,10,9,8,2;3,20,21,15,22,5,11,17,10;0,6,11,4,22;0,7,13,11,5;0,2,8,14,13,6;2,3,9,15,21,14,7;3,10,16,15,8;3,4,17,23,16,9;4,5,6,13,12,17;11,13,19,18,17;6,7,14,20,19,12,11;7,8,21,20,13;4,21,8,9,16,22;9,10,23,22,15;4,11,12,18,23,10;1,23,17,12,19;1,18,12,13,20;1,19,13,14,21,4,3;4,20,14,8,15;0,5,4,15,16,23,1;1,22,16,10,17,18
torus1383 24 5,6,7,18,23;2,19,17,18,7,8;1,8,16,9,19;9,10,21,20,19;5,22,15,21,10,11;0,23,22,4,11,12,6;0,5,12,13,7;0,6,13,14,15,8,1,18;1,7,15,16,2;2,16,10,3,19;3,9,16,17,11,4,21;4,10,17,12,5;5,11,17,20,13,6;6,12,20,14,7;7,13,20,21,15;4,22,17,16,8,7,14,21;2,8,15,17,10,9;1,19,20,12,11,10,16,15,22,23,18;0,7,1,17,23;1,2,9,3,20,17;3,21,14,13,12,17,19;3,10,4,15,14,20;4,5,23,17,15;0,18,17,22,5
torus1384 24 1,7,6,5,23,18,19;0,19,2,9,7;1,19,13,14,3,10,9;2,14,20,4,10;3,20,22,11,10;0,6,11,22,23;0,7,13,11,5;0,1,9,8,14,13,6;7,9,15,21,14;1,2,10,16,15,8,7;2,3,4,11,12,17,16,9;4,22,5,6,13,12,10;10,11,13,18,17;2,19,18,12,11,6,7,14;2,13,7,8,21,20,3;8,9,16,22,21;9,10,17,22,15;10,12,18,23,22,16;0,23,17,12,13,19;0,18,13,2,1;3,14,21,22,4;8,15,22,20,14;4,20,21,15,16,17,23,5,11;0,5,22,17,18
torus1385 24 1,7,5,23,16,17,18;0,18,19,20,3,2,8,7;1,3,4,10,8;1,20,21,4,2;2,3,21,22,11,10;0,7,14,6,10,11,23;5,14,15,13,12,10;0,1,8,14,5;1,2,10,9,15,14,7;8,10,17,16,20,13,15;2,4,11,5,6,12,18,17,9,8;4,22,23,5,10;6,13,19,18,10;6,15,9,20,19,12;5,7,8,15,6;6,14,8,9,13;0,23,22,21,20,9,17;0,16,9,10,18;0,17,10,12,19,1;1,18,12,13,20;1,19,13,9,16,21,3;3,20,16,22,4;4,21,16,23,11;0,5,11,22,16
torus1386 24 1,6,11,5,18;0,18,19,20,3,2,7,6;1,3,9,8,7;1,20,10,9,2;5,21,14,15,22,23;0,11,10,21,4,23,18;0,1,7,12,11;1,2,8,14,21,13,12,6;2,9,15,14,7;2,3,10,16,22,15,8;3,20,21,5,11,17,16,9;0,6,12,19,17,10,5;6,7,13,19,11;7,21,20,19,12;4,21,7,8,15;4,14,8,9,22;9,10,17,23,22;10,11,19,23,16;0,5,23,19,1;1,18,23,17,11,12,13,20;1,19,13,21,10,3;4,5,10,20,13,7,14;4,15,9,16,23;4,22,16,17,19,18,5
torus1387 24 1,7,6,5,23;0,23,17,18,8,15,14,7;8,18,19,20,9;9,20,21,10,17;5,11,10,21,22,23;0,6,11,4,23;0,7,13,11,5;0,1,14,21,13,6;1,18,2,9,15;2,20,3,17,16,15,8;3,21,4,11,17;4,5,6,13,12,17,10;11,13,21,20,19,17;6,7,21,12,11;1,15,22,21,7;1,8,9,16,22,14;9,17,23,22,15;1,23,16,9,3,10,11,12,19,18;1,17,19,2,8;2,18,17,12,20;2,19,12,21,3,9;3,20,12,13,7,14,22,4,10;4,21,14,15,16,23;0,5,4,22,16,17,1
torus1388 24 5,11,6,7,23;2,13,19,18,8;1,8,4,3,13;2,4,20,14,13;2,8,9,11,5,22,20,3;0,23,22,4,11;0,11,9,12,13,7;0,6,13,14,16,8,18,23;1,18,7,16,15,9,4,2;4,8,15,12,6,11;12,15,16,17,13;0,5,4,9,6;6,9,15,10,13;1,2,3,14,7,6,12,10,17,21,19;3,20,16,7,13;8,16,10,12,9;7,14,20,22,17,10,15,8;10,16,22,21,13;1,19,23,7,8;1,13,21,23,18;3,4,22,16,14;13,17,22,23,19;4,5,23,21,17,16,20;0,7,18,19,21,22,5
torus1389 24 1,2,23,16,22,21,5,11,6,7;0,7,8,9,10,2;0,1,10,4,14,20,19,23;9,17,18,12,10;2,10,12,5,14;0,21,14,4,12,11;0,11,13,14,7;0,6,14,8,1;1,7,14,15,9;1,8,15,22,16,17,3,10;1,9,3,12,4,2;0,5,12,13,6;3,18,19,20,13,11,5,4,10;6,11,12,20,14;2,4,5,21,15,8,7,6,13,20;8,14,21,22,9;0,23,17,9,22;3,9,16,23,18;3,17,23,19,12;2,20,12,18,23;2,14,13,12,19;0,22,15,14,5;0,16,9,15,21;0,2,19,18,17,16
torus1390 24 1,15,7,12,6,23,18;0,18,20,19,15;3,8,10,16,19;2,19,13,14,21,4,8;3,21,22,9,8;6,11,15,17,23;0,12,11,5,23;0,15,14,13,12;2,3,4,9,10;4,22,11,10,8;2,8,9,11,18,16;5,6,12,13,20,18,10,9,22,15;0,7,13,11,6;3,19,20,11,12,7,14;3,13,7,15,21;0,1,19,16,17,5,11,22,21,14,7;2,10,18,17,15,19;5,15,16,18,23;0,23,17,16,10,11,20,1;1,20,13,3,2,16,15;1,18,11,13,19;3,14,15,22,4;4,21,15,11,9;0,6,5,17,18
torus1391 24 2,13,6,23,12,18,7,15,14,20;2,8,7,18,19;0,20,21,22,3,9,8,1,19,13;2,22,10,14,9;5,10,22,23,6;4,6,13,11,10;0,13,5,4,23;0,18,1,8,15;1,2,9,15,7;2,3,14,15,8;3,22,4,5,11,18,12,17,14;5,13,19,18,10;0,23,17,10,18;0,2,19,11,5,6;0,15,9,3,10,17,16,20;0,7,8,9,14;14,17,23,21,20;10,12,23,16,14;0,12,10,11,19,1,7;1,18,11,13,2;0,14,16,21,2;2,20,16,23,22;2,21,23,4,10,3;0,6,4,22,21,16,17,12
torus1392 24 3,6,5,13,20;2,8,14,7,19;1,19,12,4,6,10,9,8;0,20,21,10,6;2,12,11,21,20,15,5,6;0,6,4,15,22,23,13;0,3,10,2,4,5;1,14,13,18,19;1,2,9,20,14;2,10,16,20,8;2,6,3,21,11,17,22,16,9;4,12,17,10,21;2,19,18,17,11,4;0,5,23,18,7,14,20;1,8,20,13,7;4,20,16,22,5;9,10,22,15,20;10,11,12,18,23,22;7,13,23,17,12,19;1,7,18,12,2;0,13,14,8,9,16,15,4,21,3;3,20,4,11,10;5,15,16,10,17,23;5,22,17,18,13
torus1393 24 1,5,22,23,18;0,18,19,20,2,8,15,7,5;1,20,3,9,8;2,20,13,15,21,5,10,9;5,21,16,17,22;0,1,7,11,10,3,21,4,22;11,14,12,17,16;1,15,14,11,5;1,2,9,16,15;2,3,10,16,8;3,5,11,16,9;5,7,14,6,16,10;6,14,13,19,18,23,17;3,20,19,12,14,15;6,11,7,15,13,12;1,8,16,21,3,13,14,7;4,21,15,8,9,10,11,6,17;4,16,6,12,23,22;0,23,12,19,1;1,18,12,13,20;1,19,13,3,2;3,15,16,4,5;0,5,4,17,23;0,22,17,12,18
torus1394 24 1,20,21,3,2,9,8,6,23;0,23,17,18,20;0,3,10,16,9;0,21,4,5,10,2;3,21,15,8,17,22,5;3,4,22,6,10;0,8,14,7,12,11,10,5,22,23;6,14,19,13,12;0,9,17,4,15,14,6;0,2,16,17,8;2,3,5,6,11,16;6,12,17,16,10;6,7,13,17,11;7,19,18,17,12;6,8,15,19,7;4,21,20,18,19,14,8;2,10,11,17,9;1,23,22,4,8,9,16,11,12,13,18;1,17,13,19,15,20;7,14,15,18,13;0,1,18,15,21;0,20,15,4,3;4,17,23,6,5;0,6,22,17,1
torus1395 24 2,7,22,18,19;2,10,9,8,7;0,19,20,10,1,7;4,13,5,14,21;3,21,15,11,12,17,10,13;3,13,6,11,14;5,13,20,19,18,23,12,11;0,2,1,8,14,22;1,9,15,21,14,7;1,10,16,15,8;1,2,20,13,4,17,16,9;4,15,22,14,5,6,12;4,11,6,23,17;3,4,10,20,6,5;3,5,11,22,7,8,21;4,21,8,9,16,23,22,11;9,10,17,23,15;4,12,23,16,10;0,22,23,6,19;0,18,6,20,2;2,19,6,13,10;3,14,8,15,4;0,7,14,11,15,23,18;6,18,22,15,16,17,12
torus1396 24 1,17,16,22,23;0,23,14,8,13,12,10,17;9,10,11,18,15;4,22,7,21,20,18;3,18,11,5,22;4,11,6,23,22;5,11,10,7,14,23;3,22,15,8,14,6,10,12,21;1,14,7,15,19,13;2,15,16,17,10;1,12,7,6,11,2,9,17;2,10,6,5,4,18;1,13,21,7,10;1,8,19,20,21,12;1,23,6,7,8;2,18,19,8,7,22,16,9;0,17,9,15,22;0,1,10,9,16;2,11,4,3,20,19,15;8,15,18,20,13;3,21,13,19,18;3,7,12,13,20;0,16,15,7,3,4,5,23;0,22,5,6,14,1
torus1397 24 4,11,12,6,7,5,22;2,19,12,23,5,9;1,9,16,20,19;8,10,11,21,9;0,22,15,14,13,20,16,21,11;0,7,8,9,1,23,22;0,12,13,14,7;0,6,14,15,10,8,5;3,9,5,7,10;1,5,8,3,21,16,2;3,8,7,15,17,11;0,4,21,3,10,17,12;0,11,17,18,23,1,19,13,6;4,14,6,12,19,20;4,15,7,6,13;4,22,18,17,10,7,14;2,9,21,4,20;10,15,18,12,11;12,17,15,22,23;1,2,20,13,12;2,16,4,13,19;3,11,4,16,9;0,5,23,18,15,4;1,12,18,22,5
torus1398 24 1,4,23,20,18;0,18,7,13,16,11,6,5,4;3,9,8,7,19;2,19,20,14,21,6,11,10,9;0,1,5,22,17,23;1,6,21,15,22,4;1,11,3,21,5;1,18,19,2,8,14,13;2,9,15,14,7;2,3,10,15,8;3,11,16,15,9;1,16,10,3,6;13,20,23,17,16;1,7,14,20,12,16;3,20,13,7,8,15,21;5,21,14,8,9,10,16,22;1,13,12,17,22,15,10,11;4,22,16,12,23;0,20,19,7,1;2,7,18,20,3;0,23,12,13,14,3,19,18;3,14,15,5,6;4,5,15,16,17;0,4,17,12,20
torus1399 24 1,7,5,23,3,17,18,19;0,19,2,8,7;1,19,20,15,8;0,23,9,20,13,21,11,6,10,17;5,6,11,15,16,22;0,7,6,4,22,23;3,11,4,5,7,10;0,1,8,14,13,20,12,10,6,5;1,2,15,14,7;3,23,22,16,20;3,6,7,12,17;3,21,15,4,6;7,20,18,17,10;3,20,7,14,21;7,8,15,21,13;2,20,16,4,11,21,14,8;4,15,20,9,22;0,3,10,12,18;0,17,12,20,19;0,18,20,2,1;2,19,18,12,7,13,3,9,16,15;3,13,14,15,11;4,16,9,23,5;0,5,22,9,3
torus1400 24 1,7,21,22,23;0,23,8,9,16,14,7;4,9,8,19,13;4,20,21,5,11;2,13,20,3,11,10,9;3,21,6,12,18,23,17,11;5,21,7,13,12;0,1,14,13,6,21;1,23,18,19,2,9;1,8,2,4,10,16;4,11,17,16,9;3,5,17,10,4;5,6,13,19,18;2,19,12,6,7,14,15,20,4;1,16,15,13,7;13,14,16,21,20;1,9,10,17,22,21,15,14;5,23,22,16,10,11;5,12,19,8,23;2,8,18,12,13;3,4,13,15,21;0,7,6,5,3,20,15,16,22;0,21,16,17,23;0,22,17,5,18,8,1
torus1401 24 1,7,6,23,18;0,18,8,15,7;8,18,17,11,19,20;4,10,20,21,23;3,23,11,12,10;7,15,22,21,13,14;0,7,14,11,23;0,1,15,5,14,6;1,18,2,20,15;10,12,17,16,15;3,4,12,9,15,20;2,17,12,4,23,6,14,19;4,11,17,9,10;5,21,20,19,14;5,13,19,11,6,7;1,8,20,10,9,16,22,5,7;9,17,18,22,15;2,18,16,9,12,11;0,23,22,16,17,2,8,1;2,11,14,13,20;2,19,13,21,3,10,15,8;3,20,13,5,22,23;5,15,16,18,23,21;0,6,11,4,3,21,22,18
torus1402 24 1,2,9,11,4;0,4,10,22,15,5,19,2;0,1,19,20,9;9,20,21,22,16;0,11,17,10,1;1,15,7,18,19;7,13,12,11,9;5,15,8,14,13,6,9,23,18;7,15,22,21,14;0,2,20,3,16,23,7,6,11;1,4,17,16,22;0,9,6,12,17,4;6,13,20,19,18,23,16,17,11;6,7,14,20,12;7,8,21,20,13;1,22,8,7,5;3,22,10,17,12,23,9;4,11,12,16,10;5,7,23,12,19;1,5,18,12,20,2;2,19,12,13,14,21,3,9;3,20,14,8,22;1,10,16,3,21,8,15;7,9,16,12,18
torus1403 24 1,5,23,12,18;0,18,19,2,8,7,6,22,15,5;1,19,20,21,8;4,6,10,16,9;3,9,8,21,6;0,1,15,16,23;1,7,11,10,3,4,21,22;1,8,9,16,20,14,13,11,6;1,2,21,4,9,7;3,16,7,8,4;3,6,11,17,16;6,7,13,17,10;0,23,17,13,14,18;7,14,12,17,11;7,20,19,18,12,13;1,22,20,16,5;3,10,17,23,5,15,20,7,9;10,11,13,12,23,16;0,12,14,19,1;1,18,14,20,2;2,19,14,7,16,15,22,21;2,20,22,6,4,8;1,6,21,20,15;0,5,16,17,12
torus1404 24 4,6,17,8,11;2,8,18,19,3;1,3,9,15,7,8;1,19,20,23,5,22,10,9,2;0,11,13,18,12,22,5,6;3,23,6,4,22;0,4,5,23,17;2,15,14,13,11,8;0,17,18,1,2,7,11;2,3,10,17,16,15;3,22,12,17,9;0,8,7,13,4;4,18,17,10,22;4,11,7,14,20,19,18;7,15,21,20,13;2,9,16,21,14,7;9,17,23,21,15;0,6,23,16,9,10,12,18,8;1,8,17,12,4,13,19;1,18,13,20,3;3,19,13,14,21,23;14,15,16,23,20;3,5,4,12,10;3,20,21,16,17,6,5
torus1405 24 6,14,12,22,23;2,7,18,19,20;1,20,22,21,10,17,3,7;2,17,16,9,8,7;5,19,11,10,21;4,21,22,12,19;0,23,11,8,14;1,2,3,8,18;3,9,15,14,6,11,18,7;3,16,22,15,8;2,21,4,11,17;4,19,18,8,6,23,16,17,10;0,14,19,5,22;14,15,22,20,19;0,6,8,15,13,19,12;8,9,22,13,14;3,17,11,23,22,9;2,10,11,16,3;1,7,8,11,19;1,18,11,4,5,12,14,13,20;1,19,13,22,2;2,22,5,4,10;0,12,5,21,2,20,13,15,9,16,23;0,22,16,11,6
torus1406 24 1,14,7,5,23;0,23,18,19,8,15,21,14;3,19,18,4,10;2,10,9,8,19;2,18,13,20,10;0,7,6,11,20,22,16,23;5,7,13,12,11;0,14,13,6,5;1,19,3,9,15;3,10,20,17,15,8;2,4,20,9,3;5,6,12,17,20;6,13,16,15,17,11;4,18,16,12,6,7,14,20;0,1,21,20,13,7;1,8,9,17,12,16,22,21;5,22,15,12,13,18,23;9,20,11,12,15;1,23,16,13,4,2,19;1,18,2,3,8;4,13,14,21,22,5,11,17,9,10;1,15,22,20,14;5,20,21,15,16;0,5,16,18,1
torus1407 24 1,8,3,6,21,22,23,18;0,18,19,2,8;1,19,13,20,8;0,8,20,14,4,10,15,9,7,17,6;3,14,21,5,10;4,21,6,11,10;0,3,17,11,5,21;3,9,13,12,23,22,17;0,1,2,20,3;3,15,21,13,7;3,4,5,11,15;5,6,17,16,15,10;7,13,19,18,23;2,19,12,7,9,21,14,20;3,20,13,21,4;3,10,11,16,21,9;11,17,22,21,15;3,7,22,16,11,6;0,23,12,19,1;1,18,12,13,2;2,13,14,3,8;0,6,5,4,14,13,9,15,16,22;0,21,16,17,7,23;0,22,7,12,18
torus1408 24 1,4,5,23,18;0,18,12,8,16,7,4;3,10,19,20,11;2,11,4,6,12,10;0,1,7,6,3,11,21,22,5;0,4,22,16,23;3,4,7,9,13,19,8,12;1,16,9,6,4;1,12,6,19,16;6,7,16,15,13;2,3,12,17,16,19;2,20,21,4,3;1,18,17,10,3,6,8;6,9,15,20,19;15,16,22,21,20;9,16,14,20,13;1,8,19,10,17,23,5,22,14,15,9,7;10,12,18,23,16;0,23,17,12,1;2,10,16,8,6,13,20;2,19,13,15,14,21,11;4,11,20,14,22;4,21,14,16,5;0,5,16,17,18
torus1409 24 5,9,23,16,18,13;7,14,18,12,19,20;3,9,8,7,20;2,20,21,4,9;3,21,22,23,9;0,13,6,11,9;5,13,19,12,11;1,20,2,8,14;2,9,15,14,7;0,5,11,10,15,8,2,3,4,23;9,11,17,16,15;5,6,12,17,10,9;1,18,17,11,6,19;0,18,14,15,21,20,19,6,5;1,7,8,15,13,18;8,9,10,16,22,21,13,14;0,23,22,15,10,17,18;10,11,12,18,16;0,16,17,12,1,14,13;1,12,6,13,20;1,19,13,21,3,2,7;3,20,13,15,22,4;4,21,15,16,23;0,9,4,22,16
torus1410 24 2,9,8,22,23;2,23,4,16,3,10,11,18,12;0,23,1,12,21,19,9;1,16,19,21,10;1,23,22,6,5,15,14,16;4,6,17,11,10,21,15;4,22,8,7,13,17,5;6,8,14,20,13;0,9,14,7,6,22;0,2,19,16,14,8;1,3,21,5,11;1,10,5,17,18;1,18,13,21,2;6,7,20,21,12,18,17;4,15,20,7,8,9,16;4,5,21,20,14;1,4,14,9,19,3;5,6,13,18,11;1,11,17,13,12;2,21,3,16,9;7,14,15,21,13;2,12,13,20,15,5,10,3,19;0,8,6,4,23;0,22,4,1,2
torus1411 24 1,5,22,23,16;0,16,19,2,11,5;1,19,8,15,11;8,19,20,10,9;5,21,14,7,22;0,1,11,17,18,10,21,4,22;7,13,12,17,11;4,14,13,6,11,15,23,22;2,19,3,9,15;3,10,18,15,8;3,20,21,5,18,9;1,2,15,7,6,17,5;6,13,19,18,17;6,7,14,19,12;4,21,20,19,13,7;2,8,9,18,16,23,7,11;0,23,15,18,19,1;5,11,6,12,18;5,17,12,19,16,15,9,10;1,16,18,12,13,14,20,3,8,2;3,19,14,21,10;4,5,10,20,14;0,5,4,7,23;0,22,7,15,16
torus1412 24 5,10,6,18,23;3,6,13,7,9;11,12,20,13,19;1,9,4,12,18,6;3,9,10,21,12;0,23,22,21,10;0,10,19,13,1,3,18;1,13,14,8,9;7,14,21,15,9;1,7,8,15,16,17,10,4,3;0,5,21,4,9,17,11,19,6;2,19,10,17,12;2,11,17,18,3,4,21,20;1,6,19,2,20,14,7;7,13,20,21,8;8,21,22,16,9;9,15,22,23,18,17;9,16,18,12,11,10;0,6,3,12,17,16,23;2,13,6,10,11;2,12,21,14,13;4,10,5,22,15,8,14,20,12;5,23,16,15,21;0,18,16,22,5
torus1413 24 4,5,23,18,12,19,7,6;2,10,9,16,15,8,14,7,19;1,19,12,3,10;2,12,13,20,8,15,22,21,10;0,6,21,22,5;0,4,22,16,23;0,7,14,20,13,11,10,21,4;0,19,1,14,6;1,15,3,20,14;1,10,17,18,23,16;1,2,3,21,6,11,17,9;6,13,12,17,10;0,18,17,11,13,3,2,19;3,12,11,6,20;1,8,20,6,7;1,16,22,3,8;1,9,23,5,22,15;9,10,11,12,18;0,23,9,17,12;0,12,2,1,7;3,13,6,14,8;3,22,4,6,10;3,15,16,5,4,21;0,5,16,9,18
torus1414 24 1,2,19,11,12,7;0,7,8,9,2;0,1,9,3,19;2,9,18,10,21,19;5,22,15,20,21,10,17,12,11;4,11,6,23,22;5,11,19,13,18,9,23;0,12,13,8,1;1,7,13,14,9;1,8,14,16,23,6,18,3,2;3,18,17,4,21;0,19,6,5,4,12;0,11,4,17,13,7;6,19,14,8,7,12,17,18;8,13,19,20,15,16,9;4,22,16,14,20;9,14,15,22,23;4,10,18,13,12;3,9,6,13,17,10;0,2,3,21,20,14,13,6,11;4,15,14,19,21;3,10,4,20,19;4,5,23,16,15;5,6,9,16,22
torus1415 24 5,6,7,18,23;8,11,14,9,18;3,4,22,20,13,19,18,9;2,9,16,10,11,8,7,6,4;2,3,6,5,22;0,23,22,4,6;0,5,4,3,7;0,6,3,8,18;1,18,7,3,11;1,14,21,16,3,2,18;3,16,17,12,11;1,8,3,10,12,19,13,14;10,17,18,19,11;2,20,14,11,19;1,11,13,20,21,9;17,21,22,23,18;3,9,21,17,10;10,16,21,15,18,12;0,7,8,1,9,2,19,12,17,15,23;2,13,11,12,18;2,22,21,14,13;9,14,20,22,15,17,16;2,4,5,23,15,21,20;0,18,15,22,5
torus1416 24 1,14,7,23,18;0,18,19,2,14;1,19,15,22,8,14;6,14,8,21,10,23,9;10,21,22,11,17;6,20,13,22,16,23,7;3,9,20,5,7,14;0,14,6,5,23;2,22,21,3,14;3,23,16,15,19,20,6;3,21,4,17,23;4,22,12,18,17;11,22,13,19,18;5,20,19,12,22;0,1,2,8,3,6,7;2,19,9,16,22;5,22,15,9,23;4,11,18,23,10;0,23,17,11,12,19,1;1,18,12,13,20,9,15,2;5,6,9,19,13;3,8,22,4,10;2,15,16,5,13,12,11,4,21,8;0,7,5,16,9,3,10,17,18
torus1417 24 4,11,6,7,23;2,19,12,18,23,7,8,14,9;1,9,10,4,3,19;2,4,21,20,19;0,23,5,22,15,21,3,2,10,12,11;4,23,18,16,22;0,11,13,8,7;0,6,8,1,23;1,7,6,13,14;1,14,15,22,16,17,10,2;2,9,17,12,4;0,4,12,13,6;1,19,13,11,4,10,17,18;6,11,12,19,20,14,8;1,8,13,20,21,15,9;4,22,9,14,21;5,18,17,9,22;9,16,18,12,10;1,12,17,16,5,23;1,2,3,20,13,12;3,21,14,13,19;3,4,15,14,20;4,5,16,9,15;0,7,1,18,5,4
torus1418 24 8,14,21,23,22;2,20,18,10,5,7,8;1,8,22,15,20;4,21,14,15,9;3,9,10,11,21;1,10,17,6,7;5,17,23,21,11,12,19,13,7;1,5,6,13,8;0,22,2,1,7,13,14;3,15,16,10,4;1,18,12,11,4,9,16,17,5;4,10,12,6,21;6,11,10,18,19;6,19,14,8,7;0,8,13,19,20,15,3,21;2,22,23,16,9,3,14,20;9,15,23,17,10;5,10,16,23,6;1,20,19,12,10;6,12,18,20,14,13;1,2,15,14,19,18;0,14,3,4,11,6,23;0,23,15,2,8;0,21,6,17,16,15,22
torus1419 24 1,8,7,17,18;0,18,21,9,8;5,19,13,20,9;4,10,8,9,20;3,20,13,21,10;2,9,21,22,23,12,19;7,12,23,16,10,11,17;0,8,14,13,19,12,6,17;0,1,9,3,10,16,15,14,7;1,21,5,2,20,3,8;3,4,21,11,6,16,8;6,10,21,18,17;5,23,6,7,19;2,19,7,14,21,4,20;7,8,15,21,13;8,16,22,21,14;6,23,22,15,8,10;0,7,6,11,18;0,17,11,21,1;2,5,12,7,13;2,13,4,3,9;1,18,11,10,4,13,14,15,22,5,9;5,21,15,16,23;5,22,16,6,12
torus1420 24 5,11,19,23,22;6,7,8,19,11;3,5,22,4,20,13,8,9,16;2,16,10,11,5;2,22,21,14,20;0,22,2,3,11;1,11,12,20,7;1,6,20,14,8;1,7,14,9,2,13,19;2,8,14,15,16;3,16,23,17,11;0,5,3,10,17,12,6,1,19;6,11,17,18,13,20;2,20,12,18,19,8;4,21,15,9,8,7,20;9,14,21,23,16;2,9,15,23,10,3;10,23,18,12,11;12,17,23,19,13;0,11,1,8,13,18,23;2,4,14,7,6,12,13;4,22,23,15,14;0,23,21,4,2,5;0,19,18,17,10,16,15,21,22
torus1421 24 1,2,6,23,18,17;0,17,19,20,2;0,1,20,3,10,16,9,8,6;2,20,7,21,15,10;5,12,11,15,22;4,22,23,6,12;0,2,8,21,13,12,5,23;3,20,14,13,21;2,9,15,21,6;2,16,17,15,8;2,3,15,11,16;4,12,16,10,15;4,5,6,13,14,19,17,16,11;6,21,7,14,12;7,20,19,12,13;3,21,8,9,17,18,22,4,11,10;2,10,11,12,17,9;0,18,15,9,16,12,19,1;0,23,22,15,17;1,17,12,14,20;1,19,14,7,3,2;3,7,13,6,8,15;4,15,18,23,5;0,6,5,22,18
torus1422 24 6,7,11,12,17;2,19,17,18,15;1,15,9,20,19;4,21,14,13,20,9,10;3,10,11,5,21;4,11,7,18,23,22,21;0,17,13,8,7;0,6,8,15,18,5,11;6,13,14,15,7;2,15,10,3,20;3,9,15,16,12,11,4;0,7,5,4,10,12;0,11,10,16,17;3,14,8,6,17,19,20;3,21,15,8,13;1,18,7,8,14,21,22,16,10,9,2;10,15,22,23,17,12;0,12,16,23,18,1,19,13,6;1,17,23,5,7,15;1,2,20,13,17;2,9,3,13,19;3,4,5,22,15,14;5,23,16,15,21;5,18,17,16,22
torus1423 24 1,5,6,4,15,23,18;0,18,12,19,5;3,8,12,13,20;2,20,14,22,4,10,9,8;0,6,10,3,22,15;0,1,19,7,6;0,5,7,14,20,13,11,17,10,4;5,19,21,14,6;2,3,9,15,12;3,10,17,16,15,8;3,4,6,17,9;6,13,12,18,23,16,17;1,18,11,13,2,8,15,22,21,19;2,12,11,6,20;3,20,6,7,21,22;0,4,22,12,8,9,16,23;9,17,11,23,15;6,11,16,9,10;0,23,11,12,1;1,12,21,7,5;2,13,6,14,3;7,19,12,22,14;3,14,21,12,15,4;0,15,16,11,18
torus1424 24 1,21,6,5,23;0,23,18,2,21;1,18,19,20,21;4,10,15,9,21;3,21,20,22,11,8,10;0,6,11,22,16,17,23;0,21,9,11,5;8,13,12,16,10;4,11,9,14,13,7,10;3,15,14,8,11,6,21;3,4,8,7,16,15;4,22,5,6,9,8;7,13,19,17,16;7,8,14,19,12;8,9,15,19,13;3,10,16,20,19,14,9;5,22,20,15,10,7,12,17;5,16,12,19,18,23;1,23,17,19,2;2,18,17,12,13,14,15,20;2,19,15,16,22,4,21;0,1,2,20,4,3,9,6;4,20,16,5,11;0,5,17,18,1
torus1425 24 2,19,23,16,22;6,13,7,16,9;0,22,8,15,5,6,9,3,21,20,19;2,9,10,4,21;3,10,17,18,11,5,15,14,21;2,15,4,11,6;1,9,2,5,11,12,13;1,13,8,22,16;2,22,7,13,15;1,16,10,3,2,6;3,9,16,17,4;4,18,12,6,5;6,11,18,23,19,20,14,15,13;1,6,12,15,8,7;4,15,12,20,21;2,8,13,12,14,4,5;0,23,17,10,9,1,7,22;4,10,16,23,18;4,17,23,12,11;0,2,20,12,23;2,21,14,12,19;2,3,4,14,20;0,16,7,8,2;0,19,12,18,17,16
torus1426 24 1,7,6,5,4,22,16,23;0,23,19,2,7;1,19,20,21,3,9,8,7;2,21,4,17,10,9;0,5,11,17,3,21,22;0,6,13,11,4;0,7,14,13,5;0,1,2,8,14,6;2,9,15,14,7;2,3,10,23,16,15,8;3,17,12,23,9;4,5,13,12,17;10,17,11,13,23;5,6,14,18,23,12,11;6,7,8,15,22,21,20,18,13;8,9,16,22,14;0,22,15,9,23;3,4,11,12,10;13,14,20,19,23;1,23,18,20,2;2,19,18,14,21;2,20,14,22,4,3;0,4,21,14,15,16;0,16,9,10,12,13,18,19,1
torus1427 24 1,7,14,13,6,11,5,18;0,18,2,9,7;1,18,20,3,10,17,16,9;2,20,21,4,10;3,21,22,5,11,10;0,11,4,22,18;0,13,20,19,11;0,1,9,8,14;7,9,21,15,14;1,2,16,22,21,8,7;2,3,4,11,17;0,6,19,12,17,10,4,5;11,19,18,23,17;0,14,15,20,6;0,7,8,15,13;8,21,20,13,14;2,17,23,22,9;2,10,11,12,23,16;0,5,22,23,12,19,20,2,1;6,20,18,12,11;2,18,19,6,13,15,21,3;3,20,15,8,9,22,4;4,21,9,16,23,18,5;12,18,22,16,17
torus1428 24 1,11,5,13,23,20,18;0,18,7,6,11;7,19,12,23,13;8,21,10,18,9;9,18,20,12,22,15;0,11,17,10,21,13;1,7,22,14,11;1,18,19,2,13,22,6;3,9,15,13,21;3,18,4,15,8;3,21,5,17,18;0,1,6,14,16,17,5;2,19,16,14,22,4,20,23;0,5,21,8,15,22,7,2,23;6,22,12,16,11;4,22,13,8,9;11,14,12,19,18,17;5,11,16,18,10;0,20,4,9,3,10,17,16,19,7,1;2,7,18,16,12;0,23,12,4,18;3,8,13,5,10;4,12,14,6,7,13,15;0,13,2,12,20
torus1429 24 2,9,16,5,17,20,13;10,23,18,15,19,13,12,11;0,13,19,8,9;10,22,21,17,23;5,16,22,10,11;0,16,4,11,12,14,6,7,17;5,14,21,15,7;5,6,15,18,17;2,19,15,22,9;0,2,8,22,16;1,11,4,22,3,23;1,12,5,4,10;1,13,14,5,11;0,20,14,12,1,19,2;5,12,13,20,21,6;1,18,7,6,21,22,8,19;0,9,22,4,5;0,5,7,18,23,3,21,20;1,23,17,7,15;1,15,8,2,13;0,17,21,14,13;3,22,15,6,14,20,17;3,10,4,16,9,8,15,21;1,10,3,17,18
torus1430 24 1,7,13,12,6,22,23,18;0,18,19,2,9,7;1,19,15,14,9;4,10,20,19,21,5;3,5,11,16,10;3,21,14,6,11,4;0,12,11,5,14,15,22;0,1,9,8,13;7,9,14,21,13;1,2,14,8,7;3,4,16,23,20;4,5,6,12,17,16;0,13,21,17,11,6;0,7,8,21,12;2,15,6,5,21,8,9;2,19,22,6,14;4,11,17,23,10;11,12,21,23,16;0,23,21,19,1;1,18,21,3,20,22,15,2;3,10,23,22,19;3,19,18,23,17,12,13,8,14,5;0,6,15,19,20,23;0,22,20,10,16,17,21,18
torus1431 24 6,7,17,18,23,15;3,15,22,10,17;3,7,14,8,9;1,17,7,2,9,21,20,19,11,15;9,22,15,14,21;8,14,15,23,16;0,15,11,12,7;0,6,12,13,14,2,3,17;2,14,5,16,10,9;2,8,10,22,4,21,3;1,22,9,8,16,18,17;3,19,12,6,15;6,11,19,13,7;7,12,19,20,14;2,7,13,20,21,4,15,5,8;0,23,5,14,4,22,1,3,11,6;5,23,18,10,8;0,7,3,1,10,18;0,17,10,16,23;3,20,13,12,11;3,21,14,13,19;3,9,4,14,20;1,15,4,9,10;0,18,16,5,15
torus1432 24 1,6,23,17,18;0,18,7,13,14,16,21,12,6;3,23,9,19,20;2,20,21,16,15,5,11,4,23;3,11,10,17,23;3,15,22,12,11;0,1,12,22,23;1,18,8,9,23,13;7,18,17,10,19,9;2,23,7,8,19;4,11,12,19,8,17;3,5,12,10,4;1,21,20,19,10,11,5,22,6;1,7,23,22,14;1,13,22,15,16;3,16,14,22,5;1,14,15,3,21;0,23,4,10,8,18;0,17,8,7,1;2,9,8,10,12,20;2,19,12,21,3;1,16,3,20,12;5,15,14,13,23,6,12;0,6,22,13,7,9,2,3,4,17
torus1433 24 6,8,11,18,23;8,16,9,13,11;3,20,9,16,10;2,10,5,12,4,21,20;3,12,22,16,21;3,10,17,19,12;0,23,22,12,7,8;6,12,13,14,8;0,6,7,14,15,16,1,11;1,16,2,20,13;2,16,17,5,3;0,8,1,13,12,19,18;3,5,19,11,13,7,6,22,4;1,9,20,14,7,12,11;7,13,20,15,8;8,14,20,21,16;1,8,15,21,4,22,23,18,17,10,2,9;5,10,16,18,19;0,11,19,17,16,23;5,17,18,11,12;2,3,21,15,14,13,9;3,4,16,15,20;4,12,6,23,16;0,18,16,22,6
torus1434 24 1,9,6,11,22,23,18;0,18,19,2,13,10,8,9;1,19,3,4,13;2,19,14,20,23,21,4;2,3,21,5,13;4,21,22,11,19,12,13;0,9,7,19,11;6,9,8,14,19;1,10,16,15,20,14,7,9;0,1,8,7,6;1,13,17,16,8;0,6,19,5,22;5,19,18,17,13;1,2,4,5,12,17,10;3,19,7,8,20;8,16,18,23,20;8,10,17,18,15;10,13,12,18,16;0,23,15,16,17,12,19,1;1,18,12,5,11,6,7,14,3,2;3,14,8,15,23;3,23,22,5,4;0,11,5,21,23;0,22,21,3,20,15,18
torus1435 24 6,11,13,19,12;8,20,13,17,14,21;3,5,16,15,18,6,12;2,12,19,20,8,11,10,5;5,23,7,9,16;2,3,10,23,4,16;0,12,2,18,14,17,23,10,11;4,23,13,11,9;1,21,11,3,20;4,7,11,22,15,16;3,11,6,23,5;0,6,10,3,8,21,22,9,7,13;0,19,3,2,6;0,11,7,23,17,1,20,19;1,17,6,18,22,21;2,16,9,22,18;2,5,4,9,15;1,13,23,6,14;2,15,22,14,6;0,13,20,3,12;1,8,3,19,13;1,14,22,11,8;9,11,21,14,18,15;4,5,10,6,17,13,7
torus1436 24 1,7,5,17,23;0,23,8,15,7;3,13,9,23,19,21;2,21,4,10,16,5,7,13;3,21,14,11,10;0,7,3,16,17;9,13,12,11,22;0,1,15,11,20,13,3,5;1,23,9,22,15;2,13,6,22,8,23;3,4,11,12,16;4,14,20,7,15,22,6,12,10;6,13,18,17,16,10,11;2,3,7,20,18,12,6,9;4,21,19,20,11;1,8,22,11,7;3,10,12,17,5;0,5,16,12,18,23;12,13,20,23,17;2,23,20,14,21;7,11,14,19,23,18,13;2,19,14,4,3;6,11,15,8,9;0,17,18,20,19,2,9,8,1
torus1437 24 1,7,5,18,17;0,17,19,3,15,8,2,20,7;1,8,21,10,20;1,19,10,6,9,15;8,15,13,12,17,18,23,16,21;0,7,22,23,18;3,10,16,22,7,14,9;0,1,20,14,6,22,5;1,15,4,21,2;3,6,14,11,15;2,21,16,6,3,19,12,20;9,14,20,13,15;4,13,20,10,19,17;4,15,11,20,12;6,7,20,11,9;1,3,9,11,13,4,8;4,23,22,6,10,21;0,18,4,12,19,1;0,5,23,4,17;1,17,12,10,3;1,2,10,12,13,11,14,7;2,8,4,16,10;5,7,6,16,23;4,18,5,22,16
torus1438 24 5,6,18,10,21;2,19,9,6,11;1,11,7,15,19;4,22,8,16,11;3,11,5,21,22;0,21,4,11,6;0,5,11,1,9,18;2,11,23,14,15;3,22,9,19,15,14,16;1,19,8,22,20,13,23,12,18,6;0,18,12,11,16,21;1,6,5,4,3,16,10,12,23,7,2;9,23,11,10,18;9,20,17,14,23;7,23,13,17,16,8,15;2,7,14,8,19;3,8,14,17,21,10,11;13,20,21,16,14;0,6,9,12,10;1,2,15,8,9;9,22,21,17,13;0,10,16,17,20,22,4,5;3,4,21,20,9,8;7,11,12,9,13,14
torus1439 24 6,13,19,7,23;2,14,10,7,8;1,8,9,20,14;4,21,20,9,10;3,10,11,22,17,21;11,12,16,15,22;0,23,16,12,13;0,19,15,8,1,10,18,23;1,7,15,9,2;2,8,15,16,18,10,3,20;1,14,12,11,4,3,9,18,7;4,10,12,5,22;5,11,10,14,13,6,16;0,6,12,14,19;1,2,20,21,17,15,19,13,12,10;5,16,9,8,7,19,14,17,22;5,12,6,23,18,9,15;4,22,15,14,21;7,10,9,16,23;0,13,14,15,7;2,9,3,21,14;3,4,17,14,20;4,11,5,15,17;0,7,18,16,6
torus1440 24 1,7,13,11,18;0,18,22,2,7;1,22,10,16,9,7;4,21,11,13,17,10;3,10,20,14,7,21;6,8,9,15,13,19,12,22,23;5,23,11,21,8;0,1,2,9,8,21,4,14,13;5,6,21,7,9;2,16,15,5,8,7;2,22,12,20,4,3,17,16;0,13,3,21,6,23,18;5,19,20,10,22;0,7,14,19,5,15,17,3,11;4,20,19,13,7;5,9,16,17,13;2,10,17,15,9;3,13,15,16,10;0,11,23,22,1;5,13,14,20,12;4,10,12,19,14;3,4,7,8,6,11;1,18,23,5,12,10,2;5,22,18,11,6
torus1441 24 1,8,6,13,7,14;0,14,19,12,23,18,8;9,20,19,14,15;4,5,21,20,9,10,11;3,11,13,6,5;3,4,6,8,18,22,21;0,8,5,4,13;0,13,20,21,14;0,1,18,5,6;2,15,16,23,10,3,20;3,9,23,17,11;3,10,17,13,4;1,19,20,13,17,23;0,6,4,11,17,12,20,7;0,7,21,15,2,19,1;2,14,21,16,9;9,15,21,22,23;10,23,12,13,11;1,23,22,5,8;1,14,2,20,12;2,9,3,21,7,13,12,19;3,5,22,16,15,14,7,20;5,18,23,16,21;1,12,17,10,9,16,22,18
torus1442 24 2,6,23,22,21,16,17,12,18;2,10,8,7,6;0,18,13,9,10,1,6;4,10,20,22,23;3,23,5,11,10;4,23,19,12,11;0,2,1,7,23;1,8,15,14,13,18,19,23,6;1,10,16,15,7;2,13,14,20,10;1,2,9,20,3,4,11,17,16,8;4,5,12,17,10;0,17,11,5,19,18;2,18,7,14,9;7,15,20,9,13;7,8,16,21,20,14;0,21,15,8,10,17;0,16,10,11,12;0,12,19,7,13,2;5,23,7,18,12;3,10,9,14,15,21,22;0,22,20,15,16;0,23,3,20,21;0,6,7,19,5,4,3,22
torus1443 24 7,13,23,17,18;2,23,22,7,18;1,18,12,8,23;4,9,8,12,20,21;3,21,22,10,9;6,19,12,11,22;5,22,23,13,19;0,18,1,22,14,19,13;2,12,3,9,23;3,4,10,15,23,8;4,22,16,15,9;5,12,18,16,22;2,18,11,5,19,20,3,8;0,7,19,6,23;7,22,21,20,19;9,10,16,17,23;10,22,11,18,17,15;0,23,15,16,18;0,17,16,11,12,2,1,7;5,6,13,7,14,20,12;3,12,19,14,21;3,20,14,22,4;1,23,6,5,11,16,10,4,21,14,7;0,13,6,22,1,2,8,9,15,17
torus1444 24 1,8,5,4,21,16,18;0,18,19,15,8;6,13,11,17,9;4,6,15,12,11,20,21;0,5,7,6,3,21;0,8,14,7,4;2,9,8,15,3,4,7,13;4,5,14,13,6;0,1,15,6,9,23,22,14,5;2,17,10,23,8,6;9,17,16,21,23;2,13,14,20,3,12,17;3,15,19,17,11;2,6,7,14,11;5,8,22,20,11,13,7;1,19,12,3,6,8;0,21,10,17,18;2,11,12,19,18,16,10,9;0,16,17,19,1;1,18,17,12,15;3,11,14,22,21;0,4,3,20,22,23,10,16;8,23,21,20,14;8,9,10,21,22
torus1445 24 2,7,5,16,9,23;2,23,17,19,18;0,23,1,18,7;4,11,10,19,21;3,21,15,17,11;0,7,6,22,16;5,7,12,17,22;0,2,18,8,14,13,12,6,5;7,18,19,10,9,14;0,16,14,8,10,11,17,23;3,11,9,8,19;3,4,17,9,10;6,7,13,19,17;7,14,20,19,12;7,8,9,16,15,20,13;4,21,20,14,16,22,17;0,5,22,15,14,9;1,23,9,11,4,15,22,6,12,19;1,19,8,7,2;1,17,12,13,20,21,3,10,8,18;13,14,15,21,19;3,19,20,15,4;5,6,17,15,16;0,9,17,1,2
torus1446 24 4,5,6,18,19,16,23,22;2,18,6,7,8;1,8,9,10,22,15,21,19,18;5,13,20,21,15,6;0,22,17,13,5;0,4,13,3,6;0,5,3,15,7,1,18;1,6,15,14,8;1,7,14,9,2;2,8,14,11,10;2,9,11,12,22;9,14,15,23,16,12,10;10,11,16,17,22;3,5,4,17,16,20;7,15,11,9,8;2,22,23,11,14,7,6,3,21;0,19,20,13,17,12,11,23;4,22,12,16,13;0,6,1,2,19;0,18,2,21,20,16;3,13,16,19,21;2,15,3,20,19;0,23,15,2,10,12,17,4;0,16,11,15,22
torus1447 24 3,4,11,7,8,23,5;2,12,8,9,3;1,3,5,20,12;0,5,2,1,9,4;0,3,9,10,11;0,23,21,20,2,3;7,11,10,17,19,13;0,11,6,13,8;0,7,13,15,9,1,12,18,23;1,8,15,16,10,4,3;4,9,16,17,6,11;0,4,10,6,7;1,2,20,19,18,8;6,19,20,14,22,15,8,7;13,20,21,17,22;8,13,22,16,9;9,15,22,17,10;6,10,16,22,14,21,23,18,19;8,12,19,17,23;6,17,18,12,20,13;2,5,21,14,13,19,12;5,23,17,14,20;13,14,17,16,15;0,8,18,17,21,5
torus1448 24 6,13,9,21,16;4,22,10,14,7,19;3,8,15,12,20;2,20,22,4,23,14,17,18,16,21,8;1,19,23,3,22;10,22,20,12,11;0,16,18,7,14,23,13;1,14,6,18,12,19;2,3,21,9,15;0,13,15,8,21;1,22,5,11,14;5,12,17,14,10;2,15,13,23,19,7,18,17,11,5,20;0,6,23,12,15,9;1,10,11,17,3,23,6,7;2,8,9,13,12;0,21,3,18,6;3,14,11,12,18;3,17,12,7,6,16;1,7,12,23,4;2,12,5,22,3;0,9,8,3,16;1,4,3,20,5,10;3,4,19,12,13,6,14
torus1449 24 1,5,4,7,20;0,20,12,18,17,5;3,14,8,15,9;2,9,19,21,10,14;0,5,22,21,19,23,18,11,16,6,7;0,1,17,22,4;4,16,8,14,7;0,4,6,14,20;2,14,6,16,15;2,15,13,19,3;3,21,22,17,18,23,20,14;4,18,12,13,15,16;1,20,13,11,18;9,15,11,12,20,19;2,3,10,20,7,6,8;2,8,16,11,13,9;4,11,15,8,6;1,18,10,22,5;1,12,11,4,23,10,17;3,9,13,20,23,4,21;0,7,14,10,23,19,13,12,1;3,19,4,22,10;4,5,17,10,21;4,19,20,10,18
torus1450 24 6,12,18,13,15,22;4,5,8,23,16;3,11,20,19,18;2,18,8,9,11;1,16,21,11,5;1,4,11,6,22,8;0,22,5,11,12;13,19,20,14,15;1,5,22,9,3,18,17,23;3,8,22,10,11;9,22,15,17,11;2,3,9,10,17,12,6,5,4,21,20;0,6,11,17,18;0,18,19,7,15;7,20,21,16,23,17,15;0,13,7,14,17,10,22;1,23,14,21,4;8,18,12,11,10,15,14,23;0,12,17,8,3,2,19,13;2,20,7,13,18;2,11,21,14,7,19;4,16,14,20,11;0,15,10,9,8,5,6;1,8,17,14,16
torus1451 24 2,11,7,8,14,21;3,9,8,7,23,18,19,5,10,6;0,21,4,19,18,17,20,13,11;1,6,17,16,9;2,21,15,5,19;1,19,4,15,11,13,10;1,10,20,17,3;0,11,23,1,8;0,7,1,9,14;1,3,16,15,14,8;1,5,13,20,6;0,2,13,5,15,22,23,7;15,16,17,18,22;2,20,10,5,11;0,8,9,15,21;4,21,14,9,16,12,22,11,5;3,17,12,15,9;2,18,12,16,3,6,20;1,23,22,12,17,2,19;1,18,2,4,5;2,17,6,10,13;0,14,15,4,2;11,15,12,18,23;1,7,11,22,18
torus1452 24 15,16,22,17,18;2,3,17,7,9;1,9,11,5,20,23,4,10,3;1,2,10,16,21,19,17;2,23,17,22,10;2,11,15,12,20;14,17,23,20,21,16;1,17,14,8,9;7,14,16,15,11,9;1,7,8,11,2;2,4,22,16,3;2,9,8,15,5;5,15,13,21,20;12,15,18,19,21;6,16,8,7,17;0,18,13,12,5,11,8,16;0,15,8,14,6,21,3,10,22;0,22,4,23,6,14,7,1,3,19,18;0,17,19,13,15;3,21,13,18,17;2,5,12,21,6,23;3,16,6,20,12,13,19;0,16,10,4,17;2,20,6,17,4
torus1453 24 1,19,23,14,21;0,21,22,8,19;4,20,19,8,9;4,10,17,15,21,14,13;2,9,16,10,3,13,6,20;11,14,23,16,22;4,13,7,12,20;6,13,14,11,12;1,22,9,2,19;2,8,22,16,4;3,4,16,18,17;5,22,15,12,7,14;6,7,11,15,17,19,20;3,14,7,6,4;0,23,5,11,7,13,3,21;3,17,12,11,22,21;4,9,22,5,23,18,10;3,10,18,19,12,15;10,16,23,19,17;0,1,8,2,20,12,17,18,23;2,4,6,12,19;0,14,3,15,22,1;1,21,15,11,5,16,9,8;0,19,18,16,5,14
torus1454 24 2,18,22,5,23;8,23,13,14,15;0,23,8,9,3,21,19,18;2,9,16,10,6,11,4,21;3,11,5,22,20,21;0,22,4,11,23;3,10,7,13,11;6,10,17,14,13;1,15,9,2,23;2,8,15,16,3;3,16,17,7,6;3,6,13,23,5,4;14,17,16,18,19,20;1,23,11,6,7,14;1,13,7,17,12,20,15;1,14,20,22,16,9,8;3,9,15,22,18,12,17,10;7,10,16,12,14;0,2,19,12,16,22;2,21,20,12,18;4,22,15,14,12,19,21;2,3,4,20,19;0,18,16,15,20,4,5;0,5,11,13,1,8,2
torus1455 24 2,8,6,5,13,19,20,15;3,18,22,6,8;0,15,9,3,8;1,8,2,9,10,4,5,21,20,18;3,10,17,11,5;0,6,22,21,3,4,11,14,13;0,8,1,22,5;11,17,12,16,14;0,2,3,1,6;2,15,12,10,3;3,9,12,17,4;4,17,7,14,5;7,17,10,9,15,23,16;0,5,14,16,19;5,11,7,16,13;0,20,21,22,23,12,9,2;7,12,23,18,19,13,14;4,10,12,7,11;1,3,20,19,16,23,22;0,13,16,18,20;0,19,18,3,21,15;3,5,22,15,20;1,18,23,15,21,5,6;12,15,22,18,16
torus1456 24 1,6,21,5,20;0,20,23,7,6;3,4,10,9,19;2,19,22,21,4;2,3,21,6,12,10;0,21,22,17,20;0,1,7,12,4,21;1,23,19,11,12,6;13,20,18,16,15;2,10,16,18,19;2,4,12,11,17,22,15,16,9;7,19,18,20,17,10,12;4,6,7,11,10;8,15,22,14,20;13,22,19,23,20;8,16,10,22,13;8,18,9,10,15;5,22,10,11,20;8,20,11,19,9,16;2,9,18,11,7,23,14,22,3;0,5,17,11,18,8,13,14,23,1;0,6,4,3,22,5;3,19,14,13,15,10,17,5,21;1,20,14,19,7
torus1457 24 1,14,15,20,12,11,6,5,23;0,23,18,21,7,14;7,21,16,9,8;4,10,19,13,20;3,20,15,22,6,11,17,23,10;0,6,16,19,10,23;0,11,4,22,16,5;1,21,2,8,14;2,9,15,14,7;2,16,22,15,8;3,4,23,5,19;0,12,17,4,6;0,20,13,17,11;3,19,17,12,20;0,1,7,8,15;0,14,8,9,22,4,20;2,21,19,5,6,22,9;4,11,12,13,19,18,23;1,23,17,19,21;3,10,5,16,21,18,17,13;0,15,4,3,13,12;1,18,19,16,2,7;4,15,9,16,6;0,5,10,4,17,18,1
torus1458 24 1,6,5,22,23;0,23,12,8,10,6;4,19,12,23,18;4,9,20,14,21;2,18,17,9,3,21,15,22,5,11,13,19;0,6,11,4,22;0,1,10,7,11,5;6,10,14,13,11;1,12,20,9,17,10;3,4,17,8,20;1,8,17,16,15,21,14,7,6;4,5,6,7,13;1,23,2,19,20,8;4,11,7,14,20,19;3,20,13,7,10,21;4,21,10,16,23,22;10,17,18,23,15;4,18,16,10,8,9;2,23,16,17,4;2,4,13,20,12;3,9,8,12,19,13,14;3,14,10,15,4;0,5,4,15,23;0,22,15,16,18,2,12,1
torus1459 24 5,6,7,21,18,16,23;2,9,10,20,8;1,8,21,15,9;4,21,14,10,9;3,9,11,12,19,21;0,23,22,19,6;0,5,19,13,7;0,6,13,14,21;1,20,12,11,17,21,2;1,2,15,16,18,17,11,4,3,10;1,9,3,14,20;4,9,17,8,12;4,11,8,20,19;6,19,20,14,7;3,21,7,13,20,10;2,21,22,23,16,9;0,18,9,15,23;8,11,9,18,21;0,21,17,9,16;4,12,20,13,6,5,22,21;1,10,14,13,19,12,8;0,7,14,3,4,19,22,15,2,8,17,18;5,23,15,21,19;0,16,15,22,5
torus1460 24 2,6,13,22,23,9;2,19,22,18,15;0,9,3,20,16,19,1,15,8,5,6;2,9,17,18,20;5,8,10,17,11;2,8,4,11,6;0,2,5,11,13;13,14,21,18,22;2,15,10,4,5;0,23,17,3,2;4,8,15,18,17;4,17,13,6,5;14,17,23,22,19,16,21;0,6,11,17,14,7,22;7,13,17,12,21;1,18,10,8,2;2,20,21,12,19;3,9,23,12,14,13,11,4,10,18;1,22,7,21,20,3,17,10,15;1,2,16,12,22;2,3,18,21,16;7,14,12,16,20,18;0,13,7,18,1,19,12,23;0,22,12,17,9
torus1461 24 1,6,4,5,23,17,3,7,18;0,18,19,20,6;7,21,10,9,15,8;0,17,11,12,21,7;0,6,11,10,21,22,5;0,4,22,14,23;0,1,20,12,11,4;0,3,21,2,8,13,18;2,15,14,13,7;2,10,11,16,15;2,21,4,11,9;3,17,16,9,10,4,6,12;3,11,6,20,21;7,8,14,19,18;5,22,20,19,13,8,15,16,23;2,9,16,14,8;9,11,17,23,14,15;0,23,16,11,3;0,7,13,19,1;1,18,13,14,20;1,19,14,22,21,12,6;2,7,3,12,20,22,4,10;4,21,20,14,5;0,5,14,16,17
torus1462 24 9,11,13,23,21;2,15,8,14,3,20;1,20,11,10,6,5,7,15;1,14,21,4,19,20;3,21,22,7,5,13,19;2,6,13,4,7;2,10,12,13,5;2,5,4,22,15;1,15,16,11,9,14;0,21,14,8,11;2,11,17,12,6;0,9,8,16,17,10,2,20,19,13;6,10,17,18,13;0,11,19,4,5,6,12,18,15,23;1,8,9,21,3;1,2,7,22,23,13,18,16,8;8,15,18,17,11;10,11,16,18,12;12,17,16,15,13;3,4,13,11,20;1,3,19,11,2;0,23,22,4,3,14,9;4,21,23,15,7;0,13,15,22,21
torus1463 24 1,8,13,18,12;0,12,6,19,20,21,9,2,8;1,9,3,16,22,15,14,8;2,9,4,10,16;3,9,21,15,22,23,5,10;4,23,6,12,11,10;1,12,5,23,19;13,19,23,17,18;0,1,2,14,13;1,21,4,3,2;3,4,5,11,16;5,12,22,16,10;0,18,17,22,11,5,6,1;0,8,14,20,19,7,18;2,15,20,13,8;2,22,4,21,20,14;2,3,10,11,22;7,23,22,12,18;0,13,7,17,12;1,6,23,7,13,20;1,19,13,14,15,21;1,20,15,4,9;2,16,11,12,17,23,4,15;4,22,17,7,19,6,5
torus1464 24 7,8,11,17,15,21;2,18,20,14,22,4;1,4,3,9,18;2,4,10,11,9;1,22,10,3,2;6,11,10,22,23;5,23,7,13,11;0,21,14,20,19,13,6,23,8;0,7,23,9,11;2,3,11,8,23,22,21,15,16,19,18;3,4,22,5,11;0,8,9,3,10,5,6,13,12,17;11,13,19,16,17;6,7,19,12,11;1,20,7,21,22;0,17,16,9,21;9,15,17,12,19;0,11,12,16,15;1,2,9,19,20;7,20,18,9,16,12,13;1,18,19,7,14;0,15,9,22,14,7;1,14,21,9,23,5,10,4;5,22,9,8,7,6
torus1465 24 1,6,13,16,23;0,23,18,19,20,3,11,2,6;1,11,17,5,12,10,9,6;1,20,21,4,11;3,21,22,16,11;2,17,7,19,12;0,1,2,9,7,13;5,17,13,6,9,15,20,19;14,22,21,20,15;2,10,15,7,6;2,12,18,23,16,14,15,9;1,3,4,16,13,17,2;2,5,19,18,10;0,6,7,17,11,16;8,15,10,16,22;7,9,10,14,8,20;0,13,11,4,22,14,10,23;2,11,13,7,5;1,23,10,12,19;1,18,12,5,7,20;1,19,7,15,8,21,3;3,20,8,22,4;4,21,8,14,16;0,16,10,18,1
torus1466 24 3,7,22,6,4,20;8,19,13,18,14;4,6,19,8,9;0,20,15,14,7;0,6,2,9,10,11,20;6,22,15,13,19;0,22,5,19,2,4;0,3,14,21,22;1,14,9,2,19;2,8,14,15,16,10,4;4,9,16,17,11;4,10,17,12,18,13,20;11,17,23,21,14,18;1,19,5,15,20,11,18;1,18,12,21,7,3,15,9,8;3,20,13,5,22,23,16,9,14;9,15,23,17,10;10,16,23,12,11;1,13,11,12,14;1,8,2,6,5,13;0,4,11,13,15,3;7,14,12,23,22;0,7,21,23,15,5,6;12,17,16,15,22,21
torus1467 24 3,8,6,5,23;6,8,9,14,13,7;3,18,21,4,11,14,9;0,23,17,18,2,9,8;2,21,13,22,23,5,11;0,6,7,12,11,4,23;0,8,1,7,5;1,13,12,5,6;0,3,9,1,6;1,8,3,2,14;11,12,16,15,20;2,4,5,12,10,20,14;5,7,13,19,17,16,10,11;1,14,22,4,21,19,12,7;1,9,2,11,20,22,13;10,16,23,22,20;10,12,17,23,15;3,23,16,12,19,18;2,3,17,19,21;12,13,21,18,17;10,15,22,14,11;2,18,19,13,4;4,13,14,20,15,23;0,5,4,22,15,16,17,3
torus1468 30 1,7,6,5,29,24;0,24,25,2,8,7;1,25,26,3,9,8;2,26,27,4,10,9;3,27,28,5,11,10;0,6,12,11,4,28,29;0,7,13,12,5;0,1,8,14,13,6;1,2,9,15,14,7;2,3,10,16,15,8;3,4,11,17,16,9;4,5,12,17,10;5,6,13,19,18,17,11;6,7,14,20,19,12;7,8,15,21,20,13;8,9,16,22,21,14;9,10,17,23,22,15;10,11,12,18,23,16;12,19,25,24,23,17;12,13,20,26,25,18;13,14,21,27,26,19;14,15,22,28,27,20;15,16,23,29,28,21;16,17,18,24,29,22;0,29,23,18,25,1;1,24,18,19,26,2;2,25,19,20,27,3;3,26,20,21,28,4;4,27,21,22,29,5;0,5,28,22,23,24
torus1469 30 1,7,6,5,29,24;0,24,25,2,8,7;1,25,26,3,9,8;2,26,27,4,9;3,27,21,28,5,11,10,9;0,6,11,4,28,29;0,7,13,12,11,5;0,1,8,14,13,6;1,2,9,15,14,7;2,3,4,10,16,15,8;4,11,17,16,9;4,5,6,12,17,10;6,13,19,18,23,17,11;6,7,14,20,19,12;7,8,15,21,20,13;8,9,16,22,21,14;9,10,17,23,22,15;10,11,12,23,16;12,19,25,24,23;12,13,20,26,25,18;13,14,21,27,26,19;4,27,20,14,15,22,28;15,16,23,29,28,21;12,18,24,29,22,16,17;0,29,23,18,25,1;1,24,18,19,26,2;2,25,19,20,27,3;3,26,20,21,4;4,21,22,29,5;0,5,28,22,23,24
torus1470 30 1,7,6,5,29,24;0,24,25,2,8,14,7;1,25,26,3,9,8;2,26,27,4,10,9;3,27,28,5,11,10;0,6,11,4,28,29;0,7,13,12,11,5;0,1,14,13,6;1,2,9,15,14;2,3,10,16,15,8;3,4,11,17,16,9;4,5,6,12,17,10;6,13,20,19,17,11;6,7,14,20,12;1,8,15,21,20,13,7;8,9,16,22,21,14;9,10,17,23,22,15;10,11,12,19,18,23,16;17,19,25,24,23;12,20,26,25,18,17;12,13,14,21,27,26,19;14,15,22,28,27,20;15,16,23,29,28,21;16,17,18,24,29,22;0,29,23,18,25,1;1,24,18,19,26,2;2,25,19,20,27,3;3,26,20,21,28,4;4,27,21,22,29,5;0,5,28,22,23,24
torus1471 30 1,7,6,5,29,24;0,24,25,2,8,7;1,25,26,3,9,8;2,26,27,4,10,9;3,27,28,5,10;0,6,11,10,4,28,29;0,7,13,12,11,5;0,1,8,14,13,6;1,2,9,15,14,7;2,3,10,15,8;3,4,5,11,17,16,15,9;5,6,12,17,10;6,13,18,17,11;6,7,14,20,19,18,12;7,8,15,21,20,13;8,9,10,16,22,21,14;10,17,23,22,15;10,11,12,18,23,16;12,13,19,25,24,23,17;13,20,26,25,18;13,14,21,27,26,19;14,15,22,28,27,20;15,16,23,29,28,21;16,17,18,24,29,22;0,29,23,18,25,1;1,24,18,19,26,2;2,25,19,20,27,3;3,26,20,21,28,4;4,27,21,22,29,5;0,5,28,22,23,24
torus1472 30 1,7,6,5,29,24;0,24,25,2,8,7;1,25,3,9,8;2,25,26,27,4,10,9;3,27,28,5,11,10;0,6,11,4,28,29;0,7,13,12,11,5;0,1,8,14,13,6;1,2,9,14,7;2,3,10,16,15,14,8;3,4,11,17,16,9;4,5,6,12,17,10;6,13,19,18,17,11;6,7,14,20,19,12;7,8,9,15,21,20,13;9,16,22,21,14;9,10,17,23,22,15;10,11,12,18,23,16;12,19,25,24,29,23,17;12,13,20,26,25,18;13,14,21,27,26,19;14,15,22,28,27,20;15,16,23,29,28,21;16,17,18,29,22;0,29,18,25,1;1,24,18,19,26,3,2;3,25,19,20,27;3,26,20,21,28,4;4,27,21,22,29,5;0,5,28,22,23,18,24
torus1473 30 1,7,6,5,29,24;0,24,25,2,8,7;1,25,3,9,8;2,25,26,27,4,9;3,27,28,5,11,10,9;0,6,11,4,28,29;0,7,13,12,11,5;0,1,8,14,13,6;1,2,9,15,14,7;2,3,4,10,16,15,8;4,11,17,16,9;4,5,6,12,17,10;6,13,19,18,17,11;6,7,14,20,19,12;7,8,15,21,20,13;8,9,16,22,21,14;9,10,17,22,15;10,11,12,18,23,22,16;12,19,25,24,23,17;12,13,20,26,25,18;13,14,21,27,26,19;14,15,22,28,27,20;15,16,17,23,29,28,21;17,18,24,29,22;0,29,23,18,25,1;1,24,18,19,26,3,2;3,25,19,20,27;3,26,20,21,28,4;4,27,21,22,29,5;0,5,28,22,23,24
torus1474 30 1,7,6,5,29,24;0,24,25,2,8,7;1,25,26,9,8;4,10,9,26,20,27;3,27,28,5,11,10;0,6,11,4,28,29;0,7,13,12,11,5;0,1,8,14,13,6;1,2,9,15,14,7;2,26,3,10,16,15,8;3,4,11,16,9;4,5,6,12,17,16,10;6,13,19,18,17,11;6,7,14,20,19,12;7,8,15,21,20,13;8,9,16,22,21,14;9,10,11,17,23,22,15;11,12,18,23,16;12,19,25,24,23,17;12,13,20,26,25,18;3,26,19,13,14,21,27;14,15,22,28,27,20;15,16,23,29,28,21;16,17,18,24,29,22;0,29,23,18,25,1;1,24,18,19,26,2;2,25,19,20,3,9;3,20,21,28,4;4,27,21,22,29,5;0,5,28,22,23,24
torus1475 30 1,7,6,5,29,24;0,24,25,2,8,7;1,25,26,3,9,8;2,26,27,4,10,9;3,27,21,28,5,11,10;0,6,11,4,28,29;0,7,13,12,11,5;0,1,8,14,13,6;1,2,9,15,14,7;2,3,10,16,15,8;3,4,11,17,16,9;4,5,6,12,17,10;6,13,19,18,23,17,11;6,7,14,20,19,12;7,8,15,22,21,20,13;8,9,16,22,14;9,10,17,23,22,15;10,11,12,23,16;12,19,25,24,23;12,13,20,26,25,18;13,14,21,27,26,19;4,27,20,14,22,28;14,15,16,23,29,28,21;12,18,24,29,22,16,17;0,29,23,18,25,1;1,24,18,19,26,2;2,25,19,20,27,3;3,26,20,21,4;4,21,22,29,5;0,5,28,22,23,24
torus1476 30 1,7,6,5,29,24;0,24,25,2,8,7;1,25,26,3,9,8;2,26,27,4,10,9;3,27,28,29,5,11,10;0,6,11,4,29;0,7,13,12,11,5;0,1,8,14,13,6;1,2,9,15,14,7;2,3,10,16,15,8;3,4,11,16,9;4,5,6,12,17,16,10;6,13,19,18,17,11;6,7,14,20,19,12;7,8,15,21,20,13;8,9,16,23,22,21,14;9,10,11,17,23,15;11,12,18,23,16;12,19,25,24,23,17;12,13,20,26,25,18;13,14,21,27,26,19;14,15,22,28,27,20;15,23,29,28,21;15,16,17,18,24,29,22;0,29,23,18,25,1;1,24,18,19,26,2;2,25,19,20,27,3;3,26,20,21,28,4;4,27,21,22,29;0,5,4,28,22,23,24
torus1477 30 1,7,6,5,29,24,25;0,25,2,8,7;1,25,26,3,8;2,26,27,4,10,9,8;3,27,28,5,11,10;0,6,11,4,28,29;0,7,13,12,11,5;0,1,8,14,13,6;1,2,3,9,15,14,7;3,10,16,15,8;3,4,11,12,17,16,9;4,5,6,12,10;6,13,19,18,17,10,11;6,7,14,20,19,12;7,8,15,21,20,13;8,9,16,22,21,14;9,10,17,23,22,15;10,12,18,23,16;12,19,25,24,23,17;12,13,20,26,25,18;13,14,21,27,26,19;14,15,22,28,27,20;15,16,23,29,28,21;16,17,18,24,29,22;0,29,23,18,25;0,24,18,19,26,2,1;2,25,19,20,27,3;3,26,20,21,28,4;4,27,21,22,29,5;0,5,28,22,23,24
torus1478 30 1,7,6,5,29;0,29,24,25,2,8,7;1,25,26,3,9,8;2,26,27,4,10,9;3,27,28,5,11,17,10;0,6,11,4,28,29;0,7,13,12,11,5;0,1,8,14,13,6;1,2,9,15,14,7;2,3,10,16,15,8;3,4,17,16,9;4,5,6,12,17;6,13,19,18,17,11;6,7,14,20,19,12;7,8,15,21,20,13;8,9,16,22,21,14;9,10,17,22,15;4,11,12,18,23,22,16,10;12,19,25,24,23,17;12,13,20,26,25,18;13,14,21,27,26,19;14,15,22,28,27,20;15,16,17,23,29,28,21;17,18,24,29,22;1,29,23,18,25;1,24,18,19,26,2;2,25,19,20,27,3;3,26,20,21,28,4;4,27,21,22,29,5;0,5,28,22,23,24,1
torus1479 30 1,7,6,5,29,24;0,24,25,2,8,14,7;1,25,26,3,9,8;2,26,27,4,10,9;3,27,28,5,11,10;0,6,11,4,28,29;0,7,13,12,11,5;0,1,14,13,6;1,2,9,15,14;2,3,10,16,15,8;3,4,11,17,16,9;4,5,6,12,17,10;6,13,19,25,18,17,11;6,7,14,20,19,12;1,8,15,21,27,20,13,7;8,9,16,22,21,14;9,10,17,23,22,15;10,11,12,18,23,16;12,25,24,23,17;12,13,20,26,25;13,14,27,26,19;14,15,22,28,27;15,16,23,29,28,21;16,17,18,24,29,22;0,29,23,18,25,1;1,24,18,12,19,26,2;2,25,19,20,27,3;3,26,20,14,21,28,4;4,27,21,22,29,5;0,5,28,22,23,24
torus1480 30 1,7,6,5,29,24;0,24,25,2,8,7;1,25,26,3,10,9,8;2,26,27,4,10;3,27,28,5,6,11,10;0,6,4,28,29;0,7,13,12,11,4,5;0,1,8,14,20,13,6;1,2,9,15,14,7;2,10,16,15,8;2,3,4,11,17,16,9;4,6,12,17,10;6,13,19,18,17,11;6,7,20,19,12;7,8,15,21,20;8,9,16,22,21,14;9,10,17,23,22,15;10,11,12,18,23,16;12,19,25,24,23,17;12,13,20,26,25,18;7,14,21,27,26,19,13;14,15,22,28,27,20;15,16,23,29,28,21;16,17,18,24,29,22;0,29,23,18,25,1;1,24,18,19,26,2;2,25,19,20,27,3;3,26,20,21,28,4;4,27,21,22,29,5;0,5,28,22,23,24
torus1481 30 1,7,6,5,29,24;0,24,25,8,7;3,9,8,25,26;2,26,27,4,10,9;3,27,28,5,11,10;0,6,11,4,28,29;0,7,13,12,11,5;0,1,8,14,13,6;1,25,2,9,15,14,7;2,3,10,16,15,8;3,4,11,17,16,9;4,5,6,12,17,10;6,13,19,18,17,11;6,7,14,20,19,12;7,8,15,21,20,13;8,9,16,23,22,21,14;9,10,17,23,15;10,11,12,18,23,16;12,19,25,24,23,17;12,13,20,26,25,18;13,14,21,26,19;14,15,22,28,27,26,20;15,23,29,28,21;15,16,17,18,24,29,22;0,29,23,18,25,1;1,24,18,19,26,2,8;2,25,19,20,21,27,3;3,26,21,28,4;4,27,21,22,29,5;0,5,28,22,23,24
torus1482 30 1,7,6,5,29,24;0,24,25,26,2,8,7;1,26,3,9,8;2,26,27,4,10,9;3,27,28,5,11,10;0,6,11,4,28,29;0,7,13,12,11,5;0,1,8,15,14,13,6;1,2,9,15,7;2,3,10,16,15,8;3,4,11,17,16,9;4,5,6,12,17,10;6,13,19,18,17,11;6,7,14,20,19,12;7,15,21,20,13;7,8,9,16,22,21,14;9,10,17,23,22,15;10,11,12,18,23,16;12,19,25,23,17;12,13,20,26,25,18;13,14,21,27,26,19;14,15,22,28,27,20;15,16,23,29,28,21;16,17,18,25,24,29,22;0,29,23,25,1;1,24,23,18,19,26;1,25,19,20,27,3,2;3,26,20,21,28,4;4,27,21,22,29,5;0,5,28,22,23,24
torus1483 30 1,7,6,5,29,24;0,24,25,2,8,7;1,25,26,9,8;4,10,9,26,27;3,27,28,5,11,10;0,6,11,4,28,29;0,7,13,12,11,5;0,1,8,14,13,6;1,2,9,15,14,7;2,26,3,10,16,15,8;3,4,11,17,16,9;4,5,6,12,18,17,10;6,13,19,18,11;6,7,14,20,19,12;7,8,15,21,20,13;8,9,16,22,21,14;9,10,17,23,22,15;10,11,18,23,16;11,12,19,25,24,23,17;12,13,20,26,25,18;13,14,21,26,19;14,15,22,28,27,26,20;15,16,23,29,28,21;16,17,18,24,29,22;0,29,23,18,25,1;1,24,18,19,26,2;2,25,19,20,21,27,3,9;3,26,21,28,4;4,27,21,22,29,5;0,5,28,22,23,24
torus1484 30 1,7,6,5,29,24;0,24,25,2,7;1,25,26,3,9,8,7;2,26,27,4,10,9;3,27,28,29,5,11,10;0,6,11,4,29;0,7,13,12,11,5;0,1,2,8,14,13,6;2,9,15,14,7;2,3,10,16,15,8;3,4,11,17,16,9;4,5,6,12,17,10;6,13,19,18,23,17,11;6,7,14,20,19,12;7,8,15,21,20,13;8,9,16,22,21,14;9,10,17,23,22,15;10,11,12,23,16;12,19,25,24,23;12,13,20,26,25,18;13,14,21,27,26,19;14,15,22,28,27,20;15,16,23,29,28,21;12,18,24,29,22,16,17;0,29,23,18,25,1;1,24,18,19,26,2;2,25,19,20,27,3;3,26,20,21,28,4;4,27,21,22,29;0,5,4,28,22,23,24
torus1485 30 1,7,6,5,29,24;0,24,25,2,8,7;1,25,3,9,8;2,25,26,27,28,4,10,9;3,28,5,11,10;0,6,11,4,28,29;0,7,13,12,11,5;0,1,8,15,14,13,6;1,2,9,15,7;2,3,10,16,15,8;3,4,11,17,16,9;4,5,6,12,17,10;6,13,19,18,17,11;6,7,14,20,19,12;7,15,21,20,13;7,8,9,16,22,21,14;9,10,17,23,22,15;10,11,12,18,23,16;12,19,25,24,23,17;12,13,20,26,25,18;13,14,21,27,26,19;14,15,22,28,27,20;15,16,23,29,28,21;16,17,18,24,29,22;0,29,23,18,25,1;1,24,18,19,26,3,2;3,25,19,20,27;3,26,20,21,28;3,27,21,22,29,5,4;0,5,28,22,23,24
torus1486 30 1,7,6,5,24;0,24,25,2,8,7;1,25,26,3,9,8;2,26,27,4,10,9;3,27,5,11,10;0,6,11,4,27,28,29,24;0,7,13,12,11,5;0,1,8,14,13,6;1,2,9,15,14,7;2,3,10,16,15,8;3,4,11,17,16,9;4,5,6,12,17,10;6,13,19,18,17,11;6,7,14,20,19,12;7,8,15,20,13;8,9,16,22,21,20,14;9,10,17,23,22,15;10,11,12,18,23,16;12,19,25,24,23,17;12,13,20,26,25,18;13,14,15,21,27,26,19;15,22,28,27,20;15,16,23,29,28,21;16,17,18,24,29,22;0,5,29,23,18,25,1;1,24,18,19,26,2;2,25,19,20,27,3;3,26,20,21,28,5,4;5,27,21,22,29;5,28,22,23,24
torus1487 30 1,7,6,5,29,24;0,24,25,2,8,7;1,25,26,9,8;4,10,9,26,27;3,27,28,5,11,10;0,6,11,4,28,29;0,7,13,12,11,5;0,1,8,15,14,13,6;1,2,9,15,7;2,26,3,10,16,15,8;3,4,11,17,16,9;4,5,6,12,17,10;6,13,19,18,17,11;6,7,14,20,19,12;7,15,21,20,13;7,8,9,16,22,21,14;9,10,17,23,22,15;10,11,12,18,23,16;12,19,25,24,23,17;12,13,20,26,25,18;13,14,21,28,27,26,19;14,15,22,28,20;15,16,23,29,28,21;16,17,18,24,29,22;0,29,23,18,25,1;1,24,18,19,26,2;2,25,19,20,27,3,9;3,26,20,28,4;4,27,20,21,22,29,5;0,5,28,22,23,24
torus1488 30 1,7,6,5,29,24;0,24,25,2,8,7;1,25,26,3,9,8;2,26,27,4,9;3,27,28,5,11,10,9;0,6,11,4,28,29;0,7,13,12,17,11,5;0,1,8,14,13,6;1,2,9,15,14,7;2,3,4,10,16,15,8;4,11,17,16,9;4,5,6,17,10;6,13,19,18,17;6,7,14,20,19,12;7,8,15,21,20,13;8,9,16,22,21,14;9,10,17,23,22,15;6,12,18,23,16,10,11;12,19,25,23,17;12,13,20,26,25,18;13,14,21,27,26,19;14,15,22,28,27,20;15,16,23,29,28,21;16,17,18,25,24,29,22;0,29,23,25,1;1,24,23,18,19,26,2;2,25,19,20,27,3;3,26,20,21,28,4;4,27,21,22,29,5;0,5,28,22,23,24
torus1489 30 1,7,6,5,29,24;0,24,25,2,8,7;1,25,26,3,9,8;2,26,27,4,10,9;3,27,28,29,5,11,10;0,6,11,4,29;0,7,13,12,11,5;0,1,8,14,20,13,6;1,2,9,15,14,7;2,3,10,16,15,8;3,4,11,17,23,16,9;4,5,6,12,17,10;6,13,19,18,17,11;6,7,20,19,12;7,8,15,21,20;8,9,16,22,21,14;9,10,23,22,15;10,11,12,18,23;12,19,25,24,23,17;12,13,20,26,25,18;7,14,21,27,26,19,13;14,15,22,28,27,20;15,16,23,29,28,21;10,17,18,24,29,22,16;0,29,23,18,25,1;1,24,18,19,26,2;2,25,19,20,27,3;3,26,20,21,28,4;4,27,21,22,29;0,5,4,28,22,23,24
torus1490 30 1,8,7,6,5,29,24;0,24,25,26,2,8;1,26,3,9,8;2,26,27,4,10,9;3,27,28,5,6,11,10;0,6,4,28,29;0,7,13,12,11,4,5;0,8,14,13,6;0,1,2,9,15,14,7;2,3,10,16,15,8;3,4,11,17,16,9;4,6,12,17,10;6,13,19,18,17,11;6,7,14,20,19,12;7,8,15,21,20,13;8,9,16,22,21,14;9,10,17,23,22,15;10,11,12,18,23,16;12,19,25,24,23,17;12,13,20,26,25,18;13,14,21,27,26,19;14,15,22,28,27,20;15,16,23,29,28,21;16,17,18,24,29,22;0,29,23,18,25,1;1,24,18,19,26;1,25,19,20,27,3,2;3,26,20,21,28,4;4,27,21,22,29,5;0,5,28,22,23,24
torus1491 30 1,6,5,29,24;0,24,25,2,8,7,6;1,25,26,3,9,8;2,26,27,4,10,9;3,27,28,5,11,10;0,6,11,4,28,29;0,1,7,13,12,11,5;1,8,14,13,6;1,2,9,15,14,7;2,3,10,15,8;3,4,11,17,16,15,9;4,5,6,12,17,10;6,13,19,18,17,11;6,7,14,20,19,12;7,8,15,21,20,13;8,9,10,16,22,21,14;10,17,23,22,15;10,11,12,18,23,16;12,19,24,23,17;12,13,20,26,25,24,18;13,14,21,27,26,19;14,15,22,28,27,20;15,16,23,29,28,21;16,17,18,24,29,22;0,29,23,18,19,25,1;1,24,19,26,2;2,25,19,20,27,3;3,26,20,21,28,4;4,27,21,22,29,5;0,5,28,22,23,24
torus1492 30 1,7,6,5,28,29,24;0,24,25,2,8,7;1,25,26,3,9,8;2,26,27,4,10,9;3,27,28,5,10;0,6,11,10,4,28;0,7,13,12,11,5;0,1,8,14,13,6;1,2,9,15,14,7;2,3,10,16,15,8;3,4,5,11,17,16,9;5,6,12,17,10;6,13,19,18,17,11;6,7,14,20,19,12;7,8,15,21,27,20,13;8,9,16,22,21,14;9,10,17,23,22,15;10,11,12,18,23,16;12,19,25,24,23,17;12,13,20,26,25,18;13,14,27,26,19;14,15,22,28,27;15,16,23,29,28,21;16,17,18,24,29,22;0,29,23,18,25,1;1,24,18,19,26,2;2,25,19,20,27,3;3,26,20,14,21,28,4;0,5,4,27,21,22,29;0,28,22,23,24
torus1493 30 1,6,5,29,24;0,24,25,2,8,7,6;1,25,26,3,9,8;2,26,27,4,10,9;3,27,28,5,10;0,6,11,10,4,28,29;0,1,7,13,12,11,5;1,8,14,13,6;1,2,9,15,21,14,7;2,3,10,16,15,8;3,4,5,11,17,16,9;5,6,12,17,10;6,13,19,18,17,11;6,7,14,20,19,12;7,8,21,20,13;8,9,16,22,21;9,10,17,23,22,15;10,11,12,18,23,16;12,19,25,24,23,17;12,13,20,26,25,18;13,14,21,27,26,19;8,15,22,28,27,20,14;15,16,23,29,28,21;16,17,18,24,29,22;0,29,23,18,25,1;1,24,18,19,26,2;2,25,19,20,27,3;3,26,20,21,28,4;4,27,21,22,29,5;0,5,28,22,23,24
torus1494 30 1,7,6,5,29,24;0,24,25,2,8,7;1,25,26,3,9,8;2,26,27,4,11,10,9;3,27,21,28,5,11;0,6,11,4,28,29;0,7,13,12,11,5;0,1,8,14,13,6;1,2,9,15,14,7;2,3,10,16,15,8;3,11,17,16,9;3,4,5,6,12,17,10;6,13,19,18,17,11;6,7,14,20,19,12;7,8,15,21,20,13;8,9,16,23,22,21,14;9,10,17,23,15;10,11,12,18,23,16;12,19,25,24,23,17;12,13,20,26,25,18;13,14,21,27,26,19;4,27,20,14,15,22,28;15,23,29,28,21;15,16,17,18,24,29,22;0,29,23,18,25,1;1,24,18,19,26,2;2,25,19,20,27,3;3,26,20,21,4;4,21,22,29,5;0,5,28,22,23,24
torus1495 30 1,7,6,5,29,24;0,24,25,2,8,7;1,25,26,3,9,8;2,26,27,4,10,9;3,27,28,5,11,10;0,6,11,4,28,29;0,7,13,19,12,11,5;0,1,8,14,13,6;1,2,9,15,14,7;2,3,10,16,15,8;3,4,11,17,16,9;4,5,6,12,17,10;6,19,18,17,11;6,7,14,20,19;7,8,15,21,20,13;8,9,16,22,21,14;9,10,17,23,22,15;10,11,12,18,24,23,16;12,19,25,24,17;6,13,20,26,25,18,12;13,14,21,26,19;14,15,22,28,27,26,20;15,16,23,29,28,21;16,17,24,29,22;0,29,23,17,18,25,1;1,24,18,19,26,2;2,25,19,20,21,27,3;3,26,21,28,4;4,27,21,22,29,5;0,5,28,22,23,24
torus1496 30 1,7,6,5,29,24;0,24,25,2,8,7;1,25,26,3,9,8;2,26,27,4,10,9;3,27,28,5,11,10;0,6,11,4,28,29;0,7,13,19,12,11,5;0,1,8,14,13,6;1,2,9,15,14,7;2,3,10,16,15,8;3,4,11,17,16,9;4,5,6,12,17,10;6,19,18,17,11;6,7,14,20,19;7,8,15,21,20,13;8,9,16,22,21,14;9,10,17,23,29,22,15;10,11,12,18,23,16;12,19,26,25,24,23,17;6,13,20,26,18,12;13,14,21,27,26,19;14,15,22,28,27,20;15,16,29,28,21;16,17,18,24,29;0,29,23,18,25,1;1,24,18,26,2;2,25,18,19,20,27,3;3,26,20,21,28,4;4,27,21,22,29,5;0,5,28,22,16,23,24
torus1497 30 1,7,6,5,29,24;0,24,25,2,8,7;1,25,3,9,8;2,25,26,27,4,10,9;3,27,28,5,11,10;0,6,11,4,28,29;0,7,13,12,11,5;0,1,8,14,13,6;1,2,9,15,14,7;2,3,10,16,15,8;3,4,11,17,23,16,9;4,5,6,12,17,10;6,13,19,18,17,11;6,7,14,20,19,12;7,8,15,21,20,13;8,9,16,22,21,14;9,10,23,22,15;10,11,12,18,23;12,19,25,24,23,17;12,13,20,26,25,18;13,14,21,28,27,26,19;14,15,22,28,20;15,16,23,29,28,21;10,17,18,24,29,22,16;0,29,23,18,25,1;1,24,18,19,26,3,2;3,25,19,20,27;3,26,20,28,4;4,27,20,21,22,29,5;0,5,28,22,23,24
torus1498 30 1,7,6,5,29,24;0,24,25,2,8,7;1,25,26,3,8;2,26,27,4,10,9,8;3,27,28,5,11,10;0,6,11,4,28,29;0,7,13,12,11,5;0,1,8,14,13,6;1,2,3,9,15,14,7;3,10,16,15,8;3,4,11,12,17,16,9;4,5,6,12,10;6,13,19,18,17,10,11;6,7,14,20,19,12;7,8,15,21,20,13;8,9,16,22,21,14;9,10,17,23,22,15;10,12,18,23,16;12,19,25,24,23,17;12,13,20,26,25,18;13,14,21,28,27,26,19;14,15,22,28,20;15,16,23,29,28,21;16,17,18,24,29,22;0,29,23,18,25,1;1,24,18,19,26,2;2,25,19,20,27,3;3,26,20,28,4;4,27,20,21,22,29,5;0,5,28,22,23,24
torus1499 30 1,7,6,5,29,24;0,24,25,2,8,7;1,25,26,3,9,8;2,26,27,4,10,9;3,27,28,5,11,17,10;0,6,11,4,28,29;0,7,13,11,5;0,1,8,14,13,6;1,2,9,16,15,14,7;2,3,10,16,8;3,4,17,16,9;4,5,6,13,12,17;11,13,19,18,17;6,7,14,20,19,12,11;7,8,15,21,20,13;8,16,22,21,14;8,9,10,17,23,22,15;4,11,12,18,23,16,10;12,19,25,24,23,17;12,13,20,26,25,18;13,14,21,27,26,19;14,15,22,28,27,20;15,16,23,29,28,21;16,17,18,24,29,22;0,29,23,18,25,1;1,24,18,19,26,2;2,25,19,20,27,3;3,26,20,21,28,4;4,27,21,22,29,5;0,5,28,22,23,24
torus1500 30 1,7,6,5,29,24;0,24,2,8,7;1,24,25,26,3,9,8;2,26,27,4,10,9;3,27,28,11,10;0,6,11,28,29;0,7,13,12,11,5;0,1,8,14,13,6;1,2,9,15,14,7;2,3,10,15,8;3,4,11,17,16,15,9;4,28,5,6,12,17,10;6,13,19,18,17,11;6,7,14,20,19,12;7,8,15,21,20,13;8,9,10,16,22,21,14;10,17,23,22,15;10,11,12,18,23,16;12,19,25,24,23,17;12,13,20,26,25,18;13,14,21,27,26,19;14,15,22,28,27,20;15,16,23,29,28,21;16,17,18,24,29,22;0,29,23,18,25,2,1;2,24,18,19,26;2,25,19,20,27,3;3,26,20,21,28,4;4,27,21,22,29,5,11;0,5,28,22,23,24
torus1501 30 1,7,6,5,29;0,29,24,25,2,8,7;1,25,26,3,9,8;2,26,27,4,10,9;3,27,28,5,11,10;0,6,11,4,28,29;0,7,13,12,11,5;0,1,8,14,13,6;1,2,9,15,14,7;2,3,10,16,15,8;3,4,11,12,17,16,9;4,5,6,12,10;6,13,19,18,17,10,11;6,7,14,20,19,12;7,8,15,21,20,13;8,9,16,22,21,14;9,10,17,23,22,15;10,12,18,23,16;12,19,25,24,23,17;12,13,20,26,25,18;13,14,21,27,26,19;14,15,22,28,27,20;15,16,23,24,29,28,21;16,17,18,24,22;1,29,22,23,18,25;1,24,18,19,26,2;2,25,19,20,27,3;3,26,20,21,28,4;4,27,21,22,29,5;0,5,28,22,24,1
torus1502 30 1,7,6,5,29,23,24;0,24,25,2,8,7;1,25,26,3,9,8;2,26,27,4,10,9;3,27,28,5,11,10;0,6,11,4,28,29;0,7,13,12,17,11,5;0,1,8,14,13,6;1,2,9,15,14,7;2,3,10,16,15,8;3,4,11,17,16,9;4,5,6,17,10;6,13,19,18,17;6,7,14,20,19,12;7,8,15,21,20,13;8,9,16,22,28,21,14;9,10,17,23,22,15;6,12,18,23,16,10,11;12,19,25,24,23,17;12,13,20,26,25,18;13,14,21,27,26,19;14,15,28,27,20;15,16,23,29,28;0,29,22,16,17,18,24;0,23,18,25,1;1,24,18,19,26,2;2,25,19,20,27,3;3,26,20,21,28,4;4,27,21,15,22,29,5;0,5,28,22,23
torus1503 30 1,7,6,5,29,24;0,24,25,2,8,7;1,25,26,3,9,8;2,26,27,4,10,9;3,27,28,5,11,10;0,6,11,4,28,29;0,7,13,12,11,5;0,1,8,14,13,6;1,2,9,15,14,7;2,3,10,16,15,8;3,4,11,17,16,9;4,5,6,12,17,10;6,13,19,25,18,17,11;6,7,14,19,12;7,8,15,21,20,19,13;8,9,16,22,21,14;9,10,17,23,22,15;10,11,12,18,23,16;12,25,24,23,17;12,13,14,20,26,25;14,21,27,26,19;14,15,22,29,28,27,20;15,16,23,29,21;16,17,18,24,29,22;0,29,23,18,25,1;1,24,18,12,19,26,2;2,25,19,20,27,3;3,26,20,21,28,4;4,27,21,29,5;0,5,28,21,22,23,24
torus1504 30 1,7,6,5,28,29,24;0,24,25,2,8,7;1,25,26,3,9,8;2,26,27,28,4,10,9;3,28,5,11,10;0,6,11,4,28;0,7,13,12,11,5;0,1,8,14,13,6;1,2,9,15,14,7;2,3,10,16,15,8;3,4,11,17,16,9;4,5,6,12,17,10;6,13,19,18,17,11;6,7,14,20,19,12;7,8,15,22,21,20,13;8,9,16,22,14;9,10,17,23,22,15;10,11,12,18,23,16;12,19,25,24,23,17;12,13,20,26,25,18;13,14,21,27,26,19;14,22,28,27,20;14,15,16,23,29,28,21;16,17,18,24,29,22;0,29,23,18,25,1;1,24,18,19,26,2;2,25,19,20,27,3;3,26,20,21,28;0,5,4,3,27,21,22,29;0,28,22,23,24
torus1505 30 1,7,5,29,24;0,24,25,2,8,7;1,25,26,3,9,8;2,26,27,4,10,9;3,27,28,5,11,10;0,7,6,11,4,28,29;5,7,13,12,11;0,1,8,14,13,6,5;1,2,9,15,14,7;2,3,10,16,15,8;3,4,11,12,17,16,9;4,5,6,12,10;6,13,19,18,17,10,11;6,7,14,20,19,12;7,8,15,21,20,13;8,9,16,22,21,14;9,10,17,23,22,15;10,12,18,23,16;12,19,26,25,24,23,17;12,13,20,26,18;13,14,21,27,26,19;14,15,22,28,27,20;15,16,23,29,28,21;16,17,18,24,29,22;0,29,23,18,25,1;1,24,18,26,2;2,25,18,19,20,27,3;3,26,20,21,28,4;4,27,21,22,29,5;0,5,28,22,23,24
torus1506 30 1,7,6,5,29,24;0,24,25,2,8,7;1,25,26,3,9,8;2,26,27,4,10,9;3,27,28,5,11,10;0,6,11,4,28,29;0,7,13,12,11,5;0,1,8,14,13,6;1,2,9,15,14,7;2,3,10,16,15,8;3,4,11,17,16,9;4,5,6,12,17,10;6,13,19,18,17,11;6,7,14,20,19,12;7,8,15,21,20,13;8,9,16,22,21,14;9,10,17,23,22,15;10,11,12,18,23,16;12,19,25,24,23,17;12,13,20,26,25,18;13,14,21,26,19;14,15,22,28,27,26,20;15,16,23,29,28,21;16,17,18,24,29,22;0,29,23,18,25,1;1,24,18,19,26,2;2,25,19,20,21,27,3;3,26,21,28,4;4,27,21,22,29,5;0,5,28,22,23,24
torus1507 30 1,7,6,5,29,24;0,24,25,2,8,7;1,25,26,3,9,8;2,26,27,4,10,9;3,27,28,5,10;0,6,11,10,4,28,29;0,7,13,19,12,11,5;0,1,8,14,13,6;1,2,9,15,14,7;2,3,10,16,15,8;3,4,5,11,17,16,9;5,6,12,17,10;6,19,18,17,11;6,7,14,20,19;7,8,15,20,13;8,9,16,22,21,20,14;9,10,17,23,22,15;10,11,12,18,23,16;12,19,25,24,23,17;6,13,20,26,25,18,12;13,14,15,21,27,26,19;15,22,28,27,20;15,16,23,29,28,21;16,17,18,24,29,22;0,29,23,18,25,1;1,24,18,19,26,2;2,25,19,20,27,3;3,26,20,21,28,4;4,27,21,22,29,5;0,5,28,22,23,24
torus1508 30 1,7,6,5,29,23,24;0,24,25,2,8,7;1,25,26,3,9,8;2,26,27,4,11,10,9;3,27,28,5,11;0,6,11,4,28,29;0,7,13,12,11,5;0,1,8,14,13,6;1,2,9,15,14,7;2,3,10,16,15,8;3,11,17,16,9;3,4,5,6,12,18,17,10;6,13,19,18,11;6,7,14,20,19,12;7,8,15,21,20,13;8,9,16,22,21,14;9,10,17,23,22,15;10,11,18,23,16;11,12,19,25,24,23,17;12,13,20,26,25,18;13,14,21,27,26,19;14,15,22,28,27,20;15,16,23,29,28,21;0,29,22,16,17,18,24;0,23,18,25,1;1,24,18,19,26,2;2,25,19,20,27,3;3,26,20,21,28,4;4,27,21,22,29,5;0,5,28,22,23
torus1509 30 6,7,8,24,29;2,25,18,24,8;1,8,9,3,27,26,25;2,9,16,10,4,27;3,10,17,11,5,28,27;4,11,6,29,28;0,29,5,11,12,13,7;0,6,13,14,8;0,7,14,15,9,2,1,24;2,8,15,16,3;3,16,23,17,4;4,17,12,6,5;6,11,17,18,19,13;6,12,19,14,7;7,13,19,20,21,15,8;8,14,21,22,16,9;3,9,15,22,23,10;4,10,23,24,18,12,11;1,25,19,12,17,24;12,18,25,26,20,14,13;14,19,26,27,21;14,20,27,28,22,15;15,21,28,29,23,16;10,16,22,29,24,17;0,8,1,18,17,23,29;1,2,26,19,18;2,27,20,19,25;2,3,4,28,21,20,26;4,5,29,22,21,27;0,24,23,22,28,5,6
torus1510 30 1,7,6,5,28,29;0,29,24,25,2,7;1,25,9,8,7;4,10,9,26,27,28;3,28,5,11,10;0,6,11,4,28;0,7,13,12,11,5;0,1,2,8,14,13,6;2,9,15,14,7;2,25,26,3,10,17,16,15,8;3,4,11,17,9;4,5,6,12,17,10;6,13,19,17,11;6,7,14,21,20,19,12;7,8,15,21,13;8,9,16,22,28,21,14;9,17,23,22,15;9,10,11,12,19,18,23,16;17,19,25,24,23;12,13,20,26,25,18,17;13,21,27,26,19;13,14,15,28,27,20;15,16,23,29,28;16,17,18,24,29,22;1,29,23,18,25;1,24,18,19,26,9,2;3,9,25,19,20,27;3,26,20,21,28;0,5,4,3,27,21,15,22,29;0,28,22,23,24,1
torus1511 30 1,7,13,6,5,29,24;0,24,25,2,8,7;1,25,26,3,9,8;2,26,27,4,10,9;3,27,28,5,11,17,10;0,6,11,4,28,29;0,13,12,11,5;0,1,8,14,13;1,2,9,16,15,14,7;2,3,10,16,8;3,4,17,16,9;4,5,6,12,17;6,13,18,17,11;0,7,14,20,19,18,12,6;7,8,15,21,27,20,13;8,16,17,22,21,14;8,9,10,17,15;4,11,12,18,23,22,15,16,10;12,13,19,25,24,23,17;13,20,26,25,18;13,14,27,26,19;14,15,22,29,28,27;15,17,23,29,21;17,18,24,29,22;0,29,23,18,25,1;1,24,18,19,26,2;2,25,19,20,27,3;3,26,20,14,21,28,4;4,27,21,29,5;0,5,28,21,22,23,24
torus1512 30 1,7,5,28,29,24;0,24,2,8,7;1,24,25,26,27,3,9,8;2,27,4,10,9;3,27,22,28,5,11,10;0,7,6,11,4,28;5,7,13,12,11;0,1,8,14,13,6,5;1,2,9,15,14,7;2,3,10,16,15,8;3,4,11,17,16,9;4,5,6,12,17,10;6,13,19,18,17,11;6,7,14,20,26,19,12;7,8,15,21,20,13;8,9,16,22,21,14;9,10,17,22,15;10,11,12,18,23,22,16;12,19,25,24,23,17;12,13,26,25,18;13,14,21,27,26;14,15,22,27,20;4,27,21,15,16,17,23,29,28;17,18,24,29,22;0,29,23,18,25,2,1;2,24,18,19,26;2,25,19,13,20,27;2,26,20,21,22,4,3;0,5,4,22,29;0,28,22,23,24
torus1513 30 1,8,7,6,5,24;0,24,25,3,2,8;1,3,10,9,8;1,25,26,27,4,10,2;3,27,28,29,5,11,17,10;0,6,11,4,29,24;0,7,13,12,11,5;0,8,14,13,6;0,1,2,9,15,14,7;2,10,16,15,8;2,3,4,17,16,9;4,5,6,12,17;6,13,20,19,18,23,17,11;6,7,14,20,12;7,8,15,20,13;8,9,16,22,21,20,14;9,10,17,23,22,15;4,11,12,23,16,10;12,19,25,24,23;12,20,26,25,18;12,13,14,15,21,27,26,19;15,22,28,27,20;15,16,23,29,28,21;12,18,24,29,22,16,17;0,5,29,23,18,25,1;1,24,18,19,26,3;3,25,19,20,27;3,26,20,21,28,4;4,27,21,22,29;4,28,22,23,24,5
torus1514 30 1,6,5,29,24;0,24,25,8,7,6;3,9,8,25,26;2,26,27,28,4,10,9;3,28,5,11,10;0,6,11,4,28,29;0,1,7,13,19,12,11,5;1,8,14,13,6;1,25,2,9,15,14,7;2,3,10,17,16,15,8;3,4,11,12,18,17,9;4,5,6,12,10;6,19,18,10,11;6,7,14,20,19;7,8,15,21,20,13;8,9,16,22,21,14;9,17,23,22,15;9,10,18,23,16;10,12,19,25,24,23,17;6,13,20,26,25,18,12;13,14,21,27,26,19;14,15,22,28,27,20;15,16,23,24,29,28,21;16,17,18,24,22;0,29,22,23,18,25,1;1,24,18,19,26,2,8;2,25,19,20,27,3;3,26,20,21,28;3,27,21,22,29,5,4;0,5,28,22,24
torus1515 30 1,7,6,5,29,24;0,24,25,2,8,7;1,25,19,26,3,9,15,8;2,26,27,4,11,17,10,9;3,27,21,28,5,11;0,6,11,4,28,29;0,7,12,11,5;0,1,8,14,13,12,6;1,2,15,14,7;2,3,10,16,15;3,17,23,16,9;3,4,5,6,12,17;6,7,13,19,18,17,11;7,14,20,19,12;7,8,15,21,20,13;2,9,16,21,14,8;9,10,23,22,21,15;3,11,12,18,23,10;12,19,25,24,23,17;2,25,18,12,13,20,26;13,14,21,27,26,19;4,27,20,14,15,16,22,28;16,23,29,28,21;10,17,18,24,29,22,16;0,29,23,18,25,1;1,24,18,19,2;2,19,20,27,3;3,26,20,21,4;4,21,22,29,5;0,5,28,22,23,24
torus1516 30 1,7,6,5,29,24;0,24,25,8,7;3,10,9,8,25,26;2,26,27,4,11,10;3,27,28,5,11;0,6,11,4,28,29;0,7,12,11,5;0,1,8,14,13,12,6;1,25,2,9,15,14,7;2,10,16,15,8;2,3,11,12,17,16,9;3,4,5,6,12,10;6,7,13,19,17,10,11;7,14,20,19,12;7,8,15,21,20,13;8,9,16,22,21,14;9,10,17,23,22,15;10,12,19,18,23,16;17,19,25,24,29,23;12,13,20,26,25,18,17;13,14,21,27,26,19;14,15,22,28,27,20;15,16,23,28,21;16,17,18,29,28,22;0,29,18,25,1;1,24,18,19,26,2,8;2,25,19,20,27,3;3,26,20,21,28,4;4,27,21,22,23,29,5;0,5,28,23,18,24
torus1517 30 1,7,6,5,29,24;0,24,2,8,14,7;1,24,25,26,9,8;4,10,9,20,27;3,27,28,5,10;0,6,11,10,4,28,29;0,7,13,12,11,5;0,1,14,13,6;1,2,9,15,14;2,26,20,3,10,16,15,8;3,4,5,11,17,16,9;5,6,12,17,10;6,13,18,17,11;6,7,14,20,19,18,12;1,8,15,22,21,27,20,13,7;8,9,16,22,14;9,10,17,23,22,15;10,11,12,18,23,16;12,13,19,25,24,23,17;13,20,26,25,18;3,9,26,19,13,14,27;14,22,29,28,27;14,15,16,23,29,21;16,17,18,24,29,22;0,29,23,18,25,2,1;2,24,18,19,26;2,25,19,20,9;3,20,14,21,28,4;4,27,21,29,5;0,5,28,21,22,23,24
torus1518 30 1,6,5,29,24;0,24,25,2,8,7,6;1,25,26,3,9,15,8;2,26,27,4,10,9;3,27,28,11,10;0,6,11,28,29;0,1,7,12,11,5;1,8,14,13,12,6;1,2,15,14,7;2,3,10,16,22,15;3,4,11,12,17,16,9;4,28,5,6,12,10;6,7,13,19,18,17,10,11;7,14,20,19,12;7,8,15,21,20,13;2,9,22,21,14,8;9,10,17,23,22;10,12,18,23,16;12,19,25,24,23,17;12,13,20,26,25,18;13,14,21,27,26,19;14,15,22,27,20;9,16,23,28,27,21,15;16,17,18,24,29,28,22;0,29,23,18,25,1;1,24,18,19,26,2;2,25,19,20,27,3;3,26,20,21,22,28,4;4,27,22,23,29,5,11;0,5,28,23,24
torus1519 30 1,7,6,11,5,29,24;0,24,25,2,8,7;1,25,26,3,8;2,26,27,4,11,10,9,8;3,27,28,5,11;0,11,4,28,29;0,7,13,12,11;0,1,8,14,13,6;1,2,3,9,15,14,7;3,10,16,15,8;3,11,17,16,9;0,6,12,17,10,3,4,5;6,13,19,18,17,11;6,7,14,19,12;7,8,15,21,20,19,13;8,9,16,22,21,14;9,10,17,22,15;10,11,12,18,23,29,22,16;12,19,25,23,17;12,13,14,20,25,18;14,21,28,27,26,25,19;14,15,22,29,28,20;15,16,17,29,21;17,18,25,24,29;0,29,23,25,1;1,24,23,18,19,20,26,2;2,25,20,27,3;3,26,20,28,4;4,27,20,21,29,5;0,5,28,21,22,17,23,24
torus1520 30 1,6,5,29,24;0,24,18,25,2,8,7,6;1,25,26,9,8;4,10,16,9,27;3,27,21,28,5,10;0,6,11,10,4,28,29;0,1,7,13,12,11,5;1,8,14,13,6;1,2,9,15,14,7;2,26,27,3,16,22,15,8;3,4,5,11,17,23,16;5,6,12,17,10;6,13,20,19,18,17,11;6,7,14,20,12;7,8,15,21,20,13;8,9,22,21,14;3,10,23,22,9;10,11,12,18,23;1,24,23,17,12,19,25;12,20,26,25,18;12,13,14,21,27,26,19;4,27,20,14,15,22,28;9,16,23,29,28,21,15;10,17,18,24,29,22,16;0,29,23,18,1;1,18,19,26,2;2,25,19,20,27,9;3,9,26,20,21,4;4,21,22,29,5;0,5,28,22,23,24
torus1521 30 1,7,13,6,5,29,24;0,24,25,2,8,7;1,25,26,3,9,15,8;2,26,27,10,9;5,6,11,10,27,28;0,6,4,28,29;0,13,12,11,4,5;0,1,8,14,13;1,2,15,21,14,7;2,3,10,16,15;3,27,4,11,16,9;4,6,12,17,16,10;6,13,18,17,11;0,7,14,19,18,12,6;7,8,21,20,19,13;2,9,16,22,21,8;9,10,11,17,22,15;11,12,18,23,22,16;12,13,19,25,24,23,17;13,14,20,26,25,18;14,21,27,26,19;8,15,22,28,27,20,14;15,16,17,23,28,21;17,18,24,29,28,22;0,29,23,18,25,1;1,24,18,19,26,2;2,25,19,20,27,3;3,26,20,21,28,4,10;4,27,21,22,23,29,5;0,5,28,23,24
torus1522 30 1,7,6,5,29,24;0,24,18,25,2,8,7;1,25,26,3,9,8;2,26,27,28,4,10,9;3,28,5,11,10;0,6,11,4,28,29;0,7,12,11,5;0,1,8,14,13,12,6;1,2,9,15,14,7;2,3,10,16,22,15,8;3,4,11,17,16,9;4,5,6,12,17,10;6,7,13,19,25,17,11;7,14,20,19,12;7,8,15,21,27,20,13;8,9,22,21,14;9,10,17,23,22;10,11,12,25,18,23,16;1,24,23,17,25;12,13,20,26,25;13,14,27,26,19;14,15,22,29,28,27;9,16,23,29,21,15;16,17,18,24,29,22;0,29,23,18,1;1,18,17,12,19,26,2;2,25,19,20,27,3;3,26,20,14,21,28;3,27,21,29,5,4;0,5,28,21,22,23,24
torus1523 30 1,2,8,7,6,5,29,24;0,24,18,25,2;0,1,25,26,3,9,8;2,26,4,10,16,9;3,26,27,28,5,10;0,6,11,10,4,28,29;0,7,13,11,5;0,8,14,20,13,6;0,2,9,15,14,7;2,3,16,15,8;3,4,5,11,17,16;5,6,13,12,17,10;11,13,19,18,17;6,7,20,19,12,11;7,8,15,22,21,20;8,9,16,22,14;3,10,17,23,22,15,9;10,11,12,18,24,23,16;1,24,17,12,19,25;12,13,20,26,25,18;7,14,21,27,26,19,13;14,22,28,27,20;14,15,16,23,29,28,21;16,17,24,29,22;0,29,23,17,18,1;1,18,19,26,2;2,25,19,20,27,4,3;4,26,20,21,28;4,27,21,22,29,5;0,5,28,22,23,24
torus1524 30 1,7,5,29,24;0,24,25,2,8,7;1,25,3,4,9,8;2,25,26,27,4;2,3,27,28,5,11,10,9;0,7,6,11,4,28,29;5,7,13,12,11;0,1,8,14,13,6,5;1,2,9,15,14,7;2,4,10,15,8;4,11,17,16,15,9;4,5,6,12,17,10;6,13,19,18,17,11;6,7,14,20,19,12;7,8,15,21,20,13;8,9,10,16,22,21,14;10,17,23,22,15;10,11,12,18,23,16;12,19,24,23,17;12,13,20,26,25,24,18;13,14,21,26,19;14,15,22,28,27,26,20;15,16,23,24,29,28,21;16,17,18,24,22;0,29,22,23,18,19,25,1;1,24,19,26,3,2;3,25,19,20,21,27;3,26,21,28,4;4,27,21,22,29,5;0,5,28,22,24
torus1525 30 1,7,6,11,5,29,24;0,24,18,25,2,8,7;1,25,26,3,9,8;2,26,27,4,10,16,9;3,27,28,5,11,10;0,11,4,28,29;0,7,13,12,11;0,1,8,15,14,13,6;1,2,9,15,7;2,3,16,15,8;3,4,11,12,17,16;0,6,12,10,4,5;6,13,19,18,17,10,11;6,7,14,20,19,12;7,15,21,20,13;7,8,9,16,21,14;3,10,17,23,22,21,15,9;10,12,18,23,16;1,24,23,17,12,19,25;12,13,20,26,25,18;13,14,21,27,26,19;14,15,16,22,28,27,20;16,23,29,28,21;16,17,18,24,29,22;0,29,23,18,1;1,18,19,26,2;2,25,19,20,27,3;3,26,20,21,28,4;4,27,21,22,29,5;0,5,28,22,23,24
torus1526 30 1,7,6,5,29;0,29,24,25,2,7;1,25,26,3,9,8,7;2,26,27,21,4,11,10,9;3,21,28,29,5,11;0,6,11,4,29;0,7,13,12,11,5;0,1,2,8,14,13,6;2,9,15,14,7;2,3,10,15,8;3,11,12,17,16,15,9;3,4,5,6,12,10;6,13,19,18,17,10,11;6,7,14,20,19,12;7,8,15,21,20,13;8,9,10,16,22,21,14;10,17,23,22,15;10,12,18,23,16;12,19,25,24,23,17;12,13,20,27,26,25,18;13,14,21,27,19;3,27,20,14,15,22,28,4;15,16,23,28,21;16,17,18,24,29,28,22;1,29,23,18,25;1,24,18,19,26,2;2,25,19,27,3;3,26,19,20,21;4,21,22,23,29;0,5,4,28,23,24,1
torus1527 30 1,7,5,28,29,24;0,24,25,2,8,7;1,25,26,3,9,8;2,26,27,4,10,16,9;3,27,28,5,11,10;0,7,6,11,4,28;5,7,14,13,12,11;0,1,8,14,6,5;1,2,9,14,7;2,3,16,15,14,8;3,4,11,17,23,16;4,5,6,12,17,10;6,13,19,17,11;6,14,20,19,12;6,7,8,9,15,21,20,13;9,16,22,21,14;3,10,23,22,15,9;10,11,12,19,18,23;17,19,25,24,23;12,13,20,26,25,18,17;13,14,21,28,27,26,19;14,15,22,28,20;15,16,23,29,28,21;10,17,18,24,29,22,16;0,29,23,18,25,1;1,24,18,19,26,2;2,25,19,20,27,3;3,26,20,28,4;0,5,4,27,20,21,22,29;0,28,22,23,24
torus1528 30 5,6,7,24,29,28;2,26,25,24,7;1,7,8,9,3,26;2,9,10,4,27,26;3,10,11,5,27;0,28,27,4,11,6;0,5,11,12,13,7;0,6,13,14,8,2,1,24;2,7,14,15,9;2,8,15,16,10,3;3,9,16,17,11,4;4,10,17,18,12,6,5;6,11,18,19,13;6,12,19,20,14,7;7,13,20,21,15,8;8,14,21,28,22,16,9;9,15,22,23,17,10;10,16,23,18,11;11,17,23,29,24,25,19,12;12,18,25,26,20,13;13,19,26,27,21,14;14,20,27,28,15;15,28,29,23,16;16,22,29,18,17;0,7,1,25,18,29;1,26,19,18,24;1,2,3,27,20,19,25;3,4,5,28,21,20,26;0,29,22,15,21,27,5;0,24,18,23,22,28
torus1529 30 1,7,6,5,29,24;0,24,25,8,7;3,9,15,8,19,26;2,26,27,4,10,9;3,27,28,5,11,10;0,6,11,4,28,29;0,7,13,12,11,5;0,1,8,14,20,13,6;1,25,19,2,15,14,7;2,3,10,16,15;3,4,11,17,16,9;4,5,6,12,18,17,10;6,13,19,18,11;6,7,20,19,12;7,8,15,21,20;2,9,16,22,28,21,14,8;9,10,17,23,22,15;10,11,18,23,16;11,12,19,25,23,17;2,8,25,18,12,13,20,26;7,14,21,27,26,19,13;14,15,28,27,20;15,16,23,29,28;16,17,18,25,24,29,22;0,29,23,25,1;1,24,23,18,19,8;2,19,20,27,3;3,26,20,21,28,4;4,27,21,15,22,29,5;0,5,28,22,23,24
torus1530 30 1,7,6,5,28,29,24,25;0,25,2,8,7;1,25,26,3,10,9,8;2,26,27,4,10;3,27,28,5,11,10;0,6,11,4,28;0,7,12,11,5;0,1,8,14,20,13,12,6;1,2,9,15,14,7;2,10,16,15,8;2,3,4,11,17,16,9;4,5,6,12,17,10;6,7,13,19,18,17,11;7,20,26,19,12;7,8,15,21,20;8,9,16,22,21,14;9,10,17,23,22,15;10,11,12,18,23,16;12,19,25,24,23,17;12,13,26,25,18;7,14,21,27,26,13;14,15,22,28,27,20;15,16,23,29,28,21;16,17,18,24,29,22;0,29,23,18,25;0,24,18,19,26,2,1;2,25,19,13,20,27,3;3,26,20,21,28,4;0,5,4,27,21,22,29;0,28,22,23,24
torus1531 30 5,6,7,24,29;2,25,24,7,8;1,8,9,3,26,25;2,9,4,27,26;3,9,10,5,28,21,27;0,29,28,4,10,6;0,5,10,11,13,7;0,6,13,14,8,1,24;1,7,14,9,2;2,8,14,15,16,10,4,3;4,9,16,23,17,11,6,5;6,10,17,12,13;11,17,18,19,13;6,11,12,19,20,14,7;7,13,20,21,15,9,8;9,14,21,22,16;9,15,22,23,10;10,23,18,12,11;12,17,23,24,25,19;12,18,25,26,20,13;13,19,26,27,21,14;4,28,22,15,14,20,27;15,21,28,29,23,16;10,16,22,29,24,18,17;0,7,1,25,18,23,29;1,2,26,19,18,24;2,3,27,20,19,25;3,4,21,20,26;4,5,29,22,21;0,24,23,22,28,5
torus1532 30 1,7,13,6,5,29,24;0,24,18,25,8,7;3,9,8,25,19,26;2,26,20,27,4,10,9;3,27,28,29,5,11,10;0,6,11,4,29;0,13,12,11,5;0,1,8,14,13;1,25,2,9,15,14,7;2,3,10,16,15,8;3,4,11,17,16,9;4,5,6,12,18,17,10;6,13,19,18,11;0,7,14,20,26,19,12,6;7,8,15,21,20,13;8,9,16,22,21,14;9,10,17,23,22,15;10,11,18,23,16;1,24,23,17,11,12,19,25;2,25,18,12,13,26;3,26,13,14,21,27;14,15,22,28,27,20;15,16,23,29,28,21;16,17,18,24,29,22;0,29,23,18,1;1,18,19,2,8;2,19,13,20,3;3,20,21,28,4;4,27,21,22,29;0,5,4,28,22,23,24
torus1533 30 1,7,6,29,24,18;0,18,25,2,9,8,7;1,25,26,3,9;2,26,4,10,9;3,26,27,28,5,11,10;4,28,29,6,11;0,7,13,12,11,5,29;0,1,8,14,13,6;1,9,15,14,7;1,2,3,10,16,15,8;3,4,11,17,16,9;4,5,6,12,18,17,10;6,13,19,18,11;6,7,14,21,20,19,12;7,8,15,21,13;8,9,16,22,21,14;9,10,17,23,22,15;10,11,18,24,23,16;0,24,17,11,12,19,25,1;12,13,20,26,25,18;13,21,27,26,19;13,14,15,22,28,27,20;15,16,23,29,28,21;16,17,24,29,22;0,29,23,17,18;1,18,19,26,2;2,25,19,20,27,4,3;4,26,20,21,28;4,27,21,22,29,5;0,6,5,28,22,23,24
torus1534 30 1,7,6,5,29;0,29,24,25,2,8,7;1,25,26,3,8;2,26,4,10,9,8;3,26,20,27,5,11,10;0,6,12,11,4,27,28,29;0,7,13,12,5;0,1,8,14,13,6;1,2,3,9,15,14,7;3,10,16,22,15,8;3,4,11,17,16,9;4,5,12,17,10;5,6,13,19,18,17,11;6,7,14,20,26,19,12;7,8,15,21,20,13;8,9,22,21,14;9,10,17,23,22;10,11,12,18,23,16;12,19,25,24,23,17;12,13,26,25,18;4,26,13,14,21,27;14,15,22,28,27,20;9,16,23,29,28,21,15;16,17,18,24,29,22;1,29,23,18,25;1,24,18,19,26,2;2,25,19,13,20,4,3;4,20,21,28,5;5,27,21,22,29;0,5,28,22,23,24,1
torus1535 30 1,7,6,5,28,29,24;0,24,25,2,7;1,25,26,3,9,8,7;2,26,27,4,10,9;3,27,28,5,11,10;0,6,11,4,28;0,7,13,12,11,5;0,1,2,8,14,13,6;2,9,16,15,14,7;2,3,10,16,8;3,4,11,17,16,9;4,5,6,12,17,10;6,13,19,18,17,11;6,7,14,19,12;7,8,15,21,20,19,13;8,16,22,21,14;8,9,10,17,23,29,22,15;10,11,12,18,23,16;12,19,25,24,23,17;12,13,14,20,26,25,18;14,21,28,27,26,19;14,15,22,28,20;15,16,29,28,21;16,17,18,24,29;0,29,23,18,25,1;1,24,18,19,26,2;2,25,19,20,27,3;3,26,20,28,4;0,5,4,27,20,21,22,29;0,28,22,16,23,24
torus1536 30 1,7,6,5,29,24;0,24,18,25,2,8,7;1,25,26,27,3,9,8;2,27,4,10,9;3,27,21,28,5,10;0,6,11,10,4,28,29;0,7,13,12,11,5;0,1,8,14,13,6;1,2,9,15,14,7;2,3,10,17,16,15,8;3,4,5,11,17,9;5,6,12,17,10;6,13,19,23,17,11;6,7,14,20,19,12;7,8,15,21,20,13;8,9,16,22,21,14;9,17,23,29,22,15;9,10,11,12,23,16;1,24,23,19,25;12,13,20,26,25,18,23;13,14,21,27,26,19;4,27,20,14,15,22,28;15,16,29,28,21;12,19,18,24,29,16,17;0,29,23,18,1;1,18,19,26,2;2,25,19,20,27;2,26,20,21,4,3;4,21,22,29,5;0,5,28,22,16,23,24
torus1537 30 1,7,6,5,28,29,24,25;0,25,2,8,7;1,25,26,3,8;2,26,27,4,10,9,8;3,27,28,5,11,10;0,6,12,11,4,28;0,7,13,12,5;0,1,8,15,22,21,14,13,6;1,2,3,9,15,7;3,10,16,15,8;3,4,11,17,16,9;4,5,12,17,10;5,6,13,19,18,17,11;6,7,14,20,19,12;7,21,27,20,13;7,8,9,16,22;9,10,17,23,22,15;10,11,12,18,23,16;12,19,25,24,23,17;12,13,20,26,25,18;13,14,27,26,19;7,22,28,27,14;7,15,16,23,29,28,21;16,17,18,24,29,22;0,29,23,18,25;0,24,18,19,26,2,1;2,25,19,20,27,3;3,26,20,14,21,28,4;0,5,4,27,21,22,29;0,28,22,23,24
torus1538 30 1,7,6,5,29,24;0,24,2,8,14,7;1,24,25,3,9,8;2,25,26,27,4,10,9;3,27,28,5,11,17,10;0,6,11,4,28,29;0,7,13,12,11,5;0,1,14,13,6;1,2,9,15,14;2,3,10,15,8;3,4,17,16,15,9;4,5,6,12,17;6,13,19,17,11;6,7,14,20,27,26,19,12;1,8,15,20,13,7;8,9,10,16,22,21,20,14;10,17,23,22,15;4,11,12,19,18,23,16,10;17,19,25,24,23;12,13,26,25,18,17;13,14,15,21,27;15,22,28,27,20;15,16,23,24,29,28,21;16,17,18,24,22;0,29,22,23,18,25,2,1;2,24,18,19,26,3;3,25,19,13,27;3,26,13,20,21,28,4;4,27,21,22,29,5;0,5,28,22,24
torus1539 30 1,7,6,29,24;0,24,25,2,7;1,25,26,3,9,8,7;2,26,27,4,10,9;3,27,28,5,11,10;4,28,29,6,11;0,7,12,17,11,5,29;0,1,2,8,14,13,12,6;2,9,15,14,7;2,3,10,15,8;3,4,11,17,16,15,9;4,5,6,17,10;6,7,13,19,17;7,14,20,19,12;7,8,15,21,20,13;8,9,10,16,22,21,14;10,17,23,22,15;6,12,19,18,23,16,10,11;17,19,25,24,23;12,13,20,26,25,18,17;13,14,21,27,26,19;14,15,22,28,27,20;15,16,23,29,28,21;16,17,18,24,29,22;0,29,23,18,25,1;1,24,18,19,26,2;2,25,19,20,27,3;3,26,20,21,28,4;4,27,21,22,29,5;0,6,5,28,22,23,24
torus1540 30 1,8,7,6,5,29;0,29,24,25,2,8;1,25,26,9,8;4,10,9,26,27;3,27,21,28,11,10;0,6,11,28,29;0,7,13,11,5;0,8,14,13,6;0,1,2,9,14,7;2,26,3,10,16,15,14,8;3,4,11,17,16,9;4,28,5,6,13,12,17,10;11,13,19,18,17;6,7,14,20,19,12,11;7,8,9,15,21,27,20,13;9,16,22,21,14;9,10,17,23,22,15;10,11,12,18,23,16;12,19,25,24,23,17;12,13,20,26,25,18;13,14,27,26,19;4,27,14,15,22,28;15,16,23,29,28,21;16,17,18,24,29,22;1,29,23,18,25;1,24,18,19,26,2;2,25,19,20,27,3,9;3,26,20,14,21,4;4,21,22,29,5,11;0,5,28,22,23,24,1
torus1541 30 1,8,7,6,5,28,29;0,29,24,25,2,9,8;1,25,26,3,9;2,26,27,4,11,10,9;3,27,21,28,5,11;0,6,11,4,28;0,7,13,12,11,5;0,8,14,13,6;0,1,9,15,14,7;1,2,3,10,16,15,8;3,11,17,16,9;3,4,5,6,12,17,10;6,13,18,17,11;6,7,14,20,19,18,12;7,8,15,21,27,20,13;8,9,16,21,14;9,10,17,23,22,21,15;10,11,12,18,23,16;12,13,19,24,23,17;13,20,26,25,24,18;13,14,27,26,19;4,27,14,15,16,22,28;16,23,29,28,21;16,17,18,24,29,22;1,29,23,18,19,25;1,24,19,26,2;2,25,19,20,27,3;3,26,20,14,21,4;0,5,4,21,22,29;0,28,22,23,24,1
torus1542 30 1,7,6,5,29;0,29,24,25,2,8,7;1,25,26,3,9,8;2,26,4,10,9;3,26,5,11,17,23,10;0,6,11,4,26,27,28,29;0,7,13,11,5;0,1,8,14,20,13,6;1,2,9,15,14,7;2,3,10,16,15,8;3,4,23,16,9;4,5,6,13,12,17;11,13,19,18,17;6,7,20,19,12,11;7,8,15,21,20;8,9,16,21,14;9,10,23,22,21,15;4,11,12,18,23;12,19,25,24,23,17;12,13,20,26,25,18;7,14,21,27,26,19,13;14,15,16,22,28,27,20;16,23,29,28,21;4,17,18,24,29,22,16,10;1,29,23,18,25;1,24,18,19,26,2;2,25,19,20,27,5,4,3;5,26,20,21,28;5,27,21,22,29;0,5,28,22,23,24,1
torus1543 30 1,7,6,5,29,24;0,24,25,2,8,7;1,25,26,3,9,8;2,26,20,27,4,11,10,9;3,27,28,5,11;0,6,11,4,28,29;0,7,13,11,5;0,1,8,14,13,6;1,2,9,15,14,7;2,3,10,16,15,8;3,11,17,16,9;3,4,5,6,13,12,17,10;11,13,19,18,17;6,7,14,21,20,26,19,12,11;7,8,15,21,13;8,9,16,23,22,21,14;9,10,17,18,23,15;10,11,12,18,16;12,19,24,23,16,17;12,13,26,25,24,18;3,26,13,21,27;13,14,15,22,27,20;15,23,24,29,28,27,21;15,16,18,24,22;0,29,22,23,18,19,25,1;1,24,19,26,2;2,25,19,13,20,3;3,20,21,22,28,4;4,27,22,29,5;0,5,28,22,24
torus1544 30 1,8,7,6,5,28,29;0,29,24,25,2,8;1,25,26,9,8;4,10,9,26,27;3,27,28,5,11,10;0,6,11,4,28;0,7,13,12,11,5;0,8,14,13,6;0,1,2,9,15,14,7;2,26,3,10,16,15,8;3,4,11,17,16,9;4,5,6,12,17,10;6,13,19,18,17,11;6,7,14,20,19,12;7,8,15,21,20,13;8,9,16,22,21,14;9,10,17,23,22,15;10,11,12,18,23,16;12,19,24,29,23,17;12,13,20,25,24,18;13,14,21,28,27,26,25,19;14,15,22,28,20;15,16,23,29,28,21;16,17,18,29,22;1,29,18,19,25;1,24,19,20,26,2;2,25,20,27,3,9;3,26,20,28,4;0,5,4,27,20,21,22,29;0,28,22,23,18,24,1
torus1545 30 1,7,6,5,29;0,29,24,25,2,8,7;1,25,26,3,10,8;2,26,27,4,10;3,27,28,11,10;0,6,11,28,29;0,7,13,12,11,5;0,1,8,14,13,6;1,2,10,9,14,7;8,10,16,15,14;2,3,4,11,17,16,9,8;4,28,5,6,12,17,10;6,13,19,17,11;6,7,14,20,19,12;7,8,9,15,20,13;9,16,22,21,20,14;9,10,17,23,22,15;10,11,12,19,18,23,16;17,19,26,25,24,23;12,13,20,26,18,17;13,14,15,21,27,26,19;15,22,28,27,20;15,16,23,29,28,21;16,17,18,24,29,22;1,29,23,18,25;1,24,18,26,2;2,25,18,19,20,27,3;3,26,20,21,28,4;4,27,21,22,29,5,11;0,5,28,22,23,24,1
torus1546 30 1,8,7,6,5,29,24;0,24,25,26,2,8;1,26,3,9,8;2,26,27,4,10,9;3,27,28,11,10;0,6,12,11,28,29;0,7,13,12,5;0,8,14,13,6;0,1,2,9,14,7;2,3,10,16,15,14,8;3,4,11,17,16,9;4,28,5,12,17,10;5,6,13,19,18,17,11;6,7,14,20,19,12;7,8,9,15,21,20,13;9,16,22,21,14;9,10,17,23,29,22,15;10,11,12,18,23,16;12,19,25,24,23,17;12,13,20,26,25,18;13,14,21,27,26,19;14,15,22,28,27,20;15,16,29,28,21;16,17,18,24,29;0,29,23,18,25,1;1,24,18,19,26;1,25,19,20,27,3,2;3,26,20,21,28,4;4,27,21,22,29,5,11;0,5,28,22,16,23,24
torus1547 30 1,7,6,5,29,23;0,23,24,2,8,7;1,24,25,26,3,9,8;2,26,27,4,10,9;3,27,28,5,11,10;0,6,11,4,28,29;0,7,13,11,5;0,1,8,13,6;1,2,9,15,14,13,7;2,3,10,16,22,15,8;3,4,11,16,9;4,5,6,13,12,17,16,10;11,13,19,18,17;6,7,8,14,20,19,12,11;8,15,21,20,13;8,9,22,21,14;9,10,11,17,22;11,12,18,23,22,16;12,19,25,24,23,17;12,13,20,26,25,18;13,14,21,27,26,19;14,15,22,28,27,20;9,16,17,23,29,28,21,15;0,29,22,17,18,24,1;1,23,18,25,2;2,24,18,19,26;2,25,19,20,27,3;3,26,20,21,28,4;4,27,21,22,29,5;0,5,28,22,23
torus1548 30 1,7,6,5,29;0,29,24,25,2,7;1,25,26,27,3,9,8,7;2,27,4,10,9;3,27,28,22,5,11,10;0,6,11,4,22,29;0,7,13,12,11,5;0,1,2,8,14,13,6;2,9,15,14,7;2,3,10,16,15,8;3,4,11,17,16,9;4,5,6,12,17,10;6,13,19,18,17,11;6,7,14,21,20,19,12;7,8,15,21,13;8,9,16,22,28,21,14;9,10,17,18,23,22,15;10,11,12,18,16;12,19,25,24,23,16,17;12,13,20,26,25,18;13,21,27,26,19;13,14,15,28,27,20;4,28,15,16,23,29,5;16,18,24,29,22;1,29,23,18,25;1,24,18,19,26,2;2,25,19,20,27;2,26,20,21,28,4,3;4,27,21,15,22;0,5,22,23,24,1
torus1549 30 1,7,6,29,24;0,24,25,2,8,7;1,25,26,3,10,16,9,8;2,26,4,5,11,10;3,26,27,28,5;3,4,28,22,29,6,11;0,7,11,5,29;0,1,8,14,13,11,6;1,2,9,15,14,7;2,16,22,15,8;2,3,11,17,16;3,5,6,7,13,12,18,17,10;11,13,19,25,24,18;7,14,20,19,12,11;7,8,15,20,13;8,9,22,21,20,14;2,10,17,23,22,9;10,11,18,23,16;11,12,24,29,23,17;12,13,20,26,25;13,14,15,21,27,26,19;15,22,28,27,20;5,28,21,15,9,16,23,29;16,17,18,29,22;0,29,18,12,25,1;1,24,12,19,26,2;2,25,19,20,27,4,3;4,26,20,21,28;4,27,21,22,5;0,6,5,22,23,18,24
torus1550 30 5,7,24,18,23,29;2,25,24,7,8;1,8,9,27,26,25;4,28,27,9,10;3,10,17,11,28;0,29,28,11,6,7;5,11,12,13,7;0,5,6,13,14,8,1,24;1,7,14,15,16,10,9,2;2,8,10,3,27;3,9,8,16,23,17,4;4,17,12,6,5,28;6,11,17,18,13;6,12,18,19,20,21,14,7;7,13,21,15,8;8,14,21,22,16;8,15,22,23,10;4,10,23,18,12,11;0,24,25,19,13,12,17,23;13,18,25,26,20;13,19,26,27,21;13,20,27,22,15,14;15,21,27,29,23,16;0,18,17,10,16,22,29;0,7,1,25,18;1,2,26,19,18,24;2,27,20,19,25;2,9,3,28,29,22,21,20,26;3,4,11,5,29,27;0,23,22,27,28,5
torus1551 30 1,7,14,13,19,12,6,24;0,24,18,25,7;3,8,7,25,26;2,26,27,4,10,9,8;3,27,28,5,11,10;4,28,22,29,6,11;0,12,11,5,29,23,24;0,1,25,2,8,14;2,3,9,15,21,14,7;3,10,16,15,8;3,4,11,17,16,9;4,5,6,12,18,17,10;0,19,18,11,6;0,14,20,26,19;0,7,8,21,20,13;8,9,16,22,21;9,10,17,23,29,22,15;10,11,18,23,16;1,24,23,17,11,12,19,25;0,13,26,25,18,12;13,14,21,27,26;8,15,22,28,27,20,14;5,28,21,15,16,29;6,29,16,17,18,24;0,6,23,18,1;1,18,19,26,2,7;2,25,19,13,20,27,3;3,26,20,21,28,4;4,27,21,22,5;5,22,16,23,6
torus1552 30 1,7,6,5,24;0,24,23,25,2,8,14,7;1,25,3,9,8;2,25,26,27,28,5,4,10,9;3,5,6,11,10;0,6,4,3,28,24;0,7,13,12,29,11,4,5;0,1,14,13,6;1,2,9,15,14;2,3,10,16,15,8;3,4,11,17,16,9;4,6,29,17,10;6,13,18,25,23,29;6,7,14,18,12;1,8,15,22,21,20,19,18,13,7;8,9,16,22,14;9,10,17,22,15;10,11,29,21,22,16;12,13,14,19,25;14,20,26,25,18;14,21,27,26,19;14,22,17,29,27,20;14,15,16,17,21;1,24,28,29,12,25;0,5,28,23,1;1,23,12,18,19,26,3,2;3,25,19,20,27;3,26,20,21,29,28;3,27,29,23,24,5;6,12,23,28,27,21,17,11
torus1553 30 5,6,7,24,29;2,26,25,24,7;1,7,8,9,26;4,27,26,9,10,11;3,11,12,5,28,27;0,29,28,4,12,6;0,5,12,13,7;0,6,13,14,8,2,1,24;2,7,14,15,9;2,8,15,16,10,3,26;3,9,16,17,19,11;3,10,19,13,12,4;4,11,13,6,5;6,12,11,19,14,7;7,13,19,20,15,8;8,14,20,21,16,9;9,15,21,22,17,10;10,16,22,23,18,19;17,23,24,25,19;10,17,18,25,26,20,14,13,11;14,19,26,27,21,15;15,20,27,28,29,22,16;16,21,29,23,17;17,22,29,24,18;0,7,1,25,18,23,29;1,26,19,18,24;1,2,9,3,27,20,19,25;3,4,28,21,20,26;4,5,29,21,27;0,24,23,22,21,28,5
torus1554 30 1,6,5,29,24;0,24,8,7,6;3,9,16,15,8,18,25,26;2,26,4,10,9;3,26,28,11,10;0,6,12,11,28,29;0,1,7,12,5;1,8,14,13,12,6;1,24,18,2,15,21,14,7;2,3,10,17,16;3,4,11,18,17,9;4,28,5,12,18,10;5,6,7,13,19,18,11;7,14,20,19,12;7,8,21,20,13;2,16,22,21,8;2,9,17,23,22,15;9,10,18,24,23,16;2,8,24,17,10,11,12,19,25;12,13,20,25,18;13,14,21,27,26,25,19;8,15,22,29,27,20,14;15,16,23,29,21;16,17,24,29,22;0,29,23,17,18,8,1;2,18,19,20,26;2,25,20,27,28,4,3;20,21,29,28,26;4,26,27,29,5,11;0,5,28,27,21,22,23,24
torus1555 30 1,7,13,29,24;0,24,18,12,19,25,8,7;3,9,15,14,8,25,26;2,26,20,27,4,10,9;3,27,28,5,10;4,28,6,11,10;5,28,29,13,11;0,1,8,14,13;1,25,2,14,7;2,3,10,16,15;3,4,5,11,17,16,9;5,6,13,12,17,10;1,18,17,11,13,14,19;0,7,14,12,11,6,29;2,15,22,21,20,19,12,13,7,8;2,9,16,22,14;9,10,17,22,15;10,11,12,18,22,16;1,24,23,22,17,12;1,12,14,20,26,25;3,26,19,14,21,27;14,22,23,29,28,27,20;14,15,16,17,18,23,21;18,24,29,21,22;0,29,23,18,1;1,19,26,2,8;2,25,19,20,3;3,20,21,28,4;4,27,21,29,6,5;0,13,6,28,21,23,24
torus1556 30 5,6,7,24,29;2,18,24,14,15,8;1,8,10,25,18;4,27,26,25,10,11;3,11,17,5,28,21,27;0,29,28,4,17,6;0,5,17,12,13,7;0,6,13,14,24;1,15,9,10,2;8,15,22,16,10;2,8,9,16,11,3,25;3,10,16,17,4;6,17,23,18,19,13;6,12,19,26,20,15,14,7;1,24,7,13,15;1,14,13,20,21,22,9,8;9,22,23,17,11,10;4,11,16,23,12,6,5;1,2,25,19,12,23,24;12,18,25,26,13;13,26,27,21,15;4,28,22,15,20,27;9,15,21,28,29,23,16;12,17,16,22,29,24,18;0,7,14,1,18,23,29;2,10,3,26,19,18;3,27,20,13,19,25;3,4,21,20,26;4,5,29,22,21;0,24,23,22,28,5
torus1557 30 1,7,6,29,24;0,24,25,8,7;3,9,14,8,25;2,25,27,10,9;5,11,10,27,28;4,28,23,29,6,11;0,7,13,12,11,5,29;0,1,8,13,6;1,25,2,14,20,13,7;2,3,10,16,14;3,27,4,11,17,16,9;4,5,6,12,17,10;6,13,19,17,11;6,7,8,20,19,12;2,9,16,15,21,20,8;14,16,22,27,21;9,10,17,23,22,15,14;10,11,12,19,26,18,23,16;17,26,24,29,23;12,13,20,26,17;8,14,21,26,19,13;14,15,27,25,26,20;15,16,23,28,27;5,28,22,16,17,18,29;0,29,18,26,25,1;1,24,26,21,27,3,2,8;17,19,20,21,25,24,18;3,25,21,15,22,28,4,10;4,27,22,23,5;0,6,5,23,18,24
torus1558 30 1,7,5,28,29;0,29,24,25,7;3,9,8,25,18,26;2,26,27,10,9;5,6,11,10,27;0,7,6,4,27,21,15,28;4,5,7,13,11;0,1,25,8,14,20,19,13,6,5;2,9,14,7,25;2,3,10,16,15,14,8;3,27,4,11,16,9;4,6,13,12,17,23,16,10;11,13,19,18,17;6,7,19,12,11;7,8,9,15,21,20;5,21,14,9,16,22,28;9,10,11,23,22,15;11,12,18,24,23;2,25,24,17,12,19,26;7,20,27,26,18,12,13;7,14,21,27,19;5,27,20,14,15;15,16,23,29,28;11,17,24,29,22,16;1,29,23,17,18,25;1,24,18,2,8,7;2,18,19,27,3;3,26,19,20,21,5,4,10;0,5,15,22,29;0,28,22,23,24,1
torus1559 30 1,7,6,5,29;0,29,24,25,8,7;3,16,9,8,26;2,26,27,28,4,10,16;3,28,5,11,10;0,6,11,4,28,29;0,7,12,11,5;0,1,8,13,12,6;1,25,26,2,9,14,13,7;2,16,15,14,8;3,4,11,17,18,16;4,5,6,12,19,17,10;6,7,13,19,11;7,8,14,19,12;8,9,15,21,20,19,13;9,16,23,22,21,14;2,3,10,18,23,15,9;10,11,19,20,18;10,17,20,24,23,16;11,12,13,14,20,17;14,21,27,26,25,24,18,17,19;14,15,22,28,27,20;15,23,29,28,21;15,16,18,24,29,22;1,29,23,18,20,25;1,24,20,26,8;2,8,25,20,27,3;3,26,20,21,28;3,27,21,22,29,5,4;0,5,28,22,23,24,1
torus1560 30 1,8,7,6,5,28,29,24;0,24,2,9,8;1,24,25,26,27,3,9;2,27,4,11,10,9;3,27,20,28,5,11;0,6,11,4,28;0,7,20,13,12,11,5;0,8,14,20,6;0,1,9,15,14,7;1,2,3,10,16,22,15,8;3,11,17,16,9;3,4,5,6,12,17,10;6,13,19,18,17,11;6,20,26,19,12;7,8,15,21,20;8,9,22,21,14;9,10,17,23,22;10,11,12,18,23,16;12,19,25,24,23,17;12,13,26,25,18;4,27,26,13,6,7,14,21,29,28;14,15,22,29,20;9,16,23,24,29,21,15;16,17,18,24,22;0,29,22,23,18,25,2,1;2,24,18,19,26;2,25,19,13,20,27;2,26,20,4,3;0,5,4,20,29;0,28,20,21,22,24
torus1561 30 1,8,14,7,24;0,24,25,2,9,8;1,25,26,3,9;2,26,13,20,21,27,4,9;3,27,5,11,17,10,9;4,27,28,29,6,11;5,29,23,24,7,13,19,12,11;0,14,20,13,6,24;0,1,9,15,14;1,2,3,4,10,15,8;4,17,16,15,9;4,5,6,12,17;6,19,18,17,11;3,26,19,6,7,20;0,8,15,21,20,7;8,9,10,16,23,22,21,14;10,17,24,23,15;4,11,12,18,24,16,10;12,19,25,24,17;6,13,26,25,18,12;3,13,7,14,21;3,20,14,15,22,28,27;15,23,29,28,21;6,29,22,15,16,24;0,7,6,23,16,17,18,25,1;1,24,18,19,26,2;2,25,19,13,3;3,21,28,5,4;5,27,21,22,29;5,28,22,23,6
torus1562 30 1,7,6,29,24;0,24,25,2,8,21,14,7;1,25,3,9,8;2,25,26,27,4,9;3,27,28,5,10,9;4,28,29,11,10;0,7,13,12,29;0,1,14,13,6;1,2,9,15,22,29,21;2,3,4,10,15,8;4,5,11,17,16,15,9;5,29,12,17,10;6,13,20,19,18,17,11,29;6,7,14,20,12;1,21,20,13,7;8,9,10,16,22;10,17,18,23,22,15;10,11,12,18,16;12,19,25,24,23,16,17;12,20,26,25,18;12,13,14,21,26,19;1,8,29,28,27,26,20,14;8,15,16,23,29;16,18,24,29,22;0,29,23,18,25,1;1,24,18,19,26,3,2;3,25,19,20,21,27;3,26,21,28,4;4,27,21,29,5;0,6,12,11,5,28,21,8,22,23,24
torus1563 30 5,6,7,18,29;2,24,7,8,9,3;1,3,26,25,24;1,9,10,11,6,4,20,26,2;3,6,5,28,27,20;0,29,28,4,6;0,5,4,3,11,12,13,21,14,7;0,6,14,8,1,24,18;1,7,14,15,16,9;1,8,16,10,3;3,9,16,17,11;3,10,17,12,6;6,11,17,23,19,20,13;6,12,20,27,21;6,21,15,8,7;8,14,21,22,16;8,15,22,23,17,10,9;10,16,23,12,11;0,7,24,25,19,23,29;12,23,18,25,26,20;3,4,27,13,12,19,26;6,13,27,22,15,14;15,21,27,28,29,23,16;12,17,16,22,29,18,19;1,2,25,18,7;2,26,19,18,24;2,3,20,19,25;4,28,22,21,13,20;4,5,29,22,27;0,18,23,22,28,5
torus1564 30 1,7,5,29,24;0,24,25,8,7;3,10,17,9,25,26;2,26,27,4,10;3,27,28,5,7,6,11,10;0,7,4,28,29;4,7,18,12,11;0,1,8,13,18,6,4,5;1,25,9,15,14,13,7;2,17,16,15,8,25;2,3,4,11,17;4,6,12,17,10;6,18,24,23,17,11;7,8,14,20,19,18;8,15,21,27,20,13;8,9,16,22,21,14;9,17,23,29,22,15;2,10,11,12,23,16,9;6,7,13,19,25,24,12;13,20,26,25,18;13,14,27,26,19;14,15,22,28,27;15,16,29,28,21;12,24,29,16,17;0,29,23,12,18,25,1;1,24,18,19,26,2,9,8;2,25,19,20,27,3;3,26,20,14,21,28,4;4,27,21,22,29,5;0,5,28,22,16,23,24
torus1565 30 1,7,6,5,29,24,25;0,25,9,8,7;9,25,18,19,26;4,10,9,26,27;3,27,28,5,6,11,10;0,6,4,28,29;0,7,14,13,12,11,4,5;0,1,8,14,6;1,9,15,14,7;1,25,2,26,3,10,16,22,21,15,8;3,4,11,17,16,9;4,6,12,17,10;6,13,19,18,24,23,17,11;6,14,20,19,12;6,7,8,15,20,13;8,9,21,20,14;9,10,17,23,22;10,11,12,23,16;2,25,24,12,19;2,18,12,13,20,27,26;13,14,15,21,27,19;9,22,28,27,20,15;9,16,23,24,29,28,21;12,24,22,16,17;0,29,22,23,12,18,25;0,24,18,2,9,1;2,19,27,3,9;3,26,19,20,21,28,4;4,27,21,22,29,5;0,5,28,22,24
torus1566 30 1,7,6,5,29,18,25;0,25,26,2,8,7;1,26,10,9,8;10,26,19,20,27;5,11,10,27,28;0,6,11,4,28,29;0,7,13,12,17,11,5;0,1,8,14,13,6;1,2,9,15,21,14,7;2,10,16,15,8;2,26,3,27,4,11,17,16,9;4,5,6,17,10;6,13,20,19,18,17;6,7,14,20,12;7,8,21,20,13;8,9,16,23,24,22,27,21;9,10,17,23,15;6,12,18,23,16,10,11;0,29,24,23,17,12,19,25;3,26,25,18,12,20;3,19,12,13,14,21,27;8,15,27,20,14;15,24,29,28,27;15,16,17,18,24;15,23,18,29,22;0,18,19,26,1;1,25,19,3,10,2;3,20,21,15,22,28,4,10;4,27,22,29,5;0,5,28,22,24,18
torus1567 30 1,7,6,5,24,25;0,25,2,14,7;1,25,26,3,9,16,8,14;2,26,27,4,9;3,27,5,10,9;0,6,10,4,27,28,29,24;0,7,13,12,11,10,5;0,1,14,21,20,13,6;2,16,22,15,14;2,3,4,10,16;4,5,6,11,17,22,16,9;6,12,18,17,10;6,13,19,18,11;6,7,20,19,12;1,2,8,15,21,7;8,22,28,21,14;2,9,10,22,8;10,11,18,23,22;11,12,19,24,23,17;12,13,20,25,24,18;7,21,27,26,25,19,13;7,14,15,28,27,20;8,16,10,17,23,29,28,15;17,18,24,29,22;0,5,29,23,18,19,25;0,24,19,20,26,2,1;2,25,20,27,3;3,26,20,21,28,5,4;5,27,21,15,22,29;5,28,22,23,24
torus1568 30 1,7,6,5,29,24;0,24,25,2,8,7;1,25,26,3,9,8;2,26,27,4,10,9;3,27,21,5,11,17,10;0,6,12,11,4,21,28,29;0,7,13,12,5;0,1,8,13,6;1,2,9,14,13,7;2,3,10,16,22,15,14,8;3,4,17,16,9;4,5,12,19,17;5,6,13,14,19,11;6,7,8,14,12;8,9,15,19,12,13;9,22,21,20,19,14;9,10,17,18,23,28,22;4,11,19,18,16,10;16,17,19,20,24,23;11,12,14,15,20,18,17;15,21,27,26,25,24,18,19;4,27,20,15,22,28,5;9,16,28,21,15;16,18,24,29,28;0,29,23,18,20,25,1;1,24,20,26,2;2,25,20,27,3;3,26,20,21,4;5,21,22,16,23,29;0,5,28,23,24
torus1569 30 1,7,5,29,24;0,24,25,2,8,7;1,25,19,26,3,8;2,26,27,28,4,10,16,9,8;3,28,6,11,10;0,7,13,12,6,28,29;4,28,5,12,11;0,1,8,20,13,5;1,2,3,9,14,20,7;3,16,15,14,8;3,4,11,17,16;4,6,12,17,10;5,13,18,17,11,6;5,7,20,19,25,18,12;8,9,15,21,20;9,16,23,21,14;3,10,17,29,23,15,9;10,11,12,18,24,29,16;12,13,25,24,17;2,25,13,20,26;7,8,14,21,26,19,13;14,15,23,22,27,26,20;21,23,29,28,27;15,16,29,22,21;0,29,17,18,25,1;1,24,18,13,19,2;2,19,20,21,27,3;3,26,21,22,28;3,27,22,29,5,6,4;0,5,28,22,23,16,17,24
torus1570 30 1,7,5,29,24;0,24,25,8,7;8,25,26,10,9;4,10,26,28,5;3,5,6,11,10;0,7,14,6,4,3,28,29;4,5,14,13,12,11;0,1,8,14,5;1,25,2,9,14,7;2,10,16,14,8;2,26,3,4,11,16,9;4,6,12,17,16,10;6,13,19,26,25,18,17,11;6,14,20,19,12;5,7,8,9,16,15,21,20,13,6;14,16,17,23,22,28,21;9,10,11,17,15,14;11,12,18,23,15,16;12,25,24,23,17;12,13,20,27,26;13,14,21,27,19;14,15,28,27,20;15,23,24,29,28;15,17,18,24,22;0,29,22,23,18,25,1;1,24,18,12,26,2,8;2,25,12,19,27,28,3,10;19,20,21,28,26;3,26,27,21,15,22,29,5;0,5,28,22,24
torus1571 30 1,7,5,29,24;0,24,2,9,8,7;1,24,25,26,9;4,10,9,26,27;3,27,21,28,11,10;0,7,6,11,28,29;5,7,19,12,11;0,1,8,14,13,19,6,5;1,9,15,14,7;1,2,26,3,10,16,15,8;3,4,11,16,9;4,28,5,6,12,17,16,10;6,19,18,17,11;7,14,20,25,24,19;7,8,15,21,20,13;8,9,16,22,21,14;9,10,11,17,22,15;11,12,18,22,16;12,19,23,22,17;6,7,13,24,23,18,12;13,14,21,27,25;4,27,20,14,15,22,28;15,16,17,18,23,29,28,21;18,19,24,29,22;0,29,23,19,13,25,2,1;2,24,13,20,27,26;2,25,27,3,9;3,26,25,20,21,4;4,21,22,29,5,11;0,5,28,22,23,24
torus1572 30 1,7,6,5,29;0,29,24,2,8,14,7;1,24,23,25,26,3,8;2,26,20,27,4,10,16,9,8;3,27,5,11,10;0,6,11,4,27,28,29;0,7,13,20,12,11,5;0,1,14,13,6;1,2,3,9,14;3,16,15,21,14,8;3,4,11,12,16;4,5,6,12,10;6,20,19,18,17,16,10,11;6,7,14,21,20;1,8,9,21,13,7;9,16,17,22,29,28,21;3,10,12,17,15,9;12,18,23,22,15,16;12,19,25,23,17;12,20,26,25,18;3,26,19,12,6,13,21,28,27;9,15,28,20,13,14;15,17,23,24,29;2,24,22,17,18,25;1,29,22,23,2;2,23,18,19,26;2,25,19,20,3;3,20,28,5,4;5,27,20,21,15,29;0,5,28,15,22,24,1
torus1573 30 1,7,6,5,29;0,29,25,8,7;3,15,8,25,26;2,26,27,9,15;5,6,11,10,9,27,28;0,6,4,28,29;0,7,13,11,4,5;0,1,8,13,6;1,25,2,15,14,13,7;3,27,4,10,16,15;4,11,17,16,9;4,6,13,20,12,17,10;11,20,19,18,17;6,7,8,14,20,11;8,15,22,21,20,13;2,3,9,16,22,14,8;9,10,17,23,22,15;10,11,12,18,23,16;12,19,24,23,17;12,20,26,25,24,18;11,13,14,21,27,26,19,12;14,22,28,27,20;14,15,16,23,24,25,28,21;16,17,18,24,22;18,19,25,22,23;1,29,28,22,24,19,26,2,8;2,25,19,20,27,3;3,26,20,21,28,4,9;4,27,21,22,25,29,5;0,5,28,25,1
torus1574 30 1,7,6,4,5,29,16,23,24;0,24,25,2,7;1,25,3,8,7;2,25,18,19,26,27,10,9,8;0,6,11,10,27,5;0,4,27,28,29;0,7,13,11,4;0,1,2,8,13,6;2,3,9,23,15,20,14,13,7;3,10,17,23,8;3,27,4,11,17,9;4,6,13,12,17,10;11,13,19,18,17;6,7,8,14,19,12,11;8,20,26,19,13;8,23,16,22,21,20;0,29,22,15,23;9,10,11,12,18,24,23;3,25,24,17,12,19;3,18,12,13,14,26;8,15,21,27,26,14;15,22,28,27,20;15,16,29,28,21;0,16,15,8,9,17,24;0,23,17,18,25,1;1,24,18,3,2;3,19,14,20,27;3,26,20,21,28,5,4,10;5,27,21,22,29;0,5,28,22,16
torus1575 30 5,6,12,13,7,29;2,25,24,23,29,7,8;1,8,9,26,20,25;4,27,26,9,10;3,10,11,28,27;0,29,23,28,11,6;0,5,11,17,12;0,13,14,8,1,29;1,7,14,9,2;2,8,14,15,16,17,10,3,26;3,9,17,11,4;4,10,17,6,5,28;0,6,17,18,13;0,12,18,19,20,21,14,7;7,13,21,15,9,8;9,14,21,22,16;9,15,22,23,17;6,11,10,9,16,23,18,12;12,17,23,24,19,13;13,18,24,25,20;2,26,21,13,19,25;13,20,26,27,28,22,15,14;15,21,28,23,16;1,24,18,17,16,22,28,5,29;1,25,19,18,23;1,2,20,19,24;2,9,3,27,21,20;3,4,28,21,26;4,11,5,23,22,21,27;0,7,1,23,5
torus1576 30 1,7,5,29,24;0,24,8,13,7;8,24,25,9,15,14;9,26,27,11,10;5,6,12,11,28;0,7,6,4,28,22,29;4,5,7,13,12;0,1,13,6,5;1,24,2,14,13;2,25,26,3,10,16,15;3,11,17,16,9;3,27,28,4,12,19,18,17,10;4,6,13,19,11;1,8,14,20,26,19,12,6,7;2,15,21,20,13,8;2,9,16,21,14;9,10,17,23,22,21,15;10,11,18,24,23,16;11,19,25,24,17;11,12,13,26,25,18;13,14,21,27,26;14,15,16,22,27,20;5,28,27,21,16,23,29;16,17,24,29,22;0,29,23,17,18,25,2,8,1;2,24,18,19,26,9;3,9,25,19,13,20,27;3,26,20,21,22,28,11;4,11,27,22,5;0,5,22,23,24
torus1577 30 1,7,29,24,25;0,25,2,14,7;1,25,26,3,8,14;2,26,10,9,8;5,10,26,27,28;4,28,6,13,12,11,10;5,28,29,7,13;0,1,14,13,6,29;2,3,9,15,21,14;3,10,16,15,8;3,26,4,5,11,17,16,9;5,12,18,17,10;5,13,19,18,11;5,6,7,14,20,27,26,19,12;1,2,8,21,20,13,7;8,9,16,23,22,21;9,10,17,24,23,15;10,11,18,24,16;11,12,19,25,24,17;12,13,26,25,18;13,14,21,22,27;8,15,22,20,14;15,23,27,20,21;15,16,24,28,27,22;0,29,28,23,16,17,18,25;0,24,18,19,26,2,1;2,25,19,13,27,4,10,3;4,26,13,20,22,23,28;4,27,23,24,29,6,5;0,7,6,28,24
torus1578 30 1,7,5,29,24;0,24,25,2,8,7;1,25,26,3,8;2,26,4,10,9,8;3,26,27,28,22,6,11,10;0,7,13,6,29;4,22,29,5,13,12,11;0,1,8,14,13,5;1,2,3,9,15,14,7;3,10,16,15,8;3,4,11,17,16,9;4,6,12,17,10;6,13,19,18,23,17,11;5,7,14,19,12,6;7,8,15,21,20,19,13;8,9,16,22,28,21,14;9,10,17,23,22,15;10,11,12,23,16;12,19,25,24,23;12,13,14,20,26,25,18;14,21,27,26,19;14,15,28,27,20;4,28,15,16,23,29,6;12,18,24,29,22,16,17;0,29,23,18,25,1;1,24,18,19,26,2;2,25,19,20,27,4,3;4,26,20,21,28;4,27,21,15,22;0,5,6,22,23,24
torus1579 30 1,7,5,29,24;0,24,23,25,8,13,7;3,9,15,8,25,26;2,26,27,4,11,17,10,9;3,27,21,28,5,11;0,7,6,11,4,28,29;5,7,12,19,17,11;0,1,13,12,6,5;1,25,2,15,14,20,13;2,3,10,16,15;3,17,18,16,9;3,4,5,6,17;6,7,13,20,19;1,8,20,12,7;8,15,22,21,20;2,9,16,22,14,8;9,10,18,23,22,15;3,11,6,19,18,10;10,17,19,23,16;6,12,20,27,26,25,23,18,17;8,14,21,27,19,12,13;4,27,20,14,22,28;14,15,16,23,24,29,28,21;1,24,22,16,18,19,25;0,29,22,23,1;1,23,19,26,2,8;2,25,19,27,3;3,26,19,20,21,4;4,21,22,29,5;0,5,28,22,24
torus1580 30 1,7,5,29,24;0,24,25,2,8,7;1,25,26,3,9,8;2,26,27,10,16,9;5,11,17,10,28,22,29;0,7,11,4,29;7,14,13,12,11;0,1,8,21,14,6,11,5;1,2,9,15,21,7;2,3,16,15,8;3,27,28,4,17,23,16;4,5,7,6,12,18,17;6,13,19,18,11;6,14,20,19,12;6,7,21,20,13;8,9,16,22,28,21;3,10,23,22,15,9;4,11,18,23,10;11,12,19,24,22,23,17;12,13,20,26,25,24,18;13,14,21,26,19;7,8,15,28,27,26,20,14;4,28,15,16,23,18,24,29;10,17,18,22,16;0,29,22,18,19,25,1;1,24,19,26,2;2,25,19,20,21,27,3;3,26,21,28,10;4,10,27,21,15,22;0,5,4,22,24
torus1581 30 1,6,11,5,29;0,29,24,25,2,7,6;1,25,26,9,8,7;4,10,9,26,27,21;3,21,22,5,11,10;0,11,4,22,28,29;0,1,7,13,12,11;1,2,8,14,20,13,6;2,9,15,14,7;2,26,3,10,16,15,8;3,4,11,12,19,18,17,16,9;0,6,12,10,4,5;6,13,19,10,11;6,7,20,19,12;7,8,15,22,21,20;8,9,16,22,14;9,10,17,23,28,22,15;10,18,24,23,16;10,19,25,24,17;10,12,13,20,27,26,25,18;7,14,21,27,19,13;3,27,20,14,22,4;4,21,14,15,16,28,5;16,17,24,29,28;1,29,23,17,18,25;1,24,18,19,26,2;2,25,19,27,3,9;3,26,19,20,21;5,22,16,23,29;0,5,28,23,24,1
torus1582 30 1,13,12,6,5,23;0,23,24,25,2,7,13;1,25,3,8,7;2,25,27,9,8;11,27,20,21,22,28;0,6,11,28,29,23;0,12,17,10,11,5;1,2,8,14,13;2,3,9,14,7;3,27,10,15,14,8;6,17,15,9,27,11;4,28,5,6,10,27;0,13,19,18,17,6;0,1,7,14,26,19,12;7,8,9,15,21,20,26,13;9,10,17,16,22,21,14;15,17,23,29,22;6,12,18,23,16,15,10;12,19,24,23,17;12,13,26,25,24,18;4,27,26,14,21;4,20,14,15,22;4,21,15,16,29,28;0,5,29,16,17,18,24,1;1,23,18,19,25;1,24,19,26,27,3,2;13,14,20,27,25,19;3,25,26,20,4,11,10,9;4,22,29,5,11;5,28,22,16,23
torus1583 30 1,11,5,29,24;0,24,25,2,8,7,11;1,25,3,9,15,8;2,25,26,10,9;10,26,27,28,11,16;0,11,28,22,29;7,13,12,17,11;1,8,13,6,11;1,2,15,14,13,7;2,3,10,16,15;3,26,4,16,9;0,1,7,6,17,16,4,28,5;6,13,20,19,18,17;6,7,8,14,20,12;8,15,21,20,13;2,9,16,22,28,21,14,8;4,11,17,18,23,29,22,15,9,10;6,12,18,16,11;12,19,23,16,17;12,20,26,25,24,23,18;12,13,14,21,27,26,19;14,15,28,27,20;5,28,15,16,29;16,18,19,24,29;0,29,23,19,25,1;1,24,19,26,3,2;3,25,19,20,27,4,10;4,26,20,21,28;4,27,21,15,22,5,11;0,5,22,16,23,24
torus1584 30 1,8,7,5,29,18,24;0,24,2,3,9,8;1,24,25,26,3;1,2,26,27,28,4,9;3,28,11,10,9;0,7,11,21,22,29;7,8,13,12,11;0,8,6,11,5;0,1,9,15,14,13,6,7;1,3,4,10,15,8;4,11,17,16,15,9;4,28,21,5,7,6,12,17,10;6,13,19,25,18,17,11;6,8,14,20,19,12;8,15,22,21,20,13;8,9,10,16,22,14;10,17,23,22,15;10,11,12,18,23,16;0,29,23,17,12,25,24;12,13,20,26,25;13,14,21,27,26,19;5,11,28,27,20,14,22;5,21,14,15,16,23,29;16,17,18,29,22;0,18,25,2,1;2,24,18,12,19,26;2,25,19,20,27,3;3,26,20,21,28;3,27,21,11,4;0,5,22,23,18
torus1585 30 5,6,7,24,29;2,25,24,7,14,8;1,8,9,3,25;2,9,10,27,25;5,28,10,11,6;0,29,28,4,6;0,5,4,11,12,13,14,7;0,6,14,1,24;1,14,15,16,9,2;2,8,16,10,3;3,9,16,23,17,11,4,28,27;4,10,17,12,6;6,11,17,18,19,13;6,12,19,26,20,14;1,7,6,13,20,21,15,8;8,14,21,22,16;8,15,22,23,10,9;10,23,18,12,11;12,17,23,25,19;12,18,25,26,13;13,26,27,21,14;14,20,27,29,22,15;15,21,29,24,23,16;10,16,22,24,25,18,17;0,7,1,25,23,22,29;1,2,3,27,26,19,18,23,24;13,19,25,27,20;3,10,28,29,21,20,26,25;4,5,29,27,10;0,24,22,21,27,28,5
torus1586 30 1,7,5,29,24;0,24,25,2,7;1,25,19,26,3,9,8,7;2,26,27,28,4,10,9;3,28,5,11,10;0,7,14,13,6,11,4,28,29;5,13,20,12,11;0,1,2,8,14,5;2,9,16,15,14,7;2,3,10,17,16,8;3,4,11,18,17,9;4,5,6,12,18,10;6,20,19,25,18,11;5,14,21,20,6;5,7,8,15,21,13;8,16,22,28,21,14;8,9,17,23,22,15;9,10,18,23,16;10,11,12,25,24,23,17;2,25,12,20,26;6,13,21,27,26,19,12;13,14,15,28,27,20;15,16,23,24,29,28;16,17,18,24,22;0,29,22,23,18,25,1;1,24,18,12,19,2;2,19,20,27,3;3,26,20,21,28;3,27,21,15,22,29,5,4;0,5,28,22,24
torus1587 30 1,7,6,5,29;0,29,24,25,2,8,7;1,25,26,3,8;2,26,20,27,4,11,10,8;3,27,28,5,11;0,6,11,4,28,29;0,7,19,12,11,5;0,1,8,14,19,6;1,2,3,10,9,14,7;8,10,16,15,14;3,11,12,17,16,9,8;3,4,5,6,12,10;6,19,18,17,10,11;14,15,21,20,26,19;7,8,9,15,13,19;9,16,22,21,13,14;9,10,17,22,15;10,12,18,23,22,16;12,19,24,23,17;6,7,14,13,26,25,24,18,12;3,26,13,21,27;13,15,22,28,27,20;15,16,17,23,29,28,21;17,18,24,29,22;1,29,23,18,19,25;1,24,19,26,2;2,25,19,13,20,3;3,20,21,28,4;4,27,21,22,29,5;0,5,28,22,23,24,1
torus1588 30 1,8,7,6,5,29,24;0,24,18,2,8;1,18,25,26,27,9,15,8;4,10,9,27,21,28;3,28,29,5,17,10;0,6,11,17,4,29;0,7,13,11,5;0,8,14,13,6;0,1,2,15,14,7;2,27,3,10,16,15;3,4,17,16,9;5,6,13,12,18,17;11,13,19,25,18;6,7,14,20,19,12,11;7,8,15,20,13;2,9,16,22,21,20,14,8;9,10,17,18,23,22,15;4,5,11,18,16,10;1,24,23,16,17,11,12,25,2;12,13,20,26,25;13,14,15,21,27,26,19;3,27,20,15,22,28;15,16,23,29,28,21;16,18,24,29,22;0,29,23,18,1;2,18,12,19,26;2,25,19,20,27;2,26,20,21,3,9;3,21,22,29,4;0,5,4,28,22,23,24
torus1589 30 1,8,7,6,5,29,24;0,24,25,26,2,9,15,8;1,26,3,16,9;2,26,4,10,16;3,26,20,27,10;0,6,11,27,28,22,29;0,7,13,19,12,17,11,5;0,8,14,13,6;0,1,15,14,7;1,2,16,21,15;3,4,27,11,17,16;5,6,17,10,27;6,19,25,18,16,17;6,7,14,20,19;7,8,15,21,20,13;1,9,21,14,8;2,3,10,17,12,18,23,22,28,21,9;6,12,16,10,11;12,25,24,23,16;6,13,20,25,12;4,26,25,19,13,14,21,28,27;9,16,28,20,14,15;5,28,16,23,29;16,18,24,29,22;0,29,23,18,25,1;1,24,18,12,19,20,26;1,25,20,4,3,2;4,20,28,5,11,10;5,27,20,21,16,22;0,5,22,23,24
torus1590 30 1,6,5,29,24;0,24,8,7,6;3,9,8,25,26,27;2,27,10,16,9;5,6,11,10,28;0,6,4,28,29;0,1,7,12,11,4,5;1,8,13,12,6;1,24,25,2,9,15,13,7;2,3,16,15,8;3,27,28,4,11,22,16;4,6,12,17,22,10;6,7,13,14,20,19,18,17,11;7,8,15,14,12;12,13,15,21,20;8,9,16,22,23,29,28,21,14,13;3,10,22,15,9;11,12,18,23,22;12,19,25,24,29,23,17;12,20,26,25,18;12,14,21,27,26,19;14,15,28,27,20;10,11,17,23,15,16;15,22,17,18,29;0,29,18,25,8,1;2,8,24,18,19,26;2,25,19,20,27;2,26,20,21,28,10,3;4,10,27,21,15,29,5;0,5,28,15,23,18,24
torus1591 30 5,8,7,6,11;2,8,29,24,25;1,25,26,27,9,8;4,10,16,9,27;3,27,5,11,10;0,11,4,27,28,29,8;0,7,13,19,12,11;0,8,14,13,6;0,5,29,1,2,9,15,20,14,7;2,27,3,16,15,8;3,4,11,17,16;0,6,12,17,10,4,5;6,19,18,23,17,11;6,7,14,26,19;7,8,20,27,26,13;8,9,16,22,21,20;3,10,17,23,22,15,9;10,11,12,23,16;12,19,25,24,23;6,13,26,25,18,12;8,15,21,27,14;15,22,28,27,20;15,16,23,29,28,21;12,18,24,29,22,16,17;1,29,23,18,25;1,24,18,19,26,2;2,25,19,13,14,27;2,26,14,20,21,28,5,4,3,9;5,27,21,22,29;1,8,5,28,22,23,24
torus1592 30 1,8,7,6,5,29,23,24;0,24,25,2,8;1,25,20,26,3,9,8;2,26,5,10,9;5,26,20,27,28,29;0,6,11,17,10,3,26,4,29;0,7,13,11,5;0,8,9,13,6;0,1,2,9,7;2,3,10,16,15,14,13,7,8;3,5,17,16,9;5,6,13,19,12,17;11,19,18,23,17;6,7,9,14,20,19,11;9,15,21,27,20,13;9,16,22,21,14;9,10,17,23,22,15;5,11,12,23,16,10;12,19,25,24,23;11,13,20,25,18,12;2,25,19,13,14,27,4,26;14,15,22,28,27;15,16,23,28,21;0,29,28,22,16,17,12,18,24;0,23,18,25,1;1,24,18,19,20,2;2,20,4,5,3;4,20,14,21,28;4,27,21,22,23,29;0,5,4,28,23
torus1593 30 5,24,17,23,29;2,25,18,24,8;1,8,9,26,25;4,27,26,9,10;3,10,28,14,27;0,29,28,11,6,24;5,11,12,7,24;6,12,19,13,21,15,8,24;1,24,7,15,9,2;2,8,15,22,16,10,3,26;3,9,16,17,12,11,28,4;5,28,10,12,6;6,11,10,17,19,7;7,19,20,14,21;4,28,22,21,13,20,27;7,21,22,9,8;9,22,23,17,10;0,24,18,19,12,10,16,23;1,25,19,17,24;7,12,17,18,25,26,20,13;13,19,26,27,14;7,13,14,22,15;9,15,21,14,28,29,23,16;0,17,16,22,29;0,5,6,7,8,1,18,17;1,2,26,19,18;2,9,3,27,20,19,25;3,4,14,20,26;4,10,11,5,29,22,14;0,23,22,28,5
torus1594 30 1,8,14,7,29,23,24;0,24,18,25,8;3,9,8,25,26;2,26,27,4,9;3,27,21,28,5,11,10,9;4,28,6,12,11;5,28,29,7,13,12;0,14,13,6,29;0,1,25,2,9,14;2,3,4,10,16,15,14,8;4,11,17,16,9;4,5,12,17,10;5,6,13,19,25,18,17,11;6,7,14,19,12;0,8,9,15,20,26,19,13,7;9,16,22,21,20,14;9,10,17,18,24,23,22,15;10,11,12,18,16;1,24,16,17,12,25;12,13,14,26,25;14,15,21,27,26;4,27,20,15,22,28;15,16,23,28,21;0,29,28,22,16,24;0,23,16,18,1;1,18,12,19,26,2,8;2,25,19,14,20,27,3;3,26,20,21,4;4,21,22,23,29,6,5;0,7,6,28,23
torus1595 30 1,7,14,21,13,6,5,29,24;0,24,25,2,9,8,7;1,25,26,3,9;2,26,19,20,27,4,10,9;3,27,28,5,10;0,6,11,10,4,28,22,29;0,13,19,12,17,11,5;0,1,8,15,14;1,9,16,15,7;1,2,3,10,11,16,8;3,4,5,11,9;5,6,17,16,9,10;6,19,26,25,17;0,21,20,19,6;0,7,15,22,21;7,8,16,22,14;8,9,11,17,18,22,15;6,12,25,18,16,11;16,17,25,23,22;3,26,12,6,13,20;3,19,13,21,27;0,14,22,28,27,20,13;5,28,21,14,15,16,18,23,29;18,25,24,29,22;0,29,23,25,1;1,24,23,18,17,12,26,2;2,25,12,19,3;3,20,21,28,4;4,27,21,22,5;0,5,22,23,24
torus1596 30 1,7,6,5,24;0,24,25,8,7;3,8,25,26,27;2,27,4,10,9,8;3,27,28,5,10;0,6,11,10,4,28,29,18,24;0,7,14,13,12,11,5;0,1,8,14,6;1,25,2,3,9,15,14,7;3,10,16,15,8;3,4,5,11,17,23,16,9;5,6,12,17,10;6,13,19,17,11;6,14,20,19,12;6,7,8,15,21,20,13;8,9,16,21,14;9,10,23,29,22,21,15;10,11,12,19,26,24,18,23;5,29,23,17,24;12,13,20,26,17;13,14,21,22,27,26,19;14,15,16,22,20;16,29,28,27,20,21;10,17,18,29,16;0,5,18,17,26,25,1;1,24,26,2,8;2,25,24,17,19,20,27;2,26,20,22,28,4,3;4,27,22,29,5;5,28,22,16,23,18
torus1597 30 5,6,7,24,29;2,25,24,7,8;1,8,9,3,19,25;2,9,4,26,19;3,9,10,21,26;0,29,28,11,6;0,5,11,13,7;0,6,13,14,15,8,1,24;1,7,15,9,2;2,8,15,16,17,10,4,3;4,9,17,12,11,28,21;5,28,10,12,27,20,13,6;10,17,23,18,19,27,11;6,11,20,14,7;7,13,20,21,15;7,14,21,22,16,9,8;9,15,22,23,17;9,16,23,12,10;12,23,24,25,19;2,3,26,27,12,18,25;11,27,21,14,13;4,10,28,22,15,14,20,27,26;15,21,28,23,16;12,17,16,22,28,29,24,18;0,7,1,25,18,23,29;1,2,19,18,24;3,4,21,27,19;11,12,19,26,21,20;5,29,23,22,21,10,11;0,24,23,28,5
torus1598 30 1,7,6,29,24;0,24,2,8,7;1,24,25,20,26,9,8;4,11,10,9,26,27;3,27,28,5,11;4,28,29,6,11;0,7,14,12,11,5,29;0,1,8,14,6;1,2,9,15,13,14,7;2,26,3,10,16,15,8;3,11,17,23,16,9;3,4,5,6,12,19,17,10;6,14,13,19,11;8,15,21,20,19,12,14;6,7,8,13,12;8,9,16,22,21,13;9,10,23,22,15;10,11,19,18,28,23;17,19,25,24,28;11,12,13,20,25,18,17;2,25,19,13,21,28,27,26;13,15,22,28,20;15,16,23,28,21;10,17,28,22,16;0,29,28,18,25,2,1;2,24,18,19,20;2,20,27,3,9;3,26,20,28,4;4,27,20,21,22,23,17,18,24,29,5;0,6,5,28,24
torus1599 30 1,6,5,29,24;0,24,25,2,3,8,7,6;1,25,26,20,3;1,2,20,4,10,9,8;3,20,27,28,10;0,6,11,28,29;0,1,7,13,12,11,5;1,8,14,13,6;1,3,9,15,22,14,7;3,10,11,12,17,15,8;3,4,28,11,9;5,6,12,9,10,28;6,13,19,18,23,17,9,11;6,7,14,19,12;7,8,22,21,27,20,19,13;8,9,17,16,22;15,17,23,24,22;9,12,23,16,15;12,19,26,25,24,23;12,13,14,20,26,18;2,26,19,14,27,4,3;14,22,29,28,27;8,15,16,24,29,21,14;12,18,24,16,17;0,29,22,16,23,18,25,1;1,24,18,26,2;2,25,18,19,20;4,20,14,21,28;4,27,21,29,5,11,10;0,5,28,21,22,24
torus1600 30 1,7,6,19,12,11,5,29,24;0,24,9,15,8,7;3,9,24,25,26;2,26,20,27,28,4,10,9;3,28,5,11,10;0,11,4,28,22,29;0,7,13,20,19;0,1,8,13,6;1,15,14,13,7;1,24,2,3,10,16,15;3,4,11,12,18,17,23,16,9;0,12,10,4,5;0,19,18,10,11;6,7,8,14,20;8,15,21,20,13;1,9,16,22,21,14,8;9,10,23,22,15;10,18,24,29,23;10,12,19,25,24,17;0,6,20,26,25,18,12;3,26,19,6,13,14,21,27;14,15,22,27,20;5,28,27,21,15,16,23,29;10,17,29,22,16;0,29,17,18,25,2,9,1;2,24,18,19,26;2,25,19,20,3;3,20,21,22,28;3,27,22,5,4;0,5,22,23,17,24
torus1601 30 5,6,7,24,29;2,25,24,7,8;1,8,15,9,3,26,13,19,25;2,9,10,11,4,27,26;3,11,5,28,27;0,29,28,4,11,12,6;0,5,12,14,7;0,6,14,8,1,24;1,7,14,15,2;2,15,16,10,3;3,9,16,17,11;3,10,17,18,12,5,4;5,11,18,14,6;2,26,20,14,19;6,12,18,19,13,20,21,15,8,7;2,8,14,21,28,22,16,9;9,15,22,17,10;10,16,22,29,23,18,11;11,17,23,25,19,14,12;2,13,14,18,25;13,26,27,21,14;14,20,27,28,15;15,28,29,17,16;17,29,24,25,18;0,7,1,25,23,29;1,2,19,18,23,24;2,3,27,20,13;3,4,28,21,20,26;4,5,29,22,15,21,27;0,24,23,17,22,28,5
torus1602 30 1,13,6,5,28;0,28,25,2,7,13;1,25,26,27,10,3,8,7;2,10,16,9,8;5,11,10,27,28;0,6,11,4,28;0,13,12,17,11,5;1,2,8,14,13;2,3,9,14,7;3,16,15,14,8;2,27,4,11,17,23,16,3;4,5,6,17,10;6,13,19,18,17;0,1,7,14,19,12,6;7,8,9,15,21,19,13;9,16,22,21,14;3,10,23,22,15,9;6,12,18,24,29,23,10,11;12,19,25,24,17;12,13,14,21,20,26,25,18;19,21,28,27,26;14,15,22,28,20,19;15,16,23,29,28,21;10,17,29,22,16;17,18,25,28,29;1,28,24,18,19,26,2;2,25,19,20,27;2,26,20,28,4,10;0,5,4,27,20,21,22,29,24,25,1;17,24,28,22,23
torus1603 30 5,11,6,7,24;2,25,24,14,8;1,8,9,26,25;7,20,9,27,14;5,28,27,9,10,17,11;0,24,23,29,28,4,11;0,11,12,18,13,7;0,6,13,20,3,14,24;1,14,15,9,2;2,8,15,10,4,27,3,20,26;4,9,15,16,17;0,5,4,17,12,6;6,11,17,24,18;6,18,19,20,7;1,24,7,3,27,21,15,8;8,14,21,22,16,10,9;10,15,22,23,17;4,10,16,23,24,12,11;6,12,24,25,19,13;13,18,25,26,20;3,7,13,19,26,9;14,27,28,29,22,15;15,21,29,23,16;5,24,17,16,22,29;0,7,14,1,25,18,12,17,23,5;1,2,26,19,18,24;2,9,20,19,25;3,9,4,28,21,14;4,5,29,21,27;5,23,22,21,28
torus1604 30 1,6,5,28,29;0,29,24,25,2,8,7,6;1,25,3,9,8;2,25,18,19,10,9;5,11,10,19,26,28;0,6,11,4,28;0,1,7,13,12,11,5;1,8,14,13,6;1,2,9,15,21,14,7;2,3,10,16,15,8;3,19,4,11,23,16,9;4,5,6,12,18,17,23,10;6,13,19,18,11;6,7,14,20,19,12;7,8,21,20,13;8,9,16,22,28,26,27,21;9,10,23,22,15;11,18,25,24,23;3,25,17,11,12,19;3,18,12,13,20,27,26,4,10;13,14,21,27,19;8,15,27,20,14;15,16,23,29,28;10,11,17,24,29,22,16;1,29,23,17,25;1,24,17,18,3,2;4,19,27,15,28;15,26,19,20,21;0,5,4,26,15,22,29;0,28,22,23,24,1
torus1605 30 5,7,24,28,10;2,25,24,7,8,9,3;1,3,26,19,25;1,9,4,27,26,2;3,9,10,28,27;0,10,11,6,7;5,11,12,13,7;0,5,6,13,14,8,1,24;1,7,14,15,9;1,8,15,22,16,10,4,3;0,28,4,9,16,17,11,5;5,10,17,12,6;6,11,17,18,19,13;6,12,19,20,14,7;7,13,20,15,8;8,14,20,26,21,29,22,9;9,22,23,24,18,17,10;10,16,18,12,11;12,17,16,24,25,19;2,26,20,13,12,18,25;13,19,26,15,14;15,26,27,28,29;9,15,29,23,16;16,22,29,28,24;0,7,1,25,18,16,23,28;1,2,19,18,24;2,3,27,21,15,20,19;3,4,28,21,26;0,24,23,29,21,27,4,10;15,21,28,23,22
torus1606 30 5,6,7,24,29;7,13,14,25,24;3,25,8,9,10;2,10,11,4,27,26,18,25;3,11,5,28,27;0,29,22,28,4,11,6;0,5,11,12,13,7;0,6,13,1,24;2,25,14,15,9;2,8,15,16,10;2,9,16,17,12,11,3;3,10,12,6,5,4;6,11,10,17,13;1,7,6,12,17,19,14;1,13,19,20,21,22,15,8,25;8,14,22,16,9;9,15,22,23,25,18,17,10;10,16,18,26,19,13,12;3,26,17,16,25;13,17,26,20,14;14,19,26,27,21;14,20,27,28,22;5,29,23,16,15,14,21,28;16,22,29,24,25;0,7,1,25,23,29;1,14,8,2,3,18,16,23,24;3,27,20,19,17,18;3,4,28,21,20,26;4,5,22,21,27;0,24,23,22,5
torus1607 30 5,11,6,7,8,25,29,22;2,28,27,26,25,8;1,8,14,9,3,4,5,28;2,9,16,10,4;2,3,10,11,5;0,22,28,2,4,11;0,11,12,13,7;0,6,13,14,8;0,7,14,2,1,25;2,14,21,15,16,3;3,16,17,11,4;0,5,4,10,17,12,6;6,11,17,18,24,25,13;6,12,25,19,14,7;2,8,7,13,19,20,21,9;9,21,28,22,16;3,9,15,22,23,18,17,10;10,16,18,12,11;12,17,16,23,24;13,25,26,20,14;14,19,26,27,21;9,14,20,27,28,15;0,29,23,16,15,28,5;16,22,29,24,18;12,18,23,29,25;0,8,1,26,19,13,12,24,29;1,27,20,19,25;1,28,21,20,26;1,2,5,22,15,21,27;0,25,24,23,22
torus1608 30 1,5,11,6,7;0,7,14,8,25,24,29,5;3,26,25,8,9;2,9,10,4,27,20,26;3,10,5,29,28,27;0,1,29,4,10,11;0,11,12,13,7;0,6,13,14,1;1,14,15,16,9,2,25;2,8,16,10,3;3,9,16,11,5,4;0,5,10,16,17,12,6;6,11,17,18,13;6,12,18,25,19,14,7;1,7,13,19,20,21,15,8;8,14,21,22,16;8,15,22,29,23,17,11,10,9;11,16,23,18,12;12,17,23,24,25,13;13,25,26,20,14;3,27,21,14,19,26;14,20,27,28,22,15;15,21,28,29,16;16,29,24,18,17;1,25,18,23,29;1,8,2,26,19,13,18,24;2,3,20,19,25;3,4,28,21,20;4,29,22,21,27;1,24,23,16,22,28,4,5
torus1609 30 1,7,13,6,5,24;0,24,25,2,7;1,25,27,3,8,14,7;2,27,4,9,8;3,27,28,11,10,9;0,6,11,29,24;0,13,12,11,5;0,1,2,14,19,13;2,3,9,15,14;3,4,10,16,22,21,15,8;4,11,17,16,9;4,28,29,5,6,12,17,10;6,13,25,17,11;0,7,19,25,12,6;2,8,15,20,19,7;8,9,21,20,14;9,10,17,18,23,22;10,11,12,25,18,16;16,17,25,24,23;7,14,20,26,25,13;14,15,21,26,19;9,22,28,27,26,20,15;9,16,23,29,28,21;16,18,24,29,22;0,5,29,23,18,25,1;1,24,18,17,12,13,19,26,27,2;19,20,21,27,25;2,25,26,21,28,4,3;4,27,21,22,29,11;5,11,28,22,23,24
torus1610 30 1,2,26,25,24,29,28,5,6,7;0,7,19,13,14,8,2;0,1,8,9,3,26;2,9,10,4,27,26;3,10,5,28,27;0,28,4,10,11,6;0,5,11,12,7;0,6,12,18,19,1;1,14,21,15,9,2;2,8,15,16,17,10,3;3,9,17,11,5,4;5,10,17,23,12,6;6,11,23,24,18,7;1,19,26,20,14;1,13,20,21,8;8,21,28,22,16,9;9,15,22,23,17;9,16,23,11,10;7,12,24,25,19;1,7,18,25,26,13;13,26,27,21,14;8,14,20,27,28,15;15,28,29,23,16;11,17,16,22,29,24,12;0,25,18,12,23,29;0,26,19,18,24;0,2,3,27,20,13,19,25;3,4,28,21,20,26;0,29,22,15,21,27,4,5;0,24,23,22,28
torus1611 30 1,5,29,24,25;0,25,26,2,7,6,5;1,26,3,9,8,7;2,26,27,4,10,16,9;3,27,21,28,13,11,10;0,1,6,13,28,29;1,7,20,13,5;1,2,8,14,20,6;2,9,15,14,7;2,3,16,15,8;3,4,11,17,16;4,13,12,17,10;11,13,19,18,17;4,28,5,6,20,19,12,11;7,8,15,21,27,26,20;8,9,16,21,14;3,10,17,21,15,9;10,11,12,18,23,22,21,16;12,19,25,23,17;12,13,20,25,18;6,7,14,26,25,19,13;4,27,14,15,16,17,22,28;17,23,24,29,28,21;17,18,25,24,22;0,29,22,23,25;0,24,23,18,19,20,26,1;1,25,20,14,27,3,2;3,26,14,21,4;4,21,22,29,5,13;0,5,28,22,24
torus1612 30 5,6,13,7,24,29;2,7,8,9,3,27;1,27,26,25,7;1,9,10,4,28,27;3,10,11,5,28;0,29,22,21,28,4,11,6;0,5,11,12,13;0,13,20,14,8,1,2,25,24;1,7,14,15,9;1,8,15,10,3;3,9,15,11,4;4,10,15,17,12,6,5;6,11,17,18,19,13;0,6,12,19,26,20,7;7,20,21,15,8;8,14,21,16,17,11,10,9;15,21,22,23,17;11,15,16,23,24,18,12;12,17,24,25,19;12,18,25,26,13;7,13,26,27,21,14;5,22,16,15,14,20,27,28;5,29,23,16,21;16,22,29,24,17;0,7,25,18,17,23,29;2,26,19,18,24,7;2,27,20,13,19,25;1,3,28,21,20,26,2;3,4,5,21,27;0,24,23,22,5
torus1613 30 1,7,6,5,24;0,24,18,25,2,8,7;1,25,26,3,9,15,8;2,26,20,27,10,16,9;6,13,12,11,10,27,28,22;0,6,22,29,24;0,7,13,4,22,5;0,1,8,14,20,13,6;1,2,15,14,7;2,3,16,22,15;3,27,4,11,16;4,12,17,16,10;4,13,18,17,11;4,6,7,20,19,18,12;7,8,15,21,20;2,9,22,28,21,14,8;3,10,11,17,23,22,9;11,12,18,23,16;1,24,29,23,17,12,13,19,25;13,20,26,25,18;3,26,19,13,7,14,21,27;14,15,28,27,20;4,28,15,9,16,23,29,5,6;16,17,18,29,22;0,5,29,18,1;1,18,19,26,2;2,25,19,20,3;3,20,21,28,4,10;4,27,21,15,22;5,22,23,18,24
torus1614 30 6,24,29,22,28;2,25,24,7,8;1,8,3,26,25;2,8,4,27,26;3,8,9,10,5,28,27;4,10,11,12,13,6,28;0,28,5,13,7,24;1,24,6,13,8;1,7,13,14,15,9,4,3,2;4,8,15,16,17,10;4,9,17,11,5;5,10,17,18,12;5,11,18,19,13;5,12,19,20,21,14,8,7,6;8,13,21,28,15;8,14,28,16,9;9,15,28,22,17;9,16,22,23,18,11,10;11,17,23,19,12;12,18,23,25,20,13;13,19,25,26,27,21;13,20,27,28,14;0,29,23,17,16,28;17,22,29,25,19,18;0,6,7,1,25,29;1,2,26,20,19,23,29,24;2,3,27,20,25;3,4,28,21,20,26;0,22,16,15,14,21,27,4,5,6;0,24,25,23,22
torus1615 30 1,7,6,11,5,29,24;0,24,25,2,8,7;1,25,3,9,8;2,25,27,28,4,10,9;3,28,5,11,10;0,11,4,28,21,29;0,7,13,12,11;0,1,8,22,14,13,6;1,2,9,15,22,7;2,3,10,17,16,15,8;3,4,11,18,17,9;0,6,12,18,10,4,5;6,13,19,18,11;6,7,14,19,12;7,22,21,20,19,13;8,9,16,29,22;9,17,23,29,15;9,10,18,26,23,16;10,11,12,19,26,17;12,13,14,20,26,18;14,21,27,26,19;5,28,27,20,14,22,29;7,8,15,29,21,14;16,17,26,25,24,29;0,29,23,25,1;1,24,23,26,27,3,2;17,18,19,20,27,25,23;3,25,26,20,21,28;3,27,21,5,4;0,5,21,22,15,16,23,24
torus1616 30 1,6,11,5,29,24,25;0,25,8,7,6;3,9,8,25,26;2,26,27,10,9;5,11,15,10,27,28;0,11,4,28,22,29;0,1,7,13,11;1,8,14,13,6;1,25,2,9,15,14,7;2,3,10,15,8;3,27,4,15,9;0,6,13,12,17,15,4,5;11,13,20,18,17;6,7,14,20,12,11;7,8,15,21,27,20,13;4,11,17,16,22,21,14,8,9,10;15,17,18,23,22;11,12,18,16,15;12,20,19,24,23,16,17;18,20,27,26,25,24;12,13,14,27,19,18;14,15,22,28,27;5,28,21,15,16,23,29;16,18,24,29,22;0,29,23,18,19,25;0,24,19,26,2,8,1;2,25,19,27,3;3,26,19,20,14,21,28,4,10;4,27,21,22,5;0,5,22,23,24
torus1617 30 1,8,7,6,5,29,23,24;0,24,25,26,2,8;1,26,3,9,8;2,26,13,27,10,9;5,11,10,28,29;0,6,11,4,29;0,7,12,11,5;0,8,9,14,13,12,6;0,1,2,9,7;2,3,10,16,15,14,7,8;3,27,28,4,11,12,17,16,9;4,5,6,12,10;6,7,13,19,18,17,10,11;3,26,19,12,7,14,20,27;7,9,15,21,20,13;9,16,22,21,14;9,10,17,23,22,15;10,12,18,23,16;12,19,25,24,23,17;12,13,26,25,18;13,14,21,28,27;14,15,22,28,20;15,16,23,28,21;0,29,28,22,16,17,18,24;0,23,18,25,1;1,24,18,19,26;1,25,19,13,3,2;3,13,20,28,10;4,10,27,20,21,22,23,29;0,5,4,28,23
torus1618 30 5,11,13,6,24,23,29;2,25,24,7,8;1,8,15,9,3,4,27,26,25;2,9,10,11,4;2,3,11,5,28,27;0,29,28,4,11;0,13,14,7,24;1,24,6,14,8;1,7,14,15,2;2,15,16,10,3;3,9,16,17,12,11;0,5,4,3,10,12,13;10,17,18,19,15,13,11;0,11,12,15,14,6;6,13,15,8,7;2,8,14,13,12,19,20,21,22,23,16,9;9,15,23,17,10;10,16,23,18,12;12,17,23,25,19;12,18,25,20,15;15,19,25,26,21;15,20,26,27,28,22;15,21,28,29,23;0,24,25,18,17,16,15,22,29;0,6,7,1,25,23;1,2,26,20,19,18,23,24;2,27,21,20,25;2,4,28,21,26;4,5,29,22,21,27;0,23,22,28,5
torus1619 30 5,6,7,24,23,29;2,25,18,24,7,8;1,8,15,22,9,25;4,25,9,10,11;3,11,6,5,28,27,25;0,29,28,4,6;0,5,4,11,7;0,6,11,13,14,8,1,24;1,7,14,15,2;2,22,10,3,25;3,9,22,16,11;3,10,16,17,12,13,7,6,4;11,17,18,19,13;7,11,12,19,26,20,21,14;7,13,21,15,8;2,8,14,21,22;10,22,23,17,11;11,16,23,18,12;1,25,19,12,17,23,24;12,18,25,26,13;13,26,27,28,22,21;13,20,22,15,14;2,15,21,20,28,29,23,16,10,9;0,24,18,17,16,22,29;0,7,1,18,23;1,2,9,3,4,27,26,19,18;13,19,25,27,20;4,28,20,26,25;4,5,29,22,20,27;0,23,22,28,5
torus1620 30 1,7,6,29,24;0,24,18,25,2,8,7;1,25,26,3,9,14,8;2,26,4,10,9;3,26,27,28,5,10;4,28,29,11,10;0,7,13,11,29;0,1,8,13,6;1,2,14,13,7;2,3,10,15,21,20,14;3,4,5,11,17,16,15,9;5,29,6,13,20,17,10;17,20,19,18,23;6,7,8,14,20,11;2,9,20,13,8;9,10,16,22,27,21;10,17,23,22,15;10,11,20,12,23,16;1,24,23,12,19,25;12,20,26,25,18;9,21,26,19,12,17,11,13,14;9,15,27,26,20;15,16,23,28,27;12,18,24,29,28,22,16,17;0,29,23,18,1;1,18,19,26,2;2,25,19,20,21,27,4,3;4,26,21,15,22,28;4,27,22,23,29,5;0,6,11,5,28,23,24
torus1621 30 1,7,6,5,28,29,24;0,24,18,25,2,8,7;1,25,26,9,8;4,10,9,20,13,14,27;3,27,28,5,11,17,10;0,6,11,4,28;0,7,12,11,5;0,1,8,15,21,14,13,12,6;1,2,9,10,15,7;2,26,20,3,10,8;3,4,17,15,8,9;4,5,6,12,17;6,7,13,17,11;3,20,19,18,17,12,7,14;3,13,7,21,27;7,8,10,17,16,22,21;15,17,18,23,22;4,11,12,13,18,16,15,10;1,24,23,16,17,13,19,25;13,20,26,25,18;3,9,26,19,13;7,15,22,29,28,27,14;15,16,23,29,21;16,18,24,29,22;0,29,23,18,1;1,18,19,26,2;2,25,19,20,9;3,14,21,28,4;0,5,4,27,21,29;0,28,21,22,23,24
torus1622 30 1,7,14,13,6,5,29,24;0,24,2,9,8,7;1,24,25,3,9;2,25,26,27,10,9;5,11,18,10,27,21;0,6,11,4,21,29;0,13,12,11,5;0,1,8,15,14;1,9,16,15,7;1,2,3,10,16,8;3,27,4,18,17,16,9;4,5,6,12,18;6,13,20,19,25,18,11;0,14,20,12,6;0,7,15,21,20,13;7,8,16,28,21,14;8,9,10,17,22,28,15;10,18,23,22,16;4,11,12,25,24,23,17,10;12,20,21,26,25;12,13,14,21,19;4,27,26,19,20,14,15,28,29,5;16,17,23,29,28;17,18,24,29,22;0,29,23,18,25,2,1;2,24,18,12,19,26,3;3,25,19,21,27;3,26,21,4,10;15,16,22,29,21;0,5,21,28,22,23,24
torus1623 30 1,7,6,5,29;0,29,24,25,7;7,25,19,26,9,8;4,10,16,26,27;3,27,5,6,10;0,6,4,27,28,29;0,7,13,11,10,4,5;0,1,25,2,8,14,21,20,13,6;2,9,15,14,7;2,26,16,15,8;3,4,6,11,17,16;6,13,12,17,10;11,13,19,18,17;6,7,20,26,19,12,11;7,8,15,22,21;8,9,16,22,14;3,10,17,22,15,9,26;10,11,12,18,23,22,16;12,19,25,24,23,17;2,25,18,12,13,26;7,21,27,26,13;7,14,22,28,27,20;14,15,16,17,23,28,21;17,18,24,28,22;1,29,28,23,18,25;1,24,18,19,2,7;2,19,13,20,27,3,16,9;3,26,20,21,28,5,4;5,27,21,22,23,24,29;0,5,28,24,1
torus1624 30 1,7,6,11,5,29,23,25;0,25,2,8,7;1,25,26,3,8;2,26,27,28,5,4,9,8;3,5,11,10,9;0,11,4,3,28,29;0,7,13,12,17,11;0,1,8,13,6;1,2,3,9,16,15,14,13,7;3,4,10,16,8;4,11,17,16,9;0,6,17,10,4,5;6,13,20,19,18,17;6,7,8,14,20,12;8,15,21,20,13;8,16,22,21,14;8,9,10,17,23,22,15;6,12,18,23,16,10,11;12,19,24,23,17;12,20,26,24,18;12,13,14,21,27,26,19;14,15,22,28,27,20;15,16,23,29,28,21;0,29,22,16,17,18,24,25;18,19,26,25,23;0,23,24,26,2,1;2,25,24,19,20,27,3;3,26,20,21,28;3,27,21,22,29,5;0,5,28,22,23
torus1625 30 1,6,11,5,24;0,24,25,19,2,9,8,7,6;1,19,26,3,10,16,9;2,26,27,4,10;3,27,11,17,10;0,11,27,28,29,23,24;0,1,7,13,11;1,8,14,13,6;1,9,15,21,14,7;1,2,16,15,8;2,3,4,17,16;0,6,13,12,17,4,27,5;11,13,14,18,17;6,7,14,12,11;7,8,21,20,19,18,12,13;8,9,16,22,21;2,10,17,23,29,22,15,9;4,11,12,18,25,23,16,10;12,14,19,25,17;1,25,18,14,20,26,2;14,21,27,26,19;8,15,22,28,27,20,14;15,16,29,28,21;5,29,16,17,25,24;0,5,23,25,1;1,24,23,17,18,19;2,19,20,27,3;3,26,20,21,28,5,11,4;5,27,21,22,29;5,28,22,16,23
torus1626 30 1,7,6,5,29;0,29,24,18,25,2,7;1,25,26,9,8,14,7;4,10,26,27,28;3,28,22,24,29,5,11,17,10;0,6,11,4,29;0,7,14,13,19,12,18,11,5;0,1,2,14,6;2,9,16,15,14;2,26,10,16,8;3,4,17,16,9,26;4,5,6,18,17;6,19,26,25,18;6,14,21,20,19;2,8,15,21,13,6,7;8,16,28,21,14;8,9,10,17,23,22,28,15;4,11,18,23,16,10;1,24,23,17,11,6,12,25;6,13,20,26,12;13,21,27,26,19;13,14,15,28,27,20;4,28,16,23,24;16,17,18,24,22;1,29,4,22,23,18;1,18,12,26,2;2,25,12,19,20,27,3,10,9;3,26,20,21,28;3,27,21,15,16,22,4;0,5,4,24,1
torus1627 30 1,5,28,29,24;0,24,25,26,2,8,7,6,5;1,26,27,3,9,8;2,27,4,10,9;3,27,15,22,28,5,6,11,10;0,1,6,4,28;1,7,13,12,17,11,4,5;1,8,16,14,13,6;1,2,9,16,7;2,3,10,16,8;3,4,11,16,9;4,6,17,16,10;6,13,19,18,17;6,7,14,20,19,12;7,16,22,15,21,20,13;4,27,21,14,22;7,8,9,10,11,17,23,22,14;6,12,18,24,23,16,11;12,19,25,24,17;12,13,20,26,25,18;13,14,21,26,19;14,15,27,26,20;4,15,14,16,23,29,28;16,17,24,29,22;0,29,23,17,18,25,1;1,24,18,19,26;1,25,19,20,21,27,2;2,26,21,15,4,3;0,5,4,22,29;0,28,22,23,24
torus1628 30 1,7,6,5,24;0,24,23,25,2,14,7;1,25,3,9,8,14;2,25,26,27,28,29,5,4,10,9;3,5,11,17,10;0,6,11,4,3,29,24;0,7,13,11,5;0,1,14,20,13,6;2,9,16,15,14;2,3,10,16,8;3,4,17,16,9;4,5,6,13,12,17;11,13,19,18,17;6,7,20,19,12,11;1,2,8,15,21,20,7;8,16,22,28,21,14;8,9,10,17,22,15;4,11,12,18,23,22,16,10;12,19,25,23,17;12,13,20,26,25,18;7,14,21,27,26,19,13;14,15,28,27,20;15,16,17,23,29,28;1,24,29,22,17,18,25;0,5,29,23,1;1,23,18,19,26,3,2;3,25,19,20,27;3,26,20,21,28;3,27,21,15,22,29;3,28,22,23,24,5
torus1629 30 1,8,7,13,20,19,12,6,24,25;0,25,26,2,8;1,26,3,9,8;2,26,27,29,4,10,16,9;3,29,5,11,10;4,29,6,12,11;0,12,5,29,24;0,8,9,16,13;0,1,2,9,7;2,3,16,7,8;3,4,11,17,16;4,5,12,17,10;0,19,17,11,5,6;0,7,16,14,20;13,16,15,21,20;14,16,17,23,22,21;3,10,17,15,14,13,7,9;10,11,12,19,26,23,15,16;23,26,25,24,29;0,20,26,17,12;0,13,14,21,28,27,26,19;14,15,22,28,20;15,23,29,28,21;15,17,26,18,29,22;0,6,29,18,25;0,24,18,26,1;1,25,18,23,17,19,20,27,3,2;3,26,20,28,29;20,21,22,29,27;3,27,28,22,23,18,24,6,5,4
torus1630 30 1,7,5,29,23;0,23,25,2,7;1,25,3,9,16,7;2,25,27,10,9;5,11,10,28,29;0,7,6,11,4,29;5,7,26,12,11;0,1,2,16,8,26,6,5;7,16,14,25,26;2,3,10,17,16;3,27,20,21,28,4,11,12,13,19,17,9;4,5,6,12,10;6,26,13,10,11;10,12,26,25,24,19;8,16,15,20,27,25;14,16,22,21,20;2,9,17,18,29,22,15,14,8,7;9,10,19,18,16;16,17,19,24,29;10,13,24,18,17;10,27,14,15,21;10,20,15,22,28;15,16,29,28,21;0,29,24,25,1;13,25,23,29,18,19;1,23,24,13,26,8,14,27,3,2;6,7,8,25,13,12;3,25,14,20,10;4,10,21,22,29;0,5,4,28,22,16,18,24,23
torus1631 30 1,7,6,5,29;0,29,24,22,15,23,25,7;7,25,26,10,9;4,10,26,20,11;3,11,12,17,23,16,10;0,6,12,11,27,28,18,29;0,7,13,12,5;0,1,25,2,9,8,14,13,6;7,9,15,22,14;2,10,16,15,8,7;2,26,3,4,16,9;3,20,27,5,12,4;4,11,5,6,13,19,17;6,7,14,19,12;7,8,22,24,18,28,21,26,19,13;1,22,8,9,16,23;4,23,15,9,10;4,12,19,26,23;5,28,14,24,29;12,13,14,26,17;3,26,21,27,11;14,28,27,20,26;1,24,14,8,15;1,15,16,4,17,26,25;1,29,18,14,22;1,23,26,2,7;2,25,23,17,19,14,21,20,3,10;5,11,20,21,28;5,27,21,14,18;0,5,18,24,1
torus1632 30 1,5,7,2,25;0,25,24,29,5;0,7,8,15,9,3,25;2,9,16,17,10,4,27,6,26,25;3,10,22,15,27;0,1,29,28,22,10,11,6,20,14,7;3,27,20,5,11,12,13,26;0,5,14,8,2;2,7,14,21,15;2,15,22,16,3;3,17,11,5,22,4;5,10,17,12,6;6,11,17,16,13;6,12,16,19,26;5,20,21,8,7;2,8,21,27,4,22,9;3,9,22,28,23,18,19,13,12,17;3,16,12,11,10;16,23,24,25,19;13,16,18,25,26;5,6,27,21,14;8,14,20,27,15;4,10,5,28,16,9,15;16,28,29,24,18;1,25,18,23,29;0,2,3,26,19,18,24,1;3,6,13,19,25;3,4,15,21,20,6;5,29,23,16,22;1,24,23,28,5
torus1633 30 2,8,7,6,29;2,20,22,21,8;0,29,24,20,1,8;6,10,9,25,26,11;5,11,26,27,28;4,28,22,23,24,29,6,11;0,7,13,19,12,17,10,3,11,5,29;0,8,14,13,6;0,2,1,21,25,9,16,23,15,14,7;3,10,16,8,25;3,6,17,16,9;3,26,4,5,6;6,19,18,23,17;6,7,14,20,19;7,8,15,20,13;8,23,22,20,14;8,9,10,17,23;6,12,23,16,10;12,19,20,24,23;6,13,20,18,12;1,2,24,18,19,13,14,15,22;1,22,28,27,25,8;1,20,15,23,5,28,21;5,22,15,8,16,17,12,18,24;2,29,5,23,18,20;3,9,8,21,27,26;3,25,27,4,11;4,26,25,21,28;4,27,21,22,5;0,6,5,24,2
torus1634 30 1,5,6,13,7;0,7,8,15,9,24,28,5;9,19,25,17,23,24;4,28,27,26,9,10,18;3,18,11,29,28;0,1,28,29,6;0,5,29,11,12,13;0,13,14,8,1;1,7,14,21,15;1,15,16,10,3,26,20,12,19,2,24;3,9,16,17,25,18;4,18,12,6,29;6,11,18,19,9,20,13;0,6,12,20,14,7;7,13,20,21,8;1,8,21,16,9;9,15,21,17,10;2,25,10,16,21,22,23;3,10,25,19,12,11,4;2,9,12,18,25;9,26,21,14,13,12;8,14,20,26,27,22,17,16,15;17,21,27,28,23;2,17,22,28,24;1,9,2,23,28;2,19,18,10,17;3,27,21,20,9;3,28,22,21,26;1,24,23,22,27,3,4,29,5;4,11,6,5,28
torus1635 30 1,7,5,29,25;0,25,2,8,7;1,25,26,3,8;2,26,4,11,10,9,8;3,26,27,28,5,7,14,6,11;0,7,4,28,29;4,14,25,12,11;0,1,8,9,16,13,14,4,5;1,2,3,9,7;3,10,16,7,8;3,11,12,17,16,9;3,4,6,12,10;6,25,18,17,10,11;7,16,22,15,20,19,14;4,7,13,19,25,6;13,22,24,21,20;7,9,10,17,23,22,13;10,12,18,23,16;12,25,24,23,17;13,20,26,25,14;13,15,21,26,19;15,24,27,26,20;13,16,23,24,15;16,17,18,24,22;15,22,23,18,25,29,28,27,21;0,29,24,18,12,6,14,19,26,2,1;2,25,19,20,21,27,4,3;4,26,21,24,28;4,27,24,29,5;0,5,28,24,25
torus1636 30 1,12,21,29,25;0,25,26,8,12;3,10,9,8,26;2,26,27,4,10;3,27,28,5,10;4,28,6,11,10;5,28,21,12,11;8,15,14,13,12;1,26,2,9,15,7,12;2,10,16,15,8;2,3,4,5,11,17,23,22,16,9;5,6,12,17,10;0,1,8,7,13,19,18,17,11,6,21;7,14,20,19,12;7,15,21,20,13;7,8,9,16,21,14;9,10,22,29,21,15;10,11,12,18,23;12,19,26,24,23,17;12,13,20,26,18;13,14,21,26,19;0,12,6,28,27,26,20,14,15,16,29;10,23,24,25,29,16;10,17,18,24,22;18,26,25,22,23;0,29,22,24,26,1;1,25,24,18,19,20,21,27,3,2,8;3,26,21,28,4;4,27,21,6,5;0,21,16,22,25
torus1637 30 5,6,7,24,29;2,3,24,7,8;1,8,9,16,10,11,4,3;1,2,4,19,24;2,11,6,5,28,19,3;0,29,23,28,4,6;0,5,4,11,7;0,6,11,12,8,1,24;1,7,12,14,21,15,9,2;2,8,15,22,16;2,16,17,12,11;2,10,12,7,6,4;7,11,10,17,18,19,13,14,8;12,19,26,20,14;8,12,13,20,21;8,21,27,22,9;2,9,22,23,17,10;10,16,23,18,12;12,17,23,25,19;3,4,28,26,13,12,18,25,24;13,26,27,21,14;8,14,20,27,15;9,15,27,23,16;5,29,25,18,17,16,22,27,28;0,7,1,3,19,25,29;18,23,29,24,19;13,19,28,27,20;15,21,20,26,28,23,22;4,5,23,27,26,19;0,24,25,23,5
torus1638 30 6,8,7,12,11;2,9,14,8,6,5,29,23,25;1,25,26,3,9;2,26,20,21,27,28,4,9;3,28,5,11,9;1,6,11,4,28,29;0,11,5,1,8;0,8,14,21,13,12;0,6,1,14,7;1,2,3,4,11,14;11,18,16,15,14;0,12,24,18,10,14,9,4,5,6;0,7,13,23,24,11;7,21,20,19,23,12;1,9,11,10,15,21,7,8;10,16,22,21,14;10,18,17,29,22,15;16,18,24,23,29;10,11,24,17,16;13,20,26,25,23;3,26,19,13,21;3,20,13,7,14,15,22,27;15,16,29,27,21;1,29,17,24,12,13,19,25;11,12,23,17,18;1,23,19,26,2;2,25,19,20,3;3,21,22,29,28;3,27,29,5,4;1,5,28,27,22,16,17,23
torus1639 30 1,7,15,14,13,6,11,16,5,29;0,29,25,2,7;1,25,21,10,22,27,26,8,7;4,9,26,27,28;3,28,5,10,9;0,16,10,4,28,29;0,13,19,12,11;0,1,2,8,15;2,26,9,15,7;3,4,10,20,15,8,26;2,21,20,9,4,5,16,22;0,6,12,17,16;6,19,18,17,11;0,14,21,24,19,6;0,15,20,21,13;0,7,8,9,20,14;0,11,17,23,22,10,5;11,12,18,23,16;12,19,29,28,23,17;6,13,24,29,18,12;9,10,21,14,15;2,25,24,13,14,20,10;2,10,16,23,28,27;16,17,18,28,22;13,21,25,29,19;1,29,24,21,2;2,27,3,9,8;2,22,28,3,26;3,27,22,23,18,29,5,4;0,5,28,18,19,24,25,1
torus1640 30 5,7,8,24,29;2,3,4,25,24,8,14;1,14,15,9,3;1,2,9,10,4;1,3,10,11,5,23,22,21,25;0,29,16,23,4,11,12,18,6,7;5,18,19,13,7;0,5,6,13,14,8;0,7,14,1,24;2,15,22,23,16,17,10,3;3,9,17,11,4;4,10,17,12,5;5,11,17,25,18;6,19,20,14,7;1,8,7,13,20,27,21,15,2;2,14,21,22,9;5,29,25,17,9,23;9,16,25,12,11,10;5,12,25,28,26,19,6;6,18,26,20,13;13,19,26,27,14;4,22,15,14,27,28,25;4,23,9,15,21;4,5,16,9,22;0,8,1,25,29;1,4,21,28,18,12,17,16,29,24;18,28,27,20,19;14,20,26,28,21;18,25,21,27,26;0,24,25,16,5
torus1641 30 5,6,7,22,23;8,18,24,22,14;3,26,25,18,8,21,9,10;2,10,28,27,26;5,29,10,11,6;0,23,29,4,6;0,5,4,11,13,7;0,6,13,19,20,14,22;1,14,20,27,21,2,18;2,21,15,16,10;2,9,16,24,17,12,11,4,29,28,3;4,10,12,13,6;10,17,19,13,11;6,11,12,19,7;1,22,7,20,8;9,21,27,28,22,16;9,15,22,24,10;10,24,18,19,12;1,8,2,25,19,17,24;7,13,12,17,18,25,20;7,19,25,26,27,8,14;2,8,27,15,9;0,7,14,1,24,16,15,28,23;0,22,28,29,5;1,18,17,10,16,22;2,26,20,19,18;2,3,27,20,25;3,28,15,21,8,20,26;3,10,29,23,22,15,27;4,5,23,28,10
torus1642 30 1,7,6,29,24;0,24,25,26,10,3,2,7;1,3,15,8,7;1,10,9,15,2;5,11,16,27,28;4,28,29,6,11;0,7,8,14,13,12,17,11,5,29;0,1,2,8,6;2,15,14,6,7;3,10,21,28,27,23,22,15;1,26,21,9,3;4,5,6,17,16;6,13,19,23,17;6,14,25,19,12;6,8,15,20,25,13;2,3,9,22,20,14,8;4,11,17,23,27;6,12,23,16,11;19,25,24,29,23;12,13,25,18,23;14,15,22,29,28,21,26,25;9,10,26,20,28;9,23,29,20,15;9,27,16,17,12,19,18,29,22;0,29,18,25,1;1,24,18,19,13,14,20,26;1,25,20,21,10;4,16,23,9,28;4,27,9,21,20,29,5;0,6,5,28,20,22,23,18,24
torus1643 30 5,6,24,23,29,28;5,13,14,7,8,9,25,6;3,24,25,9,10;2,10,17,11,4,26,24;3,11,5,27,26;0,28,27,4,11,12,13,1,6;0,5,1,25,24;1,14,28,15,8;1,7,15,10,9;1,8,10,2,25;2,9,8,15,16,17,3;3,17,18,12,5,4;5,11,18,19,13;1,5,12,19,20,14;1,13,20,21,28,7;7,28,29,22,16,10,8;10,15,22,18,17;3,10,16,18,11;11,17,16,22,23,26,19,12;12,18,26,20,13;13,19,26,21,14;14,20,26,27,28;15,29,23,18,16;0,24,26,18,22,29;0,6,25,2,3,26,23;1,9,2,24,6;3,4,27,21,20,19,18,23,24;4,5,28,21,26;0,29,15,7,14,21,27,5;0,23,22,15,28
torus1644 30 1,8,13,6,5,29;0,29,24,2,8;1,24,25,19,26,27,9,8;4,9,27,28,29;3,29,5,11,18,25,17,10,9;0,6,11,4,29;0,13,12,11,5;9,14,21,20,13;0,1,2,9,13;2,27,3,4,10,15,14,7,13,8;4,17,16,15,9;4,5,6,12,18;6,13,19,18,11;0,8,9,7,20,19,12,6;7,9,15,22,21;9,10,16,29,22,14;10,17,23,29,15;4,25,23,16,10;4,11,12,19,25;2,25,18,12,13,20,26;7,21,26,19,13;7,14,22,28,27,26,20;14,15,29,28,21;16,17,25,24,29;1,29,23,25,2;2,24,23,17,4,18,19;2,19,20,21,27;2,26,21,28,3,9;3,27,21,22,29;0,5,4,3,28,22,15,16,23,24,1
torus1645 30 5,6,13,25,26,18,21;7,8,25,14,15;3,20,19,26,25,8,17,9;2,9,10,27,20;5,21,27,10,11;0,21,4,11,6;0,5,11,12,19,13;1,15,23,16,17,8;1,7,17,2,25;2,17,11,10,3;3,9,11,4,27;4,10,9,17,12,6,5;6,11,17,18,19;0,6,19,14,25;1,25,13,19,28,22,15;1,14,22,29,23,7;7,23,24,18,17;2,8,7,16,18,12,11,9;0,26,19,12,17,16,24,21;2,20,28,14,13,6,12,18,26;2,3,27,21,28,19;0,18,24,29,22,28,20,27,4,5;14,28,21,29,15;7,15,29,24,16;16,23,29,21,18;0,13,14,1,8,2,26;0,25,2,19,18;3,10,4,21,20;14,19,20,21,22;15,22,21,24,23
torus1646 30 5,12,16,22,29;2,25,24,6,7;1,7,8,23,9,3,26,19,25;2,9,10,4,27,26;3,10,11,5,27;0,29,27,4,11,12;1,24,13,14,7;1,6,14,8,2;2,7,14,15,23;2,23,18,17,10,3;3,9,17,11,4;4,10,17,12,5;0,5,11,17,16;6,24,16,17,14;6,13,17,28,21,15,8,7;8,14,21,16,24,18,23;0,12,17,13,24,15,21,22;9,18,28,14,13,16,12,11,10;9,23,15,24,25,19,20,28,17;2,26,20,18,25;18,19,26,27,28;14,28,22,16,15;0,16,21,28,29;2,8,15,18,9;1,25,18,15,16,13,6;1,2,19,18,24;2,3,27,20,19;3,4,5,29,28,20,26;14,17,18,20,27,29,22,21;0,22,28,27,5
torus1647 30 1,7,12,5,29;0,29,24,8,7;8,24,23,25,26;9,15,14,26,10;6,22,23,24,28;0,12,6,28,29;4,28,5,12,27,19,11,22;0,1,8,13,12;1,24,2,26,14,13,7;3,10,16,23,15;3,26,27,21,22,11,17,16,9;6,19,17,10,22;0,7,13,20,27,6,5;7,8,14,15,20,12;3,15,13,8,26;3,9,23,22,21,20,13,14;9,10,17,18,23;10,11,19,18,16;16,17,19,25,23;6,27,26,25,18,17,11;12,13,15,21,27;10,27,20,15,22;4,6,11,10,21,15,23;2,24,4,22,15,9,16,18,25;1,29,28,4,23,2,8;2,23,18,19,26;2,25,19,27,10,3,14,8;6,12,20,21,10,26,19;4,24,29,5,6;0,5,28,24,1
torus1648 30 1,2,24,29,28;0,28,5,6,7,8,16,2;0,1,16,15,21,22,3,4,26,13,25,24;2,22,29,10,4;2,3,10,17,11,6,5,27,26;1,28,27,4,6;1,5,4,11,19,13,7;1,6,13,14,8;1,7,14,9,16;8,14,26,20,15,16;3,29,23,17,4;4,17,12,19,6;11,17,23,18,19;2,26,14,7,6,19,25;7,13,26,9,8;2,16,9,20,21;1,8,9,15,2;4,10,23,12,11;12,23,29,24,25,19;6,11,12,18,25,13;9,26,27,28,21,15;2,15,20,28,22;2,21,28,29,3;10,29,18,12,17;0,2,25,18,29;2,13,19,18,24;2,4,27,20,9,14,13;4,5,28,20,26;0,29,22,21,20,27,5,1;0,24,18,23,10,3,22,28
torus1649 30 5,6,7,24,29;2,25,24,7,8;1,8,15,19,25;10,14,15,20,26;5,28,27,10,11;0,29,22,28,4,11,6;0,5,11,8,7;0,6,8,1,24;1,7,6,11,20,15,2;12,17,15,14,21,22,26,13;3,26,22,16,23,17,12,11,4,27,14;4,10,12,13,20,8,6,5;9,13,11,10,17;9,26,20,11,12;3,10,27,21,9,15;2,8,20,3,14,9,17,19;10,22,29,24,23;9,12,10,23,18,19,15;17,23,24,25,19;2,15,17,18,25;3,15,8,11,13,26;9,14,27,28,22;5,29,16,10,26,9,21,28;10,16,24,18,17;0,7,1,25,18,23,16,29;1,2,19,18,24;3,20,13,9,22,10;4,28,21,14,10;4,5,22,21,27;0,24,16,22,5
torus1650 30 1,8,7,5,29;0,29,27,21,8;8,21,25,26,9;4,16,9,26,19,20,29,5;3,5,11,10,23,16;0,7,11,4,3,29;7,13,12,24,17,10,11;0,8,14,13,6,11,5;0,1,21,2,9,15,14,7;2,26,3,16,22,15,8;4,11,6,17,23;4,5,7,6,10;6,13,20,19,24;6,7,14,20,12;7,8,15,20,13;8,9,22,27,29,20,14;3,4,23,22,9;6,24,18,23,10;17,24,28,22,23;3,26,24,12,20;3,19,12,13,14,15,29;1,27,22,28,25,2,8;9,16,23,18,28,21,27,15;4,10,17,18,22,16;6,12,19,26,25,28,18,17;2,21,28,24,26;2,25,24,19,3,9;1,29,15,22,21;18,24,25,21,22;0,5,3,20,15,27,1
torus1651 30 1,6,11,5,24;0,24,8,7,6;3,9,16,24,12,26;2,26,19,27,4,10,9;3,27,28,11,10;0,11,28,29,24;0,1,7,13,11;1,8,14,13,6;1,24,16,15,14,7;2,3,10,17,16;3,4,11,17,9;0,6,13,25,12,18,17,10,4,28,5;2,24,29,20,23,18,11,25,26;6,7,14,21,27,19,25,11;7,8,15,21,13;8,16,22,21,14;2,9,17,18,23,22,15,8,24;9,10,11,18,16;11,12,23,16,17;3,26,25,13,27;12,29,28,27,21,22,23;13,14,15,22,20,27;15,16,23,20,21;12,20,22,16,18;0,5,29,12,2,16,8,1;11,13,19,26,12;2,12,25,19,3;3,19,13,21,20,28,4;4,27,20,29,5,11;5,28,20,12,24
torus1652 30 1,7,4,6,29,24;0,24,25,8,7;3,9,15,8,25,19;2,19,6,4,9;0,7,12,5,10,9,3,6;4,12,13,11,10;0,4,3,19,26,27,28,29;0,1,8,12,4;1,25,2,15,14,13,12,7;2,3,4,10,15;4,5,11,15,9;5,13,17,15,10;4,7,8,13,5;5,12,8,14,20,26,19,17,11;8,15,21,20,13;2,9,10,11,17,16,29,28,21,14,8;15,17,18,22,29;11,13,19,18,16,15;16,17,19,23,22;2,25,23,18,17,13,26,6,3;13,14,21,27,26;14,15,28,27,20;16,18,23,24,29;18,19,25,24,22;0,29,22,23,25,1;1,24,23,19,2,8;6,19,13,20,27;6,26,20,21,28;6,27,21,15,29;0,6,28,15,16,22,24
torus1653 30 1,11,5,29,24;0,24,25,26,7,16,22,9,10,11;3,9,15,8,26;2,26,4,10,9;3,26,27,5,11,10;0,11,4,27,29;7,20,13,12,28,17;1,26,8,14,20,6,17,16;2,15,14,7,26;1,22,21,15,2,3,10;1,9,3,4,11;0,1,10,4,5;6,13,26,19,28;6,20,21,26,12;7,8,15,21,20;2,9,21,14,8;1,7,17,23,22;6,28,23,16,7;19,25,24,29,28;12,26,25,18,28;6,7,14,21,13;9,22,23,28,29,27,26,13,20,14,15;1,16,23,21,9;16,17,28,21,22;0,29,18,25,1;1,24,18,19,26;1,25,19,12,13,21,27,4,3,2,8,7;4,26,21,29,5;6,12,19,18,29,21,23,17;0,5,27,21,28,18,24
torus1654 30 5,12,19,6,29;2,25,24,18,8,9;1,9,10,3,25;2,10,4,29,27,25;3,10,11,5,29;0,29,4,11,12;0,19,24,25,13,29;13,26,14,18,24,23,29;1,18,14,20,9;1,8,20,15,10,2;2,9,15,22,16,23,24,17,11,4,3;4,10,17,12,5;0,5,11,17,19;6,25,26,7,29;7,26,20,8,18;9,20,21,22,10;10,22,28,29,23;10,24,19,12,11;1,24,7,14,8;0,12,17,24,6;8,14,26,25,27,21,15,9;15,20,27,28,22;10,15,21,28,16;7,24,10,16,29;1,25,6,19,17,10,23,7,18;1,2,3,27,20,26,13,6,24;7,13,25,20,14;3,29,28,21,20,25;16,22,21,27,29;0,6,13,7,23,16,28,27,3,4,5
torus1655 30 1,2,9,26,24,29,28,7,8;0,8,21,15,23,2;0,1,23,22,9;4,27,26,9,10;3,10,5,28,27;4,10,11,6,28;5,11,20,14,7,28;0,28,6,14,8;0,7,14,21,1;0,2,22,10,3,26;3,9,22,16,17,11,5,4;5,10,17,12,20,6;11,17,15,13,20;12,15,18,19,20;6,20,21,8,7;1,21,28,18,13,12,17,16,23;10,22,23,15,17;10,16,15,12,11;13,15,28,29,25,19;13,18,25,21,20;6,11,12,13,19,21,14;1,8,14,20,19,25,24,26,27,28,15;2,23,16,10,9;1,15,16,22,2;0,26,21,25,29;18,29,24,21,19;0,9,3,27,21,24;3,4,28,21,26;0,29,18,15,21,27,4,5,6,7;0,24,25,18,28
torus1656 30 1,7,6,5,23;0,23,24,13,7;3,9,8,25,26;2,26,21,27,4,10,16,9;3,27,28,11,10;0,6,11,22,23;0,7,19,11,5;0,1,13,14,19,6;2,9,15,14,13,24,25;2,3,16,15,8;3,4,11,17,16;4,28,22,5,6,19,21,26,12,17,10;11,26,18,15,17;1,24,8,14,7;7,13,8,15,29,19;8,9,16,17,12,18,23,29,14;3,10,17,15,9;10,11,12,15,16;12,26,25,23,15;6,7,14,29,21,11;21,29,22,28,27;3,26,11,19,29,20,27;5,11,28,20,29,23;0,5,22,29,15,18,25,24,1;1,23,25,8,13;2,8,24,23,18,26;2,25,18,12,11,21,3;3,21,20,28,4;4,27,20,22,11;14,15,23,22,20,21,19
torus1657 30 4,7,24,18,17,29;2,26,25,24,7;1,7,8,9,26;4,27,26,17,10;0,29,28,21,27,3,10,5,7;4,10,11,6,7;5,11,12,19,7;0,4,5,6,19,13,8,2,1,24;2,7,13,14,15,9;2,8,15,16,26;3,17,11,5,4;5,10,17,12,6;6,11,17,18,19;7,19,20,14,8;8,13,20,21,15;8,14,21,16,9;9,15,21,22,26;0,18,12,11,10,3,26,23,29;0,24,25,19,12,17;6,12,18,25,26,27,20,13,7;13,19,27,21,14;4,28,22,16,15,14,20,27;16,21,28,23,26;17,26,22,28,29;0,7,1,25,18;1,26,19,18,24;1,2,9,16,22,23,17,3,27,19,25;3,4,21,20,19,26;4,29,23,22,21;0,17,23,28,4
torus1658 30 1,7,6,18,25;0,25,26,4,7;3,20,9,12,10,4,26;2,26,19,13,20;1,26,2,10,27,28,11,7;6,11,28,29,24;0,7,11,5,24,18;0,1,4,11,6;9,15,21,14,12;2,20,16,15,8,12;2,12,17,27,4;4,28,5,6,7;2,9,8,14,13,19,17,10;3,19,12,14,20;8,21,20,13,12;8,9,16,23,27,21;9,20,17,22,23,15;10,12,19,22,16,20,27;0,6,24,23,22,19,25;3,26,25,18,22,17,12,13;2,3,13,14,21,27,17,16,9;8,15,27,20,14;16,17,19,18,23;15,16,22,18,24,29,27;5,29,23,18,6;0,18,19,26,1;1,25,19,3,2,4;4,10,17,20,21,15,23,29,28;4,27,29,5,11;5,28,27,23,24
torus1659 30 7,11,29,23,24;8,24,18,25,26;6,7,24,8,21,14;4,10,26,20,27;3,27,5,11,10;4,27,28,29,11;2,14,13,12,7;0,24,2,6,12,11;1,26,9,15,21,2,24;8,26,10,16,15;3,4,11,12,18,24,23,17,16,9,26;0,7,12,10,4,5,29;6,13,19,18,10,11,7;6,14,20,19,12;2,21,20,13,6;8,9,16,20,21;9,10,17,22,20,15;10,23,29,22,16;1,24,10,12,19,25;12,13,20,25,18;3,26,25,19,13,14,21,15,16,22,28,27;2,8,15,20,14;16,17,29,28,20;0,29,17,10,24;0,23,10,18,1,8,2,7;1,18,19,20,26;1,25,20,3,10,9,8;3,20,28,5,4;5,27,20,22,29;0,11,5,28,22,17,23
torus1660 30 4,5,13,7,19,29;2,25,24,8,9,10;1,10,3,26,25;2,10,4,27,26;0,29,23,28,21,27,3,10,5;0,4,10,11,6,13;5,11,12,26,13;0,13,15,16,8,24,19;1,24,7,16,17,9;1,8,17,12,11,10;1,9,11,5,4,3,2;5,10,9,12,6;6,11,9,17,18,26;0,5,6,26,20,14,22,15,7;13,20,21,28,22;7,13,22,18,16;7,15,18,17,8;8,16,18,12,9;12,17,16,15,22,23,29,19,26;0,7,24,25,26,18,29;13,26,27,21,14;4,28,14,20,27;13,14,28,23,18,15;4,29,18,22,28;1,25,19,7,8;1,2,26,19,24;2,3,27,20,13,6,12,18,19,25;3,4,21,20,26;4,23,22,14,21;0,19,18,23,4
torus1661 30 1,7,6,5,29,23,24;0,24,26,8,15,28,10,3,4,7;3,9,16,8,27;1,10,9,2,27,4;1,3,27,14,7;0,6,12,11,29;0,7,13,12,5;0,1,4,14,13,6;1,26,19,12,20,27,2,16,15;2,3,10,22,16;1,28,11,12,22,9,3;5,12,10,28,21,29;5,6,13,20,8,19,18,17,22,10,11;6,7,14,20,12;4,27,20,13,7;1,8,16,22,21,28;2,9,22,15,8;12,18,23,29,22;12,19,25,23,17;8,26,25,18,12;8,12,13,14,27;11,28,15,22,29;9,10,12,17,29,21,15,16;0,29,17,18,25,24;0,23,25,26,1;18,19,26,24,23;1,24,25,19,8;2,8,20,14,4,3;1,15,21,11,10;0,5,11,21,22,17,23
torus1662 30 5,6,7,24,29;2,25,24,7,8;1,8,3,19,25;2,8,21,14,19;5,29,20,27,11;0,29,4,11,6;0,5,11,12,7;0,6,12,13,8,1,24;1,7,13,21,3,2;10,26,28,19,14;9,14,17,11,27,26;4,27,10,17,16,23,18,19,12,6,5;6,11,19,13,7;7,12,19,28,21,8;3,21,15,17,10,9,19;14,21,28,22,16,17;11,17,15,22,23;10,14,15,16,11;11,23,24,25,19;2,3,14,9,28,13,12,11,18,25;4,29,24,28,26,27;3,8,13,28,15,14;15,28,24,23,16;11,16,22,24,18;0,7,1,25,18,23,22,28,20,29;1,2,19,18,24;9,10,27,20,28;4,20,26,10,11;9,26,20,24,22,15,21,13,19;0,24,20,4,5
torus1663 30 5,6,7,24,29;2,18,24,7,8,15,23,16,9;1,9,3,12,18;2,9,10,26,12;6,21,11,23,13,7;0,29,28,21,6;0,5,21,4,7;0,6,4,13,14,8,1,24;1,7,14,21,15;1,16,10,3,2;3,9,16,17,27,26;4,21,27,17,23;2,3,26,25,13,23,22,28,29,18;4,23,12,25,20,14,7;7,13,20,21,8;1,8,21,22,23;1,23,17,10,9;10,16,23,11,27;1,2,12,29,24;20,25,26,27,21;13,25,19,21,14;4,6,5,28,22,15,8,14,20,19,27,11;12,23,15,21,28;1,15,22,12,13,4,11,17,16;0,7,1,18,29;12,26,19,20,13;3,10,27,19,25,12;10,17,11,21,19,26;5,29,12,22,21;0,24,18,12,28,5
torus1664 30 1,5,29,12,24;0,24,25,11,5;3,27,4,10,16,9,15,26,19,20,7;2,7,14,21,27;2,27,28,23,29,5,10;0,1,11,10,4,29;8,13,22,17,11;2,20,8,14,3;6,11,25,14,7,20,12,13;2,16,22,14,15;2,4,5,11,17,16;1,25,8,6,17,10,5;0,29,23,13,8,20,19,18,24;6,8,12,23,22;3,7,8,25,15,9,22,21;2,9,14,25,26;2,10,17,22,9;6,22,16,10,11;12,19,26,25,24;2,26,18,12,20;2,19,12,8,7;3,14,22,28,27;6,13,23,28,21,14,9,16,17;4,28,22,13,12,29;0,12,18,25,1;1,24,18,26,15,14,8,11;2,15,25,18,19;2,3,21,28,4;4,27,21,22,23;0,5,4,23,12
torus1665 30 5,13,14,7,29;2,24,17,23,29,7,8;1,8,9,3,26,25,24;2,9,16,20,26;5,29,27,20,6,18;0,29,4,18,13;4,20,10,11,18;0,14,8,1,29;1,7,14,15,9,2;2,8,15,16,3;6,20,16,23,11;6,10,23,17,18;13,18,24,25,19;0,5,18,12,19,20,21,15,14;0,13,15,8,7;8,14,13,21,22,16,9;3,9,15,22,23,10,20;1,24,18,11,23;4,6,11,17,24,12,13,5;12,25,26,20,13;3,16,10,6,4,27,28,21,13,19,26;13,20,28,22,15;15,21,28,23,16;1,17,11,10,16,22,28,27,29;1,2,25,12,18,17;2,26,19,12,24;2,3,20,19,25;4,29,23,28,20;20,27,23,22,21;0,7,1,23,27,4,5
torus1666 30 1,7,6,5,23;0,23,29,24,25,2,9,4,10,8,7;1,25,19,3,9;2,19,26,20,9;1,9,27,28,11,10;0,6,11,28,23;0,7,13,11,5;0,1,8,14,20,26,13,6;1,10,12,18,17,16,15,14,7;1,2,3,20,14,27,4;1,4,11,12,8;4,28,5,6,13,19,12,10;8,10,11,19,25,18;6,7,26,19,11;7,8,15,21,27,9,20;8,16,22,21,14;8,17,29,22,15;8,18,24,29,16;8,12,25,24,17;2,25,12,11,13,26,3;3,26,7,14,9;14,15,22,28,27;15,16,29,28,21;0,5,28,29,1;1,29,17,18,25;1,24,18,12,19,2;3,19,13,7,20;4,9,14,21,28;4,27,21,22,29,23,5,11;1,23,28,22,16,17,24
torus1667 30 1,7,5,29,24;0,24,25,8,7;9,25,26,20,10;4,11,16,10,20;3,20,21,27,28,5,11;0,7,13,6,17,11,4,28,29;5,13,12,23,17;0,1,8,16,15,14,13,5;1,25,9,16,7;2,10,16,8,25;2,20,3,16,9;3,4,5,17,16;6,13,19,18,23;5,7,14,20,26,19,12,6;7,15,21,20,13;7,16,23,21,14;3,11,17,23,15,7,8,9,10;5,6,23,16,11;12,19,25,22,23;12,13,26,25,18;2,26,13,14,21,4,3,10;4,20,14,15,23,27;18,25,24,29,28,27,23;6,12,18,22,27,21,15,16,17;0,29,22,25,1;1,24,22,18,19,26,2,9,8;2,25,19,13,20;4,21,23,22,28;4,27,22,29,5;0,5,28,22,24
torus1668 30 1,5,6,12,18,7;0,7,2,26,25,24,29,5;1,7,14,8,9,3,26;2,9,16,27,26;5,28,27,10,11;0,1,29,22,28,4,11,6;0,5,11,17,12;0,18,19,13,14,2,1;2,14,20,15,9;2,8,15,16,3;4,27,16,17,11;4,10,17,6,5;0,6,17,16,18;7,19,26,20,14;2,7,13,20,8;8,20,21,22,16,9;3,9,15,22,23,18,12,17,10,27;6,11,10,16,12;0,12,16,23,24,25,19,7;7,18,25,26,13;8,14,13,26,27,21,15;15,20,27,28,22;5,29,23,16,15,21,28;16,22,29,24,18;1,25,18,23,29;1,26,19,18,24;1,2,3,27,20,13,19,25;3,16,10,4,28,21,20,26;4,5,22,21,27;1,24,23,22,5
torus1669 30 1,7,28,3,26,27,24;0,24,25,21,7;9,24,29,12,19,14,20,26;0,28,10,9,26;10,16,22,20,15;6,11,10,28,7;5,7,13,19,12,11;0,1,21,8,13,6,5,28;7,21,20,14,13;2,26,3,10,24;3,28,5,11,17,16,4,15,24,9;5,6,12,18,17,10;2,29,18,11,6,19;6,7,8,14,19;2,19,13,8,20;4,20,25,24,10;4,10,17,23,22;10,11,18,23,16;11,12,29,27,23,17;2,12,6,13,14;2,14,8,21,25,15,4,22,27,26;1,25,20,8,7;4,16,23,27,20;16,17,18,27,22;0,27,29,2,9,10,15,25,1;1,24,15,20,21;0,3,9,2,20,27;0,26,20,22,23,18,29,24;0,7,5,10,3;2,24,27,18,12
torus1670 30 7,13,28,22,29,8,14;8,24,15,22,21;3,9,15,25,26;2,26,19,27,9;5,11,17,10,22;4,22,28,6,11;5,28,13,20,12,11;0,14,27,20,13;0,29,17,24,1,21,14;2,3,27,16,15;4,17,16,27,22;4,5,6,12,17;6,20,18,17,11;0,7,20,6,28;0,8,21,27,7;1,24,25,2,9,16,23,22;9,27,10,17,23,15;4,11,12,18,25,24,8,29,23,16,10;12,20,19,26,25,17;3,26,18,20,27;6,13,7,27,19,18,12;1,22,27,14,8;0,28,5,4,10,27,21,1,15,23,29;15,16,17,29,22;1,8,17,25,15;2,15,24,17,18,26;2,25,18,19,3;3,19,20,7,14,21,22,10,16,9;0,13,6,5,22;0,22,23,17,8
torus1671 30 5,11,17,6,29;2,29,24,7,8;1,8,9,23,29;14,18,23,25,28,21,27;5,28,25,9,10,26,11;0,29,28,4,11;0,17,19,12,29;1,24,14,27,15,16,10,8;1,7,10,9,2;2,8,10,4,25,23;4,9,8,7,16,19,26;0,5,4,26,17;6,19,20,13,29;12,20,14,24,29;3,27,7,24,13,20,18;7,27,21,22,16;7,15,22,19,10;0,11,26,19,6;3,14,20,19,22,29,23;6,17,26,10,16,22,18,20,12;12,19,18,14,13;3,28,22,15,27;15,21,28,29,18,19,16;2,9,25,3,18,29;1,29,13,14,7;3,23,9,4,28;4,10,19,17,11;3,21,15,7,14;3,25,4,5,29,22,21;0,6,12,13,24,1,2,23,18,22,28,5
torus1672 30 1,2,18,23,24,13;0,13,12,11,17,25,9,2;0,1,9,7,4,26,18;4,7,22,10,11;2,7,3,11,26;21,27,24,29,28;12,13,24,27,20;2,9,22,3,4;9,19,14,15,22;1,25,19,8,22,7,2;3,22,29,24,16,11;1,12,20,19,26,4,3,10,16,17;1,13,6,20,11;0,24,6,12,1;8,19,27,21,15;8,14,21,28,22;10,24,23,17,11;1,11,16,23,25;0,2,26,19,23;8,9,25,23,18,26,11,20,27,14;6,27,19,11,12;5,28,15,14,27;3,7,9,8,15,28,29,10;0,18,19,25,17,16,24;0,23,16,10,29,5,27,6,13;1,17,23,19,9;2,4,11,19,18;5,21,14,19,20,6,24;5,29,22,15,21;5,24,10,22,28
torus1673 30 1,10,28,27,29;0,29,25,26,20,6,5,10;7,26,25,9,23,8;9,25,29,22,11,13,28,10,16;5,19,12,17,10;1,6,19,4,10;1,20,27,13,11,24,18,19,5;2,8,14,20,26;2,23,15,14,7;2,25,3,16,23;0,1,5,4,17,16,3,28;3,22,24,6,13;4,19,18,23,17;3,11,6,27,28;7,8,15,21,20;8,23,22,21,14;3,10,17,23,9;4,12,23,16,10;6,24,23,12,19;4,5,6,18,12;1,26,7,14,21,27,6;14,15,22,27,20;3,29,27,21,15,23,24,11;2,9,16,17,12,18,24,22,15,8;6,11,22,23,18;1,29,3,9,2,26;1,25,2,7,20;0,28,13,6,20,21,22,29;0,10,3,13,27;0,27,22,3,25,1
torus1674 30 1,7,6,13,2,29,16;0,16,24,19,7;0,13,19,18,25,29;4,10,26,27,28;3,28,5,11,10;4,28,17,12,11;0,7,8,9,13;0,1,19,8,6;6,7,19,26,9;6,8,26,10,16,21,14,13;3,4,11,16,9,26;4,5,12,16,10;5,17,15,16,11;0,6,9,14,19,2;9,21,20,19,13;12,17,23,24,16;0,29,22,21,9,10,11,12,15,24,1;5,28,23,15,12;2,19,24,23,28,25;1,24,18,2,13,14,20,26,8,7;14,21,27,26,19;9,16,22,28,27,20,14;16,29,25,28,21;15,17,28,18,24;1,16,15,23,18,19;2,18,28,22,29;3,10,9,8,19,20,27;3,26,20,21,28;3,27,21,22,25,18,23,17,5,4;0,2,25,22,16
torus1675 30 1,2,25,24,28,22;0,22,29,7,2;0,1,7,19,25;4,27,26,9,10;3,10,17,23,12,11,5,29,27;4,11,6,9,26,20,13,7,29;5,11,19,8,27,28,15,9;1,29,5,13,14,19,2;6,19,14,21,27;3,26,5,6,15,16,10;3,9,16,17,4;4,12,19,6,5;4,23,18,19,11;5,20,21,14,7;7,13,21,8,19;6,28,24,16,9;9,15,24,17,10;4,10,16,24,23;12,23,24,25,19;2,7,14,8,6,11,12,18,25;5,26,27,21,13;8,14,13,20,27;0,28,27,29,1;4,17,24,18,12;0,25,18,23,17,16,15,28;0,2,19,18,24;3,27,20,5,9;3,4,29,22,28,6,8,21,20,26;0,24,15,6,27,22;1,22,27,4,5,7
torus1676 30 1,25,24,29,28;0,28,11,7,26,25;3,26,7,8,9;2,9,16,10,11,4,26;3,11,28,29,5,21,20,26;4,29,22,14,21;7,11,17,19,20,27,8;1,11,6,8,2,26;2,7,6,27,15,9;2,8,15,16,3;3,16,23,17,11;1,28,4,3,10,17,6,7;15,27,18,25,19,17,23;14,22,24,18,27;5,22,13,27,21;8,27,12,23,16,9;3,9,15,23,10;6,11,10,23,12,19;12,27,13,24,25;6,17,12,25,20;4,21,27,6,19,25,26;4,5,14,27,20;5,29,24,13,14;10,16,15,12,17;0,25,18,13,22,29;0,1,26,20,19,12,18,24;1,7,2,3,4,20,25;6,20,21,14,13,18,12,15,8;0,29,4,11,1;0,24,22,5,4,28
torus1677 30 1,7,29,24,25;0,25,12,11,6,15,8,13,7;3,6,28,22,19,26;2,26,27,4,9,15,6;3,27,28,10,9;7,13,20,19,22;1,11,10,28,2,3,15;0,1,13,5,22,29;1,15,14,20,13;3,4,10,17,15;4,28,6,11,17,9;1,12,17,10,6;1,25,18,17,11;1,8,20,5,7;8,15,21,27,20;1,6,3,9,17,16,21,14,8;15,17,23,22,21;9,10,11,12,18,23,16,15;12,25,24,23,17;2,22,5,20,26;5,13,8,14,27,26,19;14,15,16,22,27;2,28,27,21,16,23,29,7,5,19;16,17,18,24,29,22;0,29,23,18,25;0,24,18,12,1;2,19,20,27,3;3,26,20,14,21,22,28,4;2,6,10,4,27,22;0,7,22,23,24
torus1678 30 4,11,13,5,27;5,7,8,25,24;8,21,12,15,16,9,26,25;6,27,28,22,19,20,10,14;0,27,6,17,11;0,13,7,1,24,29,28,27;3,14,23,17,4,27;1,5,13,21,8;1,7,21,2,25;2,16,10,20,26;3,20,9,16,29,14;0,4,17,12,13;2,21,13,11,17,18,15;0,11,12,21,7,5;3,10,29,23,6;2,12,18,19,22,29,16;2,15,29,10,9;4,6,23,18,12,11;12,17,23,19,15;3,22,15,18,23,25,26,20;3,19,26,9,10;2,8,7,13,12;3,28,29,15,19;6,14,29,24,25,19,18,17;1,25,23,29,5;1,8,2,26,19,23,24;2,9,20,19,25;0,5,28,3,6,4;3,27,5,29,22;5,24,23,14,10,16,15,22,28
torus1679 30 2,6,28,29,7;2,7,24,23,25,26,14;0,7,1,14,21,20,13,6;4,21,14,26,27;3,27,5,10,9,8,21;4,27,28,11,10;0,2,13,17,11,28;0,29,24,1,2;4,9,15,28,21;4,10,16,15,8;4,5,11,16,9;5,28,6,17,16,10;13,20,19,18,17;2,20,12,17,6;1,26,3,21,2;8,9,16,17,22,29,28;9,10,11,17,15;6,13,12,18,25,23,22,15,16,11;12,19,28,26,25,17;12,20,21,28,18;2,21,19,12,13;2,14,3,4,8,28,19,20;15,17,23,24,29;1,24,22,17,25;1,7,29,22,23;1,23,17,18,26;1,25,18,28,27,3,14;3,26,28,5,4;0,6,11,5,27,26,18,19,21,8,15,29;0,28,15,22,24,7
torus1680 30 11,12,19,24,23,29;2,24,6,8,9;1,9,5,29,3,25,24;2,29,22,14,7,25;5,27,26,12,11;2,9,28,21,27,4,11,29;1,24,19,13,7,8;3,14,15,8,6,13,23,25;1,6,7,15,28,9;1,8,28,5,2;12,26,20,16,17;0,29,5,4,12;0,11,4,26,10,17,18,19;6,19,18,23,7;3,22,20,15,7;7,14,20,21,28,8;10,20,22,23,17;10,16,23,18,12;12,17,23,13,19;0,12,18,13,6,24;10,26,27,21,15,14,22,16;5,28,15,20,27;3,29,23,16,20,14;0,24,25,7,13,18,17,16,22,29;0,19,6,1,2,25,23;2,3,7,23,24;4,27,20,10,12;4,5,21,20,26;5,9,8,15,21;0,23,22,3,2,5,11
torus1681 30 1,6,8,5,29,24;0,24,18,2,3,6;1,18,25,26,3;1,2,26,27,28,10,6;7,12,11,10,28,13,22;0,8,7,22,29;0,1,3,10,14,8;4,22,5,8,12;0,6,14,13,17,12,7,5;10,16,15,21,14;3,28,4,11,16,9,14,6;4,12,17,16,10;4,7,8,17,11;4,28,27,20,19,16,17,8,14,21,22;6,10,9,21,13,8;9,16,23,22,21;9,10,11,17,13,19,23,15;8,13,16,11,12;1,24,23,25,2;13,20,25,23,16;13,27,26,25,19;9,15,22,13,14;4,13,21,15,23,29,5,7;15,16,19,25,18,24,29,22;0,29,23,18,1;2,18,23,19,20,26;2,25,20,27,3;3,26,20,13,28;3,27,13,4,10;0,5,22,23,24
torus1682 30 5,11,18,23,29,17;2,25,26,17,28,18,24,21,27,8;1,8,15,16,9,25;9,10,20,26,25;8,27,19,18,15;0,17,19,12,11;7,18,11,12,13;6,13,14,24,18;1,27,4,15,2;2,16,10,3,25;3,9,16,22,23,18,20;0,5,12,6,18;5,19,13,6,11;6,12,19,14,7;7,13,19,21,24;2,8,4,18,28,16;2,15,28,22,10,9;0,29,28,1,26,19,5;0,11,6,7,24,1,28,15,4,19,20,10,23;4,27,21,14,13,12,5,17,26,20,18;3,10,18,19,26;1,24,14,19,27;10,16,28,29,23;0,18,10,22,29;1,18,7,14,21;1,2,9,3,26;1,25,3,20,19,17;1,21,19,4,8;1,17,29,22,16,15,18;0,23,22,28,17
torus1683 30 1,7,6,5,24,26;0,26,2,8,7;1,26,27,3,9,8;2,27,15,29,9;5,10,7,13,29,24;0,6,11,10,4,24;0,7,17,11,5;0,1,8,13,4,10,12,17,6;1,2,9,13,7;2,3,29,13,8;4,5,11,23,16,12,7;5,6,17,23,10;7,10,16,14,20,19,17;4,7,8,9,29;12,16,22,28,24,29,15,21,20;3,27,21,14,29;10,23,22,14,12;6,7,12,19,18,28,22,23,11;17,19,25,24,28;12,20,25,18,17;12,14,21,26,25,19;14,15,27,26,20;14,16,23,17,28;10,11,17,22,16;0,5,4,29,14,28,18,25,26;18,19,20,26,24;0,24,25,20,21,27,2,1;2,26,21,15,3;14,22,17,18,24;3,15,14,24,4,13,9
torus1684 30 6,13,12,7,24,23,22;2,3,19,14,8;1,8,21,15,9,3;1,2,9,10,19;6,29,19,10,13;8,14,27,26,21;0,22,28,29,4,13;0,12,17,14,19,25,24;1,14,5,21,2;2,15,22,16,11,13,10,3;3,9,13,4,19;9,16,17,12,13;0,13,11,17,7;0,6,4,10,9,11,12;1,19,7,17,16,22,23,27,5,8;2,21,28,22,9;9,22,14,17,11;7,12,11,16,14;20,23,24,25,29;1,3,10,4,29,25,7,14;18,29,26,27,23;2,8,5,26,29,28,15;0,23,14,16,9,15,28,6;0,24,18,20,27,14,22;0,7,25,18,23;7,19,29,18,24;5,27,20,29,21;5,14,23,20,26;6,22,15,21,29;4,6,28,21,26,20,18,25,19
torus1685 30 1,5,25,16,9;0,9,8,14,5;11,18,20,27,12;4,22,29,11,26;3,26,27,28,22;0,1,14,7,6,11,24,25;5,7,13,18,11;5,14,21,13,6;1,9,15,17,24,29,22,28,21,14;0,16,15,8,1;19,25,24,23,26;2,12,16,19,26,3,29,24,5,6,18;2,27,23,17,15,16,11;6,7,21,20,18;1,8,21,7,5;8,9,16,12,17;0,25,19,11,12,15,9;8,15,12,23,24;2,11,6,13,20;10,26,11,16,25;2,18,13,21,27;7,14,8,28,27,20,13;3,4,28,8,29;10,24,17,12,27,26;5,11,29,8,17,23,10,25;0,5,24,10,19,16;3,11,19,10,23,27,4;2,20,21,28,4,26,23,12;4,27,21,8,22;3,22,8,24,11
torus1686 30 7,13,14,8,25;2,27,26,8,11;1,11,6,3,27;2,6,28,4,27;3,28,29,22,20,27;6,25,8,18,28;2,11,19,7,25,5,28,3;0,25,6,19,13;0,14,15,9,11,1,26,18,5,25;8,15,16,10,11;9,16,17,12,11;1,8,9,10,12,24,19,6,2;10,17,18,24,11;0,7,19,24,14;0,13,24,15,8;8,14,24,21,22,29,23,16,9;9,15,23,17,10;10,16,23,18,12;5,8,26,24,12,17,23,29,28;6,11,24,13,7;4,22,21,26,27;15,24,26,20,22;4,29,15,21,20;15,29,18,17,16;11,12,18,26,21,15,14,13,19;0,8,5,6,7;1,27,20,21,24,18,8;1,2,3,4,20,26;3,6,5,18,29,4;4,28,18,23,15,22
torus1687 30 1,19,5,21,29;0,29,23,25,19;9,19,20,21,26;4,10,9,26,27;3,27,28,11,10;0,19,9,14,7,11,28,21;7,13,19,12,11;5,14,13,6,11;10,24,16,15,14;2,26,3,10,14,5,19;3,4,11,17,24,8,14,9;4,28,5,7,6,12,17,10;6,19,18,17,11;6,7,14,20,19;5,9,10,8,15,20,13,7;8,16,21,20,14;8,24,22,21,15;10,11,12,18,24;12,19,25,24,17;0,1,25,18,12,6,13,20,2,9,5;2,19,13,14,15,21;0,5,28,27,26,2,20,15,16,22,29;16,24,23,29,21;1,29,22,24,25;8,10,17,18,25,23,22,16;1,23,24,18,19;2,21,27,3,9;3,26,21,28,4;4,27,21,5,11;0,21,22,23,1
torus1688 30 6,8,9,24,29;2,25,18,24,9;1,9,3,26,25;2,9,4,17,26;3,9,27,19,17;6,28,21,22,11,15;0,29,23,28,5,15,8;11,13,20,14,15;0,6,15,18,22,9;0,8,22,27,4,3,2,1,24;11,22,18,25,12;5,22,10,12,17,19,13,7,15;10,25,26,17,11;7,11,19,27,20;7,20,21,16,15;5,11,7,14,16,18,8,6;14,21,28,23,18,15;3,4,19,11,12,26;1,25,10,22,8,15,16,23,29,24;4,27,13,11,17;7,13,27,21,14;5,28,16,14,20,27,22;5,21,27,9,8,18,10,11;6,29,18,16,28;0,9,1,18,29;1,2,26,12,10,18;2,3,17,12,25;4,9,22,21,20,13,19;5,6,23,16,21;0,24,18,23,6
torus1689 30 5,6,8,7,24;2,19,25,24,7;1,7,8,26,19;8,15,9,27,26;5,24,10,11,17;0,24,4,17,6;0,5,17,12,8;0,8,2,1,24;0,6,12,13,15,3,26,2,7;3,15,22,10,24,27;4,24,9,22,11;4,10,22,23,12,17;6,17,11,23,18,25,19,13,8;8,12,19,20,14,28,21,15;13,20,27,24,28;3,8,13,21,22,9;18,23,22,29,24;4,11,12,6,5;12,23,16,24,25;1,2,26,20,13,12,25;13,19,26,27,14;13,28,29,22,15;9,15,21,29,16,23,11,10;11,22,16,18,12;0,7,1,25,18,16,29,28,14,27,9,10,4,5;1,19,12,18,24;2,8,3,27,20,19;3,9,24,14,20,26;13,14,24,29,21;16,22,21,28,24
torus1690 30 5,6,7,25,24;2,8,27,16,21;1,21,15,3,18,25,7,8;2,15,9,10,4,14,26,18;3,10,11,27,14;0,24,27,11,6;0,5,11,17,12,20,7;0,6,20,8,2,25;1,2,7,20,14,27;3,15,22,17,10;3,9,17,11,4;4,10,17,6,5,27;6,17,22,13,20;12,22,23,19,20;3,4,27,8,20,26;2,21,22,9,3;1,27,28,22,21;6,11,10,9,22,12;2,3,26,19,23,29,24,25;13,23,18,26,20;6,12,13,19,26,14,8,7;1,16,22,15,2;9,15,21,16,28,29,23,13,12,17;13,22,29,18,19;0,25,18,29,28,27,5;0,7,2,18,24;3,14,20,19,18;1,8,14,4,11,5,24,28,16;16,27,24,29,22;18,23,22,28,24
torus1691 30 1,7,23,17,24;0,24,8,14,7;3,9,23,16,20;2,20,15,25,26,27,4,5,10,9;3,27,28,29,5;3,4,29,23,6,11,10;5,23,7,13,11;0,1,14,13,6,23;1,24,25,15,14;2,3,10,12,23;3,5,11,12,9;5,6,13,12,10;9,10,11,13,14,17,23;6,7,14,12,11;1,8,15,20,17,12,13,7;3,20,14,8,25;2,23,22,21,20;0,23,12,14,20,19,18,26,25,24;17,19,28,27,26;17,20,21,28,18;2,16,21,19,17,14,15,3;16,22,28,19,20;16,23,29,28,21;0,7,6,5,29,22,16,2,9,12,17;0,17,25,8,1;3,15,8,24,17,26;3,25,17,18,27;3,26,18,28,4;4,27,18,19,21,22,29;4,28,22,23,5
torus1692 30 4,7,8,22,29;2,14,22,13,25;1,25,24,23,8,26,14;4,28,27,9,10;0,29,28,3,10,23,5,7;4,23,11,6,7;5,11,12,15,9,27,8,7;0,4,5,6,8;0,7,6,27,26,2,23,22;3,27,6,15,16,10;3,9,16,23,4;5,23,17,12,6;6,11,17,18,19,15;1,22,15,19,25;1,2,26,20,22;6,12,19,13,22,16,9;9,15,22,23,10;11,23,24,18,12;12,17,24,25,19;12,18,25,13,15;14,26,27,21,22;20,27,28,29,22;0,8,23,16,15,13,1,14,20,21,29;2,24,17,11,5,4,10,16,22,8;2,25,18,17,23;1,13,19,18,24,2;2,8,27,20,14;3,28,21,20,26,8,6,9;3,4,29,21,27;0,22,21,28,4
torus1693 30 1,24,8,5,11,23,10,9,4,28;0,28,29,18,24;8,24,18,25,26;4,15,14,25,18,19,7,8,27,28;0,9,15,3,28;0,8,7,13,6,11;5,13,12,17,11;3,19,13,5,8;0,24,2,26,27,3,7,5;0,10,16,15,4;0,23,21,16,9;0,5,6,17,23;6,13,19,18,17;5,7,19,12,6;3,15,16,21,22,29,20,25;3,4,9,16,14;9,10,21,14,15;6,12,18,22,23,11;1,29,22,17,12,19,3,25,2,24;3,18,12,13,7;14,29,27,26,25;10,23,22,14,16;14,21,23,17,18,29;0,11,17,22,21,10;0,1,18,2,8;2,18,3,14,20,26;2,25,20,27,8;3,8,26,20,29,28;0,4,3,27,29,1;1,28,27,20,14,22,18
torus1694 30 1,8,7,13,11;0,11,29,24,16,15,8;9,10,17,26,11;9,20,21,27,10;6,17,10,28,11,25;11,28,16,12,23,29;4,25,24,18,17;0,8,14,22,13;0,1,15,14,7;2,11,20,3,10;2,9,3,27,28,4,17;0,13,19,20,9,2,26,25,4,28,5,29,1;5,16,17,18,23;0,7,22,19,11;7,8,15,28,27,21,22;1,16,28,14,8;1,24,25,26,17,12,5,28,15;2,10,4,6,18,12,16,26;6,24,23,12,17;11,13,22,21,20;3,9,11,19,21;3,20,19,22,14,27;7,14,21,19,13;5,12,18,24,29;1,29,23,18,6,25,16;4,11,26,16,24,6;2,17,16,25,11;3,21,14,28,10;4,10,27,14,15,16,5,11;1,11,5,23,24
torus1695 30 1,7,6,15,22,24;0,24,18,8,2,7;1,8,4,13,7;9,18,26,27,10,15;2,8,19,11,12,13;11,21,14,15,29;0,7,13,12,29,15;0,1,2,13,6;1,18,9,14,21,20,19,4,2;3,15,14,8,18;3,27,28,11,17,16,15;4,19,25,18,17,10,28,21,5,29,12;4,11,29,6,13;2,4,12,6,7;5,21,8,9,15;0,6,29,5,14,9,3,10,16,22;10,17,23,22,15;10,11,18,23,16;1,24,23,17,11,25,26,3,9,8;4,8,20,25,11;8,21,28,27,26,25,19;5,11,28,20,8,14;0,15,16,23,24;16,17,18,24,22;0,22,23,18,1;11,19,20,26,18;3,18,25,20,27;3,26,20,28,10;10,27,20,21,11;5,15,6,12,11
torus1696 30 1,2,7,6,11;0,11,18,25,2;0,1,25,26,8,15,22,24,20,14,7;8,26,21,10,29,9;5,28,13,12,27;4,27,14,20,28;0,7,13,28,29,10,11;0,2,14,13,6;2,26,3,9,15;3,29,16,15,8;3,21,11,6,29;0,6,10,21,14,27,12,23,18,1;4,13,23,11,27;4,28,6,7,14,19,23,12;2,20,5,27,11,21,19,13,7;2,8,9,16,22;9,29,17,22,15;16,29,28,24,22;1,11,23,19,25;13,14,21,26,25,18,23;2,24,28,5,14;3,26,19,14,11,10;2,15,16,17,24;11,12,13,19,18;2,22,17,28,20;1,18,19,26,2;2,25,19,21,3,8;4,12,11,14,5;4,5,20,24,17,29,6,13;3,10,6,28,17,16,9
torus1697 30 5,6,24,23,29;2,12,26,7,8;1,8,9,3,12;2,9,28,27,20,12;5,28,9,10,11;0,29,28,4,11,13,6;0,5,13,19,7,25,24;1,26,25,6,19,20,27,21,14,15,8;1,7,15,9,2;2,8,15,10,4,28,3;4,9,15,16,17,11;4,10,17,13,5;1,2,3,20,19,13,17,23,18,26;5,11,17,12,19,6;7,21,22,16,15;7,14,16,10,9,8;10,15,14,22,17;10,16,22,23,12,13,11;12,23,24,25,26;6,13,12,20,7;3,27,7,19,12;7,27,28,22,14;14,21,28,29,23,17,16;0,24,18,12,17,22,29;0,6,25,18,23;6,7,26,18,24;1,12,18,25,7;3,28,21,7,20;3,9,4,5,29,22,21,27;0,23,22,28,5
torus1698 30 1,2,25,24,5;0,5,7,8,2;0,1,8,9,4,11,3,25;2,11,5,28,21,25;2,9,15,10,11;0,24,29,28,3,11,18,7,1;7,18,17,13,14,28,9,8;1,5,18,6,8;1,7,6,9,2;2,8,6,28,15,4;4,15,22,18,11;2,4,10,18,5,3;17,18,25,26,19;6,17,19,20,14;6,13,20,27,21,28;4,9,28,22,10;18,22,28,29,23;6,18,12,19,13;5,11,10,22,16,23,25,12,17,6,7;12,26,20,13,17;13,19,26,27,14;3,28,14,27,25;10,15,28,16,18;16,29,24,25,18;0,25,23,29,5;0,2,3,21,27,26,12,18,23,24;12,25,27,20,19;14,20,26,25,21;3,5,29,16,22,15,9,6,14,21;5,24,23,16,28
torus1699 30 1,7,5,29,15;0,15,21,14,7;7,13,26,8,24;4,10,27,23,22,25;3,25,24,8,11,17,10;0,7,6,11,29;5,7,19,12,11;0,1,14,13,2,24,25,19,6,5;2,26,27,29,11,4,24;10,17,16,15,29,27;3,4,17,9,27;4,8,29,5,6,12,17;6,19,18,17,11;2,7,14,20,26;1,21,20,13,7;0,29,9,16,28,21,1;9,17,23,28,15;4,11,12,18,22,23,16,9,10;12,19,25,22,17;6,7,25,18,12;13,14,21,28,27,26;1,15,28,20,14;3,23,17,18,25;3,27,28,16,17,22;2,8,4,25,7;3,22,18,19,7,24,4;2,13,20,27,8;3,10,9,29,8,26,20,28,23;15,16,23,27,20,21;0,5,11,8,27,9,15
torus1700 30 5,6,28,22,29;7,26,19,16,28;3,25,7,8,15,9;2,9,28,21,27,25;9,15,10,11,28;0,29,12,13,6;0,5,13,18,14,8,7,28;1,28,6,8,2,25,26;2,7,6,14,16,15;2,15,4,28,3;4,15,16,23,11;4,10,23,22,28;5,29,17,24,13;5,12,24,18,6;6,18,20,21,16,8;2,8,16,10,4,9;1,19,23,10,15,8,14,21,28;12,29,23,19,24;6,13,24,20,14;1,26,24,17,23,16;14,18,24,27,21;3,28,16,14,20,27;0,28,11,23,29;10,16,19,17,29,22,11;12,17,19,26,25,27,20,18,13;2,3,27,24,26,7;1,7,25,24,19;3,21,20,24,25;0,6,7,1,16,21,3,9,4,11,22;0,22,23,17,12,5
torus1701 30 1,9,5,29,22,25;0,25,26,2,8,9;1,26,27,3,8;2,27,20,4,17,23,10,8;3,20,28,11,24,17;0,9,11,28,21,29;7,13,19,12,9;6,9,15,14,13;1,2,3,10,9;0,1,8,10,16,15,7,6,12,11,5;3,23,16,9,8;4,28,5,9,12,24;6,19,24,11,9;6,7,14,28,19;7,15,21,28,13;7,9,16,21,14;9,10,23,21,15;3,4,24,21,23;19,28,20,27,26,25,22,24;6,13,28,18,24,12;3,27,18,28,4;5,28,14,15,16,23,17,24,29;0,29,24,18,25;3,17,21,16,10;4,11,12,19,18,22,29,21,17;0,22,18,26,1;1,25,18,27,2;2,26,18,20,3;4,20,18,19,13,14,21,5,11;0,5,21,24,22
torus1702 30 1,26,25,24,29;0,29,7,8,26;8,22,23,14,25,26;9,10,28,27,25;8,28,10,16,15,22;11,17,12,29,16;7,29,12,19,13;1,29,6,13,8;1,7,13,21,28,4,22,2,26;3,25,14,11,10;3,9,11,16,4,28;5,16,10,9,14,23,18,17;5,17,25,19,6,29;6,19,20,21,8,7;2,23,11,9,25;4,16,29,23,22;4,10,11,5,29,15;5,11,18,25,12;11,23,24,25,17;6,12,25,20,13;13,19,25,27,21;8,13,20,27,28;2,8,4,15,23;2,22,15,29,24,18,11,14;0,25,18,23,29;0,26,2,14,9,3,27,20,19,12,17,18,24;0,1,8,2,25;3,28,21,20,25;3,10,4,8,21,27;0,24,23,15,16,5,12,6,7,1
torus1703 30 5,12,10,25,24,29;2,25,10,11,20,14,8,9;1,9,3,26,25;2,9,15,10,12,26;5,29,23,17,6,16,28,21,20,27;0,29,4,27,12;4,17,13,7,11,10,16;6,13,19,20,11;1,14,22,15,9;1,8,15,3,2;0,12,3,15,16,6,11,1,25;1,10,6,7,20;0,5,27,19,13,17,18,26,3,10;6,17,12,19,7;1,20,21,22,8;3,9,8,22,28,16,10;4,6,10,15,28;4,23,18,12,13,6;12,17,23,24,25,26;7,13,12,27,20;1,11,7,19,27,4,21,14;4,28,22,14,20;8,14,21,28,15;4,29,24,18,17;0,25,18,23,29;0,10,1,2,26,18,24;2,3,12,18,25;4,20,19,12,5;4,16,15,22,21;0,24,23,4,5
torus1704 30 5,7,14,18,23;2,28,25,14,8;1,8,9,17,10,28;19,25,28,27,26;6,11,14,10,17,12;0,23,29,11,6,7;4,12,7,5,11;0,5,6,12,13,14;1,14,15,9,2;2,8,15,16,17;2,17,4,14,22,28;4,6,5,29,14;4,17,20,13,7,6;7,12,20,22,14;0,7,13,22,10,4,11,29,21,15,8,1,25,19,24,18;8,14,21,16,9;9,15,21,23,17;2,9,16,23,18,24,26,27,20,12,4,10;0,14,24,17,23;3,26,24,14,25;12,17,27,28,22,13;14,29,23,16,15;10,14,13,20,28;0,18,17,16,21,29,5;14,19,26,17,18;1,28,3,19,14;3,27,17,24,19;3,28,20,17,26;1,2,10,22,20,27,3,25;5,23,21,14,11
torus1705 30 2,14,11,5,27;6,11,13,7,8;0,27,26,25,3,12,14;2,25,8,4,12;3,8,9,10,12;0,11,6,23,29,21,28,27;1,8,24,23,5,11;1,13,21,15,8;1,7,15,9,4,3,25,24,6;4,8,15,16,10;4,9,16,17,12;0,14,13,1,6,5;2,3,4,10,17,22,18,24,19,14;1,11,14,21,7;0,2,12,19,20,21,13,11;7,21,16,9,8;9,15,21,17,10;10,16,21,22,12;12,22,29,23,24;12,24,25,26,20,14;14,19,26,28,21;5,29,22,17,16,15,7,13,14,20,28;12,17,21,29,18;5,6,24,18,29;6,8,25,19,12,18,23;2,26,19,24,8,3;2,27,28,20,19,25;0,5,28,26,2;5,21,20,26,27;5,23,18,22,21
torus1706 30 5,14,24,23,28;2,25,8,4,10;1,10,9,18,25;4,11,6,7,5,21,27;1,8,22,17,18,19,11,3,27,10;0,28,16,22,21,3,7,14;3,11,12,13,7;3,6,13,14,5;1,25,13,20,15,22,4;2,10,26,19,18;1,4,27,26,9,2;3,4,19,12,6;6,11,19,20,13;6,12,20,8,25,24,14,7;0,5,7,13,24;8,20,19,21,22;5,28,29,17,22;4,22,16,29,18;2,9,19,4,17,29,23,24,25;4,18,9,26,21,15,20,12,11;8,13,12,19,15;3,5,22,15,19,26,27;4,8,15,21,5,16,17;0,24,18,29,28;0,14,13,25,18,23;1,2,18,24,13,8;9,10,27,21,19;3,21,26,10,4;0,23,29,16,5;16,28,23,18,17
torus1707 30 1,7,6,29,24;0,24,23,25,2,8,7;1,25,26,27,3,9,22,10,8;2,27,11,6,9;5,11,27,26,14;4,14,29,6,11;0,7,21,12,17,9,3,11,5,29;0,1,8,15,21,6;1,2,10,16,15,7;2,3,6,17,23,22;2,22,29,16,8;3,27,4,5,6;6,21,13,18,17;12,21,20,19,18;4,26,25,19,20,28,16,29,5;7,8,16,28,21;8,10,29,14,28,15;6,12,18,23,9;12,13,19,23,17;13,20,14,25,23,18;13,21,28,14,19;6,7,15,28,20,13,12;2,9,23,24,29,10;1,24,22,9,17,18,19,25;0,29,22,23,1;1,23,19,14,26,2;2,25,14,4,27;2,26,4,11,3;14,20,21,15,16;0,6,5,14,16,10,22,24
torus1708 30 1,6,5,28,29;0,29,24,25,6;3,9,14,11,6;2,6,25,19,9;5,6,7,8,22;0,6,4,22,28;0,1,25,3,2,11,7,4,5;4,6,11,17,10,8;4,7,10,21,14,9,12,15,23,22;2,3,19,26,16,12,8,14;7,17,16,26,27,21,8;2,14,13,12,17,7,6;8,9,16,17,11,13,18,15;11,14,20,18,12;2,9,8,21,20,13,11;8,12,18,29,23;9,26,10,17,12;7,11,12,16,10;12,13,20,29,15;3,25,24,20,27,26,9;13,14,21,27,19,24,29,18;8,10,27,20,14;4,8,23,28,5;8,15,29,28,22;1,29,20,19,25;1,24,19,3,6;9,19,27,10,16;10,26,19,20,21;0,5,22,23,29;0,28,23,15,18,20,24,1
