ipr56_76 56 1,2,3,4,5,6;0,6,7,8,9,2;0,1,9,10,11,3;0,2,11,12,13,4;0,3,13,14,15,5;0,4,15,16,17,6;0,5,17,18,7,1;1,6,18,19,20,8;1,7,20,21,22,9;1,8,22,23,10,2;2,9,23,24,25,11;2,10,25,12,3;3,11,25,26,27,13;3,12,27,14,4;4,13,27,28,29,15;4,14,29,16,5;5,15,29,30,31,17;5,16,31,32,18,6;6,17,32,19,7;7,18,32,33,34,20;7,19,34,35,21,8;8,20,35,36,22;8,21,36,37,23,9;9,22,37,38,24,10;10,23,38,39,25;10,24,39,26,12,11;12,25,39,40,27;12,26,40,28,14,13;14,27,40,41,42,29;14,28,42,30,16,15;16,29,42,43,44,31;16,30,44,45,32,17;17,31,45,33,19,18;19,32,45,46,47,34;19,33,47,35,20;20,34,47,48,36,21;21,35,48,49,37,22;22,36,49,50,38,23;23,37,50,51,39,24;24,38,51,40,26,25;26,39,51,41,28,27;28,40,51,52,42;28,41,52,43,30,29;30,42,52,53,54,44;30,43,54,45,31;31,44,54,46,33,32;33,45,54,55,47;33,46,55,48,35,34;35,47,55,49,36;36,48,55,53,50,37;37,49,53,52,51,38;38,50,52,41,40,39;41,51,50,53,43,42;43,52,50,49,55,54;43,53,55,46,45,44;46,54,53,49,48,47
ipr56_95 56 1,2,3,4,5,6;0,6,7,8,9,2;0,1,9,10,3;0,2,10,11,12,4;0,3,12,13,14,5;0,4,14,15,16,6;0,5,16,17,7,1;1,6,17,18,19,8;1,7,19,20,21,9;1,8,21,22,10,2;2,9,22,23,11,3;3,10,23,24,25,12;3,11,25,26,13,4;4,12,26,27,28,14;4,13,28,15,5;5,14,28,29,30,16;5,15,30,31,17,6;6,16,31,18,7;7,17,31,32,33,19;7,18,33,34,20,8;8,19,34,35,36,21;8,20,36,22,9;9,21,36,37,23,10;10,22,37,24,11;11,23,37,38,39,25;11,24,39,40,26,12;12,25,40,41,27,13;13,26,41,42,28;13,27,42,29,15,14;15,28,42,43,30;15,29,43,44,31,16;16,30,44,32,18,17;18,31,44,45,46,33;18,32,46,47,34,19;19,33,47,48,35,20;20,34,48,49,50,36;20,35,50,37,22,21;22,36,50,38,24,23;24,37,50,49,51,39;24,38,51,40,25;25,39,51,52,41,26;26,40,52,53,42,27;27,41,53,43,29,28;29,42,53,45,44,30;30,43,45,32,31;32,44,43,53,54,46;32,45,54,47,33;33,46,54,55,48,34;34,47,55,49,35;35,48,55,51,38,50;35,49,38,37,36;38,49,55,52,40,39;40,51,55,54,53,41;41,52,54,45,43,42;45,53,52,55,47,46;47,54,52,51,49,48
ipr56_98 56 1,2,3,4,5,6;0,6,7,8,9,2;0,1,9,10,11,3;0,2,11,12,4;0,3,12,13,14,5;0,4,14,15,16,6;0,5,16,17,7,1;1,6,17,18,8;1,7,18,19,20,9;1,8,20,10,2;2,9,20,21,22,11;2,10,22,23,12,3;3,11,23,24,13,4;4,12,24,25,26,14;4,13,26,15,5;5,14,26,27,28,16;5,15,28,29,17,6;6,16,29,30,18,7;7,17,30,31,19,8;8,18,31,32,33,20;8,19,33,21,10,9;10,20,33,34,35,22;10,21,35,36,23,11;11,22,36,37,24,12;12,23,37,38,25,13;13,24,38,39,26;13,25,39,27,15,14;15,26,39,40,28;15,27,40,41,29,16;16,28,41,42,30,17;17,29,42,43,31,18;18,30,43,44,32,19;19,31,44,45,33;19,32,45,34,21,20;21,33,45,46,35;21,34,46,47,36,22;22,35,47,37,23;23,36,47,48,38,24;24,37,48,49,39,25;25,38,49,40,27,26;27,39,49,50,41,28;28,40,50,42,29;29,41,50,51,43,30;30,42,51,52,44,31;31,43,52,53,45,32;32,44,53,46,34,33;34,45,53,54,47,35;35,46,54,48,37,36;37,47,54,55,49,38;38,48,55,50,40,39;40,49,55,51,42,41;42,50,55,52,43;43,51,55,54,53,44;44,52,54,46,45;46,53,52,55,48,47;48,54,52,51,50,49
ipr56_101 56 1,2,3,4,5,6;0,6,7,8,9,2;0,1,9,10,3;0,2,10,11,12,4;0,3,12,13,14,5;0,4,14,15,16,6;0,5,16,17,7,1;1,6,17,18,8;1,7,18,19,20,9;1,8,20,21,10,2;2,9,21,22,11,3;3,10,22,23,24,12;3,11,24,25,13,4;4,12,25,26,27,14;4,13,27,15,5;5,14,27,28,29,16;5,15,29,30,17,6;6,16,30,31,18,7;7,17,31,32,19,8;8,18,32,33,34,20;8,19,34,35,21,9;9,20,35,22,10;10,21,35,36,23,11;11,22,36,37,38,24;11,23,38,39,25,12;12,24,39,40,26,13;13,25,40,41,27;13,26,41,28,15,14;15,27,41,42,29;15,28,42,43,30,16;16,29,43,44,31,17;17,30,44,45,32,18;18,31,45,46,33,19;19,32,46,47,48,34;19,33,48,35,20;20,34,48,36,22,21;22,35,48,37,23;23,36,48,47,49,38;23,37,49,50,39,24;24,38,50,40,25;25,39,50,51,41,26;26,40,51,42,28,27;28,41,51,52,43,29;29,42,52,44,30;30,43,52,53,45,31;31,44,53,54,46,32;32,45,54,47,33;33,46,54,49,37,48;33,47,37,36,35,34;37,47,54,55,50,38;38,49,55,51,40,39;40,50,55,52,42,41;42,51,55,53,44,43;44,52,55,54,45;45,53,55,49,47,46;49,54,53,52,51,50
ipr56_118 56 1,2,3,4,5,6;0,6,7,8,9,2;0,1,9,10,11,3;0,2,11,12,4;0,3,12,13,14,5;0,4,14,15,16,6;0,5,16,7,1;1,6,16,17,18,8;1,7,18,19,20,9;1,8,20,21,10,2;2,9,21,22,23,11;2,10,23,24,12,3;3,11,24,25,13,4;4,12,25,26,27,14;4,13,27,15,5;5,14,27,28,29,16;5,15,29,17,7,6;7,16,29,30,31,18;7,17,31,32,19,8;8,18,32,33,20;8,19,33,34,21,9;9,20,34,35,22,10;10,21,35,36,23;10,22,36,37,24,11;11,23,37,38,25,12;12,24,38,26,13;13,25,38,39,40,27;13,26,40,28,15,14;15,27,40,41,30,29;15,28,30,17,16;17,29,28,41,42,31;17,30,42,43,32,18;18,31,43,44,33,19;19,32,44,45,34,20;20,33,45,35,21;21,34,45,46,36,22;22,35,46,47,37,23;23,36,47,48,38,24;24,37,48,39,26,25;26,38,48,49,50,40;26,39,50,41,28,27;28,40,50,51,42,30;30,41,51,43,31;31,42,51,52,44,32;32,43,52,53,45,33;33,44,53,46,35,34;35,45,53,54,47,36;36,46,54,49,48,37;37,47,49,39,38;39,48,47,54,55,50;39,49,55,51,41,40;41,50,55,52,43,42;43,51,55,53,44;44,52,55,54,46,45;46,53,55,49,47;49,54,53,52,51,50
ipr56_121 56 1,2,3,4,5,6;0,6,7,8,9,2;0,1,9,10,11,3;0,2,11,12,13,4;0,3,13,14,15,5;0,4,15,16,17,6;0,5,17,7,1;1,6,17,18,19,8;1,7,19,20,21,9;1,8,21,10,2;2,9,21,22,23,11;2,10,23,24,12,3;3,11,24,25,26,13;3,12,26,14,4;4,13,26,27,28,15;4,14,28,29,16,5;5,15,29,30,31,17;5,16,31,18,7,6;7,17,31,32,19;7,18,32,33,20,8;8,19,33,34,35,21;8,20,35,22,10,9;10,21,35,36,37,23;10,22,37,24,11;11,23,37,38,25,12;12,24,38,39,40,26;12,25,40,27,14,13;14,26,40,41,42,28;14,27,42,43,29,15;15,28,43,44,30,16;16,29,44,45,31;16,30,45,32,18,17;18,31,45,46,33,19;19,32,46,47,34,20;20,33,47,48,49,35;20,34,49,36,22,21;22,35,49,50,37;22,36,50,38,24,23;24,37,50,39,25;25,38,50,51,41,40;25,39,41,27,26;27,40,39,51,52,42;27,41,52,53,43,28;28,42,53,44,29;29,43,53,54,45,30;30,44,54,46,32,31;32,45,54,55,47,33;33,46,55,48,34;34,47,55,52,51,49;34,48,51,50,36,35;36,49,51,39,38,37;39,50,49,48,52,41;41,51,48,55,53,42;42,52,55,54,44,43;44,53,55,46,45;46,54,53,52,48,47
ipr56_126 56 1,2,3,4,5,6;0,6,7,8,9,2;0,1,9,10,11,3;0,2,11,12,13,4;0,3,13,14,15,5;0,4,15,16,6;0,5,16,17,7,1;1,6,17,18,8;1,7,18,19,20,9;1,8,20,21,10,2;2,9,21,22,23,11;2,10,23,24,12,3;3,11,24,25,26,13;3,12,26,27,14,4;4,13,27,28,15;4,14,28,29,16,5;5,15,29,30,17,6;6,16,30,31,18,7;7,17,31,32,19,8;8,18,32,33,34,20;8,19,34,35,21,9;9,20,35,22,10;10,21,35,36,37,23;10,22,37,24,11;11,23,37,38,25,12;12,24,38,39,40,26;12,25,40,41,27,13;13,26,41,42,28,14;14,27,42,43,29,15;15,28,43,30,16;16,29,43,44,31,17;17,30,44,45,32,18;18,31,45,46,33,19;19,32,46,47,34;19,33,47,48,35,20;20,34,48,36,22,21;22,35,48,49,37;22,36,49,38,24,23;24,37,49,39,25;25,38,49,50,51,40;25,39,51,41,26;26,40,51,52,42,27;27,41,52,53,43,28;28,42,53,44,30,29;30,43,53,54,45,31;31,44,54,46,32;32,45,54,55,47,33;33,46,55,50,48,34;34,47,50,49,36,35;36,48,50,39,38,37;39,49,48,47,55,51;39,50,55,52,41,40;41,51,55,54,53,42;42,52,54,44,43;44,53,52,55,46,45;46,54,52,51,50,47
ipr56_143 56 1,2,3,4,5,6;0,6,7,8,9,2;0,1,9,10,11,3;0,2,11,12,4;0,3,12,13,14,5;0,4,14,15,6;0,5,15,16,7,1;1,6,16,17,8;1,7,17,18,19,9;1,8,19,20,10,2;2,9,20,21,22,11;2,10,22,23,12,3;3,11,23,24,13,4;4,12,24,25,26,14;4,13,26,27,15,5;5,14,27,28,16,6;6,15,28,29,17,7;7,16,29,30,18,8;8,17,30,31,32,19;8,18,32,33,20,9;9,19,33,21,10;10,20,33,34,35,22;10,21,35,36,23,11;11,22,36,37,24,12;12,23,37,38,25,13;13,24,38,39,40,26;13,25,40,27,14;14,26,40,41,28,15;15,27,41,42,29,16;16,28,42,43,30,17;17,29,43,31,18;18,30,43,44,45,32;18,31,45,46,33,19;19,32,46,34,21,20;21,33,46,47,35;21,34,47,48,36,22;22,35,48,49,37,23;23,36,49,38,24;24,37,49,50,39,25;25,38,50,51,40;25,39,51,41,27,26;27,40,51,52,42,28;28,41,52,43,29;29,42,52,44,31,30;31,43,52,53,54,45;31,44,54,46,32;32,45,54,47,34,33;34,46,54,55,48,35;35,47,55,49,36;36,48,55,50,38,37;38,49,55,53,51,39;39,50,53,52,41,40;41,51,53,44,43,42;44,52,51,50,55,54;44,53,55,47,46,45;47,54,53,50,49,48
ipr56_148 56 1,2,3,4,5,6;0,6,7,8,9,2;0,1,9,10,3;0,2,10,11,12,4;0,3,12,13,14,5;0,4,14,15,16,6;0,5,16,17,7,1;1,6,17,18,19,8;1,7,19,20,21,9;1,8,21,22,10,2;2,9,22,23,11,3;3,10,23,24,25,12;3,11,25,26,13,4;4,12,26,27,28,14;4,13,28,15,5;5,14,28,29,30,16;5,15,30,17,6;6,16,30,31,18,7;7,17,31,32,19;7,18,32,33,20,8;8,19,33,34,21;8,20,34,35,22,9;9,21,35,36,23,10;10,22,36,37,24,11;11,23,37,38,25;11,24,38,39,26,12;12,25,39,40,27,13;13,26,40,41,42,28;13,27,42,29,15,14;15,28,42,43,44,30;15,29,44,31,17,16;17,30,44,45,32,18;18,31,45,46,33,19;19,32,46,47,34,20;20,33,47,48,35,21;21,34,48,49,36,22;22,35,49,37,23;23,36,49,50,38,24;24,37,50,51,39,25;25,38,51,40,26;26,39,51,52,41,27;27,40,52,53,43,42;27,41,43,29,28;29,42,41,53,45,44;29,43,45,31,30;31,44,43,53,46,32;32,45,53,54,47,33;33,46,54,48,34;34,47,54,55,49,35;35,48,55,50,37,36;37,49,55,51,38;38,50,55,52,40,39;40,51,55,54,53,41;41,52,54,46,45,43;46,53,52,55,48,47;48,54,52,51,50,49
ipr56_176 56 1,2,3,4,5,6;0,6,7,8,9,2;0,1,9,10,11,3;0,2,11,12,4;0,3,12,13,14,5;0,4,14,15,6;0,5,15,16,7,1;1,6,16,17,8;1,7,17,18,19,9;1,8,19,20,10,2;2,9,20,21,22,11;2,10,22,23,12,3;3,11,23,24,13,4;4,12,24,25,26,14;4,13,26,27,15,5;5,14,27,28,16,6;6,15,28,29,17,7;7,16,29,30,18,8;8,17,30,31,32,19;8,18,32,33,20,9;9,19,33,34,21,10;10,20,34,35,36,22;10,21,36,23,11;11,22,36,37,24,12;12,23,37,38,25,13;13,24,38,39,40,26;13,25,40,41,27,14;14,26,41,42,28,15;15,27,42,29,16;16,28,42,43,30,17;17,29,43,31,18;18,30,43,44,45,32;18,31,45,46,33,19;19,32,46,34,20;20,33,46,47,35,21;21,34,47,48,36;21,35,48,37,23,22;23,36,48,49,38,24;24,37,49,50,39,25;25,38,50,51,40;25,39,51,52,41,26;26,40,52,42,27;27,41,52,43,29,28;29,42,52,44,31,30;31,43,52,51,53,45;31,44,53,54,46,32;32,45,54,47,34,33;34,46,54,55,48,35;35,47,55,49,37,36;37,48,55,50,38;38,49,55,53,51,39;39,50,53,44,52,40;40,51,44,43,42,41;44,51,50,55,54,45;45,53,55,47,46;47,54,53,50,49,48
ipr56_185 56 1,2,3,4,5,6;0,6,7,8,9,2;0,1,9,10,11,3;0,2,11,12,4;0,3,12,13,14,5;0,4,14,15,16,6;0,5,16,17,7,1;1,6,17,18,19,8;1,7,19,20,21,9;1,8,21,22,10,2;2,9,22,23,11;2,10,23,24,12,3;3,11,24,25,13,4;4,12,25,26,14;4,13,26,27,15,5;5,14,27,28,29,16;5,15,29,17,6;6,16,29,30,18,7;7,17,30,31,32,19;7,18,32,33,20,8;8,19,33,34,21;8,20,34,35,22,9;9,21,35,36,23,10;10,22,36,37,24,11;11,23,37,38,25,12;12,24,38,39,26,13;13,25,39,40,27,14;14,26,40,41,28,15;15,27,41,42,29;15,28,42,30,17,16;17,29,42,31,18;18,30,42,43,44,32;18,31,44,33,19;19,32,44,45,34,20;20,33,45,46,35,21;21,34,46,47,36,22;22,35,47,48,37,23;23,36,48,38,24;24,37,48,49,39,25;25,38,49,50,40,26;26,39,50,51,41,27;27,40,51,43,42,28;28,41,43,31,30,29;31,42,41,51,52,44;31,43,52,45,33,32;33,44,52,53,46,34;34,45,53,47,35;35,46,53,54,48,36;36,47,54,49,38,37;38,48,54,55,50,39;39,49,55,51,40;40,50,55,52,43,41;43,51,55,53,45,44;45,52,55,54,47,46;47,53,55,49,48;49,54,53,52,51,50
ipr56_192 56 1,2,3,4,5,6;0,6,7,8,9,2;0,1,9,10,11,3;0,2,11,12,4;0,3,12,13,14,5;0,4,14,15,16,6;0,5,16,17,7,1;1,6,17,18,19,8;1,7,19,20,21,9;1,8,21,10,2;2,9,21,22,23,11;2,10,23,24,12,3;3,11,24,25,13,4;4,12,25,26,14;4,13,26,27,15,5;5,14,27,28,29,16;5,15,29,30,17,6;6,16,30,18,7;7,17,30,31,32,19;7,18,32,20,8;8,19,32,33,34,21;8,20,34,22,10,9;10,21,34,35,36,23;10,22,36,37,24,11;11,23,37,38,25,12;12,24,38,39,26,13;13,25,39,40,27,14;14,26,40,41,28,15;15,27,41,42,29;15,28,42,43,30,16;16,29,43,31,18,17;18,30,43,44,45,32;18,31,45,33,20,19;20,32,45,46,47,34;20,33,47,35,22,21;22,34,47,48,36;22,35,48,49,37,23;23,36,49,50,38,24;24,37,50,39,25;25,38,50,51,40,26;26,39,51,52,41,27;27,40,52,53,42,28;28,41,53,44,43,29;29,42,44,31,30;31,43,42,53,46,45;31,44,46,33,32;33,45,44,53,54,47;33,46,54,48,35,34;35,47,54,55,49,36;36,48,55,50,37;37,49,55,51,39,38;39,50,55,52,40;40,51,55,54,53,41;41,52,54,46,44,42;46,53,52,55,48,47;48,54,52,51,50,49
ipr56_253 56 1,2,3,4,5,6;0,6,7,8,9,2;0,1,9,10,11,3;0,2,11,12,4;0,3,12,13,14,5;0,4,14,15,16,6;0,5,16,17,7,1;1,6,17,18,19,8;1,7,19,20,9;1,8,20,21,10,2;2,9,21,22,23,11;2,10,23,24,12,3;3,11,24,25,13,4;4,12,25,26,27,14;4,13,27,15,5;5,14,27,28,29,16;5,15,29,30,17,6;6,16,30,31,18,7;7,17,31,32,19;7,18,32,33,20,8;8,19,33,34,21,9;9,20,34,35,22,10;10,21,35,36,37,23;10,22,37,38,24,11;11,23,38,39,25,12;12,24,39,26,13;13,25,39,40,41,27;13,26,41,28,15,14;15,27,41,42,43,29;15,28,43,44,30,16;16,29,44,31,17;17,30,44,45,32,18;18,31,45,46,33,19;19,32,46,34,20;20,33,46,47,35,21;21,34,47,36,22;22,35,47,48,49,37;22,36,49,38,23;23,37,49,50,39,24;24,38,50,40,26,25;26,39,50,51,52,41;26,40,52,42,28,27;28,41,52,53,54,43;28,42,54,44,29;29,43,54,45,31,30;31,44,54,55,46,32;32,45,55,47,34,33;34,46,55,48,36,35;36,47,55,53,51,49;36,48,51,50,38,37;38,49,51,40,39;40,50,49,48,53,52;40,51,53,42,41;42,52,51,48,55,54;42,53,55,45,44,43;45,54,53,48,47,46
ipr56_272 56 1,2,3,4,5,6;0,6,7,8,9,2;0,1,9,10,11,3;0,2,11,12,13,4;0,3,13,14,15,5;0,4,15,16,17,6;0,5,17,7,1;1,6,17,18,19,8;1,7,19,20,21,9;1,8,21,10,2;2,9,21,22,23,11;2,10,23,12,3;3,11,23,24,25,13;3,12,25,14,4;4,13,25,26,27,15;4,14,27,16,5;5,15,27,28,29,17;5,16,29,18,7,6;7,17,29,30,19;7,18,30,31,20,8;8,19,31,32,33,21;8,20,33,22,10,9;10,21,33,34,35,23;10,22,35,24,12,11;12,23,35,36,37,25;12,24,37,26,14,13;14,25,37,38,39,27;14,26,39,28,16,15;16,27,39,40,41,29;16,28,41,30,18,17;18,29,41,42,31,19;19,30,42,43,32,20;20,31,43,44,33;20,32,44,34,22,21;22,33,44,45,46,35;22,34,46,36,24,23;24,35,46,47,48,37;24,36,48,38,26,25;26,37,48,49,50,39;26,38,50,40,28,27;28,39,50,51,41;28,40,51,42,30,29;30,41,51,52,43,31;31,42,52,53,44,32;32,43,53,45,34,33;34,44,53,54,47,46;34,45,47,36,35;36,46,45,54,49,48;36,47,49,38,37;38,48,47,54,55,50;38,49,55,51,40,39;40,50,55,52,42,41;42,51,55,53,43;43,52,55,54,45,44;45,53,55,49,47;49,54,53,52,51,50
ipr56_308 56 1,2,3,4,5,6;0,6,7,8,2;0,1,8,9,10,3;0,2,10,11,12,4;0,3,12,13,5;0,4,13,14,15,6;0,5,15,16,7,1;1,6,16,17,18,8;1,7,18,19,9,2;2,8,19,20,21,10;2,9,21,22,11,3;3,10,22,23,12;3,11,23,24,13,4;4,12,24,25,14,5;5,13,25,26,27,15;5,14,27,28,16,6;6,15,28,29,17,7;7,16,29,30,31,18;7,17,31,19,8;8,18,31,32,20,9;9,19,32,33,34,21;9,20,34,35,22,10;10,21,35,36,23,11;11,22,36,37,24,12;12,23,37,38,25,13;13,24,38,39,26,14;14,25,39,40,41,27;14,26,41,28,15;15,27,41,42,29,16;16,28,42,30,17;17,29,42,43,44,31;17,30,44,32,19,18;19,31,44,33,20;20,32,44,45,46,34;20,33,46,47,35,21;21,34,47,48,36,22;22,35,48,49,37,23;23,36,49,38,24;24,37,49,50,39,25;25,38,50,51,40,26;26,39,51,52,53,41;26,40,53,42,28,27;28,41,53,43,30,29;30,42,53,52,45,44;30,43,45,33,32,31;33,44,43,52,54,46;33,45,54,47,34;34,46,54,55,48,35;35,47,55,49,36;36,48,55,50,38,37;38,49,55,51,39;39,50,55,54,52,40;40,51,54,45,43,53;40,52,43,42,41;45,52,51,55,47,46;47,54,51,50,49,48
ipr56_439 56 1,2,3,4,5,6;0,6,7,8,9,2;0,1,9,10,11,3;0,2,11,12,4;0,3,12,13,14,5;0,4,14,15,16,6;0,5,16,17,7,1;1,6,17,18,8;1,7,18,19,20,9;1,8,20,21,10,2;2,9,21,22,23,11;2,10,23,24,12,3;3,11,24,25,13,4;4,12,25,26,27,14;4,13,27,28,15,5;5,14,28,29,30,16;5,15,30,17,6;6,16,30,31,18,7;7,17,31,32,19,8;8,18,32,33,34,20;8,19,34,21,9;9,20,34,35,22,10;10,21,35,36,23;10,22,36,37,24,11;11,23,37,38,25,12;12,24,38,39,26,13;13,25,39,40,27;13,26,40,41,28,14;14,27,41,42,29,15;15,28,42,43,30;15,29,43,31,17,16;17,30,43,32,18;18,31,43,44,33,19;19,32,44,45,46,34;19,33,46,35,21,20;21,34,46,47,36,22;22,35,47,48,37,23;23,36,48,49,38,24;24,37,49,39,25;25,38,49,50,40,26;26,39,50,51,41,27;27,40,51,52,42,28;28,41,52,44,43,29;29,42,44,32,31,30;32,43,42,52,45,33;33,44,52,53,54,46;33,45,54,47,35,34;35,46,54,48,36;36,47,54,55,49,37;37,48,55,50,39,38;39,49,55,53,51,40;40,50,53,52,41;41,51,53,45,44,42;45,52,51,50,55,54;45,53,55,48,47,46;48,54,53,50,49
ipr56_452 56 1,2,3,4,5,6;0,6,7,8,9,2;0,1,9,10,11,3;0,2,11,12,13,4;0,3,13,14,15,5;0,4,15,16,17,6;0,5,17,7,1;1,6,17,18,19,8;1,7,19,20,21,9;1,8,21,22,10,2;2,9,22,23,11;2,10,23,24,12,3;3,11,24,25,13;3,12,25,26,14,4;4,13,26,27,28,15;4,14,28,29,16,5;5,15,29,30,31,17;5,16,31,18,7,6;7,17,31,32,33,19;7,18,33,20,8;8,19,33,34,35,21;8,20,35,36,22,9;9,21,36,37,23,10;10,22,37,38,24,11;11,23,38,39,25,12;12,24,39,40,26,13;13,25,40,27,14;14,26,40,41,42,28;14,27,42,29,15;15,28,42,43,30,16;16,29,43,44,31;16,30,44,32,18,17;18,31,44,45,33;18,32,45,34,20,19;20,33,45,46,35;20,34,46,47,36,21;21,35,47,48,37,22;22,36,48,49,38,23;23,37,49,39,24;24,38,49,50,40,25;25,39,50,41,27,26;27,40,50,51,52,42;27,41,52,43,29,28;29,42,52,53,44,30;30,43,53,45,32,31;32,44,53,46,34,33;34,45,53,54,47,35;35,46,54,55,48,36;36,47,55,49,37;37,48,55,50,39,38;39,49,55,51,41,40;41,50,55,54,52;41,51,54,53,43,42;43,52,54,46,45,44;46,53,52,51,55,47;47,54,51,50,49,48
ipr56_457 56 1,2,3,4,5,6;0,6,7,8,2;0,1,8,9,10,3;0,2,10,11,12,4;0,3,12,13,14,5;0,4,14,15,16,6;0,5,16,17,7,1;1,6,17,18,19,8;1,7,19,20,9,2;2,8,20,21,10;2,9,21,22,11,3;3,10,22,23,24,12;3,11,24,25,13,4;4,12,25,26,27,14;4,13,27,28,15,5;5,14,28,29,30,16;5,15,30,17,6;6,16,30,31,18,7;7,17,31,32,33,19;7,18,33,34,20,8;8,19,34,35,21,9;9,20,35,36,22,10;10,21,36,23,11;11,22,36,37,38,24;11,23,38,25,12;12,24,38,39,26,13;13,25,39,40,41,27;13,26,41,28,14;14,27,41,42,29,15;15,28,42,43,30;15,29,43,31,17,16;17,30,43,32,18;18,31,43,44,45,33;18,32,45,46,34,19;19,33,46,47,35,20;20,34,47,48,36,21;21,35,48,37,23,22;23,36,48,49,50,38;23,37,50,39,25,24;25,38,50,51,40,26;26,39,51,52,41;26,40,52,42,28,27;28,41,52,44,43,29;29,42,44,32,31,30;32,43,42,52,53,45;32,44,53,54,46,33;33,45,54,47,34;34,46,54,49,48,35;35,47,49,37,36;37,48,47,54,55,50;37,49,55,51,39,38;39,50,55,53,52,40;40,51,53,44,42,41;44,52,51,55,54,45;45,53,55,49,47,46;49,54,53,51,50
ipr56_492 56 1,2,3,4,5,6;0,6,7,8,9,2;0,1,9,10,11,3;0,2,11,12,4;0,3,12,13,14,5;0,4,14,15,16,6;0,5,16,17,7,1;1,6,17,18,19,8;1,7,19,20,9;1,8,20,21,10,2;2,9,21,22,11;2,10,22,23,12,3;3,11,23,24,13,4;4,12,24,25,26,14;4,13,26,27,15,5;5,14,27,28,29,16;5,15,29,17,6;6,16,29,30,18,7;7,17,30,31,32,19;7,18,32,33,20,8;8,19,33,34,21,9;9,20,34,35,22,10;10,21,35,36,23,11;11,22,36,37,24,12;12,23,37,38,25,13;13,24,38,39,26;13,25,39,40,27,14;14,26,40,41,28,15;15,27,41,42,29;15,28,42,30,17,16;17,29,42,31,18;18,30,42,43,44,32;18,31,44,33,19;19,32,44,45,34,20;20,33,45,46,35,21;21,34,46,47,36,22;22,35,47,48,37,23;23,36,48,38,24;24,37,48,49,39,25;25,38,49,50,40,26;26,39,50,51,41,27;27,40,51,43,42,28;28,41,43,31,30,29;31,42,41,51,52,44;31,43,52,45,33,32;33,44,52,53,46,34;34,45,53,47,35;35,46,53,54,48,36;36,47,54,49,38,37;38,48,54,50,39;39,49,54,55,51,40;40,50,55,52,43,41;43,51,55,53,45,44;45,52,55,54,47,46;47,53,55,50,49,48;50,54,53,52,51
ipr56_663 56 1,2,3,4,5,6;0,6,7,8,9,2;0,1,9,10,3;0,2,10,11,12,4;0,3,12,13,14,5;0,4,14,15,16,6;0,5,16,7,1;1,6,16,17,18,8;1,7,18,19,9;1,8,19,20,10,2;2,9,20,21,11,3;3,10,21,22,23,12;3,11,23,24,13,4;4,12,24,25,26,14;4,13,26,27,15,5;5,14,27,28,16;5,15,28,17,7,6;7,16,28,29,30,18;7,17,30,31,19,8;8,18,31,32,20,9;9,19,32,33,21,10;10,20,33,34,22,11;11,21,34,35,23;11,22,35,36,24,12;12,23,36,37,25,13;13,24,37,38,39,26;13,25,39,27,14;14,26,39,40,28,15;15,27,40,29,17,16;17,28,40,41,42,30;17,29,42,43,31,18;18,30,43,44,32,19;19,31,44,45,33,20;20,32,45,34,21;21,33,45,46,35,22;22,34,46,47,36,23;23,35,47,48,37,24;24,36,48,49,38,25;25,37,49,50,41,39;25,38,41,40,27,26;27,39,41,29,28;29,40,39,38,50,42;29,41,50,51,43,30;30,42,51,52,44,31;31,43,52,53,45,32;32,44,53,46,34,33;34,45,53,54,47,35;35,46,54,48,36;36,47,54,55,49,37;37,48,55,51,50,38;38,49,51,42,41;42,50,49,55,52,43;43,51,55,54,53,44;44,52,54,46,45;46,53,52,55,48,47;48,54,52,51,49
ipr56_748 56 1,2,3,4,5;0,5,6,7,8,2;0,1,8,9,10,3;0,2,10,11,12,4;0,3,12,13,14,5;0,4,14,15,6,1;1,5,15,16,17,7;1,6,17,18,8;1,7,18,19,9,2;2,8,19,20,21,10;2,9,21,22,11,3;3,10,22,23,24,12;3,11,24,13,4;4,12,24,25,26,14;4,13,26,27,15,5;5,14,27,28,16,6;6,15,28,29,30,17;6,16,30,31,18,7;7,17,31,32,19,8;8,18,32,33,20,9;9,19,33,34,35,21;9,20,35,36,22,10;10,21,36,23,11;11,22,36,37,38,24;11,23,38,25,13,12;13,24,38,39,40,26;13,25,40,41,27,14;14,26,41,28,15;15,27,41,42,29,16;16,28,42,43,30;16,29,43,44,31,17;17,30,44,32,18;18,31,44,45,33,19;19,32,45,34,20;20,33,45,46,47,35;20,34,47,48,36,21;21,35,48,37,23,22;23,36,48,49,38;23,37,49,39,25,24;25,38,49,50,40;25,39,50,51,41,26;26,40,51,42,28,27;28,41,51,52,43,29;29,42,52,53,44,30;30,43,53,45,32,31;32,44,53,46,34,33;34,45,53,54,55,47;34,46,55,48,35;35,47,55,49,37,36;37,48,55,50,39,38;39,49,55,54,51,40;40,50,54,52,42,41;42,51,54,53,43;43,52,54,46,45,44;46,53,52,51,50,55;46,54,50,49,48,47
ipr56_808 56 1,2,3,4,5,6;0,6,7,8,9,2;0,1,9,10,11,3;0,2,11,12,13,4;0,3,13,14,15,5;0,4,15,16,6;0,5,16,17,7,1;1,6,17,18,19,8;1,7,19,20,21,9;1,8,21,22,10,2;2,9,22,23,24,11;2,10,24,12,3;3,11,24,25,26,13;3,12,26,14,4;4,13,26,27,28,15;4,14,28,29,16,5;5,15,29,30,17,6;6,16,30,31,18,7;7,17,31,32,19;7,18,32,33,20,8;8,19,33,34,21;8,20,34,35,22,9;9,21,35,36,23,10;10,22,36,37,24;10,23,37,25,12,11;12,24,37,38,39,26;12,25,39,27,14,13;14,26,39,40,28;14,27,40,41,29,15;15,28,41,42,30,16;16,29,42,31,17;17,30,42,43,32,18;18,31,43,44,33,19;19,32,44,45,34,20;20,33,45,46,35,21;21,34,46,47,36,22;22,35,47,48,37,23;23,36,48,38,25,24;25,37,48,49,50,39;25,38,50,40,27,26;27,39,50,51,41,28;28,40,51,52,42,29;29,41,52,43,31,30;31,42,52,53,44,32;32,43,53,45,33;33,44,53,54,46,34;34,45,54,47,35;35,46,54,49,48,36;36,47,49,38,37;38,48,47,54,55,50;38,49,55,51,40,39;40,50,55,52,41;41,51,55,53,43,42;43,52,55,54,45,44;45,53,55,49,47,46;49,54,53,52,51,50
ipr56_812 56 1,2,3,4,5,6;0,6,7,8,2;0,1,8,9,10,3;0,2,10,11,12,4;0,3,12,13,14,5;0,4,14,15,6;0,5,15,16,7,1;1,6,16,17,18,8;1,7,18,19,9,2;2,8,19,20,21,10;2,9,21,11,3;3,10,21,22,23,12;3,11,23,24,13,4;4,12,24,25,14;4,13,25,26,15,5;5,14,26,27,16,6;6,15,27,28,17,7;7,16,28,29,18;7,17,29,30,19,8;8,18,30,31,20,9;9,19,31,32,33,21;9,20,33,22,11,10;11,21,33,34,35,23;11,22,35,36,24,12;12,23,36,37,25,13;13,24,37,38,26,14;14,25,38,39,27,15;15,26,39,40,28,16;16,27,40,41,29,17;17,28,41,42,30,18;18,29,42,43,31,19;19,30,43,44,32,20;20,31,44,45,34,33;20,32,34,22,21;22,33,32,45,46,35;22,34,46,36,23;23,35,46,47,37,24;24,36,47,48,38,25;25,37,48,39,26;26,38,48,49,40,27;27,39,49,50,41,28;28,40,50,51,42,29;29,41,51,43,30;30,42,51,52,44,31;31,43,52,45,32;32,44,52,53,46,34;34,45,53,47,36,35;36,46,53,54,48,37;37,47,54,49,39,38;39,48,54,55,50,40;40,49,55,51,41;41,50,55,52,43,42;43,51,55,53,45,44;45,52,55,54,47,46;47,53,55,49,48;49,54,53,52,51,50
ipr56_856 56 1,2,3,4,5,6;0,6,7,8,9,2;0,1,9,10,11,3;0,2,11,12,4;0,3,12,13,14,5;0,4,14,15,6;0,5,15,16,7,1;1,6,16,17,18,8;1,7,18,19,20,9;1,8,20,21,10,2;2,9,21,22,23,11;2,10,23,24,12,3;3,11,24,25,13,4;4,12,25,26,27,14;4,13,27,28,15,5;5,14,28,29,16,6;6,15,29,30,17,7;7,16,30,31,32,18;7,17,32,33,19,8;8,18,33,34,35,20;8,19,35,21,9;9,20,35,36,22,10;10,21,36,37,38,23;10,22,38,24,11;11,23,38,39,25,12;12,24,39,40,26,13;13,25,40,41,42,27;13,26,42,43,28,14;14,27,43,29,15;15,28,43,44,30,16;16,29,44,45,31,17;17,30,45,46,32;17,31,46,47,33,18;18,32,47,34,19;19,33,47,48,49,35;19,34,49,36,21,20;21,35,49,37,22;22,36,49,50,51,38;22,37,51,39,24,23;24,38,51,40,25;25,39,51,52,41,26;26,40,52,53,54,42;26,41,54,43,27;27,42,54,44,29,28;29,43,54,45,30;30,44,54,53,46,31;31,45,53,55,47,32;32,46,55,48,34,33;34,47,55,50,49;34,48,50,37,36,35;37,49,48,55,52,51;37,50,52,40,39,38;40,51,50,55,53,41;41,52,55,46,45,54;41,53,45,44,43,42;46,53,52,50,48,47
ipr56_869 56 1,2,3,4,5,6;0,6,7,8,2;0,1,8,9,10,3;0,2,10,11,12,4;0,3,12,13,14,5;0,4,14,15,6;0,5,15,16,7,1;1,6,16,17,18,8;1,7,18,19,9,2;2,8,19,20,21,10;2,9,21,22,11,3;3,10,22,23,12;3,11,23,24,13,4;4,12,24,25,26,14;4,13,26,27,15,5;5,14,27,28,16,6;6,15,28,29,17,7;7,16,29,30,31,18;7,17,31,32,19,8;8,18,32,33,20,9;9,19,33,34,21;9,20,34,35,22,10;10,21,35,36,23,11;11,22,36,37,24,12;12,23,37,38,25,13;13,24,38,39,40,26;13,25,40,41,27,14;14,26,41,28,15;15,27,41,42,29,16;16,28,42,30,17;17,29,42,43,44,31;17,30,44,45,32,18;18,31,45,33,19;19,32,45,46,34,20;20,33,46,47,35,21;21,34,47,36,22;22,35,47,48,37,23;23,36,48,49,38,24;24,37,49,39,25;25,38,49,50,51,40;25,39,51,41,26;26,40,51,42,28,27;28,41,51,43,30,29;30,42,51,50,52,44;30,43,52,53,45,31;31,44,53,46,33,32;33,45,53,54,47,34;34,46,54,48,36,35;36,47,54,55,49,37;37,48,55,50,39,38;39,49,55,52,43,51;39,50,43,42,41,40;43,50,55,54,53,44;44,52,54,46,45;46,53,52,55,48,47;48,54,52,50,49
ipr56_888 56 1,2,3,4,5,6;0,6,7,8,2;0,1,8,9,10,3;0,2,10,11,12,4;0,3,12,13,14,5;0,4,14,15,16,6;0,5,16,17,7,1;1,6,17,18,19,8;1,7,19,20,9,2;2,8,20,21,10;2,9,21,22,11,3;3,10,22,23,24,12;3,11,24,13,4;4,12,24,25,26,14;4,13,26,27,15,5;5,14,27,28,16;5,15,28,29,17,6;6,16,29,18,7;7,17,29,30,31,19;7,18,31,32,20,8;8,19,32,33,21,9;9,20,33,34,22,10;10,21,34,23,11;11,22,34,35,36,24;11,23,36,25,13,12;13,24,36,37,38,26;13,25,38,39,27,14;14,26,39,40,28,15;15,27,40,41,29,16;16,28,41,30,18,17;18,29,41,42,43,31;18,30,43,44,32,19;19,31,44,45,33,20;20,32,45,46,34,21;21,33,46,35,23,22;23,34,46,47,48,36;23,35,48,37,25,24;25,36,48,49,50,38;25,37,50,39,26;26,38,50,51,40,27;27,39,51,41,28;28,40,51,42,30,29;30,41,51,52,53,43;30,42,53,54,44,31;31,43,54,45,32;32,44,54,47,46,33;33,45,47,35,34;35,46,45,54,55,48;35,47,55,49,37,36;37,48,55,52,50;37,49,52,51,39,38;39,50,52,42,41,40;42,51,50,49,55,53;42,52,55,54,43;43,53,55,47,45,44;47,54,53,52,49,48
ipr56_1039 56 1,2,3,4,5,6;0,6,7,8,2;0,1,8,9,10,3;0,2,10,11,12,4;0,3,12,13,14,5;0,4,14,15,16,6;0,5,16,17,7,1;1,6,17,18,19,8;1,7,19,20,9,2;2,8,20,21,10;2,9,21,22,11,3;3,10,22,23,24,12;3,11,24,25,13,4;4,12,25,26,27,14;4,13,27,28,15,5;5,14,28,29,30,16;5,15,30,17,6;6,16,30,31,18,7;7,17,31,32,33,19;7,18,33,20,8;8,19,33,34,21,9;9,20,34,35,22,10;10,21,35,36,23,11;11,22,36,37,38,24;11,23,38,39,25,12;12,24,39,26,13;13,25,39,40,41,27;13,26,41,28,14;14,27,41,42,29,15;15,28,42,43,30;15,29,43,31,17,16;17,30,43,44,32,18;18,31,44,45,46,33;18,32,46,34,20,19;20,33,46,47,35,21;21,34,47,48,36,22;22,35,48,37,23;23,36,48,49,50,38;23,37,50,39,24;24,38,50,40,26,25;26,39,50,51,52,41;26,40,52,42,28,27;28,41,52,53,43,29;29,42,53,44,31,30;31,43,53,54,45,32;32,44,54,55,47,46;32,45,47,34,33;34,46,45,55,48,35;35,47,55,49,37,36;37,48,55,51,50;37,49,51,40,39,38;40,50,49,55,54,52;40,51,54,53,42,41;42,52,54,44,43;44,53,52,51,55,45;45,54,51,49,48,47
ipr56_1097 56 1,2,3,4,5,6;0,6,7,8,9,2;0,1,9,10,11,3;0,2,11,12,13,4;0,3,13,14,15,5;0,4,15,16,6;0,5,16,17,7,1;1,6,17,18,19,8;1,7,19,20,9;1,8,20,21,10,2;2,9,21,22,23,11;2,10,23,24,12,3;3,11,24,25,26,13;3,12,26,14,4;4,13,26,27,28,15;4,14,28,29,16,5;5,15,29,30,17,6;6,16,30,18,7;7,17,30,31,32,19;7,18,32,33,20,8;8,19,33,34,21,9;9,20,34,35,22,10;10,21,35,36,37,23;10,22,37,24,11;11,23,37,38,25,12;12,24,38,39,40,26;12,25,40,27,14,13;14,26,40,41,28;14,27,41,42,29,15;15,28,42,43,30,16;16,29,43,31,18,17;18,30,43,44,45,32;18,31,45,33,19;19,32,45,46,34,20;20,33,46,47,35,21;21,34,47,48,36,22;22,35,48,49,37;22,36,49,38,24,23;24,37,49,39,25;25,38,49,50,51,40;25,39,51,41,27,26;27,40,51,52,42,28;28,41,52,53,43,29;29,42,53,44,31,30;31,43,53,54,45;31,44,54,46,33,32;33,45,54,47,34;34,46,54,55,48,35;35,47,55,50,49,36;36,48,50,39,38,37;39,49,48,55,52,51;39,50,52,41,40;41,51,50,55,53,42;42,52,55,54,44,43;44,53,55,47,46,45;47,54,53,52,50,48
ipr56_1128 56 1,2,3,4,5,6;0,6,7,8,9,2;0,1,9,10,11,3;0,2,11,12,13,4;0,3,13,14,15,5;0,4,15,16,17,6;0,5,17,18,7,1;1,6,18,19,20,8;1,7,20,21,22,9;1,8,22,10,2;2,9,22,23,24,11;2,10,24,25,12,3;3,11,25,26,27,13;3,12,27,14,4;4,13,27,28,29,15;4,14,29,30,16,5;5,15,30,31,17;5,16,31,32,18,6;6,17,32,19,7;7,18,32,33,34,20;7,19,34,35,21,8;8,20,35,36,22;8,21,36,23,10,9;10,22,36,37,38,24;10,23,38,39,25,11;11,24,39,26,12;12,25,39,40,41,27;12,26,41,28,14,13;14,27,41,42,43,29;14,28,43,44,30,15;15,29,44,45,31,16;16,30,45,46,32,17;17,31,46,33,19,18;19,32,46,47,34;19,33,47,48,35,20;20,34,48,49,36,21;21,35,49,37,23,22;23,36,49,50,51,38;23,37,51,39,24;24,38,51,40,26,25;26,39,51,52,42,41;26,40,42,28,27;28,41,40,52,53,43;28,42,53,44,29;29,43,53,54,45,30;30,44,54,46,31;31,45,54,47,33,32;33,46,54,55,48,34;34,47,55,50,49,35;35,48,50,37,36;37,49,48,55,52,51;37,50,52,40,39,38;40,51,50,55,53,42;42,52,55,54,44,43;44,53,55,47,46,45;47,54,53,52,50,48
ipr56_1140 56 1,2,3,4,5,6;0,6,7,8,2;0,1,8,9,10,3;0,2,10,11,12,4;0,3,12,13,5;0,4,13,14,15,6;0,5,15,16,7,1;1,6,16,17,18,8;1,7,18,19,9,2;2,8,19,20,21,10;2,9,21,11,3;3,10,21,22,23,12;3,11,23,24,13,4;4,12,24,25,14,5;5,13,25,26,27,15;5,14,27,16,6;6,15,27,28,17,7;7,16,28,29,30,18;7,17,30,31,19,8;8,18,31,32,20,9;9,19,32,33,34,21;9,20,34,22,11,10;11,21,34,35,36,23;11,22,36,37,24,12;12,23,37,38,25,13;13,24,38,39,26,14;14,25,39,40,41,27;14,26,41,28,16,15;16,27,41,29,17;17,28,41,42,43,30;17,29,43,44,31,18;18,30,44,32,19;19,31,44,45,33,20;20,32,45,46,35,34;20,33,35,22,21;22,34,33,46,47,36;22,35,47,48,37,23;23,36,48,49,38,24;24,37,49,50,39,25;25,38,50,40,26;26,39,50,51,42,41;26,40,42,29,28,27;29,41,40,51,52,43;29,42,52,53,44,30;30,43,53,45,32,31;32,44,53,46,33;33,45,53,54,47,35;35,46,54,48,36;36,47,54,55,49,37;37,48,55,50,38;38,49,55,51,40,39;40,50,55,52,42;42,51,55,54,53,43;43,52,54,46,45,44;46,53,52,55,48,47;48,54,52,51,50,49
ipr56_1158 56 1,2,3,4,5;0,5,6,7,8,2;0,1,8,9,10,3;0,2,10,11,12,4;0,3,12,13,14,5;0,4,14,15,6,1;1,5,15,16,17,7;1,6,17,18,19,8;1,7,19,20,9,2;2,8,20,21,22,10;2,9,22,11,3;3,10,22,23,24,12;3,11,24,25,13,4;4,12,25,26,27,14;4,13,27,28,15,5;5,14,28,29,16,6;6,15,29,30,31,17;6,16,31,18,7;7,17,31,32,33,19;7,18,33,34,20,8;8,19,34,35,21,9;9,20,35,36,22;9,21,36,23,11,10;11,22,36,37,38,24;11,23,38,39,25,12;12,24,39,26,13;13,25,39,40,41,27;13,26,41,28,14;14,27,41,42,29,15;15,28,42,43,30,16;16,29,43,44,31;16,30,44,32,18,17;18,31,44,45,46,33;18,32,46,47,34,19;19,33,47,35,20;20,34,47,48,36,21;21,35,48,37,23,22;23,36,48,49,50,38;23,37,50,39,24;24,38,50,40,26,25;26,39,50,51,52,41;26,40,52,42,28,27;28,41,52,43,29;29,42,52,53,44,30;30,43,53,45,32,31;32,44,53,54,55,46;32,45,55,47,33;33,46,55,48,35,34;35,47,55,49,37,36;37,48,55,54,51,50;37,49,51,40,39,38;40,50,49,54,53,52;40,51,53,43,42,41;43,52,51,54,45,44;45,53,51,49,55;45,54,49,48,47,46
ipr56_1181 56 1,2,3,4,5,6;0,6,7,8,9,2;0,1,9,10,11,3;0,2,11,12,4;0,3,12,13,14,5;0,4,14,15,6;0,5,15,16,7,1;1,6,16,17,18,8;1,7,18,19,9;1,8,19,20,10,2;2,9,20,21,11;2,10,21,22,12,3;3,11,22,23,13,4;4,12,23,24,25,14;4,13,25,26,15,5;5,14,26,27,16,6;6,15,27,28,17,7;7,16,28,29,30,18;7,17,30,31,19,8;8,18,31,32,20,9;9,19,32,33,21,10;10,20,33,34,22,11;11,21,34,35,23,12;12,22,35,36,24,13;13,23,36,37,38,25;13,24,38,39,26,14;14,25,39,27,15;15,26,39,40,28,16;16,27,40,29,17;17,28,40,41,42,30;17,29,42,43,31,18;18,30,43,44,32,19;19,31,44,45,33,20;20,32,45,34,21;21,33,45,46,35,22;22,34,46,47,36,23;23,35,47,48,37,24;24,36,48,49,50,38;24,37,50,39,25;25,38,50,40,27,26;27,39,50,41,29,28;29,40,50,49,51,42;29,41,51,43,30;30,42,51,52,44,31;31,43,52,53,45,32;32,44,53,46,34,33;34,45,53,54,47,35;35,46,54,48,36;36,47,54,55,49,37;37,48,55,51,41,50;37,49,41,40,39,38;41,49,55,52,43,42;43,51,55,54,53,44;44,52,54,46,45;46,53,52,55,48,47;48,54,52,51,49
ipr56_1193 56 1,2,3,4,5,6;0,6,7,8,9,2;0,1,9,10,11,3;0,2,11,12,13,4;0,3,13,14,15,5;0,4,15,16,6;0,5,16,17,7,1;1,6,17,18,19,8;1,7,19,20,21,9;1,8,21,22,10,2;2,9,22,23,11;2,10,23,24,12,3;3,11,24,25,26,13;3,12,26,14,4;4,13,26,27,28,15;4,14,28,29,16,5;5,15,29,30,17,6;6,16,30,31,18,7;7,17,31,32,33,19;7,18,33,34,20,8;8,19,34,35,36,21;8,20,36,22,9;9,21,36,37,23,10;10,22,37,38,24,11;11,23,38,39,25,12;12,24,39,40,41,26;12,25,41,27,14,13;14,26,41,42,28;14,27,42,43,29,15;15,28,43,30,16;16,29,43,44,31,17;17,30,44,45,32,18;18,31,45,46,33;18,32,46,47,34,19;19,33,47,35,20;20,34,47,48,49,36;20,35,49,37,22,21;22,36,49,38,23;23,37,49,50,39,24;24,38,50,51,40,25;25,39,51,52,41;25,40,52,42,27,26;27,41,52,53,43,28;28,42,53,44,30,29;30,43,53,45,31;31,44,53,54,46,32;32,45,54,55,47,33;33,46,55,48,35,34;35,47,55,50,49;35,48,50,38,37,36;38,49,48,55,51,39;39,50,55,54,52,40;40,51,54,53,42,41;42,52,54,45,44,43;45,53,52,51,55,46;46,54,51,50,48,47
ipr56_1199 56 1,2,3,4,5,6;0,6,7,8,9,2;0,1,9,10,11,3;0,2,11,12,4;0,3,12,13,14,5;0,4,14,15,6;0,5,15,16,7,1;1,6,16,17,18,8;1,7,18,19,9;1,8,19,20,10,2;2,9,20,21,11;2,10,21,22,12,3;3,11,22,23,13,4;4,12,23,24,25,14;4,13,25,26,15,5;5,14,26,27,16,6;6,15,27,28,17,7;7,16,28,29,30,18;7,17,30,31,19,8;8,18,31,32,20,9;9,19,32,33,21,10;10,20,33,34,22,11;11,21,34,35,23,12;12,22,35,36,24,13;13,23,36,37,38,25;13,24,38,39,26,14;14,25,39,27,15;15,26,39,40,28,16;16,27,40,41,29,17;17,28,41,42,43,30;17,29,43,44,31,18;18,30,44,32,19;19,31,44,45,33,20;20,32,45,46,34,21;21,33,46,47,35,22;22,34,47,36,23;23,35,47,48,37,24;24,36,48,49,38;24,37,49,50,39,25;25,38,50,40,27,26;27,39,50,41,28;28,40,50,51,42,29;29,41,51,52,43;29,42,52,53,44,30;30,43,53,45,32,31;32,44,53,46,33;33,45,53,54,47,34;34,46,54,48,36,35;36,47,54,55,49,37;37,48,55,51,50,38;38,49,51,41,40,39;41,50,49,55,52,42;42,51,55,54,53,43;43,52,54,46,45,44;46,53,52,55,48,47;48,54,52,51,49
ipr56_1284 56 1,2,3,4,5,6;0,6,7,8,2;0,1,8,9,10,3;0,2,10,11,4;0,3,11,12,13,5;0,4,13,14,15,6;0,5,15,16,7,1;1,6,16,17,18,8;1,7,18,19,9,2;2,8,19,20,21,10;2,9,21,22,11,3;3,10,22,23,12,4;4,11,23,24,25,13;4,12,25,26,14,5;5,13,26,27,15;5,14,27,28,16,6;6,15,28,29,17,7;7,16,29,30,31,18;7,17,31,32,19,8;8,18,32,33,20,9;9,19,33,34,21;9,20,34,35,22,10;10,21,35,36,23,11;11,22,36,37,24,12;12,23,37,38,25;12,24,38,39,26,13;13,25,39,40,27,14;14,26,40,41,28,15;15,27,41,42,29,16;16,28,42,30,17;17,29,42,43,44,31;17,30,44,45,32,18;18,31,45,33,19;19,32,45,46,34,20;20,33,46,47,35,21;21,34,47,36,22;22,35,47,48,37,23;23,36,48,49,38,24;24,37,49,50,39,25;25,38,50,51,40,26;26,39,51,41,27;27,40,51,52,42,28;28,41,52,43,30,29;30,42,52,53,54,44;30,43,54,55,45,31;31,44,55,46,33,32;33,45,55,47,34;34,46,55,48,36,35;36,47,55,54,49,37;37,48,54,53,50,38;38,49,53,51,39;39,50,53,52,41,40;41,51,53,43,42;43,52,51,50,49,54;43,53,49,48,55,44;44,54,48,47,46,45
ipr56_1291 56 1,2,3,4,5,6;0,6,7,8,2;0,1,8,9,10,3;0,2,10,11,12,4;0,3,12,13,14,5;0,4,14,15,16,6;0,5,16,17,7,1;1,6,17,18,19,8;1,7,19,20,9,2;2,8,20,21,22,10;2,9,22,23,11,3;3,10,23,24,25,12;3,11,25,13,4;4,12,25,26,27,14;4,13,27,28,15,5;5,14,28,29,30,16;5,15,30,31,17,6;6,16,31,32,18,7;7,17,32,33,19;7,18,33,34,20,8;8,19,34,21,9;9,20,34,35,36,22;9,21,36,23,10;10,22,36,37,24,11;11,23,37,38,39,25;11,24,39,26,13,12;13,25,39,40,27;13,26,40,41,28,14;14,27,41,29,15;15,28,41,42,43,30;15,29,43,31,16;16,30,43,44,32,17;17,31,44,45,33,18;18,32,45,46,34,19;19,33,46,35,21,20;21,34,46,47,36;21,35,47,37,23,22;23,36,47,48,38,24;24,37,48,49,50,39;24,38,50,40,26,25;26,39,50,51,41,27;27,40,51,42,29,28;29,41,51,52,43;29,42,52,44,31,30;31,43,52,53,45,32;32,44,53,54,46,33;33,45,54,47,35,34;35,46,54,48,37,36;37,47,54,49,38;38,48,54,53,55,50;38,49,55,51,40,39;40,50,55,52,42,41;42,51,55,53,44,43;44,52,55,49,54,45;45,53,49,48,47,46;49,53,52,51,50
ipr56_1333 56 1,2,3,4,5,6;0,6,7,8,9,2;0,1,9,10,11,3;0,2,11,12,4;0,3,12,13,14,5;0,4,14,15,16,6;0,5,16,17,7,1;1,6,17,18,19,8;1,7,19,20,21,9;1,8,21,10,2;2,9,21,22,23,11;2,10,23,24,12,3;3,11,24,25,13,4;4,12,25,26,27,14;4,13,27,28,15,5;5,14,28,29,16;5,15,29,30,17,6;6,16,30,18,7;7,17,30,31,32,19;7,18,32,33,20,8;8,19,33,34,21;8,20,34,22,10,9;10,21,34,35,36,23;10,22,36,24,11;11,23,36,37,25,12;12,24,37,38,26,13;13,25,38,39,40,27;13,26,40,28,14;14,27,40,41,29,15;15,28,41,42,30,16;16,29,42,31,18,17;18,30,42,43,44,32;18,31,44,45,33,19;19,32,45,46,34,20;20,33,46,35,22,21;22,34,46,47,36;22,35,47,37,24,23;24,36,47,48,38,25;25,37,48,49,39,26;26,38,49,50,40;26,39,50,41,28,27;28,40,50,51,42,29;29,41,51,43,31,30;31,42,51,52,53,44;31,43,53,45,32;32,44,53,54,46,33;33,45,54,47,35,34;35,46,54,48,37,36;37,47,54,55,49,38;38,48,55,52,50,39;39,49,52,51,41,40;41,50,52,43,42;43,51,50,49,55,53;43,52,55,54,45,44;45,53,55,48,47,46;48,54,53,52,49
ipr56_1681 56 1,2,3,4,5,6;0,6,7,8,2;0,1,8,9,10,3;0,2,10,11,12,4;0,3,12,13,14,5;0,4,14,15,16,6;0,5,16,17,7,1;1,6,17,18,19,8;1,7,19,20,9,2;2,8,20,21,10;2,9,21,22,11,3;3,10,22,23,24,12;3,11,24,25,13,4;4,12,25,26,27,14;4,13,27,15,5;5,14,27,28,29,16;5,15,29,30,17,6;6,16,30,31,18,7;7,17,31,32,19;7,18,32,33,20,8;8,19,33,34,21,9;9,20,34,35,22,10;10,21,35,36,23,11;11,22,36,37,24;11,23,37,38,25,12;12,24,38,26,13;13,25,38,39,40,27;13,26,40,28,15,14;15,27,40,41,29;15,28,41,42,30,16;16,29,42,43,31,17;17,30,43,44,32,18;18,31,44,45,33,19;19,32,45,46,34,20;20,33,46,35,21;21,34,46,47,36,22;22,35,47,48,37,23;23,36,48,49,38,24;24,37,49,39,26,25;26,38,49,50,40;26,39,50,41,28,27;28,40,50,51,42,29;29,41,51,43,30;30,42,51,52,44,31;31,43,52,53,45,32;32,44,53,46,33;33,45,53,47,35,34;35,46,53,54,48,36;36,47,54,55,49,37;37,48,55,50,39,38;39,49,55,51,41,40;41,50,55,52,43,42;43,51,55,54,53,44;44,52,54,47,46,45;47,53,52,55,48;48,54,52,51,50,49
ipr56_1693 56 1,2,3,4,5,6;0,6,7,8,9,2;0,1,9,10,11,3;0,2,11,12,13,4;0,3,13,14,15,5;0,4,15,16,17,6;0,5,17,18,7,1;1,6,18,19,20,8;1,7,20,21,9;1,8,21,22,10,2;2,9,22,23,24,11;2,10,24,25,12,3;3,11,25,26,13;3,12,26,27,14,4;4,13,27,28,15;4,14,28,29,16,5;5,15,29,30,31,17;5,16,31,18,6;6,17,31,32,19,7;7,18,32,33,34,20;7,19,34,35,21,8;8,20,35,36,22,9;9,21,36,23,10;10,22,36,37,38,24;10,23,38,39,25,11;11,24,39,40,26,12;12,25,40,41,27,13;13,26,41,42,28,14;14,27,42,43,29,15;15,28,43,44,30,16;16,29,44,45,31;16,30,45,32,18,17;18,31,45,33,19;19,32,45,46,47,34;19,33,47,35,20;20,34,47,48,36,21;21,35,48,37,23,22;23,36,48,49,38;23,37,49,50,39,24;24,38,50,40,25;25,39,50,51,41,26;26,40,51,42,27;27,41,51,52,43,28;28,42,52,53,44,29;29,43,53,46,45,30;30,44,46,33,32,31;33,45,44,53,54,47;33,46,54,48,35,34;35,47,54,49,37,36;37,48,54,55,50,38;38,49,55,51,40,39;40,50,55,52,42,41;42,51,55,53,43;43,52,55,54,46,44;46,53,55,49,48,47;49,54,53,52,51,50
ipr56_1758 56 1,2,3,4,5,6;0,6,7,8,2;0,1,8,9,10,3;0,2,10,11,12,4;0,3,12,13,14,5;0,4,14,15,6;0,5,15,16,7,1;1,6,16,17,18,8;1,7,18,19,9,2;2,8,19,20,21,10;2,9,21,22,11,3;3,10,22,23,24,12;3,11,24,13,4;4,12,24,25,26,14;4,13,26,27,15,5;5,14,27,28,16,6;6,15,28,29,17,7;7,16,29,30,31,18;7,17,31,32,19,8;8,18,32,20,9;9,19,32,33,34,21;9,20,34,35,22,10;10,21,35,36,23,11;11,22,36,37,24;11,23,37,25,13,12;13,24,37,38,39,26;13,25,39,40,27,14;14,26,40,41,28,15;15,27,41,29,16;16,28,41,42,30,17;17,29,42,43,44,31;17,30,44,32,18;18,31,44,33,20,19;20,32,44,45,34;20,33,45,46,35,21;21,34,46,47,36,22;22,35,47,48,37,23;23,36,48,38,25,24;25,37,48,49,39;25,38,49,50,40,26;26,39,50,51,41,27;27,40,51,42,29,28;29,41,51,52,43,30;30,42,52,53,45,44;30,43,45,33,32,31;33,44,43,53,46,34;34,45,53,54,47,35;35,46,54,48,36;36,47,54,49,38,37;38,48,54,55,50,39;39,49,55,51,40;40,50,55,52,42,41;42,51,55,53,43;43,52,55,54,46,45;46,53,55,49,48,47;49,54,53,52,51,50
ipr58_30 58 1,2,3,4,5,6;0,6,7,8,9,2;0,1,9,10,11,3;0,2,11,12,13,4;0,3,13,14,15,5;0,4,15,16,17,6;0,5,17,18,7,1;1,6,18,19,20,8;1,7,20,21,9;1,8,21,22,10,2;2,9,22,23,24,11;2,10,24,12,3;3,11,24,25,26,13;3,12,26,14,4;4,13,26,27,28,15;4,14,28,29,16,5;5,15,29,30,31,17;5,16,31,32,18,6;6,17,32,33,19,7;7,18,33,34,20;7,19,34,35,21,8;8,20,35,36,22,9;9,21,36,37,23,10;10,22,37,38,39,24;10,23,39,25,12,11;12,24,39,40,41,26;12,25,41,27,14,13;14,26,41,42,43,28;14,27,43,29,15;15,28,43,44,30,16;16,29,44,45,31;16,30,45,46,32,17;17,31,46,33,18;18,32,46,47,34,19;19,33,47,48,35,20;20,34,48,36,21;21,35,48,49,37,22;22,36,49,50,38,23;23,37,50,51,40,39;23,38,40,25,24;25,39,38,51,42,41;25,40,42,27,26;27,41,40,51,52,43;27,42,52,44,29,28;29,43,52,53,45,30;30,44,53,54,46,31;31,45,54,47,33,32;33,46,54,55,48,34;34,47,55,49,36,35;36,48,55,56,50,37;37,49,56,57,51,38;38,50,57,52,42,40;42,51,57,53,44,43;44,52,57,56,54,45;45,53,56,55,47,46;47,54,56,49,48;49,55,54,53,57,50;50,56,53,52,51
ipr58_32 58 1,2,3,4,5,6;0,6,7,8,2;0,1,8,9,10,3;0,2,10,11,4;0,3,11,12,13,5;0,4,13,14,15,6;0,5,15,16,7,1;1,6,16,17,18,8;1,7,18,19,9,2;2,8,19,20,10;2,9,20,21,11,3;3,10,21,22,12,4;4,11,22,23,24,13;4,12,24,14,5;5,13,24,25,26,15;5,14,26,27,16,6;6,15,27,28,17,7;7,16,28,29,30,18;7,17,30,31,19,8;8,18,31,32,20,9;9,19,32,33,21,10;10,20,33,22,11;11,21,33,34,23,12;12,22,34,35,36,24;12,23,36,25,14,13;14,24,36,37,26;14,25,37,38,27,15;15,26,38,39,28,16;16,27,39,40,29,17;17,28,40,41,42,30;17,29,42,43,31,18;18,30,43,44,32,19;19,31,44,45,33,20;20,32,45,34,22,21;22,33,45,46,35,23;23,34,46,47,48,36;23,35,48,37,25,24;25,36,48,49,38,26;26,37,49,50,39,27;27,38,50,51,40,28;28,39,51,41,29;29,40,51,52,53,42;29,41,53,43,30;30,42,53,54,44,31;31,43,54,46,45,32;32,44,46,34,33;34,45,44,54,47,35;35,46,54,55,56,48;35,47,56,49,37,36;37,48,56,57,50,38;38,49,57,51,39;39,50,57,52,41,40;41,51,57,55,53;41,52,55,54,43,42;43,53,55,47,46,44;47,54,53,52,57,56;47,55,57,49,48;49,56,55,52,51,50
ipr58_41 58 1,2,3,4,5,6;0,6,7,8,9,2;0,1,9,10,11,3;0,2,11,12,13,4;0,3,13,14,15,5;0,4,15,16,17,6;0,5,17,7,1;1,6,17,18,19,8;1,7,19,20,21,9;1,8,21,22,10,2;2,9,22,23,24,11;2,10,24,12,3;3,11,24,25,26,13;3,12,26,27,14,4;4,13,27,28,29,15;4,14,29,30,16,5;5,15,30,31,32,17;5,16,32,18,7,6;7,17,32,33,34,19;7,18,34,20,8;8,19,34,35,36,21;8,20,36,37,22,9;9,21,37,38,23,10;10,22,38,39,24;10,23,39,25,12,11;12,24,39,40,26;12,25,40,41,27,13;13,26,41,28,14;14,27,41,42,43,29;14,28,43,44,30,15;15,29,44,45,31,16;16,30,45,46,33,32;16,31,33,18,17;18,32,31,46,47,34;18,33,47,35,20,19;20,34,47,48,49,36;20,35,49,50,37,21;21,36,50,51,38,22;22,37,51,52,39,23;23,38,52,40,25,24;25,39,52,53,41,26;26,40,53,42,28,27;28,41,53,54,55,43;28,42,55,44,29;29,43,55,56,45,30;30,44,56,46,31;31,45,56,48,47,33;33,46,48,35,34;35,47,46,56,57,49;35,48,57,50,36;36,49,57,54,51,37;37,50,54,53,52,38;38,51,53,40,39;40,52,51,54,42,41;42,53,51,50,57,55;42,54,57,56,44,43;44,55,57,48,46,45;48,56,55,54,50,49
ipr58_49 58 1,2,3,4,5,6;0,6,7,8,9,2;0,1,9,10,11,3;0,2,11,12,13,4;0,3,13,14,15,5;0,4,15,16,6;0,5,16,17,7,1;1,6,17,18,19,8;1,7,19,20,21,9;1,8,21,22,10,2;2,9,22,23,24,11;2,10,24,12,3;3,11,24,25,26,13;3,12,26,27,14,4;4,13,27,28,29,15;4,14,29,30,16,5;5,15,30,31,17,6;6,16,31,32,18,7;7,17,32,33,34,19;7,18,34,35,20,8;8,19,35,36,21;8,20,36,37,22,9;9,21,37,38,23,10;10,22,38,39,24;10,23,39,25,12,11;12,24,39,40,26;12,25,40,41,27,13;13,26,41,28,14;14,27,41,42,43,29;14,28,43,44,30,15;15,29,44,45,31,16;16,30,45,32,17;17,31,45,46,33,18;18,32,46,47,48,34;18,33,48,35,19;19,34,48,49,36,20;20,35,49,50,37,21;21,36,50,51,38,22;22,37,51,52,39,23;23,38,52,40,25,24;25,39,52,53,41,26;26,40,53,42,28,27;28,41,53,54,55,43;28,42,55,56,44,29;29,43,56,45,30;30,44,56,46,32,31;32,45,56,47,33;33,46,56,55,57,48;33,47,57,49,35,34;35,48,57,50,36;36,49,57,54,51,37;37,50,54,53,52,38;38,51,53,40,39;40,52,51,54,42,41;42,53,51,50,57,55;42,54,57,47,56,43;43,55,47,46,45,44;47,55,54,50,49,48
ipr58_52 58 1,2,3,4,5,6;0,6,7,8,9,2;0,1,9,10,11,3;0,2,11,12,13,4;0,3,13,14,15,5;0,4,15,16,6;0,5,16,17,7,1;1,6,17,18,19,8;1,7,19,20,21,9;1,8,21,22,10,2;2,9,22,23,11;2,10,23,24,12,3;3,11,24,25,26,13;3,12,26,27,14,4;4,13,27,28,29,15;4,14,29,30,16,5;5,15,30,31,17,6;6,16,31,18,7;7,17,31,32,33,19;7,18,33,34,20,8;8,19,34,35,36,21;8,20,36,22,9;9,21,36,37,23,10;10,22,37,38,24,11;11,23,38,39,25,12;12,24,39,40,26;12,25,40,41,27,13;13,26,41,28,14;14,27,41,42,43,29;14,28,43,44,30,15;15,29,44,45,31,16;16,30,45,32,18,17;18,31,45,46,47,33;18,32,47,34,19;19,33,47,48,35,20;20,34,48,49,50,36;20,35,50,37,22,21;22,36,50,51,38,23;23,37,51,39,24;24,38,51,52,40,25;25,39,52,53,41,26;26,40,53,42,28,27;28,41,53,54,55,43;28,42,55,44,29;29,43,55,46,45,30;30,44,46,32,31;32,45,44,55,56,47;32,46,56,48,34,33;34,47,56,49,35;35,48,56,54,57,50;35,49,57,51,37,36;37,50,57,52,39,38;39,51,57,53,40;40,52,57,54,42,41;42,53,57,49,56,55;42,54,56,46,44,43;46,55,54,49,48,47;49,54,53,52,51,50
ipr58_60 58 1,2,3,4,5,6;0,6,7,8,9,2;0,1,9,10,11,3;0,2,11,12,13,4;0,3,13,14,15,5;0,4,15,16,17,6;0,5,17,18,7,1;1,6,18,19,8;1,7,19,20,21,9;1,8,21,22,10,2;2,9,22,23,24,11;2,10,24,12,3;3,11,24,25,26,13;3,12,26,14,4;4,13,26,27,28,15;4,14,28,16,5;5,15,28,29,30,17;5,16,30,31,18,6;6,17,31,32,19,7;7,18,32,33,20,8;8,19,33,34,21;8,20,34,35,22,9;9,21,35,36,23,10;10,22,36,37,38,24;10,23,38,25,12,11;12,24,38,39,40,26;12,25,40,27,14,13;14,26,40,41,42,28;14,27,42,29,16,15;16,28,42,43,44,30;16,29,44,45,31,17;17,30,45,46,32,18;18,31,46,33,19;19,32,46,47,34,20;20,33,47,48,35,21;21,34,48,49,36,22;22,35,49,50,37,23;23,36,50,51,38;23,37,51,39,25,24;25,38,51,52,40;25,39,52,41,27,26;27,40,52,53,42;27,41,53,43,29,28;29,42,53,54,55,44;29,43,55,56,45,30;30,44,56,46,31;31,45,56,47,33,32;33,46,56,48,34;34,47,56,55,49,35;35,48,55,54,50,36;36,49,54,57,51,37;37,50,57,52,39,38;39,51,57,53,41,40;41,52,57,54,43,42;43,53,57,50,49,55;43,54,49,48,56,44;44,55,48,47,46,45;50,54,53,52,51
ipr58_73 58 1,2,3,4,5,6;0,6,7,8,9,2;0,1,9,10,11,3;0,2,11,12,13,4;0,3,13,14,15,5;0,4,15,16,17,6;0,5,17,18,7,1;1,6,18,19,20,8;1,7,20,21,9;1,8,21,22,10,2;2,9,22,23,24,11;2,10,24,25,12,3;3,11,25,26,27,13;3,12,27,14,4;4,13,27,28,29,15;4,14,29,16,5;5,15,29,30,31,17;5,16,31,18,6;6,17,31,32,19,7;7,18,32,33,34,20;7,19,34,35,21,8;8,20,35,36,22,9;9,21,36,23,10;10,22,36,37,38,24;10,23,38,39,25,11;11,24,39,40,26,12;12,25,40,41,27;12,26,41,28,14,13;14,27,41,42,43,29;14,28,43,30,16,15;16,29,43,44,45,31;16,30,45,32,18,17;18,31,45,33,19;19,32,45,46,47,34;19,33,47,35,20;20,34,47,48,36,21;21,35,48,37,23,22;23,36,48,49,38;23,37,49,50,39,24;24,38,50,51,40,25;25,39,51,52,41,26;26,40,52,42,28,27;28,41,52,53,43;28,42,53,44,30,29;30,43,53,54,46,45;30,44,46,33,32,31;33,45,44,54,55,47;33,46,55,48,35,34;35,47,55,49,37,36;37,48,55,56,50,38;38,49,56,51,39;39,50,56,57,52,40;40,51,57,53,42,41;42,52,57,54,44,43;44,53,57,56,55,46;46,54,56,49,48,47;49,55,54,57,51,50;51,56,54,53,52
ipr58_92 58 1,2,3,4,5,6;0,6,7,8,9,2;0,1,9,10,11,3;0,2,11,12,13,4;0,3,13,14,15,5;0,4,15,16,17,6;0,5,17,18,7,1;1,6,18,19,20,8;1,7,20,21,9;1,8,21,22,10,2;2,9,22,23,24,11;2,10,24,25,12,3;3,11,25,26,27,13;3,12,27,14,4;4,13,27,28,29,15;4,14,29,16,5;5,15,29,30,31,17;5,16,31,18,6;6,17,31,32,19,7;7,18,32,33,34,20;7,19,34,35,21,8;8,20,35,36,22,9;9,21,36,23,10;10,22,36,37,38,24;10,23,38,39,25,11;11,24,39,40,26,12;12,25,40,41,42,27;12,26,42,28,14,13;14,27,42,43,29;14,28,43,30,16,15;16,29,43,44,45,31;16,30,45,32,18,17;18,31,45,33,19;19,32,45,46,47,34;19,33,47,48,35,20;20,34,48,49,36,21;21,35,49,37,23,22;23,36,49,50,51,38;23,37,51,52,39,24;24,38,52,40,25;25,39,52,53,41,26;26,40,53,54,42;26,41,54,43,28,27;28,42,54,44,30,29;30,43,54,55,46,45;30,44,46,33,32,31;33,45,44,55,56,47;33,46,56,48,34;34,47,56,50,49,35;35,48,50,37,36;37,49,48,56,57,51;37,50,57,52,38;38,51,57,53,40,39;40,52,57,55,54,41;41,53,55,44,43,42;44,54,53,57,56,46;46,55,57,50,48,47;50,56,55,53,52,51
ipr58_96 58 1,2,3,4,5,6;0,6,7,8,9,2;0,1,9,10,11,3;0,2,11,12,4;0,3,12,13,14,5;0,4,14,15,16,6;0,5,16,7,1;1,6,16,17,18,8;1,7,18,19,20,9;1,8,20,10,2;2,9,20,21,22,11;2,10,22,23,12,3;3,11,23,24,13,4;4,12,24,25,26,14;4,13,26,27,15,5;5,14,27,28,29,16;5,15,29,17,7,6;7,16,29,30,31,18;7,17,31,32,19,8;8,18,32,33,20;8,19,33,21,10,9;10,20,33,34,35,22;10,21,35,36,23,11;11,22,36,37,24,12;12,23,37,38,25,13;13,24,38,39,40,26;13,25,40,27,14;14,26,40,41,28,15;15,27,41,42,43,29;15,28,43,30,17,16;17,29,43,44,31;17,30,44,45,32,18;18,31,45,46,33,19;19,32,46,34,21,20;21,33,46,47,48,35;21,34,48,49,36,22;22,35,49,37,23;23,36,49,50,38,24;24,37,50,51,39,25;25,38,51,52,40;25,39,52,41,27,26;27,40,52,42,28;28,41,52,53,54,43;28,42,54,44,30,29;30,43,54,55,45,31;31,44,55,47,46,32;32,45,47,34,33;34,46,45,55,56,48;34,47,56,57,49,35;35,48,57,50,37,36;37,49,57,51,38;38,50,57,53,52,39;39,51,53,42,41,40;42,52,51,57,56,54;42,53,56,55,44,43;44,54,56,47,45;47,55,54,53,57,48;48,56,53,51,50,49
ipr58_105 58 1,2,3,4,5,6;0,6,7,8,9,2;0,1,9,10,11,3;0,2,11,12,4;0,3,12,13,14,5;0,4,14,15,16,6;0,5,16,17,7,1;1,6,17,18,19,8;1,7,19,20,21,9;1,8,21,22,10,2;2,9,22,23,24,11;2,10,24,25,12,3;3,11,25,26,13,4;4,12,26,27,28,14;4,13,28,15,5;5,14,28,29,30,16;5,15,30,17,6;6,16,30,31,18,7;7,17,31,32,33,19;7,18,33,20,8;8,19,33,34,35,21;8,20,35,36,22,9;9,21,36,23,10;10,22,36,37,38,24;10,23,38,39,25,11;11,24,39,40,26,12;12,25,40,41,27,13;13,26,41,42,43,28;13,27,43,29,15,14;15,28,43,44,45,30;15,29,45,31,17,16;17,30,45,46,32,18;18,31,46,47,48,33;18,32,48,34,20,19;20,33,48,49,50,35;20,34,50,36,21;21,35,50,37,23,22;23,36,50,51,52,38;23,37,52,39,24;24,38,52,53,40,25;25,39,53,41,26;26,40,53,54,42,27;27,41,54,55,44,43;27,42,44,29,28;29,43,42,55,46,45;29,44,46,31,30;31,45,44,55,47,32;32,46,55,56,48;32,47,56,49,34,33;34,48,56,57,51,50;34,49,51,37,36,35;37,50,49,57,52;37,51,57,53,39,38;39,52,57,54,41,40;41,53,57,56,55,42;42,54,56,47,46,44;47,55,54,57,49,48;49,56,54,53,52,51
ipr58_124 58 1,2,3,4,5,6;0,6,7,8,9,2;0,1,9,10,11,3;0,2,11,12,13,4;0,3,13,14,15,5;0,4,15,16,17,6;0,5,17,18,7,1;1,6,18,19,20,8;1,7,20,21,22,9;1,8,22,10,2;2,9,22,23,24,11;2,10,24,25,12,3;3,11,25,26,27,13;3,12,27,28,14,4;4,13,28,29,30,15;4,14,30,16,5;5,15,30,31,32,17;5,16,32,18,6;6,17,32,33,19,7;7,18,33,34,35,20;7,19,35,36,21,8;8,20,36,37,38,22;8,21,38,23,10,9;10,22,38,39,40,24;10,23,40,41,25,11;11,24,41,26,12;12,25,41,42,43,27;12,26,43,44,28,13;13,27,44,45,29,14;14,28,45,46,30;14,29,46,31,16,15;16,30,46,47,32;16,31,47,33,18,17;18,32,47,48,34,19;19,33,48,49,50,35;19,34,50,51,36,20;20,35,51,37,21;21,36,51,52,39,38;21,37,39,23,22;23,38,37,52,53,40;23,39,53,41,24;24,40,53,42,26,25;26,41,53,54,55,43;26,42,55,56,44,27;27,43,56,45,28;28,44,56,57,46,29;29,45,57,47,31,30;31,46,57,48,33,32;33,47,57,49,34;34,48,57,56,55,50;34,49,55,54,51,35;35,50,54,52,37,36;37,51,54,53,39;39,52,54,42,41,40;42,53,52,51,50,55;42,54,50,49,56,43;43,55,49,57,45,44;45,56,49,48,47,46
ipr58_127 58 1,2,3,4,5,6;0,6,7,8,9,2;0,1,9,10,11,3;0,2,11,12,13,4;0,3,13,14,5;0,4,14,15,16,6;0,5,16,17,7,1;1,6,17,18,19,8;1,7,19,20,9;1,8,20,21,10,2;2,9,21,22,23,11;2,10,23,24,12,3;3,11,24,25,26,13;3,12,26,27,14,4;4,13,27,28,15,5;5,14,28,29,30,16;5,15,30,17,6;6,16,30,31,18,7;7,17,31,32,33,19;7,18,33,34,20,8;8,19,34,35,21,9;9,20,35,22,10;10,21,35,36,37,23;10,22,37,38,24,11;11,23,38,25,12;12,24,38,39,40,26;12,25,40,27,13;13,26,40,41,28,14;14,27,41,29,15;15,28,41,42,43,30;15,29,43,31,17,16;17,30,43,44,32,18;18,31,44,45,46,33;18,32,46,47,34,19;19,33,47,35,20;20,34,47,36,22,21;22,35,47,48,49,37;22,36,49,50,38,23;23,37,50,39,25,24;25,38,50,51,52,40;25,39,52,41,27,26;27,40,52,42,29,28;29,41,52,53,54,43;29,42,54,44,31,30;31,43,54,45,32;32,44,54,55,56,46;32,45,56,48,47,33;33,46,48,36,35,34;36,47,46,56,49;36,48,56,57,50,37;37,49,57,51,39,38;39,50,57,55,53,52;39,51,53,42,41,40;42,52,51,55,54;42,53,55,45,44,43;45,54,53,51,57,56;45,55,57,49,48,46;49,56,55,51,50
ipr58_148 58 1,2,3,4,5,6;0,6,7,8,9,2;0,1,9,10,11,3;0,2,11,12,4;0,3,12,13,14,5;0,4,14,15,16,6;0,5,16,17,7,1;1,6,17,18,19,8;1,7,19,20,21,9;1,8,21,22,10,2;2,9,22,23,24,11;2,10,24,25,12,3;3,11,25,26,13,4;4,12,26,27,28,14;4,13,28,15,5;5,14,28,29,30,16;5,15,30,17,6;6,16,30,31,18,7;7,17,31,32,19;7,18,32,33,20,8;8,19,33,34,35,21;8,20,35,22,9;9,21,35,36,23,10;10,22,36,37,38,24;10,23,38,25,11;11,24,38,39,26,12;12,25,39,40,27,13;13,26,40,41,42,28;13,27,42,29,15,14;15,28,42,43,30;15,29,43,31,17,16;17,30,43,44,32,18;18,31,44,45,33,19;19,32,45,46,34,20;20,33,46,47,35;20,34,47,36,22,21;22,35,47,48,37,23;23,36,48,49,38;23,37,49,39,25,24;25,38,49,50,40,26;26,39,50,51,41,27;27,40,51,52,42;27,41,52,43,29,28;29,42,52,44,31,30;31,43,52,53,45,32;32,44,53,54,46,33;33,45,54,55,47,34;34,46,55,48,36,35;36,47,55,56,49,37;37,48,56,50,39,38;39,49,56,57,51,40;40,50,57,53,52,41;41,51,53,44,43,42;44,52,51,57,54,45;45,53,57,55,46;46,54,57,56,48,47;48,55,57,50,49;50,56,55,54,53,51
ipr58_153 58 1,2,3,4,5,6;0,6,7,8,9,2;0,1,9,10,11,3;0,2,11,12,4;0,3,12,13,14,5;0,4,14,15,16,6;0,5,16,17,7,1;1,6,17,18,19,8;1,7,19,20,21,9;1,8,21,10,2;2,9,21,22,23,11;2,10,23,24,12,3;3,11,24,25,13,4;4,12,25,26,27,14;4,13,27,15,5;5,14,27,28,29,16;5,15,29,17,6;6,16,29,30,18,7;7,17,30,31,32,19;7,18,32,33,20,8;8,19,33,34,21;8,20,34,22,10,9;10,21,34,35,36,23;10,22,36,37,24,11;11,23,37,38,25,12;12,24,38,39,26,13;13,25,39,40,41,27;13,26,41,28,15,14;15,27,41,42,43,29;15,28,43,30,17,16;17,29,43,31,18;18,30,43,44,45,32;18,31,45,46,33,19;19,32,46,47,34,20;20,33,47,35,22,21;22,34,47,48,49,36;22,35,49,50,37,23;23,36,50,38,24;24,37,50,51,39,25;25,38,51,52,40,26;26,39,52,53,42,41;26,40,42,28,27;28,41,40,53,44,43;28,42,44,31,30,29;31,43,42,53,54,45;31,44,54,55,46,32;32,45,55,48,47,33;33,46,48,35,34;35,47,46,55,56,49;35,48,56,50,36;36,49,56,51,38,37;38,50,56,57,52,39;39,51,57,54,53,40;40,52,54,44,42;44,53,52,57,55,45;45,54,57,56,48,46;48,55,57,51,50,49;51,56,55,54,52
ipr58_157 58 1,2,3,4,5,6;0,6,7,8,9,2;0,1,9,10,11,3;0,2,11,12,13,4;0,3,13,14,15,5;0,4,15,16,17,6;0,5,17,18,7,1;1,6,18,19,20,8;1,7,20,21,22,9;1,8,22,10,2;2,9,22,23,24,11;2,10,24,25,12,3;3,11,25,26,27,13;3,12,27,14,4;4,13,27,28,29,15;4,14,29,16,5;5,15,29,30,31,17;5,16,31,18,6;6,17,31,32,19,7;7,18,32,33,34,20;7,19,34,35,21,8;8,20,35,36,22;8,21,36,23,10,9;10,22,36,37,38,24;10,23,38,39,25,11;11,24,39,26,12;12,25,39,40,41,27;12,26,41,28,14,13;14,27,41,42,43,29;14,28,43,30,16,15;16,29,43,44,45,31;16,30,45,32,18,17;18,31,45,33,19;19,32,45,46,47,34;19,33,47,48,35,20;20,34,48,49,36,21;21,35,49,37,23,22;23,36,49,50,38;23,37,50,51,39,24;24,38,51,40,26,25;26,39,51,52,53,41;26,40,53,42,28,27;28,41,53,54,44,43;28,42,44,30,29;30,43,42,54,46,45;30,44,46,33,32,31;33,45,44,54,55,47;33,46,55,48,34;34,47,55,56,49,35;35,48,56,50,37,36;37,49,56,52,51,38;38,50,52,40,39;40,51,50,56,57,53;40,52,57,54,42,41;42,53,57,55,46,44;46,54,57,56,48,47;48,55,57,52,50,49;52,56,55,54,53
ipr58_160 58 1,2,3,4,5,6;0,6,7,8,9,2;0,1,9,10,11,3;0,2,11,12,4;0,3,12,13,14,5;0,4,14,15,16,6;0,5,16,17,7,1;1,6,17,18,19,8;1,7,19,20,21,9;1,8,21,22,10,2;2,9,22,23,24,11;2,10,24,25,12,3;3,11,25,26,13,4;4,12,26,27,28,14;4,13,28,29,15,5;5,14,29,30,31,16;5,15,31,17,6;6,16,31,32,18,7;7,17,32,33,34,19;7,18,34,35,20,8;8,19,35,36,21;8,20,36,37,22,9;9,21,37,23,10;10,22,37,38,39,24;10,23,39,40,25,11;11,24,40,26,12;12,25,40,41,27,13;13,26,41,42,28;13,27,42,43,29,14;14,28,43,44,30,15;15,29,44,45,31;15,30,45,32,17,16;17,31,45,33,18;18,32,45,46,47,34;18,33,47,48,35,19;19,34,48,49,36,20;20,35,49,50,37,21;21,36,50,38,23,22;23,37,50,51,52,39;23,38,52,40,24;24,39,52,41,26,25;26,40,52,53,42,27;27,41,53,54,43,28;28,42,54,55,44,29;29,43,55,46,45,30;30,44,46,33,32,31;33,45,44,55,56,47;33,46,56,48,34;34,47,56,57,49,35;35,48,57,51,50,36;36,49,51,38,37;38,50,49,57,53,52;38,51,53,41,40,39;41,52,51,57,54,42;42,53,57,56,55,43;43,54,56,46,44;46,55,54,57,48,47;48,56,54,53,51,49
ipr58_185 58 1,2,3,4,5,6;0,6,7,8,9,2;0,1,9,10,11,3;0,2,11,12,13,4;0,3,13,14,5;0,4,14,15,16,6;0,5,16,17,7,1;1,6,17,18,19,8;1,7,19,20,21,9;1,8,21,10,2;2,9,21,22,23,11;2,10,23,24,12,3;3,11,24,25,26,13;3,12,26,27,14,4;4,13,27,28,15,5;5,14,28,29,30,16;5,15,30,17,6;6,16,30,31,18,7;7,17,31,32,33,19;7,18,33,34,20,8;8,19,34,35,36,21;8,20,36,22,10,9;10,21,36,37,38,23;10,22,38,24,11;11,23,38,39,25,12;12,24,39,40,41,26;12,25,41,42,27,13;13,26,42,43,28,14;14,27,43,44,29,15;15,28,44,45,30;15,29,45,31,17,16;17,30,45,32,18;18,31,45,46,47,33;18,32,47,34,19;19,33,47,48,35,20;20,34,48,49,37,36;20,35,37,22,21;22,36,35,49,50,38;22,37,50,39,24,23;24,38,50,51,40,25;25,39,51,52,41;25,40,52,53,42,26;26,41,53,43,27;27,42,53,54,44,28;28,43,54,46,45,29;29,44,46,32,31,30;32,45,44,54,55,47;32,46,55,48,34,33;34,47,55,56,49,35;35,48,56,51,50,37;37,49,51,39,38;39,50,49,56,52,40;40,51,56,57,53,41;41,52,57,54,43,42;43,53,57,55,46,44;46,54,57,56,48,47;48,55,57,52,51,49;52,56,55,54,53
ipr58_190 58 1,2,3,4,5,6;0,6,7,8,9,2;0,1,9,10,3;0,2,10,11,12,4;0,3,12,13,5;0,4,13,14,15,6;0,5,15,16,7,1;1,6,16,17,18,8;1,7,18,19,20,9;1,8,20,21,10,2;2,9,21,22,11,3;3,10,22,23,24,12;3,11,24,25,13,4;4,12,25,26,14,5;5,13,26,27,28,15;5,14,28,16,6;6,15,28,29,17,7;7,16,29,30,31,18;7,17,31,32,19,8;8,18,32,33,34,20;8,19,34,35,21,9;9,20,35,36,22,10;10,21,36,37,23,11;11,22,37,38,39,24;11,23,39,40,25,12;12,24,40,41,26,13;13,25,41,42,27,14;14,26,42,43,28;14,27,43,29,16,15;16,28,43,30,17;17,29,43,44,45,31;17,30,45,32,18;18,31,45,46,33,19;19,32,46,47,34;19,33,47,48,35,20;20,34,48,36,21;21,35,48,49,37,22;22,36,49,38,23;23,37,49,50,51,39;23,38,51,52,40,24;24,39,52,41,25;25,40,52,53,42,26;26,41,53,44,43,27;27,42,44,30,29,28;30,43,42,53,54,45;30,44,54,46,32,31;32,45,54,55,47,33;33,46,55,56,48,34;34,47,56,49,36,35;36,48,56,50,38,37;38,49,56,55,57,51;38,50,57,52,39;39,51,57,53,41,40;41,52,57,54,44,42;44,53,57,55,46,45;46,54,57,50,56,47;47,55,50,49,48;50,55,54,53,52,51
ipr58_214 58 1,2,3,4,5,6;0,6,7,8,2;0,1,8,9,10,3;0,2,10,11,12,4;0,3,12,13,5;0,4,13,14,15,6;0,5,15,16,7,1;1,6,16,17,18,8;1,7,18,19,9,2;2,8,19,20,10;2,9,20,21,11,3;3,10,21,22,23,12;3,11,23,24,13,4;4,12,24,25,14,5;5,13,25,26,27,15;5,14,27,28,16,6;6,15,28,29,17,7;7,16,29,30,31,18;7,17,31,32,19,8;8,18,32,33,20,9;9,19,33,34,21,10;10,20,34,35,22,11;11,21,35,36,37,23;11,22,37,24,12;12,23,37,38,25,13;13,24,38,26,14;14,25,38,39,40,27;14,26,40,41,28,15;15,27,41,42,29,16;16,28,42,30,17;17,29,42,43,44,31;17,30,44,45,32,18;18,31,45,33,19;19,32,45,46,34,20;20,33,46,47,35,21;21,34,47,48,36,22;22,35,48,49,50,37;22,36,50,38,24,23;24,37,50,39,26,25;26,38,50,51,40;26,39,51,52,41,27;27,40,52,42,28;28,41,52,43,30,29;30,42,52,53,54,44;30,43,54,55,45,31;31,44,55,46,33,32;33,45,55,56,47,34;34,46,56,48,35;35,47,56,57,49,36;36,48,57,53,51,50;36,49,51,39,38,37;39,50,49,53,52,40;40,51,53,43,42,41;43,52,51,49,57,54;43,53,57,56,55,44;44,54,56,46,45;46,55,54,57,48,47;48,56,54,53,49
ipr58_218 58 1,2,3,4,5,6;0,6,7,8,9,2;0,1,9,10,11,3;0,2,11,12,13,4;0,3,13,14,15,5;0,4,15,16,6;0,5,16,17,7,1;1,6,17,18,19,8;1,7,19,20,21,9;1,8,21,10,2;2,9,21,22,23,11;2,10,23,12,3;3,11,23,24,25,13;3,12,25,26,14,4;4,13,26,27,28,15;4,14,28,29,16,5;5,15,29,30,17,6;6,16,30,31,18,7;7,17,31,32,33,19;7,18,33,34,20,8;8,19,34,35,36,21;8,20,36,22,10,9;10,21,36,37,38,23;10,22,38,24,12,11;12,23,38,39,25;12,24,39,40,26,13;13,25,40,41,27,14;14,26,41,42,43,28;14,27,43,29,15;15,28,43,44,30,16;16,29,44,31,17;17,30,44,45,32,18;18,31,45,46,47,33;18,32,47,34,19;19,33,47,48,35,20;20,34,48,49,37,36;20,35,37,22,21;22,36,35,49,50,38;22,37,50,39,24,23;24,38,50,51,40,25;25,39,51,52,41,26;26,40,52,42,27;27,41,52,53,54,43;27,42,54,44,29,28;29,43,54,45,31,30;31,44,54,53,46,32;32,45,53,55,56,47;32,46,56,48,34,33;34,47,56,49,35;35,48,56,57,50,37;37,49,57,51,39,38;39,50,57,55,52,40;40,51,55,53,42,41;42,52,55,46,45,54;42,53,45,44,43;46,53,52,51,57,56;46,55,57,49,48,47;49,56,55,51,50
ipr58_232 58 1,2,3,4,5,6;0,6,7,8,9,2;0,1,9,10,11,3;0,2,11,12,13,4;0,3,13,14,15,5;0,4,15,16,17,6;0,5,17,7,1;1,6,17,18,19,8;1,7,19,20,21,9;1,8,21,22,10,2;2,9,22,23,11;2,10,23,24,12,3;3,11,24,25,26,13;3,12,26,14,4;4,13,26,27,28,15;4,14,28,29,16,5;5,15,29,30,31,17;5,16,31,18,7,6;7,17,31,32,33,19;7,18,33,34,20,8;8,19,34,35,36,21;8,20,36,37,22,9;9,21,37,38,23,10;10,22,38,39,24,11;11,23,39,40,25,12;12,24,40,41,42,26;12,25,42,27,14,13;14,26,42,43,28;14,27,43,44,29,15;15,28,44,30,16;16,29,44,45,32,31;16,30,32,18,17;18,31,30,45,46,33;18,32,46,47,34,19;19,33,47,35,20;20,34,47,48,49,36;20,35,49,37,21;21,36,49,50,38,22;22,37,50,51,39,23;23,38,51,40,24;24,39,51,52,41,25;25,40,52,53,54,42;25,41,54,43,27,26;27,42,54,55,44,28;28,43,55,45,30,29;30,44,55,46,32;32,45,55,56,47,33;33,46,56,48,35,34;35,47,56,53,57,49;35,48,57,50,37,36;37,49,57,51,38;38,50,57,52,40,39;40,51,57,53,41;41,52,57,48,56,54;41,53,56,55,43,42;43,54,56,46,45,44;46,55,54,53,48,47;48,53,52,51,50,49
ipr58_238 58 1,2,3,4,5,6;0,6,7,8,9,2;0,1,9,10,3;0,2,10,11,12,4;0,3,12,13,14,5;0,4,14,15,16,6;0,5,16,17,7,1;1,6,17,18,19,8;1,7,19,20,21,9;1,8,21,22,10,2;2,9,22,23,11,3;3,10,23,24,12;3,11,24,25,13,4;4,12,25,26,27,14;4,13,27,15,5;5,14,27,28,29,16;5,15,29,30,17,6;6,16,30,31,18,7;7,17,31,32,33,19;7,18,33,34,20,8;8,19,34,35,36,21;8,20,36,22,9;9,21,36,37,23,10;10,22,37,38,24,11;11,23,38,39,25,12;12,24,39,40,26,13;13,25,40,41,27;13,26,41,28,15,14;15,27,41,42,29;15,28,42,43,30,16;16,29,43,44,31,17;17,30,44,32,18;18,31,44,45,46,33;18,32,46,34,19;19,33,46,47,35,20;20,34,47,48,49,36;20,35,49,37,22,21;22,36,49,50,38,23;23,37,50,51,39,24;24,38,51,52,40,25;25,39,52,53,41,26;26,40,53,42,28,27;28,41,53,54,43,29;29,42,54,44,30;30,43,54,45,32,31;32,44,54,55,56,46;32,45,56,47,34,33;34,46,56,48,35;35,47,56,57,50,49;35,48,50,37,36;37,49,48,57,51,38;38,50,57,52,39;39,51,57,55,53,40;40,52,55,54,42,41;42,53,55,45,44,43;45,54,53,52,57,56;45,55,57,48,47,46;48,56,55,52,51,50
ipr58_253 58 1,2,3,4,5,6;0,6,7,8,9,2;0,1,9,10,3;0,2,10,11,12,4;0,3,12,13,14,5;0,4,14,15,6;0,5,15,16,7,1;1,6,16,17,8;1,7,17,18,19,9;1,8,19,20,10,2;2,9,20,21,11,3;3,10,21,22,23,12;3,11,23,13,4;4,12,23,24,25,14;4,13,25,26,15,5;5,14,26,27,16,6;6,15,27,28,17,7;7,16,28,29,18,8;8,17,29,30,31,19;8,18,31,32,20,9;9,19,32,33,21,10;10,20,33,22,11;11,21,33,34,35,23;11,22,35,24,13,12;13,23,35,36,37,25;13,24,37,38,26,14;14,25,38,39,27,15;15,26,39,40,28,16;16,27,40,29,17;17,28,40,41,30,18;18,29,41,42,43,31;18,30,43,44,32,19;19,31,44,45,33,20;20,32,45,34,22,21;22,33,45,46,47,35;22,34,47,36,24,23;24,35,47,48,49,37;24,36,49,50,38,25;25,37,50,51,39,26;26,38,51,52,40,27;27,39,52,41,29,28;29,40,52,53,42,30;30,41,53,54,43;30,42,54,55,44,31;31,43,55,46,45,32;32,44,46,34,33;34,45,44,55,48,47;34,46,48,36,35;36,47,46,55,56,49;36,48,56,57,50,37;37,49,57,51,38;38,50,57,53,52,39;39,51,53,41,40;41,52,51,57,54,42;42,53,57,56,55,43;43,54,56,48,46,44;48,55,54,57,49;49,56,54,53,51,50
ipr58_254 58 1,2,3,4,5,6;0,6,7,8,9,2;0,1,9,10,11,3;0,2,11,12,13,4;0,3,13,14,15,5;0,4,15,16,17,6;0,5,17,18,7,1;1,6,18,19,20,8;1,7,20,21,9;1,8,21,22,10,2;2,9,22,23,24,11;2,10,24,25,12,3;3,11,25,26,13;3,12,26,27,14,4;4,13,27,28,29,15;4,14,29,16,5;5,15,29,30,31,17;5,16,31,18,6;6,17,31,32,19,7;7,18,32,33,34,20;7,19,34,35,21,8;8,20,35,36,22,9;9,21,36,37,23,10;10,22,37,38,24;10,23,38,39,25,11;11,24,39,40,26,12;12,25,40,41,27,13;13,26,41,28,14;14,27,41,42,43,29;14,28,43,30,16,15;16,29,43,44,45,31;16,30,45,32,18,17;18,31,45,33,19;19,32,45,46,47,34;19,33,47,35,20;20,34,47,48,36,21;21,35,48,49,37,22;22,36,49,50,38,23;23,37,50,51,39,24;24,38,51,40,25;25,39,51,52,41,26;26,40,52,42,28,27;28,41,52,53,54,43;28,42,54,44,30,29;30,43,54,55,46,45;30,44,46,33,32,31;33,45,44,55,56,47;33,46,56,48,35,34;35,47,56,49,36;36,48,56,57,50,37;37,49,57,53,51,38;38,50,53,52,40,39;40,51,53,42,41;42,52,51,50,57,54;42,53,57,55,44,43;44,54,57,56,46;46,55,57,49,48,47;49,56,55,54,53,50
ipr58_268 58 1,2,3,4,5,6;0,6,7,8,9,2;0,1,9,10,11,3;0,2,11,12,13,4;0,3,13,14,15,5;0,4,15,16,6;0,5,16,17,7,1;1,6,17,18,8;1,7,18,19,20,9;1,8,20,21,10,2;2,9,21,22,23,11;2,10,23,24,12,3;3,11,24,25,26,13;3,12,26,14,4;4,13,26,27,28,15;4,14,28,29,16,5;5,15,29,30,17,6;6,16,30,31,18,7;7,17,31,32,19,8;8,18,32,33,34,20;8,19,34,35,21,9;9,20,35,36,22,10;10,21,36,37,38,23;10,22,38,24,11;11,23,38,39,25,12;12,24,39,40,26;12,25,40,27,14,13;14,26,40,41,42,28;14,27,42,29,15;15,28,42,43,30,16;16,29,43,44,31,17;17,30,44,45,32,18;18,31,45,33,19;19,32,45,46,47,34;19,33,47,35,20;20,34,47,48,36,21;21,35,48,49,37,22;22,36,49,50,38;22,37,50,39,24,23;24,38,50,51,40,25;25,39,51,41,27,26;27,40,51,52,53,42;27,41,53,43,29,28;29,42,53,44,30;30,43,53,54,45,31;31,44,54,46,33,32;33,45,54,55,56,47;33,46,56,48,35,34;35,47,56,49,36;36,48,56,57,50,37;37,49,57,51,39,38;39,50,57,52,41,40;41,51,57,55,54,53;41,52,54,44,43,42;44,53,52,55,46,45;46,54,52,57,56;46,55,57,49,48,47;49,56,55,52,51,50
ipr58_272 58 1,2,3,4,5,6;0,6,7,8,9,2;0,1,9,10,11,3;0,2,11,12,13,4;0,3,13,14,15,5;0,4,15,16,6;0,5,16,17,7,1;1,6,17,18,8;1,7,18,19,20,9;1,8,20,21,10,2;2,9,21,22,11;2,10,22,23,12,3;3,11,23,24,25,13;3,12,25,14,4;4,13,25,26,27,15;4,14,27,28,16,5;5,15,28,29,17,6;6,16,29,30,18,7;7,17,30,31,19,8;8,18,31,32,33,20;8,19,33,34,21,9;9,20,34,35,22,10;10,21,35,36,23,11;11,22,36,37,24,12;12,23,37,38,39,25;12,24,39,26,14,13;14,25,39,40,41,27;14,26,41,42,28,15;15,27,42,43,29,16;16,28,43,44,30,17;17,29,44,45,31,18;18,30,45,32,19;19,31,45,46,47,33;19,32,47,34,20;20,33,47,48,35,21;21,34,48,49,36,22;22,35,49,37,23;23,36,49,50,38,24;24,37,50,51,40,39;24,38,40,26,25;26,39,38,51,52,41;26,40,52,42,27;27,41,52,53,43,28;28,42,53,44,29;29,43,53,54,45,30;30,44,54,46,32,31;32,45,54,55,56,47;32,46,56,48,34,33;34,47,56,49,35;35,48,56,50,37,36;37,49,56,55,51,38;38,50,55,57,52,40;40,51,57,53,42,41;42,52,57,54,44,43;44,53,57,55,46,45;46,54,57,51,50,56;46,55,50,49,48,47;51,55,54,53,52
ipr58_276 58 1,2,3,4,5,6;0,6,7,8,9,2;0,1,9,10,11,3;0,2,11,12,13,4;0,3,13,14,5;0,4,14,15,16,6;0,5,16,7,1;1,6,16,17,18,8;1,7,18,19,20,9;1,8,20,21,10,2;2,9,21,22,23,11;2,10,23,12,3;3,11,23,24,25,13;3,12,25,26,14,4;4,13,26,27,15,5;5,14,27,28,29,16;5,15,29,17,7,6;7,16,29,30,18;7,17,30,31,19,8;8,18,31,32,33,20;8,19,33,34,21,9;9,20,34,35,22,10;10,21,35,36,37,23;10,22,37,24,12,11;12,23,37,38,25;12,24,38,39,26,13;13,25,39,40,27,14;14,26,40,41,28,15;15,27,41,42,43,29;15,28,43,30,17,16;17,29,43,44,31,18;18,30,44,45,32,19;19,31,45,46,47,33;19,32,47,34,20;20,33,47,48,35,21;21,34,48,49,36,22;22,35,49,50,37;22,36,50,38,24,23;24,37,50,51,39,25;25,38,51,40,26;26,39,51,52,41,27;27,40,52,53,42,28;28,41,53,54,44,43;28,42,44,30,29;30,43,42,54,45,31;31,44,54,46,32;32,45,54,55,56,47;32,46,56,48,34,33;34,47,56,49,35;35,48,56,57,50,36;36,49,57,51,38,37;38,50,57,52,40,39;40,51,57,55,53,41;41,52,55,54,42;42,53,55,46,45,44;46,54,53,52,57,56;46,55,57,49,48,47;49,56,55,52,51,50
ipr58_280 58 1,2,3,4,5,6;0,6,7,8,2;0,1,8,9,10,3;0,2,10,11,12,4;0,3,12,13,14,5;0,4,14,15,16,6;0,5,16,17,7,1;1,6,17,18,19,8;1,7,19,20,9,2;2,8,20,21,10;2,9,21,22,11,3;3,10,22,23,12;3,11,23,24,13,4;4,12,24,25,26,14;4,13,26,27,15,5;5,14,27,28,29,16;5,15,29,17,6;6,16,29,30,18,7;7,17,30,31,32,19;7,18,32,33,20,8;8,19,33,34,21,9;9,20,34,35,22,10;10,21,35,36,23,11;11,22,36,37,24,12;12,23,37,25,13;13,24,37,38,39,26;13,25,39,40,27,14;14,26,40,41,28,15;15,27,41,42,29;15,28,42,30,17,16;17,29,42,43,31,18;18,30,43,44,45,32;18,31,45,33,19;19,32,45,46,34,20;20,33,46,47,35,21;21,34,47,48,36,22;22,35,48,49,37,23;23,36,49,38,25,24;25,37,49,50,51,39;25,38,51,52,40,26;26,39,52,41,27;27,40,52,53,42,28;28,41,53,43,30,29;30,42,53,54,44,31;31,43,54,55,56,45;31,44,56,46,33,32;33,45,56,47,34;34,46,56,57,48,35;35,47,57,49,36;36,48,57,50,38,37;38,49,57,55,51;38,50,55,54,52,39;39,51,54,53,41,40;41,52,54,43,42;43,53,52,51,55,44;44,54,51,50,57,56;44,55,57,47,46,45;47,56,55,50,49,48
ipr58_286 58 1,2,3,4,5,6;0,6,7,8,2;0,1,8,9,10,3;0,2,10,11,12,4;0,3,12,13,14,5;0,4,14,15,6;0,5,15,16,7,1;1,6,16,17,18,8;1,7,18,19,9,2;2,8,19,20,10;2,9,20,21,11,3;3,10,21,22,23,12;3,11,23,13,4;4,12,23,24,25,14;4,13,25,26,15,5;5,14,26,27,16,6;6,15,27,28,17,7;7,16,28,29,30,18;7,17,30,31,19,8;8,18,31,32,20,9;9,19,32,33,21,10;10,20,33,34,22,11;11,21,34,35,36,23;11,22,36,24,13,12;13,23,36,37,38,25;13,24,38,39,26,14;14,25,39,40,27,15;15,26,40,41,28,16;16,27,41,42,29,17;17,28,42,43,44,30;17,29,44,45,31,18;18,30,45,46,32,19;19,31,46,47,33,20;20,32,47,34,21;21,33,47,48,35,22;22,34,48,49,37,36;22,35,37,24,23;24,36,35,49,50,38;24,37,50,39,25;25,38,50,51,40,26;26,39,51,41,27;27,40,51,52,42,28;28,41,52,43,29;29,42,52,53,54,44;29,43,54,45,30;30,44,54,55,46,31;31,45,55,47,32;32,46,55,48,34,33;34,47,55,56,49,35;35,48,56,57,50,37;37,49,57,51,39,38;39,50,57,52,41,40;41,51,57,53,43,42;43,52,57,56,54;43,53,56,55,45,44;45,54,56,48,47,46;48,55,54,53,57,49;49,56,53,52,51,50
ipr58_288 58 1,2,3,4,5,6;0,6,7,8,9,2;0,1,9,10,11,3;0,2,11,12,13,4;0,3,13,14,15,5;0,4,15,16,17,6;0,5,17,18,7,1;1,6,18,19,8;1,7,19,20,21,9;1,8,21,22,10,2;2,9,22,23,24,11;2,10,24,25,12,3;3,11,25,26,13;3,12,26,27,14,4;4,13,27,28,29,15;4,14,29,16,5;5,15,29,30,31,17;5,16,31,18,6;6,17,31,32,19,7;7,18,32,33,20,8;8,19,33,34,21;8,20,34,35,22,9;9,21,35,23,10;10,22,35,36,37,24;10,23,37,38,25,11;11,24,38,39,26,12;12,25,39,40,27,13;13,26,40,41,28,14;14,27,41,42,43,29;14,28,43,30,16,15;16,29,43,44,31;16,30,44,32,18,17;18,31,44,45,33,19;19,32,45,46,34,20;20,33,46,47,35,21;21,34,47,36,23,22;23,35,47,48,49,37;23,36,49,50,38,24;24,37,50,39,25;25,38,50,51,40,26;26,39,51,41,27;27,40,51,52,42,28;28,41,52,53,54,43;28,42,54,44,30,29;30,43,54,45,32,31;32,44,54,55,46,33;33,45,55,48,47,34;34,46,48,36,35;36,47,46,55,56,49;36,48,56,57,50,37;37,49,57,51,39,38;39,50,57,52,41,40;41,51,57,56,53,42;42,52,56,55,54;42,53,55,45,44,43;45,54,53,56,48,46;48,55,53,52,57,49;49,56,52,51,50
ipr58_292 58 1,2,3,4,5,6;0,6,7,8,9,2;0,1,9,10,3;0,2,10,11,12,4;0,3,12,13,14,5;0,4,14,15,16,6;0,5,16,17,7,1;1,6,17,18,19,8;1,7,19,20,21,9;1,8,21,22,10,2;2,9,22,23,11,3;3,10,23,24,12;3,11,24,25,13,4;4,12,25,26,27,14;4,13,27,15,5;5,14,27,28,29,16;5,15,29,30,17,6;6,16,30,18,7;7,17,30,31,32,19;7,18,32,33,20,8;8,19,33,34,35,21;8,20,35,22,9;9,21,35,36,23,10;10,22,36,37,24,11;11,23,37,38,25,12;12,24,38,39,26,13;13,25,39,40,41,27;13,26,41,28,15,14;15,27,41,42,29;15,28,42,43,30,16;16,29,43,31,18,17;18,30,43,44,45,32;18,31,45,46,33,19;19,32,46,47,34,20;20,33,47,48,49,35;20,34,49,36,22,21;22,35,49,50,37,23;23,36,50,38,24;24,37,50,51,39,25;25,38,51,52,40,26;26,39,52,53,54,41;26,40,54,42,28,27;28,41,54,44,43,29;29,42,44,31,30;31,43,42,54,55,45;31,44,55,46,32;32,45,55,56,47,33;33,46,56,57,48,34;34,47,57,51,50,49;34,48,50,36,35;36,49,48,51,38,37;38,50,48,57,52,39;39,51,57,53,40;40,52,57,56,55,54;40,53,55,44,42,41;44,54,53,56,46,45;46,55,53,57,47;47,56,53,52,51,48
ipr58_294 58 1,2,3,4,5,6;0,6,7,8,2;0,1,8,9,10,3;0,2,10,11,12,4;0,3,12,13,14,5;0,4,14,15,16,6;0,5,16,17,7,1;1,6,17,18,19,8;1,7,19,20,9,2;2,8,20,21,10;2,9,21,22,11,3;3,10,22,23,24,12;3,11,24,25,13,4;4,12,25,26,27,14;4,13,27,15,5;5,14,27,28,29,16;5,15,29,30,17,6;6,16,30,31,18,7;7,17,31,32,33,19;7,18,33,20,8;8,19,33,34,21,9;9,20,34,35,22,10;10,21,35,23,11;11,22,35,36,37,24;11,23,37,38,25,12;12,24,38,26,13;13,25,38,39,40,27;13,26,40,28,15,14;15,27,40,41,29;15,28,41,42,30,16;16,29,42,43,31,17;17,30,43,44,32,18;18,31,44,45,46,33;18,32,46,34,20,19;20,33,46,47,35,21;21,34,47,36,23,22;23,35,47,48,49,37;23,36,49,50,38,24;24,37,50,39,26,25;26,38,50,51,52,40;26,39,52,41,28,27;28,40,52,53,42,29;29,41,53,43,30;30,42,53,54,44,31;31,43,54,55,45,32;32,44,55,48,47,46;32,45,47,34,33;34,46,45,48,36,35;36,47,45,55,56,49;36,48,56,51,50,37;37,49,51,39,38;39,50,49,56,57,52;39,51,57,53,41,40;41,52,57,54,43,42;43,53,57,55,44;44,54,57,56,48,45;48,55,57,51,49;51,56,55,54,53,52
ipr58_297 58 1,2,3,4,5,6;0,6,7,8,9,2;0,1,9,10,11,3;0,2,11,12,4;0,3,12,13,14,5;0,4,14,15,6;0,5,15,16,7,1;1,6,16,17,18,8;1,7,18,19,9;1,8,19,20,10,2;2,9,20,21,22,11;2,10,22,23,12,3;3,11,23,24,13,4;4,12,24,25,26,14;4,13,26,27,15,5;5,14,27,28,16,6;6,15,28,29,17,7;7,16,29,30,31,18;7,17,31,32,19,8;8,18,32,33,20,9;9,19,33,34,21,10;10,20,34,35,36,22;10,21,36,23,11;11,22,36,37,24,12;12,23,37,38,25,13;13,24,38,39,26;13,25,39,40,27,14;14,26,40,41,28,15;15,27,41,29,16;16,28,41,42,30,17;17,29,42,43,44,31;17,30,44,45,32,18;18,31,45,33,19;19,32,45,46,34,20;20,33,46,47,35,21;21,34,47,48,49,36;21,35,49,37,23,22;23,36,49,38,24;24,37,49,50,39,25;25,38,50,51,40,26;26,39,51,52,41,27;27,40,52,42,29,28;29,41,52,53,43,30;30,42,53,54,44;30,43,54,55,45,31;31,44,55,46,33,32;33,45,55,47,34;34,46,55,56,48,35;35,47,56,57,50,49;35,48,50,38,37,36;38,49,48,57,51,39;39,50,57,53,52,40;40,51,53,42,41;42,52,51,57,54,43;43,53,57,56,55,44;44,54,56,47,46,45;47,55,54,57,48;48,56,54,53,51,50
ipr58_299 58 1,2,3,4,5,6;0,6,7,8,9,2;0,1,9,10,3;0,2,10,11,12,4;0,3,12,13,14,5;0,4,14,15,16,6;0,5,16,17,7,1;1,6,17,18,19,8;1,7,19,20,9;1,8,20,21,10,2;2,9,21,22,11,3;3,10,22,23,24,12;3,11,24,25,13,4;4,12,25,26,27,14;4,13,27,15,5;5,14,27,28,29,16;5,15,29,30,17,6;6,16,30,31,18,7;7,17,31,32,33,19;7,18,33,34,20,8;8,19,34,35,21,9;9,20,35,22,10;10,21,35,36,23,11;11,22,36,37,24;11,23,37,38,25,12;12,24,38,26,13;13,25,38,39,40,27;13,26,40,28,15,14;15,27,40,41,42,29;15,28,42,43,30,16;16,29,43,31,17;17,30,43,44,32,18;18,31,44,45,46,33;18,32,46,47,34,19;19,33,47,48,35,20;20,34,48,36,22,21;22,35,48,49,37,23;23,36,49,50,38,24;24,37,50,39,26,25;26,38,50,51,41,40;26,39,41,28,27;28,40,39,51,52,42;28,41,52,53,43,29;29,42,53,44,31,30;31,43,53,45,32;32,44,53,54,55,46;32,45,55,56,47,33;33,46,56,48,34;34,47,56,49,36,35;36,48,56,57,50,37;37,49,57,51,39,38;39,50,57,54,52,41;41,51,54,53,42;42,52,54,45,44,43;45,53,52,51,57,55;45,54,57,56,46;46,55,57,49,48,47;49,56,55,54,51,50
ipr58_316 58 1,2,3,4,5,6;0,6,7,8,2;0,1,8,9,10,3;0,2,10,11,12,4;0,3,12,13,14,5;0,4,14,15,16,6;0,5,16,17,7,1;1,6,17,18,19,8;1,7,19,20,9,2;2,8,20,21,10;2,9,21,22,11,3;3,10,22,23,24,12;3,11,24,25,13,4;4,12,25,26,27,14;4,13,27,15,5;5,14,27,28,29,16;5,15,29,17,6;6,16,29,30,18,7;7,17,30,31,32,19;7,18,32,33,20,8;8,19,33,34,21,9;9,20,34,35,22,10;10,21,35,36,23,11;11,22,36,37,24;11,23,37,38,25,12;12,24,38,39,26,13;13,25,39,40,27;13,26,40,28,15,14;15,27,40,41,42,29;15,28,42,30,17,16;17,29,42,43,31,18;18,30,43,44,32;18,31,44,45,33,19;19,32,45,46,34,20;20,33,46,47,35,21;21,34,47,36,22;22,35,47,48,37,23;23,36,48,49,38,24;24,37,49,39,25;25,38,49,50,40,26;26,39,50,41,28,27;28,40,50,51,52,42;28,41,52,43,30,29;30,42,52,53,44,31;31,43,53,54,45,32;32,44,54,46,33;33,45,54,55,47,34;34,46,55,48,36,35;36,47,55,56,49,37;37,48,56,50,39,38;39,49,56,51,41,40;41,50,56,57,52;41,51,57,53,43,42;43,52,57,54,44;44,53,57,55,46,45;46,54,57,56,48,47;48,55,57,51,50,49;51,56,55,54,53,52
ipr58_327 58 1,2,3,4,5,6;0,6,7,8,2;0,1,8,9,10,3;0,2,10,11,12,4;0,3,12,13,5;0,4,13,14,15,6;0,5,15,16,7,1;1,6,16,17,18,8;1,7,18,19,9,2;2,8,19,20,21,10;2,9,21,22,11,3;3,10,22,23,24,12;3,11,24,25,13,4;4,12,25,26,14,5;5,13,26,27,28,15;5,14,28,29,16,6;6,15,29,30,17,7;7,16,30,31,32,18;7,17,32,19,8;8,18,32,33,20,9;9,19,33,34,35,21;9,20,35,22,10;10,21,35,36,23,11;11,22,36,37,38,24;11,23,38,39,25,12;12,24,39,26,13;13,25,39,40,27,14;14,26,40,41,42,28;14,27,42,43,29,15;15,28,43,30,16;16,29,43,44,31,17;17,30,44,45,46,32;17,31,46,33,19,18;19,32,46,34,20;20,33,46,47,48,35;20,34,48,36,22,21;22,35,48,49,37,23;23,36,49,50,51,38;23,37,51,39,24;24,38,51,40,26,25;26,39,51,52,41,27;27,40,52,53,54,42;27,41,54,55,43,28;28,42,55,44,30,29;30,43,55,45,31;31,44,55,56,47,46;31,45,47,34,33,32;34,46,45,56,57,48;34,47,57,49,36,35;36,48,57,50,37;37,49,57,53,52,51;37,50,52,40,39,38;40,51,50,53,41;41,52,50,57,56,54;41,53,56,55,42;42,54,56,45,44,43;45,55,54,53,57,47;47,56,53,50,49,48
ipr58_348 58 1,2,3,4,5,6;0,6,7,8,2;0,1,8,9,10,3;0,2,10,11,12,4;0,3,12,13,14,5;0,4,14,15,16,6;0,5,16,17,7,1;1,6,17,18,19,8;1,7,19,20,9,2;2,8,20,21,22,10;2,9,22,23,11,3;3,10,23,24,25,12;3,11,25,13,4;4,12,25,26,27,14;4,13,27,28,15,5;5,14,28,29,16;5,15,29,30,17,6;6,16,30,31,18,7;7,17,31,32,33,19;7,18,33,20,8;8,19,33,34,21,9;9,20,34,35,36,22;9,21,36,37,23,10;10,22,37,38,24,11;11,23,38,39,25;11,24,39,26,13,12;13,25,39,40,41,27;13,26,41,42,28,14;14,27,42,43,29,15;15,28,43,44,30,16;16,29,44,31,17;17,30,44,45,32,18;18,31,45,46,47,33;18,32,47,34,20,19;20,33,47,48,35,21;21,34,48,49,50,36;21,35,50,51,37,22;22,36,51,38,23;23,37,51,52,39,24;24,38,52,40,26,25;26,39,52,53,54,41;26,40,54,55,42,27;27,41,55,43,28;28,42,55,56,44,29;29,43,56,45,31,30;31,44,56,46,32;32,45,56,57,48,47;32,46,48,34,33;34,47,46,57,49,35;35,48,57,54,53,50;35,49,53,51,36;36,50,53,52,38,37;38,51,53,40,39;40,52,51,50,49,54;40,53,49,57,55,41;41,54,57,56,43,42;43,55,57,46,45,44;46,56,55,54,49,48
ipr58_349 58 1,2,3,4,5,6;0,6,7,8,2;0,1,8,9,10,3;0,2,10,11,12,4;0,3,12,13,14,5;0,4,14,15,6;0,5,15,16,7,1;1,6,16,17,18,8;1,7,18,19,9,2;2,8,19,20,21,10;2,9,21,22,11,3;3,10,22,23,24,12;3,11,24,13,4;4,12,24,25,26,14;4,13,26,27,15,5;5,14,27,28,16,6;6,15,28,29,17,7;7,16,29,30,31,18;7,17,31,19,8;8,18,31,32,20,9;9,19,32,33,34,21;9,20,34,35,22,10;10,21,35,36,23,11;11,22,36,37,24;11,23,37,25,13,12;13,24,37,38,39,26;13,25,39,40,27,14;14,26,40,41,28,15;15,27,41,29,16;16,28,41,42,30,17;17,29,42,43,44,31;17,30,44,32,19,18;19,31,44,45,33,20;20,32,45,46,47,34;20,33,47,48,35,21;21,34,48,36,22;22,35,48,49,37,23;23,36,49,38,25,24;25,37,49,50,51,39;25,38,51,52,40,26;26,39,52,53,41,27;27,40,53,42,29,28;29,41,53,54,43,30;30,42,54,55,45,44;30,43,45,32,31;32,44,43,55,46,33;33,45,55,56,47;33,46,56,50,48,34;34,47,50,49,36,35;36,48,50,38,37;38,49,48,47,56,51;38,50,56,57,52,39;39,51,57,53,40;40,52,57,54,42,41;42,53,57,55,43;43,54,57,56,46,45;46,55,57,51,50,47;51,56,55,54,53,52
ipr58_357 58 1,2,3,4,5,6;0,6,7,8,2;0,1,8,9,10,3;0,2,10,11,12,4;0,3,12,13,14,5;0,4,14,15,16,6;0,5,16,17,7,1;1,6,17,18,19,8;1,7,19,20,9,2;2,8,20,21,10;2,9,21,22,11,3;3,10,22,23,24,12;3,11,24,13,4;4,12,24,25,26,14;4,13,26,27,15,5;5,14,27,28,29,16;5,15,29,17,6;6,16,29,30,18,7;7,17,30,31,32,19;7,18,32,33,20,8;8,19,33,34,21,9;9,20,34,35,22,10;10,21,35,23,11;11,22,35,36,37,24;11,23,37,25,13,12;13,24,37,38,26;13,25,38,39,27,14;14,26,39,40,28,15;15,27,40,41,42,29;15,28,42,30,17,16;17,29,42,31,18;18,30,42,43,44,32;18,31,44,45,33,19;19,32,45,46,34,20;20,33,46,47,35,21;21,34,47,36,23,22;23,35,47,48,49,37;23,36,49,38,25,24;25,37,49,50,39,26;26,38,50,51,40,27;27,39,51,52,41,28;28,40,52,43,42;28,41,43,31,30,29;31,42,41,52,53,44;31,43,53,45,32;32,44,53,54,46,33;33,45,54,55,47,34;34,46,55,48,36,35;36,47,55,56,50,49;36,48,50,38,37;38,49,48,56,51,39;39,50,56,57,52,40;40,51,57,53,43,41;43,52,57,54,45,44;45,53,57,56,55,46;46,54,56,48,47;48,55,54,57,51,50;51,56,54,53,52
ipr58_364 58 1,2,3,4,5,6;0,6,7,8,2;0,1,8,9,10,3;0,2,10,11,12,4;0,3,12,13,5;0,4,13,14,15,6;0,5,15,16,7,1;1,6,16,17,18,8;1,7,18,19,9,2;2,8,19,20,10;2,9,20,21,11,3;3,10,21,22,23,12;3,11,23,24,13,4;4,12,24,25,14,5;5,13,25,26,27,15;5,14,27,16,6;6,15,27,28,17,7;7,16,28,29,30,18;7,17,30,31,19,8;8,18,31,32,20,9;9,19,32,33,21,10;10,20,33,34,22,11;11,21,34,35,36,23;11,22,36,24,12;12,23,36,37,25,13;13,24,37,38,26,14;14,25,38,39,40,27;14,26,40,28,16,15;16,27,40,29,17;17,28,40,41,42,30;17,29,42,31,18;18,30,42,43,32,19;19,31,43,44,33,20;20,32,44,45,34,21;21,33,45,46,35,22;22,34,46,47,48,36;22,35,48,37,24,23;24,36,48,49,38,25;25,37,49,50,39,26;26,38,50,51,41,40;26,39,41,29,28,27;29,40,39,51,52,42;29,41,52,43,31,30;31,42,52,53,44,32;32,43,53,54,45,33;33,44,54,46,34;34,45,54,55,47,35;35,46,55,56,49,48;35,47,49,37,36;37,48,47,56,50,38;38,49,56,51,39;39,50,56,57,52,41;41,51,57,53,43,42;43,52,57,54,44;44,53,57,55,46,45;46,54,57,56,47;47,55,57,51,50,49;51,56,55,54,53,52
ipr60_46 60 1,2,3,4,5,6;0,6,7,8,9,2;0,1,9,10,11,3;0,2,11,12,4;0,3,12,13,14,5;0,4,14,15,16,6;0,5,16,17,7,1;1,6,17,18,8;1,7,18,19,20,9;1,8,20,21,10,2;2,9,21,22,23,11;2,10,23,24,12,3;3,11,24,25,13,4;4,12,25,26,14;4,13,26,27,15,5;5,14,27,28,29,16;5,15,29,30,17,6;6,16,30,31,18,7;7,17,31,32,19,8;8,18,32,33,20;8,19,33,34,21,9;9,20,34,35,22,10;10,21,35,36,37,23;10,22,37,38,24,11;11,23,38,25,12;12,24,38,39,26,13;13,25,39,40,27,14;14,26,40,41,28,15;15,27,41,42,43,29;15,28,43,30,16;16,29,43,44,31,17;17,30,44,45,32,18;18,31,45,46,33,19;19,32,46,47,34,20;20,33,47,35,21;21,34,47,48,36,22;22,35,48,49,50,37;22,36,50,51,38,23;23,37,51,39,25,24;25,38,51,40,26;26,39,51,52,41,27;27,40,52,53,42,28;28,41,53,54,55,43;28,42,55,44,30,29;30,43,55,45,31;31,44,55,56,46,32;32,45,56,57,47,33;33,46,57,48,35,34;35,47,57,49,36;36,48,57,58,59,50;36,49,59,52,51,37;37,50,52,40,39,38;40,51,50,59,53,41;41,52,59,54,42;42,53,59,58,56,55;42,54,56,45,44,43;45,55,54,58,57,46;46,56,58,49,48,47;49,57,56,54,59;49,58,54,53,52,50
ipr60_80 60 1,2,3,4,5,6;0,6,7,8,9,2;0,1,9,10,11,3;0,2,11,12,13,4;0,3,13,14,15,5;0,4,15,16,17,6;0,5,17,7,1;1,6,17,18,19,8;1,7,19,20,21,9;1,8,21,22,10,2;2,9,22,23,24,11;2,10,24,12,3;3,11,24,25,26,13;3,12,26,27,14,4;4,13,27,28,29,15;4,14,29,30,16,5;5,15,30,31,32,17;5,16,32,18,7,6;7,17,32,33,34,19;7,18,34,20,8;8,19,34,35,36,21;8,20,36,37,22,9;9,21,37,38,23,10;10,22,38,39,24;10,23,39,25,12,11;12,24,39,40,26;12,25,40,41,27,13;13,26,41,28,14;14,27,41,42,43,29;14,28,43,44,30,15;15,29,44,31,16;16,30,44,45,46,32;16,31,46,33,18,17;18,32,46,47,34;18,33,47,35,20,19;20,34,47,48,49,36;20,35,49,50,37,21;21,36,50,51,38,22;22,37,51,52,39,23;23,38,52,40,25,24;25,39,52,53,41,26;26,40,53,42,28,27;28,41,53,54,55,43;28,42,55,56,44,29;29,43,56,45,31,30;31,44,56,57,46;31,45,57,47,33,32;33,46,57,48,35,34;35,47,57,58,49;35,48,58,59,50,36;36,49,59,54,51,37;37,50,54,53,52,38;38,51,53,40,39;40,52,51,54,42,41;42,53,51,50,59,55;42,54,59,58,56,43;43,55,58,57,45,44;45,56,58,48,47,46;48,57,56,55,59,49;49,58,55,54,50
ipr60_124 60 1,2,3,4,5,6;0,6,7,8,9,2;0,1,9,10,11,3;0,2,11,12,13,4;0,3,13,14,15,5;0,4,15,16,17,6;0,5,17,7,1;1,6,17,18,19,8;1,7,19,20,21,9;1,8,21,10,2;2,9,21,22,23,11;2,10,23,24,12,3;3,11,24,25,13;3,12,25,26,14,4;4,13,26,27,28,15;4,14,28,29,16,5;5,15,29,30,31,17;5,16,31,18,7,6;7,17,31,32,19;7,18,32,33,20,8;8,19,33,34,35,21;8,20,35,22,10,9;10,21,35,36,23;10,22,36,37,24,11;11,23,37,38,25,12;12,24,38,39,26,13;13,25,39,40,27,14;14,26,40,41,42,28;14,27,42,43,29,15;15,28,43,44,30,16;16,29,44,45,46,31;16,30,46,32,18,17;18,31,46,47,33,19;19,32,47,48,34,20;20,33,48,49,50,35;20,34,50,36,22,21;22,35,50,51,37,23;23,36,51,38,24;24,37,51,52,39,25;25,38,52,40,26;26,39,52,53,41,27;27,40,53,54,55,42;27,41,55,43,28;28,42,55,56,44,29;29,43,56,45,30;30,44,56,57,47,46;30,45,47,32,31;32,46,45,57,48,33;33,47,57,58,49,34;34,48,58,54,59,50;34,49,59,51,36,35;36,50,59,52,38,37;38,51,59,53,40,39;40,52,59,54,41;41,53,59,49,58,55;41,54,58,56,43,42;43,55,58,57,45,44;45,56,58,48,47;48,57,56,55,54,49;49,54,53,52,51,50
ipr60_133 60 1,2,3,4,5,6;0,6,7,8,9,2;0,1,9,10,11,3;0,2,11,12,13,4;0,3,13,14,15,5;0,4,15,16,17,6;0,5,17,7,1;1,6,17,18,19,8;1,7,19,20,9;1,8,20,21,10,2;2,9,21,22,23,11;2,10,23,24,12,3;3,11,24,25,26,13;3,12,26,14,4;4,13,26,27,28,15;4,14,28,29,16,5;5,15,29,30,31,17;5,16,31,18,7,6;7,17,31,32,19;7,18,32,33,20,8;8,19,33,34,21,9;9,20,34,35,22,10;10,21,35,36,37,23;10,22,37,24,11;11,23,37,38,25,12;12,24,38,39,26;12,25,39,27,14,13;14,26,39,40,41,28;14,27,41,42,29,15;15,28,42,43,30,16;16,29,43,44,45,31;16,30,45,32,18,17;18,31,45,46,33,19;19,32,46,47,34,20;20,33,47,48,35,21;21,34,48,49,36,22;22,35,49,50,51,37;22,36,51,38,24,23;24,37,51,52,39,25;25,38,52,40,27,26;27,39,52,53,54,41;27,40,54,42,28;28,41,54,55,43,29;29,42,55,44,30;30,43,55,56,46,45;30,44,46,32,31;32,45,44,56,47,33;33,46,56,57,48,34;34,47,57,58,49,35;35,48,58,50,36;36,49,58,53,52,51;36,50,52,38,37;38,51,50,53,40,39;40,52,50,58,59,54;40,53,59,55,42,41;42,54,59,56,44,43;44,55,59,57,47,46;47,56,59,58,48;48,57,59,53,50,49;53,58,57,56,55,54
ipr60_140 60 1,2,3,4,5,6;0,6,7,8,9,2;0,1,9,10,11,3;0,2,11,12,13,4;0,3,13,14,15,5;0,4,15,16,17,6;0,5,17,7,1;1,6,17,18,19,8;1,7,19,20,21,9;1,8,21,22,10,2;2,9,22,23,11;2,10,23,24,12,3;3,11,24,25,26,13;3,12,26,27,14,4;4,13,27,28,15;4,14,28,29,16,5;5,15,29,30,31,17;5,16,31,18,7,6;7,17,31,32,19;7,18,32,33,20,8;8,19,33,34,21;8,20,34,35,22,9;9,21,35,36,23,10;10,22,36,37,24,11;11,23,37,38,25,12;12,24,38,39,26;12,25,39,40,27,13;13,26,40,41,28,14;14,27,41,42,29,15;15,28,42,43,30,16;16,29,43,44,45,31;16,30,45,32,18,17;18,31,45,46,33,19;19,32,46,47,34,20;20,33,47,48,35,21;21,34,48,49,36,22;22,35,49,50,37,23;23,36,50,38,24;24,37,50,51,39,25;25,38,51,52,40,26;26,39,52,53,41,27;27,40,53,54,42,28;28,41,54,43,29;29,42,54,55,44,30;30,43,55,56,46,45;30,44,46,32,31;32,45,44,56,47,33;33,46,56,48,34;34,47,56,57,49,35;35,48,57,58,50,36;36,49,58,51,38,37;38,50,58,52,39;39,51,58,59,53,40;40,52,59,54,41;41,53,59,55,43,42;43,54,59,57,56,44;44,55,57,48,47,46;48,56,55,59,58,49;49,57,59,52,51,50;52,58,57,55,54,53
ipr60_149 60 1,2,3,4,5,6;0,6,7,8,9,2;0,1,9,10,11,3;0,2,11,12,13,4;0,3,13,14,15,5;0,4,15,16,6;0,5,16,17,7,1;1,6,17,18,19,8;1,7,19,20,21,9;1,8,21,22,10,2;2,9,22,23,11;2,10,23,24,12,3;3,11,24,25,26,13;3,12,26,27,14,4;4,13,27,28,15;4,14,28,29,16,5;5,15,29,30,17,6;6,16,30,18,7;7,17,30,31,32,19;7,18,32,33,20,8;8,19,33,34,35,21;8,20,35,22,9;9,21,35,36,23,10;10,22,36,37,24,11;11,23,37,38,25,12;12,24,38,39,26;12,25,39,40,27,13;13,26,40,41,28,14;14,27,41,42,29,15;15,28,42,43,30,16;16,29,43,31,18,17;18,30,43,44,45,32;18,31,45,33,19;19,32,45,46,34,20;20,33,46,47,48,35;20,34,48,36,22,21;22,35,48,49,37,23;23,36,49,50,38,24;24,37,50,51,39,25;25,38,51,52,40,26;26,39,52,53,41,27;27,40,53,54,42,28;28,41,54,44,43,29;29,42,44,31,30;31,43,42,54,55,45;31,44,55,46,33,32;33,45,55,56,47,34;34,46,56,57,48;34,47,57,49,36,35;36,48,57,50,37;37,49,57,58,51,38;38,50,58,52,39;39,51,58,59,53,40;40,52,59,54,41;41,53,59,55,44,42;44,54,59,56,46,45;46,55,59,58,57,47;47,56,58,50,49,48;50,57,56,59,52,51;52,58,56,55,54,53
ipr60_158 60 1,2,3,4,5,6;0,6,7,8,9,2;0,1,9,10,11,3;0,2,11,12,13,4;0,3,13,14,15,5;0,4,15,16,17,6;0,5,17,18,7,1;1,6,18,19,20,8;1,7,20,21,22,9;1,8,22,10,2;2,9,22,23,24,11;2,10,24,12,3;3,11,24,25,26,13;3,12,26,14,4;4,13,26,27,28,15;4,14,28,16,5;5,15,28,29,30,17;5,16,30,31,18,6;6,17,31,32,19,7;7,18,32,33,20;7,19,33,34,21,8;8,20,34,35,22;8,21,35,23,10,9;10,22,35,36,37,24;10,23,37,25,12,11;12,24,37,38,39,26;12,25,39,27,14,13;14,26,39,40,41,28;14,27,41,29,16,15;16,28,41,42,30;16,29,42,43,31,17;17,30,43,44,32,18;18,31,44,45,33,19;19,32,45,46,34,20;20,33,46,47,35,21;21,34,47,36,23,22;23,35,47,48,49,37;23,36,49,38,25,24;25,37,49,50,51,39;25,38,51,40,27,26;27,39,51,52,53,41;27,40,53,42,29,28;29,41,53,54,43,30;30,42,54,44,31;31,43,54,55,45,32;32,44,55,56,46,33;33,45,56,57,47,34;34,46,57,48,36,35;36,47,57,58,50,49;36,48,50,38,37;38,49,48,58,52,51;38,50,52,40,39;40,51,50,58,59,53;40,52,59,54,42,41;42,53,59,55,44,43;44,54,59,56,45;45,55,59,58,57,46;46,56,58,48,47;48,57,56,59,52,50;52,58,56,55,54,53
ipr60_191 60 1,2,3,4,5,6;0,6,7,8,9,2;0,1,9,10,11,3;0,2,11,12,13,4;0,3,13,14,15,5;0,4,15,16,17,6;0,5,17,18,7,1;1,6,18,19,20,8;1,7,20,21,9;1,8,21,22,10,2;2,9,22,23,24,11;2,10,24,12,3;3,11,24,25,26,13;3,12,26,27,14,4;4,13,27,28,29,15;4,14,29,16,5;5,15,29,30,31,17;5,16,31,32,18,6;6,17,32,19,7;7,18,32,33,34,20;7,19,34,35,21,8;8,20,35,36,22,9;9,21,36,37,23,10;10,22,37,38,39,24;10,23,39,25,12,11;12,24,39,40,41,26;12,25,41,27,13;13,26,41,42,28,14;14,27,42,43,29;14,28,43,30,16,15;16,29,43,44,31;16,30,44,45,32,17;17,31,45,33,19,18;19,32,45,46,47,34;19,33,47,48,35,20;20,34,48,49,36,21;21,35,49,37,22;22,36,49,50,38,23;23,37,50,51,52,39;23,38,52,40,25,24;25,39,52,53,54,41;25,40,54,42,27,26;27,41,54,55,43,28;28,42,55,44,30,29;30,43,55,56,45,31;31,44,56,46,33,32;33,45,56,57,58,47;33,46,58,59,48,34;34,47,59,49,35;35,48,59,50,37,36;37,49,59,51,38;38,50,59,58,53,52;38,51,53,40,39;40,52,51,58,57,54;40,53,57,55,42,41;42,54,57,56,44,43;44,55,57,46,45;46,56,55,54,53,58;46,57,53,51,59,47;47,58,51,50,49,48
ipr60_241 60 1,2,3,4,5,6;0,6,7,8,9,2;0,1,9,10,11,3;0,2,11,12,4;0,3,12,13,14,5;0,4,14,15,16,6;0,5,16,17,7,1;1,6,17,18,19,8;1,7,19,20,9;1,8,20,21,10,2;2,9,21,22,23,11;2,10,23,24,12,3;3,11,24,25,13,4;4,12,25,26,14;4,13,26,27,15,5;5,14,27,28,29,16;5,15,29,30,17,6;6,16,30,31,18,7;7,17,31,32,33,19;7,18,33,34,20,8;8,19,34,35,21,9;9,20,35,22,10;10,21,35,36,37,23;10,22,37,38,24,11;11,23,38,39,25,12;12,24,39,40,26,13;13,25,40,41,27,14;14,26,41,42,28,15;15,27,42,43,44,29;15,28,44,45,30,16;16,29,45,31,17;17,30,45,46,32,18;18,31,46,47,33;18,32,47,48,34,19;19,33,48,35,20;20,34,48,36,22,21;22,35,48,49,50,37;22,36,50,51,38,23;23,37,51,52,39,24;24,38,52,40,25;25,39,52,53,41,26;26,40,53,42,27;27,41,53,54,43,28;28,42,54,55,56,44;28,43,56,45,29;29,44,56,46,31,30;31,45,56,57,47,32;32,46,57,49,48,33;33,47,49,36,35,34;36,48,47,57,58,50;36,49,58,59,51,37;37,50,59,52,38;38,51,59,53,40,39;40,52,59,54,42,41;42,53,59,58,55,43;43,54,58,57,56;43,55,57,46,45,44;46,56,55,58,49,47;49,57,55,54,59,50;50,58,54,53,52,51
ipr60_311 60 1,2,3,4,5,6;0,6,7,8,9,2;0,1,9,10,11,3;0,2,11,12,13,4;0,3,13,14,15,5;0,4,15,16,17,6;0,5,17,18,7,1;1,6,18,19,20,8;1,7,20,21,22,9;1,8,22,23,10,2;2,9,23,24,25,11;2,10,25,26,12,3;3,11,26,27,28,13;3,12,28,29,14,4;4,13,29,30,31,15;4,14,31,16,5;5,15,31,32,33,17;5,16,33,18,6;6,17,33,34,19,7;7,18,34,35,36,20;7,19,36,37,21,8;8,20,37,38,39,22;8,21,39,23,9;9,22,39,40,24,10;10,23,40,41,42,25;10,24,42,43,26,11;11,25,43,27,12;12,26,43,44,45,28;12,27,45,46,29,13;13,28,46,47,30,14;14,29,47,48,31;14,30,48,32,16,15;16,31,48,49,33;16,32,49,34,18,17;18,33,49,35,19;19,34,49,50,51,36;19,35,51,52,37,20;20,36,52,53,38,21;21,37,53,54,39;21,38,54,40,23,22;23,39,54,41,24;24,40,54,55,56,42;24,41,56,43,25;25,42,56,44,27,26;27,43,56,57,58,45;27,44,58,59,46,28;28,45,59,47,29;29,46,59,50,48,30;30,47,50,49,32,31;32,48,50,35,34,33;35,49,48,47,59,51;35,50,59,58,52,36;36,51,58,57,53,37;37,52,57,55,54,38;38,53,55,41,40,39;41,54,53,57,56;41,55,57,44,43,42;44,56,55,53,52,58;44,57,52,51,59,45;45,58,51,50,47,46
ipr60_337 60 1,2,3,4,5,6;0,6,7,8,9,2;0,1,9,10,11,3;0,2,11,12,4;0,3,12,13,14,5;0,4,14,15,16,6;0,5,16,17,7,1;1,6,17,18,19,8;1,7,19,20,21,9;1,8,21,22,10,2;2,9,22,23,24,11;2,10,24,25,12,3;3,11,25,26,13,4;4,12,26,27,28,14;4,13,28,15,5;5,14,28,29,30,16;5,15,30,17,6;6,16,30,31,18,7;7,17,31,32,33,19;7,18,33,34,20,8;8,19,34,35,21;8,20,35,36,22,9;9,21,36,37,23,10;10,22,37,38,39,24;10,23,39,25,11;11,24,39,40,26,12;12,25,40,41,27,13;13,26,41,42,43,28;13,27,43,29,15,14;15,28,43,44,30;15,29,44,31,17,16;17,30,44,32,18;18,31,44,45,46,33;18,32,46,47,34,19;19,33,47,48,35,20;20,34,48,49,36,21;21,35,49,37,22;22,36,49,50,38,23;23,37,50,51,52,39;23,38,52,40,25,24;25,39,52,53,41,26;26,40,53,54,42,27;27,41,54,55,45,43;27,42,45,44,29,28;29,43,45,32,31,30;32,44,43,42,55,46;32,45,55,56,47,33;33,46,56,57,48,34;34,47,57,49,35;35,48,57,50,37,36;37,49,57,58,51,38;38,50,58,59,53,52;38,51,53,40,39;40,52,51,59,54,41;41,53,59,55,42;42,54,59,56,46,45;46,55,59,58,57,47;47,56,58,50,49,48;50,57,56,59,51;51,58,56,55,54,53
ipr60_552 60 1,2,3,4,5,6;0,6,7,8,9,2;0,1,9,10,11,3;0,2,11,12,13,4;0,3,13,14,15,5;0,4,15,16,17,6;0,5,17,18,7,1;1,6,18,19,8;1,7,19,20,21,9;1,8,21,22,10,2;2,9,22,23,24,11;2,10,24,25,12,3;3,11,25,26,27,13;3,12,27,14,4;4,13,27,28,29,15;4,14,29,30,16,5;5,15,30,31,17;5,16,31,32,18,6;6,17,32,33,19,7;7,18,33,34,20,8;8,19,34,35,36,21;8,20,36,37,22,9;9,21,37,38,23,10;10,22,38,39,40,24;10,23,40,41,25,11;11,24,41,26,12;12,25,41,42,43,27;12,26,43,28,14,13;14,27,43,44,29;14,28,44,45,30,15;15,29,45,46,31,16;16,30,46,47,32,17;17,31,47,33,18;18,32,47,48,34,19;19,33,48,35,20;20,34,48,49,50,36;20,35,50,37,21;21,36,50,51,38,22;22,37,51,39,23;23,38,51,52,53,40;23,39,53,41,24;24,40,53,42,26,25;26,41,53,54,55,43;26,42,55,44,28,27;28,43,55,56,45,29;29,44,56,46,30;30,45,56,57,47,31;31,46,57,48,33,32;33,47,57,49,35,34;35,48,57,58,59,50;35,49,59,51,37,36;37,50,59,52,39,38;39,51,59,54,53;39,52,54,42,41,40;42,53,52,59,58,55;42,54,58,56,44,43;44,55,58,57,46,45;46,56,58,49,48,47;49,57,56,55,54,59;49,58,54,52,51,50
ipr60_582 60 1,2,3,4,5,6;0,6,7,8,9,2;0,1,9,10,11,3;0,2,11,12,13,4;0,3,13,14,15,5;0,4,15,16,17,6;0,5,17,18,7,1;1,6,18,19,20,8;1,7,20,21,9;1,8,21,22,10,2;2,9,22,23,24,11;2,10,24,25,12,3;3,11,25,26,27,13;3,12,27,14,4;4,13,27,28,29,15;4,14,29,16,5;5,15,29,30,31,17;5,16,31,32,18,6;6,17,32,33,19,7;7,18,33,34,20;7,19,34,35,21,8;8,20,35,36,22,9;9,21,36,37,23,10;10,22,37,38,39,24;10,23,39,40,25,11;11,24,40,41,26,12;12,25,41,42,43,27;12,26,43,28,14,13;14,27,43,44,29;14,28,44,30,16,15;16,29,44,45,46,31;16,30,46,32,17;17,31,46,47,33,18;18,32,47,48,34,19;19,33,48,49,35,20;20,34,49,36,21;21,35,49,50,37,22;22,36,50,38,23;23,37,50,51,52,39;23,38,52,40,24;24,39,52,53,41,25;25,40,53,42,26;26,41,53,54,55,43;26,42,55,44,28,27;28,43,55,45,30,29;30,44,55,56,46;30,45,56,47,32,31;32,46,56,57,48,33;33,47,57,58,49,34;34,48,58,50,36,35;36,49,58,51,38,37;38,50,58,59,52;38,51,59,53,40,39;40,52,59,54,42,41;42,53,59,57,56,55;42,54,56,45,44,43;45,55,54,57,47,46;47,56,54,59,58,48;48,57,59,51,50,49;51,58,57,54,53,52
ipr60_589 60 1,2,3,4,5,6;0,6,7,8,9,2;0,1,9,10,11,3;0,2,11,12,13,4;0,3,13,14,15,5;0,4,15,16,17,6;0,5,17,18,7,1;1,6,18,19,20,8;1,7,20,21,22,9;1,8,22,10,2;2,9,22,23,24,11;2,10,24,25,12,3;3,11,25,26,27,13;3,12,27,28,14,4;4,13,28,29,30,15;4,14,30,16,5;5,15,30,31,32,17;5,16,32,18,6;6,17,32,33,19,7;7,18,33,34,35,20;7,19,35,21,8;8,20,35,36,37,22;8,21,37,23,10,9;10,22,37,38,39,24;10,23,39,40,25,11;11,24,40,26,12;12,25,40,41,42,27;12,26,42,43,28,13;13,27,43,44,29,14;14,28,44,45,30;14,29,45,31,16,15;16,30,45,46,47,32;16,31,47,33,18,17;18,32,47,34,19;19,33,47,48,49,35;19,34,49,36,21,20;21,35,49,50,38,37;21,36,38,23,22;23,37,36,50,51,39;23,38,51,52,40,24;24,39,52,41,26,25;26,40,52,53,42;26,41,53,54,43,27;27,42,54,44,28;28,43,54,55,45,29;29,44,55,46,31,30;31,45,55,56,48,47;31,46,48,34,33,32;34,47,46,56,57,49;34,48,57,50,36,35;36,49,57,51,38;38,50,57,58,52,39;39,51,58,53,41,40;41,52,58,59,54,42;42,53,59,55,44,43;44,54,59,56,46,45;46,55,59,58,57,48;48,56,58,51,50,49;51,57,56,59,53,52;53,58,56,55,54
ipr60_634 60 1,2,3,4,5,6;0,6,7,8,9,2;0,1,9,10,11,3;0,2,11,12,13,4;0,3,13,14,15,5;0,4,15,16,17,6;0,5,17,18,7,1;1,6,18,19,20,8;1,7,20,21,22,9;1,8,22,10,2;2,9,22,23,24,11;2,10,24,25,12,3;3,11,25,26,13;3,12,26,27,14,4;4,13,27,28,29,15;4,14,29,16,5;5,15,29,30,31,17;5,16,31,18,6;6,17,31,32,19,7;7,18,32,33,34,20;7,19,34,35,21,8;8,20,35,36,37,22;8,21,37,23,10,9;10,22,37,38,39,24;10,23,39,25,11;11,24,39,40,26,12;12,25,40,41,27,13;13,26,41,42,28,14;14,27,42,43,44,29;14,28,44,30,16,15;16,29,44,45,46,31;16,30,46,32,18,17;18,31,46,33,19;19,32,46,47,48,34;19,33,48,49,35,20;20,34,49,50,36,21;21,35,50,51,38,37;21,36,38,23,22;23,37,36,51,52,39;23,38,52,40,25,24;25,39,52,41,26;26,40,52,53,42,27;27,41,53,54,43,28;28,42,54,55,56,44;28,43,56,45,30,29;30,44,56,47,46;30,45,47,33,32,31;33,46,45,56,57,48;33,47,57,49,34;34,48,57,58,50,35;35,49,58,59,51,36;36,50,59,53,52,38;38,51,53,41,40,39;41,52,51,59,54,42;42,53,59,58,55,43;43,54,58,57,56;43,55,57,47,45,44;47,56,55,58,49,48;49,57,55,54,59,50;50,58,54,53,51
ipr60_642 60 1,2,3,4,5,6;0,6,7,8,2;0,1,8,9,10,3;0,2,10,11,12,4;0,3,12,13,14,5;0,4,14,15,16,6;0,5,16,17,7,1;1,6,17,18,19,8;1,7,19,20,9,2;2,8,20,21,22,10;2,9,22,23,11,3;3,10,23,24,25,12;3,11,25,13,4;4,12,25,26,27,14;4,13,27,28,15,5;5,14,28,29,16;5,15,29,30,17,6;6,16,30,31,18,7;7,17,31,32,33,19;7,18,33,34,20,8;8,19,34,35,21,9;9,20,35,36,37,22;9,21,37,23,10;10,22,37,38,24,11;11,23,38,39,40,25;11,24,40,26,13,12;13,25,40,41,42,27;13,26,42,28,14;14,27,42,43,29,15;15,28,43,44,30,16;16,29,44,45,31,17;17,30,45,32,18;18,31,45,46,47,33;18,32,47,34,19;19,33,47,48,35,20;20,34,48,49,36,21;21,35,49,50,51,37;21,36,51,38,23,22;23,37,51,39,24;24,38,51,52,53,40;24,39,53,41,26,25;26,40,53,54,55,42;26,41,55,43,28,27;28,42,55,56,44,29;29,43,56,45,30;30,44,56,46,32,31;32,45,56,57,58,47;32,46,58,48,34,33;34,47,58,49,35;35,48,58,59,50,36;36,49,59,52,51;36,50,52,39,38,37;39,51,50,59,54,53;39,52,54,41,40;41,53,52,59,57,55;41,54,57,56,43,42;43,55,57,46,45,44;46,56,55,54,59,58;46,57,59,49,48,47;49,58,57,54,52,50
ipr60_696 60 1,2,3,4,5,6;0,6,7,8,9,2;0,1,9,10,3;0,2,10,11,12,4;0,3,12,13,14,5;0,4,14,15,16,6;0,5,16,17,7,1;1,6,17,18,19,8;1,7,19,20,21,9;1,8,21,22,10,2;2,9,22,23,11,3;3,10,23,24,25,12;3,11,25,26,13,4;4,12,26,27,28,14;4,13,28,15,5;5,14,28,29,30,16;5,15,30,31,17,6;6,16,31,18,7;7,17,31,32,33,19;7,18,33,20,8;8,19,33,34,35,21;8,20,35,36,22,9;9,21,36,37,23,10;10,22,37,24,11;11,23,37,38,39,25;11,24,39,40,26,12;12,25,40,27,13;13,26,40,41,42,28;13,27,42,29,15,14;15,28,42,43,44,30;15,29,44,45,31,16;16,30,45,32,18,17;18,31,45,46,47,33;18,32,47,34,20,19;20,33,47,48,49,35;20,34,49,50,36,21;21,35,50,51,37,22;22,36,51,38,24,23;24,37,51,52,53,39;24,38,53,40,25;25,39,53,41,27,26;27,40,53,54,55,42;27,41,55,43,29,28;29,42,55,56,44;29,43,56,46,45,30;30,44,46,32,31;32,45,44,56,57,47;32,46,57,48,34,33;34,47,57,58,59,49;34,48,59,50,35;35,49,59,52,51,36;36,50,52,38,37;38,51,50,59,54,53;38,52,54,41,40,39;41,53,52,59,58,55;41,54,58,56,43,42;43,55,58,57,46,44;46,56,58,48,47;48,57,56,55,54,59;48,58,54,52,50,49
ipr60_700 60 1,2,3,4,5,6;0,6,7,8,9,2;0,1,9,10,3;0,2,10,11,12,4;0,3,12,13,14,5;0,4,14,15,16,6;0,5,16,17,7,1;1,6,17,18,19,8;1,7,19,20,21,9;1,8,21,22,10,2;2,9,22,23,11,3;3,10,23,24,25,12;3,11,25,26,13,4;4,12,26,27,28,14;4,13,28,15,5;5,14,28,29,30,16;5,15,30,31,17,6;6,16,31,18,7;7,17,31,32,33,19;7,18,33,34,20,8;8,19,34,35,21;8,20,35,36,22,9;9,21,36,23,10;10,22,36,37,24,11;11,23,37,38,39,25;11,24,39,26,12;12,25,39,40,27,13;13,26,40,41,42,28;13,27,42,29,15,14;15,28,42,43,44,30;15,29,44,45,31,16;16,30,45,32,18,17;18,31,45,46,47,33;18,32,47,48,34,19;19,33,48,49,35,20;20,34,49,50,36,21;21,35,50,37,23,22;23,36,50,51,38,24;24,37,51,52,53,39;24,38,53,40,26,25;26,39,53,54,41,27;27,40,54,55,42;27,41,55,43,29,28;29,42,55,56,44;29,43,56,46,45,30;30,44,46,32,31;32,45,44,56,57,47;32,46,57,48,33;33,47,57,58,49,34;34,48,58,51,50,35;35,49,51,37,36;37,50,49,58,52,38;38,51,58,59,54,53;38,52,54,40,39;40,53,52,59,55,41;41,54,59,56,43,42;43,55,59,57,46,44;46,56,59,58,48,47;48,57,59,52,51,49;52,58,57,56,55,54
ipr60_703 60 1,2,3,4,5,6;0,6,7,8,9,2;0,1,9,10,3;0,2,10,11,12,4;0,3,12,13,5;0,4,13,14,15,6;0,5,15,16,7,1;1,6,16,17,18,8;1,7,18,19,20,9;1,8,20,21,10,2;2,9,21,22,11,3;3,10,22,23,24,12;3,11,24,25,13,4;4,12,25,26,14,5;5,13,26,27,28,15;5,14,28,16,6;6,15,28,29,17,7;7,16,29,30,31,18;7,17,31,32,19,8;8,18,32,33,34,20;8,19,34,35,21,9;9,20,35,36,22,10;10,21,36,23,11;11,22,36,37,38,24;11,23,38,39,25,12;12,24,39,40,26,13;13,25,40,27,14;14,26,40,41,42,28;14,27,42,29,16,15;16,28,42,43,30,17;17,29,43,44,45,31;17,30,45,46,32,18;18,31,46,33,19;19,32,46,47,48,34;19,33,48,49,35,20;20,34,49,36,21;21,35,49,37,23,22;23,36,49,50,51,38;23,37,51,52,39,24;24,38,52,53,40,25;25,39,53,41,27,26;27,40,53,54,55,42;27,41,55,43,29,28;29,42,55,44,30;30,43,55,56,57,45;30,44,57,46,31;31,45,57,47,33,32;33,46,57,58,50,48;33,47,50,49,34;34,48,50,37,36,35;37,49,48,47,58,51;37,50,58,59,52,38;38,51,59,53,39;39,52,59,54,41,40;41,53,59,56,55;41,54,56,44,43,42;44,55,54,59,58,57;44,56,58,47,46,45;47,57,56,59,51,50;51,58,56,54,53,52
ipr60_710 60 1,2,3,4,5,6;0,6,7,8,9,2;0,1,9,10,3;0,2,10,11,12,4;0,3,12,13,14,5;0,4,14,15,16,6;0,5,16,17,7,1;1,6,17,18,19,8;1,7,19,20,21,9;1,8,21,22,10,2;2,9,22,23,11,3;3,10,23,24,25,12;3,11,25,13,4;4,12,25,26,27,14;4,13,27,15,5;5,14,27,28,29,16;5,15,29,30,17,6;6,16,30,18,7;7,17,30,31,32,19;7,18,32,33,20,8;8,19,33,34,21;8,20,34,35,22,9;9,21,35,23,10;10,22,35,36,24,11;11,23,36,37,38,25;11,24,38,26,13,12;13,25,38,39,40,27;13,26,40,28,15,14;15,27,40,41,42,29;15,28,42,43,30,16;16,29,43,31,18,17;18,30,43,44,45,32;18,31,45,46,33,19;19,32,46,47,34,20;20,33,47,48,35,21;21,34,48,36,23,22;23,35,48,49,37,24;24,36,49,50,51,38;24,37,51,39,26,25;26,38,51,52,40;26,39,52,41,28,27;28,40,52,53,42;28,41,53,54,43,29;29,42,54,44,31,30;31,43,54,55,56,45;31,44,56,46,32;32,45,56,57,47,33;33,46,57,49,48,34;34,47,49,36,35;36,48,47,57,50,37;37,49,57,58,59,51;37,50,59,52,39,38;39,51,59,53,41,40;41,52,59,55,54,42;42,53,55,44,43;44,54,53,59,58,56;44,55,58,57,46,45;46,56,58,50,49,47;50,57,56,55,59;50,58,55,53,52,51
ipr60_717 60 1,2,3,4,5,6;0,6,7,8,9,2;0,1,9,10,3;0,2,10,11,12,4;0,3,12,13,5;0,4,13,14,15,6;0,5,15,16,7,1;1,6,16,17,18,8;1,7,18,19,20,9;1,8,20,21,10,2;2,9,21,22,11,3;3,10,22,23,24,12;3,11,24,25,13,4;4,12,25,26,14,5;5,13,26,27,28,15;5,14,28,29,16,6;6,15,29,30,17,7;7,16,30,31,32,18;7,17,32,19,8;8,18,32,33,34,20;8,19,34,35,21,9;9,20,35,36,22,10;10,21,36,23,11;11,22,36,37,38,24;11,23,38,39,25,12;12,24,39,26,13;13,25,39,40,27,14;14,26,40,41,42,28;14,27,42,43,29,15;15,28,43,30,16;16,29,43,44,31,17;17,30,44,45,46,32;17,31,46,33,19,18;19,32,46,47,48,34;19,33,48,49,35,20;20,34,49,50,36,21;21,35,50,37,23,22;23,36,50,51,38;23,37,51,52,39,24;24,38,52,40,26,25;26,39,52,53,41,27;27,40,53,54,55,42;27,41,55,56,43,28;28,42,56,44,30,29;30,43,56,45,31;31,44,56,57,47,46;31,45,47,33,32;33,46,45,57,58,48;33,47,58,49,34;34,48,58,59,50,35;35,49,59,51,37,36;37,50,59,53,52,38;38,51,53,40,39;40,52,51,59,54,41;41,53,59,58,57,55;41,54,57,56,42;42,55,57,45,44,43;45,56,55,54,58,47;47,57,54,59,49,48;49,58,54,53,51,50
ipr60_790 60 1,2,3,4,5,6;0,6,7,8,9,2;0,1,9,10,11,3;0,2,11,12,13,4;0,3,13,14,15,5;0,4,15,16,17,6;0,5,17,18,7,1;1,6,18,19,20,8;1,7,20,21,9;1,8,21,22,10,2;2,9,22,23,24,11;2,10,24,25,12,3;3,11,25,26,27,13;3,12,27,14,4;4,13,27,28,29,15;4,14,29,16,5;5,15,29,30,31,17;5,16,31,32,18,6;6,17,32,19,7;7,18,32,33,34,20;7,19,34,35,21,8;8,20,35,36,22,9;9,21,36,37,23,10;10,22,37,38,24;10,23,38,39,25,11;11,24,39,26,12;12,25,39,40,41,27;12,26,41,28,14,13;14,27,41,42,43,29;14,28,43,30,16,15;16,29,43,44,31;16,30,44,45,32,17;17,31,45,33,19,18;19,32,45,46,47,34;19,33,47,48,35,20;20,34,48,36,21;21,35,48,49,37,22;22,36,49,50,38,23;23,37,50,51,39,24;24,38,51,40,26,25;26,39,51,52,53,41;26,40,53,42,28,27;28,41,53,54,43;28,42,54,44,30,29;30,43,54,55,45,31;31,44,55,46,33,32;33,45,55,56,57,47;33,46,57,58,48,34;34,47,58,49,36,35;36,48,58,59,50,37;37,49,59,51,38;38,50,59,52,40,39;40,51,59,57,56,53;40,52,56,54,42,41;42,53,56,55,44,43;44,54,56,46,45;46,55,54,53,52,57;46,56,52,59,58,47;47,57,59,49,48;49,58,57,52,51,50
ipr60_856 60 1,2,3,4,5,6;0,6,7,8,9,2;0,1,9,10,11,3;0,2,11,12,13,4;0,3,13,14,15,5;0,4,15,16,17,6;0,5,17,18,7,1;1,6,18,19,20,8;1,7,20,21,22,9;1,8,22,23,10,2;2,9,23,24,25,11;2,10,25,12,3;3,11,25,26,27,13;3,12,27,28,14,4;4,13,28,29,30,15;4,14,30,16,5;5,15,30,31,32,17;5,16,32,18,6;6,17,32,33,19,7;7,18,33,34,35,20;7,19,35,21,8;8,20,35,36,37,22;8,21,37,38,23,9;9,22,38,39,24,10;10,23,39,40,25;10,24,40,26,12,11;12,25,40,41,27;12,26,41,42,28,13;13,27,42,43,29,14;14,28,43,44,45,30;14,29,45,31,16,15;16,30,45,46,32;16,31,46,33,18,17;18,32,46,47,34,19;19,33,47,48,35;19,34,48,36,21,20;21,35,48,49,50,37;21,36,50,38,22;22,37,50,51,39,23;23,38,51,52,40,24;24,39,52,41,26,25;26,40,52,53,42,27;27,41,53,54,43,28;28,42,54,55,44,29;29,43,55,56,45;29,44,56,46,31,30;31,45,56,47,33,32;33,46,56,57,48,34;34,47,57,49,36,35;36,48,57,58,59,50;36,49,59,51,38,37;38,50,59,52,39;39,51,59,53,41,40;41,52,59,58,54,42;42,53,58,55,43;43,54,58,57,56,44;44,55,57,47,46,45;47,56,55,58,49,48;49,57,55,54,53,59;49,58,53,52,51,50
ipr60_863 60 1,2,3,4,5,6;0,6,7,8,9,2;0,1,9,10,11,3;0,2,11,12,13,4;0,3,13,14,15,5;0,4,15,16,17,6;0,5,17,18,7,1;1,6,18,19,20,8;1,7,20,21,9;1,8,21,22,10,2;2,9,22,23,24,11;2,10,24,25,12,3;3,11,25,26,27,13;3,12,27,14,4;4,13,27,28,29,15;4,14,29,30,16,5;5,15,30,31,32,17;5,16,32,33,18,6;6,17,33,19,7;7,18,33,34,35,20;7,19,35,36,21,8;8,20,36,37,22,9;9,21,37,38,23,10;10,22,38,39,24;10,23,39,40,25,11;11,24,40,41,26,12;12,25,41,42,27;12,26,42,28,14,13;14,27,42,43,44,29;14,28,44,45,30,15;15,29,45,31,16;16,30,45,46,47,32;16,31,47,33,17;17,32,47,34,19,18;19,33,47,48,35;19,34,48,49,36,20;20,35,49,50,37,21;21,36,50,51,38,22;22,37,51,52,39,23;23,38,52,53,40,24;24,39,53,41,25;25,40,53,54,42,26;26,41,54,43,28,27;28,42,54,55,56,44;28,43,56,45,29;29,44,56,46,31,30;31,45,56,57,48,47;31,46,48,34,33,32;34,47,46,57,49,35;35,48,57,58,50,36;36,49,58,51,37;37,50,58,59,52,38;38,51,59,53,39;39,52,59,54,41,40;41,53,59,55,43,42;43,54,59,58,57,56;43,55,57,46,45,44;46,56,55,58,49,48;49,57,55,59,51,50;51,58,55,54,53,52
ipr60_912 60 1,2,3,4,5,6;0,6,7,8,9,2;0,1,9,10,3;0,2,10,11,12,4;0,3,12,13,14,5;0,4,14,15,16,6;0,5,16,17,7,1;1,6,17,18,19,8;1,7,19,20,21,9;1,8,21,22,10,2;2,9,22,23,11,3;3,10,23,24,12;3,11,24,25,13,4;4,12,25,26,27,14;4,13,27,28,15,5;5,14,28,29,16;5,15,29,30,17,6;6,16,30,18,7;7,17,30,31,32,19;7,18,32,33,20,8;8,19,33,34,35,21;8,20,35,36,22,9;9,21,36,23,10;10,22,36,37,24,11;11,23,37,38,25,12;12,24,38,26,13;13,25,38,39,40,27;13,26,40,41,28,14;14,27,41,42,29,15;15,28,42,43,30,16;16,29,43,31,18,17;18,30,43,44,45,32;18,31,45,46,33,19;19,32,46,34,20;20,33,46,47,48,35;20,34,48,49,36,21;21,35,49,37,23,22;23,36,49,50,38,24;24,37,50,39,26,25;26,38,50,51,52,40;26,39,52,41,27;27,40,52,53,42,28;28,41,53,54,43,29;29,42,54,44,31,30;31,43,54,55,56,45;31,44,56,46,32;32,45,56,47,34,33;34,46,56,57,48;34,47,57,58,49,35;35,48,58,50,37,36;37,49,58,51,39,38;39,50,58,59,52;39,51,59,53,41,40;41,52,59,55,54,42;42,53,55,44,43;44,54,53,59,57,56;44,55,57,47,46,45;47,56,55,59,58,48;48,57,59,51,50,49;51,58,57,55,53,52
ipr60_919 60 1,2,3,4,5,6;0,6,7,8,9,2;0,1,9,10,3;0,2,10,11,12,4;0,3,12,13,14,5;0,4,14,15,16,6;0,5,16,17,7,1;1,6,17,18,19,8;1,7,19,20,21,9;1,8,21,22,10,2;2,9,22,23,11,3;3,10,23,24,25,12;3,11,25,13,4;4,12,25,26,27,14;4,13,27,28,15,5;5,14,28,29,16;5,15,29,30,17,6;6,16,30,31,18,7;7,17,31,32,19;7,18,32,33,20,8;8,19,33,34,35,21;8,20,35,36,22,9;9,21,36,37,23,10;10,22,37,38,24,11;11,23,38,39,25;11,24,39,26,13,12;13,25,39,40,27;13,26,40,41,28,14;14,27,41,42,29,15;15,28,42,43,30,16;16,29,43,44,31,17;17,30,44,45,32,18;18,31,45,46,33,19;19,32,46,34,20;20,33,46,47,48,35;20,34,48,36,21;21,35,48,49,37,22;22,36,49,50,38,23;23,37,50,51,39,24;24,38,51,40,26,25;26,39,51,52,41,27;27,40,52,42,28;28,41,52,53,43,29;29,42,53,54,44,30;30,43,54,45,31;31,44,54,55,46,32;32,45,55,47,34,33;34,46,55,56,48;34,47,56,49,36,35;36,48,56,57,50,37;37,49,57,58,51,38;38,50,58,52,40,39;40,51,58,53,42,41;42,52,58,59,54,43;43,53,59,55,45,44;45,54,59,56,47,46;47,55,59,57,49,48;49,56,59,58,50;50,57,59,53,52,51;53,58,57,56,55,54
ipr60_934 60 1,2,3,4,5,6;0,6,7,8,9,2;0,1,9,10,11,3;0,2,11,12,4;0,3,12,13,14,5;0,4,14,15,16,6;0,5,16,17,7,1;1,6,17,18,19,8;1,7,19,20,9;1,8,20,21,10,2;2,9,21,22,23,11;2,10,23,24,12,3;3,11,24,25,13,4;4,12,25,26,27,14;4,13,27,15,5;5,14,27,28,29,16;5,15,29,30,17,6;6,16,30,18,7;7,17,30,31,32,19;7,18,32,33,20,8;8,19,33,34,21,9;9,20,34,35,22,10;10,21,35,36,37,23;10,22,37,38,24,11;11,23,38,25,12;12,24,38,39,26,13;13,25,39,40,41,27;13,26,41,28,15,14;15,27,41,42,43,29;15,28,43,44,30,16;16,29,44,31,18,17;18,30,44,45,46,32;18,31,46,47,33,19;19,32,47,34,20;20,33,47,48,35,21;21,34,48,49,36,22;22,35,49,50,51,37;22,36,51,38,23;23,37,51,39,25,24;25,38,51,52,40,26;26,39,52,53,54,41;26,40,54,42,28,27;28,41,54,55,56,43;28,42,56,45,44,29;29,43,45,31,30;31,44,43,56,57,46;31,45,57,47,32;32,46,57,48,34,33;34,47,57,58,49,35;35,48,58,59,50,36;36,49,59,53,52,51;36,50,52,39,38,37;39,51,50,53,40;40,52,50,59,55,54;40,53,55,42,41;42,54,53,59,58,56;42,55,58,57,45,43;45,56,58,48,47,46;48,57,56,55,59,49;49,58,55,53,50
ipr60_945 60 1,2,3,4,5,6;0,6,7,8,9,2;0,1,9,10,3;0,2,10,11,12,4;0,3,12,13,5;0,4,13,14,15,6;0,5,15,16,7,1;1,6,16,17,18,8;1,7,18,19,20,9;1,8,20,21,10,2;2,9,21,22,11,3;3,10,22,23,24,12;3,11,24,25,13,4;4,12,25,26,14,5;5,13,26,27,28,15;5,14,28,16,6;6,15,28,29,17,7;7,16,29,30,31,18;7,17,31,19,8;8,18,31,32,33,20;8,19,33,34,21,9;9,20,34,35,22,10;10,21,35,36,23,11;11,22,36,37,24;11,23,37,38,25,12;12,24,38,39,26,13;13,25,39,40,27,14;14,26,40,41,42,28;14,27,42,29,16,15;16,28,42,43,30,17;17,29,43,44,31;17,30,44,32,19,18;19,31,44,45,46,33;19,32,46,34,20;20,33,46,47,35,21;21,34,47,48,36,22;22,35,48,49,37,23;23,36,49,50,38,24;24,37,50,39,25;25,38,50,51,40,26;26,39,51,52,41,27;27,40,52,53,42;27,41,53,43,29,28;29,42,53,54,44,30;30,43,54,45,32,31;32,44,54,55,56,46;32,45,56,47,34,33;34,46,56,57,48,35;35,47,57,58,49,36;36,48,58,50,37;37,49,58,51,39,38;39,50,58,59,52,40;40,51,59,55,53,41;41,52,55,54,43,42;43,53,55,45,44;45,54,53,52,59,56;45,55,59,57,47,46;47,56,59,58,48;48,57,59,51,50,49;51,58,57,56,55,52
ipr60_970 60 1,2,3,4,5,6;0,6,7,8,9,2;0,1,9,10,3;0,2,10,11,12,4;0,3,12,13,14,5;0,4,14,15,16,6;0,5,16,17,7,1;1,6,17,18,19,8;1,7,19,20,9;1,8,20,21,10,2;2,9,21,22,11,3;3,10,22,23,12;3,11,23,24,13,4;4,12,24,25,26,14;4,13,26,15,5;5,14,26,27,28,16;5,15,28,29,17,6;6,16,29,30,18,7;7,17,30,31,19;7,18,31,32,20,8;8,19,32,33,21,9;9,20,33,34,22,10;10,21,34,35,23,11;11,22,35,36,24,12;12,23,36,37,25,13;13,24,37,38,26;13,25,38,27,15,14;15,26,38,39,40,28;15,27,40,41,29,16;16,28,41,30,17;17,29,41,42,31,18;18,30,42,43,32,19;19,31,43,44,33,20;20,32,44,45,34,21;21,33,45,46,35,22;22,34,46,47,36,23;23,35,47,48,37,24;24,36,48,49,38,25;25,37,49,39,27,26;27,38,49,50,51,40;27,39,51,52,41,28;28,40,52,42,30,29;30,41,52,53,43,31;31,42,53,44,32;32,43,53,54,45,33;33,44,54,55,46,34;34,45,55,56,47,35;35,46,56,48,36;36,47,56,57,49,37;37,48,57,50,39,38;39,49,57,58,59,51;39,50,59,52,40;40,51,59,53,42,41;42,52,59,54,44,43;44,53,59,58,55,45;45,54,58,56,46;46,55,58,57,48,47;48,56,58,50,49;50,57,56,55,54,59;50,58,54,53,52,51
ipr60_1001 60 1,2,3,4,5,6;0,6,7,8,9,2;0,1,9,10,11,3;0,2,11,12,13,4;0,3,13,14,15,5;0,4,15,16,17,6;0,5,17,18,7,1;1,6,18,19,20,8;1,7,20,21,22,9;1,8,22,10,2;2,9,22,23,24,11;2,10,24,25,12,3;3,11,25,26,27,13;3,12,27,14,4;4,13,27,28,29,15;4,14,29,16,5;5,15,29,30,31,17;5,16,31,32,18,6;6,17,32,19,7;7,18,32,33,34,20;7,19,34,35,21,8;8,20,35,36,37,22;8,21,37,23,10,9;10,22,37,38,39,24;10,23,39,40,25,11;11,24,40,26,12;12,25,40,41,42,27;12,26,42,28,14,13;14,27,42,43,29;14,28,43,30,16,15;16,29,43,44,45,31;16,30,45,46,32,17;17,31,46,33,19,18;19,32,46,47,48,34;19,33,48,35,20;20,34,48,49,36,21;21,35,49,50,38,37;21,36,38,23,22;23,37,36,50,51,39;23,38,51,52,40,24;24,39,52,41,26,25;26,40,52,53,54,42;26,41,54,43,28,27;28,42,54,44,30,29;30,43,54,53,55,45;30,44,55,56,46,31;31,45,56,47,33,32;33,46,56,57,48;33,47,57,49,35,34;35,48,57,50,36;36,49,57,58,51,38;38,50,58,59,52,39;39,51,59,53,41,40;41,52,59,55,44,54;41,53,44,43,42;44,53,59,58,56,45;45,55,58,57,47,46;47,56,58,50,49,48;50,57,56,55,59,51;51,58,55,53,52
ipr60_1008 60 1,2,3,4,5,6;0,6,7,8,2;0,1,8,9,10,3;0,2,10,11,12,4;0,3,12,13,14,5;0,4,14,15,16,6;0,5,16,17,7,1;1,6,17,18,19,8;1,7,19,20,9,2;2,8,20,21,22,10;2,9,22,23,11,3;3,10,23,24,12;3,11,24,25,13,4;4,12,25,26,27,14;4,13,27,15,5;5,14,27,28,29,16;5,15,29,30,17,6;6,16,30,18,7;7,17,30,31,32,19;7,18,32,33,20,8;8,19,33,21,9;9,20,33,34,35,22;9,21,35,36,23,10;10,22,36,37,24,11;11,23,37,38,25,12;12,24,38,39,26,13;13,25,39,40,27;13,26,40,28,15,14;15,27,40,41,42,29;15,28,42,43,30,16;16,29,43,31,18,17;18,30,43,44,45,32;18,31,45,46,33,19;19,32,46,34,21,20;21,33,46,47,48,35;21,34,48,36,22;22,35,48,49,37,23;23,36,49,50,38,24;24,37,50,51,39,25;25,38,51,52,40,26;26,39,52,41,28,27;28,40,52,53,54,42;28,41,54,55,43,29;29,42,55,44,31,30;31,43,55,56,45;31,44,56,47,46,32;32,45,47,34,33;34,46,45,56,57,48;34,47,57,49,36,35;36,48,57,58,50,37;37,49,58,51,38;38,50,58,53,52,39;39,51,53,41,40;41,52,51,58,59,54;41,53,59,55,42;42,54,59,56,44,43;44,55,59,57,47,45;47,56,59,58,49,48;49,57,59,53,51,50;53,58,57,56,55,54
ipr60_1017 60 1,2,3,4,5,6;0,6,7,8,9,2;0,1,9,10,11,3;0,2,11,12,13,4;0,3,13,14,15,5;0,4,15,16,17,6;0,5,17,18,7,1;1,6,18,19,20,8;1,7,20,21,22,9;1,8,22,10,2;2,9,22,23,24,11;2,10,24,25,12,3;3,11,25,26,27,13;3,12,27,14,4;4,13,27,28,29,15;4,14,29,30,16,5;5,15,30,31,32,17;5,16,32,33,18,6;6,17,33,19,7;7,18,33,34,35,20;7,19,35,36,21,8;8,20,36,37,22;8,21,37,23,10,9;10,22,37,38,24;10,23,38,39,25,11;11,24,39,40,26,12;12,25,40,41,42,27;12,26,42,28,14,13;14,27,42,43,29;14,28,43,44,30,15;15,29,44,31,16;16,30,44,45,46,32;16,31,46,47,33,17;17,32,47,34,19,18;19,33,47,48,49,35;19,34,49,36,20;20,35,49,50,37,21;21,36,50,38,23,22;23,37,50,51,39,24;24,38,51,52,40,25;25,39,52,41,26;26,40,52,53,54,42;26,41,54,43,28,27;28,42,54,55,44,29;29,43,55,45,31,30;31,44,55,56,46;31,45,56,57,47,32;32,46,57,48,34,33;34,47,57,58,49;34,48,58,50,36,35;36,49,58,51,38,37;38,50,58,59,52,39;39,51,59,53,41,40;41,52,59,56,55,54;41,53,55,43,42;43,54,53,56,45,44;45,55,53,59,57,46;46,56,59,58,48,47;48,57,59,51,50,49;51,58,57,56,53,52
ipr60_1048 60 1,2,3,4,5,6;0,6,7,8,9,2;0,1,9,10,3;0,2,10,11,12,4;0,3,12,13,5;0,4,13,14,15,6;0,5,15,16,7,1;1,6,16,17,18,8;1,7,18,19,20,9;1,8,20,21,10,2;2,9,21,22,11,3;3,10,22,23,24,12;3,11,24,25,13,4;4,12,25,26,14,5;5,13,26,27,28,15;5,14,28,29,16,6;6,15,29,30,17,7;7,16,30,31,18;7,17,31,32,19,8;8,18,32,33,20;8,19,33,34,21,9;9,20,34,35,22,10;10,21,35,36,23,11;11,22,36,37,38,24;11,23,38,25,12;12,24,38,39,26,13;13,25,39,40,27,14;14,26,40,41,42,28;14,27,42,43,29,15;15,28,43,30,16;16,29,43,44,31,17;17,30,44,45,32,18;18,31,45,46,33,19;19,32,46,47,34,20;20,33,47,35,21;21,34,47,48,36,22;22,35,48,49,37,23;23,36,49,50,51,38;23,37,51,39,25,24;25,38,51,40,26;26,39,51,52,41,27;27,40,52,53,42;27,41,53,54,43,28;28,42,54,44,30,29;30,43,54,55,45,31;31,44,55,56,46,32;32,45,56,57,47,33;33,46,57,48,35,34;35,47,57,58,49,36;36,48,58,50,37;37,49,58,59,52,51;37,50,52,40,39,38;40,51,50,59,53,41;41,52,59,55,54,42;42,53,55,44,43;44,54,53,59,56,45;45,55,59,58,57,46;46,56,58,48,47;48,57,56,59,50,49;50,58,56,55,53,52
ipr60_1142 60 1,2,3,4,5,6;0,6,7,8,2;0,1,8,9,10,3;0,2,10,11,12,4;0,3,12,13,14,5;0,4,14,15,16,6;0,5,16,17,7,1;1,6,17,18,19,8;1,7,19,20,9,2;2,8,20,21,22,10;2,9,22,23,11,3;3,10,23,24,25,12;3,11,25,13,4;4,12,25,26,27,14;4,13,27,28,15,5;5,14,28,29,30,16;5,15,30,31,17,6;6,16,31,18,7;7,17,31,32,33,19;7,18,33,20,8;8,19,33,34,21,9;9,20,34,35,36,22;9,21,36,37,23,10;10,22,37,38,24,11;11,23,38,39,25;11,24,39,26,13,12;13,25,39,40,27;13,26,40,41,28,14;14,27,41,42,29,15;15,28,42,43,44,30;15,29,44,31,16;16,30,44,32,18,17;18,31,44,45,46,33;18,32,46,34,20,19;20,33,46,47,35,21;21,34,47,48,36;21,35,48,49,37,22;22,36,49,50,38,23;23,37,50,51,39,24;24,38,51,40,26,25;26,39,51,52,41,27;27,40,52,42,28;28,41,52,53,43,29;29,42,53,54,45,44;29,43,45,32,31,30;32,44,43,54,55,46;32,45,55,47,34,33;34,46,55,56,48,35;35,47,56,57,49,36;36,48,57,50,37;37,49,57,58,51,38;38,50,58,52,40,39;40,51,58,53,42,41;42,52,58,59,54,43;43,53,59,55,45;45,54,59,56,47,46;47,55,59,57,48;48,56,59,58,50,49;50,57,59,53,52,51;53,58,57,56,55,54
ipr60_1173 60 1,2,3,4,5,6;0,6,7,8,2;0,1,8,9,10,3;0,2,10,11,12,4;0,3,12,13,14,5;0,4,14,15,16,6;0,5,16,17,7,1;1,6,17,18,19,8;1,7,19,20,9,2;2,8,20,21,22,10;2,9,22,23,11,3;3,10,23,24,25,12;3,11,25,13,4;4,12,25,26,27,14;4,13,27,28,15,5;5,14,28,29,30,16;5,15,30,17,6;6,16,30,31,18,7;7,17,31,32,33,19;7,18,33,20,8;8,19,33,34,21,9;9,20,34,35,36,22;9,21,36,37,23,10;10,22,37,24,11;11,23,37,38,39,25;11,24,39,26,13,12;13,25,39,40,41,27;13,26,41,28,14;14,27,41,42,29,15;15,28,42,43,44,30;15,29,44,31,17,16;17,30,44,45,32,18;18,31,45,46,47,33;18,32,47,34,20,19;20,33,47,35,21;21,34,47,48,49,36;21,35,49,50,37,22;22,36,50,38,24,23;24,37,50,51,52,39;24,38,52,40,26,25;26,39,52,53,54,41;26,40,54,42,28,27;28,41,54,55,43,29;29,42,55,56,45,44;29,43,45,31,30;31,44,43,56,46,32;32,45,56,57,48,47;32,46,48,35,34,33;35,47,46,57,58,49;35,48,58,50,36;36,49,58,51,38,37;38,50,58,59,53,52;38,51,53,40,39;40,52,51,59,55,54;40,53,55,42,41;42,54,53,59,56,43;43,55,59,57,46,45;46,56,59,58,48;48,57,59,51,50,49;51,58,57,56,55,53
ipr60_1183 60 1,2,3,4,5,6;0,6,7,8,2;0,1,8,9,10,3;0,2,10,11,12,4;0,3,12,13,14,5;0,4,14,15,16,6;0,5,16,17,7,1;1,6,17,18,19,8;1,7,19,20,9,2;2,8,20,21,22,10;2,9,22,23,11,3;3,10,23,24,12;3,11,24,25,13,4;4,12,25,26,27,14;4,13,27,15,5;5,14,27,28,29,16;5,15,29,17,6;6,16,29,30,18,7;7,17,30,31,32,19;7,18,32,20,8;8,19,32,33,21,9;9,20,33,34,35,22;9,21,35,36,23,10;10,22,36,37,24,11;11,23,37,38,25,12;12,24,38,39,26,13;13,25,39,40,41,27;13,26,41,28,15,14;15,27,41,42,43,29;15,28,43,30,17,16;17,29,43,31,18;18,30,43,44,45,32;18,31,45,33,20,19;20,32,45,46,34,21;21,33,46,47,48,35;21,34,48,49,36,22;22,35,49,50,37,23;23,36,50,51,38,24;24,37,51,39,25;25,38,51,52,40,26;26,39,52,53,54,41;26,40,54,42,28,27;28,41,54,55,44,43;28,42,44,31,30,29;31,43,42,55,56,45;31,44,56,46,33,32;33,45,56,47,34;34,46,56,57,58,48;34,47,58,49,35;35,48,58,59,50,36;36,49,59,51,37;37,50,59,52,39,38;39,51,59,53,40;40,52,59,58,57,54;40,53,57,55,42,41;42,54,57,56,44;44,55,57,47,46,45;47,56,55,54,53,58;47,57,53,59,49,48;49,58,53,52,51,50
ipr60_1187 60 1,2,3,4,5,6;0,6,7,8,2;0,1,8,9,10,3;0,2,10,11,12,4;0,3,12,13,5;0,4,13,14,15,6;0,5,15,16,7,1;1,6,16,17,18,8;1,7,18,19,9,2;2,8,19,20,21,10;2,9,21,22,11,3;3,10,22,23,24,12;3,11,24,25,13,4;4,12,25,26,14,5;5,13,26,27,28,15;5,14,28,16,6;6,15,28,29,17,7;7,16,29,30,31,18;7,17,31,19,8;8,18,31,32,20,9;9,19,32,33,34,21;9,20,34,35,22,10;10,21,35,23,11;11,22,35,36,37,24;11,23,37,38,25,12;12,24,38,39,26,13;13,25,39,40,27,14;14,26,40,41,42,28;14,27,42,29,16,15;16,28,42,30,17;17,29,42,43,44,31;17,30,44,32,19,18;19,31,44,45,33,20;20,32,45,46,47,34;20,33,47,35,21;21,34,47,36,23,22;23,35,47,48,49,37;23,36,49,50,38,24;24,37,50,51,39,25;25,38,51,52,40,26;26,39,52,41,27;27,40,52,53,43,42;27,41,43,30,29,28;30,42,41,53,54,44;30,43,54,45,32,31;32,44,54,55,46,33;33,45,55,56,48,47;33,46,48,36,35,34;36,47,46,56,49;36,48,56,57,50,37;37,49,57,51,38;38,50,57,58,52,39;39,51,58,53,41,40;41,52,58,59,54,43;43,53,59,55,45,44;45,54,59,56,46;46,55,59,57,49,48;49,56,59,58,51,50;51,57,59,53,52;53,58,57,56,55,54
ipr60_1217 60 1,2,3,4,5,6;0,6,7,8,9,2;0,1,9,10,11,3;0,2,11,12,4;0,3,12,13,14,5;0,4,14,15,16,6;0,5,16,17,7,1;1,6,17,18,19,8;1,7,19,20,21,9;1,8,21,10,2;2,9,21,22,23,11;2,10,23,24,12,3;3,11,24,25,13,4;4,12,25,26,27,14;4,13,27,15,5;5,14,27,28,29,16;5,15,29,17,6;6,16,29,30,18,7;7,17,30,31,32,19;7,18,32,33,20,8;8,19,33,34,35,21;8,20,35,22,10,9;10,21,35,36,37,23;10,22,37,24,11;11,23,37,38,25,12;12,24,38,39,26,13;13,25,39,40,41,27;13,26,41,28,15,14;15,27,41,42,43,29;15,28,43,30,17,16;17,29,43,31,18;18,30,43,44,45,32;18,31,45,33,19;19,32,45,46,34,20;20,33,46,47,48,35;20,34,48,36,22,21;22,35,48,49,50,37;22,36,50,38,24,23;24,37,50,51,39,25;25,38,51,52,40,26;26,39,52,53,41;26,40,53,42,28,27;28,41,53,54,44,43;28,42,44,31,30,29;31,43,42,54,55,45;31,44,55,46,33,32;33,45,55,56,47,34;34,46,56,57,49,48;34,47,49,36,35;36,48,47,57,58,50;36,49,58,51,38,37;38,50,58,52,39;39,51,58,59,53,40;40,52,59,54,42,41;42,53,59,56,55,44;44,54,56,46,45;46,55,54,59,57,47;47,56,59,58,49;49,57,59,52,51,50;52,58,57,56,54,53
ipr60_1247 60 1,2,3,4,5;0,5,6,7,8,2;0,1,8,9,10,3;0,2,10,11,12,4;0,3,12,13,14,5;0,4,14,15,6,1;1,5,15,16,17,7;1,6,17,18,8;1,7,18,19,9,2;2,8,19,20,21,10;2,9,21,22,11,3;3,10,22,23,24,12;3,11,24,13,4;4,12,24,25,26,14;4,13,26,15,5;5,14,26,27,16,6;6,15,27,28,17;6,16,28,29,18,7;7,17,29,30,19,8;8,18,30,31,20,9;9,19,31,32,33,21;9,20,33,34,22,10;10,21,34,35,23,11;11,22,35,36,37,24;11,23,37,25,13,12;13,24,37,38,39,26;13,25,39,27,15,14;15,26,39,40,28,16;16,27,40,41,29,17;17,28,41,42,30,18;18,29,42,43,31,19;19,30,43,44,32,20;20,31,44,45,46,33;20,32,46,34,21;21,33,46,47,35,22;22,34,47,48,36,23;23,35,48,49,37;23,36,49,38,25,24;25,37,49,50,51,39;25,38,51,40,27,26;27,39,51,52,41,28;28,40,52,42,29;29,41,52,53,43,30;30,42,53,54,44,31;31,43,54,45,32;32,44,54,55,56,46;32,45,56,47,34,33;34,46,56,48,35;35,47,56,57,49,36;36,48,57,50,38,37;38,49,57,58,59,51;38,50,59,52,40,39;40,51,59,53,42,41;42,52,59,58,54,43;43,53,58,55,45,44;45,54,58,57,56;45,55,57,48,47,46;48,56,55,58,50,49;50,57,55,54,53,59;50,58,53,52,51
ipr60_1325 60 1,2,3,4,5;0,5,6,7,8,2;0,1,8,9,10,3;0,2,10,11,12,4;0,3,12,13,14,5;0,4,14,15,6,1;1,5,15,16,17,7;1,6,17,18,19,8;1,7,19,9,2;2,8,19,20,21,10;2,9,21,22,11,3;3,10,22,23,24,12;3,11,24,13,4;4,12,24,25,26,14;4,13,26,27,15,5;5,14,27,28,16,6;6,15,28,29,30,17;6,16,30,31,18,7;7,17,31,32,19;7,18,32,20,9,8;9,19,32,33,21;9,20,33,34,22,10;10,21,34,35,23,11;11,22,35,36,37,24;11,23,37,25,13,12;13,24,37,38,39,26;13,25,39,27,14;14,26,39,40,28,15;15,27,40,41,29,16;16,28,41,42,30;16,29,42,43,31,17;17,30,43,44,32,18;18,31,44,33,20,19;20,32,44,45,34,21;21,33,45,46,35,22;22,34,46,47,36,23;23,35,47,48,49,37;23,36,49,38,25,24;25,37,49,50,51,39;25,38,51,40,27,26;27,39,51,52,41,28;28,40,52,53,42,29;29,41,53,54,43,30;30,42,54,55,44,31;31,43,55,45,33,32;33,44,55,56,46,34;34,45,56,57,47,35;35,46,57,48,36;36,47,57,58,50,49;36,48,50,38,37;38,49,48,58,52,51;38,50,52,40,39;40,51,50,58,53,41;41,52,58,59,54,42;42,53,59,56,55,43;43,54,56,45,44;45,55,54,59,57,46;46,56,59,58,48,47;48,57,59,53,52,50;53,58,57,56,54
ipr60_1360 60 1,2,3,4,5;0,5,6,7,8,2;0,1,8,9,10,3;0,2,10,11,12,4;0,3,12,13,14,5;0,4,14,15,6,1;1,5,15,16,17,7;1,6,17,18,19,8;1,7,19,9,2;2,8,19,20,21,10;2,9,21,22,11,3;3,10,22,23,12;3,11,23,24,13,4;4,12,24,25,26,14;4,13,26,27,15,5;5,14,27,16,6;6,15,27,28,29,17;6,16,29,30,18,7;7,17,30,31,32,19;7,18,32,20,9,8;9,19,32,33,34,21;9,20,34,22,10;10,21,34,35,23,11;11,22,35,36,24,12;12,23,36,37,25,13;13,24,37,38,39,26;13,25,39,40,27,14;14,26,40,28,16,15;16,27,40,41,42,29;16,28,42,43,30,17;17,29,43,44,31,18;18,30,44,45,32;18,31,45,33,20,19;20,32,45,46,47,34;20,33,47,35,22,21;22,34,47,48,36,23;23,35,48,37,24;24,36,48,49,38,25;25,37,49,50,39;25,38,50,51,40,26;26,39,51,41,28,27;28,40,51,52,53,42;28,41,53,43,29;29,42,53,54,44,30;30,43,54,55,45,31;31,44,55,46,33,32;33,45,55,56,57,47;33,46,57,48,35,34;35,47,57,49,37,36;37,48,57,58,50,38;38,49,58,52,51,39;39,50,52,41,40;41,51,50,58,59,53;41,52,59,54,43,42;43,53,59,56,55,44;44,54,56,46,45;46,55,54,59,58,57;46,56,58,49,48,47;49,57,56,59,52,50;52,58,56,54,53
ipr62_24 62 1,2,3,4,5,6;0,6,7,8,9,2;0,1,9,10,11,3;0,2,11,12,13,4;0,3,13,14,5;0,4,14,15,16,6;0,5,16,17,7,1;1,6,17,18,19,8;1,7,19,20,21,9;1,8,21,10,2;2,9,21,22,23,11;2,10,23,24,12,3;3,11,24,25,26,13;3,12,26,27,14,4;4,13,27,28,15,5;5,14,28,29,30,16;5,15,30,31,17,6;6,16,31,32,18,7;7,17,32,33,34,19;7,18,34,20,8;8,19,34,35,36,21;8,20,36,22,10,9;10,21,36,37,38,23;10,22,38,39,24,11;11,23,39,25,12;12,24,39,40,41,26;12,25,41,27,13;13,26,41,42,28,14;14,27,42,43,29,15;15,28,43,44,45,30;15,29,45,46,31,16;16,30,46,32,17;17,31,46,47,33,18;18,32,47,48,49,34;18,33,49,35,20,19;20,34,49,50,36;20,35,50,37,22,21;22,36,50,51,52,38;22,37,52,53,39,23;23,38,53,40,25,24;25,39,53,54,55,41;25,40,55,42,27,26;27,41,55,43,28;28,42,55,56,44,29;29,43,56,57,45;29,44,57,58,46,30;30,45,58,47,32,31;32,46,58,48,33;33,47,58,59,60,49;33,48,60,50,35,34;35,49,60,51,37,36;37,50,60,59,61,52;37,51,61,54,53,38;38,52,54,40,39;40,53,52,61,56,55;40,54,56,43,42,41;43,55,54,61,57,44;44,56,61,59,58,45;45,57,59,48,47,46;48,58,57,61,51,60;48,59,51,50,49;51,59,57,56,54,52
ipr62_120 62 1,2,3,4,5,6;0,6,7,8,9,2;0,1,9,10,11,3;0,2,11,12,4;0,3,12,13,14,5;0,4,14,15,16,6;0,5,16,7,1;1,6,16,17,18,8;1,7,18,19,20,9;1,8,20,21,10,2;2,9,21,22,23,11;2,10,23,24,12,3;3,11,24,25,13,4;4,12,25,26,27,14;4,13,27,15,5;5,14,27,28,29,16;5,15,29,17,7,6;7,16,29,30,31,18;7,17,31,32,19,8;8,18,32,33,20;8,19,33,34,21,9;9,20,34,35,22,10;10,21,35,36,37,23;10,22,37,38,24,11;11,23,38,39,25,12;12,24,39,40,26,13;13,25,40,41,42,27;13,26,42,28,15,14;15,27,42,43,29;15,28,43,30,17,16;17,29,43,44,45,31;17,30,45,46,32,18;18,31,46,47,33,19;19,32,47,48,34,20;20,33,48,35,21;21,34,48,49,36,22;22,35,49,50,37;22,36,50,51,38,23;23,37,51,39,24;24,38,51,52,40,25;25,39,52,41,26;26,40,52,53,54,42;26,41,54,43,28,27;28,42,54,44,30,29;30,43,54,55,56,45;30,44,56,46,31;31,45,56,57,47,32;32,46,57,58,48,33;33,47,58,49,35,34;35,48,58,59,50,36;36,49,59,60,51,37;37,50,60,52,39,38;39,51,60,53,41,40;41,52,60,61,55,54;41,53,55,44,43,42;44,54,53,61,56;44,55,61,57,46,45;46,56,61,59,58,47;47,57,59,49,48;49,58,57,61,60,50;50,59,61,53,52,51;53,60,59,57,56,55
ipr62_165 62 1,2,3,4,5,6;0,6,7,8,9,2;0,1,9,10,3;0,2,10,11,12,4;0,3,12,13,14,5;0,4,14,15,16,6;0,5,16,17,7,1;1,6,17,18,8;1,7,18,19,20,9;1,8,20,21,10,2;2,9,21,22,11,3;3,10,22,23,24,12;3,11,24,13,4;4,12,24,25,26,14;4,13,26,15,5;5,14,26,27,28,16;5,15,28,29,17,6;6,16,29,30,18,7;7,17,30,31,19,8;8,18,31,32,33,20;8,19,33,34,21,9;9,20,34,35,22,10;10,21,35,36,23,11;11,22,36,37,38,24;11,23,38,25,13,12;13,24,38,39,26;13,25,39,27,15,14;15,26,39,40,41,28;15,27,41,42,29,16;16,28,42,43,30,17;17,29,43,44,31,18;18,30,44,45,32,19;19,31,45,46,33;19,32,46,47,34,20;20,33,47,48,35,21;21,34,48,36,22;22,35,48,49,37,23;23,36,49,50,51,38;23,37,51,39,25,24;25,38,51,40,27,26;27,39,51,52,53,41;27,40,53,54,42,28;28,41,54,43,29;29,42,54,55,44,30;30,43,55,45,31;31,44,55,56,46,32;32,45,56,57,47,33;33,46,57,58,48,34;34,47,58,49,36,35;36,48,58,50,37;37,49,58,59,52,51;37,50,52,40,39,38;40,51,50,59,60,53;40,52,60,61,54,41;41,53,61,55,43,42;43,54,61,56,45,44;45,55,61,60,57,46;46,56,60,59,58,47;47,57,59,50,49,48;50,58,57,60,52;52,59,57,56,61,53;53,60,56,55,54
ipr62_169 62 1,2,3,4,5,6;0,6,7,8,9,2;0,1,9,10,3;0,2,10,11,12,4;0,3,12,13,14,5;0,4,14,15,16,6;0,5,16,17,7,1;1,6,17,18,8;1,7,18,19,20,9;1,8,20,21,10,2;2,9,21,22,11,3;3,10,22,23,24,12;3,11,24,13,4;4,12,24,25,26,14;4,13,26,15,5;5,14,26,27,28,16;5,15,28,29,17,6;6,16,29,30,18,7;7,17,30,31,19,8;8,18,31,32,33,20;8,19,33,34,21,9;9,20,34,35,22,10;10,21,35,36,23,11;11,22,36,37,38,24;11,23,38,25,13,12;13,24,38,39,26;13,25,39,27,15,14;15,26,39,40,41,28;15,27,41,29,16;16,28,41,42,30,17;17,29,42,43,31,18;18,30,43,44,32,19;19,31,44,45,46,33;19,32,46,47,34,20;20,33,47,48,35,21;21,34,48,36,22;22,35,48,49,37,23;23,36,49,50,51,38;23,37,51,39,25,24;25,38,51,40,27,26;27,39,51,52,53,41;27,40,53,42,29,28;29,41,53,54,43,30;30,42,54,44,31;31,43,54,55,45,32;32,44,55,56,57,46;32,45,57,47,33;33,46,57,58,48,34;34,47,58,49,36,35;36,48,58,59,50,37;37,49,59,60,52,51;37,50,52,40,39,38;40,51,50,60,61,53;40,52,61,54,42,41;42,53,61,55,44,43;44,54,61,56,45;45,55,61,60,59,57;45,56,59,58,47,46;47,57,59,49,48;49,58,57,56,60,50;50,59,56,61,52;52,60,56,55,54,53
ipr62_239 62 1,2,3,4,5,6;0,6,7,8,9,2;0,1,9,10,11,3;0,2,11,12,13,4;0,3,13,14,15,5;0,4,15,16,17,6;0,5,17,18,7,1;1,6,18,19,20,8;1,7,20,21,22,9;1,8,22,23,10,2;2,9,23,24,25,11;2,10,25,12,3;3,11,25,26,27,13;3,12,27,14,4;4,13,27,28,29,15;4,14,29,30,16,5;5,15,30,31,32,17;5,16,32,33,18,6;6,17,33,34,19,7;7,18,34,35,20;7,19,35,36,21,8;8,20,36,37,22;8,21,37,38,23,9;9,22,38,24,10;10,23,38,39,40,25;10,24,40,26,12,11;12,25,40,41,42,27;12,26,42,28,14,13;14,27,42,43,44,29;14,28,44,30,15;15,29,44,45,31,16;16,30,45,46,47,32;16,31,47,48,33,17;17,32,48,34,18;18,33,48,49,35,19;19,34,49,50,36,20;20,35,50,51,37,21;21,36,51,52,38,22;22,37,52,39,24,23;24,38,52,53,54,40;24,39,54,41,26,25;26,40,54,55,43,42;26,41,43,28,27;28,42,41,55,56,44;28,43,56,45,30,29;30,44,56,57,46,31;31,45,57,58,59,47;31,46,59,48,32;32,47,59,49,34,33;34,48,59,50,35;35,49,59,58,51,36;36,50,58,60,52,37;37,51,60,53,39,38;39,52,60,61,55,54;39,53,55,41,40;41,54,53,61,56,43;43,55,61,57,45,44;45,56,61,60,58,46;46,57,60,51,50,59;46,58,50,49,48,47;51,58,57,61,53,52;53,60,57,56,55
ipr62_264 62 1,2,3,4,5,6;0,6,7,8,9,2;0,1,9,10,11,3;0,2,11,12,13,4;0,3,13,14,15,5;0,4,15,16,17,6;0,5,17,18,7,1;1,6,18,19,8;1,7,19,20,21,9;1,8,21,22,10,2;2,9,22,23,24,11;2,10,24,25,12,3;3,11,25,26,27,13;3,12,27,28,14,4;4,13,28,29,30,15;4,14,30,16,5;5,15,30,31,32,17;5,16,32,33,18,6;6,17,33,34,19,7;7,18,34,35,20,8;8,19,35,36,21;8,20,36,37,22,9;9,21,37,38,23,10;10,22,38,39,24;10,23,39,40,25,11;11,24,40,41,26,12;12,25,41,42,27;12,26,42,43,28,13;13,27,43,29,14;14,28,43,44,45,30;14,29,45,31,16,15;16,30,45,46,47,32;16,31,47,33,17;17,32,47,48,34,18;18,33,48,35,19;19,34,48,49,36,20;20,35,49,50,37,21;21,36,50,51,38,22;22,37,51,52,39,23;23,38,52,53,40,24;24,39,53,41,25;25,40,53,54,42,26;26,41,54,55,43,27;27,42,55,44,29,28;29,43,55,56,57,45;29,44,57,46,31,30;31,45,57,58,59,47;31,46,59,48,33,32;33,47,59,49,35,34;35,48,59,58,50,36;36,49,58,60,51,37;37,50,60,61,52,38;38,51,61,53,39;39,52,61,54,41,40;41,53,61,56,55,42;42,54,56,44,43;44,55,54,61,60,57;44,56,60,58,46,45;46,57,60,50,49,59;46,58,49,48,47;50,58,57,56,61,51;51,60,56,54,53,52
ipr62_280 62 1,2,3,4,5,6;0,6,7,8,9,2;0,1,9,10,11,3;0,2,11,12,13,4;0,3,13,14,15,5;0,4,15,16,17,6;0,5,17,18,7,1;1,6,18,19,20,8;1,7,20,21,22,9;1,8,22,23,10,2;2,9,23,24,25,11;2,10,25,12,3;3,11,25,26,27,13;3,12,27,14,4;4,13,27,28,29,15;4,14,29,30,16,5;5,15,30,31,32,17;5,16,32,33,18,6;6,17,33,19,7;7,18,33,34,35,20;7,19,35,21,8;8,20,35,36,37,22;8,21,37,38,23,9;9,22,38,39,24,10;10,23,39,40,25;10,24,40,26,12,11;12,25,40,41,27;12,26,41,28,14,13;14,27,41,42,43,29;14,28,43,44,30,15;15,29,44,45,31,16;16,30,45,46,47,32;16,31,47,33,17;17,32,47,34,19,18;19,33,47,48,49,35;19,34,49,36,21,20;21,35,49,50,51,37;21,36,51,52,38,22;22,37,52,53,39,23;23,38,53,54,40,24;24,39,54,41,26,25;26,40,54,42,28,27;28,41,54,53,55,43;28,42,55,56,44,29;29,43,56,57,45,30;30,44,57,58,46,31;31,45,58,59,48,47;31,46,48,34,33,32;34,47,46,59,49;34,48,59,50,36,35;36,49,59,60,51;36,50,60,61,52,37;37,51,61,55,53,38;38,52,55,42,54,39;39,53,42,41,40;42,53,52,61,56,43;43,55,61,57,44;44,56,61,60,58,45;45,57,60,59,46;46,58,60,50,49,48;50,59,58,57,61,51;51,60,57,56,55,52
ipr62_309 62 1,2,3,4,5,6;0,6,7,8,9,2;0,1,9,10,11,3;0,2,11,12,13,4;0,3,13,14,15,5;0,4,15,16,17,6;0,5,17,7,1;1,6,17,18,19,8;1,7,19,20,21,9;1,8,21,22,10,2;2,9,22,23,11;2,10,23,24,12,3;3,11,24,25,26,13;3,12,26,14,4;4,13,26,27,28,15;4,14,28,29,16,5;5,15,29,30,31,17;5,16,31,18,7,6;7,17,31,32,19;7,18,32,33,20,8;8,19,33,34,35,21;8,20,35,36,22,9;9,21,36,37,23,10;10,22,37,38,24,11;11,23,38,39,25,12;12,24,39,40,26;12,25,40,27,14,13;14,26,40,41,42,28;14,27,42,43,29,15;15,28,43,30,16;16,29,43,44,45,31;16,30,45,32,18,17;18,31,45,46,33,19;19,32,46,47,34,20;20,33,47,48,49,35;20,34,49,50,36,21;21,35,50,51,37,22;22,36,51,38,23;23,37,51,52,39,24;24,38,52,53,40,25;25,39,53,41,27,26;27,40,53,54,55,42;27,41,55,56,43,28;28,42,56,44,30,29;30,43,56,57,46,45;30,44,46,32,31;32,45,44,57,47,33;33,46,57,48,34;34,47,57,58,59,49;34,48,59,50,35;35,49,59,60,51,36;36,50,60,52,38,37;38,51,60,54,53,39;39,52,54,41,40;41,53,52,60,61,55;41,54,61,58,56,42;42,55,58,57,44,43;44,56,58,48,47,46;48,57,56,55,61,59;48,58,61,60,50,49;50,59,61,54,52,51;54,60,59,58,55
ipr62_340 62 1,2,3,4,5,6;0,6,7,8,9,2;0,1,9,10,11,3;0,2,11,12,13,4;0,3,13,14,5;0,4,14,15,16,6;0,5,16,17,7,1;1,6,17,18,8;1,7,18,19,20,9;1,8,20,10,2;2,9,20,21,22,11;2,10,22,23,12,3;3,11,23,24,25,13;3,12,25,26,14,4;4,13,26,27,15,5;5,14,27,28,16;5,15,28,29,17,6;6,16,29,30,18,7;7,17,30,31,19,8;8,18,31,32,33,20;8,19,33,21,10,9;10,20,33,34,35,22;10,21,35,23,11;11,22,35,36,24,12;12,23,36,37,38,25;12,24,38,39,26,13;13,25,39,40,27,14;14,26,40,41,28,15;15,27,41,42,29,16;16,28,42,43,30,17;17,29,43,31,18;18,30,43,44,32,19;19,31,44,45,46,33;19,32,46,34,21,20;21,33,46,47,48,35;21,34,48,36,23,22;23,35,48,49,37,24;24,36,49,50,51,38;24,37,51,39,25;25,38,51,52,40,26;26,39,52,53,41,27;27,40,53,54,42,28;28,41,54,55,43,29;29,42,55,44,31,30;31,43,55,45,32;32,44,55,56,57,46;32,45,57,47,34,33;34,46,57,58,49,48;34,47,49,36,35;36,48,47,58,50,37;37,49,58,59,60,51;37,50,60,52,39,38;39,51,60,53,40;40,52,60,61,54,41;41,53,61,56,55,42;42,54,56,45,44,43;45,55,54,61,59,57;45,56,59,58,47,46;47,57,59,50,49;50,58,57,56,61,60;50,59,61,53,52,51;53,60,59,56,54
ipr62_344 62 1,2,3,4,5,6;0,6,7,8,9,2;0,1,9,10,11,3;0,2,11,12,13,4;0,3,13,14,5;0,4,14,15,16,6;0,5,16,17,7,1;1,6,17,18,8;1,7,18,19,20,9;1,8,20,21,10,2;2,9,21,22,11;2,10,22,23,12,3;3,11,23,24,25,13;3,12,25,26,14,4;4,13,26,27,15,5;5,14,27,28,29,16;5,15,29,30,17,6;6,16,30,31,18,7;7,17,31,32,19,8;8,18,32,33,34,20;8,19,34,21,9;9,20,34,35,22,10;10,21,35,36,23,11;11,22,36,37,24,12;12,23,37,38,39,25;12,24,39,40,26,13;13,25,40,27,14;14,26,40,41,28,15;15,27,41,42,29;15,28,42,43,30,16;16,29,43,44,31,17;17,30,44,45,32,18;18,31,45,46,33,19;19,32,46,47,48,34;19,33,48,35,21,20;21,34,48,49,36,22;22,35,49,37,23;23,36,49,50,38,24;24,37,50,51,52,39;24,38,52,53,40,25;25,39,53,41,27,26;27,40,53,54,42,28;28,41,54,55,43,29;29,42,55,56,44,30;30,43,56,45,31;31,44,56,57,46,32;32,45,57,47,33;33,46,57,58,59,48;33,47,59,49,35,34;35,48,59,50,37,36;37,49,59,51,38;38,50,59,58,60,52;38,51,60,54,53,39;39,52,54,41,40;41,53,52,60,55,42;42,54,60,61,56,43;43,55,61,57,45,44;45,56,61,58,47,46;47,57,61,60,51,59;47,58,51,50,49,48;51,58,61,55,54,52;55,60,58,57,56
ipr62_360 62 1,2,3,4,5;0,5,6,7,8,2;0,1,8,9,10,3;0,2,10,11,12,4;0,3,12,13,14,5;0,4,14,15,6,1;1,5,15,16,17,7;1,6,17,18,8;1,7,18,19,9,2;2,8,19,20,10;2,9,20,21,11,3;3,10,21,22,23,12;3,11,23,24,13,4;4,12,24,25,26,14;4,13,26,27,15,5;5,14,27,16,6;6,15,27,28,29,17;6,16,29,30,18,7;7,17,30,31,19,8;8,18,31,32,20,9;9,19,32,33,21,10;10,20,33,34,22,11;11,21,34,35,23;11,22,35,36,24,12;12,23,36,37,25,13;13,24,37,38,39,26;13,25,39,40,27,14;14,26,40,28,16,15;16,27,40,41,29;16,28,41,42,30,17;17,29,42,43,31,18;18,30,43,44,32,19;19,31,44,45,33,20;20,32,45,46,34,21;21,33,46,47,35,22;22,34,47,48,36,23;23,35,48,49,37,24;24,36,49,50,38,25;25,37,50,51,52,39;25,38,52,40,26;26,39,52,41,28,27;28,40,52,53,42,29;29,41,53,54,43,30;30,42,54,55,44,31;31,43,55,56,45,32;32,44,56,46,33;33,45,56,57,47,34;34,46,57,48,35;35,47,57,58,49,36;36,48,58,59,50,37;37,49,59,51,38;38,50,59,60,53,52;38,51,53,41,40,39;41,52,51,60,54,42;42,53,60,55,43;43,54,60,61,56,44;44,55,61,57,46,45;46,56,61,58,48,47;48,57,61,59,49;49,58,61,60,51,50;51,59,61,55,54,53;55,60,59,58,57,56
ipr62_446 62 1,2,3,4,5,6;0,6,7,8,2;0,1,8,9,10,3;0,2,10,11,12,4;0,3,12,13,14,5;0,4,14,15,6;0,5,15,16,7,1;1,6,16,17,18,8;1,7,18,19,9,2;2,8,19,20,21,10;2,9,21,22,11,3;3,10,22,23,24,12;3,11,24,25,13,4;4,12,25,26,27,14;4,13,27,28,15,5;5,14,28,29,16,6;6,15,29,30,17,7;7,16,30,31,18;7,17,31,32,19,8;8,18,32,33,20,9;9,19,33,34,35,21;9,20,35,22,10;10,21,35,36,23,11;11,22,36,37,24;11,23,37,38,25,12;12,24,38,39,26,13;13,25,39,40,27;13,26,40,41,28,14;14,27,41,42,29,15;15,28,42,43,30,16;16,29,43,44,31,17;17,30,44,45,32,18;18,31,45,46,33,19;19,32,46,47,34,20;20,33,47,48,35;20,34,48,36,22,21;22,35,48,49,37,23;23,36,49,50,38,24;24,37,50,39,25;25,38,50,51,40,26;26,39,51,52,41,27;27,40,52,42,28;28,41,52,53,43,29;29,42,53,54,44,30;30,43,54,55,45,31;31,44,55,46,32;32,45,55,56,47,33;33,46,56,57,48,34;34,47,57,49,36,35;36,48,57,58,50,37;37,49,58,51,39,38;39,50,58,59,52,40;40,51,59,53,42,41;42,52,59,60,54,43;43,53,60,55,44;44,54,60,56,46,45;46,55,60,61,57,47;47,56,61,58,49,48;49,57,61,59,51,50;51,58,61,60,53,52;53,59,61,56,55,54;56,60,59,58,57
ipr62_472 62 1,2,3,4,5,6;0,6,7,8,9,2;0,1,9,10,3;0,2,10,11,12,4;0,3,12,13,5;0,4,13,14,15,6;0,5,15,16,7,1;1,6,16,17,18,8;1,7,18,19,9;1,8,19,20,10,2;2,9,20,21,11,3;3,10,21,22,23,12;3,11,23,24,13,4;4,12,24,25,14,5;5,13,25,26,27,15;5,14,27,28,16,6;6,15,28,29,17,7;7,16,29,30,31,18;7,17,31,32,19,8;8,18,32,33,20,9;9,19,33,34,21,10;10,20,34,35,22,11;11,21,35,36,37,23;11,22,37,24,12;12,23,37,38,25,13;13,24,38,39,26,14;14,25,39,40,41,27;14,26,41,42,28,15;15,27,42,43,29,16;16,28,43,30,17;17,29,43,44,45,31;17,30,45,46,32,18;18,31,46,47,33,19;19,32,47,34,20;20,33,47,48,35,21;21,34,48,49,36,22;22,35,49,50,37;22,36,50,38,24,23;24,37,50,51,39,25;25,38,51,40,26;26,39,51,52,53,41;26,40,53,42,27;27,41,53,54,43,28;28,42,54,44,30,29;30,43,54,55,56,45;30,44,56,57,46,31;31,45,57,58,47,32;32,46,58,48,34,33;34,47,58,59,49,35;35,48,59,60,50,36;36,49,60,51,38,37;38,50,60,52,40,39;40,51,60,61,55,53;40,52,55,54,42,41;42,53,55,44,43;44,54,53,52,61,56;44,55,61,57,45;45,56,61,59,58,46;46,57,59,48,47;48,58,57,61,60,49;49,59,61,52,51,50;52,60,59,57,56,55
ipr62_475 62 1,2,3,4,5,6;0,6,7,8,9,2;0,1,9,10,3;0,2,10,11,12,4;0,3,12,13,5;0,4,13,14,15,6;0,5,15,16,7,1;1,6,16,17,8;1,7,17,18,19,9;1,8,19,20,10,2;2,9,20,21,11,3;3,10,21,22,23,12;3,11,23,24,13,4;4,12,24,25,14,5;5,13,25,26,27,15;5,14,27,28,16,6;6,15,28,29,17,7;7,16,29,30,18,8;8,17,30,31,32,19;8,18,32,33,20,9;9,19,33,34,21,10;10,20,34,35,22,11;11,21,35,36,37,23;11,22,37,24,12;12,23,37,38,25,13;13,24,38,39,26,14;14,25,39,40,41,27;14,26,41,42,28,15;15,27,42,43,29,16;16,28,43,30,17;17,29,43,44,31,18;18,30,44,45,46,32;18,31,46,47,33,19;19,32,47,48,34,20;20,33,48,35,21;21,34,48,49,36,22;22,35,49,50,51,37;22,36,51,38,24,23;24,37,51,52,39,25;25,38,52,40,26;26,39,52,53,54,41;26,40,54,42,27;27,41,54,55,43,28;28,42,55,44,30,29;30,43,55,56,45,31;31,44,56,57,58,46;31,45,58,59,47,32;32,46,59,48,33;33,47,59,49,35,34;35,48,59,60,50,36;36,49,60,61,51;36,50,61,52,38,37;38,51,61,53,40,39;40,52,61,57,56,54;40,53,56,55,42,41;42,54,56,44,43;44,55,54,53,57,45;45,56,53,61,60,58;45,57,60,59,46;46,58,60,49,48,47;49,59,58,57,61,50;50,60,57,53,52,51
ipr62_477 62 1,2,3,4,5,6;0,6,7,8,9,2;0,1,9,10,3;0,2,10,11,12,4;0,3,12,13,14,5;0,4,14,15,16,6;0,5,16,7,1;1,6,16,17,18,8;1,7,18,19,20,9;1,8,20,21,10,2;2,9,21,22,11,3;3,10,22,23,24,12;3,11,24,25,13,4;4,12,25,26,27,14;4,13,27,15,5;5,14,27,28,29,16;5,15,29,17,7,6;7,16,29,30,31,18;7,17,31,32,19,8;8,18,32,33,34,20;8,19,34,35,21,9;9,20,35,22,10;10,21,35,36,23,11;11,22,36,37,38,24;11,23,38,25,12;12,24,38,39,26,13;13,25,39,40,41,27;13,26,41,28,15,14;15,27,41,42,43,29;15,28,43,30,17,16;17,29,43,44,45,31;17,30,45,32,18;18,31,45,46,33,19;19,32,46,47,48,34;19,33,48,49,35,20;20,34,49,36,22,21;22,35,49,50,37,23;23,36,50,51,52,38;23,37,52,39,25,24;25,38,52,40,26;26,39,52,53,54,41;26,40,54,42,28,27;28,41,54,55,56,43;28,42,56,44,30,29;30,43,56,57,58,45;30,44,58,46,32,31;32,45,58,59,47,33;33,46,59,60,48;33,47,60,50,49,34;34,48,50,36,35;36,49,48,60,51,37;37,50,60,61,53,52;37,51,53,40,39,38;40,52,51,61,55,54;40,53,55,42,41;42,54,53,61,57,56;42,55,57,44,43;44,56,55,61,59,58;44,57,59,46,45;46,58,57,61,60,47;47,59,61,51,50,48;51,60,59,57,55,53
ipr62_507 62 1,2,3,4,5,6;0,6,7,8,9,2;0,1,9,10,11,3;0,2,11,12,4;0,3,12,13,14,5;0,4,14,15,16,6;0,5,16,17,7,1;1,6,17,18,19,8;1,7,19,20,21,9;1,8,21,22,10,2;2,9,22,23,24,11;2,10,24,25,12,3;3,11,25,26,13,4;4,12,26,27,28,14;4,13,28,15,5;5,14,28,29,30,16;5,15,30,31,17,6;6,16,31,18,7;7,17,31,32,33,19;7,18,33,34,20,8;8,19,34,35,36,21;8,20,36,22,9;9,21,36,37,23,10;10,22,37,38,39,24;10,23,39,25,11;11,24,39,40,26,12;12,25,40,41,27,13;13,26,41,42,43,28;13,27,43,29,15,14;15,28,43,44,30;15,29,44,45,31,16;16,30,45,32,18,17;18,31,45,46,47,33;18,32,47,48,34,19;19,33,48,49,35,20;20,34,49,50,36;20,35,50,37,22,21;22,36,50,51,38,23;23,37,51,52,39;23,38,52,40,25,24;25,39,52,53,41,26;26,40,53,54,42,27;27,41,54,55,56,43;27,42,56,44,29,28;29,43,56,46,45,30;30,44,46,32,31;32,45,44,56,57,47;32,46,57,48,33;33,47,57,58,49,34;34,48,58,59,50,35;35,49,59,51,37,36;37,50,59,60,52,38;38,51,60,53,40,39;40,52,60,61,54,41;41,53,61,55,42;42,54,61,58,57,56;42,55,57,46,44,43;46,56,55,58,48,47;48,57,55,61,59,49;49,58,61,60,51,50;51,59,61,53,52;53,60,59,58,55,54
ipr62_569 62 1,2,3,4,5,6;0,6,7,8,9,2;0,1,9,10,3;0,2,10,11,12,4;0,3,12,13,14,5;0,4,14,15,16,6;0,5,16,17,7,1;1,6,17,18,19,8;1,7,19,20,9;1,8,20,21,10,2;2,9,21,22,11,3;3,10,22,23,24,12;3,11,24,25,13,4;4,12,25,26,14;4,13,26,27,15,5;5,14,27,28,29,16;5,15,29,30,17,6;6,16,30,31,18,7;7,17,31,32,19;7,18,32,33,20,8;8,19,33,34,21,9;9,20,34,35,22,10;10,21,35,36,23,11;11,22,36,37,38,24;11,23,38,25,12;12,24,38,39,26,13;13,25,39,40,27,14;14,26,40,41,28,15;15,27,41,42,29;15,28,42,43,30,16;16,29,43,44,31,17;17,30,44,45,32,18;18,31,45,46,33,19;19,32,46,47,34,20;20,33,47,48,35,21;21,34,48,36,22;22,35,48,49,37,23;23,36,49,50,38;23,37,50,39,25,24;25,38,50,51,40,26;26,39,51,52,41,27;27,40,52,53,42,28;28,41,53,54,43,29;29,42,54,44,30;30,43,54,55,45,31;31,44,55,56,46,32;32,45,56,47,33;33,46,56,57,48,34;34,47,57,49,36,35;36,48,57,58,50,37;37,49,58,51,39,38;39,50,58,59,52,40;40,51,59,53,41;41,52,59,60,54,42;42,53,60,55,44,43;44,54,60,61,56,45;45,55,61,57,47,46;47,56,61,58,49,48;49,57,61,59,51,50;51,58,61,60,53,52;53,59,61,55,54;55,60,59,58,57,56
ipr62_570 62 1,2,3,4,5,6;0,6,7,8,9,2;0,1,9,10,3;0,2,10,11,12,4;0,3,12,13,14,5;0,4,14,15,16,6;0,5,16,17,7,1;1,6,17,18,19,8;1,7,19,20,9;1,8,20,21,10,2;2,9,21,22,11,3;3,10,22,23,24,12;3,11,24,25,13,4;4,12,25,26,14;4,13,26,27,15,5;5,14,27,28,29,16;5,15,29,30,17,6;6,16,30,31,18,7;7,17,31,32,33,19;7,18,33,34,20,8;8,19,34,35,21,9;9,20,35,22,10;10,21,35,36,23,11;11,22,36,37,38,24;11,23,38,25,12;12,24,38,39,26,13;13,25,39,40,27,14;14,26,40,41,28,15;15,27,41,42,29;15,28,42,43,30,16;16,29,43,44,31,17;17,30,44,45,32,18;18,31,45,46,33;18,32,46,47,34,19;19,33,47,48,35,20;20,34,48,36,22,21;22,35,48,49,37,23;23,36,49,50,51,38;23,37,51,39,25,24;25,38,51,52,40,26;26,39,52,53,41,27;27,40,53,54,42,28;28,41,54,55,43,29;29,42,55,44,30;30,43,55,56,45,31;31,44,56,57,46,32;32,45,57,58,47,33;33,46,58,48,34;34,47,58,49,36,35;36,48,58,59,50,37;37,49,59,60,52,51;37,50,52,39,38;39,51,50,60,53,40;40,52,60,54,41;41,53,60,61,55,42;42,54,61,56,44,43;44,55,61,57,45;45,56,61,59,58,46;46,57,59,49,48,47;49,58,57,61,60,50;50,59,61,54,53,52;54,60,59,57,56,55
ipr62_588 62 1,2,3,4,5,6;0,6,7,8,9,2;0,1,9,10,11,3;0,2,11,12,4;0,3,12,13,14,5;0,4,14,15,16,6;0,5,16,17,7,1;1,6,17,18,19,8;1,7,19,20,21,9;1,8,21,22,10,2;2,9,22,23,11;2,10,23,24,12,3;3,11,24,25,13,4;4,12,25,26,27,14;4,13,27,15,5;5,14,27,28,29,16;5,15,29,30,17,6;6,16,30,31,18,7;7,17,31,32,33,19;7,18,33,34,20,8;8,19,34,35,21;8,20,35,36,22,9;9,21,36,37,23,10;10,22,37,38,24,11;11,23,38,39,25,12;12,24,39,40,26,13;13,25,40,41,27;13,26,41,28,15,14;15,27,41,42,29;15,28,42,43,30,16;16,29,43,44,31,17;17,30,44,32,18;18,31,44,45,46,33;18,32,46,47,34,19;19,33,47,48,35,20;20,34,48,49,36,21;21,35,49,37,22;22,36,49,50,38,23;23,37,50,51,39,24;24,38,51,52,40,25;25,39,52,53,41,26;26,40,53,42,28,27;28,41,53,54,43,29;29,42,54,55,44,30;30,43,55,45,32,31;32,44,55,56,57,46;32,45,57,47,33;33,46,57,58,48,34;34,47,58,49,35;35,48,58,50,37,36;37,49,58,59,51,38;38,50,59,60,52,39;39,51,60,61,53,40;40,52,61,54,42,41;42,53,61,55,43;43,54,61,56,45,44;45,55,61,60,59,57;45,56,59,58,47,46;47,57,59,50,49,48;50,58,57,56,60,51;51,59,56,61,52;52,60,56,55,54,53
ipr62_727 62 1,2,3,4,5,6;0,6,7,8,2;0,1,8,9,10,3;0,2,10,11,4;0,3,11,12,13,5;0,4,13,14,15,6;0,5,15,16,7,1;1,6,16,17,18,8;1,7,18,19,9,2;2,8,19,20,21,10;2,9,21,22,11,3;3,10,22,23,12,4;4,11,23,24,25,13;4,12,25,14,5;5,13,25,26,27,15;5,14,27,28,16,6;6,15,28,17,7;7,16,28,29,30,18;7,17,30,31,19,8;8,18,31,32,20,9;9,19,32,33,34,21;9,20,34,35,22,10;10,21,35,23,11;11,22,35,36,24,12;12,23,36,37,38,25;12,24,38,26,14,13;14,25,38,39,40,27;14,26,40,41,28,15;15,27,41,29,17,16;17,28,41,42,43,30;17,29,43,44,31,18;18,30,44,45,32,19;19,31,45,33,20;20,32,45,46,47,34;20,33,47,48,35,21;21,34,48,36,23,22;23,35,48,49,37,24;24,36,49,50,51,38;24,37,51,39,26,25;26,38,51,52,40;26,39,52,53,41,27;27,40,53,42,29,28;29,41,53,54,43;29,42,54,55,44,30;30,43,55,56,45,31;31,44,56,46,33,32;33,45,56,57,58,47;33,46,58,48,34;34,47,58,49,36,35;36,48,58,50,37;37,49,58,57,59,51;37,50,59,52,39,38;39,51,59,60,53,40;40,52,60,54,42,41;42,53,60,61,55,43;43,54,61,56,44;44,55,61,57,46,45;46,56,61,59,50,58;46,57,50,49,48,47;50,57,61,60,52,51;52,59,61,54,53;54,60,59,57,56,55
ipr62_734 62 1,2,3,4,5,6;0,6,7,8,9,2;0,1,9,10,3;0,2,10,11,12,4;0,3,12,13,5;0,4,13,14,15,6;0,5,15,16,7,1;1,6,16,17,8;1,7,17,18,19,9;1,8,19,20,10,2;2,9,20,21,11,3;3,10,21,22,12;3,11,22,23,13,4;4,12,23,24,14,5;5,13,24,25,26,15;5,14,26,27,16,6;6,15,27,28,17,7;7,16,28,29,18,8;8,17,29,30,31,19;8,18,31,32,20,9;9,19,32,33,21,10;10,20,33,34,22,11;11,21,34,35,23,12;12,22,35,36,24,13;13,23,36,37,25,14;14,24,37,38,26;14,25,38,39,27,15;15,26,39,40,28,16;16,27,40,41,29,17;17,28,41,42,30,18;18,29,42,43,31;18,30,43,44,32,19;19,31,44,45,33,20;20,32,45,46,34,21;21,33,46,35,22;22,34,46,47,36,23;23,35,47,48,37,24;24,36,48,49,38,25;25,37,49,50,39,26;26,38,50,40,27;27,39,50,51,41,28;28,40,51,52,42,29;29,41,52,53,43,30;30,42,53,54,44,31;31,43,54,55,45,32;32,44,55,56,46,33;33,45,56,47,35,34;35,46,56,57,48,36;36,47,57,58,49,37;37,48,58,59,50,38;38,49,59,51,40,39;40,50,59,52,41;41,51,59,60,53,42;42,52,60,61,54,43;43,53,61,55,44;44,54,61,57,56,45;45,55,57,47,46;47,56,55,61,58,48;48,57,61,60,59,49;49,58,60,52,51,50;52,59,58,61,53;53,60,58,57,55,54
ipr62_779 62 1,2,3,4,5,6;0,6,7,8,9,2;0,1,9,10,11,3;0,2,11,12,13,4;0,3,13,14,5;0,4,14,15,16,6;0,5,16,17,7,1;1,6,17,18,8;1,7,18,19,20,9;1,8,20,21,10,2;2,9,21,22,23,11;2,10,23,12,3;3,11,23,24,25,13;3,12,25,26,14,4;4,13,26,27,15,5;5,14,27,28,29,16;5,15,29,30,17,6;6,16,30,31,18,7;7,17,31,32,19,8;8,18,32,33,34,20;8,19,34,35,21,9;9,20,35,22,10;10,21,35,36,37,23;10,22,37,24,12,11;12,23,37,38,39,25;12,24,39,40,26,13;13,25,40,27,14;14,26,40,41,28,15;15,27,41,42,43,29;15,28,43,44,30,16;16,29,44,31,17;17,30,44,45,32,18;18,31,45,46,33,19;19,32,46,47,34;19,33,47,48,35,20;20,34,48,36,22,21;22,35,48,49,50,37;22,36,50,38,24,23;24,37,50,51,39;24,38,51,52,40,25;25,39,52,41,27,26;27,40,52,53,42,28;28,41,53,54,55,43;28,42,55,44,29;29,43,55,45,31,30;31,44,55,56,46,32;32,45,56,57,47,33;33,46,57,58,48,34;34,47,58,49,36,35;36,48,58,59,50;36,49,59,51,38,37;38,50,59,60,52,39;39,51,60,53,41,40;41,52,60,54,42;42,53,60,61,56,55;42,54,56,45,44,43;45,55,54,61,57,46;46,56,61,58,47;47,57,61,59,49,48;49,58,61,60,51,50;51,59,61,54,53,52;54,60,59,58,57,56
ipr62_800 62 1,2,3,4,5,6;0,6,7,8,9,2;0,1,9,10,11,3;0,2,11,12,13,4;0,3,13,14,15,5;0,4,15,16,17,6;0,5,17,18,7,1;1,6,18,19,8;1,7,19,20,21,9;1,8,21,22,10,2;2,9,22,23,24,11;2,10,24,25,12,3;3,11,25,26,27,13;3,12,27,28,14,4;4,13,28,29,15;4,14,29,30,16,5;5,15,30,31,32,17;5,16,32,18,6;6,17,32,33,19,7;7,18,33,34,20,8;8,19,34,35,36,21;8,20,36,37,22,9;9,21,37,23,10;10,22,37,38,39,24;10,23,39,25,11;11,24,39,40,26,12;12,25,40,41,42,27;12,26,42,43,28,13;13,27,43,44,29,14;14,28,44,45,30,15;15,29,45,31,16;16,30,45,46,47,32;16,31,47,33,18,17;18,32,47,48,34,19;19,33,48,49,35,20;20,34,49,50,51,36;20,35,51,52,37,21;21,36,52,38,23,22;23,37,52,53,39;23,38,53,40,25,24;25,39,53,41,26;26,40,53,54,55,42;26,41,55,56,43,27;27,42,56,57,44,28;28,43,57,58,45,29;29,44,58,46,31,30;31,45,58,59,48,47;31,46,48,33,32;33,47,46,59,49,34;34,48,59,60,50,35;35,49,60,61,51;35,50,61,54,52,36;36,51,54,53,38,37;38,52,54,41,40,39;41,53,52,51,61,55;41,54,61,56,42;42,55,61,60,57,43;43,56,60,59,58,44;44,57,59,46,45;46,58,57,60,49,48;49,59,57,56,61,50;50,60,56,55,54,51
ipr62_814 62 1,2,3,4,5,6;0,6,7,8,9,2;0,1,9,10,11,3;0,2,11,12,13,4;0,3,13,14,15,5;0,4,15,16,6;0,5,16,17,7,1;1,6,17,18,8;1,7,18,19,20,9;1,8,20,21,10,2;2,9,21,22,23,11;2,10,23,24,12,3;3,11,24,25,26,13;3,12,26,14,4;4,13,26,27,28,15;4,14,28,29,16,5;5,15,29,30,17,6;6,16,30,31,18,7;7,17,31,32,19,8;8,18,32,33,34,20;8,19,34,35,21,9;9,20,35,22,10;10,21,35,36,37,23;10,22,37,24,11;11,23,37,38,25,12;12,24,38,39,40,26;12,25,40,27,14,13;14,26,40,41,42,28;14,27,42,29,15;15,28,42,43,30,16;16,29,43,44,31,17;17,30,44,45,32,18;18,31,45,46,33,19;19,32,46,47,48,34;19,33,48,49,35,20;20,34,49,36,22,21;22,35,49,50,37;22,36,50,38,24,23;24,37,50,51,39,25;25,38,51,52,53,40;25,39,53,41,27,26;27,40,53,54,55,42;27,41,55,43,29,28;29,42,55,44,30;30,43,55,56,45,31;31,44,56,57,46,32;32,45,57,58,47,33;33,46,58,59,60,48;33,47,60,49,34;34,48,60,50,36,35;36,49,60,51,38,37;38,50,60,59,52,39;39,51,59,58,61,53;39,52,61,54,41,40;41,53,61,56,55;41,54,56,44,43,42;44,55,54,61,57,45;45,56,61,58,46;46,57,61,52,59,47;47,58,52,51,60;47,59,51,50,49,48;52,58,57,56,54,53
ipr62_822 62 1,2,3,4,5,6;0,6,7,8,9,2;0,1,9,10,11,3;0,2,11,12,13,4;0,3,13,14,15,5;0,4,15,16,6;0,5,16,17,7,1;1,6,17,18,19,8;1,7,19,20,21,9;1,8,21,22,10,2;2,9,22,23,24,11;2,10,24,25,12,3;3,11,25,26,27,13;3,12,27,14,4;4,13,27,28,29,15;4,14,29,30,16,5;5,15,30,31,17,6;6,16,31,18,7;7,17,31,32,33,19;7,18,33,34,20,8;8,19,34,35,36,21;8,20,36,37,22,9;9,21,37,23,10;10,22,37,38,39,24;10,23,39,40,25,11;11,24,40,41,26,12;12,25,41,42,43,27;12,26,43,28,14,13;14,27,43,44,45,29;14,28,45,46,30,15;15,29,46,31,16;16,30,46,32,18,17;18,31,46,47,33;18,32,47,48,34,19;19,33,48,49,35,20;20,34,49,50,51,36;20,35,51,52,37,21;21,36,52,38,23,22;23,37,52,53,39;23,38,53,54,40,24;24,39,54,41,25;25,40,54,55,42,26;26,41,55,56,43;26,42,56,44,28,27;28,43,56,57,58,45;28,44,58,47,46,29;29,45,47,32,31,30;32,46,45,58,48,33;33,47,58,49,34;34,48,58,57,50,35;35,49,57,59,60,51;35,50,60,52,36;36,51,60,53,38,37;38,52,60,61,54,39;39,53,61,55,41,40;41,54,61,59,56,42;42,55,59,57,44,43;44,56,59,50,49,58;44,57,49,48,47,45;50,57,56,55,61,60;50,59,61,53,52,51;53,60,59,55,54
ipr62_850 62 1,2,3,4,5,6;0,6,7,8,9,2;0,1,9,10,11,3;0,2,11,12,13,4;0,3,13,14,15,5;0,4,15,16,17,6;0,5,17,18,7,1;1,6,18,19,8;1,7,19,20,21,9;1,8,21,22,10,2;2,9,22,23,24,11;2,10,24,25,12,3;3,11,25,26,13;3,12,26,27,14,4;4,13,27,28,15;4,14,28,29,16,5;5,15,29,30,31,17;5,16,31,32,18,6;6,17,32,33,19,7;7,18,33,34,20,8;8,19,34,35,36,21;8,20,36,37,22,9;9,21,37,23,10;10,22,37,38,39,24;10,23,39,40,25,11;11,24,40,41,26,12;12,25,41,42,27,13;13,26,42,43,28,14;14,27,43,44,29,15;15,28,44,45,30,16;16,29,45,46,47,31;16,30,47,48,32,17;17,31,48,33,18;18,32,48,49,34,19;19,33,49,50,35,20;20,34,50,51,36;20,35,51,52,37,21;21,36,52,38,23,22;23,37,52,53,39;23,38,53,54,40,24;24,39,54,41,25;25,40,54,55,42,26;26,41,55,43,27;27,42,55,56,44,28;28,43,56,45,29;29,44,56,57,46,30;30,45,57,58,59,47;30,46,59,48,31;31,47,59,49,33,32;33,48,59,50,34;34,49,59,58,51,35;35,50,58,60,52,36;36,51,60,53,38,37;38,52,60,61,54,39;39,53,61,55,41,40;41,54,61,56,43,42;43,55,61,57,45,44;45,56,61,60,58,46;46,57,60,51,50,59;46,58,50,49,48,47;51,58,57,61,53,52;53,60,57,56,55,54
ipr62_881 62 1,2,3,4,5,6;0,6,7,8,9,2;0,1,9,10,11,3;0,2,11,12,13,4;0,3,13,14,15,5;0,4,15,16,17,6;0,5,17,18,7,1;1,6,18,19,8;1,7,19,20,21,9;1,8,21,22,10,2;2,9,22,23,24,11;2,10,24,25,12,3;3,11,25,26,13;3,12,26,27,14,4;4,13,27,28,29,15;4,14,29,16,5;5,15,29,30,31,17;5,16,31,32,18,6;6,17,32,33,19,7;7,18,33,34,20,8;8,19,34,35,36,21;8,20,36,37,22,9;9,21,37,23,10;10,22,37,38,39,24;10,23,39,25,11;11,24,39,40,26,12;12,25,40,41,27,13;13,26,41,28,14;14,27,41,42,43,29;14,28,43,30,16,15;16,29,43,44,45,31;16,30,45,46,32,17;17,31,46,33,18;18,32,46,47,34,19;19,33,47,48,35,20;20,34,48,49,50,36;20,35,50,51,37,21;21,36,51,38,23,22;23,37,51,52,53,39;23,38,53,40,25,24;25,39,53,54,41,26;26,40,54,42,28,27;28,41,54,55,56,43;28,42,56,44,30,29;30,43,56,57,58,45;30,44,58,46,31;31,45,58,47,33,32;33,46,58,48,34;34,47,58,57,49,35;35,48,57,59,60,50;35,49,60,51,36;36,50,60,52,38,37;38,51,60,61,53;38,52,61,54,40,39;40,53,61,55,42,41;42,54,61,59,56;42,55,59,57,44,43;44,56,59,49,48,58;44,57,48,47,46,45;49,57,56,55,61,60;49,59,61,52,51,50;52,60,59,55,54,53
ipr62_919 62 1,2,3,4,5,6;0,6,7,8,9,2;0,1,9,10,11,3;0,2,11,12,4;0,3,12,13,14,5;0,4,14,15,16,6;0,5,16,17,7,1;1,6,17,18,19,8;1,7,19,20,21,9;1,8,21,22,10,2;2,9,22,23,11;2,10,23,24,12,3;3,11,24,25,13,4;4,12,25,26,27,14;4,13,27,15,5;5,14,27,28,29,16;5,15,29,30,17,6;6,16,30,18,7;7,17,30,31,32,19;7,18,32,20,8;8,19,32,33,34,21;8,20,34,35,22,9;9,21,35,36,23,10;10,22,36,37,24,11;11,23,37,38,25,12;12,24,38,39,26,13;13,25,39,40,41,27;13,26,41,28,15,14;15,27,41,42,43,29;15,28,43,44,30,16;16,29,44,31,18,17;18,30,44,45,32;18,31,45,33,20,19;20,32,45,46,47,34;20,33,47,48,35,21;21,34,48,36,22;22,35,48,49,37,23;23,36,49,50,38,24;24,37,50,51,39,25;25,38,51,40,26;26,39,51,52,42,41;26,40,42,28,27;28,41,40,52,53,43;28,42,53,54,44,29;29,43,54,45,31,30;31,44,54,46,33,32;33,45,54,55,56,47;33,46,56,57,48,34;34,47,57,49,36,35;36,48,57,58,50,37;37,49,58,59,51,38;38,50,59,52,40,39;40,51,59,60,53,42;42,52,60,55,54,43;43,53,55,46,45,44;46,54,53,60,61,56;46,55,61,57,47;47,56,61,58,49,48;49,57,61,59,50;50,58,61,60,52,51;52,59,61,55,53;55,60,59,58,57,56
ipr62_993 62 1,2,3,4,5,6;0,6,7,8,9,2;0,1,9,10,11,3;0,2,11,12,13,4;0,3,13,14,5;0,4,14,15,16,6;0,5,16,17,7,1;1,6,17,18,19,8;1,7,19,20,21,9;1,8,21,10,2;2,9,21,22,23,11;2,10,23,24,12,3;3,11,24,25,26,13;3,12,26,27,14,4;4,13,27,28,15,5;5,14,28,29,30,16;5,15,30,17,6;6,16,30,31,18,7;7,17,31,32,33,19;7,18,33,34,20,8;8,19,34,35,21;8,20,35,22,10,9;10,21,35,36,37,23;10,22,37,24,11;11,23,37,38,25,12;12,24,38,39,40,26;12,25,40,41,27,13;13,26,41,42,28,14;14,27,42,29,15;15,28,42,43,44,30;15,29,44,31,17,16;17,30,44,45,32,18;18,31,45,46,47,33;18,32,47,48,34,19;19,33,48,49,35,20;20,34,49,36,22,21;22,35,49,50,51,37;22,36,51,38,24,23;24,37,51,52,39,25;25,38,52,53,40;25,39,53,54,41,26;26,40,54,55,42,27;27,41,55,43,29,28;29,42,55,56,45,44;29,43,45,31,30;31,44,43,56,46,32;32,45,56,57,58,47;32,46,58,59,48,33;33,47,59,49,34;34,48,59,50,36,35;36,49,59,60,51;36,50,60,52,38,37;38,51,60,61,53,39;39,52,61,57,54,40;40,53,57,56,55,41;41,54,56,43,42;43,55,54,57,46,45;46,56,54,53,61,58;46,57,61,60,59,47;47,58,60,50,49,48;50,59,58,61,52,51;52,60,58,57,53
ipr62_1011 62 1,2,3,4,5,6;0,6,7,8,9,2;0,1,9,10,11,3;0,2,11,12,4;0,3,12,13,14,5;0,4,14,15,16,6;0,5,16,17,7,1;1,6,17,18,19,8;1,7,19,20,21,9;1,8,21,22,10,2;2,9,22,23,11;2,10,23,24,12,3;3,11,24,25,13,4;4,12,25,26,27,14;4,13,27,15,5;5,14,27,28,29,16;5,15,29,30,17,6;6,16,30,31,18,7;7,17,31,32,33,19;7,18,33,34,20,8;8,19,34,35,21;8,20,35,36,22,9;9,21,36,37,23,10;10,22,37,38,24,11;11,23,38,39,25,12;12,24,39,40,26,13;13,25,40,41,42,27;13,26,42,28,15,14;15,27,42,43,44,29;15,28,44,45,30,16;16,29,45,31,17;17,30,45,46,32,18;18,31,46,47,33;18,32,47,48,34,19;19,33,48,49,35,20;20,34,49,50,36,21;21,35,50,51,37,22;22,36,51,52,38,23;23,37,52,53,39,24;24,38,53,40,25;25,39,53,54,41,26;26,40,54,55,43,42;26,41,43,28,27;28,42,41,55,56,44;28,43,56,45,29;29,44,56,46,31,30;31,45,56,57,47,32;32,46,57,58,48,33;33,47,58,49,34;34,48,58,59,50,35;35,49,59,51,36;36,50,59,60,52,37;37,51,60,53,38;38,52,60,54,40,39;40,53,60,61,55,41;41,54,61,57,56,43;43,55,57,46,45,44;46,56,55,61,58,47;47,57,61,59,49,48;49,58,61,60,51,50;51,59,61,54,53,52;54,60,59,58,57,55
ipr62_1016 62 1,2,3,4,5,6;0,6,7,8,9,2;0,1,9,10,11,3;0,2,11,12,13,4;0,3,13,14,15,5;0,4,15,16,6;0,5,16,17,7,1;1,6,17,18,19,8;1,7,19,20,21,9;1,8,21,22,10,2;2,9,22,23,11;2,10,23,24,12,3;3,11,24,25,26,13;3,12,26,14,4;4,13,26,27,28,15;4,14,28,29,16,5;5,15,29,30,17,6;6,16,30,31,18,7;7,17,31,32,33,19;7,18,33,34,20,8;8,19,34,35,36,21;8,20,36,22,9;9,21,36,37,23,10;10,22,37,38,24,11;11,23,38,39,25,12;12,24,39,40,41,26;12,25,41,27,14,13;14,26,41,42,43,28;14,27,43,44,29,15;15,28,44,45,30,16;16,29,45,31,17;17,30,45,46,32,18;18,31,46,47,33;18,32,47,48,34,19;19,33,48,49,35,20;20,34,49,50,51,36;20,35,51,37,22,21;22,36,51,52,38,23;23,37,52,53,39,24;24,38,53,40,25;25,39,53,54,42,41;25,40,42,27,26;27,41,40,54,55,43;27,42,55,56,44,28;28,43,56,45,29;29,44,56,46,31,30;31,45,56,57,47,32;32,46,57,58,48,33;33,47,58,59,49,34;34,48,59,50,35;35,49,59,60,52,51;35,50,52,37,36;37,51,50,60,53,38;38,52,60,54,40,39;40,53,60,61,55,42;42,54,61,57,56,43;43,55,57,46,45,44;46,56,55,61,58,47;47,57,61,59,48;48,58,61,60,50,49;50,59,61,54,53,52;54,60,59,58,57,55
ipr62_1125 62 1,2,3,4,5,6;0,6,7,8,9,2;0,1,9,10,11,3;0,2,11,12,4;0,3,12,13,14,5;0,4,14,15,16,6;0,5,16,17,7,1;1,6,17,18,19,8;1,7,19,20,9;1,8,20,21,10,2;2,9,21,22,23,11;2,10,23,24,12,3;3,11,24,25,13,4;4,12,25,26,14;4,13,26,27,15,5;5,14,27,28,29,16;5,15,29,17,6;6,16,29,30,18,7;7,17,30,31,32,19;7,18,32,33,20,8;8,19,33,34,21,9;9,20,34,35,22,10;10,21,35,36,37,23;10,22,37,38,24,11;11,23,38,39,25,12;12,24,39,40,26,13;13,25,40,41,27,14;14,26,41,42,28,15;15,27,42,43,44,29;15,28,44,30,17,16;17,29,44,31,18;18,30,44,45,46,32;18,31,46,47,33,19;19,32,47,48,34,20;20,33,48,35,21;21,34,48,49,36,22;22,35,49,50,37;22,36,50,51,38,23;23,37,51,52,39,24;24,38,52,53,40,25;25,39,53,41,26;26,40,53,54,42,27;27,41,54,55,43,28;28,42,55,45,44;28,43,45,31,30,29;31,44,43,55,56,46;31,45,56,57,47,32;32,46,57,48,33;33,47,57,49,35,34;35,48,57,58,50,36;36,49,58,59,51,37;37,50,59,52,38;38,51,59,60,53,39;39,52,60,54,41,40;41,53,60,61,55,42;42,54,61,56,45,43;45,55,61,58,57,46;46,56,58,49,48,47;49,57,56,61,59,50;50,58,61,60,52,51;52,59,61,54,53;54,60,59,58,56,55
ipr62_1126 62 1,2,3,4,5,6;0,6,7,8,9,2;0,1,9,10,11,3;0,2,11,12,13,4;0,3,13,14,15,5;0,4,15,16,17,6;0,5,17,18,7,1;1,6,18,19,20,8;1,7,20,21,9;1,8,21,22,10,2;2,9,22,23,24,11;2,10,24,25,12,3;3,11,25,26,13;3,12,26,27,14,4;4,13,27,28,15;4,14,28,29,16,5;5,15,29,30,31,17;5,16,31,18,6;6,17,31,32,19,7;7,18,32,33,20;7,19,33,34,21,8;8,20,34,35,22,9;9,21,35,36,23,10;10,22,36,37,38,24;10,23,38,39,25,11;11,24,39,40,26,12;12,25,40,41,27,13;13,26,41,42,28,14;14,27,42,43,29,15;15,28,43,44,30,16;16,29,44,45,46,31;16,30,46,32,18,17;18,31,46,47,33,19;19,32,47,48,34,20;20,33,48,49,35,21;21,34,49,36,22;22,35,49,50,37,23;23,36,50,51,38;23,37,51,52,39,24;24,38,52,40,25;25,39,52,53,41,26;26,40,53,54,42,27;27,41,54,43,28;28,42,54,55,44,29;29,43,55,45,30;30,44,55,56,57,46;30,45,57,47,32,31;32,46,57,58,48,33;33,47,58,49,34;34,48,58,50,36,35;36,49,58,59,51,37;37,50,59,60,52,38;38,51,60,53,40,39;40,52,60,61,54,41;41,53,61,55,43,42;43,54,61,56,45,44;45,55,61,60,59,57;45,56,59,58,47,46;47,57,59,50,49,48;50,58,57,56,60,51;51,59,56,61,53,52;53,60,56,55,54
ipr62_1206 62 1,2,3,4,5,6;0,6,7,8,9,2;0,1,9,10,3;0,2,10,11,12,4;0,3,12,13,14,5;0,4,14,15,16,6;0,5,16,7,1;1,6,16,17,18,8;1,7,18,19,9;1,8,19,20,10,2;2,9,20,21,11,3;3,10,21,22,12;3,11,22,23,13,4;4,12,23,24,25,14;4,13,25,26,15,5;5,14,26,27,28,16;5,15,28,17,7,6;7,16,28,29,30,18;7,17,30,31,19,8;8,18,31,32,20,9;9,19,32,33,21,10;10,20,33,34,22,11;11,21,34,35,23,12;12,22,35,24,13;13,23,35,36,37,25;13,24,37,38,26,14;14,25,38,39,27,15;15,26,39,40,41,28;15,27,41,29,17,16;17,28,41,42,43,30;17,29,43,44,31,18;18,30,44,45,32,19;19,31,45,46,33,20;20,32,46,47,34,21;21,33,47,48,35,22;22,34,48,36,24,23;24,35,48,49,50,37;24,36,50,38,25;25,37,50,51,39,26;26,38,51,52,40,27;27,39,52,53,42,41;27,40,42,29,28;29,41,40,53,54,43;29,42,54,44,30;30,43,54,55,45,31;31,44,55,56,46,32;32,45,56,47,33;33,46,56,57,48,34;34,47,57,49,36,35;36,48,57,58,50;36,49,58,51,38,37;38,50,58,59,52,39;39,51,59,53,40;40,52,59,60,54,42;42,53,60,55,44,43;44,54,60,61,56,45;45,55,61,57,47,46;47,56,61,58,49,48;49,57,61,59,51,50;51,58,61,60,53,52;53,59,61,55,54;55,60,59,58,57,56
ipr62_1251 62 1,2,3,4,5,6;0,6,7,8,2;0,1,8,9,10,3;0,2,10,11,12,4;0,3,12,13,14,5;0,4,14,15,16,6;0,5,16,17,7,1;1,6,17,18,19,8;1,7,19,20,9,2;2,8,20,21,22,10;2,9,22,23,11,3;3,10,23,24,25,12;3,11,25,13,4;4,12,25,26,27,14;4,13,27,15,5;5,14,27,28,29,16;5,15,29,30,17,6;6,16,30,31,18,7;7,17,31,32,33,19;7,18,33,34,20,8;8,19,34,35,21,9;9,20,35,36,37,22;9,21,37,23,10;10,22,37,38,24,11;11,23,38,39,40,25;11,24,40,26,13,12;13,25,40,41,27;13,26,41,28,15,14;15,27,41,42,43,29;15,28,43,44,30,16;16,29,44,45,31,17;17,30,45,32,18;18,31,45,46,47,33;18,32,47,34,19;19,33,47,48,35,20;20,34,48,49,36,21;21,35,49,50,37;21,36,50,38,23,22;23,37,50,51,39,24;24,38,51,52,53,40;24,39,53,41,26,25;26,40,53,42,28,27;28,41,53,54,43;28,42,54,55,44,29;29,43,55,56,45,30;30,44,56,46,32,31;32,45,56,57,58,47;32,46,58,48,34,33;34,47,58,49,35;35,48,58,59,50,36;36,49,59,51,38,37;38,50,59,60,52,39;39,51,60,61,54,53;39,52,54,42,41,40;42,53,52,61,55,43;43,54,61,56,44;44,55,61,57,46,45;46,56,61,60,59,58;46,57,59,49,48,47;49,58,57,60,51,50;51,59,57,61,52;52,60,57,56,55,54
ipr62_1348 62 1,2,3,4,5,6;0,6,7,8,2;0,1,8,9,10,3;0,2,10,11,12,4;0,3,12,13,14,5;0,4,14,15,16,6;0,5,16,17,7,1;1,6,17,18,19,8;1,7,19,20,9,2;2,8,20,21,22,10;2,9,22,11,3;3,10,22,23,24,12;3,11,24,13,4;4,12,24,25,26,14;4,13,26,27,15,5;5,14,27,28,29,16;5,15,29,17,6;6,16,29,30,18,7;7,17,30,31,32,19;7,18,32,33,20,8;8,19,33,34,21,9;9,20,34,35,36,22;9,21,36,23,11,10;11,22,36,37,38,24;11,23,38,25,13,12;13,24,38,39,40,26;13,25,40,41,27,14;14,26,41,42,28,15;15,27,42,43,29;15,28,43,30,17,16;17,29,43,44,31,18;18,30,44,45,46,32;18,31,46,33,19;19,32,46,47,34,20;20,33,47,48,35,21;21,34,48,49,50,36;21,35,50,37,23,22;23,36,50,51,39,38;23,37,39,25,24;25,38,37,51,52,40;25,39,52,53,41,26;26,40,53,54,42,27;27,41,54,55,43,28;28,42,55,44,30,29;30,43,55,56,45,31;31,44,56,57,58,46;31,45,58,47,33,32;33,46,58,48,34;34,47,58,59,49,35;35,48,59,60,51,50;35,49,51,37,36;37,50,49,60,52,39;39,51,60,61,53,40;40,52,61,54,41;41,53,61,56,55,42;42,54,56,44,43;44,55,54,61,57,45;45,56,61,60,59,58;45,57,59,48,47,46;48,58,57,60,49;49,59,57,61,52,51;52,60,57,56,54,53
ipr62_1398 62 1,2,3,4,5,6;0,6,7,8,9,2;0,1,9,10,3;0,2,10,11,12,4;0,3,12,13,5;0,4,13,14,15,6;0,5,15,16,7,1;1,6,16,17,18,8;1,7,18,19,20,9;1,8,20,21,10,2;2,9,21,22,11,3;3,10,22,23,24,12;3,11,24,25,13,4;4,12,25,26,14,5;5,13,26,27,28,15;5,14,28,29,16,6;6,15,29,30,17,7;7,16,30,31,32,18;7,17,32,19,8;8,18,32,33,34,20;8,19,34,35,21,9;9,20,35,22,10;10,21,35,36,23,11;11,22,36,37,38,24;11,23,38,39,25,12;12,24,39,26,13;13,25,39,40,27,14;14,26,40,41,42,28;14,27,42,43,29,15;15,28,43,44,30,16;16,29,44,45,31,17;17,30,45,46,47,32;17,31,47,33,19,18;19,32,47,48,49,34;19,33,49,50,35,20;20,34,50,36,22,21;22,35,50,51,37,23;23,36,51,52,38;23,37,52,53,39,24;24,38,53,40,26,25;26,39,53,41,27;27,40,53,54,55,42;27,41,55,56,43,28;28,42,56,44,29;29,43,56,57,45,30;30,44,57,46,31;31,45,57,58,48,47;31,46,48,33,32;33,47,46,58,59,49;33,48,59,50,34;34,49,59,51,36,35;36,50,59,60,52,37;37,51,60,54,53,38;38,52,54,41,40,39;41,53,52,60,61,55;41,54,61,56,42;42,55,61,57,44,43;44,56,61,58,46,45;46,57,61,60,59,48;48,58,60,51,50,49;51,59,58,61,54,52;54,60,58,57,56,55
ipr62_1446 62 1,2,3,4,5,6;0,6,7,8,9,2;0,1,9,10,11,3;0,2,11,12,13,4;0,3,13,14,15,5;0,4,15,16,17,6;0,5,17,18,7,1;1,6,18,19,20,8;1,7,20,21,9;1,8,21,22,10,2;2,9,22,23,24,11;2,10,24,25,12,3;3,11,25,26,27,13;3,12,27,28,14,4;4,13,28,29,15;4,14,29,30,16,5;5,15,30,31,32,17;5,16,32,18,6;6,17,32,33,19,7;7,18,33,34,20;7,19,34,35,21,8;8,20,35,36,22,9;9,21,36,37,23,10;10,22,37,38,39,24;10,23,39,25,11;11,24,39,40,26,12;12,25,40,41,27;12,26,41,42,28,13;13,27,42,43,29,14;14,28,43,44,30,15;15,29,44,45,31,16;16,30,45,46,32;16,31,46,33,18,17;18,32,46,47,34,19;19,33,47,48,35,20;20,34,48,49,36,21;21,35,49,37,22;22,36,49,50,38,23;23,37,50,51,39;23,38,51,40,25,24;25,39,51,52,41,26;26,40,52,53,42,27;27,41,53,43,28;28,42,53,54,44,29;29,43,54,55,45,30;30,44,55,56,46,31;31,45,56,47,33,32;33,46,56,57,48,34;34,47,57,58,49,35;35,48,58,50,37,36;37,49,58,59,51,38;38,50,59,52,40,39;40,51,59,60,53,41;41,52,60,54,43,42;43,53,60,61,55,44;44,54,61,57,56,45;45,55,57,47,46;47,56,55,61,58,48;48,57,61,59,50,49;50,58,61,60,52,51;52,59,61,54,53;54,60,59,58,57,55
ipr62_1512 62 1,2,3,4,5,6;0,6,7,8,9,2;0,1,9,10,3;0,2,10,11,12,4;0,3,12,13,14,5;0,4,14,15,16,6;0,5,16,17,7,1;1,6,17,18,19,8;1,7,19,20,21,9;1,8,21,22,10,2;2,9,22,23,11,3;3,10,23,24,25,12;3,11,25,26,13,4;4,12,26,27,28,14;4,13,28,15,5;5,14,28,29,30,16;5,15,30,31,17,6;6,16,31,18,7;7,17,31,32,33,19;7,18,33,20,8;8,19,33,34,35,21;8,20,35,36,22,9;9,21,36,37,23,10;10,22,37,38,24,11;11,23,38,39,40,25;11,24,40,26,12;12,25,40,41,27,13;13,26,41,42,43,28;13,27,43,29,15,14;15,28,43,44,45,30;15,29,45,46,31,16;16,30,46,32,18,17;18,31,46,47,33;18,32,47,34,20,19;20,33,47,48,49,35;20,34,49,50,36,21;21,35,50,51,37,22;22,36,51,52,38,23;23,37,52,39,24;24,38,52,53,54,40;24,39,54,41,26,25;26,40,54,42,27;27,41,54,55,44,43;27,42,44,29,28;29,43,42,55,56,45;29,44,56,57,46,30;30,45,57,47,32,31;32,46,57,48,34,33;34,47,57,58,49;34,48,58,59,50,35;35,49,59,60,51,36;36,50,60,52,37;37,51,60,53,39,38;39,52,60,61,55,54;39,53,55,42,41,40;42,54,53,61,56,44;44,55,61,58,57,45;45,56,58,48,47,46;48,57,56,61,59,49;49,58,61,60,50;50,59,61,53,52,51;53,60,59,58,56,55
ipr62_1573 62 1,2,3,4,5,6;0,6,7,8,9,2;0,1,9,10,11,3;0,2,11,12,13,4;0,3,13,14,15,5;0,4,15,16,17,6;0,5,17,18,7,1;1,6,18,19,8;1,7,19,20,21,9;1,8,21,10,2;2,9,21,22,23,11;2,10,23,12,3;3,11,23,24,25,13;3,12,25,26,14,4;4,13,26,27,28,15;4,14,28,29,16,5;5,15,29,30,31,17;5,16,31,32,18,6;6,17,32,33,19,7;7,18,33,34,20,8;8,19,34,35,36,21;8,20,36,22,10,9;10,21,36,37,23;10,22,37,24,12,11;12,23,37,38,25;12,24,38,39,26,13;13,25,39,40,27,14;14,26,40,41,42,28;14,27,42,43,29,15;15,28,43,30,16;16,29,43,44,45,31;16,30,45,32,17;17,31,45,46,33,18;18,32,46,47,34,19;19,33,47,48,35,20;20,34,48,49,50,36;20,35,50,37,22,21;22,36,50,38,24,23;24,37,50,51,39,25;25,38,51,52,40,26;26,39,52,41,27;27,40,52,53,54,42;27,41,54,55,43,28;28,42,55,44,30,29;30,43,55,56,45;30,44,56,46,32,31;32,45,56,57,47,33;33,46,57,58,48,34;34,47,58,49,35;35,48,58,59,51,50;35,49,51,38,37,36;38,50,49,59,52,39;39,51,59,53,41,40;41,52,59,60,61,54;41,53,61,55,42;42,54,61,56,44,43;44,55,61,57,46,45;46,56,61,60,58,47;47,57,60,59,49,48;49,58,60,53,52,51;53,59,58,57,61;53,60,57,56,55,54
