rp2_c33_w0_t402 34 1,25,26,5,29;0,25,13,2,32,29;1,32,23,31,17,30,18,13;5,29,32,33,8;6,31,33,8,26;0,26,8,3,29;4,31,23,12,25,26;12,22,18,13,25;3,5,26,4,33;16,27,21,22,19;11,18,30,24,15,28;10,18,19,16,28;6,23,14,21,22,7,25;1,2,18,7,25;12,21,15,24,23;10,28,27,21,14,24;9,27,28,11,19;2,30,20,32,33,31;2,13,7,22,19,11,10,30;9,22,18,11,16;17,30,24,23,32;9,22,12,14,15,27;7,12,21,9,19,18;2,31,6,12,14,24,20,32;10,15,14,23,20,30;0,1,13,7,12,6,26;0,5,8,4,6,25;9,16,28,15,21;10,15,27,16,11;0,5,3,32,1;2,17,20,24,10,18;2,17,33,4,6,23;1,2,23,20,17,33,3,29;3,8,4,31,17,32
rp2_c33_w0_t424 34 1,13,25,26,5,29;0,13,2,32,29;1,32,23,31,17,30,18,13;5,29,32,33,8;6,31,33,8,26;0,26,8,3,29;4,31,23,12,25,26;12,22,18,13,25;3,5,26,4,33;16,27,21,22,19;11,18,30,24,15,28;10,18,19,16,28;6,23,14,21,22,7,25;0,1,2,18,7,25;12,21,15,24,23;10,28,27,21,14,24;9,27,28,11,19;2,30,20,32,33,31;2,13,7,22,19,11,10,30;9,22,18,11,16;17,30,24,23,32;9,22,12,14,15,27;7,12,21,9,19,18;2,31,6,12,14,24,20,32;10,15,14,23,20,30;0,13,7,12,6,26;0,5,8,4,6,25;9,16,28,15,21;10,15,27,16,11;0,5,3,32,1;2,17,20,24,10,18;2,17,33,4,6,23;1,2,23,20,17,33,3,29;3,8,4,31,17,32
rp2_c33_w2_t1301 27 1,20,14,25,18;0,20,23,13,18;7,24,11,22,15,9,25,14;4,12,16,22,11;3,12,13,24,11;15,17,21,26,19,22;8,15,9,21,26;2,24,23,20,14;6,15,17,25,10,26;2,15,6,21,25;8,25,16,19,26;2,24,4,3,22;3,4,13,18,16;1,23,24,4,12,18;0,25,2,7,20;2,9,6,8,17,5,22;3,22,19,10,25,18,12;5,21,25,8,15;0,1,13,12,16,25;5,26,10,16,22;0,1,23,7,14;5,17,25,9,6,26;2,11,3,16,19,5,15;1,13,24,7,20;2,11,4,13,23,7;0,14,2,9,21,17,8,10,16,18;5,19,10,8,6,21
rp2_c33_w2_t1306 27 1,20,14,25,18;0,20,23,13,18;7,24,11,22,15,9,25,14;4,12,16,22,11;3,12,13,24,11;6,21,17,15,22,19,26;5,21,9,15,8,26;2,24,23,20,14;6,15,17,25,10,26;2,15,6,21,25;8,25,16,19,26;2,24,4,3,22;3,4,13,18,16;1,23,24,4,12,18;0,25,2,7,20;2,9,6,8,17,5,22;3,22,19,10,25,18,12;5,21,25,8,15;0,1,13,12,16,25;5,26,10,16,22;0,1,23,7,14;5,17,25,9,6;2,11,3,16,19,5,15;1,13,24,7,20;2,11,4,13,23,7;0,14,2,9,21,17,8,10,16,18;5,19,10,8,6
rp2_c33_w2_t1322 27 1,20,14,25,18;0,20,23,13,18;7,24,11,22,15,9,25,14;4,12,16,22,11;3,12,13,24,11;6,21,17,15,19,26;5,21,9,15,8,26;2,24,23,20,14;6,15,17,25,10,26;2,15,6,21,25;8,25,16,19,26;2,24,4,3,22;3,4,13,18,16;1,23,24,4,12,18;0,25,2,7,20;2,9,6,8,17,5,19,22;3,22,19,10,25,18,12;5,21,25,8,15;0,1,13,12,16,25;5,26,10,16,22,15;0,1,23,7,14;5,17,25,9,6;2,11,3,16,19,15;1,13,24,7,20;2,11,4,13,23,7;0,14,2,9,21,17,8,10,16,18;5,19,10,8,6
rp2_c33_w2_t1337 27 1,20,14,25,18;0,20,23,13,18;7,24,11,22,15,9,25,14;4,12,16,22,11;3,12,13,24,11;6,21,17,15,22,19,26;5,21,9,15,17,8,26;2,24,23,20,14;6,17,25,10,26;2,15,6,21,25;8,25,16,19,26;2,24,4,3,22;3,4,13,18,16;1,23,24,4,12,18;0,25,2,7,20;2,9,6,17,5,22;3,22,19,10,25,18,12;5,21,25,8,6,15;0,1,13,12,16,25;5,26,10,16,22;0,1,23,7,14;5,17,25,9,6;2,11,3,16,19,5,15;1,13,24,7,20;2,11,4,13,23,7;0,14,2,9,21,17,8,10,16,18;5,19,10,8,6
rp2_c33_w2_t1350 27 1,20,14,25,18;0,20,23,13,18;7,24,11,22,15,9,25,14;4,12,16,22,11;3,12,13,24,11;6,21,17,15,22,19,26;5,21,9,17,8,26;2,24,23,20,14;6,17,25,10,26;2,15,17,6,21,25;8,25,16,19,26;2,24,4,3,22;3,4,13,18,16;1,23,24,4,12,18;0,25,2,7,20;2,9,17,5,22;3,22,19,10,25,18,12;5,21,25,8,6,9,15;0,1,13,12,16,25;5,26,10,16,22;0,1,23,7,14;5,17,25,9,6;2,11,3,16,19,5,15;1,13,24,7,20;2,11,4,13,23,7;0,14,2,9,21,17,8,10,16,18;5,19,10,8,6
rp2_c33_w2_t1379 27 1,20,14,25,18;0,20,23,13,18;7,24,11,22,9,25,14;4,12,16,22,11;3,12,13,24,11;6,21,17,15,22,19,26;5,21,9,15,17,8,26;2,24,23,20,14;6,17,25,10,26;2,22,15,6,21,25;8,25,16,19,26;2,24,4,3,22;3,4,13,18,16;1,23,24,4,12,18;0,25,2,7,20;5,17,6,9,22;3,22,19,10,25,18,12;5,21,25,8,6,15;0,1,13,12,16,25;5,26,10,16,22;0,1,23,7,14;5,17,25,9,6;2,11,3,16,19,5,15,9;1,13,24,7,20;2,11,4,13,23,7;0,14,2,9,21,17,8,10,16,18;5,19,10,8,6
rp2_c33_w2_t1389 27 1,20,14,25,18;0,20,23,13,18;7,24,11,22,9,25,14;4,12,16,22,11;3,12,13,24,11;6,21,17,15,22,19,26;5,21,9,15,17,8,26;2,24,23,20,14;6,17,21,25,10,26;2,22,15,6,21,25;8,25,16,19,26;2,24,4,3,22;3,4,13,18,16;1,23,24,4,12,18;0,25,2,7,20;5,17,6,9,22;3,22,19,10,25,18,12;5,21,8,6,15;0,1,13,12,16,25;5,26,10,16,22;0,1,23,7,14;5,17,8,25,9,6;2,11,3,16,19,5,15,9;1,13,24,7,20;2,11,4,13,23,7;0,14,2,9,21,8,10,16,18;5,19,10,8,6
rp2_c33_w2_t1397 27 1,20,14,25,18;0,20,23,13,18;7,24,11,22,9,25,14;4,12,16,22,11;3,12,13,24,11;15,17,21,26,19,22;8,17,15,9,21,26;2,24,23,20,14;6,17,25,10,26;2,22,15,6,21,25;8,25,16,19,26;2,24,4,3,22;3,4,13,18,16;1,23,24,4,12,18;0,25,2,7,20;5,17,6,9,22;3,22,19,10,25,18,12;5,21,25,8,6,15;0,1,13,12,16,25;5,26,10,16,22;0,1,23,7,14;5,17,25,9,6,26;2,11,3,16,19,5,15,9;1,13,24,7,20;2,11,4,13,23,7;0,14,2,9,21,17,8,10,16,18;5,19,10,8,6,21
rp2_c33_w2_t1400 27 1,20,14,25,18;0,20,23,13,18;7,24,11,22,9,25,14;4,12,16,22,11;3,12,13,24,11;15,17,21,26,19,22;8,17,15,9,26;2,24,23,20,14;6,17,25,10,26;2,22,15,6,26,21,25;8,25,16,19,26;2,24,4,3,22;3,4,13,18,16;1,23,24,4,12,18;0,25,2,7,20;5,17,6,9,22;3,22,19,10,25,18,12;5,21,25,8,6,15;0,1,13,12,16,25;5,26,10,16,22;0,1,23,7,14;5,17,25,9,26;2,11,3,16,19,5,15,9;1,13,24,7,20;2,11,4,13,23,7;0,14,2,9,21,17,8,10,16,18;5,19,10,8,6,9,21
rp2_c33_w2_t1416 27 1,20,14,25,18;0,20,23,13,18;7,24,11,22,15,9,25,14;4,12,16,22,11;3,12,13,24,11;15,17,21,26,19,22;8,17,15,9,21,26;2,24,23,20,14;6,17,25,10,26;2,15,6,21,25;8,25,16,19,26;2,24,4,3,22;3,4,13,18,16;1,23,24,4,12,18;0,25,2,7,20;2,9,6,17,5,22;3,22,19,10,25,18,12;5,21,25,8,6,15;0,1,13,12,16,25;5,26,10,16,22;0,1,23,7,14;5,17,25,9,6,26;2,11,3,16,19,5,15;1,13,24,7,20;2,11,4,13,23,7;0,14,2,9,21,17,8,10,16,18;5,19,10,8,6,21
rp2_c33_w2_t1451 27 1,20,14,25,18;0,20,23,13,18;7,24,11,22,9,25,14;4,12,16,22,11;3,12,13,24,11;15,17,25,21,26,19,22;8,17,15,9,21,26;2,24,23,20,14;6,17,25,10,26;2,22,15,6,21,25;8,25,16,19,26;2,24,4,3,22;3,4,13,18,16;1,23,24,4,12,18;0,25,2,7,20;5,17,6,9,22;3,22,19,10,25,18,12;5,25,8,6,15;0,1,13,12,16,25;5,26,10,16,22;0,1,23,7,14;5,26,6,9,25;2,11,3,16,19,5,15,9;1,13,24,7,20;2,11,4,13,23,7;0,14,2,9,21,5,17,8,10,16,18;5,19,10,8,6,21
rp2_c33_w2_t1480 27 1,20,14,25,18;0,20,23,13,18;7,24,11,22,25,14;4,12,16,22,11;3,12,13,24,11;15,17,21,26,19,22;8,17,15,9,21,26;2,24,23,20,14;6,17,25,10,26;6,15,22,25,21;8,25,16,19,26;2,24,4,3,22;3,4,13,18,16;1,23,24,4,12,18;0,25,2,7,20;5,17,6,9,22;3,22,19,10,25,18,12;5,21,25,8,6,15;0,1,13,12,16,25;5,26,10,16,22;0,1,23,7,14;5,17,25,9,6,26;2,11,3,16,19,5,15,9,25;1,13,24,7,20;2,11,4,13,23,7;0,14,2,22,9,21,17,8,10,16,18;5,19,10,8,6,21
rp2_c33_w2_t1491 27 1,20,14,25,18;0,20,23,13,18;7,24,11,22,25,14;4,12,16,22,11;3,12,13,24,11;15,17,21,26,19,22;8,17,15,9,21,26;2,24,23,20,14;6,17,25,10,26;6,15,22,25,17,21;8,25,16,19,26;2,24,4,3,22;3,4,13,18,16;1,23,24,4,12,18;0,25,2,7,20;5,17,6,9,22;3,22,19,10,25,18,12;5,21,9,25,8,6,15;0,1,13,12,16,25;5,26,10,16,22;0,1,23,7,14;5,17,9,6,26;2,11,3,16,19,5,15,9,25;1,13,24,7,20;2,11,4,13,23,7;0,14,2,22,9,17,8,10,16,18;5,19,10,8,6,21
rp2_c33_w2_t1494 27 1,20,14,25,18;0,20,23,13,18;7,24,11,22,25,14;4,12,16,22,11;3,12,13,24,11;15,19,26,21,17;8,17,15,9,21,26;2,24,23,20,14;6,17,25,10,26;6,15,22,25,17,21;8,25,16,19,26;2,24,4,3,22;3,4,13,18,16;1,23,24,4,12,18;0,25,2,7,20;5,19,22,9,6,17;3,22,19,10,25,18,12;5,21,9,25,8,6,15;0,1,13,12,16,25;5,26,10,16,22,15;0,1,23,7,14;5,17,9,6,26;2,11,3,16,19,15,9,25;1,13,24,7,20;2,11,4,13,23,7;0,14,2,22,9,17,8,10,16,18;5,19,10,8,6,21
rp2_c33_w2_t1498 27 1,20,14,25,18;0,20,23,13,18;7,24,11,22,25,14;4,12,16,22,11;3,12,13,24,11;15,19,26,21,17;8,17,15,9,21,26;2,24,23,20,14;6,17,25,10,26;6,15,22,25,17,21;8,25,16,19,26;2,24,4,3,22;3,4,13,18,16;1,23,24,4,12,18;0,25,2,7,20;5,19,16,22,9,6,17;3,22,15,19,10,25,18,12;5,21,9,25,8,6,15;0,1,13,12,16,25;5,26,10,16,15;0,1,23,7,14;5,17,9,6,26;2,11,3,16,15,9,25;1,13,24,7,20;2,11,4,13,23,7;0,14,2,22,9,17,8,10,16,18;5,19,10,8,6,21
rp2_c33_w2_t1500 27 1,20,14,25,18;0,20,23,13,18;7,24,11,22,25,14;4,12,16,22,11;3,12,13,24,11;15,19,26,21,17;8,17,15,9,21,26;2,24,23,20,14;6,17,25,10,26;6,15,25,17,21;8,25,16,19,26;2,24,4,3,22;3,4,13,18,16;1,23,24,4,12,18;0,25,2,7,20;5,19,16,22,25,9,6,17;3,22,15,19,10,25,18,12;5,21,9,25,8,6,15;0,1,13,12,16,25;5,26,10,16,15;0,1,23,7,14;5,17,9,6,26;2,11,3,16,15,25;1,13,24,7,20;2,11,4,13,23,7;0,14,2,22,15,9,17,8,10,16,18;5,19,10,8,6,21
rp2_c33_w2_t1503 27 1,20,14,25,18;0,20,23,13,18;7,24,11,22,25,14;4,12,16,22,11;3,12,13,24,11;15,19,26,21,17;8,17,15,9,21,26;2,24,23,20,14;6,17,25,10,26;6,15,25,17,21;8,25,16,19,26;2,24,4,3,22;3,4,13,18,16;1,23,24,4,12,18;0,25,2,7,20;5,19,22,25,9,6,17;3,22,19,10,25,18,12;5,21,9,25,8,6,15;0,1,13,12,16,25;5,26,10,16,22,15;0,1,23,7,14;5,17,9,6,26;2,11,3,16,19,15,25;1,13,24,7,20;2,11,4,13,23,7;0,14,2,22,15,9,17,8,10,16,18;5,19,10,8,6,21
rp2_c33_w2_t1515 27 1,20,14,25,18;0,20,23,13,18;7,24,11,22,25,14;4,12,16,22,11;3,12,13,24,11;15,19,26,21,17;8,17,15,9,21,26;2,24,23,20,14;6,17,9,25,10,26;6,15,25,8,17,21;8,25,16,19,26;2,24,4,3,22;3,4,13,18,16;1,23,24,4,12,18;0,25,2,7,20;5,19,22,25,9,6,17;3,22,19,10,25,18,12;5,21,9,8,6,15;0,1,13,12,16,25;5,26,10,16,22,15;0,1,23,7,14;5,17,9,6,26;2,11,3,16,19,15,25;1,13,24,7,20;2,11,4,13,23,7;0,14,2,22,15,9,8,10,16,18;5,19,10,8,6,21
rp2_c33_w2_t1520 27 1,20,14,25,18;0,20,23,13,18;7,24,11,22,25,14;4,12,16,22,11;3,12,13,24,11;15,19,26,21,17;8,17,15,25,9,21,26;2,24,23,20,14;6,17,9,25,10,26;6,25,8,17,21;8,25,16,19,26;2,24,4,3,22;3,4,13,18,16;1,23,24,4,12,18;0,25,2,7,20;5,19,22,25,6,17;3,22,19,10,25,18,12;5,21,9,8,6,15;0,1,13,12,16,25;5,26,10,16,22,15;0,1,23,7,14;5,17,9,6,26;2,11,3,16,19,15,25;1,13,24,7,20;2,11,4,13,23,7;0,14,2,22,15,6,9,8,10,16,18;5,19,10,8,6,21
rp2_c33_w2_t1533 27 1,20,14,25,18;0,20,23,13,18;7,24,11,22,25,14;4,12,16,22,11;3,12,13,24,11;10,19,15,17,21,26;8,17,15,25,9,21,26;2,24,23,20,14;6,17,9,25,10,26;6,25,8,17,21;5,19,16,25,8,26;2,24,4,3,22;3,4,13,18,16;1,23,24,4,12,18;0,25,2,7,20;5,19,22,25,6,17;3,22,19,10,25,18,12;5,21,9,8,6,15;0,1,13,12,16,25;5,10,16,22,15;0,1,23,7,14;5,17,9,6,26;2,11,3,16,19,15,25;1,13,24,7,20;2,11,4,13,23,7;0,14,2,22,15,6,9,8,10,16,18;5,10,8,6,21
rp2_c33_w2_t1536 27 1,20,14,25,18;0,20,23,13,18;7,24,11,22,25,14;4,12,16,22,11;3,12,13,24,11;6,15,19,10,26,21,17;5,15,25,9,21,26,8,17;2,24,23,20,14;6,17,9,25,10,26;6,25,8,17,21;5,19,16,25,8,26;2,24,4,3,22;3,4,13,18,16;1,23,24,4,12,18;0,25,2,7,20;5,19,22,25,6;3,22,19,10,25,18,12;5,21,9,8,6;0,1,13,12,16,25;5,10,16,22,15;0,1,23,7,14;5,17,9,6,26;2,11,3,16,19,15,25;1,13,24,7,20;2,11,4,13,23,7;0,14,2,22,15,6,9,8,10,16,18;5,10,8,6,21
rp2_c33_w2_t1542 27 1,20,14,25,18;0,20,23,13,18;7,24,11,22,25,14;4,12,16,22,11;3,12,13,24,11;6,15,19,10,26,21,17;5,15,25,9,21,26,8,17;2,24,23,20,14;6,17,9,25,16,10,26;6,25,8,17,21;5,19,16,8,26;2,24,4,3,22;3,4,13,18,16;1,23,24,4,12,18;0,25,2,7,20;5,19,22,25,6;3,22,19,10,8,25,18,12;5,21,9,8,6;0,1,13,12,16,25;5,10,16,22,15;0,1,23,7,14;5,17,9,6,26;2,11,3,16,19,15,25;1,13,24,7,20;2,11,4,13,23,7;0,14,2,22,15,6,9,8,16,18;5,10,8,6,21
rp2_c33_w2_t1544 27 1,20,14,25,18;0,20,23,13,18;7,24,11,22,25,14;4,12,16,22,11;3,12,13,24,11;10,19,15,17,21,26;8,17,15,25,9,21,26;2,24,23,20,14;6,17,9,25,16,10,26;6,25,8,17,21;5,19,16,8,26;2,24,4,3,22;3,4,13,18,16;1,23,24,4,12,18;0,25,2,7,20;5,19,22,25,6,17;3,22,19,10,8,25,18,12;5,21,9,8,6,15;0,1,13,12,16,25;5,10,16,22,15;0,1,23,7,14;5,17,9,6,26;2,11,3,16,19,15,25;1,13,24,7,20;2,11,4,13,23,7;0,14,2,22,15,6,9,8,16,18;5,10,8,6,21
rp2_c33_w2_t1551 27 1,20,14,25,18;0,20,23,13,18;7,24,11,22,25,14;4,12,16,22,11;3,12,13,24,11;10,19,15,21,26;8,17,15,25,9,21,26;2,24,23,20,14;6,17,9,25,16,10,26;6,25,8,17,21;5,19,16,8,26;2,24,4,3,22;3,4,13,18,16;1,23,24,4,12,18;0,25,2,7,20;5,19,22,25,6,17,21;3,22,19,10,8,25,18,12;6,8,9,21,15;0,1,13,12,16,25;5,10,16,22,15;0,1,23,7,14;5,15,17,9,6,26;2,11,3,16,19,15,25;1,13,24,7,20;2,11,4,13,23,7;0,14,2,22,15,6,9,8,16,18;5,10,8,6,21
rp2_c33_w2_t1555 27 1,20,14,25,18;0,20,23,13,18;7,24,11,22,25,14;4,12,16,22,11;3,12,13,24,11;10,19,15,21,26;8,17,15,22,25,9,21,26;2,24,23,20,14;6,17,9,25,16,10,26;6,25,8,17,21;5,19,16,8,26;2,24,4,3,22;3,4,13,18,16;1,23,24,4,12,18;0,25,2,7,20;5,19,22,6,17,21;3,22,19,10,8,25,18,12;6,8,9,21,15;0,1,13,12,16,25;5,10,16,22,15;0,1,23,7,14;5,15,17,9,6,26;2,11,3,16,19,15,6,25;1,13,24,7,20;2,11,4,13,23,7;0,14,2,22,6,9,8,16,18;5,10,8,6,21
rp2_c33_w2_t1557 27 1,20,14,25,18;0,20,23,13,18;7,24,11,22,25,14;4,12,16,22,11;3,12,13,24,11;10,19,15,21,26;8,17,15,19,22,25,9,21,26;2,24,23,20,14;6,17,9,25,16,10,26;6,25,8,17,21;5,19,16,8,26;2,24,4,3,22;3,4,13,18,16;1,23,24,4,12,18;0,25,2,7,20;5,19,6,17,21;3,22,19,10,8,25,18,12;6,8,9,21,15;0,1,13,12,16,25;5,10,16,22,6,15;0,1,23,7,14;5,15,17,9,6,26;2,11,3,16,19,6,25;1,13,24,7,20;2,11,4,13,23,7;0,14,2,22,6,9,8,16,18;5,10,8,6,21
rp2_c33_w2_t1559 27 1,20,14,25,18;0,20,23,13,18;7,24,11,22,25,14;4,12,16,22,11;3,12,13,24,11;10,19,15,21,26;8,17,15,19,22,25,9,21,26;2,24,23,20,14;6,17,9,25,16,10,26;6,25,8,17,21;5,19,22,16,8,26;2,24,4,3,22;3,4,13,18,16;1,23,24,4,12,18;0,25,2,7,20;5,19,6,17,21;3,22,10,8,25,18,12;6,8,9,21,15;0,1,13,12,16,25;5,10,22,6,15;0,1,23,7,14;5,15,17,9,6,26;2,11,3,16,10,19,6,25;1,13,24,7,20;2,11,4,13,23,7;0,14,2,22,6,9,8,16,18;5,10,8,6,21
rp2_c33_w2_t1563 27 1,20,14,25,18;0,20,23,13,18;7,24,11,22,25,14;4,12,16,22,11;3,12,13,24,11;10,19,15,21,26;8,17,15,19,22,25,9,21,26;2,24,23,20,14;6,17,9,25,16,22,10,26;6,25,8,17,21;5,19,22,8,26;2,24,4,3,22;3,4,13,18,16;1,23,24,4,12,18;0,25,2,7,20;5,19,6,17,21;3,22,8,25,18,12;6,8,9,21,15;0,1,13,12,16,25;5,10,22,6,15;0,1,23,7,14;5,15,17,9,6,26;2,11,3,16,8,10,19,6,25;1,13,24,7,20;2,11,4,13,23,7;0,14,2,22,6,9,8,16,18;5,10,8,6,21
rp2_c33_w2_t1575 27 1,20,14,25,18;0,20,23,13,18;7,24,11,22,25,14;4,12,16,22,11;3,12,13,24,11;10,19,15,21,26;9,25,22,19,15,17,26,21;2,24,23,20,14;9,17,26,10,22,16,25;6,25,8,17,21;5,19,22,8,26;2,24,4,3,22;3,4,13,18,16;1,23,24,4,12,18;0,25,2,7,20;5,19,6,17,21;3,22,8,25,18,12;6,26,8,9,21,15;0,1,13,12,16,25;5,10,22,6,15;0,1,23,7,14;5,15,17,9,6,26;2,11,3,16,8,10,19,6,25;1,13,24,7,20;2,11,4,13,23,7;0,14,2,22,6,9,8,16,18;5,10,8,17,6,21
rp2_c33_w2_t1577 27 1,20,14,25,18;0,20,23,13,18;7,24,11,22,25,14;4,12,16,22,11;3,12,13,24,11;10,19,15,21,26;9,25,22,19,15,17,26;2,24,23,20,14;9,17,26,10,22,16,25;6,25,8,17,21,26;5,19,22,8,26;2,24,4,3,22;3,4,13,18,16;1,23,24,4,12,18;0,25,2,7,20;5,19,6,17,21;3,22,8,25,18,12;6,26,8,9,21,15;0,1,13,12,16,25;5,10,22,6,15;0,1,23,7,14;5,15,17,9,26;2,11,3,16,8,10,19,6,25;1,13,24,7,20;2,11,4,13,23,7;0,14,2,22,6,9,8,16,18;5,10,8,17,6,9,21
rp2_c33_w2_t1583 27 1,20,14,25,18;0,20,23,13,18;7,24,11,22,25,14;4,12,16,22,11;3,12,13,24,11;10,19,15,21,26;9,25,22,19,15,17,26;2,24,23,20,14;9,21,17,26,10,22,16,25;6,25,8,21,26;5,19,22,8,26;2,24,4,3,22;3,4,13,18,16;1,23,24,4,12,18;0,25,2,7,20;5,19,6,17,21;3,22,8,25,18,12;6,26,8,21,15;0,1,13,12,16,25;5,10,22,6,15;0,1,23,7,14;5,15,17,8,9,26;2,11,3,16,8,10,19,6,25;1,13,24,7,20;2,11,4,13,23,7;0,14,2,22,6,9,8,16,18;5,10,8,17,6,9,21
rp2_c33_w2_t1591 27 1,20,14,25,18;0,20,23,13,18;7,24,11,22,25,14;4,12,16,22,11;3,12,13,24,11;10,19,15,21,26;9,25,22,19,15,17,26;2,24,23,20,14;9,16,22,10,26,17,21;6,25,16,8,21,26;5,19,22,8,26;2,24,4,3,22;3,4,13,18,16;1,23,24,4,12,18;0,25,2,7,20;5,19,6,17,21;3,22,8,9,25,18,12;6,26,8,21,15;0,1,13,12,16,25;5,10,22,6,15;0,1,23,7,14;5,15,17,8,9,26;2,11,3,16,8,10,19,6,25;1,13,24,7,20;2,11,4,13,23,7;0,14,2,22,6,9,16,18;5,10,8,17,6,9,21
rp2_c33_w2_t1592 27 1,20,14,25,18;0,20,23,13,18;7,24,11,22,25,14;4,12,16,22,11;3,12,13,24,11;10,19,15,21,26;9,25,22,19,15,17,26;2,24,23,20,14;9,16,22,10,17,21;6,25,16,8,21,26;5,19,22,8,17,26;2,24,4,3,22;3,4,13,18,16;1,23,24,4,12,18;0,25,2,7,20;5,19,6,17,21;3,22,8,9,25,18,12;6,26,10,8,21,15;0,1,13,12,16,25;5,10,22,6,15;0,1,23,7,14;5,15,17,8,9,26;2,11,3,16,8,10,19,6,25;1,13,24,7,20;2,11,4,13,23,7;0,14,2,22,6,9,16,18;5,10,17,6,9,21
rp2_c33_w2_t1596 27 1,20,14,25,18;0,20,23,13,18;7,24,11,22,25,14;4,12,16,22,11;3,12,13,24,11;10,19,15,21,26;15,19,22,25,26,17;2,24,23,20,14;9,16,22,10,17,21;8,16,25,26,21;5,19,22,8,17,26;2,24,4,3,22;3,4,13,18,16;1,23,24,4,12,18;0,25,2,7,20;5,19,6,17,21;3,22,8,9,25,18,12;6,26,10,8,21,15;0,1,13,12,16,25;5,10,22,6,15;0,1,23,7,14;5,15,17,8,9,26;2,11,3,16,8,10,19,6,25;1,13,24,7,20;2,11,4,13,23,7;0,14,2,22,6,26,9,16,18;5,10,17,6,25,9,21
rp2_c33_w2_t1604 27 1,20,14,25,18;0,20,23,13,18;7,24,11,22,25,14;4,12,16,22,11;3,12,13,24,11;10,19,15,21,26;15,19,22,25,17;2,24,23,20,14;9,16,22,10,17,21;8,16,25,26,21;5,19,22,8,17,26;2,24,4,3,22;3,4,13,18,16;1,23,24,4,12,18;0,25,2,7,20;5,19,6,17,21;3,22,8,9,25,18,12;6,25,26,10,8,21,15;0,1,13,12,16,25;5,10,22,6,15;0,1,23,7,14;5,15,17,8,9,26;2,11,3,16,8,10,19,6,25;1,13,24,7,20;2,11,4,13,23,7;0,14,2,22,6,17,26,9,16,18;5,10,17,25,9,21
rp2_c33_w2_t1606 27 1,20,14,25,18;0,20,23,13,18;7,24,11,22,25,14;4,12,16,22,11;3,12,13,24,11;9,21,15,19,10,26;15,19,22,25,17;2,24,23,20,14;9,16,22,10,17,21;5,21,8,16,25,26;5,19,22,8,17,26;2,24,4,3,22;3,4,13,18,16;1,23,24,4,12,18;0,25,2,7,20;5,19,6,17,21;3,22,8,9,25,18,12;6,25,26,10,8,21,15;0,1,13,12,16,25;5,10,22,6,15;0,1,23,7,14;5,15,17,8,9;2,11,3,16,8,10,19,6,25;1,13,24,7,20;2,11,4,13,23,7;0,14,2,22,6,17,26,9,16,18;5,10,17,25,9
rp2_c33_w2_t1618 27 1,20,14,25,18;0,20,23,13,18;7,24,11,22,25,14;4,12,16,22,11;3,12,13,24,11;9,21,15,19,10,26;15,19,22,25,17;2,24,23,20,14;9,16,22,10,21;5,21,8,16,25,26;5,19,22,8,21,17,26;2,24,4,3,22;3,4,13,18,16;1,23,24,4,12,18;0,25,2,7,20;5,19,6,17,21;3,22,8,9,25,18,12;6,25,26,10,21,15;0,1,13,12,16,25;5,10,22,6,15;0,1,23,7,14;5,15,17,10,8,9;2,11,3,16,8,10,19,6,25;1,13,24,7,20;2,11,4,13,23,7;0,14,2,22,6,17,26,9,16,18;5,10,17,25,9
rp2_c33_w2_t1630 27 1,20,14,25,18;0,20,23,13,18;7,24,11,22,25,14;4,12,16,22,11;3,12,13,24,11;9,21,15,19,10,26;15,19,22,25,26,17;2,24,23,20,14;9,16,22,10,21;5,21,8,16,25,26;5,19,22,8,21,17,26;2,24,4,3,22;3,4,13,18,16;1,23,24,4,12,18;0,25,2,7,20;5,19,6,17,21;3,22,8,9,25,18,12;6,26,10,21,15;0,1,13,12,16,25;5,10,22,6,15;0,1,23,7,14;5,15,17,10,8,9;2,11,3,16,8,10,19,6,25;1,13,24,7,20;2,11,4,13,23,7;0,14,2,22,6,26,9,16,18;5,10,17,6,25,9
rp2_c33_w2_t1638 27 1,20,14,25,18;0,20,23,13,18;7,24,11,22,25,14;4,12,16,22,11;3,12,13,24,11;9,21,15,19,26;15,19,22,25,26,17;2,24,23,20,14;9,16,22,10,21;5,21,8,16,25,26;8,22,19,26,17,21;2,24,4,3,22;3,4,13,18,16;1,23,24,4,12,18;0,25,2,7,20;5,19,6,17,21;3,22,8,9,25,18,12;6,26,10,21,15;0,1,13,12,16,25;5,26,10,22,6,15;0,1,23,7,14;5,15,17,10,8,9;2,11,3,16,8,10,19,6,25;1,13,24,7,20;2,11,4,13,23,7;0,14,2,22,6,26,9,16,18;5,19,10,17,6,25,9
rp2_c33_w2_t1646 27 1,20,14,25,18;0,20,23,13,18;7,24,11,22,25,14;4,12,16,22,11;3,12,13,24,11;9,21,15,19,26;15,22,25,26,17;2,24,23,20,14;9,16,22,10,21;5,21,8,16,25,26;8,22,19,26,17,21;2,24,4,3,22;3,4,13,18,16;1,23,24,4,12,18;0,25,2,7,20;5,19,22,6,17,21;3,22,8,9,25,18,12;6,26,10,21,15;0,1,13,12,16,25;5,26,10,22,15;0,1,23,7,14;5,15,17,10,8,9;2,11,3,16,8,10,19,15,6,25;1,13,24,7,20;2,11,4,13,23,7;0,14,2,22,6,26,9,16,18;5,19,10,17,6,25,9
rp2_c33_w2_t1648 27 1,20,14,25,18;0,20,23,13,18;7,24,11,22,25,14;4,12,16,22,11;3,12,13,24,11;9,21,15,19,26;15,22,25,26,17;2,24,23,20,14;9,16,22,19,10,21;5,21,8,16,25,26;8,19,26,17,21;2,24,4,3,22;3,4,13,18,16;1,23,24,4,12,18;0,25,2,7,20;5,19,22,6,17,21;3,22,8,9,25,18,12;6,26,10,21,15;0,1,13,12,16,25;5,26,10,8,22,15;0,1,23,7,14;5,15,17,10,8,9;2,11,3,16,8,19,15,6,25;1,13,24,7,20;2,11,4,13,23,7;0,14,2,22,6,26,9,16,18;5,19,10,17,6,25,9
rp2_c33_w2_t1652 27 1,20,14,25,18;0,20,23,13,18;7,24,11,22,25,14;4,12,16,22,11;3,12,13,24,11;9,21,15,19,26;15,22,25,26,17;2,24,23,20,14;9,16,22,15,19,10,21;5,21,8,16,25,26;8,19,26,17,21;2,24,4,3,22;3,4,13,18,16;1,23,24,4,12,18;0,25,2,7,20;5,19,8,22,6,17,21;3,22,8,9,25,18,12;6,26,10,21,15;0,1,13,12,16,25;5,26,10,8,15;0,1,23,7,14;5,15,17,10,8,9;2,11,3,16,8,15,6,25;1,13,24,7,20;2,11,4,13,23,7;0,14,2,22,6,26,9,16,18;5,19,10,17,6,25,9
rp2_c33_w2_t1655 27 1,20,14,25,18;0,20,23,13,18;6,22,11,24,7,14,25;4,12,16,22,11;3,12,13,24,11;9,21,15,19,26;2,22,15,17,26,25;2,24,23,20,14;9,16,22,15,19,10,21;5,21,8,16,25,26;8,19,26,17,21;2,24,4,3,22;3,4,13,18,16;1,23,24,4,12,18;0,25,2,7,20;5,19,8,22,6,17,21;3,22,8,9,25,18,12;6,26,10,21,15;0,1,13,12,16,25;5,26,10,8,15;0,1,23,7,14;5,15,17,10,8,9;2,11,3,16,8,15,6;1,13,24,7,20;2,11,4,13,23,7;0,14,2,6,26,9,16,18;5,19,10,17,6,25,9
rp2_c33_w2_t1656 27 1,20,14,25,18;0,20,23,13,18;7,24,11,22,25,14;4,12,16,22,11;3,12,13,24,11;9,21,15,19,26;15,22,25,26,17;2,24,23,20,14;9,16,22,15,19,10,21;5,21,8,16,18,25,26;8,19,26,17,21;2,24,4,3,22;3,4,13,18,16;1,23,24,4,12,18;0,25,2,7,20;5,19,8,22,6,17,21;3,22,8,9,18,12;6,26,10,21,15;0,1,13,12,16,9,25;5,26,10,8,15;0,1,23,7,14;5,15,17,10,8,9;2,11,3,16,8,15,6,25;1,13,24,7,20;2,11,4,13,23,7;0,14,2,22,6,26,9,18;5,19,10,17,6,25,9
rp2_c33_w2_t1664 27 1,20,14,25,18;0,20,23,13,18;7,24,11,22,25,14;4,12,16,22,11;3,12,13,24,11;9,21,15,19,26;15,22,25,26,17;2,24,23,20,14;9,22,15,19,10,21;5,21,8,22,16,25,26;8,19,26,17,21;2,24,4,3,22;3,4,13,18,16;1,23,24,4,12,18;0,25,2,7,20;5,19,8,22,6,17,21;3,22,9,25,18,12;6,26,10,21,15;0,1,13,12,16,25;5,26,10,8,15;0,1,23,7,14;5,15,17,10,8,9;2,11,3,16,9,8,15,6,25;1,13,24,7,20;2,11,4,13,23,7;0,14,2,22,6,26,9,16,18;5,19,10,17,6,25,9
rp2_c33_w2_t1669 27 1,20,14,25,18;0,20,23,13,18;7,24,11,22,25,14;4,12,16,22,11;3,12,13,24,11;9,21,15,19,26;15,22,25,26,17;2,24,23,20,14;10,19,15,22,21;5,21,22,16,25,26;8,19,26,17,21;2,24,4,3,22;3,4,13,18,16;1,23,24,4,12,18;0,25,2,7,20;5,19,8,22,6,17,21;3,22,9,25,18,12;6,26,10,21,15;0,1,13,12,16,25;5,26,10,8,15;0,1,23,7,14;5,15,17,10,8,22,9;2,11,3,16,9,21,8,15,6,25;1,13,24,7,20;2,11,4,13,23,7;0,14,2,22,6,26,9,16,18;5,19,10,17,6,25,9
rp2_c33_w2_t1673 27 1,20,14,25,18;0,20,23,13,18;7,24,11,22,25,14;4,12,16,22,11;3,12,13,24,11;9,21,15,19,26;15,22,25,26,17;2,24,23,20,14;10,19,15,22,21;5,21,22,16,26;8,19,26,17,21;2,24,4,3,22;3,4,13,18,16;1,23,24,4,12,18;0,25,2,7,20;5,19,8,22,6,17,21;3,22,9,26,25,18,12;6,26,10,21,15;0,1,13,12,16,25;5,26,10,8,15;0,1,23,7,14;5,15,17,10,8,22,9;2,11,3,16,9,21,8,15,6,25;1,13,24,7,20;2,11,4,13,23,7;0,14,2,22,6,26,16,18;5,19,10,17,6,25,16,9
rp2_c33_w2_t1693 27 1,20,14,25,18;0,20,23,13,18;6,22,11,24,7,14,25;4,12,16,22,11;3,12,13,24,11;9,21,15,19,26;2,22,15,17,26,25;2,24,23,20,14;10,19,15,22,21;5,21,22,16,26;8,19,26,17,21;2,24,4,3,22;3,4,13,18,16;1,23,24,4,12,18;0,25,2,7,20;5,19,8,22,6,17,21;3,22,9,26,25,18,12;6,26,10,21,15;0,1,13,12,16,25;5,26,10,8,15;0,1,23,7,14;5,15,17,10,8,22,9;2,11,3,16,9,21,8,15,6;1,13,24,7,20;2,11,4,13,23,7;0,14,2,6,26,16,18;5,19,10,17,6,25,16,9
rp2_c33_w2_t1701 27 1,20,14,25,18;0,20,23,13,18;7,24,11,22,25,14;4,12,16,22,11;3,12,13,24,11;9,21,15,19,26;15,22,25,26,17;2,24,23,20,14;10,19,15,22,21;5,21,22,16,26;8,19,26,17,21;2,24,4,3,22;3,4,13,18,16;1,23,24,4,12,18;0,25,2,7,20;5,19,8,22,6,17,21;3,22,9,26,18,12;6,26,10,21,15;0,1,13,12,16,26,25;5,26,10,8,15;0,1,23,7,14;5,15,17,10,8,22,9;2,11,3,16,9,21,8,15,6,25;1,13,24,7,20;2,11,4,13,23,7;0,14,2,22,6,26,18;5,19,10,17,6,25,18,16,9
rp2_c33_w2_t1722 27 1,20,14,25,18;0,20,23,13,18;7,24,11,22,25,14;4,12,16,22,11;3,12,13,24,11;9,21,17,15,19,26;15,22,25,26,17;2,24,23,20,14;10,19,15,22,21;5,21,22,16,26;8,19,26,17,21;2,24,4,3,22;3,4,13,18,16;1,23,24,4,12,18;0,25,2,7,20;5,19,8,22,6,17;3,22,9,26,25,18,12;5,15,6,26,10,21;0,1,13,12,16,25;5,26,10,8,15;0,1,23,7,14;5,17,10,8,22,9;2,11,3,16,9,21,8,15,6,25;1,13,24,7,20;2,11,4,13,23,7;0,14,2,22,6,26,16,18;5,19,10,17,6,25,16,9
rp2_c33_w2_t1731 27 1,20,14,25,18;0,20,23,13,18;7,24,11,22,25,14;4,12,16,22,11;3,12,13,24,11;9,17,15,19,26;15,22,25,26,17;2,24,23,20,14;10,19,15,22,21;5,17,21,22,16,26;8,19,26,17,21;2,24,4,3,22;3,4,13,18,16;1,23,24,4,12,18;0,25,2,7,20;5,19,8,22,6,17;3,22,9,26,25,18,12;5,15,6,26,10,21,9;0,1,13,12,16,25;5,26,10,8,15;0,1,23,7,14;8,22,9,17,10;2,11,3,16,9,21,8,15,6,25;1,13,24,7,20;2,11,4,13,23,7;0,14,2,22,6,26,16,18;5,19,10,17,6,25,16,9
rp2_c33_w2_t1740 27 1,20,14,25,18;0,20,23,13,18;7,24,11,22,25,14;4,12,16,22,11;3,12,13,24,11;9,16,26,19,15,17;15,22,25,26,17;2,24,23,20,14;10,19,15,22,21;5,16,22,21,17;8,19,26,17,21;2,24,4,3,22;3,4,13,18,16;1,23,24,4,12,18;0,25,2,7,20;5,19,8,22,6,17;3,22,9,5,26,25,18,12;5,15,6,26,10,21,9;0,1,13,12,16,25;5,26,10,8,15;0,1,23,7,14;8,22,9,17,10;2,11,3,16,9,21,8,15,6,25;1,13,24,7,20;2,11,4,13,23,7;0,14,2,22,6,26,16,18;5,19,10,17,6,25,16
rp2_c33_w2_t1749 27 1,20,14,25,18;0,20,23,13,18;7,24,11,22,25,14;4,12,16,22,11;3,12,13,24,11;9,16,26,19,15,17;15,22,25,16,26,17;2,24,23,20,14;10,19,15,22,21;5,16,22,21,17;8,19,26,17,21;2,24,4,3,22;3,4,13,18,16;1,23,24,4,12,18;0,25,2,7,20;5,19,8,22,6,17;3,22,9,5,26,6,25,18,12;5,15,6,26,10,21,9;0,1,13,12,16,25;5,26,10,8,15;0,1,23,7,14;8,22,9,17,10;2,11,3,16,9,21,8,15,6,25;1,13,24,7,20;2,11,4,13,23,7;0,14,2,22,6,16,18;5,19,10,17,6,16
rp2_c33_w2_t1768 27 1,20,14,25,18;0,20,23,13,18;7,24,11,22,25,14;4,12,16,22,11;3,12,13,24,11;9,16,26,19,15,17;10,17,15,22,25,16,26;2,24,23,20,14;10,19,15,22,21;5,16,22,21,17;6,17,21,8,19,26;2,24,4,3,22;3,4,13,18,16;1,23,24,4,12,18;0,25,2,7,20;5,19,8,22,6,17;3,22,9,5,26,6,25,18,12;5,15,6,10,21,9;0,1,13,12,16,25;5,26,10,8,15;0,1,23,7,14;8,22,9,17,10;2,11,3,16,9,21,8,15,6,25;1,13,24,7,20;2,11,4,13,23,7;0,14,2,22,6,16,18;5,19,10,6,16
rp2_c33_w2_t1781 27 1,20,14,25,18;0,20,23,13,18;7,24,11,22,25,14;4,12,16,22,11;3,12,13,24,11;6,15,19,26,16,9,17;5,15,22,25,16,26,10,17;2,24,23,20,14;10,19,15,22,21;5,16,22,21,17;6,17,21,8,19,26;2,24,4,3,22;3,4,13,18,16;1,23,24,4,12,18;0,25,2,7,20;5,19,8,22,6;3,22,9,5,26,6,25,18,12;5,9,21,10,6;0,1,13,12,16,25;5,26,10,8,15;0,1,23,7,14;8,22,9,17,10;2,11,3,16,9,21,8,15,6,25;1,13,24,7,20;2,11,4,13,23,7;0,14,2,22,6,16,18;5,19,10,6,16
rp2_c33_w2_t1791 27 1,20,14,25,18;0,20,23,13,18;7,24,11,22,25,14;4,12,16,22,11;3,12,13,24,11;6,15,19,26,9,17;5,15,22,25,16,26,10,17;2,24,23,20,14;10,19,15,22,21;5,26,16,22,21,17;6,17,21,8,19,26;2,24,4,3,22;3,4,13,18,16;1,23,24,4,12,18;0,25,2,7,20;5,19,8,22,6;3,22,9,26,6,25,18,12;5,9,21,10,6;0,1,13,12,16,25;5,26,10,8,15;0,1,23,7,14;8,22,9,17,10;2,11,3,16,9,21,8,15,6,25;1,13,24,7,20;2,11,4,13,23,7;0,14,2,22,6,16,18;5,19,10,6,16,9
rp2_c33_w2_t1794 27 1,20,14,25,18;0,20,23,13,18;7,24,11,22,25,14;4,12,16,22,11;3,12,13,24,11;6,15,19,26,9,17;5,15,22,25,16,10,17;2,24,23,20,14;10,19,15,22,21;5,26,16,22,21,17;6,17,21,8,19,26,16;2,24,4,3,22;3,4,13,18,16;1,23,24,4,12,18;0,25,2,7,20;5,19,8,22,6;3,22,9,26,10,6,25,18,12;5,9,21,10,6;0,1,13,12,16,25;5,26,10,8,15;0,1,23,7,14;8,22,9,17,10;2,11,3,16,9,21,8,15,6,25;1,13,24,7,20;2,11,4,13,23,7;0,14,2,22,6,16,18;5,19,10,16,9
rp2_c33_w2_t1795 27 1,20,14,25,18;0,20,23,13,18;7,24,11,22,25,14;4,12,16,22,11;3,12,13,24,11;6,15,19,26,17;5,15,22,25,16,10,17;2,24,23,20,14;10,19,15,22,21;16,22,21,17,26;6,17,21,8,19,26,16;2,24,4,3,22;3,4,13,18,16;1,23,24,4,12,18;0,25,2,7,20;5,19,8,22,6;3,22,9,26,10,6,25,18,12;5,26,9,21,10,6;0,1,13,12,16,25;5,26,10,8,15;0,1,23,7,14;8,22,9,17,10;2,11,3,16,9,21,8,15,6,25;1,13,24,7,20;2,11,4,13,23,7;0,14,2,22,6,16,18;5,19,10,16,9,17
rp2_c33_w2_t1801 27 1,20,14,25,18;0,20,23,13,18;7,24,11,22,25,14;4,12,16,22,11;3,12,13,24,11;6,10,17,26,19,15;5,10,16,25,22,15;2,24,23,20,14;10,19,15,22,21;16,22,21,17,26;5,6,16,26,19,8,21,17;2,24,4,3,22;3,4,13,18,16;1,23,24,4,12,18;0,25,2,7,20;5,19,8,22,6;3,22,9,26,10,6,25,18,12;5,26,9,21,10;0,1,13,12,16,25;5,26,10,8,15;0,1,23,7,14;8,22,9,17,10;2,11,3,16,9,21,8,15,6,25;1,13,24,7,20;2,11,4,13,23,7;0,14,2,22,6,16,18;5,19,10,16,9,17
rp2_c33_w2_t1803 27 1,20,14,25,18;0,20,23,13,18;7,24,11,22,25,14;4,12,16,22,11;3,12,13,24,11;6,17,26,19,15;5,17,10,16,25,22,15;2,24,23,20,14;10,19,15,22,21;16,22,21,17,26;6,17,21,8,19,26,16;2,24,4,3,22;3,4,13,18,16;1,23,24,4,12,18;0,25,2,7,20;5,19,8,22,6;3,22,9,26,10,6,25,18,12;5,6,10,21,9,26;0,1,13,12,16,25;5,26,10,8,15;0,1,23,7,14;8,22,9,17,10;2,11,3,16,9,21,8,15,6,25;1,13,24,7,20;2,11,4,13,23,7;0,14,2,22,6,16,18;5,19,10,16,9,17
rp2_c33_w2_t1806 27 1,20,14,25,18;0,20,23,13,18;7,24,11,22,25,14;4,12,16,22,11;3,12,13,24,11;6,17,26,19,15;5,17,10,16,25,22,15;2,24,23,20,14;10,19,15,22,21;16,22,21,17,26;6,17,21,8,19,16;2,24,4,3,22;3,4,13,18,16;1,23,24,4,12,18;0,25,2,7,20;5,19,8,22,6;3,22,9,26,19,10,6,25,18,12;5,6,10,21,9,26;0,1,13,12,16,25;5,26,16,10,8,15;0,1,23,7,14;8,22,9,17,10;2,11,3,16,9,21,8,15,6,25;1,13,24,7,20;2,11,4,13,23,7;0,14,2,22,6,16,18;5,19,16,9,17
rp2_c33_w2_t1835 27 1,20,14,25,18;0,20,23,13,18;7,24,11,22,25,14;4,12,16,22,11;3,12,13,24,11;6,10,17,19,15;5,10,16,25,22,15;2,24,23,20,14;10,19,15,22,21;16,22,21,17,26;5,6,16,26,19,8,21,17;2,24,4,3,22;3,4,13,18,16;1,23,24,4,12,18;0,25,2,7,20;5,19,8,22,6;3,22,9,26,10,6,25,18,12;5,19,26,9,21,10;0,1,13,12,16,25;5,17,26,10,8,15;0,1,23,7,14;8,22,9,17,10;2,11,3,16,9,21,8,15,6,25;1,13,24,7,20;2,11,4,13,23,7;0,14,2,22,6,16,18;9,17,19,10,16
rp2_c33_w2_t1841 27 1,20,14,25,18;0,20,23,13,18;7,24,11,22,25,14;4,12,16,22,11;3,12,13,24,11;6,10,17,19,15;5,10,26,16,25,22,15;2,24,23,20,14;10,19,15,22,21;16,22,21,17,26;5,6,26,19,8,21,17;2,24,4,3,22;3,4,13,18,16;1,23,24,4,12,18;0,25,2,7,20;5,19,8,22,6;3,22,9,26,6,25,18,12;5,19,26,9,21,10;0,1,13,12,16,25;5,17,26,10,8,15;0,1,23,7,14;8,22,9,17,10;2,11,3,16,9,21,8,15,6,25;1,13,24,7,20;2,11,4,13,23,7;0,14,2,22,6,16,18;6,10,19,17,9,16
rp2_c33_w2_t1858 27 1,20,14,25,18;0,20,23,13,18;7,24,11,22,25,14;4,12,16,22,11;3,12,13,24,11;6,10,17,19,15;5,10,26,25,22,15;2,24,23,20,14;10,19,15,22,21;16,22,21,17,26;5,6,26,19,8,21,17;2,24,4,3,22;3,4,13,18,16;1,23,24,4,12,18;0,25,2,7,20;5,19,8,22,6;3,22,9,26,25,18,12;5,19,26,9,21,10;0,1,13,12,16,25;5,17,26,10,8,15;0,1,23,7,14;8,22,9,17,10;2,11,3,16,9,21,8,15,6,25;1,13,24,7,20;2,11,4,13,23,7;0,14,2,22,6,26,16,18;6,10,19,17,9,16,25
rp2_c33_w2_t1861 27 1,20,14,25,18;0,20,23,13,18;7,24,11,22,25,14;4,12,16,22,11;3,12,13,24,11;6,10,17,19,15;5,10,19,26,25,22,15;2,24,23,20,14;10,19,15,22,21;16,22,21,17,26;5,6,19,8,21,17;2,24,4,3,22;3,4,13,18,16;1,23,24,4,12,18;0,25,2,7,20;5,19,8,22,6;3,22,9,26,25,18,12;5,19,26,9,21,10;0,1,13,12,16,25;5,17,26,6,10,8,15;0,1,23,7,14;8,22,9,17,10;2,11,3,16,9,21,8,15,6,25;1,13,24,7,20;2,11,4,13,23,7;0,14,2,22,6,26,16,18;6,25,16,9,17,19
rp2_c33_w2_t1862 27 1,20,14,25,18;0,20,23,13,18;7,24,11,22,25,14;4,12,16,22,11;3,12,13,24,11;6,10,17,26,19,15;5,10,19,26,25,22,15;2,24,23,20,14;10,19,15,22,21;16,22,21,17,26;5,6,19,8,21,17;2,24,4,3,22;3,4,13,18,16;1,23,24,4,12,18;0,25,2,7,20;5,19,8,22,6;3,22,9,26,25,18,12;5,26,9,21,10;0,1,13,12,16,25;5,15,8,10,6,26;0,1,23,7,14;8,22,9,17,10;2,11,3,16,9,21,8,15,6,25;1,13,24,7,20;2,11,4,13,23,7;0,14,2,22,6,26,16,18;5,17,9,16,25,6,19
rp2_c33_w2_t1870 27 1,20,14,25,18;0,20,23,13,18;7,24,11,22,25,14;4,12,16,22,11;3,12,13,24,11;6,10,17,19,15;5,10,19,26,25,15;2,24,23,20,14;10,19,15,22,21;16,22,21,17,26;5,6,19,8,21,17;2,24,4,3,22;3,4,13,18,16;1,23,24,4,12,18;0,25,2,7,20;5,19,8,22,25,6;3,22,9,26,25,18,12;5,19,26,9,21,10;0,1,13,12,16,25;5,17,26,6,10,8,15;0,1,23,7,14;8,22,9,17,10;2,11,3,16,9,21,8,15,25;1,13,24,7,20;2,11,4,13,23,7;0,14,2,22,15,6,26,16,18;6,25,16,9,17,19
rp2_c33_w2_t1876 27 1,20,14,25,18;0,20,23,13,18;7,24,11,22,25,14;4,12,16,22,11;3,12,13,24,11;6,10,21,17,19,15;5,10,19,26,25,15;2,24,23,20,14;10,19,15,22,21;16,22,21,17,26;5,6,19,8,21;2,24,4,3,22;3,4,13,18,16;1,23,24,4,12,18;0,25,2,7,20;5,19,8,22,25,6;3,22,9,26,25,18,12;5,19,26,9,21;0,1,13,12,16,25;5,17,26,6,10,8,15;0,1,23,7,14;5,10,8,22,9,17;2,11,3,16,9,21,8,15,25;1,13,24,7,20;2,11,4,13,23,7;0,14,2,22,15,6,26,16,18;6,25,16,9,17,19
rp2_c33_w2_t1893 27 1,20,14,25,18;0,20,23,13,18;7,24,11,22,25,14;4,12,16,22,11;3,12,13,24,11;6,10,17,19,15;5,10,19,26,25,15;2,24,23,20,14;10,19,15,22,21;16,22,21,17,19,26;5,6,19,8,21,17;2,24,4,3,22;3,4,13,18,16;1,23,24,4,12,18;0,25,2,7,20;5,19,8,22,25,6;3,22,9,26,25,18,12;5,19,9,21,10;0,1,13,12,16,25;5,17,9,26,6,10,8,15;0,1,23,7,14;8,22,9,17,10;2,11,3,16,9,21,8,15,25;1,13,24,7,20;2,11,4,13,23,7;0,14,2,22,15,6,26,16,18;6,25,16,9,19
rp2_c33_w2_t1912 27 1,20,14,25,18;0,20,23,13,18;7,24,11,22,25,14;4,12,16,22,11;3,12,13,24,11;6,10,17,19,15;5,10,19,26,15;2,24,23,20,14;10,19,15,22,21;16,22,21,17,19,26;5,6,19,8,21,17;2,24,4,3,22;3,4,13,18,16;1,23,24,4,12,18;0,25,2,7,20;5,19,8,22,25,26,6;3,22,9,26,25,18,12;5,19,9,21,10;0,1,13,12,16,25;5,17,9,26,6,10,8,15;0,1,23,7,14;8,22,9,17,10;2,11,3,16,9,21,8,15,25;1,13,24,7,20;2,11,4,13,23,7;0,14,2,22,15,26,16,18;6,15,25,16,9,19
rp2_c33_w2_t1919 27 1,20,14,25,18;0,20,23,13,18;7,24,11,22,25,14;4,12,16,22,11;3,12,13,24,11;6,10,17,19,15;5,10,19,26,15;2,24,23,20,14;10,19,15,25,22,21;16,22,21,17,19,26;5,6,19,8,21,17;2,24,4,3,22;3,4,13,18,16;1,23,24,4,12,18;0,25,2,7,20;5,19,8,25,26,6;3,22,9,26,25,18,12;5,19,9,21,10;0,1,13,12,16,25;5,17,9,26,6,10,8,15;0,1,23,7,14;8,22,9,17,10;2,11,3,16,9,21,8,25;1,13,24,7,20;2,11,4,13,23,7;0,14,2,22,8,15,26,16,18;6,15,25,16,9,19
rp2_c33_w2_t1933 27 1,20,14,25,18;0,20,23,13,18;7,24,11,22,25,14;4,12,16,22,11;3,12,13,24,11;6,10,17,19,15;5,10,19,26,15;2,24,23,20,14;10,19,15,25,22,21;16,21,17,19,26;5,6,19,8,21,17;2,24,4,3,22;3,4,13,18,16;1,23,24,4,12,18;0,25,2,7,20;5,19,8,25,26,6;3,22,21,9,26,25,18,12;5,19,9,21,10;0,1,13,12,16,25;5,17,9,26,6,10,8,15;0,1,23,7,14;8,22,16,9,17,10;2,11,3,16,21,8,25;1,13,24,7,20;2,11,4,13,23,7;0,14,2,22,8,15,26,16,18;6,15,25,16,9,19
rp2_c33_w2_t1936 27 1,20,14,25,18;0,20,23,13,18;7,24,11,22,25,14;4,12,16,22,11;3,12,13,24,11;6,10,17,19,8,15;5,10,19,26,15;2,24,23,20,14;5,15,25,22,21,10,19;16,21,17,19,26;5,6,19,8,21,17;2,24,4,3,22;3,4,13,18,16;1,23,24,4,12,18;0,25,2,7,20;5,8,25,26,6;3,22,21,9,26,25,18,12;5,19,9,21,10;0,1,13,12,16,25;5,17,9,26,6,10,8;0,1,23,7,14;8,22,16,9,17,10;2,11,3,16,21,8,25;1,13,24,7,20;2,11,4,13,23,7;0,14,2,22,8,15,26,16,18;6,15,25,16,9,19
rp2_c33_w2_t1939 27 1,20,14,25,18;0,20,23,13,18;7,24,11,22,25,14;4,12,16,21,22,11;3,12,13,24,11;6,10,17,19,8,15;5,10,19,26,15;2,24,23,20,14;5,15,25,22,21,10,19;16,21,17,19,26;5,6,19,8,21,17;2,24,4,3,22;3,4,13,18,16;1,23,24,4,12,18;0,25,2,7,20;5,8,25,26,6;3,21,9,26,25,18,12;5,19,9,21,10;0,1,13,12,16,25;5,17,9,26,6,10,8;0,1,23,7,14;3,16,9,17,10,8,22;2,11,3,21,8,25;1,13,24,7,20;2,11,4,13,23,7;0,14,2,22,8,15,26,16,18;6,15,25,16,9,19
rp2_c33_w2_t1943 27 1,20,14,25,18;0,20,23,13,18;7,24,11,22,25,14;4,12,16,22,11;3,12,13,24,11;6,10,17,19,8,15;5,10,19,26,15;2,24,23,20,14;5,15,25,22,21,10,19;16,21,17,19,26,25;5,6,19,8,21,17;2,24,4,3,22;3,4,13,18,16;1,23,24,4,12,18;0,25,2,7,20;5,8,25,26,6;3,22,21,9,25,18,12;5,19,9,21,10;0,1,13,12,16,25;5,17,9,26,6,10,8;0,1,23,7,14;8,22,16,9,17,10;2,11,3,16,21,8,25;1,13,24,7,20;2,11,4,13,23,7;0,14,2,22,8,15,26,9,16,18;6,15,25,9,19
rp2_c33_w2_t1949 27 1,20,14,25,18;0,20,23,13,18;7,24,11,22,25,14;4,12,16,22,11;3,12,13,24,11;6,10,17,19,8,15;5,10,19,26,15;2,24,23,20,14;5,15,25,22,21,10,19;16,17,19,26,25;5,6,19,8,21,17;2,24,4,3,22;3,4,13,18,16;1,23,24,4,12,18;0,25,2,7,20;5,8,25,26,6;3,22,21,17,9,25,18,12;5,19,9,16,21,10;0,1,13,12,16,25;5,17,9,26,6,10,8;0,1,23,7,14;8,22,16,17,10;2,11,3,16,21,8,25;1,13,24,7,20;2,11,4,13,23,7;0,14,2,22,8,15,26,9,16,18;6,15,25,9,19
rp2_c33_w2_t1954 27 1,20,14,25,18;0,20,23,13,18;7,24,11,22,25,14;4,12,16,22,11;3,12,13,24,11;6,10,17,19,15;5,10,19,26,15;2,24,23,20,14;10,19,15,25,22,21;16,17,19,26,25;5,6,19,8,21,17;2,24,4,3,22;3,4,13,18,16;1,23,24,4,12,18;0,25,2,7,20;5,19,8,25,26,6;3,22,21,17,9,25,18,12;5,19,9,16,21,10;0,1,13,12,16,25;5,17,9,26,6,10,8,15;0,1,23,7,14;8,22,16,17,10;2,11,3,16,21,8,25;1,13,24,7,20;2,11,4,13,23,7;0,14,2,22,8,15,26,9,16,18;6,15,25,9,19
rp2_c33_w2_t1964 27 1,20,14,25,18;0,20,23,13,18;7,24,11,22,8,25,14;4,12,16,22,11;3,12,13,24,11;6,10,17,19,15;5,10,19,26,15;2,24,23,20,14;2,22,21,10,19,15,25;16,17,19,26,25;5,6,19,8,21,17;2,24,4,3,22;3,4,13,18,16;1,23,24,4,12,18;0,25,2,7,20;5,19,8,25,26,6;3,22,21,17,9,25,18,12;5,19,9,16,21,10;0,1,13,12,16,25;5,17,9,26,6,10,8,15;0,1,23,7,14;8,22,16,17,10;2,11,3,16,21,8;1,13,24,7,20;2,11,4,13,23,7;0,14,2,8,15,26,9,16,18;6,15,25,9,19
rp2_c33_w10_t209 34 4,26,22,32,12,20;7,15,26,30,24;10,31,25,18,17;13,19,16,20,15,26;0,26,29,27,16,20;9,22,13,19,23;11,21,16,27,31;1,15,33,11,10,17,24;9,23,21,11,33,12,32;5,22,32,8,23;2,31,11,7,17;6,21,8,33,7,10,31;0,20,15,33,8,32;3,19,5,22,26;17,18,28,30,24;1,26,3,20,12,33,7;3,19,21,6,27,4,20;2,10,7,24,14,18;2,25,29,28,14,17;3,13,5,23,21,16;0,4,16,3,15,12;6,11,8,23,19,16;0,26,13,5,9,32;5,19,21,8,9;1,7,17,14,30;2,31,27,29,18;0,22,13,3,15,1,30,28,29,4;4,16,6,31,25,29;14,30,26,29,18;4,26,28,18,25,27;1,24,14,28,26;2,25,27,6,11,10;0,12,8,9,22;7,11,8,12,15
rp2_c33_w10_t223 34 4,26,22,32,12,20;7,15,26,30,24;10,31,25,18,17;13,19,16,20,15,26;0,26,29,27,16,20;9,22,13,19,23;11,21,16,27,31;1,15,33,11,10,17,24;9,23,21,11,33,12,32;5,22,32,8,23;2,31,11,7,17;6,21,8,33,7,10,31;0,20,15,33,8,32;3,19,5,22,26;17,18,28,30,24;1,26,3,20,12,33,7;3,19,23,21,6,27,4,20;2,10,7,24,14,18;2,25,29,28,14,17;3,13,5,23,16;0,4,16,3,15,12;6,11,8,23,16;0,26,13,5,9,32;5,19,16,21,8,9;1,7,17,14,30;2,31,27,29,18;0,22,13,3,15,1,30,28,29,4;4,16,6,31,25,29;14,30,26,29,18;4,26,28,18,25,27;1,24,14,28,26;2,25,27,6,11,10;0,12,8,9,22;7,11,8,12,15
rp2_c33_w14_t273 33 1,29,18,31,22,23,7;0,29,5,26,7;14,28,16,25,30;7,20,21,11,14,23;6,9,26,20,17;1,29,15,24,9,26;4,9,15,27,22,23,14,30,17;0,1,26,20,3,23;10,19,13,12,28;4,6,15,29,18,24,5,26;8,19,20,32,16,28;3,14,12,13,21;8,13,11,14,28;8,12,11,21,19;2,28,12,11,3,23,6,30;5,29,9,6,27,24;2,25,32,10,28;4,20,32,25,30,6;0,29,9,24,31;8,10,20,21,13;3,7,26,4,17,32,10,19,21;3,20,19,13,11;0,23,6,27,31;0,22,6,14,3,7;5,9,18,31,27,15;2,30,17,32,16;1,5,9,4,20,7;6,22,31,24,15;2,14,12,8,10,16;0,1,5,15,9,18;2,25,17,6,14;0,22,27,24,18;10,16,25,17,20
rp2_c33_w14_t279 33 1,29,18,31,22,23,7;0,29,5,26,7;14,28,16,25,30;7,20,21,11,14,23;6,9,26,20,17;1,29,24,9,26;4,9,15,27,22,23,14,30,17;0,1,26,20,3,23;10,19,13,12,28;4,6,15,29,18,24,5,26;8,19,20,32,16,28;3,14,12,13,21;8,13,11,14,28;8,12,11,21,19;2,28,12,11,3,23,6,30;6,9,29,24,27;2,25,32,10,28;4,20,32,25,30,6;0,29,9,24,31;8,10,20,21,13;3,7,26,4,17,32,10,19,21;3,20,19,13,11;0,23,6,27,31;0,22,6,14,3,7;5,29,15,27,31,18,9;2,30,17,32,16;1,5,9,4,20,7;6,22,31,24,15;2,14,12,8,10,16;0,1,5,24,15,9,18;2,25,17,6,14;0,22,27,24,18;10,16,25,17,20
rp2_c33_w14_t280 33 1,29,18,31,22,23,3,7;0,29,5,26,7;14,28,16,25,30;0,7,20,21,11,14,23;6,9,26,20,17;1,29,15,24,9,26;4,9,15,27,22,23,14,30,17;0,1,26,20,3;10,19,13,12,28;4,6,15,29,18,24,5,26;8,19,20,32,16,28;3,14,12,13,21;8,13,11,14,28;8,12,11,21,19;2,28,12,11,3,23,6,30;5,29,9,6,27,24;2,25,32,10,28;4,20,32,25,30,6;0,29,9,24,31;8,10,20,21,13;3,7,26,4,17,32,10,19,21;3,20,19,13,11;0,23,6,27,31;0,22,6,14,3;5,9,18,31,27,15;2,30,17,32,16;1,5,9,4,20,7;6,22,31,24,15;2,14,12,8,10,16;0,1,5,15,9,18;2,25,17,6,14;0,22,27,24,18;10,16,25,17,20
rp2_c33_w14_t281 33 1,29,18,31,22,23,7;0,29,5,26,7;14,28,16,25,30;7,20,21,11,14,23;6,9,26,20,17;1,29,15,24,9,26;4,9,27,22,23,14,30,17;0,1,26,20,3,23;10,19,13,12,28;4,6,27,15,29,18,24,5,26;8,19,20,32,16,28;3,14,12,13,21;8,13,11,14,28;8,12,11,21,19;2,28,12,11,3,23,6,30;5,29,9,27,24;2,25,32,10,28;4,20,32,25,30,6;0,29,9,24,31;8,10,20,21,13;3,7,26,4,17,32,10,19,21;3,20,19,13,11;0,23,6,27,31;0,22,6,14,3,7;5,9,18,31,27,15;2,30,17,32,16;1,5,9,4,20,7;6,9,15,24,31,22;2,14,12,8,10,16;0,1,5,15,9,18;2,25,17,6,14;0,22,27,24,18;10,16,25,17,20
rp2_c33_w14_t284 33 1,18,31,22,23,7;0,18,29,5,26,7;14,28,16,25,30;7,20,21,11,14,23;6,9,26,20,17;1,29,15,24,9,26;4,9,27,22,23,14,30,17;0,1,26,20,3,23;10,19,13,12,28;4,6,27,15,29,18,24,5,26;8,19,20,32,16,28;3,14,12,13,21;8,13,11,14,28;8,12,11,21,19;2,28,12,11,3,23,6,30;5,29,9,27,24;2,25,32,10,28;4,20,32,25,30,6;0,1,29,9,24,31;8,10,20,21,13;3,7,26,4,17,32,10,19,21;3,20,19,13,11;0,23,6,27,31;0,22,6,14,3,7;5,9,18,31,27,15;2,30,17,32,16;1,5,9,4,20,7;6,9,15,24,31,22;2,14,12,8,10,16;1,5,15,9,18;2,25,17,6,14;0,22,27,24,18;10,16,25,17,20
rp2_c33_w14_t294 33 7,18,31,22,23;5,29,18,7,26;14,28,16,25,30;7,20,21,11,14,23;6,9,26,20,17;1,29,15,24,9,26;4,9,27,22,23,14,30,17;0,18,1,26,20,3,23;10,19,13,12,28;4,6,27,15,29,18,24,5,26;8,19,20,32,16,28;3,14,12,13,21;8,13,11,14,28;8,12,11,21,19;2,28,12,11,3,23,6,30;5,29,9,27,24;2,25,32,10,28;4,20,32,25,30,6;0,7,1,29,9,24,31;8,10,20,21,13;3,7,26,4,17,32,10,19,21;3,20,19,13,11;0,23,6,27,31;0,22,6,14,3,7;5,9,18,31,27,15;2,30,17,32,16;1,5,9,4,20,7;6,9,15,24,31,22;2,14,12,8,10,16;1,5,15,9,18;2,25,17,6,14;0,22,27,24,18;10,16,25,17,20
rp2_c33_w14_t298 33 1,18,31,22,23,7;0,18,29,5,26,7;14,28,16,25,30;7,20,21,11,14,23;6,9,26,20,17;1,29,15,24,26;4,9,27,22,23,14,30,17;0,1,26,20,3,23;10,19,13,12,28;4,6,27,15,29,18,24,26;8,19,20,32,16,28;3,14,12,13,21;8,13,11,14,28;8,12,11,21,19;2,28,12,11,3,23,6,30;5,29,9,27,24;2,25,32,10,28;4,20,32,25,30,6;0,1,29,9,24,31;8,10,20,21,13;3,7,26,4,17,32,10,19,21;3,20,19,13,11;0,23,6,27,31;0,22,6,14,3,7;5,26,9,18,31,27,15;2,30,17,32,16;1,5,24,9,4,20,7;6,9,15,24,31,22;2,14,12,8,10,16;1,5,15,9,18;2,25,17,6,14;0,22,27,24,18;10,16,25,17,20
rp2_c33_w14_t301 33 1,18,31,22,23,7;0,18,29,5,9,26,7;14,28,16,25,30;7,20,21,11,14,23;6,9,26,20,17;1,29,15,24,9;4,9,27,22,23,14,30,17;0,1,26,20,3,23;10,19,13,12,28;1,5,24,18,29,15,27,6,4,26;8,19,20,32,16,28;3,14,12,13,21;8,13,11,14,28;8,12,11,21,19;2,28,12,11,3,23,6,30;5,29,9,27,24;2,25,32,10,28;4,20,32,25,30,6;0,1,29,9,24,31;8,10,20,21,13;3,7,26,4,17,32,10,19,21;3,20,19,13,11;0,23,6,27,31;0,22,6,14,3,7;5,9,18,31,27,15;2,30,17,32,16;1,7,20,4,9;6,9,15,24,31,22;2,14,12,8,10,16;1,5,15,9,18;2,25,17,6,14;0,22,27,24,18;10,16,25,17,20
rp2_c33_w14_t303 33 1,18,31,22,23,7;0,18,29,5,26,7;14,28,16,25,30;7,20,21,11,14,23;6,9,26,20,17;1,29,15,24,18,9,26;4,9,27,22,23,14,30,17;0,1,26,20,3,23;10,19,13,12,28;4,6,27,15,29,18,5,26;8,19,20,32,16,28;3,14,12,13,21;8,13,11,14,28;8,12,11,21,19;2,28,12,11,3,23,6,30;5,29,9,27,24;2,25,32,10,28;4,20,32,25,30,6;0,1,29,9,5,24,31;8,10,20,21,13;3,7,26,4,17,32,10,19,21;3,20,19,13,11;0,23,6,27,31;0,22,6,14,3,7;5,15,27,31,18;2,30,17,32,16;1,5,9,4,20,7;6,9,15,24,31,22;2,14,12,8,10,16;1,5,15,9,18;2,25,17,6,14;0,22,27,24,18;10,16,25,17,20
rp2_c33_w14_t307 33 1,18,31,22,23,7;0,18,29,5,26,7;14,28,16,25,30;7,20,21,11,14,23;6,9,26,20,17;1,29,15,24,9,26;4,9,22,23,14,30,17;0,1,26,20,3,23;10,19,13,12,28;4,6,22,27,15,29,18,24,5,26;8,19,20,32,16,28;3,14,12,13,21;8,13,11,14,28;8,12,11,21,19;2,28,12,11,3,23,6,30;5,29,9,27,24;2,25,32,10,28;4,20,32,25,30,6;0,1,29,9,24,31;8,10,20,21,13;3,7,26,4,17,32,10,19,21;3,20,19,13,11;0,23,6,9,27,31;0,22,6,14,3,7;5,9,18,31,27,15;2,30,17,32,16;1,5,9,4,20,7;9,22,31,24,15;2,14,12,8,10,16;1,5,15,9,18;2,25,17,6,14;0,22,27,24,18;10,16,25,17,20
rp2_c33_w14_t309 33 1,18,31,22,23,7;0,18,29,5,26,7;14,28,16,25,30;7,21,11,14,23;6,9,26,20,17;1,29,15,24,9,26;4,9,27,22,23,14,30,17;0,1,26,20,21,3,23;10,19,13,12,28;4,6,27,15,29,18,24,5,26;8,19,20,32,16,28;3,14,12,13,21;8,13,11,14,28;8,12,11,21,19;2,28,12,11,3,23,6,30;5,29,9,27,24;2,25,32,10,28;4,20,32,25,30,6;0,1,29,9,24,31;8,10,20,21,13;4,26,7,21,19,10,32,17;3,7,20,19,13,11;0,23,6,27,31;0,22,6,14,3,7;5,9,18,31,27,15;2,30,17,32,16;1,5,9,4,20,7;6,9,15,24,31,22;2,14,12,8,10,16;1,5,15,9,18;2,25,17,6,14;0,22,27,24,18;10,16,25,17,20
rp2_c33_w14_t319 33 1,18,31,22,7;0,18,29,5,26,7;14,28,16,25,30;7,20,21,11,14,23;6,9,26,20,17;1,29,15,24,9,26;4,9,27,22,23,14,30,17;0,22,23,3,20,26,1;10,19,13,12,28;4,6,27,15,29,18,24,5,26;8,19,20,32,16,28;3,14,12,13,21;8,13,11,14,28;8,12,11,21,19;2,28,12,11,3,23,6,30;5,29,9,27,24;2,25,32,10,28;4,20,32,25,30,6;0,1,29,9,24,31;8,10,20,21,13;3,7,26,4,17,32,10,19,21;3,20,19,13,11;0,7,23,6,27,31;3,14,6,22,7;5,9,18,31,27,15;2,30,17,32,16;1,5,9,4,20,7;6,9,15,24,31,22;2,14,12,8,10,16;1,5,15,9,18;2,25,17,6,14;0,22,27,24,18;10,16,25,17,20
rp2_c33_w14_t345 33 1,29,18,31,22,23,7;0,29,5,26,7;14,28,16,25,30;7,20,21,11,14,23;6,9,26,20,17;1,29,15,24,26;4,9,27,22,23,14,30,17;0,1,26,20,3,23;10,19,13,12,28;4,6,27,15,29,18,24,26;8,19,20,32,16,28;3,14,12,13,21;8,13,11,14,28;8,12,11,21,19;2,28,12,11,3,23,6,30;5,29,9,27,24;2,25,32,10,28;4,20,32,25,30,6;0,29,9,24,31;8,10,20,21,13;3,7,26,4,17,32,10,19,21;3,20,19,13,11;0,23,6,27,31;0,22,6,14,3,7;5,26,9,18,31,27,15;2,30,17,32,16;1,5,24,9,4,20,7;6,9,15,24,31,22;2,14,12,8,10,16;0,1,5,15,9,18;2,25,17,6,14;0,22,27,24,18;10,16,25,17,20
rp2_c33_w14_t349 33 1,29,18,31,22,23,7;0,29,5,26,7;14,28,16,25,30;7,20,21,11,23;6,9,26,20,17;1,29,15,24,9,26;4,9,27,22,23,14,30,17;0,1,26,20,3,23;10,19,13,12,28;4,6,27,15,29,18,24,5,26;8,19,20,32,16,28;3,23,14,12,13,21;8,13,11,14,28;8,12,11,21,19;2,28,12,11,23,6,30;5,29,9,27,24;2,25,32,10,28;4,20,32,25,30,6;0,29,9,24,31;8,10,20,21,13;3,7,26,4,17,32,10,19,21;3,20,19,13,11;0,23,6,27,31;0,22,6,14,11,3,7;5,9,18,31,27,15;2,30,17,32,16;1,5,9,4,20,7;6,9,15,24,31,22;2,14,12,8,10,16;0,1,5,15,9,18;2,25,17,6,14;0,22,27,24,18;10,16,25,17,20
rp2_c33_w14_t350 33 1,29,18,31,22,23,7;0,29,15,5,26,7;14,28,16,25,30;7,20,21,11,14,23;6,9,26,20,17;1,15,24,9,26;4,9,27,22,23,14,30,17;0,1,26,20,3,23;10,19,13,12,28;4,6,27,15,29,18,24,5,26;8,19,20,32,16,28;3,14,12,13,21;8,13,11,14,28;8,12,11,21,19;2,28,12,11,3,23,6,30;1,5,24,27,9,29;2,25,32,10,28;4,20,32,25,30,6;0,29,9,24,31;8,10,20,21,13;3,7,26,4,17,32,10,19,21;3,20,19,13,11;0,23,6,27,31;0,22,6,14,3,7;5,9,18,31,27,15;2,30,17,32,16;1,5,9,4,20,7;6,9,15,24,31,22;2,14,12,8,10,16;0,1,15,9,18;2,25,17,6,14;0,22,27,24,18;10,16,25,17,20
rp2_c33_w14_t367 33 1,29,18,31,22,23,7;0,29,15,5,26,7;14,28,16,25,30;7,20,21,11,14,23;6,9,26,20,17;1,15,24,9,26;4,9,15,27,22,23,14,30,17;0,1,26,20,3,23;10,19,13,12,28;4,6,15,29,18,24,5,26;8,19,20,32,16,28;3,14,12,13,21;8,13,11,14,28;8,12,11,21,19;2,28,12,11,3,23,6,30;1,5,24,27,6,9,29;2,25,32,10,28;4,20,32,25,30,6;0,29,9,24,31;8,10,20,21,13;3,7,26,4,17,32,10,19,21;3,20,19,13,11;0,23,6,27,31;0,22,6,14,3,7;5,9,18,31,27,15;2,30,17,32,16;1,5,9,4,20,7;6,22,31,24,15;2,14,12,8,10,16;0,1,15,9,18;2,25,17,6,14;0,22,27,24,18;10,16,25,17,20
rp2_c33_w14_t380 33 1,29,18,31,22,23,7;0,29,15,5,26,7;14,28,16,25,30;7,20,21,11,14,23;6,9,26,20,17;1,15,24,9,26;4,9,27,22,23,14,30,17;0,1,26,20,3,23;10,19,13,12,28;4,6,27,15,29,18,24,5,26;8,19,20,32,16,28;3,14,12,13,21;8,13,11,14,28;8,12,11,21,19;2,28,12,11,3,23,6,30;1,5,24,31,27,9,29;2,25,32,10,28;4,20,32,25,30,6;0,29,9,24,31;8,10,20,21,13;3,7,26,4,17,32,10,19,21;3,20,19,13,11;0,23,6,27,31;0,22,6,14,3,7;5,9,18,31,15;2,30,17,32,16;1,5,9,4,20,7;6,9,15,31,22;2,14,12,8,10,16;0,1,15,9,18;2,25,17,6,14;0,22,27,15,24,18;10,16,25,17,20
rp2_c33_w14_t397 33 1,29,18,31,22,23,7;0,29,15,5,26,7;14,28,16,25,30;7,20,21,11,14,23;6,9,26,20,17;1,15,27,24,9,26;4,9,27,22,23,14,30,17;0,1,26,20,3,23;10,19,13,12,28;4,6,27,15,29,18,24,5,26;8,19,20,32,16,28;3,14,12,13,21;8,13,11,14,28;8,12,11,21,19;2,28,12,11,3,23,6,30;1,5,27,9,29;2,25,32,10,28;4,20,32,25,30,6;0,29,9,24,31;8,10,20,21,13;3,7,26,4,17,32,10,19,21;3,20,19,13,11;0,23,6,27,31;0,22,6,14,3,7;5,9,18,31,27;2,30,17,32,16;1,5,9,4,20,7;5,15,9,6,22,31,24;2,14,12,8,10,16;0,1,15,9,18;2,25,17,6,14;0,22,27,24,18;10,16,25,17,20
rp2_c33_w14_t401 33 1,29,18,31,22,23,7;0,29,15,5,26,7;14,28,16,25,30;7,20,21,11,14,23;6,9,26,20,17;1,15,24,9,26;4,9,22,23,14,30,17;0,1,26,20,3,23;10,19,13,12,28;4,6,22,27,15,29,18,24,5,26;8,19,20,32,16,28;3,14,12,13,21;8,13,11,14,28;8,12,11,21,19;2,28,12,11,3,23,6,30;1,5,24,27,9,29;2,25,32,10,28;4,20,32,25,30,6;0,29,9,24,31;8,10,20,21,13;3,7,26,4,17,32,10,19,21;3,20,19,13,11;0,23,6,9,27,31;0,22,6,14,3,7;5,9,18,31,27,15;2,30,17,32,16;1,5,9,4,20,7;9,22,31,24,15;2,14,12,8,10,16;0,1,15,9,18;2,25,17,6,14;0,22,27,24,18;10,16,25,17,20
rp2_c33_w14_t428 33 1,29,18,31,22,23,7;0,29,15,5,26,7;14,28,16,25,30;7,20,21,11,14,23;6,9,26,20,17;1,15,24,9,26;4,9,27,22,23,14,30,17;0,1,26,20,3,23;10,19,13,12,28;4,6,27,29,18,24,5,26;8,19,20,32,16,28;3,14,12,13,21;8,13,11,14,28;8,12,11,21,19;2,28,12,11,3,23,6,30;1,5,24,27,29;2,25,32,10,28;4,20,32,25,30,6;0,29,9,24,31;8,10,20,21,13;3,7,26,4,17,32,10,19,21;3,20,19,13,11;0,23,6,27,31;0,22,6,14,3,7;5,9,18,31,27,15;2,30,17,32,16;1,5,9,4,20,7;6,9,29,15,24,31,22;2,14,12,8,10,16;0,1,15,27,9,18;2,25,17,6,14;0,22,27,24,18;10,16,25,17,20
rp2_c33_w14_t441 33 1,29,18,31,22,23,7;0,29,15,5,26,7;14,28,16,25,30;7,20,21,11,23;6,9,26,20,17;1,15,24,9,26;4,9,27,22,23,14,30,17;0,1,26,20,3,23;10,19,13,12,28;4,6,27,15,29,18,24,5,26;8,19,20,32,16,28;3,23,14,12,13,21;8,13,11,14,28;8,12,11,21,19;2,28,12,11,23,6,30;1,5,24,27,9,29;2,25,32,10,28;4,20,32,25,30,6;0,29,9,24,31;8,10,20,21,13;3,7,26,4,17,32,10,19,21;3,20,19,13,11;0,23,6,27,31;0,22,6,14,11,3,7;5,9,18,31,27,15;2,30,17,32,16;1,5,9,4,20,7;6,9,15,24,31,22;2,14,12,8,10,16;0,1,15,9,18;2,25,17,6,14;0,22,27,24,18;10,16,25,17,20
rp2_c33_w14_t456 33 1,29,18,31,22,23,7;0,29,15,5,26,7;14,28,16,25,30;7,20,21,11,14,23;6,27,9,26,20,17;1,15,24,9,26;4,27,22,23,14,30,17;0,1,26,20,3,23;10,19,13,12,28;4,26,5,24,18,29,15,27;8,19,20,32,16,28;3,14,12,13,21;8,13,11,14,28;8,12,11,21,19;2,28,12,11,3,23,6,30;1,5,24,27,9,29;2,25,32,10,28;4,20,32,25,30,6;0,29,9,24,31;8,10,20,21,13;3,7,26,4,17,32,10,19,21;3,20,19,13,11;0,23,6,27,31;0,22,6,14,3,7;5,9,18,31,27,15;2,30,17,32,16;1,5,9,4,20,7;4,6,22,31,24,15,9;2,14,12,8,10,16;0,1,15,9,18;2,25,17,6,14;0,22,27,24,18;10,16,25,17,20
rp2_c33_w14_t458 33 1,29,18,31,22,23,3,7;0,29,15,5,26,7;14,28,16,25,30;0,7,20,21,11,14,23;6,27,9,26,20,17;1,15,24,9,26;4,27,22,23,14,30,17;0,1,26,20,3;10,19,13,12,28;4,26,5,24,18,29,15,27;8,19,20,32,16,28;3,14,12,13,21;8,13,11,14,28;8,12,11,21,19;2,28,12,11,3,23,6,30;1,5,24,27,9,29;2,25,32,10,28;4,20,32,25,30,6;0,29,9,24,31;8,10,20,21,13;3,7,26,4,17,32,10,19,21;3,20,19,13,11;0,23,6,27,31;0,22,6,14,3;5,9,18,31,27,15;2,30,17,32,16;1,5,9,4,20,7;4,6,22,31,24,15,9;2,14,12,8,10,16;0,1,15,9,18;2,25,17,6,14;0,22,27,24,18;10,16,25,17,20
rp2_c33_w14_t463 33 1,29,18,31,22,23,7;0,29,15,5,26,7;14,28,16,25,30;7,20,21,11,14,23;6,27,15,9,26,20,17;1,15,24,9,26;4,27,22,23,14,30,17;0,1,26,20,3,23;10,19,13,12,28;4,26,5,24,18,29,15;8,19,20,32,16,28;3,14,12,13,21;8,13,11,14,28;8,12,11,21,19;2,28,12,11,3,23,6,30;1,5,24,27,4,9,29;2,25,32,10,28;4,20,32,25,30,6;0,29,9,24,31;8,10,20,21,13;3,7,26,4,17,32,10,19,21;3,20,19,13,11;0,23,6,27,31;0,22,6,14,3,7;5,9,18,31,27,15;2,30,17,32,16;1,5,9,4,20,7;4,6,22,31,24,15;2,14,12,8,10,16;0,1,15,9,18;2,25,17,6,14;0,22,27,24,18;10,16,25,17,20
rp2_c33_w14_t465 33 1,29,18,31,22,23,7;0,29,15,5,7;14,28,16,25,30;7,20,21,11,14,23;6,27,15,9,26,20,17;1,15,24,9,26,7;4,27,22,23,14,30,17;0,1,5,26,20,3,23;10,19,13,12,28;4,26,5,24,18,29,15;8,19,20,32,16,28;3,14,12,13,21;8,13,11,14,28;8,12,11,21,19;2,28,12,11,3,23,6,30;1,5,24,27,4,9,29;2,25,32,10,28;4,20,32,25,30,6;0,29,9,24,31;8,10,20,21,13;3,7,26,4,17,32,10,19,21;3,20,19,13,11;0,23,6,27,31;0,22,6,14,3,7;5,9,18,31,27,15;2,30,17,32,16;4,20,7,5,9;4,6,22,31,24,15;2,14,12,8,10,16;0,1,15,9,18;2,25,17,6,14;0,22,27,24,18;10,16,25,17,20
rp2_c33_w14_t472 33 1,29,18,31,22,23,7;0,29,15,5,7;14,28,16,25,30;7,20,21,11,14,23;6,27,9,26,20,17;1,15,24,9,26,7;4,27,22,23,14,30,17;0,1,5,26,20,3,23;10,19,13,12,28;4,26,5,24,18,29,15,27;8,19,20,32,16,28;3,14,12,13,21;8,13,11,14,28;8,12,11,21,19;2,28,12,11,3,23,6,30;1,5,24,27,9,29;2,25,32,10,28;4,20,32,25,30,6;0,29,9,24,31;8,10,20,21,13;3,7,26,4,17,32,10,19,21;3,20,19,13,11;0,23,6,27,31;0,22,6,14,3,7;5,9,18,31,27,15;2,30,17,32,16;4,20,7,5,9;4,6,22,31,24,15,9;2,14,12,8,10,16;0,1,15,9,18;2,25,17,6,14;0,22,27,24,18;10,16,25,17,20
rp2_c33_w14_t474 33 1,29,18,31,22,23,7;0,29,15,5,7;14,28,16,25,30;7,20,21,11,14,23;6,27,9,26,20,17;1,15,24,18,9,26,7;4,27,22,23,14,30,17;0,1,5,26,20,3,23;10,19,13,12,28;4,26,5,18,29,15,27;8,19,20,32,16,28;3,14,12,13,21;8,13,11,14,28;8,12,11,21,19;2,28,12,11,3,23,6,30;1,5,24,27,9,29;2,25,32,10,28;4,20,32,25,30,6;0,29,9,5,24,31;8,10,20,21,13;3,7,26,4,17,32,10,19,21;3,20,19,13,11;0,23,6,27,31;0,22,6,14,3,7;5,15,27,31,18;2,30,17,32,16;4,20,7,5,9;4,6,22,31,24,15,9;2,14,12,8,10,16;0,1,15,9,18;2,25,17,6,14;0,22,27,24,18;10,16,25,17,20
rp2_c33_w14_t478 33 1,29,18,31,22,23,7;0,29,15,24,5,7;14,28,16,25,30;7,20,21,11,14,23;6,27,9,26,20,17;1,24,9,26,7;4,27,22,23,14,30,17;0,1,5,26,20,3,23;10,19,13,12,28;4,26,5,24,18,29,15,27;8,19,20,32,16,28;3,14,12,13,21;8,13,11,14,28;8,12,11,21,19;2,28,12,11,3,23,6,30;1,29,9,27,24;2,25,32,10,28;4,20,32,25,30,6;0,29,9,24,31;8,10,20,21,13;3,7,26,4,17,32,10,19,21;3,20,19,13,11;0,23,6,27,31;0,22,6,14,3,7;1,5,9,18,31,27,15;2,30,17,32,16;4,20,7,5,9;4,6,22,31,24,15,9;2,14,12,8,10,16;0,1,15,9,18;2,25,17,6,14;0,22,27,24,18;10,16,25,17,20
rp2_c33_w14_t480 33 1,29,18,31,22,23,7;0,29,15,5,7;14,28,16,25,30;7,20,21,11,14,23;6,27,9,26,20,17;1,15,27,24,9,26,7;4,27,22,23,14,30,17;0,1,5,26,20,3,23;10,19,13,12,28;4,26,5,24,18,29,15,27;8,19,20,32,16,28;3,14,12,13,21;8,13,11,14,28;8,12,11,21,19;2,28,12,11,3,23,6,30;1,5,27,9,29;2,25,32,10,28;4,20,32,25,30,6;0,29,9,24,31;8,10,20,21,13;3,7,26,4,17,32,10,19,21;3,20,19,13,11;0,23,6,27,31;0,22,6,14,3,7;5,9,18,31,27;2,30,17,32,16;4,20,7,5,9;4,6,22,31,24,5,15,9;2,14,12,8,10,16;0,1,15,9,18;2,25,17,6,14;0,22,27,24,18;10,16,25,17,20
rp2_c33_w14_t489 33 1,29,18,31,22,23,7;0,29,15,5,7;14,28,16,25,30;7,20,21,11,14,23;6,27,26,20,17;1,15,24,9,26,7;4,27,22,23,14,30,17;0,1,5,26,20,3,23;10,19,13,12,28;5,24,18,29,15,27,26;8,19,20,32,16,28;3,14,12,13,21;8,13,11,14,28;8,12,11,21,19;2,28,12,11,3,23,6,30;1,5,24,27,9,29;2,25,32,10,28;4,20,32,25,30,6;0,29,9,24,31;8,10,20,21,13;3,7,26,4,17,32,10,19,21;3,20,19,13,11;0,23,6,27,31;0,22,6,14,3,7;5,9,18,31,27,15;2,30,17,32,16;4,20,7,5,9,27;4,6,22,31,24,15,9,26;2,14,12,8,10,16;0,1,15,9,18;2,25,17,6,14;0,22,27,24,18;10,16,25,17,20
rp2_c33_w14_t495 33 1,29,18,31,22,23,7;0,29,15,5,7;14,28,16,25,30;7,20,21,11,14,23;9,26,20,17,27;1,15,24,9,26,7;14,23,22,27,17,30;0,1,5,26,20,3,23;10,19,13,12,28;4,26,5,24,18,29,15,27;8,19,20,32,16,28;3,14,12,13,21;8,13,11,14,28;8,12,11,21,19;2,28,12,11,3,23,6,30;1,5,24,27,9,29;2,25,32,10,28;4,27,6,30,25,32,20;0,29,9,24,31;8,10,20,21,13;3,7,26,4,17,32,10,19,21;3,20,19,13,11;0,23,6,27,31;0,22,6,14,3,7;5,9,18,31,27,15;2,30,17,32,16;4,20,7,5,9;4,17,6,22,31,24,15,9;2,14,12,8,10,16;0,1,15,9,18;2,25,17,6,14;0,22,27,24,18;10,16,25,17,20
rp2_c33_w14_t511 33 1,29,18,31,22,23,7;0,29,15,5,7;14,28,16,25,30;7,20,21,11,14,23;6,27,15,9,26,20;1,15,24,9,26,7;4,27,22,23,14,30,17,20;0,1,5,26,20,3,23;10,19,13,12,28;4,26,5,24,18,29,15;8,19,20,32,16,28;3,14,12,13,21;8,13,11,14,28;8,12,11,21,19;2,28,12,11,3,23,6,30;1,5,24,27,4,9,29;2,25,32,10,28;6,30,25,32,20;0,29,9,24,31;8,10,20,21,13;3,7,26,4,6,17,32,10,19,21;3,20,19,13,11;0,23,6,27,31;0,22,6,14,3,7;5,9,18,31,27,15;2,30,17,32,16;4,20,7,5,9;4,6,22,31,24,15;2,14,12,8,10,16;0,1,15,9,18;2,25,17,6,14;0,22,27,24,18;10,16,25,17,20
rp2_c33_w14_t537 33 1,29,18,31,22,23,3,7;0,29,15,5,7;14,28,16,25,30;0,7,20,21,11,14,23;6,27,15,9,26,20,17;1,15,24,9,26,7;4,27,22,23,14,30,17;0,1,5,26,20,3;10,19,13,12,28;4,26,5,24,18,29,15;8,19,20,32,16,28;3,14,12,13,21;8,13,11,14,28;8,12,11,21,19;2,28,12,11,3,23,6,30;1,5,24,27,4,9,29;2,25,32,10,28;4,20,32,25,30,6;0,29,9,24,31;8,10,20,21,13;3,7,26,4,17,32,10,19,21;3,20,19,13,11;0,23,6,27,31;0,22,6,14,3;5,9,18,31,27,15;2,30,17,32,16;4,20,7,5,9;4,6,22,31,24,15;2,14,12,8,10,16;0,1,15,9,18;2,25,17,6,14;0,22,27,24,18;10,16,25,17,20
rp2_c33_w14_t538 33 1,29,18,31,22,23,7;0,29,15,5,7;14,28,16,25,30;7,20,21,11,14,23;6,27,15,29,9,26,20,17;1,15,24,9,26,7;4,27,22,23,14,30,17;0,1,5,26,20,3,23;10,19,13,12,28;4,26,5,24,18,29;8,19,20,32,16,28;3,14,12,13,21;8,13,11,14,28;8,12,11,21,19;2,28,12,11,3,23,6,30;1,5,24,27,4,29;2,25,32,10,28;4,20,32,25,30,6;0,29,9,24,31;8,10,20,21,13;3,7,26,4,17,32,10,19,21;3,20,19,13,11;0,23,6,27,31;0,22,6,14,3,7;5,9,18,31,27,15;2,30,17,32,16;4,20,7,5,9;4,6,22,31,24,15;2,14,12,8,10,16;0,1,15,4,9,18;2,25,17,6,14;0,22,27,24,18;10,16,25,17,20
rp2_c33_w14_t539 33 1,29,18,31,22,23,7;0,29,15,5,7;14,28,16,25,30;7,20,21,11,14,23;9,26,20,17,27,15;1,15,24,9,26,7;14,23,22,27,17,30;0,1,5,26,20,3,23;10,19,13,12,28;4,26,5,24,18,29,15;8,19,20,32,16,28;3,14,12,13,21;8,13,11,14,28;8,12,11,21,19;2,28,12,11,3,23,6,30;1,5,24,27,4,9,29;2,25,32,10,28;4,27,6,30,25,32,20;0,29,9,24,31;8,10,20,21,13;3,7,26,4,17,32,10,19,21;3,20,19,13,11;0,23,6,27,31;0,22,6,14,3,7;5,9,18,31,27,15;2,30,17,32,16;4,20,7,5,9;4,17,6,22,31,24,15;2,14,12,8,10,16;0,1,15,9,18;2,25,17,6,14;0,22,27,24,18;10,16,25,17,20
rp2_c33_w14_t562 33 1,29,18,31,22,23,7;0,29,15,5,7;14,28,16,25,30;7,20,21,11,14,23;6,27,9,26,17;1,15,24,9,26,7;4,27,22,23,14,30,17;0,1,5,26,20,3,23;10,19,13,12,28;4,26,5,24,18,29,15,27;8,19,20,32,16,28;3,14,12,13,21;8,13,11,14,28;8,12,11,21,19;2,28,12,11,3,23,6,30;1,5,24,27,9,29;2,25,32,10,28;4,26,20,32,25,30,6;0,29,9,24,31;8,10,20,21,13;3,7,26,17,32,10,19,21;3,20,19,13,11;0,23,6,27,31;0,22,6,14,3,7;5,9,18,31,27,15;2,30,17,32,16;4,17,20,7,5,9;4,6,22,31,24,15,9;2,14,12,8,10,16;0,1,15,9,18;2,25,17,6,14;0,22,27,24,18;10,16,25,17,20
rp2_c33_w14_t577 33 1,29,18,31,22,23,7;0,29,15,5,7;14,28,16,25,30;7,20,21,11,14,23;5,9,27,6,17,26;1,15,24,9,4,26,7;4,27,22,23,14,30,17;0,1,5,26,20,3,23;10,19,13,12,28;4,5,24,18,29,15,27;8,19,20,32,16,28;3,14,12,13,21;8,13,11,14,28;8,12,11,21,19;2,28,12,11,3,23,6,30;1,5,24,27,9,29;2,25,32,10,28;4,26,20,32,25,30,6;0,29,9,24,31;8,10,20,21,13;3,7,26,17,32,10,19,21;3,20,19,13,11;0,23,6,27,31;0,22,6,14,3,7;5,9,18,31,27,15;2,30,17,32,16;4,17,20,7,5;4,6,22,31,24,15,9;2,14,12,8,10,16;0,1,15,9,18;2,25,17,6,14;0,22,27,24,18;10,16,25,17,20
rp2_c33_w14_t580 33 1,29,18,31,22,23,7;0,29,15,5,7;14,28,16,25,30;7,20,21,11,14,23;6,27,9,26,17;1,15,24,26,7;4,27,22,23,14,30,17;0,1,5,26,20,3,23;10,19,13,12,28;4,26,24,18,29,15,27;8,19,20,32,16,28;3,14,12,13,21;8,13,11,14,28;8,12,11,21,19;2,28,12,11,3,23,6,30;1,5,24,27,9,29;2,25,32,10,28;4,26,20,32,25,30,6;0,29,9,24,31;8,10,20,21,13;3,7,26,17,32,10,19,21;3,20,19,13,11;0,23,6,27,31;0,22,6,14,3,7;5,26,9,18,31,27,15;2,30,17,32,16;4,17,20,7,5,24,9;4,6,22,31,24,15,9;2,14,12,8,10,16;0,1,15,9,18;2,25,17,6,14;0,22,27,24,18;10,16,25,17,20
rp2_c33_w14_t595 33 1,29,18,31,22,23,7;0,29,15,5,7;14,28,16,25,30;7,20,21,11,14,23;6,27,9,26,17;1,15,24,18,9,26,7;4,27,22,23,14,30,17;0,1,5,26,20,3,23;10,19,13,12,28;4,26,5,18,29,15,27;8,19,20,32,16,28;3,14,12,13,21;8,13,11,14,28;8,12,11,21,19;2,28,12,11,3,23,6,30;1,5,24,27,9,29;2,25,32,10,28;4,26,20,32,25,30,6;0,29,9,5,24,31;8,10,20,21,13;3,7,26,17,32,10,19,21;3,20,19,13,11;0,23,6,27,31;0,22,6,14,3,7;5,15,27,31,18;2,30,17,32,16;4,17,20,7,5,9;4,6,22,31,24,15,9;2,14,12,8,10,16;0,1,15,9,18;2,25,17,6,14;0,22,27,24,18;10,16,25,17,20
rp2_c33_w14_t607 33 1,29,18,31,22,23,7;0,29,15,5,7;14,28,16,25,30;7,20,21,11,14,23;6,27,9,26,17;1,15,24,9,26,7;4,27,22,23,14,30,17;0,1,5,26,17,20,3,23;10,19,13,12,28;4,26,5,24,18,29,15,27;8,19,20,32,16,28;3,14,12,13,21;8,13,11,14,28;8,12,11,21,19;2,28,12,11,3,23,6,30;1,5,24,27,9,29;2,25,32,10,28;4,26,7,20,32,25,30,6;0,29,9,24,31;8,10,20,21,13;3,7,17,32,10,19,21;3,20,19,13,11;0,23,6,27,31;0,22,6,14,3,7;5,9,18,31,27,15;2,30,17,32,16;4,17,7,5,9;4,6,22,31,24,15,9;2,14,12,8,10,16;0,1,15,9,18;2,25,17,6,14;0,22,27,24,18;10,16,25,17,20
rp2_c33_w14_t619 33 1,29,18,31,22,23,7;0,29,15,5,7;14,28,16,25,30;7,20,21,11,14,23;6,27,9,26,17;1,15,24,9,26,20,7;4,27,22,23,14,30,17;0,1,5,20,3,23;10,19,13,12,28;4,26,5,24,18,29,15,27;8,19,20,32,16,28;3,14,12,13,21;8,13,11,14,28;8,12,11,21,19;2,28,12,11,3,23,6,30;1,5,24,27,9,29;2,25,32,10,28;4,26,20,32,25,30,6;0,29,9,24,31;8,10,20,21,13;3,7,5,26,17,32,10,19,21;3,20,19,13,11;0,23,6,27,31;0,22,6,14,3,7;5,9,18,31,27,15;2,30,17,32,16;4,17,20,5,9;4,6,22,31,24,15,9;2,14,12,8,10,16;0,1,15,9,18;2,25,17,6,14;0,22,27,24,18;10,16,25,17,20
rp2_c33_w14_t635 33 1,29,18,31,22,23,3,7;0,29,15,5,7;14,28,16,25,30;0,7,20,21,11,14,23;6,27,9,26,17;1,15,24,9,26,7;4,27,22,23,14,30,17;0,1,5,26,20,3;10,19,13,12,28;4,26,5,24,18,29,15,27;8,19,20,32,16,28;3,14,12,13,21;8,13,11,14,28;8,12,11,21,19;2,28,12,11,3,23,6,30;1,5,24,27,9,29;2,25,32,10,28;4,26,20,32,25,30,6;0,29,9,24,31;8,10,20,21,13;3,7,26,17,32,10,19,21;3,20,19,13,11;0,23,6,27,31;0,22,6,14,3;5,9,18,31,27,15;2,30,17,32,16;4,17,20,7,5,9;4,6,22,31,24,15,9;2,14,12,8,10,16;0,1,15,9,18;2,25,17,6,14;0,22,27,24,18;10,16,25,17,20
rp2_c33_w14_t639 33 1,29,18,31,22,23;0,29,15,5,7,23;14,28,16,25,30;7,20,21,11,14,23;6,27,9,26,17;1,15,24,9,26,7;4,27,22,23,14,30,17;1,5,26,20,3,23;10,19,13,12,28;4,26,5,24,18,29,15,27;8,19,20,32,16,28;3,14,12,13,21;8,13,11,14,28;8,12,11,21,19;2,28,12,11,3,23,6,30;1,5,24,27,9,29;2,25,32,10,28;4,26,20,32,25,30,6;0,29,9,24,31;8,10,20,21,13;3,7,26,17,32,10,19,21;3,20,19,13,11;0,23,6,27,31;0,22,6,14,3,7,1;5,9,18,31,27,15;2,30,17,32,16;4,17,20,7,5,9;4,6,22,31,24,15,9;2,14,12,8,10,16;0,1,15,9,18;2,25,17,6,14;0,22,27,24,18;10,16,25,17,20
rp2_c33_w14_t643 33 1,29,18,31,22,23,7;0,29,15,5,7;14,28,16,25,30;7,20,21,11,14,23;6,27,9,26,17;1,15,24,9,7;4,27,22,23,14,30,17;0,1,5,9,26,20,3,23;10,19,13,12,28;4,26,7,5,24,18,29,15,27;8,19,20,32,16,28;3,14,12,13,21;8,13,11,14,28;8,12,11,21,19;2,28,12,11,3,23,6,30;1,5,24,27,9,29;2,25,32,10,28;4,26,20,32,25,30,6;0,29,9,24,31;8,10,20,21,13;3,7,26,17,32,10,19,21;3,20,19,13,11;0,23,6,27,31;0,22,6,14,3,7;5,9,18,31,27,15;2,30,17,32,16;4,17,20,7,9;4,6,22,31,24,15,9;2,14,12,8,10,16;0,1,15,9,18;2,25,17,6,14;0,22,27,24,18;10,16,25,17,20
rp2_c33_w14_t650 33 1,29,18,31,22,23,7;0,29,15,5,7;14,28,16,25,30;7,20,21,11,14,23;6,27,9,26,17;1,15,24,9,26,7;4,27,22,23,14,30,17;0,1,5,26,20,3,23;10,19,13,12,28;4,26,5,24,18,29,15,27;8,19,20,32,16,28;3,14,12,13,21;8,13,11,14,28;8,12,11,21,19;2,28,12,11,3,23,6,30;1,5,24,31,27,9,29;2,25,32,10,28;4,26,20,32,25,30,6;0,29,9,24,31;8,10,20,21,13;3,7,26,17,32,10,19,21;3,20,19,13,11;0,23,6,27,31;0,22,6,14,3,7;5,9,18,31,15;2,30,17,32,16;4,17,20,7,5,9;4,6,22,31,15,9;2,14,12,8,10,16;0,1,15,9,18;2,25,17,6,14;0,22,27,15,24,18;10,16,25,17,20
rp2_c33_w14_t712 33 1,29,18,31,22,23,7;0,29,15,5,26,7;14,28,16,25,30;7,20,21,11,14,23;6,27,9,26,17;1,15,24,9,26;4,27,22,23,14,30,17;0,1,26,20,3,23;10,19,13,12,28;4,26,5,24,18,29,15,27;8,19,20,32,16,28;3,14,12,13,21;8,13,11,14,28;8,12,11,21,19;2,28,12,11,3,23,6,30;1,5,24,27,9,29;2,25,32,10,28;4,26,20,32,25,30,6;0,29,9,24,31;8,10,20,21,13;3,7,26,17,32,10,19,21;3,20,19,13,11;0,23,6,27,31;0,22,6,14,3,7;5,9,18,31,27,15;2,30,17,32,16;1,5,9,4,17,20,7;4,6,22,31,24,15,9;2,14,12,8,10,16;0,1,15,9,18;2,25,17,6,14;0,22,27,24,18;10,16,25,17,20
rp2_c33_w14_t770 33 1,29,18,31,22,23,7;0,29,15,5,7;14,28,16,25,30;7,20,21,11,14,23;6,27,9,26,20,17;1,15,24,9,26,7;4,27,22,23,14,30,17;0,1,5,26,20,3,23;10,19,13,12,28;4,26,5,24,18,29,15,27;8,19,20,32,16,28;3,14,12,13,21;8,13,11,14,28;8,12,11,21,19;2,28,12,11,3,23,6,30;1,5,24,27,9,29;2,25,32,10,28;4,20,32,25,30,6;0,29,9,24,31;8,10,20,21,13;3,7,26,4,17,32,10,19,21;3,20,19,13,11;0,23,6,27,31;0,22,6,14,3,7;5,9,18,31,27,15;2,30,17,32,16;4,9,5,7,20;4,6,22,31,24,15,9;2,14,12,8,10,16;0,1,15,9,18;2,25,17,6,14;0,22,27,24,18;10,16,25,17,20
rp2_c33_w14_t800 33 1,29,18,31,22,23,7;0,29,15,24,5,7;14,28,16,25,30;7,20,21,11,14,23;6,27,9,26,17;1,24,9,26,7;4,27,22,23,14,30,17;0,1,5,26,20,3,23;10,19,13,12,28;4,26,5,24,18,29,15,27;8,19,20,32,16,28;3,14,12,13,21;8,13,11,14,28;8,12,11,21,19;2,28,12,11,3,23,6,30;1,29,9,27,24;2,25,32,10,28;4,26,20,32,25,30,6;0,29,9,24,31;8,10,20,21,13;3,7,26,17,32,10,19,21;3,20,19,13,11;0,23,6,27,31;0,22,6,14,3,7;1,5,9,18,31,27,15;2,30,17,32,16;4,17,20,7,5,9;4,6,22,31,24,15,9;2,14,12,8,10,16;0,1,15,9,18;2,25,17,6,14;0,22,27,24,18;10,16,25,17,20
rp2_c33_w14_t872 33 1,29,18,31,22,23,7;0,29,15,5,7;14,28,16,25,30;7,20,21,11,14,23;6,27,15,9,26,17;1,15,24,9,26,7;4,27,22,23,14,30,17;0,1,5,26,20,3,23;10,19,13,12,28;4,26,5,24,18,29,15;8,19,20,32,16,28;3,14,12,13,21;8,13,11,14,28;8,12,11,21,19;2,28,12,11,3,23,6,30;1,5,24,27,4,9,29;2,25,32,10,28;4,26,20,32,25,30,6;0,29,9,24,31;8,10,20,21,13;3,7,26,17,32,10,19,21;3,20,19,13,11;0,23,6,27,31;0,22,6,14,3,7;5,9,18,31,27,15;2,30,17,32,16;4,17,20,7,5,9;4,6,22,31,24,15;2,14,12,8,10,16;0,1,15,9,18;2,25,17,6,14;0,22,27,24,18;10,16,25,17,20
rp2_c33_w14_t873 33 1,29,18,31,22,23,7;0,29,15,5,7;14,28,16,25,30;7,20,21,11,14,23;5,9,15,27,6,17,26;1,15,24,9,4,26,7;4,27,22,23,14,30,17;0,1,5,26,20,3,23;10,19,13,12,28;4,5,24,18,29,15;8,19,20,32,16,28;3,14,12,13,21;8,13,11,14,28;8,12,11,21,19;2,28,12,11,3,23,6,30;1,5,24,27,4,9,29;2,25,32,10,28;4,26,20,32,25,30,6;0,29,9,24,31;8,10,20,21,13;3,7,26,17,32,10,19,21;3,20,19,13,11;0,23,6,27,31;0,22,6,14,3,7;5,9,18,31,27,15;2,30,17,32,16;4,17,20,7,5;4,6,22,31,24,15;2,14,12,8,10,16;0,1,15,9,18;2,25,17,6,14;0,22,27,24,18;10,16,25,17,20
rp2_c33_w14_t874 33 1,29,18,31,22,23,7;0,29,15,5,7;14,28,16,25,30;7,20,21,11,14,23;6,22,27,15,9,26,17;1,15,24,9,26,7;4,22,23,14,30,17;0,1,5,26,20,3,23;10,19,13,12,28;4,26,5,24,18,29,15;8,19,20,32,16,28;3,14,12,13,21;8,13,11,14,28;8,12,11,21,19;2,28,12,11,3,23,6,30;1,5,24,27,4,9,29;2,25,32,10,28;4,26,20,32,25,30,6;0,29,9,24,31;8,10,20,21,13;3,7,26,17,32,10,19,21;3,20,19,13,11;0,23,6,4,27,31;0,22,6,14,3,7;5,9,18,31,27,15;2,30,17,32,16;4,17,20,7,5,9;4,22,31,24,15;2,14,12,8,10,16;0,1,15,9,18;2,25,17,6,14;0,22,27,24,18;10,16,25,17,20
rp2_c33_w14_t876 33 1,29,18,31,22,23;0,29,15,5,7,23;14,28,16,25,30;7,20,21,11,14,23;6,27,15,9,26,17;1,15,24,9,26,7;4,27,22,23,14,30,17;1,5,26,20,3,23;10,19,13,12,28;4,26,5,24,18,29,15;8,19,20,32,16,28;3,14,12,13,21;8,13,11,14,28;8,12,11,21,19;2,28,12,11,3,23,6,30;1,5,24,27,4,9,29;2,25,32,10,28;4,26,20,32,25,30,6;0,29,9,24,31;8,10,20,21,13;3,7,26,17,32,10,19,21;3,20,19,13,11;0,23,6,27,31;0,22,6,14,3,7,1;5,9,18,31,27,15;2,30,17,32,16;4,17,20,7,5,9;4,6,22,31,24,15;2,14,12,8,10,16;0,1,15,9,18;2,25,17,6,14;0,22,27,24,18;10,16,25,17,20
rp2_c33_w14_t882 33 1,29,18,31,22,23,7;0,29,15,24,5,7;14,28,16,25,30;7,20,21,11,14,23;6,27,15,9,26,17;1,24,9,26,7;4,27,22,23,14,30,17;0,1,5,26,20,3,23;10,19,13,12,28;4,26,5,24,18,29,15;8,19,20,32,16,28;3,14,12,13,21;8,13,11,14,28;8,12,11,21,19;2,28,12,11,3,23,6,30;1,29,9,4,27,24;2,25,32,10,28;4,26,20,32,25,30,6;0,29,9,24,31;8,10,20,21,13;3,7,26,17,32,10,19,21;3,20,19,13,11;0,23,6,27,31;0,22,6,14,3,7;1,5,9,18,31,27,15;2,30,17,32,16;4,17,20,7,5,9;4,6,22,31,24,15;2,14,12,8,10,16;0,1,15,9,18;2,25,17,6,14;0,22,27,24,18;10,16,25,17,20
rp2_c33_w14_t883 33 1,29,18,31,22,23,7;0,29,15,5,7;14,28,16,25,30;7,21,11,14,23;6,27,15,9,26,17;1,15,24,9,26,7;4,27,22,23,14,30,17;0,1,5,26,20,21,3,23;10,19,13,12,28;4,26,5,24,18,29,15;8,19,20,32,16,28;3,14,12,13,21;8,13,11,14,28;8,12,11,21,19;2,28,12,11,3,23,6,30;1,5,24,27,4,9,29;2,25,32,10,28;4,26,20,32,25,30,6;0,29,9,24,31;8,10,20,21,13;7,21,19,10,32,17,26;3,7,20,19,13,11;0,23,6,27,31;0,22,6,14,3,7;5,9,18,31,27,15;2,30,17,32,16;4,17,20,7,5,9;4,6,22,31,24,15;2,14,12,8,10,16;0,1,15,9,18;2,25,17,6,14;0,22,27,24,18;10,16,25,17,20
rp2_c33_w14_t885 33 1,29,18,31,22,23,7;0,29,15,5,7;14,28,16,25,30;7,20,21,11,14,23;6,27,15,9,26,17;1,15,24,9,26,20,7;4,27,22,23,14,30,17;0,1,5,20,3,23;10,19,13,12,28;4,26,5,24,18,29,15;8,19,20,32,16,28;3,14,12,13,21;8,13,11,14,28;8,12,11,21,19;2,28,12,11,3,23,6,30;1,5,24,27,4,9,29;2,25,32,10,28;4,26,20,32,25,30,6;0,29,9,24,31;8,10,20,21,13;3,7,5,26,17,32,10,19,21;3,20,19,13,11;0,23,6,27,31;0,22,6,14,3,7;5,9,18,31,27,15;2,30,17,32,16;4,17,20,5,9;4,6,22,31,24,15;2,14,12,8,10,16;0,1,15,9,18;2,25,17,6,14;0,22,27,24,18;10,16,25,17,20
rp2_c33_w14_t892 33 1,29,18,31,22,23,7;0,29,15,5,7;14,28,16,25,30;7,20,21,11,14,23;6,27,15,26,17;1,15,24,9,26,7;4,27,22,23,14,30,17;0,1,5,26,20,3,23;10,19,13,12,28;5,24,18,29,15,26;8,19,20,32,16,28;3,14,12,13,21;8,13,11,14,28;8,12,11,21,19;2,28,12,11,3,23,6,30;1,5,24,27,4,26,9,29;2,25,32,10,28;4,26,20,32,25,30,6;0,29,9,24,31;8,10,20,21,13;3,7,26,17,32,10,19,21;3,20,19,13,11;0,23,6,27,31;0,22,6,14,3,7;5,9,18,31,27,15;2,30,17,32,16;4,17,20,7,5,9,15;4,6,22,31,24,15;2,14,12,8,10,16;0,1,15,9,18;2,25,17,6,14;0,22,27,24,18;10,16,25,17,20
rp2_c33_w14_t941 33 1,29,18,31,22,23,7;0,29,15,5,7;14,28,16,25,30;7,20,21,11,23;6,27,15,9,26,17;1,15,24,9,26,7;4,27,22,23,14,30,17;0,1,5,26,20,3,23;10,19,13,12,28;4,26,5,24,18,29,15;8,19,20,32,16,28;3,23,14,12,13,21;8,13,11,14,28;8,12,11,21,19;2,28,12,11,23,6,30;1,5,24,27,4,9,29;2,25,32,10,28;4,26,20,32,25,30,6;0,29,9,24,31;8,10,20,21,13;3,7,26,17,32,10,19,21;3,20,19,13,11;0,23,6,27,31;0,22,6,14,11,3,7;5,9,18,31,27,15;2,30,17,32,16;4,17,20,7,5,9;4,6,22,31,24,15;2,14,12,8,10,16;0,1,15,9,18;2,25,17,6,14;0,22,27,24,18;10,16,25,17,20
rp2_c33_w14_t942 33 1,29,18,31,22,23,7;0,29,15,5,7;14,28,16,25,30;7,20,21,11,14,23;6,27,15,9,26,17;1,15,24,9,26,7;4,27,22,23,14,30,17;0,1,5,26,20,3,23;10,19,13,12,28;4,26,5,24,18,29,15;8,19,20,32,16,28;3,14,12,13,21;8,13,11,14,28;8,12,11,21,19;2,28,12,11,3,23,6,30;1,5,24,31,27,4,9,29;2,25,32,10,28;4,26,20,32,25,30,6;0,29,9,24,31;8,10,20,21,13;3,7,26,17,32,10,19,21;3,20,19,13,11;0,23,6,27,31;0,22,6,14,3,7;5,9,18,31,15;2,30,17,32,16;4,17,20,7,5,9;4,6,22,31,15;2,14,12,8,10,16;0,1,15,9,18;2,25,17,6,14;0,22,27,15,24,18;10,16,25,17,20
rp2_c33_w14_t944 33 1,29,18,31,22,23,7;0,29,15,5,7;14,28,16,25,30;7,20,21,11,14,23;9,26,17,27,15;1,15,24,9,26,7;14,23,22,27,17,30;0,1,5,26,20,3,23;10,19,13,12,28;4,26,5,24,18,29,15;8,19,20,32,16,28;3,14,12,13,21;8,13,11,14,28;8,12,11,21,19;2,28,12,11,3,23,6,30;1,5,24,27,4,9,29;2,25,32,10,28;4,27,6,30,25,32,20,26;0,29,9,24,31;8,10,20,21,13;3,7,26,17,32,10,19,21;3,20,19,13,11;0,23,6,27,31;0,22,6,14,3,7;5,9,18,31,27,15;2,30,17,32,16;4,17,20,7,5,9;4,17,6,22,31,24,15;2,14,12,8,10,16;0,1,15,9,18;2,25,17,6,14;0,22,27,24,18;10,16,25,17,20
rp2_c33_w14_t946 33 1,29,18,31,22,23,7;0,29,15,5,7;14,28,16,25,30;7,20,21,11,14,23;6,27,15,29,9,26,17;1,15,24,9,26,7;4,27,22,23,14,30,17;0,1,5,26,20,3,23;10,19,13,12,28;4,26,5,24,18,29;8,19,20,32,16,28;3,14,12,13,21;8,13,11,14,28;8,12,11,21,19;2,28,12,11,3,23,6,30;1,5,24,27,4,29;2,25,32,10,28;4,26,20,32,25,30,6;0,29,9,24,31;8,10,20,21,13;3,7,26,17,32,10,19,21;3,20,19,13,11;0,23,6,27,31;0,22,6,14,3,7;5,9,18,31,27,15;2,30,17,32,16;4,17,20,7,5,9;4,6,22,31,24,15;2,14,12,8,10,16;0,1,15,4,9,18;2,25,17,6,14;0,22,27,24,18;10,16,25,17,20
rp2_c33_w14_t950 33 1,29,18,31,22,23,7;0,29,15,5,7;14,28,16,25,30;7,20,21,11,14,23;6,27,15,9,26,17;1,15,24,9,26,7;4,27,22,23,30,17;0,1,5,26,20,3,23;10,19,13,12,28;4,26,5,24,18,29,15;8,19,20,32,16,28;3,14,12,13,21;8,13,11,14,28;8,12,11,21,19;2,28,12,11,3,23,30;1,5,24,27,4,9,29;2,25,32,10,28;4,26,20,32,25,30,6;0,29,9,24,31;8,10,20,21,13;3,7,26,17,32,10,19,21;3,20,19,13,11;0,23,6,27,31;0,22,6,30,14,3,7;5,9,18,31,27,15;2,30,17,32,16;4,17,20,7,5,9;4,6,22,31,24,15;2,14,12,8,10,16;0,1,15,9,18;2,25,17,6,23,14;0,22,27,24,18;10,16,25,17,20
rp2_c33_w14_t961 33 1,29,18,31,22,23,7;0,29,15,5,7;14,28,16,25,30;7,20,21,11,14,23;6,27,15,9,26,17;1,15,24,9,26,7;4,27,22,23,14,30,17;0,1,5,26,17,20,3,23;10,19,13,12,28;4,26,5,24,18,29,15;8,19,20,32,16,28;3,14,12,13,21;8,13,11,14,28;8,12,11,21,19;2,28,12,11,3,23,6,30;1,5,24,27,4,9,29;2,25,32,10,28;4,26,7,20,32,25,30,6;0,29,9,24,31;8,10,20,21,13;3,7,17,32,10,19,21;3,20,19,13,11;0,23,6,27,31;0,22,6,14,3,7;5,9,18,31,27,15;2,30,17,32,16;4,17,7,5,9;4,6,22,31,24,15;2,14,12,8,10,16;0,1,15,9,18;2,25,17,6,14;0,22,27,24,18;10,16,25,17,20
rp2_c33_w14_t962 33 1,29,18,31,22,23,7;0,29,15,5,7;14,28,16,25,30;7,20,21,11,14,23;6,27,24,15,9,26,17;1,15,24,9,26,7;4,27,22,23,14,30,17;0,1,5,26,20,3,23;10,19,13,12,28;4,26,5,24,18,29,15;8,19,20,32,16,28;3,14,12,13,21;8,13,11,14,28;8,12,11,21,19;2,28,12,11,3,23,6,30;1,5,24,4,9,29;2,25,32,10,28;4,26,20,32,25,30,6;0,29,9,24,31;8,10,20,21,13;3,7,26,17,32,10,19,21;3,20,19,13,11;0,23,6,27,31;0,22,6,14,3,7;4,15,5,9,18,31,27;2,30,17,32,16;4,17,20,7,5,9;4,6,22,31,24;2,14,12,8,10,16;0,1,15,9,18;2,25,17,6,14;0,22,27,24,18;10,16,25,17,20
rp2_c33_w14_t973 33 1,29,18,31,22,23,7;0,29,15,5,7;14,28,16,25,30;7,20,21,11,14,23;6,27,15,9,26,17,30;1,15,24,9,26,7;4,27,22,23,14,30;0,1,5,26,20,3,23;10,19,13,12,28;4,26,5,24,18,29,15;8,19,20,32,16,28;3,14,12,13,21;8,13,11,14,28;8,12,11,21,19;2,28,12,11,3,23,6,30;1,5,24,27,4,9,29;2,25,32,10,28;4,26,20,32,25,30;0,29,9,24,31;8,10,20,21,13;3,7,26,17,32,10,19,21;3,20,19,13,11;0,23,6,27,31;0,22,6,14,3,7;5,9,18,31,27,15;2,30,17,32,16;4,17,20,7,5,9;4,6,22,31,24,15;2,14,12,8,10,16;0,1,15,9,18;2,25,17,4,6,14;0,22,27,24,18;10,16,25,17,20
rp2_c33_w14_t979 33 1,29,18,31,22,23,7;0,29,15,5,7;14,28,16,25,30;7,20,21,11,14,23;6,27,15,9,26,20,17;1,15,24,9,26,7;4,27,22,23,14,30,17;0,1,5,26,20,3,23;10,19,13,12,28;4,26,5,24,18,29,15;8,19,20,32,16,28;3,14,12,13,21;8,13,11,14,28;8,12,11,21,19;2,28,12,11,3,23,6,30;1,5,24,27,4,9,29;2,25,32,10,28;4,20,32,25,30,6;0,29,9,24,31;8,10,20,21,13;3,7,26,4,17,32,10,19,21;3,20,19,13,11;0,23,6,27,31;0,22,6,14,3,7;5,9,18,31,27,15;2,30,17,32,16;4,9,5,7,20;4,6,22,31,24,15;2,14,12,8,10,16;0,1,15,9,18;2,25,17,6,14;0,22,27,24,18;10,16,25,17,20
rp2_c33_w14_t994 33 1,29,18,31,22,23,7;0,29,15,5,7;14,28,16,25,30;7,20,21,11,14,23;6,27,15,9,26,17;1,15,24,18,9,26,7;4,27,22,23,14,30,17;0,1,5,26,20,3,23;10,19,13,12,28;4,26,5,18,29,15;8,19,20,32,16,28;3,14,12,13,21;8,13,11,14,28;8,12,11,21,19;2,28,12,11,3,23,6,30;1,5,24,27,4,9,29;2,25,32,10,28;4,26,20,32,25,30,6;0,29,9,5,24,31;8,10,20,21,13;3,7,26,17,32,10,19,21;3,20,19,13,11;0,23,6,27,31;0,22,6,14,3,7;5,15,27,31,18;2,30,17,32,16;4,17,20,7,5,9;4,6,22,31,24,15;2,14,12,8,10,16;0,1,15,9,18;2,25,17,6,14;0,22,27,24,18;10,16,25,17,20
rp2_c33_w14_t1013 33 1,29,18,31,22,23,7;0,29,15,5,7;14,28,16,25,30;7,20,21,11,14,23;6,27,15,9,26;1,15,24,9,26,7;4,27,22,23,14,30,17,26;0,1,5,26,20,3,23;10,19,13,12,28;4,26,5,24,18,29,15;8,19,20,32,16,28;3,14,12,13,21;8,13,11,14,28;8,12,11,21,19;2,28,12,11,3,23,6,30;1,5,24,27,4,9,29;2,25,32,10,28;6,30,25,32,20,26;0,29,9,24,31;8,10,20,21,13;3,7,26,17,32,10,19,21;3,20,19,13,11;0,23,6,27,31;0,22,6,14,3,7;5,9,18,31,27,15;2,30,17,32,16;4,6,17,20,7,5,9;4,6,22,31,24,15;2,14,12,8,10,16;0,1,15,9,18;2,25,17,6,14;0,22,27,24,18;10,16,25,17,20
rp2_c33_w14_t1044 33 1,29,18,31,22,23,3,7;0,29,15,5,7;14,28,16,25,30;0,7,20,21,11,14,23;6,27,15,9,26,17;1,15,24,9,26,7;4,27,22,23,14,30,17;0,1,5,26,20,3;10,19,13,12,28;4,26,5,24,18,29,15;8,19,20,32,16,28;3,14,12,13,21;8,13,11,14,28;8,12,11,21,19;2,28,12,11,3,23,6,30;1,5,24,27,4,9,29;2,25,32,10,28;4,26,20,32,25,30,6;0,29,9,24,31;8,10,20,21,13;3,7,26,17,32,10,19,21;3,20,19,13,11;0,23,6,27,31;0,22,6,14,3;5,9,18,31,27,15;2,30,17,32,16;4,17,20,7,5,9;4,6,22,31,24,15;2,14,12,8,10,16;0,1,15,9,18;2,25,17,6,14;0,22,27,24,18;10,16,25,17,20
rp2_c33_w14_t1049 33 1,29,18,31,22,23,7;0,29,15,5,7;14,28,16,25,30;7,20,21,11,14,23;6,15,9,26,17;1,15,24,9,26,7;4,15,27,22,23,14,30,17;0,1,5,26,20,3,23;10,19,13,12,28;4,26,5,24,18,29,15;8,19,20,32,16,28;3,14,12,13,21;8,13,11,14,28;8,12,11,21,19;2,28,12,11,3,23,6,30;1,5,24,27,6,4,9,29;2,25,32,10,28;4,26,20,32,25,30,6;0,29,9,24,31;8,10,20,21,13;3,7,26,17,32,10,19,21;3,20,19,13,11;0,23,6,27,31;0,22,6,14,3,7;5,9,18,31,27,15;2,30,17,32,16;4,17,20,7,5,9;6,22,31,24,15;2,14,12,8,10,16;0,1,15,9,18;2,25,17,6,14;0,22,27,24,18;10,16,25,17,20
rp2_c33_w14_t1098 33 1,29,18,31,22,23,7;0,29,15,5,7;14,28,16,25,30;7,20,21,11,14,23;6,27,9,26,17;1,15,24,9,26,7;4,27,22,23,14,30,17;0,1,5,26,20,3,23;10,19,13,12,28;4,26,5,24,18,29,27;8,19,20,32,16,28;3,14,12,13,21;8,13,11,14,28;8,12,11,21,19;2,28,12,11,3,23,6,30;1,5,24,27,29;2,25,32,10,28;4,26,20,32,25,30,6;0,29,9,24,31;8,10,20,21,13;3,7,26,17,32,10,19,21;3,20,19,13,11;0,23,6,27,31;0,22,6,14,3,7;5,9,18,31,27,15;2,30,17,32,16;4,17,20,7,5,9;4,6,22,31,24,15,29,9;2,14,12,8,10,16;0,1,15,27,9,18;2,25,17,6,14;0,22,27,24,18;10,16,25,17,20
rp2_c33_w14_t1290 33 1,29,18,31,22,23,7;0,29,15,5,7;14,28,16,25,30;7,20,21,11,14,23;6,27,15,9,26,17;1,15,24,9,7;4,27,22,23,14,30,17;0,1,5,9,26,20,3,23;10,19,13,12,28;4,26,7,5,24,18,29,15;8,19,20,32,16,28;3,14,12,13,21;8,13,11,14,28;8,12,11,21,19;2,28,12,11,3,23,6,30;1,5,24,27,4,9,29;2,25,32,10,28;4,26,20,32,25,30,6;0,29,9,24,31;8,10,20,21,13;3,7,26,17,32,10,19,21;3,20,19,13,11;0,23,6,27,31;0,22,6,14,3,7;5,9,18,31,27,15;2,30,17,32,16;4,17,20,7,9;4,6,22,31,24,15;2,14,12,8,10,16;0,1,15,9,18;2,25,17,6,14;0,22,27,24,18;10,16,25,17,20
rp2_c33_w14_t1648 33 1,29,18,31,22,23,7;0,29,15,5,7;14,28,16,25,30;7,20,21,11,14,23;6,27,15,9,26,17;1,15,27,24,9,26,7;4,27,22,23,14,30,17;0,1,5,26,20,3,23;10,19,13,12,28;4,26,5,24,18,29,15;8,19,20,32,16,28;3,14,12,13,21;8,13,11,14,28;8,12,11,21,19;2,28,12,11,3,23,6,30;1,5,27,4,9,29;2,25,32,10,28;4,26,20,32,25,30,6;0,29,9,24,31;8,10,20,21,13;3,7,26,17,32,10,19,21;3,20,19,13,11;0,23,6,27,31;0,22,6,14,3,7;5,9,18,31,27;2,30,17,32,16;4,17,20,7,5,9;4,6,22,31,24,5,15;2,14,12,8,10,16;0,1,15,9,18;2,25,17,6,14;0,22,27,24,18;10,16,25,17,20
rp2_c33_w14_t1666 33 1,29,18,31,22,23,7;0,29,15,5,7;14,28,16,25,30;7,20,21,11,14,23;6,27,15,9,17;1,15,24,9,26,7;4,27,22,23,14,30,17;0,1,5,26,20,3,23;10,19,13,12,28;4,17,26,5,24,18,29,15;8,19,20,32,16,28;3,14,12,13,21;8,13,11,14,28;8,12,11,21,19;2,28,12,11,3,23,6,30;1,5,24,27,4,9,29;2,25,32,10,28;4,9,26,20,32,25,30,6;0,29,9,24,31;8,10,20,21,13;3,7,26,17,32,10,19,21;3,20,19,13,11;0,23,6,27,31;0,22,6,14,3,7;5,9,18,31,27,15;2,30,17,32,16;5,7,20,17,9;4,6,22,31,24,15;2,14,12,8,10,16;0,1,15,9,18;2,25,17,6,14;0,22,27,24,18;10,16,25,17,20
rp2_c33_w14_t1701 33 1,29,18,31,22,23,7;0,29,15,5,7;14,28,16,25,30;7,20,21,11,14,23;6,27,15,9,26,17;1,15,24,26,7;4,27,22,23,14,30,17;0,1,5,26,20,3,23;10,19,13,12,28;4,26,24,18,29,15;8,19,20,32,16,28;3,14,12,13,21;8,13,11,14,28;8,12,11,21,19;2,28,12,11,3,23,6,30;1,5,24,27,4,9,29;2,25,32,10,28;4,26,20,32,25,30,6;0,29,9,24,31;8,10,20,21,13;3,7,26,17,32,10,19,21;3,20,19,13,11;0,23,6,27,31;0,22,6,14,3,7;5,26,9,18,31,27,15;2,30,17,32,16;4,17,20,7,5,24,9;4,6,22,31,24,15;2,14,12,8,10,16;0,1,15,9,18;2,25,17,6,14;0,22,27,24,18;10,16,25,17,20
rp2_c33_w14_t1726 33 1,29,18,31,22,23,7;0,29,15,5,26,7;14,28,16,25,30;7,20,21,11,14,23;6,27,15,9,26,17;1,15,24,9,26;4,27,22,23,14,30,17;0,1,26,20,3,23;10,19,13,12,28;4,26,5,24,18,29,15;8,19,20,32,16,28;3,14,12,13,21;8,13,11,14,28;8,12,11,21,19;2,28,12,11,3,23,6,30;1,5,24,27,4,9,29;2,25,32,10,28;4,26,20,32,25,30,6;0,29,9,24,31;8,10,20,21,13;3,7,26,17,32,10,19,21;3,20,19,13,11;0,23,6,27,31;0,22,6,14,3,7;5,9,18,31,27,15;2,30,17,32,16;1,5,9,4,17,20,7;4,6,22,31,24,15;2,14,12,8,10,16;0,1,15,9,18;2,25,17,6,14;0,22,27,24,18;10,16,25,17,20
rp2_c33_w15_t611 25 2,10,6,23,21,5,14;10,20,23,15,16;0,10,3,11,14;2,10,16,7,4,24,13,11;3,24,19,12,7;0,21,8,9,14;0,10,20,17,15,23;3,4,12,21,15,16;5,21,18,22,13,9;5,14,11,13,8;0,2,3,16,1,20,6;2,3,13,9,14;4,7,21,18,19;3,11,9,8,22,24;0,2,11,9,5;1,23,6,17,21,7,16;1,10,3,7,15;6,15,21,23,20;8,21,12,19,22;4,24,22,18,12;1,23,17,6,10;0,5,8,18,12,7,15,17,23;8,18,19,24,13;0,21,17,20,1,15,6;3,4,19,22,13
rp2_c33_w15_t619 25 2,10,20,6,23,21,5,14;10,20,23,15,16;0,10,3,11,14;2,10,16,7,4,24,13,11;3,24,19,12,7;0,21,8,9,14;0,20,17,15,23;3,4,12,21,15,16;5,21,18,22,13,9;5,14,11,13,8;0,2,3,16,1,20;2,3,13,9,14;4,7,21,18,19;3,11,9,8,22,24;0,2,11,9,5;1,23,6,17,21,7,16;1,10,3,7,15;6,15,21,23,20;8,21,12,19,22;4,24,22,18,12;0,6,17,23,1,10;0,5,8,18,12,7,15,17,23;8,18,19,24,13;0,21,17,20,1,15,6;3,4,19,22,13
rp2_c33_w16_t581 24 2,12,19,15,10,21;4,8,9,22,11;0,12,8,4,20,17,21;6,11,9,8,12,19;1,8,2,20,14,16,11;13,17,20,14,23;3,11,22,16,23,13,18,15,19;10,18,13,17,21;1,4,2,12,3,9;1,22,16,11,3,8;0,15,18,7,21;1,22,6,3,9,16,4;0,2,8,3,19;5,17,7,18,6,23;4,16,23,5,20;0,10,18,6,19;4,11,9,22,6,23,14;2,20,5,13,7,21;6,15,10,7,13;0,12,3,6,15;2,4,14,5,17;0,2,17,7,10;1,11,6,16,9;5,13,6,16,14
rp2_c33_w24_t321 24 2,14,13,9,15,3;5,19,9,12,22,23;0,14,8,17,7,23,21,3;0,2,21,10,15;8,11,18,16,14;1,19,10,21,23;11,17,16,22,23,20,18;2,17,16,20,23;2,14,4,11,17;0,13,12,1,19,15;3,21,5,19,15;4,8,17,6,18;1,9,13,16,22;0,9,12,16,14;0,2,8,4,16,13;0,9,19,10,3;4,14,13,12,22,6,17,7,20,18;2,7,16,6,11,8;4,11,6,20,16;1,5,10,15,9;6,18,16,7,23;2,3,10,5,23;1,12,16,6,23;1,5,21,2,7,20,6,22
rp2_c33_w25_t764 24 2,9,20,10,4;5,13,18,11,15,19,22,21,12;0,9,13,7,16,3,19,4;2,19,23,11,16;0,10,22,19,2;1,13,9,20,6,12;5,12,8,14,20;2,13,18,15,16;6,12,21,17,14;0,2,13,5,20;0,4,22,17,14,20;1,15,16,3,23,18;1,5,6,8,21;1,5,9,2,7,18;6,20,10,17,8;1,11,16,7,18,23,19;2,3,11,15,7;8,21,22,10,14;1,11,23,15,7,13;1,15,23,3,2,4,22;0,10,14,6,5,9;1,22,17,8,12;1,19,4,10,17,21;3,19,15,18,11
rp2_c33_w25_t814 24 2,9,20,10,4;5,13,18,11,19,22,21,12;0,9,13,7,16,3,19,4;2,19,23,11,16;0,10,22,19,2;1,13,9,20,6,12;5,12,8,14,20;2,13,18,15,16;6,12,21,17,14;0,2,13,5,20;0,4,22,17,14,20;1,19,15,16,3,23,18;1,5,6,8,21;1,5,9,2,7,18;6,20,10,17,8;7,16,11,19,23,18;2,3,11,15,7;8,21,22,10,14;1,11,23,15,7,13;1,11,15,23,3,2,4,22;0,10,14,6,5,9;1,22,17,8,12;1,19,4,10,17,21;3,19,15,18,11
rp2_c33_w25_t851 24 2,9,20,10,4;5,13,11,19,22,21,12;0,9,13,7,16,3,19,4;2,19,23,11,16;0,10,22,19,2;1,13,9,20,6,12;5,12,8,14,20;2,13,18,15,16;6,12,21,17,14;0,2,13,5,20;0,4,22,17,14,20;1,19,15,16,3,23,18,13;1,5,6,8,21;1,5,9,2,7,18,11;6,20,10,17,8;7,16,11,19,23,18;2,3,11,15,7;8,21,22,10,14;7,15,23,11,13;1,11,15,23,3,2,4,22;0,10,14,6,5,9;1,22,17,8,12;1,19,4,10,17,21;3,19,15,18,11
rp2_c33_w25_t853 24 2,9,20,10,4;5,13,19,22,21,12;0,9,13,7,16,3,19,4;2,19,23,11,16;0,10,22,19,2;1,13,9,20,6,12;5,12,8,14,20;2,13,18,15,16;6,12,21,17,14;0,2,13,5,20;0,4,22,17,14,20;3,16,15,19,13,18,23;1,5,6,8,21;1,5,9,2,7,18,11,19;6,20,10,17,8;7,16,11,19,23,18;2,3,11,15,7;8,21,22,10,14;7,15,23,11,13;1,13,11,15,23,3,2,4,22;0,10,14,6,5,9;1,22,17,8,12;1,19,4,10,17,21;3,19,15,18,11
rp2_c33_w25_t872 24 2,9,20,10,4;5,13,19,22,21,12;0,9,13,7,16,3,19,4;2,19,23,11,16;0,10,22,19,2;1,13,9,20,6,12;5,12,8,14,20;2,13,18,15,16;6,12,21,17,14;0,2,13,5,20;0,4,22,17,14,20;3,16,19,13,18,23;1,5,6,8,21;1,5,9,2,7,18,11,19;6,20,10,17,8;7,16,19,23,18;2,3,11,19,15,7;8,21,22,10,14;7,15,23,11,13;1,13,11,16,15,23,3,2,4,22;0,10,14,6,5,9;1,22,17,8,12;1,19,4,10,17,21;3,19,15,18,11
rp2_c33_w25_t957 24 2,9,20,10,4;5,13,11,19,22,21,12;0,9,13,7,16,3,19,4;2,19,23,11,16;0,10,22,19,2;1,13,9,20,6,12;5,12,8,14,20;2,13,18,15,16;6,12,21,17,14;0,2,13,5,20;0,4,22,17,14,20;1,13,18,23,3,16,15,19;1,5,6,8,21;1,5,9,2,7,18,11;6,20,10,17,8;7,16,11,19,23,18;2,3,11,15,7;8,21,22,10,14;7,15,23,11,13;1,11,15,23,3,2,4,22;0,10,14,6,5,9;1,22,17,8,12;1,19,4,10,17,21;3,19,15,18,11
rp2_c33_w25_t959 24 2,9,20,10,4;5,13,18,11,19,22,21,12;0,9,13,7,16,3,19,4;2,19,23,11,16;0,10,22,19,2;1,13,9,20,6,12;5,12,8,14,20;2,13,18,15,16;6,12,21,17,14;0,2,13,5,20;0,4,22,17,14,20;1,18,23,3,16,15,19;1,5,6,8,21;1,5,9,2,7,18;6,20,10,17,8;7,16,11,19,23,18;2,3,11,15,7;8,21,22,10,14;1,11,23,15,7,13;1,11,15,23,3,2,4,22;0,10,14,6,5,9;1,22,17,8,12;1,19,4,10,17,21;3,19,15,18,11
rp2_c33_w25_t995 24 2,9,20,10,4;5,13,11,15,19,22,21,12;0,9,13,7,16,3,19,4;2,19,23,11,16;0,10,22,19,2;1,13,9,20,6,12;5,12,8,14,20;2,13,18,15,16;6,12,21,17,14;0,2,13,5,20;0,4,22,17,14,20;1,13,18,23,3,16,15;1,5,6,8,21;1,5,9,2,7,18,11;6,20,10,17,8;1,11,16,7,18,23,19;2,3,11,15,7;8,21,22,10,14;7,15,23,11,13;1,15,23,3,2,4,22;0,10,14,6,5,9;1,22,17,8,12;1,19,4,10,17,21;3,19,15,18,11
rp2_c33_w25_t1073 24 2,9,20,10,4;5,13,18,11,15,19,22,21,12;0,9,13,7,16,3,19,4;2,19,23,11,16;0,10,22,19,2;1,13,9,20,6,12;5,12,8,14,20;2,13,18,15,16;6,12,21,17,14;0,2,13,5,20;0,4,22,17,14,20;1,18,23,3,16,15;1,5,6,8,21;1,5,9,2,7,18;6,20,10,17,8;1,11,16,7,18,23,19;2,3,11,15,7;8,21,22,10,14;1,11,23,15,7,13;1,15,23,3,2,4,22;0,10,14,6,5,9;1,22,17,8,12;1,19,4,10,17,21;3,19,15,18,11
rp2_c33_w25_t1396 24 2,9,20,10,4;5,13,19,22,21,12;0,9,13,7,16,3,19,4;2,19,23,11,16;0,10,22,19,2;1,13,9,20,6,12;5,12,8,14,20;2,13,18,15,16;6,12,21,17,14;0,2,13,5,20;0,4,22,17,14,20;3,16,19,18,23;1,5,6,8,21;1,5,9,2,7,18,19;6,20,10,17,8;7,16,19,23,18;2,3,11,19,15,7;8,21,22,10,14;7,15,23,11,19,13;1,13,18,11,16,15,23,3,2,4,22;0,10,14,6,5,9;1,22,17,8,12;1,19,4,10,17,21;3,19,15,18,11
rp2_c33_w25_t1411 24 2,9,20,10,4;5,13,19,22,21,12;0,9,13,7,3,19,4;2,19,23,11,16,7;0,10,22,19,2;1,13,9,20,6,12;5,12,8,14,20;2,3,16,15,18,13;6,12,21,17,14;0,2,13,5,20;0,4,22,17,14,20;3,16,19,18,23;1,5,6,8,21;1,5,9,2,7,18,19;6,20,10,17,8;7,16,19,23,18;3,7,15,19,11;8,21,22,10,14;7,15,23,11,19,13;1,13,18,11,16,15,23,3,2,4,22;0,10,14,6,5,9;1,22,17,8,12;1,19,4,10,17,21;3,19,15,18,11
rp2_c33_w25_t1431 24 2,9,20,10,4;5,13,19,22,21,12;0,9,13,18,7,3,19,4;2,19,23,11,16,7;0,10,22,19,2;1,13,9,20,6,12;5,12,8,14,20;2,3,16,15,18;6,12,21,17,14;0,2,13,5,20;0,4,22,17,14,20;3,16,19,18,23;1,5,6,8,21;1,5,9,2,18,19;6,20,10,17,8;7,16,19,23,18;3,7,15,19,11;8,21,22,10,14;2,7,15,23,11,19,13;1,13,18,11,16,15,23,3,2,4,22;0,10,14,6,5,9;1,22,17,8,12;1,19,4,10,17,21;3,19,15,18,11
rp2_c33_w25_t1556 24 2,9,20,10,4;5,13,19,22,21,12;0,9,13,7,3,19,4;2,19,23,11,16,7;0,10,22,19,2;1,13,9,20,6,12;5,12,8,14,20;2,3,16,15,13;6,12,21,17,14;0,2,13,5,20;0,4,22,17,14,20;3,16,19,18,23;1,5,6,8,21;1,5,9,2,7,15,18,19;6,20,10,17,8;7,16,19,23,18,13;3,7,15,19,11;8,21,22,10,14;11,23,15,13,19;1,13,18,11,16,15,23,3,2,4,22;0,10,14,6,5,9;1,22,17,8,12;1,19,4,10,17,21;3,19,15,18,11
rp2_c33_w25_t1582 24 2,9,20,10,4;5,13,19,22,21,12;0,9,13,7,3,23,19,4;2,23,11,16,7;0,10,22,19,2;1,13,9,20,6,12;5,12,8,14,20;2,3,16,15,13;6,12,21,17,14;0,2,13,5,20;0,4,22,17,14,20;3,16,19,18,23;1,5,6,8,21;1,5,9,2,7,15,18,19;6,20,10,17,8;7,16,19,23,18,13;3,7,15,19,11;8,21,22,10,14;11,23,15,13,19;1,13,18,11,16,15,23,2,4,22;0,10,14,6,5,9;1,22,17,8,12;1,19,4,10,17,21;2,3,11,18,15,19
rp2_c33_w25_t1591 24 2,9,20,10,4;5,13,19,22,21,12;0,9,13,7,3,23,15,19,4;2,23,11,16,7;0,10,22,19,2;1,13,9,20,6,12;5,12,8,14,20;2,3,16,15,13;6,12,21,17,14;0,2,13,5,20;0,4,22,17,14,20;3,16,19,18,23;1,5,6,8,21;1,5,9,2,7,15,18,19;6,20,10,17,8;2,19,16,7,13,18,23;3,7,15,19,11;8,21,22,10,14;11,23,15,13,19;1,13,18,11,16,15,2,4,22;0,10,14,6,5,9;1,22,17,8,12;1,19,4,10,17,21;2,3,11,18,15
rp2_c33_w25_t1606 24 2,9,20,10,4;5,13,19,22,21,12;0,9,13,7,3,23,15,16,19,4;2,23,11,16,7;0,10,22,19,2;1,13,9,20,6,12;5,12,8,14,20;2,3,16,15,13;6,12,21,17,14;0,2,13,5,20;0,4,22,17,14,20;3,16,19,18,23;1,5,6,8,21;1,5,9,2,7,15,18,19;6,20,10,17,8;2,16,7,13,18,23;2,15,7,3,11,19;8,21,22,10,14;11,23,15,13,19;1,13,18,11,16,2,4,22;0,10,14,6,5,9;1,22,17,8,12;1,19,4,10,17,21;2,3,11,18,15
rp2_c33_w25_t1611 24 2,9,20,10,4;5,13,19,22,21,12;0,9,13,7,3,23,16,19,4;2,23,11,16,7;0,10,22,19,2;1,13,9,20,6,12;5,12,8,14,20;2,3,16,15,13;6,12,21,17,14;0,2,13,5,20;0,4,22,17,14,20;3,16,19,18,23;1,5,6,8,21;1,5,9,2,7,15,18,19;6,20,10,17,8;7,16,23,18,13;2,23,15,7,3,11,19;8,21,22,10,14;11,23,15,13,19;1,13,18,11,16,2,4,22;0,10,14,6,5,9;1,22,17,8,12;1,19,4,10,17,21;2,3,11,18,15,16
rp2_c33_w25_t1624 24 2,9,20,10,4;5,13,19,22,21,12;0,9,13,7,3,23,16,4;2,23,11,16,7;0,10,22,19,16,2;1,13,9,20,6,12;5,12,8,14,20;2,3,16,15,13;6,12,21,17,14;0,2,13,5,20;0,4,22,17,14,20;3,16,19,18,23;1,5,6,8,21;1,5,9,2,7,15,18,19;6,20,10,17,8;7,16,23,18,13;2,4,19,11,3,7,15,23;8,21,22,10,14;11,23,15,13,19;1,13,18,11,16,4,22;0,10,14,6,5,9;1,22,17,8,12;1,19,4,10,17,21;2,3,11,18,15,16
rp2_c33_w25_t1716 24 2,9,20,10,4;5,13,19,22,21,12;0,9,13,7,3,23,16,4;2,23,11,16,7;0,10,22,19,11,16,2;1,13,9,20,6,12;5,12,8,14,20;2,3,16,15,13;6,12,21,17,14;0,2,13,5,20;0,4,22,17,14,20;3,16,4,19,18,23;1,5,6,8,21;1,5,9,2,7,15,18,19;6,20,10,17,8;7,16,23,18,13;2,4,11,3,7,15,23;8,21,22,10,14;11,23,15,13,19;1,13,18,11,4,22;0,10,14,6,5,9;1,22,17,8,12;1,19,4,10,17,21;2,3,11,18,15,16
rp2_c33_w25_t1876 24 2,9,20,10,4;5,13,19,22,21,12;0,9,13,7,3,23,16,19,4;2,23,11,16,7;0,10,22,19,2;1,13,9,20,6,12;5,12,8,14,20;2,3,16,15,13;6,12,21,17,14;0,2,13,5,20;0,4,22,17,14,20;3,16,19,18,23;1,5,6,8,21;1,5,9,2,7,15,18,19;6,20,10,17,8;7,16,23,18,13;2,19,11,3,7,15,23;8,21,22,10,14;11,23,15,13,19;1,13,18,11,16,2,4,22;0,10,14,6,5,9;1,22,17,8,12;1,19,4,10,17,21;2,3,11,18,15,16
rp2_c33_w30_t244 28 2,23,12,15,3;6,25,11,8,19,21,14;0,23,16,24,3;0,2,24,20,15;6,17,27,7,26,25;9,10,27,12,23,16;1,25,4,17,14;4,27,22,21,26;1,11,14,17,19;5,10,18,20,24,16;5,9,18,13,27;1,25,26,14,8;0,15,17,27,5,23;10,27,22,19,18;1,6,17,8,11,26,21;0,12,17,19,20,3;2,23,5,9,24;4,6,14,8,19,15,12,27;9,20,19,13,10;1,8,17,15,20,18,13,22,21;3,24,9,18,19,15;1,14,26,7,22,19;7,27,13,19,21;0,2,16,5,12;2,3,20,9,16;1,6,4,26,11;4,7,21,14,11,25;4,7,22,13,10,5,12,17
rp2_c33_w30_t254 28 2,23,12,15,3;6,25,11,8,19,21,14;0,23,16,24,3;0,2,24,20,15;6,27,7,26,25;9,10,27,12,23,16;1,25,4,27,17,14;4,27,22,21,26;1,11,14,17,19;5,10,18,20,24,16;5,9,18,13,27;1,25,26,14,8;0,15,17,27,5,23;10,27,22,19,18;1,6,17,8,11,26,21;0,12,17,19,20,3;2,23,5,9,24;6,14,8,19,15,12,27;9,20,19,13,10;1,8,17,15,20,18,13,22,21;3,24,9,18,19,15;1,14,26,7,22,19;7,27,13,19,21;0,2,16,5,12;2,3,20,9,16;1,6,4,26,11;4,7,21,14,11,25;4,7,22,13,10,5,12,17,6
rp2_c33_w30_t262 28 2,23,12,15,3;6,25,11,8,19,21,14;0,23,16,24,3;0,2,24,20,15;6,17,7,26,25;9,10,27,12,23,16;1,25,4,17,14;4,17,27,22,21,26;1,11,14,17,19;5,10,18,20,24,16;5,9,18,13,27;1,25,26,14,8;0,15,17,27,5,23;10,27,22,19,18;1,6,17,8,11,26,21;0,12,17,19,20,3;2,23,5,9,24;4,7,27,12,15,19,8,14,6;9,20,19,13,10;1,8,17,15,20,18,13,22,21;3,24,9,18,19,15;1,14,26,7,22,19;7,27,13,19,21;0,2,16,5,12;2,3,20,9,16;1,6,4,26,11;4,7,21,14,11,25;5,10,13,22,7,17,12
rp2_c33_w30_t289 28 2,23,12,15,3;6,25,11,8,19,21,14;0,23,16,24,3;0,2,24,20,15;6,17,7,26,25;9,10,27,12,23,16;1,25,4,17,8,14;4,17,27,22,21,26;1,11,14,6,17,19;5,10,18,20,24,16;5,9,18,13,27;1,25,26,14,8;0,15,17,27,5,23;10,27,22,19,18;1,6,8,11,26,21;0,12,17,19,20,3;2,23,5,9,24;4,7,27,12,15,19,8,6;9,20,19,13,10;1,8,17,15,20,18,13,22,21;3,24,9,18,19,15;1,14,26,7,22,19;7,27,13,19,21;0,2,16,5,12;2,3,20,9,16;1,6,4,26,11;4,7,21,14,11,25;5,10,13,22,7,17,12
rp2_c33_w30_t311 28 2,23,12,15,3;6,25,11,8,19,21,14;0,23,16,24,3;0,2,24,20,15;6,17,7,26,25;9,10,27,12,23,16;1,25,4,17,14;4,17,27,22,21,26;1,11,14,17,19;5,10,18,20,24,16;5,9,18,13,27;1,25,26,21,14,8;0,15,17,27,5,23;10,27,22,19,18;1,6,17,8,11,21;0,12,17,19,20,3;2,23,5,9,24;4,7,27,12,15,19,8,14,6;9,20,19,13,10;1,8,17,15,20,18,13,22,21;3,24,9,18,19,15;1,14,11,26,7,22,19;7,27,13,19,21;0,2,16,5,12;2,3,20,9,16;1,6,4,26,11;4,7,21,11,25;5,10,13,22,7,17,12
rp2_c33_w30_t322 28 2,23,12,15,3;6,25,8,19,21,14;0,23,16,24,3;0,2,24,20,15;6,17,7,26,25;9,10,27,12,23,16;1,25,4,17,14;4,17,27,22,21,26;1,25,11,14,17,19;5,10,18,20,24,16;5,9,18,13,27;8,25,26,21,14;0,15,17,27,5,23;10,27,22,19,18;1,6,17,8,11,21;0,12,17,19,20,3;2,23,5,9,24;4,7,27,12,15,19,8,14,6;9,20,19,13,10;1,8,17,15,20,18,13,22,21;3,24,9,18,19,15;1,14,11,26,7,22,19;7,27,13,19,21;0,2,16,5,12;2,3,20,9,16;1,6,4,26,11,8;4,7,21,11,25;5,10,13,22,7,17,12
rp2_c33_w30_t327 28 2,23,12,15,3;6,25,11,8,19,21,14;0,23,16,24,3;0,2,24,20,15;6,17,7,26,25;9,10,27,12,23,16;1,25,4,17,14;4,17,27,22,21,26;1,11,14,17,15,19;5,10,18,20,24,16;5,9,18,13,27;1,25,26,21,14,8;0,15,17,27,5,23;10,27,22,19,18;1,6,17,8,11,21;0,12,17,8,19,20,3;2,23,5,9,24;4,7,27,12,15,8,14,6;9,20,19,13,10;1,8,15,20,18,13,22,21;3,24,9,18,19,15;1,14,11,26,7,22,19;7,27,13,19,21;0,2,16,5,12;2,3,20,9,16;1,6,4,26,11;4,7,21,11,25;5,10,13,22,7,17,12
rp2_c33_w30_t330 28 2,23,12,15,3;6,25,11,8,19,21,14;0,23,16,24,3;0,2,24,20,15;6,17,7,26,25;9,10,27,12,23,16;1,25,4,17,14;4,17,27,22,21,26;1,11,14,17,15,19;5,10,18,20,24,16;5,9,18,13,27;1,25,26,14,8;0,15,17,27,5,23;10,27,22,19,18;1,6,17,8,11,26,21;0,12,17,8,19,20,3;2,23,5,9,24;4,7,27,12,15,8,14,6;9,20,19,13,10;1,8,15,20,18,13,22,21;3,24,9,18,19,15;1,14,26,7,22,19;7,27,13,19,21;0,2,16,5,12;2,3,20,9,16;1,6,4,26,11;4,7,21,14,11,25;5,10,13,22,7,17,12
rp2_c33_w30_t340 28 2,23,12,15,3;6,25,11,8,19,21,14;0,23,16,24,3;0,2,24,20,15;6,17,27,7,26,25;9,10,27,12,23,16;1,25,4,17,14;4,27,22,21,26;1,11,14,17,15,19;5,10,18,20,24,16;5,9,18,13,27;1,25,26,21,14,8;0,15,17,27,5,23;10,27,22,19,18;1,6,17,8,11,21;0,12,17,8,19,20,3;2,23,5,9,24;4,6,14,8,15,12,27;9,20,19,13,10;1,8,15,20,18,13,22,21;3,24,9,18,19,15;1,14,11,26,7,22,19;7,27,13,19,21;0,2,16,5,12;2,3,20,9,16;1,6,4,26,11;4,7,21,11,25;4,7,22,13,10,5,12,17
rp2_c33_w30_t367 28 2,23,12,15,3;6,25,11,8,19,21,14;0,23,16,24,3;0,2,24,20,15;6,17,27,7,26,25;9,10,27,12,23,16;1,25,4,17,14;4,27,22,21,26;1,11,14,17,15,19;5,10,18,20,24,16;5,9,18,13,27;1,25,26,14,8;0,15,17,27,5,23;10,27,22,19,18;1,6,17,8,11,26,21;0,12,17,8,19,20,3;2,23,5,9,24;4,6,14,8,15,12,27;9,20,19,13,10;1,8,15,20,18,13,22,21;3,24,9,18,19,15;1,14,26,7,22,19;7,27,13,19,21;0,2,16,5,12;2,3,20,9,16;1,6,4,26,11;4,7,21,14,11,25;4,7,22,13,10,5,12,17
rp2_c33_w30_t384 28 2,23,12,15,3;6,25,11,8,15,19,21,14;0,23,16,24,3;0,2,24,20,15;6,17,27,7,26,25;9,10,27,12,23,16;1,25,4,17,14;4,27,22,21,26;1,11,14,17,15;5,10,18,20,24,16;5,9,18,13,27;1,25,26,21,14,8;0,15,17,27,5,23;10,27,22,19,18;1,6,17,8,11,21;0,12,17,8,1,19,20,3;2,23,5,9,24;4,6,14,8,15,12,27;9,20,19,13,10;1,15,20,18,13,22,21;3,24,9,18,19,15;1,14,11,26,7,22,19;7,27,13,19,21;0,2,16,5,12;2,3,20,9,16;1,6,4,26,11;4,7,21,11,25;4,7,22,13,10,5,12,17
rp2_c33_w30_t404 28 2,23,12,15,3;6,25,11,8,15,19,21,14;0,23,16,24,3;0,2,24,20,15;6,27,7,26,25;9,10,27,12,23,16;1,25,4,27,17,14;4,27,22,21,26;1,11,14,17,15;5,10,18,20,24,16;5,9,18,13,27;1,25,26,21,14,8;0,15,17,27,5,23;10,27,22,19,18;1,6,17,8,11,21;0,12,17,8,1,19,20,3;2,23,5,9,24;6,14,8,15,12,27;9,20,19,13,10;1,15,20,18,13,22,21;3,24,9,18,19,15;1,14,11,26,7,22,19;7,27,13,19,21;0,2,16,5,12;2,3,20,9,16;1,6,4,26,11;4,7,21,11,25;4,7,22,13,10,5,12,17,6
rp2_c33_w30_t406 28 2,23,12,15,3;6,25,11,8,15,19,21,14;0,23,16,24,3;0,2,24,20,15;6,27,7,26,25;9,10,27,12,23,16;1,25,4,27,17,14;4,27,22,21,26;1,11,14,17,15;5,10,18,20,24,16;5,9,18,13,27;1,25,26,14,8;0,15,17,27,5,23;10,27,22,19,18;1,6,17,8,11,26,21;0,12,17,8,1,19,20,3;2,23,5,9,24;6,14,8,15,12,27;9,20,19,13,10;1,15,20,18,13,22,21;3,24,9,18,19,15;1,14,26,7,22,19;7,27,13,19,21;0,2,16,5,12;2,3,20,9,16;1,6,4,26,11;4,7,21,14,11,25;4,7,22,13,10,5,12,17,6
rp2_c33_w30_t452 28 2,23,12,15,3;6,25,11,8,19,21,14;0,23,16,24,3;0,2,24,20,15;6,27,7,26,25;9,10,27,12,23,16;1,25,4,27,17,14;4,27,22,21,26;1,11,14,17,15,19;5,10,18,20,24,16;5,9,18,13,27;1,25,26,21,14,8;0,15,17,27,5,23;10,27,22,19,18;1,6,17,8,11,21;0,12,17,8,19,20,3;2,23,5,9,24;6,14,8,15,12,27;9,20,19,13,10;1,8,15,20,18,13,22,21;3,24,9,18,19,15;1,14,11,26,7,22,19;7,27,13,19,21;0,2,16,5,12;2,3,20,9,16;1,6,4,26,11;4,7,21,11,25;4,7,22,13,10,5,12,17,6
rp2_c33_w30_t510 28 2,23,12,15,3;6,25,11,8,19,21,14;0,23,16,24,3;0,2,24,20,15;6,27,7,26,25;9,10,27,12,23,16;1,25,4,27,17,14;4,27,22,21,26;1,11,14,17,19;5,10,18,20,24,16;5,9,18,13,27;1,25,26,21,14,8;0,15,17,27,5,23;10,27,22,19,18;1,6,17,8,11,21;0,12,17,19,20,3;2,23,5,9,24;6,14,8,19,15,12,27;9,20,19,13,10;1,8,17,15,20,18,13,22,21;3,24,9,18,19,15;1,14,11,26,7,22,19;7,27,13,19,21;0,2,16,5,12;2,3,20,9,16;1,6,4,26,11;4,7,21,11,25;4,7,22,13,10,5,12,17,6
rp2_c33_w30_t528 28 2,23,12,15,3;6,25,11,8,19,21,14;0,23,16,24,3;0,2,24,20,15;6,27,7,26,25;9,10,27,12,23,16;1,25,4,27,17,14;4,27,22,21,26;1,11,14,17,15,19;5,10,18,20,24,16;5,9,18,13,27;1,25,26,14,8;0,15,17,27,5,23;10,27,22,19,18;1,6,17,8,11,26,21;0,12,17,8,19,20,3;2,23,5,9,24;6,14,8,15,12,27;9,20,19,13,10;1,8,15,20,18,13,22,21;3,24,9,18,19,15;1,14,26,7,22,19;7,27,13,19,21;0,2,16,5,12;2,3,20,9,16;1,6,4,26,11;4,7,21,14,11,25;4,7,22,13,10,5,12,17,6
rp2_c33_w30_t562 28 2,23,12,15,3;6,25,8,15,19,21,14;0,23,16,24,3;0,2,24,20,15;6,27,7,26,25;9,10,27,12,23,16;1,25,4,27,17,14;4,27,22,21,26;1,25,11,14,17,15;5,10,18,20,24,16;5,9,18,13,27;8,25,26,21,14;0,15,17,27,5,23;10,27,22,19,18;1,6,17,8,11,21;0,12,17,8,1,19,20,3;2,23,5,9,24;6,14,8,15,12,27;9,20,19,13,10;1,15,20,18,13,22,21;3,24,9,18,19,15;1,14,11,26,7,22,19;7,27,13,19,21;0,2,16,5,12;2,3,20,9,16;1,6,4,26,11,8;4,7,21,11,25;4,7,22,13,10,5,12,17,6
rp2_c33_w30_t849 28 2,23,12,15,3;6,25,11,8,15,19,21,14;0,23,16,24,3;0,2,24,20,15;6,17,27,7,26,25;9,10,27,12,23,16;1,25,4,17,14;4,27,22,21,26;1,11,14,17,15;5,10,18,20,24,16;5,9,18,13,27;1,25,26,14,8;0,15,17,27,5,23;10,27,22,19,18;1,6,17,8,11,26,21;0,12,17,8,1,19,20,3;2,23,5,9,24;4,6,14,8,15,12,27;9,20,19,13,10;1,15,20,18,13,22,21;3,24,9,18,19,15;1,14,26,7,22,19;7,27,13,19,21;0,2,16,5,12;2,3,20,9,16;1,6,4,26,11;4,7,21,14,11,25;4,7,22,13,10,5,12,17
rp2_c33_w30_t873 28 2,23,12,15,3;6,25,11,8,19,21,14;0,23,16,24,3;0,2,24,20,15;6,17,27,7,26,25;9,10,27,12,23,16;1,25,4,17,14;4,27,22,21,26;1,11,14,17,19;5,10,18,20,24,16;5,9,18,13,27;1,25,26,21,14,8;0,15,17,27,5,23;10,27,22,19,18;1,6,17,8,11,21;0,12,17,19,20,3;2,23,5,9,24;4,6,14,8,19,15,12,27;9,20,19,13,10;1,8,17,15,20,18,13,22,21;3,24,9,18,19,15;1,14,11,26,7,22,19;7,27,13,19,21;0,2,16,5,12;2,3,20,9,16;1,6,4,26,11;4,7,21,11,25;4,7,22,13,10,5,12,17
rp2_c33_w30_t996 28 2,23,12,15,3;6,25,11,19,21,14;0,23,16,24,3;0,2,24,20,15;6,17,27,7,26,25;9,10,27,12,23,16;1,25,4,17,14;4,27,22,21,26;11,14,17,15,19;5,10,18,20,24,16;5,9,18,13,27;1,25,26,21,14,8,19;0,15,17,27,5,23;10,27,22,19,18;1,6,17,8,11,21;0,12,17,8,19,20,3;2,23,5,9,24;4,6,14,8,15,12,27;9,20,19,13,10;1,11,8,15,20,18,13,22,21;3,24,9,18,19,15;1,14,11,26,7,22,19;7,27,13,19,21;0,2,16,5,12;2,3,20,9,16;1,6,4,26,11;4,7,21,11,25;4,7,22,13,10,5,12,17
rp2_c33_w30_t1142 28 2,23,12,15,3;6,25,11,19,21,14;0,23,16,24,3;0,2,24,20,15;6,17,27,7,26,25;9,10,27,12,23,16;1,25,4,17,14;4,27,22,21,26;11,14,17,15,19;5,10,18,20,24,16;5,9,18,13,27;1,25,26,14,8,19;0,15,17,27,5,23;10,27,22,19,18;1,6,17,8,11,26,21;0,12,17,8,19,20,3;2,23,5,9,24;4,6,14,8,15,12,27;9,20,19,13,10;1,11,8,15,20,18,13,22,21;3,24,9,18,19,15;1,14,26,7,22,19;7,27,13,19,21;0,2,16,5,12;2,3,20,9,16;1,6,4,26,11;4,7,21,14,11,25;4,7,22,13,10,5,12,17
rp2_c33_w30_t1192 28 2,23,12,15,3;6,25,11,8,19,21,14;0,23,16,24,3;0,2,24,20,15;6,17,27,7,26,25;9,10,27,12,23,16;1,25,4,17,14;4,27,22,21,26;1,11,14,15,19;5,10,18,20,24,16;5,9,18,13,27;1,25,26,21,14,8;0,15,17,27,5,23;10,27,22,19,18;1,6,17,15,8,11,21;0,12,17,14,8,19,20,3;2,23,5,9,24;4,6,14,15,12,27;9,20,19,13,10;1,8,15,20,18,13,22,21;3,24,9,18,19,15;1,14,11,26,7,22,19;7,27,13,19,21;0,2,16,5,12;2,3,20,9,16;1,6,4,26,11;4,7,21,11,25;4,7,22,13,10,5,12,17
rp2_c33_w30_t1358 28 2,23,12,15,3;6,25,11,8,19,21,14;0,23,16,24,3;0,2,24,20,15;6,17,27,7,26,25;9,10,27,12,23,16;1,25,4,17,14;4,27,22,21,26;1,11,14,15,19;5,10,18,20,24,16;5,9,18,13,27;1,25,26,14,8;0,15,17,27,5,23;10,27,22,19,18;1,6,17,15,8,11,26,21;0,12,17,14,8,19,20,3;2,23,5,9,24;4,6,14,15,12,27;9,20,19,13,10;1,8,15,20,18,13,22,21;3,24,9,18,19,15;1,14,26,7,22,19;7,27,13,19,21;0,2,16,5,12;2,3,20,9,16;1,6,4,26,11;4,7,21,14,11,25;4,7,22,13,10,5,12,17
rp2_c33_w30_t1404 28 2,23,12,15,3;6,25,11,8,19,21,14;0,23,16,24,3;0,2,24,20,15;6,17,27,7,26,25;9,10,27,12,23,16;1,25,4,17,14;4,27,22,21,26;1,11,17,15,19;5,10,18,20,24,16;5,9,18,13,27;1,25,26,21,14,17,8;0,15,17,27,5,23;10,27,22,19,18;1,6,17,11,21;0,12,17,8,19,20,3;2,23,5,9,24;4,6,14,11,8,15,12,27;9,20,19,13,10;1,8,15,20,18,13,22,21;3,24,9,18,19,15;1,14,11,26,7,22,19;7,27,13,19,21;0,2,16,5,12;2,3,20,9,16;1,6,4,26,11;4,7,21,11,25;4,7,22,13,10,5,12,17
rp2_c33_w30_t1483 28 2,23,12,15,3;6,25,11,8,15,19,14;0,23,16,24,3;0,2,24,20,15;6,17,27,7,26,25;9,10,27,12,23,16;1,25,4,17,14;4,27,22,21,26;1,11,14,17,15;5,10,18,20,24,16;5,9,18,13,27;1,25,26,21,14,8;0,15,17,27,5,23;10,27,22,19,18;1,6,17,8,11,21,19;0,12,17,8,1,19,20,3;2,23,5,9,24;4,6,14,8,15,12,27;9,20,19,13,10;1,14,21,22,13,18,20,15;3,24,9,18,19,15;7,22,19,14,11,26;7,27,13,19,21;0,2,16,5,12;2,3,20,9,16;1,6,4,26,11;4,7,21,11,25;4,7,22,13,10,5,12,17
rp2_c33_w30_t1484 28 2,23,12,15,3;6,25,11,8,15,19,14;0,23,16,24,3;0,2,24,20,15;6,17,27,7,26,25;9,10,27,12,23,16;1,25,4,17,14;4,27,22,21,26;1,11,14,17,15;5,10,18,20,24,16;5,9,18,13,27;1,25,26,14,8;0,15,17,27,5,23;10,27,22,19,18;1,6,17,8,11,26,21,19;0,12,17,8,1,19,20,3;2,23,5,9,24;4,6,14,8,15,12,27;9,20,19,13,10;1,14,21,22,13,18,20,15;3,24,9,18,19,15;7,22,19,14,26;7,27,13,19,21;0,2,16,5,12;2,3,20,9,16;1,6,4,26,11;4,7,21,14,11,25;4,7,22,13,10,5,12,17
rp2_c33_w30_t1545 28 2,23,12,15,3;6,25,11,8,15,19,21,14;0,23,16,24,3;0,2,24,20,15;6,17,7,26,25;9,10,27,12,23,16;1,25,4,17,14;4,17,27,22,21,26;1,11,14,17,15;5,10,18,20,24,16;5,9,18,13,27;1,25,26,21,14,8;0,15,17,27,5,23;10,27,22,19,18;1,6,17,8,11,21;0,12,17,8,1,19,20,3;2,23,5,9,24;4,7,27,12,15,8,14,6;9,20,19,13,10;1,15,20,18,13,22,21;3,24,9,18,19,15;1,14,11,26,7,22,19;7,27,13,19,21;0,2,16,5,12;2,3,20,9,16;1,6,4,26,11;4,7,21,11,25;5,10,13,22,7,17,12
rp2_c33_w30_t1683 28 2,23,12,15,3;6,25,11,8,19,21,14;0,23,16,24,3;0,2,24,20,15;6,27,7,26,25;9,10,27,12,23,16;1,25,4,27,17,14;4,27,22,21,26;1,11,17,15,19;5,10,18,20,24,16;5,9,18,13,27;1,25,26,21,14,17,8;0,15,17,27,5,23;10,27,22,19,18;1,6,17,11,21;0,12,17,8,19,20,3;2,23,5,9,24;6,14,11,8,15,12,27;9,20,19,13,10;1,8,15,20,18,13,22,21;3,24,9,18,19,15;1,14,11,26,7,22,19;7,27,13,19,21;0,2,16,5,12;2,3,20,9,16;1,6,4,26,11;4,7,21,11,25;4,7,22,13,10,5,12,17,6
rp2_c33_w30_t1813 28 2,23,12,15,3;6,25,11,8,15,19,14;0,23,16,24,3;0,2,24,20,15;6,17,27,7,26,25;9,10,27,12,23,16;1,25,4,17,14;4,27,22,21,26;1,11,14,17,15;5,10,18,20,24,16;5,9,18,13,27;1,25,26,21,19,14,8;0,15,17,27,5,23;10,27,22,19,18;1,6,17,8,11,19;0,12,17,8,1,19,20,3;2,23,5,9,24;4,6,14,8,15,12,27;9,20,19,13,10;1,14,11,21,22,13,18,20,15;3,24,9,18,19,15;7,22,19,11,26;7,27,13,19,21;0,2,16,5,12;2,3,20,9,16;1,6,4,26,11;4,7,21,11,25;4,7,22,13,10,5,12,17
rp2_c33_w30_t1854 28 2,23,12,15,3;6,25,11,8,15,19,14;0,23,16,24,3;0,2,24,20,15;6,17,27,7,26,25;9,10,27,12,23,16;1,25,4,17,14;4,27,22,21,26;1,11,14,17,15;5,10,18,20,24,16;5,9,18,13,27;1,25,26,21,14,8;0,15,17,27,5,23;10,27,22,19,18;1,6,17,8,11,21,22,19;0,12,17,8,1,19,20,3;2,23,5,9,24;4,6,14,8,15,12,27;9,20,19,13,10;1,14,22,13,18,20,15;3,24,9,18,19,15;7,22,14,11,26;7,27,13,19,14,21;0,2,16,5,12;2,3,20,9,16;1,6,4,26,11;4,7,21,11,25;4,7,22,13,10,5,12,17
rp2_c33_w30_t1955 28 2,23,12,15,3;6,25,11,8,19,14;0,23,16,24,3;0,2,24,20,15;6,17,27,7,26,25;9,10,27,12,23,16;1,25,4,17,14;4,27,22,21,26;1,11,14,17,15,19;5,10,18,20,24,16;5,9,18,13,27;1,25,26,21,14,8;0,15,17,27,5,23;10,27,22,19,18;1,6,17,8,11,21,19;0,12,17,8,19,20,3;2,23,5,9,24;4,6,14,8,15,12,27;9,20,19,13,10;1,8,15,20,18,13,22,21,14;3,24,9,18,19,15;7,22,19,14,11,26;7,27,13,19,21;0,2,16,5,12;2,3,20,9,16;1,6,4,26,11;4,7,21,11,25;4,7,22,13,10,5,12,17
rp2_c33_w30_t1958 28 2,23,12,15,3;6,25,11,8,19,14;0,23,16,24,3;0,2,24,20,15;6,17,27,7,26,25;9,10,27,12,23,16;1,25,4,17,14;4,27,22,21,26;1,11,14,17,15,19;5,10,18,20,24,16;5,9,18,13,27;1,25,26,21,14,8;0,15,17,27,5,23;10,27,22,19,18;1,6,17,8,11,21,22,19;0,12,17,8,19,20,3;2,23,5,9,24;4,6,14,8,15,12,27;9,20,19,13,10;1,8,15,20,18,13,22,14;3,24,9,18,19,15;7,22,14,11,26;7,27,13,19,14,21;0,2,16,5,12;2,3,20,9,16;1,6,4,26,11;4,7,21,11,25;4,7,22,13,10,5,12,17
rp2_c33_w30_t1959 28 2,23,12,15,3;6,25,11,8,19,14;0,23,16,24,3;0,2,24,20,15;6,17,27,7,26,25;9,10,27,12,23,16;1,25,4,17,14;4,27,22,21,26;1,11,17,15,19;5,10,18,20,24,16;5,9,18,13,27;1,25,26,21,14,17,8;0,15,17,27,5,23;10,27,22,19,18;1,6,17,11,21,22,19;0,12,17,8,19,20,3;2,23,5,9,24;4,6,14,11,8,15,12,27;9,20,19,13,10;1,8,15,20,18,13,22,14;3,24,9,18,19,15;7,22,14,11,26;7,27,13,19,14,21;0,2,16,5,12;2,3,20,9,16;1,6,4,26,11;4,7,21,11,25;4,7,22,13,10,5,12,17
rp2_c33_w36_t732 24 1,16,10,6,18,7,22,21,20;0,16,5,2,20;1,5,15,10,3,20;2,10,16,5,15,20;8,9,19,17,14;1,2,15,3,16;0,10,19,9,11,18;0,22,13,23,18;4,9,12,13,22,14;4,8,12,11,6,19;0,6,19,15,2,3,16;6,9,12,23,18;8,9,11,23,13;7,22,8,12,23;4,17,21,22,8;2,10,19,17,20,3,5;0,10,3,5,1;4,14,21,20,15,19;0,7,23,11,6;4,17,15,10,6,9;0,1,2,3,15,17,21;0,22,14,17,20;0,7,13,8,14,21;7,13,12,11,18
rp2_c33_w36_t742 24 1,16,10,6,18,7,22,21,20;0,16,5,2,20;1,5,15,10,3,20;2,10,16,5,15,20;8,9,19,17,14;1,2,15,3,16;0,10,19,9,11,18;0,22,13,23,18;4,9,12,13,22,14;4,8,12,11,6,19;0,6,19,15,2,3,16;6,9,12,23,18;8,9,11,23,13;7,22,8,12,23;4,17,21,22,8;2,10,19,20,3,5;0,10,3,5,1;4,14,21,20,19;0,7,23,11,6;4,17,20,15,10,6,9;0,1,2,3,15,19,17,21;0,22,14,17,20;0,7,13,8,14,21;7,13,12,11,18
rp2_c33_w36_t786 24 1,16,10,6,18,7,22,21,20;0,16,5,2,20;1,5,15,10,3,20;2,10,16,5,15,20;8,9,19,17,14;1,2,15,3,16;0,10,19,9,11,18;0,22,13,23,18;4,9,12,13,22,14;4,8,12,11,6,19;0,6,19,17,15,2,3,16;6,9,12,23,18;8,9,11,23,13;7,22,8,12,23;4,17,21,22,8;2,10,17,20,3,5;0,10,3,5,1;4,14,21,20,15,10,19;0,7,23,11,6;4,17,10,6,9;0,1,2,3,15,17,21;0,22,14,17,20;0,7,13,8,14,21;7,13,12,11,18
rp2_c33_w36_t851 24 1,16,10,6,18,7,22,21,20;0,16,5,2,20;1,5,15,10,3,20;2,10,16,5,15,20;8,9,19,17,14;1,2,15,3,16;0,10,19,9,11,18;0,22,13,23,18;4,9,12,13,22,14;4,8,12,11,6,19;0,6,19,17,15,2,3,16;6,9,12,23,18;8,9,11,23,13;7,22,8,12,23;4,17,21,22,8;2,10,17,21,20,3,5;0,10,3,5,1;4,14,21,15,10,19;0,7,23,11,6;4,17,10,6,9;0,1,2,3,15,21;0,22,14,17,15,20;0,7,13,8,14,21;7,13,12,11,18
rp2_c33_w36_t877 24 1,16,10,6,18,7,22,21;0,16,5,2,20,21;1,5,15,10,3,20;2,10,16,5,15,20;8,9,19,17,14;1,2,15,3,16;0,10,19,9,11,18;0,22,13,23,18;4,9,12,13,22,14;4,8,12,11,6,19;0,6,19,17,15,2,3,16;6,9,12,23,18;8,9,11,23,13;7,22,8,12,23;4,17,21,22,8;2,10,17,21,20,3,5;0,10,3,5,1;4,14,21,15,10,19;0,7,23,11,6;4,17,10,6,9;1,2,3,15,21;0,1,20,15,17,14,22;0,7,13,8,14,21;7,13,12,11,18
rp2_c33_w36_t900 24 1,16,10,6,18,7,22,21;0,16,5,2,20,21;1,5,15,10,3,20;2,10,16,5,15,20;8,9,19,17,14;1,2,15,3,16;0,10,19,9,11,18;0,22,13,23,18;4,9,12,13,22,14;4,8,12,11,6,19;0,6,19,17,21,15,2,3,16;6,9,12,23,18;8,9,11,23,13;7,22,8,12,23;4,17,21,22,8;2,10,21,20,3,5;0,10,3,5,1;4,14,21,10,19;0,7,23,11,6;4,17,10,6,9;1,2,3,15,21;0,1,20,15,10,17,14,22;0,7,13,8,14,21;7,13,12,11,18
rp2_c33_w36_t906 24 1,16,10,6,18,7,22,21;0,16,5,2,20,21;1,5,15,10,16,3,20;2,16,5,15,20;8,9,19,17,14;1,2,15,3,16;0,10,19,9,11,18;0,22,13,23,18;4,9,12,13,22,14;4,8,12,11,6,19;0,6,19,17,21,15,2,16;6,9,12,23,18;8,9,11,23,13;7,22,8,12,23;4,17,21,22,8;2,10,21,20,3,5;0,10,2,3,5,1;4,14,21,10,19;0,7,23,11,6;4,17,10,6,9;1,2,3,15,21;0,1,20,15,10,17,14,22;0,7,13,8,14,21;7,13,12,11,18
rp2_c33_w36_t910 24 1,16,10,6,18,7,22,21;0,16,5,2,20,21;1,5,10,16,3,20;2,16,5,15,20;8,9,19,17,14;1,2,10,15,3,16;0,10,19,9,11,18;0,22,13,23,18;4,9,12,13,22,14;4,8,12,11,6,19;0,6,19,17,21,15,5,2,16;6,9,12,23,18;8,9,11,23,13;7,22,8,12,23;4,17,21,22,8;3,5,10,21,20;0,10,2,3,5,1;4,14,21,10,19;0,7,23,11,6;4,17,10,6,9;1,2,3,15,21;0,1,20,15,10,17,14,22;0,7,13,8,14,21;7,13,12,11,18
rp2_c33_w36_t931 24 1,16,10,6,18,7,22,21;0,16,5,20,21;3,16,10,5,20;2,16,5,15,20;8,9,19,17,14;1,20,2,10,15,3,16;0,10,19,9,11,18;0,22,13,23,18;4,9,12,13,22,14;4,8,12,11,6,19;0,6,19,17,21,15,5,2,16;6,9,12,23,18;8,9,11,23,13;7,22,8,12,23;4,17,21,22,8;3,5,10,21,20;0,10,2,3,5,1;4,14,21,10,19;0,7,23,11,6;4,17,10,6,9;1,5,2,3,15,21;0,1,20,15,10,17,14,22;0,7,13,8,14,21;7,13,12,11,18
rp2_c33_w36_t955 24 1,16,10,6,18,7,22,21;0,16,5,20,15,21;3,16,10,5,20;2,16,5,15,20;8,9,19,17,14;1,20,2,10,15,3,16;0,10,19,9,11,18;0,22,13,23,18;4,9,12,13,22,14;4,8,12,11,6,19;0,6,19,17,21,15,5,2,16;6,9,12,23,18;8,9,11,23,13;7,22,8,12,23;4,17,21,22,8;1,20,3,5,10,21;0,10,2,3,5,1;4,14,21,10,19;0,7,23,11,6;4,17,10,6,9;1,5,2,3,15;0,1,15,10,17,14,22;0,7,13,8,14,21;7,13,12,11,18
rp2_c33_w36_t961 24 6,10,16,21,22,7,18;5,20,15,21,16;3,16,10,5,20;2,16,5,15,20;8,9,19,17,14;1,20,2,10,15,3,16;0,10,19,9,11,18;0,22,13,23,18;4,9,12,13,22,14;4,8,12,11,6,19;0,6,19,17,21,15,5,2,16;6,9,12,23,18;8,9,11,23,13;7,22,8,12,23;4,17,21,22,8;1,20,3,5,10,21;0,10,2,3,5,1,21;4,14,21,10,19;0,7,23,11,6;4,17,10,6,9;1,5,2,3,15;0,16,1,15,10,17,14,22;0,7,13,8,14,21;7,13,12,11,18
rp2_c33_w36_t1008 24 2,10,6,18,7,22,21,16;5,20,15,21,16;0,10,5,20,3,16;2,16,5,15,20;8,9,19,17,14;1,20,2,10,15,3,16;0,10,19,9,11,18;0,22,13,23,18;4,9,12,13,22,14;4,8,12,11,6,19;0,6,19,17,21,15,5,2;6,9,12,23,18;8,9,11,23,13;7,22,8,12,23;4,17,21,22,8;1,20,3,5,10,21;0,21,1,5,3,2;4,14,21,10,19;0,7,23,11,6;4,17,10,6,9;1,5,2,3,15;0,16,1,15,10,17,14,22;0,7,13,8,14,21;7,13,12,11,18
rp2_c33_w36_t1052 24 2,5,10,6,18,7,22,21,16;5,20,15,21,16;0,5,20,3,16;2,16,5,15,20;8,9,19,17,14;0,2,20,1,16,3,15,10;0,10,19,9,11,18;0,22,13,23,18;4,9,12,13,22,14;4,8,12,11,6,19;0,6,19,17,21,15,5;6,9,12,23,18;8,9,11,23,13;7,22,8,12,23;4,17,21,22,8;1,20,3,5,10,21;0,21,1,5,3,2;4,14,21,10,19;0,7,23,11,6;4,17,10,6,9;1,5,2,3,15;0,16,1,15,10,17,14,22;0,7,13,8,14,21;7,13,12,11,18
rp2_c33_w36_t1086 24 2,5,10,6,18,7,22,21,16;5,20,15,10,21,16;0,5,20,3,16;2,16,5,15,20;8,9,19,17,14;0,2,20,1,16,3,15,10;0,10,19,9,11,18;0,22,13,23,18;4,9,12,13,22,14;4,8,12,11,6,19;0,6,19,17,21,1,15,5;6,9,12,23,18;8,9,11,23,13;7,22,8,12,23;4,17,21,22,8;1,10,5,3,20;0,21,1,5,3,2;4,14,21,10,19;0,7,23,11,6;4,17,10,6,9;1,5,2,3,15;0,16,1,10,17,14,22;0,7,13,8,14,21;7,13,12,11,18
rp2_c33_w36_t1089 24 2,5,6,18,7,22,21,16;5,20,15,10,21,16;0,5,20,3,16;2,16,5,15,20;8,9,19,17,14;0,6,10,15,3,16,1,20,2;0,5,10,19,9,11,18;0,22,13,23,18;4,9,12,13,22,14;4,8,12,11,6,19;1,15,5,6,19,17,21;6,9,12,23,18;8,9,11,23,13;7,22,8,12,23;4,17,21,22,8;1,10,5,3,20;0,21,1,5,3,2;4,14,21,10,19;0,7,23,11,6;4,17,10,6,9;1,5,2,3,15;0,16,1,10,17,14,22;0,7,13,8,14,21;7,13,12,11,18
rp2_c33_w36_t1182 24 2,5,10,6,18,7,22,21,16;5,20,15,10,21,16;0,5,20,3,16;2,16,5,15,20;8,9,19,17,14;0,10,15,3,16,1,20,2;0,10,19,9,11,18;0,22,13,23,18;4,9,12,13,22,14;4,8,12,11,6,19;0,5,15,1,21,17,19,6;6,9,12,23,18;8,9,11,23,13;7,22,8,12,23;4,17,21,22,8;1,10,5,3,20;0,21,1,5,3,2;4,14,21,10,19;0,7,23,11,6;4,17,10,6,9;1,5,2,3,15;0,16,1,10,17,14,22;0,7,13,8,14,21;7,13,12,11,18
rp2_c33_w36_t1215 24 2,10,6,18,7,22,21,16;5,20,15,10,21,16;0,10,5,20,3,16;2,16,5,15,20;8,9,19,17,14;1,20,2,10,15,3,16;0,10,19,9,11,18;0,22,13,23,18;4,9,12,13,22,14;4,8,12,11,6,19;0,2,5,15,1,21,17,19,6;6,9,12,23,18;8,9,11,23,13;7,22,8,12,23;4,17,21,22,8;1,10,5,3,20;0,21,1,5,3,2;4,14,21,10,19;0,7,23,11,6;4,17,10,6,9;1,5,2,3,15;0,16,1,10,17,14,22;0,7,13,8,14,21;7,13,12,11,18
rp2_c33_w36_t1230 24 2,10,6,18,7,22,21,16;5,20,15,10,21;0,10,5,20,3,16;2,16,5,15,20;8,9,19,17,14;1,20,2,10,15,3,16,21;0,10,19,9,11,18;0,22,13,23,18;4,9,12,13,22,14;4,8,12,11,6,19;0,2,5,15,1,21,17,19,6;6,9,12,23,18;8,9,11,23,13;7,22,8,12,23;4,17,21,22,8;1,10,5,3,20;0,21,5,3,2;4,14,21,10,19;0,7,23,11,6;4,17,10,6,9;1,5,2,3,15;0,16,5,1,10,17,14,22;0,7,13,8,14,21;7,13,12,11,18
rp2_c33_w36_t1240 24 2,10,6,18,7,22,21,16;5,20,15,21,16;0,10,5,20,3,16;2,16,5,15,20;8,9,19,17,14;1,20,2,10,15,3,16;0,10,19,9,11,18;0,22,13,23,18;4,9,12,13,22,14;4,8,12,11,6,19;0,2,5,15,21,17,19,6;6,9,12,23,18;8,9,11,23,13;7,22,8,12,23;4,17,21,22,8;1,21,10,5,3,20;0,21,1,5,3,2;4,14,21,10,19;0,7,23,11,6;4,17,10,6,9;1,5,2,3,15;0,16,1,15,10,17,14,22;0,7,13,8,14,21;7,13,12,11,18
rp2_c33_w36_t1254 24 2,5,10,6,18,7,22,21,16;5,20,15,21,16;0,5,20,3,16;2,16,5,15,20;8,9,19,17,14;0,2,20,1,16,3,15,10;0,10,19,9,11,18;0,22,13,23,18;4,9,12,13,22,14;4,8,12,11,6,19;0,5,15,21,17,19,6;6,9,12,23,18;8,9,11,23,13;7,22,8,12,23;4,17,21,22,8;1,21,10,5,3,20;0,21,1,5,3,2;4,14,21,10,19;0,7,23,11,6;4,17,10,6,9;1,5,2,3,15;0,16,1,15,10,17,14,22;0,7,13,8,14,21;7,13,12,11,18
rp2_c33_w36_t1261 24 2,5,10,6,18,7,22,21,16;5,20,15,21,16;0,5,20,3,16;2,16,5,10,15,20;8,9,19,17,14;0,2,20,1,16,3,10;0,10,19,9,11,18;0,22,13,23,18;4,9,12,13,22,14;4,8,12,11,6,19;0,5,3,15,21,17,19,6;6,9,12,23,18;8,9,11,23,13;7,22,8,12,23;4,17,21,22,8;1,21,10,3,20;0,21,1,5,3,2;4,14,21,10,19;0,7,23,11,6;4,17,10,6,9;1,5,2,3,15;0,16,1,15,10,17,14,22;0,7,13,8,14,21;7,13,12,11,18
rp2_c33_w36_t1350 24 2,5,10,6,18,7,22,21,16;5,20,15,10,21;0,5,20,3,16;2,16,5,15,20;8,9,19,17,14;0,2,20,1,21,16,3,15,10;0,10,19,9,11,18;0,22,13,23,18;4,9,12,13,22,14;4,8,12,11,6,19;0,5,15,1,21,17,19,6;6,9,12,23,18;8,9,11,23,13;7,22,8,12,23;4,17,21,22,8;1,10,5,3,20;0,21,5,3,2;4,14,21,10,19;0,7,23,11,6;4,17,10,6,9;1,5,2,3,15;0,16,5,1,10,17,14,22;0,7,13,8,14,21;7,13,12,11,18
rp2_c33_w36_t1390 24 2,5,15,10,6,18,7,22,21,16;5,20,15,10,21;0,5,20,3,16;2,16,5,15,20;8,9,19,17,14;0,2,20,1,21,16,3,15;0,10,19,9,11,18;0,22,13,23,18;4,9,12,13,22,14;4,8,12,11,6,19;0,6,19,17,21,1,15;6,9,12,23,18;8,9,11,23,13;7,22,8,12,23;4,17,21,22,8;0,5,3,20,1,10;0,21,5,3,2;4,14,21,10,19;0,7,23,11,6;4,17,10,6,9;1,5,2,3,15;0,16,5,1,10,17,14,22;0,7,13,8,14,21;7,13,12,11,18
rp2_c33_w36_t1404 24 2,5,15,10,6,18,7,22,16;5,20,15,10,21;0,5,20,3,16;2,16,5,15,20;8,9,19,17,14;0,2,20,1,21,16,3,15;0,10,19,9,11,18;0,22,13,23,18;4,9,12,13,22,14;4,8,12,11,6,19;0,6,19,17,21,1,15;6,9,12,23,18;8,9,11,23,13;7,22,8,12,23;4,17,21,22,8;0,5,3,20,1,10;0,22,21,5,3,2;4,14,21,10,19;0,7,23,11,6;4,17,10,6,9;1,5,2,3,15;1,5,16,22,14,17,10;0,7,13,8,14,21,16;7,13,12,11,18
rp2_c33_w36_t1555 24 2,5,15,10,6,18,7,22,16;5,20,15,10,21;0,5,20,3,16;2,16,21,5,15,20;8,9,19,17,14;0,2,20,1,21,3,15;0,10,19,9,11,18;0,22,13,23,18;4,9,12,13,22,14;4,8,12,11,6,19;0,6,19,17,21,1,15;6,9,12,23,18;8,9,11,23,13;7,22,8,12,23;4,17,21,22,8;0,5,3,20,1,10;0,22,21,3,2;4,14,21,10,19;0,7,23,11,6;4,17,10,6,9;1,5,2,3,15;1,5,3,16,22,14,17,10;0,7,13,8,14,21,16;7,13,12,11,18
rp2_c33_w36_t1577 24 2,5,15,10,6,18,7,22,16;5,20,15,10,21,16;0,5,20,3,16;2,16,5,15,20;8,9,19,17,14;0,2,20,1,16,3,15;0,10,19,9,11,18;0,22,13,23,18;4,9,12,13,22,14;4,8,12,11,6,19;0,6,19,17,21,1,15;6,9,12,23,18;8,9,11,23,13;7,22,8,12,23;4,17,21,22,8;0,5,3,20,1,10;0,22,21,1,5,3,2;4,14,21,10,19;0,7,23,11,6;4,17,10,6,9;1,5,2,3,15;1,16,22,14,17,10;0,7,13,8,14,21,16;7,13,12,11,18
rp2_c33_w36_t1578 24 2,5,15,10,6,18,7,22;5,20,15,10,21;0,5,20,3,16,22;2,16,5,15,20;8,9,19,17,14;0,2,20,1,21,16,3,15;0,10,19,9,11,18;0,22,13,23,18;4,9,12,13,22,14;4,8,12,11,6,19;0,6,19,17,21,1,15;6,9,12,23,18;8,9,11,23,13;7,22,8,12,23;4,17,21,22,8;0,5,3,20,1,10;2,3,5,21,22;4,14,21,10,19;0,7,23,11,6;4,17,10,6,9;1,5,2,3,15;1,5,16,22,14,17,10;0,7,13,8,14,21,16,2;7,13,12,11,18
rp2_c33_w36_t1585 24 2,5,15,10,6,18,7,22;5,20,15,10,17,21;0,5,20,3,16,22;2,16,5,15,20;8,9,19,17,14;0,2,20,1,21,16,3,15;0,10,19,9,11,18;0,22,13,23,18;4,9,12,13,22,14;4,8,12,11,6,19;0,6,19,17,1,15;6,9,12,23,18;8,9,11,23,13;7,22,8,12,23;4,17,21,22,8;0,5,3,20,1,10;2,3,5,21,22;1,10,19,4,14,21;0,7,23,11,6;4,17,10,6,9;1,5,2,3,15;1,5,16,22,14,17;0,7,13,8,14,21,16,2;7,13,12,11,18
rp2_c33_w36_t1588 24 2,5,15,10,6,18,7,22;5,20,15,10,17,21,16;0,5,20,3,16,22;2,16,5,15,20;8,9,19,17,14;0,2,20,1,16,3,15;0,10,19,9,11,18;0,22,13,23,18;4,9,12,13,22,14;4,8,12,11,6,19;0,6,19,17,1,15;6,9,12,23,18;8,9,11,23,13;7,22,8,12,23;4,17,21,22,8;0,5,3,20,1,10;1,5,3,2,22,21;1,10,19,4,14,21;0,7,23,11,6;4,17,10,6,9;1,5,2,3,15;1,16,22,14,17;0,7,13,8,14,21,16,2;7,13,12,11,18
rp2_c33_w36_t1661 24 2,5,15,10,6,18,7,22;5,20,15,17,21;0,5,20,3,16,22;2,16,5,15,20;8,9,19,17,14;0,2,20,1,21,16,3,15;0,10,19,9,11,18;0,22,13,23,18;4,9,12,13,22,14;4,8,12,11,6,19;0,6,19,17,15;6,9,12,23,18;8,9,11,23,13;7,22,8,12,23;4,17,21,22,8;0,5,3,20,1,17,10;2,3,5,21,22;1,15,10,19,4,14,21;0,7,23,11,6;4,17,10,6,9;1,5,2,3,15;1,5,16,22,14,17;0,7,13,8,14,21,16,2;7,13,12,11,18
rp2_c33_w36_t1781 24 2,5,15,10,6,18,7,22;5,20,15,17,14,21;0,5,20,3,16,22;2,16,5,15,20;8,9,19,17,14;0,2,20,1,21,16,3,15;0,10,19,9,11,18;0,22,13,23,18;4,9,12,13,22,14;4,8,12,11,6,19;0,6,19,17,15;6,9,12,23,18;8,9,11,23,13;7,22,8,12,23;1,17,4,8,22,21;0,5,3,20,1,17,10;2,3,5,21,22;1,15,10,19,4,14;0,7,23,11,6;4,17,10,6,9;1,5,2,3,15;1,5,16,22,14;0,7,13,8,14,21,16,2;7,13,12,11,18
rp2_c33_w36_t1875 24 2,5,15,10,6,18,7,22;5,20,15,14,21;0,5,20,3,16,22;2,16,5,15,20;8,9,19,17,14;0,2,20,1,21,16,3,15;0,10,19,9,11,18;0,22,13,23,18;4,9,12,13,22,14;4,8,12,11,6,19;0,6,19,17,15;6,9,12,23,18;8,9,11,23,13;7,22,8,12,23;1,15,17,4,8,22,21;0,5,3,20,1,14,17,10;2,3,5,21,22;4,14,15,10,19;0,7,23,11,6;4,17,10,6,9;1,5,2,3,15;1,5,16,22,14;0,7,13,8,14,21,16,2;7,13,12,11,18
rp2_c33_w36_t1879 24 5,22,7,18,6,10,15;5,20,15,14,21;3,16,22,5,20;2,16,5,15,20;8,9,19,17,14;0,22,2,20,1,21,16,3,15;0,10,19,9,11,18;0,22,13,23,18;4,9,12,13,22,14;4,8,12,11,6,19;0,6,19,17,15;6,9,12,23,18;8,9,11,23,13;7,22,8,12,23;1,15,17,4,8,22,21;0,5,3,20,1,14,17,10;2,3,5,21,22;4,14,15,10,19;0,7,23,11,6;4,17,10,6,9;1,5,2,3,15;1,5,16,22,14;0,5,2,16,21,14,8,13,7;7,13,12,11,18
rp2_c33_w36_t1881 24 3,5,22,7,18,6,10,15;5,20,15,14,21;3,16,22,5,20;0,5,16,2,20,15;8,9,19,17,14;0,22,2,20,1,21,16,3;0,10,19,9,11,18;0,22,13,23,18;4,9,12,13,22,14;4,8,12,11,6,19;0,6,19,17,15;6,9,12,23,18;8,9,11,23,13;7,22,8,12,23;1,15,17,4,8,22,21;0,3,20,1,14,17,10;2,3,5,21,22;4,14,15,10,19;0,7,23,11,6;4,17,10,6,9;1,5,2,3,15;1,5,16,22,14;0,5,2,16,21,14,8,13,7;7,13,12,11,18
rp2_c33_w36_t1938 24 2,5,3,15,10,6,18,7,22;5,20,15,14,21;0,5,20,3,16,22;0,5,16,2,20,15;8,9,19,17,14;0,2,20,1,21,16,3;0,10,19,9,11,18;0,22,13,23,18;4,9,12,13,22,14;4,8,12,11,6,19;0,6,19,17,15;6,9,12,23,18;8,9,11,23,13;7,22,8,12,23;1,15,17,4,8,22,21;0,3,20,1,14,17,10;2,3,5,21,22;4,14,15,10,19;0,7,23,11,6;4,17,10,6,9;1,5,2,3,15;1,5,16,22,14;0,7,13,8,14,21,16,2;7,13,12,11,18
rp2_c33_w36_t1968 24 6,10,15,22,7,18;5,20,15,14,21;3,16,22,5,20;2,16,5,15,20;8,9,19,17,14;1,20,2,22,15,3,16,21;0,10,19,9,11,18;0,22,13,23,18;4,9,12,13,22,14;4,8,12,11,6,19;0,6,19,17,15;6,9,12,23,18;8,9,11,23,13;7,22,8,12,23;1,15,17,4,8,22,21;0,22,5,3,20,1,14,17,10;2,3,5,21,22;4,14,15,10,19;0,7,23,11,6;4,17,10,6,9;1,5,2,3,15;1,5,16,22,14;0,15,5,2,16,21,14,8,13,7;7,13,12,11,18
rp2_c33_w43_t461 29 3,14,15,16,8,9,19;2,24,17,11,15,18,26;1,24,20,27,13,22,26;0,14,13,27,19;12,28,18,26,22;7,21,8,16,17,11;7,10,17,16,15,11;5,21,10,6,11;0,16,5,21,25,9;0,8,25,20,19;6,7,21,23,17;1,17,5,7,6,15;4,28,14,13,22;2,22,12,14,3,27;0,3,13,12,28,15;0,14,28,18,1,11,6,16;0,8,5,17,6,15;1,24,23,10,6,16,5,11;1,15,28,4,26;0,3,27,20,9;2,27,19,9,25,23,24;5,7,10,23,25,8;2,26,4,12,13;10,21,25,20,24,17;1,2,20,23,17;8,9,20,23,21;1,2,22,4,18;2,20,19,3,13;4,18,15,14,12
rp2_c33_w43_t544 29 3,14,15,16,8,9,19;2,24,17,5,11,15,18,26;1,24,20,27,13,22,26;0,14,13,27,19;12,28,18,26,22;1,11,7,21,8,16,17;7,10,17,16,15,11;5,21,10,6,11;0,16,5,21,25,9;0,8,25,20,19;6,7,21,23,17;1,5,7,6,15;4,28,14,13,22;2,22,12,14,3,27;0,3,13,12,28,15;0,14,28,18,1,11,6,16;0,8,5,17,6,15;1,24,23,10,6,16,5;1,15,28,4,26;0,3,27,20,9;2,27,19,9,25,23,24;5,7,10,23,25,8;2,26,4,12,13;10,21,25,20,24,17;1,2,20,23,17;8,9,20,23,21;1,2,22,4,18;2,20,19,3,13;4,18,15,14,12
rp2_c33_w43_t633 29 3,14,15,16,8,9,19;2,24,17,16,5,11,15,18,26;1,24,20,27,13,22,26;0,14,13,27,19;12,28,18,26,22;1,11,7,21,8,16;7,10,17,16,15,11;5,21,10,6,11;0,16,5,21,25,9;0,8,25,20,19;6,7,21,23,17;1,5,7,6,15;4,28,14,13,22;2,22,12,14,3,27;0,3,13,12,28,15;0,14,28,18,1,11,6,16;0,8,5,1,17,6,15;1,24,23,10,6,16;1,15,28,4,26;0,3,27,20,9;2,27,19,9,25,23,24;5,7,10,23,25,8;2,26,4,12,13;10,21,25,20,24,17;1,2,20,23,17;8,9,20,23,21;1,2,22,4,18;2,20,19,3,13;4,18,15,14,12
rp2_c33_w49_t370 32 2,8,21,26,6,15;10,22,12,18,24,25,30;0,8,14,25,23,15;16,20,30,25,29;17,27,24,18,23;11,31,17,28,19,13;0,26,12,18,15;8,14,9,27,17,21;0,2,14,7,21;7,14,25,24,27;1,22,19,13,30;5,31,16,20,13;1,18,6,26,22;5,11,20,30,10,19;2,25,9,7,8;0,2,23,18,6;3,20,11,31,29;4,27,7,21,28,5,31,29,25,23;1,12,6,15,23,4,24;5,13,10,22,28;3,16,11,13,30;0,8,7,17,28,22,26;1,10,19,28,21,26,12;2,15,18,4,17,25;1,25,9,27,4,18;1,24,9,14,2,23,17,29,3,30;0,6,12,22,21;4,17,7,9,24;5,17,21,22,19;3,25,17,31,16;1,25,3,20,13,10;5,17,29,16,11
rp2_c33_w49_t374 32 2,8,21,26,6,15;10,22,12,18,24,25,30;0,8,14,25,15;16,20,30,25,29;17,27,24,18,23;11,31,17,28,19,13;0,26,12,18,15;8,14,9,27,17,21;0,2,14,7,21;7,14,25,24,27;1,22,19,13,30;5,31,16,20,13;1,18,6,26,22;5,11,20,30,10,19;2,25,9,7,8;0,2,25,23,18,6;3,20,11,31,29;4,27,7,21,28,5,31,29,25,23;1,12,6,15,23,4,24;5,13,10,22,28;3,16,11,13,30;0,8,7,17,28,22,26;1,10,19,28,21,26,12;4,18,15,25,17;1,25,9,27,4,18;1,24,9,14,2,15,23,17,29,3,30;0,6,12,22,21;4,17,7,9,24;5,17,21,22,19;3,25,17,31,16;1,25,3,20,13,10;5,17,29,16,11
rp2_c33_w49_t409 32 2,8,21,26,6,15;10,22,12,18,24,25,30;0,8,14,25,23,15;16,20,30,25,29;15,18,24,27,17,23;11,31,17,28,19,13;0,26,12,18,15;8,14,9,27,17,21;0,2,14,7,21;7,14,25,24,27;1,22,19,13,30;5,31,16,20,13;1,18,6,26,22;5,11,20,30,10,19;2,25,9,7,8;0,2,23,4,18,6;3,20,11,31,29;4,27,7,21,28,5,31,29,25,23;1,12,6,15,4,24;5,13,10,22,28;3,16,11,13,30;0,8,7,17,28,22,26;1,10,19,28,21,26,12;2,15,4,17,25;1,25,9,27,4,18;1,24,9,14,2,23,17,29,3,30;0,6,12,22,21;4,17,7,9,24;5,17,21,22,19;3,25,17,31,16;1,25,3,20,13,10;5,17,29,16,11
rp2_c33_w49_t430 32 2,8,21,26,6,15;10,22,12,24,25,30;0,8,14,25,23,15;16,20,30,25,29;17,27,24,18,23;11,31,17,28,19,13;0,26,12,18,15;8,14,9,27,17,21;0,2,14,7,21;7,14,25,24,27;1,22,19,13,30;5,31,16,20,13;1,24,18,6,26,22;5,11,20,30,10,19;2,25,9,7,8;0,2,23,18,6;3,20,11,31,29;4,27,7,21,28,5,31,29,25,23;4,24,12,6,15,23;5,13,10,22,28;3,16,11,13,30;0,8,7,17,28,22,26;1,10,19,28,21,26,12;2,15,18,4,17,25;1,25,9,27,4,18,12;1,24,9,14,2,23,17,29,3,30;0,6,12,22,21;4,17,7,9,24;5,17,21,22,19;3,25,17,31,16;1,25,3,20,13,10;5,17,29,16,11
rp2_c33_w49_t462 32 2,8,21,26,6,15;10,22,12,24,25,30;0,8,14,25,15;16,20,30,25,29;17,27,24,18,23;11,31,17,28,19,13;0,26,12,18,15;8,14,9,27,17,21;0,2,14,7,21;7,14,25,24,27;1,22,19,13,30;5,31,16,20,13;1,24,18,6,26,22;5,11,20,30,10,19;2,25,9,7,8;0,2,25,23,18,6;3,20,11,31,29;4,27,7,21,28,5,31,29,25,23;4,24,12,6,15,23;5,13,10,22,28;3,16,11,13,30;0,8,7,17,28,22,26;1,10,19,28,21,26,12;4,18,15,25,17;1,25,9,27,4,18,12;1,24,9,14,2,15,23,17,29,3,30;0,6,12,22,21;4,17,7,9,24;5,17,21,22,19;3,25,17,31,16;1,25,3,20,13,10;5,17,29,16,11
rp2_c33_w49_t518 32 2,8,21,26,6,15;10,22,12,24,25,30;0,8,14,25,23,15;16,20,30,25,29;17,27,24,18,23;11,31,17,28,19,13;0,26,12,18,15;8,14,9,27,21;0,2,14,7,21;7,14,25,24,27;1,22,19,13,30;5,31,16,20,13;1,24,18,6,26,22;5,11,20,30,10,19;2,25,9,7,8;0,2,23,18,6;3,20,11,31,29;4,27,21,28,5,31,29,25,23;4,24,12,6,15,23;5,13,10,22,28;3,16,11,13,30;0,8,7,27,17,28,22,26;1,10,19,28,21,26,12;2,15,18,4,17,25;1,25,9,27,4,18,12;1,24,9,14,2,23,17,29,3,30;0,6,12,22,21;4,17,21,7,9,24;5,17,21,22,19;3,25,17,31,16;1,25,3,20,13,10;5,17,29,16,11
rp2_c33_w49_t617 32 2,8,21,26,6,15;10,22,12,24,25,30;0,8,14,25,23,15;16,20,30,25,29;15,18,24,27,17,23;11,31,17,28,19,13;0,26,12,18,15;8,14,9,27,17,21;0,2,14,7,21;7,14,25,24,27;1,22,19,13,30;5,31,16,20,13;1,24,18,6,26,22;5,11,20,30,10,19;2,25,9,7,8;0,2,23,4,18,6;3,20,11,31,29;4,27,7,21,28,5,31,29,25,23;4,24,12,6,15;5,13,10,22,28;3,16,11,13,30;0,8,7,17,28,22,26;1,10,19,28,21,26,12;2,15,4,17,25;1,25,9,27,4,18,12;1,24,9,14,2,23,17,29,3,30;0,6,12,22,21;4,17,7,9,24;5,17,21,22,19;3,25,17,31,16;1,25,3,20,13,10;5,17,29,16,11
rp2_c43_w4_t758 27 1,6,4,18,3,7;0,6,19,24,21,11,7;3,7,12,16,8,17;0,18,17,2,7;0,18,22,15,6;7,9,14,10,12;0,1,19,17,8,15,4;0,1,11,9,5,12,2,3;2,16,23,25,20,13,15,6,17;5,7,11,26,25,14;5,12,16,23,14;1,7,9,26,21;2,7,5,10,16;8,20,24,22,15;5,9,25,23,10;4,6,8,13,22;2,8,23,10,12;2,8,6,19,18,3;0,4,22,24,19,17,3;1,6,17,18,24;8,13,24,21,26,25;1,11,26,20,24;4,18,24,13,15;8,16,10,14,25;1,19,18,22,13,20,21;8,20,26,9,14,23;9,11,21,20,25
rp2_c43_w4_t922 27 1,6,4,18,3,7;0,6,19,24,21,11,7;3,7,12,16,8,17;0,18,19,17,2,7;0,18,22,15,6;7,9,14,10,12;0,1,19,17,8,15,4;0,1,11,9,5,12,2,3;2,16,23,25,20,13,15,6,17;5,7,11,26,25,14;5,12,16,23,14;1,7,9,26,21;2,7,5,10,16;8,20,24,22,15;5,9,25,23,10;4,6,8,13,22;2,8,23,10,12;2,8,6,19,3;0,4,22,24,19,3;1,6,17,3,18,24;8,13,24,21,26,25;1,11,26,20,24;4,18,24,13,15;8,16,10,14,25;1,19,18,22,13,20,21;8,20,26,9,14,23;9,11,21,20,25
rp2_c43_w6_t257 30 2,4,5,19,8;3,6,13,23,11,20;0,4,7,16,8;1,6,21,26,20;0,2,7,13,6,5;0,4,6,9,16,23,11,18,19;1,3,21,17,12,9,5,4,13;2,4,13,23,16;0,19,26,29,27,25,9,16,2;5,6,12,14,25,8,16;14,28,22,27,25;1,23,5,18,20;6,17,24,28,14,9;1,23,7,4,6;9,12,28,10,25;17,24,29,26,21;2,7,23,5,9,8;6,21,15,24,12;5,19,26,20,11;0,8,26,18,5;1,3,26,18,11;3,6,17,15,26;10,27,29,24,28;1,11,5,16,7,13;12,17,15,29,22,28;8,9,14,10,27;3,20,18,19,8,29,15,21;8,25,10,22,29;10,14,12,24,22;8,27,22,24,15,26
rp2_c43_w6_t259 30 2,4,5,19,8;3,6,13,23,11,20;0,4,7,16,8;1,6,21,26,20;0,2,7,13,6,5;0,4,6,16,23,11,18,19;1,3,21,17,12,9,16,5,4,13;2,4,13,23,16;0,19,26,29,27,25,9,16,2;6,12,14,25,8,16;14,28,22,27,25;1,23,5,18,20;6,17,24,28,14,9;1,23,7,4,6;9,12,28,10,25;17,24,29,26,21;2,7,23,5,6,9,8;6,21,15,24,12;5,19,26,20,11;0,8,26,18,5;1,3,26,18,11;3,6,17,15,26;10,27,29,24,28;1,11,5,16,7,13;12,17,15,29,22,28;8,9,14,10,27;3,20,18,19,8,29,15,21;8,25,10,22,29;10,14,12,24,22;8,27,22,24,15,26
rp2_c43_w6_t287 30 2,4,5,19,8;3,6,13,11,20;0,4,7,16,8;1,6,21,26,20;0,2,7,13,6,5;0,4,6,16,23,11,18,19;1,3,21,17,12,9,16,5,4,13;2,4,13,23,16;0,19,26,29,27,25,9,16,2;6,12,14,25,8,16;14,28,22,27,25;1,13,23,5,18,20;6,17,24,28,14,9;1,11,23,7,4,6;9,12,28,10,25;17,24,29,26,21;2,7,23,5,6,9,8;6,21,15,24,12;5,19,26,20,11;0,8,26,18,5;1,3,26,18,11;3,6,17,15,26;10,27,29,24,28;5,16,7,13,11;12,17,15,29,22,28;8,9,14,10,27;3,20,18,19,8,29,15,21;8,25,10,22,29;10,14,12,24,22;8,27,22,24,15,26
rp2_c43_w6_t296 30 2,4,6,5,19,8;3,6,13,23,11,20;0,4,7,16,8;1,6,21,26,20;0,2,7,13,6;0,6,16,23,11,18,19;0,4,13,1,3,21,17,12,9,16,5;2,4,13,23,16;0,19,26,29,27,25,9,16,2;6,12,14,25,8,16;14,28,22,27,25;1,23,5,18,20;6,17,24,28,14,9;1,23,7,4,6;9,12,28,10,25;17,24,29,26,21;2,7,23,5,6,9,8;6,21,15,24,12;5,19,26,20,11;0,8,26,18,5;1,3,26,18,11;3,6,17,15,26;10,27,29,24,28;1,11,5,16,7,13;12,17,15,29,22,28;8,9,14,10,27;3,20,18,19,8,29,15,21;8,25,10,22,29;10,14,12,24,22;8,27,22,24,15,26
rp2_c43_w6_t418 30 2,4,5,19,8;3,6,13,23,11,20;0,4,7,16,8;1,6,21,26,20;0,2,7,13,6,5;0,4,6,16,7,23,11,18,19;1,3,21,17,12,9,16,5,4,13;2,4,13,23,5,16;0,19,26,29,27,25,9,16,2;6,12,14,25,8,16;14,28,22,27,25;1,23,5,18,20;6,17,24,28,14,9;1,23,7,4,6;9,12,28,10,25;17,24,29,26,21;2,7,5,6,9,8;6,21,15,24,12;5,19,26,20,11;0,8,26,18,5;1,3,26,18,11;3,6,17,15,26;10,27,29,24,28;1,11,5,7,13;12,17,15,29,22,28;8,9,14,10,27;3,20,18,19,8,29,15,21;8,25,10,22,29;10,14,12,24,22;8,27,22,24,15,26
rp2_c43_w7_t1555 24 15,21,18,16,19;4,23,8,10,22;4,5,12,18,16,6,22;5,8,23,19,15,17,11;1,23,19,20,5,2,22;2,4,20,8,3,11,14,12;2,16,19,20,10,22;9,14,12,21,13;1,10,20,5,3,23;7,14,11,17,13;1,22,6,20,8;3,5,14,9,17;2,5,14,7,21,18;7,9,17,15,21;5,11,9,7,12;0,21,13,17,3,19;0,18,2,6,19;3,11,9,13,15;0,16,2,12,21;0,15,3,23,4,20,6,16;4,5,8,10,6,19;0,15,13,7,12,18;1,10,6,2,4;1,4,19,3,8
rp2_c43_w7_t1648 24 15,21,18,16,19;4,23,8,10,22;4,5,12,18,16,6,22;5,8,23,19,15,17,11;1,23,19,20,5,2,22;2,4,20,10,8,3,11,14,12;2,16,19,20,10,22;9,14,12,21,13;1,10,5,3,23;7,14,11,17,13;1,22,6,20,5,8;3,5,14,9,17;2,5,14,7,21,18;7,9,17,15,21;5,11,9,7,12;0,21,13,17,3,19;0,18,2,6,19;3,11,9,13,15;0,16,2,12,21;0,15,3,23,4,20,6,16;4,5,10,6,19;0,15,13,7,12,18;1,10,6,2,4;1,4,19,3,8
rp2_c43_w13_t1281 28 3,4,13,21,5;6,9,15,12,24,11;6,17,25,14,16,26;0,4,27,18,20,10,5;0,3,27,12,24,13;0,3,10,19,8,21;1,9,26,2,17,8,11;17,18,20,23,22;5,19,22,17,6,11,21;1,15,18,26,6;3,5,19,23,20;1,6,8,21,13,24;1,24,4,27,16,14,15;0,21,11,24,4;2,16,12,15,25;1,9,18,25,14,12;2,14,12,27,18,26;2,6,8,22,7,18,25;3,20,7,17,25,15,9,26,16,27;5,8,22,23,10;3,18,7,23,10;0,13,11,8,5;7,23,19,8,17;7,20,10,19,22;1,12,4,13,11;2,17,18,15,14;2,6,9,18,16;3,4,12,16,18
rp2_c43_w13_t1884 28 3,4,13,21,5;6,9,15,12,24,11;6,25,14,16,26;0,4,27,18,20,10,5;0,3,27,12,24,13;0,3,10,19,8,21;1,9,26,2,25,17,8,11;17,18,20,23,22;5,19,22,17,6,11,21;1,15,18,26,6;3,5,19,23,20;1,6,8,21,13,24;1,24,4,27,16,14,15;0,21,11,24,4;2,16,12,15,25;1,9,18,25,14,12;2,14,12,27,18,26;6,25,18,7,22,8;3,20,7,17,25,15,9,26,16,27;5,8,22,23,10;3,18,7,23,10;0,13,11,8,5;7,23,19,8,17;7,20,10,19,22;1,12,4,13,11;2,6,17,18,15,14;2,6,9,18,16;3,4,12,16,18
rp2_c43_w37_t120 30 2,10,6,22,13,17;3,15,25,13,22;0,10,4,29,20,28,17;1,15,18,16,22;2,29,9,11,10;6,22,16,8,9,29;0,22,5,29,24,10;15,25,27,20,29,18;5,9,11,19,16;4,11,8,5,29;0,2,4,11,19,26,12,24,6;4,9,8,19,10;10,26,23,14,24;0,22,1,25,21,17;12,24,29,18,23;1,25,7,18,3;3,22,5,8,19,26,23,18;0,2,28,21,13;3,15,7,29,14,23,16;8,16,26,10,11;2,28,27,7,29;13,17,28,27,25;0,6,5,16,3,1,13;12,14,18,16,26;6,10,12,14,29;1,15,7,27,21,13;10,12,23,16,19;7,20,28,21,25;2,20,27,21,17;2,4,9,5,6,24,14,18,7,20
rp2_c43_w37_t122 30 2,10,24,6,22,13,17;3,15,25,13,22;0,10,4,29,20,28,17;1,15,18,16,22;2,29,9,11,10;6,22,16,8,9,29;0,22,5,29,24;15,25,27,20,29,18;5,9,11,19,16;4,11,8,5,29;0,2,4,11,19,26,12,24;4,9,8,19,10;10,26,23,14,24;0,22,1,25,21,17;12,24,29,18,23;1,25,7,18,3;3,22,5,8,19,26,23,18;0,2,28,21,13;3,15,7,29,14,23,16;8,16,26,10,11;2,28,27,7,29;13,17,28,27,25;0,6,5,16,3,1,13;12,14,18,16,26;0,6,29,14,12,10;1,15,7,27,21,13;10,12,23,16,19;7,20,28,21,25;2,20,27,21,17;2,4,9,5,6,24,14,18,7,20
rp2_c43_w37_t125 30 2,10,6,22,13,17;3,15,25,13,22;0,10,4,29,20,28,17;1,15,18,16,22;2,29,9,11,10;6,22,16,8,9,29,24;0,22,5,24,10;15,25,27,20,29,18;5,9,11,19,16;4,11,8,5,29;0,2,4,11,19,26,12,24,6;4,9,8,19,10;10,26,23,14,24;0,22,1,25,21,17;12,24,29,18,23;1,25,7,18,3;3,22,5,8,19,26,23,18;0,2,28,21,13;3,15,7,29,14,23,16;8,16,26,10,11;2,28,27,7,29;13,17,28,27,25;0,6,5,16,3,1,13;12,14,18,16,26;5,6,10,12,14,29;1,15,7,27,21,13;10,12,23,16,19;7,20,28,21,25;2,20,27,21,17;2,4,9,5,24,14,18,7,20
rp2_c43_w37_t185 30 2,10,6,22,13,17;3,15,25,13,22;0,10,4,29,20,28,17;1,15,18,16,22;2,29,9,11,10;6,22,16,8,9,29,14,24;0,22,5,24,10;15,25,27,20,29,18;5,9,11,19,16;4,11,8,5,29;0,2,4,11,19,26,12,24,6;4,9,8,19,10;10,26,23,14,24;0,22,1,25,21,17;5,24,12,23,18,29;1,25,7,18,3;3,22,5,8,19,26,23,18;0,2,28,21,13;3,15,7,29,14,23,16;8,16,26,10,11;2,28,27,7,29;13,17,28,27,25;0,6,5,16,3,1,13;12,14,18,16,26;5,6,10,12,14;1,15,7,27,21,13;10,12,23,16,19;7,20,28,21,25;2,20,27,21,17;2,4,9,5,14,18,7,20
rp2_c43_w37_t352 30 2,10,6,22,13,17;3,15,25,13,22;0,10,4,29,20,28,17;1,15,18,16,22;2,29,9,11,10;6,22,16,8,9,14,24;0,22,5,24,10;15,25,27,20,29,18;5,9,11,19,16;4,11,8,5,14,29;0,2,4,11,19,26,12,24,6;4,9,8,19,10;10,26,23,14,24;0,22,1,25,21,17;5,9,29,18,23,12,24;1,25,7,18,3;3,22,5,8,19,26,23,18;0,2,28,21,13;3,15,7,29,14,23,16;8,16,26,10,11;2,28,27,7,29;13,17,28,27,25;0,6,5,16,3,1,13;12,14,18,16,26;5,6,10,12,14;1,15,7,27,21,13;10,12,23,16,19;7,20,28,21,25;2,20,27,21,17;2,4,9,14,18,7,20
rp2_c43_w44_t90 33 4,14,8,19,7;8,14,15,26,21;9,24,18,12,11;5,6,13,27,30,24;0,14,29,32,17,10,7;3,6,15,30,27,22,18,24;3,5,15,26,28,23,13;0,4,10,25,19;0,14,1,21,16,19;2,24,30,29,32,11;4,7,25,31,17;2,9,32,17,31,12;2,11,31,25,18;3,6,23,22,27;0,4,29,15,1,8;1,14,29,30,5,6,26;8,19,25,20,23,28,21;4,32,11,31,10;2,12,25,20,22,5,24;0,7,25,16,8;16,23,22,18,25;1,8,16,28,26;5,18,20,23,13,27;6,13,22,20,16,28;2,9,30,3,5,18;7,19,16,20,18,12,31,10;1,21,28,6,15;3,13,22,5,30;6,23,16,21,26;4,14,15,30,9,32;3,24,9,29,15,5,27;10,25,12,11,17;4,17,11,9,29
rp2_c43_w44_t94 33 4,14,8,19,7;8,14,15,26,21;9,24,18,12,11;5,6,13,27,30,24;0,14,29,32,17,10,7;3,6,15,30,27,22,24;3,5,15,26,28,23,13;0,4,10,25,19;0,14,1,21,16,19;2,24,30,29,32,11;4,7,25,31,17;2,9,32,17,31,12;2,11,31,25,18;3,6,23,22,27;0,4,29,15,1,8;1,14,29,30,5,6,26;8,19,25,20,23,28,21;4,32,11,31,10;2,12,25,20,22,24;0,7,25,16,8;16,23,22,18,25;1,8,16,28,26;5,24,18,20,23,13,27;6,13,22,20,16,28;2,9,30,3,5,22,18;7,19,16,20,18,12,31,10;1,21,28,6,15;3,13,22,5,30;6,23,16,21,26;4,14,15,30,9,32;3,24,9,29,15,5,27;10,25,12,11,17;4,17,11,9,29
rp2_c43_w44_t114 33 4,14,8,19,7;8,14,15,26,21;9,24,18,12,11;5,6,13,27,30,9,24;0,14,29,32,17,10,7;3,6,15,30,27,22,18,24;3,5,15,26,28,23,13;0,4,10,25,19;0,14,1,21,16,19;2,24,3,30,29,32,11;4,7,25,31,17;2,9,32,17,31,12;2,11,31,25,18;3,6,23,22,27;0,4,29,15,1,8;1,14,29,30,5,6,26;8,19,25,20,23,28,21;4,32,11,31,10;2,12,25,20,22,5,24;0,7,25,16,8;16,23,22,18,25;1,8,16,28,26;5,18,20,23,13,27;6,13,22,20,16,28;2,9,3,5,18;7,19,16,20,18,12,31,10;1,21,28,6,15;3,13,22,5,30;6,23,16,21,26;4,14,15,30,9,32;3,9,29,15,5,27;10,25,12,11,17;4,17,11,9,29
rp2_c43_w44_t123 33 4,14,8,19,7;8,14,15,26,21;9,24,18,12,11;5,6,13,27,30,24;0,14,29,32,17,10,7;3,6,15,30,27,18,24;3,5,15,26,28,23,13;0,4,10,25,19;0,14,1,21,16,19;2,24,30,29,32,11;4,7,25,31,17;2,9,32,17,31,12;2,11,31,25,18;3,6,23,22,27;0,4,29,15,1,8;1,14,29,30,5,6,26;8,19,25,20,23,28,21;4,32,11,31,10;2,12,25,20,22,27,5,24;0,7,25,16,8;16,23,22,18,25;1,8,16,28,26;13,27,18,20,23;6,13,22,20,16,28;2,9,30,3,5,18;7,19,16,20,18,12,31,10;1,21,28,6,15;3,13,22,18,5,30;6,23,16,21,26;4,14,15,30,9,32;3,24,9,29,15,5,27;10,25,12,11,17;4,17,11,9,29
rp2_c43_w44_t143 33 4,14,8,19,7;8,14,15,26,21;9,24,18,12,11;5,6,13,27,30,24;0,14,29,32,17,10,7;3,6,15,30,27,22,18,24;3,5,15,26,28,23,13;0,4,10,25,19;0,14,1,21,16,19;2,24,29,32,11;4,7,25,31,17;2,9,32,17,31,12;2,11,31,25,18;3,6,23,22,27;0,4,29,15,1,8;1,14,29,30,5,6,26;8,19,25,20,23,28,21;4,32,11,31,10;2,12,25,20,22,5,24;0,7,25,16,8;16,23,22,18,25;1,8,16,28,26;5,18,20,23,13,27;6,13,22,20,16,28;2,9,29,30,3,5,18;7,19,16,20,18,12,31,10;1,21,28,6,15;3,13,22,5,30;6,23,16,21,26;4,14,15,30,24,9,32;3,24,29,15,5,27;10,25,12,11,17;4,17,11,9,29
rp2_c43_w44_t168 33 4,14,8,19,7;8,14,15,26,21;9,24,18,12,11,32;5,6,13,27,30,24;0,14,29,32,17,10,7;3,6,15,30,27,22,18,24;3,5,15,26,28,23,13;0,4,10,25,19;0,14,1,21,16,19;2,24,30,29,32;4,7,25,31,17;2,12,31,17,32;2,11,31,25,18;3,6,23,22,27;0,4,29,15,1,8;1,14,29,30,5,6,26;8,19,25,20,23,28,21;4,32,11,31,10;2,12,25,20,22,5,24;0,7,25,16,8;16,23,22,18,25;1,8,16,28,26;5,18,20,23,13,27;6,13,22,20,16,28;2,9,30,3,5,18;7,19,16,20,18,12,31,10;1,21,28,6,15;3,13,22,5,30;6,23,16,21,26;4,14,15,30,9,32;3,24,9,29,15,5,27;10,25,12,11,17;2,9,29,4,17,11
rp2_c43_w44_t178 33 4,14,8,19,7;8,14,15,26,21;9,30,24,18,12,11;5,6,13,27,30,24;0,14,29,32,17,10,7;3,6,15,30,27,22,18,24;3,5,15,26,28,23,13;0,4,10,25,19;0,14,1,21,16,19;2,30,29,32,11;4,7,25,31,17;2,9,32,17,31,12;2,11,31,25,18;3,6,23,22,27;0,4,29,15,1,8;1,14,29,30,5,6,26;8,19,25,20,23,28,21;4,32,11,31,10;2,12,25,20,22,5,24;0,7,25,16,8;16,23,22,18,25;1,8,16,28,26;5,18,20,23,13,27;6,13,22,20,16,28;2,30,3,5,18;7,19,16,20,18,12,31,10;1,21,28,6,15;3,13,22,5,30;6,23,16,21,26;4,14,15,30,9,32;2,9,29,15,5,27,3,24;10,25,12,11,17;4,17,11,9,29
