G 22 0203040506000106070803000102080904000103090a050001040a0b060001050b07020002060b0c080002070c09030003080c0d0e0f10110a04000409110b0500050a111213140d0c070600070b0d090800090c0b140e00090d14150f00090e15161000090f161211000910120b0a000b11101613000b12161514000b13150e0d000e1413160f000f1513121000 40 0 1 2 0 2 3 0 3 4 0 4 5 0 5 1 1 2 6 1 6 7 1 7 8 1 8 9 1 9 10 1 10 11 1 11 12 1 12 5 2 3 13 2 13 6 3 4 14 3 14 15 3 15 10 3 10 9 3 9 16 3 16 17 3 17 13 9 8 16 8 7 18 8 18 16 16 18 17 18 7 19 18 19 17 7 6 19 6 13 19 13 17 19 10 15 11 15 14 20 15 20 11 11 20 12 20 14 21 20 21 12 14 4 21 4 5 21 5 12 21
G 22 0203040506000106070803000102080904000103090a050001040a0b060001050b0c0d0e0f1007020002061011080002071109030003081112131415160a04000409160b0500050a160c0600060b16150d00060c15140e00060d14130f00060e13121000060f121107000710120908000911100f130009120f0e140009130e0d150009140d0c160009150c0b0a00 40 0 1 2 0 2 3 0 3 4 0 4 5 0 5 1 1 2 6 1 6 7 1 7 8 1 8 9 1 9 10 1 10 11 1 11 12 1 12 5 2 3 13 2 13 6 3 4 14 3 14 13 4 5 15 4 15 14 5 12 15 12 11 16 12 16 15 15 16 14 14 16 17 14 17 18 14 18 19 14 19 20 14 20 21 14 21 13 16 11 17 11 10 17 13 21 6 17 10 18 10 9 18 6 21 7 21 20 7 18 9 19 9 8 19 7 20 8 20 19 8
G 22 0203040506000106070803000102080904000103090a050001040a0b060001050b07020002060b0c080002070c09030003080c0d0e0f0a040004090f0b0500050a0f1011120c070600070b12130d090800090c13140e00090d1415100f00090e100b0a000b0f0e1511000b10151612000b1116130c000c1216140d000d1316150e000e1416111000111514131200 40 0 1 2 0 2 3 0 3 4 0 4 5 0 5 1 1 2 6 1 6 7 1 7 8 1 8 9 1 9 10 1 10 11 1 11 5 2 3 12 2 12 13 2 13 14 2 14 6 3 4 15 3 15 12 4 5 16 4 16 15 5 11 16 11 10 17 11 17 16 16 17 15 15 17 12 17 10 13 17 13 12 10 9 13 13 9 18 13 18 19 13 19 14 9 8 18 8 7 20 8 20 18 18 20 19 20 7 21 20 21 19 7 6 21 6 14 21 14 19 21
G 22 0203040506000106070803000102080904000103090a050001040a0b060001050b07020002060b0c080002070c09030003080c0d0a040004090d0e0b0500050a0e0f10110c070600070b11120d090800090c1213140e0a000a0d140f0b000b0e141510000b0f151611000b1016120c000c1116130d000d12161514000d13150f0e000f1413161000101513121100 40 0 1 2 0 2 3 0 3 4 0 4 5 0 5 1 1 2 6 1 6 7 1 7 8 1 8 9 1 9 10 1 10 11 1 11 5 2 3 12 2 12 13 2 13 14 2 14 6 3 4 15 3 15 12 4 5 16 4 16 15 5 11 16 11 10 17 11 17 16 16 17 15 15 17 12 17 10 12 12 10 9 12 9 13 9 8 18 9 18 13 13 18 19 13 19 14 18 8 20 18 20 19 8 7 20 7 6 21 7 21 20 6 14 21 14 19 21 19 20 21
G 22 0203040506000106070803000102080904000103090a050001040a0b060001050b07020002060b0c080002070c0d09030003080d0e0f0a040004090f0b0500050a0f1011120c070600070b120d0800080c1213140e0900090d14150f00090e15100b0a000b0f151611000b10161312000b11130d0c000d12111614000d1316150e000e1416100f00101514131100 40 0 1 2 0 2 3 0 3 4 0 4 5 0 5 1 1 2 6 1 6 7 1 7 8 1 8 9 1 9 10 1 10 11 1 11 5 2 3 12 2 12 13 2 13 6 3 4 14 3 14 15 3 15 16 3 16 12 4 5 17 4 17 14 5 11 17 11 10 18 11 18 17 17 18 14 14 18 15 18 10 15 10 9 15 15 9 16 9 8 16 16 8 19 16 19 20 16 20 12 8 7 19 12 20 13 20 19 21 20 21 13 19 7 21 7 6 21 6 13 21
G 22 0203040506000106070803000102080904000103090a050001040a0b060001050b07020002060b0c080002070c09030003080c0d0e0f0a040004090f0b0500050a0f1011120c070600070b120d090800090c1213140e00090d14150f00090e15100b0a000b0f151611000b10161312000b11130d0c000d12111614000d1316150e000e1416100f00101514131100 40 0 1 2 0 2 3 0 3 4 0 4 5 0 5 1 1 2 6 1 6 7 1 7 8 1 8 9 1 9 10 1 10 11 1 11 5 2 3 12 2 12 13 2 13 6 3 4 14 3 14 15 3 15 9 3 9 16 3 16 12 9 8 16 8 7 17 8 17 16 16 17 18 16 18 12 12 18 13 18 17 19 18 19 13 17 7 19 7 6 19 6 13 19 9 15 10 15 14 20 15 20 10 10 20 11 20 14 21 20 21 11 14 4 21 4 5 21 5 11 21
G 22 0203040506000106070803000102080904000103090a050001040a0b060001050b07020002060b0c080002070c09030003080c0d0a040004090d0e0f10110b0500050a110c070600070b111213140d090800090c140e0a000a0d14150f000a0e151610000a0f161211000a10120c0b000c11101613000c12161514000c13150e0d000e1413160f000f1513121000 40 0 1 2 0 2 3 0 3 4 0 4 5 0 5 1 1 2 6 1 6 7 1 7 8 1 8 9 1 9 10 1 10 11 1 11 5 2 3 12 2 12 13 2 13 6 3 4 14 3 14 15 3 15 9 3 9 8 3 8 16 3 16 12 8 7 17 8 17 16 7 6 18 7 18 17 6 13 18 13 12 19 13 19 18 12 16 19 16 17 19 17 18 19 9 15 10 15 14 20 15 20 10 10 20 11 20 14 21 20 21 11 14 4 21 4 5 21 5 11 21
G 22 0203040506000106070803000102080904000103090a050001040a0b060001050b07020002060b0c080002070c0d09030003080d0e0f10110a04000409110b0500050a1112130c070600070b13140d0800080c140e0900090d14150f00090e15161000090f161211000910120b0a000b11101613000b121615140c000c13150e0d000e1413160f000f1513121000 40 0 1 2 0 2 3 0 3 4 0 4 5 0 5 1 1 2 6 1 6 7 1 7 8 1 8 9 1 9 10 1 10 11 1 11 5 2 3 12 2 12 13 2 13 6 3 4 14 3 14 15 3 15 12 4 5 16 4 16 14 5 11 16 11 10 17 11 17 16 16 17 14 14 17 18 14 18 15 17 10 18 10 9 18 18 9 15 9 8 15 15 8 19 15 19 20 15 20 12 8 7 19 12 20 13 20 19 21 20 21 13 19 7 21 7 6 21 6 13 21
G 22 0203040506000106070803000102080904000103090a050001040a0b060001050b07020002060b0c080002070c0d09030003080d0e0f100a04000409100b0500050a101112130c070600070b13140d0800080c140e0900090d1415160f00090e16111000090f110b0a000b100f1612000b11161513000b1215140c000c13150e0d000e14131216000e1512110f00 40 0 1 2 0 2 3 0 3 4 0 4 5 0 5 1 1 2 6 1 6 7 1 7 8 1 8 9 1 9 10 1 10 11 1 11 5 2 3 12 2 12 13 2 13 6 3 4 14 3 14 15 3 15 12 4 5 16 4 16 14 5 11 16 11 10 17 11 17 16 16 17 14 14 17 15 17 10 15 10 9 15 15 9 18 15 18 19 15 19 12 9 8 18 12 19 13 19 18 20 19 20 21 19 21 13 18 8 20 8 7 20 13 21 6 20 7 21 7 6 21
G 22 0203040506000106070803000102080904000103090a050001040a0b060001050b07020002060b0c080002070c0d09030003080d0e0a040004090e0f0b0500050a0f1011120c070600070b120d0800080c1213140e0900090d14150f0a000a0e15100b000b0f151611000b10161312000b11130d0c000d12111614000d1316150e000e1416100f00101514131100 40 0 1 2 0 2 3 0 3 4 0 4 5 0 5 1 1 2 6 1 6 7 1 7 8 1 8 9 1 9 10 1 10 11 1 11 5 2 3 12 2 12 13 2 13 6 3 4 14 3 14 15 3 15 12 4 5 16 4 16 14 5 11 16 11 10 17 11 17 16 16 17 14 14 17 15 17 10 15 10 9 15 15 9 18 15 18 12 9 8 18 12 18 19 12 19 13 18 8 20 18 20 19 8 7 20 7 6 21 7 21 20 6 13 21 13 19 21 19 20 21
G 22 0203040506000106070803000102080904000103090a050001040a0b060001050b07020002060b0c080002070c09030003080c0d0e0a040004090e0f0b0500050a0f1011120c070600070b120d090800090c1213140e00090d14150f0a000a0e15100b000b0f151611000b10161312000b11130d0c000d12111614000d1316150e000e1416100f00101514131100 40 0 1 2 0 2 3 0 3 4 0 4 5 0 5 1 1 2 6 1 6 7 1 7 8 1 8 9 1 9 10 1 10 11 1 11 5 2 3 12 2 12 13 2 13 6 3 4 14 3 14 15 3 15 12 4 5 16 4 16 14 5 11 16 11 10 17 11 17 16 16 17 14 14 17 15 17 10 15 10 9 15 15 9 12 9 8 18 9 18 12 12 18 19 12 19 13 18 8 20 18 20 19 8 7 20 7 6 21 7 21 20 6 13 21 13 19 21 19 20 21
G 22 0203040506000106070803000102080904000103090a050001040a0b060001050b07020002060b0c080002070c0d09030003080d0e0f10110a04000409110b0500050a111213140c070600070b140d0800080c140e0900090d14150f00090e15161000090f161211000910120b0a000b11101613000b12161514000b13150e0d0c000e1413160f000f1513121000 40 0 1 2 0 2 3 0 3 4 0 4 5 0 5 1 1 2 6 1 6 7 1 7 8 1 8 9 1 9 10 1 10 11 1 11 5 2 3 12 2 12 13 2 13 6 3 4 14 3 14 12 4 5 15 4 15 16 4 16 14 5 11 15 11 10 17 11 17 15 15 17 16 17 10 18 17 18 16 10 9 18 16 18 14 18 9 14 14 9 8 14 8 19 14 19 20 14 20 12 8 7 19 12 20 13 20 19 21 20 21 13 19 7 21 7 6 21 6 13 21
G 22 0203040506000106070803000102080904000103090a050001040a0b060001050b0c07020002060c0d080002070d0e0f1011090300030811120a04000409120b0500050a12131415160c0600060b160d0700070c160e0800080d16150f00080e15141000080f141311000810131209000911130b0a000b12111014000b13100f15000b140f0e16000b150e0d0c00 40 0 1 2 0 2 3 0 3 4 0 4 5 0 5 1 1 2 6 1 6 7 1 7 8 1 8 9 1 9 10 1 10 11 1 11 5 2 3 12 2 12 13 2 13 6 3 4 14 3 14 12 4 5 15 4 15 14 5 11 15 11 10 16 11 16 15 15 16 17 15 17 14 14 17 12 12 17 13 17 16 18 17 18 19 17 19 20 17 20 21 17 21 13 16 10 18 10 9 18 13 21 6 18 9 19 9 8 19 6 21 7 21 20 7 19 8 20 8 7 20
G 22 0203040506000106070803000102080904000103090a050001040a0b060001050b0c07020002060c0d080002070d0e09030003080e0f1011120a04000409120b0500050a12130c0600060b131415160d0700070c160e0800080d160f0900090e16151000090f151411000910141312000911130b0a000b1211140c000c13111015000c14100f16000c150f0e0d00 40 0 1 2 0 2 3 0 3 4 0 4 5 0 5 1 1 2 6 1 6 7 1 7 8 1 8 9 1 9 10 1 10 11 1 11 5 2 3 12 2 12 13 2 13 6 3 4 14 3 14 12 4 5 15 4 15 14 5 11 15 11 10 16 11 16 15 15 16 14 14 16 17 14 17 18 14 18 19 14 19 12 16 10 17 10 9 17 12 19 13 17 9 18 9 8 18 18 8 20 18 20 19 8 7 20 19 20 21 19 21 13 20 7 21 7 6 21 6 13 21
G 22 0203040506000106070803000102080904000103090a050001040a0b060001050b07020002060b0c080002070c0d0e09030003080e0f0a040004090f100b0500050a101112130c070600070b130d0800080c13140e00080d1415160f0900090e16100a000a0f16110b000b10161512000b11151413000b12140d0c000d1312150e000e14121116000e1511100f00 40 0 1 2 0 2 3 0 3 4 0 4 5 0 5 1 1 2 6 1 6 7 1 7 8 1 8 9 1 9 10 1 10 11 1 11 5 2 3 12 2 12 13 2 13 6 3 4 14 3 14 12 4 5 15 4 15 14 5 11 15 11 10 16 11 16 15 15 16 14 14 16 17 14 17 18 14 18 12 16 10 17 10 9 17 12 18 19 12 19 13 17 9 18 9 8 18 18 8 20 18 20 19 8 7 20 7 6 21 7 21 20 6 13 21 13 19 21 19 20 21
G 22 0203040506000106070803000102080904000103090a050001040a0b060001050b0c0d07020002060d0e080002070e09030003080e0f1011120a04000409120b0500050a12130c0600060b131415160d00060c160e0700070d160f090800090e16151000090f151411000910141312000911130b0a000b1211140c000c13111015000c14100f16000c150f0e0d00 40 0 1 2 0 2 3 0 3 4 0 4 5 0 5 1 1 2 6 1 6 7 1 7 8 1 8 9 1 9 10 1 10 11 1 11 5 2 3 12 2 12 13 2 13 6 3 4 14 3 14 12 4 5 15 4 15 14 5 11 15 11 10 16 11 16 15 15 16 14 14 16 17 14 17 18 14 18 12 16 10 17 10 9 17 12 18 13 17 9 19 17 19 18 9 8 19 18 19 20 18 20 21 18 21 13 19 8 20 8 7 20 13 21 6 20 7 21 7 6 21
G 22 0203040506000106070803000102080904000103090a050001040a0b060001050b07020002060b0c080002070c0d09030003080d0e0f0a040004090f100b0500050a101112130c070600070b130d0800080c13140e0900090d1415160f00090e16100a000a0f16110b000b10161512000b11151413000b12140d0c000d1312150e000e14121116000e1511100f00 40 0 1 2 0 2 3 0 3 4 0 4 5 0 5 1 1 2 6 1 6 7 1 7 8 1 8 9 1 9 10 1 10 11 1 11 5 2 3 12 2 12 13 2 13 6 3 4 14 3 14 12 4 5 15 4 15 14 5 11 15 11 10 16 11 16 15 15 16 14 14 16 17 14 17 12 16 10 17 10 9 17 12 17 18 12 18 19 12 19 13 17 9 18 9 8 18 18 8 20 18 20 19 8 7 20 7 6 21 7 21 20 6 13 21 13 19 21 19 20 21
G 22 0203040506000106070803000102080904000103090a050001040a0b060001050b0c07020002060c0d080002070d09030003080d0e0f10110a04000409110b0500050a1112130c0600060b13140d0700070c140e090800090d14150f00090e15161000090f161211000910120b0a000b11101613000b121615140c000c13150e0d000e1413160f000f1513121000 40 0 1 2 0 2 3 0 3 4 0 4 5 0 5 1 1 2 6 1 6 7 1 7 8 1 8 9 1 9 10 1 10 11 1 11 5 2 3 12 2 12 13 2 13 6 3 4 14 3 14 12 4 5 15 4 15 14 5 11 15 11 10 16 11 16 15 15 16 14 14 16 17 14 17 12 16 10 17 10 9 17 12 17 18 12 18 13 17 9 19 17 19 18 9 8 19 8 7 20 8 20 19 19 20 18 18 20 21 18 21 13 20 7 21 7 6 21 6 13 21
G 22 0203040506000106070803000102080904000103090a050001040a0b060001050b07020002060b0c080002070c09030003080c0d0e0f0a040004090f100b0500050a101112130c070600070b130d090800090c13140e00090d1415160f00090e16100a000a0f16110b000b10161512000b11151413000b12140d0c000d1312150e000e14121116000e1511100f00 40 0 1 2 0 2 3 0 3 4 0 4 5 0 5 1 1 2 6 1 6 7 1 7 8 1 8 9 1 9 10 1 10 11 1 11 5 2 3 12 2 12 13 2 13 6 3 4 14 3 14 12 4 5 15 4 15 14 5 11 15 11 10 16 11 16 15 15 16 14 14 16 17 14 17 12 16 10 17 10 9 17 12 17 9 12 9 18 12 18 19 12 19 13 9 8 18 8 7 20 8 20 18 18 20 19 20 7 21 20 21 19 7 6 21 6 13 21 13 19 21
G 22 0203040506000106070803000102080904000103090a050001040a0b060001050b07020002060b0c080002070c0d09030003080d0e0f100a0400040910110b0500050a111213140c070600070b140d0800080c140e0900090d1413150f00090e15161000090f16110a000a1016120b000b11161513000b12150e14000b130e0d0c000e1312160f000f1512111000 40 0 1 2 0 2 3 0 3 4 0 4 5 0 5 1 1 2 6 1 6 7 1 7 8 1 8 9 1 9 10 1 10 11 1 11 5 2 3 12 2 12 13 2 13 6 3 4 14 3 14 12 4 5 15 4 15 14 5 11 15 11 10 16 11 16 15 15 16 14 14 16 12 16 10 17 16 17 12 12 17 18 12 18 19 12 19 13 10 9 17 17 9 18 9 8 18 18 8 20 18 20 19 8 7 20 7 6 21 7 21 20 6 13 21 13 19 21 19 20 21
G 22 0203040506000106070803000102080904000103090a050001040a0b060001050b07020002060b0c080002070c0d0e09030003080e0f10110a04000409110b0500050a111213140c070600070b140d0800080c14150e00080d150f0900090e15161000090f161211000910120b0a000b11101613000b12161514000b13150d0c000d1413160f0e000f1513121000 40 0 1 2 0 2 3 0 3 4 0 4 5 0 5 1 1 2 6 1 6 7 1 7 8 1 8 9 1 9 10 1 10 11 1 11 5 2 3 12 2 12 6 3 4 13 3 13 14 3 14 15 3 15 16 3 16 12 4 5 17 4 17 13 5 11 17 11 10 18 11 18 17 17 18 13 13 18 14 18 10 19 18 19 14 10 9 19 14 19 15 19 9 15 9 8 15 15 8 20 15 20 16 8 7 20 7 6 21 7 21 20 6 12 21 12 16 21 16 20 21
G 22 0203040506000106070803000102080904000103090a050001040a0b060001050b07020002060b0c080002070c0d0e09030003080e0f100a04000409100b0500050a101112130c070600070b130d0800080c1314150e00080d150f0900090e1516111000090f110b0a000b100f1612000b11161413000b12140d0c000d13121615000d14160f0e000f1514121100 40 0 1 2 0 2 3 0 3 4 0 4 5 0 5 1 1 2 6 1 6 7 1 7 8 1 8 9 1 9 10 1 10 11 1 11 5 2 3 12 2 12 6 3 4 13 3 13 14 3 14 15 3 15 12 4 5 16 4 16 17 4 17 13 5 11 16 11 10 18 11 18 16 16 18 17 18 10 19 18 19 17 10 9 19 17 19 13 19 9 14 19 14 13 9 8 14 14 8 20 14 20 15 8 7 20 7 6 21 7 21 20 6 12 21 12 15 21 15 20 21
G 22 0203040506000106070803000102080904000103090a050001040a0b060001050b0c07020002060c0d080002070d0e0f09030003080f0a040004090f101112130b0500050a130c0600060b13140d0700070c1415160e0800080d16100f00080e100a09000a0f0e1611000a10161512000a11151413000a12140c0b000c1312150d000d14121116000d1511100e00 40 0 1 2 0 2 3 0 3 4 0 4 5 0 5 1 1 2 6 1 6 7 1 7 8 1 8 9 1 9 10 1 10 11 1 11 5 2 3 12 2 12 6 3 4 13 3 13 14 3 14 15 3 15 12 4 5 16 4 16 13 5 11 16 11 10 17 11 17 16 16 17 13 13 17 18 13 18 19 13 19 14 17 10 18 10 9 18 18 9 19 9 8 19 19 8 20 19 20 14 8 7 20 14 20 15 20 7 21 20 21 15 7 6 21 6 12 21 12 15 21
G 22 0203040506000106070803000102080904000103090a050001040a0b060001050b0c07020002060c0d080002070d0e0f10110903000308110a040004091112130b0500050a13140c0600060b140d0700070c140e0800080d14150f00080e15161000080f161211000810120a09000a11101613000a121615140b000b13150e0d0c000e1413160f000f1513121000 40 0 1 2 0 2 3 0 3 4 0 4 5 0 5 1 1 2 6 1 6 7 1 7 8 1 8 9 1 9 10 1 10 11 1 11 5 2 3 12 2 12 6 3 4 13 3 13 14 3 14 15 3 15 12 4 5 16 4 16 13 5 11 16 11 10 17 11 17 16 16 17 13 13 17 18 13 18 14 17 10 18 10 9 18 18 9 19 18 19 14 9 8 19 14 19 20 14 20 15 19 8 20 8 7 20 20 7 21 20 21 15 7 6 21 6 12 21 12 15 21
G 22 0203040506000106070803000102080904000103090a050001040a0b060001050b0c07020002060c0d0e080002070e09030003080e0f1011120a04000409120b0500050a1213140c0600060b140d0700070c14150f0e00070d0f090800090e0d151000090f151611000910161312000911130b0a000b12111614000b1316150d0c000d1416100f00101514131100 40 0 1 2 0 2 3 0 3 4 0 4 5 0 5 1 1 2 6 1 6 7 1 7 8 1 8 9 1 9 10 1 10 11 1 11 5 2 3 12 2 12 6 3 4 13 3 13 14 3 14 15 3 15 12 4 5 16 4 16 13 5 11 16 11 10 17 11 17 16 16 17 13 13 17 18 13 18 14 17 10 18 10 9 18 18 9 19 18 19 14 9 8 19 14 19 15 19 8 20 19 20 15 8 7 20 15 20 21 15 21 12 20 7 21 7 6 21 6 12 21
G 22 0203040506000106070803000102080904000103090a050001040a0b060001050b0c07020002060c0d080002070d0e0f10110903000308110a040004091112130b0500050a1314150c0600060b150d0700070c150e0800080d15140f00080e14161000080f161211000810120a09000a11101613000a1216140b000b13160f0e15000b140e0d0c000f1413121000 40 0 1 2 0 2 3 0 3 4 0 4 5 0 5 1 1 2 6 1 6 7 1 7 8 1 8 9 1 9 10 1 10 11 1 11 5 2 3 12 2 12 6 3 4 13 3 13 14 3 14 15 3 15 12 4 5 16 4 16 13 5 11 16 11 10 17 11 17 16 16 17 13 13 17 14 17 10 18 17 18 14 10 9 18 14 18 19 14 19 20 14 20 15 18 9 19 9 8 19 19 8 20 8 7 20 20 7 21 20 21 15 7 6 21 6 12 21 12 15 21
G 22 0203040506000106070803000102080904000103090a050001040a0b060001050b0c07020002060c0d080002070d0e0f10110903000308110a0400040911120b0500050a12130c0600060b13140d0700070c140e0800080d14150f00080e15161000080f161211000810120a09000a111016130b000b121615140c000c13150e0d000e1413160f000f1513121000 40 0 1 2 0 2 3 0 3 4 0 4 5 0 5 1 1 2 6 1 6 7 1 7 8 1 8 9 1 9 10 1 10 11 1 11 5 2 3 12 2 12 6 3 4 13 3 13 14 3 14 12 4 5 15 4 15 16 4 16 13 5 11 15 11 10 17 11 17 15 15 17 16 17 10 18 17 18 16 10 9 18 16 18 19 16 19 13 18 9 19 9 8 19 13 19 20 13 20 14 19 8 20 8 7 20 20 7 21 20 21 14 7 6 21 6 12 21 12 14 21
G 22 0203040506000106070803000102080904000103090a050001040a0b060001050b0c07020002060c0d080002070d0e0f10110903000308110a0400040911120b0500050a1213140c0600060b140d0700070c140e0800080d14150f00080e15161000080f161211000810120a09000a111016130b000b12161514000b13150e0d0c000e1413160f000f1513121000 40 0 1 2 0 2 3 0 3 4 0 4 5 0 5 1 1 2 6 1 6 7 1 7 8 1 8 9 1 9 10 1 10 11 1 11 5 2 3 12 2 12 6 3 4 13 3 13 14 3 14 12 4 5 15 4 15 16 4 16 13 5 11 15 11 10 17 11 17 15 15 17 16 17 10 18 17 18 16 10 9 18 16 18 13 18 9 19 18 19 13 13 19 20 13 20 14 9 8 19 19 8 20 8 7 20 20 7 21 20 21 14 7 6 21 6 12 21 12 14 21
G 22 0203040506000106070803000102080904000103090a050001040a0b060001050b0c0d0e07020002060e0f080002070f09030003080f101112130a04000409130b0500050a13140c0600060b14150d00060c15160e00060d16100f0700070e10090800090f0e1611000910161512000911151413000912140b0a000b1312150c000c141211160d000d1511100e00 40 0 1 2 0 2 3 0 3 4 0 4 5 0 5 1 1 2 6 1 6 7 1 7 8 1 8 9 1 9 10 1 10 11 1 11 5 2 3 12 2 12 6 3 4 13 3 13 14 3 14 12 4 5 15 4 15 13 5 11 15 11 10 16 11 16 15 15 16 17 15 17 13 13 17 14 17 16 18 17 18 19 17 19 20 17 20 21 17 21 14 16 10 18 10 9 18 14 21 12 18 9 19 9 8 19 12 21 6 21 20 7 21 7 6 19 8 20 8 7 20
G 22 0203040506000106070803000102080904000103090a050001040a0b060001050b0c0d07020002060d0e0f080002070f09030003080f101112130a04000409130b0500050a13140c0600060b14150d00060c15160e0700070d16100f00070e10090800090f0e1611000910161512000911151413000912140b0a000b1312150c000c141211160d000d1511100e00 40 0 1 2 0 2 3 0 3 4 0 4 5 0 5 1 1 2 6 1 6 7 1 7 8 1 8 9 1 9 10 1 10 11 1 11 5 2 3 12 2 12 6 3 4 13 3 13 14 3 14 12 4 5 15 4 15 13 5 11 15 11 10 16 11 16 15 15 16 17 15 17 13 13 17 14 17 16 18 17 18 19 17 19 20 17 20 14 16 10 18 10 9 18 14 20 21 14 21 12 18 9 19 9 8 19 12 21 6 19 8 20 8 7 20 20 7 21 7 6 21
G 22 0203040506000106070803000102080904000103090a050001040a0b060001050b0c0d0e0f07020002060f10080002071011090300030811120a0400040912130b0500050a130c0600060b13140d00060c14150e00060d15160f00060e16100700070f161108000810161512090009111514130a000a12140c0b000c1312150d000d141211160e000e1511100f00 40 0 1 2 0 2 3 0 3 4 0 4 5 0 5 1 1 2 6 1 6 7 1 7 8 1 8 9 1 9 10 1 10 11 1 11 5 2 3 12 2 12 6 3 4 13 3 13 14 3 14 12 4 5 15 4 15 13 5 11 15 11 10 16 11 16 15 15 16 13 13 16 17 13 17 14 16 10 18 16 18 17 10 9 18 9 8 19 9 19 18 18 19 17 17 19 20 17 20 14 19 8 20 8 7 20 14 20 21 14 21 12 20 7 21 7 6 21 6 12 21
G 22 0203040506000106070803000102080904000103090a050001040a0b060001050b07020002060b0c080002070c0d0e09030003080e0a040004090e0f10110b0500050a1112130c070600070b130d0800080c1314150f0e00080d0f0a09000a0e0d1510000a0f151611000a1016120b000b11161413000b12140d0c000d13121615000d1416100f00101514121100 40 0 1 2 0 2 3 0 3 4 0 4 5 0 5 1 1 2 6 1 6 7 1 7 8 1 8 9 1 9 10 1 10 5 2 3 11 2 11 12 2 12 13 2 13 14 2 14 6 3 4 15 3 15 11 4 5 16 4 16 15 5 10 16 10 9 17 10 17 16 16 17 15 15 17 11 17 9 18 17 18 12 17 12 11 9 8 18 12 18 13 18 8 19 18 19 20 18 20 13 8 7 19 13 20 14 20 19 21 20 21 14 19 7 21 7 6 21 6 14 21
G 22 0203040506000106070803000102080904000103090a050001040a0b060001050b07020002060b0c080002070c09030003080c0d0a040004090d0e0f0b0500050a0f10110c070600070b1112130d090800090c130e0a000a0d1314150f000a0e15100b000b0f151611000b1016120c000c11161413000c12140e0d000e13121615000e1416100f00101514121100 40 0 1 2 0 2 3 0 3 4 0 4 5 0 5 1 1 2 6 1 6 7 1 7 8 1 8 9 1 9 10 1 10 5 2 3 11 2 11 12 2 12 13 2 13 14 2 14 6 3 4 15 3 15 11 4 5 16 4 16 15 5 10 16 10 9 17 10 17 16 16 17 15 15 17 11 17 9 12 17 12 11 9 8 18 9 18 13 9 13 12 13 18 19 13 19 14 18 8 20 18 20 19 8 7 20 7 6 21 7 21 20 6 14 21 14 19 21 19 20 21
G 22 0203040506000106070803000102080904000103090a050001040a0b060001050b07020002060b0c080002070c0d09030003080d0a040004090d0e0f100b0500050a1011120c070600070b12130d0800080c130e0a09000a0d13140f000a0e141510000a0f15110b000b10151612000b1116130c000c1216140e0d000e1316150f000f1416111000111514131200 40 0 1 2 0 2 3 0 3 4 0 4 5 0 5 1 1 2 6 1 6 7 1 7 8 1 8 9 1 9 10 1 10 5 2 3 11 2 11 12 2 12 13 2 13 14 2 14 6 3 4 15 3 15 11 4 5 16 4 16 15 5 10 16 10 9 17 10 17 16 16 17 15 15 17 11 17 9 12 17 12 11 9 8 18 9 18 12 12 18 13 18 8 19 18 19 20 18 20 13 8 7 19 13 20 14 20 19 21 20 21 14 19 7 21 7 6 21 6 14 21
G 22 0203040506000106070803000102080904000103090a050001040a0b060001050b07020002060b0c080002070c09030003080c0d0e0a040004090e0b0500050a0e0f100c070600070b1011120d090800090c12130e00090d13140f0b0a000b0e141510000b0f15110c000c10151612000c1116130d000d1216140e000e1316150f000f1416111000111514131200 40 0 1 2 0 2 3 0 3 4 0 4 5 0 5 1 1 2 6 1 6 7 1 7 8 1 8 9 1 9 10 1 10 5 2 3 11 2 11 12 2 12 13 2 13 14 2 14 6 3 4 15 3 15 11 4 5 16 4 16 15 5 10 16 10 9 17 10 17 16 16 17 15 15 17 11 17 9 11 11 9 8 11 8 12 8 7 18 8 18 19 8 19 12 12 19 13 19 18 20 19 20 13 13 20 14 20 18 21 20 21 14 18 7 21 7 6 21 6 14 21
G 22 0203040506000106070803000102080904000103090a050001040a0b060001050b07020002060b0c080002070c09030003080c0d0a040004090d0e0b0500050a0e0f100c070600070b1011120d090800090c12130e0a000a0d13140f0b000b0e141510000b0f15110c000c10151612000c1116130d000d1216140e000e1316150f000f1416111000111514131200 40 0 1 2 0 2 3 0 3 4 0 4 5 0 5 1 1 2 6 1 6 7 1 7 8 1 8 9 1 9 10 1 10 5 2 3 11 2 11 12 2 12 13 2 13 14 2 14 6 3 4 15 3 15 11 4 5 16 4 16 15 5 10 16 10 9 17 10 17 16 16 17 15 15 17 11 17 9 11 11 9 12 9 8 12 12 8 18 12 18 13 8 7 19 8 19 18 7 6 20 7 20 19 6 14 20 14 13 21 14 21 20 13 18 21 18 19 21 19 20 21
G 22 0203040506000106070803000102080904000103090a050001040a0b060001050b07020002060b0c080002070c0d0e09030003080e0f10110a04000409110b0500050a1112130c070600070b130d0800080c1314150e00080d150f0900090e15161000090f161211000910120b0a000b1110161413000b12140d0c000d13121615000d14160f0e000f1514121000 40 0 1 2 0 2 3 0 3 4 0 4 5 0 5 1 1 2 6 1 6 7 1 7 8 1 8 9 1 9 10 1 10 5 2 3 11 2 11 12 2 12 13 2 13 6 3 4 14 3 14 15 3 15 11 4 5 16 4 16 14 5 10 16 10 9 17 10 17 16 16 17 14 14 17 15 17 9 18 17 18 15 9 8 18 15 18 11 18 8 19 18 19 20 18 20 12 18 12 11 8 7 19 12 20 13 20 19 21 20 21 13 19 7 21 7 6 21 6 13 21
G 22 0203040506000106070803000102080904000103090a050001040a0b060001050b07020002060b0c080002070c0d09030003080d0a040004090d0e0f0b0500050a0f10110c070600070b1112130d0800080c130e0a09000a0d1314150f000a0e15100b000b0f151611000b1016120c000c11161413000c12140e0d000e13121615000e1416100f00101514121100 40 0 1 2 0 2 3 0 3 4 0 4 5 0 5 1 1 2 6 1 6 7 1 7 8 1 8 9 1 9 10 1 10 5 2 3 11 2 11 12 2 12 13 2 13 6 3 4 14 3 14 15 3 15 11 4 5 16 4 16 14 5 10 16 10 9 17 10 17 16 16 17 14 14 17 15 17 9 15 9 8 18 9 18 11 9 11 15 11 18 12 18 8 19 18 19 20 18 20 12 8 7 19 12 20 13 20 19 21 20 21 13 19 7 21 7 6 21 6 13 21
G 22 0203040506000106070803000102080904000103090a050001040a0b060001050b07020002060b0c080002070c0d09030003080d0e0a040004090e0f0b0500050a0f10110c070600070b1112130d0800080c130e0900090d1314150f0a000a0e15100b000b0f151611000b1016120c000c11161413000c12140e0d000e13121615000e1416100f00101514121100 40 0 1 2 0 2 3 0 3 4 0 4 5 0 5 1 1 2 6 1 6 7 1 7 8 1 8 9 1 9 10 1 10 5 2 3 11 2 11 12 2 12 13 2 13 6 3 4 14 3 14 15 3 15 11 4 5 16 4 16 14 5 10 16 10 9 17 10 17 16 16 17 14 14 17 15 17 9 15 9 8 18 9 18 15 15 18 11 11 18 12 18 8 19 18 19 20 18 20 12 8 7 19 12 20 13 20 19 21 20 21 13 19 7 21 7 6 21 6 13 21
G 22 0203040506000106070803000102080904000103090a050001040a0b060001050b07020002060b0c080002070c09030003080c0d0a040004090d0e0f0b0500050a0f100c070600070b1011120d090800090c12130e0a000a0d13140f000a0e1415100b000b0f15110c000c10151612000c1116130d000d1216140e000e1316150f000f1416111000111514131200 40 0 1 2 0 2 3 0 3 4 0 4 5 0 5 1 1 2 6 1 6 7 1 7 8 1 8 9 1 9 10 1 10 5 2 3 11 2 11 12 2 12 13 2 13 6 3 4 14 3 14 15 3 15 11 4 5 16 4 16 14 5 10 16 10 9 17 10 17 16 16 17 14 14 17 15 17 9 15 9 8 11 11 15 9 11 8 18 11 18 12 8 7 19 8 19 18 7 6 20 7 20 19 6 13 20 13 12 21 13 21 20 12 18 21 18 19 21 19 20 21
G 22 0203040506000106070803000102080904000103090a050001040a0b060001050b07020002060b0c080002070c0d09030003080d0e0f100a04000409100b0500050a1011120c070600070b1213140d0800080c140e0900090d14150f00090e1516111000090f110b0a000b100f1612000b1116130c000c12161514000c13150e0d000e1413160f000f1513121100 40 0 1 2 0 2 3 0 3 4 0 4 5 0 5 1 1 2 6 1 6 7 1 7 8 1 8 9 1 9 10 1 10 5 2 3 11 2 11 12 2 12 13 2 13 6 3 4 14 3 14 15 3 15 11 4 5 16 4 16 14 5 10 16 10 9 17 10 17 16 16 17 14 14 17 15 17 9 15 9 8 15 15 8 18 15 18 19 15 19 11 8 7 18 11 19 12 19 18 20 19 20 12 18 7 21 18 21 20 7 6 21 6 13 21 12 20 13 20 21 13
G 22 0203040506000106070803000102080904000103090a050001040a0b060001050b07020002060b0c080002070c0d09030003080d0e0a040004090e0f10110b0500050a11120c070600070b120d0800080c1213140e0900090d140f0a000a0e141510000a0f151611000a1016120b000b1116130d0c000d12161514000d13150f0e000f1413161000101513121100 40 0 1 2 0 2 3 0 3 4 0 4 5 0 5 1 1 2 6 1 6 7 1 7 8 1 8 9 1 9 10 1 10 5 2 3 11 2 11 12 2 12 13 2 13 6 3 4 14 3 14 15 3 15 11 4 5 16 4 16 14 5 10 16 10 9 17 10 17 16 16 17 14 14 17 15 17 9 15 9 8 15 15 8 18 15 18 11 8 7 19 8 19 18 11 18 12 18 19 20 18 20 12 12 20 13 20 19 21 20 21 13 19 7 21 7 6 21 6 13 21
G 22 0203040506000106070803000102080904000103090a050001040a0b060001050b07020002060b0c080002070c09030003080c0d0e0a040004090e0f0b0500050a0f100c070600070b1011120d090800090c12130e00090d13140f0a000a0e1415100b000b0f15110c000c10151612000c1116130d000d1216140e000e1316150f000f1416111000111514131200 40 0 1 2 0 2 3 0 3 4 0 4 5 0 5 1 1 2 6 1 6 7 1 7 8 1 8 9 1 9 10 1 10 5 2 3 11 2 11 12 2 12 13 2 13 6 3 4 14 3 14 15 3 15 11 4 5 16 4 16 14 5 10 16 10 9 17 10 17 16 16 17 14 14 17 15 17 9 15 9 8 15 15 8 11 8 7 18 8 18 19 8 19 11 11 19 12 19 18 20 19 20 12 12 20 13 20 18 21 20 21 13 18 7 21 7 6 21 6 13 21
G 22 0203040506000106070803000102080904000103090a050001040a0b060001050b07020002060b0c080002070c0d0e09030003080e0f0a040004090f1011120b0500050a12130c070600070b130d0800080c131415160e00080d160f0900090e16100a000a0f161511000a10151412000a1114130b000b12140d0c000d13121115000d14111016000d15100f0e00 40 0 1 2 0 2 3 0 3 4 0 4 5 0 5 1 1 2 6 1 6 7 1 7 8 1 8 9 1 9 10 1 10 5 2 3 11 2 11 12 2 12 13 2 13 6 3 4 14 3 14 11 4 5 15 4 15 14 5 10 15 10 9 16 10 16 17 10 17 15 15 17 14 14 17 11 17 16 18 17 18 12 17 12 11 12 18 13 18 16 19 18 19 20 18 20 21 18 21 13 16 9 19 9 8 19 13 21 6 19 8 20 8 7 20 6 21 7 21 20 7
G 22 0203040506000106070803000102080904000103090a050001040a0b060001050b07020002060b0c080002070c0d09030003080d0e0a040004090e0f10110b0500050a11120c070600070b1213140d0800080c140e0900090d140f0a000a0e141510000a0f151611000a1016120b000b1116130c000c12161514000c13150f0e0d000f1413161000101513121100 40 0 1 2 0 2 3 0 3 4 0 4 5 0 5 1 1 2 6 1 6 7 1 7 8 1 8 9 1 9 10 1 10 5 2 3 11 2 11 12 2 12 13 2 13 6 3 4 14 3 14 11 4 5 15 4 15 14 5 10 15 10 9 16 10 16 17 10 17 15 15 17 14 14 17 11 17 16 12 17 12 11 12 16 18 12 18 19 12 19 13 16 9 18 9 8 18 18 8 20 18 20 19 8 7 20 7 6 21 7 21 20 6 13 21 13 19 21 19 20 21
G 22 0203040506000106070803000102080904000103090a050001040a0b060001050b07020002060b0c080002070c0d09030003080d0e0a040004090e0f10110b0500050a11120c070600070b12130d0800080c13140e0900090d140f0a000a0e141510000a0f151611000a1016120b000b1116130c000c121615140d000d13150f0e000f1413161000101513121100 40 0 1 2 0 2 3 0 3 4 0 4 5 0 5 1 1 2 6 1 6 7 1 7 8 1 8 9 1 9 10 1 10 5 2 3 11 2 11 12 2 12 13 2 13 6 3 4 14 3 14 11 4 5 15 4 15 14 5 10 15 10 9 16 10 16 17 10 17 15 15 17 14 14 17 11 17 16 12 17 12 11 12 16 18 12 18 13 16 9 19 16 19 18 9 8 19 8 7 20 8 20 19 19 20 18 18 20 21 18 21 13 20 7 21 7 6 21 6 13 21
G 22 0203040506000106070803000102080904000103090a050001040a0b060001050b07020002060b0c080002070c0d09030003080d0e0f100a040004091011120b0500050a12130c070600070b130d0800080c130e0900090d13140f00090e14151000090f15110a000a10151612000a1116130b000b1216140e0d0c000e1316150f000f1416111000111514131200 40 0 1 2 0 2 3 0 3 4 0 4 5 0 5 1 1 2 6 1 6 7 1 7 8 1 8 9 1 9 10 1 10 5 2 3 11 2 11 12 2 12 13 2 13 6 3 4 14 3 14 11 4 5 15 4 15 14 5 10 15 10 9 16 10 16 17 10 17 15 15 17 14 14 17 11 17 16 11 11 16 18 11 18 12 16 9 18 9 8 18 18 8 19 18 19 20 18 20 12 8 7 19 12 20 13 20 19 21 20 21 13 19 7 21 7 6 21 6 13 21
G 22 0203040506000106070803000102080904000103090a050001040a0b060001050b07020002060b0c080002070c0d09030003080d0e0f0a040004090f1011120b0500050a120c070600070b1213140d0800080c140e0900090d14150f00090e15100a000a0f151611000a10161312000a11130c0b000c12111614000c1316150e0d000e1416100f00101514131100 40 0 1 2 0 2 3 0 3 4 0 4 5 0 5 1 1 2 6 1 6 7 1 7 8 1 8 9 1 9 10 1 10 5 2 3 11 2 11 12 2 12 13 2 13 6 3 4 14 3 14 11 4 5 15 4 15 14 5 10 15 10 9 16 10 16 17 10 17 15 15 17 14 14 17 11 17 16 11 11 16 12 16 9 18 16 18 19 16 19 12 9 8 18 12 19 13 19 18 20 19 20 21 19 21 13 18 8 20 8 7 20 13 21 6 20 7 21 7 6 21
G 22 0203040506000106070803000102080904000103090a050001040a0b060001050b07020002060b0c080002070c0d09030003080d0e0a040004090e0f100b0500050a1011120c070600070b120d0800080c12130e0900090d13140f0a000a0e141510000a0f15110b000b10151612000b1116130d0c000d1216140e000e1316150f000f1416111000111514131200 40 0 1 2 0 2 3 0 3 4 0 4 5 0 5 1 1 2 6 1 6 7 1 7 8 1 8 9 1 9 10 1 10 5 2 3 11 2 11 12 2 12 13 2 13 6 3 4 14 3 14 11 4 5 15 4 15 14 5 10 15 10 9 16 10 16 17 10 17 15 15 17 14 14 17 11 17 16 11 11 16 12 16 9 18 16 18 12 9 8 18 12 18 19 12 19 13 18 8 20 18 20 19 8 7 20 7 6 21 7 21 20 6 13 21 13 19 21 19 20 21
G 22 0203040506000106070803000102080904000103090a050001040a0b060001050b07020002060b0c080002070c09030003080c0d0e0a040004090e0f0b0500050a0f10110c070600070b11120d090800090c1213140e00090d140f0a000a0e1415100b000b0f151611000b1016120c000c1116130d000d12161514000d13150f0e000f1413161000101513121100 40 0 1 2 0 2 3 0 3 4 0 4 5 0 5 1 1 2 6 1 6 7 1 7 8 1 8 9 1 9 10 1 10 5 2 3 11 2 11 12 2 12 13 2 13 6 3 4 14 3 14 11 4 5 15 4 15 14 5 10 15 10 9 16 10 16 17 10 17 15 15 17 14 14 17 11 17 16 11 11 16 12 16 9 12 9 8 18 9 18 12 12 18 19 12 19 13 18 8 20 18 20 19 8 7 20 7 6 21 7 21 20 6 13 21 13 19 21 19 20 21
G 22 0203040506000106070803000102080904000103090a050001040a0b060001050b07020002060b0c080002070c09030003080c0d0e0a040004090e0f100b0500050a10110c070600070b1112130d090800090c13140e00090d140f0a000a0e14151610000a0f16110b000b1016120c000c11161513000c1215140d000d13150f0e000f14131216000f1512111000 40 0 1 2 0 2 3 0 3 4 0 4 5 0 5 1 1 2 6 1 6 7 1 7 8 1 8 9 1 9 10 1 10 5 2 3 11 2 11 12 2 12 13 2 13 6 3 4 14 3 14 11 4 5 15 4 15 14 5 10 15 10 9 16 10 16 12 10 12 17 10 17 15 12 11 17 11 14 17 14 15 17 12 16 18 12 18 13 16 9 19 16 19 18 9 8 19 8 7 20 8 20 19 19 20 18 18 20 21 18 21 13 20 7 21 7 6 21 6 13 21
G 22 0203040506000106070803000102080904000103090a050001040a0b060001050b0c0d07020002060d0e080002070e09030003080e0f100a04000409100b0500050a101112130c0600060b13140d00060c140e0700070d1415160f090800090e16111000090f110b0a000b100f1612000b11161513000b1215140c000c13150e0d000e14131216000e1512110f00 40 0 1 2 0 2 3 0 3 4 0 4 5 0 5 1 1 2 6 1 6 7 1 7 8 1 8 9 1 9 10 1 10 5 2 3 11 2 11 12 2 12 13 2 13 6 3 4 14 3 14 11 4 5 15 4 15 14 5 10 15 10 9 16 10 16 15 15 16 17 15 17 18 15 18 14 14 18 11 11 18 12 18 17 12 12 17 13 17 16 19 17 19 20 17 20 21 17 21 13 16 9 19 9 8 19 13 21 6 19 8 20 8 7 20 6 21 7 21 20 7
G 22 0203040506000106070803000102080904000103090a050001040a0b060001050b07020002060b0c080002070c0d0e09030003080e0f10110a04000409110b0500050a1112130c070600070b13140d0800080c14150e00080d150f0900090e15161000090f161211000910120b0a000b11101613000b1216140c000c1316150d000d14160f0e000f151413121000 40 0 1 2 0 2 3 0 3 4 0 4 5 0 5 1 1 2 6 1 6 7 1 7 8 1 8 9 1 9 10 1 10 5 2 3 11 2 11 12 2 12 13 2 13 6 3 4 14 3 14 11 4 5 15 4 15 14 5 10 15 10 9 16 10 16 15 15 16 17 15 17 14 14 17 11 11 17 18 11 18 12 17 16 18 16 9 18 9 8 18 18 8 19 18 19 20 18 20 12 8 7 19 12 20 13 20 19 21 20 21 13 19 7 21 7 6 21 6 13 21
G 22 0203040506000106070803000102080904000103090a050001040a0b060001050b0c07020002060c0d080002070d0e0f1009030003081011120a04000409120b0500050a121314150c0600060b150d0700070c150e0800080d15140f00080e14161000080f161109000910161312000911130b0a000b12111614000b13160f0e15000b140e0d0c000f1413111000 40 0 1 2 0 2 3 0 3 4 0 4 5 0 5 1 1 2 6 1 6 7 1 7 8 1 8 9 1 9 10 1 10 5 2 3 11 2 11 12 2 12 13 2 13 6 3 4 14 3 14 11 4 5 15 4 15 14 5 10 15 10 9 16 10 16 15 15 16 17 15 17 14 14 17 11 11 17 12 17 16 18 17 18 19 17 19 20 17 20 12 16 9 18 9 8 18 12 20 13 18 8 19 8 7 19 19 7 21 19 21 20 7 6 21 6 13 21 13 20 21
G 22 0203040506000106070803000102080904000103090a050001040a0b060001050b0c07020002060c0d080002070d0e0f09030003080f1011120a04000409120b0500050a12130c0600060b1314150d0700070c150e0800080d15160f00080e16100900090f161411000910141312000911130b0a000b1211140c000c1311101615000c14160e0d000e1514100f00 40 0 1 2 0 2 3 0 3 4 0 4 5 0 5 1 1 2 6 1 6 7 1 7 8 1 8 9 1 9 10 1 10 5 2 3 11 2 11 12 2 12 13 2 13 6 3 4 14 3 14 11 4 5 15 4 15 14 5 10 15 10 9 16 10 16 15 15 16 17 15 17 14 14 17 11 11 17 12 17 16 18 17 18 19 17 19 12 16 9 18 9 8 18 12 19 13 18 8 20 18 20 19 8 7 20 19 20 21 19 21 13 20 7 21 7 6 21 6 13 21
G 22 0203040506000106070803000102080904000103090a050001040a0b060001050b0c07020002060c0d080002070d0e0f1009030003081011120a04000409120b0500050a12130c0600060b13140d0700070c140e0800080d14150f00080e15161000080f161109000910161312000911130b0a000b12111615140c000c13150e0d000e1413160f000f1513111000 40 0 1 2 0 2 3 0 3 4 0 4 5 0 5 1 1 2 6 1 6 7 1 7 8 1 8 9 1 9 10 1 10 5 2 3 11 2 11 12 2 12 13 2 13 6 3 4 14 3 14 11 4 5 15 4 15 14 5 10 15 10 9 16 10 16 15 15 16 17 15 17 14 14 17 11 11 17 12 17 16 18 17 18 12 16 9 19 16 19 18 9 8 19 12 18 13 18 19 20 18 20 21 18 21 13 19 8 20 8 7 20 13 21 6 20 7 21 7 6 21
G 22 0203040506000106070803000102080904000103090a050001040a0b060001050b07020002060b0c080002070c0d0e09030003080e0f0a040004090f10110b0500050a1112130c070600070b130d0800080c13140e00080d14150f0900090e15100a000a0f151611000a1016120b000b11161413000b12140d0c000d131216150e000e1416100f00101514121100 40 0 1 2 0 2 3 0 3 4 0 4 5 0 5 1 1 2 6 1 6 7 1 7 8 1 8 9 1 9 10 1 10 5 2 3 11 2 11 12 2 12 13 2 13 6 3 4 14 3 14 11 4 5 15 4 15 14 5 10 15 10 9 16 10 16 15 15 16 17 15 17 14 14 17 11 11 17 12 17 16 18 17 18 12 16 9 18 9 8 18 12 18 19 12 19 13 18 8 20 18 20 19 8 7 20 7 6 21 7 21 20 6 13 21 13 19 21 19 20 21
G 22 0203040506000106070803000102080904000103090a050001040a0b060001050b0c07020002060c0d080002070d09030003080d0e0f0a040004090f100b0500050a1011120c0600060b120d0700070c1213140e090800090d14150f00090e15100a000a0f1516110b000b10161312000b11130d0c000d12111614000d1316150e000e1416100f00101514131100 40 0 1 2 0 2 3 0 3 4 0 4 5 0 5 1 1 2 6 1 6 7 1 7 8 1 8 9 1 9 10 1 10 5 2 3 11 2 11 12 2 12 13 2 13 6 3 4 14 3 14 11 4 5 15 4 15 14 5 10 15 10 9 16 10 16 15 15 16 17 15 17 14 14 17 11 11 17 12 17 16 12 16 9 18 16 18 19 16 19 12 12 19 13 9 8 18 8 7 20 8 20 18 18 20 19 19 20 21 19 21 13 20 7 21 7 6 21 6 13 21
G 22 0203040506000106070803000102080904000103090a050001040a0b060001050b07020002060b0c080002070c0d09030003080d0e0f0a040004090f10110b0500050a1112130c070600070b130d0800080c13140e0900090d14150f00090e15100a000a0f151611000a1016120b000b11161413000b12140d0c000d131216150e000e1416100f00101514121100 40 0 1 2 0 2 3 0 3 4 0 4 5 0 5 1 1 2 6 1 6 7 1 7 8 1 8 9 1 9 10 1 10 5 2 3 11 2 11 12 2 12 13 2 13 6 3 4 14 3 14 11 4 5 15 4 15 14 5 10 15 10 9 16 10 16 15 15 16 17 15 17 14 14 17 11 11 17 12 17 16 12 16 9 18 16 18 12 12 18 19 12 19 13 9 8 18 18 8 20 18 20 19 8 7 20 7 6 21 7 21 20 6 13 21 13 19 21 19 20 21
G 22 0203040506000106070803000102080904000103090a050001040a0b060001050b07020002060b0c080002070c09030003080c0d0e0f0a040004090f100b0500050a1011120c070600070b12130d090800090c13140e00090d14150f00090e15100a000a0f15110b000b10151612000b1116130c000c1216140d000d1316150e000e141611100f00111514131200 40 0 1 2 0 2 3 0 3 4 0 4 5 0 5 1 1 2 6 1 6 7 1 7 8 1 8 9 1 9 10 1 10 5 2 3 11 2 11 12 2 12 13 2 13 6 3 4 14 3 14 11 4 5 15 4 15 14 5 10 15 10 9 16 10 16 15 15 16 17 15 17 14 14 17 11 11 17 12 17 16 12 16 9 12 12 9 18 12 18 19 12 19 13 9 8 18 8 7 20 8 20 18 18 20 19 20 7 21 20 21 19 7 6 21 6 13 21 13 19 21
G 22 0203040506000106070803000102080904000103090a050001040a0b060001050b0c07020002060c0d080002070d0e0f09030003080f1011120a04000409120b0500050a1213140c0600060b140d0700070c140e0800080d14150f00080e15100900090f151611000910161312000911130b0a000b12111614000b1316150e0d0c000e1416100f00101514131100 40 0 1 2 0 2 3 0 3 4 0 4 5 0 5 1 1 2 6 1 6 7 1 7 8 1 8 9 1 9 10 1 10 5 2 3 11 2 11 12 2 12 13 2 13 6 3 4 14 3 14 11 4 5 15 4 15 14 5 10 15 10 9 16 10 16 15 15 16 14 14 16 17 14 17 18 14 18 11 16 9 17 9 8 17 11 18 12 17 8 19 17 19 20 17 20 18 8 7 19 18 20 12 12 20 13 20 19 21 20 21 13 19 7 21 7 6 21 6 13 21
G 22 0203040506000106070803000102080904000103090a050001040a0b060001050b0c07020002060c0d080002070d0e0f09030003080f1011120a04000409120b0500050a12130c0600060b13140d0700070c140e0800080d14150f00080e15100900090f151611000910161312000911130b0a000b121116140c000c1316150e0d000e1416100f00101514131100 40 0 1 2 0 2 3 0 3 4 0 4 5 0 5 1 1 2 6 1 6 7 1 7 8 1 8 9 1 9 10 1 10 5 2 3 11 2 11 12 2 12 13 2 13 6 3 4 14 3 14 11 4 5 15 4 15 14 5 10 15 10 9 16 10 16 15 15 16 14 14 16 17 14 17 11 16 9 18 16 18 17 9 8 18 11 17 12 17 18 19 17 19 12 18 8 20 18 20 19 8 7 20 12 19 13 19 20 21 19 21 13 20 7 21 7 6 21 6 13 21
G 22 0203040506000106070803000102080904000103090a050001040a0b060001050b07020002060b0c080002070c0d0e09030003080e0f0a040004090f10110b0500050a1112130c070600070b130d0800080c1314150e00080d150f0900090e15100a000a0f151611000a1016120b000b11161413000b12140d0c000d13121615000d1416100f0e00101514121100 40 0 1 2 0 2 3 0 3 4 0 4 5 0 5 1 1 2 6 1 6 7 1 7 8 1 8 9 1 9 10 1 10 5 2 3 11 2 11 12 2 12 13 2 13 6 3 4 14 3 14 11 4 5 15 4 15 14 5 10 15 10 9 16 10 16 15 15 16 14 14 16 17 14 17 11 16 9 18 16 18 17 9 8 18 11 17 12 17 18 12 18 8 19 18 19 20 18 20 12 12 20 13 8 7 19 7 6 21 7 21 19 6 13 21 13 20 21 20 19 21
G 22 0203040506000106070803000102080904000103090a050001040a0b060001050b07020002060b0c080002070c09030003080c0d0e0a040004090e0f100b0500050a1011120c070600070b12130d090800090c13140e00090d140f0a000a0e141510000a0f15110b000b10151612000b1116130c000c1216140d000d1316150f0e000f1416111000111514131200 40 0 1 2 0 2 3 0 3 4 0 4 5 0 5 1 1 2 6 1 6 7 1 7 8 1 8 9 1 9 10 1 10 5 2 3 11 2 11 12 2 12 13 2 13 6 3 4 14 3 14 11 4 5 15 4 15 14 5 10 15 10 9 16 10 16 15 15 16 14 14 16 17 14 17 11 16 9 17 9 8 18 9 18 12 9 12 17 12 11 17 12 18 19 12 19 13 18 8 20 18 20 19 8 7 20 7 6 21 7 21 20 6 13 21 13 19 21 19 20 21
G 22 0203040506000106070803000102080904000103090a050001040a0b060001050b07020002060b0c080002070c0d0e09030003080e0a040004090e0f100b0500050a1011120c070600070b12130d0800080c13140e00080d140f0a09000a0e141510000a0f15110b000b10151612000b1116130c000c1216140d000d1316150f0e000f1416111000111514131200 40 0 1 2 0 2 3 0 3 4 0 4 5 0 5 1 1 2 6 1 6 7 1 7 8 1 8 9 1 9 10 1 10 5 2 3 11 2 11 12 2 12 13 2 13 6 3 4 14 3 14 11 4 5 15 4 15 14 5 10 15 10 9 16 10 16 15 15 16 14 14 16 17 14 17 11 16 9 17 9 8 18 9 18 17 11 17 18 11 18 12 18 8 19 18 19 20 18 20 12 8 7 19 12 20 13 20 19 21 20 21 13 19 7 21 7 6 21 6 13 21
G 22 0203040506000106070803000102080904000103090a050001040a0b060001050b0c07020002060c0d080002070d09030003080d0e0f100a0400040910110b0500050a1112130c0600060b130d0700070c13140e090800090d14150f00090e15161000090f16110a000a1016120b000b1116151413000b12140d0c000d1312150e000e1412160f000f1512111000 40 0 1 2 0 2 3 0 3 4 0 4 5 0 5 1 1 2 6 1 6 7 1 7 8 1 8 9 1 9 10 1 10 5 2 3 11 2 11 12 2 12 13 2 13 6 3 4 14 3 14 11 4 5 15 4 15 14 5 10 15 10 9 16 10 16 15 15 16 14 14 16 17 14 17 11 16 9 17 9 8 18 9 18 17 11 17 12 17 18 19 17 19 12 12 19 13 19 18 20 19 20 21 19 21 13 18 8 20 8 7 20 13 21 6 20 7 21 7 6 21
G 22 0203040506000106070803000102080904000103090a050001040a0b060001050b07020002060b0c080002070c0d09030003080d0e0a040004090e0f100b0500050a1011120c070600070b12130d0800080c13140e0900090d140f0a000a0e141510000a0f15110b000b10151612000b1116130c000c1216140d000d1316150f0e000f1416111000111514131200 40 0 1 2 0 2 3 0 3 4 0 4 5 0 5 1 1 2 6 1 6 7 1 7 8 1 8 9 1 9 10 1 10 5 2 3 11 2 11 12 2 12 13 2 13 6 3 4 14 3 14 11 4 5 15 4 15 14 5 10 15 10 9 16 10 16 15 15 16 14 14 16 17 14 17 11 16 9 17 9 8 18 9 18 17 11 17 12 17 18 12 12 18 19 12 19 13 18 8 20 18 20 19 8 7 20 7 6 21 7 21 20 6 13 21 13 19 21 19 20 21
G 22 0203040506000106070803000102080904000103090a050001040a0b060001050b07020002060b0c080002070c0d09030003080d0e0a040004090e0f100b0500050a1011120c070600070b12130d0800080c130e0900090d13140f0a000a0e141510000a0f15110b000b10151612000b1116130c000c1216140e0d000e1316150f000f1416111000111514131200 40 0 1 2 0 2 3 0 3 4 0 4 5 0 5 1 1 2 6 1 6 7 1 7 8 1 8 9 1 9 10 1 10 5 2 3 11 2 11 12 2 12 13 2 13 6 3 4 14 3 14 11 4 5 15 4 15 14 5 10 15 10 9 16 10 16 15 15 16 14 14 16 11 16 9 17 16 17 11 11 17 12 9 8 18 9 18 17 17 18 12 12 18 19 12 19 13 18 8 20 18 20 19 8 7 20 7 6 21 7 21 20 6 13 21 13 19 21 19 20 21
G 22 0203040506000106070803000102080904000103090a050001040a0b060001050b07020002060b0c080002070c0d09030003080d0e0f100a04000409100b0500050a1011120c070600070b12130d0800080c130e0900090d13140f00090e14151000090f15110b0a000b10151612000b1116130c000c1216140e0d000e1316150f000f1416111000111514131200 40 0 1 2 0 2 3 0 3 4 0 4 5 0 5 1 1 2 6 1 6 7 1 7 8 1 8 9 1 9 10 1 10 5 2 3 11 2 11 12 2 12 6 3 4 13 3 13 14 3 14 15 3 15 16 3 16 11 4 5 17 4 17 13 5 10 17 10 9 18 10 18 17 17 18 13 13 18 14 18 9 14 9 8 15 9 15 14 15 8 19 15 19 16 8 7 19 7 6 20 7 20 19 6 12 20 19 20 21 19 21 16 20 12 21 12 11 21 11 16 21
G 22 0203040506000106070803000102080904000103090a050001040a0b060001050b07020002060b0c080002070c0d09030003080d0e0a040004090e0f10110b0500050a110c070600070b111213140d0800080c140e0900090d14150f0a000a0e151610000a0f161211000a10120c0b000c11101613000c12161514000c13150e0d000e1413160f000f1513121000 40 0 1 2 0 2 3 0 3 4 0 4 5 0 5 1 1 2 6 1 6 7 1 7 8 1 8 9 1 9 10 1 10 5 2 3 11 2 11 12 2 12 6 3 4 13 3 13 14 3 14 15 3 15 16 3 16 11 4 5 17 4 17 13 5 10 17 10 9 18 10 18 17 17 18 13 13 18 14 18 9 14 9 8 15 9 15 14 15 8 16 8 7 19 8 19 16 16 19 20 16 20 11 11 20 12 20 19 21 20 21 12 19 7 21 7 6 21 6 12 21
G 22 0203040506000106070803000102080904000103090a050001040a0b060001050b0c07020002060c0d0e080002070e09030003080e0f10110a04000409110b0500050a1112130c0600060b130d0700070c1314150f0e00070d0f090800090e0d151000090f15161100091016120b0a000b11161413000b12140d0c000d13121615000d1416100f00101514121100 40 0 1 2 0 2 3 0 3 4 0 4 5 0 5 1 1 2 6 1 6 7 1 7 8 1 8 9 1 9 10 1 10 5 2 3 11 2 11 12 2 12 6 3 4 13 3 13 14 3 14 15 3 15 11 4 5 16 4 16 13 5 10 16 10 9 17 10 17 16 16 17 13 13 17 18 13 18 14 17 9 18 9 8 18 18 8 19 18 19 14 8 7 19 14 19 15 19 7 20 19 20 21 19 21 15 7 6 20 6 12 20 15 21 11 20 12 21 12 11 21
G 22 0203040506000106070803000102080904000103090a050001040a0b060001050b0c07020002060c0d080002070d09030003080d0e0a040004090e0f100b0500050a10110c0600060b11120d0700070c1213140e090800090d140f0a000a0e141510000a0f1516110b000b1016120c000c1116130d000d12161514000d13150f0e000f1413161000101513121100 40 0 1 2 0 2 3 0 3 4 0 4 5 0 5 1 1 2 6 1 6 7 1 7 8 1 8 9 1 9 10 1 10 5 2 3 11 2 11 12 2 12 6 3 4 13 3 13 14 3 14 15 3 15 11 4 5 16 4 16 13 5 10 16 10 9 17 10 17 16 16 17 13 13 17 18 13 18 14 17 9 18 9 8 18 18 8 14 8 7 19 8 19 14 14 19 15 19 7 20 19 20 21 19 21 15 7 6 20 6 12 20 15 21 11 20 12 21 12 11 21
G 22 0203040506000106070803000102080904000103090a050001040a0b060001050b07020002060b0c080002070c0d09030003080d0e0f0a040004090f10110b0500050a110c070600070b111213140d0800080c140e0900090d14150f00090e1516100a000a0f161211000a10120c0b000c11101613000c12161514000c13150e0d000e1413160f000f1513121000 40 0 1 2 0 2 3 0 3 4 0 4 5 0 5 1 1 2 6 1 6 7 1 7 8 1 8 9 1 9 10 1 10 5 2 3 11 2 11 12 2 12 6 3 4 13 3 13 14 3 14 15 3 15 11 4 5 16 4 16 13 5 10 16 10 9 17 10 17 16 16 17 13 13 17 18 13 18 14 17 9 18 9 8 18 18 8 14 8 7 14 14 7 19 14 19 15 7 6 20 7 20 19 6 12 20 12 11 21 12 21 20 11 15 21 15 19 21 19 20 21
G 22 0203040506000106070803000102080904000103090a050001040a0b060001050b0c07020002060c0d080002070d0e0f100903000308100a040004091011120b0500050a12130c0600060b130d0700070c130e0800080d13140f00080e14151000080f15110a09000a10151612000a1116130b000b1216140e0d0c000e1316150f000f1416111000111514131200 40 0 1 2 0 2 3 0 3 4 0 4 5 0 5 1 1 2 6 1 6 7 1 7 8 1 8 9 1 9 10 1 10 5 2 3 11 2 11 12 2 12 6 3 4 13 3 13 14 3 14 15 3 15 11 4 5 16 4 16 13 5 10 16 10 9 17 10 17 16 16 17 13 13 17 14 17 9 18 17 18 14 9 8 18 14 18 19 14 19 15 18 8 19 8 7 19 19 7 20 19 20 21 19 21 15 7 6 20 6 12 20 15 21 11 20 12 21 12 11 21
G 22 0203040506000106070803000102080904000103090a050001040a0b060001050b0c07020002060c0d080002070d0e09030003080e0f10110a04000409110b0500050a1112130c0600060b130d0700070c1314150e0800080d150f0900090e15161000090f161211000910120b0a000b1110161413000b12140d0c000d13121615000d14160f0e000f1514121000 40 0 1 2 0 2 3 0 3 4 0 4 5 0 5 1 1 2 6 1 6 7 1 7 8 1 8 9 1 9 10 1 10 5 2 3 11 2 11 12 2 12 6 3 4 13 3 13 14 3 14 15 3 15 11 4 5 16 4 16 13 5 10 16 10 9 17 10 17 16 16 17 13 13 17 14 17 9 18 17 18 14 9 8 18 14 18 15 18 8 19 18 19 20 18 20 15 8 7 19 15 20 11 11 20 12 20 19 21 20 21 12 19 7 21 7 6 21 6 12 21
G 22 0203040506000106070803000102080904000103090a050001040a0b060001050b0c07020002060c0d080002070d0e0f09030003080f0a040004090f1011120b0500050a120c0600060b12130d0700070c13140e0800080d14150f00080e15100a09000a0f151611000a10161312000a11130c0b000c121116140d000d1316150e000e1416100f00101514131100 40 0 1 2 0 2 3 0 3 4 0 4 5 0 5 1 1 2 6 1 6 7 1 7 8 1 8 9 1 9 10 1 10 5 2 3 11 2 11 12 2 12 6 3 4 13 3 13 14 3 14 15 3 15 11 4 5 16 4 16 13 5 10 16 10 9 17 10 17 16 16 17 13 13 17 14 17 9 18 17 18 14 9 8 18 14 18 15 18 8 19 18 19 15 8 7 19 15 19 20 15 20 11 19 7 21 19 21 20 7 6 21 6 12 21 11 20 12 20 21 12
G 22 0203040506000106070803000102080904000103090a050001040a0b060001050b07020002060b0c080002070c0d09030003080d0e0f100a0400040910110b0500050a11120c070600070b1213140d0800080c140e0900090d14150f00090e15161000090f16110a000a1016120b000b1116130c000c12161514000c13150e0d000e1413160f000f151312111000 40 0 1 2 0 2 3 0 3 4 0 4 5 0 5 1 1 2 6 1 6 7 1 7 8 1 8 9 1 9 10 1 10 5 2 3 11 2 11 12 2 12 6 3 4 13 3 13 14 3 14 15 3 15 11 4 5 16 4 16 13 5 10 16 10 9 17 10 17 16 16 17 13 13 17 14 17 9 18 17 18 14 9 8 18 14 18 15 18 8 15 8 7 19 8 19 15 15 19 20 15 20 11 11 20 12 20 19 21 20 21 12 19 7 21 7 6 21 6 12 21
G 22 0203040506000106070803000102080904000103090a050001040a0b060001050b07020002060b0c080002070c0d0e09030003080e0f0a040004090f100b0500050a1011120c070600070b12130d0800080c13140e00080d140f0900090e1415100a000a0f15110b000b10151612000b1116130c000c1216140d000d1316150f0e000f1416111000111514131200 40 0 1 2 0 2 3 0 3 4 0 4 5 0 5 1 1 2 6 1 6 7 1 7 8 1 8 9 1 9 10 1 10 5 2 3 11 2 11 12 2 12 6 3 4 13 3 13 14 3 14 15 3 15 11 4 5 16 4 16 13 5 10 16 10 9 17 10 17 16 16 17 13 13 17 14 17 9 14 9 8 18 9 18 14 14 18 15 18 8 19 18 19 20 18 20 15 8 7 19 15 20 11 11 20 12 20 19 21 20 21 12 19 7 21 7 6 21 6 12 21
G 22 0203040506000106070803000102080904000103090a050001040a0b060001050b07020002060b0c080002070c0d0e09030003080e0f0a040004090f100b0500050a1011120c070600070b12130d0800080c13140e00080d14150f0900090e15100a000a0f15110b000b10151612000b1116130c000c1216140d000d1316150e000e141611100f00111514131200 40 0 1 2 0 2 3 0 3 4 0 4 5 0 5 1 1 2 6 1 6 7 1 7 8 1 8 9 1 9 10 1 10 5 2 3 11 2 11 12 2 12 6 3 4 13 3 13 14 3 14 15 3 15 11 4 5 16 4 16 13 5 10 16 10 9 17 10 17 16 16 17 13 13 17 14 17 9 14 9 8 18 9 18 14 14 18 15 18 8 19 18 19 15 8 7 19 15 19 20 15 20 11 19 7 21 19 21 20 7 6 21 6 12 21 11 20 12 20 21 12
G 22 0203040506000106070803000102080904000103090a050001040a0b060001050b07020002060b0c080002070c0d09030003080d0e0a040004090e0f10110b0500050a110c070600070b11120d0800080c1213140e0900090d140f0a000a0e141510000a0f151611000a1016120c0b000c1116130d000d12161514000d13150f0e000f1413161000101513121100 40 0 1 2 0 2 3 0 3 4 0 4 5 0 5 1 1 2 6 1 6 7 1 7 8 1 8 9 1 9 10 1 10 5 2 3 11 2 11 12 2 12 6 3 4 13 3 13 14 3 14 15 3 15 11 4 5 16 4 16 13 5 10 16 10 9 17 10 17 16 16 17 13 13 17 14 17 9 14 9 8 15 9 15 14 15 8 18 15 18 11 8 7 19 8 19 18 11 18 20 11 20 12 18 19 20 19 7 21 19 21 20 7 6 21 6 12 21 12 20 21
G 22 0203040506000106070803000102080904000103090a050001040a0b060001050b07020002060b0c080002070c0d0e09030003080e0f100a04000409100b0500050a1011120c070600070b12130d0800080c13140e00080d140f0900090e14151000090f15110b0a000b10151612000b1116130c000c1216140d000d1316150f0e000f1416111000111514131200 40 0 1 2 0 2 3 0 3 4 0 4 5 0 5 1 1 2 6 1 6 7 1 7 8 1 8 9 1 9 10 1 10 5 2 3 11 2 11 12 2 12 6 3 4 13 3 13 14 3 14 15 3 15 11 4 5 16 4 16 13 5 10 16 10 9 17 10 17 16 16 17 13 13 17 14 17 9 14 9 8 14 14 8 18 14 18 15 8 7 19 8 19 18 7 6 20 7 20 19 6 12 20 12 11 21 12 21 20 11 15 21 15 18 21 18 19 21 21 19 20
G 22 0203040506000106070803000102080904000103090a050001040a0b060001050b07020002060b0c080002070c0d0e09030003080e0f100a04000409100b0500050a1011120c070600070b120d0800080c12130e00080d13140f0900090e14151000090f15110b0a000b10151612000b1116130d0c000d1216140e000e1316150f000f1416111000111514131200 40 0 1 2 0 2 3 0 3 4 0 4 5 0 5 1 1 2 6 1 6 7 1 7 8 1 8 9 1 9 10 1 10 5 2 3 11 2 11 12 2 12 6 3 4 13 3 13 14 3 14 15 3 15 11 4 5 16 4 16 13 5 10 16 10 9 17 10 17 16 16 17 13 13 17 14 17 9 14 9 8 14 14 8 18 14 18 15 8 7 18 7 6 19 7 19 20 7 20 18 6 12 19 18 20 15 15 20 21 15 21 11 20 19 21 19 12 21 12 11 21
G 22 0203040506000106070803000102080904000103090a050001040a0b060001050b0c07020002060c0d0e080002070e09030003080e0f10110a04000409110b0500050a111213140c0600060b140d0700070c14150f0e00070d0f090800090e0d15161000090f161211000910120b0a000b11101613000b12161514000b13150d0c000d1413160f000f1513121000 40 0 1 2 0 2 3 0 3 4 0 4 5 0 5 1 1 2 6 1 6 7 1 7 8 1 8 9 1 9 10 1 10 5 2 3 11 2 11 12 2 12 6 3 4 13 3 13 14 3 14 11 4 5 15 4 15 16 4 16 13 5 10 15 10 9 17 10 17 15 15 17 16 17 9 18 17 18 16 9 8 18 16 18 19 16 19 13 18 8 19 8 7 19 13 19 14 19 7 20 19 20 21 19 21 14 7 6 20 6 12 20 14 21 11 20 12 21 12 11 21
G 22 0203040506000106070803000102080904000103090a050001040a0b060001050b0c07020002060c0d080002070d0e09030003080e0f10110a04000409110b0500050a111213140c0600060b140d0700070c14150e0800080d150f0900090e15161000090f161211000910120b0a000b11101613000b12161514000b13150d0c000d1413160f0e000f1513121000 40 0 1 2 0 2 3 0 3 4 0 4 5 0 5 1 1 2 6 1 6 7 1 7 8 1 8 9 1 9 10 1 10 5 2 3 11 2 11 12 2 12 6 3 4 13 3 13 14 3 14 11 4 5 15 4 15 16 4 16 13 5 10 15 10 9 17 10 17 15 15 17 16 17 9 18 17 18 16 9 8 18 16 18 13 18 8 19 18 19 20 18 20 14 18 14 13 8 7 19 14 20 11 11 20 12 20 19 21 20 21 12 19 7 21 7 6 21 6 12 21
G 22 0203040506000106070803000102080904000103090a050001040a0b060001050b0c07020002060c0d080002070d0e0f09030003080f0a040004090f1011120b0500050a120c0600060b12130d0700070c13140e0800080d1415100f00080e100a09000a0f0e1511000a10151612000a1116130c0b000c1216140d000d1316150e000e1416111000111514131200 40 0 1 2 0 2 3 0 3 4 0 4 5 0 5 1 1 2 6 1 6 7 1 7 8 1 8 9 1 9 10 1 10 5 2 3 11 2 11 12 2 12 6 3 4 13 3 13 14 3 14 11 4 5 15 4 15 16 4 16 13 5 10 15 10 9 17 10 17 15 15 17 16 17 9 18 17 18 16 9 8 18 16 18 13 18 8 19 18 19 14 18 14 13 8 7 19 14 19 20 14 20 11 19 7 21 19 21 20 7 6 21 6 12 21 11 20 12 20 21 12
G 22 0203040506000106070803000102080904000103090a050001040a0b060001050b0c07020002060c0d080002070d0e0f100903000308100a0400040910110b0500050a11120c0600060b12130d0700070c13140e0800080d14150f00080e15111000080f110a09000a100f1516120b000b1116130c000c1216140d000d1316150e000e1416110f00111514131200 40 0 1 2 0 2 3 0 3 4 0 4 5 0 5 1 1 2 6 1 6 7 1 7 8 1 8 9 1 9 10 1 10 5 2 3 11 2 11 12 2 12 6 3 4 13 3 13 14 3 14 11 4 5 15 4 15 16 4 16 13 5 10 15 10 9 17 10 17 15 15 17 16 17 9 18 17 18 16 9 8 18 16 18 13 18 8 19 18 19 13 13 19 14 8 7 19 19 7 20 19 20 21 19 21 14 7 6 20 6 12 20 14 21 11 20 12 21 12 11 21
G 22 0203040506000106070803000102080904000103090a050001040a0b060001050b07020002060b0c080002070c0d09030003080d0e0f100a0400040910110b0500050a11120c070600070b12130d0800080c130e0900090d13140f00090e14151000090f15110a000a101516120b000b1116130c000c1216140e0d000e1316150f000f1416111000111514131200 40 0 1 2 0 2 3 0 3 4 0 4 5 0 5 1 1 2 6 1 6 7 1 7 8 1 8 9 1 9 10 1 10 5 2 3 11 2 11 12 2 12 6 3 4 13 3 13 14 3 14 11 4 5 15 4 15 16 4 16 13 5 10 15 10 9 17 10 17 15 15 17 16 17 9 18 17 18 16 9 8 18 16 18 13 18 8 14 18 14 13 8 7 19 8 19 14 14 19 20 14 20 11 11 20 12 20 19 21 20 21 12 19 7 21 7 6 21 6 12 21
G 22 0203040506000106070803000102080904000103090a050001040a0b060001050b07020002060b0c080002070c0d09030003080d0e0f0a040004090f100b0500050a1011120c070600070b120d0800080c12130e0900090d13140f00090e1415100a000a0f15110b000b10151612000b1116130d0c000d1216140e000e1316150f000f1416111000111514131200 40 0 1 2 0 2 3 0 3 4 0 4 5 0 5 1 1 2 6 1 6 7 1 7 8 1 8 9 1 9 10 1 10 5 2 3 11 2 11 12 2 12 6 3 4 13 3 13 14 3 14 11 4 5 15 4 15 16 4 16 13 5 10 15 10 9 17 10 17 15 15 17 16 17 9 18 17 18 16 9 8 18 16 18 13 18 8 13 13 8 19 13 19 14 8 7 19 7 6 20 7 20 19 6 12 20 19 20 21 19 21 14 20 12 21 12 11 21 11 14 21
G 22 0203040506000106070803000102080904000103090a050001040a0b060001050b0c07020002060c0d080002070d0e09030003080e0f0a040004090f1011120b0500050a12130c0600060b130d0700070c131415160e0800080d160f0900090e16100a000a0f161511000a10151412000a1114130b000b12140d0c000d13121115000d14111016000d15100f0e00 40 0 1 2 0 2 3 0 3 4 0 4 5 0 5 1 1 2 6 1 6 7 1 7 8 1 8 9 1 9 10 1 10 5 2 3 11 2 11 12 2 12 6 3 4 13 3 13 14 3 14 11 4 5 15 4 15 13 5 10 15 10 9 16 10 16 17 10 17 15 15 17 13 13 17 14 17 16 18 17 18 14 14 18 11 11 18 12 18 16 19 18 19 20 18 20 21 18 21 12 16 9 19 9 8 19 12 21 6 19 8 20 8 7 20 6 21 7 21 20 7
G 22 0203040506000106070803000102080904000103090a050001040a0b060001050b0c07020002060c0d080002070d0e0f10090300030810110a04000409110b0500050a111213140c0600060b140d0700070c140e0800080d1413150f00080e15161000080f16110900091016120b0a000b11161513000b12150e14000b130e0d0c000e1312160f000f1512111000 40 0 1 2 0 2 3 0 3 4 0 4 5 0 5 1 1 2 6 1 6 7 1 7 8 1 8 9 1 9 10 1 10 5 2 3 11 2 11 12 2 12 6 3 4 13 3 13 14 3 14 11 4 5 15 4 15 13 5 10 15 10 9 16 10 16 17 10 17 15 15 17 13 13 17 14 17 16 14 14 16 18 14 18 19 14 19 20 14 20 11 16 9 18 9 8 18 11 20 12 18 8 19 8 7 19 19 7 21 19 21 20 7 6 21 6 12 21 12 20 21
G 22 0203040506000106070803000102080904000103090a050001040a0b060001050b0c07020002060c0d080002070d0e09030003080e0f10110a04000409110b0500050a11120c0600060b1213140d0700070c14150e0800080d150f0900090e15161000090f16131211000910120b0a000b1110130c000c12101614000c1316150d000d14160f0e000f1514131000 40 0 1 2 0 2 3 0 3 4 0 4 5 0 5 1 1 2 6 1 6 7 1 7 8 1 8 9 1 9 10 1 10 5 2 3 11 2 11 12 2 12 6 3 4 13 3 13 14 3 14 11 4 5 15 4 15 13 5 10 15 10 9 16 10 16 17 10 17 15 15 17 13 13 17 14 17 16 14 14 16 18 14 18 19 14 19 11 16 9 18 9 8 18 11 19 12 18 8 20 18 20 19 8 7 20 19 20 21 19 21 12 20 7 21 7 6 21 6 12 21
G 22 0203040506000106070803000102080904000103090a050001040a0b060001050b0c07020002060c0d0e080002070e09030003080e0f0a040004090f1011120b0500050a12130c0600060b130d0700070c131415160e00070d160f090800090e16100a000a0f161511000a10151412000a1114130b000b12140d0c000d13121115000d14111016000d15100f0e00 40 0 1 2 0 2 3 0 3 4 0 4 5 0 5 1 1 2 6 1 6 7 1 7 8 1 8 9 1 9 10 1 10 5 2 3 11 2 11 12 2 12 6 3 4 13 3 13 14 3 14 11 4 5 15 4 15 13 5 10 15 10 9 16 10 16 17 10 17 15 15 17 13 13 17 14 17 16 14 14 16 18 14 18 11 16 9 19 16 19 18 9 8 19 11 18 12 18 19 20 18 20 21 18 21 12 19 8 20 8 7 20 12 21 6 20 7 21 7 6 21
G 22 0203040506000106070803000102080904000103090a050001040a0b060001050b07020002060b0c080002070c0d0e09030003080e0f0a040004090f100b0500050a1011120c070600070b120d0800080c12130e00080d13140f0900090e1415100a000a0f15110b000b10151612000b1116130d0c000d1216140e000e1316150f000f1416111000111514131200 40 0 1 2 0 2 3 0 3 4 0 4 5 0 5 1 1 2 6 1 6 7 1 7 8 1 8 9 1 9 10 1 10 5 2 3 11 2 11 12 2 12 6 3 4 13 3 13 14 3 14 11 4 5 15 4 15 13 5 10 15 10 9 16 10 16 17 10 17 15 15 17 13 13 17 14 17 16 14 14 16 18 14 18 11 16 9 18 9 8 18 11 18 19 11 19 12 18 8 20 18 20 19 8 7 20 7 6 21 7 21 20 6 12 21 12 19 21 19 20 21
G 22 0203040506000106070803000102080904000103090a050001040a0b060001050b07020002060b0c080002070c09030003080c0d0e0f0a040004090f100b0500050a1011120c070600070b120d090800090c12130e00090d13140f00090e1415100a000a0f15110b000b10151612000b1116130d0c000d1216140e000e1316150f000f1416111000111514131200 40 0 1 2 0 2 3 0 3 4 0 4 5 0 5 1 1 2 6 1 6 7 1 7 8 1 8 9 1 9 10 1 10 5 2 3 11 2 11 12 2 12 6 3 4 13 3 13 14 3 14 11 4 5 15 4 15 13 5 10 15 10 9 16 10 16 17 10 17 15 15 17 13 13 17 14 17 16 14 14 16 11 16 9 11 11 9 18 11 18 19 11 19 12 9 8 18 8 7 20 8 20 18 18 20 19 20 7 21 20 21 19 7 6 21 6 12 21 12 19 21
G 22 0203040506000106070803000102080904000103090a050001040a0b060001050b0c07020002060c0d080002070d0e0f100903000308100a04000409101112130b0500050a13140c0600060b140d0700070c140e0800080d1415160f00080e16111000080f110a09000a100f1612000a11161513000a1215140b000b13150e0d0c000e14131216000e1512110f00 40 0 1 2 0 2 3 0 3 4 0 4 5 0 5 1 1 2 6 1 6 7 1 7 8 1 8 9 1 9 10 1 10 5 2 3 11 2 11 12 2 12 6 3 4 13 3 13 14 3 14 11 4 5 15 4 15 13 5 10 15 10 9 16 10 16 15 15 16 17 15 17 13 13 17 18 13 18 14 17 16 19 17 19 18 16 9 19 9 8 19 19 8 18 8 7 18 18 7 20 18 20 21 18 21 14 7 6 20 6 12 20 14 21 11 20 12 21 12 11 21
G 22 0203040506000106070803000102080904000103090a050001040a0b060001050b0c0d0e07020002060e0f080002070f09030003080f1011120a0400040912130b0500050a130c0600060b13140d00060c1415160e00060d160f0700070e1610090800090f16151100091015141200091114130a000a12140c0b000c131211150d000d14111016000d15100f0e00 40 0 1 2 0 2 3 0 3 4 0 4 5 0 5 1 1 2 6 1 6 7 1 7 8 1 8 9 1 9 10 1 10 5 2 3 11 2 11 12 2 12 6 3 4 13 3 13 14 3 14 11 4 5 15 4 15 13 5 10 15 10 9 16 10 16 15 15 16 17 15 17 13 13 17 14 17 16 18 17 18 19 17 19 20 17 20 21 17 21 14 16 9 18 9 8 18 14 21 11 18 8 19 8 7 19 11 21 12 21 20 12 19 7 20 7 6 20 20 6 12
G 22 0203040506000106070803000102080904000103090a050001040a0b060001050b0c0d0e07020002060e0f080002070f1009030003081011120a0400040912130b0500050a130c0600060b13140d00060c1415160e00060d160f0700070e16100800080f1611090009101615120009111514130a000a12140c0b000c1312150d000d14121116000d1511100f0e00 40 0 1 2 0 2 3 0 3 4 0 4 5 0 5 1 1 2 6 1 6 7 1 7 8 1 8 9 1 9 10 1 10 5 2 3 11 2 11 12 2 12 6 3 4 13 3 13 14 3 14 11 4 5 15 4 15 13 5 10 15 10 9 16 10 16 15 15 16 17 15 17 13 13 17 14 17 16 18 17 18 19 17 19 20 17 20 14 16 9 18 9 8 18 14 20 11 18 8 19 8 7 19 11 20 12 20 19 21 20 21 12 19 7 21 7 6 21 6 12 21
G 22 0203040506000106070803000102080904000103090a050001040a0b060001050b0c07020002060c0d0e080002070e0f09030003080f10110a04000409110b0500050a111213140c0600060b140d0700070c14150e00070d150f0800080e1516100900090f161211000910120b0a000b11101613000b12161514000b13150d0c000d1413160f0e000f1513121000 40 0 1 2 0 2 3 0 3 4 0 4 5 0 5 1 1 2 6 1 6 7 1 7 8 1 8 9 1 9 10 1 10 5 2 3 11 2 11 12 2 12 6 3 4 13 3 13 14 3 14 11 4 5 15 4 15 13 5 10 15 10 9 16 10 16 15 15 16 17 15 17 13 13 17 14 17 16 18 17 18 19 17 19 14 16 9 18 9 8 18 14 19 20 14 20 11 18 8 19 8 7 19 19 7 21 19 21 20 7 6 21 6 12 21 11 20 12 20 21 12
G 22 0203040506000106070803000102080904000103090a050001040a0b060001050b0c0d07020002060d0e080002070e0f09030003080f1011120a04000409120b0500050a12130c0600060b1314150d00060c150e0700070d15160f0800080e16100900090f161411000910141312000911130b0a000b1211140c000c1311101615000c14160e0d000e1514100f00 40 0 1 2 0 2 3 0 3 4 0 4 5 0 5 1 1 2 6 1 6 7 1 7 8 1 8 9 1 9 10 1 10 5 2 3 11 2 11 12 2 12 6 3 4 13 3 13 14 3 14 11 4 5 15 4 15 13 5 10 15 10 9 16 10 16 15 15 16 17 15 17 13 13 17 14 17 16 18 17 18 19 17 19 14 16 9 18 9 8 18 14 19 11 18 8 20 18 20 19 8 7 20 11 19 12 19 20 21 19 21 12 20 7 21 7 6 21 6 12 21
G 22 0203040506000106070803000102080904000103090a050001040a0b060001050b0c0d0e07020002060e0f080002070f09030003080f1011120a04000409120b0500050a12130c0600060b13140d00060c14150e00060d150f0700070e1510090800090f151611000910161312000911130b0a000b121116140c000c1316150d000d1416100f0e00101514131100 40 0 1 2 0 2 3 0 3 4 0 4 5 0 5 1 1 2 6 1 6 7 1 7 8 1 8 9 1 9 10 1 10 5 2 3 11 2 11 12 2 12 6 3 4 13 3 13 14 3 14 11 4 5 15 4 15 13 5 10 15 10 9 16 10 16 15 15 16 17 15 17 13 13 17 14 17 16 18 17 18 14 16 9 19 16 19 18 9 8 19 14 18 11 18 19 20 18 20 21 18 21 12 18 12 11 19 8 20 8 7 20 12 21 6 20 7 21 7 6 21
G 22 0203040506000106070803000102080904000103090a050001040a0b060001050b0c07020002060c0d080002070d0e0f10090300030810110a04000409110b0500050a1112130c0600060b13140d0700070c140e0800080d14150f00080e15161000080f16110900091016120b0a000b11161513000b1215140c000c13150e0d000e141312160f000f1512111000 40 0 1 2 0 2 3 0 3 4 0 4 5 0 5 1 1 2 6 1 6 7 1 7 8 1 8 9 1 9 10 1 10 5 2 3 11 2 11 12 2 12 6 3 4 13 3 13 14 3 14 11 4 5 15 4 15 13 5 10 15 10 9 16 10 16 15 15 16 17 15 17 13 13 17 14 17 16 18 17 18 14 16 9 18 9 8 18 14 18 19 14 19 20 14 20 11 18 8 19 8 7 19 11 20 12 19 7 21 19 21 20 7 6 21 6 12 21 12 20 21
G 22 0203040506000106070803000102080904000103090a050001040a0b060001050b0c07020002060c0d080002070d0e09030003080e0f10110a04000409110b0500050a1112130c0600060b13140d0700070c14150e0800080d150f0900090e15161000090f161211000910120b0a000b11101613000b1216140c000c1316150d000d14160f0e000f151413121000 40 0 1 2 0 2 3 0 3 4 0 4 5 0 5 1 1 2 6 1 6 7 1 7 8 1 8 9 1 9 10 1 10 5 2 3 11 2 11 12 2 12 6 3 4 13 3 13 14 3 14 11 4 5 15 4 15 13 5 10 15 10 9 16 10 16 15 15 16 17 15 17 13 13 17 14 17 16 18 17 18 14 16 9 18 9 8 18 14 18 19 14 19 11 18 8 20 18 20 19 8 7 20 11 19 12 19 20 21 19 21 12 20 7 21 7 6 21 6 12 21
G 22 0203040506000106070803000102080904000103090a050001040a0b060001050b07020002060b0c080002070c0d09030003080d0e0f100a0400040910110b0500050a1112130c070600070b13140d0800080c140e0900090d14150f00090e15161000090f16110a000a1016120b000b11161513000b1215140c000c13150e0d000e141312160f000f1512111000 40 0 1 2 0 2 3 0 3 4 0 4 5 0 5 1 1 2 6 1 6 7 1 7 8 1 8 9 1 9 10 1 10 5 2 3 11 2 11 12 2 12 6 3 4 13 3 13 14 3 14 11 4 5 15 4 15 13 5 10 15 10 9 16 10 16 15 15 16 17 15 17 13 13 17 14 17 16 18 17 18 14 16 9 18 9 8 18 14 18 8 14 8 19 14 19 20 14 20 11 8 7 19 11 20 12 20 19 21 20 21 12 19 7 21 7 6 21 6 12 21
G 22 0203040506000106070803000102080904000103090a050001040a0b060001050b07020002060b0c080002070c0d0e0f09030003080f100a0400040910110b0500050a1112130c070600070b130d0800080c13140e00080d14150f00080e15100900090f1516110a000a1016120b000b11161413000b12140d0c000d131216150e000e1416100f00101514121100 40 0 1 2 0 2 3 0 3 4 0 4 5 0 5 1 1 2 6 1 6 7 1 7 8 1 8 9 1 9 10 1 10 5 2 3 11 2 11 12 2 12 6 3 4 13 3 13 14 3 14 11 4 5 15 4 15 13 5 10 15 10 9 16 10 16 15 15 16 17 15 17 13 13 17 14 17 16 18 17 18 14 16 9 18 9 8 18 14 18 11 18 8 19 18 19 20 18 20 11 11 20 12 8 7 19 7 6 21 7 21 19 6 12 21 12 20 21 20 19 21
G 22 0203040506000106070803000102080904000103090a050001040a0b060001050b0c07020002060c0d0e080002070e09030003080e0f0a040004090f100b0500050a101112130c0600060b130d0700070c13140e00070d1415160f090800090e16100a000a0f16110b000b10161512000b11151413000b12140d0c000d1312150e000e14121116000e1511100f00 40 0 1 2 0 2 3 0 3 4 0 4 5 0 5 1 1 2 6 1 6 7 1 7 8 1 8 9 1 9 10 1 10 5 2 3 11 2 11 12 2 12 6 3 4 13 3 13 14 3 14 11 4 5 15 4 15 13 5 10 15 10 9 16 10 16 15 15 16 13 13 16 17 13 17 18 13 18 19 13 19 14 16 9 17 9 8 17 17 8 18 8 7 18 18 7 19 7 6 20 7 20 19 6 12 20 19 20 21 19 21 14 20 12 21 12 11 21 11 14 21
G 22 0203040506000106070803000102080904000103090a050001040a0b060001050b0c0d07020002060d0e0f080002070f09030003080f1011120a04000409120b0500050a12130c0600060b13140d00060c140e0700070d14150f00070e1510090800090f151611000910161312000911130b0a000b121116140c000c1316150e0d000e1416100f00101514131100 40 0 1 2 0 2 3 0 3 4 0 4 5 0 5 1 1 2 6 1 6 7 1 7 8 1 8 9 1 9 10 1 10 5 2 3 11 2 11 12 2 12 6 3 4 13 3 13 14 3 14 11 4 5 15 4 15 13 5 10 15 10 9 16 10 16 15 15 16 13 13 16 17 13 17 18 13 18 14 16 9 17 9 8 17 17 8 19 17 19 18 8 7 19 7 6 20 7 20 19 6 12 20 19 20 21 19 21 18 20 12 21 12 11 21 11 14 21 21 14 18
G 22 0203040506000106070803000102080904000103090a050001040a0b060001050b0c0d07020002060d0e0f080002070f09030003080f1011120a04000409120b0500050a12130c0600060b13140d00060c14150e0700070d15100f00070e10090800090f0e151100091015161200091116130b0a000b1216140c000c1316150d000d141611100e00111514131200 40 0 1 2 0 2 3 0 3 4 0 4 5 0 5 1 1 2 6 1 6 7 1 7 8 1 8 9 1 9 10 1 10 5 2 3 11 2 11 12 2 12 6 3 4 13 3 13 14 3 14 11 4 5 15 4 15 13 5 10 15 10 9 16 10 16 15 15 16 13 13 16 17 13 17 18 13 18 14 16 9 17 9 8 17 17 8 19 17 19 18 8 7 19 7 6 20 7 20 19 6 12 20 19 20 18 20 12 21 20 21 18 18 21 14 12 11 21 11 14 21
G 22 0203040506000106070803000102080904000103090a050001040a0b060001050b0c07020002060c0d080002070d0e09030003080e0f10110a0400040911120b0500050a12130c0600060b130d0700070c13140e0800080d140f0900090e14151000090f15161100091016120a000a1116130b000b121615140d0c000d13150f0e000f1413161000101513121100 40 0 1 2 0 2 3 0 3 4 0 4 5 0 5 1 1 2 6 1 6 7 1 7 8 1 8 9 1 9 10 1 10 5 2 3 11 2 11 12 2 12 6 3 4 13 3 13 14 3 14 11 4 5 15 4 15 13 5 10 15 10 9 16 10 16 15 15 16 13 13 16 17 13 17 18 13 18 14 16 9 17 9 8 17 17 8 18 8 7 19 8 19 18 18 19 20 18 20 14 14 20 11 11 20 12 20 19 21 20 21 12 19 7 21 7 6 21 6 12 21
G 22 0203040506000106070803000102080904000103090a050001040a0b060001050b0c07020002060c0d0e080002070e0f09030003080f0a040004090f100b0500050a10110c0600060b1112130d0700070c13140e00070d140f0800080e141516100a09000a0f16110b000b1016120c000c11161513000c1215140d000d13150f0e000f14131216000f1512111000 40 0 1 2 0 2 3 0 3 4 0 4 5 0 5 1 1 2 6 1 6 7 1 7 8 1 8 9 1 9 10 1 10 5 2 3 11 2 11 12 2 12 6 3 4 13 3 13 14 3 14 11 4 5 15 4 15 13 5 10 15 10 9 16 10 16 15 15 16 13 13 16 17 13 17 18 13 18 14 16 9 17 9 8 17 17 8 18 8 7 18 18 7 19 18 19 14 7 6 20 7 20 19 6 12 20 14 19 21 14 21 11 19 20 21 20 12 21 12 11 21
G 22 0203040506000106070803000102080904000103090a050001040a0b060001050b0c0d07020002060d0e080002070e0f09030003080f1011120a04000409120b0500050a12130c0600060b13140d00060c140e0700070d14150f0800080e15100900090f151611000910161312000911130b0a000b121116140c000c1316150e0d000e1416100f00101514131100 40 0 1 2 0 2 3 0 3 4 0 4 5 0 5 1 1 2 6 1 6 7 1 7 8 1 8 9 1 9 10 1 10 5 2 3 11 2 11 12 2 12 6 3 4 13 3 13 14 3 14 11 4 5 15 4 15 13 5 10 15 10 9 16 10 16 15 15 16 13 13 16 17 13 17 14 16 9 18 16 18 17 9 8 18 8 7 19 8 19 18 18 19 20 18 20 17 17 20 14 14 20 11 20 19 21 20 21 12 20 12 11 19 7 21 7 6 21 6 12 21
G 22 0203040506000106070803000102080904000103090a050001040a0b060001050b0c0d0e07020002060e0f080002070f10090300030810110a0400040911120b0500050a12130c0600060b13140d00060c14150e00060d150f0700070e15100800080f151416110900091016120a000a1116130b000b1216140c000c131610150d000d14100f0e00101413121100 40 0 1 2 0 2 3 0 3 4 0 4 5 0 5 1 1 2 6 1 6 7 1 7 8 1 8 9 1 9 10 1 10 5 2 3 11 2 11 12 2 12 6 3 4 13 3 13 14 3 14 11 4 5 15 4 15 13 5 10 15 10 9 16 10 16 15 15 16 13 13 16 17 13 17 14 16 9 18 16 18 17 9 8 18 8 7 19 8 19 18 18 19 17 17 19 20 17 20 21 17 21 14 19 7 20 7 6 20 6 12 20 20 12 21 12 11 21 11 14 21
G 22 0203040506000106070803000102080904000103090a050001040a0b060001050b0c0d0e07020002060e0f080002070f10090300030810110a0400040911120b0500050a12130c0600060b13140d00060c14150e00060d150f0700070e15100800080f1516110900091016120a000a1116130b000b1216140c000c1316150d000d1416100f0e0010151413121100 40 0 1 2 0 2 3 0 3 4 0 4 5 0 5 1 1 2 6 1 6 7 1 7 8 1 8 9 1 9 10 1 10 5 2 3 11 2 11 12 2 12 6 3 4 13 3 13 14 3 14 11 4 5 15 4 15 13 5 10 15 10 9 16 10 16 15 15 16 13 13 16 17 13 17 14 16 9 18 16 18 17 9 8 18 8 7 19 8 19 18 18 19 17 17 19 20 17 20 14 19 7 21 19 21 20 7 6 21 6 12 21 14 20 11 20 21 12 20 12 11
G 22 0203040506000106070803000102080904000103090a050001040a0b060001050b0c07020002060c0d0e080002070e0f09030003080f10110a04000409110b0500050a111213140c0600060b140d0700070c14150e00070d15160f0800080e16100900090f161211000910120b0a000b11101613000b12161514000b13150d0c000d1413160e000e151312100f00 40 0 1 2 0 2 3 0 3 4 0 4 5 0 5 1 1 2 6 1 6 7 1 7 8 1 8 9 1 9 10 1 10 5 2 3 11 2 11 12 2 12 6 3 4 13 3 13 14 3 14 11 4 5 15 4 15 13 5 10 15 10 9 16 10 16 15 15 16 13 13 16 17 13 17 14 16 9 18 16 18 17 9 8 18 8 7 19 8 19 18 18 19 17 17 19 14 19 7 20 19 20 21 19 21 14 14 21 11 7 6 20 6 12 20 11 21 12 21 20 12
G 22 0203040506000106070803000102080904000103090a050001040a0b060001050b0c07020002060c0d0e080002070e09030003080e0f10110a0400040911120b0500050a12130c0600060b130d0700070c13140e00070d140f090800090e14151000090f15161100091016120a000a1116130b000b121615140d0c000d13150f0e000f1413161000101513121100 40 0 1 2 0 2 3 0 3 4 0 4 5 0 5 1 1 2 6 1 6 7 1 7 8 1 8 9 1 9 10 1 10 5 2 3 11 2 11 12 2 12 6 3 4 13 3 13 14 3 14 11 4 5 15 4 15 13 5 10 15 10 9 16 10 16 15 15 16 13 13 16 17 13 17 14 16 9 17 9 8 18 9 18 17 17 18 19 17 19 14 14 19 11 11 19 12 19 18 20 19 20 21 19 21 12 18 8 20 8 7 20 12 21 6 20 7 21 7 6 21
G 22 0203040506000106070803000102080904000103090a050001040a0b060001050b0c07020002060c0d080002070d0e09030003080e0f10110a04000409110b0500050a11120c0600060b1213140d0700070c140e0800080d140f0900090e14151000090f15161100091016120b0a000b1116130c000c12161514000c13150f0e0d000f1413161000101513121100 40 0 1 2 0 2 3 0 3 4 0 4 5 0 5 1 1 2 6 1 6 7 1 7 8 1 8 9 1 9 10 1 10 5 2 3 11 2 11 12 2 12 6 3 4 13 3 13 14 3 14 11 4 5 15 4 15 13 5 10 15 10 9 16 10 16 15 15 16 13 13 16 17 13 17 14 16 9 17 9 8 18 9 18 17 17 18 14 14 18 19 14 19 20 14 20 11 18 8 19 8 7 19 11 20 12 19 7 21 19 21 20 7 6 21 6 12 21 12 20 21
G 22 0203040506000106070803000102080904000103090a050001040a0b060001050b0c07020002060c0d080002070d0e09030003080e0f10110a04000409110b0500050a11120c0600060b12130d0700070c13140e0800080d140f0900090e14151000090f15161100091016120b0a000b1116130c000c121615140d000d13150f0e000f1413161000101513121100 40 0 1 2 0 2 3 0 3 4 0 4 5 0 5 1 1 2 6 1 6 7 1 7 8 1 8 9 1 9 10 1 10 5 2 3 11 2 11 12 2 12 6 3 4 13 3 13 14 3 14 11 4 5 15 4 15 13 5 10 15 10 9 16 10 16 15 15 16 13 13 16 17 13 17 14 16 9 17 9 8 18 9 18 17 17 18 14 14 18 19 14 19 11 18 8 20 18 20 19 8 7 20 11 19 12 19 20 21 19 21 12 20 7 21 7 6 21 6 12 21
G 22 0203040506000106070803000102080904000103090a050001040a0b060001050b0c07020002060c0d0e080002070e09030003080e0f10110a04000409110b0500050a1112130c0600060b13140d0700070c14150e00070d150f090800090e15161000090f161211000910120b0a000b11101613000b1216140c000c1316150d000d14160f0e000f151413121000 40 0 1 2 0 2 3 0 3 4 0 4 5 0 5 1 1 2 6 1 6 7 1 7 8 1 8 9 1 9 10 1 10 5 2 3 11 2 11 12 2 12 6 3 4 13 3 13 14 3 14 11 4 5 15 4 15 13 5 10 15 10 9 16 10 16 15 15 16 13 13 16 17 13 17 14 16 9 17 9 8 17 17 8 18 17 18 19 17 19 14 8 7 18 14 19 20 14 20 11 11 20 12 20 19 21 20 21 12 19 18 21 18 7 21 7 6 21 21 6 12
G 22 0203040506000106070803000102080904000103090a050001040a0b060001050b0c07020002060c0d080002070d0e09030003080e0f0a040004090f1011120b0500050a120c0600060b1213140d0700070c140e0800080d14150f0900090e15100a000a0f151611000a10161312000a11130c0b000c12111614000c1316150e0d000e1416100f00101514131100 40 0 1 2 0 2 3 0 3 4 0 4 5 0 5 1 1 2 6 1 6 7 1 7 8 1 8 9 1 9 10 1 10 5 2 3 11 2 11 12 2 12 6 3 4 13 3 13 14 3 14 11 4 5 15 4 15 13 5 10 15 10 9 16 10 16 15 15 16 13 13 16 17 13 17 14 16 9 17 9 8 17 17 8 18 17 18 19 17 19 14 8 7 18 14 19 11 11 19 20 11 20 12 19 18 20 18 7 21 18 21 20 7 6 21 6 12 21 12 20 21
G 22 0203040506000106070803000102080904000103090a050001040a0b060001050b0c07020002060c0d080002070d0e09030003080e0f10110a0400040911120b0500050a120c0600060b12130d0700070c13140e0800080d140f0900090e14151000090f15161100091016120a000a1116130c0b000c121615140d000d13150f0e000f1413161000101513121100 40 0 1 2 0 2 3 0 3 4 0 4 5 0 5 1 1 2 6 1 6 7 1 7 8 1 8 9 1 9 10 1 10 5 2 3 11 2 11 12 2 12 6 3 4 13 3 13 14 3 14 11 4 5 15 4 15 13 5 10 15 10 9 16 10 16 15 15 16 13 13 16 17 13 17 14 16 9 17 9 8 17 17 8 18 17 18 14 8 7 19 8 19 18 14 18 20 14 20 11 18 19 20 11 20 12 20 19 21 20 21 12 19 7 21 7 6 21 6 12 21
G 22 0203040506000106070803000102080904000103090a050001040a0b060001050b07020002060b0c0d080002070d0e09030003080e0f0a040004090f100b0500050a1011120c070600070b12130d00070c13140e0800080d140f0900090e1415100a000a0f15110b000b10151612000b1116130c000c1216140d000d1316150f0e000f1416111000111514131200 40 0 1 2 0 2 3 0 3 4 0 4 5 0 5 1 1 2 6 1 6 7 1 7 8 1 8 9 1 9 10 1 10 5 2 3 11 2 11 12 2 12 6 3 4 13 3 13 14 3 14 11 4 5 15 4 15 13 5 10 15 10 9 16 10 16 15 15 16 13 13 16 17 13 17 14 16 9 17 9 8 17 17 8 18 17 18 14 8 7 19 8 19 18 14 18 11 18 19 20 18 20 11 11 20 12 20 19 21 20 21 12 19 7 21 7 6 21 6 12 21
G 22 0203040506000106070803000102080904000103090a050001040a0b060001050b0c07020002060c0d080002070d0e0f09030003080f0a040004090f100b0500050a101112130c0600060b130d0700070c13140e0800080d1415160f00080e16100a09000a0f16110b000b10161512000b11151413000b12140d0c000d1312150e000e14121116000e1511100f00 40 0 1 2 0 2 3 0 3 4 0 4 5 0 5 1 1 2 6 1 6 7 1 7 8 1 8 9 1 9 10 1 10 5 2 3 11 2 11 12 2 12 6 3 4 13 3 13 14 3 14 11 4 5 15 4 15 13 5 10 15 10 9 16 10 16 15 15 16 13 13 16 17 13 17 14 16 9 17 9 8 17 17 8 18 17 18 14 8 7 18 14 18 19 14 19 20 14 20 11 18 7 19 7 6 21 7 21 19 6 12 21 11 20 12 19 21 20 21 12 20
G 22 0203040506000106070803000102080904000103090a050001040a0b060001050b0c07020002060c0d080002070d0e0f100903000308100a04000409101112130b0500050a13140c0600060b140d0700070c14150e0800080d15160f00080e16111000080f110a09000a100f1612000a11161513000a1215140b000b13150d0c000d141312160e000e1512110f00 40 0 1 2 0 2 3 0 3 4 0 4 5 0 5 1 1 2 6 1 6 7 1 7 8 1 8 9 1 9 10 1 10 5 2 3 11 2 11 12 2 12 6 3 4 13 3 13 14 3 14 11 4 5 15 4 15 13 5 10 15 10 9 16 10 16 15 15 16 13 13 16 14 16 9 17 16 17 18 16 18 19 16 19 14 9 8 17 14 19 11 11 19 12 19 18 20 19 20 12 12 20 6 6 20 7 20 18 21 20 21 7 18 17 21 17 8 21 8 7 21
G 22 0203040506000106070803000102080904000103090a050001040a0b060001050b0c07020002060c0d0e080002070e0f100903000308100a04000409101112130b0500050a13140c0600060b140d0700070c1415160e00070d160f0800080e16111000080f110a09000a100f1612000a11161513000a1215140b000b13150d0c000d14131216000d1512110f0e00 40 0 1 2 0 2 3 0 3 4 0 4 5 0 5 1 1 2 6 1 6 7 1 7 8 1 8 9 1 9 10 1 10 5 2 3 11 2 11 12 2 12 6 3 4 13 3 13 14 3 14 11 4 5 15 4 15 13 5 10 15 10 9 16 10 16 15 15 16 13 13 16 14 16 9 17 16 17 18 16 18 14 9 8 17 14 18 19 14 19 11 11 19 12 19 18 20 19 20 21 19 21 12 18 17 20 17 8 20 8 7 20 20 7 21 7 6 21 6 12 21
G 22 0203040506000106070803000102080904000103090a050001040a0b060001050b0c07020002060c0d0e080002070e0f100903000308100a04000409101112130b0500050a13140c0600060b140d0700070c14150e00070d15160f0800080e16111000080f110a09000a100f1612000a11161513000a1215140b000b13150d0c000d141312160e000e1512110f00 40 0 1 2 0 2 3 0 3 4 0 4 5 0 5 1 1 2 6 1 6 7 1 7 8 1 8 9 1 9 10 1 10 5 2 3 11 2 11 12 2 12 6 3 4 13 3 13 14 3 14 11 4 5 15 4 15 13 5 10 15 10 9 16 10 16 15 15 16 13 13 16 14 16 9 17 16 17 18 16 18 14 9 8 17 14 18 19 14 19 11 11 19 12 19 18 20 19 20 12 18 17 21 18 21 20 17 8 21 8 7 21 12 20 6 20 21 7 20 7 6
G 22 0203040506000106070803000102080904000103090a050001040a0b060001050b0c07020002060c0d080002070d0e0f09030003080f0a040004090f1011120b0500050a12130c0600060b13140d0700070c14150e0800080d15100f00080e100a09000a0f0e1511000a10151612000a1116130b000b1216140c000c1316150d000d141611100e00111514131200 40 0 1 2 0 2 3 0 3 4 0 4 5 0 5 1 1 2 6 1 6 7 1 7 8 1 8 9 1 9 10 1 10 5 2 3 11 2 11 12 2 12 6 3 4 13 3 13 14 3 14 11 4 5 15 4 15 13 5 10 15 10 9 16 10 16 15 15 16 13 13 16 14 16 9 17 16 17 18 16 18 14 9 8 17 14 18 11 11 18 19 11 19 12 18 17 20 18 20 19 17 8 20 8 7 20 20 7 21 20 21 19 7 6 21 6 12 21 12 19 21
G 22 0203040506000106070803000102080904000103090a050001040a0b060001050b0c07020002060c0d080002070d0e0f09030003080f0a040004090f1011120b0500050a12130c0600060b13140d0700070c140e0800080d1415100f00080e100a09000a0f0e1511000a10151612000a1116130b000b1216140c000c1316150e0d000e1416111000111514131200 40 0 1 2 0 2 3 0 3 4 0 4 5 0 5 1 1 2 6 1 6 7 1 7 8 1 8 9 1 9 10 1 10 5 2 3 11 2 11 12 2 12 6 3 4 13 3 13 14 3 14 11 4 5 15 4 15 13 5 10 15 10 9 16 10 16 15 15 16 13 13 16 14 16 9 17 16 17 18 16 18 14 9 8 17 14 18 11 11 18 19 11 19 12 18 17 19 17 8 20 17 20 19 8 7 20 19 20 21 19 21 12 20 7 21 7 6 21 6 12 21
G 22 0203040506000106070803000102080904000103090a050001040a0b060001050b0c07020002060c0d080002070d0e0f09030003080f0a040004090f1011120b0500050a12130c0600060b130d0700070c13140e0800080d1415100f00080e100a09000a0f0e1511000a10151612000a1116130b000b1216140d0c000d1316150e000e1416111000111514131200 40 0 1 2 0 2 3 0 3 4 0 4 5 0 5 1 1 2 6 1 6 7 1 7 8 1 8 9 1 9 10 1 10 5 2 3 11 2 11 12 2 12 6 3 4 13 3 13 14 3 14 11 4 5 15 4 15 13 5 10 15 10 9 16 10 16 15 15 16 13 13 16 14 16 9 17 16 17 18 16 18 14 9 8 17 14 18 11 11 18 12 18 17 19 18 19 12 17 8 20 17 20 19 8 7 20 12 19 21 12 21 6 19 20 21 20 7 21 7 6 21
G 22 0203040506000106070803000102080904000103090a050001040a0b060001050b0c07020002060c0d0e080002070e0f09030003080f0a040004090f1011120b0500050a12130c0600060b130d0700070c131415160e00070d160f0800080e16100a09000a0f161511000a10151412000a1114130b000b12140d0c000d13121115000d14111016000d15100f0e00 40 0 1 2 0 2 3 0 3 4 0 4 5 0 5 1 1 2 6 1 6 7 1 7 8 1 8 9 1 9 10 1 10 5 2 3 11 2 11 12 2 12 6 3 4 13 3 13 14 3 14 11 4 5 15 4 15 13 5 10 15 10 9 16 10 16 15 15 16 13 13 16 14 16 9 17 16 17 14 9 8 18 9 18 17 14 17 19 14 19 11 17 18 19 11 19 12 19 18 20 19 20 21 19 21 12 18 8 20 8 7 20 12 21 6 20 7 21 7 6 21
G 22 0203040506000106070803000102080904000103090a050001040a0b060001050b07020002060b0c080002070c0d09030003080d0e0f0a040004090f100b0500050a1011120c070600070b12130d0800080c130e0900090d13140f00090e1415100a000a0f15110b000b10151612000b1116130c000c1216140e0d000e1316150f000f1416111000111514131200 40 0 1 2 0 2 3 0 3 4 0 4 5 0 5 1 1 2 6 1 6 7 1 7 8 1 8 9 1 9 10 1 10 5 2 3 11 2 11 12 2 12 6 3 4 13 3 13 14 3 14 11 4 5 15 4 15 13 5 10 15 10 9 16 10 16 15 15 16 13 13 16 14 16 9 17 16 17 14 9 8 18 9 18 17 14 17 11 17 18 19 17 19 12 17 12 11 12 19 20 12 20 6 6 20 7 20 19 21 20 21 7 19 18 21 18 8 21 8 7 21
G 22 0203040506000106070803000102080904000103090a050001040a0b060001050b0c07020002060c0d080002070d09030003080d0e0f100a0400040910110b0500050a11120c0600060b12130d0700070c130e090800090d13140f00090e14151000090f15110a000a101516120b000b1116130c000c1216140e0d000e1316150f000f1416111000111514131200 40 0 1 2 0 2 3 0 3 4 0 4 5 0 5 1 1 2 6 1 6 7 1 7 8 1 8 9 1 9 10 1 10 5 2 3 11 2 11 12 2 12 6 3 4 13 3 13 14 3 14 11 4 5 15 4 15 13 5 10 15 10 9 16 10 16 15 15 16 13 13 16 14 16 9 17 16 17 14 9 8 18 9 18 17 14 17 11 17 18 19 17 19 11 11 19 12 19 18 20 19 20 21 19 21 12 18 8 20 8 7 20 12 21 6 20 7 21 7 6 21
G 22 0203040506000106070803000102080904000103090a050001040a0b060001050b0c07020002060c0d080002070d0e0f100903000308100a0400040910110b0500050a111213140c0600060b140d0700070c140e0800080d1413150f00080e15161000080f16110a09000a1016120b000b11161513000b12150e14000b130e0d0c000e1312160f000f1512111000 40 0 1 2 0 2 3 0 3 4 0 4 5 0 5 1 1 2 6 1 6 7 1 7 8 1 8 9 1 9 10 1 10 5 2 3 11 2 11 12 2 12 6 3 4 13 3 13 14 3 14 11 4 5 15 4 15 13 5 10 15 10 9 16 10 16 15 15 16 13 13 16 14 16 9 17 16 17 14 9 8 17 14 17 18 14 18 19 14 19 20 14 20 11 17 8 18 8 7 18 11 20 12 18 7 19 7 6 21 7 21 19 6 12 21 12 20 21 20 19 21
G 22 0203040506000106070803000102080904000103090a050001040a0b060001050b0c07020002060c0d080002070d0e0f100903000308100a0400040910110b0500050a1112130c0600060b13140d0700070c140e0800080d14150f00080e15161000080f16110a09000a1016120b000b11161513000b1215140c000c13150e0d000e141312160f000f1512111000 40 0 1 2 0 2 3 0 3 4 0 4 5 0 5 1 1 2 6 1 6 7 1 7 8 1 8 9 1 9 10 1 10 5 2 3 11 2 11 12 2 12 6 3 4 13 3 13 14 3 14 11 4 5 15 4 15 13 5 10 15 10 9 16 10 16 15 15 16 13 13 16 14 16 9 17 16 17 14 9 8 17 14 17 18 14 18 19 14 19 11 17 8 20 17 20 18 8 7 20 11 19 12 19 18 21 19 21 12 18 20 21 20 7 21 7 6 21 21 6 12
G 22 0203040506000106070803000102080904000103090a050001040a0b060001050b0c07020002060c0d080002070d0e09030003080e0f10110a0400040911120b0500050a120c0600060b1213140d0700070c140e0800080d140f0900090e14151000090f15161100091016120a000a1116130c0b000c12161514000c13150f0e0d000f1413161000101513121100 40 0 1 2 0 2 3 0 3 4 0 4 5 0 5 1 1 2 6 1 6 7 1 7 8 1 8 9 1 9 10 1 10 5 2 3 11 2 11 12 2 12 6 3 4 13 3 13 14 3 14 11 4 5 15 4 15 13 5 10 15 10 9 16 10 16 15 15 16 13 13 16 14 16 9 17 16 17 14 9 8 17 14 17 18 14 18 19 14 19 11 17 8 18 8 7 20 8 20 18 11 19 12 18 20 19 19 20 21 19 21 12 20 7 21 7 6 21 6 12 21
G 22 0203040506000106070803000102080904000103090a050001040a0b060001050b0c07020002060c0d080002070d0e09030003080e0f0a040004090f1011120b0500050a120c0600060b12130d0700070c13140e0800080d14150f0900090e15100a000a0f151611000a10161312000a11130c0b000c121116140d000d1316150e000e1416100f00101514131100 40 0 1 2 0 2 3 0 3 4 0 4 5 0 5 1 1 2 6 1 6 7 1 7 8 1 8 9 1 9 10 1 10 5 2 3 11 2 11 12 2 12 6 3 4 13 3 13 14 3 14 11 4 5 15 4 15 13 5 10 15 10 9 16 10 16 15 15 16 13 13 16 14 16 9 17 16 17 14 9 8 17 14 17 18 14 18 11 17 8 19 17 19 18 8 7 19 11 18 20 11 20 12 18 19 20 19 7 21 19 21 20 7 6 21 6 12 21 12 20 21
G 22 0203040506000106070803000102080904000103090a050001040a0b060001050b07020002060b0c0d080002070d0e09030003080e0f0a040004090f100b0500050a1011120c070600070b12130d00070c130e0800080d13140f0900090e1415100a000a0f15110b000b10151612000b1116130c000c1216140e0d000e1316150f000f1416111000111514131200 40 0 1 2 0 2 3 0 3 4 0 4 5 0 5 1 1 2 6 1 6 7 1 7 8 1 8 9 1 9 10 1 10 5 2 3 11 2 11 12 2 12 6 3 4 13 3 13 14 3 14 11 4 5 15 4 15 13 5 10 15 10 9 16 10 16 15 15 16 13 13 16 14 16 9 17 16 17 14 9 8 17 14 17 18 14 18 11 17 8 18 8 7 19 8 19 18 11 18 20 11 20 12 18 19 20 19 7 21 19 21 20 7 6 21 6 12 21 12 20 21
G 22 0203040506000106070803000102080904000103090a050001040a0b060001050b07020002060b0c080002070c0d09030003080d0e0f0a040004090f100b0500050a1011120c070600070b12130d0800080c13140e0900090d14150f00090e15100a000a0f15110b000b10151612000b1116130c000c1216140d000d1316150e000e141611100f00111514131200 40 0 1 2 0 2 3 0 3 4 0 4 5 0 5 1 1 2 6 1 6 7 1 7 8 1 8 9 1 9 10 1 10 5 2 3 11 2 11 12 2 12 6 3 4 13 3 13 14 3 14 11 4 5 15 4 15 13 5 10 15 10 9 16 10 16 15 15 16 13 13 16 14 16 9 14 9 8 17 9 17 14 14 17 18 14 18 11 11 18 19 11 19 12 18 17 20 18 20 19 17 8 20 8 7 20 20 7 21 20 21 19 7 6 21 6 12 21 12 19 21
G 22 0203040506000106070803000102080904000103090a050001040a0b060001050b07020002060b0c080002070c0d09030003080d0e0a040004090e0f0b0500050a0f10110c070600070b11120d0800080c1213140e0900090d140f0a000a0e1415100b000b0f151611000b1016120c000c1116130d000d12161514000d13150f0e000f1413161000101513121100 40 0 1 2 0 2 3 0 3 4 0 4 5 0 5 1 1 2 6 1 6 7 1 7 8 1 8 9 1 9 10 1 10 5 2 3 11 2 11 12 2 12 6 3 4 13 3 13 14 3 14 11 4 5 15 4 15 13 5 10 15 10 9 16 10 16 15 15 16 13 13 16 14 16 9 14 9 8 17 9 17 14 14 17 11 11 17 18 11 18 19 11 19 12 17 8 18 8 7 20 8 20 18 18 20 19 20 7 21 20 21 19 7 6 21 6 12 21 12 19 21
G 22 0203040506000106070803000102080904000103090a050001040a0b060001050b07020002060b0c080002070c0d09030003080d0e0f100a04000409100b0500050a1011120c070600070b12130d0800080c13140e0900090d14150f00090e15111000090f110b0a000b100f151612000b1116130c000c1216140d000d1316150e000e1416110f00111514131200 40 0 1 2 0 2 3 0 3 4 0 4 5 0 5 1 1 2 6 1 6 7 1 7 8 1 8 9 1 9 10 1 10 5 2 3 11 2 11 12 2 12 6 3 4 13 3 13 14 3 14 11 4 5 15 4 15 13 5 10 15 10 9 16 10 16 15 15 16 13 13 16 14 16 9 14 9 8 14 14 8 17 14 17 18 14 18 11 8 7 17 11 18 19 11 19 12 18 17 20 18 20 19 17 7 20 7 6 21 7 21 20 6 12 21 12 19 21 19 20 21
G 22 0203040506000106070803000102080904000103090a050001040a0b060001050b0c07020002060c0d080002070d0e0f09030003080f0a040004090f10110b0500050a110c0600060b111213140d0700070c140e0800080d14150f00080e1516100a09000a0f161211000a10120c0b000c11101613000c12161514000c13150e0d000e1413160f000f1513121000 40 0 1 2 0 2 3 0 3 4 0 4 5 0 5 1 1 2 6 1 6 7 1 7 8 1 8 9 1 9 10 1 10 5 2 3 11 2 11 12 2 12 6 3 4 13 3 13 11 4 5 14 4 14 15 4 15 16 4 16 13 5 10 14 10 9 17 10 17 14 14 17 15 17 9 18 17 18 15 9 8 18 15 18 19 15 19 20 15 20 16 18 8 19 8 7 19 19 7 20 7 6 20 6 12 20 20 12 21 20 21 16 12 11 21 11 13 21 13 16 21
G 22 0203040506000106070803000102080904000103090a050001040a0b060001050b0c07020002060c0d0e0f080002070f09030003080f1011120a04000409120b0500050a1213140c0600060b140d0700070c14150e00070d15100f00070e10090800090f0e151611000910161312000911130b0a000b12111614000b1316150d0c000d1416100e00101514131100 40 0 1 2 0 2 3 0 3 4 0 4 5 0 5 1 1 2 6 1 6 7 1 7 8 1 8 9 1 9 10 1 10 5 2 3 11 2 11 12 2 12 6 3 4 13 3 13 11 4 5 14 4 14 15 4 15 16 4 16 13 5 10 14 10 9 17 10 17 14 14 17 15 17 9 18 17 18 15 9 8 18 15 18 19 15 19 16 18 8 19 8 7 19 19 7 20 19 20 21 19 21 16 7 6 20 6 12 20 16 21 13 20 12 21 12 11 21 21 11 13
G 22 0203040506000106070803000102080904000103090a050001040a0b060001050b0c07020002060c0d080002070d0e09030003080e0f0a040004090f10110b0500050a110c0600060b111213140d0700070c140e0800080d14150f0900090e1516100a000a0f161211000a10120c0b000c11101613000c12161514000c13150e0d000e1413160f000f1513121000 40 0 1 2 0 2 3 0 3 4 0 4 5 0 5 1 1 2 6 1 6 7 1 7 8 1 8 9 1 9 10 1 10 5 2 3 11 2 11 12 2 12 6 3 4 13 3 13 11 4 5 14 4 14 15 4 15 16 4 16 13 5 10 14 10 9 17 10 17 14 14 17 15 17 9 18 17 18 15 9 8 18 15 18 19 15 19 16 18 8 19 8 7 19 19 7 20 19 20 16 7 6 20 6 12 20 16 20 21 16 21 13 20 12 21 12 11 21 11 13 21
G 22 0203040506000106070803000102080904000103090a050001040a0b060001050b0c07020002060c0d080002070d09030003080d0e0f0a040004090f100b0500050a101112130c0600060b130d0700070c13140e090800090d1415160f00090e16100a000a0f16110b000b10161512000b11151413000b12140d0c000d1312150e000e14121116000e1511100f00 40 0 1 2 0 2 3 0 3 4 0 4 5 0 5 1 1 2 6 1 6 7 1 7 8 1 8 9 1 9 10 1 10 5 2 3 11 2 11 12 2 12 6 3 4 13 3 13 11 4 5 14 4 14 15 4 15 16 4 16 13 5 10 14 10 9 17 10 17 14 14 17 15 17 9 18 17 18 15 9 8 18 15 18 19 15 19 16 18 8 19 8 7 19 19 7 16 7 6 20 7 20 16 16 20 21 16 21 13 6 12 20 13 21 11 20 12 21 12 11 21
G 22 0203040506000106070803000102080904000103090a050001040a0b060001050b0c0d07020002060d0e080002070e0f09030003080f1011120a04000409120b0500050a1213140c0600060b14150d00060c150e0700070d150f0800080e15100900090f151611000910161312000911130b0a000b12111614000b1316150c000c1416100f0e0d00101514131100 40 0 1 2 0 2 3 0 3 4 0 4 5 0 5 1 1 2 6 1 6 7 1 7 8 1 8 9 1 9 10 1 10 5 2 3 11 2 11 12 2 12 6 3 4 13 3 13 11 4 5 14 4 14 15 4 15 16 4 16 13 5 10 14 10 9 17 10 17 14 14 17 15 17 9 18 17 18 15 9 8 18 15 18 16 18 8 19 18 19 20 18 20 16 8 7 19 16 20 13 13 20 11 20 19 21 20 21 12 20 12 11 19 7 21 7 6 21 6 12 21
G 22 0203040506000106070803000102080904000103090a050001040a0b060001050b0c07020002060c0d080002070d0e09030003080e0f100a040004091011120b0500050a120c0600060b121314150d0700070c150e0800080d150f0900090e1514161000090f16110a000a10161312000a11130c0b000c12111614000c13160f15000c140f0e0d000f1413111000 40 0 1 2 0 2 3 0 3 4 0 4 5 0 5 1 1 2 6 1 6 7 1 7 8 1 8 9 1 9 10 1 10 5 2 3 11 2 11 12 2 12 6 3 4 13 3 13 11 4 5 14 4 14 15 4 15 16 4 16 13 5 10 14 10 9 17 10 17 14 14 17 15 17 9 18 17 18 15 9 8 18 15 18 16 18 8 19 18 19 16 8 7 19 16 19 20 16 20 21 16 21 13 19 7 20 7 6 20 6 12 20 20 12 21 12 11 21 11 13 21
G 22 0203040506000106070803000102080904000103090a050001040a0b060001050b0c07020002060c0d080002070d0e0f100903000308100a040004091011120b0500050a12130c0600060b13140d0700070c140e0800080d14150f00080e1516111000080f110a09000a100f1612000a1116130b000b121615140c000c13150e0d000e1413160f000f1513121100 40 0 1 2 0 2 3 0 3 4 0 4 5 0 5 1 1 2 6 1 6 7 1 7 8 1 8 9 1 9 10 1 10 5 2 3 11 2 11 12 2 12 6 3 4 13 3 13 11 4 5 14 4 14 15 4 15 16 4 16 13 5 10 14 10 9 17 10 17 14 14 17 15 17 9 18 17 18 15 9 8 18 15 18 16 18 8 19 18 19 16 8 7 19 16 19 20 16 20 13 19 7 21 19 21 20 7 6 21 6 12 21 13 20 11 20 21 12 20 12 11
G 22 0203040506000106070803000102080904000103090a050001040a0b060001050b0c07020002060c0d080002070d0e09030003080e0f100a04000409100b0500050a101112130c0600060b130d0700070c1314150e0800080d150f0900090e1516111000090f110b0a000b100f1612000b11161413000b12140d0c000d13121615000d14160f0e000f1514121100 40 0 1 2 0 2 3 0 3 4 0 4 5 0 5 1 1 2 6 1 6 7 1 7 8 1 8 9 1 9 10 1 10 5 2 3 11 2 11 12 2 12 6 3 4 13 3 13 11 4 5 14 4 14 15 4 15 16 4 16 13 5 10 14 10 9 17 10 17 14 14 17 15 17 9 18 17 18 15 9 8 18 15 18 16 18 8 19 18 19 16 8 7 19 16 19 13 19 7 20 19 20 21 19 21 13 13 21 11 7 6 20 6 12 20 11 21 12 21 20 12
G 22 0203040506000106070803000102080904000103090a050001040a0b060001050b07020002060b0c080002070c0d0e09030003080e0f100a0400040910110b0500050a1112130c070600070b130d0800080c13140e00080d140f0900090e1415161000090f16110a000a1016120b000b11161513000b1215140d0c000d13150f0e000f14131216000f1512111000 40 0 1 2 0 2 3 0 3 4 0 4 5 0 5 1 1 2 6 1 6 7 1 7 8 1 8 9 1 9 10 1 10 5 2 3 11 2 11 12 2 12 6 3 4 13 3 13 11 4 5 14 4 14 15 4 15 16 4 16 13 5 10 14 10 9 17 10 17 14 14 17 15 17 9 18 17 18 15 9 8 18 15 18 16 18 8 16 8 7 19 8 19 16 16 19 20 16 20 13 13 20 11 11 20 12 20 19 21 20 21 12 19 7 21 7 6 21 6 12 21
G 22 0203040506000106070803000102080904000103090a050001040a0b060001050b0c0d0e07020002060e0f080002070f100903000308101112130a04000409130b0500050a13140c0600060b14150d00060c15160e00060d160f0700070e16100800080f161109000910161512000911151413000912140b0a000b1312150c000c141211160d000d1511100f0e00 40 0 1 2 0 2 3 0 3 4 0 4 5 0 5 1 1 2 6 1 6 7 1 7 8 1 8 9 1 9 10 1 10 5 2 3 11 2 11 12 2 12 6 3 4 13 3 13 11 4 5 14 4 14 15 4 15 13 5 10 14 10 9 16 10 16 14 14 16 17 14 17 15 16 9 18 16 18 17 9 8 18 8 7 19 8 19 18 18 19 20 18 20 17 17 20 15 15 20 13 20 19 21 20 21 12 20 12 11 20 11 13 19 7 21 7 6 21 6 12 21
G 22 0203040506000106070803000102080904000103090a050001040a0b060001050b0c0d07020002060d0e0f080002070f09030003080f1011120a04000409120b0500050a12130c0600060b13140d00060c14150e0700070d15100f00070e10090800090f0e151611000910161312000911130b0a000b121116140c000c1316150d000d1416100e00101514131100 40 0 1 2 0 2 3 0 3 4 0 4 5 0 5 1 1 2 6 1 6 7 1 7 8 1 8 9 1 9 10 1 10 5 2 3 11 2 11 12 2 12 6 3 4 13 3 13 11 4 5 14 4 14 15 4 15 13 5 10 14 10 9 16 10 16 14 14 16 17 14 17 15 16 9 18 16 18 17 9 8 18 8 7 19 8 19 18 18 19 17 17 19 20 17 20 21 17 21 15 19 7 20 7 6 20 6 12 20 20 12 21 12 11 21 11 13 21 21 13 15
G 22 0203040506000106070803000102080904000103090a050001040a0b060001050b0c0d0e07020002060e0f080002070f10090300030810110a0400040911120b0500050a120c0600060b12130d00060c1314150e00060d150f0700070e15100800080f151416110900091016120a000a1116130c0b000c1216140d000d13161015000d14100f0e00101413121100 40 0 1 2 0 2 3 0 3 4 0 4 5 0 5 1 1 2 6 1 6 7 1 7 8 1 8 9 1 9 10 1 10 5 2 3 11 2 11 12 2 12 6 3 4 13 3 13 11 4 5 14 4 14 15 4 15 13 5 10 14 10 9 16 10 16 14 14 16 17 14 17 15 16 9 18 16 18 17 9 8 18 8 7 19 8 19 18 18 19 17 17 19 20 17 20 15 19 7 21 19 21 20 7 6 21 6 12 21 15 20 13 20 21 12 20 12 11 20 11 13
G 22 0203040506000106070803000102080904000103090a050001040a0b060001050b0c07020002060c0d080002070d0e0f100903000308100a040004091011120b0500050a12130c0600060b13140d0700070c140e0800080d1415160f00080e16111000080f110a09000a100f1612000a111615130b000b1215140c000c13150e0d000e14131216000e1512110f00 40 0 1 2 0 2 3 0 3 4 0 4 5 0 5 1 1 2 6 1 6 7 1 7 8 1 8 9 1 9 10 1 10 5 2 3 11 2 11 12 2 12 6 3 4 13 3 13 11 4 5 14 4 14 15 4 15 13 5 10 14 10 9 16 10 16 14 14 16 17 14 17 15 16 9 18 16 18 17 9 8 18 8 7 19 8 19 18 18 19 17 17 19 15 19 7 20 19 20 21 19 21 15 15 21 13 7 6 20 6 12 20 13 21 11 21 20 12 21 12 11
G 22 0203040506000106070803000102080904000103090a050001040a0b060001050b0c07020002060c0d080002070d0e09030003080e0f100a0400040910110b0500050a110c0600060b111213140d0700070c140e0800080d14150f0900090e15161000090f1612110a000a10120c0b000c11101613000c12161514000c13150e0d000e1413160f000f1513121000 40 0 1 2 0 2 3 0 3 4 0 4 5 0 5 1 1 2 6 1 6 7 1 7 8 1 8 9 1 9 10 1 10 5 2 3 11 2 11 12 2 12 6 3 4 13 3 13 11 4 5 14 4 14 15 4 15 13 5 10 14 10 9 16 10 16 14 14 16 17 14 17 15 16 9 18 16 18 17 9 8 18 8 7 19 8 19 18 18 19 17 17 19 15 19 7 20 19 20 15 15 20 21 15 21 13 7 6 20 6 12 20 20 12 21 12 11 21 11 13 21
G 22 0203040506000106070803000102080904000103090a050001040a0b060001050b07020002060b0c080002070c0d09030003080d0e0f100a0400040910110b0500050a1112130c070600070b130d0800080c13140e0900090d14150f00090e15161000090f16110a000a1016120b000b1116151413000b12140d0c000d1312150e000e1412160f000f1512111000 40 0 1 2 0 2 3 0 3 4 0 4 5 0 5 1 1 2 6 1 6 7 1 7 8 1 8 9 1 9 10 1 10 5 2 3 11 2 11 12 2 12 6 3 4 13 3 13 11 4 5 14 4 14 15 4 15 13 5 10 14 10 9 16 10 16 14 14 16 17 14 17 15 16 9 18 16 18 17 9 8 18 8 7 19 8 19 18 18 19 17 17 19 15 19 7 15 15 7 20 15 20 21 15 21 13 7 6 20 6 12 20 13 21 11 20 12 21 12 11 21
G 22 0203040506000106070803000102080904000103090a050001040a0b060001050b0c07020002060c0d080002070d0e0f100903000308100a040004091011120b0500050a1213140c0600060b140d0700070c14150e0800080d15160f00080e16111000080f110a09000a100f1612000a1116130b000b12161514000b13150d0c000d1413160e000e151312110f00 40 0 1 2 0 2 3 0 3 4 0 4 5 0 5 1 1 2 6 1 6 7 1 7 8 1 8 9 1 9 10 1 10 5 2 3 11 2 11 12 2 12 6 3 4 13 3 13 11 4 5 14 4 14 15 4 15 13 5 10 14 10 9 16 10 16 14 14 16 15 16 9 17 16 17 18 16 18 19 16 19 15 9 8 17 15 19 13 13 19 11 19 18 20 19 20 12 19 12 11 12 20 6 6 20 7 20 18 21 20 21 7 18 17 21 17 8 21 8 7 21
G 22 0203040506000106070803000102080904000103090a050001040a0b060001050b0c0d07020002060d0e080002070e09030003080e0f10110a04000409110b0500050a1112130c0600060b13140d00060c14150e0700070d150f090800090e15161000090f161211000910120b0a000b11101613000b1216140c000c1316150d000d14160f0e000f151413121000 40 0 1 2 0 2 3 0 3 4 0 4 5 0 5 1 1 2 6 1 6 7 1 7 8 1 8 9 1 9 10 1 10 5 2 3 11 2 11 12 2 12 6 3 4 13 3 13 11 4 5 14 4 14 15 4 15 13 5 10 14 10 9 16 10 16 14 14 16 15 16 9 17 16 17 18 16 18 19 16 19 15 9 8 17 15 19 13 13 19 11 19 18 11 11 18 12 18 17 20 18 20 21 18 21 12 17 8 20 8 7 20 12 21 6 20 7 21 7 6 21
G 22 0203040506000106070803000102080904000103090a050001040a0b0c060001050c0d0e07020002060e0f080002070f100903000308101112130a04000409130b0500050a13140c00050b140d0600060c1415160e00060d160f0700070e16100800080f161109000910161512000911151413000912140b0a000b1312150d0c000d14121116000d1511100f0e00 40 0 1 2 0 2 3 0 3 4 0 4 5 0 5 1 1 2 6 1 6 7 1 7 8 1 8 9 1 9 10 1 10 5 2 3 11 2 11 12 2 12 6 3 4 13 3 13 11 4 5 14 4 14 15 4 15 13 5 10 14 10 9 16 10 16 14 14 16 15 16 9 17 16 17 18 16 18 15 9 8 17 15 18 19 15 19 13 13 19 11 11 19 12 19 18 20 19 20 21 19 21 12 18 17 20 17 8 20 8 7 20 20 7 21 7 6 21 6 12 21
G 22 0203040506000106070803000102080904000103090a050001040a0b060001050b0c0d0e07020002060e0f080002070f10090300030810110a0400040911120b0500050a120c0600060b12130d00060c13140e00060d14150f0700070e15100800080f151611090009101613120a000a11130c0b000c121116140d000d1316150e000e1416100f00101514131100 40 0 1 2 0 2 3 0 3 4 0 4 5 0 5 1 1 2 6 1 6 7 1 7 8 1 8 9 1 9 10 1 10 5 2 3 11 2 11 12 2 12 6 3 4 13 3 13 11 4 5 14 4 14 15 4 15 13 5 10 14 10 9 16 10 16 14 14 16 15 16 9 17 16 17 18 16 18 15 9 8 17 15 18 19 15 19 13 13 19 11 11 19 12 19 18 20 19 20 12 18 17 21 18 21 20 17 8 21 8 7 21 12 20 6 20 21 7 20 7 6
G 22 0203040506000106070803000102080904000103090a050001040a0b060001050b0c07020002060c0d080002070d0e0f09030003080f10110a04000409110b0500050a111213140c0600060b140d0700070c14150e0800080d15160f00080e16100900090f161211000910120b0a000b11101613000b12161514000b13150d0c000d1413160e000e151312100f00 40 0 1 2 0 2 3 0 3 4 0 4 5 0 5 1 1 2 6 1 6 7 1 7 8 1 8 9 1 9 10 1 10 5 2 3 11 2 11 12 2 12 6 3 4 13 3 13 11 4 5 14 4 14 15 4 15 13 5 10 14 10 9 16 10 16 14 14 16 15 16 9 17 16 17 18 16 18 15 9 8 17 15 18 13 13 18 19 13 19 20 13 20 11 18 17 19 17 8 19 8 7 19 19 7 21 19 21 20 7 6 21 6 12 21 11 20 12 20 21 12
G 22 0203040506000106070803000102080904000103090a050001040a0b060001050b0c0d0e07020002060e0f080002070f1009030003081011120a0400040912130b0500050a130c0600060b13140d00060c14150e00060d15160f0700070e16100800080f1611090009101615141200091114130a000a12140c0b000c131211150d000d1411160e000e1511100f00 40 0 1 2 0 2 3 0 3 4 0 4 5 0 5 1 1 2 6 1 6 7 1 7 8 1 8 9 1 9 10 1 10 5 2 3 11 2 11 12 2 12 6 3 4 13 3 13 11 4 5 14 4 14 15 4 15 13 5 10 14 10 9 16 10 16 14 14 16 15 16 9 17 16 17 18 16 18 15 9 8 17 15 18 13 13 18 19 13 19 11 18 17 20 18 20 21 18 21 19 17 8 20 8 7 20 11 19 12 19 21 12 20 7 21 7 6 21 21 6 12
G 22 0203040506000106070803000102080904000103090a050001040a0b0c060001050c0d07020002060d0e080002070e0f09030003080f1011120a04000409120b0500050a12130c00050b13140d0600060c14150e0700070d150f0800080e15100900090f151611000910161312000911130b0a000b121116140c000c1316150d000d1416100f0e00101514131100 40 0 1 2 0 2 3 0 3 4 0 4 5 0 5 1 1 2 6 1 6 7 1 7 8 1 8 9 1 9 10 1 10 5 2 3 11 2 11 12 2 12 6 3 4 13 3 13 11 4 5 14 4 14 15 4 15 13 5 10 14 10 9 16 10 16 14 14 16 15 16 9 17 16 17 18 16 18 15 9 8 17 15 18 13 13 18 19 13 19 11 18 17 20 18 20 19 17 8 20 8 7 20 11 19 12 19 20 21 19 21 12 20 7 21 7 6 21 6 12 21
G 22 0203040506000106070803000102080904000103090a050001040a0b060001050b0c0d07020002060d0e080002070e0f09030003080f1011120a04000409120b0500050a12130c0600060b13140d00060c14150e0700070d150f0800080e15100900090f151611000910161312000911130b0a000b121116140c000c1316150d000d1416100f0e00101514131100 40 0 1 2 0 2 3 0 3 4 0 4 5 0 5 1 1 2 6 1 6 7 1 7 8 1 8 9 1 9 10 1 10 5 2 3 11 2 11 12 2 12 6 3 4 13 3 13 11 4 5 14 4 14 15 4 15 13 5 10 14 10 9 16 10 16 14 14 16 15 16 9 17 16 17 18 16 18 15 9 8 17 15 18 13 13 18 19 13 19 11 18 17 19 17 8 20 17 20 19 8 7 20 11 19 12 19 20 21 19 21 12 20 7 21 7 6 21 6 12 21
G 22 0203040506000106070803000102080904000103090a050001040a0b060001050b0c07020002060c0d080002070d0e0f10090300030810110a0400040911120b0500050a1213140c0600060b140d0700070c140e0800080d14150f00080e15161000080f16110900091016120a000a1116130b000b12161514000b13150e0d0c000e1413160f000f151312111000 40 0 1 2 0 2 3 0 3 4 0 4 5 0 5 1 1 2 6 1 6 7 1 7 8 1 8 9 1 9 10 1 10 5 2 3 11 2 11 12 2 12 6 3 4 13 3 13 11 4 5 14 4 14 15 4 15 13 5 10 14 10 9 16 10 16 14 14 16 15 16 9 17 16 17 18 16 18 15 9 8 17 15 18 13 13 18 11 18 17 19 18 19 20 18 20 11 11 20 12 17 8 19 8 7 19 19 7 21 19 21 20 7 6 21 6 12 21 12 20 21
G 22 0203040506000106070803000102080904000103090a050001040a0b060001050b0c07020002060c0d0e080002070e09030003080e0f10110a0400040911120b0500050a12130c0600060b13140d0700070c14150f0e00070d0f090800090e0d151000090f15161100091016120a000a1116130b000b1216140c000c1316150d000d1416100f0010151413121100 40 0 1 2 0 2 3 0 3 4 0 4 5 0 5 1 1 2 6 1 6 7 1 7 8 1 8 9 1 9 10 1 10 5 2 3 11 2 11 12 2 12 6 3 4 13 3 13 11 4 5 14 4 14 15 4 15 13 5 10 14 10 9 16 10 16 14 14 16 15 16 9 17 16 17 18 16 18 15 9 8 17 15 18 13 13 18 11 18 17 19 18 19 11 11 19 12 17 8 20 17 20 19 8 7 20 19 20 21 19 21 12 20 7 21 7 6 21 6 12 21
G 22 0203040506000106070803000102080904000103090a050001040a0b060001050b07020002060b0c080002070c0d0e09030003080e0f100a0400040910110b0500050a1112130c070600070b130d0800080c1314150e00080d150f0900090e15161000090f16110a000a1016120b000b11161413000b12140d0c000d13121615000d14160f0e000f151412111000 40 0 1 2 0 2 3 0 3 4 0 4 5 0 5 1 1 2 6 1 6 7 1 7 8 1 8 9 1 9 10 1 10 5 2 3 11 2 11 12 2 12 6 3 4 13 3 13 11 4 5 14 4 14 15 4 15 13 5 10 14 10 9 16 10 16 14 14 16 15 16 9 17 16 17 18 16 18 15 9 8 17 15 18 13 13 18 11 18 17 11 11 17 19 11 19 12 17 8 20 17 20 19 8 7 20 7 6 21 7 21 20 6 12 21 12 19 21 19 20 21
G 22 0203040506000106070803000102080904000103090a050001040a0b060001050b0c07020002060c0d080002070d09030003080d0e0f100a0400040910110b0500050a11120c0600060b1213140d0700070c140e090800090d14150f00090e15161000090f16110a000a1016120b000b1116130c000c12161514000c13150e0d000e1413160f000f151312111000 40 0 1 2 0 2 3 0 3 4 0 4 5 0 5 1 1 2 6 1 6 7 1 7 8 1 8 9 1 9 10 1 10 5 2 3 11 2 11 12 2 12 6 3 4 13 3 13 11 4 5 14 4 14 15 4 15 13 5 10 14 10 9 16 10 16 14 14 16 15 16 9 17 16 17 15 9 8 18 9 18 17 15 17 13 17 18 19 17 19 11 17 11 13 11 19 12 19 18 20 19 20 21 19 21 12 18 8 20 8 7 20 12 21 6 20 7 21 7 6 21
G 22 0203040506000106070803000102080904000103090a050001040a0b060001050b0c07020002060c0d080002070d0e0f10090300030810110a0400040911120b0500050a12130c0600060b130d0700070c13140e0800080d14150f00080e15161000080f16110900091016120a000a11161514130b000b12140d0c000d1312150e000e1412160f000f1512111000 40 0 1 2 0 2 3 0 3 4 0 4 5 0 5 1 1 2 6 1 6 7 1 7 8 1 8 9 1 9 10 1 10 5 2 3 11 2 11 12 2 12 6 3 4 13 3 13 11 4 5 14 4 14 15 4 15 13 5 10 14 10 9 16 10 16 14 14 16 15 16 9 17 16 17 15 9 8 18 9 18 17 15 17 13 17 18 19 17 19 13 13 19 11 11 19 12 19 18 20 19 20 21 19 21 12 18 8 20 8 7 20 12 21 6 20 7 21 7 6 21
G 22 0203040506000106070803000102080904000103090a050001040a0b060001050b0c07020002060c0d080002070d0e0f10090300030810110a04000409110b0500050a111213140c0600060b140d0700070c14150e0800080d15160f00080e16121000080f121109000910120b0a000b11100f1613000b12161514000b13150d0c000d1413160e000e1513120f00 40 0 1 2 0 2 3 0 3 4 0 4 5 0 5 1 1 2 6 1 6 7 1 7 8 1 8 9 1 9 10 1 10 5 2 3 11 2 11 12 2 12 6 3 4 13 3 13 11 4 5 14 4 14 15 4 15 13 5 10 14 10 9 16 10 16 14 14 16 15 16 9 17 16 17 15 9 8 18 9 18 17 15 17 13 17 18 13 13 18 19 13 19 20 13 20 11 18 8 19 8 7 19 11 20 12 19 7 21 19 21 20 7 6 21 6 12 21 12 20 21
G 22 0203040506000106070803000102080904000103090a050001040a0b060001050b0c0d0e07020002060e0f080002070f09030003080f1011120a04000409120b0500050a12130c0600060b13140d00060c1415160e00060d160f0700070e1610090800090f16151100091015141312000911130b0a000b1211140c000c1311150d000d14111016000d15100f0e00 40 0 1 2 0 2 3 0 3 4 0 4 5 0 5 1 1 2 6 1 6 7 1 7 8 1 8 9 1 9 10 1 10 5 2 3 11 2 11 12 2 12 6 3 4 13 3 13 11 4 5 14 4 14 15 4 15 13 5 10 14 10 9 16 10 16 14 14 16 15 16 9 17 16 17 15 9 8 17 15 17 18 15 18 19 15 19 20 15 20 13 17 8 18 8 7 18 13 20 11 18 7 19 7 6 21 7 21 19 6 12 21 11 20 12 20 19 21 20 21 12
G 22 0203040506000106070803000102080904000103090a050001040a0b060001050b0c0d07020002060d0e080002070e0f09030003080f1011120a04000409120b0500050a12130c0600060b13140d00060c1415160e0700070d160f0800080e16100900090f16151100091015141312000911130b0a000b1211140c000c1311150d000d14111016000d15100f0e00 40 0 1 2 0 2 3 0 3 4 0 4 5 0 5 1 1 2 6 1 6 7 1 7 8 1 8 9 1 9 10 1 10 5 2 3 11 2 11 12 2 12 6 3 4 13 3 13 11 4 5 14 4 14 15 4 15 13 5 10 14 10 9 16 10 16 14 14 16 15 16 9 17 16 17 15 9 8 17 15 17 18 15 18 19 15 19 13 17 8 18 8 7 20 8 20 18 13 19 11 18 20 19 11 19 12 19 20 21 19 21 12 20 7 21 7 6 21 6 12 21
G 22 0203040506000106070803000102080904000103090a050001040a0b060001050b0c07020002060c0d080002070d0e09030003080e0f0a040004090f100b0500050a101112130c0600060b130d0700070c13140e0800080d1415160f0900090e16100a000a0f16110b000b10161512000b11151413000b12140d0c000d1312150e000e14121116000e1511100f00 40 0 1 2 0 2 3 0 3 4 0 4 5 0 5 1 1 2 6 1 6 7 1 7 8 1 8 9 1 9 10 1 10 5 2 3 11 2 11 12 2 12 6 3 4 13 3 13 11 4 5 14 4 14 15 4 15 13 5 10 14 10 9 16 10 16 14 14 16 15 16 9 17 16 17 15 9 8 17 15 17 18 15 18 19 15 19 13 17 8 18 8 7 18 13 19 20 13 20 11 18 7 19 7 6 21 7 21 19 19 21 20 6 12 21 11 20 12 20 21 12
G 22 0203040506000106070803000102080904000103090a050001040a0b060001050b0c0d07020002060d0e080002070e0f09030003080f100a04000409101112130b0500050a130c0600060b13140d00060c1415160e0700070d160f0800080e16100900090f16110a000a10161512000a11151413000a12140c0b000c1312150d000d14121116000d1511100f0e00 40 0 1 2 0 2 3 0 3 4 0 4 5 0 5 1 1 2 6 1 6 7 1 7 8 1 8 9 1 9 10 1 10 5 2 3 11 2 11 12 2 12 6 3 4 13 3 13 11 4 5 14 4 14 15 4 15 13 5 10 14 10 9 16 10 16 14 14 16 15 16 9 17 16 17 15 9 8 17 15 17 18 15 18 19 15 19 13 17 8 18 8 7 18 13 19 11 18 7 20 18 20 21 18 21 19 7 6 20 6 12 20 11 19 21 11 21 12 21 20 12
G 22 0203040506000106070803000102080904000103090a050001040a0b060001050b0c07020002060c0d0e080002070e0f09030003080f1011120a04000409120b0500050a1213140c0600060b140d0700070c14150e00070d150f0800080e15100900090f151611000910161312000911130b0a000b12111614000b1316150d0c000d1416100f0e00101514131100 40 0 1 2 0 2 3 0 3 4 0 4 5 0 5 1 1 2 6 1 6 7 1 7 8 1 8 9 1 9 10 1 10 5 2 3 11 2 11 12 2 12 6 3 4 13 3 13 11 4 5 14 4 14 15 4 15 13 5 10 14 10 9 16 10 16 14 14 16 15 16 9 17 16 17 15 9 8 17 15 17 18 15 18 13 17 8 19 17 19 20 17 20 18 8 7 19 13 18 11 18 20 11 11 20 12 20 19 21 20 21 12 19 7 21 7 6 21 6 12 21
G 22 0203040506000106070803000102080904000103090a050001040a0b060001050b0c0d0e07020002060e0f080002070f10090300030810110a0400040911120b0500050a120c0600060b12130d00060c13140e00060d14150f0700070e15100800080f1516110900091016120a000a1116130c0b000c1216140d000d1316150e000e1416100f0010151413121100 40 0 1 2 0 2 3 0 3 4 0 4 5 0 5 1 1 2 6 1 6 7 1 7 8 1 8 9 1 9 10 1 10 5 2 3 11 2 11 12 2 12 6 3 4 13 3 13 11 4 5 14 4 14 15 4 15 13 5 10 14 10 9 16 10 16 14 14 16 15 16 9 17 16 17 15 9 8 17 15 17 18 15 18 13 17 8 19 17 19 18 8 7 19 13 18 20 13 20 11 18 19 20 19 7 21 19 21 20 7 6 21 6 12 21 11 20 12 20 21 12
G 22 0203040506000106070803000102080904000103090a050001040a0b060001050b0c07020002060c0d080002070d0e0f10090300030810110a0400040911120b0500050a12130c0600060b13140d0700070c140e0800080d14150f00080e15161000080f16110900091016120a000a1116130b000b121615140c000c13150e0d000e1413160f000f151312111000 40 0 1 2 0 2 3 0 3 4 0 4 5 0 5 1 1 2 6 1 6 7 1 7 8 1 8 9 1 9 10 1 10 5 2 3 11 2 11 12 2 12 6 3 4 13 3 13 11 4 5 14 4 14 15 4 15 13 5 10 14 10 9 16 10 16 14 14 16 15 16 9 17 16 17 15 9 8 17 15 17 18 15 18 13 17 8 19 17 19 18 8 7 19 13 18 11 18 19 20 18 20 11 11 20 12 19 7 21 19 21 20 7 6 21 6 12 21 12 20 21
G 22 0203040506000106070803000102080904000103090a050001040a0b060001050b0c07020002060c0d080002070d0e09030003080e0f10110a0400040911120b0500050a12130c0600060b13140d0700070c140e0800080d140f0900090e14151000090f15161100091016120a000a1116130b000b121615140c000c13150f0e0d000f1413161000101513121100 40 0 1 2 0 2 3 0 3 4 0 4 5 0 5 1 1 2 6 1 6 7 1 7 8 1 8 9 1 9 10 1 10 5 2 3 11 2 11 12 2 12 6 3 4 13 3 13 11 4 5 14 4 14 15 4 15 13 5 10 14 10 9 16 10 16 14 14 16 15 16 9 17 16 17 15 9 8 17 15 17 18 15 18 13 17 8 18 8 7 19 8 19 18 13 18 20 13 20 11 18 19 20 11 20 12 20 19 21 20 21 12 19 7 21 7 6 21 6 12 21
G 22 0203040506000106070803000102080904000103090a050001040a0b060001050b07020002060b0c0d080002070d0e09030003080e0f100a0400040910110b0500050a1112130c070600070b13140d00070c140e0800080d140f0900090e1415161000090f16110a000a1016120b000b11161513000b1215140c000c13150f0e0d000f14131216000f1512111000 40 0 1 2 0 2 3 0 3 4 0 4 5 0 5 1 1 2 6 1 6 7 1 7 8 1 8 9 1 9 10 1 10 5 2 3 11 2 11 12 2 12 6 3 4 13 3 13 11 4 5 14 4 14 15 4 15 13 5 10 14 10 9 16 10 16 14 14 16 15 16 9 17 16 17 15 9 8 17 15 17 18 15 18 13 17 8 18 8 7 19 8 19 18 13 18 11 18 19 20 18 20 11 11 20 12 20 19 21 20 21 12 19 7 21 7 6 21 6 12 21
G 22 0203040506000106070803000102080904000103090a050001040a0b060001050b0c07020002060c0d080002070d0e09030003080e0f0a040004090f1011120b0500050a120c0600060b1213140d0700070c14150e0800080d150f0900090e15100a000a0f151611000a10161312000a11130c0b000c12111614000c1316150d000d1416100f0e00101514131100 40 0 1 2 0 2 3 0 3 4 0 4 5 0 5 1 1 2 6 1 6 7 1 7 8 1 8 9 1 9 10 1 10 5 2 3 11 2 11 12 2 12 6 3 4 13 3 13 11 4 5 14 4 14 15 4 15 13 5 10 14 10 9 16 10 16 14 14 16 15 16 9 17 16 17 15 9 8 17 15 17 13 17 8 18 17 18 19 17 19 13 13 19 11 8 7 18 11 19 20 11 20 12 19 18 20 18 7 21 18 21 20 7 6 21 6 12 21 12 20 21
G 22 0203040506000106070803000102080904000103090a050001040a0b060001050b0c07020002060c0d080002070d0e0f100903000308100a0400040910110b0500050a111213140c0600060b140d0700070c14150e0800080d15160f00080e1612111000080f110a09000a100f120b000b110f1613000b12161514000b13150d0c000d1413160e000e1513120f00 40 0 1 2 0 2 3 0 3 4 0 4 5 0 5 1 1 2 6 1 6 7 1 7 8 1 8 9 1 9 10 1 10 5 2 3 11 2 11 12 2 12 6 3 4 13 3 13 11 4 5 14 4 14 15 4 15 13 5 10 14 10 9 16 10 16 14 14 16 15 16 9 17 16 17 15 9 8 17 15 17 13 17 8 18 17 18 13 13 18 19 13 19 20 13 20 11 8 7 18 11 20 12 18 7 19 7 6 21 7 21 19 6 12 21 12 20 21 20 19 21
G 22 0203040506000106070803000102080904000103090a050001040a0b060001050b07020002060b0c080002070c0d0e09030003080e0f100a0400040910110b0500050a1112130c070600070b130d0800080c13140e00080d14150f0900090e15161000090f16110a000a1016120b000b1116151413000b12140d0c000d1312150e000e1412160f000f1512111000 40 0 1 2 0 2 3 0 3 4 0 4 5 0 5 1 1 2 6 1 6 7 1 7 8 1 8 9 1 9 10 1 10 5 2 3 11 2 11 12 2 12 6 3 4 13 3 13 11 4 5 14 4 14 13 5 10 15 5 15 14 10 9 16 10 16 15 9 8 17 9 17 16 8 7 18 8 18 17 7 6 19 7 19 18 6 12 19 12 11 20 12 20 19 11 13 21 11 21 17 11 17 20 17 18 20 18 19 20 17 21 16 13 14 21 14 15 21 21 15 16
G 22 0203040506000106070803000102080904000103090a050001040a0b060001050b0c07020002060c0d080002070d0e0f10090300030810110a0400040911120b0500050a121314150c0600060b150d0700070c150e0800080d15140f00080e1413161000080f16110900091016120a000a1116130b000b12160f14000b130f0e15000b140e0d0c000f1312111000 40 0 1 2 0 2 3 0 3 4 0 4 5 0 5 1 1 2 6 1 6 7 1 7 8 1 8 9 1 9 10 1 10 5 2 3 11 2 11 12 2 12 6 3 4 13 3 13 11 4 5 14 4 14 13 5 10 15 5 15 14 10 9 16 10 16 15 9 8 17 9 17 16 8 7 18 8 18 17 7 6 19 7 19 18 6 12 19 12 11 20 12 20 19 11 13 21 11 21 20 13 14 21 14 15 21 15 16 21 21 16 17 21 17 18 21 18 20 18 19 20
G 22 0203040506000106070803000102080904000103090a050001040a0b060001050b0c07020002060c0d080002070d0e0f09030003080f100a0400040910110b0500050a111213140c0600060b140d0700070c140e0800080d1413150f00080e1516100900090f16110a000a1016120b000b11161513000b12150e14000b130e0d0c000e1312160f000f1512111000 40 0 1 2 0 2 3 0 3 4 0 4 5 0 5 1 1 2 6 1 6 7 1 7 8 1 8 9 1 9 10 1 10 5 2 3 11 2 11 12 2 12 6 3 4 13 3 13 11 4 5 14 4 14 13 5 10 15 5 15 14 10 9 16 10 16 15 9 8 17 9 17 16 8 7 18 8 18 17 7 6 19 7 19 18 6 12 19 12 11 20 12 20 19 11 13 21 11 21 20 13 14 21 14 15 21 15 16 21 21 16 17 21 17 20 17 18 20 20 18 19
G 22 0203040506000106070803000102080904000103090a050001040a0b060001050b07020002060b0c080002070c0d0e0f09030003080f100a0400040910110b0500050a1112130c070600070b130d0800080c13140e00080d14150f00080e1516100900090f16110a000a1016120b000b1116151413000b12140d0c000d1312150e000e1412160f000f1512111000 40 0 1 2 0 2 3 0 3 4 0 4 5 0 5 1 1 2 6 1 6 7 1 7 8 1 8 9 1 9 10 1 10 5 2 3 11 2 11 12 2 12 6 3 4 13 3 13 11 4 5 14 4 14 13 5 10 15 5 15 14 10 9 16 10 16 15 9 8 17 9 17 16 8 7 18 8 18 17 7 6 19 7 19 18 6 12 19 12 11 20 12 20 19 11 13 17 17 18 20 17 20 11 18 19 20 17 13 21 17 21 16 13 14 21 14 15 21 15 16 21
G 22 0203040506000106070803000102080904000103090a050001040a0b060001050b0c07020002060c0d080002070d0e0f10090300030810110a04000409110b0500050a111213140c0600060b140d0700070c140e0800080d14150f00080e15161000080f16121109000910120b0a000b11101613000b12161514000b13150e0d0c000e1413160f000f1513121000 40 0 1 2 0 2 3 0 3 4 0 4 5 0 5 1 1 2 6 1 6 7 1 7 8 1 8 9 1 9 10 1 10 5 2 3 11 2 11 12 2 12 6 3 4 13 3 13 11 4 5 14 4 14 13 5 10 15 5 15 14 10 9 16 10 16 15 9 8 17 9 17 16 8 7 18 8 18 17 7 6 19 7 19 18 6 12 19 12 11 20 12 20 19 11 13 20 13 14 21 13 21 17 13 17 18 13 18 20 18 19 20 17 21 16 14 15 21 15 16 21
G 22 0203040506000106070803000102080904000103090a050001040a0b060001050b0c07020002060c0d080002070d0e09030003080e0f10110a04000409110b0500050a1112130c0600060b1314150d0700070c150e0800080d150f0900090e1514161000090f161211000910120b0a000b11101613000b1216140c000c13160f15000c140f0e0d000f1413121000 40 0 1 2 0 2 3 0 3 4 0 4 5 0 5 1 1 2 6 1 6 7 1 7 8 1 8 9 1 9 10 1 10 5 2 3 11 2 11 12 2 12 6 3 4 13 3 13 11 4 5 14 4 14 13 5 10 15 5 15 14 10 9 16 10 16 15 9 8 17 9 17 16 8 7 18 8 18 17 7 6 19 7 19 18 6 12 19 12 11 20 12 20 19 11 13 20 13 14 21 13 21 17 13 17 20 17 18 20 20 18 19 17 21 16 14 15 21 15 16 21
G 22 0203040506000106070803000102080904000103090a050001040a0b060001050b0c0d07020002060d0e080002070e0f09030003080f1011120a04000409120b0500050a12130c0600060b1314150d00060c15160e0700070d160f0800080e16100900090f16151411000910141312000911130b0a000b1211140c000c13111015000c1410160d000d15100f0e00 40 0 1 2 0 2 3 0 3 4 0 4 5 0 5 1 1 2 6 1 6 7 1 7 8 1 8 9 1 9 10 1 10 5 2 3 11 2 11 12 2 12 6 3 4 13 3 13 11 4 5 14 4 14 13 5 10 15 5 15 14 10 9 16 10 16 15 9 8 17 9 17 16 8 7 18 8 18 17 7 6 19 7 19 18 6 12 19 12 11 20 12 20 19 11 13 20 13 14 21 13 21 20 14 15 21 15 16 21 16 17 21 21 17 18 21 18 20 18 19 20
G 22 0203040506000106070803000102080904000103090a050001040a0b060001050b0c0d07020002060d0e080002070e0f09030003080f1011120a0400040912130b0500050a130c0600060b1314150d00060c15160e0700070d160f0800080e16100900090f16151100091015141200091114130a000a12140c0b000c13121115000c141110160d000d15100f0e00 40 0 1 2 0 2 3 0 3 4 0 4 5 0 5 1 1 2 6 1 6 7 1 7 8 1 8 9 1 9 10 1 10 5 2 3 11 2 11 12 2 12 6 3 4 13 3 13 11 4 5 14 4 14 13 5 10 14 10 9 15 10 15 16 10 16 14 14 16 13 13 16 17 13 17 18 13 18 11 16 15 17 11 18 12 18 17 19 18 19 20 18 20 12 17 15 21 17 21 19 15 9 21 9 8 21 12 20 6 21 8 19 8 7 19 19 7 20 7 6 20
G 22 0203040506000106070803000102080904000103090a050001040a0b060001050b0c07020002060c0d080002070d0e09030003080e0f10110a0400040911120b0500050a12130c0600060b1314150d0700070c150e0800080d150f0900090e15141000090f14161100091016120a000a1116130b000b1216140c000c1316100f15000c140f0e0d00101413121100 40 0 1 2 0 2 3 0 3 4 0 4 5 0 5 1 1 2 6 1 6 7 1 7 8 1 8 9 1 9 10 1 10 5 2 3 11 2 11 12 2 12 6 3 4 13 3 13 11 4 5 14 4 14 13 5 10 14 10 9 15 10 15 16 10 16 14 14 16 13 13 16 17 13 17 11 16 15 18 16 18 17 11 17 12 17 18 19 17 19 20 17 20 12 12 20 6 6 20 7 20 19 7 7 19 8 19 18 21 19 21 8 18 15 21 15 9 21 9 8 21
G 22 0203040506000106070803000102080904000103090a050001040a0b060001050b07020002060b0c0d080002070d0e09030003080e0f100a0400040910110b0500050a1112130c070600070b13140d00070c140e0800080d14150f0900090e15161000090f16110a000a1016120b000b11161513000b1215140c000c13150e0d000e141312160f000f1512111000 40 0 1 2 0 2 3 0 3 4 0 4 5 0 5 1 1 2 6 1 6 7 1 7 8 1 8 9 1 9 10 1 10 5 2 3 11 2 11 12 2 12 6 3 4 13 3 13 11 4 5 14 4 14 13 5 10 14 10 9 15 10 15 16 10 16 14 14 16 13 13 16 11 16 15 17 16 17 18 16 18 11 11 18 12 18 17 19 18 19 20 18 20 12 12 20 6 6 20 7 20 19 7 7 19 8 19 17 21 19 21 8 17 15 21 15 9 21 9 8 21
G 22 0203040506000106070803000102080904000103090a050001040a0b060001050b0c07020002060c0d080002070d09030003080d0e0f100a04000409100b0500050a101112130c0600060b13140d0700070c140e090800090d1415160f00090e16111000090f110b0a000b100f1612000b11161513000b1215140c000c13150e0d000e14131216000e1512110f00 40 0 1 2 0 2 3 0 3 4 0 4 5 0 5 1 1 2 6 1 6 7 1 7 8 1 8 9 1 9 10 1 10 5 2 3 11 2 11 12 2 12 6 3 4 13 3 13 11 4 5 14 4 14 13 5 10 14 10 9 15 10 15 14 14 15 16 14 16 17 14 17 18 14 18 13 13 18 11 11 18 12 18 17 12 12 17 6 17 16 19 17 19 6 6 19 7 19 16 20 19 20 7 16 15 21 16 21 20 15 9 21 9 8 21 7 20 8 20 21 8
G 22 0203040506000106070803000102080904000103090a050001040a0b060001050b0c0d07020002060d0e080002070e0f100903000308100a04000409101112130b0500050a130c0600060b13140d00060c14150e0700070d15160f0800080e16111000080f110a09000a100f1612000a1116151413000a12140c0b000c1312150d000d1412160e000e1512110f00 40 0 1 2 0 2 3 0 3 4 0 4 5 0 5 1 1 2 6 1 6 7 1 7 8 1 8 9 1 9 10 1 10 5 2 3 11 2 11 12 2 12 6 3 4 13 3 13 11 4 5 14 4 14 13 5 10 14 10 9 15 10 15 14 14 15 16 14 16 17 14 17 13 13 17 18 13 18 11 11 18 12 18 17 19 18 19 20 18 20 12 17 16 19 12 20 6 6 20 7 20 19 7 19 16 21 19 21 8 19 8 7 16 15 21 15 9 21 9 8 21
G 22 0203040506000106070803000102080904000103090a050001040a0b060001050b0c0d07020002060d0e080002070e0f10110903000308110a040004091112130b0500050a13140c0600060b14150d00060c150e0700070d150f0800080e1514161000080f161211000810120a09000a11101613000a1216140b000b13160f150c000c140f0e0d000f1413121000 40 0 1 2 0 2 3 0 3 4 0 4 5 0 5 1 1 2 6 1 6 7 1 7 8 1 8 9 1 9 10 1 10 5 2 3 11 2 11 12 2 12 6 3 4 13 3 13 11 4 5 14 4 14 13 5 10 14 10 9 15 10 15 14 14 15 16 14 16 17 14 17 13 13 17 11 11 17 18 11 18 12 17 16 19 17 19 18 16 15 20 16 20 19 15 9 20 9 8 20 20 8 19 8 7 19 19 7 21 19 21 18 7 6 21 6 12 21 12 18 21
G 22 0203040506000106070803000102080904000103090a050001040a0b060001050b0c0d07020002060d0e080002070e0f09030003080f100a04000409101112130b0500050a130c0600060b13140d00060c14150e0700070d15160f0800080e16100900090f16110a000a10161512000a11151413000a12140c0b000c1312150d000d141211160e000e1511100f00 40 0 1 2 0 2 3 0 3 4 0 4 5 0 5 1 1 2 6 1 6 7 1 7 8 1 8 9 1 9 10 1 10 5 2 3 11 2 11 12 2 12 6 3 4 13 3 13 11 4 5 14 4 14 13 5 10 14 10 9 15 10 15 14 14 15 16 14 16 17 14 17 13 13 17 11 11 17 18 11 18 12 17 16 18 16 15 19 16 19 20 16 20 18 15 9 19 9 8 19 18 20 21 18 21 12 19 8 20 8 7 20 20 7 21 7 6 21 6 12 21
G 22 0203040506000106070803000102080904000103090a050001040a0b060001050b0c0d07020002060d0e080002070e0f09030003080f100a04000409101112130b0500050a130c0600060b13140d00060c140e0700070d1415160f0800080e16100900090f16110a000a10161512000a11151413000a12140c0b000c1312150e0d000e14121116000e1511100f00 40 0 1 2 0 2 3 0 3 4 0 4 5 0 5 1 1 2 6 1 6 7 1 7 8 1 8 9 1 9 10 1 10 5 2 3 11 2 11 12 2 12 6 3 4 13 3 13 11 4 5 14 4 14 13 5 10 14 10 9 15 10 15 14 14 15 16 14 16 17 14 17 13 13 17 11 11 17 18 11 18 12 17 16 18 16 15 19 16 19 18 15 9 19 9 8 19 18 19 20 18 20 21 18 21 12 19 8 20 8 7 20 12 21 6 20 7 21 7 6 21
G 22 0203040506000106070803000102080904000103090a050001040a0b060001050b0c07020002060c0d080002070d0e09030003080e0f100a04000409100b0500050a101112130c0600060b13140d0700070c140e0800080d1415160f0900090e16111000090f110b0a000b100f1612000b11161513000b1215140c000c13150e0d000e14131216000e1512110f00 40 0 1 2 0 2 3 0 3 4 0 4 5 0 5 1 1 2 6 1 6 7 1 7 8 1 8 9 1 9 10 1 10 5 2 3 11 2 11 12 2 12 6 3 4 13 3 13 11 4 5 14 4 14 13 5 10 14 10 9 15 10 15 14 14 15 16 14 16 17 14 17 13 13 17 11 11 17 12 17 16 18 17 18 12 12 18 6 6 18 19 6 19 7 18 16 19 16 15 20 16 20 21 16 21 19 15 9 20 9 8 20 19 21 7 20 8 21 8 7 21
G 22 0203040506000106070803000102080904000103090a050001040a0b060001050b07020002060b0c080002070c0d09030003080d0e0f0a040004090f100b0500050a1011120c070600070b120d0800080c1213140e0900090d14150f00090e15100a000a0f1516110b000b10161312000b11130d0c000d12111614000d1316150e000e1416100f00101514131100 40 0 1 2 0 2 3 0 3 4 0 4 5 0 5 1 1 2 6 1 6 7 1 7 8 1 8 9 1 9 10 1 10 5 2 3 11 2 11 12 2 12 6 3 4 13 3 13 11 4 5 14 4 14 13 5 10 14 10 9 15 10 15 14 14 15 16 14 16 17 14 17 13 13 17 11 11 17 12 17 16 12 12 16 6 16 15 18 16 18 19 16 19 6 6 19 7 15 9 20 15 20 18 9 8 20 8 7 21 8 21 20 7 19 21 19 18 21 18 20 21
G 22 0203040506000106070803000102080904000103090a050001040a0b0c060001050c0d07020002060d0e080002070e0f09030003080f1011120a04000409120b0500050a1213140c00050b140d0600060c1415160e0700070d160f0800080e16100900090f161511000910151312000911130b0a000b12111514000b13150d0c000d1413111016000d15100f0e00 40 0 1 2 0 2 3 0 3 4 0 4 5 0 5 1 1 2 6 1 6 7 1 7 8 1 8 9 1 9 10 1 10 5 2 3 11 2 11 12 2 12 6 3 4 13 3 13 11 4 5 14 4 14 13 5 10 14 10 9 15 10 15 14 14 15 16 14 16 13 13 16 17 13 17 18 13 18 11 11 18 12 18 17 19 18 19 20 18 20 12 12 20 6 6 20 7 20 19 7 7 19 8 19 17 21 19 21 8 17 16 21 16 15 21 15 9 21 21 9 8
G 22 0203040506000106070803000102080904000103090a050001040a0b060001050b0c07020002060c0d080002070d0e0f10090300030810110a0400040911120b0500050a12130c0600060b13140d0700070c140e0800080d14150f00080e15161000080f16110900091016120a000a111615130b000b1215140c000c13150e0d000e141312160f000f1512111000 40 0 1 2 0 2 3 0 3 4 0 4 5 0 5 1 1 2 6 1 6 7 1 7 8 1 8 9 1 9 10 1 10 5 2 3 11 2 11 12 2 12 6 3 4 13 3 13 11 4 5 14 4 14 13 5 10 14 10 9 15 10 15 14 14 15 16 14 16 13 13 16 17 13 17 11 11 17 18 11 18 12 17 16 19 17 19 20 17 20 18 16 15 19 15 9 19 9 8 19 19 8 20 8 7 20 20 7 21 20 21 18 7 6 21 6 12 21 12 18 21
G 22 0203040506000106070803000102080904000103090a050001040a0b060001050b0c07020002060c0d0e080002070e0f09030003080f1011120a04000409120b0500050a1213140c0600060b140d0700070c1415160e00070d160f0800080e16100900090f161511000910151312000911130b0a000b12111514000b13150d0c000d1413111016000d15100f0e00 40 0 1 2 0 2 3 0 3 4 0 4 5 0 5 1 1 2 6 1 6 7 1 7 8 1 8 9 1 9 10 1 10 5 2 3 11 2 11 12 2 12 6 3 4 13 3 13 11 4 5 14 4 14 13 5 10 14 10 9 15 10 15 14 14 15 16 14 16 13 13 16 17 13 17 11 11 17 18 11 18 12 17 16 19 17 19 18 16 15 19 15 9 19 9 8 19 19 8 20 19 20 18 8 7 20 18 20 21 18 21 12 20 7 21 7 6 21 6 12 21
G 22 0203040506000106070803000102080904000103090a050001040a0b060001050b0c0d0e07020002060e0f080002070f09030003080f1011120a04000409120b0500050a12130c0600060b1314150d00060c15160e00060d160f0700070e1610090800090f16151411000910141312000911130b0a000b1211140c000c13111015000c1410160d000d15100f0e00 40 0 1 2 0 2 3 0 3 4 0 4 5 0 5 1 1 2 6 1 6 7 1 7 8 1 8 9 1 9 10 1 10 5 2 3 11 2 11 12 2 12 6 3 4 13 3 13 11 4 5 14 4 14 13 5 10 14 10 9 15 10 15 14 14 15 16 14 16 13 13 16 17 13 17 11 11 17 12 17 16 18 17 18 12 16 15 19 16 19 20 16 20 21 16 21 18 15 9 19 9 8 19 12 18 6 18 21 6 6 21 7 21 20 7 19 8 20 8 7 20
G 22 0203040506000106070803000102080904000103090a050001040a0b060001050b0c07020002060c0d080002070d0e0f09030003080f100a04000409101112130b0500050a130c0600060b13140d0700070c14150e0800080d15160f00080e16100900090f16110a000a10161512000a11151413000a12140c0b000c1312150d000d141211160e000e1511100f00 40 0 1 2 0 2 3 0 3 4 0 4 5 0 5 1 1 2 6 1 6 7 1 7 8 1 8 9 1 9 10 1 10 5 2 3 11 2 11 12 2 12 6 3 4 13 3 13 11 4 5 14 4 14 13 5 10 14 10 9 15 10 15 14 14 15 16 14 16 13 13 16 11 11 16 17 11 17 18 11 18 12 16 15 19 16 19 17 15 9 19 9 8 19 19 8 20 19 20 17 8 7 20 17 20 18 20 7 21 20 21 18 7 6 21 6 12 21 12 18 21
G 22 0203040506000106070803000102080904000103090a050001040a0b060001050b0c07020002060c0d080002070d0e0f09030003080f100a04000409101112130b0500050a130c0600060b13140d0700070c140e0800080d1415160f00080e16100900090f16110a000a10161512000a11151413000a12140c0b000c1312150e0d000e14121116000e1511100f00 40 0 1 2 0 2 3 0 3 4 0 4 5 0 5 1 1 2 6 1 6 7 1 7 8 1 8 9 1 9 10 1 10 5 2 3 11 2 11 12 2 12 6 3 4 13 3 13 11 4 5 14 4 14 13 5 10 14 10 9 15 10 15 14 14 15 16 14 16 13 13 16 11 11 16 17 11 17 18 11 18 12 16 15 17 15 9 19 15 19 17 9 8 19 17 19 18 19 8 20 19 20 18 8 7 20 18 20 21 18 21 12 20 7 21 7 6 21 6 12 21
G 22 0203040506000106070803000102080904000103090a050001040a0b060001050b0c07020002060c0d080002070d0e09030003080e0f10110a04000409110b0500050a11120c0600060b1213140d0700070c140e0800080d14150f0900090e15161000090f161211000910120b0a000b111016130c000c12161514000c13150e0d000e1413160f000f1513121000 40 0 1 2 0 2 3 0 3 4 0 4 5 0 5 1 1 2 6 1 6 7 1 7 8 1 8 9 1 9 10 1 10 5 2 3 11 2 11 12 2 12 6 3 4 13 3 13 11 4 5 14 4 14 13 5 10 14 10 9 15 10 15 14 14 15 16 14 16 13 13 16 11 11 16 12 16 15 17 16 17 18 16 18 12 15 9 19 15 19 17 9 8 19 12 18 6 6 18 20 6 20 7 18 17 20 17 19 21 17 21 20 19 8 21 8 7 21 7 20 21
G 22 0203040506000106070803000102080904000103090a050001040a0b060001050b07020002060b0c080002070c0d0e09030003080e0f0a040004090f100b0500050a1011120c070600070b120d0800080c1213140e00080d14150f0900090e15100a000a0f1516110b000b10161312000b11130d0c000d12111614000d1316150e000e1416100f00101514131100 40 0 1 2 0 2 3 0 3 4 0 4 5 0 5 1 1 2 6 1 6 7 1 7 8 1 8 9 1 9 10 1 10 5 2 3 11 2 11 12 2 12 6 3 4 13 3 13 11 4 5 14 4 14 13 5 10 14 10 9 15 10 15 14 14 15 16 14 16 13 13 16 11 11 16 12 16 15 17 16 17 12 15 9 18 15 18 19 15 19 17 9 8 18 12 17 6 17 19 20 17 20 6 6 20 7 20 19 21 20 21 7 19 18 21 18 8 21 8 7 21
G 22 0203040506000106070803000102080904000103090a050001040a0b060001050b0c0d07020002060d0e080002070e0f09030003080f1011120a04000409120b0500050a12130c0600060b131415160d00060c160e0700070d160f0800080e1615100900090f151411000910141312000911130b0a000b1211140c000c13111015000c14100f16000c150f0e0d00 40 0 1 2 0 2 3 0 3 4 0 4 5 0 5 1 1 2 6 1 6 7 1 7 8 1 8 9 1 9 10 1 10 5 2 3 11 2 11 12 2 12 6 3 4 13 3 13 11 4 5 14 4 14 13 5 10 14 10 9 15 10 15 14 14 15 13 13 15 16 13 16 17 13 17 11 15 9 18 15 18 16 9 8 18 11 17 12 17 16 19 17 19 12 16 18 20 16 20 21 16 21 19 18 8 20 8 7 20 12 19 6 19 21 6 6 21 7 21 20 7
G 22 0203040506000106070803000102080904000103090a050001040a0b060001050b0c07020002060c0d080002070d0e09030003080e0f10110a04000409110b0500050a1112130c0600060b13140d0700070c140e0800080d14150f0900090e15161000090f161211000910120b0a000b11101613000b121615140c000c13150e0d000e1413160f000f1513121000 40 0 1 2 0 2 3 0 3 4 0 4 5 0 5 1 1 2 6 1 6 7 1 7 8 1 8 9 1 9 10 1 10 5 2 3 11 2 11 12 2 12 6 3 4 13 3 13 11 4 5 14 4 14 13 5 10 14 10 9 15 10 15 14 14 15 13 13 15 16 13 16 11 15 9 17 15 17 18 15 18 16 9 8 17 11 16 12 16 18 19 16 19 12 12 19 6 6 19 20 6 20 7 19 18 20 18 17 21 18 21 20 17 8 21 8 7 21 7 20 21
G 22 0203040506000106070803000102080904000103090a050001040a0b060001050b07020002060b0c080002070c09030003080c0d0a040004090d0e0f100b0500050a100c070600070b1011120d090800090c12130e0a000a0d13140f000a0e141510000a0f15110c0b000c10151612000c1116130d000d1216140e000e1316150f000f1416111000111514131200 40 0 1 2 0 2 3 0 3 4 0 4 5 0 5 1 1 2 6 1 6 7 1 7 8 1 8 9 1 9 10 1 10 5 2 3 11 2 11 12 2 12 6 3 4 13 3 13 11 4 5 14 4 14 13 5 10 14 10 9 12 12 11 15 12 15 10 10 15 14 11 13 15 13 14 15 12 9 16 12 16 17 12 17 6 9 8 18 9 18 16 6 17 19 6 19 7 17 16 20 17 20 19 16 18 20 18 8 21 18 21 20 8 7 21 7 19 21 19 20 21
G 22 0203040506000106070803000102080904000103090a050001040a0b060001050b0c07020002060c0d080002070d0e0f100903000308100a04000409101112130b0500050a130c0600060b1314150d0700070c150e0800080d15160f00080e16111000080f110a09000a100f1612000a11161413000a12140c0b000c13121615000c14160e0d000e151412110f00 40 0 1 2 0 2 3 0 3 4 0 4 5 0 5 1 1 2 6 1 6 7 1 7 8 1 8 9 1 9 10 1 10 5 2 3 11 2 11 6 3 4 12 3 12 13 3 13 14 3 14 15 3 15 11 4 5 16 4 16 12 5 10 16 10 9 17 10 17 16 16 17 18 16 18 12 12 18 13 18 17 19 18 19 13 17 9 19 9 8 19 13 19 14 19 8 20 19 20 14 8 7 20 14 20 15 20 7 21 20 21 15 7 6 21 6 11 21 11 15 21
G 22 0203040506000106070803000102080904000103090a050001040a0b060001050b0c0d07020002060d0e080002070e0f10110903000308110a04000409111213140b0500050a140c0600060b14150d00060c150e0700070d150f0800080e15161000080f161211000810120a09000a11101613000a12161514000a13150c0b000c1413160f0e0d000f1513121000 40 0 1 2 0 2 3 0 3 4 0 4 5 0 5 1 1 2 6 1 6 7 1 7 8 1 8 9 1 9 10 1 10 5 2 3 11 2 11 6 3 4 12 3 12 13 3 13 14 3 14 15 3 15 11 4 5 16 4 16 12 5 10 16 10 9 17 10 17 16 16 17 12 12 17 13 17 9 18 17 18 19 17 19 13 9 8 18 13 19 14 19 18 20 19 20 14 18 8 20 8 7 20 14 20 15 20 7 21 20 21 15 7 6 21 6 11 21 11 15 21
G 22 0203040506000106070803000102080904000103090a050001040a0b060001050b0c0d07020002060d0e080002070e0f100903000308100a04000409101112130b0500050a130c0600060b13140d00060c14150e0700070d150f0800080e1516111000080f110a09000a100f1612000a11161413000a12140c0b000c131216150d000d14160f0e000f1514121100 40 0 1 2 0 2 3 0 3 4 0 4 5 0 5 1 1 2 6 1 6 7 1 7 8 1 8 9 1 9 10 1 10 5 2 3 11 2 11 6 3 4 12 3 12 13 3 13 14 3 14 11 4 5 15 4 15 16 4 16 12 5 10 15 10 9 17 10 17 15 15 17 16 17 9 18 17 18 19 17 19 16 9 8 18 16 19 12 12 19 13 19 18 20 19 20 13 18 8 20 8 7 20 13 20 14 20 7 21 20 21 14 7 6 21 6 11 21 11 14 21
G 22 0203040506000106070803000102080904000103090a050001040a0b060001050b0c07020002060c0d0e0f080002070f09030003080f1011120a04000409120b0500050a1213140c0600060b140d0700070c14150e00070d1516100f00070e10090800090f0e1611000910161312000911130b0a000b1211161514000b13150d0c000d1413160e000e1513111000 40 0 1 2 0 2 3 0 3 4 0 4 5 0 5 1 1 2 6 1 6 7 1 7 8 1 8 9 1 9 10 1 10 5 2 3 11 2 11 6 3 4 12 3 12 13 3 13 14 3 14 11 4 5 15 4 15 16 4 16 12 5 10 15 10 9 17 10 17 15 15 17 16 17 9 18 17 18 19 17 19 16 9 8 18 16 19 12 12 19 13 19 18 13 18 8 20 18 20 14 18 14 13 8 7 20 14 20 21 14 21 11 20 7 21 7 6 21 6 11 21
G 22 0203040506000106070803000102080904000103090a050001040a0b060001050b0c07020002060c0d080002070d0e0f100903000308100a040004091011120b0500050a12130c0600060b13140d0700070c140e0800080d14150f00080e15111000080f110a09000a100f151612000a1116130b000b1216140c000c1316150e0d000e1416110f00111514131200 40 0 1 2 0 2 3 0 3 4 0 4 5 0 5 1 1 2 6 1 6 7 1 7 8 1 8 9 1 9 10 1 10 5 2 3 11 2 11 6 3 4 12 3 12 13 3 13 14 3 14 11 4 5 15 4 15 16 4 16 12 5 10 15 10 9 17 10 17 15 15 17 16 17 9 18 17 18 19 17 19 16 9 8 18 16 19 12 12 19 13 19 18 13 18 8 20 18 20 13 13 20 14 8 7 20 20 7 21 20 21 14 7 6 21 6 11 21 11 14 21
G 22 0203040506000106070803000102080904000103090a050001040a0b060001050b0c0d07020002060d0e080002070e0f100903000308100a04000409101112130b0500050a130c0600060b1314150d00060c150e0700070d150f0800080e1516111000080f110a09000a100f1612000a11161413000a12140c0b000c13121615000c14160f0e0d000f1514121100 40 0 1 2 0 2 3 0 3 4 0 4 5 0 5 1 1 2 6 1 6 7 1 7 8 1 8 9 1 9 10 1 10 5 2 3 11 2 11 6 3 4 12 3 12 13 3 13 14 3 14 11 4 5 15 4 15 16 4 16 12 5 10 15 10 9 17 10 17 15 15 17 16 17 9 18 17 18 16 9 8 18 16 18 19 16 19 12 18 8 20 18 20 19 8 7 20 12 19 13 19 20 13 20 7 21 20 21 14 20 14 13 7 6 21 6 11 21 11 14 21
G 22 0203040506000106070803000102080904000103090a050001040a0b060001050b0c0d0e07020002060e0f080002070f1009030003081011120a0400040912130b0500050a130c0600060b13140d00060c14150e00060d150f0700070e15100800080f15110900091015161200091116130a000a1216140c0b000c1316150d000d141611100f0e00111514131200 40 0 1 2 0 2 3 0 3 4 0 4 5 0 5 1 1 2 6 1 6 7 1 7 8 1 8 9 1 9 10 1 10 5 2 3 11 2 11 6 3 4 12 3 12 13 3 13 14 3 14 11 4 5 15 4 15 12 5 10 15 10 9 16 10 16 15 15 16 17 15 17 12 12 17 13 17 16 18 17 18 19 17 19 20 17 20 13 16 9 18 9 8 18 13 20 14 18 8 19 8 7 19 19 7 21 19 21 20 7 6 21 6 11 21 11 14 21 21 14 20
G 22 0203040506000106070803000102080904000103090a0b050001040b0c060001050c0d0e07020002060e0f080002070f1011120903000308120a0400040912130b00040a13140c0500050b140d0600060c14150e00060d150f0700070e15100800080f151611000810161312000811130a09000a121116140b000b1316150d0c000d1416100f0e00101514131100 40 0 1 2 0 2 3 0 3 4 0 4 5 0 5 1 1 2 6 1 6 7 1 7 8 1 8 9 1 9 10 1 10 5 2 3 11 2 11 6 3 4 12 3 12 13 3 13 14 3 14 11 4 5 15 4 15 12 5 10 15 10 9 16 10 16 15 15 16 17 15 17 12 12 17 13 17 16 18 17 18 19 17 19 13 16 9 18 9 8 18 13 19 14 18 8 20 18 20 19 8 7 20 19 20 21 19 21 14 20 7 21 7 6 21 6 11 21 21 11 14
G 22 0203040506000106070803000102080904000103090a050001040a0b060001050b0c0d0e07020002060e0f080002070f10090300030810110a040004091112130b0500050a130c0600060b13140d00060c14150e00060d150f0700070e1516100800080f16110900091016120a000a11161413000a12140c0b000c131216150d000d14160f0e000f151412111000 40 0 1 2 0 2 3 0 3 4 0 4 5 0 5 1 1 2 6 1 6 7 1 7 8 1 8 9 1 9 10 1 10 5 2 3 11 2 11 6 3 4 12 3 12 13 3 13 14 3 14 11 4 5 15 4 15 12 5 10 15 10 9 16 10 16 15 15 16 17 15 17 12 12 17 13 17 16 18 17 18 19 17 19 13 16 9 18 9 8 18 13 19 14 18 8 20 18 20 19 8 7 20 19 20 14 20 7 21 20 21 14 14 21 11 7 6 21 6 11 21
G 22 0203040506000106070803000102080904000103090a050001040a0b060001050b0c0d07020002060d0e080002070e0f10110903000308110a040004091112130b0500050a13140c0600060b14150d00060c150e0700070d150f0800080e15161000080f161211000810120a09000a11101613000a1216140b000b1316150c000c14160f0e0d000f151413121000 40 0 1 2 0 2 3 0 3 4 0 4 5 0 5 1 1 2 6 1 6 7 1 7 8 1 8 9 1 9 10 1 10 5 2 3 11 2 11 6 3 4 12 3 12 13 3 13 14 3 14 11 4 5 15 4 15 12 5 10 15 10 9 16 10 16 15 15 16 17 15 17 12 12 17 13 17 16 18 17 18 13 16 9 19 16 19 18 9 8 19 13 18 20 13 20 14 18 19 20 19 8 20 8 7 20 20 7 21 20 21 14 7 6 21 6 11 21 11 14 21
G 22 0203040506000106070803000102080904000103090a050001040a0b060001050b0c0d0e07020002060e0f080002070f10090300030810110a040004091112130b0500050a130c0600060b13140d00060c14150e00060d150f0700070e15100800080f1516110900091016120a000a11161413000a12140c0b000c131216150d000d1416100f0e00101514121100 40 0 1 2 0 2 3 0 3 4 0 4 5 0 5 1 1 2 6 1 6 7 1 7 8 1 8 9 1 9 10 1 10 5 2 3 11 2 11 6 3 4 12 3 12 13 3 13 14 3 14 11 4 5 15 4 15 12 5 10 15 10 9 16 10 16 15 15 16 17 15 17 12 12 17 13 17 16 18 17 18 13 16 9 19 16 19 18 9 8 19 13 18 14 18 19 20 18 20 14 19 8 20 8 7 20 14 20 21 14 21 11 20 7 21 7 6 21 6 11 21
G 22 0203040506000106070803000102080904000103090a050001040a0b060001050b0c0d07020002060d0e0f080002070f09030003080f1011120a04000409120b0500050a1213140c0600060b14150d00060c150e0700070d1516100f00070e10090800090f0e1611000910161312000911130b0a000b12111614000b1316150c000c14160e0d000e151413111000 40 0 1 2 0 2 3 0 3 4 0 4 5 0 5 1 1 2 6 1 6 7 1 7 8 1 8 9 1 9 10 1 10 5 2 3 11 2 11 6 3 4 12 3 12 13 3 13 14 3 14 11 4 5 15 4 15 12 5 10 15 10 9 16 10 16 15 15 16 17 15 17 12 12 17 13 17 16 18 17 18 13 16 9 19 16 19 18 9 8 19 13 18 14 18 19 14 19 8 20 19 20 14 14 20 21 14 21 11 8 7 20 11 21 6 20 7 21 7 6 21
G 22 0203040506000106070803000102080904000103090a0b050001040b0c060001050c0d0e07020002060e0f080002070f1011120903000308120a0400040912130b00040a130c0500050b13140d0600060c14150e00060d150f0700070e15100800080f151611000810161312000811130a09000a121116140c0b000c1316150d000d1416100f0e00101514131100 40 0 1 2 0 2 3 0 3 4 0 4 5 0 5 1 1 2 6 1 6 7 1 7 8 1 8 9 1 9 10 1 10 5 2 3 11 2 11 6 3 4 12 3 12 13 3 13 14 3 14 11 4 5 15 4 15 12 5 10 15 10 9 16 10 16 15 15 16 17 15 17 12 12 17 13 17 16 18 17 18 13 16 9 18 9 8 18 13 18 19 13 19 14 18 8 20 18 20 19 8 7 20 7 6 21 7 21 20 6 11 21 11 14 21 14 19 21 21 19 20
G 22 0203040506000106070803000102080904000103090a050001040a0b060001050b0c0d0e07020002060e0f080002070f10090300030810110a040004091112130b0500050a130c0600060b13140d00060c14150e00060d150f0700070e1516100800080f16110900091016120a000a1116151413000a12140c0b000c1312150d000d1412160f0e000f1512111000 40 0 1 2 0 2 3 0 3 4 0 4 5 0 5 1 1 2 6 1 6 7 1 7 8 1 8 9 1 9 10 1 10 5 2 3 11 2 11 6 3 4 12 3 12 13 3 13 14 3 14 11 4 5 15 4 15 12 5 10 15 10 9 16 10 16 15 15 16 12 12 16 17 12 17 13 16 9 18 16 18 17 9 8 18 8 7 19 8 19 18 18 19 20 18 20 17 17 20 13 13 20 14 20 19 14 19 7 21 19 21 14 14 21 11 7 6 21 6 11 21
G 22 0203040506000106070803000102080904000103090a0b050001040b0c060001050c0d07020002060d0e080002070e0f10110903000308110a0400040911120b00040a1213140c0500050b140d0600060c14150e0700070d150f0800080e15161000080f161211000810120a09000a111016130b000b12161514000b13150d0c000d1413160f0e000f1513121000 40 0 1 2 0 2 3 0 3 4 0 4 5 0 5 1 1 2 6 1 6 7 1 7 8 1 8 9 1 9 10 1 10 5 2 3 11 2 11 6 3 4 12 3 12 13 3 13 11 4 5 14 4 14 15 4 15 12 5 10 14 10 9 16 10 16 14 14 16 17 14 17 15 16 9 18 16 18 17 9 8 18 8 7 19 8 19 18 18 19 20 18 20 17 17 20 15 15 20 12 20 19 21 20 21 13 20 13 12 19 7 21 7 6 21 6 11 21 21 11 13
G 22 0203040506000106070803000102080904000103090a050001040a0b060001050b0c0d0e07020002060e0f080002070f10090300030810110a0400040911120b0500050a120c0600060b12130d00060c13140e00060d140f0700070e1415100800080f1511090009101516120a000a1116130c0b000c1216140d000d1316150f0e000f1416111000111514131200 40 0 1 2 0 2 3 0 3 4 0 4 5 0 5 1 1 2 6 1 6 7 1 7 8 1 8 9 1 9 10 1 10 5 2 3 11 2 11 6 3 4 12 3 12 13 3 13 11 4 5 14 4 14 15 4 15 12 5 10 14 10 9 16 10 16 14 14 16 17 14 17 15 16 9 18 16 18 17 9 8 18 8 7 19 8 19 18 18 19 20 18 20 17 17 20 15 15 20 12 20 19 13 20 13 12 19 7 21 19 21 13 13 21 11 7 6 21 6 11 21
G 22 0203040506000106070803000102080904000103090a0b050001040b0c060001050c0d07020002060d0e080002070e0f10110903000308110a0400040911120b00040a12130c0500050b13140d0600060c14150e0700070d150f0800080e15161000080f161211000810120a09000a111016130b000b1216140c000c1316150d000d14160f0e000f151413121000 40 0 1 2 0 2 3 0 3 4 0 4 5 0 5 1 1 2 6 1 6 7 1 7 8 1 8 9 1 9 10 1 10 5 2 3 11 2 11 6 3 4 12 3 12 13 3 13 11 4 5 14 4 14 15 4 15 12 5 10 14 10 9 16 10 16 14 14 16 15 16 9 17 16 17 18 16 18 15 9 8 17 15 18 19 15 19 12 12 19 13 19 18 20 19 20 21 19 21 13 18 17 20 17 8 20 8 7 20 20 7 21 7 6 21 6 11 21 21 11 13
G 22 0203040506000106070803000102080904000103090a050001040a0b060001050b07020002060b0c080002070c0d0e09030003080e0a040004090e0f100b0500050a10110c070600070b11120d0800080c12130e00080d13140f0a09000a0e141510000a0f15110b000b101516120c000c1116130d000d1216140e000e1316150f000f1416111000111514131200 40 0 1 2 0 2 3 0 3 4 0 4 5 0 5 1 1 2 6 1 6 7 1 7 8 1 8 9 1 9 5 2 3 10 2 10 11 2 11 12 2 12 6 3 4 13 3 13 14 3 14 15 3 15 10 4 5 16 4 16 13 5 9 16 9 8 17 9 17 16 16 17 13 13 17 14 17 8 14 8 7 18 8 18 15 8 15 14 15 18 19 15 19 10 10 19 11 19 18 20 19 20 11 18 7 21 18 21 20 7 6 21 6 12 21 11 20 12 20 21 12
G 22 0203040506000106070803000102080904000103090a050001040a0b060001050b07020002060b0c080002070c0d0e09030003080e0f0a040004090f100b0500050a10110c070600070b1112130d0800080c13140e00080d140f0900090e141516100a000a0f16110b000b1016120c000c11161513000c1215140d000d13150f0e000f14131216000f1512111000 40 0 1 2 0 2 3 0 3 4 0 4 5 0 5 1 1 2 6 1 6 7 1 7 8 1 8 9 1 9 5 2 3 10 2 10 11 2 11 12 2 12 6 3 4 13 3 13 14 3 14 15 3 15 10 4 5 16 4 16 13 5 9 16 9 8 17 9 17 16 16 17 13 13 17 14 17 8 14 8 7 18 8 18 14 14 18 15 18 7 19 18 19 20 18 20 21 18 21 15 7 6 19 6 12 19 15 21 10 19 12 20 12 11 20 10 21 11 21 20 11
G 22 0203040506000106070803000102080904000103090a050001040a0b060001050b07020002060b0c080002070c0d09030003080d0e0f0a040004090f0b0500050a0f100c070600070b1011120d0800080c12130e0900090d13140f00090e1415100b0a000b0f15110c000c10151612000c1116130d000d1216140e000e1316150f000f1416111000111514131200 40 0 1 2 0 2 3 0 3 4 0 4 5 0 5 1 1 2 6 1 6 7 1 7 8 1 8 9 1 9 5 2 3 10 2 10 11 2 11 12 2 12 6 3 4 13 3 13 14 3 14 15 3 15 10 4 5 16 4 16 13 5 9 16 9 8 17 9 17 16 16 17 13 13 17 14 17 8 14 8 7 15 8 15 14 15 7 18 15 18 19 15 19 10 7 6 20 7 20 18 6 12 20 10 19 11 19 18 21 19 21 11 18 20 21 20 12 21 12 11 21
G 22 0203040506000106070803000102080904000103090a050001040a0b060001050b0c07020002060c0d080002070d09030003080d0e0f0a040004090f10110b0500050a110c0600060b1112130d0700070c13140e090800090d14150f00090e15100a000a0f15161211000a10120c0b000c11101613000c1216140d000d1316150e000e1416100f00101514131200 40 0 1 2 0 2 3 0 3 4 0 4 5 0 5 1 1 2 6 1 6 7 1 7 8 1 8 9 1 9 5 2 3 10 2 10 11 2 11 12 2 12 6 3 4 13 3 13 14 3 14 10 4 5 15 4 15 13 5 9 15 9 8 16 9 16 17 9 17 18 9 18 15 15 18 13 13 18 14 18 17 14 14 17 10 17 16 19 17 19 11 17 11 10 11 19 12 19 16 20 19 20 21 19 21 12 16 8 20 8 7 20 12 21 6 20 7 21 7 6 21
G 22 0203040506000106070803000102080904000103090a050001040a0b060001050b07020002060b0c080002070c0d09030003080d0e0a040004090e0f100b0500050a10110c070600070b1112130d0800080c13140e0900090d140f0a000a0e14151610000a0f16110b000b1016120c000c11161513000c1215140d000d13150f0e000f14131216000f1512111000 40 0 1 2 0 2 3 0 3 4 0 4 5 0 5 1 1 2 6 1 6 7 1 7 8 1 8 9 1 9 5 2 3 10 2 10 11 2 11 12 2 12 6 3 4 13 3 13 14 3 14 10 4 5 15 4 15 13 5 9 15 9 8 16 9 16 17 9 17 18 9 18 15 15 18 13 13 18 14 18 17 14 14 17 10 17 16 11 17 11 10 11 16 19 11 19 12 16 8 20 16 20 19 8 7 20 7 6 21 7 21 20 6 12 21 12 19 21 19 20 21
G 22 0203040506000106070803000102080904000103090a050001040a0b060001050b0c07020002060c0d080002070d0e0f09030003080f100a040004091011120b0500050a1213140c0600060b140d0700070c140e0800080d141315160f00080e16100900090f16110a000a10161512000a1115130b000b12150e14000b130e0d0c000e13121116000e1511100f00 40 0 1 2 0 2 3 0 3 4 0 4 5 0 5 1 1 2 6 1 6 7 1 7 8 1 8 9 1 9 5 2 3 10 2 10 11 2 11 12 2 12 6 3 4 13 3 13 14 3 14 10 4 5 15 4 15 13 5 9 15 9 8 16 9 16 17 9 17 15 15 17 13 13 17 14 17 16 18 17 18 19 17 19 14 14 19 10 10 19 11 19 18 11 11 18 12 18 16 20 18 20 21 18 21 12 16 8 20 8 7 20 12 21 6 20 7 21 7 6 21
G 22 0203040506000106070803000102080904000103090a050001040a0b060001050b0c07020002060c0d080002070d0e09030003080e0f0a040004090f10110b0500050a1112130c0600060b130d0700070c1314150e0800080d150f0900090e15100a000a0f151611000a1016120b000b11161413000b12140d0c000d13121615000d1416100f0e00101514121100 40 0 1 2 0 2 3 0 3 4 0 4 5 0 5 1 1 2 6 1 6 7 1 7 8 1 8 9 1 9 5 2 3 10 2 10 11 2 11 12 2 12 6 3 4 13 3 13 14 3 14 10 4 5 15 4 15 13 5 9 15 9 8 16 9 16 17 9 17 15 15 17 13 13 17 14 17 16 18 17 18 14 14 18 10 10 18 11 18 16 19 18 19 20 18 20 11 16 8 19 8 7 19 11 20 12 19 7 21 19 21 20 7 6 21 6 12 21 12 20 21
G 22 0203040506000106070803000102080904000103090a050001040a0b060001050b0c07020002060c0d080002070d0e09030003080e0f0a040004090f10110b0500050a1112130c0600060b130d0700070c13140e0800080d14150f0900090e15100a000a0f151611000a1016120b000b11161413000b12140d0c000d131216150e000e1416100f00101514121100 40 0 1 2 0 2 3 0 3 4 0 4 5 0 5 1 1 2 6 1 6 7 1 7 8 1 8 9 1 9 5 2 3 10 2 10 11 2 11 12 2 12 6 3 4 13 3 13 14 3 14 10 4 5 15 4 15 13 5 9 15 9 8 16 9 16 17 9 17 15 15 17 13 13 17 14 17 16 18 17 18 14 14 18 10 10 18 11 18 16 19 18 19 11 16 8 20 16 20 19 8 7 20 11 19 12 19 20 21 19 21 12 20 7 21 7 6 21 6 12 21
G 22 0203040506000106070803000102080904000103090a050001040a0b060001050b07020002060b0c080002070c0d0e09030003080e0f0a040004090f10110b0500050a11120c070600070b12130d0800080c1314150e00080d150f0900090e15100a000a0f15141611000a1016120b000b1116130c000c1216140d000d13161015000d14100f0e00101413121100 40 0 1 2 0 2 3 0 3 4 0 4 5 0 5 1 1 2 6 1 6 7 1 7 8 1 8 9 1 9 5 2 3 10 2 10 11 2 11 12 2 12 6 3 4 13 3 13 14 3 14 10 4 5 15 4 15 13 5 9 15 9 8 16 9 16 17 9 17 15 15 17 13 13 17 14 17 16 18 17 18 14 14 18 10 10 18 11 18 16 11 16 8 19 16 19 20 16 20 11 11 20 12 8 7 19 7 6 21 7 21 19 6 12 21 12 20 21 20 19 21
G 22 0203040506000106070803000102080904000103090a050001040a0b060001050b0c07020002060c0d080002070d0e0f09030003080f100a04000409100b0500050a1011120c0600060b120d0700070c1213140e0800080d14150f00080e15100900090f1516110b0a000b10161312000b11130d0c000d12111614000d1316150e000e1416100f00101514131100 40 0 1 2 0 2 3 0 3 4 0 4 5 0 5 1 1 2 6 1 6 7 1 7 8 1 8 9 1 9 5 2 3 10 2 10 11 2 11 12 2 12 6 3 4 13 3 13 14 3 14 10 4 5 15 4 15 13 5 9 15 9 8 16 9 16 17 9 17 15 15 17 13 13 17 14 17 16 14 14 16 18 14 18 19 14 19 10 16 8 18 8 7 18 10 19 11 18 7 20 18 20 21 18 21 19 7 6 20 6 12 20 19 21 11 20 12 21 12 11 21
G 22 0203040506000106070803000102080904000103090a050001040a0b060001050b0c07020002060c0d080002070d0e0f09030003080f10110a04000409110b0500050a1112130c0600060b130d0700070c130e0800080d1314150f00080e15100900090f15161100091016120b0a000b11161413000b12140e0d0c000e13121615000e1416100f00101514121100 40 0 1 2 0 2 3 0 3 4 0 4 5 0 5 1 1 2 6 1 6 7 1 7 8 1 8 9 1 9 5 2 3 10 2 10 11 2 11 12 2 12 6 3 4 13 3 13 14 3 14 10 4 5 15 4 15 13 5 9 15 9 8 16 9 16 17 9 17 15 15 17 13 13 17 14 17 16 14 14 16 18 14 18 10 16 8 19 16 19 20 16 20 18 8 7 19 10 18 11 18 20 11 11 20 12 20 19 21 20 21 12 19 7 21 7 6 21 6 12 21
G 22 0203040506000106070803000102080904000103090a050001040a0b060001050b0c07020002060c0d080002070d0e0f09030003080f10110a04000409110b0500050a11120c0600060b12130d0700070c13140e0800080d14150f00080e15100900090f15161211000910120b0a000b111016130c000c1216140d000d1316150e000e1416100f00101514131200 40 0 1 2 0 2 3 0 3 4 0 4 5 0 5 1 1 2 6 1 6 7 1 7 8 1 8 9 1 9 5 2 3 10 2 10 11 2 11 12 2 12 6 3 4 13 3 13 14 3 14 10 4 5 15 4 15 13 5 9 15 9 8 16 9 16 17 9 17 15 15 17 13 13 17 14 17 16 14 14 16 18 14 18 10 16 8 19 16 19 18 8 7 19 10 18 11 18 19 20 18 20 11 19 7 21 19 21 20 7 6 21 6 12 21 11 20 12 20 21 12
G 22 0203040506000106070803000102080904000103090a050001040a0b060001050b07020002060b0c080002070c0d0e09030003080e0f0a040004090f10110b0500050a11120c070600070b120d0800080c1213140e00080d140f0900090e1415100a000a0f151611000a1016120b000b1116130d0c000d12161514000d13150f0e000f1413161000101513121100 40 0 1 2 0 2 3 0 3 4 0 4 5 0 5 1 1 2 6 1 6 7 1 7 8 1 8 9 1 9 5 2 3 10 2 10 11 2 11 12 2 12 6 3 4 13 3 13 14 3 14 10 4 5 15 4 15 13 5 9 15 9 8 16 9 16 17 9 17 15 15 17 13 13 17 14 17 16 14 14 16 18 14 18 10 16 8 18 8 7 19 8 19 18 10 18 11 18 19 20 18 20 11 11 20 12 20 19 21 20 21 12 19 7 21 7 6 21 6 12 21
G 22 0203040506000106070803000102080904000103090a050001040a0b060001050b0c07020002060c0d080002070d09030003080d0e0a040004090e0f100b0500050a10110c0600060b1112130d0700070c13140e090800090d140f0a000a0e14151610000a0f16110b000b1016120c000c11161513000c1215140d000d13150f0e000f14131216000f1512111000 40 0 1 2 0 2 3 0 3 4 0 4 5 0 5 1 1 2 6 1 6 7 1 7 8 1 8 9 1 9 5 2 3 10 2 10 11 2 11 12 2 12 6 3 4 13 3 13 14 3 14 10 4 5 15 4 15 13 5 9 15 9 8 16 9 16 17 9 17 15 15 17 13 13 17 14 17 16 14 14 16 10 16 8 18 16 18 19 16 19 10 10 19 11 8 7 18 7 6 20 7 20 18 6 12 20 18 20 21 18 21 19 20 12 21 12 11 21 11 19 21
G 22 0203040506000106070803000102080904000103090a050001040a0b060001050b07020002060b0c080002070c0d09030003080d0e0f0a040004090f10110b0500050a110c070600070b1112130d0800080c130e0900090d1314150f00090e15100a000a0f151611000a1016120c0b000c11161413000c12140e0d000e13121615000e1416100f00101514121100 40 0 1 2 0 2 3 0 3 4 0 4 5 0 5 1 1 2 6 1 6 7 1 7 8 1 8 9 1 9 5 2 3 10 2 10 11 2 11 12 2 12 6 3 4 13 3 13 14 3 14 10 4 5 15 4 15 13 5 9 15 9 8 16 9 16 17 9 17 15 15 17 13 13 17 14 17 16 14 14 16 10 16 8 18 16 18 11 16 11 10 8 7 19 8 19 18 11 18 20 11 20 12 18 19 20 19 7 21 19 21 20 7 6 21 6 12 21 12 20 21
G 22 0203040506000106070803000102080904000103090a050001040a0b060001050b07020002060b0c080002070c0d09030003080d0e0a040004090e0f100b0500050a10110c070600070b11120d0800080c12130e0900090d13140f0a000a0e141510000a0f15110b000b101516120c000c1116130d000d1216140e000e1316150f000f1416111000111514131200 40 0 1 2 0 2 3 0 3 4 0 4 5 0 5 1 1 2 6 1 6 7 1 7 8 1 8 9 1 9 5 2 3 10 2 10 11 2 11 12 2 12 6 3 4 13 3 13 14 3 14 10 4 5 15 4 15 13 5 9 15 9 8 16 9 16 17 9 17 15 15 17 13 13 17 14 17 16 14 14 16 10 16 8 18 16 18 10 10 18 11 8 7 19 8 19 18 18 19 20 18 20 11 11 20 12 20 19 21 20 21 12 19 7 21 7 6 21 6 12 21
G 22 0203040506000106070803000102080904000103090a050001040a0b060001050b07020002060b0c080002070c09030003080c0d0e0a040004090e0f100b0500050a10110c070600070b11120d090800090c12130e00090d13140f0a000a0e141510000a0f15110b000b101516120c000c1116130d000d1216140e000e1316150f000f1416111000111514131200 40 0 1 2 0 2 3 0 3 4 0 4 5 0 5 1 1 2 6 1 6 7 1 7 8 1 8 9 1 9 5 2 3 10 2 10 11 2 11 12 2 12 6 3 4 13 3 13 14 3 14 10 4 5 15 4 15 13 5 9 15 9 8 16 9 16 17 9 17 15 15 17 13 13 17 14 17 16 14 14 16 10 16 8 10 10 8 18 10 18 11 8 7 19 8 19 18 7 6 20 7 20 19 6 12 20 12 11 21 12 21 20 11 18 21 18 19 21 19 20 21
G 22 0203040506000106070803000102080904000103090a050001040a0b0c060001050c0d07020002060d0e080002070e0f1009030003081011120a04000409120b0500050a12130c00050b1314150d0600060c150e0700070d150f0800080e1514161000080f161109000910161312000911130b0a000b121116140c000c13160f15000c140f0e0d000f1413111000 40 0 1 2 0 2 3 0 3 4 0 4 5 0 5 1 1 2 6 1 6 7 1 7 8 1 8 9 1 9 5 2 3 10 2 10 11 2 11 12 2 12 6 3 4 13 3 13 14 3 14 10 4 5 15 4 15 13 5 9 15 9 8 16 9 16 15 15 16 17 15 17 13 13 17 14 17 16 18 17 18 19 17 19 20 17 20 14 16 8 18 8 7 18 14 20 10 18 7 21 18 21 19 7 6 21 6 12 21 10 20 11 20 19 11 19 21 12 19 12 11
G 22 0203040506000106070803000102080904000103090a050001040a0b060001050b0c0d07020002060d0e080002070e0f09030003080f10110a04000409110b0500050a1112130c0600060b13140d00060c140e0700070d14150f0800080e1516100900090f161211000910120b0a000b11101613000b121615140c000c13150e0d000e1413160f000f1513121000 40 0 1 2 0 2 3 0 3 4 0 4 5 0 5 1 1 2 6 1 6 7 1 7 8 1 8 9 1 9 5 2 3 10 2 10 11 2 11 12 2 12 6 3 4 13 3 13 14 3 14 10 4 5 15 4 15 13 5 9 15 9 8 16 9 16 15 15 16 17 15 17 13 13 17 14 17 16 18 17 18 19 17 19 14 16 8 20 16 20 18 8 7 20 14 19 10 10 19 11 19 18 11 18 20 21 18 21 12 18 12 11 20 7 21 7 6 21 6 12 21
G 22 0203040506000106070803000102080904000103090a050001040a0b060001050b0c0d07020002060d0e080002070e0f09030003080f10110a04000409110b0500050a1112130c0600060b13140d00060c14150e0700070d150f0800080e1516100900090f161211000910120b0a000b11101613000b1216140c000c1316150d000d14160f0e000f151413121000 40 0 1 2 0 2 3 0 3 4 0 4 5 0 5 1 1 2 6 1 6 7 1 7 8 1 8 9 1 9 5 2 3 10 2 10 11 2 11 12 2 12 6 3 4 13 3 13 14 3 14 10 4 5 15 4 15 13 5 9 15 9 8 16 9 16 15 15 16 17 15 17 13 13 17 14 17 16 18 17 18 19 17 19 14 16 8 18 8 7 18 14 19 10 18 7 20 18 20 21 18 21 19 7 6 20 6 12 20 10 19 11 19 21 11 20 12 21 12 11 21
G 22 0203040506000106070803000102080904000103090a050001040a0b060001050b0c07020002060c0d080002070d0e0f09030003080f10110a04000409110b0500050a1112130c0600060b13140d0700070c140e0800080d1415160f00080e16100900090f161211000910120b0a000b1110161513000b1215140c000c13150e0d000e14131216000e1512100f00 40 0 1 2 0 2 3 0 3 4 0 4 5 0 5 1 1 2 6 1 6 7 1 7 8 1 8 9 1 9 5 2 3 10 2 10 11 2 11 12 2 12 6 3 4 13 3 13 14 3 14 10 4 5 15 4 15 13 5 9 15 9 8 16 9 16 15 15 16 17 15 17 13 13 17 14 17 16 18 17 18 14 16 8 19 16 19 20 16 20 18 8 7 19 14 18 10 18 20 11 18 11 10 11 20 12 20 19 21 20 21 12 19 7 21 7 6 21 6 12 21
G 22 0203040506000106070803000102080904000103090a050001040a0b060001050b0c07020002060c0d080002070d0e0f09030003080f10110a04000409110b0500050a1112130c0600060b13140d0700070c140e0800080d14150f00080e15100900090f15161211000910120b0a000b11101613000b1216140c000c1316150e0d000e1416100f00101514131200 40 0 1 2 0 2 3 0 3 4 0 4 5 0 5 1 1 2 6 1 6 7 1 7 8 1 8 9 1 9 5 2 3 10 2 10 11 2 11 12 2 12 6 3 4 13 3 13 14 3 14 10 4 5 15 4 15 13 5 9 15 9 8 16 9 16 15 15 16 17 15 17 13 13 17 14 17 16 18 17 18 14 16 8 19 16 19 18 8 7 19 14 18 10 18 19 20 18 20 11 18 11 10 19 7 21 19 21 20 7 6 21 6 12 21 11 20 12 20 21 12
G 22 0203040506000106070803000102080904000103090a050001040a0b060001050b0c07020002060c0d0e080002070e09030003080e0f100a0400040910110b0500050a1112130c0600060b13140d0700070c140f0e00070d0f090800090e0d1415161000090f16110a000a1016120b000b11161513000b1215140c000c13150f0d000f14131216000f1512111000 40 0 1 2 0 2 3 0 3 4 0 4 5 0 5 1 1 2 6 1 6 7 1 7 8 1 8 9 1 9 5 2 3 10 2 10 11 2 11 12 2 12 6 3 4 13 3 13 14 3 14 10 4 5 15 4 15 13 5 9 15 9 8 16 9 16 15 15 16 13 13 16 17 13 17 18 13 18 14 16 8 17 8 7 17 17 7 19 17 19 18 7 6 19 6 12 19 19 12 20 19 20 18 12 11 20 18 20 21 18 21 14 20 11 21 11 10 21 10 14 21
G 22 0203040506000106070803000102080904000103090a050001040a0b060001050b0c0d07020002060d0e080002070e09030003080e0f100a04000409100b0500050a10110c0600060b11120d00060c1213140e0700070d140f090800090e14151000090f1516110b0a000b1016120c000c1116130d000d12161514000d13150f0e000f1413161000101513121100 40 0 1 2 0 2 3 0 3 4 0 4 5 0 5 1 1 2 6 1 6 7 1 7 8 1 8 9 1 9 5 2 3 10 2 10 11 2 11 12 2 12 6 3 4 13 3 13 14 3 14 10 4 5 15 4 15 13 5 9 15 9 8 16 9 16 15 15 16 13 13 16 17 13 17 18 13 18 14 16 8 17 8 7 17 17 7 18 7 6 19 7 19 18 6 12 19 18 19 20 18 20 21 18 21 14 19 12 20 12 11 20 14 21 10 20 11 21 11 10 21
G 22 0203040506000106070803000102080904000103090a050001040a0b060001050b0c0d07020002060d0e080002070e0f10090300030810110a0400040911120b0500050a1213140c0600060b14150d00060c150e0700070d150f0800080e151413161000080f16110900091016120a000a1116130b000b12160f14000b130f150c000c140f0e0d000f1312111000 40 0 1 2 0 2 3 0 3 4 0 4 5 0 5 1 1 2 6 1 6 7 1 7 8 1 8 9 1 9 5 2 3 10 2 10 11 2 11 12 2 12 6 3 4 13 3 13 14 3 14 10 4 5 15 4 15 13 5 9 15 9 8 16 9 16 15 15 16 13 13 16 17 13 17 14 16 8 18 16 18 19 16 19 17 8 7 18 7 6 20 7 20 18 6 12 20 18 20 19 20 12 19 12 11 19 19 11 21 19 21 17 11 10 21 10 14 21 14 17 21
G 22 0203040506000106070803000102080904000103090a050001040a0b060001050b0c0d07020002060d0e080002070e0f09030003080f100a0400040910110b0500050a1112130c0600060b13140d00060c140e0700070d1415160f0800080e16100900090f16110a000a1016120b000b11161513000b1215140c000c13150e0d000e14131216000e151211100f00 40 0 1 2 0 2 3 0 3 4 0 4 5 0 5 1 1 2 6 1 6 7 1 7 8 1 8 9 1 9 5 2 3 10 2 10 11 2 11 12 2 12 6 3 4 13 3 13 14 3 14 10 4 5 15 4 15 13 5 9 15 9 8 16 9 16 15 15 16 13 13 16 17 13 17 14 16 8 18 16 18 17 8 7 18 7 6 19 7 19 18 6 12 19 18 19 20 18 20 21 18 21 17 19 12 20 12 11 20 17 21 14 20 11 21 11 10 21 21 10 14
G 22 0203040506000106070803000102080904000103090a050001040a0b060001050b0c0d07020002060d0e080002070e0f09030003080f100a0400040910110b0500050a1112130c0600060b13140d00060c140e0700070d14150f0800080e1516100900090f16110a000a1016120b000b11161513000b1215140c000c13150e0d000e141312160f000f1512111000 40 0 1 2 0 2 3 0 3 4 0 4 5 0 5 1 1 2 6 1 6 7 1 7 8 1 8 9 1 9 5 2 3 10 2 10 11 2 11 12 2 12 6 3 4 13 3 13 14 3 14 10 4 5 15 4 15 13 5 9 15 9 8 16 9 16 15 15 16 13 13 16 17 13 17 14 16 8 18 16 18 17 8 7 18 7 6 19 7 19 18 6 12 19 18 19 20 18 20 17 19 12 20 12 11 20 17 20 21 17 21 14 20 11 21 11 10 21 10 14 21
G 22 0203040506000106070803000102080904000103090a050001040a0b060001050b0c0d07020002060d0e080002070e0f09030003080f100a0400040910110b0500050a1112130c0600060b13140d00060c140e0700070d140f0800080e141516100900090f16110a000a1016120b000b11161513000b1215140c000c13150f0e0d000f14131216000f1512111000 40 0 1 2 0 2 3 0 3 4 0 4 5 0 5 1 1 2 6 1 6 7 1 7 8 1 8 9 1 9 5 2 3 10 2 10 11 2 11 12 2 12 6 3 4 13 3 13 14 3 14 10 4 5 15 4 15 13 5 9 15 9 8 16 9 16 15 15 16 13 13 16 17 13 17 14 16 8 18 16 18 17 8 7 18 7 6 19 7 19 18 6 12 19 18 19 17 19 12 20 19 20 17 17 20 21 17 21 14 12 11 20 14 21 10 20 11 21 11 10 21
G 22 0203040506000106070803000102080904000103090a050001040a0b060001050b07020002060b0c080002070c0d0e09030003080e0f100a040004091011120b0500050a12130c070600070b130d0800080c13140e00080d140f0900090e14151000090f15110a000a10151612000a1116130b000b1216140d0c000d1316150f0e000f1416111000111514131200 40 0 1 2 0 2 3 0 3 4 0 4 5 0 5 1 1 2 6 1 6 7 1 7 8 1 8 9 1 9 5 2 3 10 2 10 11 2 11 12 2 12 6 3 4 13 3 13 14 3 14 10 4 5 15 4 15 13 5 9 15 9 8 16 9 16 15 15 16 13 13 16 17 13 17 14 16 8 17 8 7 18 8 18 19 8 19 17 17 19 14 14 19 10 19 18 20 19 20 11 19 11 10 11 20 12 20 18 21 20 21 12 18 7 21 7 6 21 6 12 21
G 22 0203040506000106070803000102080904000103090a050001040a0b060001050b0c07020002060c0d080002070d0e0f09030003080f10110a0400040911120b0500050a1213140c0600060b140d0700070c140e0800080d1413150f00080e15100900090f15161100091016120a000a1116130b000b1216150e14000b130e0d0c000e1316100f00101513121100 40 0 1 2 0 2 3 0 3 4 0 4 5 0 5 1 1 2 6 1 6 7 1 7 8 1 8 9 1 9 5 2 3 10 2 10 11 2 11 12 2 12 6 3 4 13 3 13 14 3 14 10 4 5 15 4 15 13 5 9 15 9 8 16 9 16 15 15 16 13 13 16 17 13 17 14 16 8 17 8 7 18 8 18 17 17 18 19 17 19 20 17 20 14 14 20 10 10 20 11 20 19 11 11 19 12 19 18 21 19 21 12 18 7 21 7 6 21 6 12 21
G 22 0203040506000106070803000102080904000103090a050001040a0b060001050b0c07020002060c0d0e080002070e09030003080e0f100a0400040910110b0500050a11120c0600060b120d0700070c12130e00070d13140f090800090e14151000090f15110a000a101516120b000b1116130d0c000d1216140e000e1316150f000f1416111000111514131200 40 0 1 2 0 2 3 0 3 4 0 4 5 0 5 1 1 2 6 1 6 7 1 7 8 1 8 9 1 9 5 2 3 10 2 10 11 2 11 12 2 12 6 3 4 13 3 13 14 3 14 10 4 5 15 4 15 13 5 9 15 9 8 16 9 16 15 15 16 13 13 16 17 13 17 14 16 8 17 8 7 18 8 18 17 17 18 19 17 19 14 14 19 10 10 19 11 19 18 20 19 20 11 18 7 21 18 21 20 7 6 21 6 12 21 11 20 12 20 21 12
G 22 0203040506000106070803000102080904000103090a050001040a0b060001050b0c07020002060c0d080002070d0e09030003080e0f100a04000409100b0500050a10110c0600060b11120d0700070c1213140e0800080d140f0900090e14151000090f1516110b0a000b1016120c000c1116130d000d12161514000d13150f0e000f1413161000101513121100 40 0 1 2 0 2 3 0 3 4 0 4 5 0 5 1 1 2 6 1 6 7 1 7 8 1 8 9 1 9 5 2 3 10 2 10 11 2 11 12 2 12 6 3 4 13 3 13 14 3 14 10 4 5 15 4 15 13 5 9 15 9 8 16 9 16 15 15 16 13 13 16 17 13 17 14 16 8 17 8 7 18 8 18 17 17 18 14 14 18 19 14 19 10 18 7 20 18 20 21 18 21 19 7 6 20 6 12 20 10 19 11 19 21 11 20 12 21 12 11 21
G 22 0203040506000106070803000102080904000103090a050001040a0b060001050b0c07020002060c0d080002070d0e0f09030003080f0a040004090f100b0500050a1011120c0600060b120d0700070c12130e0800080d13140f00080e1415100a09000a0f15110b000b10151612000b1116130d0c000d1216140e000e1316150f000f1416111000111514131200 40 0 1 2 0 2 3 0 3 4 0 4 5 0 5 1 1 2 6 1 6 7 1 7 8 1 8 9 1 9 5 2 3 10 2 10 11 2 11 12 2 12 6 3 4 13 3 13 14 3 14 10 4 5 15 4 15 13 5 9 15 9 8 16 9 16 15 15 16 13 13 16 17 13 17 14 16 8 17 8 7 17 17 7 18 17 18 19 17 19 14 7 6 20 7 20 18 6 12 20 14 19 10 10 19 11 19 18 21 19 21 11 18 20 21 20 12 21 12 11 21
G 22 0203040506000106070803000102080904000103090a050001040a0b060001050b0c07020002060c0d080002070d0e0f09030003080f0a040004090f100b0500050a1011120c0600060b120d0700070c1213140e0800080d14150f00080e15100a09000a0f1516110b000b10161312000b11130d0c000d12111614000d1316150e000e1416100f00101514131100 40 0 1 2 0 2 3 0 3 4 0 4 5 0 5 1 1 2 6 1 6 7 1 7 8 1 8 9 1 9 5 2 3 10 2 10 11 2 11 12 2 12 6 3 4 13 3 13 14 3 14 10 4 5 15 4 15 13 5 9 15 9 8 16 9 16 15 15 16 13 13 16 17 13 17 14 16 8 17 8 7 17 17 7 18 17 18 19 17 19 14 7 6 18 6 12 18 14 19 20 14 20 10 18 12 21 18 21 19 12 11 21 10 20 11 19 21 20 21 11 20
G 22 0203040506000106070803000102080904000103090a050001040a0b060001050b0c07020002060c0d0e080002070e09030003080e0f100a04000409100b0500050a10110c0600060b11120d0700070c12130e00070d13140f090800090e14151000090f15110b0a000b101516120c000c1116130d000d1216140e000e1316150f000f1416111000111514131200 40 0 1 2 0 2 3 0 3 4 0 4 5 0 5 1 1 2 6 1 6 7 1 7 8 1 8 9 1 9 5 2 3 10 2 10 11 2 11 12 2 12 6 3 4 13 3 13 14 3 14 10 4 5 15 4 15 13 5 9 15 9 8 16 9 16 15 15 16 13 13 16 17 13 17 14 16 8 17 8 7 17 17 7 18 17 18 14 7 6 19 7 19 18 6 12 19 14 18 20 14 20 10 18 19 21 18 21 20 19 12 21 12 11 21 10 20 11 20 21 11
G 22 0203040506000106070803000102080904000103090a050001040a0b060001050b0c07020002060c0d080002070d0e09030003080e0f100a040004091011120b0500050a120c0600060b12130d0700070c1314150e0800080d150f0900090e15161000090f16110a000a1016141312000a11130c0b000c1211140d000d13111615000d14160f0e000f1514111000 40 0 1 2 0 2 3 0 3 4 0 4 5 0 5 1 1 2 6 1 6 7 1 7 8 1 8 9 1 9 5 2 3 10 2 10 11 2 11 12 2 12 6 3 4 13 3 13 14 3 14 10 4 5 15 4 15 13 5 9 15 9 8 16 9 16 15 15 16 13 13 16 14 16 8 17 16 17 18 16 18 14 8 7 19 8 19 17 14 18 10 10 18 11 18 17 20 18 20 11 17 19 20 11 20 12 20 19 21 20 21 12 19 7 21 7 6 21 6 12 21
G 22 0203040506000106070803000102080904000103090a050001040a0b060001050b07020002060b0c0d080002070d0e09030003080e0f0a040004090f10110b0500050a11120c070600070b12130d00070c130e0800080d1314150f0900090e15100a000a0f151611000a1016120b000b111614130c000c12140e0d000e13121615000e1416100f00101514121100 40 0 1 2 0 2 3 0 3 4 0 4 5 0 5 1 1 2 6 1 6 7 1 7 8 1 8 9 1 9 5 2 3 10 2 10 11 2 11 12 2 12 6 3 4 13 3 13 14 3 14 10 4 5 15 4 15 13 5 9 15 9 8 16 9 16 15 15 16 13 13 16 14 16 8 17 16 17 18 16 18 14 8 7 19 8 19 17 14 18 10 10 18 11 18 17 11 17 19 20 17 20 11 11 20 12 20 19 21 20 21 12 19 7 21 7 6 21 6 12 21
G 22 0203040506000106070803000102080904000103090a050001040a0b060001050b0c07020002060c0d0e080002070e0f100903000308100a040004091011120b0500050a1213140c0600060b140d0700070c14150e00070d15160f0800080e16111000080f110a09000a100f1612000a1116130b000b12161514000b13150d0c000d1413160e000e151312110f00 40 0 1 2 0 2 3 0 3 4 0 4 5 0 5 1 1 2 6 1 6 7 1 7 8 1 8 9 1 9 5 2 3 10 2 10 11 2 11 12 2 12 6 3 4 13 3 13 14 3 14 10 4 5 15 4 15 13 5 9 15 9 8 16 9 16 15 15 16 13 13 16 14 16 8 17 16 17 18 16 18 14 8 7 17 14 18 19 14 19 10 10 19 11 19 18 20 19 20 11 18 17 21 18 21 20 17 7 21 7 6 21 6 12 21 21 12 20 12 11 20
G 22 0203040506000106070803000102080904000103090a050001040a0b060001050b0c07020002060c0d0e080002070e0f100903000308100a040004091011120b0500050a1213140c0600060b140d0700070c14150e00070d150f0800080e1516111000080f110a09000a100f1612000a1116130b000b12161514000b13150d0c000d1413160f0e000f1513121100 40 0 1 2 0 2 3 0 3 4 0 4 5 0 5 1 1 2 6 1 6 7 1 7 8 1 8 9 1 9 5 2 3 10 2 10 11 2 11 12 2 12 6 3 4 13 3 13 14 3 14 10 4 5 15 4 15 13 5 9 15 9 8 16 9 16 15 15 16 13 13 16 14 16 8 17 16 17 18 16 18 14 8 7 17 14 18 19 14 19 10 10 19 11 19 18 20 19 20 11 18 17 20 17 7 21 17 21 20 7 6 21 6 12 21 11 20 12 20 21 12
G 22 0203040506000106070803000102080904000103090a050001040a0b060001050b0c07020002060c0d080002070d0e0f09030003080f0a040004090f10110b0500050a1112130c0600060b13140d0700070c140e0800080d141516100f00080e100a09000a0f0e1611000a1016120b000b11161513000b1215140c000c13150e0d000e14131216000e1512111000 40 0 1 2 0 2 3 0 3 4 0 4 5 0 5 1 1 2 6 1 6 7 1 7 8 1 8 9 1 9 5 2 3 10 2 10 11 2 11 12 2 12 6 3 4 13 3 13 14 3 14 10 4 5 15 4 15 13 5 9 15 9 8 16 9 16 15 15 16 13 13 16 14 16 8 17 16 17 18 16 18 14 8 7 17 14 18 10 10 18 19 10 19 11 18 17 19 17 7 20 17 20 21 17 21 19 7 6 20 6 12 20 19 21 11 20 12 21 12 11 21
G 22 0203040506000106070803000102080904000103090a050001040a0b060001050b0c07020002060c0d080002070d0e0f09030003080f0a040004090f10110b0500050a1112130c0600060b130d0700070c1314150e0800080d15100f00080e100a09000a0f0e151611000a1016120b000b11161413000b12140d0c000d13121615000d1416100e00101514121100 40 0 1 2 0 2 3 0 3 4 0 4 5 0 5 1 1 2 6 1 6 7 1 7 8 1 8 9 1 9 5 2 3 10 2 10 11 2 11 12 2 12 6 3 4 13 3 13 14 3 14 10 4 5 15 4 15 13 5 9 15 9 8 16 9 16 15 15 16 13 13 16 14 16 8 17 16 17 18 16 18 14 8 7 17 14 18 10 10 18 11 18 17 19 18 19 20 18 20 11 17 7 19 7 6 21 7 21 19 6 12 21 11 20 12 19 21 20 21 12 20
G 22 0203040506000106070803000102080904000103090a050001040a0b060001050b07020002060b0c080002070c0d09030003080d0e0f0a040004090f10110b0500050a11120c070600070b12130d0800080c130e0900090d1314150f00090e15100a000a0f151611000a1016120b000b111614130c000c12140e0d000e13121615000e1416100f00101514121100 40 0 1 2 0 2 3 0 3 4 0 4 5 0 5 1 1 2 6 1 6 7 1 7 8 1 8 9 1 9 5 2 3 10 2 10 11 2 11 12 2 12 6 3 4 13 3 13 14 3 14 10 4 5 15 4 15 13 5 9 15 9 8 16 9 16 15 15 16 13 13 16 14 16 8 17 16 17 14 8 7 18 8 18 19 8 19 17 14 17 10 17 19 11 17 11 10 11 19 20 11 20 12 19 18 20 18 7 21 18 21 20 7 6 21 6 12 21 12 20 21
G 22 0203040506000106070803000102080904000103090a050001040a0b060001050b0c07020002060c0d080002070d0e0f09030003080f10110a0400040911120b0500050a12130c0600060b130d0700070c130e0800080d1314150f00080e15100900090f15161100091016120a000a111614130b000b12140e0d0c000e13121615000e1416100f00101514121100 40 0 1 2 0 2 3 0 3 4 0 4 5 0 5 1 1 2 6 1 6 7 1 7 8 1 8 9 1 9 5 2 3 10 2 10 11 2 11 12 2 12 6 3 4 13 3 13 14 3 14 10 4 5 15 4 15 13 5 9 15 9 8 16 9 16 15 15 16 13 13 16 14 16 8 17 16 17 14 8 7 18 8 18 17 14 17 19 14 19 10 17 18 20 17 20 19 10 19 11 19 20 11 11 20 12 20 18 21 20 21 12 18 7 21 7 6 21 6 12 21
G 22 0203040506000106070803000102080904000103090a050001040a0b060001050b0c07020002060c0d0e080002070e09030003080e0f100a040004091011120b0500050a12130c0600060b130d0700070c13140f0e00070d0f090800090e0d14151000090f15110a000a10151612000a1116130b000b1216140d0c000d1316150f000f1416111000111514131200 40 0 1 2 0 2 3 0 3 4 0 4 5 0 5 1 1 2 6 1 6 7 1 7 8 1 8 9 1 9 5 2 3 10 2 10 11 2 11 12 2 12 6 3 4 13 3 13 14 3 14 10 4 5 15 4 15 13 5 9 15 9 8 16 9 16 15 15 16 13 13 16 14 16 8 17 16 17 14 8 7 18 8 18 17 14 17 19 14 19 10 17 18 19 10 19 11 19 18 20 19 20 11 18 7 21 18 21 20 7 6 21 6 12 21 11 20 12 20 21 12
G 22 0203040506000106070803000102080904000103090a050001040a0b060001050b0c07020002060c0d080002070d09030003080d0e0f0a040004090f100b0500050a10110c0600060b11120d0700070c12130e090800090d13140f00090e1415100a000a0f15110b000b101516120c000c1116130d000d1216140e000e1316150f000f1416111000111514131200 40 0 1 2 0 2 3 0 3 4 0 4 5 0 5 1 1 2 6 1 6 7 1 7 8 1 8 9 1 9 5 2 3 10 2 10 11 2 11 12 2 12 6 3 4 13 3 13 14 3 14 10 4 5 15 4 15 13 5 9 15 9 8 16 9 16 15 15 16 13 13 16 14 16 8 17 16 17 14 8 7 18 8 18 17 14 17 10 17 18 19 17 19 10 10 19 11 19 18 20 19 20 11 18 7 21 18 21 20 7 6 21 6 12 21 11 20 12 20 21 12
G 22 0203040506000106070803000102080904000103090a050001040a0b060001050b0c07020002060c0d080002070d0e0f09030003080f0a040004090f100b0500050a1011120c0600060b12130d0700070c130e0800080d13140f00080e1415100a09000a0f15110b000b10151612000b1116130c000c1216140e0d000e1316150f000f1416111000111514131200 40 0 1 2 0 2 3 0 3 4 0 4 5 0 5 1 1 2 6 1 6 7 1 7 8 1 8 9 1 9 5 2 3 10 2 10 11 2 11 12 2 12 6 3 4 13 3 13 14 3 14 10 4 5 15 4 15 13 5 9 15 9 8 16 9 16 15 15 16 13 13 16 14 16 8 17 16 17 14 8 7 17 14 17 18 14 18 19 14 19 10 17 7 20 17 20 18 7 6 20 6 12 20 10 19 11 20 12 21 20 21 18 12 11 21 11 19 21 19 18 21
G 22 0203040506000106070803000102080904000103090a050001040a0b060001050b0c07020002060c0d080002070d0e0f09030003080f0a040004090f100b0500050a10110c0600060b11120d0700070c12130e0800080d13140f00080e1415100a09000a0f15110b000b101516120c000c1116130d000d1216140e000e1316150f000f1416111000111514131200 40 0 1 2 0 2 3 0 3 4 0 4 5 0 5 1 1 2 6 1 6 7 1 7 8 1 8 9 1 9 5 2 3 10 2 10 11 2 11 12 2 12 6 3 4 13 3 13 14 3 14 10 4 5 15 4 15 13 5 9 15 9 8 16 9 16 15 15 16 13 13 16 14 16 8 17 16 17 14 8 7 17 14 17 18 14 18 10 17 7 19 17 19 18 7 6 20 7 20 19 6 12 20 10 18 11 18 19 21 18 21 11 19 20 21 20 12 21 12 11 21
G 22 0203040506000106070803000102080904000103090a050001040a0b060001050b07020002060b0c080002070c0d09030003080d0e0f0a040004090f100b0500050a10110c070600070b1112130d0800080c130e0900090d1314150f00090e15100a000a0f1516110b000b1016120c000c11161413000c12140e0d000e13121615000e1416100f00101514121100 40 0 1 2 0 2 3 0 3 4 0 4 5 0 5 1 1 2 6 1 6 7 1 7 8 1 8 9 1 9 5 2 3 10 2 10 11 2 11 12 2 12 6 3 4 13 3 13 14 3 14 10 4 5 15 4 15 13 5 9 15 9 8 16 9 16 15 15 16 13 13 16 14 16 8 17 16 17 14 8 7 17 14 17 10 17 7 18 17 18 19 17 19 10 10 19 11 7 6 20 7 20 18 6 12 20 12 11 21 12 21 20 11 19 21 19 18 21 18 20 21
G 22 0203040506000106070803000102080904000103090a050001040a0b060001050b07020002060b0c080002070c0d09030003080d0e0f0a040004090f10110b0500050a11120c070600070b1213140d0800080c140e0900090d14150f00090e15100a000a0f151611000a1016120b000b1116130c000c12161514000c13150e0d000e141316100f00101513121100 40 0 1 2 0 2 3 0 3 4 0 4 5 0 5 1 1 2 6 1 6 7 1 7 8 1 8 9 1 9 5 2 3 10 2 10 11 2 11 12 2 12 6 3 4 13 3 13 14 3 14 10 4 5 15 4 15 13 5 9 15 9 8 16 9 16 15 15 16 13 13 16 14 16 8 14 8 7 17 8 17 18 8 18 14 14 18 19 14 19 10 10 19 11 19 18 20 19 20 11 18 17 20 11 20 12 20 17 21 20 21 12 17 7 21 7 6 21 6 12 21
G 22 0203040506000106070803000102080904000103090a050001040a0b060001050b07020002060b0c080002070c0d09030003080d0a040004090d0e0f0b0500050a0f100c070600070b1011120d0800080c12130e0a09000a0d13140f000a0e1415100b000b0f15110c000c10151612000c1116130d000d1216140e000e1316150f000f1416111000111514131200 40 0 1 2 0 2 3 0 3 4 0 4 5 0 5 1 1 2 6 1 6 7 1 7 8 1 8 9 1 9 5 2 3 10 2 10 11 2 11 12 2 12 6 3 4 13 3 13 14 3 14 10 4 5 15 4 15 13 5 9 15 9 8 16 9 16 15 15 16 13 13 16 14 16 8 14 8 7 17 8 17 10 8 10 14 10 17 18 10 18 11 17 7 19 17 19 18 7 6 20 7 20 19 6 12 20 12 11 21 12 21 20 11 18 21 18 19 21 19 20 21
G 22 0203040506000106070803000102080904000103090a050001040a0b060001050b07020002060b0c080002070c0d09030003080d0e0a040004090e0f0b0500050a0f100c070600070b1011120d0800080c12130e0900090d13140f0a000a0e1415100b000b0f15110c000c10151612000c1116130d000d1216140e000e1316150f000f1416111000111514131200 40 0 1 2 0 2 3 0 3 4 0 4 5 0 5 1 1 2 6 1 6 7 1 7 8 1 8 9 1 9 5 2 3 10 2 10 11 2 11 12 2 12 6 3 4 13 3 13 14 3 14 10 4 5 15 4 15 13 5 9 15 9 8 16 9 16 15 15 16 13 13 16 14 16 8 14 8 7 17 8 17 14 14 17 10 10 17 18 10 18 11 17 7 19 17 19 18 7 6 20 7 20 19 6 12 20 12 11 21 12 21 20 11 18 21 18 19 21 19 20 21
G 22 0203040506000106070803000102080904000103090a050001040a0b060001050b0c0d07020002060d0e080002070e0f09030003080f100a040004091011120b0500050a120c0600060b121314150d00060c150e0700070d150f0800080e151416100900090f16110a000a10161312000a11130c0b000c12111614000c13160f15000c140f0e0d000f1413111000 40 0 1 2 0 2 3 0 3 4 0 4 5 0 5 1 1 2 6 1 6 7 1 7 8 1 8 9 1 9 5 2 3 10 2 10 11 2 11 12 2 12 6 3 4 13 3 13 10 4 5 14 4 14 15 4 15 16 4 16 13 5 9 14 9 8 17 9 17 14 14 17 15 17 8 18 17 18 15 8 7 18 15 18 19 15 19 16 18 7 20 18 20 19 7 6 20 6 12 20 20 12 19 12 11 19 19 11 21 19 21 16 11 10 21 10 13 21 13 16 21
G 22 0203040506000106070803000102080904000103090a050001040a0b060001050b0c07020002060c0d0e0f080002070f09030003080f10110a04000409110b0500050a1112130c0600060b13140d0700070c14150e00070d15100f00070e10090800090f0e15161211000910120b0a000b11101613000b1216140c000c1316150d000d1416100e00101514131200 40 0 1 2 0 2 3 0 3 4 0 4 5 0 5 1 1 2 6 1 6 7 1 7 8 1 8 9 1 9 5 2 3 10 2 10 11 2 11 12 2 12 6 3 4 13 3 13 10 4 5 14 4 14 15 4 15 16 4 16 13 5 9 14 9 8 17 9 17 14 14 17 15 17 8 18 17 18 15 8 7 18 15 18 19 15 19 16 18 7 19 7 6 19 6 12 19 19 12 20 19 20 16 12 11 20 16 20 21 16 21 13 20 11 21 11 10 21 10 13 21
G 22 0203040506000106070803000102080904000103090a050001040a0b060001050b0c0d07020002060d0e080002070e09030003080e0f100a0400040910110b0500050a11120c0600060b1213140d00060c140e0700070d14150f090800090e15161000090f16110a000a1016120b000b1116130c000c12161514000c13150e0d000e1413160f000f151312111000 40 0 1 2 0 2 3 0 3 4 0 4 5 0 5 1 1 2 6 1 6 7 1 7 8 1 8 9 1 9 5 2 3 10 2 10 11 2 11 12 2 12 6 3 4 13 3 13 10 4 5 14 4 14 15 4 15 13 5 9 14 9 8 16 9 16 17 9 17 14 14 17 15 17 16 18 17 18 19 17 19 15 15 19 13 13 19 10 19 18 11 19 11 10 11 18 12 18 16 20 18 20 21 18 21 12 16 8 20 8 7 20 12 21 6 20 7 21 7 6 21
G 22 0203040506000106070803000102080904000103090a050001040a0b060001050b0c07020002060c0d080002070d09030003080d0e0f0a040004090f100b0500050a1011120c0600060b12130d0700070c13140e090800090d14150f00090e15100a000a0f15110b000b10151612000b1116130c000c1216140d000d1316150e000e141611100f00111514131200 40 0 1 2 0 2 3 0 3 4 0 4 5 0 5 1 1 2 6 1 6 7 1 7 8 1 8 9 1 9 5 2 3 10 2 10 11 2 11 12 2 12 6 3 4 13 3 13 10 4 5 14 4 14 15 4 15 13 5 9 14 9 8 16 9 16 17 9 17 14 14 17 15 17 16 18 17 18 11 17 11 19 17 19 15 11 10 19 10 13 19 13 15 19 11 18 12 18 16 20 18 20 21 18 21 12 16 8 20 8 7 20 12 21 6 20 7 21 7 6 21
G 22 0203040506000106070803000102080904000103090a050001040a0b060001050b0c07020002060c0d080002070d0e0f09030003080f10110a04000409110b0500050a11120c0600060b1213140d0700070c140e0800080d14150f00080e15100900090f15161100091016120b0a000b1116130c000c12161514000c13150e0d000e141316100f00101513121100 40 0 1 2 0 2 3 0 3 4 0 4 5 0 5 1 1 2 6 1 6 7 1 7 8 1 8 9 1 9 5 2 3 10 2 10 11 2 11 12 2 12 6 3 4 13 3 13 10 4 5 14 4 14 15 4 15 13 5 9 14 9 8 16 9 16 17 9 17 14 14 17 15 17 16 18 17 18 15 15 18 13 13 18 10 18 16 19 18 19 11 18 11 10 16 8 20 16 20 19 8 7 20 11 19 12 19 20 21 19 21 12 20 7 21 7 6 21 6 12 21
G 22 0203040506000106070803000102080904000103090a050001040a0b060001050b07020002060b0c080002070c0d0e09030003080e0f0a040004090f10110b0500050a11120c070600070b12130d0800080c13140e00080d14150f0900090e15100a000a0f151611000a1016120b000b1116130c000c1216140d000d1316150e000e1416100f0010151413121100 40 0 1 2 0 2 3 0 3 4 0 4 5 0 5 1 1 2 6 1 6 7 1 7 8 1 8 9 1 9 5 2 3 10 2 10 11 2 11 12 2 12 6 3 4 13 3 13 10 4 5 14 4 14 15 4 15 13 5 9 14 9 8 16 9 16 17 9 17 14 14 17 15 17 16 18 17 18 15 15 18 13 13 18 10 18 16 11 18 11 10 16 8 19 16 19 20 16 20 11 11 20 12 8 7 19 7 6 21 7 21 19 6 12 21 12 20 21 20 19 21
G 22 0203040506000106070803000102080904000103090a050001040a0b060001050b07020002060b0c080002070c0d09030003080d0e0f0a040004090f10110b0500050a11120c070600070b12130d0800080c13140e0900090d14150f00090e15100a000a0f151611000a1016120b000b1116130c000c1216140d000d1316150e000e1416100f0010151413121100 40 0 1 2 0 2 3 0 3 4 0 4 5 0 5 1 1 2 6 1 6 7 1 7 8 1 8 9 1 9 5 2 3 10 2 10 11 2 11 12 2 12 6 3 4 13 3 13 10 4 5 14 4 14 15 4 15 13 5 9 14 9 8 16 9 16 17 9 17 14 14 17 15 17 16 11 11 10 18 11 18 17 17 18 15 10 13 18 13 15 18 11 16 19 11 19 12 16 8 20 16 20 19 8 7 20 7 6 21 7 21 20 6 12 21 12 19 21 19 20 21
G 22 0203040506000106070803000102080904000103090a050001040a0b060001050b0c0d07020002060d0e080002070e0f09030003080f10110a04000409110b0500050a1112130c0600060b13140d00060c140e0700070d14150f0800080e15100900090f15161211000910120b0a000b11101613000b1216140c000c1316150e0d000e1416100f00101514131200 40 0 1 2 0 2 3 0 3 4 0 4 5 0 5 1 1 2 6 1 6 7 1 7 8 1 8 9 1 9 5 2 3 10 2 10 11 2 11 12 2 12 6 3 4 13 3 13 10 4 5 14 4 14 15 4 15 13 5 9 14 9 8 16 9 16 14 14 16 17 14 17 15 16 8 18 16 18 19 16 19 17 8 7 18 7 6 20 7 20 18 6 12 20 18 20 19 20 12 19 12 11 19 19 11 21 19 21 17 11 10 21 10 13 21 13 15 21 21 15 17
G 22 0203040506000106070803000102080904000103090a050001040a0b060001050b0c07020002060c0d080002070d0e0f09030003080f100a0400040910110b0500050a11120c0600060b120d0700070c1213140e0800080d14150f00080e15100900090f1516110a000a101613120b000b11130d0c000d12111614000d1316150e000e1416100f00101514131100 40 0 1 2 0 2 3 0 3 4 0 4 5 0 5 1 1 2 6 1 6 7 1 7 8 1 8 9 1 9 5 2 3 10 2 10 11 2 11 12 2 12 6 3 4 13 3 13 10 4 5 14 4 14 15 4 15 13 5 9 14 9 8 16 9 16 14 14 16 17 14 17 15 16 8 18 16 18 19 16 19 17 8 7 18 7 6 20 7 20 18 6 12 20 18 20 19 20 12 19 12 11 19 19 11 17 11 10 21 11 21 17 17 21 15 10 13 21 13 15 21
G 22 0203040506000106070803000102080904000103090a050001040a0b060001050b0c0d07020002060d0e080002070e0f1009030003081011120a04000409120b0500050a1213140c0600060b14150d00060c150e0700070d150f0800080e15161000080f161109000910161312000911130b0a000b12111614000b1316150c000c14160f0e0d000f151413111000 40 0 1 2 0 2 3 0 3 4 0 4 5 0 5 1 1 2 6 1 6 7 1 7 8 1 8 9 1 9 5 2 3 10 2 10 11 2 11 12 2 12 6 3 4 13 3 13 10 4 5 14 4 14 15 4 15 13 5 9 14 9 8 16 9 16 14 14 16 17 14 17 15 16 8 18 16 18 17 8 7 18 7 6 19 7 19 18 6 12 19 18 19 20 18 20 21 18 21 17 19 12 20 12 11 20 17 21 15 20 11 21 11 10 21 21 10 13 21 13 15
G 22 0203040506000106070803000102080904000103090a050001040a0b0c060001050c0d07020002060d0e080002070e0f1009030003081011120a04000409120b0500050a12130c00050b13140d0600060c14150e0700070d150f0800080e15161000080f161109000910161312000911130b0a000b121116140c000c1316150d000d14160f0e000f151413111000 40 0 1 2 0 2 3 0 3 4 0 4 5 0 5 1 1 2 6 1 6 7 1 7 8 1 8 9 1 9 5 2 3 10 2 10 11 2 11 12 2 12 6 3 4 13 3 13 10 4 5 14 4 14 15 4 15 13 5 9 14 9 8 16 9 16 14 14 16 17 14 17 15 16 8 18 16 18 17 8 7 18 7 6 19 7 19 18 6 12 19 18 19 20 18 20 17 19 12 20 12 11 20 17 20 21 17 21 15 20 11 21 11 10 21 10 13 21 21 13 15
G 22 0203040506000106070803000102080904000103090a050001040a0b060001050b0c07020002060c0d080002070d0e0f09030003080f100a040004091011120b0500050a12130c0600060b130d0700070c1314150e0800080d15160f00080e16100900090f16110a000a1016151412000a1114130b000b12140d0c000d13121115000d1411160e000e1511100f00 40 0 1 2 0 2 3 0 3 4 0 4 5 0 5 1 1 2 6 1 6 7 1 7 8 1 8 9 1 9 5 2 3 10 2 10 11 2 11 12 2 12 6 3 4 13 3 13 10 4 5 14 4 14 15 4 15 13 5 9 14 9 8 16 9 16 14 14 16 17 14 17 15 16 8 18 16 18 17 8 7 18 7 6 19 7 19 18 6 12 19 18 19 20 18 20 17 19 12 20 12 11 20 17 20 11 17 11 21 17 21 15 11 10 21 10 13 21 13 15 21
G 22 0203040506000106070803000102080904000103090a050001040a0b060001050b0c0d07020002060d0e080002070e0f09030003080f100a040004091011120b0500050a120c0600060b12130d00060c1314150e0700070d150f0800080e1516100900090f16110a000a1016141312000a11130c0b000c1211140d000d13111615000d14160f0e000f1514111000 40 0 1 2 0 2 3 0 3 4 0 4 5 0 5 1 1 2 6 1 6 7 1 7 8 1 8 9 1 9 5 2 3 10 2 10 11 2 11 12 2 12 6 3 4 13 3 13 10 4 5 14 4 14 15 4 15 13 5 9 14 9 8 16 9 16 14 14 16 17 14 17 15 16 8 18 16 18 17 8 7 18 7 6 19 7 19 18 6 12 19 18 19 20 18 20 17 19 12 20 12 11 20 17 20 15 20 11 21 20 21 15 15 21 13 11 10 21 10 13 21
G 22 0203040506000106070803000102080904000103090a050001040a0b060001050b0c0d07020002060d0e080002070e0f09030003080f10110a0400040911120b0500050a120c0600060b12130d00060c1314150e0700070d150f0800080e15100900090f1514161100091016120a000a1116130c0b000c1216140d000d13161015000d14100f0e00101413121100 40 0 1 2 0 2 3 0 3 4 0 4 5 0 5 1 1 2 6 1 6 7 1 7 8 1 8 9 1 9 5 2 3 10 2 10 11 2 11 12 2 12 6 3 4 13 3 13 10 4 5 14 4 14 15 4 15 13 5 9 14 9 8 16 9 16 14 14 16 17 14 17 15 16 8 18 16 18 17 8 7 18 7 6 19 7 19 18 6 12 19 18 19 17 19 12 20 19 20 17 17 20 21 17 21 15 12 11 20 15 21 13 20 11 21 11 10 21 21 10 13
G 22 0203040506000106070803000102080904000103090a050001040a0b060001050b0c0d07020002060d0e080002070e0f09030003080f100a0400040910110b0500050a110c0600060b11120d00060c1213140e0700070d140f0800080e1415100900090f1516110a000a1016120c0b000c1116130d000d12161514000d13150f0e000f1413161000101513121100 40 0 1 2 0 2 3 0 3 4 0 4 5 0 5 1 1 2 6 1 6 7 1 7 8 1 8 9 1 9 5 2 3 10 2 10 11 2 11 12 2 12 6 3 4 13 3 13 10 4 5 14 4 14 15 4 15 13 5 9 14 9 8 16 9 16 14 14 16 17 14 17 15 16 8 18 16 18 17 8 7 18 7 6 19 7 19 18 6 12 19 18 19 17 19 12 20 19 20 17 17 20 15 12 11 20 15 20 21 15 21 13 20 11 21 11 10 21 10 13 21
G 22 0203040506000106070803000102080904000103090a050001040a0b060001050b0c07020002060c0d0e080002070e0f1009030003081011120a04000409120b0500050a1213140c0600060b140d0700070c14150e00070d150f0800080e15161000080f161109000910161312000911130b0a000b12111614000b1316150d0c000d14160f0e000f151413111000 40 0 1 2 0 2 3 0 3 4 0 4 5 0 5 1 1 2 6 1 6 7 1 7 8 1 8 9 1 9 5 2 3 10 2 10 11 2 11 12 2 12 6 3 4 13 3 13 10 4 5 14 4 14 15 4 15 13 5 9 14 9 8 16 9 16 14 14 16 15 16 8 17 16 17 18 16 18 19 16 19 15 8 7 17 15 19 20 15 20 13 13 20 10 10 20 11 20 19 11 19 18 11 11 18 12 18 17 21 18 21 12 17 7 21 7 6 21 6 12 21
G 22 0203040506000106070803000102080904000103090a0b050001040b0c060001050c0d0e07020002060e0f080002070f10110903000308110a0400040911120b00040a120c0500050b1213140d0600060c14150e00060d150f0700070e15100800080f1516110008101613120a09000a11130c0b000c12111614000c1316150d000d1416100f0e00101514131100 40 0 1 2 0 2 3 0 3 4 0 4 5 0 5 1 1 2 6 1 6 7 1 7 8 1 8 9 1 9 5 2 3 10 2 10 11 2 11 12 2 12 6 3 4 13 3 13 10 4 5 14 4 14 15 4 15 13 5 9 14 9 8 16 9 16 14 14 16 15 16 8 17 16 17 18 16 18 19 16 19 15 8 7 17 15 19 13 13 19 10 19 18 20 19 20 11 19 11 10 11 20 12 20 18 21 20 21 12 18 17 21 17 7 21 7 6 21 21 6 12
G 22 0203040506000106070803000102080904000103090a050001040a0b060001050b0c07020002060c0d080002070d0e09030003080e0f100a040004091011120b0500050a120c0600060b1213140d0700070c14150e0800080d150f0900090e15161000090f16110a000a10161312000a11130c0b000c12111614000c1316150d000d14160f0e000f151413111000 40 0 1 2 0 2 3 0 3 4 0 4 5 0 5 1 1 2 6 1 6 7 1 7 8 1 8 9 1 9 5 2 3 10 2 10 11 2 11 12 2 12 6 3 4 13 3 13 10 4 5 14 4 14 15 4 15 13 5 9 14 9 8 16 9 16 14 14 16 15 16 8 17 16 17 18 16 18 19 16 19 15 8 7 17 15 19 13 13 19 10 19 18 11 19 11 10 11 18 20 11 20 12 18 17 20 17 7 21 17 21 20 7 6 21 6 12 21 12 20 21
G 22 0203040506000106070803000102080904000103090a050001040a0b060001050b07020002060b0c0d080002070d0e09030003080e0f0a040004090f10110b0500050a11120c070600070b12130d00070c13140e0800080d14150f0900090e15100a000a0f151611000a1016120b000b1116130c000c1216140d000d1316150e000e1416100f0010151413121100 40 0 1 2 0 2 3 0 3 4 0 4 5 0 5 1 1 2 6 1 6 7 1 7 8 1 8 9 1 9 5 2 3 10 2 10 11 2 11 12 2 12 6 3 4 13 3 13 10 4 5 14 4 14 15 4 15 13 5 9 14 9 8 16 9 16 14 14 16 15 16 8 17 16 17 18 16 18 15 8 7 19 8 19 17 15 18 13 13 18 10 18 17 11 18 11 10 17 19 20 17 20 11 11 20 12 20 19 21 20 21 12 19 7 21 7 6 21 6 12 21
G 22 0203040506000106070803000102080904000103090a0b050001040b0c060001050c0d0e07020002060e0f080002070f10090300030810110a0400040911120b00040a120c0500050b1213140d0600060c14150e00060d150f0700070e15100800080f151611090009101613120a000a11130c0b000c12111614000c1316150d000d1416100f0e00101514131100 40 0 1 2 0 2 3 0 3 4 0 4 5 0 5 1 1 2 6 1 6 7 1 7 8 1 8 9 1 9 5 2 3 10 2 10 11 2 11 12 2 12 6 3 4 13 3 13 10 4 5 14 4 14 15 4 15 13 5 9 14 9 8 16 9 16 14 14 16 15 16 8 17 16 17 18 16 18 15 8 7 17 15 18 19 15 19 13 13 19 10 10 19 11 19 18 20 19 20 11 18 17 21 18 21 20 17 7 21 7 6 21 6 12 21 21 12 20 12 11 20
G 22 0203040506000106070803000102080904000103090a050001040a0b0c060001050c0d07020002060d0e080002070e0f1009030003081011120a04000409120b0500050a1213140c00050b140d0600060c14150e0700070d150f0800080e15161000080f161109000910161312000911130b0a000b12111614000b1316150d0c000d14160f0e000f151413111000 40 0 1 2 0 2 3 0 3 4 0 4 5 0 5 1 1 2 6 1 6 7 1 7 8 1 8 9 1 9 5 2 3 10 2 10 11 2 11 12 2 12 6 3 4 13 3 13 10 4 5 14 4 14 15 4 15 13 5 9 14 9 8 16 9 16 14 14 16 15 16 8 17 16 17 18 16 18 15 8 7 17 15 18 19 15 19 13 13 19 10 10 19 11 19 18 20 19 20 11 18 17 20 17 7 21 17 21 20 7 6 21 6 12 21 11 20 12 20 21 12
G 22 0203040506000106070803000102080904000103090a050001040a0b060001050b0c07020002060c0d080002070d0e0f09030003080f10110a0400040911120b0500050a12130c0600060b13140d0700070c140e0800080d14150f00080e15100900090f15161100091016120a000a1116130b000b121615140c000c13150e0d000e141316100f00101513121100 40 0 1 2 0 2 3 0 3 4 0 4 5 0 5 1 1 2 6 1 6 7 1 7 8 1 8 9 1 9 5 2 3 10 2 10 11 2 11 12 2 12 6 3 4 13 3 13 10 4 5 14 4 14 15 4 15 13 5 9 14 9 8 16 9 16 14 14 16 15 16 8 17 16 17 18 16 18 15 8 7 17 15 18 19 15 19 13 13 19 10 10 19 11 19 18 11 18 17 20 18 20 11 11 20 12 17 7 21 17 21 20 7 6 21 6 12 21 12 20 21
G 22 0203040506000106070803000102080904000103090a050001040a0b060001050b0c0d07020002060d0e080002070e0f09030003080f10110a040004091112130b0500050a130c0600060b13140d00060c1415160e0700070d160f0800080e16100900090f16151100091015120a000a11151413000a12140c0b000c1312150d000d1412111016000d15100f0e00 40 0 1 2 0 2 3 0 3 4 0 4 5 0 5 1 1 2 6 1 6 7 1 7 8 1 8 9 1 9 5 2 3 10 2 10 11 2 11 12 2 12 6 3 4 13 3 13 10 4 5 14 4 14 15 4 15 13 5 9 14 9 8 16 9 16 14 14 16 15 16 8 17 16 17 15 8 7 18 8 18 17 15 17 19 15 19 20 15 20 13 17 18 19 13 20 10 10 20 11 20 19 11 19 18 21 19 21 12 19 12 11 18 7 21 7 6 21 6 12 21
G 22 0203040506000106070803000102080904000103090a050001040a0b060001050b07020002060b0c0d080002070d0e0f09030003080f100a040004091011120b0500050a12130c070600070b13140d00070c140e0800080d1415160f00080e16100900090f16110a000a10161512000a1115130b000b1215140c000c13150e0d000e1413121116000e1511100f00 40 0 1 2 0 2 3 0 3 4 0 4 5 0 5 1 1 2 6 1 6 7 1 7 8 1 8 9 1 9 5 2 3 10 2 10 11 2 11 12 2 12 6 3 4 13 3 13 10 4 5 14 4 14 15 4 15 13 5 9 14 9 8 16 9 16 14 14 16 15 16 8 17 16 17 15 8 7 18 8 18 17 15 17 19 15 19 13 17 18 20 17 20 11 17 11 19 11 10 19 10 13 19 11 20 12 20 18 21 20 21 12 18 7 21 7 6 21 6 12 21
G 22 0203040506000106070803000102080904000103090a050001040a0b060001050b0c07020002060c0d080002070d0e0f09030003080f10110a040004091112130b0500050a130c0600060b13140d0700070c140e0800080d14150f00080e15100900090f15161100091016120a000a11161413000a12140c0b000c131216150e0d000e1416100f00101514121100 40 0 1 2 0 2 3 0 3 4 0 4 5 0 5 1 1 2 6 1 6 7 1 7 8 1 8 9 1 9 5 2 3 10 2 10 11 2 11 12 2 12 6 3 4 13 3 13 10 4 5 14 4 14 13 5 9 14 9 8 15 9 15 16 9 16 17 9 17 14 14 17 13 13 17 18 13 18 10 17 16 18 10 18 11 18 16 19 18 19 11 16 15 19 11 19 12 19 15 20 19 20 21 19 21 12 15 8 20 8 7 20 12 21 6 20 7 21 7 6 21
G 22 0203040506000106070803000102080904000103090a050001040a0b060001050b0c07020002060c0d080002070d09030003080d0e0f0a040004090f10110b0500050a11120c0600060b12130d0700070c13140e090800090d14150f00090e15100a000a0f151611000a1016120b000b1116130c000c1216140d000d1316150e000e1416100f0010151413121100 40 0 1 2 0 2 3 0 3 4 0 4 5 0 5 1 1 2 6 1 6 7 1 7 8 1 8 9 1 9 5 2 3 10 2 10 11 2 11 12 2 12 6 3 4 13 3 13 10 4 5 14 4 14 13 5 9 14 9 8 15 9 15 16 9 16 17 9 17 14 14 17 13 13 17 18 13 18 10 17 16 18 10 18 11 18 16 11 16 15 19 16 19 11 11 19 12 19 15 20 19 20 21 19 21 12 15 8 20 8 7 20 12 21 6 20 7 21 7 6 21
G 22 0203040506000106070803000102080904000103090a050001040a0b060001050b07020002060b0c0d080002070d0e09030003080e0f100a040004091011120b0500050a12130c070600070b13140d00070c140e0800080d140f0900090e14151000090f15110a000a10151612000a1116130b000b1216140c000c1316150f0e0d000f1416111000111514131200 40 0 1 2 0 2 3 0 3 4 0 4 5 0 5 1 1 2 6 1 6 7 1 7 8 1 8 9 1 9 5 2 3 10 2 10 11 2 11 12 2 12 6 3 4 13 3 13 10 4 5 14 4 14 13 5 9 14 9 8 15 9 15 16 9 16 17 9 17 14 14 17 13 13 17 10 17 16 18 17 18 10 10 18 11 18 16 19 18 19 11 16 15 19 11 19 12 19 15 20 19 20 21 19 21 12 15 8 20 8 7 20 12 21 6 20 7 21 7 6 21
G 22 0203040506000106070803000102080904000103090a050001040a0b060001050b07020002060b0c080002070c0d09030003080d0e0f0a040004090f10110b0500050a11120c070600070b120d0800080c1213140e0900090d14150f00090e15100a000a0f151611000a101613120b000b11130d0c000d12111614000d1316150e000e1416100f00101514131100 40 0 1 2 0 2 3 0 3 4 0 4 5 0 5 1 1 2 6 1 6 7 1 7 8 1 8 9 1 9 5 2 3 10 2 10 11 2 11 12 2 12 6 3 4 13 3 13 10 4 5 14 4 14 13 5 9 14 9 8 15 9 15 16 9 16 17 9 17 14 14 17 13 13 17 10 17 16 11 17 11 10 11 16 12 16 15 18 16 18 19 16 19 12 12 19 6 6 19 20 6 20 7 19 18 20 18 15 21 18 21 20 15 8 21 8 7 21 7 20 21
G 22 0203040506000106070803000102080904000103090a050001040a0b060001050b0c0d07020002060d0e080002070e09030003080e0f100a0400040910110b0500050a110c0600060b11120d00060c12130e0700070d13140f090800090e14151000090f15110a000a101516120c0b000c1116130d000d1216140e000e1316150f000f1416111000111514131200 40 0 1 2 0 2 3 0 3 4 0 4 5 0 5 1 1 2 6 1 6 7 1 7 8 1 8 9 1 9 5 2 3 10 2 10 11 2 11 12 2 12 6 3 4 13 3 13 10 4 5 14 4 14 13 5 9 14 9 8 15 9 15 16 9 16 14 14 16 17 14 17 18 14 18 13 13 18 10 10 18 11 18 17 11 11 17 19 11 19 12 17 16 19 16 15 19 19 15 20 19 20 21 19 21 12 15 8 20 8 7 20 12 21 6 20 7 21 7 6 21
G 22 0203040506000106070803000102080904000103090a050001040a0b060001050b0c07020002060c0d080002070d0e09030003080e0f100a040004091011120b0500050a12130c0600060b13140d0700070c140e0800080d140f0900090e14151000090f15110a000a10151612000a1116130b000b1216140c000c1316150f0e0d000f1416111000111514131200 40 0 1 2 0 2 3 0 3 4 0 4 5 0 5 1 1 2 6 1 6 7 1 7 8 1 8 9 1 9 5 2 3 10 2 10 11 2 11 12 2 12 6 3 4 13 3 13 10 4 5 14 4 14 13 5 9 14 9 8 15 9 15 16 9 16 14 14 16 17 14 17 13 13 17 10 10 17 18 10 18 11 17 16 18 16 15 19 16 19 18 18 19 11 11 19 12 19 15 20 19 20 21 19 21 12 15 8 20 8 7 20 12 21 6 20 7 21 7 6 21
G 22 0203040506000106070803000102080904000103090a050001040a0b060001050b0c07020002060c0d080002070d0e09030003080e0f100a040004091011120b0500050a12130c0600060b130d0700070c1314150e0800080d150f0900090e15161000090f16110a000a10161412000a1114130b000b12140d0c000d1312111615000d14160f0e000f1514111000 40 0 1 2 0 2 3 0 3 4 0 4 5 0 5 1 1 2 6 1 6 7 1 7 8 1 8 9 1 9 5 2 3 10 2 10 11 2 11 12 2 12 6 3 4 13 3 13 10 4 5 14 4 14 13 5 9 14 9 8 15 9 15 16 9 16 14 14 16 17 14 17 13 13 17 10 10 17 18 10 18 11 17 16 18 16 15 18 18 15 19 18 19 20 18 20 11 15 8 19 8 7 19 11 20 12 19 7 21 19 21 20 7 6 21 6 12 21 12 20 21
G 22 0203040506000106070803000102080904000103090a050001040a0b060001050b0c07020002060c0d080002070d0e09030003080e0f100a040004091011120b0500050a12130c0600060b130d0700070c13140e0800080d140f0900090e14151000090f15110a000a10151612000a1116130b000b1216140d0c000d1316150f0e000f1416111000111514131200 40 0 1 2 0 2 3 0 3 4 0 4 5 0 5 1 1 2 6 1 6 7 1 7 8 1 8 9 1 9 5 2 3 10 2 10 11 2 11 12 2 12 6 3 4 13 3 13 10 4 5 14 4 14 13 5 9 14 9 8 15 9 15 16 9 16 14 14 16 17 14 17 13 13 17 10 10 17 18 10 18 11 17 16 18 16 15 18 18 15 19 18 19 11 15 8 20 15 20 19 8 7 20 11 19 12 19 20 21 19 21 12 20 7 21 7 6 21 6 12 21
G 22 0203040506000106070803000102080904000103090a050001040a0b060001050b07020002060b0c080002070c0d0e09030003080e0f0a040004090f10110b0500050a11120c070600070b12130d0800080c13140e00080d140f0900090e1415100a000a0f151611000a1016120b000b1116130c000c121615140d000d13150f0e000f1413161000101513121100 40 0 1 2 0 2 3 0 3 4 0 4 5 0 5 1 1 2 6 1 6 7 1 7 8 1 8 9 1 9 5 2 3 10 2 10 11 2 11 12 2 12 6 3 4 13 3 13 10 4 5 14 4 14 13 5 9 14 9 8 15 9 15 16 9 16 14 14 16 17 14 17 13 13 17 10 10 17 18 10 18 11 17 16 18 16 15 18 18 15 11 15 8 19 15 19 20 15 20 11 11 20 12 8 7 19 7 6 21 7 21 19 6 12 21 12 20 21 20 19 21
G 22 0203040506000106070803000102080904000103090a050001040a0b060001050b0c07020002060c0d0e080002070e0f1009030003081011120a04000409120b0500050a1213140c0600060b140d0700070c14150e00070d150f0800080e15161000080f161109000910161312000911130b0a000b1211161514000b13150d0c000d1413160f0e000f1513111000 40 0 1 2 0 2 3 0 3 4 0 4 5 0 5 1 1 2 6 1 6 7 1 7 8 1 8 9 1 9 5 2 3 10 2 10 11 2 11 12 2 12 6 3 4 13 3 13 10 4 5 14 4 14 13 5 9 14 9 8 15 9 15 16 9 16 14 14 16 17 14 17 13 13 17 10 10 17 11 17 16 18 17 18 19 17 19 11 16 15 18 11 19 12 19 18 20 19 20 21 19 21 12 18 15 20 15 8 20 8 7 20 20 7 21 7 6 21 6 12 21
G 22 0203040506000106070803000102080904000103090a050001040a0b060001050b0c07020002060c0d080002070d0e0f09030003080f10110a0400040911120b0500050a12130c0600060b130d0700070c13140e0800080d14150f00080e15100900090f15161100091016120a000a111614130b000b12140d0c000d131216150e000e1416100f00101514121100 40 0 1 2 0 2 3 0 3 4 0 4 5 0 5 1 1 2 6 1 6 7 1 7 8 1 8 9 1 9 5 2 3 10 2 10 11 2 11 12 2 12 6 3 4 13 3 13 10 4 5 14 4 14 13 5 9 14 9 8 15 9 15 16 9 16 14 14 16 17 14 17 13 13 17 10 10 17 11 17 16 18 17 18 11 16 15 18 11 18 19 11 19 12 18 15 20 18 20 19 15 8 20 8 7 20 20 7 21 20 21 19 7 6 21 6 12 21 12 19 21
G 22 0203040506000106070803000102080904000103090a050001040a0b060001050b0c07020002060c0d0e080002070e09030003080e0f100a040004091011120b0500050a12130c0600060b130d0700070c13140e00070d140f090800090e14151000090f15110a000a10151612000a1116130b000b1216140d0c000d1316150f0e000f1416111000111514131200 40 0 1 2 0 2 3 0 3 4 0 4 5 0 5 1 1 2 6 1 6 7 1 7 8 1 8 9 1 9 5 2 3 10 2 10 11 2 11 12 2 12 6 3 4 13 3 13 10 4 5 14 4 14 13 5 9 14 9 8 15 9 15 16 9 16 14 14 16 17 14 17 13 13 17 10 10 17 11 17 16 18 17 18 11 16 15 18 11 18 19 11 19 12 18 15 19 15 8 20 15 20 19 8 7 20 19 20 21 19 21 12 20 7 21 7 6 21 6 12 21
G 22 0203040506000106070803000102080904000103090a050001040a0b060001050b0c0d07020002060d0e080002070e0f09030003080f10110a04000409110b0500050a1112130c0600060b13140d00060c140e0700070d1415160f0800080e16100900090f161211000910120b0a000b1110161513000b1215140c000c13150e0d000e14131216000e1512100f00 40 0 1 2 0 2 3 0 3 4 0 4 5 0 5 1 1 2 6 1 6 7 1 7 8 1 8 9 1 9 5 2 3 10 2 10 11 2 11 12 2 12 6 3 4 13 3 13 10 4 5 14 4 14 13 5 9 14 9 8 15 9 15 16 9 16 14 14 16 13 13 16 17 13 17 18 13 18 10 16 15 17 10 18 11 18 17 19 18 19 20 18 20 11 17 15 19 15 8 19 8 7 19 19 7 21 19 21 20 7 6 21 6 12 21 11 20 12 20 21 12
G 22 0203040506000106070803000102080904000103090a050001040a0b060001050b0c0d07020002060d0e080002070e0f09030003080f10110a040004091112130b0500050a130c0600060b13140d00060c14150e0700070d150f0800080e15100900090f15161100091016120a000a11161413000a12140c0b000c131216150d000d1416100f0e00101514121100 40 0 1 2 0 2 3 0 3 4 0 4 5 0 5 1 1 2 6 1 6 7 1 7 8 1 8 9 1 9 5 2 3 10 2 10 11 2 11 12 2 12 6 3 4 13 3 13 10 4 5 14 4 14 13 5 9 14 9 8 15 9 15 16 9 16 14 14 16 13 13 16 17 13 17 18 13 18 10 16 15 17 10 18 11 18 17 19 18 19 11 17 15 20 17 20 19 15 8 20 8 7 20 11 19 12 19 20 21 19 21 12 20 7 21 7 6 21 6 12 21
G 22 0203040506000106070803000102080904000103090a050001040a0b060001050b0c0d07020002060d0e080002070e0f09030003080f10110a040004091112130b0500050a130c0600060b13140d00060c140e0700070d14150f0800080e15100900090f15161100091016120a000a11161413000a12140c0b000c131216150e0d000e1416100f00101514121100 40 0 1 2 0 2 3 0 3 4 0 4 5 0 5 1 1 2 6 1 6 7 1 7 8 1 8 9 1 9 5 2 3 10 2 10 11 2 11 12 2 12 6 3 4 13 3 13 10 4 5 14 4 14 13 5 9 14 9 8 15 9 15 16 9 16 14 14 16 13 13 16 17 13 17 18 13 18 10 16 15 17 10 18 11 18 17 19 18 19 11 17 15 19 15 8 20 15 20 19 8 7 20 11 19 12 19 20 21 19 21 12 20 7 21 7 6 21 6 12 21
G 22 0203040506000106070803000102080904000103090a050001040a0b060001050b0c07020002060c0d080002070d0e0f09030003080f10110a0400040911120b0500050a12130c0600060b13140d0700070c140e0800080d14150f00080e15100900090f15161100091016120a000a1116130b000b1216140c000c1316150e0d000e1416100f0010151413121100 40 0 1 2 0 2 3 0 3 4 0 4 5 0 5 1 1 2 6 1 6 7 1 7 8 1 8 9 1 9 5 2 3 10 2 10 11 2 11 12 2 12 6 3 4 13 3 13 10 4 5 14 4 14 13 5 9 14 9 8 15 9 15 16 9 16 14 14 16 13 13 16 17 13 17 10 16 15 18 16 18 17 10 17 11 17 18 19 17 19 11 11 19 12 19 18 20 19 20 21 19 21 12 18 15 20 15 8 20 8 7 20 20 7 21 7 6 21 6 12 21
G 22 0203040506000106070803000102080904000103090a050001040a0b060001050b0c07020002060c0d080002070d0e0f09030003080f10110a0400040911120b0500050a12130c0600060b130d0700070c13140e0800080d14150f00080e15100900090f15161100091016120a000a1116130b000b1216140d0c000d1316150e000e1416100f0010151413121100 40 0 1 2 0 2 3 0 3 4 0 4 5 0 5 1 1 2 6 1 6 7 1 7 8 1 8 9 1 9 5 2 3 10 2 10 11 2 11 12 2 12 6 3 4 13 3 13 10 4 5 14 4 14 13 5 9 14 9 8 15 9 15 16 9 16 14 14 16 13 13 16 17 13 17 10 16 15 18 16 18 17 10 17 11 17 18 11 11 18 19 11 19 12 18 15 20 18 20 19 15 8 20 8 7 20 20 7 21 20 21 19 7 6 21 6 12 21 12 19 21
G 22 0203040506000106070803000102080904000103090a050001040a0b060001050b0c07020002060c0d080002070d0e09030003080e0f100a040004091011120b0500050a120c0600060b1213140d0700070c140e0800080d14150f0900090e15161000090f16110a000a10161312000a11130c0b000c1211161514000c13150e0d000e1413160f000f1513111000 40 0 1 2 0 2 3 0 3 4 0 4 5 0 5 1 1 2 6 1 6 7 1 7 8 1 8 9 1 9 5 2 3 10 2 10 11 2 11 12 2 12 6 3 4 13 3 13 10 4 5 14 4 14 13 5 9 14 9 8 15 9 15 16 9 16 14 14 16 13 13 16 17 13 17 10 16 15 17 10 17 11 17 15 18 17 18 19 17 19 11 15 8 18 8 7 20 8 20 18 11 19 12 18 20 19 19 20 21 19 21 12 20 7 21 7 6 21 6 12 21
G 22 0203040506000106070803000102080904000103090a050001040a0b060001050b0c07020002060c0d080002070d0e09030003080e0f100a040004091011120b0500050a120c0600060b12130d0700070c13140e0800080d140f0900090e14151000090f15110a000a10151612000a1116130c0b000c1216140d000d1316150f0e000f1416111000111514131200 40 0 1 2 0 2 3 0 3 4 0 4 5 0 5 1 1 2 6 1 6 7 1 7 8 1 8 9 1 9 5 2 3 10 2 10 11 2 11 12 2 12 6 3 4 13 3 13 10 4 5 14 4 14 13 5 9 14 9 8 15 9 15 16 9 16 14 14 16 13 13 16 17 13 17 10 16 15 17 10 17 11 17 15 18 17 18 11 15 8 19 15 19 18 8 7 19 11 18 20 11 20 12 18 19 20 19 7 21 19 21 20 7 6 21 6 12 21 12 20 21
G 22 0203040506000106070803000102080904000103090a050001040a0b060001050b07020002060b0c0d080002070d0e09030003080e0f0a040004090f10110b0500050a11120c070600070b12130d00070c13140e0800080d140f0900090e1415100a000a0f151611000a1016120b000b1116130c000c121615140d000d13150f0e000f1413161000101513121100 40 0 1 2 0 2 3 0 3 4 0 4 5 0 5 1 1 2 6 1 6 7 1 7 8 1 8 9 1 9 5 2 3 10 2 10 11 2 11 12 2 12 6 3 4 13 3 13 10 4 5 14 4 14 13 5 9 14 9 8 15 9 15 16 9 16 14 14 16 13 13 16 17 13 17 10 16 15 17 10 17 11 17 15 18 17 18 11 15 8 18 8 7 19 8 19 18 11 18 20 11 20 12 18 19 20 19 7 21 19 21 20 7 6 21 6 12 21 12 20 21
G 22 0203040506000106070803000102080904000103090a050001040a0b060001050b07020002060b0c0d080002070d0e0f09030003080f100a040004091011120b0500050a12130c070600070b13140d00070c140e0800080d14150f00080e15100900090f15110a000a10151612000a1116130b000b1216140c000c1316150e0d000e141611100f00111514131200 40 0 1 2 0 2 3 0 3 4 0 4 5 0 5 1 1 2 6 1 6 7 1 7 8 1 8 9 1 9 5 2 3 10 2 10 11 2 11 12 2 12 6 3 4 13 3 13 10 4 5 14 4 14 13 5 9 14 9 8 15 9 15 16 9 16 14 14 16 13 13 16 10 16 15 17 16 17 18 16 18 10 10 18 11 18 17 19 18 19 11 11 19 12 19 17 20 19 20 21 19 21 12 17 15 20 15 8 20 8 7 20 20 7 21 7 6 21 6 12 21
G 22 0203040506000106070803000102080904000103090a050001040a0b060001050b07020002060b0c080002070c0d0e09030003080e0f0a040004090f10110b0500050a11120c070600070b120d0800080c1213140e00080d14150f0900090e15100a000a0f151611000a101613120b000b11130d0c000d12111614000d1316150e000e1416100f00101514131100 40 0 1 2 0 2 3 0 3 4 0 4 5 0 5 1 1 2 6 1 6 7 1 7 8 1 8 9 1 9 5 2 3 10 2 10 11 2 11 12 2 12 6 3 4 13 3 13 10 4 5 14 4 14 13 5 9 14 9 8 15 9 15 16 9 16 14 14 16 13 13 16 10 16 15 17 16 17 11 16 11 10 11 17 12 17 15 18 17 18 19 17 19 12 15 8 20 15 20 18 8 7 20 12 19 6 6 19 21 6 21 7 19 18 21 18 20 21 20 7 21
G 22 0203040506000106070803000102080904000103090a050001040a0b060001050b07020002060b0c0d080002070d0e09030003080e0f0a040004090f10110b0500050a11120c070600070b1213140d00070c140e0800080d140f0900090e1415100a000a0f151611000a1016120b000b1116130c000c12161514000c13150f0e0d000f1413161000101513121100 40 0 1 2 0 2 3 0 3 4 0 4 5 0 5 1 1 2 6 1 6 7 1 7 8 1 8 9 1 9 5 2 3 10 2 10 11 2 11 12 2 12 6 3 4 13 3 13 10 4 5 14 4 14 13 5 9 14 9 8 15 9 15 16 9 16 14 14 16 13 13 16 10 16 15 17 16 17 10 10 17 11 17 15 18 17 18 11 15 8 18 8 7 19 8 19 18 11 18 20 11 20 12 18 19 20 19 7 21 19 21 20 7 6 21 6 12 21 12 20 21
G 22 0203040506000106070803000102080904000103090a050001040a0b060001050b07020002060b0c080002070c0d09030003080d0e0a040004090e0f100b0500050a10110c070600070b11120d0800080c1213140e0900090d140f0a000a0e141510000a0f1516110b000b1016120c000c1116130d000d12161514000d13150f0e000f1413161000101513121100 40 0 1 2 0 2 3 0 3 4 0 4 5 0 5 1 1 2 6 1 6 7 1 7 8 1 8 9 1 9 5 2 3 10 2 10 11 2 11 12 2 12 6 3 4 13 3 13 10 4 5 14 4 14 13 5 9 14 9 8 15 9 15 16 9 16 14 14 16 13 13 16 10 16 15 11 16 11 10 11 15 17 11 17 12 15 8 18 15 18 19 15 19 17 8 7 18 7 6 20 7 20 18 6 12 21 6 21 20 12 17 21 17 19 21 18 20 19 20 21 19
G 22 0203040506000106070803000102080904000103090a050001040a0b0c060001050c0d0e07020002060e0f080002070f101109030003081112130a04000409130b0500050a13140c00050b140d0600060c14150e00060d150f0700070e15100800080f151611000810161209000911161413000912140b0a000b131216150d0c000d1416100f0e00101514121100 40 0 1 2 0 2 3 0 3 4 0 4 5 0 5 1 1 2 6 1 6 7 1 7 8 1 8 9 1 9 5 2 3 10 2 10 11 2 11 12 2 12 6 3 4 13 3 13 10 4 5 14 4 14 13 5 9 14 9 8 15 9 15 14 14 15 16 14 16 17 14 17 13 13 17 18 13 18 10 10 18 11 18 17 19 18 19 11 17 16 19 11 19 12 19 16 20 19 20 21 19 21 12 16 15 20 15 8 20 8 7 20 20 7 21 7 6 21 6 12 21
G 22 0203040506000106070803000102080904000103090a050001040a0b060001050b0c0d07020002060d0e080002070e0f09030003080f10110a04000409110b0500050a1112130c0600060b1314150d00060c150e0700070d150f0800080e151416100900090f161211000910120b0a000b11101613000b1216140c000c13160f15000c140f0e0d000f1413121000 40 0 1 2 0 2 3 0 3 4 0 4 5 0 5 1 1 2 6 1 6 7 1 7 8 1 8 9 1 9 5 2 3 10 2 10 11 2 11 12 2 12 6 3 4 13 3 13 10 4 5 14 4 14 13 5 9 14 9 8 15 9 15 14 14 15 16 14 16 17 14 17 13 13 17 10 10 17 11 17 16 18 17 18 11 11 18 12 18 16 19 18 19 12 16 15 20 16 20 21 16 21 19 15 8 20 8 7 20 12 19 6 19 21 6 6 21 7 21 20 7
G 22 0203040506000106070803000102080904000103090a050001040a0b060001050b0c07020002060c0d080002070d0e0f09030003080f100a04000409100b0500050a1011120c0600060b1213140d0700070c140e0800080d14150f00080e151611100900090f110b0a000b100f1612000b1116130c000c12161514000c13150e0d000e1413160f000f1513121100 40 0 1 2 0 2 3 0 3 4 0 4 5 0 5 1 1 2 6 1 6 7 1 7 8 1 8 9 1 9 5 2 3 10 2 10 11 2 11 12 2 12 6 3 4 13 3 13 10 4 5 14 4 14 13 5 9 14 9 8 15 9 15 14 14 15 16 14 16 17 14 17 13 13 17 10 10 17 11 17 16 11 11 16 12 16 15 18 16 18 19 16 19 12 15 8 20 15 20 18 8 7 20 12 19 6 6 19 21 6 21 7 19 18 21 18 20 21 20 7 21
G 22 0203040506000106070803000102080904000103090a050001040a0b0c060001050c0d07020002060d0e080002070e0f1009030003081011120a04000409120b0500050a1213140c00050b140d0600060c14150e0700070d150f0800080e15161000080f161109000910161312000911130b0a000b1211161514000b13150d0c000d1413160f0e000f1513111000 40 0 1 2 0 2 3 0 3 4 0 4 5 0 5 1 1 2 6 1 6 7 1 7 8 1 8 9 1 9 5 2 3 10 2 10 11 2 11 12 2 12 6 3 4 13 3 13 10 4 5 14 4 14 13 5 9 14 9 8 15 9 15 14 14 15 16 14 16 13 13 16 17 13 17 10 10 17 11 17 16 18 17 18 19 17 19 11 16 15 18 15 8 20 15 20 18 8 7 20 11 19 12 18 20 19 20 7 21 20 21 19 19 21 12 7 6 21 6 12 21
G 22 0203040506000106070803000102080904000103090a050001040a0b060001050b0c07020002060c0d080002070d0e0f09030003080f10110a04000409110b0500050a1112130c0600060b13140d0700070c140e0800080d14150f00080e1516100900090f161211000910120b0a000b11101613000b121615140c000c13150e0d000e1413160f000f1513121000 40 0 1 2 0 2 3 0 3 4 0 4 5 0 5 1 1 2 6 1 6 7 1 7 8 1 8 9 1 9 5 2 3 10 2 10 11 2 11 12 2 12 6 3 4 13 3 13 10 4 5 14 4 14 13 5 9 14 9 8 15 9 15 14 14 15 16 14 16 13 13 16 10 10 16 11 16 15 17 16 17 18 16 18 11 15 8 19 15 19 17 8 7 19 11 18 12 18 17 20 18 20 12 17 19 21 17 21 20 19 7 21 7 6 21 6 12 20 6 20 21
G 22 0203040506000106070803000102080904000103090a050001040a0b060001050b0c07020002060c0d080002070d0e09030003080e0f100a04000409100b0500050a1011120c0600060b1213140d0700070c140e0800080d14150f0900090e1516111000090f110b0a000b100f1612000b1116130c000c12161514000c13150e0d000e1413160f000f1513121100 40 0 1 2 0 2 3 0 3 4 0 4 5 0 5 1 1 2 6 1 6 7 1 7 8 1 8 9 1 9 5 2 3 10 2 10 11 2 11 12 2 12 6 3 4 13 3 13 10 4 5 14 4 14 13 5 9 14 9 8 15 9 15 14 14 15 16 14 16 13 13 16 10 10 16 11 16 15 17 16 17 11 15 8 18 15 18 19 15 19 17 8 7 18 11 17 12 17 19 20 17 20 12 12 20 6 6 20 21 6 21 7 20 19 21 19 18 21 18 7 21
G 22 0203040506000106070803000102080904000103090a050001040a0b060001050b07020002060b0c080002070c0d0e09030003080e0a040004090e0f100b0500050a10110c070600070b11120d0800080c1213140e00080d140f0a09000a0e141510000a0f1516110b000b1016120c000c1116130d000d12161514000d13150f0e000f1413161000101513121100 40 0 1 2 0 2 3 0 3 4 0 4 5 0 5 1 1 2 6 1 6 7 1 7 8 1 8 9 1 9 5 2 3 10 2 10 11 2 11 12 2 12 6 3 4 13 3 13 10 4 5 14 4 14 13 5 9 14 9 8 15 9 15 14 14 15 13 13 15 10 15 8 16 15 16 11 15 11 10 8 7 17 8 17 16 11 16 18 11 18 12 16 17 19 16 19 18 17 7 20 17 20 19 7 6 20 6 12 21 6 21 20 12 18 21 18 19 21 19 20 21
G 22 0203040506000106070803000102080904000103090a050001040a0b060001050b0c07020002060c0d080002070d0e09030003080e0f0a040004090f10110b0500050a110c0600060b1112130d0700070c130e0800080d1314150f0900090e15100a000a0f151611000a1016120c0b000c11161413000c12140e0d000e13121615000e1416100f00101514121100 40 0 1 2 0 2 3 0 3 4 0 4 5 0 5 1 1 2 6 1 6 7 1 7 8 1 8 9 1 9 5 2 3 10 2 10 11 2 11 6 3 4 12 3 12 13 3 13 14 3 14 10 4 5 15 4 15 16 4 16 12 5 9 15 9 8 17 9 17 15 15 17 16 17 8 18 17 18 16 8 7 19 8 19 18 16 18 12 18 19 13 18 13 12 13 19 14 19 7 20 19 20 21 19 21 14 7 6 20 6 11 20 14 21 10 20 11 21 11 10 21
G 22 0203040506000106070803000102080904000103090a050001040a0b060001050b0c07020002060c0d080002070d0e0f09030003080f0a040004090f10110b0500050a110c0600060b1112130d0700070c130e0800080d1314150f00080e15100a09000a0f151611000a1016120c0b000c11161413000c12140e0d000e13121615000e1416100f00101514121100 40 0 1 2 0 2 3 0 3 4 0 4 5 0 5 1 1 2 6 1 6 7 1 7 8 1 8 9 1 9 5 2 3 10 2 10 11 2 11 6 3 4 12 3 12 13 3 13 14 3 14 10 4 5 15 4 15 16 4 16 12 5 9 15 9 8 17 9 17 15 15 17 16 17 8 18 17 18 16 8 7 18 16 18 12 18 7 19 18 19 13 18 13 12 7 6 20 7 20 19 6 11 20 13 19 14 19 20 21 19 21 14 20 11 21 11 10 21 10 14 21
G 22 0203040506000106070803000102080904000103090a050001040a0b060001050b0c0d07020002060d0e080002070e0f09030003080f100a040004091011120b0500050a12130c0600060b13140d00060c140e0700070d1415160f0800080e16100900090f16110a000a10161512000a1115130b000b1215140c000c13150e0d000e1413121116000e1511100f00 40 0 1 2 0 2 3 0 3 4 0 4 5 0 5 1 1 2 6 1 6 7 1 7 8 1 8 9 1 9 5 2 3 10 2 10 11 2 11 6 3 4 12 3 12 13 3 13 14 3 14 10 4 5 15 4 15 12 5 9 15 9 8 16 9 16 17 9 17 15 15 17 12 12 17 13 17 16 18 17 18 13 13 18 14 18 16 19 18 19 20 18 20 21 18 21 14 16 8 19 8 7 19 14 21 10 19 7 20 7 6 20 6 11 20 20 11 21 11 10 21
G 22 0203040506000106070803000102080904000103090a050001040a0b060001050b0c0d07020002060d0e080002070e0f09030003080f100a040004091011120b0500050a12130c0600060b13140d00060c140e0700070d14150f0800080e15100900090f15110a000a10151612000a1116130b000b1216140c000c1316150e0d000e141611100f00111514131200 40 0 1 2 0 2 3 0 3 4 0 4 5 0 5 1 1 2 6 1 6 7 1 7 8 1 8 9 1 9 5 2 3 10 2 10 11 2 11 6 3 4 12 3 12 13 3 13 14 3 14 10 4 5 15 4 15 12 5 9 15 9 8 16 9 16 17 9 17 15 15 17 12 12 17 13 17 16 18 17 18 13 13 18 14 18 16 19 18 19 20 18 20 14 16 8 19 8 7 19 14 20 10 19 7 21 19 21 20 7 6 21 6 11 21 10 20 11 20 21 11
G 22 0203040506000106070803000102080904000103090a050001040a0b060001050b0c0d07020002060d0e080002070e0f09030003080f100a040004091011120b0500050a12130c0600060b13140d00060c140e0700070d140f0800080e1415100900090f15110a000a10151612000a1116130b000b1216140c000c1316150f0e0d000f1416111000111514131200 40 0 1 2 0 2 3 0 3 4 0 4 5 0 5 1 1 2 6 1 6 7 1 7 8 1 8 9 1 9 5 2 3 10 2 10 11 2 11 6 3 4 12 3 12 13 3 13 14 3 14 10 4 5 15 4 15 12 5 9 15 9 8 16 9 16 17 9 17 15 15 17 12 12 17 13 17 16 18 17 18 13 13 18 14 18 16 19 18 19 14 16 8 20 16 20 19 8 7 20 14 19 10 19 20 21 19 21 11 19 11 10 20 7 21 7 6 21 6 11 21
G 22 0203040506000106070803000102080904000103090a050001040a0b060001050b0c07020002060c0d0e0f080002070f09030003080f10110a0400040911120b0500050a1213140c0600060b140d0700070c14150e00070d1516100f00070e10090800090f0e161100091016120a000a1116130b000b12161514000b13150d0c000d1413160e000e151312111000 40 0 1 2 0 2 3 0 3 4 0 4 5 0 5 1 1 2 6 1 6 7 1 7 8 1 8 9 1 9 5 2 3 10 2 10 11 2 11 6 3 4 12 3 12 13 3 13 14 3 14 10 4 5 15 4 15 12 5 9 15 9 8 16 9 16 17 9 17 15 15 17 12 12 17 13 17 16 18 17 18 13 13 18 14 18 16 19 18 19 14 16 8 19 8 7 19 14 19 20 14 20 10 19 7 21 19 21 20 7 6 21 6 11 21 10 20 11 20 21 11
G 22 0203040506000106070803000102080904000103090a050001040a0b060001050b0c07020002060c0d0e080002070e0f09030003080f10110a04000409110b0500050a1112130c0600060b130d0700070c1314150e00070d150f0800080e15100900090f15161100091016120b0a000b11161413000b12140d0c000d13121615000d1416100f0e00101514121100 40 0 1 2 0 2 3 0 3 4 0 4 5 0 5 1 1 2 6 1 6 7 1 7 8 1 8 9 1 9 5 2 3 10 2 10 11 2 11 6 3 4 12 3 12 13 3 13 14 3 14 10 4 5 15 4 15 12 5 9 15 9 8 16 9 16 17 9 17 15 15 17 12 12 17 13 17 16 13 13 16 18 13 18 14 16 8 19 16 19 18 8 7 19 7 6 20 7 20 19 6 11 20 19 20 21 19 21 18 20 11 21 11 10 21 10 14 21 21 14 18
G 22 0203040506000106070803000102080904000103090a050001040a0b060001050b0c07020002060c0d0e080002070e0f09030003080f10110a04000409110b0500050a1112130c0600060b130d0700070c13140e00070d14150f0800080e15100900090f15161100091016120b0a000b11161413000b12140d0c000d131216150e000e1416100f00101514121100 40 0 1 2 0 2 3 0 3 4 0 4 5 0 5 1 1 2 6 1 6 7 1 7 8 1 8 9 1 9 5 2 3 10 2 10 11 2 11 6 3 4 12 3 12 13 3 13 14 3 14 10 4 5 15 4 15 12 5 9 15 9 8 16 9 16 17 9 17 15 15 17 12 12 17 13 17 16 13 13 16 18 13 18 14 16 8 19 16 19 18 8 7 19 7 6 20 7 20 19 6 11 20 19 20 18 20 11 21 20 21 18 18 21 14 11 10 21 10 14 21
G 22 0203040506000106070803000102080904000103090a050001040a0b060001050b0c07020002060c0d080002070d0e09030003080e0f100a04000409100b0500050a1011120c0600060b12130d0700070c13140e0800080d140f0900090e14151000090f15110b0a000b10151612000b1116130c000c1216140d000d1316150f0e000f1416111000111514131200 40 0 1 2 0 2 3 0 3 4 0 4 5 0 5 1 1 2 6 1 6 7 1 7 8 1 8 9 1 9 5 2 3 10 2 10 11 2 11 6 3 4 12 3 12 13 3 13 14 3 14 10 4 5 15 4 15 12 5 9 15 9 8 16 9 16 17 9 17 15 15 17 12 12 17 13 17 16 13 13 16 18 13 18 14 16 8 18 8 7 19 8 19 18 18 19 20 18 20 14 14 20 10 10 20 11 20 19 21 20 21 11 19 7 21 7 6 21 6 11 21
G 22 0203040506000106070803000102080904000103090a050001040a0b060001050b0c07020002060c0d080002070d0e09030003080e0f100a04000409100b0500050a1011120c0600060b12130d0700070c130e0800080d13140f0900090e14151000090f15110b0a000b10151612000b1116130c000c1216140e0d000e1316150f000f1416111000111514131200 40 0 1 2 0 2 3 0 3 4 0 4 5 0 5 1 1 2 6 1 6 7 1 7 8 1 8 9 1 9 5 2 3 10 2 10 11 2 11 6 3 4 12 3 12 13 3 13 14 3 14 10 4 5 15 4 15 12 5 9 15 9 8 16 9 16 17 9 17 15 15 17 12 12 17 13 17 16 13 13 16 18 13 18 14 16 8 18 8 7 19 8 19 18 18 19 14 14 19 20 14 20 10 19 7 21 19 21 20 7 6 21 6 11 21 10 20 11 20 21 11
G 22 0203040506000106070803000102080904000103090a050001040a0b060001050b0c07020002060c0d080002070d0e09030003080e0f100a04000409100b0500050a1011120c0600060b120d0700070c12130e0800080d13140f0900090e14151000090f15110b0a000b10151612000b1116130d0c000d1216140e000e1316150f000f1416111000111514131200 40 0 1 2 0 2 3 0 3 4 0 4 5 0 5 1 1 2 6 1 6 7 1 7 8 1 8 9 1 9 5 2 3 10 2 10 11 2 11 6 3 4 12 3 12 13 3 13 14 3 14 10 4 5 15 4 15 12 5 9 15 9 8 16 9 16 17 9 17 15 15 17 12 12 17 13 17 16 13 13 16 18 13 18 14 16 8 18 8 7 18 18 7 19 18 19 14 7 6 20 7 20 19 6 11 20 14 19 21 14 21 10 19 20 21 20 11 21 11 10 21
G 22 0203040506000106070803000102080904000103090a050001040a0b060001050b0c07020002060c0d0e0f080002070f09030003080f10110a04000409110b0500050a1112130c0600060b130d0700070c13140e00070d14150f00070e1510090800090f15161100091016120b0a000b11161413000b12140d0c000d131216150e000e1416100f00101514121100 40 0 1 2 0 2 3 0 3 4 0 4 5 0 5 1 1 2 6 1 6 7 1 7 8 1 8 9 1 9 5 2 3 10 2 10 11 2 11 6 3 4 12 3 12 13 3 13 14 3 14 10 4 5 15 4 15 12 5 9 15 9 8 16 9 16 17 9 17 15 15 17 12 12 17 13 17 16 13 13 16 14 16 8 18 16 18 19 16 19 14 8 7 18 14 19 20 14 20 10 10 20 11 20 19 21 20 21 11 19 18 21 18 7 21 7 6 21 21 6 11
G 22 0203040506000106070803000102080904000103090a050001040a0b060001050b0c07020002060c0d080002070d0e09030003080e0f100a0400040910110b0500050a110c0600060b11120d0700070c12130e0800080d13140f0900090e14151000090f15110a000a101516120c0b000c1116130d000d1216140e000e1316150f000f1416111000111514131200 40 0 1 2 0 2 3 0 3 4 0 4 5 0 5 1 1 2 6 1 6 7 1 7 8 1 8 9 1 9 5 2 3 10 2 10 11 2 11 6 3 4 12 3 12 13 3 13 14 3 14 10 4 5 15 4 15 12 5 9 15 9 8 16 9 16 17 9 17 15 15 17 12 12 17 13 17 16 13 13 16 14 16 8 18 16 18 14 8 7 19 8 19 18 14 18 20 14 20 10 18 19 20 10 20 11 20 19 21 20 21 11 19 7 21 7 6 21 6 11 21
G 22 0203040506000106070803000102080904000103090a050001040a0b060001050b07020002060b0c0d080002070d0e09030003080e0f0a040004090f100b0500050a10110c070600070b11120d00070c1213140e0800080d140f0900090e1415100a000a0f1516110b000b1016120c000c1116130d000d12161514000d13150f0e000f1413161000101513121100 40 0 1 2 0 2 3 0 3 4 0 4 5 0 5 1 1 2 6 1 6 7 1 7 8 1 8 9 1 9 5 2 3 10 2 10 11 2 11 6 3 4 12 3 12 13 3 13 14 3 14 10 4 5 15 4 15 12 5 9 15 9 8 16 9 16 17 9 17 15 15 17 12 12 17 13 17 16 13 13 16 14 16 8 18 16 18 14 8 7 19 8 19 18 14 18 10 18 19 20 18 20 10 10 20 11 20 19 21 20 21 11 19 7 21 7 6 21 6 11 21
G 22 0203040506000106070803000102080904000103090a050001040a0b0c060001050c0d0e07020002060e0f080002070f1011090300030811120a04000409120b0500050a12130c00050b130d0600060c1314150e00060d150f0700070e15100800080f1516110008101612090009111614130b0a000b12140d0c000d13121615000d1416100f0e00101514121100 40 0 1 2 0 2 3 0 3 4 0 4 5 0 5 1 1 2 6 1 6 7 1 7 8 1 8 9 1 9 5 2 3 10 2 10 11 2 11 6 3 4 12 3 12 13 3 13 14 3 14 10 4 5 15 4 15 12 5 9 15 9 8 16 9 16 15 15 16 17 15 17 12 12 17 13 17 16 18 17 18 19 17 19 13 16 8 18 8 7 18 13 19 14 18 7 20 18 20 21 18 21 19 7 6 20 6 11 20 19 21 14 20 11 21 11 10 21 21 10 14
G 22 0203040506000106070803000102080904000103090a050001040a0b0c060001050c0d07020002060d0e080002070e0f09030003080f10110a04000409110b0500050a1112130c00050b13140d0600060c140e0700070d1415160f0800080e16100900090f161211000910120b0a000b1110161513000b1215140c000c13150e0d000e14131216000e1512100f00 40 0 1 2 0 2 3 0 3 4 0 4 5 0 5 1 1 2 6 1 6 7 1 7 8 1 8 9 1 9 5 2 3 10 2 10 11 2 11 6 3 4 12 3 12 13 3 13 14 3 14 10 4 5 15 4 15 12 5 9 15 9 8 16 9 16 15 15 16 17 15 17 12 12 17 13 17 16 18 17 18 19 17 19 13 16 8 18 8 7 18 13 19 14 18 7 20 18 20 19 7 6 20 6 11 20 19 20 21 19 21 14 20 11 21 11 10 21 10 14 21
G 22 0203040506000106070803000102080904000103090a050001040a0b060001050b0c07020002060c0d0e0f080002070f09030003080f10110a0400040911120b0500050a1213140c0600060b140d0700070c14150e00070d15100f00070e10090800090f0e15161100091016120a000a1116130b000b12161514000b13150d0c000d141316100e00101513121100 40 0 1 2 0 2 3 0 3 4 0 4 5 0 5 1 1 2 6 1 6 7 1 7 8 1 8 9 1 9 5 2 3 10 2 10 11 2 11 6 3 4 12 3 12 13 3 13 14 3 14 10 4 5 15 4 15 12 5 9 15 9 8 16 9 16 15 15 16 17 15 17 12 12 17 13 17 16 18 17 18 19 17 19 13 16 8 18 8 7 18 13 19 14 18 7 19 7 6 20 7 20 19 19 20 21 19 21 14 6 11 20 14 21 10 20 11 21 11 10 21
G 22 0203040506000106070803000102080904000103090a050001040a0b060001050b0c07020002060c0d080002070d0e09030003080e0f100a0400040910110b0500050a1112130c0600060b130d0700070c1314150e0800080d150f0900090e15161000090f16110a000a1016120b000b11161413000b12140d0c000d13121615000d14160f0e000f151412111000 40 0 1 2 0 2 3 0 3 4 0 4 5 0 5 1 1 2 6 1 6 7 1 7 8 1 8 9 1 9 5 2 3 10 2 10 11 2 11 6 3 4 12 3 12 13 3 13 14 3 14 10 4 5 15 4 15 12 5 9 15 9 8 16 9 16 15 15 16 17 15 17 12 12 17 13 17 16 18 17 18 13 16 8 18 8 7 19 8 19 18 13 18 14 18 19 20 18 20 14 14 20 10 10 20 11 20 19 21 20 21 11 19 7 21 7 6 21 6 11 21
G 22 0203040506000106070803000102080904000103090a050001040a0b060001050b0c07020002060c0d0e080002070e09030003080e0f0a040004090f10110b0500050a11120c0600060b12130d0700070c13140e00070d14150f090800090e15100a000a0f151611000a1016120b000b1116130c000c1216140d000d1316150e000e1416100f0010151413121100 40 0 1 2 0 2 3 0 3 4 0 4 5 0 5 1 1 2 6 1 6 7 1 7 8 1 8 9 1 9 5 2 3 10 2 10 11 2 11 6 3 4 12 3 12 13 3 13 14 3 14 10 4 5 15 4 15 12 5 9 15 9 8 16 9 16 15 15 16 17 15 17 12 12 17 13 17 16 18 17 18 13 16 8 18 8 7 19 8 19 18 13 18 14 18 19 14 14 19 20 14 20 10 19 7 21 19 21 20 7 6 21 6 11 21 10 20 11 20 21 11
G 22 0203040506000106070803000102080904000103090a050001040a0b060001050b0c07020002060c0d0e0f080002070f100903000308100a0400040910110b0500050a1112130c0600060b130d0700070c13140e00070d14150f00070e15100800080f1516110a09000a1016120b000b11161413000b12140d0c000d131216150e000e1416100f00101514121100 40 0 1 2 0 2 3 0 3 4 0 4 5 0 5 1 1 2 6 1 6 7 1 7 8 1 8 9 1 9 5 2 3 10 2 10 11 2 11 6 3 4 12 3 12 13 3 13 14 3 14 10 4 5 15 4 15 12 5 9 15 9 8 16 9 16 15 15 16 17 15 17 12 12 17 13 17 16 18 17 18 13 16 8 18 8 7 18 13 18 14 18 7 19 18 19 14 7 6 20 7 20 19 6 11 20 14 19 21 14 21 10 19 20 21 20 11 21 11 10 21
G 22 0203040506000106070803000102080904000103090a050001040a0b060001050b0c0d07020002060d0e080002070e0f09030003080f10110a0400040911120b0500050a120c0600060b12130d00060c130e0700070d1314150f0800080e15100900090f15161100091016120a000a111614130c0b000c12140e0d000e13121615000e1416100f00101514121100 40 0 1 2 0 2 3 0 3 4 0 4 5 0 5 1 1 2 6 1 6 7 1 7 8 1 8 9 1 9 5 2 3 10 2 10 11 2 11 6 3 4 12 3 12 13 3 13 14 3 14 10 4 5 15 4 15 12 5 9 15 9 8 16 9 16 15 15 16 12 12 16 13 16 8 17 16 17 18 16 18 13 8 7 19 8 19 17 13 18 14 18 17 20 18 20 14 17 19 20 14 20 10 20 19 21 20 21 11 20 11 10 19 7 21 7 6 21 6 11 21
G 22 0203040506000106070803000102080904000103090a050001040a0b060001050b0c0d07020002060d0e080002070e0f100903000308100a040004091011120b0500050a120c0600060b1213140d00060c14150e0700070d150f0800080e15161000080f16110a09000a10161312000a11130c0b000c12111614000c1316150d000d14160f0e000f151413111000 40 0 1 2 0 2 3 0 3 4 0 4 5 0 5 1 1 2 6 1 6 7 1 7 8 1 8 9 1 9 5 2 3 10 2 10 11 2 11 6 3 4 12 3 12 13 3 13 14 3 14 10 4 5 15 4 15 12 5 9 15 9 8 16 9 16 15 15 16 12 12 16 13 16 8 17 16 17 18 16 18 13 8 7 17 13 18 14 18 17 19 18 19 20 18 20 14 17 7 21 17 21 19 7 6 21 6 11 21 14 20 10 21 11 19 11 10 20 11 20 19
G 22 0203040506000106070803000102080904000103090a050001040a0b060001050b0c0d07020002060d0e080002070e0f100903000308100a040004091011120b0500050a120c0600060b12130d00060c13140e0700070d140f0800080e14151000080f15110a09000a10151612000a1116130c0b000c1216140d000d1316150f0e000f1416111000111514131200 40 0 1 2 0 2 3 0 3 4 0 4 5 0 5 1 1 2 6 1 6 7 1 7 8 1 8 9 1 9 5 2 3 10 2 10 11 2 11 6 3 4 12 3 12 13 3 13 14 3 14 10 4 5 15 4 15 12 5 9 15 9 8 16 9 16 15 15 16 12 12 16 13 16 8 17 16 17 18 16 18 13 8 7 17 13 18 14 18 17 19 18 19 20 18 20 14 17 7 19 7 6 21 7 21 19 6 11 21 14 20 10 19 21 20 21 11 20 20 11 10
G 22 0203040506000106070803000102080904000103090a050001040a0b060001050b0c07020002060c0d0e0f080002070f10090300030810110a0400040911120b0500050a1213140c0600060b140d0700070c14150e00070d15160f00070e16100800080f16110900091016120a000a1116130b000b12161514000b13150d0c000d1413160e000e15131211100f00 40 0 1 2 0 2 3 0 3 4 0 4 5 0 5 1 1 2 6 1 6 7 1 7 8 1 8 9 1 9 5 2 3 10 2 10 11 2 11 6 3 4 12 3 12 13 3 13 14 3 14 10 4 5 15 4 15 12 5 9 15 9 8 16 9 16 15 15 16 12 12 16 13 16 8 17 16 17 18 16 18 13 8 7 17 13 18 14 18 17 19 18 19 14 17 7 19 7 6 20 7 20 19 6 11 20 14 19 21 14 21 10 19 20 21 20 11 21 11 10 21
G 22 0203040506000106070803000102080904000103090a050001040a0b060001050b0c07020002060c0d0e080002070e0f100903000308100a040004091011120b0500050a12130c0600060b130d0700070c13140e00070d140f0800080e14151000080f15110a09000a10151612000a1116130b000b1216140d0c000d1316150f0e000f1416111000111514131200 40 0 1 2 0 2 3 0 3 4 0 4 5 0 5 1 1 2 6 1 6 7 1 7 8 1 8 9 1 9 5 2 3 10 2 10 11 2 11 6 3 4 12 3 12 13 3 13 14 3 14 10 4 5 15 4 15 12 5 9 15 9 8 16 9 16 15 15 16 12 12 16 13 16 8 17 16 17 13 8 7 18 8 18 17 13 17 19 13 19 14 17 18 19 18 7 20 18 20 21 18 21 19 7 6 20 6 11 20 19 21 14 20 11 21 11 10 21 21 10 14
G 22 0203040506000106070803000102080904000103090a050001040a0b060001050b0c07020002060c0d080002070d0e0f09030003080f0a040004090f10110b0500050a11120c0600060b1213140d0700070c140e0800080d14150f00080e15100a09000a0f151611000a1016120b000b1116130c000c12161514000c13150e0d000e141316100f00101513121100 40 0 1 2 0 2 3 0 3 4 0 4 5 0 5 1 1 2 6 1 6 7 1 7 8 1 8 9 1 9 5 2 3 10 2 10 11 2 11 6 3 4 12 3 12 13 3 13 14 3 14 10 4 5 15 4 15 12 5 9 15 9 8 16 9 16 15 15 16 12 12 16 13 16 8 17 16 17 13 8 7 18 8 18 17 13 17 14 17 18 19 17 19 20 17 20 14 14 20 10 10 20 11 20 19 11 11 19 21 11 21 6 19 18 21 18 7 21 7 6 21
G 22 0203040506000106070803000102080904000103090a050001040a0b060001050b0c07020002060c0d080002070d0e0f09030003080f0a040004090f10110b0500050a11120c0600060b12130d0700070c13140e0800080d14150f00080e15100a09000a0f151611000a1016120b000b1116130c000c1216140d000d1316150e000e1416100f0010151413121100 40 0 1 2 0 2 3 0 3 4 0 4 5 0 5 1 1 2 6 1 6 7 1 7 8 1 8 9 1 9 5 2 3 10 2 10 11 2 11 6 3 4 12 3 12 13 3 13 14 3 14 10 4 5 15 4 15 12 5 9 15 9 8 16 9 16 15 15 16 12 12 16 13 16 8 17 16 17 13 8 7 18 8 18 17 13 17 14 17 18 19 17 19 14 14 19 20 14 20 10 10 20 11 20 19 21 20 21 11 19 18 21 18 7 21 7 6 21 21 6 11
G 22 0203040506000106070803000102080904000103090a050001040a0b060001050b0c07020002060c0d080002070d0e09030003080e0f0a040004090f10110b0500050a11120c0600060b12130d0700070c130e0800080d1314150f0900090e15100a000a0f151611000a1016120b000b111614130c000c12140e0d000e13121615000e1416100f00101514121100 40 0 1 2 0 2 3 0 3 4 0 4 5 0 5 1 1 2 6 1 6 7 1 7 8 1 8 9 1 9 5 2 3 10 2 10 11 2 11 6 3 4 12 3 12 13 3 13 14 3 14 10 4 5 15 4 15 12 5 9 15 9 8 16 9 16 15 15 16 12 12 16 13 16 8 17 16 17 13 8 7 18 8 18 17 13 17 14 17 18 19 17 19 14 14 19 10 10 19 20 10 20 11 19 18 20 18 7 21 18 21 20 7 6 21 6 11 21 11 20 21
G 22 0203040506000106070803000102080904000103090a050001040a0b060001050b07020002060b0c080002070c0d0e09030003080e0f0a040004090f100b0500050a10110c070600070b11120d0800080c12130e00080d13140f0900090e1415100a000a0f15110b000b101516120c000c1116130d000d1216140e000e1316150f000f1416111000111514131200 40 0 1 2 0 2 3 0 3 4 0 4 5 0 5 1 1 2 6 1 6 7 1 7 8 1 8 9 1 9 5 2 3 10 2 10 11 2 11 6 3 4 12 3 12 13 3 13 14 3 14 10 4 5 15 4 15 12 5 9 15 9 8 16 9 16 15 15 16 12 12 16 13 16 8 13 8 7 17 8 17 13 13 17 14 17 7 18 17 18 19 17 19 14 7 6 20 7 20 18 6 11 20 14 19 10 10 19 21 10 21 11 19 18 21 18 20 21 20 11 21
G 22 0203040506000106070803000102080904000103090a050001040a0b060001050b0c0d07020002060d0e080002070e0f100903000308100a040004091011120b0500050a120c0600060b12130d00060c13140e0700070d14150f0800080e15111000080f110a09000a100f151612000a1116130c0b000c1216140d000d1316150e000e1416110f00111514131200 40 0 1 2 0 2 3 0 3 4 0 4 5 0 5 1 1 2 6 1 6 7 1 7 8 1 8 9 1 9 5 2 3 10 2 10 11 2 11 6 3 4 12 3 12 13 3 13 10 4 5 14 4 14 15 4 15 16 4 16 12 5 9 14 9 8 17 9 17 14 14 17 15 17 8 18 17 18 15 8 7 18 15 18 16 18 7 19 18 19 20 18 20 16 7 6 19 6 11 19 16 20 12 19 11 21 19 21 20 11 10 21 10 13 21 12 20 13 20 21 13
G 22 0203040506000106070803000102080904000103090a050001040a0b060001050b0c07020002060c0d080002070d0e0f09030003080f0a040004090f10110b0500050a11120c0600060b1213140d0700070c140e0800080d1415100f00080e100a09000a0f0e151611000a1016120b000b1116130c000c12161514000c13150e0d000e1413161000101513121100 40 0 1 2 0 2 3 0 3 4 0 4 5 0 5 1 1 2 6 1 6 7 1 7 8 1 8 9 1 9 5 2 3 10 2 10 11 2 11 6 3 4 12 3 12 13 3 13 10 4 5 14 4 14 15 4 15 16 4 16 12 5 9 14 9 8 17 9 17 14 14 17 15 17 8 18 17 18 15 8 7 18 15 18 16 18 7 19 18 19 16 7 6 20 7 20 19 6 11 20 16 19 12 19 20 21 19 21 13 19 13 12 20 11 21 11 10 21 10 13 21
G 22 0203040506000106070803000102080904000103090a050001040a0b0c060001050c0d07020002060d0e080002070e0f09030003080f10110a04000409110b0500050a11120c00050b1213140d0600060c140e0700070d14150f0800080e15100900090f15161100091016120b0a000b1116130c000c12161514000c13150e0d000e141316100f00101513121100 40 0 1 2 0 2 3 0 3 4 0 4 5 0 5 1 1 2 6 1 6 7 1 7 8 1 8 9 1 9 5 2 3 10 2 10 11 2 11 6 3 4 12 3 12 13 3 13 10 4 5 14 4 14 15 4 15 12 5 9 14 9 8 16 9 16 17 9 17 14 14 17 15 17 16 18 17 18 15 15 18 12 12 18 13 18 16 19 18 19 20 18 20 13 16 8 19 8 7 19 13 20 10 19 7 21 19 21 20 7 6 21 6 11 21 10 20 11 20 21 11
G 22 0203040506000106070803000102080904000103090a050001040a0b060001050b0c0d07020002060d0e080002070e0f09030003080f10110a04000409110b0500050a11120c0600060b1213140d00060c140e0700070d14150f0800080e15100900090f15161100091016120b0a000b1116130c000c12161514000c13150e0d000e141316100f00101513121100 40 0 1 2 0 2 3 0 3 4 0 4 5 0 5 1 1 2 6 1 6 7 1 7 8 1 8 9 1 9 5 2 3 10 2 10 11 2 11 6 3 4 12 3 12 13 3 13 10 4 5 14 4 14 15 4 15 12 5 9 14 9 8 16 9 16 17 9 17 14 14 17 15 17 16 18 17 18 15 15 18 12 12 18 13 18 16 19 18 19 13 16 8 20 16 20 19 8 7 20 13 19 10 19 20 21 19 21 11 19 11 10 20 7 21 7 6 21 6 11 21
G 22 0203040506000106070803000102080904000103090a050001040a0b060001050b0c07020002060c0d0e080002070e0f09030003080f10110a04000409110b0500050a1112130c0600060b130d0700070c1314150e00070d150f0800080e1516100900090f161211000910120b0a000b1110161413000b12140d0c000d13121615000d14160f0e000f1514121000 40 0 1 2 0 2 3 0 3 4 0 4 5 0 5 1 1 2 6 1 6 7 1 7 8 1 8 9 1 9 5 2 3 10 2 10 11 2 11 6 3 4 12 3 12 13 3 13 10 4 5 14 4 14 15 4 15 12 5 9 14 9 8 16 9 16 17 9 17 14 14 17 15 17 16 18 17 18 15 15 18 12 12 18 13 18 16 19 18 19 13 16 8 19 8 7 19 13 19 20 13 20 10 19 7 21 19 21 20 7 6 21 6 11 21 10 20 11 20 21 11
G 22 0203040506000106070803000102080904000103090a050001040a0b060001050b0c07020002060c0d080002070d0e09030003080e0f0a040004090f10110b0500050a11120c0600060b120d0700070c1213140e0800080d140f0900090e1415100a000a0f151611000a1016120b000b1116130d0c000d12161514000d13150f0e000f1413161000101513121100 40 0 1 2 0 2 3 0 3 4 0 4 5 0 5 1 1 2 6 1 6 7 1 7 8 1 8 9 1 9 5 2 3 10 2 10 11 2 11 6 3 4 12 3 12 13 3 13 10 4 5 14 4 14 15 4 15 12 5 9 14 9 8 16 9 16 17 9 17 14 14 17 15 17 16 18 17 18 15 15 18 12 12 18 13 18 16 13 16 8 19 16 19 13 13 19 20 13 20 10 8 7 19 10 20 11 19 7 21 19 21 20 7 6 21 6 11 21 11 20 21
G 22 0203040506000106070803000102080904000103090a050001040a0b0c060001050c0d0e07020002060e0f080002070f1011090300030811120a04000409120b0500050a12130c00050b13140d0600060c14150e00060d150f0700070e15100800080f15161100081016120900091116130b0a000b1216140c000c1316150d000d1416100f0e0010151413121100 40 0 1 2 0 2 3 0 3 4 0 4 5 0 5 1 1 2 6 1 6 7 1 7 8 1 8 9 1 9 5 2 3 10 2 10 11 2 11 6 3 4 12 3 12 13 3 13 10 4 5 14 4 14 15 4 15 12 5 9 14 9 8 16 9 16 14 14 16 17 14 17 15 16 8 18 16 18 17 8 7 18 7 6 19 7 19 18 6 11 19 18 19 20 18 20 21 18 21 17 19 11 20 11 10 20 10 13 20 20 13 21 13 12 21 12 15 21 21 15 17
G 22 0203040506000106070803000102080904000103090a050001040a0b0c060001050c0d07020002060d0e080002070e0f09030003080f10110a04000409110b0500050a1112130c00050b130d0600060c1314150e0700070d150f0800080e1516100900090f161211000910120b0a000b1110161413000b12140d0c000d13121615000d14160f0e000f1514121000 40 0 1 2 0 2 3 0 3 4 0 4 5 0 5 1 1 2 6 1 6 7 1 7 8 1 8 9 1 9 5 2 3 10 2 10 11 2 11 6 3 4 12 3 12 13 3 13 10 4 5 14 4 14 15 4 15 12 5 9 14 9 8 16 9 16 14 14 16 17 14 17 15 16 8 18 16 18 17 8 7 18 7 6 19 7 19 18 6 11 19 18 19 20 18 20 17 19 11 21 19 21 20 11 10 21 10 13 21 17 20 15 20 21 13 20 13 12 20 12 15
G 22 0203040506000106070803000102080904000103090a050001040a0b0c060001050c0d07020002060d0e080002070e0f10090300030810110a0400040911120b0500050a12130c00050b130d0600060c13140e0700070d140f0800080e14151000080f1516110900091016120a000a1116130b000b121615140d0c000d13150f0e000f1413161000101513121100 40 0 1 2 0 2 3 0 3 4 0 4 5 0 5 1 1 2 6 1 6 7 1 7 8 1 8 9 1 9 5 2 3 10 2 10 11 2 11 6 3 4 12 3 12 13 3 13 10 4 5 14 4 14 15 4 15 12 5 9 14 9 8 16 9 16 14 14 16 17 14 17 15 16 8 18 16 18 17 8 7 18 7 6 19 7 19 18 6 11 19 18 19 20 18 20 17 19 11 20 11 10 20 10 13 20 20 13 21 20 21 17 17 21 15 13 12 21 12 15 21
G 22 0203040506000106070803000102080904000103090a050001040a0b060001050b0c0d07020002060d0e080002070e0f09030003080f100a040004091011120b0500050a120c0600060b1213140d00060c140e0700070d14150f0800080e15100900090f1516110a000a10161312000a11130c0b000c12111614000c1316150e0d000e1416100f00101514131100 40 0 1 2 0 2 3 0 3 4 0 4 5 0 5 1 1 2 6 1 6 7 1 7 8 1 8 9 1 9 5 2 3 10 2 10 11 2 11 6 3 4 12 3 12 13 3 13 10 4 5 14 4 14 15 4 15 12 5 9 14 9 8 16 9 16 14 14 16 17 14 17 15 16 8 18 16 18 17 8 7 18 7 6 19 7 19 18 6 11 19 18 19 17 19 11 20 19 20 21 19 21 17 17 21 15 11 10 20 10 13 20 15 21 12 21 20 13 21 13 12
G 22 0203040506000106070803000102080904000103090a050001040a0b060001050b0c0d07020002060d0e080002070e0f09030003080f10110a0400040911120b0500050a120c0600060b12130d00060c13140e0700070d140f0800080e1415100900090f15161100091016120a000a1116130c0b000c121615140d000d13150f0e000f1413161000101513121100 40 0 1 2 0 2 3 0 3 4 0 4 5 0 5 1 1 2 6 1 6 7 1 7 8 1 8 9 1 9 5 2 3 10 2 10 11 2 11 6 3 4 12 3 12 13 3 13 10 4 5 14 4 14 15 4 15 12 5 9 14 9 8 16 9 16 14 14 16 17 14 17 15 16 8 18 16 18 17 8 7 18 7 6 19 7 19 18 6 11 19 18 19 17 19 11 20 19 20 17 17 20 21 17 21 15 11 10 20 10 13 20 20 13 21 13 12 21 12 15 21
G 22 0203040506000106070803000102080904000103090a0b050001040b0c060001050c0d0e07020002060e0f080002070f10110903000308110a0400040911120b00040a12130c0500050b13140d0600060c14150e00060d150f0700070e15100800080f15161100081016120a09000a1116130b000b1216140c000c1316150d000d1416100f0e0010151413121100 40 0 1 2 0 2 3 0 3 4 0 4 5 0 5 1 1 2 6 1 6 7 1 7 8 1 8 9 1 9 5 2 3 10 2 10 11 2 11 6 3 4 12 3 12 13 3 13 10 4 5 14 4 14 15 4 15 12 5 9 14 9 8 16 9 16 14 14 16 15 16 8 17 16 17 18 16 18 19 16 19 15 8 7 17 15 19 12 12 19 13 19 18 20 19 20 13 13 20 10 10 20 11 20 18 21 20 21 11 18 17 21 17 7 21 7 6 21 21 6 11
G 22 0203040506000106070803000102080904000103090a050001040a0b060001050b0c0d07020002060d0e080002070e0f10090300030810110a0400040911120b0500050a12130c0600060b13140d00060c140e0700070d140f0800080e14151000080f1516110900091016120a000a1116130b000b121615140c000c13150f0e0d000f1413161000101513121100 40 0 1 2 0 2 3 0 3 4 0 4 5 0 5 1 1 2 6 1 6 7 1 7 8 1 8 9 1 9 5 2 3 10 2 10 11 2 11 6 3 4 12 3 12 13 3 13 10 4 5 14 4 14 15 4 15 12 5 9 14 9 8 16 9 16 14 14 16 15 16 8 17 16 17 18 16 18 19 16 19 15 8 7 17 15 19 12 12 19 13 19 18 20 19 20 13 13 20 10 10 20 11 20 18 11 18 17 21 18 21 11 11 21 6 17 7 21 7 6 21
G 22 0203040506000106070803000102080904000103090a0b050001040b0c060001050c0d07020002060d0e0f080002070f10090300030810110a0400040911120b00040a120c0500050b1213140d0600060c140e0700070d1415160f00070e16100800080f161109000910161513120a000a11130c0b000c12111514000c13150e0d000e14131116000e1511100f00 40 0 1 2 0 2 3 0 3 4 0 4 5 0 5 1 1 2 6 1 6 7 1 7 8 1 8 9 1 9 5 2 3 10 2 10 11 2 11 6 3 4 12 3 12 13 3 13 10 4 5 14 4 14 15 4 15 12 5 9 14 9 8 16 9 16 14 14 16 15 16 8 17 16 17 18 16 18 19 16 19 15 8 7 17 15 19 12 12 19 13 19 18 13 13 18 20 13 20 10 18 17 21 18 21 20 17 7 21 7 6 21 6 11 21 21 11 20 11 10 20
G 22 0203040506000106070803000102080904000103090a050001040a0b0c060001050c0d07020002060d0e080002070e0f09030003080f10110a04000409110b0500050a111213140c00050b140d0600060c14150e0700070d15160f0800080e16100900090f161211000910120b0a000b11101613000b12161514000b13150d0c000d1413160e000e151312100f00 40 0 1 2 0 2 3 0 3 4 0 4 5 0 5 1 1 2 6 1 6 7 1 7 8 1 8 9 1 9 5 2 3 10 2 10 11 2 11 6 3 4 12 3 12 13 3 13 10 4 5 14 4 14 15 4 15 12 5 9 14 9 8 16 9 16 14 14 16 15 16 8 17 16 17 18 16 18 19 16 19 15 8 7 17 15 19 12 12 19 13 19 18 13 13 18 20 13 20 10 18 17 20 17 7 21 17 21 20 7 6 21 6 11 21 10 20 11 20 21 11
G 22 0203040506000106070803000102080904000103090a050001040a0b060001050b0c07020002060c0d080002070d0e0f09030003080f100a0400040910110b0500050a11120c0600060b1213140d0700070c140e0800080d14150f00080e15100900090f1516110a000a1016120b000b1116130c000c12161514000c13150e0d000e141316100f00101513121100 40 0 1 2 0 2 3 0 3 4 0 4 5 0 5 1 1 2 6 1 6 7 1 7 8 1 8 9 1 9 5 2 3 10 2 10 11 2 11 6 3 4 12 3 12 13 3 13 10 4 5 14 4 14 15 4 15 12 5 9 14 9 8 16 9 16 14 14 16 15 16 8 17 16 17 18 16 18 19 16 19 15 8 7 17 15 19 12 12 19 13 19 18 13 13 18 10 18 17 20 18 20 10 10 20 11 17 7 21 17 21 20 7 6 21 6 11 21 11 20 21
G 22 0203040506000106070803000102080904000103090a050001040a0b060001050b0c0d07020002060d0e080002070e0f09030003080f10110a0400040911120b0500050a120c0600060b12130d00060c13140e0700070d14150f0800080e15100900090f15161100091016120a000a1116130c0b000c1216140d000d1316150e000e1416100f0010151413121100 40 0 1 2 0 2 3 0 3 4 0 4 5 0 5 1 1 2 6 1 6 7 1 7 8 1 8 9 1 9 5 2 3 10 2 10 11 2 11 6 3 4 12 3 12 13 3 13 10 4 5 14 4 14 15 4 15 12 5 9 14 9 8 16 9 16 14 14 16 15 16 8 17 16 17 18 16 18 15 8 7 19 8 19 17 15 18 12 12 18 13 18 17 20 18 20 13 17 19 20 13 20 10 20 19 21 20 21 11 20 11 10 19 7 21 7 6 21 6 11 21
G 22 0203040506000106070803000102080904000103090a050001040a0b060001050b07020002060b0c0d080002070d0e09030003080e0f100a0400040910110b0500050a11120c070600070b12130d00070c13140e0800080d140f0900090e14151000090f15110a000a101516120b000b1116130c000c1216140d000d1316150f0e000f1416111000111514131200 40 0 1 2 0 2 3 0 3 4 0 4 5 0 5 1 1 2 6 1 6 7 1 7 8 1 8 9 1 9 5 2 3 10 2 10 11 2 11 6 3 4 12 3 12 13 3 13 10 4 5 14 4 14 15 4 15 12 5 9 14 9 8 16 9 16 14 14 16 15 16 8 17 16 17 18 16 18 15 8 7 19 8 19 17 15 18 12 12 18 13 18 17 13 17 19 20 17 20 10 17 10 13 10 20 11 20 19 21 20 21 11 19 7 21 7 6 21 6 11 21
G 22 0203040506000106070803000102080904000103090a050001040a0b060001050b0c07020002060c0d080002070d0e09030003080e0f100a0400040910110b0500050a11120c0600060b12130d0700070c13140e0800080d140f0900090e14151000090f15110a000a101516120b000b1116130c000c1216140d000d1316150f0e000f1416111000111514131200 40 0 1 2 0 2 3 0 3 4 0 4 5 0 5 1 1 2 6 1 6 7 1 7 8 1 8 9 1 9 5 2 3 10 2 10 11 2 11 6 3 4 12 3 12 13 3 13 10 4 5 14 4 14 15 4 15 12 5 9 14 9 8 16 9 16 14 14 16 15 16 8 17 16 17 18 16 18 15 8 7 19 8 19 17 15 18 12 12 18 13 18 17 13 17 19 20 17 20 13 13 20 10 10 20 11 20 19 21 20 21 11 19 7 21 7 6 21 6 11 21
G 22 0203040506000106070803000102080904000103090a050001040a0b060001050b0c07020002060c0d0e080002070e0f10090300030810110a04000409110b0500050a1112130c0600060b130d0700070c1314150e00070d150f0800080e15161000080f16110900091016120b0a000b11161413000b12140d0c000d13121615000d14160f0e000f151412111000 40 0 1 2 0 2 3 0 3 4 0 4 5 0 5 1 1 2 6 1 6 7 1 7 8 1 8 9 1 9 5 2 3 10 2 10 11 2 11 6 3 4 12 3 12 13 3 13 10 4 5 14 4 14 15 4 15 12 5 9 14 9 8 16 9 16 14 14 16 15 16 8 17 16 17 18 16 18 15 8 7 19 8 19 17 15 18 12 12 18 13 18 17 13 17 19 13 13 19 20 13 20 10 19 7 21 19 21 20 7 6 21 6 11 21 10 20 11 20 21 11
G 22 0203040506000106070803000102080904000103090a050001040a0b060001050b0c07020002060c0d0e080002070e0f09030003080f10110a0400040911120b0500050a12130c0600060b130d0700070c13140e00070d140f0800080e1415100900090f15161100091016120a000a1116130b000b121615140d0c000d13150f0e000f1413161000101513121100 40 0 1 2 0 2 3 0 3 4 0 4 5 0 5 1 1 2 6 1 6 7 1 7 8 1 8 9 1 9 5 2 3 10 2 10 11 2 11 6 3 4 12 3 12 13 3 13 10 4 5 14 4 14 15 4 15 12 5 9 14 9 8 16 9 16 14 14 16 15 16 8 17 16 17 18 16 18 15 8 7 17 15 18 19 15 19 12 12 19 13 19 18 20 19 20 13 18 17 21 18 21 11 18 11 20 11 10 20 10 13 20 11 21 6 17 7 21 7 6 21
G 22 0203040506000106070803000102080904000103090a0b050001040b0c060001050c0d07020002060d0e0f080002070f10090300030810110a0400040911120b00040a12130c0500050b130d0600060c13140e0700070d14150f00070e1516100800080f16110900091016120a000a11161514130b000b12140d0c000d1312150e000e1412160f000f1512111000 40 0 1 2 0 2 3 0 3 4 0 4 5 0 5 1 1 2 6 1 6 7 1 7 8 1 8 9 1 9 5 2 3 10 2 10 11 2 11 6 3 4 12 3 12 13 3 13 10 4 5 14 4 14 15 4 15 12 5 9 14 9 8 16 9 16 14 14 16 15 16 8 17 16 17 18 16 18 15 8 7 17 15 18 19 15 19 12 12 19 13 19 18 20 19 20 13 18 17 21 18 21 20 17 7 21 7 6 21 6 11 21 21 11 20 11 10 20 20 10 13
G 22 0203040506000106070803000102080904000103090a050001040a0b0c060001050c0d0e07020002060e0f080002070f1009030003081011120a04000409120b0500050a1213140c00050b140d0600060c14150e00060d150f0700070e1516100800080f161109000910161312000911130b0a000b12111614000b1316150d0c000d14160f0e000f151413111000 40 0 1 2 0 2 3 0 3 4 0 4 5 0 5 1 1 2 6 1 6 7 1 7 8 1 8 9 1 9 5 2 3 10 2 10 11 2 11 6 3 4 12 3 12 13 3 13 10 4 5 14 4 14 15 4 15 12 5 9 14 9 8 16 9 16 14 14 16 15 16 8 17 16 17 18 16 18 15 8 7 17 15 18 19 15 19 12 12 19 13 19 18 20 19 20 13 18 17 20 17 7 21 17 21 20 7 6 21 6 11 21 13 20 10 20 21 11 20 11 10
G 22 0203040506000106070803000102080904000103090a050001040a0b060001050b0c0d07020002060d0e080002070e0f09030003080f100a0400040910110b0500050a11120c0600060b12130d00060c130e0700070d1314150f0800080e15100900090f1516110a000a1016120b000b111614130c000c12140e0d000e13121615000e1416100f00101514121100 40 0 1 2 0 2 3 0 3 4 0 4 5 0 5 1 1 2 6 1 6 7 1 7 8 1 8 9 1 9 5 2 3 10 2 10 11 2 11 6 3 4 12 3 12 13 3 13 10 4 5 14 4 14 15 4 15 12 5 9 14 9 8 16 9 16 14 14 16 15 16 8 17 16 17 18 16 18 15 8 7 17 15 18 12 12 18 19 12 19 13 18 17 20 18 20 19 17 7 20 7 6 20 6 11 20 20 11 21 20 21 19 11 10 21 10 13 21 13 19 21
G 22 0203040506000106070803000102080904000103090a050001040a0b0c060001050c0d0e07020002060e0f080002070f1011090300030811120a04000409120b0500050a12130c00050b130d0600060c13140e00060d14150f0700070e15100800080f15161100081016120900091116130b0a000b1216140d0c000d1316150e000e1416100f0010151413121100 40 0 1 2 0 2 3 0 3 4 0 4 5 0 5 1 1 2 6 1 6 7 1 7 8 1 8 9 1 9 5 2 3 10 2 10 11 2 11 6 3 4 12 3 12 13 3 13 10 4 5 14 4 14 15 4 15 12 5 9 14 9 8 16 9 16 14 14 16 15 16 8 17 16 17 18 16 18 15 8 7 17 15 18 12 12 18 19 12 19 13 18 17 19 17 7 20 17 20 21 17 21 19 7 6 20 6 11 20 19 21 13 20 11 21 11 10 21 21 10 13
G 22 0203040506000106070803000102080904000103090a050001040a0b0c060001050c0d07020002060d0e080002070e0f09030003080f100a0400040910110b0500050a11120c00050b12130d0600060c130e0700070d1314150f0800080e15100900090f1516110a000a1016120b000b111614130c000c12140e0d000e13121615000e1416100f00101514121100 40 0 1 2 0 2 3 0 3 4 0 4 5 0 5 1 1 2 6 1 6 7 1 7 8 1 8 9 1 9 5 2 3 10 2 10 11 2 11 6 3 4 12 3 12 13 3 13 10 4 5 14 4 14 15 4 15 12 5 9 14 9 8 16 9 16 14 14 16 15 16 8 17 16 17 18 16 18 15 8 7 17 15 18 12 12 18 19 12 19 13 18 17 19 17 7 20 17 20 19 7 6 20 6 11 20 19 20 21 19 21 13 20 11 21 11 10 21 10 13 21
G 22 0203040506000106070803000102080904000103090a050001040a0b060001050b0c07020002060c0d0e080002070e09030003080e0f100a0400040910110b0500050a1112130c0600060b130d0700070c1314150e00070d150f090800090e15161000090f16110a000a1016120b000b11161413000b12140d0c000d13121615000d14160f0e000f151412111000 40 0 1 2 0 2 3 0 3 4 0 4 5 0 5 1 1 2 6 1 6 7 1 7 8 1 8 9 1 9 5 2 3 10 2 10 11 2 11 6 3 4 12 3 12 13 3 13 10 4 5 14 4 14 15 4 15 12 5 9 14 9 8 16 9 16 14 14 16 15 16 8 17 16 17 18 16 18 15 8 7 17 15 18 12 12 18 19 12 19 13 18 17 19 17 7 19 7 6 20 7 20 19 19 20 21 19 21 13 6 11 20 13 21 10 20 11 21 11 10 21
G 22 0203040506000106070803000102080904000103090a0b050001040b0c060001050c0d07020002060d0e080002070e0f100903000308100a040004091011120b00040a120c0500050b1213140d0600060c14150e0700070d150f0800080e15161000080f16110a09000a10161312000a11130c0b000c12111614000c1316150d000d14160f0e000f151413111000 40 0 1 2 0 2 3 0 3 4 0 4 5 0 5 1 1 2 6 1 6 7 1 7 8 1 8 9 1 9 5 2 3 10 2 10 11 2 11 6 3 4 12 3 12 13 3 13 10 4 5 14 4 14 15 4 15 12 5 9 14 9 8 16 9 16 14 14 16 15 16 8 17 16 17 18 16 18 15 8 7 17 15 18 12 12 18 13 18 17 19 18 19 20 18 20 13 17 7 21 17 21 19 7 6 21 6 11 21 13 20 10 21 11 19 11 10 20 11 20 19
G 22 0203040506000106070803000102080904000103090a0b050001040b0c060001050c0d07020002060d0e080002070e0f09030003080f10110a0400040911120b00040a120c0500050b1213140d0600060c140e0700070d14150f0800080e15100900090f15161100091016120a000a1116130c0b000c12161514000c13150e0d000e141316100f00101513121100 40 0 1 2 0 2 3 0 3 4 0 4 5 0 5 1 1 2 6 1 6 7 1 7 8 1 8 9 1 9 5 2 3 10 2 10 11 2 11 6 3 4 12 3 12 13 3 13 10 4 5 14 4 14 15 4 15 12 5 9 14 9 8 16 9 16 14 14 16 15 16 8 17 16 17 18 16 18 15 8 7 17 15 18 12 12 18 13 18 17 19 18 19 20 18 20 13 17 7 19 7 6 21 7 21 19 6 11 21 13 20 10 19 21 20 21 11 20 20 11 10
G 22 0203040506000106070803000102080904000103090a050001040a0b060001050b0c0d07020002060d0e080002070e0f09030003080f100a040004091011120b0500050a120c0600060b1213140d00060c14150e0700070d150f0800080e1516100900090f16110a000a10161312000a11130c0b000c12111614000c1316150d000d14160f0e000f151413111000 40 0 1 2 0 2 3 0 3 4 0 4 5 0 5 1 1 2 6 1 6 7 1 7 8 1 8 9 1 9 5 2 3 10 2 10 11 2 11 6 3 4 12 3 12 13 3 13 10 4 5 14 4 14 15 4 15 12 5 9 14 9 8 16 9 16 14 14 16 15 16 8 17 16 17 18 16 18 15 8 7 17 15 18 12 12 18 13 18 17 19 18 19 13 17 7 20 17 20 21 17 21 19 7 6 20 6 11 20 13 19 10 19 21 10 10 21 11 21 20 11
G 22 0203040506000106070803000102080904000103090a0b050001040b0c060001050c0d07020002060d0e080002070e0f09030003080f100a0400040910110b00040a11120c0500050b12130d0600060c130e0700070d1314150f0800080e15100900090f1516110a000a1016120b000b111614130c000c12140e0d000e13121615000e1416100f00101514121100 40 0 1 2 0 2 3 0 3 4 0 4 5 0 5 1 1 2 6 1 6 7 1 7 8 1 8 9 1 9 5 2 3 10 2 10 11 2 11 6 3 4 12 3 12 13 3 13 10 4 5 14 4 14 15 4 15 12 5 9 14 9 8 16 9 16 14 14 16 15 16 8 17 16 17 18 16 18 15 8 7 17 15 18 12 12 18 13 18 17 19 18 19 13 17 7 20 17 20 19 7 6 20 6 11 20 13 19 21 13 21 10 19 20 21 20 11 21 11 10 21
G 22 0203040506000106070803000102080904000103090a050001040a0b060001050b0c07020002060c0d0e080002070e0f09030003080f100a0400040910110b0500050a1112130c0600060b130d0700070c1314150e00070d150f0800080e1516100900090f16110a000a1016120b000b11161413000b12140d0c000d13121615000d14160f0e000f151412111000 40 0 1 2 0 2 3 0 3 4 0 4 5 0 5 1 1 2 6 1 6 7 1 7 8 1 8 9 1 9 5 2 3 10 2 10 11 2 11 6 3 4 12 3 12 13 3 13 10 4 5 14 4 14 15 4 15 12 5 9 14 9 8 16 9 16 14 14 16 15 16 8 17 16 17 18 16 18 15 8 7 17 15 18 12 12 18 13 18 17 19 18 19 13 17 7 19 7 6 20 7 20 19 6 11 20 13 19 21 13 21 10 19 20 21 20 11 21 11 10 21
G 22 0203040506000106070803000102080904000103090a050001040a0b060001050b0c07020002060c0d0e080002070e0f100903000308100a0400040910110b0500050a1112130c0600060b130d0700070c1314150e00070d150f0800080e15161000080f16110a09000a1016120b000b11161413000b12140d0c000d13121615000d14160f0e000f151412111000 40 0 1 2 0 2 3 0 3 4 0 4 5 0 5 1 1 2 6 1 6 7 1 7 8 1 8 9 1 9 5 2 3 10 2 10 11 2 11 6 3 4 12 3 12 13 3 13 10 4 5 14 4 14 15 4 15 12 5 9 14 9 8 16 9 16 14 14 16 15 16 8 17 16 17 18 16 18 15 8 7 17 15 18 12 12 18 13 18 17 13 17 7 19 17 19 13 13 19 20 13 20 10 7 6 21 7 21 19 6 11 21 10 20 11 19 21 20 21 11 20
G 22 0203040506000106070803000102080904000103090a050001040a0b060001050b0c0d07020002060d0e080002070e0f09030003080f10110a0400040911120b0500050a12130c0600060b13140d00060c140e0700070d14150f0800080e15100900090f15161100091016120a000a1116130b000b121615140c000c13150e0d000e141316100f00101513121100 40 0 1 2 0 2 3 0 3 4 0 4 5 0 5 1 1 2 6 1 6 7 1 7 8 1 8 9 1 9 5 2 3 10 2 10 11 2 11 6 3 4 12 3 12 13 3 13 10 4 5 14 4 14 15 4 15 12 5 9 14 9 8 16 9 16 14 14 16 15 16 8 17 16 17 15 8 7 18 8 18 17 15 17 19 15 19 12 17 18 20 17 20 19 12 19 13 19 20 13 13 20 10 20 18 21 20 21 11 20 11 10 18 7 21 7 6 21 6 11 21
G 22 0203040506000106070803000102080904000103090a050001040a0b0c060001050c0d07020002060d0e080002070e0f09030003080f10110a04000409110b0500050a1112130c00050b130d0600060c1314150e0700070d150f0800080e15100900090f15161100091016120b0a000b11161413000b12140d0c000d13121615000d1416100f0e00101514121100 40 0 1 2 0 2 3 0 3 4 0 4 5 0 5 1 1 2 6 1 6 7 1 7 8 1 8 9 1 9 5 2 3 10 2 10 11 2 11 6 3 4 12 3 12 13 3 13 10 4 5 14 4 14 15 4 15 12 5 9 14 9 8 16 9 16 14 14 16 15 16 8 17 16 17 15 8 7 18 8 18 17 15 17 19 15 19 12 17 18 19 12 19 13 19 18 20 19 20 21 19 21 13 18 7 20 7 6 20 6 11 20 20 11 21 11 10 21 10 13 21
G 22 0203040506000106070803000102080904000103090a050001040a0b0c060001050c0d07020002060d0e080002070e0f09030003080f10110a04000409110b0500050a1112130c00050b130d0600060c13140e0700070d14150f0800080e15100900090f15161100091016120b0a000b11161413000b12140d0c000d131216150e000e1416100f00101514121100 40 0 1 2 0 2 3 0 3 4 0 4 5 0 5 1 1 2 6 1 6 7 1 7 8 1 8 9 1 9 5 2 3 10 2 10 11 2 11 6 3 4 12 3 12 13 3 13 10 4 5 14 4 14 15 4 15 12 5 9 14 9 8 16 9 16 14 14 16 15 16 8 17 16 17 15 8 7 18 8 18 17 15 17 19 15 19 12 17 18 19 12 19 13 19 18 20 19 20 13 18 7 21 18 21 20 7 6 21 6 11 21 13 20 10 20 21 11 20 11 10
G 22 0203040506000106070803000102080904000103090a050001040a0b060001050b0c07020002060c0d080002070d0e0f09030003080f100a040004091011120b0500050a120c0600060b12130d0700070c13140e0800080d14150f00080e15100900090f15110a000a10151612000a1116130c0b000c1216140d000d1316150e000e141611100f00111514131200 40 0 1 2 0 2 3 0 3 4 0 4 5 0 5 1 1 2 6 1 6 7 1 7 8 1 8 9 1 9 5 2 3 10 2 10 11 2 11 6 3 4 12 3 12 13 3 13 10 4 5 14 4 14 15 4 15 12 5 9 14 9 8 16 9 16 14 14 16 15 16 8 17 16 17 15 8 7 18 8 18 17 15 17 12 17 18 19 17 19 13 17 13 12 13 19 20 13 20 10 10 20 11 20 19 21 20 21 11 19 18 21 18 7 21 7 6 21 21 6 11
G 22 0203040506000106070803000102080904000103090a050001040a0b060001050b0c07020002060c0d080002070d0e09030003080e0f0a040004090f10110b0500050a11120c0600060b1213140d0700070c140e0800080d14150f0900090e15100a000a0f151611000a1016120b000b1116130c000c12161514000c13150e0d000e141316100f00101513121100 40 0 1 2 0 2 3 0 3 4 0 4 5 0 5 1 1 2 6 1 6 7 1 7 8 1 8 9 1 9 5 2 3 10 2 10 11 2 11 6 3 4 12 3 12 13 3 13 10 4 5 14 4 14 15 4 15 12 5 9 14 9 8 16 9 16 14 14 16 15 16 8 17 16 17 15 8 7 18 8 18 17 15 17 12 17 18 19 17 19 13 17 13 12 13 19 10 10 19 20 10 20 11 19 18 20 18 7 21 18 21 20 7 6 21 6 11 21 11 20 21
G 22 0203040506000106070803000102080904000103090a050001040a0b060001050b0c07020002060c0d080002070d0e0f09030003080f100a0400040910110b0500050a11120c0600060b12130d0700070c13140e0800080d14150f00080e15100900090f15110a000a101516120b000b1116130c000c1216140d000d1316150e000e141611100f00111514131200 40 0 1 2 0 2 3 0 3 4 0 4 5 0 5 1 1 2 6 1 6 7 1 7 8 1 8 9 1 9 5 2 3 10 2 10 11 2 11 6 3 4 12 3 12 13 3 13 10 4 5 14 4 14 15 4 15 12 5 9 14 9 8 16 9 16 14 14 16 15 16 8 17 16 17 15 8 7 18 8 18 17 15 17 12 17 18 19 17 19 12 12 19 13 19 18 20 19 20 21 19 21 13 18 7 20 7 6 20 6 11 20 20 11 21 11 10 21 10 13 21
G 22 0203040506000106070803000102080904000103090a050001040a0b060001050b0c07020002060c0d080002070d0e0f09030003080f100a0400040910110b0500050a11120c0600060b12130d0700070c13140e0800080d14150f00080e15100900090f1516110a000a1016120b000b1116130c000c1216140d000d1316150e000e1416100f0010151413121100 40 0 1 2 0 2 3 0 3 4 0 4 5 0 5 1 1 2 6 1 6 7 1 7 8 1 8 9 1 9 5 2 3 10 2 10 11 2 11 6 3 4 12 3 12 13 3 13 10 4 5 14 4 14 15 4 15 12 5 9 14 9 8 16 9 16 14 14 16 15 16 8 17 16 17 15 8 7 18 8 18 17 15 17 12 17 18 19 17 19 12 12 19 13 19 18 20 19 20 13 18 7 21 18 21 20 7 6 21 6 11 21 13 20 10 20 21 11 20 11 10
G 22 0203040506000106070803000102080904000103090a050001040a0b060001050b0c07020002060c0d080002070d0e09030003080e0f0a040004090f10110b0500050a110c0600060b11120d0700070c1213140e0800080d140f0900090e1415100a000a0f151611000a1016120c0b000c1116130d000d12161514000d13150f0e000f1413161000101513121100 40 0 1 2 0 2 3 0 3 4 0 4 5 0 5 1 1 2 6 1 6 7 1 7 8 1 8 9 1 9 5 2 3 10 2 10 11 2 11 6 3 4 12 3 12 13 3 13 10 4 5 14 4 14 15 4 15 12 5 9 14 9 8 16 9 16 14 14 16 15 16 8 17 16 17 15 8 7 18 8 18 17 15 17 12 17 18 13 17 13 12 13 18 19 13 19 20 13 20 10 18 7 19 7 6 21 7 21 19 6 11 21 10 20 11 19 21 20 21 11 20
G 22 0203040506000106070803000102080904000103090a050001040a0b060001050b0c07020002060c0d080002070d0e0f09030003080f100a04000409100b0500050a1011120c0600060b12130d0700070c13140e0800080d14150f00080e1511100900090f110b0a000b100f151612000b1116130c000c1216140d000d1316150e000e1416110f00111514131200 40 0 1 2 0 2 3 0 3 4 0 4 5 0 5 1 1 2 6 1 6 7 1 7 8 1 8 9 1 9 5 2 3 10 2 10 11 2 11 6 3 4 12 3 12 13 3 13 10 4 5 14 4 14 15 4 15 12 5 9 14 9 8 16 9 16 14 14 16 15 16 8 17 16 17 15 8 7 18 8 18 17 15 17 12 17 18 12 12 18 19 12 19 13 18 7 19 7 6 20 7 20 19 6 11 20 19 20 21 19 21 13 20 11 21 11 10 21 10 13 21
G 22 0203040506000106070803000102080904000103090a050001040a0b060001050b0c07020002060c0d080002070d0e0f09030003080f100a04000409100b0500050a10110c0600060b11120d0700070c12130e0800080d13140f00080e1415100900090f15110b0a000b101516120c000c1116130d000d1216140e000e1316150f000f1416111000111514131200 40 0 1 2 0 2 3 0 3 4 0 4 5 0 5 1 1 2 6 1 6 7 1 7 8 1 8 9 1 9 5 2 3 10 2 10 11 2 11 6 3 4 12 3 12 13 3 13 10 4 5 14 4 14 15 4 15 12 5 9 14 9 8 16 9 16 14 14 16 15 16 8 17 16 17 15 8 7 18 8 18 17 15 17 12 17 18 12 12 18 13 18 7 19 18 19 13 7 6 20 7 20 19 6 11 20 13 19 21 13 21 10 19 20 21 20 11 21 11 10 21
G 22 0203040506000106070803000102080904000103090a050001040a0b060001050b0c07020002060c0d0e080002070e0f09030003080f100a040004091011120b0500050a12130c0600060b130d0700070c131415160e00070d160f0800080e16100900090f1615110a000a10151412000a1114130b000b12140d0c000d13121115000d14111016000d15100f0e00 40 0 1 2 0 2 3 0 3 4 0 4 5 0 5 1 1 2 6 1 6 7 1 7 8 1 8 9 1 9 5 2 3 10 2 10 11 2 11 6 3 4 12 3 12 13 3 13 10 4 5 14 4 14 15 4 15 12 5 9 14 9 8 16 9 16 14 14 16 15 16 8 17 16 17 15 8 7 17 15 17 18 15 18 19 15 19 12 17 7 20 17 20 18 7 6 20 6 11 20 12 19 13 20 11 18 11 10 21 11 21 18 18 21 19 10 13 21 13 19 21
G 22 0203040506000106070803000102080904000103090a050001040a0b060001050b0c0d07020002060d0e080002070e0f09030003080f10110a04000409110b0500050a11120c0600060b12130d00060c13140e0700070d14150f0800080e15100900090f15161100091016120b0a000b1116130c000c1216140d000d1316150e000e1416100f0010151413121100 40 0 1 2 0 2 3 0 3 4 0 4 5 0 5 1 1 2 6 1 6 7 1 7 8 1 8 9 1 9 5 2 3 10 2 10 11 2 11 6 3 4 12 3 12 13 3 13 10 4 5 14 4 14 15 4 15 12 5 9 14 9 8 16 9 16 14 14 16 15 16 8 17 16 17 15 8 7 17 15 17 18 15 18 19 15 19 12 17 7 18 7 6 20 7 20 18 6 11 20 12 19 13 18 20 21 18 21 19 20 11 21 11 10 21 10 13 21 21 13 19
G 22 0203040506000106070803000102080904000103090a050001040a0b060001050b0c0d07020002060d0e080002070e0f09030003080f10110a04000409110b0500050a11120c0600060b12130d00060c13140e0700070d14150f0800080e15100900090f15161211000910120b0a000b111016130c000c1216140d000d1316150e000e1416100f00101514131200 40 0 1 2 0 2 3 0 3 4 0 4 5 0 5 1 1 2 6 1 6 7 1 7 8 1 8 9 1 9 5 2 3 10 2 10 11 2 11 6 3 4 12 3 12 13 3 13 10 4 5 14 4 14 15 4 15 12 5 9 14 9 8 16 9 16 14 14 16 15 16 8 17 16 17 15 8 7 17 15 17 18 15 18 19 15 19 12 17 7 18 7 6 20 7 20 18 6 11 20 12 19 13 18 20 19 20 11 21 20 21 19 19 21 13 11 10 21 10 13 21
G 22 0203040506000106070803000102080904000103090a050001040a0b060001050b0c07020002060c0d080002070d0e09030003080e0f0a040004090f100b0500050a10110c0600060b1112130d0700070c13140e0800080d140f0900090e141516100a000a0f16110b000b1016120c000c11161513000c1215140d000d13150f0e000f14131216000f1512111000 40 0 1 2 0 2 3 0 3 4 0 4 5 0 5 1 1 2 6 1 6 7 1 7 8 1 8 9 1 9 5 2 3 10 2 10 11 2 11 6 3 4 12 3 12 13 3 13 10 4 5 14 4 14 15 4 15 12 5 9 14 9 8 16 9 16 14 14 16 15 16 8 17 16 17 15 8 7 17 15 17 18 15 18 19 15 19 12 17 7 18 7 6 18 6 11 20 6 20 18 18 20 19 12 19 13 19 20 21 19 21 13 20 11 21 11 10 21 10 13 21
G 22 0203040506000106070803000102080904000103090a050001040a0b060001050b0c0d07020002060d0e080002070e0f09030003080f100a040004091011120b0500050a120c0600060b12130d00060c13140e0700070d14150f0800080e15100900090f1516110a000a10161312000a11130c0b000c121116140d000d1316150e000e1416100f00101514131100 40 0 1 2 0 2 3 0 3 4 0 4 5 0 5 1 1 2 6 1 6 7 1 7 8 1 8 9 1 9 5 2 3 10 2 10 11 2 11 6 3 4 12 3 12 13 3 13 10 4 5 14 4 14 15 4 15 12 5 9 14 9 8 16 9 16 14 14 16 15 16 8 17 16 17 15 8 7 17 15 17 18 15 18 12 17 7 19 17 19 20 17 20 18 7 6 19 6 11 19 12 18 13 18 20 21 18 21 13 19 11 20 11 10 21 11 21 20 10 13 21
G 22 0203040506000106070803000102080904000103090a050001040a0b060001050b0c0d07020002060d0e080002070e0f09030003080f100a040004091011120b0500050a120c0600060b12130d00060c13140e0700070d14150f0800080e15100900090f15110a000a10151612000a1116130c0b000c1216140d000d1316150e000e141611100f00111514131200 40 0 1 2 0 2 3 0 3 4 0 4 5 0 5 1 1 2 6 1 6 7 1 7 8 1 8 9 1 9 5 2 3 10 2 10 11 2 11 6 3 4 12 3 12 13 3 13 10 4 5 14 4 14 15 4 15 12 5 9 14 9 8 16 9 16 14 14 16 15 16 8 17 16 17 15 8 7 17 15 17 18 15 18 12 17 7 19 17 19 20 17 20 18 7 6 19 6 11 19 12 18 13 18 20 13 19 11 21 19 21 20 11 10 21 10 13 21 13 20 21
G 22 0203040506000106070803000102080904000103090a050001040a0b060001050b0c0d07020002060d0e080002070e0f09030003080f100a0400040910110b0500050a11120c0600060b12130d00060c13140e0700070d14150f0800080e15100900090f1516110a000a1016120b000b1116130c000c1216140d000d1316150e000e1416100f0010151413121100 40 0 1 2 0 2 3 0 3 4 0 4 5 0 5 1 1 2 6 1 6 7 1 7 8 1 8 9 1 9 5 2 3 10 2 10 11 2 11 6 3 4 12 3 12 13 3 13 10 4 5 14 4 14 15 4 15 12 5 9 14 9 8 16 9 16 14 14 16 15 16 8 17 16 17 15 8 7 17 15 17 18 15 18 12 17 7 19 17 19 18 7 6 20 7 20 19 6 11 20 12 18 13 18 19 21 18 21 13 19 20 21 20 11 21 11 10 21 21 10 13
G 22 0203040506000106070803000102080904000103090a050001040a0b060001050b0c07020002060c0d0e080002070e0f09030003080f100a0400040910110b0500050a1112130c0600060b130d0700070c1314150e00070d150f0800080e15100900090f1516110a000a1016120b000b11161413000b12140d0c000d13121615000d1416100f0e00101514121100 40 0 1 2 0 2 3 0 3 4 0 4 5 0 5 1 1 2 6 1 6 7 1 7 8 1 8 9 1 9 5 2 3 10 2 10 11 2 11 6 3 4 12 3 12 13 3 13 10 4 5 14 4 14 15 4 15 12 5 9 14 9 8 16 9 16 14 14 16 15 16 8 17 16 17 15 8 7 17 15 17 18 15 18 12 17 7 19 17 19 18 7 6 20 7 20 19 6 11 20 12 18 13 18 19 13 19 20 21 19 21 13 13 21 10 20 11 21 11 10 21
G 22 0203040506000106070803000102080904000103090a050001040a0b060001050b0c0d07020002060d0e080002070e0f09030003080f100a0400040910110b0500050a110c0600060b1112130d00060c13140e0700070d140f0800080e141516100900090f16110a000a1016120c0b000c11161513000c1215140d000d13150f0e000f14131216000f1512111000 40 0 1 2 0 2 3 0 3 4 0 4 5 0 5 1 1 2 6 1 6 7 1 7 8 1 8 9 1 9 5 2 3 10 2 10 11 2 11 6 3 4 12 3 12 13 3 13 10 4 5 14 4 14 15 4 15 12 5 9 14 9 8 16 9 16 14 14 16 15 16 8 17 16 17 15 8 7 17 15 17 18 15 18 12 17 7 19 17 19 18 7 6 19 6 11 20 6 20 19 12 18 13 18 19 20 18 20 21 18 21 13 20 11 21 11 10 21 10 13 21
G 22 0203040506000106070803000102080904000103090a050001040a0b060001050b0c0d07020002060d0e080002070e0f09030003080f100a0400040910110b0500050a110c0600060b11120d00060c12130e0700070d13140f0800080e1415100900090f15110a000a101516120c0b000c1116130d000d1216140e000e1316150f000f1416111000111514131200 40 0 1 2 0 2 3 0 3 4 0 4 5 0 5 1 1 2 6 1 6 7 1 7 8 1 8 9 1 9 5 2 3 10 2 10 11 2 11 6 3 4 12 3 12 13 3 13 10 4 5 14 4 14 15 4 15 12 5 9 14 9 8 16 9 16 14 14 16 15 16 8 17 16 17 15 8 7 17 15 17 18 15 18 12 17 7 19 17 19 18 7 6 19 6 11 19 12 18 20 12 20 13 18 19 20 19 11 21 19 21 20 11 10 21 10 13 21 13 20 21
G 22 0203040506000106070803000102080904000103090a050001040a0b060001050b0c07020002060c0d080002070d0e09030003080e0f0a040004090f100b0500050a10110c0600060b11120d0700070c1213140e0800080d140f0900090e1415100a000a0f1516110b000b1016120c000c1116130d000d12161514000d13150f0e000f1413161000101513121100 40 0 1 2 0 2 3 0 3 4 0 4 5 0 5 1 1 2 6 1 6 7 1 7 8 1 8 9 1 9 5 2 3 10 2 10 11 2 11 6 3 4 12 3 12 13 3 13 10 4 5 14 4 14 15 4 15 12 5 9 14 9 8 16 9 16 14 14 16 15 16 8 17 16 17 15 8 7 17 15 17 18 15 18 12 17 7 18 7 6 19 7 19 18 6 11 19 12 18 20 12 20 13 18 19 20 19 11 21 19 21 20 11 10 21 10 13 21 13 20 21
G 22 0203040506000106070803000102080904000103090a050001040a0b060001050b0c07020002060c0d080002070d0e09030003080e0f0a040004090f100b0500050a10110c0600060b1112130d0700070c130e0800080d1314150f0900090e15100a000a0f1516110b000b1016120c000c11161413000c12140e0d000e13121615000e1416100f00101514121100 40 0 1 2 0 2 3 0 3 4 0 4 5 0 5 1 1 2 6 1 6 7 1 7 8 1 8 9 1 9 5 2 3 10 2 10 11 2 11 6 3 4 12 3 12 13 3 13 10 4 5 14 4 14 15 4 15 12 5 9 14 9 8 16 9 16 14 14 16 15 16 8 17 16 17 15 8 7 17 15 17 12 17 7 18 17 18 19 17 19 12 12 19 13 7 6 18 6 11 20 6 20 18 18 20 19 19 20 21 19 21 13 20 11 21 11 10 21 10 13 21
G 22 0203040506000106070803000102080904000103090a050001040a0b060001050b07020002060b0c0d080002070d0e09030003080e0f0a040004090f100b0500050a10110c070600070b1112130d00070c130e0800080d1314150f0900090e15100a000a0f1516110b000b1016120c000c11161413000c12140e0d000e13121615000e1416100f00101514121100 40 0 1 2 0 2 3 0 3 4 0 4 5 0 5 1 1 2 6 1 6 7 1 7 8 1 8 9 1 9 5 2 3 10 2 10 11 2 11 6 3 4 12 3 12 13 3 13 10 4 5 14 4 14 15 4 15 12 5 9 14 9 8 16 9 16 14 14 16 15 16 8 17 16 17 15 8 7 17 15 17 12 17 7 18 17 18 12 12 18 19 12 19 13 7 6 18 6 11 20 6 20 18 18 20 19 20 11 21 20 21 19 11 10 21 10 13 21 13 19 21
G 22 0203040506000106070803000102080904000103090a050001040a0b060001050b07020002060b0c080002070c0d09030003080d0e0f0a040004090f100b0500050a10110c070600070b11120d0800080c12130e0900090d13140f00090e1415100a000a0f15110b000b101516120c000c1116130d000d1216140e000e1316150f000f1416111000111514131200 40 0 1 2 0 2 3 0 3 4 0 4 5 0 5 1 1 2 6 1 6 7 1 7 8 1 8 9 1 9 5 2 3 10 2 10 11 2 11 6 3 4 12 3 12 13 3 13 10 4 5 14 4 14 12 5 9 15 5 15 14 9 8 16 9 16 17 9 17 15 8 7 18 8 18 16 7 6 19 7 19 18 6 11 19 11 10 20 11 20 19 10 13 17 10 17 16 10 16 20 16 18 20 18 19 20 17 13 21 17 21 15 13 12 21 12 14 21 14 15 21
G 22 0203040506000106070803000102080904000103090a050001040a0b060001050b0c07020002060c0d080002070d09030003080d0e0f0a040004090f100b0500050a10110c0600060b1112130d0700070c130e090800090d1314150f00090e15100a000a0f1516110b000b1016120c000c11161413000c12140e0d000e13121615000e1416100f00101514121100 40 0 1 2 0 2 3 0 3 4 0 4 5 0 5 1 1 2 6 1 6 7 1 7 8 1 8 9 1 9 5 2 3 10 2 10 11 2 11 6 3 4 12 3 12 13 3 13 10 4 5 14 4 14 12 5 9 15 5 15 14 9 8 16 9 16 17 9 17 15 8 7 18 8 18 16 7 6 19 7 19 18 6 11 19 11 10 20 11 20 19 10 13 17 10 17 20 17 16 20 16 18 20 20 18 19 17 13 21 17 21 15 13 12 21 12 14 21 14 15 21
G 22 0203040506000106070803000102080904000103090a050001040a0b060001050b0c07020002060c0d080002070d0e09030003080e0f100a04000409100b0500050a10110c0600060b1112130d0700070c13140e0800080d140f0900090e1415161000090f16110b0a000b1016120c000c11161513000c1215140d000d13150f0e000f14131216000f1512111000 40 0 1 2 0 2 3 0 3 4 0 4 5 0 5 1 1 2 6 1 6 7 1 7 8 1 8 9 1 9 5 2 3 10 2 10 11 2 11 6 3 4 12 3 12 13 3 13 10 4 5 14 4 14 12 5 9 15 5 15 14 9 8 16 9 16 17 9 17 15 8 7 18 8 18 16 7 6 19 7 19 18 6 11 19 11 10 20 11 20 19 10 13 20 19 20 18 20 13 16 16 18 20 16 13 17 13 12 21 13 21 17 12 14 21 14 15 21 15 17 21
G 22 0203040506000106070803000102080904000103090a050001040a0b060001050b07020002060b0c0d080002070d0e09030003080e0f100a0400040910110b0500050a11120c070600070b12130d00070c13140e0800080d140f0900090e1415161000090f16110a000a1016120b000b111615130c000c1215140d000d13150f0e000f14131216000f1512111000 40 0 1 2 0 2 3 0 3 4 0 4 5 0 5 1 1 2 6 1 6 7 1 7 8 1 8 9 1 9 5 2 3 10 2 10 11 2 11 6 3 4 12 3 12 13 3 13 10 4 5 14 4 14 12 5 9 15 5 15 14 9 8 16 9 16 15 8 7 17 8 17 18 8 18 16 7 6 19 7 19 17 6 11 19 11 10 20 11 20 19 10 13 18 10 18 20 18 17 20 17 19 20 18 13 21 18 21 16 13 12 21 12 14 21 14 15 21 21 15 16
G 22 0203040506000106070803000102080904000103090a050001040a0b060001050b07020002060b0c0d080002070d0e09030003080e0f0a040004090f100b0500050a10110c070600070b11120d00070c12130e0800080d13140f0900090e1415100a000a0f15110b000b101516120c000c1116130d000d1216140e000e1316150f000f1416111000111514131200 40 0 1 2 0 2 3 0 3 4 0 4 5 0 5 1 1 2 6 1 6 7 1 7 8 1 8 9 1 9 5 2 3 10 2 10 11 2 11 6 3 4 12 3 12 13 3 13 10 4 5 14 4 14 12 5 9 15 5 15 14 9 8 16 9 16 15 8 7 17 8 17 18 8 18 16 7 6 19 7 19 17 6 11 19 11 10 20 11 20 19 10 13 18 10 18 20 18 17 20 17 19 20 18 13 16 13 12 21 13 21 16 16 21 15 12 14 21 14 15 21
G 22 0203040506000106070803000102080904000103090a050001040a0b060001050b0c07020002060c0d080002070d0e09030003080e0f100a0400040910110b0500050a110c0600060b1112130d0700070c13140e0800080d140f0900090e1415161000090f16110a000a1016120c0b000c11161513000c1215140d000d13150f0e000f14131216000f1512111000 40 0 1 2 0 2 3 0 3 4 0 4 5 0 5 1 1 2 6 1 6 7 1 7 8 1 8 9 1 9 5 2 3 10 2 10 11 2 11 6 3 4 12 3 12 13 3 13 10 4 5 14 4 14 12 5 9 15 5 15 14 9 8 16 9 16 15 8 7 17 8 17 18 8 18 16 7 6 19 7 19 17 6 11 19 11 10 20 11 20 19 10 13 20 19 20 17 20 13 18 20 18 17 13 12 21 13 21 16 13 16 18 16 21 15 12 14 21 14 15 21
G 22 0203040506000106070803000102080904000103090a050001040a0b060001050b0c07020002060c0d080002070d0e09030003080e0f100a0400040910110b0500050a11120c0600060b12130d0700070c13140e0800080d140f0900090e1415161000090f16110a000a1016120b000b111615130c000c1215140d000d13150f0e000f14131216000f1512111000 40 0 1 2 0 2 3 0 3 4 0 4 5 0 5 1 1 2 6 1 6 7 1 7 8 1 8 9 1 9 5 2 3 10 2 10 11 2 11 6 3 4 12 3 12 13 3 13 10 4 5 14 4 14 12 5 9 15 5 15 14 9 8 16 9 16 15 8 7 17 8 17 18 8 18 16 7 6 19 7 19 17 6 11 19 11 10 20 11 20 19 10 13 20 19 20 17 20 13 18 20 18 17 13 12 21 13 21 18 18 21 16 12 14 21 14 15 21 21 15 16
G 22 0203040506000106070803000102080904000103090a050001040a0b060001050b0c07020002060c0d080002070d0e09030003080e0f100a0400040910110b0500050a1112130c0600060b130d0700070c13140e0800080d140f0900090e1415161000090f16110a000a1016120b000b11161513000b1215140d0c000d13150f0e000f14131216000f1512111000 40 0 1 2 0 2 3 0 3 4 0 4 5 0 5 1 1 2 6 1 6 7 1 7 8 1 8 9 1 9 5 2 3 10 2 10 11 2 11 6 3 4 12 3 12 13 3 13 10 4 5 14 4 14 12 5 9 15 5 15 14 9 8 16 9 16 15 8 7 17 8 17 18 8 18 16 7 6 19 7 19 17 6 11 19 11 10 20 11 20 19 10 13 20 19 20 17 20 13 18 20 18 17 13 12 18 18 12 21 18 21 16 12 14 21 14 15 21 15 16 21
G 22 0203040506000106070803000102080904000103090a050001040a0b060001050b0c07020002060c0d0e080002070e0f10090300030810110a04000409110b0500050a1112130c0600060b130d0700070c13140e00070d140f0800080e1415161000080f16110900091016120b0a000b11161513000b1215140d0c000d13150f0e000f14131216000f1512111000 40 0 1 2 0 2 3 0 3 4 0 4 5 0 5 1 1 2 6 1 6 7 1 7 8 1 8 9 1 9 5 2 3 10 2 10 11 2 11 6 3 4 12 3 12 13 3 13 10 4 5 14 4 14 12 5 9 15 5 15 14 9 8 16 9 16 15 8 7 17 8 17 18 8 18 16 7 6 19 7 19 17 6 11 19 11 10 20 11 20 19 10 13 20 19 20 17 20 13 17 17 13 18 13 12 21 13 21 18 12 14 21 14 15 21 15 16 21 21 16 18
G 22 0203040506000106070803000102080904000103090a050001040a0b060001050b0c07020002060c0d080002070d0e09030003080e0f0a040004090f100b0500050a1011120c0600060b120d0700070c12130e0800080d13140f0900090e1415100a000a0f15110b000b10151612000b1116130d0c000d1216140e000e1316150f000f1416111000111514131200 40 0 1 2 0 2 3 0 3 4 0 4 5 0 5 1 1 2 6 1 6 7 1 7 8 1 8 9 1 9 5 2 3 10 2 10 11 2 11 6 3 4 12 3 12 13 3 13 10 4 5 14 4 14 12 5 9 15 5 15 14 9 8 16 9 16 15 8 7 17 8 17 18 8 18 16 7 6 19 7 19 17 6 11 19 11 10 20 11 20 19 10 13 20 19 20 17 20 13 17 17 13 18 13 12 18 12 14 21 12 21 18 18 21 16 14 15 21 15 16 21
G 22 0203040506000106070803000102080904000103090a050001040a0b060001050b0c07020002060c0d0e080002070e0f100903000308100a0400040910110b0500050a1112130c0600060b130d0700070c13140e00070d140f0800080e1415161000080f16110a09000a1016120b000b11161513000b1215140d0c000d13150f0e000f14131216000f1512111000 40 0 1 2 0 2 3 0 3 4 0 4 5 0 5 1 1 2 6 1 6 7 1 7 8 1 8 9 1 9 5 2 3 10 2 10 11 2 11 6 3 4 12 3 12 13 3 13 10 4 5 14 4 14 12 5 9 15 5 15 14 9 8 16 9 16 15 8 7 17 8 17 16 7 6 18 7 18 19 7 19 17 6 11 18 11 10 20 11 20 18 10 13 20 18 20 19 20 13 19 13 12 21 13 21 17 13 17 19 17 21 16 12 14 21 14 15 21 21 15 16
G 22 0203040506000106070803000102080904000103090a050001040a0b060001050b0c07020002060c0d0e080002070e0f09030003080f100a0400040910110b0500050a1112130c0600060b130d0700070c13140e00070d140f0800080e141516100900090f16110a000a1016120b000b11161513000b1215140d0c000d13150f0e000f14131216000f1512111000 40 0 1 2 0 2 3 0 3 4 0 4 5 0 5 1 1 2 6 1 6 7 1 7 8 1 8 9 1 9 5 2 3 10 2 10 11 2 11 6 3 4 12 3 12 13 3 13 10 4 5 14 4 14 12 5 9 15 5 15 14 9 8 16 9 16 15 8 7 17 8 17 16 7 6 18 7 18 19 7 19 17 6 11 18 11 10 20 11 20 18 10 13 20 18 20 19 20 13 19 13 12 21 13 21 19 19 21 17 12 14 21 14 15 21 21 15 16 21 16 17
G 22 0203040506000106070803000102080904000103090a050001040a0b060001050b0c07020002060c0d080002070d0e09030003080e0f100a0400040910110b0500050a1112130c0600060b13140d0700070c140e0800080d140f0900090e1415161000090f16110a000a1016120b000b11161513000b1215140c000c13150f0e0d000f14131216000f1512111000 40 0 1 2 0 2 3 0 3 4 0 4 5 0 5 1 1 2 6 1 6 7 1 7 8 1 8 9 1 9 5 2 3 10 2 10 11 2 11 6 3 4 12 3 12 13 3 13 10 4 5 14 4 14 12 5 9 15 5 15 14 9 8 16 9 16 15 8 7 17 8 17 16 7 6 18 7 18 19 7 19 17 6 11 18 11 10 20 11 20 18 10 13 20 18 20 19 20 13 19 13 12 19 19 12 21 19 21 17 12 14 21 14 15 21 15 16 21 21 16 17
G 22 0203040506000106070803000102080904000103090a050001040a0b060001050b0c07020002060c0d080002070d0e0f09030003080f100a04000409100b0500050a1011120c0600060b120d0700070c12130e0800080d13140f00080e1415100900090f15110b0a000b10151612000b1116130d0c000d1216140e000e1316150f000f1416111000111514131200 40 0 1 2 0 2 3 0 3 4 0 4 5 0 5 1 1 2 6 1 6 7 1 7 8 1 8 9 1 9 5 2 3 10 2 10 11 2 11 6 3 4 12 3 12 13 3 13 10 4 5 14 4 14 12 5 9 15 5 15 14 9 8 16 9 16 15 8 7 17 8 17 16 7 6 18 7 18 19 7 19 17 6 11 18 11 10 20 11 20 18 10 13 20 18 20 19 20 13 19 13 12 19 19 12 17 12 14 21 12 21 17 17 21 16 14 15 21 15 16 21
G 22 0203040506000106070803000102080904000103090a050001040a0b060001050b0c0d07020002060d0e080002070e09030003080e0f100a0400040910110b0500050a11120c0600060b12130d00060c13140e0700070d140f090800090e14151000090f1516110a000a1016120b000b1116130c000c121615140d000d13150f0e000f1413161000101513121100 40 0 1 2 0 2 3 0 3 4 0 4 5 0 5 1 1 2 6 1 6 7 1 7 8 1 8 9 1 9 5 2 3 10 2 10 11 2 11 6 3 4 12 3 12 13 3 13 10 4 5 14 4 14 12 5 9 15 5 15 14 9 8 16 9 16 15 8 7 17 8 17 16 7 6 18 7 18 17 6 11 18 11 10 19 11 19 20 11 20 18 10 13 19 18 20 17 17 20 16 20 19 21 20 21 15 20 15 16 15 21 14 19 13 21 13 12 21 21 12 14
G 22 0203040506000106070803000102080904000103090a050001040a0b060001050b0c0d07020002060d0e080002070e0f09030003080f100a0400040910110b0500050a11120c0600060b12130d00060c13140e0700070d140f0800080e141516100900090f16110a000a1016120b000b111615130c000c1215140d000d13150f0e000f14131216000f1512111000 40 0 1 2 0 2 3 0 3 4 0 4 5 0 5 1 1 2 6 1 6 7 1 7 8 1 8 9 1 9 5 2 3 10 2 10 11 2 11 6 3 4 12 3 12 13 3 13 10 4 5 14 4 14 12 5 9 15 5 15 14 9 8 16 9 16 15 8 7 17 8 17 16 7 6 18 7 18 17 6 11 18 11 10 19 11 19 20 11 20 18 10 13 19 18 20 17 17 20 16 20 19 21 20 21 16 16 21 15 19 13 21 13 12 21 21 12 14 21 14 15
G 22 0203040506000106070803000102080904000103090a050001040a0b060001050b0c07020002060c0d0e080002070e0f100903000308100a040004091011120b0500050a12130c0600060b130d0700070c13140e00070d14150f0800080e15111000080f110a09000a100f151612000a1116130b000b1216140d0c000d1316150e000e1416110f00111514131200 40 0 1 2 0 2 3 0 3 4 0 4 5 0 5 1 1 2 6 1 6 7 1 7 8 1 8 9 1 9 5 2 3 10 2 10 11 2 11 6 3 4 12 3 12 13 3 13 10 4 5 14 4 14 12 5 9 15 5 15 14 9 8 16 9 16 15 8 7 17 8 17 16 7 6 18 7 18 17 6 11 18 11 10 19 11 19 20 11 20 18 10 13 19 18 20 17 17 20 16 20 19 16 16 19 21 16 21 15 19 13 21 13 12 21 12 14 21 21 14 15
G 22 0203040506000106070803000102080904000103090a050001040a0b060001050b0c07020002060c0d0e080002070e0f09030003080f10110a04000409110b0500050a1112130c0600060b130d0700070c13140e00070d14150f0800080e15100900090f15161211000910120b0a000b11101613000b1216140d0c000d1316150e000e1416100f00101514131200 40 0 1 2 0 2 3 0 3 4 0 4 5 0 5 1 1 2 6 1 6 7 1 7 8 1 8 9 1 9 5 2 3 10 2 10 11 2 11 6 3 4 12 3 12 13 3 13 10 4 5 14 4 14 12 5 9 15 5 15 14 9 8 16 9 16 15 8 7 17 8 17 16 7 6 18 7 18 17 6 11 18 11 10 19 11 19 18 10 13 20 10 20 19 18 19 17 19 20 16 16 17 19 16 20 21 16 21 15 20 13 21 13 12 21 12 14 21 21 14 15
G 22 0203040506000106070803000102080904000103090a050001040a0b060001050b0c07020002060c0d080002070d0e09030003080e0f0a040004090f10110b0500050a11120c0600060b12130d0700070c1314150e0800080d150f0900090e15100a000a0f15141611000a1016120b000b1116130c000c1216140d000d13161015000d14100f0e00101413121100 40 0 1 2 0 2 3 0 3 4 0 4 5 0 5 1 1 2 6 1 6 7 1 7 8 1 8 9 1 9 5 2 3 10 2 10 11 2 11 6 3 4 12 3 12 13 3 13 10 4 5 14 4 14 12 5 9 15 5 15 14 9 8 16 9 16 15 8 7 17 8 17 16 7 6 18 7 18 17 6 11 18 11 10 19 11 19 18 10 13 20 10 20 19 18 19 17 19 20 17 17 20 16 20 13 21 20 21 15 20 15 16 15 21 14 13 12 21 12 14 21
G 22 0203040506000106070803000102080904000103090a050001040a0b060001050b0c07020002060c0d080002070d0e0f09030003080f100a0400040910110b0500050a11120c0600060b12130d0700070c130e0800080d1314150f00080e15100900090f1516110a000a1016120b000b111614130c000c12140e0d000e13121615000e1416100f00101514121100 40 0 1 2 0 2 3 0 3 4 0 4 5 0 5 1 1 2 6 1 6 7 1 7 8 1 8 9 1 9 5 2 3 10 2 10 11 2 11 6 3 4 12 3 12 13 3 13 10 4 5 14 4 14 12 5 9 15 5 15 14 9 8 16 9 16 15 8 7 17 8 17 16 7 6 18 7 18 17 6 11 18 11 10 19 11 19 18 10 13 20 10 20 19 18 19 17 19 20 17 17 20 16 20 13 21 20 21 16 16 21 15 13 12 21 12 14 21 21 14 15
G 22 0203040506000106070803000102080904000103090a050001040a0b060001050b0c07020002060c0d080002070d0e09030003080e0f0a040004090f10110b0500050a110c0600060b1112130d0700070c13140e0800080d14150f0900090e15100a000a0f15161211000a10120c0b000c11101613000c1216140d000d1316150e000e1416100f00101514131200 40 0 1 2 0 2 3 0 3 4 0 4 5 0 5 1 1 2 6 1 6 7 1 7 8 1 8 9 1 9 5 2 3 10 2 10 11 2 11 6 3 4 12 3 12 13 3 13 10 4 5 14 4 14 12 5 9 15 5 15 14 9 8 16 9 16 15 8 7 17 8 17 16 7 6 18 7 18 17 6 11 18 11 10 19 11 19 18 10 13 20 10 20 19 18 19 17 19 20 17 17 20 16 20 13 16 16 13 21 16 21 15 13 12 21 12 14 21 14 15 21
G 22 0203040506000106070803000102080904000103090a050001040a0b060001050b0c07020002060c0d0e080002070e0f09030003080f10110a04000409110b0500050a1112130c0600060b13140d0700070c14150e00070d150f0800080e15100900090f15161211000910120b0a000b11101613000b1216140c000c1316150d000d1416100f0e00101514131200 40 0 1 2 0 2 3 0 3 4 0 4 5 0 5 1 1 2 6 1 6 7 1 7 8 1 8 9 1 9 5 2 3 10 2 10 11 2 11 6 3 4 12 3 12 13 3 13 10 4 5 14 4 14 12 5 9 15 5 15 14 9 8 16 9 16 15 8 7 17 8 17 16 7 6 18 7 18 17 6 11 18 11 10 19 11 19 18 10 13 19 18 19 20 18 20 21 18 21 17 19 13 20 13 12 20 12 14 20 20 14 21 14 15 21 15 16 21 21 16 17
G 22 0203040506000106070803000102080904000103090a050001040a0b060001050b0c0d07020002060d0e080002070e0f09030003080f10110a04000409110b0500050a11120c0600060b12130d00060c13140e0700070d140f0800080e1415100900090f15161100091016120b0a000b1116130c000c121615140d000d13150f0e000f1413161000101513121100 40 0 1 2 0 2 3 0 3 4 0 4 5 0 5 1 1 2 6 1 6 7 1 7 8 1 8 9 1 9 5 2 3 10 2 10 11 2 11 6 3 4 12 3 12 13 3 13 10 4 5 14 4 14 12 5 9 15 5 15 14 9 8 16 9 16 15 8 7 17 8 17 16 7 6 18 7 18 17 6 11 18 11 10 19 11 19 18 10 13 19 18 19 20 18 20 17 19 13 21 19 21 20 13 12 21 12 14 21 14 15 20 20 21 14 20 15 16 20 16 17
G 22 0203040506000106070803000102080904000103090a0b050001040b0c060001050c0d07020002060d0e080002070e0f100903000308100a0400040910110b00040a11120c0500050b1213140d0600060c140e0700070d14150f0800080e15161000080f16110a09000a1016120b000b1116130c000c12161514000c13150e0d000e1413160f000f151312111000 40 0 1 2 0 2 3 0 3 4 0 4 5 0 5 1 1 2 6 1 6 7 1 7 8 1 8 9 1 9 5 2 3 10 2 10 11 2 11 6 3 4 12 3 12 13 3 13 10 4 5 14 4 14 12 5 9 15 5 15 14 9 8 16 9 16 15 8 7 17 8 17 16 7 6 18 7 18 17 6 11 18 11 10 19 11 19 18 10 13 19 18 19 20 18 20 17 19 13 21 19 21 20 13 12 21 12 14 21 14 15 21 21 15 16 21 16 20 16 17 20
G 22 0203040506000106070803000102080904000103090a050001040a0b060001050b0c0d07020002060d0e080002070e0f09030003080f100a0400040910110b0500050a11120c0600060b12130d00060c13140e0700070d140f0800080e1415100900090f1516110a000a1016120b000b1116130c000c121615140d000d13150f0e000f1413161000101513121100 40 0 1 2 0 2 3 0 3 4 0 4 5 0 5 1 1 2 6 1 6 7 1 7 8 1 8 9 1 9 5 2 3 10 2 10 11 2 11 6 3 4 12 3 12 13 3 13 10 4 5 14 4 14 12 5 9 15 5 15 14 9 8 16 9 16 15 8 7 17 8 17 16 7 6 18 7 18 17 6 11 18 11 10 19 11 19 18 10 13 19 18 19 20 18 20 17 19 13 21 19 21 20 13 12 21 12 14 21 14 15 21 21 15 20 15 16 20 20 16 17
G 22 0203040506000106070803000102080904000103090a050001040a0b060001050b0c0d07020002060d0e080002070e0f09030003080f10110a0400040911120b0500050a12130c0600060b13140d00060c14150e0700070d150f0800080e15100900090f1514161100091016120a000a1116130b000b1216140c000c131610150d000d14100f0e00101413121100 40 0 1 2 0 2 3 0 3 4 0 4 5 0 5 1 1 2 6 1 6 7 1 7 8 1 8 9 1 9 5 2 3 10 2 10 11 2 11 6 3 4 12 3 12 13 3 13 10 4 5 14 4 14 12 5 9 15 5 15 14 9 8 16 9 16 15 8 7 17 8 17 16 7 6 18 7 18 17 6 11 18 11 10 19 11 19 18 10 13 19 18 19 20 18 20 17 19 13 20 13 12 21 13 21 20 12 14 21 14 15 21 15 16 20 20 21 15 20 16 17
G 22 0203040506000106070803000102080904000103090a050001040a0b0c060001050c0d0e07020002060e0f080002070f1009030003081011120a04000409120b0500050a12130c00050b130d0600060c1314150e00060d150f0700070e1516100800080f16110900091016141312000911130b0a000b1211140d0c000d13111615000d14160f0e000f1514111000 40 0 1 2 0 2 3 0 3 4 0 4 5 0 5 1 1 2 6 1 6 7 1 7 8 1 8 9 1 9 5 2 3 10 2 10 11 2 11 6 3 4 12 3 12 13 3 13 10 4 5 14 4 14 12 5 9 15 5 15 14 9 8 16 9 16 15 8 7 17 8 17 16 7 6 18 7 18 17 6 11 18 11 10 19 11 19 18 10 13 19 18 19 20 18 20 17 19 13 20 13 12 21 13 21 20 12 14 21 14 15 21 15 16 21 21 16 17 21 17 20
G 22 0203040506000106070803000102080904000103090a0b050001040b0c060001050c0d07020002060d0e080002070e0f09030003080f100a0400040910110b00040a11120c0500050b1213140d0600060c140e0700070d14150f0800080e1516100900090f16110a000a1016120b000b1116130c000c12161514000c13150e0d000e1413160f000f151312111000 40 0 1 2 0 2 3 0 3 4 0 4 5 0 5 1 1 2 6 1 6 7 1 7 8 1 8 9 1 9 5 2 3 10 2 10 11 2 11 6 3 4 12 3 12 13 3 13 10 4 5 14 4 14 12 5 9 15 5 15 14 9 8 16 9 16 15 8 7 17 8 17 16 7 6 18 7 18 17 6 11 18 11 10 19 11 19 18 10 13 19 18 19 20 18 20 17 19 13 20 13 12 21 13 21 20 12 14 21 14 15 21 15 16 21 21 16 20 16 17 20
G 22 0203040506000106070803000102080904000103090a050001040a0b0c060001050c0d07020002060d0e080002070e0f09030003080f10110a0400040911120b0500050a12130c00050b130d0600060c1314150e0700070d150f0800080e15100900090f1514161100091016120a000a1116130b000b1216140d0c000d13161015000d14100f0e00101413121100 40 0 1 2 0 2 3 0 3 4 0 4 5 0 5 1 1 2 6 1 6 7 1 7 8 1 8 9 1 9 5 2 3 10 2 10 11 2 11 6 3 4 12 3 12 13 3 13 10 4 5 14 4 14 12 5 9 15 5 15 14 9 8 16 9 16 15 8 7 17 8 17 16 7 6 18 7 18 17 6 11 18 11 10 19 11 19 18 10 13 19 18 19 20 18 20 17 19 13 20 13 12 20 12 14 21 12 21 20 20 21 16 20 16 17 16 21 15 21 14 15
G 22 0203040506000106070803000102080904000103090a050001040a0b0c060001050c0d07020002060d0e080002070e0f09030003080f100a0400040910110b0500050a11120c00050b120d0600060c1213140e0700070d140f0800080e1415100900090f1516110a000a1016120b000b1116130d0c000d12161514000d13150f0e000f1413161000101513121100 40 0 1 2 0 2 3 0 3 4 0 4 5 0 5 1 1 2 6 1 6 7 1 7 8 1 8 9 1 9 5 2 3 10 2 10 11 2 11 6 3 4 12 3 12 13 3 13 10 4 5 14 4 14 12 5 9 15 5 15 14 9 8 16 9 16 15 8 7 17 8 17 16 7 6 18 7 18 17 6 11 18 11 10 19 11 19 18 10 13 19 18 19 20 18 20 17 19 13 20 13 12 20 12 14 21 12 21 20 20 21 17 17 21 16 21 14 15 21 15 16
G 22 0203040506000106070803000102080904000103090a050001040a0b060001050b0c07020002060c0d080002070d0e0f09030003080f100a0400040910110b0500050a1112130c0600060b13140d0700070c140e0800080d1415160f00080e16100900090f16110a000a1016120b000b11161513000b1215140c000c13150e0d000e14131216000e151211100f00 40 0 1 2 0 2 3 0 3 4 0 4 5 0 5 1 1 2 6 1 6 7 1 7 8 1 8 9 1 9 5 2 3 10 2 10 11 2 11 6 3 4 12 3 12 13 3 13 10 4 5 14 4 14 12 5 9 15 5 15 14 9 8 16 9 16 15 8 7 17 8 17 16 7 6 18 7 18 17 6 11 18 11 10 19 11 19 18 10 13 19 18 19 20 18 20 17 19 13 20 13 12 20 12 14 20 20 14 21 20 21 17 14 15 21 17 21 16 21 15 16
G 22 0203040506000106070803000102080904000103090a050001040a0b0c060001050c0d07020002060d0e080002070e0f10090300030810110a0400040911120b0500050a12130c00050b1314150d0600060c150e0700070d150f0800080e1514161000080f16110900091016120a000a1116130b000b1216140c000c13160f15000c140f0e0d000f141312111000 40 0 1 2 0 2 3 0 3 4 0 4 5 0 5 1 1 2 6 1 6 7 1 7 8 1 8 9 1 9 5 2 3 10 2 10 11 2 11 6 3 4 12 3 12 13 3 13 10 4 5 14 4 14 12 5 9 15 5 15 14 9 8 16 9 16 15 8 7 17 8 17 16 7 6 18 7 18 17 6 11 18 11 10 19 11 19 18 10 13 19 18 19 17 19 13 20 19 20 21 19 21 17 17 21 16 13 12 20 12 14 20 14 15 21 21 20 14 21 15 16
G 22 0203040506000106070803000102080904000103090a050001040a0b0c060001050c0d0e07020002060e0f080002070f1011090300030811120a04000409120b0500050a12130c00050b130d0600060c1314150e00060d150f0700070e15100800080f1514161100081016120900091116130b0a000b1216140d0c000d13161015000d14100f0e00101413121100 40 0 1 2 0 2 3 0 3 4 0 4 5 0 5 1 1 2 6 1 6 7 1 7 8 1 8 9 1 9 5 2 3 10 2 10 11 2 11 6 3 4 12 3 12 13 3 13 10 4 5 14 4 14 12 5 9 15 5 15 14 9 8 16 9 16 15 8 7 17 8 17 16 7 6 18 7 18 17 6 11 18 11 10 19 11 19 18 10 13 19 18 19 17 19 13 20 19 20 17 17 20 21 17 21 16 13 12 20 12 14 21 12 21 20 14 15 21 21 15 16
G 22 0203040506000106070803000102080904000103090a050001040a0b060001050b0c0d07020002060d0e080002070e0f10090300030810110a0400040911120b0500050a12130c0600060b1314150d00060c150e0700070d150f0800080e1514161000080f16110900091016120a000a1116130b000b1216140c000c13160f15000c140f0e0d000f141312111000 40 0 1 2 0 2 3 0 3 4 0 4 5 0 5 1 1 2 6 1 6 7 1 7 8 1 8 9 1 9 5 2 3 10 2 10 11 2 11 6 3 4 12 3 12 13 3 13 10 4 5 14 4 14 12 5 9 15 5 15 14 9 8 16 9 16 15 8 7 17 8 17 16 7 6 18 7 18 17 6 11 18 11 10 19 11 19 18 10 13 19 18 19 17 19 13 20 19 20 17 17 20 21 17 21 16 13 12 20 12 14 20 20 14 21 14 15 21 15 16 21
G 22 0203040506000106070803000102080904000103090a050001040a0b0c060001050c0d07020002060d0e080002070e0f09030003080f100a0400040910110b0500050a11120c00050b120d0600060c1213140e0700070d14150f0800080e15100900090f1516110a000a101613120b000b11130d0c000d12111614000d1316150e000e1416100f00101514131100 40 0 1 2 0 2 3 0 3 4 0 4 5 0 5 1 1 2 6 1 6 7 1 7 8 1 8 9 1 9 5 2 3 10 2 10 11 2 11 6 3 4 12 3 12 13 3 13 10 4 5 14 4 14 12 5 9 15 5 15 14 9 8 16 9 16 15 8 7 17 8 17 16 7 6 18 7 18 17 6 11 18 11 10 19 11 19 18 10 13 19 18 19 17 19 13 20 19 20 17 17 20 16 13 12 21 13 21 20 12 14 21 14 15 21 15 16 20 15 20 21
G 22 0203040506000106070803000102080904000103090a050001040a0b0c060001050c0d07020002060d0e080002070e0f09030003080f10110a04000409110b0500050a1112130c00050b130d0600060c13140e0700070d14150f0800080e15100900090f15161211000910120b0a000b11101613000b1216140d0c000d1316150e000e1416100f00101514131200 40 0 1 2 0 2 3 0 3 4 0 4 5 0 5 1 1 2 6 1 6 7 1 7 8 1 8 9 1 9 5 2 3 10 2 10 11 2 11 6 3 4 12 3 12 13 3 13 10 4 5 14 4 14 12 5 9 15 5 15 14 9 8 16 9 16 15 8 7 17 8 17 16 7 6 18 7 18 17 6 11 18 11 10 19 11 19 18 10 13 19 18 19 17 19 13 20 19 20 17 17 20 16 13 12 21 13 21 20 12 14 21 14 15 21 15 16 21 16 20 21
G 22 0203040506000106070803000102080904000103090a050001040a0b0c060001050c0d07020002060d0e080002070e0f09030003080f10110a04000409110b0500050a1112130c00050b13140d0600060c140e0700070d14150f0800080e15100900090f15161211000910120b0a000b11101613000b1216140c000c1316150e0d000e1416100f00101514131200 40 0 1 2 0 2 3 0 3 4 0 4 5 0 5 1 1 2 6 1 6 7 1 7 8 1 8 9 1 9 5 2 3 10 2 10 11 2 11 6 3 4 12 3 12 13 3 13 10 4 5 14 4 14 12 5 9 15 5 15 14 9 8 16 9 16 15 8 7 17 8 17 16 7 6 18 7 18 17 6 11 18 11 10 19 11 19 18 10 13 19 18 19 17 19 13 20 19 20 17 17 20 16 13 12 20 12 14 21 12 21 20 20 21 16 16 21 15 21 14 15
G 22 0203040506000106070803000102080904000103090a050001040a0b0c060001050c0d0e07020002060e0f080002070f1009030003081011120a04000409120b0500050a12130c00050b130d0600060c1314150e00060d150f0700070e1516100800080f16110900091016141200091114130b0a000b12140d0c000d1312111615000d14160f0e000f1514111000 40 0 1 2 0 2 3 0 3 4 0 4 5 0 5 1 1 2 6 1 6 7 1 7 8 1 8 9 1 9 5 2 3 10 2 10 11 2 11 6 3 4 12 3 12 13 3 13 10 4 5 14 4 14 12 5 9 14 9 8 15 9 15 16 9 16 14 14 16 17 14 17 12 12 17 13 17 16 18 17 18 19 17 19 13 16 15 18 13 19 10 10 19 11 19 18 20 19 20 21 19 21 11 18 15 20 15 8 20 8 7 20 20 7 21 7 6 21 6 11 21
G 22 0203040506000106070803000102080904000103090a050001040a0b0c060001050c0d07020002060d0e080002070e0f09030003080f10110a04000409110b0500050a11120c00050b12130d0600060c13140e0700070d14150f0800080e15100900090f15161100091016120b0a000b1116130c000c1216140d000d1316150e000e1416100f0010151413121100 40 0 1 2 0 2 3 0 3 4 0 4 5 0 5 1 1 2 6 1 6 7 1 7 8 1 8 9 1 9 5 2 3 10 2 10 11 2 11 6 3 4 12 3 12 13 3 13 10 4 5 14 4 14 12 5 9 14 9 8 15 9 15 16 9 16 14 14 16 17 14 17 12 12 17 13 17 16 18 17 18 19 17 19 13 16 15 18 13 19 10 10 19 11 19 18 20 19 20 11 18 15 21 18 21 20 15 8 21 8 7 21 11 20 6 20 21 7 20 7 6
G 22 0203040506000106070803000102080904000103090a050001040a0b060001050b0c07020002060c0d080002070d0e0f09030003080f100a0400040910110b0500050a1112130c0600060b130d0700070c13140e0800080d14150f00080e15100900090f1516110a000a1016120b000b11161413000b12140d0c000d131216150e000e1416100f00101514121100 40 0 1 2 0 2 3 0 3 4 0 4 5 0 5 1 1 2 6 1 6 7 1 7 8 1 8 9 1 9 5 2 3 10 2 10 11 2 11 6 3 4 12 3 12 13 3 13 10 4 5 14 4 14 12 5 9 14 9 8 15 9 15 16 9 16 14 14 16 17 14 17 12 12 17 13 17 16 18 17 18 13 16 15 19 16 19 18 13 18 10 18 19 20 18 20 11 18 11 10 11 20 6 6 20 7 20 19 21 20 21 7 19 15 21 15 8 21 8 7 21
G 22 0203040506000106070803000102080904000103090a050001040a0b060001050b0c07020002060c0d0e080002070e09030003080e0f100a0400040910110b0500050a11120c0600060b12130d0700070c13140e00070d140f090800090e14151000090f15110a000a101516120b000b1116130c000c1216140d000d1316150f0e000f1416111000111514131200 40 0 1 2 0 2 3 0 3 4 0 4 5 0 5 1 1 2 6 1 6 7 1 7 8 1 8 9 1 9 5 2 3 10 2 10 11 2 11 6 3 4 12 3 12 13 3 13 10 4 5 14 4 14 12 5 9 14 9 8 15 9 15 16 9 16 14 14 16 17 14 17 12 12 17 13 17 16 18 17 18 13 16 15 19 16 19 18 13 18 10 18 19 11 18 11 10 11 19 20 11 20 6 19 15 21 19 21 20 15 8 21 8 7 21 6 20 7 20 21 7
G 22 0203040506000106070803000102080904000103090a050001040a0b060001050b0c0d07020002060d0e080002070e09030003080e0f100a0400040910110b0500050a11120c0600060b12130d00060c13140e0700070d140f090800090e14151000090f15110a000a101516120b000b1116130c000c1216140d000d1316150f0e000f1416111000111514131200 40 0 1 2 0 2 3 0 3 4 0 4 5 0 5 1 1 2 6 1 6 7 1 7 8 1 8 9 1 9 5 2 3 10 2 10 11 2 11 6 3 4 12 3 12 13 3 13 10 4 5 14 4 14 12 5 9 14 9 8 15 9 15 16 9 16 14 14 16 17 14 17 12 12 17 13 17 16 18 17 18 13 16 15 19 16 19 18 13 18 10 18 19 10 10 19 11 19 15 20 19 20 21 19 21 11 15 8 20 8 7 20 11 21 6 20 7 21 7 6 21
G 22 0203040506000106070803000102080904000103090a050001040a0b0c060001050c0d0e07020002060e0f080002070f1009030003081011120a0400040912130b0500050a13140c00050b140d0600060c14150e00060d150f0700070e15100800080f15110900091015161200091116130a000a1216140b000b1316150d0c000d141611100f0e00111514131200 40 0 1 2 0 2 3 0 3 4 0 4 5 0 5 1 1 2 6 1 6 7 1 7 8 1 8 9 1 9 5 2 3 10 2 10 11 2 11 6 3 4 12 3 12 13 3 13 10 4 5 14 4 14 12 5 9 14 9 8 15 9 15 16 9 16 14 14 16 12 12 16 17 12 17 18 12 18 13 16 15 17 15 8 19 15 19 17 8 7 19 17 19 18 19 7 20 19 20 21 19 21 18 7 6 20 6 11 20 18 21 13 20 11 21 11 10 21 21 10 13
G 22 0203040506000106070803000102080904000103090a050001040a0b0c060001050c0d07020002060d0e080002070e0f09030003080f100a040004091011120b0500050a12130c00050b130d0600060c1314150e0700070d150f0800080e1516100900090f16110a000a10161412000a1114130b000b12140d0c000d1312111615000d14160f0e000f1514111000 40 0 1 2 0 2 3 0 3 4 0 4 5 0 5 1 1 2 6 1 6 7 1 7 8 1 8 9 1 9 5 2 3 10 2 10 11 2 11 6 3 4 12 3 12 13 3 13 10 4 5 14 4 14 12 5 9 14 9 8 15 9 15 16 9 16 14 14 16 12 12 16 17 12 17 18 12 18 13 16 15 17 15 8 19 15 19 17 8 7 19 17 19 18 19 7 20 19 20 18 7 6 20 6 11 20 18 20 21 18 21 13 20 11 21 11 10 21 10 13 21
G 22 0203040506000106070803000102080904000103090a050001040a0b0c060001050c0d07020002060d0e0f080002070f1009030003081011120a0400040912130b0500050a13140c00050b140d0600060c140e0700070d14150f00070e15100800080f15110900091015161200091116130a000a1216140b000b1316150e0d0c000e141611100f00111514131200 40 0 1 2 0 2 3 0 3 4 0 4 5 0 5 1 1 2 6 1 6 7 1 7 8 1 8 9 1 9 5 2 3 10 2 10 11 2 11 6 3 4 12 3 12 13 3 13 10 4 5 14 4 14 12 5 9 14 9 8 15 9 15 16 9 16 14 14 16 12 12 16 17 12 17 13 16 15 18 16 18 17 15 8 19 15 19 18 8 7 19 7 6 20 7 20 19 6 11 20 19 20 21 19 21 18 20 11 21 11 10 21 10 13 21 21 13 17 21 17 18
G 22 0203040506000106070803000102080904000103090a050001040a0b060001050b0c0d07020002060d0e080002070e0f10090300030810110a0400040911120b0500050a12130c0600060b13140d00060c140e0700070d14150f0800080e15161000080f16110900091016120a000a111615130b000b1215140c000c13150e0d000e141312160f000f1512111000 40 0 1 2 0 2 3 0 3 4 0 4 5 0 5 1 1 2 6 1 6 7 1 7 8 1 8 9 1 9 5 2 3 10 2 10 11 2 11 6 3 4 12 3 12 13 3 13 10 4 5 14 4 14 12 5 9 14 9 8 15 9 15 16 9 16 14 14 16 12 12 16 17 12 17 13 16 15 18 16 18 17 15 8 19 15 19 18 8 7 19 7 6 20 7 20 19 6 11 20 19 20 18 20 11 21 20 21 17 20 17 18 17 21 13 11 10 21 10 13 21
G 22 0203040506000106070803000102080904000103090a050001040a0b0c060001050c0d07020002060d0e080002070e0f10090300030810110a0400040911120b0500050a12130c00050b13140d0600060c140e0700070d14150f0800080e15161000080f16110900091016120a000a111615130b000b1215140c000c13150e0d000e141312160f000f1512111000 40 0 1 2 0 2 3 0 3 4 0 4 5 0 5 1 1 2 6 1 6 7 1 7 8 1 8 9 1 9 5 2 3 10 2 10 11 2 11 6 3 4 12 3 12 13 3 13 10 4 5 14 4 14 12 5 9 14 9 8 15 9 15 16 9 16 14 14 16 12 12 16 17 12 17 13 16 15 18 16 18 17 15 8 19 15 19 18 8 7 19 7 6 20 7 20 19 6 11 20 19 20 18 20 11 21 20 21 18 18 21 17 11 10 21 10 13 21 21 13 17
G 22 0203040506000106070803000102080904000103090a050001040a0b060001050b0c0d07020002060d0e0f080002070f09030003080f10110a0400040911120b0500050a12130c0600060b13140d00060c140e0700070d14150f00070e1510090800090f15161100091016120a000a1116130b000b121615140c000c13150e0d000e141316100f00101513121100 40 0 1 2 0 2 3 0 3 4 0 4 5 0 5 1 1 2 6 1 6 7 1 7 8 1 8 9 1 9 5 2 3 10 2 10 11 2 11 6 3 4 12 3 12 13 3 13 10 4 5 14 4 14 12 5 9 14 9 8 15 9 15 16 9 16 14 14 16 12 12 16 17 12 17 13 16 15 18 16 18 17 15 8 19 15 19 18 8 7 19 7 6 20 7 20 19 6 11 20 19 20 18 20 11 18 18 11 21 18 21 17 11 10 21 10 13 21 13 17 21
G 22 0203040506000106070803000102080904000103090a050001040a0b0c060001050c0d07020002060d0e080002070e0f09030003080f10110a0400040911120b0500050a12130c00050b130d0600060c13140e0700070d14150f0800080e15100900090f15161100091016120a000a1116130b000b1216140d0c000d1316150e000e1416100f0010151413121100 40 0 1 2 0 2 3 0 3 4 0 4 5 0 5 1 1 2 6 1 6 7 1 7 8 1 8 9 1 9 5 2 3 10 2 10 11 2 11 6 3 4 12 3 12 13 3 13 10 4 5 14 4 14 12 5 9 14 9 8 15 9 15 16 9 16 14 14 16 12 12 16 17 12 17 13 16 15 17 15 8 18 15 18 19 15 19 17 8 7 18 17 19 20 17 20 13 13 20 10 10 20 11 20 19 21 20 21 11 19 18 21 18 7 21 7 6 21 21 6 11
G 22 0203040506000106070803000102080904000103090a050001040a0b060001050b0c0d07020002060d0e0f080002070f10090300030810110a0400040911120b0500050a12130c0600060b13140d00060c140e0700070d14150f00070e15100800080f1516110900091016120a000a1116130b000b121615140c000c13150e0d000e141316100f00101513121100 40 0 1 2 0 2 3 0 3 4 0 4 5 0 5 1 1 2 6 1 6 7 1 7 8 1 8 9 1 9 5 2 3 10 2 10 11 2 11 6 3 4 12 3 12 13 3 13 10 4 5 14 4 14 12 5 9 14 9 8 15 9 15 16 9 16 14 14 16 12 12 16 17 12 17 13 16 15 17 15 8 18 15 18 19 15 19 17 8 7 18 17 19 20 17 20 13 13 20 10 10 20 11 20 19 11 19 18 21 19 21 11 11 21 6 18 7 21 7 6 21
G 22 0203040506000106070803000102080904000103090a050001040a0b0c060001050c0d07020002060d0e080002070e0f09030003080f10110a0400040911120b0500050a12130c00050b13140d0600060c140e0700070d14150f0800080e15100900090f15161100091016120a000a1116130b000b1216140c000c1316150e0d000e1416100f0010151413121100 40 0 1 2 0 2 3 0 3 4 0 4 5 0 5 1 1 2 6 1 6 7 1 7 8 1 8 9 1 9 5 2 3 10 2 10 11 2 11 6 3 4 12 3 12 13 3 13 10 4 5 14 4 14 12 5 9 14 9 8 15 9 15 16 9 16 14 14 16 12 12 16 17 12 17 13 16 15 17 15 8 18 15 18 19 15 19 17 8 7 18 17 19 13 13 19 20 13 20 10 19 18 21 19 21 20 18 7 21 7 6 21 6 11 21 21 11 20 11 10 20
G 22 0203040506000106070803000102080904000103090a050001040a0b060001050b0c07020002060c0d080002070d0e09030003080e0f100a0400040910110b0500050a11120c0600060b12130d0700070c13140e0800080d140f0900090e14151000090f1516110a000a1016120b000b1116130c000c121615140d000d13150f0e000f1413161000101513121100 40 0 1 2 0 2 3 0 3 4 0 4 5 0 5 1 1 2 6 1 6 7 1 7 8 1 8 9 1 9 5 2 3 10 2 10 11 2 11 6 3 4 12 3 12 13 3 13 10 4 5 14 4 14 12 5 9 14 9 8 15 9 15 16 9 16 14 14 16 12 12 16 17 12 17 13 16 15 17 15 8 18 15 18 17 8 7 19 8 19 18 17 18 13 18 19 20 18 20 13 13 20 10 10 20 11 20 19 21 20 21 11 19 7 21 7 6 21 6 11 21
G 22 0203040506000106070803000102080904000103090a050001040a0b060001050b0c07020002060c0d0e080002070e0f10090300030810110a04000409110b0500050a1112130c0600060b130d0700070c13140e00070d14150f0800080e15161000080f16110900091016120b0a000b1116151413000b12140d0c000d1312150e000e1412160f000f1512111000 40 0 1 2 0 2 3 0 3 4 0 4 5 0 5 1 1 2 6 1 6 7 1 7 8 1 8 9 1 9 5 2 3 10 2 10 11 2 11 6 3 4 12 3 12 13 3 13 10 4 5 14 4 14 12 5 9 14 9 8 15 9 15 16 9 16 14 14 16 12 12 16 17 12 17 13 16 15 17 15 8 18 15 18 17 8 7 19 8 19 18 17 18 13 18 19 13 13 19 20 13 20 10 19 7 21 19 21 20 7 6 21 6 11 21 10 20 11 20 21 11
G 22 0203040506000106070803000102080904000103090a050001040a0b0c060001050c0d07020002060d0e080002070e0f09030003080f10110a0400040911120b0500050a12130c00050b130d0600060c1314150e0700070d150f0800080e15100900090f15161100091016120a000a111614130b000b12140d0c000d13121615000d1416100f0e00101514121100 40 0 1 2 0 2 3 0 3 4 0 4 5 0 5 1 1 2 6 1 6 7 1 7 8 1 8 9 1 9 5 2 3 10 2 10 11 2 11 6 3 4 12 3 12 13 3 13 10 4 5 14 4 14 12 5 9 14 9 8 15 9 15 16 9 16 14 14 16 12 12 16 17 12 17 13 16 15 17 15 8 18 15 18 17 8 7 18 17 18 19 17 19 20 17 20 13 18 7 21 18 21 19 7 6 21 6 11 21 13 20 10 21 11 19 11 10 20 11 20 19
G 22 0203040506000106070803000102080904000103090a050001040a0b060001050b0c0d07020002060d0e080002070e0f09030003080f100a040004091011120b0500050a120c0600060b12130d00060c13140e0700070d140f0800080e1415100900090f15110a000a10151612000a1116130c0b000c1216140d000d1316150f0e000f1416111000111514131200 40 0 1 2 0 2 3 0 3 4 0 4 5 0 5 1 1 2 6 1 6 7 1 7 8 1 8 9 1 9 5 2 3 10 2 10 11 2 11 6 3 4 12 3 12 13 3 13 10 4 5 14 4 14 12 5 9 14 9 8 15 9 15 16 9 16 14 14 16 12 12 16 17 12 17 13 16 15 17 15 8 18 15 18 17 8 7 18 17 18 19 17 19 13 18 7 20 18 20 21 18 21 19 7 6 20 6 11 20 13 19 10 19 21 10 10 21 11 21 20 11
G 22 0203040506000106070803000102080904000103090a050001040a0b0c060001050c0d07020002060d0e080002070e0f09030003080f10110a0400040911120b0500050a12130c00050b13140d0600060c14150e0700070d150f0800080e15100900090f15161100091016120a000a1116130b000b1216140c000c1316150d000d1416100f0e0010151413121100 40 0 1 2 0 2 3 0 3 4 0 4 5 0 5 1 1 2 6 1 6 7 1 7 8 1 8 9 1 9 5 2 3 10 2 10 11 2 11 6 3 4 12 3 12 13 3 13 10 4 5 14 4 14 12 5 9 14 9 8 15 9 15 16 9 16 14 14 16 12 12 16 17 12 17 13 16 15 17 15 8 18 15 18 17 8 7 18 17 18 19 17 19 13 18 7 20 18 20 19 7 6 20 6 11 20 13 19 21 13 21 10 19 20 21 20 11 21 11 10 21
G 22 0203040506000106070803000102080904000103090a050001040a0b060001050b0c07020002060c0d0e080002070e0f09030003080f100a0400040910110b0500050a1112130c0600060b130d0700070c13140e00070d14150f0800080e1516100900090f16110a000a1016120b000b1116151413000b12140d0c000d1312150e000e1412160f000f1512111000 40 0 1 2 0 2 3 0 3 4 0 4 5 0 5 1 1 2 6 1 6 7 1 7 8 1 8 9 1 9 5 2 3 10 2 10 11 2 11 6 3 4 12 3 12 13 3 13 10 4 5 14 4 14 12 5 9 14 9 8 15 9 15 16 9 16 14 14 16 12 12 16 17 12 17 13 16 15 17 15 8 18 15 18 17 8 7 18 17 18 19 17 19 13 18 7 19 7 6 20 7 20 19 6 11 20 13 19 21 13 21 10 19 20 21 20 11 21 11 10 21
G 22 0203040506000106070803000102080904000103090a050001040a0b060001050b0c07020002060c0d0e080002070e0f10090300030810110a040004091112130b0500050a13140c0600060b140d0700070c14150e00070d150f0800080e15161000080f16110900091016120a000a11161513000a1215140b000b13150d0c000d141312160f0e000f1512111000 40 0 1 2 0 2 3 0 3 4 0 4 5 0 5 1 1 2 6 1 6 7 1 7 8 1 8 9 1 9 5 2 3 10 2 10 11 2 11 6 3 4 12 3 12 13 3 13 10 4 5 14 4 14 12 5 9 14 9 8 15 9 15 16 9 16 14 14 16 12 12 16 13 16 15 17 16 17 18 16 18 13 13 18 19 13 19 10 10 19 11 19 18 20 19 20 11 18 17 20 11 20 6 20 17 21 20 21 7 20 7 6 17 15 21 15 8 21 8 7 21
G 22 0203040506000106070803000102080904000103090a050001040a0b060001050b0c07020002060c0d080002070d0e0f09030003080f100a040004091011120b0500050a12130c0600060b13140d0700070c140e0800080d1415160f00080e16100900090f16110a000a10161512000a1115130b000b1215140c000c13150e0d000e1413121116000e1511100f00 40 0 1 2 0 2 3 0 3 4 0 4 5 0 5 1 1 2 6 1 6 7 1 7 8 1 8 9 1 9 5 2 3 10 2 10 11 2 11 6 3 4 12 3 12 13 3 13 10 4 5 14 4 14 12 5 9 14 9 8 15 9 15 16 9 16 14 14 16 12 12 16 13 16 15 17 16 17 18 16 18 13 13 18 10 10 18 19 10 19 11 18 17 19 17 15 20 17 20 21 17 21 19 15 8 20 8 7 20 19 21 11 20 7 21 7 6 21 21 6 11
G 22 0203040506000106070803000102080904000103090a050001040a0b060001050b0c07020002060c0d080002070d0e0f09030003080f100a040004091011120b0500050a12130c0600060b13140d0700070c140e0800080d14150f00080e15100900090f15110a000a10151612000a1116130b000b1216140c000c1316150e0d000e141611100f00111514131200 40 0 1 2 0 2 3 0 3 4 0 4 5 0 5 1 1 2 6 1 6 7 1 7 8 1 8 9 1 9 5 2 3 10 2 10 11 2 11 6 3 4 12 3 12 13 3 13 10 4 5 14 4 14 12 5 9 14 9 8 15 9 15 16 9 16 14 14 16 12 12 16 13 16 15 17 16 17 18 16 18 13 13 18 10 10 18 19 10 19 11 18 17 19 17 15 20 17 20 19 15 8 20 8 7 20 19 20 21 19 21 11 20 7 21 7 6 21 6 11 21
G 22 0203040506000106070803000102080904000103090a050001040a0b060001050b0c07020002060c0d080002070d0e0f09030003080f100a040004091011120b0500050a12130c0600060b130d0700070c13140e0800080d14150f00080e15100900090f15110a000a10151612000a1116130b000b1216140d0c000d1316150e000e141611100f00111514131200 40 0 1 2 0 2 3 0 3 4 0 4 5 0 5 1 1 2 6 1 6 7 1 7 8 1 8 9 1 9 5 2 3 10 2 10 11 2 11 6 3 4 12 3 12 13 3 13 10 4 5 14 4 14 12 5 9 14 9 8 15 9 15 16 9 16 14 14 16 12 12 16 13 16 15 17 16 17 18 16 18 13 13 18 10 10 18 11 18 17 19 18 19 11 11 19 20 11 20 6 6 20 7 20 19 21 20 21 7 19 17 21 17 15 21 15 8 21 21 8 7
G 22 0203040506000106070803000102080904000103090a050001040a0b060001050b0c07020002060c0d080002070d0e09030003080e0f100a0400040910110b0500050a1112130c0600060b13140d0700070c140e0800080d14150f0900090e15161000090f16110a000a1016120b000b11161513000b1215140c000c13150e0d000e141312160f000f1512111000 40 0 1 2 0 2 3 0 3 4 0 4 5 0 5 1 1 2 6 1 6 7 1 7 8 1 8 9 1 9 5 2 3 10 2 10 11 2 11 6 3 4 12 3 12 13 3 13 10 4 5 14 4 14 12 5 9 14 9 8 15 9 15 16 9 16 14 14 16 12 12 16 13 16 15 17 16 17 18 16 18 13 13 18 10 10 18 11 18 17 19 18 19 11 11 19 6 6 19 20 6 20 7 19 17 20 17 15 21 17 21 20 15 8 21 8 7 21 7 20 21
G 22 0203040506000106070803000102080904000103090a050001040a0b060001050b0c07020002060c0d0e080002070e0f10090300030810110a0400040911120b0500050a1213140c0600060b140d0700070c14150e00070d150f0800080e15161000080f16110900091016120a000a1116130b000b12161514000b13150d0c000d1413160f0e000f151312111000 40 0 1 2 0 2 3 0 3 4 0 4 5 0 5 1 1 2 6 1 6 7 1 7 8 1 8 9 1 9 5 2 3 10 2 10 11 2 11 6 3 4 12 3 12 13 3 13 10 4 5 14 4 14 12 5 9 14 9 8 15 9 15 16 9 16 14 14 16 12 12 16 13 16 15 17 16 17 13 13 17 18 13 18 19 13 19 10 10 19 11 19 18 20 19 20 11 11 20 6 6 20 7 20 18 21 20 21 7 18 17 21 17 15 21 15 8 21 21 8 7
G 22 0203040506000106070803000102080904000103090a050001040a0b060001050b0c07020002060c0d0e080002070e0f10090300030810110a0400040911120b0500050a1213140c0600060b140d0700070c14150e00070d150f0800080e1513161000080f16110900091016120a000a1116130b000b12160f1514000b13150d0c000d14130f0e000f1312111000 40 0 1 2 0 2 3 0 3 4 0 4 5 0 5 1 1 2 6 1 6 7 1 7 8 1 8 9 1 9 5 2 3 10 2 10 11 2 11 6 3 4 12 3 12 13 3 13 10 4 5 14 4 14 12 5 9 14 9 8 15 9 15 16 9 16 14 14 16 12 12 16 13 16 15 17 16 17 13 13 17 18 13 18 19 13 19 10 10 19 11 19 18 20 19 20 11 11 20 6 6 20 7 20 18 7 18 17 21 18 21 7 7 21 8 17 15 21 15 8 21
G 22 0203040506000106070803000102080904000103090a050001040a0b060001050b0c07020002060c0d0e080002070e0f09030003080f100a040004091011120b0500050a12130c0600060b13140d0700070c14150e00070d150f0800080e15100900090f15110a000a10151612000a1116130b000b1216140c000c1316150d000d141611100f0e00111514131200 40 0 1 2 0 2 3 0 3 4 0 4 5 0 5 1 1 2 6 1 6 7 1 7 8 1 8 9 1 9 5 2 3 10 2 10 11 2 11 6 3 4 12 3 12 13 3 13 10 4 5 14 4 14 12 5 9 14 9 8 15 9 15 16 9 16 14 14 16 12 12 16 13 16 15 17 16 17 13 13 17 18 13 18 10 10 18 19 10 19 11 18 17 20 18 20 19 17 15 20 15 8 20 8 7 20 20 7 21 20 21 19 7 6 21 6 11 21 11 19 21
G 22 0203040506000106070803000102080904000103090a050001040a0b060001050b0c07020002060c0d0e080002070e0f09030003080f100a040004091011120b0500050a12130c0600060b130d0700070c1314150e00070d15160f0800080e16100900090f16110a000a1016151412000a1114130b000b12140d0c000d13121115000d1411160e000e1511100f00 40 0 1 2 0 2 3 0 3 4 0 4 5 0 5 1 1 2 6 1 6 7 1 7 8 1 8 9 1 9 5 2 3 10 2 10 11 2 11 6 3 4 12 3 12 13 3 13 10 4 5 14 4 14 12 5 9 14 9 8 15 9 15 16 9 16 14 14 16 12 12 16 13 16 15 17 16 17 13 13 17 18 13 18 10 10 18 11 18 17 19 18 19 20 18 20 11 17 15 21 17 21 19 15 8 21 8 7 21 11 20 6 21 7 19 7 6 20 7 20 19
G 22 0203040506000106070803000102080904000103090a050001040a0b060001050b0c07020002060c0d0e080002070e0f09030003080f100a040004091011120b0500050a12130c0600060b130d0700070c1314150e00070d150f0800080e1516100900090f16110a000a10161412000a1114130b000b12140d0c000d1312111615000d14160f0e000f1514111000 40 0 1 2 0 2 3 0 3 4 0 4 5 0 5 1 1 2 6 1 6 7 1 7 8 1 8 9 1 9 5 2 3 10 2 10 11 2 11 6 3 4 12 3 12 13 3 13 10 4 5 14 4 14 12 5 9 14 9 8 15 9 15 16 9 16 14 14 16 12 12 16 13 16 15 17 16 17 13 13 17 18 13 18 10 10 18 11 18 17 19 18 19 20 18 20 11 17 15 19 15 8 21 15 21 19 8 7 21 11 20 6 19 21 20 21 7 20 20 7 6
G 22 0203040506000106070803000102080904000103090a050001040a0b060001050b0c07020002060c0d0e080002070e0f09030003080f100a040004091011120b0500050a12130c0600060b130d0700070c13140e00070d1415160f0800080e16100900090f16110a000a10161512000a111514130b000b12140d0c000d1312150e000e14121116000e1511100f00 40 0 1 2 0 2 3 0 3 4 0 4 5 0 5 1 1 2 6 1 6 7 1 7 8 1 8 9 1 9 5 2 3 10 2 10 11 2 11 6 3 4 12 3 12 13 3 13 10 4 5 14 4 14 12 5 9 14 9 8 15 9 15 16 9 16 14 14 16 12 12 16 13 16 15 17 16 17 13 13 17 18 13 18 10 10 18 11 18 17 19 18 19 11 17 15 20 17 20 21 17 21 19 15 8 20 8 7 20 11 19 6 19 21 6 6 21 7 21 20 7
G 22 0203040506000106070803000102080904000103090a050001040a0b060001050b0c07020002060c0d0e080002070e0f09030003080f100a040004091011120b0500050a12130c0600060b130d0700070c13140e00070d14150f0800080e15100900090f15110a000a10151612000a1116130b000b1216140d0c000d1316150e000e141611100f00111514131200 40 0 1 2 0 2 3 0 3 4 0 4 5 0 5 1 1 2 6 1 6 7 1 7 8 1 8 9 1 9 5 2 3 10 2 10 11 2 11 6 3 4 12 3 12 13 3 13 10 4 5 14 4 14 12 5 9 14 9 8 15 9 15 16 9 16 14 14 16 12 12 16 13 16 15 17 16 17 13 13 17 18 13 18 10 10 18 11 18 17 19 18 19 11 17 15 20 17 20 19 15 8 20 8 7 20 11 19 21 11 21 6 19 20 21 20 7 21 7 6 21
G 22 0203040506000106070803000102080904000103090a050001040a0b060001050b0c07020002060c0d0e080002070e0f09030003080f100a040004091011120b0500050a12130c0600060b130d0700070c13140e00070d140f0800080e1415100900090f15110a000a10151612000a1116130b000b1216140d0c000d1316150f0e000f1416111000111514131200 40 0 1 2 0 2 3 0 3 4 0 4 5 0 5 1 1 2 6 1 6 7 1 7 8 1 8 9 1 9 5 2 3 10 2 10 11 2 11 6 3 4 12 3 12 13 3 13 10 4 5 14 4 14 12 5 9 14 9 8 15 9 15 16 9 16 14 14 16 12 12 16 13 16 15 17 16 17 13 13 17 18 13 18 10 10 18 11 18 17 19 18 19 11 17 15 19 15 8 20 15 20 19 8 7 20 11 19 21 11 21 6 19 20 21 20 7 21 7 6 21
G 22 0203040506000106070803000102080904000103090a050001040a0b060001050b07020002060b0c0d080002070d0e09030003080e0f100a0400040910110b0500050a11120c070600070b12130d00070c130e0800080d13140f0900090e14151000090f15110a000a101516120b000b1116130c000c1216140e0d000e1316150f000f1416111000111514131200 40 0 1 2 0 2 3 0 3 4 0 4 5 0 5 1 1 2 6 1 6 7 1 7 8 1 8 9 1 9 5 2 3 10 2 10 11 2 11 6 3 4 12 3 12 13 3 13 10 4 5 14 4 14 12 5 9 14 9 8 15 9 15 16 9 16 14 14 16 12 12 16 13 16 15 17 16 17 13 13 17 10 10 17 18 10 18 19 10 19 11 17 15 18 15 8 18 8 7 20 8 20 18 18 20 19 20 7 21 20 21 19 7 6 21 6 11 21 11 19 21
G 22 0203040506000106070803000102080904000103090a050001040a0b060001050b0c07020002060c0d080002070d0e09030003080e0f0a040004090f10110b0500050a11120c0600060b12130d0700070c13140e0800080d14150f0900090e15100a000a0f151611000a1016120b000b1116130c000c1216140d000d1316150e000e1416100f0010151413121100 40 0 1 2 0 2 3 0 3 4 0 4 5 0 5 1 1 2 6 1 6 7 1 7 8 1 8 9 1 9 5 2 3 10 2 10 11 2 11 6 3 4 12 3 12 13 3 13 10 4 5 14 4 14 12 5 9 14 9 8 15 9 15 16 9 16 14 14 16 12 12 16 13 16 15 17 16 17 13 13 17 10 10 17 18 10 18 11 17 15 19 17 19 18 15 8 20 15 20 19 8 7 20 7 6 21 7 21 20 6 11 21 11 18 21 18 19 21 21 19 20
G 22 0203040506000106070803000102080904000103090a050001040a0b060001050b0c07020002060c0d080002070d0e09030003080e0f0a040004090f10110b0500050a11120c0600060b12130d0700070c13140e0800080d140f0900090e1415100a000a0f151611000a1016120b000b1116130c000c121615140d000d13150f0e000f1413161000101513121100 40 0 1 2 0 2 3 0 3 4 0 4 5 0 5 1 1 2 6 1 6 7 1 7 8 1 8 9 1 9 5 2 3 10 2 10 11 2 11 6 3 4 12 3 12 13 3 13 10 4 5 14 4 14 12 5 9 14 9 8 15 9 15 16 9 16 14 14 16 12 12 16 13 16 15 17 16 17 13 13 17 10 10 17 18 10 18 11 17 15 19 17 19 18 15 8 19 8 7 20 8 20 19 19 20 18 18 20 21 18 21 11 20 7 21 7 6 21 6 11 21
G 22 0203040506000106070803000102080904000103090a050001040a0b060001050b0c07020002060c0d080002070d0e09030003080e0f0a040004090f10110b0500050a11120c0600060b120d0700070c1213140e0800080d14150f0900090e15100a000a0f151611000a101613120b000b11130d0c000d12111614000d1316150e000e1416100f00101514131100 40 0 1 2 0 2 3 0 3 4 0 4 5 0 5 1 1 2 6 1 6 7 1 7 8 1 8 9 1 9 5 2 3 10 2 10 11 2 11 6 3 4 12 3 12 13 3 13 10 4 5 14 4 14 12 5 9 14 9 8 15 9 15 16 9 16 14 14 16 12 12 16 13 16 15 17 16 17 13 13 17 10 10 17 11 17 15 18 17 18 19 17 19 11 15 8 20 15 20 18 8 7 20 11 19 6 6 19 21 6 21 7 19 18 21 18 20 21 20 7 21
G 22 0203040506000106070803000102080904000103090a050001040a0b060001050b0c07020002060c0d080002070d0e09030003080e0f100a0400040910110b0500050a11120c0600060b120d0700070c12130e0800080d13140f0900090e14151000090f15110a000a101516120b000b1116130d0c000d1216140e000e1316150f000f1416111000111514131200 40 0 1 2 0 2 3 0 3 4 0 4 5 0 5 1 1 2 6 1 6 7 1 7 8 1 8 9 1 9 5 2 3 10 2 10 11 2 11 6 3 4 12 3 12 13 3 13 10 4 5 14 4 14 12 5 9 14 9 8 15 9 15 16 9 16 14 14 16 12 12 16 13 16 15 13 13 15 17 13 17 10 15 8 18 15 18 17 8 7 19 8 19 18 10 17 20 10 20 11 17 18 20 18 19 20 20 19 21 20 21 11 19 7 21 7 6 21 6 11 21
G 22 0203040506000106070803000102080904000103090a050001040a0b060001050b0c07020002060c0d0e080002070e09030003080e0f0a040004090f10110b0500050a11120c0600060b120d0700070c1213140e00070d140f090800090e1415100a000a0f151611000a1016120b000b1116130d0c000d12161514000d13150f0e000f1413161000101513121100 40 0 1 2 0 2 3 0 3 4 0 4 5 0 5 1 1 2 6 1 6 7 1 7 8 1 8 9 1 9 5 2 3 10 2 10 11 2 11 6 3 4 12 3 12 13 3 13 10 4 5 14 4 14 12 5 9 14 9 8 15 9 15 16 9 16 14 14 16 12 12 16 13 16 15 13 13 15 17 13 17 10 15 8 18 15 18 17 8 7 19 8 19 18 10 17 11 17 18 20 17 20 11 18 19 20 11 20 21 11 21 6 20 19 21 19 7 21 7 6 21
G 22 0203040506000106070803000102080904000103090a050001040a0b060001050b0c07020002060c0d080002070d09030003080d0e0a040004090e0f100b0500050a10110c0600060b11120d0700070c12130e090800090d13140f0a000a0e141510000a0f15110b000b101516120c000c1116130d000d1216140e000e1316150f000f1416111000111514131200 40 0 1 2 0 2 3 0 3 4 0 4 5 0 5 1 1 2 6 1 6 7 1 7 8 1 8 9 1 9 5 2 3 10 2 10 11 2 11 6 3 4 12 3 12 13 3 13 10 4 5 14 4 14 12 5 9 14 9 8 15 9 15 16 9 16 14 14 16 12 12 16 13 16 15 13 13 15 10 15 8 17 15 17 18 15 18 10 10 18 11 8 7 19 8 19 17 7 6 20 7 20 19 6 11 20 11 18 21 11 21 20 18 17 21 17 19 21 19 20 21
G 22 0203040506000106070803000102080904000103090a0b050001040b0c060001050c0d0e07020002060e0f080002070f10110903000308110a0400040911120b00040a12130c0500050b130d0600060c1314150e00060d150f0700070e15100800080f15161100081016120a09000a111614130b000b12140d0c000d13121615000d1416100f0e00101514121100 40 0 1 2 0 2 3 0 3 4 0 4 5 0 5 1 1 2 6 1 6 7 1 7 8 1 8 9 1 9 5 2 3 10 2 10 11 2 11 6 3 4 12 3 12 13 3 13 10 4 5 14 4 14 12 5 9 14 9 8 15 9 15 14 14 15 16 14 16 17 14 17 12 12 17 13 17 16 18 17 18 19 17 19 13 13 19 10 10 19 11 19 18 20 19 20 11 11 20 6 6 20 7 20 18 21 20 21 7 18 16 21 16 15 21 15 8 21 21 8 7
G 22 0203040506000106070803000102080904000103090a050001040a0b060001050b0c0d07020002060d0e080002070e0f10090300030810110a0400040911120b0500050a12130c0600060b13140d00060c140e0700070d140f0800080e1415161000080f16110900091016120a000a111615130b000b1215140c000c13150f0e0d000f14131216000f1512111000 40 0 1 2 0 2 3 0 3 4 0 4 5 0 5 1 1 2 6 1 6 7 1 7 8 1 8 9 1 9 5 2 3 10 2 10 11 2 11 6 3 4 12 3 12 13 3 13 10 4 5 14 4 14 12 5 9 14 9 8 15 9 15 14 14 15 16 14 16 17 14 17 12 12 17 13 17 16 18 17 18 19 17 19 13 13 19 10 10 19 11 19 18 20 19 20 11 11 20 6 6 20 7 20 18 7 18 16 21 18 21 7 7 21 8 16 15 21 15 8 21
G 22 0203040506000106070803000102080904000103090a050001040a0b060001050b0c07020002060c0d0e080002070e0f09030003080f10110a04000409110b0500050a1112130c0600060b13140d0700070c14150e00070d150f0800080e1516100900090f161211000910120b0a000b11101613000b1216140c000c1316150d000d14160f0e000f151413121000 40 0 1 2 0 2 3 0 3 4 0 4 5 0 5 1 1 2 6 1 6 7 1 7 8 1 8 9 1 9 5 2 3 10 2 10 11 2 11 6 3 4 12 3 12 13 3 13 10 4 5 14 4 14 12 5 9 14 9 8 15 9 15 14 14 15 16 14 16 17 14 17 12 12 17 13 17 16 18 17 18 19 17 19 13 13 19 10 10 19 11 19 18 11 11 18 6 18 16 20 18 20 6 6 20 7 16 15 21 16 21 20 15 8 21 8 7 21 7 20 21
G 22 0203040506000106070803000102080904000103090a050001040a0b0c060001050c0d0e07020002060e0f080002070f1011090300030811120a04000409120b0500050a1213140c00050b140d0600060c14150e00060d150f0700070e15100800080f15161100081016120900091116130b0a000b12161514000b13150d0c000d141316100f0e00101513121100 40 0 1 2 0 2 3 0 3 4 0 4 5 0 5 1 1 2 6 1 6 7 1 7 8 1 8 9 1 9 5 2 3 10 2 10 11 2 11 6 3 4 12 3 12 13 3 13 10 4 5 14 4 14 12 5 9 14 9 8 15 9 15 14 14 15 16 14 16 17 14 17 12 12 17 13 17 16 18 17 18 13 13 18 19 13 19 10 10 19 11 19 18 20 19 20 21 19 21 11 18 16 20 16 15 20 15 8 20 20 8 7 20 7 21 7 6 21 6 11 21
G 22 0203040506000106070803000102080904000103090a050001040a0b060001050b0c07020002060c0d0e080002070e0f09030003080f10110a0400040911120b0500050a1213140c0600060b140d0700070c14150e00070d150f0800080e15100900090f15161100091016120a000a1116130b000b12161514000b13150d0c000d141316100f0e00101513121100 40 0 1 2 0 2 3 0 3 4 0 4 5 0 5 1 1 2 6 1 6 7 1 7 8 1 8 9 1 9 5 2 3 10 2 10 11 2 11 6 3 4 12 3 12 13 3 13 10 4 5 14 4 14 12 5 9 14 9 8 15 9 15 14 14 15 16 14 16 17 14 17 12 12 17 13 17 16 18 17 18 13 13 18 19 13 19 10 10 19 11 19 18 20 19 20 11 18 16 21 18 21 7 18 7 20 7 6 20 6 11 20 7 21 8 16 15 21 15 8 21
G 22 0203040506000106070803000102080904000103090a0b050001040b0c060001050c0d07020002060d0e0f080002070f10090300030810110a0400040911120b00040a1213140c0500050b140d0600060c14150e0700070d15160f00070e16100800080f16110900091016120a000a1116130b000b12161514000b13150d0c000d1413160e000e15131211100f00 40 0 1 2 0 2 3 0 3 4 0 4 5 0 5 1 1 2 6 1 6 7 1 7 8 1 8 9 1 9 5 2 3 10 2 10 11 2 11 6 3 4 12 3 12 13 3 13 10 4 5 14 4 14 12 5 9 14 9 8 15 9 15 14 14 15 16 14 16 17 14 17 12 12 17 13 17 16 18 17 18 13 13 18 19 13 19 10 10 19 11 19 18 20 19 20 11 18 16 21 18 21 20 16 15 21 15 8 21 8 7 21 21 7 20 7 6 20 20 6 11
G 22 0203040506000106070803000102080904000103090a050001040a0b060001050b0c0d07020002060d0e080002070e0f10090300030810110a040004091112130b0500050a130c0600060b13140d00060c14150e0700070d150f0800080e15161000080f16110900091016120a000a11161413000a12140c0b000c131216150d000d14160f0e000f151412111000 40 0 1 2 0 2 3 0 3 4 0 4 5 0 5 1 1 2 6 1 6 7 1 7 8 1 8 9 1 9 5 2 3 10 2 10 11 2 11 6 3 4 12 3 12 13 3 13 10 4 5 14 4 14 12 5 9 14 9 8 15 9 15 14 14 15 16 14 16 17 14 17 12 12 17 13 17 16 18 17 18 13 13 18 19 13 19 10 10 19 11 19 18 20 19 20 11 18 16 20 16 15 21 16 21 20 15 8 21 8 7 21 11 20 6 20 21 7 20 7 6
G 22 0203040506000106070803000102080904000103090a050001040a0b060001050b0c0d07020002060d0e080002070e0f10090300030810110a0400040911120b0500050a12130c0600060b13140d00060c140e0700070d140f0800080e14151000080f1511090009101516120a000a1116130b000b1216140c000c1316150f0e0d000f1416111000111514131200 40 0 1 2 0 2 3 0 3 4 0 4 5 0 5 1 1 2 6 1 6 7 1 7 8 1 8 9 1 9 5 2 3 10 2 10 11 2 11 6 3 4 12 3 12 13 3 13 10 4 5 14 4 14 12 5 9 14 9 8 15 9 15 14 14 15 16 14 16 17 14 17 12 12 17 13 17 16 18 17 18 13 13 18 10 10 18 19 10 19 11 18 16 20 18 20 19 16 15 20 15 8 20 8 7 20 20 7 21 20 21 19 7 6 21 6 11 21 11 19 21
G 22 0203040506000106070803000102080904000103090a050001040a0b0c060001050c0d07020002060d0e080002070e0f10090300030810110a0400040911120b0500050a12130c00050b13140d0600060c140e0700070d140f0800080e14151000080f1511090009101516120a000a1116130b000b1216140c000c1316150f0e0d000f1416111000111514131200 40 0 1 2 0 2 3 0 3 4 0 4 5 0 5 1 1 2 6 1 6 7 1 7 8 1 8 9 1 9 5 2 3 10 2 10 11 2 11 6 3 4 12 3 12 13 3 13 10 4 5 14 4 14 12 5 9 14 9 8 15 9 15 14 14 15 16 14 16 17 14 17 12 12 17 13 17 16 18 17 18 13 13 18 10 10 18 19 10 19 11 18 16 19 16 15 20 16 20 19 15 8 20 8 7 20 19 20 21 19 21 11 20 7 21 7 6 21 6 11 21
G 22 0203040506000106070803000102080904000103090a0b050001040b0c060001050c0d07020002060d0e080002070e0f100903000308100a0400040910110b00040a1112130c0500050b130d0600060c1314150e0700070d150f0800080e15161000080f16110a09000a1016120b000b11161413000b12140d0c000d13121615000d14160f0e000f151412111000 40 0 1 2 0 2 3 0 3 4 0 4 5 0 5 1 1 2 6 1 6 7 1 7 8 1 8 9 1 9 5 2 3 10 2 10 11 2 11 6 3 4 12 3 12 13 3 13 10 4 5 14 4 14 12 5 9 14 9 8 15 9 15 14 14 15 16 14 16 17 14 17 12 12 17 13 17 16 18 17 18 13 13 18 10 10 18 11 18 16 19 18 19 20 18 20 11 16 15 19 15 8 21 15 21 19 8 7 21 11 20 6 19 21 20 21 7 20 20 7 6
G 22 0203040506000106070803000102080904000103090a0b050001040b0c060001050c0d07020002060d0e080002070e0f10090300030810110a0400040911120b00040a12130c0500050b13140d0600060c140e0700070d140f0800080e14151000080f1511090009101516120a000a1116130b000b1216140c000c1316150f0e0d000f1416111000111514131200 40 0 1 2 0 2 3 0 3 4 0 4 5 0 5 1 1 2 6 1 6 7 1 7 8 1 8 9 1 9 5 2 3 10 2 10 11 2 11 6 3 4 12 3 12 13 3 13 10 4 5 14 4 14 12 5 9 14 9 8 15 9 15 14 14 15 16 14 16 17 14 17 12 12 17 13 17 16 18 17 18 13 13 18 10 10 18 11 18 16 19 18 19 11 16 15 20 16 20 19 15 8 20 8 7 20 11 19 21 11 21 6 19 20 21 20 7 21 7 6 21
G 22 0203040506000106070803000102080904000103090a050001040a0b060001050b0c0d07020002060d0e080002070e0f09030003080f100a040004091011120b0500050a120c0600060b1213140d00060c140e0700070d1415160f0800080e16100900090f16110a000a1016151312000a11130c0b000c12111514000c13150e0d000e14131116000e1511100f00 40 0 1 2 0 2 3 0 3 4 0 4 5 0 5 1 1 2 6 1 6 7 1 7 8 1 8 9 1 9 5 2 3 10 2 10 11 2 11 6 3 4 12 3 12 13 3 13 10 4 5 14 4 14 12 5 9 14 9 8 15 9 15 14 14 15 16 14 16 12 12 16 17 12 17 18 12 18 13 16 15 19 16 19 17 15 8 19 8 7 19 19 7 20 19 20 17 7 6 20 6 11 20 17 20 18 20 11 21 20 21 18 11 10 21 10 13 21 13 18 21
G 22 0203040506000106070803000102080904000103090a050001040a0b060001050b0c07020002060c0d0e080002070e0f09030003080f100a0400040910110b0500050a1112130c0600060b130d0700070c13140e00070d1415160f0800080e16100900090f16110a000a101615120b000b11151413000b12140d0c000d1312150e000e14121116000e1511100f00 40 0 1 2 0 2 3 0 3 4 0 4 5 0 5 1 1 2 6 1 6 7 1 7 8 1 8 9 1 9 5 2 3 10 2 10 11 2 11 6 3 4 12 3 12 13 3 13 10 4 5 14 4 14 12 5 9 14 9 8 15 9 15 14 14 15 16 14 16 12 12 16 17 12 17 13 16 15 18 16 18 19 16 19 20 16 20 17 15 8 18 8 7 18 18 7 19 7 6 19 6 11 20 6 20 19 20 11 21 20 21 17 11 10 21 10 13 21 13 17 21
G 22 0203040506000106070803000102080904000103090a0b050001040b0c060001050c0d0e07020002060e0f080002070f10090300030810110a0400040911120b00040a12130c0500050b130d0600060c1314150e00060d150f0700070e15100800080f1516110900091016120a000a111614130b000b12140d0c000d13121615000d1416100f0e00101514121100 40 0 1 2 0 2 3 0 3 4 0 4 5 0 5 1 1 2 6 1 6 7 1 7 8 1 8 9 1 9 5 2 3 10 2 10 11 2 11 6 3 4 12 3 12 13 3 13 10 4 5 14 4 14 12 5 9 14 9 8 15 9 15 14 14 15 16 14 16 12 12 16 17 12 17 13 16 15 18 16 18 19 16 19 17 15 8 18 8 7 18 18 7 20 18 20 19 7 6 20 6 11 20 20 11 21 20 21 19 11 10 21 10 13 21 13 17 21 21 17 19
G 22 0203040506000106070803000102080904000103090a050001040a0b0c060001050c0d07020002060d0e0f080002070f10090300030810110a0400040911120b0500050a12130c00050b130d0600060c13140e0700070d14150f00070e1516100800080f16110900091016120a000a11161514130b000b12140d0c000d1312150e000e1412160f000f1512111000 40 0 1 2 0 2 3 0 3 4 0 4 5 0 5 1 1 2 6 1 6 7 1 7 8 1 8 9 1 9 5 2 3 10 2 10 11 2 11 6 3 4 12 3 12 13 3 13 10 4 5 14 4 14 12 5 9 14 9 8 15 9 15 14 14 15 16 14 16 12 12 16 17 12 17 13 16 15 18 16 18 19 16 19 17 15 8 18 8 7 18 18 7 20 18 20 19 7 6 20 6 11 20 20 11 19 11 10 21 11 21 19 19 21 17 10 13 21 13 17 21
G 22 0203040506000106070803000102080904000103090a050001040a0b0c060001050c0d07020002060d0e080002070e0f10090300030810110a0400040911120b0500050a12130c00050b13140d0600060c140e0700070d140f0800080e1415161000080f16110900091016120a000a111615130b000b1215140c000c13150f0e0d000f14131216000f1512111000 40 0 1 2 0 2 3 0 3 4 0 4 5 0 5 1 1 2 6 1 6 7 1 7 8 1 8 9 1 9 5 2 3 10 2 10 11 2 11 6 3 4 12 3 12 13 3 13 10 4 5 14 4 14 12 5 9 14 9 8 15 9 15 14 14 15 16 14 16 12 12 16 17 12 17 13 16 15 18 16 18 19 16 19 17 15 8 18 8 7 18 18 7 19 7 6 20 7 20 19 6 11 20 19 20 21 19 21 17 20 11 21 11 10 21 10 13 21 21 13 17
G 22 0203040506000106070803000102080904000103090a050001040a0b060001050b0c07020002060c0d0e080002070e0f09030003080f100a0400040910110b0500050a11120c0600060b12130d0700070c13140e00070d140f0800080e141516100900090f16110a000a1016120b000b111615130c000c1215140d000d13150f0e000f14131216000f1512111000 40 0 1 2 0 2 3 0 3 4 0 4 5 0 5 1 1 2 6 1 6 7 1 7 8 1 8 9 1 9 5 2 3 10 2 10 11 2 11 6 3 4 12 3 12 13 3 13 10 4 5 14 4 14 12 5 9 14 9 8 15 9 15 14 14 15 16 14 16 12 12 16 17 12 17 13 16 15 18 16 18 19 16 19 17 15 8 18 8 7 18 18 7 19 7 6 19 6 11 20 6 20 19 19 20 17 17 20 21 17 21 13 20 11 21 11 10 21 10 13 21
G 22 0203040506000106070803000102080904000103090a050001040a0b0c060001050c0d0e07020002060e0f080002070f1009030003081011120a04000409120b0500050a1213140c00050b140d0600060c14150e00060d150f0700070e1516100800080f161109000910161312000911130b0a000b1211161514000b13150d0c000d1413160f0e000f1513111000 40 0 1 2 0 2 3 0 3 4 0 4 5 0 5 1 1 2 6 1 6 7 1 7 8 1 8 9 1 9 5 2 3 10 2 10 11 2 11 6 3 4 12 3 12 13 3 13 10 4 5 14 4 14 12 5 9 14 9 8 15 9 15 14 14 15 16 14 16 12 12 16 17 12 17 13 16 15 18 16 18 17 15 8 19 15 19 18 8 7 19 7 6 20 7 20 19 6 11 20 19 20 21 19 21 18 20 11 21 11 10 21 10 13 21 21 13 17 21 17 18
G 22 0203040506000106070803000102080904000103090a050001040a0b0c060001050c0d07020002060d0e080002070e0f10090300030810110a0400040911120b0500050a12130c00050b130d0600060c1314150e0700070d150f0800080e15161000080f16110900091016120a000a111614130b000b12140d0c000d13121615000d14160f0e000f151412111000 40 0 1 2 0 2 3 0 3 4 0 4 5 0 5 1 1 2 6 1 6 7 1 7 8 1 8 9 1 9 5 2 3 10 2 10 11 2 11 6 3 4 12 3 12 13 3 13 10 4 5 14 4 14 12 5 9 14 9 8 15 9 15 14 14 15 16 14 16 12 12 16 17 12 17 13 16 15 18 16 18 17 15 8 19 15 19 18 8 7 19 7 6 20 7 20 19 6 11 20 19 20 18 20 11 21 20 21 17 20 17 18 17 21 13 11 10 21 10 13 21
G 22 0203040506000106070803000102080904000103090a0b050001040b0c060001050c0d0e07020002060e0f080002070f10090300030810110a0400040911120b00040a12130c0500050b130d0600060c13140e00060d14150f0700070e15100800080f1516110900091016120a000a111614130b000b12140d0c000d131216150e000e1416100f00101514121100 40 0 1 2 0 2 3 0 3 4 0 4 5 0 5 1 1 2 6 1 6 7 1 7 8 1 8 9 1 9 5 2 3 10 2 10 11 2 11 6 3 4 12 3 12 13 3 13 10 4 5 14 4 14 12 5 9 14 9 8 15 9 15 14 14 15 16 14 16 12 12 16 17 12 17 13 16 15 18 16 18 17 15 8 19 15 19 18 8 7 19 7 6 20 7 20 19 6 11 20 19 20 18 20 11 21 20 21 18 18 21 17 11 10 21 10 13 21 21 13 17
G 22 0203040506000106070803000102080904000103090a050001040a0b060001050b0c0d07020002060d0e080002070e0f09030003080f10110a0400040911120b0500050a12130c0600060b13140d00060c140e0700070d14150f0800080e15100900090f15161100091016120a000a1116130b000b1216140c000c1316150e0d000e1416100f0010151413121100 40 0 1 2 0 2 3 0 3 4 0 4 5 0 5 1 1 2 6 1 6 7 1 7 8 1 8 9 1 9 5 2 3 10 2 10 11 2 11 6 3 4 12 3 12 13 3 13 10 4 5 14 4 14 12 5 9 14 9 8 15 9 15 14 14 15 16 14 16 12 12 16 17 12 17 13 16 15 18 16 18 17 15 8 18 8 7 19 8 19 18 18 19 20 18 20 17 17 20 13 13 20 10 20 19 21 20 21 11 20 11 10 19 7 21 7 6 21 6 11 21
G 22 0203040506000106070803000102080904000103090a0b050001040b0c060001050c0d07020002060d0e080002070e0f09030003080f100a0400040910110b00040a1112130c0500050b130d0600060c1314150e0700070d150f0800080e1516100900090f16110a000a1016120b000b11161413000b12140d0c000d13121615000d14160f0e000f151412111000 40 0 1 2 0 2 3 0 3 4 0 4 5 0 5 1 1 2 6 1 6 7 1 7 8 1 8 9 1 9 5 2 3 10 2 10 11 2 11 6 3 4 12 3 12 13 3 13 10 4 5 14 4 14 12 5 9 14 9 8 15 9 15 14 14 15 16 14 16 12 12 16 17 12 17 13 16 15 18 16 18 17 15 8 18 8 7 18 18 7 19 18 19 20 18 20 17 7 6 19 6 11 19 17 20 13 19 11 21 19 21 20 11 10 21 10 13 21 13 20 21
G 22 0203040506000106070803000102080904000103090a0b050001040b0c060001050c0d07020002060d0e080002070e0f09030003080f10110a0400040911120b00040a12130c0500050b130d0600060c13140e0700070d14150f0800080e15100900090f15161100091016120a000a1116130b000b1216140d0c000d1316150e000e1416100f0010151413121100 40 0 1 2 0 2 3 0 3 4 0 4 5 0 5 1 1 2 6 1 6 7 1 7 8 1 8 9 1 9 5 2 3 10 2 10 11 2 11 6 3 4 12 3 12 13 3 13 10 4 5 14 4 14 12 5 9 14 9 8 15 9 15 14 14 15 16 14 16 12 12 16 17 12 17 13 16 15 18 16 18 17 15 8 18 8 7 18 18 7 19 18 19 17 7 6 20 7 20 19 6 11 20 17 19 21 17 21 13 19 20 21 20 11 21 11 10 21 21 10 13
G 22 0203040506000106070803000102080904000103090a050001040a0b060001050b0c07020002060c0d0e080002070e0f09030003080f100a0400040910110b0500050a1112130c0600060b130d0700070c13140e00070d14150f0800080e15100900090f1516110a000a1016120b000b11161413000b12140d0c000d131216150e000e1416100f00101514121100 40 0 1 2 0 2 3 0 3 4 0 4 5 0 5 1 1 2 6 1 6 7 1 7 8 1 8 9 1 9 5 2 3 10 2 10 11 2 11 6 3 4 12 3 12 13 3 13 10 4 5 14 4 14 12 5 9 14 9 8 15 9 15 14 14 15 16 14 16 12 12 16 17 12 17 13 16 15 18 16 18 17 15 8 18 8 7 18 18 7 19 18 19 17 7 6 20 7 20 19 6 11 20 17 19 13 19 20 21 19 21 13 13 21 10 20 11 21 11 10 21
G 22 0203040506000106070803000102080904000103090a050001040a0b060001050b0c07020002060c0d080002070d0e0f09030003080f100a0400040910110b0500050a1112130c0600060b13140d0700070c140e0800080d14150f00080e1516100900090f16110a000a1016120b000b11161513000b1215140c000c13150e0d000e141312160f000f1512111000 40 0 1 2 0 2 3 0 3 4 0 4 5 0 5 1 1 2 6 1 6 7 1 7 8 1 8 9 1 9 5 2 3 10 2 10 11 2 11 6 3 4 12 3 12 13 3 13 10 4 5 14 4 14 12 5 9 14 9 8 15 9 15 14 14 15 16 14 16 12 12 16 13 16 15 17 16 17 18 16 18 19 16 19 13 15 8 20 15 20 17 8 7 20 13 19 10 10 19 11 19 18 11 11 18 6 18 17 21 18 21 6 6 21 7 17 20 21 20 7 21
G 22 0203040506000106070803000102080904000103090a0b050001040b0c060001050c0d07020002060d0e080002070e0f10090300030810110a0400040911120b00040a120c0500050b1213140d0600060c140e0700070d14150f0800080e15161000080f16110900091016120a000a1116130c0b000c12161514000c13150e0d000e1413160f000f151312111000 40 0 1 2 0 2 3 0 3 4 0 4 5 0 5 1 1 2 6 1 6 7 1 7 8 1 8 9 1 9 5 2 3 10 2 10 11 2 11 6 3 4 12 3 12 13 3 13 10 4 5 14 4 14 12 5 9 14 9 8 15 9 15 14 14 15 16 14 16 12 12 16 13 16 15 17 16 17 18 16 18 19 16 19 13 15 8 17 8 7 20 8 20 17 13 19 10 17 20 18 10 19 11 19 18 21 19 21 11 18 20 21 20 7 21 7 6 21 21 6 11
G 22 0203040506000106070803000102080904000103090a0b050001040b0c060001050c0d07020002060d0e080002070e0f09030003080f10110a0400040911120b00040a120c0500050b12130d0600060c1314150e0700070d150f0800080e15100900090f1514161100091016120a000a1116130c0b000c1216140d000d13161015000d14100f0e00101413121100 40 0 1 2 0 2 3 0 3 4 0 4 5 0 5 1 1 2 6 1 6 7 1 7 8 1 8 9 1 9 5 2 3 10 2 10 11 2 11 6 3 4 12 3 12 13 3 13 10 4 5 14 4 14 12 5 9 14 9 8 15 9 15 14 14 15 16 14 16 12 12 16 13 16 15 17 16 17 18 16 18 19 16 19 13 15 8 17 8 7 17 13 19 10 17 7 20 17 20 18 7 6 20 6 11 21 6 21 20 10 19 11 19 18 21 19 21 11 18 20 21
G 22 0203040506000106070803000102080904000103090a0b050001040b0c060001050c0d07020002060d0e080002070e0f10090300030810110a0400040911120b00040a120c0500050b12130d0600060c13140e0700070d140f0800080e1415161000080f16110900091016120a000a111615130c0b000c1215140d000d13150f0e000f14131216000f1512111000 40 0 1 2 0 2 3 0 3 4 0 4 5 0 5 1 1 2 6 1 6 7 1 7 8 1 8 9 1 9 5 2 3 10 2 10 11 2 11 6 3 4 12 3 12 13 3 13 10 4 5 14 4 14 12 5 9 14 9 8 15 9 15 14 14 15 16 14 16 12 12 16 13 16 15 17 16 17 18 16 18 19 16 19 13 15 8 17 8 7 17 13 19 10 17 7 20 17 20 18 7 6 20 6 11 20 10 19 21 10 21 11 19 18 21 18 20 21 20 11 21
G 22 0203040506000106070803000102080904000103090a0b050001040b0c060001050c0d07020002060d0e080002070e0f10090300030810110a0400040911120b00040a12130c0500050b13140d0600060c14150e0700070d150f0800080e15161000080f16110900091016120a000a1116130b000b1216140c000c1316150d000d14160f0e000f15141312111000 40 0 1 2 0 2 3 0 3 4 0 4 5 0 5 1 1 2 6 1 6 7 1 7 8 1 8 9 1 9 5 2 3 10 2 10 11 2 11 6 3 4 12 3 12 13 3 13 10 4 5 14 4 14 12 5 9 14 9 8 15 9 15 14 14 15 16 14 16 12 12 16 13 16 15 17 16 17 18 16 18 13 15 8 19 15 19 17 8 7 19 13 18 20 13 20 10 10 20 11 20 18 21 20 21 11 18 17 21 17 19 21 19 7 21 21 7 6 21 6 11
G 22 0203040506000106070803000102080904000103090a0b050001040b0c060001050c0d07020002060d0e080002070e0f10090300030810110a040004091112130b00040a130c0500050b13140d0600060c14150e0700070d150f0800080e15161000080f16110900091016120a000a11161413000a12140c0b000c131216150d000d14160f0e000f151412111000 40 0 1 2 0 2 3 0 3 4 0 4 5 0 5 1 1 2 6 1 6 7 1 7 8 1 8 9 1 9 5 2 3 10 2 10 11 2 11 6 3 4 12 3 12 13 3 13 10 4 5 14 4 14 12 5 9 14 9 8 15 9 15 14 14 15 16 14 16 12 12 16 13 16 15 17 16 17 18 16 18 13 15 8 19 15 19 17 8 7 19 13 18 10 10 18 20 10 20 11 18 17 20 17 19 21 17 21 20 19 7 21 7 6 21 6 11 21 21 11 20
G 22 0203040506000106070803000102080904000103090a050001040a0b0c060001050c0d07020002060d0e080002070e0f10090300030810110a0400040911120b0500050a12130c00050b130d0600060c13140e0700070d140f0800080e14151000080f1511090009101516120a000a1116130b000b1216140d0c000d1316150f0e000f1416111000111514131200 40 0 1 2 0 2 3 0 3 4 0 4 5 0 5 1 1 2 6 1 6 7 1 7 8 1 8 9 1 9 5 2 3 10 2 10 11 2 11 6 3 4 12 3 12 13 3 13 10 4 5 14 4 14 12 5 9 14 9 8 15 9 15 14 14 15 16 14 16 12 12 16 13 16 15 17 16 17 18 16 18 13 15 8 19 15 19 17 8 7 19 13 18 10 10 18 20 10 20 11 18 17 20 17 19 20 19 7 21 19 21 20 20 21 11 7 6 21 6 11 21
G 22 0203040506000106070803000102080904000103090a050001040a0b0c060001050c0d07020002060d0e080002070e0f09030003080f10110a04000409110b0500050a1112130c00050b13140d0600060c14150e0700070d150f0800080e1516100900090f161211000910120b0a000b11101613000b1216140c000c1316150d000d14160f0e000f151413121000 40 0 1 2 0 2 3 0 3 4 0 4 5 0 5 1 1 2 6 1 6 7 1 7 8 1 8 9 1 9 5 2 3 10 2 10 11 2 11 6 3 4 12 3 12 13 3 13 10 4 5 14 4 14 12 5 9 14 9 8 15 9 15 14 14 15 16 14 16 12 12 16 13 16 15 17 16 17 18 16 18 13 15 8 19 15 19 17 8 7 19 13 18 10 10 18 11 18 17 20 18 20 11 17 19 21 17 21 20 19 7 21 7 6 21 6 11 20 6 20 21
G 22 0203040506000106070803000102080904000103090a0b050001040b0c060001050c0d07020002060d0e080002070e0f10090300030810110a0400040911120b00040a120c0500050b12130d0600060c13140e0700070d140f0800080e14151000080f1511090009101516120a000a1116130c0b000c1216140d000d1316150f0e000f1416111000111514131200 40 0 1 2 0 2 3 0 3 4 0 4 5 0 5 1 1 2 6 1 6 7 1 7 8 1 8 9 1 9 5 2 3 10 2 10 11 2 11 6 3 4 12 3 12 13 3 13 10 4 5 14 4 14 12 5 9 14 9 8 15 9 15 14 14 15 16 14 16 12 12 16 13 16 15 17 16 17 18 16 18 13 15 8 19 15 19 17 8 7 19 13 18 10 10 18 11 18 17 20 18 20 11 17 19 20 19 7 21 19 21 20 7 6 21 6 11 21 11 20 21
G 22 0203040506000106070803000102080904000103090a0b050001040b0c060001050c0d07020002060d0e080002070e0f10090300030810110a0400040911120b00040a12130c0500050b13140d0600060c140e0700070d14150f0800080e15161000080f16110900091016120a000a1116130b000b121615140c000c13150e0d000e1413160f000f151312111000 40 0 1 2 0 2 3 0 3 4 0 4 5 0 5 1 1 2 6 1 6 7 1 7 8 1 8 9 1 9 5 2 3 10 2 10 11 2 11 6 3 4 12 3 12 13 3 13 10 4 5 14 4 14 12 5 9 14 9 8 15 9 15 14 14 15 16 14 16 12 12 16 13 16 15 17 16 17 18 16 18 13 15 8 17 8 7 19 8 19 17 13 18 20 13 20 10 17 19 18 10 20 11 18 19 21 18 21 20 19 7 21 7 6 21 6 11 21 21 11 20
G 22 0203040506000106070803000102080904000103090a050001040a0b060001050b0c07020002060c0d0e080002070e0f09030003080f10110a0400040911120b0500050a12130c0600060b130d0700070c13140e00070d14150f0800080e15100900090f15161100091016120a000a1116130b000b1216140d0c000d1316150e000e1416100f0010151413121100 40 0 1 2 0 2 3 0 3 4 0 4 5 0 5 1 1 2 6 1 6 7 1 7 8 1 8 9 1 9 5 2 3 10 2 10 11 2 11 6 3 4 12 3 12 13 3 13 10 4 5 14 4 14 12 5 9 14 9 8 15 9 15 14 14 15 16 14 16 12 12 16 13 16 15 17 16 17 18 16 18 13 15 8 17 8 7 19 8 19 17 13 18 10 17 19 20 17 20 18 10 18 20 10 20 11 20 19 21 20 21 11 19 7 21 7 6 21 6 11 21
G 22 0203040506000106070803000102080904000103090a050001040a0b0c060001050c0d07020002060d0e080002070e0f09030003080f100a0400040910110b0500050a11120c00050b12130d0600060c13140e0700070d140f0800080e141516100900090f16110a000a1016120b000b111615130c000c1215140d000d13150f0e000f14131216000f1512111000 40 0 1 2 0 2 3 0 3 4 0 4 5 0 5 1 1 2 6 1 6 7 1 7 8 1 8 9 1 9 5 2 3 10 2 10 11 2 11 6 3 4 12 3 12 13 3 13 10 4 5 14 4 14 12 5 9 14 9 8 15 9 15 14 14 15 16 14 16 12 12 16 13 16 15 17 16 17 18 16 18 13 15 8 17 8 7 17 13 18 19 13 19 10 17 7 20 17 20 18 7 6 20 6 11 21 6 21 20 10 19 11 18 20 21 18 21 19 21 11 19
G 22 0203040506000106070803000102080904000103090a0b050001040b0c060001050c0d07020002060d0e080002070e0f10090300030810110a0400040911120b00040a12130c0500050b130d0600060c1314150e0700070d150f0800080e15161000080f16110900091016120a000a111614130b000b12140d0c000d13121615000d14160f0e000f151412111000 40 0 1 2 0 2 3 0 3 4 0 4 5 0 5 1 1 2 6 1 6 7 1 7 8 1 8 9 1 9 5 2 3 10 2 10 11 2 11 6 3 4 12 3 12 13 3 13 10 4 5 14 4 14 12 5 9 14 9 8 15 9 15 14 14 15 16 14 16 12 12 16 13 16 15 17 16 17 13 15 8 18 15 18 19 15 19 17 8 7 18 13 17 20 13 20 10 17 19 20 10 20 11 20 19 21 20 21 11 19 18 21 18 7 21 7 6 21 21 6 11
G 22 0203040506000106070803000102080904000103090a050001040a0b060001050b0c0d07020002060d0e080002070e0f10090300030810110a0400040911120b0500050a12130c0600060b13140d00060c140e0700070d14150f0800080e15161000080f16110900091016120a000a1116130b000b121615140c000c13150e0d000e1413160f000f151312111000 40 0 1 2 0 2 3 0 3 4 0 4 5 0 5 1 1 2 6 1 6 7 1 7 8 1 8 9 1 9 5 2 3 10 2 10 11 2 11 6 3 4 12 3 12 13 3 13 10 4 5 14 4 14 12 5 9 14 9 8 15 9 15 14 14 15 16 14 16 12 12 16 13 16 15 17 16 17 13 15 8 18 15 18 19 15 19 17 8 7 18 13 17 20 13 20 10 17 19 20 10 20 11 20 19 11 19 18 21 19 21 11 11 21 6 18 7 21 7 6 21
G 22 0203040506000106070803000102080904000103090a0b050001040b0c060001050c0d07020002060d0e080002070e0f10090300030810110a040004091112130b00040a130c0500050b130d0600060c1314150e0700070d150f0800080e15161000080f16110900091016120a000a11161413000a12140d0c0b000d13121615000d14160f0e000f151412111000 40 0 1 2 0 2 3 0 3 4 0 4 5 0 5 1 1 2 6 1 6 7 1 7 8 1 8 9 1 9 5 2 3 10 2 10 11 2 11 6 3 4 12 3 12 13 3 13 10 4 5 14 4 14 12 5 9 14 9 8 15 9 15 14 14 15 16 14 16 12 12 16 13 16 15 17 16 17 13 15 8 18 15 18 19 15 19 17 8 7 18 13 17 10 17 19 20 17 20 10 10 20 11 20 19 21 20 21 11 19 18 21 18 7 21 7 6 21 21 6 11
G 22 0203040506000106070803000102080904000103090a050001040a0b060001050b0c07020002060c0d080002070d0e0f09030003080f100a040004091011120b0500050a120c0600060b1213140d0700070c140e0800080d14150f00080e15100900090f1516110a000a10161312000a11130c0b000c12111614000c1316150e0d000e1416100f00101514131100 40 0 1 2 0 2 3 0 3 4 0 4 5 0 5 1 1 2 6 1 6 7 1 7 8 1 8 9 1 9 5 2 3 10 2 10 11 2 11 6 3 4 12 3 12 13 3 13 10 4 5 14 4 14 12 5 9 14 9 8 15 9 15 14 14 15 16 14 16 12 12 16 13 16 15 17 16 17 13 15 8 18 15 18 19 15 19 17 8 7 18 13 17 10 17 19 10 10 19 20 10 20 11 19 18 20 18 7 21 18 21 20 7 6 21 6 11 21 11 20 21
G 22 0203040506000106070803000102080904000103090a0b050001040b0c060001050c0d07020002060d0e080002070e0f10090300030810110a0400040911120b00040a1213140c0500050b140d0600060c14150e0700070d150f0800080e15161000080f16110900091016120a000a1116130b000b12161514000b13150d0c000d1413160f0e000f151312111000 40 0 1 2 0 2 3 0 3 4 0 4 5 0 5 1 1 2 6 1 6 7 1 7 8 1 8 9 1 9 5 2 3 10 2 10 11 2 11 6 3 4 12 3 12 13 3 13 10 4 5 14 4 14 12 5 9 14 9 8 15 9 15 14 14 15 16 14 16 12 12 16 13 16 15 17 16 17 13 15 8 18 15 18 17 8 7 18 13 17 19 13 19 20 13 20 10 17 18 19 18 7 21 18 21 19 7 6 21 6 11 21 10 20 11 19 21 20 21 11 20
G 22 0203040506000106070803000102080904000103090a0b050001040b0c060001050c0d07020002060d0e080002070e0f09030003080f10110a0400040911120b00040a120c0500050b12130d0600060c13140e0700070d14150f0800080e15100900090f15161100091016120a000a1116130c0b000c1216140d000d1316150e000e1416100f0010151413121100 40 0 1 2 0 2 3 0 3 4 0 4 5 0 5 1 1 2 6 1 6 7 1 7 8 1 8 9 1 9 5 2 3 10 2 10 11 2 11 6 3 4 12 3 12 13 3 13 10 4 5 14 4 14 12 5 9 14 9 8 15 9 15 14 14 15 16 14 16 12 12 16 13 16 15 17 16 17 13 15 8 18 15 18 17 8 7 18 13 17 19 13 19 10 17 18 20 17 20 19 18 7 20 7 6 21 7 21 20 6 11 21 10 19 11 19 20 21 19 21 11
G 22 0203040506000106070803000102080904000103090a050001040a0b060001050b0c0d07020002060d0e080002070e0f09030003080f100a040004091011120b0500050a120c0600060b1213140d00060c140e0700070d14150f0800080e1516100900090f16110a000a10161312000a11130c0b000c1211161514000c13150e0d000e1413160f000f1513111000 40 0 1 2 0 2 3 0 3 4 0 4 5 0 5 1 1 2 6 1 6 7 1 7 8 1 8 9 1 9 5 2 3 10 2 10 11 2 11 6 3 4 12 3 12 13 3 13 10 4 5 14 4 14 12 5 9 14 9 8 15 9 15 14 14 15 16 14 16 12 12 16 13 16 15 17 16 17 13 15 8 18 15 18 17 8 7 18 13 17 19 13 19 10 17 18 19 18 7 20 18 20 21 18 21 19 7 6 20 6 11 20 10 19 21 10 21 11 21 20 11
G 22 0203040506000106070803000102080904000103090a0b050001040b0c060001050c0d07020002060d0e080002070e0f10090300030810110a0400040911120b00040a1213140c0500050b140d0600060c140e0700070d14150f0800080e15161000080f16110900091016120a000a1116130b000b12161514000b13150e0d0c000e1413160f000f151312111000 40 0 1 2 0 2 3 0 3 4 0 4 5 0 5 1 1 2 6 1 6 7 1 7 8 1 8 9 1 9 5 2 3 10 2 10 11 2 11 6 3 4 12 3 12 13 3 13 10 4 5 14 4 14 12 5 9 14 9 8 15 9 15 14 14 15 16 14 16 12 12 16 13 16 15 17 16 17 13 15 8 17 8 7 18 8 18 17 13 17 19 13 19 20 13 20 10 17 18 19 10 20 11 20 19 21 20 21 11 19 18 21 18 7 21 7 6 21 21 6 11
G 22 0203040506000106070803000102080904000103090a050001040a0b060001050b0c0d07020002060d0e080002070e0f09030003080f10110a0400040911120b0500050a12130c0600060b13140d00060c14150e0700070d150f0800080e15100900090f15161100091016120a000a1116130b000b1216140c000c1316150d000d1416100f0e0010151413121100 40 0 1 2 0 2 3 0 3 4 0 4 5 0 5 1 1 2 6 1 6 7 1 7 8 1 8 9 1 9 5 2 3 10 2 10 11 2 11 6 3 4 12 3 12 13 3 13 10 4 5 14 4 14 12 5 9 14 9 8 15 9 15 14 14 15 12 12 15 16 12 16 17 12 17 13 15 8 18 15 18 16 8 7 18 7 6 19 7 19 20 7 20 18 6 11 19 18 20 16 16 20 17 20 19 21 20 21 17 19 11 21 11 10 21 10 13 21 21 13 17
G 22 0203040506000106070803000102080904000103090a050001040a0b060001050b0c0d07020002060d0e0f080002070f09030003080f10110a0400040911120b0500050a12130c0600060b13140d00060c140e0700070d14150f00070e1510090800090f15161100091016120a000a1116130b000b1216140c000c1316150e0d000e1416100f0010151413121100 40 0 1 2 0 2 3 0 3 4 0 4 5 0 5 1 1 2 6 1 6 7 1 7 8 1 8 9 1 9 5 2 3 10 2 10 11 2 11 6 3 4 12 3 12 13 3 13 10 4 5 14 4 14 12 5 9 14 9 8 15 9 15 14 14 15 12 12 15 16 12 16 17 12 17 13 15 8 16 8 7 18 8 18 16 16 18 19 16 19 17 18 7 20 18 20 19 7 6 20 6 11 20 20 11 21 20 21 19 11 10 21 10 13 21 13 17 21 21 17 19
G 22 0203040506000106070803000102080904000103090a050001040a0b060001050b0c07020002060c0d0e080002070e09030003080e0f0a040004090f100b0500050a10110c0600060b1112130d0700070c13140e00070d140f090800090e141516100a000a0f16110b000b1016120c000c11161513000c1215140d000d13150f0e000f14131216000f1512111000 40 0 1 2 0 2 3 0 3 4 0 4 5 0 5 1 1 2 6 1 6 7 1 7 8 1 8 9 1 9 5 2 3 10 2 10 11 2 11 6 3 4 12 3 12 13 3 13 10 4 5 14 4 14 12 5 9 14 9 8 15 9 15 14 14 15 12 12 15 16 12 16 17 12 17 13 15 8 16 8 7 16 16 7 17 7 6 18 7 18 17 6 11 19 6 19 18 17 18 20 17 20 13 18 19 20 13 20 21 13 21 10 20 19 21 19 11 21 11 10 21
G 22 0203040506000106070803000102080904000103090a050001040a0b060001050b0c0d07020002060d0e080002070e0f10090300030810110a0400040911120b0500050a12130c0600060b13140d00060c14150e0700070d150f0800080e15161000080f16110900091016120a000a1116130b000b1216140c000c1316150d000d14160f0e000f15141312111000 40 0 1 2 0 2 3 0 3 4 0 4 5 0 5 1 1 2 6 1 6 7 1 7 8 1 8 9 1 9 5 2 3 10 2 10 11 2 11 6 3 4 12 3 12 13 3 13 10 4 5 14 4 14 12 5 9 14 9 8 15 9 15 14 14 15 12 12 15 16 12 16 13 15 8 17 15 17 18 15 18 16 8 7 17 7 6 19 7 19 20 7 20 17 6 11 19 17 20 18 20 19 21 20 21 18 19 11 21 11 10 21 10 13 21 21 13 16 21 16 18
G 22 0203040506000106070803000102080904000103090a050001040a0b060001050b0c0d07020002060d0e080002070e0f10090300030810110a0400040911120b0500050a12130c0600060b1314150d00060c150e0700070d150f0800080e15141000080f1416110900091016120a000a1116130b000b1216140c000c1316100f15000c140f0e0d00101413121100 40 0 1 2 0 2 3 0 3 4 0 4 5 0 5 1 1 2 6 1 6 7 1 7 8 1 8 9 1 9 5 2 3 10 2 10 11 2 11 6 3 4 12 3 12 13 3 13 10 4 5 14 4 14 12 5 9 14 9 8 15 9 15 14 14 15 12 12 15 16 12 16 13 15 8 17 15 17 18 15 18 16 8 7 17 7 6 19 7 19 17 6 11 20 6 20 19 17 19 18 19 20 18 18 20 16 20 11 21 20 21 16 16 21 13 11 10 21 10 13 21
G 22 0203040506000106070803000102080904000103090a050001040a0b060001050b0c07020002060c0d0e080002070e0f09030003080f10110a0400040911120b0500050a12130c0600060b130d0700070c13140e00070d14150f0800080e15100900090f15161100091016120a000a111614130b000b12140d0c000d131216150e000e1416100f00101514121100 40 0 1 2 0 2 3 0 3 4 0 4 5 0 5 1 1 2 6 1 6 7 1 7 8 1 8 9 1 9 5 2 3 10 2 10 11 2 11 6 3 4 12 3 12 13 3 13 10 4 5 14 4 14 12 5 9 14 9 8 15 9 15 14 14 15 12 12 15 16 12 16 13 15 8 17 15 17 16 8 7 18 8 18 17 7 6 19 7 19 18 6 11 19 11 10 20 11 20 19 10 13 21 10 21 20 13 16 21 16 17 21 17 18 20 20 21 17 20 18 19
G 22 0203040506000106070803000102080904000103090a050001040a0b060001050b0c0d07020002060d0e0f080002070f10090300030810110a0400040911120b0500050a12130c0600060b13140d00060c140e0700070d14150f00070e15100800080f1511090009101516120a000a1116130b000b1216140c000c1316150e0d000e141611100f00111514131200 40 0 1 2 0 2 3 0 3 4 0 4 5 0 5 1 1 2 6 1 6 7 1 7 8 1 8 9 1 9 5 2 3 10 2 10 11 2 11 6 3 4 12 3 12 13 3 13 10 4 5 14 4 14 12 5 9 14 9 8 15 9 15 14 14 15 12 12 15 16 12 16 13 15 8 17 15 17 16 8 7 18 8 18 17 7 6 19 7 19 18 6 11 19 11 10 20 11 20 19 10 13 20 13 16 21 13 21 20 16 17 21 17 18 21 18 19 21 19 20 21
G 22 0203040506000106070803000102080904000103090a050001040a0b060001050b0c0d07020002060d0e080002070e0f09030003080f100a0400040910110b0500050a11120c0600060b12130d00060c13140e0700070d140f0800080e1415100900090f15110a000a101516120b000b1116130c000c1216140d000d1316150f0e000f1416111000111514131200 40 0 1 2 0 2 3 0 3 4 0 4 5 0 5 1 1 2 6 1 6 7 1 7 8 1 8 9 1 9 5 2 3 10 2 10 11 2 11 6 3 4 12 3 12 13 3 13 10 4 5 14 4 14 12 5 9 14 9 8 15 9 15 14 14 15 12 12 15 16 12 16 13 15 8 17 15 17 16 8 7 17 7 6 18 7 18 19 7 19 17 6 11 18 17 19 16 16 19 20 16 20 13 19 18 21 19 21 20 18 11 21 11 10 21 10 13 20 10 20 21
G 22 0203040506000106070803000102080904000103090a050001040a0b060001050b0c0d07020002060d0e080002070e0f09030003080f100a0400040910110b0500050a11120c0600060b1213140d00060c140e0700070d14150f0800080e1516100900090f16110a000a1016120b000b1116130c000c12161514000c13150e0d000e1413160f000f151312111000 40 0 1 2 0 2 3 0 3 4 0 4 5 0 5 1 1 2 6 1 6 7 1 7 8 1 8 9 1 9 5 2 3 10 2 10 11 2 11 6 3 4 12 3 12 13 3 13 10 4 5 14 4 14 12 5 9 14 9 8 15 9 15 14 14 15 12 12 15 16 12 16 13 15 8 17 15 17 16 8 7 17 7 6 18 7 18 17 6 11 19 6 19 18 17 18 20 17 20 16 18 19 20 16 20 21 16 21 13 20 19 21 19 11 21 11 10 21 21 10 13
G 22 0203040506000106070803000102080904000103090a050001040a0b060001050b0c0d07020002060d0e080002070e0f09030003080f100a0400040910110b0500050a11120c0600060b1213140d00060c140e0700070d14150f0800080e15100900090f1516110a000a1016120b000b1116130c000c12161514000c13150e0d000e141316100f00101513121100 40 0 1 2 0 2 3 0 3 4 0 4 5 0 5 1 1 2 6 1 6 7 1 7 8 1 8 9 1 9 5 2 3 10 2 10 11 2 11 6 3 4 12 3 12 13 3 13 10 4 5 14 4 14 12 5 9 14 9 8 15 9 15 14 14 15 12 12 15 16 12 16 13 15 8 17 15 17 16 8 7 17 7 6 18 7 18 17 6 11 19 6 19 18 17 18 20 17 20 16 18 19 20 16 20 13 20 19 21 20 21 13 13 21 10 19 11 21 11 10 21
G 22 0203040506000106070803000102080904000103090a050001040a0b060001050b0c0d07020002060d0e080002070e0f09030003080f100a0400040910110b0500050a11120c0600060b12130d00060c130e0700070d13140f0800080e1415100900090f15110a000a101516120b000b1116130c000c1216140e0d000e1316150f000f1416111000111514131200 40 0 1 2 0 2 3 0 3 4 0 4 5 0 5 1 1 2 6 1 6 7 1 7 8 1 8 9 1 9 5 2 3 10 2 10 11 2 11 6 3 4 12 3 12 13 3 13 10 4 5 14 4 14 12 5 9 14 9 8 15 9 15 14 14 15 12 12 15 16 12 16 13 15 8 17 15 17 16 8 7 17 7 6 18 7 18 17 6 11 18 17 18 19 17 19 16 18 11 20 18 20 19 11 10 20 10 13 21 10 21 20 13 16 21 16 19 21 19 20 21
G 22 0203040506000106070803000102080904000103090a050001040a0b060001050b0c07020002060c0d0e080002070e09030003080e0f100a0400040910110b0500050a11120c0600060b12130d0700070c13140e00070d140f090800090e14151000090f1516110a000a1016120b000b1116130c000c121615140d000d13150f0e000f1413161000101513121100 40 0 1 2 0 2 3 0 3 4 0 4 5 0 5 1 1 2 6 1 6 7 1 7 8 1 8 9 1 9 5 2 3 10 2 10 11 2 11 6 3 4 12 3 12 13 3 13 10 4 5 14 4 14 12 5 9 14 9 8 15 9 15 14 14 15 12 12 15 16 12 16 13 15 8 16 8 7 17 8 17 16 16 17 18 16 18 13 13 18 19 13 19 10 10 19 11 19 18 20 19 20 21 19 21 11 18 17 20 17 7 20 7 6 21 7 21 20 6 11 21
G 22 0203040506000106070803000102080904000103090a050001040a0b060001050b0c07020002060c0d0e080002070e09030003080e0f100a0400040910110b0500050a11120c0600060b12130d0700070c13140e00070d140f090800090e1415161000090f16110a000a1016120b000b111615130c000c1215140d000d13150f0e000f14131216000f1512111000 40 0 1 2 0 2 3 0 3 4 0 4 5 0 5 1 1 2 6 1 6 7 1 7 8 1 8 9 1 9 5 2 3 10 2 10 11 2 11 6 3 4 12 3 12 13 3 13 10 4 5 14 4 14 12 5 9 14 9 8 15 9 15 14 14 15 12 12 15 16 12 16 13 15 8 16 8 7 17 8 17 16 16 17 18 16 18 13 13 18 19 13 19 10 10 19 11 19 18 20 19 20 11 18 17 21 18 21 20 17 7 21 7 6 21 6 11 20 6 20 21
G 22 0203040506000106070803000102080904000103090a050001040a0b060001050b0c07020002060c0d080002070d0e09030003080e0f0a040004090f100b0500050a1011120c0600060b12130d0700070c13140e0800080d140f0900090e1415100a000a0f15110b000b10151612000b1116130c000c1216140d000d1316150f0e000f1416111000111514131200 40 0 1 2 0 2 3 0 3 4 0 4 5 0 5 1 1 2 6 1 6 7 1 7 8 1 8 9 1 9 5 2 3 10 2 10 11 2 11 6 3 4 12 3 12 13 3 13 10 4 5 14 4 14 12 5 9 14 9 8 15 9 15 14 14 15 12 12 15 16 12 16 13 15 8 16 8 7 17 8 17 16 16 17 18 16 18 13 13 18 10 10 18 19 10 19 11 18 17 20 18 20 19 17 7 20 7 6 21 7 21 20 6 11 21 11 19 21 19 20 21
G 22 0203040506000106070803000102080904000103090a050001040a0b060001050b0c07020002060c0d080002070d0e09030003080e0f100a04000409100b0500050a10110c0600060b11120d0700070c12130e0800080d13140f0900090e14151000090f15110b0a000b101516120c000c1116130d000d1216140e000e1316150f000f1416111000111514131200 40 0 1 2 0 2 3 0 3 4 0 4 5 0 5 1 1 2 6 1 6 7 1 7 8 1 8 9 1 9 5 2 3 10 2 10 11 2 11 6 3 4 12 3 12 13 3 13 10 4 5 14 4 14 12 5 9 14 9 8 15 9 15 14 14 15 12 12 15 16 12 16 13 15 8 16 8 7 17 8 17 16 16 17 13 13 17 18 13 18 10 17 7 19 17 19 18 7 6 20 7 20 19 6 11 20 10 18 21 10 21 11 18 19 21 19 20 21 20 11 21
G 22 0203040506000106070803000102080904000103090a050001040a0b060001050b0c07020002060c0d0e080002070e09030003080e0f100a04000409100b0500050a10110c0600060b1112130d0700070c13140e00070d140f090800090e1415161000090f16110b0a000b1016120c000c11161513000c1215140d000d13150f0e000f14131216000f1512111000 40 0 1 2 0 2 3 0 3 4 0 4 5 0 5 1 1 2 6 1 6 7 1 7 8 1 8 9 1 9 5 2 3 10 2 10 11 2 11 6 3 4 12 3 12 13 3 13 10 4 5 14 4 14 12 5 9 14 9 8 15 9 15 14 14 15 12 12 15 16 12 16 13 15 8 16 8 7 16 16 7 17 16 17 13 7 6 18 7 18 17 6 11 19 6 19 18 13 17 20 13 20 21 13 21 10 17 18 20 18 19 20 10 21 11 20 19 21 19 11 21
G 22 0203040506000106070803000102080904000103090a050001040a0b060001050b0c07020002060c0d0e080002070e0f100903000308100a040004091011120b0500050a12130c0600060b13140d0700070c14150e00070d150f0800080e15111000080f110a09000a100f151612000a1116130b000b1216140c000c1316150d000d1416110f0e00111514131200 40 0 1 2 0 2 3 0 3 4 0 4 5 0 5 1 1 2 6 1 6 7 1 7 8 1 8 9 1 9 5 2 3 10 2 10 11 2 11 6 3 4 12 3 12 13 3 13 10 4 5 14 4 14 12 5 9 14 9 8 15 9 15 14 14 15 12 12 15 13 15 8 16 15 16 17 15 17 13 8 7 16 13 17 18 13 18 10 10 18 19 10 19 11 18 17 20 18 20 19 17 16 20 16 7 21 16 21 20 7 6 21 6 11 21 11 19 21 21 19 20
G 22 0203040506000106070803000102080904000103090a050001040a0b060001050b0c07020002060c0d0e080002070e0f09030003080f0a040004090f10110b0500050a11120c0600060b12130d0700070c13140e00070d14150f0800080e15100a09000a0f151611000a1016120b000b1116130c000c1216140d000d1316150e000e1416100f0010151413121100 40 0 1 2 0 2 3 0 3 4 0 4 5 0 5 1 1 2 6 1 6 7 1 7 8 1 8 9 1 9 5 2 3 10 2 10 11 2 11 6 3 4 12 3 12 13 3 13 10 4 5 14 4 14 12 5 9 14 9 8 15 9 15 14 14 15 12 12 15 13 15 8 16 15 16 13 8 7 17 8 17 16 13 16 18 13 18 10 16 17 19 16 19 18 10 18 20 10 20 11 18 19 20 19 17 21 19 21 20 17 7 21 7 6 21 6 11 21 21 11 20
G 22 0203040506000106070803000102080904000103090a050001040a0b060001050b0c07020002060c0d080002070d0e09030003080e0f0a040004090f100b0500050a1011120c0600060b12130d0700070c130e0800080d13140f0900090e1415100a000a0f15110b000b10151612000b1116130c000c1216140e0d000e1316150f000f1416111000111514131200 40 0 1 2 0 2 3 0 3 4 0 4 5 0 5 1 1 2 6 1 6 7 1 7 8 1 8 9 1 9 5 2 3 10 2 10 11 2 11 6 3 4 12 3 12 13 3 13 10 4 5 14 4 14 12 5 9 14 9 8 15 9 15 14 14 15 12 12 15 13 15 8 16 15 16 13 8 7 17 8 17 16 13 16 18 13 18 10 16 17 19 16 19 18 10 18 11 18 19 20 18 20 11 11 20 6 6 20 21 6 21 7 20 19 21 19 17 21 17 7 21
G 22 0203040506000106070803000102080904000103090a050001040a0b060001050b0c07020002060c0d080002070d0e0f09030003080f0a040004090f100b0500050a10110c0600060b1112130d0700070c130e0800080d1314150f00080e15100a09000a0f1516110b000b1016120c000c11161413000c12140e0d000e13121615000e1416100f00101514121100 40 0 1 2 0 2 3 0 3 4 0 4 5 0 5 1 1 2 6 1 6 7 1 7 8 1 8 9 1 9 5 2 3 10 2 10 11 2 11 6 3 4 12 3 12 13 3 13 10 4 5 14 4 14 12 5 9 14 9 8 15 9 15 14 14 15 12 12 15 13 15 8 16 15 16 13 8 7 16 13 16 17 13 17 10 16 7 18 16 18 19 16 19 17 7 6 18 6 11 20 6 20 18 10 17 21 10 21 11 17 19 21 18 20 19 11 21 20 21 19 20
G 22 0203040506000106070803000102080904000103090a050001040a0b0c060001050c0d0e07020002060e0f080002070f1009030003081011120a04000409120b0500050a12130c00050b130d0600060c13140e00060d14150f0700070e15100800080f15161109000910161312000911130b0a000b121116140d0c000d1316150e000e1416100f00101514131100 40 0 1 2 0 2 3 0 3 4 0 4 5 0 5 1 1 2 6 1 6 7 1 7 8 1 8 9 1 9 5 2 3 10 2 10 11 2 11 6 3 4 12 3 12 10 4 5 13 4 13 14 4 14 15 4 15 12 5 9 13 9 8 16 9 16 17 9 17 13 13 17 14 17 16 18 17 18 14 14 18 15 18 16 19 18 19 20 18 20 21 18 21 15 16 8 19 8 7 19 15 21 12 19 7 20 7 6 20 6 11 20 20 11 21 11 10 21 21 10 12
G 22 0203040506000106070803000102080904000103090a050001040a0b060001050b0c07020002060c0d080002070d0e0f09030003080f100a040004091011120b0500050a120c0600060b1213140d0700070c140e0800080d1415160f00080e16100900090f16110a000a1016151312000a11130c0b000c12111514000c13150e0d000e14131116000e1511100f00 40 0 1 2 0 2 3 0 3 4 0 4 5 0 5 1 1 2 6 1 6 7 1 7 8 1 8 9 1 9 5 2 3 10 2 10 11 2 11 6 3 4 12 3 12 10 4 5 13 4 13 14 4 14 15 4 15 12 5 9 13 9 8 16 9 16 13 13 16 17 13 17 14 16 8 18 16 18 17 8 7 18 7 6 19 7 19 20 7 20 18 6 11 19 18 20 17 17 20 14 20 19 21 20 21 15 20 15 14 19 11 21 11 10 21 10 12 21 21 12 15
G 22 0203040506000106070803000102080904000103090a0b050001040b0c060001050c0d07020002060d0e080002070e0f100903000308100a040004091011120b00040a12130c0500050b130d0600060c1314150e0700070d150f0800080e1516111000080f110a09000a100f1612000a111614130b000b12140d0c000d13121615000d14160f0e000f1514121100 40 0 1 2 0 2 3 0 3 4 0 4 5 0 5 1 1 2 6 1 6 7 1 7 8 1 8 9 1 9 5 2 3 10 2 10 11 2 11 6 3 4 12 3 12 10 4 5 13 4 13 14 4 14 15 4 15 12 5 9 13 9 8 16 9 16 13 13 16 17 13 17 14 16 8 18 16 18 17 8 7 18 7 6 19 7 19 18 6 11 19 18 19 20 18 20 17 19 11 21 19 21 20 11 10 21 10 12 21 12 15 21 21 15 20 15 14 20 20 14 17
G 22 0203040506000106070803000102080904000103090a0b050001040b0c060001050c0d0e07020002060e0f080002070f10110903000308110a0400040911120b00040a1213140c0500050b140d0600060c14150e00060d150f0700070e15100800080f15161100081016120a09000a1116130b000b12161514000b13150d0c000d141316100f0e00101513121100 40 0 1 2 0 2 3 0 3 4 0 4 5 0 5 1 1 2 6 1 6 7 1 7 8 1 8 9 1 9 5 2 3 10 2 10 11 2 11 6 3 4 12 3 12 10 4 5 13 4 13 14 4 14 15 4 15 12 5 9 13 9 8 16 9 16 13 13 16 14 16 8 17 16 17 18 16 18 19 16 19 14 8 7 17 14 19 15 19 18 20 19 20 15 15 20 12 12 20 10 20 18 21 20 21 11 20 11 10 18 17 21 17 7 21 7 6 21 21 6 11
G 22 0203040506000106070803000102080904000103090a0b050001040b0c060001050c0d0e07020002060e0f080002070f1009030003081011120a0400040912130b00040a130c0500050b130d0600060c13140e00060d14150f0700070e15100800080f15110900091015161200091116130a000a1216140d0c0b000d1316150e000e141611100f00111514131200 40 0 1 2 0 2 3 0 3 4 0 4 5 0 5 1 1 2 6 1 6 7 1 7 8 1 8 9 1 9 5 2 3 10 2 10 11 2 11 6 3 4 12 3 12 10 4 5 13 4 13 14 4 14 15 4 15 12 5 9 13 9 8 16 9 16 13 13 16 14 16 8 17 16 17 18 16 18 14 8 7 17 14 18 15 18 17 19 18 19 20 18 20 21 18 21 15 17 7 19 7 6 19 6 11 19 19 11 20 11 10 20 10 12 21 10 21 20 12 15 21
G 22 0203040506000106070803000102080904000103090a050001040a0b0c060001050c0d07020002060d0e080002070e0f10090300030810110a0400040911120b0500050a12130c00050b13140d0600060c14150e0700070d150f0800080e15161000080f16110900091016120a000a1116130b000b1216140c000c1316150d000d14160f0e000f15141312111000 40 0 1 2 0 2 3 0 3 4 0 4 5 0 5 1 1 2 6 1 6 7 1 7 8 1 8 9 1 9 5 2 3 10 2 10 11 2 11 6 3 4 12 3 12 10 4 5 13 4 13 14 4 14 15 4 15 12 5 9 13 9 8 16 9 16 13 13 16 14 16 8 17 16 17 18 16 18 14 8 7 17 14 18 15 18 17 19 18 19 20 18 20 15 17 7 21 17 21 19 7 6 21 6 11 21 15 20 12 21 11 19 11 10 19 19 10 20 10 12 20
G 22 0203040506000106070803000102080904000103090a050001040a0b060001050b0c07020002060c0d080002070d0e09030003080e0f0a040004090f100b0500050a1011120c0600060b120d0700070c1213140e0800080d14150f0900090e15100a000a0f1516110b000b10161312000b11130d0c000d12111614000d1316150e000e1416100f00101514131100 40 0 1 2 0 2 3 0 3 4 0 4 5 0 5 1 1 2 6 1 6 7 1 7 8 1 8 9 1 9 5 2 3 10 2 10 11 2 11 6 3 4 12 3 12 10 4 5 13 4 13 14 4 14 15 4 15 12 5 9 13 9 8 16 9 16 13 13 16 14 16 8 17 16 17 14 8 7 18 8 18 17 14 17 15 17 18 15 15 18 19 15 19 12 18 7 19 7 6 20 7 20 19 6 11 20 12 19 21 12 21 10 19 20 21 20 11 21 11 10 21
G 22 0203040506000106070803000102080904000103090a050001040a0b060001050b0c0d07020002060d0e080002070e0f10090300030810110a040004091112130b0500050a130c0600060b13140d00060c14150e0700070d150f0800080e15161000080f16110900091016120a000a1116151413000a12140c0b000c1312150d000d1412160f0e000f1512111000 40 0 1 2 0 2 3 0 3 4 0 4 5 0 5 1 1 2 6 1 6 7 1 7 8 1 8 9 1 9 5 2 3 10 2 10 11 2 11 6 3 4 12 3 12 10 4 5 13 4 13 14 4 14 15 4 15 12 5 9 13 9 8 16 9 16 13 13 16 14 16 8 17 16 17 14 8 7 17 14 17 18 14 18 15 17 7 19 17 19 20 17 20 18 7 6 19 6 11 19 19 11 20 11 10 20 10 12 21 10 21 20 20 21 18 12 15 21 15 18 21
G 22 0203040506000106070803000102080904000103090a050001040a0b060001050b0c07020002060c0d080002070d0e0f09030003080f100a0400040910110b0500050a11120c0600060b1213140d0700070c140e0800080d14150f00080e1516100900090f16110a000a1016120b000b1116130c000c12161514000c13150e0d000e1413160f000f151312111000 40 0 1 2 0 2 3 0 3 4 0 4 5 0 5 1 1 2 6 1 6 7 1 7 8 1 8 9 1 9 5 2 3 10 2 10 11 2 11 6 3 4 12 3 12 10 4 5 13 4 13 14 4 14 15 4 15 12 5 9 13 9 8 16 9 16 13 13 16 14 16 8 17 16 17 14 8 7 17 14 17 18 14 18 15 17 7 19 17 19 18 7 6 19 6 11 20 6 20 19 19 20 18 18 20 15 20 11 21 20 21 15 15 21 12 11 10 21 10 12 21
G 22 0203040506000106070803000102080904000103090a050001040a0b060001050b07020002060b0c0d080002070d0e09030003080e0f100a0400040910110b0500050a11120c070600070b1213140d00070c140e0800080d14150f0900090e15161000090f16110a000a1016120b000b1116130c000c12161514000c13150e0d000e1413160f000f151312111000 40 0 1 2 0 2 3 0 3 4 0 4 5 0 5 1 1 2 6 1 6 7 1 7 8 1 8 9 1 9 5 2 3 10 2 10 11 2 11 6 3 4 12 3 12 10 4 5 13 4 13 14 4 14 12 5 9 13 9 8 15 9 15 16 9 16 13 13 16 14 16 15 17 16 17 18 16 18 19 16 19 14 14 19 12 12 19 10 19 18 11 19 11 10 11 18 6 18 17 20 18 20 6 6 20 7 20 17 21 20 21 7 17 15 21 15 8 21 8 7 21
G 22 0203040506000106070803000102080904000103090a050001040a0b0c060001050c0d0e07020002060e0f080002070f1009030003081011120a04000409120b0500050a12130c00050b130d0600060c13140e00060d14150f0700070e15100800080f15110900091015161200091116130b0a000b1216140d0c000d1316150e000e141611100f00111514131200 40 0 1 2 0 2 3 0 3 4 0 4 5 0 5 1 1 2 6 1 6 7 1 7 8 1 8 9 1 9 5 2 3 10 2 10 11 2 11 6 3 4 12 3 12 10 4 5 13 4 13 14 4 14 12 5 9 13 9 8 15 9 15 16 9 16 13 13 16 14 16 15 17 16 17 18 16 18 14 14 18 12 12 18 19 12 19 10 18 17 19 10 19 11 19 17 20 19 20 21 19 21 11 17 15 20 15 8 20 8 7 20 20 7 21 7 6 21 6 11 21
G 22 0203040506000106070803000102080904000103090a050001040a0b0c060001050c0d07020002060d0e080002070e0f10090300030810110a0400040911120b0500050a12130c00050b13140d0600060c140e0700070d14150f0800080e15161000080f16110900091016120a000a1116130b000b121615140c000c13150e0d000e1413160f000f151312111000 40 0 1 2 0 2 3 0 3 4 0 4 5 0 5 1 1 2 6 1 6 7 1 7 8 1 8 9 1 9 5 2 3 10 2 10 11 2 11 6 3 4 12 3 12 10 4 5 13 4 13 14 4 14 12 5 9 13 9 8 15 9 15 16 9 16 13 13 16 14 16 15 17 16 17 18 16 18 14 14 18 12 12 18 19 12 19 10 18 17 19 10 19 11 19 17 20 19 20 11 17 15 21 17 21 20 15 8 21 8 7 21 11 20 6 20 21 7 20 7 6
G 22 0203040506000106070803000102080904000103090a050001040a0b060001050b0c07020002060c0d080002070d0e09030003080e0f100a0400040910110b0500050a11120c0600060b1213140d0700070c140e0800080d14150f0900090e15161000090f16110a000a1016120b000b1116130c000c12161514000c13150e0d000e1413160f000f151312111000 40 0 1 2 0 2 3 0 3 4 0 4 5 0 5 1 1 2 6 1 6 7 1 7 8 1 8 9 1 9 5 2 3 10 2 10 11 2 11 6 3 4 12 3 12 10 4 5 13 4 13 14 4 14 12 5 9 13 9 8 15 9 15 16 9 16 13 13 16 14 16 15 17 16 17 18 16 18 14 14 18 12 12 18 10 18 17 19 18 19 11 18 11 10 11 19 6 6 19 20 6 20 7 19 17 20 17 15 21 17 21 20 15 8 21 8 7 21 7 20 21
G 22 0203040506000106070803000102080904000103090a050001040a0b0c060001050c0d07020002060d0e080002070e0f10090300030810110a0400040911120b0500050a1213140c00050b140d0600060c140e0700070d14150f0800080e15161000080f16110900091016120a000a1116130b000b12161514000b13150e0d0c000e1413160f000f151312111000 40 0 1 2 0 2 3 0 3 4 0 4 5 0 5 1 1 2 6 1 6 7 1 7 8 1 8 9 1 9 5 2 3 10 2 10 11 2 11 6 3 4 12 3 12 10 4 5 13 4 13 14 4 14 12 5 9 13 9 8 15 9 15 16 9 16 13 13 16 14 16 15 17 16 17 18 16 18 14 14 18 12 12 18 10 18 17 19 18 19 10 10 19 11 19 17 20 19 20 21 19 21 11 17 15 20 15 8 20 8 7 20 20 7 21 7 6 21 6 11 21
G 22 0203040506000106070803000102080904000103090a050001040a0b060001050b0c07020002060c0d080002070d0e0f09030003080f100a0400040910110b0500050a1112130c0600060b130d0700070c13140e0800080d14150f00080e1516100900090f16110a000a1016120b000b1116151413000b12140d0c000d1312150e000e1412160f000f1512111000 40 0 1 2 0 2 3 0 3 4 0 4 5 0 5 1 1 2 6 1 6 7 1 7 8 1 8 9 1 9 5 2 3 10 2 10 11 2 11 6 3 4 12 3 12 10 4 5 13 4 13 14 4 14 12 5 9 13 9 8 15 9 15 16 9 16 13 13 16 14 16 15 17 16 17 14 14 17 18 14 18 19 14 19 12 12 19 10 10 19 11 19 18 20 19 20 11 11 20 6 6 20 7 20 18 7 18 17 21 18 21 7 7 21 8 17 15 21 15 8 21
G 22 0203040506000106070803000102080904000103090a050001040a0b060001050b0c07020002060c0d080002070d0e09030003080e0f100a0400040910110b0500050a11120c0600060b1213140d0700070c140e0800080d140f0900090e14151000090f1516110a000a1016120b000b1116130c000c12161514000c13150f0e0d000f1413161000101513121100 40 0 1 2 0 2 3 0 3 4 0 4 5 0 5 1 1 2 6 1 6 7 1 7 8 1 8 9 1 9 5 2 3 10 2 10 11 2 11 6 3 4 12 3 12 10 4 5 13 4 13 14 4 14 12 5 9 13 9 8 15 9 15 16 9 16 13 13 16 14 16 15 17 16 17 14 14 17 18 14 18 19 14 19 12 12 19 10 10 19 11 19 18 11 11 18 6 18 17 20 18 20 6 6 20 7 17 15 21 17 21 20 15 8 21 8 7 21 7 20 21
G 22 0203040506000106070803000102080904000103090a050001040a0b060001050b0c07020002060c0d080002070d0e09030003080e0f100a0400040910110b0500050a1112130c0600060b130d0700070c13140e0800080d14150f0900090e15161000090f16110a000a1016120b000b1116151413000b12140d0c000d1312150e000e1412160f000f1512111000 40 0 1 2 0 2 3 0 3 4 0 4 5 0 5 1 1 2 6 1 6 7 1 7 8 1 8 9 1 9 5 2 3 10 2 10 11 2 11 6 3 4 12 3 12 10 4 5 13 4 13 14 4 14 12 5 9 13 9 8 15 9 15 16 9 16 13 13 16 14 16 15 17 16 17 14 14 17 18 14 18 12 12 18 19 12 19 10 10 19 11 19 18 20 19 20 11 18 17 21 18 21 7 18 7 20 7 6 20 6 11 20 7 21 8 17 15 21 15 8 21
G 22 0203040506000106070803000102080904000103090a0b050001040b0c060001050c0d07020002060d0e080002070e0f09030003080f100a040004091011120b00040a120c0500050b1213140d0600060c140e0700070d14150f0800080e1516100900090f16110a000a10161312000a11130c0b000c1211161514000c13150e0d000e1413160f000f1513111000 40 0 1 2 0 2 3 0 3 4 0 4 5 0 5 1 1 2 6 1 6 7 1 7 8 1 8 9 1 9 5 2 3 10 2 10 11 2 11 6 3 4 12 3 12 10 4 5 13 4 13 14 4 14 12 5 9 13 9 8 15 9 15 16 9 16 13 13 16 14 16 15 17 16 17 14 14 17 18 14 18 12 12 18 19 12 19 10 10 19 11 19 18 20 19 20 11 18 17 21 18 21 20 17 15 21 15 8 21 8 7 21 21 7 20 7 6 20 20 6 11
G 22 0203040506000106070803000102080904000103090a050001040a0b060001050b0c0d07020002060d0e080002070e0f09030003080f10110a0400040911120b0500050a120c0600060b1213140d00060c14150e0700070d150f0800080e15100900090f1516110009101613120a000a11130c0b000c12111614000c1316150d000d1416100f0e00101514131100 40 0 1 2 0 2 3 0 3 4 0 4 5 0 5 1 1 2 6 1 6 7 1 7 8 1 8 9 1 9 5 2 3 10 2 10 11 2 11 6 3 4 12 3 12 10 4 5 13 4 13 14 4 14 12 5 9 13 9 8 15 9 15 16 9 16 13 13 16 14 16 15 17 16 17 14 14 17 18 14 18 12 12 18 10 10 18 11 18 17 19 18 19 11 17 15 20 17 20 21 17 21 19 15 8 20 8 7 20 11 19 6 19 21 6 6 21 7 21 20 7
G 22 0203040506000106070803000102080904000103090a050001040a0b060001050b0c07020002060c0d080002070d0e0f09030003080f100a0400040910110b0500050a11120c0600060b12130d0700070c130e0800080d13140f00080e1415100900090f15110a000a101516120b000b1116130c000c1216140e0d000e1316150f000f1416111000111514131200 40 0 1 2 0 2 3 0 3 4 0 4 5 0 5 1 1 2 6 1 6 7 1 7 8 1 8 9 1 9 5 2 3 10 2 10 11 2 11 6 3 4 12 3 12 10 4 5 13 4 13 14 4 14 12 5 9 13 9 8 15 9 15 13 13 15 16 13 16 14 15 8 17 15 17 18 15 18 16 8 7 17 7 6 19 7 19 17 6 11 20 6 20 19 17 19 18 19 20 18 18 20 16 20 11 21 20 21 16 16 21 14 11 10 21 10 12 21 21 12 14
G 22 0203040506000106070803000102080904000103090a050001040a0b0c060001050c0d07020002060d0e080002070e0f10090300030810110a0400040911120b0500050a1213140c00050b140d0600060c14150e0700070d150f0800080e15161000080f16110900091016120a000a1116130b000b12161514000b13150d0c000d1413160f0e000f151312111000 40 0 1 2 0 2 3 0 3 4 0 4 5 0 5 1 1 2 6 1 6 7 1 7 8 1 8 9 1 9 5 2 3 10 2 10 11 2 11 6 3 4 12 3 12 10 4 5 13 4 13 14 4 14 12 5 9 13 9 8 15 9 15 13 13 15 16 13 16 14 15 8 17 15 17 18 15 18 16 8 7 17 7 6 19 7 19 17 6 11 19 17 19 20 17 20 18 19 11 20 11 10 20 10 12 21 10 21 20 20 21 18 12 14 21 14 16 21 21 16 18
G 22 0203040506000106070803000102080904000103090a0b050001040b0c060001050c0d07020002060d0e080002070e0f100903000308100a0400040910110b00040a11120c0500050b12130d0600060c13140e0700070d140f0800080e14151000080f15110a09000a101516120b000b1116130c000c1216140d000d1316150f0e000f1416111000111514131200 40 0 1 2 0 2 3 0 3 4 0 4 5 0 5 1 1 2 6 1 6 7 1 7 8 1 8 9 1 9 5 2 3 10 2 10 11 2 11 6 3 4 12 3 12 10 4 5 13 4 13 14 4 14 12 5 9 13 9 8 15 9 15 13 13 15 16 13 16 14 15 8 17 15 17 18 15 18 16 8 7 17 7 6 19 7 19 17 6 11 19 17 19 18 19 11 20 19 20 18 11 10 20 10 12 21 10 21 20 12 14 21 14 16 21 16 18 20 16 20 21
G 22 0203040506000106070803000102080904000103090a0b050001040b0c060001050c0d0e07020002060e0f080002070f10090300030810110a0400040911120b00040a120c0500050b12130d0600060c13140e00060d140f0700070e1415100800080f1511090009101516120a000a1116130c0b000c1216140d000d1316150f0e000f1416111000111514131200 40 0 1 2 0 2 3 0 3 4 0 4 5 0 5 1 1 2 6 1 6 7 1 7 8 1 8 9 1 9 5 2 3 10 2 10 11 2 11 6 3 4 12 3 12 10 4 5 13 4 13 14 4 14 12 5 9 13 9 8 15 9 15 13 13 15 16 13 16 14 15 8 17 15 17 18 15 18 16 8 7 17 7 6 19 7 19 17 6 11 19 17 19 18 19 11 20 19 20 18 11 10 20 10 12 21 10 21 20 12 14 21 14 16 21 16 18 21 18 20 21
G 22 0203040506000106070803000102080904000103090a0b050001040b0c060001050c0d0e07020002060e0f080002070f10090300030810110a0400040911120b00040a12130c0500050b130d0600060c13140e00060d14150f0700070e15100800080f1516110900091016120a000a1116130b000b1216140d0c000d1316150e000e1416100f0010151413121100 40 0 1 2 0 2 3 0 3 4 0 4 5 0 5 1 1 2 6 1 6 7 1 7 8 1 8 9 1 9 5 2 3 10 2 10 11 2 11 6 3 4 12 3 12 10 4 5 13 4 13 14 4 14 12 5 9 13 9 8 15 9 15 13 13 15 16 13 16 14 15 8 17 15 17 18 15 18 16 8 7 17 7 6 19 7 19 17 6 11 19 17 19 18 19 11 20 19 20 18 11 10 20 10 12 20 12 14 21 12 21 20 20 21 18 18 21 16 21 14 16
G 22 0203040506000106070803000102080904000103090a050001040a0b060001050b0c07020002060c0d0e080002070e0f09030003080f10110a0400040911120b0500050a12130c0600060b13140d0700070c14150e00070d150f0800080e15100900090f15161100091016120a000a1116130b000b1216140c000c1316150d000d1416100f0e0010151413121100 40 0 1 2 0 2 3 0 3 4 0 4 5 0 5 1 1 2 6 1 6 7 1 7 8 1 8 9 1 9 5 2 3 10 2 10 11 2 11 6 3 4 12 3 12 10 4 5 13 4 13 14 4 14 12 5 9 13 9 8 15 9 15 13 13 15 16 13 16 14 15 8 17 15 17 16 8 7 18 8 18 17 7 6 19 7 19 18 6 11 19 11 10 20 11 20 19 10 12 21 10 21 20 12 14 21 14 16 21 16 17 21 21 17 20 17 18 20 20 18 19
G 22 0203040506000106070803000102080904000103090a050001040a0b0c060001050c0d07020002060d0e080002070e0f10090300030810110a0400040911120b0500050a1213140c00050b140d0600060c14150e0700070d150f0800080e1513161000080f16110900091016120a000a1116130b000b12160f1514000b13150d0c000d14130f0e000f1312111000 40 0 1 2 0 2 3 0 3 4 0 4 5 0 5 1 1 2 6 1 6 7 1 7 8 1 8 9 1 9 5 2 3 10 2 10 11 2 11 6 3 4 12 3 12 10 4 5 13 4 13 14 4 14 12 5 9 13 9 8 15 9 15 13 13 15 16 13 16 14 15 8 17 15 17 16 8 7 17 7 6 18 7 18 19 7 19 17 6 11 18 17 19 16 16 19 20 16 20 14 19 18 21 19 21 20 18 11 21 11 10 21 10 12 20 20 21 10 20 12 14
G 22 0203040506000106070803000102080904000103090a050001040a0b0c060001050c0d07020002060d0e080002070e0f10090300030810110a0400040911120b0500050a12130c00050b130d0600060c13140e0700070d140f0800080e1415161000080f16110900091016120a000a111615130b000b1215140d0c000d13150f0e000f14131216000f1512111000 40 0 1 2 0 2 3 0 3 4 0 4 5 0 5 1 1 2 6 1 6 7 1 7 8 1 8 9 1 9 5 2 3 10 2 10 11 2 11 6 3 4 12 3 12 10 4 5 13 4 13 14 4 14 12 5 9 13 9 8 15 9 15 13 13 15 16 13 16 14 15 8 17 15 17 16 8 7 17 7 6 18 7 18 19 7 19 17 6 11 18 17 19 16 16 19 20 16 20 14 19 18 21 19 21 20 18 11 21 11 10 21 10 12 21 21 12 20 12 14 20
G 22 0203040506000106070803000102080904000103090a0b050001040b0c060001050c0d07020002060d0e080002070e0f09030003080f100a040004091011120b00040a120c0500050b12130d0600060c1314150e0700070d150f0800080e1516100900090f16110a000a1016141312000a11130c0b000c1211140d000d13111615000d14160f0e000f1514111000 40 0 1 2 0 2 3 0 3 4 0 4 5 0 5 1 1 2 6 1 6 7 1 7 8 1 8 9 1 9 5 2 3 10 2 10 11 2 11 6 3 4 12 3 12 10 4 5 13 4 13 14 4 14 12 5 9 13 9 8 15 9 15 13 13 15 16 13 16 14 15 8 17 15 17 16 8 7 17 7 6 18 7 18 17 6 11 19 6 19 18 17 18 20 17 20 16 18 19 20 16 20 14 20 19 21 20 21 14 14 21 12 19 11 21 11 10 21 21 10 12
G 22 0203040506000106070803000102080904000103090a050001040a0b060001050b0c0d07020002060d0e080002070e0f09030003080f10110a04000409110b0500050a11120c0600060b1213140d00060c140e0700070d14150f0800080e1516100900090f161211000910120b0a000b111016130c000c12161514000c13150e0d000e1413160f000f1513121000 40 0 1 2 0 2 3 0 3 4 0 4 5 0 5 1 1 2 6 1 6 7 1 7 8 1 8 9 1 9 5 2 3 10 2 10 11 2 11 6 3 4 12 3 12 10 4 5 13 4 13 14 4 14 12 5 9 13 9 8 15 9 15 13 13 15 16 13 16 14 15 8 17 15 17 16 8 7 17 7 6 18 7 18 17 6 11 19 6 19 18 17 18 16 18 19 16 16 19 20 16 20 14 19 11 20 11 10 21 11 21 20 10 12 21 12 14 21 14 20 21
G 22 0203040506000106070803000102080904000103090a050001040a0b0c060001050c0d0e07020002060e0f080002070f1011090300030811120a0400040912130b0500050a13140c00050b140d0600060c14150e00060d150f0700070e15100800080f15161100081016120900091116130a000a1216140b000b1316150d0c000d1416100f0e0010151413121100 40 0 1 2 0 2 3 0 3 4 0 4 5 0 5 1 1 2 6 1 6 7 1 7 8 1 8 9 1 9 5 2 3 10 2 10 11 2 11 6 3 4 12 3 12 10 4 5 13 4 13 14 4 14 12 5 9 13 9 8 15 9 15 13 13 15 16 13 16 14 15 8 17 15 17 16 8 7 17 7 6 18 7 18 17 6 11 18 17 18 19 17 19 20 17 20 16 18 11 19 11 10 19 10 12 21 10 21 19 19 21 20 12 14 21 14 16 20 14 20 21
G 22 0203040506000106070803000102080904000103090a0b050001040b0c060001050c0d07020002060d0e080002070e0f100903000308100a040004091011120b00040a12130c0500050b13140d0600060c14150e0700070d150f0800080e1516111000080f110a09000a100f1612000a1116130b000b1216140c000c1316150d000d14160f0e000f151413121100 40 0 1 2 0 2 3 0 3 4 0 4 5 0 5 1 1 2 6 1 6 7 1 7 8 1 8 9 1 9 5 2 3 10 2 10 11 2 11 6 3 4 12 3 12 10 4 5 13 4 13 14 4 14 12 5 9 13 9 8 15 9 15 13 13 15 16 13 16 14 15 8 17 15 17 16 8 7 17 7 6 18 7 18 17 6 11 18 17 18 19 17 19 16 18 11 20 18 20 19 11 10 20 10 12 21 10 21 20 12 14 21 14 16 19 14 19 21 19 20 21
G 22 0203040506000106070803000102080904000103090a0b050001040b0c060001050c0d0e07020002060e0f080002070f10090300030810110a0400040911120b00040a12130c0500050b130d0600060c1314150e00060d150f0700070e1516100800080f1611090009101614120a000a1114130b000b12140d0c000d1312111615000d14160f0e000f1514111000 40 0 1 2 0 2 3 0 3 4 0 4 5 0 5 1 1 2 6 1 6 7 1 7 8 1 8 9 1 9 5 2 3 10 2 10 11 2 11 6 3 4 12 3 12 10 4 5 13 4 13 14 4 14 12 5 9 13 9 8 15 9 15 13 13 15 16 13 16 14 15 8 17 15 17 16 8 7 17 7 6 18 7 18 17 6 11 18 17 18 19 17 19 16 18 11 20 18 20 19 11 10 20 10 12 21 10 21 20 12 14 21 14 16 21 16 19 21 21 19 20
G 22 0203040506000106070803000102080904000103090a0b050001040b0c060001050c0d0e07020002060e0f080002070f10090300030810110a0400040911120b00040a12130c0500050b130d0600060c1314150e00060d150f0700070e1516100800080f16110900091016120a000a111614130b000b12140d0c000d13121615000d14160f0e000f151412111000 40 0 1 2 0 2 3 0 3 4 0 4 5 0 5 1 1 2 6 1 6 7 1 7 8 1 8 9 1 9 5 2 3 10 2 10 11 2 11 6 3 4 12 3 12 10 4 5 13 4 13 14 4 14 12 5 9 13 9 8 15 9 15 13 13 15 16 13 16 14 15 8 17 15 17 16 8 7 17 7 6 18 7 18 17 6 11 18 17 18 19 17 19 16 18 11 20 18 20 19 11 10 20 10 12 20 12 14 21 12 21 20 20 21 19 14 16 21 16 19 21
G 22 0203040506000106070803000102080904000103090a050001040a0b0c060001050c0d0e07020002060e0f080002070f1011090300030811120a04000409120b0500050a12130c00050b13140d0600060c14150e00060d150f0700070e15100800080f15161100081016131209000911130b0a000b121116140c000c1316150d000d1416100f0e00101514131100 40 0 1 2 0 2 3 0 3 4 0 4 5 0 5 1 1 2 6 1 6 7 1 7 8 1 8 9 1 9 5 2 3 10 2 10 11 2 11 6 3 4 12 3 12 10 4 5 13 4 13 14 4 14 12 5 9 13 9 8 15 9 15 13 13 15 14 15 8 16 15 16 17 15 17 18 15 18 14 8 7 16 14 18 12 12 18 10 18 17 19 18 19 10 10 19 11 19 17 20 19 20 11 17 16 21 17 21 20 16 7 21 7 6 21 6 11 20 6 20 21
G 22 0203040506000106070803000102080904000103090a050001040a0b0c060001050c0d07020002060d0e080002070e0f09030003080f10110a04000409110b0500050a11120c00050b12130d0600060c1314150e0700070d150f0800080e15100900090f1514161100091016120b0a000b1116130c000c1216140d000d13161015000d14100f0e00101413121100 40 0 1 2 0 2 3 0 3 4 0 4 5 0 5 1 1 2 6 1 6 7 1 7 8 1 8 9 1 9 5 2 3 10 2 10 11 2 11 6 3 4 12 3 12 10 4 5 13 4 13 14 4 14 12 5 9 13 9 8 15 9 15 13 13 15 14 15 8 16 15 16 17 15 17 14 8 7 16 14 17 18 14 18 19 14 19 12 12 19 10 10 19 11 19 18 11 11 18 20 11 20 6 18 17 20 17 16 21 17 21 20 16 7 21 7 6 21 6 20 21
G 22 0203040506000106070803000102080904000103090a0b050001040b0c060001050c0d07020002060d0e0f080002070f1009030003081011120a0400040912130b00040a130c0500050b13140d0600060c140e0700070d14150f00070e15100800080f15110900091015161200091116130a000a1216140c0b000c1316150e0d000e141611100f00111514131200 40 0 1 2 0 2 3 0 3 4 0 4 5 0 5 1 1 2 6 1 6 7 1 7 8 1 8 9 1 9 5 2 3 10 2 10 11 2 11 6 3 4 12 3 12 10 4 5 13 4 13 14 4 14 12 5 9 13 9 8 15 9 15 13 13 15 14 15 8 16 15 16 17 15 17 14 8 7 16 14 17 18 14 18 12 12 18 19 12 19 10 10 19 11 19 18 20 19 20 21 19 21 11 18 17 20 17 16 20 16 7 20 20 7 21 7 6 21 6 11 21
G 22 0203040506000106070803000102080904000103090a050001040a0b0c060001050c0d07020002060d0e080002070e0f10090300030810110a0400040911120b0500050a12130c00050b13140d0600060c140e0700070d140f0800080e14151000080f1516110900091016120a000a1116130b000b121615140c000c13150f0e0d000f1413161000101513121100 40 0 1 2 0 2 3 0 3 4 0 4 5 0 5 1 1 2 6 1 6 7 1 7 8 1 8 9 1 9 5 2 3 10 2 10 11 2 11 6 3 4 12 3 12 10 4 5 13 4 13 14 4 14 12 5 9 13 9 8 15 9 15 13 13 15 14 15 8 16 15 16 17 15 17 14 8 7 16 14 17 18 14 18 12 12 18 19 12 19 10 10 19 11 19 18 20 19 20 11 18 17 20 17 16 21 17 21 20 16 7 21 7 6 21 6 11 20 6 20 21
G 22 0203040506000106070803000102080904000103090a050001040a0b0c060001050c0d07020002060d0e0f080002070f10090300030810110a040004091112130b0500050a13140c00050b140d0600060c140e0700070d1415160f00070e16100800080f16110900091016120a000a11161513000a1215140b000b13150e0d0c000e14131216000e151211100f00 40 0 1 2 0 2 3 0 3 4 0 4 5 0 5 1 1 2 6 1 6 7 1 7 8 1 8 9 1 9 5 2 3 10 2 10 11 2 11 6 3 4 12 3 12 10 4 5 13 4 13 14 4 14 12 5 9 13 9 8 15 9 15 13 13 15 14 15 8 16 15 16 17 15 17 14 8 7 16 14 17 18 14 18 12 12 18 10 10 18 19 10 19 11 18 17 20 18 20 19 17 16 20 16 7 20 7 6 21 7 21 20 20 21 19 6 11 21 11 19 21
G 22 0203040506000106070803000102080904000103090a050001040a0b0c060001050c0d0e07020002060e0f080002070f1009030003081011120a04000409120b0500050a12130c00050b13140d0600060c14150e00060d150f0700070e15100800080f15161109000910161312000911130b0a000b121116140c000c1316150d000d1416100f0e00101514131100 40 0 1 2 0 2 3 0 3 4 0 4 5 0 5 1 1 2 6 1 6 7 1 7 8 1 8 9 1 9 5 2 3 10 2 10 11 2 11 6 3 4 12 3 12 10 4 5 13 4 13 14 4 14 12 5 9 13 9 8 15 9 15 13 13 15 14 15 8 16 15 16 17 15 17 14 8 7 16 14 17 18 14 18 12 12 18 10 10 18 19 10 19 11 18 17 19 17 16 20 17 20 21 17 21 19 16 7 20 7 6 20 6 11 21 6 21 20 11 19 21
G 22 0203040506000106070803000102080904000103090a050001040a0b0c060001050c0d07020002060d0e080002070e0f09030003080f100a040004091011120b0500050a12130c00050b130d0600060c13140e0700070d14150f0800080e15100900090f15110a000a10151612000a1116130b000b1216140d0c000d1316150e000e141611100f00111514131200 40 0 1 2 0 2 3 0 3 4 0 4 5 0 5 1 1 2 6 1 6 7 1 7 8 1 8 9 1 9 5 2 3 10 2 10 11 2 11 6 3 4 12 3 12 10 4 5 13 4 13 14 4 14 12 5 9 13 9 8 15 9 15 13 13 15 14 15 8 16 15 16 17 15 17 14 8 7 16 14 17 12 12 17 18 12 18 10 17 16 19 17 19 18 16 7 19 7 6 20 7 20 19 6 11 20 10 18 21 10 21 11 18 19 21 19 20 21 20 11 21
G 22 0203040506000106070803000102080904000103090a050001040a0b0c060001050c0d0e07020002060e0f080002070f1009030003081011120a04000409120b0500050a12130c00050b130d0600060c1314150e00060d15160f0700070e16100800080f1611090009101615141200091114130b0a000b12140d0c000d13121115000d1411160e000e1511100f00 40 0 1 2 0 2 3 0 3 4 0 4 5 0 5 1 1 2 6 1 6 7 1 7 8 1 8 9 1 9 5 2 3 10 2 10 11 2 11 6 3 4 12 3 12 10 4 5 13 4 13 14 4 14 12 5 9 13 9 8 15 9 15 13 13 15 14 15 8 16 15 16 14 8 7 17 8 17 16 14 16 18 14 18 19 14 19 12 16 17 18 12 19 10 10 19 11 19 18 20 19 20 11 18 17 21 18 21 20 17 7 21 7 6 21 6 11 20 6 20 21
G 22 0203040506000106070803000102080904000103090a050001040a0b060001050b0c07020002060c0d080002070d0e0f09030003080f100a0400040910110b0500050a1112130c0600060b130d0700070c13140e0800080d1415160f00080e16100900090f16110a000a101615120b000b11151413000b12140d0c000d1312150e000e14121116000e1511100f00 40 0 1 2 0 2 3 0 3 4 0 4 5 0 5 1 1 2 6 1 6 7 1 7 8 1 8 9 1 9 5 2 3 10 2 10 11 2 11 6 3 4 12 3 12 10 4 5 13 4 13 14 4 14 12 5 9 13 9 8 15 9 15 13 13 15 14 15 8 16 15 16 14 8 7 17 8 17 16 14 16 18 14 18 12 16 17 18 12 18 19 12 19 20 12 20 10 18 17 19 17 7 19 7 6 21 7 21 19 19 21 20 6 11 21 10 20 11 20 21 11
G 22 0203040506000106070803000102080904000103090a050001040a0b0c060001050c0d07020002060d0e080002070e0f09030003080f10110a04000409110b0500050a11120c00050b12130d0600060c13140e0700070d140f0800080e1415100900090f15161100091016120b0a000b1116130c000c121615140d000d13150f0e000f1413161000101513121100 40 0 1 2 0 2 3 0 3 4 0 4 5 0 5 1 1 2 6 1 6 7 1 7 8 1 8 9 1 9 5 2 3 10 2 10 11 2 11 6 3 4 12 3 12 10 4 5 13 4 13 14 4 14 12 5 9 13 9 8 15 9 15 13 13 15 14 15 8 16 15 16 14 8 7 17 8 17 16 14 16 18 14 18 12 16 17 18 12 18 19 12 19 10 18 17 20 18 20 19 17 7 20 7 6 21 7 21 20 6 11 21 10 19 11 19 20 21 19 21 11
G 22 0203040506000106070803000102080904000103090a050001040a0b060001050b0c07020002060c0d080002070d0e09030003080e0f0a040004090f100b0500050a1011120c0600060b12130d0700070c13140e0800080d14150f0900090e15100a000a0f15110b000b10151612000b1116130c000c1216140d000d1316150e000e141611100f00111514131200 40 0 1 2 0 2 3 0 3 4 0 4 5 0 5 1 1 2 6 1 6 7 1 7 8 1 8 9 1 9 5 2 3 10 2 10 11 2 11 6 3 4 12 3 12 10 4 5 13 4 13 14 4 14 12 5 9 13 9 8 15 9 15 13 13 15 14 15 8 16 15 16 14 8 7 17 8 17 16 14 16 12 16 17 18 16 18 12 12 18 10 10 18 19 10 19 11 18 17 20 18 20 19 17 7 20 7 6 21 7 21 20 6 11 21 11 19 21 19 20 21
G 22 0203040506000106070803000102080904000103090a050001040a0b060001050b0c0d07020002060d0e080002070e0f09030003080f10110a04000409110b0500050a11120c0600060b1213140d00060c14150e0700070d150f0800080e1516100900090f16131211000910120b0a000b1110130c000c12101614000c1316150d000d14160f0e000f1514131000 40 0 1 2 0 2 3 0 3 4 0 4 5 0 5 1 1 2 6 1 6 7 1 7 8 1 8 9 1 9 5 2 3 10 2 10 11 2 11 6 3 4 12 3 12 10 4 5 13 4 13 14 4 14 12 5 9 13 9 8 15 9 15 13 13 15 14 15 8 16 15 16 14 8 7 16 14 16 17 14 17 18 14 18 12 16 7 17 7 6 19 7 19 17 6 11 20 6 20 19 12 18 21 12 21 10 17 19 18 19 20 18 18 20 21 20 11 21 11 10 21
G 22 0203040506000106070803000102080904000103090a050001040a0b060001050b0c07020002060c0d0e080002070e09030003080e0f100a0400040910110b0500050a11120c0600060b1213140d0700070c140f0e00070d0f090800090e0d14151000090f1516110a000a1016120b000b1116130c000c12161514000c13150f0d000f1413161000101513121100 40 0 1 2 0 2 3 0 3 4 0 4 5 0 5 1 1 2 6 1 6 7 1 7 8 1 8 9 1 9 5 2 3 10 2 10 11 2 11 6 3 4 12 3 12 10 4 5 13 4 13 14 4 14 12 5 9 13 9 8 15 9 15 13 13 15 14 15 8 16 15 16 14 8 7 16 14 16 17 14 17 12 16 7 17 7 6 18 7 18 17 6 11 19 6 19 18 12 17 20 12 20 21 12 21 10 17 18 20 18 19 20 10 21 11 20 19 21 19 11 21
G 22 0203040506000106070803000102080904000103090a050001040a0b060001050b07020002060b0c080002070c0d09030003080d0e0a040004090e0f100b0500050a100c070600070b1011120d0800080c12130e0900090d13140f0a000a0e141510000a0f15110c0b000c10151612000c1116130d000d1216140e000e1316150f000f1416111000111514131200 40 0 1 2 0 2 3 0 3 4 0 4 5 0 5 1 1 2 6 1 6 7 1 7 8 1 8 9 1 9 5 2 3 10 2 10 11 2 11 6 3 4 12 3 12 10 4 5 13 4 13 12 5 9 14 5 14 13 9 8 15 9 15 16 9 16 14 8 7 17 8 17 15 7 6 18 7 18 17 6 11 19 6 19 18 11 10 20 11 20 14 14 16 19 14 19 11 19 16 21 19 21 18 16 15 21 15 17 21 17 18 21 14 20 13 10 12 20 12 13 20
G 22 0203040506000106070803000102080904000103090a050001040a0b060001050b0c07020002060c0d0e080002070e0f09030003080f10110a0400040911120b0500050a12130c0600060b130d0700070c1314150e00070d150f0800080e15100900090f1514161100091016120a000a1116130b000b1216140d0c000d13161015000d14100f0e00101413121100 40 0 1 2 0 2 3 0 3 4 0 4 5 0 5 1 1 2 6 1 6 7 1 7 8 1 8 9 1 9 5 2 3 10 2 10 11 2 11 6 3 4 12 3 12 10 4 5 13 4 13 12 5 9 14 5 14 13 9 8 15 9 15 14 8 7 16 8 16 17 8 17 15 7 6 18 7 18 16 6 11 18 11 10 19 11 19 18 10 12 20 10 20 19 12 13 21 12 21 20 13 14 21 14 15 21 15 17 21 21 17 20 17 16 19 19 20 17 19 16 18
G 22 0203040506000106070803000102080904000103090a050001040a0b060001050b0c07020002060c0d0e080002070e0f09030003080f10110a0400040911120b0500050a12130c0600060b13140d0700070c14150e00070d150f0800080e15100900090f1514161100091016120a000a1116130b000b1216140c000c131610150d000d14100f0e00101413121100 40 0 1 2 0 2 3 0 3 4 0 4 5 0 5 1 1 2 6 1 6 7 1 7 8 1 8 9 1 9 5 2 3 10 2 10 11 2 11 6 3 4 12 3 12 10 4 5 13 4 13 12 5 9 14 5 14 13 9 8 15 9 15 14 8 7 16 8 16 17 8 17 15 7 6 18 7 18 16 6 11 18 11 10 19 11 19 18 10 12 20 10 20 19 12 13 20 13 14 21 13 21 20 14 15 21 15 17 21 18 19 16 19 20 17 17 16 19 20 21 17
G 22 0203040506000106070803000102080904000103090a050001040a0b0c060001050c0d0e07020002060e0f080002070f1011090300030811120a0400040912130b0500050a13140c00050b140d0600060c14150e00060d150f0700070e15100800080f15161100081016120900091116130a000a121615140b000b13150d0c000d141316100f0e00101513121100 40 0 1 2 0 2 3 0 3 4 0 4 5 0 5 1 1 2 6 1 6 7 1 7 8 1 8 9 1 9 5 2 3 10 2 10 11 2 11 6 3 4 12 3 12 10 4 5 13 4 13 12 5 9 13 9 8 14 9 14 13 13 14 15 13 15 16 13 16 12 12 16 17 12 17 10 10 17 18 10 18 11 17 16 19 17 19 18 16 15 19 15 14 20 15 20 19 14 8 20 8 7 20 19 20 18 20 7 21 20 21 18 18 21 11 7 6 21 6 11 21
G 22 0203040506000106070803000102080904000103090a050001040a0b0c060001050c0d07020002060d0e080002070e0f09030003080f10110a04000409110b0500050a11120c00050b1213140d0600060c14150e0700070d150f0800080e1516100900090f16131211000910120b0a000b1110130c000c12101614000c1316150d000d14160f0e000f1514131000 40 0 1 2 0 2 3 0 3 4 0 4 5 0 5 1 1 2 6 1 6 7 1 7 8 1 8 9 1 9 5 2 3 10 2 10 11 2 11 6 3 4 12 3 12 10 4 5 13 4 13 12 5 9 13 9 8 14 9 14 13 13 14 15 13 15 12 12 15 16 12 16 17 12 17 10 10 17 11 17 16 18 17 18 11 11 18 6 6 18 19 6 19 7 18 16 19 16 15 20 16 20 19 15 14 21 15 21 20 14 8 21 8 7 21 7 19 20 7 20 21
G 22 0203040506000106070803000102080904000103090a050001040a0b0c060001050c0d07020002060d0e080002070e0f09030003080f10110a04000409110b0500050a1112130c00050b13140d0600060c140e0700070d14150f0800080e1516100900090f161211000910120b0a000b11101613000b121615140c000c13150e0d000e1413160f000f1513121000 40 0 1 2 0 2 3 0 3 4 0 4 5 0 5 1 1 2 6 1 6 7 1 7 8 1 8 9 1 9 5 2 3 10 2 10 11 2 11 6 3 4 12 3 12 10 4 5 13 4 13 12 5 9 13 9 8 14 9 14 13 13 14 15 13 15 12 12 15 16 12 16 10 10 16 11 16 15 17 16 17 11 15 14 18 15 18 17 14 8 19 14 19 18 8 7 19 11 17 20 11 20 6 17 18 20 18 19 21 18 21 20 19 7 21 7 6 21 6 20 21
G 22 0203040506000106070803000102080904000103090a0b050001040b0c060001050c0d0e07020002060e0f080002070f10090300030810110a0400040911120b00040a12130c0500050b130d0600060c13140e00060d140f0700070e1415100800080f1511090009101516120a000a1116130b000b1216140d0c000d1316150f0e000f1416111000111514131200 40 0 1 2 0 2 3 0 3 4 0 4 5 0 5 1 1 2 6 1 6 7 1 7 8 1 8 9 1 9 5 2 3 10 2 10 6 3 4 11 3 11 12 3 12 10 4 5 13 4 13 14 4 14 11 5 9 13 9 8 15 9 15 13 13 15 16 13 16 14 15 8 17 15 17 18 15 18 16 8 7 17 7 6 19 7 19 17 6 10 19 10 12 20 10 20 19 17 19 20 17 20 18 20 12 21 20 21 18 12 11 21 11 14 21 14 16 21 21 16 18
G 22 0203040506000106070803000102080904000103090a050001040a0b0c060001050c0d07020002060d0e0f080002070f10090300030810110a0400040911120b0500050a12130c00050b130d0600060c130e0700070d13140f00070e1415100800080f1511090009101516120a000a1116130b000b1216140e0d0c000e1316150f000f1416111000111514131200 40 0 1 2 0 2 3 0 3 4 0 4 5 0 5 1 1 2 6 1 6 7 1 7 8 1 8 9 1 9 5 2 3 10 2 10 6 3 4 11 3 11 12 3 12 10 4 5 13 4 13 14 4 14 11 5 9 13 9 8 15 9 15 13 13 15 16 13 16 14 15 8 17 15 17 18 15 18 16 8 7 17 7 6 19 7 19 17 6 10 19 10 12 20 10 20 19 17 19 20 17 20 18 20 12 18 12 11 21 12 21 18 18 21 16 11 14 21 14 16 21
G 22 0203040506000106070803000102080904000103090a050001040a0b060001050b0c07020002060c0d0e080002070e0f09030003080f100a0400040910110b0500050a11120c0600060b120d0700070c1213140e00070d140f0800080e1415100900090f1516110a000a1016120b000b1116130d0c000d12161514000d13150f0e000f1413161000101513121100 40 0 1 2 0 2 3 0 3 4 0 4 5 0 5 1 1 2 6 1 6 7 1 7 8 1 8 5 2 3 9 2 9 10 2 10 6 3 4 11 3 11 12 3 12 9 4 5 13 4 13 14 4 14 11 5 8 15 5 15 13 8 7 16 8 16 15 7 6 17 7 17 18 7 18 16 6 10 17 10 9 19 10 19 17 9 12 19 17 19 20 17 20 18 19 12 20 12 11 20 11 14 20 20 14 18 14 13 21 14 21 18 18 21 16 13 15 21 15 16 21
G 22 0203040506000106070803000102080904000103090a0b050001040b0c060001050c0d07020002060d0e0f080002070f10090300030810110a0400040911120b00040a12130c0500050b130d0600060c13140e0700070d1415160f00070e16100800080f1611090009101615120a000a111514130b000b12140d0c000d1312150e000e14121116000e1511100f00 40 0 1 2 0 2 3 0 3 4 0 4 5 0 5 1 1 2 6 1 6 7 1 7 8 1 8 5 2 3 9 2 9 10 2 10 6 3 4 11 3 11 12 3 12 9 4 5 13 4 13 14 4 14 11 5 8 15 5 15 13 8 7 16 8 16 15 7 6 17 7 17 18 7 18 16 6 10 17 10 9 19 10 19 17 9 12 19 17 19 18 19 12 20 19 20 18 12 11 20 11 14 20 18 20 21 18 21 16 20 14 21 14 13 21 13 15 21 21 15 16
G 22 020304050600010607080300010208090a040001030a0b050001040b0c0d060001050d0e07020002060e0f080002070f10090300030810110a00030911120b0400040a120c0500050b1213140d00050c140e0600060d14150f0700070e15100800080f151611090009101613120a000a11130c0b000c12111614000c1316150e0d000e1416100f00101514131100 40 0 1 2 0 2 3 0 3 4 0 4 5 0 5 1 1 2 6 1 6 7 1 7 8 1 8 5 2 3 9 2 9 10 2 10 6 3 4 11 3 11 12 3 12 9 4 5 13 4 13 14 4 14 11 5 8 15 5 15 13 8 7 16 8 16 15 7 6 17 7 17 16 6 10 17 10 9 18 10 18 17 9 12 18 17 18 19 17 19 16 18 12 20 18 20 19 12 11 20 11 14 20 16 19 21 16 21 15 19 20 21 20 14 21 14 13 21 21 13 15
G 22 0203040506000106070803000102080904000103090a050001040a0b060001050b0c07020002060c0d0e080002070e0f09030003080f100a0400040910110b0500050a11120c0600060b12130d0700070c13140e00070d14150f0800080e15100900090f15110a000a101516120b000b1116130c000c1216140d000d1316150e000e141611100f00111514131200 40 0 1 2 0 2 3 0 3 4 0 4 5 0 5 1 1 2 6 1 6 7 1 7 8 1 8 5 2 3 9 2 9 10 2 10 6 3 4 11 3 11 12 3 12 9 4 5 13 4 13 14 4 14 11 5 8 13 8 7 15 8 15 16 8 16 13 13 16 17 13 17 14 16 15 18 16 18 19 16 19 17 15 7 20 15 20 18 7 6 20 6 10 20 20 10 18 10 9 18 18 9 19 9 12 19 19 12 21 19 21 17 12 11 21 11 14 21 14 17 21
G 22 0203040506000106070803000102080904000103090a050001040a0b0c060001050c0d07020002060d0e080002070e0f09030003080f100a0400040910110b0500050a11120c00050b120d0600060c12130e0700070d13140f0800080e1415100900090f15110a000a101516120b000b1116130d0c000d1216140e000e1316150f000f1416111000111514131200 40 0 1 2 0 2 3 0 3 4 0 4 5 0 5 1 1 2 6 1 6 7 1 7 8 1 8 5 2 3 9 2 9 10 2 10 6 3 4 11 3 11 12 3 12 9 4 5 13 4 13 14 4 14 11 5 8 13 8 7 15 8 15 16 8 16 13 13 16 17 13 17 14 16 15 18 16 18 17 15 7 19 15 19 20 15 20 18 7 6 19 6 10 19 19 10 20 10 9 20 9 12 20 20 12 18 12 11 21 12 21 18 18 21 17 11 14 21 14 17 21
G 22 020304050600010607080300010208090a040001030a0b050001040b0c0d060001050d0e07020002060e0f080002070f10090300030810110a00030911120b0400040a120c0500050b12130d00050c13140e0600060d14150f0700070e15100800080f1516110900091016120a000a1116130c0b000c1216140d000d1316150e000e1416100f0010151413121100 40 0 1 2 0 2 3 0 3 4 0 4 5 0 5 1 1 2 6 1 6 7 1 7 8 1 8 5 2 3 9 2 9 10 2 10 6 3 4 11 3 11 12 3 12 9 4 5 13 4 13 14 4 14 11 5 8 13 8 7 15 8 15 16 8 16 13 13 16 17 13 17 14 16 15 18 16 18 17 15 7 19 15 19 18 7 6 19 6 10 19 19 10 20 19 20 18 10 9 20 9 12 20 18 20 21 18 21 17 20 12 21 12 11 21 11 14 21 21 14 17
G 22 0203040506000106070803000102080904000103090a050001040a0b0c060001050c0d07020002060d0e0f080002070f10090300030810110a0400040911120b0500050a12130c00050b130d0600060c130e0700070d1314150f00070e15100800080f1516110900091016120a000a111614130b000b12140e0d0c000e13121615000e1416100f00101514121100 40 0 1 2 0 2 3 0 3 4 0 4 5 0 5 1 1 2 6 1 6 7 1 7 8 1 8 5 2 3 9 2 9 10 2 10 6 3 4 11 3 11 12 3 12 9 4 5 13 4 13 14 4 14 11 5 8 13 8 7 15 8 15 16 8 16 13 13 16 14 16 15 17 16 17 18 16 18 14 14 18 19 14 19 11 11 19 12 19 18 20 19 20 12 18 17 20 12 20 9 20 17 10 20 10 9 17 15 21 17 21 10 10 21 6 15 7 21 7 6 21
G 22 020304050600010607080300010208090a040001030a0b050001040b0c0d060001050d0e07020002060e0f080002070f10090300030810110a00030911120b0400040a120c0500050b12130d00050c13140e0600060d140f0700070e1415100800080f1511090009101516120a000a1116130c0b000c1216140d000d1316150f0e000f1416111000111514131200 40 0 1 2 0 2 3 0 3 4 0 4 5 0 5 1 1 2 6 1 6 7 1 7 8 1 8 5 2 3 9 2 9 10 2 10 6 3 4 11 3 11 12 3 12 9 4 5 13 4 13 14 4 14 11 5 8 13 8 7 15 8 15 16 8 16 13 13 16 14 16 15 17 16 17 18 16 18 14 14 18 11 11 18 19 11 19 12 18 17 19 17 15 20 17 20 21 17 21 19 15 7 20 7 6 20 6 10 20 20 10 21 10 9 21 9 12 21 21 12 19
G 22 020304050600010607080300010208090a040001030a0b050001040b0c0d060001050d0e07020002060e0f080002070f10090300030810110a000309110b0400040a11120c0500050b12130d00050c13140e0600060d140f0700070e1415100800080f1516110900091016120b0a000b1116130c000c121615140d000d13150f0e000f1413161000101513121100 40 0 1 2 0 2 3 0 3 4 0 4 5 0 5 1 1 2 6 1 6 7 1 7 8 1 8 5 2 3 9 2 9 10 2 10 6 3 4 11 3 11 12 3 12 9 4 5 13 4 13 14 4 14 11 5 8 13 8 7 15 8 15 16 8 16 13 13 16 14 16 15 17 16 17 18 16 18 14 14 18 11 11 18 12 18 17 19 18 19 12 12 19 9 9 19 20 9 20 10 19 17 20 17 15 21 17 21 20 15 7 21 7 6 21 6 10 21 21 10 20
G 22 0203040506000106070803000102080904000103090a050001040a0b0c060001050c0d07020002060d0e0f080002070f10090300030810110a0400040911120b0500050a12130c00050b130d0600060c13140e0700070d14150f00070e15100800080f1511090009101516120a000a1116130b000b1216140d0c000d1316150e000e141611100f00111514131200 40 0 1 2 0 2 3 0 3 4 0 4 5 0 5 1 1 2 6 1 6 7 1 7 8 1 8 5 2 3 9 2 9 10 2 10 6 3 4 11 3 11 12 3 12 9 4 5 13 4 13 14 4 14 11 5 8 13 8 7 15 8 15 16 8 16 13 13 16 14 16 15 17 16 17 18 16 18 14 14 18 11 11 18 12 18 17 19 18 19 12 12 19 9 9 19 20 9 20 10 19 17 20 17 15 20 15 7 21 15 21 20 20 21 10 7 6 21 6 10 21
G 22 0203040506000106070803000102080904000103090a0b050001040b0c060001050c0d07020002060d0e0f080002070f10090300030810110a040004091112130b00040a130c0500050b13140d0600060c14150e0700070d15160f00070e16100800080f16110900091016120a000a1116151413000a12140c0b000c1312150d000d1412160e000e151211100f00 40 0 1 2 0 2 3 0 3 4 0 4 5 0 5 1 1 2 6 1 6 7 1 7 8 1 8 5 2 3 9 2 9 10 2 10 6 3 4 11 3 11 12 3 12 9 4 5 13 4 13 14 4 14 11 5 8 13 8 7 15 8 15 16 8 16 13 13 16 14 16 15 17 16 17 18 16 18 14 14 18 11 11 18 12 18 17 19 18 19 12 12 19 9 9 19 10 19 17 20 19 20 10 17 15 21 17 21 20 15 7 21 7 6 21 6 10 20 6 20 21
G 22 0203040506000106070803000102080904000103090a0b050001040b0c060001050c0d07020002060d0e0f080002070f10090300030810110a0400040911120b00040a12130c0500050b130d0600060c13140e0700070d14150f00070e15100800080f1511090009101516120a000a1116130b000b1216140d0c000d1316150e000e141611100f00111514131200 40 0 1 2 0 2 3 0 3 4 0 4 5 0 5 1 1 2 6 1 6 7 1 7 8 1 8 5 2 3 9 2 9 10 2 10 6 3 4 11 3 11 12 3 12 9 4 5 13 4 13 14 4 14 11 5 8 13 8 7 15 8 15 16 8 16 13 13 16 14 16 15 17 16 17 18 16 18 14 14 18 11 11 18 12 18 17 19 18 19 12 12 19 9 9 19 10 19 17 20 19 20 10 17 15 20 15 7 21 15 21 20 7 6 21 6 10 21 10 20 21
G 22 0203040506000106070803000102080904000103090a0b050001040b0c060001050c0d07020002060d0e0f080002070f10090300030810110a0400040911120b00040a120c0500050b12130d0600060c13140e0700070d14150f00070e15100800080f1511090009101516120a000a1116130c0b000c1216140d000d1316150e000e141611100f00111514131200 40 0 1 2 0 2 3 0 3 4 0 4 5 0 5 1 1 2 6 1 6 7 1 7 8 1 8 5 2 3 9 2 9 10 2 10 6 3 4 11 3 11 12 3 12 9 4 5 13 4 13 14 4 14 11 5 8 13 8 7 15 8 15 16 8 16 13 13 16 14 16 15 17 16 17 18 16 18 14 14 18 11 11 18 12 18 17 12 12 17 19 12 19 9 17 15 20 17 20 19 15 7 21 15 21 20 7 6 21 6 10 21 9 19 10 19 20 10 10 20 21
G 22 0203040506000106070803000102080904000103090a0b050001040b0c060001050c0d07020002060d0e080002070e0f09030003080f100a0400040910110b00040a11120c0500050b12130d0600060c13140e0700070d140f0800080e1415100900090f15110a000a101516120b000b1116130c000c1216140d000d1316150f0e000f1416111000111514131200 40 0 1 2 0 2 3 0 3 4 0 4 5 0 5 1 1 2 6 1 6 7 1 7 8 1 8 5 2 3 9 2 9 10 2 10 6 3 4 11 3 11 12 3 12 9 4 5 13 4 13 14 4 14 11 5 8 13 8 7 15 8 15 16 8 16 13 13 16 14 16 15 17 16 17 18 16 18 14 14 18 11 11 18 12 18 17 12 12 17 19 12 19 9 17 15 20 17 20 19 15 7 20 7 6 21 7 21 20 6 10 21 9 19 10 19 20 21 19 21 10
G 22 0203040506000106070803000102080904000103090a050001040a0b0c060001050c0d07020002060d0e080002070e0f09030003080f100a0400040910110b0500050a11120c00050b12130d0600060c13140e0700070d14150f0800080e15100900090f1516110a000a1016120b000b1116130c000c1216140d000d1316150e000e1416100f0010151413121100 40 0 1 2 0 2 3 0 3 4 0 4 5 0 5 1 1 2 6 1 6 7 1 7 8 1 8 5 2 3 9 2 9 10 2 10 6 3 4 11 3 11 12 3 12 9 4 5 13 4 13 14 4 14 11 5 8 13 8 7 15 8 15 16 8 16 13 13 16 14 16 15 17 16 17 14 14 17 18 14 18 11 11 18 12 18 17 19 18 19 20 18 20 12 17 15 21 17 21 19 15 7 21 7 6 21 6 10 19 19 21 6 19 10 20 10 9 20 9 12 20
G 22 0203040506000106070803000102080904000103090a0b050001040b0c060001050c0d07020002060d0e080002070e0f09030003080f100a0400040910110b00040a11120c0500050b12130d0600060c13140e0700070d14150f0800080e15100900090f1516110a000a1016120b000b1116130c000c1216140d000d1316150e000e1416100f0010151413121100 40 0 1 2 0 2 3 0 3 4 0 4 5 0 5 1 1 2 6 1 6 7 1 7 8 1 8 5 2 3 9 2 9 10 2 10 6 3 4 11 3 11 12 3 12 9 4 5 13 4 13 14 4 14 11 5 8 13 8 7 15 8 15 16 8 16 13 13 16 14 16 15 17 16 17 14 14 17 18 14 18 11 11 18 12 18 17 19 18 19 20 18 20 12 17 15 21 17 21 19 15 7 21 7 6 21 6 10 21 21 10 19 10 9 20 10 20 19 9 12 20
G 22 0203040506000106070803000102080904000103090a0b050001040b0c060001050c0d07020002060d0e0f080002070f10090300030810110a0400040911120b00040a12130c0500050b13140d0600060c140e0700070d1415160f00070e16100800080f1611090009101615120a000a1115130b000b1215140c000c13150e0d000e1413121116000e1511100f00 40 0 1 2 0 2 3 0 3 4 0 4 5 0 5 1 1 2 6 1 6 7 1 7 8 1 8 5 2 3 9 2 9 10 2 10 6 3 4 11 3 11 12 3 12 9 4 5 13 4 13 14 4 14 11 5 8 13 8 7 15 8 15 16 8 16 13 13 16 14 16 15 17 16 17 14 14 17 18 14 18 11 11 18 12 18 17 19 18 19 20 18 20 12 17 15 19 15 7 21 15 21 19 7 6 21 6 10 21 12 20 9 19 21 10 19 10 20 10 9 20
G 22 020304050600010607080300010208090a040001030a0b050001040b0c0d060001050d0e07020002060e0f080002070f10090300030810110a00030911120b0400040a120c0500050b1213140d00050c140e0600060d14150f0700070e15100800080f1516110900091016120a000a1116130c0b000c12161514000c13150e0d000e141316100f00101513121100 40 0 1 2 0 2 3 0 3 4 0 4 5 0 5 1 1 2 6 1 6 7 1 7 8 1 8 5 2 3 9 2 9 10 2 10 6 3 4 11 3 11 12 3 12 9 4 5 13 4 13 14 4 14 11 5 8 13 8 7 15 8 15 16 8 16 13 13 16 14 16 15 17 16 17 14 14 17 18 14 18 11 11 18 12 18 17 19 18 19 20 18 20 12 17 15 19 15 7 21 15 21 19 7 6 21 6 10 21 12 20 9 19 21 20 21 10 20 20 10 9
G 22 0203040506000106070803000102080904000103090a0b050001040b0c060001050c0d07020002060d0e0f080002070f10090300030810110a0400040911120b00040a12130c0500050b130d0600060c13140e0700070d14150f00070e15100800080f1516110900091016120a000a111614130b000b12140d0c000d131216150e000e1416100f00101514121100 40 0 1 2 0 2 3 0 3 4 0 4 5 0 5 1 1 2 6 1 6 7 1 7 8 1 8 5 2 3 9 2 9 10 2 10 6 3 4 11 3 11 12 3 12 9 4 5 13 4 13 14 4 14 11 5 8 13 8 7 15 8 15 16 8 16 13 13 16 14 16 15 17 16 17 14 14 17 18 14 18 11 11 18 12 18 17 19 18 19 20 18 20 12 17 15 19 15 7 19 7 6 21 7 21 19 19 21 20 6 10 21 12 20 9 20 21 10 20 10 9
G 22 0203040506000106070803000102080904000103090a0b050001040b0c060001050c0d07020002060d0e0f080002070f10090300030810110a0400040911120b00040a12130c0500050b13140d0600060c140e0700070d14150f00070e15100800080f1511090009101516120a000a1116130b000b1216140c000c1316150e0d000e141611100f00111514131200 40 0 1 2 0 2 3 0 3 4 0 4 5 0 5 1 1 2 6 1 6 7 1 7 8 1 8 5 2 3 9 2 9 10 2 10 6 3 4 11 3 11 12 3 12 9 4 5 13 4 13 14 4 14 11 5 8 13 8 7 15 8 15 16 8 16 13 13 16 14 16 15 17 16 17 14 14 17 18 14 18 11 11 18 12 18 17 19 18 19 12 17 15 20 17 20 19 15 7 21 15 21 20 7 6 21 6 10 21 12 19 9 19 20 10 10 9 19 10 20 21
G 22 0203040506000106070803000102080904000103090a050001040a0b0c060001050c0d07020002060d0e0f080002070f10090300030810110a0400040911120b0500050a12130c00050b130d0600060c13140e0700070d14150f00070e15100800080f1516110900091016120a000a1116130b000b1216140d0c000d1316150e000e1416100f0010151413121100 40 0 1 2 0 2 3 0 3 4 0 4 5 0 5 1 1 2 6 1 6 7 1 7 8 1 8 5 2 3 9 2 9 10 2 10 6 3 4 11 3 11 12 3 12 9 4 5 13 4 13 14 4 14 11 5 8 13 8 7 15 8 15 16 8 16 13 13 16 14 16 15 17 16 17 14 14 17 18 14 18 11 11 18 12 18 17 19 18 19 12 17 15 20 17 20 19 15 7 21 15 21 20 7 6 21 6 10 21 12 19 9 19 20 9 9 20 10 20 21 10
G 22 0203040506000106070803000102080904000103090a050001040a0b0c060001050c0d07020002060d0e0f080002070f10090300030810110a0400040911120b0500050a12130c00050b130d0600060c13140e0700070d14150f00070e15100800080f1516110900091016120a000a111614130b000b12140d0c000d131216150e000e1416100f00101514121100 40 0 1 2 0 2 3 0 3 4 0 4 5 0 5 1 1 2 6 1 6 7 1 7 8 1 8 5 2 3 9 2 9 10 2 10 6 3 4 11 3 11 12 3 12 9 4 5 13 4 13 14 4 14 11 5 8 13 8 7 15 8 15 16 8 16 13 13 16 14 16 15 17 16 17 14 14 17 11 11 17 18 11 18 12 17 15 19 17 19 18 15 7 20 15 20 19 7 6 20 6 10 20 20 10 19 10 9 21 10 21 19 19 21 18 9 12 21 12 18 21
G 22 0203040506000106070803000102080904000103090a050001040a0b0c060001050c0d07020002060d0e080002070e0f09030003080f100a0400040910110b0500050a1112130c00050b130d0600060c13140e0700070d14150f0800080e15100900090f1516110a000a1016120b000b11161413000b12140d0c000d131216150e000e1416100f00101514121100 40 0 1 2 0 2 3 0 3 4 0 4 5 0 5 1 1 2 6 1 6 7 1 7 8 1 8 5 2 3 9 2 9 10 2 10 6 3 4 11 3 11 12 3 12 9 4 5 13 4 13 14 4 14 11 5 8 13 8 7 15 8 15 16 8 16 13 13 16 14 16 15 17 16 17 14 14 17 11 11 17 18 11 18 12 17 15 19 17 19 18 15 7 19 7 6 20 7 20 19 6 10 20 19 20 18 20 10 21 20 21 18 18 21 12 10 9 21 9 12 21
G 22 0203040506000106070803000102080904000103090a050001040a0b060001050b0c07020002060c0d0e080002070e0f09030003080f100a0400040910110b0500050a11120c0600060b12130d0700070c13140e00070d140f0800080e1415100900090f15110a000a101516120b000b1116130c000c1216140d000d1316150f0e000f1416111000111514131200 40 0 1 2 0 2 3 0 3 4 0 4 5 0 5 1 1 2 6 1 6 7 1 7 8 1 8 5 2 3 9 2 9 10 2 10 6 3 4 11 3 11 12 3 12 9 4 5 13 4 13 14 4 14 11 5 8 13 8 7 15 8 15 16 8 16 13 13 16 14 16 15 17 16 17 14 14 17 11 11 17 18 11 18 12 17 15 19 17 19 18 15 7 19 7 6 19 6 10 20 6 20 19 19 20 18 18 20 21 18 21 12 20 10 21 10 9 21 9 12 21
G 22 0203040506000106070803000102080904000103090a050001040a0b0c060001050c0d07020002060d0e080002070e0f09030003080f100a0400040910110b0500050a11120c00050b12130d0600060c130e0700070d13140f0800080e1415100900090f15110a000a101516120b000b1116130c000c1216140e0d000e1316150f000f1416111000111514131200 40 0 1 2 0 2 3 0 3 4 0 4 5 0 5 1 1 2 6 1 6 7 1 7 8 1 8 5 2 3 9 2 9 10 2 10 6 3 4 11 3 11 12 3 12 9 4 5 13 4 13 14 4 14 11 5 8 13 8 7 15 8 15 16 8 16 13 13 16 14 16 15 17 16 17 14 14 17 11 11 17 18 11 18 12 17 15 18 15 7 19 15 19 18 7 6 20 7 20 19 6 10 20 18 19 21 18 21 12 19 20 21 20 10 21 10 9 21 21 9 12
G 22 0203040506000106070803000102080904000103090a050001040a0b060001050b0c07020002060c0d0e080002070e0f09030003080f100a0400040910110b0500050a11120c0600060b120d0700070c12130e00070d13140f0800080e1415100900090f15110a000a101516120b000b1116130d0c000d1216140e000e1316150f000f1416111000111514131200 40 0 1 2 0 2 3 0 3 4 0 4 5 0 5 1 1 2 6 1 6 7 1 7 8 1 8 5 2 3 9 2 9 10 2 10 6 3 4 11 3 11 12 3 12 9 4 5 13 4 13 14 4 14 11 5 8 13 8 7 15 8 15 16 8 16 13 13 16 14 16 15 17 16 17 14 14 17 11 11 17 18 11 18 12 17 15 18 15 7 19 15 19 18 7 6 20 7 20 19 6 10 20 18 19 12 19 20 21 19 21 12 12 21 9 20 10 21 10 9 21
G 22 0203040506000106070803000102080904000103090a0b050001040b0c060001050c0d07020002060d0e080002070e0f09030003080f100a0400040910110b00040a11120c0500050b12130d0600060c130e0700070d13140f0800080e1415100900090f15110a000a101516120b000b1116130c000c1216140e0d000e1316150f000f1416111000111514131200 40 0 1 2 0 2 3 0 3 4 0 4 5 0 5 1 1 2 6 1 6 7 1 7 8 1 8 5 2 3 9 2 9 10 2 10 6 3 4 11 3 11 12 3 12 9 4 5 13 4 13 14 4 14 11 5 8 13 8 7 15 8 15 16 8 16 13 13 16 14 16 15 17 16 17 14 14 17 11 11 17 12 17 15 18 17 18 12 15 7 19 15 19 18 7 6 20 7 20 19 6 10 20 12 18 21 12 21 9 18 19 21 19 20 21 20 10 21 21 10 9
G 22 0203040506000106070803000102080904000103090a0b050001040b0c060001050c0d07020002060d0e0f080002070f10090300030810110a0400040911120b00040a12130c0500050b13140d0600060c140e0700070d14150f00070e15100800080f1516110900091016120a000a1116130b000b1216140c000c1316150e0d000e1416100f0010151413121100 40 0 1 2 0 2 3 0 3 4 0 4 5 0 5 1 1 2 6 1 6 7 1 7 8 1 8 5 2 3 9 2 9 10 2 10 6 3 4 11 3 11 12 3 12 9 4 5 13 4 13 14 4 14 11 5 8 13 8 7 15 8 15 13 13 15 14 15 7 16 15 16 17 15 17 14 7 6 18 7 18 16 6 10 18 14 17 19 14 19 11 11 19 12 19 17 20 19 20 12 17 16 21 17 21 20 16 18 21 18 10 21 10 9 20 20 21 10 20 9 12
G 22 0203040506000106070803000102080904000103090a050001040a0b0c060001050c0d07020002060d0e0f080002070f10090300030810110a0400040911120b0500050a12130c00050b13140d0600060c140e0700070d14150f00070e15100800080f1516110900091016120a000a1116130b000b1216140c000c1316150e0d000e1416100f0010151413121100 40 0 1 2 0 2 3 0 3 4 0 4 5 0 5 1 1 2 6 1 6 7 1 7 8 1 8 5 2 3 9 2 9 10 2 10 6 3 4 11 3 11 12 3 12 9 4 5 13 4 13 14 4 14 11 5 8 13 8 7 15 8 15 13 13 15 14 15 7 16 15 16 17 15 17 14 7 6 18 7 18 16 6 10 18 14 17 19 14 19 11 11 19 12 19 17 20 19 20 12 17 16 21 17 21 20 16 18 21 18 10 21 10 9 21 21 9 20 9 12 20
G 22 0203040506000106070803000102080904000103090a0b050001040b0c060001050c0d07020002060d0e080002070e0f09030003080f100a0400040910110b00040a11120c0500050b12130d0600060c13140e0700070d140f0800080e1415100900090f1516110a000a1016120b000b1116130c000c121615140d000d13150f0e000f1413161000101513121100 40 0 1 2 0 2 3 0 3 4 0 4 5 0 5 1 1 2 6 1 6 7 1 7 8 1 8 5 2 3 9 2 9 10 2 10 6 3 4 11 3 11 12 3 12 9 4 5 13 4 13 14 4 14 11 5 8 13 8 7 15 8 15 13 13 15 14 15 7 16 15 16 17 15 17 14 7 6 18 7 18 16 6 10 18 14 17 11 11 17 19 11 19 12 17 16 19 16 18 20 16 20 19 18 10 21 18 21 20 10 9 21 9 12 21 12 19 20 12 20 21
G 22 0203040506000106070803000102080904000103090a0b050001040b0c060001050c0d07020002060d0e080002070e0f09030003080f0a040004090f10110b00040a11120c0500050b12130d0600060c13140e0700070d14150f0800080e15100a09000a0f151611000a1016120b000b1116130c000c1216140d000d1316150e000e1416100f0010151413121100 40 0 1 2 0 2 3 0 3 4 0 4 5 0 5 1 1 2 6 1 6 7 1 7 8 1 8 5 2 3 9 2 9 10 2 10 6 3 4 11 3 11 12 3 12 9 4 5 13 4 13 14 4 14 11 5 8 13 8 7 15 8 15 13 13 15 14 15 7 16 15 16 17 15 17 14 7 6 16 6 10 18 6 18 16 14 17 11 16 18 19 16 19 17 11 17 20 11 20 12 17 19 20 19 18 21 19 21 20 18 10 21 10 9 21 9 12 21 21 12 20
G 22 0203040506000106070803000102080904000103090a050001040a0b060001050b0c07020002060c0d080002070d0e09030003080e0f0a040004090f100b0500050a10110c0600060b11120d0700070c12130e0800080d13140f0900090e1415100a000a0f15110b000b101516120c000c1116130d000d1216140e000e1316150f000f1416111000111514131200 40 0 1 2 0 2 3 0 3 4 0 4 5 0 5 1 1 2 6 1 6 7 1 7 8 1 8 5 2 3 9 2 9 10 2 10 6 3 4 11 3 11 12 3 12 9 4 5 13 4 13 14 4 14 11 5 8 13 8 7 15 8 15 13 13 15 14 15 7 16 15 16 14 7 6 17 7 17 16 6 10 18 6 18 17 14 16 11 16 17 19 16 19 11 11 19 12 17 18 20 17 20 19 19 20 12 12 20 21 12 21 9 20 18 21 18 10 21 10 9 21
G 22 0203040506000106070803000102080904000103090a0b050001040b0c0d060001050d0e07020002060e0f10080002071011090300030811120a0400040912130b00040a130c0500050b1314150d00050c150e0600060d150f0700070e1514161000070f1611080008101612090009111614130a000a12140c0b000c1312160f15000c140f0e0d000f1412111000 40 0 1 2 0 2 3 0 3 4 0 4 5 0 5 1 1 2 6 1 6 7 1 7 8 1 8 5 2 3 9 2 9 10 2 10 6 3 4 11 3 11 12 3 12 9 4 5 13 4 13 11 5 8 13 8 7 14 8 14 15 8 15 13 13 15 16 13 16 11 11 16 17 11 17 12 16 15 18 16 18 17 15 14 18 14 7 19 14 19 20 14 20 18 7 6 19 6 10 19 18 20 17 19 10 20 10 9 21 10 21 20 20 21 17 17 21 12 21 9 12
G 22 0203040506000106070803000102080904000103090a050001040a0b0c060001050c0d07020002060d0e0f080002070f10090300030810110a0400040911120b0500050a12130c00050b130d0600060c13140e0700070d1415160f00070e16100800080f1611090009101615120a000a111514130b000b12140d0c000d1312150e000e14121116000e1511100f00 40 0 1 2 0 2 3 0 3 4 0 4 5 0 5 1 1 2 6 1 6 7 1 7 8 1 8 5 2 3 9 2 9 10 2 10 6 3 4 11 3 11 12 3 12 9 4 5 13 4 13 11 5 8 13 8 7 14 8 14 15 8 15 13 13 15 16 13 16 11 11 16 12 16 15 17 16 17 18 16 18 12 15 14 19 15 19 17 12 18 9 9 18 20 9 20 10 18 17 20 17 19 20 20 19 10 19 14 21 19 21 10 10 21 6 14 7 21 7 6 21
G 22 0203040506000106070803000102080904000103090a050001040a0b060001050b0c07020002060c0d0e080002070e0f09030003080f100a0400040910110b0500050a11120c0600060b12130d0700070c13140e00070d140f0800080e1415100900090f1516110a000a1016120b000b1116130c000c121615140d000d13150f0e000f1413161000101513121100 40 0 1 2 0 2 3 0 3 4 0 4 5 0 5 1 1 2 6 1 6 7 1 7 8 1 8 5 2 3 9 2 9 10 2 10 6 3 4 11 3 11 12 3 12 9 4 5 13 4 13 11 5 8 13 8 7 14 8 14 15 8 15 13 13 15 16 13 16 11 11 16 12 16 15 17 16 17 18 16 18 12 15 14 19 15 19 17 12 18 9 9 18 10 18 17 10 17 19 20 17 20 10 10 20 6 6 20 21 6 21 7 20 19 21 19 14 21 14 7 21
G 22 0203040506000106070803000102080904000103090a0b050001040b0c060001050c0d07020002060d0e0f080002070f10090300030810110a040004091112130b00040a130c0500050b130d0600060c13140e0700070d14150f00070e15100800080f1516110900091016120a000a11161413000a12140d0c0b000d131216150e000e1416100f00101514121100 40 0 1 2 0 2 3 0 3 4 0 4 5 0 5 1 1 2 6 1 6 7 1 7 8 1 8 5 2 3 9 2 9 10 2 10 6 3 4 11 3 11 12 3 12 9 4 5 13 4 13 11 5 8 13 8 7 14 8 14 15 8 15 13 13 15 16 13 16 11 11 16 12 16 15 17 16 17 12 15 14 18 15 18 17 12 17 9 17 18 19 17 19 9 9 19 10 19 18 20 19 20 21 19 21 10 18 14 20 14 7 20 7 6 21 7 21 20 6 10 21
G 22 0203040506000106070803000102080904000103090a0b050001040b0c060001050c0d07020002060d0e0f080002070f10090300030810110a040004091112130b00040a130c0500050b130d0600060c13140e0700070d1415160f00070e16100800080f1611090009101615120a000a11151413000a12140d0c0b000d1312150e000e14121116000e1511100f00 40 0 1 2 0 2 3 0 3 4 0 4 5 0 5 1 1 2 6 1 6 7 1 7 8 1 8 5 2 3 9 2 9 10 2 10 6 3 4 11 3 11 12 3 12 9 4 5 13 4 13 11 5 8 13 8 7 14 8 14 15 8 15 13 13 15 16 13 16 11 11 16 12 16 15 17 16 17 12 15 14 18 15 18 17 12 17 9 17 18 19 17 19 9 9 19 10 19 18 20 19 20 10 18 14 20 14 7 21 14 21 20 7 6 21 6 10 21 10 20 21
G 22 0203040506000106070803000102080904000103090a050001040a0b0c060001050c0d07020002060d0e080002070e0f09030003080f100a0400040910110b0500050a11120c00050b12130d0600060c13140e0700070d140f0800080e1415100900090f1516110a000a1016120b000b1116130c000c121615140d000d13150f0e000f1413161000101513121100 40 0 1 2 0 2 3 0 3 4 0 4 5 0 5 1 1 2 6 1 6 7 1 7 8 1 8 5 2 3 9 2 9 10 2 10 6 3 4 11 3 11 12 3 12 9 4 5 13 4 13 11 5 8 13 8 7 14 8 14 15 8 15 13 13 15 11 11 15 16 11 16 12 15 14 16 14 7 17 14 17 18 14 18 16 7 6 19 7 19 17 6 10 19 16 18 12 12 18 20 12 20 9 18 17 20 17 19 21 17 21 20 19 10 21 10 9 21 9 20 21
G 22 0203040506000106070803000102080904000103090a050001040a0b060001050b0c07020002060c0d0e080002070e09030003080e0f0a040004090f100b0500050a10110c0600060b11120d0700070c1213140e00070d140f090800090e1415100a000a0f1516110b000b1016120c000c1116130d000d12161514000d13150f0e000f1413161000101513121100 40 0 1 2 0 2 3 0 3 4 0 4 5 0 5 1 1 2 6 1 6 7 1 7 8 1 8 5 2 3 9 2 9 10 2 10 6 3 4 11 3 11 12 3 12 9 4 5 13 4 13 11 5 8 13 8 7 14 8 14 15 8 15 13 13 15 11 11 15 12 15 14 12 12 14 16 12 16 9 14 7 17 14 17 16 7 6 18 7 18 17 6 10 19 6 19 18 9 16 20 9 20 10 16 17 21 16 21 20 17 18 21 18 19 21 10 20 19 20 21 19
G 22 0203040506000106070803000102080904000103090a050001040a0b060001050b07020002060b0c0d080002070d0e09030003080e0f0a040004090f100b0500050a100c070600070b1011120d00070c12130e0800080d13140f0900090e1415100a000a0f15110c0b000c10151612000c1116130d000d1216140e000e1316150f000f1416111000111514131200 40 0 1 2 0 2 3 0 3 4 0 4 5 0 5 1 1 2 6 1 6 7 1 7 8 1 8 5 2 3 9 2 9 10 2 10 6 3 4 11 3 11 9 4 5 12 4 12 11 5 8 12 8 7 13 8 13 14 8 14 12 12 14 11 11 14 9 14 13 15 14 15 9 9 15 10 15 13 16 15 16 17 15 17 10 13 7 18 13 18 16 7 6 19 7 19 18 6 10 20 6 20 19 10 17 20 17 16 21 17 21 20 16 18 21 18 19 21 19 20 21
